"id","name","facilityType","address","city","state","stateFips","county","countyFips","postalCode","latitude","longitude","phone","website","services","monday","tuesday","wednesday","thursday","friday","saturday","sunday","hoursNotes","priceLevel","acceptsSlidingScale","estimatedVisitCost","priceNotes","acceptsMedicaid","acceptsMedicare","acceptsUninsured","insuranceNotes","accessibilityInfo","sourceName","sourceUrl","sourceLastChecked","sourceNotes","sourceId","sourceDataset","sourceLastUpdated","lastVerified","verificationStatus","isDemoData"
"hrsa-bps-h80-000065","Highlands Health Van","community_health_center","18 W Blackwell St","Dover","NJ","34","Morris County","34027","07801-3841","40.88386014","-74.55970776","973-328-3344","www.zufallhealth.org","","","","","","","","","HRSA operating hours per week: 10.00","unknown","","","","","","","","","HRSA Health Center Service Delivery and Look-Alike Sites","https://data.hrsa.gov/DataDownload/DD_Files/Health_Center_Service_Delivery_and_LookAlike_Sites.csv","2026-06-03","Fields copied from HRSA CSV: site name, address, city, state, postal code, phone, website, HRSA geocoding coordinates, county/FIPS, operating hours per week, site status, and location setting. Location setting: All Other Clinic Types. Operational schedule: Unknown. Daily hours, services, price, insurance, and accessibility fields were not supplied by this intake.","BPS-H80-000065","Health Center Service Delivery and Look-Alike Sites","2026-06-03","2026-06-03","needs_review",""
"hrsa-bps-h80-000131","CAMCARE - NORTH HEALTH CENTER","community_health_center","N 6th St & Erie St","Camden","NJ","34","Camden County","34007","08102","39.95453398","-75.11650301","856-757-9180","WWW.CAMCARE.NET","","","","","","","","","HRSA operating hours per week: 8.00","unknown","","","","","","","","","HRSA Health Center Service Delivery and Look-Alike Sites","https://data.hrsa.gov/DataDownload/DD_Files/Health_Center_Service_Delivery_and_LookAlike_Sites.csv","2026-06-03","Fields copied from HRSA CSV: site name, address, city, state, postal code, phone, website, HRSA geocoding coordinates, county/FIPS, operating hours per week, site status, and location setting. Location setting: All Other Clinic Types. Operational schedule: Full-Time. Daily hours, services, price, insurance, and accessibility fields were not supplied by this intake.","BPS-H80-000131","Health Center Service Delivery and Look-Alike Sites","2026-06-03","2026-06-03","needs_review",""
"hrsa-bps-h80-000158","BROADWAY CLINIC","community_health_center","227 Broadway","Paterson","NJ","34","Passaic County","34031","07501-2002","40.91875287","-74.16512179","973-278-2600","www.patersonchc.org","","","","","","","","","HRSA operating hours per week: 55.00","unknown","","","","","","","","","HRSA Health Center Service Delivery and Look-Alike Sites","https://data.hrsa.gov/DataDownload/DD_Files/Health_Center_Service_Delivery_and_LookAlike_Sites.csv","2026-06-03","Fields copied from HRSA CSV: site name, address, city, state, postal code, phone, website, HRSA geocoding coordinates, county/FIPS, operating hours per week, site status, and location setting. Location setting: All Other Clinic Types. Operational schedule: Full-Time. Daily hours, services, price, insurance, and accessibility fields were not supplied by this intake.","BPS-H80-000158","Health Center Service Delivery and Look-Alike Sites","2026-06-03","2026-06-03","needs_review",""
"hrsa-bps-h80-000865","BUTTONWOOD","community_health_center","600 Pemberton Browns Mills Rd","Pemberton","NJ","34","Burlington County","34005","08068-1537","39.96759918","-74.63748344","609-894-1100 x4515","www.sjfmc.org","","","","","","","","","HRSA operating hours per week: 58.00","unknown","","","","","","","","","HRSA Health Center Service Delivery and Look-Alike Sites","https://data.hrsa.gov/DataDownload/DD_Files/Health_Center_Service_Delivery_and_LookAlike_Sites.csv","2026-06-03","Fields copied from HRSA CSV: site name, address, city, state, postal code, phone, website, HRSA geocoding coordinates, county/FIPS, operating hours per week, site status, and location setting. Location setting: All Other Clinic Types. Operational schedule: Full-Time. Daily hours, services, price, insurance, and accessibility fields were not supplied by this intake.","BPS-H80-000865","Health Center Service Delivery and Look-Alike Sites","2026-06-03","2026-06-03","needs_review",""
"hrsa-bps-h80-000945","PLEASANTVILLE","community_health_center","932 S Main St","Pleasantville","NJ","34","Atlantic County","34001","08232-3646","39.38291844","-74.53037278","609-383-0880 x3315","www.sjfmc.org","","","","","","","","","HRSA operating hours per week: 57.50","unknown","","","","","","","","","HRSA Health Center Service Delivery and Look-Alike Sites","https://data.hrsa.gov/DataDownload/DD_Files/Health_Center_Service_Delivery_and_LookAlike_Sites.csv","2026-06-03","Fields copied from HRSA CSV: site name, address, city, state, postal code, phone, website, HRSA geocoding coordinates, county/FIPS, operating hours per week, site status, and location setting. Location setting: All Other Clinic Types. Operational schedule: Full-Time. Daily hours, services, price, insurance, and accessibility fields were not supplied by this intake.","BPS-H80-000945","Health Center Service Delivery and Look-Alike Sites","2026-06-03","2026-06-03","needs_review",""
"hrsa-bps-h80-001090","North Hudson Community Action Corporation Health Center @ Jersey City","community_health_center","324 Palisade Ave","Jersey City","NJ","34","Hudson County","34017","07307-1791","40.73965084","-74.04655181","201-459-8888","www.nhcac.org","","","","","","","","","HRSA operating hours per week: 50.00","unknown","","","","","","","","","HRSA Health Center Service Delivery and Look-Alike Sites","https://data.hrsa.gov/DataDownload/DD_Files/Health_Center_Service_Delivery_and_LookAlike_Sites.csv","2026-06-03","Fields copied from HRSA CSV: site name, address, city, state, postal code, phone, website, HRSA geocoding coordinates, county/FIPS, operating hours per week, site status, and location setting. Location setting: All Other Clinic Types. Operational schedule: Full-Time. Daily hours, services, price, insurance, and accessibility fields were not supplied by this intake.","BPS-H80-001090","Health Center Service Delivery and Look-Alike Sites","2026-06-03","2026-06-03","needs_review",""
"hrsa-bps-h80-001091","North Hudson Community Action Corporation Health Center @ Union City","community_health_center","714 31st St","Union City","NJ","34","Hudson County","34017","07087-2427","40.77275998","-74.03187686","201-863-7077","www.nhcac.org","","","","","","","","","HRSA operating hours per week: 50.00","unknown","","","","","","","","","HRSA Health Center Service Delivery and Look-Alike Sites","https://data.hrsa.gov/DataDownload/DD_Files/Health_Center_Service_Delivery_and_LookAlike_Sites.csv","2026-06-03","Fields copied from HRSA CSV: site name, address, city, state, postal code, phone, website, HRSA geocoding coordinates, county/FIPS, operating hours per week, site status, and location setting. Location setting: All Other Clinic Types. Operational schedule: Full-Time. Daily hours, services, price, insurance, and accessibility fields were not supplied by this intake.","BPS-H80-001091","Health Center Service Delivery and Look-Alike Sites","2026-06-03","2026-06-03","needs_review",""
"hrsa-bps-h80-001173","North Hudson Community Action Corporation Health Center @ West New York","community_health_center","5301 Broadway","West New York","NJ","34","Hudson County","34017","07093-2622","40.78271584","-74.0145114","201-866-9320","www.nhcac.org","","","","","","","","","HRSA operating hours per week: 70.00","unknown","","","","","","","","","HRSA Health Center Service Delivery and Look-Alike Sites","https://data.hrsa.gov/DataDownload/DD_Files/Health_Center_Service_Delivery_and_LookAlike_Sites.csv","2026-06-03","Fields copied from HRSA CSV: site name, address, city, state, postal code, phone, website, HRSA geocoding coordinates, county/FIPS, operating hours per week, site status, and location setting. Location setting: All Other Clinic Types. Operational schedule: Full-Time. Daily hours, services, price, insurance, and accessibility fields were not supplied by this intake.","BPS-H80-001173","Health Center Service Delivery and Look-Alike Sites","2026-06-03","2026-06-03","needs_review",""
"hrsa-bps-h80-001281","Shabazz High School","community_health_center","80 Johnson Ave","Newark","NJ","34","Essex County","34013","07108-2729","40.71847564","-74.19219174","973-623-8592","www.cjmc.us","","","","","","","","","HRSA operating hours per week: 42.50","unknown","","","","","","","","","HRSA Health Center Service Delivery and Look-Alike Sites","https://data.hrsa.gov/DataDownload/DD_Files/Health_Center_Service_Delivery_and_LookAlike_Sites.csv","2026-06-03","Fields copied from HRSA CSV: site name, address, city, state, postal code, phone, website, HRSA geocoding coordinates, county/FIPS, operating hours per week, site status, and location setting. Location setting: School. Operational schedule: Full-Time. Daily hours, services, price, insurance, and accessibility fields were not supplied by this intake.","BPS-H80-001281","Health Center Service Delivery and Look-Alike Sites","2026-06-03","2026-06-03","needs_review",""
"hrsa-bps-h80-001403","Kids' Corner at Broad St. School","community_health_center","251 W Broad St","Bridgeton","NJ","34","Cumberland County","34011","08302-2315","39.42961276","-75.24549413","856-451-4700","www.completecarenj.org","","","","","","","","","HRSA operating hours per week: 43.75","unknown","","","","","","","","","HRSA Health Center Service Delivery and Look-Alike Sites","https://data.hrsa.gov/DataDownload/DD_Files/Health_Center_Service_Delivery_and_LookAlike_Sites.csv","2026-06-03","Fields copied from HRSA CSV: site name, address, city, state, postal code, phone, website, HRSA geocoding coordinates, county/FIPS, operating hours per week, site status, and location setting. Location setting: School. Operational schedule: Full-Time. Daily hours, services, price, insurance, and accessibility fields were not supplied by this intake.","BPS-H80-001403","Health Center Service Delivery and Look-Alike Sites","2026-06-03","2026-06-03","needs_review",""
"hrsa-bps-h80-001442","CAMCARE - SOUTH HEALTH CENTER","community_health_center","8th St & Carl Miller Blvd","Camden","NJ","34","Camden County","34007","08104-1425","39.92341499","-75.11237802","856-541-4926","www.camcare.net","","","","","","","","","HRSA operating hours per week: 45.00","unknown","","","","","","","","","HRSA Health Center Service Delivery and Look-Alike Sites","https://data.hrsa.gov/DataDownload/DD_Files/Health_Center_Service_Delivery_and_LookAlike_Sites.csv","2026-06-03","Fields copied from HRSA CSV: site name, address, city, state, postal code, phone, website, HRSA geocoding coordinates, county/FIPS, operating hours per week, site status, and location setting. Location setting: All Other Clinic Types. Operational schedule: Full-Time. Daily hours, services, price, insurance, and accessibility fields were not supplied by this intake.","BPS-H80-001442","Health Center Service Delivery and Look-Alike Sites","2026-06-03","2026-06-03","needs_review",""
"hrsa-bps-h80-001532","Metropolitan Family Health Network, Inc. at West New York","community_health_center","5300 Bergenline Ave","West New York","NJ","34","Hudson County","34017","07093-5616","40.7848562","-74.01933611","201-478-5800","www.metrofhn.com","","","","","","","","","HRSA operating hours per week: 44.50","unknown","","","","","","","","","HRSA Health Center Service Delivery and Look-Alike Sites","https://data.hrsa.gov/DataDownload/DD_Files/Health_Center_Service_Delivery_and_LookAlike_Sites.csv","2026-06-03","Fields copied from HRSA CSV: site name, address, city, state, postal code, phone, website, HRSA geocoding coordinates, county/FIPS, operating hours per week, site status, and location setting. Location setting: All Other Clinic Types. Operational schedule: Full-Time. Daily hours, services, price, insurance, and accessibility fields were not supplied by this intake.","BPS-H80-001532","Health Center Service Delivery and Look-Alike Sites","2026-06-03","2026-06-03","needs_review",""
"hrsa-bps-h80-001647","CAMCARE - EAST HEALTH CENTER","community_health_center","2610 Federal St","Camden","NJ","34","Camden County","34007","08105-1936","39.94616054","-75.08829279","856-635-0203","WWW.CAMCARE.NET","","","","","","","","","HRSA operating hours per week: 45.00","unknown","","","","","","","","","HRSA Health Center Service Delivery and Look-Alike Sites","https://data.hrsa.gov/DataDownload/DD_Files/Health_Center_Service_Delivery_and_LookAlike_Sites.csv","2026-06-03","Fields copied from HRSA CSV: site name, address, city, state, postal code, phone, website, HRSA geocoding coordinates, county/FIPS, operating hours per week, site status, and location setting. Location setting: All Other Clinic Types. Operational schedule: Full-Time. Daily hours, services, price, insurance, and accessibility fields were not supplied by this intake.","BPS-H80-001647","Health Center Service Delivery and Look-Alike Sites","2026-06-03","2026-06-03","needs_review",""
"hrsa-bps-h80-001742","NEWARK COMMUNITY HEALTH CENTERS, INC.","community_health_center","101 Ludlow St","Newark","NJ","34","Essex County","34013","07114-1108","40.68924312","-74.20536733","973-565-0355","www.nchcfqhc.org","","","","","","","","","HRSA operating hours per week: 52.00","unknown","","","","","","","","","HRSA Health Center Service Delivery and Look-Alike Sites","https://data.hrsa.gov/DataDownload/DD_Files/Health_Center_Service_Delivery_and_LookAlike_Sites.csv","2026-06-03","Fields copied from HRSA CSV: site name, address, city, state, postal code, phone, website, HRSA geocoding coordinates, county/FIPS, operating hours per week, site status, and location setting. Location setting: All Other Clinic Types. Operational schedule: Full-Time. Daily hours, services, price, insurance, and accessibility fields were not supplied by this intake.","BPS-H80-001742","Health Center Service Delivery and Look-Alike Sites","2026-06-03","2026-06-03","needs_review",""
"hrsa-bps-h80-001818","PATERSON COMMUNITY HEALTH CENTER, INC.","community_health_center","32 Clinton St","Paterson","NJ","34","Passaic County","34031","07522-1799","40.92431787","-74.17208263","973-790-6594","www.patersonchc.org","","","","","","","","","HRSA operating hours per week: 40.00","unknown","","","","","","","","","HRSA Health Center Service Delivery and Look-Alike Sites","https://data.hrsa.gov/DataDownload/DD_Files/Health_Center_Service_Delivery_and_LookAlike_Sites.csv","2026-06-03","Fields copied from HRSA CSV: site name, address, city, state, postal code, phone, website, HRSA geocoding coordinates, county/FIPS, operating hours per week, site status, and location setting. Location setting: All Other Clinic Types. Operational schedule: Full-Time. Daily hours, services, price, insurance, and accessibility fields were not supplied by this intake.","BPS-H80-001818","Health Center Service Delivery and Look-Alike Sites","2026-06-03","2026-06-03","needs_review",""
"hrsa-bps-h80-001959","CAMCARE - GENERATIONS HEALTH CENTER","community_health_center","121 White Horse Pike","Clementon","NJ","34","Camden County","34007","08021-4158","39.81146051","-74.98322807","856-627-7701","WWW.CAMCARE.NET","","","","","","","","","HRSA operating hours per week: 55.00","unknown","","","","","","","","","HRSA Health Center Service Delivery and Look-Alike Sites","https://data.hrsa.gov/DataDownload/DD_Files/Health_Center_Service_Delivery_and_LookAlike_Sites.csv","2026-06-03","Fields copied from HRSA CSV: site name, address, city, state, postal code, phone, website, HRSA geocoding coordinates, county/FIPS, operating hours per week, site status, and location setting. Location setting: All Other Clinic Types. Operational schedule: Full-Time. Daily hours, services, price, insurance, and accessibility fields were not supplied by this intake.","BPS-H80-001959","Health Center Service Delivery and Look-Alike Sites","2026-06-03","2026-06-03","needs_review",""
"hrsa-bps-h80-002380","ORANGE COMMUNITY HEALTH CENTER","community_health_center","37 N Day St","Orange","NJ","34","Essex County","34013","07050-3608","40.77345363","-74.22943865","973-365-2611","www.nchcfqhc.org","","","","","","","","","HRSA operating hours per week: 40.00","unknown","","","","","","","","","HRSA Health Center Service Delivery and Look-Alike Sites","https://data.hrsa.gov/DataDownload/DD_Files/Health_Center_Service_Delivery_and_LookAlike_Sites.csv","2026-06-03","Fields copied from HRSA CSV: site name, address, city, state, postal code, phone, website, HRSA geocoding coordinates, county/FIPS, operating hours per week, site status, and location setting. Location setting: All Other Clinic Types. Operational schedule: Full-Time. Daily hours, services, price, insurance, and accessibility fields were not supplied by this intake.","BPS-H80-002380","Health Center Service Delivery and Look-Alike Sites","2026-06-03","2026-06-03","needs_review",""
"hrsa-bps-h80-002429","Community Health Center of Asbury Park","community_health_center","1301 Main St","Asbury Park","NJ","34","Monmouth County","34025","07712-5359","40.22610169","-74.01032196","732-774-6333","http://vnachc.org/","","","","","","","","","HRSA operating hours per week: 57.00","unknown","","","","","","","","","HRSA Health Center Service Delivery and Look-Alike Sites","https://data.hrsa.gov/DataDownload/DD_Files/Health_Center_Service_Delivery_and_LookAlike_Sites.csv","2026-06-03","Fields copied from HRSA CSV: site name, address, city, state, postal code, phone, website, HRSA geocoding coordinates, county/FIPS, operating hours per week, site status, and location setting. Location setting: All Other Clinic Types. Operational schedule: Full-Time. Daily hours, services, price, insurance, and accessibility fields were not supplied by this intake.","BPS-H80-002429","Health Center Service Delivery and Look-Alike Sites","2026-06-03","2026-06-03","needs_review",""
"hrsa-bps-h80-002607","BURLINGTON CITY HEALTH CENTER","community_health_center","651 High St","Burlington","NJ","34","Burlington County","34005","08016-2737","40.07046433","-74.85437977","609-386-0775 x7115","www.sjfmc.org","","","","","","","","","HRSA operating hours per week: 60.00","unknown","","","","","","","","","HRSA Health Center Service Delivery and Look-Alike Sites","https://data.hrsa.gov/DataDownload/DD_Files/Health_Center_Service_Delivery_and_LookAlike_Sites.csv","2026-06-03","Fields copied from HRSA CSV: site name, address, city, state, postal code, phone, website, HRSA geocoding coordinates, county/FIPS, operating hours per week, site status, and location setting. Location setting: All Other Clinic Types. Operational schedule: Full-Time. Daily hours, services, price, insurance, and accessibility fields were not supplied by this intake.","BPS-H80-002607","Health Center Service Delivery and Look-Alike Sites","2026-06-03","2026-06-03","needs_review",""
"hrsa-bps-h80-002609","Women and Children's Health Pavilion","community_health_center","1125 Atlantic Ave","Atlantic City","NJ","34","Atlantic County","34001","08401-4806","39.3632977","-74.42529875","609-572-0000","www.sjfmc.org","","","","","","","","","HRSA operating hours per week: 54.50","unknown","","","","","","","","","HRSA Health Center Service Delivery and Look-Alike Sites","https://data.hrsa.gov/DataDownload/DD_Files/Health_Center_Service_Delivery_and_LookAlike_Sites.csv","2026-06-03","Fields copied from HRSA CSV: site name, address, city, state, postal code, phone, website, HRSA geocoding coordinates, county/FIPS, operating hours per week, site status, and location setting. Location setting: All Other Clinic Types. Operational schedule: Full-Time. Daily hours, services, price, insurance, and accessibility fields were not supplied by this intake.","BPS-H80-002609","Health Center Service Delivery and Look-Alike Sites","2026-06-03","2026-06-03","needs_review",""
"hrsa-bps-h80-002746","Mary Eliza Mahoney Health Center @110 William Street","community_health_center","110 William St","Newark","NJ","34","Essex County","34013","07102-1290","40.73443901","-74.17892","973-733-7600","","","","","","","","","","HRSA operating hours per week: 44.00","unknown","","","","","","","","","HRSA Health Center Service Delivery and Look-Alike Sites","https://data.hrsa.gov/DataDownload/DD_Files/Health_Center_Service_Delivery_and_LookAlike_Sites.csv","2026-06-03","Fields copied from HRSA CSV: site name, address, city, state, postal code, phone, website, HRSA geocoding coordinates, county/FIPS, operating hours per week, site status, and location setting. Location setting: All Other Clinic Types. Operational schedule: Full-Time. Daily hours, services, price, insurance, and accessibility fields were not supplied by this intake.","BPS-H80-002746","Health Center Service Delivery and Look-Alike Sites","2026-06-03","2026-06-03","needs_review",""
"hrsa-bps-h80-002758","Keyport Primary Care Center","community_health_center","35 Broad St","Keyport","NJ","34","Monmouth County","34025","07735-1267","40.43801267","-74.20173043","732-888-4149","http://vnachc.org/","","","","","","","","","HRSA operating hours per week: 51.50","unknown","","","","","","","","","HRSA Health Center Service Delivery and Look-Alike Sites","https://data.hrsa.gov/DataDownload/DD_Files/Health_Center_Service_Delivery_and_LookAlike_Sites.csv","2026-06-03","Fields copied from HRSA CSV: site name, address, city, state, postal code, phone, website, HRSA geocoding coordinates, county/FIPS, operating hours per week, site status, and location setting. Location setting: All Other Clinic Types. Operational schedule: Full-Time. Daily hours, services, price, insurance, and accessibility fields were not supplied by this intake.","BPS-H80-002758","Health Center Service Delivery and Look-Alike Sites","2026-06-03","2026-06-03","needs_review",""
"hrsa-bps-h80-002970","OCEAN HEALTH INITIATIVES LAKEWOOD SITE","community_health_center","101 2nd St","Lakewood","NJ","34","Ocean County","34029","08701-3324","40.09320494","-74.20880618","732-363-6655","WWW.OHINJ.ORG","","","","","","","","","HRSA operating hours per week: 54.00","unknown","","","","","","","","","HRSA Health Center Service Delivery and Look-Alike Sites","https://data.hrsa.gov/DataDownload/DD_Files/Health_Center_Service_Delivery_and_LookAlike_Sites.csv","2026-06-03","Fields copied from HRSA CSV: site name, address, city, state, postal code, phone, website, HRSA geocoding coordinates, county/FIPS, operating hours per week, site status, and location setting. Location setting: All Other Clinic Types. Operational schedule: Full-Time. Daily hours, services, price, insurance, and accessibility fields were not supplied by this intake.","BPS-H80-002970","Health Center Service Delivery and Look-Alike Sites","2026-06-03","2026-06-03","needs_review",""
"hrsa-bps-h80-003004","North Hudson Community Action Corporation Health Center @ Garfield","community_health_center","535 Midland Ave","Garfield","NJ","34","Bergen County","34003","07026-1658","40.88219897","-74.10088607","973-340-1156","www.nhcac.org","","","","","","","","","HRSA operating hours per week: 50.00","unknown","","","","","","","","","HRSA Health Center Service Delivery and Look-Alike Sites","https://data.hrsa.gov/DataDownload/DD_Files/Health_Center_Service_Delivery_and_LookAlike_Sites.csv","2026-06-03","Fields copied from HRSA CSV: site name, address, city, state, postal code, phone, website, HRSA geocoding coordinates, county/FIPS, operating hours per week, site status, and location setting. Location setting: All Other Clinic Types. Operational schedule: Full-Time. Daily hours, services, price, insurance, and accessibility fields were not supplied by this intake.","BPS-H80-003004","Health Center Service Delivery and Look-Alike Sites","2026-06-03","2026-06-03","needs_review",""
"hrsa-bps-h80-003005","Henry J. Austin Health Center-Chambers","community_health_center","317 Chambers St","Trenton","NJ","34","Mercer County","34021","08609-2603","40.21917224","-74.74457508","609-392-2635","www.henryjaustin.org","","","","","","","","","HRSA operating hours per week: 40.00","unknown","","","","","","","","","HRSA Health Center Service Delivery and Look-Alike Sites","https://data.hrsa.gov/DataDownload/DD_Files/Health_Center_Service_Delivery_and_LookAlike_Sites.csv","2026-06-03","Fields copied from HRSA CSV: site name, address, city, state, postal code, phone, website, HRSA geocoding coordinates, county/FIPS, operating hours per week, site status, and location setting. Location setting: All Other Clinic Types. Operational schedule: Full-Time. Daily hours, services, price, insurance, and accessibility fields were not supplied by this intake.","BPS-H80-003005","Health Center Service Delivery and Look-Alike Sites","2026-06-03","2026-06-03","needs_review",""
"hrsa-bps-h80-003026","ATLANTIC CITY","community_health_center","1301 Atlantic Ave","Atlantic City","NJ","34","Atlantic County","34001","08401-7247","39.36252996","-74.42718996","609-572-0000","www.sjfmc.org","","","","","","","","","HRSA operating hours per week: 60.00","unknown","","","","","","","","","HRSA Health Center Service Delivery and Look-Alike Sites","https://data.hrsa.gov/DataDownload/DD_Files/Health_Center_Service_Delivery_and_LookAlike_Sites.csv","2026-06-03","Fields copied from HRSA CSV: site name, address, city, state, postal code, phone, website, HRSA geocoding coordinates, county/FIPS, operating hours per week, site status, and location setting. Location setting: All Other Clinic Types. Operational schedule: Full-Time. Daily hours, services, price, insurance, and accessibility fields were not supplied by this intake.","BPS-H80-003026","Health Center Service Delivery and Look-Alike Sites","2026-06-03","2026-06-03","needs_review",""
"hrsa-bps-h80-003387","Hammonton - SOUTHERN JERSEY FAMILY MEDICAL","community_health_center","860 S White Horse Pike","Hammonton","NJ","34","Atlantic County","34001","08037-2030","39.62007027","-74.77501966","609-567-0434 x4215","www.sjfmc.org","","","","","","","","","HRSA operating hours per week: 58.50","unknown","","","","","","","","","HRSA Health Center Service Delivery and Look-Alike Sites","https://data.hrsa.gov/DataDownload/DD_Files/Health_Center_Service_Delivery_and_LookAlike_Sites.csv","2026-06-03","Fields copied from HRSA CSV: site name, address, city, state, postal code, phone, website, HRSA geocoding coordinates, county/FIPS, operating hours per week, site status, and location setting. Location setting: All Other Clinic Types. Operational schedule: Full-Time. Daily hours, services, price, insurance, and accessibility fields were not supplied by this intake.","BPS-H80-003387","Health Center Service Delivery and Look-Alike Sites","2026-06-03","2026-06-03","needs_review",""
"hrsa-bps-h80-003611","Neighborhood Health Center Plainfield","community_health_center","1700 Myrtle Ave","Plainfield","NJ","34","Union County","34039","07063-1000","40.59933162","-74.45721318","908-753-6401","www.nhscnj.org","","","","","","","","","HRSA operating hours per week: 46.00","unknown","","","","","","","","","HRSA Health Center Service Delivery and Look-Alike Sites","https://data.hrsa.gov/DataDownload/DD_Files/Health_Center_Service_Delivery_and_LookAlike_Sites.csv","2026-06-03","Fields copied from HRSA CSV: site name, address, city, state, postal code, phone, website, HRSA geocoding coordinates, county/FIPS, operating hours per week, site status, and location setting. Location setting: All Other Clinic Types. Operational schedule: Full-Time. Daily hours, services, price, insurance, and accessibility fields were not supplied by this intake.","BPS-H80-003611","Health Center Service Delivery and Look-Alike Sites","2026-06-03","2026-06-03","needs_review",""
"hrsa-bps-h80-003728","CompleteCare Women's Medical Professionals","community_health_center","484 S Brewster Rd","South Vineland","NJ","34","Cumberland County","34011","08361-7874","39.47689391","-74.9771625","856-451-4700","www.completecarenj.org","","","","","","","","","HRSA operating hours per week: 44.50","unknown","","","","","","","","","HRSA Health Center Service Delivery and Look-Alike Sites","https://data.hrsa.gov/DataDownload/DD_Files/Health_Center_Service_Delivery_and_LookAlike_Sites.csv","2026-06-03","Fields copied from HRSA CSV: site name, address, city, state, postal code, phone, website, HRSA geocoding coordinates, county/FIPS, operating hours per week, site status, and location setting. Location setting: All Other Clinic Types. Operational schedule: Full-Time. Daily hours, services, price, insurance, and accessibility fields were not supplied by this intake.","BPS-H80-003728","Health Center Service Delivery and Look-Alike Sites","2026-06-03","2026-06-03","needs_review",""
"hrsa-bps-h80-004594","CompleteCare Dental Professionals","community_health_center","335 Delsea Dr N","Glassboro","NJ","34","Gloucester County","34015","08028-1403","39.71021265","-75.11019898","856-451-4700","www.completecarenj.org","","","","","","","","","HRSA operating hours per week: 46.50","unknown","","","","","","","","","HRSA Health Center Service Delivery and Look-Alike Sites","https://data.hrsa.gov/DataDownload/DD_Files/Health_Center_Service_Delivery_and_LookAlike_Sites.csv","2026-06-03","Fields copied from HRSA CSV: site name, address, city, state, postal code, phone, website, HRSA geocoding coordinates, county/FIPS, operating hours per week, site status, and location setting. Location setting: All Other Clinic Types. Operational schedule: Full-Time. Daily hours, services, price, insurance, and accessibility fields were not supplied by this intake.","BPS-H80-004594","Health Center Service Delivery and Look-Alike Sites","2026-06-03","2026-06-03","needs_review",""
"hrsa-bps-h80-004754","EAST ORANGE PRIMARY CARE CENTER","community_health_center","444 William St","East Orange","NJ","34","Essex County","34013","07017-2213","40.76569894","-74.21327767","973-675-1900","www.nchcfqhc.org","","","","","","","","","HRSA operating hours per week: 58.00","unknown","","","","","","","","","HRSA Health Center Service Delivery and Look-Alike Sites","https://data.hrsa.gov/DataDownload/DD_Files/Health_Center_Service_Delivery_and_LookAlike_Sites.csv","2026-06-03","Fields copied from HRSA CSV: site name, address, city, state, postal code, phone, website, HRSA geocoding coordinates, county/FIPS, operating hours per week, site status, and location setting. Location setting: All Other Clinic Types. Operational schedule: Full-Time. Daily hours, services, price, insurance, and accessibility fields were not supplied by this intake.","BPS-H80-004754","Health Center Service Delivery and Look-Alike Sites","2026-06-03","2026-06-03","needs_review",""
"hrsa-bps-h80-004921","Neighborhood Health Center The Healthy Place","community_health_center","427 Darrow Ave","Plainfield","NJ","34","Union County","34039","07060-2012","40.60634878","-74.43014299","908-731-4288","www.phcmednet.org","","","","","","","","","HRSA operating hours per week: 8.00","unknown","","","","","","","","","HRSA Health Center Service Delivery and Look-Alike Sites","https://data.hrsa.gov/DataDownload/DD_Files/Health_Center_Service_Delivery_and_LookAlike_Sites.csv","2026-06-03","Fields copied from HRSA CSV: site name, address, city, state, postal code, phone, website, HRSA geocoding coordinates, county/FIPS, operating hours per week, site status, and location setting. Location setting: School. Operational schedule: Full-Time. Daily hours, services, price, insurance, and accessibility fields were not supplied by this intake.","BPS-H80-004921","Health Center Service Delivery and Look-Alike Sites","2026-06-03","2026-06-03","needs_review",""
"hrsa-bps-h80-004925","Teen Center at Bridgeton High School","community_health_center","111 Northwest Ave","Bridgeton","NJ","34","Cumberland County","34011","08302","39.46539629","-75.209465","856-451-4700","www.completecarenj.org","","","","","","","","","HRSA operating hours per week: 40.00","unknown","","","","","","","","","HRSA Health Center Service Delivery and Look-Alike Sites","https://data.hrsa.gov/DataDownload/DD_Files/Health_Center_Service_Delivery_and_LookAlike_Sites.csv","2026-06-03","Fields copied from HRSA CSV: site name, address, city, state, postal code, phone, website, HRSA geocoding coordinates, county/FIPS, operating hours per week, site status, and location setting. Location setting: School. Operational schedule: Full-Time. Daily hours, services, price, insurance, and accessibility fields were not supplied by this intake.","BPS-H80-004925","Health Center Service Delivery and Look-Alike Sites","2026-06-03","2026-06-03","needs_review",""
"hrsa-bps-h80-004975","Zufall Health Center - Dover Dental Center","community_health_center","17 S Warren St","Dover","NJ","34","Morris County","34027","07801-4506","40.88343975","-74.55960768","973-328-3344","WWW.zufallhealth.org","","","","","","","","","HRSA operating hours per week: 53.00","unknown","","","","","","","","","HRSA Health Center Service Delivery and Look-Alike Sites","https://data.hrsa.gov/DataDownload/DD_Files/Health_Center_Service_Delivery_and_LookAlike_Sites.csv","2026-06-03","Fields copied from HRSA CSV: site name, address, city, state, postal code, phone, website, HRSA geocoding coordinates, county/FIPS, operating hours per week, site status, and location setting. Location setting: All Other Clinic Types. Operational schedule: Full-Time. Daily hours, services, price, insurance, and accessibility fields were not supplied by this intake.","BPS-H80-004975","Health Center Service Delivery and Look-Alike Sites","2026-06-03","2026-06-03","needs_review",""
"hrsa-bps-h80-005237","SALEM HEALTH CENTER","community_health_center","238 E Broadway","Salem","NJ","34","Salem County","34033","08079-1108","39.57029714","-75.46463161","856-935-7711 x6415","www.sjfmc.org","","","","","","","","","HRSA operating hours per week: 64.50","unknown","","","","","","","","","HRSA Health Center Service Delivery and Look-Alike Sites","https://data.hrsa.gov/DataDownload/DD_Files/Health_Center_Service_Delivery_and_LookAlike_Sites.csv","2026-06-03","Fields copied from HRSA CSV: site name, address, city, state, postal code, phone, website, HRSA geocoding coordinates, county/FIPS, operating hours per week, site status, and location setting. Location setting: All Other Clinic Types. Operational schedule: Full-Time. Daily hours, services, price, insurance, and accessibility fields were not supplied by this intake.","BPS-H80-005237","Health Center Service Delivery and Look-Alike Sites","2026-06-03","2026-06-03","needs_review",""
"hrsa-bps-h80-005412","CAMCARE - PAULSBORO HEALTH CENTER","community_health_center","1315 N Delaware St","Paulsboro","NJ","34","Gloucester County","34015","08066-1367","39.83084504","-75.24060438","856-541-3270","WWW.CAMCARE.NET","","","","","","","","","HRSA operating hours per week: 45.00","unknown","","","","","","","","","HRSA Health Center Service Delivery and Look-Alike Sites","https://data.hrsa.gov/DataDownload/DD_Files/Health_Center_Service_Delivery_and_LookAlike_Sites.csv","2026-06-03","Fields copied from HRSA CSV: site name, address, city, state, postal code, phone, website, HRSA geocoding coordinates, county/FIPS, operating hours per week, site status, and location setting. Location setting: All Other Clinic Types. Operational schedule: Full-Time. Daily hours, services, price, insurance, and accessibility fields were not supplied by this intake.","BPS-H80-005412","Health Center Service Delivery and Look-Alike Sites","2026-06-03","2026-06-03","needs_review",""
"hrsa-bps-h80-005574","Henry J. Austin Health Center-Ewing","community_health_center","112 Ewing St","Trenton","NJ","34","Mercer County","34021","08609-1004","40.22459236","-74.75655475","609-278-5937","www.henryjaustin.org","","","","","","","","","HRSA operating hours per week: 40.00","unknown","","","","","","","","","HRSA Health Center Service Delivery and Look-Alike Sites","https://data.hrsa.gov/DataDownload/DD_Files/Health_Center_Service_Delivery_and_LookAlike_Sites.csv","2026-06-03","Fields copied from HRSA CSV: site name, address, city, state, postal code, phone, website, HRSA geocoding coordinates, county/FIPS, operating hours per week, site status, and location setting. Location setting: All Other Clinic Types. Operational schedule: Full-Time. Daily hours, services, price, insurance, and accessibility fields were not supplied by this intake.","BPS-H80-005574","Health Center Service Delivery and Look-Alike Sites","2026-06-03","2026-06-03","needs_review",""
"hrsa-bps-h80-006048","Neighborhood Health Center Cardinal","community_health_center","950 Park Ave","Plainfield","NJ","34","Union County","34039","07060-3002","40.61199252","-74.41233396","908-754-5840","www.phcmednet.org","","","","","","","","","HRSA operating hours per week: 3.00","unknown","","","","","","","","","HRSA Health Center Service Delivery and Look-Alike Sites","https://data.hrsa.gov/DataDownload/DD_Files/Health_Center_Service_Delivery_and_LookAlike_Sites.csv","2026-06-03","Fields copied from HRSA CSV: site name, address, city, state, postal code, phone, website, HRSA geocoding coordinates, county/FIPS, operating hours per week, site status, and location setting. Location setting: School. Operational schedule: Part-Time. Daily hours, services, price, insurance, and accessibility fields were not supplied by this intake.","BPS-H80-006048","Health Center Service Delivery and Look-Alike Sites","2026-06-03","2026-06-03","needs_review",""
"hrsa-bps-h80-006303","MOBILE MEDICAL VAN","community_health_center","Atlantic Ave","Hammonton","NJ","34","Atlantic County","34001","08037-3783","39.57637337","-74.71965267","609-567-0434","www.sjfmc.org","","","","","","","","","HRSA operating hours per week: 20.00","unknown","","","","","","","","","HRSA Health Center Service Delivery and Look-Alike Sites","https://data.hrsa.gov/DataDownload/DD_Files/Health_Center_Service_Delivery_and_LookAlike_Sites.csv","2026-06-03","Fields copied from HRSA CSV: site name, address, city, state, postal code, phone, website, HRSA geocoding coordinates, county/FIPS, operating hours per week, site status, and location setting. Location setting: All Other Clinic Types. Operational schedule: Part-Time. Daily hours, services, price, insurance, and accessibility fields were not supplied by this intake.","BPS-H80-006303","Health Center Service Delivery and Look-Alike Sites","2026-06-03","2026-06-03","needs_review",""
"hrsa-bps-h80-006415","Mary Eliza Mahoney Health Center Mobile Medical Unit","community_health_center","394 University Ave","Newark","NJ","34","Essex County","34013","07102-1221","40.73418512","-74.1776395","973-733-5300","","","","","","","","","","HRSA operating hours per week: 25.00","unknown","","","","","","","","","HRSA Health Center Service Delivery and Look-Alike Sites","https://data.hrsa.gov/DataDownload/DD_Files/Health_Center_Service_Delivery_and_LookAlike_Sites.csv","2026-06-03","Fields copied from HRSA CSV: site name, address, city, state, postal code, phone, website, HRSA geocoding coordinates, county/FIPS, operating hours per week, site status, and location setting. Location setting: All Other Clinic Types. Operational schedule: Part-Time. Daily hours, services, price, insurance, and accessibility fields were not supplied by this intake.","BPS-H80-006415","Health Center Service Delivery and Look-Alike Sites","2026-06-03","2026-06-03","needs_review",""
"hrsa-bps-h80-006678","MOBILE MEDICAL VAN - Dental","community_health_center","601 Pemberton Browns Mills Road","Pemberton","NJ","34","Burlington County","34005","08068-1536","39.96661104","-74.64413315","609-894-1100","www.sjfmc.org","","","","","","","","","HRSA operating hours per week: 20.00","unknown","","","","","","","","","HRSA Health Center Service Delivery and Look-Alike Sites","https://data.hrsa.gov/DataDownload/DD_Files/Health_Center_Service_Delivery_and_LookAlike_Sites.csv","2026-06-03","Fields copied from HRSA CSV: site name, address, city, state, postal code, phone, website, HRSA geocoding coordinates, county/FIPS, operating hours per week, site status, and location setting. Location setting: All Other Clinic Types. Operational schedule: Part-Time. Daily hours, services, price, insurance, and accessibility fields were not supplied by this intake.","BPS-H80-006678","Health Center Service Delivery and Look-Alike Sites","2026-06-03","2026-06-03","needs_review",""
"hrsa-bps-h80-007623","North Hudson Community Action Corporation Health Center@ Hackensack","community_health_center","25 E Salem St","Hackensack","NJ","34","Bergen County","34003","07601-7427","40.88517614","-74.04081339","201-498-9080","www.nhcac.org","","","","","","","","","HRSA operating hours per week: 50.00","unknown","","","","","","","","","HRSA Health Center Service Delivery and Look-Alike Sites","https://data.hrsa.gov/DataDownload/DD_Files/Health_Center_Service_Delivery_and_LookAlike_Sites.csv","2026-06-03","Fields copied from HRSA CSV: site name, address, city, state, postal code, phone, website, HRSA geocoding coordinates, county/FIPS, operating hours per week, site status, and location setting. Location setting: All Other Clinic Types. Operational schedule: Full-Time. Daily hours, services, price, insurance, and accessibility fields were not supplied by this intake.","BPS-H80-007623","Health Center Service Delivery and Look-Alike Sites","2026-06-03","2026-06-03","needs_review",""
"hrsa-bps-h80-007624","Irvington Community Health Center","community_health_center","1150 Springfield Ave","Irvington","NJ","34","Essex County","34013","07111-2441","40.72535056","-74.23614677","973-483-1300","www.nchcfqhc.org","","","","","","","","","HRSA operating hours per week: 58.00","unknown","","","","","","","","","HRSA Health Center Service Delivery and Look-Alike Sites","https://data.hrsa.gov/DataDownload/DD_Files/Health_Center_Service_Delivery_and_LookAlike_Sites.csv","2026-06-03","Fields copied from HRSA CSV: site name, address, city, state, postal code, phone, website, HRSA geocoding coordinates, county/FIPS, operating hours per week, site status, and location setting. Location setting: All Other Clinic Types. Operational schedule: Full-Time. Daily hours, services, price, insurance, and accessibility fields were not supplied by this intake.","BPS-H80-007624","Health Center Service Delivery and Look-Alike Sites","2026-06-03","2026-06-03","needs_review",""
"hrsa-bps-h80-008049","Zufall Health Center - Morristown","community_health_center","4 Atno Ave","Morristown","NJ","34","Morris County","34027","07960-3802","40.79893987","-74.48514475","973-267-0002","www.zufallhealth.org","","","","","","","","","HRSA operating hours per week: 55.00","unknown","","","","","","","","","HRSA Health Center Service Delivery and Look-Alike Sites","https://data.hrsa.gov/DataDownload/DD_Files/Health_Center_Service_Delivery_and_LookAlike_Sites.csv","2026-06-03","Fields copied from HRSA CSV: site name, address, city, state, postal code, phone, website, HRSA geocoding coordinates, county/FIPS, operating hours per week, site status, and location setting. Location setting: All Other Clinic Types. Operational schedule: Unknown. Daily hours, services, price, insurance, and accessibility fields were not supplied by this intake.","BPS-H80-008049","Health Center Service Delivery and Look-Alike Sites","2026-06-03","2026-06-03","needs_review",""
"hrsa-bps-h80-008172","Ocean Health Initiatives Mobile Medical Unit","community_health_center","101 2nd St","Lakewood","NJ","34","Ocean County","34029","08701-3324","40.09320494","-74.20880618","732-363-6655","www.ohinj.org","","","","","","","","","HRSA operating hours per week: 28.00","unknown","","","","","","","","","HRSA Health Center Service Delivery and Look-Alike Sites","https://data.hrsa.gov/DataDownload/DD_Files/Health_Center_Service_Delivery_and_LookAlike_Sites.csv","2026-06-03","Fields copied from HRSA CSV: site name, address, city, state, postal code, phone, website, HRSA geocoding coordinates, county/FIPS, operating hours per week, site status, and location setting. Location setting: All Other Clinic Types. Operational schedule: Part-Time. Daily hours, services, price, insurance, and accessibility fields were not supplied by this intake.","BPS-H80-008172","Health Center Service Delivery and Look-Alike Sites","2026-06-03","2026-06-03","needs_review",""
"hrsa-bps-h80-008233","Monmouth Family Health Center","community_health_center","270 Broadway","Long Branch","NJ","34","Monmouth County","34025","07740-7027","40.30384003","-73.99014722","732-923-7145","","","","","","","","","","HRSA operating hours per week: 53.50","unknown","","","","","","","","","HRSA Health Center Service Delivery and Look-Alike Sites","https://data.hrsa.gov/DataDownload/DD_Files/Health_Center_Service_Delivery_and_LookAlike_Sites.csv","2026-06-03","Fields copied from HRSA CSV: site name, address, city, state, postal code, phone, website, HRSA geocoding coordinates, county/FIPS, operating hours per week, site status, and location setting. Location setting: All Other Clinic Types. Operational schedule: Unknown. Daily hours, services, price, insurance, and accessibility fields were not supplied by this intake.","BPS-H80-008233","Health Center Service Delivery and Look-Alike Sites","2026-06-03","2026-06-03","needs_review",""
"hrsa-bps-h80-008508","CAMcare Odessa Paulk-Jones Health Center","community_health_center","813 Ferry Ave","Camden","NJ","34","Camden County","34007","08104-1824","39.92030761","-75.11154225","856-541-3270","www.camcare.net","","","","","","","","","HRSA operating hours per week: 36.00","unknown","","","","","","","","","HRSA Health Center Service Delivery and Look-Alike Sites","https://data.hrsa.gov/DataDownload/DD_Files/Health_Center_Service_Delivery_and_LookAlike_Sites.csv","2026-06-03","Fields copied from HRSA CSV: site name, address, city, state, postal code, phone, website, HRSA geocoding coordinates, county/FIPS, operating hours per week, site status, and location setting. Location setting: All Other Clinic Types. Operational schedule: Full-Time. Daily hours, services, price, insurance, and accessibility fields were not supplied by this intake.","BPS-H80-008508","Health Center Service Delivery and Look-Alike Sites","2026-06-03","2026-06-03","needs_review",""
"hrsa-bps-h80-008827","CompleteCare Pediatric & Family Medical Professionals","community_health_center","265 Irving Ave","Bridgeton","NJ","34","Cumberland County","34011","08302-2121","39.43471118","-75.22204743","856-451-4700","www.completecarenj.org","","","","","","","","","HRSA operating hours per week: 42.50","unknown","","","","","","","","","HRSA Health Center Service Delivery and Look-Alike Sites","https://data.hrsa.gov/DataDownload/DD_Files/Health_Center_Service_Delivery_and_LookAlike_Sites.csv","2026-06-03","Fields copied from HRSA CSV: site name, address, city, state, postal code, phone, website, HRSA geocoding coordinates, county/FIPS, operating hours per week, site status, and location setting. Location setting: All Other Clinic Types. Operational schedule: Full-Time. Daily hours, services, price, insurance, and accessibility fields were not supplied by this intake.","BPS-H80-008827","Health Center Service Delivery and Look-Alike Sites","2026-06-03","2026-06-03","needs_review",""
"hrsa-bps-h80-010562","Central High School","community_health_center","246 18th Ave","Newark","NJ","34","Essex County","34013","07108-2316","40.729929","-74.19283765","973-679-7709","www.cjmc.us","","","","","","","","","HRSA operating hours per week: 42.50","unknown","","","","","","","","","HRSA Health Center Service Delivery and Look-Alike Sites","https://data.hrsa.gov/DataDownload/DD_Files/Health_Center_Service_Delivery_and_LookAlike_Sites.csv","2026-06-03","Fields copied from HRSA CSV: site name, address, city, state, postal code, phone, website, HRSA geocoding coordinates, county/FIPS, operating hours per week, site status, and location setting. Location setting: School. Operational schedule: Full-Time. Daily hours, services, price, insurance, and accessibility fields were not supplied by this intake.","BPS-H80-010562","Health Center Service Delivery and Look-Alike Sites","2026-06-03","2026-06-03","needs_review",""
"hrsa-bps-h80-010962","Neighborhood Health Center Elizabeth","community_health_center","184 1st St, #2","Elizabethport","NJ","34","Union County","34039","07206-1855","40.65009724","-74.18414461","908-355-4459","","","","","","","","","","HRSA operating hours per week: 54.00","unknown","","","","","","","","","HRSA Health Center Service Delivery and Look-Alike Sites","https://data.hrsa.gov/DataDownload/DD_Files/Health_Center_Service_Delivery_and_LookAlike_Sites.csv","2026-06-03","Fields copied from HRSA CSV: site name, address, city, state, postal code, phone, website, HRSA geocoding coordinates, county/FIPS, operating hours per week, site status, and location setting. Location setting: All Other Clinic Types. Operational schedule: Full-Time. Daily hours, services, price, insurance, and accessibility fields were not supplied by this intake.","BPS-H80-010962","Health Center Service Delivery and Look-Alike Sites","2026-06-03","2026-06-03","needs_review",""
"hrsa-bps-h80-010983","Monmouth Family Health Center OB/GYN Womens Health Services","community_health_center","80 Pavilion Ave","Long Branch","NJ","34","Monmouth County","34025","07740-6413","40.29690719","-73.98294632","732-923-7145","","","","","","","","","","HRSA operating hours per week: 42.50","unknown","","","","","","","","","HRSA Health Center Service Delivery and Look-Alike Sites","https://data.hrsa.gov/DataDownload/DD_Files/Health_Center_Service_Delivery_and_LookAlike_Sites.csv","2026-06-03","Fields copied from HRSA CSV: site name, address, city, state, postal code, phone, website, HRSA geocoding coordinates, county/FIPS, operating hours per week, site status, and location setting. Location setting: All Other Clinic Types. Operational schedule: Full-Time. Daily hours, services, price, insurance, and accessibility fields were not supplied by this intake.","BPS-H80-010983","Health Center Service Delivery and Look-Alike Sites","2026-06-03","2026-06-03","needs_review",""
"hrsa-bps-h80-011078","Alliance Community Healthcare, Inc.","community_health_center","115 Christopher Columbus Dr","Jersey City","NJ","34","Hudson County","34017","07302-5526","40.71957442","-74.04405995","201-830-1620","www.alliancech.org","","","","","","","","","HRSA operating hours per week: 40.00","unknown","","","","","","","","","HRSA Health Center Service Delivery and Look-Alike Sites","https://data.hrsa.gov/DataDownload/DD_Files/Health_Center_Service_Delivery_and_LookAlike_Sites.csv","2026-06-03","Fields copied from HRSA CSV: site name, address, city, state, postal code, phone, website, HRSA geocoding coordinates, county/FIPS, operating hours per week, site status, and location setting. Location setting: All Other Clinic Types. Operational schedule: Full-Time. Daily hours, services, price, insurance, and accessibility fields were not supplied by this intake.","BPS-H80-011078","Health Center Service Delivery and Look-Alike Sites","2026-06-03","2026-06-03","needs_review",""
"hrsa-bps-h80-011291","AtlantiCare Health Services-FQHC Internal Medicine Specialty Clinic","community_health_center","1401 Atlantic Ave STE 2600","Atlantic City","NJ","34","Atlantic County","34001","08401-7027","39.36193388","-74.42868957","609-441-2104","","","","","","","","","","HRSA operating hours per week: 40.00","unknown","","","","","","","","","HRSA Health Center Service Delivery and Look-Alike Sites","https://data.hrsa.gov/DataDownload/DD_Files/Health_Center_Service_Delivery_and_LookAlike_Sites.csv","2026-06-03","Fields copied from HRSA CSV: site name, address, city, state, postal code, phone, website, HRSA geocoding coordinates, county/FIPS, operating hours per week, site status, and location setting. Location setting: All Other Clinic Types. Operational schedule: Full-Time. Daily hours, services, price, insurance, and accessibility fields were not supplied by this intake.","BPS-H80-011291","Health Center Service Delivery and Look-Alike Sites","2026-06-03","2026-06-03","needs_review",""
"hrsa-bps-h80-012145","MFHC Dental Program","community_health_center","335 Broadway","Long Branch","NJ","34","Monmouth County","34025","07740-6901","40.30426168","-73.99318918","732-923-7145","","","","","","","","","","HRSA operating hours per week: 53.50","unknown","","","","","","","","","HRSA Health Center Service Delivery and Look-Alike Sites","https://data.hrsa.gov/DataDownload/DD_Files/Health_Center_Service_Delivery_and_LookAlike_Sites.csv","2026-06-03","Fields copied from HRSA CSV: site name, address, city, state, postal code, phone, website, HRSA geocoding coordinates, county/FIPS, operating hours per week, site status, and location setting. Location setting: All Other Clinic Types. Operational schedule: Full-Time. Daily hours, services, price, insurance, and accessibility fields were not supplied by this intake.","BPS-H80-012145","Health Center Service Delivery and Look-Alike Sites","2026-06-03","2026-06-03","needs_review",""
"hrsa-bps-h80-012509","Zufall Healthy Smile Center - Flemington","community_health_center","361 State Route 31 BLDG C","Flemington","NJ","34","Hunterdon County","34019","08822-5796","40.54661678","-74.85657667","973-328-9100","www.zufallhealth.org","","","","","","","","","HRSA operating hours per week: 45.00","unknown","","","","","","","","","HRSA Health Center Service Delivery and Look-Alike Sites","https://data.hrsa.gov/DataDownload/DD_Files/Health_Center_Service_Delivery_and_LookAlike_Sites.csv","2026-06-03","Fields copied from HRSA CSV: site name, address, city, state, postal code, phone, website, HRSA geocoding coordinates, county/FIPS, operating hours per week, site status, and location setting. Location setting: All Other Clinic Types. Operational schedule: Full-Time. Daily hours, services, price, insurance, and accessibility fields were not supplied by this intake.","BPS-H80-012509","Health Center Service Delivery and Look-Alike Sites","2026-06-03","2026-06-03","needs_review",""
"hrsa-bps-h80-012510","CompleteCare Medical & Dental Professionals","community_health_center","3700 New Jersey Ave","Wildwood","NJ","34","Cape May County","34009","08260-6154","38.98967659","-74.81706605","856-451-4700","www.completecarenj.org","","","","","","","","","HRSA operating hours per week: 51.00","unknown","","","","","","","","","HRSA Health Center Service Delivery and Look-Alike Sites","https://data.hrsa.gov/DataDownload/DD_Files/Health_Center_Service_Delivery_and_LookAlike_Sites.csv","2026-06-03","Fields copied from HRSA CSV: site name, address, city, state, postal code, phone, website, HRSA geocoding coordinates, county/FIPS, operating hours per week, site status, and location setting. Location setting: All Other Clinic Types. Operational schedule: Full-Time. Daily hours, services, price, insurance, and accessibility fields were not supplied by this intake.","BPS-H80-012510","Health Center Service Delivery and Look-Alike Sites","2026-06-03","2026-06-03","needs_review",""
"hrsa-bps-h80-012649","RiteCare at Vineland ShopRite","community_health_center","1255 W Landis Ave","Vineland","NJ","34","Cumberland County","34011","08360-3462","39.484878","-75.04939699","856-451-4700","www.completecarenj.org","","","","","","","","","HRSA operating hours per week: 69.00","unknown","","","","","","","","","HRSA Health Center Service Delivery and Look-Alike Sites","https://data.hrsa.gov/DataDownload/DD_Files/Health_Center_Service_Delivery_and_LookAlike_Sites.csv","2026-06-03","Fields copied from HRSA CSV: site name, address, city, state, postal code, phone, website, HRSA geocoding coordinates, county/FIPS, operating hours per week, site status, and location setting. Location setting: All Other Clinic Types. Operational schedule: Full-Time. Daily hours, services, price, insurance, and accessibility fields were not supplied by this intake.","BPS-H80-012649","Health Center Service Delivery and Look-Alike Sites","2026-06-03","2026-06-03","needs_review",""
"hrsa-bps-h80-012729","VOA Liberty Street Facility","community_health_center","510 Liberty St","Camden","NJ","34","Camden County","34007","08104-1112","39.93013447","-75.11887509","856-968-2320","","","","","","","","","","HRSA operating hours per week: 8.00","unknown","","","","","","","","","HRSA Health Center Service Delivery and Look-Alike Sites","https://data.hrsa.gov/DataDownload/DD_Files/Health_Center_Service_Delivery_and_LookAlike_Sites.csv","2026-06-03","Fields copied from HRSA CSV: site name, address, city, state, postal code, phone, website, HRSA geocoding coordinates, county/FIPS, operating hours per week, site status, and location setting. Location setting: All Other Clinic Types. Operational schedule: Part-Time. Daily hours, services, price, insurance, and accessibility fields were not supplied by this intake.","BPS-H80-012729","Health Center Service Delivery and Look-Alike Sites","2026-06-03","2026-06-03","needs_review",""
"hrsa-bps-h80-012868","OHI-Clifton Avenue School Based Health Center","community_health_center","625 Clifton Ave","Lakewood","NJ","34","Ocean County","34029","08701-2808","40.09648679","-74.21539318","732-719-9015","","","","","","","","","","HRSA operating hours per week: 34.00","unknown","","","","","","","","","HRSA Health Center Service Delivery and Look-Alike Sites","https://data.hrsa.gov/DataDownload/DD_Files/Health_Center_Service_Delivery_and_LookAlike_Sites.csv","2026-06-03","Fields copied from HRSA CSV: site name, address, city, state, postal code, phone, website, HRSA geocoding coordinates, county/FIPS, operating hours per week, site status, and location setting. Location setting: School. Operational schedule: Full-Time. Daily hours, services, price, insurance, and accessibility fields were not supplied by this intake.","BPS-H80-012868","Health Center Service Delivery and Look-Alike Sites","2026-06-03","2026-06-03","needs_review",""
"hrsa-bps-h80-013412","Henry J. Austin Health Center-Bellevue","community_health_center","433 Bellevue Ave","Trenton","NJ","34","Mercer County","34021","08618-4514","40.22906524","-74.77699612","609-989-3599","http://www.henryjaustin.org","","","","","","","","","HRSA operating hours per week: 40.00","unknown","","","","","","","","","HRSA Health Center Service Delivery and Look-Alike Sites","https://data.hrsa.gov/DataDownload/DD_Files/Health_Center_Service_Delivery_and_LookAlike_Sites.csv","2026-06-03","Fields copied from HRSA CSV: site name, address, city, state, postal code, phone, website, HRSA geocoding coordinates, county/FIPS, operating hours per week, site status, and location setting. Location setting: All Other Clinic Types. Operational schedule: Full-Time. Daily hours, services, price, insurance, and accessibility fields were not supplied by this intake.","BPS-H80-013412","Health Center Service Delivery and Look-Alike Sites","2026-06-03","2026-06-03","needs_review",""
"hrsa-bps-h80-013454","Zufall Health Center Somerville","community_health_center","71 4th St","Somerville","NJ","34","Somerset County","34035","08876-3235","40.56091174","-74.60964899","908-526-2335","","","","","","","","","","HRSA operating hours per week: 55.00","unknown","","","","","","","","","HRSA Health Center Service Delivery and Look-Alike Sites","https://data.hrsa.gov/DataDownload/DD_Files/Health_Center_Service_Delivery_and_LookAlike_Sites.csv","2026-06-03","Fields copied from HRSA CSV: site name, address, city, state, postal code, phone, website, HRSA geocoding coordinates, county/FIPS, operating hours per week, site status, and location setting. Location setting: All Other Clinic Types. Operational schedule: Full-Time. Daily hours, services, price, insurance, and accessibility fields were not supplied by this intake.","BPS-H80-013454","Health Center Service Delivery and Look-Alike Sites","2026-06-03","2026-06-03","needs_review",""
"hrsa-bps-h80-013660","Central Jersey Medical Center Mobile Van 2","community_health_center","275 Hobart St","Perth Amboy","NJ","34","Middlesex County","34023","08861-3396","40.50851399","-74.26954497","732-376-9333","www.jrmc.us","","","","","","","","","HRSA operating hours per week: 8.00","unknown","","","","","","","","","HRSA Health Center Service Delivery and Look-Alike Sites","https://data.hrsa.gov/DataDownload/DD_Files/Health_Center_Service_Delivery_and_LookAlike_Sites.csv","2026-06-03","Fields copied from HRSA CSV: site name, address, city, state, postal code, phone, website, HRSA geocoding coordinates, county/FIPS, operating hours per week, site status, and location setting. Location setting: All Other Clinic Types. Operational schedule: Full-Time. Daily hours, services, price, insurance, and accessibility fields were not supplied by this intake.","BPS-H80-013660","Health Center Service Delivery and Look-Alike Sites","2026-06-03","2026-06-03","needs_review",""
"hrsa-bps-h80-013762","CompleteCare Family Medicine Center","community_health_center","75 W Red Bank Ave","Woodbury","NJ","34","Gloucester County","34015","08096-1694","39.84290786","-75.15040596","856-451-4700","www.completecarenj.org","","","","","","","","","HRSA operating hours per week: 47.00","unknown","","","","","","","","","HRSA Health Center Service Delivery and Look-Alike Sites","https://data.hrsa.gov/DataDownload/DD_Files/Health_Center_Service_Delivery_and_LookAlike_Sites.csv","2026-06-03","Fields copied from HRSA CSV: site name, address, city, state, postal code, phone, website, HRSA geocoding coordinates, county/FIPS, operating hours per week, site status, and location setting. Location setting: All Other Clinic Types. Operational schedule: Full-Time. Daily hours, services, price, insurance, and accessibility fields were not supplied by this intake.","BPS-H80-013762","Health Center Service Delivery and Look-Alike Sites","2026-06-03","2026-06-03","needs_review",""
"hrsa-bps-h80-014317","North Hudson Community Action Corporation Health Center @ Englewood","community_health_center","197 S Van Brunt St","Englewood","NJ","34","Bergen County","34003","07631-4010","40.88892361","-73.9807967","201-537-4442","","","","","","","","","","HRSA operating hours per week: 42.00","unknown","","","","","","","","","HRSA Health Center Service Delivery and Look-Alike Sites","https://data.hrsa.gov/DataDownload/DD_Files/Health_Center_Service_Delivery_and_LookAlike_Sites.csv","2026-06-03","Fields copied from HRSA CSV: site name, address, city, state, postal code, phone, website, HRSA geocoding coordinates, county/FIPS, operating hours per week, site status, and location setting. Location setting: All Other Clinic Types. Operational schedule: Unknown. Daily hours, services, price, insurance, and accessibility fields were not supplied by this intake.","BPS-H80-014317","Health Center Service Delivery and Look-Alike Sites","2026-06-03","2026-06-03","needs_review",""
"hrsa-bps-h80-014865","CompleteCare Vineland Health Campus","community_health_center","785 W Sherman Ave","Vineland","NJ","34","Cumberland County","34011","08360-6913","39.44676549","-75.0441246","856-451-4700","www.completecarenj.org","","","","","","","","","HRSA operating hours per week: 64.50","unknown","","","","","","","","","HRSA Health Center Service Delivery and Look-Alike Sites","https://data.hrsa.gov/DataDownload/DD_Files/Health_Center_Service_Delivery_and_LookAlike_Sites.csv","2026-06-03","Fields copied from HRSA CSV: site name, address, city, state, postal code, phone, website, HRSA geocoding coordinates, county/FIPS, operating hours per week, site status, and location setting. Location setting: All Other Clinic Types. Operational schedule: Unknown. Daily hours, services, price, insurance, and accessibility fields were not supplied by this intake.","BPS-H80-014865","Health Center Service Delivery and Look-Alike Sites","2026-06-03","2026-06-03","needs_review",""
"hrsa-bps-h80-015353","Thirteenth Avenue School","community_health_center","359 13th Ave","Newark","NJ","34","Essex County","34013","07103-2125","40.74398038","-74.19736982","973-679-7709","www.cjmc.us","","","","","","","","","HRSA operating hours per week: 42.50","unknown","","","","","","","","","HRSA Health Center Service Delivery and Look-Alike Sites","https://data.hrsa.gov/DataDownload/DD_Files/Health_Center_Service_Delivery_and_LookAlike_Sites.csv","2026-06-03","Fields copied from HRSA CSV: site name, address, city, state, postal code, phone, website, HRSA geocoding coordinates, county/FIPS, operating hours per week, site status, and location setting. Location setting: School. Operational schedule: Unknown. Daily hours, services, price, insurance, and accessibility fields were not supplied by this intake.","BPS-H80-015353","Health Center Service Delivery and Look-Alike Sites","2026-06-03","2026-06-03","needs_review",""
"hrsa-bps-h80-015597","Henry J. Austin Health Center at All Access Mental Health","community_health_center","819 Alexander Rd","Princeton","NJ","34","Mercer County","34021","08540-6303","40.31712115","-74.63206748","609-278-5900","www.henryjaustin.org","","","","","","","","","HRSA operating hours per week: 4.00","unknown","","","","","","","","","HRSA Health Center Service Delivery and Look-Alike Sites","https://data.hrsa.gov/DataDownload/DD_Files/Health_Center_Service_Delivery_and_LookAlike_Sites.csv","2026-06-03","Fields copied from HRSA CSV: site name, address, city, state, postal code, phone, website, HRSA geocoding coordinates, county/FIPS, operating hours per week, site status, and location setting. Location setting: All Other Clinic Types. Operational schedule: Unknown. Daily hours, services, price, insurance, and accessibility fields were not supplied by this intake.","BPS-H80-015597","Health Center Service Delivery and Look-Alike Sites","2026-06-03","2026-06-03","needs_review",""
"hrsa-bps-h80-015598","Henry J. Austin Health Center at The Rescue Mission of Trenton","community_health_center","98 Carroll St","Trenton","NJ","34","Mercer County","34021","08609-1008","40.22338247","-74.7566985","609-278-5900","www.henryjaustin.org","","","","","","","","","HRSA operating hours per week: 8.00","unknown","","","","","","","","","HRSA Health Center Service Delivery and Look-Alike Sites","https://data.hrsa.gov/DataDownload/DD_Files/Health_Center_Service_Delivery_and_LookAlike_Sites.csv","2026-06-03","Fields copied from HRSA CSV: site name, address, city, state, postal code, phone, website, HRSA geocoding coordinates, county/FIPS, operating hours per week, site status, and location setting. Location setting: All Other Clinic Types. Operational schedule: Unknown. Daily hours, services, price, insurance, and accessibility fields were not supplied by this intake.","BPS-H80-015598","Health Center Service Delivery and Look-Alike Sites","2026-06-03","2026-06-03","needs_review",""
"hrsa-bps-h80-015619","Henry J. Austin Health Center at Oaks Integrated Care Inc.","community_health_center","314 E State St","Trenton","NJ","34","Mercer County","34021","08608-1810","40.22078304","-74.75908483","609-278-5900","www.henryjaustin.org","","","","","","","","","HRSA operating hours per week: 16.00","unknown","","","","","","","","","HRSA Health Center Service Delivery and Look-Alike Sites","https://data.hrsa.gov/DataDownload/DD_Files/Health_Center_Service_Delivery_and_LookAlike_Sites.csv","2026-06-03","Fields copied from HRSA CSV: site name, address, city, state, postal code, phone, website, HRSA geocoding coordinates, county/FIPS, operating hours per week, site status, and location setting. Location setting: All Other Clinic Types. Operational schedule: Unknown. Daily hours, services, price, insurance, and accessibility fields were not supplied by this intake.","BPS-H80-015619","Health Center Service Delivery and Look-Alike Sites","2026-06-03","2026-06-03","needs_review",""
"hrsa-bps-h80-015621","Henry J. Austin Health Center at Catholic Charities, Diocese of Trenton","community_health_center","10 Southard St","Trenton","NJ","34","Mercer County","34021","08609-1020","40.22314552","-74.75586542","609-278-5900","www.henryjaustin.org","","","","","","","","","HRSA operating hours per week: 16.00","unknown","","","","","","","","","HRSA Health Center Service Delivery and Look-Alike Sites","https://data.hrsa.gov/DataDownload/DD_Files/Health_Center_Service_Delivery_and_LookAlike_Sites.csv","2026-06-03","Fields copied from HRSA CSV: site name, address, city, state, postal code, phone, website, HRSA geocoding coordinates, county/FIPS, operating hours per week, site status, and location setting. Location setting: All Other Clinic Types. Operational schedule: Unknown. Daily hours, services, price, insurance, and accessibility fields were not supplied by this intake.","BPS-H80-015621","Health Center Service Delivery and Look-Alike Sites","2026-06-03","2026-06-03","needs_review",""
"hrsa-bps-h80-017136","Zufall Health Center Hackettstown","community_health_center","117 Seber Rd","Hackettstown","NJ","34","Warren County","34041","07840-1722","40.85617492","-74.81549679","908-452-5366","","","","","","","","","","HRSA operating hours per week: 46.00","unknown","","","","","","","","","HRSA Health Center Service Delivery and Look-Alike Sites","https://data.hrsa.gov/DataDownload/DD_Files/Health_Center_Service_Delivery_and_LookAlike_Sites.csv","2026-06-03","Fields copied from HRSA CSV: site name, address, city, state, postal code, phone, website, HRSA geocoding coordinates, county/FIPS, operating hours per week, site status, and location setting. Location setting: All Other Clinic Types. Operational schedule: Unknown. Daily hours, services, price, insurance, and accessibility fields were not supplied by this intake.","BPS-H80-017136","Health Center Service Delivery and Look-Alike Sites","2026-06-03","2026-06-03","needs_review",""
"hrsa-bps-h80-017393","OHI - SBHC at Lakewood High School","community_health_center","855 Somerset Ave","Lakewood","NJ","34","Ocean County","34029","08701-2127","40.09891796","-74.19518877","732-363-6655","","","","","","","","","","HRSA operating hours per week: 34.00","unknown","","","","","","","","","HRSA Health Center Service Delivery and Look-Alike Sites","https://data.hrsa.gov/DataDownload/DD_Files/Health_Center_Service_Delivery_and_LookAlike_Sites.csv","2026-06-03","Fields copied from HRSA CSV: site name, address, city, state, postal code, phone, website, HRSA geocoding coordinates, county/FIPS, operating hours per week, site status, and location setting. Location setting: School. Operational schedule: Unknown. Daily hours, services, price, insurance, and accessibility fields were not supplied by this intake.","BPS-H80-017393","Health Center Service Delivery and Look-Alike Sites","2026-06-03","2026-06-03","needs_review",""
"hrsa-bps-h80-017493","Saint James Health, Inc.","community_health_center","228 Lafayette St","Newark","NJ","34","Essex County","34013","07105-1815","40.72890972","-74.16278031","973-789-8111","","","","","","","","","","HRSA operating hours per week: 40.00","unknown","","","","","","","","","HRSA Health Center Service Delivery and Look-Alike Sites","https://data.hrsa.gov/DataDownload/DD_Files/Health_Center_Service_Delivery_and_LookAlike_Sites.csv","2026-06-03","Fields copied from HRSA CSV: site name, address, city, state, postal code, phone, website, HRSA geocoding coordinates, county/FIPS, operating hours per week, site status, and location setting. Location setting: All Other Clinic Types. Operational schedule: Unknown. Daily hours, services, price, insurance, and accessibility fields were not supplied by this intake.","BPS-H80-017493","Health Center Service Delivery and Look-Alike Sites","2026-06-03","2026-06-03","needs_review",""
"hrsa-bps-h80-017739","Zufall Health Center - Sussex","community_health_center","238 Spring St","Newton","NJ","34","Sussex County","34037","07860-2115","41.05590164","-74.74950859","973-862-6650","","","","","","","","","","HRSA operating hours per week: 50.00","unknown","","","","","","","","","HRSA Health Center Service Delivery and Look-Alike Sites","https://data.hrsa.gov/DataDownload/DD_Files/Health_Center_Service_Delivery_and_LookAlike_Sites.csv","2026-06-03","Fields copied from HRSA CSV: site name, address, city, state, postal code, phone, website, HRSA geocoding coordinates, county/FIPS, operating hours per week, site status, and location setting. Location setting: All Other Clinic Types. Operational schedule: Unknown. Daily hours, services, price, insurance, and accessibility fields were not supplied by this intake.","BPS-H80-017739","Health Center Service Delivery and Look-Alike Sites","2026-06-03","2026-06-03","needs_review",""
"hrsa-bps-h80-017765","CompleteCare Medical Professionals","community_health_center","717 Delsea Dr","Pitman","NJ","34","Gloucester County","34015","08071","39.73903397","-75.11360669","856-451-4700","www.completecarenj.org","","","","","","","","","HRSA operating hours per week: 55.50","unknown","","","","","","","","","HRSA Health Center Service Delivery and Look-Alike Sites","https://data.hrsa.gov/DataDownload/DD_Files/Health_Center_Service_Delivery_and_LookAlike_Sites.csv","2026-06-03","Fields copied from HRSA CSV: site name, address, city, state, postal code, phone, website, HRSA geocoding coordinates, county/FIPS, operating hours per week, site status, and location setting. Location setting: All Other Clinic Types. Operational schedule: Unknown. Daily hours, services, price, insurance, and accessibility fields were not supplied by this intake.","BPS-H80-017765","Health Center Service Delivery and Look-Alike Sites","2026-06-03","2026-06-03","needs_review",""
"hrsa-bps-h80-017976","Westgate","community_health_center","108 Hillside Blvd","Lakewood","NJ","34","Ocean County","34029","08701","40.08849511","-74.25453484","732-364-2144","www.chemedhealth.org","","","","","","","","","HRSA operating hours per week: 65.00","unknown","","","","","","","","","HRSA Health Center Service Delivery and Look-Alike Sites","https://data.hrsa.gov/DataDownload/DD_Files/Health_Center_Service_Delivery_and_LookAlike_Sites.csv","2026-06-03","Fields copied from HRSA CSV: site name, address, city, state, postal code, phone, website, HRSA geocoding coordinates, county/FIPS, operating hours per week, site status, and location setting. Location setting: All Other Clinic Types. Operational schedule: Unknown. Daily hours, services, price, insurance, and accessibility fields were not supplied by this intake.","BPS-H80-017976","Health Center Service Delivery and Look-Alike Sites","2026-06-03","2026-06-03","needs_review",""
"hrsa-bps-h80-018268","North Hudson Community Action Corporation Health Center @ Union City High School","community_health_center","2500 Kennedy Blvd","Union City","NJ","34","Hudson County","34017","07087-2295","40.77094321","-74.03648766","201-538-7888","","","","","","","","","","HRSA operating hours per week: 48.00","unknown","","","","","","","","","HRSA Health Center Service Delivery and Look-Alike Sites","https://data.hrsa.gov/DataDownload/DD_Files/Health_Center_Service_Delivery_and_LookAlike_Sites.csv","2026-06-03","Fields copied from HRSA CSV: site name, address, city, state, postal code, phone, website, HRSA geocoding coordinates, county/FIPS, operating hours per week, site status, and location setting. Location setting: All Other Clinic Types. Operational schedule: Unknown. Daily hours, services, price, insurance, and accessibility fields were not supplied by this intake.","BPS-H80-018268","Health Center Service Delivery and Look-Alike Sites","2026-06-03","2026-06-03","needs_review",""
"hrsa-bps-h80-018269","North Hudson Community Action Coporation-Harrison Health  Center","community_health_center","326 Harrison Ave","Harrison","NJ","34","Hudson County","34017","07029-3059","40.74648054","-74.15678515","862-229-1160","","","","","","","","","","HRSA operating hours per week: 40.00","unknown","","","","","","","","","HRSA Health Center Service Delivery and Look-Alike Sites","https://data.hrsa.gov/DataDownload/DD_Files/Health_Center_Service_Delivery_and_LookAlike_Sites.csv","2026-06-03","Fields copied from HRSA CSV: site name, address, city, state, postal code, phone, website, HRSA geocoding coordinates, county/FIPS, operating hours per week, site status, and location setting. Location setting: All Other Clinic Types. Operational schedule: Unknown. Daily hours, services, price, insurance, and accessibility fields were not supplied by this intake.","BPS-H80-018269","Health Center Service Delivery and Look-Alike Sites","2026-06-03","2026-06-03","needs_review",""
"hrsa-bps-h80-018507","OHI - Little Egg","community_health_center","798 CR-539","Tuckerton","NJ","34","Ocean County","34029","08087-4202","39.61572932","-74.34163207","732-363-6655","www.ohinj.org","","","","","","","","","HRSA operating hours per week: 45.00","unknown","","","","","","","","","HRSA Health Center Service Delivery and Look-Alike Sites","https://data.hrsa.gov/DataDownload/DD_Files/Health_Center_Service_Delivery_and_LookAlike_Sites.csv","2026-06-03","Fields copied from HRSA CSV: site name, address, city, state, postal code, phone, website, HRSA geocoding coordinates, county/FIPS, operating hours per week, site status, and location setting. Location setting: All Other Clinic Types. Operational schedule: Unknown. Daily hours, services, price, insurance, and accessibility fields were not supplied by this intake.","BPS-H80-018507","Health Center Service Delivery and Look-Alike Sites","2026-06-03","2026-06-03","needs_review",""
"hrsa-bps-h80-018520","Mobile Dental Van","community_health_center","17 S Warren St","Dover","NJ","34","Morris County","34027","07801-4506","40.88343975","-74.55960768","973-328-3344","www.zufallhealth.org","","","","","","","","","HRSA operating hours per week: 35.00","unknown","","","","","","","","","HRSA Health Center Service Delivery and Look-Alike Sites","https://data.hrsa.gov/DataDownload/DD_Files/Health_Center_Service_Delivery_and_LookAlike_Sites.csv","2026-06-03","Fields copied from HRSA CSV: site name, address, city, state, postal code, phone, website, HRSA geocoding coordinates, county/FIPS, operating hours per week, site status, and location setting. Location setting: All Other Clinic Types. Operational schedule: Unknown. Daily hours, services, price, insurance, and accessibility fields were not supplied by this intake.","BPS-H80-018520","Health Center Service Delivery and Look-Alike Sites","2026-06-03","2026-06-03","needs_review",""
"hrsa-bps-h80-018693","Jewish Renaissance Foundation Community Health Center","community_health_center","1931 Oak Tree Rd","Edison","NJ","34","Middlesex County","34023","08820-2072","40.57335744","-74.36368095","732-482-9600","","","","","","","","","","HRSA operating hours per week: 50.00","unknown","","","","","","","","","HRSA Health Center Service Delivery and Look-Alike Sites","https://data.hrsa.gov/DataDownload/DD_Files/Health_Center_Service_Delivery_and_LookAlike_Sites.csv","2026-06-03","Fields copied from HRSA CSV: site name, address, city, state, postal code, phone, website, HRSA geocoding coordinates, county/FIPS, operating hours per week, site status, and location setting. Location setting: All Other Clinic Types. Operational schedule: Unknown. Daily hours, services, price, insurance, and accessibility fields were not supplied by this intake.","BPS-H80-018693","Health Center Service Delivery and Look-Alike Sites","2026-06-03","2026-06-03","needs_review",""
"hrsa-bps-h80-018784","Newark Community Health Centers, Inc. dba Ironbound Medical and Dental Center","community_health_center","92 Ferry St","Newark","NJ","34","Essex County","34013","07105-1817","40.73090914","-74.16113989","973-483-1300","www.nchcfqhc.org","","","","","","","","","HRSA operating hours per week: 58.00","unknown","","","","","","","","","HRSA Health Center Service Delivery and Look-Alike Sites","https://data.hrsa.gov/DataDownload/DD_Files/Health_Center_Service_Delivery_and_LookAlike_Sites.csv","2026-06-03","Fields copied from HRSA CSV: site name, address, city, state, postal code, phone, website, HRSA geocoding coordinates, county/FIPS, operating hours per week, site status, and location setting. Location setting: All Other Clinic Types. Operational schedule: Unknown. Daily hours, services, price, insurance, and accessibility fields were not supplied by this intake.","BPS-H80-018784","Health Center Service Delivery and Look-Alike Sites","2026-06-03","2026-06-03","needs_review",""
"hrsa-bps-h80-019176","Cathedral Kitchen Satellite Site","community_health_center","1514 Federal St","Camden","NJ","34","Camden County","34007","08105-1712","39.94425194","-75.10229493","856-968-2320","","","","","","","","","","HRSA operating hours per week: 8.00","unknown","","","","","","","","","HRSA Health Center Service Delivery and Look-Alike Sites","https://data.hrsa.gov/DataDownload/DD_Files/Health_Center_Service_Delivery_and_LookAlike_Sites.csv","2026-06-03","Fields copied from HRSA CSV: site name, address, city, state, postal code, phone, website, HRSA geocoding coordinates, county/FIPS, operating hours per week, site status, and location setting. Location setting: All Other Clinic Types. Operational schedule: Unknown. Daily hours, services, price, insurance, and accessibility fields were not supplied by this intake.","BPS-H80-019176","Health Center Service Delivery and Look-Alike Sites","2026-06-03","2026-06-03","needs_review",""
"hrsa-bps-h80-019637","Saint James Health, Inc.","community_health_center","228 Lafayette St","Newark","NJ","34","Essex County","34013","07105-1815","40.72890972","-74.16278031","973-789-8111","","","","","","","","","","HRSA operating hours per week: 40.00","unknown","","","","","","","","","HRSA Health Center Service Delivery and Look-Alike Sites","https://data.hrsa.gov/DataDownload/DD_Files/Health_Center_Service_Delivery_and_LookAlike_Sites.csv","2026-06-03","Fields copied from HRSA CSV: site name, address, city, state, postal code, phone, website, HRSA geocoding coordinates, county/FIPS, operating hours per week, site status, and location setting. Location setting: All Other Clinic Types. Operational schedule: Unknown. Daily hours, services, price, insurance, and accessibility fields were not supplied by this intake.","BPS-H80-019637","Health Center Service Delivery and Look-Alike Sites","2026-06-03","2026-06-03","needs_review",""
"hrsa-bps-h80-019746","Southern Jersey at English Creek","community_health_center","3003 English Creek Ave, Suite C6","Egg Harbor Township","NJ","34","Atlantic County","34001","08234-4818","39.43332285","-74.61361195","609-567-0200","","","","","","","","","","HRSA operating hours per week: 52.00","unknown","","","","","","","","","HRSA Health Center Service Delivery and Look-Alike Sites","https://data.hrsa.gov/DataDownload/DD_Files/Health_Center_Service_Delivery_and_LookAlike_Sites.csv","2026-06-03","Fields copied from HRSA CSV: site name, address, city, state, postal code, phone, website, HRSA geocoding coordinates, county/FIPS, operating hours per week, site status, and location setting. Location setting: All Other Clinic Types. Operational schedule: Unknown. Daily hours, services, price, insurance, and accessibility fields were not supplied by this intake.","BPS-H80-019746","Health Center Service Delivery and Look-Alike Sites","2026-06-03","2026-06-03","needs_review",""
"hrsa-bps-h80-021287","North Hudson Community Action Corporation @ Passaic","community_health_center","220 Passaic St","Passaic","NJ","34","Passaic County","34031","07055-6460","40.86203346","-74.11799801","201-210-0100","","","","","","","","","","HRSA operating hours per week: 50.00","unknown","","","","","","","","","HRSA Health Center Service Delivery and Look-Alike Sites","https://data.hrsa.gov/DataDownload/DD_Files/Health_Center_Service_Delivery_and_LookAlike_Sites.csv","2026-06-03","Fields copied from HRSA CSV: site name, address, city, state, postal code, phone, website, HRSA geocoding coordinates, county/FIPS, operating hours per week, site status, and location setting. Location setting: All Other Clinic Types. Operational schedule: Unknown. Daily hours, services, price, insurance, and accessibility fields were not supplied by this intake.","BPS-H80-021287","Health Center Service Delivery and Look-Alike Sites","2026-06-03","2026-06-03","needs_review",""
"hrsa-bps-h80-021926","AtlantiCare Health Services-FQHC Galloway","community_health_center","54 W Jimmie Leeds Rd STE 8","Galloway","NJ","34","Atlantic County","34001","08205-9438","39.47619758","-74.53921862","609-404-7300","www.atlanticare.org","","","","","","","","","HRSA operating hours per week: 40.00","unknown","","","","","","","","","HRSA Health Center Service Delivery and Look-Alike Sites","https://data.hrsa.gov/DataDownload/DD_Files/Health_Center_Service_Delivery_and_LookAlike_Sites.csv","2026-06-03","Fields copied from HRSA CSV: site name, address, city, state, postal code, phone, website, HRSA geocoding coordinates, county/FIPS, operating hours per week, site status, and location setting. Location setting: All Other Clinic Types. Operational schedule: Unknown. Daily hours, services, price, insurance, and accessibility fields were not supplied by this intake.","BPS-H80-021926","Health Center Service Delivery and Look-Alike Sites","2026-06-03","2026-06-03","needs_review",""
"hrsa-bps-h80-022193","OHI - Freehold","community_health_center","20 Jackson St","Freehold","NJ","34","Monmouth County","34025","07728-2476","40.25935203","-74.26914741","732-363-6655","","","","","","","","","","HRSA operating hours per week: 45.00","unknown","","","","","","","","","HRSA Health Center Service Delivery and Look-Alike Sites","https://data.hrsa.gov/DataDownload/DD_Files/Health_Center_Service_Delivery_and_LookAlike_Sites.csv","2026-06-03","Fields copied from HRSA CSV: site name, address, city, state, postal code, phone, website, HRSA geocoding coordinates, county/FIPS, operating hours per week, site status, and location setting. Location setting: All Other Clinic Types. Operational schedule: Unknown. Daily hours, services, price, insurance, and accessibility fields were not supplied by this intake.","BPS-H80-022193","Health Center Service Delivery and Look-Alike Sites","2026-06-03","2026-06-03","needs_review",""
"hrsa-bps-h80-024564","Henry J Austin Health Center - Mobile Health Unit","community_health_center","218 N Broad St","Trenton","NJ","34","Mercer County","34021","08608-1306","40.22339006","-74.7644075","609-278-5900","","","","","","","","","","HRSA operating hours per week: 24.00","unknown","","","","","","","","","HRSA Health Center Service Delivery and Look-Alike Sites","https://data.hrsa.gov/DataDownload/DD_Files/Health_Center_Service_Delivery_and_LookAlike_Sites.csv","2026-06-03","Fields copied from HRSA CSV: site name, address, city, state, postal code, phone, website, HRSA geocoding coordinates, county/FIPS, operating hours per week, site status, and location setting. Location setting: All Other Clinic Types. Operational schedule: Unknown. Daily hours, services, price, insurance, and accessibility fields were not supplied by this intake.","BPS-H80-024564","Health Center Service Delivery and Look-Alike Sites","2026-06-03","2026-06-03","needs_review",""
"hrsa-bps-h80-024604","OHI BRICK TOWNSHIP","community_health_center","1610 Route 88","Brick","NJ","34","Ocean County","34029","08724-3018","40.0780733","-74.1337863","732-363-6655","","","","","","","","","","HRSA operating hours per week: 40.00","unknown","","","","","","","","","HRSA Health Center Service Delivery and Look-Alike Sites","https://data.hrsa.gov/DataDownload/DD_Files/Health_Center_Service_Delivery_and_LookAlike_Sites.csv","2026-06-03","Fields copied from HRSA CSV: site name, address, city, state, postal code, phone, website, HRSA geocoding coordinates, county/FIPS, operating hours per week, site status, and location setting. Location setting: All Other Clinic Types. Operational schedule: Unknown. Daily hours, services, price, insurance, and accessibility fields were not supplied by this intake.","BPS-H80-024604","Health Center Service Delivery and Look-Alike Sites","2026-06-03","2026-06-03","needs_review",""
"hrsa-bps-h80-027155","Freehold Family Health Center","community_health_center","597 Park Ave","Freehold","NJ","34","Monmouth County","34025","07728-2590","40.25027267","-74.26998192","732-294-2540","","","","","","","","","","HRSA operating hours per week: 56.50","unknown","","","","","","","","","HRSA Health Center Service Delivery and Look-Alike Sites","https://data.hrsa.gov/DataDownload/DD_Files/Health_Center_Service_Delivery_and_LookAlike_Sites.csv","2026-06-03","Fields copied from HRSA CSV: site name, address, city, state, postal code, phone, website, HRSA geocoding coordinates, county/FIPS, operating hours per week, site status, and location setting. Location setting: All Other Clinic Types. Operational schedule: Unknown. Daily hours, services, price, insurance, and accessibility fields were not supplied by this intake.","BPS-H80-027155","Health Center Service Delivery and Look-Alike Sites","2026-06-03","2026-06-03","needs_review",""
"hrsa-bps-h80-027550","Saint James Health, Inc. West","community_health_center","332 S 8th St","Newark","NJ","34","Essex County","34013","07103-2173","40.73855687","-74.19935491","973-789-8111","","","","","","","","","","HRSA operating hours per week: 40.00","unknown","","","","","","","","","HRSA Health Center Service Delivery and Look-Alike Sites","https://data.hrsa.gov/DataDownload/DD_Files/Health_Center_Service_Delivery_and_LookAlike_Sites.csv","2026-06-03","Fields copied from HRSA CSV: site name, address, city, state, postal code, phone, website, HRSA geocoding coordinates, county/FIPS, operating hours per week, site status, and location setting. Location setting: All Other Clinic Types. Operational schedule: Unknown. Daily hours, services, price, insurance, and accessibility fields were not supplied by this intake.","BPS-H80-027550","Health Center Service Delivery and Look-Alike Sites","2026-06-03","2026-06-03","needs_review",""
"hrsa-bps-h80-027686","OHI - Toms River","community_health_center","10 Stockton Dr","Toms River","NJ","34","Ocean County","34029","08755-6433","39.95985091","-74.21459489","732-363-6655","www.ohinj.org","","","","","","","","","HRSA operating hours per week: 53.00","unknown","","","","","","","","","HRSA Health Center Service Delivery and Look-Alike Sites","https://data.hrsa.gov/DataDownload/DD_Files/Health_Center_Service_Delivery_and_LookAlike_Sites.csv","2026-06-03","Fields copied from HRSA CSV: site name, address, city, state, postal code, phone, website, HRSA geocoding coordinates, county/FIPS, operating hours per week, site status, and location setting. Location setting: All Other Clinic Types. Operational schedule: Unknown. Daily hours, services, price, insurance, and accessibility fields were not supplied by this intake.","BPS-H80-027686","Health Center Service Delivery and Look-Alike Sites","2026-06-03","2026-06-03","needs_review",""
"hrsa-bps-h80-027862","AtlantiCare Health Services - Wellness Center","community_health_center","1401 Atlantic Ave","Atlantic City","NJ","34","Atlantic County","34001","08401-7001","39.36257573","-74.42916264","609-572-8220","","","","","","","","","","HRSA operating hours per week: 48.00","unknown","","","","","","","","","HRSA Health Center Service Delivery and Look-Alike Sites","https://data.hrsa.gov/DataDownload/DD_Files/Health_Center_Service_Delivery_and_LookAlike_Sites.csv","2026-06-03","Fields copied from HRSA CSV: site name, address, city, state, postal code, phone, website, HRSA geocoding coordinates, county/FIPS, operating hours per week, site status, and location setting. Location setting: All Other Clinic Types. Operational schedule: Unknown. Daily hours, services, price, insurance, and accessibility fields were not supplied by this intake.","BPS-H80-027862","Health Center Service Delivery and Look-Alike Sites","2026-06-03","2026-06-03","needs_review",""
"hrsa-bps-h80-029608","Osborn Family Health Center","community_health_center","1601 Haddon Ave","Camden","NJ","34","Camden County","34007","08103-3191","39.92643147","-75.09637663","856-757-3700","www.osbornfamilyhealthcenter.com","","","","","","","","","HRSA operating hours per week: 46.00","unknown","","","","","","","","","HRSA Health Center Service Delivery and Look-Alike Sites","https://data.hrsa.gov/DataDownload/DD_Files/Health_Center_Service_Delivery_and_LookAlike_Sites.csv","2026-06-03","Fields copied from HRSA CSV: site name, address, city, state, postal code, phone, website, HRSA geocoding coordinates, county/FIPS, operating hours per week, site status, and location setting. Location setting: All Other Clinic Types. Operational schedule: Unknown. Daily hours, services, price, insurance, and accessibility fields were not supplied by this intake.","BPS-H80-029608","Health Center Service Delivery and Look-Alike Sites","2026-06-03","2026-06-03","needs_review",""
"hrsa-bps-h80-029965","AtlantiCare Health Services - FQHC Adult Medicine Behavioral Health Clinic","community_health_center","1401 Atlantic Ave STE 2100","Atlantic City","NJ","34","Atlantic County","34001","08401-7026","39.36182953","-74.42891169","609-441-2104","","","","","","","","","","HRSA operating hours per week: 44.00","unknown","","","","","","","","","HRSA Health Center Service Delivery and Look-Alike Sites","https://data.hrsa.gov/DataDownload/DD_Files/Health_Center_Service_Delivery_and_LookAlike_Sites.csv","2026-06-03","Fields copied from HRSA CSV: site name, address, city, state, postal code, phone, website, HRSA geocoding coordinates, county/FIPS, operating hours per week, site status, and location setting. Location setting: All Other Clinic Types. Operational schedule: Unknown. Daily hours, services, price, insurance, and accessibility fields were not supplied by this intake.","BPS-H80-029965","Health Center Service Delivery and Look-Alike Sites","2026-06-03","2026-06-03","needs_review",""
"hrsa-bps-h80-029966","AtlantiCare Health Services - FQHC Internal Medicine Residency Teaching Clinic","community_health_center","1401 Atlantic Ave STE 2800","Atlantic City","NJ","34","Atlantic County","34001","08401-7027","39.36193388","-74.42868957","609-441-8036","https://www.atlanticare.org/services/federally-qualified-health-center/","","","","","","","","","HRSA operating hours per week: 40.00","unknown","","","","","","","","","HRSA Health Center Service Delivery and Look-Alike Sites","https://data.hrsa.gov/DataDownload/DD_Files/Health_Center_Service_Delivery_and_LookAlike_Sites.csv","2026-06-03","Fields copied from HRSA CSV: site name, address, city, state, postal code, phone, website, HRSA geocoding coordinates, county/FIPS, operating hours per week, site status, and location setting. Location setting: All Other Clinic Types. Operational schedule: Unknown. Daily hours, services, price, insurance, and accessibility fields were not supplied by this intake.","BPS-H80-029966","Health Center Service Delivery and Look-Alike Sites","2026-06-03","2026-06-03","needs_review",""
"hrsa-bps-h80-029967","AtlantiCare Health Services -FQHC Infectious Disease Clinic","community_health_center","1401 Atlantic Ave, Suite 2200","Atlantic City","NJ","34","Atlantic County","34001","08401-7026","39.36257573","-74.42916264","609-441-2104","https://www.atlanticare.org/services/federally-qualified-health-center/","","","","","","","","","HRSA operating hours per week: 40.00","unknown","","","","","","","","","HRSA Health Center Service Delivery and Look-Alike Sites","https://data.hrsa.gov/DataDownload/DD_Files/Health_Center_Service_Delivery_and_LookAlike_Sites.csv","2026-06-03","Fields copied from HRSA CSV: site name, address, city, state, postal code, phone, website, HRSA geocoding coordinates, county/FIPS, operating hours per week, site status, and location setting. Location setting: All Other Clinic Types. Operational schedule: Unknown. Daily hours, services, price, insurance, and accessibility fields were not supplied by this intake.","BPS-H80-029967","Health Center Service Delivery and Look-Alike Sites","2026-06-03","2026-06-03","needs_review",""
"hrsa-bps-h80-030532","AtlantiCare Health Services - FQHC Adult Medicine Clinic","community_health_center","1401 Atlantic Ave STE 2500","Atlantic City","NJ","34","Atlantic County","34001","08401-7027","39.36193388","-74.42868957","609-572-6055","https://www.atlanticare.org/services/federally-qualified-health-center/","","","","","","","","","HRSA operating hours per week: 48.50","unknown","","","","","","","","","HRSA Health Center Service Delivery and Look-Alike Sites","https://data.hrsa.gov/DataDownload/DD_Files/Health_Center_Service_Delivery_and_LookAlike_Sites.csv","2026-06-03","Fields copied from HRSA CSV: site name, address, city, state, postal code, phone, website, HRSA geocoding coordinates, county/FIPS, operating hours per week, site status, and location setting. Location setting: All Other Clinic Types. Operational schedule: Unknown. Daily hours, services, price, insurance, and accessibility fields were not supplied by this intake.","BPS-H80-030532","Health Center Service Delivery and Look-Alike Sites","2026-06-03","2026-06-03","needs_review",""
"hrsa-bps-h80-032325","Zufall Health Plainsboro","community_health_center","1 Plainsboro Rd","Plainsboro","NJ","34","Middlesex County","34023","08536-1913","40.33827209","-74.62482451","609-853-7600","www.zufallhealth.org","","","","","","","","","HRSA operating hours per week: 45.00","unknown","","","","","","","","","HRSA Health Center Service Delivery and Look-Alike Sites","https://data.hrsa.gov/DataDownload/DD_Files/Health_Center_Service_Delivery_and_LookAlike_Sites.csv","2026-06-03","Fields copied from HRSA CSV: site name, address, city, state, postal code, phone, website, HRSA geocoding coordinates, county/FIPS, operating hours per week, site status, and location setting. Location setting: All Other Clinic Types. Operational schedule: Unknown. Daily hours, services, price, insurance, and accessibility fields were not supplied by this intake.","BPS-H80-032325","Health Center Service Delivery and Look-Alike Sites","2026-06-03","2026-06-03","needs_review",""
"hrsa-bps-h80-032458","CompleteCare Adult & Specialty Medical Professionals","community_health_center","30 N Pearl St","Bridgeton","NJ","34","Cumberland County","34011","08302-1947","39.4296684","-75.23267589","856-451-4700","","","","","","","","","","HRSA operating hours per week: 51.50","unknown","","","","","","","","","HRSA Health Center Service Delivery and Look-Alike Sites","https://data.hrsa.gov/DataDownload/DD_Files/Health_Center_Service_Delivery_and_LookAlike_Sites.csv","2026-06-03","Fields copied from HRSA CSV: site name, address, city, state, postal code, phone, website, HRSA geocoding coordinates, county/FIPS, operating hours per week, site status, and location setting. Location setting: All Other Clinic Types. Operational schedule: Unknown. Daily hours, services, price, insurance, and accessibility fields were not supplied by this intake.","BPS-H80-032458","Health Center Service Delivery and Look-Alike Sites","2026-06-03","2026-06-03","needs_review",""
"hrsa-bps-h80-032546","CompleteCare Medical & Dental Professionals","community_health_center","530 High St N","Millville","NJ","34","Cumberland County","34011","08332-3009","39.401473","-75.03908398","856-451-4700","www.completecarenj.org","","","","","","","","","HRSA operating hours per week: 54.00","unknown","","","","","","","","","HRSA Health Center Service Delivery and Look-Alike Sites","https://data.hrsa.gov/DataDownload/DD_Files/Health_Center_Service_Delivery_and_LookAlike_Sites.csv","2026-06-03","Fields copied from HRSA CSV: site name, address, city, state, postal code, phone, website, HRSA geocoding coordinates, county/FIPS, operating hours per week, site status, and location setting. Location setting: All Other Clinic Types. Operational schedule: Unknown. Daily hours, services, price, insurance, and accessibility fields were not supplied by this intake.","BPS-H80-032546","Health Center Service Delivery and Look-Alike Sites","2026-06-03","2026-06-03","needs_review",""
"hrsa-bps-h80-033669","Henry J Austin @ PJ Hill Elementary School","community_health_center","1010 E State St","Trenton","NJ","34","Mercer County","34021","08609-1506","40.22529916","-74.74240903","609-656-4980","https://www.trentonk12.org/PJHillelementary_home.aspx","","","","","","","","","HRSA operating hours per week: 20.00","unknown","","","","","","","","","HRSA Health Center Service Delivery and Look-Alike Sites","https://data.hrsa.gov/DataDownload/DD_Files/Health_Center_Service_Delivery_and_LookAlike_Sites.csv","2026-06-03","Fields copied from HRSA CSV: site name, address, city, state, postal code, phone, website, HRSA geocoding coordinates, county/FIPS, operating hours per week, site status, and location setting. Location setting: School. Operational schedule: Unknown. Daily hours, services, price, insurance, and accessibility fields were not supplied by this intake.","BPS-H80-033669","Health Center Service Delivery and Look-Alike Sites","2026-06-03","2026-06-03","needs_review",""
"hrsa-bps-h80-033763","Jackson site","community_health_center","275 S Hope Chapel Rd","Jackson","NJ","34","Ocean County","34029","08527-5050","40.06745477","-74.27200288","732-364-2144","www.chemedhealth.org","","","","","","","","","HRSA operating hours per week: 40.00","unknown","","","","","","","","","HRSA Health Center Service Delivery and Look-Alike Sites","https://data.hrsa.gov/DataDownload/DD_Files/Health_Center_Service_Delivery_and_LookAlike_Sites.csv","2026-06-03","Fields copied from HRSA CSV: site name, address, city, state, postal code, phone, website, HRSA geocoding coordinates, county/FIPS, operating hours per week, site status, and location setting. Location setting: All Other Clinic Types. Operational schedule: Unknown. Daily hours, services, price, insurance, and accessibility fields were not supplied by this intake.","BPS-H80-033763","Health Center Service Delivery and Look-Alike Sites","2026-06-03","2026-06-03","needs_review",""
"hrsa-bps-h80-033863","AtlantiCare Health Services - FQHC Pediatric Clinic","community_health_center","7 S Ohio Ave","Atlantic City","NJ","34","Atlantic County","34001","08401-6711","39.35926928","-74.43393203","609-572-8686","www.atlanticare.org","","","","","","","","","HRSA operating hours per week: 44.00","unknown","","","","","","","","","HRSA Health Center Service Delivery and Look-Alike Sites","https://data.hrsa.gov/DataDownload/DD_Files/Health_Center_Service_Delivery_and_LookAlike_Sites.csv","2026-06-03","Fields copied from HRSA CSV: site name, address, city, state, postal code, phone, website, HRSA geocoding coordinates, county/FIPS, operating hours per week, site status, and location setting. Location setting: All Other Clinic Types. Operational schedule: Unknown. Daily hours, services, price, insurance, and accessibility fields were not supplied by this intake.","BPS-H80-033863","Health Center Service Delivery and Look-Alike Sites","2026-06-03","2026-06-03","needs_review",""
"hrsa-bps-h80-034310","Newark Community Health Centers - Mobile Unit","community_health_center","741 Broadway","Newark","NJ","34","Essex County","34013","07104-4390","40.77519044","-74.15875968","973-483-1300","www.nchcfqhc.org","","","","","","","","","HRSA operating hours per week: 77.00","unknown","","","","","","","","","HRSA Health Center Service Delivery and Look-Alike Sites","https://data.hrsa.gov/DataDownload/DD_Files/Health_Center_Service_Delivery_and_LookAlike_Sites.csv","2026-06-03","Fields copied from HRSA CSV: site name, address, city, state, postal code, phone, website, HRSA geocoding coordinates, county/FIPS, operating hours per week, site status, and location setting. Location setting: All Other Clinic Types. Operational schedule: Unknown. Daily hours, services, price, insurance, and accessibility fields were not supplied by this intake.","BPS-H80-034310","Health Center Service Delivery and Look-Alike Sites","2026-06-03","2026-06-03","needs_review",""
"hrsa-bps-h80-034825","JRF Community Health Center-Mobile Unit","community_health_center","1931 Oak Tree Rd","Edison","NJ","34","Middlesex County","34023","08820-2072","40.57335744","-74.36368095","732-482-9600","www.jrfnj.org/chc","","","","","","","","","HRSA operating hours per week: 8.00","unknown","","","","","","","","","HRSA Health Center Service Delivery and Look-Alike Sites","https://data.hrsa.gov/DataDownload/DD_Files/Health_Center_Service_Delivery_and_LookAlike_Sites.csv","2026-06-03","Fields copied from HRSA CSV: site name, address, city, state, postal code, phone, website, HRSA geocoding coordinates, county/FIPS, operating hours per week, site status, and location setting. Location setting: All Other Clinic Types. Operational schedule: Unknown. Daily hours, services, price, insurance, and accessibility fields were not supplied by this intake.","BPS-H80-034825","Health Center Service Delivery and Look-Alike Sites","2026-06-03","2026-06-03","needs_review",""
"hrsa-bps-h80-035072","Zufall SBHC @ Hillcrest-Hamilton Schools","community_health_center","500 Franklin Blvd","Somerset","NJ","34","Somerset County","34035","08873-3030","40.49199389","-74.48223895","908-526-2335","www.zufallhealth.org","","","","","","","","","HRSA operating hours per week: 20.00","unknown","","","","","","","","","HRSA Health Center Service Delivery and Look-Alike Sites","https://data.hrsa.gov/DataDownload/DD_Files/Health_Center_Service_Delivery_and_LookAlike_Sites.csv","2026-06-03","Fields copied from HRSA CSV: site name, address, city, state, postal code, phone, website, HRSA geocoding coordinates, county/FIPS, operating hours per week, site status, and location setting. Location setting: School. Operational schedule: Unknown. Daily hours, services, price, insurance, and accessibility fields were not supplied by this intake.","BPS-H80-035072","Health Center Service Delivery and Look-Alike Sites","2026-06-03","2026-06-03","needs_review",""
"hrsa-bps-h80-035178","Red Bank Community Health Center","community_health_center","66 Bridge Ave","Red Bank","NJ","34","Monmouth County","34025","07701-6410","40.34839491","-74.07528221","732-219-6620","","","","","","","","","","HRSA operating hours per week: 48.00","unknown","","","","","","","","","HRSA Health Center Service Delivery and Look-Alike Sites","https://data.hrsa.gov/DataDownload/DD_Files/Health_Center_Service_Delivery_and_LookAlike_Sites.csv","2026-06-03","Fields copied from HRSA CSV: site name, address, city, state, postal code, phone, website, HRSA geocoding coordinates, county/FIPS, operating hours per week, site status, and location setting. Location setting: All Other Clinic Types. Operational schedule: Unknown. Daily hours, services, price, insurance, and accessibility fields were not supplied by this intake.","BPS-H80-035178","Health Center Service Delivery and Look-Alike Sites","2026-06-03","2026-06-03","needs_review",""
"hrsa-bps-h80-035398","North Hudson Community Action Corporation @ Secaucus","community_health_center","55 Meadowlands Pkwy","Secaucus","NJ","34","Hudson County","34017","07094-2977","40.79182395","-74.07324851","201-210-0100","","","","","","","","","","HRSA operating hours per week: 40.00","unknown","","","","","","","","","HRSA Health Center Service Delivery and Look-Alike Sites","https://data.hrsa.gov/DataDownload/DD_Files/Health_Center_Service_Delivery_and_LookAlike_Sites.csv","2026-06-03","Fields copied from HRSA CSV: site name, address, city, state, postal code, phone, website, HRSA geocoding coordinates, county/FIPS, operating hours per week, site status, and location setting. Location setting: All Other Clinic Types. Operational schedule: Unknown. Daily hours, services, price, insurance, and accessibility fields were not supplied by this intake.","BPS-H80-035398","Health Center Service Delivery and Look-Alike Sites","2026-06-03","2026-06-03","needs_review",""
"hrsa-bps-h80-035399","AtlantiCare Health Services- FQHC Family Medicine Residency Clinic","community_health_center","7 S Ohio Ave","Atlantic City","NJ","34","Atlantic County","34001","08401-6711","39.35926928","-74.43393203","609-572-8800","https://www.atlanticare.org/services/federally-qualified-health-center/","","","","","","","","","HRSA operating hours per week: 40.00","unknown","","","","","","","","","HRSA Health Center Service Delivery and Look-Alike Sites","https://data.hrsa.gov/DataDownload/DD_Files/Health_Center_Service_Delivery_and_LookAlike_Sites.csv","2026-06-03","Fields copied from HRSA CSV: site name, address, city, state, postal code, phone, website, HRSA geocoding coordinates, county/FIPS, operating hours per week, site status, and location setting. Location setting: All Other Clinic Types. Operational schedule: Unknown. Daily hours, services, price, insurance, and accessibility fields were not supplied by this intake.","BPS-H80-035399","Health Center Service Delivery and Look-Alike Sites","2026-06-03","2026-06-03","needs_review",""
"hrsa-bps-h80-035521","AtlantiCare Health Services-FQHC Senior Care","community_health_center","1401 Atlantic Ave","Atlantic City","NJ","34","Atlantic County","34001","08401-7001","39.36257573","-74.42916264","609-572-8333","","","","","","","","","","HRSA operating hours per week: 40.00","unknown","","","","","","","","","HRSA Health Center Service Delivery and Look-Alike Sites","https://data.hrsa.gov/DataDownload/DD_Files/Health_Center_Service_Delivery_and_LookAlike_Sites.csv","2026-06-03","Fields copied from HRSA CSV: site name, address, city, state, postal code, phone, website, HRSA geocoding coordinates, county/FIPS, operating hours per week, site status, and location setting. Location setting: All Other Clinic Types. Operational schedule: Unknown. Daily hours, services, price, insurance, and accessibility fields were not supplied by this intake.","BPS-H80-035521","Health Center Service Delivery and Look-Alike Sites","2026-06-03","2026-06-03","needs_review",""
"hrsa-bps-h80-035989","Saint James Health South Ward Wellness Center","community_health_center","491 Clinton Ave","Newark","NJ","34","Essex County","34013","07108-1839","40.72165887","-74.20042117","973-789-8111","www.saintjameshealth.com","","","","","","","","","HRSA operating hours per week: 50.00","unknown","","","","","","","","","HRSA Health Center Service Delivery and Look-Alike Sites","https://data.hrsa.gov/DataDownload/DD_Files/Health_Center_Service_Delivery_and_LookAlike_Sites.csv","2026-06-03","Fields copied from HRSA CSV: site name, address, city, state, postal code, phone, website, HRSA geocoding coordinates, county/FIPS, operating hours per week, site status, and location setting. Location setting: All Other Clinic Types. Operational schedule: Unknown. Daily hours, services, price, insurance, and accessibility fields were not supplied by this intake.","BPS-H80-035989","Health Center Service Delivery and Look-Alike Sites","2026-06-03","2026-06-03","needs_review",""
"hrsa-bps-h80-036197","Zufall Health Center Bridgewater","community_health_center","500 N Bridge St","Bridgewater","NJ","34","Somerset County","34035","08807-2135","40.58887901","-74.60860402","973-328-3344","","","","","","","","","","HRSA operating hours per week: 30.00","unknown","","","","","","","","","HRSA Health Center Service Delivery and Look-Alike Sites","https://data.hrsa.gov/DataDownload/DD_Files/Health_Center_Service_Delivery_and_LookAlike_Sites.csv","2026-06-03","Fields copied from HRSA CSV: site name, address, city, state, postal code, phone, website, HRSA geocoding coordinates, county/FIPS, operating hours per week, site status, and location setting. Location setting: All Other Clinic Types. Operational schedule: Unknown. Daily hours, services, price, insurance, and accessibility fields were not supplied by this intake.","BPS-H80-036197","Health Center Service Delivery and Look-Alike Sites","2026-06-03","2026-06-03","needs_review",""
"hrsa-bps-h80-036347","South Side","community_health_center","1171 River Ave","Lakewood","NJ","34","Ocean County","34029","08701-5610","40.05549761","-74.21983366","732-364-6666","","","","","","","","","","HRSA operating hours per week: 70.00","unknown","","","","","","","","","HRSA Health Center Service Delivery and Look-Alike Sites","https://data.hrsa.gov/DataDownload/DD_Files/Health_Center_Service_Delivery_and_LookAlike_Sites.csv","2026-06-03","Fields copied from HRSA CSV: site name, address, city, state, postal code, phone, website, HRSA geocoding coordinates, county/FIPS, operating hours per week, site status, and location setting. Location setting: All Other Clinic Types. Operational schedule: Unknown. Daily hours, services, price, insurance, and accessibility fields were not supplied by this intake.","BPS-H80-036347","Health Center Service Delivery and Look-Alike Sites","2026-06-03","2026-06-03","needs_review",""
"hrsa-bps-h80-036470","Goodale Pharmacy","community_health_center","16 N Sussex St","Dover","NJ","34","Morris County","34027","07801-3958","40.8848166","-74.55807908","973-366-0976","","","","","","","","","","HRSA operating hours per week: 50.00","unknown","","","","","","","","","HRSA Health Center Service Delivery and Look-Alike Sites","https://data.hrsa.gov/DataDownload/DD_Files/Health_Center_Service_Delivery_and_LookAlike_Sites.csv","2026-06-03","Fields copied from HRSA CSV: site name, address, city, state, postal code, phone, website, HRSA geocoding coordinates, county/FIPS, operating hours per week, site status, and location setting. Location setting: All Other Clinic Types. Operational schedule: Unknown. Daily hours, services, price, insurance, and accessibility fields were not supplied by this intake.","BPS-H80-036470","Health Center Service Delivery and Look-Alike Sites","2026-06-03","2026-06-03","needs_review",""
"hrsa-bps-h80-036679","CompleteCare Mobile Medical Unit","community_health_center","785 W Sherman Ave","Vineland","NJ","34","Cumberland County","34011","08360-6913","39.44676549","-75.0441246","856-451-4700","CompleteCareNJ.org","","","","","","","","","HRSA operating hours per week: 12.50","unknown","","","","","","","","","HRSA Health Center Service Delivery and Look-Alike Sites","https://data.hrsa.gov/DataDownload/DD_Files/Health_Center_Service_Delivery_and_LookAlike_Sites.csv","2026-06-03","Fields copied from HRSA CSV: site name, address, city, state, postal code, phone, website, HRSA geocoding coordinates, county/FIPS, operating hours per week, site status, and location setting. Location setting: All Other Clinic Types. Operational schedule: Unknown. Daily hours, services, price, insurance, and accessibility fields were not supplied by this intake.","BPS-H80-036679","Health Center Service Delivery and Look-Alike Sites","2026-06-03","2026-06-03","needs_review",""
"hrsa-bps-h80-036822","AtlantiCare Health Services-FQHC Substance Use Disorder Clinic","community_health_center","1401 Atlantic Ave STE 2300","Atlantic City","NJ","34","Atlantic County","34001","08401-7026","39.36193388","-74.42868957","609-572-6055","","","","","","","","","","HRSA operating hours per week: 40.00","unknown","","","","","","","","","HRSA Health Center Service Delivery and Look-Alike Sites","https://data.hrsa.gov/DataDownload/DD_Files/Health_Center_Service_Delivery_and_LookAlike_Sites.csv","2026-06-03","Fields copied from HRSA CSV: site name, address, city, state, postal code, phone, website, HRSA geocoding coordinates, county/FIPS, operating hours per week, site status, and location setting. Location setting: All Other Clinic Types. Operational schedule: Unknown. Daily hours, services, price, insurance, and accessibility fields were not supplied by this intake.","BPS-H80-036822","Health Center Service Delivery and Look-Alike Sites","2026-06-03","2026-06-03","needs_review",""
"hrsa-bps-h80-037103","Zufall Health Center West Orange","community_health_center","49 Mount Pleasant Ave","West Orange","NJ","34","Essex County","34013","07052-4901","40.77947624","-74.24096679","973-325-2266","","","","","","","","","","HRSA operating hours per week: 45.00","unknown","","","","","","","","","HRSA Health Center Service Delivery and Look-Alike Sites","https://data.hrsa.gov/DataDownload/DD_Files/Health_Center_Service_Delivery_and_LookAlike_Sites.csv","2026-06-03","Fields copied from HRSA CSV: site name, address, city, state, postal code, phone, website, HRSA geocoding coordinates, county/FIPS, operating hours per week, site status, and location setting. Location setting: All Other Clinic Types. Operational schedule: Unknown. Daily hours, services, price, insurance, and accessibility fields were not supplied by this intake.","BPS-H80-037103","Health Center Service Delivery and Look-Alike Sites","2026-06-03","2026-06-03","needs_review",""
"hrsa-bps-h80-037577","394 University Avenue Mobile #2","community_health_center","394 University Ave","Newark","NJ","34","Essex County","34013","07102-1221","40.73418512","-74.1776395","800-734-7083","","","","","","","","","","HRSA operating hours per week: 28.00","unknown","","","","","","","","","HRSA Health Center Service Delivery and Look-Alike Sites","https://data.hrsa.gov/DataDownload/DD_Files/Health_Center_Service_Delivery_and_LookAlike_Sites.csv","2026-06-03","Fields copied from HRSA CSV: site name, address, city, state, postal code, phone, website, HRSA geocoding coordinates, county/FIPS, operating hours per week, site status, and location setting. Location setting: All Other Clinic Types. Operational schedule: Unknown. Daily hours, services, price, insurance, and accessibility fields were not supplied by this intake.","BPS-H80-037577","Health Center Service Delivery and Look-Alike Sites","2026-06-03","2026-06-03","needs_review",""
"hrsa-bps-h80-037651","Mary Eliza Mahoney Health Center @ Speedway","community_health_center","701 S Orange Ave","Newark","NJ","34","Essex County","34013","07106-1300","40.74511416","-74.21618628","973-645-4970","","","","","","","","","","HRSA operating hours per week: 40.00","unknown","","","","","","","","","HRSA Health Center Service Delivery and Look-Alike Sites","https://data.hrsa.gov/DataDownload/DD_Files/Health_Center_Service_Delivery_and_LookAlike_Sites.csv","2026-06-03","Fields copied from HRSA CSV: site name, address, city, state, postal code, phone, website, HRSA geocoding coordinates, county/FIPS, operating hours per week, site status, and location setting. Location setting: School. Operational schedule: Unknown. Daily hours, services, price, insurance, and accessibility fields were not supplied by this intake.","BPS-H80-037651","Health Center Service Delivery and Look-Alike Sites","2026-06-03","2026-06-03","needs_review",""
"hrsa-bps-h80-037818","Mary Eliza Mahoney Health Center Mobile Unit #3","community_health_center","394 University Ave","Newark","NJ","34","Essex County","34013","07102-1221","40.73418512","-74.1776395","800-734-7083","","","","","","","","","","HRSA operating hours per week: 25.00","unknown","","","","","","","","","HRSA Health Center Service Delivery and Look-Alike Sites","https://data.hrsa.gov/DataDownload/DD_Files/Health_Center_Service_Delivery_and_LookAlike_Sites.csv","2026-06-03","Fields copied from HRSA CSV: site name, address, city, state, postal code, phone, website, HRSA geocoding coordinates, county/FIPS, operating hours per week, site status, and location setting. Location setting: All Other Clinic Types. Operational schedule: Unknown. Daily hours, services, price, insurance, and accessibility fields were not supplied by this intake.","BPS-H80-037818","Health Center Service Delivery and Look-Alike Sites","2026-06-03","2026-06-03","needs_review",""
"hrsa-bps-h80-037941","AtlantiCare Health Services-FQHC Primary Care and Infusion Center","community_health_center","2500 English Creek Ave STE 601","Egg Harbor Township","NJ","34","Atlantic County","34001","08234-5588","39.43680578","-74.60623613","609-833-9925","","","","","","","","","","HRSA operating hours per week: 40.00","unknown","","","","","","","","","HRSA Health Center Service Delivery and Look-Alike Sites","https://data.hrsa.gov/DataDownload/DD_Files/Health_Center_Service_Delivery_and_LookAlike_Sites.csv","2026-06-03","Fields copied from HRSA CSV: site name, address, city, state, postal code, phone, website, HRSA geocoding coordinates, county/FIPS, operating hours per week, site status, and location setting. Location setting: All Other Clinic Types. Operational schedule: Unknown. Daily hours, services, price, insurance, and accessibility fields were not supplied by this intake.","BPS-H80-037941","Health Center Service Delivery and Look-Alike Sites","2026-06-03","2026-06-03","needs_review",""
"hrsa-bps-h80-038111","AtlantiCare Health Services FQHC JBRC Medical Clinic","community_health_center","660 Black Horse Pike","Pleasantville","NJ","34","Atlantic County","34001","08232-2360","39.39300385","-74.53595507","609-833-4488","","","","","","","","","","HRSA operating hours per week: 40.00","unknown","","","","","","","","","HRSA Health Center Service Delivery and Look-Alike Sites","https://data.hrsa.gov/DataDownload/DD_Files/Health_Center_Service_Delivery_and_LookAlike_Sites.csv","2026-06-03","Fields copied from HRSA CSV: site name, address, city, state, postal code, phone, website, HRSA geocoding coordinates, county/FIPS, operating hours per week, site status, and location setting. Location setting: All Other Clinic Types. Operational schedule: Unknown. Daily hours, services, price, insurance, and accessibility fields were not supplied by this intake.","BPS-H80-038111","Health Center Service Delivery and Look-Alike Sites","2026-06-03","2026-06-03","needs_review",""
"hrsa-bps-h80-038254","Belz with address","community_health_center","485 Locust St","Lakewood","NJ","34","Ocean County","34029","08701-5896","40.04605225","-74.20105409","732-364-6666","","","","","","","","","","HRSA operating hours per week: 76.00","unknown","","","","","","","","","HRSA Health Center Service Delivery and Look-Alike Sites","https://data.hrsa.gov/DataDownload/DD_Files/Health_Center_Service_Delivery_and_LookAlike_Sites.csv","2026-06-03","Fields copied from HRSA CSV: site name, address, city, state, postal code, phone, website, HRSA geocoding coordinates, county/FIPS, operating hours per week, site status, and location setting. Location setting: All Other Clinic Types. Operational schedule: Unknown. Daily hours, services, price, insurance, and accessibility fields were not supplied by this intake.","BPS-H80-038254","Health Center Service Delivery and Look-Alike Sites","2026-06-03","2026-06-03","needs_review",""
"hrsa-bps-h80-038344","Rutgers RWJ Eric B. Chandler Health Center","community_health_center","1000 Somerset St","New Brunswick","NJ","34","Middlesex County","34023","08901-3638","40.48174919","-74.48232067","732-235-7435","","","","","","","","","","HRSA operating hours per week: 40.00","unknown","","","","","","","","","HRSA Health Center Service Delivery and Look-Alike Sites","https://data.hrsa.gov/DataDownload/DD_Files/Health_Center_Service_Delivery_and_LookAlike_Sites.csv","2026-06-03","Fields copied from HRSA CSV: site name, address, city, state, postal code, phone, website, HRSA geocoding coordinates, county/FIPS, operating hours per week, site status, and location setting. Location setting: School. Operational schedule: Unknown. Daily hours, services, price, insurance, and accessibility fields were not supplied by this intake.","BPS-H80-038344","Health Center Service Delivery and Look-Alike Sites","2026-06-03","2026-06-03","needs_review",""
"hrsa-bps-h80-038345","Rutgers RWJ Eric B. Chandler Health Center","community_health_center","123 Church St","New Brunswick","NJ","34","Middlesex County","34023","08901-2001","40.496012","-74.444339","732-235-2052","","","","","","","","","","HRSA operating hours per week: 42.50","unknown","","","","","","","","","HRSA Health Center Service Delivery and Look-Alike Sites","https://data.hrsa.gov/DataDownload/DD_Files/Health_Center_Service_Delivery_and_LookAlike_Sites.csv","2026-06-03","Fields copied from HRSA CSV: site name, address, city, state, postal code, phone, website, HRSA geocoding coordinates, county/FIPS, operating hours per week, site status, and location setting. Location setting: All Other Clinic Types. Operational schedule: Unknown. Daily hours, services, price, insurance, and accessibility fields were not supplied by this intake.","BPS-H80-038345","Health Center Service Delivery and Look-Alike Sites","2026-06-03","2026-06-03","needs_review",""
"hrsa-bps-h80-038364","Central Jersey Medical Center","community_health_center","1540 Roosevelt Ave","Carteret","NJ","34","Middlesex County","34023","07008-1330","40.59539036","-74.25131223","732-376-6650","www.cjmc.us","","","","","","","","","HRSA operating hours per week: 42.50","unknown","","","","","","","","","HRSA Health Center Service Delivery and Look-Alike Sites","https://data.hrsa.gov/DataDownload/DD_Files/Health_Center_Service_Delivery_and_LookAlike_Sites.csv","2026-06-03","Fields copied from HRSA CSV: site name, address, city, state, postal code, phone, website, HRSA geocoding coordinates, county/FIPS, operating hours per week, site status, and location setting. Location setting: All Other Clinic Types. Operational schedule: Unknown. Daily hours, services, price, insurance, and accessibility fields were not supplied by this intake.","BPS-H80-038364","Health Center Service Delivery and Look-Alike Sites","2026-06-03","2026-06-03","needs_review",""
"hrsa-bps-h80-038477","AtlantiCare Health Services - FQHC Dental Clinic","community_health_center","7 S Ohio Ave","Atlantic City","NJ","34","Atlantic County","34001","08401-6711","39.35926928","-74.43393203","609-572-8666","","","","","","","","","","HRSA operating hours per week: 40.00","unknown","","","","","","","","","HRSA Health Center Service Delivery and Look-Alike Sites","https://data.hrsa.gov/DataDownload/DD_Files/Health_Center_Service_Delivery_and_LookAlike_Sites.csv","2026-06-03","Fields copied from HRSA CSV: site name, address, city, state, postal code, phone, website, HRSA geocoding coordinates, county/FIPS, operating hours per week, site status, and location setting. Location setting: All Other Clinic Types. Operational schedule: Unknown. Daily hours, services, price, insurance, and accessibility fields were not supplied by this intake.","BPS-H80-038477","Health Center Service Delivery and Look-Alike Sites","2026-06-03","2026-06-03","needs_review",""
"hrsa-bps-h80-038486","Men & Family Health Professionals","community_health_center","711 Marsha Ave","Williamstown","NJ","34","Gloucester County","34015","08094-1017","39.69243073","-75.00204376","856-451-4700","www.completecarenj.org","","","","","","","","","HRSA operating hours per week: 34.00","unknown","","","","","","","","","HRSA Health Center Service Delivery and Look-Alike Sites","https://data.hrsa.gov/DataDownload/DD_Files/Health_Center_Service_Delivery_and_LookAlike_Sites.csv","2026-06-03","Fields copied from HRSA CSV: site name, address, city, state, postal code, phone, website, HRSA geocoding coordinates, county/FIPS, operating hours per week, site status, and location setting. Location setting: All Other Clinic Types. Operational schedule: Unknown. Daily hours, services, price, insurance, and accessibility fields were not supplied by this intake.","BPS-H80-038486","Health Center Service Delivery and Look-Alike Sites","2026-06-03","2026-06-03","needs_review",""
"hrsa-bps-h80-038842","Saint James Health EAST SIDE HIGH SCHOOL","community_health_center","69 Pulaski St","Newark","NJ","34","Essex County","34013","07105-2613","40.7240571","-74.15804725","973-789-8111","","","","","","","","","","HRSA operating hours per week: 40.00","unknown","","","","","","","","","HRSA Health Center Service Delivery and Look-Alike Sites","https://data.hrsa.gov/DataDownload/DD_Files/Health_Center_Service_Delivery_and_LookAlike_Sites.csv","2026-06-03","Fields copied from HRSA CSV: site name, address, city, state, postal code, phone, website, HRSA geocoding coordinates, county/FIPS, operating hours per week, site status, and location setting. Location setting: School. Operational schedule: Unknown. Daily hours, services, price, insurance, and accessibility fields were not supplied by this intake.","BPS-H80-038842","Health Center Service Delivery and Look-Alike Sites","2026-06-03","2026-06-03","needs_review",""
"hrsa-bps-h80-038970","CompleteCare Family Dental","community_health_center","351 Irving Ave","Bridgeton","NJ","34","Cumberland County","34011","08302-2265","39.43585661","-75.21838906","856-391-1124","www.completecarenj.org","","","","","","","","","HRSA operating hours per week: 46.50","unknown","","","","","","","","","HRSA Health Center Service Delivery and Look-Alike Sites","https://data.hrsa.gov/DataDownload/DD_Files/Health_Center_Service_Delivery_and_LookAlike_Sites.csv","2026-06-03","Fields copied from HRSA CSV: site name, address, city, state, postal code, phone, website, HRSA geocoding coordinates, county/FIPS, operating hours per week, site status, and location setting. Location setting: All Other Clinic Types. Operational schedule: Unknown. Daily hours, services, price, insurance, and accessibility fields were not supplied by this intake.","BPS-H80-038970","Health Center Service Delivery and Look-Alike Sites","2026-06-03","2026-06-03","needs_review",""
"hrsa-bps-h80-039775","Mobile Van","community_health_center","1771 Madison Ave","Lakewood","NJ","34","Ocean County","34029","08701-1242","40.10883698","-74.21761296","732-364-2144","","","","","","","","","","HRSA operating hours per week: 25.00","unknown","","","","","","","","","HRSA Health Center Service Delivery and Look-Alike Sites","https://data.hrsa.gov/DataDownload/DD_Files/Health_Center_Service_Delivery_and_LookAlike_Sites.csv","2026-06-03","Fields copied from HRSA CSV: site name, address, city, state, postal code, phone, website, HRSA geocoding coordinates, county/FIPS, operating hours per week, site status, and location setting. Location setting: All Other Clinic Types. Operational schedule: Unknown. Daily hours, services, price, insurance, and accessibility fields were not supplied by this intake.","BPS-H80-039775","Health Center Service Delivery and Look-Alike Sites","2026-06-03","2026-06-03","needs_review",""
"hrsa-bps-h80-039842","Mary Eliza Mahoney Health Center Mobile Dental Unit","community_health_center","394 University Ave","Newark","NJ","34","Essex County","34013","07102-1221","40.73418512","-74.1776395","800-734-7083","","","","","","","","","","HRSA operating hours per week: 25.00","unknown","","","","","","","","","HRSA Health Center Service Delivery and Look-Alike Sites","https://data.hrsa.gov/DataDownload/DD_Files/Health_Center_Service_Delivery_and_LookAlike_Sites.csv","2026-06-03","Fields copied from HRSA CSV: site name, address, city, state, postal code, phone, website, HRSA geocoding coordinates, county/FIPS, operating hours per week, site status, and location setting. Location setting: All Other Clinic Types. Operational schedule: Unknown. Daily hours, services, price, insurance, and accessibility fields were not supplied by this intake.","BPS-H80-039842","Health Center Service Delivery and Look-Alike Sites","2026-06-03","2026-06-03","needs_review",""
"hrsa-bps-h80-040694","Zufall Health Mobile Medical","community_health_center","18 W Blackwell St","Dover","NJ","34","Morris County","34027","07801-3841","40.88386014","-74.55970776","973-328-3344","www.zufallhealth.org","","","","","","","","","HRSA operating hours per week: 25.00","unknown","","","","","","","","","HRSA Health Center Service Delivery and Look-Alike Sites","https://data.hrsa.gov/DataDownload/DD_Files/Health_Center_Service_Delivery_and_LookAlike_Sites.csv","2026-06-03","Fields copied from HRSA CSV: site name, address, city, state, postal code, phone, website, HRSA geocoding coordinates, county/FIPS, operating hours per week, site status, and location setting. Location setting: All Other Clinic Types. Operational schedule: Unknown. Daily hours, services, price, insurance, and accessibility fields were not supplied by this intake.","BPS-H80-040694","Health Center Service Delivery and Look-Alike Sites","2026-06-03","2026-06-03","needs_review",""
"hrsa-bps-h80-040816","Zufall Health Franklin Township - School Based","community_health_center","1 Berger St","Somerset","NJ","34","Somerset County","34035","08873-3303","40.4879828","-74.4892664","908-526-9040","www.zufallhealth.org","","","","","","","","","HRSA operating hours per week: 24.00","unknown","","","","","","","","","HRSA Health Center Service Delivery and Look-Alike Sites","https://data.hrsa.gov/DataDownload/DD_Files/Health_Center_Service_Delivery_and_LookAlike_Sites.csv","2026-06-03","Fields copied from HRSA CSV: site name, address, city, state, postal code, phone, website, HRSA geocoding coordinates, county/FIPS, operating hours per week, site status, and location setting. Location setting: School. Operational schedule: Unknown. Daily hours, services, price, insurance, and accessibility fields were not supplied by this intake.","BPS-H80-040816","Health Center Service Delivery and Look-Alike Sites","2026-06-03","2026-06-03","needs_review",""
"hrsa-bps-lal-035335","Hope & Esperanza Community Health Center","community_health_center","788 Mount Prospect Ave","Newark","NJ","34","Essex County","34013","07104-3221","40.77932255","-74.16405595","908-514-1895","www.hechealth.com","","","","","","","","","HRSA operating hours per week: 45.00","unknown","","","","","","","","","HRSA Health Center Service Delivery and Look-Alike Sites","https://data.hrsa.gov/DataDownload/DD_Files/Health_Center_Service_Delivery_and_LookAlike_Sites.csv","2026-06-03","Fields copied from HRSA CSV: site name, address, city, state, postal code, phone, website, HRSA geocoding coordinates, county/FIPS, operating hours per week, site status, and location setting. Location setting: All Other Clinic Types. Operational schedule: Unknown. Daily hours, services, price, insurance, and accessibility fields were not supplied by this intake.","BPS-LAL-035335","Health Center Service Delivery and Look-Alike Sites","2026-06-03","2026-06-03","needs_review",""
"hrsa-bps-lal-037089","Star Community Health-Coventry","community_health_center","755 Memorial Pkwy, Ste 300","Phillipsburg","NJ","34","Warren County","34041","08865-2748","40.7001903","-75.17416438","908-847-3300","starcommunityhealth.org","","","","","","","","","HRSA operating hours per week: 51.00","unknown","","","","","","","","","HRSA Health Center Service Delivery and Look-Alike Sites","https://data.hrsa.gov/DataDownload/DD_Files/Health_Center_Service_Delivery_and_LookAlike_Sites.csv","2026-06-03","Fields copied from HRSA CSV: site name, address, city, state, postal code, phone, website, HRSA geocoding coordinates, county/FIPS, operating hours per week, site status, and location setting. Location setting: All Other Clinic Types. Operational schedule: Unknown. Daily hours, services, price, insurance, and accessibility fields were not supplied by this intake.","BPS-LAL-037089","Health Center Service Delivery and Look-Alike Sites","2026-06-03","2026-06-03","needs_review",""
"hrsa-bps-lal-037722","Outreach Site","community_health_center","255 Lafayette St","Newark","NJ","34","Essex County","34013","07105-2125","40.72858069","-74.16095951","973-433-9773","","","","","","","","","","HRSA operating hours per week: 20.00","unknown","","","","","","","","","HRSA Health Center Service Delivery and Look-Alike Sites","https://data.hrsa.gov/DataDownload/DD_Files/Health_Center_Service_Delivery_and_LookAlike_Sites.csv","2026-06-03","Fields copied from HRSA CSV: site name, address, city, state, postal code, phone, website, HRSA geocoding coordinates, county/FIPS, operating hours per week, site status, and location setting. Location setting: All Other Clinic Types. Operational schedule: Unknown. Daily hours, services, price, insurance, and accessibility fields were not supplied by this intake.","BPS-LAL-037722","Health Center Service Delivery and Look-Alike Sites","2026-06-03","2026-06-03","needs_review",""
