id,name,facilityType,address,city,state,stateFips,county,countyFips,postalCode,latitude,longitude,phone,website,services,monday,tuesday,wednesday,thursday,friday,saturday,sunday,hoursNotes,priceLevel,acceptsSlidingScale,estimatedVisitCost,priceNotes,acceptsMedicaid,acceptsMedicare,acceptsUninsured,insuranceNotes,accessibilityInfo,sourceName,sourceUrl,sourceLastChecked,sourceNotes,sourceId,sourceDataset,sourceLastUpdated,lastVerified,verificationStatus,isDemoData
hrsa-bps-h80-027074,Ezra Medical Center Administration,community_health_center,1326 38th St,Brooklyn,NY,36,Kings County,36047,11218-3612,40.64074208,-73.98500727,718-686-7600,,,,,,,,,,,unknown,,,,,,,,,HRSA Health Center Service Delivery and Look-Alike Sites,https://data.hrsa.gov/DataDownload/DD_Files/Health_Center_Service_Delivery_and_LookAlike_Sites.csv,2026-06-19,"Fields copied from the official HRSA CSV: site name, address, city, state, postal code, phone, website, HRSA geocoding coordinates, county/FIPS, operating hours per week, site status, and location setting. Site status: Active. Location setting: All Other Clinic Types. Operational schedule: Unknown. Daily hours, services, price, insurance, and accessibility fields were not supplied by this intake.",BPS-H80-027074,Health Center Service Delivery and Look-Alike Sites,2026-06-19,2026-06-19,needs_review,
hrsa-bps-h80-000177,Fort Washington Dental And Primary Care Clinic,community_health_center,651 W 168th St,New York,NY,36,New York County,36061,10032-3703,40.84192443,-73.94142330,212-740-1780,,,,,,,,,,HRSA operating hours per week: 38.00,unknown,,,,,,,,,HRSA Health Center Service Delivery and Look-Alike Sites,https://data.hrsa.gov/DataDownload/DD_Files/Health_Center_Service_Delivery_and_LookAlike_Sites.csv,2026-06-19,"Fields copied from the official HRSA CSV: site name, address, city, state, postal code, phone, website, HRSA geocoding coordinates, county/FIPS, operating hours per week, site status, and location setting. Site status: Active. Location setting: All Other Clinic Types. Operational schedule: Full-Time. Daily hours, services, price, insurance, and accessibility fields were not supplied by this intake.",BPS-H80-000177,Health Center Service Delivery and Look-Alike Sites,2026-06-19,2026-06-19,needs_review,
hrsa-bps-h80-000251,"NORTHERN OSWEGO COUNTY HEALTH SERVICES, INC.",community_health_center,61 Delano St,Pulaski,NY,36,Oswego County,36075,13142-1200,43.56949685,-76.12027774,315-298-6569,www.nochsi.org,,,,,,,,,HRSA operating hours per week: 64.00,unknown,,,,,,,,,HRSA Health Center Service Delivery and Look-Alike Sites,https://data.hrsa.gov/DataDownload/DD_Files/Health_Center_Service_Delivery_and_LookAlike_Sites.csv,2026-06-19,"Fields copied from the official HRSA CSV: site name, address, city, state, postal code, phone, website, HRSA geocoding coordinates, county/FIPS, operating hours per week, site status, and location setting. Site status: Active. Location setting: All Other Clinic Types. Operational schedule: Full-Time. Daily hours, services, price, insurance, and accessibility fields were not supplied by this intake.",BPS-H80-000251,Health Center Service Delivery and Look-Alike Sites,2026-06-19,2026-06-19,needs_review,
hrsa-bps-h80-012687,Care for the Homeless,community_health_center,30 E 33rd St FL 5,New York,NY,36,New York County,36061,10016-5337,40.74667403,-73.98296401,212-366-4459,careforthehomeless.org,,,,,,,,,HRSA operating hours per week: 40.00,unknown,,,,,,,,,HRSA Health Center Service Delivery and Look-Alike Sites,https://data.hrsa.gov/DataDownload/DD_Files/Health_Center_Service_Delivery_and_LookAlike_Sites.csv,2026-06-19,"Fields copied from the official HRSA CSV: site name, address, city, state, postal code, phone, website, HRSA geocoding coordinates, county/FIPS, operating hours per week, site status, and location setting. Site status: Active. Location setting: Unknown. Operational schedule: Full-Time. Daily hours, services, price, insurance, and accessibility fields were not supplied by this intake.",BPS-H80-012687,Health Center Service Delivery and Look-Alike Sites,2026-06-19,2026-06-19,needs_review,
hrsa-bps-lal-038180,HASC Diagnostic and Treatment Center,community_health_center,1122 Chestnut Ave,Brooklyn,NY,36,Kings County,36047,11230-5844,40.61730485,-73.96311935,718-942-3888,RambamFamilyHealth.org,,,,,,,,,HRSA operating hours per week: 68.00,unknown,,,,,,,,,HRSA Health Center Service Delivery and Look-Alike Sites,https://data.hrsa.gov/DataDownload/DD_Files/Health_Center_Service_Delivery_and_LookAlike_Sites.csv,2026-06-19,"Fields copied from the official HRSA CSV: site name, address, city, state, postal code, phone, website, HRSA geocoding coordinates, county/FIPS, operating hours per week, site status, and location setting. Site status: Active. Location setting: All Other Clinic Types. Operational schedule: Unknown. Daily hours, services, price, insurance, and accessibility fields were not supplied by this intake.",BPS-LAL-038180,Health Center Service Delivery and Look-Alike Sites,2026-06-19,2026-06-19,needs_review,
hrsa-bps-h80-000276,Damian Family Care Center,community_health_center,137-50 Jamaica Ave,Jamaica,NY,36,Queens County,36081,11435,40.70224689,-73.81497475,718-298-5100,none,,,,,,,,,HRSA operating hours per week: 50.00,unknown,,,,,,,,,HRSA Health Center Service Delivery and Look-Alike Sites,https://data.hrsa.gov/DataDownload/DD_Files/Health_Center_Service_Delivery_and_LookAlike_Sites.csv,2026-06-19,"Fields copied from the official HRSA CSV: site name, address, city, state, postal code, phone, website, HRSA geocoding coordinates, county/FIPS, operating hours per week, site status, and location setting. Site status: Active. Location setting: All Other Clinic Types. Operational schedule: Full-Time. Daily hours, services, price, insurance, and accessibility fields were not supplied by this intake.",BPS-H80-000276,Health Center Service Delivery and Look-Alike Sites,2026-06-19,2026-06-19,needs_review,
hrsa-bps-h80-036265,Harmony Healthcare Long Island at Baldwin High School,community_health_center,841 Ethel T Kloberg Dr,North Baldwin,NY,36,Nassau County,36059,11510-2436,40.66753969,-73.60503422,516-296-3742,www.harmonyhealthcareli.org,,,,,,,,,HRSA operating hours per week: 40.00,unknown,,,,,,,,,HRSA Health Center Service Delivery and Look-Alike Sites,https://data.hrsa.gov/DataDownload/DD_Files/Health_Center_Service_Delivery_and_LookAlike_Sites.csv,2026-06-19,"Fields copied from the official HRSA CSV: site name, address, city, state, postal code, phone, website, HRSA geocoding coordinates, county/FIPS, operating hours per week, site status, and location setting. Site status: Active. Location setting: School. Operational schedule: Unknown. Daily hours, services, price, insurance, and accessibility fields were not supplied by this intake.",BPS-H80-036265,Health Center Service Delivery and Look-Alike Sites,2026-06-19,2026-06-19,needs_review,
hrsa-bps-h80-009448,Willis P Green Health Center,community_health_center,125 W 124th St,New York,NY,36,New York County,36061,10027-4920,40.80775342,-73.94695326,212-531-1300,www.harlemunited.org,,,,,,,,,HRSA operating hours per week: 15.00,unknown,,,,,,,,,HRSA Health Center Service Delivery and Look-Alike Sites,https://data.hrsa.gov/DataDownload/DD_Files/Health_Center_Service_Delivery_and_LookAlike_Sites.csv,2026-06-19,"Fields copied from the official HRSA CSV: site name, address, city, state, postal code, phone, website, HRSA geocoding coordinates, county/FIPS, operating hours per week, site status, and location setting. Site status: Active. Location setting: All Other Clinic Types. Operational schedule: Full-Time. Daily hours, services, price, insurance, and accessibility fields were not supplied by this intake.",BPS-H80-009448,Health Center Service Delivery and Look-Alike Sites,2026-06-19,2026-06-19,needs_review,
hrsa-bps-h80-010414,Anthony L. Jordan Health Center,community_health_center,82 Holland St,Rochester,NY,36,Monroe County,36055,14605-2199,43.16931919,-77.60215639,585-423-5800,www.jordanhealth.org,,,,,,,,,HRSA operating hours per week: 75.00,unknown,,,,,,,,,HRSA Health Center Service Delivery and Look-Alike Sites,https://data.hrsa.gov/DataDownload/DD_Files/Health_Center_Service_Delivery_and_LookAlike_Sites.csv,2026-06-19,"Fields copied from the official HRSA CSV: site name, address, city, state, postal code, phone, website, HRSA geocoding coordinates, county/FIPS, operating hours per week, site status, and location setting. Site status: Active. Location setting: All Other Clinic Types. Operational schedule: Full-Time. Daily hours, services, price, insurance, and accessibility fields were not supplied by this intake.",BPS-H80-010414,Health Center Service Delivery and Look-Alike Sites,2026-06-19,2026-06-19,needs_review,
hrsa-bps-h80-041364,Hillcrest Pediatrics,community_health_center,142 Route 59,Airmont,NY,36,Rockland County,36087,10952-3663,41.10916084,-74.07583768,845-354-9300,www.RefuahHealth.org,,,,,,,,,HRSA operating hours per week: 45.00,unknown,,,,,,,,,HRSA Health Center Service Delivery and Look-Alike Sites,https://data.hrsa.gov/DataDownload/DD_Files/Health_Center_Service_Delivery_and_LookAlike_Sites.csv,2026-06-19,"Fields copied from the official HRSA CSV: site name, address, city, state, postal code, phone, website, HRSA geocoding coordinates, county/FIPS, operating hours per week, site status, and location setting. Site status: Active. Location setting: All Other Clinic Types. Operational schedule: Unknown. Daily hours, services, price, insurance, and accessibility fields were not supplied by this intake.",BPS-H80-041364,Health Center Service Delivery and Look-Alike Sites,2026-06-19,2026-06-19,needs_review,
hrsa-bps-h80-035253,The Chautauqua Center - Mayville PT OT,community_health_center,99 E Chautauqua St,Mayville,NY,36,Chautauqua County,36013,14757-1038,42.25919328,-79.49776219,716-224-4099,,,,,,,,,,HRSA operating hours per week: 40.00,unknown,,,,,,,,,HRSA Health Center Service Delivery and Look-Alike Sites,https://data.hrsa.gov/DataDownload/DD_Files/Health_Center_Service_Delivery_and_LookAlike_Sites.csv,2026-06-19,"Fields copied from the official HRSA CSV: site name, address, city, state, postal code, phone, website, HRSA geocoding coordinates, county/FIPS, operating hours per week, site status, and location setting. Site status: Active. Location setting: All Other Clinic Types. Operational schedule: Unknown. Daily hours, services, price, insurance, and accessibility fields were not supplied by this intake.",BPS-H80-035253,Health Center Service Delivery and Look-Alike Sites,2026-06-19,2026-06-19,needs_review,
hrsa-bps-h80-010553,Mobile Medical Clinic 1,community_health_center,853 Longwood Ave,Bronx,NY,36,Bronx County,36005,10459-4036,40.81938822,-73.90103971,718-588-4460,,,,,,,,,,HRSA operating hours per week: 40.00,unknown,,,,,,,,,HRSA Health Center Service Delivery and Look-Alike Sites,https://data.hrsa.gov/DataDownload/DD_Files/Health_Center_Service_Delivery_and_LookAlike_Sites.csv,2026-06-19,"Fields copied from the official HRSA CSV: site name, address, city, state, postal code, phone, website, HRSA geocoding coordinates, county/FIPS, operating hours per week, site status, and location setting. Site status: Active. Location setting: All Other Clinic Types. Operational schedule: Full-Time. Daily hours, services, price, insurance, and accessibility fields were not supplied by this intake.",BPS-H80-010553,Health Center Service Delivery and Look-Alike Sites,2026-06-19,2026-06-19,needs_review,
hrsa-bps-h80-008283,DeWitt Clinton High School,community_health_center,100 W Mosholu Pkwy S,Bronx,NY,36,Bronx County,36005,10468-1099,40.88146275,-73.88693171,718-543-1000,www.montefiore.org,,,,,,,,,HRSA operating hours per week: 40.50,unknown,,,,,,,,,HRSA Health Center Service Delivery and Look-Alike Sites,https://data.hrsa.gov/DataDownload/DD_Files/Health_Center_Service_Delivery_and_LookAlike_Sites.csv,2026-06-19,"Fields copied from the official HRSA CSV: site name, address, city, state, postal code, phone, website, HRSA geocoding coordinates, county/FIPS, operating hours per week, site status, and location setting. Site status: Active. Location setting: All Other Clinic Types. Operational schedule: Full-Time. Daily hours, services, price, insurance, and accessibility fields were not supplied by this intake.",BPS-H80-008283,Health Center Service Delivery and Look-Alike Sites,2026-06-19,2026-06-19,needs_review,
hrsa-bps-lal-040089,Rambam Family Health Center,community_health_center,1421 E 2nd St,Brooklyn,NY,36,Kings County,36047,11230-5501,40.61505594,-73.97291260,718-645-7337,www.rambamfamilyhealth.org,,,,,,,,,HRSA operating hours per week: 45.50,unknown,,,,,,,,,HRSA Health Center Service Delivery and Look-Alike Sites,https://data.hrsa.gov/DataDownload/DD_Files/Health_Center_Service_Delivery_and_LookAlike_Sites.csv,2026-06-19,"Fields copied from the official HRSA CSV: site name, address, city, state, postal code, phone, website, HRSA geocoding coordinates, county/FIPS, operating hours per week, site status, and location setting. Site status: Active. Location setting: All Other Clinic Types. Operational schedule: Unknown. Daily hours, services, price, insurance, and accessibility fields were not supplied by this intake.",BPS-LAL-040089,Health Center Service Delivery and Look-Alike Sites,2026-06-19,2026-06-19,needs_review,
hrsa-bps-lal-040191,"Premium Health, Inc.",community_health_center,257 Beach 17th St,Far Rockaway,NY,36,Queens County,36081,11691-4433,40.59645474,-73.75146825,718-750-8586,premiumhealth.org,,,,,,,,,HRSA operating hours per week: 40.50,unknown,,,,,,,,,HRSA Health Center Service Delivery and Look-Alike Sites,https://data.hrsa.gov/DataDownload/DD_Files/Health_Center_Service_Delivery_and_LookAlike_Sites.csv,2026-06-19,"Fields copied from the official HRSA CSV: site name, address, city, state, postal code, phone, website, HRSA geocoding coordinates, county/FIPS, operating hours per week, site status, and location setting. Site status: Active. Location setting: School. Operational schedule: Unknown. Daily hours, services, price, insurance, and accessibility fields were not supplied by this intake.",BPS-LAL-040191,Health Center Service Delivery and Look-Alike Sites,2026-06-19,2026-06-19,needs_review,
hrsa-bps-h80-031479,Tremont Community Health Center of Excellence,community_health_center,1920 Webster Ave,Bronx,NY,36,Bronx County,36005,10457-4249,40.84785970,-73.90063293,332-208-2548,https://www.nychealthandhospitals.org/gotham-health/,,,,,,,,,HRSA operating hours per week: 58.00,unknown,,,,,,,,,HRSA Health Center Service Delivery and Look-Alike Sites,https://data.hrsa.gov/DataDownload/DD_Files/Health_Center_Service_Delivery_and_LookAlike_Sites.csv,2026-06-19,"Fields copied from the official HRSA CSV: site name, address, city, state, postal code, phone, website, HRSA geocoding coordinates, county/FIPS, operating hours per week, site status, and location setting. Site status: Active. Location setting: All Other Clinic Types. Operational schedule: Unknown. Daily hours, services, price, insurance, and accessibility fields were not supplied by this intake.",BPS-H80-031479,Health Center Service Delivery and Look-Alike Sites,2026-06-19,2026-06-19,needs_review,
hrsa-bps-h80-000537,BMS@Jefferson High School Campus,community_health_center,400 Pennsylvania Ave,Brooklyn,NY,36,Kings County,36047,11207-4799,40.66691742,-73.89480927,718-345-5000 x1126,www.bmsfhc.org,,,,,,,,,HRSA operating hours per week: 40.00,unknown,,,,,,,,,HRSA Health Center Service Delivery and Look-Alike Sites,https://data.hrsa.gov/DataDownload/DD_Files/Health_Center_Service_Delivery_and_LookAlike_Sites.csv,2026-06-19,"Fields copied from the official HRSA CSV: site name, address, city, state, postal code, phone, website, HRSA geocoding coordinates, county/FIPS, operating hours per week, site status, and location setting. Site status: Active. Location setting: School. Operational schedule: Full-Time. Daily hours, services, price, insurance, and accessibility fields were not supplied by this intake.",BPS-H80-000537,Health Center Service Delivery and Look-Alike Sites,2026-06-19,2026-06-19,needs_review,
hrsa-bps-h80-033807,CHC Lockport,community_health_center,100 Main St,Lockport,NY,36,Niagara County,36063,14094-2839,43.17029824,-78.69050512,716-986-9199,www.chcb.net,,,,,,,,,HRSA operating hours per week: 40.00,unknown,,,,,,,,,HRSA Health Center Service Delivery and Look-Alike Sites,https://data.hrsa.gov/DataDownload/DD_Files/Health_Center_Service_Delivery_and_LookAlike_Sites.csv,2026-06-19,"Fields copied from the official HRSA CSV: site name, address, city, state, postal code, phone, website, HRSA geocoding coordinates, county/FIPS, operating hours per week, site status, and location setting. Site status: Active. Location setting: All Other Clinic Types. Operational schedule: Unknown. Daily hours, services, price, insurance, and accessibility fields were not supplied by this intake.",BPS-H80-033807,Health Center Service Delivery and Look-Alike Sites,2026-06-19,2026-06-19,needs_review,
hrsa-bps-h80-040642,Grand Street High School,community_health_center,850 Grand St,Brooklyn,NY,36,Kings County,36047,11211-5098,40.71213875,-73.93928667,718-387-2800,,,,,,,,,,HRSA operating hours per week: 40.00,unknown,,,,,,,,,HRSA Health Center Service Delivery and Look-Alike Sites,https://data.hrsa.gov/DataDownload/DD_Files/Health_Center_Service_Delivery_and_LookAlike_Sites.csv,2026-06-19,"Fields copied from the official HRSA CSV: site name, address, city, state, postal code, phone, website, HRSA geocoding coordinates, county/FIPS, operating hours per week, site status, and location setting. Site status: Active. Location setting: School. Operational schedule: Unknown. Daily hours, services, price, insurance, and accessibility fields were not supplied by this intake.",BPS-H80-040642,Health Center Service Delivery and Look-Alike Sites,2026-06-19,2026-06-19,needs_review,
hrsa-bps-h80-010395,Atlantic House Shelter,community_health_center,2402 Atlantic Ave,Brooklyn,NY,36,Kings County,36047,11233-3402,40.67586367,-73.90524952,718-385-8335,www.lmcmc.com,,,,,,,,,HRSA operating hours per week: 40.00,unknown,,,,,,,,,HRSA Health Center Service Delivery and Look-Alike Sites,https://data.hrsa.gov/DataDownload/DD_Files/Health_Center_Service_Delivery_and_LookAlike_Sites.csv,2026-06-19,"Fields copied from the official HRSA CSV: site name, address, city, state, postal code, phone, website, HRSA geocoding coordinates, county/FIPS, operating hours per week, site status, and location setting. Site status: Active. Location setting: All Other Clinic Types. Operational schedule: Full-Time. Daily hours, services, price, insurance, and accessibility fields were not supplied by this intake.",BPS-H80-010395,Health Center Service Delivery and Look-Alike Sites,2026-06-19,2026-06-19,needs_review,
hrsa-bps-h80-011811,PS 161 Ponce de Leon,community_health_center,628 Tinton Ave,Bronx,NY,36,Bronx County,36005,10455-3298,40.81471518,-73.90544892,718-589-2440,http://www.urbanhealthplan.org,,,,,,,,,HRSA operating hours per week: 40.00,unknown,,,,,,,,,HRSA Health Center Service Delivery and Look-Alike Sites,https://data.hrsa.gov/DataDownload/DD_Files/Health_Center_Service_Delivery_and_LookAlike_Sites.csv,2026-06-19,"Fields copied from the official HRSA CSV: site name, address, city, state, postal code, phone, website, HRSA geocoding coordinates, county/FIPS, operating hours per week, site status, and location setting. Site status: Active. Location setting: School. Operational schedule: Full-Time. Daily hours, services, price, insurance, and accessibility fields were not supplied by this intake.",BPS-H80-011811,Health Center Service Delivery and Look-Alike Sites,2026-06-19,2026-06-19,needs_review,
hrsa-bps-h80-012226,Jordan Health at CCIA,community_health_center,120 N Main St,Canandaigua,NY,36,Ontario County,36069,14424-1258,42.89124691,-77.28491754,585-396-6980,,,,,,,,,,HRSA operating hours per week: 40.00,unknown,,,,,,,,,HRSA Health Center Service Delivery and Look-Alike Sites,https://data.hrsa.gov/DataDownload/DD_Files/Health_Center_Service_Delivery_and_LookAlike_Sites.csv,2026-06-19,"Fields copied from the official HRSA CSV: site name, address, city, state, postal code, phone, website, HRSA geocoding coordinates, county/FIPS, operating hours per week, site status, and location setting. Site status: Active. Location setting: All Other Clinic Types. Operational schedule: Full-Time. Daily hours, services, price, insurance, and accessibility fields were not supplied by this intake.",BPS-H80-012226,Health Center Service Delivery and Look-Alike Sites,2026-06-19,2026-06-19,needs_review,
hrsa-bps-h80-018791,Harlem Children's Zone School-Based Health Center - Promise Academy 1-245,community_health_center,245 W 129th St,New York,NY,36,New York County,36061,10027-1953,40.81241456,-73.94830769,212-360-3278,www.institute.org,,,,,,,,,HRSA operating hours per week: 40.00,unknown,,,,,,,,,HRSA Health Center Service Delivery and Look-Alike Sites,https://data.hrsa.gov/DataDownload/DD_Files/Health_Center_Service_Delivery_and_LookAlike_Sites.csv,2026-06-19,"Fields copied from the official HRSA CSV: site name, address, city, state, postal code, phone, website, HRSA geocoding coordinates, county/FIPS, operating hours per week, site status, and location setting. Site status: Active. Location setting: School. Operational schedule: Unknown. Daily hours, services, price, insurance, and accessibility fields were not supplied by this intake.",BPS-H80-018791,Health Center Service Delivery and Look-Alike Sites,2026-06-19,2026-06-19,needs_review,
hrsa-bps-h80-010146,Community Health Center of the North Country,community_health_center,380 County Route 51,Malone,NY,36,Franklin County,36033,12953-4504,44.85663875,-74.33946546,518-483-0109,www.chcnorthcountry.org,,,,,,,,,HRSA operating hours per week: 53.00,unknown,,,,,,,,,HRSA Health Center Service Delivery and Look-Alike Sites,https://data.hrsa.gov/DataDownload/DD_Files/Health_Center_Service_Delivery_and_LookAlike_Sites.csv,2026-06-19,"Fields copied from the official HRSA CSV: site name, address, city, state, postal code, phone, website, HRSA geocoding coordinates, county/FIPS, operating hours per week, site status, and location setting. Site status: Active. Location setting: All Other Clinic Types. Operational schedule: Full-Time. Daily hours, services, price, insurance, and accessibility fields were not supplied by this intake.",BPS-H80-010146,Health Center Service Delivery and Look-Alike Sites,2026-06-19,2026-06-19,needs_review,
hrsa-bps-h80-016810,Metro Community Health Centers - Staten island,community_health_center,2324 Forest Ave,Staten Island,NY,36,Richmond County,36085,10303-1506,40.62724591,-74.16742011,718-447-0200,,,,,,,,,,HRSA operating hours per week: 47.00,unknown,,,,,,,,,HRSA Health Center Service Delivery and Look-Alike Sites,https://data.hrsa.gov/DataDownload/DD_Files/Health_Center_Service_Delivery_and_LookAlike_Sites.csv,2026-06-19,"Fields copied from the official HRSA CSV: site name, address, city, state, postal code, phone, website, HRSA geocoding coordinates, county/FIPS, operating hours per week, site status, and location setting. Site status: Active. Location setting: All Other Clinic Types. Operational schedule: Unknown. Daily hours, services, price, insurance, and accessibility fields were not supplied by this intake.",BPS-H80-016810,Health Center Service Delivery and Look-Alike Sites,2026-06-19,2026-06-19,needs_review,
hrsa-bps-h80-000783,DR BETTY SHABAZZ HEALTH CENTER,community_health_center,999 Blake Ave,Brooklyn,NY,36,Kings County,36047,11208-3500,40.66995703,-73.88131600,718-277-8303,www.chnnyc.org,,,,,,,,,HRSA operating hours per week: 49.00,unknown,,,,,,,,,HRSA Health Center Service Delivery and Look-Alike Sites,https://data.hrsa.gov/DataDownload/DD_Files/Health_Center_Service_Delivery_and_LookAlike_Sites.csv,2026-06-19,"Fields copied from the official HRSA CSV: site name, address, city, state, postal code, phone, website, HRSA geocoding coordinates, county/FIPS, operating hours per week, site status, and location setting. Site status: Active. Location setting: All Other Clinic Types. Operational schedule: Full-Time. Daily hours, services, price, insurance, and accessibility fields were not supplied by this intake.",BPS-H80-000783,Health Center Service Delivery and Look-Alike Sites,2026-06-19,2026-06-19,needs_review,
hrsa-bps-h80-024758,Watervliet Junior-Senior High School,community_health_center,1245 Hillside Dr,Watervliet,NY,36,Albany County,36001,12189-2499,42.73110470,-73.71595463,518-465-4771,,,,,,,,,,HRSA operating hours per week: 40.01,unknown,,,,,,,,,HRSA Health Center Service Delivery and Look-Alike Sites,https://data.hrsa.gov/DataDownload/DD_Files/Health_Center_Service_Delivery_and_LookAlike_Sites.csv,2026-06-19,"Fields copied from the official HRSA CSV: site name, address, city, state, postal code, phone, website, HRSA geocoding coordinates, county/FIPS, operating hours per week, site status, and location setting. Site status: Active. Location setting: School. Operational schedule: Unknown. Daily hours, services, price, insurance, and accessibility fields were not supplied by this intake.",BPS-H80-024758,Health Center Service Delivery and Look-Alike Sites,2026-06-19,2026-06-19,needs_review,
hrsa-bps-h80-013996,PS/MS 29,community_health_center,758 Courtlandt Ave,Bronx,NY,36,Bronx County,36005,10451-4308,40.82173205,-73.91714512,718-483-1270,,,,,,,,,,HRSA operating hours per week: 40.00,unknown,,,,,,,,,HRSA Health Center Service Delivery and Look-Alike Sites,https://data.hrsa.gov/DataDownload/DD_Files/Health_Center_Service_Delivery_and_LookAlike_Sites.csv,2026-06-19,"Fields copied from the official HRSA CSV: site name, address, city, state, postal code, phone, website, HRSA geocoding coordinates, county/FIPS, operating hours per week, site status, and location setting. Site status: Active. Location setting: School. Operational schedule: Full-Time. Daily hours, services, price, insurance, and accessibility fields were not supplied by this intake.",BPS-H80-013996,Health Center Service Delivery and Look-Alike Sites,2026-06-19,2026-06-19,needs_review,
hrsa-bps-h80-030517,Advancement Office,community_health_center,233 W Ferry St,Buffalo,NY,36,Erie County,36029,14213-1854,42.91518215,-78.89303293,716-886-0771,,,,,,,,,,HRSA operating hours per week: 42.50,unknown,,,,,,,,,HRSA Health Center Service Delivery and Look-Alike Sites,https://data.hrsa.gov/DataDownload/DD_Files/Health_Center_Service_Delivery_and_LookAlike_Sites.csv,2026-06-19,"Fields copied from the official HRSA CSV: site name, address, city, state, postal code, phone, website, HRSA geocoding coordinates, county/FIPS, operating hours per week, site status, and location setting. Site status: Active. Location setting: All Other Clinic Types. Operational schedule: Unknown. Daily hours, services, price, insurance, and accessibility fields were not supplied by this intake.",BPS-H80-030517,Health Center Service Delivery and Look-Alike Sites,2026-06-19,2026-06-19,needs_review,
hrsa-bps-h80-000798,PS 169 School-Based Health Center,community_health_center,4305 7th Ave,Brooklyn,NY,36,Kings County,36047,11232-3900,40.64603864,-74.00193553,718-854-6718,https://nyulangone.org/locations/family-health-centers-at-nyu-langone/school-health-program-family-health-centers-at-nyu-langone,,,,,,,,,HRSA operating hours per week: 40.00,unknown,,,,,,,,,HRSA Health Center Service Delivery and Look-Alike Sites,https://data.hrsa.gov/DataDownload/DD_Files/Health_Center_Service_Delivery_and_LookAlike_Sites.csv,2026-06-19,"Fields copied from the official HRSA CSV: site name, address, city, state, postal code, phone, website, HRSA geocoding coordinates, county/FIPS, operating hours per week, site status, and location setting. Site status: Active. Location setting: School. Operational schedule: Full-Time. Daily hours, services, price, insurance, and accessibility fields were not supplied by this intake.",BPS-H80-000798,Health Center Service Delivery and Look-Alike Sites,2026-06-19,2026-06-19,needs_review,
hrsa-bps-h80-000894,WALTON FAMILY HEALTH CENTER,community_health_center,1894 Walton Ave,Bronx,NY,36,Bronx County,36005,10453-6018,40.84959605,-73.90915272,718-583-3060,www.institute2000.org,,,,,,,,,HRSA operating hours per week: 52.00,unknown,,,,,,,,,HRSA Health Center Service Delivery and Look-Alike Sites,https://data.hrsa.gov/DataDownload/DD_Files/Health_Center_Service_Delivery_and_LookAlike_Sites.csv,2026-06-19,"Fields copied from the official HRSA CSV: site name, address, city, state, postal code, phone, website, HRSA geocoding coordinates, county/FIPS, operating hours per week, site status, and location setting. Site status: Active. Location setting: All Other Clinic Types. Operational schedule: Full-Time. Daily hours, services, price, insurance, and accessibility fields were not supplied by this intake.",BPS-H80-000894,Health Center Service Delivery and Look-Alike Sites,2026-06-19,2026-06-19,needs_review,
hrsa-bps-h80-014005,PS/MS 382,community_health_center,125 E 181st St,Bronx,NY,36,Bronx County,36005,10453-3405,40.85503235,-73.90336158,718-483-1270,,,,,,,,,,HRSA operating hours per week: 40.00,unknown,,,,,,,,,HRSA Health Center Service Delivery and Look-Alike Sites,https://data.hrsa.gov/DataDownload/DD_Files/Health_Center_Service_Delivery_and_LookAlike_Sites.csv,2026-06-19,"Fields copied from the official HRSA CSV: site name, address, city, state, postal code, phone, website, HRSA geocoding coordinates, county/FIPS, operating hours per week, site status, and location setting. Site status: Active. Location setting: School. Operational schedule: Full-Time. Daily hours, services, price, insurance, and accessibility fields were not supplied by this intake.",BPS-H80-014005,Health Center Service Delivery and Look-Alike Sites,2026-06-19,2026-06-19,needs_review,
hrsa-bps-h80-000919,PUBLIC SCHOOL 112-SCHOOL CLINIC,community_health_center,535 E 119th St,New York,NY,36,New York County,36061,10035-4497,40.79656534,-73.93045214,212-410-3147,www.boriken.org,,,,,,,,,HRSA operating hours per week: 40.00,unknown,,,,,,,,,HRSA Health Center Service Delivery and Look-Alike Sites,https://data.hrsa.gov/DataDownload/DD_Files/Health_Center_Service_Delivery_and_LookAlike_Sites.csv,2026-06-19,"Fields copied from the official HRSA CSV: site name, address, city, state, postal code, phone, website, HRSA geocoding coordinates, county/FIPS, operating hours per week, site status, and location setting. Site status: Active. Location setting: School. Operational schedule: Full-Time. Daily hours, services, price, insurance, and accessibility fields were not supplied by this intake.",BPS-H80-000919,Health Center Service Delivery and Look-Alike Sites,2026-06-19,2026-06-19,needs_review,
hrsa-bps-h80-033937,TFH Admin,community_health_center,950 3rd Ave,New York,NY,36,New York County,36061,10022-2705,40.76003592,-73.96778162,718-784-2240,,,,,,,,,,,unknown,,,,,,,,,HRSA Health Center Service Delivery and Look-Alike Sites,https://data.hrsa.gov/DataDownload/DD_Files/Health_Center_Service_Delivery_and_LookAlike_Sites.csv,2026-06-19,"Fields copied from the official HRSA CSV: site name, address, city, state, postal code, phone, website, HRSA geocoding coordinates, county/FIPS, operating hours per week, site status, and location setting. Site status: Active. Location setting: Unknown. Operational schedule: Unknown. Daily hours, services, price, insurance, and accessibility fields were not supplied by this intake.",BPS-H80-033937,Health Center Service Delivery and Look-Alike Sites,2026-06-19,2026-06-19,needs_review,
hrsa-bps-h80-011544,Mexico Health Services Center,community_health_center,5856 Scenic Ave,Mexico,NY,36,Oswego County,36075,13114-3012,43.47092697,-76.23228193,315-963-4133,www.nochsi.org,,,,,,,,,HRSA operating hours per week: 51.00,unknown,,,,,,,,,HRSA Health Center Service Delivery and Look-Alike Sites,https://data.hrsa.gov/DataDownload/DD_Files/Health_Center_Service_Delivery_and_LookAlike_Sites.csv,2026-06-19,"Fields copied from the official HRSA CSV: site name, address, city, state, postal code, phone, website, HRSA geocoding coordinates, county/FIPS, operating hours per week, site status, and location setting. Site status: Active. Location setting: All Other Clinic Types. Operational schedule: Full-Time. Daily hours, services, price, insurance, and accessibility fields were not supplied by this intake.",BPS-H80-011544,Health Center Service Delivery and Look-Alike Sites,2026-06-19,2026-06-19,needs_review,
hrsa-bps-h80-027760,Charles Evans Center - Melillo,community_health_center,113 Glen Cove Ave,Glen Cove,NY,36,Nassau County,36059,11542-3438,40.85727568,-73.63467992,516-622-8888,,,,,,,,,,HRSA operating hours per week: 48.00,unknown,,,,,,,,,HRSA Health Center Service Delivery and Look-Alike Sites,https://data.hrsa.gov/DataDownload/DD_Files/Health_Center_Service_Delivery_and_LookAlike_Sites.csv,2026-06-19,"Fields copied from the official HRSA CSV: site name, address, city, state, postal code, phone, website, HRSA geocoding coordinates, county/FIPS, operating hours per week, site status, and location setting. Site status: Active. Location setting: All Other Clinic Types. Operational schedule: Unknown. Daily hours, services, price, insurance, and accessibility fields were not supplied by this intake.",BPS-H80-027760,Health Center Service Delivery and Look-Alike Sites,2026-06-19,2026-06-19,needs_review,
hrsa-bps-h80-028389,770 East 176 Street,community_health_center,770 E 176th St FL 2,Bronx,NY,36,Bronx County,36005,10460-4617,40.84227375,-73.89007140,718-466-8244,www.vipservices.org,,,,,,,,,HRSA operating hours per week: 51.00,unknown,,,,,,,,,HRSA Health Center Service Delivery and Look-Alike Sites,https://data.hrsa.gov/DataDownload/DD_Files/Health_Center_Service_Delivery_and_LookAlike_Sites.csv,2026-06-19,"Fields copied from the official HRSA CSV: site name, address, city, state, postal code, phone, website, HRSA geocoding coordinates, county/FIPS, operating hours per week, site status, and location setting. Site status: Active. Location setting: All Other Clinic Types. Operational schedule: Unknown. Daily hours, services, price, insurance, and accessibility fields were not supplied by this intake.",BPS-H80-028389,Health Center Service Delivery and Look-Alike Sites,2026-06-19,2026-06-19,needs_review,
hrsa-bps-h80-006017,The Bridge,community_health_center,248 W 108th St,New York,NY,36,New York County,36061,10025-2956,40.80243439,-73.96698869,212-749-1820,www.ryancenter.org,,,,,,,,,HRSA operating hours per week: 8.00,unknown,,,,,,,,,HRSA Health Center Service Delivery and Look-Alike Sites,https://data.hrsa.gov/DataDownload/DD_Files/Health_Center_Service_Delivery_and_LookAlike_Sites.csv,2026-06-19,"Fields copied from the official HRSA CSV: site name, address, city, state, postal code, phone, website, HRSA geocoding coordinates, county/FIPS, operating hours per week, site status, and location setting. Site status: Active. Location setting: All Other Clinic Types. Operational schedule: Part-Time. Daily hours, services, price, insurance, and accessibility fields were not supplied by this intake.",BPS-H80-006017,Health Center Service Delivery and Look-Alike Sites,2026-06-19,2026-06-19,needs_review,
hrsa-bps-h80-031637,Park Tree Community Health Center,community_health_center,866 E Tremont Ave,Bronx,NY,36,Bronx County,36005,10460-4201,40.84291903,-73.88635277,347-284-0595,www.urbanhealthplan.org,,,,,,,,,HRSA operating hours per week: 40.00,unknown,,,,,,,,,HRSA Health Center Service Delivery and Look-Alike Sites,https://data.hrsa.gov/DataDownload/DD_Files/Health_Center_Service_Delivery_and_LookAlike_Sites.csv,2026-06-19,"Fields copied from the official HRSA CSV: site name, address, city, state, postal code, phone, website, HRSA geocoding coordinates, county/FIPS, operating hours per week, site status, and location setting. Site status: Active. Location setting: All Other Clinic Types. Operational schedule: Unknown. Daily hours, services, price, insurance, and accessibility fields were not supplied by this intake.",BPS-H80-031637,Health Center Service Delivery and Look-Alike Sites,2026-06-19,2026-06-19,needs_review,
hrsa-bps-h80-038805,Mott Haven Family Health Center,community_health_center,427 Grand Concourse BLDG,Bronx,NY,36,Bronx County,36005,10451-5307,40.81672308,-73.92830264,929-601-0063,,,,,,,,,,HRSA operating hours per week: 40.00,unknown,,,,,,,,,HRSA Health Center Service Delivery and Look-Alike Sites,https://data.hrsa.gov/DataDownload/DD_Files/Health_Center_Service_Delivery_and_LookAlike_Sites.csv,2026-06-19,"Fields copied from the official HRSA CSV: site name, address, city, state, postal code, phone, website, HRSA geocoding coordinates, county/FIPS, operating hours per week, site status, and location setting. Site status: Active. Location setting: All Other Clinic Types. Operational schedule: Unknown. Daily hours, services, price, insurance, and accessibility fields were not supplied by this intake.",BPS-H80-038805,Health Center Service Delivery and Look-Alike Sites,2026-06-19,2026-06-19,needs_review,
hrsa-bps-h80-001190,PS 75,community_health_center,984 Faile St,Bronx,NY,36,Bronx County,36005,10459-3799,40.82231694,-73.88923237,718-860-6475,www.urbanhealthplan.org,,,,,,,,,HRSA operating hours per week: 40.00,unknown,,,,,,,,,HRSA Health Center Service Delivery and Look-Alike Sites,https://data.hrsa.gov/DataDownload/DD_Files/Health_Center_Service_Delivery_and_LookAlike_Sites.csv,2026-06-19,"Fields copied from the official HRSA CSV: site name, address, city, state, postal code, phone, website, HRSA geocoding coordinates, county/FIPS, operating hours per week, site status, and location setting. Site status: Active. Location setting: School. Operational schedule: Full-Time. Daily hours, services, price, insurance, and accessibility fields were not supplied by this intake.",BPS-H80-001190,Health Center Service Delivery and Look-Alike Sites,2026-06-19,2026-06-19,needs_review,
hrsa-bps-h80-022133,BronxCare Center for Physical Rehabilitation,community_health_center,1775 Grand Concourse,Bronx,NY,36,Bronx County,36005,10453-8202,40.84635280,-73.91003039,718-579-3940,,,,,,,,,,HRSA operating hours per week: 56.00,unknown,,,,,,,,,HRSA Health Center Service Delivery and Look-Alike Sites,https://data.hrsa.gov/DataDownload/DD_Files/Health_Center_Service_Delivery_and_LookAlike_Sites.csv,2026-06-19,"Fields copied from the official HRSA CSV: site name, address, city, state, postal code, phone, website, HRSA geocoding coordinates, county/FIPS, operating hours per week, site status, and location setting. Site status: Active. Location setting: All Other Clinic Types. Operational schedule: Unknown. Daily hours, services, price, insurance, and accessibility fields were not supplied by this intake.",BPS-H80-022133,Health Center Service Delivery and Look-Alike Sites,2026-06-19,2026-06-19,needs_review,
hrsa-bps-h80-019058,Newtown High School SBHC,community_health_center,48-01 90th St,Elmhurst,NY,36,Queens County,36081,11373-4099,40.74080985,-73.87459170,718-595-8400,www.urbanhealthplan.org,,,,,,,,,HRSA operating hours per week: 35.00,unknown,,,,,,,,,HRSA Health Center Service Delivery and Look-Alike Sites,https://data.hrsa.gov/DataDownload/DD_Files/Health_Center_Service_Delivery_and_LookAlike_Sites.csv,2026-06-19,"Fields copied from the official HRSA CSV: site name, address, city, state, postal code, phone, website, HRSA geocoding coordinates, county/FIPS, operating hours per week, site status, and location setting. Site status: Active. Location setting: School. Operational schedule: Unknown. Daily hours, services, price, insurance, and accessibility fields were not supplied by this intake.",BPS-H80-019058,Health Center Service Delivery and Look-Alike Sites,2026-06-19,2026-06-19,needs_review,
hrsa-bps-h80-010782,"HealthCare Choices NY, Inc. - Brooklyn",community_health_center,6209 16th Ave,Brooklyn,NY,36,Kings County,36047,11204-2702,40.62338793,-73.99326830,718-234-0073,www.healthcarechoicesny.org,,,,,,,,,HRSA operating hours per week: 58.00,unknown,,,,,,,,,HRSA Health Center Service Delivery and Look-Alike Sites,https://data.hrsa.gov/DataDownload/DD_Files/Health_Center_Service_Delivery_and_LookAlike_Sites.csv,2026-06-19,"Fields copied from the official HRSA CSV: site name, address, city, state, postal code, phone, website, HRSA geocoding coordinates, county/FIPS, operating hours per week, site status, and location setting. Site status: Active. Location setting: All Other Clinic Types. Operational schedule: Full-Time. Daily hours, services, price, insurance, and accessibility fields were not supplied by this intake.",BPS-H80-010782,Health Center Service Delivery and Look-Alike Sites,2026-06-19,2026-06-19,needs_review,
hrsa-bps-h80-018466,Metro Community Health Centers  -  Downtown Brooklyn,community_health_center,177 Livingston St,Brooklyn,NY,36,Kings County,36047,11201-7000,40.69020335,-73.98679764,212-356-1204,,,,,,,,,,HRSA operating hours per week: 40.00,unknown,,,,,,,,,HRSA Health Center Service Delivery and Look-Alike Sites,https://data.hrsa.gov/DataDownload/DD_Files/Health_Center_Service_Delivery_and_LookAlike_Sites.csv,2026-06-19,"Fields copied from the official HRSA CSV: site name, address, city, state, postal code, phone, website, HRSA geocoding coordinates, county/FIPS, operating hours per week, site status, and location setting. Site status: Active. Location setting: All Other Clinic Types. Operational schedule: Unknown. Daily hours, services, price, insurance, and accessibility fields were not supplied by this intake.",BPS-H80-018466,Health Center Service Delivery and Look-Alike Sites,2026-06-19,2026-06-19,needs_review,
hrsa-bps-h80-019060,Hometown Health Centers at Mont Pleasant Middle School,community_health_center,1121 Forest Rd,Schenectady,NY,36,Schenectady County,36093,12303-1294,42.79707300,-73.93985496,518-370-1441,,,,,,,,,,HRSA operating hours per week: 40.00,unknown,,,,,,,,,HRSA Health Center Service Delivery and Look-Alike Sites,https://data.hrsa.gov/DataDownload/DD_Files/Health_Center_Service_Delivery_and_LookAlike_Sites.csv,2026-06-19,"Fields copied from the official HRSA CSV: site name, address, city, state, postal code, phone, website, HRSA geocoding coordinates, county/FIPS, operating hours per week, site status, and location setting. Site status: Active. Location setting: School. Operational schedule: Unknown. Daily hours, services, price, insurance, and accessibility fields were not supplied by this intake.",BPS-H80-019060,Health Center Service Delivery and Look-Alike Sites,2026-06-19,2026-06-19,needs_review,
hrsa-bps-lal-040197,"Premium Health, Inc.",community_health_center,"620 Foster Ave, Suite 200",Brooklyn,NY,36,Kings County,36047,11230-1389,40.63015326,-73.97088032,718-407-7300,premiumhealth.org,,,,,,,,,HRSA operating hours per week: 58.00,unknown,,,,,,,,,HRSA Health Center Service Delivery and Look-Alike Sites,https://data.hrsa.gov/DataDownload/DD_Files/Health_Center_Service_Delivery_and_LookAlike_Sites.csv,2026-06-19,"Fields copied from the official HRSA CSV: site name, address, city, state, postal code, phone, website, HRSA geocoding coordinates, county/FIPS, operating hours per week, site status, and location setting. Site status: Active. Location setting: All Other Clinic Types. Operational schedule: Unknown. Daily hours, services, price, insurance, and accessibility fields were not supplied by this intake.",BPS-LAL-040197,Health Center Service Delivery and Look-Alike Sites,2026-06-19,2026-06-19,needs_review,
hrsa-bps-h80-028084,P.S. 135 - Sheldon A. Brookner,community_health_center,684 Linden Blvd,Brooklyn,NY,36,Kings County,36047,11203-3298,40.65342649,-73.93297836,718-693-4363,https://nyulangone.org/locations/family-health-centers-at-nyu-langone/school-health-program-family-health-centers-at-nyu-langone,,,,,,,,,HRSA operating hours per week: 48.00,unknown,,,,,,,,,HRSA Health Center Service Delivery and Look-Alike Sites,https://data.hrsa.gov/DataDownload/DD_Files/Health_Center_Service_Delivery_and_LookAlike_Sites.csv,2026-06-19,"Fields copied from the official HRSA CSV: site name, address, city, state, postal code, phone, website, HRSA geocoding coordinates, county/FIPS, operating hours per week, site status, and location setting. Site status: Active. Location setting: School. Operational schedule: Unknown. Daily hours, services, price, insurance, and accessibility fields were not supplied by this intake.",BPS-H80-028084,Health Center Service Delivery and Look-Alike Sites,2026-06-19,2026-06-19,needs_review,
hrsa-bps-h80-010399,Casa Rita (Women in Need),community_health_center,391 E 149th St,Bronx,NY,36,Bronx County,36005,10455-3907,40.81636637,-73.91815488,718-402-0066,www.lmcmc.com,,,,,,,,,HRSA operating hours per week: 12.00,unknown,,,,,,,,,HRSA Health Center Service Delivery and Look-Alike Sites,https://data.hrsa.gov/DataDownload/DD_Files/Health_Center_Service_Delivery_and_LookAlike_Sites.csv,2026-06-19,"Fields copied from the official HRSA CSV: site name, address, city, state, postal code, phone, website, HRSA geocoding coordinates, county/FIPS, operating hours per week, site status, and location setting. Site status: Active. Location setting: All Other Clinic Types. Operational schedule: Part-Time. Daily hours, services, price, insurance, and accessibility fields were not supplied by this intake.",BPS-H80-010399,Health Center Service Delivery and Look-Alike Sites,2026-06-19,2026-06-19,needs_review,
hrsa-bps-h80-001493,LURA M. SHARP ELEMENTARY SBHC,community_health_center,2 Hinman Rd,Pulaski,NY,36,Oswego County,36075,13142-2201,43.57137172,-76.13563238,315-298-2570,www.nochsi.org,,,,,,,,,HRSA operating hours per week: 40.00,unknown,,,,,,,,,HRSA Health Center Service Delivery and Look-Alike Sites,https://data.hrsa.gov/DataDownload/DD_Files/Health_Center_Service_Delivery_and_LookAlike_Sites.csv,2026-06-19,"Fields copied from the official HRSA CSV: site name, address, city, state, postal code, phone, website, HRSA geocoding coordinates, county/FIPS, operating hours per week, site status, and location setting. Site status: Active. Location setting: School. Operational schedule: Full-Time. Daily hours, services, price, insurance, and accessibility fields were not supplied by this intake.",BPS-H80-001493,Health Center Service Delivery and Look-Alike Sites,2026-06-19,2026-06-19,needs_review,
hrsa-bps-h80-021977,Open Door Family Medical @ Sleepy Hollow,community_health_center,300 N Broadway,Sleepy Hollow,NY,36,Westchester County,36119,10591-2370,41.08639651,-73.85849392,914-502-1451,,,,,,,,,,HRSA operating hours per week: 58.00,unknown,,,,,,,,,HRSA Health Center Service Delivery and Look-Alike Sites,https://data.hrsa.gov/DataDownload/DD_Files/Health_Center_Service_Delivery_and_LookAlike_Sites.csv,2026-06-19,"Fields copied from the official HRSA CSV: site name, address, city, state, postal code, phone, website, HRSA geocoding coordinates, county/FIPS, operating hours per week, site status, and location setting. Site status: Active. Location setting: All Other Clinic Types. Operational schedule: Unknown. Daily hours, services, price, insurance, and accessibility fields were not supplied by this intake.",BPS-H80-021977,Health Center Service Delivery and Look-Alike Sites,2026-06-19,2026-06-19,needs_review,
hrsa-bps-h80-009583,Settlement Health - Administrative site,community_health_center,104 E 107th St,New York,NY,36,New York County,36061,10029-3930,40.79340771,-73.94717655,212-360-2600,,,,,,,,,,,unknown,,,,,,,,,HRSA Health Center Service Delivery and Look-Alike Sites,https://data.hrsa.gov/DataDownload/DD_Files/Health_Center_Service_Delivery_and_LookAlike_Sites.csv,2026-06-19,"Fields copied from the official HRSA CSV: site name, address, city, state, postal code, phone, website, HRSA geocoding coordinates, county/FIPS, operating hours per week, site status, and location setting. Site status: Active. Location setting: Unknown. Operational schedule: Full-Time. Daily hours, services, price, insurance, and accessibility fields were not supplied by this intake.",BPS-H80-009583,Health Center Service Delivery and Look-Alike Sites,2026-06-19,2026-06-19,needs_review,
hrsa-bps-h80-013807,P.S. 28 School-Based Health Center,community_health_center,475 W 155th St,New York,NY,36,New York County,36061,10032-6399,40.83155430,-73.94240515,212-692-3040,https://nyulangone.org/locations/family-health-centers-at-nyu-langone/school-health-program-family-health-centers-at-nyu-langone,,,,,,,,,HRSA operating hours per week: 15.00,unknown,,,,,,,,,HRSA Health Center Service Delivery and Look-Alike Sites,https://data.hrsa.gov/DataDownload/DD_Files/Health_Center_Service_Delivery_and_LookAlike_Sites.csv,2026-06-19,"Fields copied from the official HRSA CSV: site name, address, city, state, postal code, phone, website, HRSA geocoding coordinates, county/FIPS, operating hours per week, site status, and location setting. Site status: Active. Location setting: School. Operational schedule: Full-Time. Daily hours, services, price, insurance, and accessibility fields were not supplied by this intake.",BPS-H80-013807,Health Center Service Delivery and Look-Alike Sites,2026-06-19,2026-06-19,needs_review,
hrsa-bps-h80-001515,Sun River Health Beacon,community_health_center,6 Henry St,Beacon,NY,36,Dutchess County,36027,12508-3058,41.50445856,-73.96964978,845-831-0400,www.hrhcare.org,,,,,,,,,HRSA operating hours per week: 55.00,unknown,,,,,,,,,HRSA Health Center Service Delivery and Look-Alike Sites,https://data.hrsa.gov/DataDownload/DD_Files/Health_Center_Service_Delivery_and_LookAlike_Sites.csv,2026-06-19,"Fields copied from the official HRSA CSV: site name, address, city, state, postal code, phone, website, HRSA geocoding coordinates, county/FIPS, operating hours per week, site status, and location setting. Site status: Active. Location setting: All Other Clinic Types. Operational schedule: Full-Time. Daily hours, services, price, insurance, and accessibility fields were not supplied by this intake.",BPS-H80-001515,Health Center Service Delivery and Look-Alike Sites,2026-06-19,2026-06-19,needs_review,
hrsa-bps-h80-017438,BHA Health Center,community_health_center,35 Felters Rd,Binghamton,NY,36,Broome County,36007,13903-2600,42.09793154,-75.87447709,607-201-1200,,,,,,,,,,HRSA operating hours per week: 42.00,unknown,,,,,,,,,HRSA Health Center Service Delivery and Look-Alike Sites,https://data.hrsa.gov/DataDownload/DD_Files/Health_Center_Service_Delivery_and_LookAlike_Sites.csv,2026-06-19,"Fields copied from the official HRSA CSV: site name, address, city, state, postal code, phone, website, HRSA geocoding coordinates, county/FIPS, operating hours per week, site status, and location setting. Site status: Active. Location setting: All Other Clinic Types. Operational schedule: Unknown. Daily hours, services, price, insurance, and accessibility fields were not supplied by this intake.",BPS-H80-017438,Health Center Service Delivery and Look-Alike Sites,2026-06-19,2026-06-19,needs_review,
hrsa-bps-h80-011816,Watertown High School,community_health_center,1335 Washington St,Watertown,NY,36,Jefferson County,36045,13601-4591,43.95730073,-75.91276420,315-785-3703,www.NoCoFamilyHealth.org,,,,,,,,,HRSA operating hours per week: 40.00,unknown,,,,,,,,,HRSA Health Center Service Delivery and Look-Alike Sites,https://data.hrsa.gov/DataDownload/DD_Files/Health_Center_Service_Delivery_and_LookAlike_Sites.csv,2026-06-19,"Fields copied from the official HRSA CSV: site name, address, city, state, postal code, phone, website, HRSA geocoding coordinates, county/FIPS, operating hours per week, site status, and location setting. Site status: Active. Location setting: School. Operational schedule: Full-Time. Daily hours, services, price, insurance, and accessibility fields were not supplied by this intake.",BPS-H80-011816,Health Center Service Delivery and Look-Alike Sites,2026-06-19,2026-06-19,needs_review,
hrsa-bps-h80-041141,Callen-Lorde 19th Street Administrative Offices,community_health_center,155 W 19th St,New York,NY,36,New York County,36061,10011-4121,40.74151049,-73.99661545,212-271-7200,,,,,,,,,,,unknown,,,,,,,,,HRSA Health Center Service Delivery and Look-Alike Sites,https://data.hrsa.gov/DataDownload/DD_Files/Health_Center_Service_Delivery_and_LookAlike_Sites.csv,2026-06-19,"Fields copied from the official HRSA CSV: site name, address, city, state, postal code, phone, website, HRSA geocoding coordinates, county/FIPS, operating hours per week, site status, and location setting. Site status: Active. Location setting: All Other Clinic Types. Operational schedule: Unknown. Daily hours, services, price, insurance, and accessibility fields were not supplied by this intake.",BPS-H80-041141,Health Center Service Delivery and Look-Alike Sites,2026-06-19,2026-06-19,needs_review,
hrsa-bps-h80-040472,The Chautauqua Center - Elmira,community_health_center,1005 Walnut St,Elmira,NY,36,Chemung County,36015,14901-1007,42.10029704,-76.82503335,607-734-3968,,,,,,,,,,HRSA operating hours per week: 45.00,unknown,,,,,,,,,HRSA Health Center Service Delivery and Look-Alike Sites,https://data.hrsa.gov/DataDownload/DD_Files/Health_Center_Service_Delivery_and_LookAlike_Sites.csv,2026-06-19,"Fields copied from the official HRSA CSV: site name, address, city, state, postal code, phone, website, HRSA geocoding coordinates, county/FIPS, operating hours per week, site status, and location setting. Site status: Active. Location setting: All Other Clinic Types. Operational schedule: Unknown. Daily hours, services, price, insurance, and accessibility fields were not supplied by this intake.",BPS-H80-040472,Health Center Service Delivery and Look-Alike Sites,2026-06-19,2026-06-19,needs_review,
hrsa-bps-h80-001617,APW High School Based Health Center,community_health_center,639 County Route 22,Parish,NY,36,Oswego County,36075,13131-3337,43.44360469,-76.05323693,315-625-5213,www.nochsi.org,,,,,,,,,HRSA operating hours per week: 40.00,unknown,,,,,,,,,HRSA Health Center Service Delivery and Look-Alike Sites,https://data.hrsa.gov/DataDownload/DD_Files/Health_Center_Service_Delivery_and_LookAlike_Sites.csv,2026-06-19,"Fields copied from the official HRSA CSV: site name, address, city, state, postal code, phone, website, HRSA geocoding coordinates, county/FIPS, operating hours per week, site status, and location setting. Site status: Active. Location setting: School. Operational schedule: Full-Time. Daily hours, services, price, insurance, and accessibility fields were not supplied by this intake.",BPS-H80-001617,Health Center Service Delivery and Look-Alike Sites,2026-06-19,2026-06-19,needs_review,
hrsa-bps-h80-038406,Hudson Headwaters Pharmacy,community_health_center,1305 Saratoga Rd,Gansevoort,NY,36,Saratoga County,36091,12831-1562,43.24292694,-73.68165200,518-761-0300,www.hhhn.org,,,,,,,,,,unknown,,,,,,,,,HRSA Health Center Service Delivery and Look-Alike Sites,https://data.hrsa.gov/DataDownload/DD_Files/Health_Center_Service_Delivery_and_LookAlike_Sites.csv,2026-06-19,"Fields copied from the official HRSA CSV: site name, address, city, state, postal code, phone, website, HRSA geocoding coordinates, county/FIPS, operating hours per week, site status, and location setting. Site status: Active. Location setting: All Other Clinic Types. Operational schedule: Unknown. Daily hours, services, price, insurance, and accessibility fields were not supplied by this intake.",BPS-H80-038406,Health Center Service Delivery and Look-Alike Sites,2026-06-19,2026-06-19,needs_review,
hrsa-bps-h80-013556,SBHC - Franklin Elementary School,community_health_center,428 S Alvord St,Syracuse,NY,36,Onondaga County,36067,13208-2795,43.06262800,-76.14633766,315-476-7921,www.schcny.com,,,,,,,,,HRSA operating hours per week: 40.00,unknown,,,,,,,,,HRSA Health Center Service Delivery and Look-Alike Sites,https://data.hrsa.gov/DataDownload/DD_Files/Health_Center_Service_Delivery_and_LookAlike_Sites.csv,2026-06-19,"Fields copied from the official HRSA CSV: site name, address, city, state, postal code, phone, website, HRSA geocoding coordinates, county/FIPS, operating hours per week, site status, and location setting. Site status: Active. Location setting: School. Operational schedule: Part-Time. Daily hours, services, price, insurance, and accessibility fields were not supplied by this intake.",BPS-H80-013556,Health Center Service Delivery and Look-Alike Sites,2026-06-19,2026-06-19,needs_review,
hrsa-bps-h80-024703,East New York Health Hub,community_health_center,2581 Atlantic Ave FL 1,Brooklyn,NY,36,Kings County,36047,11207-2412,40.67616199,-73.89904339,212-545-2400,http://www.chnnyc.org/,,,,,,,,,HRSA operating hours per week: 48.00,unknown,,,,,,,,,HRSA Health Center Service Delivery and Look-Alike Sites,https://data.hrsa.gov/DataDownload/DD_Files/Health_Center_Service_Delivery_and_LookAlike_Sites.csv,2026-06-19,"Fields copied from the official HRSA CSV: site name, address, city, state, postal code, phone, website, HRSA geocoding coordinates, county/FIPS, operating hours per week, site status, and location setting. Site status: Active. Location setting: All Other Clinic Types. Operational schedule: Unknown. Daily hours, services, price, insurance, and accessibility fields were not supplied by this intake.",BPS-H80-024703,Health Center Service Delivery and Look-Alike Sites,2026-06-19,2026-06-19,needs_review,
hrsa-bps-h80-021867,PS 243,community_health_center,1580 Dean St,Brooklyn,NY,36,Kings County,36047,11213-1713,40.67589515,-73.93495658,718-604-6914,,,,,,,,,,HRSA operating hours per week: 48.00,unknown,,,,,,,,,HRSA Health Center Service Delivery and Look-Alike Sites,https://data.hrsa.gov/DataDownload/DD_Files/Health_Center_Service_Delivery_and_LookAlike_Sites.csv,2026-06-19,"Fields copied from the official HRSA CSV: site name, address, city, state, postal code, phone, website, HRSA geocoding coordinates, county/FIPS, operating hours per week, site status, and location setting. Site status: Active. Location setting: School. Operational schedule: Unknown. Daily hours, services, price, insurance, and accessibility fields were not supplied by this intake.",BPS-H80-021867,Health Center Service Delivery and Look-Alike Sites,2026-06-19,2026-06-19,needs_review,
hrsa-bps-h80-007965,Salvation Army Jamaica Citadel,community_health_center,90-23 161st St,Jamaica,NY,36,Queens County,36081,11432,40.70483426,-73.79891644,718-709-5054,N/A,,,,,,,,,HRSA operating hours per week: 45.00,unknown,,,,,,,,,HRSA Health Center Service Delivery and Look-Alike Sites,https://data.hrsa.gov/DataDownload/DD_Files/Health_Center_Service_Delivery_and_LookAlike_Sites.csv,2026-06-19,"Fields copied from the official HRSA CSV: site name, address, city, state, postal code, phone, website, HRSA geocoding coordinates, county/FIPS, operating hours per week, site status, and location setting. Site status: Active. Location setting: All Other Clinic Types. Operational schedule: Unknown. Daily hours, services, price, insurance, and accessibility fields were not supplied by this intake.",BPS-H80-007965,Health Center Service Delivery and Look-Alike Sites,2026-06-19,2026-06-19,needs_review,
hrsa-bps-h80-032176,Harmony Healthcare Long Island at Freeport High School,community_health_center,50 S Brookside Ave,Freeport,NY,36,Nassau County,36059,11520-3144,40.65451325,-73.60212051,516-867-5329,www.harmonyhealthcareli.org,,,,,,,,,HRSA operating hours per week: 40.00,unknown,,,,,,,,,HRSA Health Center Service Delivery and Look-Alike Sites,https://data.hrsa.gov/DataDownload/DD_Files/Health_Center_Service_Delivery_and_LookAlike_Sites.csv,2026-06-19,"Fields copied from the official HRSA CSV: site name, address, city, state, postal code, phone, website, HRSA geocoding coordinates, county/FIPS, operating hours per week, site status, and location setting. Site status: Active. Location setting: School. Operational schedule: Unknown. Daily hours, services, price, insurance, and accessibility fields were not supplied by this intake.",BPS-H80-032176,Health Center Service Delivery and Look-Alike Sites,2026-06-19,2026-06-19,needs_review,
hrsa-bps-h80-001720,OPEN DOOR FAMILY MEDICAL CENTER,community_health_center,5 Grace Church St,Port Chester,NY,36,Westchester County,36119,10573-4911,40.99762369,-73.66515326,914-937-8899,www.opendoormedical.org,,,,,,,,,HRSA operating hours per week: 56.50,unknown,,,,,,,,,HRSA Health Center Service Delivery and Look-Alike Sites,https://data.hrsa.gov/DataDownload/DD_Files/Health_Center_Service_Delivery_and_LookAlike_Sites.csv,2026-06-19,"Fields copied from the official HRSA CSV: site name, address, city, state, postal code, phone, website, HRSA geocoding coordinates, county/FIPS, operating hours per week, site status, and location setting. Site status: Active. Location setting: All Other Clinic Types. Operational schedule: Full-Time. Daily hours, services, price, insurance, and accessibility fields were not supplied by this intake.",BPS-H80-001720,Health Center Service Delivery and Look-Alike Sites,2026-06-19,2026-06-19,needs_review,
hrsa-bps-h80-035794,TCC - Tri County Family Medicine,community_health_center,"1 School St, Apartment 107",Gowanda,NY,36,Cattaraugus County,36009,14070-1143,42.46538961,-78.93791333,716-241-7067,,,,,,,,,,HRSA operating hours per week: 40.00,unknown,,,,,,,,,HRSA Health Center Service Delivery and Look-Alike Sites,https://data.hrsa.gov/DataDownload/DD_Files/Health_Center_Service_Delivery_and_LookAlike_Sites.csv,2026-06-19,"Fields copied from the official HRSA CSV: site name, address, city, state, postal code, phone, website, HRSA geocoding coordinates, county/FIPS, operating hours per week, site status, and location setting. Site status: Active. Location setting: All Other Clinic Types. Operational schedule: Unknown. Daily hours, services, price, insurance, and accessibility fields were not supplied by this intake.",BPS-H80-035794,Health Center Service Delivery and Look-Alike Sites,2026-06-19,2026-06-19,needs_review,
hrsa-bps-lal-040796,"Premium Health, Inc.",community_health_center,1212 Seagirt Blvd,Far Rockaway,NY,36,Queens County,36081,11691,40.59603820,-73.74657439,718-407-7301,www.premiumhealth.org,,,,,,,,,HRSA operating hours per week: 72.00,unknown,,,,,,,,,HRSA Health Center Service Delivery and Look-Alike Sites,https://data.hrsa.gov/DataDownload/DD_Files/Health_Center_Service_Delivery_and_LookAlike_Sites.csv,2026-06-19,"Fields copied from the official HRSA CSV: site name, address, city, state, postal code, phone, website, HRSA geocoding coordinates, county/FIPS, operating hours per week, site status, and location setting. Site status: Active. Location setting: All Other Clinic Types. Operational schedule: Unknown. Daily hours, services, price, insurance, and accessibility fields were not supplied by this intake.",BPS-LAL-040796,Health Center Service Delivery and Look-Alike Sites,2026-06-19,2026-06-19,needs_review,
hrsa-bps-h80-001801,PORT CHESTER HIGH SCHOOL-SBHC,community_health_center,1 Tamarack Rd,Port Chester,NY,36,Westchester County,36119,10573-2499,41.01180088,-73.67884375,914-934-7950,www.opendoormedical.org,,,,,,,,,HRSA operating hours per week: 40.00,unknown,,,,,,,,,HRSA Health Center Service Delivery and Look-Alike Sites,https://data.hrsa.gov/DataDownload/DD_Files/Health_Center_Service_Delivery_and_LookAlike_Sites.csv,2026-06-19,"Fields copied from the official HRSA CSV: site name, address, city, state, postal code, phone, website, HRSA geocoding coordinates, county/FIPS, operating hours per week, site status, and location setting. Site status: Active. Location setting: School. Operational schedule: Full-Time. Daily hours, services, price, insurance, and accessibility fields were not supplied by this intake.",BPS-H80-001801,Health Center Service Delivery and Look-Alike Sites,2026-06-19,2026-06-19,needs_review,
hrsa-bps-h80-035541,Oak Orchard Health Pharmacy,community_health_center,300 West Ave,Brockport,NY,36,Monroe County,36055,14420-1118,43.22107706,-77.95058214,585-637-3905,https://oakorchardhealth.org/,,,,,,,,,HRSA operating hours per week: 53.00,unknown,,,,,,,,,HRSA Health Center Service Delivery and Look-Alike Sites,https://data.hrsa.gov/DataDownload/DD_Files/Health_Center_Service_Delivery_and_LookAlike_Sites.csv,2026-06-19,"Fields copied from the official HRSA CSV: site name, address, city, state, postal code, phone, website, HRSA geocoding coordinates, county/FIPS, operating hours per week, site status, and location setting. Site status: Active. Location setting: All Other Clinic Types. Operational schedule: Unknown. Daily hours, services, price, insurance, and accessibility fields were not supplied by this intake.",BPS-H80-035541,Health Center Service Delivery and Look-Alike Sites,2026-06-19,2026-06-19,needs_review,
hrsa-bps-h80-011815,Case Junior High School,community_health_center,1237 Washington St,Watertown,NY,36,Jefferson County,36045,13601-4391,43.95899664,-75.91214125,315-785-3809,www.NoCoFamilyHealth.org,,,,,,,,,HRSA operating hours per week: 24.00,unknown,,,,,,,,,HRSA Health Center Service Delivery and Look-Alike Sites,https://data.hrsa.gov/DataDownload/DD_Files/Health_Center_Service_Delivery_and_LookAlike_Sites.csv,2026-06-19,"Fields copied from the official HRSA CSV: site name, address, city, state, postal code, phone, website, HRSA geocoding coordinates, county/FIPS, operating hours per week, site status, and location setting. Site status: Active. Location setting: School. Operational schedule: Full-Time. Daily hours, services, price, insurance, and accessibility fields were not supplied by this intake.",BPS-H80-011815,Health Center Service Delivery and Look-Alike Sites,2026-06-19,2026-06-19,needs_review,
hrsa-bps-h80-030052,Oak Orchard Community Health Center - Alexander,community_health_center,3384 Church St,Alexander,NY,36,Genesee County,36037,14005-9629,42.90240746,-78.25690700,585-599-6446,,,,,,,,,,HRSA operating hours per week: 44.00,unknown,,,,,,,,,HRSA Health Center Service Delivery and Look-Alike Sites,https://data.hrsa.gov/DataDownload/DD_Files/Health_Center_Service_Delivery_and_LookAlike_Sites.csv,2026-06-19,"Fields copied from the official HRSA CSV: site name, address, city, state, postal code, phone, website, HRSA geocoding coordinates, county/FIPS, operating hours per week, site status, and location setting. Site status: Active. Location setting: All Other Clinic Types. Operational schedule: Unknown. Daily hours, services, price, insurance, and accessibility fields were not supplied by this intake.",BPS-H80-030052,Health Center Service Delivery and Look-Alike Sites,2026-06-19,2026-06-19,needs_review,
hrsa-bps-h80-021475,Cornerstone Family Healthcare Middletown Dentistry,community_health_center,27 North St,Middletown,NY,36,Orange County,36071,10940-5012,41.44579672,-74.41958171,845-342-3900,www.cornerstonefamilyhealthcare.org,,,,,,,,,HRSA operating hours per week: 46.00,unknown,,,,,,,,,HRSA Health Center Service Delivery and Look-Alike Sites,https://data.hrsa.gov/DataDownload/DD_Files/Health_Center_Service_Delivery_and_LookAlike_Sites.csv,2026-06-19,"Fields copied from the official HRSA CSV: site name, address, city, state, postal code, phone, website, HRSA geocoding coordinates, county/FIPS, operating hours per week, site status, and location setting. Site status: Active. Location setting: All Other Clinic Types. Operational schedule: Unknown. Daily hours, services, price, insurance, and accessibility fields were not supplied by this intake.",BPS-H80-021475,Health Center Service Delivery and Look-Alike Sites,2026-06-19,2026-06-19,needs_review,
hrsa-bps-h80-012539,Cornerstone Family Healthcare at Highland Falls,community_health_center,127 Main St,Highland Falls,NY,36,Orange County,36071,10928-4019,41.36188892,-73.96820851,845-446-4076,,,,,,,,,,HRSA operating hours per week: 40.00,unknown,,,,,,,,,HRSA Health Center Service Delivery and Look-Alike Sites,https://data.hrsa.gov/DataDownload/DD_Files/Health_Center_Service_Delivery_and_LookAlike_Sites.csv,2026-06-19,"Fields copied from the official HRSA CSV: site name, address, city, state, postal code, phone, website, HRSA geocoding coordinates, county/FIPS, operating hours per week, site status, and location setting. Site status: Active. Location setting: All Other Clinic Types. Operational schedule: Full-Time. Daily hours, services, price, insurance, and accessibility fields were not supplied by this intake.",BPS-H80-012539,Health Center Service Delivery and Look-Alike Sites,2026-06-19,2026-06-19,needs_review,
hrsa-bps-h80-037967,Open Door Administration Site,community_health_center,560 White Plains Rd,Tarrytown,NY,36,Westchester County,36119,10591-5113,41.06083858,-73.83939634,914-632-2737,,,,,,,,,,,unknown,,,,,,,,,HRSA Health Center Service Delivery and Look-Alike Sites,https://data.hrsa.gov/DataDownload/DD_Files/Health_Center_Service_Delivery_and_LookAlike_Sites.csv,2026-06-19,"Fields copied from the official HRSA CSV: site name, address, city, state, postal code, phone, website, HRSA geocoding coordinates, county/FIPS, operating hours per week, site status, and location setting. Site status: Active. Location setting: Unknown. Operational schedule: Unknown. Daily hours, services, price, insurance, and accessibility fields were not supplied by this intake.",BPS-H80-037967,Health Center Service Delivery and Look-Alike Sites,2026-06-19,2026-06-19,needs_review,
hrsa-bps-h80-013739,Ezra dental van -- #2,community_health_center,1312 38th St,Brooklyn,NY,36,Kings County,36047,11218-3612,40.64080934,-73.98527457,718-686-7600,,,,,,,,,,HRSA operating hours per week: 32.00,unknown,,,,,,,,,HRSA Health Center Service Delivery and Look-Alike Sites,https://data.hrsa.gov/DataDownload/DD_Files/Health_Center_Service_Delivery_and_LookAlike_Sites.csv,2026-06-19,"Fields copied from the official HRSA CSV: site name, address, city, state, postal code, phone, website, HRSA geocoding coordinates, county/FIPS, operating hours per week, site status, and location setting. Site status: Active. Location setting: School. Operational schedule: Full-Time. Daily hours, services, price, insurance, and accessibility fields were not supplied by this intake.",BPS-H80-013739,Health Center Service Delivery and Look-Alike Sites,2026-06-19,2026-06-19,needs_review,
hrsa-bps-h80-001916,JANE ADAMS VOCATIONAL HS,community_health_center,900 Tinton Ave,Bronx,NY,36,Bronx County,36005,10456-7499,40.82158600,-73.90318740,718-292-4513 x412,www.urbanhealthplan.org,,,,,,,,,HRSA operating hours per week: 40.00,unknown,,,,,,,,,HRSA Health Center Service Delivery and Look-Alike Sites,https://data.hrsa.gov/DataDownload/DD_Files/Health_Center_Service_Delivery_and_LookAlike_Sites.csv,2026-06-19,"Fields copied from the official HRSA CSV: site name, address, city, state, postal code, phone, website, HRSA geocoding coordinates, county/FIPS, operating hours per week, site status, and location setting. Site status: Active. Location setting: School. Operational schedule: Full-Time. Daily hours, services, price, insurance, and accessibility fields were not supplied by this intake.",BPS-H80-001916,Health Center Service Delivery and Look-Alike Sites,2026-06-19,2026-06-19,needs_review,
hrsa-bps-h80-034764,Apicha Community Health Center,community_health_center,82-11 37th Ave,Jackson Heights,NY,36,Queens County,36081,11372,40.74991314,-73.88395001,718-269-4940,www.apicha.org,,,,,,,,,HRSA operating hours per week: 49.00,unknown,,,,,,,,,HRSA Health Center Service Delivery and Look-Alike Sites,https://data.hrsa.gov/DataDownload/DD_Files/Health_Center_Service_Delivery_and_LookAlike_Sites.csv,2026-06-19,"Fields copied from the official HRSA CSV: site name, address, city, state, postal code, phone, website, HRSA geocoding coordinates, county/FIPS, operating hours per week, site status, and location setting. Site status: Active. Location setting: All Other Clinic Types. Operational schedule: Unknown. Daily hours, services, price, insurance, and accessibility fields were not supplied by this intake.",BPS-H80-034764,Health Center Service Delivery and Look-Alike Sites,2026-06-19,2026-06-19,needs_review,
hrsa-bps-h80-028085,Sun River Health Patchogue,community_health_center,501 N Ocean Ave,Patchogue,NY,36,Suffolk County,36103,11772-1758,40.78232876,-73.01536826,631-866-2030,www.sunriver.org,,,,,,,,,HRSA operating hours per week: 51.50,unknown,,,,,,,,,HRSA Health Center Service Delivery and Look-Alike Sites,https://data.hrsa.gov/DataDownload/DD_Files/Health_Center_Service_Delivery_and_LookAlike_Sites.csv,2026-06-19,"Fields copied from the official HRSA CSV: site name, address, city, state, postal code, phone, website, HRSA geocoding coordinates, county/FIPS, operating hours per week, site status, and location setting. Site status: Active. Location setting: All Other Clinic Types. Operational schedule: Unknown. Daily hours, services, price, insurance, and accessibility fields were not supplied by this intake.",BPS-H80-028085,Health Center Service Delivery and Look-Alike Sites,2026-06-19,2026-06-19,needs_review,
hrsa-bps-h80-011808,X-158,community_health_center,800 Home St,Bronx,NY,36,Bronx County,36005,10456-5499,40.82775579,-73.90067325,718-589-2440,http://www.urbanhealthplan.org,,,,,,,,,HRSA operating hours per week: 40.00,unknown,,,,,,,,,HRSA Health Center Service Delivery and Look-Alike Sites,https://data.hrsa.gov/DataDownload/DD_Files/Health_Center_Service_Delivery_and_LookAlike_Sites.csv,2026-06-19,"Fields copied from the official HRSA CSV: site name, address, city, state, postal code, phone, website, HRSA geocoding coordinates, county/FIPS, operating hours per week, site status, and location setting. Site status: Active. Location setting: School. Operational schedule: Full-Time. Daily hours, services, price, insurance, and accessibility fields were not supplied by this intake.",BPS-H80-011808,Health Center Service Delivery and Look-Alike Sites,2026-06-19,2026-06-19,needs_review,
hrsa-bps-lal-012857,Community Medical and Dental Care Inc.,community_health_center,40 Robert Pitt Dr,Monsey,NY,36,Rockland County,36087,10952-3333,41.11136955,-74.06452035,845-352-6800,,,,,,,,,,HRSA operating hours per week: 62.00,unknown,,,,,,,,,HRSA Health Center Service Delivery and Look-Alike Sites,https://data.hrsa.gov/DataDownload/DD_Files/Health_Center_Service_Delivery_and_LookAlike_Sites.csv,2026-06-19,"Fields copied from the official HRSA CSV: site name, address, city, state, postal code, phone, website, HRSA geocoding coordinates, county/FIPS, operating hours per week, site status, and location setting. Site status: Active. Location setting: All Other Clinic Types. Operational schedule: Unknown. Daily hours, services, price, insurance, and accessibility fields were not supplied by this intake.",BPS-LAL-012857,Health Center Service Delivery and Look-Alike Sites,2026-06-19,2026-06-19,needs_review,
hrsa-bps-h80-030495,Sanctuary House (Catholic Family Center),community_health_center,715 Dewey Ave,Rochester,NY,36,Monroe County,36055,14613-2359,43.17822056,-77.63970724,585-368-3720,n/a,,,,,,,,,HRSA operating hours per week: 3.00,unknown,,,,,,,,,HRSA Health Center Service Delivery and Look-Alike Sites,https://data.hrsa.gov/DataDownload/DD_Files/Health_Center_Service_Delivery_and_LookAlike_Sites.csv,2026-06-19,"Fields copied from the official HRSA CSV: site name, address, city, state, postal code, phone, website, HRSA geocoding coordinates, county/FIPS, operating hours per week, site status, and location setting. Site status: Active. Location setting: All Other Clinic Types. Operational schedule: Unknown. Daily hours, services, price, insurance, and accessibility fields were not supplied by this intake.",BPS-H80-030495,Health Center Service Delivery and Look-Alike Sites,2026-06-19,2026-06-19,needs_review,
hrsa-bps-h80-021532,1134 Central Avenue Dunkirk,community_health_center,1134 Central Ave,Dunkirk,NY,36,Chautauqua County,36013,14048-3494,42.45973660,-79.33247734,716-363-6050,,,,,,,,,,HRSA operating hours per week: 53.00,unknown,,,,,,,,,HRSA Health Center Service Delivery and Look-Alike Sites,https://data.hrsa.gov/DataDownload/DD_Files/Health_Center_Service_Delivery_and_LookAlike_Sites.csv,2026-06-19,"Fields copied from the official HRSA CSV: site name, address, city, state, postal code, phone, website, HRSA geocoding coordinates, county/FIPS, operating hours per week, site status, and location setting. Site status: Active. Location setting: All Other Clinic Types. Operational schedule: Unknown. Daily hours, services, price, insurance, and accessibility fields were not supplied by this intake.",BPS-H80-021532,Health Center Service Delivery and Look-Alike Sites,2026-06-19,2026-06-19,needs_review,
hrsa-bps-h80-024637,Roberto Clemente Family Guidance Center,community_health_center,540 E 13th St,New York,NY,36,New York County,36061,10009-3519,40.72881924,-73.97929617,212-387-7400,,,,,,,,,,HRSA operating hours per week: 57.50,unknown,,,,,,,,,HRSA Health Center Service Delivery and Look-Alike Sites,https://data.hrsa.gov/DataDownload/DD_Files/Health_Center_Service_Delivery_and_LookAlike_Sites.csv,2026-06-19,"Fields copied from the official HRSA CSV: site name, address, city, state, postal code, phone, website, HRSA geocoding coordinates, county/FIPS, operating hours per week, site status, and location setting. Site status: Active. Location setting: All Other Clinic Types. Operational schedule: Unknown. Daily hours, services, price, insurance, and accessibility fields were not supplied by this intake.",BPS-H80-024637,Health Center Service Delivery and Look-Alike Sites,2026-06-19,2026-06-19,needs_review,
hrsa-bps-h80-017099,Champlain Family Health,community_health_center,828 State Route 11,Champlain,NY,36,Clinton County,36019,12919-4966,44.97936218,-73.44012899,518-298-8241,www.hhhn.org,,,,,,,,,HRSA operating hours per week: 62.00,unknown,,,,,,,,,HRSA Health Center Service Delivery and Look-Alike Sites,https://data.hrsa.gov/DataDownload/DD_Files/Health_Center_Service_Delivery_and_LookAlike_Sites.csv,2026-06-19,"Fields copied from the official HRSA CSV: site name, address, city, state, postal code, phone, website, HRSA geocoding coordinates, county/FIPS, operating hours per week, site status, and location setting. Site status: Active. Location setting: All Other Clinic Types. Operational schedule: Unknown. Daily hours, services, price, insurance, and accessibility fields were not supplied by this intake.",BPS-H80-017099,Health Center Service Delivery and Look-Alike Sites,2026-06-19,2026-06-19,needs_review,
hrsa-bps-h80-011589,"Southern Tier Community Health Center Network, Houghton site",community_health_center,9864 Luckey Dr,Houghton,NY,36,Allegany County,36003,14744-8706,42.42661459,-78.16512860,716-375-7500,n/a,,,,,,,,,HRSA operating hours per week: 47.50,unknown,,,,,,,,,HRSA Health Center Service Delivery and Look-Alike Sites,https://data.hrsa.gov/DataDownload/DD_Files/Health_Center_Service_Delivery_and_LookAlike_Sites.csv,2026-06-19,"Fields copied from the official HRSA CSV: site name, address, city, state, postal code, phone, website, HRSA geocoding coordinates, county/FIPS, operating hours per week, site status, and location setting. Site status: Active. Location setting: All Other Clinic Types. Operational schedule: Full-Time. Daily hours, services, price, insurance, and accessibility fields were not supplied by this intake.",BPS-H80-011589,Health Center Service Delivery and Look-Alike Sites,2026-06-19,2026-06-19,needs_review,
hrsa-bps-h80-002090,GIFFEN MEMORIAL SCHOOL,community_health_center,274 S Pearl St,Albany,NY,36,Albany County,36001,12202-1899,42.64136151,-73.75633520,518-475-6723,www.wmyhealth.org,,,,,,,,,HRSA operating hours per week: 35.00,unknown,,,,,,,,,HRSA Health Center Service Delivery and Look-Alike Sites,https://data.hrsa.gov/DataDownload/DD_Files/Health_Center_Service_Delivery_and_LookAlike_Sites.csv,2026-06-19,"Fields copied from the official HRSA CSV: site name, address, city, state, postal code, phone, website, HRSA geocoding coordinates, county/FIPS, operating hours per week, site status, and location setting. Site status: Active. Location setting: School. Operational schedule: Full-Time. Daily hours, services, price, insurance, and accessibility fields were not supplied by this intake.",BPS-H80-002090,Health Center Service Delivery and Look-Alike Sites,2026-06-19,2026-06-19,needs_review,
hrsa-bps-h80-038488,Aizer Health Center Mobile 3,community_health_center,49 Forest Rd,Monroe,NY,36,Orange County,36071,10950-2923,41.33964708,-74.17145499,845-782-3242,,,,,,,,,,HRSA operating hours per week: 40.00,unknown,,,,,,,,,HRSA Health Center Service Delivery and Look-Alike Sites,https://data.hrsa.gov/DataDownload/DD_Files/Health_Center_Service_Delivery_and_LookAlike_Sites.csv,2026-06-19,"Fields copied from the official HRSA CSV: site name, address, city, state, postal code, phone, website, HRSA geocoding coordinates, county/FIPS, operating hours per week, site status, and location setting. Site status: Active. Location setting: All Other Clinic Types. Operational schedule: Unknown. Daily hours, services, price, insurance, and accessibility fields were not supplied by this intake.",BPS-H80-038488,Health Center Service Delivery and Look-Alike Sites,2026-06-19,2026-06-19,needs_review,
hrsa-bps-h80-002108,Sunset Park Family Health Center at NYU Langone,community_health_center,150 55th St,Brooklyn,NY,36,Kings County,36047,11220-2559,40.64662399,-74.02058023,718-630-7095,https://nyulangone.org/locations/family-health-centers-at-nyu-langone,,,,,,,,,HRSA operating hours per week: 60.50,unknown,,,,,,,,,HRSA Health Center Service Delivery and Look-Alike Sites,https://data.hrsa.gov/DataDownload/DD_Files/Health_Center_Service_Delivery_and_LookAlike_Sites.csv,2026-06-19,"Fields copied from the official HRSA CSV: site name, address, city, state, postal code, phone, website, HRSA geocoding coordinates, county/FIPS, operating hours per week, site status, and location setting. Site status: Active. Location setting: Hospital. Operational schedule: Full-Time. Daily hours, services, price, insurance, and accessibility fields were not supplied by this intake.",BPS-H80-002108,Health Center Service Delivery and Look-Alike Sites,2026-06-19,2026-06-19,needs_review,
hrsa-bps-lal-040190,"Premium Health, Inc.",community_health_center,4510 16th Ave,Brooklyn,NY,36,Kings County,36047,11204-1101,40.63320306,-73.98361168,718-407-7300,premiumhealth.org,,,,,,,,,HRSA operating hours per week: 58.00,unknown,,,,,,,,,HRSA Health Center Service Delivery and Look-Alike Sites,https://data.hrsa.gov/DataDownload/DD_Files/Health_Center_Service_Delivery_and_LookAlike_Sites.csv,2026-06-19,"Fields copied from the official HRSA CSV: site name, address, city, state, postal code, phone, website, HRSA geocoding coordinates, county/FIPS, operating hours per week, site status, and location setting. Site status: Active. Location setting: All Other Clinic Types. Operational schedule: Unknown. Daily hours, services, price, insurance, and accessibility fields were not supplied by this intake.",BPS-LAL-040190,Health Center Service Delivery and Look-Alike Sites,2026-06-19,2026-06-19,needs_review,
hrsa-bps-h80-002189,Marathon Medical Office,community_health_center,20 E Main St,Marathon,NY,36,Cortland County,36023,13803,42.44353320,-76.02993309,607-849-3271,www.familyhealthnetwork.org,,,,,,,,,HRSA operating hours per week: 42.00,unknown,,,,,,,,,HRSA Health Center Service Delivery and Look-Alike Sites,https://data.hrsa.gov/DataDownload/DD_Files/Health_Center_Service_Delivery_and_LookAlike_Sites.csv,2026-06-19,"Fields copied from the official HRSA CSV: site name, address, city, state, postal code, phone, website, HRSA geocoding coordinates, county/FIPS, operating hours per week, site status, and location setting. Site status: Active. Location setting: All Other Clinic Types. Operational schedule: Full-Time. Daily hours, services, price, insurance, and accessibility fields were not supplied by this intake.",BPS-H80-002189,Health Center Service Delivery and Look-Alike Sites,2026-06-19,2026-06-19,needs_review,
hrsa-bps-h80-002193,Young Women's Leadership School,community_health_center,140 W 102nd St,New York,NY,36,New York County,36061,10025-4498,40.79742587,-73.96676347,212-289-7593,www.ryancenter.org,,,,,,,,,HRSA operating hours per week: 37.50,unknown,,,,,,,,,HRSA Health Center Service Delivery and Look-Alike Sites,https://data.hrsa.gov/DataDownload/DD_Files/Health_Center_Service_Delivery_and_LookAlike_Sites.csv,2026-06-19,"Fields copied from the official HRSA CSV: site name, address, city, state, postal code, phone, website, HRSA geocoding coordinates, county/FIPS, operating hours per week, site status, and location setting. Site status: Active. Location setting: School. Operational schedule: Full-Time. Daily hours, services, price, insurance, and accessibility fields were not supplied by this intake.",BPS-H80-002193,Health Center Service Delivery and Look-Alike Sites,2026-06-19,2026-06-19,needs_review,
hrsa-bps-h80-024627,Judson Health Center,community_health_center,34 Spring St,New York,NY,36,New York County,36061,10012-4191,40.72169202,-73.99581975,212-925-5000,,,,,,,,,,HRSA operating hours per week: 47.00,unknown,,,,,,,,,HRSA Health Center Service Delivery and Look-Alike Sites,https://data.hrsa.gov/DataDownload/DD_Files/Health_Center_Service_Delivery_and_LookAlike_Sites.csv,2026-06-19,"Fields copied from the official HRSA CSV: site name, address, city, state, postal code, phone, website, HRSA geocoding coordinates, county/FIPS, operating hours per week, site status, and location setting. Site status: Active. Location setting: All Other Clinic Types. Operational schedule: Unknown. Daily hours, services, price, insurance, and accessibility fields were not supplied by this intake.",BPS-H80-024627,Health Center Service Delivery and Look-Alike Sites,2026-06-19,2026-06-19,needs_review,
hrsa-bps-h80-010703,CareVan,community_health_center,8 E 3rd St,New York,NY,36,New York County,36061,10003-8980,40.72593603,-73.99095087,212-533-8400,www.projectrenewal.org,,,,,,,,,HRSA operating hours per week: 40.00,unknown,,,,,,,,,HRSA Health Center Service Delivery and Look-Alike Sites,https://data.hrsa.gov/DataDownload/DD_Files/Health_Center_Service_Delivery_and_LookAlike_Sites.csv,2026-06-19,"Fields copied from the official HRSA CSV: site name, address, city, state, postal code, phone, website, HRSA geocoding coordinates, county/FIPS, operating hours per week, site status, and location setting. Site status: Active. Location setting: All Other Clinic Types. Operational schedule: Part-Time. Daily hours, services, price, insurance, and accessibility fields were not supplied by this intake.",BPS-H80-010703,Health Center Service Delivery and Look-Alike Sites,2026-06-19,2026-06-19,needs_review,
hrsa-bps-h80-010318,Moravia Medical Office,community_health_center,23 Central St,Moravia,NY,36,Cayuga County,36011,13118-3720,42.71221352,-76.42276671,315-497-9066,,,,,,,,,,HRSA operating hours per week: 47.00,unknown,,,,,,,,,HRSA Health Center Service Delivery and Look-Alike Sites,https://data.hrsa.gov/DataDownload/DD_Files/Health_Center_Service_Delivery_and_LookAlike_Sites.csv,2026-06-19,"Fields copied from the official HRSA CSV: site name, address, city, state, postal code, phone, website, HRSA geocoding coordinates, county/FIPS, operating hours per week, site status, and location setting. Site status: Active. Location setting: All Other Clinic Types. Operational schedule: Full-Time. Daily hours, services, price, insurance, and accessibility fields were not supplied by this intake.",BPS-H80-010318,Health Center Service Delivery and Look-Alike Sites,2026-06-19,2026-06-19,needs_review,
hrsa-bps-h80-038904,Refuah Mobile Van #7,community_health_center,728 N Main St,New Square,NY,36,Rockland County,36087,10977-8916,41.13953824,-74.03502770,845-354-9300,,,,,,,,,,HRSA operating hours per week: 40.00,unknown,,,,,,,,,HRSA Health Center Service Delivery and Look-Alike Sites,https://data.hrsa.gov/DataDownload/DD_Files/Health_Center_Service_Delivery_and_LookAlike_Sites.csv,2026-06-19,"Fields copied from the official HRSA CSV: site name, address, city, state, postal code, phone, website, HRSA geocoding coordinates, county/FIPS, operating hours per week, site status, and location setting. Site status: Active. Location setting: All Other Clinic Types. Operational schedule: Unknown. Daily hours, services, price, insurance, and accessibility fields were not supplied by this intake.",BPS-H80-038904,Health Center Service Delivery and Look-Alike Sites,2026-06-19,2026-06-19,needs_review,
hrsa-bps-h80-017339,Sun River Health Nyack,community_health_center,84 N Highland Ave,Nyack,NY,36,Rockland County,36087,10960-1831,41.09454795,-73.92792701,844-474-2273,www.hrhcare.org,,,,,,,,,HRSA operating hours per week: 50.00,unknown,,,,,,,,,HRSA Health Center Service Delivery and Look-Alike Sites,https://data.hrsa.gov/DataDownload/DD_Files/Health_Center_Service_Delivery_and_LookAlike_Sites.csv,2026-06-19,"Fields copied from the official HRSA CSV: site name, address, city, state, postal code, phone, website, HRSA geocoding coordinates, county/FIPS, operating hours per week, site status, and location setting. Site status: Active. Location setting: All Other Clinic Types. Operational schedule: Unknown. Daily hours, services, price, insurance, and accessibility fields were not supplied by this intake.",BPS-H80-017339,Health Center Service Delivery and Look-Alike Sites,2026-06-19,2026-06-19,needs_review,
hrsa-bps-lal-040377,"Community Medical and Dental Clinic, Inc. -  Infinity",community_health_center,100 State Rte 59,Suffern,NY,36,Rockland County,36087,10901-5517,41.11538490,-74.15063543,845-533-7300,,,,,,,,,,HRSA operating hours per week: 36.50,unknown,,,,,,,,,HRSA Health Center Service Delivery and Look-Alike Sites,https://data.hrsa.gov/DataDownload/DD_Files/Health_Center_Service_Delivery_and_LookAlike_Sites.csv,2026-06-19,"Fields copied from the official HRSA CSV: site name, address, city, state, postal code, phone, website, HRSA geocoding coordinates, county/FIPS, operating hours per week, site status, and location setting. Site status: Active. Location setting: All Other Clinic Types. Operational schedule: Unknown. Daily hours, services, price, insurance, and accessibility fields were not supplied by this intake.",BPS-LAL-040377,Health Center Service Delivery and Look-Alike Sites,2026-06-19,2026-06-19,needs_review,
hrsa-bps-h80-002320,El Nuevo San Juan Health Center,community_health_center,1065 Southern Blvd,Bronx,NY,36,Bronx County,36005,10459-2417,40.82504525,-73.89213226,718-589-1687,www.urbanhealthplan.org,,,,,,,,,HRSA operating hours per week: 73.00,unknown,,,,,,,,,HRSA Health Center Service Delivery and Look-Alike Sites,https://data.hrsa.gov/DataDownload/DD_Files/Health_Center_Service_Delivery_and_LookAlike_Sites.csv,2026-06-19,"Fields copied from the official HRSA CSV: site name, address, city, state, postal code, phone, website, HRSA geocoding coordinates, county/FIPS, operating hours per week, site status, and location setting. Site status: Active. Location setting: All Other Clinic Types. Operational schedule: Full-Time. Daily hours, services, price, insurance, and accessibility fields were not supplied by this intake.",BPS-H80-002320,Health Center Service Delivery and Look-Alike Sites,2026-06-19,2026-06-19,needs_review,
hrsa-bps-h80-021836,New CHCB Mobile Van,community_health_center,35 Industrial Dr,North Tonawanda,NY,36,Niagara County,36063,14120-3244,43.04608463,-78.88746174,716-986-9199 x1002,,,,,,,,,,HRSA operating hours per week: 5.00,unknown,,,,,,,,,HRSA Health Center Service Delivery and Look-Alike Sites,https://data.hrsa.gov/DataDownload/DD_Files/Health_Center_Service_Delivery_and_LookAlike_Sites.csv,2026-06-19,"Fields copied from the official HRSA CSV: site name, address, city, state, postal code, phone, website, HRSA geocoding coordinates, county/FIPS, operating hours per week, site status, and location setting. Site status: Active. Location setting: All Other Clinic Types. Operational schedule: Unknown. Daily hours, services, price, insurance, and accessibility fields were not supplied by this intake.",BPS-H80-021836,Health Center Service Delivery and Look-Alike Sites,2026-06-19,2026-06-19,needs_review,
hrsa-bps-h80-002425,PETER JAY SHARP CENTER FOR OPPT,community_health_center,89-111 Porter Ave,Brooklyn,NY,36,Kings County,36047,11237,40.70798300,-73.92861097,718-417-2535,www.doe.org,,,,,,,,,HRSA operating hours per week: 40.00,unknown,,,,,,,,,HRSA Health Center Service Delivery and Look-Alike Sites,https://data.hrsa.gov/DataDownload/DD_Files/Health_Center_Service_Delivery_and_LookAlike_Sites.csv,2026-06-19,"Fields copied from the official HRSA CSV: site name, address, city, state, postal code, phone, website, HRSA geocoding coordinates, county/FIPS, operating hours per week, site status, and location setting. Site status: Active. Location setting: All Other Clinic Types. Operational schedule: Full-Time. Daily hours, services, price, insurance, and accessibility fields were not supplied by this intake.",BPS-H80-002425,Health Center Service Delivery and Look-Alike Sites,2026-06-19,2026-06-19,needs_review,
hrsa-bps-lal-036524,Hudson Valley Regional Community Health Centers - Dutchess,community_health_center,"301 Manchester Rd, Suite 104",Poughkeepsie,NY,36,Dutchess County,36027,12603-2587,41.68620986,-73.87193414,845-473-8856,www.hvrchc.org,,,,,,,,,HRSA operating hours per week: 45.00,unknown,,,,,,,,,HRSA Health Center Service Delivery and Look-Alike Sites,https://data.hrsa.gov/DataDownload/DD_Files/Health_Center_Service_Delivery_and_LookAlike_Sites.csv,2026-06-19,"Fields copied from the official HRSA CSV: site name, address, city, state, postal code, phone, website, HRSA geocoding coordinates, county/FIPS, operating hours per week, site status, and location setting. Site status: Active. Location setting: All Other Clinic Types. Operational schedule: Unknown. Daily hours, services, price, insurance, and accessibility fields were not supplied by this intake.",BPS-LAL-036524,Health Center Service Delivery and Look-Alike Sites,2026-06-19,2026-06-19,needs_review,
hrsa-bps-h80-002518,Geneva Community Health,community_health_center,601 W Washington St,Geneva,NY,36,Ontario County,36069,14456-2119,42.85995613,-77.00648655,315-781-8448,www.flmhcp.org,,,,,,,,,HRSA operating hours per week: 60.00,unknown,,,,,,,,,HRSA Health Center Service Delivery and Look-Alike Sites,https://data.hrsa.gov/DataDownload/DD_Files/Health_Center_Service_Delivery_and_LookAlike_Sites.csv,2026-06-19,"Fields copied from the official HRSA CSV: site name, address, city, state, postal code, phone, website, HRSA geocoding coordinates, county/FIPS, operating hours per week, site status, and location setting. Site status: Active. Location setting: All Other Clinic Types. Operational schedule: Full-Time. Daily hours, services, price, insurance, and accessibility fields were not supplied by this intake.",BPS-H80-002518,Health Center Service Delivery and Look-Alike Sites,2026-06-19,2026-06-19,needs_review,
hrsa-bps-h80-036490,PS 329,community_health_center,2929 W 30th St,Brooklyn,NY,36,Kings County,36047,11224-1701,40.57479867,-73.99609368,718-787-3460,,,,,,,,,,HRSA operating hours per week: 40.00,unknown,,,,,,,,,HRSA Health Center Service Delivery and Look-Alike Sites,https://data.hrsa.gov/DataDownload/DD_Files/Health_Center_Service_Delivery_and_LookAlike_Sites.csv,2026-06-19,"Fields copied from the official HRSA CSV: site name, address, city, state, postal code, phone, website, HRSA geocoding coordinates, county/FIPS, operating hours per week, site status, and location setting. Site status: Active. Location setting: School. Operational schedule: Unknown. Daily hours, services, price, insurance, and accessibility fields were not supplied by this intake.",BPS-H80-036490,Health Center Service Delivery and Look-Alike Sites,2026-06-19,2026-06-19,needs_review,
hrsa-bps-h80-010397,Charles H. Gay Shelter Care-Center for Men,community_health_center,One Keener Building,New York,NY,36,New York County,36061,10035-6002,40.78901208,-73.93061592,212-369-7890,www.lmcmc.com,,,,,,,,,HRSA operating hours per week: 42.00,unknown,,,,,,,,,HRSA Health Center Service Delivery and Look-Alike Sites,https://data.hrsa.gov/DataDownload/DD_Files/Health_Center_Service_Delivery_and_LookAlike_Sites.csv,2026-06-19,"Fields copied from the official HRSA CSV: site name, address, city, state, postal code, phone, website, HRSA geocoding coordinates, county/FIPS, operating hours per week, site status, and location setting. Site status: Active. Location setting: All Other Clinic Types. Operational schedule: Full-Time. Daily hours, services, price, insurance, and accessibility fields were not supplied by this intake.",BPS-H80-010397,Health Center Service Delivery and Look-Alike Sites,2026-06-19,2026-06-19,needs_review,
hrsa-bps-h80-034881,Neighborhood Health Center Riverway,community_health_center,1569 Niagara St,Buffalo,NY,36,Erie County,36029,14213-1101,42.92730996,-78.89719245,716-427-7000,www.nhcwny.org,,,,,,,,,HRSA operating hours per week: 50.00,unknown,,,,,,,,,HRSA Health Center Service Delivery and Look-Alike Sites,https://data.hrsa.gov/DataDownload/DD_Files/Health_Center_Service_Delivery_and_LookAlike_Sites.csv,2026-06-19,"Fields copied from the official HRSA CSV: site name, address, city, state, postal code, phone, website, HRSA geocoding coordinates, county/FIPS, operating hours per week, site status, and location setting. Site status: Active. Location setting: All Other Clinic Types. Operational schedule: Unknown. Daily hours, services, price, insurance, and accessibility fields were not supplied by this intake.",BPS-H80-034881,Health Center Service Delivery and Look-Alike Sites,2026-06-19,2026-06-19,needs_review,
hrsa-bps-h80-040328,Street Medicine Mobile Unit,community_health_center,224 Alexander St,Rochester,NY,36,Monroe County,36055,14607-4000,43.14901922,-77.59598153,585-368-3720,,,,,,,,,,HRSA operating hours per week: 40.00,unknown,,,,,,,,,HRSA Health Center Service Delivery and Look-Alike Sites,https://data.hrsa.gov/DataDownload/DD_Files/Health_Center_Service_Delivery_and_LookAlike_Sites.csv,2026-06-19,"Fields copied from the official HRSA CSV: site name, address, city, state, postal code, phone, website, HRSA geocoding coordinates, county/FIPS, operating hours per week, site status, and location setting. Site status: Active. Location setting: All Other Clinic Types. Operational schedule: Unknown. Daily hours, services, price, insurance, and accessibility fields were not supplied by this intake.",BPS-H80-040328,Health Center Service Delivery and Look-Alike Sites,2026-06-19,2026-06-19,needs_review,
hrsa-bps-h80-027828,Hudson Headwaters Pediatric and Adolescent Health,community_health_center,28 S Western Ave,Queensbury,NY,36,Warren County,36113,12804-3323,43.30632416,-73.66394383,518-798-6400,,,,,,,,,,HRSA operating hours per week: 47.00,unknown,,,,,,,,,HRSA Health Center Service Delivery and Look-Alike Sites,https://data.hrsa.gov/DataDownload/DD_Files/Health_Center_Service_Delivery_and_LookAlike_Sites.csv,2026-06-19,"Fields copied from the official HRSA CSV: site name, address, city, state, postal code, phone, website, HRSA geocoding coordinates, county/FIPS, operating hours per week, site status, and location setting. Site status: Active. Location setting: All Other Clinic Types. Operational schedule: Unknown. Daily hours, services, price, insurance, and accessibility fields were not supplied by this intake.",BPS-H80-027828,Health Center Service Delivery and Look-Alike Sites,2026-06-19,2026-06-19,needs_review,
hrsa-bps-h80-038831,125th Street Health Center,community_health_center,145 E 125th St,New York,NY,36,New York County,36061,10035-1714,40.80443054,-73.93710788,212-289-6008,,,,,,,,,,HRSA operating hours per week: 46.00,unknown,,,,,,,,,HRSA Health Center Service Delivery and Look-Alike Sites,https://data.hrsa.gov/DataDownload/DD_Files/Health_Center_Service_Delivery_and_LookAlike_Sites.csv,2026-06-19,"Fields copied from the official HRSA CSV: site name, address, city, state, postal code, phone, website, HRSA geocoding coordinates, county/FIPS, operating hours per week, site status, and location setting. Site status: Active. Location setting: All Other Clinic Types. Operational schedule: Unknown. Daily hours, services, price, insurance, and accessibility fields were not supplied by this intake.",BPS-H80-038831,Health Center Service Delivery and Look-Alike Sites,2026-06-19,2026-06-19,needs_review,
hrsa-bps-h80-036412,Callen-Lorde at SAGE Center Brooklyn,community_health_center,271 Myrtle Ave RM 2,Brooklyn,NY,36,Kings County,36047,11201-3281,40.69351159,-73.97809898,212-271-7206,,,,,,,,,,HRSA operating hours per week: 7.00,unknown,,,,,,,,,HRSA Health Center Service Delivery and Look-Alike Sites,https://data.hrsa.gov/DataDownload/DD_Files/Health_Center_Service_Delivery_and_LookAlike_Sites.csv,2026-06-19,"Fields copied from the official HRSA CSV: site name, address, city, state, postal code, phone, website, HRSA geocoding coordinates, county/FIPS, operating hours per week, site status, and location setting. Site status: Active. Location setting: All Other Clinic Types. Operational schedule: Unknown. Daily hours, services, price, insurance, and accessibility fields were not supplied by this intake.",BPS-H80-036412,Health Center Service Delivery and Look-Alike Sites,2026-06-19,2026-06-19,needs_review,
hrsa-bps-h80-014018,North Country Family Health Center - Lowville,community_health_center,7785 N State St,Lowville,NY,36,Lewis County,36049,13367-1229,43.79542841,-75.49911568,315-376-4500,www.NoCoFamilyHealth.org,,,,,,,,,HRSA operating hours per week: 52.75,unknown,,,,,,,,,HRSA Health Center Service Delivery and Look-Alike Sites,https://data.hrsa.gov/DataDownload/DD_Files/Health_Center_Service_Delivery_and_LookAlike_Sites.csv,2026-06-19,"Fields copied from the official HRSA CSV: site name, address, city, state, postal code, phone, website, HRSA geocoding coordinates, county/FIPS, operating hours per week, site status, and location setting. Site status: Active. Location setting: All Other Clinic Types. Operational schedule: Part-Time. Daily hours, services, price, insurance, and accessibility fields were not supplied by this intake.",BPS-H80-014018,Health Center Service Delivery and Look-Alike Sites,2026-06-19,2026-06-19,needs_review,
hrsa-bps-h80-008128,HERITAGE HEALTH CARE @ PS 192,community_health_center,500 W 138th St RM 123,New York,NY,36,New York County,36061,10031-7941,40.82142565,-73.95252152,212-234-1068,www.heritagenyc.org,,,,,,,,,HRSA operating hours per week: 35.00,unknown,,,,,,,,,HRSA Health Center Service Delivery and Look-Alike Sites,https://data.hrsa.gov/DataDownload/DD_Files/Health_Center_Service_Delivery_and_LookAlike_Sites.csv,2026-06-19,"Fields copied from the official HRSA CSV: site name, address, city, state, postal code, phone, website, HRSA geocoding coordinates, county/FIPS, operating hours per week, site status, and location setting. Site status: Active. Location setting: School. Operational schedule: Full-Time. Daily hours, services, price, insurance, and accessibility fields were not supplied by this intake.",BPS-H80-008128,Health Center Service Delivery and Look-Alike Sites,2026-06-19,2026-06-19,needs_review,
hrsa-bps-h80-011530,Ezra Medical Center,community_health_center,1312 38th St,Brooklyn,NY,36,Kings County,36047,11218-3612,40.64080934,-73.98527457,718-686-7600,www.ezramedical.org,,,,,,,,,HRSA operating hours per week: 67.00,unknown,,,,,,,,,HRSA Health Center Service Delivery and Look-Alike Sites,https://data.hrsa.gov/DataDownload/DD_Files/Health_Center_Service_Delivery_and_LookAlike_Sites.csv,2026-06-19,"Fields copied from the official HRSA CSV: site name, address, city, state, postal code, phone, website, HRSA geocoding coordinates, county/FIPS, operating hours per week, site status, and location setting. Site status: Active. Location setting: All Other Clinic Types. Operational schedule: Full-Time. Daily hours, services, price, insurance, and accessibility fields were not supplied by this intake.",BPS-H80-011530,Health Center Service Delivery and Look-Alike Sites,2026-06-19,2026-06-19,needs_review,
hrsa-bps-h80-010696,LifeLine Van,community_health_center,8 E 3rd St,New York,NY,36,New York County,36061,10003-8980,40.72593603,-73.99095087,212-533-8400,www.projectrenewal.org,,,,,,,,,HRSA operating hours per week: 40.00,unknown,,,,,,,,,HRSA Health Center Service Delivery and Look-Alike Sites,https://data.hrsa.gov/DataDownload/DD_Files/Health_Center_Service_Delivery_and_LookAlike_Sites.csv,2026-06-19,"Fields copied from the official HRSA CSV: site name, address, city, state, postal code, phone, website, HRSA geocoding coordinates, county/FIPS, operating hours per week, site status, and location setting. Site status: Active. Location setting: All Other Clinic Types. Operational schedule: Full-Time. Daily hours, services, price, insurance, and accessibility fields were not supplied by this intake.",BPS-H80-010696,Health Center Service Delivery and Look-Alike Sites,2026-06-19,2026-06-19,needs_review,
hrsa-bps-h80-016934,Chelsea Mobile Unit,community_health_center,303 9th Ave,New York,NY,36,New York County,36061,10001-5701,40.74924074,-73.99934870,212-545-2495,,,,,,,,,,HRSA operating hours per week: 40.00,unknown,,,,,,,,,HRSA Health Center Service Delivery and Look-Alike Sites,https://data.hrsa.gov/DataDownload/DD_Files/Health_Center_Service_Delivery_and_LookAlike_Sites.csv,2026-06-19,"Fields copied from the official HRSA CSV: site name, address, city, state, postal code, phone, website, HRSA geocoding coordinates, county/FIPS, operating hours per week, site status, and location setting. Site status: Active. Location setting: All Other Clinic Types. Operational schedule: Unknown. Daily hours, services, price, insurance, and accessibility fields were not supplied by this intake.",BPS-H80-016934,Health Center Service Delivery and Look-Alike Sites,2026-06-19,2026-06-19,needs_review,
hrsa-bps-h80-002753,Sun River Health Greenport,community_health_center,327 Front St,Greenport,NY,36,Suffolk County,36103,11944-1515,41.10136868,-72.36352374,631-477-2678,www.hrhcare.org,,,,,,,,,HRSA operating hours per week: 40.00,unknown,,,,,,,,,HRSA Health Center Service Delivery and Look-Alike Sites,https://data.hrsa.gov/DataDownload/DD_Files/Health_Center_Service_Delivery_and_LookAlike_Sites.csv,2026-06-19,"Fields copied from the official HRSA CSV: site name, address, city, state, postal code, phone, website, HRSA geocoding coordinates, county/FIPS, operating hours per week, site status, and location setting. Site status: Active. Location setting: All Other Clinic Types. Operational schedule: Full-Time. Daily hours, services, price, insurance, and accessibility fields were not supplied by this intake.",BPS-H80-002753,Health Center Service Delivery and Look-Alike Sites,2026-06-19,2026-06-19,needs_review,
hrsa-bps-h80-027225,Sun River Health Bay Street Health Center,community_health_center,57 Bay St,Staten Island,NY,36,Richmond County,36085,10301-2510,40.64064191,-74.07549670,718-681-8700,,,,,,,,,,HRSA operating hours per week: 40.00,unknown,,,,,,,,,HRSA Health Center Service Delivery and Look-Alike Sites,https://data.hrsa.gov/DataDownload/DD_Files/Health_Center_Service_Delivery_and_LookAlike_Sites.csv,2026-06-19,"Fields copied from the official HRSA CSV: site name, address, city, state, postal code, phone, website, HRSA geocoding coordinates, county/FIPS, operating hours per week, site status, and location setting. Site status: Active. Location setting: All Other Clinic Types. Operational schedule: Unknown. Daily hours, services, price, insurance, and accessibility fields were not supplied by this intake.",BPS-H80-027225,Health Center Service Delivery and Look-Alike Sites,2026-06-19,2026-06-19,needs_review,
hrsa-bps-h80-024706,Hillcrest Elementary School,community_health_center,4 Horton Dr,Peekskill,NY,36,Westchester County,36119,10566-3123,41.29696924,-73.90839516,914-734-8800,,,,,,,,,,HRSA operating hours per week: 21.00,unknown,,,,,,,,,HRSA Health Center Service Delivery and Look-Alike Sites,https://data.hrsa.gov/DataDownload/DD_Files/Health_Center_Service_Delivery_and_LookAlike_Sites.csv,2026-06-19,"Fields copied from the official HRSA CSV: site name, address, city, state, postal code, phone, website, HRSA geocoding coordinates, county/FIPS, operating hours per week, site status, and location setting. Site status: Active. Location setting: School. Operational schedule: Unknown. Daily hours, services, price, insurance, and accessibility fields were not supplied by this intake.",BPS-H80-024706,Health Center Service Delivery and Look-Alike Sites,2026-06-19,2026-06-19,needs_review,
hrsa-bps-h80-033640,George Washington Carver PS 40,community_health_center,265 Ralph Ave,Brooklyn,NY,36,Kings County,36047,11233-2205,40.68011028,-73.92214961,718-574-2353,,,,,,,,,,HRSA operating hours per week: 48.00,unknown,,,,,,,,,HRSA Health Center Service Delivery and Look-Alike Sites,https://data.hrsa.gov/DataDownload/DD_Files/Health_Center_Service_Delivery_and_LookAlike_Sites.csv,2026-06-19,"Fields copied from the official HRSA CSV: site name, address, city, state, postal code, phone, website, HRSA geocoding coordinates, county/FIPS, operating hours per week, site status, and location setting. Site status: Active. Location setting: School. Operational schedule: Unknown. Daily hours, services, price, insurance, and accessibility fields were not supplied by this intake.",BPS-H80-033640,Health Center Service Delivery and Look-Alike Sites,2026-06-19,2026-06-19,needs_review,
hrsa-bps-h80-013172,Jericho Road CHC (Barton),community_health_center,184 Barton St,Buffalo,NY,36,Erie County,36029,14213-1573,42.91789948,-78.89466288,716-881-6191,www.jrchc.org,,,,,,,,,HRSA operating hours per week: 58.00,unknown,,,,,,,,,HRSA Health Center Service Delivery and Look-Alike Sites,https://data.hrsa.gov/DataDownload/DD_Files/Health_Center_Service_Delivery_and_LookAlike_Sites.csv,2026-06-19,"Fields copied from the official HRSA CSV: site name, address, city, state, postal code, phone, website, HRSA geocoding coordinates, county/FIPS, operating hours per week, site status, and location setting. Site status: Active. Location setting: All Other Clinic Types. Operational schedule: Full-Time. Daily hours, services, price, insurance, and accessibility fields were not supplied by this intake.",BPS-H80-013172,Health Center Service Delivery and Look-Alike Sites,2026-06-19,2026-06-19,needs_review,
hrsa-bps-h80-031594,Dunkirk Main Location,community_health_center,75 E 3rd St,Dunkirk,NY,36,Chautauqua County,36013,14048-2239,42.48512153,-79.33118368,716-363-6050,tcchealth.org,,,,,,,,,HRSA operating hours per week: 53.00,unknown,,,,,,,,,HRSA Health Center Service Delivery and Look-Alike Sites,https://data.hrsa.gov/DataDownload/DD_Files/Health_Center_Service_Delivery_and_LookAlike_Sites.csv,2026-06-19,"Fields copied from the official HRSA CSV: site name, address, city, state, postal code, phone, website, HRSA geocoding coordinates, county/FIPS, operating hours per week, site status, and location setting. Site status: Active. Location setting: All Other Clinic Types. Operational schedule: Unknown. Daily hours, services, price, insurance, and accessibility fields were not supplied by this intake.",BPS-H80-031594,Health Center Service Delivery and Look-Alike Sites,2026-06-19,2026-06-19,needs_review,
hrsa-bps-h80-014430,Ossining High School - SBHC,community_health_center,29 S Highland Ave,Ossining,NY,36,Westchester County,36119,10562-4897,41.15978711,-73.85971299,914-923-4740,,,,,,,,,,HRSA operating hours per week: 40.00,unknown,,,,,,,,,HRSA Health Center Service Delivery and Look-Alike Sites,https://data.hrsa.gov/DataDownload/DD_Files/Health_Center_Service_Delivery_and_LookAlike_Sites.csv,2026-06-19,"Fields copied from the official HRSA CSV: site name, address, city, state, postal code, phone, website, HRSA geocoding coordinates, county/FIPS, operating hours per week, site status, and location setting. Site status: Active. Location setting: School. Operational schedule: Unknown. Daily hours, services, price, insurance, and accessibility fields were not supplied by this intake.",BPS-H80-014430,Health Center Service Delivery and Look-Alike Sites,2026-06-19,2026-06-19,needs_review,
hrsa-bps-h80-002955,AUBURN ASSESSMENT CENTER,community_health_center,39 Auburn Pl,Brooklyn,NY,36,Kings County,36047,11205-1900,40.69453101,-73.97680013,718-872-9460,,,,,,,,,,HRSA operating hours per week: 16.00,unknown,,,,,,,,,HRSA Health Center Service Delivery and Look-Alike Sites,https://data.hrsa.gov/DataDownload/DD_Files/Health_Center_Service_Delivery_and_LookAlike_Sites.csv,2026-06-19,"Fields copied from the official HRSA CSV: site name, address, city, state, postal code, phone, website, HRSA geocoding coordinates, county/FIPS, operating hours per week, site status, and location setting. Site status: Active. Location setting: All Other Clinic Types. Operational schedule: Full-Time. Daily hours, services, price, insurance, and accessibility fields were not supplied by this intake.",BPS-H80-002955,Health Center Service Delivery and Look-Alike Sites,2026-06-19,2026-06-19,needs_review,
hrsa-bps-h80-039498,Trillium Health at Monroe Square (THMS),community_health_center,"259 Monroe Avenue, Suite 100",Rochester,NY,36,Monroe County,36055,14607-3632,43.14935664,-77.59927604,585-545-7200,https://www.trilliumhealth.org/,,,,,,,,,HRSA operating hours per week: 49.00,unknown,,,,,,,,,HRSA Health Center Service Delivery and Look-Alike Sites,https://data.hrsa.gov/DataDownload/DD_Files/Health_Center_Service_Delivery_and_LookAlike_Sites.csv,2026-06-19,"Fields copied from the official HRSA CSV: site name, address, city, state, postal code, phone, website, HRSA geocoding coordinates, county/FIPS, operating hours per week, site status, and location setting. Site status: Active. Location setting: All Other Clinic Types. Operational schedule: Unknown. Daily hours, services, price, insurance, and accessibility fields were not supplied by this intake.",BPS-H80-039498,Health Center Service Delivery and Look-Alike Sites,2026-06-19,2026-06-19,needs_review,
hrsa-bps-h80-031014,GRACE HOUSE,community_health_center,1140 Norton St,Rochester,NY,36,Monroe County,36055,14621-3868,43.18740055,-77.59214036,585-368-3720,n/a,,,,,,,,,HRSA operating hours per week: 1.75,unknown,,,,,,,,,HRSA Health Center Service Delivery and Look-Alike Sites,https://data.hrsa.gov/DataDownload/DD_Files/Health_Center_Service_Delivery_and_LookAlike_Sites.csv,2026-06-19,"Fields copied from the official HRSA CSV: site name, address, city, state, postal code, phone, website, HRSA geocoding coordinates, county/FIPS, operating hours per week, site status, and location setting. Site status: Active. Location setting: All Other Clinic Types. Operational schedule: Unknown. Daily hours, services, price, insurance, and accessibility fields were not supplied by this intake.",BPS-H80-031014,Health Center Service Delivery and Look-Alike Sites,2026-06-19,2026-06-19,needs_review,
hrsa-bps-h80-014177,Hometown Health Centers at Amsterdam,community_health_center,67 Division St,Amsterdam,NY,36,Montgomery County,36057,12010-4099,42.94126655,-74.19551097,518-370-1441,,,,,,,,,,HRSA operating hours per week: 40.00,unknown,,,,,,,,,HRSA Health Center Service Delivery and Look-Alike Sites,https://data.hrsa.gov/DataDownload/DD_Files/Health_Center_Service_Delivery_and_LookAlike_Sites.csv,2026-06-19,"Fields copied from the official HRSA CSV: site name, address, city, state, postal code, phone, website, HRSA geocoding coordinates, county/FIPS, operating hours per week, site status, and location setting. Site status: Active. Location setting: All Other Clinic Types. Operational schedule: Unknown. Daily hours, services, price, insurance, and accessibility fields were not supplied by this intake.",BPS-H80-014177,Health Center Service Delivery and Look-Alike Sites,2026-06-19,2026-06-19,needs_review,
hrsa-bps-h80-039873,Oswego Health Center,community_health_center,120 E 1st St,Oswego,NY,36,Oswego County,36075,13126-2105,43.45686075,-76.50731706,315-342-0880,www.connextcare.org,,,,,,,,,HRSA operating hours per week: 48.00,unknown,,,,,,,,,HRSA Health Center Service Delivery and Look-Alike Sites,https://data.hrsa.gov/DataDownload/DD_Files/Health_Center_Service_Delivery_and_LookAlike_Sites.csv,2026-06-19,"Fields copied from the official HRSA CSV: site name, address, city, state, postal code, phone, website, HRSA geocoding coordinates, county/FIPS, operating hours per week, site status, and location setting. Site status: Active. Location setting: All Other Clinic Types. Operational schedule: Unknown. Daily hours, services, price, insurance, and accessibility fields were not supplied by this intake.",BPS-H80-039873,Health Center Service Delivery and Look-Alike Sites,2026-06-19,2026-06-19,needs_review,
hrsa-bps-h80-013634,ODA Quality Health Center,community_health_center,432 Bedford Ave,Brooklyn,NY,36,Kings County,36047,11249-6588,40.70911301,-73.96438552,718-260-4600,https://odahealth.org/locations/quality-health-center.html,,,,,,,,,HRSA operating hours per week: 63.00,unknown,,,,,,,,,HRSA Health Center Service Delivery and Look-Alike Sites,https://data.hrsa.gov/DataDownload/DD_Files/Health_Center_Service_Delivery_and_LookAlike_Sites.csv,2026-06-19,"Fields copied from the official HRSA CSV: site name, address, city, state, postal code, phone, website, HRSA geocoding coordinates, county/FIPS, operating hours per week, site status, and location setting. Site status: Active. Location setting: All Other Clinic Types. Operational schedule: Full-Time. Daily hours, services, price, insurance, and accessibility fields were not supplied by this intake.",BPS-H80-013634,Health Center Service Delivery and Look-Alike Sites,2026-06-19,2026-06-19,needs_review,
hrsa-bps-h80-037279,PS 25 - The Bilingual School,community_health_center,811 E 149th St,Bronx,NY,36,Bronx County,36005,10455-4613,40.81271488,-73.90573014,718-292-2995,,,,,,,,,,HRSA operating hours per week: 48.00,unknown,,,,,,,,,HRSA Health Center Service Delivery and Look-Alike Sites,https://data.hrsa.gov/DataDownload/DD_Files/Health_Center_Service_Delivery_and_LookAlike_Sites.csv,2026-06-19,"Fields copied from the official HRSA CSV: site name, address, city, state, postal code, phone, website, HRSA geocoding coordinates, county/FIPS, operating hours per week, site status, and location setting. Site status: Active. Location setting: School. Operational schedule: Unknown. Daily hours, services, price, insurance, and accessibility fields were not supplied by this intake.",BPS-H80-037279,Health Center Service Delivery and Look-Alike Sites,2026-06-19,2026-06-19,needs_review,
hrsa-bps-h80-024629,Sydenham Health Center,community_health_center,264 W 118th St,New York,NY,36,New York County,36061,10026-1620,40.80523588,-73.95359307,212-932-6500,,,,,,,,,,HRSA operating hours per week: 62.00,unknown,,,,,,,,,HRSA Health Center Service Delivery and Look-Alike Sites,https://data.hrsa.gov/DataDownload/DD_Files/Health_Center_Service_Delivery_and_LookAlike_Sites.csv,2026-06-19,"Fields copied from the official HRSA CSV: site name, address, city, state, postal code, phone, website, HRSA geocoding coordinates, county/FIPS, operating hours per week, site status, and location setting. Site status: Active. Location setting: All Other Clinic Types. Operational schedule: Unknown. Daily hours, services, price, insurance, and accessibility fields were not supplied by this intake.",BPS-H80-024629,Health Center Service Delivery and Look-Alike Sites,2026-06-19,2026-06-19,needs_review,
hrsa-bps-h80-029939,Rusk Rehabilitation at 60th Street,community_health_center,230 60th St,Brooklyn,NY,36,Kings County,36047,11220-3712,40.64299530,-74.02223247,718-439-5600,,,,,,,,,,HRSA operating hours per week: 57.00,unknown,,,,,,,,,HRSA Health Center Service Delivery and Look-Alike Sites,https://data.hrsa.gov/DataDownload/DD_Files/Health_Center_Service_Delivery_and_LookAlike_Sites.csv,2026-06-19,"Fields copied from the official HRSA CSV: site name, address, city, state, postal code, phone, website, HRSA geocoding coordinates, county/FIPS, operating hours per week, site status, and location setting. Site status: Active. Location setting: All Other Clinic Types. Operational schedule: Unknown. Daily hours, services, price, insurance, and accessibility fields were not supplied by this intake.",BPS-H80-029939,Health Center Service Delivery and Look-Alike Sites,2026-06-19,2026-06-19,needs_review,
hrsa-bps-lal-041175,"Premium Health, Inc.",community_health_center,4510 16th Ave,Brooklyn,NY,36,Kings County,36047,11204-1101,40.63320306,-73.98361168,718-434-5600,premiumhealth.org,,,,,,,,,HRSA operating hours per week: 62.00,unknown,,,,,,,,,HRSA Health Center Service Delivery and Look-Alike Sites,https://data.hrsa.gov/DataDownload/DD_Files/Health_Center_Service_Delivery_and_LookAlike_Sites.csv,2026-06-19,"Fields copied from the official HRSA CSV: site name, address, city, state, postal code, phone, website, HRSA geocoding coordinates, county/FIPS, operating hours per week, site status, and location setting. Site status: Active. Location setting: All Other Clinic Types. Operational schedule: Unknown. Daily hours, services, price, insurance, and accessibility fields were not supplied by this intake.",BPS-LAL-041175,Health Center Service Delivery and Look-Alike Sites,2026-06-19,2026-06-19,needs_review,
hrsa-bps-h80-030440,Callen-Lorde Brooklyn,community_health_center,40 Flatbush Avenue Ext FL 3,Brooklyn,NY,36,Kings County,36047,11201-2903,40.69748299,-73.98532871,212-271-7200,www.callen-lorde.org,,,,,,,,,HRSA operating hours per week: 46.50,unknown,,,,,,,,,HRSA Health Center Service Delivery and Look-Alike Sites,https://data.hrsa.gov/DataDownload/DD_Files/Health_Center_Service_Delivery_and_LookAlike_Sites.csv,2026-06-19,"Fields copied from the official HRSA CSV: site name, address, city, state, postal code, phone, website, HRSA geocoding coordinates, county/FIPS, operating hours per week, site status, and location setting. Site status: Active. Location setting: All Other Clinic Types. Operational schedule: Unknown. Daily hours, services, price, insurance, and accessibility fields were not supplied by this intake.",BPS-H80-030440,Health Center Service Delivery and Look-Alike Sites,2026-06-19,2026-06-19,needs_review,
hrsa-bps-h80-014500,WYH Mobile Heatlh Unit -WOW,community_health_center,900 Lark Dr,Albany,NY,36,Albany County,36001,12207-1339,42.66289604,-73.74791608,518-591-4457,,,,,,,,,,HRSA operating hours per week: 44.00,unknown,,,,,,,,,HRSA Health Center Service Delivery and Look-Alike Sites,https://data.hrsa.gov/DataDownload/DD_Files/Health_Center_Service_Delivery_and_LookAlike_Sites.csv,2026-06-19,"Fields copied from the official HRSA CSV: site name, address, city, state, postal code, phone, website, HRSA geocoding coordinates, county/FIPS, operating hours per week, site status, and location setting. Site status: Active. Location setting: School. Operational schedule: Unknown. Daily hours, services, price, insurance, and accessibility fields were not supplied by this intake.",BPS-H80-014500,Health Center Service Delivery and Look-Alike Sites,2026-06-19,2026-06-19,needs_review,
hrsa-bps-h80-009986,PS 153 School Based Health Center,community_health_center,1750 Amsterdam Ave,New York,NY,36,New York County,36061,10031-4612,40.82629583,-73.94706482,212-927-8611,,,,,,,,,,HRSA operating hours per week: 40.00,unknown,,,,,,,,,HRSA Health Center Service Delivery and Look-Alike Sites,https://data.hrsa.gov/DataDownload/DD_Files/Health_Center_Service_Delivery_and_LookAlike_Sites.csv,2026-06-19,"Fields copied from the official HRSA CSV: site name, address, city, state, postal code, phone, website, HRSA geocoding coordinates, county/FIPS, operating hours per week, site status, and location setting. Site status: Active. Location setting: School. Operational schedule: Full-Time. Daily hours, services, price, insurance, and accessibility fields were not supplied by this intake.",BPS-H80-009986,Health Center Service Delivery and Look-Alike Sites,2026-06-19,2026-06-19,needs_review,
hrsa-bps-h80-003361,SBHC-MARATHON ELEMENTARY,community_health_center,24 Albro Rd,Marathon,NY,36,Cortland County,36023,13803-2808,42.45513334,-76.03784256,607-849-3180,www.familyhealthnetwork.org,,,,,,,,,HRSA operating hours per week: 28.00,unknown,,,,,,,,,HRSA Health Center Service Delivery and Look-Alike Sites,https://data.hrsa.gov/DataDownload/DD_Files/Health_Center_Service_Delivery_and_LookAlike_Sites.csv,2026-06-19,"Fields copied from the official HRSA CSV: site name, address, city, state, postal code, phone, website, HRSA geocoding coordinates, county/FIPS, operating hours per week, site status, and location setting. Site status: Active. Location setting: School. Operational schedule: Full-Time. Daily hours, services, price, insurance, and accessibility fields were not supplied by this intake.",BPS-H80-003361,Health Center Service Delivery and Look-Alike Sites,2026-06-19,2026-06-19,needs_review,
hrsa-bps-h80-027219,Sun River Health Church Avenue Clinic,community_health_center,2412 Church Ave,Brooklyn,NY,36,Kings County,36047,11226-4005,40.65043441,-73.95532779,718-681-8700,,,,,,,,,,HRSA operating hours per week: 63.00,unknown,,,,,,,,,HRSA Health Center Service Delivery and Look-Alike Sites,https://data.hrsa.gov/DataDownload/DD_Files/Health_Center_Service_Delivery_and_LookAlike_Sites.csv,2026-06-19,"Fields copied from the official HRSA CSV: site name, address, city, state, postal code, phone, website, HRSA geocoding coordinates, county/FIPS, operating hours per week, site status, and location setting. Site status: Active. Location setting: All Other Clinic Types. Operational schedule: Unknown. Daily hours, services, price, insurance, and accessibility fields were not supplied by this intake.",BPS-H80-027219,Health Center Service Delivery and Look-Alike Sites,2026-06-19,2026-06-19,needs_review,
hrsa-bps-h80-024482,Gouverneur Diagnostic & Treatment Center,community_health_center,227 Madison St,New York,NY,36,Kings County,36047,10002,40.68494689,-73.94988801,212-238-7897,,,,,,,,,,HRSA operating hours per week: 63.00,unknown,,,,,,,,,HRSA Health Center Service Delivery and Look-Alike Sites,https://data.hrsa.gov/DataDownload/DD_Files/Health_Center_Service_Delivery_and_LookAlike_Sites.csv,2026-06-19,"Fields copied from the official HRSA CSV: site name, address, city, state, postal code, phone, website, HRSA geocoding coordinates, county/FIPS, operating hours per week, site status, and location setting. Site status: Active. Location setting: All Other Clinic Types. Operational schedule: Unknown. Daily hours, services, price, insurance, and accessibility fields were not supplied by this intake.",BPS-H80-024482,Health Center Service Delivery and Look-Alike Sites,2026-06-19,2026-06-19,needs_review,
hrsa-bps-h80-003376,"OPEN DOOR FAMILY MEDICAL CENTER, INC.",community_health_center,165 Main St,Ossining,NY,36,Westchester County,36119,10562-4798,41.16155968,-73.86269954,914-941-1263,www.opendoormedical.org,,,,,,,,,HRSA operating hours per week: 56.00,unknown,,,,,,,,,HRSA Health Center Service Delivery and Look-Alike Sites,https://data.hrsa.gov/DataDownload/DD_Files/Health_Center_Service_Delivery_and_LookAlike_Sites.csv,2026-06-19,"Fields copied from the official HRSA CSV: site name, address, city, state, postal code, phone, website, HRSA geocoding coordinates, county/FIPS, operating hours per week, site status, and location setting. Site status: Active. Location setting: All Other Clinic Types. Operational schedule: Full-Time. Daily hours, services, price, insurance, and accessibility fields were not supplied by this intake.",BPS-H80-003376,Health Center Service Delivery and Look-Alike Sites,2026-06-19,2026-06-19,needs_review,
hrsa-bps-h80-003449,BronxCare Third Avenue Medical and Dental Practice,community_health_center,2745 3rd Ave,Bronx,NY,36,Bronx County,36005,10451-5801,40.81440806,-73.92090773,718-838-1000,N/A,,,,,,,,,HRSA operating hours per week: 47.00,unknown,,,,,,,,,HRSA Health Center Service Delivery and Look-Alike Sites,https://data.hrsa.gov/DataDownload/DD_Files/Health_Center_Service_Delivery_and_LookAlike_Sites.csv,2026-06-19,"Fields copied from the official HRSA CSV: site name, address, city, state, postal code, phone, website, HRSA geocoding coordinates, county/FIPS, operating hours per week, site status, and location setting. Site status: Active. Location setting: All Other Clinic Types. Operational schedule: Full-Time. Daily hours, services, price, insurance, and accessibility fields were not supplied by this intake.",BPS-H80-003449,Health Center Service Delivery and Look-Alike Sites,2026-06-19,2026-06-19,needs_review,
hrsa-bps-h80-039697,"Settlement Health Plaza South, Suite 401",community_health_center,345 E 102nd St,New York,NY,36,New York County,36061,10029-5611,40.78740782,-73.94233902,212-360-2600,,,,,,,,,,HRSA operating hours per week: 40.00,unknown,,,,,,,,,HRSA Health Center Service Delivery and Look-Alike Sites,https://data.hrsa.gov/DataDownload/DD_Files/Health_Center_Service_Delivery_and_LookAlike_Sites.csv,2026-06-19,"Fields copied from the official HRSA CSV: site name, address, city, state, postal code, phone, website, HRSA geocoding coordinates, county/FIPS, operating hours per week, site status, and location setting. Site status: Active. Location setting: All Other Clinic Types. Operational schedule: Unknown. Daily hours, services, price, insurance, and accessibility fields were not supplied by this intake.",BPS-H80-039697,Health Center Service Delivery and Look-Alike Sites,2026-06-19,2026-06-19,needs_review,
hrsa-bps-h80-011795,North Elementary School,community_health_center,171 E Hoard St,Watertown,NY,36,Jefferson County,36045,13601-1500,43.98706621,-75.90185129,315-786-1767,www.NoCoFamilyHealth.org,,,,,,,,,HRSA operating hours per week: 40.00,unknown,,,,,,,,,HRSA Health Center Service Delivery and Look-Alike Sites,https://data.hrsa.gov/DataDownload/DD_Files/Health_Center_Service_Delivery_and_LookAlike_Sites.csv,2026-06-19,"Fields copied from the official HRSA CSV: site name, address, city, state, postal code, phone, website, HRSA geocoding coordinates, county/FIPS, operating hours per week, site status, and location setting. Site status: Active. Location setting: School. Operational schedule: Full-Time. Daily hours, services, price, insurance, and accessibility fields were not supplied by this intake.",BPS-H80-011795,Health Center Service Delivery and Look-Alike Sites,2026-06-19,2026-06-19,needs_review,
hrsa-bps-h80-003470,PS 333/PS 335,community_health_center,888 Rev James a Polite Ave,Bronx,NY,36,Bronx County,36005,10459-4196,40.81986632,-73.89875229,718-860-3313,WWW.URBANHEALTHPLAN.ORG,,,,,,,,,HRSA operating hours per week: 40.00,unknown,,,,,,,,,HRSA Health Center Service Delivery and Look-Alike Sites,https://data.hrsa.gov/DataDownload/DD_Files/Health_Center_Service_Delivery_and_LookAlike_Sites.csv,2026-06-19,"Fields copied from the official HRSA CSV: site name, address, city, state, postal code, phone, website, HRSA geocoding coordinates, county/FIPS, operating hours per week, site status, and location setting. Site status: Active. Location setting: School. Operational schedule: Full-Time. Daily hours, services, price, insurance, and accessibility fields were not supplied by this intake.",BPS-H80-003470,Health Center Service Delivery and Look-Alike Sites,2026-06-19,2026-06-19,needs_review,
hrsa-bps-h80-003562,YONKERS COMMUNITY HEALTH CENTER,community_health_center,30 S Broadway,Yonkers,NY,36,Westchester County,36119,10701-3712,40.93276431,-73.89850779,914-968-4898 x111,www.mvnhc.org,,,,,,,,,HRSA operating hours per week: 53.50,unknown,,,,,,,,,HRSA Health Center Service Delivery and Look-Alike Sites,https://data.hrsa.gov/DataDownload/DD_Files/Health_Center_Service_Delivery_and_LookAlike_Sites.csv,2026-06-19,"Fields copied from the official HRSA CSV: site name, address, city, state, postal code, phone, website, HRSA geocoding coordinates, county/FIPS, operating hours per week, site status, and location setting. Site status: Active. Location setting: All Other Clinic Types. Operational schedule: Full-Time. Daily hours, services, price, insurance, and accessibility fields were not supplied by this intake.",BPS-H80-003562,Health Center Service Delivery and Look-Alike Sites,2026-06-19,2026-06-19,needs_review,
hrsa-bps-h80-040083,HCZ Promise Academy II Elementary,community_health_center,1681 Madison Ave,New York,NY,36,New York County,36061,10029,40.79712064,-73.94684903,646-448-8211,www.institute.org,,,,,,,,,HRSA operating hours per week: 40.00,unknown,,,,,,,,,HRSA Health Center Service Delivery and Look-Alike Sites,https://data.hrsa.gov/DataDownload/DD_Files/Health_Center_Service_Delivery_and_LookAlike_Sites.csv,2026-06-19,"Fields copied from the official HRSA CSV: site name, address, city, state, postal code, phone, website, HRSA geocoding coordinates, county/FIPS, operating hours per week, site status, and location setting. Site status: Active. Location setting: School. Operational schedule: Unknown. Daily hours, services, price, insurance, and accessibility fields were not supplied by this intake.",BPS-H80-040083,Health Center Service Delivery and Look-Alike Sites,2026-06-19,2026-06-19,needs_review,
hrsa-bps-h80-003577,Warrensburg Health Center,community_health_center,3767 Main St,Warrensburg,NY,36,Warren County,36113,12885-1890,43.49232073,-73.76886799,518-623-2844,www.hhhn.org,,,,,,,,,HRSA operating hours per week: 78.00,unknown,,,,,,,,,HRSA Health Center Service Delivery and Look-Alike Sites,https://data.hrsa.gov/DataDownload/DD_Files/Health_Center_Service_Delivery_and_LookAlike_Sites.csv,2026-06-19,"Fields copied from the official HRSA CSV: site name, address, city, state, postal code, phone, website, HRSA geocoding coordinates, county/FIPS, operating hours per week, site status, and location setting. Site status: Active. Location setting: All Other Clinic Types. Operational schedule: Full-Time. Daily hours, services, price, insurance, and accessibility fields were not supplied by this intake.",BPS-H80-003577,Health Center Service Delivery and Look-Alike Sites,2026-06-19,2026-06-19,needs_review,
hrsa-bps-h80-030042,Care Found Here: Junius St,community_health_center,91 Junius St,Brooklyn,NY,36,Kings County,36047,11212-8021,40.67272633,-73.90364237,212-366-4459,,,,,,,,,,HRSA operating hours per week: 40.00,unknown,,,,,,,,,HRSA Health Center Service Delivery and Look-Alike Sites,https://data.hrsa.gov/DataDownload/DD_Files/Health_Center_Service_Delivery_and_LookAlike_Sites.csv,2026-06-19,"Fields copied from the official HRSA CSV: site name, address, city, state, postal code, phone, website, HRSA geocoding coordinates, county/FIPS, operating hours per week, site status, and location setting. Site status: Active. Location setting: All Other Clinic Types. Operational schedule: Unknown. Daily hours, services, price, insurance, and accessibility fields were not supplied by this intake.",BPS-H80-030042,Health Center Service Delivery and Look-Alike Sites,2026-06-19,2026-06-19,needs_review,
hrsa-bps-h80-033795,Homer Medical Office,community_health_center,3 Technology Pl,Homer,NY,36,Cortland County,36023,13077-1526,42.62914606,-76.19306233,607-753-3797,www.familyhealthnetwork.org,,,,,,,,,HRSA operating hours per week: 42.00,unknown,,,,,,,,,HRSA Health Center Service Delivery and Look-Alike Sites,https://data.hrsa.gov/DataDownload/DD_Files/Health_Center_Service_Delivery_and_LookAlike_Sites.csv,2026-06-19,"Fields copied from the official HRSA CSV: site name, address, city, state, postal code, phone, website, HRSA geocoding coordinates, county/FIPS, operating hours per week, site status, and location setting. Site status: Active. Location setting: All Other Clinic Types. Operational schedule: Unknown. Daily hours, services, price, insurance, and accessibility fields were not supplied by this intake.",BPS-H80-033795,Health Center Service Delivery and Look-Alike Sites,2026-06-19,2026-06-19,needs_review,
hrsa-bps-h80-037718,Harmony Healthcare Long Island at Hempstead,community_health_center,619 Fulton Ave,Hempstead,NY,36,Nassau County,36059,11550-4553,40.71174690,-73.61094891,516-572-1300,Harmonyhealthcareli.org,,,,,,,,,HRSA operating hours per week: 62.00,unknown,,,,,,,,,HRSA Health Center Service Delivery and Look-Alike Sites,https://data.hrsa.gov/DataDownload/DD_Files/Health_Center_Service_Delivery_and_LookAlike_Sites.csv,2026-06-19,"Fields copied from the official HRSA CSV: site name, address, city, state, postal code, phone, website, HRSA geocoding coordinates, county/FIPS, operating hours per week, site status, and location setting. Site status: Active. Location setting: All Other Clinic Types. Operational schedule: Unknown. Daily hours, services, price, insurance, and accessibility fields were not supplied by this intake.",BPS-H80-037718,Health Center Service Delivery and Look-Alike Sites,2026-06-19,2026-06-19,needs_review,
hrsa-bps-h80-031987,The Floating Hospital,community_health_center,21-01 41st Ave,Long Island City,NY,36,Queens County,36081,11101,40.75396357,-73.94212704,718-784-2240,,,,,,,,,,HRSA operating hours per week: 53.00,unknown,,,,,,,,,HRSA Health Center Service Delivery and Look-Alike Sites,https://data.hrsa.gov/DataDownload/DD_Files/Health_Center_Service_Delivery_and_LookAlike_Sites.csv,2026-06-19,"Fields copied from the official HRSA CSV: site name, address, city, state, postal code, phone, website, HRSA geocoding coordinates, county/FIPS, operating hours per week, site status, and location setting. Site status: Active. Location setting: All Other Clinic Types. Operational schedule: Unknown. Daily hours, services, price, insurance, and accessibility fields were not supplied by this intake.",BPS-H80-031987,Health Center Service Delivery and Look-Alike Sites,2026-06-19,2026-06-19,needs_review,
hrsa-bps-h80-032414,"Clay Avenue Health Center, Floor 1",community_health_center,1776 Clay Ave,Bronx,NY,36,Bronx County,36005,10457-7299,40.84613755,-73.90430873,718-299-1100,,,,,,,,,,HRSA operating hours per week: 53.00,unknown,,,,,,,,,HRSA Health Center Service Delivery and Look-Alike Sites,https://data.hrsa.gov/DataDownload/DD_Files/Health_Center_Service_Delivery_and_LookAlike_Sites.csv,2026-06-19,"Fields copied from the official HRSA CSV: site name, address, city, state, postal code, phone, website, HRSA geocoding coordinates, county/FIPS, operating hours per week, site status, and location setting. Site status: Active. Location setting: All Other Clinic Types. Operational schedule: Unknown. Daily hours, services, price, insurance, and accessibility fields were not supplied by this intake.",BPS-H80-032414,Health Center Service Delivery and Look-Alike Sites,2026-06-19,2026-06-19,needs_review,
hrsa-bps-h80-003671,URBAN HORIZONS FAMILY HEALTH CENTER,community_health_center,50 E 168th St,Bronx,NY,36,Bronx County,36005,10452,40.83648810,-73.91903775,718-293-3900,www.institute2000.org,,,,,,,,,HRSA operating hours per week: 44.00,unknown,,,,,,,,,HRSA Health Center Service Delivery and Look-Alike Sites,https://data.hrsa.gov/DataDownload/DD_Files/Health_Center_Service_Delivery_and_LookAlike_Sites.csv,2026-06-19,"Fields copied from the official HRSA CSV: site name, address, city, state, postal code, phone, website, HRSA geocoding coordinates, county/FIPS, operating hours per week, site status, and location setting. Site status: Active. Location setting: All Other Clinic Types. Operational schedule: Full-Time. Daily hours, services, price, insurance, and accessibility fields were not supplied by this intake.",BPS-H80-003671,Health Center Service Delivery and Look-Alike Sites,2026-06-19,2026-06-19,needs_review,
hrsa-bps-h80-006927,Elderwood at North Creek,community_health_center,112 Ski Bowl Rd,North Creek,NY,36,Warren County,36113,12853-2680,43.69892597,-73.99061384,518-251-2447,www.hhhn.org,,,,,,,,,HRSA operating hours per week: 12.00,unknown,,,,,,,,,HRSA Health Center Service Delivery and Look-Alike Sites,https://data.hrsa.gov/DataDownload/DD_Files/Health_Center_Service_Delivery_and_LookAlike_Sites.csv,2026-06-19,"Fields copied from the official HRSA CSV: site name, address, city, state, postal code, phone, website, HRSA geocoding coordinates, county/FIPS, operating hours per week, site status, and location setting. Site status: Active. Location setting: All Other Clinic Types. Operational schedule: Part-Time. Daily hours, services, price, insurance, and accessibility fields were not supplied by this intake.",BPS-H80-006927,Health Center Service Delivery and Look-Alike Sites,2026-06-19,2026-06-19,needs_review,
hrsa-bps-h80-003784,SBHC - Dr. Weeks Elementary,community_health_center,710 Hawley Ave,Syracuse,NY,36,Onondaga County,36067,13203-2995,43.05475928,-76.13193454,315-435-4030,www.schcny.com,,,,,,,,,HRSA operating hours per week: 40.00,unknown,,,,,,,,,HRSA Health Center Service Delivery and Look-Alike Sites,https://data.hrsa.gov/DataDownload/DD_Files/Health_Center_Service_Delivery_and_LookAlike_Sites.csv,2026-06-19,"Fields copied from the official HRSA CSV: site name, address, city, state, postal code, phone, website, HRSA geocoding coordinates, county/FIPS, operating hours per week, site status, and location setting. Site status: Active. Location setting: School. Operational schedule: Full-Time. Daily hours, services, price, insurance, and accessibility fields were not supplied by this intake.",BPS-H80-003784,Health Center Service Delivery and Look-Alike Sites,2026-06-19,2026-06-19,needs_review,
hrsa-bps-h80-041214,MS 145,community_health_center,1002 Teller Ave,Bronx,NY,36,Bronx County,36005,10456,40.82781952,-73.91445540,929-502-7050,,,,,,,,,,HRSA operating hours per week: 40.00,unknown,,,,,,,,,HRSA Health Center Service Delivery and Look-Alike Sites,https://data.hrsa.gov/DataDownload/DD_Files/Health_Center_Service_Delivery_and_LookAlike_Sites.csv,2026-06-19,"Fields copied from the official HRSA CSV: site name, address, city, state, postal code, phone, website, HRSA geocoding coordinates, county/FIPS, operating hours per week, site status, and location setting. Site status: Active. Location setting: School. Operational schedule: Unknown. Daily hours, services, price, insurance, and accessibility fields were not supplied by this intake.",BPS-H80-041214,Health Center Service Delivery and Look-Alike Sites,2026-06-19,2026-06-19,needs_review,
hrsa-bps-h80-008962,University Avenue Family Practice,community_health_center,105 W 188th St,Bronx,NY,36,Bronx County,36005,10468-5001,40.86432746,-73.90423215,718-563-0757,www.montefiore.org,,,,,,,,,HRSA operating hours per week: 42.50,unknown,,,,,,,,,HRSA Health Center Service Delivery and Look-Alike Sites,https://data.hrsa.gov/DataDownload/DD_Files/Health_Center_Service_Delivery_and_LookAlike_Sites.csv,2026-06-19,"Fields copied from the official HRSA CSV: site name, address, city, state, postal code, phone, website, HRSA geocoding coordinates, county/FIPS, operating hours per week, site status, and location setting. Site status: Active. Location setting: All Other Clinic Types. Operational schedule: Full-Time. Daily hours, services, price, insurance, and accessibility fields were not supplied by this intake.",BPS-H80-008962,Health Center Service Delivery and Look-Alike Sites,2026-06-19,2026-06-19,needs_review,
hrsa-bps-h80-010421,Seventh Avenue Family Health Center at NYU Langone,community_health_center,5008 7th Ave,Brooklyn,NY,36,Kings County,36047,11220-2167,40.64237617,-74.00631004,718-210-1030,https://nyulangone.org/locations/seventh-avenue-family-health-center-at-nyu-langone,,,,,,,,,HRSA operating hours per week: 40.00,unknown,,,,,,,,,HRSA Health Center Service Delivery and Look-Alike Sites,https://data.hrsa.gov/DataDownload/DD_Files/Health_Center_Service_Delivery_and_LookAlike_Sites.csv,2026-06-19,"Fields copied from the official HRSA CSV: site name, address, city, state, postal code, phone, website, HRSA geocoding coordinates, county/FIPS, operating hours per week, site status, and location setting. Site status: Active. Location setting: All Other Clinic Types. Operational schedule: Full-Time. Daily hours, services, price, insurance, and accessibility fields were not supplied by this intake.",BPS-H80-010421,Health Center Service Delivery and Look-Alike Sites,2026-06-19,2026-06-19,needs_review,
hrsa-bps-lal-040644,HASC Medical Center at Camp HASC,community_health_center,361 Parksville Rd,Parksville,NY,36,Sullivan County,36105,12768,41.83586300,-74.74777085,845-347-9577,www.HascMedicalCenter.org,,,,,,,,,HRSA operating hours per week: 32.00,unknown,,,,,,,,,HRSA Health Center Service Delivery and Look-Alike Sites,https://data.hrsa.gov/DataDownload/DD_Files/Health_Center_Service_Delivery_and_LookAlike_Sites.csv,2026-06-19,"Fields copied from the official HRSA CSV: site name, address, city, state, postal code, phone, website, HRSA geocoding coordinates, county/FIPS, operating hours per week, site status, and location setting. Site status: Active. Location setting: All Other Clinic Types. Operational schedule: Unknown. Daily hours, services, price, insurance, and accessibility fields were not supplied by this intake.",BPS-LAL-040644,Health Center Service Delivery and Look-Alike Sites,2026-06-19,2026-06-19,needs_review,
hrsa-bps-h80-022132,BronxCare Psychiatric Adult Outpatient Practice 1,community_health_center,1276 Fulton Ave,Bronx,NY,36,Bronx County,36005,10456-3467,40.83165673,-73.90353425,718-992-7669,,,,,,,,,,HRSA operating hours per week: 45.00,unknown,,,,,,,,,HRSA Health Center Service Delivery and Look-Alike Sites,https://data.hrsa.gov/DataDownload/DD_Files/Health_Center_Service_Delivery_and_LookAlike_Sites.csv,2026-06-19,"Fields copied from the official HRSA CSV: site name, address, city, state, postal code, phone, website, HRSA geocoding coordinates, county/FIPS, operating hours per week, site status, and location setting. Site status: Active. Location setting: All Other Clinic Types. Operational schedule: Unknown. Daily hours, services, price, insurance, and accessibility fields were not supplied by this intake.",BPS-H80-022132,Health Center Service Delivery and Look-Alike Sites,2026-06-19,2026-06-19,needs_review,
hrsa-bps-h80-017634,Community Health Center of Cheektowaga,community_health_center,934 Cleveland Dr,Buffalo,NY,36,Erie County,36029,14225-1279,42.94551605,-78.76490607,716-986-9199 x1002,,,,,,,,,,HRSA operating hours per week: 40.00,unknown,,,,,,,,,HRSA Health Center Service Delivery and Look-Alike Sites,https://data.hrsa.gov/DataDownload/DD_Files/Health_Center_Service_Delivery_and_LookAlike_Sites.csv,2026-06-19,"Fields copied from the official HRSA CSV: site name, address, city, state, postal code, phone, website, HRSA geocoding coordinates, county/FIPS, operating hours per week, site status, and location setting. Site status: Active. Location setting: All Other Clinic Types. Operational schedule: Unknown. Daily hours, services, price, insurance, and accessibility fields were not supplied by this intake.",BPS-H80-017634,Health Center Service Delivery and Look-Alike Sites,2026-06-19,2026-06-19,needs_review,
hrsa-bps-h80-034203,Webutuck SBHC,community_health_center,194 Haight Rd,Amenia,NY,36,Dutchess County,36027,12501-5234,41.88638982,-73.53585427,914-632-2737,,,,,,,,,,HRSA operating hours per week: 40.00,unknown,,,,,,,,,HRSA Health Center Service Delivery and Look-Alike Sites,https://data.hrsa.gov/DataDownload/DD_Files/Health_Center_Service_Delivery_and_LookAlike_Sites.csv,2026-06-19,"Fields copied from the official HRSA CSV: site name, address, city, state, postal code, phone, website, HRSA geocoding coordinates, county/FIPS, operating hours per week, site status, and location setting. Site status: Active. Location setting: School. Operational schedule: Unknown. Daily hours, services, price, insurance, and accessibility fields were not supplied by this intake.",BPS-H80-034203,Health Center Service Delivery and Look-Alike Sites,2026-06-19,2026-06-19,needs_review,
hrsa-bps-h80-030180,JCC Health & Wellness Center,community_health_center,1220 Coffeen St,Watertown,NY,36,Jefferson County,36045,13601-1897,43.99063137,-75.93659353,315-786-2376,,,,,,,,,,HRSA operating hours per week: 41.50,unknown,,,,,,,,,HRSA Health Center Service Delivery and Look-Alike Sites,https://data.hrsa.gov/DataDownload/DD_Files/Health_Center_Service_Delivery_and_LookAlike_Sites.csv,2026-06-19,"Fields copied from the official HRSA CSV: site name, address, city, state, postal code, phone, website, HRSA geocoding coordinates, county/FIPS, operating hours per week, site status, and location setting. Site status: Active. Location setting: All Other Clinic Types. Operational schedule: Unknown. Daily hours, services, price, insurance, and accessibility fields were not supplied by this intake.",BPS-H80-030180,Health Center Service Delivery and Look-Alike Sites,2026-06-19,2026-06-19,needs_review,
hrsa-bps-h80-013635,BronxCare Health and Wellness Center,community_health_center,199 Mount Eden Pkwy,Bronx,NY,36,Bronx County,36005,10457-7703,40.84329776,-73.90976686,718-992-7669,,,,,,,,,,HRSA operating hours per week: 45.00,unknown,,,,,,,,,HRSA Health Center Service Delivery and Look-Alike Sites,https://data.hrsa.gov/DataDownload/DD_Files/Health_Center_Service_Delivery_and_LookAlike_Sites.csv,2026-06-19,"Fields copied from the official HRSA CSV: site name, address, city, state, postal code, phone, website, HRSA geocoding coordinates, county/FIPS, operating hours per week, site status, and location setting. Site status: Active. Location setting: All Other Clinic Types. Operational schedule: Full-Time. Daily hours, services, price, insurance, and accessibility fields were not supplied by this intake.",BPS-H80-013635,Health Center Service Delivery and Look-Alike Sites,2026-06-19,2026-06-19,needs_review,
hrsa-bps-h80-004009,ODA Primary Health Care Network,community_health_center,14 Heyward St,Brooklyn,NY,36,Kings County,36047,11249-7823,40.69969762,-73.95872304,718-260-4600,www.odahealth.org,,,,,,,,,HRSA operating hours per week: 66.00,unknown,,,,,,,,,HRSA Health Center Service Delivery and Look-Alike Sites,https://data.hrsa.gov/DataDownload/DD_Files/Health_Center_Service_Delivery_and_LookAlike_Sites.csv,2026-06-19,"Fields copied from the official HRSA CSV: site name, address, city, state, postal code, phone, website, HRSA geocoding coordinates, county/FIPS, operating hours per week, site status, and location setting. Site status: Active. Location setting: All Other Clinic Types. Operational schedule: Full-Time. Daily hours, services, price, insurance, and accessibility fields were not supplied by this intake.",BPS-H80-004009,Health Center Service Delivery and Look-Alike Sites,2026-06-19,2026-06-19,needs_review,
hrsa-bps-h80-004012,PUBLIC SCHOOL #7 SBHC,community_health_center,160 E 120th St,New York,NY,36,New York County,36061,10035-3593,40.80087855,-73.93926697,212-876-3690,www.boriken.org,,,,,,,,,HRSA operating hours per week: 40.00,unknown,,,,,,,,,HRSA Health Center Service Delivery and Look-Alike Sites,https://data.hrsa.gov/DataDownload/DD_Files/Health_Center_Service_Delivery_and_LookAlike_Sites.csv,2026-06-19,"Fields copied from the official HRSA CSV: site name, address, city, state, postal code, phone, website, HRSA geocoding coordinates, county/FIPS, operating hours per week, site status, and location setting. Site status: Active. Location setting: School. Operational schedule: Full-Time. Daily hours, services, price, insurance, and accessibility fields were not supplied by this intake.",BPS-H80-004012,Health Center Service Delivery and Look-Alike Sites,2026-06-19,2026-06-19,needs_review,
hrsa-bps-h80-018488,Fort Greene Child Health Clinic,community_health_center,295 Flatbush Avenue Ext,Brooklyn,NY,36,Kings County,36047,11201-3001,40.69179432,-73.98213990,347-395-2400,,,,,,,,,,HRSA operating hours per week: 40.00,unknown,,,,,,,,,HRSA Health Center Service Delivery and Look-Alike Sites,https://data.hrsa.gov/DataDownload/DD_Files/Health_Center_Service_Delivery_and_LookAlike_Sites.csv,2026-06-19,"Fields copied from the official HRSA CSV: site name, address, city, state, postal code, phone, website, HRSA geocoding coordinates, county/FIPS, operating hours per week, site status, and location setting. Site status: Active. Location setting: All Other Clinic Types. Operational schedule: Unknown. Daily hours, services, price, insurance, and accessibility fields were not supplied by this intake.",BPS-H80-018488,Health Center Service Delivery and Look-Alike Sites,2026-06-19,2026-06-19,needs_review,
hrsa-bps-h80-004028,THE COACHMAN FAMILY CENTER,community_health_center,123 E Post Rd,White Plains,NY,36,Westchester County,36119,10601-5280,41.02820599,-73.76632601,914-949-1000 x114,www.mvnhc.org,,,,,,,,,HRSA operating hours per week: 40.00,unknown,,,,,,,,,HRSA Health Center Service Delivery and Look-Alike Sites,https://data.hrsa.gov/DataDownload/DD_Files/Health_Center_Service_Delivery_and_LookAlike_Sites.csv,2026-06-19,"Fields copied from the official HRSA CSV: site name, address, city, state, postal code, phone, website, HRSA geocoding coordinates, county/FIPS, operating hours per week, site status, and location setting. Site status: Active. Location setting: All Other Clinic Types. Operational schedule: Full-Time. Daily hours, services, price, insurance, and accessibility fields were not supplied by this intake.",BPS-H80-004028,Health Center Service Delivery and Look-Alike Sites,2026-06-19,2026-06-19,needs_review,
hrsa-bps-h80-010916,South Fallsburg Health Center,community_health_center,36 Laurel Ave,South Fallsburg,NY,36,Sullivan County,36105,12779-5804,41.71184130,-74.62865319,845-482-9394,www.refuahhealth.org,,,,,,,,,HRSA operating hours per week: 57.50,unknown,,,,,,,,,HRSA Health Center Service Delivery and Look-Alike Sites,https://data.hrsa.gov/DataDownload/DD_Files/Health_Center_Service_Delivery_and_LookAlike_Sites.csv,2026-06-19,"Fields copied from the official HRSA CSV: site name, address, city, state, postal code, phone, website, HRSA geocoding coordinates, county/FIPS, operating hours per week, site status, and location setting. Site status: Active. Location setting: All Other Clinic Types. Operational schedule: Full-Time. Daily hours, services, price, insurance, and accessibility fields were not supplied by this intake.",BPS-H80-010916,Health Center Service Delivery and Look-Alike Sites,2026-06-19,2026-06-19,needs_review,
hrsa-bps-h80-004135,Mosaic Health Utica,community_health_center,1651 Oneida St,Utica,NY,36,Oneida County,36065,13501-4866,43.08795320,-75.24857942,315-793-7600,www.rpcn.org,,,,,,,,,HRSA operating hours per week: 53.00,unknown,,,,,,,,,HRSA Health Center Service Delivery and Look-Alike Sites,https://data.hrsa.gov/DataDownload/DD_Files/Health_Center_Service_Delivery_and_LookAlike_Sites.csv,2026-06-19,"Fields copied from the official HRSA CSV: site name, address, city, state, postal code, phone, website, HRSA geocoding coordinates, county/FIPS, operating hours per week, site status, and location setting. Site status: Active. Location setting: All Other Clinic Types. Operational schedule: Full-Time. Daily hours, services, price, insurance, and accessibility fields were not supplied by this intake.",BPS-H80-004135,Health Center Service Delivery and Look-Alike Sites,2026-06-19,2026-06-19,needs_review,
hrsa-bps-h80-022366,Harmony Healthcare Long Island at Oceanside,community_health_center,"3227 Long Beach Rd, Suite 2",Oceanside,NY,36,Nassau County,36059,11572-3651,40.63279192,-73.64034693,516-431-1600,www.harmonyhealthcareli.org,,,,,,,,,HRSA operating hours per week: 48.00,unknown,,,,,,,,,HRSA Health Center Service Delivery and Look-Alike Sites,https://data.hrsa.gov/DataDownload/DD_Files/Health_Center_Service_Delivery_and_LookAlike_Sites.csv,2026-06-19,"Fields copied from the official HRSA CSV: site name, address, city, state, postal code, phone, website, HRSA geocoding coordinates, county/FIPS, operating hours per week, site status, and location setting. Site status: Active. Location setting: All Other Clinic Types. Operational schedule: Unknown. Daily hours, services, price, insurance, and accessibility fields were not supplied by this intake.",BPS-H80-022366,Health Center Service Delivery and Look-Alike Sites,2026-06-19,2026-06-19,needs_review,
hrsa-bps-h80-036254,Sun River Health Copiague,community_health_center,445 Oak St STE 201,Copiague,NY,36,Suffolk County,36103,11726-3111,40.67974818,-73.40129178,844-400-1975,,,,,,,,,,HRSA operating hours per week: 32.00,unknown,,,,,,,,,HRSA Health Center Service Delivery and Look-Alike Sites,https://data.hrsa.gov/DataDownload/DD_Files/Health_Center_Service_Delivery_and_LookAlike_Sites.csv,2026-06-19,"Fields copied from the official HRSA CSV: site name, address, city, state, postal code, phone, website, HRSA geocoding coordinates, county/FIPS, operating hours per week, site status, and location setting. Site status: Active. Location setting: All Other Clinic Types. Operational schedule: Unknown. Daily hours, services, price, insurance, and accessibility fields were not supplied by this intake.",BPS-H80-036254,Health Center Service Delivery and Look-Alike Sites,2026-06-19,2026-06-19,needs_review,
hrsa-bps-h80-004262,MHHC at 70W Burnside,community_health_center,70 W Burnside Ave,Bronx,NY,36,Bronx County,36005,10453-4016,40.85441259,-73.91027095,718-716-2229,www.mhhc.org,,,,,,,,,HRSA operating hours per week: 41.50,unknown,,,,,,,,,HRSA Health Center Service Delivery and Look-Alike Sites,https://data.hrsa.gov/DataDownload/DD_Files/Health_Center_Service_Delivery_and_LookAlike_Sites.csv,2026-06-19,"Fields copied from the official HRSA CSV: site name, address, city, state, postal code, phone, website, HRSA geocoding coordinates, county/FIPS, operating hours per week, site status, and location setting. Site status: Active. Location setting: All Other Clinic Types. Operational schedule: Full-Time. Daily hours, services, price, insurance, and accessibility fields were not supplied by this intake.",BPS-H80-004262,Health Center Service Delivery and Look-Alike Sites,2026-06-19,2026-06-19,needs_review,
hrsa-bps-h80-011839,Mannsville Manor Elementary School,community_health_center,423 N Main St,Mannsville,NY,36,Jefferson County,36045,13661-2200,43.71739604,-76.06594750,315-465-3373,www.NoCoFamilyHealth.org,,,,,,,,,HRSA operating hours per week: 37.50,unknown,,,,,,,,,HRSA Health Center Service Delivery and Look-Alike Sites,https://data.hrsa.gov/DataDownload/DD_Files/Health_Center_Service_Delivery_and_LookAlike_Sites.csv,2026-06-19,"Fields copied from the official HRSA CSV: site name, address, city, state, postal code, phone, website, HRSA geocoding coordinates, county/FIPS, operating hours per week, site status, and location setting. Site status: Active. Location setting: School. Operational schedule: Part-Time. Daily hours, services, price, insurance, and accessibility fields were not supplied by this intake.",BPS-H80-011839,Health Center Service Delivery and Look-Alike Sites,2026-06-19,2026-06-19,needs_review,
hrsa-bps-h80-019061,North Country Family Health Center - Evans Mills,community_health_center,26908 Independence Way STE 202,Evans Mills,NY,36,Jefferson County,36045,13637-3300,44.05518565,-75.83092078,315-782-9450,www.NoCoFamilyHealth.org,,,,,,,,,HRSA operating hours per week: 47.75,unknown,,,,,,,,,HRSA Health Center Service Delivery and Look-Alike Sites,https://data.hrsa.gov/DataDownload/DD_Files/Health_Center_Service_Delivery_and_LookAlike_Sites.csv,2026-06-19,"Fields copied from the official HRSA CSV: site name, address, city, state, postal code, phone, website, HRSA geocoding coordinates, county/FIPS, operating hours per week, site status, and location setting. Site status: Active. Location setting: All Other Clinic Types. Operational schedule: Unknown. Daily hours, services, price, insurance, and accessibility fields were not supplied by this intake.",BPS-H80-019061,Health Center Service Delivery and Look-Alike Sites,2026-06-19,2026-06-19,needs_review,
hrsa-bps-h80-038038,SHERO Hour Children 1,community_health_center,36-44 13th St,Astoria,NY,36,Queens County,36081,11106,40.75943938,-73.93913755,718-733-4724,,,,,,,,,,HRSA operating hours per week: 8.00,unknown,,,,,,,,,HRSA Health Center Service Delivery and Look-Alike Sites,https://data.hrsa.gov/DataDownload/DD_Files/Health_Center_Service_Delivery_and_LookAlike_Sites.csv,2026-06-19,"Fields copied from the official HRSA CSV: site name, address, city, state, postal code, phone, website, HRSA geocoding coordinates, county/FIPS, operating hours per week, site status, and location setting. Site status: Active. Location setting: All Other Clinic Types. Operational schedule: Unknown. Daily hours, services, price, insurance, and accessibility fields were not supplied by this intake.",BPS-H80-038038,Health Center Service Delivery and Look-Alike Sites,2026-06-19,2026-06-19,needs_review,
hrsa-bps-h80-015205,"Advantage Care Diagnostic and Treatment Center, Inc.",community_health_center,189 Wheatley Rd,Glen Head,NY,36,Nassau County,36059,11545-2699,40.80786168,-73.58144461,516-686-4400,,,,,,,,,,HRSA operating hours per week: 56.00,unknown,,,,,,,,,HRSA Health Center Service Delivery and Look-Alike Sites,https://data.hrsa.gov/DataDownload/DD_Files/Health_Center_Service_Delivery_and_LookAlike_Sites.csv,2026-06-19,"Fields copied from the official HRSA CSV: site name, address, city, state, postal code, phone, website, HRSA geocoding coordinates, county/FIPS, operating hours per week, site status, and location setting. Site status: Active. Location setting: All Other Clinic Types. Operational schedule: Unknown. Daily hours, services, price, insurance, and accessibility fields were not supplied by this intake.",BPS-H80-015205,Health Center Service Delivery and Look-Alike Sites,2026-06-19,2026-06-19,needs_review,
hrsa-bps-h80-040732,Care Found Here: Blondell Health Center,community_health_center,1400 Blondell Ave,Bronx,NY,36,Bronx County,36005,10461-2623,40.84271283,-73.84243503,212-366-4459,,,,,,,,,,HRSA operating hours per week: 40.00,unknown,,,,,,,,,HRSA Health Center Service Delivery and Look-Alike Sites,https://data.hrsa.gov/DataDownload/DD_Files/Health_Center_Service_Delivery_and_LookAlike_Sites.csv,2026-06-19,"Fields copied from the official HRSA CSV: site name, address, city, state, postal code, phone, website, HRSA geocoding coordinates, county/FIPS, operating hours per week, site status, and location setting. Site status: Active. Location setting: All Other Clinic Types. Operational schedule: Unknown. Daily hours, services, price, insurance, and accessibility fields were not supplied by this intake.",BPS-H80-040732,Health Center Service Delivery and Look-Alike Sites,2026-06-19,2026-06-19,needs_review,
hrsa-bps-h80-017219,The Institute for Family Health,community_health_center,2006 Madison Ave,New York,NY,36,New York County,36061,10035-1217,40.80758646,-73.93958724,212-633-0800,,,,,,,,,,,unknown,,,,,,,,,HRSA Health Center Service Delivery and Look-Alike Sites,https://data.hrsa.gov/DataDownload/DD_Files/Health_Center_Service_Delivery_and_LookAlike_Sites.csv,2026-06-19,"Fields copied from the official HRSA CSV: site name, address, city, state, postal code, phone, website, HRSA geocoding coordinates, county/FIPS, operating hours per week, site status, and location setting. Site status: Active. Location setting: All Other Clinic Types. Operational schedule: Unknown. Daily hours, services, price, insurance, and accessibility fields were not supplied by this intake.",BPS-H80-017219,Health Center Service Delivery and Look-Alike Sites,2026-06-19,2026-06-19,needs_review,
hrsa-bps-h80-007134,THE SENATE,community_health_center,206 W 92nd St,New York,NY,36,New York County,36061,10025-7439,40.79165346,-73.97309357,212-877-6305,www.institute2000.org,,,,,,,,,HRSA operating hours per week: 3.00,unknown,,,,,,,,,HRSA Health Center Service Delivery and Look-Alike Sites,https://data.hrsa.gov/DataDownload/DD_Files/Health_Center_Service_Delivery_and_LookAlike_Sites.csv,2026-06-19,"Fields copied from the official HRSA CSV: site name, address, city, state, postal code, phone, website, HRSA geocoding coordinates, county/FIPS, operating hours per week, site status, and location setting. Site status: Active. Location setting: All Other Clinic Types. Operational schedule: Part-Time. Daily hours, services, price, insurance, and accessibility fields were not supplied by this intake.",BPS-H80-007134,Health Center Service Delivery and Look-Alike Sites,2026-06-19,2026-06-19,needs_review,
hrsa-bps-h80-021332,Kingsboro Men's MICA Shelter,community_health_center,681 Clarkson Ave,Brooklyn,NY,36,Kings County,36047,11203-2199,40.65650668,-73.93650228,718-277-0386,,,,,,,,,,HRSA operating hours per week: 40.00,unknown,,,,,,,,,HRSA Health Center Service Delivery and Look-Alike Sites,https://data.hrsa.gov/DataDownload/DD_Files/Health_Center_Service_Delivery_and_LookAlike_Sites.csv,2026-06-19,"Fields copied from the official HRSA CSV: site name, address, city, state, postal code, phone, website, HRSA geocoding coordinates, county/FIPS, operating hours per week, site status, and location setting. Site status: Active. Location setting: All Other Clinic Types. Operational schedule: Unknown. Daily hours, services, price, insurance, and accessibility fields were not supplied by this intake.",BPS-H80-021332,Health Center Service Delivery and Look-Alike Sites,2026-06-19,2026-06-19,needs_review,
hrsa-bps-h80-004573,Tucker Clinical Services Building,community_health_center,3761 Main St,Warrensburg,NY,36,Warren County,36113,12885-1837,43.49221755,-73.76850841,518-623-3918,www.hhhn.org,,,,,,,,,HRSA operating hours per week: 40.00,unknown,,,,,,,,,HRSA Health Center Service Delivery and Look-Alike Sites,https://data.hrsa.gov/DataDownload/DD_Files/Health_Center_Service_Delivery_and_LookAlike_Sites.csv,2026-06-19,"Fields copied from the official HRSA CSV: site name, address, city, state, postal code, phone, website, HRSA geocoding coordinates, county/FIPS, operating hours per week, site status, and location setting. Site status: Active. Location setting: All Other Clinic Types. Operational schedule: Full-Time. Daily hours, services, price, insurance, and accessibility fields were not supplied by this intake.",BPS-H80-004573,Health Center Service Delivery and Look-Alike Sites,2026-06-19,2026-06-19,needs_review,
hrsa-bps-h80-004577,Whitney Young Health Dental Services,community_health_center,900 Lark Dr,Albany,NY,36,Albany County,36001,12207-1339,42.66289604,-73.74791608,518-465-9345,www.wmyhealth.org,,,,,,,,,HRSA operating hours per week: 57.00,unknown,,,,,,,,,HRSA Health Center Service Delivery and Look-Alike Sites,https://data.hrsa.gov/DataDownload/DD_Files/Health_Center_Service_Delivery_and_LookAlike_Sites.csv,2026-06-19,"Fields copied from the official HRSA CSV: site name, address, city, state, postal code, phone, website, HRSA geocoding coordinates, county/FIPS, operating hours per week, site status, and location setting. Site status: Active. Location setting: All Other Clinic Types. Operational schedule: Full-Time. Daily hours, services, price, insurance, and accessibility fields were not supplied by this intake.",BPS-H80-004577,Health Center Service Delivery and Look-Alike Sites,2026-06-19,2026-06-19,needs_review,
hrsa-bps-h80-017792,Watervliet Health Center,community_health_center,1804 2nd Ave,Watervliet,NY,36,Albany County,36001,12189-2818,42.72937136,-73.70121706,518-465-4771,,,,,,,,,,HRSA operating hours per week: 40.00,unknown,,,,,,,,,HRSA Health Center Service Delivery and Look-Alike Sites,https://data.hrsa.gov/DataDownload/DD_Files/Health_Center_Service_Delivery_and_LookAlike_Sites.csv,2026-06-19,"Fields copied from the official HRSA CSV: site name, address, city, state, postal code, phone, website, HRSA geocoding coordinates, county/FIPS, operating hours per week, site status, and location setting. Site status: Active. Location setting: All Other Clinic Types. Operational schedule: Unknown. Daily hours, services, price, insurance, and accessibility fields were not supplied by this intake.",BPS-H80-017792,Health Center Service Delivery and Look-Alike Sites,2026-06-19,2026-06-19,needs_review,
hrsa-bps-h80-012318,Albert Tuitt Educational Campus,community_health_center,921 E 228th St,Bronx,NY,36,Bronx County,36005,10466-4611,40.88795085,-73.85269398,718-649-3894,,,,,,,,,,HRSA operating hours per week: 40.00,unknown,,,,,,,,,HRSA Health Center Service Delivery and Look-Alike Sites,https://data.hrsa.gov/DataDownload/DD_Files/Health_Center_Service_Delivery_and_LookAlike_Sites.csv,2026-06-19,"Fields copied from the official HRSA CSV: site name, address, city, state, postal code, phone, website, HRSA geocoding coordinates, county/FIPS, operating hours per week, site status, and location setting. Site status: Active. Location setting: School. Operational schedule: Full-Time. Daily hours, services, price, insurance, and accessibility fields were not supplied by this intake.",BPS-H80-012318,Health Center Service Delivery and Look-Alike Sites,2026-06-19,2026-06-19,needs_review,
hrsa-bps-h80-019451,Neighborhood Health Center Blasdell,community_health_center,4233 Lake Ave,Buffalo,NY,36,Erie County,36029,14219,42.79709157,-78.82230962,716-875-2904,,,,,,,,,,HRSA operating hours per week: 49.50,unknown,,,,,,,,,HRSA Health Center Service Delivery and Look-Alike Sites,https://data.hrsa.gov/DataDownload/DD_Files/Health_Center_Service_Delivery_and_LookAlike_Sites.csv,2026-06-19,"Fields copied from the official HRSA CSV: site name, address, city, state, postal code, phone, website, HRSA geocoding coordinates, county/FIPS, operating hours per week, site status, and location setting. Site status: Active. Location setting: All Other Clinic Types. Operational schedule: Unknown. Daily hours, services, price, insurance, and accessibility fields were not supplied by this intake.",BPS-H80-019451,Health Center Service Delivery and Look-Alike Sites,2026-06-19,2026-06-19,needs_review,
hrsa-bps-h80-004659,"PROJECT RENEWAL (please note Varick street site is administrative, no patients are seen but the EHB form required we write a number in the blank for hours of operation)",community_health_center,200 Varick St,New York,NY,36,New York County,36061,10014-4810,40.72839415,-74.00513222,212-620-0340,,,,,,,,,,,unknown,,,,,,,,,HRSA Health Center Service Delivery and Look-Alike Sites,https://data.hrsa.gov/DataDownload/DD_Files/Health_Center_Service_Delivery_and_LookAlike_Sites.csv,2026-06-19,"Fields copied from the official HRSA CSV: site name, address, city, state, postal code, phone, website, HRSA geocoding coordinates, county/FIPS, operating hours per week, site status, and location setting. Site status: Active. Location setting: All Other Clinic Types. Operational schedule: Full-Time. Daily hours, services, price, insurance, and accessibility fields were not supplied by this intake.",BPS-H80-004659,Health Center Service Delivery and Look-Alike Sites,2026-06-19,2026-06-19,needs_review,
hrsa-bps-h80-004662,"CHARLES B. WANG COMMUNITY HEALTH CENTER, INC.",community_health_center,268 Canal St,New York,NY,36,New York County,36061,10013-3599,40.71877298,-74.00128417,212-379-6988,www.cbwchc.org,,,,,,,,,HRSA operating hours per week: 57.00,unknown,,,,,,,,,HRSA Health Center Service Delivery and Look-Alike Sites,https://data.hrsa.gov/DataDownload/DD_Files/Health_Center_Service_Delivery_and_LookAlike_Sites.csv,2026-06-19,"Fields copied from the official HRSA CSV: site name, address, city, state, postal code, phone, website, HRSA geocoding coordinates, county/FIPS, operating hours per week, site status, and location setting. Site status: Active. Location setting: All Other Clinic Types. Operational schedule: Full-Time. Daily hours, services, price, insurance, and accessibility fields were not supplied by this intake.",BPS-H80-004662,Health Center Service Delivery and Look-Alike Sites,2026-06-19,2026-06-19,needs_review,
hrsa-bps-h80-004674,"WHITMAN, INGERSOLL, FARRAGUT H C",community_health_center,297 Myrtle Ave,Brooklyn,NY,36,Kings County,36047,11205-2901,40.69350285,-73.97617542,718-596-8000,Not applicable,,,,,,,,,HRSA operating hours per week: 40.00,unknown,,,,,,,,,HRSA Health Center Service Delivery and Look-Alike Sites,https://data.hrsa.gov/DataDownload/DD_Files/Health_Center_Service_Delivery_and_LookAlike_Sites.csv,2026-06-19,"Fields copied from the official HRSA CSV: site name, address, city, state, postal code, phone, website, HRSA geocoding coordinates, county/FIPS, operating hours per week, site status, and location setting. Site status: Active. Location setting: All Other Clinic Types. Operational schedule: Full-Time. Daily hours, services, price, insurance, and accessibility fields were not supplied by this intake.",BPS-H80-004674,Health Center Service Delivery and Look-Alike Sites,2026-06-19,2026-06-19,needs_review,
hrsa-bps-h80-039642,Bakertown Health Center,community_health_center,48 Bakertown Rd,Monroe,NY,36,Orange County,36071,10950-8428,41.33428245,-74.16193022,845-782-3242,,,,,,,,,,HRSA operating hours per week: 40.00,unknown,,,,,,,,,HRSA Health Center Service Delivery and Look-Alike Sites,https://data.hrsa.gov/DataDownload/DD_Files/Health_Center_Service_Delivery_and_LookAlike_Sites.csv,2026-06-19,"Fields copied from the official HRSA CSV: site name, address, city, state, postal code, phone, website, HRSA geocoding coordinates, county/FIPS, operating hours per week, site status, and location setting. Site status: Active. Location setting: All Other Clinic Types. Operational schedule: Unknown. Daily hours, services, price, insurance, and accessibility fields were not supplied by this intake.",BPS-H80-039642,Health Center Service Delivery and Look-Alike Sites,2026-06-19,2026-06-19,needs_review,
hrsa-bps-h80-011590,EHMC Family and Pediatric Medicine,community_health_center,13 N Fulton St,Auburn,NY,36,Cayuga County,36011,13021-2703,42.93448056,-76.55970295,315-253-8477,http://www.easthillmedical.com,,,,,,,,,HRSA operating hours per week: 52.50,unknown,,,,,,,,,HRSA Health Center Service Delivery and Look-Alike Sites,https://data.hrsa.gov/DataDownload/DD_Files/Health_Center_Service_Delivery_and_LookAlike_Sites.csv,2026-06-19,"Fields copied from the official HRSA CSV: site name, address, city, state, postal code, phone, website, HRSA geocoding coordinates, county/FIPS, operating hours per week, site status, and location setting. Site status: Active. Location setting: All Other Clinic Types. Operational schedule: Full-Time. Daily hours, services, price, insurance, and accessibility fields were not supplied by this intake.",BPS-H80-011590,Health Center Service Delivery and Look-Alike Sites,2026-06-19,2026-06-19,needs_review,
hrsa-bps-h80-014209,Sun River Health Wyandanch,community_health_center,1556 Straight Path,Wyandanch,NY,36,Suffolk County,36103,11798-3299,40.75343224,-73.36147766,516-214-8020,,,,,,,,,,HRSA operating hours per week: 54.50,unknown,,,,,,,,,HRSA Health Center Service Delivery and Look-Alike Sites,https://data.hrsa.gov/DataDownload/DD_Files/Health_Center_Service_Delivery_and_LookAlike_Sites.csv,2026-06-19,"Fields copied from the official HRSA CSV: site name, address, city, state, postal code, phone, website, HRSA geocoding coordinates, county/FIPS, operating hours per week, site status, and location setting. Site status: Active. Location setting: All Other Clinic Types. Operational schedule: Full-Time. Daily hours, services, price, insurance, and accessibility fields were not supplied by this intake.",BPS-H80-014209,Health Center Service Delivery and Look-Alike Sites,2026-06-19,2026-06-19,needs_review,
hrsa-bps-h80-007237,PART OF THE SOLUTION,community_health_center,2759 Webster Ave,Bronx,NY,36,Bronx County,36005,10458-3708,40.86575255,-73.88656232,718-220-4892,potsbronx.org,,,,,,,,,HRSA operating hours per week: 40.00,unknown,,,,,,,,,HRSA Health Center Service Delivery and Look-Alike Sites,https://data.hrsa.gov/DataDownload/DD_Files/Health_Center_Service_Delivery_and_LookAlike_Sites.csv,2026-06-19,"Fields copied from the official HRSA CSV: site name, address, city, state, postal code, phone, website, HRSA geocoding coordinates, county/FIPS, operating hours per week, site status, and location setting. Site status: Active. Location setting: All Other Clinic Types. Operational schedule: Part-Time. Daily hours, services, price, insurance, and accessibility fields were not supplied by this intake.",BPS-H80-007237,Health Center Service Delivery and Look-Alike Sites,2026-06-19,2026-06-19,needs_review,
hrsa-bps-h80-010401,Barbara Kleinman Shelter,community_health_center,300 Skillman Ave,Brooklyn,NY,36,Kings County,36047,11211-1607,40.71657517,-73.93851352,718-963-4425,www.lmcmc.com,,,,,,,,,HRSA operating hours per week: 12.00,unknown,,,,,,,,,HRSA Health Center Service Delivery and Look-Alike Sites,https://data.hrsa.gov/DataDownload/DD_Files/Health_Center_Service_Delivery_and_LookAlike_Sites.csv,2026-06-19,"Fields copied from the official HRSA CSV: site name, address, city, state, postal code, phone, website, HRSA geocoding coordinates, county/FIPS, operating hours per week, site status, and location setting. Site status: Active. Location setting: All Other Clinic Types. Operational schedule: Part-Time. Daily hours, services, price, insurance, and accessibility fields were not supplied by this intake.",BPS-H80-010401,Health Center Service Delivery and Look-Alike Sites,2026-06-19,2026-06-19,needs_review,
hrsa-bps-h80-037536,Tremont Health Center,community_health_center,1880 Bathgate Ave,Bronx,NY,36,Bronx County,36005,10457-6259,40.84631546,-73.89729702,718-294-5891,,,,,,,,,,HRSA operating hours per week: 40.00,unknown,,,,,,,,,HRSA Health Center Service Delivery and Look-Alike Sites,https://data.hrsa.gov/DataDownload/DD_Files/Health_Center_Service_Delivery_and_LookAlike_Sites.csv,2026-06-19,"Fields copied from the official HRSA CSV: site name, address, city, state, postal code, phone, website, HRSA geocoding coordinates, county/FIPS, operating hours per week, site status, and location setting. Site status: Active. Location setting: All Other Clinic Types. Operational schedule: Unknown. Daily hours, services, price, insurance, and accessibility fields were not supplied by this intake.",BPS-H80-037536,Health Center Service Delivery and Look-Alike Sites,2026-06-19,2026-06-19,needs_review,
hrsa-bps-h80-032961,VIP Satellite,community_health_center,1807 Clinton Ave,Bronx,NY,36,Bronx County,36005,10457-6747,40.84263911,-73.89217643,347-671-8964,www.vipservices.org,,,,,,,,,HRSA operating hours per week: 40.00,unknown,,,,,,,,,HRSA Health Center Service Delivery and Look-Alike Sites,https://data.hrsa.gov/DataDownload/DD_Files/Health_Center_Service_Delivery_and_LookAlike_Sites.csv,2026-06-19,"Fields copied from the official HRSA CSV: site name, address, city, state, postal code, phone, website, HRSA geocoding coordinates, county/FIPS, operating hours per week, site status, and location setting. Site status: Active. Location setting: All Other Clinic Types. Operational schedule: Unknown. Daily hours, services, price, insurance, and accessibility fields were not supplied by this intake.",BPS-H80-032961,Health Center Service Delivery and Look-Alike Sites,2026-06-19,2026-06-19,needs_review,
hrsa-bps-h80-015337,Advantage Care Diagnostic and Treatment Center Freeport,community_health_center,230 Hanse Ave,Freeport,NY,36,Nassau County,36059,11520-4648,40.64502087,-73.57076347,515-686-4400,,,,,,,,,,HRSA operating hours per week: 56.00,unknown,,,,,,,,,HRSA Health Center Service Delivery and Look-Alike Sites,https://data.hrsa.gov/DataDownload/DD_Files/Health_Center_Service_Delivery_and_LookAlike_Sites.csv,2026-06-19,"Fields copied from the official HRSA CSV: site name, address, city, state, postal code, phone, website, HRSA geocoding coordinates, county/FIPS, operating hours per week, site status, and location setting. Site status: Active. Location setting: All Other Clinic Types. Operational schedule: Unknown. Daily hours, services, price, insurance, and accessibility fields were not supplied by this intake.",BPS-H80-015337,Health Center Service Delivery and Look-Alike Sites,2026-06-19,2026-06-19,needs_review,
hrsa-bps-h80-004767,FINGER LAKES MIGRANT HEALTH PROJECT,community_health_center,14 Maiden Ln,Penn Yan,NY,36,Yates County,36123,14527-1208,42.66178594,-77.05525800,315-531-9102,www.flmhcp.org,,,,,,,,,HRSA operating hours per week: 40.00,unknown,,,,,,,,,HRSA Health Center Service Delivery and Look-Alike Sites,https://data.hrsa.gov/DataDownload/DD_Files/Health_Center_Service_Delivery_and_LookAlike_Sites.csv,2026-06-19,"Fields copied from the official HRSA CSV: site name, address, city, state, postal code, phone, website, HRSA geocoding coordinates, county/FIPS, operating hours per week, site status, and location setting. Site status: Active. Location setting: Unknown. Operational schedule: Full-Time. Daily hours, services, price, insurance, and accessibility fields were not supplied by this intake.",BPS-H80-004767,Health Center Service Delivery and Look-Alike Sites,2026-06-19,2026-06-19,needs_review,
hrsa-bps-h80-022291,PS 044,community_health_center,80 Maple Pkwy,Staten Island,NY,36,Richmond County,36085,10303-2419,40.63162906,-74.15675800,718-442-0433,,,,,,,,,,HRSA operating hours per week: 48.00,unknown,,,,,,,,,HRSA Health Center Service Delivery and Look-Alike Sites,https://data.hrsa.gov/DataDownload/DD_Files/Health_Center_Service_Delivery_and_LookAlike_Sites.csv,2026-06-19,"Fields copied from the official HRSA CSV: site name, address, city, state, postal code, phone, website, HRSA geocoding coordinates, county/FIPS, operating hours per week, site status, and location setting. Site status: Active. Location setting: School. Operational schedule: Unknown. Daily hours, services, price, insurance, and accessibility fields were not supplied by this intake.",BPS-H80-022291,Health Center Service Delivery and Look-Alike Sites,2026-06-19,2026-06-19,needs_review,
hrsa-bps-h80-034101,Broadway Community Health Center of Excellence,community_health_center,815 Broadway,Brooklyn,NY,36,Kings County,36047,11206-5318,40.69965734,-73.93973535,332-208-2548,,,,,,,,,,HRSA operating hours per week: 58.00,unknown,,,,,,,,,HRSA Health Center Service Delivery and Look-Alike Sites,https://data.hrsa.gov/DataDownload/DD_Files/Health_Center_Service_Delivery_and_LookAlike_Sites.csv,2026-06-19,"Fields copied from the official HRSA CSV: site name, address, city, state, postal code, phone, website, HRSA geocoding coordinates, county/FIPS, operating hours per week, site status, and location setting. Site status: Active. Location setting: All Other Clinic Types. Operational schedule: Unknown. Daily hours, services, price, insurance, and accessibility fields were not supplied by this intake.",BPS-H80-034101,Health Center Service Delivery and Look-Alike Sites,2026-06-19,2026-06-19,needs_review,
hrsa-bps-h80-004852,PHILLP SCHUYLER ACHIEVEMENT,community_health_center,676 Clinton Ave,Albany,NY,36,Albany County,36001,12206-2216,42.66841452,-73.77501805,518-475-6723,www.wmyhealth.org,,,,,,,,,HRSA operating hours per week: 35.00,unknown,,,,,,,,,HRSA Health Center Service Delivery and Look-Alike Sites,https://data.hrsa.gov/DataDownload/DD_Files/Health_Center_Service_Delivery_and_LookAlike_Sites.csv,2026-06-19,"Fields copied from the official HRSA CSV: site name, address, city, state, postal code, phone, website, HRSA geocoding coordinates, county/FIPS, operating hours per week, site status, and location setting. Site status: Active. Location setting: School. Operational schedule: Full-Time. Daily hours, services, price, insurance, and accessibility fields were not supplied by this intake.",BPS-H80-004852,Health Center Service Delivery and Look-Alike Sites,2026-06-19,2026-06-19,needs_review,
hrsa-bps-h80-028072,James Kieran School Based Health Center,community_health_center,1025 Morrison Ave,Bronx,NY,36,Bronx County,36005,10472-5907,40.82505212,-73.87360247,718-328-2105,,,,,,,,,,HRSA operating hours per week: 35.00,unknown,,,,,,,,,HRSA Health Center Service Delivery and Look-Alike Sites,https://data.hrsa.gov/DataDownload/DD_Files/Health_Center_Service_Delivery_and_LookAlike_Sites.csv,2026-06-19,"Fields copied from the official HRSA CSV: site name, address, city, state, postal code, phone, website, HRSA geocoding coordinates, county/FIPS, operating hours per week, site status, and location setting. Site status: Active. Location setting: School. Operational schedule: Unknown. Daily hours, services, price, insurance, and accessibility fields were not supplied by this intake.",BPS-H80-028072,Health Center Service Delivery and Look-Alike Sites,2026-06-19,2026-06-19,needs_review,
hrsa-bps-h80-017155,Cornerstone Family Healthcare at Plattekill,community_health_center,24 Old Fire House Rd,Wallkill,NY,36,Ulster County,36111,12589-4600,41.61832541,-74.07790952,845-220-3100,www.ghvfhc.org,,,,,,,,,HRSA operating hours per week: 42.00,unknown,,,,,,,,,HRSA Health Center Service Delivery and Look-Alike Sites,https://data.hrsa.gov/DataDownload/DD_Files/Health_Center_Service_Delivery_and_LookAlike_Sites.csv,2026-06-19,"Fields copied from the official HRSA CSV: site name, address, city, state, postal code, phone, website, HRSA geocoding coordinates, county/FIPS, operating hours per week, site status, and location setting. Site status: Active. Location setting: All Other Clinic Types. Operational schedule: Unknown. Daily hours, services, price, insurance, and accessibility fields were not supplied by this intake.",BPS-H80-017155,Health Center Service Delivery and Look-Alike Sites,2026-06-19,2026-06-19,needs_review,
hrsa-bps-h80-036954,EHMC Inner Wellness,community_health_center,144 Genesee St STE 201,Auburn,NY,36,Cayuga County,36011,13021-3529,42.93019732,-76.56851585,315-253-8477,www.easthillmedical.com,,,,,,,,,HRSA operating hours per week: 40.00,unknown,,,,,,,,,HRSA Health Center Service Delivery and Look-Alike Sites,https://data.hrsa.gov/DataDownload/DD_Files/Health_Center_Service_Delivery_and_LookAlike_Sites.csv,2026-06-19,"Fields copied from the official HRSA CSV: site name, address, city, state, postal code, phone, website, HRSA geocoding coordinates, county/FIPS, operating hours per week, site status, and location setting. Site status: Active. Location setting: All Other Clinic Types. Operational schedule: Unknown. Daily hours, services, price, insurance, and accessibility fields were not supplied by this intake.",BPS-H80-036954,Health Center Service Delivery and Look-Alike Sites,2026-06-19,2026-06-19,needs_review,
hrsa-bps-h80-017801,P.S. 196,community_health_center,207 Bushwick Ave,Brooklyn,NY,36,Kings County,36047,11206-2241,40.70877002,-73.93980341,718-497-0139,,,,,,,,,,HRSA operating hours per week: 48.00,unknown,,,,,,,,,HRSA Health Center Service Delivery and Look-Alike Sites,https://data.hrsa.gov/DataDownload/DD_Files/Health_Center_Service_Delivery_and_LookAlike_Sites.csv,2026-06-19,"Fields copied from the official HRSA CSV: site name, address, city, state, postal code, phone, website, HRSA geocoding coordinates, county/FIPS, operating hours per week, site status, and location setting. Site status: Active. Location setting: School. Operational schedule: Unknown. Daily hours, services, price, insurance, and accessibility fields were not supplied by this intake.",BPS-H80-017801,Health Center Service Delivery and Look-Alike Sites,2026-06-19,2026-06-19,needs_review,
hrsa-bps-h80-021906,The Care Connection,community_health_center,110 W Tremont Ave,Bronx,NY,36,Bronx County,36005,10453-5436,40.84982836,-73.91397709,718-716-4400,,,,,,,,,,,unknown,,,,,,,,,HRSA Health Center Service Delivery and Look-Alike Sites,https://data.hrsa.gov/DataDownload/DD_Files/Health_Center_Service_Delivery_and_LookAlike_Sites.csv,2026-06-19,"Fields copied from the official HRSA CSV: site name, address, city, state, postal code, phone, website, HRSA geocoding coordinates, county/FIPS, operating hours per week, site status, and location setting. Site status: Active. Location setting: Unknown. Operational schedule: Unknown. Daily hours, services, price, insurance, and accessibility fields were not supplied by this intake.",BPS-H80-021906,Health Center Service Delivery and Look-Alike Sites,2026-06-19,2026-06-19,needs_review,
hrsa-bps-h80-030806,Tupper Lake Family Health,community_health_center,7 Stetson Rd,Tupper Lake,NY,36,Franklin County,36033,12986-2090,44.21678052,-74.46239496,518-359-7222,,,,,,,,,,HRSA operating hours per week: 36.00,unknown,,,,,,,,,HRSA Health Center Service Delivery and Look-Alike Sites,https://data.hrsa.gov/DataDownload/DD_Files/Health_Center_Service_Delivery_and_LookAlike_Sites.csv,2026-06-19,"Fields copied from the official HRSA CSV: site name, address, city, state, postal code, phone, website, HRSA geocoding coordinates, county/FIPS, operating hours per week, site status, and location setting. Site status: Active. Location setting: All Other Clinic Types. Operational schedule: Unknown. Daily hours, services, price, insurance, and accessibility fields were not supplied by this intake.",BPS-H80-030806,Health Center Service Delivery and Look-Alike Sites,2026-06-19,2026-06-19,needs_review,
hrsa-bps-h80-034375,PS/MS 43 - PS 256 at 43,community_health_center,160 Beach 29th St,Far Rockaway,NY,36,Queens County,36081,11691-2029,40.59368515,-73.76167288,718-387-5860,,,,,,,,,,HRSA operating hours per week: 48.00,unknown,,,,,,,,,HRSA Health Center Service Delivery and Look-Alike Sites,https://data.hrsa.gov/DataDownload/DD_Files/Health_Center_Service_Delivery_and_LookAlike_Sites.csv,2026-06-19,"Fields copied from the official HRSA CSV: site name, address, city, state, postal code, phone, website, HRSA geocoding coordinates, county/FIPS, operating hours per week, site status, and location setting. Site status: Active. Location setting: School. Operational schedule: Unknown. Daily hours, services, price, insurance, and accessibility fields were not supplied by this intake.",BPS-H80-034375,Health Center Service Delivery and Look-Alike Sites,2026-06-19,2026-06-19,needs_review,
hrsa-bps-h80-014783,The Grace Dodge Campus,community_health_center,2474 Crotona Ave,Bronx,NY,36,Bronx County,36005,10458-6402,40.85530627,-73.88270446,718-483-1270 x2543,,,,,,,,,,HRSA operating hours per week: 40.00,unknown,,,,,,,,,HRSA Health Center Service Delivery and Look-Alike Sites,https://data.hrsa.gov/DataDownload/DD_Files/Health_Center_Service_Delivery_and_LookAlike_Sites.csv,2026-06-19,"Fields copied from the official HRSA CSV: site name, address, city, state, postal code, phone, website, HRSA geocoding coordinates, county/FIPS, operating hours per week, site status, and location setting. Site status: Active. Location setting: School. Operational schedule: Unknown. Daily hours, services, price, insurance, and accessibility fields were not supplied by this intake.",BPS-H80-014783,Health Center Service Delivery and Look-Alike Sites,2026-06-19,2026-06-19,needs_review,
hrsa-bps-h80-011027,Sun River Health Spring Valley,community_health_center,2 Perlman Dr,Spring Valley,NY,36,Rockland County,36087,10977-5245,41.10511196,-74.03213686,845-573-9860,,,,,,,,,,HRSA operating hours per week: 45.00,unknown,,,,,,,,,HRSA Health Center Service Delivery and Look-Alike Sites,https://data.hrsa.gov/DataDownload/DD_Files/Health_Center_Service_Delivery_and_LookAlike_Sites.csv,2026-06-19,"Fields copied from the official HRSA CSV: site name, address, city, state, postal code, phone, website, HRSA geocoding coordinates, county/FIPS, operating hours per week, site status, and location setting. Site status: Active. Location setting: All Other Clinic Types. Operational schedule: Full-Time. Daily hours, services, price, insurance, and accessibility fields were not supplied by this intake.",BPS-H80-011027,Health Center Service Delivery and Look-Alike Sites,2026-06-19,2026-06-19,needs_review,
hrsa-bps-h80-038036,SHERO Providence House 2,community_health_center,701 Lexington Ave,Brooklyn,NY,36,Kings County,36047,11221-2206,40.68991770,-73.93290125,718-369-9140,,,,,,,,,,HRSA operating hours per week: 8.00,unknown,,,,,,,,,HRSA Health Center Service Delivery and Look-Alike Sites,https://data.hrsa.gov/DataDownload/DD_Files/Health_Center_Service_Delivery_and_LookAlike_Sites.csv,2026-06-19,"Fields copied from the official HRSA CSV: site name, address, city, state, postal code, phone, website, HRSA geocoding coordinates, county/FIPS, operating hours per week, site status, and location setting. Site status: Active. Location setting: All Other Clinic Types. Operational schedule: Unknown. Daily hours, services, price, insurance, and accessibility fields were not supplied by this intake.",BPS-H80-038036,Health Center Service Delivery and Look-Alike Sites,2026-06-19,2026-06-19,needs_review,
hrsa-bps-h80-005205,Community Health Center of the North Country,community_health_center,4 Commerce Ln,Canton,NY,36,St. Lawrence County,36089,13617-9674,44.58990572,-75.17814378,315-386-8191,www.chcnorthcountry.org,,,,,,,,,HRSA operating hours per week: 54.00,unknown,,,,,,,,,HRSA Health Center Service Delivery and Look-Alike Sites,https://data.hrsa.gov/DataDownload/DD_Files/Health_Center_Service_Delivery_and_LookAlike_Sites.csv,2026-06-19,"Fields copied from the official HRSA CSV: site name, address, city, state, postal code, phone, website, HRSA geocoding coordinates, county/FIPS, operating hours per week, site status, and location setting. Site status: Active. Location setting: All Other Clinic Types. Operational schedule: Full-Time. Daily hours, services, price, insurance, and accessibility fields were not supplied by this intake.",BPS-H80-005205,Health Center Service Delivery and Look-Alike Sites,2026-06-19,2026-06-19,needs_review,
hrsa-bps-h80-036253,Sun River Health New Rochelle,community_health_center,14 Lawton St # 1,New Rochelle,NY,36,Westchester County,36119,10801-6349,40.90948395,-73.78179842,844-400-1975,,,,,,,,,,HRSA operating hours per week: 27.00,unknown,,,,,,,,,HRSA Health Center Service Delivery and Look-Alike Sites,https://data.hrsa.gov/DataDownload/DD_Files/Health_Center_Service_Delivery_and_LookAlike_Sites.csv,2026-06-19,"Fields copied from the official HRSA CSV: site name, address, city, state, postal code, phone, website, HRSA geocoding coordinates, county/FIPS, operating hours per week, site status, and location setting. Site status: Active. Location setting: All Other Clinic Types. Operational schedule: Unknown. Daily hours, services, price, insurance, and accessibility fields were not supplied by this intake.",BPS-H80-036253,Health Center Service Delivery and Look-Alike Sites,2026-06-19,2026-06-19,needs_review,
hrsa-bps-h80-027987,P.S. 194 - Raoul Wallenberg,community_health_center,3117 Avenue W,Brooklyn,NY,36,Kings County,36047,11229-5918,40.59715811,-73.93401713,718-648-8804,https://nyulangone.org/locations/family-health-centers-at-nyu-langone/school-health-program-family-health-centers-at-nyu-langone,,,,,,,,,HRSA operating hours per week: 48.00,unknown,,,,,,,,,HRSA Health Center Service Delivery and Look-Alike Sites,https://data.hrsa.gov/DataDownload/DD_Files/Health_Center_Service_Delivery_and_LookAlike_Sites.csv,2026-06-19,"Fields copied from the official HRSA CSV: site name, address, city, state, postal code, phone, website, HRSA geocoding coordinates, county/FIPS, operating hours per week, site status, and location setting. Site status: Active. Location setting: School. Operational schedule: Unknown. Daily hours, services, price, insurance, and accessibility fields were not supplied by this intake.",BPS-H80-027987,Health Center Service Delivery and Look-Alike Sites,2026-06-19,2026-06-19,needs_review,
hrsa-bps-h80-012421,Open Door Family Medical Center @ Brewster,community_health_center,155 Main St,Brewster,NY,36,Putnam County,36079,10509-1521,41.39556733,-73.60971845,845-279-6999,,,,,,,,,,HRSA operating hours per week: 54.00,unknown,,,,,,,,,HRSA Health Center Service Delivery and Look-Alike Sites,https://data.hrsa.gov/DataDownload/DD_Files/Health_Center_Service_Delivery_and_LookAlike_Sites.csv,2026-06-19,"Fields copied from the official HRSA CSV: site name, address, city, state, postal code, phone, website, HRSA geocoding coordinates, county/FIPS, operating hours per week, site status, and location setting. Site status: Active. Location setting: All Other Clinic Types. Operational schedule: Full-Time. Daily hours, services, price, insurance, and accessibility fields were not supplied by this intake.",BPS-H80-012421,Health Center Service Delivery and Look-Alike Sites,2026-06-19,2026-06-19,needs_review,
hrsa-bps-h80-040995,LISH at Port Jefferson Station,community_health_center,509 State Rte 112,Port Jefferson Station,NY,36,Suffolk County,36103,11776-1006,40.93033042,-73.05175670,631-474-5100,,,,,,,,,,HRSA operating hours per week: 40.00,unknown,,,,,,,,,HRSA Health Center Service Delivery and Look-Alike Sites,https://data.hrsa.gov/DataDownload/DD_Files/Health_Center_Service_Delivery_and_LookAlike_Sites.csv,2026-06-19,"Fields copied from the official HRSA CSV: site name, address, city, state, postal code, phone, website, HRSA geocoding coordinates, county/FIPS, operating hours per week, site status, and location setting. Site status: Active. Location setting: All Other Clinic Types. Operational schedule: Unknown. Daily hours, services, price, insurance, and accessibility fields were not supplied by this intake.",BPS-H80-040995,Health Center Service Delivery and Look-Alike Sites,2026-06-19,2026-06-19,needs_review,
hrsa-bps-h80-012315,Harmony Healthcare Long Island at Freeport,community_health_center,101 S Bergen Pl,Freeport,NY,36,Nassau County,36059,11520-3528,40.65394605,-73.58743658,516-623-3600,www.harmonyhealthcareli.org,,,,,,,,,HRSA operating hours per week: 62.00,unknown,,,,,,,,,HRSA Health Center Service Delivery and Look-Alike Sites,https://data.hrsa.gov/DataDownload/DD_Files/Health_Center_Service_Delivery_and_LookAlike_Sites.csv,2026-06-19,"Fields copied from the official HRSA CSV: site name, address, city, state, postal code, phone, website, HRSA geocoding coordinates, county/FIPS, operating hours per week, site status, and location setting. Site status: Active. Location setting: All Other Clinic Types. Operational schedule: Full-Time. Daily hours, services, price, insurance, and accessibility fields were not supplied by this intake.",BPS-H80-012315,Health Center Service Delivery and Look-Alike Sites,2026-06-19,2026-06-19,needs_review,
hrsa-bps-h80-038936,TCC South Dayton Pharmacy,community_health_center,303 Pine St,South Dayton,NY,36,Cattaraugus County,36009,14138-9776,42.36153263,-79.05167805,716-988-3410,,,,,,,,,,HRSA operating hours per week: 50.00,unknown,,,,,,,,,HRSA Health Center Service Delivery and Look-Alike Sites,https://data.hrsa.gov/DataDownload/DD_Files/Health_Center_Service_Delivery_and_LookAlike_Sites.csv,2026-06-19,"Fields copied from the official HRSA CSV: site name, address, city, state, postal code, phone, website, HRSA geocoding coordinates, county/FIPS, operating hours per week, site status, and location setting. Site status: Active. Location setting: All Other Clinic Types. Operational schedule: Unknown. Daily hours, services, price, insurance, and accessibility fields were not supplied by this intake.",BPS-H80-038936,Health Center Service Delivery and Look-Alike Sites,2026-06-19,2026-06-19,needs_review,
hrsa-bps-h80-005401,SCHOOL BASED HLTH CTR - MS 399,community_health_center,120 E 184th St,Bronx,NY,36,Bronx County,36005,10468-6603,40.85962320,-73.90043412,718-584-7070,www.mhhc.org,,,,,,,,,HRSA operating hours per week: 40.00,unknown,,,,,,,,,HRSA Health Center Service Delivery and Look-Alike Sites,https://data.hrsa.gov/DataDownload/DD_Files/Health_Center_Service_Delivery_and_LookAlike_Sites.csv,2026-06-19,"Fields copied from the official HRSA CSV: site name, address, city, state, postal code, phone, website, HRSA geocoding coordinates, county/FIPS, operating hours per week, site status, and location setting. Site status: Active. Location setting: School. Operational schedule: Full-Time. Daily hours, services, price, insurance, and accessibility fields were not supplied by this intake.",BPS-H80-005401,Health Center Service Delivery and Look-Alike Sites,2026-06-19,2026-06-19,needs_review,
hrsa-bps-h80-005407,SBHC - DERUYTER CENTRAL SCHOOL,community_health_center,711 Railroad St,De Ruyter,NY,36,Madison County,36053,13052-9736,42.75767072,-75.89095071,607-344-0052,www.familyhealthnetwork.org,,,,,,,,,HRSA operating hours per week: 28.00,unknown,,,,,,,,,HRSA Health Center Service Delivery and Look-Alike Sites,https://data.hrsa.gov/DataDownload/DD_Files/Health_Center_Service_Delivery_and_LookAlike_Sites.csv,2026-06-19,"Fields copied from the official HRSA CSV: site name, address, city, state, postal code, phone, website, HRSA geocoding coordinates, county/FIPS, operating hours per week, site status, and location setting. Site status: Active. Location setting: School. Operational schedule: Full-Time. Daily hours, services, price, insurance, and accessibility fields were not supplied by this intake.",BPS-H80-005407,Health Center Service Delivery and Look-Alike Sites,2026-06-19,2026-06-19,needs_review,
hrsa-bps-h80-022081,PS 002,community_health_center,122 Henry St,New York,NY,36,New York County,36061,10002-7125,40.71317496,-73.99135136,212-964-0350,,,,,,,,,,HRSA operating hours per week: 48.00,unknown,,,,,,,,,HRSA Health Center Service Delivery and Look-Alike Sites,https://data.hrsa.gov/DataDownload/DD_Files/Health_Center_Service_Delivery_and_LookAlike_Sites.csv,2026-06-19,"Fields copied from the official HRSA CSV: site name, address, city, state, postal code, phone, website, HRSA geocoding coordinates, county/FIPS, operating hours per week, site status, and location setting. Site status: Active. Location setting: School. Operational schedule: Unknown. Daily hours, services, price, insurance, and accessibility fields were not supplied by this intake.",BPS-H80-022081,Health Center Service Delivery and Look-Alike Sites,2026-06-19,2026-06-19,needs_review,
hrsa-bps-h80-009983,PS 90 School-Based Health Center,community_health_center,2840 W 12th St,Brooklyn,NY,36,Kings County,36047,11224-2905,40.57814531,-73.97983622,718-266-8090,,,,,,,,,,HRSA operating hours per week: 40.00,unknown,,,,,,,,,HRSA Health Center Service Delivery and Look-Alike Sites,https://data.hrsa.gov/DataDownload/DD_Files/Health_Center_Service_Delivery_and_LookAlike_Sites.csv,2026-06-19,"Fields copied from the official HRSA CSV: site name, address, city, state, postal code, phone, website, HRSA geocoding coordinates, county/FIPS, operating hours per week, site status, and location setting. Site status: Active. Location setting: School. Operational schedule: Full-Time. Daily hours, services, price, insurance, and accessibility fields were not supplied by this intake.",BPS-H80-009983,Health Center Service Delivery and Look-Alike Sites,2026-06-19,2026-06-19,needs_review,
hrsa-bps-h80-030053,Oak Orchard Community Health Center - Batavia,community_health_center,319 W Main St,Batavia,NY,36,Genesee County,36037,14020-1347,43.00238135,-78.19788969,585-599-6446,,,,,,,,,,HRSA operating hours per week: 51.00,unknown,,,,,,,,,HRSA Health Center Service Delivery and Look-Alike Sites,https://data.hrsa.gov/DataDownload/DD_Files/Health_Center_Service_Delivery_and_LookAlike_Sites.csv,2026-06-19,"Fields copied from the official HRSA CSV: site name, address, city, state, postal code, phone, website, HRSA geocoding coordinates, county/FIPS, operating hours per week, site status, and location setting. Site status: Active. Location setting: All Other Clinic Types. Operational schedule: Unknown. Daily hours, services, price, insurance, and accessibility fields were not supplied by this intake.",BPS-H80-030053,Health Center Service Delivery and Look-Alike Sites,2026-06-19,2026-06-19,needs_review,
hrsa-bps-h80-037283,PS 14 - The Fairview School,community_health_center,10701 Otis Ave RM 209,Corona,NY,36,Queens County,36081,11368-3915,40.74087309,-73.85417950,718-699-6071,,,,,,,,,,HRSA operating hours per week: 48.00,unknown,,,,,,,,,HRSA Health Center Service Delivery and Look-Alike Sites,https://data.hrsa.gov/DataDownload/DD_Files/Health_Center_Service_Delivery_and_LookAlike_Sites.csv,2026-06-19,"Fields copied from the official HRSA CSV: site name, address, city, state, postal code, phone, website, HRSA geocoding coordinates, county/FIPS, operating hours per week, site status, and location setting. Site status: Active. Location setting: School. Operational schedule: Unknown. Daily hours, services, price, insurance, and accessibility fields were not supplied by this intake.",BPS-H80-037283,Health Center Service Delivery and Look-Alike Sites,2026-06-19,2026-06-19,needs_review,
hrsa-bps-h80-038176,Ryan Health | Midtown Emotional Wellness Center,community_health_center,64 W 35th St,New York,NY,36,New York County,36061,10001-2201,40.75009855,-73.98666621,212-749-1820,,,,,,,,,,HRSA operating hours per week: 40.00,unknown,,,,,,,,,HRSA Health Center Service Delivery and Look-Alike Sites,https://data.hrsa.gov/DataDownload/DD_Files/Health_Center_Service_Delivery_and_LookAlike_Sites.csv,2026-06-19,"Fields copied from the official HRSA CSV: site name, address, city, state, postal code, phone, website, HRSA geocoding coordinates, county/FIPS, operating hours per week, site status, and location setting. Site status: Active. Location setting: All Other Clinic Types. Operational schedule: Unknown. Daily hours, services, price, insurance, and accessibility fields were not supplied by this intake.",BPS-H80-038176,Health Center Service Delivery and Look-Alike Sites,2026-06-19,2026-06-19,needs_review,
hrsa-bps-lal-036706,BP Dental Center for Kids,community_health_center,5309 18th Ave,Brooklyn,NY,36,Kings County,36047,11204-1523,40.62564090,-73.98326132,718-246-5700,,,,,,,,,,HRSA operating hours per week: 40.00,unknown,,,,,,,,,HRSA Health Center Service Delivery and Look-Alike Sites,https://data.hrsa.gov/DataDownload/DD_Files/Health_Center_Service_Delivery_and_LookAlike_Sites.csv,2026-06-19,"Fields copied from the official HRSA CSV: site name, address, city, state, postal code, phone, website, HRSA geocoding coordinates, county/FIPS, operating hours per week, site status, and location setting. Site status: Active. Location setting: All Other Clinic Types. Operational schedule: Unknown. Daily hours, services, price, insurance, and accessibility fields were not supplied by this intake.",BPS-LAL-036706,Health Center Service Delivery and Look-Alike Sites,2026-06-19,2026-06-19,needs_review,
hrsa-bps-h80-005427,PS 1 School-Based Health Center,community_health_center,309 47th St,Brooklyn,NY,36,Kings County,36047,11220-1196,40.64909892,-74.01183422,718-492-2234,www.lmcmc.com,,,,,,,,,HRSA operating hours per week: 40.00,unknown,,,,,,,,,HRSA Health Center Service Delivery and Look-Alike Sites,https://data.hrsa.gov/DataDownload/DD_Files/Health_Center_Service_Delivery_and_LookAlike_Sites.csv,2026-06-19,"Fields copied from the official HRSA CSV: site name, address, city, state, postal code, phone, website, HRSA geocoding coordinates, county/FIPS, operating hours per week, site status, and location setting. Site status: Active. Location setting: School. Operational schedule: Full-Time. Daily hours, services, price, insurance, and accessibility fields were not supplied by this intake.",BPS-H80-005427,Health Center Service Delivery and Look-Alike Sites,2026-06-19,2026-06-19,needs_review,
hrsa-bps-h80-018483,LISH at Smithtown,community_health_center,75 Landing Meadow Rd,Smithtown,NY,36,Suffolk County,36103,11787-1124,40.87366770,-73.20229031,631-360-4701,,,,,,,,,,HRSA operating hours per week: 40.00,unknown,,,,,,,,,HRSA Health Center Service Delivery and Look-Alike Sites,https://data.hrsa.gov/DataDownload/DD_Files/Health_Center_Service_Delivery_and_LookAlike_Sites.csv,2026-06-19,"Fields copied from the official HRSA CSV: site name, address, city, state, postal code, phone, website, HRSA geocoding coordinates, county/FIPS, operating hours per week, site status, and location setting. Site status: Active. Location setting: All Other Clinic Types. Operational schedule: Unknown. Daily hours, services, price, insurance, and accessibility fields were not supplied by this intake.",BPS-H80-018483,Health Center Service Delivery and Look-Alike Sites,2026-06-19,2026-06-19,needs_review,
hrsa-bps-h80-024413,Segundo Ruiz Belvis Diagnostic and Treatment Center,community_health_center,545 E 142nd St,Bronx,NY,36,Bronx County,36005,10454-2199,40.80987032,-73.91580552,718-579-4000,,,,,,,,,,HRSA operating hours per week: 53.00,unknown,,,,,,,,,HRSA Health Center Service Delivery and Look-Alike Sites,https://data.hrsa.gov/DataDownload/DD_Files/Health_Center_Service_Delivery_and_LookAlike_Sites.csv,2026-06-19,"Fields copied from the official HRSA CSV: site name, address, city, state, postal code, phone, website, HRSA geocoding coordinates, county/FIPS, operating hours per week, site status, and location setting. Site status: Active. Location setting: All Other Clinic Types. Operational schedule: Unknown. Daily hours, services, price, insurance, and accessibility fields were not supplied by this intake.",BPS-H80-024413,Health Center Service Delivery and Look-Alike Sites,2026-06-19,2026-06-19,needs_review,
hrsa-bps-h80-005534,BronxCare Health Integrated Services System Inc.,community_health_center,"1650 Selwyn Ave, Apartment 11 H",Bronx,NY,36,Bronx County,36005,10457-7663,40.84362378,-73.91025628,718-466-8163,N/A,,,,,,,,,HRSA operating hours per week: 40.00,unknown,,,,,,,,,HRSA Health Center Service Delivery and Look-Alike Sites,https://data.hrsa.gov/DataDownload/DD_Files/Health_Center_Service_Delivery_and_LookAlike_Sites.csv,2026-06-19,"Fields copied from the official HRSA CSV: site name, address, city, state, postal code, phone, website, HRSA geocoding coordinates, county/FIPS, operating hours per week, site status, and location setting. Site status: Active. Location setting: All Other Clinic Types. Operational schedule: Full-Time. Daily hours, services, price, insurance, and accessibility fields were not supplied by this intake.",BPS-H80-005534,Health Center Service Delivery and Look-Alike Sites,2026-06-19,2026-06-19,needs_review,
hrsa-bps-h80-013534,Sun River Health Hudson,community_health_center,750 Union St,Hudson,NY,36,Columbia County,36021,12534-3002,42.24558178,-73.78254491,518-751-3060,,,,,,,,,,HRSA operating hours per week: 40.00,unknown,,,,,,,,,HRSA Health Center Service Delivery and Look-Alike Sites,https://data.hrsa.gov/DataDownload/DD_Files/Health_Center_Service_Delivery_and_LookAlike_Sites.csv,2026-06-19,"Fields copied from the official HRSA CSV: site name, address, city, state, postal code, phone, website, HRSA geocoding coordinates, county/FIPS, operating hours per week, site status, and location setting. Site status: Active. Location setting: All Other Clinic Types. Operational schedule: Full-Time. Daily hours, services, price, insurance, and accessibility fields were not supplied by this intake.",BPS-H80-013534,Health Center Service Delivery and Look-Alike Sites,2026-06-19,2026-06-19,needs_review,
hrsa-bps-h80-005537,HELEN B. ATKINSON CENTER,community_health_center,81 W 115th St,New York,NY,36,New York County,36061,10026-3138,40.80127534,-73.94946473,212-426-0088,www.chnnyc.org,,,,,,,,,HRSA operating hours per week: 49.00,unknown,,,,,,,,,HRSA Health Center Service Delivery and Look-Alike Sites,https://data.hrsa.gov/DataDownload/DD_Files/Health_Center_Service_Delivery_and_LookAlike_Sites.csv,2026-06-19,"Fields copied from the official HRSA CSV: site name, address, city, state, postal code, phone, website, HRSA geocoding coordinates, county/FIPS, operating hours per week, site status, and location setting. Site status: Active. Location setting: All Other Clinic Types. Operational schedule: Full-Time. Daily hours, services, price, insurance, and accessibility fields were not supplied by this intake.",BPS-H80-005537,Health Center Service Delivery and Look-Alike Sites,2026-06-19,2026-06-19,needs_review,
hrsa-bps-lal-037004,"Liberty Resources, Inc. - Syracuse",community_health_center,1045 James St,Syracuse,NY,36,Onondaga County,36067,13203-2730,43.06052561,-76.13290390,315-425-1004,https://www.liberty-resources.org/,,,,,,,,,HRSA operating hours per week: 56.00,unknown,,,,,,,,,HRSA Health Center Service Delivery and Look-Alike Sites,https://data.hrsa.gov/DataDownload/DD_Files/Health_Center_Service_Delivery_and_LookAlike_Sites.csv,2026-06-19,"Fields copied from the official HRSA CSV: site name, address, city, state, postal code, phone, website, HRSA geocoding coordinates, county/FIPS, operating hours per week, site status, and location setting. Site status: Active. Location setting: All Other Clinic Types. Operational schedule: Unknown. Daily hours, services, price, insurance, and accessibility fields were not supplied by this intake.",BPS-LAL-037004,Health Center Service Delivery and Look-Alike Sites,2026-06-19,2026-06-19,needs_review,
hrsa-bps-h80-011902,Fire House Health Center,community_health_center,89-56 162nd St,Jamaica,NY,36,Queens County,36081,11432,40.70510948,-73.79830515,347-505-7000,,,,,,,,,,HRSA operating hours per week: 50.00,unknown,,,,,,,,,HRSA Health Center Service Delivery and Look-Alike Sites,https://data.hrsa.gov/DataDownload/DD_Files/Health_Center_Service_Delivery_and_LookAlike_Sites.csv,2026-06-19,"Fields copied from the official HRSA CSV: site name, address, city, state, postal code, phone, website, HRSA geocoding coordinates, county/FIPS, operating hours per week, site status, and location setting. Site status: Active. Location setting: All Other Clinic Types. Operational schedule: Full-Time. Daily hours, services, price, insurance, and accessibility fields were not supplied by this intake.",BPS-H80-011902,Health Center Service Delivery and Look-Alike Sites,2026-06-19,2026-06-19,needs_review,
hrsa-bps-lal-033542,TCFM Canaseraga,community_health_center,12 N Church St,Canaseraga,NY,36,Allegany County,36003,14822-9721,42.46205332,-77.77669176,607-545-2101,www.tcfmedicine.org,,,,,,,,,HRSA operating hours per week: 30.50,unknown,,,,,,,,,HRSA Health Center Service Delivery and Look-Alike Sites,https://data.hrsa.gov/DataDownload/DD_Files/Health_Center_Service_Delivery_and_LookAlike_Sites.csv,2026-06-19,"Fields copied from the official HRSA CSV: site name, address, city, state, postal code, phone, website, HRSA geocoding coordinates, county/FIPS, operating hours per week, site status, and location setting. Site status: Active. Location setting: All Other Clinic Types. Operational schedule: Unknown. Daily hours, services, price, insurance, and accessibility fields were not supplied by this intake.",BPS-LAL-033542,Health Center Service Delivery and Look-Alike Sites,2026-06-19,2026-06-19,needs_review,
hrsa-bps-h80-012038,Magnolia House,community_health_center,1424 Herkimer St,Brooklyn,NY,36,Kings County,36047,11233-3337,40.67707243,-73.90632282,718-437-5201,,,,,,,,,,HRSA operating hours per week: 40.00,unknown,,,,,,,,,HRSA Health Center Service Delivery and Look-Alike Sites,https://data.hrsa.gov/DataDownload/DD_Files/Health_Center_Service_Delivery_and_LookAlike_Sites.csv,2026-06-19,"Fields copied from the official HRSA CSV: site name, address, city, state, postal code, phone, website, HRSA geocoding coordinates, county/FIPS, operating hours per week, site status, and location setting. Site status: Active. Location setting: All Other Clinic Types. Operational schedule: Full-Time. Daily hours, services, price, insurance, and accessibility fields were not supplied by this intake.",BPS-H80-012038,Health Center Service Delivery and Look-Alike Sites,2026-06-19,2026-06-19,needs_review,
hrsa-bps-h80-038024,Sun River Health Brooklyn Bedford Ave,community_health_center,2351 Bedford Ave,Brooklyn,NY,36,Kings County,36047,11226-5403,40.64640049,-73.95534774,844-400-1975,www.sunriver.org,,,,,,,,,HRSA operating hours per week: 40.00,unknown,,,,,,,,,HRSA Health Center Service Delivery and Look-Alike Sites,https://data.hrsa.gov/DataDownload/DD_Files/Health_Center_Service_Delivery_and_LookAlike_Sites.csv,2026-06-19,"Fields copied from the official HRSA CSV: site name, address, city, state, postal code, phone, website, HRSA geocoding coordinates, county/FIPS, operating hours per week, site status, and location setting. Site status: Active. Location setting: All Other Clinic Types. Operational schedule: Unknown. Daily hours, services, price, insurance, and accessibility fields were not supplied by this intake.",BPS-H80-038024,Health Center Service Delivery and Look-Alike Sites,2026-06-19,2026-06-19,needs_review,
hrsa-bps-h80-017157,Health Connections at Walton Avenue,community_health_center,2306 Walton Ave,Bronx,NY,36,Bronx County,36005,10468-7102,40.85865702,-73.90258583,718-483-1270,,,,,,,,,,,unknown,,,,,,,,,HRSA Health Center Service Delivery and Look-Alike Sites,https://data.hrsa.gov/DataDownload/DD_Files/Health_Center_Service_Delivery_and_LookAlike_Sites.csv,2026-06-19,"Fields copied from the official HRSA CSV: site name, address, city, state, postal code, phone, website, HRSA geocoding coordinates, county/FIPS, operating hours per week, site status, and location setting. Site status: Active. Location setting: Unknown. Operational schedule: Unknown. Daily hours, services, price, insurance, and accessibility fields were not supplied by this intake.",BPS-H80-017157,Health Center Service Delivery and Look-Alike Sites,2026-06-19,2026-06-19,needs_review,
hrsa-bps-h80-039910,Sun River Health Inwood Health Center,community_health_center,1545 Inwood Ave,Bronx,NY,36,Bronx County,36005,10452-2001,40.84409120,-73.91651798,855-681-8700,www.sunriver.org,,,,,,,,,HRSA operating hours per week: 60.00,unknown,,,,,,,,,HRSA Health Center Service Delivery and Look-Alike Sites,https://data.hrsa.gov/DataDownload/DD_Files/Health_Center_Service_Delivery_and_LookAlike_Sites.csv,2026-06-19,"Fields copied from the official HRSA CSV: site name, address, city, state, postal code, phone, website, HRSA geocoding coordinates, county/FIPS, operating hours per week, site status, and location setting. Site status: Active. Location setting: All Other Clinic Types. Operational schedule: Unknown. Daily hours, services, price, insurance, and accessibility fields were not supplied by this intake.",BPS-H80-039910,Health Center Service Delivery and Look-Alike Sites,2026-06-19,2026-06-19,needs_review,
hrsa-bps-h80-014870,P. S. 38,community_health_center,232 E 103rd St,New York,NY,36,New York County,36061,10029-5497,40.78890713,-73.94460155,212-860-5882,,,,,,,,,,HRSA operating hours per week: 48.00,unknown,,,,,,,,,HRSA Health Center Service Delivery and Look-Alike Sites,https://data.hrsa.gov/DataDownload/DD_Files/Health_Center_Service_Delivery_and_LookAlike_Sites.csv,2026-06-19,"Fields copied from the official HRSA CSV: site name, address, city, state, postal code, phone, website, HRSA geocoding coordinates, county/FIPS, operating hours per week, site status, and location setting. Site status: Active. Location setting: School. Operational schedule: Unknown. Daily hours, services, price, insurance, and accessibility fields were not supplied by this intake.",BPS-H80-014870,Health Center Service Delivery and Look-Alike Sites,2026-06-19,2026-06-19,needs_review,
hrsa-bps-h80-005722,Elderwood at Ticonderoga,community_health_center,1019 Wicker St,Ticonderoga,NY,36,Essex County,36031,12883-1039,43.84954977,-73.43730153,518-585-6771,www.hhhn.org,,,,,,,,,HRSA operating hours per week: 12.00,unknown,,,,,,,,,HRSA Health Center Service Delivery and Look-Alike Sites,https://data.hrsa.gov/DataDownload/DD_Files/Health_Center_Service_Delivery_and_LookAlike_Sites.csv,2026-06-19,"Fields copied from the official HRSA CSV: site name, address, city, state, postal code, phone, website, HRSA geocoding coordinates, county/FIPS, operating hours per week, site status, and location setting. Site status: Active. Location setting: Nursing Home. Operational schedule: Part-Time. Daily hours, services, price, insurance, and accessibility fields were not supplied by this intake.",BPS-H80-005722,Health Center Service Delivery and Look-Alike Sites,2026-06-19,2026-06-19,needs_review,
hrsa-bps-h80-035644,Oak Orchard Health Dental at Albion,community_health_center,362 S Main St,Albion,NY,36,Orleans County,36073,14411-1603,43.23452968,-78.19445084,585-637-3905,https://oakorchardhealth.org/,,,,,,,,,HRSA operating hours per week: 35.00,unknown,,,,,,,,,HRSA Health Center Service Delivery and Look-Alike Sites,https://data.hrsa.gov/DataDownload/DD_Files/Health_Center_Service_Delivery_and_LookAlike_Sites.csv,2026-06-19,"Fields copied from the official HRSA CSV: site name, address, city, state, postal code, phone, website, HRSA geocoding coordinates, county/FIPS, operating hours per week, site status, and location setting. Site status: Active. Location setting: All Other Clinic Types. Operational schedule: Unknown. Daily hours, services, price, insurance, and accessibility fields were not supplied by this intake.",BPS-H80-035644,Health Center Service Delivery and Look-Alike Sites,2026-06-19,2026-06-19,needs_review,
hrsa-bps-h80-035788,Temporary Site - BCCHC Hotel Sanctuary 1,community_health_center,300 Wild Ave,Staten Island,NY,36,Richmond County,36085,10314-4710,40.58708603,-74.19123553,917-348-6291,,,,,,,,,,HRSA operating hours per week: 40.00,unknown,,,,,,,,,HRSA Health Center Service Delivery and Look-Alike Sites,https://data.hrsa.gov/DataDownload/DD_Files/Health_Center_Service_Delivery_and_LookAlike_Sites.csv,2026-06-19,"Fields copied from the official HRSA CSV: site name, address, city, state, postal code, phone, website, HRSA geocoding coordinates, county/FIPS, operating hours per week, site status, and location setting. Site status: Active. Location setting: All Other Clinic Types. Operational schedule: Unknown. Daily hours, services, price, insurance, and accessibility fields were not supplied by this intake.",BPS-H80-035788,Health Center Service Delivery and Look-Alike Sites,2026-06-19,2026-06-19,needs_review,
hrsa-bps-h80-033104,Hudson Headwaters Administrative Offices,community_health_center,9 Carey Rd,Queensbury,NY,36,Warren County,36113,12804-7880,43.29577432,-73.69022135,518-761-0300,,,,,,,,,,HRSA operating hours per week: 40.00,unknown,,,,,,,,,HRSA Health Center Service Delivery and Look-Alike Sites,https://data.hrsa.gov/DataDownload/DD_Files/Health_Center_Service_Delivery_and_LookAlike_Sites.csv,2026-06-19,"Fields copied from the official HRSA CSV: site name, address, city, state, postal code, phone, website, HRSA geocoding coordinates, county/FIPS, operating hours per week, site status, and location setting. Site status: Active. Location setting: All Other Clinic Types. Operational schedule: Unknown. Daily hours, services, price, insurance, and accessibility fields were not supplied by this intake.",BPS-H80-033104,Health Center Service Delivery and Look-Alike Sites,2026-06-19,2026-06-19,needs_review,
hrsa-bps-h80-013997,PS/MS 279,community_health_center,2100 Walton Ave,Bronx,NY,36,Bronx County,36005,10453-3452,40.85477179,-73.90509755,718-483-1270,,,,,,,,,,HRSA operating hours per week: 40.00,unknown,,,,,,,,,HRSA Health Center Service Delivery and Look-Alike Sites,https://data.hrsa.gov/DataDownload/DD_Files/Health_Center_Service_Delivery_and_LookAlike_Sites.csv,2026-06-19,"Fields copied from the official HRSA CSV: site name, address, city, state, postal code, phone, website, HRSA geocoding coordinates, county/FIPS, operating hours per week, site status, and location setting. Site status: Active. Location setting: School. Operational schedule: Full-Time. Daily hours, services, price, insurance, and accessibility fields were not supplied by this intake.",BPS-H80-013997,Health Center Service Delivery and Look-Alike Sites,2026-06-19,2026-06-19,needs_review,
hrsa-bps-h80-035924,MS 174,community_health_center,456 White Plains Rd,Bronx,NY,36,Bronx County,36005,10473-2299,40.81470257,-73.85628546,718-860-8671,,,,,,,,,,HRSA operating hours per week: 40.00,unknown,,,,,,,,,HRSA Health Center Service Delivery and Look-Alike Sites,https://data.hrsa.gov/DataDownload/DD_Files/Health_Center_Service_Delivery_and_LookAlike_Sites.csv,2026-06-19,"Fields copied from the official HRSA CSV: site name, address, city, state, postal code, phone, website, HRSA geocoding coordinates, county/FIPS, operating hours per week, site status, and location setting. Site status: Active. Location setting: School. Operational schedule: Unknown. Daily hours, services, price, insurance, and accessibility fields were not supplied by this intake.",BPS-H80-035924,Health Center Service Delivery and Look-Alike Sites,2026-06-19,2026-06-19,needs_review,
hrsa-bps-h80-014871,ODA Monticello Primary Health Care Center,community_health_center,60 Jefferson St STE 1,Monticello,NY,36,Sullivan County,36105,12701-1131,41.65993473,-74.69577313,718-260-4600,https://odahealth.org/locations/monticello.html,,,,,,,,,HRSA operating hours per week: 50.00,unknown,,,,,,,,,HRSA Health Center Service Delivery and Look-Alike Sites,https://data.hrsa.gov/DataDownload/DD_Files/Health_Center_Service_Delivery_and_LookAlike_Sites.csv,2026-06-19,"Fields copied from the official HRSA CSV: site name, address, city, state, postal code, phone, website, HRSA geocoding coordinates, county/FIPS, operating hours per week, site status, and location setting. Site status: Active. Location setting: All Other Clinic Types. Operational schedule: Unknown. Daily hours, services, price, insurance, and accessibility fields were not supplied by this intake.",BPS-H80-014871,Health Center Service Delivery and Look-Alike Sites,2026-06-19,2026-06-19,needs_review,
hrsa-bps-h80-030500,House of Mercy,community_health_center,285 Ormond St,Rochester,NY,36,Monroe County,36055,14605-3024,43.16435027,-77.60558476,585-368-3720,n/a,,,,,,,,,HRSA operating hours per week: 8.50,unknown,,,,,,,,,HRSA Health Center Service Delivery and Look-Alike Sites,https://data.hrsa.gov/DataDownload/DD_Files/Health_Center_Service_Delivery_and_LookAlike_Sites.csv,2026-06-19,"Fields copied from the official HRSA CSV: site name, address, city, state, postal code, phone, website, HRSA geocoding coordinates, county/FIPS, operating hours per week, site status, and location setting. Site status: Active. Location setting: All Other Clinic Types. Operational schedule: Unknown. Daily hours, services, price, insurance, and accessibility fields were not supplied by this intake.",BPS-H80-030500,Health Center Service Delivery and Look-Alike Sites,2026-06-19,2026-06-19,needs_review,
hrsa-bps-h80-038431,SCH - 930 Main Campus,community_health_center,930 S Salina St,Syracuse,NY,36,Onondaga County,36067,13202-3530,43.03864955,-76.15043767,315-476-7921,https://syracusecommunityhealth.org/,,,,,,,,,HRSA operating hours per week: 64.00,unknown,,,,,,,,,HRSA Health Center Service Delivery and Look-Alike Sites,https://data.hrsa.gov/DataDownload/DD_Files/Health_Center_Service_Delivery_and_LookAlike_Sites.csv,2026-06-19,"Fields copied from the official HRSA CSV: site name, address, city, state, postal code, phone, website, HRSA geocoding coordinates, county/FIPS, operating hours per week, site status, and location setting. Site status: Active. Location setting: All Other Clinic Types. Operational schedule: Unknown. Daily hours, services, price, insurance, and accessibility fields were not supplied by this intake.",BPS-H80-038431,Health Center Service Delivery and Look-Alike Sites,2026-06-19,2026-06-19,needs_review,
hrsa-bps-h80-021476,Cornerstone Family Health Care at Port Jervis,community_health_center,140 Hammond St,Port Jervis,NY,36,Orange County,36071,12771-2607,41.36969478,-74.68506860,845-856-8450,www.cornerstonefamilyhealthcare.org,,,,,,,,,HRSA operating hours per week: 40.00,unknown,,,,,,,,,HRSA Health Center Service Delivery and Look-Alike Sites,https://data.hrsa.gov/DataDownload/DD_Files/Health_Center_Service_Delivery_and_LookAlike_Sites.csv,2026-06-19,"Fields copied from the official HRSA CSV: site name, address, city, state, postal code, phone, website, HRSA geocoding coordinates, county/FIPS, operating hours per week, site status, and location setting. Site status: Active. Location setting: All Other Clinic Types. Operational schedule: Unknown. Daily hours, services, price, insurance, and accessibility fields were not supplied by this intake.",BPS-H80-021476,Health Center Service Delivery and Look-Alike Sites,2026-06-19,2026-06-19,needs_review,
hrsa-bps-h80-010554,Mobile Medical Clinic 3,community_health_center,853 Longwood Ave,Bronx,NY,36,Bronx County,36005,10459-4036,40.81938822,-73.90103971,718-588-4460,,,,,,,,,,HRSA operating hours per week: 40.00,unknown,,,,,,,,,HRSA Health Center Service Delivery and Look-Alike Sites,https://data.hrsa.gov/DataDownload/DD_Files/Health_Center_Service_Delivery_and_LookAlike_Sites.csv,2026-06-19,"Fields copied from the official HRSA CSV: site name, address, city, state, postal code, phone, website, HRSA geocoding coordinates, county/FIPS, operating hours per week, site status, and location setting. Site status: Active. Location setting: All Other Clinic Types. Operational schedule: Full-Time. Daily hours, services, price, insurance, and accessibility fields were not supplied by this intake.",BPS-H80-010554,Health Center Service Delivery and Look-Alike Sites,2026-06-19,2026-06-19,needs_review,
hrsa-bps-h80-005841,Jackson Avenue Family Residence,community_health_center,691 E 138th St,Bronx,NY,36,Bronx County,36005,10454-3307,40.80529983,-73.91343378,718-993-8900 x51,,,,,,,,,,HRSA operating hours per week: 24.00,unknown,,,,,,,,,HRSA Health Center Service Delivery and Look-Alike Sites,https://data.hrsa.gov/DataDownload/DD_Files/Health_Center_Service_Delivery_and_LookAlike_Sites.csv,2026-06-19,"Fields copied from the official HRSA CSV: site name, address, city, state, postal code, phone, website, HRSA geocoding coordinates, county/FIPS, operating hours per week, site status, and location setting. Site status: Active. Location setting: All Other Clinic Types. Operational schedule: Part-Time. Daily hours, services, price, insurance, and accessibility fields were not supplied by this intake.",BPS-H80-005841,Health Center Service Delivery and Look-Alike Sites,2026-06-19,2026-06-19,needs_review,
hrsa-bps-h80-018776,P.S. 217 / Magnet School of International Arts and Letters,community_health_center,1100 Newkirk Ave,Brooklyn,NY,36,Kings County,36047,11230-1416,40.63381083,-73.96637614,718-434-6960,https://nyulangone.org/locations/family-health-centers-at-nyu-langone/school-health-program-family-health-centers-at-nyu-langone,,,,,,,,,HRSA operating hours per week: 25.00,unknown,,,,,,,,,HRSA Health Center Service Delivery and Look-Alike Sites,https://data.hrsa.gov/DataDownload/DD_Files/Health_Center_Service_Delivery_and_LookAlike_Sites.csv,2026-06-19,"Fields copied from the official HRSA CSV: site name, address, city, state, postal code, phone, website, HRSA geocoding coordinates, county/FIPS, operating hours per week, site status, and location setting. Site status: Active. Location setting: School. Operational schedule: Unknown. Daily hours, services, price, insurance, and accessibility fields were not supplied by this intake.",BPS-H80-018776,Health Center Service Delivery and Look-Alike Sites,2026-06-19,2026-06-19,needs_review,
hrsa-bps-h80-029707,Murry Bergtraum High School Campus School-based Health Center,community_health_center,411 Pearl St,New York,NY,36,New York County,36061,10038-1432,40.71162045,-74.00094931,646-907-0440,,,,,,,,,,HRSA operating hours per week: 35.00,unknown,,,,,,,,,HRSA Health Center Service Delivery and Look-Alike Sites,https://data.hrsa.gov/DataDownload/DD_Files/Health_Center_Service_Delivery_and_LookAlike_Sites.csv,2026-06-19,"Fields copied from the official HRSA CSV: site name, address, city, state, postal code, phone, website, HRSA geocoding coordinates, county/FIPS, operating hours per week, site status, and location setting. Site status: Active. Location setting: School. Operational schedule: Unknown. Daily hours, services, price, insurance, and accessibility fields were not supplied by this intake.",BPS-H80-029707,Health Center Service Delivery and Look-Alike Sites,2026-06-19,2026-06-19,needs_review,
hrsa-bps-lal-031685,Evergreen Health - Elmwood Ave.,community_health_center,206 S Elmwood Ave,Buffalo,NY,36,Erie County,36029,14201-2398,42.89095488,-78.87859133,716-847-2441,www.evergreenhs.org,,,,,,,,,HRSA operating hours per week: 47.00,unknown,,,,,,,,,HRSA Health Center Service Delivery and Look-Alike Sites,https://data.hrsa.gov/DataDownload/DD_Files/Health_Center_Service_Delivery_and_LookAlike_Sites.csv,2026-06-19,"Fields copied from the official HRSA CSV: site name, address, city, state, postal code, phone, website, HRSA geocoding coordinates, county/FIPS, operating hours per week, site status, and location setting. Site status: Active. Location setting: All Other Clinic Types. Operational schedule: Unknown. Daily hours, services, price, insurance, and accessibility fields were not supplied by this intake.",BPS-LAL-031685,Health Center Service Delivery and Look-Alike Sites,2026-06-19,2026-06-19,needs_review,
hrsa-bps-h80-000699,Bronx Health Collective @ 871 Prospect Ave,community_health_center,871 Prospect Ave,Bronx,NY,36,Bronx County,36005,10459-3913,40.82066202,-73.90142603,718-991-0605,,,,,,,,,,HRSA operating hours per week: 56.00,unknown,,,,,,,,,HRSA Health Center Service Delivery and Look-Alike Sites,https://data.hrsa.gov/DataDownload/DD_Files/Health_Center_Service_Delivery_and_LookAlike_Sites.csv,2026-06-19,"Fields copied from the official HRSA CSV: site name, address, city, state, postal code, phone, website, HRSA geocoding coordinates, county/FIPS, operating hours per week, site status, and location setting. Site status: Active. Location setting: All Other Clinic Types. Operational schedule: Full-Time. Daily hours, services, price, insurance, and accessibility fields were not supplied by this intake.",BPS-H80-000699,Health Center Service Delivery and Look-Alike Sites,2026-06-19,2026-06-19,needs_review,
hrsa-bps-h80-036385,The Chautauqua Center - Forestville,community_health_center,10988 Bennett State Rd,Forestville,NY,36,Chautauqua County,36013,14062-9714,42.47855444,-79.16835708,716-363-6050,,,,,,,,,,HRSA operating hours per week: 40.00,unknown,,,,,,,,,HRSA Health Center Service Delivery and Look-Alike Sites,https://data.hrsa.gov/DataDownload/DD_Files/Health_Center_Service_Delivery_and_LookAlike_Sites.csv,2026-06-19,"Fields copied from the official HRSA CSV: site name, address, city, state, postal code, phone, website, HRSA geocoding coordinates, county/FIPS, operating hours per week, site status, and location setting. Site status: Active. Location setting: All Other Clinic Types. Operational schedule: Unknown. Daily hours, services, price, insurance, and accessibility fields were not supplied by this intake.",BPS-H80-036385,Health Center Service Delivery and Look-Alike Sites,2026-06-19,2026-06-19,needs_review,
hrsa-bps-h80-024765,PS/IS 157,community_health_center,850 Kent Ave,Brooklyn,NY,36,Kings County,36047,11205-2702,40.69528387,-73.95966089,718-622-9285,https://nyulangone.org/locations/family-health-centers-at-nyu-langone/school-health-program-family-health-centers-at-nyu-langone,,,,,,,,,HRSA operating hours per week: 48.00,unknown,,,,,,,,,HRSA Health Center Service Delivery and Look-Alike Sites,https://data.hrsa.gov/DataDownload/DD_Files/Health_Center_Service_Delivery_and_LookAlike_Sites.csv,2026-06-19,"Fields copied from the official HRSA CSV: site name, address, city, state, postal code, phone, website, HRSA geocoding coordinates, county/FIPS, operating hours per week, site status, and location setting. Site status: Active. Location setting: School. Operational schedule: Unknown. Daily hours, services, price, insurance, and accessibility fields were not supplied by this intake.",BPS-H80-024765,Health Center Service Delivery and Look-Alike Sites,2026-06-19,2026-06-19,needs_review,
hrsa-bps-h80-017513,Rhinebeck Health Center,community_health_center,216 Fox Hollow Rd,Rhinebeck,NY,36,Dutchess County,36027,12572-3641,41.88749829,-73.92394846,845-876-5400,,,,,,,,,,HRSA operating hours per week: 40.00,unknown,,,,,,,,,HRSA Health Center Service Delivery and Look-Alike Sites,https://data.hrsa.gov/DataDownload/DD_Files/Health_Center_Service_Delivery_and_LookAlike_Sites.csv,2026-06-19,"Fields copied from the official HRSA CSV: site name, address, city, state, postal code, phone, website, HRSA geocoding coordinates, county/FIPS, operating hours per week, site status, and location setting. Site status: Active. Location setting: All Other Clinic Types. Operational schedule: Unknown. Daily hours, services, price, insurance, and accessibility fields were not supplied by this intake.",BPS-H80-017513,Health Center Service Delivery and Look-Alike Sites,2026-06-19,2026-06-19,needs_review,
hrsa-bps-h80-027062,Jordan Health Dental at VOA Center,community_health_center,214 Lake Ave,Rochester,NY,36,Monroe County,36055,14608-1208,43.16860467,-77.62544861,585-423-5800,,,,,,,,,,HRSA operating hours per week: 12.00,unknown,,,,,,,,,HRSA Health Center Service Delivery and Look-Alike Sites,https://data.hrsa.gov/DataDownload/DD_Files/Health_Center_Service_Delivery_and_LookAlike_Sites.csv,2026-06-19,"Fields copied from the official HRSA CSV: site name, address, city, state, postal code, phone, website, HRSA geocoding coordinates, county/FIPS, operating hours per week, site status, and location setting. Site status: Active. Location setting: All Other Clinic Types. Operational schedule: Unknown. Daily hours, services, price, insurance, and accessibility fields were not supplied by this intake.",BPS-H80-027062,Health Center Service Delivery and Look-Alike Sites,2026-06-19,2026-06-19,needs_review,
hrsa-bps-h80-024403,St Nicholas Houses Child Health Clinic,community_health_center,281 W 127th St,New York,NY,36,New York County,36061,10027-2998,40.81152968,-73.94966589,212-865-1300,,,,,,,,,,HRSA operating hours per week: 40.00,unknown,,,,,,,,,HRSA Health Center Service Delivery and Look-Alike Sites,https://data.hrsa.gov/DataDownload/DD_Files/Health_Center_Service_Delivery_and_LookAlike_Sites.csv,2026-06-19,"Fields copied from the official HRSA CSV: site name, address, city, state, postal code, phone, website, HRSA geocoding coordinates, county/FIPS, operating hours per week, site status, and location setting. Site status: Active. Location setting: All Other Clinic Types. Operational schedule: Unknown. Daily hours, services, price, insurance, and accessibility fields were not supplied by this intake.",BPS-H80-024403,Health Center Service Delivery and Look-Alike Sites,2026-06-19,2026-06-19,needs_review,
hrsa-bps-h80-000922,SCH - West,community_health_center,603 Oswego St,Syracuse,NY,36,Onondaga County,36067,13204-3127,43.04205059,-76.16380303,315-424-0800,www.schcny.com,,,,,,,,,HRSA operating hours per week: 40.00,unknown,,,,,,,,,HRSA Health Center Service Delivery and Look-Alike Sites,https://data.hrsa.gov/DataDownload/DD_Files/Health_Center_Service_Delivery_and_LookAlike_Sites.csv,2026-06-19,"Fields copied from the official HRSA CSV: site name, address, city, state, postal code, phone, website, HRSA geocoding coordinates, county/FIPS, operating hours per week, site status, and location setting. Site status: Active. Location setting: All Other Clinic Types. Operational schedule: Full-Time. Daily hours, services, price, insurance, and accessibility fields were not supplied by this intake.",BPS-H80-000922,Health Center Service Delivery and Look-Alike Sites,2026-06-19,2026-06-19,needs_review,
hrsa-bps-h80-000933,Windsor Terrace Senior Center,community_health_center,245 Prospect Park W,Brooklyn,NY,36,Kings County,36047,11215-5807,40.65911156,-73.98123332,718-788-8077,www.lmcmc.com,,,,,,,,,HRSA operating hours per week: 40.00,unknown,,,,,,,,,HRSA Health Center Service Delivery and Look-Alike Sites,https://data.hrsa.gov/DataDownload/DD_Files/Health_Center_Service_Delivery_and_LookAlike_Sites.csv,2026-06-19,"Fields copied from the official HRSA CSV: site name, address, city, state, postal code, phone, website, HRSA geocoding coordinates, county/FIPS, operating hours per week, site status, and location setting. Site status: Active. Location setting: All Other Clinic Types. Operational schedule: Full-Time. Daily hours, services, price, insurance, and accessibility fields were not supplied by this intake.",BPS-H80-000933,Health Center Service Delivery and Look-Alike Sites,2026-06-19,2026-06-19,needs_review,
hrsa-bps-h80-029675,PS 171 - Patrick Henry Preparatory School,community_health_center,19 E 103rd St,New York,NY,36,New York County,36061,10029-5292,40.79200412,-73.95142459,212-860-5801,,,,,,,,,,HRSA operating hours per week: 48.00,unknown,,,,,,,,,HRSA Health Center Service Delivery and Look-Alike Sites,https://data.hrsa.gov/DataDownload/DD_Files/Health_Center_Service_Delivery_and_LookAlike_Sites.csv,2026-06-19,"Fields copied from the official HRSA CSV: site name, address, city, state, postal code, phone, website, HRSA geocoding coordinates, county/FIPS, operating hours per week, site status, and location setting. Site status: Active. Location setting: School. Operational schedule: Unknown. Daily hours, services, price, insurance, and accessibility fields were not supplied by this intake.",BPS-H80-029675,Health Center Service Delivery and Look-Alike Sites,2026-06-19,2026-06-19,needs_review,
hrsa-bps-h80-027345,Ossining Brookside SBHC,community_health_center,30 Ryder Rd,Ossining,NY,36,Westchester County,36119,10562-2122,41.17473515,-73.83390670,914-632-2737,,,,,,,,,,HRSA operating hours per week: 14.00,unknown,,,,,,,,,HRSA Health Center Service Delivery and Look-Alike Sites,https://data.hrsa.gov/DataDownload/DD_Files/Health_Center_Service_Delivery_and_LookAlike_Sites.csv,2026-06-19,"Fields copied from the official HRSA CSV: site name, address, city, state, postal code, phone, website, HRSA geocoding coordinates, county/FIPS, operating hours per week, site status, and location setting. Site status: Active. Location setting: School. Operational schedule: Unknown. Daily hours, services, price, insurance, and accessibility fields were not supplied by this intake.",BPS-H80-027345,Health Center Service Delivery and Look-Alike Sites,2026-06-19,2026-06-19,needs_review,
hrsa-bps-lal-021490,Lasante Health Center,community_health_center,672 Parkside Ave,Brooklyn,NY,36,Kings County,36047,11226-2298,40.65613708,-73.95081103,718-246-5700,www.lasantehealth.org,,,,,,,,,HRSA operating hours per week: 89.00,unknown,,,,,,,,,HRSA Health Center Service Delivery and Look-Alike Sites,https://data.hrsa.gov/DataDownload/DD_Files/Health_Center_Service_Delivery_and_LookAlike_Sites.csv,2026-06-19,"Fields copied from the official HRSA CSV: site name, address, city, state, postal code, phone, website, HRSA geocoding coordinates, county/FIPS, operating hours per week, site status, and location setting. Site status: Active. Location setting: All Other Clinic Types. Operational schedule: Unknown. Daily hours, services, price, insurance, and accessibility fields were not supplied by this intake.",BPS-LAL-021490,Health Center Service Delivery and Look-Alike Sites,2026-06-19,2026-06-19,needs_review,
hrsa-bps-h80-040567,Harmony Healthcare Long Island (HHLI) Garden City Admin,community_health_center,"400 Oak St, Suite 104",Garden City,NY,36,Nassau County,36059,11530-3316,40.72742135,-73.60732952,516-296-3742,,,,,,,,,,,unknown,,,,,,,,,HRSA Health Center Service Delivery and Look-Alike Sites,https://data.hrsa.gov/DataDownload/DD_Files/Health_Center_Service_Delivery_and_LookAlike_Sites.csv,2026-06-19,"Fields copied from the official HRSA CSV: site name, address, city, state, postal code, phone, website, HRSA geocoding coordinates, county/FIPS, operating hours per week, site status, and location setting. Site status: Active. Location setting: Unknown. Operational schedule: Unknown. Daily hours, services, price, insurance, and accessibility fields were not supplied by this intake.",BPS-H80-040567,Health Center Service Delivery and Look-Alike Sites,2026-06-19,2026-06-19,needs_review,
hrsa-bps-h80-011669,Taft High School,community_health_center,240 E 172nd St,Bronx,NY,36,Bronx County,36005,10457-8951,40.84002551,-73.91117217,718-293-7200,www.montefiore.org,,,,,,,,,HRSA operating hours per week: 40.50,unknown,,,,,,,,,HRSA Health Center Service Delivery and Look-Alike Sites,https://data.hrsa.gov/DataDownload/DD_Files/Health_Center_Service_Delivery_and_LookAlike_Sites.csv,2026-06-19,"Fields copied from the official HRSA CSV: site name, address, city, state, postal code, phone, website, HRSA geocoding coordinates, county/FIPS, operating hours per week, site status, and location setting. Site status: Active. Location setting: School. Operational schedule: Full-Time. Daily hours, services, price, insurance, and accessibility fields were not supplied by this intake.",BPS-H80-011669,Health Center Service Delivery and Look-Alike Sites,2026-06-19,2026-06-19,needs_review,
hrsa-bps-h80-017803,PS 257 School-Based Health Center,community_health_center,60 Cook St,Brooklyn,NY,36,Kings County,36047,11206-4006,40.70261800,-73.94141257,718-384-7128,,,,,,,,,,HRSA operating hours per week: 48.00,unknown,,,,,,,,,HRSA Health Center Service Delivery and Look-Alike Sites,https://data.hrsa.gov/DataDownload/DD_Files/Health_Center_Service_Delivery_and_LookAlike_Sites.csv,2026-06-19,"Fields copied from the official HRSA CSV: site name, address, city, state, postal code, phone, website, HRSA geocoding coordinates, county/FIPS, operating hours per week, site status, and location setting. Site status: Active. Location setting: School. Operational schedule: Unknown. Daily hours, services, price, insurance, and accessibility fields were not supplied by this intake.",BPS-H80-017803,Health Center Service Delivery and Look-Alike Sites,2026-06-19,2026-06-19,needs_review,
hrsa-bps-h80-010995,Bella Vista Community Health Center,community_health_center,886 Hunts Point Ave,Bronx,NY,36,Bronx County,36005,10474-5402,40.81910600,-73.88928903,718-589-2440,www.urbanhealthplan.org,,,,,,,,,HRSA operating hours per week: 45.00,unknown,,,,,,,,,HRSA Health Center Service Delivery and Look-Alike Sites,https://data.hrsa.gov/DataDownload/DD_Files/Health_Center_Service_Delivery_and_LookAlike_Sites.csv,2026-06-19,"Fields copied from the official HRSA CSV: site name, address, city, state, postal code, phone, website, HRSA geocoding coordinates, county/FIPS, operating hours per week, site status, and location setting. Site status: Active. Location setting: All Other Clinic Types. Operational schedule: Full-Time. Daily hours, services, price, insurance, and accessibility fields were not supplied by this intake.",BPS-H80-010995,Health Center Service Delivery and Look-Alike Sites,2026-06-19,2026-06-19,needs_review,
hrsa-bps-h80-038617,SCH - Onondaga Community College,community_health_center,4585 W Seneca Tpke,Syracuse,NY,36,Onondaga County,36067,13215-4580,43.00212235,-76.20056732,315-476-7921,,,,,,,,,,HRSA operating hours per week: 40.00,unknown,,,,,,,,,HRSA Health Center Service Delivery and Look-Alike Sites,https://data.hrsa.gov/DataDownload/DD_Files/Health_Center_Service_Delivery_and_LookAlike_Sites.csv,2026-06-19,"Fields copied from the official HRSA CSV: site name, address, city, state, postal code, phone, website, HRSA geocoding coordinates, county/FIPS, operating hours per week, site status, and location setting. Site status: Active. Location setting: All Other Clinic Types. Operational schedule: Unknown. Daily hours, services, price, insurance, and accessibility fields were not supplied by this intake.",BPS-H80-038617,Health Center Service Delivery and Look-Alike Sites,2026-06-19,2026-06-19,needs_review,
hrsa-bps-h80-001121,AMSTERDAM FAMILY HEALTH CENTER,community_health_center,690 Amsterdam Ave,New York,NY,36,New York County,36061,10025-6901,40.79249962,-73.97178641,212-865-4104,www.institute2000.org,,,,,,,,,HRSA operating hours per week: 48.50,unknown,,,,,,,,,HRSA Health Center Service Delivery and Look-Alike Sites,https://data.hrsa.gov/DataDownload/DD_Files/Health_Center_Service_Delivery_and_LookAlike_Sites.csv,2026-06-19,"Fields copied from the official HRSA CSV: site name, address, city, state, postal code, phone, website, HRSA geocoding coordinates, county/FIPS, operating hours per week, site status, and location setting. Site status: Active. Location setting: All Other Clinic Types. Operational schedule: Full-Time. Daily hours, services, price, insurance, and accessibility fields were not supplied by this intake.",BPS-H80-001121,Health Center Service Delivery and Look-Alike Sites,2026-06-19,2026-06-19,needs_review,
hrsa-bps-h80-021535,Medical Mobile Van (4),community_health_center,999 Blake Ave,Brooklyn,NY,36,Kings County,36047,11208-3500,40.66995703,-73.88131600,718-277-8303,,,,,,,,,,HRSA operating hours per week: 40.00,unknown,,,,,,,,,HRSA Health Center Service Delivery and Look-Alike Sites,https://data.hrsa.gov/DataDownload/DD_Files/Health_Center_Service_Delivery_and_LookAlike_Sites.csv,2026-06-19,"Fields copied from the official HRSA CSV: site name, address, city, state, postal code, phone, website, HRSA geocoding coordinates, county/FIPS, operating hours per week, site status, and location setting. Site status: Active. Location setting: All Other Clinic Types. Operational schedule: Unknown. Daily hours, services, price, insurance, and accessibility fields were not supplied by this intake.",BPS-H80-021535,Health Center Service Delivery and Look-Alike Sites,2026-06-19,2026-06-19,needs_review,
hrsa-bps-h80-021386,Park West Educational Campus,community_health_center,525 W 50th St,New York,NY,36,New York County,36061,10019-7002,40.76555892,-73.99358556,212-749-1820,,,,,,,,,,HRSA operating hours per week: 37.50,unknown,,,,,,,,,HRSA Health Center Service Delivery and Look-Alike Sites,https://data.hrsa.gov/DataDownload/DD_Files/Health_Center_Service_Delivery_and_LookAlike_Sites.csv,2026-06-19,"Fields copied from the official HRSA CSV: site name, address, city, state, postal code, phone, website, HRSA geocoding coordinates, county/FIPS, operating hours per week, site status, and location setting. Site status: Active. Location setting: School. Operational schedule: Unknown. Daily hours, services, price, insurance, and accessibility fields were not supplied by this intake.",BPS-H80-021386,Health Center Service Delivery and Look-Alike Sites,2026-06-19,2026-06-19,needs_review,
hrsa-bps-lal-018386,TCFM Wayland,community_health_center,200 N Main St,Wayland,NY,36,Steuben County,36101,14572-1034,42.56963412,-77.59089791,585-728-5131,www.tcfmedicine.org,,,,,,,,,HRSA operating hours per week: 40.00,unknown,,,,,,,,,HRSA Health Center Service Delivery and Look-Alike Sites,https://data.hrsa.gov/DataDownload/DD_Files/Health_Center_Service_Delivery_and_LookAlike_Sites.csv,2026-06-19,"Fields copied from the official HRSA CSV: site name, address, city, state, postal code, phone, website, HRSA geocoding coordinates, county/FIPS, operating hours per week, site status, and location setting. Site status: Active. Location setting: All Other Clinic Types. Operational schedule: Unknown. Daily hours, services, price, insurance, and accessibility fields were not supplied by this intake.",BPS-LAL-018386,Health Center Service Delivery and Look-Alike Sites,2026-06-19,2026-06-19,needs_review,
hrsa-bps-h80-033865,ODA Primary Health Care Network Therapy Center,community_health_center,347 Flushing Ave,Brooklyn,NY,36,Kings County,36047,11205-1403,40.69840995,-73.96129134,718-260-4600,www.odahealth.org,,,,,,,,,HRSA operating hours per week: 67.00,unknown,,,,,,,,,HRSA Health Center Service Delivery and Look-Alike Sites,https://data.hrsa.gov/DataDownload/DD_Files/Health_Center_Service_Delivery_and_LookAlike_Sites.csv,2026-06-19,"Fields copied from the official HRSA CSV: site name, address, city, state, postal code, phone, website, HRSA geocoding coordinates, county/FIPS, operating hours per week, site status, and location setting. Site status: Active. Location setting: All Other Clinic Types. Operational schedule: Unknown. Daily hours, services, price, insurance, and accessibility fields were not supplied by this intake.",BPS-H80-033865,Health Center Service Delivery and Look-Alike Sites,2026-06-19,2026-06-19,needs_review,
hrsa-bps-h80-028249,Community Health Center of the North Country,community_health_center,102 Ford St,Ogdensburg,NY,36,St. Lawrence County,36089,13669-1402,44.69718402,-75.49450337,315-713-9350,http://chcnorthcountry.org/,,,,,,,,,HRSA operating hours per week: 54.00,unknown,,,,,,,,,HRSA Health Center Service Delivery and Look-Alike Sites,https://data.hrsa.gov/DataDownload/DD_Files/Health_Center_Service_Delivery_and_LookAlike_Sites.csv,2026-06-19,"Fields copied from the official HRSA CSV: site name, address, city, state, postal code, phone, website, HRSA geocoding coordinates, county/FIPS, operating hours per week, site status, and location setting. Site status: Active. Location setting: All Other Clinic Types. Operational schedule: Unknown. Daily hours, services, price, insurance, and accessibility fields were not supplied by this intake.",BPS-H80-028249,Health Center Service Delivery and Look-Alike Sites,2026-06-19,2026-06-19,needs_review,
hrsa-bps-h80-019654,Sun River Health Mobile Van,community_health_center,1037 Main St,Peekskill,NY,36,Westchester County,36119,10566-2913,41.29159623,-73.91842696,845-778-2700,,,,,,,,,,HRSA operating hours per week: 21.00,unknown,,,,,,,,,HRSA Health Center Service Delivery and Look-Alike Sites,https://data.hrsa.gov/DataDownload/DD_Files/Health_Center_Service_Delivery_and_LookAlike_Sites.csv,2026-06-19,"Fields copied from the official HRSA CSV: site name, address, city, state, postal code, phone, website, HRSA geocoding coordinates, county/FIPS, operating hours per week, site status, and location setting. Site status: Active. Location setting: All Other Clinic Types. Operational schedule: Unknown. Daily hours, services, price, insurance, and accessibility fields were not supplied by this intake.",BPS-H80-019654,Health Center Service Delivery and Look-Alike Sites,2026-06-19,2026-06-19,needs_review,
hrsa-bps-h80-001406,Sun River Health Walden,community_health_center,75 Orange Ave,Walden,NY,36,Orange County,36071,12586-1816,41.55705613,-74.18630337,845-778-2700,www.hrhcare.org,,,,,,,,,HRSA operating hours per week: 44.00,unknown,,,,,,,,,HRSA Health Center Service Delivery and Look-Alike Sites,https://data.hrsa.gov/DataDownload/DD_Files/Health_Center_Service_Delivery_and_LookAlike_Sites.csv,2026-06-19,"Fields copied from the official HRSA CSV: site name, address, city, state, postal code, phone, website, HRSA geocoding coordinates, county/FIPS, operating hours per week, site status, and location setting. Site status: Active. Location setting: All Other Clinic Types. Operational schedule: Full-Time. Daily hours, services, price, insurance, and accessibility fields were not supplied by this intake.",BPS-H80-001406,Health Center Service Delivery and Look-Alike Sites,2026-06-19,2026-06-19,needs_review,
hrsa-bps-h80-001407,Dewey MS 136 School-Based Health Center,community_health_center,4004 4th Ave,Brooklyn,NY,36,Kings County,36047,11232-3400,40.65193728,-74.00727019,718-965-0118,www.lmcmc.com,,,,,,,,,HRSA operating hours per week: 40.00,unknown,,,,,,,,,HRSA Health Center Service Delivery and Look-Alike Sites,https://data.hrsa.gov/DataDownload/DD_Files/Health_Center_Service_Delivery_and_LookAlike_Sites.csv,2026-06-19,"Fields copied from the official HRSA CSV: site name, address, city, state, postal code, phone, website, HRSA geocoding coordinates, county/FIPS, operating hours per week, site status, and location setting. Site status: Active. Location setting: School. Operational schedule: Full-Time. Daily hours, services, price, insurance, and accessibility fields were not supplied by this intake.",BPS-H80-001407,Health Center Service Delivery and Look-Alike Sites,2026-06-19,2026-06-19,needs_review,
hrsa-bps-h80-001414,SCH - 819 Main Campus,community_health_center,819 S Salina St,Syracuse,NY,36,Onondaga County,36067,13202-3570,43.03972461,-76.14994599,315-476-7921,www.schcny.com,,,,,,,,,HRSA operating hours per week: 100.00,unknown,,,,,,,,,HRSA Health Center Service Delivery and Look-Alike Sites,https://data.hrsa.gov/DataDownload/DD_Files/Health_Center_Service_Delivery_and_LookAlike_Sites.csv,2026-06-19,"Fields copied from the official HRSA CSV: site name, address, city, state, postal code, phone, website, HRSA geocoding coordinates, county/FIPS, operating hours per week, site status, and location setting. Site status: Active. Location setting: All Other Clinic Types. Operational schedule: Full-Time. Daily hours, services, price, insurance, and accessibility fields were not supplied by this intake.",BPS-H80-001414,Health Center Service Delivery and Look-Alike Sites,2026-06-19,2026-06-19,needs_review,
hrsa-bps-h80-021981,Ridgewood Communicare Clinic,community_health_center,769 Onderdonk Ave,Ridgewood,NY,36,Queens County,36081,11385-3711,40.70303680,-73.90539520,718-334-6190,,,,,,,,,,HRSA operating hours per week: 42.50,unknown,,,,,,,,,HRSA Health Center Service Delivery and Look-Alike Sites,https://data.hrsa.gov/DataDownload/DD_Files/Health_Center_Service_Delivery_and_LookAlike_Sites.csv,2026-06-19,"Fields copied from the official HRSA CSV: site name, address, city, state, postal code, phone, website, HRSA geocoding coordinates, county/FIPS, operating hours per week, site status, and location setting. Site status: Active. Location setting: All Other Clinic Types. Operational schedule: Unknown. Daily hours, services, price, insurance, and accessibility fields were not supplied by this intake.",BPS-H80-021981,Health Center Service Delivery and Look-Alike Sites,2026-06-19,2026-06-19,needs_review,
hrsa-bps-h80-035188,Mobile Medical Unit,community_health_center,85 S West St,Homer,NY,36,Cortland County,36023,13077-1542,42.62864817,-76.19245800,607-753-3797,www.familyhealthnetwork.org,,,,,,,,,HRSA operating hours per week: 4.00,unknown,,,,,,,,,HRSA Health Center Service Delivery and Look-Alike Sites,https://data.hrsa.gov/DataDownload/DD_Files/Health_Center_Service_Delivery_and_LookAlike_Sites.csv,2026-06-19,"Fields copied from the official HRSA CSV: site name, address, city, state, postal code, phone, website, HRSA geocoding coordinates, county/FIPS, operating hours per week, site status, and location setting. Site status: Active. Location setting: All Other Clinic Types. Operational schedule: Unknown. Daily hours, services, price, insurance, and accessibility fields were not supplied by this intake.",BPS-H80-035188,Health Center Service Delivery and Look-Alike Sites,2026-06-19,2026-06-19,needs_review,
hrsa-bps-h80-014491,Fulton Health Center,community_health_center,"510 S 4th St, Suite 600",Fulton,NY,36,Oswego County,36075,13069-2952,43.31497060,-76.40658276,315-598-4790,,,,,,,,,,HRSA operating hours per week: 51.50,unknown,,,,,,,,,HRSA Health Center Service Delivery and Look-Alike Sites,https://data.hrsa.gov/DataDownload/DD_Files/Health_Center_Service_Delivery_and_LookAlike_Sites.csv,2026-06-19,"Fields copied from the official HRSA CSV: site name, address, city, state, postal code, phone, website, HRSA geocoding coordinates, county/FIPS, operating hours per week, site status, and location setting. Site status: Active. Location setting: All Other Clinic Types. Operational schedule: Unknown. Daily hours, services, price, insurance, and accessibility fields were not supplied by this intake.",BPS-H80-014491,Health Center Service Delivery and Look-Alike Sites,2026-06-19,2026-06-19,needs_review,
hrsa-bps-h80-024510,Crown Heights,community_health_center,1218 Prospect Pl,Brooklyn,NY,36,Kings County,36047,11213-2299,40.67339252,-73.93596282,718-735-0561,,,,,,,,,,HRSA operating hours per week: 56.00,unknown,,,,,,,,,HRSA Health Center Service Delivery and Look-Alike Sites,https://data.hrsa.gov/DataDownload/DD_Files/Health_Center_Service_Delivery_and_LookAlike_Sites.csv,2026-06-19,"Fields copied from the official HRSA CSV: site name, address, city, state, postal code, phone, website, HRSA geocoding coordinates, county/FIPS, operating hours per week, site status, and location setting. Site status: Active. Location setting: All Other Clinic Types. Operational schedule: Unknown. Daily hours, services, price, insurance, and accessibility fields were not supplied by this intake.",BPS-H80-024510,Health Center Service Delivery and Look-Alike Sites,2026-06-19,2026-06-19,needs_review,
hrsa-bps-h80-017653,St. John's Bread and Life,community_health_center,795 Lexington Ave,Brooklyn,NY,36,Kings County,36047,11221-2903,40.69032724,-73.92892094,718-574-0058,,,,,,,,,,HRSA operating hours per week: 16.00,unknown,,,,,,,,,HRSA Health Center Service Delivery and Look-Alike Sites,https://data.hrsa.gov/DataDownload/DD_Files/Health_Center_Service_Delivery_and_LookAlike_Sites.csv,2026-06-19,"Fields copied from the official HRSA CSV: site name, address, city, state, postal code, phone, website, HRSA geocoding coordinates, county/FIPS, operating hours per week, site status, and location setting. Site status: Active. Location setting: All Other Clinic Types. Operational schedule: Unknown. Daily hours, services, price, insurance, and accessibility fields were not supplied by this intake.",BPS-H80-017653,Health Center Service Delivery and Look-Alike Sites,2026-06-19,2026-06-19,needs_review,
hrsa-bps-h80-001641,Ryan Health | NENA,community_health_center,279 E 3rd St,New York,NY,36,New York County,36061,10009-7898,40.72156022,-73.98004426,212-749-1820,www.ryancenter.org,,,,,,,,,HRSA operating hours per week: 43.75,unknown,,,,,,,,,HRSA Health Center Service Delivery and Look-Alike Sites,https://data.hrsa.gov/DataDownload/DD_Files/Health_Center_Service_Delivery_and_LookAlike_Sites.csv,2026-06-19,"Fields copied from the official HRSA CSV: site name, address, city, state, postal code, phone, website, HRSA geocoding coordinates, county/FIPS, operating hours per week, site status, and location setting. Site status: Active. Location setting: All Other Clinic Types. Operational schedule: Full-Time. Daily hours, services, price, insurance, and accessibility fields were not supplied by this intake.",BPS-H80-001641,Health Center Service Delivery and Look-Alike Sites,2026-06-19,2026-06-19,needs_review,
hrsa-bps-h80-013298,"La Casa de Salud, Inc.",community_health_center,966 Prospect Ave,Bronx,NY,36,Bronx County,36005,10459-3270,40.82292215,-73.90006431,718-842-1412,www.acacianetwork.org,,,,,,,,,HRSA operating hours per week: 53.00,unknown,,,,,,,,,HRSA Health Center Service Delivery and Look-Alike Sites,https://data.hrsa.gov/DataDownload/DD_Files/Health_Center_Service_Delivery_and_LookAlike_Sites.csv,2026-06-19,"Fields copied from the official HRSA CSV: site name, address, city, state, postal code, phone, website, HRSA geocoding coordinates, county/FIPS, operating hours per week, site status, and location setting. Site status: Active. Location setting: All Other Clinic Types. Operational schedule: Full-Time. Daily hours, services, price, insurance, and accessibility fields were not supplied by this intake.",BPS-H80-013298,Health Center Service Delivery and Look-Alike Sites,2026-06-19,2026-06-19,needs_review,
hrsa-bps-h80-018059,Mobile Health Van 2,community_health_center,147 Lake St,Newburgh,NY,36,Orange County,36071,12550-5263,41.49554700,-74.02909549,845-563-8000,http://www.cornerstonefamilyhealthcare.org/,,,,,,,,,HRSA operating hours per week: 16.00,unknown,,,,,,,,,HRSA Health Center Service Delivery and Look-Alike Sites,https://data.hrsa.gov/DataDownload/DD_Files/Health_Center_Service_Delivery_and_LookAlike_Sites.csv,2026-06-19,"Fields copied from the official HRSA CSV: site name, address, city, state, postal code, phone, website, HRSA geocoding coordinates, county/FIPS, operating hours per week, site status, and location setting. Site status: Active. Location setting: All Other Clinic Types. Operational schedule: Unknown. Daily hours, services, price, insurance, and accessibility fields were not supplied by this intake.",BPS-H80-018059,Health Center Service Delivery and Look-Alike Sites,2026-06-19,2026-06-19,needs_review,
hrsa-bps-h80-017683,"HealthCare Choices NY, Inc. - East NY",community_health_center,179 Jamaica Ave,Brooklyn,NY,36,Kings County,36047,11207-2049,40.67987580,-73.89407879,929-267-5354,,,,,,,,,,HRSA operating hours per week: 60.00,unknown,,,,,,,,,HRSA Health Center Service Delivery and Look-Alike Sites,https://data.hrsa.gov/DataDownload/DD_Files/Health_Center_Service_Delivery_and_LookAlike_Sites.csv,2026-06-19,"Fields copied from the official HRSA CSV: site name, address, city, state, postal code, phone, website, HRSA geocoding coordinates, county/FIPS, operating hours per week, site status, and location setting. Site status: Active. Location setting: All Other Clinic Types. Operational schedule: Unknown. Daily hours, services, price, insurance, and accessibility fields were not supplied by this intake.",BPS-H80-017683,Health Center Service Delivery and Look-Alike Sites,2026-06-19,2026-06-19,needs_review,
hrsa-bps-h80-012225,Ezra Mobile Dental Van #1,community_health_center,1312 38th St,Brooklyn,NY,36,Kings County,36047,11218-3612,40.64080934,-73.98527457,718-686-7600,,,,,,,,,,HRSA operating hours per week: 32.00,unknown,,,,,,,,,HRSA Health Center Service Delivery and Look-Alike Sites,https://data.hrsa.gov/DataDownload/DD_Files/Health_Center_Service_Delivery_and_LookAlike_Sites.csv,2026-06-19,"Fields copied from the official HRSA CSV: site name, address, city, state, postal code, phone, website, HRSA geocoding coordinates, county/FIPS, operating hours per week, site status, and location setting. Site status: Active. Location setting: School. Operational schedule: Full-Time. Daily hours, services, price, insurance, and accessibility fields were not supplied by this intake.",BPS-H80-012225,Health Center Service Delivery and Look-Alike Sites,2026-06-19,2026-06-19,needs_review,
hrsa-bps-h80-024692,Dover Elementary School,community_health_center,9 School St,Dover Plains,NY,36,Dutchess County,36027,12522-5300,41.73949316,-73.57934453,845-838-7038,,,,,,,,,,HRSA operating hours per week: 21.00,unknown,,,,,,,,,HRSA Health Center Service Delivery and Look-Alike Sites,https://data.hrsa.gov/DataDownload/DD_Files/Health_Center_Service_Delivery_and_LookAlike_Sites.csv,2026-06-19,"Fields copied from the official HRSA CSV: site name, address, city, state, postal code, phone, website, HRSA geocoding coordinates, county/FIPS, operating hours per week, site status, and location setting. Site status: Active. Location setting: School. Operational schedule: Unknown. Daily hours, services, price, insurance, and accessibility fields were not supplied by this intake.",BPS-H80-024692,Health Center Service Delivery and Look-Alike Sites,2026-06-19,2026-06-19,needs_review,
hrsa-bps-h80-030352,Tres Puentes,community_health_center,271 E 138th St,Bronx,NY,36,Bronx County,36005,10454-2909,40.81089559,-73.92579742,347-407-7120,,,,,,,,,,HRSA operating hours per week: 50.00,unknown,,,,,,,,,HRSA Health Center Service Delivery and Look-Alike Sites,https://data.hrsa.gov/DataDownload/DD_Files/Health_Center_Service_Delivery_and_LookAlike_Sites.csv,2026-06-19,"Fields copied from the official HRSA CSV: site name, address, city, state, postal code, phone, website, HRSA geocoding coordinates, county/FIPS, operating hours per week, site status, and location setting. Site status: Active. Location setting: All Other Clinic Types. Operational schedule: Unknown. Daily hours, services, price, insurance, and accessibility fields were not supplied by this intake.",BPS-H80-030352,Health Center Service Delivery and Look-Alike Sites,2026-06-19,2026-06-19,needs_review,
hrsa-bps-h80-013009,Dundee Dental Center,community_health_center,6 Stoll St,Dundee,NY,36,Yates County,36123,14837-1013,42.52482694,-76.97779698,315-243-7080,,,,,,,,,,HRSA operating hours per week: 20.00,unknown,,,,,,,,,HRSA Health Center Service Delivery and Look-Alike Sites,https://data.hrsa.gov/DataDownload/DD_Files/Health_Center_Service_Delivery_and_LookAlike_Sites.csv,2026-06-19,"Fields copied from the official HRSA CSV: site name, address, city, state, postal code, phone, website, HRSA geocoding coordinates, county/FIPS, operating hours per week, site status, and location setting. Site status: Active. Location setting: All Other Clinic Types. Operational schedule: Part-Time. Daily hours, services, price, insurance, and accessibility fields were not supplied by this intake.",BPS-H80-013009,Health Center Service Delivery and Look-Alike Sites,2026-06-19,2026-06-19,needs_review,
hrsa-bps-h80-001831,PS 172 School-Based Health Center,community_health_center,825 4th Ave,Brooklyn,NY,36,Kings County,36047,11232-1700,40.65782008,-74.00041782,718-965-3529,https://nyulangone.org/locations/family-health-centers-at-nyu-langone/school-health-program-family-health-centers-at-nyu-langone,,,,,,,,,HRSA operating hours per week: 40.00,unknown,,,,,,,,,HRSA Health Center Service Delivery and Look-Alike Sites,https://data.hrsa.gov/DataDownload/DD_Files/Health_Center_Service_Delivery_and_LookAlike_Sites.csv,2026-06-19,"Fields copied from the official HRSA CSV: site name, address, city, state, postal code, phone, website, HRSA geocoding coordinates, county/FIPS, operating hours per week, site status, and location setting. Site status: Active. Location setting: School. Operational schedule: Full-Time. Daily hours, services, price, insurance, and accessibility fields were not supplied by this intake.",BPS-H80-001831,Health Center Service Delivery and Look-Alike Sites,2026-06-19,2026-06-19,needs_review,
hrsa-bps-h80-001834,BELLA VISTA HEALTH CENTER,community_health_center,890 Hunts Point Ave,Bronx,NY,36,Bronx County,36005,10474-5402,40.81933952,-73.88938459,718-589-2141,www.urbanhealthplan.org,,,,,,,,,HRSA operating hours per week: 58.00,unknown,,,,,,,,,HRSA Health Center Service Delivery and Look-Alike Sites,https://data.hrsa.gov/DataDownload/DD_Files/Health_Center_Service_Delivery_and_LookAlike_Sites.csv,2026-06-19,"Fields copied from the official HRSA CSV: site name, address, city, state, postal code, phone, website, HRSA geocoding coordinates, county/FIPS, operating hours per week, site status, and location setting. Site status: Active. Location setting: All Other Clinic Types. Operational schedule: Full-Time. Daily hours, services, price, insurance, and accessibility fields were not supplied by this intake.",BPS-H80-001834,Health Center Service Delivery and Look-Alike Sites,2026-06-19,2026-06-19,needs_review,
hrsa-bps-h80-010402,Grand Central Neighborhood Association,community_health_center,120 E 32nd St,New York,NY,36,New York County,36061,10016-5502,40.74520875,-73.98146985,212-833-0680,www.lmcmc.com,,,,,,,,,HRSA operating hours per week: 24.00,unknown,,,,,,,,,HRSA Health Center Service Delivery and Look-Alike Sites,https://data.hrsa.gov/DataDownload/DD_Files/Health_Center_Service_Delivery_and_LookAlike_Sites.csv,2026-06-19,"Fields copied from the official HRSA CSV: site name, address, city, state, postal code, phone, website, HRSA geocoding coordinates, county/FIPS, operating hours per week, site status, and location setting. Site status: Active. Location setting: All Other Clinic Types. Operational schedule: Part-Time. Daily hours, services, price, insurance, and accessibility fields were not supplied by this intake.",BPS-H80-010402,Health Center Service Delivery and Look-Alike Sites,2026-06-19,2026-06-19,needs_review,
hrsa-bps-h80-027720,North Troy,community_health_center,849 2nd Ave,Troy,NY,36,Rensselaer County,36083,12182-2085,42.78490441,-73.67331119,518-833-6900,,,,,,,,,,HRSA operating hours per week: 40.00,unknown,,,,,,,,,HRSA Health Center Service Delivery and Look-Alike Sites,https://data.hrsa.gov/DataDownload/DD_Files/Health_Center_Service_Delivery_and_LookAlike_Sites.csv,2026-06-19,"Fields copied from the official HRSA CSV: site name, address, city, state, postal code, phone, website, HRSA geocoding coordinates, county/FIPS, operating hours per week, site status, and location setting. Site status: Active. Location setting: All Other Clinic Types. Operational schedule: Unknown. Daily hours, services, price, insurance, and accessibility fields were not supplied by this intake.",BPS-H80-027720,Health Center Service Delivery and Look-Alike Sites,2026-06-19,2026-06-19,needs_review,
hrsa-bps-h80-007569,PORT CHESTER MIDDLE SCHOOL - SBHC,community_health_center,113 Bowman Ave,Rye Brook,NY,36,Westchester County,36119,10573-2808,41.00549396,-73.68450070,914-939-1477,,,,,,,,,,HRSA operating hours per week: 40.00,unknown,,,,,,,,,HRSA Health Center Service Delivery and Look-Alike Sites,https://data.hrsa.gov/DataDownload/DD_Files/Health_Center_Service_Delivery_and_LookAlike_Sites.csv,2026-06-19,"Fields copied from the official HRSA CSV: site name, address, city, state, postal code, phone, website, HRSA geocoding coordinates, county/FIPS, operating hours per week, site status, and location setting. Site status: Active. Location setting: School. Operational schedule: Full-Time. Daily hours, services, price, insurance, and accessibility fields were not supplied by this intake.",BPS-H80-007569,Health Center Service Delivery and Look-Alike Sites,2026-06-19,2026-06-19,needs_review,
hrsa-bps-h80-030184,Jerome Avenue Men's Shelter Health Center,community_health_center,3600 Jerome Ave,Bronx,NY,36,Bronx County,36005,10467-1091,40.88545744,-73.87895540,718-307-2962,,,,,,,,,,HRSA operating hours per week: 16.00,unknown,,,,,,,,,HRSA Health Center Service Delivery and Look-Alike Sites,https://data.hrsa.gov/DataDownload/DD_Files/Health_Center_Service_Delivery_and_LookAlike_Sites.csv,2026-06-19,"Fields copied from the official HRSA CSV: site name, address, city, state, postal code, phone, website, HRSA geocoding coordinates, county/FIPS, operating hours per week, site status, and location setting. Site status: Active. Location setting: All Other Clinic Types. Operational schedule: Unknown. Daily hours, services, price, insurance, and accessibility fields were not supplied by this intake.",BPS-H80-030184,Health Center Service Delivery and Look-Alike Sites,2026-06-19,2026-06-19,needs_review,
hrsa-bps-h80-027288,Women's Premier Obstetrics,community_health_center,25 Lake St,White Plains,NY,36,Westchester County,36119,10603-4032,41.03761517,-73.76112345,914-681-7181,,,,,,,,,,HRSA operating hours per week: 35.00,unknown,,,,,,,,,HRSA Health Center Service Delivery and Look-Alike Sites,https://data.hrsa.gov/DataDownload/DD_Files/Health_Center_Service_Delivery_and_LookAlike_Sites.csv,2026-06-19,"Fields copied from the official HRSA CSV: site name, address, city, state, postal code, phone, website, HRSA geocoding coordinates, county/FIPS, operating hours per week, site status, and location setting. Site status: Active. Location setting: All Other Clinic Types. Operational schedule: Unknown. Daily hours, services, price, insurance, and accessibility fields were not supplied by this intake.",BPS-H80-027288,Health Center Service Delivery and Look-Alike Sites,2026-06-19,2026-06-19,needs_review,
hrsa-bps-h80-001938,Pershing JHS 220 School-Based Health Center,community_health_center,4812 9th Ave,Brooklyn,NY,36,Kings County,36047,11220-2402,40.64078097,-74.00080883,718-633-8200 x558,lmcmc.com,,,,,,,,,HRSA operating hours per week: 40.00,unknown,,,,,,,,,HRSA Health Center Service Delivery and Look-Alike Sites,https://data.hrsa.gov/DataDownload/DD_Files/Health_Center_Service_Delivery_and_LookAlike_Sites.csv,2026-06-19,"Fields copied from the official HRSA CSV: site name, address, city, state, postal code, phone, website, HRSA geocoding coordinates, county/FIPS, operating hours per week, site status, and location setting. Site status: Active. Location setting: School. Operational schedule: Full-Time. Daily hours, services, price, insurance, and accessibility fields were not supplied by this intake.",BPS-H80-001938,Health Center Service Delivery and Look-Alike Sites,2026-06-19,2026-06-19,needs_review,
hrsa-bps-h80-036215,Mobile Health - Unit 2,community_health_center,164 Montgomery St,Albany,NY,36,Albany County,36001,12207-2420,42.65782679,-73.74469919,518-591-4491,,,,,,,,,,HRSA operating hours per week: 40.00,unknown,,,,,,,,,HRSA Health Center Service Delivery and Look-Alike Sites,https://data.hrsa.gov/DataDownload/DD_Files/Health_Center_Service_Delivery_and_LookAlike_Sites.csv,2026-06-19,"Fields copied from the official HRSA CSV: site name, address, city, state, postal code, phone, website, HRSA geocoding coordinates, county/FIPS, operating hours per week, site status, and location setting. Site status: Active. Location setting: All Other Clinic Types. Operational schedule: Unknown. Daily hours, services, price, insurance, and accessibility fields were not supplied by this intake.",BPS-H80-036215,Health Center Service Delivery and Look-Alike Sites,2026-06-19,2026-06-19,needs_review,
hrsa-bps-h80-040626,Norman Thomas High School,community_health_center,111 E 33rd St,New York,NY,36,New York County,36061,10016-5396,40.74623206,-73.98099711,212-696-2498,,,,,,,,,,HRSA operating hours per week: 40.00,unknown,,,,,,,,,HRSA Health Center Service Delivery and Look-Alike Sites,https://data.hrsa.gov/DataDownload/DD_Files/Health_Center_Service_Delivery_and_LookAlike_Sites.csv,2026-06-19,"Fields copied from the official HRSA CSV: site name, address, city, state, postal code, phone, website, HRSA geocoding coordinates, county/FIPS, operating hours per week, site status, and location setting. Site status: Active. Location setting: School. Operational schedule: Unknown. Daily hours, services, price, insurance, and accessibility fields were not supplied by this intake.",BPS-H80-040626,Health Center Service Delivery and Look-Alike Sites,2026-06-19,2026-06-19,needs_review,
hrsa-bps-h80-033082,OOH Mobile Medical Unit,community_health_center,300 West Ave,Brockport,NY,36,Monroe County,36055,14420-1118,43.22107706,-77.95058214,585-637-3905,https://oakorchardhealth.org/,,,,,,,,,HRSA operating hours per week: 35.00,unknown,,,,,,,,,HRSA Health Center Service Delivery and Look-Alike Sites,https://data.hrsa.gov/DataDownload/DD_Files/Health_Center_Service_Delivery_and_LookAlike_Sites.csv,2026-06-19,"Fields copied from the official HRSA CSV: site name, address, city, state, postal code, phone, website, HRSA geocoding coordinates, county/FIPS, operating hours per week, site status, and location setting. Site status: Active. Location setting: All Other Clinic Types. Operational schedule: Unknown. Daily hours, services, price, insurance, and accessibility fields were not supplied by this intake.",BPS-H80-033082,Health Center Service Delivery and Look-Alike Sites,2026-06-19,2026-06-19,needs_review,
hrsa-bps-h80-027511,ODA Therapy Center,community_health_center,18 Heyward St,Brooklyn,NY,36,Kings County,36047,11249-9210,40.69999572,-73.95868994,718-260-4600,https://odahealth.org/locations/heyward-street.html,,,,,,,,,HRSA operating hours per week: 54.00,unknown,,,,,,,,,HRSA Health Center Service Delivery and Look-Alike Sites,https://data.hrsa.gov/DataDownload/DD_Files/Health_Center_Service_Delivery_and_LookAlike_Sites.csv,2026-06-19,"Fields copied from the official HRSA CSV: site name, address, city, state, postal code, phone, website, HRSA geocoding coordinates, county/FIPS, operating hours per week, site status, and location setting. Site status: Active. Location setting: All Other Clinic Types. Operational schedule: Unknown. Daily hours, services, price, insurance, and accessibility fields were not supplied by this intake.",BPS-H80-027511,Health Center Service Delivery and Look-Alike Sites,2026-06-19,2026-06-19,needs_review,
hrsa-bps-h80-002021,Walton Campus,community_health_center,2780 Reservoir Ave,Bronx,NY,36,Bronx County,36005,10468-2798,40.87068857,-73.89759198,718-364-7400,www.montefiore.org,,,,,,,,,HRSA operating hours per week: 40.50,unknown,,,,,,,,,HRSA Health Center Service Delivery and Look-Alike Sites,https://data.hrsa.gov/DataDownload/DD_Files/Health_Center_Service_Delivery_and_LookAlike_Sites.csv,2026-06-19,"Fields copied from the official HRSA CSV: site name, address, city, state, postal code, phone, website, HRSA geocoding coordinates, county/FIPS, operating hours per week, site status, and location setting. Site status: Active. Location setting: School. Operational schedule: Full-Time. Daily hours, services, price, insurance, and accessibility fields were not supplied by this intake.",BPS-H80-002021,Health Center Service Delivery and Look-Alike Sites,2026-06-19,2026-06-19,needs_review,
hrsa-bps-h80-021485,IS 217,community_health_center,977 Fox St,Bronx,NY,36,Bronx County,36005,10459-3396,40.82209180,-73.89403948,718-860-4340,,,,,,,,,,HRSA operating hours per week: 40.50,unknown,,,,,,,,,HRSA Health Center Service Delivery and Look-Alike Sites,https://data.hrsa.gov/DataDownload/DD_Files/Health_Center_Service_Delivery_and_LookAlike_Sites.csv,2026-06-19,"Fields copied from the official HRSA CSV: site name, address, city, state, postal code, phone, website, HRSA geocoding coordinates, county/FIPS, operating hours per week, site status, and location setting. Site status: Active. Location setting: School. Operational schedule: Unknown. Daily hours, services, price, insurance, and accessibility fields were not supplied by this intake.",BPS-H80-021485,Health Center Service Delivery and Look-Alike Sites,2026-06-19,2026-06-19,needs_review,
hrsa-bps-h80-018664,Juan Morel Campos Secondary School,community_health_center,215 Heyward St,Brooklyn,NY,36,Kings County,36047,11206-2966,40.70373422,-73.95321630,718-302-7900,,,,,,,,,,HRSA operating hours per week: 40.00,unknown,,,,,,,,,HRSA Health Center Service Delivery and Look-Alike Sites,https://data.hrsa.gov/DataDownload/DD_Files/Health_Center_Service_Delivery_and_LookAlike_Sites.csv,2026-06-19,"Fields copied from the official HRSA CSV: site name, address, city, state, postal code, phone, website, HRSA geocoding coordinates, county/FIPS, operating hours per week, site status, and location setting. Site status: Active. Location setting: School. Operational schedule: Unknown. Daily hours, services, price, insurance, and accessibility fields were not supplied by this intake.",BPS-H80-018664,Health Center Service Delivery and Look-Alike Sites,2026-06-19,2026-06-19,needs_review,
hrsa-bps-h80-027271,Optometry -Service Mobile,community_health_center,Sutphin Blvd,Jamaica,NY,36,Queens County,36081,11435-5435,40.69334746,-73.79975301,718-657-7088,,,,,,,,,,HRSA operating hours per week: 40.00,unknown,,,,,,,,,HRSA Health Center Service Delivery and Look-Alike Sites,https://data.hrsa.gov/DataDownload/DD_Files/Health_Center_Service_Delivery_and_LookAlike_Sites.csv,2026-06-19,"Fields copied from the official HRSA CSV: site name, address, city, state, postal code, phone, website, HRSA geocoding coordinates, county/FIPS, operating hours per week, site status, and location setting. Site status: Active. Location setting: All Other Clinic Types. Operational schedule: Unknown. Daily hours, services, price, insurance, and accessibility fields were not supplied by this intake.",BPS-H80-027271,Health Center Service Delivery and Look-Alike Sites,2026-06-19,2026-06-19,needs_review,
hrsa-bps-h80-011844,Monroe Academy,community_health_center,1300 Boynton Ave,Bronx,NY,36,Bronx County,36005,10472-1599,40.83182252,-73.87870311,718-589-2440,http://www.urbanhealthplan.org,,,,,,,,,HRSA operating hours per week: 40.00,unknown,,,,,,,,,HRSA Health Center Service Delivery and Look-Alike Sites,https://data.hrsa.gov/DataDownload/DD_Files/Health_Center_Service_Delivery_and_LookAlike_Sites.csv,2026-06-19,"Fields copied from the official HRSA CSV: site name, address, city, state, postal code, phone, website, HRSA geocoding coordinates, county/FIPS, operating hours per week, site status, and location setting. Site status: Active. Location setting: School. Operational schedule: Full-Time. Daily hours, services, price, insurance, and accessibility fields were not supplied by this intake.",BPS-H80-011844,Health Center Service Delivery and Look-Alike Sites,2026-06-19,2026-06-19,needs_review,
hrsa-bps-h80-021877,Corona District Health Center,community_health_center,34-33 Junction Blvd,Jackson Heights,NY,36,Queens County,36081,11372,40.75419386,-73.87204620,718-334-6100,,,,,,,,,,HRSA operating hours per week: 42.50,unknown,,,,,,,,,HRSA Health Center Service Delivery and Look-Alike Sites,https://data.hrsa.gov/DataDownload/DD_Files/Health_Center_Service_Delivery_and_LookAlike_Sites.csv,2026-06-19,"Fields copied from the official HRSA CSV: site name, address, city, state, postal code, phone, website, HRSA geocoding coordinates, county/FIPS, operating hours per week, site status, and location setting. Site status: Active. Location setting: All Other Clinic Types. Operational schedule: Unknown. Daily hours, services, price, insurance, and accessibility fields were not supplied by this intake.",BPS-H80-021877,Health Center Service Delivery and Look-Alike Sites,2026-06-19,2026-06-19,needs_review,
hrsa-bps-h80-002143,MedVan 2,community_health_center,8 E 3rd St,New York,NY,36,New York County,36061,10003-8980,40.72593603,-73.99095087,212-533-8400,,,,,,,,,,HRSA operating hours per week: 40.00,unknown,,,,,,,,,HRSA Health Center Service Delivery and Look-Alike Sites,https://data.hrsa.gov/DataDownload/DD_Files/Health_Center_Service_Delivery_and_LookAlike_Sites.csv,2026-06-19,"Fields copied from the official HRSA CSV: site name, address, city, state, postal code, phone, website, HRSA geocoding coordinates, county/FIPS, operating hours per week, site status, and location setting. Site status: Active. Location setting: All Other Clinic Types. Operational schedule: Full-Time. Daily hours, services, price, insurance, and accessibility fields were not supplied by this intake.",BPS-H80-002143,Health Center Service Delivery and Look-Alike Sites,2026-06-19,2026-06-19,needs_review,
hrsa-bps-h80-031768,Roosevelt Community Health Center of Excellence,community_health_center,37-50 72nd St,Jackson Heights,NY,36,Queens County,36081,11372,40.74719979,-73.89429605,332-208-2548,,,,,,,,,,HRSA operating hours per week: 58.00,unknown,,,,,,,,,HRSA Health Center Service Delivery and Look-Alike Sites,https://data.hrsa.gov/DataDownload/DD_Files/Health_Center_Service_Delivery_and_LookAlike_Sites.csv,2026-06-19,"Fields copied from the official HRSA CSV: site name, address, city, state, postal code, phone, website, HRSA geocoding coordinates, county/FIPS, operating hours per week, site status, and location setting. Site status: Active. Location setting: All Other Clinic Types. Operational schedule: Unknown. Daily hours, services, price, insurance, and accessibility fields were not supplied by this intake.",BPS-H80-031768,Health Center Service Delivery and Look-Alike Sites,2026-06-19,2026-06-19,needs_review,
hrsa-bps-h80-012896,High School for Fashion Industries School-Based Health Center,community_health_center,225 W 24th St,New York,NY,36,New York County,36061,10011-1794,40.74545313,-73.99651118,212-633-0800,,,,,,,,,,HRSA operating hours per week: 38.00,unknown,,,,,,,,,HRSA Health Center Service Delivery and Look-Alike Sites,https://data.hrsa.gov/DataDownload/DD_Files/Health_Center_Service_Delivery_and_LookAlike_Sites.csv,2026-06-19,"Fields copied from the official HRSA CSV: site name, address, city, state, postal code, phone, website, HRSA geocoding coordinates, county/FIPS, operating hours per week, site status, and location setting. Site status: Active. Location setting: School. Operational schedule: Full-Time. Daily hours, services, price, insurance, and accessibility fields were not supplied by this intake.",BPS-H80-012896,Health Center Service Delivery and Look-Alike Sites,2026-06-19,2026-06-19,needs_review,
hrsa-bps-h80-009181,Open Door 2 Church Street,community_health_center,2 Church St,Ossining,NY,36,Westchester County,36119,10562-4818,41.16085438,-73.86231112,914-502-1452,,,,,,,,,,HRSA operating hours per week: 55.50,unknown,,,,,,,,,HRSA Health Center Service Delivery and Look-Alike Sites,https://data.hrsa.gov/DataDownload/DD_Files/Health_Center_Service_Delivery_and_LookAlike_Sites.csv,2026-06-19,"Fields copied from the official HRSA CSV: site name, address, city, state, postal code, phone, website, HRSA geocoding coordinates, county/FIPS, operating hours per week, site status, and location setting. Site status: Active. Location setting: All Other Clinic Types. Operational schedule: Full-Time. Daily hours, services, price, insurance, and accessibility fields were not supplied by this intake.",BPS-H80-009181,Health Center Service Delivery and Look-Alike Sites,2026-06-19,2026-06-19,needs_review,
hrsa-bps-h80-013459,Community Health Center of Niagara,community_health_center,2715 Highland Ave,Niagara Falls,NY,36,Niagara County,36063,14305-2466,43.11302599,-79.04855999,716-986-9199,,,,,,,,,,HRSA operating hours per week: 40.00,unknown,,,,,,,,,HRSA Health Center Service Delivery and Look-Alike Sites,https://data.hrsa.gov/DataDownload/DD_Files/Health_Center_Service_Delivery_and_LookAlike_Sites.csv,2026-06-19,"Fields copied from the official HRSA CSV: site name, address, city, state, postal code, phone, website, HRSA geocoding coordinates, county/FIPS, operating hours per week, site status, and location setting. Site status: Active. Location setting: All Other Clinic Types. Operational schedule: Full-Time. Daily hours, services, price, insurance, and accessibility fields were not supplied by this intake.",BPS-H80-013459,Health Center Service Delivery and Look-Alike Sites,2026-06-19,2026-06-19,needs_review,
hrsa-bps-h80-018476,Hometown Health Centers at Schenectady High School,community_health_center,1445 The Plz,Schenectady,NY,36,Schenectady County,36093,12308-2639,42.81377893,-73.91196929,518-370-1441,,,,,,,,,,HRSA operating hours per week: 40.00,unknown,,,,,,,,,HRSA Health Center Service Delivery and Look-Alike Sites,https://data.hrsa.gov/DataDownload/DD_Files/Health_Center_Service_Delivery_and_LookAlike_Sites.csv,2026-06-19,"Fields copied from the official HRSA CSV: site name, address, city, state, postal code, phone, website, HRSA geocoding coordinates, county/FIPS, operating hours per week, site status, and location setting. Site status: Active. Location setting: School. Operational schedule: Unknown. Daily hours, services, price, insurance, and accessibility fields were not supplied by this intake.",BPS-H80-018476,Health Center Service Delivery and Look-Alike Sites,2026-06-19,2026-06-19,needs_review,
hrsa-bps-h80-019216,South Shore Educational Complex,community_health_center,6565 Flatlands Ave,Brooklyn,NY,36,Kings County,36047,11236-3525,40.63325984,-73.91713330,718-964-1530,https://nyulangone.org/locations/family-health-centers-at-nyu-langone/school-health-program-family-health-centers-at-nyu-langone,,,,,,,,,HRSA operating hours per week: 35.00,unknown,,,,,,,,,HRSA Health Center Service Delivery and Look-Alike Sites,https://data.hrsa.gov/DataDownload/DD_Files/Health_Center_Service_Delivery_and_LookAlike_Sites.csv,2026-06-19,"Fields copied from the official HRSA CSV: site name, address, city, state, postal code, phone, website, HRSA geocoding coordinates, county/FIPS, operating hours per week, site status, and location setting. Site status: Active. Location setting: School. Operational schedule: Unknown. Daily hours, services, price, insurance, and accessibility fields were not supplied by this intake.",BPS-H80-019216,Health Center Service Delivery and Look-Alike Sites,2026-06-19,2026-06-19,needs_review,
hrsa-bps-h80-038757,Plattsburgh Pediatric and Adolescent Health,community_health_center,25 Degrandpre Way,Plattsburgh,NY,36,Clinton County,36019,12901-6449,44.70138302,-73.49899150,518-824-2563,www.hhhn.org,,,,,,,,,HRSA operating hours per week: 49.00,unknown,,,,,,,,,HRSA Health Center Service Delivery and Look-Alike Sites,https://data.hrsa.gov/DataDownload/DD_Files/Health_Center_Service_Delivery_and_LookAlike_Sites.csv,2026-06-19,"Fields copied from the official HRSA CSV: site name, address, city, state, postal code, phone, website, HRSA geocoding coordinates, county/FIPS, operating hours per week, site status, and location setting. Site status: Active. Location setting: All Other Clinic Types. Operational schedule: Unknown. Daily hours, services, price, insurance, and accessibility fields were not supplied by this intake.",BPS-H80-038757,Health Center Service Delivery and Look-Alike Sites,2026-06-19,2026-06-19,needs_review,
hrsa-bps-h80-015730,Sun River Health Riverhead,community_health_center,300 Center Dr,Riverhead,NY,36,Suffolk County,36103,11901-3398,40.91302862,-72.66879492,914-734-8600,www.sunriver.org,,,,,,,,,HRSA operating hours per week: 49.50,unknown,,,,,,,,,HRSA Health Center Service Delivery and Look-Alike Sites,https://data.hrsa.gov/DataDownload/DD_Files/Health_Center_Service_Delivery_and_LookAlike_Sites.csv,2026-06-19,"Fields copied from the official HRSA CSV: site name, address, city, state, postal code, phone, website, HRSA geocoding coordinates, county/FIPS, operating hours per week, site status, and location setting. Site status: Active. Location setting: All Other Clinic Types. Operational schedule: Unknown. Daily hours, services, price, insurance, and accessibility fields were not supplied by this intake.",BPS-H80-015730,Health Center Service Delivery and Look-Alike Sites,2026-06-19,2026-06-19,needs_review,
hrsa-bps-h80-040131,South Bronx Health Center,community_health_center,1002 Westchester Ave,Bronx,NY,36,Bronx County,36005,10459-3309,40.82359346,-73.89353103,212-545-2400,,,,,,,,,,HRSA operating hours per week: 42.00,unknown,,,,,,,,,HRSA Health Center Service Delivery and Look-Alike Sites,https://data.hrsa.gov/DataDownload/DD_Files/Health_Center_Service_Delivery_and_LookAlike_Sites.csv,2026-06-19,"Fields copied from the official HRSA CSV: site name, address, city, state, postal code, phone, website, HRSA geocoding coordinates, county/FIPS, operating hours per week, site status, and location setting. Site status: Active. Location setting: All Other Clinic Types. Operational schedule: Unknown. Daily hours, services, price, insurance, and accessibility fields were not supplied by this intake.",BPS-H80-040131,Health Center Service Delivery and Look-Alike Sites,2026-06-19,2026-06-19,needs_review,
hrsa-bps-h80-027120,Cornerstone Family Healthcare: Cornwall Administration,community_health_center,2570 United States Route 9W,Cornwall,NY,36,Orange County,36071,12518,41.44554053,-74.03696995,845-220-3100,https://cornerstonefamilyhealthcare.org/,,,,,,,,,HRSA operating hours per week: 40.00,unknown,,,,,,,,,HRSA Health Center Service Delivery and Look-Alike Sites,https://data.hrsa.gov/DataDownload/DD_Files/Health_Center_Service_Delivery_and_LookAlike_Sites.csv,2026-06-19,"Fields copied from the official HRSA CSV: site name, address, city, state, postal code, phone, website, HRSA geocoding coordinates, county/FIPS, operating hours per week, site status, and location setting. Site status: Active. Location setting: All Other Clinic Types. Operational schedule: Unknown. Daily hours, services, price, insurance, and accessibility fields were not supplied by this intake.",BPS-H80-027120,Health Center Service Delivery and Look-Alike Sites,2026-06-19,2026-06-19,needs_review,
hrsa-bps-h80-002451,"SETTLEMENT HEALTH & MEDICAL SERVICES, INC.",community_health_center,212 E 106th St,New York,NY,36,New York County,36061,10029-4007,40.79111945,-73.94409050,212-360-2600,www.settlementhalth.org,,,,,,,,,HRSA operating hours per week: 44.00,unknown,,,,,,,,,HRSA Health Center Service Delivery and Look-Alike Sites,https://data.hrsa.gov/DataDownload/DD_Files/Health_Center_Service_Delivery_and_LookAlike_Sites.csv,2026-06-19,"Fields copied from the official HRSA CSV: site name, address, city, state, postal code, phone, website, HRSA geocoding coordinates, county/FIPS, operating hours per week, site status, and location setting. Site status: Active. Location setting: All Other Clinic Types. Operational schedule: Full-Time. Daily hours, services, price, insurance, and accessibility fields were not supplied by this intake.",BPS-H80-002451,Health Center Service Delivery and Look-Alike Sites,2026-06-19,2026-06-19,needs_review,
hrsa-bps-h80-029975,Ana's Place,community_health_center,4380 Bronx Blvd,Bronx,NY,36,Bronx County,36005,10466-1390,40.89923637,-73.85798036,212-620-0340,,,,,,,,,,HRSA operating hours per week: 50.00,unknown,,,,,,,,,HRSA Health Center Service Delivery and Look-Alike Sites,https://data.hrsa.gov/DataDownload/DD_Files/Health_Center_Service_Delivery_and_LookAlike_Sites.csv,2026-06-19,"Fields copied from the official HRSA CSV: site name, address, city, state, postal code, phone, website, HRSA geocoding coordinates, county/FIPS, operating hours per week, site status, and location setting. Site status: Active. Location setting: All Other Clinic Types. Operational schedule: Unknown. Daily hours, services, price, insurance, and accessibility fields were not supplied by this intake.",BPS-H80-029975,Health Center Service Delivery and Look-Alike Sites,2026-06-19,2026-06-19,needs_review,
hrsa-bps-h80-002549,SHERIDAN PREPARATORY ACADEMY,community_health_center,400 Sheridan Ave,Albany,NY,36,Albany County,36001,12206-2920,42.66170803,-73.76665735,518-465-4771,www.wmyhealth.org,,,,,,,,,HRSA operating hours per week: 35.00,unknown,,,,,,,,,HRSA Health Center Service Delivery and Look-Alike Sites,https://data.hrsa.gov/DataDownload/DD_Files/Health_Center_Service_Delivery_and_LookAlike_Sites.csv,2026-06-19,"Fields copied from the official HRSA CSV: site name, address, city, state, postal code, phone, website, HRSA geocoding coordinates, county/FIPS, operating hours per week, site status, and location setting. Site status: Active. Location setting: School. Operational schedule: Full-Time. Daily hours, services, price, insurance, and accessibility fields were not supplied by this intake.",BPS-H80-002549,Health Center Service Delivery and Look-Alike Sites,2026-06-19,2026-06-19,needs_review,
hrsa-bps-h80-010200,Fort Edward-Kingsbury Health Center,community_health_center,48 East St,Fort Edward,NY,36,Washington County,36115,12828-1811,43.26900692,-73.58311999,518-824-8630,www.hhhn.org,,,,,,,,,HRSA operating hours per week: 48.00,unknown,,,,,,,,,HRSA Health Center Service Delivery and Look-Alike Sites,https://data.hrsa.gov/DataDownload/DD_Files/Health_Center_Service_Delivery_and_LookAlike_Sites.csv,2026-06-19,"Fields copied from the official HRSA CSV: site name, address, city, state, postal code, phone, website, HRSA geocoding coordinates, county/FIPS, operating hours per week, site status, and location setting. Site status: Active. Location setting: All Other Clinic Types. Operational schedule: Full-Time. Daily hours, services, price, insurance, and accessibility fields were not supplied by this intake.",BPS-H80-010200,Health Center Service Delivery and Look-Alike Sites,2026-06-19,2026-06-19,needs_review,
hrsa-bps-h80-036856,West 48th Street Health Center,community_health_center,326 W 48th St,New York,NY,36,New York County,36061,10036-1314,40.76134006,-73.98829448,718-277-0338,,,,,,,,,,HRSA operating hours per week: 44.00,unknown,,,,,,,,,HRSA Health Center Service Delivery and Look-Alike Sites,https://data.hrsa.gov/DataDownload/DD_Files/Health_Center_Service_Delivery_and_LookAlike_Sites.csv,2026-06-19,"Fields copied from the official HRSA CSV: site name, address, city, state, postal code, phone, website, HRSA geocoding coordinates, county/FIPS, operating hours per week, site status, and location setting. Site status: Active. Location setting: All Other Clinic Types. Operational schedule: Unknown. Daily hours, services, price, insurance, and accessibility fields were not supplied by this intake.",BPS-H80-036856,Health Center Service Delivery and Look-Alike Sites,2026-06-19,2026-06-19,needs_review,
hrsa-bps-h80-002645,SBHC CES 126,community_health_center,175 W 166th St,Bronx,NY,36,Bronx County,36005,10452-4500,40.83596050,-73.92839254,718-588-1596,www.mhhc.org,,,,,,,,,HRSA operating hours per week: 40.00,unknown,,,,,,,,,HRSA Health Center Service Delivery and Look-Alike Sites,https://data.hrsa.gov/DataDownload/DD_Files/Health_Center_Service_Delivery_and_LookAlike_Sites.csv,2026-06-19,"Fields copied from the official HRSA CSV: site name, address, city, state, postal code, phone, website, HRSA geocoding coordinates, county/FIPS, operating hours per week, site status, and location setting. Site status: Active. Location setting: School. Operational schedule: Full-Time. Daily hours, services, price, insurance, and accessibility fields were not supplied by this intake.",BPS-H80-002645,Health Center Service Delivery and Look-Alike Sites,2026-06-19,2026-06-19,needs_review,
hrsa-bps-h80-011439,Peninsula Community Health Center,community_health_center,1967 Turnbull Ave FL 2,Bronx,NY,36,Bronx County,36005,10473-2519,40.82363009,-73.85646877,718-991-4833,www.urbanhealthplan.org,,,,,,,,,HRSA operating hours per week: 49.00,unknown,,,,,,,,,HRSA Health Center Service Delivery and Look-Alike Sites,https://data.hrsa.gov/DataDownload/DD_Files/Health_Center_Service_Delivery_and_LookAlike_Sites.csv,2026-06-19,"Fields copied from the official HRSA CSV: site name, address, city, state, postal code, phone, website, HRSA geocoding coordinates, county/FIPS, operating hours per week, site status, and location setting. Site status: Active. Location setting: All Other Clinic Types. Operational schedule: Full-Time. Daily hours, services, price, insurance, and accessibility fields were not supplied by this intake.",BPS-H80-011439,Health Center Service Delivery and Look-Alike Sites,2026-06-19,2026-06-19,needs_review,
hrsa-bps-h80-021477,Cornerstone Family Healthcare at Middletown,community_health_center,10 Benton Ave,Middletown,NY,36,Orange County,36071,10940-5177,41.44414804,-74.41486890,845-343-8838,www.cornerstonefamilyhealthcare.org,,,,,,,,,HRSA operating hours per week: 47.00,unknown,,,,,,,,,HRSA Health Center Service Delivery and Look-Alike Sites,https://data.hrsa.gov/DataDownload/DD_Files/Health_Center_Service_Delivery_and_LookAlike_Sites.csv,2026-06-19,"Fields copied from the official HRSA CSV: site name, address, city, state, postal code, phone, website, HRSA geocoding coordinates, county/FIPS, operating hours per week, site status, and location setting. Site status: Active. Location setting: All Other Clinic Types. Operational schedule: Unknown. Daily hours, services, price, insurance, and accessibility fields were not supplied by this intake.",BPS-H80-021477,Health Center Service Delivery and Look-Alike Sites,2026-06-19,2026-06-19,needs_review,
hrsa-bps-h80-019442,CFH at New City,community_health_center,260 N Little Tor Rd,New City,NY,36,Rockland County,36087,10956-2697,41.16355692,-74.00339440,845-999-3060,,,,,,,,,,HRSA operating hours per week: 45.00,unknown,,,,,,,,,HRSA Health Center Service Delivery and Look-Alike Sites,https://data.hrsa.gov/DataDownload/DD_Files/Health_Center_Service_Delivery_and_LookAlike_Sites.csv,2026-06-19,"Fields copied from the official HRSA CSV: site name, address, city, state, postal code, phone, website, HRSA geocoding coordinates, county/FIPS, operating hours per week, site status, and location setting. Site status: Active. Location setting: All Other Clinic Types. Operational schedule: Unknown. Daily hours, services, price, insurance, and accessibility fields were not supplied by this intake.",BPS-H80-019442,Health Center Service Delivery and Look-Alike Sites,2026-06-19,2026-06-19,needs_review,
hrsa-bps-lal-041409,"Premium Health, Inc.",community_health_center,1010 McDonald Ave,Brooklyn,NY,36,Kings County,36047,11230-1000,40.62875998,-73.97714001,718-434-5600,,,,,,,,,,HRSA operating hours per week: 58.00,unknown,,,,,,,,,HRSA Health Center Service Delivery and Look-Alike Sites,https://data.hrsa.gov/DataDownload/DD_Files/Health_Center_Service_Delivery_and_LookAlike_Sites.csv,2026-06-19,"Fields copied from the official HRSA CSV: site name, address, city, state, postal code, phone, website, HRSA geocoding coordinates, county/FIPS, operating hours per week, site status, and location setting. Site status: Active. Location setting: All Other Clinic Types. Operational schedule: Unknown. Daily hours, services, price, insurance, and accessibility fields were not supplied by this intake.",BPS-LAL-041409,Health Center Service Delivery and Look-Alike Sites,2026-06-19,2026-06-19,needs_review,
hrsa-bps-h80-021609,Sun River Health Mobile Van 1,community_health_center,1037 Main St,Peekskill,NY,36,Westchester County,36119,10566-2913,41.29159623,-73.91842696,631-416-5482,,,,,,,,,,HRSA operating hours per week: 21.00,unknown,,,,,,,,,HRSA Health Center Service Delivery and Look-Alike Sites,https://data.hrsa.gov/DataDownload/DD_Files/Health_Center_Service_Delivery_and_LookAlike_Sites.csv,2026-06-19,"Fields copied from the official HRSA CSV: site name, address, city, state, postal code, phone, website, HRSA geocoding coordinates, county/FIPS, operating hours per week, site status, and location setting. Site status: Active. Location setting: All Other Clinic Types. Operational schedule: Unknown. Daily hours, services, price, insurance, and accessibility fields were not supplied by this intake.",BPS-H80-021609,Health Center Service Delivery and Look-Alike Sites,2026-06-19,2026-06-19,needs_review,
hrsa-bps-h80-010398,LFHC Community Medicine Program at Bowery Residents Committee,community_health_center,317 Bowery,New York,NY,36,New York County,36061,10003-7173,40.72525890,-73.99182469,212-533-5656,www.lmcmc.com,,,,,,,,,HRSA operating hours per week: 40.00,unknown,,,,,,,,,HRSA Health Center Service Delivery and Look-Alike Sites,https://data.hrsa.gov/DataDownload/DD_Files/Health_Center_Service_Delivery_and_LookAlike_Sites.csv,2026-06-19,"Fields copied from the official HRSA CSV: site name, address, city, state, postal code, phone, website, HRSA geocoding coordinates, county/FIPS, operating hours per week, site status, and location setting. Site status: Active. Location setting: All Other Clinic Types. Operational schedule: Full-Time. Daily hours, services, price, insurance, and accessibility fields were not supplied by this intake.",BPS-H80-010398,Health Center Service Delivery and Look-Alike Sites,2026-06-19,2026-06-19,needs_review,
hrsa-bps-h80-002779,Erasmus Academies School-Based Health Center,community_health_center,911 Flatbush Ave,Brooklyn,NY,36,Kings County,36047,11226-4017,40.64947216,-73.95844091,718-630-8561,https://nyulangone.org/locations/family-health-centers-at-nyu-langone/school-health-program-family-health-centers-at-nyu-langone,,,,,,,,,HRSA operating hours per week: 40.00,unknown,,,,,,,,,HRSA Health Center Service Delivery and Look-Alike Sites,https://data.hrsa.gov/DataDownload/DD_Files/Health_Center_Service_Delivery_and_LookAlike_Sites.csv,2026-06-19,"Fields copied from the official HRSA CSV: site name, address, city, state, postal code, phone, website, HRSA geocoding coordinates, county/FIPS, operating hours per week, site status, and location setting. Site status: Active. Location setting: School. Operational schedule: Full-Time. Daily hours, services, price, insurance, and accessibility fields were not supplied by this intake.",BPS-H80-002779,Health Center Service Delivery and Look-Alike Sites,2026-06-19,2026-06-19,needs_review,
hrsa-bps-h80-002873,WASHINGTON IRVING SCHOOL BASED HEALTH CENTER,community_health_center,40 Irving Pl,New York,NY,36,New York County,36061,10003-2399,40.73554748,-73.98745118,646-654-0640,www.institute2000.org,,,,,,,,,HRSA operating hours per week: 40.00,unknown,,,,,,,,,HRSA Health Center Service Delivery and Look-Alike Sites,https://data.hrsa.gov/DataDownload/DD_Files/Health_Center_Service_Delivery_and_LookAlike_Sites.csv,2026-06-19,"Fields copied from the official HRSA CSV: site name, address, city, state, postal code, phone, website, HRSA geocoding coordinates, county/FIPS, operating hours per week, site status, and location setting. Site status: Active. Location setting: School. Operational schedule: Full-Time. Daily hours, services, price, insurance, and accessibility fields were not supplied by this intake.",BPS-H80-002873,Health Center Service Delivery and Look-Alike Sites,2026-06-19,2026-06-19,needs_review,
hrsa-bps-lal-040194,"Premium Health, Inc.",community_health_center,620 Foster Ave,Brooklyn,NY,36,Kings County,36047,11230-1399,40.63015326,-73.97088032,718-407-7300,premiumhealth.org,,,,,,,,,HRSA operating hours per week: 38.00,unknown,,,,,,,,,HRSA Health Center Service Delivery and Look-Alike Sites,https://data.hrsa.gov/DataDownload/DD_Files/Health_Center_Service_Delivery_and_LookAlike_Sites.csv,2026-06-19,"Fields copied from the official HRSA CSV: site name, address, city, state, postal code, phone, website, HRSA geocoding coordinates, county/FIPS, operating hours per week, site status, and location setting. Site status: Active. Location setting: All Other Clinic Types. Operational schedule: Unknown. Daily hours, services, price, insurance, and accessibility fields were not supplied by this intake.",BPS-LAL-040194,Health Center Service Delivery and Look-Alike Sites,2026-06-19,2026-06-19,needs_review,
hrsa-bps-h80-011599,QUEENSBRIDGE CLINIC,community_health_center,1029 41st Ave,Long Island City,NY,36,Queens County,36081,11101-7346,40.75507413,-73.94450247,718-361-6266,www.thefloatinghospital.org,,,,,,,,,HRSA operating hours per week: 40.00,unknown,,,,,,,,,HRSA Health Center Service Delivery and Look-Alike Sites,https://data.hrsa.gov/DataDownload/DD_Files/Health_Center_Service_Delivery_and_LookAlike_Sites.csv,2026-06-19,"Fields copied from the official HRSA CSV: site name, address, city, state, postal code, phone, website, HRSA geocoding coordinates, county/FIPS, operating hours per week, site status, and location setting. Site status: Active. Location setting: All Other Clinic Types. Operational schedule: Full-Time. Daily hours, services, price, insurance, and accessibility fields were not supplied by this intake.",BPS-H80-011599,Health Center Service Delivery and Look-Alike Sites,2026-06-19,2026-06-19,needs_review,
hrsa-bps-h80-012314,BMS@Ashford,community_health_center,650 Ashford St,Brooklyn,NY,36,Kings County,36047,11207-7315,40.66595061,-73.88336420,718-345-5000,www.bmsfhc.org,,,,,,,,,HRSA operating hours per week: 51.00,unknown,,,,,,,,,HRSA Health Center Service Delivery and Look-Alike Sites,https://data.hrsa.gov/DataDownload/DD_Files/Health_Center_Service_Delivery_and_LookAlike_Sites.csv,2026-06-19,"Fields copied from the official HRSA CSV: site name, address, city, state, postal code, phone, website, HRSA geocoding coordinates, county/FIPS, operating hours per week, site status, and location setting. Site status: Active. Location setting: All Other Clinic Types. Operational schedule: Full-Time. Daily hours, services, price, insurance, and accessibility fields were not supplied by this intake.",BPS-H80-012314,Health Center Service Delivery and Look-Alike Sites,2026-06-19,2026-06-19,needs_review,
hrsa-bps-h80-002895,Sun River Health Dover Plains,community_health_center,3174 Route 22,Dover Plains,NY,36,Dutchess County,36027,12522-5924,41.74136609,-73.58142458,845-877-4793,www.hrhcare.org,,,,,,,,,HRSA operating hours per week: 40.75,unknown,,,,,,,,,HRSA Health Center Service Delivery and Look-Alike Sites,https://data.hrsa.gov/DataDownload/DD_Files/Health_Center_Service_Delivery_and_LookAlike_Sites.csv,2026-06-19,"Fields copied from the official HRSA CSV: site name, address, city, state, postal code, phone, website, HRSA geocoding coordinates, county/FIPS, operating hours per week, site status, and location setting. Site status: Active. Location setting: All Other Clinic Types. Operational schedule: Full-Time. Daily hours, services, price, insurance, and accessibility fields were not supplied by this intake.",BPS-H80-002895,Health Center Service Delivery and Look-Alike Sites,2026-06-19,2026-06-19,needs_review,
hrsa-bps-h80-008778,Joseph P. Addabbo Family Health Center at Guy Brewer Blvd.,community_health_center,118-11 Guy R Brewer Blvd,Jamaica,NY,36,Queens County,36081,11434,40.68353006,-73.78224559,718-945-7150,www.addabbo.org,,,,,,,,,HRSA operating hours per week: 35.00,unknown,,,,,,,,,HRSA Health Center Service Delivery and Look-Alike Sites,https://data.hrsa.gov/DataDownload/DD_Files/Health_Center_Service_Delivery_and_LookAlike_Sites.csv,2026-06-19,"Fields copied from the official HRSA CSV: site name, address, city, state, postal code, phone, website, HRSA geocoding coordinates, county/FIPS, operating hours per week, site status, and location setting. Site status: Active. Location setting: All Other Clinic Types. Operational schedule: Full-Time. Daily hours, services, price, insurance, and accessibility fields were not supplied by this intake.",BPS-H80-008778,Health Center Service Delivery and Look-Alike Sites,2026-06-19,2026-06-19,needs_review,
hrsa-bps-h80-006677,Fort Hudson Nursing Home,community_health_center,319 Broadway,Fort Edward,NY,36,Washington County,36115,12828-1298,43.28068794,-73.58815969,518-747-2811,www.hhhn.org,,,,,,,,,HRSA operating hours per week: 12.00,unknown,,,,,,,,,HRSA Health Center Service Delivery and Look-Alike Sites,https://data.hrsa.gov/DataDownload/DD_Files/Health_Center_Service_Delivery_and_LookAlike_Sites.csv,2026-06-19,"Fields copied from the official HRSA CSV: site name, address, city, state, postal code, phone, website, HRSA geocoding coordinates, county/FIPS, operating hours per week, site status, and location setting. Site status: Active. Location setting: Nursing Home. Operational schedule: Part-Time. Daily hours, services, price, insurance, and accessibility fields were not supplied by this intake.",BPS-H80-006677,Health Center Service Delivery and Look-Alike Sites,2026-06-19,2026-06-19,needs_review,
hrsa-bps-h80-010413,Jordan Health Link,community_health_center,273 Upper Falls Blvd,Rochester,NY,36,Monroe County,36055,14605-2103,43.16991766,-77.60965962,585-784-5900,www.jordanhealth.org,,,,,,,,,HRSA operating hours per week: 40.00,unknown,,,,,,,,,HRSA Health Center Service Delivery and Look-Alike Sites,https://data.hrsa.gov/DataDownload/DD_Files/Health_Center_Service_Delivery_and_LookAlike_Sites.csv,2026-06-19,"Fields copied from the official HRSA CSV: site name, address, city, state, postal code, phone, website, HRSA geocoding coordinates, county/FIPS, operating hours per week, site status, and location setting. Site status: Active. Location setting: All Other Clinic Types. Operational schedule: Full-Time. Daily hours, services, price, insurance, and accessibility fields were not supplied by this intake.",BPS-H80-010413,Health Center Service Delivery and Look-Alike Sites,2026-06-19,2026-06-19,needs_review,
hrsa-bps-h80-003189,BronxCare Dr. Martin Luther King. Jr. Health Center,community_health_center,1265 Franklin Ave,Bronx,NY,36,Bronx County,36005,10456-3501,40.83123264,-73.90270586,718-503-7700,N/A,,,,,,,,,HRSA operating hours per week: 48.50,unknown,,,,,,,,,HRSA Health Center Service Delivery and Look-Alike Sites,https://data.hrsa.gov/DataDownload/DD_Files/Health_Center_Service_Delivery_and_LookAlike_Sites.csv,2026-06-19,"Fields copied from the official HRSA CSV: site name, address, city, state, postal code, phone, website, HRSA geocoding coordinates, county/FIPS, operating hours per week, site status, and location setting. Site status: Active. Location setting: All Other Clinic Types. Operational schedule: Full-Time. Daily hours, services, price, insurance, and accessibility fields were not supplied by this intake.",BPS-H80-003189,Health Center Service Delivery and Look-Alike Sites,2026-06-19,2026-06-19,needs_review,
hrsa-bps-h80-035266,The Chautauqua Center - Mobile Unit,community_health_center,107 Institute St,Jamestown,NY,36,Chautauqua County,36013,14701-6628,42.09307712,-79.23505180,716-484-4334,,,,,,,,,,HRSA operating hours per week: 10.00,unknown,,,,,,,,,HRSA Health Center Service Delivery and Look-Alike Sites,https://data.hrsa.gov/DataDownload/DD_Files/Health_Center_Service_Delivery_and_LookAlike_Sites.csv,2026-06-19,"Fields copied from the official HRSA CSV: site name, address, city, state, postal code, phone, website, HRSA geocoding coordinates, county/FIPS, operating hours per week, site status, and location setting. Site status: Active. Location setting: All Other Clinic Types. Operational schedule: Unknown. Daily hours, services, price, insurance, and accessibility fields were not supplied by this intake.",BPS-H80-035266,Health Center Service Delivery and Look-Alike Sites,2026-06-19,2026-06-19,needs_review,
hrsa-bps-h80-013716,Jordan Health at Community Place,community_health_center,151 Parsells Ave,Rochester,NY,36,Monroe County,36055,14609-5118,43.16543045,-77.57506240,585-454-7530,,,,,,,,,,HRSA operating hours per week: 46.00,unknown,,,,,,,,,HRSA Health Center Service Delivery and Look-Alike Sites,https://data.hrsa.gov/DataDownload/DD_Files/Health_Center_Service_Delivery_and_LookAlike_Sites.csv,2026-06-19,"Fields copied from the official HRSA CSV: site name, address, city, state, postal code, phone, website, HRSA geocoding coordinates, county/FIPS, operating hours per week, site status, and location setting. Site status: Active. Location setting: All Other Clinic Types. Operational schedule: Full-Time. Daily hours, services, price, insurance, and accessibility fields were not supplied by this intake.",BPS-H80-013716,Health Center Service Delivery and Look-Alike Sites,2026-06-19,2026-06-19,needs_review,
hrsa-bps-lal-036820,LaSante Health Center Administrative Site,community_health_center,640 Parkside Ave,Brooklyn,NY,36,Kings County,36047,11226-8414,40.65610497,-73.95224760,718-246-5700,,,,,,,,,,,unknown,,,,,,,,,HRSA Health Center Service Delivery and Look-Alike Sites,https://data.hrsa.gov/DataDownload/DD_Files/Health_Center_Service_Delivery_and_LookAlike_Sites.csv,2026-06-19,"Fields copied from the official HRSA CSV: site name, address, city, state, postal code, phone, website, HRSA geocoding coordinates, county/FIPS, operating hours per week, site status, and location setting. Site status: Active. Location setting: Unknown. Operational schedule: Unknown. Daily hours, services, price, insurance, and accessibility fields were not supplied by this intake.",BPS-LAL-036820,Health Center Service Delivery and Look-Alike Sites,2026-06-19,2026-06-19,needs_review,
hrsa-bps-h80-003275,Joseph P. Addabbo Family Health Center at Central Avenue,community_health_center,1288 Central Ave,Far Rockaway,NY,36,Queens County,36081,11691-3909,40.60782915,-73.74915141,718-945-7150,www.addabbo.org,,,,,,,,,HRSA operating hours per week: 49.00,unknown,,,,,,,,,HRSA Health Center Service Delivery and Look-Alike Sites,https://data.hrsa.gov/DataDownload/DD_Files/Health_Center_Service_Delivery_and_LookAlike_Sites.csv,2026-06-19,"Fields copied from the official HRSA CSV: site name, address, city, state, postal code, phone, website, HRSA geocoding coordinates, county/FIPS, operating hours per week, site status, and location setting. Site status: Active. Location setting: All Other Clinic Types. Operational schedule: Full-Time. Daily hours, services, price, insurance, and accessibility fields were not supplied by this intake.",BPS-H80-003275,Health Center Service Delivery and Look-Alike Sites,2026-06-19,2026-06-19,needs_review,
hrsa-bps-h80-003295,MHHC at 85 W Burnside,community_health_center,85 W Burnside Ave,Bronx,NY,36,Bronx County,36005,10453-4015,40.85470160,-73.91035334,718-716-4400,www.mhhc.org,,,,,,,,,HRSA operating hours per week: 53.50,unknown,,,,,,,,,HRSA Health Center Service Delivery and Look-Alike Sites,https://data.hrsa.gov/DataDownload/DD_Files/Health_Center_Service_Delivery_and_LookAlike_Sites.csv,2026-06-19,"Fields copied from the official HRSA CSV: site name, address, city, state, postal code, phone, website, HRSA geocoding coordinates, county/FIPS, operating hours per week, site status, and location setting. Site status: Active. Location setting: All Other Clinic Types. Operational schedule: Full-Time. Daily hours, services, price, insurance, and accessibility fields were not supplied by this intake.",BPS-H80-003295,Health Center Service Delivery and Look-Alike Sites,2026-06-19,2026-06-19,needs_review,
hrsa-bps-h80-035789,Temporary Site - BCCHC Hotel Sanctuary 2,community_health_center,310 Wild Ave,Staten Island,NY,36,Richmond County,36085,10314-4710,40.58718201,-74.19115062,917-348-6291,,,,,,,,,,HRSA operating hours per week: 40.00,unknown,,,,,,,,,HRSA Health Center Service Delivery and Look-Alike Sites,https://data.hrsa.gov/DataDownload/DD_Files/Health_Center_Service_Delivery_and_LookAlike_Sites.csv,2026-06-19,"Fields copied from the official HRSA CSV: site name, address, city, state, postal code, phone, website, HRSA geocoding coordinates, county/FIPS, operating hours per week, site status, and location setting. Site status: Active. Location setting: All Other Clinic Types. Operational schedule: Unknown. Daily hours, services, price, insurance, and accessibility fields were not supplied by this intake.",BPS-H80-035789,Health Center Service Delivery and Look-Alike Sites,2026-06-19,2026-06-19,needs_review,
hrsa-bps-h80-012319,Health Opportunities HS,community_health_center,350 Gerard Ave,Bronx,NY,36,Bronx County,36005,10451-5432,40.81555459,-73.93044208,718-401-1826,,,,,,,,,,HRSA operating hours per week: 40.00,unknown,,,,,,,,,HRSA Health Center Service Delivery and Look-Alike Sites,https://data.hrsa.gov/DataDownload/DD_Files/Health_Center_Service_Delivery_and_LookAlike_Sites.csv,2026-06-19,"Fields copied from the official HRSA CSV: site name, address, city, state, postal code, phone, website, HRSA geocoding coordinates, county/FIPS, operating hours per week, site status, and location setting. Site status: Active. Location setting: School. Operational schedule: Full-Time. Daily hours, services, price, insurance, and accessibility fields were not supplied by this intake.",BPS-H80-012319,Health Center Service Delivery and Look-Alike Sites,2026-06-19,2026-06-19,needs_review,
hrsa-bps-h80-003385,Park Ridge Family Health Center at NYU Langone,community_health_center,6317 4th Ave,Brooklyn,NY,36,Kings County,36047,11220-4922,40.63863541,-74.02024093,718-907-8100,https://nyulangone.org/locations/park-ridge-family-health-center-at-nyu-langone,,,,,,,,,HRSA operating hours per week: 52.50,unknown,,,,,,,,,HRSA Health Center Service Delivery and Look-Alike Sites,https://data.hrsa.gov/DataDownload/DD_Files/Health_Center_Service_Delivery_and_LookAlike_Sites.csv,2026-06-19,"Fields copied from the official HRSA CSV: site name, address, city, state, postal code, phone, website, HRSA geocoding coordinates, county/FIPS, operating hours per week, site status, and location setting. Site status: Active. Location setting: All Other Clinic Types. Operational schedule: Full-Time. Daily hours, services, price, insurance, and accessibility fields were not supplied by this intake.",BPS-H80-003385,Health Center Service Delivery and Look-Alike Sites,2026-06-19,2026-06-19,needs_review,
hrsa-bps-h80-011204,Sun River Health Elsie Owens Health Center,community_health_center,82 Middle Country Rd,Coram,NY,36,Suffolk County,36103,11727-4460,40.87226843,-72.98381425,914-734-8600,,,,,,,,,,HRSA operating hours per week: 52.00,unknown,,,,,,,,,HRSA Health Center Service Delivery and Look-Alike Sites,https://data.hrsa.gov/DataDownload/DD_Files/Health_Center_Service_Delivery_and_LookAlike_Sites.csv,2026-06-19,"Fields copied from the official HRSA CSV: site name, address, city, state, postal code, phone, website, HRSA geocoding coordinates, county/FIPS, operating hours per week, site status, and location setting. Site status: Active. Location setting: All Other Clinic Types. Operational schedule: Full-Time. Daily hours, services, price, insurance, and accessibility fields were not supplied by this intake.",BPS-H80-011204,Health Center Service Delivery and Look-Alike Sites,2026-06-19,2026-06-19,needs_review,
hrsa-bps-h80-040239,Care Found Here: Liberty Avenue Health Center,community_health_center,486 Liberty Ave,Brooklyn,NY,36,Kings County,36047,11207-3102,40.67502942,-73.89204400,212-366-4459,,,,,,,,,,HRSA operating hours per week: 40.00,unknown,,,,,,,,,HRSA Health Center Service Delivery and Look-Alike Sites,https://data.hrsa.gov/DataDownload/DD_Files/Health_Center_Service_Delivery_and_LookAlike_Sites.csv,2026-06-19,"Fields copied from the official HRSA CSV: site name, address, city, state, postal code, phone, website, HRSA geocoding coordinates, county/FIPS, operating hours per week, site status, and location setting. Site status: Active. Location setting: All Other Clinic Types. Operational schedule: Unknown. Daily hours, services, price, insurance, and accessibility fields were not supplied by this intake.",BPS-H80-040239,Health Center Service Delivery and Look-Alike Sites,2026-06-19,2026-06-19,needs_review,
hrsa-bps-h80-003386,"Charles B. Wang Community Health Center, Inc.",community_health_center,125 Walker St,New York,NY,36,New York County,36061,10013-4135,40.71737564,-73.99987601,212-226-8866,www.cbwchc.org,,,,,,,,,HRSA operating hours per week: 67.00,unknown,,,,,,,,,HRSA Health Center Service Delivery and Look-Alike Sites,https://data.hrsa.gov/DataDownload/DD_Files/Health_Center_Service_Delivery_and_LookAlike_Sites.csv,2026-06-19,"Fields copied from the official HRSA CSV: site name, address, city, state, postal code, phone, website, HRSA geocoding coordinates, county/FIPS, operating hours per week, site status, and location setting. Site status: Active. Location setting: All Other Clinic Types. Operational schedule: Full-Time. Daily hours, services, price, insurance, and accessibility fields were not supplied by this intake.",BPS-H80-003386,Health Center Service Delivery and Look-Alike Sites,2026-06-19,2026-06-19,needs_review,
hrsa-bps-h80-035314,Aizer Health Center Mobile 1,community_health_center,49 Forest Rd,Monroe,NY,36,Orange County,36071,10950-2923,41.33964708,-74.17145499,845-782-3242,,,,,,,,,,HRSA operating hours per week: 40.00,unknown,,,,,,,,,HRSA Health Center Service Delivery and Look-Alike Sites,https://data.hrsa.gov/DataDownload/DD_Files/Health_Center_Service_Delivery_and_LookAlike_Sites.csv,2026-06-19,"Fields copied from the official HRSA CSV: site name, address, city, state, postal code, phone, website, HRSA geocoding coordinates, county/FIPS, operating hours per week, site status, and location setting. Site status: Active. Location setting: All Other Clinic Types. Operational schedule: Unknown. Daily hours, services, price, insurance, and accessibility fields were not supplied by this intake.",BPS-H80-035314,Health Center Service Delivery and Look-Alike Sites,2026-06-19,2026-06-19,needs_review,
hrsa-bps-h80-014000,International Community HS,community_health_center,345 Brook Ave,Bronx,NY,36,Bronx County,36005,10454-2112,40.81023950,-73.91787426,718-483-1270,,,,,,,,,,HRSA operating hours per week: 40.00,unknown,,,,,,,,,HRSA Health Center Service Delivery and Look-Alike Sites,https://data.hrsa.gov/DataDownload/DD_Files/Health_Center_Service_Delivery_and_LookAlike_Sites.csv,2026-06-19,"Fields copied from the official HRSA CSV: site name, address, city, state, postal code, phone, website, HRSA geocoding coordinates, county/FIPS, operating hours per week, site status, and location setting. Site status: Active. Location setting: School. Operational schedule: Full-Time. Daily hours, services, price, insurance, and accessibility fields were not supplied by this intake.",BPS-H80-014000,Health Center Service Delivery and Look-Alike Sites,2026-06-19,2026-06-19,needs_review,
hrsa-bps-h80-018491,Jonathan Williams Child Health Clinic,community_health_center,333 Roebling St,Brooklyn,NY,36,Kings County,36047,11211-6204,40.70816535,-73.96052750,718-387-6407,,,,,,,,,,HRSA operating hours per week: 56.00,unknown,,,,,,,,,HRSA Health Center Service Delivery and Look-Alike Sites,https://data.hrsa.gov/DataDownload/DD_Files/Health_Center_Service_Delivery_and_LookAlike_Sites.csv,2026-06-19,"Fields copied from the official HRSA CSV: site name, address, city, state, postal code, phone, website, HRSA geocoding coordinates, county/FIPS, operating hours per week, site status, and location setting. Site status: Active. Location setting: All Other Clinic Types. Operational schedule: Unknown. Daily hours, services, price, insurance, and accessibility fields were not supplied by this intake.",BPS-H80-018491,Health Center Service Delivery and Look-Alike Sites,2026-06-19,2026-06-19,needs_review,
hrsa-bps-h80-010672,Harmony Healthcare Long Island at Westbury,community_health_center,682 Union Ave,Westbury,NY,36,Nassau County,36059,11590-3552,40.76109619,-73.57529263,516-571-9500,www.harmonyhealthcareli.org,,,,,,,,,HRSA operating hours per week: 62.00,unknown,,,,,,,,,HRSA Health Center Service Delivery and Look-Alike Sites,https://data.hrsa.gov/DataDownload/DD_Files/Health_Center_Service_Delivery_and_LookAlike_Sites.csv,2026-06-19,"Fields copied from the official HRSA CSV: site name, address, city, state, postal code, phone, website, HRSA geocoding coordinates, county/FIPS, operating hours per week, site status, and location setting. Site status: Active. Location setting: All Other Clinic Types. Operational schedule: Full-Time. Daily hours, services, price, insurance, and accessibility fields were not supplied by this intake.",BPS-H80-010672,Health Center Service Delivery and Look-Alike Sites,2026-06-19,2026-06-19,needs_review,
hrsa-bps-h80-021641,Frank J. Macchiarola Educational Complex,community_health_center,3000 Avenue X,Brooklyn,NY,36,Kings County,36047,11235-1298,40.59372433,-73.93696580,718-332-2008,,,,,,,,,,HRSA operating hours per week: 35.00,unknown,,,,,,,,,HRSA Health Center Service Delivery and Look-Alike Sites,https://data.hrsa.gov/DataDownload/DD_Files/Health_Center_Service_Delivery_and_LookAlike_Sites.csv,2026-06-19,"Fields copied from the official HRSA CSV: site name, address, city, state, postal code, phone, website, HRSA geocoding coordinates, county/FIPS, operating hours per week, site status, and location setting. Site status: Active. Location setting: School. Operational schedule: Unknown. Daily hours, services, price, insurance, and accessibility fields were not supplied by this intake.",BPS-H80-021641,Health Center Service Delivery and Look-Alike Sites,2026-06-19,2026-06-19,needs_review,
hrsa-bps-h80-035375,Regional Health Reach Monroe,community_health_center,360 Monroe Ave,Rochester,NY,36,Monroe County,36055,14607-3662,43.14823715,-77.59628110,585-368-3720,,,,,,,,,,HRSA operating hours per week: 40.00,unknown,,,,,,,,,HRSA Health Center Service Delivery and Look-Alike Sites,https://data.hrsa.gov/DataDownload/DD_Files/Health_Center_Service_Delivery_and_LookAlike_Sites.csv,2026-06-19,"Fields copied from the official HRSA CSV: site name, address, city, state, postal code, phone, website, HRSA geocoding coordinates, county/FIPS, operating hours per week, site status, and location setting. Site status: Active. Location setting: All Other Clinic Types. Operational schedule: Unknown. Daily hours, services, price, insurance, and accessibility fields were not supplied by this intake.",BPS-H80-035375,Health Center Service Delivery and Look-Alike Sites,2026-06-19,2026-06-19,needs_review,
hrsa-bps-h80-021481,The Institute for Family Health at 17th Street,community_health_center,230 W 17th St,New York,NY,36,New York County,36061,10011-5325,40.74092740,-73.99980577,212-206-5200,https://www.institute.org,,,,,,,,,HRSA operating hours per week: 54.00,unknown,,,,,,,,,HRSA Health Center Service Delivery and Look-Alike Sites,https://data.hrsa.gov/DataDownload/DD_Files/Health_Center_Service_Delivery_and_LookAlike_Sites.csv,2026-06-19,"Fields copied from the official HRSA CSV: site name, address, city, state, postal code, phone, website, HRSA geocoding coordinates, county/FIPS, operating hours per week, site status, and location setting. Site status: Active. Location setting: All Other Clinic Types. Operational schedule: Unknown. Daily hours, services, price, insurance, and accessibility fields were not supplied by this intake.",BPS-H80-021481,Health Center Service Delivery and Look-Alike Sites,2026-06-19,2026-06-19,needs_review,
hrsa-bps-h80-003593,OPEN DOOR MT. KISCO CLINIC,community_health_center,30 W Main St,Mount Kisco,NY,36,Westchester County,36119,10549-1910,41.20936540,-73.73004478,914-406-8181,www.opendoormedical.org,,,,,,,,,HRSA operating hours per week: 52.00,unknown,,,,,,,,,HRSA Health Center Service Delivery and Look-Alike Sites,https://data.hrsa.gov/DataDownload/DD_Files/Health_Center_Service_Delivery_and_LookAlike_Sites.csv,2026-06-19,"Fields copied from the official HRSA CSV: site name, address, city, state, postal code, phone, website, HRSA geocoding coordinates, county/FIPS, operating hours per week, site status, and location setting. Site status: Active. Location setting: All Other Clinic Types. Operational schedule: Full-Time. Daily hours, services, price, insurance, and accessibility fields were not supplied by this intake.",BPS-H80-003593,Health Center Service Delivery and Look-Alike Sites,2026-06-19,2026-06-19,needs_review,
hrsa-bps-h80-008725,Bronx Health Collective @ 890 Prospect Ave,community_health_center,890 Prospect Ave,Bronx,NY,36,Bronx County,36005,10459-3978,40.82070460,-73.90098489,718-991-0605,,,,,,,,,,HRSA operating hours per week: 49.00,unknown,,,,,,,,,HRSA Health Center Service Delivery and Look-Alike Sites,https://data.hrsa.gov/DataDownload/DD_Files/Health_Center_Service_Delivery_and_LookAlike_Sites.csv,2026-06-19,"Fields copied from the official HRSA CSV: site name, address, city, state, postal code, phone, website, HRSA geocoding coordinates, county/FIPS, operating hours per week, site status, and location setting. Site status: Active. Location setting: All Other Clinic Types. Operational schedule: Full-Time. Daily hours, services, price, insurance, and accessibility fields were not supplied by this intake.",BPS-H80-008725,Health Center Service Delivery and Look-Alike Sites,2026-06-19,2026-06-19,needs_review,
hrsa-bps-h80-003698,"BROOKLYN PLAZA MEDICAL CENTER, INC.",community_health_center,650 Fulton St,Brooklyn,NY,36,Kings County,36047,11217-1517,40.68684812,-73.97610661,718-596-9800,www.brooklynplaza.org,,,,,,,,,HRSA operating hours per week: 56.00,unknown,,,,,,,,,HRSA Health Center Service Delivery and Look-Alike Sites,https://data.hrsa.gov/DataDownload/DD_Files/Health_Center_Service_Delivery_and_LookAlike_Sites.csv,2026-06-19,"Fields copied from the official HRSA CSV: site name, address, city, state, postal code, phone, website, HRSA geocoding coordinates, county/FIPS, operating hours per week, site status, and location setting. Site status: Active. Location setting: All Other Clinic Types. Operational schedule: Full-Time. Daily hours, services, price, insurance, and accessibility fields were not supplied by this intake.",BPS-H80-003698,Health Center Service Delivery and Look-Alike Sites,2026-06-19,2026-06-19,needs_review,
hrsa-bps-h80-014519,Cylar House Community Health Center,community_health_center,743-749 E 9th St,New York,NY,36,New York County,36061,10009,40.72507299,-73.97691596,718-277-0386,,,,,,,,,,HRSA operating hours per week: 24.00,unknown,,,,,,,,,HRSA Health Center Service Delivery and Look-Alike Sites,https://data.hrsa.gov/DataDownload/DD_Files/Health_Center_Service_Delivery_and_LookAlike_Sites.csv,2026-06-19,"Fields copied from the official HRSA CSV: site name, address, city, state, postal code, phone, website, HRSA geocoding coordinates, county/FIPS, operating hours per week, site status, and location setting. Site status: Active. Location setting: All Other Clinic Types. Operational schedule: Unknown. Daily hours, services, price, insurance, and accessibility fields were not supplied by this intake.",BPS-H80-014519,Health Center Service Delivery and Look-Alike Sites,2026-06-19,2026-06-19,needs_review,
hrsa-bps-h80-017740,"CHCR - 135 Canal St, 3rd Floor",community_health_center,135 Canal St,Staten Island,NY,36,Richmond County,36085,10304-2273,40.62685397,-74.07811135,718-924-2254,,,,,,,,,,HRSA operating hours per week: 45.00,unknown,,,,,,,,,HRSA Health Center Service Delivery and Look-Alike Sites,https://data.hrsa.gov/DataDownload/DD_Files/Health_Center_Service_Delivery_and_LookAlike_Sites.csv,2026-06-19,"Fields copied from the official HRSA CSV: site name, address, city, state, postal code, phone, website, HRSA geocoding coordinates, county/FIPS, operating hours per week, site status, and location setting. Site status: Active. Location setting: All Other Clinic Types. Operational schedule: Unknown. Daily hours, services, price, insurance, and accessibility fields were not supplied by this intake.",BPS-H80-017740,Health Center Service Delivery and Look-Alike Sites,2026-06-19,2026-06-19,needs_review,
hrsa-bps-h80-024724,Dover Middle School,community_health_center,2368 Route 22,Dover Plains,NY,36,Dutchess County,36027,12522-6700,41.68646450,-73.57387693,845-838-7038,,,,,,,,,,HRSA operating hours per week: 21.00,unknown,,,,,,,,,HRSA Health Center Service Delivery and Look-Alike Sites,https://data.hrsa.gov/DataDownload/DD_Files/Health_Center_Service_Delivery_and_LookAlike_Sites.csv,2026-06-19,"Fields copied from the official HRSA CSV: site name, address, city, state, postal code, phone, website, HRSA geocoding coordinates, county/FIPS, operating hours per week, site status, and location setting. Site status: Active. Location setting: School. Operational schedule: Unknown. Daily hours, services, price, insurance, and accessibility fields were not supplied by this intake.",BPS-H80-024724,Health Center Service Delivery and Look-Alike Sites,2026-06-19,2026-06-19,needs_review,
hrsa-bps-h80-012587,Mobile Dental Clinic,community_health_center,234 E 121st St,New York,NY,36,New York County,36061,10035-3017,40.80065634,-73.93661410,917-804-0502,https://www.harlemunited.org/,,,,,,,,,HRSA operating hours per week: 28.00,unknown,,,,,,,,,HRSA Health Center Service Delivery and Look-Alike Sites,https://data.hrsa.gov/DataDownload/DD_Files/Health_Center_Service_Delivery_and_LookAlike_Sites.csv,2026-06-19,"Fields copied from the official HRSA CSV: site name, address, city, state, postal code, phone, website, HRSA geocoding coordinates, county/FIPS, operating hours per week, site status, and location setting. Site status: Active. Location setting: All Other Clinic Types. Operational schedule: Full-Time. Daily hours, services, price, insurance, and accessibility fields were not supplied by this intake.",BPS-H80-012587,Health Center Service Delivery and Look-Alike Sites,2026-06-19,2026-06-19,needs_review,
hrsa-bps-h80-003938,Comprehensive Family Care Center,community_health_center,1621 Eastchester Rd,Bronx,NY,36,Bronx County,36005,10461-2604,40.84523579,-73.84547833,718-405-8040,www.montefiore.org,,,,,,,,,HRSA operating hours per week: 45.00,unknown,,,,,,,,,HRSA Health Center Service Delivery and Look-Alike Sites,https://data.hrsa.gov/DataDownload/DD_Files/Health_Center_Service_Delivery_and_LookAlike_Sites.csv,2026-06-19,"Fields copied from the official HRSA CSV: site name, address, city, state, postal code, phone, website, HRSA geocoding coordinates, county/FIPS, operating hours per week, site status, and location setting. Site status: Active. Location setting: All Other Clinic Types. Operational schedule: Full-Time. Daily hours, services, price, insurance, and accessibility fields were not supplied by this intake.",BPS-H80-003938,Health Center Service Delivery and Look-Alike Sites,2026-06-19,2026-06-19,needs_review,
hrsa-bps-h80-015781,TapCo Theater Arts Production Co,community_health_center,2225 Webster Ave,Bronx,NY,36,Bronx County,36005,10457-2493,40.85478550,-73.89675144,718-483-1270 x2306,,,,,,,,,,HRSA operating hours per week: 40.00,unknown,,,,,,,,,HRSA Health Center Service Delivery and Look-Alike Sites,https://data.hrsa.gov/DataDownload/DD_Files/Health_Center_Service_Delivery_and_LookAlike_Sites.csv,2026-06-19,"Fields copied from the official HRSA CSV: site name, address, city, state, postal code, phone, website, HRSA geocoding coordinates, county/FIPS, operating hours per week, site status, and location setting. Site status: Active. Location setting: School. Operational schedule: Unknown. Daily hours, services, price, insurance, and accessibility fields were not supplied by this intake.",BPS-H80-015781,Health Center Service Delivery and Look-Alike Sites,2026-06-19,2026-06-19,needs_review,
hrsa-bps-h80-007012,"Glens Falls Crossings, LLC",community_health_center,170 Warren St,Glens Falls,NY,36,Warren County,36113,12801-4589,43.31115792,-73.63401423,518-793-5163,www.hhhn.org,,,,,,,,,HRSA operating hours per week: 12.00,unknown,,,,,,,,,HRSA Health Center Service Delivery and Look-Alike Sites,https://data.hrsa.gov/DataDownload/DD_Files/Health_Center_Service_Delivery_and_LookAlike_Sites.csv,2026-06-19,"Fields copied from the official HRSA CSV: site name, address, city, state, postal code, phone, website, HRSA geocoding coordinates, county/FIPS, operating hours per week, site status, and location setting. Site status: Active. Location setting: Nursing Home. Operational schedule: Part-Time. Daily hours, services, price, insurance, and accessibility fields were not supplied by this intake.",BPS-H80-007012,Health Center Service Delivery and Look-Alike Sites,2026-06-19,2026-06-19,needs_review,
hrsa-bps-h80-014785,Boricua Community Health Center,community_health_center,3209 3rd Ave,Bronx,NY,36,Bronx County,36005,10451-4203,40.82317407,-73.90948272,718-589-2440,www.urbanhealthplan.org,,,,,,,,,HRSA operating hours per week: 49.00,unknown,,,,,,,,,HRSA Health Center Service Delivery and Look-Alike Sites,https://data.hrsa.gov/DataDownload/DD_Files/Health_Center_Service_Delivery_and_LookAlike_Sites.csv,2026-06-19,"Fields copied from the official HRSA CSV: site name, address, city, state, postal code, phone, website, HRSA geocoding coordinates, county/FIPS, operating hours per week, site status, and location setting. Site status: Active. Location setting: All Other Clinic Types. Operational schedule: Unknown. Daily hours, services, price, insurance, and accessibility fields were not supplied by this intake.",BPS-H80-014785,Health Center Service Delivery and Look-Alike Sites,2026-06-19,2026-06-19,needs_review,
hrsa-bps-h80-029639,Williams Avenue,community_health_center,116 Williams Ave,Brooklyn,NY,36,Kings County,36047,11207-2900,40.67298680,-73.90014444,212-913-9993 x675,,,,,,,,,,HRSA operating hours per week: 35.00,unknown,,,,,,,,,HRSA Health Center Service Delivery and Look-Alike Sites,https://data.hrsa.gov/DataDownload/DD_Files/Health_Center_Service_Delivery_and_LookAlike_Sites.csv,2026-06-19,"Fields copied from the official HRSA CSV: site name, address, city, state, postal code, phone, website, HRSA geocoding coordinates, county/FIPS, operating hours per week, site status, and location setting. Site status: Active. Location setting: All Other Clinic Types. Operational schedule: Unknown. Daily hours, services, price, insurance, and accessibility fields were not supplied by this intake.",BPS-H80-029639,Health Center Service Delivery and Look-Alike Sites,2026-06-19,2026-06-19,needs_review,
hrsa-bps-h80-038114,Sterling Health and Wellness Center,community_health_center,803 Sterling Pl,Brooklyn,NY,36,Kings County,36047,11216-3903,40.67273031,-73.95179792,718-636-4500,,,,,,,,,,HRSA operating hours per week: 40.00,unknown,,,,,,,,,HRSA Health Center Service Delivery and Look-Alike Sites,https://data.hrsa.gov/DataDownload/DD_Files/Health_Center_Service_Delivery_and_LookAlike_Sites.csv,2026-06-19,"Fields copied from the official HRSA CSV: site name, address, city, state, postal code, phone, website, HRSA geocoding coordinates, county/FIPS, operating hours per week, site status, and location setting. Site status: Active. Location setting: All Other Clinic Types. Operational schedule: Unknown. Daily hours, services, price, insurance, and accessibility fields were not supplied by this intake.",BPS-H80-038114,Health Center Service Delivery and Look-Alike Sites,2026-06-19,2026-06-19,needs_review,
hrsa-bps-h80-038599,Mosaic Health Mobile Dental and Medical,community_health_center,2 Rubin Dr,Rushville,NY,36,Yates County,36123,14544-9681,42.75451213,-77.22313796,585-554-4400,,,,,,,,,,HRSA operating hours per week: 40.00,unknown,,,,,,,,,HRSA Health Center Service Delivery and Look-Alike Sites,https://data.hrsa.gov/DataDownload/DD_Files/Health_Center_Service_Delivery_and_LookAlike_Sites.csv,2026-06-19,"Fields copied from the official HRSA CSV: site name, address, city, state, postal code, phone, website, HRSA geocoding coordinates, county/FIPS, operating hours per week, site status, and location setting. Site status: Active. Location setting: All Other Clinic Types. Operational schedule: Unknown. Daily hours, services, price, insurance, and accessibility fields were not supplied by this intake.",BPS-H80-038599,Health Center Service Delivery and Look-Alike Sites,2026-06-19,2026-06-19,needs_review,
hrsa-bps-h80-035315,Aizer Health Center Mobile 2,community_health_center,49 Forest Rd,Monroe,NY,36,Orange County,36071,10950-2923,41.33964708,-74.17145499,845-782-3242,,,,,,,,,,HRSA operating hours per week: 40.00,unknown,,,,,,,,,HRSA Health Center Service Delivery and Look-Alike Sites,https://data.hrsa.gov/DataDownload/DD_Files/Health_Center_Service_Delivery_and_LookAlike_Sites.csv,2026-06-19,"Fields copied from the official HRSA CSV: site name, address, city, state, postal code, phone, website, HRSA geocoding coordinates, county/FIPS, operating hours per week, site status, and location setting. Site status: Active. Location setting: All Other Clinic Types. Operational schedule: Unknown. Daily hours, services, price, insurance, and accessibility fields were not supplied by this intake.",BPS-H80-035315,Health Center Service Delivery and Look-Alike Sites,2026-06-19,2026-06-19,needs_review,
hrsa-bps-h80-004157,BETANCES HEALTH CENTER,community_health_center,280 Henry St,New York,NY,36,New York County,36061,10002-5808,40.71383843,-73.98367522,212-227-8408 x101,www.betances.org,,,,,,,,,HRSA operating hours per week: 52.00,unknown,,,,,,,,,HRSA Health Center Service Delivery and Look-Alike Sites,https://data.hrsa.gov/DataDownload/DD_Files/Health_Center_Service_Delivery_and_LookAlike_Sites.csv,2026-06-19,"Fields copied from the official HRSA CSV: site name, address, city, state, postal code, phone, website, HRSA geocoding coordinates, county/FIPS, operating hours per week, site status, and location setting. Site status: Active. Location setting: All Other Clinic Types. Operational schedule: Full-Time. Daily hours, services, price, insurance, and accessibility fields were not supplied by this intake.",BPS-H80-004157,Health Center Service Delivery and Look-Alike Sites,2026-06-19,2026-06-19,needs_review,
hrsa-bps-h80-029667,Moreau Family Health,community_health_center,1299 US Hwy 9,Gansevoort,NY,36,Saratoga County,36091,12831-1560,43.24259550,-73.68283957,518-761-6961,,,,,,,,,,HRSA operating hours per week: 55.50,unknown,,,,,,,,,HRSA Health Center Service Delivery and Look-Alike Sites,https://data.hrsa.gov/DataDownload/DD_Files/Health_Center_Service_Delivery_and_LookAlike_Sites.csv,2026-06-19,"Fields copied from the official HRSA CSV: site name, address, city, state, postal code, phone, website, HRSA geocoding coordinates, county/FIPS, operating hours per week, site status, and location setting. Site status: Active. Location setting: All Other Clinic Types. Operational schedule: Unknown. Daily hours, services, price, insurance, and accessibility fields were not supplied by this intake.",BPS-H80-029667,Health Center Service Delivery and Look-Alike Sites,2026-06-19,2026-06-19,needs_review,
hrsa-bps-lal-039757,Rambam Family Health Center,community_health_center,1651 Coney Island Ave,Brooklyn,NY,36,Kings County,36047,11230,40.61715519,-73.96364607,718-942-3680,,,,,,,,,,HRSA operating hours per week: 40.00,unknown,,,,,,,,,HRSA Health Center Service Delivery and Look-Alike Sites,https://data.hrsa.gov/DataDownload/DD_Files/Health_Center_Service_Delivery_and_LookAlike_Sites.csv,2026-06-19,"Fields copied from the official HRSA CSV: site name, address, city, state, postal code, phone, website, HRSA geocoding coordinates, county/FIPS, operating hours per week, site status, and location setting. Site status: Active. Location setting: All Other Clinic Types. Operational schedule: Unknown. Daily hours, services, price, insurance, and accessibility fields were not supplied by this intake.",BPS-LAL-039757,Health Center Service Delivery and Look-Alike Sites,2026-06-19,2026-06-19,needs_review,
hrsa-bps-h80-019488,Cadman Family Health Center,community_health_center,300 Cadman Plz W,Brooklyn,NY,36,Kings County,36047,11201-3229,40.69503208,-73.99102790,834-434-2778,,,,,,,,,,HRSA operating hours per week: 51.00,unknown,,,,,,,,,HRSA Health Center Service Delivery and Look-Alike Sites,https://data.hrsa.gov/DataDownload/DD_Files/Health_Center_Service_Delivery_and_LookAlike_Sites.csv,2026-06-19,"Fields copied from the official HRSA CSV: site name, address, city, state, postal code, phone, website, HRSA geocoding coordinates, county/FIPS, operating hours per week, site status, and location setting. Site status: Active. Location setting: All Other Clinic Types. Operational schedule: Unknown. Daily hours, services, price, insurance, and accessibility fields were not supplied by this intake.",BPS-H80-019488,Health Center Service Delivery and Look-Alike Sites,2026-06-19,2026-06-19,needs_review,
hrsa-bps-h80-030918,OOH Administrative Extension,community_health_center,270 West Ave,Brockport,NY,36,Monroe County,36055,14420-1233,43.22030832,-77.94977513,585-637-3905,,,,,,,,,,,unknown,,,,,,,,,HRSA Health Center Service Delivery and Look-Alike Sites,https://data.hrsa.gov/DataDownload/DD_Files/Health_Center_Service_Delivery_and_LookAlike_Sites.csv,2026-06-19,"Fields copied from the official HRSA CSV: site name, address, city, state, postal code, phone, website, HRSA geocoding coordinates, county/FIPS, operating hours per week, site status, and location setting. Site status: Active. Location setting: Unknown. Operational schedule: Unknown. Daily hours, services, price, insurance, and accessibility fields were not supplied by this intake.",BPS-H80-030918,Health Center Service Delivery and Look-Alike Sites,2026-06-19,2026-06-19,needs_review,
hrsa-bps-lal-018384,TCFM Geneseo,community_health_center,"50 E South St, Suite 700",Geneseo,NY,36,Livingston County,36051,14454-1387,42.79361375,-77.79924210,585-243-1700,www.tcfmedicine.org,,,,,,,,,HRSA operating hours per week: 51.50,unknown,,,,,,,,,HRSA Health Center Service Delivery and Look-Alike Sites,https://data.hrsa.gov/DataDownload/DD_Files/Health_Center_Service_Delivery_and_LookAlike_Sites.csv,2026-06-19,"Fields copied from the official HRSA CSV: site name, address, city, state, postal code, phone, website, HRSA geocoding coordinates, county/FIPS, operating hours per week, site status, and location setting. Site status: Active. Location setting: All Other Clinic Types. Operational schedule: Unknown. Daily hours, services, price, insurance, and accessibility fields were not supplied by this intake.",BPS-LAL-018384,Health Center Service Delivery and Look-Alike Sites,2026-06-19,2026-06-19,needs_review,
hrsa-bps-h80-013610,SBHC - H.W. Smith,community_health_center,1130 Salt Springs Rd,Syracuse,NY,36,Onondaga County,36067,13224-1643,43.04639414,-76.09603258,315-435-6266,www.schcny.com,,,,,,,,,HRSA operating hours per week: 40.00,unknown,,,,,,,,,HRSA Health Center Service Delivery and Look-Alike Sites,https://data.hrsa.gov/DataDownload/DD_Files/Health_Center_Service_Delivery_and_LookAlike_Sites.csv,2026-06-19,"Fields copied from the official HRSA CSV: site name, address, city, state, postal code, phone, website, HRSA geocoding coordinates, county/FIPS, operating hours per week, site status, and location setting. Site status: Active. Location setting: School. Operational schedule: Full-Time. Daily hours, services, price, insurance, and accessibility fields were not supplied by this intake.",BPS-H80-013610,Health Center Service Delivery and Look-Alike Sites,2026-06-19,2026-06-19,needs_review,
hrsa-bps-lal-018382,TCFM Cohocton,community_health_center,25 Park Ave,Cohocton,NY,36,Steuben County,36101,14826-9401,42.49798771,-77.49776976,585-384-5310,www.tcfmedicine.org,,,,,,,,,HRSA operating hours per week: 44.50,unknown,,,,,,,,,HRSA Health Center Service Delivery and Look-Alike Sites,https://data.hrsa.gov/DataDownload/DD_Files/Health_Center_Service_Delivery_and_LookAlike_Sites.csv,2026-06-19,"Fields copied from the official HRSA CSV: site name, address, city, state, postal code, phone, website, HRSA geocoding coordinates, county/FIPS, operating hours per week, site status, and location setting. Site status: Active. Location setting: All Other Clinic Types. Operational schedule: Unknown. Daily hours, services, price, insurance, and accessibility fields were not supplied by this intake.",BPS-LAL-018382,Health Center Service Delivery and Look-Alike Sites,2026-06-19,2026-06-19,needs_review,
hrsa-bps-h80-038545,BronxCare Pediatric Specialty Center,community_health_center,1685 Morris Ave,Bronx,NY,36,Bronx County,36005,10457-7717,40.84411890,-73.90960140,718-579-7337,,,,,,,,,,HRSA operating hours per week: 40.00,unknown,,,,,,,,,HRSA Health Center Service Delivery and Look-Alike Sites,https://data.hrsa.gov/DataDownload/DD_Files/Health_Center_Service_Delivery_and_LookAlike_Sites.csv,2026-06-19,"Fields copied from the official HRSA CSV: site name, address, city, state, postal code, phone, website, HRSA geocoding coordinates, county/FIPS, operating hours per week, site status, and location setting. Site status: Active. Location setting: All Other Clinic Types. Operational schedule: Unknown. Daily hours, services, price, insurance, and accessibility fields were not supplied by this intake.",BPS-H80-038545,Health Center Service Delivery and Look-Alike Sites,2026-06-19,2026-06-19,needs_review,
hrsa-bps-h80-027099,UCHC Mobile Medical Van Site,community_health_center,260 E 188th St,Bronx,NY,36,Bronx County,36005,10458-5397,40.86075027,-73.89594485,718-618-8236,,,,,,,,,,HRSA operating hours per week: 8.00,unknown,,,,,,,,,HRSA Health Center Service Delivery and Look-Alike Sites,https://data.hrsa.gov/DataDownload/DD_Files/Health_Center_Service_Delivery_and_LookAlike_Sites.csv,2026-06-19,"Fields copied from the official HRSA CSV: site name, address, city, state, postal code, phone, website, HRSA geocoding coordinates, county/FIPS, operating hours per week, site status, and location setting. Site status: Active. Location setting: All Other Clinic Types. Operational schedule: Unknown. Daily hours, services, price, insurance, and accessibility fields were not supplied by this intake.",BPS-H80-027099,Health Center Service Delivery and Look-Alike Sites,2026-06-19,2026-06-19,needs_review,
hrsa-bps-h80-036955,Bath Community Health,community_health_center,6890 County Route 113,Bath,NY,36,Steuben County,36101,14810-7829,42.35401272,-77.30116007,315-776-9700,www.LocalCommunityHealth.com,,,,,,,,,HRSA operating hours per week: 40.00,unknown,,,,,,,,,HRSA Health Center Service Delivery and Look-Alike Sites,https://data.hrsa.gov/DataDownload/DD_Files/Health_Center_Service_Delivery_and_LookAlike_Sites.csv,2026-06-19,"Fields copied from the official HRSA CSV: site name, address, city, state, postal code, phone, website, HRSA geocoding coordinates, county/FIPS, operating hours per week, site status, and location setting. Site status: Active. Location setting: All Other Clinic Types. Operational schedule: Unknown. Daily hours, services, price, insurance, and accessibility fields were not supplied by this intake.",BPS-H80-036955,Health Center Service Delivery and Look-Alike Sites,2026-06-19,2026-06-19,needs_review,
hrsa-bps-h80-017510,Third Avenue Family Health Center,community_health_center,2604 3rd Ave,Bronx,NY,36,Bronx County,36005,10454-1199,40.81189727,-73.92508831,718-292-0100,damianhealth.org,,,,,,,,,HRSA operating hours per week: 40.00,unknown,,,,,,,,,HRSA Health Center Service Delivery and Look-Alike Sites,https://data.hrsa.gov/DataDownload/DD_Files/Health_Center_Service_Delivery_and_LookAlike_Sites.csv,2026-06-19,"Fields copied from the official HRSA CSV: site name, address, city, state, postal code, phone, website, HRSA geocoding coordinates, county/FIPS, operating hours per week, site status, and location setting. Site status: Active. Location setting: All Other Clinic Types. Operational schedule: Unknown. Daily hours, services, price, insurance, and accessibility fields were not supplied by this intake.",BPS-H80-017510,Health Center Service Delivery and Look-Alike Sites,2026-06-19,2026-06-19,needs_review,
hrsa-bps-h80-004589,Hometown Health Centers,community_health_center,1044 State St,Schenectady,NY,36,Schenectady County,36093,12307-1508,42.80110964,-73.92831928,518-370-1441,www.hometownhealthcenters.org,,,,,,,,,HRSA operating hours per week: 59.00,unknown,,,,,,,,,HRSA Health Center Service Delivery and Look-Alike Sites,https://data.hrsa.gov/DataDownload/DD_Files/Health_Center_Service_Delivery_and_LookAlike_Sites.csv,2026-06-19,"Fields copied from the official HRSA CSV: site name, address, city, state, postal code, phone, website, HRSA geocoding coordinates, county/FIPS, operating hours per week, site status, and location setting. Site status: Active. Location setting: All Other Clinic Types. Operational schedule: Full-Time. Daily hours, services, price, insurance, and accessibility fields were not supplied by this intake.",BPS-H80-004589,Health Center Service Delivery and Look-Alike Sites,2026-06-19,2026-06-19,needs_review,
hrsa-bps-h80-004591,THE GRASSLANDS HOMELESS SHELTER,community_health_center,25 Operations Dr,Valhalla,NY,36,Westchester County,36119,10595-1586,41.08051128,-73.80154752,914-231-4200 x101,www.mvnhc.org,,,,,,,,,HRSA operating hours per week: 40.00,unknown,,,,,,,,,HRSA Health Center Service Delivery and Look-Alike Sites,https://data.hrsa.gov/DataDownload/DD_Files/Health_Center_Service_Delivery_and_LookAlike_Sites.csv,2026-06-19,"Fields copied from the official HRSA CSV: site name, address, city, state, postal code, phone, website, HRSA geocoding coordinates, county/FIPS, operating hours per week, site status, and location setting. Site status: Active. Location setting: All Other Clinic Types. Operational schedule: Full-Time. Daily hours, services, price, insurance, and accessibility fields were not supplied by this intake.",BPS-H80-004591,Health Center Service Delivery and Look-Alike Sites,2026-06-19,2026-06-19,needs_review,
hrsa-bps-h80-014992,Union Community Health Center #2,community_health_center,2021 Grand Concourse,Bronx,NY,36,Bronx County,36005,10453-4317,40.85196713,-73.90440211,718-220-2020,www.uchcbronx.org,,,,,,,,,HRSA operating hours per week: 41.00,unknown,,,,,,,,,HRSA Health Center Service Delivery and Look-Alike Sites,https://data.hrsa.gov/DataDownload/DD_Files/Health_Center_Service_Delivery_and_LookAlike_Sites.csv,2026-06-19,"Fields copied from the official HRSA CSV: site name, address, city, state, postal code, phone, website, HRSA geocoding coordinates, county/FIPS, operating hours per week, site status, and location setting. Site status: Active. Location setting: All Other Clinic Types. Operational schedule: Unknown. Daily hours, services, price, insurance, and accessibility fields were not supplied by this intake.",BPS-H80-014992,Health Center Service Delivery and Look-Alike Sites,2026-06-19,2026-06-19,needs_review,
hrsa-bps-h80-021980,BronxCare Neurology,community_health_center,"1650 Selwyn Ave, Apartment 1 B",Bronx,NY,36,Bronx County,36005,10457-7628,40.84362378,-73.91025628,718-960-1334,,,,,,,,,,HRSA operating hours per week: 40.00,unknown,,,,,,,,,HRSA Health Center Service Delivery and Look-Alike Sites,https://data.hrsa.gov/DataDownload/DD_Files/Health_Center_Service_Delivery_and_LookAlike_Sites.csv,2026-06-19,"Fields copied from the official HRSA CSV: site name, address, city, state, postal code, phone, website, HRSA geocoding coordinates, county/FIPS, operating hours per week, site status, and location setting. Site status: Active. Location setting: All Other Clinic Types. Operational schedule: Unknown. Daily hours, services, price, insurance, and accessibility fields were not supplied by this intake.",BPS-H80-021980,Health Center Service Delivery and Look-Alike Sites,2026-06-19,2026-06-19,needs_review,
hrsa-bps-h80-021597,Ossining Park Early Childhood Center - SBHC,community_health_center,22 Edward St,Ossining,NY,36,Westchester County,36119,10562-5512,41.15454679,-73.86355039,914-632-2737,,,,,,,,,,HRSA operating hours per week: 7.00,unknown,,,,,,,,,HRSA Health Center Service Delivery and Look-Alike Sites,https://data.hrsa.gov/DataDownload/DD_Files/Health_Center_Service_Delivery_and_LookAlike_Sites.csv,2026-06-19,"Fields copied from the official HRSA CSV: site name, address, city, state, postal code, phone, website, HRSA geocoding coordinates, county/FIPS, operating hours per week, site status, and location setting. Site status: Active. Location setting: School. Operational schedule: Unknown. Daily hours, services, price, insurance, and accessibility fields were not supplied by this intake.",BPS-H80-021597,Health Center Service Delivery and Look-Alike Sites,2026-06-19,2026-06-19,needs_review,
hrsa-bps-h80-036015,Jamaica Health Center,community_health_center,89-44 164th St,Jamaica,NY,36,Queens County,36081,11432,40.70631580,-73.79658627,718-523-2123,,,,,,,,,,HRSA operating hours per week: 40.00,unknown,,,,,,,,,HRSA Health Center Service Delivery and Look-Alike Sites,https://data.hrsa.gov/DataDownload/DD_Files/Health_Center_Service_Delivery_and_LookAlike_Sites.csv,2026-06-19,"Fields copied from the official HRSA CSV: site name, address, city, state, postal code, phone, website, HRSA geocoding coordinates, county/FIPS, operating hours per week, site status, and location setting. Site status: Active. Location setting: All Other Clinic Types. Operational schedule: Unknown. Daily hours, services, price, insurance, and accessibility fields were not supplied by this intake.",BPS-H80-036015,Health Center Service Delivery and Look-Alike Sites,2026-06-19,2026-06-19,needs_review,
hrsa-bps-h80-036363,BMS Urgent Care,community_health_center,407 Dumont Ave BLDG 407,Brooklyn,NY,36,Kings County,36047,11212-7359,40.66490102,-73.90433326,718-345-5000,www.bmsfhc.org,,,,,,,,,HRSA operating hours per week: 55.00,unknown,,,,,,,,,HRSA Health Center Service Delivery and Look-Alike Sites,https://data.hrsa.gov/DataDownload/DD_Files/Health_Center_Service_Delivery_and_LookAlike_Sites.csv,2026-06-19,"Fields copied from the official HRSA CSV: site name, address, city, state, postal code, phone, website, HRSA geocoding coordinates, county/FIPS, operating hours per week, site status, and location setting. Site status: Active. Location setting: All Other Clinic Types. Operational schedule: Unknown. Daily hours, services, price, insurance, and accessibility fields were not supplied by this intake.",BPS-H80-036363,Health Center Service Delivery and Look-Alike Sites,2026-06-19,2026-06-19,needs_review,
hrsa-bps-h80-035303,Lower East Side Health Center,community_health_center,255 E Houston St,New York,NY,36,New York County,36061,10002-1013,40.72148482,-73.98512093,212-477-1120,,,,,,,,,,HRSA operating hours per week: 40.00,unknown,,,,,,,,,HRSA Health Center Service Delivery and Look-Alike Sites,https://data.hrsa.gov/DataDownload/DD_Files/Health_Center_Service_Delivery_and_LookAlike_Sites.csv,2026-06-19,"Fields copied from the official HRSA CSV: site name, address, city, state, postal code, phone, website, HRSA geocoding coordinates, county/FIPS, operating hours per week, site status, and location setting. Site status: Active. Location setting: All Other Clinic Types. Operational schedule: Unknown. Daily hours, services, price, insurance, and accessibility fields were not supplied by this intake.",BPS-H80-035303,Health Center Service Delivery and Look-Alike Sites,2026-06-19,2026-06-19,needs_review,
hrsa-bps-h80-014715,Downtown Brooklyn Health Center,community_health_center,57 Willoughby St,Brooklyn,NY,36,Kings County,36047,11201-5257,40.69231425,-73.98662439,718-277-0386,,,,,,,,,,HRSA operating hours per week: 46.00,unknown,,,,,,,,,HRSA Health Center Service Delivery and Look-Alike Sites,https://data.hrsa.gov/DataDownload/DD_Files/Health_Center_Service_Delivery_and_LookAlike_Sites.csv,2026-06-19,"Fields copied from the official HRSA CSV: site name, address, city, state, postal code, phone, website, HRSA geocoding coordinates, county/FIPS, operating hours per week, site status, and location setting. Site status: Active. Location setting: All Other Clinic Types. Operational schedule: Unknown. Daily hours, services, price, insurance, and accessibility fields were not supplied by this intake.",BPS-H80-014715,Health Center Service Delivery and Look-Alike Sites,2026-06-19,2026-06-19,needs_review,
hrsa-bps-h80-004889,HEALTH CENTER @ SANDY CREEK SCH,community_health_center,124 Salisbury St,Sandy Creek,NY,36,Oswego County,36075,13145-7706,43.64750999,-76.07649001,315-387-3620,www.nochsi.org,,,,,,,,,HRSA operating hours per week: 40.00,unknown,,,,,,,,,HRSA Health Center Service Delivery and Look-Alike Sites,https://data.hrsa.gov/DataDownload/DD_Files/Health_Center_Service_Delivery_and_LookAlike_Sites.csv,2026-06-19,"Fields copied from the official HRSA CSV: site name, address, city, state, postal code, phone, website, HRSA geocoding coordinates, county/FIPS, operating hours per week, site status, and location setting. Site status: Active. Location setting: School. Operational schedule: Full-Time. Daily hours, services, price, insurance, and accessibility fields were not supplied by this intake.",BPS-H80-004889,Health Center Service Delivery and Look-Alike Sites,2026-06-19,2026-06-19,needs_review,
hrsa-bps-lal-036183,Evergreen Health - Hertel Ave. Pharmacy,community_health_center,800 Hertel Ave,Buffalo,NY,36,Erie County,36029,14207-1906,42.94841832,-78.87956741,716-847-2441,,,,,,,,,,HRSA operating hours per week: 49.00,unknown,,,,,,,,,HRSA Health Center Service Delivery and Look-Alike Sites,https://data.hrsa.gov/DataDownload/DD_Files/Health_Center_Service_Delivery_and_LookAlike_Sites.csv,2026-06-19,"Fields copied from the official HRSA CSV: site name, address, city, state, postal code, phone, website, HRSA geocoding coordinates, county/FIPS, operating hours per week, site status, and location setting. Site status: Active. Location setting: All Other Clinic Types. Operational schedule: Unknown. Daily hours, services, price, insurance, and accessibility fields were not supplied by this intake.",BPS-LAL-036183,Health Center Service Delivery and Look-Alike Sites,2026-06-19,2026-06-19,needs_review,
hrsa-bps-h80-004994,MHHC at St Ann's,community_health_center,625 E 137th St,Bronx,NY,36,Bronx County,36005,10454-3142,40.80545708,-73.91604843,718-401-6578,www.mhhc.org,,,,,,,,,HRSA operating hours per week: 24.00,unknown,,,,,,,,,HRSA Health Center Service Delivery and Look-Alike Sites,https://data.hrsa.gov/DataDownload/DD_Files/Health_Center_Service_Delivery_and_LookAlike_Sites.csv,2026-06-19,"Fields copied from the official HRSA CSV: site name, address, city, state, postal code, phone, website, HRSA geocoding coordinates, county/FIPS, operating hours per week, site status, and location setting. Site status: Active. Location setting: All Other Clinic Types. Operational schedule: Full-Time. Daily hours, services, price, insurance, and accessibility fields were not supplied by this intake.",BPS-H80-004994,Health Center Service Delivery and Look-Alike Sites,2026-06-19,2026-06-19,needs_review,
hrsa-bps-h80-004997,Cincinnatus Medical Office,community_health_center,2805 Cincinnatus Rd,Cincinnatus,NY,36,Cortland County,36023,13040-9685,42.54284766,-75.89593970,607-863-4126,www.familyhealthnetwork.org,,,,,,,,,HRSA operating hours per week: 42.00,unknown,,,,,,,,,HRSA Health Center Service Delivery and Look-Alike Sites,https://data.hrsa.gov/DataDownload/DD_Files/Health_Center_Service_Delivery_and_LookAlike_Sites.csv,2026-06-19,"Fields copied from the official HRSA CSV: site name, address, city, state, postal code, phone, website, HRSA geocoding coordinates, county/FIPS, operating hours per week, site status, and location setting. Site status: Active. Location setting: All Other Clinic Types. Operational schedule: Full-Time. Daily hours, services, price, insurance, and accessibility fields were not supplied by this intake.",BPS-H80-004997,Health Center Service Delivery and Look-Alike Sites,2026-06-19,2026-06-19,needs_review,
hrsa-bps-h80-022322,55 South Broadway,community_health_center,55 S Broadway,Tarrytown,NY,36,Westchester County,36119,10591-4000,41.07450691,-73.85929523,914-524-4107,,,,,,,,,,,unknown,,,,,,,,,HRSA Health Center Service Delivery and Look-Alike Sites,https://data.hrsa.gov/DataDownload/DD_Files/Health_Center_Service_Delivery_and_LookAlike_Sites.csv,2026-06-19,"Fields copied from the official HRSA CSV: site name, address, city, state, postal code, phone, website, HRSA geocoding coordinates, county/FIPS, operating hours per week, site status, and location setting. Site status: Active. Location setting: Unknown. Operational schedule: Unknown. Daily hours, services, price, insurance, and accessibility fields were not supplied by this intake.",BPS-H80-022322,Health Center Service Delivery and Look-Alike Sites,2026-06-19,2026-06-19,needs_review,
hrsa-bps-h80-041213,JHS 151,community_health_center,250 Thurman Munson Way,Bronx,NY,36,Bronx County,36005,10451-4722,40.82303096,-73.92138056,718-401-4683,,,,,,,,,,HRSA operating hours per week: 40.00,unknown,,,,,,,,,HRSA Health Center Service Delivery and Look-Alike Sites,https://data.hrsa.gov/DataDownload/DD_Files/Health_Center_Service_Delivery_and_LookAlike_Sites.csv,2026-06-19,"Fields copied from the official HRSA CSV: site name, address, city, state, postal code, phone, website, HRSA geocoding coordinates, county/FIPS, operating hours per week, site status, and location setting. Site status: Active. Location setting: School. Operational schedule: Unknown. Daily hours, services, price, insurance, and accessibility fields were not supplied by this intake.",BPS-H80-041213,Health Center Service Delivery and Look-Alike Sites,2026-06-19,2026-06-19,needs_review,
hrsa-bps-h80-005110,The Counseling Center @ Walton Avenue,community_health_center,25 E 183rd St FL 2,Bronx,NY,36,Bronx County,36005,10453-1242,40.85859713,-73.90304458,718-716-5102,www.mhhc.org,,,,,,,,,HRSA operating hours per week: 45.00,unknown,,,,,,,,,HRSA Health Center Service Delivery and Look-Alike Sites,https://data.hrsa.gov/DataDownload/DD_Files/Health_Center_Service_Delivery_and_LookAlike_Sites.csv,2026-06-19,"Fields copied from the official HRSA CSV: site name, address, city, state, postal code, phone, website, HRSA geocoding coordinates, county/FIPS, operating hours per week, site status, and location setting. Site status: Active. Location setting: All Other Clinic Types. Operational schedule: Full-Time. Daily hours, services, price, insurance, and accessibility fields were not supplied by this intake.",BPS-H80-005110,Health Center Service Delivery and Look-Alike Sites,2026-06-19,2026-06-19,needs_review,
hrsa-bps-h80-017168,Health Connections at Grand Avenue,community_health_center,2054 Grand Ave,Bronx,NY,36,Bronx County,36005,10453-4002,40.85435477,-73.90898016,718-483-1270,,,,,,,,,,,unknown,,,,,,,,,HRSA Health Center Service Delivery and Look-Alike Sites,https://data.hrsa.gov/DataDownload/DD_Files/Health_Center_Service_Delivery_and_LookAlike_Sites.csv,2026-06-19,"Fields copied from the official HRSA CSV: site name, address, city, state, postal code, phone, website, HRSA geocoding coordinates, county/FIPS, operating hours per week, site status, and location setting. Site status: Active. Location setting: All Other Clinic Types. Operational schedule: Unknown. Daily hours, services, price, insurance, and accessibility fields were not supplied by this intake.",BPS-H80-017168,Health Center Service Delivery and Look-Alike Sites,2026-06-19,2026-06-19,needs_review,
hrsa-bps-h80-036062,91 East Broadway Health Center,community_health_center,91 E Broadway,New York,NY,36,New York County,36061,10002-7014,40.71339838,-73.99360710,833-423-4273,,,,,,,,,,HRSA operating hours per week: 35.00,unknown,,,,,,,,,HRSA Health Center Service Delivery and Look-Alike Sites,https://data.hrsa.gov/DataDownload/DD_Files/Health_Center_Service_Delivery_and_LookAlike_Sites.csv,2026-06-19,"Fields copied from the official HRSA CSV: site name, address, city, state, postal code, phone, website, HRSA geocoding coordinates, county/FIPS, operating hours per week, site status, and location setting. Site status: Active. Location setting: All Other Clinic Types. Operational schedule: Unknown. Daily hours, services, price, insurance, and accessibility fields were not supplied by this intake.",BPS-H80-036062,Health Center Service Delivery and Look-Alike Sites,2026-06-19,2026-06-19,needs_review,
hrsa-bps-h80-005218,Migrant Voucher Program New York State Agricultural Region,community_health_center,1037 Main St,Peekskill,NY,36,Westchester County,36119,10566-2913,41.29159623,-73.91842696,914-734-8600,www.hrhcare.org,,,,,,,,,HRSA operating hours per week: 40.00,unknown,,,,,,,,,HRSA Health Center Service Delivery and Look-Alike Sites,https://data.hrsa.gov/DataDownload/DD_Files/Health_Center_Service_Delivery_and_LookAlike_Sites.csv,2026-06-19,"Fields copied from the official HRSA CSV: site name, address, city, state, postal code, phone, website, HRSA geocoding coordinates, county/FIPS, operating hours per week, site status, and location setting. Site status: Active. Location setting: All Other Clinic Types. Operational schedule: Full-Time. Daily hours, services, price, insurance, and accessibility fields were not supplied by this intake.",BPS-H80-005218,Health Center Service Delivery and Look-Alike Sites,2026-06-19,2026-06-19,needs_review,
hrsa-bps-h80-005223,PS 94 School-Based Health Center,community_health_center,5010 6th Ave,Brooklyn,NY,36,Kings County,36047,11220-2008,40.64362193,-74.00860274,718-435-7166,https://nyulangone.org/locations/family-health-centers-at-nyu-langone/school-health-program-family-health-centers-at-nyu-langone,,,,,,,,,HRSA operating hours per week: 40.00,unknown,,,,,,,,,HRSA Health Center Service Delivery and Look-Alike Sites,https://data.hrsa.gov/DataDownload/DD_Files/Health_Center_Service_Delivery_and_LookAlike_Sites.csv,2026-06-19,"Fields copied from the official HRSA CSV: site name, address, city, state, postal code, phone, website, HRSA geocoding coordinates, county/FIPS, operating hours per week, site status, and location setting. Site status: Active. Location setting: School. Operational schedule: Full-Time. Daily hours, services, price, insurance, and accessibility fields were not supplied by this intake.",BPS-H80-005223,Health Center Service Delivery and Look-Alike Sites,2026-06-19,2026-06-19,needs_review,
hrsa-bps-h80-011572,Phoenix Health Services Center,community_health_center,7 Bridge St,Phoenix,NY,36,Oswego County,36075,13135-1906,43.22984474,-76.30053669,315-695-4700,www.nochsi.org,,,,,,,,,HRSA operating hours per week: 50.50,unknown,,,,,,,,,HRSA Health Center Service Delivery and Look-Alike Sites,https://data.hrsa.gov/DataDownload/DD_Files/Health_Center_Service_Delivery_and_LookAlike_Sites.csv,2026-06-19,"Fields copied from the official HRSA CSV: site name, address, city, state, postal code, phone, website, HRSA geocoding coordinates, county/FIPS, operating hours per week, site status, and location setting. Site status: Active. Location setting: All Other Clinic Types. Operational schedule: Full-Time. Daily hours, services, price, insurance, and accessibility fields were not supplied by this intake.",BPS-H80-011572,Health Center Service Delivery and Look-Alike Sites,2026-06-19,2026-06-19,needs_review,
hrsa-bps-h80-011683,Castle Hill Family Practice,community_health_center,2175 Westchester Ave,Bronx,NY,36,Bronx County,36005,10462-4734,40.83429242,-73.85239148,718-829-6770,www.montefiore.org,,,,,,,,,HRSA operating hours per week: 45.00,unknown,,,,,,,,,HRSA Health Center Service Delivery and Look-Alike Sites,https://data.hrsa.gov/DataDownload/DD_Files/Health_Center_Service_Delivery_and_LookAlike_Sites.csv,2026-06-19,"Fields copied from the official HRSA CSV: site name, address, city, state, postal code, phone, website, HRSA geocoding coordinates, county/FIPS, operating hours per week, site status, and location setting. Site status: Active. Location setting: All Other Clinic Types. Operational schedule: Full-Time. Daily hours, services, price, insurance, and accessibility fields were not supplied by this intake.",BPS-H80-011683,Health Center Service Delivery and Look-Alike Sites,2026-06-19,2026-06-19,needs_review,
hrsa-bps-h80-032909,Mexico Elementary SBHC,community_health_center,26 Academy St,Mexico,NY,36,Oswego County,36075,13114-3076,43.46182670,-76.23616543,315-963-8400,,,,,,,,,,HRSA operating hours per week: 40.00,unknown,,,,,,,,,HRSA Health Center Service Delivery and Look-Alike Sites,https://data.hrsa.gov/DataDownload/DD_Files/Health_Center_Service_Delivery_and_LookAlike_Sites.csv,2026-06-19,"Fields copied from the official HRSA CSV: site name, address, city, state, postal code, phone, website, HRSA geocoding coordinates, county/FIPS, operating hours per week, site status, and location setting. Site status: Active. Location setting: All Other Clinic Types. Operational schedule: Unknown. Daily hours, services, price, insurance, and accessibility fields were not supplied by this intake.",BPS-H80-032909,Health Center Service Delivery and Look-Alike Sites,2026-06-19,2026-06-19,needs_review,
hrsa-bps-h80-009988,PS 124 School Based Health Center,community_health_center,40 Division St,New York,NY,36,New York County,36061,10002-6709,40.71433925,-73.99553142,212-966-7237,,,,,,,,,,HRSA operating hours per week: 40.00,unknown,,,,,,,,,HRSA Health Center Service Delivery and Look-Alike Sites,https://data.hrsa.gov/DataDownload/DD_Files/Health_Center_Service_Delivery_and_LookAlike_Sites.csv,2026-06-19,"Fields copied from the official HRSA CSV: site name, address, city, state, postal code, phone, website, HRSA geocoding coordinates, county/FIPS, operating hours per week, site status, and location setting. Site status: Active. Location setting: School. Operational schedule: Full-Time. Daily hours, services, price, insurance, and accessibility fields were not supplied by this intake.",BPS-H80-009988,Health Center Service Delivery and Look-Alike Sites,2026-06-19,2026-06-19,needs_review,
hrsa-bps-h80-027575,Fannie Lou Hamer M.S./P.S. 66,community_health_center,1001 Jennings St,Bronx,NY,36,Bronx County,36005,10460-6032,40.83122418,-73.88672618,718-589-2440,www.urbanhealthplan.org,,,,,,,,,HRSA operating hours per week: 40.00,unknown,,,,,,,,,HRSA Health Center Service Delivery and Look-Alike Sites,https://data.hrsa.gov/DataDownload/DD_Files/Health_Center_Service_Delivery_and_LookAlike_Sites.csv,2026-06-19,"Fields copied from the official HRSA CSV: site name, address, city, state, postal code, phone, website, HRSA geocoding coordinates, county/FIPS, operating hours per week, site status, and location setting. Site status: Active. Location setting: School. Operational schedule: Unknown. Daily hours, services, price, insurance, and accessibility fields were not supplied by this intake.",BPS-H80-027575,Health Center Service Delivery and Look-Alike Sites,2026-06-19,2026-06-19,needs_review,
hrsa-bps-h80-014308,Sun River Health Shirley,community_health_center,550 Montauk Hwy,Shirley,NY,36,Suffolk County,36103,11967-2114,40.80003440,-72.87906971,631-490-3040,,,,,,,,,,HRSA operating hours per week: 58.50,unknown,,,,,,,,,HRSA Health Center Service Delivery and Look-Alike Sites,https://data.hrsa.gov/DataDownload/DD_Files/Health_Center_Service_Delivery_and_LookAlike_Sites.csv,2026-06-19,"Fields copied from the official HRSA CSV: site name, address, city, state, postal code, phone, website, HRSA geocoding coordinates, county/FIPS, operating hours per week, site status, and location setting. Site status: Active. Location setting: All Other Clinic Types. Operational schedule: Unknown. Daily hours, services, price, insurance, and accessibility fields were not supplied by this intake.",BPS-H80-014308,Health Center Service Delivery and Look-Alike Sites,2026-06-19,2026-06-19,needs_review,
hrsa-bps-h80-021011,Administration,community_health_center,214C Lake Ave,Rochester,NY,36,Monroe County,36055,14608-1208,43.16818625,-77.62579336,585-423-2878,,,,,,,,,,,unknown,,,,,,,,,HRSA Health Center Service Delivery and Look-Alike Sites,https://data.hrsa.gov/DataDownload/DD_Files/Health_Center_Service_Delivery_and_LookAlike_Sites.csv,2026-06-19,"Fields copied from the official HRSA CSV: site name, address, city, state, postal code, phone, website, HRSA geocoding coordinates, county/FIPS, operating hours per week, site status, and location setting. Site status: Active. Location setting: Unknown. Operational schedule: Unknown. Daily hours, services, price, insurance, and accessibility fields were not supplied by this intake.",BPS-H80-021011,Health Center Service Delivery and Look-Alike Sites,2026-06-19,2026-06-19,needs_review,
hrsa-bps-h80-037596,Glens Falls Family Health,community_health_center,38 Larose St,Glens Falls,NY,36,Warren County,36113,12801-4025,43.30624625,-73.66196419,518-824-8181,www.hhhn.org,,,,,,,,,HRSA operating hours per week: 45.00,unknown,,,,,,,,,HRSA Health Center Service Delivery and Look-Alike Sites,https://data.hrsa.gov/DataDownload/DD_Files/Health_Center_Service_Delivery_and_LookAlike_Sites.csv,2026-06-19,"Fields copied from the official HRSA CSV: site name, address, city, state, postal code, phone, website, HRSA geocoding coordinates, county/FIPS, operating hours per week, site status, and location setting. Site status: Active. Location setting: All Other Clinic Types. Operational schedule: Unknown. Daily hours, services, price, insurance, and accessibility fields were not supplied by this intake.",BPS-H80-037596,Health Center Service Delivery and Look-Alike Sites,2026-06-19,2026-06-19,needs_review,
hrsa-bps-h80-033023,Refuah Health Women's Health & Birthing Center,community_health_center,726 N Main St,Spring Valley,NY,36,Rockland County,36087,10977-1901,41.13994929,-74.03453853,845-354-9300,www.RefuahHealth.org,,,,,,,,,HRSA operating hours per week: 100.00,unknown,,,,,,,,,HRSA Health Center Service Delivery and Look-Alike Sites,https://data.hrsa.gov/DataDownload/DD_Files/Health_Center_Service_Delivery_and_LookAlike_Sites.csv,2026-06-19,"Fields copied from the official HRSA CSV: site name, address, city, state, postal code, phone, website, HRSA geocoding coordinates, county/FIPS, operating hours per week, site status, and location setting. Site status: Active. Location setting: All Other Clinic Types. Operational schedule: Unknown. Daily hours, services, price, insurance, and accessibility fields were not supplied by this intake.",BPS-H80-033023,Health Center Service Delivery and Look-Alike Sites,2026-06-19,2026-06-19,needs_review,
hrsa-bps-h80-036582,SHERO Providence House 1,community_health_center,396 Lincoln Rd,Brooklyn,NY,36,Kings County,36047,11225-4306,40.66150564,-73.94961493,718-778-1310,,,,,,,,,,HRSA operating hours per week: 8.00,unknown,,,,,,,,,HRSA Health Center Service Delivery and Look-Alike Sites,https://data.hrsa.gov/DataDownload/DD_Files/Health_Center_Service_Delivery_and_LookAlike_Sites.csv,2026-06-19,"Fields copied from the official HRSA CSV: site name, address, city, state, postal code, phone, website, HRSA geocoding coordinates, county/FIPS, operating hours per week, site status, and location setting. Site status: Active. Location setting: All Other Clinic Types. Operational schedule: Unknown. Daily hours, services, price, insurance, and accessibility fields were not supplied by this intake.",BPS-H80-036582,Health Center Service Delivery and Look-Alike Sites,2026-06-19,2026-06-19,needs_review,
hrsa-bps-h80-011324,LFHC Community Medicine Program Chelsea Center,community_health_center,127 W 25th St,New York,NY,36,New York County,36061,10001-7207,40.74489586,-73.99305138,212-533-4040,www.lutheranmedicalcenter.com/ourfacilities/lutheranfamilyhealthcenters/,,,,,,,,,HRSA operating hours per week: 40.00,unknown,,,,,,,,,HRSA Health Center Service Delivery and Look-Alike Sites,https://data.hrsa.gov/DataDownload/DD_Files/Health_Center_Service_Delivery_and_LookAlike_Sites.csv,2026-06-19,"Fields copied from the official HRSA CSV: site name, address, city, state, postal code, phone, website, HRSA geocoding coordinates, county/FIPS, operating hours per week, site status, and location setting. Site status: Active. Location setting: All Other Clinic Types. Operational schedule: Part-Time. Daily hours, services, price, insurance, and accessibility fields were not supplied by this intake.",BPS-H80-011324,Health Center Service Delivery and Look-Alike Sites,2026-06-19,2026-06-19,needs_review,
hrsa-bps-h80-034219,Swinburne Health Center,community_health_center,"526 Central Ave, Apartment 101",Albany,NY,36,Albany County,36001,12206-2360,42.67040748,-73.77930530,518-465-4771,www.wmyhealth.org,,,,,,,,,HRSA operating hours per week: 40.00,unknown,,,,,,,,,HRSA Health Center Service Delivery and Look-Alike Sites,https://data.hrsa.gov/DataDownload/DD_Files/Health_Center_Service_Delivery_and_LookAlike_Sites.csv,2026-06-19,"Fields copied from the official HRSA CSV: site name, address, city, state, postal code, phone, website, HRSA geocoding coordinates, county/FIPS, operating hours per week, site status, and location setting. Site status: Active. Location setting: All Other Clinic Types. Operational schedule: Unknown. Daily hours, services, price, insurance, and accessibility fields were not supplied by this intake.",BPS-H80-034219,Health Center Service Delivery and Look-Alike Sites,2026-06-19,2026-06-19,needs_review,
hrsa-bps-h80-009234,"Charles B. Wang Community Health Center, Inc.",community_health_center,168 Centre St,New York,NY,36,New York County,36061,10013-3477,40.71821320,-73.99962288,212-226-6682,www.cbwchc.org,,,,,,,,,,unknown,,,,,,,,,HRSA Health Center Service Delivery and Look-Alike Sites,https://data.hrsa.gov/DataDownload/DD_Files/Health_Center_Service_Delivery_and_LookAlike_Sites.csv,2026-06-19,"Fields copied from the official HRSA CSV: site name, address, city, state, postal code, phone, website, HRSA geocoding coordinates, county/FIPS, operating hours per week, site status, and location setting. Site status: Active. Location setting: All Other Clinic Types. Operational schedule: Full-Time. Daily hours, services, price, insurance, and accessibility fields were not supplied by this intake.",BPS-H80-009234,Health Center Service Delivery and Look-Alike Sites,2026-06-19,2026-06-19,needs_review,
hrsa-bps-h80-035251,The Chautauqua Center - Dunkirk PT OT,community_health_center,51 E 3rd St,Dunkirk,NY,36,Chautauqua County,36013,14048-2201,42.48498206,-79.33216009,716-363-2244,,,,,,,,,,HRSA operating hours per week: 40.00,unknown,,,,,,,,,HRSA Health Center Service Delivery and Look-Alike Sites,https://data.hrsa.gov/DataDownload/DD_Files/Health_Center_Service_Delivery_and_LookAlike_Sites.csv,2026-06-19,"Fields copied from the official HRSA CSV: site name, address, city, state, postal code, phone, website, HRSA geocoding coordinates, county/FIPS, operating hours per week, site status, and location setting. Site status: Active. Location setting: All Other Clinic Types. Operational schedule: Unknown. Daily hours, services, price, insurance, and accessibility fields were not supplied by this intake.",BPS-H80-035251,Health Center Service Delivery and Look-Alike Sites,2026-06-19,2026-06-19,needs_review,
hrsa-bps-lal-040193,"Premium Health, Inc.",community_health_center,5323 18th Ave,Brooklyn,NY,36,Kings County,36047,11204-1523,40.62526803,-73.98302880,718-436-4400,premiumhealth.org,,,,,,,,,HRSA operating hours per week: 61.00,unknown,,,,,,,,,HRSA Health Center Service Delivery and Look-Alike Sites,https://data.hrsa.gov/DataDownload/DD_Files/Health_Center_Service_Delivery_and_LookAlike_Sites.csv,2026-06-19,"Fields copied from the official HRSA CSV: site name, address, city, state, postal code, phone, website, HRSA geocoding coordinates, county/FIPS, operating hours per week, site status, and location setting. Site status: Active. Location setting: All Other Clinic Types. Operational schedule: Unknown. Daily hours, services, price, insurance, and accessibility fields were not supplied by this intake.",BPS-LAL-040193,Health Center Service Delivery and Look-Alike Sites,2026-06-19,2026-06-19,needs_review,
hrsa-bps-h80-021995,Elmhurst Educational Campus,community_health_center,45-10 94th St,Elmhurst,NY,36,Queens County,36081,11373,40.74353267,-73.87082588,718-589-2440,www.urbanhealthplan.org,,,,,,,,,HRSA operating hours per week: 35.00,unknown,,,,,,,,,HRSA Health Center Service Delivery and Look-Alike Sites,https://data.hrsa.gov/DataDownload/DD_Files/Health_Center_Service_Delivery_and_LookAlike_Sites.csv,2026-06-19,"Fields copied from the official HRSA CSV: site name, address, city, state, postal code, phone, website, HRSA geocoding coordinates, county/FIPS, operating hours per week, site status, and location setting. Site status: Active. Location setting: School. Operational schedule: Unknown. Daily hours, services, price, insurance, and accessibility fields were not supplied by this intake.",BPS-H80-021995,Health Center Service Delivery and Look-Alike Sites,2026-06-19,2026-06-19,needs_review,
hrsa-bps-h80-013871,School Based Health Center At Mount Vernon High School,community_health_center,100 California Rd,Mount Vernon,NY,36,Westchester County,36119,10552-1499,40.92585000,-73.81502998,914-699-7200,,,,,,,,,,HRSA operating hours per week: 40.00,unknown,,,,,,,,,HRSA Health Center Service Delivery and Look-Alike Sites,https://data.hrsa.gov/DataDownload/DD_Files/Health_Center_Service_Delivery_and_LookAlike_Sites.csv,2026-06-19,"Fields copied from the official HRSA CSV: site name, address, city, state, postal code, phone, website, HRSA geocoding coordinates, county/FIPS, operating hours per week, site status, and location setting. Site status: Active. Location setting: School. Operational schedule: Full-Time. Daily hours, services, price, insurance, and accessibility fields were not supplied by this intake.",BPS-H80-013871,Health Center Service Delivery and Look-Alike Sites,2026-06-19,2026-06-19,needs_review,
hrsa-bps-h80-018482,LISH at the Family Wellness Center,community_health_center,120 Plant Ave,Hauppauge,NY,36,Suffolk County,36103,11788-3827,40.81632690,-73.24371955,631-273-1300,,,,,,,,,,HRSA operating hours per week: 54.00,unknown,,,,,,,,,HRSA Health Center Service Delivery and Look-Alike Sites,https://data.hrsa.gov/DataDownload/DD_Files/Health_Center_Service_Delivery_and_LookAlike_Sites.csv,2026-06-19,"Fields copied from the official HRSA CSV: site name, address, city, state, postal code, phone, website, HRSA geocoding coordinates, county/FIPS, operating hours per week, site status, and location setting. Site status: Active. Location setting: All Other Clinic Types. Operational schedule: Unknown. Daily hours, services, price, insurance, and accessibility fields were not supplied by this intake.",BPS-H80-018482,Health Center Service Delivery and Look-Alike Sites,2026-06-19,2026-06-19,needs_review,
hrsa-bps-h80-015401,Via Verde Health Center,community_health_center,730 Brook Ave,Bronx,NY,36,Bronx County,36005,10455-1333,40.81924933,-73.91229451,718-484-1247,http://www.montefiore.org/Via Verde,,,,,,,,,HRSA operating hours per week: 42.50,unknown,,,,,,,,,HRSA Health Center Service Delivery and Look-Alike Sites,https://data.hrsa.gov/DataDownload/DD_Files/Health_Center_Service_Delivery_and_LookAlike_Sites.csv,2026-06-19,"Fields copied from the official HRSA CSV: site name, address, city, state, postal code, phone, website, HRSA geocoding coordinates, county/FIPS, operating hours per week, site status, and location setting. Site status: Active. Location setting: All Other Clinic Types. Operational schedule: Unknown. Daily hours, services, price, insurance, and accessibility fields were not supplied by this intake.",BPS-H80-015401,Health Center Service Delivery and Look-Alike Sites,2026-06-19,2026-06-19,needs_review,
hrsa-bps-h80-005644,SBHC-MARATHON JR/SR HIGH SCHOOL,community_health_center,1 E Main St,Marathon,NY,36,Cortland County,36023,13803-7719,42.44189687,-76.03224190,607-849-3900,www.familyhealthnetwork.org,,,,,,,,,HRSA operating hours per week: 28.00,unknown,,,,,,,,,HRSA Health Center Service Delivery and Look-Alike Sites,https://data.hrsa.gov/DataDownload/DD_Files/Health_Center_Service_Delivery_and_LookAlike_Sites.csv,2026-06-19,"Fields copied from the official HRSA CSV: site name, address, city, state, postal code, phone, website, HRSA geocoding coordinates, county/FIPS, operating hours per week, site status, and location setting. Site status: Active. Location setting: School. Operational schedule: Full-Time. Daily hours, services, price, insurance, and accessibility fields were not supplied by this intake.",BPS-H80-005644,Health Center Service Delivery and Look-Alike Sites,2026-06-19,2026-06-19,needs_review,
hrsa-bps-h80-015483,Ramon Velez Community Health Center,community_health_center,754 E 151st St,Bronx,NY,36,Bronx County,36005,10455-3267,40.81474464,-73.90719881,718-960-7601,www.acacianetwork.org,,,,,,,,,HRSA operating hours per week: 59.00,unknown,,,,,,,,,HRSA Health Center Service Delivery and Look-Alike Sites,https://data.hrsa.gov/DataDownload/DD_Files/Health_Center_Service_Delivery_and_LookAlike_Sites.csv,2026-06-19,"Fields copied from the official HRSA CSV: site name, address, city, state, postal code, phone, website, HRSA geocoding coordinates, county/FIPS, operating hours per week, site status, and location setting. Site status: Active. Location setting: All Other Clinic Types. Operational schedule: Unknown. Daily hours, services, price, insurance, and accessibility fields were not supplied by this intake.",BPS-H80-015483,Health Center Service Delivery and Look-Alike Sites,2026-06-19,2026-06-19,needs_review,
hrsa-bps-h80-022311,Jericho Road Community Health Center (Broadway),community_health_center,1021 Broadway St,Buffalo,NY,36,Erie County,36029,14212-1460,42.89297601,-78.83655047,716-529-3020,,,,,,,,,,HRSA operating hours per week: 50.00,unknown,,,,,,,,,HRSA Health Center Service Delivery and Look-Alike Sites,https://data.hrsa.gov/DataDownload/DD_Files/Health_Center_Service_Delivery_and_LookAlike_Sites.csv,2026-06-19,"Fields copied from the official HRSA CSV: site name, address, city, state, postal code, phone, website, HRSA geocoding coordinates, county/FIPS, operating hours per week, site status, and location setting. Site status: Active. Location setting: All Other Clinic Types. Operational schedule: Unknown. Daily hours, services, price, insurance, and accessibility fields were not supplied by this intake.",BPS-H80-022311,Health Center Service Delivery and Look-Alike Sites,2026-06-19,2026-06-19,needs_review,
hrsa-bps-h80-015078,Family Health Center,community_health_center,1 Fordham Plz,Bronx,NY,36,Bronx County,36005,10458-5871,40.86076754,-73.89010786,718-933-2400,www.montefiore.org,,,,,,,,,HRSA operating hours per week: 54.00,unknown,,,,,,,,,HRSA Health Center Service Delivery and Look-Alike Sites,https://data.hrsa.gov/DataDownload/DD_Files/Health_Center_Service_Delivery_and_LookAlike_Sites.csv,2026-06-19,"Fields copied from the official HRSA CSV: site name, address, city, state, postal code, phone, website, HRSA geocoding coordinates, county/FIPS, operating hours per week, site status, and location setting. Site status: Active. Location setting: All Other Clinic Types. Operational schedule: Unknown. Daily hours, services, price, insurance, and accessibility fields were not supplied by this intake.",BPS-H80-015078,Health Center Service Delivery and Look-Alike Sites,2026-06-19,2026-06-19,needs_review,
hrsa-bps-h80-000121,Queens Health Center Site,community_health_center,Sutphin Blvd,Jamaica,NY,36,Queens County,36081,11435-5435,40.69334746,-73.79975301,718-657-7088,www.chnnyc.org,,,,,,,,,HRSA operating hours per week: 47.00,unknown,,,,,,,,,HRSA Health Center Service Delivery and Look-Alike Sites,https://data.hrsa.gov/DataDownload/DD_Files/Health_Center_Service_Delivery_and_LookAlike_Sites.csv,2026-06-19,"Fields copied from the official HRSA CSV: site name, address, city, state, postal code, phone, website, HRSA geocoding coordinates, county/FIPS, operating hours per week, site status, and location setting. Site status: Active. Location setting: All Other Clinic Types. Operational schedule: Full-Time. Daily hours, services, price, insurance, and accessibility fields were not supplied by this intake.",BPS-H80-000121,Health Center Service Delivery and Look-Alike Sites,2026-06-19,2026-06-19,needs_review,
hrsa-bps-h80-011030,Brown Square Health Center,community_health_center,322 Lake Ave,Rochester,NY,36,Monroe County,36055,14608-1162,43.17095961,-77.62734745,585-436-3040,none,,,,,,,,,HRSA operating hours per week: 48.00,unknown,,,,,,,,,HRSA Health Center Service Delivery and Look-Alike Sites,https://data.hrsa.gov/DataDownload/DD_Files/Health_Center_Service_Delivery_and_LookAlike_Sites.csv,2026-06-19,"Fields copied from the official HRSA CSV: site name, address, city, state, postal code, phone, website, HRSA geocoding coordinates, county/FIPS, operating hours per week, site status, and location setting. Site status: Active. Location setting: All Other Clinic Types. Operational schedule: Full-Time. Daily hours, services, price, insurance, and accessibility fields were not supplied by this intake.",BPS-H80-011030,Health Center Service Delivery and Look-Alike Sites,2026-06-19,2026-06-19,needs_review,
hrsa-bps-h80-032206,CHI Health Center,community_health_center,1419 Mermaid Ave,Brooklyn,NY,36,Kings County,36047,11224-2615,40.57720599,-73.98225398,718-210-3110,www.chihealthcenter.com,,,,,,,,,HRSA operating hours per week: 50.00,unknown,,,,,,,,,HRSA Health Center Service Delivery and Look-Alike Sites,https://data.hrsa.gov/DataDownload/DD_Files/Health_Center_Service_Delivery_and_LookAlike_Sites.csv,2026-06-19,"Fields copied from the official HRSA CSV: site name, address, city, state, postal code, phone, website, HRSA geocoding coordinates, county/FIPS, operating hours per week, site status, and location setting. Site status: Active. Location setting: All Other Clinic Types. Operational schedule: Unknown. Daily hours, services, price, insurance, and accessibility fields were not supplied by this intake.",BPS-H80-032206,Health Center Service Delivery and Look-Alike Sites,2026-06-19,2026-06-19,needs_review,
hrsa-bps-h80-005696,HELP CROTONA,community_health_center,785 Crotona Park N,Bronx,NY,36,Bronx County,36005,10460-4707,40.84066400,-73.89115065,718-588-4460,,,,,,,,,,HRSA operating hours per week: 8.00,unknown,,,,,,,,,HRSA Health Center Service Delivery and Look-Alike Sites,https://data.hrsa.gov/DataDownload/DD_Files/Health_Center_Service_Delivery_and_LookAlike_Sites.csv,2026-06-19,"Fields copied from the official HRSA CSV: site name, address, city, state, postal code, phone, website, HRSA geocoding coordinates, county/FIPS, operating hours per week, site status, and location setting. Site status: Active. Location setting: All Other Clinic Types. Operational schedule: Part-Time. Daily hours, services, price, insurance, and accessibility fields were not supplied by this intake.",BPS-H80-005696,Health Center Service Delivery and Look-Alike Sites,2026-06-19,2026-06-19,needs_review,
hrsa-bps-h80-010994,Prevention Assessment Temporary Housing,community_health_center,151 E 151st St,Bronx,NY,36,Bronx County,36005,10451-5248,40.82155540,-73.92765485,718-872-9490,www.thefloatinghospital.org,,,,,,,,,HRSA operating hours per week: 112.00,unknown,,,,,,,,,HRSA Health Center Service Delivery and Look-Alike Sites,https://data.hrsa.gov/DataDownload/DD_Files/Health_Center_Service_Delivery_and_LookAlike_Sites.csv,2026-06-19,"Fields copied from the official HRSA CSV: site name, address, city, state, postal code, phone, website, HRSA geocoding coordinates, county/FIPS, operating hours per week, site status, and location setting. Site status: Active. Location setting: All Other Clinic Types. Operational schedule: Full-Time. Daily hours, services, price, insurance, and accessibility fields were not supplied by this intake.",BPS-H80-010994,Health Center Service Delivery and Look-Alike Sites,2026-06-19,2026-06-19,needs_review,
hrsa-bps-h80-000298,M.S. 424,community_health_center,730 Bryant Ave,Bronx,NY,36,Bronx County,36005,10474-7416,40.81546473,-73.88556361,718-378-3250,WWW.URBANHEALTHPLAN.ORG,,,,,,,,,HRSA operating hours per week: 40.00,unknown,,,,,,,,,HRSA Health Center Service Delivery and Look-Alike Sites,https://data.hrsa.gov/DataDownload/DD_Files/Health_Center_Service_Delivery_and_LookAlike_Sites.csv,2026-06-19,"Fields copied from the official HRSA CSV: site name, address, city, state, postal code, phone, website, HRSA geocoding coordinates, county/FIPS, operating hours per week, site status, and location setting. Site status: Active. Location setting: School. Operational schedule: Full-Time. Daily hours, services, price, insurance, and accessibility fields were not supplied by this intake.",BPS-H80-000298,Health Center Service Delivery and Look-Alike Sites,2026-06-19,2026-06-19,needs_review,
hrsa-bps-h80-012039,The Health Center at APW Elementary School,community_health_center,640 County Route 22,Parish,NY,36,Oswego County,36075,13131-3338,43.44306695,-76.05056067,315-625-5210,www.nochsi.org,,,,,,,,,HRSA operating hours per week: 40.00,unknown,,,,,,,,,HRSA Health Center Service Delivery and Look-Alike Sites,https://data.hrsa.gov/DataDownload/DD_Files/Health_Center_Service_Delivery_and_LookAlike_Sites.csv,2026-06-19,"Fields copied from the official HRSA CSV: site name, address, city, state, postal code, phone, website, HRSA geocoding coordinates, county/FIPS, operating hours per week, site status, and location setting. Site status: Active. Location setting: School. Operational schedule: Full-Time. Daily hours, services, price, insurance, and accessibility fields were not supplied by this intake.",BPS-H80-012039,Health Center Service Delivery and Look-Alike Sites,2026-06-19,2026-06-19,needs_review,
hrsa-bps-h80-024414,Morrisania D&TC,community_health_center,1225 Gerard Ave,Bronx,NY,36,Bronx County,36005,10452-8096,40.83602663,-73.92007928,718-960-2777,,,,,,,,,,HRSA operating hours per week: 67.00,unknown,,,,,,,,,HRSA Health Center Service Delivery and Look-Alike Sites,https://data.hrsa.gov/DataDownload/DD_Files/Health_Center_Service_Delivery_and_LookAlike_Sites.csv,2026-06-19,"Fields copied from the official HRSA CSV: site name, address, city, state, postal code, phone, website, HRSA geocoding coordinates, county/FIPS, operating hours per week, site status, and location setting. Site status: Active. Location setting: All Other Clinic Types. Operational schedule: Unknown. Daily hours, services, price, insurance, and accessibility fields were not supplied by this intake.",BPS-H80-024414,Health Center Service Delivery and Look-Alike Sites,2026-06-19,2026-06-19,needs_review,
hrsa-bps-h80-010077,Greenburgh Health Center,community_health_center,295 Knollwood Rd,White Plains,NY,36,Westchester County,36119,10607-1822,41.04367483,-73.80440206,914-699-7200,http://www.mvnhc.org,,,,,,,,,HRSA operating hours per week: 46.50,unknown,,,,,,,,,HRSA Health Center Service Delivery and Look-Alike Sites,https://data.hrsa.gov/DataDownload/DD_Files/Health_Center_Service_Delivery_and_LookAlike_Sites.csv,2026-06-19,"Fields copied from the official HRSA CSV: site name, address, city, state, postal code, phone, website, HRSA geocoding coordinates, county/FIPS, operating hours per week, site status, and location setting. Site status: Active. Location setting: All Other Clinic Types. Operational schedule: Full-Time. Daily hours, services, price, insurance, and accessibility fields were not supplied by this intake.",BPS-H80-010077,Health Center Service Delivery and Look-Alike Sites,2026-06-19,2026-06-19,needs_review,
hrsa-bps-h80-021508,Cornerstone - Middletown Administration,community_health_center,21 Orchard St,Middletown,NY,36,Orange County,36071,10940-5004,41.44673985,-74.41857487,845-343-7614,www.cornerstonefamilyhealthcare.org,,,,,,,,,HRSA operating hours per week: 35.00,unknown,,,,,,,,,HRSA Health Center Service Delivery and Look-Alike Sites,https://data.hrsa.gov/DataDownload/DD_Files/Health_Center_Service_Delivery_and_LookAlike_Sites.csv,2026-06-19,"Fields copied from the official HRSA CSV: site name, address, city, state, postal code, phone, website, HRSA geocoding coordinates, county/FIPS, operating hours per week, site status, and location setting. Site status: Active. Location setting: All Other Clinic Types. Operational schedule: Unknown. Daily hours, services, price, insurance, and accessibility fields were not supplied by this intake.",BPS-H80-021508,Health Center Service Delivery and Look-Alike Sites,2026-06-19,2026-06-19,needs_review,
hrsa-bps-h80-018080,121st Street Family Health Center,community_health_center,219 E 121st St,New York,NY,36,New York County,36061,10035-3018,40.80088848,-73.93656976,646-665-7022,www.damianhealth.org,,,,,,,,,HRSA operating hours per week: 46.00,unknown,,,,,,,,,HRSA Health Center Service Delivery and Look-Alike Sites,https://data.hrsa.gov/DataDownload/DD_Files/Health_Center_Service_Delivery_and_LookAlike_Sites.csv,2026-06-19,"Fields copied from the official HRSA CSV: site name, address, city, state, postal code, phone, website, HRSA geocoding coordinates, county/FIPS, operating hours per week, site status, and location setting. Site status: Active. Location setting: All Other Clinic Types. Operational schedule: Unknown. Daily hours, services, price, insurance, and accessibility fields were not supplied by this intake.",BPS-H80-018080,Health Center Service Delivery and Look-Alike Sites,2026-06-19,2026-06-19,needs_review,
hrsa-bps-h80-000409,MOUNT VERNON NEIGHBORHOOD HEALTH CENTER,community_health_center,107 W 4th St,Mount Vernon,NY,36,Westchester County,36119,10550-4098,40.90366201,-73.83868002,914-699-7200 x601,www.mvnhc.org,,,,,,,,,HRSA operating hours per week: 52.50,unknown,,,,,,,,,HRSA Health Center Service Delivery and Look-Alike Sites,https://data.hrsa.gov/DataDownload/DD_Files/Health_Center_Service_Delivery_and_LookAlike_Sites.csv,2026-06-19,"Fields copied from the official HRSA CSV: site name, address, city, state, postal code, phone, website, HRSA geocoding coordinates, county/FIPS, operating hours per week, site status, and location setting. Site status: Active. Location setting: All Other Clinic Types. Operational schedule: Full-Time. Daily hours, services, price, insurance, and accessibility fields were not supplied by this intake.",BPS-H80-000409,Health Center Service Delivery and Look-Alike Sites,2026-06-19,2026-06-19,needs_review,
hrsa-bps-h80-000410,"Charles B. Wang Community Health Center, Inc.",community_health_center,136-26 37th Ave,Flushing,NY,36,Queens County,36081,11354-6533,40.76174051,-73.83012084,718-886-1212,www.cbwchc.org,,,,,,,,,HRSA operating hours per week: 68.00,unknown,,,,,,,,,HRSA Health Center Service Delivery and Look-Alike Sites,https://data.hrsa.gov/DataDownload/DD_Files/Health_Center_Service_Delivery_and_LookAlike_Sites.csv,2026-06-19,"Fields copied from the official HRSA CSV: site name, address, city, state, postal code, phone, website, HRSA geocoding coordinates, county/FIPS, operating hours per week, site status, and location setting. Site status: Active. Location setting: All Other Clinic Types. Operational schedule: Full-Time. Daily hours, services, price, insurance, and accessibility fields were not supplied by this intake.",BPS-H80-000410,Health Center Service Delivery and Look-Alike Sites,2026-06-19,2026-06-19,needs_review,
hrsa-bps-h80-014869,P.S. 31,community_health_center,55 Layton Ave,Staten Island,NY,36,Richmond County,36085,10301-1498,40.64174811,-74.08551576,718-273-3500,,,,,,,,,,HRSA operating hours per week: 48.00,unknown,,,,,,,,,HRSA Health Center Service Delivery and Look-Alike Sites,https://data.hrsa.gov/DataDownload/DD_Files/Health_Center_Service_Delivery_and_LookAlike_Sites.csv,2026-06-19,"Fields copied from the official HRSA CSV: site name, address, city, state, postal code, phone, website, HRSA geocoding coordinates, county/FIPS, operating hours per week, site status, and location setting. Site status: Active. Location setting: School. Operational schedule: Unknown. Daily hours, services, price, insurance, and accessibility fields were not supplied by this intake.",BPS-H80-014869,Health Center Service Delivery and Look-Alike Sites,2026-06-19,2026-06-19,needs_review,
hrsa-bps-h80-015546,Apicha Community Health Center,community_health_center,400 Broadway,New York,NY,36,New York County,36061,10013-3698,40.71859491,-74.00216779,212-334-7940,www.apicha.org,,,,,,,,,HRSA operating hours per week: 42.50,unknown,,,,,,,,,HRSA Health Center Service Delivery and Look-Alike Sites,https://data.hrsa.gov/DataDownload/DD_Files/Health_Center_Service_Delivery_and_LookAlike_Sites.csv,2026-06-19,"Fields copied from the official HRSA CSV: site name, address, city, state, postal code, phone, website, HRSA geocoding coordinates, county/FIPS, operating hours per week, site status, and location setting. Site status: Active. Location setting: All Other Clinic Types. Operational schedule: Unknown. Daily hours, services, price, insurance, and accessibility fields were not supplied by this intake.",BPS-H80-015546,Health Center Service Delivery and Look-Alike Sites,2026-06-19,2026-06-19,needs_review,
hrsa-bps-h80-018792,Myrtle Avenue Family Health Center,community_health_center,117-11 Myrtle Ave,Richmond Hill,NY,36,Queens County,36081,11418,40.70016101,-73.83205530,347-571-5922,,,,,,,,,,HRSA operating hours per week: 15.00,unknown,,,,,,,,,HRSA Health Center Service Delivery and Look-Alike Sites,https://data.hrsa.gov/DataDownload/DD_Files/Health_Center_Service_Delivery_and_LookAlike_Sites.csv,2026-06-19,"Fields copied from the official HRSA CSV: site name, address, city, state, postal code, phone, website, HRSA geocoding coordinates, county/FIPS, operating hours per week, site status, and location setting. Site status: Active. Location setting: All Other Clinic Types. Operational schedule: Unknown. Daily hours, services, price, insurance, and accessibility fields were not supplied by this intake.",BPS-H80-018792,Health Center Service Delivery and Look-Alike Sites,2026-06-19,2026-06-19,needs_review,
hrsa-bps-h80-013491,CHCR 439,community_health_center,439 Port Richmond Ave,Staten Island,NY,36,Richmond County,36085,10302-1714,40.63136453,-74.13831110,718-924-2254,,,,,,,,,,HRSA operating hours per week: 48.00,unknown,,,,,,,,,HRSA Health Center Service Delivery and Look-Alike Sites,https://data.hrsa.gov/DataDownload/DD_Files/Health_Center_Service_Delivery_and_LookAlike_Sites.csv,2026-06-19,"Fields copied from the official HRSA CSV: site name, address, city, state, postal code, phone, website, HRSA geocoding coordinates, county/FIPS, operating hours per week, site status, and location setting. Site status: Active. Location setting: All Other Clinic Types. Operational schedule: Full-Time. Daily hours, services, price, insurance, and accessibility fields were not supplied by this intake.",BPS-H80-013491,Health Center Service Delivery and Look-Alike Sites,2026-06-19,2026-06-19,needs_review,
hrsa-bps-h80-005815,ALL ANGELS CHURCH,community_health_center,251 W 80th St,New York,NY,36,New York County,36061,10024-5743,40.78481031,-73.98008298,212-362-9300,www.institute2000.org,,,,,,,,,HRSA operating hours per week: 15.00,unknown,,,,,,,,,HRSA Health Center Service Delivery and Look-Alike Sites,https://data.hrsa.gov/DataDownload/DD_Files/Health_Center_Service_Delivery_and_LookAlike_Sites.csv,2026-06-19,"Fields copied from the official HRSA CSV: site name, address, city, state, postal code, phone, website, HRSA geocoding coordinates, county/FIPS, operating hours per week, site status, and location setting. Site status: Active. Location setting: All Other Clinic Types. Operational schedule: Part-Time. Daily hours, services, price, insurance, and accessibility fields were not supplied by this intake.",BPS-H80-005815,Health Center Service Delivery and Look-Alike Sites,2026-06-19,2026-06-19,needs_review,
hrsa-bps-h80-027218,Sun River Health Westchester Square Health Center,community_health_center,"2510 Westchester Ave, Suite 202",Bronx,NY,36,Bronx County,36005,10461-3585,40.83926691,-73.84341127,718-681-8700,,,,,,,,,,HRSA operating hours per week: 62.00,unknown,,,,,,,,,HRSA Health Center Service Delivery and Look-Alike Sites,https://data.hrsa.gov/DataDownload/DD_Files/Health_Center_Service_Delivery_and_LookAlike_Sites.csv,2026-06-19,"Fields copied from the official HRSA CSV: site name, address, city, state, postal code, phone, website, HRSA geocoding coordinates, county/FIPS, operating hours per week, site status, and location setting. Site status: Active. Location setting: All Other Clinic Types. Operational schedule: Unknown. Daily hours, services, price, insurance, and accessibility fields were not supplied by this intake.",BPS-H80-027218,Health Center Service Delivery and Look-Alike Sites,2026-06-19,2026-06-19,needs_review,
hrsa-bps-h80-005857,Lutheran Augustana Center,community_health_center,5434 2nd Ave,Brooklyn,NY,36,Kings County,36047,11220-2606,40.64705428,-74.02063463,718-630-6000,www.lmcmc.com,,,,,,,,,HRSA operating hours per week: 40.00,unknown,,,,,,,,,HRSA Health Center Service Delivery and Look-Alike Sites,https://data.hrsa.gov/DataDownload/DD_Files/Health_Center_Service_Delivery_and_LookAlike_Sites.csv,2026-06-19,"Fields copied from the official HRSA CSV: site name, address, city, state, postal code, phone, website, HRSA geocoding coordinates, county/FIPS, operating hours per week, site status, and location setting. Site status: Active. Location setting: Nursing Home. Operational schedule: Part-Time. Daily hours, services, price, insurance, and accessibility fields were not supplied by this intake.",BPS-H80-005857,Health Center Service Delivery and Look-Alike Sites,2026-06-19,2026-06-19,needs_review,
hrsa-bps-h80-040659,TCC Gowanda Dental,community_health_center,40 W Main St,Gowanda,NY,36,Cattaraugus County,36009,14070-1306,42.46269625,-78.93644139,716-532-4341,,,,,,,,,,HRSA operating hours per week: 40.00,unknown,,,,,,,,,HRSA Health Center Service Delivery and Look-Alike Sites,https://data.hrsa.gov/DataDownload/DD_Files/Health_Center_Service_Delivery_and_LookAlike_Sites.csv,2026-06-19,"Fields copied from the official HRSA CSV: site name, address, city, state, postal code, phone, website, HRSA geocoding coordinates, county/FIPS, operating hours per week, site status, and location setting. Site status: Active. Location setting: All Other Clinic Types. Operational schedule: Unknown. Daily hours, services, price, insurance, and accessibility fields were not supplied by this intake.",BPS-H80-040659,Health Center Service Delivery and Look-Alike Sites,2026-06-19,2026-06-19,needs_review,
hrsa-bps-h80-000610,PS 24 School-Based Health Center,community_health_center,427 38th St,Brooklyn,NY,36,Kings County,36047,11232-2514,40.65278209,-74.00466534,718-832-9449,https://nyulangone.org/locations/family-health-centers-at-nyu-langone/school-health-program-family-health-centers-at-nyu-langone,,,,,,,,,HRSA operating hours per week: 40.00,unknown,,,,,,,,,HRSA Health Center Service Delivery and Look-Alike Sites,https://data.hrsa.gov/DataDownload/DD_Files/Health_Center_Service_Delivery_and_LookAlike_Sites.csv,2026-06-19,"Fields copied from the official HRSA CSV: site name, address, city, state, postal code, phone, website, HRSA geocoding coordinates, county/FIPS, operating hours per week, site status, and location setting. Site status: Active. Location setting: School. Operational schedule: Full-Time. Daily hours, services, price, insurance, and accessibility fields were not supplied by this intake.",BPS-H80-000610,Health Center Service Delivery and Look-Alike Sites,2026-06-19,2026-06-19,needs_review,
hrsa-bps-lal-031699,Evergreen Health - Watkins Building,community_health_center,170 W Chippewa St,Buffalo,NY,36,Erie County,36029,14201-2345,42.89095597,-78.87930531,716-847-2441,www.evergreenhs.org,,,,,,,,,HRSA operating hours per week: 40.00,unknown,,,,,,,,,HRSA Health Center Service Delivery and Look-Alike Sites,https://data.hrsa.gov/DataDownload/DD_Files/Health_Center_Service_Delivery_and_LookAlike_Sites.csv,2026-06-19,"Fields copied from the official HRSA CSV: site name, address, city, state, postal code, phone, website, HRSA geocoding coordinates, county/FIPS, operating hours per week, site status, and location setting. Site status: Active. Location setting: Unknown. Operational schedule: Unknown. Daily hours, services, price, insurance, and accessibility fields were not supplied by this intake.",BPS-LAL-031699,Health Center Service Delivery and Look-Alike Sites,2026-06-19,2026-06-19,needs_review,
hrsa-bps-h80-000613,SBHC - Delaware Elementary,community_health_center,900 S Geddes St,Syracuse,NY,36,Onondaga County,36067,13204-3837,43.03876137,-76.17321574,315-435-4452,www.schcny.com,,,,,,,,,HRSA operating hours per week: 40.00,unknown,,,,,,,,,HRSA Health Center Service Delivery and Look-Alike Sites,https://data.hrsa.gov/DataDownload/DD_Files/Health_Center_Service_Delivery_and_LookAlike_Sites.csv,2026-06-19,"Fields copied from the official HRSA CSV: site name, address, city, state, postal code, phone, website, HRSA geocoding coordinates, county/FIPS, operating hours per week, site status, and location setting. Site status: Active. Location setting: School. Operational schedule: Full-Time. Daily hours, services, price, insurance, and accessibility fields were not supplied by this intake.",BPS-H80-000613,Health Center Service Delivery and Look-Alike Sites,2026-06-19,2026-06-19,needs_review,
hrsa-bps-h80-028088,MS 61 - Dr. Gladstone H. Atwell,community_health_center,400 Empire Blvd,Brooklyn,NY,36,Kings County,36047,11225-3296,40.66389742,-73.94837617,718-774-1002,,,,,,,,,,HRSA operating hours per week: 48.00,unknown,,,,,,,,,HRSA Health Center Service Delivery and Look-Alike Sites,https://data.hrsa.gov/DataDownload/DD_Files/Health_Center_Service_Delivery_and_LookAlike_Sites.csv,2026-06-19,"Fields copied from the official HRSA CSV: site name, address, city, state, postal code, phone, website, HRSA geocoding coordinates, county/FIPS, operating hours per week, site status, and location setting. Site status: Active. Location setting: School. Operational schedule: Unknown. Daily hours, services, price, insurance, and accessibility fields were not supplied by this intake.",BPS-H80-028088,Health Center Service Delivery and Look-Alike Sites,2026-06-19,2026-06-19,needs_review,
hrsa-bps-h80-000619,MOBILE HEALTH UNIT #3,community_health_center,728 N Main St,New Square,NY,36,Rockland County,36087,10977-8916,41.13953824,-74.03502770,845-354-9300,www.refuahhealthcenter.com,,,,,,,,,HRSA operating hours per week: 90.00,unknown,,,,,,,,,HRSA Health Center Service Delivery and Look-Alike Sites,https://data.hrsa.gov/DataDownload/DD_Files/Health_Center_Service_Delivery_and_LookAlike_Sites.csv,2026-06-19,"Fields copied from the official HRSA CSV: site name, address, city, state, postal code, phone, website, HRSA geocoding coordinates, county/FIPS, operating hours per week, site status, and location setting. Site status: Active. Location setting: All Other Clinic Types. Operational schedule: Full-Time. Daily hours, services, price, insurance, and accessibility fields were not supplied by this intake.",BPS-H80-000619,Health Center Service Delivery and Look-Alike Sites,2026-06-19,2026-06-19,needs_review,
hrsa-bps-h80-013893,Sun River Health Amityville,community_health_center,1080 Sunrise Hwy,Amityville,NY,36,Suffolk County,36103,11701-2592,40.68951985,-73.41075235,631-716-9026,,,,,,,,,,HRSA operating hours per week: 50.00,unknown,,,,,,,,,HRSA Health Center Service Delivery and Look-Alike Sites,https://data.hrsa.gov/DataDownload/DD_Files/Health_Center_Service_Delivery_and_LookAlike_Sites.csv,2026-06-19,"Fields copied from the official HRSA CSV: site name, address, city, state, postal code, phone, website, HRSA geocoding coordinates, county/FIPS, operating hours per week, site status, and location setting. Site status: Active. Location setting: All Other Clinic Types. Operational schedule: Full-Time. Daily hours, services, price, insurance, and accessibility fields were not supplied by this intake.",BPS-H80-013893,Health Center Service Delivery and Look-Alike Sites,2026-06-19,2026-06-19,needs_review,
hrsa-bps-h80-019139,Marble Hill Family Practice,community_health_center,5525 Broadway,Bronx,NY,36,Bronx County,36005,10463-5202,40.87757728,-73.90598537,718-884-0279,www.Montefiore.org,,,,,,,,,HRSA operating hours per week: 45.00,unknown,,,,,,,,,HRSA Health Center Service Delivery and Look-Alike Sites,https://data.hrsa.gov/DataDownload/DD_Files/Health_Center_Service_Delivery_and_LookAlike_Sites.csv,2026-06-19,"Fields copied from the official HRSA CSV: site name, address, city, state, postal code, phone, website, HRSA geocoding coordinates, county/FIPS, operating hours per week, site status, and location setting. Site status: Active. Location setting: All Other Clinic Types. Operational schedule: Unknown. Daily hours, services, price, insurance, and accessibility fields were not supplied by this intake.",BPS-H80-019139,Health Center Service Delivery and Look-Alike Sites,2026-06-19,2026-06-19,needs_review,
hrsa-bps-h80-000735,CIS 303: Leadership & Community Service Academy/232,community_health_center,1700 Macombs Rd,Bronx,NY,36,Bronx County,36005,10453-7048,40.84949731,-73.91575498,718-583-5975,www.mhhc.org,,,,,,,,,HRSA operating hours per week: 40.00,unknown,,,,,,,,,HRSA Health Center Service Delivery and Look-Alike Sites,https://data.hrsa.gov/DataDownload/DD_Files/Health_Center_Service_Delivery_and_LookAlike_Sites.csv,2026-06-19,"Fields copied from the official HRSA CSV: site name, address, city, state, postal code, phone, website, HRSA geocoding coordinates, county/FIPS, operating hours per week, site status, and location setting. Site status: Active. Location setting: School. Operational schedule: Full-Time. Daily hours, services, price, insurance, and accessibility fields were not supplied by this intake.",BPS-H80-000735,Health Center Service Delivery and Look-Alike Sites,2026-06-19,2026-06-19,needs_review,
hrsa-bps-h80-010019,Cortland Medical Office,community_health_center,4038 West Rd,Cortland,NY,36,Cortland County,36023,13045-1149,42.60245380,-76.20086312,607-758-3008,www.familyhealthnetwork.org,,,,,,,,,HRSA operating hours per week: 46.00,unknown,,,,,,,,,HRSA Health Center Service Delivery and Look-Alike Sites,https://data.hrsa.gov/DataDownload/DD_Files/Health_Center_Service_Delivery_and_LookAlike_Sites.csv,2026-06-19,"Fields copied from the official HRSA CSV: site name, address, city, state, postal code, phone, website, HRSA geocoding coordinates, county/FIPS, operating hours per week, site status, and location setting. Site status: Active. Location setting: All Other Clinic Types. Operational schedule: Full-Time. Daily hours, services, price, insurance, and accessibility fields were not supplied by this intake.",BPS-H80-010019,Health Center Service Delivery and Look-Alike Sites,2026-06-19,2026-06-19,needs_review,
hrsa-bps-h80-018272,Hudson River HealthCare - Nyack,community_health_center,84 N Highland Ave,Nyack,NY,36,Rockland County,36087,10960-1831,41.09454795,-73.92792701,914-734-8503,,,,,,,,,,HRSA operating hours per week: 68.00,unknown,,,,,,,,,HRSA Health Center Service Delivery and Look-Alike Sites,https://data.hrsa.gov/DataDownload/DD_Files/Health_Center_Service_Delivery_and_LookAlike_Sites.csv,2026-06-19,"Fields copied from the official HRSA CSV: site name, address, city, state, postal code, phone, website, HRSA geocoding coordinates, county/FIPS, operating hours per week, site status, and location setting. Site status: Active. Location setting: All Other Clinic Types. Operational schedule: Unknown. Daily hours, services, price, insurance, and accessibility fields were not supplied by this intake.",BPS-H80-018272,Health Center Service Delivery and Look-Alike Sites,2026-06-19,2026-06-19,needs_review,
hrsa-bps-lal-037007,Liberty Resources Inc.- Fulton,community_health_center,14 Crossroads Dr,Fulton,NY,36,Oswego County,36075,13069-5009,43.30605485,-76.39343608,315-598-4642,https://www.liberty-resources.org/,,,,,,,,,HRSA operating hours per week: 52.00,unknown,,,,,,,,,HRSA Health Center Service Delivery and Look-Alike Sites,https://data.hrsa.gov/DataDownload/DD_Files/Health_Center_Service_Delivery_and_LookAlike_Sites.csv,2026-06-19,"Fields copied from the official HRSA CSV: site name, address, city, state, postal code, phone, website, HRSA geocoding coordinates, county/FIPS, operating hours per week, site status, and location setting. Site status: Active. Location setting: All Other Clinic Types. Operational schedule: Unknown. Daily hours, services, price, insurance, and accessibility fields were not supplied by this intake.",BPS-LAL-037007,Health Center Service Delivery and Look-Alike Sites,2026-06-19,2026-06-19,needs_review,
hrsa-bps-h80-036560,Bushwick Educational Campus,community_health_center,400 Irving Ave,Brooklyn,NY,36,Kings County,36047,11237-5985,40.69709814,-73.91138306,718-381-7100,,,,,,,,,,HRSA operating hours per week: 40.00,unknown,,,,,,,,,HRSA Health Center Service Delivery and Look-Alike Sites,https://data.hrsa.gov/DataDownload/DD_Files/Health_Center_Service_Delivery_and_LookAlike_Sites.csv,2026-06-19,"Fields copied from the official HRSA CSV: site name, address, city, state, postal code, phone, website, HRSA geocoding coordinates, county/FIPS, operating hours per week, site status, and location setting. Site status: Active. Location setting: School. Operational schedule: Unknown. Daily hours, services, price, insurance, and accessibility fields were not supplied by this intake.",BPS-H80-036560,Health Center Service Delivery and Look-Alike Sites,2026-06-19,2026-06-19,needs_review,
hrsa-bps-h80-018582,53rd Street Health Center,community_health_center,225 E 53rd St,New York,NY,36,New York County,36061,10022-4809,40.75742232,-73.96822636,212-829-1200,,,,,,,,,,HRSA operating hours per week: 40.00,unknown,,,,,,,,,HRSA Health Center Service Delivery and Look-Alike Sites,https://data.hrsa.gov/DataDownload/DD_Files/Health_Center_Service_Delivery_and_LookAlike_Sites.csv,2026-06-19,"Fields copied from the official HRSA CSV: site name, address, city, state, postal code, phone, website, HRSA geocoding coordinates, county/FIPS, operating hours per week, site status, and location setting. Site status: Active. Location setting: All Other Clinic Types. Operational schedule: Unknown. Daily hours, services, price, insurance, and accessibility fields were not supplied by this intake.",BPS-H80-018582,Health Center Service Delivery and Look-Alike Sites,2026-06-19,2026-06-19,needs_review,
hrsa-bps-h80-021487,PS 55 Benjamin Franklin,community_health_center,450 Saint Pauls Pl,Bronx,NY,36,Bronx County,36005,10456-1938,40.83614255,-73.90456036,718-681-6227,www.benfranklin055.org,,,,,,,,,HRSA operating hours per week: 40.50,unknown,,,,,,,,,HRSA Health Center Service Delivery and Look-Alike Sites,https://data.hrsa.gov/DataDownload/DD_Files/Health_Center_Service_Delivery_and_LookAlike_Sites.csv,2026-06-19,"Fields copied from the official HRSA CSV: site name, address, city, state, postal code, phone, website, HRSA geocoding coordinates, county/FIPS, operating hours per week, site status, and location setting. Site status: Active. Location setting: School. Operational schedule: Unknown. Daily hours, services, price, insurance, and accessibility fields were not supplied by this intake.",BPS-H80-021487,Health Center Service Delivery and Look-Alike Sites,2026-06-19,2026-06-19,needs_review,
hrsa-bps-h80-041344,Samaritan Daytop Health - Richard Pruss Health Center,community_health_center,362 E 148th St,Bronx,NY,36,Bronx County,36005,10455-4005,40.81571938,-73.91959070,347-577-8080,,,,,,,,,,HRSA operating hours per week: 45.00,unknown,,,,,,,,,HRSA Health Center Service Delivery and Look-Alike Sites,https://data.hrsa.gov/DataDownload/DD_Files/Health_Center_Service_Delivery_and_LookAlike_Sites.csv,2026-06-19,"Fields copied from the official HRSA CSV: site name, address, city, state, postal code, phone, website, HRSA geocoding coordinates, county/FIPS, operating hours per week, site status, and location setting. Site status: Active. Location setting: All Other Clinic Types. Operational schedule: Unknown. Daily hours, services, price, insurance, and accessibility fields were not supplied by this intake.",BPS-H80-041344,Health Center Service Delivery and Look-Alike Sites,2026-06-19,2026-06-19,needs_review,
hrsa-bps-h80-034037,JHS 291 - Roland Hayes Campus,community_health_center,231 Palmetto St,Brooklyn,NY,36,Kings County,36047,11221-4793,40.69550775,-73.91517537,718-574-0361,,,,,,,,,,HRSA operating hours per week: 40.00,unknown,,,,,,,,,HRSA Health Center Service Delivery and Look-Alike Sites,https://data.hrsa.gov/DataDownload/DD_Files/Health_Center_Service_Delivery_and_LookAlike_Sites.csv,2026-06-19,"Fields copied from the official HRSA CSV: site name, address, city, state, postal code, phone, website, HRSA geocoding coordinates, county/FIPS, operating hours per week, site status, and location setting. Site status: Active. Location setting: School. Operational schedule: Unknown. Daily hours, services, price, insurance, and accessibility fields were not supplied by this intake.",BPS-H80-034037,Health Center Service Delivery and Look-Alike Sites,2026-06-19,2026-06-19,needs_review,
hrsa-bps-h80-008056,Moriah Health Center,community_health_center,33 Tom Phelps Ln,Mineville,NY,36,Essex County,36031,12956,44.07783518,-73.51421186,518-942-7123,www.hhhn.org,,,,,,,,,HRSA operating hours per week: 42.50,unknown,,,,,,,,,HRSA Health Center Service Delivery and Look-Alike Sites,https://data.hrsa.gov/DataDownload/DD_Files/Health_Center_Service_Delivery_and_LookAlike_Sites.csv,2026-06-19,"Fields copied from the official HRSA CSV: site name, address, city, state, postal code, phone, website, HRSA geocoding coordinates, county/FIPS, operating hours per week, site status, and location setting. Site status: Active. Location setting: All Other Clinic Types. Operational schedule: Full-Time. Daily hours, services, price, insurance, and accessibility fields were not supplied by this intake.",BPS-H80-008056,Health Center Service Delivery and Look-Alike Sites,2026-06-19,2026-06-19,needs_review,
hrsa-bps-h80-010480,Harrison Circle,community_health_center,57 W Burnside Ave # 69,Bronx,NY,36,Bronx County,36005,10453-4038,40.85434063,-73.90972168,718-716-4400,,,,,,,,,,HRSA operating hours per week: 58.50,unknown,,,,,,,,,HRSA Health Center Service Delivery and Look-Alike Sites,https://data.hrsa.gov/DataDownload/DD_Files/Health_Center_Service_Delivery_and_LookAlike_Sites.csv,2026-06-19,"Fields copied from the official HRSA CSV: site name, address, city, state, postal code, phone, website, HRSA geocoding coordinates, county/FIPS, operating hours per week, site status, and location setting. Site status: Active. Location setting: All Other Clinic Types. Operational schedule: Full-Time. Daily hours, services, price, insurance, and accessibility fields were not supplied by this intake.",BPS-H80-010480,Health Center Service Delivery and Look-Alike Sites,2026-06-19,2026-06-19,needs_review,
hrsa-bps-h80-017578,PS 188 School Based Health Center,community_health_center,3314 Neptune Ave,Brooklyn,NY,36,Kings County,36047,11224-1539,40.57702955,-74.00053206,718-265-7580,,,,,,,,,,HRSA operating hours per week: 168.00,unknown,,,,,,,,,HRSA Health Center Service Delivery and Look-Alike Sites,https://data.hrsa.gov/DataDownload/DD_Files/Health_Center_Service_Delivery_and_LookAlike_Sites.csv,2026-06-19,"Fields copied from the official HRSA CSV: site name, address, city, state, postal code, phone, website, HRSA geocoding coordinates, county/FIPS, operating hours per week, site status, and location setting. Site status: Active. Location setting: School. Operational schedule: Unknown. Daily hours, services, price, insurance, and accessibility fields were not supplied by this intake.",BPS-H80-017578,Health Center Service Delivery and Look-Alike Sites,2026-06-19,2026-06-19,needs_review,
hrsa-bps-h80-015342,BCCHC - Annex,community_health_center,2031 Forest Ave,Staten Island,NY,36,Richmond County,36085,10303-1733,40.62618116,-74.15708615,718-815-6560,,,,,,,,,,HRSA operating hours per week: 40.00,unknown,,,,,,,,,HRSA Health Center Service Delivery and Look-Alike Sites,https://data.hrsa.gov/DataDownload/DD_Files/Health_Center_Service_Delivery_and_LookAlike_Sites.csv,2026-06-19,"Fields copied from the official HRSA CSV: site name, address, city, state, postal code, phone, website, HRSA geocoding coordinates, county/FIPS, operating hours per week, site status, and location setting. Site status: Active. Location setting: All Other Clinic Types. Operational schedule: Unknown. Daily hours, services, price, insurance, and accessibility fields were not supplied by this intake.",BPS-H80-015342,Health Center Service Delivery and Look-Alike Sites,2026-06-19,2026-06-19,needs_review,
hrsa-bps-h80-024720,Woodside Elementary School,community_health_center,612 Depew St,Peekskill,NY,36,Westchester County,36119,10566-5502,41.27968215,-73.92294305,914-734-8800,,,,,,,,,,HRSA operating hours per week: 21.00,unknown,,,,,,,,,HRSA Health Center Service Delivery and Look-Alike Sites,https://data.hrsa.gov/DataDownload/DD_Files/Health_Center_Service_Delivery_and_LookAlike_Sites.csv,2026-06-19,"Fields copied from the official HRSA CSV: site name, address, city, state, postal code, phone, website, HRSA geocoding coordinates, county/FIPS, operating hours per week, site status, and location setting. Site status: Active. Location setting: School. Operational schedule: Unknown. Daily hours, services, price, insurance, and accessibility fields were not supplied by this intake.",BPS-H80-024720,Health Center Service Delivery and Look-Alike Sites,2026-06-19,2026-06-19,needs_review,
hrsa-bps-h80-001335,PS 10 School-Based Health Center,community_health_center,511 7th Ave,Brooklyn,NY,36,Kings County,36047,11215-6126,40.66109438,-73.98647075,718-788-6572,https://nyulangone.org/locations/family-health-centers-at-nyu-langone/school-health-program-family-health-centers-at-nyu-langone,,,,,,,,,HRSA operating hours per week: 40.00,unknown,,,,,,,,,HRSA Health Center Service Delivery and Look-Alike Sites,https://data.hrsa.gov/DataDownload/DD_Files/Health_Center_Service_Delivery_and_LookAlike_Sites.csv,2026-06-19,"Fields copied from the official HRSA CSV: site name, address, city, state, postal code, phone, website, HRSA geocoding coordinates, county/FIPS, operating hours per week, site status, and location setting. Site status: Active. Location setting: School. Operational schedule: Full-Time. Daily hours, services, price, insurance, and accessibility fields were not supplied by this intake.",BPS-H80-001335,Health Center Service Delivery and Look-Alike Sites,2026-06-19,2026-06-19,needs_review,
hrsa-bps-h80-013447,Sun River Health Kraus Family Health Center of The Hamptons,community_health_center,330 Meeting House Ln,Southampton,NY,36,Suffolk County,36103,11968-5064,40.88599266,-72.37786794,631-268-1008,,,,,,,,,,HRSA operating hours per week: 40.00,unknown,,,,,,,,,HRSA Health Center Service Delivery and Look-Alike Sites,https://data.hrsa.gov/DataDownload/DD_Files/Health_Center_Service_Delivery_and_LookAlike_Sites.csv,2026-06-19,"Fields copied from the official HRSA CSV: site name, address, city, state, postal code, phone, website, HRSA geocoding coordinates, county/FIPS, operating hours per week, site status, and location setting. Site status: Active. Location setting: All Other Clinic Types. Operational schedule: Full-Time. Daily hours, services, price, insurance, and accessibility fields were not supplied by this intake.",BPS-H80-013447,Health Center Service Delivery and Look-Alike Sites,2026-06-19,2026-06-19,needs_review,
hrsa-bps-h80-008328,Port Byron Community Health,community_health_center,60 Main St,Port Byron,NY,36,Cayuga County,36011,13140-9767,43.03243282,-76.62388956,,N/A,,,,,,,,,HRSA operating hours per week: 55.00,unknown,,,,,,,,,HRSA Health Center Service Delivery and Look-Alike Sites,https://data.hrsa.gov/DataDownload/DD_Files/Health_Center_Service_Delivery_and_LookAlike_Sites.csv,2026-06-19,"Fields copied from the official HRSA CSV: site name, address, city, state, postal code, phone, website, HRSA geocoding coordinates, county/FIPS, operating hours per week, site status, and location setting. Site status: Active. Location setting: All Other Clinic Types. Operational schedule: Unknown. Daily hours, services, price, insurance, and accessibility fields were not supplied by this intake.",BPS-H80-008328,Health Center Service Delivery and Look-Alike Sites,2026-06-19,2026-06-19,needs_review,
hrsa-bps-h80-018060,Sun River Health Poughkeepsie Washington Street,community_health_center,75 Washington St,Poughkeepsie,NY,36,Dutchess County,36027,12601-2303,41.70851570,-73.92839430,914-734-8600,www.hrhcare.org,,,,,,,,,HRSA operating hours per week: 68.00,unknown,,,,,,,,,HRSA Health Center Service Delivery and Look-Alike Sites,https://data.hrsa.gov/DataDownload/DD_Files/Health_Center_Service_Delivery_and_LookAlike_Sites.csv,2026-06-19,"Fields copied from the official HRSA CSV: site name, address, city, state, postal code, phone, website, HRSA geocoding coordinates, county/FIPS, operating hours per week, site status, and location setting. Site status: Active. Location setting: All Other Clinic Types. Operational schedule: Unknown. Daily hours, services, price, insurance, and accessibility fields were not supplied by this intake.",BPS-H80-018060,Health Center Service Delivery and Look-Alike Sites,2026-06-19,2026-06-19,needs_review,
hrsa-bps-h80-024704,Wingdale Elementary School,community_health_center,6413 Route 55,Wingdale,NY,36,Dutchess County,36027,12594-1501,41.64937961,-73.56166307,845-838-7038,,,,,,,,,,HRSA operating hours per week: 21.00,unknown,,,,,,,,,HRSA Health Center Service Delivery and Look-Alike Sites,https://data.hrsa.gov/DataDownload/DD_Files/Health_Center_Service_Delivery_and_LookAlike_Sites.csv,2026-06-19,"Fields copied from the official HRSA CSV: site name, address, city, state, postal code, phone, website, HRSA geocoding coordinates, county/FIPS, operating hours per week, site status, and location setting. Site status: Active. Location setting: School. Operational schedule: Unknown. Daily hours, services, price, insurance, and accessibility fields were not supplied by this intake.",BPS-H80-024704,Health Center Service Delivery and Look-Alike Sites,2026-06-19,2026-06-19,needs_review,
hrsa-bps-h80-038701,Harmony Healthcare Long Island Mobile Coach,community_health_center,380 Nassau Rd,Roosevelt,NY,36,Nassau County,36059,11575-1343,40.68181072,-73.59083846,516-296-3742,,,,,,,,,,HRSA operating hours per week: 21.00,unknown,,,,,,,,,HRSA Health Center Service Delivery and Look-Alike Sites,https://data.hrsa.gov/DataDownload/DD_Files/Health_Center_Service_Delivery_and_LookAlike_Sites.csv,2026-06-19,"Fields copied from the official HRSA CSV: site name, address, city, state, postal code, phone, website, HRSA geocoding coordinates, county/FIPS, operating hours per week, site status, and location setting. Site status: Active. Location setting: All Other Clinic Types. Operational schedule: Unknown. Daily hours, services, price, insurance, and accessibility fields were not supplied by this intake.",BPS-H80-038701,Health Center Service Delivery and Look-Alike Sites,2026-06-19,2026-06-19,needs_review,
hrsa-bps-h80-001546,KINGSTON FAMILY HEALTH CENTER,community_health_center,1 Family Practice Dr,Kingston,NY,36,Ulster County,36111,12401-6449,41.91694681,-74.01575904,845-338-6400,www.institute2000.org,,,,,,,,,HRSA operating hours per week: 48.00,unknown,,,,,,,,,HRSA Health Center Service Delivery and Look-Alike Sites,https://data.hrsa.gov/DataDownload/DD_Files/Health_Center_Service_Delivery_and_LookAlike_Sites.csv,2026-06-19,"Fields copied from the official HRSA CSV: site name, address, city, state, postal code, phone, website, HRSA geocoding coordinates, county/FIPS, operating hours per week, site status, and location setting. Site status: Active. Location setting: All Other Clinic Types. Operational schedule: Full-Time. Daily hours, services, price, insurance, and accessibility fields were not supplied by this intake.",BPS-H80-001546,Health Center Service Delivery and Look-Alike Sites,2026-06-19,2026-06-19,needs_review,
hrsa-bps-h80-008551,Ryan Health | Adair,community_health_center,565 Manhattan Ave,New York,NY,36,New York County,36061,10027-5250,40.80986592,-73.95366247,212-749-1820,www.ryancenter.org,,,,,,,,,HRSA operating hours per week: 40.00,unknown,,,,,,,,,HRSA Health Center Service Delivery and Look-Alike Sites,https://data.hrsa.gov/DataDownload/DD_Files/Health_Center_Service_Delivery_and_LookAlike_Sites.csv,2026-06-19,"Fields copied from the official HRSA CSV: site name, address, city, state, postal code, phone, website, HRSA geocoding coordinates, county/FIPS, operating hours per week, site status, and location setting. Site status: Active. Location setting: All Other Clinic Types. Operational schedule: Full-Time. Daily hours, services, price, insurance, and accessibility fields were not supplied by this intake.",BPS-H80-008551,Health Center Service Delivery and Look-Alike Sites,2026-06-19,2026-06-19,needs_review,
hrsa-bps-h80-014986,Union Community Health Center #5,community_health_center,2101 Quarry Rd,Bronx,NY,36,Bronx County,36005,10457-1642,40.85197086,-73.89155902,718-220-2020,www.uchcbronx.org,,,,,,,,,HRSA operating hours per week: 45.00,unknown,,,,,,,,,HRSA Health Center Service Delivery and Look-Alike Sites,https://data.hrsa.gov/DataDownload/DD_Files/Health_Center_Service_Delivery_and_LookAlike_Sites.csv,2026-06-19,"Fields copied from the official HRSA CSV: site name, address, city, state, postal code, phone, website, HRSA geocoding coordinates, county/FIPS, operating hours per week, site status, and location setting. Site status: Active. Location setting: All Other Clinic Types. Operational schedule: Unknown. Daily hours, services, price, insurance, and accessibility fields were not supplied by this intake.",BPS-H80-014986,Health Center Service Delivery and Look-Alike Sites,2026-06-19,2026-06-19,needs_review,
hrsa-bps-h80-001562,"OAK ORCHARD COMMUNITY HEALTH CENTER, INC.",community_health_center,300 West Ave,Brockport,NY,36,Monroe County,36055,14420-1118,43.22107706,-77.95058214,585-637-5319 x214,www.oochc.org,,,,,,,,,HRSA operating hours per week: 60.00,unknown,,,,,,,,,HRSA Health Center Service Delivery and Look-Alike Sites,https://data.hrsa.gov/DataDownload/DD_Files/Health_Center_Service_Delivery_and_LookAlike_Sites.csv,2026-06-19,"Fields copied from the official HRSA CSV: site name, address, city, state, postal code, phone, website, HRSA geocoding coordinates, county/FIPS, operating hours per week, site status, and location setting. Site status: Active. Location setting: All Other Clinic Types. Operational schedule: Full-Time. Daily hours, services, price, insurance, and accessibility fields were not supplied by this intake.",BPS-H80-001562,Health Center Service Delivery and Look-Alike Sites,2026-06-19,2026-06-19,needs_review,
hrsa-bps-h80-011273,Sun River Health Haverstraw,community_health_center,31 W Broad St,Haverstraw,NY,36,Rockland County,36087,10927-1615,41.19709932,-73.96615612,845-429-4499,,,,,,,,,,HRSA operating hours per week: 50.50,unknown,,,,,,,,,HRSA Health Center Service Delivery and Look-Alike Sites,https://data.hrsa.gov/DataDownload/DD_Files/Health_Center_Service_Delivery_and_LookAlike_Sites.csv,2026-06-19,"Fields copied from the official HRSA CSV: site name, address, city, state, postal code, phone, website, HRSA geocoding coordinates, county/FIPS, operating hours per week, site status, and location setting. Site status: Active. Location setting: All Other Clinic Types. Operational schedule: Full-Time. Daily hours, services, price, insurance, and accessibility fields were not supplied by this intake.",BPS-H80-011273,Health Center Service Delivery and Look-Alike Sites,2026-06-19,2026-06-19,needs_review,
hrsa-bps-h80-032721,Morris Avenue Health Center,community_health_center,528 Morris Ave,Bronx,NY,36,Bronx County,36005,10451-5509,40.81697025,-73.92268564,212-366-4459,,,,,,,,,,HRSA operating hours per week: 40.00,unknown,,,,,,,,,HRSA Health Center Service Delivery and Look-Alike Sites,https://data.hrsa.gov/DataDownload/DD_Files/Health_Center_Service_Delivery_and_LookAlike_Sites.csv,2026-06-19,"Fields copied from the official HRSA CSV: site name, address, city, state, postal code, phone, website, HRSA geocoding coordinates, county/FIPS, operating hours per week, site status, and location setting. Site status: Active. Location setting: All Other Clinic Types. Operational schedule: Unknown. Daily hours, services, price, insurance, and accessibility fields were not supplied by this intake.",BPS-H80-032721,Health Center Service Delivery and Look-Alike Sites,2026-06-19,2026-06-19,needs_review,
hrsa-bps-h80-001670,Cornerstone Family Healthcare: The Centers for Womens Health and Adolescent and Pediatric Medicine,community_health_center,91 Blooming Grove Tpke,New Windsor,NY,36,Orange County,36071,12553-7757,41.46567063,-74.02845930,845-220-2074,www.ghvfhc.org,,,,,,,,,HRSA operating hours per week: 46.00,unknown,,,,,,,,,HRSA Health Center Service Delivery and Look-Alike Sites,https://data.hrsa.gov/DataDownload/DD_Files/Health_Center_Service_Delivery_and_LookAlike_Sites.csv,2026-06-19,"Fields copied from the official HRSA CSV: site name, address, city, state, postal code, phone, website, HRSA geocoding coordinates, county/FIPS, operating hours per week, site status, and location setting. Site status: Active. Location setting: All Other Clinic Types. Operational schedule: Full-Time. Daily hours, services, price, insurance, and accessibility fields were not supplied by this intake.",BPS-H80-001670,Health Center Service Delivery and Look-Alike Sites,2026-06-19,2026-06-19,needs_review,
hrsa-bps-lal-018385,TCFM Nunda,community_health_center,61 N State St,Nunda,NY,36,Livingston County,36051,14517-9785,42.58300594,-77.94105082,585-468-2528,www.tcfmedicine.org,,,,,,,,,HRSA operating hours per week: 31.00,unknown,,,,,,,,,HRSA Health Center Service Delivery and Look-Alike Sites,https://data.hrsa.gov/DataDownload/DD_Files/Health_Center_Service_Delivery_and_LookAlike_Sites.csv,2026-06-19,"Fields copied from the official HRSA CSV: site name, address, city, state, postal code, phone, website, HRSA geocoding coordinates, county/FIPS, operating hours per week, site status, and location setting. Site status: Active. Location setting: All Other Clinic Types. Operational schedule: Unknown. Daily hours, services, price, insurance, and accessibility fields were not supplied by this intake.",BPS-LAL-018385,Health Center Service Delivery and Look-Alike Sites,2026-06-19,2026-06-19,needs_review,
hrsa-bps-h80-001754,Brownsville Multi-Service Family Health Center,community_health_center,592 Rockaway Ave,Brooklyn,NY,36,Kings County,36047,11212-5539,40.66538076,-73.90979016,718-345-5000,www.bmsfhc.org,,,,,,,,,HRSA operating hours per week: 60.00,unknown,,,,,,,,,HRSA Health Center Service Delivery and Look-Alike Sites,https://data.hrsa.gov/DataDownload/DD_Files/Health_Center_Service_Delivery_and_LookAlike_Sites.csv,2026-06-19,"Fields copied from the official HRSA CSV: site name, address, city, state, postal code, phone, website, HRSA geocoding coordinates, county/FIPS, operating hours per week, site status, and location setting. Site status: Active. Location setting: All Other Clinic Types. Operational schedule: Full-Time. Daily hours, services, price, insurance, and accessibility fields were not supplied by this intake.",BPS-H80-001754,Health Center Service Delivery and Look-Alike Sites,2026-06-19,2026-06-19,needs_review,
hrsa-bps-h80-001757,WILLIAMS ELEM SCHOOL-SCH BASED,community_health_center,9 Union Ln,Mount Vernon,NY,36,Westchester County,36119,10553-1728,40.90375576,-73.82931710,914-668-2868 x101,www.mvnhc.org,,,,,,,,,HRSA operating hours per week: 35.00,unknown,,,,,,,,,HRSA Health Center Service Delivery and Look-Alike Sites,https://data.hrsa.gov/DataDownload/DD_Files/Health_Center_Service_Delivery_and_LookAlike_Sites.csv,2026-06-19,"Fields copied from the official HRSA CSV: site name, address, city, state, postal code, phone, website, HRSA geocoding coordinates, county/FIPS, operating hours per week, site status, and location setting. Site status: Active. Location setting: School. Operational schedule: Full-Time. Daily hours, services, price, insurance, and accessibility fields were not supplied by this intake.",BPS-H80-001757,Health Center Service Delivery and Look-Alike Sites,2026-06-19,2026-06-19,needs_review,
hrsa-bps-h80-007629,Sun River Health Park Care,community_health_center,2 Park Ave,Yonkers,NY,36,Westchester County,36119,10703-3497,40.93988922,-73.89198507,914-964-7862,,,,,,,,,,HRSA operating hours per week: 40.00,unknown,,,,,,,,,HRSA Health Center Service Delivery and Look-Alike Sites,https://data.hrsa.gov/DataDownload/DD_Files/Health_Center_Service_Delivery_and_LookAlike_Sites.csv,2026-06-19,"Fields copied from the official HRSA CSV: site name, address, city, state, postal code, phone, website, HRSA geocoding coordinates, county/FIPS, operating hours per week, site status, and location setting. Site status: Active. Location setting: All Other Clinic Types. Operational schedule: Full-Time. Daily hours, services, price, insurance, and accessibility fields were not supplied by this intake.",BPS-H80-007629,Health Center Service Delivery and Look-Alike Sites,2026-06-19,2026-06-19,needs_review,
hrsa-bps-h80-029940,Atlantic Armory Health Center,community_health_center,1322 Bedford Ave,Brooklyn,NY,36,Kings County,36047,11216-2998,40.67822595,-73.95302595,718-636-3908,,,,,,,,,,HRSA operating hours per week: 48.00,unknown,,,,,,,,,HRSA Health Center Service Delivery and Look-Alike Sites,https://data.hrsa.gov/DataDownload/DD_Files/Health_Center_Service_Delivery_and_LookAlike_Sites.csv,2026-06-19,"Fields copied from the official HRSA CSV: site name, address, city, state, postal code, phone, website, HRSA geocoding coordinates, county/FIPS, operating hours per week, site status, and location setting. Site status: Active. Location setting: All Other Clinic Types. Operational schedule: Unknown. Daily hours, services, price, insurance, and accessibility fields were not supplied by this intake.",BPS-H80-029940,Health Center Service Delivery and Look-Alike Sites,2026-06-19,2026-06-19,needs_review,
hrsa-bps-h80-039978,TCC - Elmira Able2,community_health_center,1118 Charles St,Elmira,NY,36,Chemung County,36015,14904,42.06308961,-76.79612023,607-734-3968,,,,,,,,,,HRSA operating hours per week: 40.00,unknown,,,,,,,,,HRSA Health Center Service Delivery and Look-Alike Sites,https://data.hrsa.gov/DataDownload/DD_Files/Health_Center_Service_Delivery_and_LookAlike_Sites.csv,2026-06-19,"Fields copied from the official HRSA CSV: site name, address, city, state, postal code, phone, website, HRSA geocoding coordinates, county/FIPS, operating hours per week, site status, and location setting. Site status: Active. Location setting: All Other Clinic Types. Operational schedule: Unknown. Daily hours, services, price, insurance, and accessibility fields were not supplied by this intake.",BPS-H80-039978,Health Center Service Delivery and Look-Alike Sites,2026-06-19,2026-06-19,needs_review,
hrsa-bps-h80-032592,Hudson Headwaters Mobile Health Center 1,community_health_center,27 Carey Rd,Queensbury,NY,36,Warren County,36113,12804,43.29493764,-73.69064162,518-623-0871,,,,,,,,,,HRSA operating hours per week: 28.00,unknown,,,,,,,,,HRSA Health Center Service Delivery and Look-Alike Sites,https://data.hrsa.gov/DataDownload/DD_Files/Health_Center_Service_Delivery_and_LookAlike_Sites.csv,2026-06-19,"Fields copied from the official HRSA CSV: site name, address, city, state, postal code, phone, website, HRSA geocoding coordinates, county/FIPS, operating hours per week, site status, and location setting. Site status: Active. Location setting: All Other Clinic Types. Operational schedule: Unknown. Daily hours, services, price, insurance, and accessibility fields were not supplied by this intake.",BPS-H80-032592,Health Center Service Delivery and Look-Alike Sites,2026-06-19,2026-06-19,needs_review,
hrsa-bps-h80-030713,Jericho Road Community Health Center (City Mission),community_health_center,100 E Tupper St,Buffalo,NY,36,Erie County,36029,14203,42.89291383,-78.86856385,716-881-6191,,,,,,,,,,HRSA operating hours per week: 38.00,unknown,,,,,,,,,HRSA Health Center Service Delivery and Look-Alike Sites,https://data.hrsa.gov/DataDownload/DD_Files/Health_Center_Service_Delivery_and_LookAlike_Sites.csv,2026-06-19,"Fields copied from the official HRSA CSV: site name, address, city, state, postal code, phone, website, HRSA geocoding coordinates, county/FIPS, operating hours per week, site status, and location setting. Site status: Active. Location setting: All Other Clinic Types. Operational schedule: Unknown. Daily hours, services, price, insurance, and accessibility fields were not supplied by this intake.",BPS-H80-030713,Health Center Service Delivery and Look-Alike Sites,2026-06-19,2026-06-19,needs_review,
hrsa-bps-h80-034884,Sun River Health Bronx Blvd,community_health_center,4377 Bronx Blvd,Bronx,NY,36,Bronx County,36005,10466-1397,40.89963451,-73.85819804,718-325-0700,www.sunriver.org,,,,,,,,,HRSA operating hours per week: 43.00,unknown,,,,,,,,,HRSA Health Center Service Delivery and Look-Alike Sites,https://data.hrsa.gov/DataDownload/DD_Files/Health_Center_Service_Delivery_and_LookAlike_Sites.csv,2026-06-19,"Fields copied from the official HRSA CSV: site name, address, city, state, postal code, phone, website, HRSA geocoding coordinates, county/FIPS, operating hours per week, site status, and location setting. Site status: Active. Location setting: All Other Clinic Types. Operational schedule: Unknown. Daily hours, services, price, insurance, and accessibility fields were not supplied by this intake.",BPS-H80-034884,Health Center Service Delivery and Look-Alike Sites,2026-06-19,2026-06-19,needs_review,
hrsa-bps-h80-037086,Mobile Health Unit,community_health_center,112 Kimball Ave,Penn Yan,NY,36,Yates County,36123,14527-1816,42.65491745,-77.05634824,315-531-9102,,,,,,,,,,HRSA operating hours per week: 40.00,unknown,,,,,,,,,HRSA Health Center Service Delivery and Look-Alike Sites,https://data.hrsa.gov/DataDownload/DD_Files/Health_Center_Service_Delivery_and_LookAlike_Sites.csv,2026-06-19,"Fields copied from the official HRSA CSV: site name, address, city, state, postal code, phone, website, HRSA geocoding coordinates, county/FIPS, operating hours per week, site status, and location setting. Site status: Active. Location setting: All Other Clinic Types. Operational schedule: Unknown. Daily hours, services, price, insurance, and accessibility fields were not supplied by this intake.",BPS-H80-037086,Health Center Service Delivery and Look-Alike Sites,2026-06-19,2026-06-19,needs_review,
hrsa-bps-h80-001858,PS 90,community_health_center,1116 Sheridan Ave,Bronx,NY,36,Bronx County,36005,10456-4958,40.83205902,-73.91773017,718-681-7023,www.mhhc.org,,,,,,,,,HRSA operating hours per week: 40.00,unknown,,,,,,,,,HRSA Health Center Service Delivery and Look-Alike Sites,https://data.hrsa.gov/DataDownload/DD_Files/Health_Center_Service_Delivery_and_LookAlike_Sites.csv,2026-06-19,"Fields copied from the official HRSA CSV: site name, address, city, state, postal code, phone, website, HRSA geocoding coordinates, county/FIPS, operating hours per week, site status, and location setting. Site status: Active. Location setting: School. Operational schedule: Full-Time. Daily hours, services, price, insurance, and accessibility fields were not supplied by this intake.",BPS-H80-001858,Health Center Service Delivery and Look-Alike Sites,2026-06-19,2026-06-19,needs_review,
hrsa-bps-h80-011636,EHMC Administration,community_health_center,"144 Genesee St, Suite 500",Auburn,NY,36,Cayuga County,36011,13021-3510,42.93026371,-76.56860286,315-253-8477,www.easthillmedical.com,,,,,,,,,HRSA operating hours per week: 40.00,unknown,,,,,,,,,HRSA Health Center Service Delivery and Look-Alike Sites,https://data.hrsa.gov/DataDownload/DD_Files/Health_Center_Service_Delivery_and_LookAlike_Sites.csv,2026-06-19,"Fields copied from the official HRSA CSV: site name, address, city, state, postal code, phone, website, HRSA geocoding coordinates, county/FIPS, operating hours per week, site status, and location setting. Site status: Active. Location setting: All Other Clinic Types. Operational schedule: Full-Time. Daily hours, services, price, insurance, and accessibility fields were not supplied by this intake.",BPS-H80-011636,Health Center Service Delivery and Look-Alike Sites,2026-06-19,2026-06-19,needs_review,
hrsa-bps-h80-038529,Hudson Headwaters Family Health at Lake Placid,community_health_center,203 Old Military Rd,Lake Placid,NY,36,Essex County,36031,12946-1738,44.26724998,-73.98187000,518-824-2564,www.hhhn.org,,,,,,,,,HRSA operating hours per week: 45.00,unknown,,,,,,,,,HRSA Health Center Service Delivery and Look-Alike Sites,https://data.hrsa.gov/DataDownload/DD_Files/Health_Center_Service_Delivery_and_LookAlike_Sites.csv,2026-06-19,"Fields copied from the official HRSA CSV: site name, address, city, state, postal code, phone, website, HRSA geocoding coordinates, county/FIPS, operating hours per week, site status, and location setting. Site status: Active. Location setting: All Other Clinic Types. Operational schedule: Unknown. Daily hours, services, price, insurance, and accessibility fields were not supplied by this intake.",BPS-H80-038529,Health Center Service Delivery and Look-Alike Sites,2026-06-19,2026-06-19,needs_review,
hrsa-bps-h80-009483,Women Infants Children Family Health Center at NYU Langone,community_health_center,5610 2nd Ave,Brooklyn,NY,36,Kings County,36047,11220-3599,40.64555597,-74.02082046,718-630-7942,https://nyulangone.org/locations/sunset-park-family-health-center-at-nyu-langone-second-avenue,,,,,,,,,HRSA operating hours per week: 79.00,unknown,,,,,,,,,HRSA Health Center Service Delivery and Look-Alike Sites,https://data.hrsa.gov/DataDownload/DD_Files/Health_Center_Service_Delivery_and_LookAlike_Sites.csv,2026-06-19,"Fields copied from the official HRSA CSV: site name, address, city, state, postal code, phone, website, HRSA geocoding coordinates, county/FIPS, operating hours per week, site status, and location setting. Site status: Active. Location setting: All Other Clinic Types. Operational schedule: Full-Time. Daily hours, services, price, insurance, and accessibility fields were not supplied by this intake.",BPS-H80-009483,Health Center Service Delivery and Look-Alike Sites,2026-06-19,2026-06-19,needs_review,
hrsa-bps-h80-040833,Central Administrative Office,community_health_center,44 W 28th St,New York,NY,36,New York County,36061,10001-4212,40.74565056,-73.98980750,212-545-2400,,,,,,,,,,,unknown,,,,,,,,,HRSA Health Center Service Delivery and Look-Alike Sites,https://data.hrsa.gov/DataDownload/DD_Files/Health_Center_Service_Delivery_and_LookAlike_Sites.csv,2026-06-19,"Fields copied from the official HRSA CSV: site name, address, city, state, postal code, phone, website, HRSA geocoding coordinates, county/FIPS, operating hours per week, site status, and location setting. Site status: Active. Location setting: All Other Clinic Types. Operational schedule: Unknown. Daily hours, services, price, insurance, and accessibility fields were not supplied by this intake.",BPS-H80-040833,Health Center Service Delivery and Look-Alike Sites,2026-06-19,2026-06-19,needs_review,
hrsa-bps-h80-027829,EHMC Adult Medicine,community_health_center,144 Genesee St STE 401,Auburn,NY,36,Cayuga County,36011,13021-3511,42.93019732,-76.56851585,315-253-8477,,,,,,,,,,HRSA operating hours per week: 56.50,unknown,,,,,,,,,HRSA Health Center Service Delivery and Look-Alike Sites,https://data.hrsa.gov/DataDownload/DD_Files/Health_Center_Service_Delivery_and_LookAlike_Sites.csv,2026-06-19,"Fields copied from the official HRSA CSV: site name, address, city, state, postal code, phone, website, HRSA geocoding coordinates, county/FIPS, operating hours per week, site status, and location setting. Site status: Active. Location setting: All Other Clinic Types. Operational schedule: Unknown. Daily hours, services, price, insurance, and accessibility fields were not supplied by this intake.",BPS-H80-027829,Health Center Service Delivery and Look-Alike Sites,2026-06-19,2026-06-19,needs_review,
hrsa-bps-h80-002039,Flatbush Family Health Center at NYU Langone,community_health_center,3414 Church Ave,Brooklyn,NY,36,Kings County,36047,11203-2714,40.65078112,-73.94513916,718-940-9425,https://nyulangone.org/locations/flatbush-family-health-center-at-nyu-langone,,,,,,,,,HRSA operating hours per week: 44.00,unknown,,,,,,,,,HRSA Health Center Service Delivery and Look-Alike Sites,https://data.hrsa.gov/DataDownload/DD_Files/Health_Center_Service_Delivery_and_LookAlike_Sites.csv,2026-06-19,"Fields copied from the official HRSA CSV: site name, address, city, state, postal code, phone, website, HRSA geocoding coordinates, county/FIPS, operating hours per week, site status, and location setting. Site status: Active. Location setting: All Other Clinic Types. Operational schedule: Full-Time. Daily hours, services, price, insurance, and accessibility fields were not supplied by this intake.",BPS-H80-002039,Health Center Service Delivery and Look-Alike Sites,2026-06-19,2026-06-19,needs_review,
hrsa-bps-h80-010071,Cornerstone Family Healthcare: The Kaplan Family Pavilion,community_health_center,147 Lake St,Newburgh,NY,36,Orange County,36071,12550-5263,41.49554700,-74.02909549,845-563-8000,www.ghvfhc.org,,,,,,,,,HRSA operating hours per week: 76.00,unknown,,,,,,,,,HRSA Health Center Service Delivery and Look-Alike Sites,https://data.hrsa.gov/DataDownload/DD_Files/Health_Center_Service_Delivery_and_LookAlike_Sites.csv,2026-06-19,"Fields copied from the official HRSA CSV: site name, address, city, state, postal code, phone, website, HRSA geocoding coordinates, county/FIPS, operating hours per week, site status, and location setting. Site status: Active. Location setting: All Other Clinic Types. Operational schedule: Full-Time. Daily hours, services, price, insurance, and accessibility fields were not supplied by this intake.",BPS-H80-010071,Health Center Service Delivery and Look-Alike Sites,2026-06-19,2026-06-19,needs_review,
hrsa-bps-h80-024410,Brownsville CHC,community_health_center,259 Bristol St,Brooklyn,NY,36,Kings County,36047,11212-5598,40.66480681,-73.91128885,718-495-7283,,,,,,,,,,HRSA operating hours per week: 40.00,unknown,,,,,,,,,HRSA Health Center Service Delivery and Look-Alike Sites,https://data.hrsa.gov/DataDownload/DD_Files/Health_Center_Service_Delivery_and_LookAlike_Sites.csv,2026-06-19,"Fields copied from the official HRSA CSV: site name, address, city, state, postal code, phone, website, HRSA geocoding coordinates, county/FIPS, operating hours per week, site status, and location setting. Site status: Active. Location setting: All Other Clinic Types. Operational schedule: Unknown. Daily hours, services, price, insurance, and accessibility fields were not supplied by this intake.",BPS-H80-024410,Health Center Service Delivery and Look-Alike Sites,2026-06-19,2026-06-19,needs_review,
hrsa-bps-h80-006374,BROADWAY PRESBYTERIAN CHURCH,community_health_center,601 W 114th St,New York,NY,36,New York County,36061,10025-7997,40.80691339,-73.96505934,212-864-6100,www.institute2000.org,,,,,,,,,HRSA operating hours per week: 12.00,unknown,,,,,,,,,HRSA Health Center Service Delivery and Look-Alike Sites,https://data.hrsa.gov/DataDownload/DD_Files/Health_Center_Service_Delivery_and_LookAlike_Sites.csv,2026-06-19,"Fields copied from the official HRSA CSV: site name, address, city, state, postal code, phone, website, HRSA geocoding coordinates, county/FIPS, operating hours per week, site status, and location setting. Site status: Active. Location setting: All Other Clinic Types. Operational schedule: Part-Time. Daily hours, services, price, insurance, and accessibility fields were not supplied by this intake.",BPS-H80-006374,Health Center Service Delivery and Look-Alike Sites,2026-06-19,2026-06-19,needs_review,
hrsa-bps-h80-002059,HLTH CTR AT PULASKI JR/SR. HIGH,community_health_center,4624 Salina St,Pulaski,NY,36,Oswego County,36075,13142-2199,43.55261000,-76.12421816,315-298-2696,www.nochsi.org,,,,,,,,,HRSA operating hours per week: 40.00,unknown,,,,,,,,,HRSA Health Center Service Delivery and Look-Alike Sites,https://data.hrsa.gov/DataDownload/DD_Files/Health_Center_Service_Delivery_and_LookAlike_Sites.csv,2026-06-19,"Fields copied from the official HRSA CSV: site name, address, city, state, postal code, phone, website, HRSA geocoding coordinates, county/FIPS, operating hours per week, site status, and location setting. Site status: Active. Location setting: School. Operational schedule: Full-Time. Daily hours, services, price, insurance, and accessibility fields were not supplied by this intake.",BPS-H80-002059,Health Center Service Delivery and Look-Alike Sites,2026-06-19,2026-06-19,needs_review,
hrsa-bps-h80-013446,Ellenville Health Center,community_health_center,751 Briggs Hwy,Ellenville,NY,36,Ulster County,36111,12428-5515,41.74448869,-74.48376571,845-647-2000,,,,,,,,,,HRSA operating hours per week: 40.00,unknown,,,,,,,,,HRSA Health Center Service Delivery and Look-Alike Sites,https://data.hrsa.gov/DataDownload/DD_Files/Health_Center_Service_Delivery_and_LookAlike_Sites.csv,2026-06-19,"Fields copied from the official HRSA CSV: site name, address, city, state, postal code, phone, website, HRSA geocoding coordinates, county/FIPS, operating hours per week, site status, and location setting. Site status: Active. Location setting: All Other Clinic Types. Operational schedule: Full-Time. Daily hours, services, price, insurance, and accessibility fields were not supplied by this intake.",BPS-H80-013446,Health Center Service Delivery and Look-Alike Sites,2026-06-19,2026-06-19,needs_review,
hrsa-bps-h80-041215,Bronx Regional High School,community_health_center,979 Rogers Pl,Bronx,NY,36,Bronx County,36005,10459-3053,40.82284684,-73.89798090,718-589-5665,,,,,,,,,,HRSA operating hours per week: 40.00,unknown,,,,,,,,,HRSA Health Center Service Delivery and Look-Alike Sites,https://data.hrsa.gov/DataDownload/DD_Files/Health_Center_Service_Delivery_and_LookAlike_Sites.csv,2026-06-19,"Fields copied from the official HRSA CSV: site name, address, city, state, postal code, phone, website, HRSA geocoding coordinates, county/FIPS, operating hours per week, site status, and location setting. Site status: Active. Location setting: School. Operational schedule: Unknown. Daily hours, services, price, insurance, and accessibility fields were not supplied by this intake.",BPS-H80-041215,Health Center Service Delivery and Look-Alike Sites,2026-06-19,2026-06-19,needs_review,
hrsa-bps-h80-041156,CHI Health Center admin,community_health_center,"2885 W 15th St, Apartment 6 K",Brooklyn,NY,36,Kings County,36047,11224-2963,40.57723520,-73.98259320,718-210-3110,,,,,,,,,,,unknown,,,,,,,,,HRSA Health Center Service Delivery and Look-Alike Sites,https://data.hrsa.gov/DataDownload/DD_Files/Health_Center_Service_Delivery_and_LookAlike_Sites.csv,2026-06-19,"Fields copied from the official HRSA CSV: site name, address, city, state, postal code, phone, website, HRSA geocoding coordinates, county/FIPS, operating hours per week, site status, and location setting. Site status: Active. Location setting: Unknown. Operational schedule: Unknown. Daily hours, services, price, insurance, and accessibility fields were not supplied by this intake.",BPS-H80-041156,Health Center Service Delivery and Look-Alike Sites,2026-06-19,2026-06-19,needs_review,
hrsa-bps-h80-010400,Woodstock Hotel (Project Find),community_health_center,127 W 43rd St,New York,NY,36,New York County,36061,10036-6565,40.75619768,-73.98496024,212-221-5748,www.lmcmc.com,,,,,,,,,HRSA operating hours per week: 14.00,unknown,,,,,,,,,HRSA Health Center Service Delivery and Look-Alike Sites,https://data.hrsa.gov/DataDownload/DD_Files/Health_Center_Service_Delivery_and_LookAlike_Sites.csv,2026-06-19,"Fields copied from the official HRSA CSV: site name, address, city, state, postal code, phone, website, HRSA geocoding coordinates, county/FIPS, operating hours per week, site status, and location setting. Site status: Active. Location setting: All Other Clinic Types. Operational schedule: Part-Time. Daily hours, services, price, insurance, and accessibility fields were not supplied by this intake.",BPS-H80-010400,Health Center Service Delivery and Look-Alike Sites,2026-06-19,2026-06-19,needs_review,
hrsa-bps-h80-018072,In-Tech Academy (MS/High School 368),community_health_center,2975 Tibbett Ave,Bronx,NY,36,New York County,36061,10463-3817,40.87911024,-73.91102473,718-483-1270,,,,,,,,,,HRSA operating hours per week: 40.00,unknown,,,,,,,,,HRSA Health Center Service Delivery and Look-Alike Sites,https://data.hrsa.gov/DataDownload/DD_Files/Health_Center_Service_Delivery_and_LookAlike_Sites.csv,2026-06-19,"Fields copied from the official HRSA CSV: site name, address, city, state, postal code, phone, website, HRSA geocoding coordinates, county/FIPS, operating hours per week, site status, and location setting. Site status: Active. Location setting: School. Operational schedule: Unknown. Daily hours, services, price, insurance, and accessibility fields were not supplied by this intake.",BPS-H80-018072,Health Center Service Delivery and Look-Alike Sites,2026-06-19,2026-06-19,needs_review,
hrsa-bps-h80-002257,PS 15 School-Based Health Center,community_health_center,71 Sullivan St,Brooklyn,NY,36,Kings County,36047,11231-1294,40.67711845,-74.01144656,718-788-6572,https://nyulangone.org/locations/family-health-centers-at-nyu-langone/school-health-program-family-health-centers-at-nyu-langone,,,,,,,,,HRSA operating hours per week: 40.00,unknown,,,,,,,,,HRSA Health Center Service Delivery and Look-Alike Sites,https://data.hrsa.gov/DataDownload/DD_Files/Health_Center_Service_Delivery_and_LookAlike_Sites.csv,2026-06-19,"Fields copied from the official HRSA CSV: site name, address, city, state, postal code, phone, website, HRSA geocoding coordinates, county/FIPS, operating hours per week, site status, and location setting. Site status: Active. Location setting: School. Operational schedule: Full-Time. Daily hours, services, price, insurance, and accessibility fields were not supplied by this intake.",BPS-H80-002257,Health Center Service Delivery and Look-Alike Sites,2026-06-19,2026-06-19,needs_review,
hrsa-bps-h80-002263,Shore Road Sports Therapy and Rehabilitation,community_health_center,9000 Shore Rd,Brooklyn,NY,36,Kings County,36047,11209-5401,40.62193732,-74.03995852,718-821-2945,www.lmcmc.com,,,,,,,,,HRSA operating hours per week: 40.00,unknown,,,,,,,,,HRSA Health Center Service Delivery and Look-Alike Sites,https://data.hrsa.gov/DataDownload/DD_Files/Health_Center_Service_Delivery_and_LookAlike_Sites.csv,2026-06-19,"Fields copied from the official HRSA CSV: site name, address, city, state, postal code, phone, website, HRSA geocoding coordinates, county/FIPS, operating hours per week, site status, and location setting. Site status: Active. Location setting: All Other Clinic Types. Operational schedule: Full-Time. Daily hours, services, price, insurance, and accessibility fields were not supplied by this intake.",BPS-H80-002263,Health Center Service Delivery and Look-Alike Sites,2026-06-19,2026-06-19,needs_review,
hrsa-bps-h80-016858,Ryan Health | Frederick Douglass,community_health_center,2381 Frederick Douglass Blvd,New York,NY,36,New York County,36061,10027-1822,40.81199651,-73.95017845,212-749-1820,www.ryancenter.org,,,,,,,,,HRSA operating hours per week: 40.00,unknown,,,,,,,,,HRSA Health Center Service Delivery and Look-Alike Sites,https://data.hrsa.gov/DataDownload/DD_Files/Health_Center_Service_Delivery_and_LookAlike_Sites.csv,2026-06-19,"Fields copied from the official HRSA CSV: site name, address, city, state, postal code, phone, website, HRSA geocoding coordinates, county/FIPS, operating hours per week, site status, and location setting. Site status: Active. Location setting: All Other Clinic Types. Operational schedule: Unknown. Daily hours, services, price, insurance, and accessibility fields were not supplied by this intake.",BPS-H80-016858,Health Center Service Delivery and Look-Alike Sites,2026-06-19,2026-06-19,needs_review,
hrsa-bps-h80-002266,P.S. 48,community_health_center,1290 Spofford Ave,Bronx,NY,36,Bronx County,36005,10474-6594,40.81423649,-73.88689030,718-860-1933,www.urbanhealthplan.org,,,,,,,,,HRSA operating hours per week: 40.00,unknown,,,,,,,,,HRSA Health Center Service Delivery and Look-Alike Sites,https://data.hrsa.gov/DataDownload/DD_Files/Health_Center_Service_Delivery_and_LookAlike_Sites.csv,2026-06-19,"Fields copied from the official HRSA CSV: site name, address, city, state, postal code, phone, website, HRSA geocoding coordinates, county/FIPS, operating hours per week, site status, and location setting. Site status: Active. Location setting: School. Operational schedule: Full-Time. Daily hours, services, price, insurance, and accessibility fields were not supplied by this intake.",BPS-H80-002266,Health Center Service Delivery and Look-Alike Sites,2026-06-19,2026-06-19,needs_review,
hrsa-bps-h80-002269,Mosaic Health Rushville,community_health_center,2 Rubin Dr,Rushville,NY,36,Yates County,36123,14544-9681,42.75451213,-77.22313796,585-554-4400,,,,,,,,,,HRSA operating hours per week: 53.00,unknown,,,,,,,,,HRSA Health Center Service Delivery and Look-Alike Sites,https://data.hrsa.gov/DataDownload/DD_Files/Health_Center_Service_Delivery_and_LookAlike_Sites.csv,2026-06-19,"Fields copied from the official HRSA CSV: site name, address, city, state, postal code, phone, website, HRSA geocoding coordinates, county/FIPS, operating hours per week, site status, and location setting. Site status: Active. Location setting: All Other Clinic Types. Operational schedule: Full-Time. Daily hours, services, price, insurance, and accessibility fields were not supplied by this intake.",BPS-H80-002269,Health Center Service Delivery and Look-Alike Sites,2026-06-19,2026-06-19,needs_review,
hrsa-bps-h80-033604,Oak Orchard Health at Medina,community_health_center,911 W Center St,Medina,NY,36,Orleans County,36073,14103-1094,43.22051799,-78.40346734,585-637-3905,https://oakorchardhealth.org/,,,,,,,,,HRSA operating hours per week: 32.00,unknown,,,,,,,,,HRSA Health Center Service Delivery and Look-Alike Sites,https://data.hrsa.gov/DataDownload/DD_Files/Health_Center_Service_Delivery_and_LookAlike_Sites.csv,2026-06-19,"Fields copied from the official HRSA CSV: site name, address, city, state, postal code, phone, website, HRSA geocoding coordinates, county/FIPS, operating hours per week, site status, and location setting. Site status: Active. Location setting: All Other Clinic Types. Operational schedule: Unknown. Daily hours, services, price, insurance, and accessibility fields were not supplied by this intake.",BPS-H80-033604,Health Center Service Delivery and Look-Alike Sites,2026-06-19,2026-06-19,needs_review,
hrsa-bps-h80-028091,ODA Primary Health Care Network,community_health_center,74 Wallabout St,Brooklyn,NY,36,Kings County,36047,11249-7830,40.69913301,-73.95928396,718-260-4600,,,,,,,,,,HRSA operating hours per week: 109.00,unknown,,,,,,,,,HRSA Health Center Service Delivery and Look-Alike Sites,https://data.hrsa.gov/DataDownload/DD_Files/Health_Center_Service_Delivery_and_LookAlike_Sites.csv,2026-06-19,"Fields copied from the official HRSA CSV: site name, address, city, state, postal code, phone, website, HRSA geocoding coordinates, county/FIPS, operating hours per week, site status, and location setting. Site status: Active. Location setting: All Other Clinic Types. Operational schedule: Unknown. Daily hours, services, price, insurance, and accessibility fields were not supplied by this intake.",BPS-H80-028091,Health Center Service Delivery and Look-Alike Sites,2026-06-19,2026-06-19,needs_review,
hrsa-bps-h80-009561,Family Health Center of Harlem,community_health_center,1824 Madison Ave,New York,NY,36,New York County,36061,10035-3832,40.80181954,-73.94370561,212-433-4500,,,,,,,,,,HRSA operating hours per week: 55.00,unknown,,,,,,,,,HRSA Health Center Service Delivery and Look-Alike Sites,https://data.hrsa.gov/DataDownload/DD_Files/Health_Center_Service_Delivery_and_LookAlike_Sites.csv,2026-06-19,"Fields copied from the official HRSA CSV: site name, address, city, state, postal code, phone, website, HRSA geocoding coordinates, county/FIPS, operating hours per week, site status, and location setting. Site status: Active. Location setting: All Other Clinic Types. Operational schedule: Full-Time. Daily hours, services, price, insurance, and accessibility fields were not supplied by this intake.",BPS-H80-009561,Health Center Service Delivery and Look-Alike Sites,2026-06-19,2026-06-19,needs_review,
hrsa-bps-h80-002388,HELP MORRIS,community_health_center,285 E 171st St,Bronx,NY,36,Bronx County,36005,10457-8941,40.83903280,-73.91035980,718-872-9480,,,,,,,,,,HRSA operating hours per week: 40.00,unknown,,,,,,,,,HRSA Health Center Service Delivery and Look-Alike Sites,https://data.hrsa.gov/DataDownload/DD_Files/Health_Center_Service_Delivery_and_LookAlike_Sites.csv,2026-06-19,"Fields copied from the official HRSA CSV: site name, address, city, state, postal code, phone, website, HRSA geocoding coordinates, county/FIPS, operating hours per week, site status, and location setting. Site status: Active. Location setting: All Other Clinic Types. Operational schedule: Full-Time. Daily hours, services, price, insurance, and accessibility fields were not supplied by this intake.",BPS-H80-002388,Health Center Service Delivery and Look-Alike Sites,2026-06-19,2026-06-19,needs_review,
hrsa-bps-h80-036735,Liberty,community_health_center,1885 State Route 52,Liberty,NY,36,Sullivan County,36105,12754-8309,41.78250879,-74.71547697,845-353-9300,,,,,,,,,,HRSA operating hours per week: 40.00,unknown,,,,,,,,,HRSA Health Center Service Delivery and Look-Alike Sites,https://data.hrsa.gov/DataDownload/DD_Files/Health_Center_Service_Delivery_and_LookAlike_Sites.csv,2026-06-19,"Fields copied from the official HRSA CSV: site name, address, city, state, postal code, phone, website, HRSA geocoding coordinates, county/FIPS, operating hours per week, site status, and location setting. Site status: Active. Location setting: All Other Clinic Types. Operational schedule: Unknown. Daily hours, services, price, insurance, and accessibility fields were not supplied by this intake.",BPS-H80-036735,Health Center Service Delivery and Look-Alike Sites,2026-06-19,2026-06-19,needs_review,
hrsa-bps-h80-010950,Hudson River HealthCare Spring Valley,community_health_center,2 Perlman Dr,Spring Valley,NY,36,Rockland County,36087,10977-5245,41.10511196,-74.03213686,845-573-9860,www.hrhcare.org,,,,,,,,,HRSA operating hours per week: 55.00,unknown,,,,,,,,,HRSA Health Center Service Delivery and Look-Alike Sites,https://data.hrsa.gov/DataDownload/DD_Files/Health_Center_Service_Delivery_and_LookAlike_Sites.csv,2026-06-19,"Fields copied from the official HRSA CSV: site name, address, city, state, postal code, phone, website, HRSA geocoding coordinates, county/FIPS, operating hours per week, site status, and location setting. Site status: Active. Location setting: All Other Clinic Types. Operational schedule: Full-Time. Daily hours, services, price, insurance, and accessibility fields were not supplied by this intake.",BPS-H80-010950,Health Center Service Delivery and Look-Alike Sites,2026-06-19,2026-06-19,needs_review,
hrsa-bps-h80-014515,Open Door Family Medical Center School Based Mobile Dental Van,community_health_center,165 Main St,Ossining,NY,36,Westchester County,36119,10562-4798,41.16155968,-73.86269954,914-937-7817,,,,,,,,,,HRSA operating hours per week: 37.50,unknown,,,,,,,,,HRSA Health Center Service Delivery and Look-Alike Sites,https://data.hrsa.gov/DataDownload/DD_Files/Health_Center_Service_Delivery_and_LookAlike_Sites.csv,2026-06-19,"Fields copied from the official HRSA CSV: site name, address, city, state, postal code, phone, website, HRSA geocoding coordinates, county/FIPS, operating hours per week, site status, and location setting. Site status: Active. Location setting: School. Operational schedule: Unknown. Daily hours, services, price, insurance, and accessibility fields were not supplied by this intake.",BPS-H80-014515,Health Center Service Delivery and Look-Alike Sites,2026-06-19,2026-06-19,needs_review,
hrsa-bps-h80-014988,Union Community Health Center #1,community_health_center,260 E 188th St,Bronx,NY,36,Bronx County,36005,10458-5397,40.86075027,-73.89594485,718-220-2020,www.uchcbronx.org,,,,,,,,,HRSA operating hours per week: 61.50,unknown,,,,,,,,,HRSA Health Center Service Delivery and Look-Alike Sites,https://data.hrsa.gov/DataDownload/DD_Files/Health_Center_Service_Delivery_and_LookAlike_Sites.csv,2026-06-19,"Fields copied from the official HRSA CSV: site name, address, city, state, postal code, phone, website, HRSA geocoding coordinates, county/FIPS, operating hours per week, site status, and location setting. Site status: Active. Location setting: All Other Clinic Types. Operational schedule: Unknown. Daily hours, services, price, insurance, and accessibility fields were not supplied by this intake.",BPS-H80-014988,Health Center Service Delivery and Look-Alike Sites,2026-06-19,2026-06-19,needs_review,
hrsa-bps-h80-022103,CHCR 135 Canal Street - 2nd Floor,community_health_center,135 Canal St FL 2,Staten Island,NY,36,Richmond County,36085,10304-2273,40.62685397,-74.07811135,718-924-2254,,,,,,,,,,HRSA operating hours per week: 48.00,unknown,,,,,,,,,HRSA Health Center Service Delivery and Look-Alike Sites,https://data.hrsa.gov/DataDownload/DD_Files/Health_Center_Service_Delivery_and_LookAlike_Sites.csv,2026-06-19,"Fields copied from the official HRSA CSV: site name, address, city, state, postal code, phone, website, HRSA geocoding coordinates, county/FIPS, operating hours per week, site status, and location setting. Site status: Active. Location setting: All Other Clinic Types. Operational schedule: Unknown. Daily hours, services, price, insurance, and accessibility fields were not supplied by this intake.",BPS-H80-022103,Health Center Service Delivery and Look-Alike Sites,2026-06-19,2026-06-19,needs_review,
hrsa-bps-h80-002677,Chester-Horicon Health Center,community_health_center,6223 State Route 9,Chestertown,NY,36,Warren County,36113,12817-2823,43.64396935,-73.79979202,518-494-2761,www.hhhn.org,,,,,,,,,HRSA operating hours per week: 46.50,unknown,,,,,,,,,HRSA Health Center Service Delivery and Look-Alike Sites,https://data.hrsa.gov/DataDownload/DD_Files/Health_Center_Service_Delivery_and_LookAlike_Sites.csv,2026-06-19,"Fields copied from the official HRSA CSV: site name, address, city, state, postal code, phone, website, HRSA geocoding coordinates, county/FIPS, operating hours per week, site status, and location setting. Site status: Active. Location setting: All Other Clinic Types. Operational schedule: Full-Time. Daily hours, services, price, insurance, and accessibility fields were not supplied by this intake.",BPS-H80-002677,Health Center Service Delivery and Look-Alike Sites,2026-06-19,2026-06-19,needs_review,
hrsa-bps-h80-002682,PLAZA DEL CASTILLO HLTH CENTER,community_health_center,1515 Southern Blvd,Bronx,NY,36,Bronx County,36005,10460-5980,40.83322138,-73.89061975,718-589-1600,www.urbanhealthplan.org,,,,,,,,,HRSA operating hours per week: 54.00,unknown,,,,,,,,,HRSA Health Center Service Delivery and Look-Alike Sites,https://data.hrsa.gov/DataDownload/DD_Files/Health_Center_Service_Delivery_and_LookAlike_Sites.csv,2026-06-19,"Fields copied from the official HRSA CSV: site name, address, city, state, postal code, phone, website, HRSA geocoding coordinates, county/FIPS, operating hours per week, site status, and location setting. Site status: Active. Location setting: All Other Clinic Types. Operational schedule: Full-Time. Daily hours, services, price, insurance, and accessibility fields were not supplied by this intake.",BPS-H80-002682,Health Center Service Delivery and Look-Alike Sites,2026-06-19,2026-06-19,needs_review,
hrsa-bps-h80-028159,Mosaic Health Utica Dental,community_health_center,"3 Parkside Ct, Building 1",Utica,NY,36,Oneida County,36065,13501-5643,43.08665179,-75.25706484,315-927-0000,https://mosaichealth.org/utica-dental,,,,,,,,,HRSA operating hours per week: 38.75,unknown,,,,,,,,,HRSA Health Center Service Delivery and Look-Alike Sites,https://data.hrsa.gov/DataDownload/DD_Files/Health_Center_Service_Delivery_and_LookAlike_Sites.csv,2026-06-19,"Fields copied from the official HRSA CSV: site name, address, city, state, postal code, phone, website, HRSA geocoding coordinates, county/FIPS, operating hours per week, site status, and location setting. Site status: Active. Location setting: All Other Clinic Types. Operational schedule: Unknown. Daily hours, services, price, insurance, and accessibility fields were not supplied by this intake.",BPS-H80-028159,Health Center Service Delivery and Look-Alike Sites,2026-06-19,2026-06-19,needs_review,
hrsa-bps-h80-012445,Hudson Headwaters Women's Health,community_health_center,90 South St,Glens Falls,NY,36,Warren County,36113,12801-4353,43.30779485,-73.64755470,518-792-7841,www.hhhn.org,,,,,,,,,HRSA operating hours per week: 45.00,unknown,,,,,,,,,HRSA Health Center Service Delivery and Look-Alike Sites,https://data.hrsa.gov/DataDownload/DD_Files/Health_Center_Service_Delivery_and_LookAlike_Sites.csv,2026-06-19,"Fields copied from the official HRSA CSV: site name, address, city, state, postal code, phone, website, HRSA geocoding coordinates, county/FIPS, operating hours per week, site status, and location setting. Site status: Active. Location setting: All Other Clinic Types. Operational schedule: Full-Time. Daily hours, services, price, insurance, and accessibility fields were not supplied by this intake.",BPS-H80-012445,Health Center Service Delivery and Look-Alike Sites,2026-06-19,2026-06-19,needs_review,
hrsa-bps-h80-002689,Sun River Health Mobile Van Dental,community_health_center,1037 Main St,Peekskill,NY,36,Westchester County,36119,10566-2913,41.29159623,-73.91842696,845-878-6071,www.hrhcare.org,,,,,,,,,HRSA operating hours per week: 21.00,unknown,,,,,,,,,HRSA Health Center Service Delivery and Look-Alike Sites,https://data.hrsa.gov/DataDownload/DD_Files/Health_Center_Service_Delivery_and_LookAlike_Sites.csv,2026-06-19,"Fields copied from the official HRSA CSV: site name, address, city, state, postal code, phone, website, HRSA geocoding coordinates, county/FIPS, operating hours per week, site status, and location setting. Site status: Active. Location setting: All Other Clinic Types. Operational schedule: Full-Time. Daily hours, services, price, insurance, and accessibility fields were not supplied by this intake.",BPS-H80-002689,Health Center Service Delivery and Look-Alike Sites,2026-06-19,2026-06-19,needs_review,
hrsa-bps-h80-002806,Health Center on Broad Street,community_health_center,100 Broad St,Glens Falls,NY,36,Warren County,36113,12801-4349,43.30579514,-73.65443808,518-792-2223,www.hhhn.org,,,,,,,,,HRSA operating hours per week: 78.00,unknown,,,,,,,,,HRSA Health Center Service Delivery and Look-Alike Sites,https://data.hrsa.gov/DataDownload/DD_Files/Health_Center_Service_Delivery_and_LookAlike_Sites.csv,2026-06-19,"Fields copied from the official HRSA CSV: site name, address, city, state, postal code, phone, website, HRSA geocoding coordinates, county/FIPS, operating hours per week, site status, and location setting. Site status: Active. Location setting: All Other Clinic Types. Operational schedule: Full-Time. Daily hours, services, price, insurance, and accessibility fields were not supplied by this intake.",BPS-H80-002806,Health Center Service Delivery and Look-Alike Sites,2026-06-19,2026-06-19,needs_review,
hrsa-bps-h80-002898,PS 188: The Island School,community_health_center,442 E Houston St,New York,NY,36,New York County,36061,10002-1122,40.71963498,-73.97750664,212-749-1820,www.ryancenter.org,,,,,,,,,HRSA operating hours per week: 40.00,unknown,,,,,,,,,HRSA Health Center Service Delivery and Look-Alike Sites,https://data.hrsa.gov/DataDownload/DD_Files/Health_Center_Service_Delivery_and_LookAlike_Sites.csv,2026-06-19,"Fields copied from the official HRSA CSV: site name, address, city, state, postal code, phone, website, HRSA geocoding coordinates, county/FIPS, operating hours per week, site status, and location setting. Site status: Active. Location setting: School. Operational schedule: Full-Time. Daily hours, services, price, insurance, and accessibility fields were not supplied by this intake.",BPS-H80-002898,Health Center Service Delivery and Look-Alike Sites,2026-06-19,2026-06-19,needs_review,
hrsa-bps-h80-002902,Sun River Health New Paltz,community_health_center,1 Paradies Ln,New Paltz,NY,36,Ulster County,36111,12561-4031,41.74054362,-74.05875494,845-255-1760,www.sunriver.org,,,,,,,,,HRSA operating hours per week: 37.00,unknown,,,,,,,,,HRSA Health Center Service Delivery and Look-Alike Sites,https://data.hrsa.gov/DataDownload/DD_Files/Health_Center_Service_Delivery_and_LookAlike_Sites.csv,2026-06-19,"Fields copied from the official HRSA CSV: site name, address, city, state, postal code, phone, website, HRSA geocoding coordinates, county/FIPS, operating hours per week, site status, and location setting. Site status: Active. Location setting: All Other Clinic Types. Operational schedule: Full-Time. Daily hours, services, price, insurance, and accessibility fields were not supplied by this intake.",BPS-H80-002902,Health Center Service Delivery and Look-Alike Sites,2026-06-19,2026-06-19,needs_review,
hrsa-bps-h80-021988,Peekskill Admin,community_health_center,1200 Brown St,Peekskill,NY,36,Westchester County,36119,10566-3617,41.29016724,-73.91740789,914-734-8600,www.hrhcare.org,,,,,,,,,,unknown,,,,,,,,,HRSA Health Center Service Delivery and Look-Alike Sites,https://data.hrsa.gov/DataDownload/DD_Files/Health_Center_Service_Delivery_and_LookAlike_Sites.csv,2026-06-19,"Fields copied from the official HRSA CSV: site name, address, city, state, postal code, phone, website, HRSA geocoding coordinates, county/FIPS, operating hours per week, site status, and location setting. Site status: Active. Location setting: Unknown. Operational schedule: Unknown. Daily hours, services, price, insurance, and accessibility fields were not supplied by this intake.",BPS-H80-021988,Health Center Service Delivery and Look-Alike Sites,2026-06-19,2026-06-19,needs_review,
hrsa-bps-lal-018387,"Tri-County Family Medicine Program, Inc. -  Admin",community_health_center,10869 State Route 36,Dansville,NY,36,Steuben County,36101,14437-9444,42.52979863,-77.69427728,585-335-3100,www.tcfmedicine.org,,,,,,,,,HRSA operating hours per week: 47.50,unknown,,,,,,,,,HRSA Health Center Service Delivery and Look-Alike Sites,https://data.hrsa.gov/DataDownload/DD_Files/Health_Center_Service_Delivery_and_LookAlike_Sites.csv,2026-06-19,"Fields copied from the official HRSA CSV: site name, address, city, state, postal code, phone, website, HRSA geocoding coordinates, county/FIPS, operating hours per week, site status, and location setting. Site status: Active. Location setting: All Other Clinic Types. Operational schedule: Unknown. Daily hours, services, price, insurance, and accessibility fields were not supplied by this intake.",BPS-LAL-018387,Health Center Service Delivery and Look-Alike Sites,2026-06-19,2026-06-19,needs_review,
hrsa-bps-h80-012806,MHHC Vanguard at 233rd Street,community_health_center,825 E 233rd St,Bronx,NY,36,Bronx County,36005,10466-3299,40.89235021,-73.85353075,347-418-3300,,,,,,,,,,HRSA operating hours per week: 41.50,unknown,,,,,,,,,HRSA Health Center Service Delivery and Look-Alike Sites,https://data.hrsa.gov/DataDownload/DD_Files/Health_Center_Service_Delivery_and_LookAlike_Sites.csv,2026-06-19,"Fields copied from the official HRSA CSV: site name, address, city, state, postal code, phone, website, HRSA geocoding coordinates, county/FIPS, operating hours per week, site status, and location setting. Site status: Active. Location setting: All Other Clinic Types. Operational schedule: Full-Time. Daily hours, services, price, insurance, and accessibility fields were not supplied by this intake.",BPS-H80-012806,Health Center Service Delivery and Look-Alike Sites,2026-06-19,2026-06-19,needs_review,
hrsa-bps-h80-019438,Long Island City Health Center,community_health_center,34-11 Vernon Blvd,Astoria,NY,36,Queens County,36081,11106,40.76507965,-73.94038545,347-630-8401,,,,,,,,,,HRSA operating hours per week: 40.00,unknown,,,,,,,,,HRSA Health Center Service Delivery and Look-Alike Sites,https://data.hrsa.gov/DataDownload/DD_Files/Health_Center_Service_Delivery_and_LookAlike_Sites.csv,2026-06-19,"Fields copied from the official HRSA CSV: site name, address, city, state, postal code, phone, website, HRSA geocoding coordinates, county/FIPS, operating hours per week, site status, and location setting. Site status: Active. Location setting: All Other Clinic Types. Operational schedule: Unknown. Daily hours, services, price, insurance, and accessibility fields were not supplied by this intake.",BPS-H80-019438,Health Center Service Delivery and Look-Alike Sites,2026-06-19,2026-06-19,needs_review,
hrsa-bps-h80-010951,Refuah Health Twin,community_health_center,5 Twin Ave,Spring Valley,NY,36,Rockland County,36087,10977-3950,41.11742447,-74.05062290,845-354-9300,http://www.refuahhealth.org,,,,,,,,,HRSA operating hours per week: 81.00,unknown,,,,,,,,,HRSA Health Center Service Delivery and Look-Alike Sites,https://data.hrsa.gov/DataDownload/DD_Files/Health_Center_Service_Delivery_and_LookAlike_Sites.csv,2026-06-19,"Fields copied from the official HRSA CSV: site name, address, city, state, postal code, phone, website, HRSA geocoding coordinates, county/FIPS, operating hours per week, site status, and location setting. Site status: Active. Location setting: All Other Clinic Types. Operational schedule: Full-Time. Daily hours, services, price, insurance, and accessibility fields were not supplied by this intake.",BPS-H80-010951,Health Center Service Delivery and Look-Alike Sites,2026-06-19,2026-06-19,needs_review,
hrsa-bps-h80-003003,Sun River Health Peekskill,community_health_center,1037 Main St,Peekskill,NY,36,Westchester County,36119,10566-2913,41.29159623,-73.91842696,914-734-8800,www.hrhcare.org,,,,,,,,,HRSA operating hours per week: 59.00,unknown,,,,,,,,,HRSA Health Center Service Delivery and Look-Alike Sites,https://data.hrsa.gov/DataDownload/DD_Files/Health_Center_Service_Delivery_and_LookAlike_Sites.csv,2026-06-19,"Fields copied from the official HRSA CSV: site name, address, city, state, postal code, phone, website, HRSA geocoding coordinates, county/FIPS, operating hours per week, site status, and location setting. Site status: Active. Location setting: All Other Clinic Types. Operational schedule: Full-Time. Daily hours, services, price, insurance, and accessibility fields were not supplied by this intake.",BPS-H80-003003,Health Center Service Delivery and Look-Alike Sites,2026-06-19,2026-06-19,needs_review,
hrsa-bps-h80-012662,Oak Orchard Mobile Dental Unit,community_health_center,300 West Ave,Brockport,NY,36,Monroe County,36055,14420-1118,43.22107706,-77.95058214,585-637-3905,,,,,,,,,,HRSA operating hours per week: 35.00,unknown,,,,,,,,,HRSA Health Center Service Delivery and Look-Alike Sites,https://data.hrsa.gov/DataDownload/DD_Files/Health_Center_Service_Delivery_and_LookAlike_Sites.csv,2026-06-19,"Fields copied from the official HRSA CSV: site name, address, city, state, postal code, phone, website, HRSA geocoding coordinates, county/FIPS, operating hours per week, site status, and location setting. Site status: Active. Location setting: All Other Clinic Types. Operational schedule: Full-Time. Daily hours, services, price, insurance, and accessibility fields were not supplied by this intake.",BPS-H80-012662,Health Center Service Delivery and Look-Alike Sites,2026-06-19,2026-06-19,needs_review,
hrsa-bps-lal-035115,Medical Care on Wheels,community_health_center,40 Robert Pitt Dr,Monsey,NY,36,Rockland County,36087,10952-3333,41.11136955,-74.06452035,845-352-6800,,,,,,,,,,HRSA operating hours per week: 25.00,unknown,,,,,,,,,HRSA Health Center Service Delivery and Look-Alike Sites,https://data.hrsa.gov/DataDownload/DD_Files/Health_Center_Service_Delivery_and_LookAlike_Sites.csv,2026-06-19,"Fields copied from the official HRSA CSV: site name, address, city, state, postal code, phone, website, HRSA geocoding coordinates, county/FIPS, operating hours per week, site status, and location setting. Site status: Active. Location setting: All Other Clinic Types. Operational schedule: Unknown. Daily hours, services, price, insurance, and accessibility fields were not supplied by this intake.",BPS-LAL-035115,Health Center Service Delivery and Look-Alike Sites,2026-06-19,2026-06-19,needs_review,
hrsa-bps-h80-010675,Harmony Healthcare Long Island at Roosevelt,community_health_center,380 Nassau Rd,Roosevelt,NY,36,Nassau County,36059,11575-1343,40.68181072,-73.59083846,516-571-8600,www.harmonyhealthcareli.org,,,,,,,,,HRSA operating hours per week: 62.00,unknown,,,,,,,,,HRSA Health Center Service Delivery and Look-Alike Sites,https://data.hrsa.gov/DataDownload/DD_Files/Health_Center_Service_Delivery_and_LookAlike_Sites.csv,2026-06-19,"Fields copied from the official HRSA CSV: site name, address, city, state, postal code, phone, website, HRSA geocoding coordinates, county/FIPS, operating hours per week, site status, and location setting. Site status: Active. Location setting: All Other Clinic Types. Operational schedule: Full-Time. Daily hours, services, price, insurance, and accessibility fields were not supplied by this intake.",BPS-H80-010675,Health Center Service Delivery and Look-Alike Sites,2026-06-19,2026-06-19,needs_review,
hrsa-bps-h80-006708,Countryside Adult Home,community_health_center,353 Schroon River Rd,Warrensburg,NY,36,Warren County,36113,12885-4861,43.51134807,-73.75285076,518-623-3451,www.hhhn.org,,,,,,,,,HRSA operating hours per week: 12.00,unknown,,,,,,,,,HRSA Health Center Service Delivery and Look-Alike Sites,https://data.hrsa.gov/DataDownload/DD_Files/Health_Center_Service_Delivery_and_LookAlike_Sites.csv,2026-06-19,"Fields copied from the official HRSA CSV: site name, address, city, state, postal code, phone, website, HRSA geocoding coordinates, county/FIPS, operating hours per week, site status, and location setting. Site status: Active. Location setting: Nursing Home. Operational schedule: Part-Time. Daily hours, services, price, insurance, and accessibility fields were not supplied by this intake.",BPS-H80-006708,Health Center Service Delivery and Look-Alike Sites,2026-06-19,2026-06-19,needs_review,
hrsa-bps-h80-018555,SB Dental at Fairgrieve Elementary School,community_health_center,716 Academy St,Fulton,NY,36,Oswego County,36075,13069-1997,43.32364386,-76.40478434,315-593-5550,,,,,,,,,,HRSA operating hours per week: 8.00,unknown,,,,,,,,,HRSA Health Center Service Delivery and Look-Alike Sites,https://data.hrsa.gov/DataDownload/DD_Files/Health_Center_Service_Delivery_and_LookAlike_Sites.csv,2026-06-19,"Fields copied from the official HRSA CSV: site name, address, city, state, postal code, phone, website, HRSA geocoding coordinates, county/FIPS, operating hours per week, site status, and location setting. Site status: Active. Location setting: School. Operational schedule: Unknown. Daily hours, services, price, insurance, and accessibility fields were not supplied by this intake.",BPS-H80-018555,Health Center Service Delivery and Look-Alike Sites,2026-06-19,2026-06-19,needs_review,
hrsa-bps-h80-017061,Open Door Merritt Administrative Site,community_health_center,64 Merritt St,Port Chester,NY,36,Westchester County,36119,10573-3538,41.00254311,-73.67715824,914-632-2737,,,,,,,,,,,unknown,,,,,,,,,HRSA Health Center Service Delivery and Look-Alike Sites,https://data.hrsa.gov/DataDownload/DD_Files/Health_Center_Service_Delivery_and_LookAlike_Sites.csv,2026-06-19,"Fields copied from the official HRSA CSV: site name, address, city, state, postal code, phone, website, HRSA geocoding coordinates, county/FIPS, operating hours per week, site status, and location setting. Site status: Active. Location setting: Unknown. Operational schedule: Unknown. Daily hours, services, price, insurance, and accessibility fields were not supplied by this intake.",BPS-H80-017061,Health Center Service Delivery and Look-Alike Sites,2026-06-19,2026-06-19,needs_review,
hrsa-bps-h80-011657,"Aizer Health, Inc.",community_health_center,49 Forest Rd,Monroe,NY,36,Orange County,36071,10950-2923,41.33964708,-74.17145499,845-782-3242,www.echckj.org,,,,,,,,,HRSA operating hours per week: 58.00,unknown,,,,,,,,,HRSA Health Center Service Delivery and Look-Alike Sites,https://data.hrsa.gov/DataDownload/DD_Files/Health_Center_Service_Delivery_and_LookAlike_Sites.csv,2026-06-19,"Fields copied from the official HRSA CSV: site name, address, city, state, postal code, phone, website, HRSA geocoding coordinates, county/FIPS, operating hours per week, site status, and location setting. Site status: Active. Location setting: All Other Clinic Types. Operational schedule: Full-Time. Daily hours, services, price, insurance, and accessibility fields were not supplied by this intake.",BPS-H80-011657,Health Center Service Delivery and Look-Alike Sites,2026-06-19,2026-06-19,needs_review,
hrsa-bps-h80-032704,Fresh Meadows,community_health_center,61-27 186th St,Fresh Meadows,NY,36,Queens County,36081,11365,40.73941241,-73.78783423,718-277-0386,,,,,,,,,,HRSA operating hours per week: 168.00,unknown,,,,,,,,,HRSA Health Center Service Delivery and Look-Alike Sites,https://data.hrsa.gov/DataDownload/DD_Files/Health_Center_Service_Delivery_and_LookAlike_Sites.csv,2026-06-19,"Fields copied from the official HRSA CSV: site name, address, city, state, postal code, phone, website, HRSA geocoding coordinates, county/FIPS, operating hours per week, site status, and location setting. Site status: Active. Location setting: All Other Clinic Types. Operational schedule: Unknown. Daily hours, services, price, insurance, and accessibility fields were not supplied by this intake.",BPS-H80-032704,Health Center Service Delivery and Look-Alike Sites,2026-06-19,2026-06-19,needs_review,
hrsa-bps-lal-037017,Liberty Resources New York,community_health_center,6723 Towpath Rd,East Syracuse,NY,36,Onondaga County,36067,13057-9506,43.05019005,-76.05651853,315-425-1004,https://www.liberty-resources.org/,,,,,,,,,HRSA operating hours per week: 56.00,unknown,,,,,,,,,HRSA Health Center Service Delivery and Look-Alike Sites,https://data.hrsa.gov/DataDownload/DD_Files/Health_Center_Service_Delivery_and_LookAlike_Sites.csv,2026-06-19,"Fields copied from the official HRSA CSV: site name, address, city, state, postal code, phone, website, HRSA geocoding coordinates, county/FIPS, operating hours per week, site status, and location setting. Site status: Active. Location setting: All Other Clinic Types. Operational schedule: Unknown. Daily hours, services, price, insurance, and accessibility fields were not supplied by this intake.",BPS-LAL-037017,Health Center Service Delivery and Look-Alike Sites,2026-06-19,2026-06-19,needs_review,
hrsa-bps-h80-003308,New Paltz Family Health Center,community_health_center,279 Main St,New Paltz,NY,36,Ulster County,36111,12561-1623,41.74338760,-74.06812096,845-255-2930,www.institute2000.org,,,,,,,,,HRSA operating hours per week: 48.00,unknown,,,,,,,,,HRSA Health Center Service Delivery and Look-Alike Sites,https://data.hrsa.gov/DataDownload/DD_Files/Health_Center_Service_Delivery_and_LookAlike_Sites.csv,2026-06-19,"Fields copied from the official HRSA CSV: site name, address, city, state, postal code, phone, website, HRSA geocoding coordinates, county/FIPS, operating hours per week, site status, and location setting. Site status: Active. Location setting: All Other Clinic Types. Operational schedule: Full-Time. Daily hours, services, price, insurance, and accessibility fields were not supplied by this intake.",BPS-H80-003308,Health Center Service Delivery and Look-Alike Sites,2026-06-19,2026-06-19,needs_review,
hrsa-bps-h80-031465,Albany High School,community_health_center,700 Washington Ave,Albany,NY,36,Albany County,36001,12203-1495,42.66697296,-73.78290332,518-465-4771,,,,,,,,,,HRSA operating hours per week: 40.00,unknown,,,,,,,,,HRSA Health Center Service Delivery and Look-Alike Sites,https://data.hrsa.gov/DataDownload/DD_Files/Health_Center_Service_Delivery_and_LookAlike_Sites.csv,2026-06-19,"Fields copied from the official HRSA CSV: site name, address, city, state, postal code, phone, website, HRSA geocoding coordinates, county/FIPS, operating hours per week, site status, and location setting. Site status: Active. Location setting: School. Operational schedule: Unknown. Daily hours, services, price, insurance, and accessibility fields were not supplied by this intake.",BPS-H80-031465,Health Center Service Delivery and Look-Alike Sites,2026-06-19,2026-06-19,needs_review,
hrsa-bps-h80-027150,PS 307 School-Based Health Center,community_health_center,209 York St,Brooklyn,NY,36,Kings County,36047,11201-1509,40.70151389,-73.98167353,718-834-6774,https://nyulangone.org/locations/family-health-centers-at-nyu-langone/school-health-program-family-health-centers-at-nyu-langone,,,,,,,,,HRSA operating hours per week: 40.00,unknown,,,,,,,,,HRSA Health Center Service Delivery and Look-Alike Sites,https://data.hrsa.gov/DataDownload/DD_Files/Health_Center_Service_Delivery_and_LookAlike_Sites.csv,2026-06-19,"Fields copied from the official HRSA CSV: site name, address, city, state, postal code, phone, website, HRSA geocoding coordinates, county/FIPS, operating hours per week, site status, and location setting. Site status: Active. Location setting: School. Operational schedule: Unknown. Daily hours, services, price, insurance, and accessibility fields were not supplied by this intake.",BPS-H80-027150,Health Center Service Delivery and Look-Alike Sites,2026-06-19,2026-06-19,needs_review,
hrsa-bps-h80-038083,Penn Yan School-Based Health Center,community_health_center,3 School Dr,Penn Yan,NY,36,Yates County,36123,14527-1081,42.66705783,-77.06322867,315-279-6902,,,,,,,,,,HRSA operating hours per week: 40.00,unknown,,,,,,,,,HRSA Health Center Service Delivery and Look-Alike Sites,https://data.hrsa.gov/DataDownload/DD_Files/Health_Center_Service_Delivery_and_LookAlike_Sites.csv,2026-06-19,"Fields copied from the official HRSA CSV: site name, address, city, state, postal code, phone, website, HRSA geocoding coordinates, county/FIPS, operating hours per week, site status, and location setting. Site status: Active. Location setting: School. Operational schedule: Unknown. Daily hours, services, price, insurance, and accessibility fields were not supplied by this intake.",BPS-H80-038083,Health Center Service Delivery and Look-Alike Sites,2026-06-19,2026-06-19,needs_review,
hrsa-bps-h80-022051,VIDA Guidance Center,community_health_center,4419 3rd Ave,Bronx,NY,36,Bronx County,36005,10457-2562,40.85195526,-73.89312267,718-589-2440,www.urbanhealthplan.org,,,,,,,,,HRSA operating hours per week: 45.00,unknown,,,,,,,,,HRSA Health Center Service Delivery and Look-Alike Sites,https://data.hrsa.gov/DataDownload/DD_Files/Health_Center_Service_Delivery_and_LookAlike_Sites.csv,2026-06-19,"Fields copied from the official HRSA CSV: site name, address, city, state, postal code, phone, website, HRSA geocoding coordinates, county/FIPS, operating hours per week, site status, and location setting. Site status: Active. Location setting: All Other Clinic Types. Operational schedule: Unknown. Daily hours, services, price, insurance, and accessibility fields were not supplied by this intake.",BPS-H80-022051,Health Center Service Delivery and Look-Alike Sites,2026-06-19,2026-06-19,needs_review,
hrsa-bps-h80-013717,Jordan Health at Franklin Educational Campus,community_health_center,950 Norton St,Rochester,NY,36,Monroe County,36055,14621-3791,43.18866735,-77.59803325,585-324-3726,,,,,,,,,,HRSA operating hours per week: 30.00,unknown,,,,,,,,,HRSA Health Center Service Delivery and Look-Alike Sites,https://data.hrsa.gov/DataDownload/DD_Files/Health_Center_Service_Delivery_and_LookAlike_Sites.csv,2026-06-19,"Fields copied from the official HRSA CSV: site name, address, city, state, postal code, phone, website, HRSA geocoding coordinates, county/FIPS, operating hours per week, site status, and location setting. Site status: Active. Location setting: School. Operational schedule: Full-Time. Daily hours, services, price, insurance, and accessibility fields were not supplied by this intake.",BPS-H80-013717,Health Center Service Delivery and Look-Alike Sites,2026-06-19,2026-06-19,needs_review,
hrsa-bps-h80-008294,Beacon Christian Community Health Center,community_health_center,2079 Forest Ave,Staten Island,NY,36,Richmond County,36085,10303-1865,40.62665386,-74.15862045,718-815-6560 x200,www.beaconcchc.com,,,,,,,,,HRSA operating hours per week: 45.00,unknown,,,,,,,,,HRSA Health Center Service Delivery and Look-Alike Sites,https://data.hrsa.gov/DataDownload/DD_Files/Health_Center_Service_Delivery_and_LookAlike_Sites.csv,2026-06-19,"Fields copied from the official HRSA CSV: site name, address, city, state, postal code, phone, website, HRSA geocoding coordinates, county/FIPS, operating hours per week, site status, and location setting. Site status: Active. Location setting: All Other Clinic Types. Operational schedule: Unknown. Daily hours, services, price, insurance, and accessibility fields were not supplied by this intake.",BPS-H80-008294,Health Center Service Delivery and Look-Alike Sites,2026-06-19,2026-06-19,needs_review,
hrsa-bps-h80-017494,Harlem Children's Zone School-Based Health Center - Promise Academy 2-35,community_health_center,35 E 125th St,New York,NY,36,New York County,36061,10035-1816,40.80596632,-73.94076423,212-360-3255,www.institute.org,,,,,,,,,HRSA operating hours per week: 40.00,unknown,,,,,,,,,HRSA Health Center Service Delivery and Look-Alike Sites,https://data.hrsa.gov/DataDownload/DD_Files/Health_Center_Service_Delivery_and_LookAlike_Sites.csv,2026-06-19,"Fields copied from the official HRSA CSV: site name, address, city, state, postal code, phone, website, HRSA geocoding coordinates, county/FIPS, operating hours per week, site status, and location setting. Site status: Active. Location setting: School. Operational schedule: Unknown. Daily hours, services, price, insurance, and accessibility fields were not supplied by this intake.",BPS-H80-017494,Health Center Service Delivery and Look-Alike Sites,2026-06-19,2026-06-19,needs_review,
hrsa-bps-h80-030493,Booth Haven (Salvation Army),community_health_center,70 Liberty Pole Way,Rochester,NY,36,Monroe County,36055,14604-1465,43.15886880,-77.60418817,585-368-3720,n/a,,,,,,,,,HRSA operating hours per week: 8.00,unknown,,,,,,,,,HRSA Health Center Service Delivery and Look-Alike Sites,https://data.hrsa.gov/DataDownload/DD_Files/Health_Center_Service_Delivery_and_LookAlike_Sites.csv,2026-06-19,"Fields copied from the official HRSA CSV: site name, address, city, state, postal code, phone, website, HRSA geocoding coordinates, county/FIPS, operating hours per week, site status, and location setting. Site status: Active. Location setting: All Other Clinic Types. Operational schedule: Unknown. Daily hours, services, price, insurance, and accessibility fields were not supplied by this intake.",BPS-H80-030493,Health Center Service Delivery and Look-Alike Sites,2026-06-19,2026-06-19,needs_review,
hrsa-bps-h80-012800,"Oak Orchard Community Health Center, Inc.",community_health_center,81 S Main St,Warsaw,NY,36,Wyoming County,36121,14569-1571,42.73872343,-78.13373703,585-637-3905,,,,,,,,,,HRSA operating hours per week: 54.00,unknown,,,,,,,,,HRSA Health Center Service Delivery and Look-Alike Sites,https://data.hrsa.gov/DataDownload/DD_Files/Health_Center_Service_Delivery_and_LookAlike_Sites.csv,2026-06-19,"Fields copied from the official HRSA CSV: site name, address, city, state, postal code, phone, website, HRSA geocoding coordinates, county/FIPS, operating hours per week, site status, and location setting. Site status: Active. Location setting: All Other Clinic Types. Operational schedule: Full-Time. Daily hours, services, price, insurance, and accessibility fields were not supplied by this intake.",BPS-H80-012800,Health Center Service Delivery and Look-Alike Sites,2026-06-19,2026-06-19,needs_review,
hrsa-bps-h80-039726,Hudson Headwaters Mobile Health Center 2,community_health_center,27 Carey Rd,Queensbury,NY,36,Warren County,36113,12804,43.29493764,-73.69064162,518-761-0300,www.hhhn.org,,,,,,,,,HRSA operating hours per week: 28.00,unknown,,,,,,,,,HRSA Health Center Service Delivery and Look-Alike Sites,https://data.hrsa.gov/DataDownload/DD_Files/Health_Center_Service_Delivery_and_LookAlike_Sites.csv,2026-06-19,"Fields copied from the official HRSA CSV: site name, address, city, state, postal code, phone, website, HRSA geocoding coordinates, county/FIPS, operating hours per week, site status, and location setting. Site status: Active. Location setting: All Other Clinic Types. Operational schedule: Unknown. Daily hours, services, price, insurance, and accessibility fields were not supplied by this intake.",BPS-H80-039726,Health Center Service Delivery and Look-Alike Sites,2026-06-19,2026-06-19,needs_review,
hrsa-bps-h80-003829,"WHITNEY M. YOUNG, JR. HEALTH CENTER",community_health_center,920 Lark Dr,Albany,NY,36,Albany County,36001,12207-1398,42.66196334,-73.74806293,518-465-4771,www.wmyhealth.org,,,,,,,,,HRSA operating hours per week: 48.00,unknown,,,,,,,,,HRSA Health Center Service Delivery and Look-Alike Sites,https://data.hrsa.gov/DataDownload/DD_Files/Health_Center_Service_Delivery_and_LookAlike_Sites.csv,2026-06-19,"Fields copied from the official HRSA CSV: site name, address, city, state, postal code, phone, website, HRSA geocoding coordinates, county/FIPS, operating hours per week, site status, and location setting. Site status: Active. Location setting: All Other Clinic Types. Operational schedule: Full-Time. Daily hours, services, price, insurance, and accessibility fields were not supplied by this intake.",BPS-H80-003829,Health Center Service Delivery and Look-Alike Sites,2026-06-19,2026-06-19,needs_review,
hrsa-bps-h80-003830,SCH - East,community_health_center,1938 E Fayette St,Syracuse,NY,36,Onondaga County,36067,13210-1332,43.04780443,-76.11568186,315-474-4077,www.schcny.com,,,,,,,,,HRSA operating hours per week: 40.00,unknown,,,,,,,,,HRSA Health Center Service Delivery and Look-Alike Sites,https://data.hrsa.gov/DataDownload/DD_Files/Health_Center_Service_Delivery_and_LookAlike_Sites.csv,2026-06-19,"Fields copied from the official HRSA CSV: site name, address, city, state, postal code, phone, website, HRSA geocoding coordinates, county/FIPS, operating hours per week, site status, and location setting. Site status: Active. Location setting: All Other Clinic Types. Operational schedule: Full-Time. Daily hours, services, price, insurance, and accessibility fields were not supplied by this intake.",BPS-H80-003830,Health Center Service Delivery and Look-Alike Sites,2026-06-19,2026-06-19,needs_review,
hrsa-bps-h80-012085,REFUAH MOBILE VAN PROGRAM #4,community_health_center,728 N Main St,New Square,NY,36,Rockland County,36087,10977-8916,41.13953824,-74.03502770,845-354-9300,,,,,,,,,,HRSA operating hours per week: 90.00,unknown,,,,,,,,,HRSA Health Center Service Delivery and Look-Alike Sites,https://data.hrsa.gov/DataDownload/DD_Files/Health_Center_Service_Delivery_and_LookAlike_Sites.csv,2026-06-19,"Fields copied from the official HRSA CSV: site name, address, city, state, postal code, phone, website, HRSA geocoding coordinates, county/FIPS, operating hours per week, site status, and location setting. Site status: Active. Location setting: All Other Clinic Types. Operational schedule: Part-Time. Daily hours, services, price, insurance, and accessibility fields were not supplied by this intake.",BPS-H80-012085,Health Center Service Delivery and Look-Alike Sites,2026-06-19,2026-06-19,needs_review,
hrsa-bps-h80-029680,Housing Works Health Services III at W 37 Street,community_health_center,301 W 37th St FL 4,New York,NY,36,New York County,36061,10018-4228,40.75425190,-73.99236390,718-277-0386,www.housingworks.org,,,,,,,,,HRSA operating hours per week: 16.00,unknown,,,,,,,,,HRSA Health Center Service Delivery and Look-Alike Sites,https://data.hrsa.gov/DataDownload/DD_Files/Health_Center_Service_Delivery_and_LookAlike_Sites.csv,2026-06-19,"Fields copied from the official HRSA CSV: site name, address, city, state, postal code, phone, website, HRSA geocoding coordinates, county/FIPS, operating hours per week, site status, and location setting. Site status: Active. Location setting: All Other Clinic Types. Operational schedule: Unknown. Daily hours, services, price, insurance, and accessibility fields were not supplied by this intake.",BPS-H80-029680,Health Center Service Delivery and Look-Alike Sites,2026-06-19,2026-06-19,needs_review,
hrsa-bps-h80-003851,REFUAH HEALTH CENTER,community_health_center,728 N Main St,New Square,NY,36,Rockland County,36087,10977-8916,41.13953824,-74.03502770,845-354-9300,www.refuahhealth.org,,,,,,,,,HRSA operating hours per week: 103.50,unknown,,,,,,,,,HRSA Health Center Service Delivery and Look-Alike Sites,https://data.hrsa.gov/DataDownload/DD_Files/Health_Center_Service_Delivery_and_LookAlike_Sites.csv,2026-06-19,"Fields copied from the official HRSA CSV: site name, address, city, state, postal code, phone, website, HRSA geocoding coordinates, county/FIPS, operating hours per week, site status, and location setting. Site status: Active. Location setting: All Other Clinic Types. Operational schedule: Full-Time. Daily hours, services, price, insurance, and accessibility fields were not supplied by this intake.",BPS-H80-003851,Health Center Service Delivery and Look-Alike Sites,2026-06-19,2026-06-19,needs_review,
hrsa-bps-lal-033019,Evergreen Health - Hertel Ave.,community_health_center,800 Hertel Ave,Buffalo,NY,36,Erie County,36029,14207-1906,42.94841832,-78.87956741,716-847-2441,www.evergreenhs.org,,,,,,,,,HRSA operating hours per week: 49.00,unknown,,,,,,,,,HRSA Health Center Service Delivery and Look-Alike Sites,https://data.hrsa.gov/DataDownload/DD_Files/Health_Center_Service_Delivery_and_LookAlike_Sites.csv,2026-06-19,"Fields copied from the official HRSA CSV: site name, address, city, state, postal code, phone, website, HRSA geocoding coordinates, county/FIPS, operating hours per week, site status, and location setting. Site status: Active. Location setting: All Other Clinic Types. Operational schedule: Unknown. Daily hours, services, price, insurance, and accessibility fields were not supplied by this intake.",BPS-LAL-033019,Health Center Service Delivery and Look-Alike Sites,2026-06-19,2026-06-19,needs_review,
hrsa-bps-h80-021472,Cornerstone Family Healthcare: Middletown Pediatrics,community_health_center,14 Grove St,Middletown,NY,36,Orange County,36071,10940-4806,41.44872389,-74.41574129,845-344-2273,www.cornerstonefamilyhealthcare.org,,,,,,,,,HRSA operating hours per week: 45.00,unknown,,,,,,,,,HRSA Health Center Service Delivery and Look-Alike Sites,https://data.hrsa.gov/DataDownload/DD_Files/Health_Center_Service_Delivery_and_LookAlike_Sites.csv,2026-06-19,"Fields copied from the official HRSA CSV: site name, address, city, state, postal code, phone, website, HRSA geocoding coordinates, county/FIPS, operating hours per week, site status, and location setting. Site status: Active. Location setting: All Other Clinic Types. Operational schedule: Unknown. Daily hours, services, price, insurance, and accessibility fields were not supplied by this intake.",BPS-H80-021472,Health Center Service Delivery and Look-Alike Sites,2026-06-19,2026-06-19,needs_review,
hrsa-bps-h80-003856,Bolton Health Center,community_health_center,11 Cross St,Bolton Landing,NY,36,Warren County,36113,12814-7711,43.55782090,-73.65739438,518-644-9471,www.hhhn.org,,,,,,,,,HRSA operating hours per week: 40.00,unknown,,,,,,,,,HRSA Health Center Service Delivery and Look-Alike Sites,https://data.hrsa.gov/DataDownload/DD_Files/Health_Center_Service_Delivery_and_LookAlike_Sites.csv,2026-06-19,"Fields copied from the official HRSA CSV: site name, address, city, state, postal code, phone, website, HRSA geocoding coordinates, county/FIPS, operating hours per week, site status, and location setting. Site status: Active. Location setting: All Other Clinic Types. Operational schedule: Full-Time. Daily hours, services, price, insurance, and accessibility fields were not supplied by this intake.",BPS-H80-003856,Health Center Service Delivery and Look-Alike Sites,2026-06-19,2026-06-19,needs_review,
hrsa-bps-h80-003858,HOMELESS MOBILE VAN,community_health_center,107 W 4th St,Mount Vernon,NY,36,Westchester County,36119,10550-4098,40.90366201,-73.83868002,914-699-7200 x421,www.mvnhc.org,,,,,,,,,HRSA operating hours per week: 35.00,unknown,,,,,,,,,HRSA Health Center Service Delivery and Look-Alike Sites,https://data.hrsa.gov/DataDownload/DD_Files/Health_Center_Service_Delivery_and_LookAlike_Sites.csv,2026-06-19,"Fields copied from the official HRSA CSV: site name, address, city, state, postal code, phone, website, HRSA geocoding coordinates, county/FIPS, operating hours per week, site status, and location setting. Site status: Active. Location setting: All Other Clinic Types. Operational schedule: Full-Time. Daily hours, services, price, insurance, and accessibility fields were not supplied by this intake.",BPS-H80-003858,Health Center Service Delivery and Look-Alike Sites,2026-06-19,2026-06-19,needs_review,
hrsa-bps-h80-030807,Saranac Lake Family Health,community_health_center,"2249 State Route 86, Unit 3",Saranac Lake,NY,36,Franklin County,36033,12983,44.34463527,-74.14457783,518-891-3845,,,,,,,,,,HRSA operating hours per week: 53.00,unknown,,,,,,,,,HRSA Health Center Service Delivery and Look-Alike Sites,https://data.hrsa.gov/DataDownload/DD_Files/Health_Center_Service_Delivery_and_LookAlike_Sites.csv,2026-06-19,"Fields copied from the official HRSA CSV: site name, address, city, state, postal code, phone, website, HRSA geocoding coordinates, county/FIPS, operating hours per week, site status, and location setting. Site status: Active. Location setting: All Other Clinic Types. Operational schedule: Unknown. Daily hours, services, price, insurance, and accessibility fields were not supplied by this intake.",BPS-H80-030807,Health Center Service Delivery and Look-Alike Sites,2026-06-19,2026-06-19,needs_review,
hrsa-bps-h80-012268,Stevenson Family Health Center,community_health_center,731 White Plains Rd,Bronx,NY,36,Bronx County,36005,10473-2693,40.82035067,-73.85814213,718-589-8775,,,,,,,,,,HRSA operating hours per week: 60.00,unknown,,,,,,,,,HRSA Health Center Service Delivery and Look-Alike Sites,https://data.hrsa.gov/DataDownload/DD_Files/Health_Center_Service_Delivery_and_LookAlike_Sites.csv,2026-06-19,"Fields copied from the official HRSA CSV: site name, address, city, state, postal code, phone, website, HRSA geocoding coordinates, county/FIPS, operating hours per week, site status, and location setting. Site status: Active. Location setting: All Other Clinic Types. Operational schedule: Full-Time. Daily hours, services, price, insurance, and accessibility fields were not supplied by this intake.",BPS-H80-012268,Health Center Service Delivery and Look-Alike Sites,2026-06-19,2026-06-19,needs_review,
hrsa-bps-h80-012317,Banana Kelly HS,community_health_center,965 Longwood Ave,Bronx,NY,36,Bronx County,36005,10459-4058,40.81760899,-73.89798593,718-860-1242,,,,,,,,,,HRSA operating hours per week: 40.00,unknown,,,,,,,,,HRSA Health Center Service Delivery and Look-Alike Sites,https://data.hrsa.gov/DataDownload/DD_Files/Health_Center_Service_Delivery_and_LookAlike_Sites.csv,2026-06-19,"Fields copied from the official HRSA CSV: site name, address, city, state, postal code, phone, website, HRSA geocoding coordinates, county/FIPS, operating hours per week, site status, and location setting. Site status: Active. Location setting: School. Operational schedule: Full-Time. Daily hours, services, price, insurance, and accessibility fields were not supplied by this intake.",BPS-H80-012317,Health Center Service Delivery and Look-Alike Sites,2026-06-19,2026-06-19,needs_review,
hrsa-bps-h80-035252,The Chautauqua Center - Jamestown OT,community_health_center,"15 S Main St, Suite 220",Jamestown,NY,36,Chautauqua County,36013,14701-6626,42.09258657,-79.23819485,716-484-4334,,,,,,,,,,HRSA operating hours per week: 42.00,unknown,,,,,,,,,HRSA Health Center Service Delivery and Look-Alike Sites,https://data.hrsa.gov/DataDownload/DD_Files/Health_Center_Service_Delivery_and_LookAlike_Sites.csv,2026-06-19,"Fields copied from the official HRSA CSV: site name, address, city, state, postal code, phone, website, HRSA geocoding coordinates, county/FIPS, operating hours per week, site status, and location setting. Site status: Active. Location setting: All Other Clinic Types. Operational schedule: Unknown. Daily hours, services, price, insurance, and accessibility fields were not supplied by this intake.",BPS-H80-035252,Health Center Service Delivery and Look-Alike Sites,2026-06-19,2026-06-19,needs_review,
hrsa-bps-h80-027525,Ryan Health Mobile Health Center,community_health_center,1480 Sheridan Expy,Bronx,NY,36,Bronx County,36005,10459-2106,40.82980973,-73.88511233,212-749-1820,,,,,,,,,,HRSA operating hours per week: 40.00,unknown,,,,,,,,,HRSA Health Center Service Delivery and Look-Alike Sites,https://data.hrsa.gov/DataDownload/DD_Files/Health_Center_Service_Delivery_and_LookAlike_Sites.csv,2026-06-19,"Fields copied from the official HRSA CSV: site name, address, city, state, postal code, phone, website, HRSA geocoding coordinates, county/FIPS, operating hours per week, site status, and location setting. Site status: Active. Location setting: All Other Clinic Types. Operational schedule: Unknown. Daily hours, services, price, insurance, and accessibility fields were not supplied by this intake.",BPS-H80-027525,Health Center Service Delivery and Look-Alike Sites,2026-06-19,2026-06-19,needs_review,
hrsa-bps-lal-037929,Evergreen Health - Prather Ave.,community_health_center,320 Prather Ave STE 200A,Jamestown,NY,36,Chautauqua County,36013,14701-6858,42.09036147,-79.23437982,716-847-2441,www.evergreenhs.org,,,,,,,,,HRSA operating hours per week: 42.50,unknown,,,,,,,,,HRSA Health Center Service Delivery and Look-Alike Sites,https://data.hrsa.gov/DataDownload/DD_Files/Health_Center_Service_Delivery_and_LookAlike_Sites.csv,2026-06-19,"Fields copied from the official HRSA CSV: site name, address, city, state, postal code, phone, website, HRSA geocoding coordinates, county/FIPS, operating hours per week, site status, and location setting. Site status: Active. Location setting: All Other Clinic Types. Operational schedule: Unknown. Daily hours, services, price, insurance, and accessibility fields were not supplied by this intake.",BPS-LAL-037929,Health Center Service Delivery and Look-Alike Sites,2026-06-19,2026-06-19,needs_review,
hrsa-bps-h80-015519,In Homes Now Healthcare Services,community_health_center,502 W 152nd St,New York,NY,36,New York County,36061,10031-2036,40.82972642,-73.94509709,212-620-0340,www.projectrenewal.org,,,,,,,,,HRSA operating hours per week: 40.00,unknown,,,,,,,,,HRSA Health Center Service Delivery and Look-Alike Sites,https://data.hrsa.gov/DataDownload/DD_Files/Health_Center_Service_Delivery_and_LookAlike_Sites.csv,2026-06-19,"Fields copied from the official HRSA CSV: site name, address, city, state, postal code, phone, website, HRSA geocoding coordinates, county/FIPS, operating hours per week, site status, and location setting. Site status: Active. Location setting: All Other Clinic Types. Operational schedule: Unknown. Daily hours, services, price, insurance, and accessibility fields were not supplied by this intake.",BPS-H80-015519,Health Center Service Delivery and Look-Alike Sites,2026-06-19,2026-06-19,needs_review,
hrsa-bps-h80-004173,Ryan Chelsea-Clinton Community Health Center,community_health_center,645 10th Ave,New York,NY,36,New York County,36061,10036-2904,40.76207209,-73.99392670,212-265-4500,www.ryancenter.org,,,,,,,,,HRSA operating hours per week: 49.25,unknown,,,,,,,,,HRSA Health Center Service Delivery and Look-Alike Sites,https://data.hrsa.gov/DataDownload/DD_Files/Health_Center_Service_Delivery_and_LookAlike_Sites.csv,2026-06-19,"Fields copied from the official HRSA CSV: site name, address, city, state, postal code, phone, website, HRSA geocoding coordinates, county/FIPS, operating hours per week, site status, and location setting. Site status: Active. Location setting: All Other Clinic Types. Operational schedule: Full-Time. Daily hours, services, price, insurance, and accessibility fields were not supplied by this intake.",BPS-H80-004173,Health Center Service Delivery and Look-Alike Sites,2026-06-19,2026-06-19,needs_review,
hrsa-bps-lal-018383,TCFM Dansville,community_health_center,60 Red Jacket St,Dansville,NY,36,Livingston County,36051,14437-1769,42.55250566,-77.69579818,585-335-6041,www.tcfmedicine.org,,,,,,,,,HRSA operating hours per week: 55.00,unknown,,,,,,,,,HRSA Health Center Service Delivery and Look-Alike Sites,https://data.hrsa.gov/DataDownload/DD_Files/Health_Center_Service_Delivery_and_LookAlike_Sites.csv,2026-06-19,"Fields copied from the official HRSA CSV: site name, address, city, state, postal code, phone, website, HRSA geocoding coordinates, county/FIPS, operating hours per week, site status, and location setting. Site status: Active. Location setting: All Other Clinic Types. Operational schedule: Unknown. Daily hours, services, price, insurance, and accessibility fields were not supplied by this intake.",BPS-LAL-018383,Health Center Service Delivery and Look-Alike Sites,2026-06-19,2026-06-19,needs_review,
hrsa-bps-h80-035961,"Charles B. Wang Community Health Center, Inc.",community_health_center,131-72 40th Rd,Flushing,NY,36,Queens County,36081,11354,40.75674477,-73.83453065,718-587-1111,www.cbwchc.org,,,,,,,,,HRSA operating hours per week: 49.00,unknown,,,,,,,,,HRSA Health Center Service Delivery and Look-Alike Sites,https://data.hrsa.gov/DataDownload/DD_Files/Health_Center_Service_Delivery_and_LookAlike_Sites.csv,2026-06-19,"Fields copied from the official HRSA CSV: site name, address, city, state, postal code, phone, website, HRSA geocoding coordinates, county/FIPS, operating hours per week, site status, and location setting. Site status: Active. Location setting: All Other Clinic Types. Operational schedule: Unknown. Daily hours, services, price, insurance, and accessibility fields were not supplied by this intake.",BPS-H80-035961,Health Center Service Delivery and Look-Alike Sites,2026-06-19,2026-06-19,needs_review,
hrsa-bps-h80-009989,PS 18 School Based Health Center,community_health_center,221 Broadway,Staten Island,NY,36,Richmond County,36085,10310-1395,40.63684374,-74.11734763,718-442-0216,,,,,,,,,,HRSA operating hours per week: 40.00,unknown,,,,,,,,,HRSA Health Center Service Delivery and Look-Alike Sites,https://data.hrsa.gov/DataDownload/DD_Files/Health_Center_Service_Delivery_and_LookAlike_Sites.csv,2026-06-19,"Fields copied from the official HRSA CSV: site name, address, city, state, postal code, phone, website, HRSA geocoding coordinates, county/FIPS, operating hours per week, site status, and location setting. Site status: Active. Location setting: School. Operational schedule: Full-Time. Daily hours, services, price, insurance, and accessibility fields were not supplied by this intake.",BPS-H80-009989,Health Center Service Delivery and Look-Alike Sites,2026-06-19,2026-06-19,needs_review,
hrsa-bps-h80-004292,FAMILY SUPPORT CENTER,community_health_center,6025 6th Ave,Brooklyn,NY,36,Kings County,36047,11220-4004,40.63767564,-74.01425961,718-630-7171,https://nyulangone.org/locations/family-health-centers-at-nyu-langone,,,,,,,,,HRSA operating hours per week: 40.00,unknown,,,,,,,,,HRSA Health Center Service Delivery and Look-Alike Sites,https://data.hrsa.gov/DataDownload/DD_Files/Health_Center_Service_Delivery_and_LookAlike_Sites.csv,2026-06-19,"Fields copied from the official HRSA CSV: site name, address, city, state, postal code, phone, website, HRSA geocoding coordinates, county/FIPS, operating hours per week, site status, and location setting. Site status: Active. Location setting: All Other Clinic Types. Operational schedule: Full-Time. Daily hours, services, price, insurance, and accessibility fields were not supplied by this intake.",BPS-H80-004292,Health Center Service Delivery and Look-Alike Sites,2026-06-19,2026-06-19,needs_review,
hrsa-bps-h80-004295,PUBLIC SCHOOL 306(SBHC),community_health_center,40 W Tremont Ave,Bronx,NY,36,Bronx County,36005,10453-5400,40.85156320,-73.91128239,718-731-4095,www.mhhc.org,,,,,,,,,HRSA operating hours per week: 40.00,unknown,,,,,,,,,HRSA Health Center Service Delivery and Look-Alike Sites,https://data.hrsa.gov/DataDownload/DD_Files/Health_Center_Service_Delivery_and_LookAlike_Sites.csv,2026-06-19,"Fields copied from the official HRSA CSV: site name, address, city, state, postal code, phone, website, HRSA geocoding coordinates, county/FIPS, operating hours per week, site status, and location setting. Site status: Active. Location setting: School. Operational schedule: Full-Time. Daily hours, services, price, insurance, and accessibility fields were not supplied by this intake.",BPS-H80-004295,Health Center Service Delivery and Look-Alike Sites,2026-06-19,2026-06-19,needs_review,
hrsa-bps-h80-010947,BronxCare Ogden Family Medical and Dental Center,community_health_center,1067 Ogden Ave,Bronx,NY,36,Bronx County,36005,10452-4601,40.83490677,-73.92843051,718-992-7669,,,,,,,,,,HRSA operating hours per week: 45.00,unknown,,,,,,,,,HRSA Health Center Service Delivery and Look-Alike Sites,https://data.hrsa.gov/DataDownload/DD_Files/Health_Center_Service_Delivery_and_LookAlike_Sites.csv,2026-06-19,"Fields copied from the official HRSA CSV: site name, address, city, state, postal code, phone, website, HRSA geocoding coordinates, county/FIPS, operating hours per week, site status, and location setting. Site status: Active. Location setting: All Other Clinic Types. Operational schedule: Full-Time. Daily hours, services, price, insurance, and accessibility fields were not supplied by this intake.",BPS-H80-010947,Health Center Service Delivery and Look-Alike Sites,2026-06-19,2026-06-19,needs_review,
hrsa-bps-h80-004310,Family Physician Family Health Center at NYU Langone,community_health_center,5616 6th Ave,Brooklyn,NY,36,Kings County,36047,11220-3464,40.64020982,-74.01224166,718-438-5440,https://nyulangone.org/locations/family-physician-family-health-center-at-nyu-langone,,,,,,,,,HRSA operating hours per week: 44.50,unknown,,,,,,,,,HRSA Health Center Service Delivery and Look-Alike Sites,https://data.hrsa.gov/DataDownload/DD_Files/Health_Center_Service_Delivery_and_LookAlike_Sites.csv,2026-06-19,"Fields copied from the official HRSA CSV: site name, address, city, state, postal code, phone, website, HRSA geocoding coordinates, county/FIPS, operating hours per week, site status, and location setting. Site status: Active. Location setting: All Other Clinic Types. Operational schedule: Full-Time. Daily hours, services, price, insurance, and accessibility fields were not supplied by this intake.",BPS-H80-004310,Health Center Service Delivery and Look-Alike Sites,2026-06-19,2026-06-19,needs_review,
hrsa-bps-h80-015202,Harmony Healthcare Long Island at Roosevelt High School,community_health_center,1 Wagner Ave,Roosevelt,NY,36,Nassau County,36059,11575-1502,40.68845723,-73.58072042,516-345-7229,,,,,,,,,,HRSA operating hours per week: 40.00,unknown,,,,,,,,,HRSA Health Center Service Delivery and Look-Alike Sites,https://data.hrsa.gov/DataDownload/DD_Files/Health_Center_Service_Delivery_and_LookAlike_Sites.csv,2026-06-19,"Fields copied from the official HRSA CSV: site name, address, city, state, postal code, phone, website, HRSA geocoding coordinates, county/FIPS, operating hours per week, site status, and location setting. Site status: Active. Location setting: School. Operational schedule: Unknown. Daily hours, services, price, insurance, and accessibility fields were not supplied by this intake.",BPS-H80-015202,Health Center Service Delivery and Look-Alike Sites,2026-06-19,2026-06-19,needs_review,
hrsa-bps-h80-022351,Open Door WIC Mount Kisco Office,community_health_center,344 E Main St,Mount Kisco,NY,36,Westchester County,36119,10549-3027,41.19872277,-73.72500775,914-269-0784,,,,,,,,,,,unknown,,,,,,,,,HRSA Health Center Service Delivery and Look-Alike Sites,https://data.hrsa.gov/DataDownload/DD_Files/Health_Center_Service_Delivery_and_LookAlike_Sites.csv,2026-06-19,"Fields copied from the official HRSA CSV: site name, address, city, state, postal code, phone, website, HRSA geocoding coordinates, county/FIPS, operating hours per week, site status, and location setting. Site status: Active. Location setting: Unknown. Operational schedule: Unknown. Daily hours, services, price, insurance, and accessibility fields were not supplied by this intake.",BPS-H80-022351,Health Center Service Delivery and Look-Alike Sites,2026-06-19,2026-06-19,needs_review,
hrsa-bps-h80-032876,Omega Health Urgent Care,community_health_center,1 W Burnside Ave,Bronx,NY,36,Bronx County,36005,10453-4003,40.85398997,-73.90745396,718-716-4400,,,,,,,,,,HRSA operating hours per week: 60.00,unknown,,,,,,,,,HRSA Health Center Service Delivery and Look-Alike Sites,https://data.hrsa.gov/DataDownload/DD_Files/Health_Center_Service_Delivery_and_LookAlike_Sites.csv,2026-06-19,"Fields copied from the official HRSA CSV: site name, address, city, state, postal code, phone, website, HRSA geocoding coordinates, county/FIPS, operating hours per week, site status, and location setting. Site status: Active. Location setting: All Other Clinic Types. Operational schedule: Unknown. Daily hours, services, price, insurance, and accessibility fields were not supplied by this intake.",BPS-H80-032876,Health Center Service Delivery and Look-Alike Sites,2026-06-19,2026-06-19,needs_review,
hrsa-bps-h80-004415,BronxCare Fulton Family Medicine Practice,community_health_center,1276 Fulton Ave,Bronx,NY,36,Bronx County,36005,10456-3467,40.83165673,-73.90353425,718-992-7669,N/A,,,,,,,,,HRSA operating hours per week: 44.50,unknown,,,,,,,,,HRSA Health Center Service Delivery and Look-Alike Sites,https://data.hrsa.gov/DataDownload/DD_Files/Health_Center_Service_Delivery_and_LookAlike_Sites.csv,2026-06-19,"Fields copied from the official HRSA CSV: site name, address, city, state, postal code, phone, website, HRSA geocoding coordinates, county/FIPS, operating hours per week, site status, and location setting. Site status: Active. Location setting: Hospital. Operational schedule: Full-Time. Daily hours, services, price, insurance, and accessibility fields were not supplied by this intake.",BPS-H80-004415,Health Center Service Delivery and Look-Alike Sites,2026-06-19,2026-06-19,needs_review,
hrsa-bps-h80-004419,Schroon Lake Health Center,community_health_center,24 Fairfield Ave,Schroon Lake,NY,36,Essex County,36031,12870,43.83716518,-73.75929770,518-532-7120,www.hhhn.org,,,,,,,,,HRSA operating hours per week: 40.00,unknown,,,,,,,,,HRSA Health Center Service Delivery and Look-Alike Sites,https://data.hrsa.gov/DataDownload/DD_Files/Health_Center_Service_Delivery_and_LookAlike_Sites.csv,2026-06-19,"Fields copied from the official HRSA CSV: site name, address, city, state, postal code, phone, website, HRSA geocoding coordinates, county/FIPS, operating hours per week, site status, and location setting. Site status: Active. Location setting: All Other Clinic Types. Operational schedule: Full-Time. Daily hours, services, price, insurance, and accessibility fields were not supplied by this intake.",BPS-H80-004419,Health Center Service Delivery and Look-Alike Sites,2026-06-19,2026-06-19,needs_review,
hrsa-bps-h80-038037,SHERO Housing Plus 2,community_health_center,297 Essex St,Brooklyn,NY,36,Kings County,36047,11208-2059,40.67699100,-73.88211102,934-386-0595,,,,,,,,,,HRSA operating hours per week: 12.00,unknown,,,,,,,,,HRSA Health Center Service Delivery and Look-Alike Sites,https://data.hrsa.gov/DataDownload/DD_Files/Health_Center_Service_Delivery_and_LookAlike_Sites.csv,2026-06-19,"Fields copied from the official HRSA CSV: site name, address, city, state, postal code, phone, website, HRSA geocoding coordinates, county/FIPS, operating hours per week, site status, and location setting. Site status: Active. Location setting: All Other Clinic Types. Operational schedule: Unknown. Daily hours, services, price, insurance, and accessibility fields were not supplied by this intake.",BPS-H80-038037,Health Center Service Delivery and Look-Alike Sites,2026-06-19,2026-06-19,needs_review,
hrsa-bps-h80-028074,Hadley-Luzerne Student Health,community_health_center,27 Hyland Dr,Lake Luzerne,NY,36,Warren County,36113,12846-3923,43.34509935,-73.83950539,518-696-2378,www.hhhn.org,,,,,,,,,HRSA operating hours per week: 30.00,unknown,,,,,,,,,HRSA Health Center Service Delivery and Look-Alike Sites,https://data.hrsa.gov/DataDownload/DD_Files/Health_Center_Service_Delivery_and_LookAlike_Sites.csv,2026-06-19,"Fields copied from the official HRSA CSV: site name, address, city, state, postal code, phone, website, HRSA geocoding coordinates, county/FIPS, operating hours per week, site status, and location setting. Site status: Active. Location setting: School. Operational schedule: Unknown. Daily hours, services, price, insurance, and accessibility fields were not supplied by this intake.",BPS-H80-028074,Health Center Service Delivery and Look-Alike Sites,2026-06-19,2026-06-19,needs_review,
hrsa-bps-h80-018061,"The Door  -  A Center of Alternatives, Inc.",community_health_center,555 Broome St,New York,NY,36,New York County,36061,10013-1510,40.72419549,-74.00487648,212-941-9090,,,,,,,,,,HRSA operating hours per week: 36.00,unknown,,,,,,,,,HRSA Health Center Service Delivery and Look-Alike Sites,https://data.hrsa.gov/DataDownload/DD_Files/Health_Center_Service_Delivery_and_LookAlike_Sites.csv,2026-06-19,"Fields copied from the official HRSA CSV: site name, address, city, state, postal code, phone, website, HRSA geocoding coordinates, county/FIPS, operating hours per week, site status, and location setting. Site status: Active. Location setting: All Other Clinic Types. Operational schedule: Unknown. Daily hours, services, price, insurance, and accessibility fields were not supplied by this intake.",BPS-H80-018061,Health Center Service Delivery and Look-Alike Sites,2026-06-19,2026-06-19,needs_review,
hrsa-bps-h80-039681,Care Management (Health Home),community_health_center,882 3rd Ave,Brooklyn,NY,36,Kings County,36047,11232-1904,40.65776522,-74.00456225,718-630-6885,,,,,,,,,,HRSA operating hours per week: 40.00,unknown,,,,,,,,,HRSA Health Center Service Delivery and Look-Alike Sites,https://data.hrsa.gov/DataDownload/DD_Files/Health_Center_Service_Delivery_and_LookAlike_Sites.csv,2026-06-19,"Fields copied from the official HRSA CSV: site name, address, city, state, postal code, phone, website, HRSA geocoding coordinates, county/FIPS, operating hours per week, site status, and location setting. Site status: Active. Location setting: All Other Clinic Types. Operational schedule: Unknown. Daily hours, services, price, insurance, and accessibility fields were not supplied by this intake.",BPS-H80-039681,Health Center Service Delivery and Look-Alike Sites,2026-06-19,2026-06-19,needs_review,
hrsa-bps-h80-011802,Wiley School,community_health_center,1351 Washington St,Watertown,NY,36,Jefferson County,36045,13601-4592,43.95596202,-75.91008643,315-785-3783,www.NoCoFamilyHealth.org,,,,,,,,,HRSA operating hours per week: 19.00,unknown,,,,,,,,,HRSA Health Center Service Delivery and Look-Alike Sites,https://data.hrsa.gov/DataDownload/DD_Files/Health_Center_Service_Delivery_and_LookAlike_Sites.csv,2026-06-19,"Fields copied from the official HRSA CSV: site name, address, city, state, postal code, phone, website, HRSA geocoding coordinates, county/FIPS, operating hours per week, site status, and location setting. Site status: Active. Location setting: School. Operational schedule: Full-Time. Daily hours, services, price, insurance, and accessibility fields were not supplied by this intake.",BPS-H80-011802,Health Center Service Delivery and Look-Alike Sites,2026-06-19,2026-06-19,needs_review,
hrsa-bps-h80-018042,Sun River Health Middletown,community_health_center,24 Union St,Middletown,NY,36,Orange County,36071,10940-4906,41.44741191,-74.42214498,845-343-5556,,,,,,,,,,HRSA operating hours per week: 16.00,unknown,,,,,,,,,HRSA Health Center Service Delivery and Look-Alike Sites,https://data.hrsa.gov/DataDownload/DD_Files/Health_Center_Service_Delivery_and_LookAlike_Sites.csv,2026-06-19,"Fields copied from the official HRSA CSV: site name, address, city, state, postal code, phone, website, HRSA geocoding coordinates, county/FIPS, operating hours per week, site status, and location setting. Site status: Active. Location setting: All Other Clinic Types. Operational schedule: Unknown. Daily hours, services, price, insurance, and accessibility fields were not supplied by this intake.",BPS-H80-018042,Health Center Service Delivery and Look-Alike Sites,2026-06-19,2026-06-19,needs_review,
hrsa-bps-h80-036276,Red Hook Family Health Center at NYU Langone,community_health_center,160 Van Brunt St,Brooklyn,NY,36,Kings County,36047,11231-1317,40.68293959,-74.00654926,718-630-7942,,,,,,,,,,HRSA operating hours per week: 40.00,unknown,,,,,,,,,HRSA Health Center Service Delivery and Look-Alike Sites,https://data.hrsa.gov/DataDownload/DD_Files/Health_Center_Service_Delivery_and_LookAlike_Sites.csv,2026-06-19,"Fields copied from the official HRSA CSV: site name, address, city, state, postal code, phone, website, HRSA geocoding coordinates, county/FIPS, operating hours per week, site status, and location setting. Site status: Active. Location setting: All Other Clinic Types. Operational schedule: Unknown. Daily hours, services, price, insurance, and accessibility fields were not supplied by this intake.",BPS-H80-036276,Health Center Service Delivery and Look-Alike Sites,2026-06-19,2026-06-19,needs_review,
hrsa-bps-h80-031015,Blessed Sacrament,community_health_center,259 Rutgers St,Rochester,NY,36,Monroe County,36055,14607-3294,43.14439292,-77.58819583,585-368-3720,n/a,,,,,,,,,HRSA operating hours per week: 1.50,unknown,,,,,,,,,HRSA Health Center Service Delivery and Look-Alike Sites,https://data.hrsa.gov/DataDownload/DD_Files/Health_Center_Service_Delivery_and_LookAlike_Sites.csv,2026-06-19,"Fields copied from the official HRSA CSV: site name, address, city, state, postal code, phone, website, HRSA geocoding coordinates, county/FIPS, operating hours per week, site status, and location setting. Site status: Active. Location setting: All Other Clinic Types. Operational schedule: Unknown. Daily hours, services, price, insurance, and accessibility fields were not supplied by this intake.",BPS-H80-031015,Health Center Service Delivery and Look-Alike Sites,2026-06-19,2026-06-19,needs_review,
hrsa-bps-h80-021930,Institute for Family Health at Westchester Square,community_health_center,1420 Ferris Pl,Bronx,NY,36,Bronx County,36005,10461-3611,40.83942700,-73.84142242,718-730-1004,https://www.institute.org/,,,,,,,,,HRSA operating hours per week: 42.50,unknown,,,,,,,,,HRSA Health Center Service Delivery and Look-Alike Sites,https://data.hrsa.gov/DataDownload/DD_Files/Health_Center_Service_Delivery_and_LookAlike_Sites.csv,2026-06-19,"Fields copied from the official HRSA CSV: site name, address, city, state, postal code, phone, website, HRSA geocoding coordinates, county/FIPS, operating hours per week, site status, and location setting. Site status: Active. Location setting: All Other Clinic Types. Operational schedule: Unknown. Daily hours, services, price, insurance, and accessibility fields were not supplied by this intake.",BPS-H80-021930,Health Center Service Delivery and Look-Alike Sites,2026-06-19,2026-06-19,needs_review,
hrsa-bps-h80-029559,"Upstate Family Health Center, Inc.",community_health_center,1001 Noyes St,Utica,NY,36,Oneida County,36065,13502-4476,43.09801907,-75.25249486,315-624-9470,www.upstatefamilyhealthcenter.org/,,,,,,,,,HRSA operating hours per week: 50.00,unknown,,,,,,,,,HRSA Health Center Service Delivery and Look-Alike Sites,https://data.hrsa.gov/DataDownload/DD_Files/Health_Center_Service_Delivery_and_LookAlike_Sites.csv,2026-06-19,"Fields copied from the official HRSA CSV: site name, address, city, state, postal code, phone, website, HRSA geocoding coordinates, county/FIPS, operating hours per week, site status, and location setting. Site status: Active. Location setting: All Other Clinic Types. Operational schedule: Unknown. Daily hours, services, price, insurance, and accessibility fields were not supplied by this intake.",BPS-H80-029559,Health Center Service Delivery and Look-Alike Sites,2026-06-19,2026-06-19,needs_review,
hrsa-bps-h80-015588,Metro Community Health Centers - Bronx,community_health_center,979 Cross Bronx Expy,Bronx,NY,36,Bronx County,36005,10460-4885,40.83911599,-73.88279096,718-665-7565,,,,,,,,,,HRSA operating hours per week: 45.00,unknown,,,,,,,,,HRSA Health Center Service Delivery and Look-Alike Sites,https://data.hrsa.gov/DataDownload/DD_Files/Health_Center_Service_Delivery_and_LookAlike_Sites.csv,2026-06-19,"Fields copied from the official HRSA CSV: site name, address, city, state, postal code, phone, website, HRSA geocoding coordinates, county/FIPS, operating hours per week, site status, and location setting. Site status: Active. Location setting: All Other Clinic Types. Operational schedule: Unknown. Daily hours, services, price, insurance, and accessibility fields were not supplied by this intake.",BPS-H80-015588,Health Center Service Delivery and Look-Alike Sites,2026-06-19,2026-06-19,needs_review,
hrsa-bps-h80-038751,Sun River Health Dental Van - NYC,community_health_center,1037 Main St,Peekskill,NY,36,Westchester County,36119,10566-2913,41.29159623,-73.91842696,914-734-8600,www.sunriver.org,,,,,,,,,HRSA operating hours per week: 21.00,unknown,,,,,,,,,HRSA Health Center Service Delivery and Look-Alike Sites,https://data.hrsa.gov/DataDownload/DD_Files/Health_Center_Service_Delivery_and_LookAlike_Sites.csv,2026-06-19,"Fields copied from the official HRSA CSV: site name, address, city, state, postal code, phone, website, HRSA geocoding coordinates, county/FIPS, operating hours per week, site status, and location setting. Site status: Active. Location setting: All Other Clinic Types. Operational schedule: Unknown. Daily hours, services, price, insurance, and accessibility fields were not supplied by this intake.",BPS-H80-038751,Health Center Service Delivery and Look-Alike Sites,2026-06-19,2026-06-19,needs_review,
hrsa-bps-h80-004795,MHHC at Walton,community_health_center,25 E 183rd St,Bronx,NY,36,Bronx County,36005,10453-1242,40.85859713,-73.90304458,718-839-8900,www.mhhc.org,,,,,,,,,HRSA operating hours per week: 38.50,unknown,,,,,,,,,HRSA Health Center Service Delivery and Look-Alike Sites,https://data.hrsa.gov/DataDownload/DD_Files/Health_Center_Service_Delivery_and_LookAlike_Sites.csv,2026-06-19,"Fields copied from the official HRSA CSV: site name, address, city, state, postal code, phone, website, HRSA geocoding coordinates, county/FIPS, operating hours per week, site status, and location setting. Site status: Active. Location setting: All Other Clinic Types. Operational schedule: Full-Time. Daily hours, services, price, insurance, and accessibility fields were not supplied by this intake.",BPS-H80-004795,Health Center Service Delivery and Look-Alike Sites,2026-06-19,2026-06-19,needs_review,
hrsa-bps-h80-011805,Maynard Wilson Elementary School,community_health_center,13180 US Route 11,Adams Center,NY,36,Jefferson County,36045,13606-2276,43.85884237,-76.00593601,315-583-5200,www.NoCoFamilyHealth.org,,,,,,,,,HRSA operating hours per week: 30.00,unknown,,,,,,,,,HRSA Health Center Service Delivery and Look-Alike Sites,https://data.hrsa.gov/DataDownload/DD_Files/Health_Center_Service_Delivery_and_LookAlike_Sites.csv,2026-06-19,"Fields copied from the official HRSA CSV: site name, address, city, state, postal code, phone, website, HRSA geocoding coordinates, county/FIPS, operating hours per week, site status, and location setting. Site status: Active. Location setting: School. Operational schedule: Part-Time. Daily hours, services, price, insurance, and accessibility fields were not supplied by this intake.",BPS-H80-011805,Health Center Service Delivery and Look-Alike Sites,2026-06-19,2026-06-19,needs_review,
hrsa-bps-h80-004807,Occupational Health Services,community_health_center,5800 3rd Ave,Brooklyn,NY,36,Kings County,36047,11220-3702,40.64308725,-74.01979979,718-630-7195,www.lmcmc.com,,,,,,,,,HRSA operating hours per week: 40.00,unknown,,,,,,,,,HRSA Health Center Service Delivery and Look-Alike Sites,https://data.hrsa.gov/DataDownload/DD_Files/Health_Center_Service_Delivery_and_LookAlike_Sites.csv,2026-06-19,"Fields copied from the official HRSA CSV: site name, address, city, state, postal code, phone, website, HRSA geocoding coordinates, county/FIPS, operating hours per week, site status, and location setting. Site status: Active. Location setting: All Other Clinic Types. Operational schedule: Full-Time. Daily hours, services, price, insurance, and accessibility fields were not supplied by this intake.",BPS-H80-004807,Health Center Service Delivery and Look-Alike Sites,2026-06-19,2026-06-19,needs_review,
hrsa-bps-h80-009560,PS 57/James Weldon Johnson School-Based Health Center,community_health_center,176 E 115th St,New York,NY,36,New York County,36061,10029-2031,40.79762050,-73.94139270,212-560-5812,,,,,,,,,,HRSA operating hours per week: 40.00,unknown,,,,,,,,,HRSA Health Center Service Delivery and Look-Alike Sites,https://data.hrsa.gov/DataDownload/DD_Files/Health_Center_Service_Delivery_and_LookAlike_Sites.csv,2026-06-19,"Fields copied from the official HRSA CSV: site name, address, city, state, postal code, phone, website, HRSA geocoding coordinates, county/FIPS, operating hours per week, site status, and location setting. Site status: Active. Location setting: School. Operational schedule: Full-Time. Daily hours, services, price, insurance, and accessibility fields were not supplied by this intake.",BPS-H80-009560,Health Center Service Delivery and Look-Alike Sites,2026-06-19,2026-06-19,needs_review,
hrsa-bps-h80-032452,Project Hospitality Health Center,community_health_center,150 Richmond Ter,Staten Island,NY,36,Richmond County,36085,10301-1901,40.64570207,-74.07789870,212-366-4459,,,,,,,,,,HRSA operating hours per week: 40.00,unknown,,,,,,,,,HRSA Health Center Service Delivery and Look-Alike Sites,https://data.hrsa.gov/DataDownload/DD_Files/Health_Center_Service_Delivery_and_LookAlike_Sites.csv,2026-06-19,"Fields copied from the official HRSA CSV: site name, address, city, state, postal code, phone, website, HRSA geocoding coordinates, county/FIPS, operating hours per week, site status, and location setting. Site status: Active. Location setting: All Other Clinic Types. Operational schedule: Unknown. Daily hours, services, price, insurance, and accessibility fields were not supplied by this intake.",BPS-H80-032452,Health Center Service Delivery and Look-Alike Sites,2026-06-19,2026-06-19,needs_review,
hrsa-bps-h80-029719,The Wellness Center at Oak Orchard,community_health_center,317 West Ave,Albion,NY,36,Orleans County,36073,14411-1522,43.24159529,-78.20313114,585-637-3905,www.oakorchardhealth.org,,,,,,,,,HRSA operating hours per week: 40.00,unknown,,,,,,,,,HRSA Health Center Service Delivery and Look-Alike Sites,https://data.hrsa.gov/DataDownload/DD_Files/Health_Center_Service_Delivery_and_LookAlike_Sites.csv,2026-06-19,"Fields copied from the official HRSA CSV: site name, address, city, state, postal code, phone, website, HRSA geocoding coordinates, county/FIPS, operating hours per week, site status, and location setting. Site status: Active. Location setting: All Other Clinic Types. Operational schedule: Unknown. Daily hours, services, price, insurance, and accessibility fields were not supplied by this intake.",BPS-H80-029719,Health Center Service Delivery and Look-Alike Sites,2026-06-19,2026-06-19,needs_review,
hrsa-bps-h80-024770,Mosaic Health Finger Lakes Administration,community_health_center,"1 S Washington St, Suite 300",Rochester,NY,36,Monroe County,36055,14614-1134,43.15427673,-77.61694936,585-325-2280,www.rpcn.org,,,,,,,,,,unknown,,,,,,,,,HRSA Health Center Service Delivery and Look-Alike Sites,https://data.hrsa.gov/DataDownload/DD_Files/Health_Center_Service_Delivery_and_LookAlike_Sites.csv,2026-06-19,"Fields copied from the official HRSA CSV: site name, address, city, state, postal code, phone, website, HRSA geocoding coordinates, county/FIPS, operating hours per week, site status, and location setting. Site status: Active. Location setting: Unknown. Operational schedule: Unknown. Daily hours, services, price, insurance, and accessibility fields were not supplied by this intake.",BPS-H80-024770,Health Center Service Delivery and Look-Alike Sites,2026-06-19,2026-06-19,needs_review,
hrsa-bps-h80-008064,Bronx Health Collective @ 853 Longwood Ave,community_health_center,853 Longwood Ave,Bronx,NY,36,Bronx County,36005,10459-4036,40.81938822,-73.90103971,718-588-4460,,,,,,,,,,HRSA operating hours per week: 40.00,unknown,,,,,,,,,HRSA Health Center Service Delivery and Look-Alike Sites,https://data.hrsa.gov/DataDownload/DD_Files/Health_Center_Service_Delivery_and_LookAlike_Sites.csv,2026-06-19,"Fields copied from the official HRSA CSV: site name, address, city, state, postal code, phone, website, HRSA geocoding coordinates, county/FIPS, operating hours per week, site status, and location setting. Site status: Active. Location setting: All Other Clinic Types. Operational schedule: Full-Time. Daily hours, services, price, insurance, and accessibility fields were not supplied by this intake.",BPS-H80-008064,Health Center Service Delivery and Look-Alike Sites,2026-06-19,2026-06-19,needs_review,
hrsa-bps-h80-021180,Mosaic Health Elmira Administration,community_health_center,100 N Main St STE L24,Elmira,NY,36,Chemung County,36015,14901-2929,42.08804182,-76.80690338,607-873-7308,www.rpcn.org,,,,,,,,,,unknown,,,,,,,,,HRSA Health Center Service Delivery and Look-Alike Sites,https://data.hrsa.gov/DataDownload/DD_Files/Health_Center_Service_Delivery_and_LookAlike_Sites.csv,2026-06-19,"Fields copied from the official HRSA CSV: site name, address, city, state, postal code, phone, website, HRSA geocoding coordinates, county/FIPS, operating hours per week, site status, and location setting. Site status: Active. Location setting: Unknown. Operational schedule: Unknown. Daily hours, services, price, insurance, and accessibility fields were not supplied by this intake.",BPS-H80-021180,Health Center Service Delivery and Look-Alike Sites,2026-06-19,2026-06-19,needs_review,
hrsa-bps-h80-012320,Harry S. Truman HS,community_health_center,750 Baychester Ave,Bronx,NY,36,Bronx County,36005,10475-1701,40.87412247,-73.83312006,718-904-5417,,,,,,,,,,HRSA operating hours per week: 40.00,unknown,,,,,,,,,HRSA Health Center Service Delivery and Look-Alike Sites,https://data.hrsa.gov/DataDownload/DD_Files/Health_Center_Service_Delivery_and_LookAlike_Sites.csv,2026-06-19,"Fields copied from the official HRSA CSV: site name, address, city, state, postal code, phone, website, HRSA geocoding coordinates, county/FIPS, operating hours per week, site status, and location setting. Site status: Active. Location setting: School. Operational schedule: Full-Time. Daily hours, services, price, insurance, and accessibility fields were not supplied by this intake.",BPS-H80-012320,Health Center Service Delivery and Look-Alike Sites,2026-06-19,2026-06-19,needs_review,
hrsa-bps-h80-030496,Francis Center (Catholic Family Services),community_health_center,547 Joseph Ave,Rochester,NY,36,Monroe County,36055,14605-1248,43.17419859,-77.60778694,585-368-3720,n/a,,,,,,,,,HRSA operating hours per week: 4.00,unknown,,,,,,,,,HRSA Health Center Service Delivery and Look-Alike Sites,https://data.hrsa.gov/DataDownload/DD_Files/Health_Center_Service_Delivery_and_LookAlike_Sites.csv,2026-06-19,"Fields copied from the official HRSA CSV: site name, address, city, state, postal code, phone, website, HRSA geocoding coordinates, county/FIPS, operating hours per week, site status, and location setting. Site status: Active. Location setting: All Other Clinic Types. Operational schedule: Unknown. Daily hours, services, price, insurance, and accessibility fields were not supplied by this intake.",BPS-H80-030496,Health Center Service Delivery and Look-Alike Sites,2026-06-19,2026-06-19,needs_review,
hrsa-bps-h80-024963,Open Door Saugerties,community_health_center,16 W Bridge St,Saugerties,NY,36,Ulster County,36111,12477-1427,42.07628423,-73.95512880,845-247-1021,,,,,,,,,,HRSA operating hours per week: 35.00,unknown,,,,,,,,,HRSA Health Center Service Delivery and Look-Alike Sites,https://data.hrsa.gov/DataDownload/DD_Files/Health_Center_Service_Delivery_and_LookAlike_Sites.csv,2026-06-19,"Fields copied from the official HRSA CSV: site name, address, city, state, postal code, phone, website, HRSA geocoding coordinates, county/FIPS, operating hours per week, site status, and location setting. Site status: Active. Location setting: All Other Clinic Types. Operational schedule: Unknown. Daily hours, services, price, insurance, and accessibility fields were not supplied by this intake.",BPS-H80-024963,Health Center Service Delivery and Look-Alike Sites,2026-06-19,2026-06-19,needs_review,
hrsa-bps-h80-032831,Jericho Road Community Health Center Breckenridge,community_health_center,182 Breckenridge St,Buffalo,NY,36,Erie County,36029,14213-1562,42.91696816,-78.89488450,716-348-3011,,,,,,,,,,HRSA operating hours per week: 43.00,unknown,,,,,,,,,HRSA Health Center Service Delivery and Look-Alike Sites,https://data.hrsa.gov/DataDownload/DD_Files/Health_Center_Service_Delivery_and_LookAlike_Sites.csv,2026-06-19,"Fields copied from the official HRSA CSV: site name, address, city, state, postal code, phone, website, HRSA geocoding coordinates, county/FIPS, operating hours per week, site status, and location setting. Site status: Active. Location setting: All Other Clinic Types. Operational schedule: Unknown. Daily hours, services, price, insurance, and accessibility fields were not supplied by this intake.",BPS-H80-032831,Health Center Service Delivery and Look-Alike Sites,2026-06-19,2026-06-19,needs_review,
hrsa-bps-h80-011662,Mott Haven Campus,community_health_center,730 Concourse Vlg W,Bronx,NY,36,Bronx County,36005,10451-3171,40.82258168,-73.92354663,718-402-7340,www.montefiore.org,,,,,,,,,HRSA operating hours per week: 40.50,unknown,,,,,,,,,HRSA Health Center Service Delivery and Look-Alike Sites,https://data.hrsa.gov/DataDownload/DD_Files/Health_Center_Service_Delivery_and_LookAlike_Sites.csv,2026-06-19,"Fields copied from the official HRSA CSV: site name, address, city, state, postal code, phone, website, HRSA geocoding coordinates, county/FIPS, operating hours per week, site status, and location setting. Site status: Active. Location setting: School. Operational schedule: Full-Time. Daily hours, services, price, insurance, and accessibility fields were not supplied by this intake.",BPS-H80-011662,Health Center Service Delivery and Look-Alike Sites,2026-06-19,2026-06-19,needs_review,
hrsa-bps-h80-008127,"HERITAGE HEALTH AND HOUSING, INC.",community_health_center,1727 Amsterdam Ave,New York,NY,36,New York County,36061,10031-4698,40.82553710,-73.94716289,212-862-0054,www.heritagenyc.org,,,,,,,,,HRSA operating hours per week: 54.00,unknown,,,,,,,,,HRSA Health Center Service Delivery and Look-Alike Sites,https://data.hrsa.gov/DataDownload/DD_Files/Health_Center_Service_Delivery_and_LookAlike_Sites.csv,2026-06-19,"Fields copied from the official HRSA CSV: site name, address, city, state, postal code, phone, website, HRSA geocoding coordinates, county/FIPS, operating hours per week, site status, and location setting. Site status: Active. Location setting: All Other Clinic Types. Operational schedule: Full-Time. Daily hours, services, price, insurance, and accessibility fields were not supplied by this intake.",BPS-H80-008127,Health Center Service Delivery and Look-Alike Sites,2026-06-19,2026-06-19,needs_review,
hrsa-bps-h80-018361,Open Door Mamaroneck,community_health_center,689 Mamaroneck Ave,Mamaroneck,NY,36,Westchester County,36119,10543-5910,40.95540065,-73.73841754,914-632-2737,,,,,,,,,,HRSA operating hours per week: 42.50,unknown,,,,,,,,,HRSA Health Center Service Delivery and Look-Alike Sites,https://data.hrsa.gov/DataDownload/DD_Files/Health_Center_Service_Delivery_and_LookAlike_Sites.csv,2026-06-19,"Fields copied from the official HRSA CSV: site name, address, city, state, postal code, phone, website, HRSA geocoding coordinates, county/FIPS, operating hours per week, site status, and location setting. Site status: Active. Location setting: All Other Clinic Types. Operational schedule: Unknown. Daily hours, services, price, insurance, and accessibility fields were not supplied by this intake.",BPS-H80-018361,Health Center Service Delivery and Look-Alike Sites,2026-06-19,2026-06-19,needs_review,
hrsa-bps-h80-007393,Hudson River HealthCare William Shands Health Center,community_health_center,807 Main St,Peekskill,NY,36,Westchester County,36119,10566-2040,41.29073943,-73.92391074,914-788-5251,www.hrhcare.org,,,,,,,,,HRSA operating hours per week: 12.00,unknown,,,,,,,,,HRSA Health Center Service Delivery and Look-Alike Sites,https://data.hrsa.gov/DataDownload/DD_Files/Health_Center_Service_Delivery_and_LookAlike_Sites.csv,2026-06-19,"Fields copied from the official HRSA CSV: site name, address, city, state, postal code, phone, website, HRSA geocoding coordinates, county/FIPS, operating hours per week, site status, and location setting. Site status: Active. Location setting: All Other Clinic Types. Operational schedule: Part-Time. Daily hours, services, price, insurance, and accessibility fields were not supplied by this intake.",BPS-H80-007393,Health Center Service Delivery and Look-Alike Sites,2026-06-19,2026-06-19,needs_review,
hrsa-bps-h80-018362,Callen-Lorde Bronx,community_health_center,3144 3rd Ave,Bronx,NY,36,Bronx County,36005,10451-4629,40.82223207,-73.91055971,718-215-1800,www.callen-lorde.org,,,,,,,,,HRSA operating hours per week: 52.50,unknown,,,,,,,,,HRSA Health Center Service Delivery and Look-Alike Sites,https://data.hrsa.gov/DataDownload/DD_Files/Health_Center_Service_Delivery_and_LookAlike_Sites.csv,2026-06-19,"Fields copied from the official HRSA CSV: site name, address, city, state, postal code, phone, website, HRSA geocoding coordinates, county/FIPS, operating hours per week, site status, and location setting. Site status: Active. Location setting: All Other Clinic Types. Operational schedule: Unknown. Daily hours, services, price, insurance, and accessibility fields were not supplied by this intake.",BPS-H80-018362,Health Center Service Delivery and Look-Alike Sites,2026-06-19,2026-06-19,needs_review,
hrsa-bps-h80-010673,Harmony Healthcare Long Island at Elmont,community_health_center,161 Hempstead Tpke,Elmont,NY,36,Nassau County,36059,11003-1432,40.70865775,-73.72096986,516-571-8200,www.harmonyhealthcareli.org,,,,,,,,,HRSA operating hours per week: 58.00,unknown,,,,,,,,,HRSA Health Center Service Delivery and Look-Alike Sites,https://data.hrsa.gov/DataDownload/DD_Files/Health_Center_Service_Delivery_and_LookAlike_Sites.csv,2026-06-19,"Fields copied from the official HRSA CSV: site name, address, city, state, postal code, phone, website, HRSA geocoding coordinates, county/FIPS, operating hours per week, site status, and location setting. Site status: Active. Location setting: All Other Clinic Types. Operational schedule: Full-Time. Daily hours, services, price, insurance, and accessibility fields were not supplied by this intake.",BPS-H80-010673,Health Center Service Delivery and Look-Alike Sites,2026-06-19,2026-06-19,needs_review,
hrsa-bps-h80-007873,Third Street Primary Care Clinic,community_health_center,8 E 3rd St,New York,NY,36,New York County,36061,10003-8980,40.72593603,-73.99095087,212-533-8400,,,,,,,,,,HRSA operating hours per week: 41.00,unknown,,,,,,,,,HRSA Health Center Service Delivery and Look-Alike Sites,https://data.hrsa.gov/DataDownload/DD_Files/Health_Center_Service_Delivery_and_LookAlike_Sites.csv,2026-06-19,"Fields copied from the official HRSA CSV: site name, address, city, state, postal code, phone, website, HRSA geocoding coordinates, county/FIPS, operating hours per week, site status, and location setting. Site status: Active. Location setting: All Other Clinic Types. Operational schedule: Unknown. Daily hours, services, price, insurance, and accessibility fields were not supplied by this intake.",BPS-H80-007873,Health Center Service Delivery and Look-Alike Sites,2026-06-19,2026-06-19,needs_review,
hrsa-bps-h80-040090,Jericho Road Community Health Center Vive Shelter,community_health_center,1500 Main St,Buffalo,NY,36,Erie County,36029,14209-1795,42.91412829,-78.86496202,716-340-3000,,,,,,,,,,HRSA operating hours per week: 8.00,unknown,,,,,,,,,HRSA Health Center Service Delivery and Look-Alike Sites,https://data.hrsa.gov/DataDownload/DD_Files/Health_Center_Service_Delivery_and_LookAlike_Sites.csv,2026-06-19,"Fields copied from the official HRSA CSV: site name, address, city, state, postal code, phone, website, HRSA geocoding coordinates, county/FIPS, operating hours per week, site status, and location setting. Site status: Active. Location setting: All Other Clinic Types. Operational schedule: Unknown. Daily hours, services, price, insurance, and accessibility fields were not supplied by this intake.",BPS-H80-040090,Health Center Service Delivery and Look-Alike Sites,2026-06-19,2026-06-19,needs_review,
hrsa-bps-h80-018416,Abraham Lincoln High School,community_health_center,2800 Ocean Pkwy,Brooklyn,NY,36,Kings County,36047,11235-7800,40.58186067,-73.96777835,718-333-7400,https://nyulangone.org/locations/family-health-centers-at-nyu-langone/school-health-program-family-health-centers-at-nyu-langone,,,,,,,,,HRSA operating hours per week: 40.00,unknown,,,,,,,,,HRSA Health Center Service Delivery and Look-Alike Sites,https://data.hrsa.gov/DataDownload/DD_Files/Health_Center_Service_Delivery_and_LookAlike_Sites.csv,2026-06-19,"Fields copied from the official HRSA CSV: site name, address, city, state, postal code, phone, website, HRSA geocoding coordinates, county/FIPS, operating hours per week, site status, and location setting. Site status: Active. Location setting: School. Operational schedule: Unknown. Daily hours, services, price, insurance, and accessibility fields were not supplied by this intake.",BPS-H80-018416,Health Center Service Delivery and Look-Alike Sites,2026-06-19,2026-06-19,needs_review,
hrsa-bps-h80-005473,Harry and Jeanette Weinberg Treatment Center,community_health_center,10 De Witt St,Albany,NY,36,Albany County,36001,12207-2423,42.65808676,-73.74479760,518-463-3882,www.wmyhealth.org,,,,,,,,,HRSA operating hours per week: 49.00,unknown,,,,,,,,,HRSA Health Center Service Delivery and Look-Alike Sites,https://data.hrsa.gov/DataDownload/DD_Files/Health_Center_Service_Delivery_and_LookAlike_Sites.csv,2026-06-19,"Fields copied from the official HRSA CSV: site name, address, city, state, postal code, phone, website, HRSA geocoding coordinates, county/FIPS, operating hours per week, site status, and location setting. Site status: Active. Location setting: All Other Clinic Types. Operational schedule: Full-Time. Daily hours, services, price, insurance, and accessibility fields were not supplied by this intake.",BPS-H80-005473,Health Center Service Delivery and Look-Alike Sites,2026-06-19,2026-06-19,needs_review,
hrsa-bps-h80-040445,Sun River Health 56 Bay Street 822 Program,community_health_center,56 Bay St,Staten Island,NY,36,Richmond County,36085,10301-2563,40.64072074,-74.07591446,844-400-1975,www.sunriver.org,,,,,,,,,HRSA operating hours per week: 41.00,unknown,,,,,,,,,HRSA Health Center Service Delivery and Look-Alike Sites,https://data.hrsa.gov/DataDownload/DD_Files/Health_Center_Service_Delivery_and_LookAlike_Sites.csv,2026-06-19,"Fields copied from the official HRSA CSV: site name, address, city, state, postal code, phone, website, HRSA geocoding coordinates, county/FIPS, operating hours per week, site status, and location setting. Site status: Active. Location setting: All Other Clinic Types. Operational schedule: Unknown. Daily hours, services, price, insurance, and accessibility fields were not supplied by this intake.",BPS-H80-040445,Health Center Service Delivery and Look-Alike Sites,2026-06-19,2026-06-19,needs_review,
hrsa-bps-h80-021284,Ossining AMD Middle School - SBHC,community_health_center,100 Van Cortlandt Ave,Ossining,NY,36,Westchester County,36119,10562,41.17444853,-73.85979278,914-762-2314,,,,,,,,,,HRSA operating hours per week: 40.00,unknown,,,,,,,,,HRSA Health Center Service Delivery and Look-Alike Sites,https://data.hrsa.gov/DataDownload/DD_Files/Health_Center_Service_Delivery_and_LookAlike_Sites.csv,2026-06-19,"Fields copied from the official HRSA CSV: site name, address, city, state, postal code, phone, website, HRSA geocoding coordinates, county/FIPS, operating hours per week, site status, and location setting. Site status: Active. Location setting: School. Operational schedule: Unknown. Daily hours, services, price, insurance, and accessibility fields were not supplied by this intake.",BPS-H80-021284,Health Center Service Delivery and Look-Alike Sites,2026-06-19,2026-06-19,needs_review,
hrsa-bps-h80-034118,West Farm Family Practice II,community_health_center,2175 Westchester Ave,Bronx,NY,36,Bronx County,36005,10462-4734,40.83429242,-73.85239148,718-842-8040,,,,,,,,,,HRSA operating hours per week: 45.00,unknown,,,,,,,,,HRSA Health Center Service Delivery and Look-Alike Sites,https://data.hrsa.gov/DataDownload/DD_Files/Health_Center_Service_Delivery_and_LookAlike_Sites.csv,2026-06-19,"Fields copied from the official HRSA CSV: site name, address, city, state, postal code, phone, website, HRSA geocoding coordinates, county/FIPS, operating hours per week, site status, and location setting. Site status: Active. Location setting: All Other Clinic Types. Operational schedule: Unknown. Daily hours, services, price, insurance, and accessibility fields were not supplied by this intake.",BPS-H80-034118,Health Center Service Delivery and Look-Alike Sites,2026-06-19,2026-06-19,needs_review,
hrsa-bps-h80-041688,ODA Primary Health Care Network,community_health_center,251 Wallabout St,Brooklyn,NY,36,Kings County,36047,11206-5847,40.70137043,-73.94933774,718-260-4600,,,,,,,,,,HRSA operating hours per week: 55.00,unknown,,,,,,,,,HRSA Health Center Service Delivery and Look-Alike Sites,https://data.hrsa.gov/DataDownload/DD_Files/Health_Center_Service_Delivery_and_LookAlike_Sites.csv,2026-06-19,"Fields copied from the official HRSA CSV: site name, address, city, state, postal code, phone, website, HRSA geocoding coordinates, county/FIPS, operating hours per week, site status, and location setting. Site status: Active. Location setting: All Other Clinic Types. Operational schedule: Unknown. Daily hours, services, price, insurance, and accessibility fields were not supplied by this intake.",BPS-H80-041688,Health Center Service Delivery and Look-Alike Sites,2026-06-19,2026-06-19,needs_review,
hrsa-bps-h80-005573,Comprehensive Health Care Center,community_health_center,305 E 161st St,Bronx,NY,36,Bronx County,36005,10451-3499,40.82527680,-73.91698619,718-579-2500,www.montefiore.org,,,,,,,,,HRSA operating hours per week: 45.00,unknown,,,,,,,,,HRSA Health Center Service Delivery and Look-Alike Sites,https://data.hrsa.gov/DataDownload/DD_Files/Health_Center_Service_Delivery_and_LookAlike_Sites.csv,2026-06-19,"Fields copied from the official HRSA CSV: site name, address, city, state, postal code, phone, website, HRSA geocoding coordinates, county/FIPS, operating hours per week, site status, and location setting. Site status: Active. Location setting: All Other Clinic Types. Operational schedule: Full-Time. Daily hours, services, price, insurance, and accessibility fields were not supplied by this intake.",BPS-H80-005573,Health Center Service Delivery and Look-Alike Sites,2026-06-19,2026-06-19,needs_review,
hrsa-bps-h80-019439,Phoenix Health Center,community_health_center,504 W 158th St,New York,NY,36,New York County,36061,10032-7202,40.83361424,-73.94226325,212-545-2400,http://www.chnnyc.org/,,,,,,,,,HRSA operating hours per week: 40.00,unknown,,,,,,,,,HRSA Health Center Service Delivery and Look-Alike Sites,https://data.hrsa.gov/DataDownload/DD_Files/Health_Center_Service_Delivery_and_LookAlike_Sites.csv,2026-06-19,"Fields copied from the official HRSA CSV: site name, address, city, state, postal code, phone, website, HRSA geocoding coordinates, county/FIPS, operating hours per week, site status, and location setting. Site status: Active. Location setting: School. Operational schedule: Unknown. Daily hours, services, price, insurance, and accessibility fields were not supplied by this intake.",BPS-H80-019439,Health Center Service Delivery and Look-Alike Sites,2026-06-19,2026-06-19,needs_review,
hrsa-bps-h80-014524,ODA Professionals,community_health_center,329 Hewes St,Brooklyn,NY,36,Kings County,36047,11211-7474,40.70651101,-73.95322745,718-384-3475,,,,,,,,,,HRSA operating hours per week: 44.00,unknown,,,,,,,,,HRSA Health Center Service Delivery and Look-Alike Sites,https://data.hrsa.gov/DataDownload/DD_Files/Health_Center_Service_Delivery_and_LookAlike_Sites.csv,2026-06-19,"Fields copied from the official HRSA CSV: site name, address, city, state, postal code, phone, website, HRSA geocoding coordinates, county/FIPS, operating hours per week, site status, and location setting. Site status: Active. Location setting: All Other Clinic Types. Operational schedule: Unknown. Daily hours, services, price, insurance, and accessibility fields were not supplied by this intake.",BPS-H80-014524,Health Center Service Delivery and Look-Alike Sites,2026-06-19,2026-06-19,needs_review,
hrsa-bps-h80-015077,Montefiore Med Group-Williamsbridge,community_health_center,3011 Boston Rd,Bronx,NY,36,Bronx County,36005,10469-9996,40.86999983,-73.85722239,718-547-6111,www.montefiore.org,,,,,,,,,HRSA operating hours per week: 51.50,unknown,,,,,,,,,HRSA Health Center Service Delivery and Look-Alike Sites,https://data.hrsa.gov/DataDownload/DD_Files/Health_Center_Service_Delivery_and_LookAlike_Sites.csv,2026-06-19,"Fields copied from the official HRSA CSV: site name, address, city, state, postal code, phone, website, HRSA geocoding coordinates, county/FIPS, operating hours per week, site status, and location setting. Site status: Active. Location setting: All Other Clinic Types. Operational schedule: Unknown. Daily hours, services, price, insurance, and accessibility fields were not supplied by this intake.",BPS-H80-015077,Health Center Service Delivery and Look-Alike Sites,2026-06-19,2026-06-19,needs_review,
hrsa-bps-h80-022235,Bedford Community Health Center,community_health_center,485 Throop Ave,Brooklyn,NY,36,Kings County,36047,11221-1099,40.68555399,-73.94128332,646-614-4900,,,,,,,,,,HRSA operating hours per week: 24.00,unknown,,,,,,,,,HRSA Health Center Service Delivery and Look-Alike Sites,https://data.hrsa.gov/DataDownload/DD_Files/Health_Center_Service_Delivery_and_LookAlike_Sites.csv,2026-06-19,"Fields copied from the official HRSA CSV: site name, address, city, state, postal code, phone, website, HRSA geocoding coordinates, county/FIPS, operating hours per week, site status, and location setting. Site status: Active. Location setting: All Other Clinic Types. Operational schedule: Unknown. Daily hours, services, price, insurance, and accessibility fields were not supplied by this intake.",BPS-H80-022235,Health Center Service Delivery and Look-Alike Sites,2026-06-19,2026-06-19,needs_review,
hrsa-bps-h80-036584,Long Island City High School,community_health_center,14-30 Broadway,Astoria,NY,36,Queens County,36081,11106,40.76559497,-73.93262247,718-545-7095 x5462,,,,,,,,,,HRSA operating hours per week: 40.00,unknown,,,,,,,,,HRSA Health Center Service Delivery and Look-Alike Sites,https://data.hrsa.gov/DataDownload/DD_Files/Health_Center_Service_Delivery_and_LookAlike_Sites.csv,2026-06-19,"Fields copied from the official HRSA CSV: site name, address, city, state, postal code, phone, website, HRSA geocoding coordinates, county/FIPS, operating hours per week, site status, and location setting. Site status: Active. Location setting: School. Operational schedule: Unknown. Daily hours, services, price, insurance, and accessibility fields were not supplied by this intake.",BPS-H80-036584,Health Center Service Delivery and Look-Alike Sites,2026-06-19,2026-06-19,needs_review,
hrsa-bps-lal-031698,Evergreen Health - Evergreen Commons,community_health_center,67 Prospect Ave,Buffalo,NY,36,Erie County,36029,14201-2357,42.89133673,-78.88107538,716-847-2441,www.evergreenhs.org,,,,,,,,,HRSA operating hours per week: 40.00,unknown,,,,,,,,,HRSA Health Center Service Delivery and Look-Alike Sites,https://data.hrsa.gov/DataDownload/DD_Files/Health_Center_Service_Delivery_and_LookAlike_Sites.csv,2026-06-19,"Fields copied from the official HRSA CSV: site name, address, city, state, postal code, phone, website, HRSA geocoding coordinates, county/FIPS, operating hours per week, site status, and location setting. Site status: Active. Location setting: Unknown. Operational schedule: Unknown. Daily hours, services, price, insurance, and accessibility fields were not supplied by this intake.",BPS-LAL-031698,Health Center Service Delivery and Look-Alike Sites,2026-06-19,2026-06-19,needs_review,
hrsa-bps-h80-028092,ODA Mobile,community_health_center,14 Heyward St,Brooklyn,NY,36,Kings County,36047,11249-7823,40.69969762,-73.95872304,718-260-4600,,,,,,,,,,HRSA operating hours per week: 40.00,unknown,,,,,,,,,HRSA Health Center Service Delivery and Look-Alike Sites,https://data.hrsa.gov/DataDownload/DD_Files/Health_Center_Service_Delivery_and_LookAlike_Sites.csv,2026-06-19,"Fields copied from the official HRSA CSV: site name, address, city, state, postal code, phone, website, HRSA geocoding coordinates, county/FIPS, operating hours per week, site status, and location setting. Site status: Active. Location setting: All Other Clinic Types. Operational schedule: Unknown. Daily hours, services, price, insurance, and accessibility fields were not supplied by this intake.",BPS-H80-028092,Health Center Service Delivery and Look-Alike Sites,2026-06-19,2026-06-19,needs_review,
hrsa-bps-h80-018264,Betances Health Center at Bushwick,community_health_center,1427 Broadway,Brooklyn,NY,36,Kings County,36047,11221-4202,40.68848385,-73.91998884,347-390-8701,www.betances.org,,,,,,,,,HRSA operating hours per week: 40.00,unknown,,,,,,,,,HRSA Health Center Service Delivery and Look-Alike Sites,https://data.hrsa.gov/DataDownload/DD_Files/Health_Center_Service_Delivery_and_LookAlike_Sites.csv,2026-06-19,"Fields copied from the official HRSA CSV: site name, address, city, state, postal code, phone, website, HRSA geocoding coordinates, county/FIPS, operating hours per week, site status, and location setting. Site status: Active. Location setting: All Other Clinic Types. Operational schedule: Unknown. Daily hours, services, price, insurance, and accessibility fields were not supplied by this intake.",BPS-H80-018264,Health Center Service Delivery and Look-Alike Sites,2026-06-19,2026-06-19,needs_review,
hrsa-bps-h80-009990,JHS 126 School-Based Health Center,community_health_center,424 Leonard St,Brooklyn,NY,36,Kings County,36047,11222-3908,40.71978133,-73.94847357,718-782-2527,,,,,,,,,,HRSA operating hours per week: 25.00,unknown,,,,,,,,,HRSA Health Center Service Delivery and Look-Alike Sites,https://data.hrsa.gov/DataDownload/DD_Files/Health_Center_Service_Delivery_and_LookAlike_Sites.csv,2026-06-19,"Fields copied from the official HRSA CSV: site name, address, city, state, postal code, phone, website, HRSA geocoding coordinates, county/FIPS, operating hours per week, site status, and location setting. Site status: Active. Location setting: School. Operational schedule: Full-Time. Daily hours, services, price, insurance, and accessibility fields were not supplied by this intake.",BPS-H80-009990,Health Center Service Delivery and Look-Alike Sites,2026-06-19,2026-06-19,needs_review,
hrsa-bps-h80-021834,Greenpoint Health Center,community_health_center,875 Manhattan Ave,Brooklyn,NY,36,Kings County,36047,11222-2227,40.72962788,-73.95431106,718-388-5889,,,,,,,,,,HRSA operating hours per week: 42.50,unknown,,,,,,,,,HRSA Health Center Service Delivery and Look-Alike Sites,https://data.hrsa.gov/DataDownload/DD_Files/Health_Center_Service_Delivery_and_LookAlike_Sites.csv,2026-06-19,"Fields copied from the official HRSA CSV: site name, address, city, state, postal code, phone, website, HRSA geocoding coordinates, county/FIPS, operating hours per week, site status, and location setting. Site status: Active. Location setting: All Other Clinic Types. Operational schedule: Unknown. Daily hours, services, price, insurance, and accessibility fields were not supplied by this intake.",BPS-H80-021834,Health Center Service Delivery and Look-Alike Sites,2026-06-19,2026-06-19,needs_review,
hrsa-bps-h80-020985,Wards Island Family Health Center,community_health_center,13 Hell Gate Cir,New York,NY,36,New York County,36061,10035-6602,40.78512073,-73.92794905,347-201-4669,,,,,,,,,,HRSA operating hours per week: 40.00,unknown,,,,,,,,,HRSA Health Center Service Delivery and Look-Alike Sites,https://data.hrsa.gov/DataDownload/DD_Files/Health_Center_Service_Delivery_and_LookAlike_Sites.csv,2026-06-19,"Fields copied from the official HRSA CSV: site name, address, city, state, postal code, phone, website, HRSA geocoding coordinates, county/FIPS, operating hours per week, site status, and location setting. Site status: Active. Location setting: All Other Clinic Types. Operational schedule: Unknown. Daily hours, services, price, insurance, and accessibility fields were not supplied by this intake.",BPS-H80-020985,Health Center Service Delivery and Look-Alike Sites,2026-06-19,2026-06-19,needs_review,
hrsa-bps-h80-037817,PS 105- The Blythebourne School,community_health_center,1031 59th St # 253,Brooklyn,NY,36,Kings County,36047,11219-4825,40.63297063,-74.00376253,718-438-3230,,,,,,,,,,HRSA operating hours per week: 32.00,unknown,,,,,,,,,HRSA Health Center Service Delivery and Look-Alike Sites,https://data.hrsa.gov/DataDownload/DD_Files/Health_Center_Service_Delivery_and_LookAlike_Sites.csv,2026-06-19,"Fields copied from the official HRSA CSV: site name, address, city, state, postal code, phone, website, HRSA geocoding coordinates, county/FIPS, operating hours per week, site status, and location setting. Site status: Active. Location setting: School. Operational schedule: Unknown. Daily hours, services, price, insurance, and accessibility fields were not supplied by this intake.",BPS-H80-037817,Health Center Service Delivery and Look-Alike Sites,2026-06-19,2026-06-19,needs_review,
hrsa-bps-h80-021423,P.S. 335/M.S. 898,community_health_center,130 Rochester Ave,Brooklyn,NY,36,Kings County,36047,11213-2429,40.67452890,-73.92798107,718-493-7736,,,,,,,,,,HRSA operating hours per week: 48.00,unknown,,,,,,,,,HRSA Health Center Service Delivery and Look-Alike Sites,https://data.hrsa.gov/DataDownload/DD_Files/Health_Center_Service_Delivery_and_LookAlike_Sites.csv,2026-06-19,"Fields copied from the official HRSA CSV: site name, address, city, state, postal code, phone, website, HRSA geocoding coordinates, county/FIPS, operating hours per week, site status, and location setting. Site status: Active. Location setting: School. Operational schedule: Unknown. Daily hours, services, price, insurance, and accessibility fields were not supplied by this intake.",BPS-H80-021423,Health Center Service Delivery and Look-Alike Sites,2026-06-19,2026-06-19,needs_review,
hrsa-bps-h80-039322,Jordan Health Pharmacy,community_health_center,82 Holland St UNIT 100,Rochester,NY,36,Monroe County,36055,14605-2131,43.16917527,-77.60219118,585-784-5918,,,,,,,,,,HRSA operating hours per week: 40.00,unknown,,,,,,,,,HRSA Health Center Service Delivery and Look-Alike Sites,https://data.hrsa.gov/DataDownload/DD_Files/Health_Center_Service_Delivery_and_LookAlike_Sites.csv,2026-06-19,"Fields copied from the official HRSA CSV: site name, address, city, state, postal code, phone, website, HRSA geocoding coordinates, county/FIPS, operating hours per week, site status, and location setting. Site status: Active. Location setting: All Other Clinic Types. Operational schedule: Unknown. Daily hours, services, price, insurance, and accessibility fields were not supplied by this intake.",BPS-H80-039322,Health Center Service Delivery and Look-Alike Sites,2026-06-19,2026-06-19,needs_review,
hrsa-bps-h80-000430,PS 396/ MS390,community_health_center,1930 Andrews Ave,Bronx,NY,36,Bronx County,36005,10453-3099,40.85457067,-73.91314066,718-299-6280,www.mhhc.org,,,,,,,,,HRSA operating hours per week: 40.00,unknown,,,,,,,,,HRSA Health Center Service Delivery and Look-Alike Sites,https://data.hrsa.gov/DataDownload/DD_Files/Health_Center_Service_Delivery_and_LookAlike_Sites.csv,2026-06-19,"Fields copied from the official HRSA CSV: site name, address, city, state, postal code, phone, website, HRSA geocoding coordinates, county/FIPS, operating hours per week, site status, and location setting. Site status: Active. Location setting: School. Operational schedule: Full-Time. Daily hours, services, price, insurance, and accessibility fields were not supplied by this intake.",BPS-H80-000430,Health Center Service Delivery and Look-Alike Sites,2026-06-19,2026-06-19,needs_review,
hrsa-bps-h80-039990,Lowville Family Health Center,community_health_center,5402 Dayan St,Lowville,NY,36,Lewis County,36049,13367-1100,43.78634478,-75.49313042,315-376-4600,,,,,,,,,,HRSA operating hours per week: 43.75,unknown,,,,,,,,,HRSA Health Center Service Delivery and Look-Alike Sites,https://data.hrsa.gov/DataDownload/DD_Files/Health_Center_Service_Delivery_and_LookAlike_Sites.csv,2026-06-19,"Fields copied from the official HRSA CSV: site name, address, city, state, postal code, phone, website, HRSA geocoding coordinates, county/FIPS, operating hours per week, site status, and location setting. Site status: Active. Location setting: All Other Clinic Types. Operational schedule: Unknown. Daily hours, services, price, insurance, and accessibility fields were not supplied by this intake.",BPS-H80-039990,Health Center Service Delivery and Look-Alike Sites,2026-06-19,2026-06-19,needs_review,
hrsa-bps-h80-008183,Joseph P. Addabbo Family Health Center at Sutphin Blvd.,community_health_center,114-39 Sutphin Blvd,Jamaica,NY,36,Queens County,36081,11434,40.68531750,-73.79274929,718-945-7150,www.addabbo.org,,,,,,,,,HRSA operating hours per week: 43.00,unknown,,,,,,,,,HRSA Health Center Service Delivery and Look-Alike Sites,https://data.hrsa.gov/DataDownload/DD_Files/Health_Center_Service_Delivery_and_LookAlike_Sites.csv,2026-06-19,"Fields copied from the official HRSA CSV: site name, address, city, state, postal code, phone, website, HRSA geocoding coordinates, county/FIPS, operating hours per week, site status, and location setting. Site status: Active. Location setting: All Other Clinic Types. Operational schedule: Full-Time. Daily hours, services, price, insurance, and accessibility fields were not supplied by this intake.",BPS-H80-008183,Health Center Service Delivery and Look-Alike Sites,2026-06-19,2026-06-19,needs_review,
hrsa-bps-h80-014509,Boriken Neighborhood Health Center,community_health_center,2265 3rd Ave,New York,NY,36,New York County,36061,10035-2231,40.80243083,-73.93634269,212-289-6650 x21265,,,,,,,,,,HRSA operating hours per week: 55.00,unknown,,,,,,,,,HRSA Health Center Service Delivery and Look-Alike Sites,https://data.hrsa.gov/DataDownload/DD_Files/Health_Center_Service_Delivery_and_LookAlike_Sites.csv,2026-06-19,"Fields copied from the official HRSA CSV: site name, address, city, state, postal code, phone, website, HRSA geocoding coordinates, county/FIPS, operating hours per week, site status, and location setting. Site status: Active. Location setting: All Other Clinic Types. Operational schedule: Unknown. Daily hours, services, price, insurance, and accessibility fields were not supplied by this intake.",BPS-H80-014509,Health Center Service Delivery and Look-Alike Sites,2026-06-19,2026-06-19,needs_review,
hrsa-bps-h80-027173,Oak Orchard Community Health Center - Hornell,community_health_center,"7309 Seneca Rd N, Suite 112",Hornell,NY,36,Steuben County,36101,14843-9691,42.35499341,-77.66323222,607-590-2424,www.oakorchardhealth.org,,,,,,,,,HRSA operating hours per week: 61.00,unknown,,,,,,,,,HRSA Health Center Service Delivery and Look-Alike Sites,https://data.hrsa.gov/DataDownload/DD_Files/Health_Center_Service_Delivery_and_LookAlike_Sites.csv,2026-06-19,"Fields copied from the official HRSA CSV: site name, address, city, state, postal code, phone, website, HRSA geocoding coordinates, county/FIPS, operating hours per week, site status, and location setting. Site status: Active. Location setting: All Other Clinic Types. Operational schedule: Unknown. Daily hours, services, price, insurance, and accessibility fields were not supplied by this intake.",BPS-H80-027173,Health Center Service Delivery and Look-Alike Sites,2026-06-19,2026-06-19,needs_review,
hrsa-bps-h80-010915,Neighborhood Health Center Mattina,community_health_center,300 Niagara St,Buffalo,NY,36,Erie County,36029,14201-2135,42.89206444,-78.88399045,716-875-2904,nwbchcc.org,,,,,,,,,HRSA operating hours per week: 49.50,unknown,,,,,,,,,HRSA Health Center Service Delivery and Look-Alike Sites,https://data.hrsa.gov/DataDownload/DD_Files/Health_Center_Service_Delivery_and_LookAlike_Sites.csv,2026-06-19,"Fields copied from the official HRSA CSV: site name, address, city, state, postal code, phone, website, HRSA geocoding coordinates, county/FIPS, operating hours per week, site status, and location setting. Site status: Active. Location setting: All Other Clinic Types. Operational schedule: Full-Time. Daily hours, services, price, insurance, and accessibility fields were not supplied by this intake.",BPS-H80-010915,Health Center Service Delivery and Look-Alike Sites,2026-06-19,2026-06-19,needs_review,
hrsa-bps-h80-021486,Morris High School Campus,community_health_center,1110 Boston Rd,Bronx,NY,36,Bronx County,36005,10456-5390,40.82726981,-73.90454510,718-542-3700,www.macsx297.org,,,,,,,,,HRSA operating hours per week: 40.50,unknown,,,,,,,,,HRSA Health Center Service Delivery and Look-Alike Sites,https://data.hrsa.gov/DataDownload/DD_Files/Health_Center_Service_Delivery_and_LookAlike_Sites.csv,2026-06-19,"Fields copied from the official HRSA CSV: site name, address, city, state, postal code, phone, website, HRSA geocoding coordinates, county/FIPS, operating hours per week, site status, and location setting. Site status: Active. Location setting: School. Operational schedule: Unknown. Daily hours, services, price, insurance, and accessibility fields were not supplied by this intake.",BPS-H80-021486,Health Center Service Delivery and Look-Alike Sites,2026-06-19,2026-06-19,needs_review,
hrsa-bps-h80-021983,South Queens Community Health Center,community_health_center,11420 Guy R Brewer Blvd,Jamaica,NY,36,Queens County,36081,11434-1234,40.68816428,-73.78539605,718-883-6699,,,,,,,,,,HRSA operating hours per week: 45.00,unknown,,,,,,,,,HRSA Health Center Service Delivery and Look-Alike Sites,https://data.hrsa.gov/DataDownload/DD_Files/Health_Center_Service_Delivery_and_LookAlike_Sites.csv,2026-06-19,"Fields copied from the official HRSA CSV: site name, address, city, state, postal code, phone, website, HRSA geocoding coordinates, county/FIPS, operating hours per week, site status, and location setting. Site status: Active. Location setting: All Other Clinic Types. Operational schedule: Unknown. Daily hours, services, price, insurance, and accessibility fields were not supplied by this intake.",BPS-H80-021983,Health Center Service Delivery and Look-Alike Sites,2026-06-19,2026-06-19,needs_review,
hrsa-bps-h80-030182,52nd Street Health Center,community_health_center,427 W 52nd St,New York,NY,36,New York County,36061,10019-5605,40.76547695,-73.98924038,215-359-2811,,,,,,,,,,HRSA operating hours per week: 45.00,unknown,,,,,,,,,HRSA Health Center Service Delivery and Look-Alike Sites,https://data.hrsa.gov/DataDownload/DD_Files/Health_Center_Service_Delivery_and_LookAlike_Sites.csv,2026-06-19,"Fields copied from the official HRSA CSV: site name, address, city, state, postal code, phone, website, HRSA geocoding coordinates, county/FIPS, operating hours per week, site status, and location setting. Site status: Active. Location setting: All Other Clinic Types. Operational schedule: Unknown. Daily hours, services, price, insurance, and accessibility fields were not supplied by this intake.",BPS-H80-030182,Health Center Service Delivery and Look-Alike Sites,2026-06-19,2026-06-19,needs_review,
hrsa-bps-h80-000523,BENJAMIN BANNEKER ACADEMY SBH,community_health_center,77 Clinton Ave,Brooklyn,NY,36,Kings County,36047,11205-2302,40.69541539,-73.96910353,718-834-2981,Not applicable,,,,,,,,,HRSA operating hours per week: 40.00,unknown,,,,,,,,,HRSA Health Center Service Delivery and Look-Alike Sites,https://data.hrsa.gov/DataDownload/DD_Files/Health_Center_Service_Delivery_and_LookAlike_Sites.csv,2026-06-19,"Fields copied from the official HRSA CSV: site name, address, city, state, postal code, phone, website, HRSA geocoding coordinates, county/FIPS, operating hours per week, site status, and location setting. Site status: Active. Location setting: School. Operational schedule: Full-Time. Daily hours, services, price, insurance, and accessibility fields were not supplied by this intake.",BPS-H80-000523,Health Center Service Delivery and Look-Alike Sites,2026-06-19,2026-06-19,needs_review,
hrsa-bps-h80-039501,Trillium Health Mobile Access Clinic (MAC),community_health_center,170 Science Pkwy,Rochester,NY,36,Monroe County,36055,14620-4251,43.11873243,-77.61241048,585-545-7200,https://www.trilliumhealth.org/,,,,,,,,,HRSA operating hours per week: 20.00,unknown,,,,,,,,,HRSA Health Center Service Delivery and Look-Alike Sites,https://data.hrsa.gov/DataDownload/DD_Files/Health_Center_Service_Delivery_and_LookAlike_Sites.csv,2026-06-19,"Fields copied from the official HRSA CSV: site name, address, city, state, postal code, phone, website, HRSA geocoding coordinates, county/FIPS, operating hours per week, site status, and location setting. Site status: Active. Location setting: All Other Clinic Types. Operational schedule: Unknown. Daily hours, services, price, insurance, and accessibility fields were not supplied by this intake.",BPS-H80-039501,Health Center Service Delivery and Look-Alike Sites,2026-06-19,2026-06-19,needs_review,
hrsa-bps-h80-000534,CALLEN LORDE COMMUNITY HEALTH CENTER,community_health_center,356 W 18th St,New York,NY,36,New York County,36061,10011-4462,40.74304651,-74.00312299,212-271-7200,www.lmcmc.com,,,,,,,,,HRSA operating hours per week: 40.00,unknown,,,,,,,,,HRSA Health Center Service Delivery and Look-Alike Sites,https://data.hrsa.gov/DataDownload/DD_Files/Health_Center_Service_Delivery_and_LookAlike_Sites.csv,2026-06-19,"Fields copied from the official HRSA CSV: site name, address, city, state, postal code, phone, website, HRSA geocoding coordinates, county/FIPS, operating hours per week, site status, and location setting. Site status: Active. Location setting: All Other Clinic Types. Operational schedule: Full-Time. Daily hours, services, price, insurance, and accessibility fields were not supplied by this intake.",BPS-H80-000534,Health Center Service Delivery and Look-Alike Sites,2026-06-19,2026-06-19,needs_review,
hrsa-bps-h80-018465,Ezra Medical Women's and Family Health Center,community_health_center,1260 60th St,Brooklyn,NY,36,Kings County,36047,11219-4976,40.62926256,-73.99943822,718-741-7100,,,,,,,,,,HRSA operating hours per week: 51.00,unknown,,,,,,,,,HRSA Health Center Service Delivery and Look-Alike Sites,https://data.hrsa.gov/DataDownload/DD_Files/Health_Center_Service_Delivery_and_LookAlike_Sites.csv,2026-06-19,"Fields copied from the official HRSA CSV: site name, address, city, state, postal code, phone, website, HRSA geocoding coordinates, county/FIPS, operating hours per week, site status, and location setting. Site status: Active. Location setting: All Other Clinic Types. Operational schedule: Unknown. Daily hours, services, price, insurance, and accessibility fields were not supplied by this intake.",BPS-H80-018465,Health Center Service Delivery and Look-Alike Sites,2026-06-19,2026-06-19,needs_review,
hrsa-bps-h80-013572,BronxCare Dental Services,community_health_center,1775 Grand Concourse,Bronx,NY,36,Bronx County,36005,10453-8202,40.84635280,-73.91003039,718-901-8400,,,,,,,,,,HRSA operating hours per week: 46.00,unknown,,,,,,,,,HRSA Health Center Service Delivery and Look-Alike Sites,https://data.hrsa.gov/DataDownload/DD_Files/Health_Center_Service_Delivery_and_LookAlike_Sites.csv,2026-06-19,"Fields copied from the official HRSA CSV: site name, address, city, state, postal code, phone, website, HRSA geocoding coordinates, county/FIPS, operating hours per week, site status, and location setting. Site status: Active. Location setting: All Other Clinic Types. Operational schedule: Full-Time. Daily hours, services, price, insurance, and accessibility fields were not supplied by this intake.",BPS-H80-013572,Health Center Service Delivery and Look-Alike Sites,2026-06-19,2026-06-19,needs_review,
hrsa-bps-h80-008770,"Bedford Stuyvesant Family Health Center, Inc.",community_health_center,1456 Fulton St,Brooklyn,NY,36,Kings County,36047,11216-2505,40.67989751,-73.94263532,718-636-4500,www.bsfhc.org,,,,,,,,,HRSA operating hours per week: 65.00,unknown,,,,,,,,,HRSA Health Center Service Delivery and Look-Alike Sites,https://data.hrsa.gov/DataDownload/DD_Files/Health_Center_Service_Delivery_and_LookAlike_Sites.csv,2026-06-19,"Fields copied from the official HRSA CSV: site name, address, city, state, postal code, phone, website, HRSA geocoding coordinates, county/FIPS, operating hours per week, site status, and location setting. Site status: Active. Location setting: All Other Clinic Types. Operational schedule: Full-Time. Daily hours, services, price, insurance, and accessibility fields were not supplied by this intake.",BPS-H80-008770,Health Center Service Delivery and Look-Alike Sites,2026-06-19,2026-06-19,needs_review,
hrsa-bps-h80-036862,Pine Street Family Health Center,community_health_center,140 Pine St,Kingston,NY,36,Ulster County,36111,12401-4948,41.92955445,-74.01352158,844-434-2778,www.institute.org,,,,,,,,,HRSA operating hours per week: 52.00,unknown,,,,,,,,,HRSA Health Center Service Delivery and Look-Alike Sites,https://data.hrsa.gov/DataDownload/DD_Files/Health_Center_Service_Delivery_and_LookAlike_Sites.csv,2026-06-19,"Fields copied from the official HRSA CSV: site name, address, city, state, postal code, phone, website, HRSA geocoding coordinates, county/FIPS, operating hours per week, site status, and location setting. Site status: Active. Location setting: All Other Clinic Types. Operational schedule: Unknown. Daily hours, services, price, insurance, and accessibility fields were not supplied by this intake.",BPS-H80-036862,Health Center Service Delivery and Look-Alike Sites,2026-06-19,2026-06-19,needs_review,
hrsa-bps-h80-036977,500 Central WYH Services,community_health_center,500 Central Ave STE 101,Albany,NY,36,Albany County,36001,12206-2213,42.66950521,-73.77848681,518-465-4771,,,,,,,,,,HRSA operating hours per week: 40.00,unknown,,,,,,,,,HRSA Health Center Service Delivery and Look-Alike Sites,https://data.hrsa.gov/DataDownload/DD_Files/Health_Center_Service_Delivery_and_LookAlike_Sites.csv,2026-06-19,"Fields copied from the official HRSA CSV: site name, address, city, state, postal code, phone, website, HRSA geocoding coordinates, county/FIPS, operating hours per week, site status, and location setting. Site status: Active. Location setting: All Other Clinic Types. Operational schedule: Unknown. Daily hours, services, price, insurance, and accessibility fields were not supplied by this intake.",BPS-H80-036977,Health Center Service Delivery and Look-Alike Sites,2026-06-19,2026-06-19,needs_review,
hrsa-bps-h80-041343,Malone Family Health,community_health_center,24 Fourth St,Malone,NY,36,Franklin County,36033,12953-1358,44.85758830,-74.29134420,518-824-2562,www.hhhn.org,,,,,,,,,HRSA operating hours per week: 45.00,unknown,,,,,,,,,HRSA Health Center Service Delivery and Look-Alike Sites,https://data.hrsa.gov/DataDownload/DD_Files/Health_Center_Service_Delivery_and_LookAlike_Sites.csv,2026-06-19,"Fields copied from the official HRSA CSV: site name, address, city, state, postal code, phone, website, HRSA geocoding coordinates, county/FIPS, operating hours per week, site status, and location setting. Site status: Active. Location setting: All Other Clinic Types. Operational schedule: Unknown. Daily hours, services, price, insurance, and accessibility fields were not supplied by this intake.",BPS-H80-041343,Health Center Service Delivery and Look-Alike Sites,2026-06-19,2026-06-19,needs_review,
hrsa-bps-h80-034886,Sun River Health Richmond Hill,community_health_center,110-20 Jamaica Ave,Richmond Hill,NY,36,Queens County,36081,11418,40.69642436,-73.83732978,718-850-4644,www.sunriver.org,,,,,,,,,HRSA operating hours per week: 40.50,unknown,,,,,,,,,HRSA Health Center Service Delivery and Look-Alike Sites,https://data.hrsa.gov/DataDownload/DD_Files/Health_Center_Service_Delivery_and_LookAlike_Sites.csv,2026-06-19,"Fields copied from the official HRSA CSV: site name, address, city, state, postal code, phone, website, HRSA geocoding coordinates, county/FIPS, operating hours per week, site status, and location setting. Site status: Active. Location setting: All Other Clinic Types. Operational schedule: Unknown. Daily hours, services, price, insurance, and accessibility fields were not supplied by this intake.",BPS-H80-034886,Health Center Service Delivery and Look-Alike Sites,2026-06-19,2026-06-19,needs_review,
hrsa-bps-h80-000628,BMS @ Bristol,community_health_center,259 Bristol St,Brooklyn,NY,36,Kings County,36047,11212-5598,40.66480681,-73.91128885,718-345-5000,www.bmsfhc.org,,,,,,,,,HRSA operating hours per week: 43.50,unknown,,,,,,,,,HRSA Health Center Service Delivery and Look-Alike Sites,https://data.hrsa.gov/DataDownload/DD_Files/Health_Center_Service_Delivery_and_LookAlike_Sites.csv,2026-06-19,"Fields copied from the official HRSA CSV: site name, address, city, state, postal code, phone, website, HRSA geocoding coordinates, county/FIPS, operating hours per week, site status, and location setting. Site status: Active. Location setting: All Other Clinic Types. Operational schedule: Full-Time. Daily hours, services, price, insurance, and accessibility fields were not supplied by this intake.",BPS-H80-000628,Health Center Service Delivery and Look-Alike Sites,2026-06-19,2026-06-19,needs_review,
hrsa-bps-h80-012192,St. Lawrence Community Health Center,community_health_center,1766 Westchester Ave,Bronx,NY,36,Bronx County,36005,10472-3022,40.83126802,-73.86772701,718-991-4833,www.urbanhealthplan.org,,,,,,,,,HRSA operating hours per week: 49.00,unknown,,,,,,,,,HRSA Health Center Service Delivery and Look-Alike Sites,https://data.hrsa.gov/DataDownload/DD_Files/Health_Center_Service_Delivery_and_LookAlike_Sites.csv,2026-06-19,"Fields copied from the official HRSA CSV: site name, address, city, state, postal code, phone, website, HRSA geocoding coordinates, county/FIPS, operating hours per week, site status, and location setting. Site status: Active. Location setting: All Other Clinic Types. Operational schedule: Full-Time. Daily hours, services, price, insurance, and accessibility fields were not supplied by this intake.",BPS-H80-012192,Health Center Service Delivery and Look-Alike Sites,2026-06-19,2026-06-19,needs_review,
hrsa-bps-h80-013208,MHHC at Melrose,community_health_center,779 Melrose Ave,Bronx,NY,36,Bronx County,36005,10451-4440,40.82219762,-73.91509423,718-716-4400,www.mhhc.org,,,,,,,,,HRSA operating hours per week: 39.00,unknown,,,,,,,,,HRSA Health Center Service Delivery and Look-Alike Sites,https://data.hrsa.gov/DataDownload/DD_Files/Health_Center_Service_Delivery_and_LookAlike_Sites.csv,2026-06-19,"Fields copied from the official HRSA CSV: site name, address, city, state, postal code, phone, website, HRSA geocoding coordinates, county/FIPS, operating hours per week, site status, and location setting. Site status: Active. Location setting: All Other Clinic Types. Operational schedule: Full-Time. Daily hours, services, price, insurance, and accessibility fields were not supplied by this intake.",BPS-H80-013208,Health Center Service Delivery and Look-Alike Sites,2026-06-19,2026-06-19,needs_review,
hrsa-bps-h80-027505,Neighborhood Health Center Mobile,community_health_center,155 Lawn Ave,Buffalo,NY,36,Erie County,36029,14207-1899,42.95026100,-78.88793137,716-875-2904,,,,,,,,,,HRSA operating hours per week: 40.00,unknown,,,,,,,,,HRSA Health Center Service Delivery and Look-Alike Sites,https://data.hrsa.gov/DataDownload/DD_Files/Health_Center_Service_Delivery_and_LookAlike_Sites.csv,2026-06-19,"Fields copied from the official HRSA CSV: site name, address, city, state, postal code, phone, website, HRSA geocoding coordinates, county/FIPS, operating hours per week, site status, and location setting. Site status: Active. Location setting: All Other Clinic Types. Operational schedule: Unknown. Daily hours, services, price, insurance, and accessibility fields were not supplied by this intake.",BPS-H80-027505,Health Center Service Delivery and Look-Alike Sites,2026-06-19,2026-06-19,needs_review,
hrsa-bps-h80-000645,PUBLIC SCHOOL#155-SBHC,community_health_center,319 E 117th St,New York,NY,36,New York County,36061,10035-4999,40.79738501,-73.93629315,212-650-4908,www.boriken.org,,,,,,,,,HRSA operating hours per week: 40.00,unknown,,,,,,,,,HRSA Health Center Service Delivery and Look-Alike Sites,https://data.hrsa.gov/DataDownload/DD_Files/Health_Center_Service_Delivery_and_LookAlike_Sites.csv,2026-06-19,"Fields copied from the official HRSA CSV: site name, address, city, state, postal code, phone, website, HRSA geocoding coordinates, county/FIPS, operating hours per week, site status, and location setting. Site status: Active. Location setting: School. Operational schedule: Full-Time. Daily hours, services, price, insurance, and accessibility fields were not supplied by this intake.",BPS-H80-000645,Health Center Service Delivery and Look-Alike Sites,2026-06-19,2026-06-19,needs_review,
hrsa-bps-h80-012785,East New York Community Health Center,community_health_center,2640 Pitkin Ave,Brooklyn,NY,36,Kings County,36047,11208-2763,40.67479666,-73.87472565,718-277-0386,http://www.housingworks.org/locations/detail/east-new-york-community-health-center/,,,,,,,,,HRSA operating hours per week: 52.00,unknown,,,,,,,,,HRSA Health Center Service Delivery and Look-Alike Sites,https://data.hrsa.gov/DataDownload/DD_Files/Health_Center_Service_Delivery_and_LookAlike_Sites.csv,2026-06-19,"Fields copied from the official HRSA CSV: site name, address, city, state, postal code, phone, website, HRSA geocoding coordinates, county/FIPS, operating hours per week, site status, and location setting. Site status: Active. Location setting: All Other Clinic Types. Operational schedule: Full-Time. Daily hours, services, price, insurance, and accessibility fields were not supplied by this intake.",BPS-H80-012785,Health Center Service Delivery and Look-Alike Sites,2026-06-19,2026-06-19,needs_review,
hrsa-bps-h80-015506,Cumberland Diagnostic and Treatment Center,community_health_center,100 N Portland Ave,Brooklyn,NY,36,Kings County,36047,11205-2005,40.69523832,-73.97636729,718-260-7835,www.gothamhealth.org,,,,,,,,,HRSA operating hours per week: 65.00,unknown,,,,,,,,,HRSA Health Center Service Delivery and Look-Alike Sites,https://data.hrsa.gov/DataDownload/DD_Files/Health_Center_Service_Delivery_and_LookAlike_Sites.csv,2026-06-19,"Fields copied from the official HRSA CSV: site name, address, city, state, postal code, phone, website, HRSA geocoding coordinates, county/FIPS, operating hours per week, site status, and location setting. Site status: Active. Location setting: All Other Clinic Types. Operational schedule: Unknown. Daily hours, services, price, insurance, and accessibility fields were not supplied by this intake.",BPS-H80-015506,Health Center Service Delivery and Look-Alike Sites,2026-06-19,2026-06-19,needs_review,
hrsa-bps-h80-000767,FAMILY PRACTICE CENTER OF HYDE PARK,community_health_center,11 Crum Elbow Rd,Hyde Park,NY,36,Dutchess County,36027,12538-2852,41.78919286,-73.91200592,845-229-1020,www.institute2000.org,,,,,,,,,HRSA operating hours per week: 47.00,unknown,,,,,,,,,HRSA Health Center Service Delivery and Look-Alike Sites,https://data.hrsa.gov/DataDownload/DD_Files/Health_Center_Service_Delivery_and_LookAlike_Sites.csv,2026-06-19,"Fields copied from the official HRSA CSV: site name, address, city, state, postal code, phone, website, HRSA geocoding coordinates, county/FIPS, operating hours per week, site status, and location setting. Site status: Active. Location setting: All Other Clinic Types. Operational schedule: Full-Time. Daily hours, services, price, insurance, and accessibility fields were not supplied by this intake.",BPS-H80-000767,Health Center Service Delivery and Look-Alike Sites,2026-06-19,2026-06-19,needs_review,
hrsa-bps-h80-017465,The Nest Community Health Center,community_health_center,169 W 133rd St,New York,NY,36,New York County,36061,10030-3301,40.81393336,-73.94392706,917-804-0502,https://www.harlemunited.org/,,,,,,,,,HRSA operating hours per week: 50.00,unknown,,,,,,,,,HRSA Health Center Service Delivery and Look-Alike Sites,https://data.hrsa.gov/DataDownload/DD_Files/Health_Center_Service_Delivery_and_LookAlike_Sites.csv,2026-06-19,"Fields copied from the official HRSA CSV: site name, address, city, state, postal code, phone, website, HRSA geocoding coordinates, county/FIPS, operating hours per week, site status, and location setting. Site status: Active. Location setting: All Other Clinic Types. Operational schedule: Unknown. Daily hours, services, price, insurance, and accessibility fields were not supplied by this intake.",BPS-H80-017465,Health Center Service Delivery and Look-Alike Sites,2026-06-19,2026-06-19,needs_review,
hrsa-bps-h80-021422,JHS 62 Ditmas,community_health_center,700 Cortelyou Rd,Brooklyn,NY,36,Kings County,36047,11218-4806,40.63858206,-73.97124125,718-941-5450,,,,,,,,,,HRSA operating hours per week: 48.00,unknown,,,,,,,,,HRSA Health Center Service Delivery and Look-Alike Sites,https://data.hrsa.gov/DataDownload/DD_Files/Health_Center_Service_Delivery_and_LookAlike_Sites.csv,2026-06-19,"Fields copied from the official HRSA CSV: site name, address, city, state, postal code, phone, website, HRSA geocoding coordinates, county/FIPS, operating hours per week, site status, and location setting. Site status: Active. Location setting: School. Operational schedule: Unknown. Daily hours, services, price, insurance, and accessibility fields were not supplied by this intake.",BPS-H80-021422,Health Center Service Delivery and Look-Alike Sites,2026-06-19,2026-06-19,needs_review,
hrsa-bps-h80-000878,MOUNT HOPE FAMILY PRACTICE,community_health_center,130 W Tremont Ave,Bronx,NY,36,Bronx County,36005,10453-5436,40.84993338,-73.91450314,718-583-9000,www.institute2000.org,,,,,,,,,HRSA operating hours per week: 46.00,unknown,,,,,,,,,HRSA Health Center Service Delivery and Look-Alike Sites,https://data.hrsa.gov/DataDownload/DD_Files/Health_Center_Service_Delivery_and_LookAlike_Sites.csv,2026-06-19,"Fields copied from the official HRSA CSV: site name, address, city, state, postal code, phone, website, HRSA geocoding coordinates, county/FIPS, operating hours per week, site status, and location setting. Site status: Active. Location setting: All Other Clinic Types. Operational schedule: Full-Time. Daily hours, services, price, insurance, and accessibility fields were not supplied by this intake.",BPS-H80-000878,Health Center Service Delivery and Look-Alike Sites,2026-06-19,2026-06-19,needs_review,
hrsa-bps-h80-010603,CHCB Benwood,community_health_center,34 Benwood Ave,Buffalo,NY,36,Erie County,36029,14214-1761,42.94197779,-78.83420178,716-986-9199,www.chcb.net,,,,,,,,,HRSA operating hours per week: 65.00,unknown,,,,,,,,,HRSA Health Center Service Delivery and Look-Alike Sites,https://data.hrsa.gov/DataDownload/DD_Files/Health_Center_Service_Delivery_and_LookAlike_Sites.csv,2026-06-19,"Fields copied from the official HRSA CSV: site name, address, city, state, postal code, phone, website, HRSA geocoding coordinates, county/FIPS, operating hours per week, site status, and location setting. Site status: Active. Location setting: All Other Clinic Types. Operational schedule: Full-Time. Daily hours, services, price, insurance, and accessibility fields were not supplied by this intake.",BPS-H80-010603,Health Center Service Delivery and Look-Alike Sites,2026-06-19,2026-06-19,needs_review,
hrsa-bps-h80-009978,PS 179/369 School Based Health Center,community_health_center,468 E 140th St,Bronx,NY,36,Bronx County,36005,10454-2752,40.80940722,-73.91987284,718-292-2237,,,,,,,,,,HRSA operating hours per week: 40.00,unknown,,,,,,,,,HRSA Health Center Service Delivery and Look-Alike Sites,https://data.hrsa.gov/DataDownload/DD_Files/Health_Center_Service_Delivery_and_LookAlike_Sites.csv,2026-06-19,"Fields copied from the official HRSA CSV: site name, address, city, state, postal code, phone, website, HRSA geocoding coordinates, county/FIPS, operating hours per week, site status, and location setting. Site status: Active. Location setting: School. Operational schedule: Full-Time. Daily hours, services, price, insurance, and accessibility fields were not supplied by this intake.",BPS-H80-009978,Health Center Service Delivery and Look-Alike Sites,2026-06-19,2026-06-19,needs_review,
hrsa-bps-h80-014872,PS 288,community_health_center,2950 W 25th St,Brooklyn,NY,36,Kings County,36047,11224-2382,40.57430464,-73.99209559,718-449-8000,https://nyulangone.org/locations/family-health-centers-at-nyu-langone/school-health-program-family-health-centers-at-nyu-langone,,,,,,,,,HRSA operating hours per week: 48.00,unknown,,,,,,,,,HRSA Health Center Service Delivery and Look-Alike Sites,https://data.hrsa.gov/DataDownload/DD_Files/Health_Center_Service_Delivery_and_LookAlike_Sites.csv,2026-06-19,"Fields copied from the official HRSA CSV: site name, address, city, state, postal code, phone, website, HRSA geocoding coordinates, county/FIPS, operating hours per week, site status, and location setting. Site status: Active. Location setting: School. Operational schedule: Unknown. Daily hours, services, price, insurance, and accessibility fields were not supplied by this intake.",BPS-H80-014872,Health Center Service Delivery and Look-Alike Sites,2026-06-19,2026-06-19,needs_review,
hrsa-bps-h80-000891,BROADWAY FAMILY HEALTH CENTER,community_health_center,1238 Broadway,Brooklyn,NY,36,Kings County,36047,11221-2906,40.69155606,-73.92593270,718-443-2428,n/a,,,,,,,,,HRSA operating hours per week: 45.00,unknown,,,,,,,,,HRSA Health Center Service Delivery and Look-Alike Sites,https://data.hrsa.gov/DataDownload/DD_Files/Health_Center_Service_Delivery_and_LookAlike_Sites.csv,2026-06-19,"Fields copied from the official HRSA CSV: site name, address, city, state, postal code, phone, website, HRSA geocoding coordinates, county/FIPS, operating hours per week, site status, and location setting. Site status: Active. Location setting: All Other Clinic Types. Operational schedule: Full-Time. Daily hours, services, price, insurance, and accessibility fields were not supplied by this intake.",BPS-H80-000891,Health Center Service Delivery and Look-Alike Sites,2026-06-19,2026-06-19,needs_review,
hrsa-bps-h80-000893,CARIBBEAN HOUSE HEALTH CENTER,community_health_center,1167 Nostrand Ave,Brooklyn,NY,36,Kings County,36047,11225-5417,40.65898743,-73.95025187,718-778-0198,www.chnnyc.org,,,,,,,,,HRSA operating hours per week: 49.00,unknown,,,,,,,,,HRSA Health Center Service Delivery and Look-Alike Sites,https://data.hrsa.gov/DataDownload/DD_Files/Health_Center_Service_Delivery_and_LookAlike_Sites.csv,2026-06-19,"Fields copied from the official HRSA CSV: site name, address, city, state, postal code, phone, website, HRSA geocoding coordinates, county/FIPS, operating hours per week, site status, and location setting. Site status: Active. Location setting: All Other Clinic Types. Operational schedule: Full-Time. Daily hours, services, price, insurance, and accessibility fields were not supplied by this intake.",BPS-H80-000893,Health Center Service Delivery and Look-Alike Sites,2026-06-19,2026-06-19,needs_review,
hrsa-bps-lal-041408,"Premium Health, Inc.",community_health_center,4510 16th Ave,Brooklyn,NY,36,Kings County,36047,11204-1101,40.63320306,-73.98361168,718-434-5600,,,,,,,,,,HRSA operating hours per week: 57.00,unknown,,,,,,,,,HRSA Health Center Service Delivery and Look-Alike Sites,https://data.hrsa.gov/DataDownload/DD_Files/Health_Center_Service_Delivery_and_LookAlike_Sites.csv,2026-06-19,"Fields copied from the official HRSA CSV: site name, address, city, state, postal code, phone, website, HRSA geocoding coordinates, county/FIPS, operating hours per week, site status, and location setting. Site status: Active. Location setting: All Other Clinic Types. Operational schedule: Unknown. Daily hours, services, price, insurance, and accessibility fields were not supplied by this intake.",BPS-LAL-041408,Health Center Service Delivery and Look-Alike Sites,2026-06-19,2026-06-19,needs_review,
hrsa-bps-lal-021910,His Branches Inc.: 19th Ward,community_health_center,340 Arnett Blvd,Rochester,NY,36,Monroe County,36055,14619-1196,43.14239082,-77.64253948,585-235-2250,hisbranches.org,,,,,,,,,HRSA operating hours per week: 42.00,unknown,,,,,,,,,HRSA Health Center Service Delivery and Look-Alike Sites,https://data.hrsa.gov/DataDownload/DD_Files/Health_Center_Service_Delivery_and_LookAlike_Sites.csv,2026-06-19,"Fields copied from the official HRSA CSV: site name, address, city, state, postal code, phone, website, HRSA geocoding coordinates, county/FIPS, operating hours per week, site status, and location setting. Site status: Active. Location setting: All Other Clinic Types. Operational schedule: Unknown. Daily hours, services, price, insurance, and accessibility fields were not supplied by this intake.",BPS-LAL-021910,Health Center Service Delivery and Look-Alike Sites,2026-06-19,2026-06-19,needs_review,
hrsa-bps-h80-036013,Refuah Health at Hillcrest,community_health_center,205 Airport Executive Park,Nanuet,NY,36,Rockland County,36087,10954-5262,41.10788012,-74.02791364,845-354-9300,www.RefuahHealth.org,,,,,,,,,HRSA operating hours per week: 52.00,unknown,,,,,,,,,HRSA Health Center Service Delivery and Look-Alike Sites,https://data.hrsa.gov/DataDownload/DD_Files/Health_Center_Service_Delivery_and_LookAlike_Sites.csv,2026-06-19,"Fields copied from the official HRSA CSV: site name, address, city, state, postal code, phone, website, HRSA geocoding coordinates, county/FIPS, operating hours per week, site status, and location setting. Site status: Active. Location setting: All Other Clinic Types. Operational schedule: Unknown. Daily hours, services, price, insurance, and accessibility fields were not supplied by this intake.",BPS-H80-036013,Health Center Service Delivery and Look-Alike Sites,2026-06-19,2026-06-19,needs_review,
hrsa-bps-h80-010781,"HealthCare Choices NY, Inc.- Queens",community_health_center,21-10 Borden Ave,Long Island City,NY,36,Queens County,36081,11101-4518,40.74017517,-73.94928401,718-784-5696,www.healthcarechoicesny.org,,,,,,,,,HRSA operating hours per week: 26.00,unknown,,,,,,,,,HRSA Health Center Service Delivery and Look-Alike Sites,https://data.hrsa.gov/DataDownload/DD_Files/Health_Center_Service_Delivery_and_LookAlike_Sites.csv,2026-06-19,"Fields copied from the official HRSA CSV: site name, address, city, state, postal code, phone, website, HRSA geocoding coordinates, county/FIPS, operating hours per week, site status, and location setting. Site status: Active. Location setting: All Other Clinic Types. Operational schedule: Full-Time. Daily hours, services, price, insurance, and accessibility fields were not supplied by this intake.",BPS-H80-010781,Health Center Service Delivery and Look-Alike Sites,2026-06-19,2026-06-19,needs_review,
hrsa-bps-h80-009218,Penn Yan Community Health,community_health_center,160 Main St,Penn Yan,NY,36,Yates County,36123,14527-1204,42.66247317,-77.05508927,315-536-2752,,,,,,,,,,HRSA operating hours per week: 40.00,unknown,,,,,,,,,HRSA Health Center Service Delivery and Look-Alike Sites,https://data.hrsa.gov/DataDownload/DD_Files/Health_Center_Service_Delivery_and_LookAlike_Sites.csv,2026-06-19,"Fields copied from the official HRSA CSV: site name, address, city, state, postal code, phone, website, HRSA geocoding coordinates, county/FIPS, operating hours per week, site status, and location setting. Site status: Active. Location setting: All Other Clinic Types. Operational schedule: Full-Time. Daily hours, services, price, insurance, and accessibility fields were not supplied by this intake.",BPS-H80-009218,Health Center Service Delivery and Look-Alike Sites,2026-06-19,2026-06-19,needs_review,
hrsa-bps-h80-037907,Charles Evans Center Seaford,community_health_center,2146 Jackson Ave,Seaford,NY,36,Nassau County,36059,11783-2606,40.66928644,-73.48752254,516-622-8888,,,,,,,,,,HRSA operating hours per week: 52.00,unknown,,,,,,,,,HRSA Health Center Service Delivery and Look-Alike Sites,https://data.hrsa.gov/DataDownload/DD_Files/Health_Center_Service_Delivery_and_LookAlike_Sites.csv,2026-06-19,"Fields copied from the official HRSA CSV: site name, address, city, state, postal code, phone, website, HRSA geocoding coordinates, county/FIPS, operating hours per week, site status, and location setting. Site status: Active. Location setting: All Other Clinic Types. Operational schedule: Unknown. Daily hours, services, price, insurance, and accessibility fields were not supplied by this intake.",BPS-H80-037907,Health Center Service Delivery and Look-Alike Sites,2026-06-19,2026-06-19,needs_review,
hrsa-bps-h80-010517,Joseph P. Addabbo Family Health Center at Richards Street,community_health_center,120 Richards St,Brooklyn,NY,36,Kings County,36047,11231-1696,40.67778376,-74.00989884,718-945-7150,www.addabbo.org,,,,,,,,,HRSA operating hours per week: 43.00,unknown,,,,,,,,,HRSA Health Center Service Delivery and Look-Alike Sites,https://data.hrsa.gov/DataDownload/DD_Files/Health_Center_Service_Delivery_and_LookAlike_Sites.csv,2026-06-19,"Fields copied from the official HRSA CSV: site name, address, city, state, postal code, phone, website, HRSA geocoding coordinates, county/FIPS, operating hours per week, site status, and location setting. Site status: Active. Location setting: All Other Clinic Types. Operational schedule: Full-Time. Daily hours, services, price, insurance, and accessibility fields were not supplied by this intake.",BPS-H80-010517,Health Center Service Delivery and Look-Alike Sites,2026-06-19,2026-06-19,needs_review,
hrsa-bps-h80-041158,"Southern Tier Community Health Center Network, Cuba Site",community_health_center,140 W Main St,Cuba,NY,36,Allegany County,36003,14727-1398,42.21294412,-78.28829337,716-375-7500,,,,,,,,,,HRSA operating hours per week: 40.00,unknown,,,,,,,,,HRSA Health Center Service Delivery and Look-Alike Sites,https://data.hrsa.gov/DataDownload/DD_Files/Health_Center_Service_Delivery_and_LookAlike_Sites.csv,2026-06-19,"Fields copied from the official HRSA CSV: site name, address, city, state, postal code, phone, website, HRSA geocoding coordinates, county/FIPS, operating hours per week, site status, and location setting. Site status: Active. Location setting: All Other Clinic Types. Operational schedule: Unknown. Daily hours, services, price, insurance, and accessibility fields were not supplied by this intake.",BPS-H80-041158,Health Center Service Delivery and Look-Alike Sites,2026-06-19,2026-06-19,needs_review,
hrsa-bps-h80-039708,Refuah Mobile Van #6,community_health_center,728 N Main St,New Square,NY,36,Rockland County,36087,10977-8916,41.13953824,-74.03502770,845-354-9300,,,,,,,,,,HRSA operating hours per week: 40.00,unknown,,,,,,,,,HRSA Health Center Service Delivery and Look-Alike Sites,https://data.hrsa.gov/DataDownload/DD_Files/Health_Center_Service_Delivery_and_LookAlike_Sites.csv,2026-06-19,"Fields copied from the official HRSA CSV: site name, address, city, state, postal code, phone, website, HRSA geocoding coordinates, county/FIPS, operating hours per week, site status, and location setting. Site status: Active. Location setting: All Other Clinic Types. Operational schedule: Unknown. Daily hours, services, price, insurance, and accessibility fields were not supplied by this intake.",BPS-H80-039708,Health Center Service Delivery and Look-Alike Sites,2026-06-19,2026-06-19,needs_review,
hrsa-bps-h80-001160,Sun River Health Amenia,community_health_center,3360 Route 343,Amenia,NY,36,Dutchess County,36027,12501-5619,41.85047027,-73.55057524,845-373-9006,www.hrhcare.org,,,,,,,,,HRSA operating hours per week: 49.00,unknown,,,,,,,,,HRSA Health Center Service Delivery and Look-Alike Sites,https://data.hrsa.gov/DataDownload/DD_Files/Health_Center_Service_Delivery_and_LookAlike_Sites.csv,2026-06-19,"Fields copied from the official HRSA CSV: site name, address, city, state, postal code, phone, website, HRSA geocoding coordinates, county/FIPS, operating hours per week, site status, and location setting. Site status: Active. Location setting: All Other Clinic Types. Operational schedule: Full-Time. Daily hours, services, price, insurance, and accessibility fields were not supplied by this intake.",BPS-H80-001160,Health Center Service Delivery and Look-Alike Sites,2026-06-19,2026-06-19,needs_review,
hrsa-bps-h80-041628,Brooklyn Plaza Medical Center,community_health_center,1089 President St,Brooklyn,NY,36,Kings County,36047,11225-1892,40.66841677,-73.95484717,718-596-9800,www.brooklynplaza.org,,,,,,,,,HRSA operating hours per week: 50.00,unknown,,,,,,,,,HRSA Health Center Service Delivery and Look-Alike Sites,https://data.hrsa.gov/DataDownload/DD_Files/Health_Center_Service_Delivery_and_LookAlike_Sites.csv,2026-06-19,"Fields copied from the official HRSA CSV: site name, address, city, state, postal code, phone, website, HRSA geocoding coordinates, county/FIPS, operating hours per week, site status, and location setting. Site status: Active. Location setting: All Other Clinic Types. Operational schedule: Unknown. Daily hours, services, price, insurance, and accessibility fields were not supplied by this intake.",BPS-H80-041628,Health Center Service Delivery and Look-Alike Sites,2026-06-19,2026-06-19,needs_review,
hrsa-bps-h80-040169,PS 676 Red Hook Neighborhood School,community_health_center,27 Huntington St,Brooklyn,NY,36,Kings County,36047,11231-1894,40.67765174,-74.00511461,718-330-2238,,,,,,,,,,HRSA operating hours per week: 40.00,unknown,,,,,,,,,HRSA Health Center Service Delivery and Look-Alike Sites,https://data.hrsa.gov/DataDownload/DD_Files/Health_Center_Service_Delivery_and_LookAlike_Sites.csv,2026-06-19,"Fields copied from the official HRSA CSV: site name, address, city, state, postal code, phone, website, HRSA geocoding coordinates, county/FIPS, operating hours per week, site status, and location setting. Site status: Active. Location setting: School. Operational schedule: Unknown. Daily hours, services, price, insurance, and accessibility fields were not supplied by this intake.",BPS-H80-040169,Health Center Service Delivery and Look-Alike Sites,2026-06-19,2026-06-19,needs_review,
hrsa-bps-h80-001168,MS 88 School-Based Health Center,community_health_center,544 7th Ave,Brooklyn,NY,36,Kings County,36047,11215-6194,40.66037505,-73.98794244,718-788-6720,www.lmcmc.com,,,,,,,,,HRSA operating hours per week: 40.00,unknown,,,,,,,,,HRSA Health Center Service Delivery and Look-Alike Sites,https://data.hrsa.gov/DataDownload/DD_Files/Health_Center_Service_Delivery_and_LookAlike_Sites.csv,2026-06-19,"Fields copied from the official HRSA CSV: site name, address, city, state, postal code, phone, website, HRSA geocoding coordinates, county/FIPS, operating hours per week, site status, and location setting. Site status: Active. Location setting: School. Operational schedule: Full-Time. Daily hours, services, price, insurance, and accessibility fields were not supplied by this intake.",BPS-H80-001168,Health Center Service Delivery and Look-Alike Sites,2026-06-19,2026-06-19,needs_review,
hrsa-bps-h80-034026,Neighborhood Health Center Bridgeview,community_health_center,1050 Niagara St,Buffalo,NY,36,Erie County,36029,14213-2001,42.91215984,-78.90044254,716-710-4399,,,,,,,,,,HRSA operating hours per week: 42.50,unknown,,,,,,,,,HRSA Health Center Service Delivery and Look-Alike Sites,https://data.hrsa.gov/DataDownload/DD_Files/Health_Center_Service_Delivery_and_LookAlike_Sites.csv,2026-06-19,"Fields copied from the official HRSA CSV: site name, address, city, state, postal code, phone, website, HRSA geocoding coordinates, county/FIPS, operating hours per week, site status, and location setting. Site status: Active. Location setting: All Other Clinic Types. Operational schedule: Unknown. Daily hours, services, price, insurance, and accessibility fields were not supplied by this intake.",BPS-H80-034026,Health Center Service Delivery and Look-Alike Sites,2026-06-19,2026-06-19,needs_review,
hrsa-bps-h80-008197,ODA Woodridge Health Care Center,community_health_center,6 Dairyland Rd,Woodridge,NY,36,Sullivan County,36105,12789-5540,41.70979452,-74.57142416,718-260-4600,https://odahealth.org/locations/woodridge.html,,,,,,,,,HRSA operating hours per week: 41.00,unknown,,,,,,,,,HRSA Health Center Service Delivery and Look-Alike Sites,https://data.hrsa.gov/DataDownload/DD_Files/Health_Center_Service_Delivery_and_LookAlike_Sites.csv,2026-06-19,"Fields copied from the official HRSA CSV: site name, address, city, state, postal code, phone, website, HRSA geocoding coordinates, county/FIPS, operating hours per week, site status, and location setting. Site status: Active. Location setting: All Other Clinic Types. Operational schedule: Full-Time. Daily hours, services, price, insurance, and accessibility fields were not supplied by this intake.",BPS-H80-008197,Health Center Service Delivery and Look-Alike Sites,2026-06-19,2026-06-19,needs_review,
hrsa-bps-h80-014784,Charles Evans Center Inc.,community_health_center,857 S Oyster Bay Rd,Bethpage,NY,36,Nassau County,36059,11714-1030,40.76211044,-73.49952920,516-622-8888,,,,,,,,,,HRSA operating hours per week: 54.00,unknown,,,,,,,,,HRSA Health Center Service Delivery and Look-Alike Sites,https://data.hrsa.gov/DataDownload/DD_Files/Health_Center_Service_Delivery_and_LookAlike_Sites.csv,2026-06-19,"Fields copied from the official HRSA CSV: site name, address, city, state, postal code, phone, website, HRSA geocoding coordinates, county/FIPS, operating hours per week, site status, and location setting. Site status: Active. Location setting: All Other Clinic Types. Operational schedule: Unknown. Daily hours, services, price, insurance, and accessibility fields were not supplied by this intake.",BPS-H80-014784,Health Center Service Delivery and Look-Alike Sites,2026-06-19,2026-06-19,needs_review,
hrsa-bps-h80-024610,Archcare - St. Vincent de Paul Residence,community_health_center,900 Intervale Ave,Bronx,NY,36,Bronx County,36005,10459-4240,40.81934040,-73.89584058,718-589-2440,www.urbanhealthplan.org,,,,,,,,,HRSA operating hours per week: 24.00,unknown,,,,,,,,,HRSA Health Center Service Delivery and Look-Alike Sites,https://data.hrsa.gov/DataDownload/DD_Files/Health_Center_Service_Delivery_and_LookAlike_Sites.csv,2026-06-19,"Fields copied from the official HRSA CSV: site name, address, city, state, postal code, phone, website, HRSA geocoding coordinates, county/FIPS, operating hours per week, site status, and location setting. Site status: Active. Location setting: All Other Clinic Types. Operational schedule: Unknown. Daily hours, services, price, insurance, and accessibility fields were not supplied by this intake.",BPS-H80-024610,Health Center Service Delivery and Look-Alike Sites,2026-06-19,2026-06-19,needs_review,
hrsa-bps-h80-013617,ODA Primary Health Care Center,community_health_center,54 Rutledge St,Brooklyn,NY,36,Kings County,36047,11249-7814,40.70030652,-73.95955151,718-260-4600,,,,,,,,,,HRSA operating hours per week: 54.00,unknown,,,,,,,,,HRSA Health Center Service Delivery and Look-Alike Sites,https://data.hrsa.gov/DataDownload/DD_Files/Health_Center_Service_Delivery_and_LookAlike_Sites.csv,2026-06-19,"Fields copied from the official HRSA CSV: site name, address, city, state, postal code, phone, website, HRSA geocoding coordinates, county/FIPS, operating hours per week, site status, and location setting. Site status: Active. Location setting: All Other Clinic Types. Operational schedule: Full-Time. Daily hours, services, price, insurance, and accessibility fields were not supplied by this intake.",BPS-H80-013617,Health Center Service Delivery and Look-Alike Sites,2026-06-19,2026-06-19,needs_review,
hrsa-bps-h80-019543,Mobile Health Van 3,community_health_center,147 Lake St,Newburgh,NY,36,Orange County,36071,12550-5263,41.49554700,-74.02909549,845-220-3100,Cornerstonefamilyhealthcare.org,,,,,,,,,HRSA operating hours per week: 6.00,unknown,,,,,,,,,HRSA Health Center Service Delivery and Look-Alike Sites,https://data.hrsa.gov/DataDownload/DD_Files/Health_Center_Service_Delivery_and_LookAlike_Sites.csv,2026-06-19,"Fields copied from the official HRSA CSV: site name, address, city, state, postal code, phone, website, HRSA geocoding coordinates, county/FIPS, operating hours per week, site status, and location setting. Site status: Active. Location setting: All Other Clinic Types. Operational schedule: Unknown. Daily hours, services, price, insurance, and accessibility fields were not supplied by this intake.",BPS-H80-019543,Health Center Service Delivery and Look-Alike Sites,2026-06-19,2026-06-19,needs_review,
hrsa-bps-h80-001273,SBHC - Dr. King Elementary,community_health_center,416 E Raynor Ave,Syracuse,NY,36,Onondaga County,36067,13202-3951,43.03504764,-76.14476656,315-435-4031,www.schcny.com,,,,,,,,,HRSA operating hours per week: 40.00,unknown,,,,,,,,,HRSA Health Center Service Delivery and Look-Alike Sites,https://data.hrsa.gov/DataDownload/DD_Files/Health_Center_Service_Delivery_and_LookAlike_Sites.csv,2026-06-19,"Fields copied from the official HRSA CSV: site name, address, city, state, postal code, phone, website, HRSA geocoding coordinates, county/FIPS, operating hours per week, site status, and location setting. Site status: Active. Location setting: School. Operational schedule: Full-Time. Daily hours, services, price, insurance, and accessibility fields were not supplied by this intake.",BPS-H80-001273,Health Center Service Delivery and Look-Alike Sites,2026-06-19,2026-06-19,needs_review,
hrsa-bps-h80-031335,Ryan Health | Wadsworth,community_health_center,154 Wadsworth Ave,New York,NY,36,New York County,36061,10033-4811,40.84975162,-73.93521625,212-749-1820,www.ryanhealth.org,,,,,,,,,HRSA operating hours per week: 55.50,unknown,,,,,,,,,HRSA Health Center Service Delivery and Look-Alike Sites,https://data.hrsa.gov/DataDownload/DD_Files/Health_Center_Service_Delivery_and_LookAlike_Sites.csv,2026-06-19,"Fields copied from the official HRSA CSV: site name, address, city, state, postal code, phone, website, HRSA geocoding coordinates, county/FIPS, operating hours per week, site status, and location setting. Site status: Active. Location setting: All Other Clinic Types. Operational schedule: Unknown. Daily hours, services, price, insurance, and accessibility fields were not supplied by this intake.",BPS-H80-031335,Health Center Service Delivery and Look-Alike Sites,2026-06-19,2026-06-19,needs_review,
hrsa-bps-h80-021112,JHS 162 - Lola Rodriguez de Tio (x162 Campus),community_health_center,600 Saint Anns Ave,Bronx,NY,36,Bronx County,36005,10455-2800,40.81497276,-73.91229241,718-483-1270,www.mhhc.org,,,,,,,,,HRSA operating hours per week: 40.00,unknown,,,,,,,,,HRSA Health Center Service Delivery and Look-Alike Sites,https://data.hrsa.gov/DataDownload/DD_Files/Health_Center_Service_Delivery_and_LookAlike_Sites.csv,2026-06-19,"Fields copied from the official HRSA CSV: site name, address, city, state, postal code, phone, website, HRSA geocoding coordinates, county/FIPS, operating hours per week, site status, and location setting. Site status: Active. Location setting: School. Operational schedule: Unknown. Daily hours, services, price, insurance, and accessibility fields were not supplied by this intake.",BPS-H80-021112,Health Center Service Delivery and Look-Alike Sites,2026-06-19,2026-06-19,needs_review,
hrsa-bps-h80-027015,Plattsburgh Family Health,community_health_center,87 Plaza Blvd,Plattsburgh,NY,36,Clinton County,36019,12901-6438,44.70200928,-73.49775768,518-536-7060,www.hhhn.org,,,,,,,,,HRSA operating hours per week: 62.00,unknown,,,,,,,,,HRSA Health Center Service Delivery and Look-Alike Sites,https://data.hrsa.gov/DataDownload/DD_Files/Health_Center_Service_Delivery_and_LookAlike_Sites.csv,2026-06-19,"Fields copied from the official HRSA CSV: site name, address, city, state, postal code, phone, website, HRSA geocoding coordinates, county/FIPS, operating hours per week, site status, and location setting. Site status: Active. Location setting: All Other Clinic Types. Operational schedule: Unknown. Daily hours, services, price, insurance, and accessibility fields were not supplied by this intake.",BPS-H80-027015,Health Center Service Delivery and Look-Alike Sites,2026-06-19,2026-06-19,needs_review,
hrsa-bps-h80-040081,Salem Family Health,community_health_center,1830 County Route 64,Salem,NY,36,Washington County,36115,12865-3404,43.16098272,-73.33441098,518-824-2571,www.hhhn.org,,,,,,,,,HRSA operating hours per week: 45.00,unknown,,,,,,,,,HRSA Health Center Service Delivery and Look-Alike Sites,https://data.hrsa.gov/DataDownload/DD_Files/Health_Center_Service_Delivery_and_LookAlike_Sites.csv,2026-06-19,"Fields copied from the official HRSA CSV: site name, address, city, state, postal code, phone, website, HRSA geocoding coordinates, county/FIPS, operating hours per week, site status, and location setting. Site status: Active. Location setting: All Other Clinic Types. Operational schedule: Unknown. Daily hours, services, price, insurance, and accessibility fields were not supplied by this intake.",BPS-H80-040081,Health Center Service Delivery and Look-Alike Sites,2026-06-19,2026-06-19,needs_review,
hrsa-bps-h80-014868,Mott Hall Campus,community_health_center,250 E 164th St,Bronx,NY,36,Bronx County,36005,10456-6327,40.82834110,-73.91727805,718-483-1270 x2543,,,,,,,,,,HRSA operating hours per week: 40.00,unknown,,,,,,,,,HRSA Health Center Service Delivery and Look-Alike Sites,https://data.hrsa.gov/DataDownload/DD_Files/Health_Center_Service_Delivery_and_LookAlike_Sites.csv,2026-06-19,"Fields copied from the official HRSA CSV: site name, address, city, state, postal code, phone, website, HRSA geocoding coordinates, county/FIPS, operating hours per week, site status, and location setting. Site status: Active. Location setting: School. Operational schedule: Unknown. Daily hours, services, price, insurance, and accessibility fields were not supplied by this intake.",BPS-H80-014868,Health Center Service Delivery and Look-Alike Sites,2026-06-19,2026-06-19,needs_review,
hrsa-bps-h80-001470,C.A.B.S. CENTER,community_health_center,98 Manhattan Ave,Brooklyn,NY,36,Kings County,36047,11206-2501,40.70563050,-73.94449745,718-388-0390,www.chnnyc.org,,,,,,,,,HRSA operating hours per week: 47.00,unknown,,,,,,,,,HRSA Health Center Service Delivery and Look-Alike Sites,https://data.hrsa.gov/DataDownload/DD_Files/Health_Center_Service_Delivery_and_LookAlike_Sites.csv,2026-06-19,"Fields copied from the official HRSA CSV: site name, address, city, state, postal code, phone, website, HRSA geocoding coordinates, county/FIPS, operating hours per week, site status, and location setting. Site status: Active. Location setting: All Other Clinic Types. Operational schedule: Full-Time. Daily hours, services, price, insurance, and accessibility fields were not supplied by this intake.",BPS-H80-001470,Health Center Service Delivery and Look-Alike Sites,2026-06-19,2026-06-19,needs_review,
hrsa-bps-h80-036435,Sun River Health White Plains,community_health_center,360 Mamaroneck Ave # 1,White Plains,NY,36,Westchester County,36119,10605-1700,41.02408368,-73.76304399,914-734-8600,www.sunriver.org,,,,,,,,,HRSA operating hours per week: 40.00,unknown,,,,,,,,,HRSA Health Center Service Delivery and Look-Alike Sites,https://data.hrsa.gov/DataDownload/DD_Files/Health_Center_Service_Delivery_and_LookAlike_Sites.csv,2026-06-19,"Fields copied from the official HRSA CSV: site name, address, city, state, postal code, phone, website, HRSA geocoding coordinates, county/FIPS, operating hours per week, site status, and location setting. Site status: Active. Location setting: All Other Clinic Types. Operational schedule: Unknown. Daily hours, services, price, insurance, and accessibility fields were not supplied by this intake.",BPS-H80-036435,Health Center Service Delivery and Look-Alike Sites,2026-06-19,2026-06-19,needs_review,
hrsa-bps-h80-022236,Woodside Houses Child Health Clinic,community_health_center,50-53 Newtown Rd,Woodside,NY,36,Queens County,36081,11377,40.75338366,-73.91046072,718-334-6140,,,,,,,,,,HRSA operating hours per week: 43.00,unknown,,,,,,,,,HRSA Health Center Service Delivery and Look-Alike Sites,https://data.hrsa.gov/DataDownload/DD_Files/Health_Center_Service_Delivery_and_LookAlike_Sites.csv,2026-06-19,"Fields copied from the official HRSA CSV: site name, address, city, state, postal code, phone, website, HRSA geocoding coordinates, county/FIPS, operating hours per week, site status, and location setting. Site status: Active. Location setting: All Other Clinic Types. Operational schedule: Unknown. Daily hours, services, price, insurance, and accessibility fields were not supplied by this intake.",BPS-H80-022236,Health Center Service Delivery and Look-Alike Sites,2026-06-19,2026-06-19,needs_review,
hrsa-bps-h80-012222,Mobile Health Services,community_health_center,234 E 121st St,New York,NY,36,New York County,36061,10035-3017,40.80065634,-73.93661410,212-987-3707,,,,,,,,,,HRSA operating hours per week: 21.00,unknown,,,,,,,,,HRSA Health Center Service Delivery and Look-Alike Sites,https://data.hrsa.gov/DataDownload/DD_Files/Health_Center_Service_Delivery_and_LookAlike_Sites.csv,2026-06-19,"Fields copied from the official HRSA CSV: site name, address, city, state, postal code, phone, website, HRSA geocoding coordinates, county/FIPS, operating hours per week, site status, and location setting. Site status: Active. Location setting: All Other Clinic Types. Operational schedule: Part-Time. Daily hours, services, price, insurance, and accessibility fields were not supplied by this intake.",BPS-H80-012222,Health Center Service Delivery and Look-Alike Sites,2026-06-19,2026-06-19,needs_review,
hrsa-bps-h80-030516,Hope Refugee Drop-In Center,community_health_center,248 W Ferry St,Buffalo,NY,36,Erie County,36029,14213-1815,42.91525373,-78.89243489,716-881-0539,www.jrchc.org,,,,,,,,,HRSA operating hours per week: 42.50,unknown,,,,,,,,,HRSA Health Center Service Delivery and Look-Alike Sites,https://data.hrsa.gov/DataDownload/DD_Files/Health_Center_Service_Delivery_and_LookAlike_Sites.csv,2026-06-19,"Fields copied from the official HRSA CSV: site name, address, city, state, postal code, phone, website, HRSA geocoding coordinates, county/FIPS, operating hours per week, site status, and location setting. Site status: Active. Location setting: All Other Clinic Types. Operational schedule: Unknown. Daily hours, services, price, insurance, and accessibility fields were not supplied by this intake.",BPS-H80-030516,Health Center Service Delivery and Look-Alike Sites,2026-06-19,2026-06-19,needs_review,
hrsa-bps-h80-012224,"Southern Tier Community Health Center Network, Olean site",community_health_center,135 N Union St,Olean,NY,36,Cattaraugus County,36009,14760-2736,42.07865731,-78.43075312,716-375-7500,www.upc-health.net,,,,,,,,,HRSA operating hours per week: 48.00,unknown,,,,,,,,,HRSA Health Center Service Delivery and Look-Alike Sites,https://data.hrsa.gov/DataDownload/DD_Files/Health_Center_Service_Delivery_and_LookAlike_Sites.csv,2026-06-19,"Fields copied from the official HRSA CSV: site name, address, city, state, postal code, phone, website, HRSA geocoding coordinates, county/FIPS, operating hours per week, site status, and location setting. Site status: Active. Location setting: All Other Clinic Types. Operational schedule: Full-Time. Daily hours, services, price, insurance, and accessibility fields were not supplied by this intake.",BPS-H80-012224,Health Center Service Delivery and Look-Alike Sites,2026-06-19,2026-06-19,needs_review,
hrsa-bps-h80-040536,PS 198,community_health_center,1180 Tinton Ave,Bronx,NY,36,Bronx County,36005,10456-5436,40.82872314,-73.90045289,718-860-8345,,,,,,,,,,HRSA operating hours per week: 40.00,unknown,,,,,,,,,HRSA Health Center Service Delivery and Look-Alike Sites,https://data.hrsa.gov/DataDownload/DD_Files/Health_Center_Service_Delivery_and_LookAlike_Sites.csv,2026-06-19,"Fields copied from the official HRSA CSV: site name, address, city, state, postal code, phone, website, HRSA geocoding coordinates, county/FIPS, operating hours per week, site status, and location setting. Site status: Active. Location setting: School. Operational schedule: Unknown. Daily hours, services, price, insurance, and accessibility fields were not supplied by this intake.",BPS-H80-040536,Health Center Service Delivery and Look-Alike Sites,2026-06-19,2026-06-19,needs_review,
hrsa-bps-h80-017748,"The Marie Curie School for Medicine, Nursing, and Health Professions",community_health_center,120 W 231st St,Bronx,NY,36,Bronx County,36005,10463-5905,40.87595429,-73.90142553,718-483-1270 x2306,,,,,,,,,,HRSA operating hours per week: 40.00,unknown,,,,,,,,,HRSA Health Center Service Delivery and Look-Alike Sites,https://data.hrsa.gov/DataDownload/DD_Files/Health_Center_Service_Delivery_and_LookAlike_Sites.csv,2026-06-19,"Fields copied from the official HRSA CSV: site name, address, city, state, postal code, phone, website, HRSA geocoding coordinates, county/FIPS, operating hours per week, site status, and location setting. Site status: Active. Location setting: School. Operational schedule: Unknown. Daily hours, services, price, insurance, and accessibility fields were not supplied by this intake.",BPS-H80-017748,Health Center Service Delivery and Look-Alike Sites,2026-06-19,2026-06-19,needs_review,
hrsa-bps-h80-008236,Plaza del Sol Health Center,community_health_center,3712 108th St,Corona,NY,36,Queens County,36081,11368-2025,40.75339909,-73.86043710,718-651-4000,WWW.URBANHEALTHPLAN.ORG,,,,,,,,,HRSA operating hours per week: 62.00,unknown,,,,,,,,,HRSA Health Center Service Delivery and Look-Alike Sites,https://data.hrsa.gov/DataDownload/DD_Files/Health_Center_Service_Delivery_and_LookAlike_Sites.csv,2026-06-19,"Fields copied from the official HRSA CSV: site name, address, city, state, postal code, phone, website, HRSA geocoding coordinates, county/FIPS, operating hours per week, site status, and location setting. Site status: Active. Location setting: All Other Clinic Types. Operational schedule: Unknown. Daily hours, services, price, insurance, and accessibility fields were not supplied by this intake.",BPS-H80-008236,Health Center Service Delivery and Look-Alike Sites,2026-06-19,2026-06-19,needs_review,
hrsa-bps-h80-022359,Sodus Community Health,community_health_center,6341 Ridge Road,Sodus,NY,36,Wayne County,36117,14551,43.23794313,-77.08083814,315-483-1199,www.localcommunityhealth.com,,,,,,,,,HRSA operating hours per week: 50.00,unknown,,,,,,,,,HRSA Health Center Service Delivery and Look-Alike Sites,https://data.hrsa.gov/DataDownload/DD_Files/Health_Center_Service_Delivery_and_LookAlike_Sites.csv,2026-06-19,"Fields copied from the official HRSA CSV: site name, address, city, state, postal code, phone, website, HRSA geocoding coordinates, county/FIPS, operating hours per week, site status, and location setting. Site status: Active. Location setting: All Other Clinic Types. Operational schedule: Unknown. Daily hours, services, price, insurance, and accessibility fields were not supplied by this intake.",BPS-H80-022359,Health Center Service Delivery and Look-Alike Sites,2026-06-19,2026-06-19,needs_review,
hrsa-bps-h80-039499,Trillium Health at Science Parkway (THSP),community_health_center,170 Science Pkwy,Rochester,NY,36,Monroe County,36055,14620-4251,43.11873243,-77.61241048,585-210-4115,https://www.trilliumhealth.org/,,,,,,,,,HRSA operating hours per week: 48.00,unknown,,,,,,,,,HRSA Health Center Service Delivery and Look-Alike Sites,https://data.hrsa.gov/DataDownload/DD_Files/Health_Center_Service_Delivery_and_LookAlike_Sites.csv,2026-06-19,"Fields copied from the official HRSA CSV: site name, address, city, state, postal code, phone, website, HRSA geocoding coordinates, county/FIPS, operating hours per week, site status, and location setting. Site status: Active. Location setting: All Other Clinic Types. Operational schedule: Unknown. Daily hours, services, price, insurance, and accessibility fields were not supplied by this intake.",BPS-H80-039499,Health Center Service Delivery and Look-Alike Sites,2026-06-19,2026-06-19,needs_review,
hrsa-bps-h80-033639,PS 19 - The Marino Jantet School,community_health_center,98-02 Roosevelt Ave,Corona,NY,36,Queens County,36081,11368-2128,40.74941228,-73.86672604,718-424-5859,,,,,,,,,,HRSA operating hours per week: 48.00,unknown,,,,,,,,,HRSA Health Center Service Delivery and Look-Alike Sites,https://data.hrsa.gov/DataDownload/DD_Files/Health_Center_Service_Delivery_and_LookAlike_Sites.csv,2026-06-19,"Fields copied from the official HRSA CSV: site name, address, city, state, postal code, phone, website, HRSA geocoding coordinates, county/FIPS, operating hours per week, site status, and location setting. Site status: Active. Location setting: School. Operational schedule: Unknown. Daily hours, services, price, insurance, and accessibility fields were not supplied by this intake.",BPS-H80-033639,Health Center Service Delivery and Look-Alike Sites,2026-06-19,2026-06-19,needs_review,
hrsa-bps-h80-014786,James Monroe Annex,community_health_center,1551 E 172nd St,Bronx,NY,36,Bronx County,36005,10472-2141,40.83198655,-73.87754079,718-589-4793,www.urbanhealthplan.org,,,,,,,,,HRSA operating hours per week: 40.00,unknown,,,,,,,,,HRSA Health Center Service Delivery and Look-Alike Sites,https://data.hrsa.gov/DataDownload/DD_Files/Health_Center_Service_Delivery_and_LookAlike_Sites.csv,2026-06-19,"Fields copied from the official HRSA CSV: site name, address, city, state, postal code, phone, website, HRSA geocoding coordinates, county/FIPS, operating hours per week, site status, and location setting. Site status: Active. Location setting: School. Operational schedule: Unknown. Daily hours, services, price, insurance, and accessibility fields were not supplied by this intake.",BPS-H80-014786,Health Center Service Delivery and Look-Alike Sites,2026-06-19,2026-06-19,needs_review,
hrsa-bps-h80-041601,BHRAGS Men's Intake Health Center,community_health_center,130 3rd St,Brooklyn,NY,36,Kings County,36047,11231-4823,40.67676762,-73.99179334,212-366-4459,,,,,,,,,,HRSA operating hours per week: 45.00,unknown,,,,,,,,,HRSA Health Center Service Delivery and Look-Alike Sites,https://data.hrsa.gov/DataDownload/DD_Files/Health_Center_Service_Delivery_and_LookAlike_Sites.csv,2026-06-19,"Fields copied from the official HRSA CSV: site name, address, city, state, postal code, phone, website, HRSA geocoding coordinates, county/FIPS, operating hours per week, site status, and location setting. Site status: Active. Location setting: All Other Clinic Types. Operational schedule: Unknown. Daily hours, services, price, insurance, and accessibility fields were not supplied by this intake.",BPS-H80-041601,Health Center Service Delivery and Look-Alike Sites,2026-06-19,2026-06-19,needs_review,
hrsa-bps-h80-009872,Park Ave Elementary School - SBHC,community_health_center,75 Park Ave,Port Chester,NY,36,Westchester County,36119,10573-2498,41.01212287,-73.67410094,914-934-2183,,,,,,,,,,HRSA operating hours per week: 40.00,unknown,,,,,,,,,HRSA Health Center Service Delivery and Look-Alike Sites,https://data.hrsa.gov/DataDownload/DD_Files/Health_Center_Service_Delivery_and_LookAlike_Sites.csv,2026-06-19,"Fields copied from the official HRSA CSV: site name, address, city, state, postal code, phone, website, HRSA geocoding coordinates, county/FIPS, operating hours per week, site status, and location setting. Site status: Active. Location setting: School. Operational schedule: Full-Time. Daily hours, services, price, insurance, and accessibility fields were not supplied by this intake.",BPS-H80-009872,Health Center Service Delivery and Look-Alike Sites,2026-06-19,2026-06-19,needs_review,
hrsa-bps-h80-007872,New Providence Primary Care Clinic,community_health_center,225 E 45th St,New York,NY,36,New York County,36061,10017-3301,40.75240298,-73.97176998,212-661-8934,,,,,,,,,,HRSA operating hours per week: 37.00,unknown,,,,,,,,,HRSA Health Center Service Delivery and Look-Alike Sites,https://data.hrsa.gov/DataDownload/DD_Files/Health_Center_Service_Delivery_and_LookAlike_Sites.csv,2026-06-19,"Fields copied from the official HRSA CSV: site name, address, city, state, postal code, phone, website, HRSA geocoding coordinates, county/FIPS, operating hours per week, site status, and location setting. Site status: Active. Location setting: All Other Clinic Types. Operational schedule: Unknown. Daily hours, services, price, insurance, and accessibility fields were not supplied by this intake.",BPS-H80-007872,Health Center Service Delivery and Look-Alike Sites,2026-06-19,2026-06-19,needs_review,
hrsa-bps-lal-034193,Evergreen Health - Community Dr.,community_health_center,7 Community Dr,Cheektowaga,NY,36,Erie County,36029,14225-2599,42.93174596,-78.77432985,716-847-2441,www.evergreenhs.org,,,,,,,,,HRSA operating hours per week: 40.00,unknown,,,,,,,,,HRSA Health Center Service Delivery and Look-Alike Sites,https://data.hrsa.gov/DataDownload/DD_Files/Health_Center_Service_Delivery_and_LookAlike_Sites.csv,2026-06-19,"Fields copied from the official HRSA CSV: site name, address, city, state, postal code, phone, website, HRSA geocoding coordinates, county/FIPS, operating hours per week, site status, and location setting. Site status: Active. Location setting: All Other Clinic Types. Operational schedule: Unknown. Daily hours, services, price, insurance, and accessibility fields were not supplied by this intake.",BPS-LAL-034193,Health Center Service Delivery and Look-Alike Sites,2026-06-19,2026-06-19,needs_review,
hrsa-bps-h80-013558,SBHC - Grant Middle School,community_health_center,2400 Grant Blvd,Syracuse,NY,36,Onondaga County,36067,13208-2200,43.07415424,-76.14857010,315-476-7921,www.schcny.com,,,,,,,,,HRSA operating hours per week: 40.00,unknown,,,,,,,,,HRSA Health Center Service Delivery and Look-Alike Sites,https://data.hrsa.gov/DataDownload/DD_Files/Health_Center_Service_Delivery_and_LookAlike_Sites.csv,2026-06-19,"Fields copied from the official HRSA CSV: site name, address, city, state, postal code, phone, website, HRSA geocoding coordinates, county/FIPS, operating hours per week, site status, and location setting. Site status: Active. Location setting: School. Operational schedule: Part-Time. Daily hours, services, price, insurance, and accessibility fields were not supplied by this intake.",BPS-H80-013558,Health Center Service Delivery and Look-Alike Sites,2026-06-19,2026-06-19,needs_review,
hrsa-bps-h80-019276,CitiCARES Community Health Center,community_health_center,154 W 127th St,New York,NY,36,New York County,36061,10027-3739,40.80976730,-73.94679610,212-749-3508,www.urbanhealthplan.org,,,,,,,,,HRSA operating hours per week: 40.00,unknown,,,,,,,,,HRSA Health Center Service Delivery and Look-Alike Sites,https://data.hrsa.gov/DataDownload/DD_Files/Health_Center_Service_Delivery_and_LookAlike_Sites.csv,2026-06-19,"Fields copied from the official HRSA CSV: site name, address, city, state, postal code, phone, website, HRSA geocoding coordinates, county/FIPS, operating hours per week, site status, and location setting. Site status: Active. Location setting: All Other Clinic Types. Operational schedule: Unknown. Daily hours, services, price, insurance, and accessibility fields were not supplied by this intake.",BPS-H80-019276,Health Center Service Delivery and Look-Alike Sites,2026-06-19,2026-06-19,needs_review,
hrsa-bps-h80-021875,Womens Health Center (Lefrak),community_health_center,59-17 Junction Blvd,Corona,NY,36,Queens County,36081,11368,40.73468724,-73.86456116,718-334-6300,,,,,,,,,,HRSA operating hours per week: 42.50,unknown,,,,,,,,,HRSA Health Center Service Delivery and Look-Alike Sites,https://data.hrsa.gov/DataDownload/DD_Files/Health_Center_Service_Delivery_and_LookAlike_Sites.csv,2026-06-19,"Fields copied from the official HRSA CSV: site name, address, city, state, postal code, phone, website, HRSA geocoding coordinates, county/FIPS, operating hours per week, site status, and location setting. Site status: Active. Location setting: All Other Clinic Types. Operational schedule: Unknown. Daily hours, services, price, insurance, and accessibility fields were not supplied by this intake.",BPS-H80-021875,Health Center Service Delivery and Look-Alike Sites,2026-06-19,2026-06-19,needs_review,
hrsa-bps-h80-001771,Joseph P. Addabbo Family Health Center at Beach Channel Drive,community_health_center,6200 Beach Channel Dr,Arverne,NY,36,Queens County,36081,11692-1409,40.59332150,-73.79166266,718-945-7150,www.addabbo.org,,,,,,,,,HRSA operating hours per week: 45.00,unknown,,,,,,,,,HRSA Health Center Service Delivery and Look-Alike Sites,https://data.hrsa.gov/DataDownload/DD_Files/Health_Center_Service_Delivery_and_LookAlike_Sites.csv,2026-06-19,"Fields copied from the official HRSA CSV: site name, address, city, state, postal code, phone, website, HRSA geocoding coordinates, county/FIPS, operating hours per week, site status, and location setting. Site status: Active. Location setting: All Other Clinic Types. Operational schedule: Full-Time. Daily hours, services, price, insurance, and accessibility fields were not supplied by this intake.",BPS-H80-001771,Health Center Service Delivery and Look-Alike Sites,2026-06-19,2026-06-19,needs_review,
hrsa-bps-h80-001785,LEGACY,community_health_center,10875 Avenue D,Brooklyn,NY,36,Kings County,36047,11236-1931,40.65631217,-73.89958251,718-257-2978,,,,,,,,,,HRSA operating hours per week: 16.00,unknown,,,,,,,,,HRSA Health Center Service Delivery and Look-Alike Sites,https://data.hrsa.gov/DataDownload/DD_Files/Health_Center_Service_Delivery_and_LookAlike_Sites.csv,2026-06-19,"Fields copied from the official HRSA CSV: site name, address, city, state, postal code, phone, website, HRSA geocoding coordinates, county/FIPS, operating hours per week, site status, and location setting. Site status: Active. Location setting: All Other Clinic Types. Operational schedule: Full-Time. Daily hours, services, price, insurance, and accessibility fields were not supplied by this intake.",BPS-H80-001785,Health Center Service Delivery and Look-Alike Sites,2026-06-19,2026-06-19,needs_review,
hrsa-bps-h80-041212,IS 98,community_health_center,1619 Boston Rd,Bronx,NY,36,Bronx County,36005,10460-4945,40.83606930,-73.89059862,718-860-8345,,,,,,,,,,HRSA operating hours per week: 40.00,unknown,,,,,,,,,HRSA Health Center Service Delivery and Look-Alike Sites,https://data.hrsa.gov/DataDownload/DD_Files/Health_Center_Service_Delivery_and_LookAlike_Sites.csv,2026-06-19,"Fields copied from the official HRSA CSV: site name, address, city, state, postal code, phone, website, HRSA geocoding coordinates, county/FIPS, operating hours per week, site status, and location setting. Site status: Active. Location setting: School. Operational schedule: Unknown. Daily hours, services, price, insurance, and accessibility fields were not supplied by this intake.",BPS-H80-041212,Health Center Service Delivery and Look-Alike Sites,2026-06-19,2026-06-19,needs_review,
hrsa-bps-h80-032610,Jericho Road Community Health Center-Doat Street,community_health_center,21 Doat St,Buffalo,NY,36,Erie County,36029,14211-1612,42.90932789,-78.81906046,716-881-6191,,,,,,,,,,HRSA operating hours per week: 42.00,unknown,,,,,,,,,HRSA Health Center Service Delivery and Look-Alike Sites,https://data.hrsa.gov/DataDownload/DD_Files/Health_Center_Service_Delivery_and_LookAlike_Sites.csv,2026-06-19,"Fields copied from the official HRSA CSV: site name, address, city, state, postal code, phone, website, HRSA geocoding coordinates, county/FIPS, operating hours per week, site status, and location setting. Site status: Active. Location setting: All Other Clinic Types. Operational schedule: Unknown. Daily hours, services, price, insurance, and accessibility fields were not supplied by this intake.",BPS-H80-032610,Health Center Service Delivery and Look-Alike Sites,2026-06-19,2026-06-19,needs_review,
hrsa-bps-h80-009558,Ryan Health | Women and Children's,community_health_center,801 Amsterdam Ave,New York,NY,36,New York County,36061,10025-5752,40.79613594,-73.96862660,212-749-1820,www.ryanhealth.org,,,,,,,,,HRSA operating hours per week: 53.00,unknown,,,,,,,,,HRSA Health Center Service Delivery and Look-Alike Sites,https://data.hrsa.gov/DataDownload/DD_Files/Health_Center_Service_Delivery_and_LookAlike_Sites.csv,2026-06-19,"Fields copied from the official HRSA CSV: site name, address, city, state, postal code, phone, website, HRSA geocoding coordinates, county/FIPS, operating hours per week, site status, and location setting. Site status: Active. Location setting: All Other Clinic Types. Operational schedule: Full-Time. Daily hours, services, price, insurance, and accessibility fields were not supplied by this intake.",BPS-H80-009558,Health Center Service Delivery and Look-Alike Sites,2026-06-19,2026-06-19,needs_review,
hrsa-bps-h80-019245,Mobile Van #5,community_health_center,728 N Main St,New Square,NY,36,Rockland County,36087,10977-8916,41.13953824,-74.03502770,845-354-9300,,,,,,,,,,HRSA operating hours per week: 90.00,unknown,,,,,,,,,HRSA Health Center Service Delivery and Look-Alike Sites,https://data.hrsa.gov/DataDownload/DD_Files/Health_Center_Service_Delivery_and_LookAlike_Sites.csv,2026-06-19,"Fields copied from the official HRSA CSV: site name, address, city, state, postal code, phone, website, HRSA geocoding coordinates, county/FIPS, operating hours per week, site status, and location setting. Site status: Active. Location setting: All Other Clinic Types. Operational schedule: Unknown. Daily hours, services, price, insurance, and accessibility fields were not supplied by this intake.",BPS-H80-019245,Health Center Service Delivery and Look-Alike Sites,2026-06-19,2026-06-19,needs_review,
hrsa-bps-h80-021876,Springfield Community Health Center,community_health_center,134-64 Springfield Blvd,Springfield Gardens,NY,36,Queens County,36081,11413,40.67893321,-73.75469486,718-334-6802,,,,,,,,,,HRSA operating hours per week: 45.00,unknown,,,,,,,,,HRSA Health Center Service Delivery and Look-Alike Sites,https://data.hrsa.gov/DataDownload/DD_Files/Health_Center_Service_Delivery_and_LookAlike_Sites.csv,2026-06-19,"Fields copied from the official HRSA CSV: site name, address, city, state, postal code, phone, website, HRSA geocoding coordinates, county/FIPS, operating hours per week, site status, and location setting. Site status: Active. Location setting: All Other Clinic Types. Operational schedule: Unknown. Daily hours, services, price, insurance, and accessibility fields were not supplied by this intake.",BPS-H80-021876,Health Center Service Delivery and Look-Alike Sites,2026-06-19,2026-06-19,needs_review,
hrsa-bps-h80-001979,BronxCare Medical and Dental at Poe,community_health_center,2432 Grand Concourse,Bronx,NY,36,Bronx County,36005,10458-5204,40.86056855,-73.89778325,718-817-7900,N/A,,,,,,,,,HRSA operating hours per week: 45.00,unknown,,,,,,,,,HRSA Health Center Service Delivery and Look-Alike Sites,https://data.hrsa.gov/DataDownload/DD_Files/Health_Center_Service_Delivery_and_LookAlike_Sites.csv,2026-06-19,"Fields copied from the official HRSA CSV: site name, address, city, state, postal code, phone, website, HRSA geocoding coordinates, county/FIPS, operating hours per week, site status, and location setting. Site status: Active. Location setting: All Other Clinic Types. Operational schedule: Full-Time. Daily hours, services, price, insurance, and accessibility fields were not supplied by this intake.",BPS-H80-001979,Health Center Service Delivery and Look-Alike Sites,2026-06-19,2026-06-19,needs_review,
hrsa-bps-h80-032910,UNION Mobile Dental Unit,community_health_center,260 E 188th St,Bronx,NY,36,Bronx County,36005,10458-5397,40.86075027,-73.89594485,718-220-2020,www.uchcbronx.org,,,,,,,,,HRSA operating hours per week: 40.00,unknown,,,,,,,,,HRSA Health Center Service Delivery and Look-Alike Sites,https://data.hrsa.gov/DataDownload/DD_Files/Health_Center_Service_Delivery_and_LookAlike_Sites.csv,2026-06-19,"Fields copied from the official HRSA CSV: site name, address, city, state, postal code, phone, website, HRSA geocoding coordinates, county/FIPS, operating hours per week, site status, and location setting. Site status: Active. Location setting: All Other Clinic Types. Operational schedule: Unknown. Daily hours, services, price, insurance, and accessibility fields were not supplied by this intake.",BPS-H80-032910,Health Center Service Delivery and Look-Alike Sites,2026-06-19,2026-06-19,needs_review,
hrsa-bps-h80-030503,Hope House (Salvation Army),community_health_center,100 West Ave,Rochester,NY,36,Monroe County,36055,14611-2611,43.15052721,-77.64072438,585-368-3720,n/a,,,,,,,,,HRSA operating hours per week: 2.00,unknown,,,,,,,,,HRSA Health Center Service Delivery and Look-Alike Sites,https://data.hrsa.gov/DataDownload/DD_Files/Health_Center_Service_Delivery_and_LookAlike_Sites.csv,2026-06-19,"Fields copied from the official HRSA CSV: site name, address, city, state, postal code, phone, website, HRSA geocoding coordinates, county/FIPS, operating hours per week, site status, and location setting. Site status: Active. Location setting: All Other Clinic Types. Operational schedule: Unknown. Daily hours, services, price, insurance, and accessibility fields were not supplied by this intake.",BPS-H80-030503,Health Center Service Delivery and Look-Alike Sites,2026-06-19,2026-06-19,needs_review,
hrsa-bps-h80-038325,PS 192 Jacob H. Schiff School and MS 209 Hamilton Grange Middle School,community_health_center,500 W 138th St,New York,NY,36,New York County,36061,10031-7999,40.82142565,-73.95252152,212-775-9600,,,,,,,,,,HRSA operating hours per week: 48.00,unknown,,,,,,,,,HRSA Health Center Service Delivery and Look-Alike Sites,https://data.hrsa.gov/DataDownload/DD_Files/Health_Center_Service_Delivery_and_LookAlike_Sites.csv,2026-06-19,"Fields copied from the official HRSA CSV: site name, address, city, state, postal code, phone, website, HRSA geocoding coordinates, county/FIPS, operating hours per week, site status, and location setting. Site status: Active. Location setting: School. Operational schedule: Unknown. Daily hours, services, price, insurance, and accessibility fields were not supplied by this intake.",BPS-H80-038325,Health Center Service Delivery and Look-Alike Sites,2026-06-19,2026-06-19,needs_review,
hrsa-bps-h80-002063,Sun River Health Partnership,community_health_center,29 N Hamilton St,Poughkeepsie,NY,36,Dutchess County,36027,12601-2541,41.70410770,-73.92146247,845-454-8204,www.hrhcare.org,,,,,,,,,HRSA operating hours per week: 49.00,unknown,,,,,,,,,HRSA Health Center Service Delivery and Look-Alike Sites,https://data.hrsa.gov/DataDownload/DD_Files/Health_Center_Service_Delivery_and_LookAlike_Sites.csv,2026-06-19,"Fields copied from the official HRSA CSV: site name, address, city, state, postal code, phone, website, HRSA geocoding coordinates, county/FIPS, operating hours per week, site status, and location setting. Site status: Active. Location setting: All Other Clinic Types. Operational schedule: Full-Time. Daily hours, services, price, insurance, and accessibility fields were not supplied by this intake.",BPS-H80-002063,Health Center Service Delivery and Look-Alike Sites,2026-06-19,2026-06-19,needs_review,
hrsa-bps-h80-021753,Health Center at Gunhill,community_health_center,1012 E Gun Hill Rd,Bronx,NY,36,Bronx County,36005,10469-3720,40.87428361,-73.85767006,718-918-8876,,,,,,,,,,HRSA operating hours per week: 40.00,unknown,,,,,,,,,HRSA Health Center Service Delivery and Look-Alike Sites,https://data.hrsa.gov/DataDownload/DD_Files/Health_Center_Service_Delivery_and_LookAlike_Sites.csv,2026-06-19,"Fields copied from the official HRSA CSV: site name, address, city, state, postal code, phone, website, HRSA geocoding coordinates, county/FIPS, operating hours per week, site status, and location setting. Site status: Active. Location setting: All Other Clinic Types. Operational schedule: Unknown. Daily hours, services, price, insurance, and accessibility fields were not supplied by this intake.",BPS-H80-021753,Health Center Service Delivery and Look-Alike Sites,2026-06-19,2026-06-19,needs_review,
hrsa-bps-h80-002077,Neighborhood Health Center Northwest,community_health_center,155 Lawn Ave,Buffalo,NY,36,Erie County,36029,14207-1899,42.95026100,-78.88793137,716-875-2904 x242,www.nwbchcc.org,,,,,,,,,HRSA operating hours per week: 49.50,unknown,,,,,,,,,HRSA Health Center Service Delivery and Look-Alike Sites,https://data.hrsa.gov/DataDownload/DD_Files/Health_Center_Service_Delivery_and_LookAlike_Sites.csv,2026-06-19,"Fields copied from the official HRSA CSV: site name, address, city, state, postal code, phone, website, HRSA geocoding coordinates, county/FIPS, operating hours per week, site status, and location setting. Site status: Active. Location setting: All Other Clinic Types. Operational schedule: Full-Time. Daily hours, services, price, insurance, and accessibility fields were not supplied by this intake.",BPS-H80-002077,Health Center Service Delivery and Look-Alike Sites,2026-06-19,2026-06-19,needs_review,
hrsa-bps-h80-031116,Ticonderoga Health Center,community_health_center,"101 Adirondack Dr, Ste 2",Ticonderoga,NY,36,Essex County,36031,12883-9334,43.84889192,-73.43930430,518-585-6708,,,,,,,,,,HRSA operating hours per week: 59.00,unknown,,,,,,,,,HRSA Health Center Service Delivery and Look-Alike Sites,https://data.hrsa.gov/DataDownload/DD_Files/Health_Center_Service_Delivery_and_LookAlike_Sites.csv,2026-06-19,"Fields copied from the official HRSA CSV: site name, address, city, state, postal code, phone, website, HRSA geocoding coordinates, county/FIPS, operating hours per week, site status, and location setting. Site status: Active. Location setting: All Other Clinic Types. Operational schedule: Unknown. Daily hours, services, price, insurance, and accessibility fields were not supplied by this intake.",BPS-H80-031116,Health Center Service Delivery and Look-Alike Sites,2026-06-19,2026-06-19,needs_review,
hrsa-bps-h80-017802,Wingate Educational Campus,community_health_center,600 Kingston Ave,Brooklyn,NY,36,Kings County,36047,11203-1704,40.65882280,-73.94297873,718-768-0778,,,,,,,,,,HRSA operating hours per week: 40.00,unknown,,,,,,,,,HRSA Health Center Service Delivery and Look-Alike Sites,https://data.hrsa.gov/DataDownload/DD_Files/Health_Center_Service_Delivery_and_LookAlike_Sites.csv,2026-06-19,"Fields copied from the official HRSA CSV: site name, address, city, state, postal code, phone, website, HRSA geocoding coordinates, county/FIPS, operating hours per week, site status, and location setting. Site status: Active. Location setting: School. Operational schedule: Unknown. Daily hours, services, price, insurance, and accessibility fields were not supplied by this intake.",BPS-H80-017802,Health Center Service Delivery and Look-Alike Sites,2026-06-19,2026-06-19,needs_review,
hrsa-bps-h80-031311,Harmony Healthcare Long Island at Westbury High School,community_health_center,1 Post Rd,Old Westbury,NY,36,Nassau County,36059,11568-1623,40.76895623,-73.58773515,516-874-1970,www.harmonyhealthcareli.org,,,,,,,,,HRSA operating hours per week: 40.00,unknown,,,,,,,,,HRSA Health Center Service Delivery and Look-Alike Sites,https://data.hrsa.gov/DataDownload/DD_Files/Health_Center_Service_Delivery_and_LookAlike_Sites.csv,2026-06-19,"Fields copied from the official HRSA CSV: site name, address, city, state, postal code, phone, website, HRSA geocoding coordinates, county/FIPS, operating hours per week, site status, and location setting. Site status: Active. Location setting: All Other Clinic Types. Operational schedule: Unknown. Daily hours, services, price, insurance, and accessibility fields were not supplied by this intake.",BPS-H80-031311,Health Center Service Delivery and Look-Alike Sites,2026-06-19,2026-06-19,needs_review,
hrsa-bps-h80-027822,The Chautauqua Center - Jamestown,community_health_center,107 Institute St,Jamestown,NY,36,Chautauqua County,36013,14701-6628,42.09307712,-79.23505180,716-363-6050,,,,,,,,,,HRSA operating hours per week: 53.00,unknown,,,,,,,,,HRSA Health Center Service Delivery and Look-Alike Sites,https://data.hrsa.gov/DataDownload/DD_Files/Health_Center_Service_Delivery_and_LookAlike_Sites.csv,2026-06-19,"Fields copied from the official HRSA CSV: site name, address, city, state, postal code, phone, website, HRSA geocoding coordinates, county/FIPS, operating hours per week, site status, and location setting. Site status: Active. Location setting: All Other Clinic Types. Operational schedule: Unknown. Daily hours, services, price, insurance, and accessibility fields were not supplied by this intake.",BPS-H80-027822,Health Center Service Delivery and Look-Alike Sites,2026-06-19,2026-06-19,needs_review,
hrsa-bps-h80-000025,Long Island City Health Center,community_health_center,36-11 21st St,Astoria,NY,36,Queens County,36081,11106,40.75944273,-73.93697142,718-482-7772,www.chnnyc.org,,,,,,,,,HRSA operating hours per week: 47.00,unknown,,,,,,,,,HRSA Health Center Service Delivery and Look-Alike Sites,https://data.hrsa.gov/DataDownload/DD_Files/Health_Center_Service_Delivery_and_LookAlike_Sites.csv,2026-06-19,"Fields copied from the official HRSA CSV: site name, address, city, state, postal code, phone, website, HRSA geocoding coordinates, county/FIPS, operating hours per week, site status, and location setting. Site status: Active. Location setting: All Other Clinic Types. Operational schedule: Unknown. Daily hours, services, price, insurance, and accessibility fields were not supplied by this intake.",BPS-H80-000025,Health Center Service Delivery and Look-Alike Sites,2026-06-19,2026-06-19,needs_review,
hrsa-bps-h80-002184,North Creek Health Center,community_health_center,126 Ski Bowl Rd,North Creek,NY,36,Warren County,36113,12853-2607,43.69903267,-73.99064804,518-251-2541,www.hhhn.org,,,,,,,,,HRSA operating hours per week: 43.00,unknown,,,,,,,,,HRSA Health Center Service Delivery and Look-Alike Sites,https://data.hrsa.gov/DataDownload/DD_Files/Health_Center_Service_Delivery_and_LookAlike_Sites.csv,2026-06-19,"Fields copied from the official HRSA CSV: site name, address, city, state, postal code, phone, website, HRSA geocoding coordinates, county/FIPS, operating hours per week, site status, and location setting. Site status: Active. Location setting: All Other Clinic Types. Operational schedule: Full-Time. Daily hours, services, price, insurance, and accessibility fields were not supplied by this intake.",BPS-H80-002184,Health Center Service Delivery and Look-Alike Sites,2026-06-19,2026-06-19,needs_review,
hrsa-bps-h80-021524,Ronkonkoma Health Center,community_health_center,161 Lake Shore Rd,Ronkonkoma,NY,36,Suffolk County,36103,11779-3194,40.82503318,-73.11575940,631-615-1510,,,,,,,,,,HRSA operating hours per week: 40.00,unknown,,,,,,,,,HRSA Health Center Service Delivery and Look-Alike Sites,https://data.hrsa.gov/DataDownload/DD_Files/Health_Center_Service_Delivery_and_LookAlike_Sites.csv,2026-06-19,"Fields copied from the official HRSA CSV: site name, address, city, state, postal code, phone, website, HRSA geocoding coordinates, county/FIPS, operating hours per week, site status, and location setting. Site status: Active. Location setting: All Other Clinic Types. Operational schedule: Unknown. Daily hours, services, price, insurance, and accessibility fields were not supplied by this intake.",BPS-H80-021524,Health Center Service Delivery and Look-Alike Sites,2026-06-19,2026-06-19,needs_review,
hrsa-bps-h80-010202,Sunset Park High School,community_health_center,153 35th St,Brooklyn,NY,36,Kings County,36047,11232-2307,40.65546296,-74.00456552,718-840-1900,,,,,,,,,,HRSA operating hours per week: 35.00,unknown,,,,,,,,,HRSA Health Center Service Delivery and Look-Alike Sites,https://data.hrsa.gov/DataDownload/DD_Files/Health_Center_Service_Delivery_and_LookAlike_Sites.csv,2026-06-19,"Fields copied from the official HRSA CSV: site name, address, city, state, postal code, phone, website, HRSA geocoding coordinates, county/FIPS, operating hours per week, site status, and location setting. Site status: Active. Location setting: School. Operational schedule: Full-Time. Daily hours, services, price, insurance, and accessibility fields were not supplied by this intake.",BPS-H80-010202,Health Center Service Delivery and Look-Alike Sites,2026-06-19,2026-06-19,needs_review,
hrsa-bps-h80-002289,SBHC - CINCINNATUS CENTRAL SCHOOL,community_health_center,2809 Cincinnatus Rd,Cincinnatus,NY,36,Cortland County,36023,13040-9698,42.54365001,-75.89612997,607-863-3200,www.familyhealthnetwork.org,,,,,,,,,HRSA operating hours per week: 28.00,unknown,,,,,,,,,HRSA Health Center Service Delivery and Look-Alike Sites,https://data.hrsa.gov/DataDownload/DD_Files/Health_Center_Service_Delivery_and_LookAlike_Sites.csv,2026-06-19,"Fields copied from the official HRSA CSV: site name, address, city, state, postal code, phone, website, HRSA geocoding coordinates, county/FIPS, operating hours per week, site status, and location setting. Site status: Active. Location setting: School. Operational schedule: Full-Time. Daily hours, services, price, insurance, and accessibility fields were not supplied by this intake.",BPS-H80-002289,Health Center Service Delivery and Look-Alike Sites,2026-06-19,2026-06-19,needs_review,
hrsa-bps-h80-009219,Keuka College Family Planning,community_health_center,141 Central Avenue,Keuka Park,NY,36,Yates County,36123,14478,42.61539529,-77.09049762,315-536-2752,,,,,,,,,,HRSA operating hours per week: 4.00,unknown,,,,,,,,,HRSA Health Center Service Delivery and Look-Alike Sites,https://data.hrsa.gov/DataDownload/DD_Files/Health_Center_Service_Delivery_and_LookAlike_Sites.csv,2026-06-19,"Fields copied from the official HRSA CSV: site name, address, city, state, postal code, phone, website, HRSA geocoding coordinates, county/FIPS, operating hours per week, site status, and location setting. Site status: Active. Location setting: All Other Clinic Types. Operational schedule: Part-Time. Daily hours, services, price, insurance, and accessibility fields were not supplied by this intake.",BPS-H80-009219,Health Center Service Delivery and Look-Alike Sites,2026-06-19,2026-06-19,needs_review,
hrsa-bps-h80-010555,Mobile Medical Clinic 2,community_health_center,853 Longwood Ave,Bronx,NY,36,Bronx County,36005,10459-4036,40.81938822,-73.90103971,718-588-4460,,,,,,,,,,HRSA operating hours per week: 40.00,unknown,,,,,,,,,HRSA Health Center Service Delivery and Look-Alike Sites,https://data.hrsa.gov/DataDownload/DD_Files/Health_Center_Service_Delivery_and_LookAlike_Sites.csv,2026-06-19,"Fields copied from the official HRSA CSV: site name, address, city, state, postal code, phone, website, HRSA geocoding coordinates, county/FIPS, operating hours per week, site status, and location setting. Site status: Active. Location setting: All Other Clinic Types. Operational schedule: Full-Time. Daily hours, services, price, insurance, and accessibility fields were not supplied by this intake.",BPS-H80-010555,Health Center Service Delivery and Look-Alike Sites,2026-06-19,2026-06-19,needs_review,
hrsa-bps-h80-040992,P.S.331 The Detective WenJian Liu School of Civics and Entrepreneurship,community_health_center,6312 13th Ave,Brooklyn,NY,36,Kings County,36047,11219-6556,40.62693411,-74.00078980,929-737-0510,,,,,,,,,,HRSA operating hours per week: 16.00,unknown,,,,,,,,,HRSA Health Center Service Delivery and Look-Alike Sites,https://data.hrsa.gov/DataDownload/DD_Files/Health_Center_Service_Delivery_and_LookAlike_Sites.csv,2026-06-19,"Fields copied from the official HRSA CSV: site name, address, city, state, postal code, phone, website, HRSA geocoding coordinates, county/FIPS, operating hours per week, site status, and location setting. Site status: Active. Location setting: School. Operational schedule: Unknown. Daily hours, services, price, insurance, and accessibility fields were not supplied by this intake.",BPS-H80-040992,Health Center Service Delivery and Look-Alike Sites,2026-06-19,2026-06-19,needs_review,
hrsa-bps-lal-040192,"Premium Health, Inc.",community_health_center,4510 16th Ave,Brooklyn,NY,36,Kings County,36047,11204-1101,40.63320306,-73.98361168,718-407-7300,premiumhealth.org,,,,,,,,,HRSA operating hours per week: 58.00,unknown,,,,,,,,,HRSA Health Center Service Delivery and Look-Alike Sites,https://data.hrsa.gov/DataDownload/DD_Files/Health_Center_Service_Delivery_and_LookAlike_Sites.csv,2026-06-19,"Fields copied from the official HRSA CSV: site name, address, city, state, postal code, phone, website, HRSA geocoding coordinates, county/FIPS, operating hours per week, site status, and location setting. Site status: Active. Location setting: All Other Clinic Types. Operational schedule: Unknown. Daily hours, services, price, insurance, and accessibility fields were not supplied by this intake.",BPS-LAL-040192,Health Center Service Delivery and Look-Alike Sites,2026-06-19,2026-06-19,needs_review,
hrsa-bps-h80-017010,The Seward Park School-based Health Center,community_health_center,350 Grand St,New York,NY,36,New York County,36061,10002-4693,40.71735623,-73.98959577,212-432-8490,,,,,,,,,,HRSA operating hours per week: 40.00,unknown,,,,,,,,,HRSA Health Center Service Delivery and Look-Alike Sites,https://data.hrsa.gov/DataDownload/DD_Files/Health_Center_Service_Delivery_and_LookAlike_Sites.csv,2026-06-19,"Fields copied from the official HRSA CSV: site name, address, city, state, postal code, phone, website, HRSA geocoding coordinates, county/FIPS, operating hours per week, site status, and location setting. Site status: Active. Location setting: School. Operational schedule: Unknown. Daily hours, services, price, insurance, and accessibility fields were not supplied by this intake.",BPS-H80-017010,Health Center Service Delivery and Look-Alike Sites,2026-06-19,2026-06-19,needs_review,
hrsa-bps-h80-002296,SBHC - Fowler High School,community_health_center,227 Magnolia Street,Syracuse,NY,36,Onondaga County,36067,13204,43.04376050,-76.17326486,315-435-4019,www.schcny.com,,,,,,,,,HRSA operating hours per week: 40.00,unknown,,,,,,,,,HRSA Health Center Service Delivery and Look-Alike Sites,https://data.hrsa.gov/DataDownload/DD_Files/Health_Center_Service_Delivery_and_LookAlike_Sites.csv,2026-06-19,"Fields copied from the official HRSA CSV: site name, address, city, state, postal code, phone, website, HRSA geocoding coordinates, county/FIPS, operating hours per week, site status, and location setting. Site status: Active. Location setting: School. Operational schedule: Full-Time. Daily hours, services, price, insurance, and accessibility fields were not supplied by this intake.",BPS-H80-002296,Health Center Service Delivery and Look-Alike Sites,2026-06-19,2026-06-19,needs_review,
hrsa-bps-h80-011263,West Mountain Family Health and West Mountain Specialty Care,community_health_center,161 Carey Rd,Queensbury,NY,36,Warren County,36113,12804-7821,43.29587524,-73.68927679,518-824-8610,www.hhhn.org,,,,,,,,,HRSA operating hours per week: 51.50,unknown,,,,,,,,,HRSA Health Center Service Delivery and Look-Alike Sites,https://data.hrsa.gov/DataDownload/DD_Files/Health_Center_Service_Delivery_and_LookAlike_Sites.csv,2026-06-19,"Fields copied from the official HRSA CSV: site name, address, city, state, postal code, phone, website, HRSA geocoding coordinates, county/FIPS, operating hours per week, site status, and location setting. Site status: Active. Location setting: All Other Clinic Types. Operational schedule: Full-Time. Daily hours, services, price, insurance, and accessibility fields were not supplied by this intake.",BPS-H80-011263,Health Center Service Delivery and Look-Alike Sites,2026-06-19,2026-06-19,needs_review,
hrsa-bps-h80-038528,Mobile Van two,community_health_center,107 W 4th St,Mount Vernon,NY,36,Westchester County,36119,10550-4098,40.90366201,-73.83868002,914-699-7200,,,,,,,,,,HRSA operating hours per week: 40.00,unknown,,,,,,,,,HRSA Health Center Service Delivery and Look-Alike Sites,https://data.hrsa.gov/DataDownload/DD_Files/Health_Center_Service_Delivery_and_LookAlike_Sites.csv,2026-06-19,"Fields copied from the official HRSA CSV: site name, address, city, state, postal code, phone, website, HRSA geocoding coordinates, county/FIPS, operating hours per week, site status, and location setting. Site status: Active. Location setting: All Other Clinic Types. Operational schedule: Unknown. Daily hours, services, price, insurance, and accessibility fields were not supplied by this intake.",BPS-H80-038528,Health Center Service Delivery and Look-Alike Sites,2026-06-19,2026-06-19,needs_review,
hrsa-bps-lal-038179,HASC Diagnostic and Treatment Center,community_health_center,1221 E 14th St,Brooklyn,NY,36,Kings County,36047,11230-4803,40.61944047,-73.96112052,718-434-4600,BKHealthcenter.org,,,,,,,,,HRSA operating hours per week: 40.00,unknown,,,,,,,,,HRSA Health Center Service Delivery and Look-Alike Sites,https://data.hrsa.gov/DataDownload/DD_Files/Health_Center_Service_Delivery_and_LookAlike_Sites.csv,2026-06-19,"Fields copied from the official HRSA CSV: site name, address, city, state, postal code, phone, website, HRSA geocoding coordinates, county/FIPS, operating hours per week, site status, and location setting. Site status: Active. Location setting: All Other Clinic Types. Operational schedule: Unknown. Daily hours, services, price, insurance, and accessibility fields were not supplied by this intake.",BPS-LAL-038179,Health Center Service Delivery and Look-Alike Sites,2026-06-19,2026-06-19,needs_review,
hrsa-bps-h80-002397,EDISON ELEMENTARY SCHOOL BASED,community_health_center,132 Rectory St,Port Chester,NY,36,Westchester County,36119,10573-3240,41.00850943,-73.66020533,914-939-1205,www.opendoormedical.org,,,,,,,,,HRSA operating hours per week: 40.00,unknown,,,,,,,,,HRSA Health Center Service Delivery and Look-Alike Sites,https://data.hrsa.gov/DataDownload/DD_Files/Health_Center_Service_Delivery_and_LookAlike_Sites.csv,2026-06-19,"Fields copied from the official HRSA CSV: site name, address, city, state, postal code, phone, website, HRSA geocoding coordinates, county/FIPS, operating hours per week, site status, and location setting. Site status: Active. Location setting: School. Operational schedule: Full-Time. Daily hours, services, price, insurance, and accessibility fields were not supplied by this intake.",BPS-H80-002397,Health Center Service Delivery and Look-Alike Sites,2026-06-19,2026-06-19,needs_review,
hrsa-bps-h80-024407,La Clinica de Las Americas (Dyckman Health Center),community_health_center,175 Nagle Ave,New York,NY,36,New York County,36061,10034-6001,40.86141236,-73.92437736,212-544-2001,,,,,,,,,,HRSA operating hours per week: 40.00,unknown,,,,,,,,,HRSA Health Center Service Delivery and Look-Alike Sites,https://data.hrsa.gov/DataDownload/DD_Files/Health_Center_Service_Delivery_and_LookAlike_Sites.csv,2026-06-19,"Fields copied from the official HRSA CSV: site name, address, city, state, postal code, phone, website, HRSA geocoding coordinates, county/FIPS, operating hours per week, site status, and location setting. Site status: Active. Location setting: All Other Clinic Types. Operational schedule: Unknown. Daily hours, services, price, insurance, and accessibility fields were not supplied by this intake.",BPS-H80-024407,Health Center Service Delivery and Look-Alike Sites,2026-06-19,2026-06-19,needs_review,
hrsa-bps-h80-040504,TCC - Olean Dermatology,community_health_center,2646 W State St,Olean,NY,36,Cattaraugus County,36009,14760-1866,42.07839773,-78.46150901,716-373-8870,,,,,,,,,,HRSA operating hours per week: 36.00,unknown,,,,,,,,,HRSA Health Center Service Delivery and Look-Alike Sites,https://data.hrsa.gov/DataDownload/DD_Files/Health_Center_Service_Delivery_and_LookAlike_Sites.csv,2026-06-19,"Fields copied from the official HRSA CSV: site name, address, city, state, postal code, phone, website, HRSA geocoding coordinates, county/FIPS, operating hours per week, site status, and location setting. Site status: Active. Location setting: All Other Clinic Types. Operational schedule: Unknown. Daily hours, services, price, insurance, and accessibility fields were not supplied by this intake.",BPS-H80-040504,Health Center Service Delivery and Look-Alike Sites,2026-06-19,2026-06-19,needs_review,
hrsa-bps-h80-018010,YOUNGSVILLE,community_health_center,423 Hemmer Rd,Livingston Manor,NY,36,Sullivan County,36105,12758-7047,41.79967095,-74.90020472,845-354-9300,,,,,,,,,,,unknown,,,,,,,,,HRSA Health Center Service Delivery and Look-Alike Sites,https://data.hrsa.gov/DataDownload/DD_Files/Health_Center_Service_Delivery_and_LookAlike_Sites.csv,2026-06-19,"Fields copied from the official HRSA CSV: site name, address, city, state, postal code, phone, website, HRSA geocoding coordinates, county/FIPS, operating hours per week, site status, and location setting. Site status: Active. Location setting: Unknown. Operational schedule: Unknown. Daily hours, services, price, insurance, and accessibility fields were not supplied by this intake.",BPS-H80-018010,Health Center Service Delivery and Look-Alike Sites,2026-06-19,2026-06-19,needs_review,
hrsa-bps-h80-013636,Boys and Girls High School,community_health_center,1700 Fulton St,Brooklyn,NY,36,Kings County,36047,11213-1235,40.67911786,-73.93139284,718-467-1700,,,,,,,,,,HRSA operating hours per week: 40.00,unknown,,,,,,,,,HRSA Health Center Service Delivery and Look-Alike Sites,https://data.hrsa.gov/DataDownload/DD_Files/Health_Center_Service_Delivery_and_LookAlike_Sites.csv,2026-06-19,"Fields copied from the official HRSA CSV: site name, address, city, state, postal code, phone, website, HRSA geocoding coordinates, county/FIPS, operating hours per week, site status, and location setting. Site status: Active. Location setting: School. Operational schedule: Full-Time. Daily hours, services, price, insurance, and accessibility fields were not supplied by this intake.",BPS-H80-013636,Health Center Service Delivery and Look-Alike Sites,2026-06-19,2026-06-19,needs_review,
hrsa-bps-h80-018481,LISH at Manorville,community_health_center,221 N Sunrise Service Rd,Manorville,NY,36,Suffolk County,36103,11949-9604,40.82539867,-72.78369656,631-878-8900,,,,,,,,,,HRSA operating hours per week: 2.50,unknown,,,,,,,,,HRSA Health Center Service Delivery and Look-Alike Sites,https://data.hrsa.gov/DataDownload/DD_Files/Health_Center_Service_Delivery_and_LookAlike_Sites.csv,2026-06-19,"Fields copied from the official HRSA CSV: site name, address, city, state, postal code, phone, website, HRSA geocoding coordinates, county/FIPS, operating hours per week, site status, and location setting. Site status: Active. Location setting: All Other Clinic Types. Operational schedule: Unknown. Daily hours, services, price, insurance, and accessibility fields were not supplied by this intake.",BPS-H80-018481,Health Center Service Delivery and Look-Alike Sites,2026-06-19,2026-06-19,needs_review,
hrsa-bps-h80-017275,"Charles B. Wang Community Health Center, Inc.",community_health_center,13743 45th Ave,Flushing,NY,36,Queens County,36081,11355-4048,40.75156055,-73.82202921,929-362-3018,,,,,,,,,,HRSA operating hours per week: 35.00,unknown,,,,,,,,,HRSA Health Center Service Delivery and Look-Alike Sites,https://data.hrsa.gov/DataDownload/DD_Files/Health_Center_Service_Delivery_and_LookAlike_Sites.csv,2026-06-19,"Fields copied from the official HRSA CSV: site name, address, city, state, postal code, phone, website, HRSA geocoding coordinates, county/FIPS, operating hours per week, site status, and location setting. Site status: Active. Location setting: All Other Clinic Types. Operational schedule: Unknown. Daily hours, services, price, insurance, and accessibility fields were not supplied by this intake.",BPS-H80-017275,Health Center Service Delivery and Look-Alike Sites,2026-06-19,2026-06-19,needs_review,
hrsa-bps-h80-021932,Institute for Family Health at CASES,community_health_center,2090 Adam Clayton Powell Jr Blvd,New York,NY,36,New York County,36061,10027-4990,40.80873507,-73.94884237,212-633-0800,,,,,,,,,,HRSA operating hours per week: 24.00,unknown,,,,,,,,,HRSA Health Center Service Delivery and Look-Alike Sites,https://data.hrsa.gov/DataDownload/DD_Files/Health_Center_Service_Delivery_and_LookAlike_Sites.csv,2026-06-19,"Fields copied from the official HRSA CSV: site name, address, city, state, postal code, phone, website, HRSA geocoding coordinates, county/FIPS, operating hours per week, site status, and location setting. Site status: Active. Location setting: All Other Clinic Types. Operational schedule: Unknown. Daily hours, services, price, insurance, and accessibility fields were not supplied by this intake.",BPS-H80-021932,Health Center Service Delivery and Look-Alike Sites,2026-06-19,2026-06-19,needs_review,
hrsa-bps-h80-037308,Sun River Health Poughkeepsie Manchester RD,community_health_center,20 Manchester Rd,Poughkeepsie,NY,36,Dutchess County,36027,12603-2596,41.69399862,-73.89497113,844-500-1975,,,,,,,,,,HRSA operating hours per week: 7.00,unknown,,,,,,,,,HRSA Health Center Service Delivery and Look-Alike Sites,https://data.hrsa.gov/DataDownload/DD_Files/Health_Center_Service_Delivery_and_LookAlike_Sites.csv,2026-06-19,"Fields copied from the official HRSA CSV: site name, address, city, state, postal code, phone, website, HRSA geocoding coordinates, county/FIPS, operating hours per week, site status, and location setting. Site status: Active. Location setting: All Other Clinic Types. Operational schedule: Unknown. Daily hours, services, price, insurance, and accessibility fields were not supplied by this intake.",BPS-H80-037308,Health Center Service Delivery and Look-Alike Sites,2026-06-19,2026-06-19,needs_review,
hrsa-bps-h80-027223,Sun River Health Part 822-4 Outpatient Services,community_health_center,2400 Linden Blvd,Brooklyn,NY,36,Kings County,36047,11208-4830,40.66522050,-73.87439146,855-681-8700,,,,,,,,,,HRSA operating hours per week: 52.00,unknown,,,,,,,,,HRSA Health Center Service Delivery and Look-Alike Sites,https://data.hrsa.gov/DataDownload/DD_Files/Health_Center_Service_Delivery_and_LookAlike_Sites.csv,2026-06-19,"Fields copied from the official HRSA CSV: site name, address, city, state, postal code, phone, website, HRSA geocoding coordinates, county/FIPS, operating hours per week, site status, and location setting. Site status: Active. Location setting: All Other Clinic Types. Operational schedule: Unknown. Daily hours, services, price, insurance, and accessibility fields were not supplied by this intake.",BPS-H80-027223,Health Center Service Delivery and Look-Alike Sites,2026-06-19,2026-06-19,needs_review,
hrsa-bps-h80-021363,Medical Mobile Van (3),community_health_center,999 Blake Ave,Brooklyn,NY,36,Kings County,36047,11208-3500,40.66995703,-73.88131600,718-277-8303,www.chnnyc.org,,,,,,,,,HRSA operating hours per week: 40.00,unknown,,,,,,,,,HRSA Health Center Service Delivery and Look-Alike Sites,https://data.hrsa.gov/DataDownload/DD_Files/Health_Center_Service_Delivery_and_LookAlike_Sites.csv,2026-06-19,"Fields copied from the official HRSA CSV: site name, address, city, state, postal code, phone, website, HRSA geocoding coordinates, county/FIPS, operating hours per week, site status, and location setting. Site status: Active. Location setting: All Other Clinic Types. Operational schedule: Unknown. Daily hours, services, price, insurance, and accessibility fields were not supplied by this intake.",BPS-H80-021363,Health Center Service Delivery and Look-Alike Sites,2026-06-19,2026-06-19,needs_review,
hrsa-bps-h80-021866,PS 091,community_health_center,532 Albany Ave,Brooklyn,NY,36,Kings County,36047,11203-1226,40.66184528,-73.94014238,718-756-0243,,,,,,,,,,HRSA operating hours per week: 48.00,unknown,,,,,,,,,HRSA Health Center Service Delivery and Look-Alike Sites,https://data.hrsa.gov/DataDownload/DD_Files/Health_Center_Service_Delivery_and_LookAlike_Sites.csv,2026-06-19,"Fields copied from the official HRSA CSV: site name, address, city, state, postal code, phone, website, HRSA geocoding coordinates, county/FIPS, operating hours per week, site status, and location setting. Site status: Active. Location setting: School. Operational schedule: Unknown. Daily hours, services, price, insurance, and accessibility fields were not supplied by this intake.",BPS-H80-021866,Health Center Service Delivery and Look-Alike Sites,2026-06-19,2026-06-19,needs_review,
hrsa-bps-h80-030051,Oak Orchard Community Health Center - Pembroke,community_health_center,860 Main Rd,Corfu,NY,36,Genesee County,36037,14036-9753,42.99352055,-78.42235378,585-599-6446,,,,,,,,,,HRSA operating hours per week: 45.00,unknown,,,,,,,,,HRSA Health Center Service Delivery and Look-Alike Sites,https://data.hrsa.gov/DataDownload/DD_Files/Health_Center_Service_Delivery_and_LookAlike_Sites.csv,2026-06-19,"Fields copied from the official HRSA CSV: site name, address, city, state, postal code, phone, website, HRSA geocoding coordinates, county/FIPS, operating hours per week, site status, and location setting. Site status: Active. Location setting: All Other Clinic Types. Operational schedule: Unknown. Daily hours, services, price, insurance, and accessibility fields were not supplied by this intake.",BPS-H80-030051,Health Center Service Delivery and Look-Alike Sites,2026-06-19,2026-06-19,needs_review,
hrsa-bps-h80-018479,LISH at Riverhead,community_health_center,883 E Main St,Riverhead,NY,36,Suffolk County,36103,11901-6901,40.92380854,-72.64968334,631-284-5500,,,,,,,,,,HRSA operating hours per week: 52.50,unknown,,,,,,,,,HRSA Health Center Service Delivery and Look-Alike Sites,https://data.hrsa.gov/DataDownload/DD_Files/Health_Center_Service_Delivery_and_LookAlike_Sites.csv,2026-06-19,"Fields copied from the official HRSA CSV: site name, address, city, state, postal code, phone, website, HRSA geocoding coordinates, county/FIPS, operating hours per week, site status, and location setting. Site status: Active. Location setting: All Other Clinic Types. Operational schedule: Unknown. Daily hours, services, price, insurance, and accessibility fields were not supplied by this intake.",BPS-H80-018479,Health Center Service Delivery and Look-Alike Sites,2026-06-19,2026-06-19,needs_review,
hrsa-bps-h80-002818,REFUAH MOBILE VAN PROGRAM #1,community_health_center,728 N Main St,New Square,NY,36,Rockland County,36087,10977-8916,41.13953824,-74.03502770,845-354-9300,www.refuahhealthcenter.com,,,,,,,,,HRSA operating hours per week: 90.00,unknown,,,,,,,,,HRSA Health Center Service Delivery and Look-Alike Sites,https://data.hrsa.gov/DataDownload/DD_Files/Health_Center_Service_Delivery_and_LookAlike_Sites.csv,2026-06-19,"Fields copied from the official HRSA CSV: site name, address, city, state, postal code, phone, website, HRSA geocoding coordinates, county/FIPS, operating hours per week, site status, and location setting. Site status: Active. Location setting: All Other Clinic Types. Operational schedule: Full-Time. Daily hours, services, price, insurance, and accessibility fields were not supplied by this intake.",BPS-H80-002818,Health Center Service Delivery and Look-Alike Sites,2026-06-19,2026-06-19,needs_review,
hrsa-bps-h80-024718,Oakside Elementary School,community_health_center,200 Decatur Ave,Peekskill,NY,36,Westchester County,36119,10566-2106,41.29246723,-73.92423679,914-734-8800,,,,,,,,,,HRSA operating hours per week: 21.00,unknown,,,,,,,,,HRSA Health Center Service Delivery and Look-Alike Sites,https://data.hrsa.gov/DataDownload/DD_Files/Health_Center_Service_Delivery_and_LookAlike_Sites.csv,2026-06-19,"Fields copied from the official HRSA CSV: site name, address, city, state, postal code, phone, website, HRSA geocoding coordinates, county/FIPS, operating hours per week, site status, and location setting. Site status: Active. Location setting: School. Operational schedule: Unknown. Daily hours, services, price, insurance, and accessibility fields were not supplied by this intake.",BPS-H80-024718,Health Center Service Delivery and Look-Alike Sites,2026-06-19,2026-06-19,needs_review,
hrsa-bps-h80-040993,P.S.413 The Joanne Seminara School of Law and Medicine,community_health_center,280 Senator St,Brooklyn,NY,36,Kings County,36047,11220-5207,40.63737298,-74.02565395,347-991-7047,,,,,,,,,,HRSA operating hours per week: 16.00,unknown,,,,,,,,,HRSA Health Center Service Delivery and Look-Alike Sites,https://data.hrsa.gov/DataDownload/DD_Files/Health_Center_Service_Delivery_and_LookAlike_Sites.csv,2026-06-19,"Fields copied from the official HRSA CSV: site name, address, city, state, postal code, phone, website, HRSA geocoding coordinates, county/FIPS, operating hours per week, site status, and location setting. Site status: Active. Location setting: School. Operational schedule: Unknown. Daily hours, services, price, insurance, and accessibility fields were not supplied by this intake.",BPS-H80-040993,Health Center Service Delivery and Look-Alike Sites,2026-06-19,2026-06-19,needs_review,
hrsa-bps-lal-036522,Hudson Valley Regional Community Health Centers - Putnam,community_health_center,15 Mount Ebo Rd S,Brewster,NY,36,Putnam County,36079,10509,41.43442474,-73.57260036,845-278-6930,www.hvrchc.org,,,,,,,,,HRSA operating hours per week: 46.00,unknown,,,,,,,,,HRSA Health Center Service Delivery and Look-Alike Sites,https://data.hrsa.gov/DataDownload/DD_Files/Health_Center_Service_Delivery_and_LookAlike_Sites.csv,2026-06-19,"Fields copied from the official HRSA CSV: site name, address, city, state, postal code, phone, website, HRSA geocoding coordinates, county/FIPS, operating hours per week, site status, and location setting. Site status: Active. Location setting: All Other Clinic Types. Operational schedule: Unknown. Daily hours, services, price, insurance, and accessibility fields were not supplied by this intake.",BPS-LAL-036522,Health Center Service Delivery and Look-Alike Sites,2026-06-19,2026-06-19,needs_review,
hrsa-bps-h80-019443,"Charles Evans Center, Inc - Hauppauge",community_health_center,305 Oser Ave,Hauppauge,NY,36,Suffolk County,36103,11788-3607,40.81655794,-73.25971238,516-622-8888,,,,,,,,,,HRSA operating hours per week: 40.00,unknown,,,,,,,,,HRSA Health Center Service Delivery and Look-Alike Sites,https://data.hrsa.gov/DataDownload/DD_Files/Health_Center_Service_Delivery_and_LookAlike_Sites.csv,2026-06-19,"Fields copied from the official HRSA CSV: site name, address, city, state, postal code, phone, website, HRSA geocoding coordinates, county/FIPS, operating hours per week, site status, and location setting. Site status: Active. Location setting: All Other Clinic Types. Operational schedule: Unknown. Daily hours, services, price, insurance, and accessibility fields were not supplied by this intake.",BPS-H80-019443,Health Center Service Delivery and Look-Alike Sites,2026-06-19,2026-06-19,needs_review,
hrsa-bps-h80-033641,Central Square Health Center,community_health_center,3045 NY-49,Central Square,NY,36,Oswego County,36075,13036-2611,43.28712565,-76.13105012,315-675-9000,,,,,,,,,,HRSA operating hours per week: 49.00,unknown,,,,,,,,,HRSA Health Center Service Delivery and Look-Alike Sites,https://data.hrsa.gov/DataDownload/DD_Files/Health_Center_Service_Delivery_and_LookAlike_Sites.csv,2026-06-19,"Fields copied from the official HRSA CSV: site name, address, city, state, postal code, phone, website, HRSA geocoding coordinates, county/FIPS, operating hours per week, site status, and location setting. Site status: Active. Location setting: All Other Clinic Types. Operational schedule: Unknown. Daily hours, services, price, insurance, and accessibility fields were not supplied by this intake.",BPS-H80-033641,Health Center Service Delivery and Look-Alike Sites,2026-06-19,2026-06-19,needs_review,
hrsa-bps-h80-035338,ODA Crown Heights Health Center,community_health_center,779 E New York Ave,Brooklyn,NY,36,Kings County,36047,11203-1390,40.66266821,-73.93668635,718-260-4600,,,,,,,,,,HRSA operating hours per week: 56.00,unknown,,,,,,,,,HRSA Health Center Service Delivery and Look-Alike Sites,https://data.hrsa.gov/DataDownload/DD_Files/Health_Center_Service_Delivery_and_LookAlike_Sites.csv,2026-06-19,"Fields copied from the official HRSA CSV: site name, address, city, state, postal code, phone, website, HRSA geocoding coordinates, county/FIPS, operating hours per week, site status, and location setting. Site status: Active. Location setting: All Other Clinic Types. Operational schedule: Unknown. Daily hours, services, price, insurance, and accessibility fields were not supplied by this intake.",BPS-H80-035338,Health Center Service Delivery and Look-Alike Sites,2026-06-19,2026-06-19,needs_review,
hrsa-bps-h80-041596,Cayuga-Onondaga BOCES,community_health_center,1879 W Genesee Street Rd,Auburn,NY,36,Cayuga County,36011,13021-9430,42.91738701,-76.61593496,315-253-8477 x3405,https://www.easthillmedical.com/behavioral,,,,,,,,,HRSA operating hours per week: 5.50,unknown,,,,,,,,,HRSA Health Center Service Delivery and Look-Alike Sites,https://data.hrsa.gov/DataDownload/DD_Files/Health_Center_Service_Delivery_and_LookAlike_Sites.csv,2026-06-19,"Fields copied from the official HRSA CSV: site name, address, city, state, postal code, phone, website, HRSA geocoding coordinates, county/FIPS, operating hours per week, site status, and location setting. Site status: Active. Location setting: School. Operational schedule: Unknown. Daily hours, services, price, insurance, and accessibility fields were not supplied by this intake.",BPS-H80-041596,Health Center Service Delivery and Look-Alike Sites,2026-06-19,2026-06-19,needs_review,
hrsa-bps-h80-009060,CHCR,community_health_center,235 Port Richmond Ave,Staten Island,NY,36,Richmond County,36085,10302-1701,40.63546399,-74.13499145,718-876-1732,,,,,,,,,,HRSA operating hours per week: 56.00,unknown,,,,,,,,,HRSA Health Center Service Delivery and Look-Alike Sites,https://data.hrsa.gov/DataDownload/DD_Files/Health_Center_Service_Delivery_and_LookAlike_Sites.csv,2026-06-19,"Fields copied from the official HRSA CSV: site name, address, city, state, postal code, phone, website, HRSA geocoding coordinates, county/FIPS, operating hours per week, site status, and location setting. Site status: Active. Location setting: All Other Clinic Types. Operational schedule: Unknown. Daily hours, services, price, insurance, and accessibility fields were not supplied by this intake.",BPS-H80-009060,Health Center Service Delivery and Look-Alike Sites,2026-06-19,2026-06-19,needs_review,
hrsa-bps-h80-024694,PS 092,community_health_center,601 Parkside Ave,Brooklyn,NY,36,Kings County,36047,11226-1509,40.65613741,-73.95411560,718-462-8449,,,,,,,,,,HRSA operating hours per week: 48.00,unknown,,,,,,,,,HRSA Health Center Service Delivery and Look-Alike Sites,https://data.hrsa.gov/DataDownload/DD_Files/Health_Center_Service_Delivery_and_LookAlike_Sites.csv,2026-06-19,"Fields copied from the official HRSA CSV: site name, address, city, state, postal code, phone, website, HRSA geocoding coordinates, county/FIPS, operating hours per week, site status, and location setting. Site status: Active. Location setting: School. Operational schedule: Unknown. Daily hours, services, price, insurance, and accessibility fields were not supplied by this intake.",BPS-H80-024694,Health Center Service Delivery and Look-Alike Sites,2026-06-19,2026-06-19,needs_review,
hrsa-bps-h80-039306,CHI Health Center 11219,community_health_center,1466 49th St,Brooklyn,NY,36,Kings County,36047,11219-3256,40.63275550,-73.98841141,718-210-3110,,,,,,,,,,HRSA operating hours per week: 80.00,unknown,,,,,,,,,HRSA Health Center Service Delivery and Look-Alike Sites,https://data.hrsa.gov/DataDownload/DD_Files/Health_Center_Service_Delivery_and_LookAlike_Sites.csv,2026-06-19,"Fields copied from the official HRSA CSV: site name, address, city, state, postal code, phone, website, HRSA geocoding coordinates, county/FIPS, operating hours per week, site status, and location setting. Site status: Active. Location setting: All Other Clinic Types. Operational schedule: Unknown. Daily hours, services, price, insurance, and accessibility fields were not supplied by this intake.",BPS-H80-039306,Health Center Service Delivery and Look-Alike Sites,2026-06-19,2026-06-19,needs_review,
hrsa-bps-h80-003140,Sun River Health Monticello,community_health_center,23 Lakewood Ave,Monticello,NY,36,Sullivan County,36105,12701-2021,41.65374122,-74.68862470,845-794-2010,www.sunriver.org,,,,,,,,,HRSA operating hours per week: 46.00,unknown,,,,,,,,,HRSA Health Center Service Delivery and Look-Alike Sites,https://data.hrsa.gov/DataDownload/DD_Files/Health_Center_Service_Delivery_and_LookAlike_Sites.csv,2026-06-19,"Fields copied from the official HRSA CSV: site name, address, city, state, postal code, phone, website, HRSA geocoding coordinates, county/FIPS, operating hours per week, site status, and location setting. Site status: Active. Location setting: All Other Clinic Types. Operational schedule: Full-Time. Daily hours, services, price, insurance, and accessibility fields were not supplied by this intake.",BPS-H80-003140,Health Center Service Delivery and Look-Alike Sites,2026-06-19,2026-06-19,needs_review,
hrsa-bps-h80-003239,Oak Orchard Community Health Center (Albion),community_health_center,301 West Ave,Albion,NY,36,Orleans County,36073,14411-1594,43.24122184,-78.20256042,585-589-5613,www.oochc.org,,,,,,,,,HRSA operating hours per week: 50.00,unknown,,,,,,,,,HRSA Health Center Service Delivery and Look-Alike Sites,https://data.hrsa.gov/DataDownload/DD_Files/Health_Center_Service_Delivery_and_LookAlike_Sites.csv,2026-06-19,"Fields copied from the official HRSA CSV: site name, address, city, state, postal code, phone, website, HRSA geocoding coordinates, county/FIPS, operating hours per week, site status, and location setting. Site status: Active. Location setting: All Other Clinic Types. Operational schedule: Full-Time. Daily hours, services, price, insurance, and accessibility fields were not supplied by this intake.",BPS-H80-003239,Health Center Service Delivery and Look-Alike Sites,2026-06-19,2026-06-19,needs_review,
hrsa-bps-h80-006750,Mobile -Medical Van (1),community_health_center,Sutphin Blvd,Jamaica,NY,36,Queens County,36081,11435-5435,40.69334746,-73.79975301,212-366-4500,www.chnnyc.org,,,,,,,,,HRSA operating hours per week: 24.00,unknown,,,,,,,,,HRSA Health Center Service Delivery and Look-Alike Sites,https://data.hrsa.gov/DataDownload/DD_Files/Health_Center_Service_Delivery_and_LookAlike_Sites.csv,2026-06-19,"Fields copied from the official HRSA CSV: site name, address, city, state, postal code, phone, website, HRSA geocoding coordinates, county/FIPS, operating hours per week, site status, and location setting. Site status: Active. Location setting: All Other Clinic Types. Operational schedule: Part-Time. Daily hours, services, price, insurance, and accessibility fields were not supplied by this intake.",BPS-H80-006750,Health Center Service Delivery and Look-Alike Sites,2026-06-19,2026-06-19,needs_review,
hrsa-bps-h80-003340,JOHN F. KENNEDY MAGNET SCHOOL,community_health_center,40 Olivia St,Port Chester,NY,36,Westchester County,36119,10573-4899,40.99781698,-73.67253796,914-939-1163,www.opendoormedical.org,,,,,,,,,HRSA operating hours per week: 40.00,unknown,,,,,,,,,HRSA Health Center Service Delivery and Look-Alike Sites,https://data.hrsa.gov/DataDownload/DD_Files/Health_Center_Service_Delivery_and_LookAlike_Sites.csv,2026-06-19,"Fields copied from the official HRSA CSV: site name, address, city, state, postal code, phone, website, HRSA geocoding coordinates, county/FIPS, operating hours per week, site status, and location setting. Site status: Active. Location setting: School. Operational schedule: Full-Time. Daily hours, services, price, insurance, and accessibility fields were not supplied by this intake.",BPS-H80-003340,Health Center Service Delivery and Look-Alike Sites,2026-06-19,2026-06-19,needs_review,
hrsa-bps-h80-021560,Casa Maria Community Health Center,community_health_center,324 E 149th St,Bronx,NY,36,Bronx County,36005,10451-5602,40.81670308,-73.92068178,718-742-7711,www.acacianetwork.org,,,,,,,,,HRSA operating hours per week: 47.50,unknown,,,,,,,,,HRSA Health Center Service Delivery and Look-Alike Sites,https://data.hrsa.gov/DataDownload/DD_Files/Health_Center_Service_Delivery_and_LookAlike_Sites.csv,2026-06-19,"Fields copied from the official HRSA CSV: site name, address, city, state, postal code, phone, website, HRSA geocoding coordinates, county/FIPS, operating hours per week, site status, and location setting. Site status: Active. Location setting: All Other Clinic Types. Operational schedule: Unknown. Daily hours, services, price, insurance, and accessibility fields were not supplied by this intake.",BPS-H80-021560,Health Center Service Delivery and Look-Alike Sites,2026-06-19,2026-06-19,needs_review,
hrsa-bps-h80-015336,Sun River Health Brentwood,community_health_center,1869 Brentwood Rd,Brentwood,NY,36,Suffolk County,36103,11717-4625,40.78031422,-73.24294020,631-416-5480,,,,,,,,,,HRSA operating hours per week: 55.00,unknown,,,,,,,,,HRSA Health Center Service Delivery and Look-Alike Sites,https://data.hrsa.gov/DataDownload/DD_Files/Health_Center_Service_Delivery_and_LookAlike_Sites.csv,2026-06-19,"Fields copied from the official HRSA CSV: site name, address, city, state, postal code, phone, website, HRSA geocoding coordinates, county/FIPS, operating hours per week, site status, and location setting. Site status: Active. Location setting: All Other Clinic Types. Operational schedule: Unknown. Daily hours, services, price, insurance, and accessibility fields were not supplied by this intake.",BPS-H80-015336,Health Center Service Delivery and Look-Alike Sites,2026-06-19,2026-06-19,needs_review,
hrsa-bps-h80-019021,"Southern Tier Community Health Center Network, Salamanca site",community_health_center,445 Broad St,Salamanca,NY,36,Cattaraugus County,36009,14779-1424,42.15729759,-78.73198791,716-375-7500 x6,www.upchealth.net,,,,,,,,,HRSA operating hours per week: 45.00,unknown,,,,,,,,,HRSA Health Center Service Delivery and Look-Alike Sites,https://data.hrsa.gov/DataDownload/DD_Files/Health_Center_Service_Delivery_and_LookAlike_Sites.csv,2026-06-19,"Fields copied from the official HRSA CSV: site name, address, city, state, postal code, phone, website, HRSA geocoding coordinates, county/FIPS, operating hours per week, site status, and location setting. Site status: Active. Location setting: All Other Clinic Types. Operational schedule: Unknown. Daily hours, services, price, insurance, and accessibility fields were not supplied by this intake.",BPS-H80-019021,Health Center Service Delivery and Look-Alike Sites,2026-06-19,2026-06-19,needs_review,
hrsa-bps-h80-034883,Sun River Health St. Ann's Ave,community_health_center,820 Saint Anns Ave,Bronx,NY,36,Bronx County,36005,10456-7885,40.82107847,-73.90972537,718-215-8280,,,,,,,,,,HRSA operating hours per week: 50.00,unknown,,,,,,,,,HRSA Health Center Service Delivery and Look-Alike Sites,https://data.hrsa.gov/DataDownload/DD_Files/Health_Center_Service_Delivery_and_LookAlike_Sites.csv,2026-06-19,"Fields copied from the official HRSA CSV: site name, address, city, state, postal code, phone, website, HRSA geocoding coordinates, county/FIPS, operating hours per week, site status, and location setting. Site status: Active. Location setting: All Other Clinic Types. Operational schedule: Unknown. Daily hours, services, price, insurance, and accessibility fields were not supplied by this intake.",BPS-H80-034883,Health Center Service Delivery and Look-Alike Sites,2026-06-19,2026-06-19,needs_review,
hrsa-bps-h80-014787,Newark Community Health,community_health_center,513 W Union St,Newark,NY,36,Wayne County,36117,14513-1365,43.04804986,-77.11068258,315-573-7577,,,,,,,,,,HRSA operating hours per week: 46.00,unknown,,,,,,,,,HRSA Health Center Service Delivery and Look-Alike Sites,https://data.hrsa.gov/DataDownload/DD_Files/Health_Center_Service_Delivery_and_LookAlike_Sites.csv,2026-06-19,"Fields copied from the official HRSA CSV: site name, address, city, state, postal code, phone, website, HRSA geocoding coordinates, county/FIPS, operating hours per week, site status, and location setting. Site status: Active. Location setting: All Other Clinic Types. Operational schedule: Unknown. Daily hours, services, price, insurance, and accessibility fields were not supplied by this intake.",BPS-H80-014787,Health Center Service Delivery and Look-Alike Sites,2026-06-19,2026-06-19,needs_review,
hrsa-bps-h80-033990,Finger Lakes Community Health - Perry Office,community_health_center,3 Lake St,Perry,NY,36,Wyoming County,36121,14530-1515,42.71818106,-78.00311177,315-531-9102,,,,,,,,,,,unknown,,,,,,,,,HRSA Health Center Service Delivery and Look-Alike Sites,https://data.hrsa.gov/DataDownload/DD_Files/Health_Center_Service_Delivery_and_LookAlike_Sites.csv,2026-06-19,"Fields copied from the official HRSA CSV: site name, address, city, state, postal code, phone, website, HRSA geocoding coordinates, county/FIPS, operating hours per week, site status, and location setting. Site status: Active. Location setting: All Other Clinic Types. Operational schedule: Unknown. Daily hours, services, price, insurance, and accessibility fields were not supplied by this intake.",BPS-H80-033990,Health Center Service Delivery and Look-Alike Sites,2026-06-19,2026-06-19,needs_review,
hrsa-bps-h80-034491,Valley Lodge,community_health_center,145 W 108th St,New York,NY,36,New York County,36061,10025-2995,40.80152923,-73.96417380,212-678-0570,,,,,,,,,,HRSA operating hours per week: 20.00,unknown,,,,,,,,,HRSA Health Center Service Delivery and Look-Alike Sites,https://data.hrsa.gov/DataDownload/DD_Files/Health_Center_Service_Delivery_and_LookAlike_Sites.csv,2026-06-19,"Fields copied from the official HRSA CSV: site name, address, city, state, postal code, phone, website, HRSA geocoding coordinates, county/FIPS, operating hours per week, site status, and location setting. Site status: Active. Location setting: All Other Clinic Types. Operational schedule: Unknown. Daily hours, services, price, insurance, and accessibility fields were not supplied by this intake.",BPS-H80-034491,Health Center Service Delivery and Look-Alike Sites,2026-06-19,2026-06-19,needs_review,
hrsa-bps-h80-022102,Neighborhood Health Center Southtowns,community_health_center,151 Elmview Ave,Hamburg,NY,36,Erie County,36029,14075-3762,42.73334719,-78.84222133,716-875-2904,,,,,,,,,,HRSA operating hours per week: 47.00,unknown,,,,,,,,,HRSA Health Center Service Delivery and Look-Alike Sites,https://data.hrsa.gov/DataDownload/DD_Files/Health_Center_Service_Delivery_and_LookAlike_Sites.csv,2026-06-19,"Fields copied from the official HRSA CSV: site name, address, city, state, postal code, phone, website, HRSA geocoding coordinates, county/FIPS, operating hours per week, site status, and location setting. Site status: Active. Location setting: All Other Clinic Types. Operational schedule: Unknown. Daily hours, services, price, insurance, and accessibility fields were not supplied by this intake.",BPS-H80-022102,Health Center Service Delivery and Look-Alike Sites,2026-06-19,2026-06-19,needs_review,
hrsa-bps-h80-018487,Williamsburg Community Health Center,community_health_center,279 Graham Ave,Brooklyn,NY,36,Kings County,36047,11211-4901,40.71208511,-73.94414155,718-963-7820,,,,,,,,,,HRSA operating hours per week: 56.00,unknown,,,,,,,,,HRSA Health Center Service Delivery and Look-Alike Sites,https://data.hrsa.gov/DataDownload/DD_Files/Health_Center_Service_Delivery_and_LookAlike_Sites.csv,2026-06-19,"Fields copied from the official HRSA CSV: site name, address, city, state, postal code, phone, website, HRSA geocoding coordinates, county/FIPS, operating hours per week, site status, and location setting. Site status: Active. Location setting: All Other Clinic Types. Operational schedule: Unknown. Daily hours, services, price, insurance, and accessibility fields were not supplied by this intake.",BPS-H80-018487,Health Center Service Delivery and Look-Alike Sites,2026-06-19,2026-06-19,needs_review,
hrsa-bps-h80-036455,Refuah Health - Wilson Avenue,community_health_center,408 Wilson Ave,Spring Valley,NY,36,Rockland County,36087,10977-1946,41.13667795,-74.02828974,845-354-9300,www.RefuahHealth.org,,,,,,,,,HRSA operating hours per week: 40.00,unknown,,,,,,,,,HRSA Health Center Service Delivery and Look-Alike Sites,https://data.hrsa.gov/DataDownload/DD_Files/Health_Center_Service_Delivery_and_LookAlike_Sites.csv,2026-06-19,"Fields copied from the official HRSA CSV: site name, address, city, state, postal code, phone, website, HRSA geocoding coordinates, county/FIPS, operating hours per week, site status, and location setting. Site status: Active. Location setting: All Other Clinic Types. Operational schedule: Unknown. Daily hours, services, price, insurance, and accessibility fields were not supplied by this intake.",BPS-H80-036455,Health Center Service Delivery and Look-Alike Sites,2026-06-19,2026-06-19,needs_review,
hrsa-bps-h80-033084,Settlement Health - Plaza 2,community_health_center,2082 1st Ave,New York,NY,36,New York County,36061,10029-4307,40.79087713,-73.93913085,212-360-2600,,,,,,,,,,HRSA operating hours per week: 14.00,unknown,,,,,,,,,HRSA Health Center Service Delivery and Look-Alike Sites,https://data.hrsa.gov/DataDownload/DD_Files/Health_Center_Service_Delivery_and_LookAlike_Sites.csv,2026-06-19,"Fields copied from the official HRSA CSV: site name, address, city, state, postal code, phone, website, HRSA geocoding coordinates, county/FIPS, operating hours per week, site status, and location setting. Site status: Active. Location setting: All Other Clinic Types. Operational schedule: Unknown. Daily hours, services, price, insurance, and accessibility fields were not supplied by this intake.",BPS-H80-033084,Health Center Service Delivery and Look-Alike Sites,2026-06-19,2026-06-19,needs_review,
hrsa-bps-h80-034377,Goldie Maple Academy/P.S. 333,community_health_center,3-65 Beach 56th St,Arverne,NY,36,Queens County,36081,11692,40.59090001,-73.78662002,718-945-3300,,,,,,,,,,HRSA operating hours per week: 48.00,unknown,,,,,,,,,HRSA Health Center Service Delivery and Look-Alike Sites,https://data.hrsa.gov/DataDownload/DD_Files/Health_Center_Service_Delivery_and_LookAlike_Sites.csv,2026-06-19,"Fields copied from the official HRSA CSV: site name, address, city, state, postal code, phone, website, HRSA geocoding coordinates, county/FIPS, operating hours per week, site status, and location setting. Site status: Active. Location setting: School. Operational schedule: Unknown. Daily hours, services, price, insurance, and accessibility fields were not supplied by this intake.",BPS-H80-034377,Health Center Service Delivery and Look-Alike Sites,2026-06-19,2026-06-19,needs_review,
hrsa-bps-h80-012557,Penn Yan Community Health Medical Center,community_health_center,112 Kimball Ave,Penn Yan,NY,36,Yates County,36123,14527-1816,42.65491745,-77.05634824,315-536-2752,,,,,,,,,,HRSA operating hours per week: 44.00,unknown,,,,,,,,,HRSA Health Center Service Delivery and Look-Alike Sites,https://data.hrsa.gov/DataDownload/DD_Files/Health_Center_Service_Delivery_and_LookAlike_Sites.csv,2026-06-19,"Fields copied from the official HRSA CSV: site name, address, city, state, postal code, phone, website, HRSA geocoding coordinates, county/FIPS, operating hours per week, site status, and location setting. Site status: Active. Location setting: All Other Clinic Types. Operational schedule: Full-Time. Daily hours, services, price, insurance, and accessibility fields were not supplied by this intake.",BPS-H80-012557,Health Center Service Delivery and Look-Alike Sites,2026-06-19,2026-06-19,needs_review,
hrsa-bps-h80-021754,Bushwick Communicare Center,community_health_center,335 Central Ave,Brooklyn,NY,36,Kings County,36047,11221-4599,40.69463419,-73.91878235,718-573-4860,,,,,,,,,,HRSA operating hours per week: 32.00,unknown,,,,,,,,,HRSA Health Center Service Delivery and Look-Alike Sites,https://data.hrsa.gov/DataDownload/DD_Files/Health_Center_Service_Delivery_and_LookAlike_Sites.csv,2026-06-19,"Fields copied from the official HRSA CSV: site name, address, city, state, postal code, phone, website, HRSA geocoding coordinates, county/FIPS, operating hours per week, site status, and location setting. Site status: Active. Location setting: All Other Clinic Types. Operational schedule: Unknown. Daily hours, services, price, insurance, and accessibility fields were not supplied by this intake.",BPS-H80-021754,Health Center Service Delivery and Look-Alike Sites,2026-06-19,2026-06-19,needs_review,
hrsa-bps-h80-039500,Trillium Health at 924 Jefferson Avenue,community_health_center,924 Jefferson Ave,Rochester,NY,36,Monroe County,36055,14611-3702,43.13617459,-77.62877271,585-545-7200,https://www.trilliumhealth.org/,,,,,,,,,HRSA operating hours per week: 49.00,unknown,,,,,,,,,HRSA Health Center Service Delivery and Look-Alike Sites,https://data.hrsa.gov/DataDownload/DD_Files/Health_Center_Service_Delivery_and_LookAlike_Sites.csv,2026-06-19,"Fields copied from the official HRSA CSV: site name, address, city, state, postal code, phone, website, HRSA geocoding coordinates, county/FIPS, operating hours per week, site status, and location setting. Site status: Active. Location setting: All Other Clinic Types. Operational schedule: Unknown. Daily hours, services, price, insurance, and accessibility fields were not supplied by this intake.",BPS-H80-039500,Health Center Service Delivery and Look-Alike Sites,2026-06-19,2026-06-19,needs_review,
hrsa-bps-lal-031687,Evergreen Health - Bailey Ave.,community_health_center,3297 Bailey Ave,Buffalo,NY,36,Erie County,36029,14215-1139,42.94457970,-78.81363904,716-847-2441,www.evergreenhs.org,,,,,,,,,HRSA operating hours per week: 42.50,unknown,,,,,,,,,HRSA Health Center Service Delivery and Look-Alike Sites,https://data.hrsa.gov/DataDownload/DD_Files/Health_Center_Service_Delivery_and_LookAlike_Sites.csv,2026-06-19,"Fields copied from the official HRSA CSV: site name, address, city, state, postal code, phone, website, HRSA geocoding coordinates, county/FIPS, operating hours per week, site status, and location setting. Site status: Active. Location setting: All Other Clinic Types. Operational schedule: Unknown. Daily hours, services, price, insurance, and accessibility fields were not supplied by this intake.",BPS-LAL-031687,Health Center Service Delivery and Look-Alike Sites,2026-06-19,2026-06-19,needs_review,
hrsa-bps-h80-003758,Cornerstone Family Healthcare: The Center for Recovery,community_health_center,3 Commercial Pl,Newburgh,NY,36,Orange County,36071,12550-5306,41.49376493,-74.02730042,845-220-2146,www.ghvfhc.org,,,,,,,,,HRSA operating hours per week: 55.00,unknown,,,,,,,,,HRSA Health Center Service Delivery and Look-Alike Sites,https://data.hrsa.gov/DataDownload/DD_Files/Health_Center_Service_Delivery_and_LookAlike_Sites.csv,2026-06-19,"Fields copied from the official HRSA CSV: site name, address, city, state, postal code, phone, website, HRSA geocoding coordinates, county/FIPS, operating hours per week, site status, and location setting. Site status: Active. Location setting: All Other Clinic Types. Operational schedule: Full-Time. Daily hours, services, price, insurance, and accessibility fields were not supplied by this intake.",BPS-H80-003758,Health Center Service Delivery and Look-Alike Sites,2026-06-19,2026-06-19,needs_review,
hrsa-bps-h80-003760,COVENANT HOUSE-UNDER 21,community_health_center,460 W 41st St,New York,NY,36,New York County,36061,10036-6801,40.75867981,-73.99553108,212-613-0315,www.covenanthouseny.org,,,,,,,,,HRSA operating hours per week: 44.00,unknown,,,,,,,,,HRSA Health Center Service Delivery and Look-Alike Sites,https://data.hrsa.gov/DataDownload/DD_Files/Health_Center_Service_Delivery_and_LookAlike_Sites.csv,2026-06-19,"Fields copied from the official HRSA CSV: site name, address, city, state, postal code, phone, website, HRSA geocoding coordinates, county/FIPS, operating hours per week, site status, and location setting. Site status: Active. Location setting: All Other Clinic Types. Operational schedule: Full-Time. Daily hours, services, price, insurance, and accessibility fields were not supplied by this intake.",BPS-H80-003760,Health Center Service Delivery and Look-Alike Sites,2026-06-19,2026-06-19,needs_review,
hrsa-bps-h80-003761,Sunset Terrace Family Health Center at NYU Langone,community_health_center,514 49th St,Brooklyn,NY,36,Kings County,36047,11220-2010,40.64518520,-74.00914564,718-854-1851,https://nyulangone.org/locations/sunset-terrace-family-health-center-at-nyu-langone,,,,,,,,,HRSA operating hours per week: 42.00,unknown,,,,,,,,,HRSA Health Center Service Delivery and Look-Alike Sites,https://data.hrsa.gov/DataDownload/DD_Files/Health_Center_Service_Delivery_and_LookAlike_Sites.csv,2026-06-19,"Fields copied from the official HRSA CSV: site name, address, city, state, postal code, phone, website, HRSA geocoding coordinates, county/FIPS, operating hours per week, site status, and location setting. Site status: Active. Location setting: All Other Clinic Types. Operational schedule: Full-Time. Daily hours, services, price, insurance, and accessibility fields were not supplied by this intake.",BPS-H80-003761,Health Center Service Delivery and Look-Alike Sites,2026-06-19,2026-06-19,needs_review,
hrsa-bps-h80-007564,Sun River Health Valentine Lane,community_health_center,503 S Broadway,Yonkers,NY,36,Westchester County,36119,10705-6201,40.91597599,-73.89728202,914-965-7551,,,,,,,,,,HRSA operating hours per week: 52.00,unknown,,,,,,,,,HRSA Health Center Service Delivery and Look-Alike Sites,https://data.hrsa.gov/DataDownload/DD_Files/Health_Center_Service_Delivery_and_LookAlike_Sites.csv,2026-06-19,"Fields copied from the official HRSA CSV: site name, address, city, state, postal code, phone, website, HRSA geocoding coordinates, county/FIPS, operating hours per week, site status, and location setting. Site status: Active. Location setting: All Other Clinic Types. Operational schedule: Full-Time. Daily hours, services, price, insurance, and accessibility fields were not supplied by this intake.",BPS-H80-007564,Health Center Service Delivery and Look-Alike Sites,2026-06-19,2026-06-19,needs_review,
hrsa-bps-h80-012895,Community Health Center of the North Country,community_health_center,77 W Barney St,Gouverneur,NY,36,St. Lawrence County,36089,13642-1090,44.33763550,-75.47424834,315-535-1300,www.chcnorthcountry.org,,,,,,,,,HRSA operating hours per week: 56.00,unknown,,,,,,,,,HRSA Health Center Service Delivery and Look-Alike Sites,https://data.hrsa.gov/DataDownload/DD_Files/Health_Center_Service_Delivery_and_LookAlike_Sites.csv,2026-06-19,"Fields copied from the official HRSA CSV: site name, address, city, state, postal code, phone, website, HRSA geocoding coordinates, county/FIPS, operating hours per week, site status, and location setting. Site status: Active. Location setting: All Other Clinic Types. Operational schedule: Full-Time. Daily hours, services, price, insurance, and accessibility fields were not supplied by this intake.",BPS-H80-012895,Health Center Service Delivery and Look-Alike Sites,2026-06-19,2026-06-19,needs_review,
hrsa-bps-h80-021474,Cornerstone Family Healthcare at Pine Bush,community_health_center,99 Cameron St,Pine Bush,NY,36,Orange County,36071,12566-7113,41.60854796,-74.30196324,845-744-2067,www.cornerstonefamilyhealthcare.org,,,,,,,,,HRSA operating hours per week: 40.00,unknown,,,,,,,,,HRSA Health Center Service Delivery and Look-Alike Sites,https://data.hrsa.gov/DataDownload/DD_Files/Health_Center_Service_Delivery_and_LookAlike_Sites.csv,2026-06-19,"Fields copied from the official HRSA CSV: site name, address, city, state, postal code, phone, website, HRSA geocoding coordinates, county/FIPS, operating hours per week, site status, and location setting. Site status: Active. Location setting: All Other Clinic Types. Operational schedule: Unknown. Daily hours, services, price, insurance, and accessibility fields were not supplied by this intake.",BPS-H80-021474,Health Center Service Delivery and Look-Alike Sites,2026-06-19,2026-06-19,needs_review,
hrsa-bps-h80-011064,Adolescent Health and Wellness Center,community_health_center,960 Southern Blvd,Bronx,NY,36,Bronx County,36005,10459-3402,40.82196637,-73.89121302,718-991-4833,www.urbanhealthplan.org,,,,,,,,,HRSA operating hours per week: 49.00,unknown,,,,,,,,,HRSA Health Center Service Delivery and Look-Alike Sites,https://data.hrsa.gov/DataDownload/DD_Files/Health_Center_Service_Delivery_and_LookAlike_Sites.csv,2026-06-19,"Fields copied from the official HRSA CSV: site name, address, city, state, postal code, phone, website, HRSA geocoding coordinates, county/FIPS, operating hours per week, site status, and location setting. Site status: Active. Location setting: All Other Clinic Types. Operational schedule: Full-Time. Daily hours, services, price, insurance, and accessibility fields were not supplied by this intake.",BPS-H80-011064,Health Center Service Delivery and Look-Alike Sites,2026-06-19,2026-06-19,needs_review,
hrsa-bps-h80-024696,Sun River Health Monticello,community_health_center,19 Lakewood Ave,Monticello,NY,36,Sullivan County,36105,12701-2022,41.65412025,-74.68842060,845-794-2010,,,,,,,,,,HRSA operating hours per week: 24.00,unknown,,,,,,,,,HRSA Health Center Service Delivery and Look-Alike Sites,https://data.hrsa.gov/DataDownload/DD_Files/Health_Center_Service_Delivery_and_LookAlike_Sites.csv,2026-06-19,"Fields copied from the official HRSA CSV: site name, address, city, state, postal code, phone, website, HRSA geocoding coordinates, county/FIPS, operating hours per week, site status, and location setting. Site status: Active. Location setting: All Other Clinic Types. Operational schedule: Unknown. Daily hours, services, price, insurance, and accessibility fields were not supplied by this intake.",BPS-H80-024696,Health Center Service Delivery and Look-Alike Sites,2026-06-19,2026-06-19,needs_review,
hrsa-bps-h80-040422,WYH Administration Building,community_health_center,4 Airline Dr,Albany,NY,36,Albany County,36001,12205-1018,42.73807714,-73.81700576,518-591-4461,,,,,,,,,,,unknown,,,,,,,,,HRSA Health Center Service Delivery and Look-Alike Sites,https://data.hrsa.gov/DataDownload/DD_Files/Health_Center_Service_Delivery_and_LookAlike_Sites.csv,2026-06-19,"Fields copied from the official HRSA CSV: site name, address, city, state, postal code, phone, website, HRSA geocoding coordinates, county/FIPS, operating hours per week, site status, and location setting. Site status: Active. Location setting: Unknown. Operational schedule: Unknown. Daily hours, services, price, insurance, and accessibility fields were not supplied by this intake.",BPS-H80-040422,Health Center Service Delivery and Look-Alike Sites,2026-06-19,2026-06-19,needs_review,
hrsa-bps-h80-033973,CHCB-BFNC,community_health_center,421 Monroe Street,Buffalo,NY,36,Erie County,36029,14212-1046,42.89176089,-78.85173077,716-986-9199,,,,,,,,,,HRSA operating hours per week: 40.00,unknown,,,,,,,,,HRSA Health Center Service Delivery and Look-Alike Sites,https://data.hrsa.gov/DataDownload/DD_Files/Health_Center_Service_Delivery_and_LookAlike_Sites.csv,2026-06-19,"Fields copied from the official HRSA CSV: site name, address, city, state, postal code, phone, website, HRSA geocoding coordinates, county/FIPS, operating hours per week, site status, and location setting. Site status: Active. Location setting: All Other Clinic Types. Operational schedule: Unknown. Daily hours, services, price, insurance, and accessibility fields were not supplied by this intake.",BPS-H80-033973,Health Center Service Delivery and Look-Alike Sites,2026-06-19,2026-06-19,needs_review,
hrsa-bps-h80-039001,Marcus Whitman Middle/High School,community_health_center,4100 Baldwin Rd,Rushville,NY,36,Ontario County,36069,14544,42.77746492,-77.22412678,585-287-8844,,,,,,,,,,HRSA operating hours per week: 40.00,unknown,,,,,,,,,HRSA Health Center Service Delivery and Look-Alike Sites,https://data.hrsa.gov/DataDownload/DD_Files/Health_Center_Service_Delivery_and_LookAlike_Sites.csv,2026-06-19,"Fields copied from the official HRSA CSV: site name, address, city, state, postal code, phone, website, HRSA geocoding coordinates, county/FIPS, operating hours per week, site status, and location setting. Site status: Active. Location setting: School. Operational schedule: Unknown. Daily hours, services, price, insurance, and accessibility fields were not supplied by this intake.",BPS-H80-039001,Health Center Service Delivery and Look-Alike Sites,2026-06-19,2026-06-19,needs_review,
hrsa-bps-h80-022230,Vanderbilt Community Health Center,community_health_center,165 Vanderbilt Ave,Staten Island,NY,36,Richmond County,36085,10304-2521,40.62034790,-74.07689464,718-616-0999,,,,,,,,,,HRSA operating hours per week: 45.00,unknown,,,,,,,,,HRSA Health Center Service Delivery and Look-Alike Sites,https://data.hrsa.gov/DataDownload/DD_Files/Health_Center_Service_Delivery_and_LookAlike_Sites.csv,2026-06-19,"Fields copied from the official HRSA CSV: site name, address, city, state, postal code, phone, website, HRSA geocoding coordinates, county/FIPS, operating hours per week, site status, and location setting. Site status: Active. Location setting: All Other Clinic Types. Operational schedule: Unknown. Daily hours, services, price, insurance, and accessibility fields were not supplied by this intake.",BPS-H80-022230,Health Center Service Delivery and Look-Alike Sites,2026-06-19,2026-06-19,needs_review,
hrsa-bps-h80-036367,BMS Dental@Bristol,community_health_center,259 Bristol St,Brooklyn,NY,36,Kings County,36047,11212-5598,40.66480681,-73.91128885,929-232-6800,www.bmsfhc.org,,,,,,,,,HRSA operating hours per week: 43.50,unknown,,,,,,,,,HRSA Health Center Service Delivery and Look-Alike Sites,https://data.hrsa.gov/DataDownload/DD_Files/Health_Center_Service_Delivery_and_LookAlike_Sites.csv,2026-06-19,"Fields copied from the official HRSA CSV: site name, address, city, state, postal code, phone, website, HRSA geocoding coordinates, county/FIPS, operating hours per week, site status, and location setting. Site status: Active. Location setting: All Other Clinic Types. Operational schedule: Unknown. Daily hours, services, price, insurance, and accessibility fields were not supplied by this intake.",BPS-H80-036367,Health Center Service Delivery and Look-Alike Sites,2026-06-19,2026-06-19,needs_review,
hrsa-bps-h80-004104,PS 282 School-Based Health Center,community_health_center,180 6th Ave,Brooklyn,NY,36,Kings County,36047,11217-3598,40.67655413,-73.97761552,718-230-5707,www.lmcmc.com,,,,,,,,,HRSA operating hours per week: 40.00,unknown,,,,,,,,,HRSA Health Center Service Delivery and Look-Alike Sites,https://data.hrsa.gov/DataDownload/DD_Files/Health_Center_Service_Delivery_and_LookAlike_Sites.csv,2026-06-19,"Fields copied from the official HRSA CSV: site name, address, city, state, postal code, phone, website, HRSA geocoding coordinates, county/FIPS, operating hours per week, site status, and location setting. Site status: Active. Location setting: School. Operational schedule: Full-Time. Daily hours, services, price, insurance, and accessibility fields were not supplied by this intake.",BPS-H80-004104,Health Center Service Delivery and Look-Alike Sites,2026-06-19,2026-06-19,needs_review,
hrsa-bps-h80-018485,Bronx Medical and Wellness Center,community_health_center,1227 Edward L Grant Hwy,Bronx,NY,36,Bronx County,36005,10452-3101,40.83657313,-73.92257349,718-483-1270,,,,,,,,,,HRSA operating hours per week: 39.00,unknown,,,,,,,,,HRSA Health Center Service Delivery and Look-Alike Sites,https://data.hrsa.gov/DataDownload/DD_Files/Health_Center_Service_Delivery_and_LookAlike_Sites.csv,2026-06-19,"Fields copied from the official HRSA CSV: site name, address, city, state, postal code, phone, website, HRSA geocoding coordinates, county/FIPS, operating hours per week, site status, and location setting. Site status: Active. Location setting: All Other Clinic Types. Operational schedule: Unknown. Daily hours, services, price, insurance, and accessibility fields were not supplied by this intake.",BPS-H80-018485,Health Center Service Delivery and Look-Alike Sites,2026-06-19,2026-06-19,needs_review,
hrsa-bps-h80-012609,Ovid Community Health,community_health_center,7150 Main St,Ovid,NY,36,Seneca County,36099,14521-9401,42.67823605,-76.82280016,315-531-9102,,,,,,,,,,HRSA operating hours per week: 40.00,unknown,,,,,,,,,HRSA Health Center Service Delivery and Look-Alike Sites,https://data.hrsa.gov/DataDownload/DD_Files/Health_Center_Service_Delivery_and_LookAlike_Sites.csv,2026-06-19,"Fields copied from the official HRSA CSV: site name, address, city, state, postal code, phone, website, HRSA geocoding coordinates, county/FIPS, operating hours per week, site status, and location setting. Site status: Active. Location setting: All Other Clinic Types. Operational schedule: Full-Time. Daily hours, services, price, insurance, and accessibility fields were not supplied by this intake.",BPS-H80-012609,Health Center Service Delivery and Look-Alike Sites,2026-06-19,2026-06-19,needs_review,
hrsa-bps-h80-004115,Sun River Health William J. Thayer Alamo,community_health_center,888 Pulaski Hwy,Goshen,NY,36,Orange County,36071,10924-6034,41.33988370,-74.39851077,845-651-2298,www.hrhcare.org,,,,,,,,,HRSA operating hours per week: 50.00,unknown,,,,,,,,,HRSA Health Center Service Delivery and Look-Alike Sites,https://data.hrsa.gov/DataDownload/DD_Files/Health_Center_Service_Delivery_and_LookAlike_Sites.csv,2026-06-19,"Fields copied from the official HRSA CSV: site name, address, city, state, postal code, phone, website, HRSA geocoding coordinates, county/FIPS, operating hours per week, site status, and location setting. Site status: Active. Location setting: All Other Clinic Types. Operational schedule: Full-Time. Daily hours, services, price, insurance, and accessibility fields were not supplied by this intake.",BPS-H80-004115,Health Center Service Delivery and Look-Alike Sites,2026-06-19,2026-06-19,needs_review,
hrsa-bps-h80-012995,HEALTH CENTER @ MEXICO MIDDLE SCHOOL,community_health_center,16 Fravor Rd,Mexico,NY,36,Oswego County,36075,13114-3011,43.46333976,-76.24624760,315-963-8400 x4208,www.nochsi.org,,,,,,,,,HRSA operating hours per week: 40.00,unknown,,,,,,,,,HRSA Health Center Service Delivery and Look-Alike Sites,https://data.hrsa.gov/DataDownload/DD_Files/Health_Center_Service_Delivery_and_LookAlike_Sites.csv,2026-06-19,"Fields copied from the official HRSA CSV: site name, address, city, state, postal code, phone, website, HRSA geocoding coordinates, county/FIPS, operating hours per week, site status, and location setting. Site status: Active. Location setting: School. Operational schedule: Full-Time. Daily hours, services, price, insurance, and accessibility fields were not supplied by this intake.",BPS-H80-012995,Health Center Service Delivery and Look-Alike Sites,2026-06-19,2026-06-19,needs_review,
hrsa-bps-h80-004320,"BRONX COMMUNITY HEALTH NETWORK, INC",community_health_center,1 Fordham Plz STE 1108,Bronx,NY,36,Bronx County,36005,10458-5871,40.86088304,-73.89004768,718-405-7720,N/A,,,,,,,,,,unknown,,,,,,,,,HRSA Health Center Service Delivery and Look-Alike Sites,https://data.hrsa.gov/DataDownload/DD_Files/Health_Center_Service_Delivery_and_LookAlike_Sites.csv,2026-06-19,"Fields copied from the official HRSA CSV: site name, address, city, state, postal code, phone, website, HRSA geocoding coordinates, county/FIPS, operating hours per week, site status, and location setting. Site status: Active. Location setting: Unknown. Operational schedule: Full-Time. Daily hours, services, price, insurance, and accessibility fields were not supplied by this intake.",BPS-H80-004320,Health Center Service Delivery and Look-Alike Sites,2026-06-19,2026-06-19,needs_review,
hrsa-bps-h80-027830,EHMC Dental,community_health_center,144 Genesee St STE 303,Auburn,NY,36,Cayuga County,36011,13021-3526,42.93019732,-76.56851585,315-253-8477,,,,,,,,,,HRSA operating hours per week: 52.50,unknown,,,,,,,,,HRSA Health Center Service Delivery and Look-Alike Sites,https://data.hrsa.gov/DataDownload/DD_Files/Health_Center_Service_Delivery_and_LookAlike_Sites.csv,2026-06-19,"Fields copied from the official HRSA CSV: site name, address, city, state, postal code, phone, website, HRSA geocoding coordinates, county/FIPS, operating hours per week, site status, and location setting. Site status: Active. Location setting: All Other Clinic Types. Operational schedule: Unknown. Daily hours, services, price, insurance, and accessibility fields were not supplied by this intake.",BPS-H80-027830,Health Center Service Delivery and Look-Alike Sites,2026-06-19,2026-06-19,needs_review,
hrsa-bps-h80-027224,Sun River Health The Hub,community_health_center,459 E 149th St,Bronx,NY,36,Bronx County,36005,10455-1789,40.81524965,-73.91531333,718-681-8700,,,,,,,,,,HRSA operating hours per week: 58.00,unknown,,,,,,,,,HRSA Health Center Service Delivery and Look-Alike Sites,https://data.hrsa.gov/DataDownload/DD_Files/Health_Center_Service_Delivery_and_LookAlike_Sites.csv,2026-06-19,"Fields copied from the official HRSA CSV: site name, address, city, state, postal code, phone, website, HRSA geocoding coordinates, county/FIPS, operating hours per week, site status, and location setting. Site status: Active. Location setting: All Other Clinic Types. Operational schedule: Unknown. Daily hours, services, price, insurance, and accessibility fields were not supplied by this intake.",BPS-H80-027224,Health Center Service Delivery and Look-Alike Sites,2026-06-19,2026-06-19,needs_review,
hrsa-bps-h80-004329,MOBILE HEALTH UNIT #2,community_health_center,728 N Main St,New Square,NY,36,Rockland County,36087,10977-8916,41.13953824,-74.03502770,845-354-9300,www.refuahhealthcenter.com,,,,,,,,,HRSA operating hours per week: 90.00,unknown,,,,,,,,,HRSA Health Center Service Delivery and Look-Alike Sites,https://data.hrsa.gov/DataDownload/DD_Files/Health_Center_Service_Delivery_and_LookAlike_Sites.csv,2026-06-19,"Fields copied from the official HRSA CSV: site name, address, city, state, postal code, phone, website, HRSA geocoding coordinates, county/FIPS, operating hours per week, site status, and location setting. Site status: Active. Location setting: All Other Clinic Types. Operational schedule: Full-Time. Daily hours, services, price, insurance, and accessibility fields were not supplied by this intake.",BPS-H80-004329,Health Center Service Delivery and Look-Alike Sites,2026-06-19,2026-06-19,needs_review,
hrsa-bps-h80-022321,Barham House,community_health_center,951 Main St,Peekskill,NY,36,Westchester County,36119,10566-2900,41.29156492,-73.92087255,914-734-9323,,,,,,,,,,,unknown,,,,,,,,,HRSA Health Center Service Delivery and Look-Alike Sites,https://data.hrsa.gov/DataDownload/DD_Files/Health_Center_Service_Delivery_and_LookAlike_Sites.csv,2026-06-19,"Fields copied from the official HRSA CSV: site name, address, city, state, postal code, phone, website, HRSA geocoding coordinates, county/FIPS, operating hours per week, site status, and location setting. Site status: Active. Location setting: Unknown. Operational schedule: Unknown. Daily hours, services, price, insurance, and accessibility fields were not supplied by this intake.",BPS-H80-022321,Health Center Service Delivery and Look-Alike Sites,2026-06-19,2026-06-19,needs_review,
hrsa-bps-h80-024412,East New York Diagnostic and Treatment Center,community_health_center,2094 Pitkin Ave,Brooklyn,NY,36,Kings County,36047,11207-3599,40.67185310,-73.89531403,718-240-0400,,,,,,,,,,HRSA operating hours per week: 66.00,unknown,,,,,,,,,HRSA Health Center Service Delivery and Look-Alike Sites,https://data.hrsa.gov/DataDownload/DD_Files/Health_Center_Service_Delivery_and_LookAlike_Sites.csv,2026-06-19,"Fields copied from the official HRSA CSV: site name, address, city, state, postal code, phone, website, HRSA geocoding coordinates, county/FIPS, operating hours per week, site status, and location setting. Site status: Active. Location setting: All Other Clinic Types. Operational schedule: Unknown. Daily hours, services, price, insurance, and accessibility fields were not supplied by this intake.",BPS-H80-024412,Health Center Service Delivery and Look-Alike Sites,2026-06-19,2026-06-19,needs_review,
hrsa-bps-h80-021425,"Family Health Network of Central New York, Inc.",community_health_center,85 S West St,Homer,NY,36,Cortland County,36023,13077-1542,42.62864817,-76.19245800,607-753-3797,www.familyhealthnetwork.org,,,,,,,,,HRSA operating hours per week: 45.00,unknown,,,,,,,,,HRSA Health Center Service Delivery and Look-Alike Sites,https://data.hrsa.gov/DataDownload/DD_Files/Health_Center_Service_Delivery_and_LookAlike_Sites.csv,2026-06-19,"Fields copied from the official HRSA CSV: site name, address, city, state, postal code, phone, website, HRSA geocoding coordinates, county/FIPS, operating hours per week, site status, and location setting. Site status: Active. Location setting: Unknown. Operational schedule: Unknown. Daily hours, services, price, insurance, and accessibility fields were not supplied by this intake.",BPS-H80-021425,Health Center Service Delivery and Look-Alike Sites,2026-06-19,2026-06-19,needs_review,
hrsa-bps-h80-010477,Park Avenue Primary Health Care Center,community_health_center,517 Park Ave,Brooklyn,NY,36,Kings County,36047,11205-1783,40.69698159,-73.95593011,718-260-4600,www.odahealth.org,,,,,,,,,HRSA operating hours per week: 55.00,unknown,,,,,,,,,HRSA Health Center Service Delivery and Look-Alike Sites,https://data.hrsa.gov/DataDownload/DD_Files/Health_Center_Service_Delivery_and_LookAlike_Sites.csv,2026-06-19,"Fields copied from the official HRSA CSV: site name, address, city, state, postal code, phone, website, HRSA geocoding coordinates, county/FIPS, operating hours per week, site status, and location setting. Site status: Active. Location setting: All Other Clinic Types. Operational schedule: Full-Time. Daily hours, services, price, insurance, and accessibility fields were not supplied by this intake.",BPS-H80-010477,Health Center Service Delivery and Look-Alike Sites,2026-06-19,2026-06-19,needs_review,
hrsa-bps-h80-032415,"Cornerstone Family Healthcare at Binghamton, Chenango Street",community_health_center,275 Chenango St,Binghamton,NY,36,Broome County,36007,13901,42.10679315,-75.90500763,607-201-1200,,,,,,,,,,HRSA operating hours per week: 42.00,unknown,,,,,,,,,HRSA Health Center Service Delivery and Look-Alike Sites,https://data.hrsa.gov/DataDownload/DD_Files/Health_Center_Service_Delivery_and_LookAlike_Sites.csv,2026-06-19,"Fields copied from the official HRSA CSV: site name, address, city, state, postal code, phone, website, HRSA geocoding coordinates, county/FIPS, operating hours per week, site status, and location setting. Site status: Active. Location setting: All Other Clinic Types. Operational schedule: Unknown. Daily hours, services, price, insurance, and accessibility fields were not supplied by this intake.",BPS-H80-032415,Health Center Service Delivery and Look-Alike Sites,2026-06-19,2026-06-19,needs_review,
hrsa-bps-h80-021878,Parson Community Health Center,community_health_center,90-37 Parsons Blvd,Jamaica,NY,36,Queens County,36081,11432,40.70379285,-73.80025076,718-883-3000,,,,,,,,,,HRSA operating hours per week: 55.50,unknown,,,,,,,,,HRSA Health Center Service Delivery and Look-Alike Sites,https://data.hrsa.gov/DataDownload/DD_Files/Health_Center_Service_Delivery_and_LookAlike_Sites.csv,2026-06-19,"Fields copied from the official HRSA CSV: site name, address, city, state, postal code, phone, website, HRSA geocoding coordinates, county/FIPS, operating hours per week, site status, and location setting. Site status: Active. Location setting: All Other Clinic Types. Operational schedule: Unknown. Daily hours, services, price, insurance, and accessibility fields were not supplied by this intake.",BPS-H80-021878,Health Center Service Delivery and Look-Alike Sites,2026-06-19,2026-06-19,needs_review,
hrsa-bps-h80-017630,Mosaic Health Ilion,community_health_center,55 Central Plz STE B,Ilion,NY,36,Herkimer County,36043,13357-1753,43.01670082,-75.03465766,315-793-7600 x7503,,,,,,,,,,HRSA operating hours per week: 50.00,unknown,,,,,,,,,HRSA Health Center Service Delivery and Look-Alike Sites,https://data.hrsa.gov/DataDownload/DD_Files/Health_Center_Service_Delivery_and_LookAlike_Sites.csv,2026-06-19,"Fields copied from the official HRSA CSV: site name, address, city, state, postal code, phone, website, HRSA geocoding coordinates, county/FIPS, operating hours per week, site status, and location setting. Site status: Active. Location setting: All Other Clinic Types. Operational schedule: Unknown. Daily hours, services, price, insurance, and accessibility fields were not supplied by this intake.",BPS-H80-017630,Health Center Service Delivery and Look-Alike Sites,2026-06-19,2026-06-19,needs_review,
hrsa-bps-h80-027761,Sun River Health Coram NYS Route 112,community_health_center,3600 Route 112,Coram,NY,36,Suffolk County,36103,11727,40.85891107,-72.99857411,631-320-2220,,,,,,,,,,HRSA operating hours per week: 4.00,unknown,,,,,,,,,HRSA Health Center Service Delivery and Look-Alike Sites,https://data.hrsa.gov/DataDownload/DD_Files/Health_Center_Service_Delivery_and_LookAlike_Sites.csv,2026-06-19,"Fields copied from the official HRSA CSV: site name, address, city, state, postal code, phone, website, HRSA geocoding coordinates, county/FIPS, operating hours per week, site status, and location setting. Site status: Active. Location setting: All Other Clinic Types. Operational schedule: Unknown. Daily hours, services, price, insurance, and accessibility fields were not supplied by this intake.",BPS-H80-027761,Health Center Service Delivery and Look-Alike Sites,2026-06-19,2026-06-19,needs_review,
hrsa-bps-h80-004537,Franklin Avenue Women's Shelter,community_health_center,1122 Franklin Ave,Bronx,NY,36,Bronx County,36005,10456-7076,40.82818373,-73.90574464,718-842-9797,www.hud.gov/local/ny/homeless/womenshelters.cfm,,,,,,,,,HRSA operating hours per week: 48.00,unknown,,,,,,,,,HRSA Health Center Service Delivery and Look-Alike Sites,https://data.hrsa.gov/DataDownload/DD_Files/Health_Center_Service_Delivery_and_LookAlike_Sites.csv,2026-06-19,"Fields copied from the official HRSA CSV: site name, address, city, state, postal code, phone, website, HRSA geocoding coordinates, county/FIPS, operating hours per week, site status, and location setting. Site status: Active. Location setting: All Other Clinic Types. Operational schedule: Full-Time. Daily hours, services, price, insurance, and accessibility fields were not supplied by this intake.",BPS-H80-004537,Health Center Service Delivery and Look-Alike Sites,2026-06-19,2026-06-19,needs_review,
hrsa-bps-h80-017512,Richmond Hill Health Center,community_health_center,130-20 89th Rd,Richmond Hill,NY,36,Queens County,36081,11418,40.69963878,-73.82033330,929-335-6541,damianhealth.org,,,,,,,,,HRSA operating hours per week: 40.00,unknown,,,,,,,,,HRSA Health Center Service Delivery and Look-Alike Sites,https://data.hrsa.gov/DataDownload/DD_Files/Health_Center_Service_Delivery_and_LookAlike_Sites.csv,2026-06-19,"Fields copied from the official HRSA CSV: site name, address, city, state, postal code, phone, website, HRSA geocoding coordinates, county/FIPS, operating hours per week, site status, and location setting. Site status: Active. Location setting: All Other Clinic Types. Operational schedule: Unknown. Daily hours, services, price, insurance, and accessibility fields were not supplied by this intake.",BPS-H80-017512,Health Center Service Delivery and Look-Alike Sites,2026-06-19,2026-06-19,needs_review,
hrsa-bps-h80-027222,Sun River Health West 37th Street Health Center,community_health_center,347 W 37th St,New York,NY,36,New York County,36061,10018-4202,40.75509864,-73.99398253,855-681-8700,,,,,,,,,,HRSA operating hours per week: 40.00,unknown,,,,,,,,,HRSA Health Center Service Delivery and Look-Alike Sites,https://data.hrsa.gov/DataDownload/DD_Files/Health_Center_Service_Delivery_and_LookAlike_Sites.csv,2026-06-19,"Fields copied from the official HRSA CSV: site name, address, city, state, postal code, phone, website, HRSA geocoding coordinates, county/FIPS, operating hours per week, site status, and location setting. Site status: Active. Location setting: All Other Clinic Types. Operational schedule: Unknown. Daily hours, services, price, insurance, and accessibility fields were not supplied by this intake.",BPS-H80-027222,Health Center Service Delivery and Look-Alike Sites,2026-06-19,2026-06-19,needs_review,
hrsa-bps-lal-040180,Rambam Family Health Center,community_health_center,1404 48th St,Brooklyn,NY,36,Kings County,36047,11219-3243,40.63404225,-73.98928506,718-645-7337,www.rambamfamilyhealth.org,,,,,,,,,HRSA operating hours per week: 45.50,unknown,,,,,,,,,HRSA Health Center Service Delivery and Look-Alike Sites,https://data.hrsa.gov/DataDownload/DD_Files/Health_Center_Service_Delivery_and_LookAlike_Sites.csv,2026-06-19,"Fields copied from the official HRSA CSV: site name, address, city, state, postal code, phone, website, HRSA geocoding coordinates, county/FIPS, operating hours per week, site status, and location setting. Site status: Active. Location setting: All Other Clinic Types. Operational schedule: Unknown. Daily hours, services, price, insurance, and accessibility fields were not supplied by this intake.",BPS-LAL-040180,Health Center Service Delivery and Look-Alike Sites,2026-06-19,2026-06-19,needs_review,
hrsa-bps-h80-017128,Union Community Health Center #6,community_health_center,2016 Bronxdale Ave,Bronx,NY,36,Bronx County,36005,10462-3388,40.85060888,-73.86565182,929-375-3400,www.uchcbronx.org,,,,,,,,,HRSA operating hours per week: 42.00,unknown,,,,,,,,,HRSA Health Center Service Delivery and Look-Alike Sites,https://data.hrsa.gov/DataDownload/DD_Files/Health_Center_Service_Delivery_and_LookAlike_Sites.csv,2026-06-19,"Fields copied from the official HRSA CSV: site name, address, city, state, postal code, phone, website, HRSA geocoding coordinates, county/FIPS, operating hours per week, site status, and location setting. Site status: Active. Location setting: All Other Clinic Types. Operational schedule: Unknown. Daily hours, services, price, insurance, and accessibility fields were not supplied by this intake.",BPS-H80-017128,Health Center Service Delivery and Look-Alike Sites,2026-06-19,2026-06-19,needs_review,
hrsa-bps-h80-011029,Woodward Health Center,community_health_center,480 Genesee St,Rochester,NY,36,Monroe County,36055,14611-3698,43.14068439,-77.63576514,585-436-3040,none,,,,,,,,,HRSA operating hours per week: 48.00,unknown,,,,,,,,,HRSA Health Center Service Delivery and Look-Alike Sites,https://data.hrsa.gov/DataDownload/DD_Files/Health_Center_Service_Delivery_and_LookAlike_Sites.csv,2026-06-19,"Fields copied from the official HRSA CSV: site name, address, city, state, postal code, phone, website, HRSA geocoding coordinates, county/FIPS, operating hours per week, site status, and location setting. Site status: Active. Location setting: All Other Clinic Types. Operational schedule: Full-Time. Daily hours, services, price, insurance, and accessibility fields were not supplied by this intake.",BPS-H80-011029,Health Center Service Delivery and Look-Alike Sites,2026-06-19,2026-06-19,needs_review,
hrsa-bps-h80-037485,West Farms Family Practice,community_health_center,1825 Boston Rd,Bronx,NY,36,Bronx County,36005,10460-4996,40.83920849,-73.88569186,718-842-8040,www.montefiore.org,,,,,,,,,HRSA operating hours per week: 45.00,unknown,,,,,,,,,HRSA Health Center Service Delivery and Look-Alike Sites,https://data.hrsa.gov/DataDownload/DD_Files/Health_Center_Service_Delivery_and_LookAlike_Sites.csv,2026-06-19,"Fields copied from the official HRSA CSV: site name, address, city, state, postal code, phone, website, HRSA geocoding coordinates, county/FIPS, operating hours per week, site status, and location setting. Site status: Active. Location setting: All Other Clinic Types. Operational schedule: Unknown. Daily hours, services, price, insurance, and accessibility fields were not supplied by this intake.",BPS-H80-037485,Health Center Service Delivery and Look-Alike Sites,2026-06-19,2026-06-19,needs_review,
hrsa-bps-h80-032851,MHHC Brooklyn,community_health_center,1095 Flatbush Ave,Brooklyn,NY,36,Kings County,36047,11226-6141,40.64364226,-73.95765561,718-716-4400,,,,,,,,,,HRSA operating hours per week: 50.00,unknown,,,,,,,,,HRSA Health Center Service Delivery and Look-Alike Sites,https://data.hrsa.gov/DataDownload/DD_Files/Health_Center_Service_Delivery_and_LookAlike_Sites.csv,2026-06-19,"Fields copied from the official HRSA CSV: site name, address, city, state, postal code, phone, website, HRSA geocoding coordinates, county/FIPS, operating hours per week, site status, and location setting. Site status: Active. Location setting: All Other Clinic Types. Operational schedule: Unknown. Daily hours, services, price, insurance, and accessibility fields were not supplied by this intake.",BPS-H80-032851,Health Center Service Delivery and Look-Alike Sites,2026-06-19,2026-06-19,needs_review,
hrsa-bps-h80-039579,Aizer Health Center- Bloomingrove,community_health_center,1200 State Route 208,Monroe,NY,36,Orange County,36071,10950,41.37984338,-74.17368776,845-782-3242,,,,,,,,,,HRSA operating hours per week: 40.00,unknown,,,,,,,,,HRSA Health Center Service Delivery and Look-Alike Sites,https://data.hrsa.gov/DataDownload/DD_Files/Health_Center_Service_Delivery_and_LookAlike_Sites.csv,2026-06-19,"Fields copied from the official HRSA CSV: site name, address, city, state, postal code, phone, website, HRSA geocoding coordinates, county/FIPS, operating hours per week, site status, and location setting. Site status: Active. Location setting: All Other Clinic Types. Operational schedule: Unknown. Daily hours, services, price, insurance, and accessibility fields were not supplied by this intake.",BPS-H80-039579,Health Center Service Delivery and Look-Alike Sites,2026-06-19,2026-06-19,needs_review,
hrsa-bps-h80-036070,PS/MS 46 The Arthur Tappan School,community_health_center,2987 Frederick Douglass Blvd,New York,NY,36,New York County,36061,10039-1399,40.83149902,-73.93588638,212-360-1519,,,,,,,,,,HRSA operating hours per week: 48.00,unknown,,,,,,,,,HRSA Health Center Service Delivery and Look-Alike Sites,https://data.hrsa.gov/DataDownload/DD_Files/Health_Center_Service_Delivery_and_LookAlike_Sites.csv,2026-06-19,"Fields copied from the official HRSA CSV: site name, address, city, state, postal code, phone, website, HRSA geocoding coordinates, county/FIPS, operating hours per week, site status, and location setting. Site status: Active. Location setting: School. Operational schedule: Unknown. Daily hours, services, price, insurance, and accessibility fields were not supplied by this intake.",BPS-H80-036070,Health Center Service Delivery and Look-Alike Sites,2026-06-19,2026-06-19,needs_review,
hrsa-bps-h80-036966,P.S 939/M.S. 936,community_health_center,270 59th St,Brooklyn,NY,36,Kings County,36047,11220-3710,40.64279338,-74.02028687,347-464-5160,,,,,,,,,,HRSA operating hours per week: 48.00,unknown,,,,,,,,,HRSA Health Center Service Delivery and Look-Alike Sites,https://data.hrsa.gov/DataDownload/DD_Files/Health_Center_Service_Delivery_and_LookAlike_Sites.csv,2026-06-19,"Fields copied from the official HRSA CSV: site name, address, city, state, postal code, phone, website, HRSA geocoding coordinates, county/FIPS, operating hours per week, site status, and location setting. Site status: Active. Location setting: School. Operational schedule: Unknown. Daily hours, services, price, insurance, and accessibility fields were not supplied by this intake.",BPS-H80-036966,Health Center Service Delivery and Look-Alike Sites,2026-06-19,2026-06-19,needs_review,
hrsa-bps-h80-004733,Warren Street Center for Children and Families,community_health_center,343 Warren St,Brooklyn,NY,36,Kings County,36047,11201-6412,40.68525690,-73.99021603,718-237-9578,www.lmcmc.com,,,,,,,,,HRSA operating hours per week: 40.00,unknown,,,,,,,,,HRSA Health Center Service Delivery and Look-Alike Sites,https://data.hrsa.gov/DataDownload/DD_Files/Health_Center_Service_Delivery_and_LookAlike_Sites.csv,2026-06-19,"Fields copied from the official HRSA CSV: site name, address, city, state, postal code, phone, website, HRSA geocoding coordinates, county/FIPS, operating hours per week, site status, and location setting. Site status: Active. Location setting: All Other Clinic Types. Operational schedule: Full-Time. Daily hours, services, price, insurance, and accessibility fields were not supplied by this intake.",BPS-H80-004733,Health Center Service Delivery and Look-Alike Sites,2026-06-19,2026-06-19,needs_review,
hrsa-bps-h80-011033,Tremont Health Center,community_health_center,4215 3rd Ave,Bronx,NY,36,Bronx County,36005,10457-4501,40.84687474,-73.89624484,718-294-5891,,,,,,,,,,HRSA operating hours per week: 40.00,unknown,,,,,,,,,HRSA Health Center Service Delivery and Look-Alike Sites,https://data.hrsa.gov/DataDownload/DD_Files/Health_Center_Service_Delivery_and_LookAlike_Sites.csv,2026-06-19,"Fields copied from the official HRSA CSV: site name, address, city, state, postal code, phone, website, HRSA geocoding coordinates, county/FIPS, operating hours per week, site status, and location setting. Site status: Active. Location setting: All Other Clinic Types. Operational schedule: Full-Time. Daily hours, services, price, insurance, and accessibility fields were not supplied by this intake.",BPS-H80-011033,Health Center Service Delivery and Look-Alike Sites,2026-06-19,2026-06-19,needs_review,
hrsa-bps-h80-004739,Ryan Health | West 97th Street,community_health_center,110 W 97th St,New York,NY,36,New York County,36061,10025-6450,40.79364802,-73.96757115,212-749-1820,www.ryancenter.org,,,,,,,,,HRSA operating hours per week: 57.00,unknown,,,,,,,,,HRSA Health Center Service Delivery and Look-Alike Sites,https://data.hrsa.gov/DataDownload/DD_Files/Health_Center_Service_Delivery_and_LookAlike_Sites.csv,2026-06-19,"Fields copied from the official HRSA CSV: site name, address, city, state, postal code, phone, website, HRSA geocoding coordinates, county/FIPS, operating hours per week, site status, and location setting. Site status: Active. Location setting: All Other Clinic Types. Operational schedule: Full-Time. Daily hours, services, price, insurance, and accessibility fields were not supplied by this intake.",BPS-H80-004739,Health Center Service Delivery and Look-Alike Sites,2026-06-19,2026-06-19,needs_review,
hrsa-bps-h80-035870,PS 197 The Ocean School,community_health_center,825 Hicksville Rd,Far Rockaway,NY,36,Queens County,36081,11691-5299,40.60017949,-73.74399746,718-327-1083,,,,,,,,,,HRSA operating hours per week: 48.00,unknown,,,,,,,,,HRSA Health Center Service Delivery and Look-Alike Sites,https://data.hrsa.gov/DataDownload/DD_Files/Health_Center_Service_Delivery_and_LookAlike_Sites.csv,2026-06-19,"Fields copied from the official HRSA CSV: site name, address, city, state, postal code, phone, website, HRSA geocoding coordinates, county/FIPS, operating hours per week, site status, and location setting. Site status: Active. Location setting: School. Operational schedule: Unknown. Daily hours, services, price, insurance, and accessibility fields were not supplied by this intake.",BPS-H80-035870,Health Center Service Delivery and Look-Alike Sites,2026-06-19,2026-06-19,needs_review,
hrsa-bps-h80-038319,Frederick Leighton Elementary School,community_health_center,1 Buccaneer Blvd,Oswego,NY,36,Oswego County,36075,13126-1953,43.45111211,-76.52525157,315-602-9000,,,,,,,,,,HRSA operating hours per week: 40.00,unknown,,,,,,,,,HRSA Health Center Service Delivery and Look-Alike Sites,https://data.hrsa.gov/DataDownload/DD_Files/Health_Center_Service_Delivery_and_LookAlike_Sites.csv,2026-06-19,"Fields copied from the official HRSA CSV: site name, address, city, state, postal code, phone, website, HRSA geocoding coordinates, county/FIPS, operating hours per week, site status, and location setting. Site status: Active. Location setting: School. Operational schedule: Unknown. Daily hours, services, price, insurance, and accessibility fields were not supplied by this intake.",BPS-H80-038319,Health Center Service Delivery and Look-Alike Sites,2026-06-19,2026-06-19,needs_review,
hrsa-bps-h80-004813,Cornerstone Family Healthcare: Lipman Family Dental Center,community_health_center,100 Broadway,Newburgh,NY,36,Orange County,36071,12550-5514,41.50030449,-74.01103802,845-569-8412,www.ghvfhc.org,,,,,,,,,HRSA operating hours per week: 35.00,unknown,,,,,,,,,HRSA Health Center Service Delivery and Look-Alike Sites,https://data.hrsa.gov/DataDownload/DD_Files/Health_Center_Service_Delivery_and_LookAlike_Sites.csv,2026-06-19,"Fields copied from the official HRSA CSV: site name, address, city, state, postal code, phone, website, HRSA geocoding coordinates, county/FIPS, operating hours per week, site status, and location setting. Site status: Active. Location setting: All Other Clinic Types. Operational schedule: Full-Time. Daily hours, services, price, insurance, and accessibility fields were not supplied by this intake.",BPS-H80-004813,Health Center Service Delivery and Look-Alike Sites,2026-06-19,2026-06-19,needs_review,
hrsa-bps-h80-027226,Sun River Health Queens Health Center,community_health_center,105-04 Sutphin Blvd,Jamaica,NY,36,Queens County,36081,11435,40.69539640,-73.80366605,718-725-5000,,,,,,,,,,HRSA operating hours per week: 52.00,unknown,,,,,,,,,HRSA Health Center Service Delivery and Look-Alike Sites,https://data.hrsa.gov/DataDownload/DD_Files/Health_Center_Service_Delivery_and_LookAlike_Sites.csv,2026-06-19,"Fields copied from the official HRSA CSV: site name, address, city, state, postal code, phone, website, HRSA geocoding coordinates, county/FIPS, operating hours per week, site status, and location setting. Site status: Active. Location setting: All Other Clinic Types. Operational schedule: Unknown. Daily hours, services, price, insurance, and accessibility fields were not supplied by this intake.",BPS-H80-027226,Health Center Service Delivery and Look-Alike Sites,2026-06-19,2026-06-19,needs_review,
hrsa-bps-h80-030504,Metro Community Health Center - Manhattan,community_health_center,335 W 24th St STE 1B,New York,NY,36,New York County,36061,10011-1500,40.74613545,-73.99911602,212-947-5770 x5456,,,,,,,,,,HRSA operating hours per week: 24.00,unknown,,,,,,,,,HRSA Health Center Service Delivery and Look-Alike Sites,https://data.hrsa.gov/DataDownload/DD_Files/Health_Center_Service_Delivery_and_LookAlike_Sites.csv,2026-06-19,"Fields copied from the official HRSA CSV: site name, address, city, state, postal code, phone, website, HRSA geocoding coordinates, county/FIPS, operating hours per week, site status, and location setting. Site status: Active. Location setting: All Other Clinic Types. Operational schedule: Unknown. Daily hours, services, price, insurance, and accessibility fields were not supplied by this intake.",BPS-H80-030504,Health Center Service Delivery and Look-Alike Sites,2026-06-19,2026-06-19,needs_review,
hrsa-bps-h80-004828,Park Slope Family Health Center at NYU Langone,community_health_center,220 13th St,Brooklyn,NY,36,Kings County,36047,11215-4802,40.66754837,-73.99013389,718-832-5980,https://nyulangone.org/locations/park-slope-family-health-center-at-nyu-langone,,,,,,,,,HRSA operating hours per week: 52.00,unknown,,,,,,,,,HRSA Health Center Service Delivery and Look-Alike Sites,https://data.hrsa.gov/DataDownload/DD_Files/Health_Center_Service_Delivery_and_LookAlike_Sites.csv,2026-06-19,"Fields copied from the official HRSA CSV: site name, address, city, state, postal code, phone, website, HRSA geocoding coordinates, county/FIPS, operating hours per week, site status, and location setting. Site status: Active. Location setting: All Other Clinic Types. Operational schedule: Full-Time. Daily hours, services, price, insurance, and accessibility fields were not supplied by this intake.",BPS-H80-004828,Health Center Service Delivery and Look-Alike Sites,2026-06-19,2026-06-19,needs_review,
hrsa-bps-h80-035100,Claremont Family Health Center,community_health_center,262 E 174th St,Bronx,NY,36,Bronx County,36005,10457-7152,40.84446901,-73.90593298,718-734-2539,,,,,,,,,,HRSA operating hours per week: 52.00,unknown,,,,,,,,,HRSA Health Center Service Delivery and Look-Alike Sites,https://data.hrsa.gov/DataDownload/DD_Files/Health_Center_Service_Delivery_and_LookAlike_Sites.csv,2026-06-19,"Fields copied from the official HRSA CSV: site name, address, city, state, postal code, phone, website, HRSA geocoding coordinates, county/FIPS, operating hours per week, site status, and location setting. Site status: Active. Location setting: All Other Clinic Types. Operational schedule: Unknown. Daily hours, services, price, insurance, and accessibility fields were not supplied by this intake.",BPS-H80-035100,Health Center Service Delivery and Look-Alike Sites,2026-06-19,2026-06-19,needs_review,
hrsa-bps-h80-030499,YWCA,community_health_center,175 N Clinton Ave,Rochester,NY,36,Monroe County,36055,14604-1109,43.16062611,-77.60797461,585-368-3720,n/a,,,,,,,,,HRSA operating hours per week: 2.00,unknown,,,,,,,,,HRSA Health Center Service Delivery and Look-Alike Sites,https://data.hrsa.gov/DataDownload/DD_Files/Health_Center_Service_Delivery_and_LookAlike_Sites.csv,2026-06-19,"Fields copied from the official HRSA CSV: site name, address, city, state, postal code, phone, website, HRSA geocoding coordinates, county/FIPS, operating hours per week, site status, and location setting. Site status: Active. Location setting: All Other Clinic Types. Operational schedule: Unknown. Daily hours, services, price, insurance, and accessibility fields were not supplied by this intake.",BPS-H80-030499,Health Center Service Delivery and Look-Alike Sites,2026-06-19,2026-06-19,needs_review,
hrsa-bps-h80-004943,Ellenville Family Health Center,community_health_center,6 Healthy Way,Ellenville,NY,36,Ulster County,36111,12428-5612,41.73177049,-74.37902218,845-647-4500,www.institute2000.org,,,,,,,,,HRSA operating hours per week: 47.00,unknown,,,,,,,,,HRSA Health Center Service Delivery and Look-Alike Sites,https://data.hrsa.gov/DataDownload/DD_Files/Health_Center_Service_Delivery_and_LookAlike_Sites.csv,2026-06-19,"Fields copied from the official HRSA CSV: site name, address, city, state, postal code, phone, website, HRSA geocoding coordinates, county/FIPS, operating hours per week, site status, and location setting. Site status: Active. Location setting: All Other Clinic Types. Operational schedule: Full-Time. Daily hours, services, price, insurance, and accessibility fields were not supplied by this intake.",BPS-H80-004943,Health Center Service Delivery and Look-Alike Sites,2026-06-19,2026-06-19,needs_review,
hrsa-bps-h80-007295,Mobile Medical Van,community_health_center,14 Maiden Ln,Penn Yan,NY,36,Yates County,36123,14527-1208,42.66178594,-77.05525800,315-531-9102,N/A,,,,,,,,,HRSA operating hours per week: 20.00,unknown,,,,,,,,,HRSA Health Center Service Delivery and Look-Alike Sites,https://data.hrsa.gov/DataDownload/DD_Files/Health_Center_Service_Delivery_and_LookAlike_Sites.csv,2026-06-19,"Fields copied from the official HRSA CSV: site name, address, city, state, postal code, phone, website, HRSA geocoding coordinates, county/FIPS, operating hours per week, site status, and location setting. Site status: Active. Location setting: All Other Clinic Types. Operational schedule: Part-Time. Daily hours, services, price, insurance, and accessibility fields were not supplied by this intake.",BPS-H80-007295,Health Center Service Delivery and Look-Alike Sites,2026-06-19,2026-06-19,needs_review,
hrsa-bps-h80-015402,Stevenson High School Campus School-based Health Center,community_health_center,1980 Lafayette Ave,Bronx,NY,36,Bronx County,36005,10473-2596,40.82216099,-73.85587542,718-892-2054,http://insideschools.org/high/browse/school/339,,,,,,,,,HRSA operating hours per week: 40.50,unknown,,,,,,,,,HRSA Health Center Service Delivery and Look-Alike Sites,https://data.hrsa.gov/DataDownload/DD_Files/Health_Center_Service_Delivery_and_LookAlike_Sites.csv,2026-06-19,"Fields copied from the official HRSA CSV: site name, address, city, state, postal code, phone, website, HRSA geocoding coordinates, county/FIPS, operating hours per week, site status, and location setting. Site status: Active. Location setting: School. Operational schedule: Unknown. Daily hours, services, price, insurance, and accessibility fields were not supplied by this intake.",BPS-H80-015402,Health Center Service Delivery and Look-Alike Sites,2026-06-19,2026-06-19,needs_review,
hrsa-bps-h80-034376,Village Academy (27Q319),community_health_center,10-45 Nameoke St,Far Rockaway,NY,36,Queens County,36081,11691,40.60418000,-73.74947646,718-471-6042,,,,,,,,,,HRSA operating hours per week: 48.00,unknown,,,,,,,,,HRSA Health Center Service Delivery and Look-Alike Sites,https://data.hrsa.gov/DataDownload/DD_Files/Health_Center_Service_Delivery_and_LookAlike_Sites.csv,2026-06-19,"Fields copied from the official HRSA CSV: site name, address, city, state, postal code, phone, website, HRSA geocoding coordinates, county/FIPS, operating hours per week, site status, and location setting. Site status: Active. Location setting: School. Operational schedule: Unknown. Daily hours, services, price, insurance, and accessibility fields were not supplied by this intake.",BPS-H80-034376,Health Center Service Delivery and Look-Alike Sites,2026-06-19,2026-06-19,needs_review,
hrsa-bps-h80-021781,PS 12/MS 484,community_health_center,430 Howard Ave,Brooklyn,NY,36,Kings County,36047,11233-4558,40.67285277,-73.91963571,718-953-4428,,,,,,,,,,HRSA operating hours per week: 48.00,unknown,,,,,,,,,HRSA Health Center Service Delivery and Look-Alike Sites,https://data.hrsa.gov/DataDownload/DD_Files/Health_Center_Service_Delivery_and_LookAlike_Sites.csv,2026-06-19,"Fields copied from the official HRSA CSV: site name, address, city, state, postal code, phone, website, HRSA geocoding coordinates, county/FIPS, operating hours per week, site status, and location setting. Site status: Active. Location setting: School. Operational schedule: Unknown. Daily hours, services, price, insurance, and accessibility fields were not supplied by this intake.",BPS-H80-021781,Health Center Service Delivery and Look-Alike Sites,2026-06-19,2026-06-19,needs_review,
hrsa-bps-h80-005059,BronxCare Ambulatory Care Network,community_health_center,1650 Grand Concourse FL 14,Bronx,NY,36,Bronx County,36005,10457-7679,40.84362977,-73.91171012,718-518-5000,,,,,,,,,,HRSA operating hours per week: 45.50,unknown,,,,,,,,,HRSA Health Center Service Delivery and Look-Alike Sites,https://data.hrsa.gov/DataDownload/DD_Files/Health_Center_Service_Delivery_and_LookAlike_Sites.csv,2026-06-19,"Fields copied from the official HRSA CSV: site name, address, city, state, postal code, phone, website, HRSA geocoding coordinates, county/FIPS, operating hours per week, site status, and location setting. Site status: Active. Location setting: Hospital. Operational schedule: Full-Time. Daily hours, services, price, insurance, and accessibility fields were not supplied by this intake.",BPS-H80-005059,Health Center Service Delivery and Look-Alike Sites,2026-06-19,2026-06-19,needs_review,
hrsa-bps-h80-005167,Susan's Place,community_health_center,1911 Jerome Ave,Bronx,NY,36,Bronx County,36005,10453-5707,40.85072597,-73.91042409,212-366-4459,careforthehomeless.org,,,,,,,,,HRSA operating hours per week: 45.00,unknown,,,,,,,,,HRSA Health Center Service Delivery and Look-Alike Sites,https://data.hrsa.gov/DataDownload/DD_Files/Health_Center_Service_Delivery_and_LookAlike_Sites.csv,2026-06-19,"Fields copied from the official HRSA CSV: site name, address, city, state, postal code, phone, website, HRSA geocoding coordinates, county/FIPS, operating hours per week, site status, and location setting. Site status: Active. Location setting: All Other Clinic Types. Operational schedule: Full-Time. Daily hours, services, price, insurance, and accessibility fields were not supplied by this intake.",BPS-H80-005167,Health Center Service Delivery and Look-Alike Sites,2026-06-19,2026-06-19,needs_review,
hrsa-bps-h80-011809,"North Country Family Health Center, Inc.",community_health_center,238 Arsenal St,Watertown,NY,36,Jefferson County,36045,13601-2504,43.97645187,-75.91512496,315-782-6400,www.NoCoFamilyHealth.org,,,,,,,,,HRSA operating hours per week: 62.75,unknown,,,,,,,,,HRSA Health Center Service Delivery and Look-Alike Sites,https://data.hrsa.gov/DataDownload/DD_Files/Health_Center_Service_Delivery_and_LookAlike_Sites.csv,2026-06-19,"Fields copied from the official HRSA CSV: site name, address, city, state, postal code, phone, website, HRSA geocoding coordinates, county/FIPS, operating hours per week, site status, and location setting. Site status: Active. Location setting: All Other Clinic Types. Operational schedule: Full-Time. Daily hours, services, price, insurance, and accessibility fields were not supplied by this intake.",BPS-H80-011809,Health Center Service Delivery and Look-Alike Sites,2026-06-19,2026-06-19,needs_review,
hrsa-bps-h80-005168,South Bronx Campus,community_health_center,701 Saint Anns Ave,Bronx,NY,36,Bronx County,36005,10455-1499,40.81832862,-73.91118441,718-231-5482,www.montefiore.org,,,,,,,,,HRSA operating hours per week: 40.50,unknown,,,,,,,,,HRSA Health Center Service Delivery and Look-Alike Sites,https://data.hrsa.gov/DataDownload/DD_Files/Health_Center_Service_Delivery_and_LookAlike_Sites.csv,2026-06-19,"Fields copied from the official HRSA CSV: site name, address, city, state, postal code, phone, website, HRSA geocoding coordinates, county/FIPS, operating hours per week, site status, and location setting. Site status: Active. Location setting: School. Operational schedule: Full-Time. Daily hours, services, price, insurance, and accessibility fields were not supplied by this intake.",BPS-H80-005168,Health Center Service Delivery and Look-Alike Sites,2026-06-19,2026-06-19,needs_review,
hrsa-bps-h80-013921,Community League Health Center,community_health_center,511 W 157th St,New York,NY,36,New York County,36061,10032-7601,40.83322427,-73.94257623,212-781-7979,www.chnnyc.org,,,,,,,,,HRSA operating hours per week: 42.00,unknown,,,,,,,,,HRSA Health Center Service Delivery and Look-Alike Sites,https://data.hrsa.gov/DataDownload/DD_Files/Health_Center_Service_Delivery_and_LookAlike_Sites.csv,2026-06-19,"Fields copied from the official HRSA CSV: site name, address, city, state, postal code, phone, website, HRSA geocoding coordinates, county/FIPS, operating hours per week, site status, and location setting. Site status: Active. Location setting: All Other Clinic Types. Operational schedule: Full-Time. Daily hours, services, price, insurance, and accessibility fields were not supplied by this intake.",BPS-H80-013921,Health Center Service Delivery and Look-Alike Sites,2026-06-19,2026-06-19,needs_review,
hrsa-bps-lal-021909,"His Branches, Inc: Beechwood",community_health_center,918 N Goodman St,Rochester,NY,36,Monroe County,36055,14609-4652,43.17096397,-77.57859327,585-235-2250,https://hisbranches.org/,,,,,,,,,HRSA operating hours per week: 40.00,unknown,,,,,,,,,HRSA Health Center Service Delivery and Look-Alike Sites,https://data.hrsa.gov/DataDownload/DD_Files/Health_Center_Service_Delivery_and_LookAlike_Sites.csv,2026-06-19,"Fields copied from the official HRSA CSV: site name, address, city, state, postal code, phone, website, HRSA geocoding coordinates, county/FIPS, operating hours per week, site status, and location setting. Site status: Active. Location setting: All Other Clinic Types. Operational schedule: Unknown. Daily hours, services, price, insurance, and accessibility fields were not supplied by this intake.",BPS-LAL-021909,Health Center Service Delivery and Look-Alike Sites,2026-06-19,2026-06-19,needs_review,
hrsa-bps-h80-040411,Ezra Medical Center 5115 15th Ave,community_health_center,5115 15th Ave,Brooklyn,NY,36,Kings County,36047,11219-6694,40.63080110,-73.98890737,718-686-7600,,,,,,,,,,HRSA operating hours per week: 63.00,unknown,,,,,,,,,HRSA Health Center Service Delivery and Look-Alike Sites,https://data.hrsa.gov/DataDownload/DD_Files/Health_Center_Service_Delivery_and_LookAlike_Sites.csv,2026-06-19,"Fields copied from the official HRSA CSV: site name, address, city, state, postal code, phone, website, HRSA geocoding coordinates, county/FIPS, operating hours per week, site status, and location setting. Site status: Active. Location setting: All Other Clinic Types. Operational schedule: Unknown. Daily hours, services, price, insurance, and accessibility fields were not supplied by this intake.",BPS-H80-040411,Health Center Service Delivery and Look-Alike Sites,2026-06-19,2026-06-19,needs_review,
hrsa-bps-h80-036532,Ezra Medical Center 13th Avenue,community_health_center,3710 13th Ave BLDG,Brooklyn,NY,36,Kings County,36047,11218-3602,40.64159625,-73.98537006,718-686-7600,,,,,,,,,,HRSA operating hours per week: 61.50,unknown,,,,,,,,,HRSA Health Center Service Delivery and Look-Alike Sites,https://data.hrsa.gov/DataDownload/DD_Files/Health_Center_Service_Delivery_and_LookAlike_Sites.csv,2026-06-19,"Fields copied from the official HRSA CSV: site name, address, city, state, postal code, phone, website, HRSA geocoding coordinates, county/FIPS, operating hours per week, site status, and location setting. Site status: Active. Location setting: All Other Clinic Types. Operational schedule: Unknown. Daily hours, services, price, insurance, and accessibility fields were not supplied by this intake.",BPS-H80-036532,Health Center Service Delivery and Look-Alike Sites,2026-06-19,2026-06-19,needs_review,
hrsa-bps-h80-033436,Hometown Health Centers Dental at State Street,community_health_center,1108 State St,Schenectady,NY,36,Schenectady County,36093,12304-2610,42.80036181,-73.92749174,518-370-1441,www.hometownhealthcenters.org,,,,,,,,,HRSA operating hours per week: 59.00,unknown,,,,,,,,,HRSA Health Center Service Delivery and Look-Alike Sites,https://data.hrsa.gov/DataDownload/DD_Files/Health_Center_Service_Delivery_and_LookAlike_Sites.csv,2026-06-19,"Fields copied from the official HRSA CSV: site name, address, city, state, postal code, phone, website, HRSA geocoding coordinates, county/FIPS, operating hours per week, site status, and location setting. Site status: Active. Location setting: All Other Clinic Types. Operational schedule: Unknown. Daily hours, services, price, insurance, and accessibility fields were not supplied by this intake.",BPS-H80-033436,Health Center Service Delivery and Look-Alike Sites,2026-06-19,2026-06-19,needs_review,
hrsa-bps-h80-008788,BMS Life & Wellness Center - Basement & First Floor,community_health_center,408 Rockaway Ave,Brooklyn,NY,36,Kings County,36047,11212-5634,40.67008410,-73.91099137,718-345-5000,www.bmsfhc.org,,,,,,,,,HRSA operating hours per week: 40.00,unknown,,,,,,,,,HRSA Health Center Service Delivery and Look-Alike Sites,https://data.hrsa.gov/DataDownload/DD_Files/Health_Center_Service_Delivery_and_LookAlike_Sites.csv,2026-06-19,"Fields copied from the official HRSA CSV: site name, address, city, state, postal code, phone, website, HRSA geocoding coordinates, county/FIPS, operating hours per week, site status, and location setting. Site status: Active. Location setting: Unknown. Operational schedule: Full-Time. Daily hours, services, price, insurance, and accessibility fields were not supplied by this intake.",BPS-H80-008788,Health Center Service Delivery and Look-Alike Sites,2026-06-19,2026-06-19,needs_review,
hrsa-bps-h80-018515,Ralph Avenue Health Center,community_health_center,599 Ralph Ave,Brooklyn,NY,36,Kings County,36047,11233-5113,40.66915656,-73.92241281,347-501-6306,,,,,,,,,,HRSA operating hours per week: 40.00,unknown,,,,,,,,,HRSA Health Center Service Delivery and Look-Alike Sites,https://data.hrsa.gov/DataDownload/DD_Files/Health_Center_Service_Delivery_and_LookAlike_Sites.csv,2026-06-19,"Fields copied from the official HRSA CSV: site name, address, city, state, postal code, phone, website, HRSA geocoding coordinates, county/FIPS, operating hours per week, site status, and location setting. Site status: Active. Location setting: All Other Clinic Types. Operational schedule: Unknown. Daily hours, services, price, insurance, and accessibility fields were not supplied by this intake.",BPS-H80-018515,Health Center Service Delivery and Look-Alike Sites,2026-06-19,2026-06-19,needs_review,
hrsa-bps-h80-005501,Indian Lake Health Center,community_health_center,6356 Nys Route 30,Indian Lake,NY,36,Hamilton County,36041,12842-2019,43.78172391,-74.26500497,518-648-5707,www.hhhn.org,,,,,,,,,HRSA operating hours per week: 43.00,unknown,,,,,,,,,HRSA Health Center Service Delivery and Look-Alike Sites,https://data.hrsa.gov/DataDownload/DD_Files/Health_Center_Service_Delivery_and_LookAlike_Sites.csv,2026-06-19,"Fields copied from the official HRSA CSV: site name, address, city, state, postal code, phone, website, HRSA geocoding coordinates, county/FIPS, operating hours per week, site status, and location setting. Site status: Active. Location setting: All Other Clinic Types. Operational schedule: Full-Time. Daily hours, services, price, insurance, and accessibility fields were not supplied by this intake.",BPS-H80-005501,Health Center Service Delivery and Look-Alike Sites,2026-06-19,2026-06-19,needs_review,
hrsa-bps-lal-040196,Premium Rx,community_health_center,4510 16th Ave,Brooklyn,NY,36,Kings County,36047,11204-1101,40.63320306,-73.98361168,844-370-6199,premiumhealth.org,,,,,,,,,HRSA operating hours per week: 58.00,unknown,,,,,,,,,HRSA Health Center Service Delivery and Look-Alike Sites,https://data.hrsa.gov/DataDownload/DD_Files/Health_Center_Service_Delivery_and_LookAlike_Sites.csv,2026-06-19,"Fields copied from the official HRSA CSV: site name, address, city, state, postal code, phone, website, HRSA geocoding coordinates, county/FIPS, operating hours per week, site status, and location setting. Site status: Active. Location setting: All Other Clinic Types. Operational schedule: Unknown. Daily hours, services, price, insurance, and accessibility fields were not supplied by this intake.",BPS-LAL-040196,Health Center Service Delivery and Look-Alike Sites,2026-06-19,2026-06-19,needs_review,
hrsa-bps-h80-018480,LISH at Central Islip,community_health_center,159 Carleton Ave,Central Islip,NY,36,Suffolk County,36103,11722-4172,40.77526890,-73.19973693,631-439-4300,,,,,,,,,,HRSA operating hours per week: 54.75,unknown,,,,,,,,,HRSA Health Center Service Delivery and Look-Alike Sites,https://data.hrsa.gov/DataDownload/DD_Files/Health_Center_Service_Delivery_and_LookAlike_Sites.csv,2026-06-19,"Fields copied from the official HRSA CSV: site name, address, city, state, postal code, phone, website, HRSA geocoding coordinates, county/FIPS, operating hours per week, site status, and location setting. Site status: Active. Location setting: All Other Clinic Types. Operational schedule: Unknown. Daily hours, services, price, insurance, and accessibility fields were not supplied by this intake.",BPS-H80-018480,Health Center Service Delivery and Look-Alike Sites,2026-06-19,2026-06-19,needs_review,
hrsa-bps-h80-017524,The Living Room,community_health_center,800 Barretto St,Bronx,NY,36,Bronx County,36005,10474-5304,40.81682797,-73.88982070,718-893-3606,,,,,,,,,,HRSA operating hours per week: 40.00,unknown,,,,,,,,,HRSA Health Center Service Delivery and Look-Alike Sites,https://data.hrsa.gov/DataDownload/DD_Files/Health_Center_Service_Delivery_and_LookAlike_Sites.csv,2026-06-19,"Fields copied from the official HRSA CSV: site name, address, city, state, postal code, phone, website, HRSA geocoding coordinates, county/FIPS, operating hours per week, site status, and location setting. Site status: Active. Location setting: All Other Clinic Types. Operational schedule: Unknown. Daily hours, services, price, insurance, and accessibility fields were not supplied by this intake.",BPS-H80-017524,Health Center Service Delivery and Look-Alike Sites,2026-06-19,2026-06-19,needs_review,
hrsa-bps-h80-014985,Union Community Health Center Rehabilitation Center,community_health_center,4487 3rd Ave,Bronx,NY,36,Bronx County,36005,10457-1526,40.85339624,-73.89200636,718-960-6173,www.uchcbronx.org,,,,,,,,,HRSA operating hours per week: 43.00,unknown,,,,,,,,,HRSA Health Center Service Delivery and Look-Alike Sites,https://data.hrsa.gov/DataDownload/DD_Files/Health_Center_Service_Delivery_and_LookAlike_Sites.csv,2026-06-19,"Fields copied from the official HRSA CSV: site name, address, city, state, postal code, phone, website, HRSA geocoding coordinates, county/FIPS, operating hours per week, site status, and location setting. Site status: Active. Location setting: All Other Clinic Types. Operational schedule: Unknown. Daily hours, services, price, insurance, and accessibility fields were not supplied by this intake.",BPS-H80-014985,Health Center Service Delivery and Look-Alike Sites,2026-06-19,2026-06-19,needs_review,
hrsa-bps-h80-005614,PS 503/506 School-Based Health Center,community_health_center,330 59th St,Brooklyn,NY,36,Kings County,36047,11220-3791,40.64204689,-74.01903687,718-792-1467,www.lmcmc.com,,,,,,,,,HRSA operating hours per week: 40.00,unknown,,,,,,,,,HRSA Health Center Service Delivery and Look-Alike Sites,https://data.hrsa.gov/DataDownload/DD_Files/Health_Center_Service_Delivery_and_LookAlike_Sites.csv,2026-06-19,"Fields copied from the official HRSA CSV: site name, address, city, state, postal code, phone, website, HRSA geocoding coordinates, county/FIPS, operating hours per week, site status, and location setting. Site status: Active. Location setting: School. Operational schedule: Full-Time. Daily hours, services, price, insurance, and accessibility fields were not supplied by this intake.",BPS-H80-005614,Health Center Service Delivery and Look-Alike Sites,2026-06-19,2026-06-19,needs_review,
