{"type":"FeatureCollection", "features": [
{"type":"Feature","geometry":{"type":"Polygon","coordinates":[[[-86.70155,31.52395],[-86.70122,31.43664],[-86.67485,31.43656],[-86.67167,31.43424],[-86.67445,31.42998],[-86.67301,31.42499],[-86.66537,31.41877],[-86.66905,31.41394],[-86.66705,31.40796],[-86.66208,31.4028],[-86.66582,31.39948],[-86.66582,31.39207],[-86.67541,31.38946],[-86.67512,31.38522],[-86.67042,31.3825],[-86.66746,31.36901],[-86.67424,31.3626],[-86.67945,31.36168],[-86.6787,31.35763],[-86.68979,31.34879],[-86.69943,31.34808],[-86.70279,31.34539],[-86.69908,31.34057],[-86.70164,31.3375],[-86.70113,31.31566],[-86.70028,31.19222],[-86.69448,31.18587],[-86.68885,31.18752],[-86.6872,31.19157],[-86.67812,31.19829],[-86.67593,31.20365],[-86.66509,31.19291],[-86.65939,31.19646],[-86.65708,31.20192],[-86.65255,31.20049],[-86.64738,31.20199],[-86.64758,31.20772],[-86.6415,31.21089],[-86.63845,31.21547],[-86.6464,31.21971],[-86.639,31.22577],[-86.63495,31.22102],[-86.62967,31.22162],[-86.63079,31.22686],[-86.62182,31.22987],[-86.61715,31.23905],[-86.60944,31.24432],[-86.60528,31.25125],[-86.60206,31.25054],[-86.59052,31.25631],[-86.57539,31.25889],[-86.57006,31.2629],[-86.56463,31.26216],[-86.54915,31.2525],[-86.54315,31.25177],[-86.54001,31.24877],[-86.53086,31.25276],[-86.51403,31.2542],[-86.51315,31.24882],[-86.49745,31.24808],[-86.49748,31.22095],[-86.50756,31.22152],[-86.50699,31.20794],[-86.49765,31.20469],[-86.48131,31.20479],[-86.47894,31.20141],[-86.47833,31.19397],[-86.46691,31.19143],[-86.45225,31.19467],[-86.45318,31.18585],[-86.45916,31.17322],[-86.46008,31.1668],[-86.45853,31.15231],[-86.4601,31.14363],[-86.45941,31.13626],[-86.45075,31.11467],[-86.43576,31.09506],[-86.4298,31.10062],[-86.42994,31.10324],[-86.42431,31.11612],[-86.42406,31.12467],[-86.41797,31.13341],[-86.41555,31.13333],[-86.41112,31.14006],[-86.40222,31.14315],[-86.38426,31.15165],[-86.37527,31.15311],[-86.37349,31.15925],[-86.36811,31.16248],[-86.36194,31.17283],[-86.36006,31.18141],[-86.36055,31.19921],[-86.35721,31.20725],[-86.35654,31.21557],[-86.35081,31.22031],[-86.35199,31.2243],[-86.3457,31.23431],[-86.33465,31.24204],[-86.32853,31.25609],[-86.31733,31.26443],[-86.31394,31.2707],[-86.30696,31.27241],[-86.29846,31.28533],[-86.29869,31.29422],[-86.29732,31.30298],[-86.29992,31.31548],[-86.30009,31.32882],[-86.30133,31.33527],[-86.29744,31.34415],[-86.28891,31.37069],[-86.28589,31.37431],[-86.28063,31.38655],[-86.27742,31.38821],[-86.28303,31.38855],[-86.29445,31.38496],[-86.30332,31.37969],[-86.31365,31.37677],[-86.3283,31.37107],[-86.33784,31.35931],[-86.34217,31.35762],[-86.35089,31.36167],[-86.35915,31.35976],[-86.3717,31.3587],[-86.38556,31.35449],[-86.39496,31.34571],[-86.39863,31.34458],[-86.41625,31.34851],[-86.42431,31.34519],[-86.43339,31.3489],[-86.43775,31.35413],[-86.43397,31.35846],[-86.43399,31.36568],[-86.43857,31.37311],[-86.43878,31.38024],[-86.44235,31.38027],[-86.44722,31.3862],[-86.45652,31.39137],[-86.47137,31.39187],[-86.47687,31.39772],[-86.48165,31.39599],[-86.47975,31.39155],[-86.4832,31.38819],[-86.48522,31.38123],[-86.49468,31.37554],[-86.50511,31.37504],[-86.51345,31.36981],[-86.5162,31.36596],[-86.52162,31.36772],[-86.52317,31.38241],[-86.53222,31.38351],[-86.53727,31.38236],[-86.54177,31.38617],[-86.54116,31.39072],[-86.53184,31.39456],[-86.53083,31.39966],[-86.53354,31.40714],[-86.5333,31.41247],[-86.54111,31.41752],[-86.53826,31.42117],[-86.54344,31.43193],[-86.53834,31.43317],[-86.53338,31.44885],[-86.53535,31.451],[-86.52816,31.46489],[-86.5314,31.46692],[-86.52571,31.47378],[-86.52185,31.48215],[-86.52132,31.48841],[-86.51836,31.48989],[-86.51166,31.49858],[-86.51432,31.50117],[-86.51336,31.50728],[-86.5086,31.50983],[-86.50628,31.51402],[-86.49669,31.51504],[-86.48789,31.51814],[-86.48595,31.52537],[-86.49921,31.52533],[-86.52668,31.52438],[-86.67581,31.52368],[-86.70155,31.52395]]]},"properties":{"STATEFP":"01","COUNTYFP":"039","COUSUBFP":"90090","COUSUBNS":"00161609","GEOIDFQ":"0600000US0103990090","GEOID":"0103990090","NAME":"Andalusia","NAMELSAD":"Andalusia CCD","STUSPS":"AL","NAMELSADCO":"Covington County","STATE_NAME":"Alabama","LSAD":"22","ALAND":933650899,"AWATER":8170701}},
{"type":"Feature","geometry":{"type":"Polygon","coordinates":[[[-87.26097,32.12395],[-87.26738,32.11709],[-87.26989,32.11197],[-87.26779,32.10431],[-87.25787,32.09396],[-87.24517,32.0858],[-87.24287,32.08002],[-87.2456,32.0632],[-87.24692,32.06087],[-87.25919,32.05347],[-87.27326,32.04263],[-87.2806,32.04051],[-87.28843,32.04063],[-87.29921,32.04428],[-87.30816,32.04981],[-87.32525,32.06636],[-87.33223,32.07217],[-87.33382,32.07902],[-87.32757,32.10203],[-87.32114,32.12147],[-87.32273,32.1283],[-87.33017,32.13814],[-87.34641,32.14473],[-87.37499,32.15013],[-87.38631,32.14981],[-87.39584,32.14379],[-87.39794,32.1382],[-87.39974,32.12514],[-87.39832,32.121],[-87.39793,32.10862],[-87.40157,32.08835],[-87.40175,32.06813],[-87.40331,32.06001],[-87.40941,32.04601],[-87.41726,32.03569],[-87.4276,32.03087],[-87.44046,32.0347],[-87.4461,32.03209],[-87.45565,32.02342],[-87.46764,32.01817],[-87.47347,32.01089],[-87.47369,32.00369],[-87.46634,31.98259],[-87.45661,31.97481],[-87.44179,31.97498],[-87.4325,31.97225],[-87.41292,31.96825],[-87.3997,31.96174],[-87.3952,31.95604],[-87.39532,31.95072],[-87.40473,31.94258],[-87.40555,31.93822],[-87.39903,31.92822],[-87.39185,31.9259],[-87.38421,31.92103],[-87.38122,31.91358],[-87.37249,31.91397],[-87.37177,31.91796],[-87.36743,31.92279],[-87.36275,31.92302],[-87.35991,31.92695],[-87.36279,31.94098],[-87.36014,31.94554],[-87.35221,31.95054],[-87.34577,31.95159],[-87.33785,31.95579],[-87.32588,31.95765],[-87.31622,31.95802],[-87.3105,31.96267],[-87.30853,31.97325],[-87.3023,31.97085],[-87.29658,31.97167],[-87.28256,31.9764],[-87.26899,31.98299],[-87.26276,31.97741],[-87.25279,31.97799],[-87.24938,31.98243],[-87.2451,31.97898],[-87.23509,31.97515],[-87.22985,31.97659],[-87.22426,31.97184],[-87.21458,31.97137],[-87.21378,31.96754],[-87.19568,31.95389],[-87.19442,31.94992],[-87.18429,31.94032],[-87.18257,31.93663],[-87.17754,31.93546],[-87.17332,31.93067],[-87.17457,31.91611],[-87.16703,31.91546],[-87.15657,31.92173],[-87.1505,31.92387],[-87.14557,31.91867],[-87.13484,31.91893],[-87.11925,31.90346],[-87.10937,31.91671],[-87.10164,31.94254],[-87.10164,31.94676],[-87.10522,31.95335],[-87.10254,31.96374],[-87.10056,31.98389],[-87.0976,31.9919],[-87.10447,32.00424],[-87.10832,32.00722],[-87.11044,32.01625],[-87.11443,32.02409],[-87.11118,32.03529],[-87.11847,32.04725],[-87.12499,32.04763],[-87.17786,32.04751],[-87.17571,32.05763],[-87.17581,32.0634],[-87.18096,32.06751],[-87.19158,32.07026],[-87.19468,32.07572],[-87.18894,32.08216],[-87.19605,32.08441],[-87.19712,32.08755],[-87.20383,32.09098],[-87.22327,32.09359],[-87.23403,32.10169],[-87.23745,32.11131],[-87.24493,32.12199],[-87.26097,32.12395]]]},"properties":{"STATEFP":"01","COUNTYFP":"131","COUSUBFP":"90459","COUSUBNS":"00165997","GEOIDFQ":"0600000US0113190459","GEOID":"0113190459","NAME":"Camden","NAMELSAD":"Camden CCD","STUSPS":"AL","NAMELSADCO":"Wilcox County","STATE_NAME":"Alabama","LSAD":"22","ALAND":445750146,"AWATER":21535049}},
{"type":"Feature","geometry":{"type":"Polygon","coordinates":[[[-86.63711,33.93843],[-86.63448,33.93302],[-86.62981,33.93151],[-86.61912,33.93177],[-86.622,33.92787],[-86.62028,33.92369],[-86.6135,33.92742],[-86.61604,33.93248],[-86.61578,33.93765],[-86.60842,33.94123],[-86.60476,33.93678],[-86.60767,33.93222],[-86.60539,33.92812],[-86.60788,33.92006],[-86.5972,33.937],[-86.58405,33.94617],[-86.58147,33.93623],[-86.58238,33.93303],[-86.57156,33.93115],[-86.56521,33.93303],[-86.55735,33.94046],[-86.55903,33.9435],[-86.56733,33.94268],[-86.569,33.94687],[-86.56293,33.94808],[-86.55831,33.95232],[-86.55548,33.95825],[-86.54894,33.95651],[-86.54192,33.96402],[-86.54316,33.96625],[-86.53986,33.97656],[-86.54274,33.98105],[-86.53631,33.98533],[-86.53271,33.97974],[-86.52207,33.97309],[-86.51321,33.97943],[-86.50586,33.9883],[-86.50492,33.99501],[-86.4931,34.00086],[-86.48291,34.00149],[-86.48529,34.00643],[-86.46912,34.0069],[-86.46623,34.01256],[-86.46191,34.01531],[-86.45839,34.01066],[-86.44793,34.00795],[-86.44883,34.02085],[-86.45286,34.03129],[-86.44987,34.03779],[-86.45775,34.04268],[-86.46647,34.05672],[-86.47471,34.05982],[-86.4827,34.0604],[-86.49436,34.06792],[-86.49525,34.06442],[-86.49159,34.05407],[-86.4909,34.04776],[-86.49401,34.04382],[-86.51325,34.0558],[-86.51631,34.05495],[-86.52096,34.04307],[-86.52363,34.04206],[-86.53058,34.04943],[-86.53513,34.04789],[-86.54245,34.0581],[-86.55054,34.05466],[-86.55379,34.05004],[-86.55311,34.04033],[-86.5605,34.02587],[-86.56454,34.02511],[-86.56552,34.03096],[-86.57142,34.03171],[-86.57425,34.02436],[-86.58645,34.01965],[-86.58306,34.01392],[-86.58694,34.0111],[-86.59121,34.01248],[-86.59234,34.00565],[-86.59756,34.00396],[-86.59865,33.99842],[-86.60273,33.99661],[-86.61005,33.98718],[-86.619,33.98767],[-86.61501,33.979],[-86.61429,33.97111],[-86.61974,33.95943],[-86.62415,33.95822],[-86.63502,33.9483],[-86.63361,33.94295],[-86.63711,33.93843]]]},"properties":{"STATEFP":"01","COUNTYFP":"009","COUSUBFP":"90639","COUSUBNS":"00165663","GEOIDFQ":"0600000US0100990639","GEOID":"0100990639","NAME":"Cleveland","NAMELSAD":"Cleveland CCD","STUSPS":"AL","NAMELSADCO":"Blount County","STATE_NAME":"Alabama","LSAD":"22","ALAND":116533491,"AWATER":550320}},
{"type":"Feature","geometry":{"type":"Polygon","coordinates":[[[-87.2184,31.82939],[-87.20941,31.82419],[-87.20359,31.8096],[-87.2071,31.80582],[-87.20667,31.79546],[-87.20991,31.78721],[-87.22019,31.78513],[-87.22495,31.77654],[-87.23454,31.77265],[-87.23716,31.76712],[-87.2458,31.76639],[-87.25085,31.7594],[-87.26054,31.75635],[-87.26333,31.7528],[-87.27355,31.75244],[-87.27494,31.75636],[-87.28022,31.75492],[-87.28553,31.75861],[-87.29601,31.75596],[-87.2961,31.75017],[-87.29216,31.74247],[-87.29407,31.74055],[-87.2931,31.73058],[-87.2959,31.72607],[-87.295,31.71841],[-87.29895,31.7136],[-87.29955,31.70883],[-87.30332,31.7065],[-87.30775,31.69934],[-87.30737,31.69324],[-87.30991,31.68911],[-87.28786,31.6887],[-87.28416,31.69328],[-87.27229,31.68691],[-87.26958,31.68826],[-87.26441,31.68116],[-87.25063,31.6866],[-87.24513,31.68337],[-87.23253,31.6826],[-87.22499,31.68391],[-87.22134,31.67967],[-87.22103,31.6686],[-87.21898,31.66556],[-87.22024,31.65319],[-87.21052,31.65197],[-87.20599,31.64968],[-87.19616,31.63996],[-87.18054,31.64426],[-87.16641,31.64412],[-87.15217,31.64229],[-87.14769,31.63919],[-87.13632,31.6409],[-87.12748,31.64411],[-87.121,31.64435],[-87.1149,31.64854],[-87.10472,31.65178],[-87.09135,31.65226],[-87.0833,31.65873],[-87.07862,31.66608],[-87.07048,31.66964],[-87.06479,31.66983],[-87.05597,31.67743],[-87.06159,31.69295],[-87.06095,31.70485],[-87.0511,31.71834],[-87.02445,31.71255],[-87.01943,31.71421],[-87.01235,31.71344],[-87.00447,31.71486],[-86.9953,31.7197],[-86.98932,31.71856],[-86.98284,31.72219],[-86.97989,31.72618],[-86.96946,31.72998],[-86.96133,31.73048],[-86.95441,31.7345],[-86.94872,31.73488],[-86.94749,31.73907],[-86.9339,31.74616],[-86.91798,31.74928],[-86.9115,31.75276],[-86.9059,31.75304],[-86.9069,31.83063],[-86.92616,31.83066],[-87.10072,31.82898],[-87.16283,31.82842],[-87.21408,31.8285],[-87.2184,31.82939]]]},"properties":{"STATEFP":"01","COUNTYFP":"099","COUSUBFP":"90234","COUSUBNS":"00165898","GEOIDFQ":"0600000US0109990234","GEOID":"0109990234","NAME":"Beatrice","NAMELSAD":"Beatrice CCD","STUSPS":"AL","NAMELSADCO":"Monroe County","STATE_NAME":"Alabama","LSAD":"22","ALAND":523644031,"AWATER":1376920}},
{"type":"Feature","geometry":{"type":"Polygon","coordinates":[[[-88.27793,30.90275],[-88.27058,30.89182],[-88.27001,30.88492],[-88.27385,30.86827],[-88.27946,30.86028],[-88.2804,30.84936],[-88.26656,30.83166],[-88.25949,30.82069],[-88.25961,30.78922],[-88.23718,30.78974],[-88.22876,30.78567],[-88.22569,30.78064],[-88.22551,30.71733],[-88.21696,30.71526],[-88.20778,30.71904],[-88.20756,30.68593],[-88.1871,30.6766],[-88.18378,30.67594],[-88.12742,30.67611],[-88.12642,30.66151],[-88.13853,30.65353],[-88.14706,30.65242],[-88.16484,30.64735],[-88.17173,30.64429],[-88.18116,30.6428],[-88.18663,30.64028],[-88.20854,30.6398],[-88.21699,30.63587],[-88.22563,30.64009],[-88.24795,30.63999],[-88.25269,30.62536],[-88.25526,30.60755],[-88.24149,30.60607],[-88.24166,30.5889],[-88.20497,30.58892],[-88.20141,30.57998],[-88.19601,30.57701],[-88.18986,30.56872],[-88.17798,30.5769],[-88.16396,30.58428],[-88.15731,30.59054],[-88.14843,30.6046],[-88.13332,30.60383],[-88.12697,30.60457],[-88.12296,30.60239],[-88.12516,30.59402],[-88.12115,30.59473],[-88.11386,30.59177],[-88.10918,30.58246],[-88.1019,30.57502],[-88.09452,30.57248],[-88.09164,30.5672],[-88.08741,30.56506],[-88.08311,30.57284],[-88.0749,30.57889],[-88.0649,30.58829],[-88.0612,30.5965],[-88.05905,30.60829],[-88.054,30.61249],[-88.0596,30.61909],[-88.06029,30.62656],[-88.05469,30.63376],[-88.05601,30.63755],[-88.06188,30.64359],[-88.05165,30.64652],[-88.04472,30.64992],[-88.03841,30.6479],[-88.02919,30.65904],[-88.02398,30.66001],[-88.0201,30.67567],[-88.01141,30.68513],[-88.0089,30.68343],[-88.00241,30.69386],[-88.001,30.69829],[-88.00341,30.7083],[-88.01033,30.71344],[-88.0149,30.72299],[-88.01422,30.73794],[-88.02034,30.74596],[-88.02524,30.74935],[-88.02632,30.75336],[-88.0202,30.76459],[-88.0222,30.77449],[-88.0167,30.78109],[-88.0108,30.78459],[-87.99896,30.78764],[-87.9906,30.79416],[-87.99158,30.80636],[-87.98706,30.81145],[-87.97693,30.81439],[-87.96344,30.82057],[-87.95105,30.8215],[-87.94455,30.82705],[-87.94491,30.83703],[-87.95448,30.84941],[-87.96706,30.85706],[-87.98097,30.86187],[-87.98504,30.8665],[-87.98641,30.87517],[-87.9835,30.88357],[-87.97969,30.88899],[-87.96769,30.8996],[-87.95884,30.90399],[-87.95442,30.91176],[-87.9544,30.91942],[-87.9499,30.92665],[-87.9357,30.92979],[-87.92429,30.93541],[-87.92572,30.94291],[-87.92833,30.94626],[-87.94055,30.9519],[-87.94355,30.96177],[-87.95046,30.96597],[-87.96326,30.96605],[-87.96519,30.96778],[-87.96119,30.97487],[-87.96055,30.98286],[-87.95662,30.98978],[-87.9584,31.00312],[-87.9648,31.00778],[-87.95895,31.01286],[-87.95394,31.01248],[-87.95051,31.02209],[-87.95735,31.02937],[-87.95779,31.03283],[-87.95359,31.0376],[-87.94458,31.04307],[-87.94115,31.04816],[-87.94156,31.06134],[-87.94479,31.06628],[-87.9487,31.06786],[-87.96382,31.06829],[-87.9656,31.06266],[-87.97442,31.06512],[-87.98089,31.05837],[-87.99053,31.05526],[-87.99943,31.05388],[-88.00147,31.04533],[-88.01119,31.03733],[-88.01048,31.02974],[-87.99922,31.02717],[-87.99702,31.0237],[-88.00321,31.01938],[-88.01336,31.02512],[-88.01828,31.02592],[-88.02093,31.02099],[-88.01654,31.0126],[-88.01087,31.01007],[-88.00154,31.01128],[-87.99081,31.00773],[-87.98599,31.00161],[-87.98572,30.98745],[-87.98854,30.98581],[-87.99576,30.98694],[-87.99858,30.98236],[-88.0057,30.98928],[-88.01109,30.99052],[-88.01378,30.98473],[-88.02691,30.97623],[-88.02691,30.96842],[-88.05952,30.96841],[-88.06819,30.96629],[-88.0775,30.95742],[-88.09015,30.95648],[-88.0947,30.95447],[-88.10695,30.9544],[-88.12422,30.95703],[-88.12416,30.93909],[-88.1392,30.93777],[-88.14536,30.9343],[-88.16474,30.92933],[-88.16807,30.92627],[-88.17632,30.92285],[-88.18347,30.92409],[-88.18998,30.92215],[-88.20631,30.92278],[-88.21355,30.92609],[-88.22695,30.92838],[-88.23873,30.92915],[-88.24749,30.92605],[-88.25975,30.91983],[-88.27845,30.9145],[-88.27793,30.90275]]]},"properties":{"STATEFP":"01","COUNTYFP":"097","COUSUBFP":"92187","COUSUBNS":"00161620","GEOIDFQ":"0600000US0109792187","GEOID":"0109792187","NAME":"Mobile","NAMELSAD":"Mobile CCD","STUSPS":"AL","NAMELSADCO":"Mobile County","STATE_NAME":"Alabama","LSAD":"22","ALAND":915633231,"AWATER":124001596}},
{"type":"Feature","geometry":{"type":"Polygon","coordinates":[[[-87.2273,31.25954],[-87.21638,31.2396],[-87.21353,31.22779],[-87.21453,31.21645],[-87.21318,31.2059],[-87.21802,31.19227],[-87.22184,31.18827],[-87.22367,31.18285],[-87.22215,31.16752],[-87.21987,31.15914],[-87.2147,31.1476],[-87.21354,31.13424],[-87.21421,31.12856],[-87.22021,31.11956],[-87.22265,31.10617],[-87.21923,31.09085],[-87.22135,31.08606],[-87.21971,31.07952],[-87.21608,31.07453],[-87.21299,31.06611],[-87.21645,31.05591],[-87.21449,31.05144],[-87.21936,31.04339],[-87.21126,31.02915],[-87.21188,31.02674],[-87.20702,31.02033],[-87.20219,31.01988],[-87.19826,31.01595],[-87.18454,31.01424],[-87.1748,30.99869],[-87.16365,30.99902],[-87.16429,31.0032],[-87.1612,31.00758],[-87.15364,31.00823],[-87.14811,31.01243],[-87.14512,31.01808],[-87.13646,31.02288],[-87.13141,31.02868],[-87.12475,31.02737],[-87.12126,31.03386],[-87.11576,31.03414],[-87.11603,31.04488],[-87.10766,31.04966],[-87.10818,31.05432],[-87.10161,31.05318],[-87.09849,31.06069],[-87.09839,31.06943],[-87.0953,31.07301],[-87.08505,31.07674],[-87.08195,31.08454],[-87.08193,31.0909],[-87.07658,31.09567],[-87.05841,31.10262],[-87.05462,31.10688],[-87.04602,31.11112],[-87.04168,31.11716],[-87.04121,31.12483],[-87.03289,31.12812],[-87.02792,31.1279],[-87.02227,31.13312],[-87.0243,31.14881],[-87.02187,31.15267],[-87.02361,31.15817],[-87.02268,31.16732],[-87.02041,31.16965],[-87.02263,31.18528],[-87.02878,31.19612],[-87.03065,31.20351],[-87.02717,31.2043],[-87.02431,31.22606],[-87.01911,31.24077],[-87.02305,31.24904],[-87.01862,31.25212],[-87.01813,31.26127],[-87.03647,31.26132],[-87.16362,31.26074],[-87.22587,31.26064],[-87.2273,31.25954]]]},"properties":{"STATEFP":"01","COUNTYFP":"053","COUSUBFP":"90378","COUSUBNS":"00165765","GEOIDFQ":"0600000US0105390378","GEOID":"0105390378","NAME":"Brewton","NAMELSAD":"Brewton CCD","STUSPS":"AL","NAMELSADCO":"Escambia County","STATE_NAME":"Alabama","LSAD":"22","ALAND":423543478,"AWATER":4737416}},
{"type":"Feature","geometry":{"type":"Polygon","coordinates":[[[-87.79177,30.65289],[-87.78904,30.64587],[-87.79288,30.64377],[-87.79602,30.63749],[-87.80191,30.63709],[-87.8204,30.62756],[-87.82096,30.61772],[-87.8174,30.61057],[-87.81846,30.60582],[-87.81538,30.60231],[-87.81534,30.59734],[-87.81105,30.59416],[-87.81164,30.58719],[-87.80447,30.57743],[-87.79782,30.57466],[-87.79512,30.5673],[-87.7977,30.55705],[-87.79866,30.54554],[-87.79885,30.53866],[-87.80293,30.53012],[-87.80782,30.52708],[-87.81041,30.51079],[-87.8082,30.50788],[-87.80792,30.49615],[-87.80497,30.49066],[-87.806,30.4859],[-87.8029,30.4832],[-87.79403,30.49365],[-87.77975,30.49913],[-87.76968,30.49871],[-87.76877,30.49531],[-87.76091,30.49466],[-87.74811,30.49919],[-87.74554,30.50352],[-87.73779,30.50982],[-87.73245,30.51734],[-87.72733,30.51998],[-87.71688,30.52055],[-87.71083,30.5263],[-87.7084,30.53101],[-87.66607,30.53107],[-87.66604,30.52383],[-87.65305,30.5228],[-87.64753,30.525],[-87.63625,30.52593],[-87.62414,30.52433],[-87.61934,30.52261],[-87.61308,30.51697],[-87.6074,30.51717],[-87.59903,30.51333],[-87.59203,30.51389],[-87.581,30.51098],[-87.5737,30.51304],[-87.56805,30.50925],[-87.5603,30.50051],[-87.55867,30.49579],[-87.5613,30.48654],[-87.5501,30.48412],[-87.54424,30.48507],[-87.54125,30.48809],[-87.53267,30.4904],[-87.52723,30.49628],[-87.52621,30.50317],[-87.52019,30.51004],[-87.51075,30.5125],[-87.49949,30.50905],[-87.48669,30.48814],[-87.46831,30.4801],[-87.45691,30.48207],[-87.45002,30.49087],[-87.44127,30.48941],[-87.43477,30.48187],[-87.43058,30.4911],[-87.43118,30.4958],[-87.43969,30.50665],[-87.44471,30.50749],[-87.44778,30.51191],[-87.44494,30.51494],[-87.44659,30.52707],[-87.43544,30.54914],[-87.42789,30.55416],[-87.42604,30.56007],[-87.41865,30.56184],[-87.41851,30.56956],[-87.41247,30.57386],[-87.42635,30.57756],[-87.4394,30.57858],[-87.46265,30.57777],[-87.47278,30.57853],[-87.48983,30.5818],[-87.51164,30.5811],[-87.51881,30.58221],[-87.53377,30.58776],[-87.54147,30.59184],[-87.56961,30.61221],[-87.57456,30.61521],[-87.59095,30.62117],[-87.60685,30.62821],[-87.62358,30.62954],[-87.64155,30.63288],[-87.66265,30.63574],[-87.67889,30.63687],[-87.69442,30.64293],[-87.71481,30.64688],[-87.72501,30.65009],[-87.73502,30.65172],[-87.78548,30.65199],[-87.79177,30.65289]]]},"properties":{"STATEFP":"01","COUNTYFP":"003","COUSUBFP":"92754","COUSUBNS":"00161596","GEOIDFQ":"0600000US0100392754","GEOID":"0100392754","NAME":"Robertsdale","NAMELSAD":"Robertsdale CCD","STUSPS":"AL","NAMELSADCO":"Baldwin County","STATE_NAME":"Alabama","LSAD":"22","ALAND":442209204,"AWATER":4246848}},
{"type":"Feature","geometry":{"type":"Polygon","coordinates":[[[-87.08752,33.28531],[-87.08755,33.27967],[-87.0746,33.27968],[-87.07463,33.27602],[-87.06751,33.27595],[-87.06467,33.27908],[-87.00688,33.33585],[-86.99286,33.33212],[-86.98285,33.33331],[-86.98537,33.33852],[-86.98533,33.34468],[-86.97616,33.35646],[-86.9686,33.34653],[-86.97128,33.34089],[-86.9635,33.33447],[-86.94679,33.33581],[-86.94183,33.33847],[-86.93927,33.34491],[-86.94391,33.34683],[-86.94037,33.35373],[-86.93019,33.36038],[-86.92986,33.37827],[-86.93826,33.3806],[-86.94289,33.38741],[-86.93903,33.39431],[-86.9325,33.39963],[-86.93068,33.40451],[-86.92155,33.41703],[-86.90839,33.42931],[-86.90028,33.4341],[-86.89013,33.43844],[-86.8902,33.44229],[-86.8775,33.44938],[-86.86937,33.4514],[-86.84976,33.4663],[-86.84231,33.4657],[-86.84214,33.45808],[-86.84831,33.45049],[-86.84837,33.44259],[-86.84173,33.43324],[-86.83551,33.43734],[-86.82928,33.43923],[-86.82228,33.44558],[-86.81391,33.44854],[-86.81377,33.44458],[-86.80816,33.44162],[-86.81167,33.43154],[-86.80704,33.42065],[-86.80567,33.41407],[-86.80661,33.38463],[-86.80572,33.38125],[-86.79782,33.36731],[-86.77864,33.36688],[-86.77844,33.38859],[-86.76102,33.38832],[-86.76127,33.39521],[-86.75237,33.399],[-86.75234,33.41721],[-86.71788,33.41631],[-86.71775,33.43078],[-86.71061,33.43057],[-86.71529,33.444],[-86.71526,33.45115],[-86.71045,33.45435],[-86.70739,33.46507],[-86.70858,33.46755],[-86.7174,33.47145],[-86.70832,33.48578],[-86.70189,33.48487],[-86.6942,33.48955],[-86.68692,33.49179],[-86.67851,33.49746],[-86.67904,33.50144],[-86.67387,33.50475],[-86.66748,33.50455],[-86.66553,33.50788],[-86.65853,33.51114],[-86.64587,33.51008],[-86.64642,33.51761],[-86.63661,33.52778],[-86.62934,33.53084],[-86.63039,33.53397],[-86.627,33.5432],[-86.62279,33.53991],[-86.61781,33.54458],[-86.61303,33.54558],[-86.61241,33.55655],[-86.60436,33.55175],[-86.59419,33.55237],[-86.58988,33.55508],[-86.58277,33.56463],[-86.58871,33.56653],[-86.59331,33.56516],[-86.60698,33.57067],[-86.61151,33.56907],[-86.62089,33.55861],[-86.62554,33.55589],[-86.6403,33.55894],[-86.63816,33.57059],[-86.64037,33.57875],[-86.64897,33.59396],[-86.65147,33.60062],[-86.64415,33.60753],[-86.63028,33.62696],[-86.61796,33.63966],[-86.62216,33.63973],[-86.63051,33.64416],[-86.64331,33.65792],[-86.6357,33.66927],[-86.63452,33.67388],[-86.62798,33.6824],[-86.63074,33.6893],[-86.64107,33.69023],[-86.6532,33.69685],[-86.66569,33.7005],[-86.67409,33.699],[-86.68681,33.69947],[-86.69059,33.69058],[-86.69319,33.68998],[-86.70512,33.67813],[-86.71211,33.67357],[-86.71692,33.67313],[-86.72312,33.66632],[-86.72711,33.66432],[-86.73342,33.65676],[-86.74189,33.65775],[-86.74201,33.66149],[-86.75797,33.66541],[-86.75801,33.65703],[-86.76726,33.65036],[-86.77305,33.64166],[-86.78305,33.63362],[-86.78551,33.61975],[-86.7947,33.62198],[-86.80172,33.62145],[-86.80793,33.61614],[-86.8174,33.61646],[-86.8217,33.61995],[-86.82845,33.62207],[-86.83268,33.62119],[-86.84578,33.62834],[-86.8565,33.63187],[-86.86511,33.6299],[-86.87798,33.62714],[-86.88558,33.62355],[-86.8939,33.62732],[-86.90719,33.62947],[-86.91215,33.62446],[-86.91402,33.61938],[-86.9213,33.61751],[-86.92108,33.61527],[-86.91182,33.59957],[-86.90893,33.59302],[-86.89986,33.57982],[-86.90739,33.57448],[-86.92639,33.58357],[-86.93182,33.57869],[-86.93687,33.57699],[-86.94267,33.57002],[-86.93785,33.56717],[-86.93317,33.56749],[-86.92575,33.56285],[-86.92283,33.54904],[-86.93319,33.54511],[-86.93628,33.5483],[-86.94488,33.55036],[-86.94625,33.54561],[-86.95168,33.54661],[-86.956,33.55264],[-86.96919,33.55416],[-86.96531,33.56197],[-86.97109,33.56503],[-86.98133,33.5666],[-86.98703,33.5691],[-86.98852,33.57689],[-87.00231,33.56619],[-86.99857,33.55591],[-86.98717,33.53926],[-86.98062,33.53699],[-86.97919,33.53141],[-86.96938,33.52425],[-86.96978,33.51659],[-86.97516,33.51167],[-86.9714,33.5063],[-86.97149,33.50194],[-86.97878,33.50002],[-86.99186,33.50031],[-86.99583,33.50291],[-87.0017,33.49931],[-87.00281,33.4955],[-87.01429,33.48596],[-87.01625,33.48152],[-87.00886,33.47501],[-87.00382,33.46713],[-86.99629,33.46791],[-86.9964,33.46376],[-87.003,33.46392],[-87.01419,33.46733],[-87.01849,33.46572],[-87.02323,33.44836],[-87.02831,33.4444],[-87.02415,33.438],[-87.01425,33.43601],[-87.01335,33.43201],[-87.00742,33.42631],[-86.99977,33.42145],[-87.00293,33.41345],[-87.00222,33.40922],[-86.99652,33.40697],[-86.98487,33.40683],[-86.99336,33.39993],[-86.99943,33.39686],[-87.00476,33.38887],[-87.01053,33.39234],[-87.01361,33.39015],[-87.02238,33.3887],[-87.02836,33.39114],[-87.03294,33.38329],[-87.04872,33.37188],[-87.05038,33.36614],[-87.05393,33.36259],[-87.05054,33.35318],[-87.05382,33.34178],[-87.0498,33.34184],[-87.04848,33.33688],[-87.05746,33.32568],[-87.05292,33.31901],[-87.05699,33.31405],[-87.07054,33.30159],[-87.08068,33.28961],[-87.08752,33.28531]]]},"properties":{"STATEFP":"01","COUNTYFP":"073","COUSUBFP":"90324","COUSUBNS":"00161616","GEOIDFQ":"0600000US0107390324","GEOID":"0107390324","NAME":"Birmingham","NAMELSAD":"Birmingham CCD","STUSPS":"AL","NAMELSADCO":"Jefferson County","STATE_NAME":"Alabama","LSAD":"22","ALAND":823600031,"AWATER":3707388}},
{"type":"Feature","geometry":{"type":"Polygon","coordinates":[[[-87.16407,32.48732],[-87.15913,32.48026],[-87.16036,32.46356],[-87.16538,32.46554],[-87.168,32.45877],[-87.17555,32.4598],[-87.18546,32.45082],[-87.18045,32.44633],[-87.17949,32.44045],[-87.18383,32.43644],[-87.18947,32.4365],[-87.18901,32.42945],[-87.17585,32.42289],[-87.17289,32.41816],[-87.16573,32.41564],[-87.16558,32.4091],[-87.17177,32.4076],[-87.17199,32.40309],[-87.16287,32.40259],[-87.15643,32.40843],[-87.1511,32.40959],[-87.14838,32.40155],[-87.15306,32.39218],[-87.15092,32.38877],[-87.14459,32.387],[-87.13809,32.39302],[-87.12953,32.38826],[-87.13004,32.38318],[-87.1276,32.37881],[-87.13959,32.36976],[-87.1344,32.36475],[-87.13429,32.3597],[-87.12683,32.35685],[-87.12581,32.35025],[-87.13562,32.34749],[-87.13332,32.34435],[-87.12728,32.34618],[-87.12874,32.33711],[-87.11604,32.32996],[-87.1214,32.32323],[-87.10775,32.32135],[-87.10322,32.32512],[-87.10526,32.3296],[-87.09998,32.33568],[-87.09415,32.33555],[-87.09238,32.32506],[-87.09298,32.31841],[-87.08366,32.32629],[-87.07625,32.33085],[-87.06947,32.33323],[-87.05334,32.33384],[-87.04674,32.33154],[-87.03071,32.3221],[-87.02026,32.31959],[-87.01789,32.32516],[-87.023,32.33511],[-87.03625,32.35079],[-87.04682,32.36174],[-87.05026,32.36983],[-87.0552,32.36882],[-87.05649,32.36387],[-87.06367,32.35993],[-87.07227,32.36171],[-87.07953,32.37131],[-87.08032,32.37795],[-87.0741,32.38662],[-87.06474,32.39082],[-87.05261,32.39402],[-87.04166,32.39556],[-87.03401,32.39789],[-87.01846,32.40546],[-87.01393,32.40533],[-87.00762,32.40044],[-87.00401,32.39283],[-86.99306,32.38256],[-86.98465,32.37757],[-86.96638,32.37305],[-86.95363,32.37125],[-86.94373,32.36027],[-86.93794,32.35636],[-86.93165,32.35509],[-86.92431,32.3561],[-86.90564,32.36243],[-86.89379,32.36819],[-86.87564,32.38177],[-86.86633,32.38582],[-86.86529,32.39571],[-86.87078,32.40676],[-86.86906,32.41384],[-86.86499,32.41565],[-86.85248,32.41598],[-86.84925,32.41766],[-86.85014,32.42309],[-86.85809,32.42839],[-86.85529,32.43851],[-86.86433,32.43945],[-86.86623,32.44376],[-86.85995,32.45063],[-86.86476,32.45856],[-86.86893,32.45808],[-86.87117,32.46397],[-86.87021,32.46897],[-86.87704,32.47451],[-86.87776,32.47855],[-86.88372,32.48122],[-86.87922,32.48779],[-86.88271,32.49024],[-86.88448,32.4964],[-86.89067,32.50541],[-86.89044,32.51285],[-86.89462,32.5149],[-86.89478,32.5209],[-86.90368,32.53109],[-86.90107,32.5333],[-86.9031,32.54063],[-86.90652,32.54317],[-86.9038,32.55174],[-86.8996,32.55699],[-86.8983,32.56769],[-86.90131,32.57523],[-86.89871,32.57745],[-86.90372,32.5834],[-86.90364,32.59261],[-86.90623,32.59749],[-86.90676,32.60454],[-86.90963,32.60815],[-86.90993,32.61813],[-86.91282,32.62505],[-86.91086,32.62909],[-86.91592,32.64046],[-86.91882,32.64428],[-86.91315,32.64778],[-86.91815,32.65136],[-86.92114,32.65623],[-86.91759,32.66417],[-87.01766,32.66327],[-87.01776,32.72953],[-87.02171,32.71775],[-87.02544,32.71315],[-87.03325,32.69584],[-87.03592,32.6865],[-87.03512,32.68128],[-87.03076,32.67455],[-87.03208,32.664],[-87.03806,32.65043],[-87.04353,32.64295],[-87.04666,32.63151],[-87.04564,32.62473],[-87.04787,32.62078],[-87.0456,32.61259],[-87.04032,32.60388],[-87.04147,32.59748],[-87.05545,32.58883],[-87.05701,32.58444],[-87.06331,32.58156],[-87.06749,32.57741],[-87.0814,32.57043],[-87.07993,32.56621],[-87.08186,32.56085],[-87.07726,32.55736],[-87.07903,32.55174],[-87.07776,32.54515],[-87.07964,32.53979],[-87.08997,32.53442],[-87.08971,32.52809],[-87.09716,32.52046],[-87.10016,32.51246],[-87.10196,32.50295],[-87.10856,32.49761],[-87.10865,32.49314],[-87.11236,32.48865],[-87.11638,32.4877],[-87.16407,32.48732]]]},"properties":{"STATEFP":"01","COUNTYFP":"047","COUSUBFP":"92880","COUSUBNS":"00161611","GEOIDFQ":"0600000US0104792880","GEOID":"0104792880","NAME":"Selma","NAMELSAD":"Selma CCD","STUSPS":"AL","NAMELSADCO":"Dallas County","STATE_NAME":"Alabama","LSAD":"22","ALAND":679915614,"AWATER":12235018}},
{"type":"Feature","geometry":{"type":"Polygon","coordinates":[[[-87.85328,34.00878],[-87.83793,34.01131],[-87.82989,34.01411],[-87.81362,34.02272],[-87.81383,34.00553],[-87.79549,34.00465],[-87.78265,33.99815],[-87.77834,33.99764],[-87.77413,33.97363],[-87.77447,33.96301],[-87.77087,33.96468],[-87.74596,33.96665],[-87.74287,33.97066],[-87.73369,33.96714],[-87.72252,33.97026],[-87.7183,33.98447],[-87.70668,33.98441],[-87.70309,33.98745],[-87.69409,33.98454],[-87.68967,33.98082],[-87.68497,33.98152],[-87.67848,33.98745],[-87.67629,33.9837],[-87.678,33.97456],[-87.67578,33.97164],[-87.66549,33.96967],[-87.65431,33.97128],[-87.64576,33.96898],[-87.63604,33.96851],[-87.63612,34.0022],[-87.63656,34.12091],[-87.63511,34.17884],[-87.64359,34.17155],[-87.65183,34.16786],[-87.6515,34.16147],[-87.65479,34.15055],[-87.65942,34.14402],[-87.65849,34.13955],[-87.66491,34.13843],[-87.66923,34.1333],[-87.69273,34.12403],[-87.69357,34.11511],[-87.69961,34.11174],[-87.71456,34.11041],[-87.71644,34.11622],[-87.72506,34.11653],[-87.73153,34.11467],[-87.75061,34.11785],[-87.74864,34.12662],[-87.75788,34.12715],[-87.76634,34.12077],[-87.76892,34.12606],[-87.77937,34.1235],[-87.78123,34.12984],[-87.78738,34.13046],[-87.7884,34.12703],[-87.79515,34.12779],[-87.79567,34.12325],[-87.80454,34.11867],[-87.8125,34.11748],[-87.80699,34.12678],[-87.81748,34.13246],[-87.8262,34.12842],[-87.83446,34.12244],[-87.83528,34.11849],[-87.83126,34.11269],[-87.8346,34.10766],[-87.83004,34.0978],[-87.83801,34.09047],[-87.84086,34.08525],[-87.83733,34.07616],[-87.83274,34.07165],[-87.82855,34.06399],[-87.82401,34.06122],[-87.82135,34.05324],[-87.82522,34.04795],[-87.83386,34.04477],[-87.83891,34.03947],[-87.84029,34.02924],[-87.84685,34.02385],[-87.84828,34.01811],[-87.85328,34.00878]]]},"properties":{"STATEFP":"01","COUNTYFP":"093","COUSUBFP":"90396","COUSUBNS":"00165879","GEOIDFQ":"0600000US0109390396","GEOID":"0109390396","NAME":"Brilliant","NAMELSAD":"Brilliant CCD","STUSPS":"AL","NAMELSADCO":"Marion County","STATE_NAME":"Alabama","LSAD":"22","ALAND":294327934,"AWATER":316290}},
{"type":"Feature","geometry":{"type":"Polygon","coordinates":[[[-87.91979,31.76501],[-87.92422,31.75754],[-87.92235,31.7496],[-87.92684,31.74632],[-87.93003,31.73474],[-87.94576,31.73666],[-87.9558,31.73517],[-87.90925,31.72684],[-87.89495,31.71952],[-87.88256,31.70511],[-87.87825,31.70316],[-87.87644,31.69152],[-87.87089,31.67418],[-87.87104,31.6427],[-87.87531,31.63802],[-87.8771,31.63151],[-87.88295,31.62695],[-87.88565,31.61901],[-87.88031,31.61809],[-87.86983,31.61975],[-87.86074,31.61521],[-87.8542,31.62198],[-87.84487,31.62747],[-87.83152,31.64093],[-87.82298,31.6458],[-87.81564,31.64816],[-87.80385,31.6404],[-87.79646,31.64062],[-87.79116,31.63855],[-87.78611,31.63404],[-87.78054,31.63428],[-87.79663,31.61603],[-87.80232,31.6064],[-87.80294,31.5957],[-87.80088,31.58701],[-87.80254,31.58087],[-87.79845,31.56766],[-87.7744,31.57298],[-87.77135,31.56409],[-87.7663,31.55537],[-87.76169,31.5513],[-87.75359,31.55064],[-87.75116,31.55377],[-87.7456,31.55268],[-87.74372,31.55653],[-87.73532,31.55967],[-87.73377,31.5632],[-87.73516,31.56986],[-87.72617,31.56874],[-87.72207,31.57035],[-87.70644,31.5645],[-87.70283,31.56063],[-87.69882,31.56112],[-87.69366,31.55546],[-87.69756,31.55284],[-87.70111,31.54531],[-87.70788,31.53619],[-87.71572,31.53184],[-87.71892,31.52763],[-87.71783,31.51744],[-87.71956,31.50958],[-87.71454,31.50717],[-87.71167,31.5029],[-87.69887,31.49538],[-87.69284,31.48431],[-87.69249,31.47758],[-87.69587,31.47188],[-87.6974,31.46479],[-87.69626,31.45944],[-87.69238,31.45321],[-87.69349,31.43737],[-87.7018,31.42582],[-87.69996,31.41978],[-87.69964,31.40994],[-87.69742,31.40429],[-87.68553,31.40756],[-87.66931,31.42093],[-87.66557,31.42317],[-87.65434,31.42585],[-87.64419,31.42635],[-87.63965,31.42477],[-87.62968,31.41594],[-87.62121,31.41002],[-87.60958,31.40782],[-87.59989,31.41106],[-87.59483,31.41508],[-87.58853,31.42392],[-87.577,31.4321],[-87.57373,31.43509],[-87.57017,31.44292],[-87.56728,31.45456],[-87.56336,31.4647],[-87.56223,31.47537],[-87.56571,31.48168],[-87.57766,31.48797],[-87.59594,31.49559],[-87.6046,31.5],[-87.62107,31.51302],[-87.61984,31.51905],[-87.61463,31.52237],[-87.59926,31.52744],[-87.58584,31.53983],[-87.57171,31.55012],[-87.56541,31.55357],[-87.56587,31.57473],[-87.56642,31.65998],[-87.56684,31.69712],[-87.51613,31.69782],[-87.51705,31.7534],[-87.53389,31.74846],[-87.53998,31.74909],[-87.55033,31.74793],[-87.55878,31.74276],[-87.56049,31.73734],[-87.5693,31.73694],[-87.57413,31.74132],[-87.58137,31.74059],[-87.58174,31.74425],[-87.59411,31.74558],[-87.60147,31.74372],[-87.61453,31.74579],[-87.61916,31.75759],[-87.6258,31.75946],[-87.6296,31.76681],[-87.63927,31.77028],[-87.6381,31.77334],[-87.65027,31.77332],[-87.65833,31.77576],[-87.66319,31.77163],[-87.67847,31.76346],[-87.69261,31.76694],[-87.69065,31.76051],[-87.69822,31.75121],[-87.70284,31.74821],[-87.71201,31.74848],[-87.73277,31.7528],[-87.73702,31.75702],[-87.74835,31.75857],[-87.754,31.76236],[-87.75933,31.76326],[-87.76205,31.76001],[-87.76659,31.7628],[-87.77548,31.75931],[-87.77912,31.766],[-87.78889,31.76915],[-87.79084,31.7841],[-87.8018,31.79235],[-87.81592,31.79322],[-87.8192,31.79553],[-87.82229,31.80848],[-87.82404,31.80988],[-87.82649,31.80086],[-87.83412,31.79536],[-87.83787,31.78559],[-87.85056,31.77797],[-87.8591,31.77706],[-87.86747,31.77375],[-87.87335,31.77383],[-87.87823,31.77114],[-87.88933,31.77021],[-87.89772,31.7681],[-87.90164,31.76964],[-87.91116,31.7647],[-87.91979,31.76501]]]},"properties":{"STATEFP":"01","COUNTYFP":"025","COUSUBFP":"91440","COUSUBNS":"00161602","GEOIDFQ":"0600000US0102591440","GEOID":"0102591440","NAME":"Grove Hill","NAMELSAD":"Grove Hill CCD","STUSPS":"AL","NAMELSADCO":"Clarke County","STATE_NAME":"Alabama","LSAD":"22","ALAND":832713945,"AWATER":4900838}},
{"type":"Feature","geometry":{"type":"Polygon","coordinates":[[[-87.86074,31.61521],[-87.86593,31.6078],[-87.86827,31.60056],[-87.85114,31.60516],[-87.8476,31.60502],[-87.84355,31.59019],[-87.84114,31.5877],[-87.83993,31.5803],[-87.84237,31.57291],[-87.84159,31.56822],[-87.84378,31.56235],[-87.83781,31.54583],[-87.8369,31.53776],[-87.83326,31.53318],[-87.83208,31.52622],[-87.83534,31.51991],[-87.82798,31.51151],[-87.82378,31.49847],[-87.81858,31.49295],[-87.81901,31.48931],[-87.82779,31.47955],[-87.83392,31.47789],[-87.82723,31.47326],[-87.82728,31.46697],[-87.83065,31.45821],[-87.83639,31.44744],[-87.84134,31.44359],[-87.84623,31.44416],[-87.85,31.44918],[-87.85529,31.44675],[-87.85972,31.44138],[-87.86603,31.44363],[-87.87445,31.44236],[-87.8768,31.44021],[-87.91069,31.441],[-87.91569,31.43958],[-87.91021,31.43344],[-87.90826,31.4267],[-87.91114,31.4244],[-87.91112,31.42253],[-87.92143,31.41618],[-87.92782,31.40784],[-87.92146,31.40514],[-87.91741,31.4083],[-87.90734,31.40607],[-87.90504,31.39828],[-87.91207,31.39453],[-87.9277,31.39657],[-87.93363,31.39197],[-87.93401,31.38569],[-87.93892,31.38127],[-87.94592,31.37799],[-87.93992,31.37517],[-87.93011,31.37942],[-87.92511,31.37966],[-87.91729,31.37673],[-87.92109,31.38438],[-87.91864,31.38963],[-87.91076,31.39095],[-87.90366,31.3884],[-87.898,31.38108],[-87.88814,31.3844],[-87.89281,31.37234],[-87.88886,31.36402],[-87.89706,31.34901],[-87.89693,31.34267],[-87.90365,31.33646],[-87.90807,31.32304],[-87.91595,31.32407],[-87.91585,31.32908],[-87.91012,31.33406],[-87.91249,31.33812],[-87.91878,31.34076],[-87.92323,31.33457],[-87.92181,31.32724],[-87.92474,31.32077],[-87.92452,31.31291],[-87.93045,31.30923],[-87.93589,31.31066],[-87.93956,31.31427],[-87.95962,31.31621],[-87.96379,31.31398],[-87.96367,31.30853],[-87.9597,31.30337],[-87.95079,31.29946],[-87.94751,31.29627],[-87.94725,31.29117],[-87.95585,31.28461],[-87.95738,31.27965],[-87.95304,31.27191],[-87.95511,31.26775],[-87.95969,31.2678],[-87.96634,31.2714],[-87.9744,31.27041],[-87.98623,31.25976],[-87.98066,31.25584],[-87.97428,31.25962],[-87.96923,31.25836],[-87.96338,31.25017],[-87.95741,31.24781],[-87.9475,31.24657],[-87.94403,31.24429],[-87.93133,31.22455],[-87.93863,31.22037],[-87.94066,31.21139],[-87.94841,31.20682],[-87.95013,31.20087],[-87.94659,31.19293],[-87.94051,31.18976],[-87.93361,31.18999],[-87.92568,31.18612],[-87.91825,31.18561],[-87.91364,31.18736],[-87.90624,31.19916],[-87.89921,31.19735],[-87.88958,31.20435],[-87.87917,31.198],[-87.87389,31.2015],[-87.8759,31.21219],[-87.86977,31.21577],[-87.85995,31.20463],[-87.8535,31.20345],[-87.84954,31.20611],[-87.8498,31.21158],[-87.85794,31.21645],[-87.86359,31.22611],[-87.86376,31.2311],[-87.86007,31.2354],[-87.85291,31.23699],[-87.84861,31.23483],[-87.84134,31.22541],[-87.83592,31.23105],[-87.84409,31.23615],[-87.84463,31.23934],[-87.8371,31.24725],[-87.84592,31.25528],[-87.8337,31.25908],[-87.83048,31.26497],[-87.82831,31.2753],[-87.8241,31.27926],[-87.81822,31.27862],[-87.8015,31.26981],[-87.79435,31.2708],[-87.7839,31.27777],[-87.78577,31.28294],[-87.79446,31.28781],[-87.79556,31.29233],[-87.80281,31.3014],[-87.80897,31.30664],[-87.80982,31.31049],[-87.80713,31.31774],[-87.79893,31.31621],[-87.79811,31.30803],[-87.79563,31.30274],[-87.78849,31.29741],[-87.77997,31.29772],[-87.77158,31.29372],[-87.76515,31.29735],[-87.76774,31.29998],[-87.77859,31.30574],[-87.78276,31.31205],[-87.7848,31.32467],[-87.78168,31.33333],[-87.76798,31.34407],[-87.76525,31.34878],[-87.76523,31.36225],[-87.75796,31.36425],[-87.75454,31.36233],[-87.75192,31.35494],[-87.75358,31.34056],[-87.75263,31.33739],[-87.7464,31.33326],[-87.73883,31.3331],[-87.72951,31.33659],[-87.72276,31.34362],[-87.72198,31.35962],[-87.7254,31.36797],[-87.72584,31.37374],[-87.71464,31.38415],[-87.70604,31.40096],[-87.69742,31.40429],[-87.69964,31.40994],[-87.69996,31.41978],[-87.7018,31.42582],[-87.69349,31.43737],[-87.69238,31.45321],[-87.69626,31.45944],[-87.6974,31.46479],[-87.69587,31.47188],[-87.69249,31.47758],[-87.69284,31.48431],[-87.69887,31.49538],[-87.71167,31.5029],[-87.71454,31.50717],[-87.71956,31.50958],[-87.71783,31.51744],[-87.71892,31.52763],[-87.71572,31.53184],[-87.70788,31.53619],[-87.70111,31.54531],[-87.69756,31.55284],[-87.69366,31.55546],[-87.69882,31.56112],[-87.70283,31.56063],[-87.70644,31.5645],[-87.72207,31.57035],[-87.72617,31.56874],[-87.73516,31.56986],[-87.73377,31.5632],[-87.73532,31.55967],[-87.74372,31.55653],[-87.7456,31.55268],[-87.75116,31.55377],[-87.75359,31.55064],[-87.76169,31.5513],[-87.7663,31.55537],[-87.77135,31.56409],[-87.7744,31.57298],[-87.79845,31.56766],[-87.80254,31.58087],[-87.80088,31.58701],[-87.80294,31.5957],[-87.80232,31.6064],[-87.79663,31.61603],[-87.78054,31.63428],[-87.78611,31.63404],[-87.79116,31.63855],[-87.79646,31.64062],[-87.80385,31.6404],[-87.81564,31.64816],[-87.82298,31.6458],[-87.83152,31.64093],[-87.84487,31.62747],[-87.8542,31.62198],[-87.86074,31.61521]]]},"properties":{"STATEFP":"01","COUNTYFP":"025","COUSUBFP":"93362","COUSUBNS":"00161603","GEOIDFQ":"0600000US0102593362","GEOID":"0102593362","NAME":"Walker Springs","NAMELSAD":"Walker Springs CCD","STUSPS":"AL","NAMELSADCO":"Clarke County","STATE_NAME":"Alabama","LSAD":"22","ALAND":588887790,"AWATER":18057843}},
{"type":"Feature","geometry":{"type":"Polygon","coordinates":[[[-85.41024,32.14665],[-85.41004,32.13945],[-85.42744,32.13935],[-85.42769,32.11879],[-85.43031,32.05196],[-85.42982,32.04598],[-85.40735,32.03633],[-85.40199,32.0347],[-85.4003,32.03098],[-85.39143,32.02464],[-85.3814,32.02394],[-85.37329,32.02573],[-85.3621,32.0187],[-85.35433,32.01747],[-85.34769,32.01942],[-85.34167,32.01733],[-85.3386,32.01958],[-85.33266,32.01104],[-85.32814,32.0131],[-85.31838,32.01314],[-85.3111,32.01558],[-85.31016,32.00985],[-85.3145,32.0061],[-85.31927,31.99672],[-85.3145,31.98437],[-85.31586,31.9714],[-85.32303,31.96953],[-85.32995,31.96209],[-85.33597,31.95979],[-85.34643,31.95247],[-85.34809,31.9481],[-85.34341,31.94169],[-85.34461,31.92768],[-85.34712,31.9201],[-85.34007,31.91461],[-85.3379,31.90595],[-85.34191,31.89459],[-85.34991,31.88334],[-85.35023,31.87817],[-85.36,31.86914],[-85.3551,31.85789],[-85.35362,31.85109],[-85.34981,31.84543],[-85.34366,31.84173],[-85.33776,31.84706],[-85.33194,31.84919],[-85.32481,31.84784],[-85.31539,31.85181],[-85.3006,31.85179],[-85.29132,31.85775],[-85.27777,31.85657],[-85.27195,31.85731],[-85.26211,31.85276],[-85.25634,31.85312],[-85.24618,31.85056],[-85.24285,31.84767],[-85.22664,31.8436],[-85.219,31.84041],[-85.21553,31.843],[-85.2072,31.84303],[-85.19963,31.83903],[-85.18861,31.8398],[-85.16967,31.83149],[-85.15256,31.82845],[-85.14438,31.82475],[-85.14009,31.82068],[-85.13176,31.81844],[-85.13431,31.82461],[-85.13308,31.82867],[-85.13923,31.83416],[-85.14183,31.83926],[-85.13773,31.84586],[-85.14013,31.85876],[-85.13583,31.86246],[-85.13373,31.87006],[-85.12883,31.87636],[-85.12933,31.88246],[-85.13433,31.89146],[-85.13293,31.89306],[-85.11403,31.89336],[-85.11063,31.89686],[-85.11156,31.90125],[-85.10983,31.90806],[-85.11313,31.91186],[-85.10243,31.91736],[-85.09823,31.92626],[-85.09183,31.92886],[-85.08643,31.93596],[-85.07893,31.94016],[-85.08243,31.94536],[-85.08683,31.95776],[-85.08323,31.96246],[-85.07393,31.96416],[-85.06783,31.96736],[-85.06593,31.97116],[-85.07093,31.98166],[-85.06833,31.98676],[-85.06803,31.99336],[-85.06344,32.00414],[-85.05507,32.01071],[-85.05367,32.02066],[-85.04931,32.02269],[-85.05625,32.02834],[-85.05463,32.03669],[-85.05883,32.04666],[-85.05663,32.05416],[-85.05603,32.06306],[-85.10498,32.06254],[-85.10478,32.06975],[-85.11319,32.06958],[-85.11337,32.06239],[-85.17583,32.06206],[-85.18507,32.06171],[-85.19195,32.06478],[-85.19252,32.076],[-85.19575,32.08184],[-85.20683,32.08679],[-85.21122,32.09433],[-85.22091,32.09533],[-85.22901,32.10328],[-85.22769,32.10523],[-85.23472,32.11601],[-85.23423,32.11955],[-85.24549,32.11914],[-85.24542,32.12342],[-85.23799,32.12682],[-85.25006,32.1302],[-85.25631,32.13625],[-85.2598,32.1434],[-85.25775,32.14825],[-85.41024,32.14665]]]},"properties":{"STATEFP":"01","COUNTYFP":"005","COUSUBFP":"91017","COUSUBNS":"00161598","GEOIDFQ":"0600000US0100591017","GEOID":"0100591017","NAME":"Eufaula","NAMELSAD":"Eufaula CCD","STUSPS":"AL","NAMELSADCO":"Barbour County","STATE_NAME":"Alabama","LSAD":"22","ALAND":745322170,"AWATER":38659527}},
{"type":"Feature","geometry":{"type":"Polygon","coordinates":[[[-87.9544,30.91942],[-87.94475,30.92474],[-87.93627,30.92806],[-87.84623,30.95201],[-87.82252,30.95379],[-87.80544,30.95762],[-87.78048,30.96039],[-87.75232,30.96614],[-87.72477,30.97517],[-87.70838,30.9832],[-87.67147,31.01021],[-87.65829,31.01774],[-87.63497,31.03375],[-87.62621,31.03773],[-87.61542,31.041],[-87.61588,31.06895],[-87.61546,31.09926],[-87.61607,31.11408],[-87.61558,31.12517],[-87.61589,31.24446],[-87.6254,31.24341],[-87.64073,31.24433],[-87.64591,31.24892],[-87.65481,31.24965],[-87.66247,31.25298],[-87.66671,31.2578],[-87.67642,31.26199],[-87.68808,31.27542],[-87.69061,31.28292],[-87.70217,31.28564],[-87.70534,31.29449],[-87.71236,31.30113],[-87.72123,31.30271],[-87.72454,31.30037],[-87.73046,31.30243],[-87.74439,31.30169],[-87.74871,31.29716],[-87.76515,31.29735],[-87.77158,31.29372],[-87.77997,31.29772],[-87.78849,31.29741],[-87.79563,31.30274],[-87.79811,31.30803],[-87.79893,31.31621],[-87.80713,31.31774],[-87.80982,31.31049],[-87.80897,31.30664],[-87.80281,31.3014],[-87.79556,31.29233],[-87.79446,31.28781],[-87.78577,31.28294],[-87.7839,31.27777],[-87.79435,31.2708],[-87.8015,31.26981],[-87.81822,31.27862],[-87.8241,31.27926],[-87.82831,31.2753],[-87.83048,31.26497],[-87.8337,31.25908],[-87.84592,31.25528],[-87.8371,31.24725],[-87.84463,31.23934],[-87.84409,31.23615],[-87.83592,31.23105],[-87.84134,31.22541],[-87.84861,31.23483],[-87.85291,31.23699],[-87.86007,31.2354],[-87.86376,31.2311],[-87.86359,31.22611],[-87.85794,31.21645],[-87.8498,31.21158],[-87.84954,31.20611],[-87.8535,31.20345],[-87.85995,31.20463],[-87.86977,31.21577],[-87.8759,31.21219],[-87.87389,31.2015],[-87.87917,31.198],[-87.88958,31.20435],[-87.89921,31.19735],[-87.90624,31.19916],[-87.91364,31.18736],[-87.91825,31.18561],[-87.92568,31.18612],[-87.93361,31.18999],[-87.94051,31.18976],[-87.94659,31.19293],[-87.94519,31.183],[-87.94698,31.1761],[-87.94093,31.16585],[-87.94375,31.16134],[-87.95234,31.162],[-87.96107,31.16041],[-87.97287,31.16269],[-87.97419,31.15681],[-87.97228,31.15276],[-87.96628,31.14826],[-87.96023,31.14647],[-87.95326,31.14685],[-87.94624,31.14946],[-87.9397,31.14581],[-87.94424,31.13481],[-87.94456,31.12518],[-87.94658,31.12169],[-87.96585,31.09822],[-87.97622,31.08954],[-87.97585,31.08242],[-87.97055,31.07734],[-87.96382,31.06829],[-87.9487,31.06786],[-87.94479,31.06628],[-87.94156,31.06134],[-87.94115,31.04816],[-87.94458,31.04307],[-87.95359,31.0376],[-87.95779,31.03283],[-87.95735,31.02937],[-87.95051,31.02209],[-87.95394,31.01248],[-87.95895,31.01286],[-87.9648,31.00778],[-87.9584,31.00312],[-87.95662,30.98978],[-87.96055,30.98286],[-87.96119,30.97487],[-87.96519,30.96778],[-87.96326,30.96605],[-87.95046,30.96597],[-87.94355,30.96177],[-87.94055,30.9519],[-87.92833,30.94626],[-87.92572,30.94291],[-87.92429,30.93541],[-87.9357,30.92979],[-87.9499,30.92665],[-87.9544,30.91942]]]},"properties":{"STATEFP":"01","COUNTYFP":"003","COUSUBFP":"93024","COUSUBNS":"00161597","GEOIDFQ":"0600000US0100393024","GEOID":"0100393024","NAME":"Stockton","NAMELSAD":"Stockton CCD","STUSPS":"AL","NAMELSADCO":"Baldwin County","STATE_NAME":"Alabama","LSAD":"22","ALAND":971527026,"AWATER":37552076}},
{"type":"Feature","geometry":{"type":"Polygon","coordinates":[[[-88.01685,32.15341],[-88.02238,32.14422],[-88.03581,32.14501],[-88.03983,32.13961],[-88.04273,32.12111],[-88.05031,32.10832],[-88.0522,32.10177],[-88.04574,32.09344],[-88.04388,32.08646],[-88.04591,32.08149],[-88.05484,32.07721],[-88.06049,32.07217],[-88.06688,32.06332],[-88.07061,32.0617],[-88.08477,32.07082],[-88.09589,32.06985],[-88.11409,32.05806],[-88.11834,32.05113],[-88.1134,32.04118],[-88.11418,32.03117],[-88.11743,32.01682],[-88.11358,32.00624],[-88.10403,31.99684],[-88.09507,31.99308],[-88.09085,31.99686],[-88.09407,32.00225],[-88.09209,32.00705],[-88.08648,32.00419],[-88.08366,31.99839],[-88.07349,31.99018],[-87.99496,31.98986],[-87.86722,31.99056],[-87.8053,31.99046],[-87.80657,31.99383],[-87.81442,31.99966],[-87.81985,32.00063],[-87.82853,32.00517],[-87.83537,32.01981],[-87.84411,32.02501],[-87.84521,32.02884],[-87.85345,32.03298],[-87.85512,32.04609],[-87.84366,32.03821],[-87.83228,32.0389],[-87.82588,32.04788],[-87.83143,32.05589],[-87.83282,32.06863],[-87.85367,32.08049],[-87.85778,32.08896],[-87.85326,32.08834],[-87.84104,32.09268],[-87.83205,32.09825],[-87.81765,32.09786],[-87.81472,32.09532],[-87.80766,32.09523],[-87.79902,32.09745],[-87.79184,32.09681],[-87.78164,32.09786],[-87.7818,32.10948],[-87.77746,32.12095],[-87.78229,32.13391],[-87.78252,32.13727],[-87.79931,32.13849],[-87.80586,32.13615],[-87.81325,32.139],[-87.8038,32.15158],[-87.8032,32.15737],[-87.81254,32.15645],[-87.82601,32.15655],[-87.82635,32.16287],[-87.83169,32.16883],[-87.84397,32.17047],[-87.845,32.17263],[-87.85656,32.17455],[-87.86065,32.18007],[-87.87079,32.18522],[-87.87546,32.18377],[-87.88152,32.19099],[-87.88901,32.19036],[-87.89028,32.19554],[-87.89787,32.19602],[-87.90114,32.20072],[-87.91451,32.19244],[-87.91937,32.18805],[-87.93297,32.18038],[-87.93694,32.18422],[-87.9463,32.18716],[-87.95982,32.17907],[-87.96464,32.17774],[-87.97236,32.17871],[-87.97789,32.17384],[-87.98812,32.17402],[-88.0008,32.17119],[-88.01109,32.16996],[-88.01685,32.15341]]]},"properties":{"STATEFP":"01","COUNTYFP":"091","COUSUBFP":"93051","COUSUBNS":"00165875","GEOIDFQ":"0600000US0109193051","GEOID":"0109193051","NAME":"Sweet Water","NAMELSAD":"Sweet Water CCD","STUSPS":"AL","NAMELSADCO":"Marengo County","STATE_NAME":"Alabama","LSAD":"22","ALAND":490024557,"AWATER":2519385}},
{"type":"Feature","geometry":{"type":"Polygon","coordinates":[[[-86.51734,33.02057],[-86.52228,33.0044],[-86.52045,33.00012],[-86.51245,32.98975],[-86.51062,32.98538],[-86.51224,32.97686],[-86.51823,32.97046],[-86.51522,32.95373],[-86.51619,32.94318],[-86.51413,32.93557],[-86.51596,32.92936],[-86.50399,32.9123],[-86.49844,32.91165],[-86.49051,32.90562],[-86.48868,32.89583],[-86.48257,32.88392],[-86.47871,32.87266],[-86.46567,32.86914],[-86.45824,32.86833],[-86.45152,32.86369],[-86.44688,32.85401],[-86.44784,32.85098],[-86.43878,32.84927],[-86.43659,32.85595],[-86.42625,32.85461],[-86.41367,32.85467],[-86.41146,32.86648],[-86.40911,32.86805],[-86.40018,32.8661],[-86.39508,32.86254],[-86.38898,32.86584],[-86.37598,32.86323],[-86.37445,32.86618],[-86.36508,32.87003],[-86.35833,32.86193],[-86.34883,32.86011],[-86.33566,32.86241],[-86.33214,32.8672],[-86.32445,32.86575],[-86.31544,32.87082],[-86.31834,32.87581],[-86.31913,32.88204],[-86.31111,32.88467],[-86.31006,32.89111],[-86.29727,32.90266],[-86.29008,32.90241],[-86.28769,32.90848],[-86.28371,32.91235],[-86.27562,32.9166],[-86.26921,32.9177],[-86.26965,32.92221],[-86.26095,32.92366],[-86.26082,32.92718],[-86.25357,32.93334],[-86.25191,32.93831],[-86.24599,32.94061],[-86.24329,32.946],[-86.23431,32.94444],[-86.22425,32.94105],[-86.2194,32.938],[-86.21724,32.94387],[-86.20891,32.94752],[-86.20752,32.94549],[-86.19792,32.94268],[-86.18942,32.94836],[-86.18601,32.94868],[-86.17939,32.95355],[-86.18312,32.95866],[-86.18484,32.96569],[-86.17905,32.96808],[-86.17739,32.97691],[-86.1738,32.98413],[-86.16868,32.9839],[-86.16266,32.98039],[-86.1558,32.98581],[-86.14845,32.98885],[-86.14909,32.99168],[-86.14309,32.99531],[-86.14099,33.00009],[-86.13564,33.01872],[-86.12909,33.02674],[-86.12964,33.0316],[-86.12145,33.03387],[-86.12343,33.03877],[-86.11726,33.03962],[-86.11683,33.04407],[-86.11033,33.05132],[-86.11166,33.05808],[-86.1091,33.06184],[-86.09933,33.0682],[-86.09175,33.06884],[-86.08625,33.07672],[-86.07772,33.08099],[-86.07614,33.08737],[-86.07963,33.0956],[-86.07362,33.09876],[-86.07377,33.1044],[-86.06971,33.10469],[-86.12412,33.10469],[-86.17437,33.10439],[-86.31534,33.10377],[-86.3816,33.10299],[-86.39869,33.10383],[-86.49103,33.10294],[-86.49349,33.09916],[-86.50905,33.0909],[-86.51211,33.08588],[-86.51065,33.07784],[-86.50603,33.06775],[-86.50797,33.0644],[-86.52006,33.05699],[-86.51882,33.0462],[-86.51645,33.04222],[-86.51734,33.02057]]]},"properties":{"STATEFP":"01","COUNTYFP":"037","COUSUBFP":"93429","COUSUBNS":"00161608","GEOIDFQ":"0600000US0103793429","GEOID":"0103793429","NAME":"Weogufka-Marble Valley","NAMELSAD":"Weogufka-Marble Valley CCD","STUSPS":"AL","NAMELSADCO":"Coosa County","STATE_NAME":"Alabama","LSAD":"22","ALAND":784578052,"AWATER":23669235}},
{"type":"Feature","geometry":{"type":"Polygon","coordinates":[[[-88.38564,32.60501],[-88.39997,32.48542],[-88.40391,32.44878],[-88.38305,32.45721],[-88.37166,32.46601],[-88.36018,32.45703],[-88.34267,32.45665],[-88.32908,32.44912],[-88.31659,32.44867],[-88.31139,32.45056],[-88.29867,32.44877],[-88.29177,32.45084],[-88.28084,32.44949],[-88.27525,32.45415],[-88.26559,32.44748],[-88.26315,32.4411],[-88.26448,32.42921],[-88.27022,32.41772],[-88.27246,32.40325],[-88.26751,32.39229],[-88.2658,32.37567],[-88.26531,32.33888],[-88.2643,32.33436],[-88.2684,32.32798],[-88.26796,32.32192],[-88.27184,32.31598],[-88.27155,32.30767],[-88.16228,32.30802],[-88.12209,32.30863],[-87.93066,32.31057],[-87.94197,32.31465],[-87.94812,32.32501],[-87.95189,32.32892],[-87.96391,32.33277],[-87.96727,32.34108],[-87.97094,32.34435],[-87.98154,32.3426],[-87.99386,32.34723],[-88.00801,32.35886],[-88.01948,32.37046],[-88.04158,32.3725],[-88.04633,32.37709],[-88.04147,32.41477],[-88.04515,32.42271],[-88.05876,32.42457],[-88.06854,32.42159],[-88.0717,32.42689],[-88.0633,32.42822],[-88.05952,32.43699],[-88.06163,32.44693],[-88.07349,32.44586],[-88.07957,32.44675],[-88.08019,32.44175],[-88.08878,32.44278],[-88.08738,32.4481],[-88.08779,32.45862],[-88.09065,32.46054],[-88.09571,32.46025],[-88.09604,32.45494],[-88.10923,32.45391],[-88.11808,32.45508],[-88.11668,32.45995],[-88.11006,32.45829],[-88.10831,32.46492],[-88.11877,32.47732],[-88.1325,32.46841],[-88.13533,32.47318],[-88.1395,32.46913],[-88.15385,32.46952],[-88.16012,32.46696],[-88.16612,32.46952],[-88.1688,32.47326],[-88.17434,32.47452],[-88.17617,32.48096],[-88.16279,32.4862],[-88.16768,32.49543],[-88.17465,32.50049],[-88.17387,32.51101],[-88.17984,32.51408],[-88.17898,32.51843],[-88.18444,32.5225],[-88.19704,32.52053],[-88.20325,32.52097],[-88.20567,32.51752],[-88.21278,32.51749],[-88.21516,32.52031],[-88.23596,32.52972],[-88.2338,32.54086],[-88.23659,32.54292],[-88.23248,32.54868],[-88.24945,32.55533],[-88.29973,32.55477],[-88.30056,32.56804],[-88.30644,32.59688],[-88.31229,32.59935],[-88.31651,32.59681],[-88.3329,32.5993],[-88.34301,32.6095],[-88.34854,32.60783],[-88.35023,32.61246],[-88.35747,32.60993],[-88.3704,32.60779],[-88.37802,32.60429],[-88.38564,32.60501]]]},"properties":{"STATEFP":"01","COUNTYFP":"119","COUSUBFP":"93510","COUSUBNS":"00161622","GEOIDFQ":"0600000US0111993510","GEOID":"0111993510","NAME":"York","NAMELSAD":"York CCD","STUSPS":"AL","NAMELSADCO":"Sumter County","STATE_NAME":"Alabama","LSAD":"22","ALAND":642309322,"AWATER":2872732}},
{"type":"Feature","geometry":{"type":"Polygon","coordinates":[[[-86.9083,32.22503],[-86.90833,32.20338],[-86.9077,32.16557],[-86.89558,32.1656],[-86.87992,32.15307],[-86.87374,32.15095],[-86.84303,32.15112],[-86.8437,32.1695],[-86.83884,32.17531],[-86.8309,32.17276],[-86.82356,32.17314],[-86.81742,32.16663],[-86.8129,32.16566],[-86.80214,32.15902],[-86.79548,32.15289],[-86.78979,32.1508],[-86.7778,32.14986],[-86.77265,32.14592],[-86.75805,32.14871],[-86.75413,32.14669],[-86.74409,32.15175],[-86.72815,32.15246],[-86.72047,32.16336],[-86.71002,32.16997],[-86.69818,32.17086],[-86.69203,32.17402],[-86.68979,32.18753],[-86.69485,32.19294],[-86.69414,32.19825],[-86.68703,32.20781],[-86.68795,32.21013],[-86.67632,32.21442],[-86.68142,32.21788],[-86.68358,32.22907],[-86.6905,32.23576],[-86.68727,32.24358],[-86.68466,32.24531],[-86.68954,32.26026],[-86.69382,32.26782],[-86.70028,32.27254],[-86.70308,32.28325],[-86.69877,32.28802],[-86.69845,32.29847],[-86.70039,32.30699],[-86.69999,32.31512],[-86.71043,32.32273],[-86.72402,32.32402],[-86.73535,32.31944],[-86.74113,32.31422],[-86.74554,32.31463],[-86.74791,32.30725],[-86.75475,32.30597],[-86.75845,32.3027],[-86.76605,32.30843],[-86.76593,32.31595],[-86.77941,32.30528],[-86.79334,32.30044],[-86.79315,32.30488],[-86.80564,32.30299],[-86.8108,32.30757],[-86.81611,32.30997],[-86.82027,32.31501],[-86.82092,32.33324],[-86.81491,32.3408],[-86.83343,32.33424],[-86.85041,32.32895],[-86.85051,32.30986],[-86.83712,32.3088],[-86.8262,32.30562],[-86.83264,32.29959],[-86.83746,32.29911],[-86.84747,32.28921],[-86.85843,32.28404],[-86.85727,32.28051],[-86.86292,32.27706],[-86.8641,32.27053],[-86.86131,32.26614],[-86.85466,32.26108],[-86.85498,32.2567],[-86.84186,32.24289],[-86.83067,32.23696],[-86.81941,32.23366],[-86.81045,32.23759],[-86.81031,32.22475],[-86.82165,32.22512],[-86.86966,32.22486],[-86.9083,32.22503]]]},"properties":{"STATEFP":"01","COUNTYFP":"085","COUSUBFP":"90270","COUSUBNS":"00165853","GEOIDFQ":"0600000US0108590270","GEOID":"0108590270","NAME":"Benton-Collirene","NAMELSAD":"Benton-Collirene CCD","STUSPS":"AL","NAMELSADCO":"Lowndes County","STATE_NAME":"Alabama","LSAD":"22","ALAND":293281137,"AWATER":2081032}},
{"type":"Feature","geometry":{"type":"Polygon","coordinates":[[[-88.0089,30.68343],[-88.0069,30.68208],[-87.98556,30.67751],[-87.95599,30.65886],[-87.93672,30.65743],[-87.9317,30.65436],[-87.92984,30.65034],[-87.92537,30.64889],[-87.92466,30.64154],[-87.91935,30.63606],[-87.91857,30.63073],[-87.92144,30.62689],[-87.91398,30.62009],[-87.91253,30.6158],[-87.91496,30.58589],[-87.91143,30.57626],[-87.90789,30.57311],[-87.90417,30.56599],[-87.90242,30.55525],[-87.89969,30.55339],[-87.88905,30.55286],[-87.87822,30.558],[-87.86831,30.55302],[-87.86503,30.54551],[-87.79866,30.54554],[-87.7977,30.55705],[-87.79512,30.5673],[-87.79782,30.57466],[-87.80447,30.57743],[-87.81164,30.58719],[-87.81105,30.59416],[-87.81534,30.59734],[-87.81538,30.60231],[-87.81846,30.60582],[-87.8174,30.61057],[-87.82096,30.61772],[-87.8204,30.62756],[-87.80191,30.63709],[-87.79602,30.63749],[-87.79288,30.64377],[-87.78904,30.64587],[-87.79177,30.65289],[-87.79381,30.6591],[-87.79132,30.66124],[-87.7935,30.66773],[-87.79302,30.67941],[-87.79001,30.68388],[-87.79304,30.69995],[-87.79543,30.70427],[-87.79516,30.70983],[-87.7905,30.71824],[-87.79018,30.72584],[-87.7961,30.72764],[-87.81258,30.72772],[-87.81632,30.72901],[-87.82668,30.729],[-87.8464,30.73687],[-87.85644,30.73545],[-87.861,30.73948],[-87.8696,30.73874],[-87.87482,30.74009],[-87.8762,30.73463],[-87.87288,30.72824],[-87.87301,30.72121],[-87.87673,30.71633],[-87.88337,30.71529],[-87.90145,30.69982],[-87.90875,30.69948],[-87.91202,30.69624],[-87.92448,30.69726],[-87.92808,30.70173],[-87.93604,30.70123],[-87.93604,30.70726],[-87.93994,30.71491],[-87.93925,30.72363],[-87.9319,30.7454],[-87.91997,30.75294],[-87.9186,30.75546],[-87.92444,30.76731],[-87.92387,30.77828],[-87.9188,30.79379],[-87.91974,30.80402],[-87.92254,30.80612],[-87.91582,30.82222],[-87.91581,30.82702],[-87.91223,30.84299],[-87.92816,30.84252],[-87.94491,30.83703],[-87.94455,30.82705],[-87.95105,30.8215],[-87.96344,30.82057],[-87.97693,30.81439],[-87.98706,30.81145],[-87.99158,30.80636],[-87.9906,30.79416],[-87.99896,30.78764],[-88.0108,30.78459],[-88.0167,30.78109],[-88.0222,30.77449],[-88.0202,30.76459],[-88.02632,30.75336],[-88.02524,30.74935],[-88.02034,30.74596],[-88.01422,30.73794],[-88.0149,30.72299],[-88.01033,30.71344],[-88.00341,30.7083],[-88.001,30.69829],[-88.00241,30.69386],[-88.0089,30.68343]]]},"properties":{"STATEFP":"01","COUNTYFP":"003","COUSUBFP":"90846","COUSUBNS":"00165650","GEOIDFQ":"0600000US0100390846","GEOID":"0100390846","NAME":"Daphne","NAMELSAD":"Daphne CCD","STUSPS":"AL","NAMELSADCO":"Baldwin County","STATE_NAME":"Alabama","LSAD":"22","ALAND":297361737,"AWATER":142390794}},
{"type":"Feature","geometry":{"type":"Polygon","coordinates":[[[-87.9558,31.73517],[-87.98126,31.73993],[-87.99878,31.73754],[-88.00649,31.73889],[-88.02146,31.74457],[-88.02787,31.73537],[-88.03357,31.73497],[-88.03459,31.72581],[-88.03347,31.72102],[-88.03851,31.71805],[-88.03672,31.71189],[-88.0409,31.70367],[-88.04594,31.70184],[-88.04518,31.69762],[-88.0499,31.68768],[-88.0587,31.68573],[-88.06685,31.68866],[-88.07046,31.68696],[-88.06786,31.6808],[-88.06904,31.67099],[-88.06301,31.66776],[-88.06344,31.66245],[-88.0765,31.66974],[-88.08021,31.67706],[-88.07886,31.66256],[-88.08107,31.66014],[-88.09119,31.65706],[-88.08722,31.64897],[-88.08659,31.63938],[-88.08397,31.63032],[-88.07426,31.61638],[-88.07519,31.6121],[-88.07996,31.60577],[-88.07975,31.60251],[-88.07223,31.5945],[-88.0602,31.58733],[-88.04985,31.58349],[-88.02769,31.58425],[-88.02205,31.5819],[-88.01778,31.57651],[-88.01853,31.57197],[-88.02335,31.57092],[-88.03256,31.57458],[-88.04006,31.57226],[-88.03128,31.56049],[-88.01863,31.55237],[-88.01158,31.55098],[-87.9946,31.54206],[-87.97913,31.5379],[-87.97513,31.53273],[-87.97038,31.53055],[-87.94321,31.52702],[-87.93416,31.51947],[-87.92899,31.51224],[-87.92444,31.50302],[-87.9074,31.49444],[-87.90614,31.49175],[-87.91319,31.47639],[-87.91909,31.46714],[-87.91545,31.44977],[-87.92121,31.44602],[-87.93089,31.44491],[-87.93537,31.44118],[-87.93095,31.43671],[-87.92198,31.43654],[-87.91114,31.4244],[-87.90826,31.4267],[-87.91021,31.43344],[-87.91569,31.43958],[-87.91069,31.441],[-87.8768,31.44021],[-87.87445,31.44236],[-87.86603,31.44363],[-87.85972,31.44138],[-87.85529,31.44675],[-87.85,31.44918],[-87.84623,31.44416],[-87.84134,31.44359],[-87.83639,31.44744],[-87.83065,31.45821],[-87.82728,31.46697],[-87.82723,31.47326],[-87.83392,31.47789],[-87.82779,31.47955],[-87.81901,31.48931],[-87.81858,31.49295],[-87.82378,31.49847],[-87.82798,31.51151],[-87.83534,31.51991],[-87.83208,31.52622],[-87.83326,31.53318],[-87.8369,31.53776],[-87.83781,31.54583],[-87.84378,31.56235],[-87.84159,31.56822],[-87.84237,31.57291],[-87.83993,31.5803],[-87.84114,31.5877],[-87.84355,31.59019],[-87.8476,31.60502],[-87.85114,31.60516],[-87.86827,31.60056],[-87.86593,31.6078],[-87.86074,31.61521],[-87.86983,31.61975],[-87.88031,31.61809],[-87.88565,31.61901],[-87.88295,31.62695],[-87.8771,31.63151],[-87.87531,31.63802],[-87.87104,31.6427],[-87.87089,31.67418],[-87.87644,31.69152],[-87.87825,31.70316],[-87.88256,31.70511],[-87.89495,31.71952],[-87.90925,31.72684],[-87.9558,31.73517]]]},"properties":{"STATEFP":"01","COUNTYFP":"025","COUSUBFP":"91726","COUSUBNS":"00165701","GEOIDFQ":"0600000US0102591726","GEOID":"0102591726","NAME":"Jackson","NAMELSAD":"Jackson CCD","STUSPS":"AL","NAMELSADCO":"Clarke County","STATE_NAME":"Alabama","LSAD":"22","ALAND":483747175,"AWATER":5750734}},
{"type":"Feature","geometry":{"type":"Polygon","coordinates":[[[-87.91979,31.76501],[-87.92513,31.76968],[-87.94328,31.77684],[-87.94681,31.78383],[-87.94342,31.78814],[-87.94737,31.80091],[-87.96038,31.80399],[-87.96636,31.80916],[-87.97139,31.80968],[-87.98626,31.80158],[-88.0029,31.78795],[-88.00825,31.78836],[-88.01642,31.78561],[-88.03003,31.78858],[-88.02935,31.79985],[-88.03564,31.80417],[-88.04349,31.80492],[-88.04901,31.80735],[-88.05593,31.81283],[-88.0498,31.8184],[-88.05014,31.82555],[-88.04161,31.83579],[-88.04758,31.8407],[-88.04709,31.84603],[-88.04137,31.85389],[-88.04824,31.85702],[-88.05627,31.87708],[-88.06188,31.88294],[-88.05275,31.88877],[-88.0484,31.88978],[-88.03707,31.88828],[-88.02997,31.89303],[-88.00429,31.90063],[-88.00084,31.90684],[-87.98335,31.91962],[-87.98084,31.9233],[-87.98078,31.96314],[-87.98435,31.96955],[-87.98614,31.97869],[-87.99313,31.98555],[-87.99496,31.98986],[-88.07349,31.99018],[-88.06635,31.98314],[-88.0743,31.97898],[-88.07507,31.97018],[-88.06991,31.96166],[-88.07076,31.95865],[-88.07825,31.95353],[-88.08091,31.95391],[-88.0859,31.96123],[-88.09667,31.96502],[-88.12141,31.95026],[-88.12258,31.94767],[-88.11721,31.93928],[-88.10635,31.94221],[-88.10229,31.93999],[-88.09649,31.93248],[-88.09115,31.92321],[-88.08809,31.92193],[-88.06772,31.93691],[-88.06211,31.93421],[-88.05587,31.92837],[-88.05525,31.92348],[-88.05953,31.92031],[-88.06803,31.92326],[-88.07703,31.92182],[-88.08417,31.91353],[-88.08864,31.91078],[-88.09891,31.9092],[-88.10528,31.90971],[-88.11327,31.90669],[-88.12339,31.90702],[-88.12943,31.90494],[-88.13475,31.88426],[-88.14042,31.87097],[-88.14199,31.86436],[-88.14574,31.85996],[-88.15412,31.85707],[-88.15912,31.8523],[-88.16194,31.8408],[-88.17261,31.82487],[-88.1793,31.8213],[-88.18038,31.81455],[-88.1744,31.80292],[-88.16527,31.78897],[-88.16314,31.77362],[-88.15858,31.76614],[-88.14262,31.75249],[-88.13834,31.75118],[-88.13293,31.75332],[-88.12202,31.76077],[-88.11202,31.76252],[-88.10492,31.7608],[-88.09338,31.73752],[-88.09235,31.71499],[-88.08829,31.6993],[-88.08727,31.68867],[-88.08695,31.68618],[-88.08021,31.67706],[-88.0765,31.66974],[-88.06344,31.66245],[-88.06301,31.66776],[-88.06904,31.67099],[-88.06786,31.6808],[-88.07046,31.68696],[-88.06685,31.68866],[-88.0587,31.68573],[-88.0499,31.68768],[-88.04518,31.69762],[-88.04594,31.70184],[-88.0409,31.70367],[-88.03672,31.71189],[-88.03851,31.71805],[-88.03347,31.72102],[-88.03459,31.72581],[-88.03357,31.73497],[-88.02787,31.73537],[-88.02146,31.74457],[-88.00649,31.73889],[-87.99878,31.73754],[-87.98126,31.73993],[-87.9558,31.73517],[-87.94576,31.73666],[-87.93003,31.73474],[-87.92684,31.74632],[-87.92235,31.7496],[-87.92422,31.75754],[-87.91979,31.76501]]]},"properties":{"STATEFP":"01","COUNTYFP":"025","COUSUBFP":"90675","COUSUBNS":"00165699","GEOIDFQ":"0600000US0102590675","GEOID":"0102590675","NAME":"Coffeeville","NAMELSAD":"Coffeeville CCD","STUSPS":"AL","NAMELSADCO":"Clarke County","STATE_NAME":"Alabama","LSAD":"22","ALAND":370157637,"AWATER":7618310}},
{"type":"Feature","geometry":{"type":"Polygon","coordinates":[[[-88.09065,32.46054],[-88.10132,32.47078],[-88.10631,32.47825],[-88.10215,32.4811],[-88.10452,32.48479],[-88.1045,32.49085],[-88.11325,32.49742],[-88.11305,32.5044],[-88.11084,32.5122],[-88.11408,32.52076],[-88.11774,32.52346],[-88.11413,32.53159],[-88.11509,32.53645],[-88.102,32.52784],[-88.09618,32.52737],[-88.06501,32.52718],[-88.05466,32.53262],[-88.04772,32.53347],[-88.03892,32.54694],[-88.02904,32.55916],[-88.02332,32.56944],[-88.01567,32.57399],[-88.013,32.57774],[-88.01302,32.58874],[-88.01616,32.59261],[-88.01451,32.59997],[-88.03451,32.59881],[-88.05373,32.59305],[-88.05848,32.59454],[-88.06316,32.6048],[-88.07916,32.61968],[-88.08127,32.62668],[-88.07902,32.63859],[-88.07313,32.64203],[-88.06114,32.64079],[-88.055,32.64648],[-88.05293,32.66237],[-88.05767,32.66927],[-88.05799,32.67438],[-88.05208,32.6797],[-88.04351,32.68501],[-88.04071,32.68958],[-88.04509,32.69387],[-88.05262,32.69733],[-88.05874,32.69135],[-88.07823,32.684],[-88.0933,32.6838],[-88.10714,32.68922],[-88.11641,32.69736],[-88.11475,32.70169],[-88.10954,32.70984],[-88.10387,32.71256],[-88.1061,32.71783],[-88.10414,32.72591],[-88.10816,32.73333],[-88.11926,32.7401],[-88.12921,32.74031],[-88.1374,32.73488],[-88.14281,32.73702],[-88.14903,32.74231],[-88.1537,32.74091],[-88.16901,32.74531],[-88.1776,32.74648],[-88.18021,32.74277],[-88.18604,32.74185],[-88.19295,32.74614],[-88.20458,32.74957],[-88.21258,32.7495],[-88.21732,32.74572],[-88.22434,32.74764],[-88.23188,32.74535],[-88.24942,32.75191],[-88.25196,32.75475],[-88.26302,32.74984],[-88.27816,32.73933],[-88.27905,32.72927],[-88.29351,32.7291],[-88.29809,32.72753],[-88.3077,32.72733],[-88.31922,32.72861],[-88.34326,32.72835],[-88.35214,32.73085],[-88.35578,32.73548],[-88.3487,32.74257],[-88.36906,32.74258],[-88.37334,32.71182],[-88.38298,32.62695],[-88.38564,32.60501],[-88.37802,32.60429],[-88.3704,32.60779],[-88.35747,32.60993],[-88.35023,32.61246],[-88.34854,32.60783],[-88.34301,32.6095],[-88.3329,32.5993],[-88.31651,32.59681],[-88.31229,32.59935],[-88.30644,32.59688],[-88.30056,32.56804],[-88.29973,32.55477],[-88.24945,32.55533],[-88.23248,32.54868],[-88.23659,32.54292],[-88.2338,32.54086],[-88.23596,32.52972],[-88.21516,32.52031],[-88.21278,32.51749],[-88.20567,32.51752],[-88.20325,32.52097],[-88.19704,32.52053],[-88.18444,32.5225],[-88.17898,32.51843],[-88.17984,32.51408],[-88.17387,32.51101],[-88.17465,32.50049],[-88.16768,32.49543],[-88.16279,32.4862],[-88.17617,32.48096],[-88.17434,32.47452],[-88.1688,32.47326],[-88.16612,32.46952],[-88.16012,32.46696],[-88.15385,32.46952],[-88.1395,32.46913],[-88.13533,32.47318],[-88.1325,32.46841],[-88.11877,32.47732],[-88.10831,32.46492],[-88.11006,32.45829],[-88.11668,32.45995],[-88.11808,32.45508],[-88.10923,32.45391],[-88.09604,32.45494],[-88.09571,32.46025],[-88.09065,32.46054]]]},"properties":{"STATEFP":"01","COUNTYFP":"119","COUSUBFP":"91935","COUSUBNS":"00165957","GEOIDFQ":"0600000US0111991935","GEOID":"0111991935","NAME":"Livingston","NAMELSAD":"Livingston CCD","STUSPS":"AL","NAMELSADCO":"Sumter County","STATE_NAME":"Alabama","LSAD":"22","ALAND":656314462,"AWATER":3110305}},
{"type":"Feature","geometry":{"type":"Polygon","coordinates":[[[-87.00231,33.56619],[-87.00748,33.57115],[-87.01066,33.56461],[-87.01424,33.56564],[-87.00977,33.5728],[-87.01759,33.57502],[-87.02038,33.58237],[-87.02804,33.58845],[-87.02368,33.60513],[-87.01402,33.60185],[-87.00739,33.61171],[-87.01329,33.61307],[-87.01544,33.61955],[-87.02415,33.62359],[-87.04015,33.61967],[-87.03877,33.62561],[-87.04551,33.62552],[-87.04854,33.62248],[-87.05766,33.62461],[-87.062,33.62814],[-87.06772,33.62435],[-87.07252,33.62378],[-87.08163,33.61485],[-87.0677,33.60877],[-87.06675,33.60113],[-87.06173,33.59679],[-87.06252,33.59305],[-87.07121,33.58925],[-87.07979,33.58144],[-87.08208,33.57694],[-87.09553,33.58475],[-87.11248,33.58768],[-87.11865,33.58391],[-87.12107,33.58003],[-87.10953,33.56356],[-87.11157,33.56088],[-87.125,33.55825],[-87.12695,33.5605],[-87.12627,33.57927],[-87.13107,33.5839],[-87.1436,33.57931],[-87.14276,33.57466],[-87.13689,33.57417],[-87.13448,33.56074],[-87.12641,33.54887],[-87.12758,33.53853],[-87.13278,33.53296],[-87.14143,33.52877],[-87.14707,33.517],[-87.14872,33.51053],[-87.15441,33.50422],[-87.15513,33.49994],[-87.16169,33.49962],[-87.16237,33.49288],[-87.15503,33.49478],[-87.1522,33.48908],[-87.14193,33.49311],[-87.14271,33.48642],[-87.131,33.47736],[-87.13022,33.46378],[-87.12706,33.46068],[-87.12024,33.4662],[-87.11564,33.46081],[-87.11628,33.45714],[-87.11267,33.45653],[-87.10868,33.46464],[-87.10166,33.46905],[-87.10392,33.47403],[-87.10094,33.49185],[-87.09278,33.49115],[-87.08649,33.49777],[-87.07722,33.50024],[-87.07277,33.50623],[-87.06491,33.49884],[-87.06532,33.49352],[-87.05553,33.49075],[-87.05052,33.49153],[-87.04822,33.48232],[-87.03668,33.48398],[-87.02189,33.48356],[-87.01429,33.48596],[-87.00281,33.4955],[-87.0017,33.49931],[-86.99583,33.50291],[-86.99186,33.50031],[-86.97878,33.50002],[-86.97149,33.50194],[-86.9714,33.5063],[-86.97516,33.51167],[-86.96978,33.51659],[-86.96938,33.52425],[-86.97919,33.53141],[-86.98062,33.53699],[-86.98717,33.53926],[-86.99857,33.55591],[-87.00231,33.56619]]]},"properties":{"STATEFP":"01","COUNTYFP":"073","COUSUBFP":"92124","COUSUBNS":"00165822","GEOIDFQ":"0600000US0107392124","GEOID":"0107392124","NAME":"Maytown-Sylvan Springs","NAMELSAD":"Maytown-Sylvan Springs CCD","STUSPS":"AL","NAMELSADCO":"Jefferson County","STATE_NAME":"Alabama","LSAD":"22","ALAND":168924773,"AWATER":1271352}},
{"type":"Feature","geometry":{"type":"Polygon","coordinates":[[[-86.27742,31.38821],[-86.27468,31.39654],[-86.27268,31.41635],[-86.27593,31.43277],[-86.27486,31.44033],[-86.27697,31.44371],[-86.27605,31.4556],[-86.27703,31.4556],[-86.27808,31.51335],[-86.28015,31.52851],[-86.29889,31.5285],[-86.29892,31.52355],[-86.31492,31.51401],[-86.31985,31.50895],[-86.31913,31.50579],[-86.32752,31.50266],[-86.33854,31.48756],[-86.34669,31.48978],[-86.34779,31.48578],[-86.35379,31.48471],[-86.35615,31.48747],[-86.36392,31.48675],[-86.3703,31.47369],[-86.37732,31.47231],[-86.37928,31.46598],[-86.39248,31.45418],[-86.39854,31.45133],[-86.39994,31.52713],[-86.41538,31.52557],[-86.48595,31.52537],[-86.48789,31.51814],[-86.49669,31.51504],[-86.50628,31.51402],[-86.5086,31.50983],[-86.51336,31.50728],[-86.51432,31.50117],[-86.51166,31.49858],[-86.51836,31.48989],[-86.52132,31.48841],[-86.52185,31.48215],[-86.52571,31.47378],[-86.5314,31.46692],[-86.52816,31.46489],[-86.53535,31.451],[-86.53338,31.44885],[-86.53834,31.43317],[-86.54344,31.43193],[-86.53826,31.42117],[-86.54111,31.41752],[-86.5333,31.41247],[-86.53354,31.40714],[-86.53083,31.39966],[-86.53184,31.39456],[-86.54116,31.39072],[-86.54177,31.38617],[-86.53727,31.38236],[-86.53222,31.38351],[-86.52317,31.38241],[-86.52162,31.36772],[-86.5162,31.36596],[-86.51345,31.36981],[-86.50511,31.37504],[-86.49468,31.37554],[-86.48522,31.38123],[-86.4832,31.38819],[-86.47975,31.39155],[-86.48165,31.39599],[-86.47687,31.39772],[-86.47137,31.39187],[-86.45652,31.39137],[-86.44722,31.3862],[-86.44235,31.38027],[-86.43878,31.38024],[-86.43857,31.37311],[-86.43399,31.36568],[-86.43397,31.35846],[-86.43775,31.35413],[-86.43339,31.3489],[-86.42431,31.34519],[-86.41625,31.34851],[-86.39863,31.34458],[-86.39496,31.34571],[-86.38556,31.35449],[-86.3717,31.3587],[-86.35915,31.35976],[-86.35089,31.36167],[-86.34217,31.35762],[-86.33784,31.35931],[-86.3283,31.37107],[-86.31365,31.37677],[-86.30332,31.37969],[-86.29445,31.38496],[-86.28303,31.38855],[-86.27742,31.38821]]]},"properties":{"STATEFP":"01","COUNTYFP":"039","COUSUBFP":"92781","COUSUBNS":"00165725","GEOIDFQ":"0600000US0103992781","GEOID":"0103992781","NAME":"Rose Hill-Gantt","NAMELSAD":"Rose Hill-Gantt CCD","STUSPS":"AL","NAMELSADCO":"Covington County","STATE_NAME":"Alabama","LSAD":"22","ALAND":359887617,"AWATER":10737489}},
{"type":"Feature","geometry":{"type":"Polygon","coordinates":[[[-86.26844,33.97889],[-86.26358,33.97219],[-86.25633,33.9705],[-86.25139,33.96571],[-86.24666,33.97154],[-86.23946,33.97516],[-86.23021,33.98279],[-86.22324,33.98351],[-86.22111,33.98595],[-86.21231,33.98766],[-86.20668,33.98663],[-86.19878,33.98884],[-86.19735,33.98569],[-86.18977,33.98345],[-86.18986,33.97726],[-86.19267,33.97371],[-86.1793,33.97075],[-86.17567,33.96629],[-86.16814,33.96518],[-86.16625,33.95733],[-86.16709,33.95178],[-86.16521,33.9474],[-86.16763,33.94194],[-86.16493,33.9382],[-86.16671,33.9282],[-86.15984,33.92251],[-86.1492,33.92057],[-86.14612,33.91708],[-86.14261,33.90756],[-86.14272,33.89939],[-86.13472,33.89654],[-86.12983,33.90247],[-86.1191,33.90015],[-86.11247,33.904],[-86.10821,33.8996],[-86.11047,33.894],[-86.10889,33.8812],[-86.10237,33.87688],[-86.1007,33.86887],[-86.09743,33.86142],[-86.09006,33.86286],[-86.08039,33.8623],[-86.07312,33.86578],[-86.06285,33.86321],[-86.05698,33.85778],[-86.05469,33.84584],[-86.06527,33.8422],[-86.04907,33.8416],[-86.04877,33.8527],[-86.02127,33.8515],[-86.02147,33.8661],[-85.99517,33.8649],[-85.99497,33.8796],[-85.98754,33.87921],[-85.98647,33.8937],[-85.96917,33.8929],[-85.96917,33.9146],[-85.95177,33.9136],[-85.95177,33.9209],[-85.93447,33.921],[-85.93427,33.9064],[-85.89957,33.9064],[-85.89967,33.943],[-85.88187,33.9431],[-85.88177,33.9503],[-85.85393,33.9501],[-85.85627,33.95329],[-85.85948,33.96502],[-85.86328,33.96695],[-85.87027,33.9648],[-85.8788,33.9649],[-85.88462,33.96879],[-85.89499,33.97034],[-85.89873,33.97442],[-85.91121,33.98012],[-85.91616,33.98116],[-85.93477,33.97984],[-85.94324,33.98084],[-85.94169,33.99381],[-85.94227,33.99983],[-85.95403,34.00297],[-85.95608,34.01082],[-85.95312,34.012],[-85.95937,34.01902],[-85.96308,34.02838],[-85.95742,34.03272],[-85.95743,34.04271],[-85.94505,34.04281],[-85.94474,34.05869],[-85.96075,34.04999],[-85.97474,34.05083],[-85.98387,34.03953],[-85.98699,34.04413],[-85.99024,34.04891],[-86.01781,34.08303],[-86.02304,34.07821],[-86.02882,34.07846],[-86.03659,34.08475],[-86.04048,34.08604],[-86.04129,34.09151],[-86.03742,34.09553],[-86.04102,34.10344],[-86.049,34.10097],[-86.05499,34.09721],[-86.05929,34.09834],[-86.06416,34.09427],[-86.06358,34.08763],[-86.07374,34.09312],[-86.08427,34.0905],[-86.08953,34.0873],[-86.09729,34.08526],[-86.10066,34.08703],[-86.11622,34.07183],[-86.1241,34.06997],[-86.12364,34.06696],[-86.13291,34.06696],[-86.14674,34.05964],[-86.14904,34.05276],[-86.15329,34.04841],[-86.1578,34.04721],[-86.16036,34.04477],[-86.17181,34.04658],[-86.19023,34.03415],[-86.21042,34.0222],[-86.23048,34.01511],[-86.23771,34.01534],[-86.23868,34.01006],[-86.24627,33.99896],[-86.25287,33.99247],[-86.26109,33.988],[-86.26844,33.97889]]]},"properties":{"STATEFP":"01","COUNTYFP":"055","COUSUBFP":"91278","COUSUBNS":"00165769","GEOIDFQ":"0600000US0105591278","GEOID":"0105591278","NAME":"Gadsden","NAMELSAD":"Gadsden CCD","STUSPS":"AL","NAMELSADCO":"Etowah County","STATE_NAME":"Alabama","LSAD":"22","ALAND":481746318,"AWATER":26221201}},
{"type":"Feature","geometry":{"type":"Polygon","coordinates":[[[-85.45233,32.73031],[-85.45127,32.72804],[-85.44322,32.72789],[-85.44255,32.72121],[-85.43792,32.71546],[-85.43464,32.70852],[-85.43741,32.69901],[-85.4421,32.69247],[-85.44273,32.68806],[-85.44682,32.68183],[-85.44959,32.67042],[-85.4529,32.66611],[-85.45179,32.66027],[-85.45581,32.65988],[-85.46522,32.65384],[-85.47036,32.64819],[-85.4744,32.6496],[-85.4827,32.64835],[-85.49075,32.64439],[-85.5073,32.64243],[-85.51406,32.63814],[-85.51834,32.63085],[-85.52529,32.63488],[-85.53831,32.63509],[-85.54562,32.62824],[-85.53917,32.62411],[-85.53486,32.61676],[-85.54167,32.60825],[-85.54201,32.58707],[-85.54623,32.57888],[-85.54765,32.5698],[-85.5518,32.56326],[-85.55594,32.56191],[-85.55798,32.55312],[-85.55292,32.54155],[-85.55211,32.53548],[-85.56558,32.52861],[-85.53358,32.51519],[-85.4986,32.50068],[-85.4952,32.50874],[-85.49973,32.52093],[-85.49671,32.52472],[-85.49914,32.52822],[-85.49663,32.53607],[-85.4913,32.54303],[-85.48325,32.54759],[-85.48149,32.55443],[-85.47573,32.56289],[-85.4718,32.5644],[-85.46706,32.56195],[-85.45287,32.56265],[-85.43983,32.56785],[-85.43874,32.56939],[-85.4389,32.58464],[-85.43151,32.58421],[-85.42002,32.57451],[-85.39681,32.56318],[-85.38819,32.56391],[-85.38384,32.56591],[-85.37084,32.56821],[-85.34438,32.56209],[-85.33376,32.55706],[-85.32662,32.55504],[-85.32054,32.5554],[-85.30555,32.55302],[-85.2987,32.55509],[-85.30076,32.56008],[-85.2924,32.56157],[-85.29512,32.56568],[-85.29434,32.57134],[-85.30247,32.57827],[-85.31075,32.58193],[-85.3191,32.58887],[-85.31658,32.5949],[-85.31652,32.60106],[-85.31271,32.61286],[-85.30187,32.61955],[-85.29906,32.62348],[-85.29296,32.62665],[-85.29566,32.63682],[-85.30035,32.64116],[-85.30239,32.65231],[-85.31252,32.65999],[-85.30641,32.66187],[-85.30249,32.66575],[-85.29419,32.66916],[-85.29445,32.69065],[-85.29393,32.70816],[-85.29512,32.71345],[-85.29281,32.72618],[-85.29322,32.73073],[-85.37713,32.73031],[-85.40455,32.73053],[-85.40481,32.73773],[-85.41345,32.73743],[-85.41345,32.74473],[-85.43055,32.74503],[-85.43055,32.73033],[-85.45233,32.73031]]]},"properties":{"STATEFP":"01","COUNTYFP":"081","COUSUBFP":"90162","COUSUBNS":"00165846","GEOIDFQ":"0600000US0108190162","GEOID":"0108190162","NAME":"Auburn-Opelika","NAMELSAD":"Auburn-Opelika CCD","STUSPS":"AL","NAMELSADCO":"Lee County","STATE_NAME":"Alabama","LSAD":"22","ALAND":363273284,"AWATER":3976393}},
{"type":"Feature","geometry":{"type":"Polygon","coordinates":[[[-86.26836,32.55307],[-86.2695,32.53929],[-86.27489,32.52892],[-86.2815,32.52135],[-86.28667,32.51857],[-86.3001,32.50801],[-86.30366,32.50208],[-86.30269,32.49638],[-86.29913,32.49475],[-86.28953,32.49543],[-86.27988,32.49185],[-86.27807,32.48604],[-86.27084,32.48382],[-86.26202,32.48652],[-86.26517,32.49186],[-86.26201,32.50169],[-86.25162,32.49998],[-86.24652,32.49542],[-86.23707,32.49498],[-86.23904,32.48748],[-86.23482,32.48614],[-86.22946,32.48935],[-86.22139,32.47984],[-86.22821,32.47549],[-86.22656,32.46859],[-86.21993,32.46921],[-86.21598,32.47411],[-86.21139,32.47256],[-86.21177,32.4678],[-86.20494,32.45844],[-86.20164,32.45194],[-86.19807,32.45138],[-86.18888,32.4563],[-86.18193,32.44598],[-86.194,32.44139],[-86.19473,32.43876],[-86.19008,32.43247],[-86.18211,32.43534],[-86.17726,32.44044],[-86.16543,32.43902],[-86.16055,32.43494],[-86.15424,32.43435],[-86.15441,32.42667],[-86.15103,32.42464],[-86.14328,32.42661],[-86.13939,32.42962],[-86.12429,32.4322],[-86.13035,32.42334],[-86.12364,32.42034],[-86.11694,32.42265],[-86.11633,32.41703],[-86.09347,32.41876],[-86.0862,32.42158],[-86.0768,32.42004],[-86.07407,32.42417],[-86.06658,32.42987],[-86.07729,32.43853],[-86.07416,32.44216],[-86.07935,32.44917],[-86.07375,32.45695],[-86.07681,32.46491],[-86.07357,32.47275],[-86.07414,32.48012],[-86.07769,32.48449],[-86.07887,32.49286],[-86.08181,32.49707],[-86.07839,32.50129],[-86.07512,32.51043],[-86.07728,32.5164],[-86.07539,32.52573],[-86.07866,32.52809],[-86.08048,32.53728],[-86.07803,32.54312],[-86.07904,32.54718],[-86.07482,32.54964],[-86.07798,32.56025],[-86.08616,32.56294],[-86.08987,32.57338],[-86.08828,32.58051],[-86.09156,32.59218],[-86.09522,32.59896],[-86.0886,32.60849],[-86.0937,32.61706],[-86.09036,32.62675],[-86.09764,32.62356],[-86.10663,32.61568],[-86.12766,32.62639],[-86.12983,32.63323],[-86.13385,32.63652],[-86.1436,32.63927],[-86.15022,32.63974],[-86.14798,32.64713],[-86.14064,32.65544],[-86.14393,32.66382],[-86.15207,32.66491],[-86.15944,32.65293],[-86.16868,32.65335],[-86.17531,32.65673],[-86.17711,32.66215],[-86.18423,32.65962],[-86.18501,32.66443],[-86.19388,32.6579],[-86.20146,32.65444],[-86.2036,32.6586],[-86.21036,32.65877],[-86.21298,32.65305],[-86.21733,32.65691],[-86.23079,32.65366],[-86.22901,32.64694],[-86.23474,32.64668],[-86.23953,32.64136],[-86.23876,32.63711],[-86.24438,32.63303],[-86.24964,32.63307],[-86.26417,32.6367],[-86.27279,32.62675],[-86.27455,32.61993],[-86.28547,32.61164],[-86.28786,32.60419],[-86.28328,32.58397],[-86.27571,32.57669],[-86.26942,32.56377],[-86.26836,32.55307]]]},"properties":{"STATEFP":"01","COUNTYFP":"051","COUSUBFP":"93456","COUSUBNS":"00165763","GEOIDFQ":"0600000US0105193456","GEOID":"0105193456","NAME":"Wetumpka","NAMELSAD":"Wetumpka CCD","STUSPS":"AL","NAMELSADCO":"Elmore County","STATE_NAME":"Alabama","LSAD":"22","ALAND":383205663,"AWATER":13036989}},
{"type":"Feature","geometry":{"type":"Polygon","coordinates":[[[-86.44784,32.85098],[-86.45438,32.84671],[-86.45996,32.83704],[-86.46058,32.83205],[-86.45873,32.81882],[-86.45701,32.8139],[-86.445,32.81335],[-86.44131,32.81049],[-86.44383,32.80448],[-86.43277,32.797],[-86.42724,32.79171],[-86.41883,32.79099],[-86.4134,32.78818],[-86.4087,32.77671],[-86.39942,32.76812],[-86.39674,32.76295],[-86.38802,32.75754],[-86.37497,32.75358],[-86.33677,32.75378],[-86.33669,32.76813],[-86.31916,32.76784],[-86.31948,32.7537],[-86.20698,32.75353],[-86.19797,32.75403],[-86.13626,32.7543],[-86.05919,32.75488],[-86.00719,32.75498],[-86.00721,32.79154],[-86.00526,32.79831],[-86.00709,32.80224],[-86.00731,32.8122],[-86.01355,32.81979],[-86.00756,32.82777],[-86.00789,32.90369],[-86.01082,32.9057],[-86.01813,32.90381],[-86.02389,32.90465],[-86.0277,32.90854],[-86.04019,32.9079],[-86.05803,32.90809],[-86.06174,32.90673],[-86.07213,32.90684],[-86.07669,32.9119],[-86.07267,32.91684],[-86.08518,32.91712],[-86.0926,32.91237],[-86.10228,32.91451],[-86.11001,32.91454],[-86.11635,32.911],[-86.12186,32.90393],[-86.1305,32.91166],[-86.12952,32.9166],[-86.13733,32.91733],[-86.14608,32.92516],[-86.14373,32.93202],[-86.15794,32.93522],[-86.15926,32.93811],[-86.1657,32.93852],[-86.17387,32.94248],[-86.1759,32.93978],[-86.18942,32.94836],[-86.19792,32.94268],[-86.20752,32.94549],[-86.20891,32.94752],[-86.21724,32.94387],[-86.2194,32.938],[-86.22425,32.94105],[-86.23431,32.94444],[-86.24329,32.946],[-86.24599,32.94061],[-86.25191,32.93831],[-86.25357,32.93334],[-86.26082,32.92718],[-86.26095,32.92366],[-86.26965,32.92221],[-86.26921,32.9177],[-86.27562,32.9166],[-86.28371,32.91235],[-86.28769,32.90848],[-86.29008,32.90241],[-86.29727,32.90266],[-86.31006,32.89111],[-86.31111,32.88467],[-86.31913,32.88204],[-86.31834,32.87581],[-86.31544,32.87082],[-86.32445,32.86575],[-86.33214,32.8672],[-86.33566,32.86241],[-86.34883,32.86011],[-86.35833,32.86193],[-86.36508,32.87003],[-86.37445,32.86618],[-86.37598,32.86323],[-86.38898,32.86584],[-86.39508,32.86254],[-86.40018,32.8661],[-86.40911,32.86805],[-86.41146,32.86648],[-86.41367,32.85467],[-86.42625,32.85461],[-86.43659,32.85595],[-86.43878,32.84927],[-86.44784,32.85098]]]},"properties":{"STATEFP":"01","COUNTYFP":"037","COUSUBFP":"92763","COUSUBNS":"00165721","GEOIDFQ":"0600000US0103792763","GEOID":"0103792763","NAME":"Rockford","NAMELSAD":"Rockford CCD","STUSPS":"AL","NAMELSADCO":"Coosa County","STATE_NAME":"Alabama","LSAD":"22","ALAND":649869131,"AWATER":14729311}},
{"type":"Feature","geometry":{"type":"Polygon","coordinates":[[[-86.9077,32.16557],[-86.90679,32.0702],[-86.90696,32.04797],[-86.87057,32.0486],[-86.85658,32.04835],[-86.85875,32.03539],[-86.85758,31.96217],[-86.82468,31.96244],[-86.80728,31.96161],[-86.74998,31.96202],[-86.70909,31.96263],[-86.71147,31.96713],[-86.73317,31.98771],[-86.73966,31.9904],[-86.74386,31.99665],[-86.74897,31.99752],[-86.75907,32.0055],[-86.76443,32.01129],[-86.76134,32.01773],[-86.7656,32.02253],[-86.76564,32.03593],[-86.76065,32.05037],[-86.74952,32.05684],[-86.74426,32.06203],[-86.7311,32.06555],[-86.7348,32.07011],[-86.7212,32.07778],[-86.70599,32.08058],[-86.69819,32.07319],[-86.67852,32.08413],[-86.65729,32.12498],[-86.65486,32.12722],[-86.62242,32.14377],[-86.61881,32.14647],[-86.60098,32.16468],[-86.59546,32.17231],[-86.60323,32.17713],[-86.60435,32.18026],[-86.6201,32.18483],[-86.61456,32.1872],[-86.62893,32.19774],[-86.64415,32.19773],[-86.64787,32.20004],[-86.65384,32.20808],[-86.65344,32.21121],[-86.66636,32.21537],[-86.66781,32.22298],[-86.67185,32.22581],[-86.67798,32.23428],[-86.6853,32.24007],[-86.68727,32.24358],[-86.6905,32.23576],[-86.68358,32.22907],[-86.68142,32.21788],[-86.67632,32.21442],[-86.68795,32.21013],[-86.68703,32.20781],[-86.69414,32.19825],[-86.69485,32.19294],[-86.68979,32.18753],[-86.69203,32.17402],[-86.69818,32.17086],[-86.71002,32.16997],[-86.72047,32.16336],[-86.72815,32.15246],[-86.74409,32.15175],[-86.75413,32.14669],[-86.75805,32.14871],[-86.77265,32.14592],[-86.7778,32.14986],[-86.78979,32.1508],[-86.79548,32.15289],[-86.80214,32.15902],[-86.8129,32.16566],[-86.81742,32.16663],[-86.82356,32.17314],[-86.8309,32.17276],[-86.83884,32.17531],[-86.8437,32.1695],[-86.84303,32.15112],[-86.87374,32.15095],[-86.87992,32.15307],[-86.89558,32.1656],[-86.9077,32.16557]]]},"properties":{"STATEFP":"01","COUNTYFP":"085","COUSUBFP":"92245","COUSUBNS":"00165854","GEOIDFQ":"0600000US0108592245","GEOID":"0108592245","NAME":"Mosses","NAMELSAD":"Mosses CCD","STUSPS":"AL","NAMELSADCO":"Lowndes County","STATE_NAME":"Alabama","LSAD":"22","ALAND":408297013,"AWATER":1225601}},
{"type":"Feature","geometry":{"type":"Polygon","coordinates":[[[-85.67569,31.31558],[-85.6698,31.30622],[-85.67188,31.30276],[-85.66576,31.30016],[-85.67525,31.29033],[-85.67867,31.28519],[-85.67912,31.27399],[-85.6766,31.27034],[-85.67667,31.25845],[-85.67511,31.25556],[-85.66684,31.26308],[-85.66612,31.26732],[-85.64643,31.27322],[-85.64443,31.27221],[-85.63531,31.27556],[-85.63075,31.27274],[-85.61987,31.27434],[-85.61707,31.27281],[-85.60296,31.27238],[-85.58948,31.26693],[-85.58553,31.26418],[-85.577,31.26457],[-85.56294,31.26123],[-85.55171,31.25715],[-85.54611,31.25387],[-85.53467,31.25327],[-85.53238,31.25137],[-85.52454,31.25341],[-85.50888,31.25017],[-85.50379,31.24638],[-85.49679,31.24722],[-85.48619,31.2459],[-85.48544,31.2871],[-85.41706,31.28619],[-85.41775,31.30421],[-85.41743,31.31497],[-85.41656,31.37353],[-85.41773,31.42313],[-85.42531,31.41981],[-85.43199,31.41233],[-85.43232,31.40954],[-85.44128,31.40699],[-85.44323,31.4025],[-85.45129,31.40029],[-85.4503,31.39705],[-85.46131,31.38295],[-85.46516,31.38174],[-85.4695,31.37511],[-85.4774,31.37275],[-85.48545,31.37435],[-85.4872,31.37176],[-85.4958,31.37161],[-85.50167,31.37428],[-85.51951,31.37475],[-85.52484,31.3736],[-85.52948,31.36794],[-85.5402,31.36109],[-85.54599,31.36131],[-85.54916,31.3573],[-85.56082,31.35697],[-85.56562,31.35884],[-85.57915,31.35768],[-85.58833,31.35263],[-85.58991,31.35533],[-85.60215,31.34782],[-85.60577,31.344],[-85.61202,31.34604],[-85.61212,31.35116],[-85.63318,31.33777],[-85.64144,31.34402],[-85.64426,31.33775],[-85.65502,31.33041],[-85.65863,31.32178],[-85.66946,31.31577],[-85.67569,31.31558]]]},"properties":{"STATEFP":"01","COUNTYFP":"045","COUSUBFP":"92376","COUSUBNS":"00165742","GEOIDFQ":"0600000US0104592376","GEOID":"0104592376","NAME":"Newton-Midland City","NAMELSAD":"Newton-Midland City CCD","STUSPS":"AL","NAMELSADCO":"Dale County","STATE_NAME":"Alabama","LSAD":"22","ALAND":259761468,"AWATER":104606}},
{"type":"Feature","geometry":{"type":"Polygon","coordinates":[[[-85.64814,33.3591],[-85.64248,33.35989],[-85.64076,33.3511],[-85.61584,33.34624],[-85.60567,33.34161],[-85.60178,33.33613],[-85.60149,33.32887],[-85.5953,33.32741],[-85.5833,33.32023],[-85.57428,33.31199],[-85.56517,33.3189],[-85.56909,33.32712],[-85.56095,33.32853],[-85.56278,33.33815],[-85.557,33.34151],[-85.54789,33.32867],[-85.54253,33.3254],[-85.53634,33.32555],[-85.53487,33.32889],[-85.53751,33.33546],[-85.54515,33.34387],[-85.54488,33.34987],[-85.5389,33.3498],[-85.53049,33.355],[-85.52142,33.35196],[-85.51691,33.3463],[-85.51316,33.34702],[-85.51365,33.35291],[-85.50714,33.35151],[-85.50552,33.3554],[-85.4947,33.3591],[-85.49451,33.36312],[-85.50066,33.36657],[-85.49787,33.36976],[-85.49012,33.36455],[-85.48761,33.36063],[-85.47957,33.36425],[-85.47645,33.36768],[-85.4719,33.36677],[-85.47061,33.37511],[-85.47292,33.38128],[-85.47816,33.38368],[-85.4768,33.387],[-85.46591,33.38578],[-85.45702,33.37537],[-85.4517,33.37805],[-85.45295,33.38389],[-85.44694,33.38781],[-85.44683,33.39516],[-85.44064,33.39751],[-85.43839,33.40213],[-85.43263,33.40074],[-85.42797,33.40262],[-85.43405,33.40987],[-85.42442,33.41182],[-85.41896,33.41123],[-85.42232,33.4199],[-85.41937,33.42157],[-85.40755,33.41333],[-85.40215,33.4053],[-85.39488,33.40356],[-85.39301,33.40715],[-85.40786,33.42031],[-85.40152,33.4203],[-85.39877,33.42422],[-85.40287,33.43232],[-85.39178,33.42564],[-85.38791,33.42509],[-85.38458,33.42913],[-85.39797,33.43583],[-85.39958,33.44208],[-85.39149,33.44386],[-85.38182,33.44132],[-85.37705,33.44442],[-85.38667,33.45049],[-85.38226,33.45528],[-85.38159,33.46186],[-85.3757,33.45926],[-85.36974,33.46118],[-85.37379,33.46834],[-85.36528,33.46874],[-85.35895,33.46718],[-85.35403,33.46356],[-85.34858,33.46523],[-85.34809,33.469],[-85.35232,33.47515],[-85.35872,33.47785],[-85.36336,33.48278],[-85.37063,33.48398],[-85.37068,33.48703],[-85.35602,33.48657],[-85.34296,33.4807],[-85.33929,33.48776],[-85.34953,33.48842],[-85.35257,33.49244],[-85.37768,33.49273],[-85.49745,33.49462],[-85.50164,33.49446],[-85.62364,33.49537],[-85.64348,33.49589],[-85.64415,33.4811],[-85.64436,33.44159],[-85.64624,33.3865],[-85.64814,33.3591]]]},"properties":{"STATEFP":"01","COUNTYFP":"111","COUSUBFP":"91161","COUSUBNS":"00165934","GEOIDFQ":"0600000US0111191161","GEOID":"0111191161","NAME":"Folsom","NAMELSAD":"Folsom CCD","STUSPS":"AL","NAMELSADCO":"Randolph County","STATE_NAME":"Alabama","LSAD":"22","ALAND":356865462,"AWATER":2075549}},
{"type":"Feature","geometry":{"type":"Polygon","coordinates":[[[-85.05603,32.06306],[-85.05408,32.07021],[-85.05581,32.07444],[-85.05323,32.0806],[-85.04551,32.08687],[-85.04955,32.09536],[-85.05504,32.11367],[-85.06206,32.13249],[-85.05875,32.13602],[-85.04559,32.14376],[-85.03399,32.15635],[-85.02658,32.1661],[-85.00853,32.1819],[-84.99593,32.18485],[-84.97373,32.19155],[-84.96463,32.19515],[-84.96173,32.19865],[-84.96693,32.20445],[-84.97463,32.20365],[-84.98023,32.20775],[-84.97873,32.21255],[-84.97213,32.21825],[-84.96743,32.21935],[-84.95822,32.21793],[-84.95857,32.22372],[-84.96233,32.22883],[-84.96821,32.22823],[-84.97529,32.22981],[-84.97691,32.2365],[-84.99238,32.25009],[-84.99742,32.25597],[-85.00617,32.26214],[-85.01989,32.26501],[-85.02358,32.26728],[-85.04587,32.27291],[-85.05901,32.27036],[-85.07006,32.27366],[-85.0854,32.27703],[-85.08106,32.28174],[-85.09071,32.28827],[-85.09128,32.29492],[-85.09958,32.30796],[-85.09571,32.3106],[-85.09618,32.32393],[-85.09791,32.32857],[-85.10564,32.33764],[-85.10574,32.34746],[-85.09634,32.35249],[-85.09527,32.35503],[-85.10457,32.35534],[-85.10736,32.35946],[-85.11594,32.36394],[-85.1325,32.36198],[-85.14268,32.36576],[-85.14743,32.37033],[-85.15584,32.36786],[-85.17826,32.37237],[-85.18199,32.3797],[-85.18856,32.38034],[-85.19495,32.38372],[-85.21843,32.38435],[-85.2239,32.3818],[-85.24826,32.3919],[-85.25164,32.38887],[-85.25977,32.38922],[-85.26955,32.38755],[-85.27891,32.3841],[-85.28785,32.38517],[-85.29186,32.3835],[-85.30358,32.3821],[-85.30299,32.37743],[-85.31136,32.35557],[-85.30505,32.3525],[-85.28173,32.35106],[-85.25627,32.3442],[-85.24921,32.34361],[-85.25014,32.33399],[-85.23637,32.32326],[-85.22779,32.32415],[-85.22334,32.32107],[-85.21453,32.30757],[-85.20609,32.30063],[-85.20647,32.29597],[-85.21543,32.28831],[-85.26106,32.27633],[-85.27427,32.27202],[-85.27547,32.27002],[-85.26381,32.25125],[-85.26342,32.24287],[-85.2603,32.23985],[-85.26198,32.23351],[-85.26063,32.22219],[-85.25874,32.21719],[-85.25915,32.19223],[-85.27453,32.19228],[-85.27413,32.18344],[-85.27199,32.17865],[-85.27823,32.17493],[-85.28033,32.17138],[-85.27934,32.16233],[-85.27549,32.15648],[-85.26715,32.15545],[-85.26211,32.15003],[-85.25775,32.14825],[-85.2598,32.1434],[-85.25631,32.13625],[-85.25006,32.1302],[-85.23799,32.12682],[-85.24542,32.12342],[-85.24549,32.11914],[-85.23423,32.11955],[-85.23472,32.11601],[-85.22769,32.10523],[-85.22901,32.10328],[-85.22091,32.09533],[-85.21122,32.09433],[-85.20683,32.08679],[-85.19575,32.08184],[-85.19252,32.076],[-85.19195,32.06478],[-85.18507,32.06171],[-85.17583,32.06206],[-85.11337,32.06239],[-85.11319,32.06958],[-85.10478,32.06975],[-85.10498,32.06254],[-85.05603,32.06306]]]},"properties":{"STATEFP":"01","COUNTYFP":"113","COUSUBFP":"90738","COUSUBNS":"00161621","GEOIDFQ":"0600000US0111390738","GEOID":"0111390738","NAME":"Cottonton-Seale","NAMELSAD":"Cottonton-Seale CCD","STUSPS":"AL","NAMELSADCO":"Russell County","STATE_NAME":"Alabama","LSAD":"22","ALAND":669177468,"AWATER":6550463}},
{"type":"Feature","geometry":{"type":"Polygon","coordinates":[[[-88.03489,32.8573],[-88.03501,32.83513],[-88.01823,32.84594],[-87.99189,32.85185],[-87.98454,32.83367],[-87.97461,32.82699],[-87.94976,32.82674],[-87.94995,32.81581],[-87.94644,32.81129],[-87.9723,32.79205],[-87.9785,32.78214],[-87.99829,32.76851],[-87.98519,32.76126],[-87.97454,32.76375],[-87.96863,32.75937],[-87.9545,32.75591],[-87.94775,32.74504],[-87.94726,32.73932],[-87.94191,32.73955],[-87.93392,32.74088],[-87.92318,32.74591],[-87.87804,32.74474],[-87.87621,32.74725],[-87.86647,32.74764],[-87.86685,32.75305],[-87.87087,32.75509],[-87.86884,32.76079],[-87.87046,32.76244],[-87.86489,32.7737],[-87.85246,32.77247],[-87.84571,32.77775],[-87.83739,32.78145],[-87.83017,32.79183],[-87.82163,32.79446],[-87.8185,32.79917],[-87.81934,32.80483],[-87.81318,32.81018],[-87.81777,32.81576],[-87.81518,32.82185],[-87.82043,32.82686],[-87.81683,32.83286],[-87.81986,32.83639],[-87.83175,32.84051],[-87.83223,32.84584],[-87.82802,32.84877],[-87.82046,32.84838],[-87.8205,32.85157],[-87.82953,32.85351],[-87.83251,32.85659],[-87.83159,32.86487],[-87.82174,32.86412],[-87.82212,32.88052],[-87.81042,32.87926],[-87.81028,32.88382],[-87.80524,32.88943],[-87.80662,32.89417],[-87.80028,32.89488],[-87.79376,32.89844],[-87.786,32.89488],[-87.78293,32.89538],[-87.77861,32.90191],[-87.77358,32.90265],[-87.76829,32.89896],[-87.76191,32.90863],[-87.76551,32.91051],[-87.76964,32.91708],[-87.77502,32.92002],[-87.77504,32.92688],[-87.76536,32.92438],[-87.76431,32.93146],[-87.75875,32.93517],[-87.75528,32.92817],[-87.75055,32.93141],[-87.75035,32.93509],[-87.74385,32.93534],[-87.74142,32.93586],[-87.72994,32.94926],[-87.7348,32.95258],[-87.74772,32.94905],[-87.74794,32.9545],[-87.73871,32.9589],[-87.7471,32.96558],[-87.74656,32.97174],[-87.74959,32.97876],[-87.74061,32.97841],[-87.73533,32.97457],[-87.72786,32.98581],[-87.71249,32.98601],[-87.70757,32.98993],[-87.70738,32.99756],[-87.71348,33.00165],[-87.71571,33.00682],[-87.71441,33.01392],[-87.71201,33.01562],[-87.71099,33.01772],[-87.75185,33.01727],[-87.83223,33.01726],[-87.83152,33.0569],[-87.83866,33.05109],[-87.85169,33.04417],[-87.8757,33.03887],[-87.87513,33.02706],[-87.87779,33.01216],[-87.88212,33.00695],[-87.89325,33.00931],[-87.89933,33.00454],[-87.90656,32.99434],[-87.91134,32.99044],[-87.91916,32.97564],[-87.93284,32.96786],[-87.9468,32.95691],[-87.95402,32.95552],[-87.96279,32.95113],[-87.96762,32.94325],[-87.96718,32.93968],[-87.97387,32.93413],[-87.9753,32.93053],[-87.9819,32.92884],[-87.98315,32.92338],[-87.99232,32.91605],[-87.99099,32.91222],[-87.9933,32.90521],[-87.99873,32.89781],[-87.99707,32.89433],[-88.00102,32.88425],[-88.00955,32.88065],[-88.01142,32.87779],[-88.01952,32.87431],[-88.02742,32.86854],[-88.02614,32.86515],[-88.03489,32.8573]]]},"properties":{"STATEFP":"01","COUNTYFP":"063","COUSUBFP":"91026","COUSUBNS":"00161613","GEOIDFQ":"0600000US0106391026","GEOID":"0106391026","NAME":"Eutaw","NAMELSAD":"Eutaw CCD","STUSPS":"AL","NAMELSADCO":"Greene County","STATE_NAME":"Alabama","LSAD":"22","ALAND":502436739,"AWATER":10136399}},
{"type":"Feature","geometry":{"type":"Polygon","coordinates":[[[-88.01451,32.59997],[-88.00989,32.60072],[-87.977,32.61078],[-87.96896,32.61665],[-87.9473,32.62683],[-87.93974,32.62653],[-87.92869,32.63228],[-87.91841,32.62958],[-87.91182,32.62476],[-87.90484,32.61458],[-87.88941,32.61721],[-87.88058,32.6216],[-87.85979,32.62122],[-87.853,32.61402],[-87.84543,32.61111],[-87.84089,32.60576],[-87.84501,32.60028],[-87.84981,32.59946],[-87.85541,32.5901],[-87.85875,32.58978],[-87.86464,32.59839],[-87.86209,32.60648],[-87.86676,32.60878],[-87.88263,32.60972],[-87.88819,32.60419],[-87.89495,32.60273],[-87.8988,32.59751],[-87.89835,32.59232],[-87.89089,32.58839],[-87.88,32.57889],[-87.87501,32.57182],[-87.87288,32.55748],[-87.87381,32.54429],[-87.86442,32.53431],[-87.85342,32.53209],[-87.85321,32.53469],[-87.84455,32.54704],[-87.82779,32.54521],[-87.82232,32.54375],[-87.81663,32.5376],[-87.82259,32.53298],[-87.82338,32.52044],[-87.81658,32.51806],[-87.81256,32.52456],[-87.80162,32.5342],[-87.79777,32.54371],[-87.80096,32.55889],[-87.79551,32.56455],[-87.7889,32.56034],[-87.78627,32.56743],[-87.7877,32.58229],[-87.78126,32.58538],[-87.77329,32.58227],[-87.76996,32.5778],[-87.77102,32.57243],[-87.76921,32.56818],[-87.76159,32.57086],[-87.75792,32.57889],[-87.75422,32.58286],[-87.7376,32.59053],[-87.7436,32.59764],[-87.74901,32.6132],[-87.75413,32.61445],[-87.76352,32.61254],[-87.76881,32.60964],[-87.78457,32.60505],[-87.79844,32.61045],[-87.80675,32.61929],[-87.80892,32.62711],[-87.8134,32.63388],[-87.81021,32.63814],[-87.79255,32.63736],[-87.7738,32.64171],[-87.75471,32.63336],[-87.75001,32.63745],[-87.74539,32.64491],[-87.74316,32.65174],[-87.74615,32.65714],[-87.75232,32.6594],[-87.75958,32.65265],[-87.76966,32.64977],[-87.78766,32.65416],[-87.79151,32.65849],[-87.79392,32.66613],[-87.78825,32.67285],[-87.78657,32.68248],[-87.79319,32.6891],[-87.79653,32.69844],[-87.79313,32.70771],[-87.79604,32.71563],[-87.80461,32.7148],[-87.8099,32.71196],[-87.81467,32.70663],[-87.82417,32.70676],[-87.83077,32.71286],[-87.8317,32.71731],[-87.82977,32.72525],[-87.82602,32.73104],[-87.82084,32.73355],[-87.80741,32.73381],[-87.80434,32.74293],[-87.80828,32.75237],[-87.82318,32.7659],[-87.8302,32.76958],[-87.83561,32.7671],[-87.83602,32.75982],[-87.85025,32.75951],[-87.8603,32.75672],[-87.86884,32.76079],[-87.87087,32.75509],[-87.86685,32.75305],[-87.86647,32.74764],[-87.87621,32.74725],[-87.87804,32.74474],[-87.92318,32.74591],[-87.93392,32.74088],[-87.94191,32.73955],[-87.94372,32.73426],[-87.94866,32.73139],[-87.95069,32.72678],[-87.95765,32.72463],[-87.97233,32.71418],[-87.97251,32.71238],[-87.98342,32.70693],[-87.98428,32.70196],[-87.98927,32.69772],[-88.00665,32.69559],[-88.01619,32.6906],[-88.02559,32.68942],[-88.03087,32.69127],[-88.04071,32.68958],[-88.04351,32.68501],[-88.05208,32.6797],[-88.05799,32.67438],[-88.05767,32.66927],[-88.05293,32.66237],[-88.055,32.64648],[-88.06114,32.64079],[-88.07313,32.64203],[-88.07902,32.63859],[-88.08127,32.62668],[-88.07916,32.61968],[-88.06316,32.6048],[-88.05848,32.59454],[-88.05373,32.59305],[-88.03451,32.59881],[-88.01451,32.59997]]]},"properties":{"STATEFP":"01","COUNTYFP":"063","COUSUBFP":"91179","COUSUBNS":"00165789","GEOIDFQ":"0600000US0106391179","GEOID":"0106391179","NAME":"Forkland-Tishabee","NAMELSAD":"Forkland-Tishabee CCD","STUSPS":"AL","NAMELSADCO":"Greene County","STATE_NAME":"Alabama","LSAD":"22","ALAND":386179037,"AWATER":14677895}},
{"type":"Feature","geometry":{"type":"Polygon","coordinates":[[[-87.83152,33.0569],[-87.83146,33.09386],[-87.83898,33.09396],[-87.83805,33.13686],[-87.83752,33.15364],[-87.83994,33.15008],[-87.84764,33.14715],[-87.85671,33.14016],[-87.86164,33.1441],[-87.86749,33.14029],[-87.87679,33.13919],[-87.8848,33.13205],[-87.89006,33.12996],[-87.90245,33.12814],[-87.90501,33.12284],[-87.91247,33.12362],[-87.92094,33.12113],[-87.92867,33.11668],[-87.93951,33.11327],[-87.94098,33.10999],[-87.94691,33.10814],[-87.95034,33.10344],[-87.95064,33.09838],[-87.95434,33.09155],[-87.96049,33.08818],[-87.96835,33.07824],[-87.98598,33.07821],[-87.98952,33.07314],[-88.00478,33.07346],[-88.01139,33.07129],[-88.01317,33.06737],[-88.02672,33.06433],[-88.03091,33.05842],[-88.03578,33.05785],[-88.03937,33.05364],[-88.03138,33.04254],[-88.04147,33.04117],[-88.04133,33.03801],[-88.05705,33.03971],[-88.06451,33.04812],[-88.07778,33.0527],[-88.08023,33.04935],[-88.07359,33.04452],[-88.0805,33.04218],[-88.08004,33.0382],[-88.08607,33.03625],[-88.09162,33.03886],[-88.09399,33.03604],[-88.10615,33.03604],[-88.11521,33.0418],[-88.12671,33.04025],[-88.12891,33.03676],[-88.13558,33.03656],[-88.1377,33.0405],[-88.14281,33.04055],[-88.15021,33.03533],[-88.1426,33.02584],[-88.15495,33.01959],[-88.16354,33.01914],[-88.16286,33.01575],[-88.16741,33.01254],[-88.17197,33.00349],[-88.17185,32.99586],[-88.17221,32.98657],[-88.16865,32.98108],[-88.16734,32.97055],[-88.15735,32.96458],[-88.15806,32.96091],[-88.16528,32.95432],[-88.17692,32.95677],[-88.18218,32.96203],[-88.18868,32.95911],[-88.1872,32.95205],[-88.18236,32.94569],[-88.1723,32.94289],[-88.17127,32.93921],[-88.17533,32.93209],[-88.18895,32.93229],[-88.1963,32.93565],[-88.2006,32.92923],[-88.20639,32.92563],[-88.2048,32.91803],[-88.2003,32.91477],[-88.18975,32.91073],[-88.18319,32.89315],[-88.18309,32.87843],[-88.17997,32.87168],[-88.17325,32.86877],[-88.16673,32.86162],[-88.1579,32.86084],[-88.15497,32.85287],[-88.15854,32.84579],[-88.16708,32.83762],[-88.17805,32.83814],[-88.18179,32.83408],[-88.17834,32.82854],[-88.17076,32.82733],[-88.16126,32.82992],[-88.15712,32.82521],[-88.14728,32.82487],[-88.14457,32.83093],[-88.1374,32.8342],[-88.13268,32.83285],[-88.12502,32.82391],[-88.12248,32.81755],[-88.11776,32.81198],[-88.11085,32.80714],[-88.10541,32.79841],[-88.09869,32.79588],[-88.07918,32.80449],[-88.07782,32.80903],[-88.06316,32.8068],[-88.06082,32.82138],[-88.06276,32.82307],[-88.05807,32.83631],[-88.05008,32.84279],[-88.04959,32.84893],[-88.03975,32.85783],[-88.03489,32.8573],[-88.02614,32.86515],[-88.02742,32.86854],[-88.01952,32.87431],[-88.01142,32.87779],[-88.00955,32.88065],[-88.00102,32.88425],[-87.99707,32.89433],[-87.99873,32.89781],[-87.9933,32.90521],[-87.99099,32.91222],[-87.99232,32.91605],[-87.98315,32.92338],[-87.9819,32.92884],[-87.9753,32.93053],[-87.97387,32.93413],[-87.96718,32.93968],[-87.96762,32.94325],[-87.96279,32.95113],[-87.95402,32.95552],[-87.9468,32.95691],[-87.93284,32.96786],[-87.91916,32.97564],[-87.91134,32.99044],[-87.90656,32.99434],[-87.89933,33.00454],[-87.89325,33.00931],[-87.88212,33.00695],[-87.87779,33.01216],[-87.87513,33.02706],[-87.8757,33.03887],[-87.85169,33.04417],[-87.83866,33.05109],[-87.83152,33.0569]]]},"properties":{"STATEFP":"01","COUNTYFP":"063","COUSUBFP":"92088","COUSUBNS":"00161614","GEOIDFQ":"0600000US0106392088","GEOID":"0106392088","NAME":"Mantua-West Greene","NAMELSAD":"Mantua-West Greene CCD","STUSPS":"AL","NAMELSADCO":"Greene County","STATE_NAME":"Alabama","LSAD":"22","ALAND":602520296,"AWATER":5477047}},
{"type":"Feature","geometry":{"type":"Polygon","coordinates":[[[-86.56664,34.57473],[-86.55812,34.56827],[-86.55354,34.56166],[-86.54996,34.55158],[-86.55017,34.54596],[-86.55109,34.5415],[-86.53594,34.5136],[-86.53452,34.50428],[-86.52811,34.49835],[-86.49999,34.48229],[-86.4866,34.47998],[-86.47549,34.47976],[-86.46883,34.47565],[-86.45396,34.4838],[-86.43513,34.48344],[-86.42391,34.47958],[-86.41248,34.49409],[-86.40449,34.49709],[-86.39934,34.49494],[-86.38903,34.49971],[-86.38726,34.50569],[-86.39219,34.50807],[-86.39038,34.51404],[-86.38312,34.52094],[-86.36627,34.51474],[-86.35552,34.52348],[-86.34023,34.51246],[-86.33432,34.50959],[-86.32982,34.51313],[-86.32945,34.51833],[-86.3245,34.52914],[-86.31119,34.53928],[-86.31299,34.54794],[-86.31167,34.55394],[-86.30665,34.56074],[-86.31346,34.56301],[-86.33035,34.56606],[-86.33142,34.57326],[-86.32672,34.57221],[-86.32188,34.57651],[-86.31434,34.57653],[-86.30308,34.57962],[-86.30698,34.58583],[-86.30313,34.59263],[-86.31062,34.59544],[-86.31623,34.59968],[-86.32685,34.5994],[-86.33105,34.60291],[-86.33051,34.60829],[-86.32586,34.60959],[-86.33524,34.61607],[-86.33925,34.60478],[-86.34597,34.60381],[-86.359,34.61031],[-86.36843,34.61072],[-86.38148,34.61832],[-86.39157,34.61834],[-86.39939,34.62054],[-86.40415,34.6276],[-86.40373,34.63492],[-86.41641,34.63343],[-86.42212,34.63533],[-86.42875,34.63044],[-86.43759,34.62697],[-86.44809,34.62807],[-86.4556,34.63264],[-86.45668,34.63844],[-86.46394,34.64373],[-86.46642,34.64305],[-86.47082,34.63326],[-86.46954,34.62255],[-86.47559,34.62414],[-86.48026,34.6165],[-86.48962,34.61753],[-86.49715,34.62347],[-86.51722,34.61787],[-86.52281,34.6229],[-86.52387,34.62913],[-86.53779,34.62913],[-86.54378,34.61502],[-86.54501,34.60306],[-86.54371,34.59868],[-86.54818,34.58977],[-86.5522,34.58568],[-86.55876,34.58336],[-86.55985,34.57846],[-86.56664,34.57473]]]},"properties":{"STATEFP":"01","COUNTYFP":"089","COUSUBFP":"92349","COUSUBNS":"00165869","GEOIDFQ":"0600000US0108992349","GEOID":"0108992349","NAME":"New Hope","NAMELSAD":"New Hope CCD","STUSPS":"AL","NAMELSADCO":"Madison County","STATE_NAME":"Alabama","LSAD":"22","ALAND":286088689,"AWATER":6270930}},
{"type":"Feature","geometry":{"type":"Polygon","coordinates":[[[-87.02238,33.3887],[-87.02494,33.39235],[-87.03833,33.3942],[-87.04859,33.39278],[-87.04729,33.38809],[-87.04315,33.387],[-87.04545,33.3801],[-87.05672,33.38367],[-87.05879,33.38798],[-87.06677,33.3914],[-87.06081,33.39635],[-87.06813,33.39787],[-87.07391,33.40096],[-87.07239,33.40532],[-87.07524,33.41016],[-87.07959,33.42226],[-87.07844,33.42764],[-87.08295,33.4311],[-87.08896,33.43193],[-87.08903,33.44004],[-87.08217,33.44297],[-87.09217,33.44728],[-87.09453,33.44308],[-87.10295,33.45197],[-87.10464,33.44524],[-87.11074,33.44498],[-87.11304,33.4528],[-87.11628,33.45714],[-87.11564,33.46081],[-87.12024,33.4662],[-87.12706,33.46068],[-87.13022,33.46378],[-87.131,33.47736],[-87.14271,33.48642],[-87.14193,33.49311],[-87.1522,33.48908],[-87.15503,33.49478],[-87.16237,33.49288],[-87.16566,33.49188],[-87.16948,33.49914],[-87.17303,33.50145],[-87.18163,33.50005],[-87.18755,33.49289],[-87.19559,33.49517],[-87.20202,33.50567],[-87.20642,33.50208],[-87.2081,33.50991],[-87.20625,33.51349],[-87.20062,33.5166],[-87.20047,33.51996],[-87.20712,33.52357],[-87.20819,33.51692],[-87.21945,33.52093],[-87.22276,33.51638],[-87.22668,33.51767],[-87.23057,33.5229],[-87.225,33.5238],[-87.22362,33.52861],[-87.22815,33.53207],[-87.23018,33.53884],[-87.23579,33.53908],[-87.23923,33.53613],[-87.23962,33.52862],[-87.24339,33.52145],[-87.24947,33.51455],[-87.25614,33.51477],[-87.25901,33.51776],[-87.26443,33.52909],[-87.27021,33.53032],[-87.27354,33.52743],[-87.2755,33.52083],[-87.27326,33.51675],[-87.26692,33.51293],[-87.26052,33.50367],[-87.26358,33.49832],[-87.26827,33.49714],[-87.27725,33.5016],[-87.28544,33.50228],[-87.2886,33.49501],[-87.28502,33.48579],[-87.28851,33.47936],[-87.29606,33.47939],[-87.30136,33.48832],[-87.30839,33.48975],[-87.31461,33.48725],[-87.32217,33.49207],[-87.33117,33.49089],[-87.33174,33.48553],[-87.3372,33.4754],[-87.3417,33.4705],[-87.33551,33.47043],[-87.33558,33.45625],[-87.31411,33.45573],[-87.31439,33.44172],[-87.28436,33.44058],[-87.28427,33.42571],[-87.26684,33.4247],[-87.26698,33.41795],[-87.25379,33.41781],[-87.25376,33.41031],[-87.2487,33.41043],[-87.24931,33.39558],[-87.23204,33.39514],[-87.232,33.36585],[-87.21483,33.3658],[-87.21492,33.35832],[-87.19758,33.35813],[-87.19741,33.34309],[-87.19484,33.34307],[-87.18001,33.34298],[-87.17964,33.32111],[-87.16217,33.32101],[-87.16201,33.30659],[-87.12714,33.30601],[-87.12676,33.29084],[-87.0875,33.29068],[-87.08752,33.28531],[-87.08068,33.28961],[-87.07054,33.30159],[-87.05699,33.31405],[-87.05292,33.31901],[-87.05746,33.32568],[-87.04848,33.33688],[-87.0498,33.34184],[-87.05382,33.34178],[-87.05054,33.35318],[-87.05393,33.36259],[-87.05038,33.36614],[-87.04872,33.37188],[-87.03294,33.38329],[-87.02836,33.39114],[-87.02238,33.3887]]]},"properties":{"STATEFP":"01","COUNTYFP":"073","COUSUBFP":"92385","COUSUBNS":"00165823","GEOIDFQ":"0600000US0107392385","GEOID":"0107392385","NAME":"North Johns","NAMELSAD":"North Johns CCD","STUSPS":"AL","NAMELSADCO":"Jefferson County","STATE_NAME":"Alabama","LSAD":"22","ALAND":355983660,"AWATER":8445478}},
{"type":"Feature","geometry":{"type":"Polygon","coordinates":[[[-85.70129,31.74103],[-85.70511,31.73172],[-85.70342,31.72436],[-85.70896,31.7117],[-85.70572,31.7088],[-85.69964,31.70773],[-85.6947,31.70406],[-85.69,31.71004],[-85.67391,31.71618],[-85.66787,31.71952],[-85.6582,31.72238],[-85.6428,31.73611],[-85.63658,31.74337],[-85.62872,31.74912],[-85.62303,31.75123],[-85.61398,31.74075],[-85.6048,31.73729],[-85.59868,31.74734],[-85.59245,31.75359],[-85.5863,31.75527],[-85.58224,31.75322],[-85.57743,31.74617],[-85.57522,31.73823],[-85.56451,31.72895],[-85.56172,31.72085],[-85.54357,31.71657],[-85.5426,31.71389],[-85.53368,31.70704],[-85.52621,31.70315],[-85.51341,31.70365],[-85.49486,31.70625],[-85.49214,31.71031],[-85.49047,31.71801],[-85.48303,31.72055],[-85.47437,31.72612],[-85.46831,31.72765],[-85.45261,31.73742],[-85.44993,31.74434],[-85.44912,31.75223],[-85.45254,31.7631],[-85.45152,31.7721],[-85.44265,31.78377],[-85.43637,31.78898],[-85.44161,31.79357],[-85.4487,31.80844],[-85.45807,31.82144],[-85.46308,31.82489],[-85.47047,31.84389],[-85.47806,31.84594],[-85.48071,31.85276],[-85.49437,31.85356],[-85.5018,31.84699],[-85.51201,31.84792],[-85.52427,31.85785],[-85.52634,31.86401],[-85.52787,31.87816],[-85.53568,31.87557],[-85.54332,31.87576],[-85.55235,31.87269],[-85.55293,31.85865],[-85.55652,31.85168],[-85.57226,31.84618],[-85.57167,31.85286],[-85.57567,31.86673],[-85.58914,31.87109],[-85.59646,31.87883],[-85.60165,31.88669],[-85.60825,31.89195],[-85.61216,31.90239],[-85.60974,31.90741],[-85.60192,31.91452],[-85.60841,31.92223],[-85.61043,31.93387],[-85.62028,31.9455],[-85.62386,31.93805],[-85.63154,31.93195],[-85.63485,31.92575],[-85.64078,31.92142],[-85.64079,31.91677],[-85.64877,31.91162],[-85.64877,31.90289],[-85.65207,31.89993],[-85.65777,31.8885],[-85.65767,31.88028],[-85.66693,31.87],[-85.67147,31.862],[-85.67496,31.86038],[-85.67767,31.85224],[-85.67252,31.8459],[-85.66831,31.83476],[-85.67462,31.81973],[-85.67205,31.81551],[-85.67398,31.8066],[-85.67057,31.79957],[-85.67095,31.79538],[-85.66363,31.78236],[-85.66679,31.78007],[-85.66623,31.77288],[-85.67125,31.76094],[-85.6956,31.74783],[-85.70129,31.74103]]]},"properties":{"STATEFP":"01","COUNTYFP":"005","COUSUBFP":"91989","COUSUBNS":"00165657","GEOIDFQ":"0600000US0100591989","GEOID":"0100591989","NAME":"Louisville","NAMELSAD":"Louisville CCD","STUSPS":"AL","NAMELSADCO":"Barbour County","STATE_NAME":"Alabama","LSAD":"22","ALAND":352796712,"AWATER":499970}},
{"type":"Feature","geometry":{"type":"Polygon","coordinates":[[[-86.79782,33.36731],[-86.80444,33.3675],[-86.80458,33.36337],[-86.81274,33.36362],[-86.81343,33.36053],[-86.83023,33.36077],[-86.83069,33.33202],[-86.87071,33.33276],[-86.88254,33.33296],[-86.88257,33.32565],[-86.89129,33.32579],[-86.89136,33.31866],[-86.89976,33.31507],[-86.90007,33.30776],[-86.9065,33.3077],[-86.90851,33.30396],[-86.91727,33.30379],[-86.92196,33.29653],[-86.92613,33.29653],[-86.92617,33.27816],[-86.93459,33.27816],[-86.93467,33.27466],[-86.94782,33.27445],[-86.94781,33.26711],[-86.96957,33.26747],[-86.96964,33.26016],[-86.97405,33.26011],[-86.98274,33.25299],[-86.98289,33.24601],[-87.02685,33.24646],[-87.02598,33.23161],[-87.02572,33.20972],[-87.02138,33.20978],[-87.0213,33.19145],[-87.02563,33.19144],[-87.02561,33.17915],[-87.02561,33.1789],[-87.02352,33.16896],[-87.00659,33.172],[-87.0118,33.18084],[-87.01034,33.18631],[-86.99739,33.18755],[-86.99761,33.19185],[-86.98559,33.19996],[-86.98062,33.19906],[-86.97659,33.20333],[-86.97052,33.20359],[-86.9621,33.21286],[-86.95017,33.21375],[-86.94317,33.2182],[-86.93899,33.21467],[-86.92602,33.22167],[-86.92276,33.2198],[-86.90978,33.22152],[-86.89858,33.21925],[-86.88808,33.22129],[-86.88053,33.22101],[-86.87035,33.21595],[-86.86325,33.2159],[-86.86402,33.208],[-86.86098,33.19273],[-86.8638,33.18032],[-86.86153,33.17475],[-86.86095,33.15811],[-86.85834,33.15033],[-86.83594,33.14949],[-86.82774,33.15148],[-86.81572,33.14874],[-86.80943,33.14848],[-86.80201,33.14808],[-86.79392,33.14398],[-86.78711,33.14737],[-86.77434,33.14733],[-86.7637,33.15019],[-86.74906,33.15723],[-86.74063,33.15656],[-86.72559,33.1582],[-86.67211,33.1766],[-86.67242,33.18801],[-86.67833,33.19187],[-86.69372,33.19941],[-86.7012,33.1987],[-86.70629,33.20173],[-86.71633,33.205],[-86.71007,33.2099],[-86.70993,33.21929],[-86.71369,33.22394],[-86.71332,33.23173],[-86.70838,33.23582],[-86.70918,33.24174],[-86.70701,33.24766],[-86.70798,33.25489],[-86.71149,33.25885],[-86.70671,33.26405],[-86.70191,33.26633],[-86.70225,33.27198],[-86.69604,33.27529],[-86.68969,33.28173],[-86.68419,33.28464],[-86.68236,33.291],[-86.67208,33.30238],[-86.67456,33.311],[-86.68775,33.30557],[-86.69235,33.30838],[-86.69137,33.31328],[-86.70229,33.31296],[-86.70529,33.31519],[-86.70788,33.3232],[-86.70592,33.32562],[-86.6959,33.3282],[-86.66638,33.34461],[-86.66,33.35141],[-86.65506,33.35125],[-86.65094,33.35598],[-86.6549,33.35917],[-86.66537,33.37349],[-86.66835,33.38584],[-86.66332,33.40139],[-86.66503,33.41327],[-86.6681,33.41742],[-86.67425,33.41929],[-86.68752,33.41811],[-86.70118,33.42326],[-86.71061,33.43057],[-86.71775,33.43078],[-86.71788,33.41631],[-86.75234,33.41721],[-86.75237,33.399],[-86.76127,33.39521],[-86.76102,33.38832],[-86.77844,33.38859],[-86.77864,33.36688],[-86.79782,33.36731]]]},"properties":{"STATEFP":"01","COUNTYFP":"117","COUSUBFP":"90036","COUSUBNS":"00165947","GEOIDFQ":"0600000US0111790036","GEOID":"0111790036","NAME":"Alabaster-Helena","NAMELSAD":"Alabaster-Helena CCD","STUSPS":"AL","NAMELSADCO":"Shelby County","STATE_NAME":"Alabama","LSAD":"22","ALAND":532412379,"AWATER":10962025}},
{"type":"Feature","geometry":{"type":"Polygon","coordinates":[[[-86.49103,33.10294],[-86.48828,33.10848],[-86.48029,33.11532],[-86.46609,33.11898],[-86.45993,33.12512],[-86.46181,33.13101],[-86.46681,33.13634],[-86.47816,33.14185],[-86.48298,33.14828],[-86.48347,33.15952],[-86.48768,33.16696],[-86.49138,33.16995],[-86.50272,33.17403],[-86.50313,33.17914],[-86.51071,33.17781],[-86.51976,33.17799],[-86.52406,33.17614],[-86.53485,33.17968],[-86.54129,33.18469],[-86.54815,33.18567],[-86.54937,33.18974],[-86.55467,33.1903],[-86.55978,33.19917],[-86.55706,33.20402],[-86.56117,33.20887],[-86.55766,33.21337],[-86.56377,33.21779],[-86.56655,33.2252],[-86.56613,33.23141],[-86.55952,33.23444],[-86.55331,33.24123],[-86.55209,33.24663],[-86.55337,33.25343],[-86.55322,33.27525],[-86.55115,33.28269],[-86.55293,33.29085],[-86.556,33.29465],[-86.55632,33.3011],[-86.55214,33.30655],[-86.55984,33.3063],[-86.56889,33.30079],[-86.57664,33.30139],[-86.5787,33.2974],[-86.59065,33.29573],[-86.59752,33.29274],[-86.59637,33.28331],[-86.60215,33.27834],[-86.61644,33.28612],[-86.62122,33.26736],[-86.63147,33.27125],[-86.63696,33.27482],[-86.65209,33.28166],[-86.65829,33.2864],[-86.66351,33.29546],[-86.67208,33.30238],[-86.68236,33.291],[-86.68419,33.28464],[-86.68969,33.28173],[-86.69604,33.27529],[-86.70225,33.27198],[-86.70191,33.26633],[-86.70671,33.26405],[-86.71149,33.25885],[-86.70798,33.25489],[-86.70701,33.24766],[-86.70918,33.24174],[-86.70838,33.23582],[-86.71332,33.23173],[-86.71369,33.22394],[-86.70993,33.21929],[-86.71007,33.2099],[-86.71633,33.205],[-86.70629,33.20173],[-86.7012,33.1987],[-86.69372,33.19941],[-86.67833,33.19187],[-86.67242,33.18801],[-86.67211,33.1766],[-86.66965,33.16744],[-86.67628,33.15979],[-86.68223,33.14573],[-86.67671,33.14193],[-86.66575,33.13955],[-86.65514,33.13225],[-86.64799,33.13055],[-86.6372,33.12015],[-86.63674,33.11021],[-86.64066,33.10572],[-86.63851,33.09993],[-86.63273,33.09657],[-86.62743,33.09746],[-86.62723,33.09254],[-86.61642,33.08952],[-86.61536,33.08478],[-86.61021,33.07781],[-86.60472,33.07401],[-86.61014,33.07],[-86.60909,33.06644],[-86.61489,33.06426],[-86.61848,33.05876],[-86.61488,33.05351],[-86.60403,33.05509],[-86.60123,33.05342],[-86.59827,33.04625],[-86.58537,33.04073],[-86.58049,33.0346],[-86.5666,33.02668],[-86.56326,33.01954],[-86.55276,33.01866],[-86.54741,33.01969],[-86.53686,33.02443],[-86.52298,33.02311],[-86.51734,33.02057],[-86.51645,33.04222],[-86.51882,33.0462],[-86.52006,33.05699],[-86.50797,33.0644],[-86.50603,33.06775],[-86.51065,33.07784],[-86.51211,33.08588],[-86.50905,33.0909],[-86.49349,33.09916],[-86.49103,33.10294]]]},"properties":{"STATEFP":"01","COUNTYFP":"117","COUSUBFP":"90711","COUSUBNS":"00165950","GEOIDFQ":"0600000US0111790711","GEOID":"0111790711","NAME":"Columbiana","NAMELSAD":"Columbiana CCD","STUSPS":"AL","NAMELSADCO":"Shelby County","STATE_NAME":"Alabama","LSAD":"22","ALAND":365024599,"AWATER":18718469}},
{"type":"Feature","geometry":{"type":"Polygon","coordinates":[[[-86.3782,33.44624],[-86.38707,33.44753],[-86.39224,33.44669],[-86.39625,33.45],[-86.39711,33.45517],[-86.40387,33.46136],[-86.41024,33.46004],[-86.42038,33.45261],[-86.42765,33.44511],[-86.43592,33.44812],[-86.44082,33.44306],[-86.44108,33.4394],[-86.45891,33.4275],[-86.46404,33.43265],[-86.46796,33.43322],[-86.47558,33.42356],[-86.48576,33.4241],[-86.49673,33.40708],[-86.50483,33.40039],[-86.50969,33.39388],[-86.51862,33.3881],[-86.52507,33.37905],[-86.53055,33.37398],[-86.53466,33.36205],[-86.53484,33.35552],[-86.53719,33.34631],[-86.54259,33.34287],[-86.54718,33.33527],[-86.54185,33.33588],[-86.53345,33.33166],[-86.52927,33.33422],[-86.52039,33.33605],[-86.51254,33.33024],[-86.50679,33.32972],[-86.50202,33.32258],[-86.49415,33.31994],[-86.49597,33.31395],[-86.49147,33.30595],[-86.48503,33.30719],[-86.47779,33.31272],[-86.47666,33.30274],[-86.47068,33.29764],[-86.4595,33.28252],[-86.45443,33.27991],[-86.46244,33.27455],[-86.46149,33.26711],[-86.45552,33.26683],[-86.45044,33.25655],[-86.4507,33.25011],[-86.447,33.24259],[-86.43917,33.24092],[-86.43255,33.24434],[-86.42849,33.25011],[-86.42437,33.26056],[-86.42717,33.26675],[-86.4341,33.27551],[-86.43353,33.28262],[-86.42856,33.28274],[-86.42176,33.27697],[-86.41028,33.27294],[-86.40449,33.27275],[-86.39334,33.27543],[-86.379,33.28608],[-86.36091,33.29241],[-86.35759,33.29854],[-86.361,33.30717],[-86.36637,33.31568],[-86.36738,33.32049],[-86.36424,33.32768],[-86.36792,33.33636],[-86.36671,33.34423],[-86.36222,33.34692],[-86.35023,33.34717],[-86.34121,33.35185],[-86.34151,33.35549],[-86.35286,33.37254],[-86.35992,33.37724],[-86.37352,33.38301],[-86.37848,33.38719],[-86.37866,33.39098],[-86.3782,33.44624]]]},"properties":{"STATEFP":"01","COUNTYFP":"117","COUSUBFP":"93321","COUSUBNS":"00165952","GEOIDFQ":"0600000US0111793321","GEOID":"0111793321","NAME":"Vincent","NAMELSAD":"Vincent CCD","STUSPS":"AL","NAMELSADCO":"Shelby County","STATE_NAME":"Alabama","LSAD":"22","ALAND":233071680,"AWATER":8517025}},
{"type":"Feature","geometry":{"type":"Polygon","coordinates":[[[-86.29953,32.30747],[-86.29269,32.29358],[-86.2879,32.29059],[-86.28648,32.2853],[-86.27269,32.27502],[-86.27223,32.27064],[-86.26249,32.26656],[-86.24865,32.26461],[-86.24484,32.25572],[-86.24489,32.24678],[-86.23826,32.23288],[-86.23629,32.22347],[-86.23398,32.22108],[-86.23711,32.21332],[-86.23125,32.20675],[-86.23312,32.20213],[-86.22478,32.19749],[-86.22022,32.18848],[-86.2232,32.18307],[-86.2194,32.18036],[-86.22002,32.17399],[-86.21653,32.17252],[-86.21496,32.16182],[-86.21942,32.15738],[-86.23007,32.15169],[-86.2425,32.15082],[-86.25834,32.15673],[-86.26252,32.15972],[-86.27114,32.16161],[-86.27109,32.15057],[-86.2753,32.13678],[-86.27517,32.13133],[-86.25983,32.1298],[-86.25417,32.13109],[-86.24282,32.12916],[-86.23604,32.12953],[-86.22318,32.13445],[-86.21911,32.13135],[-86.21596,32.12461],[-86.20627,32.11738],[-86.19633,32.11564],[-86.19342,32.12558],[-86.17624,32.13589],[-86.16836,32.13868],[-86.16092,32.1462],[-86.15069,32.14858],[-86.14389,32.15275],[-86.12339,32.15528],[-86.11665,32.15344],[-86.11179,32.15424],[-86.11719,32.16813],[-86.11737,32.19224],[-86.08304,32.17962],[-86.07457,32.17157],[-86.06386,32.16738],[-86.05618,32.16234],[-86.03955,32.14556],[-86.0358,32.14418],[-85.99786,32.14161],[-85.99916,32.25054],[-85.98655,32.25064],[-85.98656,32.27234],[-85.91929,32.27438],[-85.91883,32.27765],[-85.92374,32.28296],[-85.9351,32.28684],[-85.9406,32.28745],[-85.94433,32.29322],[-85.95432,32.30221],[-85.95477,32.30781],[-85.95881,32.31776],[-85.95897,32.32399],[-85.96601,32.32484],[-85.97081,32.33389],[-85.97575,32.33349],[-85.98144,32.3268],[-85.98121,32.32392],[-85.99465,32.31425],[-86.00788,32.3022],[-86.02225,32.30632],[-86.05677,32.31929],[-86.06209,32.32187],[-86.07397,32.33252],[-86.08615,32.33723],[-86.09485,32.34236],[-86.09495,32.34686],[-86.1121,32.3435],[-86.11978,32.34315],[-86.12807,32.34029],[-86.13657,32.33921],[-86.19234,32.33855],[-86.19635,32.3375],[-86.19577,32.32604],[-86.20038,32.31947],[-86.21026,32.31859],[-86.21897,32.31476],[-86.20327,32.30156],[-86.20803,32.28838],[-86.21194,32.2855],[-86.21748,32.28596],[-86.22145,32.28274],[-86.22814,32.29089],[-86.23896,32.29599],[-86.23982,32.29284],[-86.25707,32.29269],[-86.26648,32.28783],[-86.27135,32.29418],[-86.27948,32.30763],[-86.28182,32.30726],[-86.29624,32.31396],[-86.29953,32.30747]]]},"properties":{"STATEFP":"01","COUNTYFP":"101","COUSUBFP":"92565","COUSUBNS":"00165907","GEOIDFQ":"0600000US0110192565","GEOID":"0110192565","NAME":"Pike Road","NAMELSAD":"Pike Road CCD","STUSPS":"AL","NAMELSADCO":"Montgomery County","STATE_NAME":"Alabama","LSAD":"22","ALAND":479498596,"AWATER":4413868}},
{"type":"Feature","geometry":{"type":"Polygon","coordinates":[[[-86.42994,31.10324],[-86.4263,31.10316],[-86.41806,31.10788],[-86.41192,31.10931],[-86.40593,31.11393],[-86.40343,31.11204],[-86.39595,31.11437],[-86.39128,31.11858],[-86.37529,31.12226],[-86.36979,31.12997],[-86.36512,31.12985],[-86.3564,31.1264],[-86.35386,31.12366],[-86.3454,31.12151],[-86.34377,31.11691],[-86.33707,31.11475],[-86.32929,31.12876],[-86.31978,31.1293],[-86.31419,31.1233],[-86.31112,31.12746],[-86.30188,31.13223],[-86.29377,31.13943],[-86.29561,31.12401],[-86.29761,31.11758],[-86.29779,31.10686],[-86.29452,31.09819],[-86.29009,31.10222],[-86.28906,31.10948],[-86.28016,31.1115],[-86.27115,31.11731],[-86.2598,31.11368],[-86.24284,31.11312],[-86.23929,31.11194],[-86.22151,31.1149],[-86.21719,31.11888],[-86.20529,31.12433],[-86.19328,31.12512],[-86.19318,31.19028],[-86.19348,31.19221],[-86.19398,31.21048],[-86.19334,31.25017],[-86.19478,31.33681],[-86.19636,31.42543],[-86.19395,31.44007],[-86.2107,31.44171],[-86.26188,31.44117],[-86.26019,31.45572],[-86.27605,31.4556],[-86.27697,31.44371],[-86.27486,31.44033],[-86.27593,31.43277],[-86.27268,31.41635],[-86.27468,31.39654],[-86.27742,31.38821],[-86.28063,31.38655],[-86.28589,31.37431],[-86.28891,31.37069],[-86.29744,31.34415],[-86.30133,31.33527],[-86.30009,31.32882],[-86.29992,31.31548],[-86.29732,31.30298],[-86.29869,31.29422],[-86.29846,31.28533],[-86.30696,31.27241],[-86.31394,31.2707],[-86.31733,31.26443],[-86.32853,31.25609],[-86.33465,31.24204],[-86.3457,31.23431],[-86.35199,31.2243],[-86.35081,31.22031],[-86.35654,31.21557],[-86.35721,31.20725],[-86.36055,31.19921],[-86.36006,31.18141],[-86.36194,31.17283],[-86.36811,31.16248],[-86.37349,31.15925],[-86.37527,31.15311],[-86.38426,31.15165],[-86.40222,31.14315],[-86.41112,31.14006],[-86.41555,31.13333],[-86.41797,31.13341],[-86.42406,31.12467],[-86.42431,31.11612],[-86.42994,31.10324]]]},"properties":{"STATEFP":"01","COUNTYFP":"039","COUSUBFP":"92448","COUSUBNS":"00165724","GEOIDFQ":"0600000US0103992448","GEOID":"0103992448","NAME":"Opp","NAMELSAD":"Opp CCD","STUSPS":"AL","NAMELSADCO":"Covington County","STATE_NAME":"Alabama","LSAD":"22","ALAND":441971334,"AWATER":4711536}},
{"type":"Feature","geometry":{"type":"Polygon","coordinates":[[[-88.01109,32.16996],[-88.00708,32.18531],[-88.00812,32.19182],[-88.01271,32.20158],[-88.00843,32.21334],[-88.00752,32.21932],[-88.0099,32.22645],[-88.01505,32.23494],[-88.01494,32.23992],[-88.00866,32.24911],[-88.00945,32.2617],[-88.01851,32.26894],[-88.02012,32.27177],[-88.01914,32.28524],[-88.01598,32.28575],[-88.00682,32.28229],[-88.00422,32.28369],[-88.00732,32.2932],[-88.00002,32.29716],[-87.99139,32.29462],[-87.98836,32.29618],[-87.98174,32.30541],[-87.97567,32.30785],[-87.96789,32.29825],[-87.95744,32.29812],[-87.94835,32.30409],[-87.94169,32.30511],[-87.93676,32.30166],[-87.9382,32.29372],[-87.94469,32.28681],[-87.94464,32.28295],[-87.93355,32.28237],[-87.9287,32.28552],[-87.9297,32.29252],[-87.93158,32.30063],[-87.92869,32.30793],[-87.93066,32.31057],[-88.12209,32.30863],[-88.16228,32.30802],[-88.27155,32.30767],[-88.42145,32.30868],[-88.42828,32.25014],[-88.43384,32.20869],[-88.42705,32.20733],[-88.41323,32.19985],[-88.41531,32.19604],[-88.40943,32.18795],[-88.41037,32.17997],[-88.40259,32.17971],[-88.39932,32.18161],[-88.39117,32.17817],[-88.38883,32.1811],[-88.38144,32.18176],[-88.37749,32.18605],[-88.3727,32.18338],[-88.36941,32.18595],[-88.36158,32.18263],[-88.34661,32.17253],[-88.33592,32.17338],[-88.33226,32.17739],[-88.31304,32.1773],[-88.30633,32.16979],[-88.29601,32.16237],[-88.28815,32.15822],[-88.28135,32.15666],[-88.26956,32.15794],[-88.25955,32.15569],[-88.25212,32.16344],[-88.2381,32.167],[-88.2329,32.16609],[-88.22699,32.16909],[-88.22597,32.17403],[-88.21943,32.17822],[-88.20832,32.17805],[-88.20688,32.18078],[-88.19267,32.17895],[-88.18227,32.18183],[-88.1753,32.18198],[-88.15986,32.18617],[-88.14847,32.18762],[-88.13603,32.19953],[-88.12445,32.20286],[-88.11992,32.20064],[-88.1164,32.19555],[-88.10398,32.19502],[-88.09781,32.18828],[-88.09444,32.18845],[-88.08509,32.18313],[-88.08247,32.17754],[-88.06917,32.17255],[-88.06301,32.17406],[-88.05739,32.17195],[-88.0589,32.16707],[-88.05212,32.16301],[-88.03756,32.16475],[-88.03379,32.16095],[-88.02756,32.16401],[-88.02021,32.16024],[-88.01685,32.15341],[-88.01109,32.16996]]]},"properties":{"STATEFP":"01","COUNTYFP":"023","COUSUBFP":"91908","COUSUBNS":"00165697","GEOIDFQ":"0600000US0102391908","GEOID":"0102391908","NAME":"Lisman","NAMELSAD":"Lisman CCD","STUSPS":"AL","NAMELSADCO":"Choctaw County","STATE_NAME":"Alabama","LSAD":"22","ALAND":577280933,"AWATER":4176841}},
{"type":"Feature","geometry":{"type":"Polygon","coordinates":[[[-87.86884,32.76079],[-87.8603,32.75672],[-87.85025,32.75951],[-87.83602,32.75982],[-87.83561,32.7671],[-87.8302,32.76958],[-87.82318,32.7659],[-87.80828,32.75237],[-87.80434,32.74293],[-87.80741,32.73381],[-87.82084,32.73355],[-87.82602,32.73104],[-87.82977,32.72525],[-87.8317,32.71731],[-87.83077,32.71286],[-87.82417,32.70676],[-87.81467,32.70663],[-87.8099,32.71196],[-87.80461,32.7148],[-87.79604,32.71563],[-87.79313,32.70771],[-87.79653,32.69844],[-87.79319,32.6891],[-87.78657,32.68248],[-87.78825,32.67285],[-87.79392,32.66613],[-87.79151,32.65849],[-87.78766,32.65416],[-87.76966,32.64977],[-87.75958,32.65265],[-87.75232,32.6594],[-87.74615,32.65714],[-87.74316,32.65174],[-87.74539,32.64491],[-87.75001,32.63745],[-87.74476,32.64444],[-87.74148,32.64402],[-87.73566,32.65316],[-87.73385,32.6625],[-87.7255,32.67031],[-87.72571,32.67769],[-87.71059,32.68297],[-87.70413,32.68391],[-87.69181,32.69278],[-87.63825,32.69243],[-87.63353,32.70239],[-87.6302,32.70542],[-87.63053,32.71074],[-87.62679,32.71731],[-87.62755,32.73015],[-87.62638,32.73598],[-87.61034,32.73663],[-87.60075,32.72899],[-87.59673,32.7287],[-87.5963,32.74487],[-87.6014,32.75375],[-87.61001,32.75702],[-87.61595,32.76967],[-87.63971,32.77207],[-87.65069,32.78119],[-87.65524,32.78631],[-87.65462,32.78915],[-87.6632,32.79172],[-87.66623,32.7945],[-87.67384,32.79509],[-87.68663,32.80146],[-87.68836,32.80551],[-87.6939,32.8074],[-87.69925,32.80613],[-87.7081,32.81264],[-87.71831,32.81152],[-87.72826,32.81577],[-87.72851,32.82073],[-87.73609,32.82094],[-87.74533,32.81854],[-87.7548,32.82015],[-87.7564,32.82289],[-87.76551,32.82559],[-87.7742,32.82421],[-87.78062,32.83017],[-87.78982,32.82959],[-87.80714,32.83406],[-87.81683,32.83286],[-87.82043,32.82686],[-87.81518,32.82185],[-87.81777,32.81576],[-87.81318,32.81018],[-87.81934,32.80483],[-87.8185,32.79917],[-87.82163,32.79446],[-87.83017,32.79183],[-87.83739,32.78145],[-87.84571,32.77775],[-87.85246,32.77247],[-87.86489,32.7737],[-87.87046,32.76244],[-87.86884,32.76079]]]},"properties":{"STATEFP":"01","COUNTYFP":"065","COUSUBFP":"92853","COUSUBNS":"00165795","GEOIDFQ":"0600000US0106592853","GEOID":"0106592853","NAME":"Sawyerville","NAMELSAD":"Sawyerville CCD","STUSPS":"AL","NAMELSADCO":"Hale County","STATE_NAME":"Alabama","LSAD":"22","ALAND":266019116,"AWATER":8484961}},
{"type":"Feature","geometry":{"type":"Polygon","coordinates":[[[-86.9213,33.61751],[-86.92502,33.61837],[-86.92994,33.62453],[-86.94585,33.63233],[-86.95006,33.64082],[-86.9474,33.6465],[-86.95328,33.65922],[-86.95878,33.65761],[-86.96196,33.66449],[-86.95901,33.66933],[-86.96847,33.67357],[-86.97107,33.67176],[-86.97464,33.68451],[-86.97784,33.68927],[-86.9878,33.69684],[-86.99189,33.70506],[-86.99936,33.70424],[-87.00467,33.69827],[-87.01026,33.70159],[-87.01598,33.69756],[-87.00758,33.69359],[-87.00229,33.68873],[-87.00334,33.67843],[-87.01258,33.67847],[-87.00412,33.66752],[-87.00751,33.66221],[-87.01269,33.66298],[-87.02091,33.67288],[-87.02774,33.67127],[-87.03271,33.66283],[-87.02084,33.65893],[-87.02598,33.65526],[-87.036,33.65152],[-87.04277,33.63851],[-87.04841,33.63593],[-87.05705,33.63899],[-87.0654,33.63676],[-87.07252,33.62378],[-87.06772,33.62435],[-87.062,33.62814],[-87.05766,33.62461],[-87.04854,33.62248],[-87.04551,33.62552],[-87.03877,33.62561],[-87.04015,33.61967],[-87.02415,33.62359],[-87.01544,33.61955],[-87.01329,33.61307],[-87.00739,33.61171],[-87.01402,33.60185],[-87.02368,33.60513],[-87.02804,33.58845],[-87.02038,33.58237],[-87.01759,33.57502],[-87.00977,33.5728],[-87.01424,33.56564],[-87.01066,33.56461],[-87.00748,33.57115],[-87.00231,33.56619],[-86.98852,33.57689],[-86.98703,33.5691],[-86.98133,33.5666],[-86.97109,33.56503],[-86.96531,33.56197],[-86.96919,33.55416],[-86.956,33.55264],[-86.95168,33.54661],[-86.94625,33.54561],[-86.94488,33.55036],[-86.93628,33.5483],[-86.93319,33.54511],[-86.92283,33.54904],[-86.92575,33.56285],[-86.93317,33.56749],[-86.93785,33.56717],[-86.94267,33.57002],[-86.93687,33.57699],[-86.93182,33.57869],[-86.92639,33.58357],[-86.90739,33.57448],[-86.89986,33.57982],[-86.90893,33.59302],[-86.91182,33.59957],[-86.92108,33.61527],[-86.9213,33.61751]]]},"properties":{"STATEFP":"01","COUNTYFP":"073","COUSUBFP":"91404","COUSUBNS":"00165817","GEOIDFQ":"0600000US0107391404","GEOID":"0107391404","NAME":"Graysville-Adamsville","NAMELSAD":"Graysville-Adamsville CCD","STUSPS":"AL","NAMELSADCO":"Jefferson County","STATE_NAME":"Alabama","LSAD":"22","ALAND":117188433,"AWATER":1278278}},
{"type":"Feature","geometry":{"type":"Polygon","coordinates":[[[-87.16407,32.48732],[-87.22098,32.48699],[-87.2338,32.48437],[-87.33348,32.48298],[-87.32874,32.47883],[-87.32738,32.4714],[-87.32425,32.46969],[-87.32122,32.46048],[-87.3273,32.45499],[-87.33098,32.44248],[-87.33507,32.43986],[-87.33408,32.42777],[-87.33651,32.419],[-87.33324,32.41515],[-87.33564,32.40827],[-87.33289,32.4009],[-87.31798,32.39189],[-87.318,32.37388],[-87.32176,32.36834],[-87.3166,32.36126],[-87.31225,32.35253],[-87.30726,32.35149],[-87.30917,32.34343],[-87.30442,32.33992],[-87.30059,32.34123],[-87.29468,32.33564],[-87.28875,32.32748],[-87.28934,32.322],[-87.28538,32.31588],[-87.27839,32.30878],[-87.28939,32.2946],[-87.28819,32.28914],[-87.29523,32.28715],[-87.28843,32.27817],[-87.28242,32.27899],[-87.28304,32.26783],[-87.27749,32.26733],[-87.27406,32.26286],[-87.27841,32.26063],[-87.27598,32.25339],[-87.27132,32.25204],[-87.26962,32.24281],[-87.27254,32.23586],[-87.27709,32.23747],[-87.28216,32.23378],[-87.27769,32.22913],[-87.27664,32.22441],[-87.2706,32.2259],[-87.26697,32.22943],[-87.26097,32.23021],[-87.25903,32.22196],[-87.25504,32.22041],[-87.25503,32.21122],[-87.25854,32.19945],[-87.25689,32.19453],[-87.25224,32.19287],[-87.23703,32.19283],[-87.24343,32.18727],[-87.24213,32.18514],[-87.23223,32.18259],[-87.22979,32.17743],[-87.22201,32.17612],[-87.22686,32.16945],[-87.23276,32.16453],[-87.22296,32.16041],[-87.20999,32.15739],[-87.20226,32.15954],[-87.18916,32.16796],[-87.1833,32.16987],[-87.17673,32.16586],[-87.1695,32.15794],[-87.15682,32.15378],[-87.14261,32.15841],[-87.13168,32.1594],[-87.12258,32.16221],[-87.1068,32.17102],[-87.09519,32.17459],[-87.09002,32.17781],[-87.08553,32.18542],[-87.08771,32.19722],[-87.09188,32.20389],[-87.10212,32.21284],[-87.11906,32.21449],[-87.12499,32.21597],[-87.14892,32.22903],[-87.15431,32.23331],[-87.15838,32.24637],[-87.16284,32.25477],[-87.16476,32.2678],[-87.16102,32.27609],[-87.15573,32.27637],[-87.14453,32.27286],[-87.13612,32.26771],[-87.13079,32.26252],[-87.12499,32.26031],[-87.10558,32.26366],[-87.09729,32.26278],[-87.08755,32.26459],[-87.08378,32.2698],[-87.08278,32.27686],[-87.08475,32.28631],[-87.0946,32.2942],[-87.09584,32.31205],[-87.09298,32.31841],[-87.09238,32.32506],[-87.09415,32.33555],[-87.09998,32.33568],[-87.10526,32.3296],[-87.10322,32.32512],[-87.10775,32.32135],[-87.1214,32.32323],[-87.11604,32.32996],[-87.12874,32.33711],[-87.12728,32.34618],[-87.13332,32.34435],[-87.13562,32.34749],[-87.12581,32.35025],[-87.12683,32.35685],[-87.13429,32.3597],[-87.1344,32.36475],[-87.13959,32.36976],[-87.1276,32.37881],[-87.13004,32.38318],[-87.12953,32.38826],[-87.13809,32.39302],[-87.14459,32.387],[-87.15092,32.38877],[-87.15306,32.39218],[-87.14838,32.40155],[-87.1511,32.40959],[-87.15643,32.40843],[-87.16287,32.40259],[-87.17199,32.40309],[-87.17177,32.4076],[-87.16558,32.4091],[-87.16573,32.41564],[-87.17289,32.41816],[-87.17585,32.42289],[-87.18901,32.42945],[-87.18947,32.4365],[-87.18383,32.43644],[-87.17949,32.44045],[-87.18045,32.44633],[-87.18546,32.45082],[-87.17555,32.4598],[-87.168,32.45877],[-87.16538,32.46554],[-87.16036,32.46356],[-87.15913,32.48026],[-87.16407,32.48732]]]},"properties":{"STATEFP":"01","COUNTYFP":"047","COUSUBFP":"92457","COUSUBNS":"00165746","GEOIDFQ":"0600000US0104792457","GEOID":"0104792457","NAME":"Orrville","NAMELSAD":"Orrville CCD","STUSPS":"AL","NAMELSADCO":"Dallas County","STATE_NAME":"Alabama","LSAD":"22","ALAND":541139528,"AWATER":6763763}},
{"type":"Feature","geometry":{"type":"Polygon","coordinates":[[[-86.59546,32.17231],[-86.59207,32.16988],[-86.59298,32.15594],[-86.58755,32.14928],[-86.58252,32.1502],[-86.58016,32.14574],[-86.57239,32.1409],[-86.5628,32.13065],[-86.54848,32.1282],[-86.54098,32.12214],[-86.53999,32.11787],[-86.53325,32.11031],[-86.52821,32.10977],[-86.51152,32.09416],[-86.50767,32.08962],[-86.50253,32.08825],[-86.49821,32.08375],[-86.49824,32.0769],[-86.48591,32.07216],[-86.47566,32.05547],[-86.47388,32.04709],[-86.46849,32.04009],[-86.46358,32.03093],[-86.45198,32.02421],[-86.44963,32.03786],[-86.44183,32.04648],[-86.42725,32.05624],[-86.41489,32.05762],[-86.40679,32.0656],[-86.40668,32.09723],[-86.40782,32.1476],[-86.40805,32.19436],[-86.40877,32.24431],[-86.41468,32.24694],[-86.42299,32.24825],[-86.42224,32.25372],[-86.42726,32.25715],[-86.43128,32.25651],[-86.44127,32.26204],[-86.44875,32.2636],[-86.44837,32.26814],[-86.45851,32.27409],[-86.4706,32.27001],[-86.48484,32.27639],[-86.48075,32.28081],[-86.4847,32.28449],[-86.48965,32.29335],[-86.48469,32.30629],[-86.48503,32.31251],[-86.48017,32.31511],[-86.47819,32.32069],[-86.47392,32.32542],[-86.47871,32.33117],[-86.48392,32.33312],[-86.48266,32.34031],[-86.49477,32.33846],[-86.49677,32.34444],[-86.52005,32.34033],[-86.53253,32.33878],[-86.53567,32.34044],[-86.53969,32.33844],[-86.55375,32.33848],[-86.55385,32.3319],[-86.55918,32.32876],[-86.56095,32.32253],[-86.56427,32.31914],[-86.55828,32.31625],[-86.55358,32.31701],[-86.54342,32.3037],[-86.54445,32.29594],[-86.55079,32.29172],[-86.55118,32.28477],[-86.56279,32.27361],[-86.56445,32.26885],[-86.58565,32.26912],[-86.59857,32.26672],[-86.60794,32.2666],[-86.60787,32.26051],[-86.60223,32.24974],[-86.60129,32.23649],[-86.59744,32.2243],[-86.58892,32.20806],[-86.59396,32.20345],[-86.59788,32.19456],[-86.60188,32.19377],[-86.60921,32.18775],[-86.61456,32.1872],[-86.6201,32.18483],[-86.60435,32.18026],[-86.60323,32.17713],[-86.59546,32.17231]]]},"properties":{"STATEFP":"01","COUNTYFP":"085","COUSUBFP":"91566","COUSUBNS":"00165856","GEOIDFQ":"0600000US0108591566","GEOID":"0108591566","NAME":"Hayneville","NAMELSAD":"Hayneville CCD","STUSPS":"AL","NAMELSADCO":"Lowndes County","STATE_NAME":"Alabama","LSAD":"22","ALAND":401741604,"AWATER":5462741}},
{"type":"Feature","geometry":{"type":"Polygon","coordinates":[[[-87.16365,30.99902],[-87.14075,30.99953],[-87.12497,30.9988],[-87.11887,30.99943],[-87.05374,30.99913],[-87.03999,30.99959],[-87.00436,30.99932],[-86.99848,30.99866],[-86.92781,30.9977],[-86.87299,30.99763],[-86.78592,30.99698],[-86.74524,30.99629],[-86.72538,30.99687],[-86.70626,30.9947],[-86.68831,30.9946],[-86.6886,31.00042],[-86.70022,31.00042],[-86.70075,31.12294],[-86.70044,31.12517],[-86.70028,31.19222],[-86.70665,31.19485],[-86.70768,31.19032],[-86.72042,31.19127],[-86.71683,31.18646],[-86.72101,31.18346],[-86.73536,31.18545],[-86.73874,31.19465],[-86.7467,31.19268],[-86.76577,31.19263],[-86.77252,31.20224],[-86.76533,31.20702],[-86.77259,31.21066],[-86.76357,31.22092],[-86.76911,31.22987],[-86.76883,31.23732],[-86.77259,31.24259],[-86.77226,31.25066],[-86.76706,31.25386],[-86.76396,31.26129],[-86.87102,31.2619],[-86.92247,31.26178],[-86.99997,31.26104],[-87.01813,31.26127],[-87.01862,31.25212],[-87.02305,31.24904],[-87.01911,31.24077],[-87.02431,31.22606],[-87.02717,31.2043],[-87.03065,31.20351],[-87.02878,31.19612],[-87.02263,31.18528],[-87.02041,31.16965],[-87.02268,31.16732],[-87.02361,31.15817],[-87.02187,31.15267],[-87.0243,31.14881],[-87.02227,31.13312],[-87.02792,31.1279],[-87.03289,31.12812],[-87.04121,31.12483],[-87.04168,31.11716],[-87.04602,31.11112],[-87.05462,31.10688],[-87.05841,31.10262],[-87.07658,31.09567],[-87.08193,31.0909],[-87.08195,31.08454],[-87.08505,31.07674],[-87.0953,31.07301],[-87.09839,31.06943],[-87.09849,31.06069],[-87.10161,31.05318],[-87.10818,31.05432],[-87.10766,31.04966],[-87.11603,31.04488],[-87.11576,31.03414],[-87.12126,31.03386],[-87.12475,31.02737],[-87.13141,31.02868],[-87.13646,31.02288],[-87.14512,31.01808],[-87.14811,31.01243],[-87.15364,31.00823],[-87.1612,31.00758],[-87.16429,31.0032],[-87.16365,30.99902]]]},"properties":{"STATEFP":"01","COUNTYFP":"053","COUSUBFP":"90927","COUSUBNS":"00161612","GEOIDFQ":"0600000US0105390927","GEOID":"0105390927","NAME":"East Escambia","NAMELSAD":"East Escambia CCD","STUSPS":"AL","NAMELSADCO":"Escambia County","STATE_NAME":"Alabama","LSAD":"22","ALAND":944301782,"AWATER":9383354}},
{"type":"Feature","geometry":{"type":"Polygon","coordinates":[[[-85.84915,34.38854],[-85.84635,34.38489],[-85.85342,34.37939],[-85.8608,34.36853],[-85.86188,34.36196],[-85.84943,34.34766],[-85.84938,34.33785],[-85.84607,34.32659],[-85.84213,34.32878],[-85.83288,34.33747],[-85.8189,34.32646],[-85.8176,34.31652],[-85.81256,34.31289],[-85.80078,34.31001],[-85.79411,34.30662],[-85.79014,34.29527],[-85.7785,34.29778],[-85.7647,34.2923],[-85.75274,34.2898],[-85.74409,34.28485],[-85.67528,34.3434],[-85.67645,34.34737],[-85.66855,34.35449],[-85.66891,34.35772],[-85.66415,34.36194],[-85.64731,34.36431],[-85.63609,34.3669],[-85.62824,34.37399],[-85.63023,34.37912],[-85.62496,34.38237],[-85.62053,34.38886],[-85.62608,34.3932],[-85.61479,34.39465],[-85.6114,34.40546],[-85.60626,34.41199],[-85.60007,34.41495],[-85.60068,34.42093],[-85.58944,34.4242],[-85.59054,34.42908],[-85.5838,34.43259],[-85.57949,34.44019],[-85.58234,34.45913],[-85.59061,34.46609],[-85.58854,34.47246],[-85.59517,34.47408],[-85.59407,34.48329],[-85.59748,34.49],[-85.6076,34.49371],[-85.61247,34.49199],[-85.618,34.49395],[-85.61953,34.50337],[-85.62296,34.50486],[-85.63675,34.50044],[-85.63989,34.50564],[-85.6361,34.51004],[-85.63458,34.51651],[-85.63979,34.52224],[-85.64832,34.52154],[-85.65629,34.52668],[-85.65965,34.53619],[-85.66646,34.53964],[-85.66889,34.54415],[-85.6772,34.54733],[-85.68298,34.55326],[-85.69368,34.55599],[-85.69864,34.54814],[-85.70876,34.54149],[-85.70955,34.53373],[-85.71334,34.52916],[-85.71505,34.52154],[-85.72956,34.50818],[-85.7361,34.50396],[-85.74708,34.4945],[-85.74997,34.4905],[-85.75898,34.48626],[-85.76514,34.47823],[-85.77561,34.47075],[-85.7821,34.46336],[-85.79392,34.4525],[-85.80246,34.44148],[-85.81883,34.43235],[-85.82726,34.42111],[-85.83684,34.41052],[-85.83843,34.4061],[-85.84089,34.40057],[-85.84915,34.3929],[-85.84915,34.38854]]]},"properties":{"STATEFP":"01","COUNTYFP":"049","COUSUBFP":"91206","COUSUBNS":"00165751","GEOIDFQ":"0600000US0104991206","GEOID":"0104991206","NAME":"Fort Payne","NAMELSAD":"Fort Payne CCD","STUSPS":"AL","NAMELSADCO":"DeKalb County","STATE_NAME":"Alabama","LSAD":"22","ALAND":417736071,"AWATER":1447802}},
{"type":"Feature","geometry":{"type":"Polygon","coordinates":[[[-86.70113,31.31566],[-86.70876,31.30947],[-86.7165,31.31332],[-86.7279,31.32267],[-86.73425,31.32279],[-86.74343,31.33621],[-86.74248,31.34849],[-86.74896,31.34974],[-86.7548,31.35828],[-86.75766,31.36014],[-86.76624,31.37212],[-86.78435,31.37302],[-86.79695,31.37812],[-86.81226,31.37904],[-86.81565,31.38912],[-86.81947,31.39317],[-86.82231,31.40426],[-86.83024,31.41401],[-86.83571,31.41875],[-86.83259,31.42665],[-86.82859,31.42541],[-86.81339,31.42755],[-86.80725,31.42208],[-86.8014,31.42317],[-86.79552,31.43084],[-86.79504,31.43497],[-86.79953,31.44638],[-86.79797,31.44971],[-86.79189,31.45088],[-86.78606,31.45673],[-86.77588,31.46005],[-86.78123,31.46555],[-86.78724,31.46353],[-86.79135,31.46485],[-86.79323,31.47508],[-86.79749,31.48175],[-86.79618,31.49198],[-86.79773,31.49543],[-86.80632,31.49887],[-86.80367,31.50456],[-86.80792,31.51137],[-86.81285,31.50344],[-86.81937,31.50623],[-86.82593,31.51604],[-86.82866,31.51542],[-86.83847,31.52021],[-86.83802,31.52265],[-86.85942,31.52177],[-86.86987,31.51422],[-86.87433,31.50826],[-86.87925,31.50616],[-86.90978,31.50655],[-86.91315,31.50528],[-86.92404,31.49188],[-86.94565,31.50209],[-86.9528,31.5027],[-86.95968,31.50004],[-86.9668,31.50219],[-86.98827,31.49916],[-87.01225,31.49884],[-87.01964,31.49295],[-87.02948,31.49225],[-87.03371,31.4875],[-87.0455,31.48929],[-87.05696,31.48743],[-87.06516,31.49447],[-87.07117,31.49773],[-87.08039,31.49948],[-87.08485,31.49588],[-87.09057,31.49734],[-87.10699,31.49395],[-87.08845,31.4868],[-87.09252,31.47918],[-87.08541,31.4715],[-87.07696,31.46789],[-87.07603,31.46391],[-87.0618,31.45672],[-87.05858,31.45663],[-87.04944,31.44945],[-87.02951,31.44648],[-87.02057,31.44189],[-87.01583,31.43367],[-87.00485,31.42502],[-86.99654,31.42465],[-86.98792,31.42123],[-86.9838,31.41136],[-86.98064,31.39899],[-86.96661,31.40287],[-86.95996,31.40608],[-86.9532,31.40504],[-86.94639,31.40126],[-86.94377,31.39492],[-86.93511,31.38481],[-86.93513,31.37758],[-86.93183,31.37062],[-86.9257,31.3626],[-86.90898,31.34604],[-86.90432,31.33866],[-86.90174,31.32867],[-86.89629,31.32564],[-86.88693,31.31607],[-86.88077,31.3074],[-86.87825,31.30035],[-86.8738,31.29787],[-86.86791,31.2859],[-86.86155,31.27871],[-86.86868,31.27849],[-86.87706,31.27627],[-86.87051,31.2658],[-86.87102,31.2619],[-86.76396,31.26129],[-86.76706,31.25386],[-86.77226,31.25066],[-86.77259,31.24259],[-86.76883,31.23732],[-86.76911,31.22987],[-86.76357,31.22092],[-86.77259,31.21066],[-86.76533,31.20702],[-86.77252,31.20224],[-86.76577,31.19263],[-86.7467,31.19268],[-86.73874,31.19465],[-86.73536,31.18545],[-86.72101,31.18346],[-86.71683,31.18646],[-86.72042,31.19127],[-86.70768,31.19032],[-86.70665,31.19485],[-86.70028,31.19222],[-86.70113,31.31566]]]},"properties":{"STATEFP":"01","COUNTYFP":"035","COUSUBFP":"91044","COUSUBNS":"00165717","GEOIDFQ":"0600000US0103591044","GEOID":"0103591044","NAME":"Evergreen","NAMELSAD":"Evergreen CCD","STUSPS":"AL","NAMELSADCO":"Conecuh County","STATE_NAME":"Alabama","LSAD":"22","ALAND":542017139,"AWATER":1804510}},
{"type":"Feature","geometry":{"type":"Polygon","coordinates":[[[-87.52967,34.56708],[-87.52979,34.51852],[-87.52308,34.52133],[-87.51489,34.5086],[-87.51162,34.5077],[-87.50509,34.50125],[-87.49358,34.50424],[-87.49308,34.51868],[-87.48653,34.51809],[-87.48088,34.52179],[-87.47294,34.5216],[-87.4648,34.51617],[-87.45492,34.51705],[-87.45012,34.51205],[-87.44139,34.51192],[-87.43925,34.52034],[-87.42774,34.51819],[-87.42832,34.51376],[-87.41738,34.50576],[-87.39832,34.50506],[-87.39522,34.50076],[-87.38773,34.50169],[-87.38669,34.50604],[-87.37369,34.51423],[-87.37036,34.51998],[-87.35813,34.52502],[-87.35815,34.52843],[-87.35343,34.53332],[-87.3569,34.54096],[-87.33105,34.54049],[-87.32455,34.54261],[-87.31125,34.53466],[-87.30568,34.5331],[-87.28842,34.53291],[-87.28339,34.53888],[-87.28833,34.54383],[-87.29608,34.5466],[-87.29057,34.55048],[-87.29213,34.55544],[-87.28477,34.55723],[-87.2875,34.56204],[-87.28558,34.57537],[-87.28244,34.57723],[-87.28226,34.58641],[-87.2739,34.59532],[-87.27719,34.60272],[-87.28885,34.60273],[-87.30348,34.59638],[-87.30801,34.59075],[-87.31699,34.58984],[-87.32023,34.59597],[-87.32866,34.6028],[-87.33192,34.60819],[-87.33706,34.61122],[-87.34459,34.6104],[-87.34498,34.61361],[-87.3523,34.61432],[-87.35192,34.60735],[-87.35935,34.59498],[-87.36874,34.59194],[-87.37355,34.59206],[-87.38422,34.59875],[-87.38784,34.61244],[-87.38623,34.62094],[-87.39146,34.62478],[-87.39801,34.62447],[-87.40944,34.63214],[-87.41843,34.62996],[-87.42291,34.62529],[-87.4234,34.6086],[-87.43522,34.60706],[-87.44759,34.61495],[-87.457,34.61114],[-87.45632,34.62473],[-87.44977,34.62987],[-87.44795,34.63523],[-87.44264,34.6397],[-87.44921,34.64608],[-87.44955,34.6489],[-87.45484,34.65025],[-87.46051,34.64646],[-87.47722,34.65148],[-87.48371,34.64797],[-87.48252,34.64254],[-87.47682,34.6378],[-87.48293,34.63624],[-87.48791,34.62778],[-87.49983,34.62157],[-87.50426,34.61662],[-87.50408,34.61089],[-87.50644,34.60508],[-87.51179,34.60226],[-87.51391,34.59476],[-87.51203,34.58928],[-87.50712,34.58593],[-87.51133,34.57857],[-87.51856,34.57748],[-87.52051,34.56838],[-87.52967,34.56708]]]},"properties":{"STATEFP":"01","COUNTYFP":"079","COUSUBFP":"91548","COUSUBNS":"00165839","GEOIDFQ":"0600000US0107991548","GEOID":"0107991548","NAME":"Hatton","NAMELSAD":"Hatton CCD","STUSPS":"AL","NAMELSADCO":"Lawrence County","STATE_NAME":"Alabama","LSAD":"22","ALAND":226975043,"AWATER":1721123}},
{"type":"Feature","geometry":{"type":"Polygon","coordinates":[[[-87.01776,32.72953],[-87.01765,32.75013],[-87.01916,32.83703],[-87.15529,32.83529],[-87.172,32.8358],[-87.21253,32.83517],[-87.21197,32.82878],[-87.21961,32.824],[-87.21984,32.82071],[-87.23487,32.81375],[-87.2406,32.81639],[-87.24571,32.81618],[-87.25209,32.80784],[-87.2469,32.80614],[-87.24307,32.80111],[-87.25335,32.79698],[-87.25943,32.79068],[-87.26446,32.78961],[-87.26494,32.78422],[-87.27363,32.7751],[-87.27185,32.76755],[-87.26319,32.77002],[-87.26139,32.76522],[-87.26298,32.75445],[-87.25751,32.74803],[-87.26046,32.73844],[-87.26508,32.73926],[-87.26503,32.72734],[-87.26368,32.72316],[-87.25906,32.72146],[-87.25514,32.71715],[-87.24693,32.71537],[-87.2347,32.70306],[-87.2336,32.69851],[-87.24004,32.68613],[-87.24512,32.68565],[-87.24747,32.68186],[-87.24227,32.67812],[-87.24165,32.66812],[-87.23871,32.66022],[-87.2473,32.65563],[-87.24612,32.651],[-87.2521,32.65069],[-87.25627,32.64324],[-87.25186,32.63454],[-87.24353,32.63205],[-87.23957,32.62683],[-87.23377,32.62393],[-87.23579,32.61503],[-87.23039,32.60925],[-87.23012,32.60367],[-87.21969,32.59669],[-87.21773,32.59372],[-87.21983,32.58644],[-87.22578,32.58452],[-87.22933,32.5808],[-87.22939,32.5725],[-87.23312,32.56608],[-87.23891,32.5658],[-87.24115,32.56043],[-87.23113,32.54679],[-87.22352,32.5466],[-87.21203,32.54401],[-87.21099,32.53637],[-87.20497,32.53852],[-87.19857,32.53554],[-87.19921,32.52988],[-87.19456,32.52436],[-87.1958,32.51567],[-87.18457,32.51472],[-87.18734,32.50625],[-87.18604,32.50251],[-87.17355,32.49713],[-87.16631,32.48759],[-87.16407,32.48732],[-87.11638,32.4877],[-87.11236,32.48865],[-87.10865,32.49314],[-87.10856,32.49761],[-87.10196,32.50295],[-87.10016,32.51246],[-87.09716,32.52046],[-87.08971,32.52809],[-87.08997,32.53442],[-87.07964,32.53979],[-87.07776,32.54515],[-87.07903,32.55174],[-87.07726,32.55736],[-87.08186,32.56085],[-87.07993,32.56621],[-87.0814,32.57043],[-87.06749,32.57741],[-87.06331,32.58156],[-87.05701,32.58444],[-87.05545,32.58883],[-87.04147,32.59748],[-87.04032,32.60388],[-87.0456,32.61259],[-87.04787,32.62078],[-87.04564,32.62473],[-87.04666,32.63151],[-87.04353,32.64295],[-87.03806,32.65043],[-87.03208,32.664],[-87.03076,32.67455],[-87.03512,32.68128],[-87.03592,32.6865],[-87.03325,32.69584],[-87.02544,32.71315],[-87.02171,32.71775],[-87.01776,32.72953]]]},"properties":{"STATEFP":"01","COUNTYFP":"105","COUSUBFP":"92997","COUSUBNS":"00165920","GEOIDFQ":"0600000US0110592997","GEOID":"0110592997","NAME":"Sprott","NAMELSAD":"Sprott CCD","STUSPS":"AL","NAMELSADCO":"Perry County","STATE_NAME":"Alabama","LSAD":"22","ALAND":681774411,"AWATER":3596673}},
{"type":"Feature","geometry":{"type":"Polygon","coordinates":[[[-86.26844,33.97889],[-86.27442,33.98863],[-86.27783,33.9893],[-86.28217,33.98373],[-86.29001,33.98372],[-86.29615,33.97705],[-86.30796,33.96205],[-86.31362,33.95668],[-86.31889,33.95531],[-86.32621,33.94282],[-86.32562,33.94015],[-86.32762,33.93726],[-86.32229,33.93218],[-86.32785,33.92961],[-86.33546,33.91983],[-86.33994,33.92097],[-86.34623,33.91557],[-86.3495,33.90698],[-86.34802,33.90139],[-86.33934,33.89484],[-86.34269,33.88647],[-86.34811,33.88087],[-86.35677,33.87588],[-86.36601,33.87287],[-86.37026,33.86674],[-86.37721,33.8619],[-86.38087,33.85486],[-86.38214,33.84078],[-86.38641,33.8333],[-86.38713,33.82459],[-86.38308,33.81983],[-86.3742,33.8182],[-86.34068,33.79916],[-86.3323,33.79573],[-86.32536,33.80033],[-86.31183,33.80189],[-86.30365,33.80535],[-86.29808,33.79937],[-86.28845,33.80189],[-86.27485,33.79977],[-86.27305,33.7932],[-86.27978,33.77863],[-86.27326,33.783],[-86.26549,33.7849],[-86.25623,33.7895],[-86.2538,33.78904],[-86.24528,33.79477],[-86.23516,33.79718],[-86.23333,33.80011],[-86.22508,33.80253],[-86.21166,33.81103],[-86.20555,33.81039],[-86.19793,33.81268],[-86.18648,33.82071],[-86.1758,33.8223],[-86.17143,33.8203],[-86.15508,33.82457],[-86.13644,33.83352],[-86.12184,33.835],[-86.11681,33.84044],[-86.1088,33.83466],[-86.09788,33.83438],[-86.07947,33.84291],[-86.06697,33.8392],[-86.06527,33.8422],[-86.05469,33.84584],[-86.05698,33.85778],[-86.06285,33.86321],[-86.07312,33.86578],[-86.08039,33.8623],[-86.09006,33.86286],[-86.09743,33.86142],[-86.1007,33.86887],[-86.10237,33.87688],[-86.10889,33.8812],[-86.11047,33.894],[-86.10821,33.8996],[-86.11247,33.904],[-86.1191,33.90015],[-86.12983,33.90247],[-86.13472,33.89654],[-86.14272,33.89939],[-86.14261,33.90756],[-86.14612,33.91708],[-86.1492,33.92057],[-86.15984,33.92251],[-86.16671,33.9282],[-86.16493,33.9382],[-86.16763,33.94194],[-86.16521,33.9474],[-86.16709,33.95178],[-86.16625,33.95733],[-86.16814,33.96518],[-86.17567,33.96629],[-86.1793,33.97075],[-86.19267,33.97371],[-86.18986,33.97726],[-86.18977,33.98345],[-86.19735,33.98569],[-86.19878,33.98884],[-86.20668,33.98663],[-86.21231,33.98766],[-86.22111,33.98595],[-86.22324,33.98351],[-86.23021,33.98279],[-86.23946,33.97516],[-86.24666,33.97154],[-86.25139,33.96571],[-86.25633,33.9705],[-86.26358,33.97219],[-86.26844,33.97889]]]},"properties":{"STATEFP":"01","COUNTYFP":"115","COUSUBFP":"90135","COUSUBNS":"00165942","GEOIDFQ":"0600000US0111590135","GEOID":"0111590135","NAME":"Ashville","NAMELSAD":"Ashville CCD","STUSPS":"AL","NAMELSADCO":"St. Clair County","STATE_NAME":"Alabama","LSAD":"22","ALAND":379999726,"AWATER":8592964}},
{"type":"Feature","geometry":{"type":"Polygon","coordinates":[[[-86.37866,33.39098],[-86.37498,33.39586],[-86.36441,33.40616],[-86.3478,33.40969],[-86.34402,33.41299],[-86.33708,33.42404],[-86.32932,33.43178],[-86.3231,33.4445],[-86.30847,33.4536],[-86.3041,33.45824],[-86.30307,33.46316],[-86.30057,33.47411],[-86.29476,33.4834],[-86.28732,33.48728],[-86.28784,33.49556],[-86.28634,33.50449],[-86.2809,33.5108],[-86.27408,33.51366],[-86.26658,33.51464],[-86.26294,33.51181],[-86.26279,33.50594],[-86.2656,33.49635],[-86.26192,33.49125],[-86.25662,33.48903],[-86.23533,33.49453],[-86.23037,33.49967],[-86.23119,33.50843],[-86.22658,33.52055],[-86.22107,33.52527],[-86.20695,33.53434],[-86.19589,33.53868],[-86.19049,33.54373],[-86.19267,33.55314],[-86.2086,33.55986],[-86.2126,33.56503],[-86.21143,33.57151],[-86.21297,33.57576],[-86.21981,33.58277],[-86.22098,33.58716],[-86.21548,33.59389],[-86.20905,33.5944],[-86.18665,33.59163],[-86.18369,33.59501],[-86.1858,33.59873],[-86.19549,33.60312],[-86.20038,33.60739],[-86.19878,33.61282],[-86.1926,33.61464],[-86.17911,33.61451],[-86.1721,33.61631],[-86.16948,33.61924],[-86.16461,33.6343],[-86.17138,33.65324],[-86.17244,33.65983],[-86.18094,33.65597],[-86.19472,33.65838],[-86.20372,33.65583],[-86.20959,33.65967],[-86.21368,33.65975],[-86.22166,33.65439],[-86.23198,33.66382],[-86.2356,33.67516],[-86.24214,33.67146],[-86.24913,33.68093],[-86.2459,33.68681],[-86.24734,33.69118],[-86.25235,33.69444],[-86.26131,33.69748],[-86.26202,33.69431],[-86.27041,33.68382],[-86.27931,33.68181],[-86.28101,33.67861],[-86.294,33.67655],[-86.30314,33.66926],[-86.30724,33.65886],[-86.31054,33.65379],[-86.32103,33.64418],[-86.32453,33.63584],[-86.31523,33.61883],[-86.31644,33.60624],[-86.32225,33.59716],[-86.33624,33.58711],[-86.34551,33.57199],[-86.34193,33.56785],[-86.34462,33.5623],[-86.35364,33.55557],[-86.37223,33.54785],[-86.37303,33.54453],[-86.38244,33.53628],[-86.39296,33.53244],[-86.39354,33.52685],[-86.40024,33.52101],[-86.4023,33.51302],[-86.40971,33.50764],[-86.41323,33.5024],[-86.37822,33.50241],[-86.3782,33.44624],[-86.37866,33.39098]]]},"properties":{"STATEFP":"01","COUNTYFP":"115","COUSUBFP":"92511","COUSUBNS":"00165944","GEOIDFQ":"0600000US0111592511","GEOID":"0111592511","NAME":"Pell City","NAMELSAD":"Pell City CCD","STUSPS":"AL","NAMELSADCO":"St. Clair County","STATE_NAME":"Alabama","LSAD":"22","ALAND":292558842,"AWATER":32064840}},
{"type":"Feature","geometry":{"type":"Polygon","coordinates":[[[-86.3323,33.79573],[-86.32696,33.78669],[-86.32921,33.77088],[-86.33261,33.76806],[-86.33297,33.76033],[-86.32728,33.75443],[-86.33775,33.74411],[-86.34462,33.72925],[-86.34035,33.72388],[-86.34392,33.71197],[-86.35106,33.7034],[-86.35517,33.70163],[-86.35578,33.69403],[-86.35172,33.68769],[-86.34893,33.68843],[-86.33742,33.68235],[-86.33002,33.68159],[-86.33624,33.67276],[-86.33075,33.66778],[-86.32732,33.66856],[-86.32542,33.67584],[-86.31635,33.67799],[-86.30629,33.68357],[-86.29982,33.68512],[-86.29167,33.68487],[-86.27931,33.68181],[-86.27041,33.68382],[-86.26202,33.69431],[-86.26131,33.69748],[-86.25235,33.69444],[-86.24734,33.69118],[-86.2459,33.68681],[-86.24913,33.68093],[-86.24214,33.67146],[-86.2356,33.67516],[-86.23198,33.66382],[-86.22166,33.65439],[-86.21368,33.65975],[-86.20959,33.65967],[-86.20372,33.65583],[-86.19472,33.65838],[-86.18094,33.65597],[-86.17244,33.65983],[-86.18087,33.66725],[-86.20079,33.67682],[-86.20545,33.6838],[-86.20498,33.68952],[-86.20057,33.69469],[-86.18662,33.69946],[-86.1806,33.69901],[-86.17613,33.69609],[-86.172,33.68964],[-86.17087,33.67933],[-86.16289,33.67281],[-86.15512,33.67163],[-86.14556,33.6791],[-86.14406,33.68952],[-86.14622,33.70218],[-86.14371,33.70914],[-86.1374,33.71535],[-86.12388,33.71079],[-86.11928,33.71336],[-86.11659,33.7238],[-86.09916,33.73644],[-86.08556,33.74066],[-86.0816,33.74297],[-86.07056,33.75525],[-86.06258,33.7599],[-86.05348,33.76254],[-86.04399,33.7636],[-86.04487,33.7719],[-86.04867,33.7787],[-86.05827,33.78873],[-86.06436,33.79778],[-86.06494,33.80894],[-86.06131,33.81412],[-86.05337,33.8212],[-86.05171,33.82711],[-86.05602,33.83329],[-86.06697,33.8392],[-86.07947,33.84291],[-86.09788,33.83438],[-86.1088,33.83466],[-86.11681,33.84044],[-86.12184,33.835],[-86.13644,33.83352],[-86.15508,33.82457],[-86.17143,33.8203],[-86.1758,33.8223],[-86.18648,33.82071],[-86.19793,33.81268],[-86.20555,33.81039],[-86.21166,33.81103],[-86.22508,33.80253],[-86.23333,33.80011],[-86.23516,33.79718],[-86.24528,33.79477],[-86.2538,33.78904],[-86.25623,33.7895],[-86.26549,33.7849],[-86.27326,33.783],[-86.27978,33.77863],[-86.27305,33.7932],[-86.27485,33.79977],[-86.28845,33.80189],[-86.29808,33.79937],[-86.30365,33.80535],[-86.31183,33.80189],[-86.32536,33.80033],[-86.3323,33.79573]]]},"properties":{"STATEFP":"01","COUNTYFP":"115","COUSUBFP":"92646","COUSUBNS":"00165945","GEOIDFQ":"0600000US0111592646","GEOID":"0111592646","NAME":"Ragland","NAMELSAD":"Ragland CCD","STUSPS":"AL","NAMELSADCO":"St. Clair County","STATE_NAME":"Alabama","LSAD":"22","ALAND":336833062,"AWATER":11665226}},
{"type":"Feature","geometry":{"type":"Polygon","coordinates":[[[-87.10699,34.49916],[-87.10937,34.41581],[-87.11016,34.37775],[-87.11011,34.3138],[-87.09274,34.31232],[-87.0086,34.31173],[-87.00211,34.32256],[-87.00779,34.33276],[-87.00871,34.344],[-87.01111,34.3476],[-87.0106,34.35313],[-87.01388,34.36026],[-87.01949,34.36825],[-87.01922,34.37601],[-87.02496,34.38166],[-87.02876,34.39117],[-87.02729,34.39412],[-87.01427,34.40055],[-87.01145,34.41097],[-86.99933,34.41308],[-86.99548,34.42358],[-86.99858,34.42893],[-86.98737,34.43499],[-86.98044,34.44727],[-86.98998,34.4461],[-86.99117,34.45617],[-86.9823,34.46234],[-86.97294,34.46365],[-86.99008,34.47968],[-86.98193,34.48106],[-86.97787,34.48534],[-86.96873,34.48667],[-86.9664,34.49011],[-86.97141,34.49333],[-86.97059,34.49757],[-86.97624,34.50139],[-86.98302,34.50188],[-86.98768,34.50525],[-86.99058,34.50182],[-87.00997,34.49231],[-87.01331,34.48746],[-87.01677,34.49634],[-87.02745,34.49477],[-87.03611,34.49142],[-87.03924,34.49504],[-87.03659,34.4985],[-87.04083,34.50364],[-87.04621,34.50551],[-87.05199,34.50275],[-87.05939,34.50328],[-87.06425,34.50601],[-87.06586,34.51014],[-87.07416,34.51345],[-87.08018,34.51109],[-87.08993,34.51226],[-87.09202,34.50734],[-87.10142,34.50508],[-87.10699,34.49916]]]},"properties":{"STATEFP":"01","COUNTYFP":"103","COUSUBFP":"90837","COUSUBNS":"00165910","GEOIDFQ":"0600000US0110390837","GEOID":"0110390837","NAME":"Danville","NAMELSAD":"Danville CCD","STUSPS":"AL","NAMELSADCO":"Morgan County","STATE_NAME":"Alabama","LSAD":"22","ALAND":209247850,"AWATER":1520049}},
{"type":"Feature","geometry":{"type":"Polygon","coordinates":[[[-87.3417,33.4705],[-87.34953,33.4654],[-87.35915,33.4542],[-87.37038,33.44681],[-87.38638,33.42678],[-87.38961,33.4196],[-87.39713,33.39664],[-87.41196,33.37987],[-87.41255,33.37511],[-87.40967,33.36492],[-87.41551,33.35415],[-87.41446,33.34174],[-87.41652,33.3325],[-87.41133,33.31869],[-87.4073,33.31262],[-87.39792,33.30866],[-87.39288,33.30325],[-87.39275,33.28922],[-87.39604,33.2862],[-87.41108,33.28399],[-87.4222,33.27872],[-87.42194,33.26222],[-87.42615,33.25644],[-87.43229,33.25348],[-87.44095,33.25469],[-87.45085,33.25378],[-87.46091,33.2531],[-87.4647,33.24668],[-87.45893,33.24504],[-87.45635,33.23713],[-87.46179,33.23751],[-87.46329,33.23005],[-87.46876,33.22928],[-87.46697,33.22157],[-87.45829,33.21935],[-87.46415,33.21371],[-87.45718,33.20755],[-87.4551,33.21403],[-87.44906,33.21321],[-87.44551,33.20815],[-87.42661,33.20394],[-87.42048,33.21155],[-87.4222,33.22211],[-87.41843,33.22335],[-87.40962,33.21739],[-87.40207,33.21537],[-87.39728,33.22631],[-87.38873,33.22991],[-87.37522,33.22675],[-87.37382,33.22106],[-87.3622,33.21772],[-87.36541,33.21328],[-87.35938,33.20832],[-87.35648,33.21288],[-87.34914,33.21101],[-87.34129,33.2048],[-87.33689,33.20977],[-87.33943,33.21499],[-87.32228,33.21435],[-87.31653,33.21289],[-87.31288,33.21858],[-87.3054,33.21732],[-87.30127,33.21206],[-87.29406,33.21023],[-87.29284,33.21487],[-87.28605,33.22462],[-87.27309,33.23127],[-87.264,33.23315],[-87.25923,33.23788],[-87.25091,33.23897],[-87.23925,33.24647],[-87.2364,33.25239],[-87.2395,33.25779],[-87.24673,33.26089],[-87.24968,33.27162],[-87.25284,33.27505],[-87.24816,33.28238],[-87.23871,33.28466],[-87.23463,33.28969],[-87.2303,33.30224],[-87.22614,33.30382],[-87.21387,33.31245],[-87.20031,33.33459],[-87.20002,33.33922],[-87.19484,33.34307],[-87.19741,33.34309],[-87.19758,33.35813],[-87.21492,33.35832],[-87.21483,33.3658],[-87.232,33.36585],[-87.23204,33.39514],[-87.24931,33.39558],[-87.2487,33.41043],[-87.25376,33.41031],[-87.25379,33.41781],[-87.26698,33.41795],[-87.26684,33.4247],[-87.28427,33.42571],[-87.28436,33.44058],[-87.31439,33.44172],[-87.31411,33.45573],[-87.33558,33.45625],[-87.33551,33.47043],[-87.3417,33.4705]]]},"properties":{"STATEFP":"01","COUNTYFP":"125","COUSUBFP":"90423","COUSUBNS":"00165972","GEOIDFQ":"0600000US0112590423","GEOID":"0112590423","NAME":"Brookwood","NAMELSAD":"Brookwood CCD","STUSPS":"AL","NAMELSADCO":"Tuscaloosa County","STATE_NAME":"Alabama","LSAD":"22","ALAND":410575867,"AWATER":10324370}},
{"type":"Feature","geometry":{"type":"Polygon","coordinates":[[[-87.44551,33.20815],[-87.44394,33.1975],[-87.43963,33.19026],[-87.44277,33.18653],[-87.44197,33.1824],[-87.43625,33.17091],[-87.42493,33.15656],[-87.41929,33.15323],[-87.41647,33.14821],[-87.40874,33.14678],[-87.40356,33.14239],[-87.40139,33.1369],[-87.391,33.12761],[-87.38426,33.1278],[-87.37667,33.12338],[-87.37223,33.11465],[-87.3646,33.11303],[-87.3544,33.10644],[-87.34952,33.10667],[-87.3338,33.10143],[-87.3267,33.09395],[-87.31211,33.08805],[-87.31158,33.09393],[-87.28194,33.13306],[-87.22982,33.13124],[-87.19932,33.13066],[-87.19915,33.19655],[-87.15555,33.22983],[-87.1624,33.23427],[-87.18052,33.22238],[-87.19513,33.2146],[-87.20651,33.21214],[-87.20596,33.21744],[-87.21054,33.22569],[-87.21435,33.23737],[-87.21221,33.24416],[-87.22066,33.24959],[-87.23524,33.2453],[-87.23925,33.24647],[-87.25091,33.23897],[-87.25923,33.23788],[-87.264,33.23315],[-87.27309,33.23127],[-87.28605,33.22462],[-87.29284,33.21487],[-87.29406,33.21023],[-87.30127,33.21206],[-87.3054,33.21732],[-87.31288,33.21858],[-87.31653,33.21289],[-87.32228,33.21435],[-87.33943,33.21499],[-87.33689,33.20977],[-87.34129,33.2048],[-87.34914,33.21101],[-87.35648,33.21288],[-87.35938,33.20832],[-87.36541,33.21328],[-87.3622,33.21772],[-87.37382,33.22106],[-87.37522,33.22675],[-87.38873,33.22991],[-87.39728,33.22631],[-87.40207,33.21537],[-87.40962,33.21739],[-87.41843,33.22335],[-87.4222,33.22211],[-87.42048,33.21155],[-87.42661,33.20394],[-87.44551,33.20815]]]},"properties":{"STATEFP":"01","COUNTYFP":"125","COUSUBFP":"90666","COUSUBNS":"00165973","GEOIDFQ":"0600000US0112590666","GEOID":"0112590666","NAME":"Coaling-Vance","NAMELSAD":"Coaling-Vance CCD","STUSPS":"AL","NAMELSADCO":"Tuscaloosa County","STATE_NAME":"Alabama","LSAD":"22","ALAND":247846604,"AWATER":1626391}},
{"type":"Feature","geometry":{"type":"Polygon","coordinates":[[[-87.84068,33.52484],[-87.84066,33.51154],[-87.83878,33.442],[-87.83821,33.37034],[-87.83836,33.32836],[-87.83789,33.24888],[-87.83752,33.15364],[-87.82917,33.15416],[-87.82858,33.15849],[-87.82398,33.16237],[-87.82409,33.16745],[-87.82025,33.16832],[-87.82039,33.17586],[-87.81112,33.18406],[-87.8084,33.18857],[-87.81066,33.19499],[-87.80642,33.20127],[-87.79721,33.20448],[-87.79218,33.2162],[-87.78831,33.21639],[-87.78284,33.22388],[-87.78171,33.22988],[-87.77402,33.23851],[-87.77953,33.24442],[-87.77985,33.248],[-87.77336,33.25397],[-87.77796,33.25987],[-87.77461,33.26294],[-87.76673,33.26277],[-87.76002,33.26598],[-87.75999,33.26891],[-87.75432,33.27335],[-87.74968,33.27728],[-87.75622,33.28192],[-87.75528,33.28739],[-87.75697,33.29694],[-87.75929,33.29804],[-87.75825,33.30691],[-87.76097,33.31361],[-87.75993,33.32408],[-87.75685,33.32586],[-87.76177,33.332],[-87.75834,33.33752],[-87.76093,33.34151],[-87.75216,33.34806],[-87.75047,33.35438],[-87.75308,33.35743],[-87.75319,33.36799],[-87.76036,33.37455],[-87.76492,33.37512],[-87.77024,33.37895],[-87.77117,33.38541],[-87.76865,33.39215],[-87.77594,33.39753],[-87.77845,33.40221],[-87.77607,33.41121],[-87.77612,33.41911],[-87.77194,33.43162],[-87.77549,33.43863],[-87.76419,33.44674],[-87.76996,33.44841],[-87.77092,33.45391],[-87.77753,33.45703],[-87.78092,33.46759],[-87.77441,33.47538],[-87.777,33.4785],[-87.77353,33.48528],[-87.77768,33.4886],[-87.77514,33.49833],[-87.76881,33.51089],[-87.77604,33.52187],[-87.80209,33.52329],[-87.84068,33.52484]]]},"properties":{"STATEFP":"01","COUNTYFP":"125","COUSUBFP":"90981","COUSUBNS":"00165975","GEOIDFQ":"0600000US0112590981","GEOID":"0112590981","NAME":"Elrod-Moores Bridge-Echola","NAMELSAD":"Elrod-Moores Bridge-Echola CCD","STUSPS":"AL","NAMELSADCO":"Tuscaloosa County","STATE_NAME":"Alabama","LSAD":"22","ALAND":235493928,"AWATER":2346182}},
{"type":"Feature","geometry":{"type":"Polygon","coordinates":[[[-87.76177,33.332],[-87.74898,33.33778],[-87.73979,33.33599],[-87.73571,33.32993],[-87.71912,33.31934],[-87.71685,33.32934],[-87.71195,33.33029],[-87.70834,33.33796],[-87.71166,33.3535],[-87.7084,33.35573],[-87.70254,33.36534],[-87.69656,33.37062],[-87.68884,33.37232],[-87.68491,33.37565],[-87.6762,33.3748],[-87.66558,33.37104],[-87.65261,33.37175],[-87.64986,33.36421],[-87.63816,33.36132],[-87.63732,33.3552],[-87.61946,33.34588],[-87.61637,33.3483],[-87.61013,33.34736],[-87.61299,33.36166],[-87.60902,33.38808],[-87.6069,33.39019],[-87.59725,33.38138],[-87.58926,33.38036],[-87.58231,33.38296],[-87.57586,33.38767],[-87.57146,33.39415],[-87.58007,33.39587],[-87.57933,33.40015],[-87.58823,33.40413],[-87.58426,33.40905],[-87.58996,33.41559],[-87.59044,33.42307],[-87.59633,33.42172],[-87.60019,33.42683],[-87.59464,33.4323],[-87.58411,33.42992],[-87.5806,33.43282],[-87.57151,33.43228],[-87.57067,33.43967],[-87.56395,33.43833],[-87.56108,33.44172],[-87.56547,33.44498],[-87.57527,33.44168],[-87.57006,33.45038],[-87.57011,33.45356],[-87.57793,33.45476],[-87.58358,33.45853],[-87.57692,33.46653],[-87.58097,33.47015],[-87.58665,33.46888],[-87.59573,33.47463],[-87.59649,33.48175],[-87.59011,33.48862],[-87.58264,33.49234],[-87.58147,33.50525],[-87.57683,33.50943],[-87.57026,33.50067],[-87.56627,33.50744],[-87.57756,33.51306],[-87.57404,33.51898],[-87.57615,33.52417],[-87.58141,33.52706],[-87.58852,33.53847],[-87.58511,33.54271],[-87.59269,33.54639],[-87.59482,33.55503],[-87.59267,33.56177],[-87.58861,33.56283],[-87.58723,33.56799],[-87.57854,33.57214],[-87.57683,33.58359],[-87.56204,33.59024],[-87.56101,33.59735],[-87.55275,33.6004],[-87.54818,33.606],[-87.58463,33.60717],[-87.63172,33.60983],[-87.63161,33.58067],[-87.66663,33.57981],[-87.66666,33.52167],[-87.73818,33.51967],[-87.77604,33.52187],[-87.76881,33.51089],[-87.77514,33.49833],[-87.77768,33.4886],[-87.77353,33.48528],[-87.777,33.4785],[-87.77441,33.47538],[-87.78092,33.46759],[-87.77753,33.45703],[-87.77092,33.45391],[-87.76996,33.44841],[-87.76419,33.44674],[-87.77549,33.43863],[-87.77194,33.43162],[-87.77612,33.41911],[-87.77607,33.41121],[-87.77845,33.40221],[-87.77594,33.39753],[-87.76865,33.39215],[-87.77117,33.38541],[-87.77024,33.37895],[-87.76492,33.37512],[-87.76036,33.37455],[-87.75319,33.36799],[-87.75308,33.35743],[-87.75047,33.35438],[-87.75216,33.34806],[-87.76093,33.34151],[-87.75834,33.33752],[-87.76177,33.332]]]},"properties":{"STATEFP":"01","COUNTYFP":"125","COUSUBFP":"92826","COUSUBNS":"00165977","GEOIDFQ":"0600000US0112592826","GEOID":"0112592826","NAME":"Samantha","NAMELSAD":"Samantha CCD","STUSPS":"AL","NAMELSADCO":"Tuscaloosa County","STATE_NAME":"Alabama","LSAD":"22","ALAND":382067828,"AWATER":5051099}},
{"type":"Feature","geometry":{"type":"Polygon","coordinates":[[[-87.45085,33.25378],[-87.45631,33.2596],[-87.4609,33.25814],[-87.46227,33.26468],[-87.46702,33.26316],[-87.47429,33.26847],[-87.48411,33.2806],[-87.48185,33.28773],[-87.48336,33.29863],[-87.47369,33.30943],[-87.47457,33.31392],[-87.47239,33.32282],[-87.46855,33.32527],[-87.4739,33.33194],[-87.47429,33.33584],[-87.48146,33.33863],[-87.48415,33.33469],[-87.49108,33.33512],[-87.49744,33.33834],[-87.5005,33.33382],[-87.50638,33.33255],[-87.5018,33.32305],[-87.50628,33.31933],[-87.52108,33.31269],[-87.52613,33.3142],[-87.52923,33.30928],[-87.53616,33.30931],[-87.53464,33.31618],[-87.53626,33.32463],[-87.5349,33.329],[-87.53837,33.33508],[-87.54547,33.33154],[-87.5488,33.33554],[-87.55925,33.33474],[-87.56031,33.34123],[-87.55371,33.3439],[-87.55095,33.34715],[-87.55241,33.35348],[-87.55903,33.35035],[-87.56464,33.35611],[-87.57021,33.35486],[-87.57782,33.34715],[-87.58444,33.34589],[-87.58927,33.35328],[-87.59584,33.35031],[-87.60202,33.35005],[-87.60434,33.3563],[-87.59972,33.36181],[-87.58847,33.36727],[-87.58834,33.36907],[-87.59932,33.379],[-87.59725,33.38138],[-87.6069,33.39019],[-87.60902,33.38808],[-87.61299,33.36166],[-87.61013,33.34736],[-87.6,33.34019],[-87.59598,33.33219],[-87.58894,33.33264],[-87.57455,33.32367],[-87.57357,33.31644],[-87.56922,33.30902],[-87.56802,33.29702],[-87.5702,33.28965],[-87.56355,33.2883],[-87.55177,33.28016],[-87.55085,33.27605],[-87.5448,33.27081],[-87.54222,33.2639],[-87.54319,33.25848],[-87.54885,33.24505],[-87.5516,33.24235],[-87.55194,33.23606],[-87.56451,33.23303],[-87.5636,33.22879],[-87.56467,33.21733],[-87.5998,33.20685],[-87.61763,33.20213],[-87.63246,33.19713],[-87.64663,33.19996],[-87.65407,33.20418],[-87.66033,33.20161],[-87.6604,33.18824],[-87.66324,33.18727],[-87.67179,33.19],[-87.6776,33.19435],[-87.68192,33.19006],[-87.67624,33.18605],[-87.67574,33.18169],[-87.67087,33.17443],[-87.67862,33.17112],[-87.6825,33.17722],[-87.69517,33.18401],[-87.69129,33.17047],[-87.69343,33.16647],[-87.7007,33.1624],[-87.70256,33.15761],[-87.69248,33.15709],[-87.69006,33.15462],[-87.69139,33.14768],[-87.68546,33.13625],[-87.67995,33.13294],[-87.67357,33.12494],[-87.66042,33.11778],[-87.6456,33.11408],[-87.63998,33.11776],[-87.64072,33.1242],[-87.63839,33.12752],[-87.63256,33.12686],[-87.62746,33.12046],[-87.62178,33.11986],[-87.61391,33.12444],[-87.60702,33.12202],[-87.60708,33.11436],[-87.61719,33.10205],[-87.61874,33.08907],[-87.61563,33.08108],[-87.60456,33.08283],[-87.59278,33.08734],[-87.58897,33.08561],[-87.58459,33.08947],[-87.57866,33.09148],[-87.57515,33.09847],[-87.56355,33.09916],[-87.55814,33.10379],[-87.55465,33.10965],[-87.54365,33.11126],[-87.53915,33.11482],[-87.52609,33.11669],[-87.51818,33.11319],[-87.5056,33.11778],[-87.5044,33.12171],[-87.49902,33.122],[-87.4919,33.11883],[-87.48612,33.11992],[-87.4821,33.12401],[-87.48325,33.1283],[-87.47352,33.13974],[-87.46957,33.14128],[-87.45924,33.13521],[-87.44799,33.13835],[-87.44352,33.144],[-87.42427,33.14385],[-87.41647,33.14821],[-87.41929,33.15323],[-87.42493,33.15656],[-87.43625,33.17091],[-87.44197,33.1824],[-87.44277,33.18653],[-87.43963,33.19026],[-87.44394,33.1975],[-87.44551,33.20815],[-87.44906,33.21321],[-87.4551,33.21403],[-87.45718,33.20755],[-87.46415,33.21371],[-87.45829,33.21935],[-87.46697,33.22157],[-87.46876,33.22928],[-87.46329,33.23005],[-87.46179,33.23751],[-87.45635,33.23713],[-87.45893,33.24504],[-87.4647,33.24668],[-87.46091,33.2531],[-87.45085,33.25378]]]},"properties":{"STATEFP":"01","COUNTYFP":"125","COUSUBFP":"93222","COUSUBNS":"00161624","GEOIDFQ":"0600000US0112593222","GEOID":"0112593222","NAME":"Tuscaloosa","NAMELSAD":"Tuscaloosa CCD","STUSPS":"AL","NAMELSADCO":"Tuscaloosa County","STATE_NAME":"Alabama","LSAD":"22","ALAND":340238823,"AWATER":18509051}},
{"type":"Feature","geometry":{"type":"Polygon","coordinates":[[[-87.78252,32.13727],[-87.77246,32.14077],[-87.76285,32.13878],[-87.75724,32.14056],[-87.75088,32.13677],[-87.74989,32.13184],[-87.74527,32.12818],[-87.73681,32.12804],[-87.72588,32.1244],[-87.71431,32.12631],[-87.70591,32.1244],[-87.69507,32.1197],[-87.68835,32.12053],[-87.67835,32.11963],[-87.68254,32.13657],[-87.6864,32.15724],[-87.68847,32.18174],[-87.6954,32.20195],[-87.70211,32.21221],[-87.71685,32.22115],[-87.71116,32.22957],[-87.70792,32.23688],[-87.69693,32.24427],[-87.6888,32.26285],[-87.68905,32.28628],[-87.69129,32.28856],[-87.71041,32.292],[-87.72368,32.2996],[-87.72006,32.30725],[-87.71252,32.30967],[-87.70383,32.31435],[-87.70663,32.31907],[-87.71295,32.32079],[-87.7131,32.32463],[-87.702,32.32656],[-87.69773,32.33211],[-87.69377,32.33321],[-87.6928,32.34456],[-87.68228,32.35006],[-87.66042,32.3555],[-87.65349,32.36827],[-87.65598,32.38722],[-87.66451,32.39919],[-87.66439,32.41724],[-87.66211,32.42733],[-87.66207,32.43749],[-87.70073,32.43753],[-87.71321,32.44472],[-87.72207,32.44441],[-87.77098,32.44462],[-87.77487,32.44142],[-87.7713,32.43353],[-87.77813,32.41909],[-87.77993,32.42608],[-87.78448,32.43538],[-87.79553,32.43658],[-87.80564,32.442],[-87.81319,32.44067],[-87.82172,32.43352],[-87.82753,32.39566],[-87.83157,32.38432],[-87.84639,32.36162],[-87.84501,32.3528],[-87.84899,32.34822],[-87.84338,32.34037],[-87.83559,32.33595],[-87.83378,32.33149],[-87.84004,32.33034],[-87.844,32.33286],[-87.85488,32.32786],[-87.85863,32.32383],[-87.86189,32.31494],[-87.86013,32.30857],[-87.86935,32.30593],[-87.87229,32.2966],[-87.87887,32.29775],[-87.8875,32.29365],[-87.89055,32.28923],[-87.89913,32.28914],[-87.90053,32.28573],[-87.90833,32.29112],[-87.91167,32.28956],[-87.92494,32.29378],[-87.9297,32.29252],[-87.9287,32.28552],[-87.93355,32.28237],[-87.94464,32.28295],[-87.94469,32.28681],[-87.9382,32.29372],[-87.93676,32.30166],[-87.94169,32.30511],[-87.94835,32.30409],[-87.95744,32.29812],[-87.96789,32.29825],[-87.97567,32.30785],[-87.98174,32.30541],[-87.98836,32.29618],[-87.99139,32.29462],[-88.00002,32.29716],[-88.00732,32.2932],[-88.00422,32.28369],[-88.00682,32.28229],[-88.01598,32.28575],[-88.01914,32.28524],[-88.02012,32.27177],[-88.01851,32.26894],[-88.00945,32.2617],[-88.00866,32.24911],[-88.01494,32.23992],[-88.01505,32.23494],[-88.0099,32.22645],[-88.00752,32.21932],[-88.00843,32.21334],[-88.01271,32.20158],[-88.00812,32.19182],[-88.00708,32.18531],[-88.01109,32.16996],[-88.0008,32.17119],[-87.98812,32.17402],[-87.97789,32.17384],[-87.97236,32.17871],[-87.96464,32.17774],[-87.95982,32.17907],[-87.9463,32.18716],[-87.93694,32.18422],[-87.93297,32.18038],[-87.91937,32.18805],[-87.91451,32.19244],[-87.90114,32.20072],[-87.89787,32.19602],[-87.89028,32.19554],[-87.88901,32.19036],[-87.88152,32.19099],[-87.87546,32.18377],[-87.87079,32.18522],[-87.86065,32.18007],[-87.85656,32.17455],[-87.845,32.17263],[-87.84397,32.17047],[-87.83169,32.16883],[-87.82635,32.16287],[-87.82601,32.15655],[-87.81254,32.15645],[-87.8032,32.15737],[-87.8038,32.15158],[-87.81325,32.139],[-87.80586,32.13615],[-87.79931,32.13849],[-87.78252,32.13727]]]},"properties":{"STATEFP":"01","COUNTYFP":"091","COUSUBFP":"91890","COUSUBNS":"00161619","GEOIDFQ":"0600000US0109191890","GEOID":"0109191890","NAME":"Linden","NAMELSAD":"Linden CCD","STUSPS":"AL","NAMELSADCO":"Marengo County","STATE_NAME":"Alabama","LSAD":"22","ALAND":684606731,"AWATER":3497278}},
{"type":"Feature","geometry":{"type":"Polygon","coordinates":[[[-86.67208,33.30238],[-86.66351,33.29546],[-86.65829,33.2864],[-86.65209,33.28166],[-86.63696,33.27482],[-86.63147,33.27125],[-86.62122,33.26736],[-86.61644,33.28612],[-86.60215,33.27834],[-86.59637,33.28331],[-86.59752,33.29274],[-86.59065,33.29573],[-86.5787,33.2974],[-86.57664,33.30139],[-86.56889,33.30079],[-86.55984,33.3063],[-86.55214,33.30655],[-86.55305,33.3149],[-86.55111,33.32616],[-86.54718,33.33527],[-86.54259,33.34287],[-86.53719,33.34631],[-86.53484,33.35552],[-86.53466,33.36205],[-86.53055,33.37398],[-86.52507,33.37905],[-86.51862,33.3881],[-86.50969,33.39388],[-86.50483,33.40039],[-86.49673,33.40708],[-86.48576,33.4241],[-86.47558,33.42356],[-86.46796,33.43322],[-86.46404,33.43265],[-86.45891,33.4275],[-86.44108,33.4394],[-86.44082,33.44306],[-86.43592,33.44812],[-86.42765,33.44511],[-86.42038,33.45261],[-86.41024,33.46004],[-86.40387,33.46136],[-86.39711,33.45517],[-86.39625,33.45],[-86.39224,33.44669],[-86.38707,33.44753],[-86.3782,33.44624],[-86.37822,33.50241],[-86.41323,33.5024],[-86.48194,33.50254],[-86.48155,33.54607],[-86.51678,33.54602],[-86.5172,33.52414],[-86.54313,33.52458],[-86.54334,33.51729],[-86.56062,33.51751],[-86.56072,33.51063],[-86.56949,33.5106],[-86.56962,33.50335],[-86.57786,33.49612],[-86.58701,33.49607],[-86.58705,33.48157],[-86.59581,33.48148],[-86.59576,33.47433],[-86.60458,33.47418],[-86.60463,33.46713],[-86.67442,33.46652],[-86.67445,33.45174],[-86.69202,33.45196],[-86.6921,33.44462],[-86.69634,33.44112],[-86.70064,33.44112],[-86.70036,33.43063],[-86.71061,33.43057],[-86.70118,33.42326],[-86.68752,33.41811],[-86.67425,33.41929],[-86.6681,33.41742],[-86.66503,33.41327],[-86.66332,33.40139],[-86.66835,33.38584],[-86.66537,33.37349],[-86.6549,33.35917],[-86.65094,33.35598],[-86.65506,33.35125],[-86.66,33.35141],[-86.66638,33.34461],[-86.6959,33.3282],[-86.70592,33.32562],[-86.70788,33.3232],[-86.70529,33.31519],[-86.70229,33.31296],[-86.69137,33.31328],[-86.69235,33.30838],[-86.68775,33.30557],[-86.67456,33.311],[-86.67208,33.30238]]]},"properties":{"STATEFP":"01","COUNTYFP":"117","COUSUBFP":"90558","COUSUBNS":"00165949","GEOIDFQ":"0600000US0111790558","GEOID":"0111790558","NAME":"Chelsea","NAMELSAD":"Chelsea CCD","STUSPS":"AL","NAMELSADCO":"Shelby County","STATE_NAME":"Alabama","LSAD":"22","ALAND":407474681,"AWATER":13408120}},
{"type":"Feature","geometry":{"type":"Polygon","coordinates":[[[-87.2184,31.82939],[-87.22828,31.83142],[-87.30519,31.83117],[-87.50093,31.82925],[-87.50095,31.81402],[-87.51836,31.81439],[-87.51705,31.7534],[-87.51613,31.69782],[-87.56684,31.69712],[-87.56642,31.65998],[-87.55606,31.64573],[-87.55267,31.63863],[-87.55177,31.61599],[-87.54948,31.60235],[-87.54254,31.59248],[-87.53088,31.58539],[-87.51369,31.57136],[-87.51396,31.56],[-87.50913,31.55741],[-87.50749,31.56431],[-87.50083,31.56642],[-87.49551,31.5628],[-87.47749,31.5607],[-87.47239,31.55768],[-87.46479,31.55839],[-87.45922,31.55555],[-87.45419,31.55981],[-87.44613,31.55979],[-87.44004,31.55638],[-87.42366,31.567],[-87.41227,31.56497],[-87.4077,31.56854],[-87.39672,31.56906],[-87.39314,31.56622],[-87.37926,31.5636],[-87.38718,31.5692],[-87.3928,31.56869],[-87.39768,31.57338],[-87.404,31.57385],[-87.40779,31.58099],[-87.41036,31.59443],[-87.39892,31.5964],[-87.40979,31.60335],[-87.40471,31.61584],[-87.3963,31.61666],[-87.39159,31.62266],[-87.38121,31.6274],[-87.37414,31.63435],[-87.37775,31.64256],[-87.37282,31.6445],[-87.36936,31.65475],[-87.36417,31.65891],[-87.36286,31.66534],[-87.35459,31.6769],[-87.3511,31.679],[-87.34698,31.68689],[-87.33151,31.68648],[-87.32567,31.69096],[-87.32195,31.68949],[-87.30991,31.68911],[-87.30737,31.69324],[-87.30775,31.69934],[-87.30332,31.7065],[-87.29955,31.70883],[-87.29895,31.7136],[-87.295,31.71841],[-87.2959,31.72607],[-87.2931,31.73058],[-87.29407,31.74055],[-87.29216,31.74247],[-87.2961,31.75017],[-87.29601,31.75596],[-87.28553,31.75861],[-87.28022,31.75492],[-87.27494,31.75636],[-87.27355,31.75244],[-87.26333,31.7528],[-87.26054,31.75635],[-87.25085,31.7594],[-87.2458,31.76639],[-87.23716,31.76712],[-87.23454,31.77265],[-87.22495,31.77654],[-87.22019,31.78513],[-87.20991,31.78721],[-87.20667,31.79546],[-87.2071,31.80582],[-87.20359,31.8096],[-87.20941,31.82419],[-87.2184,31.82939]]]},"properties":{"STATEFP":"01","COUNTYFP":"099","COUSUBFP":"93339","COUSUBNS":"00165903","GEOIDFQ":"0600000US0109993339","GEOID":"0109993339","NAME":"Vredenburgh","NAMELSAD":"Vredenburgh CCD","STUSPS":"AL","NAMELSADCO":"Monroe County","STATE_NAME":"Alabama","LSAD":"22","ALAND":599497947,"AWATER":9868960}},
{"type":"Feature","geometry":{"type":"Polygon","coordinates":[[[-87.83752,33.15364],[-87.83789,33.24888],[-87.84899,33.24512],[-87.85871,33.25582],[-87.85853,33.25779],[-87.87382,33.26397],[-87.87664,33.27065],[-87.88535,33.27068],[-87.89393,33.27714],[-87.90603,33.2774],[-87.91135,33.28265],[-87.91793,33.2933],[-87.92098,33.29247],[-87.9517,33.28925],[-87.94935,33.30391],[-87.96489,33.30553],[-87.97137,33.30426],[-87.97605,33.30601],[-87.9907,33.30642],[-87.99847,33.30521],[-88.00916,33.30732],[-88.00804,33.29653],[-88.00907,33.27476],[-88.01954,33.26337],[-88.03003,33.26309],[-88.03305,33.25735],[-88.0329,33.25304],[-88.03714,33.24986],[-88.03504,33.23936],[-88.03821,33.23585],[-88.0435,33.23583],[-88.05026,33.23005],[-88.05424,33.22134],[-88.05017,33.21973],[-88.04547,33.21042],[-88.05634,33.20658],[-88.06689,33.20152],[-88.08668,33.19639],[-88.09245,33.19354],[-88.1043,33.19287],[-88.10925,33.19395],[-88.11768,33.19277],[-88.12123,33.19624],[-88.13397,33.20114],[-88.1432,33.201],[-88.15092,33.20483],[-88.15612,33.21483],[-88.16163,33.21861],[-88.1725,33.22161],[-88.17445,33.21818],[-88.17388,33.20342],[-88.1797,33.19188],[-88.17961,33.18341],[-88.16876,33.17359],[-88.17292,33.14935],[-88.18156,33.15657],[-88.19767,33.17226],[-88.20284,33.17501],[-88.21774,33.17948],[-88.22426,33.18394],[-88.23321,33.19679],[-88.23878,33.20201],[-88.26299,33.21782],[-88.26556,33.22123],[-88.27601,33.21963],[-88.26487,33.24953],[-88.26633,33.25637],[-88.27686,33.26476],[-88.28414,33.2811],[-88.28815,33.29844],[-88.2943,33.31099],[-88.3005,33.32084],[-88.31253,33.22092],[-88.31523,33.20332],[-88.31713,33.18412],[-88.33093,33.07312],[-88.34043,32.9912],[-88.28878,32.99292],[-88.17185,32.99586],[-88.17197,33.00349],[-88.16741,33.01254],[-88.16286,33.01575],[-88.16354,33.01914],[-88.15495,33.01959],[-88.1426,33.02584],[-88.15021,33.03533],[-88.14281,33.04055],[-88.1377,33.0405],[-88.13558,33.03656],[-88.12891,33.03676],[-88.12671,33.04025],[-88.11521,33.0418],[-88.10615,33.03604],[-88.09399,33.03604],[-88.09162,33.03886],[-88.08607,33.03625],[-88.08004,33.0382],[-88.0805,33.04218],[-88.07359,33.04452],[-88.08023,33.04935],[-88.07778,33.0527],[-88.06451,33.04812],[-88.05705,33.03971],[-88.04133,33.03801],[-88.04147,33.04117],[-88.03138,33.04254],[-88.03937,33.05364],[-88.03578,33.05785],[-88.03091,33.05842],[-88.02672,33.06433],[-88.01317,33.06737],[-88.01139,33.07129],[-88.00478,33.07346],[-87.98952,33.07314],[-87.98598,33.07821],[-87.96835,33.07824],[-87.96049,33.08818],[-87.95434,33.09155],[-87.95064,33.09838],[-87.95034,33.10344],[-87.94691,33.10814],[-87.94098,33.10999],[-87.93951,33.11327],[-87.92867,33.11668],[-87.92094,33.12113],[-87.91247,33.12362],[-87.90501,33.12284],[-87.90245,33.12814],[-87.89006,33.12996],[-87.8848,33.13205],[-87.87679,33.13919],[-87.86749,33.14029],[-87.86164,33.1441],[-87.85671,33.14016],[-87.84764,33.14715],[-87.83994,33.15008],[-87.83752,33.15364]]]},"properties":{"STATEFP":"01","COUNTYFP":"107","COUSUBFP":"90072","COUSUBNS":"01935003","GEOIDFQ":"0600000US0110790072","GEOID":"0110790072","NAME":"Aliceville","NAMELSAD":"Aliceville CCD","STUSPS":"AL","NAMELSADCO":"Pickens County","STATE_NAME":"Alabama","LSAD":"22","ALAND":936657095,"AWATER":19821263}},
{"type":"Feature","geometry":{"type":"Polygon","coordinates":[[[-88.11475,32.70169],[-88.10334,32.70184],[-88.09668,32.70361],[-88.08538,32.70905],[-88.08149,32.72056],[-88.08958,32.73129],[-88.10143,32.73926],[-88.10679,32.75013],[-88.10655,32.75782],[-88.10963,32.77099],[-88.10298,32.77943],[-88.09781,32.78011],[-88.08762,32.7777],[-88.07934,32.77295],[-88.07588,32.77451],[-88.07107,32.78188],[-88.06699,32.78449],[-88.06447,32.79219],[-88.07324,32.80456],[-88.07918,32.80449],[-88.09869,32.79588],[-88.10541,32.79841],[-88.11085,32.80714],[-88.11776,32.81198],[-88.12248,32.81755],[-88.12502,32.82391],[-88.13268,32.83285],[-88.1374,32.8342],[-88.14457,32.83093],[-88.14728,32.82487],[-88.15712,32.82521],[-88.16126,32.82992],[-88.17076,32.82733],[-88.17834,32.82854],[-88.18388,32.82539],[-88.18266,32.81944],[-88.18841,32.81483],[-88.19465,32.81541],[-88.18998,32.82404],[-88.19174,32.82673],[-88.20041,32.82963],[-88.20737,32.82726],[-88.21537,32.82933],[-88.22228,32.83427],[-88.24501,32.81904],[-88.25121,32.81877],[-88.2596,32.82347],[-88.26521,32.82059],[-88.26786,32.82368],[-88.2754,32.82545],[-88.27876,32.82098],[-88.28518,32.82261],[-88.29536,32.82192],[-88.30535,32.81696],[-88.30846,32.81233],[-88.30878,32.80677],[-88.3131,32.80638],[-88.3196,32.7988],[-88.32905,32.79661],[-88.33933,32.79001],[-88.3431,32.78257],[-88.35012,32.77546],[-88.35636,32.7715],[-88.35874,32.76357],[-88.36569,32.75597],[-88.36819,32.74914],[-88.36906,32.74258],[-88.3487,32.74257],[-88.35578,32.73548],[-88.35214,32.73085],[-88.34326,32.72835],[-88.31922,32.72861],[-88.3077,32.72733],[-88.29809,32.72753],[-88.29351,32.7291],[-88.27905,32.72927],[-88.27816,32.73933],[-88.26302,32.74984],[-88.25196,32.75475],[-88.24942,32.75191],[-88.23188,32.74535],[-88.22434,32.74764],[-88.21732,32.74572],[-88.21258,32.7495],[-88.20458,32.74957],[-88.19295,32.74614],[-88.18604,32.74185],[-88.18021,32.74277],[-88.1776,32.74648],[-88.16901,32.74531],[-88.1537,32.74091],[-88.14903,32.74231],[-88.14281,32.73702],[-88.1374,32.73488],[-88.12921,32.74031],[-88.11926,32.7401],[-88.10816,32.73333],[-88.10414,32.72591],[-88.1061,32.71783],[-88.10387,32.71256],[-88.10954,32.70984],[-88.11475,32.70169]]]},"properties":{"STATEFP":"01","COUNTYFP":"119","COUSUBFP":"91287","COUSUBNS":"00165956","GEOIDFQ":"0600000US0111991287","GEOID":"0111991287","NAME":"Gainesville","NAMELSAD":"Gainesville CCD","STUSPS":"AL","NAMELSADCO":"Sumter County","STATE_NAME":"Alabama","LSAD":"22","ALAND":216581510,"AWATER":4208570}},
{"type":"Feature","geometry":{"type":"Polygon","coordinates":[[[-87.09184,33.89009],[-87.10168,33.88668],[-87.09998,33.8819],[-87.08388,33.86553],[-87.08152,33.86413],[-87.07082,33.87059],[-87.06712,33.86723],[-87.07597,33.85719],[-87.07772,33.85238],[-87.07624,33.84732],[-87.06244,33.83956],[-87.06335,33.83428],[-87.07066,33.82463],[-87.06934,33.8198],[-87.05685,33.8154],[-87.05251,33.81623],[-87.04714,33.80661],[-87.03994,33.80595],[-87.03268,33.80091],[-87.01704,33.80008],[-87.00602,33.79272],[-87.00133,33.7925],[-86.98695,33.7868],[-86.97093,33.78646],[-86.97124,33.80121],[-86.95577,33.80083],[-86.95373,33.80078],[-86.95366,33.8153],[-86.9543,33.84486],[-86.96296,33.84487],[-86.96336,33.85822],[-86.97467,33.86048],[-86.9794,33.8592],[-86.99215,33.85964],[-86.99628,33.86842],[-87.00144,33.87001],[-87.00671,33.8666],[-87.00708,33.88893],[-87.09184,33.89009]]]},"properties":{"STATEFP":"01","COUNTYFP":"127","COUSUBFP":"90990","COUSUBNS":"00165982","GEOIDFQ":"0600000US0112790990","GEOID":"0112790990","NAME":"Empire","NAMELSAD":"Empire CCD","STUSPS":"AL","NAMELSADCO":"Walker County","STATE_NAME":"Alabama","LSAD":"22","ALAND":94844768,"AWATER":1009540}},
{"type":"Feature","geometry":{"type":"Polygon","coordinates":[[[-87.36797,33.80227],[-87.36456,33.79404],[-87.34986,33.79411],[-87.35774,33.78543],[-87.35664,33.77748],[-87.36133,33.77498],[-87.35971,33.76531],[-87.34722,33.77013],[-87.34377,33.76885],[-87.34222,33.76306],[-87.33452,33.75313],[-87.33035,33.7432],[-87.32728,33.74157],[-87.32453,33.74562],[-87.32216,33.75458],[-87.32492,33.7582],[-87.31707,33.7634],[-87.31135,33.76946],[-87.30747,33.77777],[-87.30203,33.7759],[-87.28745,33.77624],[-87.28456,33.77824],[-87.28103,33.78816],[-87.28129,33.79161],[-87.27465,33.79606],[-87.27519,33.7982],[-87.26306,33.79946],[-87.25942,33.79565],[-87.25986,33.79094],[-87.2527,33.78572],[-87.24374,33.78294],[-87.23393,33.7864],[-87.2304,33.78966],[-87.22377,33.78762],[-87.22141,33.79063],[-87.2086,33.78451],[-87.20492,33.78676],[-87.19085,33.7854],[-87.17923,33.78932],[-87.17529,33.78707],[-87.16464,33.78952],[-87.15688,33.78663],[-87.15607,33.79065],[-87.15044,33.79066],[-87.14323,33.79527],[-87.1406,33.80706],[-87.13567,33.81373],[-87.14595,33.81337],[-87.14972,33.81972],[-87.15081,33.82815],[-87.15675,33.8408],[-87.14993,33.84863],[-87.15581,33.85305],[-87.15947,33.84745],[-87.16521,33.84835],[-87.16098,33.8554],[-87.16107,33.85885],[-87.15543,33.86882],[-87.15182,33.87191],[-87.15522,33.87703],[-87.15523,33.88255],[-87.15789,33.88552],[-87.16731,33.88557],[-87.18039,33.88182],[-87.18174,33.875],[-87.17367,33.87359],[-87.1784,33.86798],[-87.19212,33.87631],[-87.19729,33.88131],[-87.19941,33.88731],[-87.19714,33.89222],[-87.2029,33.89619],[-87.21045,33.89593],[-87.22062,33.89925],[-87.22067,33.90326],[-87.22762,33.9036],[-87.23458,33.90592],[-87.24271,33.90382],[-87.24966,33.8966],[-87.25418,33.89545],[-87.25608,33.90076],[-87.25483,33.90549],[-87.26197,33.91472],[-87.26623,33.9122],[-87.27025,33.91772],[-87.27449,33.91502],[-87.2838,33.91461],[-87.27811,33.90903],[-87.2836,33.90626],[-87.29169,33.91086],[-87.29294,33.90653],[-87.3006,33.90258],[-87.29834,33.89544],[-87.30479,33.88962],[-87.31316,33.89167],[-87.31765,33.90118],[-87.3223,33.90092],[-87.3267,33.89702],[-87.32958,33.90206],[-87.32099,33.90388],[-87.33004,33.91215],[-87.34024,33.9152],[-87.34446,33.91842],[-87.34341,33.90514],[-87.34393,33.88877],[-87.33993,33.88369],[-87.32637,33.87191],[-87.32994,33.86418],[-87.33633,33.85934],[-87.33741,33.8485],[-87.33361,33.843],[-87.33435,33.83725],[-87.34982,33.84186],[-87.35677,33.83752],[-87.3589,33.83182],[-87.35454,33.82435],[-87.35077,33.82223],[-87.35279,33.81693],[-87.36133,33.81277],[-87.36306,33.80261],[-87.36797,33.80227]]]},"properties":{"STATEFP":"01","COUNTYFP":"127","COUSUBFP":"91755","COUSUBNS":"00165984","GEOIDFQ":"0600000US0112791755","GEOID":"0112791755","NAME":"Jasper","NAMELSAD":"Jasper CCD","STUSPS":"AL","NAMELSADCO":"Walker County","STATE_NAME":"Alabama","LSAD":"22","ALAND":235393688,"AWATER":2228852}},
{"type":"Feature","geometry":{"type":"Polygon","coordinates":[[[-88.08021,31.67706],[-88.08695,31.68618],[-88.08727,31.68867],[-88.09881,31.68565],[-88.10095,31.69267],[-88.10636,31.69472],[-88.11547,31.69371],[-88.11934,31.69021],[-88.118,31.68475],[-88.12347,31.68326],[-88.12695,31.67785],[-88.12918,31.67007],[-88.13819,31.66622],[-88.14162,31.66127],[-88.15383,31.66927],[-88.15827,31.66525],[-88.15539,31.66134],[-88.16375,31.65855],[-88.16603,31.65326],[-88.17162,31.65122],[-88.17749,31.65495],[-88.18869,31.65731],[-88.19404,31.65369],[-88.20677,31.65722],[-88.2092,31.652],[-88.217,31.65305],[-88.21877,31.64991],[-88.22549,31.64762],[-88.24362,31.63718],[-88.23992,31.63077],[-88.24527,31.62409],[-88.24599,31.61875],[-88.25736,31.61241],[-88.2618,31.60619],[-88.26526,31.60838],[-88.27399,31.60671],[-88.28034,31.60176],[-88.28759,31.60163],[-88.29206,31.59382],[-88.29761,31.5879],[-88.30128,31.58674],[-88.29901,31.58085],[-88.30471,31.57885],[-88.31164,31.57381],[-88.33748,31.56078],[-88.34352,31.55091],[-88.35136,31.5418],[-88.35538,31.54022],[-88.36269,31.53186],[-88.37254,31.53235],[-88.37759,31.52994],[-88.3832,31.53186],[-88.39023,31.5293],[-88.40216,31.53099],[-88.39839,31.51975],[-88.39642,31.50336],[-88.40131,31.49092],[-88.40348,31.48126],[-88.40974,31.47684],[-88.41644,31.47606],[-88.42196,31.47814],[-88.42709,31.48582],[-88.4372,31.48766],[-88.44282,31.49153],[-88.44639,31.50054],[-88.45329,31.50538],[-88.45157,31.48153],[-88.45104,31.45945],[-88.44957,31.43583],[-88.42413,31.43605],[-88.42405,31.44202],[-88.41592,31.44206],[-88.41273,31.43284],[-88.41503,31.42544],[-88.39616,31.4248],[-88.38912,31.42981],[-88.38314,31.42942],[-88.38063,31.42273],[-88.38194,31.41686],[-88.37943,31.4129],[-88.38257,31.40488],[-88.37662,31.38629],[-88.37363,31.38802],[-88.3603,31.39122],[-88.35483,31.3988],[-88.34658,31.40588],[-88.33996,31.40937],[-88.31698,31.41158],[-88.31245,31.41448],[-88.3053,31.41422],[-88.29443,31.42239],[-88.28928,31.43435],[-88.27781,31.44133],[-88.27262,31.43809],[-88.26384,31.43817],[-88.26273,31.42859],[-88.25468,31.41643],[-88.24695,31.41479],[-88.24477,31.41073],[-88.23384,31.41211],[-88.22674,31.4096],[-88.22531,31.41437],[-88.22149,31.41662],[-88.22008,31.42303],[-88.21348,31.4298],[-88.20854,31.42849],[-88.20381,31.43081],[-88.19558,31.4301],[-88.189,31.43383],[-88.18641,31.44183],[-88.18189,31.44364],[-88.17775,31.44838],[-88.16471,31.45413],[-88.15625,31.44955],[-88.15065,31.44897],[-88.14362,31.45117],[-88.13805,31.45802],[-88.12824,31.45735],[-88.12803,31.46416],[-88.12421,31.46686],[-88.12378,31.47218],[-88.11833,31.47589],[-88.12269,31.48278],[-88.11527,31.4986],[-88.11054,31.50504],[-88.10407,31.50713],[-88.09691,31.52093],[-88.08737,31.53215],[-88.07634,31.53781],[-88.0686,31.53792],[-88.0644,31.54248],[-88.05602,31.54106],[-88.05599,31.54649],[-88.05302,31.55516],[-88.05365,31.56038],[-88.04895,31.56893],[-88.05075,31.57301],[-88.04985,31.58349],[-88.0602,31.58733],[-88.07223,31.5945],[-88.07975,31.60251],[-88.07996,31.60577],[-88.07519,31.6121],[-88.07426,31.61638],[-88.08397,31.63032],[-88.08659,31.63938],[-88.08722,31.64897],[-88.09119,31.65706],[-88.08107,31.66014],[-88.07886,31.66256],[-88.08021,31.67706]]]},"properties":{"STATEFP":"01","COUNTYFP":"129","COUSUBFP":"90549","COUSUBNS":"00165991","GEOIDFQ":"0600000US0112990549","GEOID":"0112990549","NAME":"Chatom","NAMELSAD":"Chatom CCD","STUSPS":"AL","NAMELSADCO":"Washington County","STATE_NAME":"Alabama","LSAD":"22","ALAND":647676650,"AWATER":2397165}},
{"type":"Feature","geometry":{"type":"Polygon","coordinates":[[[-87.91114,31.4244],[-87.92198,31.43654],[-87.93095,31.43671],[-87.93537,31.44118],[-87.93089,31.44491],[-87.92121,31.44602],[-87.91545,31.44977],[-87.91909,31.46714],[-87.91319,31.47639],[-87.90614,31.49175],[-87.9074,31.49444],[-87.92444,31.50302],[-87.92899,31.51224],[-87.93416,31.51947],[-87.94321,31.52702],[-87.97038,31.53055],[-87.97513,31.53273],[-87.97913,31.5379],[-87.9946,31.54206],[-88.01158,31.55098],[-88.01863,31.55237],[-88.03128,31.56049],[-88.04006,31.57226],[-88.03256,31.57458],[-88.02335,31.57092],[-88.01853,31.57197],[-88.01778,31.57651],[-88.02205,31.5819],[-88.02769,31.58425],[-88.04985,31.58349],[-88.05075,31.57301],[-88.04895,31.56893],[-88.05365,31.56038],[-88.05302,31.55516],[-88.05599,31.54649],[-88.05602,31.54106],[-88.0644,31.54248],[-88.0686,31.53792],[-88.07634,31.53781],[-88.08737,31.53215],[-88.09691,31.52093],[-88.10407,31.50713],[-88.11054,31.50504],[-88.11527,31.4986],[-88.12269,31.48278],[-88.11833,31.47589],[-88.12378,31.47218],[-88.12421,31.46686],[-88.12803,31.46416],[-88.12824,31.45735],[-88.13805,31.45802],[-88.14362,31.45117],[-88.15065,31.44897],[-88.15625,31.44955],[-88.16471,31.45413],[-88.17775,31.44838],[-88.18189,31.44364],[-88.18641,31.44183],[-88.189,31.43383],[-88.19558,31.4301],[-88.20381,31.43081],[-88.20854,31.42849],[-88.21348,31.4298],[-88.22008,31.42303],[-88.22149,31.41662],[-88.22531,31.41437],[-88.22674,31.4096],[-88.23384,31.41211],[-88.24477,31.41073],[-88.24695,31.41479],[-88.25468,31.41643],[-88.25326,31.41151],[-88.25654,31.39282],[-88.25313,31.38062],[-88.24759,31.36489],[-88.24974,31.35817],[-88.24175,31.35218],[-88.23384,31.3489],[-88.22345,31.34091],[-88.1926,31.32622],[-88.18781,31.32106],[-88.17716,31.3258],[-88.16664,31.32379],[-88.16348,31.32735],[-88.15322,31.32897],[-88.14413,31.32469],[-88.12599,31.31922],[-88.10325,31.31922],[-88.09393,31.32642],[-88.08441,31.32975],[-88.07076,31.32431],[-88.05257,31.32597],[-88.03178,31.33485],[-88.03169,31.33881],[-88.01911,31.33665],[-88.01492,31.33797],[-88.00123,31.33472],[-87.99549,31.33497],[-87.98817,31.33119],[-87.98334,31.32576],[-87.97944,31.32478],[-87.97347,31.31886],[-87.97176,31.30918],[-87.97621,31.30263],[-87.97478,31.29446],[-87.96656,31.28878],[-87.95585,31.28461],[-87.94725,31.29117],[-87.94751,31.29627],[-87.95079,31.29946],[-87.9597,31.30337],[-87.96367,31.30853],[-87.96379,31.31398],[-87.95962,31.31621],[-87.93956,31.31427],[-87.93589,31.31066],[-87.93045,31.30923],[-87.92452,31.31291],[-87.92474,31.32077],[-87.92181,31.32724],[-87.92323,31.33457],[-87.91878,31.34076],[-87.91249,31.33812],[-87.91012,31.33406],[-87.91585,31.32908],[-87.91595,31.32407],[-87.90807,31.32304],[-87.90365,31.33646],[-87.89693,31.34267],[-87.89706,31.34901],[-87.88886,31.36402],[-87.89281,31.37234],[-87.88814,31.3844],[-87.898,31.38108],[-87.90366,31.3884],[-87.91076,31.39095],[-87.91864,31.38963],[-87.92109,31.38438],[-87.91729,31.37673],[-87.92511,31.37966],[-87.93011,31.37942],[-87.93992,31.37517],[-87.94592,31.37799],[-87.93892,31.38127],[-87.93401,31.38569],[-87.93363,31.39197],[-87.9277,31.39657],[-87.91207,31.39453],[-87.90504,31.39828],[-87.90734,31.40607],[-87.91741,31.4083],[-87.92146,31.40514],[-87.92782,31.40784],[-87.92143,31.41618],[-87.91112,31.42253],[-87.91114,31.4244]]]},"properties":{"STATEFP":"01","COUNTYFP":"129","COUSUBFP":"93357","COUSUBNS":"00165995","GEOIDFQ":"0600000US0112993357","GEOID":"0112993357","NAME":"Wagarville","NAMELSAD":"Wagarville CCD","STUSPS":"AL","NAMELSADCO":"Washington County","STATE_NAME":"Alabama","LSAD":"22","ALAND":605572741,"AWATER":11598053}},
{"type":"Feature","geometry":{"type":"Polygon","coordinates":[[[-85.64814,33.3591],[-85.64991,33.32421],[-85.6412,33.31703],[-85.64143,33.30596],[-85.65047,33.30615],[-85.65201,33.25238],[-85.64596,33.24762],[-85.64035,33.24635],[-85.63361,33.24789],[-85.6239,33.2434],[-85.61765,33.25059],[-85.61228,33.24758],[-85.61215,33.24428],[-85.60567,33.24178],[-85.5994,33.23548],[-85.5972,33.22854],[-85.6117,33.21899],[-85.61279,33.21228],[-85.60871,33.20926],[-85.6001,33.20922],[-85.58579,33.21095],[-85.57525,33.20578],[-85.56928,33.21318],[-85.56119,33.21838],[-85.55385,33.21715],[-85.55019,33.22371],[-85.54221,33.22814],[-85.53713,33.22033],[-85.52878,33.21811],[-85.52,33.20981],[-85.51295,33.21161],[-85.50472,33.20742],[-85.49561,33.21954],[-85.48877,33.20987],[-85.4776,33.21055],[-85.46767,33.20649],[-85.45923,33.21012],[-85.45674,33.21725],[-85.43866,33.21529],[-85.42767,33.20857],[-85.42317,33.20822],[-85.41764,33.21092],[-85.4096,33.21806],[-85.40951,33.22308],[-85.40491,33.22599],[-85.39994,33.23347],[-85.39545,33.23518],[-85.38921,33.24568],[-85.38399,33.25044],[-85.37801,33.26068],[-85.37372,33.26229],[-85.3802,33.26871],[-85.37935,33.27891],[-85.38531,33.28594],[-85.39516,33.28784],[-85.39749,33.28992],[-85.39986,33.30351],[-85.39875,33.30659],[-85.40075,33.31368],[-85.39966,33.32159],[-85.39602,33.32865],[-85.39676,33.34589],[-85.40306,33.35001],[-85.40623,33.34769],[-85.41425,33.35122],[-85.4163,33.35482],[-85.42234,33.35734],[-85.42793,33.36736],[-85.43678,33.37055],[-85.44171,33.37856],[-85.44446,33.3763],[-85.45295,33.38389],[-85.4517,33.37805],[-85.45702,33.37537],[-85.46591,33.38578],[-85.4768,33.387],[-85.47816,33.38368],[-85.47292,33.38128],[-85.47061,33.37511],[-85.4719,33.36677],[-85.47645,33.36768],[-85.47957,33.36425],[-85.48761,33.36063],[-85.49012,33.36455],[-85.49787,33.36976],[-85.50066,33.36657],[-85.49451,33.36312],[-85.4947,33.3591],[-85.50552,33.3554],[-85.50714,33.35151],[-85.51365,33.35291],[-85.51316,33.34702],[-85.51691,33.3463],[-85.52142,33.35196],[-85.53049,33.355],[-85.5389,33.3498],[-85.54488,33.34987],[-85.54515,33.34387],[-85.53751,33.33546],[-85.53487,33.32889],[-85.53634,33.32555],[-85.54253,33.3254],[-85.54789,33.32867],[-85.557,33.34151],[-85.56278,33.33815],[-85.56095,33.32853],[-85.56909,33.32712],[-85.56517,33.3189],[-85.57428,33.31199],[-85.5833,33.32023],[-85.5953,33.32741],[-85.60149,33.32887],[-85.60178,33.33613],[-85.60567,33.34161],[-85.61584,33.34624],[-85.64076,33.3511],[-85.64248,33.35989],[-85.64814,33.3591]]]},"properties":{"STATEFP":"01","COUNTYFP":"111","COUSUBFP":"93411","COUSUBNS":"00165937","GEOIDFQ":"0600000US0111193411","GEOID":"0111193411","NAME":"Wedowee","NAMELSAD":"Wedowee CCD","STUSPS":"AL","NAMELSADCO":"Randolph County","STATE_NAME":"Alabama","LSAD":"22","ALAND":345083956,"AWATER":2579194}},
{"type":"Feature","geometry":{"type":"Polygon","coordinates":[[[-87.33348,32.48298],[-87.37217,32.48294],[-87.42315,32.48297],[-87.42236,32.40652],[-87.42286,32.37558],[-87.42174,32.3081],[-87.47308,32.30761],[-87.47221,32.26492],[-87.45829,32.2635],[-87.45408,32.26809],[-87.44443,32.26889],[-87.43591,32.2638],[-87.43752,32.25851],[-87.43421,32.25505],[-87.42725,32.25221],[-87.42275,32.24412],[-87.4142,32.24263],[-87.40908,32.23674],[-87.39428,32.23733],[-87.38668,32.23171],[-87.3886,32.22317],[-87.37452,32.22192],[-87.37352,32.20959],[-87.36653,32.20233],[-87.36197,32.20236],[-87.36351,32.19615],[-87.34901,32.19984],[-87.34367,32.19797],[-87.33111,32.19808],[-87.32058,32.19219],[-87.32346,32.18967],[-87.32176,32.18314],[-87.31373,32.18608],[-87.31061,32.18518],[-87.31247,32.17744],[-87.30333,32.16942],[-87.30215,32.16362],[-87.29118,32.1658],[-87.28862,32.15737],[-87.27773,32.14681],[-87.26864,32.14405],[-87.26285,32.14701],[-87.25731,32.13987],[-87.252,32.14265],[-87.25184,32.15239],[-87.24725,32.16101],[-87.24081,32.16439],[-87.23276,32.16453],[-87.22686,32.16945],[-87.22201,32.17612],[-87.22979,32.17743],[-87.23223,32.18259],[-87.24213,32.18514],[-87.24343,32.18727],[-87.23703,32.19283],[-87.25224,32.19287],[-87.25689,32.19453],[-87.25854,32.19945],[-87.25503,32.21122],[-87.25504,32.22041],[-87.25903,32.22196],[-87.26097,32.23021],[-87.26697,32.22943],[-87.2706,32.2259],[-87.27664,32.22441],[-87.27769,32.22913],[-87.28216,32.23378],[-87.27709,32.23747],[-87.27254,32.23586],[-87.26962,32.24281],[-87.27132,32.25204],[-87.27598,32.25339],[-87.27841,32.26063],[-87.27406,32.26286],[-87.27749,32.26733],[-87.28304,32.26783],[-87.28242,32.27899],[-87.28843,32.27817],[-87.29523,32.28715],[-87.28819,32.28914],[-87.28939,32.2946],[-87.27839,32.30878],[-87.28538,32.31588],[-87.28934,32.322],[-87.28875,32.32748],[-87.29468,32.33564],[-87.30059,32.34123],[-87.30442,32.33992],[-87.30917,32.34343],[-87.30726,32.35149],[-87.31225,32.35253],[-87.3166,32.36126],[-87.32176,32.36834],[-87.318,32.37388],[-87.31798,32.39189],[-87.33289,32.4009],[-87.33564,32.40827],[-87.33324,32.41515],[-87.33651,32.419],[-87.33408,32.42777],[-87.33507,32.43986],[-87.33098,32.44248],[-87.3273,32.45499],[-87.32122,32.46048],[-87.32425,32.46969],[-87.32738,32.4714],[-87.32874,32.47883],[-87.33348,32.48298]]]},"properties":{"STATEFP":"01","COUNTYFP":"047","COUSUBFP":"92808","COUSUBNS":"00165747","GEOIDFQ":"0600000US0104792808","GEOID":"0104792808","NAME":"Safford","NAMELSAD":"Safford CCD","STUSPS":"AL","NAMELSADCO":"Dallas County","STATE_NAME":"Alabama","LSAD":"22","ALAND":394880980,"AWATER":5203479}},
{"type":"Feature","geometry":{"type":"Polygon","coordinates":[[[-87.80699,34.12678],[-87.80357,34.12865],[-87.79823,34.13788],[-87.80211,34.14968],[-87.79558,34.15905],[-87.79015,34.16308],[-87.78665,34.16927],[-87.7892,34.17623],[-87.80316,34.16715],[-87.80739,34.16647],[-87.83236,34.17164],[-87.83807,34.17466],[-87.85339,34.17464],[-87.85729,34.18001],[-87.86456,34.18275],[-87.87138,34.18959],[-87.87978,34.19285],[-87.88904,34.1981],[-87.88273,34.20199],[-87.88371,34.21489],[-87.88591,34.21922],[-87.8802,34.22462],[-87.88059,34.22965],[-87.88715,34.23456],[-87.89468,34.23415],[-87.90262,34.24123],[-87.91661,34.24315],[-87.91554,34.23926],[-87.91983,34.23578],[-87.93241,34.23926],[-87.93406,34.24297],[-87.94472,34.25378],[-87.95406,34.24746],[-87.97076,34.25312],[-87.98677,34.26434],[-87.98636,34.26847],[-87.97937,34.27281],[-87.98582,34.27831],[-87.98568,34.28457],[-88.00165,34.29462],[-88.00588,34.29377],[-88.009,34.28854],[-88.01797,34.29138],[-88.02177,34.29485],[-88.02225,34.30224],[-88.02557,34.30364],[-88.02875,34.30466],[-88.03198,34.29699],[-88.03731,34.28939],[-88.04482,34.28918],[-88.05054,34.28695],[-88.04404,34.28],[-88.04354,34.27625],[-88.03807,34.2717],[-88.02931,34.26125],[-88.02563,34.26081],[-88.02719,34.25131],[-88.03213,34.24471],[-88.03164,34.22603],[-88.03413,34.22088],[-88.0466,34.22142],[-88.04306,34.21385],[-88.04481,34.20857],[-88.04317,34.19956],[-88.05017,34.19669],[-88.05866,34.19878],[-88.0694,34.19577],[-88.07954,34.18615],[-88.07968,34.1821],[-88.08648,34.17135],[-88.09444,34.1651],[-88.09609,34.15997],[-88.10518,34.15655],[-88.11011,34.15002],[-88.11659,34.14837],[-88.12204,34.14255],[-88.13168,34.13845],[-88.13443,34.13486],[-88.14336,34.13053],[-88.14172,34.11596],[-88.14334,34.10634],[-88.14137,34.10331],[-88.15396,34.10277],[-88.15892,34.09942],[-88.16852,34.09744],[-88.18634,34.0736],[-88.19268,34.07256],[-88.19924,34.06841],[-88.20601,34.06836],[-88.20723,34.05833],[-88.06277,34.05453],[-88.02182,34.05374],[-87.98693,34.0521],[-87.98743,34.0229],[-87.96352,34.0225],[-87.96057,34.02404],[-87.95826,34.03397],[-87.95194,34.03511],[-87.94626,34.04038],[-87.93933,34.04163],[-87.93829,34.04588],[-87.92885,34.05475],[-87.91942,34.05915],[-87.91217,34.06763],[-87.90155,34.07784],[-87.89467,34.06944],[-87.88831,34.065],[-87.87783,34.06903],[-87.86972,34.06701],[-87.86435,34.0605],[-87.8545,34.05286],[-87.8479,34.05351],[-87.83936,34.05101],[-87.83386,34.04477],[-87.82522,34.04795],[-87.82135,34.05324],[-87.82401,34.06122],[-87.82855,34.06399],[-87.83274,34.07165],[-87.83733,34.07616],[-87.84086,34.08525],[-87.83801,34.09047],[-87.83004,34.0978],[-87.8346,34.10766],[-87.83126,34.11269],[-87.83528,34.11849],[-87.83446,34.12244],[-87.8262,34.12842],[-87.81748,34.13246],[-87.80699,34.12678]]]},"properties":{"STATEFP":"01","COUNTYFP":"093","COUSUBFP":"91512","COUSUBNS":"00165882","GEOIDFQ":"0600000US0109391512","GEOID":"0109391512","NAME":"Hamilton","NAMELSAD":"Hamilton CCD","STUSPS":"AL","NAMELSADCO":"Marion County","STATE_NAME":"Alabama","LSAD":"22","ALAND":556537402,"AWATER":250668}},
{"type":"Feature","geometry":{"type":"Polygon","coordinates":[[[-86.37721,33.8619],[-86.39151,33.85273],[-86.3915,33.84941],[-86.40598,33.8359],[-86.42836,33.82288],[-86.43021,33.81951],[-86.43772,33.81998],[-86.44661,33.82455],[-86.47034,33.82083],[-86.48029,33.81515],[-86.48637,33.81339],[-86.49823,33.81275],[-86.50501,33.80864],[-86.51267,33.81057],[-86.52177,33.8019],[-86.56421,33.80194],[-86.57753,33.80198],[-86.5778,33.76532],[-86.54276,33.76517],[-86.54264,33.73564],[-86.53381,33.73546],[-86.53389,33.72128],[-86.52507,33.72124],[-86.52535,33.69927],[-86.52537,33.69413],[-86.5204,33.70115],[-86.51486,33.70083],[-86.50833,33.69518],[-86.50831,33.69145],[-86.5008,33.68922],[-86.49612,33.68218],[-86.49254,33.67091],[-86.48427,33.66657],[-86.47778,33.6591],[-86.47033,33.66055],[-86.46064,33.65681],[-86.45932,33.65385],[-86.44475,33.64109],[-86.43643,33.65135],[-86.4322,33.65851],[-86.42613,33.65545],[-86.41232,33.65544],[-86.40826,33.65399],[-86.40589,33.64817],[-86.39873,33.63843],[-86.39083,33.63586],[-86.38051,33.63746],[-86.35774,33.64285],[-86.35145,33.64517],[-86.33819,33.6429],[-86.32949,33.63719],[-86.32453,33.63584],[-86.32103,33.64418],[-86.31054,33.65379],[-86.30724,33.65886],[-86.30314,33.66926],[-86.294,33.67655],[-86.28101,33.67861],[-86.27931,33.68181],[-86.29167,33.68487],[-86.29982,33.68512],[-86.30629,33.68357],[-86.31635,33.67799],[-86.32542,33.67584],[-86.32732,33.66856],[-86.33075,33.66778],[-86.33624,33.67276],[-86.33002,33.68159],[-86.33742,33.68235],[-86.34893,33.68843],[-86.35172,33.68769],[-86.35578,33.69403],[-86.35517,33.70163],[-86.35106,33.7034],[-86.34392,33.71197],[-86.34035,33.72388],[-86.34462,33.72925],[-86.33775,33.74411],[-86.32728,33.75443],[-86.33297,33.76033],[-86.33261,33.76806],[-86.32921,33.77088],[-86.32696,33.78669],[-86.3323,33.79573],[-86.34068,33.79916],[-86.3742,33.8182],[-86.38308,33.81983],[-86.38713,33.82459],[-86.38641,33.8333],[-86.38214,33.84078],[-86.38087,33.85486],[-86.37721,33.8619]]]},"properties":{"STATEFP":"01","COUNTYFP":"115","COUSUBFP":"92988","COUSUBNS":"00165946","GEOIDFQ":"0600000US0111592988","GEOID":"0111592988","NAME":"Springville","NAMELSAD":"Springville CCD","STUSPS":"AL","NAMELSADCO":"St. Clair County","STATE_NAME":"Alabama","LSAD":"22","ALAND":350520359,"AWATER":2117872}},
{"type":"Feature","geometry":{"type":"Polygon","coordinates":[[[-87.0086,34.31173],[-86.99813,34.3117],[-86.97856,34.31158],[-86.89336,34.30949],[-86.89556,34.3171],[-86.89102,34.3227],[-86.87648,34.32497],[-86.8701,34.32356],[-86.85734,34.33178],[-86.84923,34.32873],[-86.842,34.33063],[-86.8381,34.33363],[-86.83873,34.33984],[-86.83672,34.34372],[-86.82128,34.34601],[-86.81103,34.35351],[-86.80275,34.35483],[-86.79083,34.35501],[-86.78196,34.3633],[-86.78148,34.36894],[-86.77271,34.36928],[-86.76942,34.37157],[-86.78293,34.38156],[-86.78941,34.39364],[-86.8031,34.40039],[-86.80537,34.40366],[-86.81569,34.41209],[-86.81328,34.42255],[-86.8208,34.4243],[-86.82277,34.42695],[-86.8181,34.43435],[-86.81762,34.44716],[-86.86646,34.44812],[-86.86731,34.41928],[-86.87304,34.41567],[-86.88719,34.41496],[-86.89982,34.40599],[-86.91211,34.40768],[-86.91009,34.4037],[-86.91288,34.3983],[-86.91888,34.39898],[-86.92702,34.39331],[-86.93079,34.40005],[-86.9402,34.39822],[-86.94448,34.39101],[-86.95049,34.39557],[-86.95461,34.3916],[-86.96402,34.39121],[-86.96486,34.39558],[-86.97714,34.39679],[-86.97515,34.40276],[-86.97981,34.40918],[-86.98019,34.41704],[-86.98529,34.42484],[-86.97985,34.42961],[-86.98737,34.43499],[-86.99858,34.42893],[-86.99548,34.42358],[-86.99933,34.41308],[-87.01145,34.41097],[-87.01427,34.40055],[-87.02729,34.39412],[-87.02876,34.39117],[-87.02496,34.38166],[-87.01922,34.37601],[-87.01949,34.36825],[-87.01388,34.36026],[-87.0106,34.35313],[-87.01111,34.3476],[-87.00871,34.344],[-87.00779,34.33276],[-87.00211,34.32256],[-87.0086,34.31173]]]},"properties":{"STATEFP":"01","COUNTYFP":"103","COUSUBFP":"91071","COUSUBNS":"00165913","GEOIDFQ":"0600000US0110391071","GEOID":"0110391071","NAME":"Falkville","NAMELSAD":"Falkville CCD","STUSPS":"AL","NAMELSADCO":"Morgan County","STATE_NAME":"Alabama","LSAD":"22","ALAND":212457829,"AWATER":821906}},
{"type":"Feature","geometry":{"type":"Polygon","coordinates":[[[-87.26692,33.51293],[-87.31824,33.51417],[-87.31853,33.58739],[-87.37104,33.58707],[-87.37112,33.6017],[-87.40564,33.60157],[-87.4237,33.6021],[-87.48604,33.60365],[-87.5,33.60482],[-87.54818,33.606],[-87.55275,33.6004],[-87.56101,33.59735],[-87.56204,33.59024],[-87.57683,33.58359],[-87.57854,33.57214],[-87.58723,33.56799],[-87.58861,33.56283],[-87.59267,33.56177],[-87.59482,33.55503],[-87.59269,33.54639],[-87.58511,33.54271],[-87.58852,33.53847],[-87.58141,33.52706],[-87.57615,33.52417],[-87.57404,33.51898],[-87.57756,33.51306],[-87.56627,33.50744],[-87.57026,33.50067],[-87.57683,33.50943],[-87.58147,33.50525],[-87.58264,33.49234],[-87.59011,33.48862],[-87.59649,33.48175],[-87.59573,33.47463],[-87.58665,33.46888],[-87.58097,33.47015],[-87.57692,33.46653],[-87.58358,33.45853],[-87.57793,33.45476],[-87.57011,33.45356],[-87.57006,33.45038],[-87.57527,33.44168],[-87.56547,33.44498],[-87.56108,33.44172],[-87.56395,33.43833],[-87.57067,33.43967],[-87.57151,33.43228],[-87.5806,33.43282],[-87.58411,33.42992],[-87.59464,33.4323],[-87.60019,33.42683],[-87.59633,33.42172],[-87.59044,33.42307],[-87.58996,33.41559],[-87.58426,33.40905],[-87.58823,33.40413],[-87.57933,33.40015],[-87.58007,33.39587],[-87.57146,33.39415],[-87.57586,33.38767],[-87.58231,33.38296],[-87.58926,33.38036],[-87.59725,33.38138],[-87.59932,33.379],[-87.58834,33.36907],[-87.58847,33.36727],[-87.59972,33.36181],[-87.60434,33.3563],[-87.60202,33.35005],[-87.59584,33.35031],[-87.58927,33.35328],[-87.58444,33.34589],[-87.57782,33.34715],[-87.57021,33.35486],[-87.56464,33.35611],[-87.55903,33.35035],[-87.55241,33.35348],[-87.55095,33.34715],[-87.55371,33.3439],[-87.56031,33.34123],[-87.55925,33.33474],[-87.5488,33.33554],[-87.54547,33.33154],[-87.53837,33.33508],[-87.5349,33.329],[-87.53626,33.32463],[-87.53464,33.31618],[-87.53616,33.30931],[-87.52923,33.30928],[-87.52613,33.3142],[-87.52108,33.31269],[-87.50628,33.31933],[-87.5018,33.32305],[-87.50638,33.33255],[-87.5005,33.33382],[-87.49744,33.33834],[-87.49108,33.33512],[-87.48415,33.33469],[-87.48146,33.33863],[-87.47429,33.33584],[-87.4739,33.33194],[-87.46855,33.32527],[-87.47239,33.32282],[-87.47457,33.31392],[-87.47369,33.30943],[-87.48336,33.29863],[-87.48185,33.28773],[-87.48411,33.2806],[-87.47429,33.26847],[-87.46702,33.26316],[-87.46227,33.26468],[-87.4609,33.25814],[-87.45631,33.2596],[-87.45085,33.25378],[-87.44095,33.25469],[-87.43229,33.25348],[-87.42615,33.25644],[-87.42194,33.26222],[-87.4222,33.27872],[-87.41108,33.28399],[-87.39604,33.2862],[-87.39275,33.28922],[-87.39288,33.30325],[-87.39792,33.30866],[-87.4073,33.31262],[-87.41133,33.31869],[-87.41652,33.3325],[-87.41446,33.34174],[-87.41551,33.35415],[-87.40967,33.36492],[-87.41255,33.37511],[-87.41196,33.37987],[-87.39713,33.39664],[-87.38961,33.4196],[-87.38638,33.42678],[-87.37038,33.44681],[-87.35915,33.4542],[-87.34953,33.4654],[-87.3417,33.4705],[-87.3372,33.4754],[-87.33174,33.48553],[-87.33117,33.49089],[-87.32217,33.49207],[-87.31461,33.48725],[-87.30839,33.48975],[-87.30136,33.48832],[-87.29606,33.47939],[-87.28851,33.47936],[-87.28502,33.48579],[-87.2886,33.49501],[-87.28544,33.50228],[-87.27725,33.5016],[-87.26827,33.49714],[-87.26358,33.49832],[-87.26052,33.50367],[-87.26692,33.51293]]]},"properties":{"STATEFP":"01","COUNTYFP":"125","COUSUBFP":"93483","COUSUBNS":"00165978","GEOIDFQ":"0600000US0112593483","GEOID":"0112593483","NAME":"Windham Springs","NAMELSAD":"Windham Springs CCD","STUSPS":"AL","NAMELSADCO":"Tuscaloosa County","STATE_NAME":"Alabama","LSAD":"22","ALAND":662606762,"AWATER":23202506}},
{"type":"Feature","geometry":{"type":"Polygon","coordinates":[[[-87.5088,34.12862],[-87.5068,34.12538],[-87.50083,34.12788],[-87.49674,34.12303],[-87.48523,34.12566],[-87.48075,34.12227],[-87.47722,34.11089],[-87.46954,34.10892],[-87.46707,34.10082],[-87.46846,34.09889],[-87.46872,34.08818],[-87.46516,34.07828],[-87.45821,34.07439],[-87.44942,34.05798],[-87.43814,34.05737],[-87.43002,34.05101],[-87.42899,34.04197],[-87.42026,34.03882],[-87.4189,34.03515],[-87.41132,34.03132],[-87.41055,34.02609],[-87.41565,34.0221],[-87.4161,34.01538],[-87.42294,34.00709],[-87.42538,34.00109],[-87.43039,33.99587],[-87.41804,33.99558],[-87.36788,33.99581],[-87.27257,33.99463],[-87.24548,33.99461],[-87.22869,33.994],[-87.21673,33.99391],[-87.2315,34.01299],[-87.23479,34.01442],[-87.24125,34.02483],[-87.24714,34.02803],[-87.25493,34.03541],[-87.2547,34.04208],[-87.26523,34.04613],[-87.26772,34.05116],[-87.26448,34.0577],[-87.25854,34.06059],[-87.25804,34.06551],[-87.26379,34.06997],[-87.25903,34.07789],[-87.25965,34.08528],[-87.27347,34.08536],[-87.28019,34.08791],[-87.27621,34.09466],[-87.2809,34.09806],[-87.28726,34.09593],[-87.28682,34.08996],[-87.28959,34.08389],[-87.29744,34.09027],[-87.30756,34.08928],[-87.31154,34.09947],[-87.30581,34.10491],[-87.29715,34.10814],[-87.2961,34.11256],[-87.30135,34.12704],[-87.30576,34.13045],[-87.30014,34.1332],[-87.29079,34.14404],[-87.30072,34.14467],[-87.30994,34.13888],[-87.32223,34.14913],[-87.32213,34.15297],[-87.31241,34.15743],[-87.31211,34.16383],[-87.31488,34.16727],[-87.32137,34.16584],[-87.33161,34.16864],[-87.33182,34.17501],[-87.33572,34.18088],[-87.33103,34.18873],[-87.33942,34.18763],[-87.34336,34.18943],[-87.34285,34.19702],[-87.35702,34.20987],[-87.36093,34.20825],[-87.36789,34.21368],[-87.36899,34.21812],[-87.3761,34.2235],[-87.38092,34.23169],[-87.38092,34.23495],[-87.37292,34.23702],[-87.37162,34.24299],[-87.36747,34.24629],[-87.36799,34.25803],[-87.37404,34.25631],[-87.37337,34.26531],[-87.3708,34.26812],[-87.3641,34.2694],[-87.36384,34.27563],[-87.36632,34.27816],[-87.37405,34.27349],[-87.38313,34.27601],[-87.38465,34.28037],[-87.38196,34.2838],[-87.38834,34.28682],[-87.3958,34.28324],[-87.39909,34.28537],[-87.39417,34.28996],[-87.38182,34.2976],[-87.37421,34.30083],[-87.49815,34.30444],[-87.49551,34.30198],[-87.49758,34.29539],[-87.49372,34.29014],[-87.49625,34.28389],[-87.49377,34.27441],[-87.49468,34.26527],[-87.48034,34.24625],[-87.48198,34.24267],[-87.47889,34.23669],[-87.47325,34.2352],[-87.47483,34.23133],[-87.47239,34.22021],[-87.47493,34.20958],[-87.47763,34.20861],[-87.47883,34.19739],[-87.48423,34.1952],[-87.49022,34.18451],[-87.49034,34.17291],[-87.47958,34.16085],[-87.48013,34.15519],[-87.47605,34.15004],[-87.49001,34.13775],[-87.49984,34.13781],[-87.5088,34.12862]]]},"properties":{"STATEFP":"01","COUNTYFP":"133","COUSUBFP":"90909","COUSUBNS":"00166001","GEOIDFQ":"0600000US0113390909","GEOID":"0113390909","NAME":"Double Springs","NAMELSAD":"Double Springs CCD","STUSPS":"AL","NAMELSADCO":"Winston County","STATE_NAME":"Alabama","LSAD":"22","ALAND":471340367,"AWATER":14255001}},
{"type":"Feature","geometry":{"type":"Polygon","coordinates":[[[-87.81683,32.83286],[-87.80714,32.83406],[-87.78982,32.82959],[-87.78062,32.83017],[-87.7742,32.82421],[-87.76551,32.82559],[-87.7564,32.82289],[-87.7548,32.82015],[-87.74533,32.81854],[-87.73609,32.82094],[-87.72851,32.82073],[-87.72826,32.81577],[-87.71831,32.81152],[-87.7081,32.81264],[-87.69925,32.80613],[-87.6939,32.8074],[-87.68836,32.80551],[-87.68663,32.80146],[-87.67384,32.79509],[-87.66623,32.7945],[-87.6632,32.79172],[-87.65462,32.78915],[-87.65524,32.78631],[-87.65069,32.78119],[-87.63971,32.77207],[-87.61595,32.76967],[-87.61448,32.77227],[-87.61526,32.78642],[-87.61219,32.78726],[-87.60775,32.79747],[-87.60023,32.80164],[-87.60194,32.80554],[-87.59846,32.80848],[-87.60335,32.81639],[-87.59997,32.82012],[-87.60809,32.83914],[-87.61365,32.85784],[-87.61284,32.86714],[-87.6083,32.88324],[-87.61247,32.89051],[-87.63047,32.90158],[-87.63922,32.91206],[-87.63918,32.91921],[-87.6345,32.93132],[-87.63685,32.9335],[-87.64838,32.93724],[-87.65609,32.94224],[-87.66045,32.94309],[-87.66835,32.93966],[-87.67385,32.94105],[-87.67681,32.94666],[-87.68225,32.94716],[-87.69386,32.94135],[-87.70256,32.94379],[-87.71024,32.9408],[-87.71898,32.94097],[-87.72492,32.93776],[-87.7355,32.9349],[-87.73987,32.9308],[-87.74385,32.93534],[-87.75035,32.93509],[-87.75055,32.93141],[-87.75528,32.92817],[-87.75875,32.93517],[-87.76431,32.93146],[-87.76536,32.92438],[-87.77504,32.92688],[-87.77502,32.92002],[-87.76964,32.91708],[-87.76551,32.91051],[-87.76191,32.90863],[-87.76829,32.89896],[-87.77358,32.90265],[-87.77861,32.90191],[-87.78293,32.89538],[-87.786,32.89488],[-87.79376,32.89844],[-87.80028,32.89488],[-87.80662,32.89417],[-87.80524,32.88943],[-87.81028,32.88382],[-87.81042,32.87926],[-87.82212,32.88052],[-87.82174,32.86412],[-87.83159,32.86487],[-87.83251,32.85659],[-87.82953,32.85351],[-87.8205,32.85157],[-87.82046,32.84838],[-87.82802,32.84877],[-87.83223,32.84584],[-87.83175,32.84051],[-87.81986,32.83639],[-87.81683,32.83286]]]},"properties":{"STATEFP":"01","COUNTYFP":"065","COUSUBFP":"93015","COUSUBNS":"00165796","GEOIDFQ":"0600000US0106593015","GEOID":"0106593015","NAME":"Stewart-Akron","NAMELSAD":"Stewart-Akron CCD","STUSPS":"AL","NAMELSADCO":"Hale County","STATE_NAME":"Alabama","LSAD":"22","ALAND":248623819,"AWATER":7069083}},
{"type":"Feature","geometry":{"type":"Polygon","coordinates":[[[-86.51722,34.61787],[-86.51554,34.62738],[-86.51243,34.63276],[-86.51379,34.6458],[-86.51857,34.65035],[-86.513,34.66037],[-86.50801,34.66133],[-86.50828,34.66598],[-86.51277,34.66987],[-86.51752,34.68902],[-86.52616,34.70028],[-86.51742,34.70066],[-86.51653,34.70472],[-86.50102,34.70453],[-86.49099,34.70307],[-86.48697,34.70712],[-86.48993,34.72186],[-86.48956,34.72843],[-86.48441,34.73549],[-86.48135,34.74757],[-86.47462,34.75064],[-86.47445,34.75881],[-86.44134,34.74105],[-86.43856,34.74335],[-86.4495,34.75164],[-86.44733,34.7608],[-86.44202,34.76246],[-86.44298,34.77044],[-86.44968,34.77553],[-86.45446,34.7822],[-86.46031,34.78488],[-86.4714,34.78468],[-86.48558,34.78957],[-86.4731,34.80164],[-86.47279,34.8087],[-86.48027,34.81763],[-86.49199,34.82312],[-86.49961,34.83124],[-86.50013,34.83649],[-86.50003,34.88072],[-86.51802,34.88078],[-86.51817,34.89546],[-86.52696,34.89547],[-86.52715,34.90276],[-86.60731,34.90273],[-86.63392,34.90298],[-86.63392,34.88082],[-86.64231,34.88077],[-86.64267,34.86043],[-86.65465,34.86661],[-86.65996,34.86661],[-86.66545,34.87289],[-86.68525,34.87418],[-86.68416,34.8812],[-86.71322,34.88179],[-86.78024,34.88213],[-86.78397,34.88464],[-86.78419,34.88004],[-86.78588,34.77284],[-86.78611,34.74783],[-86.78611,34.74768],[-86.77633,34.74724],[-86.72524,34.75674],[-86.71433,34.75532],[-86.71451,34.73995],[-86.70606,34.72816],[-86.70707,34.69464],[-86.69418,34.69957],[-86.67704,34.70722],[-86.64412,34.71619],[-86.63936,34.71291],[-86.62693,34.71282],[-86.62777,34.68367],[-86.61001,34.68341],[-86.61057,34.66163],[-86.60179,34.6616],[-86.60188,34.65805],[-86.59271,34.65808],[-86.59262,34.66175],[-86.58818,34.66534],[-86.58338,34.66135],[-86.58273,34.65426],[-86.58536,34.64274],[-86.58756,34.63971],[-86.60217,34.63999],[-86.60233,34.63269],[-86.58921,34.63244],[-86.58927,34.62507],[-86.58601,34.61768],[-86.58817,34.61048],[-86.58843,34.59742],[-86.58575,34.59574],[-86.586,34.58275],[-86.57885,34.58136],[-86.56664,34.57473],[-86.55985,34.57846],[-86.55876,34.58336],[-86.5522,34.58568],[-86.54818,34.58977],[-86.54371,34.59868],[-86.54501,34.60306],[-86.54378,34.61502],[-86.53779,34.62913],[-86.52387,34.62913],[-86.52281,34.6229],[-86.51722,34.61787]]]},"properties":{"STATEFP":"01","COUNTYFP":"089","COUSUBFP":"91674","COUSUBNS":"00161618","GEOIDFQ":"0600000US0108991674","GEOID":"0108991674","NAME":"Huntsville","NAMELSAD":"Huntsville CCD","STUSPS":"AL","NAMELSADCO":"Madison County","STATE_NAME":"Alabama","LSAD":"22","ALAND":613656124,"AWATER":3732926}},
{"type":"Feature","geometry":{"type":"Polygon","coordinates":[[[-86.44134,34.74105],[-86.41918,34.72872],[-86.39947,34.70915],[-86.38963,34.71613],[-86.39208,34.72276],[-86.38391,34.73128],[-86.37502,34.73608],[-86.3748,34.73009],[-86.36897,34.72633],[-86.36537,34.71895],[-86.35825,34.71142],[-86.35812,34.73503],[-86.34821,34.74063],[-86.34328,34.74578],[-86.33939,34.75639],[-86.33785,34.76304],[-86.33974,34.76543],[-86.34175,34.78086],[-86.33816,34.78732],[-86.33402,34.78797],[-86.33496,34.79348],[-86.33993,34.79434],[-86.34445,34.80618],[-86.34354,34.81706],[-86.33642,34.81841],[-86.3351,34.82319],[-86.32655,34.83133],[-86.33798,34.83722],[-86.33435,34.84584],[-86.33699,34.85144],[-86.34697,34.85769],[-86.34519,34.86761],[-86.3513,34.87366],[-86.34672,34.87609],[-86.33894,34.88829],[-86.33872,34.89466],[-86.32943,34.9014],[-86.31882,34.90213],[-86.31131,34.91479],[-86.31639,34.92295],[-86.32236,34.92583],[-86.32624,34.9371],[-86.31576,34.93787],[-86.31104,34.9347],[-86.30047,34.94284],[-86.29326,34.94505],[-86.28856,34.93962],[-86.28009,34.93925],[-86.27965,34.9339],[-86.27366,34.92994],[-86.27224,34.9241],[-86.26597,34.92242],[-86.25694,34.92648],[-86.25577,34.92923],[-86.25912,34.9362],[-86.25777,34.93979],[-86.26107,34.94544],[-86.26738,34.94702],[-86.27468,34.95355],[-86.27934,34.95321],[-86.28705,34.95774],[-86.28983,34.96878],[-86.29518,34.96716],[-86.3052,34.97205],[-86.30918,34.98024],[-86.30879,34.9849],[-86.31127,34.9911],[-86.3972,34.99166],[-86.4733,34.99069],[-86.47328,34.96118],[-86.46861,34.95951],[-86.46854,34.95405],[-86.46546,34.93987],[-86.453,34.93586],[-86.45342,34.92924],[-86.44592,34.9173],[-86.44884,34.91009],[-86.48253,34.90998],[-86.48243,34.92216],[-86.49316,34.92058],[-86.4985,34.91349],[-86.49394,34.9058],[-86.49315,34.90128],[-86.49872,34.89172],[-86.49323,34.88694],[-86.48923,34.88943],[-86.48254,34.88816],[-86.48056,34.88058],[-86.50003,34.88072],[-86.50013,34.83649],[-86.49961,34.83124],[-86.49199,34.82312],[-86.48027,34.81763],[-86.47279,34.8087],[-86.4731,34.80164],[-86.48558,34.78957],[-86.4714,34.78468],[-86.46031,34.78488],[-86.45446,34.7822],[-86.44968,34.77553],[-86.44298,34.77044],[-86.44202,34.76246],[-86.44733,34.7608],[-86.4495,34.75164],[-86.43856,34.74335],[-86.44134,34.74105]]]},"properties":{"STATEFP":"01","COUNTYFP":"089","COUSUBFP":"92358","COUSUBNS":"00165870","GEOIDFQ":"0600000US0108992358","GEOID":"0108992358","NAME":"New Market","NAMELSAD":"New Market CCD","STUSPS":"AL","NAMELSADCO":"Madison County","STATE_NAME":"Alabama","LSAD":"22","ALAND":391479775,"AWATER":1894602}},
{"type":"Feature","geometry":{"type":"Polygon","coordinates":[[[-86.29962,33.33467],[-86.29738,33.32976],[-86.29822,33.32333],[-86.29383,33.32061],[-86.29177,33.31435],[-86.29211,33.29974],[-86.30291,33.29603],[-86.30129,33.285],[-86.29047,33.28631],[-86.27901,33.27898],[-86.2793,33.27454],[-86.27494,33.27017],[-86.26885,33.26767],[-86.26605,33.25836],[-86.25972,33.25527],[-86.25925,33.24956],[-86.25554,33.24654],[-86.25599,33.23772],[-86.26009,33.23227],[-86.25367,33.22729],[-86.24575,33.22981],[-86.23191,33.22958],[-86.22753,33.22554],[-86.22434,33.21878],[-86.21161,33.2179],[-86.20012,33.21954],[-86.19817,33.21318],[-86.19377,33.21238],[-86.19526,33.20632],[-86.18626,33.206],[-86.17656,33.20343],[-86.17166,33.19851],[-86.17284,33.19522],[-86.12497,33.19491],[-86.12057,33.19451],[-86.11944,33.25011],[-86.1182,33.29632],[-86.10084,33.29608],[-86.09613,33.29639],[-86.09397,33.30253],[-86.08502,33.30897],[-86.08042,33.31056],[-86.07873,33.32188],[-86.08033,33.32825],[-86.07713,33.33592],[-86.0727,33.33807],[-86.07685,33.3452],[-86.08314,33.35026],[-86.08198,33.35791],[-86.08346,33.36278],[-86.08776,33.3631],[-86.09128,33.36893],[-86.10114,33.37793],[-86.10301,33.38342],[-86.1145,33.39137],[-86.12176,33.39138],[-86.13059,33.39582],[-86.12622,33.3998],[-86.1307,33.40533],[-86.14059,33.40565],[-86.15195,33.41393],[-86.16211,33.41356],[-86.16515,33.40273],[-86.17049,33.40042],[-86.1716,33.39271],[-86.16757,33.38933],[-86.17229,33.38476],[-86.1777,33.38542],[-86.1885,33.38117],[-86.19721,33.36666],[-86.20721,33.35782],[-86.20762,33.35401],[-86.2144,33.35268],[-86.22161,33.36077],[-86.22674,33.36149],[-86.23471,33.35952],[-86.24374,33.35455],[-86.25288,33.35137],[-86.26434,33.34561],[-86.27002,33.34819],[-86.27908,33.34701],[-86.28167,33.34511],[-86.2896,33.34564],[-86.29501,33.3381],[-86.29962,33.33467]]]},"properties":{"STATEFP":"01","COUNTYFP":"121","COUSUBFP":"93060","COUSUBNS":"00165963","GEOIDFQ":"0600000US0112193060","GEOID":"0112193060","NAME":"Sycamore-Winterboro","NAMELSAD":"Sycamore-Winterboro CCD","STUSPS":"AL","NAMELSADCO":"Talladega County","STATE_NAME":"Alabama","LSAD":"22","ALAND":300222623,"AWATER":3014179}},
{"type":"Feature","geometry":{"type":"Polygon","coordinates":[[[-85.59364,32.84512],[-85.59336,32.82187],[-85.57527,32.82772],[-85.56628,32.83771],[-85.54486,32.84645],[-85.53086,32.84151],[-85.50866,32.83689],[-85.49903,32.8371],[-85.48966,32.84159],[-85.47799,32.84535],[-85.47292,32.842],[-85.46866,32.83111],[-85.45945,32.82633],[-85.44391,32.82525],[-85.44714,32.81888],[-85.44825,32.81071],[-85.43268,32.80788],[-85.42879,32.80891],[-85.41604,32.80361],[-85.4152,32.80207],[-85.40124,32.79968],[-85.39674,32.80086],[-85.38696,32.78259],[-85.38081,32.78301],[-85.37565,32.78505],[-85.37292,32.78913],[-85.3631,32.79117],[-85.35594,32.78742],[-85.35065,32.79106],[-85.34729,32.78813],[-85.33834,32.78504],[-85.33487,32.79278],[-85.33533,32.7989],[-85.32739,32.80293],[-85.31909,32.8],[-85.31343,32.8042],[-85.31569,32.80553],[-85.31003,32.81328],[-85.31458,32.8251],[-85.31008,32.83072],[-85.30857,32.83764],[-85.30938,32.84449],[-85.30751,32.85333],[-85.30623,32.86965],[-85.31768,32.8753],[-85.3297,32.8786],[-85.32844,32.88601],[-85.32215,32.89074],[-85.31773,32.90084],[-85.31076,32.90743],[-85.29856,32.91464],[-85.29989,32.93145],[-85.28661,32.93827],[-85.28554,32.94017],[-85.29864,32.94101],[-85.30388,32.94607],[-85.31048,32.94275],[-85.31942,32.94456],[-85.32537,32.9518],[-85.33222,32.95171],[-85.33548,32.95429],[-85.33938,32.96391],[-85.34007,32.9702],[-85.36022,32.97485],[-85.36261,32.97804],[-85.37005,32.97979],[-85.37727,32.99301],[-85.38799,32.99053],[-85.39331,32.99229],[-85.40584,32.99235],[-85.4097,32.99359],[-85.41039,33.00023],[-85.4164,33.00561],[-85.43274,33.00748],[-85.43261,32.9945],[-85.43735,32.9862],[-85.43761,32.97369],[-85.43907,32.9709],[-85.44604,32.96827],[-85.4551,32.97187],[-85.46013,32.96809],[-85.46578,32.96697],[-85.47897,32.97065],[-85.4868,32.97399],[-85.49582,32.97216],[-85.50103,32.97274],[-85.51483,32.96744],[-85.51982,32.96861],[-85.52593,32.97283],[-85.53061,32.98106],[-85.55641,32.98242],[-85.55865,32.97673],[-85.57177,32.98435],[-85.57453,32.98289],[-85.58481,32.98669],[-85.59333,32.9843],[-85.59364,32.84512]]]},"properties":{"STATEFP":"01","COUNTYFP":"017","COUSUBFP":"91818","COUSUBNS":"00165681","GEOIDFQ":"0600000US0101791818","GEOID":"0101791818","NAME":"La Fayette","NAMELSAD":"La Fayette CCD","STUSPS":"AL","NAMELSADCO":"Chambers County","STATE_NAME":"Alabama","LSAD":"22","ALAND":468944198,"AWATER":2043727}},
{"type":"Feature","geometry":{"type":"Polygon","coordinates":[[[-86.68727,32.24358],[-86.6853,32.24007],[-86.67798,32.23428],[-86.67185,32.22581],[-86.66781,32.22298],[-86.66636,32.21537],[-86.65344,32.21121],[-86.65384,32.20808],[-86.64787,32.20004],[-86.64415,32.19773],[-86.62893,32.19774],[-86.61456,32.1872],[-86.60921,32.18775],[-86.60188,32.19377],[-86.59788,32.19456],[-86.59396,32.20345],[-86.58892,32.20806],[-86.59744,32.2243],[-86.60129,32.23649],[-86.60223,32.24974],[-86.60787,32.26051],[-86.60794,32.2666],[-86.59857,32.26672],[-86.58565,32.26912],[-86.56445,32.26885],[-86.56279,32.27361],[-86.55118,32.28477],[-86.55079,32.29172],[-86.54445,32.29594],[-86.54342,32.3037],[-86.55358,32.31701],[-86.55828,32.31625],[-86.56427,32.31914],[-86.56095,32.32253],[-86.55918,32.32876],[-86.55385,32.3319],[-86.55375,32.33848],[-86.53969,32.33844],[-86.53567,32.34044],[-86.53925,32.3452],[-86.54254,32.36352],[-86.5479,32.36924],[-86.55895,32.36903],[-86.57055,32.37501],[-86.58187,32.37502],[-86.58826,32.36775],[-86.59057,32.36213],[-86.59533,32.36135],[-86.61484,32.37427],[-86.61662,32.3799],[-86.61318,32.39395],[-86.61374,32.39969],[-86.618,32.40572],[-86.62286,32.40665],[-86.62871,32.40277],[-86.64541,32.4023],[-86.65342,32.39725],[-86.65579,32.38869],[-86.65384,32.38069],[-86.6556,32.37615],[-86.67879,32.35536],[-86.6862,32.35374],[-86.69696,32.35759],[-86.71134,32.36077],[-86.71903,32.37206],[-86.71997,32.39115],[-86.71781,32.396],[-86.7179,32.40281],[-86.72718,32.4045],[-86.7321,32.39905],[-86.74216,32.39175],[-86.74998,32.38911],[-86.76354,32.3907],[-86.77476,32.39515],[-86.78135,32.39249],[-86.78124,32.37947],[-86.78222,32.37029],[-86.78045,32.3686],[-86.77316,32.34073],[-86.79107,32.31461],[-86.79827,32.30863],[-86.8108,32.30757],[-86.80564,32.30299],[-86.79315,32.30488],[-86.79334,32.30044],[-86.77941,32.30528],[-86.76593,32.31595],[-86.76605,32.30843],[-86.75845,32.3027],[-86.75475,32.30597],[-86.74791,32.30725],[-86.74554,32.31463],[-86.74113,32.31422],[-86.73535,32.31944],[-86.72402,32.32402],[-86.71043,32.32273],[-86.69999,32.31512],[-86.70039,32.30699],[-86.69845,32.29847],[-86.69877,32.28802],[-86.70308,32.28325],[-86.70028,32.27254],[-86.69382,32.26782],[-86.68954,32.26026],[-86.68466,32.24531],[-86.68727,32.24358]]]},"properties":{"STATEFP":"01","COUNTYFP":"085","COUSUBFP":"91998","COUSUBNS":"00165857","GEOIDFQ":"0600000US0108591998","GEOID":"0108591998","NAME":"Lowndesboro","NAMELSAD":"Lowndesboro CCD","STUSPS":"AL","NAMELSADCO":"Lowndes County","STATE_NAME":"Alabama","LSAD":"22","ALAND":276412605,"AWATER":12423628}},
{"type":"Feature","geometry":{"type":"Polygon","coordinates":[[[-88.15912,31.8523],[-88.168,31.85302],[-88.17882,31.85113],[-88.18824,31.85505],[-88.19483,31.86119],[-88.20303,31.87444],[-88.20529,31.8811],[-88.21081,31.88919],[-88.2156,31.90106],[-88.21594,31.90668],[-88.21877,31.91299],[-88.21522,31.9181],[-88.2102,31.92135],[-88.21074,31.92548],[-88.2209,31.93413],[-88.22957,31.94575],[-88.2353,31.94726],[-88.23824,31.95496],[-88.24523,31.96745],[-88.24987,31.97285],[-88.25593,31.98298],[-88.26111,32.00245],[-88.26842,32.01354],[-88.2691,32.02317],[-88.27135,32.03002],[-88.28005,32.02216],[-88.2845,32.02302],[-88.29219,32.03351],[-88.3045,32.03945],[-88.30848,32.03939],[-88.31996,32.02994],[-88.3277,32.02908],[-88.32635,32.04276],[-88.32887,32.06147],[-88.3343,32.0688],[-88.35489,32.06724],[-88.36141,32.06874],[-88.3656,32.07222],[-88.36626,32.07826],[-88.38315,32.07304],[-88.39266,32.07601],[-88.40224,32.07709],[-88.40805,32.08483],[-88.41751,32.08997],[-88.41826,32.09849],[-88.42313,32.10553],[-88.42841,32.1083],[-88.42897,32.12271],[-88.43314,32.13501],[-88.43694,32.13838],[-88.44188,32.14643],[-88.45504,32.03972],[-88.46866,31.93317],[-88.47323,31.89386],[-88.47264,31.87515],[-88.47111,31.85095],[-88.46983,31.8193],[-88.46271,31.81491],[-88.46055,31.80992],[-88.44932,31.81687],[-88.44662,31.82147],[-88.43489,31.82518],[-88.42937,31.83155],[-88.42486,31.84161],[-88.4209,31.84636],[-88.41597,31.84774],[-88.41423,31.85209],[-88.40926,31.84988],[-88.40164,31.8556],[-88.39626,31.86156],[-88.39213,31.85791],[-88.38116,31.85714],[-88.37894,31.85889],[-88.37004,31.85429],[-88.36659,31.84888],[-88.33865,31.83195],[-88.33152,31.82152],[-88.31766,31.82476],[-88.30575,31.82568],[-88.29988,31.8248],[-88.296,31.8216],[-88.28713,31.82998],[-88.28241,31.83175],[-88.27563,31.82879],[-88.26305,31.82632],[-88.25984,31.82955],[-88.25294,31.82709],[-88.24349,31.82155],[-88.23108,31.82071],[-88.22651,31.81783],[-88.22289,31.82405],[-88.21177,31.82339],[-88.21196,31.82026],[-88.1966,31.81928],[-88.19229,31.82574],[-88.18214,31.82831],[-88.1793,31.8213],[-88.17261,31.82487],[-88.16194,31.8408],[-88.15912,31.8523]]]},"properties":{"STATEFP":"01","COUNTYFP":"023","COUSUBFP":"91332","COUSUBNS":"00165696","GEOIDFQ":"0600000US0102391332","GEOID":"0102391332","NAME":"Gilbertown-Toxey","NAMELSAD":"Gilbertown-Toxey CCD","STUSPS":"AL","NAMELSADCO":"Choctaw County","STATE_NAME":"Alabama","LSAD":"22","ALAND":578524806,"AWATER":1887164}},
{"type":"Feature","geometry":{"type":"Polygon","coordinates":[[[-85.67511,31.25556],[-85.67114,31.25017],[-85.67973,31.23808],[-85.68909,31.23609],[-85.68754,31.22878],[-85.68983,31.22124],[-85.69378,31.22],[-85.6917,31.21345],[-85.69335,31.20992],[-85.7062,31.2019],[-85.71033,31.19517],[-85.58573,31.19488],[-85.54202,31.1974],[-85.52235,31.19802],[-85.48576,31.19989],[-85.47927,31.19993],[-85.47605,31.19547],[-85.47221,31.19897],[-85.46443,31.19206],[-85.46251,31.18521],[-85.46841,31.18187],[-85.46684,31.17545],[-85.46864,31.16478],[-85.45565,31.1723],[-85.45171,31.17064],[-85.4516,31.16281],[-85.44588,31.15901],[-85.44941,31.15536],[-85.4446,31.13414],[-85.43746,31.12651],[-85.43288,31.12544],[-85.42213,31.10989],[-85.41763,31.11078],[-85.41695,31.12216],[-85.41191,31.12561],[-85.39991,31.13039],[-85.39328,31.13735],[-85.39127,31.14845],[-85.37976,31.15773],[-85.37667,31.15798],[-85.3722,31.14922],[-85.36997,31.13944],[-85.35504,31.14737],[-85.34999,31.15223],[-85.34396,31.16111],[-85.33138,31.16166],[-85.32175,31.15641],[-85.31608,31.15611],[-85.30362,31.15199],[-85.30617,31.14425],[-85.30557,31.1374],[-85.2935,31.13083],[-85.28855,31.13076],[-85.27886,31.12788],[-85.26562,31.12566],[-85.26035,31.12193],[-85.25893,31.11466],[-85.25352,31.10328],[-85.24288,31.0951],[-85.23173,31.09015],[-85.22402,31.08309],[-85.21919,31.07519],[-85.21299,31.07221],[-85.20707,31.06332],[-85.20051,31.0585],[-85.19876,31.0696],[-85.20225,31.0754],[-85.20159,31.08355],[-85.19325,31.10221],[-85.18092,31.10952],[-85.18071,31.12137],[-85.18629,31.13106],[-85.18208,31.13555],[-85.17688,31.13742],[-85.1772,31.15202],[-85.1729,31.15731],[-85.18139,31.16681],[-85.18126,31.18705],[-85.17978,31.1904],[-85.184,31.19892],[-85.18341,31.20515],[-85.17932,31.21383],[-85.17879,31.22082],[-85.18491,31.2242],[-85.20528,31.22478],[-85.20488,31.24788],[-85.2097,31.25712],[-85.20104,31.27142],[-85.19891,31.2766],[-85.19356,31.27764],[-85.18801,31.28154],[-85.18048,31.29043],[-85.16866,31.30032],[-85.16205,31.30787],[-85.17913,31.30768],[-85.22936,31.30938],[-85.28034,31.31079],[-85.31545,31.31243],[-85.37493,31.31457],[-85.41743,31.31497],[-85.41775,31.30421],[-85.41706,31.28619],[-85.48544,31.2871],[-85.48619,31.2459],[-85.49679,31.24722],[-85.50379,31.24638],[-85.50888,31.25017],[-85.52454,31.25341],[-85.53238,31.25137],[-85.53467,31.25327],[-85.54611,31.25387],[-85.55171,31.25715],[-85.56294,31.26123],[-85.577,31.26457],[-85.58553,31.26418],[-85.58948,31.26693],[-85.60296,31.27238],[-85.61707,31.27281],[-85.61987,31.27434],[-85.63075,31.27274],[-85.63531,31.27556],[-85.64443,31.27221],[-85.64643,31.27322],[-85.66612,31.26732],[-85.66684,31.26308],[-85.67511,31.25556]]]},"properties":{"STATEFP":"01","COUNTYFP":"069","COUSUBFP":"90900","COUSUBNS":"00161615","GEOIDFQ":"0600000US0106990900","GEOID":"0106990900","NAME":"Dothan","NAMELSAD":"Dothan CCD","STUSPS":"AL","NAMELSADCO":"Houston County","STATE_NAME":"Alabama","LSAD":"22","ALAND":687106065,"AWATER":1993961}},
{"type":"Feature","geometry":{"type":"Polygon","coordinates":[[[-85.59333,32.9843],[-85.59299,33.01615],[-85.60022,33.01807],[-85.60888,33.02718],[-85.61517,33.02253],[-85.61155,33.01694],[-85.61058,33.01135],[-85.61642,33.00568],[-85.62242,32.99552],[-85.62865,32.99072],[-85.63421,32.97539],[-85.63274,32.97184],[-85.63982,32.96701],[-85.6461,32.96511],[-85.65946,32.97034],[-85.67086,32.97216],[-85.67536,32.96939],[-85.68435,32.96001],[-85.69337,32.95623],[-85.70033,32.95604],[-85.69826,32.96454],[-85.70174,32.97494],[-85.70294,32.98294],[-85.71046,32.98748],[-85.72104,32.98397],[-85.73242,32.97457],[-85.73661,32.96797],[-85.74393,32.96955],[-85.74059,32.97407],[-85.74417,32.98139],[-85.76148,32.98637],[-85.76505,32.9742],[-85.77906,32.97207],[-85.78259,32.96577],[-85.79118,32.96476],[-85.79835,32.96547],[-85.80916,32.96037],[-85.81346,32.9538],[-85.81857,32.95184],[-85.82831,32.95428],[-85.83014,32.95741],[-85.83665,32.9606],[-85.84471,32.95959],[-85.85255,32.96206],[-85.85758,32.96333],[-85.86413,32.95718],[-85.86596,32.95316],[-85.858,32.94666],[-85.85828,32.94311],[-85.86439,32.94085],[-85.86782,32.92985],[-85.87149,32.92445],[-85.86728,32.92056],[-85.86724,32.91608],[-85.88074,32.91272],[-85.88198,32.90872],[-85.89058,32.89532],[-85.89218,32.88858],[-85.89746,32.88418],[-85.90281,32.87647],[-85.90556,32.86368],[-85.89962,32.8569],[-85.89851,32.85031],[-85.89477,32.84309],[-85.88694,32.83572],[-85.88342,32.83451],[-85.8787,32.8285],[-85.88018,32.82297],[-85.89162,32.81336],[-85.89389,32.79863],[-85.89699,32.79184],[-85.8959,32.78489],[-85.89794,32.7744],[-85.89138,32.76758],[-85.89537,32.75458],[-85.87986,32.75453],[-85.88196,32.75123],[-85.88025,32.74485],[-85.88186,32.73756],[-85.8934,32.72766],[-85.89061,32.71701],[-85.89444,32.70942],[-85.89864,32.70517],[-85.90366,32.70361],[-85.90747,32.6993],[-85.91161,32.68438],[-85.90939,32.67619],[-85.90397,32.6754],[-85.89925,32.68038],[-85.89189,32.682],[-85.88595,32.68571],[-85.88024,32.68621],[-85.87542,32.67732],[-85.86999,32.67809],[-85.86979,32.67092],[-85.85814,32.67296],[-85.85007,32.67309],[-85.83864,32.67862],[-85.82791,32.68557],[-85.82651,32.69353],[-85.81475,32.69008],[-85.80863,32.68685],[-85.80652,32.68044],[-85.79748,32.683],[-85.79197,32.68993],[-85.78428,32.68711],[-85.76851,32.6845],[-85.76273,32.69214],[-85.74745,32.69164],[-85.74238,32.68843],[-85.72986,32.68663],[-85.72288,32.6868],[-85.7135,32.68999],[-85.71371,32.69921],[-85.71206,32.71034],[-85.70734,32.71482],[-85.69835,32.72745],[-85.69908,32.73584],[-85.69385,32.74307],[-85.68829,32.75577],[-85.7048,32.76979],[-85.70628,32.77722],[-85.7133,32.78682],[-85.72071,32.78883],[-85.72517,32.79386],[-85.71871,32.79935],[-85.70948,32.79504],[-85.70523,32.79806],[-85.70178,32.79347],[-85.69255,32.79482],[-85.68942,32.79926],[-85.70631,32.81154],[-85.71164,32.81409],[-85.70383,32.82116],[-85.6915,32.82248],[-85.6886,32.82909],[-85.68889,32.83495],[-85.67988,32.83516],[-85.6744,32.84263],[-85.67007,32.84188],[-85.65887,32.8436],[-85.65516,32.84181],[-85.64674,32.84366],[-85.63816,32.85056],[-85.62744,32.85508],[-85.62088,32.85449],[-85.62379,32.84274],[-85.60834,32.84473],[-85.59364,32.84512],[-85.59333,32.9843]]]},"properties":{"STATEFP":"01","COUNTYFP":"123","COUSUBFP":"90819","COUSUBNS":"00161623","GEOIDFQ":"0600000US0112390819","GEOID":"0112390819","NAME":"Dadeville","NAMELSAD":"Dadeville CCD","STUSPS":"AL","NAMELSADCO":"Tallapoosa County","STATE_NAME":"Alabama","LSAD":"22","ALAND":630376151,"AWATER":75107577}},
{"type":"Feature","geometry":{"type":"Polygon","coordinates":[[[-86.63392,34.90298],[-86.63336,34.9327],[-86.6421,34.93278],[-86.64139,34.99174],[-86.67673,34.99207],[-86.78363,34.99193],[-86.78397,34.88464],[-86.78024,34.88213],[-86.71322,34.88179],[-86.68416,34.8812],[-86.68525,34.87418],[-86.66545,34.87289],[-86.65996,34.86661],[-86.65465,34.86661],[-86.64267,34.86043],[-86.64231,34.88077],[-86.63392,34.88082],[-86.63392,34.90298]]]},"properties":{"STATEFP":"01","COUNTYFP":"089","COUSUBFP":"92061","COUSUBNS":"00165868","GEOIDFQ":"0600000US0108992061","GEOID":"0108992061","NAME":"Madison Crossroads","NAMELSAD":"Madison Crossroads CCD","STUSPS":"AL","NAMELSADCO":"Madison County","STATE_NAME":"Alabama","LSAD":"22","ALAND":167219646,"AWATER":749044}},
{"type":"Feature","geometry":{"type":"Polygon","coordinates":[[[-87.94491,30.83703],[-87.92816,30.84252],[-87.91223,30.84299],[-87.91581,30.82702],[-87.91582,30.82222],[-87.92254,30.80612],[-87.91974,30.80402],[-87.9188,30.79379],[-87.92387,30.77828],[-87.92444,30.76731],[-87.9186,30.75546],[-87.91997,30.75294],[-87.9319,30.7454],[-87.93925,30.72363],[-87.93994,30.71491],[-87.93604,30.70726],[-87.93604,30.70123],[-87.92808,30.70173],[-87.92448,30.69726],[-87.91202,30.69624],[-87.90875,30.69948],[-87.90145,30.69982],[-87.88337,30.71529],[-87.87673,30.71633],[-87.87301,30.72121],[-87.87288,30.72824],[-87.8762,30.73463],[-87.87482,30.74009],[-87.8696,30.73874],[-87.861,30.73948],[-87.85644,30.73545],[-87.8464,30.73687],[-87.82668,30.729],[-87.81632,30.72901],[-87.81258,30.72772],[-87.7961,30.72764],[-87.79018,30.72584],[-87.7905,30.71824],[-87.79516,30.70983],[-87.79543,30.70427],[-87.79304,30.69995],[-87.79001,30.68388],[-87.79302,30.67941],[-87.7935,30.66773],[-87.79132,30.66124],[-87.79381,30.6591],[-87.79177,30.65289],[-87.78548,30.65199],[-87.73502,30.65172],[-87.72501,30.65009],[-87.71481,30.64688],[-87.69442,30.64293],[-87.67889,30.63687],[-87.66265,30.63574],[-87.64155,30.63288],[-87.62358,30.62954],[-87.60685,30.62821],[-87.59095,30.62117],[-87.57456,30.61521],[-87.56961,30.61221],[-87.54147,30.59184],[-87.53377,30.58776],[-87.51881,30.58221],[-87.51164,30.5811],[-87.48983,30.5818],[-87.47278,30.57853],[-87.46265,30.57777],[-87.4394,30.57858],[-87.42635,30.57756],[-87.41247,30.57386],[-87.40874,30.5837],[-87.40656,30.59993],[-87.39927,30.60561],[-87.39503,30.61528],[-87.39643,30.61691],[-87.39359,30.63088],[-87.39718,30.64812],[-87.39726,30.65435],[-87.40071,30.65715],[-87.40587,30.66662],[-87.40696,30.67517],[-87.41953,30.67998],[-87.43037,30.68865],[-87.43602,30.68867],[-87.4514,30.69981],[-87.45695,30.69756],[-87.46634,30.70084],[-87.47443,30.70659],[-87.48122,30.71651],[-87.50232,30.72159],[-87.51173,30.73354],[-87.52361,30.73831],[-87.53261,30.74349],[-87.53536,30.74978],[-87.53708,30.76253],[-87.54616,30.77202],[-87.54504,30.77867],[-87.55205,30.78625],[-87.56814,30.79909],[-87.57204,30.80053],[-87.57685,30.80816],[-87.58187,30.8124],[-87.5943,30.81698],[-87.60049,30.82063],[-87.60578,30.8313],[-87.61592,30.83469],[-87.61728,30.84035],[-87.62732,30.84796],[-87.62538,30.85436],[-87.62824,30.86013],[-87.63494,30.86589],[-87.62945,30.88012],[-87.62206,30.88541],[-87.62092,30.88992],[-87.6222,30.89751],[-87.61601,30.90145],[-87.61421,30.90854],[-87.60781,30.92449],[-87.60268,30.93428],[-87.59689,30.94113],[-87.59205,30.95149],[-87.58919,30.96446],[-87.59416,30.97757],[-87.59339,30.98296],[-87.59672,30.98761],[-87.59893,30.99746],[-87.61543,30.99736],[-87.61542,31.041],[-87.62621,31.03773],[-87.63497,31.03375],[-87.65829,31.01774],[-87.67147,31.01021],[-87.70838,30.9832],[-87.72477,30.97517],[-87.75232,30.96614],[-87.78048,30.96039],[-87.80544,30.95762],[-87.82252,30.95379],[-87.84623,30.95201],[-87.93627,30.92806],[-87.94475,30.92474],[-87.9544,30.91942],[-87.95442,30.91176],[-87.95884,30.90399],[-87.96769,30.8996],[-87.97969,30.88899],[-87.9835,30.88357],[-87.98641,30.87517],[-87.98504,30.8665],[-87.98097,30.86187],[-87.96706,30.85706],[-87.95448,30.84941],[-87.94491,30.83703]]]},"properties":{"STATEFP":"01","COUNTYFP":"003","COUSUBFP":"90207","COUSUBNS":"00161594","GEOIDFQ":"0600000US0100390207","GEOID":"0100390207","NAME":"Bay Minette","NAMELSAD":"Bay Minette CCD","STUSPS":"AL","NAMELSADCO":"Baldwin County","STATE_NAME":"Alabama","LSAD":"22","ALAND":1338312247,"AWATER":27516166}},
{"type":"Feature","geometry":{"type":"Polygon","coordinates":[[[-84.95822,32.21793],[-84.93933,32.21795],[-84.93013,32.21905],[-84.92293,32.22475],[-84.92353,32.22975],[-84.91633,32.23655],[-84.91273,32.24335],[-84.91723,32.24595],[-84.92413,32.24565],[-84.92301,32.25082],[-84.9101,32.24833],[-84.90409,32.25084],[-84.90145,32.25742],[-84.8923,32.25827],[-84.88908,32.26091],[-84.90402,32.27375],[-84.91113,32.27695],[-84.92287,32.28533],[-84.9338,32.29826],[-84.93868,32.30071],[-84.98951,32.31932],[-85.00187,32.32202],[-85.0071,32.32836],[-85.0081,32.33668],[-85.00458,32.3452],[-84.98678,32.35906],[-84.98324,32.36512],[-84.9863,32.36967],[-84.98409,32.37352],[-84.97433,32.37458],[-84.97382,32.37987],[-84.98628,32.38034],[-84.98855,32.38408],[-84.98339,32.39176],[-84.97177,32.3906],[-84.97388,32.39522],[-84.9811,32.40283],[-84.97943,32.41224],[-84.97183,32.41624],[-84.96343,32.42254],[-84.96703,32.43534],[-84.97183,32.44284],[-84.98383,32.44564],[-84.99353,32.45074],[-84.99803,32.46174],[-84.99823,32.46984],[-84.99523,32.47524],[-84.99483,32.48604],[-84.99833,32.49414],[-84.9975,32.50073],[-85.00079,32.51019],[-85.06078,32.50918],[-85.0593,32.47298],[-85.11318,32.47163],[-85.16535,32.47097],[-85.16477,32.46869],[-85.14353,32.46341],[-85.13821,32.4663],[-85.1317,32.46525],[-85.13215,32.46002],[-85.12197,32.44705],[-85.11657,32.44278],[-85.11047,32.42148],[-85.1076,32.41848],[-85.10683,32.41071],[-85.10323,32.40916],[-85.10413,32.40317],[-85.1009,32.38435],[-85.09131,32.38097],[-85.08235,32.38033],[-85.07814,32.37358],[-85.07637,32.36456],[-85.07352,32.36019],[-85.07174,32.35201],[-85.08102,32.3515],[-85.09527,32.35503],[-85.09634,32.35249],[-85.10574,32.34746],[-85.10564,32.33764],[-85.09791,32.32857],[-85.09618,32.32393],[-85.09571,32.3106],[-85.09958,32.30796],[-85.09128,32.29492],[-85.09071,32.28827],[-85.08106,32.28174],[-85.0854,32.27703],[-85.07006,32.27366],[-85.05901,32.27036],[-85.04587,32.27291],[-85.02358,32.26728],[-85.01989,32.26501],[-85.00617,32.26214],[-84.99742,32.25597],[-84.99238,32.25009],[-84.97691,32.2365],[-84.97529,32.22981],[-84.96821,32.22823],[-84.96233,32.22883],[-84.95857,32.22372],[-84.95822,32.21793]]]},"properties":{"STATEFP":"01","COUNTYFP":"113","COUSUBFP":"92538","COUSUBNS":"00165941","GEOIDFQ":"0600000US0111392538","GEOID":"0111392538","NAME":"Phenix City","NAMELSAD":"Phenix City CCD","STUSPS":"AL","NAMELSADCO":"Russell County","STATE_NAME":"Alabama","LSAD":"22","ALAND":326208585,"AWATER":7093607}},
{"type":"Feature","geometry":{"type":"Polygon","coordinates":[[[-86.33939,34.75639],[-86.33471,34.75389],[-86.32629,34.74155],[-86.31713,34.74382],[-86.31689,34.73569],[-86.31347,34.72366],[-86.30754,34.71009],[-86.29503,34.71869],[-86.28602,34.72111],[-86.28075,34.7202],[-86.27361,34.72498],[-86.26712,34.72221],[-86.25115,34.72448],[-86.24529,34.72805],[-86.2445,34.73157],[-86.23371,34.74048],[-86.22103,34.74534],[-86.22185,34.74978],[-86.20393,34.75415],[-86.19584,34.75404],[-86.19376,34.75813],[-86.18192,34.76263],[-86.17178,34.76529],[-86.16042,34.76105],[-86.16002,34.75803],[-86.15487,34.77075],[-86.15193,34.77447],[-86.1404,34.78083],[-86.13248,34.78119],[-86.12969,34.78382],[-86.11975,34.78697],[-86.12045,34.80421],[-86.10377,34.84956],[-86.09686,34.88538],[-86.09523,34.88986],[-86.08722,34.90219],[-86.08617,34.90474],[-86.08179,34.93225],[-86.08225,34.93718],[-86.09023,34.94639],[-86.09123,34.95026],[-86.08634,34.96876],[-86.08127,34.97547],[-86.07442,34.98097],[-86.06714,34.98961],[-86.15293,34.99014],[-86.31127,34.9911],[-86.30879,34.9849],[-86.30918,34.98024],[-86.3052,34.97205],[-86.29518,34.96716],[-86.28983,34.96878],[-86.28705,34.95774],[-86.27934,34.95321],[-86.27468,34.95355],[-86.26738,34.94702],[-86.26107,34.94544],[-86.25777,34.93979],[-86.25912,34.9362],[-86.25577,34.92923],[-86.25694,34.92648],[-86.26597,34.92242],[-86.27224,34.9241],[-86.27366,34.92994],[-86.27965,34.9339],[-86.28009,34.93925],[-86.28856,34.93962],[-86.29326,34.94505],[-86.30047,34.94284],[-86.31104,34.9347],[-86.31576,34.93787],[-86.32624,34.9371],[-86.32236,34.92583],[-86.31639,34.92295],[-86.31131,34.91479],[-86.31882,34.90213],[-86.32943,34.9014],[-86.33872,34.89466],[-86.33894,34.88829],[-86.34672,34.87609],[-86.3513,34.87366],[-86.34519,34.86761],[-86.34697,34.85769],[-86.33699,34.85144],[-86.33435,34.84584],[-86.33798,34.83722],[-86.32655,34.83133],[-86.3351,34.82319],[-86.33642,34.81841],[-86.34354,34.81706],[-86.34445,34.80618],[-86.33993,34.79434],[-86.33496,34.79348],[-86.33402,34.78797],[-86.33816,34.78732],[-86.34175,34.78086],[-86.33974,34.76543],[-86.33785,34.76304],[-86.33939,34.75639]]]},"properties":{"STATEFP":"01","COUNTYFP":"071","COUSUBFP":"92637","COUSUBNS":"00165809","GEOIDFQ":"0600000US0107192637","GEOID":"0107192637","NAME":"Princeton","NAMELSAD":"Princeton CCD","STUSPS":"AL","NAMELSADCO":"Jackson County","STATE_NAME":"Alabama","LSAD":"22","ALAND":552107880,"AWATER":1678319}},
{"type":"Feature","geometry":{"type":"Polygon","coordinates":[[[-86.02734,31.83259],[-86.0356,31.82097],[-86.04696,31.81236],[-86.0482,31.80483],[-86.04735,31.7986],[-86.05135,31.79016],[-86.05637,31.78847],[-86.05761,31.7841],[-86.06857,31.78116],[-86.07717,31.77476],[-86.07869,31.76916],[-86.07794,31.76293],[-86.06912,31.76327],[-86.06447,31.76185],[-86.05989,31.76374],[-86.05369,31.76218],[-86.04563,31.76628],[-86.03811,31.76522],[-86.02684,31.76933],[-86.01785,31.77006],[-86.01321,31.76557],[-86.0089,31.74934],[-86.00399,31.74371],[-85.99113,31.73798],[-85.97606,31.7377],[-85.97203,31.73537],[-85.9573,31.73534],[-85.95998,31.75437],[-85.95381,31.75056],[-85.94705,31.74345],[-85.93558,31.73419],[-85.93118,31.7287],[-85.9258,31.72861],[-85.92442,31.72102],[-85.9191,31.71038],[-85.91701,31.69455],[-85.91309,31.68754],[-85.90777,31.68159],[-85.90483,31.68908],[-85.89832,31.69787],[-85.89209,31.70397],[-85.88704,31.71458],[-85.86625,31.73346],[-85.86307,31.74202],[-85.85869,31.74716],[-85.84798,31.75359],[-85.86331,31.76421],[-85.87039,31.76413],[-85.88201,31.7713],[-85.88446,31.77561],[-85.88491,31.78511],[-85.90236,31.79635],[-85.91095,31.7988],[-85.90119,31.80751],[-85.89495,31.81015],[-85.89258,31.81854],[-85.89975,31.82078],[-85.89795,31.82623],[-85.89756,31.83513],[-85.89913,31.84081],[-85.89321,31.85213],[-85.88407,31.85301],[-85.87059,31.86185],[-85.87049,31.86745],[-85.87739,31.86626],[-85.89374,31.86987],[-85.90948,31.87836],[-85.92799,31.87418],[-85.93687,31.86992],[-85.9457,31.869],[-85.94912,31.86465],[-85.96574,31.85579],[-85.97547,31.85429],[-85.98347,31.85104],[-85.99381,31.84422],[-86.00038,31.84373],[-86.00714,31.8346],[-86.01978,31.83034],[-86.02734,31.83259]]]},"properties":{"STATEFP":"01","COUNTYFP":"109","COUSUBFP":"93195","COUSUBNS":"00165933","GEOIDFQ":"0600000US0110993195","GEOID":"0110993195","NAME":"Troy","NAMELSAD":"Troy CCD","STUSPS":"AL","NAMELSADCO":"Pike County","STATE_NAME":"Alabama","LSAD":"22","ALAND":211097077,"AWATER":572735}},
{"type":"Feature","geometry":{"type":"Polygon","coordinates":[[[-86.60788,33.92006],[-86.60127,33.92021],[-86.59873,33.90886],[-86.60287,33.90824],[-86.60618,33.90233],[-86.61287,33.9012],[-86.61266,33.89598],[-86.60376,33.89464],[-86.60136,33.89147],[-86.58784,33.8842],[-86.58474,33.88446],[-86.57907,33.87837],[-86.57024,33.87679],[-86.5725,33.87326],[-86.5791,33.86927],[-86.58404,33.85998],[-86.57732,33.85983],[-86.57127,33.853],[-86.565,33.85105],[-86.56962,33.84563],[-86.56571,33.83892],[-86.56739,33.83093],[-86.57055,33.82601],[-86.57207,33.81882],[-86.56421,33.80194],[-86.52177,33.8019],[-86.51267,33.81057],[-86.50501,33.80864],[-86.49823,33.81275],[-86.48637,33.81339],[-86.48029,33.81515],[-86.47034,33.82083],[-86.44661,33.82455],[-86.43772,33.81998],[-86.43021,33.81951],[-86.42836,33.82288],[-86.40598,33.8359],[-86.3915,33.84941],[-86.39151,33.85273],[-86.37721,33.8619],[-86.37026,33.86674],[-86.36601,33.87287],[-86.35677,33.87588],[-86.34811,33.88087],[-86.34269,33.88647],[-86.33934,33.89484],[-86.34802,33.90139],[-86.3495,33.90698],[-86.34623,33.91557],[-86.33994,33.92097],[-86.33546,33.91983],[-86.32785,33.92961],[-86.32229,33.93218],[-86.32762,33.93726],[-86.32562,33.94015],[-86.37015,33.93977],[-86.36107,33.9469],[-86.3586,33.95292],[-86.34949,33.95725],[-86.35152,33.96012],[-86.34465,33.96453],[-86.34468,33.9675],[-86.33934,33.97148],[-86.33567,33.98376],[-86.33272,33.98611],[-86.33227,34.02285],[-86.34455,34.01749],[-86.35642,34.00907],[-86.36199,34.00706],[-86.36875,34.00163],[-86.38228,34.00562],[-86.39302,34.00343],[-86.3976,34.00553],[-86.40807,33.99869],[-86.41354,33.99303],[-86.41998,33.98935],[-86.4278,33.99867],[-86.43818,33.99735],[-86.43854,33.99966],[-86.44793,34.00795],[-86.45839,34.01066],[-86.46191,34.01531],[-86.46623,34.01256],[-86.46912,34.0069],[-86.48529,34.00643],[-86.48291,34.00149],[-86.4931,34.00086],[-86.50492,33.99501],[-86.50586,33.9883],[-86.51321,33.97943],[-86.52207,33.97309],[-86.53271,33.97974],[-86.53631,33.98533],[-86.54274,33.98105],[-86.53986,33.97656],[-86.54316,33.96625],[-86.54192,33.96402],[-86.54894,33.95651],[-86.55548,33.95825],[-86.55831,33.95232],[-86.56293,33.94808],[-86.569,33.94687],[-86.56733,33.94268],[-86.55903,33.9435],[-86.55735,33.94046],[-86.56521,33.93303],[-86.57156,33.93115],[-86.58238,33.93303],[-86.58147,33.93623],[-86.58405,33.94617],[-86.5972,33.937],[-86.60788,33.92006]]]},"properties":{"STATEFP":"01","COUNTYFP":"009","COUSUBFP":"92439","COUSUBNS":"00165666","GEOIDFQ":"0600000US0100992439","GEOID":"0100992439","NAME":"Oneonta","NAMELSAD":"Oneonta CCD","STUSPS":"AL","NAMELSADCO":"Blount County","STATE_NAME":"Alabama","LSAD":"22","ALAND":400019819,"AWATER":8514065}},
{"type":"Feature","geometry":{"type":"Polygon","coordinates":[[[-86.30307,33.46316],[-86.29987,33.46227],[-86.29786,33.45434],[-86.28538,33.44489],[-86.2774,33.44915],[-86.27066,33.44807],[-86.26444,33.44315],[-86.25583,33.4458],[-86.25014,33.43811],[-86.23713,33.43925],[-86.23039,33.44657],[-86.21612,33.44172],[-86.2054,33.44067],[-86.19295,33.43767],[-86.18562,33.43738],[-86.18271,33.42612],[-86.18409,33.42109],[-86.18433,33.40599],[-86.18143,33.40749],[-86.16827,33.40728],[-86.16515,33.40273],[-86.16211,33.41356],[-86.15195,33.41393],[-86.14059,33.40565],[-86.1307,33.40533],[-86.12622,33.3998],[-86.13059,33.39582],[-86.12176,33.39138],[-86.1145,33.39137],[-86.10301,33.38342],[-86.10114,33.37793],[-86.09128,33.36893],[-86.08776,33.3631],[-86.08346,33.36278],[-86.08198,33.35791],[-86.08314,33.35026],[-86.07685,33.3452],[-86.0727,33.33807],[-86.07713,33.33592],[-86.08033,33.32825],[-86.07873,33.32188],[-86.08042,33.31056],[-86.08502,33.30897],[-86.09397,33.30253],[-86.09613,33.29639],[-86.10084,33.29608],[-86.01155,33.29432],[-85.98029,33.29419],[-85.97879,33.32757],[-85.97671,33.36858],[-85.97652,33.38187],[-85.94126,33.38175],[-85.94087,33.39605],[-85.92376,33.39621],[-85.92282,33.45458],[-85.91984,33.45461],[-85.9206,33.45816],[-85.92921,33.46793],[-85.94265,33.46985],[-85.94788,33.46848],[-85.95678,33.47071],[-85.95981,33.47489],[-85.95705,33.47989],[-85.96227,33.48628],[-85.95775,33.49093],[-85.9693,33.49417],[-85.97879,33.49206],[-85.98039,33.49623],[-85.99272,33.49151],[-86.0003,33.49461],[-86.0025,33.50181],[-86.00672,33.50811],[-86.01272,33.50853],[-86.03104,33.5162],[-86.03505,33.52407],[-86.04086,33.5284],[-86.04151,33.54433],[-86.05244,33.53779],[-86.05775,33.53962],[-86.07089,33.54151],[-86.07141,33.54743],[-86.07782,33.54636],[-86.08138,33.54203],[-86.10068,33.55212],[-86.10602,33.5537],[-86.11225,33.55108],[-86.11742,33.55871],[-86.12497,33.55954],[-86.13841,33.57175],[-86.14315,33.5698],[-86.14591,33.56468],[-86.15028,33.56884],[-86.17044,33.56811],[-86.17051,33.55768],[-86.1746,33.55723],[-86.17847,33.56126],[-86.18299,33.55966],[-86.18411,33.55449],[-86.19267,33.55314],[-86.19049,33.54373],[-86.19589,33.53868],[-86.20695,33.53434],[-86.22107,33.52527],[-86.22658,33.52055],[-86.23119,33.50843],[-86.23037,33.49967],[-86.23533,33.49453],[-86.25662,33.48903],[-86.26192,33.49125],[-86.2656,33.49635],[-86.26279,33.50594],[-86.26294,33.51181],[-86.26658,33.51464],[-86.27408,33.51366],[-86.2809,33.5108],[-86.28634,33.50449],[-86.28784,33.49556],[-86.28732,33.48728],[-86.29476,33.4834],[-86.30057,33.47411],[-86.30307,33.46316]]]},"properties":{"STATEFP":"01","COUNTYFP":"121","COUSUBFP":"93078","COUSUBNS":"00165965","GEOIDFQ":"0600000US0112193078","GEOID":"0112193078","NAME":"Talladega","NAMELSAD":"Talladega CCD","STUSPS":"AL","NAMELSADCO":"Talladega County","STATE_NAME":"Alabama","LSAD":"22","ALAND":529407974,"AWATER":18356546}},
{"type":"Feature","geometry":{"type":"Polygon","coordinates":[[[-87.577,31.4321],[-87.57064,31.43186],[-87.5704,31.42783],[-87.56075,31.43305],[-87.54475,31.43846],[-87.53114,31.44141],[-87.52587,31.44581],[-87.52464,31.44945],[-87.51562,31.46075],[-87.5091,31.45845],[-87.50103,31.46072],[-87.49949,31.47078],[-87.48078,31.47755],[-87.47591,31.48156],[-87.45982,31.48241],[-87.44923,31.48833],[-87.44016,31.48787],[-87.42342,31.48168],[-87.41591,31.48088],[-87.4043,31.48177],[-87.40077,31.48431],[-87.40042,31.49119],[-87.39405,31.49974],[-87.3908,31.49848],[-87.35285,31.47482],[-87.34547,31.46984],[-87.29699,31.43348],[-87.285,31.4238],[-87.27549,31.41974],[-87.27111,31.4162],[-87.26856,31.42068],[-87.24383,31.43869],[-87.23874,31.44495],[-87.23407,31.44788],[-87.22954,31.4537],[-87.20855,31.45729],[-87.19722,31.47237],[-87.19793,31.47811],[-87.19345,31.48466],[-87.19733,31.48458],[-87.20654,31.49293],[-87.21373,31.50464],[-87.22259,31.51358],[-87.22628,31.512],[-87.23669,31.5166],[-87.23919,31.52522],[-87.23897,31.53485],[-87.24042,31.539],[-87.24792,31.54886],[-87.25252,31.55253],[-87.26324,31.55242],[-87.29297,31.56084],[-87.29833,31.55924],[-87.31508,31.56522],[-87.32568,31.56382],[-87.33344,31.56492],[-87.34064,31.56265],[-87.35001,31.56324],[-87.35287,31.56125],[-87.36623,31.56555],[-87.37636,31.56248],[-87.37926,31.5636],[-87.39314,31.56622],[-87.39672,31.56906],[-87.4077,31.56854],[-87.41227,31.56497],[-87.42366,31.567],[-87.44004,31.55638],[-87.44613,31.55979],[-87.45419,31.55981],[-87.45922,31.55555],[-87.46479,31.55839],[-87.47239,31.55768],[-87.47749,31.5607],[-87.49551,31.5628],[-87.50083,31.56642],[-87.50749,31.56431],[-87.50913,31.55741],[-87.51396,31.56],[-87.51369,31.57136],[-87.53088,31.58539],[-87.54254,31.59248],[-87.54948,31.60235],[-87.55177,31.61599],[-87.55267,31.63863],[-87.55606,31.64573],[-87.56642,31.65998],[-87.56587,31.57473],[-87.56541,31.55357],[-87.57171,31.55012],[-87.58584,31.53983],[-87.59926,31.52744],[-87.61463,31.52237],[-87.61984,31.51905],[-87.62107,31.51302],[-87.6046,31.5],[-87.59594,31.49559],[-87.57766,31.48797],[-87.56571,31.48168],[-87.56223,31.47537],[-87.56336,31.4647],[-87.56728,31.45456],[-87.57017,31.44292],[-87.57373,31.43509],[-87.577,31.4321]]]},"properties":{"STATEFP":"01","COUNTYFP":"099","COUSUBFP":"92196","COUSUBNS":"00165900","GEOIDFQ":"0600000US0109992196","GEOID":"0109992196","NAME":"Monroeville","NAMELSAD":"Monroeville CCD","STUSPS":"AL","NAMELSADCO":"Monroe County","STATE_NAME":"Alabama","LSAD":"22","ALAND":405969041,"AWATER":5297069}},
{"type":"Feature","geometry":{"type":"Polygon","coordinates":[[[-86.45111,34.27454],[-86.45628,34.26337],[-86.45302,34.25932],[-86.44413,34.25912],[-86.44476,34.25009],[-86.43676,34.23938],[-86.41483,34.21222],[-86.40493,34.22054],[-86.39689,34.22895],[-86.39704,34.23523],[-86.39079,34.24514],[-86.38579,34.24629],[-86.37847,34.25782],[-86.37378,34.25812],[-86.3645,34.24734],[-86.35385,34.24476],[-86.34436,34.24119],[-86.33455,34.24444],[-86.33405,34.24879],[-86.33451,34.25491],[-86.32967,34.26684],[-86.32517,34.27023],[-86.31022,34.27577],[-86.3018,34.28308],[-86.29256,34.28888],[-86.28996,34.28711],[-86.2819,34.28862],[-86.26655,34.28444],[-86.25321,34.27631],[-86.24536,34.27526],[-86.24675,34.28186],[-86.24159,34.29158],[-86.23453,34.29537],[-86.23216,34.30005],[-86.22332,34.3005],[-86.21527,34.30301],[-86.21047,34.30807],[-86.21151,34.31129],[-86.20655,34.31588],[-86.20458,34.32168],[-86.19761,34.32335],[-86.19259,34.33008],[-86.18741,34.33234],[-86.18597,34.33558],[-86.18867,34.34183],[-86.19419,34.34495],[-86.19758,34.35627],[-86.21115,34.35853],[-86.2167,34.36326],[-86.21932,34.36896],[-86.23456,34.37509],[-86.24121,34.38148],[-86.24631,34.37901],[-86.2692,34.37735],[-86.27816,34.37902],[-86.28883,34.37367],[-86.29536,34.37386],[-86.30918,34.37785],[-86.31826,34.38235],[-86.32305,34.38624],[-86.32912,34.39483],[-86.32544,34.40905],[-86.32469,34.41574],[-86.32975,34.40128],[-86.33809,34.384],[-86.34318,34.38341],[-86.34771,34.37844],[-86.34129,34.37324],[-86.34375,34.36103],[-86.35355,34.35512],[-86.35512,34.34394],[-86.35067,34.33952],[-86.3572,34.33121],[-86.36453,34.33057],[-86.36188,34.3258],[-86.36793,34.3217],[-86.38806,34.32838],[-86.38629,34.32468],[-86.38053,34.3225],[-86.37648,34.31327],[-86.37959,34.30644],[-86.389,34.30122],[-86.3818,34.30018],[-86.3837,34.29629],[-86.38988,34.29906],[-86.39516,34.29746],[-86.4021,34.30113],[-86.40442,34.30964],[-86.40703,34.31227],[-86.41425,34.31173],[-86.41939,34.31521],[-86.42316,34.31216],[-86.42485,34.30477],[-86.43303,34.29982],[-86.4359,34.29347],[-86.44268,34.28839],[-86.44892,34.28801],[-86.45111,34.27454]]]},"properties":{"STATEFP":"01","COUNTYFP":"095","COUSUBFP":"91458","COUSUBNS":"00165888","GEOIDFQ":"0600000US0109591458","GEOID":"0109591458","NAME":"Guntersville","NAMELSAD":"Guntersville CCD","STUSPS":"AL","NAMELSADCO":"Marshall County","STATE_NAME":"Alabama","LSAD":"22","ALAND":174194634,"AWATER":44573898}},
{"type":"Feature","geometry":{"type":"Polygon","coordinates":[[[-86.95366,33.8153],[-86.93654,33.81531],[-86.88395,33.84324],[-86.80298,33.84125],[-86.75914,33.84062],[-86.75332,33.83715],[-86.74393,33.83143],[-86.7408,33.83467],[-86.73906,33.84289],[-86.72817,33.84603],[-86.73205,33.85879],[-86.72351,33.86468],[-86.71739,33.8726],[-86.70441,33.877],[-86.70001,33.87996],[-86.69134,33.89368],[-86.69054,33.9003],[-86.68757,33.90169],[-86.67911,33.89867],[-86.67445,33.89955],[-86.67421,33.90458],[-86.68037,33.90713],[-86.68858,33.90566],[-86.69288,33.9121],[-86.70514,33.91279],[-86.7063,33.91543],[-86.6999,33.92399],[-86.69269,33.92241],[-86.68444,33.91219],[-86.67533,33.91108],[-86.6696,33.91497],[-86.67782,33.92204],[-86.68048,33.92953],[-86.67873,33.93539],[-86.68203,33.93828],[-86.69131,33.93356],[-86.70258,33.94422],[-86.70916,33.94773],[-86.71574,33.95871],[-86.72321,33.95975],[-86.72495,33.96962],[-86.73572,33.97578],[-86.74693,33.97832],[-86.75168,33.97796],[-86.75347,33.98945],[-86.74919,33.9976],[-86.76132,33.99544],[-86.7574,33.99012],[-86.76254,33.98495],[-86.764,33.97419],[-86.77491,33.97332],[-86.77123,33.96914],[-86.77325,33.96547],[-86.78255,33.96918],[-86.79168,33.96356],[-86.78802,33.95921],[-86.78983,33.95392],[-86.79708,33.95252],[-86.80375,33.95476],[-86.81135,33.95356],[-86.82156,33.95713],[-86.82407,33.95273],[-86.81847,33.94357],[-86.82061,33.94138],[-86.82742,33.94423],[-86.83621,33.95062],[-86.84329,33.94853],[-86.85532,33.93975],[-86.86045,33.93435],[-86.85943,33.92922],[-86.86807,33.93272],[-86.87742,33.93636],[-86.8861,33.93347],[-86.88319,33.92472],[-86.8866,33.91693],[-86.90015,33.91516],[-86.90773,33.91277],[-86.91491,33.91585],[-86.92439,33.90922],[-86.92741,33.89785],[-86.92116,33.89491],[-86.91982,33.88462],[-86.92417,33.87647],[-86.9202,33.87345],[-86.93232,33.86729],[-86.94571,33.86705],[-86.95144,33.8715],[-86.95349,33.864],[-86.96211,33.86769],[-86.95939,33.85932],[-86.96336,33.85822],[-86.96296,33.84487],[-86.9543,33.84486],[-86.95366,33.8153]]]},"properties":{"STATEFP":"01","COUNTYFP":"009","COUSUBFP":"91557","COUSUBNS":"00165664","GEOIDFQ":"0600000US0100991557","GEOID":"0100991557","NAME":"Hayden","NAMELSAD":"Hayden CCD","STUSPS":"AL","NAMELSADCO":"Blount County","STATE_NAME":"Alabama","LSAD":"22","ALAND":265735374,"AWATER":1560770}},
{"type":"Feature","geometry":{"type":"Polygon","coordinates":[[[-86.9664,34.49011],[-86.96584,34.50013],[-86.96312,34.50505],[-86.95611,34.50687],[-86.9622,34.51277],[-86.96397,34.51981],[-86.95853,34.52213],[-86.95329,34.53192],[-86.95695,34.53255],[-86.95887,34.54262],[-86.96327,34.54964],[-86.95518,34.55573],[-86.95429,34.55853],[-86.94141,34.56639],[-86.92691,34.56959],[-86.92084,34.57224],[-86.92409,34.57712],[-86.9233,34.58669],[-86.95891,34.60709],[-86.97273,34.61313],[-86.99205,34.6273],[-87.01108,34.63628],[-87.01793,34.64031],[-87.02812,34.64914],[-87.03532,34.65204],[-87.04358,34.65172],[-87.04981,34.64974],[-87.0542,34.6511],[-87.06864,34.66127],[-87.0855,34.66953],[-87.10507,34.68604],[-87.10576,34.60562],[-87.10644,34.56087],[-87.10699,34.49916],[-87.10142,34.50508],[-87.09202,34.50734],[-87.08993,34.51226],[-87.08018,34.51109],[-87.07416,34.51345],[-87.06586,34.51014],[-87.06425,34.50601],[-87.05939,34.50328],[-87.05199,34.50275],[-87.04621,34.50551],[-87.04083,34.50364],[-87.03659,34.4985],[-87.03924,34.49504],[-87.03611,34.49142],[-87.02745,34.49477],[-87.01677,34.49634],[-87.01331,34.48746],[-87.00997,34.49231],[-86.99058,34.50182],[-86.98768,34.50525],[-86.98302,34.50188],[-86.97624,34.50139],[-86.97059,34.49757],[-86.97141,34.49333],[-86.9664,34.49011]]]},"properties":{"STATEFP":"01","COUNTYFP":"103","COUSUBFP":"90864","COUSUBNS":"00165911","GEOIDFQ":"0600000US0110390864","GEOID":"0110390864","NAME":"Decatur","NAMELSAD":"Decatur CCD","STUSPS":"AL","NAMELSADCO":"Morgan County","STATE_NAME":"Alabama","LSAD":"22","ALAND":208851185,"AWATER":18467306}},
{"type":"Feature","geometry":{"type":"Polygon","coordinates":[[[-87.25906,32.72146],[-87.26046,32.71137],[-87.26664,32.70684],[-87.27588,32.71143],[-87.29004,32.70539],[-87.30038,32.70729],[-87.30799,32.70378],[-87.31591,32.70616],[-87.31938,32.71347],[-87.32296,32.71635],[-87.33385,32.71847],[-87.35532,32.71127],[-87.36508,32.71706],[-87.37072,32.70711],[-87.3748,32.70546],[-87.38534,32.70636],[-87.3991,32.70393],[-87.40587,32.6948],[-87.4166,32.69502],[-87.4196,32.70111],[-87.4238,32.7027],[-87.42823,32.71046],[-87.4271,32.71752],[-87.43923,32.71775],[-87.44955,32.71415],[-87.45863,32.71506],[-87.47381,32.72533],[-87.47391,32.65587],[-87.5252,32.65571],[-87.5252,32.65366],[-87.52535,32.61907],[-87.52517,32.59288],[-87.47174,32.60162],[-87.47576,32.58827],[-87.48026,32.58309],[-87.47141,32.58331],[-87.45518,32.59466],[-87.44009,32.59548],[-87.43914,32.6067],[-87.40139,32.61268],[-87.36394,32.6128],[-87.35628,32.60988],[-87.34558,32.60407],[-87.34062,32.59636],[-87.33177,32.60601],[-87.31445,32.60634],[-87.31444,32.59957],[-87.30073,32.59959],[-87.30073,32.60301],[-87.29284,32.603],[-87.27677,32.60034],[-87.26642,32.58738],[-87.25795,32.58333],[-87.24718,32.58679],[-87.24915,32.57917],[-87.24934,32.57024],[-87.24115,32.56043],[-87.23891,32.5658],[-87.23312,32.56608],[-87.22939,32.5725],[-87.22933,32.5808],[-87.22578,32.58452],[-87.21983,32.58644],[-87.21773,32.59372],[-87.21969,32.59669],[-87.23012,32.60367],[-87.23039,32.60925],[-87.23579,32.61503],[-87.23377,32.62393],[-87.23957,32.62683],[-87.24353,32.63205],[-87.25186,32.63454],[-87.25627,32.64324],[-87.2521,32.65069],[-87.24612,32.651],[-87.2473,32.65563],[-87.23871,32.66022],[-87.24165,32.66812],[-87.24227,32.67812],[-87.24747,32.68186],[-87.24512,32.68565],[-87.24004,32.68613],[-87.2336,32.69851],[-87.2347,32.70306],[-87.24693,32.71537],[-87.25514,32.71715],[-87.25906,32.72146]]]},"properties":{"STATEFP":"01","COUNTYFP":"105","COUSUBFP":"92115","COUSUBNS":"00165919","GEOIDFQ":"0600000US0110592115","GEOID":"0110592115","NAME":"Marion","NAMELSAD":"Marion CCD","STUSPS":"AL","NAMELSADCO":"Perry County","STATE_NAME":"Alabama","LSAD":"22","ALAND":300690878,"AWATER":2425708}},
{"type":"Feature","geometry":{"type":"Polygon","coordinates":[[[-86.78397,34.88464],[-86.78363,34.99193],[-86.83637,34.99176],[-86.86215,34.99196],[-87.00001,34.99512],[-87.03009,34.99553],[-87.02762,34.99217],[-87.00927,34.98821],[-87.00518,34.97938],[-87.00749,34.97322],[-87.02032,34.96715],[-87.02898,34.96508],[-87.03647,34.95825],[-87.04214,34.95088],[-87.04076,34.93966],[-87.04241,34.92701],[-87.05867,34.91837],[-87.06312,34.91494],[-87.06076,34.90699],[-87.04524,34.90219],[-87.04032,34.89865],[-87.04215,34.89492],[-87.05535,34.89888],[-87.07117,34.89943],[-87.08073,34.90184],[-87.0946,34.89931],[-87.10276,34.90408],[-87.1078,34.90433],[-87.11057,34.89564],[-87.10547,34.88284],[-87.10523,34.87862],[-87.10881,34.86786],[-87.11006,34.85624],[-87.11956,34.84632],[-87.13131,34.84057],[-87.13273,34.83556],[-87.12968,34.83077],[-87.1298,34.82505],[-87.1345,34.82161],[-87.15175,34.82059],[-87.15911,34.82204],[-87.17321,34.81714],[-87.17606,34.81877],[-87.18889,34.83324],[-87.19734,34.83393],[-87.20581,34.82944],[-87.21491,34.81633],[-87.22299,34.80876],[-87.25589,34.7882],[-87.27163,34.78354],[-87.27805,34.77895],[-87.2783,34.77356],[-87.27468,34.76975],[-87.26616,34.76573],[-87.26468,34.76081],[-87.26068,34.75863],[-87.25002,34.76231],[-87.23448,34.76375],[-87.22277,34.76323],[-87.21287,34.75968],[-87.19764,34.75009],[-87.18637,34.74887],[-87.17159,34.74286],[-87.1547,34.73392],[-87.13886,34.7241],[-87.13261,34.71681],[-87.12911,34.70642],[-87.12501,34.70159],[-87.10507,34.68604],[-87.0855,34.66953],[-87.06864,34.66127],[-87.0542,34.6511],[-87.04981,34.64974],[-87.04358,34.65172],[-87.03532,34.65204],[-87.02812,34.64914],[-87.01793,34.64031],[-87.01108,34.63628],[-86.99205,34.6273],[-86.97273,34.61313],[-86.95805,34.62654],[-86.95243,34.62916],[-86.95102,34.63272],[-86.89414,34.64996],[-86.90125,34.6534],[-86.90061,34.65873],[-86.90514,34.66445],[-86.90785,34.6734],[-86.91036,34.67392],[-86.91193,34.68292],[-86.91109,34.68975],[-86.90625,34.69734],[-86.90793,34.70785],[-86.90594,34.71025],[-86.9129,34.71962],[-86.90905,34.72688],[-86.90702,34.7408],[-86.90395,34.74632],[-86.9076,34.75087],[-86.90109,34.75834],[-86.91109,34.76461],[-86.91572,34.77058],[-86.90886,34.77163],[-86.89336,34.76695],[-86.8805,34.76632],[-86.84485,34.76216],[-86.83728,34.76032],[-86.82531,34.75255],[-86.80599,34.74922],[-86.78611,34.74783],[-86.78588,34.77284],[-86.78419,34.88004],[-86.78397,34.88464]]]},"properties":{"STATEFP":"01","COUNTYFP":"083","COUSUBFP":"90144","COUSUBNS":"00161617","GEOIDFQ":"0600000US0108390144","GEOID":"0108390144","NAME":"Athens","NAMELSAD":"Athens CCD","STUSPS":"AL","NAMELSADCO":"Limestone County","STATE_NAME":"Alabama","LSAD":"22","ALAND":979610985,"AWATER":79478056}},
{"type":"Feature","geometry":{"type":"Polygon","coordinates":[[[-86.63711,33.93843],[-86.64789,33.93545],[-86.65212,33.94082],[-86.6445,33.94363],[-86.65195,33.94829],[-86.65627,33.94584],[-86.66749,33.946],[-86.6707,33.93768],[-86.6746,33.93264],[-86.67322,33.92801],[-86.67782,33.92204],[-86.6696,33.91497],[-86.67533,33.91108],[-86.68444,33.91219],[-86.69269,33.92241],[-86.6999,33.92399],[-86.7063,33.91543],[-86.70514,33.91279],[-86.69288,33.9121],[-86.68858,33.90566],[-86.68037,33.90713],[-86.67421,33.90458],[-86.67445,33.89955],[-86.67911,33.89867],[-86.68757,33.90169],[-86.69054,33.9003],[-86.69134,33.89368],[-86.70001,33.87996],[-86.70441,33.877],[-86.71739,33.8726],[-86.72351,33.86468],[-86.73205,33.85879],[-86.72817,33.84603],[-86.73906,33.84289],[-86.7408,33.83467],[-86.74393,33.83143],[-86.68631,33.79736],[-86.64529,33.77301],[-86.64776,33.7659],[-86.61454,33.76519],[-86.58811,33.76537],[-86.5778,33.76532],[-86.57753,33.80198],[-86.56421,33.80194],[-86.57207,33.81882],[-86.57055,33.82601],[-86.56739,33.83093],[-86.56571,33.83892],[-86.56962,33.84563],[-86.565,33.85105],[-86.57127,33.853],[-86.57732,33.85983],[-86.58404,33.85998],[-86.5791,33.86927],[-86.5725,33.87326],[-86.57024,33.87679],[-86.57907,33.87837],[-86.58474,33.88446],[-86.58784,33.8842],[-86.60136,33.89147],[-86.60376,33.89464],[-86.61266,33.89598],[-86.61287,33.9012],[-86.60618,33.90233],[-86.60287,33.90824],[-86.59873,33.90886],[-86.60127,33.92021],[-86.60788,33.92006],[-86.60539,33.92812],[-86.60767,33.93222],[-86.60476,33.93678],[-86.60842,33.94123],[-86.61578,33.93765],[-86.61604,33.93248],[-86.6135,33.92742],[-86.62028,33.92369],[-86.622,33.92787],[-86.61912,33.93177],[-86.62981,33.93151],[-86.63448,33.93302],[-86.63711,33.93843]]]},"properties":{"STATEFP":"01","COUNTYFP":"009","COUSUBFP":"91953","COUSUBNS":"00165665","GEOIDFQ":"0600000US0100991953","GEOID":"0100991953","NAME":"Locust Fork","NAMELSAD":"Locust Fork CCD","STUSPS":"AL","NAMELSADCO":"Blount County","STATE_NAME":"Alabama","LSAD":"22","ALAND":203708675,"AWATER":989291}},
{"type":"Feature","geometry":{"type":"Polygon","coordinates":[[[-87.8029,30.4832],[-87.80378,30.47548],[-87.79938,30.47277],[-87.80465,30.45792],[-87.80274,30.45984],[-87.79231,30.45788],[-87.66641,30.45807],[-87.66639,30.47273],[-87.55476,30.47292],[-87.55322,30.48096],[-87.5501,30.48412],[-87.5613,30.48654],[-87.55867,30.49579],[-87.5603,30.50051],[-87.56805,30.50925],[-87.5737,30.51304],[-87.581,30.51098],[-87.59203,30.51389],[-87.59903,30.51333],[-87.6074,30.51717],[-87.61308,30.51697],[-87.61934,30.52261],[-87.62414,30.52433],[-87.63625,30.52593],[-87.64753,30.525],[-87.65305,30.5228],[-87.66604,30.52383],[-87.66607,30.53107],[-87.7084,30.53101],[-87.71083,30.5263],[-87.71688,30.52055],[-87.72733,30.51998],[-87.73245,30.51734],[-87.73779,30.50982],[-87.74554,30.50352],[-87.74811,30.49919],[-87.76091,30.49466],[-87.76877,30.49531],[-87.76968,30.49871],[-87.77975,30.49913],[-87.79403,30.49365],[-87.8029,30.4832]]]},"properties":{"STATEFP":"01","COUNTYFP":"003","COUSUBFP":"93042","COUSUBNS":"00165653","GEOIDFQ":"0600000US0100393042","GEOID":"0100393042","NAME":"Summerdale","NAMELSAD":"Summerdale CCD","STUSPS":"AL","NAMELSADCO":"Baldwin County","STATE_NAME":"Alabama","LSAD":"22","ALAND":130503937,"AWATER":720538}},
{"type":"Feature","geometry":{"type":"Polygon","coordinates":[[[-87.26097,32.12395],[-87.25224,32.1358],[-87.252,32.14265],[-87.25731,32.13987],[-87.26285,32.14701],[-87.26864,32.14405],[-87.27773,32.14681],[-87.28862,32.15737],[-87.29118,32.1658],[-87.30215,32.16362],[-87.30333,32.16942],[-87.31247,32.17744],[-87.31061,32.18518],[-87.31373,32.18608],[-87.32176,32.18314],[-87.32346,32.18967],[-87.32058,32.19219],[-87.33111,32.19808],[-87.34367,32.19797],[-87.34901,32.19984],[-87.36351,32.19615],[-87.36197,32.20236],[-87.36653,32.20233],[-87.37352,32.20959],[-87.37452,32.22192],[-87.3886,32.22317],[-87.38668,32.23171],[-87.39428,32.23733],[-87.40908,32.23674],[-87.4142,32.24263],[-87.42275,32.24412],[-87.42725,32.25221],[-87.43421,32.25505],[-87.43752,32.25851],[-87.43591,32.2638],[-87.44443,32.26889],[-87.45408,32.26809],[-87.45829,32.2635],[-87.47221,32.26492],[-87.47649,32.26769],[-87.48237,32.26613],[-87.48785,32.26814],[-87.5012,32.26803],[-87.51407,32.26599],[-87.5234,32.25483],[-87.52212,32.13278],[-87.52534,32.13277],[-87.52585,32.12608],[-87.52047,32.11582],[-87.52026,32.10633],[-87.51593,32.10143],[-87.51553,32.09709],[-87.50991,32.08774],[-87.50072,32.08157],[-87.49966,32.06982],[-87.5056,32.06337],[-87.499,32.04624],[-87.4997,32.03998],[-87.50375,32.03458],[-87.50303,32.02646],[-87.50814,32.02273],[-87.51129,32.01565],[-87.50642,32.01499],[-87.50312,32.00942],[-87.49674,32.00912],[-87.4965,32.00573],[-87.48902,32.00621],[-87.47896,32.00241],[-87.47369,32.00369],[-87.47347,32.01089],[-87.46764,32.01817],[-87.45565,32.02342],[-87.4461,32.03209],[-87.44046,32.0347],[-87.4276,32.03087],[-87.41726,32.03569],[-87.40941,32.04601],[-87.40331,32.06001],[-87.40175,32.06813],[-87.40157,32.08835],[-87.39793,32.10862],[-87.39832,32.121],[-87.39974,32.12514],[-87.39794,32.1382],[-87.39584,32.14379],[-87.38631,32.14981],[-87.37499,32.15013],[-87.34641,32.14473],[-87.33017,32.13814],[-87.32273,32.1283],[-87.32114,32.12147],[-87.32757,32.10203],[-87.33382,32.07902],[-87.33223,32.07217],[-87.32525,32.06636],[-87.30816,32.04981],[-87.29921,32.04428],[-87.28843,32.04063],[-87.2806,32.04051],[-87.27326,32.04263],[-87.25919,32.05347],[-87.24692,32.06087],[-87.2456,32.0632],[-87.24287,32.08002],[-87.24517,32.0858],[-87.25787,32.09396],[-87.26779,32.10431],[-87.26989,32.11197],[-87.26738,32.11709],[-87.26097,32.12395]]]},"properties":{"STATEFP":"01","COUNTYFP":"131","COUSUBFP":"90045","COUSUBNS":"00165996","GEOIDFQ":"0600000US0113190045","GEOID":"0113190045","NAME":"Alberta","NAMELSAD":"Alberta CCD","STUSPS":"AL","NAMELSADCO":"Wilcox County","STATE_NAME":"Alabama","LSAD":"22","ALAND":401283684,"AWATER":21100944}},
{"type":"Feature","geometry":{"type":"Polygon","coordinates":[[[-88.01685,32.15341],[-88.02021,32.16024],[-88.02756,32.16401],[-88.03379,32.16095],[-88.03756,32.16475],[-88.05212,32.16301],[-88.0589,32.16707],[-88.05739,32.17195],[-88.06301,32.17406],[-88.06917,32.17255],[-88.08247,32.17754],[-88.08509,32.18313],[-88.09444,32.18845],[-88.09781,32.18828],[-88.10398,32.19502],[-88.1164,32.19555],[-88.11992,32.20064],[-88.12445,32.20286],[-88.13603,32.19953],[-88.14847,32.18762],[-88.15986,32.18617],[-88.1753,32.18198],[-88.18227,32.18183],[-88.19267,32.17895],[-88.20688,32.18078],[-88.20832,32.17805],[-88.21943,32.17822],[-88.22597,32.17403],[-88.22699,32.16909],[-88.2329,32.16609],[-88.2381,32.167],[-88.25212,32.16344],[-88.25955,32.15569],[-88.26956,32.15794],[-88.28135,32.15666],[-88.28815,32.15822],[-88.29601,32.16237],[-88.30633,32.16979],[-88.31304,32.1773],[-88.33226,32.17739],[-88.33592,32.17338],[-88.34661,32.17253],[-88.36158,32.18263],[-88.36941,32.18595],[-88.3727,32.18338],[-88.37749,32.18605],[-88.38144,32.18176],[-88.38883,32.1811],[-88.39117,32.17817],[-88.39932,32.18161],[-88.40259,32.17971],[-88.41037,32.17997],[-88.40943,32.18795],[-88.41531,32.19604],[-88.41323,32.19985],[-88.42705,32.20733],[-88.43384,32.20869],[-88.44188,32.14643],[-88.43694,32.13838],[-88.43314,32.13501],[-88.42897,32.12271],[-88.42841,32.1083],[-88.42313,32.10553],[-88.41826,32.09849],[-88.41751,32.08997],[-88.40805,32.08483],[-88.40224,32.07709],[-88.39266,32.07601],[-88.38315,32.07304],[-88.36626,32.07826],[-88.3656,32.07222],[-88.36141,32.06874],[-88.35489,32.06724],[-88.3343,32.0688],[-88.32887,32.06147],[-88.32635,32.04276],[-88.3277,32.02908],[-88.31996,32.02994],[-88.30848,32.03939],[-88.3045,32.03945],[-88.29219,32.03351],[-88.2845,32.02302],[-88.28005,32.02216],[-88.27135,32.03002],[-88.2691,32.02317],[-88.26842,32.01354],[-88.26111,32.00245],[-88.25593,31.98298],[-88.24987,31.97285],[-88.24523,31.96745],[-88.23824,31.95496],[-88.2353,31.94726],[-88.22957,31.94575],[-88.2209,31.93413],[-88.21074,31.92548],[-88.2102,31.92135],[-88.21522,31.9181],[-88.21877,31.91299],[-88.21594,31.90668],[-88.2156,31.90106],[-88.21081,31.88919],[-88.20529,31.8811],[-88.20303,31.87444],[-88.19483,31.86119],[-88.18824,31.85505],[-88.17882,31.85113],[-88.168,31.85302],[-88.15912,31.8523],[-88.15412,31.85707],[-88.14574,31.85996],[-88.14199,31.86436],[-88.14042,31.87097],[-88.13475,31.88426],[-88.12943,31.90494],[-88.12339,31.90702],[-88.11327,31.90669],[-88.10528,31.90971],[-88.09891,31.9092],[-88.08864,31.91078],[-88.08417,31.91353],[-88.07703,31.92182],[-88.06803,31.92326],[-88.05953,31.92031],[-88.05525,31.92348],[-88.05587,31.92837],[-88.06211,31.93421],[-88.06772,31.93691],[-88.08809,31.92193],[-88.09115,31.92321],[-88.09649,31.93248],[-88.10229,31.93999],[-88.10635,31.94221],[-88.11721,31.93928],[-88.12258,31.94767],[-88.12141,31.95026],[-88.09667,31.96502],[-88.0859,31.96123],[-88.08091,31.95391],[-88.07825,31.95353],[-88.07076,31.95865],[-88.06991,31.96166],[-88.07507,31.97018],[-88.0743,31.97898],[-88.06635,31.98314],[-88.07349,31.99018],[-88.08366,31.99839],[-88.08648,32.00419],[-88.09209,32.00705],[-88.09407,32.00225],[-88.09085,31.99686],[-88.09507,31.99308],[-88.10403,31.99684],[-88.11358,32.00624],[-88.11743,32.01682],[-88.11418,32.03117],[-88.1134,32.04118],[-88.11834,32.05113],[-88.11409,32.05806],[-88.09589,32.06985],[-88.08477,32.07082],[-88.07061,32.0617],[-88.06688,32.06332],[-88.06049,32.07217],[-88.05484,32.07721],[-88.04591,32.08149],[-88.04388,32.08646],[-88.04574,32.09344],[-88.0522,32.10177],[-88.05031,32.10832],[-88.04273,32.12111],[-88.03983,32.13961],[-88.03581,32.14501],[-88.02238,32.14422],[-88.01685,32.15341]]]},"properties":{"STATEFP":"01","COUNTYFP":"023","COUSUBFP":"90441","COUSUBNS":"00161601","GEOIDFQ":"0600000US0102390441","GEOID":"0102390441","NAME":"Butler","NAMELSAD":"Butler CCD","STUSPS":"AL","NAMELSADCO":"Choctaw County","STATE_NAME":"Alabama","LSAD":"22","ALAND":752715861,"AWATER":7297622}},
{"type":"Feature","geometry":{"type":"Polygon","coordinates":[[[-87.30991,31.68911],[-87.32195,31.68949],[-87.32567,31.69096],[-87.33151,31.68648],[-87.34698,31.68689],[-87.3511,31.679],[-87.35459,31.6769],[-87.36286,31.66534],[-87.36417,31.65891],[-87.36936,31.65475],[-87.37282,31.6445],[-87.37775,31.64256],[-87.37414,31.63435],[-87.38121,31.6274],[-87.39159,31.62266],[-87.3963,31.61666],[-87.40471,31.61584],[-87.40979,31.60335],[-87.39892,31.5964],[-87.41036,31.59443],[-87.40779,31.58099],[-87.404,31.57385],[-87.39768,31.57338],[-87.3928,31.56869],[-87.38718,31.5692],[-87.37926,31.5636],[-87.37636,31.56248],[-87.36623,31.56555],[-87.35287,31.56125],[-87.35001,31.56324],[-87.34064,31.56265],[-87.33344,31.56492],[-87.32568,31.56382],[-87.31508,31.56522],[-87.29833,31.55924],[-87.29297,31.56084],[-87.26324,31.55242],[-87.25252,31.55253],[-87.24792,31.54886],[-87.24042,31.539],[-87.23897,31.53485],[-87.23919,31.52522],[-87.23669,31.5166],[-87.22628,31.512],[-87.22259,31.51358],[-87.21373,31.50464],[-87.20654,31.49293],[-87.19733,31.48458],[-87.19345,31.48466],[-87.18762,31.48848],[-87.18221,31.4981],[-87.16549,31.52117],[-87.16773,31.5348],[-87.16566,31.5429],[-87.1596,31.55057],[-87.16078,31.55943],[-87.15892,31.56614],[-87.15198,31.58026],[-87.14513,31.58717],[-87.14115,31.60048],[-87.1407,31.60734],[-87.1374,31.61445],[-87.13945,31.62546],[-87.13632,31.6409],[-87.14769,31.63919],[-87.15217,31.64229],[-87.16641,31.64412],[-87.18054,31.64426],[-87.19616,31.63996],[-87.20599,31.64968],[-87.21052,31.65197],[-87.22024,31.65319],[-87.21898,31.66556],[-87.22103,31.6686],[-87.22134,31.67967],[-87.22499,31.68391],[-87.23253,31.6826],[-87.24513,31.68337],[-87.25063,31.6866],[-87.26441,31.68116],[-87.26958,31.68826],[-87.27229,31.68691],[-87.28416,31.69328],[-87.28786,31.6887],[-87.30991,31.68911]]]},"properties":{"STATEFP":"01","COUNTYFP":"099","COUSUBFP":"92520","COUSUBNS":"00165901","GEOIDFQ":"0600000US0109992520","GEOID":"0109992520","NAME":"Peterman","NAMELSAD":"Peterman CCD","STUSPS":"AL","NAMELSADCO":"Monroe County","STATE_NAME":"Alabama","LSAD":"22","ALAND":331032924,"AWATER":59686}},
{"type":"Feature","geometry":{"type":"Polygon","coordinates":[[[-86.91759,32.66417],[-86.91461,32.66436],[-86.81657,32.66012],[-86.77153,32.66072],[-86.77723,32.66845],[-86.78606,32.67185],[-86.78972,32.67576],[-86.79174,32.68547],[-86.80026,32.69613],[-86.81069,32.70334],[-86.8087,32.71183],[-86.80365,32.71436],[-86.80214,32.73023],[-86.79856,32.73891],[-86.7985,32.75539],[-86.79419,32.75871],[-86.78851,32.77694],[-86.79824,32.78693],[-86.79507,32.79433],[-86.80441,32.80287],[-86.81957,32.80489],[-86.81511,32.80929],[-86.8108,32.80867],[-86.80421,32.81154],[-86.79767,32.82135],[-86.79659,32.8309],[-86.79786,32.83817],[-86.79212,32.84541],[-86.79435,32.85434],[-86.79177,32.85969],[-86.78814,32.8791],[-86.79047,32.88203],[-86.79046,32.892],[-86.80005,32.892],[-86.80788,32.8955],[-86.81333,32.89993],[-86.81795,32.89942],[-86.82224,32.8936],[-86.83544,32.89479],[-86.84963,32.89306],[-86.8544,32.89682],[-86.85746,32.90224],[-86.86216,32.90527],[-86.87622,32.90193],[-86.87612,32.83626],[-86.95004,32.83766],[-87.01916,32.83703],[-87.01765,32.75013],[-87.01776,32.72953],[-87.01766,32.66327],[-86.91759,32.66417]]]},"properties":{"STATEFP":"01","COUNTYFP":"021","COUSUBFP":"92097","COUSUBNS":"00165693","GEOIDFQ":"0600000US0102192097","GEOID":"0102192097","NAME":"Maplesville","NAMELSAD":"Maplesville CCD","STUSPS":"AL","NAMELSADCO":"Chilton County","STATE_NAME":"Alabama","LSAD":"22","ALAND":451101221,"AWATER":1388313}},
{"type":"Feature","geometry":{"type":"Polygon","coordinates":[[[-85.70876,34.54149],[-85.71821,34.5455],[-85.72041,34.55977],[-85.72805,34.57095],[-85.73721,34.56937],[-85.74816,34.57106],[-85.75712,34.58055],[-85.76925,34.58888],[-85.77245,34.59553],[-85.77609,34.59461],[-85.79474,34.59456],[-85.79477,34.59831],[-85.80299,34.59955],[-85.80771,34.60481],[-85.8153,34.60517],[-85.89941,34.55048],[-85.91149,34.54346],[-85.92015,34.53706],[-85.93854,34.52535],[-85.95693,34.50713],[-85.96011,34.50218],[-85.95363,34.49931],[-85.94812,34.49965],[-85.94339,34.50339],[-85.92968,34.49853],[-85.91827,34.49161],[-85.90823,34.48787],[-85.9071,34.48414],[-85.90041,34.48098],[-85.89391,34.47442],[-85.88938,34.4751],[-85.88128,34.46611],[-85.87994,34.46262],[-85.87004,34.45429],[-85.8726,34.44458],[-85.86861,34.43917],[-85.86464,34.44179],[-85.85402,34.43933],[-85.84665,34.42874],[-85.84132,34.41894],[-85.83843,34.4061],[-85.83684,34.41052],[-85.82726,34.42111],[-85.81883,34.43235],[-85.80246,34.44148],[-85.79392,34.4525],[-85.7821,34.46336],[-85.77561,34.47075],[-85.76514,34.47823],[-85.75898,34.48626],[-85.74997,34.4905],[-85.74708,34.4945],[-85.7361,34.50396],[-85.72956,34.50818],[-85.71505,34.52154],[-85.71334,34.52916],[-85.70955,34.53373],[-85.70876,34.54149]]]},"properties":{"STATEFP":"01","COUNTYFP":"049","COUSUBFP":"92655","COUSUBNS":"00165756","GEOIDFQ":"0600000US0104992655","GEOID":"0104992655","NAME":"Rainsville-Sylvania","NAMELSAD":"Rainsville-Sylvania CCD","STUSPS":"AL","NAMELSADCO":"DeKalb County","STATE_NAME":"Alabama","LSAD":"22","ALAND":245386843,"AWATER":514911}},
{"type":"Feature","geometry":{"type":"Polygon","coordinates":[[[-85.91929,32.27438],[-85.89869,32.27499],[-85.89884,32.30517],[-85.89496,32.30458],[-85.89368,32.29845],[-85.88323,32.295],[-85.87787,32.29153],[-85.8758,32.28527],[-85.87475,32.26778],[-85.87782,32.2676],[-85.87904,32.26106],[-85.87639,32.24659],[-85.8693,32.24418],[-85.86286,32.23489],[-85.85497,32.232],[-85.79532,32.23293],[-85.80267,32.24263],[-85.81094,32.25001],[-85.81525,32.25562],[-85.81915,32.26415],[-85.82726,32.27006],[-85.83008,32.27754],[-85.82992,32.2909],[-85.8278,32.29619],[-85.82077,32.30391],[-85.81873,32.31517],[-85.82126,32.32092],[-85.81085,32.3305],[-85.80598,32.34173],[-85.80204,32.34527],[-85.79572,32.35472],[-85.79259,32.35532],[-85.78463,32.3637],[-85.79429,32.36781],[-85.80555,32.36765],[-85.81151,32.37318],[-85.81864,32.37552],[-85.83123,32.38339],[-85.83509,32.3828],[-85.83776,32.38789],[-85.84336,32.39182],[-85.85019,32.39214],[-85.8623,32.39606],[-85.86377,32.39856],[-85.87184,32.40003],[-85.87352,32.40282],[-85.88472,32.40752],[-85.88979,32.4117],[-85.89853,32.41277],[-85.90319,32.41586],[-85.90242,32.42248],[-85.91265,32.43307],[-85.92397,32.43489],[-85.9397,32.43314],[-85.94906,32.43644],[-85.94683,32.44375],[-85.95378,32.44112],[-85.96062,32.44207],[-85.96401,32.44956],[-85.97765,32.45392],[-85.98063,32.45054],[-85.97434,32.44628],[-85.97955,32.44087],[-85.98526,32.44047],[-85.98944,32.44563],[-85.98925,32.45127],[-85.99349,32.45151],[-85.99645,32.44577],[-85.991,32.43667],[-85.99065,32.43305],[-85.9954,32.42806],[-85.99996,32.42697],[-86.00735,32.42869],[-86.01664,32.4208],[-86.02301,32.41998],[-86.02026,32.41002],[-86.01468,32.40924],[-86.01094,32.40431],[-86.01408,32.39714],[-86.01155,32.38951],[-86.01455,32.38578],[-86.00337,32.3716],[-85.99993,32.36246],[-85.99367,32.35791],[-85.99502,32.35181],[-85.98977,32.33609],[-85.9844,32.33409],[-85.97575,32.33349],[-85.97081,32.33389],[-85.96601,32.32484],[-85.95897,32.32399],[-85.95881,32.31776],[-85.95477,32.30781],[-85.95432,32.30221],[-85.94433,32.29322],[-85.9406,32.28745],[-85.9351,32.28684],[-85.92374,32.28296],[-85.91883,32.27765],[-85.91929,32.27438]]]},"properties":{"STATEFP":"01","COUNTYFP":"087","COUSUBFP":"92898","COUSUBNS":"00165861","GEOIDFQ":"0600000US0108792898","GEOID":"0108792898","NAME":"Shorter-Hardaway","NAMELSAD":"Shorter-Hardaway CCD","STUSPS":"AL","NAMELSADCO":"Macon County","STATE_NAME":"Alabama","LSAD":"22","ALAND":271885584,"AWATER":2994833}},
{"type":"Feature","geometry":{"type":"Polygon","coordinates":[[[-86.49436,34.06792],[-86.50694,34.07443],[-86.51365,34.07964],[-86.52392,34.08229],[-86.53145,34.08591],[-86.54246,34.08588],[-86.54277,34.09378],[-86.54559,34.10104],[-86.54425,34.10357],[-86.55006,34.10726],[-86.56478,34.10805],[-86.57269,34.10159],[-86.58283,34.11433],[-86.59473,34.13544],[-86.59898,34.13327],[-86.6043,34.12518],[-86.59978,34.12172],[-86.61087,34.11381],[-86.62077,34.12217],[-86.62413,34.12221],[-86.64025,34.11257],[-86.63843,34.1085],[-86.65345,34.10722],[-86.65682,34.09165],[-86.6686,34.08383],[-86.67555,34.08535],[-86.6877,34.08073],[-86.6883,34.0926],[-86.69247,34.09241],[-86.6984,34.08503],[-86.70424,34.0815],[-86.68536,34.05914],[-86.68431,34.05447],[-86.68771,34.05204],[-86.6957,34.0577],[-86.69598,34.06156],[-86.70434,34.05813],[-86.7095,34.0474],[-86.70146,34.03963],[-86.7017,34.03556],[-86.70975,34.02905],[-86.7203,34.03235],[-86.72484,34.02473],[-86.72292,34.01969],[-86.73236,34.01388],[-86.74267,34.00924],[-86.74061,34.00334],[-86.74178,33.99878],[-86.74919,33.9976],[-86.75347,33.98945],[-86.75168,33.97796],[-86.74693,33.97832],[-86.73572,33.97578],[-86.72495,33.96962],[-86.72321,33.95975],[-86.71574,33.95871],[-86.70916,33.94773],[-86.70258,33.94422],[-86.69131,33.93356],[-86.68203,33.93828],[-86.67873,33.93539],[-86.68048,33.92953],[-86.67782,33.92204],[-86.67322,33.92801],[-86.6746,33.93264],[-86.6707,33.93768],[-86.66749,33.946],[-86.65627,33.94584],[-86.65195,33.94829],[-86.6445,33.94363],[-86.65212,33.94082],[-86.64789,33.93545],[-86.63711,33.93843],[-86.63361,33.94295],[-86.63502,33.9483],[-86.62415,33.95822],[-86.61974,33.95943],[-86.61429,33.97111],[-86.61501,33.979],[-86.619,33.98767],[-86.61005,33.98718],[-86.60273,33.99661],[-86.59865,33.99842],[-86.59756,34.00396],[-86.59234,34.00565],[-86.59121,34.01248],[-86.58694,34.0111],[-86.58306,34.01392],[-86.58645,34.01965],[-86.57425,34.02436],[-86.57142,34.03171],[-86.56552,34.03096],[-86.56454,34.02511],[-86.5605,34.02587],[-86.55311,34.04033],[-86.55379,34.05004],[-86.55054,34.05466],[-86.54245,34.0581],[-86.53513,34.04789],[-86.53058,34.04943],[-86.52363,34.04206],[-86.52096,34.04307],[-86.51631,34.05495],[-86.51325,34.0558],[-86.49401,34.04382],[-86.4909,34.04776],[-86.49159,34.05407],[-86.49525,34.06442],[-86.49436,34.06792]]]},"properties":{"STATEFP":"01","COUNTYFP":"009","COUSUBFP":"90333","COUSUBNS":"00165660","GEOIDFQ":"0600000US0100990333","GEOID":"0100990333","NAME":"Blountsville","NAMELSAD":"Blountsville CCD","STUSPS":"AL","NAMELSADCO":"Blount County","STATE_NAME":"Alabama","LSAD":"22","ALAND":249218470,"AWATER":1495352}},
{"type":"Feature","geometry":{"type":"Polygon","coordinates":[[[-86.27807,32.48604],[-86.28807,32.47696],[-86.29025,32.47261],[-86.29813,32.47679],[-86.30539,32.48877],[-86.31325,32.48897],[-86.31325,32.48349],[-86.30873,32.47716],[-86.3077,32.46825],[-86.3105,32.45978],[-86.31597,32.44964],[-86.32267,32.44614],[-86.32427,32.44044],[-86.31683,32.43695],[-86.31181,32.43021],[-86.30672,32.41935],[-86.30896,32.41332],[-86.31607,32.41254],[-86.31823,32.41875],[-86.33276,32.42569],[-86.34447,32.43264],[-86.35034,32.43336],[-86.35677,32.43064],[-86.37277,32.43054],[-86.38297,32.42754],[-86.39662,32.42725],[-86.39972,32.42395],[-86.39591,32.41602],[-86.39785,32.41282],[-86.41117,32.40994],[-86.42507,32.40244],[-86.44472,32.39984],[-86.45304,32.40481],[-86.46128,32.40347],[-86.45914,32.39578],[-86.46257,32.38837],[-86.4625,32.37814],[-86.46889,32.37324],[-86.4767,32.36442],[-86.48636,32.3669],[-86.49277,32.36159],[-86.48995,32.35269],[-86.49086,32.34677],[-86.49677,32.34444],[-86.49477,32.33846],[-86.48266,32.34031],[-86.48392,32.33312],[-86.47871,32.33117],[-86.47392,32.32542],[-86.47819,32.32069],[-86.48017,32.31511],[-86.48503,32.31251],[-86.48469,32.30629],[-86.48965,32.29335],[-86.4847,32.28449],[-86.46639,32.29172],[-86.4546,32.29372],[-86.44704,32.299],[-86.43665,32.30188],[-86.4266,32.3017],[-86.41752,32.30408],[-86.36073,32.31114],[-86.34986,32.31199],[-86.34834,32.32181],[-86.34419,32.3288],[-86.32833,32.32631],[-86.31885,32.32649],[-86.31002,32.31374],[-86.30992,32.30842],[-86.29953,32.30747],[-86.29624,32.31396],[-86.28182,32.30726],[-86.27948,32.30763],[-86.27135,32.29418],[-86.26648,32.28783],[-86.25707,32.29269],[-86.23982,32.29284],[-86.23896,32.29599],[-86.22814,32.29089],[-86.22145,32.28274],[-86.21748,32.28596],[-86.21194,32.2855],[-86.20803,32.28838],[-86.20327,32.30156],[-86.21897,32.31476],[-86.21026,32.31859],[-86.20038,32.31947],[-86.19577,32.32604],[-86.19635,32.3375],[-86.19234,32.33855],[-86.13657,32.33921],[-86.1395,32.35295],[-86.13576,32.36098],[-86.12558,32.36214],[-86.12443,32.36437],[-86.12572,32.37438],[-86.12916,32.37986],[-86.12033,32.38743],[-86.12306,32.39498],[-86.11719,32.39716],[-86.11512,32.40547],[-86.12621,32.41143],[-86.12849,32.41782],[-86.12364,32.42034],[-86.13035,32.42334],[-86.12429,32.4322],[-86.13939,32.42962],[-86.14328,32.42661],[-86.15103,32.42464],[-86.15441,32.42667],[-86.15424,32.43435],[-86.16055,32.43494],[-86.16543,32.43902],[-86.17726,32.44044],[-86.18211,32.43534],[-86.19008,32.43247],[-86.19473,32.43876],[-86.194,32.44139],[-86.18193,32.44598],[-86.18888,32.4563],[-86.19807,32.45138],[-86.20164,32.45194],[-86.20494,32.45844],[-86.21177,32.4678],[-86.21139,32.47256],[-86.21598,32.47411],[-86.21993,32.46921],[-86.22656,32.46859],[-86.22821,32.47549],[-86.22139,32.47984],[-86.22946,32.48935],[-86.23482,32.48614],[-86.23904,32.48748],[-86.23707,32.49498],[-86.24652,32.49542],[-86.25162,32.49998],[-86.26201,32.50169],[-86.26517,32.49186],[-86.26202,32.48652],[-86.27084,32.48382],[-86.27807,32.48604]]]},"properties":{"STATEFP":"01","COUNTYFP":"101","COUSUBFP":"92214","COUSUBNS":"00165905","GEOIDFQ":"0600000US0110192214","GEOID":"0110192214","NAME":"Montgomery","NAMELSAD":"Montgomery CCD","STUSPS":"AL","NAMELSADCO":"Montgomery County","STATE_NAME":"Alabama","LSAD":"22","ALAND":458118857,"AWATER":20598673}},
{"type":"Feature","geometry":{"type":"Polygon","coordinates":[[[-85.59364,32.84512],[-85.60834,32.84473],[-85.62379,32.84274],[-85.62088,32.85449],[-85.62744,32.85508],[-85.63816,32.85056],[-85.64674,32.84366],[-85.65516,32.84181],[-85.65887,32.8436],[-85.67007,32.84188],[-85.6744,32.84263],[-85.67988,32.83516],[-85.68889,32.83495],[-85.6886,32.82909],[-85.6915,32.82248],[-85.70383,32.82116],[-85.71164,32.81409],[-85.70631,32.81154],[-85.68942,32.79926],[-85.69255,32.79482],[-85.70178,32.79347],[-85.70523,32.79806],[-85.70948,32.79504],[-85.71871,32.79935],[-85.72517,32.79386],[-85.72071,32.78883],[-85.7133,32.78682],[-85.70628,32.77722],[-85.7048,32.76979],[-85.68829,32.75577],[-85.69385,32.74307],[-85.69908,32.73584],[-85.69835,32.72745],[-85.70734,32.71482],[-85.71206,32.71034],[-85.71371,32.69921],[-85.7135,32.68999],[-85.70539,32.69435],[-85.70504,32.69753],[-85.69978,32.69587],[-85.69659,32.69763],[-85.6957,32.69746],[-85.67965,32.69793],[-85.67985,32.71253],[-85.61025,32.71393],[-85.60999,32.72795],[-85.59315,32.72853],[-85.59336,32.82187],[-85.59364,32.84512]]]},"properties":{"STATEFP":"01","COUNTYFP":"123","COUSUBFP":"90468","COUSUBNS":"00165967","GEOIDFQ":"0600000US0112390468","GEOID":"0112390468","NAME":"Camp Hill","NAMELSAD":"Camp Hill CCD","STUSPS":"AL","NAMELSADCO":"Tallapoosa County","STATE_NAME":"Alabama","LSAD":"22","ALAND":148177515,"AWATER":430952}},
{"type":"Feature","geometry":{"type":"Polygon","coordinates":[[[-85.67528,34.3434],[-85.66954,34.34236],[-85.67048,34.33221],[-85.66704,34.32674],[-85.67214,34.32133],[-85.67209,34.31325],[-85.6756,34.30885],[-85.68308,34.30342],[-85.6889,34.30168],[-85.69194,34.29584],[-85.68567,34.28993],[-85.67839,34.28719],[-85.66785,34.278],[-85.66984,34.26927],[-85.66545,34.26261],[-85.65452,34.26491],[-85.65137,34.25858],[-85.65697,34.25456],[-85.66556,34.2518],[-85.67004,34.24717],[-85.66202,34.23727],[-85.65533,34.23177],[-85.64581,34.22816],[-85.64443,34.2222],[-85.64778,34.21868],[-85.6473,34.21202],[-85.6409,34.21094],[-85.63681,34.20597],[-85.63691,34.20144],[-85.64412,34.20187],[-85.64818,34.19645],[-85.63764,34.19451],[-85.62874,34.19772],[-85.62879,34.20449],[-85.62379,34.21387],[-85.61342,34.216],[-85.60893,34.21304],[-85.61064,34.20628],[-85.61865,34.19118],[-85.61864,34.18467],[-85.61624,34.1776],[-85.60912,34.16348],[-85.60597,34.15999],[-85.59688,34.15728],[-85.58939,34.15784],[-85.58662,34.16383],[-85.59175,34.17702],[-85.59257,34.18872],[-85.58663,34.19615],[-85.57822,34.20232],[-85.55189,34.21028],[-85.5431,34.21044],[-85.52118,34.213],[-85.51099,34.20563],[-85.50227,34.19695],[-85.49809,34.18511],[-85.49378,34.17804],[-85.48524,34.17687],[-85.48367,34.18348],[-85.47738,34.19138],[-85.46468,34.19869],[-85.45127,34.20264],[-85.44472,34.19993],[-85.45506,34.25069],[-85.47045,34.32824],[-85.50232,34.47395],[-85.51371,34.52417],[-85.5192,34.52626],[-85.5258,34.5211],[-85.52293,34.51789],[-85.53343,34.51408],[-85.53754,34.50775],[-85.5413,34.50596],[-85.5444,34.50009],[-85.55195,34.50333],[-85.55936,34.50125],[-85.55817,34.49561],[-85.56039,34.48991],[-85.56711,34.49025],[-85.57103,34.48615],[-85.57679,34.48444],[-85.57145,34.47312],[-85.57463,34.46973],[-85.58032,34.47031],[-85.57825,34.46417],[-85.58234,34.45913],[-85.57949,34.44019],[-85.5838,34.43259],[-85.59054,34.42908],[-85.58944,34.4242],[-85.60068,34.42093],[-85.60007,34.41495],[-85.60626,34.41199],[-85.6114,34.40546],[-85.61479,34.39465],[-85.62608,34.3932],[-85.62053,34.38886],[-85.62496,34.38237],[-85.63023,34.37912],[-85.62824,34.37399],[-85.63609,34.3669],[-85.64731,34.36431],[-85.66415,34.36194],[-85.66891,34.35772],[-85.66855,34.35449],[-85.67645,34.34737],[-85.67528,34.3434]]]},"properties":{"STATEFP":"01","COUNTYFP":"019","COUSUBFP":"90513","COUSUBNS":"00165686","GEOIDFQ":"0600000US0101990513","GEOID":"0101990513","NAME":"Cedar Bluff-Gaylesville","NAMELSAD":"Cedar Bluff-Gaylesville CCD","STUSPS":"AL","NAMELSADCO":"Cherokee County","STATE_NAME":"Alabama","LSAD":"22","ALAND":456993453,"AWATER":39940466}},
{"type":"Feature","geometry":{"type":"Polygon","coordinates":[[[-86.94568,34.23481],[-86.94418,34.22704],[-86.93514,34.22447],[-86.92629,34.21556],[-86.92592,34.20581],[-86.9227,34.19829],[-86.92755,34.19494],[-86.92822,34.1881],[-86.92555,34.18488],[-86.92529,34.1752],[-86.91735,34.16678],[-86.92416,34.15893],[-86.91988,34.15539],[-86.91542,34.14768],[-86.91272,34.15016],[-86.90277,34.14298],[-86.89916,34.137],[-86.89291,34.13353],[-86.89498,34.12624],[-86.89895,34.12631],[-86.90328,34.11958],[-86.91065,34.11331],[-86.90289,34.10689],[-86.91,34.10548],[-86.91475,34.10037],[-86.91927,34.10017],[-86.92343,34.09197],[-86.92293,34.08791],[-86.91423,34.08809],[-86.90539,34.09029],[-86.8943,34.0865],[-86.88302,34.09462],[-86.87821,34.08954],[-86.8662,34.08903],[-86.86618,34.09448],[-86.86037,34.09289],[-86.8511,34.09444],[-86.84329,34.09131],[-86.82804,34.09015],[-86.81241,34.09317],[-86.79968,34.08892],[-86.77896,34.08888],[-86.76999,34.09579],[-86.75244,34.09568],[-86.75347,34.08874],[-86.74567,34.08884],[-86.74337,34.08508],[-86.7378,34.08353],[-86.74189,34.08761],[-86.73985,34.09076],[-86.74338,34.09492],[-86.74069,34.101],[-86.74591,34.10549],[-86.74841,34.11372],[-86.74364,34.11576],[-86.74269,34.12217],[-86.76254,34.12526],[-86.76071,34.13144],[-86.76767,34.13459],[-86.76895,34.14499],[-86.76404,34.14858],[-86.76662,34.15919],[-86.76673,34.16568],[-86.77261,34.16882],[-86.77693,34.18134],[-86.77348,34.18239],[-86.78923,34.18381],[-86.7952,34.18298],[-86.7946,34.20906],[-86.79016,34.21673],[-86.78984,34.22807],[-86.79662,34.23865],[-86.80418,34.23605],[-86.80702,34.23467],[-86.82454,34.23485],[-86.82935,34.22407],[-86.82949,34.22032],[-86.83557,34.22044],[-86.84698,34.22599],[-86.85576,34.22357],[-86.85925,34.2244],[-86.86701,34.24288],[-86.88172,34.25051],[-86.88833,34.24983],[-86.88257,34.23948],[-86.87641,34.22467],[-86.87649,34.2176],[-86.87877,34.21227],[-86.88363,34.21492],[-86.89234,34.21529],[-86.90594,34.22769],[-86.92183,34.23356],[-86.94048,34.23766],[-86.94568,34.23481]]]},"properties":{"STATEFP":"01","COUNTYFP":"043","COUSUBFP":"90810","COUSUBNS":"00165731","GEOIDFQ":"0600000US0104390810","GEOID":"0104390810","NAME":"Cullman","NAMELSAD":"Cullman CCD","STUSPS":"AL","NAMELSADCO":"Cullman County","STATE_NAME":"Alabama","LSAD":"22","ALAND":205465347,"AWATER":4160193}},
{"type":"Feature","geometry":{"type":"Polygon","coordinates":[[[-85.75212,34.66672],[-85.7426,34.66961],[-85.73734,34.66945],[-85.73168,34.66586],[-85.70688,34.66677],[-85.70453,34.66304],[-85.68892,34.65659],[-85.68452,34.65328],[-85.67572,34.65339],[-85.67521,34.64261],[-85.67101,34.64333],[-85.66248,34.63864],[-85.66173,34.63511],[-85.65475,34.62805],[-85.65721,34.62161],[-85.66273,34.61699],[-85.66079,34.61234],[-85.65142,34.60768],[-85.64637,34.61309],[-85.63833,34.63072],[-85.63531,34.63297],[-85.62965,34.65134],[-85.62352,34.65945],[-85.6077,34.67529],[-85.59956,34.68659],[-85.5961,34.69449],[-85.58772,34.70089],[-85.58543,34.70871],[-85.57676,34.72622],[-85.56741,34.72143],[-85.56363,34.72499],[-85.55807,34.73443],[-85.56142,34.75008],[-85.58314,34.86037],[-85.58591,34.8602],[-85.59344,34.85436],[-85.60216,34.85136],[-85.60096,34.84696],[-85.60829,34.84121],[-85.61291,34.84018],[-85.61779,34.83423],[-85.62707,34.83188],[-85.63416,34.81296],[-85.63427,34.79898],[-85.64177,34.78447],[-85.64787,34.77638],[-85.6602,34.75496],[-85.67372,34.7449],[-85.69304,34.74425],[-85.75212,34.66672]]]},"properties":{"STATEFP":"01","COUNTYFP":"049","COUSUBFP":"91692","COUSUBNS":"00165755","GEOIDFQ":"0600000US0104991692","GEOID":"0104991692","NAME":"Ider","NAMELSAD":"Ider CCD","STUSPS":"AL","NAMELSADCO":"DeKalb County","STATE_NAME":"Alabama","LSAD":"22","ALAND":202886499,"AWATER":0}},
{"type":"Feature","geometry":{"type":"Polygon","coordinates":[[[-88.17185,32.99586],[-88.28878,32.99292],[-88.34043,32.9912],[-88.35429,32.87513],[-88.36819,32.74914],[-88.36569,32.75597],[-88.35874,32.76357],[-88.35636,32.7715],[-88.35012,32.77546],[-88.3431,32.78257],[-88.33933,32.79001],[-88.32905,32.79661],[-88.3196,32.7988],[-88.3131,32.80638],[-88.30878,32.80677],[-88.30846,32.81233],[-88.30535,32.81696],[-88.29536,32.82192],[-88.28518,32.82261],[-88.27876,32.82098],[-88.2754,32.82545],[-88.26786,32.82368],[-88.26521,32.82059],[-88.2596,32.82347],[-88.25121,32.81877],[-88.24501,32.81904],[-88.22228,32.83427],[-88.21537,32.82933],[-88.20737,32.82726],[-88.20041,32.82963],[-88.19174,32.82673],[-88.18998,32.82404],[-88.19465,32.81541],[-88.18841,32.81483],[-88.18266,32.81944],[-88.18388,32.82539],[-88.17834,32.82854],[-88.18179,32.83408],[-88.17805,32.83814],[-88.16708,32.83762],[-88.15854,32.84579],[-88.15497,32.85287],[-88.1579,32.86084],[-88.16673,32.86162],[-88.17325,32.86877],[-88.17997,32.87168],[-88.18309,32.87843],[-88.18319,32.89315],[-88.18975,32.91073],[-88.2003,32.91477],[-88.2048,32.91803],[-88.20639,32.92563],[-88.2006,32.92923],[-88.1963,32.93565],[-88.18895,32.93229],[-88.17533,32.93209],[-88.17127,32.93921],[-88.1723,32.94289],[-88.18236,32.94569],[-88.1872,32.95205],[-88.18868,32.95911],[-88.18218,32.96203],[-88.17692,32.95677],[-88.16528,32.95432],[-88.15806,32.96091],[-88.15735,32.96458],[-88.16734,32.97055],[-88.16865,32.98108],[-88.17221,32.98657],[-88.17185,32.99586]]]},"properties":{"STATEFP":"01","COUNTYFP":"119","COUSUBFP":"92493","COUSUBNS":"00165958","GEOIDFQ":"0600000US0111992493","GEOID":"0111992493","NAME":"Panola-Geiger","NAMELSAD":"Panola-Geiger CCD","STUSPS":"AL","NAMELSADCO":"Sumter County","STATE_NAME":"Alabama","LSAD":"22","ALAND":319347383,"AWATER":6781661}},
{"type":"Feature","geometry":{"type":"Polygon","coordinates":[[[-86.85529,32.43851],[-86.8499,32.43833],[-86.84152,32.43179],[-86.82837,32.42821],[-86.82458,32.42319],[-86.82808,32.42075],[-86.83639,32.42014],[-86.84545,32.41542],[-86.84615,32.40973],[-86.84376,32.40042],[-86.83364,32.38964],[-86.82724,32.37882],[-86.8154,32.37082],[-86.80738,32.35436],[-86.80744,32.34859],[-86.81491,32.3408],[-86.82092,32.33324],[-86.82027,32.31501],[-86.81611,32.30997],[-86.8108,32.30757],[-86.79827,32.30863],[-86.79107,32.31461],[-86.77316,32.34073],[-86.78045,32.3686],[-86.78222,32.37029],[-86.78124,32.37947],[-86.78135,32.39249],[-86.77476,32.39515],[-86.76354,32.3907],[-86.74998,32.38911],[-86.74216,32.39175],[-86.7321,32.39905],[-86.72718,32.4045],[-86.7179,32.40281],[-86.71781,32.396],[-86.71997,32.39115],[-86.71903,32.37206],[-86.71134,32.36077],[-86.69696,32.35759],[-86.6862,32.35374],[-86.67879,32.35536],[-86.6556,32.37615],[-86.65384,32.38069],[-86.65579,32.38869],[-86.65342,32.39725],[-86.64541,32.4023],[-86.62871,32.40277],[-86.62286,32.40665],[-86.618,32.40572],[-86.61374,32.39969],[-86.61318,32.39395],[-86.61662,32.3799],[-86.61484,32.37427],[-86.59533,32.36135],[-86.59057,32.36213],[-86.58826,32.36775],[-86.58995,32.37386],[-86.59527,32.37985],[-86.59142,32.38241],[-86.58628,32.38011],[-86.57927,32.38202],[-86.57454,32.3976],[-86.57549,32.40985],[-86.57215,32.42148],[-86.57513,32.43268],[-86.58977,32.4374],[-86.5918,32.44204],[-86.57498,32.45901],[-86.57168,32.46721],[-86.56979,32.48889],[-86.58231,32.49813],[-86.58787,32.51064],[-86.59174,32.51471],[-86.60705,32.52015],[-86.62596,32.52362],[-86.63839,32.53354],[-86.6403,32.52647],[-86.64472,32.524],[-86.67233,32.52436],[-86.70155,32.52383],[-86.7083,32.52697],[-86.71177,32.53171],[-86.73101,32.54195],[-86.73295,32.54531],[-86.73976,32.54605],[-86.7419,32.55196],[-86.75266,32.55517],[-86.76007,32.5514],[-86.77082,32.54824],[-86.77464,32.5543],[-86.7816,32.55922],[-86.80715,32.55862],[-86.81742,32.55093],[-86.82176,32.54425],[-86.83458,32.54183],[-86.83991,32.53923],[-86.86065,32.53448],[-86.86495,32.53516],[-86.89548,32.54544],[-86.89656,32.5404],[-86.9031,32.54063],[-86.90107,32.5333],[-86.90368,32.53109],[-86.89478,32.5209],[-86.89462,32.5149],[-86.89044,32.51285],[-86.89067,32.50541],[-86.88448,32.4964],[-86.88271,32.49024],[-86.87922,32.48779],[-86.88372,32.48122],[-86.87776,32.47855],[-86.87704,32.47451],[-86.87021,32.46897],[-86.87117,32.46397],[-86.86893,32.45808],[-86.86476,32.45856],[-86.85995,32.45063],[-86.86623,32.44376],[-86.86433,32.43945],[-86.85529,32.43851]]]},"properties":{"STATEFP":"01","COUNTYFP":"001","COUSUBFP":"90171","COUSUBNS":"00161593","GEOIDFQ":"0600000US0100190171","GEOID":"0100190171","NAME":"Autaugaville","NAMELSAD":"Autaugaville CCD","STUSPS":"AL","NAMELSADCO":"Autauga County","STATE_NAME":"Alabama","LSAD":"22","ALAND":478151753,"AWATER":13897907}},
{"type":"Feature","geometry":{"type":"Polygon","coordinates":[[[-86.33405,34.24879],[-86.33079,34.24333],[-86.326,34.24098],[-86.32208,34.23106],[-86.31024,34.23162],[-86.29519,34.23693],[-86.27835,34.24182],[-86.27638,34.23095],[-86.27052,34.22309],[-86.27064,34.2173],[-86.2735,34.21366],[-86.26177,34.20571],[-86.25433,34.20298],[-86.24439,34.19546],[-86.24449,34.17116],[-86.246,34.16675],[-86.25319,34.16256],[-86.25331,34.13707],[-86.20047,34.17703],[-86.19772,34.17784],[-86.18796,34.18369],[-86.18139,34.18239],[-86.16716,34.18747],[-86.10561,34.18623],[-86.10609,34.20076],[-86.10822,34.29816],[-86.10856,34.31515],[-86.11516,34.31385],[-86.1223,34.31736],[-86.12808,34.31793],[-86.13455,34.3221],[-86.14656,34.32413],[-86.1576,34.32812],[-86.16879,34.32515],[-86.17528,34.32856],[-86.1814,34.32655],[-86.18741,34.33234],[-86.19259,34.33008],[-86.19761,34.32335],[-86.20458,34.32168],[-86.20655,34.31588],[-86.21151,34.31129],[-86.21047,34.30807],[-86.21527,34.30301],[-86.22332,34.3005],[-86.23216,34.30005],[-86.23453,34.29537],[-86.24159,34.29158],[-86.24675,34.28186],[-86.24536,34.27526],[-86.25321,34.27631],[-86.26655,34.28444],[-86.2819,34.28862],[-86.28996,34.28711],[-86.29256,34.28888],[-86.3018,34.28308],[-86.31022,34.27577],[-86.32517,34.27023],[-86.32967,34.26684],[-86.33451,34.25491],[-86.33405,34.24879]]]},"properties":{"STATEFP":"01","COUNTYFP":"095","COUSUBFP":"90054","COUSUBNS":"00165884","GEOIDFQ":"0600000US0109590054","GEOID":"0109590054","NAME":"Albertville-Boaz","NAMELSAD":"Albertville-Boaz CCD","STUSPS":"AL","NAMELSADCO":"Marshall County","STATE_NAME":"Alabama","LSAD":"22","ALAND":246216058,"AWATER":715614}},
{"type":"Feature","geometry":{"type":"Polygon","coordinates":[[[-86.06527,33.8422],[-86.06697,33.8392],[-86.05602,33.83329],[-86.05171,33.82711],[-86.05337,33.8212],[-86.06131,33.81412],[-86.06494,33.80894],[-86.06436,33.79778],[-86.05827,33.78873],[-86.04867,33.7787],[-86.04487,33.7719],[-86.04399,33.7636],[-86.05348,33.76254],[-86.06258,33.7599],[-86.07056,33.75525],[-86.0816,33.74297],[-86.08556,33.74066],[-86.09916,33.73644],[-86.11659,33.7238],[-86.11928,33.71336],[-86.12388,33.71079],[-86.1374,33.71535],[-86.14371,33.70914],[-86.14622,33.70218],[-86.14406,33.68952],[-86.14556,33.6791],[-86.05067,33.67459],[-86.04958,33.67347],[-86.02657,33.68381],[-86.01713,33.68899],[-86.01719,33.7305],[-86.01308,33.7356],[-86.01269,33.74696],[-86.00867,33.7469],[-86.00874,33.75571],[-86.00438,33.75778],[-85.99169,33.75746],[-85.99148,33.75399],[-85.97864,33.7539],[-85.98119,33.75777],[-85.9834,33.76864],[-85.97839,33.7711],[-85.97307,33.77676],[-85.96529,33.78776],[-85.96215,33.79791],[-85.96663,33.7998],[-85.95544,33.81257],[-85.94591,33.81885],[-85.93624,33.83048],[-85.93812,33.83847],[-85.94711,33.84452],[-85.95411,33.84602],[-85.95965,33.85112],[-85.96528,33.85175],[-85.98402,33.86364],[-85.98753,33.87337],[-85.98754,33.87921],[-85.99497,33.8796],[-85.99517,33.8649],[-86.02147,33.8661],[-86.02127,33.8515],[-86.04877,33.8527],[-86.04907,33.8416],[-86.06527,33.8422]]]},"properties":{"STATEFP":"01","COUNTYFP":"015","COUSUBFP":"92430","COUSUBNS":"00165677","GEOIDFQ":"0600000US0101592430","GEOID":"0101592430","NAME":"Ohatchee","NAMELSAD":"Ohatchee CCD","STUSPS":"AL","NAMELSADCO":"Calhoun County","STATE_NAME":"Alabama","LSAD":"22","ALAND":177696319,"AWATER":7524002}},
{"type":"Feature","geometry":{"type":"Polygon","coordinates":[[[-85.99786,32.14161],[-85.99685,32.05105],[-85.99257,32.04745],[-85.98405,32.04745],[-85.98406,32.05105],[-85.97593,32.05124],[-85.97591,32.05443],[-85.95025,32.05455],[-85.95445,32.05815],[-85.95455,32.06175],[-85.9463,32.06189],[-85.94628,32.05457],[-85.9263,32.05468],[-85.92618,32.05791],[-85.92024,32.06352],[-85.90776,32.05847],[-85.90563,32.06187],[-85.89949,32.06165],[-85.89252,32.06409],[-85.88662,32.06165],[-85.87634,32.06067],[-85.87069,32.06153],[-85.86103,32.05774],[-85.85263,32.05161],[-85.84917,32.05811],[-85.85033,32.06247],[-85.8499,32.07262],[-85.84631,32.07593],[-85.84632,32.08153],[-85.85005,32.08629],[-85.84715,32.09197],[-85.84773,32.09767],[-85.84201,32.09826],[-85.82462,32.09582],[-85.81686,32.09639],[-85.81447,32.10493],[-85.81805,32.1068],[-85.81888,32.1136],[-85.8158,32.11686],[-85.82087,32.12151],[-85.81863,32.13231],[-85.82151,32.13458],[-85.8305,32.15392],[-85.83495,32.1606],[-85.82834,32.16841],[-85.81983,32.16776],[-85.81708,32.17038],[-85.81705,32.17813],[-85.82618,32.18708],[-85.82998,32.18823],[-85.86379,32.18733],[-85.86297,32.19491],[-85.86583,32.20423],[-85.86458,32.21244],[-85.85922,32.21769],[-85.85482,32.21934],[-85.85179,32.224],[-85.85497,32.232],[-85.86286,32.23489],[-85.8693,32.24418],[-85.87639,32.24659],[-85.87904,32.26106],[-85.87782,32.2676],[-85.87475,32.26778],[-85.8758,32.28527],[-85.87787,32.29153],[-85.88323,32.295],[-85.89368,32.29845],[-85.89496,32.30458],[-85.89884,32.30517],[-85.89869,32.27499],[-85.91929,32.27438],[-85.98656,32.27234],[-85.98655,32.25064],[-85.99916,32.25054],[-85.99786,32.14161]]]},"properties":{"STATEFP":"01","COUNTYFP":"011","COUSUBFP":"91098","COUSUBNS":"00165667","GEOIDFQ":"0600000US0101191098","GEOID":"0101191098","NAME":"Fitzpatrick","NAMELSAD":"Fitzpatrick CCD","STUSPS":"AL","NAMELSADCO":"Bullock County","STATE_NAME":"Alabama","LSAD":"22","ALAND":348246941,"AWATER":2031320}},
{"type":"Feature","geometry":{"type":"Polygon","coordinates":[[[-87.63656,34.12091],[-87.63076,34.12269],[-87.62858,34.13187],[-87.61945,34.13629],[-87.61497,34.14564],[-87.60604,34.15386],[-87.59151,34.15237],[-87.583,34.14941],[-87.57858,34.14132],[-87.56666,34.13335],[-87.55955,34.13175],[-87.55124,34.12564],[-87.54551,34.12422],[-87.53352,34.12943],[-87.52314,34.13034],[-87.514,34.12651],[-87.5088,34.12862],[-87.49984,34.13781],[-87.49001,34.13775],[-87.47605,34.15004],[-87.48013,34.15519],[-87.47958,34.16085],[-87.49034,34.17291],[-87.49022,34.18451],[-87.48423,34.1952],[-87.47883,34.19739],[-87.47763,34.20861],[-87.47493,34.20958],[-87.47239,34.22021],[-87.47483,34.23133],[-87.47325,34.2352],[-87.47889,34.23669],[-87.48198,34.24267],[-87.48034,34.24625],[-87.49468,34.26527],[-87.49377,34.27441],[-87.49625,34.28389],[-87.49372,34.29014],[-87.49758,34.29539],[-87.49551,34.30198],[-87.49815,34.30444],[-87.52972,34.3046],[-87.57328,34.30534],[-87.63472,34.307],[-87.63434,34.2302],[-87.63511,34.17884],[-87.63656,34.12091]]]},"properties":{"STATEFP":"01","COUNTYFP":"133","COUSUBFP":"91494","COUSUBNS":"00166002","GEOIDFQ":"0600000US0113391494","GEOID":"0113391494","NAME":"Haleyville","NAMELSAD":"Haleyville CCD","STUSPS":"AL","NAMELSADCO":"Winston County","STATE_NAME":"Alabama","LSAD":"22","ALAND":258309020,"AWATER":1057866}},
{"type":"Feature","geometry":{"type":"Polygon","coordinates":[[[-86.00719,32.75498],[-85.97216,32.75493],[-85.97276,32.76923],[-85.95556,32.76913],[-85.95486,32.75482],[-85.89537,32.75458],[-85.89138,32.76758],[-85.89794,32.7744],[-85.8959,32.78489],[-85.89699,32.79184],[-85.89389,32.79863],[-85.89162,32.81336],[-85.88018,32.82297],[-85.8787,32.8285],[-85.88342,32.83451],[-85.88694,32.83572],[-85.89477,32.84309],[-85.89851,32.85031],[-85.89962,32.8569],[-85.90556,32.86368],[-85.90281,32.87647],[-85.89746,32.88418],[-85.89218,32.88858],[-85.89058,32.89532],[-85.88198,32.90872],[-85.88074,32.91272],[-85.86724,32.91608],[-85.86728,32.92056],[-85.87149,32.92445],[-85.86782,32.92985],[-85.86439,32.94085],[-85.85828,32.94311],[-85.858,32.94666],[-85.86596,32.95316],[-85.86413,32.95718],[-85.85758,32.96333],[-85.85255,32.96206],[-85.84484,32.96597],[-85.84805,32.96845],[-85.84941,32.9742],[-85.85409,32.97788],[-85.85926,32.97873],[-85.8608,32.98488],[-85.87495,32.99196],[-85.869,32.99472],[-85.87294,32.99836],[-85.88036,32.99871],[-85.88213,33.00189],[-85.88983,33.00573],[-85.8911,33.00934],[-85.88418,33.01813],[-85.88675,33.02089],[-85.88404,33.03137],[-85.87721,33.03464],[-85.87622,33.04174],[-85.87137,33.04567],[-85.88012,33.05212],[-85.87842,33.05523],[-85.88333,33.05827],[-85.8768,33.06113],[-85.87992,33.06761],[-85.8755,33.07224],[-85.88627,33.07838],[-85.88439,33.08507],[-85.88903,33.08666],[-85.89183,33.09275],[-85.88803,33.09433],[-85.88095,33.0919],[-85.87191,33.09576],[-85.86347,33.09659],[-85.85842,33.09491],[-85.8553,33.09838],[-85.84593,33.09745],[-85.84126,33.10446],[-85.87081,33.10486],[-85.97471,33.10529],[-85.97456,33.09051],[-86.00917,33.09026],[-86.00848,33.01845],[-86.00789,32.90369],[-86.00756,32.82777],[-86.01355,32.81979],[-86.00731,32.8122],[-86.00709,32.80224],[-86.00526,32.79831],[-86.00721,32.79154],[-86.00719,32.75498]]]},"properties":{"STATEFP":"01","COUNTYFP":"123","COUSUBFP":"90063","COUSUBNS":"00165966","GEOIDFQ":"0600000US0112390063","GEOID":"0112390063","NAME":"Alexander City","NAMELSAD":"Alexander City CCD","STUSPS":"AL","NAMELSADCO":"Tallapoosa County","STATE_NAME":"Alabama","LSAD":"22","ALAND":409398726,"AWATER":42729504}},
{"type":"Feature","geometry":{"type":"Polygon","coordinates":[[[-86.96336,33.85822],[-86.95939,33.85932],[-86.96211,33.86769],[-86.95349,33.864],[-86.95144,33.8715],[-86.94571,33.86705],[-86.93232,33.86729],[-86.9202,33.87345],[-86.92417,33.87647],[-86.91982,33.88462],[-86.92116,33.89491],[-86.92741,33.89785],[-86.92439,33.90922],[-86.91491,33.91585],[-86.90773,33.91277],[-86.90015,33.91516],[-86.8866,33.91693],[-86.88319,33.92472],[-86.8861,33.93347],[-86.87742,33.93636],[-86.86807,33.93272],[-86.87007,33.94756],[-86.86899,33.9586],[-86.86344,33.96991],[-86.8604,33.97906],[-86.85959,33.98726],[-86.86147,34.00167],[-86.8634,34.00883],[-86.86918,34.0202],[-86.87167,34.02941],[-86.87084,34.03561],[-86.86649,34.04999],[-86.8662,34.08903],[-86.87821,34.08954],[-86.88302,34.09462],[-86.8943,34.0865],[-86.90539,34.09029],[-86.91423,34.08809],[-86.92293,34.08791],[-86.92758,34.08711],[-86.93182,34.09363],[-86.93903,34.09218],[-86.94492,34.0937],[-86.95747,34.09295],[-86.95589,34.08798],[-86.96519,34.07932],[-86.96637,34.06846],[-86.98226,34.05851],[-86.98711,34.05388],[-86.9916,34.04655],[-86.99851,34.04573],[-87.01844,34.05221],[-87.02393,34.04873],[-87.03047,34.0378],[-87.03654,34.03673],[-87.04347,34.04172],[-87.05897,34.03275],[-87.0575,34.03008],[-87.05883,34.01783],[-87.06777,34.011],[-87.07019,34.00576],[-87.06822,33.99835],[-87.06184,33.9973],[-87.06163,33.99105],[-87.07406,33.99141],[-87.08224,33.99816],[-87.08721,33.9928],[-87.08389,33.98883],[-87.08504,33.9813],[-87.08801,33.97793],[-87.0948,33.97896],[-87.09904,33.97299],[-87.1038,33.9722],[-87.10398,33.96699],[-87.09897,33.95901],[-87.11064,33.95647],[-87.11176,33.95079],[-87.10581,33.94472],[-87.10522,33.93598],[-87.09285,33.92821],[-87.08558,33.91916],[-87.082,33.9064],[-87.10066,33.89897],[-87.09029,33.89255],[-87.09184,33.89009],[-87.00708,33.88893],[-87.00671,33.8666],[-87.00144,33.87001],[-86.99628,33.86842],[-86.99215,33.85964],[-86.9794,33.8592],[-86.97467,33.86048],[-86.96336,33.85822]]]},"properties":{"STATEFP":"01","COUNTYFP":"043","COUSUBFP":"90369","COUSUBNS":"00165729","GEOIDFQ":"0600000US0104390369","GEOID":"0104390369","NAME":"Bremen","NAMELSAD":"Bremen CCD","STUSPS":"AL","NAMELSADCO":"Cullman County","STATE_NAME":"Alabama","LSAD":"22","ALAND":382652344,"AWATER":16878323}},
{"type":"Feature","geometry":{"type":"Polygon","coordinates":[[[-85.2924,32.56157],[-85.28309,32.56218],[-85.27183,32.56486],[-85.2662,32.57167],[-85.26097,32.58294],[-85.25796,32.59639],[-85.2509,32.59793],[-85.24229,32.59631],[-85.23812,32.598],[-85.24619,32.60283],[-85.24716,32.60874],[-85.25054,32.61162],[-85.25091,32.61869],[-85.24667,32.6231],[-85.24676,32.6313],[-85.24065,32.63382],[-85.23211,32.63205],[-85.22669,32.63553],[-85.22816,32.64356],[-85.23462,32.65417],[-85.23309,32.66031],[-85.2221,32.66652],[-85.19849,32.67831],[-85.19464,32.68317],[-85.17577,32.68609],[-85.16264,32.69075],[-85.15366,32.68811],[-85.14375,32.69094],[-85.14,32.69008],[-85.13047,32.69391],[-85.12594,32.68776],[-85.11535,32.68733],[-85.11928,32.70397],[-85.119,32.71006],[-85.12274,32.71573],[-85.12084,32.72293],[-85.11317,32.73281],[-85.11479,32.7381],[-85.11855,32.74082],[-85.1322,32.74441],[-85.13479,32.7468],[-85.13504,32.74653],[-85.22896,32.74543],[-85.28484,32.74513],[-85.28504,32.73073],[-85.29322,32.73073],[-85.29281,32.72618],[-85.29512,32.71345],[-85.29393,32.70816],[-85.29445,32.69065],[-85.29419,32.66916],[-85.30249,32.66575],[-85.30641,32.66187],[-85.31252,32.65999],[-85.30239,32.65231],[-85.30035,32.64116],[-85.29566,32.63682],[-85.29296,32.62665],[-85.29906,32.62348],[-85.30187,32.61955],[-85.31271,32.61286],[-85.31652,32.60106],[-85.31658,32.5949],[-85.3191,32.58887],[-85.31075,32.58193],[-85.30247,32.57827],[-85.29434,32.57134],[-85.29512,32.56568],[-85.2924,32.56157]]]},"properties":{"STATEFP":"01","COUNTYFP":"081","COUSUBFP":"90288","COUSUBNS":"00165848","GEOIDFQ":"0600000US0108190288","GEOID":"0108190288","NAME":"Beulah","NAMELSAD":"Beulah CCD","STUSPS":"AL","NAMELSADCO":"Lee County","STATE_NAME":"Alabama","LSAD":"22","ALAND":182284103,"AWATER":4444173}},
{"type":"Feature","geometry":{"type":"Polygon","coordinates":[[[-86.80943,33.14848],[-86.80954,33.12915],[-86.79963,33.12291],[-86.80727,33.11842],[-86.81315,33.10351],[-86.81095,33.09777],[-86.80667,33.09315],[-86.81465,33.09255],[-86.81657,33.08913],[-86.8174,33.07847],[-86.81517,33.07601],[-86.80489,33.07361],[-86.8023,33.06884],[-86.73025,33.06927],[-86.61014,33.07],[-86.60472,33.07401],[-86.61021,33.07781],[-86.61536,33.08478],[-86.61642,33.08952],[-86.62723,33.09254],[-86.62743,33.09746],[-86.63273,33.09657],[-86.63851,33.09993],[-86.64066,33.10572],[-86.63674,33.11021],[-86.6372,33.12015],[-86.64799,33.13055],[-86.65514,33.13225],[-86.66575,33.13955],[-86.67671,33.14193],[-86.68223,33.14573],[-86.67628,33.15979],[-86.66965,33.16744],[-86.67211,33.1766],[-86.72559,33.1582],[-86.74063,33.15656],[-86.74906,33.15723],[-86.7637,33.15019],[-86.77434,33.14733],[-86.78711,33.14737],[-86.79392,33.14398],[-86.80201,33.14808],[-86.80943,33.14848]]]},"properties":{"STATEFP":"01","COUNTYFP":"117","COUSUBFP":"90450","COUSUBNS":"00165948","GEOIDFQ":"0600000US0111790450","GEOID":"0111790450","NAME":"Calera","NAMELSAD":"Calera CCD","STUSPS":"AL","NAMELSADCO":"Shelby County","STATE_NAME":"Alabama","LSAD":"22","ALAND":151406452,"AWATER":2035823}},
{"type":"Feature","geometry":{"type":"Polygon","coordinates":[[[-87.79866,30.54554],[-87.86503,30.54551],[-87.86831,30.55302],[-87.87822,30.558],[-87.88905,30.55286],[-87.89969,30.55339],[-87.90242,30.55525],[-87.90171,30.55088],[-87.90534,30.53757],[-87.91595,30.51752],[-87.9206,30.51289],[-87.92656,30.49672],[-87.93697,30.48311],[-87.92516,30.47743],[-87.92003,30.47065],[-87.91414,30.44614],[-87.90891,30.41424],[-87.90634,30.40938],[-87.86502,30.38345],[-87.85381,30.37848],[-87.84386,30.37817],[-87.83719,30.3755],[-87.83499,30.37595],[-87.82616,30.41224],[-87.82239,30.41872],[-87.82749,30.42844],[-87.81928,30.43491],[-87.81227,30.4357],[-87.81101,30.44168],[-87.80461,30.44554],[-87.80789,30.45116],[-87.80465,30.45792],[-87.79938,30.47277],[-87.80378,30.47548],[-87.8029,30.4832],[-87.806,30.4859],[-87.80497,30.49066],[-87.80792,30.49615],[-87.8082,30.50788],[-87.81041,30.51079],[-87.80782,30.52708],[-87.80293,30.53012],[-87.79885,30.53866],[-87.79866,30.54554]]]},"properties":{"STATEFP":"01","COUNTYFP":"003","COUSUBFP":"91053","COUSUBNS":"00165652","GEOIDFQ":"0600000US0100391053","GEOID":"0100391053","NAME":"Fairhope","NAMELSAD":"Fairhope CCD","STUSPS":"AL","NAMELSADCO":"Baldwin County","STATE_NAME":"Alabama","LSAD":"22","ALAND":170338064,"AWATER":195931383}},
{"type":"Feature","geometry":{"type":"Polygon","coordinates":[[[-88.13999,34.5817],[-88.15629,34.46321],[-88.16567,34.38279],[-88.16006,34.38142],[-88.15034,34.38779],[-88.14138,34.38889],[-88.14089,34.39797],[-88.13236,34.39379],[-88.1218,34.39215],[-88.11425,34.38773],[-88.10806,34.39053],[-88.09655,34.38222],[-88.09326,34.37737],[-88.08625,34.38294],[-88.07775,34.38243],[-88.07737,34.39418],[-88.08388,34.39784],[-88.08659,34.4043],[-88.07431,34.40702],[-88.07225,34.41272],[-88.0632,34.41314],[-88.0577,34.41523],[-88.05313,34.41216],[-88.04816,34.41561],[-88.04921,34.42508],[-88.05307,34.43216],[-88.04875,34.43378],[-88.04107,34.42675],[-88.02817,34.42167],[-88.01725,34.41869],[-88.02392,34.41373],[-88.02129,34.41059],[-88.01208,34.41031],[-87.99036,34.41748],[-87.99155,34.42801],[-87.9874,34.42828],[-87.9823,34.4323],[-87.97436,34.43039],[-87.96433,34.43423],[-87.94865,34.44721],[-87.94667,34.44383],[-87.94942,34.43951],[-87.94317,34.44029],[-87.93585,34.44954],[-87.92794,34.44866],[-87.92917,34.45372],[-87.92592,34.46288],[-87.92593,34.47716],[-87.92329,34.48675],[-87.92897,34.48833],[-87.94127,34.48875],[-87.95022,34.4868],[-87.96364,34.49575],[-87.97193,34.50409],[-87.97283,34.50809],[-87.96441,34.52114],[-87.96238,34.52718],[-87.95899,34.52696],[-87.95614,34.53338],[-87.96704,34.53656],[-87.97058,34.5436],[-87.97735,34.54897],[-87.97044,34.5583],[-87.96833,34.5642],[-87.97332,34.57023],[-87.9728,34.57598],[-88.08823,34.57995],[-88.12007,34.58147],[-88.13999,34.5817]]]},"properties":{"STATEFP":"01","COUNTYFP":"059","COUSUBFP":"92691","COUSUBNS":"00165780","GEOIDFQ":"0600000US0105992691","GEOID":"0105992691","NAME":"Red Bay","NAMELSAD":"Red Bay CCD","STUSPS":"AL","NAMELSADCO":"Franklin County","STATE_NAME":"Alabama","LSAD":"22","ALAND":337081709,"AWATER":6752409}},
{"type":"Feature","geometry":{"type":"Polygon","coordinates":[[[-85.91984,33.45461],[-85.90534,33.45471],[-85.90491,33.49866],[-85.85189,33.49874],[-85.8494,33.50011],[-85.79685,33.54185],[-85.79605,33.55622],[-85.79456,33.58557],[-85.8646,33.5861],[-85.8871,33.58584],[-85.94842,33.5858],[-85.99493,33.58648],[-85.99558,33.59257],[-86.0085,33.58649],[-86.01518,33.58532],[-86.01588,33.58015],[-86.01517,33.56552],[-86.01868,33.56113],[-86.02728,33.56085],[-86.0406,33.55749],[-86.04151,33.54433],[-86.04086,33.5284],[-86.03505,33.52407],[-86.03104,33.5162],[-86.01272,33.50853],[-86.00672,33.50811],[-86.0025,33.50181],[-86.0003,33.49461],[-85.99272,33.49151],[-85.98039,33.49623],[-85.97879,33.49206],[-85.9693,33.49417],[-85.95775,33.49093],[-85.96227,33.48628],[-85.95705,33.47989],[-85.95981,33.47489],[-85.95678,33.47071],[-85.94788,33.46848],[-85.94265,33.46985],[-85.92921,33.46793],[-85.9206,33.45816],[-85.91984,33.45461]]]},"properties":{"STATEFP":"01","COUNTYFP":"121","COUSUBFP":"92322","COUSUBNS":"00165961","GEOIDFQ":"0600000US0112192322","GEOID":"0112192322","NAME":"Munford","NAMELSAD":"Munford CCD","STUSPS":"AL","NAMELSADCO":"Talladega County","STATE_NAME":"Alabama","LSAD":"22","ALAND":214424128,"AWATER":2698534}},
{"type":"Feature","geometry":{"type":"Polygon","coordinates":[[[-85.23314,31.70308],[-85.2288,31.69897],[-85.22995,31.69207],[-85.22815,31.68875],[-85.23171,31.68089],[-85.22512,31.66085],[-85.21691,31.64832],[-85.21453,31.63923],[-85.21099,31.63263],[-85.21012,31.62517],[-85.20194,31.60867],[-85.20172,31.59888],[-85.20327,31.59263],[-85.20276,31.58557],[-85.20782,31.5814],[-85.20437,31.57098],[-85.20434,31.5636],[-85.20819,31.54892],[-85.21317,31.54415],[-85.21166,31.53015],[-85.21784,31.51418],[-85.22401,31.50543],[-85.23836,31.49351],[-85.23741,31.47852],[-85.22013,31.4862],[-85.21463,31.49028],[-85.20521,31.5008],[-85.20101,31.50186],[-85.18493,31.49375],[-85.17878,31.49268],[-85.17075,31.48914],[-85.1644,31.49412],[-85.1444,31.50353],[-85.13679,31.5051],[-85.12387,31.51158],[-85.11925,31.51499],[-85.11675,31.52133],[-85.1125,31.51563],[-85.113,31.50721],[-85.1019,31.51081],[-85.09491,31.50738],[-85.08427,31.50733],[-85.07339,31.50458],[-85.07252,31.51094],[-85.07352,31.51911],[-85.07156,31.5258],[-85.06045,31.52296],[-85.05746,31.52058],[-85.05005,31.51978],[-85.04793,31.51426],[-85.04456,31.52091],[-85.04765,31.52375],[-85.0472,31.52867],[-85.04298,31.5352],[-85.0413,31.54099],[-85.04255,31.54595],[-85.05084,31.55555],[-85.05293,31.56289],[-85.05796,31.57084],[-85.05528,31.57709],[-85.05844,31.58369],[-85.05811,31.59334],[-85.05598,31.60518],[-85.06055,31.60822],[-85.05747,31.61862],[-85.05953,31.62172],[-85.07383,31.62957],[-85.08003,31.63687],[-85.0845,31.63903],[-85.08517,31.6441],[-85.07992,31.65529],[-85.09243,31.65997],[-85.10943,31.67747],[-85.11393,31.68687],[-85.12233,31.69127],[-85.12553,31.69497],[-85.12683,31.70897],[-85.12653,31.71676],[-85.12223,31.72276],[-85.11893,31.73266],[-85.12393,31.74756],[-85.12923,31.75866],[-85.12695,31.76233],[-85.13493,31.76826],[-85.14843,31.77347],[-85.15913,31.77207],[-85.16134,31.76508],[-85.16923,31.761],[-85.17548,31.75387],[-85.17942,31.75316],[-85.19164,31.7475],[-85.19858,31.74317],[-85.20641,31.74106],[-85.21088,31.72548],[-85.21139,31.71689],[-85.20951,31.71047],[-85.21608,31.70241],[-85.23314,31.70308]]]},"properties":{"STATEFP":"01","COUNTYFP":"067","COUSUBFP":"92907","COUSUBNS":"00165800","GEOIDFQ":"0600000US0106792907","GEOID":"0106792907","NAME":"Shorterville","NAMELSAD":"Shorterville CCD","STUSPS":"AL","NAMELSADCO":"Henry County","STATE_NAME":"Alabama","LSAD":"22","ALAND":338088027,"AWATER":15718517}},
{"type":"Feature","geometry":{"type":"Polygon","coordinates":[[[-87.76733,34.73459],[-87.76486,34.72468],[-87.76671,34.71983],[-87.75575,34.71551],[-87.75379,34.70977],[-87.75753,34.70489],[-87.72315,34.69909],[-87.68766,34.6983],[-87.67863,34.69859],[-87.65861,34.702],[-87.66006,34.68044],[-87.65313,34.66543],[-87.64393,34.65365],[-87.64896,34.64458],[-87.64937,34.63935],[-87.64537,34.63383],[-87.64998,34.62687],[-87.64047,34.62567],[-87.63062,34.61717],[-87.62404,34.61669],[-87.62221,34.62009],[-87.61861,34.62996],[-87.61257,34.63862],[-87.61687,34.64375],[-87.61649,34.65672],[-87.60171,34.65636],[-87.59902,34.65783],[-87.59912,34.66939],[-87.59038,34.67075],[-87.59066,34.69979],[-87.58187,34.69962],[-87.58232,34.7287],[-87.582,34.75776],[-87.57294,34.75757],[-87.57199,34.80616],[-87.57233,34.82448],[-87.58064,34.8218],[-87.58588,34.81777],[-87.58948,34.81074],[-87.61369,34.79903],[-87.6247,34.79604],[-87.64361,34.79273],[-87.65403,34.78785],[-87.6682,34.7827],[-87.67745,34.78164],[-87.69419,34.77663],[-87.70757,34.77292],[-87.71665,34.76558],[-87.72955,34.74786],[-87.73372,34.74523],[-87.74693,34.74259],[-87.7603,34.73558],[-87.76733,34.73459]]]},"properties":{"STATEFP":"01","COUNTYFP":"033","COUSUBFP":"93186","COUSUBNS":"00165715","GEOIDFQ":"0600000US0103393186","GEOID":"0103393186","NAME":"Tri-Cities","NAMELSAD":"Tri-Cities CCD","STUSPS":"AL","NAMELSADCO":"Colbert County","STATE_NAME":"Alabama","LSAD":"22","ALAND":179618127,"AWATER":9730270}},
{"type":"Feature","geometry":{"type":"Polygon","coordinates":[[[-88.08829,31.6993],[-88.27287,31.69847],[-88.39985,31.69832],[-88.40541,31.69799],[-88.46443,31.69795],[-88.45948,31.62165],[-88.45329,31.50538],[-88.44639,31.50054],[-88.44282,31.49153],[-88.4372,31.48766],[-88.42709,31.48582],[-88.42196,31.47814],[-88.41644,31.47606],[-88.40974,31.47684],[-88.40348,31.48126],[-88.40131,31.49092],[-88.39642,31.50336],[-88.39839,31.51975],[-88.40216,31.53099],[-88.39023,31.5293],[-88.3832,31.53186],[-88.37759,31.52994],[-88.37254,31.53235],[-88.36269,31.53186],[-88.35538,31.54022],[-88.35136,31.5418],[-88.34352,31.55091],[-88.33748,31.56078],[-88.31164,31.57381],[-88.30471,31.57885],[-88.29901,31.58085],[-88.30128,31.58674],[-88.29761,31.5879],[-88.29206,31.59382],[-88.28759,31.60163],[-88.28034,31.60176],[-88.27399,31.60671],[-88.26526,31.60838],[-88.2618,31.60619],[-88.25736,31.61241],[-88.24599,31.61875],[-88.24527,31.62409],[-88.23992,31.63077],[-88.24362,31.63718],[-88.22549,31.64762],[-88.21877,31.64991],[-88.217,31.65305],[-88.2092,31.652],[-88.20677,31.65722],[-88.19404,31.65369],[-88.18869,31.65731],[-88.17749,31.65495],[-88.17162,31.65122],[-88.16603,31.65326],[-88.16375,31.65855],[-88.15539,31.66134],[-88.15827,31.66525],[-88.15383,31.66927],[-88.14162,31.66127],[-88.13819,31.66622],[-88.12918,31.67007],[-88.12695,31.67785],[-88.12347,31.68326],[-88.118,31.68475],[-88.11934,31.69021],[-88.11547,31.69371],[-88.10636,31.69472],[-88.10095,31.69267],[-88.09881,31.68565],[-88.08727,31.68867],[-88.08829,31.6993]]]},"properties":{"STATEFP":"01","COUNTYFP":"129","COUSUBFP":"92160","COUSUBNS":"00165994","GEOIDFQ":"0600000US0112992160","GEOID":"0112992160","NAME":"Millry","NAMELSAD":"Millry CCD","STUSPS":"AL","NAMELSADCO":"Washington County","STATE_NAME":"Alabama","LSAD":"22","ALAND":398479424,"AWATER":659562}},
{"type":"Feature","geometry":{"type":"Polygon","coordinates":[[[-85.28554,32.94017],[-85.28281,32.94868],[-85.28267,32.95941],[-85.27798,32.96541],[-85.26811,32.96572],[-85.26226,32.95562],[-85.25297,32.95538],[-85.23523,32.96273],[-85.2294,32.96657],[-85.23085,32.97014],[-85.23077,32.98033],[-85.22072,32.97805],[-85.22045,32.97435],[-85.21323,32.96674],[-85.20412,32.96669],[-85.23238,33.10808],[-85.28603,33.1082],[-85.40268,33.10862],[-85.45584,33.10903],[-85.45447,33.09485],[-85.45044,33.08792],[-85.44911,33.08013],[-85.44446,33.07619],[-85.44172,33.06884],[-85.44127,33.04978],[-85.43805,33.04579],[-85.4382,33.03301],[-85.43583,33.02186],[-85.43535,33.01295],[-85.43274,33.00748],[-85.4164,33.00561],[-85.41039,33.00023],[-85.4097,32.99359],[-85.40584,32.99235],[-85.39331,32.99229],[-85.38799,32.99053],[-85.37727,32.99301],[-85.37005,32.97979],[-85.36261,32.97804],[-85.36022,32.97485],[-85.34007,32.9702],[-85.33938,32.96391],[-85.33548,32.95429],[-85.33222,32.95171],[-85.32537,32.9518],[-85.31942,32.94456],[-85.31048,32.94275],[-85.30388,32.94607],[-85.29864,32.94101],[-85.28554,32.94017]]]},"properties":{"STATEFP":"01","COUNTYFP":"017","COUSUBFP":"91107","COUSUBNS":"00165680","GEOIDFQ":"0600000US0101791107","GEOID":"0101791107","NAME":"Five Points","NAMELSAD":"Five Points CCD","STUSPS":"AL","NAMELSADCO":"Chambers County","STATE_NAME":"Alabama","LSAD":"22","ALAND":308239841,"AWATER":9370815}},
{"type":"Feature","geometry":{"type":"Polygon","coordinates":[[[-86.56664,34.57473],[-86.57885,34.58136],[-86.586,34.58275],[-86.59302,34.58281],[-86.60498,34.58064],[-86.61417,34.57723],[-86.63068,34.56358],[-86.63491,34.55684],[-86.64105,34.55096],[-86.64639,34.54892],[-86.65866,34.55014],[-86.66514,34.55209],[-86.6719,34.55666],[-86.67506,34.56282],[-86.67508,34.5746],[-86.68149,34.58296],[-86.68935,34.58643],[-86.70218,34.589],[-86.7094,34.58837],[-86.72383,34.58101],[-86.74931,34.55908],[-86.74652,34.55469],[-86.73446,34.55303],[-86.72482,34.54403],[-86.72527,34.53792],[-86.71624,34.52803],[-86.70943,34.52917],[-86.70469,34.53215],[-86.70082,34.52992],[-86.70542,34.52542],[-86.70377,34.5172],[-86.70828,34.50774],[-86.71726,34.49194],[-86.71216,34.4905],[-86.71325,34.47943],[-86.71875,34.46516],[-86.7144,34.46473],[-86.71157,34.46045],[-86.71583,34.45606],[-86.71694,34.44889],[-86.71418,34.44678],[-86.70143,34.44391],[-86.69595,34.43975],[-86.69687,34.42896],[-86.69462,34.42334],[-86.68727,34.41331],[-86.68564,34.40442],[-86.67963,34.40222],[-86.67213,34.40342],[-86.66221,34.40309],[-86.65487,34.40646],[-86.65366,34.41094],[-86.64386,34.40882],[-86.63952,34.40599],[-86.63566,34.4094],[-86.63069,34.40293],[-86.62527,34.40467],[-86.62059,34.41021],[-86.60981,34.41177],[-86.59417,34.41681],[-86.58144,34.41233],[-86.57788,34.41732],[-86.57366,34.41816],[-86.56522,34.46973],[-86.55278,34.53995],[-86.55017,34.54596],[-86.54996,34.55158],[-86.55354,34.56166],[-86.55812,34.56827],[-86.56664,34.57473]]]},"properties":{"STATEFP":"01","COUNTYFP":"103","COUSUBFP":"91809","COUSUBNS":"00165915","GEOIDFQ":"0600000US0110391809","GEOID":"0110391809","NAME":"Laceys Spring","NAMELSAD":"Laceys Spring CCD","STUSPS":"AL","NAMELSADCO":"Morgan County","STATE_NAME":"Alabama","LSAD":"22","ALAND":245964291,"AWATER":8439069}},
{"type":"Feature","geometry":{"type":"Polygon","coordinates":[[[-87.52967,34.56708],[-87.59793,34.5682],[-87.63428,34.56915],[-87.73354,34.57159],[-87.85019,34.57345],[-87.9728,34.57598],[-87.97332,34.57023],[-87.96833,34.5642],[-87.97044,34.5583],[-87.97735,34.54897],[-87.97058,34.5436],[-87.96704,34.53656],[-87.95614,34.53338],[-87.95899,34.52696],[-87.96238,34.52718],[-87.96441,34.52114],[-87.97283,34.50809],[-87.97193,34.50409],[-87.96364,34.49575],[-87.95022,34.4868],[-87.94127,34.48875],[-87.92897,34.48833],[-87.92329,34.48675],[-87.92593,34.47716],[-87.92592,34.46288],[-87.92917,34.45372],[-87.92794,34.44866],[-87.93585,34.44954],[-87.94317,34.44029],[-87.94942,34.43951],[-87.93893,34.43379],[-87.92521,34.4219],[-87.91881,34.42056],[-87.91609,34.4167],[-87.90586,34.41347],[-87.90273,34.41046],[-87.89097,34.40972],[-87.8835,34.40204],[-87.8781,34.40613],[-87.8735,34.40103],[-87.86839,34.39923],[-87.8564,34.39959],[-87.84915,34.40109],[-87.83535,34.40609],[-87.82417,34.40035],[-87.81389,34.40364],[-87.80125,34.40556],[-87.78847,34.4097],[-87.78178,34.41022],[-87.77622,34.40848],[-87.76194,34.4081],[-87.75715,34.40438],[-87.746,34.40328],[-87.7376,34.3961],[-87.72237,34.39249],[-87.70978,34.39212],[-87.70264,34.39052],[-87.69944,34.39225],[-87.69015,34.38613],[-87.67692,34.38869],[-87.66784,34.39447],[-87.66491,34.40281],[-87.65803,34.41382],[-87.6521,34.4142],[-87.64847,34.4173],[-87.64097,34.41515],[-87.63724,34.41171],[-87.63192,34.41479],[-87.63051,34.41868],[-87.61757,34.42115],[-87.61399,34.4298],[-87.60462,34.41823],[-87.59015,34.41322],[-87.56506,34.4145],[-87.56175,34.42092],[-87.55541,34.4192],[-87.54982,34.42082],[-87.54168,34.41821],[-87.53396,34.43402],[-87.53069,34.43624],[-87.52979,34.51852],[-87.52967,34.56708]]]},"properties":{"STATEFP":"01","COUNTYFP":"059","COUSUBFP":"92799","COUSUBNS":"00165781","GEOIDFQ":"0600000US0105992799","GEOID":"0105992799","NAME":"Russellville","NAMELSAD":"Russellville CCD","STUSPS":"AL","NAMELSADCO":"Franklin County","STATE_NAME":"Alabama","LSAD":"22","ALAND":681409545,"AWATER":18589099}},
{"type":"Feature","geometry":{"type":"Polygon","coordinates":[[[-85.43274,33.00748],[-85.43535,33.01295],[-85.43583,33.02186],[-85.4382,33.03301],[-85.43805,33.04579],[-85.44127,33.04978],[-85.44172,33.06884],[-85.44446,33.07619],[-85.44911,33.08013],[-85.45044,33.08792],[-85.45447,33.09485],[-85.45584,33.10903],[-85.51438,33.10867],[-85.59318,33.10734],[-85.59299,33.01615],[-85.59333,32.9843],[-85.58481,32.98669],[-85.57453,32.98289],[-85.57177,32.98435],[-85.55865,32.97673],[-85.55641,32.98242],[-85.53061,32.98106],[-85.52593,32.97283],[-85.51982,32.96861],[-85.51483,32.96744],[-85.50103,32.97274],[-85.49582,32.97216],[-85.4868,32.97399],[-85.47897,32.97065],[-85.46578,32.96697],[-85.46013,32.96809],[-85.4551,32.97187],[-85.44604,32.96827],[-85.43907,32.9709],[-85.43761,32.97369],[-85.43735,32.9862],[-85.43261,32.9945],[-85.43274,33.00748]]]},"properties":{"STATEFP":"01","COUNTYFP":"017","COUSUBFP":"92169","COUSUBNS":"00165684","GEOIDFQ":"0600000US0101792169","GEOID":"0101792169","NAME":"Milltown","NAMELSAD":"Milltown CCD","STUSPS":"AL","NAMELSADCO":"Chambers County","STATE_NAME":"Alabama","LSAD":"22","ALAND":207456032,"AWATER":2142414}},
{"type":"Feature","geometry":{"type":"Polygon","coordinates":[[[-87.8053,31.99046],[-87.75824,31.99024],[-87.66777,31.99136],[-87.66794,32.00216],[-87.62276,32.00548],[-87.624,32.13235],[-87.62152,32.13239],[-87.63847,32.13506],[-87.65205,32.13606],[-87.6674,32.13609],[-87.67073,32.1325],[-87.67835,32.11963],[-87.68835,32.12053],[-87.69507,32.1197],[-87.70591,32.1244],[-87.71431,32.12631],[-87.72588,32.1244],[-87.73681,32.12804],[-87.74527,32.12818],[-87.74989,32.13184],[-87.75088,32.13677],[-87.75724,32.14056],[-87.76285,32.13878],[-87.77246,32.14077],[-87.78252,32.13727],[-87.78229,32.13391],[-87.77746,32.12095],[-87.7818,32.10948],[-87.78164,32.09786],[-87.79184,32.09681],[-87.79902,32.09745],[-87.80766,32.09523],[-87.81472,32.09532],[-87.81765,32.09786],[-87.83205,32.09825],[-87.84104,32.09268],[-87.85326,32.08834],[-87.85778,32.08896],[-87.85367,32.08049],[-87.83282,32.06863],[-87.83143,32.05589],[-87.82588,32.04788],[-87.83228,32.0389],[-87.84366,32.03821],[-87.85512,32.04609],[-87.85345,32.03298],[-87.84521,32.02884],[-87.84411,32.02501],[-87.83537,32.01981],[-87.82853,32.00517],[-87.81985,32.00063],[-87.81442,31.99966],[-87.80657,31.99383],[-87.8053,31.99046]]]},"properties":{"STATEFP":"01","COUNTYFP":"091","COUSUBFP":"90882","COUSUBNS":"00165873","GEOIDFQ":"0600000US0109190882","GEOID":"0109190882","NAME":"Dixons Mill","NAMELSAD":"Dixons Mill CCD","STUSPS":"AL","NAMELSADCO":"Marengo County","STATE_NAME":"Alabama","LSAD":"22","ALAND":286336273,"AWATER":54771}},
{"type":"Feature","geometry":{"type":"Polygon","coordinates":[[[-85.90948,31.87836],[-85.90925,31.88235],[-85.90481,31.88541],[-85.90361,31.89121],[-85.89611,31.89701],[-85.89232,31.90406],[-85.87837,31.91595],[-85.87051,31.91799],[-85.86673,31.92119],[-85.85727,31.92245],[-85.85047,31.92594],[-85.85396,31.93044],[-85.85121,31.93892],[-85.85468,31.94919],[-85.86029,31.95566],[-85.86511,31.96723],[-85.88435,31.96725],[-85.88425,31.98185],[-85.88903,31.98177],[-85.889,31.98895],[-85.89265,31.98905],[-85.89365,32.04735],[-85.91146,32.04736],[-85.91175,32.05475],[-85.9263,32.05468],[-85.94628,32.05457],[-85.9463,32.06189],[-85.95455,32.06175],[-85.95445,32.05815],[-85.95025,32.05455],[-85.97591,32.05443],[-85.97593,32.05124],[-85.98406,32.05105],[-85.98405,32.04745],[-85.99257,32.04745],[-85.99685,32.05105],[-85.99556,31.96755],[-86.03883,31.9673],[-86.03421,31.96477],[-86.02002,31.95175],[-86.01893,31.9432],[-86.01525,31.93706],[-86.02083,31.92845],[-86.01804,31.91875],[-86.02107,31.90156],[-86.0238,31.90056],[-86.02707,31.89184],[-86.04094,31.87851],[-86.04093,31.86407],[-86.03442,31.85353],[-86.0304,31.83898],[-86.02734,31.83259],[-86.01978,31.83034],[-86.00714,31.8346],[-86.00038,31.84373],[-85.99381,31.84422],[-85.98347,31.85104],[-85.97547,31.85429],[-85.96574,31.85579],[-85.94912,31.86465],[-85.9457,31.869],[-85.93687,31.86992],[-85.92799,31.87418],[-85.90948,31.87836]]]},"properties":{"STATEFP":"01","COUNTYFP":"109","COUSUBFP":"92340","COUSUBNS":"00165932","GEOIDFQ":"0600000US0110992340","GEOID":"0110992340","NAME":"Needmore","NAMELSAD":"Needmore CCD","STUSPS":"AL","NAMELSADCO":"Pike County","STATE_NAME":"Alabama","LSAD":"22","ALAND":265413971,"AWATER":220040}},
{"type":"Feature","geometry":{"type":"Polygon","coordinates":[[[-85.70129,31.74103],[-85.70412,31.74655],[-85.71455,31.75504],[-85.71363,31.76358],[-85.71541,31.77453],[-85.71875,31.77735],[-85.73306,31.77775],[-85.74049,31.78145],[-85.74907,31.78189],[-85.75203,31.77953],[-85.76175,31.77675],[-85.76321,31.77068],[-85.76949,31.76056],[-85.78331,31.75325],[-85.79516,31.75312],[-85.80864,31.75643],[-85.82437,31.75668],[-85.84798,31.75359],[-85.85869,31.74716],[-85.86307,31.74202],[-85.86625,31.73346],[-85.88704,31.71458],[-85.89209,31.70397],[-85.89832,31.69787],[-85.90483,31.68908],[-85.90777,31.68159],[-85.90712,31.66567],[-85.91137,31.65428],[-85.91988,31.65037],[-85.91927,31.64308],[-85.92383,31.63873],[-85.92471,31.62037],[-85.9267,31.61897],[-85.78914,31.61796],[-85.74825,31.61805],[-85.73693,31.62369],[-85.72983,31.63237],[-85.72702,31.64382],[-85.7199,31.65035],[-85.71615,31.66051],[-85.71883,31.66439],[-85.71594,31.66786],[-85.71761,31.67615],[-85.71738,31.69082],[-85.72064,31.69306],[-85.71791,31.69803],[-85.7137,31.6979],[-85.71161,31.70405],[-85.70572,31.7088],[-85.70896,31.7117],[-85.70342,31.72436],[-85.70511,31.73172],[-85.70129,31.74103]]]},"properties":{"STATEFP":"01","COUNTYFP":"109","COUSUBFP":"90432","COUSUBNS":"00165929","GEOIDFQ":"0600000US0110990432","GEOID":"0110990432","NAME":"Brundidge","NAMELSAD":"Brundidge CCD","STUSPS":"AL","NAMELSADCO":"Pike County","STATE_NAME":"Alabama","LSAD":"22","ALAND":273196545,"AWATER":164913}},
{"type":"Feature","geometry":{"type":"Polygon","coordinates":[[[-86.12364,32.42034],[-86.12849,32.41782],[-86.12621,32.41143],[-86.11512,32.40547],[-86.11719,32.39716],[-86.12306,32.39498],[-86.12033,32.38743],[-86.12916,32.37986],[-86.12572,32.37438],[-86.12443,32.36437],[-86.12558,32.36214],[-86.13576,32.36098],[-86.1395,32.35295],[-86.13657,32.33921],[-86.12807,32.34029],[-86.11978,32.34315],[-86.1121,32.3435],[-86.09495,32.34686],[-86.09485,32.34236],[-86.08615,32.33723],[-86.07397,32.33252],[-86.06209,32.32187],[-86.05677,32.31929],[-86.02225,32.30632],[-86.00788,32.3022],[-85.99465,32.31425],[-85.98121,32.32392],[-85.98144,32.3268],[-85.97575,32.33349],[-85.9844,32.33409],[-85.98977,32.33609],[-85.99502,32.35181],[-85.99367,32.35791],[-85.99993,32.36246],[-86.00337,32.3716],[-86.01455,32.38578],[-86.01155,32.38951],[-86.01408,32.39714],[-86.01094,32.40431],[-86.01468,32.40924],[-86.02026,32.41002],[-86.02301,32.41998],[-86.03384,32.42276],[-86.04255,32.41793],[-86.0464,32.40615],[-86.0605,32.40825],[-86.07698,32.41192],[-86.0862,32.42158],[-86.09347,32.41876],[-86.11633,32.41703],[-86.11694,32.42265],[-86.12364,32.42034]]]},"properties":{"STATEFP":"01","COUNTYFP":"101","COUSUBFP":"92295","COUSUBNS":"00165906","GEOIDFQ":"0600000US0110192295","GEOID":"0110192295","NAME":"Mount Meigs","NAMELSAD":"Mount Meigs CCD","STUSPS":"AL","NAMELSADCO":"Montgomery County","STATE_NAME":"Alabama","LSAD":"22","ALAND":118166127,"AWATER":2496207}},
{"type":"Feature","geometry":{"type":"Polygon","coordinates":[[[-86.18741,34.33234],[-86.1814,34.32655],[-86.17528,34.32856],[-86.16879,34.32515],[-86.1576,34.32812],[-86.14656,34.32413],[-86.13455,34.3221],[-86.12808,34.31793],[-86.1223,34.31736],[-86.11516,34.31385],[-86.10856,34.31515],[-86.11002,34.39294],[-86.11883,34.39298],[-86.11889,34.40384],[-86.11002,34.40387],[-86.11023,34.4186],[-86.11036,34.4278],[-86.05771,34.47599],[-86.06997,34.47077],[-86.07436,34.4667],[-86.08341,34.46457],[-86.08965,34.46832],[-86.08747,34.47805],[-86.08857,34.48282],[-86.09615,34.48874],[-86.10021,34.4972],[-86.09986,34.50422],[-86.10427,34.50712],[-86.09774,34.51255],[-86.09992,34.52148],[-86.10431,34.51877],[-86.11015,34.5205],[-86.10824,34.52657],[-86.11374,34.52936],[-86.11957,34.52447],[-86.12354,34.52741],[-86.12638,34.5333],[-86.13032,34.5296],[-86.1456,34.52001],[-86.14795,34.51749],[-86.16577,34.50551],[-86.17374,34.49684],[-86.18495,34.49005],[-86.19795,34.4716],[-86.21117,34.46168],[-86.22075,34.44595],[-86.22515,34.43346],[-86.22739,34.42206],[-86.23029,34.39895],[-86.23333,34.39115],[-86.24121,34.38148],[-86.23456,34.37509],[-86.21932,34.36896],[-86.2167,34.36326],[-86.21115,34.35853],[-86.19758,34.35627],[-86.19419,34.34495],[-86.18867,34.34183],[-86.18597,34.33558],[-86.18741,34.33234]]]},"properties":{"STATEFP":"01","COUNTYFP":"095","COUSUBFP":"93150","COUSUBNS":"00165889","GEOIDFQ":"0600000US0109593150","GEOID":"0109593150","NAME":"Town Creek","NAMELSAD":"Town Creek CCD","STUSPS":"AL","NAMELSADCO":"Marshall County","STATE_NAME":"Alabama","LSAD":"22","ALAND":173734872,"AWATER":37896751}},
{"type":"Feature","geometry":{"type":"Polygon","coordinates":[[[-86.10805,31.29746],[-86.11288,31.29136],[-86.11642,31.2822],[-86.11461,31.27704],[-86.11686,31.25758],[-86.11915,31.25064],[-86.12842,31.24439],[-86.13095,31.23907],[-86.14014,31.23274],[-86.13385,31.22115],[-86.12697,31.21969],[-86.12524,31.20978],[-86.13111,31.20761],[-86.12234,31.19572],[-86.11211,31.2004],[-86.11171,31.19728],[-86.11528,31.19513],[-86.11941,31.18994],[-86.11673,31.18389],[-86.11673,31.19302],[-86.05853,31.19408],[-86.01306,31.19532],[-85.96611,31.19594],[-85.96498,31.20125],[-85.95834,31.21099],[-85.95933,31.22042],[-85.95573,31.23201],[-85.95587,31.23792],[-85.95075,31.24381],[-85.94856,31.25308],[-85.94117,31.26459],[-85.92084,31.27607],[-85.91563,31.2837],[-85.91953,31.29667],[-85.92018,31.30789],[-85.91785,31.31605],[-85.93007,31.31279],[-85.9359,31.31644],[-85.94222,31.31648],[-85.95072,31.31276],[-85.99468,31.31269],[-86.00584,31.31212],[-86.03313,31.31132],[-86.03794,31.30367],[-86.04284,31.30563],[-86.05471,31.30291],[-86.06886,31.29623],[-86.07995,31.29534],[-86.08286,31.30329],[-86.09209,31.30161],[-86.098,31.29664],[-86.10805,31.29746]]]},"properties":{"STATEFP":"01","COUNTYFP":"031","COUSUBFP":"91341","COUSUBNS":"00165709","GEOIDFQ":"0600000US0103191341","GEOID":"0103191341","NAME":"Goodman","NAMELSAD":"Goodman CCD","STUSPS":"AL","NAMELSADCO":"Coffee County","STATE_NAME":"Alabama","LSAD":"22","ALAND":213566239,"AWATER":808106}},
{"type":"Feature","geometry":{"type":"Polygon","coordinates":[[[-86.43576,31.09506],[-86.44933,31.09366],[-86.45659,31.08991],[-86.47301,31.0889],[-86.4794,31.09104],[-86.48315,31.08855],[-86.48857,31.07754],[-86.49532,31.07153],[-86.5042,31.06774],[-86.5092,31.0627],[-86.50972,31.05878],[-86.51478,31.0522],[-86.52484,31.04836],[-86.52711,31.04146],[-86.53871,31.03648],[-86.53913,31.03234],[-86.53636,31.02434],[-86.53806,31.00716],[-86.53655,31.00319],[-86.54119,31.00046],[-86.54249,30.99427],[-86.51994,30.99325],[-86.45832,30.994],[-86.40491,30.99405],[-86.36927,30.99448],[-86.28925,30.9938],[-86.25645,30.99385],[-86.23833,30.99437],[-86.18725,30.99405],[-86.18693,31.00308],[-86.19024,31.00306],[-86.19328,31.12512],[-86.20529,31.12433],[-86.21719,31.11888],[-86.22151,31.1149],[-86.23929,31.11194],[-86.24284,31.11312],[-86.2598,31.11368],[-86.27115,31.11731],[-86.28016,31.1115],[-86.28906,31.10948],[-86.29009,31.10222],[-86.29452,31.09819],[-86.29779,31.10686],[-86.29761,31.11758],[-86.29561,31.12401],[-86.29377,31.13943],[-86.30188,31.13223],[-86.31112,31.12746],[-86.31419,31.1233],[-86.31978,31.1293],[-86.32929,31.12876],[-86.33707,31.11475],[-86.34377,31.11691],[-86.3454,31.12151],[-86.35386,31.12366],[-86.3564,31.1264],[-86.36512,31.12985],[-86.36979,31.12997],[-86.37529,31.12226],[-86.39128,31.11858],[-86.39595,31.11437],[-86.40343,31.11204],[-86.40593,31.11393],[-86.41192,31.10931],[-86.41806,31.10788],[-86.4263,31.10316],[-86.42994,31.10324],[-86.4298,31.10062],[-86.43576,31.09506]]]},"properties":{"STATEFP":"01","COUNTYFP":"039","COUSUBFP":"91134","COUSUBNS":"00165723","GEOIDFQ":"0600000US0103991134","GEOID":"0103991134","NAME":"Florala","NAMELSAD":"Florala CCD","STUSPS":"AL","NAMELSADCO":"Covington County","STATE_NAME":"Alabama","LSAD":"22","ALAND":403172622,"AWATER":3838825}},
{"type":"Feature","geometry":{"type":"Polygon","coordinates":[[[-88.26237,33.6324],[-88.26953,33.57289],[-88.27462,33.53401],[-88.24629,33.53305],[-88.08179,33.52892],[-88.05057,33.52745],[-88.00133,33.52642],[-87.96615,33.52481],[-87.94652,33.52407],[-87.94666,33.6413],[-87.9463,33.6578],[-87.94686,33.67996],[-87.95241,33.68827],[-87.95449,33.69908],[-87.96238,33.70553],[-87.9656,33.70989],[-87.97517,33.71223],[-87.98397,33.70581],[-87.99554,33.71079],[-88.01013,33.70175],[-88.02005,33.70244],[-88.02439,33.69927],[-88.02784,33.68979],[-88.03397,33.68497],[-88.03774,33.6768],[-88.04238,33.67336],[-88.05381,33.68011],[-88.06374,33.68103],[-88.07607,33.6852],[-88.08925,33.68599],[-88.0944,33.69513],[-88.10098,33.69252],[-88.11305,33.69101],[-88.12572,33.6959],[-88.13794,33.6875],[-88.14944,33.68558],[-88.15424,33.68252],[-88.15852,33.6866],[-88.16563,33.68303],[-88.16931,33.68842],[-88.18594,33.68353],[-88.19019,33.68092],[-88.1995,33.66974],[-88.20734,33.671],[-88.2098,33.66822],[-88.22448,33.66371],[-88.2296,33.66039],[-88.23464,33.65395],[-88.23738,33.65427],[-88.25066,33.65019],[-88.251,33.64249],[-88.25432,33.63624],[-88.26237,33.6324]]]},"properties":{"STATEFP":"01","COUNTYFP":"075","COUSUBFP":"92151","COUSUBNS":"00165829","GEOIDFQ":"0600000US0107592151","GEOID":"0107592151","NAME":"Millport","NAMELSAD":"Millport CCD","STUSPS":"AL","NAMELSADCO":"Lamar County","STATE_NAME":"Alabama","LSAD":"22","ALAND":510075646,"AWATER":306902}},
{"type":"Feature","geometry":{"type":"Polygon","coordinates":[[[-85.9267,31.61897],[-85.92871,31.613],[-85.93169,31.61153],[-85.93653,31.60127],[-85.93884,31.58983],[-85.94272,31.58307],[-85.94898,31.57728],[-85.95339,31.56799],[-85.95813,31.56646],[-85.96554,31.55232],[-85.97383,31.54301],[-85.98211,31.53804],[-85.97752,31.53619],[-85.97787,31.52501],[-85.97688,31.51368],[-85.98129,31.51138],[-85.9816,31.46964],[-85.97585,31.46526],[-85.9741,31.45459],[-85.9745,31.44951],[-85.97003,31.43273],[-85.96448,31.43585],[-85.95849,31.44299],[-85.9561,31.4402],[-85.94987,31.44182],[-85.93241,31.45028],[-85.92804,31.45541],[-85.92214,31.45719],[-85.9222,31.46265],[-85.9091,31.46677],[-85.9012,31.4756],[-85.89726,31.47448],[-85.89521,31.48404],[-85.89118,31.48855],[-85.89053,31.4957],[-85.8827,31.49693],[-85.87624,31.50406],[-85.86846,31.50805],[-85.86691,31.51201],[-85.86851,31.52268],[-85.86457,31.52997],[-85.85746,31.53231],[-85.84827,31.54095],[-85.84041,31.54207],[-85.83557,31.53971],[-85.82951,31.55069],[-85.8273,31.55945],[-85.81041,31.57132],[-85.80412,31.57673],[-85.79622,31.57785],[-85.78914,31.58787],[-85.78914,31.61796],[-85.9267,31.61897]]]},"properties":{"STATEFP":"01","COUNTYFP":"031","COUSUBFP":"93303","COUSUBNS":"00165712","GEOIDFQ":"0600000US0103193303","GEOID":"0103193303","NAME":"Victoria","NAMELSAD":"Victoria CCD","STUSPS":"AL","NAMELSADCO":"Coffee County","STATE_NAME":"Alabama","LSAD":"22","ALAND":208317555,"AWATER":177901}},
{"type":"Feature","geometry":{"type":"Polygon","coordinates":[[[-86.94568,34.23481],[-86.95742,34.23956],[-86.96468,34.23576],[-86.97167,34.23542],[-86.96966,34.22971],[-86.97025,34.22084],[-86.97604,34.21829],[-86.97525,34.21462],[-86.98302,34.20388],[-86.98301,34.19465],[-87.00302,34.19423],[-87.0149,34.19759],[-87.0178,34.20198],[-87.02298,34.20136],[-87.02056,34.19169],[-87.02913,34.18306],[-87.0221,34.17454],[-87.02956,34.17461],[-87.0338,34.17215],[-87.03712,34.16386],[-87.04182,34.16354],[-87.04737,34.15383],[-87.04372,34.15179],[-87.04409,34.1473],[-87.05253,34.14569],[-87.04777,34.13565],[-87.05062,34.13049],[-87.04717,34.12515],[-87.05534,34.11622],[-87.04979,34.11793],[-87.0431,34.12304],[-87.03677,34.12401],[-87.03378,34.13036],[-87.01939,34.12573],[-87.01232,34.11555],[-86.99283,34.11297],[-86.98538,34.11389],[-86.9768,34.10818],[-86.97275,34.10369],[-86.96079,34.09784],[-86.95747,34.09295],[-86.94492,34.0937],[-86.93903,34.09218],[-86.93182,34.09363],[-86.92758,34.08711],[-86.92293,34.08791],[-86.92343,34.09197],[-86.91927,34.10017],[-86.91475,34.10037],[-86.91,34.10548],[-86.90289,34.10689],[-86.91065,34.11331],[-86.90328,34.11958],[-86.89895,34.12631],[-86.89498,34.12624],[-86.89291,34.13353],[-86.89916,34.137],[-86.90277,34.14298],[-86.91272,34.15016],[-86.91542,34.14768],[-86.91988,34.15539],[-86.92416,34.15893],[-86.91735,34.16678],[-86.92529,34.1752],[-86.92555,34.18488],[-86.92822,34.1881],[-86.92755,34.19494],[-86.9227,34.19829],[-86.92592,34.20581],[-86.92629,34.21556],[-86.93514,34.22447],[-86.94418,34.22704],[-86.94568,34.23481]]]},"properties":{"STATEFP":"01","COUNTYFP":"043","COUSUBFP":"91962","COUSUBNS":"00165735","GEOIDFQ":"0600000US0104391962","GEOID":"0104391962","NAME":"Logan","NAMELSAD":"Logan CCD","STUSPS":"AL","NAMELSADCO":"Cullman County","STATE_NAME":"Alabama","LSAD":"22","ALAND":132823982,"AWATER":838975}},
{"type":"Feature","geometry":{"type":"Polygon","coordinates":[[[-85.83843,34.4061],[-85.84132,34.41894],[-85.84665,34.42874],[-85.85402,34.43933],[-85.86464,34.44179],[-85.86861,34.43917],[-85.8726,34.44458],[-85.87004,34.45429],[-85.87994,34.46262],[-85.88128,34.46611],[-85.88938,34.4751],[-85.89391,34.47442],[-85.90041,34.48098],[-85.9071,34.48414],[-85.90823,34.48787],[-85.91827,34.49161],[-85.92968,34.49853],[-85.94339,34.50339],[-85.94812,34.49965],[-85.95363,34.49931],[-85.96011,34.50218],[-85.97081,34.49685],[-85.9746,34.49266],[-85.98455,34.49057],[-85.98928,34.48686],[-86.00384,34.48003],[-86.02196,34.48154],[-86.02602,34.47551],[-86.03485,34.47342],[-86.03944,34.47693],[-86.05416,34.47518],[-86.05771,34.47599],[-86.11036,34.4278],[-86.11023,34.4186],[-86.10783,34.40965],[-86.10034,34.40562],[-86.09547,34.4062],[-86.09332,34.40993],[-86.08776,34.40732],[-86.07875,34.4057],[-86.07557,34.40245],[-86.06004,34.39805],[-86.05676,34.39335],[-86.04789,34.39525],[-86.04294,34.39951],[-86.03639,34.39498],[-86.0294,34.39239],[-86.02648,34.38565],[-86.02247,34.38647],[-86.01592,34.39268],[-86.00631,34.38734],[-85.99875,34.38832],[-85.99187,34.38654],[-85.98966,34.37777],[-85.98369,34.37761],[-85.97447,34.38403],[-85.96969,34.38536],[-85.95824,34.39364],[-85.94825,34.39393],[-85.93863,34.39695],[-85.93153,34.40132],[-85.93087,34.3964],[-85.92211,34.39365],[-85.90999,34.39816],[-85.91004,34.40528],[-85.89884,34.39975],[-85.88768,34.39849],[-85.878,34.39344],[-85.86996,34.39287],[-85.86396,34.38974],[-85.84988,34.38816],[-85.84915,34.38854],[-85.84915,34.3929],[-85.84089,34.40057],[-85.83843,34.4061]]]},"properties":{"STATEFP":"01","COUNTYFP":"049","COUSUBFP":"91269","COUSUBNS":"00165752","GEOIDFQ":"0600000US0104991269","GEOID":"0104991269","NAME":"Fyffe","NAMELSAD":"Fyffe CCD","STUSPS":"AL","NAMELSADCO":"DeKalb County","STATE_NAME":"Alabama","LSAD":"22","ALAND":214250118,"AWATER":23139}},
{"type":"Feature","geometry":{"type":"Polygon","coordinates":[[[-85.84915,34.38854],[-85.84988,34.38816],[-85.85327,34.38217],[-85.86529,34.367],[-85.87411,34.35759],[-85.89493,34.33248],[-85.90072,34.32673],[-85.91592,34.31589],[-85.92364,34.30644],[-85.92538,34.29822],[-85.92974,34.28835],[-85.95672,34.25608],[-85.97364,34.23995],[-85.97731,34.23228],[-85.98563,34.22244],[-85.99507,34.21413],[-86.00859,34.19944],[-85.99883,34.19937],[-85.9093,34.20007],[-85.84362,34.20001],[-85.8438,34.24459],[-85.82101,34.23907],[-85.80842,34.23938],[-85.80904,34.25892],[-85.77416,34.25909],[-85.74409,34.28485],[-85.75274,34.2898],[-85.7647,34.2923],[-85.7785,34.29778],[-85.79014,34.29527],[-85.79411,34.30662],[-85.80078,34.31001],[-85.81256,34.31289],[-85.8176,34.31652],[-85.8189,34.32646],[-85.83288,34.33747],[-85.84213,34.32878],[-85.84607,34.32659],[-85.84938,34.33785],[-85.84943,34.34766],[-85.86188,34.36196],[-85.8608,34.36853],[-85.85342,34.37939],[-85.84635,34.38489],[-85.84915,34.38854]]]},"properties":{"STATEFP":"01","COUNTYFP":"049","COUSUBFP":"90693","COUSUBNS":"00165749","GEOIDFQ":"0600000US0104990693","GEOID":"0104990693","NAME":"Collinsville","NAMELSAD":"Collinsville CCD","STUSPS":"AL","NAMELSADCO":"DeKalb County","STATE_NAME":"Alabama","LSAD":"22","ALAND":206885923,"AWATER":1017684}},
{"type":"Feature","geometry":{"type":"Polygon","coordinates":[[[-85.42982,32.04598],[-85.42882,32.03469],[-85.42848,32.01495],[-85.46254,32.01436],[-85.46304,32.02235],[-85.47114,32.02226],[-85.47064,32.01416],[-85.49994,32.01445],[-85.51264,32.01406],[-85.51236,31.99969],[-85.52963,31.99954],[-85.53484,31.99506],[-85.53814,31.99805],[-85.58054,31.99696],[-85.58734,31.99736],[-85.59357,31.9927],[-85.59247,31.98624],[-85.59677,31.9771],[-85.60405,31.97025],[-85.60477,31.96085],[-85.61551,31.94816],[-85.62028,31.9455],[-85.61043,31.93387],[-85.60841,31.92223],[-85.60192,31.91452],[-85.60974,31.90741],[-85.61216,31.90239],[-85.60825,31.89195],[-85.60165,31.88669],[-85.59646,31.87883],[-85.58914,31.87109],[-85.57567,31.86673],[-85.57167,31.85286],[-85.57226,31.84618],[-85.55652,31.85168],[-85.55293,31.85865],[-85.55235,31.87269],[-85.54332,31.87576],[-85.53568,31.87557],[-85.52787,31.87816],[-85.52634,31.86401],[-85.52427,31.85785],[-85.51201,31.84792],[-85.5018,31.84699],[-85.49437,31.85356],[-85.48071,31.85276],[-85.47806,31.84594],[-85.47047,31.84389],[-85.46308,31.82489],[-85.45807,31.82144],[-85.4487,31.80844],[-85.44161,31.79357],[-85.43637,31.78898],[-85.42642,31.77881],[-85.41358,31.78143],[-85.3972,31.78811],[-85.38726,31.78924],[-85.37877,31.79355],[-85.37424,31.79845],[-85.3623,31.80601],[-85.35876,31.79307],[-85.34929,31.79661],[-85.34077,31.80378],[-85.33154,31.81658],[-85.3383,31.83573],[-85.34366,31.84173],[-85.34981,31.84543],[-85.35362,31.85109],[-85.3551,31.85789],[-85.36,31.86914],[-85.35023,31.87817],[-85.34991,31.88334],[-85.34191,31.89459],[-85.3379,31.90595],[-85.34007,31.91461],[-85.34712,31.9201],[-85.34461,31.92768],[-85.34341,31.94169],[-85.34809,31.9481],[-85.34643,31.95247],[-85.33597,31.95979],[-85.32995,31.96209],[-85.32303,31.96953],[-85.31586,31.9714],[-85.3145,31.98437],[-85.31927,31.99672],[-85.3145,32.0061],[-85.31016,32.00985],[-85.3111,32.01558],[-85.31838,32.01314],[-85.32814,32.0131],[-85.33266,32.01104],[-85.3386,32.01958],[-85.34167,32.01733],[-85.34769,32.01942],[-85.35433,32.01747],[-85.3621,32.0187],[-85.37329,32.02573],[-85.3814,32.02394],[-85.39143,32.02464],[-85.4003,32.03098],[-85.40199,32.0347],[-85.40735,32.03633],[-85.42982,32.04598]]]},"properties":{"STATEFP":"01","COUNTYFP":"005","COUSUBFP":"90630","COUSUBNS":"00165655","GEOIDFQ":"0600000US0100590630","GEOID":"0100590630","NAME":"Clayton","NAMELSAD":"Clayton CCD","STUSPS":"AL","NAMELSADCO":"Barbour County","STATE_NAME":"Alabama","LSAD":"22","ALAND":517006045,"AWATER":983621}},
{"type":"Feature","geometry":{"type":"Polygon","coordinates":[[[-87.2273,31.25954],[-87.24012,31.25011],[-87.28077,31.22819],[-87.28947,31.22228],[-87.34165,31.17805],[-87.34747,31.1737],[-87.36309,31.16569],[-87.3615,31.16404],[-87.36262,31.15565],[-87.36535,31.15106],[-87.36553,31.14371],[-87.36894,31.13748],[-87.37032,31.12966],[-87.36201,31.12683],[-87.36167,31.11912],[-87.3646,31.11127],[-87.36222,31.10405],[-87.36061,31.09307],[-87.35165,31.08296],[-87.34484,31.07065],[-87.33927,31.06593],[-87.33976,31.05979],[-87.34373,31.05607],[-87.34152,31.05264],[-87.34267,31.03654],[-87.34642,31.02754],[-87.36092,31.02779],[-87.36092,31.01267],[-87.36387,30.99822],[-87.31218,30.99844],[-87.25498,30.99829],[-87.23768,30.99639],[-87.22475,30.99717],[-87.1748,30.99869],[-87.18454,31.01424],[-87.19826,31.01595],[-87.20219,31.01988],[-87.20702,31.02033],[-87.21188,31.02674],[-87.21126,31.02915],[-87.21936,31.04339],[-87.21449,31.05144],[-87.21645,31.05591],[-87.21299,31.06611],[-87.21608,31.07453],[-87.21971,31.07952],[-87.22135,31.08606],[-87.21923,31.09085],[-87.22265,31.10617],[-87.22021,31.11956],[-87.21421,31.12856],[-87.21354,31.13424],[-87.2147,31.1476],[-87.21987,31.15914],[-87.22215,31.16752],[-87.22367,31.18285],[-87.22184,31.18827],[-87.21802,31.19227],[-87.21318,31.2059],[-87.21453,31.21645],[-87.21353,31.22779],[-87.21638,31.2396],[-87.2273,31.25954]]]},"properties":{"STATEFP":"01","COUNTYFP":"053","COUSUBFP":"91125","COUSUBNS":"00165766","GEOIDFQ":"0600000US0105391125","GEOID":"0105391125","NAME":"Flomaton","NAMELSAD":"Flomaton CCD","STUSPS":"AL","NAMELSADCO":"Escambia County","STATE_NAME":"Alabama","LSAD":"22","ALAND":331739974,"AWATER":1755190}},
{"type":"Feature","geometry":{"type":"Polygon","coordinates":[[[-87.5501,30.48412],[-87.55322,30.48096],[-87.55476,30.47292],[-87.66639,30.47273],[-87.66641,30.45807],[-87.6664,30.45086],[-87.64364,30.45082],[-87.64586,30.44477],[-87.64343,30.43875],[-87.64355,30.43288],[-87.64603,30.42486],[-87.64256,30.41584],[-87.6386,30.4098],[-87.63098,30.40886],[-87.62734,30.39793],[-87.62128,30.39442],[-87.62032,30.38464],[-87.6166,30.37486],[-87.62129,30.3675],[-87.62165,30.3629],[-87.61417,30.35944],[-87.61061,30.3556],[-87.60209,30.35217],[-87.60116,30.34246],[-87.58925,30.3182],[-87.58945,30.30567],[-87.58534,30.29916],[-87.57952,30.2981],[-87.57244,30.29997],[-87.56995,30.30406],[-87.56029,30.30664],[-87.54218,30.30386],[-87.5386,30.30503],[-87.52245,30.31532],[-87.50584,30.31509],[-87.5047,30.32404],[-87.49998,30.32896],[-87.49188,30.3309],[-87.47558,30.3314],[-87.46488,30.3333],[-87.45998,30.3363],[-87.45096,30.34626],[-87.45198,30.3603],[-87.45138,30.3672],[-87.44182,30.3763],[-87.43868,30.3808],[-87.44068,30.3915],[-87.43428,30.3975],[-87.42958,30.4065],[-87.42618,30.4092],[-87.41918,30.4102],[-87.40888,30.4088],[-87.40348,30.4102],[-87.39568,30.4176],[-87.38638,30.4205],[-87.37117,30.43049],[-87.36659,30.43665],[-87.37077,30.44687],[-87.38118,30.4501],[-87.39198,30.4516],[-87.39688,30.4506],[-87.40468,30.4529],[-87.40788,30.4564],[-87.41468,30.4573],[-87.42508,30.4656],[-87.42958,30.4706],[-87.43058,30.4766],[-87.43477,30.48187],[-87.44127,30.48941],[-87.45002,30.49087],[-87.45691,30.48207],[-87.46831,30.4801],[-87.48669,30.48814],[-87.49949,30.50905],[-87.51075,30.5125],[-87.52019,30.51004],[-87.52621,30.50317],[-87.52723,30.49628],[-87.53267,30.4904],[-87.54125,30.48809],[-87.54424,30.48507],[-87.5501,30.48412]]]},"properties":{"STATEFP":"01","COUNTYFP":"003","COUSUBFP":"90963","COUSUBNS":"00165651","GEOIDFQ":"0600000US0100390963","GEOID":"0100390963","NAME":"Elberta","NAMELSAD":"Elberta CCD","STUSPS":"AL","NAMELSADCO":"Baldwin County","STATE_NAME":"Alabama","LSAD":"22","ALAND":316081142,"AWATER":47359329}},
{"type":"Feature","geometry":{"type":"Polygon","coordinates":[[[-87.51705,31.7534],[-87.51836,31.81439],[-87.50095,31.81402],[-87.50093,31.82925],[-87.50262,31.8292],[-87.55153,31.82774],[-87.58323,31.8272],[-87.62011,31.82712],[-87.62018,31.83223],[-87.62689,31.83218],[-87.63473,31.8341],[-87.63747,31.8451],[-87.65897,31.84114],[-87.6638,31.83703],[-87.67678,31.83531],[-87.68673,31.83226],[-87.69305,31.83294],[-87.69773,31.84705],[-87.70451,31.85412],[-87.70808,31.86308],[-87.71465,31.86773],[-87.7197,31.86913],[-87.72505,31.87502],[-87.72866,31.87281],[-87.73579,31.86439],[-87.74189,31.86528],[-87.74083,31.86012],[-87.74162,31.8491],[-87.7485,31.849],[-87.75035,31.82676],[-87.76093,31.83078],[-87.76833,31.82727],[-87.77669,31.83551],[-87.786,31.84173],[-87.79894,31.83311],[-87.80207,31.82653],[-87.80735,31.82285],[-87.81882,31.82014],[-87.82404,31.80988],[-87.82229,31.80848],[-87.8192,31.79553],[-87.81592,31.79322],[-87.8018,31.79235],[-87.79084,31.7841],[-87.78889,31.76915],[-87.77912,31.766],[-87.77548,31.75931],[-87.76659,31.7628],[-87.76205,31.76001],[-87.75933,31.76326],[-87.754,31.76236],[-87.74835,31.75857],[-87.73702,31.75702],[-87.73277,31.7528],[-87.71201,31.74848],[-87.70284,31.74821],[-87.69822,31.75121],[-87.69065,31.76051],[-87.69261,31.76694],[-87.67847,31.76346],[-87.66319,31.77163],[-87.65833,31.77576],[-87.65027,31.77332],[-87.6381,31.77334],[-87.63927,31.77028],[-87.6296,31.76681],[-87.6258,31.75946],[-87.61916,31.75759],[-87.61453,31.74579],[-87.60147,31.74372],[-87.59411,31.74558],[-87.58174,31.74425],[-87.58137,31.74059],[-87.57413,31.74132],[-87.5693,31.73694],[-87.56049,31.73734],[-87.55878,31.74276],[-87.55033,31.74793],[-87.53998,31.74909],[-87.53389,31.74846],[-87.51705,31.7534]]]},"properties":{"STATEFP":"01","COUNTYFP":"025","COUSUBFP":"91260","COUSUBNS":"00165700","GEOIDFQ":"0600000US0102591260","GEOID":"0102591260","NAME":"Fulton","NAMELSAD":"Fulton CCD","STUSPS":"AL","NAMELSADCO":"Clarke County","STATE_NAME":"Alabama","LSAD":"22","ALAND":249010114,"AWATER":71854}},
{"type":"Feature","geometry":{"type":"Polygon","coordinates":[[[-87.44955,34.6489],[-87.44492,34.65391],[-87.4477,34.65872],[-87.4434,34.66109],[-87.44849,34.66607],[-87.44767,34.67022],[-87.44312,34.67521],[-87.44983,34.68093],[-87.45336,34.68647],[-87.45095,34.6963],[-87.43849,34.69982],[-87.43605,34.70349],[-87.42691,34.70865],[-87.42692,34.71263],[-87.43306,34.71749],[-87.43386,34.72597],[-87.43212,34.73743],[-87.4245,34.7392],[-87.42785,34.75191],[-87.41965,34.75734],[-87.41623,34.76241],[-87.41609,34.767],[-87.42711,34.77305],[-87.43439,34.77361],[-87.42615,34.78641],[-87.42878,34.79431],[-87.42651,34.80002],[-87.43533,34.80391],[-87.44998,34.80828],[-87.46823,34.81193],[-87.47812,34.81242],[-87.48661,34.81447],[-87.49531,34.81904],[-87.509,34.82312],[-87.51418,34.83018],[-87.52436,34.83238],[-87.53549,34.82955],[-87.54629,34.83043],[-87.55363,34.82689],[-87.56629,34.82603],[-87.57233,34.82448],[-87.57199,34.80616],[-87.57294,34.75757],[-87.582,34.75776],[-87.58232,34.7287],[-87.58187,34.69962],[-87.59066,34.69979],[-87.59038,34.67075],[-87.59912,34.66939],[-87.59902,34.65783],[-87.60171,34.65636],[-87.61649,34.65672],[-87.61687,34.64375],[-87.61257,34.63862],[-87.61861,34.62996],[-87.62221,34.62009],[-87.61654,34.61423],[-87.61923,34.60508],[-87.61798,34.59557],[-87.62356,34.59217],[-87.62427,34.58392],[-87.63413,34.57561],[-87.63428,34.56915],[-87.59793,34.5682],[-87.52967,34.56708],[-87.52051,34.56838],[-87.51856,34.57748],[-87.51133,34.57857],[-87.50712,34.58593],[-87.51203,34.58928],[-87.51391,34.59476],[-87.51179,34.60226],[-87.50644,34.60508],[-87.50408,34.61089],[-87.50426,34.61662],[-87.49983,34.62157],[-87.48791,34.62778],[-87.48293,34.63624],[-87.47682,34.6378],[-87.48252,34.64254],[-87.48371,34.64797],[-87.47722,34.65148],[-87.46051,34.64646],[-87.45484,34.65025],[-87.44955,34.6489]]]},"properties":{"STATEFP":"01","COUNTYFP":"033","COUSUBFP":"91863","COUSUBNS":"00165713","GEOIDFQ":"0600000US0103391863","GEOID":"0103391863","NAME":"Leighton","NAMELSAD":"Leighton CCD","STUSPS":"AL","NAMELSADCO":"Colbert County","STATE_NAME":"Alabama","LSAD":"22","ALAND":334221755,"AWATER":21852200}},
{"type":"Feature","geometry":{"type":"Polygon","coordinates":[[[-86.95747,34.09295],[-86.96079,34.09784],[-86.97275,34.10369],[-86.9768,34.10818],[-86.98538,34.11389],[-86.99283,34.11297],[-87.01232,34.11555],[-87.01939,34.12573],[-87.03378,34.13036],[-87.03677,34.12401],[-87.0431,34.12304],[-87.04979,34.11793],[-87.05534,34.11622],[-87.06154,34.11611],[-87.06154,34.1089],[-87.06699,34.11156],[-87.07421,34.10688],[-87.07961,34.09077],[-87.09484,34.08619],[-87.0971,34.08341],[-87.10334,34.08291],[-87.11175,34.07681],[-87.11199,33.99239],[-87.15104,33.99323],[-87.14366,33.98636],[-87.13819,33.97763],[-87.13907,33.9716],[-87.13408,33.96509],[-87.12269,33.96433],[-87.11238,33.95949],[-87.11064,33.95647],[-87.09897,33.95901],[-87.10398,33.96699],[-87.1038,33.9722],[-87.09904,33.97299],[-87.0948,33.97896],[-87.08801,33.97793],[-87.08504,33.9813],[-87.08389,33.98883],[-87.08721,33.9928],[-87.08224,33.99816],[-87.07406,33.99141],[-87.06163,33.99105],[-87.06184,33.9973],[-87.06822,33.99835],[-87.07019,34.00576],[-87.06777,34.011],[-87.05883,34.01783],[-87.0575,34.03008],[-87.05897,34.03275],[-87.04347,34.04172],[-87.03654,34.03673],[-87.03047,34.0378],[-87.02393,34.04873],[-87.01844,34.05221],[-86.99851,34.04573],[-86.9916,34.04655],[-86.98711,34.05388],[-86.98226,34.05851],[-86.96637,34.06846],[-86.96519,34.07932],[-86.95589,34.08798],[-86.95747,34.09295]]]},"properties":{"STATEFP":"01","COUNTYFP":"043","COUSUBFP":"90774","COUSUBNS":"00165730","GEOIDFQ":"0600000US0104390774","GEOID":"0104390774","NAME":"Crane Hill","NAMELSAD":"Crane Hill CCD","STUSPS":"AL","NAMELSADCO":"Cullman County","STATE_NAME":"Alabama","LSAD":"22","ALAND":113543404,"AWATER":21022940}},
{"type":"Feature","geometry":{"type":"Polygon","coordinates":[[[-87.94935,33.30391],[-87.94425,33.30881],[-87.94331,33.31613],[-87.94833,33.33567],[-87.96098,33.33929],[-87.96138,33.35614],[-87.96047,33.36516],[-87.95734,33.37384],[-87.96137,33.38402],[-87.95746,33.39123],[-87.95667,33.39682],[-87.9485,33.39946],[-87.94118,33.40406],[-87.93551,33.40537],[-87.9271,33.41861],[-87.92575,33.4316],[-87.92887,33.43802],[-87.93497,33.44341],[-87.9396,33.45006],[-87.95042,33.45926],[-87.94746,33.46669],[-87.95261,33.47778],[-87.95181,33.48434],[-87.95308,33.49264],[-87.95585,33.4978],[-87.96212,33.50265],[-87.95915,33.50761],[-87.95983,33.51241],[-87.96573,33.5151],[-87.96615,33.52481],[-88.00133,33.52642],[-88.05057,33.52745],[-88.08179,33.52892],[-88.08133,33.52389],[-88.08468,33.5171],[-88.09368,33.50987],[-88.09379,33.49655],[-88.0906,33.49128],[-88.09622,33.48759],[-88.0962,33.48293],[-88.10192,33.47865],[-88.10338,33.47203],[-88.10788,33.47183],[-88.10974,33.46676],[-88.10775,33.45691],[-88.10445,33.45056],[-88.10501,33.4405],[-88.10356,33.43513],[-88.10415,33.42449],[-88.10177,33.40911],[-88.10382,33.401],[-88.09702,33.39855],[-88.0974,33.39094],[-88.10168,33.38968],[-88.10832,33.38168],[-88.11055,33.37225],[-88.12146,33.366],[-88.11333,33.36236],[-88.10809,33.36562],[-88.09903,33.36419],[-88.09554,33.35739],[-88.09215,33.35829],[-88.08504,33.35484],[-88.07843,33.35404],[-88.07441,33.35005],[-88.06899,33.33211],[-88.05747,33.32036],[-88.05608,33.31169],[-88.04777,33.31751],[-88.03739,33.33033],[-88.0316,33.33584],[-88.02577,33.32911],[-88.0181,33.32576],[-88.01148,33.31684],[-88.00916,33.30732],[-87.99847,33.30521],[-87.9907,33.30642],[-87.97605,33.30601],[-87.97137,33.30426],[-87.96489,33.30553],[-87.94935,33.30391]]]},"properties":{"STATEFP":"01","COUNTYFP":"107","COUSUBFP":"92700","COUSUBNS":"00165927","GEOIDFQ":"0600000US0110792700","GEOID":"0110792700","NAME":"Reform","NAMELSAD":"Reform CCD","STUSPS":"AL","NAMELSADCO":"Pickens County","STATE_NAME":"Alabama","LSAD":"22","ALAND":318140358,"AWATER":475468}},
{"type":"Feature","geometry":{"type":"Polygon","coordinates":[[[-87.32728,33.74157],[-87.32652,33.73749],[-87.33125,33.73536],[-87.33421,33.72764],[-87.33254,33.71552],[-87.32862,33.7108],[-87.32834,33.70481],[-87.32345,33.69377],[-87.32495,33.6878],[-87.31838,33.68976],[-87.31073,33.6872],[-87.30632,33.69124],[-87.29648,33.68025],[-87.28931,33.68587],[-87.28388,33.68125],[-87.28227,33.68794],[-87.26916,33.68091],[-87.26805,33.6733],[-87.26383,33.66629],[-87.26714,33.66379],[-87.26655,33.64804],[-87.27016,33.64419],[-87.2811,33.64345],[-87.27717,33.63853],[-87.27261,33.64255],[-87.26335,33.63931],[-87.25894,33.63207],[-87.24695,33.63774],[-87.24027,33.62397],[-87.2367,33.62291],[-87.2309,33.63233],[-87.22399,33.63542],[-87.21869,33.63464],[-87.21273,33.6309],[-87.20745,33.62169],[-87.19896,33.62511],[-87.20374,33.63084],[-87.20997,33.635],[-87.2172,33.64453],[-87.2146,33.64753],[-87.20874,33.64695],[-87.20002,33.64191],[-87.19775,33.64623],[-87.20427,33.65221],[-87.21489,33.66553],[-87.21684,33.67193],[-87.22412,33.67739],[-87.23005,33.6761],[-87.23343,33.68005],[-87.2292,33.68517],[-87.22483,33.70035],[-87.23104,33.71598],[-87.22376,33.71822],[-87.21953,33.7226],[-87.2146,33.73217],[-87.21137,33.73287],[-87.20885,33.74538],[-87.21999,33.74562],[-87.21984,33.75553],[-87.22537,33.76322],[-87.23812,33.7608],[-87.24176,33.76995],[-87.25011,33.77108],[-87.25632,33.77448],[-87.26266,33.77463],[-87.27401,33.78938],[-87.27465,33.79606],[-87.28129,33.79161],[-87.28103,33.78816],[-87.28456,33.77824],[-87.28745,33.77624],[-87.30203,33.7759],[-87.30747,33.77777],[-87.31135,33.76946],[-87.31707,33.7634],[-87.32492,33.7582],[-87.32216,33.75458],[-87.32453,33.74562],[-87.32728,33.74157]]]},"properties":{"STATEFP":"01","COUNTYFP":"127","COUSUBFP":"92502","COUSUBNS":"00165988","GEOIDFQ":"0600000US0112792502","GEOID":"0112792502","NAME":"Parrish","NAMELSAD":"Parrish CCD","STUSPS":"AL","NAMELSADCO":"Walker County","STATE_NAME":"Alabama","LSAD":"22","ALAND":122627989,"AWATER":2612900}},
{"type":"Feature","geometry":{"type":"Polygon","coordinates":[[[-87.59893,30.99746],[-87.54854,30.99793],[-87.51952,30.99759],[-87.45866,30.99839],[-87.42577,30.99809],[-87.36387,30.99822],[-87.36092,31.01267],[-87.36092,31.02779],[-87.34642,31.02754],[-87.34267,31.03654],[-87.34152,31.05264],[-87.34373,31.05607],[-87.33976,31.05979],[-87.33927,31.06593],[-87.34484,31.07065],[-87.35165,31.08296],[-87.36061,31.09307],[-87.36222,31.10405],[-87.3646,31.11127],[-87.36167,31.11912],[-87.36201,31.12683],[-87.37032,31.12966],[-87.36894,31.13748],[-87.36553,31.14371],[-87.36535,31.15106],[-87.36262,31.15565],[-87.3615,31.16404],[-87.36309,31.16569],[-87.43961,31.12894],[-87.44666,31.12517],[-87.45934,31.11609],[-87.46801,31.11233],[-87.50318,31.10322],[-87.51563,31.09744],[-87.55524,31.06977],[-87.56336,31.06548],[-87.57797,31.0605],[-87.59495,31.04995],[-87.60659,31.04418],[-87.61542,31.041],[-87.61543,30.99736],[-87.59893,30.99746]]]},"properties":{"STATEFP":"01","COUNTYFP":"053","COUSUBFP":"90153","COUSUBNS":"00165764","GEOIDFQ":"0600000US0105390153","GEOID":"0105390153","NAME":"Atmore","NAMELSAD":"Atmore CCD","STUSPS":"AL","NAMELSADCO":"Escambia County","STATE_NAME":"Alabama","LSAD":"22","ALAND":294236107,"AWATER":2421910}},
{"type":"Feature","geometry":{"type":"Polygon","coordinates":[[[-85.59688,34.15728],[-85.5947,34.14639],[-85.59549,34.13867],[-85.58918,34.1342],[-85.5835,34.11832],[-85.58455,34.11462],[-85.58112,34.10569],[-85.58184,34.10053],[-85.58707,34.08812],[-85.58184,34.08591],[-85.57995,34.07588],[-85.5717,34.05686],[-85.56548,34.05236],[-85.56658,34.03866],[-85.56918,34.03179],[-85.57437,34.02518],[-85.57303,34.01808],[-85.5777,34.00813],[-85.57953,33.99953],[-85.57754,33.98511],[-85.57236,33.97344],[-85.57298,33.95853],[-85.52943,33.95598],[-85.53009,33.94142],[-85.49582,33.94239],[-85.49529,33.95691],[-85.42563,33.95707],[-85.42544,33.96065],[-85.40783,33.96055],[-85.40764,33.9642],[-85.39884,33.96413],[-85.40592,34.0001],[-85.40675,34.00231],[-85.42822,34.1144],[-85.42947,34.1251],[-85.44472,34.19993],[-85.45127,34.20264],[-85.46468,34.19869],[-85.47738,34.19138],[-85.48367,34.18348],[-85.48524,34.17687],[-85.49378,34.17804],[-85.49809,34.18511],[-85.50227,34.19695],[-85.51099,34.20563],[-85.52118,34.213],[-85.5431,34.21044],[-85.55189,34.21028],[-85.57822,34.20232],[-85.58663,34.19615],[-85.59257,34.18872],[-85.59175,34.17702],[-85.58662,34.16383],[-85.58939,34.15784],[-85.59688,34.15728]]]},"properties":{"STATEFP":"01","COUNTYFP":"019","COUSUBFP":"92983","COUSUBNS":"00165689","GEOIDFQ":"0600000US0101992983","GEOID":"0101992983","NAME":"Spring Garden","NAMELSAD":"Spring Garden CCD","STUSPS":"AL","NAMELSADCO":"Cherokee County","STATE_NAME":"Alabama","LSAD":"22","ALAND":373027655,"AWATER":29754072}},
{"type":"Feature","geometry":{"type":"Polygon","coordinates":[[[-85.70572,31.7088],[-85.71161,31.70405],[-85.7137,31.6979],[-85.71791,31.69803],[-85.72064,31.69306],[-85.71738,31.69082],[-85.71761,31.67615],[-85.71594,31.66786],[-85.71883,31.66439],[-85.71615,31.66051],[-85.7199,31.65035],[-85.72702,31.64382],[-85.72983,31.63237],[-85.73693,31.62369],[-85.74825,31.61805],[-85.70492,31.61807],[-85.63648,31.61775],[-85.56311,31.61802],[-85.51873,31.61954],[-85.49996,31.62027],[-85.41644,31.61947],[-85.41585,31.68164],[-85.41833,31.68464],[-85.41729,31.69617],[-85.42477,31.70466],[-85.42397,31.71399],[-85.42531,31.72454],[-85.42327,31.73116],[-85.42403,31.74171],[-85.426,31.7453],[-85.43426,31.7525],[-85.44912,31.75223],[-85.44993,31.74434],[-85.45261,31.73742],[-85.46831,31.72765],[-85.47437,31.72612],[-85.48303,31.72055],[-85.49047,31.71801],[-85.49214,31.71031],[-85.49486,31.70625],[-85.51341,31.70365],[-85.52621,31.70315],[-85.53368,31.70704],[-85.5426,31.71389],[-85.54357,31.71657],[-85.56172,31.72085],[-85.56451,31.72895],[-85.57522,31.73823],[-85.57743,31.74617],[-85.58224,31.75322],[-85.5863,31.75527],[-85.59245,31.75359],[-85.59868,31.74734],[-85.6048,31.73729],[-85.61398,31.74075],[-85.62303,31.75123],[-85.62872,31.74912],[-85.63658,31.74337],[-85.6428,31.73611],[-85.6582,31.72238],[-85.66787,31.71952],[-85.67391,31.71618],[-85.69,31.71004],[-85.6947,31.70406],[-85.69964,31.70773],[-85.70572,31.7088]]]},"properties":{"STATEFP":"01","COUNTYFP":"005","COUSUBFP":"90648","COUSUBNS":"00165656","GEOIDFQ":"0600000US0100590648","GEOID":"0100590648","NAME":"Clio","NAMELSAD":"Clio CCD","STUSPS":"AL","NAMELSADCO":"Barbour County","STATE_NAME":"Alabama","LSAD":"22","ALAND":343319539,"AWATER":397957}},
{"type":"Feature","geometry":{"type":"Polygon","coordinates":[[[-86.48595,31.52537],[-86.41538,31.52557],[-86.39994,31.52713],[-86.39854,31.45133],[-86.39248,31.45418],[-86.37928,31.46598],[-86.37732,31.47231],[-86.3703,31.47369],[-86.36392,31.48675],[-86.35615,31.48747],[-86.35379,31.48471],[-86.34779,31.48578],[-86.34669,31.48978],[-86.33854,31.48756],[-86.32752,31.50266],[-86.31913,31.50579],[-86.31985,31.50895],[-86.31492,31.51401],[-86.29892,31.52355],[-86.29889,31.5285],[-86.28015,31.52851],[-86.27808,31.51335],[-86.27703,31.4556],[-86.27605,31.4556],[-86.26019,31.45572],[-86.26188,31.44117],[-86.2107,31.44171],[-86.19395,31.44007],[-86.19472,31.52446],[-86.19478,31.52995],[-86.15656,31.5302],[-86.15677,31.53753],[-86.14395,31.53768],[-86.14589,31.61774],[-86.16292,31.61756],[-86.17967,31.61641],[-86.18032,31.61233],[-86.18813,31.61233],[-86.19144,31.61694],[-86.19559,31.61768],[-86.20814,31.60205],[-86.21366,31.60568],[-86.21888,31.61368],[-86.21769,31.6224],[-86.21898,31.62713],[-86.21369,31.63734],[-86.21609,31.6465],[-86.21998,31.65086],[-86.22785,31.65461],[-86.23619,31.64876],[-86.23808,31.64204],[-86.24253,31.63726],[-86.24198,31.63142],[-86.25684,31.62084],[-86.26259,31.6148],[-86.26519,31.61985],[-86.2816,31.62],[-86.29047,31.62112],[-86.30119,31.61832],[-86.30765,31.63035],[-86.31214,31.63052],[-86.32311,31.62439],[-86.32844,31.61921],[-86.34793,31.61447],[-86.34821,31.60627],[-86.35363,31.59912],[-86.35481,31.59092],[-86.38748,31.58683],[-86.39968,31.59064],[-86.4047,31.59635],[-86.39601,31.60332],[-86.40123,31.6082],[-86.39317,31.61159],[-86.39039,31.62224],[-86.40712,31.63077],[-86.41468,31.63633],[-86.42298,31.64708],[-86.43306,31.65594],[-86.43699,31.65589],[-86.44971,31.65128],[-86.45639,31.65555],[-86.49953,31.65525],[-86.49943,31.6263],[-86.49925,31.56848],[-86.50395,31.5687],[-86.50375,31.55405],[-86.49935,31.55393],[-86.49921,31.52533],[-86.48595,31.52537]]]},"properties":{"STATEFP":"01","COUNTYFP":"041","COUSUBFP":"90360","COUSUBNS":"00161610","GEOIDFQ":"0600000US0104190360","GEOID":"0104190360","NAME":"Brantley","NAMELSAD":"Brantley CCD","STUSPS":"AL","NAMELSADCO":"Crenshaw County","STATE_NAME":"Alabama","LSAD":"22","ALAND":479766679,"AWATER":2107942}},
{"type":"Feature","geometry":{"type":"Polygon","coordinates":[[[-86.95577,33.80083],[-86.9515,33.79022],[-86.94465,33.78345],[-86.94344,33.77706],[-86.93528,33.76981],[-86.9362,33.76331],[-86.92825,33.75703],[-86.92601,33.74826],[-86.92186,33.74344],[-86.91813,33.74414],[-86.92175,33.75183],[-86.91476,33.75903],[-86.90791,33.76154],[-86.90532,33.75745],[-86.90832,33.75426],[-86.90285,33.74854],[-86.89858,33.7501],[-86.89578,33.7609],[-86.89344,33.76425],[-86.88559,33.76944],[-86.87971,33.7752],[-86.87384,33.77089],[-86.87494,33.76659],[-86.87299,33.75731],[-86.86518,33.75728],[-86.86409,33.76129],[-86.86637,33.77055],[-86.86346,33.77579],[-86.85726,33.77211],[-86.85065,33.77561],[-86.84753,33.79115],[-86.83587,33.78971],[-86.8348,33.78567],[-86.83945,33.77863],[-86.83041,33.77023],[-86.82508,33.77026],[-86.82155,33.77978],[-86.80742,33.7942],[-86.79957,33.79784],[-86.80169,33.80716],[-86.79856,33.81032],[-86.78796,33.81459],[-86.78213,33.80997],[-86.785,33.79804],[-86.78442,33.79355],[-86.77905,33.79177],[-86.77478,33.79436],[-86.77248,33.80377],[-86.76836,33.81472],[-86.77206,33.82615],[-86.76996,33.83001],[-86.7573,33.81957],[-86.75279,33.82424],[-86.75589,33.83018],[-86.75332,33.83715],[-86.75914,33.84062],[-86.80298,33.84125],[-86.88395,33.84324],[-86.93654,33.81531],[-86.95366,33.8153],[-86.95373,33.80078],[-86.95577,33.80083]]]},"properties":{"STATEFP":"01","COUNTYFP":"073","COUSUBFP":"93366","COUSUBNS":"00165827","GEOIDFQ":"0600000US0107393366","GEOID":"0107393366","NAME":"Warrior","NAMELSAD":"Warrior CCD","STUSPS":"AL","NAMELSADCO":"Jefferson County","STATE_NAME":"Alabama","LSAD":"22","ALAND":113222235,"AWATER":240090}},
{"type":"Feature","geometry":{"type":"Polygon","coordinates":[[[-86.9059,31.75304],[-86.90518,31.72708],[-86.90563,31.69518],[-86.89375,31.68838],[-86.8851,31.675],[-86.87247,31.67209],[-86.86288,31.66442],[-86.85633,31.66566],[-86.84706,31.67442],[-86.83881,31.67642],[-86.81308,31.67292],[-86.80724,31.67454],[-86.80077,31.67362],[-86.79295,31.66349],[-86.78478,31.66147],[-86.78124,31.65524],[-86.77517,31.65077],[-86.76654,31.65978],[-86.75556,31.67763],[-86.7489,31.67632],[-86.74481,31.66658],[-86.73378,31.66699],[-86.72745,31.66301],[-86.72569,31.65769],[-86.71882,31.66495],[-86.71705,31.6576],[-86.71026,31.64398],[-86.70235,31.64408],[-86.69376,31.6407],[-86.66679,31.64101],[-86.65759,31.64056],[-86.64512,31.63475],[-86.6355,31.63353],[-86.63296,31.64121],[-86.62814,31.64554],[-86.6284,31.64927],[-86.62497,31.6581],[-86.62532,31.66469],[-86.62174,31.66477],[-86.62078,31.68147],[-86.61585,31.68565],[-86.61634,31.68883],[-86.62226,31.69336],[-86.6194,31.69948],[-86.61064,31.70006],[-86.60946,31.711],[-86.60207,31.72186],[-86.60685,31.73292],[-86.60674,31.73588],[-86.61464,31.74281],[-86.63054,31.75262],[-86.63517,31.76018],[-86.63493,31.7638],[-86.64,31.7655],[-86.64732,31.77127],[-86.6478,31.7776],[-86.65504,31.78198],[-86.6578,31.78095],[-86.66472,31.78432],[-86.66893,31.79062],[-86.68492,31.78967],[-86.68944,31.79299],[-86.69543,31.79273],[-86.69847,31.7972],[-86.71408,31.80633],[-86.72095,31.80348],[-86.72835,31.79802],[-86.73267,31.79228],[-86.73711,31.79014],[-86.74053,31.7846],[-86.73862,31.77984],[-86.7472,31.77953],[-86.75518,31.77419],[-86.76322,31.77137],[-86.76976,31.76719],[-86.78157,31.76608],[-86.79523,31.77149],[-86.79755,31.78021],[-86.80349,31.77889],[-86.81481,31.78236],[-86.82673,31.77837],[-86.83773,31.77338],[-86.84653,31.77203],[-86.85648,31.76866],[-86.86126,31.76936],[-86.8875,31.76013],[-86.9059,31.75304]]]},"properties":{"STATEFP":"01","COUNTYFP":"013","COUSUBFP":"90540","COUSUBNS":"00165671","GEOIDFQ":"0600000US0101390540","GEOID":"0101390540","NAME":"Chapman","NAMELSAD":"Chapman CCD","STUSPS":"AL","NAMELSADCO":"Butler County","STATE_NAME":"Alabama","LSAD":"22","ALAND":352261685,"AWATER":177369}},
{"type":"Feature","geometry":{"type":"Polygon","coordinates":[[[-87.11847,32.04725],[-86.99998,32.04767],[-86.98853,32.04723],[-86.90696,32.04797],[-86.90679,32.0702],[-86.9077,32.16557],[-86.90833,32.20338],[-86.91592,32.2015],[-86.92813,32.21827],[-86.93331,32.22212],[-86.94174,32.2257],[-86.94404,32.22865],[-86.95169,32.23087],[-86.96083,32.23685],[-86.96631,32.23623],[-86.97531,32.24347],[-86.99208,32.24427],[-86.99899,32.24559],[-87.00648,32.24977],[-87.01258,32.2489],[-87.03021,32.25401],[-87.03423,32.24751],[-87.03299,32.23875],[-87.0441,32.23268],[-87.05038,32.23149],[-87.05383,32.22817],[-87.05219,32.22079],[-87.05866,32.21926],[-87.0654,32.21277],[-87.06993,32.21662],[-87.06707,32.21937],[-87.06853,32.2248],[-87.07599,32.22311],[-87.0782,32.21481],[-87.08378,32.21405],[-87.08879,32.21598],[-87.08489,32.22235],[-87.08532,32.2273],[-87.09567,32.22008],[-87.10044,32.21957],[-87.10212,32.21284],[-87.09188,32.20389],[-87.08771,32.19722],[-87.08553,32.18542],[-87.09002,32.17781],[-87.09519,32.17459],[-87.1068,32.17102],[-87.12258,32.16221],[-87.13168,32.1594],[-87.14261,32.15841],[-87.15682,32.15378],[-87.1695,32.15794],[-87.17673,32.16586],[-87.1833,32.16987],[-87.18916,32.16796],[-87.20226,32.15954],[-87.20999,32.15739],[-87.22296,32.16041],[-87.23276,32.16453],[-87.24081,32.16439],[-87.24725,32.16101],[-87.25184,32.15239],[-87.252,32.14265],[-87.25224,32.1358],[-87.26097,32.12395],[-87.24493,32.12199],[-87.23745,32.11131],[-87.23403,32.10169],[-87.22327,32.09359],[-87.20383,32.09098],[-87.19712,32.08755],[-87.19605,32.08441],[-87.18894,32.08216],[-87.19468,32.07572],[-87.19158,32.07026],[-87.18096,32.06751],[-87.17581,32.0634],[-87.17571,32.05763],[-87.17786,32.04751],[-87.12499,32.04763],[-87.11847,32.04725]]]},"properties":{"STATEFP":"01","COUNTYFP":"047","COUSUBFP":"90486","COUSUBNS":"00165744","GEOIDFQ":"0600000US0104790486","GEOID":"0104790486","NAME":"Carlowville","NAMELSAD":"Carlowville CCD","STUSPS":"AL","NAMELSADCO":"Dallas County","STATE_NAME":"Alabama","LSAD":"22","ALAND":506505791,"AWATER":5124513}},
{"type":"Feature","geometry":{"type":"Polygon","coordinates":[[[-86.99813,34.3117],[-86.99646,34.30419],[-86.99861,34.29253],[-86.99828,34.28554],[-86.99037,34.26633],[-86.98833,34.25291],[-86.98149,34.24296],[-86.97392,34.24137],[-86.97167,34.23542],[-86.96468,34.23576],[-86.95742,34.23956],[-86.94568,34.23481],[-86.94048,34.23766],[-86.92183,34.23356],[-86.90594,34.22769],[-86.89234,34.21529],[-86.88363,34.21492],[-86.87877,34.21227],[-86.87649,34.2176],[-86.87641,34.22467],[-86.88257,34.23948],[-86.88833,34.24983],[-86.88172,34.25051],[-86.86701,34.24288],[-86.85925,34.2244],[-86.85576,34.22357],[-86.84698,34.22599],[-86.83557,34.22044],[-86.82949,34.22032],[-86.82935,34.22407],[-86.82454,34.23485],[-86.80702,34.23467],[-86.80418,34.23605],[-86.80729,34.24546],[-86.80465,34.24891],[-86.80561,34.25633],[-86.80252,34.25903],[-86.80364,34.26369],[-86.79274,34.26108],[-86.7876,34.26131],[-86.77884,34.26535],[-86.77869,34.27299],[-86.77551,34.27916],[-86.76437,34.28057],[-86.75492,34.2843],[-86.7488,34.29138],[-86.74867,34.30085],[-86.7514,34.30693],[-86.83866,34.30817],[-86.89336,34.30949],[-86.97856,34.31158],[-86.99813,34.3117]]]},"properties":{"STATEFP":"01","COUNTYFP":"043","COUSUBFP":"93330","COUSUBNS":"00165737","GEOIDFQ":"0600000US0104393330","GEOID":"0104393330","NAME":"Vinemont","NAMELSAD":"Vinemont CCD","STUSPS":"AL","NAMELSADCO":"Cullman County","STATE_NAME":"Alabama","LSAD":"22","ALAND":166507820,"AWATER":1620096}},
{"type":"Feature","geometry":{"type":"Polygon","coordinates":[[[-85.67372,34.7449],[-85.67135,34.75008],[-85.68073,34.75504],[-85.68167,34.75775],[-85.68958,34.75926],[-85.68955,34.76317],[-85.7221,34.77363],[-85.727,34.77966],[-85.7363,34.78087],[-85.74899,34.76882],[-85.7433,34.7668],[-85.7431,34.76212],[-85.74971,34.75314],[-85.74937,34.75065],[-85.76222,34.74892],[-85.77033,34.74297],[-85.78483,34.73957],[-85.7999,34.74526],[-85.81115,34.74265],[-85.8168,34.74531],[-85.82852,34.74688],[-85.84285,34.74579],[-85.85687,34.74665],[-85.864,34.74453],[-85.88595,34.72769],[-85.89855,34.72058],[-85.91423,34.7037],[-85.91962,34.69696],[-85.93129,34.67689],[-85.93738,34.66961],[-85.95105,34.65613],[-85.93711,34.6579],[-85.90693,34.65936],[-85.89837,34.65718],[-85.8845,34.66613],[-85.86719,34.6694],[-85.86059,34.66631],[-85.86229,34.66219],[-85.85855,34.65543],[-85.84714,34.64855],[-85.84548,34.64532],[-85.84791,34.63871],[-85.84802,34.62634],[-85.832,34.62794],[-85.8195,34.62386],[-85.7943,34.62398],[-85.79062,34.62703],[-85.78601,34.62424],[-85.76192,34.65366],[-85.75212,34.66672],[-85.69304,34.74425],[-85.67372,34.7449]]]},"properties":{"STATEFP":"01","COUNTYFP":"071","COUSUBFP":"92610","COUSUBNS":"00165808","GEOIDFQ":"0600000US0107192610","GEOID":"0107192610","NAME":"Pisgah","NAMELSAD":"Pisgah CCD","STUSPS":"AL","NAMELSADCO":"Jackson County","STATE_NAME":"Alabama","LSAD":"22","ALAND":197703570,"AWATER":7442416}},
{"type":"Feature","geometry":{"type":"Polygon","coordinates":[[[-87.05685,33.8154],[-87.05505,33.80991],[-87.05967,33.8075],[-87.07092,33.81406],[-87.07561,33.8117],[-87.07791,33.8006],[-87.08112,33.7961],[-87.08798,33.79586],[-87.10053,33.80523],[-87.10971,33.80964],[-87.11038,33.81473],[-87.12912,33.81712],[-87.13567,33.81373],[-87.1406,33.80706],[-87.14323,33.79527],[-87.15044,33.79066],[-87.15277,33.78628],[-87.13472,33.77457],[-87.13434,33.77096],[-87.14296,33.76176],[-87.14794,33.75936],[-87.167,33.75889],[-87.17099,33.75429],[-87.16778,33.75114],[-87.14594,33.74578],[-87.1428,33.74293],[-87.14514,33.72962],[-87.15047,33.72223],[-87.14915,33.71601],[-87.13927,33.71272],[-87.13905,33.71055],[-87.14628,33.70385],[-87.14689,33.69848],[-87.13611,33.69219],[-87.13057,33.68724],[-87.125,33.67609],[-87.12131,33.66605],[-87.10833,33.67159],[-87.1008,33.68218],[-87.10389,33.68545],[-87.10482,33.69144],[-87.09229,33.69212],[-87.08643,33.69497],[-87.08071,33.69539],[-87.0834,33.70325],[-87.07534,33.7071],[-87.06808,33.70887],[-87.06175,33.70554],[-87.05495,33.70556],[-87.05375,33.70222],[-87.04736,33.69808],[-87.04005,33.69631],[-87.04064,33.72897],[-87.03158,33.72898],[-87.03169,33.74365],[-87.02335,33.74358],[-87.02329,33.77273],[-87.00589,33.77257],[-87.00596,33.78724],[-86.98695,33.7868],[-87.00133,33.7925],[-87.00602,33.79272],[-87.01704,33.80008],[-87.03268,33.80091],[-87.03994,33.80595],[-87.04714,33.80661],[-87.05251,33.81623],[-87.05685,33.8154]]]},"properties":{"STATEFP":"01","COUNTYFP":"127","COUSUBFP":"90891","COUSUBNS":"00165981","GEOIDFQ":"0600000US0112790891","GEOID":"0112790891","NAME":"Dora","NAMELSAD":"Dora CCD","STUSPS":"AL","NAMELSADCO":"Walker County","STATE_NAME":"Alabama","LSAD":"22","ALAND":141424727,"AWATER":2121895}},
{"type":"Feature","geometry":{"type":"Polygon","coordinates":[[[-86.33524,34.61607],[-86.35903,34.63261],[-86.35825,34.71142],[-86.36537,34.71895],[-86.36897,34.72633],[-86.3748,34.73009],[-86.37502,34.73608],[-86.38391,34.73128],[-86.39208,34.72276],[-86.38963,34.71613],[-86.39947,34.70915],[-86.41918,34.72872],[-86.44134,34.74105],[-86.47445,34.75881],[-86.47462,34.75064],[-86.48135,34.74757],[-86.48441,34.73549],[-86.48956,34.72843],[-86.48993,34.72186],[-86.48697,34.70712],[-86.49099,34.70307],[-86.50102,34.70453],[-86.51653,34.70472],[-86.51742,34.70066],[-86.52616,34.70028],[-86.51752,34.68902],[-86.51277,34.66987],[-86.50828,34.66598],[-86.50801,34.66133],[-86.513,34.66037],[-86.51857,34.65035],[-86.51379,34.6458],[-86.51243,34.63276],[-86.51554,34.62738],[-86.51722,34.61787],[-86.49715,34.62347],[-86.48962,34.61753],[-86.48026,34.6165],[-86.47559,34.62414],[-86.46954,34.62255],[-86.47082,34.63326],[-86.46642,34.64305],[-86.46394,34.64373],[-86.45668,34.63844],[-86.4556,34.63264],[-86.44809,34.62807],[-86.43759,34.62697],[-86.42875,34.63044],[-86.42212,34.63533],[-86.41641,34.63343],[-86.40373,34.63492],[-86.40415,34.6276],[-86.39939,34.62054],[-86.39157,34.61834],[-86.38148,34.61832],[-86.36843,34.61072],[-86.359,34.61031],[-86.34597,34.60381],[-86.33925,34.60478],[-86.33524,34.61607]]]},"properties":{"STATEFP":"01","COUNTYFP":"089","COUSUBFP":"91467","COUSUBNS":"00165865","GEOIDFQ":"0600000US0108991467","GEOID":"0108991467","NAME":"Gurley","NAMELSAD":"Gurley CCD","STUSPS":"AL","NAMELSADCO":"Madison County","STATE_NAME":"Alabama","LSAD":"22","ALAND":169210478,"AWATER":1171743}},
{"type":"Feature","geometry":{"type":"Polygon","coordinates":[[[-86.08828,32.58051],[-86.07876,32.58129],[-86.06758,32.57835],[-86.05303,32.5772],[-86.03538,32.57308],[-86.01572,32.57283],[-86.00242,32.57971],[-85.99543,32.58099],[-85.97064,32.57731],[-85.97069,32.58145],[-85.96696,32.58665],[-85.96051,32.59193],[-85.95115,32.60316],[-85.94634,32.61119],[-85.94815,32.61887],[-85.93659,32.62234],[-85.9319,32.63266],[-85.92803,32.6358],[-85.92337,32.63475],[-85.91199,32.63935],[-85.90727,32.63611],[-85.89512,32.63907],[-85.89028,32.63316],[-85.88775,32.64761],[-85.8898,32.6517],[-85.901,32.66017],[-85.90588,32.66762],[-85.90939,32.67619],[-85.91161,32.68438],[-85.90747,32.6993],[-85.90366,32.70361],[-85.89864,32.70517],[-85.89444,32.70942],[-85.89061,32.71701],[-85.8934,32.72766],[-85.88186,32.73756],[-85.88025,32.74485],[-85.88196,32.75123],[-85.87986,32.75453],[-85.89537,32.75458],[-85.95486,32.75482],[-85.95556,32.76913],[-85.97276,32.76923],[-85.97216,32.75493],[-86.00719,32.75498],[-86.05919,32.75488],[-86.0589,32.746],[-86.06115,32.74061],[-86.06845,32.7376],[-86.07008,32.72973],[-86.07647,32.7225],[-86.07388,32.71354],[-86.0807,32.70918],[-86.08439,32.70159],[-86.08024,32.69202],[-86.09031,32.68549],[-86.09733,32.68249],[-86.09995,32.6762],[-86.1054,32.67305],[-86.11205,32.66229],[-86.1168,32.65154],[-86.12505,32.64229],[-86.12983,32.63323],[-86.12766,32.62639],[-86.10663,32.61568],[-86.09764,32.62356],[-86.09036,32.62675],[-86.0937,32.61706],[-86.0886,32.60849],[-86.09522,32.59896],[-86.09156,32.59218],[-86.08828,32.58051]]]},"properties":{"STATEFP":"01","COUNTYFP":"051","COUSUBFP":"90945","COUSUBNS":"00165759","GEOIDFQ":"0600000US0105190945","GEOID":"0105190945","NAME":"Eclectic","NAMELSAD":"Eclectic CCD","STUSPS":"AL","NAMELSADCO":"Elmore County","STATE_NAME":"Alabama","LSAD":"22","ALAND":285215712,"AWATER":47094230}},
{"type":"Feature","geometry":{"type":"Polygon","coordinates":[[[-86.27279,32.62675],[-86.27639,32.63051],[-86.28789,32.63409],[-86.29526,32.6409],[-86.31104,32.6594],[-86.31893,32.66051],[-86.32671,32.66881],[-86.33647,32.68525],[-86.34585,32.69564],[-86.35352,32.70916],[-86.35584,32.71631],[-86.36039,32.72218],[-86.36204,32.72816],[-86.3684,32.74202],[-86.37115,32.75063],[-86.41333,32.75059],[-86.41312,32.70739],[-86.4125,32.58942],[-86.40698,32.59071],[-86.39885,32.58882],[-86.39284,32.58504],[-86.39031,32.57804],[-86.38652,32.57626],[-86.37255,32.57629],[-86.36818,32.56552],[-86.35195,32.56554],[-86.34637,32.56427],[-86.34047,32.57039],[-86.33906,32.57721],[-86.32238,32.56224],[-86.32241,32.56844],[-86.31817,32.57451],[-86.31042,32.57949],[-86.30603,32.57372],[-86.30141,32.57108],[-86.29944,32.56568],[-86.29017,32.56047],[-86.27638,32.55656],[-86.26836,32.55307],[-86.26942,32.56377],[-86.27571,32.57669],[-86.28328,32.58397],[-86.28786,32.60419],[-86.28547,32.61164],[-86.27455,32.61993],[-86.27279,32.62675]]]},"properties":{"STATEFP":"01","COUNTYFP":"051","COUSUBFP":"90855","COUSUBNS":"00165758","GEOIDFQ":"0600000US0105190855","GEOID":"0105190855","NAME":"Deatsville","NAMELSAD":"Deatsville CCD","STUSPS":"AL","NAMELSADCO":"Elmore County","STATE_NAME":"Alabama","LSAD":"22","ALAND":164620249,"AWATER":12291389}},
{"type":"Feature","geometry":{"type":"Polygon","coordinates":[[[-85.74598,33.77549],[-85.73399,33.77073],[-85.72935,33.77157],[-85.72519,33.77595],[-85.72121,33.77054],[-85.72188,33.7529],[-85.72531,33.74803],[-85.72538,33.70502],[-85.72622,33.67241],[-85.74301,33.67273],[-85.74331,33.65836],[-85.75907,33.65826],[-85.75058,33.64923],[-85.74724,33.64232],[-85.74704,33.63092],[-85.75151,33.62906],[-85.75118,33.60775],[-85.7401,33.60745],[-85.74116,33.60387],[-85.73738,33.59982],[-85.72452,33.59943],[-85.72495,33.61354],[-85.68995,33.61291],[-85.69068,33.62779],[-85.65581,33.62717],[-85.65555,33.63813],[-85.65129,33.63797],[-85.64719,33.64153],[-85.64704,33.64877],[-85.63859,33.64916],[-85.63805,33.77334],[-85.62124,33.77351],[-85.62089,33.78794],[-85.60346,33.78847],[-85.60339,33.80234],[-85.58598,33.8021],[-85.5852,33.84592],[-85.63688,33.84649],[-85.63888,33.83791],[-85.64725,33.84435],[-85.66129,33.84678],[-85.67256,33.84577],[-85.68392,33.83975],[-85.69103,33.84106],[-85.70379,33.83926],[-85.70918,33.84554],[-85.71814,33.83603],[-85.72154,33.82648],[-85.72779,33.82676],[-85.72935,33.81822],[-85.72401,33.81445],[-85.72183,33.80907],[-85.7163,33.8017],[-85.72069,33.79474],[-85.72263,33.78694],[-85.7266,33.78282],[-85.73987,33.77682],[-85.74598,33.77549]]]},"properties":{"STATEFP":"01","COUNTYFP":"015","COUSUBFP":"90585","COUSUBNS":"00165675","GEOIDFQ":"0600000US0101590585","GEOID":"0101590585","NAME":"Choccolocco","NAMELSAD":"Choccolocco CCD","STUSPS":"AL","NAMELSADCO":"Calhoun County","STATE_NAME":"Alabama","LSAD":"22","ALAND":239319389,"AWATER":2359850}},
{"type":"Feature","geometry":{"type":"Polygon","coordinates":[[[-87.63825,32.69243],[-87.61652,32.69221],[-87.61819,32.68458],[-87.62803,32.67578],[-87.63166,32.66519],[-87.6432,32.6493],[-87.60527,32.64857],[-87.60543,32.66131],[-87.60099,32.65912],[-87.59191,32.66668],[-87.57947,32.68639],[-87.5762,32.68863],[-87.56647,32.67893],[-87.54831,32.6632],[-87.54451,32.66666],[-87.54613,32.67566],[-87.54921,32.68102],[-87.54918,32.69944],[-87.55781,32.69954],[-87.5582,32.71133],[-87.55689,32.71343],[-87.5638,32.72247],[-87.57041,32.7223],[-87.57901,32.72427],[-87.59426,32.72445],[-87.59673,32.7287],[-87.60075,32.72899],[-87.61034,32.73663],[-87.62638,32.73598],[-87.62755,32.73015],[-87.62679,32.71731],[-87.63053,32.71074],[-87.6302,32.70542],[-87.63353,32.70239],[-87.63825,32.69243]]]},"properties":{"STATEFP":"01","COUNTYFP":"065","COUSUBFP":"91413","COUSUBNS":"00165790","GEOIDFQ":"0600000US0106591413","GEOID":"0106591413","NAME":"Greensboro","NAMELSAD":"Greensboro CCD","STUSPS":"AL","NAMELSADCO":"Hale County","STATE_NAME":"Alabama","LSAD":"22","ALAND":49222197,"AWATER":736848}},
{"type":"Feature","geometry":{"type":"Polygon","coordinates":[[[-87.16362,31.26074],[-87.16575,31.26961],[-87.16946,31.27238],[-87.16937,31.28214],[-87.16584,31.29543],[-87.16401,31.29667],[-87.16341,31.30699],[-87.16535,31.31431],[-87.16311,31.33327],[-87.16513,31.33864],[-87.16249,31.34104],[-87.16007,31.34855],[-87.1549,31.35898],[-87.15604,31.36065],[-87.14976,31.37024],[-87.15122,31.38073],[-87.14745,31.39212],[-87.15032,31.39745],[-87.14742,31.40576],[-87.14662,31.41686],[-87.14846,31.42322],[-87.14529,31.42556],[-87.14451,31.43909],[-87.14222,31.44665],[-87.14327,31.45958],[-87.14693,31.46636],[-87.14566,31.47958],[-87.14544,31.49299],[-87.15115,31.50383],[-87.15245,31.5161],[-87.14949,31.52278],[-87.14937,31.52993],[-87.15688,31.5349],[-87.16566,31.5429],[-87.16773,31.5348],[-87.16549,31.52117],[-87.18221,31.4981],[-87.18762,31.48848],[-87.19345,31.48466],[-87.19793,31.47811],[-87.19722,31.47237],[-87.20855,31.45729],[-87.22954,31.4537],[-87.23407,31.44788],[-87.23874,31.44495],[-87.24383,31.43869],[-87.26856,31.42068],[-87.27111,31.4162],[-87.27564,31.41035],[-87.28529,31.40801],[-87.29672,31.40128],[-87.30584,31.39078],[-87.30956,31.3841],[-87.31857,31.37785],[-87.32503,31.36513],[-87.33218,31.35525],[-87.33827,31.3518],[-87.34607,31.35049],[-87.3472,31.34288],[-87.3552,31.331],[-87.36002,31.3175],[-87.37053,31.31366],[-87.39321,31.30085],[-87.40143,31.29379],[-87.40394,31.28937],[-87.4173,31.27996],[-87.42088,31.27632],[-87.4272,31.26436],[-87.42745,31.26039],[-87.36528,31.26036],[-87.22587,31.26064],[-87.16362,31.26074]]]},"properties":{"STATEFP":"01","COUNTYFP":"035","COUSUBFP":"92718","COUSUBNS":"00165718","GEOIDFQ":"0600000US0103592718","GEOID":"0103592718","NAME":"Repton","NAMELSAD":"Repton CCD","STUSPS":"AL","NAMELSADCO":"Conecuh County","STATE_NAME":"Alabama","LSAD":"22","ALAND":391523893,"AWATER":777900}},
{"type":"Feature","geometry":{"type":"Polygon","coordinates":[[[-86.61796,33.63966],[-86.60711,33.6494],[-86.59297,33.65831],[-86.58238,33.66081],[-86.56934,33.66151],[-86.55378,33.66821],[-86.5365,33.68193],[-86.53122,33.68754],[-86.52535,33.69927],[-86.52507,33.72124],[-86.53389,33.72128],[-86.53381,33.73546],[-86.54264,33.73564],[-86.54276,33.76517],[-86.5778,33.76532],[-86.58811,33.76537],[-86.59289,33.75925],[-86.59376,33.74932],[-86.59891,33.74824],[-86.61467,33.73641],[-86.62142,33.72822],[-86.62257,33.72035],[-86.62005,33.71446],[-86.62247,33.70928],[-86.63184,33.70894],[-86.643,33.70394],[-86.6532,33.69685],[-86.64107,33.69023],[-86.63074,33.6893],[-86.62798,33.6824],[-86.63452,33.67388],[-86.6357,33.66927],[-86.64331,33.65792],[-86.63051,33.64416],[-86.62216,33.63973],[-86.61796,33.63966]]]},"properties":{"STATEFP":"01","COUNTYFP":"073","COUSUBFP":"90621","COUSUBNS":"00165814","GEOIDFQ":"0600000US0107390621","GEOID":"0107390621","NAME":"Clay","NAMELSAD":"Clay CCD","STUSPS":"AL","NAMELSADCO":"Jefferson County","STATE_NAME":"Alabama","LSAD":"22","ALAND":96824309,"AWATER":1220668}},
{"type":"Feature","geometry":{"type":"Polygon","coordinates":[[[-86.19267,33.55314],[-86.18411,33.55449],[-86.18299,33.55966],[-86.17847,33.56126],[-86.1746,33.55723],[-86.17051,33.55768],[-86.17044,33.56811],[-86.15028,33.56884],[-86.14591,33.56468],[-86.14315,33.5698],[-86.13841,33.57175],[-86.12497,33.55954],[-86.11742,33.55871],[-86.11225,33.55108],[-86.10602,33.5537],[-86.10068,33.55212],[-86.08138,33.54203],[-86.07782,33.54636],[-86.07141,33.54743],[-86.07089,33.54151],[-86.05775,33.53962],[-86.05244,33.53779],[-86.04151,33.54433],[-86.0406,33.55749],[-86.02728,33.56085],[-86.01868,33.56113],[-86.01517,33.56552],[-86.01588,33.58015],[-86.01518,33.58532],[-86.0085,33.58649],[-85.99558,33.59257],[-85.99558,33.60089],[-86.02159,33.60116],[-86.02032,33.61192],[-86.02625,33.63192],[-86.0258,33.64629],[-86.03618,33.65639],[-86.0457,33.66295],[-86.04958,33.67347],[-86.05067,33.67459],[-86.14556,33.6791],[-86.15512,33.67163],[-86.16289,33.67281],[-86.17087,33.67933],[-86.172,33.68964],[-86.17613,33.69609],[-86.1806,33.69901],[-86.18662,33.69946],[-86.20057,33.69469],[-86.20498,33.68952],[-86.20545,33.6838],[-86.20079,33.67682],[-86.18087,33.66725],[-86.17244,33.65983],[-86.17138,33.65324],[-86.16461,33.6343],[-86.16948,33.61924],[-86.1721,33.61631],[-86.17911,33.61451],[-86.1926,33.61464],[-86.19878,33.61282],[-86.20038,33.60739],[-86.19549,33.60312],[-86.1858,33.59873],[-86.18369,33.59501],[-86.18665,33.59163],[-86.20905,33.5944],[-86.21548,33.59389],[-86.22098,33.58716],[-86.21981,33.58277],[-86.21297,33.57576],[-86.21143,33.57151],[-86.2126,33.56503],[-86.2086,33.55986],[-86.19267,33.55314]]]},"properties":{"STATEFP":"01","COUNTYFP":"121","COUSUBFP":"91879","COUSUBNS":"00165960","GEOIDFQ":"0600000US0112191879","GEOID":"0112191879","NAME":"Lincoln","NAMELSAD":"Lincoln CCD","STUSPS":"AL","NAMELSADCO":"Talladega County","STATE_NAME":"Alabama","LSAD":"22","ALAND":199898937,"AWATER":13827283}},
{"type":"Feature","geometry":{"type":"Polygon","coordinates":[[[-87.10507,34.68604],[-87.12501,34.70159],[-87.12911,34.70642],[-87.13261,34.71681],[-87.13886,34.7241],[-87.1547,34.73392],[-87.17159,34.74286],[-87.18637,34.74887],[-87.19764,34.75009],[-87.21287,34.75968],[-87.22277,34.76323],[-87.23448,34.76375],[-87.23445,34.75364],[-87.23235,34.75241],[-87.22822,34.74273],[-87.22972,34.73904],[-87.22655,34.72602],[-87.22868,34.72281],[-87.22934,34.71429],[-87.23555,34.7143],[-87.2421,34.70828],[-87.2402,34.68401],[-87.23792,34.68099],[-87.23885,34.67109],[-87.24993,34.67058],[-87.24978,34.65261],[-87.28663,34.66246],[-87.28589,34.65918],[-87.27484,34.64585],[-87.26353,34.62654],[-87.26126,34.61874],[-87.26171,34.61523],[-87.25126,34.60384],[-87.24802,34.60727],[-87.23734,34.60447],[-87.23218,34.60758],[-87.22012,34.6052],[-87.15229,34.60573],[-87.10576,34.60562],[-87.10507,34.68604]]]},"properties":{"STATEFP":"01","COUNTYFP":"079","COUSUBFP":"91629","COUSUBNS":"00165840","GEOIDFQ":"0600000US0107991629","GEOID":"0107991629","NAME":"Hillsboro","NAMELSAD":"Hillsboro CCD","STUSPS":"AL","NAMELSADCO":"Lawrence County","STATE_NAME":"Alabama","LSAD":"22","ALAND":162718486,"AWATER":27718484}},
{"type":"Feature","geometry":{"type":"Polygon","coordinates":[[[-87.83386,34.04477],[-87.83936,34.05101],[-87.8479,34.05351],[-87.8545,34.05286],[-87.86435,34.0605],[-87.86972,34.06701],[-87.87783,34.06903],[-87.88831,34.065],[-87.89467,34.06944],[-87.90155,34.07784],[-87.91217,34.06763],[-87.91942,34.05915],[-87.92885,34.05475],[-87.93829,34.04588],[-87.93933,34.04163],[-87.94626,34.04038],[-87.95194,34.03511],[-87.95826,34.03397],[-87.96057,34.02404],[-87.96352,34.0225],[-87.95193,34.0222],[-87.95178,33.91993],[-87.88187,33.91892],[-87.86324,33.91951],[-87.8377,33.91839],[-87.84318,33.92609],[-87.84903,33.94834],[-87.85658,33.96014],[-87.85255,33.96448],[-87.85121,33.96982],[-87.85256,33.97938],[-87.85869,33.9898],[-87.86384,33.99606],[-87.86147,34.00084],[-87.85328,34.00878],[-87.84828,34.01811],[-87.84685,34.02385],[-87.84029,34.02924],[-87.83891,34.03947],[-87.83386,34.04477]]]},"properties":{"STATEFP":"01","COUNTYFP":"093","COUSUBFP":"91449","COUSUBNS":"00165880","GEOIDFQ":"0600000US0109391449","GEOID":"0109391449","NAME":"Guin","NAMELSAD":"Guin CCD","STUSPS":"AL","NAMELSADCO":"Marion County","STATE_NAME":"Alabama","LSAD":"22","ALAND":149093699,"AWATER":38718}},
{"type":"Feature","geometry":{"type":"Polygon","coordinates":[[[-87.01813,31.26127],[-86.99997,31.26104],[-86.92247,31.26178],[-86.87102,31.2619],[-86.87051,31.2658],[-86.87706,31.27627],[-86.86868,31.27849],[-86.86155,31.27871],[-86.86791,31.2859],[-86.8738,31.29787],[-86.87825,31.30035],[-86.88077,31.3074],[-86.88693,31.31607],[-86.89629,31.32564],[-86.90174,31.32867],[-86.90432,31.33866],[-86.90898,31.34604],[-86.9257,31.3626],[-86.93183,31.37062],[-86.93513,31.37758],[-86.93511,31.38481],[-86.94377,31.39492],[-86.94639,31.40126],[-86.9532,31.40504],[-86.95996,31.40608],[-86.96661,31.40287],[-86.98064,31.39899],[-86.9838,31.41136],[-86.98792,31.42123],[-86.99654,31.42465],[-87.00485,31.42502],[-87.01583,31.43367],[-87.02057,31.44189],[-87.02951,31.44648],[-87.04944,31.44945],[-87.05858,31.45663],[-87.0618,31.45672],[-87.07603,31.46391],[-87.07696,31.46789],[-87.08541,31.4715],[-87.09252,31.47918],[-87.08845,31.4868],[-87.10699,31.49395],[-87.11912,31.49626],[-87.12889,31.48822],[-87.13632,31.47957],[-87.14566,31.47958],[-87.14693,31.46636],[-87.14327,31.45958],[-87.14222,31.44665],[-87.14451,31.43909],[-87.14529,31.42556],[-87.14846,31.42322],[-87.14662,31.41686],[-87.14742,31.40576],[-87.15032,31.39745],[-87.14745,31.39212],[-87.15122,31.38073],[-87.14976,31.37024],[-87.15604,31.36065],[-87.1549,31.35898],[-87.16007,31.34855],[-87.16249,31.34104],[-87.16513,31.33864],[-87.16311,31.33327],[-87.16535,31.31431],[-87.16341,31.30699],[-87.16401,31.29667],[-87.16584,31.29543],[-87.16937,31.28214],[-87.16946,31.27238],[-87.16575,31.26961],[-87.16362,31.26074],[-87.03647,31.26132],[-87.01813,31.26127]]]},"properties":{"STATEFP":"01","COUNTYFP":"035","COUSUBFP":"90504","COUSUBNS":"00165716","GEOIDFQ":"0600000US0103590504","GEOID":"0103590504","NAME":"Castleberry","NAMELSAD":"Castleberry CCD","STUSPS":"AL","NAMELSADCO":"Conecuh County","STATE_NAME":"Alabama","LSAD":"22","ALAND":480284365,"AWATER":2989140}},
{"type":"Feature","geometry":{"type":"Polygon","coordinates":[[[-86.6984,34.08503],[-86.69617,34.0893],[-86.69723,34.09492],[-86.69522,34.10027],[-86.70204,34.1018],[-86.71758,34.09155],[-86.72076,34.09642],[-86.7152,34.09927],[-86.71643,34.10255],[-86.71309,34.11006],[-86.71348,34.12143],[-86.70717,34.12318],[-86.70697,34.12939],[-86.70126,34.13224],[-86.69723,34.13864],[-86.69742,34.14253],[-86.69215,34.14337],[-86.68942,34.14792],[-86.68891,34.15581],[-86.69049,34.16356],[-86.69586,34.16834],[-86.69511,34.1723],[-86.70229,34.17343],[-86.77348,34.18239],[-86.77693,34.18134],[-86.77261,34.16882],[-86.76673,34.16568],[-86.76662,34.15919],[-86.76404,34.14858],[-86.76895,34.14499],[-86.76767,34.13459],[-86.76071,34.13144],[-86.76254,34.12526],[-86.74269,34.12217],[-86.74364,34.11576],[-86.74841,34.11372],[-86.74591,34.10549],[-86.74069,34.101],[-86.74338,34.09492],[-86.73985,34.09076],[-86.74189,34.08761],[-86.7378,34.08353],[-86.73105,34.07869],[-86.72664,34.08301],[-86.72052,34.08554],[-86.71344,34.08318],[-86.71459,34.0768],[-86.70685,34.07898],[-86.70261,34.06968],[-86.69601,34.069],[-86.69598,34.06156],[-86.6957,34.0577],[-86.68771,34.05204],[-86.68431,34.05447],[-86.68536,34.05914],[-86.70424,34.0815],[-86.6984,34.08503]]]},"properties":{"STATEFP":"01","COUNTYFP":"043","COUSUBFP":"93420","COUSUBNS":"00165738","GEOIDFQ":"0600000US0104393420","GEOID":"0104393420","NAME":"Welti","NAMELSAD":"Welti CCD","STUSPS":"AL","NAMELSADCO":"Cullman County","STATE_NAME":"Alabama","LSAD":"22","ALAND":55706978,"AWATER":993636}},
{"type":"Feature","geometry":{"type":"Polygon","coordinates":[[[-88.40391,32.44878],[-88.4125,32.38003],[-88.41382,32.37392],[-88.42145,32.30868],[-88.27155,32.30767],[-88.27184,32.31598],[-88.26796,32.32192],[-88.2684,32.32798],[-88.2643,32.33436],[-88.26531,32.33888],[-88.2658,32.37567],[-88.26751,32.39229],[-88.27246,32.40325],[-88.27022,32.41772],[-88.26448,32.42921],[-88.26315,32.4411],[-88.26559,32.44748],[-88.27525,32.45415],[-88.28084,32.44949],[-88.29177,32.45084],[-88.29867,32.44877],[-88.31139,32.45056],[-88.31659,32.44867],[-88.32908,32.44912],[-88.34267,32.45665],[-88.36018,32.45703],[-88.37166,32.46601],[-88.38305,32.45721],[-88.40391,32.44878]]]},"properties":{"STATEFP":"01","COUNTYFP":"119","COUSUBFP":"90801","COUSUBNS":"00165955","GEOIDFQ":"0600000US0111990801","GEOID":"0111990801","NAME":"Cuba","NAMELSAD":"Cuba CCD","STUSPS":"AL","NAMELSADCO":"Sumter County","STATE_NAME":"Alabama","LSAD":"22","ALAND":220321249,"AWATER":185406}},
{"type":"Feature","geometry":{"type":"Polygon","coordinates":[[[-85.35257,33.49244],[-85.35449,33.49887],[-85.34996,33.50122],[-85.34492,33.49761],[-85.33106,33.49101],[-85.31603,33.48827],[-85.30925,33.48314],[-85.30444,33.48288],[-85.31499,33.5359],[-85.3382,33.65312],[-85.35525,33.73925],[-85.36072,33.73964],[-85.37177,33.73665],[-85.37228,33.72682],[-85.36702,33.71748],[-85.36238,33.7134],[-85.37979,33.71459],[-85.37788,33.7084],[-85.37208,33.70403],[-85.36881,33.69888],[-85.37114,33.69501],[-85.37695,33.70011],[-85.3929,33.70037],[-85.39745,33.69176],[-85.39915,33.68262],[-85.40789,33.68361],[-85.41425,33.67807],[-85.41501,33.66847],[-85.41647,33.66428],[-85.42488,33.6614],[-85.41924,33.65601],[-85.42609,33.65368],[-85.43335,33.66082],[-85.43858,33.65881],[-85.43967,33.65443],[-85.43392,33.65304],[-85.42696,33.6444],[-85.42851,33.63526],[-85.42389,33.62633],[-85.43957,33.62799],[-85.44778,33.62784],[-85.4525,33.62394],[-85.44861,33.61779],[-85.44807,33.61283],[-85.45705,33.6047],[-85.46229,33.60824],[-85.46583,33.60051],[-85.47298,33.60518],[-85.46847,33.61624],[-85.4741,33.6172],[-85.47589,33.60825],[-85.48219,33.60236],[-85.4827,33.59865],[-85.47581,33.59046],[-85.47532,33.58603],[-85.48008,33.58046],[-85.48137,33.57549],[-85.48749,33.57003],[-85.48855,33.55757],[-85.49232,33.55342],[-85.49171,33.54596],[-85.4942,33.53816],[-85.50234,33.53112],[-85.50957,33.53314],[-85.51546,33.53147],[-85.50937,33.52121],[-85.51228,33.51597],[-85.50659,33.50345],[-85.50324,33.50022],[-85.50164,33.49446],[-85.49745,33.49462],[-85.37768,33.49273],[-85.35257,33.49244]]]},"properties":{"STATEFP":"01","COUNTYFP":"029","COUSUBFP":"92682","COUSUBNS":"00165706","GEOIDFQ":"0600000US0102992682","GEOID":"0102992682","NAME":"Ranburne","NAMELSAD":"Ranburne CCD","STUSPS":"AL","NAMELSADCO":"Cleburne County","STATE_NAME":"Alabama","LSAD":"22","ALAND":296363973,"AWATER":345101}},
{"type":"Feature","geometry":{"type":"Polygon","coordinates":[[[-87.57233,34.82448],[-87.56629,34.82603],[-87.55363,34.82689],[-87.55352,34.83834],[-87.5608,34.84648],[-87.56828,34.84992],[-87.57254,34.85834],[-87.57186,34.86077],[-87.56297,34.86102],[-87.55821,34.86579],[-87.56561,34.88883],[-87.56658,34.89601],[-87.5711,34.89795],[-87.58081,34.89602],[-87.58774,34.89826],[-87.58807,34.90131],[-87.5818,34.91198],[-87.58456,34.91393],[-87.59672,34.91062],[-87.60967,34.9132],[-87.60033,34.92571],[-87.60785,34.94056],[-87.59183,34.94284],[-87.58884,34.94951],[-87.59669,34.95565],[-87.60221,34.96315],[-87.60133,34.96667],[-87.59551,34.96689],[-87.59203,34.97012],[-87.59964,34.97541],[-87.60247,34.97991],[-87.60173,34.98629],[-87.58904,34.97934],[-87.58151,34.98177],[-87.58869,34.99607],[-87.57909,35.00114],[-87.57749,35.00351],[-87.62502,35.00373],[-87.66412,35.00352],[-87.68871,35.00375],[-87.69031,34.999],[-87.6976,34.99382],[-87.69712,34.98863],[-87.69358,34.98589],[-87.69196,34.98055],[-87.69512,34.9779],[-87.7017,34.9655],[-87.6965,34.95873],[-87.69401,34.95109],[-87.69539,34.94785],[-87.68822,34.93854],[-87.68663,34.93368],[-87.68924,34.92775],[-87.69567,34.92669],[-87.69572,34.92303],[-87.70137,34.91964],[-87.69914,34.91568],[-87.70202,34.90923],[-87.70592,34.90795],[-87.71243,34.89822],[-87.71256,34.89156],[-87.71577,34.88453],[-87.72346,34.87976],[-87.71834,34.87319],[-87.72185,34.86481],[-87.71494,34.8568],[-87.72051,34.85061],[-87.715,34.84822],[-87.72428,34.84029],[-87.72032,34.83719],[-87.71874,34.83205],[-87.70992,34.83308],[-87.70153,34.82799],[-87.71214,34.82505],[-87.71666,34.82831],[-87.71904,34.8216],[-87.70889,34.81847],[-87.70724,34.80923],[-87.70221,34.81167],[-87.70091,34.80621],[-87.70864,34.80617],[-87.70754,34.80055],[-87.6982,34.79761],[-87.69748,34.78923],[-87.69419,34.77663],[-87.67745,34.78164],[-87.6682,34.7827],[-87.65403,34.78785],[-87.64361,34.79273],[-87.6247,34.79604],[-87.61369,34.79903],[-87.58948,34.81074],[-87.58588,34.81777],[-87.58064,34.8218],[-87.57233,34.82448]]]},"properties":{"STATEFP":"01","COUNTYFP":"077","COUSUBFP":"91143","COUSUBNS":"00165833","GEOIDFQ":"0600000US0107791143","GEOID":"0107791143","NAME":"Florence","NAMELSAD":"Florence CCD","STUSPS":"AL","NAMELSADCO":"Lauderdale County","STATE_NAME":"Alabama","LSAD":"22","ALAND":249272993,"AWATER":14750640}},
{"type":"Feature","geometry":{"type":"Polygon","coordinates":[[[-86.45302,34.25932],[-86.48711,34.26017],[-86.49176,34.25491],[-86.49966,34.24897],[-86.50308,34.25286],[-86.51097,34.25492],[-86.5196,34.25177],[-86.51954,34.24839],[-86.52543,34.23841],[-86.52261,34.23409],[-86.52403,34.22613],[-86.53817,34.22383],[-86.54185,34.21747],[-86.54667,34.21484],[-86.54338,34.21081],[-86.55198,34.20598],[-86.54971,34.19816],[-86.55669,34.19309],[-86.55494,34.18792],[-86.54521,34.18727],[-86.54999,34.18126],[-86.55697,34.17885],[-86.56385,34.17049],[-86.567,34.17078],[-86.57397,34.16544],[-86.57561,34.1577],[-86.58002,34.15581],[-86.58413,34.15048],[-86.58525,34.1454],[-86.59064,34.14593],[-86.58761,34.13833],[-86.59473,34.13544],[-86.58283,34.11433],[-86.57269,34.10159],[-86.56478,34.10805],[-86.55006,34.10726],[-86.54425,34.10357],[-86.54559,34.10104],[-86.54277,34.09378],[-86.54246,34.08588],[-86.53145,34.08591],[-86.52392,34.08229],[-86.51365,34.07964],[-86.50694,34.07443],[-86.49436,34.06792],[-86.49377,34.07497],[-86.48138,34.08259],[-86.47212,34.08404],[-86.46681,34.08232],[-86.46116,34.087],[-86.46081,34.0957],[-86.45412,34.09911],[-86.44996,34.0887],[-86.44427,34.08759],[-86.4392,34.10081],[-86.43009,34.09871],[-86.43983,34.11144],[-86.43495,34.11695],[-86.43109,34.12551],[-86.42649,34.12858],[-86.41729,34.12931],[-86.41225,34.13417],[-86.41115,34.14003],[-86.41236,34.14633],[-86.40762,34.14761],[-86.40191,34.15265],[-86.40329,34.16138],[-86.40136,34.16586],[-86.39361,34.16649],[-86.3915,34.16267],[-86.38642,34.16419],[-86.38585,34.17177],[-86.37831,34.17379],[-86.40902,34.205],[-86.41483,34.21222],[-86.43676,34.23938],[-86.44476,34.25009],[-86.44413,34.25912],[-86.45302,34.25932]]]},"properties":{"STATEFP":"01","COUNTYFP":"009","COUSUBFP":"90414","COUSUBNS":"00165661","GEOIDFQ":"0600000US0100990414","GEOID":"0100990414","NAME":"Brooksville","NAMELSAD":"Brooksville CCD","STUSPS":"AL","NAMELSADCO":"Blount County","STATE_NAME":"Alabama","LSAD":"22","ALAND":245145237,"AWATER":1255670}},
{"type":"Feature","geometry":{"type":"Polygon","coordinates":[[[-86.17624,32.13589],[-86.17466,32.12669],[-86.16134,32.11247],[-86.1557,32.10085],[-86.15538,32.09353],[-86.15842,32.08681],[-86.1595,32.07955],[-86.1575,32.06252],[-86.15913,32.05278],[-86.15653,32.04396],[-86.15726,32.03444],[-86.15915,32.03212],[-86.15987,32.02318],[-86.1633,32.01578],[-86.15852,32.00779],[-86.14898,31.9998],[-86.14725,31.99355],[-86.14203,31.98843],[-86.13858,31.97444],[-86.13529,31.96667],[-86.12164,31.96723],[-86.03883,31.9673],[-85.99556,31.96755],[-85.99685,32.05105],[-85.99786,32.14161],[-86.0358,32.14418],[-86.03955,32.14556],[-86.05618,32.16234],[-86.06386,32.16738],[-86.07457,32.17157],[-86.08304,32.17962],[-86.11737,32.19224],[-86.11719,32.16813],[-86.11179,32.15424],[-86.11665,32.15344],[-86.12339,32.15528],[-86.14389,32.15275],[-86.15069,32.14858],[-86.16092,32.1462],[-86.16836,32.13868],[-86.17624,32.13589]]]},"properties":{"STATEFP":"01","COUNTYFP":"101","COUSUBFP":"92592","COUSUBNS":"00165908","GEOIDFQ":"0600000US0110192592","GEOID":"0110192592","NAME":"Pine Level","NAMELSAD":"Pine Level CCD","STUSPS":"AL","NAMELSADCO":"Montgomery County","STATE_NAME":"Alabama","LSAD":"22","ALAND":322817892,"AWATER":1399522}},
{"type":"Feature","geometry":{"type":"Polygon","coordinates":[[[-86.27517,32.13133],[-86.2806,32.13214],[-86.28578,32.12771],[-86.29659,32.12462],[-86.31279,32.12387],[-86.3168,32.12093],[-86.3229,32.10826],[-86.32097,32.10019],[-86.32125,32.08182],[-86.32611,32.07388],[-86.33676,32.06788],[-86.34524,32.05138],[-86.30362,32.05166],[-86.3027,32.03728],[-86.30222,31.96507],[-86.25332,31.96599],[-86.19138,31.96645],[-86.13529,31.96667],[-86.13858,31.97444],[-86.14203,31.98843],[-86.14725,31.99355],[-86.14898,31.9998],[-86.15852,32.00779],[-86.1633,32.01578],[-86.15987,32.02318],[-86.15915,32.03212],[-86.15726,32.03444],[-86.15653,32.04396],[-86.15913,32.05278],[-86.1575,32.06252],[-86.1595,32.07955],[-86.15842,32.08681],[-86.15538,32.09353],[-86.1557,32.10085],[-86.16134,32.11247],[-86.17466,32.12669],[-86.17624,32.13589],[-86.19342,32.12558],[-86.19633,32.11564],[-86.20627,32.11738],[-86.21596,32.12461],[-86.21911,32.13135],[-86.22318,32.13445],[-86.23604,32.12953],[-86.24282,32.12916],[-86.25417,32.13109],[-86.25983,32.1298],[-86.27517,32.13133]]]},"properties":{"STATEFP":"01","COUNTYFP":"101","COUSUBFP":"92673","COUSUBNS":"00165909","GEOIDFQ":"0600000US0110192673","GEOID":"0110192673","NAME":"Ramer","NAMELSAD":"Ramer CCD","STUSPS":"AL","NAMELSADCO":"Montgomery County","STATE_NAME":"Alabama","LSAD":"22","ALAND":264812646,"AWATER":2173566}},
{"type":"Feature","geometry":{"type":"Polygon","coordinates":[[[-86.01306,31.19532],[-86.0164,31.19103],[-86.02017,31.17224],[-86.01892,31.16419],[-86.01445,31.15633],[-86.00862,31.1503],[-85.99891,31.14826],[-85.99307,31.14359],[-85.98833,31.14258],[-85.98688,31.1369],[-85.98086,31.1304],[-85.9811,31.12645],[-85.97457,31.12184],[-85.97679,31.11735],[-85.97613,31.11374],[-85.9702,31.11246],[-85.96497,31.10554],[-85.95768,31.10229],[-85.95312,31.10374],[-85.95001,31.0953],[-85.94337,31.09341],[-85.93613,31.08813],[-85.93206,31.10704],[-85.91724,31.11012],[-85.90184,31.10594],[-85.89387,31.10576],[-85.88714,31.10354],[-85.88397,31.09416],[-85.87943,31.09774],[-85.86501,31.09792],[-85.86047,31.09426],[-85.84505,31.09081],[-85.83999,31.07856],[-85.83384,31.08479],[-85.84032,31.09383],[-85.83609,31.09568],[-85.83514,31.10135],[-85.8298,31.10688],[-85.83306,31.11243],[-85.8253,31.12289],[-85.82074,31.12574],[-85.81433,31.12546],[-85.80596,31.13264],[-85.79215,31.1378],[-85.79238,31.14196],[-85.7869,31.14622],[-85.78722,31.15958],[-85.78022,31.16341],[-85.76221,31.16495],[-85.75376,31.16361],[-85.74806,31.16881],[-85.73644,31.1713],[-85.72772,31.18064],[-85.72129,31.18863],[-85.71033,31.19517],[-85.7914,31.19635],[-85.86535,31.19637],[-85.96611,31.19594],[-86.01306,31.19532]]]},"properties":{"STATEFP":"01","COUNTYFP":"061","COUSUBFP":"90252","COUSUBNS":"00165783","GEOIDFQ":"0600000US0106190252","GEOID":"0106190252","NAME":"Bellwood-Coffee Springs","NAMELSAD":"Bellwood-Coffee Springs CCD","STUSPS":"AL","NAMELSADCO":"Geneva County","STATE_NAME":"Alabama","LSAD":"22","ALAND":218625840,"AWATER":1080994}},
{"type":"Feature","geometry":{"type":"Polygon","coordinates":[[[-85.71033,31.19517],[-85.72129,31.18863],[-85.72772,31.18064],[-85.72128,31.18093],[-85.70417,31.17743],[-85.70063,31.17458],[-85.69409,31.1633],[-85.67772,31.15849],[-85.68304,31.14949],[-85.67885,31.14622],[-85.6691,31.14376],[-85.66095,31.13893],[-85.65483,31.12763],[-85.65358,31.11661],[-85.65081,31.11207],[-85.64821,31.0972],[-85.65327,31.08389],[-85.64977,31.07459],[-85.63806,31.07818],[-85.62987,31.07854],[-85.62285,31.08213],[-85.60545,31.08262],[-85.60837,31.07734],[-85.61616,31.06773],[-85.61603,31.03955],[-85.62297,31.02994],[-85.62897,31.02594],[-85.63148,31.01457],[-85.63601,31.00567],[-85.64626,30.99596],[-85.49827,30.99693],[-85.4883,30.99708],[-85.48787,31.00301],[-85.48591,31.0686],[-85.48529,31.126],[-85.48576,31.19989],[-85.52235,31.19802],[-85.54202,31.1974],[-85.58573,31.19488],[-85.71033,31.19517]]]},"properties":{"STATEFP":"01","COUNTYFP":"061","COUSUBFP":"92952","COUSUBNS":"00165787","GEOIDFQ":"0600000US0106192952","GEOID":"0106192952","NAME":"Slocomb","NAMELSAD":"Slocomb CCD","STUSPS":"AL","NAMELSADCO":"Geneva County","STATE_NAME":"Alabama","LSAD":"22","ALAND":351364520,"AWATER":926384}},
{"type":"Feature","geometry":{"type":"Polygon","coordinates":[[[-85.4986,32.50068],[-85.48935,32.49694],[-85.43857,32.49709],[-85.43657,32.46169],[-85.43404,32.40984],[-85.36196,32.41042],[-85.33014,32.41084],[-85.33384,32.46864],[-85.23485,32.47017],[-85.16535,32.47097],[-85.17055,32.47527],[-85.17255,32.4828],[-85.17052,32.48457],[-85.17517,32.49144],[-85.17441,32.49888],[-85.17898,32.5017],[-85.17895,32.50576],[-85.18352,32.50818],[-85.18779,32.51758],[-85.19152,32.52032],[-85.19033,32.52429],[-85.19807,32.53475],[-85.20486,32.53318],[-85.2158,32.53292],[-85.22688,32.52787],[-85.23177,32.53195],[-85.25487,32.53079],[-85.25591,32.53505],[-85.25414,32.55654],[-85.25519,32.56085],[-85.2626,32.57127],[-85.2662,32.57167],[-85.27183,32.56486],[-85.28309,32.56218],[-85.2924,32.56157],[-85.30076,32.56008],[-85.2987,32.55509],[-85.30555,32.55302],[-85.32054,32.5554],[-85.32662,32.55504],[-85.33376,32.55706],[-85.34438,32.56209],[-85.37084,32.56821],[-85.38384,32.56591],[-85.38819,32.56391],[-85.39681,32.56318],[-85.42002,32.57451],[-85.43151,32.58421],[-85.4389,32.58464],[-85.43874,32.56939],[-85.43983,32.56785],[-85.45287,32.56265],[-85.46706,32.56195],[-85.4718,32.5644],[-85.47573,32.56289],[-85.48149,32.55443],[-85.48325,32.54759],[-85.4913,32.54303],[-85.49663,32.53607],[-85.49914,32.52822],[-85.49671,32.52472],[-85.49973,32.52093],[-85.4952,32.50874],[-85.4986,32.50068]]]},"properties":{"STATEFP":"01","COUNTYFP":"081","COUSUBFP":"90243","COUSUBNS":"00165847","GEOIDFQ":"0600000US0108190243","GEOID":"0108190243","NAME":"Beauregard-Marvyn","NAMELSAD":"Beauregard-Marvyn CCD","STUSPS":"AL","NAMELSADCO":"Lee County","STATE_NAME":"Alabama","LSAD":"22","ALAND":328719976,"AWATER":3008831}},
{"type":"Feature","geometry":{"type":"Polygon","coordinates":[[[-86.10066,34.08703],[-86.08009,34.10559],[-86.07356,34.11255],[-86.07616,34.11754],[-86.06845,34.12636],[-86.06031,34.13136],[-86.03898,34.14955],[-86.03083,34.15932],[-86.0211,34.16834],[-86.01591,34.17726],[-86.01098,34.18271],[-85.99883,34.19937],[-86.00859,34.19944],[-86.06922,34.20006],[-86.10609,34.20076],[-86.10561,34.18623],[-86.16716,34.18747],[-86.18139,34.18239],[-86.18796,34.18369],[-86.19772,34.17784],[-86.20134,34.17277],[-86.20062,34.15861],[-86.19732,34.14793],[-86.19999,34.14226],[-86.19456,34.13317],[-86.18984,34.12848],[-86.19218,34.12369],[-86.19171,34.10607],[-86.18637,34.09851],[-86.18771,34.07956],[-86.18926,34.07475],[-86.18836,34.06747],[-86.18351,34.05609],[-86.18397,34.05097],[-86.17473,34.04756],[-86.16416,34.0523],[-86.1578,34.04721],[-86.15329,34.04841],[-86.14904,34.05276],[-86.14674,34.05964],[-86.13291,34.06696],[-86.12364,34.06696],[-86.1241,34.06997],[-86.11622,34.07183],[-86.10066,34.08703]]]},"properties":{"STATEFP":"01","COUNTYFP":"055","COUSUBFP":"92268","COUSUBNS":"00165772","GEOIDFQ":"0600000US0105592268","GEOID":"0105592268","NAME":"Mountainboro","NAMELSAD":"Mountainboro CCD","STUSPS":"AL","NAMELSADCO":"Etowah County","STATE_NAME":"Alabama","LSAD":"22","ALAND":179636439,"AWATER":512252}},
{"type":"Feature","geometry":{"type":"Polygon","coordinates":[[[-86.26836,32.55307],[-86.27638,32.55656],[-86.29017,32.56047],[-86.29944,32.56568],[-86.30141,32.57108],[-86.30603,32.57372],[-86.31042,32.57949],[-86.31817,32.57451],[-86.32241,32.56844],[-86.32238,32.56224],[-86.33906,32.57721],[-86.34047,32.57039],[-86.34637,32.56427],[-86.35195,32.56554],[-86.36818,32.56552],[-86.37255,32.57629],[-86.38652,32.57626],[-86.39031,32.57804],[-86.39284,32.58504],[-86.39885,32.58882],[-86.40698,32.59071],[-86.4125,32.58942],[-86.41198,32.49174],[-86.41117,32.40994],[-86.39785,32.41282],[-86.39591,32.41602],[-86.39972,32.42395],[-86.39662,32.42725],[-86.38297,32.42754],[-86.37277,32.43054],[-86.35677,32.43064],[-86.35034,32.43336],[-86.34447,32.43264],[-86.33276,32.42569],[-86.31823,32.41875],[-86.31607,32.41254],[-86.30896,32.41332],[-86.30672,32.41935],[-86.31181,32.43021],[-86.31683,32.43695],[-86.32427,32.44044],[-86.32267,32.44614],[-86.31597,32.44964],[-86.3105,32.45978],[-86.3077,32.46825],[-86.30873,32.47716],[-86.31325,32.48349],[-86.31325,32.48897],[-86.30539,32.48877],[-86.29813,32.47679],[-86.29025,32.47261],[-86.28807,32.47696],[-86.27807,32.48604],[-86.27988,32.49185],[-86.28953,32.49543],[-86.29913,32.49475],[-86.30269,32.49638],[-86.30366,32.50208],[-86.3001,32.50801],[-86.28667,32.51857],[-86.2815,32.52135],[-86.27489,32.52892],[-86.2695,32.53929],[-86.26836,32.55307]]]},"properties":{"STATEFP":"01","COUNTYFP":"051","COUSUBFP":"90972","COUSUBNS":"00165760","GEOIDFQ":"0600000US0105190972","GEOID":"0105190972","NAME":"Elmore","NAMELSAD":"Elmore CCD","STUSPS":"AL","NAMELSADCO":"Elmore County","STATE_NAME":"Alabama","LSAD":"22","ALAND":171225628,"AWATER":11027168}},
{"type":"Feature","geometry":{"type":"Polygon","coordinates":[[[-86.0862,32.42158],[-86.07698,32.41192],[-86.0605,32.40825],[-86.0464,32.40615],[-86.04255,32.41793],[-86.03384,32.42276],[-86.02301,32.41998],[-86.01664,32.4208],[-86.00735,32.42869],[-85.99996,32.42697],[-85.9954,32.42806],[-85.99065,32.43305],[-85.991,32.43667],[-85.99645,32.44577],[-85.99349,32.45151],[-85.98925,32.45127],[-85.98944,32.44563],[-85.98526,32.44047],[-85.97955,32.44087],[-85.97434,32.44628],[-85.98063,32.45054],[-85.97765,32.45392],[-85.96401,32.44956],[-85.96062,32.44207],[-85.95378,32.44112],[-85.94683,32.44375],[-85.94225,32.44554],[-85.93178,32.45353],[-85.90597,32.45016],[-85.90074,32.45041],[-85.89442,32.44758],[-85.87986,32.44953],[-85.88222,32.45499],[-85.87854,32.45908],[-85.87851,32.46416],[-85.87269,32.47387],[-85.86003,32.47635],[-85.85293,32.47539],[-85.85541,32.48038],[-85.8645,32.47966],[-85.8703,32.48147],[-85.88615,32.49305],[-85.88837,32.49519],[-85.89105,32.50425],[-85.89109,32.51692],[-85.88844,32.53317],[-85.88536,32.54313],[-85.88556,32.54803],[-85.89048,32.56866],[-85.88946,32.57473],[-85.89156,32.59003],[-85.89456,32.60313],[-85.89456,32.61473],[-85.89028,32.63316],[-85.89512,32.63907],[-85.90727,32.63611],[-85.91199,32.63935],[-85.92337,32.63475],[-85.92803,32.6358],[-85.9319,32.63266],[-85.93659,32.62234],[-85.94815,32.61887],[-85.94634,32.61119],[-85.95115,32.60316],[-85.96051,32.59193],[-85.96696,32.58665],[-85.97069,32.58145],[-85.97064,32.57731],[-85.99543,32.58099],[-86.00242,32.57971],[-86.01572,32.57283],[-86.03538,32.57308],[-86.05303,32.5772],[-86.06758,32.57835],[-86.07876,32.58129],[-86.08828,32.58051],[-86.08987,32.57338],[-86.08616,32.56294],[-86.07798,32.56025],[-86.07482,32.54964],[-86.07904,32.54718],[-86.07803,32.54312],[-86.08048,32.53728],[-86.07866,32.52809],[-86.07539,32.52573],[-86.07728,32.5164],[-86.07512,32.51043],[-86.07839,32.50129],[-86.08181,32.49707],[-86.07887,32.49286],[-86.07769,32.48449],[-86.07414,32.48012],[-86.07357,32.47275],[-86.07681,32.46491],[-86.07375,32.45695],[-86.07935,32.44917],[-86.07416,32.44216],[-86.07729,32.43853],[-86.06658,32.42987],[-86.07407,32.42417],[-86.0768,32.42004],[-86.0862,32.42158]]]},"properties":{"STATEFP":"01","COUNTYFP":"051","COUSUBFP":"93087","COUSUBNS":"00165761","GEOIDFQ":"0600000US0105193087","GEOID":"0105193087","NAME":"Tallassee","NAMELSAD":"Tallassee CCD","STUSPS":"AL","NAMELSADCO":"Elmore County","STATE_NAME":"Alabama","LSAD":"22","ALAND":316857994,"AWATER":6843339}},
{"type":"Feature","geometry":{"type":"Polygon","coordinates":[[[-85.62028,31.9455],[-85.63028,31.95655],[-85.63756,31.96317],[-85.64053,31.97633],[-85.62977,31.97657],[-85.62567,31.98024],[-85.63079,31.99202],[-85.63545,31.99921],[-85.63362,32.00804],[-85.63641,32.01035],[-85.63606,32.01553],[-85.64447,32.02683],[-85.63941,32.03553],[-85.64175,32.04193],[-85.64842,32.04585],[-85.64827,32.04928],[-85.65076,32.04944],[-85.66363,32.05828],[-85.67492,32.0705],[-85.68734,32.07717],[-85.69042,32.08505],[-85.69308,32.10015],[-85.70423,32.09283],[-85.70942,32.08743],[-85.709,32.0832],[-85.72794,32.0815],[-85.75314,32.08119],[-85.75939,32.08819],[-85.77,32.09244],[-85.78317,32.09243],[-85.79889,32.09031],[-85.80484,32.09745],[-85.80887,32.09963],[-85.81686,32.09639],[-85.82462,32.09582],[-85.84201,32.09826],[-85.84773,32.09767],[-85.84715,32.09197],[-85.85005,32.08629],[-85.84632,32.08153],[-85.84631,32.07593],[-85.8499,32.07262],[-85.85033,32.06247],[-85.84917,32.05811],[-85.85263,32.05161],[-85.86103,32.05774],[-85.87069,32.06153],[-85.87634,32.06067],[-85.88662,32.06165],[-85.89252,32.06409],[-85.89949,32.06165],[-85.90563,32.06187],[-85.90776,32.05847],[-85.92024,32.06352],[-85.92618,32.05791],[-85.9263,32.05468],[-85.91175,32.05475],[-85.91146,32.04736],[-85.89365,32.04735],[-85.89265,31.98905],[-85.889,31.98895],[-85.88903,31.98177],[-85.88425,31.98185],[-85.88435,31.96725],[-85.86511,31.96723],[-85.79005,31.96725],[-85.79105,31.91506],[-85.79105,31.88036],[-85.65767,31.88028],[-85.65777,31.8885],[-85.65207,31.89993],[-85.64877,31.90289],[-85.64877,31.91162],[-85.64079,31.91677],[-85.64078,31.92142],[-85.63485,31.92575],[-85.63154,31.93195],[-85.62386,31.93805],[-85.62028,31.9455]]]},"properties":{"STATEFP":"01","COUNTYFP":"011","COUSUBFP":"91701","COUSUBNS":"00165668","GEOIDFQ":"0600000US0101191701","GEOID":"0101191701","NAME":"Inverness","NAMELSAD":"Inverness CCD","STUSPS":"AL","NAMELSADCO":"Bullock County","STATE_NAME":"Alabama","LSAD":"22","ALAND":438089596,"AWATER":1442192}},
{"type":"Feature","geometry":{"type":"Polygon","coordinates":[[[-85.31343,32.8042],[-85.29964,32.80557],[-85.2968,32.80353],[-85.28025,32.8021],[-85.2773,32.7997],[-85.27201,32.80114],[-85.27141,32.80503],[-85.26463,32.8054],[-85.26105,32.802],[-85.24843,32.81314],[-85.23088,32.82462],[-85.22145,32.82856],[-85.21874,32.83986],[-85.21411,32.84486],[-85.19088,32.85485],[-85.18839,32.85701],[-85.18505,32.872],[-85.20412,32.96669],[-85.21323,32.96674],[-85.22045,32.97435],[-85.22072,32.97805],[-85.23077,32.98033],[-85.23085,32.97014],[-85.2294,32.96657],[-85.23523,32.96273],[-85.25297,32.95538],[-85.26226,32.95562],[-85.26811,32.96572],[-85.27798,32.96541],[-85.28267,32.95941],[-85.28281,32.94868],[-85.28554,32.94017],[-85.28661,32.93827],[-85.29989,32.93145],[-85.29856,32.91464],[-85.31076,32.90743],[-85.31773,32.90084],[-85.32215,32.89074],[-85.32844,32.88601],[-85.3297,32.8786],[-85.31768,32.8753],[-85.30623,32.86965],[-85.30751,32.85333],[-85.30938,32.84449],[-85.30857,32.83764],[-85.31008,32.83072],[-85.31458,32.8251],[-85.31003,32.81328],[-85.31569,32.80553],[-85.31343,32.8042]]]},"properties":{"STATEFP":"01","COUNTYFP":"017","COUSUBFP":"91827","COUSUBNS":"00165682","GEOIDFQ":"0600000US0101791827","GEOID":"0101791827","NAME":"Lanett","NAMELSAD":"Lanett CCD","STUSPS":"AL","NAMELSADCO":"Chambers County","STATE_NAME":"Alabama","LSAD":"22","ALAND":168322844,"AWATER":2415451}},
{"type":"Feature","geometry":{"type":"Polygon","coordinates":[[[-86.361,33.30717],[-86.3536,33.30651],[-86.35024,33.30911],[-86.34612,33.30584],[-86.33866,33.30539],[-86.3329,33.30868],[-86.33042,33.31618],[-86.3239,33.3193],[-86.31958,33.31807],[-86.31632,33.32547],[-86.30686,33.32668],[-86.29962,33.33467],[-86.29501,33.3381],[-86.2896,33.34564],[-86.28167,33.34511],[-86.27908,33.34701],[-86.27002,33.34819],[-86.26434,33.34561],[-86.25288,33.35137],[-86.24374,33.35455],[-86.23471,33.35952],[-86.22674,33.36149],[-86.22161,33.36077],[-86.2144,33.35268],[-86.20762,33.35401],[-86.20721,33.35782],[-86.19721,33.36666],[-86.1885,33.38117],[-86.1777,33.38542],[-86.17229,33.38476],[-86.16757,33.38933],[-86.1716,33.39271],[-86.17049,33.40042],[-86.16515,33.40273],[-86.16827,33.40728],[-86.18143,33.40749],[-86.18433,33.40599],[-86.18409,33.42109],[-86.18271,33.42612],[-86.18562,33.43738],[-86.19295,33.43767],[-86.2054,33.44067],[-86.21612,33.44172],[-86.23039,33.44657],[-86.23713,33.43925],[-86.25014,33.43811],[-86.25583,33.4458],[-86.26444,33.44315],[-86.27066,33.44807],[-86.2774,33.44915],[-86.28538,33.44489],[-86.29786,33.45434],[-86.29987,33.46227],[-86.30307,33.46316],[-86.3041,33.45824],[-86.30847,33.4536],[-86.3231,33.4445],[-86.32932,33.43178],[-86.33708,33.42404],[-86.34402,33.41299],[-86.3478,33.40969],[-86.36441,33.40616],[-86.37498,33.39586],[-86.37866,33.39098],[-86.37848,33.38719],[-86.37352,33.38301],[-86.35992,33.37724],[-86.35286,33.37254],[-86.34151,33.35549],[-86.34121,33.35185],[-86.35023,33.34717],[-86.36222,33.34692],[-86.36671,33.34423],[-86.36792,33.33636],[-86.36424,33.32768],[-86.36738,33.32049],[-86.36637,33.31568],[-86.361,33.30717]]]},"properties":{"STATEFP":"01","COUNTYFP":"121","COUSUBFP":"92709","COUSUBNS":"00165962","GEOIDFQ":"0600000US0112192709","GEOID":"0112192709","NAME":"Renfroe-Laniers","NAMELSAD":"Renfroe-Laniers CCD","STUSPS":"AL","NAMELSADCO":"Talladega County","STATE_NAME":"Alabama","LSAD":"22","ALAND":177035258,"AWATER":6792321}},
{"type":"Feature","geometry":{"type":"Polygon","coordinates":[[[-86.17437,33.10439],[-86.17284,33.19522],[-86.17166,33.19851],[-86.17656,33.20343],[-86.18626,33.206],[-86.19526,33.20632],[-86.19377,33.21238],[-86.19817,33.21318],[-86.20012,33.21954],[-86.21161,33.2179],[-86.22434,33.21878],[-86.22753,33.22554],[-86.23191,33.22958],[-86.24575,33.22981],[-86.25367,33.22729],[-86.26009,33.23227],[-86.26082,33.22642],[-86.26685,33.22117],[-86.27045,33.21529],[-86.27635,33.21298],[-86.28155,33.20621],[-86.28922,33.20838],[-86.30801,33.21621],[-86.31512,33.22046],[-86.32649,33.22474],[-86.3308,33.23061],[-86.33567,33.2312],[-86.34208,33.2404],[-86.34913,33.23971],[-86.35171,33.23718],[-86.3627,33.23513],[-86.37061,33.23658],[-86.3827,33.22954],[-86.39275,33.22919],[-86.40194,33.234],[-86.40722,33.23418],[-86.40794,33.2402],[-86.40535,33.24603],[-86.41507,33.243],[-86.41478,33.24057],[-86.42828,33.23771],[-86.44074,33.2366],[-86.4535,33.23753],[-86.45465,33.22925],[-86.4502,33.21739],[-86.44982,33.21248],[-86.45325,33.20547],[-86.45353,33.19512],[-86.46202,33.20002],[-86.46755,33.19594],[-86.47199,33.19644],[-86.48086,33.20159],[-86.48614,33.20187],[-86.49334,33.19704],[-86.50313,33.17914],[-86.50272,33.17403],[-86.49138,33.16995],[-86.48768,33.16696],[-86.48347,33.15952],[-86.48298,33.14828],[-86.47816,33.14185],[-86.46681,33.13634],[-86.46181,33.13101],[-86.45993,33.12512],[-86.46609,33.11898],[-86.48029,33.11532],[-86.48828,33.10848],[-86.49103,33.10294],[-86.39869,33.10383],[-86.3816,33.10299],[-86.31534,33.10377],[-86.17437,33.10439]]]},"properties":{"STATEFP":"01","COUNTYFP":"121","COUSUBFP":"93069","COUSUBNS":"00165964","GEOIDFQ":"0600000US0112193069","GEOID":"0112193069","NAME":"Sylacauga","NAMELSAD":"Sylacauga CCD","STUSPS":"AL","NAMELSADCO":"Talladega County","STATE_NAME":"Alabama","LSAD":"22","ALAND":371537356,"AWATER":11414122}},
{"type":"Feature","geometry":{"type":"Polygon","coordinates":[[[-85.29322,32.73073],[-85.28504,32.73073],[-85.28484,32.74513],[-85.22896,32.74543],[-85.13504,32.74653],[-85.13479,32.7468],[-85.14257,32.76068],[-85.13738,32.76907],[-85.13088,32.76956],[-85.12219,32.77335],[-85.12622,32.77919],[-85.13928,32.78492],[-85.1419,32.79182],[-85.14577,32.79112],[-85.15191,32.7941],[-85.16214,32.80424],[-85.16794,32.81161],[-85.1641,32.82128],[-85.16802,32.8292],[-85.16058,32.83825],[-85.15458,32.83981],[-85.15425,32.84748],[-85.16231,32.85648],[-85.1701,32.8525],[-85.17935,32.85527],[-85.1844,32.86132],[-85.18505,32.872],[-85.18839,32.85701],[-85.19088,32.85485],[-85.21411,32.84486],[-85.21874,32.83986],[-85.22145,32.82856],[-85.23088,32.82462],[-85.24843,32.81314],[-85.26105,32.802],[-85.26463,32.8054],[-85.27141,32.80503],[-85.27201,32.80114],[-85.2773,32.7997],[-85.28025,32.8021],[-85.2968,32.80353],[-85.29964,32.80557],[-85.31343,32.8042],[-85.31909,32.8],[-85.32739,32.80293],[-85.33533,32.7989],[-85.33487,32.79278],[-85.33834,32.78504],[-85.34729,32.78813],[-85.35065,32.79106],[-85.35594,32.78742],[-85.3631,32.79117],[-85.37292,32.78913],[-85.37565,32.78505],[-85.38081,32.78301],[-85.37939,32.77931],[-85.37959,32.76639],[-85.37486,32.74812],[-85.37804,32.73354],[-85.37713,32.73031],[-85.29322,32.73073]]]},"properties":{"STATEFP":"01","COUNTYFP":"017","COUSUBFP":"93272","COUSUBNS":"00165683","GEOIDFQ":"0600000US0101793272","GEOID":"0101793272","NAME":"Valley","NAMELSAD":"Valley CCD","STUSPS":"AL","NAMELSADCO":"Chambers County","STATE_NAME":"Alabama","LSAD":"22","ALAND":184918317,"AWATER":442652}},
{"type":"Feature","geometry":{"type":"Polygon","coordinates":[[[-85.16205,31.30787],[-85.08765,31.30868],[-85.08378,31.31821],[-85.08415,31.32831],[-85.08898,31.33429],[-85.08586,31.35019],[-85.08741,31.35443],[-85.09262,31.35747],[-85.09217,31.36458],[-85.08243,31.38454],[-85.07739,31.40284],[-85.07998,31.41047],[-85.07675,31.41597],[-85.07552,31.42476],[-85.07269,31.42828],[-85.06587,31.43059],[-85.06555,31.43954],[-85.06927,31.45347],[-85.07162,31.46838],[-85.06569,31.48412],[-85.0621,31.48802],[-85.05892,31.49599],[-85.04793,31.51426],[-85.05005,31.51978],[-85.05746,31.52058],[-85.06045,31.52296],[-85.07156,31.5258],[-85.07352,31.51911],[-85.07252,31.51094],[-85.07339,31.50458],[-85.08427,31.50733],[-85.09491,31.50738],[-85.1019,31.51081],[-85.113,31.50721],[-85.1125,31.51563],[-85.11675,31.52133],[-85.11925,31.51499],[-85.12387,31.51158],[-85.13679,31.5051],[-85.1444,31.50353],[-85.1644,31.49412],[-85.17075,31.48914],[-85.17878,31.49268],[-85.18493,31.49375],[-85.20101,31.50186],[-85.20521,31.5008],[-85.21463,31.49028],[-85.22013,31.4862],[-85.23741,31.47852],[-85.23902,31.4681],[-85.23121,31.46304],[-85.2195,31.45746],[-85.21458,31.45237],[-85.2176,31.44886],[-85.22716,31.44457],[-85.2376,31.44374],[-85.24151,31.44143],[-85.22767,31.4306],[-85.22692,31.40534],[-85.22966,31.39456],[-85.22617,31.38365],[-85.22544,31.36382],[-85.22762,31.35947],[-85.22918,31.35012],[-85.23031,31.33415],[-85.22882,31.32438],[-85.22936,31.30938],[-85.17913,31.30768],[-85.16205,31.30787]]]},"properties":{"STATEFP":"01","COUNTYFP":"067","COUSUBFP":"91485","COUSUBNS":"00165798","GEOIDFQ":"0600000US0106791485","GEOID":"0106791485","NAME":"Haleburg","NAMELSAD":"Haleburg CCD","STUSPS":"AL","NAMELSADCO":"Henry County","STATE_NAME":"Alabama","LSAD":"22","ALAND":312575351,"AWATER":171447}},
{"type":"Feature","geometry":{"type":"Polygon","coordinates":[[[-86.18942,32.94836],[-86.1759,32.93978],[-86.17387,32.94248],[-86.1657,32.93852],[-86.15926,32.93811],[-86.15794,32.93522],[-86.14373,32.93202],[-86.14608,32.92516],[-86.13733,32.91733],[-86.12952,32.9166],[-86.1305,32.91166],[-86.12186,32.90393],[-86.11635,32.911],[-86.11001,32.91454],[-86.10228,32.91451],[-86.0926,32.91237],[-86.08518,32.91712],[-86.07267,32.91684],[-86.07669,32.9119],[-86.07213,32.90684],[-86.06174,32.90673],[-86.05803,32.90809],[-86.04019,32.9079],[-86.0277,32.90854],[-86.02389,32.90465],[-86.01813,32.90381],[-86.01082,32.9057],[-86.00789,32.90369],[-86.00848,33.01845],[-86.00917,33.09026],[-86.00931,33.10464],[-86.06971,33.10469],[-86.07377,33.1044],[-86.07362,33.09876],[-86.07963,33.0956],[-86.07614,33.08737],[-86.07772,33.08099],[-86.08625,33.07672],[-86.09175,33.06884],[-86.09933,33.0682],[-86.1091,33.06184],[-86.11166,33.05808],[-86.11033,33.05132],[-86.11683,33.04407],[-86.11726,33.03962],[-86.12343,33.03877],[-86.12145,33.03387],[-86.12964,33.0316],[-86.12909,33.02674],[-86.13564,33.01872],[-86.14099,33.00009],[-86.14309,32.99531],[-86.14909,32.99168],[-86.14845,32.98885],[-86.1558,32.98581],[-86.16266,32.98039],[-86.16868,32.9839],[-86.1738,32.98413],[-86.17739,32.97691],[-86.17905,32.96808],[-86.18484,32.96569],[-86.18312,32.95866],[-86.17939,32.95355],[-86.18601,32.94868],[-86.18942,32.94836]]]},"properties":{"STATEFP":"01","COUNTYFP":"037","COUSUBFP":"91350","COUSUBNS":"00165720","GEOIDFQ":"0600000US0103791350","GEOID":"0103791350","NAME":"Goodwater-Kellyton","NAMELSAD":"Goodwater-Kellyton CCD","STUSPS":"AL","NAMELSADCO":"Coosa County","STATE_NAME":"Alabama","LSAD":"22","ALAND":251399780,"AWATER":1592607}},
{"type":"Feature","geometry":{"type":"Polygon","coordinates":[[[-86.79046,32.892],[-86.78381,32.89164],[-86.77299,32.88854],[-86.75957,32.89296],[-86.755,32.8829],[-86.74749,32.88579],[-86.74181,32.88497],[-86.7296,32.88824],[-86.7258,32.88294],[-86.71643,32.88693],[-86.71144,32.8915],[-86.69583,32.89436],[-86.68623,32.89751],[-86.677,32.89851],[-86.67087,32.90849],[-86.67201,32.9236],[-86.66253,32.92432],[-86.6583,32.92132],[-86.64694,32.91904],[-86.65879,32.93213],[-86.66305,32.93834],[-86.67049,32.95347],[-86.68998,32.98244],[-86.71051,33.01061],[-86.72459,33.03678],[-86.72621,33.04232],[-86.7289,33.06482],[-86.73025,33.06927],[-86.8023,33.06884],[-86.82483,33.06853],[-86.82486,33.06991],[-86.86346,33.07179],[-86.88164,33.07186],[-86.88118,33.0499],[-86.87687,33.04993],[-86.87657,33.01891],[-86.87622,32.90193],[-86.86216,32.90527],[-86.85746,32.90224],[-86.8544,32.89682],[-86.84963,32.89306],[-86.83544,32.89479],[-86.82224,32.8936],[-86.81795,32.89942],[-86.81333,32.89993],[-86.80788,32.8955],[-86.80005,32.892],[-86.79046,32.892]]]},"properties":{"STATEFP":"01","COUNTYFP":"021","COUSUBFP":"91764","COUSUBNS":"00165692","GEOIDFQ":"0600000US0102191764","GEOID":"0102191764","NAME":"Jemison","NAMELSAD":"Jemison CCD","STUSPS":"AL","NAMELSADCO":"Chilton County","STATE_NAME":"Alabama","LSAD":"22","ALAND":335176651,"AWATER":1596601}},
{"type":"Feature","geometry":{"type":"Polygon","coordinates":[[[-86.46058,32.83205],[-86.48152,32.82972],[-86.48893,32.82552],[-86.4981,32.82808],[-86.50392,32.82556],[-86.5147,32.82528],[-86.52275,32.82236],[-86.52528,32.82748],[-86.5374,32.83026],[-86.54887,32.82662],[-86.55424,32.81609],[-86.56507,32.81624],[-86.56803,32.80458],[-86.57024,32.80208],[-86.57971,32.80011],[-86.57735,32.79357],[-86.58275,32.79412],[-86.59249,32.79137],[-86.61312,32.79211],[-86.62243,32.79378],[-86.62549,32.78557],[-86.63964,32.78612],[-86.64473,32.78855],[-86.65735,32.77504],[-86.65931,32.76868],[-86.65658,32.76363],[-86.65639,32.75315],[-86.65194,32.74762],[-86.65517,32.74311],[-86.65162,32.73673],[-86.64969,32.7233],[-86.65497,32.71997],[-86.65369,32.70619],[-86.62619,32.70638],[-86.62056,32.70626],[-86.52469,32.70706],[-86.43963,32.70821],[-86.41312,32.70739],[-86.41333,32.75059],[-86.37115,32.75063],[-86.37497,32.75358],[-86.38802,32.75754],[-86.39674,32.76295],[-86.39942,32.76812],[-86.4087,32.77671],[-86.4134,32.78818],[-86.41883,32.79099],[-86.42724,32.79171],[-86.43277,32.797],[-86.44383,32.80448],[-86.44131,32.81049],[-86.445,32.81335],[-86.45701,32.8139],[-86.45873,32.81882],[-86.46058,32.83205]]]},"properties":{"STATEFP":"01","COUNTYFP":"021","COUSUBFP":"93285","COUSUBNS":"00165695","GEOIDFQ":"0600000US0102193285","GEOID":"0102193285","NAME":"Verbena","NAMELSAD":"Verbena CCD","STUSPS":"AL","NAMELSADCO":"Chilton County","STATE_NAME":"Alabama","LSAD":"22","ALAND":256334491,"AWATER":4346402}},
{"type":"Feature","geometry":{"type":"Polygon","coordinates":[[[-85.65201,33.25238],[-85.65273,33.2266],[-85.64827,33.22649],[-85.64881,33.21204],[-85.65308,33.21212],[-85.65365,33.10663],[-85.59318,33.10734],[-85.51438,33.10867],[-85.45584,33.10903],[-85.45809,33.12058],[-85.46212,33.12643],[-85.45897,33.13149],[-85.45722,33.14537],[-85.45969,33.16066],[-85.45333,33.16809],[-85.44775,33.17062],[-85.44222,33.17681],[-85.44166,33.18291],[-85.43847,33.18422],[-85.43286,33.19678],[-85.42632,33.20288],[-85.42317,33.20822],[-85.42767,33.20857],[-85.43866,33.21529],[-85.45674,33.21725],[-85.45923,33.21012],[-85.46767,33.20649],[-85.4776,33.21055],[-85.48877,33.20987],[-85.49561,33.21954],[-85.50472,33.20742],[-85.51295,33.21161],[-85.52,33.20981],[-85.52878,33.21811],[-85.53713,33.22033],[-85.54221,33.22814],[-85.55019,33.22371],[-85.55385,33.21715],[-85.56119,33.21838],[-85.56928,33.21318],[-85.57525,33.20578],[-85.58579,33.21095],[-85.6001,33.20922],[-85.60871,33.20926],[-85.61279,33.21228],[-85.6117,33.21899],[-85.5972,33.22854],[-85.5994,33.23548],[-85.60567,33.24178],[-85.61215,33.24428],[-85.61228,33.24758],[-85.61765,33.25059],[-85.6239,33.2434],[-85.63361,33.24789],[-85.64035,33.24635],[-85.64596,33.24762],[-85.65201,33.25238]]]},"properties":{"STATEFP":"01","COUNTYFP":"111","COUSUBFP":"93348","COUSUBNS":"00165936","GEOIDFQ":"0600000US0111193348","GEOID":"0111193348","NAME":"Wadley","NAMELSAD":"Wadley CCD","STUSPS":"AL","NAMELSADCO":"Randolph County","STATE_NAME":"Alabama","LSAD":"22","ALAND":237268644,"AWATER":2544402}},
{"type":"Feature","geometry":{"type":"Polygon","coordinates":[[[-85.61212,31.35116],[-85.61685,31.36404],[-85.61997,31.3627],[-85.62921,31.37156],[-85.63696,31.36969],[-85.63702,31.37841],[-85.64129,31.37706],[-85.65408,31.3771],[-85.65409,31.38067],[-85.66244,31.38072],[-85.66249,31.38452],[-85.70078,31.38491],[-85.69648,31.38895],[-85.68519,31.40973],[-85.67944,31.41513],[-85.67878,31.41917],[-85.68787,31.42544],[-85.69658,31.42551],[-85.69661,31.42909],[-85.70526,31.42915],[-85.70475,31.44745],[-85.71359,31.44769],[-85.71357,31.45823],[-85.73487,31.4582],[-85.7388,31.46189],[-85.73886,31.46681],[-85.7513,31.46566],[-85.75125,31.4694],[-85.75988,31.46936],[-85.7591,31.48379],[-85.78469,31.48386],[-85.78937,31.48743],[-85.78984,31.38547],[-85.78978,31.35656],[-85.75555,31.3564],[-85.7559,31.33903],[-85.74606,31.33678],[-85.744,31.33259],[-85.74652,31.32473],[-85.74092,31.31666],[-85.73273,31.31424],[-85.72398,31.31867],[-85.71549,31.31953],[-85.70673,31.32199],[-85.69793,31.31932],[-85.69017,31.31546],[-85.67569,31.31558],[-85.66946,31.31577],[-85.65863,31.32178],[-85.65502,31.33041],[-85.64426,31.33775],[-85.64144,31.34402],[-85.63318,31.33777],[-85.61212,31.35116]]]},"properties":{"STATEFP":"01","COUNTYFP":"045","COUSUBFP":"91215","COUSUBNS":"00165741","GEOIDFQ":"0600000US0104591215","GEOID":"0104591215","NAME":"Fort Rucker","NAMELSAD":"Fort Rucker CCD","STUSPS":"AL","NAMELSADCO":"Dale County","STATE_NAME":"Alabama","LSAD":"22","ALAND":172480235,"AWATER":2801707}},
{"type":"Feature","geometry":{"type":"Polygon","coordinates":[[[-85.79532,32.23293],[-85.77789,32.23335],[-85.65259,32.23351],[-85.6553,32.23975],[-85.63337,32.24272],[-85.63953,32.2488],[-85.63994,32.25321],[-85.64637,32.25514],[-85.65342,32.27236],[-85.66156,32.27766],[-85.66387,32.28402],[-85.66208,32.28852],[-85.6624,32.2958],[-85.66535,32.30612],[-85.66984,32.30859],[-85.67318,32.31975],[-85.66377,32.34243],[-85.66146,32.35157],[-85.66888,32.35418],[-85.67507,32.35991],[-85.69062,32.36519],[-85.69736,32.3626],[-85.70163,32.35671],[-85.71322,32.35836],[-85.7239,32.3547],[-85.72518,32.35134],[-85.74053,32.35155],[-85.75025,32.35419],[-85.75448,32.35745],[-85.7632,32.35316],[-85.77226,32.35611],[-85.78106,32.36393],[-85.78463,32.3637],[-85.79259,32.35532],[-85.79572,32.35472],[-85.80204,32.34527],[-85.80598,32.34173],[-85.81085,32.3305],[-85.82126,32.32092],[-85.81873,32.31517],[-85.82077,32.30391],[-85.8278,32.29619],[-85.82992,32.2909],[-85.83008,32.27754],[-85.82726,32.27006],[-85.81915,32.26415],[-85.81525,32.25562],[-85.81094,32.25001],[-85.80267,32.24263],[-85.79532,32.23293]]]},"properties":{"STATEFP":"01","COUNTYFP":"087","COUSUBFP":"91188","COUSUBNS":"00165858","GEOIDFQ":"0600000US0108791188","GEOID":"0108791188","NAME":"Fort Davis","NAMELSAD":"Fort Davis CCD","STUSPS":"AL","NAMELSADCO":"Macon County","STATE_NAME":"Alabama","LSAD":"22","ALAND":200883866,"AWATER":845411}},
{"type":"Feature","geometry":{"type":"Polygon","coordinates":[[[-85.53358,32.51519],[-85.54177,32.50286],[-85.55431,32.48992],[-85.56184,32.47993],[-85.57522,32.4694],[-85.579,32.46793],[-85.596,32.46501],[-85.61908,32.45893],[-85.63664,32.4477],[-85.64803,32.44456],[-85.64061,32.43957],[-85.63237,32.43559],[-85.61661,32.41106],[-85.61225,32.40875],[-85.61087,32.40438],[-85.59869,32.39635],[-85.59705,32.38893],[-85.58583,32.37372],[-85.57884,32.37166],[-85.57513,32.36819],[-85.56633,32.36563],[-85.562,32.36102],[-85.55386,32.35693],[-85.55043,32.35236],[-85.54543,32.35059],[-85.53371,32.3527],[-85.52713,32.34894],[-85.51876,32.34988],[-85.51022,32.34666],[-85.50373,32.3505],[-85.48473,32.35387],[-85.47488,32.35359],[-85.46627,32.35553],[-85.45842,32.35922],[-85.45328,32.36733],[-85.44917,32.36778],[-85.43991,32.37341],[-85.44029,32.3773],[-85.43599,32.38051],[-85.4375,32.38616],[-85.43384,32.39221],[-85.43404,32.40984],[-85.43657,32.46169],[-85.43857,32.49709],[-85.48935,32.49694],[-85.4986,32.50068],[-85.53358,32.51519]]]},"properties":{"STATEFP":"01","COUNTYFP":"087","COUSUBFP":"91917","COUSUBNS":"00165859","GEOIDFQ":"0600000US0108791917","GEOID":"0108791917","NAME":"Little Texas-Society Hill","NAMELSAD":"Little Texas-Society Hill CCD","STUSPS":"AL","NAMELSADCO":"Macon County","STATE_NAME":"Alabama","LSAD":"22","ALAND":243015427,"AWATER":1193548}},
{"type":"Feature","geometry":{"type":"Polygon","coordinates":[[[-85.65259,32.23351],[-85.59483,32.23322],[-85.43354,32.23465],[-85.43412,32.25015],[-85.4347,32.31761],[-85.43384,32.39221],[-85.4375,32.38616],[-85.43599,32.38051],[-85.44029,32.3773],[-85.43991,32.37341],[-85.44917,32.36778],[-85.45328,32.36733],[-85.45842,32.35922],[-85.46627,32.35553],[-85.47488,32.35359],[-85.48473,32.35387],[-85.50373,32.3505],[-85.51022,32.34666],[-85.51876,32.34988],[-85.52713,32.34894],[-85.53371,32.3527],[-85.54543,32.35059],[-85.55043,32.35236],[-85.55386,32.35693],[-85.562,32.36102],[-85.56633,32.36563],[-85.57513,32.36819],[-85.57884,32.37166],[-85.58583,32.37372],[-85.59705,32.38893],[-85.59869,32.39635],[-85.61087,32.40438],[-85.61225,32.40875],[-85.61661,32.41106],[-85.63237,32.43559],[-85.64061,32.43957],[-85.64383,32.43252],[-85.63395,32.42301],[-85.6417,32.4162],[-85.65061,32.41404],[-85.65692,32.41421],[-85.66279,32.4107],[-85.65667,32.40782],[-85.65843,32.39698],[-85.66163,32.39095],[-85.65947,32.38741],[-85.65863,32.36333],[-85.66146,32.35157],[-85.66377,32.34243],[-85.67318,32.31975],[-85.66984,32.30859],[-85.66535,32.30612],[-85.6624,32.2958],[-85.66208,32.28852],[-85.66387,32.28402],[-85.66156,32.27766],[-85.65342,32.27236],[-85.64637,32.25514],[-85.63994,32.25321],[-85.63953,32.2488],[-85.63337,32.24272],[-85.6553,32.23975],[-85.65259,32.23351]]]},"properties":{"STATEFP":"01","COUNTYFP":"087","COUSUBFP":"93376","COUSUBNS":"00165863","GEOIDFQ":"0600000US0108793376","GEOID":"0108793376","NAME":"Warriorstand-Creek Stand","NAMELSAD":"Warriorstand-Creek Stand CCD","STUSPS":"AL","NAMELSADCO":"Macon County","STATE_NAME":"Alabama","LSAD":"22","ALAND":330468982,"AWATER":1766553}},
{"type":"Feature","geometry":{"type":"Polygon","coordinates":[[[-85.59299,33.01615],[-85.59318,33.10734],[-85.65365,33.10663],[-85.74747,33.10532],[-85.77291,33.1047],[-85.84126,33.10446],[-85.84593,33.09745],[-85.8553,33.09838],[-85.85842,33.09491],[-85.86347,33.09659],[-85.87191,33.09576],[-85.88095,33.0919],[-85.88803,33.09433],[-85.89183,33.09275],[-85.88903,33.08666],[-85.88439,33.08507],[-85.88627,33.07838],[-85.8755,33.07224],[-85.87992,33.06761],[-85.8768,33.06113],[-85.88333,33.05827],[-85.87842,33.05523],[-85.88012,33.05212],[-85.87137,33.04567],[-85.87622,33.04174],[-85.87721,33.03464],[-85.88404,33.03137],[-85.88675,33.02089],[-85.88418,33.01813],[-85.8911,33.00934],[-85.88983,33.00573],[-85.88213,33.00189],[-85.88036,32.99871],[-85.87294,32.99836],[-85.869,32.99472],[-85.87495,32.99196],[-85.8608,32.98488],[-85.85926,32.97873],[-85.85409,32.97788],[-85.84941,32.9742],[-85.84805,32.96845],[-85.84484,32.96597],[-85.85255,32.96206],[-85.84471,32.95959],[-85.83665,32.9606],[-85.83014,32.95741],[-85.82831,32.95428],[-85.81857,32.95184],[-85.81346,32.9538],[-85.80916,32.96037],[-85.79835,32.96547],[-85.79118,32.96476],[-85.78259,32.96577],[-85.77906,32.97207],[-85.76505,32.9742],[-85.76148,32.98637],[-85.74417,32.98139],[-85.74059,32.97407],[-85.74393,32.96955],[-85.73661,32.96797],[-85.73242,32.97457],[-85.72104,32.98397],[-85.71046,32.98748],[-85.70294,32.98294],[-85.70174,32.97494],[-85.69826,32.96454],[-85.70033,32.95604],[-85.69337,32.95623],[-85.68435,32.96001],[-85.67536,32.96939],[-85.67086,32.97216],[-85.65946,32.97034],[-85.6461,32.96511],[-85.63982,32.96701],[-85.63274,32.97184],[-85.63421,32.97539],[-85.62865,32.99072],[-85.62242,32.99552],[-85.61642,33.00568],[-85.61058,33.01135],[-85.61155,33.01694],[-85.61517,33.02253],[-85.60888,33.02718],[-85.60022,33.01807],[-85.59299,33.01615]]]},"properties":{"STATEFP":"01","COUNTYFP":"123","COUSUBFP":"92367","COUSUBNS":"00165968","GEOIDFQ":"0600000US0112392367","GEOID":"0112392367","NAME":"New Site","NAMELSAD":"New Site CCD","STUSPS":"AL","NAMELSADCO":"Tallapoosa County","STATE_NAME":"Alabama","LSAD":"22","ALAND":379531281,"AWATER":3886140}},
{"type":"Feature","geometry":{"type":"Polygon","coordinates":[[[-85.25775,32.14825],[-85.26211,32.15003],[-85.26715,32.15545],[-85.27549,32.15648],[-85.27934,32.16233],[-85.28033,32.17138],[-85.27823,32.17493],[-85.27199,32.17865],[-85.27413,32.18344],[-85.27453,32.19228],[-85.25915,32.19223],[-85.25874,32.21719],[-85.26063,32.22219],[-85.26198,32.23351],[-85.2603,32.23985],[-85.26342,32.24287],[-85.26381,32.25125],[-85.27547,32.27002],[-85.27427,32.27202],[-85.26106,32.27633],[-85.21543,32.28831],[-85.20647,32.29597],[-85.20609,32.30063],[-85.21453,32.30757],[-85.22334,32.32107],[-85.22779,32.32415],[-85.23637,32.32326],[-85.25014,32.33399],[-85.24921,32.34361],[-85.25627,32.3442],[-85.28173,32.35106],[-85.30505,32.3525],[-85.31136,32.35557],[-85.30299,32.37743],[-85.30358,32.3821],[-85.31007,32.38692],[-85.3264,32.38953],[-85.33983,32.39007],[-85.34473,32.39152],[-85.35049,32.39651],[-85.36008,32.40072],[-85.36196,32.41042],[-85.43404,32.40984],[-85.43384,32.39221],[-85.4347,32.31761],[-85.43412,32.25015],[-85.43354,32.23465],[-85.42744,32.14655],[-85.41024,32.14665],[-85.25775,32.14825]]]},"properties":{"STATEFP":"01","COUNTYFP":"113","COUSUBFP":"91683","COUSUBNS":"00165940","GEOIDFQ":"0600000US0111391683","GEOID":"0111391683","NAME":"Hurtsboro","NAMELSAD":"Hurtsboro CCD","STUSPS":"AL","NAMELSADCO":"Russell County","STATE_NAME":"Alabama","LSAD":"22","ALAND":446886471,"AWATER":1401991}},
{"type":"Feature","geometry":{"type":"Polygon","coordinates":[[[-86.38806,34.32838],[-86.3895,34.33143],[-86.39893,34.33491],[-86.40539,34.3457],[-86.40241,34.35189],[-86.40407,34.36512],[-86.41176,34.37206],[-86.41934,34.38402],[-86.425,34.38907],[-86.43269,34.38342],[-86.44414,34.38094],[-86.4474,34.3758],[-86.45571,34.37866],[-86.4652,34.37731],[-86.46945,34.37855],[-86.48081,34.37405],[-86.49324,34.37992],[-86.49806,34.38563],[-86.49509,34.39183],[-86.49769,34.39789],[-86.5148,34.38988],[-86.52109,34.3913],[-86.53432,34.38695],[-86.54627,34.38134],[-86.54725,34.38993],[-86.56083,34.39441],[-86.57853,34.38762],[-86.58132,34.37109],[-86.58194,34.30469],[-86.55394,34.3038],[-86.47752,34.30276],[-86.477,34.28936],[-86.45945,34.28915],[-86.45965,34.27456],[-86.45111,34.27454],[-86.44892,34.28801],[-86.44268,34.28839],[-86.4359,34.29347],[-86.43303,34.29982],[-86.42485,34.30477],[-86.42316,34.31216],[-86.41939,34.31521],[-86.41425,34.31173],[-86.40703,34.31227],[-86.40442,34.30964],[-86.4021,34.30113],[-86.39516,34.29746],[-86.38988,34.29906],[-86.3837,34.29629],[-86.3818,34.30018],[-86.389,34.30122],[-86.37959,34.30644],[-86.37648,34.31327],[-86.38053,34.3225],[-86.38629,34.32468],[-86.38806,34.32838]]]},"properties":{"STATEFP":"01","COUNTYFP":"095","COUSUBFP":"90108","COUSUBNS":"00165885","GEOIDFQ":"0600000US0109590108","GEOID":"0109590108","NAME":"Arab","NAMELSAD":"Arab CCD","STUSPS":"AL","NAMELSADCO":"Marshall County","STATE_NAME":"Alabama","LSAD":"22","ALAND":159073889,"AWATER":1152106}},
{"type":"Feature","geometry":{"type":"Polygon","coordinates":[[[-86.55017,34.54596],[-86.55278,34.53995],[-86.56522,34.46973],[-86.57366,34.41816],[-86.57853,34.38762],[-86.56083,34.39441],[-86.54725,34.38993],[-86.54627,34.38134],[-86.53432,34.38695],[-86.52109,34.3913],[-86.5148,34.38988],[-86.49769,34.39789],[-86.49509,34.39183],[-86.49806,34.38563],[-86.49324,34.37992],[-86.48081,34.37405],[-86.46945,34.37855],[-86.4652,34.37731],[-86.45571,34.37866],[-86.4474,34.3758],[-86.44414,34.38094],[-86.43269,34.38342],[-86.425,34.38907],[-86.41934,34.38402],[-86.41176,34.37206],[-86.40407,34.36512],[-86.40241,34.35189],[-86.40539,34.3457],[-86.39893,34.33491],[-86.3895,34.33143],[-86.38806,34.32838],[-86.36793,34.3217],[-86.36188,34.3258],[-86.36453,34.33057],[-86.3572,34.33121],[-86.35067,34.33952],[-86.35512,34.34394],[-86.35355,34.35512],[-86.34375,34.36103],[-86.34129,34.37324],[-86.34771,34.37844],[-86.34318,34.38341],[-86.33809,34.384],[-86.32975,34.40128],[-86.32469,34.41574],[-86.32532,34.42074],[-86.33087,34.426],[-86.33557,34.42781],[-86.34949,34.42976],[-86.3552,34.42927],[-86.37498,34.42262],[-86.38567,34.42269],[-86.39772,34.42587],[-86.41702,34.43596],[-86.43337,34.44935],[-86.44524,34.46108],[-86.45497,34.46446],[-86.46246,34.46886],[-86.46883,34.47565],[-86.47549,34.47976],[-86.4866,34.47998],[-86.49999,34.48229],[-86.52811,34.49835],[-86.53452,34.50428],[-86.53594,34.5136],[-86.55109,34.5415],[-86.55017,34.54596]]]},"properties":{"STATEFP":"01","COUNTYFP":"095","COUSUBFP":"93240","COUSUBNS":"00165890","GEOIDFQ":"0600000US0109593240","GEOID":"0109593240","NAME":"Union Grove","NAMELSAD":"Union Grove CCD","STUSPS":"AL","NAMELSADCO":"Marshall County","STATE_NAME":"Alabama","LSAD":"22","ALAND":212331810,"AWATER":11266330}},
{"type":"Feature","geometry":{"type":"Polygon","coordinates":[[[-88.04071,32.68958],[-88.03087,32.69127],[-88.02559,32.68942],[-88.01619,32.6906],[-88.00665,32.69559],[-87.98927,32.69772],[-87.98428,32.70196],[-87.98342,32.70693],[-87.97251,32.71238],[-87.97233,32.71418],[-87.95765,32.72463],[-87.95069,32.72678],[-87.94866,32.73139],[-87.94372,32.73426],[-87.94191,32.73955],[-87.94726,32.73932],[-87.94775,32.74504],[-87.9545,32.75591],[-87.96863,32.75937],[-87.97454,32.76375],[-87.98519,32.76126],[-87.99829,32.76851],[-87.9785,32.78214],[-87.9723,32.79205],[-87.94644,32.81129],[-87.94995,32.81581],[-87.94976,32.82674],[-87.97461,32.82699],[-87.98454,32.83367],[-87.99189,32.85185],[-88.01823,32.84594],[-88.03501,32.83513],[-88.03489,32.8573],[-88.03975,32.85783],[-88.04959,32.84893],[-88.05008,32.84279],[-88.05807,32.83631],[-88.06276,32.82307],[-88.06082,32.82138],[-88.06316,32.8068],[-88.07782,32.80903],[-88.07918,32.80449],[-88.07324,32.80456],[-88.06447,32.79219],[-88.06699,32.78449],[-88.07107,32.78188],[-88.07588,32.77451],[-88.07934,32.77295],[-88.08762,32.7777],[-88.09781,32.78011],[-88.10298,32.77943],[-88.10963,32.77099],[-88.10655,32.75782],[-88.10679,32.75013],[-88.10143,32.73926],[-88.08958,32.73129],[-88.08149,32.72056],[-88.08538,32.70905],[-88.09668,32.70361],[-88.10334,32.70184],[-88.11475,32.70169],[-88.11641,32.69736],[-88.10714,32.68922],[-88.0933,32.6838],[-88.07823,32.684],[-88.05874,32.69135],[-88.05262,32.69733],[-88.04509,32.69387],[-88.04071,32.68958]]]},"properties":{"STATEFP":"01","COUNTYFP":"063","COUSUBFP":"90342","COUSUBNS":"00165788","GEOIDFQ":"0600000US0106390342","GEOID":"0106390342","NAME":"Boligee","NAMELSAD":"Boligee CCD","STUSPS":"AL","NAMELSADCO":"Greene County","STATE_NAME":"Alabama","LSAD":"22","ALAND":184645981,"AWATER":3124802}},
{"type":"Feature","geometry":{"type":"Polygon","coordinates":[[[-85.36997,31.13944],[-85.3698,31.10658],[-85.3745,31.06786],[-85.37927,31.05506],[-85.3835,31.04904],[-85.36834,31.03944],[-85.36561,31.03143],[-85.35909,31.02513],[-85.34799,31.01921],[-85.33886,31.01104],[-85.33243,31.00089],[-85.32906,30.99956],[-85.24009,31.00088],[-85.23806,31.00406],[-85.22309,31.01658],[-85.22102,31.0239],[-85.218,31.02777],[-85.21729,31.03413],[-85.20361,31.05058],[-85.20051,31.0585],[-85.20707,31.06332],[-85.21299,31.07221],[-85.21919,31.07519],[-85.22402,31.08309],[-85.23173,31.09015],[-85.24288,31.0951],[-85.25352,31.10328],[-85.25893,31.11466],[-85.26035,31.12193],[-85.26562,31.12566],[-85.27886,31.12788],[-85.28855,31.13076],[-85.2935,31.13083],[-85.30557,31.1374],[-85.30617,31.14425],[-85.30362,31.15199],[-85.31608,31.15611],[-85.32175,31.15641],[-85.33138,31.16166],[-85.34396,31.16111],[-85.34999,31.15223],[-85.35504,31.14737],[-85.36997,31.13944]]]},"properties":{"STATEFP":"01","COUNTYFP":"069","COUSUBFP":"90747","COUSUBNS":"00165802","GEOIDFQ":"0600000US0106990747","GEOID":"0106990747","NAME":"Cottonwood","NAMELSAD":"Cottonwood CCD","STUSPS":"AL","NAMELSADCO":"Houston County","STATE_NAME":"Alabama","LSAD":"22","ALAND":204155973,"AWATER":948906}},
{"type":"Feature","geometry":{"type":"Polygon","coordinates":[[[-85.20051,31.0585],[-85.20361,31.05058],[-85.21729,31.03413],[-85.218,31.02777],[-85.22102,31.0239],[-85.22309,31.01658],[-85.23806,31.00406],[-85.24009,31.00088],[-85.14583,31.0007],[-85.05209,31.00059],[-85.0025,31.00068],[-84.99943,31.01384],[-85.00455,31.01918],[-85.00505,31.0247],[-85.00941,31.03238],[-85.00855,31.04282],[-85.01139,31.05355],[-85.01815,31.05925],[-85.02857,31.07458],[-85.02607,31.08418],[-85.02974,31.09616],[-85.03561,31.10819],[-85.05018,31.11892],[-85.05468,31.12082],[-85.06107,31.13423],[-85.06403,31.1425],[-85.07663,31.15693],[-85.08358,31.15963],[-85.09211,31.16029],[-85.10021,31.16549],[-85.09851,31.18015],[-85.10205,31.18473],[-85.10752,31.18645],[-85.10774,31.18985],[-85.13528,31.18931],[-85.15551,31.1835],[-85.16342,31.17805],[-85.1708,31.17989],[-85.17633,31.18906],[-85.17978,31.1904],[-85.18126,31.18705],[-85.18139,31.16681],[-85.1729,31.15731],[-85.1772,31.15202],[-85.17688,31.13742],[-85.18208,31.13555],[-85.18629,31.13106],[-85.18071,31.12137],[-85.18092,31.10952],[-85.19325,31.10221],[-85.20159,31.08355],[-85.20225,31.0754],[-85.19876,31.0696],[-85.20051,31.0585]]]},"properties":{"STATEFP":"01","COUNTYFP":"069","COUSUBFP":"91368","COUSUBNS":"00165803","GEOIDFQ":"0600000US0106991368","GEOID":"0106991368","NAME":"Gordon","NAMELSAD":"Gordon CCD","STUSPS":"AL","NAMELSADCO":"Houston County","STATE_NAME":"Alabama","LSAD":"22","ALAND":306316455,"AWATER":604390}},
{"type":"Feature","geometry":{"type":"Polygon","coordinates":[[[-85.58314,34.86037],[-85.59516,34.92417],[-85.59938,34.95177],[-85.60516,34.98468],[-85.70084,34.98619],[-85.7053,34.9647],[-85.70355,34.95605],[-85.69508,34.93805],[-85.69442,34.92814],[-85.69705,34.91843],[-85.70011,34.91352],[-85.71035,34.90426],[-85.74159,34.88689],[-85.75482,34.87837],[-85.77017,34.86158],[-85.78499,34.84996],[-85.79916,34.83645],[-85.81304,34.82057],[-85.81833,34.81271],[-85.84173,34.79481],[-85.84828,34.78589],[-85.85533,34.76815],[-85.8562,34.75974],[-85.86006,34.75008],[-85.864,34.74453],[-85.85687,34.74665],[-85.84285,34.74579],[-85.82852,34.74688],[-85.8168,34.74531],[-85.81115,34.74265],[-85.7999,34.74526],[-85.78483,34.73957],[-85.77033,34.74297],[-85.76222,34.74892],[-85.74937,34.75065],[-85.74971,34.75314],[-85.7431,34.76212],[-85.7433,34.7668],[-85.74899,34.76882],[-85.7363,34.78087],[-85.727,34.77966],[-85.7221,34.77363],[-85.68955,34.76317],[-85.68958,34.75926],[-85.68167,34.75775],[-85.68073,34.75504],[-85.67135,34.75008],[-85.67372,34.7449],[-85.6602,34.75496],[-85.64787,34.77638],[-85.64177,34.78447],[-85.63427,34.79898],[-85.63416,34.81296],[-85.62707,34.83188],[-85.61779,34.83423],[-85.61291,34.84018],[-85.60829,34.84121],[-85.60096,34.84696],[-85.60216,34.85136],[-85.59344,34.85436],[-85.58591,34.8602],[-85.58314,34.86037]]]},"properties":{"STATEFP":"01","COUNTYFP":"071","COUSUBFP":"91971","COUSUBNS":"00165806","GEOIDFQ":"0600000US0107191971","GEOID":"0107191971","NAME":"Long Island","NAMELSAD":"Long Island CCD","STUSPS":"AL","NAMELSADCO":"Jackson County","STATE_NAME":"Alabama","LSAD":"22","ALAND":348606440,"AWATER":13619163}},
{"type":"Feature","geometry":{"type":"Polygon","coordinates":[[[-86.32685,34.5994],[-86.32696,34.59974],[-86.26912,34.60006],[-86.23703,34.60002],[-86.23065,34.60646],[-86.23287,34.61626],[-86.22199,34.62265],[-86.21109,34.6183],[-86.20133,34.62228],[-86.18911,34.62395],[-86.16583,34.62165],[-86.17161,34.64254],[-86.18761,34.66638],[-86.18883,34.67244],[-86.18728,34.67892],[-86.17757,34.67912],[-86.16435,34.6721],[-86.16123,34.67412],[-86.15005,34.68639],[-86.12476,34.69106],[-86.12844,34.69522],[-86.13345,34.70541],[-86.14014,34.70756],[-86.14656,34.71447],[-86.14902,34.72311],[-86.15859,34.73168],[-86.15889,34.74045],[-86.16313,34.75506],[-86.16002,34.75803],[-86.16042,34.76105],[-86.17178,34.76529],[-86.18192,34.76263],[-86.19376,34.75813],[-86.19584,34.75404],[-86.20393,34.75415],[-86.22185,34.74978],[-86.22103,34.74534],[-86.23371,34.74048],[-86.2445,34.73157],[-86.24529,34.72805],[-86.25115,34.72448],[-86.26712,34.72221],[-86.27361,34.72498],[-86.28075,34.7202],[-86.28602,34.72111],[-86.29503,34.71869],[-86.30754,34.71009],[-86.31347,34.72366],[-86.31689,34.73569],[-86.31713,34.74382],[-86.32629,34.74155],[-86.33471,34.75389],[-86.33939,34.75639],[-86.34328,34.74578],[-86.34821,34.74063],[-86.35812,34.73503],[-86.35825,34.71142],[-86.35903,34.63261],[-86.33524,34.61607],[-86.32586,34.60959],[-86.33051,34.60829],[-86.33105,34.60291],[-86.32685,34.5994]]]},"properties":{"STATEFP":"01","COUNTYFP":"071","COUSUBFP":"92475","COUSUBNS":"00165807","GEOIDFQ":"0600000US0107192475","GEOID":"0107192475","NAME":"Paint Rock","NAMELSAD":"Paint Rock CCD","STUSPS":"AL","NAMELSADCO":"Jackson County","STATE_NAME":"Alabama","LSAD":"22","ALAND":258643936,"AWATER":941503}},
{"type":"Feature","geometry":{"type":"Polygon","coordinates":[[[-86.16002,34.75803],[-86.16313,34.75506],[-86.15889,34.74045],[-86.15859,34.73168],[-86.14902,34.72311],[-86.14656,34.71447],[-86.14014,34.70756],[-86.13345,34.70541],[-86.12844,34.69522],[-86.12476,34.69106],[-86.15005,34.68639],[-86.16123,34.67412],[-86.16435,34.6721],[-86.17757,34.67912],[-86.18728,34.67892],[-86.18883,34.67244],[-86.18761,34.66638],[-86.17161,34.64254],[-86.16583,34.62165],[-86.18911,34.62395],[-86.20133,34.62228],[-86.21109,34.6183],[-86.22199,34.62265],[-86.23287,34.61626],[-86.23065,34.60646],[-86.23703,34.60002],[-86.14846,34.59907],[-86.14943,34.54975],[-86.14326,34.54117],[-86.14413,34.53426],[-86.14981,34.53363],[-86.13985,34.5333],[-86.14776,34.5209],[-86.1456,34.52001],[-86.13793,34.5338],[-86.11539,34.55451],[-86.10786,34.55743],[-86.05706,34.57013],[-86.04471,34.57518],[-85.991,34.62526],[-85.97774,34.63855],[-85.96153,34.64831],[-85.95105,34.65613],[-85.93738,34.66961],[-85.93129,34.67689],[-85.91962,34.69696],[-85.91423,34.7037],[-85.89855,34.72058],[-85.88595,34.72769],[-85.88828,34.73279],[-85.88679,34.73739],[-85.89162,34.74573],[-85.89436,34.75334],[-85.89906,34.76008],[-85.90022,34.76595],[-85.90675,34.76852],[-85.92845,34.76657],[-85.93282,34.77045],[-85.93029,34.78191],[-85.93488,34.78635],[-85.94314,34.78379],[-85.95419,34.78523],[-85.9598,34.79253],[-85.97785,34.78785],[-85.98598,34.78909],[-85.99388,34.79445],[-86.00032,34.79076],[-86.00047,34.787],[-86.02513,34.78275],[-86.0267,34.79409],[-86.03882,34.79386],[-86.04124,34.80097],[-86.03292,34.80512],[-86.02178,34.82256],[-86.02372,34.82811],[-86.03081,34.83762],[-86.0438,34.84298],[-86.05169,34.85234],[-86.05982,34.85477],[-86.06627,34.86126],[-86.07361,34.86309],[-86.07838,34.8721],[-86.08287,34.88823],[-86.08221,34.89529],[-86.08722,34.90219],[-86.09523,34.88986],[-86.09686,34.88538],[-86.10377,34.84956],[-86.12045,34.80421],[-86.11975,34.78697],[-86.12969,34.78382],[-86.13248,34.78119],[-86.1404,34.78083],[-86.15193,34.77447],[-86.15487,34.77075],[-86.16002,34.75803]]]},"properties":{"STATEFP":"01","COUNTYFP":"071","COUSUBFP":"92862","COUSUBNS":"00165810","GEOIDFQ":"0600000US0107192862","GEOID":"0107192862","NAME":"Scottsboro","NAMELSAD":"Scottsboro CCD","STUSPS":"AL","NAMELSADCO":"Jackson County","STATE_NAME":"Alabama","LSAD":"22","ALAND":502685636,"AWATER":50012963}},
{"type":"Feature","geometry":{"type":"Polygon","coordinates":[[[-85.8153,34.60517],[-85.78601,34.62424],[-85.79062,34.62703],[-85.7943,34.62398],[-85.8195,34.62386],[-85.832,34.62794],[-85.84802,34.62634],[-85.84791,34.63871],[-85.84548,34.64532],[-85.84714,34.64855],[-85.85855,34.65543],[-85.86229,34.66219],[-85.86059,34.66631],[-85.86719,34.6694],[-85.8845,34.66613],[-85.89837,34.65718],[-85.90693,34.65936],[-85.93711,34.6579],[-85.95105,34.65613],[-85.96153,34.64831],[-85.97774,34.63855],[-85.991,34.62526],[-86.04471,34.57518],[-86.05706,34.57013],[-86.10786,34.55743],[-86.11539,34.55451],[-86.13793,34.5338],[-86.1456,34.52001],[-86.13032,34.5296],[-86.12638,34.5333],[-86.12354,34.52741],[-86.11957,34.52447],[-86.11374,34.52936],[-86.10824,34.52657],[-86.11015,34.5205],[-86.10431,34.51877],[-86.09992,34.52148],[-86.09774,34.51255],[-86.10427,34.50712],[-86.09986,34.50422],[-86.10021,34.4972],[-86.09615,34.48874],[-86.08857,34.48282],[-86.08747,34.47805],[-86.08965,34.46832],[-86.08341,34.46457],[-86.07436,34.4667],[-86.06997,34.47077],[-86.05771,34.47599],[-86.05416,34.47518],[-86.03944,34.47693],[-86.03485,34.47342],[-86.02602,34.47551],[-86.02196,34.48154],[-86.00384,34.48003],[-85.98928,34.48686],[-85.98455,34.49057],[-85.9746,34.49266],[-85.97081,34.49685],[-85.96011,34.50218],[-85.95693,34.50713],[-85.93854,34.52535],[-85.92015,34.53706],[-85.91149,34.54346],[-85.89941,34.55048],[-85.8153,34.60517]]]},"properties":{"STATEFP":"01","COUNTYFP":"071","COUSUBFP":"92871","COUSUBNS":"00165811","GEOIDFQ":"0600000US0107192871","GEOID":"0107192871","NAME":"Section","NAMELSAD":"Section CCD","STUSPS":"AL","NAMELSADCO":"Jackson County","STATE_NAME":"Alabama","LSAD":"22","ALAND":283806842,"AWATER":31310700}},
{"type":"Feature","geometry":{"type":"Polygon","coordinates":[[[-86.50003,34.88072],[-86.48056,34.88058],[-86.48254,34.88816],[-86.48923,34.88943],[-86.49323,34.88694],[-86.49872,34.89172],[-86.49315,34.90128],[-86.49394,34.9058],[-86.4985,34.91349],[-86.49316,34.92058],[-86.48243,34.92216],[-86.48253,34.90998],[-86.44884,34.91009],[-86.44592,34.9173],[-86.45342,34.92924],[-86.453,34.93586],[-86.46546,34.93987],[-86.46854,34.95405],[-86.46861,34.95951],[-86.47328,34.96118],[-86.4733,34.99069],[-86.52848,34.99068],[-86.60004,34.99124],[-86.64139,34.99174],[-86.6421,34.93278],[-86.63336,34.9327],[-86.63392,34.90298],[-86.60731,34.90273],[-86.52715,34.90276],[-86.52696,34.89547],[-86.51817,34.89546],[-86.51802,34.88078],[-86.50003,34.88072]]]},"properties":{"STATEFP":"01","COUNTYFP":"089","COUSUBFP":"91575","COUSUBNS":"00165866","GEOIDFQ":"0600000US0108991575","GEOID":"0108991575","NAME":"Hazel Green","NAMELSAD":"Hazel Green CCD","STUSPS":"AL","NAMELSADCO":"Madison County","STATE_NAME":"Alabama","LSAD":"22","ALAND":159025250,"AWATER":451047}},
{"type":"Feature","geometry":{"type":"Polygon","coordinates":[[[-86.72383,34.58101],[-86.72331,34.59776],[-86.72157,34.61066],[-86.72219,34.62207],[-86.71811,34.62211],[-86.71761,34.64598],[-86.71598,34.69109],[-86.78693,34.66261],[-86.7884,34.60462],[-86.79006,34.55079],[-86.77825,34.55012],[-86.761,34.55245],[-86.75314,34.55567],[-86.74931,34.55908],[-86.72383,34.58101]]]},"properties":{"STATEFP":"01","COUNTYFP":"089","COUSUBFP":"93176","COUSUBNS":"00165871","GEOIDFQ":"0600000US0108993176","GEOID":"0108993176","NAME":"Triana","NAMELSAD":"Triana CCD","STUSPS":"AL","NAMELSADCO":"Madison County","STATE_NAME":"Alabama","LSAD":"22","ALAND":76993517,"AWATER":4037406}},
{"type":"Feature","geometry":{"type":"Polygon","coordinates":[[[-86.58277,33.56463],[-86.58169,33.57],[-86.57198,33.57377],[-86.56341,33.58029],[-86.55683,33.58046],[-86.55161,33.58755],[-86.55134,33.61997],[-86.54277,33.61984],[-86.54282,33.63437],[-86.53369,33.63438],[-86.53382,33.64889],[-86.52512,33.64871],[-86.52537,33.69413],[-86.52535,33.69927],[-86.53122,33.68754],[-86.5365,33.68193],[-86.55378,33.66821],[-86.56934,33.66151],[-86.58238,33.66081],[-86.59297,33.65831],[-86.60711,33.6494],[-86.61796,33.63966],[-86.63028,33.62696],[-86.64415,33.60753],[-86.65147,33.60062],[-86.64897,33.59396],[-86.64037,33.57875],[-86.63816,33.57059],[-86.6403,33.55894],[-86.62554,33.55589],[-86.62089,33.55861],[-86.61151,33.56907],[-86.60698,33.57067],[-86.59331,33.56516],[-86.58871,33.56653],[-86.58277,33.56463]]]},"properties":{"STATEFP":"01","COUNTYFP":"073","COUSUBFP":"93204","COUSUBNS":"00165826","GEOIDFQ":"0600000US0107393204","GEOID":"0107393204","NAME":"Trussville","NAMELSAD":"Trussville CCD","STUSPS":"AL","NAMELSADCO":"Jefferson County","STATE_NAME":"Alabama","LSAD":"22","ALAND":87538457,"AWATER":1730606}},
{"type":"Feature","geometry":{"type":"Polygon","coordinates":[[[-86.71061,33.43057],[-86.70036,33.43063],[-86.70064,33.44112],[-86.69634,33.44112],[-86.6921,33.44462],[-86.69202,33.45196],[-86.67445,33.45174],[-86.67442,33.46652],[-86.60463,33.46713],[-86.60458,33.47418],[-86.59576,33.47433],[-86.59581,33.48148],[-86.58705,33.48157],[-86.58701,33.49607],[-86.57786,33.49612],[-86.56962,33.50335],[-86.56949,33.5106],[-86.56072,33.51063],[-86.56062,33.51751],[-86.54334,33.51729],[-86.54313,33.52458],[-86.5172,33.52414],[-86.51678,33.54602],[-86.51674,33.55338],[-86.54303,33.55396],[-86.54308,33.56117],[-86.55199,33.56102],[-86.55161,33.58755],[-86.55683,33.58046],[-86.56341,33.58029],[-86.57198,33.57377],[-86.58169,33.57],[-86.58277,33.56463],[-86.58988,33.55508],[-86.59419,33.55237],[-86.60436,33.55175],[-86.61241,33.55655],[-86.61303,33.54558],[-86.61781,33.54458],[-86.62279,33.53991],[-86.627,33.5432],[-86.63039,33.53397],[-86.62934,33.53084],[-86.63661,33.52778],[-86.64642,33.51761],[-86.64587,33.51008],[-86.65853,33.51114],[-86.66553,33.50788],[-86.66748,33.50455],[-86.67387,33.50475],[-86.67904,33.50144],[-86.67851,33.49746],[-86.68692,33.49179],[-86.6942,33.48955],[-86.70189,33.48487],[-86.70832,33.48578],[-86.7174,33.47145],[-86.70858,33.46755],[-86.70739,33.46507],[-86.71045,33.45435],[-86.71526,33.45115],[-86.71529,33.444],[-86.71061,33.43057]]]},"properties":{"STATEFP":"01","COUNTYFP":"073","COUSUBFP":"91845","COUSUBNS":"00165821","GEOIDFQ":"0600000US0107391845","GEOID":"0107391845","NAME":"Leeds","NAMELSAD":"Leeds CCD","STUSPS":"AL","NAMELSADCO":"Jefferson County","STATE_NAME":"Alabama","LSAD":"22","ALAND":108263854,"AWATER":2632581}},
{"type":"Feature","geometry":{"type":"Polygon","coordinates":[[[-86.9031,32.54063],[-86.89656,32.5404],[-86.89548,32.54544],[-86.86495,32.53516],[-86.86065,32.53448],[-86.83991,32.53923],[-86.83458,32.54183],[-86.82176,32.54425],[-86.81742,32.55093],[-86.80715,32.55862],[-86.7816,32.55922],[-86.77464,32.5543],[-86.77082,32.54824],[-86.76007,32.5514],[-86.75266,32.55517],[-86.7419,32.55196],[-86.73976,32.54605],[-86.73295,32.54531],[-86.73101,32.54195],[-86.71177,32.53171],[-86.7083,32.52697],[-86.70155,32.52383],[-86.67233,32.52436],[-86.64472,32.524],[-86.6403,32.52647],[-86.63839,32.53354],[-86.63831,32.5409],[-86.64532,32.54824],[-86.64561,32.55553],[-86.63926,32.56282],[-86.63446,32.5627],[-86.63207,32.56679],[-86.62551,32.56824],[-86.61267,32.57342],[-86.61287,32.58867],[-86.61488,32.59527],[-86.61211,32.60085],[-86.60439,32.60095],[-86.60445,32.61908],[-86.64278,32.61872],[-86.64871,32.61755],[-86.6552,32.62306],[-86.65954,32.62215],[-86.66479,32.62791],[-86.66359,32.63028],[-86.65508,32.63422],[-86.64903,32.64088],[-86.64204,32.65117],[-86.63756,32.65559],[-86.634,32.66797],[-86.62584,32.685],[-86.62907,32.69654],[-86.62615,32.70127],[-86.62619,32.70638],[-86.65369,32.70619],[-86.71422,32.70569],[-86.71339,32.66173],[-86.77153,32.66072],[-86.81657,32.66012],[-86.91461,32.66436],[-86.91759,32.66417],[-86.92114,32.65623],[-86.91815,32.65136],[-86.91315,32.64778],[-86.91882,32.64428],[-86.91592,32.64046],[-86.91086,32.62909],[-86.91282,32.62505],[-86.90993,32.61813],[-86.90963,32.60815],[-86.90676,32.60454],[-86.90623,32.59749],[-86.90364,32.59261],[-86.90372,32.5834],[-86.89871,32.57745],[-86.90131,32.57523],[-86.8983,32.56769],[-86.8996,32.55699],[-86.9038,32.55174],[-86.90652,32.54317],[-86.9031,32.54063]]]},"properties":{"STATEFP":"01","COUNTYFP":"001","COUSUBFP":"90315","COUSUBNS":"00165647","GEOIDFQ":"0600000US0100190315","GEOID":"0100190315","NAME":"Billingsley","NAMELSAD":"Billingsley CCD","STUSPS":"AL","NAMELSADCO":"Autauga County","STATE_NAME":"Alabama","LSAD":"22","ALAND":386865285,"AWATER":1575402}},
{"type":"Feature","geometry":{"type":"Polygon","coordinates":[[[-86.41312,32.70739],[-86.43963,32.70821],[-86.52469,32.70706],[-86.62056,32.70626],[-86.62619,32.70638],[-86.62615,32.70127],[-86.62907,32.69654],[-86.62584,32.685],[-86.634,32.66797],[-86.63756,32.65559],[-86.64204,32.65117],[-86.64903,32.64088],[-86.65508,32.63422],[-86.66359,32.63028],[-86.66479,32.62791],[-86.65954,32.62215],[-86.6552,32.62306],[-86.64871,32.61755],[-86.64278,32.61872],[-86.60445,32.61908],[-86.60439,32.60095],[-86.61211,32.60085],[-86.61488,32.59527],[-86.61287,32.58867],[-86.61267,32.57342],[-86.59511,32.57425],[-86.58988,32.57703],[-86.5801,32.57574],[-86.55892,32.5755],[-86.53448,32.56976],[-86.51304,32.56883],[-86.50743,32.57005],[-86.48036,32.57077],[-86.46987,32.57928],[-86.45772,32.58702],[-86.449,32.59126],[-86.43254,32.5913],[-86.41894,32.58874],[-86.4125,32.58942],[-86.41312,32.70739]]]},"properties":{"STATEFP":"01","COUNTYFP":"001","COUSUBFP":"92106","COUSUBNS":"00165648","GEOIDFQ":"0600000US0100192106","GEOID":"0100192106","NAME":"Marbury","NAMELSAD":"Marbury CCD","STUSPS":"AL","NAMELSADCO":"Autauga County","STATE_NAME":"Alabama","LSAD":"22","ALAND":292756816,"AWATER":516152}},
{"type":"Feature","geometry":{"type":"Polygon","coordinates":[[[-86.49677,32.34444],[-86.49086,32.34677],[-86.48995,32.35269],[-86.49277,32.36159],[-86.48636,32.3669],[-86.4767,32.36442],[-86.46889,32.37324],[-86.4625,32.37814],[-86.46257,32.38837],[-86.45914,32.39578],[-86.46128,32.40347],[-86.45304,32.40481],[-86.44472,32.39984],[-86.42507,32.40244],[-86.41117,32.40994],[-86.41198,32.49174],[-86.4125,32.58942],[-86.41894,32.58874],[-86.43254,32.5913],[-86.449,32.59126],[-86.45772,32.58702],[-86.46987,32.57928],[-86.48036,32.57077],[-86.50743,32.57005],[-86.51304,32.56883],[-86.53448,32.56976],[-86.55892,32.5755],[-86.5801,32.57574],[-86.58988,32.57703],[-86.59511,32.57425],[-86.61267,32.57342],[-86.62551,32.56824],[-86.63207,32.56679],[-86.63446,32.5627],[-86.63926,32.56282],[-86.64561,32.55553],[-86.64532,32.54824],[-86.63831,32.5409],[-86.63839,32.53354],[-86.62596,32.52362],[-86.60705,32.52015],[-86.59174,32.51471],[-86.58787,32.51064],[-86.58231,32.49813],[-86.56979,32.48889],[-86.57168,32.46721],[-86.57498,32.45901],[-86.5918,32.44204],[-86.58977,32.4374],[-86.57513,32.43268],[-86.57215,32.42148],[-86.57549,32.40985],[-86.57454,32.3976],[-86.57927,32.38202],[-86.58628,32.38011],[-86.59142,32.38241],[-86.59527,32.37985],[-86.58995,32.37386],[-86.58826,32.36775],[-86.58187,32.37502],[-86.57055,32.37501],[-86.55895,32.36903],[-86.5479,32.36924],[-86.54254,32.36352],[-86.53925,32.3452],[-86.53567,32.34044],[-86.53253,32.33878],[-86.52005,32.34033],[-86.49677,32.34444]]]},"properties":{"STATEFP":"01","COUNTYFP":"001","COUSUBFP":"92628","COUSUBNS":"00165649","GEOIDFQ":"0600000US0100192628","GEOID":"0100192628","NAME":"Prattville","NAMELSAD":"Prattville CCD","STUSPS":"AL","NAMELSADCO":"Autauga County","STATE_NAME":"Alabama","LSAD":"22","ALAND":381857605,"AWATER":9688075}},
{"type":"Feature","geometry":{"type":"Polygon","coordinates":[[[-87.96382,31.06829],[-87.97055,31.07734],[-87.97585,31.08242],[-87.97622,31.08954],[-87.96585,31.09822],[-87.94658,31.12169],[-87.94456,31.12518],[-87.94424,31.13481],[-87.9397,31.14581],[-87.94624,31.14946],[-87.95326,31.14685],[-87.96023,31.14647],[-87.96628,31.14826],[-87.97228,31.15276],[-87.97419,31.15681],[-87.97287,31.16269],[-87.97347,31.16429],[-87.98882,31.17331],[-88.02265,31.14427],[-88.06241,31.14372],[-88.19693,31.14404],[-88.19165,31.14013],[-88.1882,31.13483],[-88.17989,31.13209],[-88.16523,31.11999],[-88.16515,31.11306],[-88.16934,31.1093],[-88.16582,31.10591],[-88.16786,31.09914],[-88.172,31.0965],[-88.15902,31.08755],[-88.15819,31.07961],[-88.14476,31.08088],[-88.13767,31.07174],[-88.13071,31.07207],[-88.12835,31.07487],[-88.11705,31.06868],[-88.11299,31.06396],[-88.10815,31.06643],[-88.09651,31.06815],[-88.09467,31.0634],[-88.08705,31.06107],[-88.0785,31.06132],[-88.07421,31.05794],[-88.08881,31.05171],[-88.10205,31.04209],[-88.10731,31.03414],[-88.10393,31.02012],[-88.10989,31.00969],[-88.11597,31.00152],[-88.11589,30.98489],[-88.12444,30.98493],[-88.12422,30.95703],[-88.10695,30.9544],[-88.0947,30.95447],[-88.09015,30.95648],[-88.0775,30.95742],[-88.06819,30.96629],[-88.05952,30.96841],[-88.02691,30.96842],[-88.02691,30.97623],[-88.01378,30.98473],[-88.01109,30.99052],[-88.0057,30.98928],[-87.99858,30.98236],[-87.99576,30.98694],[-87.98854,30.98581],[-87.98572,30.98745],[-87.98599,31.00161],[-87.99081,31.00773],[-88.00154,31.01128],[-88.01087,31.01007],[-88.01654,31.0126],[-88.02093,31.02099],[-88.01828,31.02592],[-88.01336,31.02512],[-88.00321,31.01938],[-87.99702,31.0237],[-87.99922,31.02717],[-88.01048,31.02974],[-88.01119,31.03733],[-88.00147,31.04533],[-87.99943,31.05388],[-87.99053,31.05526],[-87.98089,31.05837],[-87.97442,31.06512],[-87.9656,31.06266],[-87.96382,31.06829]]]},"properties":{"STATEFP":"01","COUNTYFP":"097","COUSUBFP":"92304","COUSUBNS":"00165894","GEOIDFQ":"0600000US0109792304","GEOID":"0109792304","NAME":"Mount Vernon","NAMELSAD":"Mount Vernon CCD","STUSPS":"AL","NAMELSADCO":"Mobile County","STATE_NAME":"Alabama","LSAD":"22","ALAND":288298010,"AWATER":7036431}},
{"type":"Feature","geometry":{"type":"Polygon","coordinates":[[[-88.27793,30.90275],[-88.28071,30.90276],[-88.28826,30.91077],[-88.29349,30.91383],[-88.3061,30.91715],[-88.31918,30.91467],[-88.32433,30.91561],[-88.34136,30.92507],[-88.3484,30.93238],[-88.35366,30.9481],[-88.35779,30.95158],[-88.36087,30.95752],[-88.37368,30.96609],[-88.3901,30.97561],[-88.39311,30.97498],[-88.4057,30.98239],[-88.40891,30.98916],[-88.41554,30.99683],[-88.42581,31.00112],[-88.41956,30.87519],[-88.41863,30.86653],[-88.41481,30.78561],[-88.40462,30.78026],[-88.39522,30.77173],[-88.38807,30.77159],[-88.38462,30.77516],[-88.3672,30.77347],[-88.35669,30.77165],[-88.34877,30.76558],[-88.34552,30.75576],[-88.33831,30.75019],[-88.33674,30.74156],[-88.33756,30.73067],[-88.33953,30.72257],[-88.3376,30.71718],[-88.33302,30.71627],[-88.32422,30.72105],[-88.31709,30.72338],[-88.31279,30.72226],[-88.30131,30.72242],[-88.29508,30.72466],[-88.28698,30.7237],[-88.26815,30.7282],[-88.26278,30.73582],[-88.2569,30.73564],[-88.25529,30.72943],[-88.24851,30.72399],[-88.24194,30.72066],[-88.22551,30.71733],[-88.22569,30.78064],[-88.22876,30.78567],[-88.23718,30.78974],[-88.25961,30.78922],[-88.25949,30.82069],[-88.26656,30.83166],[-88.2804,30.84936],[-88.27946,30.86028],[-88.27385,30.86827],[-88.27001,30.88492],[-88.27058,30.89182],[-88.27793,30.90275]]]},"properties":{"STATEFP":"01","COUNTYFP":"097","COUSUBFP":"92889","COUSUBNS":"00165895","GEOIDFQ":"0600000US0109792889","GEOID":"0109792889","NAME":"Semmes","NAMELSAD":"Semmes CCD","STUSPS":"AL","NAMELSADCO":"Mobile County","STATE_NAME":"Alabama","LSAD":"22","ALAND":326277525,"AWATER":10236682}},
{"type":"Feature","geometry":{"type":"Polygon","coordinates":[[[-85.50164,33.49446],[-85.50324,33.50022],[-85.50659,33.50345],[-85.51228,33.51597],[-85.50937,33.52121],[-85.51546,33.53147],[-85.50957,33.53314],[-85.50234,33.53112],[-85.4942,33.53816],[-85.49171,33.54596],[-85.49232,33.55342],[-85.48855,33.55757],[-85.48749,33.57003],[-85.48137,33.57549],[-85.48008,33.58046],[-85.47532,33.58603],[-85.47581,33.59046],[-85.4827,33.59865],[-85.48219,33.60236],[-85.47589,33.60825],[-85.4741,33.6172],[-85.46847,33.61624],[-85.47298,33.60518],[-85.46583,33.60051],[-85.46229,33.60824],[-85.45705,33.6047],[-85.44807,33.61283],[-85.44861,33.61779],[-85.4525,33.62394],[-85.44778,33.62784],[-85.43957,33.62799],[-85.42389,33.62633],[-85.42851,33.63526],[-85.42696,33.6444],[-85.43392,33.65304],[-85.43967,33.65443],[-85.43858,33.65881],[-85.43335,33.66082],[-85.42609,33.65368],[-85.41924,33.65601],[-85.42488,33.6614],[-85.41647,33.66428],[-85.41501,33.66847],[-85.42745,33.67486],[-85.44191,33.6768],[-85.44634,33.67902],[-85.44832,33.6875],[-85.45189,33.68886],[-85.45807,33.6858],[-85.46498,33.68616],[-85.46599,33.69116],[-85.46158,33.69915],[-85.46904,33.70262],[-85.4701,33.70628],[-85.47705,33.70515],[-85.48681,33.70839],[-85.48886,33.71459],[-85.49702,33.7177],[-85.5006,33.73209],[-85.50848,33.74054],[-85.51526,33.7411],[-85.52148,33.74472],[-85.52543,33.74444],[-85.52797,33.74938],[-85.53694,33.75366],[-85.54217,33.75928],[-85.55141,33.76508],[-85.55313,33.7695],[-85.56729,33.77274],[-85.57056,33.77675],[-85.58235,33.77981],[-85.58638,33.78625],[-85.60346,33.78847],[-85.62089,33.78794],[-85.62124,33.77351],[-85.63805,33.77334],[-85.63859,33.64916],[-85.64704,33.64877],[-85.64719,33.64153],[-85.65129,33.63797],[-85.65555,33.63813],[-85.65581,33.62717],[-85.69068,33.62779],[-85.68995,33.61291],[-85.72495,33.61354],[-85.72452,33.59943],[-85.73738,33.59982],[-85.7423,33.60001],[-85.74235,33.58655],[-85.74412,33.55608],[-85.79605,33.55622],[-85.79685,33.54185],[-85.8494,33.50011],[-85.85189,33.49874],[-85.85242,33.49164],[-85.86931,33.49157],[-85.87005,33.47676],[-85.88767,33.47677],[-85.88778,33.46943],[-85.78273,33.46935],[-85.78269,33.48364],[-85.76563,33.48348],[-85.76543,33.49859],[-85.64348,33.49589],[-85.62364,33.49537],[-85.50164,33.49446]]]},"properties":{"STATEFP":"01","COUNTYFP":"029","COUSUBFP":"91593","COUSUBNS":"00161605","GEOIDFQ":"0600000US0102991593","GEOID":"0102991593","NAME":"Heflin","NAMELSAD":"Heflin CCD","STUSPS":"AL","NAMELSADCO":"Cleburne County","STATE_NAME":"Alabama","LSAD":"22","ALAND":662827580,"AWATER":1542671}},
{"type":"Feature","geometry":{"type":"Polygon","coordinates":[[[-86.04958,33.67347],[-86.0457,33.66295],[-86.03618,33.65639],[-86.0258,33.64629],[-86.02625,33.63192],[-86.02032,33.61192],[-86.02159,33.60116],[-85.99558,33.60089],[-85.99558,33.59257],[-85.99493,33.58648],[-85.94842,33.5858],[-85.8871,33.58584],[-85.8646,33.5861],[-85.79456,33.58557],[-85.79605,33.55622],[-85.74412,33.55608],[-85.74235,33.58655],[-85.7423,33.60001],[-85.73738,33.59982],[-85.74116,33.60387],[-85.7401,33.60745],[-85.75118,33.60775],[-85.75151,33.62906],[-85.74704,33.63092],[-85.74724,33.64232],[-85.75058,33.64923],[-85.75907,33.65826],[-85.74331,33.65836],[-85.74301,33.67273],[-85.72622,33.67241],[-85.72538,33.70502],[-85.72531,33.74803],[-85.72188,33.7529],[-85.72121,33.77054],[-85.72519,33.77595],[-85.72935,33.77157],[-85.73399,33.77073],[-85.74598,33.77549],[-85.75736,33.77736],[-85.76153,33.78201],[-85.77586,33.7793],[-85.7848,33.77905],[-85.78959,33.7829],[-85.78903,33.78757],[-85.79293,33.79401],[-85.79698,33.79299],[-85.81057,33.78264],[-85.81724,33.77859],[-85.83039,33.77496],[-85.84713,33.77285],[-85.84736,33.76081],[-85.85166,33.75893],[-85.85383,33.75065],[-85.86038,33.74472],[-85.87342,33.74148],[-85.87387,33.73905],[-85.8826,33.73876],[-85.88876,33.73285],[-85.89604,33.73261],[-85.89611,33.74116],[-85.89984,33.75001],[-85.92135,33.75011],[-85.92561,33.75366],[-85.97864,33.7539],[-85.99148,33.75399],[-85.99169,33.75746],[-86.00438,33.75778],[-86.00874,33.75571],[-86.00867,33.7469],[-86.01269,33.74696],[-86.01308,33.7356],[-86.01719,33.7305],[-86.01713,33.68899],[-86.02657,33.68381],[-86.04958,33.67347]]]},"properties":{"STATEFP":"01","COUNTYFP":"015","COUSUBFP":"90099","COUSUBNS":"00161600","GEOIDFQ":"0600000US0101590099","GEOID":"0101590099","NAME":"Anniston","NAMELSAD":"Anniston CCD","STUSPS":"AL","NAMELSADCO":"Calhoun County","STATE_NAME":"Alabama","LSAD":"22","ALAND":530240386,"AWATER":3271731}},
{"type":"Feature","geometry":{"type":"Polygon","coordinates":[[[-87.22587,31.26064],[-87.36528,31.26036],[-87.42745,31.26039],[-87.48921,31.26008],[-87.49272,31.25533],[-87.50772,31.24873],[-87.51893,31.24692],[-87.52301,31.24791],[-87.53603,31.23728],[-87.54899,31.23004],[-87.55929,31.22729],[-87.58052,31.23373],[-87.58126,31.23614],[-87.59295,31.24019],[-87.5994,31.24044],[-87.60295,31.24282],[-87.60874,31.24103],[-87.61589,31.24446],[-87.61558,31.12517],[-87.61607,31.11408],[-87.61546,31.09926],[-87.61588,31.06895],[-87.61542,31.041],[-87.60659,31.04418],[-87.59495,31.04995],[-87.57797,31.0605],[-87.56336,31.06548],[-87.55524,31.06977],[-87.51563,31.09744],[-87.50318,31.10322],[-87.46801,31.11233],[-87.45934,31.11609],[-87.44666,31.12517],[-87.43961,31.12894],[-87.36309,31.16569],[-87.34747,31.1737],[-87.34165,31.17805],[-87.28947,31.22228],[-87.28077,31.22819],[-87.24012,31.25011],[-87.2273,31.25954],[-87.22587,31.26064]]]},"properties":{"STATEFP":"01","COUNTYFP":"053","COUSUBFP":"92034","COUSUBNS":"00165767","GEOIDFQ":"0600000US0105392034","GEOID":"0105392034","NAME":"McCullough-Huxford","NAMELSAD":"McCullough-Huxford CCD","STUSPS":"AL","NAMELSADCO":"Escambia County","STATE_NAME":"Alabama","LSAD":"22","ALAND":454773823,"AWATER":1727017}},
{"type":"Feature","geometry":{"type":"Polygon","coordinates":[[[-85.53009,33.94142],[-85.53248,33.88915],[-85.60186,33.88975],[-85.6019,33.87487],[-85.63701,33.87594],[-85.63688,33.84649],[-85.5852,33.84592],[-85.58598,33.8021],[-85.60339,33.80234],[-85.60346,33.78847],[-85.58638,33.78625],[-85.58235,33.77981],[-85.57056,33.77675],[-85.56729,33.77274],[-85.55313,33.7695],[-85.55141,33.76508],[-85.54217,33.75928],[-85.53694,33.75366],[-85.52797,33.74938],[-85.52543,33.74444],[-85.52148,33.74472],[-85.51526,33.7411],[-85.50848,33.74054],[-85.5006,33.73209],[-85.49702,33.7177],[-85.48886,33.71459],[-85.48681,33.70839],[-85.47705,33.70515],[-85.4701,33.70628],[-85.46904,33.70262],[-85.46158,33.69915],[-85.46599,33.69116],[-85.46498,33.68616],[-85.45807,33.6858],[-85.45189,33.68886],[-85.44832,33.6875],[-85.44634,33.67902],[-85.44191,33.6768],[-85.42745,33.67486],[-85.41501,33.66847],[-85.41425,33.67807],[-85.40789,33.68361],[-85.39915,33.68262],[-85.39745,33.69176],[-85.3929,33.70037],[-85.37695,33.70011],[-85.37114,33.69501],[-85.36881,33.69888],[-85.37208,33.70403],[-85.37788,33.7084],[-85.37979,33.71459],[-85.36238,33.7134],[-85.36702,33.71748],[-85.37228,33.72682],[-85.37177,33.73665],[-85.36072,33.73964],[-85.35525,33.73925],[-85.37743,33.85605],[-85.39884,33.96413],[-85.40764,33.9642],[-85.40783,33.96055],[-85.42544,33.96065],[-85.42563,33.95707],[-85.49529,33.95691],[-85.49582,33.94239],[-85.53009,33.94142]]]},"properties":{"STATEFP":"01","COUNTYFP":"029","COUSUBFP":"91251","COUSUBNS":"00165705","GEOIDFQ":"0600000US0102991251","GEOID":"0102991251","NAME":"Fruithurst","NAMELSAD":"Fruithurst CCD","STUSPS":"AL","NAMELSADCO":"Cleburne County","STATE_NAME":"Alabama","LSAD":"22","ALAND":491477607,"AWATER":461737}},
{"type":"Feature","geometry":{"type":"Polygon","coordinates":[[[-86.41483,34.21222],[-86.40902,34.205],[-86.37831,34.17379],[-86.3608,34.15649],[-86.32272,34.11743],[-86.31534,34.11296],[-86.30352,34.09907],[-86.25331,34.13707],[-86.25319,34.16256],[-86.246,34.16675],[-86.24449,34.17116],[-86.24439,34.19546],[-86.25433,34.20298],[-86.26177,34.20571],[-86.2735,34.21366],[-86.27064,34.2173],[-86.27052,34.22309],[-86.27638,34.23095],[-86.27835,34.24182],[-86.29519,34.23693],[-86.31024,34.23162],[-86.32208,34.23106],[-86.326,34.24098],[-86.33079,34.24333],[-86.33405,34.24879],[-86.33455,34.24444],[-86.34436,34.24119],[-86.35385,34.24476],[-86.3645,34.24734],[-86.37378,34.25812],[-86.37847,34.25782],[-86.38579,34.24629],[-86.39079,34.24514],[-86.39704,34.23523],[-86.39689,34.22895],[-86.40493,34.22054],[-86.41483,34.21222]]]},"properties":{"STATEFP":"01","COUNTYFP":"095","COUSUBFP":"90918","COUSUBNS":"00165886","GEOIDFQ":"0600000US0109590918","GEOID":"0109590918","NAME":"Douglas","NAMELSAD":"Douglas CCD","STUSPS":"AL","NAMELSADCO":"Marshall County","STATE_NAME":"Alabama","LSAD":"22","ALAND":154077581,"AWATER":482657}},
{"type":"Feature","geometry":{"type":"Polygon","coordinates":[[[-87.7892,34.17623],[-87.78554,34.18635],[-87.7945,34.2018],[-87.79106,34.20796],[-87.77644,34.2186],[-87.77403,34.22809],[-87.77069,34.23431],[-87.77051,34.24019],[-87.76416,34.2387],[-87.75764,34.23967],[-87.76485,34.25806],[-87.76406,34.26339],[-87.76843,34.27139],[-87.77129,34.28219],[-87.76997,34.28676],[-87.77256,34.28971],[-87.78042,34.28693],[-87.78535,34.2955],[-87.77794,34.30391],[-87.76976,34.3068],[-87.76588,34.31072],[-87.82372,34.31101],[-87.88307,34.31197],[-87.9419,34.31325],[-87.99246,34.31468],[-88.0005,34.31317],[-88.00858,34.30692],[-88.01636,34.30855],[-88.02557,34.30364],[-88.02225,34.30224],[-88.02177,34.29485],[-88.01797,34.29138],[-88.009,34.28854],[-88.00588,34.29377],[-88.00165,34.29462],[-87.98568,34.28457],[-87.98582,34.27831],[-87.97937,34.27281],[-87.98636,34.26847],[-87.98677,34.26434],[-87.97076,34.25312],[-87.95406,34.24746],[-87.94472,34.25378],[-87.93406,34.24297],[-87.93241,34.23926],[-87.91983,34.23578],[-87.91554,34.23926],[-87.91661,34.24315],[-87.90262,34.24123],[-87.89468,34.23415],[-87.88715,34.23456],[-87.88059,34.22965],[-87.8802,34.22462],[-87.88591,34.21922],[-87.88371,34.21489],[-87.88273,34.20199],[-87.88904,34.1981],[-87.87978,34.19285],[-87.87138,34.18959],[-87.86456,34.18275],[-87.85729,34.18001],[-87.85339,34.17464],[-87.83807,34.17466],[-87.83236,34.17164],[-87.80739,34.16647],[-87.80316,34.16715],[-87.7892,34.17623]]]},"properties":{"STATEFP":"01","COUNTYFP":"093","COUSUBFP":"91476","COUSUBNS":"00165881","GEOIDFQ":"0600000US0109391476","GEOID":"0109391476","NAME":"Hackleburg","NAMELSAD":"Hackleburg CCD","STUSPS":"AL","NAMELSADCO":"Marion County","STATE_NAME":"Alabama","LSAD":"22","ALAND":225898312,"AWATER":260336}},
{"type":"Feature","geometry":{"type":"Polygon","coordinates":[[[-85.41773,31.42313],[-85.41803,31.44077],[-85.41577,31.49041],[-85.41534,31.50017],[-85.41602,31.56089],[-85.41644,31.61947],[-85.49996,31.62027],[-85.51873,31.61954],[-85.5218,31.61308],[-85.5238,31.60213],[-85.5184,31.59567],[-85.51496,31.58666],[-85.51118,31.58341],[-85.51188,31.57908],[-85.498,31.5719],[-85.49524,31.56767],[-85.48239,31.56183],[-85.4819,31.55583],[-85.47677,31.54952],[-85.48005,31.54746],[-85.48452,31.54052],[-85.4855,31.53069],[-85.48804,31.52788],[-85.48717,31.51801],[-85.49327,31.51293],[-85.49463,31.50837],[-85.50433,31.5036],[-85.50643,31.49806],[-85.51419,31.49481],[-85.52391,31.48291],[-85.52466,31.47993],[-85.53274,31.4697],[-85.53404,31.46546],[-85.53863,31.46307],[-85.5418,31.4503],[-85.54597,31.44553],[-85.54597,31.44083],[-85.54251,31.43475],[-85.5416,31.42042],[-85.539,31.41954],[-85.53603,31.412],[-85.5292,31.40364],[-85.53228,31.39681],[-85.52891,31.38657],[-85.5377,31.38039],[-85.54233,31.38015],[-85.54467,31.37452],[-85.54599,31.36131],[-85.5402,31.36109],[-85.52948,31.36794],[-85.52484,31.3736],[-85.51951,31.37475],[-85.50167,31.37428],[-85.4958,31.37161],[-85.4872,31.37176],[-85.48545,31.37435],[-85.4774,31.37275],[-85.4695,31.37511],[-85.46516,31.38174],[-85.46131,31.38295],[-85.4503,31.39705],[-85.45129,31.40029],[-85.44323,31.4025],[-85.44128,31.40699],[-85.43232,31.40954],[-85.43199,31.41233],[-85.42531,31.41981],[-85.41773,31.42313]]]},"properties":{"STATEFP":"01","COUNTYFP":"045","COUSUBFP":"90936","COUSUBNS":"00165740","GEOIDFQ":"0600000US0104590936","GEOID":"0104590936","NAME":"Echo","NAMELSAD":"Echo CCD","STUSPS":"AL","NAMELSADCO":"Dale County","STATE_NAME":"Alabama","LSAD":"22","ALAND":247187652,"AWATER":310918}},
{"type":"Feature","geometry":{"type":"Polygon","coordinates":[[[-87.76733,34.73459],[-87.77271,34.73464],[-87.79326,34.73206],[-87.80696,34.73206],[-87.81825,34.73512],[-87.83583,34.74124],[-87.84865,34.74959],[-87.86131,34.76298],[-87.88829,34.7811],[-87.89896,34.77031],[-87.89782,34.76037],[-87.9,34.75606],[-87.90011,34.74076],[-87.8912,34.73882],[-87.89167,34.72926],[-87.89102,34.71373],[-87.89478,34.701],[-87.89918,34.69836],[-87.90166,34.69328],[-87.90057,34.68869],[-87.90246,34.67943],[-87.90917,34.67935],[-87.91232,34.67214],[-87.91946,34.6642],[-87.91885,34.65906],[-87.91499,34.65699],[-87.91425,34.65119],[-87.90205,34.64478],[-87.90431,34.63206],[-87.90268,34.62433],[-87.90205,34.61272],[-87.89751,34.61078],[-87.88954,34.59724],[-87.88162,34.59068],[-87.87987,34.5863],[-87.87486,34.58679],[-87.86932,34.58109],[-87.86413,34.5798],[-87.86029,34.58293],[-87.8511,34.5795],[-87.85019,34.57345],[-87.73354,34.57159],[-87.63428,34.56915],[-87.63413,34.57561],[-87.62427,34.58392],[-87.62356,34.59217],[-87.61798,34.59557],[-87.61923,34.60508],[-87.61654,34.61423],[-87.62221,34.62009],[-87.62404,34.61669],[-87.63062,34.61717],[-87.64047,34.62567],[-87.64998,34.62687],[-87.64537,34.63383],[-87.64937,34.63935],[-87.64896,34.64458],[-87.64393,34.65365],[-87.65313,34.66543],[-87.66006,34.68044],[-87.65861,34.702],[-87.67863,34.69859],[-87.68766,34.6983],[-87.72315,34.69909],[-87.75753,34.70489],[-87.75379,34.70977],[-87.75575,34.71551],[-87.76671,34.71983],[-87.76486,34.72468],[-87.76733,34.73459]]]},"properties":{"STATEFP":"01","COUNTYFP":"033","COUSUBFP":"91926","COUSUBNS":"00165714","GEOIDFQ":"0600000US0103391926","GEOID":"0103391926","NAME":"Littleville","NAMELSAD":"Littleville CCD","STUSPS":"AL","NAMELSADCO":"Colbert County","STATE_NAME":"Alabama","LSAD":"22","ALAND":392157131,"AWATER":8071629}},
{"type":"Feature","geometry":{"type":"Polygon","coordinates":[[[-86.01781,34.08303],[-86.00559,34.09711],[-85.98114,34.12045],[-85.982,34.12512],[-85.96692,34.14165],[-85.94477,34.15989],[-85.91968,34.18952],[-85.9093,34.20007],[-85.99883,34.19937],[-86.01098,34.18271],[-86.01591,34.17726],[-86.0211,34.16834],[-86.03083,34.15932],[-86.03898,34.14955],[-86.06031,34.13136],[-86.06845,34.12636],[-86.07616,34.11754],[-86.07356,34.11255],[-86.08009,34.10559],[-86.10066,34.08703],[-86.09729,34.08526],[-86.08953,34.0873],[-86.08427,34.0905],[-86.07374,34.09312],[-86.06358,34.08763],[-86.06416,34.09427],[-86.05929,34.09834],[-86.05499,34.09721],[-86.049,34.10097],[-86.04102,34.10344],[-86.03742,34.09553],[-86.04129,34.09151],[-86.04048,34.08604],[-86.03659,34.08475],[-86.02882,34.07846],[-86.02304,34.07821],[-86.01781,34.08303]]]},"properties":{"STATEFP":"01","COUNTYFP":"055","COUSUBFP":"93465","COUSUBNS":"00165774","GEOIDFQ":"0600000US0105593465","GEOID":"0105593465","NAME":"Wills Valley","NAMELSAD":"Wills Valley CCD","STUSPS":"AL","NAMELSADCO":"Etowah County","STATE_NAME":"Alabama","LSAD":"22","ALAND":95629504,"AWATER":48836}},
{"type":"Feature","geometry":{"type":"Polygon","coordinates":[[[-86.45639,31.65555],[-86.44863,31.65562],[-86.44839,31.68505],[-86.44598,31.70116],[-86.44625,31.75941],[-86.44235,31.75932],[-86.44194,31.7742],[-86.44629,31.77417],[-86.44641,31.83166],[-86.44228,31.83168],[-86.43834,31.83554],[-86.43836,31.84284],[-86.44263,31.84286],[-86.44662,31.84643],[-86.44767,31.8705],[-86.4475,31.87515],[-86.44769,31.95273],[-86.4482,31.96463],[-86.49221,31.9643],[-86.49996,31.96361],[-86.61361,31.96392],[-86.61488,31.95332],[-86.6263,31.95002],[-86.63145,31.94565],[-86.63701,31.93753],[-86.63921,31.9301],[-86.63914,31.92367],[-86.64125,31.91395],[-86.6459,31.90502],[-86.65736,31.89132],[-86.67354,31.89218],[-86.68285,31.89104],[-86.69026,31.88865],[-86.69765,31.88327],[-86.7129,31.87597],[-86.71176,31.87307],[-86.72119,31.85949],[-86.72738,31.84198],[-86.71984,31.83498],[-86.71514,31.82788],[-86.69816,31.82507],[-86.69153,31.82178],[-86.69568,31.81686],[-86.70481,31.81536],[-86.71408,31.80633],[-86.69847,31.7972],[-86.69543,31.79273],[-86.68944,31.79299],[-86.68492,31.78967],[-86.66893,31.79062],[-86.66472,31.78432],[-86.6578,31.78095],[-86.65504,31.78198],[-86.6478,31.7776],[-86.64732,31.77127],[-86.64,31.7655],[-86.63493,31.7638],[-86.63517,31.76018],[-86.63054,31.75262],[-86.61464,31.74281],[-86.60674,31.73588],[-86.60685,31.73292],[-86.60207,31.72186],[-86.60946,31.711],[-86.61064,31.70006],[-86.6194,31.69948],[-86.62226,31.69336],[-86.61634,31.68883],[-86.61585,31.68565],[-86.62078,31.68147],[-86.62174,31.66477],[-86.62532,31.66469],[-86.62497,31.6581],[-86.6284,31.64927],[-86.62814,31.64554],[-86.63296,31.64121],[-86.6355,31.63353],[-86.62384,31.63334],[-86.6007,31.63691],[-86.57573,31.63631],[-86.54676,31.63097],[-86.54118,31.62896],[-86.52909,31.62804],[-86.51726,31.62829],[-86.49943,31.6263],[-86.49953,31.65525],[-86.45639,31.65555]]]},"properties":{"STATEFP":"01","COUNTYFP":"013","COUSUBFP":"91422","COUSUBNS":"00165674","GEOIDFQ":"0600000US0101391422","GEOID":"0101391422","NAME":"Greenville","NAMELSAD":"Greenville CCD","STUSPS":"AL","NAMELSADCO":"Butler County","STATE_NAME":"Alabama","LSAD":"22","ALAND":705595032,"AWATER":1884174}},
{"type":"Feature","geometry":{"type":"Polygon","coordinates":[[[-87.85328,34.00878],[-87.86147,34.00084],[-87.86384,33.99606],[-87.85869,33.9898],[-87.85256,33.97938],[-87.85121,33.96982],[-87.85255,33.96448],[-87.85658,33.96014],[-87.84903,33.94834],[-87.84318,33.92609],[-87.8377,33.91839],[-87.81432,33.91736],[-87.73935,33.91473],[-87.68651,33.915],[-87.63593,33.91525],[-87.63604,33.96851],[-87.64576,33.96898],[-87.65431,33.97128],[-87.66549,33.96967],[-87.67578,33.97164],[-87.678,33.97456],[-87.67629,33.9837],[-87.67848,33.98745],[-87.68497,33.98152],[-87.68967,33.98082],[-87.69409,33.98454],[-87.70309,33.98745],[-87.70668,33.98441],[-87.7183,33.98447],[-87.72252,33.97026],[-87.73369,33.96714],[-87.74287,33.97066],[-87.74596,33.96665],[-87.77087,33.96468],[-87.77447,33.96301],[-87.77413,33.97363],[-87.77834,33.99764],[-87.78265,33.99815],[-87.79549,34.00465],[-87.81383,34.00553],[-87.81362,34.02272],[-87.82989,34.01411],[-87.83793,34.01131],[-87.85328,34.00878]]]},"properties":{"STATEFP":"01","COUNTYFP":"093","COUSUBFP":"93492","COUSUBNS":"00165883","GEOIDFQ":"0600000US0109393492","GEOID":"0109393492","NAME":"Winfield","NAMELSAD":"Winfield CCD","STUSPS":"AL","NAMELSADCO":"Marion County","STATE_NAME":"Alabama","LSAD":"22","ALAND":154496241,"AWATER":308298}},
{"type":"Feature","geometry":{"type":"Polygon","coordinates":[[[-88.02557,34.30364],[-88.01636,34.30855],[-88.00858,34.30692],[-88.0005,34.31317],[-87.99246,34.31468],[-88.02807,34.31561],[-88.17363,34.32105],[-88.17689,34.29386],[-88.18667,34.22095],[-88.18762,34.20478],[-88.19068,34.19012],[-88.19213,34.17535],[-88.2002,34.11595],[-88.20601,34.06836],[-88.19924,34.06841],[-88.19268,34.07256],[-88.18634,34.0736],[-88.16852,34.09744],[-88.15892,34.09942],[-88.15396,34.10277],[-88.14137,34.10331],[-88.14334,34.10634],[-88.14172,34.11596],[-88.14336,34.13053],[-88.13443,34.13486],[-88.13168,34.13845],[-88.12204,34.14255],[-88.11659,34.14837],[-88.11011,34.15002],[-88.10518,34.15655],[-88.09609,34.15997],[-88.09444,34.1651],[-88.08648,34.17135],[-88.07968,34.1821],[-88.07954,34.18615],[-88.0694,34.19577],[-88.05866,34.19878],[-88.05017,34.19669],[-88.04317,34.19956],[-88.04481,34.20857],[-88.04306,34.21385],[-88.0466,34.22142],[-88.03413,34.22088],[-88.03164,34.22603],[-88.03213,34.24471],[-88.02719,34.25131],[-88.02563,34.26081],[-88.02931,34.26125],[-88.03807,34.2717],[-88.04354,34.27625],[-88.04404,34.28],[-88.05054,34.28695],[-88.04482,34.28918],[-88.03731,34.28939],[-88.03198,34.29699],[-88.02875,34.30466],[-88.02557,34.30364]]]},"properties":{"STATEFP":"01","COUNTYFP":"093","COUSUBFP":"90297","COUSUBNS":"00165878","GEOIDFQ":"0600000US0109390297","GEOID":"0109390297","NAME":"Bexar","NAMELSAD":"Bexar CCD","STUSPS":"AL","NAMELSADCO":"Marion County","STATE_NAME":"Alabama","LSAD":"22","ALAND":272992920,"AWATER":60583}},
{"type":"Feature","geometry":{"type":"Polygon","coordinates":[[[-88.04147,32.41477],[-88.03843,32.42504],[-88.03162,32.43361],[-88.0219,32.43893],[-88.00724,32.44541],[-87.99457,32.45524],[-87.97998,32.45624],[-87.97506,32.45756],[-87.95621,32.47041],[-87.9512,32.47854],[-87.94506,32.49125],[-87.93061,32.50014],[-87.92071,32.51205],[-87.91367,32.51819],[-87.90126,32.52317],[-87.8814,32.52155],[-87.86649,32.51691],[-87.85309,32.51519],[-87.84457,32.51818],[-87.84151,32.52557],[-87.84611,32.5302],[-87.85342,32.53209],[-87.86442,32.53431],[-87.87381,32.54429],[-87.87288,32.55748],[-87.87501,32.57182],[-87.88,32.57889],[-87.89089,32.58839],[-87.89835,32.59232],[-87.8988,32.59751],[-87.89495,32.60273],[-87.88819,32.60419],[-87.88263,32.60972],[-87.86676,32.60878],[-87.86209,32.60648],[-87.86464,32.59839],[-87.85875,32.58978],[-87.85541,32.5901],[-87.84981,32.59946],[-87.84501,32.60028],[-87.84089,32.60576],[-87.84543,32.61111],[-87.853,32.61402],[-87.85979,32.62122],[-87.88058,32.6216],[-87.88941,32.61721],[-87.90484,32.61458],[-87.91182,32.62476],[-87.91841,32.62958],[-87.92869,32.63228],[-87.93974,32.62653],[-87.9473,32.62683],[-87.96896,32.61665],[-87.977,32.61078],[-88.00989,32.60072],[-88.01451,32.59997],[-88.01616,32.59261],[-88.01302,32.58874],[-88.013,32.57774],[-88.01567,32.57399],[-88.02332,32.56944],[-88.02904,32.55916],[-88.03892,32.54694],[-88.04772,32.53347],[-88.05466,32.53262],[-88.06501,32.52718],[-88.09618,32.52737],[-88.102,32.52784],[-88.11509,32.53645],[-88.11413,32.53159],[-88.11774,32.52346],[-88.11408,32.52076],[-88.11084,32.5122],[-88.11305,32.5044],[-88.11325,32.49742],[-88.1045,32.49085],[-88.10452,32.48479],[-88.10215,32.4811],[-88.10631,32.47825],[-88.10132,32.47078],[-88.09065,32.46054],[-88.08779,32.45862],[-88.08738,32.4481],[-88.08878,32.44278],[-88.08019,32.44175],[-88.07957,32.44675],[-88.07349,32.44586],[-88.06163,32.44693],[-88.05952,32.43699],[-88.0633,32.42822],[-88.0717,32.42689],[-88.06854,32.42159],[-88.05876,32.42457],[-88.04515,32.42271],[-88.04147,32.41477]]]},"properties":{"STATEFP":"01","COUNTYFP":"119","COUSUBFP":"90261","COUSUBNS":"00165954","GEOIDFQ":"0600000US0111990261","GEOID":"0111990261","NAME":"Belmont","NAMELSAD":"Belmont CCD","STUSPS":"AL","NAMELSADCO":"Sumter County","STATE_NAME":"Alabama","LSAD":"22","ALAND":286024986,"AWATER":7476212}},
{"type":"Feature","geometry":{"type":"Polygon","coordinates":[[[-87.82404,31.80988],[-87.81882,31.82014],[-87.80735,31.82285],[-87.80207,31.82653],[-87.79894,31.83311],[-87.786,31.84173],[-87.77669,31.83551],[-87.76833,31.82727],[-87.76093,31.83078],[-87.75035,31.82676],[-87.7485,31.849],[-87.74162,31.8491],[-87.74083,31.86012],[-87.74189,31.86528],[-87.73579,31.86439],[-87.72866,31.87281],[-87.72505,31.87502],[-87.7197,31.86913],[-87.71465,31.86773],[-87.70808,31.86308],[-87.70451,31.85412],[-87.69773,31.84705],[-87.69305,31.83294],[-87.68673,31.83226],[-87.67678,31.83531],[-87.6638,31.83703],[-87.65897,31.84114],[-87.63747,31.8451],[-87.63473,31.8341],[-87.62689,31.83218],[-87.62018,31.83223],[-87.62095,31.8704],[-87.63303,31.87604],[-87.66684,31.87575],[-87.66777,31.99136],[-87.75824,31.99024],[-87.8053,31.99046],[-87.86722,31.99056],[-87.99496,31.98986],[-87.99313,31.98555],[-87.98614,31.97869],[-87.98435,31.96955],[-87.98078,31.96314],[-87.98084,31.9233],[-87.98335,31.91962],[-88.00084,31.90684],[-88.00429,31.90063],[-88.02997,31.89303],[-88.03707,31.88828],[-88.0484,31.88978],[-88.05275,31.88877],[-88.06188,31.88294],[-88.05627,31.87708],[-88.04824,31.85702],[-88.04137,31.85389],[-88.04709,31.84603],[-88.04758,31.8407],[-88.04161,31.83579],[-88.05014,31.82555],[-88.0498,31.8184],[-88.05593,31.81283],[-88.04901,31.80735],[-88.04349,31.80492],[-88.03564,31.80417],[-88.02935,31.79985],[-88.03003,31.78858],[-88.01642,31.78561],[-88.00825,31.78836],[-88.0029,31.78795],[-87.98626,31.80158],[-87.97139,31.80968],[-87.96636,31.80916],[-87.96038,31.80399],[-87.94737,31.80091],[-87.94342,31.78814],[-87.94681,31.78383],[-87.94328,31.77684],[-87.92513,31.76968],[-87.91979,31.76501],[-87.91116,31.7647],[-87.90164,31.76964],[-87.89772,31.7681],[-87.88933,31.77021],[-87.87823,31.77114],[-87.87335,31.77383],[-87.86747,31.77375],[-87.8591,31.77706],[-87.85056,31.77797],[-87.83787,31.78559],[-87.83412,31.79536],[-87.82649,31.80086],[-87.82404,31.80988]]]},"properties":{"STATEFP":"01","COUNTYFP":"025","COUSUBFP":"93132","COUSUBNS":"00161604","GEOIDFQ":"0600000US0102593132","GEOID":"0102593132","NAME":"Thomasville","NAMELSAD":"Thomasville CCD","STUSPS":"AL","NAMELSADCO":"Clarke County","STATE_NAME":"Alabama","LSAD":"22","ALAND":682977422,"AWATER":258310}},
{"type":"Feature","geometry":{"type":"Polygon","coordinates":[[[-85.57298,33.95853],[-85.73897,33.96846],[-85.74097,33.9353],[-85.74447,33.9361],[-85.74195,33.93435],[-85.72944,33.93334],[-85.72705,33.92706],[-85.72327,33.92505],[-85.72737,33.91926],[-85.7311,33.90645],[-85.74425,33.89409],[-85.74345,33.88718],[-85.73287,33.88645],[-85.71485,33.89247],[-85.70682,33.89372],[-85.69994,33.89849],[-85.68829,33.90047],[-85.68204,33.90422],[-85.67098,33.90389],[-85.66243,33.8983],[-85.66748,33.8894],[-85.66722,33.88458],[-85.66093,33.87759],[-85.68205,33.86957],[-85.68706,33.86884],[-85.70588,33.86039],[-85.71122,33.85395],[-85.70918,33.84554],[-85.70379,33.83926],[-85.69103,33.84106],[-85.68392,33.83975],[-85.67256,33.84577],[-85.66129,33.84678],[-85.64725,33.84435],[-85.63888,33.83791],[-85.63688,33.84649],[-85.63701,33.87594],[-85.6019,33.87487],[-85.60186,33.88975],[-85.53248,33.88915],[-85.53009,33.94142],[-85.52943,33.95598],[-85.57298,33.95853]]]},"properties":{"STATEFP":"01","COUNTYFP":"015","COUSUBFP":"92556","COUSUBNS":"00165678","GEOIDFQ":"0600000US0101592556","GEOID":"0101592556","NAME":"Piedmont","NAMELSAD":"Piedmont CCD","STUSPS":"AL","NAMELSADCO":"Calhoun County","STATE_NAME":"Alabama","LSAD":"22","ALAND":176410032,"AWATER":1020975}},
{"type":"Feature","geometry":{"type":"Polygon","coordinates":[[[-85.95312,34.012],[-85.94607,34.01566],[-85.93944,34.017],[-85.91499,34.01443],[-85.91061,34.01232],[-85.90512,34.00356],[-85.90374,33.99632],[-85.9001,33.98928],[-85.89336,33.98781],[-85.88348,33.99186],[-85.88153,34.0001],[-85.88978,34.00852],[-85.90385,34.01659],[-85.90837,34.02145],[-85.90691,34.03129],[-85.90947,34.04102],[-85.9171,34.04882],[-85.9163,34.05948],[-85.90657,34.067],[-85.89378,34.06951],[-85.88823,34.06792],[-85.88331,34.06259],[-85.87944,34.05451],[-85.8711,34.04449],[-85.86032,34.0349],[-85.84731,34.03135],[-85.83103,34.03452],[-85.82545,34.03943],[-85.82274,34.05305],[-85.82346,34.06164],[-85.8258,34.06584],[-85.83227,34.07077],[-85.84295,34.07642],[-85.84828,34.08204],[-85.86017,34.08785],[-85.86574,34.09289],[-85.86747,34.09816],[-85.86377,34.10564],[-85.85441,34.11274],[-85.84136,34.1107],[-85.84216,34.15229],[-85.84673,34.1496],[-85.866,34.13139],[-85.89728,34.10662],[-85.90312,34.10103],[-85.91897,34.09242],[-85.93755,34.07892],[-85.96049,34.06662],[-85.97676,34.05506],[-85.98699,34.04413],[-85.98387,34.03953],[-85.97474,34.05083],[-85.96075,34.04999],[-85.94474,34.05869],[-85.94505,34.04281],[-85.95743,34.04271],[-85.95742,34.03272],[-85.96308,34.02838],[-85.95937,34.01902],[-85.95312,34.012]]]},"properties":{"STATEFP":"01","COUNTYFP":"055","COUSUBFP":"93213","COUSUBNS":"00165773","GEOIDFQ":"0600000US0105593213","GEOID":"0105593213","NAME":"Turkeytown","NAMELSAD":"Turkeytown CCD","STUSPS":"AL","NAMELSADCO":"Etowah County","STATE_NAME":"Alabama","LSAD":"22","ALAND":87499637,"AWATER":2828517}},
{"type":"Feature","geometry":{"type":"Polygon","coordinates":[[[-85.67569,31.31558],[-85.69017,31.31546],[-85.69793,31.31932],[-85.70673,31.32199],[-85.71549,31.31953],[-85.72398,31.31867],[-85.73273,31.31424],[-85.74092,31.31666],[-85.74652,31.32473],[-85.744,31.33259],[-85.74606,31.33678],[-85.7559,31.33903],[-85.75555,31.3564],[-85.78978,31.35656],[-85.79012,31.33008],[-85.79121,31.29355],[-85.79156,31.25211],[-85.7914,31.19635],[-85.71033,31.19517],[-85.7062,31.2019],[-85.69335,31.20992],[-85.6917,31.21345],[-85.69378,31.22],[-85.68983,31.22124],[-85.68754,31.22878],[-85.68909,31.23609],[-85.67973,31.23808],[-85.67114,31.25017],[-85.67511,31.25556],[-85.67667,31.25845],[-85.6766,31.27034],[-85.67912,31.27399],[-85.67867,31.28519],[-85.67525,31.29033],[-85.66576,31.30016],[-85.67188,31.30276],[-85.6698,31.30622],[-85.67569,31.31558]]]},"properties":{"STATEFP":"01","COUNTYFP":"045","COUSUBFP":"90828","COUSUBNS":"00165739","GEOIDFQ":"0600000US0104590828","GEOID":"0104590828","NAME":"Daleville","NAMELSAD":"Daleville CCD","STUSPS":"AL","NAMELSADCO":"Dale County","STATE_NAME":"Alabama","LSAD":"22","ALAND":157581198,"AWATER":0}},
{"type":"Feature","geometry":{"type":"Polygon","coordinates":[[[-85.85393,33.9501],[-85.84639,33.95002],[-85.84617,33.95726],[-85.82158,33.94978],[-85.81141,33.94714],[-85.74996,33.93738],[-85.74447,33.9361],[-85.74097,33.9353],[-85.73897,33.96846],[-85.73714,33.9892],[-85.78947,34.0863],[-85.79594,34.09733],[-85.79765,34.10566],[-85.79077,34.12463],[-85.7971,34.12871],[-85.81197,34.1251],[-85.8332,34.10994],[-85.84136,34.1107],[-85.85441,34.11274],[-85.86377,34.10564],[-85.86747,34.09816],[-85.86574,34.09289],[-85.86017,34.08785],[-85.84828,34.08204],[-85.84295,34.07642],[-85.83227,34.07077],[-85.8258,34.06584],[-85.82346,34.06164],[-85.82274,34.05305],[-85.82545,34.03943],[-85.83103,34.03452],[-85.84731,34.03135],[-85.86032,34.0349],[-85.8711,34.04449],[-85.87944,34.05451],[-85.88331,34.06259],[-85.88823,34.06792],[-85.89378,34.06951],[-85.90657,34.067],[-85.9163,34.05948],[-85.9171,34.04882],[-85.90947,34.04102],[-85.90691,34.03129],[-85.90837,34.02145],[-85.90385,34.01659],[-85.88978,34.00852],[-85.88153,34.0001],[-85.88348,33.99186],[-85.89336,33.98781],[-85.9001,33.98928],[-85.90374,33.99632],[-85.90512,34.00356],[-85.91061,34.01232],[-85.91499,34.01443],[-85.93944,34.017],[-85.94607,34.01566],[-85.95312,34.012],[-85.95608,34.01082],[-85.95403,34.00297],[-85.94227,33.99983],[-85.94169,33.99381],[-85.94324,33.98084],[-85.93477,33.97984],[-85.91616,33.98116],[-85.91121,33.98012],[-85.89873,33.97442],[-85.89499,33.97034],[-85.88462,33.96879],[-85.8788,33.9649],[-85.87027,33.9648],[-85.86328,33.96695],[-85.85948,33.96502],[-85.85627,33.95329],[-85.85393,33.9501]]]},"properties":{"STATEFP":"01","COUNTYFP":"055","COUSUBFP":"91638","COUSUBNS":"00165770","GEOIDFQ":"0600000US0105591638","GEOID":"0105591638","NAME":"Hokes Bluff","NAMELSAD":"Hokes Bluff CCD","STUSPS":"AL","NAMELSADCO":"Etowah County","STATE_NAME":"Alabama","LSAD":"22","ALAND":205137059,"AWATER":4573824}},
{"type":"Feature","geometry":{"type":"Polygon","coordinates":[[[-85.64818,34.19645],[-85.66133,34.19566],[-85.68186,34.20409],[-85.70289,34.19905],[-85.71434,34.18694],[-85.73327,34.18287],[-85.746,34.18334],[-85.75406,34.17679],[-85.7545,34.17277],[-85.74656,34.16808],[-85.74462,34.16112],[-85.72822,34.1474],[-85.72109,34.14359],[-85.71051,34.14128],[-85.7008,34.14173],[-85.68861,34.13986],[-85.68557,34.13626],[-85.68719,34.13172],[-85.70059,34.12324],[-85.7084,34.12574],[-85.71973,34.12565],[-85.73413,34.12306],[-85.74997,34.1231],[-85.76361,34.1206],[-85.76629,34.11563],[-85.74997,34.1036],[-85.74511,34.09709],[-85.74413,34.09207],[-85.74913,34.07772],[-85.75511,34.07434],[-85.75969,34.07428],[-85.76973,34.0788],[-85.77749,34.08374],[-85.78947,34.0863],[-85.73714,33.9892],[-85.73897,33.96846],[-85.57298,33.95853],[-85.57236,33.97344],[-85.57754,33.98511],[-85.57953,33.99953],[-85.5777,34.00813],[-85.57303,34.01808],[-85.57437,34.02518],[-85.56918,34.03179],[-85.56658,34.03866],[-85.56548,34.05236],[-85.5717,34.05686],[-85.57995,34.07588],[-85.58184,34.08591],[-85.58707,34.08812],[-85.58184,34.10053],[-85.58112,34.10569],[-85.58455,34.11462],[-85.5835,34.11832],[-85.58918,34.1342],[-85.59549,34.13867],[-85.5947,34.14639],[-85.59688,34.15728],[-85.60597,34.15999],[-85.60912,34.16348],[-85.61624,34.1776],[-85.61864,34.18467],[-85.61865,34.19118],[-85.61064,34.20628],[-85.60893,34.21304],[-85.61342,34.216],[-85.62379,34.21387],[-85.62879,34.20449],[-85.62874,34.19772],[-85.63764,34.19451],[-85.64818,34.19645]]]},"properties":{"STATEFP":"01","COUNTYFP":"019","COUSUBFP":"90522","COUSUBNS":"00165687","GEOIDFQ":"0600000US0101990522","GEOID":"0101990522","NAME":"Centre","NAMELSAD":"Centre CCD","STUSPS":"AL","NAMELSADCO":"Cherokee County","STATE_NAME":"Alabama","LSAD":"22","ALAND":370007454,"AWATER":17230478}},
{"type":"Feature","geometry":{"type":"Polygon","coordinates":[[[-85.74409,34.28485],[-85.77416,34.25909],[-85.80904,34.25892],[-85.80842,34.23938],[-85.82101,34.23907],[-85.8438,34.24459],[-85.84362,34.20001],[-85.84216,34.15229],[-85.84136,34.1107],[-85.8332,34.10994],[-85.81197,34.1251],[-85.7971,34.12871],[-85.79077,34.12463],[-85.79765,34.10566],[-85.79594,34.09733],[-85.78947,34.0863],[-85.77749,34.08374],[-85.76973,34.0788],[-85.75969,34.07428],[-85.75511,34.07434],[-85.74913,34.07772],[-85.74413,34.09207],[-85.74511,34.09709],[-85.74997,34.1036],[-85.76629,34.11563],[-85.76361,34.1206],[-85.74997,34.1231],[-85.73413,34.12306],[-85.71973,34.12565],[-85.7084,34.12574],[-85.70059,34.12324],[-85.68719,34.13172],[-85.68557,34.13626],[-85.68861,34.13986],[-85.7008,34.14173],[-85.71051,34.14128],[-85.72109,34.14359],[-85.72822,34.1474],[-85.74462,34.16112],[-85.74656,34.16808],[-85.7545,34.17277],[-85.75406,34.17679],[-85.746,34.18334],[-85.73327,34.18287],[-85.71434,34.18694],[-85.70289,34.19905],[-85.68186,34.20409],[-85.66133,34.19566],[-85.64818,34.19645],[-85.64412,34.20187],[-85.63691,34.20144],[-85.63681,34.20597],[-85.6409,34.21094],[-85.6473,34.21202],[-85.64778,34.21868],[-85.64443,34.2222],[-85.64581,34.22816],[-85.65533,34.23177],[-85.66202,34.23727],[-85.67004,34.24717],[-85.66556,34.2518],[-85.65697,34.25456],[-85.65137,34.25858],[-85.65452,34.26491],[-85.66545,34.26261],[-85.66984,34.26927],[-85.66785,34.278],[-85.67839,34.28719],[-85.68567,34.28993],[-85.69194,34.29584],[-85.6889,34.30168],[-85.68308,34.30342],[-85.6756,34.30885],[-85.67209,34.31325],[-85.67214,34.32133],[-85.66704,34.32674],[-85.67048,34.33221],[-85.66954,34.34236],[-85.67528,34.3434],[-85.74409,34.28485]]]},"properties":{"STATEFP":"01","COUNTYFP":"019","COUSUBFP":"91854","COUSUBNS":"00165688","GEOIDFQ":"0600000US0101991854","GEOID":"0101991854","NAME":"Leesburg","NAMELSAD":"Leesburg CCD","STUSPS":"AL","NAMELSADCO":"Cherokee County","STATE_NAME":"Alabama","LSAD":"22","ALAND":233586203,"AWATER":33391875}},
{"type":"Feature","geometry":{"type":"Polygon","coordinates":[[[-87.68651,33.915],[-87.68514,33.90584],[-87.68101,33.90158],[-87.6847,33.89145],[-87.68881,33.89068],[-87.69125,33.88567],[-87.69831,33.88097],[-87.71493,33.88307],[-87.71945,33.878],[-87.71438,33.86911],[-87.72431,33.8672],[-87.71702,33.86067],[-87.71921,33.85542],[-87.71494,33.85347],[-87.71561,33.84281],[-87.73561,33.84134],[-87.7355,33.83726],[-87.72671,33.82902],[-87.7216,33.81949],[-87.7219,33.81466],[-87.7287,33.81307],[-87.73753,33.82572],[-87.74118,33.82674],[-87.74499,33.82216],[-87.73935,33.80755],[-87.73998,33.80196],[-87.74376,33.79298],[-87.75847,33.78423],[-87.76338,33.78304],[-87.76709,33.77638],[-87.76578,33.76838],[-87.7608,33.76429],[-87.75093,33.7629],[-87.73304,33.75763],[-87.73345,33.75161],[-87.72046,33.74541],[-87.71829,33.74159],[-87.70849,33.73921],[-87.70201,33.73925],[-87.69573,33.74598],[-87.69438,33.75086],[-87.68829,33.7496],[-87.68517,33.74396],[-87.67804,33.73731],[-87.67053,33.73629],[-87.66384,33.73002],[-87.64807,33.72577],[-87.64998,33.73748],[-87.64447,33.74499],[-87.63769,33.7376],[-87.62214,33.7307],[-87.6109,33.71818],[-87.60537,33.71681],[-87.59009,33.72138],[-87.58274,33.73004],[-87.5699,33.73353],[-87.56045,33.73198],[-87.55095,33.74057],[-87.5483,33.74773],[-87.54165,33.74549],[-87.53335,33.74883],[-87.53093,33.75357],[-87.52992,33.76167],[-87.5306,33.79118],[-87.5316,33.86762],[-87.56108,33.86871],[-87.56438,33.8686],[-87.63604,33.872],[-87.63593,33.91525],[-87.68651,33.915]]]},"properties":{"STATEFP":"01","COUNTYFP":"057","COUSUBFP":"92380","COUSUBNS":"00165777","GEOIDFQ":"0600000US0105792380","GEOID":"0105792380","NAME":"Northeast Fayette","NAMELSAD":"Northeast Fayette CCD","STUSPS":"AL","NAMELSADCO":"Fayette County","STATE_NAME":"Alabama","LSAD":"22","ALAND":311398980,"AWATER":71975}},
{"type":"Feature","geometry":{"type":"MultiPolygon","coordinates":[[[[-88.24166,30.5889],[-88.24155,30.57438],[-88.24236,30.5482],[-88.23845,30.54996],[-88.23453,30.55529],[-88.22913,30.55068],[-88.22436,30.54142],[-88.20849,30.53054],[-88.19511,30.52827],[-88.18822,30.51994],[-88.18453,30.51253],[-88.18468,30.50822],[-88.18148,30.50112],[-88.18242,30.49333],[-88.17767,30.47968],[-88.16336,30.47011],[-88.1627,30.46482],[-88.15766,30.46437],[-88.1526,30.45916],[-88.14584,30.45566],[-88.14276,30.45045],[-88.12998,30.45058],[-88.13074,30.43942],[-88.13446,30.43722],[-88.13695,30.43166],[-88.13423,30.4301],[-88.12661,30.4362],[-88.11673,30.43915],[-88.10638,30.45209],[-88.10065,30.46122],[-88.09687,30.47105],[-88.10299,30.49303],[-88.10377,30.5009],[-88.10087,30.50975],[-88.09073,30.52357],[-88.08279,30.52871],[-88.08162,30.54632],[-88.08549,30.56326],[-88.08741,30.56506],[-88.09164,30.5672],[-88.09452,30.57248],[-88.1019,30.57502],[-88.10918,30.58246],[-88.11386,30.59177],[-88.12115,30.59473],[-88.12516,30.59402],[-88.12296,30.60239],[-88.12697,30.60457],[-88.13332,30.60383],[-88.14843,30.6046],[-88.15731,30.59054],[-88.16396,30.58428],[-88.17798,30.5769],[-88.18986,30.56872],[-88.19601,30.57701],[-88.20141,30.57998],[-88.20497,30.58892],[-88.24166,30.5889]]],[[[-88.05337,30.50699],[-88.04504,30.50119],[-88.02675,30.49111],[-88.02351,30.49257],[-88.02622,30.51661],[-88.0351,30.52197],[-88.03867,30.52041],[-88.05337,30.50699]]]]},"properties":{"STATEFP":"01","COUNTYFP":"097","COUSUBFP":"93114","COUSUBNS":"00165897","GEOIDFQ":"0600000US0109793114","GEOID":"0109793114","NAME":"Theodore","NAMELSAD":"Theodore CCD","STUSPS":"AL","NAMELSADCO":"Mobile County","STATE_NAME":"Alabama","LSAD":"22","ALAND":151139066,"AWATER":117878306}},
{"type":"Feature","geometry":{"type":"Polygon","coordinates":[[[-87.21491,34.81633],[-87.21493,34.83611],[-87.21225,34.89978],[-87.21076,34.99902],[-87.27001,35.00039],[-87.34932,35.00166],[-87.35108,34.99426],[-87.34946,34.98916],[-87.34534,34.98527],[-87.3456,34.98006],[-87.33367,34.97107],[-87.33263,34.96551],[-87.33785,34.95959],[-87.3392,34.95422],[-87.33059,34.94923],[-87.3304,34.94416],[-87.33869,34.93938],[-87.34135,34.93537],[-87.33526,34.92978],[-87.34001,34.92227],[-87.35013,34.91463],[-87.36203,34.90938],[-87.36428,34.90449],[-87.36991,34.90461],[-87.37037,34.89422],[-87.37655,34.89119],[-87.37383,34.88565],[-87.36847,34.88031],[-87.37309,34.87265],[-87.36088,34.87262],[-87.35901,34.86389],[-87.36526,34.86294],[-87.35828,34.85264],[-87.36569,34.84824],[-87.37178,34.84144],[-87.36831,34.8329],[-87.36978,34.82956],[-87.37604,34.82598],[-87.37724,34.8044],[-87.37025,34.80499],[-87.34422,34.79649],[-87.33301,34.78606],[-87.2979,34.75081],[-87.27857,34.75276],[-87.26068,34.75863],[-87.26468,34.76081],[-87.26616,34.76573],[-87.27468,34.76975],[-87.2783,34.77356],[-87.27805,34.77895],[-87.27163,34.78354],[-87.25589,34.7882],[-87.22299,34.80876],[-87.21491,34.81633]]]},"properties":{"STATEFP":"01","COUNTYFP":"077","COUSUBFP":"92772","COUSUBNS":"00165837","GEOIDFQ":"0600000US0107792772","GEOID":"0107792772","NAME":"Rogersville","NAMELSAD":"Rogersville CCD","STUSPS":"AL","NAMELSADCO":"Lauderdale County","STATE_NAME":"Alabama","LSAD":"22","ALAND":295235109,"AWATER":23536142}},
{"type":"Feature","geometry":{"type":"Polygon","coordinates":[[[-88.16567,34.38279],[-88.17363,34.32105],[-88.02807,34.31561],[-87.99246,34.31468],[-87.9419,34.31325],[-87.88307,34.31197],[-87.88244,34.32001],[-87.87829,34.32478],[-87.88823,34.33288],[-87.89265,34.33004],[-87.89647,34.33467],[-87.893,34.33928],[-87.89497,34.34534],[-87.89969,34.34463],[-87.90225,34.34829],[-87.89825,34.35591],[-87.89939,34.35962],[-87.89396,34.3642],[-87.88239,34.36861],[-87.87673,34.37556],[-87.86623,34.37899],[-87.86805,34.38612],[-87.87306,34.38981],[-87.87637,34.3978],[-87.8735,34.40103],[-87.8781,34.40613],[-87.8835,34.40204],[-87.89097,34.40972],[-87.90273,34.41046],[-87.90586,34.41347],[-87.91609,34.4167],[-87.91881,34.42056],[-87.92521,34.4219],[-87.93893,34.43379],[-87.94942,34.43951],[-87.94667,34.44383],[-87.94865,34.44721],[-87.96433,34.43423],[-87.97436,34.43039],[-87.9823,34.4323],[-87.9874,34.42828],[-87.99155,34.42801],[-87.99036,34.41748],[-88.01208,34.41031],[-88.02129,34.41059],[-88.02392,34.41373],[-88.01725,34.41869],[-88.02817,34.42167],[-88.04107,34.42675],[-88.04875,34.43378],[-88.05307,34.43216],[-88.04921,34.42508],[-88.04816,34.41561],[-88.05313,34.41216],[-88.0577,34.41523],[-88.0632,34.41314],[-88.07225,34.41272],[-88.07431,34.40702],[-88.08659,34.4043],[-88.08388,34.39784],[-88.07737,34.39418],[-88.07775,34.38243],[-88.08625,34.38294],[-88.09326,34.37737],[-88.09655,34.38222],[-88.10806,34.39053],[-88.11425,34.38773],[-88.1218,34.39215],[-88.13236,34.39379],[-88.14089,34.39797],[-88.14138,34.38889],[-88.15034,34.38779],[-88.16006,34.38142],[-88.16567,34.38279]]]},"properties":{"STATEFP":"01","COUNTYFP":"059","COUSUBFP":"93312","COUSUBNS":"00165782","GEOIDFQ":"0600000US0105993312","GEOID":"0105993312","NAME":"Vina","NAMELSAD":"Vina CCD","STUSPS":"AL","NAMELSADCO":"Franklin County","STATE_NAME":"Alabama","LSAD":"22","ALAND":272384217,"AWATER":4523257}},
{"type":"Feature","geometry":{"type":"Polygon","coordinates":[[[-85.98754,33.87921],[-85.98753,33.87337],[-85.98402,33.86364],[-85.96528,33.85175],[-85.95965,33.85112],[-85.95411,33.84602],[-85.94711,33.84452],[-85.93812,33.83847],[-85.93624,33.83048],[-85.94591,33.81885],[-85.95544,33.81257],[-85.96663,33.7998],[-85.96215,33.79791],[-85.96529,33.78776],[-85.97307,33.77676],[-85.97839,33.7711],[-85.9834,33.76864],[-85.98119,33.75777],[-85.97864,33.7539],[-85.92561,33.75366],[-85.92135,33.75011],[-85.89984,33.75001],[-85.89611,33.74116],[-85.89604,33.73261],[-85.88876,33.73285],[-85.8826,33.73876],[-85.87387,33.73905],[-85.87342,33.74148],[-85.86038,33.74472],[-85.85383,33.75065],[-85.85166,33.75893],[-85.84736,33.76081],[-85.84713,33.77285],[-85.83039,33.77496],[-85.83484,33.77899],[-85.83844,33.79264],[-85.83863,33.80287],[-85.83453,33.8075],[-85.83432,33.82481],[-85.83795,33.82996],[-85.83617,33.83555],[-85.84826,33.84508],[-85.8428,33.85207],[-85.8357,33.8532],[-85.83094,33.86278],[-85.82037,33.87055],[-85.81683,33.8768],[-85.81332,33.88842],[-85.80739,33.89173],[-85.80885,33.89986],[-85.8004,33.90623],[-85.80376,33.91472],[-85.8086,33.92215],[-85.80652,33.92731],[-85.80722,33.93587],[-85.81599,33.93866],[-85.81699,33.9459],[-85.82158,33.94978],[-85.84617,33.95726],[-85.84639,33.95002],[-85.85393,33.9501],[-85.88177,33.9503],[-85.88187,33.9431],[-85.89967,33.943],[-85.89957,33.9064],[-85.93427,33.9064],[-85.93447,33.921],[-85.95177,33.9209],[-85.95177,33.9136],[-85.96917,33.9146],[-85.96917,33.8929],[-85.98647,33.8937],[-85.98754,33.87921]]]},"properties":{"STATEFP":"01","COUNTYFP":"015","COUSUBFP":"90066","COUSUBNS":"00165679","GEOIDFQ":"0600000US0101590066","GEOID":"0101590066","NAME":"Alexandria-Webster Chapel","NAMELSAD":"Alexandria-Webster Chapel CCD","STUSPS":"AL","NAMELSADCO":"Calhoun County","STATE_NAME":"Alabama","LSAD":"22","ALAND":261423099,"AWATER":1794369}},
{"type":"Feature","geometry":{"type":"Polygon","coordinates":[[[-87.06751,33.27595],[-87.06575,33.27594],[-87.06574,33.24691],[-87.02685,33.24646],[-86.98289,33.24601],[-86.98274,33.25299],[-86.97405,33.26011],[-86.96964,33.26016],[-86.96957,33.26747],[-86.94781,33.26711],[-86.94782,33.27445],[-86.93467,33.27466],[-86.93459,33.27816],[-86.92617,33.27816],[-86.92613,33.29653],[-86.92196,33.29653],[-86.91727,33.30379],[-86.90851,33.30396],[-86.9065,33.3077],[-86.90007,33.30776],[-86.89976,33.31507],[-86.89136,33.31866],[-86.89129,33.32579],[-86.88257,33.32565],[-86.88254,33.33296],[-86.87071,33.33276],[-86.87033,33.33673],[-86.87605,33.34225],[-86.87785,33.34755],[-86.87562,33.35369],[-86.87811,33.35829],[-86.8925,33.35641],[-86.89554,33.3593],[-86.89403,33.36575],[-86.90853,33.36426],[-86.91534,33.365],[-86.93019,33.36038],[-86.94037,33.35373],[-86.94391,33.34683],[-86.93927,33.34491],[-86.94183,33.33847],[-86.94679,33.33581],[-86.9635,33.33447],[-86.97128,33.34089],[-86.9686,33.34653],[-86.97616,33.35646],[-86.98533,33.34468],[-86.98537,33.33852],[-86.98285,33.33331],[-86.99286,33.33212],[-87.00688,33.33585],[-87.06467,33.27908],[-87.06751,33.27595]]]},"properties":{"STATEFP":"01","COUNTYFP":"073","COUSUBFP":"91431","COUSUBNS":"00165818","GEOIDFQ":"0600000US0107391431","GEOID":"0107391431","NAME":"Greenwood","NAMELSAD":"Greenwood CCD","STUSPS":"AL","NAMELSADCO":"Jefferson County","STATE_NAME":"Alabama","LSAD":"22","ALAND":127569271,"AWATER":1453832}},
{"type":"Feature","geometry":{"type":"Polygon","coordinates":[[[-87.69419,34.77663],[-87.69748,34.78923],[-87.6982,34.79761],[-87.70754,34.80055],[-87.70864,34.80617],[-87.70091,34.80621],[-87.70221,34.81167],[-87.70724,34.80923],[-87.70889,34.81847],[-87.71904,34.8216],[-87.71666,34.82831],[-87.71214,34.82505],[-87.70153,34.82799],[-87.70992,34.83308],[-87.71874,34.83205],[-87.72032,34.83719],[-87.72428,34.84029],[-87.73117,34.83961],[-87.73656,34.84547],[-87.7406,34.85372],[-87.73528,34.85607],[-87.73908,34.86472],[-87.73827,34.87342],[-87.74381,34.88173],[-87.74795,34.88305],[-87.76235,34.87759],[-87.76534,34.87905],[-87.77985,34.87849],[-87.80268,34.87635],[-87.80933,34.87982],[-87.81422,34.88587],[-87.82057,34.88881],[-87.82865,34.89775],[-87.82792,34.90267],[-87.83069,34.91031],[-87.84333,34.92491],[-87.8521,34.91411],[-87.87138,34.89994],[-87.8797,34.89662],[-87.88527,34.89101],[-87.88829,34.88438],[-87.89937,34.87234],[-87.90373,34.8659],[-87.91233,34.84948],[-87.92196,34.8422],[-87.93346,34.8389],[-87.93023,34.82387],[-87.92763,34.81666],[-87.92029,34.80447],[-87.91419,34.7989],[-87.89707,34.7882],[-87.88829,34.7811],[-87.86131,34.76298],[-87.84865,34.74959],[-87.83583,34.74124],[-87.81825,34.73512],[-87.80696,34.73206],[-87.79326,34.73206],[-87.77271,34.73464],[-87.76733,34.73459],[-87.7603,34.73558],[-87.74693,34.74259],[-87.73372,34.74523],[-87.72955,34.74786],[-87.71665,34.76558],[-87.70757,34.77292],[-87.69419,34.77663]]]},"properties":{"STATEFP":"01","COUNTYFP":"077","COUSUBFP":"92412","COUSUBNS":"00165836","GEOIDFQ":"0600000US0107792412","GEOID":"0107792412","NAME":"Oakland","NAMELSAD":"Oakland CCD","STUSPS":"AL","NAMELSADCO":"Lauderdale County","STATE_NAME":"Alabama","LSAD":"22","ALAND":253116906,"AWATER":23416409}},
{"type":"Feature","geometry":{"type":"Polygon","coordinates":[[[-87.38773,34.50169],[-87.38821,34.49008],[-87.38516,34.48297],[-87.37983,34.47669],[-87.38347,34.47399],[-87.398,34.46912],[-87.40734,34.4693],[-87.40829,34.41999],[-87.40231,34.42102],[-87.39875,34.41713],[-87.39068,34.4169],[-87.37601,34.41843],[-87.37022,34.41726],[-87.36507,34.42068],[-87.3564,34.41667],[-87.34948,34.41955],[-87.3474,34.43043],[-87.3377,34.43545],[-87.33302,34.42747],[-87.33438,34.42162],[-87.33015,34.41722],[-87.31628,34.41799],[-87.3128,34.41521],[-87.31552,34.40945],[-87.31578,34.39656],[-87.317,34.39069],[-87.32396,34.37666],[-87.3245,34.37097],[-87.33489,34.3611],[-87.33378,34.35419],[-87.33757,34.34739],[-87.34304,34.3436],[-87.34998,34.33513],[-87.34435,34.31032],[-87.33831,34.30762],[-87.33397,34.30014],[-87.30249,34.2994],[-87.2554,34.29919],[-87.24984,34.30743],[-87.24629,34.30979],[-87.24273,34.32095],[-87.23728,34.32758],[-87.23099,34.34277],[-87.23679,34.35136],[-87.2274,34.37068],[-87.22866,34.38215],[-87.22775,34.39518],[-87.20587,34.39724],[-87.20125,34.40335],[-87.20124,34.40942],[-87.19713,34.41638],[-87.20449,34.4192],[-87.21398,34.41935],[-87.21317,34.47048],[-87.21307,34.47413],[-87.20448,34.47419],[-87.20391,34.49299],[-87.2005,34.50059],[-87.20148,34.50692],[-87.21474,34.50874],[-87.22119,34.50317],[-87.22067,34.51745],[-87.2287,34.52108],[-87.23497,34.52056],[-87.24022,34.5288],[-87.24127,34.5369],[-87.24801,34.54082],[-87.25356,34.54123],[-87.26416,34.53231],[-87.28339,34.53888],[-87.28842,34.53291],[-87.30568,34.5331],[-87.31125,34.53466],[-87.32455,34.54261],[-87.33105,34.54049],[-87.3569,34.54096],[-87.35343,34.53332],[-87.35815,34.52843],[-87.35813,34.52502],[-87.37036,34.51998],[-87.37369,34.51423],[-87.38669,34.50604],[-87.38773,34.50169]]]},"properties":{"STATEFP":"01","COUNTYFP":"079","COUSUBFP":"92250","COUSUBNS":"00165842","GEOIDFQ":"0600000US0107992250","GEOID":"0107992250","NAME":"Moulton","NAMELSAD":"Moulton CCD","STUSPS":"AL","NAMELSADCO":"Lawrence County","STATE_NAME":"Alabama","LSAD":"22","ALAND":334041947,"AWATER":1011410}},
{"type":"Feature","geometry":{"type":"Polygon","coordinates":[[[-87.27719,34.60272],[-87.26548,34.61205],[-87.26126,34.61874],[-87.26353,34.62654],[-87.27484,34.64585],[-87.28589,34.65918],[-87.28663,34.66246],[-87.24978,34.65261],[-87.24993,34.67058],[-87.23885,34.67109],[-87.23792,34.68099],[-87.2402,34.68401],[-87.2421,34.70828],[-87.23555,34.7143],[-87.22934,34.71429],[-87.22868,34.72281],[-87.22655,34.72602],[-87.22972,34.73904],[-87.22822,34.74273],[-87.23235,34.75241],[-87.23445,34.75364],[-87.23448,34.76375],[-87.25002,34.76231],[-87.26068,34.75863],[-87.27857,34.75276],[-87.2979,34.75081],[-87.33301,34.78606],[-87.34422,34.79649],[-87.37025,34.80499],[-87.37724,34.8044],[-87.39362,34.80179],[-87.41498,34.80049],[-87.42651,34.80002],[-87.42878,34.79431],[-87.42615,34.78641],[-87.43439,34.77361],[-87.42711,34.77305],[-87.41609,34.767],[-87.41623,34.76241],[-87.41965,34.75734],[-87.42785,34.75191],[-87.4245,34.7392],[-87.43212,34.73743],[-87.43386,34.72597],[-87.43306,34.71749],[-87.42692,34.71263],[-87.42691,34.70865],[-87.43605,34.70349],[-87.43849,34.69982],[-87.45095,34.6963],[-87.45336,34.68647],[-87.44983,34.68093],[-87.44312,34.67521],[-87.44767,34.67022],[-87.44849,34.66607],[-87.4434,34.66109],[-87.4477,34.65872],[-87.44492,34.65391],[-87.44955,34.6489],[-87.44921,34.64608],[-87.44264,34.6397],[-87.44795,34.63523],[-87.44977,34.62987],[-87.45632,34.62473],[-87.457,34.61114],[-87.44759,34.61495],[-87.43522,34.60706],[-87.4234,34.6086],[-87.42291,34.62529],[-87.41843,34.62996],[-87.40944,34.63214],[-87.39801,34.62447],[-87.39146,34.62478],[-87.38623,34.62094],[-87.38784,34.61244],[-87.38422,34.59875],[-87.37355,34.59206],[-87.36874,34.59194],[-87.35935,34.59498],[-87.35192,34.60735],[-87.3523,34.61432],[-87.34498,34.61361],[-87.34459,34.6104],[-87.33706,34.61122],[-87.33192,34.60819],[-87.32866,34.6028],[-87.32023,34.59597],[-87.31699,34.58984],[-87.30801,34.59075],[-87.30348,34.59638],[-87.28885,34.60273],[-87.27719,34.60272]]]},"properties":{"STATEFP":"01","COUNTYFP":"079","COUSUBFP":"93159","COUSUBNS":"00165845","GEOIDFQ":"0600000US0107993159","GEOID":"0107993159","NAME":"Town Creek-Courtland","NAMELSAD":"Town Creek-Courtland CCD","STUSPS":"AL","NAMELSADCO":"Lawrence County","STATE_NAME":"Alabama","LSAD":"22","ALAND":306184356,"AWATER":34132161}},
{"type":"Feature","geometry":{"type":"Polygon","coordinates":[[[-87.03009,34.99553],[-87.21076,34.99902],[-87.21225,34.89978],[-87.21493,34.83611],[-87.21491,34.81633],[-87.20581,34.82944],[-87.19734,34.83393],[-87.18889,34.83324],[-87.17606,34.81877],[-87.17321,34.81714],[-87.15911,34.82204],[-87.15175,34.82059],[-87.1345,34.82161],[-87.1298,34.82505],[-87.12968,34.83077],[-87.13273,34.83556],[-87.13131,34.84057],[-87.11956,34.84632],[-87.11006,34.85624],[-87.10881,34.86786],[-87.10523,34.87862],[-87.10547,34.88284],[-87.11057,34.89564],[-87.1078,34.90433],[-87.10276,34.90408],[-87.0946,34.89931],[-87.08073,34.90184],[-87.07117,34.89943],[-87.05535,34.89888],[-87.04215,34.89492],[-87.04032,34.89865],[-87.04524,34.90219],[-87.06076,34.90699],[-87.06312,34.91494],[-87.05867,34.91837],[-87.04241,34.92701],[-87.04076,34.93966],[-87.04214,34.95088],[-87.03647,34.95825],[-87.02898,34.96508],[-87.02032,34.96715],[-87.00749,34.97322],[-87.00518,34.97938],[-87.00927,34.98821],[-87.02762,34.99217],[-87.03009,34.99553]]]},"properties":{"STATEFP":"01","COUNTYFP":"083","COUSUBFP":"92817","COUSUBNS":"00165852","GEOIDFQ":"0600000US0108392817","GEOID":"0108392817","NAME":"Salem","NAMELSAD":"Salem CCD","STUSPS":"AL","NAMELSADCO":"Limestone County","STATE_NAME":"Alabama","LSAD":"22","ALAND":240184433,"AWATER":9380418}},
{"type":"Feature","geometry":{"type":"Polygon","coordinates":[[[-87.13632,31.6409],[-87.13945,31.62546],[-87.1374,31.61445],[-87.1407,31.60734],[-87.14115,31.60048],[-87.14513,31.58717],[-87.15198,31.58026],[-87.15892,31.56614],[-87.16078,31.55943],[-87.1596,31.55057],[-87.16566,31.5429],[-87.15688,31.5349],[-87.14937,31.52993],[-87.14949,31.52278],[-87.15245,31.5161],[-87.15115,31.50383],[-87.14544,31.49299],[-87.14566,31.47958],[-87.13632,31.47957],[-87.12889,31.48822],[-87.11912,31.49626],[-87.10699,31.49395],[-87.09057,31.49734],[-87.08485,31.49588],[-87.08039,31.49948],[-87.07117,31.49773],[-87.06516,31.49447],[-87.05696,31.48743],[-87.0455,31.48929],[-87.03371,31.4875],[-87.02948,31.49225],[-87.01964,31.49295],[-87.01225,31.49884],[-86.98827,31.49916],[-86.9668,31.50219],[-86.95968,31.50004],[-86.9528,31.5027],[-86.94565,31.50209],[-86.92404,31.49188],[-86.91315,31.50528],[-86.90978,31.50655],[-86.87925,31.50616],[-86.87433,31.50826],[-86.86987,31.51422],[-86.85942,31.52177],[-86.83802,31.52265],[-86.83802,31.5252],[-86.84351,31.53565],[-86.85253,31.53627],[-86.86104,31.54415],[-86.86625,31.54642],[-86.86743,31.55807],[-86.86959,31.56619],[-86.87371,31.56954],[-86.87456,31.57799],[-86.88198,31.58242],[-86.88,31.58659],[-86.88811,31.59221],[-86.88834,31.59876],[-86.89072,31.60724],[-86.90266,31.62368],[-86.90268,31.62742],[-86.90646,31.63262],[-86.90723,31.68499],[-86.90563,31.69518],[-86.90518,31.72708],[-86.9059,31.75304],[-86.9115,31.75276],[-86.91798,31.74928],[-86.9339,31.74616],[-86.94749,31.73907],[-86.94872,31.73488],[-86.95441,31.7345],[-86.96133,31.73048],[-86.96946,31.72998],[-86.97989,31.72618],[-86.98284,31.72219],[-86.98932,31.71856],[-86.9953,31.7197],[-87.00447,31.71486],[-87.01235,31.71344],[-87.01943,31.71421],[-87.02445,31.71255],[-87.0511,31.71834],[-87.06095,31.70485],[-87.06159,31.69295],[-87.05597,31.67743],[-87.06479,31.66983],[-87.07048,31.66964],[-87.07862,31.66608],[-87.0833,31.65873],[-87.09135,31.65226],[-87.10472,31.65178],[-87.1149,31.64854],[-87.121,31.64435],[-87.12748,31.64411],[-87.13632,31.6409]]]},"properties":{"STATEFP":"01","COUNTYFP":"035","COUSUBFP":"92016","COUSUBNS":"00161607","GEOIDFQ":"0600000US0103592016","GEOID":"0103592016","NAME":"Lyeffion","NAMELSAD":"Lyeffion CCD","STUSPS":"AL","NAMELSADCO":"Conecuh County","STATE_NAME":"Alabama","LSAD":"22","ALAND":564125364,"AWATER":607402}},
{"type":"Feature","geometry":{"type":"Polygon","coordinates":[[[-87.93066,32.31057],[-87.92869,32.30793],[-87.93158,32.30063],[-87.9297,32.29252],[-87.92494,32.29378],[-87.91167,32.28956],[-87.90833,32.29112],[-87.90053,32.28573],[-87.89913,32.28914],[-87.89055,32.28923],[-87.8875,32.29365],[-87.87887,32.29775],[-87.87229,32.2966],[-87.86935,32.30593],[-87.86013,32.30857],[-87.86189,32.31494],[-87.85863,32.32383],[-87.85488,32.32786],[-87.844,32.33286],[-87.84004,32.33034],[-87.83378,32.33149],[-87.83559,32.33595],[-87.84338,32.34037],[-87.84899,32.34822],[-87.84501,32.3528],[-87.84639,32.36162],[-87.83157,32.38432],[-87.82753,32.39566],[-87.82172,32.43352],[-87.81319,32.44067],[-87.80564,32.442],[-87.79553,32.43658],[-87.78448,32.43538],[-87.77993,32.42608],[-87.77813,32.41909],[-87.7713,32.43353],[-87.77487,32.44142],[-87.77098,32.44462],[-87.72207,32.44441],[-87.71321,32.44472],[-87.71039,32.46624],[-87.71055,32.48078],[-87.72874,32.48092],[-87.72852,32.52453],[-87.81256,32.52456],[-87.81658,32.51806],[-87.82338,32.52044],[-87.82259,32.53298],[-87.81663,32.5376],[-87.82232,32.54375],[-87.82779,32.54521],[-87.84455,32.54704],[-87.85321,32.53469],[-87.85342,32.53209],[-87.84611,32.5302],[-87.84151,32.52557],[-87.84457,32.51818],[-87.85309,32.51519],[-87.86649,32.51691],[-87.8814,32.52155],[-87.90126,32.52317],[-87.91367,32.51819],[-87.92071,32.51205],[-87.93061,32.50014],[-87.94506,32.49125],[-87.9512,32.47854],[-87.95621,32.47041],[-87.97506,32.45756],[-87.97998,32.45624],[-87.99457,32.45524],[-88.00724,32.44541],[-88.0219,32.43893],[-88.03162,32.43361],[-88.03843,32.42504],[-88.04147,32.41477],[-88.04633,32.37709],[-88.04158,32.3725],[-88.01948,32.37046],[-88.00801,32.35886],[-87.99386,32.34723],[-87.98154,32.3426],[-87.97094,32.34435],[-87.96727,32.34108],[-87.96391,32.33277],[-87.95189,32.32892],[-87.94812,32.32501],[-87.94197,32.31465],[-87.93066,32.31057]]]},"properties":{"STATEFP":"01","COUNTYFP":"091","COUSUBFP":"90873","COUSUBNS":"00165872","GEOIDFQ":"0600000US0109190873","GEOID":"0109190873","NAME":"Demopolis","NAMELSAD":"Demopolis CCD","STUSPS":"AL","NAMELSADCO":"Marengo County","STATE_NAME":"Alabama","LSAD":"22","ALAND":444577513,"AWATER":7908083}},
{"type":"Feature","geometry":{"type":"Polygon","coordinates":[[[-87.70383,32.31435],[-87.6963,32.31009],[-87.69115,32.31114],[-87.68324,32.30656],[-87.67922,32.30856],[-87.66846,32.30432],[-87.66244,32.30796],[-87.65551,32.30777],[-87.64204,32.31739],[-87.62214,32.3224],[-87.61165,32.32878],[-87.59473,32.32903],[-87.5913,32.33231],[-87.5865,32.34375],[-87.5811,32.3506],[-87.58232,32.35506],[-87.5813,32.36499],[-87.55716,32.36511],[-87.54169,32.36918],[-87.53625,32.3857],[-87.53577,32.39261],[-87.53796,32.39967],[-87.53797,32.41285],[-87.53225,32.42329],[-87.52444,32.42357],[-87.52448,32.48203],[-87.59505,32.48172],[-87.71055,32.48078],[-87.71039,32.46624],[-87.71321,32.44472],[-87.70073,32.43753],[-87.66207,32.43749],[-87.66211,32.42733],[-87.66439,32.41724],[-87.66451,32.39919],[-87.65598,32.38722],[-87.65349,32.36827],[-87.66042,32.3555],[-87.68228,32.35006],[-87.6928,32.34456],[-87.69377,32.33321],[-87.69773,32.33211],[-87.702,32.32656],[-87.7131,32.32463],[-87.71295,32.32079],[-87.70663,32.31907],[-87.70383,32.31435]]]},"properties":{"STATEFP":"01","COUNTYFP":"091","COUSUBFP":"91080","COUSUBNS":"00165874","GEOIDFQ":"0600000US0109191080","GEOID":"0109191080","NAME":"Faunsdale","NAMELSAD":"Faunsdale CCD","STUSPS":"AL","NAMELSADCO":"Marengo County","STATE_NAME":"Alabama","LSAD":"22","ALAND":230169589,"AWATER":569831}},
{"type":"Feature","geometry":{"type":"Polygon","coordinates":[[[-87.67835,32.11963],[-87.67073,32.1325],[-87.6674,32.13609],[-87.65205,32.13606],[-87.63847,32.13506],[-87.62152,32.13239],[-87.52534,32.13277],[-87.52212,32.13278],[-87.5234,32.25483],[-87.51407,32.26599],[-87.5012,32.26803],[-87.48785,32.26814],[-87.48237,32.26613],[-87.47649,32.26769],[-87.47221,32.26492],[-87.47308,32.30761],[-87.52429,32.30729],[-87.52568,32.37975],[-87.52438,32.38979],[-87.52444,32.42357],[-87.53225,32.42329],[-87.53797,32.41285],[-87.53796,32.39967],[-87.53577,32.39261],[-87.53625,32.3857],[-87.54169,32.36918],[-87.55716,32.36511],[-87.5813,32.36499],[-87.58232,32.35506],[-87.5811,32.3506],[-87.5865,32.34375],[-87.5913,32.33231],[-87.59473,32.32903],[-87.61165,32.32878],[-87.62214,32.3224],[-87.64204,32.31739],[-87.65551,32.30777],[-87.66244,32.30796],[-87.66846,32.30432],[-87.67922,32.30856],[-87.68324,32.30656],[-87.69115,32.31114],[-87.6963,32.31009],[-87.70383,32.31435],[-87.71252,32.30967],[-87.72006,32.30725],[-87.72368,32.2996],[-87.71041,32.292],[-87.69129,32.28856],[-87.68905,32.28628],[-87.6888,32.26285],[-87.69693,32.24427],[-87.70792,32.23688],[-87.71116,32.22957],[-87.71685,32.22115],[-87.70211,32.21221],[-87.6954,32.20195],[-87.68847,32.18174],[-87.6864,32.15724],[-87.68254,32.13657],[-87.67835,32.11963]]]},"properties":{"STATEFP":"01","COUNTYFP":"091","COUSUBFP":"93123","COUSUBNS":"00165876","GEOIDFQ":"0600000US0109193123","GEOID":"0109193123","NAME":"Thomaston","NAMELSAD":"Thomaston CCD","STUSPS":"AL","NAMELSADCO":"Marengo County","STATE_NAME":"Alabama","LSAD":"22","ALAND":394440461,"AWATER":402337}},
{"type":"Feature","geometry":{"type":"Polygon","coordinates":[[[-87.37217,32.48294],[-87.3727,32.51306],[-87.36857,32.52318],[-87.37561,32.54068],[-87.37671,32.55164],[-87.3822,32.56122],[-87.38041,32.56918],[-87.4,32.56975],[-87.41163,32.56896],[-87.44312,32.56872],[-87.44307,32.58052],[-87.44009,32.59548],[-87.45518,32.59466],[-87.47141,32.58331],[-87.48026,32.58309],[-87.47576,32.58827],[-87.47174,32.60162],[-87.52517,32.59288],[-87.52475,32.50367],[-87.52448,32.48203],[-87.52444,32.42357],[-87.52438,32.38979],[-87.52568,32.37975],[-87.52429,32.30729],[-87.47308,32.30761],[-87.42174,32.3081],[-87.42286,32.37558],[-87.42236,32.40652],[-87.42315,32.48297],[-87.37217,32.48294]]]},"properties":{"STATEFP":"01","COUNTYFP":"105","COUSUBFP":"93258","COUSUBNS":"00165921","GEOIDFQ":"0600000US0110593258","GEOID":"0110593258","NAME":"Uniontown","NAMELSAD":"Uniontown CCD","STUSPS":"AL","NAMELSADCO":"Perry County","STATE_NAME":"Alabama","LSAD":"22","ALAND":342797612,"AWATER":990341}},
{"type":"Feature","geometry":{"type":"Polygon","coordinates":[[[-87.21673,33.99391],[-87.20846,33.98993],[-87.20549,33.98609],[-87.19961,33.985],[-87.19724,33.99192],[-87.18961,34.003],[-87.18041,34.0027],[-87.16891,34.0051],[-87.15104,33.99323],[-87.11199,33.99239],[-87.11175,34.07681],[-87.11136,34.15309],[-87.1102,34.22836],[-87.10991,34.2993],[-87.14183,34.29915],[-87.2554,34.29919],[-87.30249,34.2994],[-87.33397,34.30014],[-87.37421,34.30083],[-87.38182,34.2976],[-87.39417,34.28996],[-87.39909,34.28537],[-87.3958,34.28324],[-87.38834,34.28682],[-87.38196,34.2838],[-87.38465,34.28037],[-87.38313,34.27601],[-87.37405,34.27349],[-87.36632,34.27816],[-87.36384,34.27563],[-87.3641,34.2694],[-87.3708,34.26812],[-87.37337,34.26531],[-87.37404,34.25631],[-87.36799,34.25803],[-87.36747,34.24629],[-87.37162,34.24299],[-87.37292,34.23702],[-87.38092,34.23495],[-87.38092,34.23169],[-87.3761,34.2235],[-87.36899,34.21812],[-87.36789,34.21368],[-87.36093,34.20825],[-87.35702,34.20987],[-87.34285,34.19702],[-87.34336,34.18943],[-87.33942,34.18763],[-87.33103,34.18873],[-87.33572,34.18088],[-87.33182,34.17501],[-87.33161,34.16864],[-87.32137,34.16584],[-87.31488,34.16727],[-87.31211,34.16383],[-87.31241,34.15743],[-87.32213,34.15297],[-87.32223,34.14913],[-87.30994,34.13888],[-87.30072,34.14467],[-87.29079,34.14404],[-87.30014,34.1332],[-87.30576,34.13045],[-87.30135,34.12704],[-87.2961,34.11256],[-87.29715,34.10814],[-87.30581,34.10491],[-87.31154,34.09947],[-87.30756,34.08928],[-87.29744,34.09027],[-87.28959,34.08389],[-87.28682,34.08996],[-87.28726,34.09593],[-87.2809,34.09806],[-87.27621,34.09466],[-87.28019,34.08791],[-87.27347,34.08536],[-87.25965,34.08528],[-87.25903,34.07789],[-87.26379,34.06997],[-87.25804,34.06551],[-87.25854,34.06059],[-87.26448,34.0577],[-87.26772,34.05116],[-87.26523,34.04613],[-87.2547,34.04208],[-87.25493,34.03541],[-87.24714,34.02803],[-87.24125,34.02483],[-87.23479,34.01442],[-87.2315,34.01299],[-87.21673,33.99391]]]},"properties":{"STATEFP":"01","COUNTYFP":"133","COUSUBFP":"90027","COUSUBNS":"00161625","GEOIDFQ":"0600000US0113390027","GEOID":"0113390027","NAME":"Addison","NAMELSAD":"Addison CCD","STUSPS":"AL","NAMELSADCO":"Winston County","STATE_NAME":"Alabama","LSAD":"22","ALAND":597320178,"AWATER":33172777}},
{"type":"Feature","geometry":{"type":"Polygon","coordinates":[[[-86.89336,34.30949],[-86.83866,34.30817],[-86.7514,34.30693],[-86.67658,34.30595],[-86.66129,34.3055],[-86.59544,34.30504],[-86.58194,34.30469],[-86.58132,34.37109],[-86.57853,34.38762],[-86.57366,34.41816],[-86.57788,34.41732],[-86.58144,34.41233],[-86.59417,34.41681],[-86.60981,34.41177],[-86.62059,34.41021],[-86.62527,34.40467],[-86.63069,34.40293],[-86.63566,34.4094],[-86.63952,34.40599],[-86.64386,34.40882],[-86.65366,34.41094],[-86.65487,34.40646],[-86.66221,34.40309],[-86.67213,34.40342],[-86.67963,34.40222],[-86.68564,34.40442],[-86.68727,34.41331],[-86.69462,34.42334],[-86.71075,34.42347],[-86.71583,34.4217],[-86.72111,34.4228],[-86.72812,34.4215],[-86.73103,34.41096],[-86.7524,34.39927],[-86.76735,34.39715],[-86.77382,34.39295],[-86.78659,34.39453],[-86.7989,34.40144],[-86.80537,34.40366],[-86.8031,34.40039],[-86.78941,34.39364],[-86.78293,34.38156],[-86.76942,34.37157],[-86.77271,34.36928],[-86.78148,34.36894],[-86.78196,34.3633],[-86.79083,34.35501],[-86.80275,34.35483],[-86.81103,34.35351],[-86.82128,34.34601],[-86.83672,34.34372],[-86.83873,34.33984],[-86.8381,34.33363],[-86.842,34.33063],[-86.84923,34.32873],[-86.85734,34.33178],[-86.8701,34.32356],[-86.87648,34.32497],[-86.89102,34.3227],[-86.89556,34.3171],[-86.89336,34.30949]]]},"properties":{"STATEFP":"01","COUNTYFP":"103","COUSUBFP":"91035","COUSUBNS":"00165912","GEOIDFQ":"0600000US0110391035","GEOID":"0110391035","NAME":"Eva","NAMELSAD":"Eva CCD","STUSPS":"AL","NAMELSADCO":"Morgan County","STATE_NAME":"Alabama","LSAD":"22","ALAND":247431287,"AWATER":923083}},
{"type":"Feature","geometry":{"type":"Polygon","coordinates":[[[-86.98737,34.43499],[-86.97985,34.42961],[-86.98529,34.42484],[-86.98019,34.41704],[-86.97981,34.40918],[-86.97515,34.40276],[-86.97714,34.39679],[-86.96486,34.39558],[-86.96402,34.39121],[-86.95461,34.3916],[-86.95049,34.39557],[-86.94448,34.39101],[-86.9402,34.39822],[-86.93079,34.40005],[-86.92702,34.39331],[-86.91888,34.39898],[-86.91288,34.3983],[-86.91009,34.4037],[-86.91211,34.40768],[-86.89982,34.40599],[-86.88719,34.41496],[-86.87304,34.41567],[-86.86731,34.41928],[-86.86646,34.44812],[-86.86609,34.45902],[-86.85729,34.45891],[-86.85598,34.49911],[-86.85728,34.50211],[-86.87049,34.50698],[-86.9084,34.5356],[-86.91466,34.53873],[-86.95518,34.55573],[-86.96327,34.54964],[-86.95887,34.54262],[-86.95695,34.53255],[-86.95329,34.53192],[-86.95853,34.52213],[-86.96397,34.51981],[-86.9622,34.51277],[-86.95611,34.50687],[-86.96312,34.50505],[-86.96584,34.50013],[-86.9664,34.49011],[-86.96873,34.48667],[-86.97787,34.48534],[-86.98193,34.48106],[-86.99008,34.47968],[-86.97294,34.46365],[-86.9823,34.46234],[-86.99117,34.45617],[-86.98998,34.4461],[-86.98044,34.44727],[-86.98737,34.43499]]]},"properties":{"STATEFP":"01","COUNTYFP":"103","COUSUBFP":"91539","COUSUBNS":"00165914","GEOIDFQ":"0600000US0110391539","GEOID":"0110391539","NAME":"Hartselle","NAMELSAD":"Hartselle CCD","STUSPS":"AL","NAMELSADCO":"Morgan County","STATE_NAME":"Alabama","LSAD":"22","ALAND":146530537,"AWATER":4444731}},
{"type":"Feature","geometry":{"type":"Polygon","coordinates":[[[-87.01789,32.32516],[-86.99999,32.32759],[-86.99855,32.32404],[-86.98532,32.32624],[-86.98031,32.32334],[-86.9752,32.32858],[-86.95178,32.32964],[-86.93721,32.32714],[-86.90973,32.32436],[-86.90781,32.32162],[-86.9092,32.31066],[-86.91877,32.29935],[-86.9201,32.29192],[-86.9278,32.28318],[-86.93119,32.28179],[-86.93049,32.27661],[-86.93326,32.27152],[-86.93092,32.26687],[-86.92482,32.26753],[-86.91378,32.26457],[-86.90801,32.26042],[-86.89898,32.2567],[-86.90375,32.24625],[-86.90852,32.2394],[-86.9083,32.22503],[-86.86966,32.22486],[-86.82165,32.22512],[-86.81031,32.22475],[-86.81045,32.23759],[-86.81941,32.23366],[-86.83067,32.23696],[-86.84186,32.24289],[-86.85498,32.2567],[-86.85466,32.26108],[-86.86131,32.26614],[-86.8641,32.27053],[-86.86292,32.27706],[-86.85727,32.28051],[-86.85843,32.28404],[-86.84747,32.28921],[-86.83746,32.29911],[-86.83264,32.29959],[-86.8262,32.30562],[-86.83712,32.3088],[-86.85051,32.30986],[-86.85041,32.32895],[-86.83343,32.33424],[-86.81491,32.3408],[-86.80744,32.34859],[-86.80738,32.35436],[-86.8154,32.37082],[-86.82724,32.37882],[-86.83364,32.38964],[-86.84376,32.40042],[-86.84615,32.40973],[-86.84545,32.41542],[-86.83639,32.42014],[-86.82808,32.42075],[-86.82458,32.42319],[-86.82837,32.42821],[-86.84152,32.43179],[-86.8499,32.43833],[-86.85529,32.43851],[-86.85809,32.42839],[-86.85014,32.42309],[-86.84925,32.41766],[-86.85248,32.41598],[-86.86499,32.41565],[-86.86906,32.41384],[-86.87078,32.40676],[-86.86529,32.39571],[-86.86633,32.38582],[-86.87564,32.38177],[-86.89379,32.36819],[-86.90564,32.36243],[-86.92431,32.3561],[-86.93165,32.35509],[-86.93794,32.35636],[-86.94373,32.36027],[-86.95363,32.37125],[-86.96638,32.37305],[-86.98465,32.37757],[-86.99306,32.38256],[-87.00401,32.39283],[-87.00762,32.40044],[-87.01393,32.40533],[-87.01846,32.40546],[-87.03401,32.39789],[-87.04166,32.39556],[-87.05261,32.39402],[-87.06474,32.39082],[-87.0741,32.38662],[-87.08032,32.37795],[-87.07953,32.37131],[-87.07227,32.36171],[-87.06367,32.35993],[-87.05649,32.36387],[-87.0552,32.36882],[-87.05026,32.36983],[-87.04682,32.36174],[-87.03625,32.35079],[-87.023,32.33511],[-87.01789,32.32516]]]},"properties":{"STATEFP":"01","COUNTYFP":"047","COUSUBFP":"92883","COUSUBNS":"00165745","GEOIDFQ":"0600000US0104792883","GEOID":"0104792883","NAME":"Selmont-Tyler","NAMELSAD":"Selmont-Tyler CCD","STUSPS":"AL","NAMELSADCO":"Dallas County","STATE_NAME":"Alabama","LSAD":"22","ALAND":207411013,"AWATER":6348423}},
{"type":"Feature","geometry":{"type":"Polygon","coordinates":[[[-85.98699,34.04413],[-85.97676,34.05506],[-85.96049,34.06662],[-85.93755,34.07892],[-85.91897,34.09242],[-85.90312,34.10103],[-85.89728,34.10662],[-85.866,34.13139],[-85.84673,34.1496],[-85.84216,34.15229],[-85.84362,34.20001],[-85.9093,34.20007],[-85.91968,34.18952],[-85.94477,34.15989],[-85.96692,34.14165],[-85.982,34.12512],[-85.98114,34.12045],[-86.00559,34.09711],[-86.01781,34.08303],[-85.99024,34.04891],[-85.98699,34.04413]]]},"properties":{"STATEFP":"01","COUNTYFP":"055","COUSUBFP":"91980","COUSUBNS":"00165771","GEOIDFQ":"0600000US0105591980","GEOID":"0105591980","NAME":"Lookout Mountain","NAMELSAD":"Lookout Mountain CCD","STUSPS":"AL","NAMELSADCO":"Etowah County","STATE_NAME":"Alabama","LSAD":"22","ALAND":130921737,"AWATER":67724}},
{"type":"Feature","geometry":{"type":"Polygon","coordinates":[[[-86.74919,33.9976],[-86.74178,33.99878],[-86.74061,34.00334],[-86.74267,34.00924],[-86.73236,34.01388],[-86.72292,34.01969],[-86.72484,34.02473],[-86.7203,34.03235],[-86.70975,34.02905],[-86.7017,34.03556],[-86.70146,34.03963],[-86.7095,34.0474],[-86.70434,34.05813],[-86.69598,34.06156],[-86.69601,34.069],[-86.70261,34.06968],[-86.70685,34.07898],[-86.71459,34.0768],[-86.71344,34.08318],[-86.72052,34.08554],[-86.72664,34.08301],[-86.73105,34.07869],[-86.7378,34.08353],[-86.74337,34.08508],[-86.74567,34.08884],[-86.75347,34.08874],[-86.75244,34.09568],[-86.76999,34.09579],[-86.77896,34.08888],[-86.79968,34.08892],[-86.81241,34.09317],[-86.82804,34.09015],[-86.84329,34.09131],[-86.8511,34.09444],[-86.86037,34.09289],[-86.86618,34.09448],[-86.8662,34.08903],[-86.86649,34.04999],[-86.87084,34.03561],[-86.87167,34.02941],[-86.86918,34.0202],[-86.8634,34.00883],[-86.86147,34.00167],[-86.85959,33.98726],[-86.8604,33.97906],[-86.86344,33.96991],[-86.86899,33.9586],[-86.87007,33.94756],[-86.86807,33.93272],[-86.85943,33.92922],[-86.86045,33.93435],[-86.85532,33.93975],[-86.84329,33.94853],[-86.83621,33.95062],[-86.82742,33.94423],[-86.82061,33.94138],[-86.81847,33.94357],[-86.82407,33.95273],[-86.82156,33.95713],[-86.81135,33.95356],[-86.80375,33.95476],[-86.79708,33.95252],[-86.78983,33.95392],[-86.78802,33.95921],[-86.79168,33.96356],[-86.78255,33.96918],[-86.77325,33.96547],[-86.77123,33.96914],[-86.77491,33.97332],[-86.764,33.97419],[-86.76254,33.98495],[-86.7574,33.99012],[-86.76132,33.99544],[-86.74919,33.9976]]]},"properties":{"STATEFP":"01","COUNTYFP":"043","COUSUBFP":"91521","COUSUBNS":"00165732","GEOIDFQ":"0600000US0104391521","GEOID":"0104391521","NAME":"Hanceville","NAMELSAD":"Hanceville CCD","STUSPS":"AL","NAMELSADCO":"Cullman County","STATE_NAME":"Alabama","LSAD":"22","ALAND":188917024,"AWATER":1289682}},
{"type":"Feature","geometry":{"type":"Polygon","coordinates":[[[-86.70707,34.69464],[-86.71598,34.69109],[-86.71761,34.64598],[-86.71811,34.62211],[-86.72219,34.62207],[-86.72157,34.61066],[-86.72331,34.59776],[-86.72383,34.58101],[-86.7094,34.58837],[-86.70218,34.589],[-86.68935,34.58643],[-86.68149,34.58296],[-86.67508,34.5746],[-86.67506,34.56282],[-86.6719,34.55666],[-86.66514,34.55209],[-86.65866,34.55014],[-86.64639,34.54892],[-86.64105,34.55096],[-86.63491,34.55684],[-86.63068,34.56358],[-86.61417,34.57723],[-86.60498,34.58064],[-86.59302,34.58281],[-86.586,34.58275],[-86.58575,34.59574],[-86.58843,34.59742],[-86.58817,34.61048],[-86.58601,34.61768],[-86.58927,34.62507],[-86.58921,34.63244],[-86.60233,34.63269],[-86.60217,34.63999],[-86.58756,34.63971],[-86.58536,34.64274],[-86.58273,34.65426],[-86.58338,34.66135],[-86.58818,34.66534],[-86.59262,34.66175],[-86.59271,34.65808],[-86.60188,34.65805],[-86.60179,34.6616],[-86.61057,34.66163],[-86.61001,34.68341],[-86.62777,34.68367],[-86.62693,34.71282],[-86.63936,34.71291],[-86.64412,34.71619],[-86.67704,34.70722],[-86.69418,34.69957],[-86.70707,34.69464]]]},"properties":{"STATEFP":"01","COUNTYFP":"089","COUSUBFP":"92695","COUSUBNS":"00165864","GEOIDFQ":"0600000US0108992695","GEOID":"0108992695","NAME":"Redstone Arsenal","NAMELSAD":"Redstone Arsenal CCD","STUSPS":"AL","NAMELSADCO":"Madison County","STATE_NAME":"Alabama","LSAD":"22","ALAND":154579129,"AWATER":10295374}},
{"type":"Feature","geometry":{"type":"Polygon","coordinates":[[[-86.70155,31.52395],[-86.7462,31.52414],[-86.75603,31.5237],[-86.80351,31.52385],[-86.82067,31.5254],[-86.83802,31.5252],[-86.83802,31.52265],[-86.83847,31.52021],[-86.82866,31.51542],[-86.82593,31.51604],[-86.81937,31.50623],[-86.81285,31.50344],[-86.80792,31.51137],[-86.80367,31.50456],[-86.80632,31.49887],[-86.79773,31.49543],[-86.79618,31.49198],[-86.79749,31.48175],[-86.79323,31.47508],[-86.79135,31.46485],[-86.78724,31.46353],[-86.78123,31.46555],[-86.77588,31.46005],[-86.78606,31.45673],[-86.79189,31.45088],[-86.79797,31.44971],[-86.79953,31.44638],[-86.79504,31.43497],[-86.79552,31.43084],[-86.8014,31.42317],[-86.80725,31.42208],[-86.81339,31.42755],[-86.82859,31.42541],[-86.83259,31.42665],[-86.83571,31.41875],[-86.83024,31.41401],[-86.82231,31.40426],[-86.81947,31.39317],[-86.81565,31.38912],[-86.81226,31.37904],[-86.79695,31.37812],[-86.78435,31.37302],[-86.76624,31.37212],[-86.75766,31.36014],[-86.7548,31.35828],[-86.74896,31.34974],[-86.74248,31.34849],[-86.74343,31.33621],[-86.73425,31.32279],[-86.7279,31.32267],[-86.7165,31.31332],[-86.70876,31.30947],[-86.70113,31.31566],[-86.70164,31.3375],[-86.69908,31.34057],[-86.70279,31.34539],[-86.69943,31.34808],[-86.68979,31.34879],[-86.6787,31.35763],[-86.67945,31.36168],[-86.67424,31.3626],[-86.66746,31.36901],[-86.67042,31.3825],[-86.67512,31.38522],[-86.67541,31.38946],[-86.66582,31.39207],[-86.66582,31.39948],[-86.66208,31.4028],[-86.66705,31.40796],[-86.66905,31.41394],[-86.66537,31.41877],[-86.67301,31.42499],[-86.67445,31.42998],[-86.67167,31.43424],[-86.67485,31.43656],[-86.70122,31.43664],[-86.70155,31.52395]]]},"properties":{"STATEFP":"01","COUNTYFP":"035","COUSUBFP":"92916","COUSUBNS":"00165719","GEOIDFQ":"0600000US0103592916","GEOID":"0103592916","NAME":"Shreve","NAMELSAD":"Shreve CCD","STUSPS":"AL","NAMELSADCO":"Conecuh County","STATE_NAME":"Alabama","LSAD":"22","ALAND":224262622,"AWATER":247536}},
{"type":"Feature","geometry":{"type":"Polygon","coordinates":[[[-87.47369,32.00369],[-87.47896,32.00241],[-87.48902,32.00621],[-87.4965,32.00573],[-87.49674,32.00912],[-87.50312,32.00942],[-87.50642,32.01499],[-87.51129,32.01565],[-87.50814,32.02273],[-87.50303,32.02646],[-87.50375,32.03458],[-87.4997,32.03998],[-87.499,32.04624],[-87.5056,32.06337],[-87.49966,32.06982],[-87.50072,32.08157],[-87.50991,32.08774],[-87.51553,32.09709],[-87.51593,32.10143],[-87.52026,32.10633],[-87.52047,32.11582],[-87.52585,32.12608],[-87.52534,32.13277],[-87.62152,32.13239],[-87.624,32.13235],[-87.62276,32.00548],[-87.66794,32.00216],[-87.66777,31.99136],[-87.66684,31.87575],[-87.63303,31.87604],[-87.62095,31.8704],[-87.62018,31.83223],[-87.62011,31.82712],[-87.58323,31.8272],[-87.55153,31.82774],[-87.50262,31.8292],[-87.51534,31.83496],[-87.52822,31.83697],[-87.53114,31.83943],[-87.53446,31.85095],[-87.53321,31.85896],[-87.52915,31.86931],[-87.52385,31.88685],[-87.51803,31.89466],[-87.51677,31.89965],[-87.5175,31.91232],[-87.51596,31.91654],[-87.51092,31.91861],[-87.49794,31.91925],[-87.49116,31.92178],[-87.47829,31.93474],[-87.46547,31.93585],[-87.45617,31.93247],[-87.44863,31.92551],[-87.44169,31.92136],[-87.42671,31.9162],[-87.41468,31.90746],[-87.396,31.90448],[-87.3861,31.9056],[-87.38122,31.91358],[-87.38421,31.92103],[-87.39185,31.9259],[-87.39903,31.92822],[-87.40555,31.93822],[-87.40473,31.94258],[-87.39532,31.95072],[-87.3952,31.95604],[-87.3997,31.96174],[-87.41292,31.96825],[-87.4325,31.97225],[-87.44179,31.97498],[-87.45661,31.97481],[-87.46634,31.98259],[-87.47369,32.00369]]]},"properties":{"STATEFP":"01","COUNTYFP":"131","COUSUBFP":"92583","COUSUBNS":"00166000","GEOIDFQ":"0600000US0113192583","GEOID":"0113192583","NAME":"Pine Hill","NAMELSAD":"Pine Hill CCD","STUSPS":"AL","NAMELSADCO":"Wilcox County","STATE_NAME":"Alabama","LSAD":"22","ALAND":479256095,"AWATER":4836905}},
{"type":"Feature","geometry":{"type":"Polygon","coordinates":[[[-86.19348,31.19221],[-86.12548,31.19275],[-86.1254,31.18206],[-86.11673,31.18389],[-86.11941,31.18994],[-86.11528,31.19513],[-86.11171,31.19728],[-86.11211,31.2004],[-86.12234,31.19572],[-86.13111,31.20761],[-86.12524,31.20978],[-86.12697,31.21969],[-86.13385,31.22115],[-86.14014,31.23274],[-86.13095,31.23907],[-86.12842,31.24439],[-86.11915,31.25064],[-86.11686,31.25758],[-86.11461,31.27704],[-86.11642,31.2822],[-86.11288,31.29136],[-86.10805,31.29746],[-86.10282,31.30507],[-86.10512,31.31158],[-86.0987,31.32417],[-86.10167,31.32653],[-86.09854,31.33083],[-86.1062,31.34653],[-86.11547,31.35302],[-86.12362,31.35516],[-86.12622,31.35338],[-86.14542,31.35312],[-86.1582,31.35145],[-86.16313,31.34441],[-86.1673,31.34175],[-86.17366,31.34173],[-86.18199,31.33854],[-86.19478,31.33681],[-86.19334,31.25017],[-86.19398,31.21048],[-86.19348,31.19221]]]},"properties":{"STATEFP":"01","COUNTYFP":"031","COUSUBFP":"91800","COUSUBNS":"00165711","GEOIDFQ":"0600000US0103191800","GEOID":"0103191800","NAME":"Kinston","NAMELSAD":"Kinston CCD","STUSPS":"AL","NAMELSADCO":"Coffee County","STATE_NAME":"Alabama","LSAD":"22","ALAND":128037021,"AWATER":606115}},
{"type":"Feature","geometry":{"type":"Polygon","coordinates":[[[-85.37713,32.73031],[-85.37804,32.73354],[-85.37486,32.74812],[-85.37959,32.76639],[-85.37939,32.77931],[-85.38081,32.78301],[-85.38696,32.78259],[-85.39674,32.80086],[-85.40124,32.79968],[-85.4152,32.80207],[-85.41604,32.80361],[-85.42879,32.80891],[-85.43268,32.80788],[-85.44825,32.81071],[-85.44714,32.81888],[-85.44391,32.82525],[-85.45945,32.82633],[-85.46866,32.83111],[-85.47292,32.842],[-85.47799,32.84535],[-85.48966,32.84159],[-85.49903,32.8371],[-85.50866,32.83689],[-85.53086,32.84151],[-85.54486,32.84645],[-85.56628,32.83771],[-85.57527,32.82772],[-85.59336,32.82187],[-85.59315,32.72853],[-85.57679,32.72885],[-85.57675,32.73636],[-85.56808,32.7365],[-85.56807,32.72902],[-85.49066,32.73063],[-85.49075,32.73773],[-85.48185,32.73783],[-85.48205,32.73053],[-85.45233,32.73031],[-85.43055,32.73033],[-85.43055,32.74503],[-85.41345,32.74473],[-85.41345,32.73743],[-85.40481,32.73773],[-85.40455,32.73053],[-85.37713,32.73031]]]},"properties":{"STATEFP":"01","COUNTYFP":"017","COUSUBFP":"93393","COUSUBNS":"00165685","GEOIDFQ":"0600000US0101793393","GEOID":"0101793393","NAME":"Waverly","NAMELSAD":"Waverly CCD","STUSPS":"AL","NAMELSADCO":"Chambers County","STATE_NAME":"Alabama","LSAD":"22","ALAND":207187375,"AWATER":573630}},
{"type":"Feature","geometry":{"type":"Polygon","coordinates":[[[-87.81256,32.52456],[-87.72852,32.52453],[-87.72874,32.48092],[-87.71055,32.48078],[-87.59505,32.48172],[-87.52448,32.48203],[-87.52475,32.50367],[-87.52517,32.59288],[-87.52535,32.61907],[-87.53311,32.61919],[-87.54348,32.60839],[-87.54362,32.60486],[-87.5531,32.60584],[-87.56075,32.60451],[-87.56686,32.60139],[-87.58098,32.5999],[-87.5923,32.60093],[-87.60615,32.60747],[-87.61653,32.61339],[-87.62706,32.61551],[-87.63698,32.61577],[-87.64483,32.61229],[-87.68901,32.6124],[-87.68683,32.60756],[-87.68827,32.60091],[-87.69522,32.59639],[-87.69594,32.59002],[-87.70096,32.58569],[-87.71139,32.58464],[-87.71213,32.58163],[-87.72609,32.57095],[-87.72885,32.56448],[-87.73454,32.56339],[-87.73992,32.56523],[-87.74019,32.57511],[-87.74829,32.58064],[-87.75792,32.57889],[-87.76159,32.57086],[-87.76921,32.56818],[-87.77102,32.57243],[-87.76996,32.5778],[-87.77329,32.58227],[-87.78126,32.58538],[-87.7877,32.58229],[-87.78627,32.56743],[-87.7889,32.56034],[-87.79551,32.56455],[-87.80096,32.55889],[-87.79777,32.54371],[-87.80162,32.5342],[-87.81256,32.52456]]]},"properties":{"STATEFP":"01","COUNTYFP":"065","COUSUBFP":"92345","COUSUBNS":"00165793","GEOIDFQ":"0600000US0106592345","GEOID":"0106592345","NAME":"Newbern","NAMELSAD":"Newbern CCD","STUSPS":"AL","NAMELSADCO":"Hale County","STATE_NAME":"Alabama","LSAD":"22","ALAND":293050382,"AWATER":5248887}},
{"type":"Feature","geometry":{"type":"Polygon","coordinates":[[[-87.08752,33.28531],[-87.0875,33.29068],[-87.12676,33.29084],[-87.12714,33.30601],[-87.16201,33.30659],[-87.16217,33.32101],[-87.17964,33.32111],[-87.18001,33.34298],[-87.19484,33.34307],[-87.20002,33.33922],[-87.20031,33.33459],[-87.21387,33.31245],[-87.22614,33.30382],[-87.2303,33.30224],[-87.23463,33.28969],[-87.23871,33.28466],[-87.24816,33.28238],[-87.25284,33.27505],[-87.24968,33.27162],[-87.24673,33.26089],[-87.2395,33.25779],[-87.2364,33.25239],[-87.23925,33.24647],[-87.23524,33.2453],[-87.22066,33.24959],[-87.21221,33.24416],[-87.21435,33.23737],[-87.21054,33.22569],[-87.20596,33.21744],[-87.20651,33.21214],[-87.19513,33.2146],[-87.18052,33.22238],[-87.1624,33.23427],[-87.15555,33.22983],[-87.15207,33.23248],[-87.14355,33.23247],[-87.14334,33.23619],[-87.12187,33.23584],[-87.12152,33.22174],[-87.1041,33.22146],[-87.07664,33.24683],[-87.06574,33.24691],[-87.06575,33.27594],[-87.06751,33.27595],[-87.07463,33.27602],[-87.0746,33.27968],[-87.08755,33.27967],[-87.08752,33.28531]]]},"properties":{"STATEFP":"01","COUNTYFP":"125","COUSUBFP":"90018","COUSUBNS":"00165970","GEOIDFQ":"0600000US0112590018","GEOID":"0112590018","NAME":"Abernant","NAMELSAD":"Abernant CCD","STUSPS":"AL","NAMELSADCO":"Tuscaloosa County","STATE_NAME":"Alabama","LSAD":"22","ALAND":132422881,"AWATER":2026531}},
{"type":"Feature","geometry":{"type":"Polygon","coordinates":[[[-86.06971,33.10469],[-86.00931,33.10464],[-86.00917,33.09026],[-85.97456,33.09051],[-85.97471,33.10529],[-85.87081,33.10486],[-85.86822,33.11647],[-85.87113,33.12113],[-85.88105,33.12176],[-85.88551,33.12596],[-85.88952,33.13506],[-85.88947,33.13978],[-85.89523,33.14433],[-85.89429,33.15119],[-85.89702,33.15695],[-85.89134,33.16707],[-85.89215,33.17498],[-85.89586,33.18144],[-85.90449,33.18321],[-85.90764,33.1866],[-85.90959,33.19534],[-85.89699,33.2011],[-85.87818,33.22429],[-85.86729,33.23122],[-85.87626,33.23729],[-85.88716,33.23591],[-85.89071,33.24478],[-85.89701,33.25421],[-85.89375,33.26471],[-85.88905,33.2727],[-85.8811,33.27429],[-85.89347,33.28274],[-85.90413,33.28694],[-85.91032,33.28674],[-85.92348,33.28194],[-85.93822,33.27812],[-85.95526,33.27133],[-85.96273,33.27094],[-85.97359,33.27583],[-85.9862,33.2773],[-85.99161,33.27925],[-86.00687,33.28853],[-86.01155,33.29432],[-86.10084,33.29608],[-86.1182,33.29632],[-86.11944,33.25011],[-86.12057,33.19451],[-86.12497,33.19491],[-86.17284,33.19522],[-86.17437,33.10439],[-86.12412,33.10469],[-86.06971,33.10469]]]},"properties":{"STATEFP":"01","COUNTYFP":"027","COUSUBFP":"92142","COUSUBNS":"00165704","GEOIDFQ":"0600000US0102792142","GEOID":"0102792142","NAME":"Millerville-Hollins","NAMELSAD":"Millerville-Hollins CCD","STUSPS":"AL","NAMELSADCO":"Clay County","STATE_NAME":"Alabama","LSAD":"22","ALAND":488526470,"AWATER":1471904}},
{"type":"Feature","geometry":{"type":"Polygon","coordinates":[[[-87.77604,33.52187],[-87.73818,33.51967],[-87.7424,33.52338],[-87.74094,33.53627],[-87.74239,33.54212],[-87.73501,33.5473],[-87.74331,33.5663],[-87.74294,33.57362],[-87.73862,33.57803],[-87.74055,33.58524],[-87.74036,33.59241],[-87.74273,33.60156],[-87.75082,33.61453],[-87.75289,33.62064],[-87.75331,33.62889],[-87.7583,33.63448],[-87.75466,33.63619],[-87.7417,33.63763],[-87.73688,33.63164],[-87.72952,33.62938],[-87.71453,33.63052],[-87.70998,33.63721],[-87.71164,33.6432],[-87.70339,33.64802],[-87.70259,33.65304],[-87.70609,33.65599],[-87.70246,33.66463],[-87.70835,33.66999],[-87.70954,33.67786],[-87.7173,33.68264],[-87.72164,33.6919],[-87.72712,33.69041],[-87.73753,33.69438],[-87.73816,33.7027],[-87.73105,33.71086],[-87.72866,33.71807],[-87.73035,33.72486],[-87.7195,33.73593],[-87.71829,33.74159],[-87.72046,33.74541],[-87.73345,33.75161],[-87.73304,33.75763],[-87.75093,33.7629],[-87.7608,33.76429],[-87.76223,33.7599],[-87.77445,33.75589],[-87.77768,33.74865],[-87.77616,33.74523],[-87.78526,33.73905],[-87.79138,33.73756],[-87.80383,33.74037],[-87.81466,33.74552],[-87.82024,33.74545],[-87.83031,33.75541],[-87.83369,33.7532],[-87.84105,33.75641],[-87.8574,33.75881],[-87.85953,33.76155],[-87.87276,33.7618],[-87.8744,33.75868],[-87.88512,33.76255],[-87.88884,33.76169],[-87.89413,33.76934],[-87.90787,33.76883],[-87.92217,33.77277],[-87.92537,33.76776],[-87.93731,33.77121],[-87.94933,33.76748],[-87.94804,33.72909],[-87.94686,33.67996],[-87.9463,33.6578],[-87.94666,33.6413],[-87.94652,33.52407],[-87.85856,33.52533],[-87.84068,33.52484],[-87.80209,33.52329],[-87.77604,33.52187]]]},"properties":{"STATEFP":"01","COUNTYFP":"057","COUSUBFP":"91089","COUSUBNS":"00165776","GEOIDFQ":"0600000US0105791089","GEOID":"0105791089","NAME":"Fayette","NAMELSAD":"Fayette CCD","STUSPS":"AL","NAMELSADCO":"Fayette County","STATE_NAME":"Alabama","LSAD":"22","ALAND":518098508,"AWATER":3348782}},
{"type":"Feature","geometry":{"type":"Polygon","coordinates":[[[-86.45111,34.27454],[-86.45965,34.27456],[-86.45945,34.28915],[-86.477,34.28936],[-86.47752,34.30276],[-86.55394,34.3038],[-86.58194,34.30469],[-86.59544,34.30504],[-86.66129,34.3055],[-86.66142,34.29496],[-86.66817,34.27881],[-86.66478,34.26234],[-86.65973,34.25565],[-86.65422,34.25368],[-86.65184,34.2426],[-86.65643,34.2384],[-86.65443,34.22745],[-86.65936,34.22374],[-86.66081,34.21813],[-86.65634,34.21436],[-86.64824,34.21194],[-86.64141,34.20644],[-86.64003,34.21653],[-86.63182,34.21995],[-86.63004,34.22433],[-86.61938,34.22605],[-86.6093,34.22607],[-86.60131,34.2237],[-86.59771,34.22879],[-86.59237,34.22879],[-86.58854,34.22442],[-86.5795,34.21776],[-86.5672,34.21497],[-86.56604,34.21751],[-86.55856,34.21753],[-86.55882,34.21106],[-86.55227,34.20892],[-86.55198,34.20598],[-86.54338,34.21081],[-86.54667,34.21484],[-86.54185,34.21747],[-86.53817,34.22383],[-86.52403,34.22613],[-86.52261,34.23409],[-86.52543,34.23841],[-86.51954,34.24839],[-86.5196,34.25177],[-86.51097,34.25492],[-86.50308,34.25286],[-86.49966,34.24897],[-86.49176,34.25491],[-86.48711,34.26017],[-86.45302,34.25932],[-86.45628,34.26337],[-86.45111,34.27454]]]},"properties":{"STATEFP":"01","COUNTYFP":"043","COUSUBFP":"90180","COUSUBNS":"00165728","GEOIDFQ":"0600000US0104390180","GEOID":"0104390180","NAME":"Baileyton-Joppa","NAMELSAD":"Baileyton-Joppa CCD","STUSPS":"AL","NAMELSADCO":"Cullman County","STATE_NAME":"Alabama","LSAD":"22","ALAND":147092709,"AWATER":1251030}},
{"type":"Feature","geometry":{"type":"Polygon","coordinates":[[[-85.54599,31.36131],[-85.54467,31.37452],[-85.54233,31.38015],[-85.5377,31.38039],[-85.52891,31.38657],[-85.53228,31.39681],[-85.5292,31.40364],[-85.53603,31.412],[-85.539,31.41954],[-85.5416,31.42042],[-85.54251,31.43475],[-85.54597,31.44083],[-85.54597,31.44553],[-85.5418,31.4503],[-85.53863,31.46307],[-85.53404,31.46546],[-85.53274,31.4697],[-85.52466,31.47993],[-85.52391,31.48291],[-85.51419,31.49481],[-85.50643,31.49806],[-85.50433,31.5036],[-85.49463,31.50837],[-85.49327,31.51293],[-85.48717,31.51801],[-85.48804,31.52788],[-85.4855,31.53069],[-85.48452,31.54052],[-85.48005,31.54746],[-85.47677,31.54952],[-85.4819,31.55583],[-85.48239,31.56183],[-85.49524,31.56767],[-85.498,31.5719],[-85.51188,31.57908],[-85.51118,31.58341],[-85.51496,31.58666],[-85.5184,31.59567],[-85.5238,31.60213],[-85.5218,31.61308],[-85.51873,31.61954],[-85.56311,31.61802],[-85.63648,31.61775],[-85.70492,31.61807],[-85.74825,31.61805],[-85.78914,31.61796],[-85.78914,31.58787],[-85.78937,31.48743],[-85.78469,31.48386],[-85.7591,31.48379],[-85.75988,31.46936],[-85.75125,31.4694],[-85.7513,31.46566],[-85.73886,31.46681],[-85.7388,31.46189],[-85.73487,31.4582],[-85.71357,31.45823],[-85.71359,31.44769],[-85.70475,31.44745],[-85.70526,31.42915],[-85.69661,31.42909],[-85.69658,31.42551],[-85.68787,31.42544],[-85.67878,31.41917],[-85.67944,31.41513],[-85.68519,31.40973],[-85.69648,31.38895],[-85.70078,31.38491],[-85.66249,31.38452],[-85.66244,31.38072],[-85.65409,31.38067],[-85.65408,31.3771],[-85.64129,31.37706],[-85.63702,31.37841],[-85.63696,31.36969],[-85.62921,31.37156],[-85.61997,31.3627],[-85.61685,31.36404],[-85.61212,31.35116],[-85.61202,31.34604],[-85.60577,31.344],[-85.60215,31.34782],[-85.58991,31.35533],[-85.58833,31.35263],[-85.57915,31.35768],[-85.56562,31.35884],[-85.56082,31.35697],[-85.54916,31.3573],[-85.54599,31.36131]]]},"properties":{"STATEFP":"01","COUNTYFP":"045","COUSUBFP":"92466","COUSUBNS":"00165743","GEOIDFQ":"0600000US0104592466","GEOID":"0104592466","NAME":"Ozark","NAMELSAD":"Ozark CCD","STUSPS":"AL","NAMELSADCO":"Dale County","STATE_NAME":"Alabama","LSAD":"22","ALAND":616265611,"AWATER":834110}},
{"type":"Feature","geometry":{"type":"Polygon","coordinates":[[[-87.5704,31.42783],[-87.56644,31.41563],[-87.56139,31.41456],[-87.55023,31.40683],[-87.54317,31.40768],[-87.54077,31.40541],[-87.53358,31.40509],[-87.52896,31.39996],[-87.52805,31.3882],[-87.52413,31.38662],[-87.51799,31.38054],[-87.51077,31.37962],[-87.50669,31.37646],[-87.49601,31.37436],[-87.49288,31.36818],[-87.48105,31.36617],[-87.47557,31.36108],[-87.47652,31.35322],[-87.4744,31.34843],[-87.46863,31.34206],[-87.46241,31.34031],[-87.45306,31.34034],[-87.458,31.33076],[-87.45496,31.31848],[-87.44951,31.31616],[-87.45028,31.31261],[-87.45564,31.31096],[-87.45961,31.30549],[-87.46606,31.28795],[-87.47396,31.28445],[-87.47953,31.27451],[-87.48921,31.26008],[-87.42745,31.26039],[-87.4272,31.26436],[-87.42088,31.27632],[-87.4173,31.27996],[-87.40394,31.28937],[-87.40143,31.29379],[-87.39321,31.30085],[-87.37053,31.31366],[-87.36002,31.3175],[-87.3552,31.331],[-87.3472,31.34288],[-87.34607,31.35049],[-87.33827,31.3518],[-87.33218,31.35525],[-87.32503,31.36513],[-87.31857,31.37785],[-87.30956,31.3841],[-87.30584,31.39078],[-87.29672,31.40128],[-87.28529,31.40801],[-87.27564,31.41035],[-87.27111,31.4162],[-87.27549,31.41974],[-87.285,31.4238],[-87.29699,31.43348],[-87.34547,31.46984],[-87.35285,31.47482],[-87.3908,31.49848],[-87.39405,31.49974],[-87.40042,31.49119],[-87.40077,31.48431],[-87.4043,31.48177],[-87.41591,31.48088],[-87.42342,31.48168],[-87.44016,31.48787],[-87.44923,31.48833],[-87.45982,31.48241],[-87.47591,31.48156],[-87.48078,31.47755],[-87.49949,31.47078],[-87.50103,31.46072],[-87.5091,31.45845],[-87.51562,31.46075],[-87.52464,31.44945],[-87.52587,31.44581],[-87.53114,31.44141],[-87.54475,31.43846],[-87.56075,31.43305],[-87.5704,31.42783]]]},"properties":{"STATEFP":"01","COUNTYFP":"099","COUSUBFP":"91233","COUSUBNS":"00165899","GEOIDFQ":"0600000US0109991233","GEOID":"0109991233","NAME":"Frisco City","NAMELSAD":"Frisco City CCD","STUSPS":"AL","NAMELSADCO":"Monroe County","STATE_NAME":"Alabama","LSAD":"22","ALAND":369132028,"AWATER":479819}},
{"type":"Feature","geometry":{"type":"Polygon","coordinates":[[[-86.44793,34.00795],[-86.43854,33.99966],[-86.43818,33.99735],[-86.4278,33.99867],[-86.41998,33.98935],[-86.41354,33.99303],[-86.40807,33.99869],[-86.3976,34.00553],[-86.39302,34.00343],[-86.38228,34.00562],[-86.36875,34.00163],[-86.36199,34.00706],[-86.35642,34.00907],[-86.34455,34.01749],[-86.33227,34.02285],[-86.33239,34.04648],[-86.32269,34.07222],[-86.30352,34.09907],[-86.31534,34.11296],[-86.32272,34.11743],[-86.3608,34.15649],[-86.37831,34.17379],[-86.38585,34.17177],[-86.38642,34.16419],[-86.3915,34.16267],[-86.39361,34.16649],[-86.40136,34.16586],[-86.40329,34.16138],[-86.40191,34.15265],[-86.40762,34.14761],[-86.41236,34.14633],[-86.41115,34.14003],[-86.41225,34.13417],[-86.41729,34.12931],[-86.42649,34.12858],[-86.43109,34.12551],[-86.43495,34.11695],[-86.43983,34.11144],[-86.43009,34.09871],[-86.4392,34.10081],[-86.44427,34.08759],[-86.44996,34.0887],[-86.45412,34.09911],[-86.46081,34.0957],[-86.46116,34.087],[-86.46681,34.08232],[-86.47212,34.08404],[-86.48138,34.08259],[-86.49377,34.07497],[-86.49436,34.06792],[-86.4827,34.0604],[-86.47471,34.05982],[-86.46647,34.05672],[-86.45775,34.04268],[-86.44987,34.03779],[-86.45286,34.03129],[-86.44883,34.02085],[-86.44793,34.00795]]]},"properties":{"STATEFP":"01","COUNTYFP":"009","COUSUBFP":"90612","COUSUBNS":"00165662","GEOIDFQ":"0600000US0100990612","GEOID":"0100990612","NAME":"Clarence","NAMELSAD":"Clarence CCD","STUSPS":"AL","NAMELSADCO":"Blount County","STATE_NAME":"Alabama","LSAD":"22","ALAND":189898033,"AWATER":494813}},
{"type":"Feature","geometry":{"type":"Polygon","coordinates":[[[-86.70028,31.19222],[-86.70044,31.12517],[-86.70075,31.12294],[-86.70022,31.00042],[-86.6886,31.00042],[-86.68831,30.9946],[-86.66468,30.99453],[-86.56759,30.99511],[-86.54249,30.99427],[-86.54119,31.00046],[-86.53655,31.00319],[-86.53806,31.00716],[-86.53636,31.02434],[-86.53913,31.03234],[-86.53871,31.03648],[-86.52711,31.04146],[-86.52484,31.04836],[-86.51478,31.0522],[-86.50972,31.05878],[-86.5092,31.0627],[-86.5042,31.06774],[-86.49532,31.07153],[-86.48857,31.07754],[-86.48315,31.08855],[-86.4794,31.09104],[-86.47301,31.0889],[-86.45659,31.08991],[-86.44933,31.09366],[-86.43576,31.09506],[-86.45075,31.11467],[-86.45941,31.13626],[-86.4601,31.14363],[-86.45853,31.15231],[-86.46008,31.1668],[-86.45916,31.17322],[-86.45318,31.18585],[-86.45225,31.19467],[-86.46691,31.19143],[-86.47833,31.19397],[-86.47894,31.20141],[-86.48131,31.20479],[-86.49765,31.20469],[-86.50699,31.20794],[-86.50756,31.22152],[-86.49748,31.22095],[-86.49745,31.24808],[-86.51315,31.24882],[-86.51403,31.2542],[-86.53086,31.25276],[-86.54001,31.24877],[-86.54315,31.25177],[-86.54915,31.2525],[-86.56463,31.26216],[-86.57006,31.2629],[-86.57539,31.25889],[-86.59052,31.25631],[-86.60206,31.25054],[-86.60528,31.25125],[-86.60944,31.24432],[-86.61715,31.23905],[-86.62182,31.22987],[-86.63079,31.22686],[-86.62967,31.22162],[-86.63495,31.22102],[-86.639,31.22577],[-86.6464,31.21971],[-86.63845,31.21547],[-86.6415,31.21089],[-86.64758,31.20772],[-86.64738,31.20199],[-86.65255,31.20049],[-86.65708,31.20192],[-86.65939,31.19646],[-86.66509,31.19291],[-86.67593,31.20365],[-86.67812,31.19829],[-86.6872,31.19157],[-86.68885,31.18752],[-86.69448,31.18587],[-86.70028,31.19222]]]},"properties":{"STATEFP":"01","COUNTYFP":"039","COUSUBFP":"91062","COUSUBNS":"00165722","GEOIDFQ":"0600000US0103991062","GEOID":"0103991062","NAME":"Falco","NAMELSAD":"Falco CCD","STUSPS":"AL","NAMELSADCO":"Covington County","STATE_NAME":"Alabama","LSAD":"22","ALAND":530483088,"AWATER":6736300}},
{"type":"Feature","geometry":{"type":"Polygon","coordinates":[[[-88.20723,34.05833],[-88.21074,34.0292],[-88.22652,33.91155],[-88.23549,33.8472],[-88.24005,33.81088],[-88.2416,33.80297],[-88.23728,33.80349],[-88.20759,33.79594],[-88.20274,33.81212],[-88.19545,33.81844],[-88.19666,33.82321],[-88.1884,33.83428],[-88.18294,33.83228],[-88.16409,33.83115],[-88.14955,33.83785],[-88.148,33.84118],[-88.14207,33.84083],[-88.133,33.84461],[-88.12539,33.85008],[-88.11173,33.85546],[-88.10548,33.86367],[-88.10278,33.86974],[-88.08568,33.86865],[-88.07612,33.8705],[-88.05521,33.87155],[-88.02673,33.87108],[-88.01509,33.86405],[-88.01045,33.8512],[-88.00447,33.84691],[-87.99722,33.84835],[-87.99059,33.85165],[-87.97608,33.85448],[-87.96434,33.85445],[-87.95182,33.85891],[-87.95178,33.91993],[-87.95193,34.0222],[-87.96352,34.0225],[-87.98743,34.0229],[-87.98693,34.0521],[-88.02182,34.05374],[-88.06277,34.05453],[-88.20723,34.05833]]]},"properties":{"STATEFP":"01","COUNTYFP":"075","COUSUBFP":"93033","COUSUBNS":"00165830","GEOIDFQ":"0600000US0107593033","GEOID":"0107593033","NAME":"Sulligent","NAMELSAD":"Sulligent CCD","STUSPS":"AL","NAMELSADCO":"Lamar County","STATE_NAME":"Alabama","LSAD":"22","ALAND":563409131,"AWATER":442883}},
{"type":"Feature","geometry":{"type":"Polygon","coordinates":[[[-87.74385,32.93534],[-87.73987,32.9308],[-87.7355,32.9349],[-87.72492,32.93776],[-87.71898,32.94097],[-87.71024,32.9408],[-87.70256,32.94379],[-87.69386,32.94135],[-87.68225,32.94716],[-87.67681,32.94666],[-87.67385,32.94105],[-87.66835,32.93966],[-87.66045,32.94309],[-87.65609,32.94224],[-87.64838,32.93724],[-87.63685,32.9335],[-87.6345,32.93132],[-87.63918,32.91921],[-87.63922,32.91206],[-87.63047,32.90158],[-87.61247,32.89051],[-87.6083,32.88324],[-87.59953,32.88107],[-87.5886,32.88357],[-87.57939,32.88306],[-87.56832,32.87896],[-87.56261,32.87373],[-87.54631,32.87008],[-87.53851,32.87126],[-87.5329,32.8767],[-87.51794,32.87851],[-87.51137,32.87507],[-87.49918,32.8711],[-87.48629,32.87312],[-87.47621,32.87063],[-87.46848,32.86208],[-87.46061,32.86074],[-87.45682,32.86369],[-87.44945,32.86496],[-87.44559,32.86819],[-87.43929,32.87982],[-87.43108,32.8877],[-87.42056,32.8906],[-87.42125,32.9949],[-87.42194,33.00338],[-87.48877,33.00411],[-87.62543,33.00472],[-87.64151,33.00532],[-87.71571,33.00682],[-87.71348,33.00165],[-87.70738,32.99756],[-87.70757,32.98993],[-87.71249,32.98601],[-87.72786,32.98581],[-87.73533,32.97457],[-87.74061,32.97841],[-87.74959,32.97876],[-87.74656,32.97174],[-87.7471,32.96558],[-87.73871,32.9589],[-87.74794,32.9545],[-87.74772,32.94905],[-87.7348,32.95258],[-87.72994,32.94926],[-87.74142,32.93586],[-87.74385,32.93534]]]},"properties":{"STATEFP":"01","COUNTYFP":"065","COUSUBFP":"92259","COUSUBNS":"00165791","GEOIDFQ":"0600000US0106592259","GEOID":"0106592259","NAME":"Moundville","NAMELSAD":"Moundville CCD","STUSPS":"AL","NAMELSADCO":"Hale County","STATE_NAME":"Alabama","LSAD":"22","ALAND":344316102,"AWATER":2840335}},
{"type":"Feature","geometry":{"type":"Polygon","coordinates":[[[-88.1793,31.8213],[-88.18214,31.82831],[-88.19229,31.82574],[-88.1966,31.81928],[-88.21196,31.82026],[-88.21177,31.82339],[-88.22289,31.82405],[-88.22651,31.81783],[-88.23108,31.82071],[-88.24349,31.82155],[-88.25294,31.82709],[-88.25984,31.82955],[-88.26305,31.82632],[-88.27563,31.82879],[-88.28241,31.83175],[-88.28713,31.82998],[-88.296,31.8216],[-88.29988,31.8248],[-88.30575,31.82568],[-88.31766,31.82476],[-88.33152,31.82152],[-88.33865,31.83195],[-88.36659,31.84888],[-88.37004,31.85429],[-88.37894,31.85889],[-88.38116,31.85714],[-88.39213,31.85791],[-88.39626,31.86156],[-88.40164,31.8556],[-88.40926,31.84988],[-88.41423,31.85209],[-88.41597,31.84774],[-88.4209,31.84636],[-88.42486,31.84161],[-88.42937,31.83155],[-88.43489,31.82518],[-88.44662,31.82147],[-88.44932,31.81687],[-88.46055,31.80992],[-88.46271,31.81491],[-88.46983,31.8193],[-88.46867,31.79072],[-88.46511,31.72231],[-88.46443,31.69795],[-88.40541,31.69799],[-88.39985,31.69832],[-88.27287,31.69847],[-88.08829,31.6993],[-88.09235,31.71499],[-88.09338,31.73752],[-88.10492,31.7608],[-88.11202,31.76252],[-88.12202,31.76077],[-88.13293,31.75332],[-88.13834,31.75118],[-88.14262,31.75249],[-88.15858,31.76614],[-88.16314,31.77362],[-88.16527,31.78897],[-88.1744,31.80292],[-88.18038,31.81455],[-88.1793,31.8213]]]},"properties":{"STATEFP":"01","COUNTYFP":"023","COUSUBFP":"92925","COUSUBNS":"00165698","GEOIDFQ":"0600000US0102392925","GEOID":"0102392925","NAME":"Silas","NAMELSAD":"Silas CCD","STUSPS":"AL","NAMELSADCO":"Choctaw County","STATE_NAME":"Alabama","LSAD":"22","ALAND":457378484,"AWATER":5752694}},
{"type":"Feature","geometry":{"type":"Polygon","coordinates":[[[-87.63604,33.96851],[-87.63593,33.91525],[-87.63604,33.872],[-87.56438,33.8686],[-87.56108,33.86871],[-87.55958,33.87602],[-87.55478,33.88117],[-87.54509,33.88621],[-87.52726,33.87464],[-87.51603,33.8731],[-87.49839,33.87844],[-87.49761,33.88724],[-87.49491,33.88913],[-87.49697,33.89523],[-87.49482,33.90044],[-87.50024,33.90849],[-87.50469,33.90589],[-87.5093,33.9133],[-87.51571,33.91348],[-87.51896,33.9194],[-87.51821,33.92939],[-87.52051,33.93496],[-87.52965,33.94085],[-87.53776,33.94311],[-87.54105,33.94902],[-87.54848,33.95478],[-87.55288,33.95434],[-87.55076,33.96429],[-87.5512,33.97073],[-87.55679,33.97464],[-87.55842,33.99414],[-87.55696,33.9996],[-87.63612,34.0022],[-87.63604,33.96851]]]},"properties":{"STATEFP":"01","COUNTYFP":"127","COUSUBFP":"90477","COUSUBNS":"00165979","GEOIDFQ":"0600000US0112790477","GEOID":"0112790477","NAME":"Carbon Hill","NAMELSAD":"Carbon Hill CCD","STUSPS":"AL","NAMELSADCO":"Walker County","STATE_NAME":"Alabama","LSAD":"22","ALAND":139438309,"AWATER":694425}},
{"type":"Feature","geometry":{"type":"Polygon","coordinates":[[[-87.69742,31.40429],[-87.70604,31.40096],[-87.71464,31.38415],[-87.72584,31.37374],[-87.7254,31.36797],[-87.72198,31.35962],[-87.72276,31.34362],[-87.72951,31.33659],[-87.73883,31.3331],[-87.7464,31.33326],[-87.75263,31.33739],[-87.75358,31.34056],[-87.75192,31.35494],[-87.75454,31.36233],[-87.75796,31.36425],[-87.76523,31.36225],[-87.76525,31.34878],[-87.76798,31.34407],[-87.78168,31.33333],[-87.7848,31.32467],[-87.78276,31.31205],[-87.77859,31.30574],[-87.76774,31.29998],[-87.76515,31.29735],[-87.74871,31.29716],[-87.74439,31.30169],[-87.73046,31.30243],[-87.72454,31.30037],[-87.72123,31.30271],[-87.71236,31.30113],[-87.70534,31.29449],[-87.70217,31.28564],[-87.69061,31.28292],[-87.68808,31.27542],[-87.67642,31.26199],[-87.66671,31.2578],[-87.66247,31.25298],[-87.65481,31.24965],[-87.64591,31.24892],[-87.64073,31.24433],[-87.6254,31.24341],[-87.61589,31.24446],[-87.60874,31.24103],[-87.60295,31.24282],[-87.5994,31.24044],[-87.59295,31.24019],[-87.58126,31.23614],[-87.58052,31.23373],[-87.55929,31.22729],[-87.54899,31.23004],[-87.53603,31.23728],[-87.52301,31.24791],[-87.51893,31.24692],[-87.50772,31.24873],[-87.49272,31.25533],[-87.48921,31.26008],[-87.47953,31.27451],[-87.47396,31.28445],[-87.46606,31.28795],[-87.45961,31.30549],[-87.45564,31.31096],[-87.45028,31.31261],[-87.44951,31.31616],[-87.45496,31.31848],[-87.458,31.33076],[-87.45306,31.34034],[-87.46241,31.34031],[-87.46863,31.34206],[-87.4744,31.34843],[-87.47652,31.35322],[-87.47557,31.36108],[-87.48105,31.36617],[-87.49288,31.36818],[-87.49601,31.37436],[-87.50669,31.37646],[-87.51077,31.37962],[-87.51799,31.38054],[-87.52413,31.38662],[-87.52805,31.3882],[-87.52896,31.39996],[-87.53358,31.40509],[-87.54077,31.40541],[-87.54317,31.40768],[-87.55023,31.40683],[-87.56139,31.41456],[-87.56644,31.41563],[-87.5704,31.42783],[-87.57064,31.43186],[-87.577,31.4321],[-87.58853,31.42392],[-87.59483,31.41508],[-87.59989,31.41106],[-87.60958,31.40782],[-87.62121,31.41002],[-87.62968,31.41594],[-87.63965,31.42477],[-87.64419,31.42635],[-87.65434,31.42585],[-87.66557,31.42317],[-87.66931,31.42093],[-87.68553,31.40756],[-87.69742,31.40429]]]},"properties":{"STATEFP":"01","COUNTYFP":"099","COUSUBFP":"93267","COUSUBNS":"00165902","GEOIDFQ":"0600000US0109993267","GEOID":"0109993267","NAME":"Uriah","NAMELSAD":"Uriah CCD","STUSPS":"AL","NAMELSADCO":"Monroe County","STATE_NAME":"Alabama","LSAD":"22","ALAND":427193703,"AWATER":5527227}},
{"type":"Feature","geometry":{"type":"Polygon","coordinates":[[[-87.27465,33.79606],[-87.27401,33.78938],[-87.26266,33.77463],[-87.25632,33.77448],[-87.25011,33.77108],[-87.24176,33.76995],[-87.23812,33.7608],[-87.22537,33.76322],[-87.21984,33.75553],[-87.21999,33.74562],[-87.20885,33.74538],[-87.21137,33.73287],[-87.2146,33.73217],[-87.21953,33.7226],[-87.22376,33.71822],[-87.23104,33.71598],[-87.22483,33.70035],[-87.2292,33.68517],[-87.23343,33.68005],[-87.23005,33.6761],[-87.22412,33.67739],[-87.21684,33.67193],[-87.21489,33.66553],[-87.20427,33.65221],[-87.19775,33.64623],[-87.20002,33.64191],[-87.19557,33.6414],[-87.18239,33.64631],[-87.17105,33.64803],[-87.17067,33.65084],[-87.17744,33.65507],[-87.17482,33.66542],[-87.17041,33.66636],[-87.15834,33.66436],[-87.15351,33.66565],[-87.14726,33.674],[-87.13914,33.67516],[-87.1401,33.66142],[-87.13037,33.65736],[-87.12086,33.66022],[-87.12131,33.66605],[-87.125,33.67609],[-87.13057,33.68724],[-87.13611,33.69219],[-87.14689,33.69848],[-87.14628,33.70385],[-87.13905,33.71055],[-87.13927,33.71272],[-87.14915,33.71601],[-87.15047,33.72223],[-87.14514,33.72962],[-87.1428,33.74293],[-87.14594,33.74578],[-87.16778,33.75114],[-87.17099,33.75429],[-87.167,33.75889],[-87.14794,33.75936],[-87.14296,33.76176],[-87.13434,33.77096],[-87.13472,33.77457],[-87.15277,33.78628],[-87.15044,33.79066],[-87.15607,33.79065],[-87.15688,33.78663],[-87.16464,33.78952],[-87.17529,33.78707],[-87.17923,33.78932],[-87.19085,33.7854],[-87.20492,33.78676],[-87.2086,33.78451],[-87.22141,33.79063],[-87.22377,33.78762],[-87.2304,33.78966],[-87.23393,33.7864],[-87.24374,33.78294],[-87.2527,33.78572],[-87.25986,33.79094],[-87.25942,33.79565],[-87.26306,33.79946],[-87.27519,33.7982],[-87.27465,33.79606]]]},"properties":{"STATEFP":"01","COUNTYFP":"127","COUSUBFP":"90729","COUSUBNS":"00165980","GEOIDFQ":"0600000US0112790729","GEOID":"0112790729","NAME":"Cordova","NAMELSAD":"Cordova CCD","STUSPS":"AL","NAMELSADCO":"Walker County","STATE_NAME":"Alabama","LSAD":"22","ALAND":114540103,"AWATER":2993984}},
{"type":"Feature","geometry":{"type":"Polygon","coordinates":[[[-87.2367,33.62291],[-87.23771,33.61642],[-87.23631,33.61051],[-87.2294,33.60031],[-87.22255,33.59314],[-87.21502,33.59134],[-87.20108,33.59264],[-87.19756,33.59123],[-87.19692,33.59934],[-87.17955,33.59928],[-87.17943,33.61379],[-87.14441,33.61341],[-87.14447,33.6282],[-87.09273,33.62785],[-87.0927,33.65687],[-87.05776,33.65636],[-87.05772,33.66129],[-87.05725,33.68547],[-87.03979,33.68536],[-87.04005,33.69631],[-87.04736,33.69808],[-87.05375,33.70222],[-87.05495,33.70556],[-87.06175,33.70554],[-87.06808,33.70887],[-87.07534,33.7071],[-87.0834,33.70325],[-87.08071,33.69539],[-87.08643,33.69497],[-87.09229,33.69212],[-87.10482,33.69144],[-87.10389,33.68545],[-87.1008,33.68218],[-87.10833,33.67159],[-87.12131,33.66605],[-87.12086,33.66022],[-87.13037,33.65736],[-87.1401,33.66142],[-87.13914,33.67516],[-87.14726,33.674],[-87.15351,33.66565],[-87.15834,33.66436],[-87.17041,33.66636],[-87.17482,33.66542],[-87.17744,33.65507],[-87.17067,33.65084],[-87.17105,33.64803],[-87.18239,33.64631],[-87.19557,33.6414],[-87.20002,33.64191],[-87.20874,33.64695],[-87.2146,33.64753],[-87.2172,33.64453],[-87.20997,33.635],[-87.20374,33.63084],[-87.19896,33.62511],[-87.20745,33.62169],[-87.21273,33.6309],[-87.21869,33.63464],[-87.22399,33.63542],[-87.2309,33.63233],[-87.2367,33.62291]]]},"properties":{"STATEFP":"01","COUNTYFP":"127","COUSUBFP":"92642","COUSUBNS":"00165983","GEOIDFQ":"0600000US0112792642","GEOID":"0112792642","NAME":"Quinton-Wegra","NAMELSAD":"Quinton-Wegra CCD","STUSPS":"AL","NAMELSADCO":"Walker County","STATE_NAME":"Alabama","LSAD":"22","ALAND":80651370,"AWATER":4378794}},
{"type":"Feature","geometry":{"type":"Polygon","coordinates":[[[-88.00916,33.30732],[-88.01148,33.31684],[-88.0181,33.32576],[-88.02577,33.32911],[-88.0316,33.33584],[-88.03739,33.33033],[-88.04777,33.31751],[-88.05608,33.31169],[-88.05747,33.32036],[-88.06899,33.33211],[-88.07441,33.35005],[-88.07843,33.35404],[-88.08504,33.35484],[-88.09215,33.35829],[-88.09554,33.35739],[-88.09903,33.36419],[-88.10809,33.36562],[-88.11333,33.36236],[-88.12146,33.366],[-88.1274,33.35642],[-88.13236,33.35652],[-88.14453,33.34987],[-88.15074,33.34986],[-88.15612,33.3456],[-88.16447,33.34354],[-88.1669,33.34661],[-88.175,33.33916],[-88.17858,33.33767],[-88.18627,33.3412],[-88.19228,33.3374],[-88.19555,33.33087],[-88.20688,33.327],[-88.21042,33.32793],[-88.226,33.34363],[-88.22813,33.34762],[-88.24631,33.35416],[-88.2798,33.35015],[-88.28605,33.3471],[-88.2971,33.34909],[-88.3005,33.32084],[-88.2943,33.31099],[-88.28815,33.29844],[-88.28414,33.2811],[-88.27686,33.26476],[-88.26633,33.25637],[-88.26487,33.24953],[-88.27601,33.21963],[-88.26556,33.22123],[-88.26299,33.21782],[-88.23878,33.20201],[-88.23321,33.19679],[-88.22426,33.18394],[-88.21774,33.17948],[-88.20284,33.17501],[-88.19767,33.17226],[-88.18156,33.15657],[-88.17292,33.14935],[-88.16876,33.17359],[-88.17961,33.18341],[-88.1797,33.19188],[-88.17388,33.20342],[-88.17445,33.21818],[-88.1725,33.22161],[-88.16163,33.21861],[-88.15612,33.21483],[-88.15092,33.20483],[-88.1432,33.201],[-88.13397,33.20114],[-88.12123,33.19624],[-88.11768,33.19277],[-88.10925,33.19395],[-88.1043,33.19287],[-88.09245,33.19354],[-88.08668,33.19639],[-88.06689,33.20152],[-88.05634,33.20658],[-88.04547,33.21042],[-88.05017,33.21973],[-88.05424,33.22134],[-88.05026,33.23005],[-88.0435,33.23583],[-88.03821,33.23585],[-88.03504,33.23936],[-88.03714,33.24986],[-88.0329,33.25304],[-88.03305,33.25735],[-88.03003,33.26309],[-88.01954,33.26337],[-88.00907,33.27476],[-88.00804,33.29653],[-88.00916,33.30732]]]},"properties":{"STATEFP":"01","COUNTYFP":"107","COUSUBFP":"90495","COUSUBNS":"00165923","GEOIDFQ":"0600000US0110790495","GEOID":"0110790495","NAME":"Carrollton","NAMELSAD":"Carrollton CCD","STUSPS":"AL","NAMELSADCO":"Pickens County","STATE_NAME":"Alabama","LSAD":"22","ALAND":390948019,"AWATER":798185}},
{"type":"Feature","geometry":{"type":"Polygon","coordinates":[[[-88.27462,33.53401],[-88.27742,33.51244],[-88.2971,33.34909],[-88.28605,33.3471],[-88.2798,33.35015],[-88.24631,33.35416],[-88.22813,33.34762],[-88.226,33.34363],[-88.21042,33.32793],[-88.20688,33.327],[-88.19555,33.33087],[-88.19228,33.3374],[-88.18627,33.3412],[-88.17858,33.33767],[-88.175,33.33916],[-88.1669,33.34661],[-88.16447,33.34354],[-88.15612,33.3456],[-88.15074,33.34986],[-88.14453,33.34987],[-88.13236,33.35652],[-88.1274,33.35642],[-88.12146,33.366],[-88.11055,33.37225],[-88.10832,33.38168],[-88.10168,33.38968],[-88.0974,33.39094],[-88.09702,33.39855],[-88.10382,33.401],[-88.10177,33.40911],[-88.10415,33.42449],[-88.10356,33.43513],[-88.10501,33.4405],[-88.10445,33.45056],[-88.10775,33.45691],[-88.10974,33.46676],[-88.10788,33.47183],[-88.10338,33.47203],[-88.10192,33.47865],[-88.0962,33.48293],[-88.09622,33.48759],[-88.0906,33.49128],[-88.09379,33.49655],[-88.09368,33.50987],[-88.08468,33.5171],[-88.08133,33.52389],[-88.08179,33.52892],[-88.24629,33.53305],[-88.27462,33.53401]]]},"properties":{"STATEFP":"01","COUNTYFP":"107","COUSUBFP":"91008","COUSUBNS":"00165924","GEOIDFQ":"0600000US0110791008","GEOID":"0110791008","NAME":"Ethelsville","NAMELSAD":"Ethelsville CCD","STUSPS":"AL","NAMELSADCO":"Pickens County","STATE_NAME":"Alabama","LSAD":"22","ALAND":350350817,"AWATER":1236871}},
{"type":"Feature","geometry":{"type":"Polygon","coordinates":[[[-87.43039,33.99587],[-87.46407,33.99672],[-87.50002,33.99663],[-87.55696,33.9996],[-87.55842,33.99414],[-87.55679,33.97464],[-87.5512,33.97073],[-87.55076,33.96429],[-87.55288,33.95434],[-87.54848,33.95478],[-87.54105,33.94902],[-87.53776,33.94311],[-87.52965,33.94085],[-87.52051,33.93496],[-87.51821,33.92939],[-87.51896,33.9194],[-87.51571,33.91348],[-87.5093,33.9133],[-87.50469,33.90589],[-87.50024,33.90849],[-87.49482,33.90044],[-87.49697,33.89523],[-87.49491,33.88913],[-87.488,33.89407],[-87.47345,33.89132],[-87.46709,33.89538],[-87.46356,33.88115],[-87.44745,33.89291],[-87.43412,33.8897],[-87.41824,33.89267],[-87.41453,33.89468],[-87.41589,33.90228],[-87.40931,33.90279],[-87.39941,33.89881],[-87.39376,33.90639],[-87.38747,33.91072],[-87.38728,33.91713],[-87.37872,33.91235],[-87.37688,33.91857],[-87.38184,33.92455],[-87.37929,33.92773],[-87.38016,33.93341],[-87.38644,33.93327],[-87.3815,33.94402],[-87.38252,33.95569],[-87.3877,33.95399],[-87.39558,33.95901],[-87.40366,33.9586],[-87.40271,33.96291],[-87.40577,33.96857],[-87.40235,33.97452],[-87.39146,33.98003],[-87.38607,33.98496],[-87.3804,33.98491],[-87.3727,33.99044],[-87.36788,33.99581],[-87.41804,33.99558],[-87.43039,33.99587]]]},"properties":{"STATEFP":"01","COUNTYFP":"127","COUSUBFP":"92331","COUSUBNS":"00165986","GEOIDFQ":"0600000US0112792331","GEOID":"0112792331","NAME":"Nauvoo","NAMELSAD":"Nauvoo CCD","STUSPS":"AL","NAMELSADCO":"Walker County","STATE_NAME":"Alabama","LSAD":"22","ALAND":153463796,"AWATER":757216}},
{"type":"Feature","geometry":{"type":"Polygon","coordinates":[[[-87.34446,33.91842],[-87.35384,33.91821],[-87.36603,33.91539],[-87.37688,33.91857],[-87.37872,33.91235],[-87.38728,33.91713],[-87.38747,33.91072],[-87.39376,33.90639],[-87.39941,33.89881],[-87.40931,33.90279],[-87.41589,33.90228],[-87.41453,33.89468],[-87.41824,33.89267],[-87.43412,33.8897],[-87.44745,33.89291],[-87.46356,33.88115],[-87.46709,33.89538],[-87.47345,33.89132],[-87.488,33.89407],[-87.49491,33.88913],[-87.49761,33.88724],[-87.49839,33.87844],[-87.51603,33.8731],[-87.52726,33.87464],[-87.54509,33.88621],[-87.55478,33.88117],[-87.55958,33.87602],[-87.56108,33.86871],[-87.5316,33.86762],[-87.5306,33.79118],[-87.52309,33.7891],[-87.51473,33.79077],[-87.49842,33.79856],[-87.48509,33.79931],[-87.47966,33.791],[-87.4748,33.7911],[-87.47473,33.78551],[-87.47002,33.78413],[-87.46508,33.77854],[-87.45938,33.78324],[-87.45526,33.78411],[-87.44479,33.79368],[-87.4372,33.79686],[-87.43376,33.80022],[-87.42279,33.80459],[-87.41729,33.80261],[-87.40863,33.80552],[-87.3995,33.80697],[-87.39529,33.80281],[-87.37909,33.80288],[-87.37744,33.80894],[-87.37049,33.80858],[-87.36797,33.80227],[-87.36306,33.80261],[-87.36133,33.81277],[-87.35279,33.81693],[-87.35077,33.82223],[-87.35454,33.82435],[-87.3589,33.83182],[-87.35677,33.83752],[-87.34982,33.84186],[-87.33435,33.83725],[-87.33361,33.843],[-87.33741,33.8485],[-87.33633,33.85934],[-87.32994,33.86418],[-87.32637,33.87191],[-87.33993,33.88369],[-87.34393,33.88877],[-87.34341,33.90514],[-87.34446,33.91842]]]},"properties":{"STATEFP":"01","COUNTYFP":"127","COUSUBFP":"93168","COUSUBNS":"00165990","GEOIDFQ":"0600000US0112793168","GEOID":"0112793168","NAME":"Townley","NAMELSAD":"Townley CCD","STUSPS":"AL","NAMELSADCO":"Walker County","STATE_NAME":"Alabama","LSAD":"22","ALAND":192624595,"AWATER":1055553}},
{"type":"Feature","geometry":{"type":"Polygon","coordinates":[[[-87.38122,31.91358],[-87.3861,31.9056],[-87.396,31.90448],[-87.41468,31.90746],[-87.42671,31.9162],[-87.44169,31.92136],[-87.44863,31.92551],[-87.45617,31.93247],[-87.46547,31.93585],[-87.47829,31.93474],[-87.49116,31.92178],[-87.49794,31.91925],[-87.51092,31.91861],[-87.51596,31.91654],[-87.5175,31.91232],[-87.51677,31.89965],[-87.51803,31.89466],[-87.52385,31.88685],[-87.52915,31.86931],[-87.53321,31.85896],[-87.53446,31.85095],[-87.53114,31.83943],[-87.52822,31.83697],[-87.51534,31.83496],[-87.50262,31.8292],[-87.50093,31.82925],[-87.30519,31.83117],[-87.22828,31.83142],[-87.2184,31.82939],[-87.21408,31.8285],[-87.16283,31.82842],[-87.16344,31.8444],[-87.16601,31.86462],[-87.16388,31.87033],[-87.16643,31.8751],[-87.16359,31.88392],[-87.16363,31.89841],[-87.16946,31.90336],[-87.16997,31.91372],[-87.17457,31.91611],[-87.17332,31.93067],[-87.17754,31.93546],[-87.18257,31.93663],[-87.18429,31.94032],[-87.19442,31.94992],[-87.19568,31.95389],[-87.21378,31.96754],[-87.21458,31.97137],[-87.22426,31.97184],[-87.22985,31.97659],[-87.23509,31.97515],[-87.2451,31.97898],[-87.24938,31.98243],[-87.25279,31.97799],[-87.26276,31.97741],[-87.26899,31.98299],[-87.28256,31.9764],[-87.29658,31.97167],[-87.3023,31.97085],[-87.30853,31.97325],[-87.3105,31.96267],[-87.31622,31.95802],[-87.32588,31.95765],[-87.33785,31.95579],[-87.34577,31.95159],[-87.35221,31.95054],[-87.36014,31.94554],[-87.36279,31.94098],[-87.35991,31.92695],[-87.36275,31.92302],[-87.36743,31.92279],[-87.37177,31.91796],[-87.37249,31.91397],[-87.38122,31.91358]]]},"properties":{"STATEFP":"01","COUNTYFP":"131","COUSUBFP":"90756","COUSUBNS":"00165998","GEOIDFQ":"0600000US0113190756","GEOID":"0113190756","NAME":"Coy-Fatama","NAMELSAD":"Coy-Fatama CCD","STUSPS":"AL","NAMELSADCO":"Wilcox County","STATE_NAME":"Alabama","LSAD":"22","ALAND":422570521,"AWATER":2519419}},
{"type":"Feature","geometry":{"type":"Polygon","coordinates":[[[-86.1578,34.04721],[-86.16416,34.0523],[-86.17473,34.04756],[-86.18397,34.05097],[-86.18351,34.05609],[-86.18836,34.06747],[-86.18926,34.07475],[-86.18771,34.07956],[-86.18637,34.09851],[-86.19171,34.10607],[-86.19218,34.12369],[-86.18984,34.12848],[-86.19456,34.13317],[-86.19999,34.14226],[-86.19732,34.14793],[-86.20062,34.15861],[-86.20134,34.17277],[-86.19772,34.17784],[-86.20047,34.17703],[-86.25331,34.13707],[-86.30352,34.09907],[-86.32269,34.07222],[-86.33239,34.04648],[-86.33227,34.02285],[-86.33272,33.98611],[-86.33567,33.98376],[-86.33934,33.97148],[-86.34468,33.9675],[-86.34465,33.96453],[-86.35152,33.96012],[-86.34949,33.95725],[-86.3586,33.95292],[-86.36107,33.9469],[-86.37015,33.93977],[-86.32562,33.94015],[-86.32621,33.94282],[-86.31889,33.95531],[-86.31362,33.95668],[-86.30796,33.96205],[-86.29615,33.97705],[-86.29001,33.98372],[-86.28217,33.98373],[-86.27783,33.9893],[-86.27442,33.98863],[-86.26844,33.97889],[-86.26109,33.988],[-86.25287,33.99247],[-86.24627,33.99896],[-86.23868,34.01006],[-86.23771,34.01534],[-86.23048,34.01511],[-86.21042,34.0222],[-86.19023,34.03415],[-86.17181,34.04658],[-86.16036,34.04477],[-86.1578,34.04721]]]},"properties":{"STATEFP":"01","COUNTYFP":"055","COUSUBFP":"90081","COUSUBNS":"00165768","GEOIDFQ":"0600000US0105590081","GEOID":"0105590081","NAME":"Altoona","NAMELSAD":"Altoona CCD","STUSPS":"AL","NAMELSADCO":"Etowah County","STATE_NAME":"Alabama","LSAD":"22","ALAND":205444753,"AWATER":671935}},
{"type":"Feature","geometry":{"type":"Polygon","coordinates":[[[-87.52979,34.51852],[-87.53069,34.43624],[-87.52972,34.3046],[-87.49815,34.30444],[-87.37421,34.30083],[-87.33397,34.30014],[-87.33831,34.30762],[-87.34435,34.31032],[-87.34998,34.33513],[-87.34304,34.3436],[-87.33757,34.34739],[-87.33378,34.35419],[-87.33489,34.3611],[-87.3245,34.37097],[-87.32396,34.37666],[-87.317,34.39069],[-87.31578,34.39656],[-87.31552,34.40945],[-87.3128,34.41521],[-87.31628,34.41799],[-87.33015,34.41722],[-87.33438,34.42162],[-87.33302,34.42747],[-87.3377,34.43545],[-87.3474,34.43043],[-87.34948,34.41955],[-87.3564,34.41667],[-87.36507,34.42068],[-87.37022,34.41726],[-87.37601,34.41843],[-87.39068,34.4169],[-87.39875,34.41713],[-87.40231,34.42102],[-87.40829,34.41999],[-87.40734,34.4693],[-87.398,34.46912],[-87.38347,34.47399],[-87.37983,34.47669],[-87.38516,34.48297],[-87.38821,34.49008],[-87.38773,34.50169],[-87.39522,34.50076],[-87.39832,34.50506],[-87.41738,34.50576],[-87.42832,34.51376],[-87.42774,34.51819],[-87.43925,34.52034],[-87.44139,34.51192],[-87.45012,34.51205],[-87.45492,34.51705],[-87.4648,34.51617],[-87.47294,34.5216],[-87.48088,34.52179],[-87.48653,34.51809],[-87.49308,34.51868],[-87.49358,34.50424],[-87.50509,34.50125],[-87.51162,34.5077],[-87.51489,34.5086],[-87.52308,34.52133],[-87.52979,34.51852]]]},"properties":{"STATEFP":"01","COUNTYFP":"079","COUSUBFP":"92286","COUSUBNS":"00165843","GEOIDFQ":"0600000US0107992286","GEOID":"0107992286","NAME":"Mount Hope","NAMELSAD":"Mount Hope CCD","STUSPS":"AL","NAMELSADCO":"Lawrence County","STATE_NAME":"Alabama","LSAD":"22","ALAND":361346824,"AWATER":1982766}},
{"type":"Feature","geometry":{"type":"Polygon","coordinates":[[[-86.86511,33.6299],[-86.86581,33.64027],[-86.87147,33.65182],[-86.87186,33.6611],[-86.87009,33.66773],[-86.87187,33.67423],[-86.87262,33.68831],[-86.87164,33.69923],[-86.86867,33.70186],[-86.87506,33.70656],[-86.88591,33.71802],[-86.88705,33.7222],[-86.88349,33.72729],[-86.88948,33.74176],[-86.90157,33.74654],[-86.91382,33.7489],[-86.91813,33.74414],[-86.91916,33.73697],[-86.924,33.73604],[-86.94215,33.73812],[-86.94247,33.72795],[-86.94686,33.72715],[-86.94976,33.7327],[-86.96357,33.72058],[-86.96139,33.71703],[-86.95404,33.7129],[-86.95736,33.70743],[-86.96657,33.71264],[-86.97582,33.72261],[-86.98132,33.72484],[-86.98393,33.72227],[-86.97935,33.71749],[-86.98055,33.71201],[-86.98798,33.70554],[-86.99189,33.70506],[-86.9878,33.69684],[-86.97784,33.68927],[-86.97464,33.68451],[-86.97107,33.67176],[-86.96847,33.67357],[-86.95901,33.66933],[-86.96196,33.66449],[-86.95878,33.65761],[-86.95328,33.65922],[-86.9474,33.6465],[-86.95006,33.64082],[-86.94585,33.63233],[-86.92994,33.62453],[-86.92502,33.61837],[-86.9213,33.61751],[-86.91402,33.61938],[-86.91215,33.62446],[-86.90719,33.62947],[-86.8939,33.62732],[-86.88558,33.62355],[-86.87798,33.62714],[-86.86511,33.6299]]]},"properties":{"STATEFP":"01","COUNTYFP":"073","COUSUBFP":"90405","COUSUBNS":"00165813","GEOIDFQ":"0600000US0107390405","GEOID":"0107390405","NAME":"Brookside","NAMELSAD":"Brookside CCD","STUSPS":"AL","NAMELSADCO":"Jefferson County","STATE_NAME":"Alabama","LSAD":"22","ALAND":105760797,"AWATER":480126}},
{"type":"Feature","geometry":{"type":"Polygon","coordinates":[[[-87.54818,33.606],[-87.5,33.60482],[-87.48604,33.60365],[-87.4237,33.6021],[-87.42384,33.68911],[-87.5,33.69161],[-87.52834,33.69205],[-87.52931,33.72302],[-87.52992,33.76167],[-87.53093,33.75357],[-87.53335,33.74883],[-87.54165,33.74549],[-87.5483,33.74773],[-87.55095,33.74057],[-87.56045,33.73198],[-87.5699,33.73353],[-87.58274,33.73004],[-87.59009,33.72138],[-87.60537,33.71681],[-87.6109,33.71818],[-87.62214,33.7307],[-87.63769,33.7376],[-87.64447,33.74499],[-87.64998,33.73748],[-87.64807,33.72577],[-87.66384,33.73002],[-87.67053,33.73629],[-87.67804,33.73731],[-87.68517,33.74396],[-87.68829,33.7496],[-87.69438,33.75086],[-87.69573,33.74598],[-87.70201,33.73925],[-87.70849,33.73921],[-87.71829,33.74159],[-87.7195,33.73593],[-87.73035,33.72486],[-87.72866,33.71807],[-87.73105,33.71086],[-87.73816,33.7027],[-87.73753,33.69438],[-87.72712,33.69041],[-87.72164,33.6919],[-87.7173,33.68264],[-87.70954,33.67786],[-87.70835,33.66999],[-87.70246,33.66463],[-87.70609,33.65599],[-87.70259,33.65304],[-87.70339,33.64802],[-87.71164,33.6432],[-87.70998,33.63721],[-87.71453,33.63052],[-87.72952,33.62938],[-87.73688,33.63164],[-87.7417,33.63763],[-87.75466,33.63619],[-87.7583,33.63448],[-87.75331,33.62889],[-87.75289,33.62064],[-87.75082,33.61453],[-87.74273,33.60156],[-87.74036,33.59241],[-87.74055,33.58524],[-87.73862,33.57803],[-87.74294,33.57362],[-87.74331,33.5663],[-87.73501,33.5473],[-87.74239,33.54212],[-87.74094,33.53627],[-87.7424,33.52338],[-87.73818,33.51967],[-87.66666,33.52167],[-87.66663,33.57981],[-87.63161,33.58067],[-87.63172,33.60983],[-87.58463,33.60717],[-87.54818,33.606]]]},"properties":{"STATEFP":"01","COUNTYFP":"057","COUSUBFP":"90279","COUSUBNS":"00165775","GEOIDFQ":"0600000US0105790279","GEOID":"0105790279","NAME":"Berry","NAMELSAD":"Berry CCD","STUSPS":"AL","NAMELSADCO":"Fayette County","STATE_NAME":"Alabama","LSAD":"22","ALAND":427697350,"AWATER":551762}},
{"type":"Feature","geometry":{"type":"Polygon","coordinates":[[[-87.95585,31.28461],[-87.96656,31.28878],[-87.97478,31.29446],[-87.97621,31.30263],[-87.97176,31.30918],[-87.97347,31.31886],[-87.97944,31.32478],[-87.98334,31.32576],[-87.98817,31.33119],[-87.99549,31.33497],[-88.00123,31.33472],[-88.01492,31.33797],[-88.01911,31.33665],[-88.03169,31.33881],[-88.03178,31.33485],[-88.05257,31.32597],[-88.07076,31.32431],[-88.08441,31.32975],[-88.09393,31.32642],[-88.10325,31.31922],[-88.12599,31.31922],[-88.14413,31.32469],[-88.15322,31.32897],[-88.16348,31.32735],[-88.16664,31.32379],[-88.17716,31.3258],[-88.18781,31.32106],[-88.18028,31.31726],[-88.175,31.31227],[-88.16456,31.2998],[-88.16112,31.29137],[-88.15993,31.27606],[-88.16437,31.26646],[-88.16315,31.25992],[-88.15514,31.24952],[-88.15451,31.24447],[-88.15029,31.24029],[-88.14635,31.23199],[-88.14884,31.21856],[-88.15499,31.21344],[-88.15982,31.20656],[-88.16739,31.20339],[-88.17726,31.1887],[-88.18148,31.17924],[-88.19209,31.17499],[-88.20312,31.16269],[-88.20939,31.15922],[-88.21612,31.15112],[-88.2173,31.14399],[-88.19693,31.14404],[-88.06241,31.14372],[-88.02265,31.14427],[-87.98882,31.17331],[-87.97347,31.16429],[-87.97287,31.16269],[-87.96107,31.16041],[-87.95234,31.162],[-87.94375,31.16134],[-87.94093,31.16585],[-87.94698,31.1761],[-87.94519,31.183],[-87.94659,31.19293],[-87.95013,31.20087],[-87.94841,31.20682],[-87.94066,31.21139],[-87.93863,31.22037],[-87.93133,31.22455],[-87.94403,31.24429],[-87.9475,31.24657],[-87.95741,31.24781],[-87.96338,31.25017],[-87.96923,31.25836],[-87.97428,31.25962],[-87.98066,31.25584],[-87.98623,31.25976],[-87.9744,31.27041],[-87.96634,31.2714],[-87.95969,31.2678],[-87.95511,31.26775],[-87.95304,31.27191],[-87.95738,31.27965],[-87.95585,31.28461]]]},"properties":{"STATEFP":"01","COUNTYFP":"129","COUSUBFP":"92043","COUSUBNS":"00165993","GEOIDFQ":"0600000US0112992043","GEOID":"0112992043","NAME":"McIntosh","NAMELSAD":"McIntosh CCD","STUSPS":"AL","NAMELSADCO":"Washington County","STATE_NAME":"Alabama","LSAD":"22","ALAND":400214865,"AWATER":4732855}},
{"type":"Feature","geometry":{"type":"Polygon","coordinates":[[[-87.02561,33.17915],[-87.02975,33.17202],[-87.02905,33.1573],[-87.03346,33.16039],[-87.03981,33.15273],[-87.03403,33.14787],[-87.02762,33.13869],[-87.02882,33.13378],[-87.02684,33.12933],[-87.03257,33.12562],[-87.04023,33.12631],[-87.04039,33.12266],[-87.03249,33.11699],[-87.03762,33.11278],[-87.03979,33.1075],[-87.04356,33.10565],[-87.06029,33.09161],[-87.06406,33.08619],[-87.06544,33.08042],[-87.0723,33.07622],[-87.07841,33.07035],[-87.0817,33.05294],[-87.07657,33.04189],[-87.07986,33.03631],[-87.06988,33.02928],[-87.07372,33.02039],[-87.07865,33.01915],[-87.07041,33.01191],[-87.07054,33.00515],[-87.06653,33.00263],[-87.06592,32.99465],[-87.05489,32.99432],[-87.04354,32.99886],[-87.03028,33.00035],[-87.0108,33.00658],[-87.00364,33.00807],[-86.989,33.00777],[-86.97624,33.0101],[-86.96211,33.01432],[-86.95234,33.01459],[-86.93207,33.01771],[-86.9242,33.02093],[-86.91423,33.02134],[-86.91089,33.01777],[-86.90015,33.01656],[-86.8836,33.01609],[-86.87657,33.01891],[-86.87687,33.04993],[-86.88118,33.0499],[-86.89852,33.04981],[-86.8986,33.05706],[-86.91622,33.05715],[-86.92008,33.06432],[-86.93397,33.06406],[-86.93399,33.0788],[-86.95166,33.07874],[-86.95088,33.09859],[-86.96929,33.0984],[-86.96956,33.15814],[-86.97437,33.16171],[-87.00387,33.16201],[-87.00384,33.1658],[-87.0256,33.1658],[-87.02561,33.1789],[-87.02561,33.17915]]]},"properties":{"STATEFP":"01","COUNTYFP":"007","COUSUBFP":"92601","COUSUBNS":"00165658","GEOIDFQ":"0600000US0100792601","GEOID":"0100792601","NAME":"Piper-Coleanor","NAMELSAD":"Piper-Coleanor CCD","STUSPS":"AL","NAMELSADCO":"Bibb County","STATE_NAME":"Alabama","LSAD":"22","ALAND":194040467,"AWATER":2016668}},
{"type":"Feature","geometry":{"type":"Polygon","coordinates":[[[-87.80465,30.45792],[-87.80789,30.45116],[-87.80461,30.44554],[-87.81101,30.44168],[-87.81227,30.4357],[-87.81928,30.43491],[-87.82749,30.42844],[-87.82239,30.41872],[-87.82616,30.41224],[-87.83499,30.37595],[-87.83719,30.3755],[-87.83748,30.36814],[-87.82988,30.35381],[-87.80927,30.3327],[-87.79672,30.3242],[-87.77276,30.3117],[-87.75614,30.29233],[-87.75028,30.2924],[-87.74717,30.28777],[-87.768,30.26246],[-87.78775,30.25424],[-87.80209,30.25305],[-87.81774,30.25429],[-87.86008,30.24029],[-87.87934,30.23859],[-87.8932,30.23924],[-87.90046,30.24153],[-87.91376,30.24784],[-87.91825,30.25331],[-87.93604,30.26147],[-87.94898,30.25656],[-87.96685,30.23562],[-88.01173,30.23245],[-88.02399,30.23039],[-88.02858,30.22676],[-88.02768,30.22365],[-88.01361,30.22349],[-88,30.22575],[-87.96225,30.22952],[-87.92612,30.23037],[-87.83846,30.22719],[-87.80056,30.22937],[-87.73553,30.24068],[-87.7027,30.24484],[-87.68181,30.24827],[-87.65998,30.25059],[-87.64164,30.25454],[-87.58136,30.26926],[-87.56504,30.27175],[-87.55866,30.2713],[-87.51832,30.28044],[-87.51838,30.2839],[-87.49998,30.2879],[-87.45238,30.3002],[-87.45008,30.3111],[-87.45958,30.3083],[-87.47588,30.3079],[-87.48368,30.3048],[-87.49488,30.305],[-87.50468,30.3089],[-87.50584,30.31509],[-87.52245,30.31532],[-87.5386,30.30503],[-87.54218,30.30386],[-87.56029,30.30664],[-87.56995,30.30406],[-87.57244,30.29997],[-87.57952,30.2981],[-87.58534,30.29916],[-87.58945,30.30567],[-87.58925,30.3182],[-87.60116,30.34246],[-87.60209,30.35217],[-87.61061,30.3556],[-87.61417,30.35944],[-87.62165,30.3629],[-87.62129,30.3675],[-87.6166,30.37486],[-87.62032,30.38464],[-87.62128,30.39442],[-87.62734,30.39793],[-87.63098,30.40886],[-87.6386,30.4098],[-87.64256,30.41584],[-87.64603,30.42486],[-87.64355,30.43288],[-87.64343,30.43875],[-87.64586,30.44477],[-87.64364,30.45082],[-87.6664,30.45086],[-87.66641,30.45807],[-87.79231,30.45788],[-87.80274,30.45984],[-87.80465,30.45792]]]},"properties":{"STATEFP":"01","COUNTYFP":"003","COUSUBFP":"91152","COUSUBNS":"00161595","GEOIDFQ":"0600000US0100391152","GEOID":"0100391152","NAME":"Foley","NAMELSAD":"Foley CCD","STUSPS":"AL","NAMELSADCO":"Baldwin County","STATE_NAME":"Alabama","LSAD":"22","ALAND":451448059,"AWATER":677113701}},
{"type":"Feature","geometry":{"type":"Polygon","coordinates":[[[-85.48576,31.19989],[-85.48529,31.126],[-85.48591,31.0686],[-85.48787,31.00301],[-85.4883,30.99708],[-85.32906,30.99956],[-85.33243,31.00089],[-85.33886,31.01104],[-85.34799,31.01921],[-85.35909,31.02513],[-85.36561,31.03143],[-85.36834,31.03944],[-85.3835,31.04904],[-85.37927,31.05506],[-85.3745,31.06786],[-85.3698,31.10658],[-85.36997,31.13944],[-85.3722,31.14922],[-85.37667,31.15798],[-85.37976,31.15773],[-85.39127,31.14845],[-85.39328,31.13735],[-85.39991,31.13039],[-85.41191,31.12561],[-85.41695,31.12216],[-85.41763,31.11078],[-85.42213,31.10989],[-85.43288,31.12544],[-85.43746,31.12651],[-85.4446,31.13414],[-85.44941,31.15536],[-85.44588,31.15901],[-85.4516,31.16281],[-85.45171,31.17064],[-85.45565,31.1723],[-85.46864,31.16478],[-85.46684,31.17545],[-85.46841,31.18187],[-85.46251,31.18521],[-85.46443,31.19206],[-85.47221,31.19897],[-85.47605,31.19547],[-85.47927,31.19993],[-85.48576,31.19989]]]},"properties":{"STATEFP":"01","COUNTYFP":"069","COUSUBFP":"92070","COUSUBNS":"00165804","GEOIDFQ":"0600000US0106992070","GEOID":"0106992070","NAME":"Madrid","NAMELSAD":"Madrid CCD","STUSPS":"AL","NAMELSADCO":"Houston County","STATE_NAME":"Alabama","LSAD":"22","ALAND":191330487,"AWATER":909732}},
{"type":"Feature","geometry":{"type":"Polygon","coordinates":[[[-85.64348,33.49589],[-85.76543,33.49859],[-85.76563,33.48348],[-85.78269,33.48364],[-85.78273,33.46935],[-85.88778,33.46943],[-85.88767,33.47677],[-85.87005,33.47676],[-85.86931,33.49157],[-85.85242,33.49164],[-85.85189,33.49874],[-85.90491,33.49866],[-85.90534,33.45471],[-85.91984,33.45461],[-85.92282,33.45458],[-85.92376,33.39621],[-85.94087,33.39605],[-85.94126,33.38175],[-85.97652,33.38187],[-85.97671,33.36858],[-85.97879,33.32757],[-85.96954,33.32843],[-85.95826,33.33613],[-85.94529,33.3423],[-85.93443,33.34533],[-85.92626,33.35267],[-85.918,33.35146],[-85.91194,33.35514],[-85.90525,33.36216],[-85.88449,33.36512],[-85.87197,33.36395],[-85.86726,33.36031],[-85.85142,33.36082],[-85.83474,33.36294],[-85.82371,33.3624],[-85.82021,33.35785],[-85.81608,33.34783],[-85.81113,33.34409],[-85.79964,33.34634],[-85.79653,33.33317],[-85.79284,33.3297],[-85.79192,33.322],[-85.80132,33.31798],[-85.79563,33.31339],[-85.79807,33.30585],[-85.79493,33.29084],[-85.79587,33.28917],[-85.78718,33.28303],[-85.77438,33.28053],[-85.76551,33.27625],[-85.75534,33.27905],[-85.74294,33.27587],[-85.7371,33.28214],[-85.72786,33.27908],[-85.71542,33.27679],[-85.71038,33.27382],[-85.69953,33.27781],[-85.69963,33.27251],[-85.69202,33.26957],[-85.68821,33.27426],[-85.6889,33.27771],[-85.67824,33.27627],[-85.67526,33.27306],[-85.67084,33.27682],[-85.66315,33.26628],[-85.65971,33.26435],[-85.65772,33.25856],[-85.65201,33.25238],[-85.65047,33.30615],[-85.64143,33.30596],[-85.6412,33.31703],[-85.64991,33.32421],[-85.64814,33.3591],[-85.64624,33.3865],[-85.64436,33.44159],[-85.64415,33.4811],[-85.64348,33.49589]]]},"properties":{"STATEFP":"01","COUNTYFP":"027","COUSUBFP":"91899","COUSUBNS":"00165703","GEOIDFQ":"0600000US0102791899","GEOID":"0102791899","NAME":"Lineville","NAMELSAD":"Lineville CCD","STUSPS":"AL","NAMELSADCO":"Clay County","STATE_NAME":"Alabama","LSAD":"22","ALAND":513045562,"AWATER":1903126}},
{"type":"Feature","geometry":{"type":"Polygon","coordinates":[[[-85.58234,34.45913],[-85.57825,34.46417],[-85.58032,34.47031],[-85.57463,34.46973],[-85.57145,34.47312],[-85.57679,34.48444],[-85.57103,34.48615],[-85.56711,34.49025],[-85.56039,34.48991],[-85.55817,34.49561],[-85.55936,34.50125],[-85.55195,34.50333],[-85.5444,34.50009],[-85.5413,34.50596],[-85.53754,34.50775],[-85.53343,34.51408],[-85.52293,34.51789],[-85.5258,34.5211],[-85.5192,34.52626],[-85.51371,34.52417],[-85.51707,34.5426],[-85.52726,34.58868],[-85.53433,34.62508],[-85.55807,34.73443],[-85.56363,34.72499],[-85.56741,34.72143],[-85.57676,34.72622],[-85.58543,34.70871],[-85.58772,34.70089],[-85.5961,34.69449],[-85.59956,34.68659],[-85.6077,34.67529],[-85.62352,34.65945],[-85.62965,34.65134],[-85.63531,34.63297],[-85.63833,34.63072],[-85.64637,34.61309],[-85.65142,34.60768],[-85.65408,34.59856],[-85.66385,34.58971],[-85.66737,34.58279],[-85.67401,34.57834],[-85.67474,34.57394],[-85.67886,34.56905],[-85.68515,34.56829],[-85.69368,34.55599],[-85.68298,34.55326],[-85.6772,34.54733],[-85.66889,34.54415],[-85.66646,34.53964],[-85.65965,34.53619],[-85.65629,34.52668],[-85.64832,34.52154],[-85.63979,34.52224],[-85.63458,34.51651],[-85.6361,34.51004],[-85.63989,34.50564],[-85.63675,34.50044],[-85.62296,34.50486],[-85.61953,34.50337],[-85.618,34.49395],[-85.61247,34.49199],[-85.6076,34.49371],[-85.59748,34.49],[-85.59407,34.48329],[-85.59517,34.47408],[-85.58854,34.47246],[-85.59061,34.46609],[-85.58234,34.45913]]]},"properties":{"STATEFP":"01","COUNTYFP":"049","COUSUBFP":"93276","COUSUBNS":"00165757","GEOIDFQ":"0600000US0104993276","GEOID":"0104993276","NAME":"Valley Head-Mentone","NAMELSAD":"Valley Head-Mentone CCD","STUSPS":"AL","NAMELSADCO":"DeKalb County","STATE_NAME":"Alabama","LSAD":"22","ALAND":245164897,"AWATER":659196}},
{"type":"Feature","geometry":{"type":"Polygon","coordinates":[[[-87.42651,34.80002],[-87.41498,34.80049],[-87.41291,34.8109],[-87.40754,34.82592],[-87.4,34.82998],[-87.40041,34.83321],[-87.40922,34.83838],[-87.40539,34.84274],[-87.40534,34.84685],[-87.41444,34.8476],[-87.41786,34.85454],[-87.41234,34.86308],[-87.41167,34.86682],[-87.41704,34.87233],[-87.42101,34.87285],[-87.42622,34.86416],[-87.42938,34.86408],[-87.43139,34.87396],[-87.4398,34.88238],[-87.43692,34.89116],[-87.43654,34.89813],[-87.4466,34.90101],[-87.44951,34.90847],[-87.44802,34.91539],[-87.44242,34.91645],[-87.43993,34.92482],[-87.43445,34.9269],[-87.43193,34.93822],[-87.4299,34.93945],[-87.43011,34.94999],[-87.43484,34.95329],[-87.43122,34.95967],[-87.43397,34.96647],[-87.43085,34.97415],[-87.43163,34.97824],[-87.43712,34.98718],[-87.43993,34.99884],[-87.43707,35.00284],[-87.57749,35.00351],[-87.57909,35.00114],[-87.58869,34.99607],[-87.58151,34.98177],[-87.58904,34.97934],[-87.60173,34.98629],[-87.60247,34.97991],[-87.59964,34.97541],[-87.59203,34.97012],[-87.59551,34.96689],[-87.60133,34.96667],[-87.60221,34.96315],[-87.59669,34.95565],[-87.58884,34.94951],[-87.59183,34.94284],[-87.60785,34.94056],[-87.60033,34.92571],[-87.60967,34.9132],[-87.59672,34.91062],[-87.58456,34.91393],[-87.5818,34.91198],[-87.58807,34.90131],[-87.58774,34.89826],[-87.58081,34.89602],[-87.5711,34.89795],[-87.56658,34.89601],[-87.56561,34.88883],[-87.55821,34.86579],[-87.56297,34.86102],[-87.57186,34.86077],[-87.57254,34.85834],[-87.56828,34.84992],[-87.5608,34.84648],[-87.55352,34.83834],[-87.55363,34.82689],[-87.54629,34.83043],[-87.53549,34.82955],[-87.52436,34.83238],[-87.51418,34.83018],[-87.509,34.82312],[-87.49531,34.81904],[-87.48661,34.81447],[-87.47812,34.81242],[-87.46823,34.81193],[-87.44998,34.80828],[-87.43533,34.80391],[-87.42651,34.80002]]]},"properties":{"STATEFP":"01","COUNTYFP":"077","COUSUBFP":"91782","COUSUBNS":"00165834","GEOIDFQ":"0600000US0107791782","GEOID":"0107791782","NAME":"Killen","NAMELSAD":"Killen CCD","STUSPS":"AL","NAMELSADCO":"Lauderdale County","STATE_NAME":"Alabama","LSAD":"22","ALAND":267010611,"AWATER":19032492}},
{"type":"Feature","geometry":{"type":"Polygon","coordinates":[[[-87.34932,35.00166],[-87.43707,35.00284],[-87.43993,34.99884],[-87.43712,34.98718],[-87.43163,34.97824],[-87.43085,34.97415],[-87.43397,34.96647],[-87.43122,34.95967],[-87.43484,34.95329],[-87.43011,34.94999],[-87.4299,34.93945],[-87.43193,34.93822],[-87.43445,34.9269],[-87.43993,34.92482],[-87.44242,34.91645],[-87.44802,34.91539],[-87.44951,34.90847],[-87.4466,34.90101],[-87.43654,34.89813],[-87.43692,34.89116],[-87.4398,34.88238],[-87.43139,34.87396],[-87.42938,34.86408],[-87.42622,34.86416],[-87.42101,34.87285],[-87.41704,34.87233],[-87.41167,34.86682],[-87.41234,34.86308],[-87.41786,34.85454],[-87.41444,34.8476],[-87.40534,34.84685],[-87.40539,34.84274],[-87.40922,34.83838],[-87.40041,34.83321],[-87.4,34.82998],[-87.40754,34.82592],[-87.41291,34.8109],[-87.41498,34.80049],[-87.39362,34.80179],[-87.37724,34.8044],[-87.37604,34.82598],[-87.36978,34.82956],[-87.36831,34.8329],[-87.37178,34.84144],[-87.36569,34.84824],[-87.35828,34.85264],[-87.36526,34.86294],[-87.35901,34.86389],[-87.36088,34.87262],[-87.37309,34.87265],[-87.36847,34.88031],[-87.37383,34.88565],[-87.37655,34.89119],[-87.37037,34.89422],[-87.36991,34.90461],[-87.36428,34.90449],[-87.36203,34.90938],[-87.35013,34.91463],[-87.34001,34.92227],[-87.33526,34.92978],[-87.34135,34.93537],[-87.33869,34.93938],[-87.3304,34.94416],[-87.33059,34.94923],[-87.3392,34.95422],[-87.33785,34.95959],[-87.33263,34.96551],[-87.33367,34.97107],[-87.3456,34.98006],[-87.34534,34.98527],[-87.34946,34.98916],[-87.35108,34.99426],[-87.34932,35.00166]]]},"properties":{"STATEFP":"01","COUNTYFP":"077","COUSUBFP":"91872","COUSUBNS":"00165835","GEOIDFQ":"0600000US0107791872","GEOID":"0107791872","NAME":"Lexington","NAMELSAD":"Lexington CCD","STUSPS":"AL","NAMELSADCO":"Lauderdale County","STATE_NAME":"Alabama","LSAD":"22","ALAND":138659124,"AWATER":6253833}},
{"type":"Feature","geometry":{"type":"Polygon","coordinates":[[[-86.49921,31.52533],[-86.49935,31.55393],[-86.50375,31.55405],[-86.50395,31.5687],[-86.49925,31.56848],[-86.49943,31.6263],[-86.51726,31.62829],[-86.52909,31.62804],[-86.54118,31.62896],[-86.54676,31.63097],[-86.57573,31.63631],[-86.6007,31.63691],[-86.62384,31.63334],[-86.6355,31.63353],[-86.64512,31.63475],[-86.65759,31.64056],[-86.66679,31.64101],[-86.69376,31.6407],[-86.70235,31.64408],[-86.71026,31.64398],[-86.71705,31.6576],[-86.71882,31.66495],[-86.72569,31.65769],[-86.72745,31.66301],[-86.73378,31.66699],[-86.74481,31.66658],[-86.7489,31.67632],[-86.75556,31.67763],[-86.76654,31.65978],[-86.77517,31.65077],[-86.78124,31.65524],[-86.78478,31.66147],[-86.79295,31.66349],[-86.80077,31.67362],[-86.80724,31.67454],[-86.81308,31.67292],[-86.83881,31.67642],[-86.84706,31.67442],[-86.85633,31.66566],[-86.86288,31.66442],[-86.87247,31.67209],[-86.8851,31.675],[-86.89375,31.68838],[-86.90563,31.69518],[-86.90723,31.68499],[-86.90646,31.63262],[-86.90268,31.62742],[-86.90266,31.62368],[-86.89072,31.60724],[-86.88834,31.59876],[-86.88811,31.59221],[-86.88,31.58659],[-86.88198,31.58242],[-86.87456,31.57799],[-86.87371,31.56954],[-86.86959,31.56619],[-86.86743,31.55807],[-86.86625,31.54642],[-86.86104,31.54415],[-86.85253,31.53627],[-86.84351,31.53565],[-86.83802,31.5252],[-86.82067,31.5254],[-86.80351,31.52385],[-86.75603,31.5237],[-86.7462,31.52414],[-86.70155,31.52395],[-86.67581,31.52368],[-86.52668,31.52438],[-86.49921,31.52533]]]},"properties":{"STATEFP":"01","COUNTYFP":"013","COUSUBFP":"91314","COUSUBNS":"00165673","GEOIDFQ":"0600000US0101391314","GEOID":"0101391314","NAME":"Georgiana-McKenzie","NAMELSAD":"Georgiana-McKenzie CCD","STUSPS":"AL","NAMELSADCO":"Butler County","STATE_NAME":"Alabama","LSAD":"22","ALAND":512664337,"AWATER":367569}},
{"type":"Feature","geometry":{"type":"Polygon","coordinates":[[[-87.10699,34.49916],[-87.11257,34.49647],[-87.11051,34.49176],[-87.11818,34.48028],[-87.12399,34.48511],[-87.13358,34.4841],[-87.14241,34.48078],[-87.14096,34.47689],[-87.14615,34.47497],[-87.14323,34.46711],[-87.1382,34.46219],[-87.15009,34.46143],[-87.15276,34.46372],[-87.16366,34.45844],[-87.17716,34.46785],[-87.18445,34.46516],[-87.19768,34.46475],[-87.20704,34.47229],[-87.21317,34.47048],[-87.21398,34.41935],[-87.20449,34.4192],[-87.19713,34.41638],[-87.20124,34.40942],[-87.20125,34.40335],[-87.20587,34.39724],[-87.22775,34.39518],[-87.22866,34.38215],[-87.2274,34.37068],[-87.23679,34.35136],[-87.23099,34.34277],[-87.23728,34.32758],[-87.24273,34.32095],[-87.24629,34.30979],[-87.24984,34.30743],[-87.2554,34.29919],[-87.14183,34.29915],[-87.10991,34.2993],[-87.11011,34.3138],[-87.11016,34.37775],[-87.10937,34.41581],[-87.10699,34.49916]]]},"properties":{"STATEFP":"01","COUNTYFP":"079","COUSUBFP":"92979","COUSUBNS":"00165844","GEOIDFQ":"0600000US0107992979","GEOID":"0107992979","NAME":"Speake-Oakville","NAMELSAD":"Speake-Oakville CCD","STUSPS":"AL","NAMELSADCO":"Lawrence County","STATE_NAME":"Alabama","LSAD":"22","ALAND":201334291,"AWATER":639031}},
{"type":"Feature","geometry":{"type":"Polygon","coordinates":[[[-86.78611,34.74783],[-86.80599,34.74922],[-86.82531,34.75255],[-86.83728,34.76032],[-86.84485,34.76216],[-86.8805,34.76632],[-86.89336,34.76695],[-86.90886,34.77163],[-86.91572,34.77058],[-86.91109,34.76461],[-86.90109,34.75834],[-86.9076,34.75087],[-86.90395,34.74632],[-86.90702,34.7408],[-86.90905,34.72688],[-86.9129,34.71962],[-86.90594,34.71025],[-86.90793,34.70785],[-86.90625,34.69734],[-86.91109,34.68975],[-86.91193,34.68292],[-86.91036,34.67392],[-86.90785,34.6734],[-86.90514,34.66445],[-86.90061,34.65873],[-86.90125,34.6534],[-86.89414,34.64996],[-86.95102,34.63272],[-86.95243,34.62916],[-86.95805,34.62654],[-86.97273,34.61313],[-86.95891,34.60709],[-86.9233,34.58669],[-86.90757,34.57995],[-86.89732,34.57767],[-86.86237,34.56794],[-86.83855,34.55663],[-86.82909,34.55508],[-86.80918,34.55421],[-86.79006,34.55079],[-86.7884,34.60462],[-86.78693,34.66261],[-86.78611,34.74768],[-86.78611,34.74783]]]},"properties":{"STATEFP":"01","COUNTYFP":"083","COUSUBFP":"92232","COUSUBNS":"00165851","GEOIDFQ":"0600000US0108392232","GEOID":"0108392232","NAME":"Mooresville","NAMELSAD":"Mooresville CCD","STUSPS":"AL","NAMELSADCO":"Limestone County","STATE_NAME":"Alabama","LSAD":"22","ALAND":239399953,"AWATER":24553653}},
{"type":"Feature","geometry":{"type":"Polygon","coordinates":[[[-87.21253,32.83517],[-87.22366,32.83515],[-87.23329,32.83224],[-87.24956,32.83171],[-87.31918,32.83152],[-87.31947,32.87512],[-87.4212,32.87451],[-87.42139,32.83083],[-87.47217,32.83062],[-87.47262,32.81693],[-87.47219,32.74345],[-87.47381,32.72533],[-87.45863,32.71506],[-87.44955,32.71415],[-87.43923,32.71775],[-87.4271,32.71752],[-87.42823,32.71046],[-87.4238,32.7027],[-87.4196,32.70111],[-87.4166,32.69502],[-87.40587,32.6948],[-87.3991,32.70393],[-87.38534,32.70636],[-87.3748,32.70546],[-87.37072,32.70711],[-87.36508,32.71706],[-87.35532,32.71127],[-87.33385,32.71847],[-87.32296,32.71635],[-87.31938,32.71347],[-87.31591,32.70616],[-87.30799,32.70378],[-87.30038,32.70729],[-87.29004,32.70539],[-87.27588,32.71143],[-87.26664,32.70684],[-87.26046,32.71137],[-87.25906,32.72146],[-87.26368,32.72316],[-87.26503,32.72734],[-87.26508,32.73926],[-87.26046,32.73844],[-87.25751,32.74803],[-87.26298,32.75445],[-87.26139,32.76522],[-87.26319,32.77002],[-87.27185,32.76755],[-87.27363,32.7751],[-87.26494,32.78422],[-87.26446,32.78961],[-87.25943,32.79068],[-87.25335,32.79698],[-87.24307,32.80111],[-87.2469,32.80614],[-87.25209,32.80784],[-87.24571,32.81618],[-87.2406,32.81639],[-87.23487,32.81375],[-87.21984,32.82071],[-87.21961,32.824],[-87.21197,32.82878],[-87.21253,32.83517]]]},"properties":{"STATEFP":"01","COUNTYFP":"105","COUSUBFP":"91602","COUSUBNS":"00165918","GEOIDFQ":"0600000US0110591602","GEOID":"0110591602","NAME":"Heiberger","NAMELSAD":"Heiberger CCD","STUSPS":"AL","NAMELSADCO":"Perry County","STATE_NAME":"Alabama","LSAD":"22","ALAND":319444919,"AWATER":1440555}},
{"type":"Feature","geometry":{"type":"Polygon","coordinates":[[[-86.32453,33.63584],[-86.32949,33.63719],[-86.33819,33.6429],[-86.35145,33.64517],[-86.35774,33.64285],[-86.38051,33.63746],[-86.39083,33.63586],[-86.39873,33.63843],[-86.40589,33.64817],[-86.40826,33.65399],[-86.41232,33.65544],[-86.42613,33.65545],[-86.4322,33.65851],[-86.43643,33.65135],[-86.44475,33.64109],[-86.45932,33.65385],[-86.46064,33.65681],[-86.47033,33.66055],[-86.47778,33.6591],[-86.48427,33.66657],[-86.49254,33.67091],[-86.49612,33.68218],[-86.5008,33.68922],[-86.50831,33.69145],[-86.50833,33.69518],[-86.51486,33.70083],[-86.5204,33.70115],[-86.52537,33.69413],[-86.52512,33.64871],[-86.53382,33.64889],[-86.53369,33.63438],[-86.54282,33.63437],[-86.54277,33.61984],[-86.55134,33.61997],[-86.55161,33.58755],[-86.55199,33.56102],[-86.54308,33.56117],[-86.54303,33.55396],[-86.51674,33.55338],[-86.51678,33.54602],[-86.48155,33.54607],[-86.48194,33.50254],[-86.41323,33.5024],[-86.40971,33.50764],[-86.4023,33.51302],[-86.40024,33.52101],[-86.39354,33.52685],[-86.39296,33.53244],[-86.38244,33.53628],[-86.37303,33.54453],[-86.37223,33.54785],[-86.35364,33.55557],[-86.34462,33.5623],[-86.34193,33.56785],[-86.34551,33.57199],[-86.33624,33.58711],[-86.32225,33.59716],[-86.31644,33.60624],[-86.31523,33.61883],[-86.32453,33.63584]]]},"properties":{"STATEFP":"01","COUNTYFP":"115","COUSUBFP":"92223","COUSUBNS":"00165943","GEOIDFQ":"0600000US0111592223","GEOID":"0111592223","NAME":"Moody","NAMELSAD":"Moody CCD","STUSPS":"AL","NAMELSADCO":"St. Clair County","STATE_NAME":"Alabama","LSAD":"22","ALAND":275950406,"AWATER":1888127}},
{"type":"Feature","geometry":{"type":"Polygon","coordinates":[[[-85.34366,31.84173],[-85.3383,31.83573],[-85.33154,31.81658],[-85.34077,31.80378],[-85.34929,31.79661],[-85.35876,31.79307],[-85.3623,31.80601],[-85.37424,31.79845],[-85.37877,31.79355],[-85.38726,31.78924],[-85.3972,31.78811],[-85.41358,31.78143],[-85.42642,31.77881],[-85.43637,31.78898],[-85.44265,31.78377],[-85.45152,31.7721],[-85.45254,31.7631],[-85.44912,31.75223],[-85.43426,31.7525],[-85.426,31.7453],[-85.42403,31.74171],[-85.42327,31.73116],[-85.42531,31.72454],[-85.42397,31.71399],[-85.42477,31.70466],[-85.41729,31.69617],[-85.41833,31.68464],[-85.41585,31.68164],[-85.41604,31.70666],[-85.33414,31.70594],[-85.31104,31.70508],[-85.24993,31.70387],[-85.23314,31.70308],[-85.21608,31.70241],[-85.20951,31.71047],[-85.21139,31.71689],[-85.21088,31.72548],[-85.20641,31.74106],[-85.19858,31.74317],[-85.19164,31.7475],[-85.17942,31.75316],[-85.17548,31.75387],[-85.16923,31.761],[-85.16134,31.76508],[-85.15913,31.77207],[-85.14843,31.77347],[-85.13493,31.76826],[-85.12695,31.76233],[-85.12633,31.76886],[-85.14043,31.77966],[-85.14193,31.78196],[-85.13293,31.79236],[-85.13293,31.80806],[-85.13176,31.81844],[-85.14009,31.82068],[-85.14438,31.82475],[-85.15256,31.82845],[-85.16967,31.83149],[-85.18861,31.8398],[-85.19963,31.83903],[-85.2072,31.84303],[-85.21553,31.843],[-85.219,31.84041],[-85.22664,31.8436],[-85.24285,31.84767],[-85.24618,31.85056],[-85.25634,31.85312],[-85.26211,31.85276],[-85.27195,31.85731],[-85.27777,31.85657],[-85.29132,31.85775],[-85.3006,31.85179],[-85.31539,31.85181],[-85.32481,31.84784],[-85.33194,31.84919],[-85.33776,31.84706],[-85.34366,31.84173]]]},"properties":{"STATEFP":"01","COUNTYFP":"005","COUSUBFP":"90189","COUSUBNS":"00165654","GEOIDFQ":"0600000US0100590189","GEOID":"0100590189","NAME":"Bakerhill","NAMELSAD":"Bakerhill CCD","STUSPS":"AL","NAMELSADCO":"Barbour County","STATE_NAME":"Alabama","LSAD":"22","ALAND":333715685,"AWATER":9982138}},
{"type":"Feature","geometry":{"type":"Polygon","coordinates":[[[-87.71571,33.00682],[-87.64151,33.00532],[-87.62543,33.00472],[-87.48877,33.00411],[-87.42194,33.00338],[-87.31854,33.00618],[-87.31804,33.02274],[-87.31226,33.08622],[-87.31211,33.08805],[-87.3267,33.09395],[-87.3338,33.10143],[-87.34952,33.10667],[-87.3544,33.10644],[-87.3646,33.11303],[-87.37223,33.11465],[-87.37667,33.12338],[-87.38426,33.1278],[-87.391,33.12761],[-87.40139,33.1369],[-87.40356,33.14239],[-87.40874,33.14678],[-87.41647,33.14821],[-87.42427,33.14385],[-87.44352,33.144],[-87.44799,33.13835],[-87.45924,33.13521],[-87.46957,33.14128],[-87.47352,33.13974],[-87.48325,33.1283],[-87.4821,33.12401],[-87.48612,33.11992],[-87.4919,33.11883],[-87.49902,33.122],[-87.5044,33.12171],[-87.5056,33.11778],[-87.51818,33.11319],[-87.52609,33.11669],[-87.53915,33.11482],[-87.54365,33.11126],[-87.55465,33.10965],[-87.55814,33.10379],[-87.56355,33.09916],[-87.57515,33.09847],[-87.57866,33.09148],[-87.58459,33.08947],[-87.58897,33.08561],[-87.58451,33.08353],[-87.58594,33.07885],[-87.59517,33.06938],[-87.60313,33.06295],[-87.61005,33.05972],[-87.61931,33.06117],[-87.63047,33.05931],[-87.62857,33.05207],[-87.62369,33.04616],[-87.62756,33.04395],[-87.63583,33.04361],[-87.63802,33.04013],[-87.63207,33.03059],[-87.63249,33.02498],[-87.6245,33.01655],[-87.62524,33.01394],[-87.63488,33.00977],[-87.63885,33.01144],[-87.64314,33.01895],[-87.64283,33.02706],[-87.65426,33.03114],[-87.65887,33.02882],[-87.65979,33.01982],[-87.66619,33.01519],[-87.67089,33.01831],[-87.67005,33.02525],[-87.6735,33.02703],[-87.6796,33.02062],[-87.68528,33.01097],[-87.69347,33.01223],[-87.69623,33.01835],[-87.70168,33.01773],[-87.70516,33.01341],[-87.71201,33.01562],[-87.71441,33.01392],[-87.71571,33.00682]]]},"properties":{"STATEFP":"01","COUNTYFP":"125","COUSUBFP":"90306","COUSUBNS":"00165971","GEOIDFQ":"0600000US0112590306","GEOID":"0112590306","NAME":"Big Sandy-Duncanville","NAMELSAD":"Big Sandy-Duncanville CCD","STUSPS":"AL","NAMELSADCO":"Tuscaloosa County","STATE_NAME":"Alabama","LSAD":"22","ALAND":358966876,"AWATER":4024247}},
{"type":"Feature","geometry":{"type":"Polygon","coordinates":[[[-88.12422,30.95703],[-88.12444,30.98493],[-88.11589,30.98489],[-88.11597,31.00152],[-88.10989,31.00969],[-88.10393,31.02012],[-88.10731,31.03414],[-88.10205,31.04209],[-88.08881,31.05171],[-88.07421,31.05794],[-88.0785,31.06132],[-88.08705,31.06107],[-88.09467,31.0634],[-88.09651,31.06815],[-88.10815,31.06643],[-88.11299,31.06396],[-88.11705,31.06868],[-88.12835,31.07487],[-88.13071,31.07207],[-88.13767,31.07174],[-88.14476,31.08088],[-88.15819,31.07961],[-88.15902,31.08755],[-88.172,31.0965],[-88.16786,31.09914],[-88.16582,31.10591],[-88.16934,31.1093],[-88.16515,31.11306],[-88.16523,31.11999],[-88.17989,31.13209],[-88.1882,31.13483],[-88.19165,31.14013],[-88.19693,31.14404],[-88.2173,31.14399],[-88.28434,31.14367],[-88.32978,31.14382],[-88.32993,31.11436],[-88.43201,31.1143],[-88.42581,31.00112],[-88.41554,30.99683],[-88.40891,30.98916],[-88.4057,30.98239],[-88.39311,30.97498],[-88.3901,30.97561],[-88.37368,30.96609],[-88.36087,30.95752],[-88.35779,30.95158],[-88.35366,30.9481],[-88.3484,30.93238],[-88.34136,30.92507],[-88.32433,30.91561],[-88.31918,30.91467],[-88.3061,30.91715],[-88.29349,30.91383],[-88.28826,30.91077],[-88.28071,30.90276],[-88.27793,30.90275],[-88.27845,30.9145],[-88.25975,30.91983],[-88.24749,30.92605],[-88.23873,30.92915],[-88.22695,30.92838],[-88.21355,30.92609],[-88.20631,30.92278],[-88.18998,30.92215],[-88.18347,30.92409],[-88.17632,30.92285],[-88.16807,30.92627],[-88.16474,30.92933],[-88.14536,30.9343],[-88.1392,30.93777],[-88.12416,30.93909],[-88.12422,30.95703]]]},"properties":{"STATEFP":"01","COUNTYFP":"097","COUSUBFP":"90594","COUSUBNS":"00165892","GEOIDFQ":"0600000US0109790594","GEOID":"0109790594","NAME":"Citronelle","NAMELSAD":"Citronelle CCD","STUSPS":"AL","NAMELSADCO":"Mobile County","STATE_NAME":"Alabama","LSAD":"22","ALAND":618296097,"AWATER":3508649}},
{"type":"Feature","geometry":{"type":"Polygon","coordinates":[[[-88.22551,30.71733],[-88.24194,30.72066],[-88.24851,30.72399],[-88.25529,30.72943],[-88.2569,30.73564],[-88.26278,30.73582],[-88.26815,30.7282],[-88.28698,30.7237],[-88.29508,30.72466],[-88.30131,30.72242],[-88.31279,30.72226],[-88.31709,30.72338],[-88.32422,30.72105],[-88.33302,30.71627],[-88.3376,30.71718],[-88.33953,30.72257],[-88.33756,30.73067],[-88.33674,30.74156],[-88.33831,30.75019],[-88.34552,30.75576],[-88.34877,30.76558],[-88.35669,30.77165],[-88.3672,30.77347],[-88.38462,30.77516],[-88.38807,30.77159],[-88.39522,30.77173],[-88.40462,30.78026],[-88.41481,30.78561],[-88.41221,30.7304],[-88.41134,30.70633],[-88.40601,30.58976],[-88.4003,30.60028],[-88.39906,30.60583],[-88.3921,30.60548],[-88.38516,30.60813],[-88.38622,30.61251],[-88.37996,30.6138],[-88.35871,30.60547],[-88.35234,30.60549],[-88.35057,30.59974],[-88.34511,30.59895],[-88.33058,30.60553],[-88.32556,30.60537],[-88.31461,30.61927],[-88.31126,30.62018],[-88.30685,30.62698],[-88.30335,30.62846],[-88.29679,30.64164],[-88.29229,30.6398],[-88.29184,30.62546],[-88.25269,30.62536],[-88.24795,30.63999],[-88.22563,30.64009],[-88.21699,30.63587],[-88.20854,30.6398],[-88.18663,30.64028],[-88.18116,30.6428],[-88.17173,30.64429],[-88.16484,30.64735],[-88.14706,30.65242],[-88.13853,30.65353],[-88.12642,30.66151],[-88.12742,30.67611],[-88.18378,30.67594],[-88.1871,30.6766],[-88.20756,30.68593],[-88.20778,30.71904],[-88.21696,30.71526],[-88.22551,30.71733]]]},"properties":{"STATEFP":"01","COUNTYFP":"097","COUSUBFP":"93105","COUSUBNS":"00165896","GEOIDFQ":"0600000US0109793105","GEOID":"0109793105","NAME":"Tanner Williams","NAMELSAD":"Tanner Williams CCD","STUSPS":"AL","NAMELSADCO":"Mobile County","STATE_NAME":"Alabama","LSAD":"22","ALAND":279436335,"AWATER":5812326}},
{"type":"Feature","geometry":{"type":"Polygon","coordinates":[[[-87.83805,33.13686],[-87.82408,33.13827],[-87.80747,33.13631],[-87.80132,33.13173],[-87.79012,33.12875],[-87.77714,33.13059],[-87.75945,33.14309],[-87.75326,33.14596],[-87.74691,33.1579],[-87.73242,33.16803],[-87.72661,33.17654],[-87.7181,33.17747],[-87.70928,33.17505],[-87.70445,33.17156],[-87.69649,33.17247],[-87.69129,33.17047],[-87.69517,33.18401],[-87.6825,33.17722],[-87.67862,33.17112],[-87.67087,33.17443],[-87.67574,33.18169],[-87.67624,33.18605],[-87.68192,33.19006],[-87.6776,33.19435],[-87.67179,33.19],[-87.66324,33.18727],[-87.6604,33.18824],[-87.66033,33.20161],[-87.65407,33.20418],[-87.64663,33.19996],[-87.63246,33.19713],[-87.61763,33.20213],[-87.5998,33.20685],[-87.59487,33.21707],[-87.59935,33.22719],[-87.60365,33.22961],[-87.60359,33.23729],[-87.62397,33.23266],[-87.64597,33.23508],[-87.65407,33.23682],[-87.67125,33.24449],[-87.70916,33.26369],[-87.72746,33.26888],[-87.74329,33.27075],[-87.75432,33.27335],[-87.75999,33.26891],[-87.76002,33.26598],[-87.76673,33.26277],[-87.77461,33.26294],[-87.77796,33.25987],[-87.77336,33.25397],[-87.77985,33.248],[-87.77953,33.24442],[-87.77402,33.23851],[-87.78171,33.22988],[-87.78284,33.22388],[-87.78831,33.21639],[-87.79218,33.2162],[-87.79721,33.20448],[-87.80642,33.20127],[-87.81066,33.19499],[-87.8084,33.18857],[-87.81112,33.18406],[-87.82039,33.17586],[-87.82025,33.16832],[-87.82409,33.16745],[-87.82398,33.16237],[-87.82858,33.15849],[-87.82917,33.15416],[-87.83752,33.15364],[-87.83805,33.13686]]]},"properties":{"STATEFP":"01","COUNTYFP":"125","COUSUBFP":"90684","COUSUBNS":"00165974","GEOIDFQ":"0600000US0112590684","GEOID":"0112590684","NAME":"Coker","NAMELSAD":"Coker CCD","STUSPS":"AL","NAMELSADCO":"Tuscaloosa County","STATE_NAME":"Alabama","LSAD":"22","ALAND":169284998,"AWATER":1726700}},
{"type":"Feature","geometry":{"type":"Polygon","coordinates":[[[-87.71201,33.01562],[-87.70516,33.01341],[-87.70168,33.01773],[-87.69623,33.01835],[-87.69347,33.01223],[-87.68528,33.01097],[-87.6796,33.02062],[-87.6735,33.02703],[-87.67005,33.02525],[-87.67089,33.01831],[-87.66619,33.01519],[-87.65979,33.01982],[-87.65887,33.02882],[-87.65426,33.03114],[-87.64283,33.02706],[-87.64314,33.01895],[-87.63885,33.01144],[-87.63488,33.00977],[-87.62524,33.01394],[-87.6245,33.01655],[-87.63249,33.02498],[-87.63207,33.03059],[-87.63802,33.04013],[-87.63583,33.04361],[-87.62756,33.04395],[-87.62369,33.04616],[-87.62857,33.05207],[-87.63047,33.05931],[-87.61931,33.06117],[-87.61005,33.05972],[-87.60313,33.06295],[-87.59517,33.06938],[-87.58594,33.07885],[-87.58451,33.08353],[-87.58897,33.08561],[-87.59278,33.08734],[-87.60456,33.08283],[-87.61563,33.08108],[-87.61874,33.08907],[-87.61719,33.10205],[-87.60708,33.11436],[-87.60702,33.12202],[-87.61391,33.12444],[-87.62178,33.11986],[-87.62746,33.12046],[-87.63256,33.12686],[-87.63839,33.12752],[-87.64072,33.1242],[-87.63998,33.11776],[-87.6456,33.11408],[-87.66042,33.11778],[-87.67357,33.12494],[-87.67995,33.13294],[-87.68546,33.13625],[-87.69139,33.14768],[-87.69006,33.15462],[-87.69248,33.15709],[-87.70256,33.15761],[-87.7007,33.1624],[-87.69343,33.16647],[-87.69129,33.17047],[-87.69649,33.17247],[-87.70445,33.17156],[-87.70928,33.17505],[-87.7181,33.17747],[-87.72661,33.17654],[-87.73242,33.16803],[-87.74691,33.1579],[-87.75326,33.14596],[-87.75945,33.14309],[-87.77714,33.13059],[-87.79012,33.12875],[-87.80132,33.13173],[-87.80747,33.13631],[-87.82408,33.13827],[-87.83805,33.13686],[-87.83898,33.09396],[-87.83146,33.09386],[-87.83152,33.0569],[-87.83223,33.01726],[-87.75185,33.01727],[-87.71099,33.01772],[-87.71201,33.01562]]]},"properties":{"STATEFP":"01","COUNTYFP":"125","COUSUBFP":"91224","COUSUBNS":"00165976","GEOIDFQ":"0600000US0112591224","GEOID":"0112591224","NAME":"Fosters","NAMELSAD":"Fosters CCD","STUSPS":"AL","NAMELSADCO":"Tuscaloosa County","STATE_NAME":"Alabama","LSAD":"22","ALAND":270481667,"AWATER":6464836}},
{"type":"Feature","geometry":{"type":"Polygon","coordinates":[[[-86.08722,34.90219],[-86.08221,34.89529],[-86.08287,34.88823],[-86.07838,34.8721],[-86.07361,34.86309],[-86.06627,34.86126],[-86.05982,34.85477],[-86.05169,34.85234],[-86.0438,34.84298],[-86.03081,34.83762],[-86.02372,34.82811],[-86.02178,34.82256],[-86.03292,34.80512],[-86.04124,34.80097],[-86.03882,34.79386],[-86.0267,34.79409],[-86.02513,34.78275],[-86.00047,34.787],[-86.00032,34.79076],[-85.99388,34.79445],[-85.98598,34.78909],[-85.97785,34.78785],[-85.9598,34.79253],[-85.95419,34.78523],[-85.94314,34.78379],[-85.93488,34.78635],[-85.93029,34.78191],[-85.93282,34.77045],[-85.92845,34.76657],[-85.90675,34.76852],[-85.90022,34.76595],[-85.89906,34.76008],[-85.89436,34.75334],[-85.89162,34.74573],[-85.88679,34.73739],[-85.88828,34.73279],[-85.88595,34.72769],[-85.864,34.74453],[-85.86006,34.75008],[-85.8562,34.75974],[-85.85533,34.76815],[-85.84828,34.78589],[-85.84173,34.79481],[-85.81833,34.81271],[-85.81304,34.82057],[-85.79916,34.83645],[-85.78499,34.84996],[-85.77017,34.86158],[-85.75482,34.87837],[-85.74159,34.88689],[-85.75219,34.8943],[-85.75093,34.89774],[-85.75426,34.90336],[-85.75462,34.91102],[-85.77458,34.9185],[-85.78003,34.92488],[-85.79206,34.92729],[-85.79693,34.93568],[-85.80475,34.94342],[-85.81355,34.94447],[-85.8229,34.94919],[-85.83199,34.96524],[-85.83292,34.96865],[-85.83868,34.97296],[-85.84617,34.97506],[-85.84973,34.98168],[-85.8572,34.98347],[-85.86092,34.98836],[-86.06714,34.98961],[-86.07442,34.98097],[-86.08127,34.97547],[-86.08634,34.96876],[-86.09123,34.95026],[-86.09023,34.94639],[-86.08225,34.93718],[-86.08179,34.93225],[-86.08617,34.90474],[-86.08722,34.90219]]]},"properties":{"STATEFP":"01","COUNTYFP":"071","COUSUBFP":"93006","COUSUBNS":"00165812","GEOIDFQ":"0600000US0107193006","GEOID":"0107193006","NAME":"Stevenson","NAMELSAD":"Stevenson CCD","STUSPS":"AL","NAMELSADCO":"Jackson County","STATE_NAME":"Alabama","LSAD":"22","ALAND":555536189,"AWATER":18490412}},
{"type":"Feature","geometry":{"type":"Polygon","coordinates":[[[-85.41743,31.31497],[-85.37493,31.31457],[-85.31545,31.31243],[-85.28034,31.31079],[-85.22936,31.30938],[-85.22882,31.32438],[-85.23031,31.33415],[-85.22918,31.35012],[-85.22762,31.35947],[-85.22544,31.36382],[-85.22617,31.38365],[-85.22966,31.39456],[-85.22692,31.40534],[-85.22767,31.4306],[-85.24151,31.44143],[-85.2376,31.44374],[-85.22716,31.44457],[-85.2176,31.44886],[-85.21458,31.45237],[-85.2195,31.45746],[-85.23121,31.46304],[-85.23902,31.4681],[-85.23741,31.47852],[-85.24811,31.48084],[-85.25946,31.48104],[-85.25993,31.48864],[-85.27283,31.48703],[-85.28442,31.49178],[-85.29986,31.49187],[-85.30825,31.49589],[-85.32066,31.49912],[-85.33344,31.5044],[-85.33783,31.50479],[-85.34493,31.50012],[-85.35705,31.49633],[-85.37096,31.49383],[-85.39129,31.49439],[-85.41351,31.49217],[-85.41577,31.49041],[-85.41803,31.44077],[-85.41773,31.42313],[-85.41656,31.37353],[-85.41743,31.31497]]]},"properties":{"STATEFP":"01","COUNTYFP":"067","COUSUBFP":"91584","COUSUBNS":"00165799","GEOIDFQ":"0600000US0106791584","GEOID":"0106791584","NAME":"Headland-Newville","NAMELSAD":"Headland-Newville CCD","STUSPS":"AL","NAMELSADCO":"Henry County","STATE_NAME":"Alabama","LSAD":"22","ALAND":357081485,"AWATER":125775}},
{"type":"Feature","geometry":{"type":"Polygon","coordinates":[[[-87.23458,33.90592],[-87.24403,33.91385],[-87.24451,33.92125],[-87.23803,33.92263],[-87.23574,33.92737],[-87.21725,33.94393],[-87.21567,33.94651],[-87.2135,33.95923],[-87.21684,33.96983],[-87.21836,33.9795],[-87.22657,33.98951],[-87.22869,33.994],[-87.24548,33.99461],[-87.27257,33.99463],[-87.36788,33.99581],[-87.3727,33.99044],[-87.3804,33.98491],[-87.38607,33.98496],[-87.39146,33.98003],[-87.40235,33.97452],[-87.40577,33.96857],[-87.40271,33.96291],[-87.40366,33.9586],[-87.39558,33.95901],[-87.3877,33.95399],[-87.38252,33.95569],[-87.3815,33.94402],[-87.38644,33.93327],[-87.38016,33.93341],[-87.37929,33.92773],[-87.38184,33.92455],[-87.37688,33.91857],[-87.36603,33.91539],[-87.35384,33.91821],[-87.34446,33.91842],[-87.34024,33.9152],[-87.33004,33.91215],[-87.32099,33.90388],[-87.32958,33.90206],[-87.3267,33.89702],[-87.3223,33.90092],[-87.31765,33.90118],[-87.31316,33.89167],[-87.30479,33.88962],[-87.29834,33.89544],[-87.3006,33.90258],[-87.29294,33.90653],[-87.29169,33.91086],[-87.2836,33.90626],[-87.27811,33.90903],[-87.2838,33.91461],[-87.27449,33.91502],[-87.27025,33.91772],[-87.26623,33.9122],[-87.26197,33.91472],[-87.25483,33.90549],[-87.25608,33.90076],[-87.25418,33.89545],[-87.24966,33.8966],[-87.24271,33.90382],[-87.23458,33.90592]]]},"properties":{"STATEFP":"01","COUNTYFP":"127","COUSUBFP":"92079","COUSUBNS":"00165985","GEOIDFQ":"0600000US0112792079","GEOID":"0112792079","NAME":"Manchester","NAMELSAD":"Manchester CCD","STUSPS":"AL","NAMELSADCO":"Walker County","STATE_NAME":"Alabama","LSAD":"22","ALAND":141547702,"AWATER":1581915}},
{"type":"Feature","geometry":{"type":"Polygon","coordinates":[[[-87.09184,33.89009],[-87.09029,33.89255],[-87.10066,33.89897],[-87.082,33.9064],[-87.08558,33.91916],[-87.09285,33.92821],[-87.10522,33.93598],[-87.10581,33.94472],[-87.11176,33.95079],[-87.11064,33.95647],[-87.11238,33.95949],[-87.12269,33.96433],[-87.13408,33.96509],[-87.13907,33.9716],[-87.13819,33.97763],[-87.14366,33.98636],[-87.15104,33.99323],[-87.16891,34.0051],[-87.18041,34.0027],[-87.18961,34.003],[-87.19724,33.99192],[-87.19961,33.985],[-87.20549,33.98609],[-87.20846,33.98993],[-87.21673,33.99391],[-87.22869,33.994],[-87.22657,33.98951],[-87.21836,33.9795],[-87.21684,33.96983],[-87.2135,33.95923],[-87.21567,33.94651],[-87.21725,33.94393],[-87.23574,33.92737],[-87.23803,33.92263],[-87.24451,33.92125],[-87.24403,33.91385],[-87.23458,33.90592],[-87.22762,33.9036],[-87.22067,33.90326],[-87.22062,33.89925],[-87.21045,33.89593],[-87.2029,33.89619],[-87.19714,33.89222],[-87.19941,33.88731],[-87.19729,33.88131],[-87.19212,33.87631],[-87.1784,33.86798],[-87.17367,33.87359],[-87.18174,33.875],[-87.18039,33.88182],[-87.16731,33.88557],[-87.15789,33.88552],[-87.15523,33.88255],[-87.15522,33.87703],[-87.15182,33.87191],[-87.15543,33.86882],[-87.16107,33.85885],[-87.16098,33.8554],[-87.16521,33.84835],[-87.15947,33.84745],[-87.15581,33.85305],[-87.14993,33.84863],[-87.15675,33.8408],[-87.15081,33.82815],[-87.14972,33.81972],[-87.14595,33.81337],[-87.13567,33.81373],[-87.12912,33.81712],[-87.11038,33.81473],[-87.10971,33.80964],[-87.10053,33.80523],[-87.08798,33.79586],[-87.08112,33.7961],[-87.07791,33.8006],[-87.07561,33.8117],[-87.07092,33.81406],[-87.05967,33.8075],[-87.05505,33.80991],[-87.05685,33.8154],[-87.06934,33.8198],[-87.07066,33.82463],[-87.06335,33.83428],[-87.06244,33.83956],[-87.07624,33.84732],[-87.07772,33.85238],[-87.07597,33.85719],[-87.06712,33.86723],[-87.07082,33.87059],[-87.08152,33.86413],[-87.08388,33.86553],[-87.09998,33.8819],[-87.10168,33.88668],[-87.09184,33.89009]]]},"properties":{"STATEFP":"01","COUNTYFP":"127","COUSUBFP":"92943","COUSUBNS":"00165989","GEOIDFQ":"0600000US0112792943","GEOID":"0112792943","NAME":"Sipsey","NAMELSAD":"Sipsey CCD","STUSPS":"AL","NAMELSADCO":"Walker County","STATE_NAME":"Alabama","LSAD":"22","ALAND":184335694,"AWATER":7660831}},
{"type":"Feature","geometry":{"type":"Polygon","coordinates":[[[-88.44957,31.43583],[-88.44521,31.35597],[-88.43878,31.25265],[-88.43898,31.2469],[-88.43201,31.1143],[-88.32993,31.11436],[-88.32978,31.14382],[-88.28434,31.14367],[-88.2173,31.14399],[-88.21612,31.15112],[-88.20939,31.15922],[-88.20312,31.16269],[-88.19209,31.17499],[-88.18148,31.17924],[-88.17726,31.1887],[-88.16739,31.20339],[-88.15982,31.20656],[-88.15499,31.21344],[-88.14884,31.21856],[-88.14635,31.23199],[-88.15029,31.24029],[-88.15451,31.24447],[-88.15514,31.24952],[-88.16315,31.25992],[-88.16437,31.26646],[-88.15993,31.27606],[-88.16112,31.29137],[-88.16456,31.2998],[-88.175,31.31227],[-88.18028,31.31726],[-88.18781,31.32106],[-88.1926,31.32622],[-88.22345,31.34091],[-88.23384,31.3489],[-88.24175,31.35218],[-88.24974,31.35817],[-88.24759,31.36489],[-88.25313,31.38062],[-88.25654,31.39282],[-88.25326,31.41151],[-88.25468,31.41643],[-88.26273,31.42859],[-88.26384,31.43817],[-88.27262,31.43809],[-88.27781,31.44133],[-88.28928,31.43435],[-88.29443,31.42239],[-88.3053,31.41422],[-88.31245,31.41448],[-88.31698,31.41158],[-88.33996,31.40937],[-88.34658,31.40588],[-88.35483,31.3988],[-88.3603,31.39122],[-88.37363,31.38802],[-88.37662,31.38629],[-88.38257,31.40488],[-88.37943,31.4129],[-88.38194,31.41686],[-88.38063,31.42273],[-88.38314,31.42942],[-88.38912,31.42981],[-88.39616,31.4248],[-88.41503,31.42544],[-88.41273,31.43284],[-88.41592,31.44206],[-88.42405,31.44202],[-88.42413,31.43605],[-88.44957,31.43583]]]},"properties":{"STATEFP":"01","COUNTYFP":"129","COUSUBFP":"91242","COUSUBNS":"00165992","GEOIDFQ":"0600000US0112991242","GEOID":"0112991242","NAME":"Fruitdale","NAMELSAD":"Fruitdale CCD","STUSPS":"AL","NAMELSADCO":"Washington County","STATE_NAME":"Alabama","LSAD":"22","ALAND":745904906,"AWATER":2136758}},
{"type":"Feature","geometry":{"type":"Polygon","coordinates":[[[-87.17457,31.91611],[-87.16997,31.91372],[-87.16946,31.90336],[-87.16363,31.89841],[-87.16359,31.88392],[-87.16643,31.8751],[-87.16388,31.87033],[-87.16601,31.86462],[-87.16344,31.8444],[-87.16283,31.82842],[-87.10072,31.82898],[-86.92616,31.83066],[-86.9069,31.83063],[-86.90894,31.96167],[-86.87498,31.96164],[-86.85758,31.96217],[-86.85875,32.03539],[-86.85658,32.04835],[-86.87057,32.0486],[-86.90696,32.04797],[-86.98853,32.04723],[-86.99998,32.04767],[-87.11847,32.04725],[-87.11118,32.03529],[-87.11443,32.02409],[-87.11044,32.01625],[-87.10832,32.00722],[-87.10447,32.00424],[-87.0976,31.9919],[-87.10056,31.98389],[-87.10254,31.96374],[-87.10522,31.95335],[-87.10164,31.94676],[-87.10164,31.94254],[-87.10937,31.91671],[-87.11925,31.90346],[-87.13484,31.91893],[-87.14557,31.91867],[-87.1505,31.92387],[-87.15657,31.92173],[-87.16703,31.91546],[-87.17457,31.91611]]]},"properties":{"STATEFP":"01","COUNTYFP":"131","COUSUBFP":"92574","COUSUBNS":"00165999","GEOIDFQ":"0600000US0113192574","GEOID":"0113192574","NAME":"Pine Apple","NAMELSAD":"Pine Apple CCD","STUSPS":"AL","NAMELSADCO":"Wilcox County","STATE_NAME":"Alabama","LSAD":"22","ALAND":550680111,"AWATER":599874}},
{"type":"Feature","geometry":{"type":"Polygon","coordinates":[[[-86.75332,33.83715],[-86.75589,33.83018],[-86.75279,33.82424],[-86.7573,33.81957],[-86.76996,33.83001],[-86.77206,33.82615],[-86.76836,33.81472],[-86.77248,33.80377],[-86.77478,33.79436],[-86.77905,33.79177],[-86.78442,33.79355],[-86.785,33.79804],[-86.78213,33.80997],[-86.78796,33.81459],[-86.79856,33.81032],[-86.80169,33.80716],[-86.79957,33.79784],[-86.80742,33.7942],[-86.82155,33.77978],[-86.82508,33.77026],[-86.81779,33.76874],[-86.82741,33.76217],[-86.82755,33.75738],[-86.81982,33.75713],[-86.81402,33.74259],[-86.8102,33.73697],[-86.80402,33.73345],[-86.79653,33.73528],[-86.78977,33.74109],[-86.78312,33.743],[-86.77252,33.74264],[-86.76929,33.74039],[-86.76282,33.74103],[-86.76163,33.73766],[-86.75575,33.73581],[-86.75001,33.72988],[-86.74143,33.72698],[-86.74044,33.73467],[-86.72676,33.73082],[-86.71681,33.73457],[-86.71597,33.72359],[-86.70417,33.72313],[-86.70074,33.72004],[-86.6957,33.71017],[-86.70097,33.70678],[-86.69829,33.70249],[-86.68862,33.70313],[-86.68675,33.69957],[-86.67862,33.71319],[-86.67839,33.72605],[-86.68455,33.74888],[-86.68337,33.76962],[-86.68634,33.79018],[-86.68631,33.79736],[-86.74393,33.83143],[-86.75332,33.83715]]]},"properties":{"STATEFP":"01","COUNTYFP":"073","COUSUBFP":"91791","COUSUBNS":"00165820","GEOIDFQ":"0600000US0107391791","GEOID":"0107391791","NAME":"Kimberly-Morris","NAMELSAD":"Kimberly-Morris CCD","STUSPS":"AL","NAMELSADCO":"Jefferson County","STATE_NAME":"Alabama","LSAD":"22","ALAND":114031337,"AWATER":89286}},
{"type":"Feature","geometry":{"type":"Polygon","coordinates":[[[-86.6532,33.69685],[-86.643,33.70394],[-86.63184,33.70894],[-86.62247,33.70928],[-86.62005,33.71446],[-86.62257,33.72035],[-86.62142,33.72822],[-86.61467,33.73641],[-86.59891,33.74824],[-86.59376,33.74932],[-86.59289,33.75925],[-86.58811,33.76537],[-86.61454,33.76519],[-86.64776,33.7659],[-86.64529,33.77301],[-86.68631,33.79736],[-86.68634,33.79018],[-86.68337,33.76962],[-86.68455,33.74888],[-86.67839,33.72605],[-86.67862,33.71319],[-86.68675,33.69957],[-86.68681,33.69947],[-86.67409,33.699],[-86.66569,33.7005],[-86.6532,33.69685]]]},"properties":{"STATEFP":"01","COUNTYFP":"073","COUSUBFP":"92484","COUSUBNS":"00165824","GEOIDFQ":"0600000US0107392484","GEOID":"0107392484","NAME":"Palmerdale","NAMELSAD":"Palmerdale CCD","STUSPS":"AL","NAMELSADCO":"Jefferson County","STATE_NAME":"Alabama","LSAD":"22","ALAND":53207773,"AWATER":1056974}},
{"type":"Feature","geometry":{"type":"Polygon","coordinates":[[[-87.02561,33.1789],[-87.0256,33.1658],[-87.00384,33.1658],[-87.00387,33.16201],[-86.97437,33.16171],[-86.96956,33.15814],[-86.96929,33.0984],[-86.95088,33.09859],[-86.95166,33.07874],[-86.93399,33.0788],[-86.93397,33.06406],[-86.92008,33.06432],[-86.91622,33.05715],[-86.8986,33.05706],[-86.89852,33.04981],[-86.88118,33.0499],[-86.88164,33.07186],[-86.86346,33.07179],[-86.82486,33.06991],[-86.82483,33.06853],[-86.8023,33.06884],[-86.80489,33.07361],[-86.81517,33.07601],[-86.8174,33.07847],[-86.81657,33.08913],[-86.81465,33.09255],[-86.80667,33.09315],[-86.81095,33.09777],[-86.81315,33.10351],[-86.80727,33.11842],[-86.79963,33.12291],[-86.80954,33.12915],[-86.80943,33.14848],[-86.81572,33.14874],[-86.82774,33.15148],[-86.83594,33.14949],[-86.85834,33.15033],[-86.86095,33.15811],[-86.86153,33.17475],[-86.8638,33.18032],[-86.86098,33.19273],[-86.86402,33.208],[-86.86325,33.2159],[-86.87035,33.21595],[-86.88053,33.22101],[-86.88808,33.22129],[-86.89858,33.21925],[-86.90978,33.22152],[-86.92276,33.2198],[-86.92602,33.22167],[-86.93899,33.21467],[-86.94317,33.2182],[-86.95017,33.21375],[-86.9621,33.21286],[-86.97052,33.20359],[-86.97659,33.20333],[-86.98062,33.19906],[-86.98559,33.19996],[-86.99761,33.19185],[-86.99739,33.18755],[-87.01034,33.18631],[-87.0118,33.18084],[-87.00659,33.172],[-87.02352,33.16896],[-87.02561,33.1789]]]},"properties":{"STATEFP":"01","COUNTYFP":"117","COUSUBFP":"92205","COUSUBNS":"00165951","GEOIDFQ":"0600000US0111792205","GEOID":"0111792205","NAME":"Montevallo","NAMELSAD":"Montevallo CCD","STUSPS":"AL","NAMELSADCO":"Shelby County","STATE_NAME":"Alabama","LSAD":"22","ALAND":220232563,"AWATER":1864313}},
{"type":"Feature","geometry":{"type":"Polygon","coordinates":[[[-86.01155,33.29432],[-86.00687,33.28853],[-85.99161,33.27925],[-85.9862,33.2773],[-85.97359,33.27583],[-85.96273,33.27094],[-85.95526,33.27133],[-85.93822,33.27812],[-85.92348,33.28194],[-85.91032,33.28674],[-85.90413,33.28694],[-85.89347,33.28274],[-85.8811,33.27429],[-85.88905,33.2727],[-85.89375,33.26471],[-85.89701,33.25421],[-85.89071,33.24478],[-85.88716,33.23591],[-85.87626,33.23729],[-85.86729,33.23122],[-85.87818,33.22429],[-85.89699,33.2011],[-85.90959,33.19534],[-85.90764,33.1866],[-85.90449,33.18321],[-85.89586,33.18144],[-85.89215,33.17498],[-85.89134,33.16707],[-85.89702,33.15695],[-85.89429,33.15119],[-85.89523,33.14433],[-85.88947,33.13978],[-85.88952,33.13506],[-85.88551,33.12596],[-85.88105,33.12176],[-85.87113,33.12113],[-85.86822,33.11647],[-85.87081,33.10486],[-85.84126,33.10446],[-85.77291,33.1047],[-85.74747,33.10532],[-85.65365,33.10663],[-85.65308,33.21212],[-85.64881,33.21204],[-85.64827,33.22649],[-85.65273,33.2266],[-85.65201,33.25238],[-85.65772,33.25856],[-85.65971,33.26435],[-85.66315,33.26628],[-85.67084,33.27682],[-85.67526,33.27306],[-85.67824,33.27627],[-85.6889,33.27771],[-85.68821,33.27426],[-85.69202,33.26957],[-85.69963,33.27251],[-85.69953,33.27781],[-85.71038,33.27382],[-85.71542,33.27679],[-85.72786,33.27908],[-85.7371,33.28214],[-85.74294,33.27587],[-85.75534,33.27905],[-85.76551,33.27625],[-85.77438,33.28053],[-85.78718,33.28303],[-85.79587,33.28917],[-85.79493,33.29084],[-85.79807,33.30585],[-85.79563,33.31339],[-85.80132,33.31798],[-85.79192,33.322],[-85.79284,33.3297],[-85.79653,33.33317],[-85.79964,33.34634],[-85.81113,33.34409],[-85.81608,33.34783],[-85.82021,33.35785],[-85.82371,33.3624],[-85.83474,33.36294],[-85.85142,33.36082],[-85.86726,33.36031],[-85.87197,33.36395],[-85.88449,33.36512],[-85.90525,33.36216],[-85.91194,33.35514],[-85.918,33.35146],[-85.92626,33.35267],[-85.93443,33.34533],[-85.94529,33.3423],[-85.95826,33.33613],[-85.96954,33.32843],[-85.97879,33.32757],[-85.98029,33.29419],[-86.01155,33.29432]]]},"properties":{"STATEFP":"01","COUNTYFP":"027","COUSUBFP":"90126","COUSUBNS":"00165702","GEOIDFQ":"0600000US0102790126","GEOID":"0102790126","NAME":"Ashland","NAMELSAD":"Ashland CCD","STUSPS":"AL","NAMELSADCO":"Clay County","STATE_NAME":"Alabama","LSAD":"22","ALAND":562683394,"AWATER":1906586}},
{"type":"Feature","geometry":{"type":"Polygon","coordinates":[[[-86.51734,33.02057],[-86.52298,33.02311],[-86.53686,33.02443],[-86.54741,33.01969],[-86.55276,33.01866],[-86.56326,33.01954],[-86.5666,33.02668],[-86.58049,33.0346],[-86.58537,33.04073],[-86.59827,33.04625],[-86.60123,33.05342],[-86.60403,33.05509],[-86.61488,33.05351],[-86.61848,33.05876],[-86.61489,33.06426],[-86.60909,33.06644],[-86.61014,33.07],[-86.73025,33.06927],[-86.7289,33.06482],[-86.72621,33.04232],[-86.72459,33.03678],[-86.71051,33.01061],[-86.68998,32.98244],[-86.67049,32.95347],[-86.66305,32.93834],[-86.65879,32.93213],[-86.64694,32.91904],[-86.63474,32.91959],[-86.6325,32.91509],[-86.62458,32.91367],[-86.61383,32.90724],[-86.60245,32.9018],[-86.58858,32.90034],[-86.58828,32.89531],[-86.57917,32.89038],[-86.57733,32.8934],[-86.56321,32.894],[-86.55988,32.89706],[-86.5491,32.90077],[-86.54249,32.89853],[-86.53954,32.88744],[-86.53091,32.88409],[-86.52577,32.88979],[-86.52287,32.8805],[-86.5186,32.88364],[-86.51529,32.87922],[-86.50187,32.8754],[-86.49436,32.87607],[-86.48609,32.87333],[-86.47622,32.86523],[-86.47156,32.86444],[-86.46567,32.86914],[-86.47871,32.87266],[-86.48257,32.88392],[-86.48868,32.89583],[-86.49051,32.90562],[-86.49844,32.91165],[-86.50399,32.9123],[-86.51596,32.92936],[-86.51413,32.93557],[-86.51619,32.94318],[-86.51522,32.95373],[-86.51823,32.97046],[-86.51224,32.97686],[-86.51062,32.98538],[-86.51245,32.98975],[-86.52045,33.00012],[-86.52228,33.0044],[-86.51734,33.02057]]]},"properties":{"STATEFP":"01","COUNTYFP":"021","COUSUBFP":"92178","COUSUBNS":"00165694","GEOIDFQ":"0600000US0102192178","GEOID":"0102192178","NAME":"Mineral Springs","NAMELSAD":"Mineral Springs CCD","STUSPS":"AL","NAMELSADCO":"Chilton County","STATE_NAME":"Alabama","LSAD":"22","ALAND":272143269,"AWATER":9127090}},
{"type":"Feature","geometry":{"type":"Polygon","coordinates":[[[-85.09527,32.35503],[-85.08102,32.3515],[-85.07174,32.35201],[-85.07352,32.36019],[-85.07637,32.36456],[-85.07814,32.37358],[-85.08235,32.38033],[-85.09131,32.38097],[-85.1009,32.38435],[-85.10413,32.40317],[-85.10323,32.40916],[-85.10683,32.41071],[-85.1076,32.41848],[-85.11047,32.42148],[-85.11657,32.44278],[-85.12197,32.44705],[-85.13215,32.46002],[-85.1317,32.46525],[-85.13821,32.4663],[-85.14353,32.46341],[-85.16477,32.46869],[-85.16535,32.47097],[-85.23485,32.47017],[-85.33384,32.46864],[-85.33014,32.41084],[-85.36196,32.41042],[-85.36008,32.40072],[-85.35049,32.39651],[-85.34473,32.39152],[-85.33983,32.39007],[-85.3264,32.38953],[-85.31007,32.38692],[-85.30358,32.3821],[-85.29186,32.3835],[-85.28785,32.38517],[-85.27891,32.3841],[-85.26955,32.38755],[-85.25977,32.38922],[-85.25164,32.38887],[-85.24826,32.3919],[-85.2239,32.3818],[-85.21843,32.38435],[-85.19495,32.38372],[-85.18856,32.38034],[-85.18199,32.3797],[-85.17826,32.37237],[-85.15584,32.36786],[-85.14743,32.37033],[-85.14268,32.36576],[-85.1325,32.36198],[-85.11594,32.36394],[-85.10736,32.35946],[-85.10457,32.35534],[-85.09527,32.35503]]]},"properties":{"STATEFP":"01","COUNTYFP":"113","COUSUBFP":"90783","COUSUBNS":"00165939","GEOIDFQ":"0600000US0111390783","GEOID":"0111390783","NAME":"Crawford","NAMELSAD":"Crawford CCD","STUSPS":"AL","NAMELSADCO":"Russell County","STATE_NAME":"Alabama","LSAD":"22","ALAND":218381437,"AWATER":516886}},
{"type":"Feature","geometry":{"type":"Polygon","coordinates":[[[-86.12983,32.63323],[-86.12505,32.64229],[-86.1168,32.65154],[-86.11205,32.66229],[-86.1054,32.67305],[-86.09995,32.6762],[-86.09733,32.68249],[-86.09031,32.68549],[-86.08024,32.69202],[-86.08439,32.70159],[-86.0807,32.70918],[-86.07388,32.71354],[-86.07647,32.7225],[-86.07008,32.72973],[-86.06845,32.7376],[-86.06115,32.74061],[-86.0589,32.746],[-86.05919,32.75488],[-86.13626,32.7543],[-86.19797,32.75403],[-86.20698,32.75353],[-86.31948,32.7537],[-86.31916,32.76784],[-86.33669,32.76813],[-86.33677,32.75378],[-86.37497,32.75358],[-86.37115,32.75063],[-86.3684,32.74202],[-86.36204,32.72816],[-86.36039,32.72218],[-86.35584,32.71631],[-86.35352,32.70916],[-86.34585,32.69564],[-86.33647,32.68525],[-86.32671,32.66881],[-86.31893,32.66051],[-86.31104,32.6594],[-86.29526,32.6409],[-86.28789,32.63409],[-86.27639,32.63051],[-86.27279,32.62675],[-86.26417,32.6367],[-86.24964,32.63307],[-86.24438,32.63303],[-86.23876,32.63711],[-86.23953,32.64136],[-86.23474,32.64668],[-86.22901,32.64694],[-86.23079,32.65366],[-86.21733,32.65691],[-86.21298,32.65305],[-86.21036,32.65877],[-86.2036,32.6586],[-86.20146,32.65444],[-86.19388,32.6579],[-86.18501,32.66443],[-86.18423,32.65962],[-86.17711,32.66215],[-86.17531,32.65673],[-86.16868,32.65335],[-86.15944,32.65293],[-86.15207,32.66491],[-86.14393,32.66382],[-86.14064,32.65544],[-86.14798,32.64713],[-86.15022,32.63974],[-86.1436,32.63927],[-86.13385,32.63652],[-86.12983,32.63323]]]},"properties":{"STATEFP":"01","COUNTYFP":"051","COUSUBFP":"93141","COUSUBNS":"00165762","GEOIDFQ":"0600000US0105193141","GEOID":"0105193141","NAME":"Titus","NAMELSAD":"Titus CCD","STUSPS":"AL","NAMELSADCO":"Elmore County","STATE_NAME":"Alabama","LSAD":"22","ALAND":280833770,"AWATER":9474629}},
{"type":"Feature","geometry":{"type":"Polygon","coordinates":[[[-86.34524,32.05138],[-86.40628,32.05073],[-86.40616,32.04381],[-86.3965,32.04397],[-86.39636,32.03699],[-86.40605,32.03682],[-86.405,31.96378],[-86.41423,31.96484],[-86.4482,31.96463],[-86.44769,31.95273],[-86.4475,31.87515],[-86.44767,31.8705],[-86.44623,31.87396],[-86.42688,31.8798],[-86.41679,31.87716],[-86.40773,31.87765],[-86.40294,31.87562],[-86.39577,31.87674],[-86.38414,31.87227],[-86.37795,31.85652],[-86.36923,31.85158],[-86.36914,31.84085],[-86.37233,31.83752],[-86.36367,31.83204],[-86.33885,31.82366],[-86.33272,31.82371],[-86.31766,31.81705],[-86.30494,31.8189],[-86.28699,31.81892],[-86.27417,31.81345],[-86.26974,31.81323],[-86.25883,31.81607],[-86.25213,31.81338],[-86.2474,31.80866],[-86.22917,31.80607],[-86.22696,31.80066],[-86.23016,31.7919],[-86.22359,31.78067],[-86.21793,31.78497],[-86.21499,31.79089],[-86.20919,31.79505],[-86.19941,31.80786],[-86.19293,31.81201],[-86.1936,31.81893],[-86.18824,31.82397],[-86.18295,31.83239],[-86.18618,31.83743],[-86.18352,31.84648],[-86.18442,31.85073],[-86.18231,31.87029],[-86.17881,31.87562],[-86.1775,31.88629],[-86.17309,31.89239],[-86.17563,31.9009],[-86.17512,31.91878],[-86.17781,31.92511],[-86.17497,31.9306],[-86.1798,31.93595],[-86.18176,31.94915],[-86.18558,31.95824],[-86.1858,31.96261],[-86.19138,31.96645],[-86.25332,31.96599],[-86.30222,31.96507],[-86.3027,32.03728],[-86.30362,32.05166],[-86.34524,32.05138]]]},"properties":{"STATEFP":"01","COUNTYFP":"041","COUSUBFP":"92529","COUSUBNS":"00165727","GEOIDFQ":"0600000US0104192529","GEOID":"0104192529","NAME":"Petrey-Highland Home","NAMELSAD":"Petrey-Highland Home CCD","STUSPS":"AL","NAMELSADCO":"Crenshaw County","STATE_NAME":"Alabama","LSAD":"22","ALAND":465310185,"AWATER":1628574}},
{"type":"Feature","geometry":{"type":"Polygon","coordinates":[[[-85.69368,34.55599],[-85.68515,34.56829],[-85.67886,34.56905],[-85.67474,34.57394],[-85.67401,34.57834],[-85.66737,34.58279],[-85.66385,34.58971],[-85.65408,34.59856],[-85.65142,34.60768],[-85.66079,34.61234],[-85.66273,34.61699],[-85.65721,34.62161],[-85.65475,34.62805],[-85.66173,34.63511],[-85.66248,34.63864],[-85.67101,34.64333],[-85.67521,34.64261],[-85.67572,34.65339],[-85.68452,34.65328],[-85.68892,34.65659],[-85.70453,34.66304],[-85.70688,34.66677],[-85.73168,34.66586],[-85.73734,34.66945],[-85.7426,34.66961],[-85.75212,34.66672],[-85.76192,34.65366],[-85.78601,34.62424],[-85.8153,34.60517],[-85.80771,34.60481],[-85.80299,34.59955],[-85.79477,34.59831],[-85.79474,34.59456],[-85.77609,34.59461],[-85.77245,34.59553],[-85.76925,34.58888],[-85.75712,34.58055],[-85.74816,34.57106],[-85.73721,34.56937],[-85.72805,34.57095],[-85.72041,34.55977],[-85.71821,34.5455],[-85.70876,34.54149],[-85.69864,34.54814],[-85.69368,34.55599]]]},"properties":{"STATEFP":"01","COUNTYFP":"049","COUSUBFP":"91611","COUSUBNS":"00165754","GEOIDFQ":"0600000US0104991611","GEOID":"0104991611","NAME":"Henagar","NAMELSAD":"Henagar CCD","STUSPS":"AL","NAMELSADCO":"DeKalb County","STATE_NAME":"Alabama","LSAD":"22","ALAND":114574610,"AWATER":98929}},
{"type":"Feature","geometry":{"type":"Polygon","coordinates":[[[-85.83999,31.07856],[-85.84375,31.0732],[-85.83708,31.06824],[-85.84177,31.06489],[-85.84676,31.0645],[-85.84664,31.05854],[-85.85173,31.05414],[-85.84803,31.0491],[-85.85131,31.04663],[-85.85303,31.03015],[-85.85771,31.02201],[-85.85366,31.01811],[-85.85497,31.01483],[-85.84811,31.00957],[-85.83446,31.01149],[-85.82407,31.00785],[-85.83236,31.00542],[-85.82918,31.00018],[-85.83112,30.99406],[-85.74993,30.99484],[-85.74962,30.99529],[-85.64626,30.99596],[-85.63601,31.00567],[-85.63148,31.01457],[-85.62897,31.02594],[-85.62297,31.02994],[-85.61603,31.03955],[-85.61616,31.06773],[-85.60837,31.07734],[-85.60545,31.08262],[-85.62285,31.08213],[-85.62987,31.07854],[-85.63806,31.07818],[-85.64977,31.07459],[-85.65327,31.08389],[-85.64821,31.0972],[-85.65081,31.11207],[-85.65358,31.11661],[-85.65483,31.12763],[-85.66095,31.13893],[-85.6691,31.14376],[-85.67885,31.14622],[-85.68304,31.14949],[-85.67772,31.15849],[-85.69409,31.1633],[-85.70063,31.17458],[-85.70417,31.17743],[-85.72128,31.18093],[-85.72772,31.18064],[-85.73644,31.1713],[-85.74806,31.16881],[-85.75376,31.16361],[-85.76221,31.16495],[-85.78022,31.16341],[-85.78722,31.15958],[-85.7869,31.14622],[-85.79238,31.14196],[-85.79215,31.1378],[-85.80596,31.13264],[-85.81433,31.12546],[-85.82074,31.12574],[-85.8253,31.12289],[-85.83306,31.11243],[-85.8298,31.10688],[-85.83514,31.10135],[-85.83609,31.09568],[-85.84032,31.09383],[-85.83384,31.08479],[-85.83999,31.07856]]]},"properties":{"STATEFP":"01","COUNTYFP":"061","COUSUBFP":"91530","COUSUBNS":"00165785","GEOIDFQ":"0600000US0106191530","GEOID":"0106191530","NAME":"Hartford","NAMELSAD":"Hartford CCD","STUSPS":"AL","NAMELSADCO":"Geneva County","STATE_NAME":"Alabama","LSAD":"22","ALAND":340436384,"AWATER":2888767}},
{"type":"Feature","geometry":{"type":"Polygon","coordinates":[[[-85.96611,31.19594],[-85.86535,31.19637],[-85.7914,31.19635],[-85.79156,31.25211],[-85.79121,31.29355],[-85.79012,31.33008],[-85.78978,31.35656],[-85.78984,31.38547],[-85.78937,31.48743],[-85.78914,31.58787],[-85.79622,31.57785],[-85.80412,31.57673],[-85.81041,31.57132],[-85.8273,31.55945],[-85.82951,31.55069],[-85.83557,31.53971],[-85.84041,31.54207],[-85.84827,31.54095],[-85.85746,31.53231],[-85.86457,31.52997],[-85.86851,31.52268],[-85.86691,31.51201],[-85.86846,31.50805],[-85.87624,31.50406],[-85.8827,31.49693],[-85.89053,31.4957],[-85.89118,31.48855],[-85.89521,31.48404],[-85.89726,31.47448],[-85.9012,31.4756],[-85.9091,31.46677],[-85.9222,31.46265],[-85.92214,31.45719],[-85.92804,31.45541],[-85.93241,31.45028],[-85.94987,31.44182],[-85.9561,31.4402],[-85.95849,31.44299],[-85.96448,31.43585],[-85.97003,31.43273],[-85.9682,31.42786],[-85.95951,31.41696],[-85.96036,31.39069],[-85.96219,31.3739],[-85.97412,31.35548],[-85.97396,31.34025],[-85.98198,31.34184],[-85.9961,31.34225],[-86.00228,31.34543],[-86.00993,31.33972],[-86.01641,31.32825],[-86.00522,31.32261],[-86.0037,31.31791],[-86.00584,31.31212],[-85.99468,31.31269],[-85.95072,31.31276],[-85.94222,31.31648],[-85.9359,31.31644],[-85.93007,31.31279],[-85.91785,31.31605],[-85.92018,31.30789],[-85.91953,31.29667],[-85.91563,31.2837],[-85.92084,31.27607],[-85.94117,31.26459],[-85.94856,31.25308],[-85.95075,31.24381],[-85.95587,31.23792],[-85.95573,31.23201],[-85.95933,31.22042],[-85.95834,31.21099],[-85.96498,31.20125],[-85.96611,31.19594]]]},"properties":{"STATEFP":"01","COUNTYFP":"031","COUSUBFP":"90999","COUSUBNS":"00165708","GEOIDFQ":"0600000US0103190999","GEOID":"0103190999","NAME":"Enterprise","NAMELSAD":"Enterprise CCD","STUSPS":"AL","NAMELSADCO":"Coffee County","STATE_NAME":"Alabama","LSAD":"22","ALAND":554630284,"AWATER":640184}},
{"type":"Feature","geometry":{"type":"Polygon","coordinates":[[[-87.68871,35.00375],[-87.77359,35.00495],[-87.85189,35.00566],[-87.87797,35.00547],[-87.92698,35.00566],[-87.9259,34.99695],[-87.92239,34.99401],[-87.91046,34.99156],[-87.89775,34.98195],[-87.89017,34.96661],[-87.88299,34.96267],[-87.87003,34.94967],[-87.85785,34.94188],[-87.84214,34.92679],[-87.84333,34.92491],[-87.83069,34.91031],[-87.82792,34.90267],[-87.82865,34.89775],[-87.82057,34.88881],[-87.81422,34.88587],[-87.80933,34.87982],[-87.80268,34.87635],[-87.77985,34.87849],[-87.76534,34.87905],[-87.76235,34.87759],[-87.74795,34.88305],[-87.74381,34.88173],[-87.73827,34.87342],[-87.73908,34.86472],[-87.73528,34.85607],[-87.7406,34.85372],[-87.73656,34.84547],[-87.73117,34.83961],[-87.72428,34.84029],[-87.715,34.84822],[-87.72051,34.85061],[-87.71494,34.8568],[-87.72185,34.86481],[-87.71834,34.87319],[-87.72346,34.87976],[-87.71577,34.88453],[-87.71256,34.89156],[-87.71243,34.89822],[-87.70592,34.90795],[-87.70202,34.90923],[-87.69914,34.91568],[-87.70137,34.91964],[-87.69572,34.92303],[-87.69567,34.92669],[-87.68924,34.92775],[-87.68663,34.93368],[-87.68822,34.93854],[-87.69539,34.94785],[-87.69401,34.95109],[-87.6965,34.95873],[-87.7017,34.9655],[-87.69512,34.9779],[-87.69196,34.98055],[-87.69358,34.98589],[-87.69712,34.98863],[-87.6976,34.99382],[-87.69031,34.999],[-87.68871,35.00375]]]},"properties":{"STATEFP":"01","COUNTYFP":"077","COUSUBFP":"90657","COUSUBNS":"00165832","GEOIDFQ":"0600000US0107790657","GEOID":"0107790657","NAME":"Cloverdale","NAMELSAD":"Cloverdale CCD","STUSPS":"AL","NAMELSADCO":"Lauderdale County","STATE_NAME":"Alabama","LSAD":"22","ALAND":216680346,"AWATER":730772}},
{"type":"Feature","geometry":{"type":"Polygon","coordinates":[[[-85.97679,31.11735],[-85.97949,31.11809],[-85.97898,31.10535],[-85.98565,31.09717],[-85.98544,31.07987],[-85.98841,31.06233],[-85.9873,31.05559],[-85.99009,31.05325],[-85.98938,31.04804],[-85.97844,31.04044],[-85.97201,31.04039],[-85.96691,31.03712],[-85.95957,31.02881],[-85.95594,31.03085],[-85.95046,31.02923],[-85.94978,31.02053],[-85.9444,31.01933],[-85.9545,31.01127],[-85.94849,31.0046],[-85.95278,31.00081],[-85.9643,31.00037],[-85.96566,30.99306],[-85.89354,30.99347],[-85.83112,30.99406],[-85.82918,31.00018],[-85.83236,31.00542],[-85.82407,31.00785],[-85.83446,31.01149],[-85.84811,31.00957],[-85.85497,31.01483],[-85.85366,31.01811],[-85.85771,31.02201],[-85.85303,31.03015],[-85.85131,31.04663],[-85.84803,31.0491],[-85.85173,31.05414],[-85.84664,31.05854],[-85.84676,31.0645],[-85.84177,31.06489],[-85.83708,31.06824],[-85.84375,31.0732],[-85.83999,31.07856],[-85.84505,31.09081],[-85.86047,31.09426],[-85.86501,31.09792],[-85.87943,31.09774],[-85.88397,31.09416],[-85.88714,31.10354],[-85.89387,31.10576],[-85.90184,31.10594],[-85.91724,31.11012],[-85.93206,31.10704],[-85.93613,31.08813],[-85.94337,31.09341],[-85.95001,31.0953],[-85.95312,31.10374],[-85.95768,31.10229],[-85.96497,31.10554],[-85.9702,31.11246],[-85.97613,31.11374],[-85.97679,31.11735]]]},"properties":{"STATEFP":"01","COUNTYFP":"061","COUSUBFP":"91305","COUSUBNS":"00165784","GEOIDFQ":"0600000US0106191305","GEOID":"0106191305","NAME":"Geneva","NAMELSAD":"Geneva CCD","STUSPS":"AL","NAMELSADCO":"Geneva County","STATE_NAME":"Alabama","LSAD":"22","ALAND":145544232,"AWATER":1564131}},
{"type":"Feature","geometry":{"type":"Polygon","coordinates":[[[-86.02734,31.83259],[-86.0304,31.83898],[-86.03442,31.85353],[-86.04093,31.86407],[-86.04094,31.87851],[-86.02707,31.89184],[-86.0238,31.90056],[-86.02107,31.90156],[-86.01804,31.91875],[-86.02083,31.92845],[-86.01525,31.93706],[-86.01893,31.9432],[-86.02002,31.95175],[-86.03421,31.96477],[-86.03883,31.9673],[-86.12164,31.96723],[-86.13529,31.96667],[-86.19138,31.96645],[-86.1858,31.96261],[-86.18558,31.95824],[-86.18176,31.94915],[-86.1798,31.93595],[-86.17497,31.9306],[-86.17781,31.92511],[-86.17512,31.91878],[-86.17563,31.9009],[-86.17309,31.89239],[-86.1775,31.88629],[-86.17881,31.87562],[-86.18231,31.87029],[-86.18442,31.85073],[-86.18352,31.84648],[-86.18618,31.83743],[-86.18295,31.83239],[-86.18824,31.82397],[-86.1936,31.81893],[-86.19293,31.81201],[-86.19941,31.80786],[-86.19938,31.79045],[-86.14834,31.79095],[-86.14734,31.77607],[-86.14731,31.71528],[-86.14689,31.67441],[-86.14711,31.663],[-86.14142,31.66496],[-86.13175,31.67467],[-86.12408,31.67733],[-86.12009,31.68637],[-86.11502,31.69101],[-86.11834,31.69986],[-86.11054,31.70466],[-86.10552,31.71712],[-86.11159,31.72474],[-86.11066,31.72956],[-86.10329,31.73045],[-86.10282,31.73571],[-86.09774,31.73735],[-86.09572,31.74327],[-86.07794,31.76293],[-86.07869,31.76916],[-86.07717,31.77476],[-86.06857,31.78116],[-86.05761,31.7841],[-86.05637,31.78847],[-86.05135,31.79016],[-86.04735,31.7986],[-86.0482,31.80483],[-86.04696,31.81236],[-86.0356,31.82097],[-86.02734,31.83259]]]},"properties":{"STATEFP":"01","COUNTYFP":"109","COUSUBFP":"91377","COUSUBNS":"00165930","GEOIDFQ":"0600000US0110991377","GEOID":"0110991377","NAME":"Goshen-Shady Grove","NAMELSAD":"Goshen-Shady Grove CCD","STUSPS":"AL","NAMELSADCO":"Pike County","STATE_NAME":"Alabama","LSAD":"22","ALAND":342592992,"AWATER":519037}},
{"type":"Feature","geometry":{"type":"Polygon","coordinates":[[[-85.70918,33.84554],[-85.71122,33.85395],[-85.70588,33.86039],[-85.68706,33.86884],[-85.68205,33.86957],[-85.66093,33.87759],[-85.66722,33.88458],[-85.66748,33.8894],[-85.66243,33.8983],[-85.67098,33.90389],[-85.68204,33.90422],[-85.68829,33.90047],[-85.69994,33.89849],[-85.70682,33.89372],[-85.71485,33.89247],[-85.73287,33.88645],[-85.74345,33.88718],[-85.74425,33.89409],[-85.7311,33.90645],[-85.72737,33.91926],[-85.72327,33.92505],[-85.72705,33.92706],[-85.72944,33.93334],[-85.74195,33.93435],[-85.74447,33.9361],[-85.74996,33.93738],[-85.81141,33.94714],[-85.82158,33.94978],[-85.81699,33.9459],[-85.81599,33.93866],[-85.80722,33.93587],[-85.80652,33.92731],[-85.8086,33.92215],[-85.80376,33.91472],[-85.8004,33.90623],[-85.80885,33.89986],[-85.80739,33.89173],[-85.81332,33.88842],[-85.81683,33.8768],[-85.82037,33.87055],[-85.83094,33.86278],[-85.8357,33.8532],[-85.8428,33.85207],[-85.84826,33.84508],[-85.83617,33.83555],[-85.83795,33.82996],[-85.83432,33.82481],[-85.83453,33.8075],[-85.83863,33.80287],[-85.83844,33.79264],[-85.83484,33.77899],[-85.83039,33.77496],[-85.81724,33.77859],[-85.81057,33.78264],[-85.79698,33.79299],[-85.79293,33.79401],[-85.78903,33.78757],[-85.78959,33.7829],[-85.7848,33.77905],[-85.77586,33.7793],[-85.76153,33.78201],[-85.75736,33.77736],[-85.74598,33.77549],[-85.73987,33.77682],[-85.7266,33.78282],[-85.72263,33.78694],[-85.72069,33.79474],[-85.7163,33.8017],[-85.72183,33.80907],[-85.72401,33.81445],[-85.72935,33.81822],[-85.72779,33.82676],[-85.72154,33.82648],[-85.71814,33.83603],[-85.70918,33.84554]]]},"properties":{"STATEFP":"01","COUNTYFP":"015","COUSUBFP":"91746","COUSUBNS":"00165676","GEOIDFQ":"0600000US0101591746","GEOID":"0101591746","NAME":"Jacksonville","NAMELSAD":"Jacksonville CCD","STUSPS":"AL","NAMELSADCO":"Calhoun County","STATE_NAME":"Alabama","LSAD":"22","ALAND":184167660,"AWATER":554613}},
{"type":"Feature","geometry":{"type":"Polygon","coordinates":[[[-86.447,33.24259],[-86.45288,33.24387],[-86.45803,33.24143],[-86.46459,33.23098],[-86.46648,33.22449],[-86.4648,33.21667],[-86.46171,33.21067],[-86.46202,33.20002],[-86.45353,33.19512],[-86.45325,33.20547],[-86.44982,33.21248],[-86.4502,33.21739],[-86.45465,33.22925],[-86.4535,33.23753],[-86.44074,33.2366],[-86.42828,33.23771],[-86.41478,33.24057],[-86.41507,33.243],[-86.40535,33.24603],[-86.40794,33.2402],[-86.40722,33.23418],[-86.40194,33.234],[-86.39275,33.22919],[-86.3827,33.22954],[-86.37061,33.23658],[-86.3627,33.23513],[-86.35171,33.23718],[-86.34913,33.23971],[-86.34208,33.2404],[-86.33567,33.2312],[-86.3308,33.23061],[-86.32649,33.22474],[-86.31512,33.22046],[-86.30801,33.21621],[-86.28922,33.20838],[-86.28155,33.20621],[-86.27635,33.21298],[-86.27045,33.21529],[-86.26685,33.22117],[-86.26082,33.22642],[-86.26009,33.23227],[-86.25599,33.23772],[-86.25554,33.24654],[-86.25925,33.24956],[-86.25972,33.25527],[-86.26605,33.25836],[-86.26885,33.26767],[-86.27494,33.27017],[-86.2793,33.27454],[-86.27901,33.27898],[-86.29047,33.28631],[-86.30129,33.285],[-86.30291,33.29603],[-86.29211,33.29974],[-86.29177,33.31435],[-86.29383,33.32061],[-86.29822,33.32333],[-86.29738,33.32976],[-86.29962,33.33467],[-86.30686,33.32668],[-86.31632,33.32547],[-86.31958,33.31807],[-86.3239,33.3193],[-86.33042,33.31618],[-86.3329,33.30868],[-86.33866,33.30539],[-86.34612,33.30584],[-86.35024,33.30911],[-86.3536,33.30651],[-86.361,33.30717],[-86.35759,33.29854],[-86.36091,33.29241],[-86.379,33.28608],[-86.39334,33.27543],[-86.40449,33.27275],[-86.41028,33.27294],[-86.42176,33.27697],[-86.42856,33.28274],[-86.43353,33.28262],[-86.4341,33.27551],[-86.42717,33.26675],[-86.42437,33.26056],[-86.42849,33.25011],[-86.43255,33.24434],[-86.43917,33.24092],[-86.447,33.24259]]]},"properties":{"STATEFP":"01","COUNTYFP":"121","COUSUBFP":"90576","COUSUBNS":"00165959","GEOIDFQ":"0600000US0112190576","GEOID":"0112190576","NAME":"Childersburg","NAMELSAD":"Childersburg CCD","STUSPS":"AL","NAMELSADCO":"Talladega County","STATE_NAME":"Alabama","LSAD":"22","ALAND":115822465,"AWATER":4769258}},
{"type":"Feature","geometry":{"type":"Polygon","coordinates":[[[-87.95178,33.91993],[-87.95182,33.85891],[-87.94933,33.76748],[-87.93731,33.77121],[-87.92537,33.76776],[-87.92217,33.77277],[-87.90787,33.76883],[-87.89413,33.76934],[-87.88884,33.76169],[-87.88512,33.76255],[-87.8744,33.75868],[-87.87276,33.7618],[-87.85953,33.76155],[-87.8574,33.75881],[-87.84105,33.75641],[-87.83369,33.7532],[-87.83031,33.75541],[-87.82024,33.74545],[-87.81466,33.74552],[-87.80383,33.74037],[-87.79138,33.73756],[-87.78526,33.73905],[-87.77616,33.74523],[-87.77768,33.74865],[-87.77445,33.75589],[-87.76223,33.7599],[-87.7608,33.76429],[-87.76578,33.76838],[-87.76709,33.77638],[-87.76338,33.78304],[-87.75847,33.78423],[-87.74376,33.79298],[-87.73998,33.80196],[-87.73935,33.80755],[-87.74499,33.82216],[-87.74118,33.82674],[-87.73753,33.82572],[-87.7287,33.81307],[-87.7219,33.81466],[-87.7216,33.81949],[-87.72671,33.82902],[-87.7355,33.83726],[-87.73561,33.84134],[-87.71561,33.84281],[-87.71494,33.85347],[-87.71921,33.85542],[-87.71702,33.86067],[-87.72431,33.8672],[-87.71438,33.86911],[-87.71945,33.878],[-87.71493,33.88307],[-87.69831,33.88097],[-87.69125,33.88567],[-87.68881,33.89068],[-87.6847,33.89145],[-87.68101,33.90158],[-87.68514,33.90584],[-87.68651,33.915],[-87.73935,33.91473],[-87.81432,33.91736],[-87.8377,33.91839],[-87.86324,33.91951],[-87.88187,33.91892],[-87.95178,33.91993]]]},"properties":{"STATEFP":"01","COUNTYFP":"057","COUSUBFP":"93495","COUSUBNS":"00165778","GEOIDFQ":"0600000US0105793495","GEOID":"0105793495","NAME":"Winfield-Glen Allen","NAMELSAD":"Winfield-Glen Allen CCD","STUSPS":"AL","NAMELSADCO":"Fayette County","STATE_NAME":"Alabama","LSAD":"22","ALAND":368498415,"AWATER":358362}},
{"type":"Feature","geometry":{"type":"Polygon","coordinates":[[[-85.42317,33.20822],[-85.42632,33.20288],[-85.43286,33.19678],[-85.43847,33.18422],[-85.44166,33.18291],[-85.44222,33.17681],[-85.44775,33.17062],[-85.45333,33.16809],[-85.45969,33.16066],[-85.45722,33.14537],[-85.45897,33.13149],[-85.46212,33.12643],[-85.45809,33.12058],[-85.45584,33.10903],[-85.40268,33.10862],[-85.28603,33.1082],[-85.23238,33.10808],[-85.26266,33.26559],[-85.2732,33.26418],[-85.2823,33.26813],[-85.28493,33.26678],[-85.29611,33.26936],[-85.30108,33.27384],[-85.30636,33.2827],[-85.31446,33.28503],[-85.32697,33.28329],[-85.3314,33.28118],[-85.3357,33.28378],[-85.34157,33.28326],[-85.34806,33.27843],[-85.35528,33.27591],[-85.36173,33.26852],[-85.37372,33.26229],[-85.37801,33.26068],[-85.38399,33.25044],[-85.38921,33.24568],[-85.39545,33.23518],[-85.39994,33.23347],[-85.40491,33.22599],[-85.40951,33.22308],[-85.4096,33.21806],[-85.41764,33.21092],[-85.42317,33.20822]]]},"properties":{"STATEFP":"01","COUNTYFP":"111","COUSUBFP":"92736","COUSUBNS":"00165935","GEOIDFQ":"0600000US0111192736","GEOID":"0111192736","NAME":"Roanoke","NAMELSAD":"Roanoke CCD","STUSPS":"AL","NAMELSADCO":"Randolph County","STATE_NAME":"Alabama","LSAD":"22","ALAND":304956900,"AWATER":1930618}},
{"type":"Feature","geometry":{"type":"Polygon","coordinates":[[[-85.00079,32.51019],[-85.00153,32.51474],[-85.0071,32.52387],[-85.01379,32.52611],[-85.02024,32.53475],[-85.02251,32.54292],[-85.03207,32.54543],[-85.03484,32.552],[-85.04055,32.55564],[-85.05693,32.57124],[-85.05967,32.57674],[-85.06753,32.57955],[-85.0764,32.59467],[-85.08029,32.60358],[-85.08224,32.61626],[-85.08729,32.62047],[-85.08944,32.62543],[-85.08236,32.63383],[-85.09134,32.63404],[-85.10039,32.63712],[-85.10534,32.64484],[-85.10034,32.65014],[-85.08974,32.65563],[-85.08848,32.65776],[-85.09354,32.66973],[-85.10404,32.67963],[-85.11264,32.68343],[-85.11535,32.68733],[-85.12594,32.68776],[-85.13047,32.69391],[-85.14,32.69008],[-85.14375,32.69094],[-85.15366,32.68811],[-85.16264,32.69075],[-85.17577,32.68609],[-85.19464,32.68317],[-85.19849,32.67831],[-85.2221,32.66652],[-85.23309,32.66031],[-85.23462,32.65417],[-85.22816,32.64356],[-85.22669,32.63553],[-85.23211,32.63205],[-85.24065,32.63382],[-85.24676,32.6313],[-85.24667,32.6231],[-85.25091,32.61869],[-85.25054,32.61162],[-85.24716,32.60874],[-85.24619,32.60283],[-85.23812,32.598],[-85.24229,32.59631],[-85.2509,32.59793],[-85.25796,32.59639],[-85.26097,32.58294],[-85.2662,32.57167],[-85.2626,32.57127],[-85.25519,32.56085],[-85.25414,32.55654],[-85.25591,32.53505],[-85.25487,32.53079],[-85.23177,32.53195],[-85.22688,32.52787],[-85.2158,32.53292],[-85.20486,32.53318],[-85.19807,32.53475],[-85.19033,32.52429],[-85.19152,32.52032],[-85.18779,32.51758],[-85.18352,32.50818],[-85.17895,32.50576],[-85.17898,32.5017],[-85.17441,32.49888],[-85.17517,32.49144],[-85.17052,32.48457],[-85.17255,32.4828],[-85.17055,32.47527],[-85.16535,32.47097],[-85.11318,32.47163],[-85.0593,32.47298],[-85.06078,32.50918],[-85.00079,32.51019]]]},"properties":{"STATEFP":"01","COUNTYFP":"081","COUSUBFP":"92962","COUSUBNS":"00165850","GEOIDFQ":"0600000US0108192962","GEOID":"0108192962","NAME":"Smiths Station","NAMELSAD":"Smiths Station CCD","STUSPS":"AL","NAMELSADCO":"Lee County","STATE_NAME":"Alabama","LSAD":"22","ALAND":351923711,"AWATER":7966932}},
{"type":"Feature","geometry":{"type":"Polygon","coordinates":[[[-87.75792,32.57889],[-87.74829,32.58064],[-87.74019,32.57511],[-87.73992,32.56523],[-87.73454,32.56339],[-87.72885,32.56448],[-87.72609,32.57095],[-87.71213,32.58163],[-87.71139,32.58464],[-87.70096,32.58569],[-87.69594,32.59002],[-87.69522,32.59639],[-87.68827,32.60091],[-87.68683,32.60756],[-87.68901,32.6124],[-87.64483,32.61229],[-87.63698,32.61577],[-87.62706,32.61551],[-87.61653,32.61339],[-87.60615,32.60747],[-87.5923,32.60093],[-87.58098,32.5999],[-87.56686,32.60139],[-87.56075,32.60451],[-87.5531,32.60584],[-87.54362,32.60486],[-87.54348,32.60839],[-87.53311,32.61919],[-87.52535,32.61907],[-87.5252,32.65366],[-87.53182,32.65571],[-87.54297,32.65576],[-87.54831,32.6632],[-87.56647,32.67893],[-87.5762,32.68863],[-87.57947,32.68639],[-87.59191,32.66668],[-87.60099,32.65912],[-87.60543,32.66131],[-87.60527,32.64857],[-87.6432,32.6493],[-87.63166,32.66519],[-87.62803,32.67578],[-87.61819,32.68458],[-87.61652,32.69221],[-87.63825,32.69243],[-87.69181,32.69278],[-87.70413,32.68391],[-87.71059,32.68297],[-87.72571,32.67769],[-87.7255,32.67031],[-87.73385,32.6625],[-87.73566,32.65316],[-87.74148,32.64402],[-87.74476,32.64444],[-87.75001,32.63745],[-87.75471,32.63336],[-87.7738,32.64171],[-87.79255,32.63736],[-87.81021,32.63814],[-87.8134,32.63388],[-87.80892,32.62711],[-87.80675,32.61929],[-87.79844,32.61045],[-87.78457,32.60505],[-87.76881,32.60964],[-87.76352,32.61254],[-87.75413,32.61445],[-87.74901,32.6132],[-87.7436,32.59764],[-87.7376,32.59053],[-87.75422,32.58286],[-87.75792,32.57889]]]},"properties":{"STATEFP":"01","COUNTYFP":"065","COUSUBFP":"91415","COUSUBNS":"00165794","GEOIDFQ":"0600000US0106591415","GEOID":"0106591415","NAME":"Greensboro South","NAMELSAD":"Greensboro South CCD","STUSPS":"AL","NAMELSADCO":"Hale County","STATE_NAME":"Alabama","LSAD":"22","ALAND":178985988,"AWATER":6023121}},
{"type":"Feature","geometry":{"type":"Polygon","coordinates":[[[-85.9267,31.61897],[-85.99995,31.61931],[-86.12383,31.61817],[-86.14589,31.61774],[-86.14395,31.53768],[-86.15677,31.53753],[-86.15656,31.5302],[-86.19478,31.52995],[-86.19472,31.52446],[-86.18091,31.52566],[-86.16612,31.52457],[-86.15875,31.52099],[-86.1511,31.513],[-86.14263,31.50211],[-86.13459,31.50122],[-86.12846,31.51412],[-86.12392,31.51172],[-86.12134,31.50565],[-86.11513,31.49695],[-86.10895,31.49609],[-86.10264,31.49164],[-86.10122,31.48678],[-86.09226,31.48042],[-86.08704,31.471],[-86.07985,31.46765],[-86.07405,31.463],[-86.06827,31.46204],[-86.06023,31.45638],[-86.05656,31.45961],[-86.05333,31.46921],[-86.04849,31.47632],[-86.04517,31.48901],[-86.0391,31.49217],[-86.03942,31.49593],[-86.02915,31.50859],[-86.02265,31.50779],[-86.01674,31.51196],[-86.01133,31.51931],[-86.00635,31.5181],[-86.00352,31.52275],[-85.99905,31.52263],[-85.99183,31.5296],[-85.98458,31.53292],[-85.98211,31.53804],[-85.97383,31.54301],[-85.96554,31.55232],[-85.95813,31.56646],[-85.95339,31.56799],[-85.94898,31.57728],[-85.94272,31.58307],[-85.93884,31.58983],[-85.93653,31.60127],[-85.93169,31.61153],[-85.92871,31.613],[-85.9267,31.61897]]]},"properties":{"STATEFP":"01","COUNTYFP":"031","COUSUBFP":"91719","COUSUBNS":"00165710","GEOIDFQ":"0600000US0103191719","GEOID":"0103191719","NAME":"Jack","NAMELSAD":"Jack CCD","STUSPS":"AL","NAMELSADCO":"Coffee County","STATE_NAME":"Alabama","LSAD":"22","ALAND":244162407,"AWATER":108904}},
{"type":"Feature","geometry":{"type":"Polygon","coordinates":[[[-86.99189,33.70506],[-86.98798,33.70554],[-86.98055,33.71201],[-86.97935,33.71749],[-86.98393,33.72227],[-86.98132,33.72484],[-86.97582,33.72261],[-86.96657,33.71264],[-86.95736,33.70743],[-86.95404,33.7129],[-86.96139,33.71703],[-86.96357,33.72058],[-86.94976,33.7327],[-86.94686,33.72715],[-86.94247,33.72795],[-86.94215,33.73812],[-86.924,33.73604],[-86.91916,33.73697],[-86.91813,33.74414],[-86.92186,33.74344],[-86.92601,33.74826],[-86.92825,33.75703],[-86.9362,33.76331],[-86.93528,33.76981],[-86.94344,33.77706],[-86.94465,33.78345],[-86.9515,33.79022],[-86.95577,33.80083],[-86.97124,33.80121],[-86.97093,33.78646],[-86.98695,33.7868],[-87.00596,33.78724],[-87.00589,33.77257],[-87.02329,33.77273],[-87.02335,33.74358],[-87.03169,33.74365],[-87.03158,33.72898],[-87.04064,33.72897],[-87.04005,33.69631],[-87.03979,33.68536],[-87.05725,33.68547],[-87.05772,33.66129],[-87.05388,33.65213],[-87.04512,33.64828],[-87.04538,33.64298],[-87.04277,33.63851],[-87.036,33.65152],[-87.02598,33.65526],[-87.02084,33.65893],[-87.03271,33.66283],[-87.02774,33.67127],[-87.02091,33.67288],[-87.01269,33.66298],[-87.00751,33.66221],[-87.00412,33.66752],[-87.01258,33.67847],[-87.00334,33.67843],[-87.00229,33.68873],[-87.00758,33.69359],[-87.01598,33.69756],[-87.01026,33.70159],[-87.00467,33.69827],[-86.99936,33.70424],[-86.99189,33.70506]]]},"properties":{"STATEFP":"01","COUNTYFP":"073","COUSUBFP":"92745","COUSUBNS":"00165825","GEOIDFQ":"0600000US0107392745","GEOID":"0107392745","NAME":"Robbins Crossroads","NAMELSAD":"Robbins Crossroads CCD","STUSPS":"AL","NAMELSADCO":"Jefferson County","STATE_NAME":"Alabama","LSAD":"22","ALAND":91987027,"AWATER":967980}},
{"type":"Feature","geometry":{"type":"Polygon","coordinates":[[[-85.41024,32.14665],[-85.42744,32.14655],[-85.43354,32.23465],[-85.59483,32.23322],[-85.59467,32.22892],[-85.59809,32.22134],[-85.60305,32.21612],[-85.5963,32.20991],[-85.58647,32.19541],[-85.5842,32.1881],[-85.5808,32.18395],[-85.58096,32.17659],[-85.57775,32.17124],[-85.57965,32.1655],[-85.57561,32.158],[-85.57546,32.15345],[-85.56996,32.14733],[-85.57188,32.14381],[-85.58841,32.14133],[-85.59934,32.1373],[-85.60745,32.13969],[-85.61063,32.13654],[-85.61929,32.1328],[-85.62364,32.12823],[-85.63067,32.12525],[-85.62231,32.11761],[-85.61781,32.11619],[-85.61773,32.103],[-85.61095,32.10252],[-85.60024,32.09509],[-85.59734,32.08541],[-85.59078,32.05862],[-85.5892,32.03734],[-85.59593,32.03513],[-85.60367,32.03475],[-85.61172,32.02766],[-85.62851,32.02984],[-85.62945,32.03856],[-85.63404,32.04459],[-85.64168,32.04897],[-85.64827,32.04928],[-85.64842,32.04585],[-85.64175,32.04193],[-85.63941,32.03553],[-85.64447,32.02683],[-85.63606,32.01553],[-85.63641,32.01035],[-85.63362,32.00804],[-85.63545,31.99921],[-85.63079,31.99202],[-85.62567,31.98024],[-85.62977,31.97657],[-85.64053,31.97633],[-85.63756,31.96317],[-85.63028,31.95655],[-85.62028,31.9455],[-85.61551,31.94816],[-85.60477,31.96085],[-85.60405,31.97025],[-85.59677,31.9771],[-85.59247,31.98624],[-85.59357,31.9927],[-85.58734,31.99736],[-85.58054,31.99696],[-85.53814,31.99805],[-85.53484,31.99506],[-85.52963,31.99954],[-85.51236,31.99969],[-85.51264,32.01406],[-85.49994,32.01445],[-85.47064,32.01416],[-85.47114,32.02226],[-85.46304,32.02235],[-85.46254,32.01436],[-85.42848,32.01495],[-85.42882,32.03469],[-85.42982,32.04598],[-85.43031,32.05196],[-85.42769,32.11879],[-85.42744,32.13935],[-85.41004,32.13945],[-85.41024,32.14665]]]},"properties":{"STATEFP":"01","COUNTYFP":"011","COUSUBFP":"92133","COUSUBNS":"00165669","GEOIDFQ":"0600000US0101192133","GEOID":"0101192133","NAME":"Midway","NAMELSAD":"Midway CCD","STUSPS":"AL","NAMELSADCO":"Bullock County","STATE_NAME":"Alabama","LSAD":"22","ALAND":428206382,"AWATER":492358}},
{"type":"Feature","geometry":{"type":"Polygon","coordinates":[[[-86.19478,31.33681],[-86.18199,31.33854],[-86.17366,31.34173],[-86.1673,31.34175],[-86.16313,31.34441],[-86.1582,31.35145],[-86.14542,31.35312],[-86.12622,31.35338],[-86.12362,31.35516],[-86.11547,31.35302],[-86.1062,31.34653],[-86.09854,31.33083],[-86.10167,31.32653],[-86.0987,31.32417],[-86.10512,31.31158],[-86.10282,31.30507],[-86.10805,31.29746],[-86.098,31.29664],[-86.09209,31.30161],[-86.08286,31.30329],[-86.07995,31.29534],[-86.06886,31.29623],[-86.05471,31.30291],[-86.04284,31.30563],[-86.03794,31.30367],[-86.03313,31.31132],[-86.00584,31.31212],[-86.0037,31.31791],[-86.00522,31.32261],[-86.01641,31.32825],[-86.00993,31.33972],[-86.00228,31.34543],[-85.9961,31.34225],[-85.98198,31.34184],[-85.97396,31.34025],[-85.97412,31.35548],[-85.96219,31.3739],[-85.96036,31.39069],[-85.95951,31.41696],[-85.9682,31.42786],[-85.97003,31.43273],[-85.9745,31.44951],[-85.9741,31.45459],[-85.97585,31.46526],[-85.9816,31.46964],[-85.98129,31.51138],[-85.97688,31.51368],[-85.97787,31.52501],[-85.97752,31.53619],[-85.98211,31.53804],[-85.98458,31.53292],[-85.99183,31.5296],[-85.99905,31.52263],[-86.00352,31.52275],[-86.00635,31.5181],[-86.01133,31.51931],[-86.01674,31.51196],[-86.02265,31.50779],[-86.02915,31.50859],[-86.03942,31.49593],[-86.0391,31.49217],[-86.04517,31.48901],[-86.04849,31.47632],[-86.05333,31.46921],[-86.05656,31.45961],[-86.06023,31.45638],[-86.06827,31.46204],[-86.07405,31.463],[-86.07985,31.46765],[-86.08704,31.471],[-86.09226,31.48042],[-86.10122,31.48678],[-86.10264,31.49164],[-86.10895,31.49609],[-86.11513,31.49695],[-86.12134,31.50565],[-86.12392,31.51172],[-86.12846,31.51412],[-86.13459,31.50122],[-86.14263,31.50211],[-86.1511,31.513],[-86.15875,31.52099],[-86.16612,31.52457],[-86.18091,31.52566],[-86.19472,31.52446],[-86.19395,31.44007],[-86.19636,31.42543],[-86.19478,31.33681]]]},"properties":{"STATEFP":"01","COUNTYFP":"031","COUSUBFP":"90954","COUSUBNS":"00165707","GEOIDFQ":"0600000US0103190954","GEOID":"0103190954","NAME":"Elba","NAMELSAD":"Elba CCD","STUSPS":"AL","NAMELSADCO":"Coffee County","STATE_NAME":"Alabama","LSAD":"22","ALAND":409852422,"AWATER":1565979}},
{"type":"Feature","geometry":{"type":"Polygon","coordinates":[[[-87.01429,33.48596],[-87.02189,33.48356],[-87.03668,33.48398],[-87.04822,33.48232],[-87.05052,33.49153],[-87.05553,33.49075],[-87.06532,33.49352],[-87.06491,33.49884],[-87.07277,33.50623],[-87.07722,33.50024],[-87.08649,33.49777],[-87.09278,33.49115],[-87.10094,33.49185],[-87.10392,33.47403],[-87.10166,33.46905],[-87.10868,33.46464],[-87.11267,33.45653],[-87.11628,33.45714],[-87.11304,33.4528],[-87.11074,33.44498],[-87.10464,33.44524],[-87.10295,33.45197],[-87.09453,33.44308],[-87.09217,33.44728],[-87.08217,33.44297],[-87.08903,33.44004],[-87.08896,33.43193],[-87.08295,33.4311],[-87.07844,33.42764],[-87.07959,33.42226],[-87.07524,33.41016],[-87.07239,33.40532],[-87.07391,33.40096],[-87.06813,33.39787],[-87.06081,33.39635],[-87.06677,33.3914],[-87.05879,33.38798],[-87.05672,33.38367],[-87.04545,33.3801],[-87.04315,33.387],[-87.04729,33.38809],[-87.04859,33.39278],[-87.03833,33.3942],[-87.02494,33.39235],[-87.02238,33.3887],[-87.01361,33.39015],[-87.01053,33.39234],[-87.00476,33.38887],[-86.99943,33.39686],[-86.99336,33.39993],[-86.98487,33.40683],[-86.99652,33.40697],[-87.00222,33.40922],[-87.00293,33.41345],[-86.99977,33.42145],[-87.00742,33.42631],[-87.01335,33.43201],[-87.01425,33.43601],[-87.02415,33.438],[-87.02831,33.4444],[-87.02323,33.44836],[-87.01849,33.46572],[-87.01419,33.46733],[-87.003,33.46392],[-86.9964,33.46376],[-86.99629,33.46791],[-87.00382,33.46713],[-87.00886,33.47501],[-87.01625,33.48152],[-87.01429,33.48596]]]},"properties":{"STATEFP":"01","COUNTYFP":"073","COUSUBFP":"90722","COUSUBNS":"00165815","GEOIDFQ":"0600000US0107390722","GEOID":"0107390722","NAME":"Concord-Rock Creek","NAMELSAD":"Concord-Rock Creek CCD","STUSPS":"AL","NAMELSADCO":"Jefferson County","STATE_NAME":"Alabama","LSAD":"22","ALAND":84266472,"AWATER":562662}},
{"type":"Feature","geometry":{"type":"Polygon","coordinates":[[[-87.59673,32.7287],[-87.59426,32.72445],[-87.57901,32.72427],[-87.57041,32.7223],[-87.5638,32.72247],[-87.55689,32.71343],[-87.5582,32.71133],[-87.55781,32.69954],[-87.54918,32.69944],[-87.54921,32.68102],[-87.54613,32.67566],[-87.54451,32.66666],[-87.54831,32.6632],[-87.54297,32.65576],[-87.53182,32.65571],[-87.5252,32.65366],[-87.5252,32.65571],[-87.47391,32.65587],[-87.47381,32.72533],[-87.47219,32.74345],[-87.47262,32.81693],[-87.47217,32.83062],[-87.42139,32.83083],[-87.4212,32.87451],[-87.42056,32.8906],[-87.43108,32.8877],[-87.43929,32.87982],[-87.44559,32.86819],[-87.44945,32.86496],[-87.45682,32.86369],[-87.46061,32.86074],[-87.46848,32.86208],[-87.47621,32.87063],[-87.48629,32.87312],[-87.49918,32.8711],[-87.51137,32.87507],[-87.51794,32.87851],[-87.5329,32.8767],[-87.53851,32.87126],[-87.54631,32.87008],[-87.56261,32.87373],[-87.56832,32.87896],[-87.57939,32.88306],[-87.5886,32.88357],[-87.59953,32.88107],[-87.6083,32.88324],[-87.61284,32.86714],[-87.61365,32.85784],[-87.60809,32.83914],[-87.59997,32.82012],[-87.60335,32.81639],[-87.59846,32.80848],[-87.60194,32.80554],[-87.60023,32.80164],[-87.60775,32.79747],[-87.61219,32.78726],[-87.61526,32.78642],[-87.61448,32.77227],[-87.61595,32.76967],[-87.61001,32.75702],[-87.6014,32.75375],[-87.5963,32.74487],[-87.59673,32.7287]]]},"properties":{"STATEFP":"01","COUNTYFP":"065","COUSUBFP":"91414","COUSUBNS":"00165792","GEOIDFQ":"0600000US0106591414","GEOID":"0106591414","NAME":"Greensboro Northeast","NAMELSAD":"Greensboro Northeast CCD","STUSPS":"AL","NAMELSADCO":"Hale County","STATE_NAME":"Alabama","LSAD":"22","ALAND":287711687,"AWATER":1997945}},
{"type":"Feature","geometry":{"type":"Polygon","coordinates":[[[-88.25269,30.62536],[-88.29184,30.62546],[-88.29229,30.6398],[-88.29679,30.64164],[-88.30335,30.62846],[-88.30685,30.62698],[-88.31126,30.62018],[-88.31461,30.61927],[-88.32556,30.60537],[-88.33058,30.60553],[-88.34511,30.59895],[-88.35057,30.59974],[-88.35234,30.60549],[-88.35871,30.60547],[-88.37996,30.6138],[-88.38622,30.61251],[-88.38516,30.60813],[-88.3921,30.60548],[-88.39906,30.60583],[-88.4003,30.60028],[-88.40601,30.58976],[-88.40355,30.5331],[-88.39958,30.45822],[-88.39502,30.36943],[-88.37467,30.38561],[-88.36402,30.38801],[-88.35736,30.40662],[-88.34373,30.40199],[-88.33802,30.40475],[-88.32613,30.39778],[-88.32114,30.39635],[-88.31508,30.39163],[-88.31484,30.38446],[-88.31223,30.37656],[-88.31461,30.37144],[-88.30474,30.37133],[-88.30355,30.37923],[-88.29987,30.38559],[-88.2927,30.38723],[-88.29465,30.39721],[-88.28726,30.40048],[-88.28589,30.4074],[-88.29481,30.41882],[-88.2931,30.42511],[-88.2946,30.4317],[-88.30099,30.43633],[-88.30093,30.44815],[-88.29655,30.45115],[-88.2905,30.45872],[-88.27537,30.44747],[-88.24712,30.42848],[-88.24466,30.42392],[-88.23978,30.42664],[-88.23129,30.42755],[-88.22265,30.43318],[-88.21701,30.44248],[-88.21704,30.4945],[-88.19134,30.49455],[-88.18148,30.50112],[-88.18468,30.50822],[-88.18453,30.51253],[-88.18822,30.51994],[-88.19511,30.52827],[-88.20849,30.53054],[-88.22436,30.54142],[-88.22913,30.55068],[-88.23453,30.55529],[-88.23845,30.54996],[-88.24236,30.5482],[-88.24155,30.57438],[-88.24166,30.5889],[-88.24149,30.60607],[-88.25526,30.60755],[-88.25269,30.62536]]]},"properties":{"STATEFP":"01","COUNTYFP":"097","COUSUBFP":"91386","COUSUBNS":"00165893","GEOIDFQ":"0600000US0109791386","GEOID":"0109791386","NAME":"Grand Bay","NAMELSAD":"Grand Bay CCD","STUSPS":"AL","NAMELSADCO":"Mobile County","STATE_NAME":"Alabama","LSAD":"22","ALAND":389489583,"AWATER":91398445}},
{"type":"Feature","geometry":{"type":"Polygon","coordinates":[[[-86.9059,31.75304],[-86.8875,31.76013],[-86.86126,31.76936],[-86.85648,31.76866],[-86.84653,31.77203],[-86.83773,31.77338],[-86.82673,31.77837],[-86.81481,31.78236],[-86.80349,31.77889],[-86.79755,31.78021],[-86.79523,31.77149],[-86.78157,31.76608],[-86.76976,31.76719],[-86.76322,31.77137],[-86.75518,31.77419],[-86.7472,31.77953],[-86.73862,31.77984],[-86.74053,31.7846],[-86.73711,31.79014],[-86.73267,31.79228],[-86.72835,31.79802],[-86.72095,31.80348],[-86.71408,31.80633],[-86.70481,31.81536],[-86.69568,31.81686],[-86.69153,31.82178],[-86.69816,31.82507],[-86.71514,31.82788],[-86.71984,31.83498],[-86.72738,31.84198],[-86.72119,31.85949],[-86.71176,31.87307],[-86.7129,31.87597],[-86.69765,31.88327],[-86.69026,31.88865],[-86.68285,31.89104],[-86.67354,31.89218],[-86.65736,31.89132],[-86.6459,31.90502],[-86.64125,31.91395],[-86.63914,31.92367],[-86.63921,31.9301],[-86.63701,31.93753],[-86.63145,31.94565],[-86.6263,31.95002],[-86.61488,31.95332],[-86.61361,31.96392],[-86.70909,31.96263],[-86.74998,31.96202],[-86.80728,31.96161],[-86.82468,31.96244],[-86.85758,31.96217],[-86.87498,31.96164],[-86.90894,31.96167],[-86.9069,31.83063],[-86.9059,31.75304]]]},"properties":{"STATEFP":"01","COUNTYFP":"013","COUSUBFP":"91170","COUSUBNS":"00165672","GEOIDFQ":"0600000US0101391170","GEOID":"0101391170","NAME":"Forest Home","NAMELSAD":"Forest Home CCD","STUSPS":"AL","NAMELSADCO":"Butler County","STATE_NAME":"Alabama","LSAD":"22","ALAND":441481495,"AWATER":272087}},
{"type":"Feature","geometry":{"type":"Polygon","coordinates":[[[-85.23314,31.70308],[-85.24993,31.70387],[-85.31104,31.70508],[-85.33414,31.70594],[-85.41604,31.70666],[-85.41585,31.68164],[-85.41644,31.61947],[-85.41602,31.56089],[-85.41534,31.50017],[-85.41577,31.49041],[-85.41351,31.49217],[-85.39129,31.49439],[-85.37096,31.49383],[-85.35705,31.49633],[-85.34493,31.50012],[-85.33783,31.50479],[-85.33344,31.5044],[-85.32066,31.49912],[-85.30825,31.49589],[-85.29986,31.49187],[-85.28442,31.49178],[-85.27283,31.48703],[-85.25993,31.48864],[-85.25946,31.48104],[-85.24811,31.48084],[-85.23741,31.47852],[-85.23836,31.49351],[-85.22401,31.50543],[-85.21784,31.51418],[-85.21166,31.53015],[-85.21317,31.54415],[-85.20819,31.54892],[-85.20434,31.5636],[-85.20437,31.57098],[-85.20782,31.5814],[-85.20276,31.58557],[-85.20327,31.59263],[-85.20172,31.59888],[-85.20194,31.60867],[-85.21012,31.62517],[-85.21099,31.63263],[-85.21453,31.63923],[-85.21691,31.64832],[-85.22512,31.66085],[-85.23171,31.68089],[-85.22815,31.68875],[-85.22995,31.69207],[-85.2288,31.69897],[-85.23314,31.70308]]]},"properties":{"STATEFP":"01","COUNTYFP":"067","COUSUBFP":"90009","COUSUBNS":"00165797","GEOIDFQ":"0600000US0106790009","GEOID":"0106790009","NAME":"Abbeville","NAMELSAD":"Abbeville CCD","STUSPS":"AL","NAMELSADCO":"Henry County","STATE_NAME":"Alabama","LSAD":"22","ALAND":447548523,"AWATER":604327}},
{"type":"Feature","geometry":{"type":"Polygon","coordinates":[[[-85.65767,31.88028],[-85.79105,31.88036],[-85.79105,31.91506],[-85.79005,31.96725],[-85.86511,31.96723],[-85.86029,31.95566],[-85.85468,31.94919],[-85.85121,31.93892],[-85.85396,31.93044],[-85.85047,31.92594],[-85.85727,31.92245],[-85.86673,31.92119],[-85.87051,31.91799],[-85.87837,31.91595],[-85.89232,31.90406],[-85.89611,31.89701],[-85.90361,31.89121],[-85.90481,31.88541],[-85.90925,31.88235],[-85.90948,31.87836],[-85.89374,31.86987],[-85.87739,31.86626],[-85.87049,31.86745],[-85.87059,31.86185],[-85.88407,31.85301],[-85.89321,31.85213],[-85.89913,31.84081],[-85.89756,31.83513],[-85.89795,31.82623],[-85.89975,31.82078],[-85.89258,31.81854],[-85.89495,31.81015],[-85.90119,31.80751],[-85.91095,31.7988],[-85.90236,31.79635],[-85.88491,31.78511],[-85.88446,31.77561],[-85.88201,31.7713],[-85.87039,31.76413],[-85.86331,31.76421],[-85.84798,31.75359],[-85.82437,31.75668],[-85.80864,31.75643],[-85.79516,31.75312],[-85.78331,31.75325],[-85.76949,31.76056],[-85.76321,31.77068],[-85.76175,31.77675],[-85.75203,31.77953],[-85.74907,31.78189],[-85.74049,31.78145],[-85.73306,31.77775],[-85.71875,31.77735],[-85.71541,31.77453],[-85.71363,31.76358],[-85.71455,31.75504],[-85.70412,31.74655],[-85.70129,31.74103],[-85.6956,31.74783],[-85.67125,31.76094],[-85.66623,31.77288],[-85.66679,31.78007],[-85.66363,31.78236],[-85.67095,31.79538],[-85.67057,31.79957],[-85.67398,31.8066],[-85.67205,31.81551],[-85.67462,31.81973],[-85.66831,31.83476],[-85.67252,31.8459],[-85.67767,31.85224],[-85.67496,31.86038],[-85.67147,31.862],[-85.66693,31.87],[-85.65767,31.88028]]]},"properties":{"STATEFP":"01","COUNTYFP":"109","COUSUBFP":"90198","COUSUBNS":"00165928","GEOIDFQ":"0600000US0110990198","GEOID":"0110990198","NAME":"Banks-Josie","NAMELSAD":"Banks-Josie CCD","STUSPS":"AL","NAMELSADCO":"Pike County","STATE_NAME":"Alabama","LSAD":"22","ALAND":352222458,"AWATER":234374}},
{"type":"Feature","geometry":{"type":"Polygon","coordinates":[[[-86.46883,34.47565],[-86.46246,34.46886],[-86.45497,34.46446],[-86.44524,34.46108],[-86.43337,34.44935],[-86.41702,34.43596],[-86.39772,34.42587],[-86.38567,34.42269],[-86.37498,34.42262],[-86.3552,34.42927],[-86.34949,34.42976],[-86.33557,34.42781],[-86.33087,34.426],[-86.32532,34.42074],[-86.32469,34.41574],[-86.32544,34.40905],[-86.32912,34.39483],[-86.32305,34.38624],[-86.31826,34.38235],[-86.30918,34.37785],[-86.29536,34.37386],[-86.28883,34.37367],[-86.27816,34.37902],[-86.2692,34.37735],[-86.24631,34.37901],[-86.24121,34.38148],[-86.23333,34.39115],[-86.23029,34.39895],[-86.22739,34.42206],[-86.22515,34.43346],[-86.22075,34.44595],[-86.21117,34.46168],[-86.19795,34.4716],[-86.18495,34.49005],[-86.17374,34.49684],[-86.16577,34.50551],[-86.14795,34.51749],[-86.1456,34.52001],[-86.14776,34.5209],[-86.13985,34.5333],[-86.14981,34.53363],[-86.14413,34.53426],[-86.14326,34.54117],[-86.14943,34.54975],[-86.14846,34.59907],[-86.23703,34.60002],[-86.26912,34.60006],[-86.32696,34.59974],[-86.32685,34.5994],[-86.31623,34.59968],[-86.31062,34.59544],[-86.30313,34.59263],[-86.30698,34.58583],[-86.30308,34.57962],[-86.31434,34.57653],[-86.32188,34.57651],[-86.32672,34.57221],[-86.33142,34.57326],[-86.33035,34.56606],[-86.31346,34.56301],[-86.30665,34.56074],[-86.31167,34.55394],[-86.31299,34.54794],[-86.31119,34.53928],[-86.3245,34.52914],[-86.32945,34.51833],[-86.32982,34.51313],[-86.33432,34.50959],[-86.34023,34.51246],[-86.35552,34.52348],[-86.36627,34.51474],[-86.38312,34.52094],[-86.39038,34.51404],[-86.39219,34.50807],[-86.38726,34.50569],[-86.38903,34.49971],[-86.39934,34.49494],[-86.40449,34.49709],[-86.41248,34.49409],[-86.42391,34.47958],[-86.43513,34.48344],[-86.45396,34.4838],[-86.46883,34.47565]]]},"properties":{"STATEFP":"01","COUNTYFP":"095","COUSUBFP":"91395","COUSUBNS":"00165887","GEOIDFQ":"0600000US0109591395","GEOID":"0109591395","NAME":"Grant","NAMELSAD":"Grant CCD","STUSPS":"AL","NAMELSADCO":"Marshall County","STATE_NAME":"Alabama","LSAD":"22","ALAND":345925123,"AWATER":52388135}},
{"type":"Feature","geometry":{"type":"Polygon","coordinates":[[[-85.17978,31.1904],[-85.17633,31.18906],[-85.1708,31.17989],[-85.16342,31.17805],[-85.15551,31.1835],[-85.13528,31.18931],[-85.10774,31.18985],[-85.10696,31.20269],[-85.0987,31.21129],[-85.09871,31.21951],[-85.09676,31.22565],[-85.09884,31.23252],[-85.10426,31.24187],[-85.11326,31.26434],[-85.1119,31.27248],[-85.1146,31.27733],[-85.11031,31.28173],[-85.09911,31.28417],[-85.08977,31.29503],[-85.08765,31.30868],[-85.16205,31.30787],[-85.16866,31.30032],[-85.18048,31.29043],[-85.18801,31.28154],[-85.19356,31.27764],[-85.19891,31.2766],[-85.20104,31.27142],[-85.2097,31.25712],[-85.20488,31.24788],[-85.20528,31.22478],[-85.18491,31.2242],[-85.17879,31.22082],[-85.17932,31.21383],[-85.18341,31.20515],[-85.184,31.19892],[-85.17978,31.1904]]]},"properties":{"STATEFP":"01","COUNTYFP":"069","COUSUBFP":"90702","COUSUBNS":"00165801","GEOIDFQ":"0600000US0106990702","GEOID":"0106990702","NAME":"Columbia","NAMELSAD":"Columbia CCD","STUSPS":"AL","NAMELSADCO":"Houston County","STATE_NAME":"Alabama","LSAD":"22","ALAND":112833270,"AWATER":338429}},
{"type":"Feature","geometry":{"type":"Polygon","coordinates":[[[-86.78611,34.74768],[-86.78693,34.66261],[-86.71598,34.69109],[-86.70707,34.69464],[-86.70606,34.72816],[-86.71451,34.73995],[-86.71433,34.75532],[-86.72524,34.75674],[-86.77633,34.74724],[-86.78611,34.74768]]]},"properties":{"STATEFP":"01","COUNTYFP":"089","COUSUBFP":"92052","COUSUBNS":"00165867","GEOIDFQ":"0600000US0108992052","GEOID":"0108992052","NAME":"Madison","NAMELSAD":"Madison CCD","STUSPS":"AL","NAMELSADCO":"Madison County","STATE_NAME":"Alabama","LSAD":"22","ALAND":57913663,"AWATER":153281}},
{"type":"Feature","geometry":{"type":"Polygon","coordinates":[[[-87.63612,34.0022],[-87.55696,33.9996],[-87.50002,33.99663],[-87.46407,33.99672],[-87.43039,33.99587],[-87.42538,34.00109],[-87.42294,34.00709],[-87.4161,34.01538],[-87.41565,34.0221],[-87.41055,34.02609],[-87.41132,34.03132],[-87.4189,34.03515],[-87.42026,34.03882],[-87.42899,34.04197],[-87.43002,34.05101],[-87.43814,34.05737],[-87.44942,34.05798],[-87.45821,34.07439],[-87.46516,34.07828],[-87.46872,34.08818],[-87.46846,34.09889],[-87.46707,34.10082],[-87.46954,34.10892],[-87.47722,34.11089],[-87.48075,34.12227],[-87.48523,34.12566],[-87.49674,34.12303],[-87.50083,34.12788],[-87.5068,34.12538],[-87.5088,34.12862],[-87.514,34.12651],[-87.52314,34.13034],[-87.53352,34.12943],[-87.54551,34.12422],[-87.55124,34.12564],[-87.55955,34.13175],[-87.56666,34.13335],[-87.57858,34.14132],[-87.583,34.14941],[-87.59151,34.15237],[-87.60604,34.15386],[-87.61497,34.14564],[-87.61945,34.13629],[-87.62858,34.13187],[-87.63076,34.12269],[-87.63656,34.12091],[-87.63612,34.0022]]]},"properties":{"STATEFP":"01","COUNTYFP":"133","COUSUBFP":"92025","COUSUBNS":"00166003","GEOIDFQ":"0600000US0113392025","GEOID":"0113392025","NAME":"Lynn","NAMELSAD":"Lynn CCD","STUSPS":"AL","NAMELSADCO":"Winston County","STATE_NAME":"Alabama","LSAD":"22","ALAND":260691391,"AWATER":384734}},
{"type":"Feature","geometry":{"type":"Polygon","coordinates":[[[-86.80537,34.40366],[-86.7989,34.40144],[-86.78659,34.39453],[-86.77382,34.39295],[-86.76735,34.39715],[-86.7524,34.39927],[-86.73103,34.41096],[-86.72812,34.4215],[-86.72111,34.4228],[-86.71583,34.4217],[-86.71075,34.42347],[-86.69462,34.42334],[-86.69687,34.42896],[-86.69595,34.43975],[-86.70143,34.44391],[-86.71418,34.44678],[-86.71694,34.44889],[-86.71583,34.45606],[-86.71157,34.46045],[-86.7144,34.46473],[-86.71875,34.46516],[-86.71325,34.47943],[-86.71216,34.4905],[-86.71726,34.49194],[-86.70828,34.50774],[-86.70377,34.5172],[-86.70542,34.52542],[-86.70082,34.52992],[-86.70469,34.53215],[-86.70943,34.52917],[-86.71624,34.52803],[-86.72527,34.53792],[-86.72482,34.54403],[-86.73446,34.55303],[-86.74652,34.55469],[-86.74931,34.55908],[-86.75314,34.55567],[-86.761,34.55245],[-86.77825,34.55012],[-86.79006,34.55079],[-86.80918,34.55421],[-86.82909,34.55508],[-86.83855,34.55663],[-86.86237,34.56794],[-86.89732,34.57767],[-86.90757,34.57995],[-86.9233,34.58669],[-86.92409,34.57712],[-86.92084,34.57224],[-86.92691,34.56959],[-86.94141,34.56639],[-86.95429,34.55853],[-86.95518,34.55573],[-86.91466,34.53873],[-86.9084,34.5356],[-86.87049,34.50698],[-86.85728,34.50211],[-86.85598,34.49911],[-86.85729,34.45891],[-86.86609,34.45902],[-86.86646,34.44812],[-86.81762,34.44716],[-86.8181,34.43435],[-86.82277,34.42695],[-86.8208,34.4243],[-86.81328,34.42255],[-86.81569,34.41209],[-86.80537,34.40366]]]},"properties":{"STATEFP":"01","COUNTYFP":"103","COUSUBFP":"92970","COUSUBNS":"00165916","GEOIDFQ":"0600000US0110392970","GEOID":"0110392970","NAME":"Somerville","NAMELSAD":"Somerville CCD","STUSPS":"AL","NAMELSADCO":"Morgan County","STATE_NAME":"Alabama","LSAD":"22","ALAND":230867000,"AWATER":15565818}},
{"type":"Feature","geometry":{"type":"Polygon","coordinates":[[[-86.59473,34.13544],[-86.58761,34.13833],[-86.59064,34.14593],[-86.58525,34.1454],[-86.58413,34.15048],[-86.58002,34.15581],[-86.57561,34.1577],[-86.57397,34.16544],[-86.567,34.17078],[-86.56385,34.17049],[-86.55697,34.17885],[-86.54999,34.18126],[-86.54521,34.18727],[-86.55494,34.18792],[-86.55669,34.19309],[-86.54971,34.19816],[-86.55198,34.20598],[-86.55227,34.20892],[-86.55882,34.21106],[-86.55856,34.21753],[-86.56604,34.21751],[-86.5672,34.21497],[-86.5795,34.21776],[-86.58854,34.22442],[-86.59237,34.22879],[-86.59771,34.22879],[-86.60131,34.2237],[-86.6093,34.22607],[-86.61938,34.22605],[-86.63004,34.22433],[-86.63182,34.21995],[-86.64003,34.21653],[-86.64141,34.20644],[-86.64824,34.21194],[-86.65634,34.21436],[-86.66081,34.21813],[-86.66403,34.21264],[-86.66103,34.20737],[-86.67236,34.2041],[-86.6794,34.19913],[-86.68584,34.19774],[-86.68862,34.19269],[-86.69281,34.1909],[-86.69012,34.18658],[-86.69279,34.18077],[-86.68847,34.17274],[-86.69511,34.1723],[-86.69586,34.16834],[-86.69049,34.16356],[-86.68891,34.15581],[-86.68942,34.14792],[-86.69215,34.14337],[-86.69742,34.14253],[-86.69723,34.13864],[-86.70126,34.13224],[-86.70697,34.12939],[-86.70717,34.12318],[-86.71348,34.12143],[-86.71309,34.11006],[-86.71643,34.10255],[-86.7152,34.09927],[-86.72076,34.09642],[-86.71758,34.09155],[-86.70204,34.1018],[-86.69522,34.10027],[-86.69723,34.09492],[-86.69617,34.0893],[-86.6984,34.08503],[-86.69247,34.09241],[-86.6883,34.0926],[-86.6877,34.08073],[-86.67555,34.08535],[-86.6686,34.08383],[-86.65682,34.09165],[-86.65345,34.10722],[-86.63843,34.1085],[-86.64025,34.11257],[-86.62413,34.12221],[-86.62077,34.12217],[-86.61087,34.11381],[-86.59978,34.12172],[-86.6043,34.12518],[-86.59898,34.13327],[-86.59473,34.13544]]]},"properties":{"STATEFP":"01","COUNTYFP":"043","COUSUBFP":"91647","COUSUBNS":"00165733","GEOIDFQ":"0600000US0104391647","GEOID":"0104391647","NAME":"Holly Pond","NAMELSAD":"Holly Pond CCD","STUSPS":"AL","NAMELSADCO":"Cullman County","STATE_NAME":"Alabama","LSAD":"22","ALAND":140130135,"AWATER":1239492}},
{"type":"Feature","geometry":{"type":"Polygon","coordinates":[[[-86.77153,32.66072],[-86.71339,32.66173],[-86.71422,32.70569],[-86.65369,32.70619],[-86.65497,32.71997],[-86.64969,32.7233],[-86.65162,32.73673],[-86.65517,32.74311],[-86.65194,32.74762],[-86.65639,32.75315],[-86.65658,32.76363],[-86.65931,32.76868],[-86.65735,32.77504],[-86.64473,32.78855],[-86.64857,32.7933],[-86.65506,32.79109],[-86.65919,32.79279],[-86.66704,32.79149],[-86.67064,32.79349],[-86.68281,32.7918],[-86.69115,32.79341],[-86.6915,32.79695],[-86.7003,32.80051],[-86.70035,32.80422],[-86.70688,32.80449],[-86.70825,32.80962],[-86.70504,32.81688],[-86.70551,32.82196],[-86.70075,32.82855],[-86.70095,32.83479],[-86.69767,32.83935],[-86.69591,32.86027],[-86.70466,32.8795],[-86.71144,32.8915],[-86.71643,32.88693],[-86.7258,32.88294],[-86.7296,32.88824],[-86.74181,32.88497],[-86.74749,32.88579],[-86.755,32.8829],[-86.75957,32.89296],[-86.77299,32.88854],[-86.78381,32.89164],[-86.79046,32.892],[-86.79047,32.88203],[-86.78814,32.8791],[-86.79177,32.85969],[-86.79435,32.85434],[-86.79212,32.84541],[-86.79786,32.83817],[-86.79659,32.8309],[-86.79767,32.82135],[-86.80421,32.81154],[-86.8108,32.80867],[-86.81511,32.80929],[-86.81957,32.80489],[-86.80441,32.80287],[-86.79507,32.79433],[-86.79824,32.78693],[-86.78851,32.77694],[-86.79419,32.75871],[-86.7985,32.75539],[-86.79856,32.73891],[-86.80214,32.73023],[-86.80365,32.71436],[-86.8087,32.71183],[-86.81069,32.70334],[-86.80026,32.69613],[-86.79174,32.68547],[-86.78972,32.67576],[-86.78606,32.67185],[-86.77723,32.66845],[-86.77153,32.66072]]]},"properties":{"STATEFP":"01","COUNTYFP":"021","COUSUBFP":"91710","COUSUBNS":"00165691","GEOIDFQ":"0600000US0102191710","GEOID":"0102191710","NAME":"Isabella-Pletcher","NAMELSAD":"Isabella-Pletcher CCD","STUSPS":"AL","NAMELSADCO":"Chilton County","STATE_NAME":"Alabama","LSAD":"22","ALAND":260741624,"AWATER":395895}},
{"type":"Feature","geometry":{"type":"Polygon","coordinates":[[[-87.02685,33.24646],[-87.06574,33.24691],[-87.07664,33.24683],[-87.1041,33.22146],[-87.12152,33.22174],[-87.12187,33.23584],[-87.14334,33.23619],[-87.14355,33.23247],[-87.15207,33.23248],[-87.15555,33.22983],[-87.19915,33.19655],[-87.19932,33.13066],[-87.22982,33.13124],[-87.28194,33.13306],[-87.31158,33.09393],[-87.31211,33.08805],[-87.31226,33.08622],[-87.30492,33.08005],[-87.29768,33.0763],[-87.29439,33.0727],[-87.29411,33.06419],[-87.2858,33.06444],[-87.28199,33.07098],[-87.27726,33.07091],[-87.26619,33.08016],[-87.26173,33.08104],[-87.25551,33.07825],[-87.24942,33.06931],[-87.24056,33.06184],[-87.23901,33.0581],[-87.23301,33.05314],[-87.23074,33.04848],[-87.21971,33.04419],[-87.21609,33.03986],[-87.20932,33.03883],[-87.19564,33.03205],[-87.19082,33.0281],[-87.18652,33.03067],[-87.17163,33.02627],[-87.1685,33.0236],[-87.15601,33.01966],[-87.14845,33.00905],[-87.15247,33.00449],[-87.1407,32.99677],[-87.13381,32.99377],[-87.1246,32.99859],[-87.11718,33.00769],[-87.10313,33.01149],[-87.10277,33.02016],[-87.0988,33.02196],[-87.08826,33.01281],[-87.07865,33.01915],[-87.07372,33.02039],[-87.06988,33.02928],[-87.07986,33.03631],[-87.07657,33.04189],[-87.0817,33.05294],[-87.07841,33.07035],[-87.0723,33.07622],[-87.06544,33.08042],[-87.06406,33.08619],[-87.06029,33.09161],[-87.04356,33.10565],[-87.03979,33.1075],[-87.03762,33.11278],[-87.03249,33.11699],[-87.04039,33.12266],[-87.04023,33.12631],[-87.03257,33.12562],[-87.02684,33.12933],[-87.02882,33.13378],[-87.02762,33.13869],[-87.03403,33.14787],[-87.03981,33.15273],[-87.03346,33.16039],[-87.02905,33.1573],[-87.02975,33.17202],[-87.02561,33.17915],[-87.02563,33.19144],[-87.0213,33.19145],[-87.02138,33.20978],[-87.02572,33.20972],[-87.02598,33.23161],[-87.02685,33.24646]]]},"properties":{"STATEFP":"01","COUNTYFP":"007","COUSUBFP":"93438","COUSUBNS":"00165659","GEOIDFQ":"0600000US0100793438","GEOID":"0100793438","NAME":"West Blocton","NAMELSAD":"West Blocton CCD","STUSPS":"AL","NAMELSADCO":"Bibb County","STATE_NAME":"Alabama","LSAD":"22","ALAND":413093912,"AWATER":3220455}},
{"type":"Feature","geometry":{"type":"Polygon","coordinates":[[[-87.94686,33.67996],[-87.94804,33.72909],[-87.94933,33.76748],[-87.95182,33.85891],[-87.96434,33.85445],[-87.97608,33.85448],[-87.99059,33.85165],[-87.99722,33.84835],[-88.00447,33.84691],[-88.01045,33.8512],[-88.01509,33.86405],[-88.02673,33.87108],[-88.05521,33.87155],[-88.07612,33.8705],[-88.08568,33.86865],[-88.10278,33.86974],[-88.10548,33.86367],[-88.11173,33.85546],[-88.12539,33.85008],[-88.133,33.84461],[-88.14207,33.84083],[-88.148,33.84118],[-88.14955,33.83785],[-88.16409,33.83115],[-88.18294,33.83228],[-88.1884,33.83428],[-88.19666,33.82321],[-88.19545,33.81844],[-88.20274,33.81212],[-88.20759,33.79594],[-88.23728,33.80349],[-88.2416,33.80297],[-88.24414,33.78167],[-88.25226,33.71957],[-88.25462,33.69578],[-88.26237,33.6324],[-88.25432,33.63624],[-88.251,33.64249],[-88.25066,33.65019],[-88.23738,33.65427],[-88.23464,33.65395],[-88.2296,33.66039],[-88.22448,33.66371],[-88.2098,33.66822],[-88.20734,33.671],[-88.1995,33.66974],[-88.19019,33.68092],[-88.18594,33.68353],[-88.16931,33.68842],[-88.16563,33.68303],[-88.15852,33.6866],[-88.15424,33.68252],[-88.14944,33.68558],[-88.13794,33.6875],[-88.12572,33.6959],[-88.11305,33.69101],[-88.10098,33.69252],[-88.0944,33.69513],[-88.08925,33.68599],[-88.07607,33.6852],[-88.06374,33.68103],[-88.05381,33.68011],[-88.04238,33.67336],[-88.03774,33.6768],[-88.03397,33.68497],[-88.02784,33.68979],[-88.02439,33.69927],[-88.02005,33.70244],[-88.01013,33.70175],[-87.99554,33.71079],[-87.98397,33.70581],[-87.97517,33.71223],[-87.9656,33.70989],[-87.96238,33.70553],[-87.95449,33.69908],[-87.95241,33.68827],[-87.94686,33.67996]]]},"properties":{"STATEFP":"01","COUNTYFP":"075","COUSUBFP":"93294","COUSUBNS":"00165831","GEOIDFQ":"0600000US0107593294","GEOID":"0107593294","NAME":"Vernon","NAMELSAD":"Vernon CCD","STUSPS":"AL","NAMELSADCO":"Lamar County","STATE_NAME":"Alabama","LSAD":"22","ALAND":493059895,"AWATER":850894}},
{"type":"Feature","geometry":{"type":"Polygon","coordinates":[[[-87.52972,34.3046],[-87.53069,34.43624],[-87.53396,34.43402],[-87.54168,34.41821],[-87.54982,34.42082],[-87.55541,34.4192],[-87.56175,34.42092],[-87.56506,34.4145],[-87.59015,34.41322],[-87.60462,34.41823],[-87.61399,34.4298],[-87.61757,34.42115],[-87.63051,34.41868],[-87.63192,34.41479],[-87.63724,34.41171],[-87.64097,34.41515],[-87.64847,34.4173],[-87.6521,34.4142],[-87.65803,34.41382],[-87.66491,34.40281],[-87.66784,34.39447],[-87.67692,34.38869],[-87.69015,34.38613],[-87.69944,34.39225],[-87.70264,34.39052],[-87.70978,34.39212],[-87.72237,34.39249],[-87.7376,34.3961],[-87.746,34.40328],[-87.75715,34.40438],[-87.76194,34.4081],[-87.77622,34.40848],[-87.78178,34.41022],[-87.78847,34.4097],[-87.80125,34.40556],[-87.81389,34.40364],[-87.82417,34.40035],[-87.83535,34.40609],[-87.84915,34.40109],[-87.8564,34.39959],[-87.86839,34.39923],[-87.8735,34.40103],[-87.87637,34.3978],[-87.87306,34.38981],[-87.86805,34.38612],[-87.86623,34.37899],[-87.87673,34.37556],[-87.88239,34.36861],[-87.89396,34.3642],[-87.89939,34.35962],[-87.89825,34.35591],[-87.90225,34.34829],[-87.89969,34.34463],[-87.89497,34.34534],[-87.893,34.33928],[-87.89647,34.33467],[-87.89265,34.33004],[-87.88823,34.33288],[-87.87829,34.32478],[-87.88244,34.32001],[-87.88307,34.31197],[-87.82372,34.31101],[-87.76588,34.31072],[-87.73089,34.31019],[-87.63472,34.307],[-87.57328,34.30534],[-87.52972,34.3046]]]},"properties":{"STATEFP":"01","COUNTYFP":"059","COUSUBFP":"92547","COUSUBNS":"00165779","GEOIDFQ":"0600000US0105992547","GEOID":"0105992547","NAME":"Phil Campbell","NAMELSAD":"Phil Campbell CCD","STUSPS":"AL","NAMELSADCO":"Franklin County","STATE_NAME":"Alabama","LSAD":"22","ALAND":351070509,"AWATER":2674581}},
{"type":"Feature","geometry":{"type":"Polygon","coordinates":[[[-87.84068,33.52484],[-87.85856,33.52533],[-87.94652,33.52407],[-87.96615,33.52481],[-87.96573,33.5151],[-87.95983,33.51241],[-87.95915,33.50761],[-87.96212,33.50265],[-87.95585,33.4978],[-87.95308,33.49264],[-87.95181,33.48434],[-87.95261,33.47778],[-87.94746,33.46669],[-87.95042,33.45926],[-87.9396,33.45006],[-87.93497,33.44341],[-87.92887,33.43802],[-87.92575,33.4316],[-87.9271,33.41861],[-87.93551,33.40537],[-87.94118,33.40406],[-87.9485,33.39946],[-87.95667,33.39682],[-87.95746,33.39123],[-87.96137,33.38402],[-87.95734,33.37384],[-87.96047,33.36516],[-87.96138,33.35614],[-87.96098,33.33929],[-87.94833,33.33567],[-87.94331,33.31613],[-87.94425,33.30881],[-87.94935,33.30391],[-87.9517,33.28925],[-87.92098,33.29247],[-87.91793,33.2933],[-87.91135,33.28265],[-87.90603,33.2774],[-87.89393,33.27714],[-87.88535,33.27068],[-87.87664,33.27065],[-87.87382,33.26397],[-87.85853,33.25779],[-87.85871,33.25582],[-87.84899,33.24512],[-87.83789,33.24888],[-87.83836,33.32836],[-87.83821,33.37034],[-87.83878,33.442],[-87.84066,33.51154],[-87.84068,33.52484]]]},"properties":{"STATEFP":"01","COUNTYFP":"107","COUSUBFP":"91359","COUSUBNS":"00165925","GEOIDFQ":"0600000US0110791359","GEOID":"0110791359","NAME":"Gordo","NAMELSAD":"Gordo CCD","STUSPS":"AL","NAMELSADCO":"Pickens County","STATE_NAME":"Alabama","LSAD":"22","ALAND":286738754,"AWATER":289306}},
{"type":"Feature","geometry":{"type":"Polygon","coordinates":[[[-85.45295,33.38389],[-85.44446,33.3763],[-85.44171,33.37856],[-85.43678,33.37055],[-85.42793,33.36736],[-85.42234,33.35734],[-85.4163,33.35482],[-85.41425,33.35122],[-85.40623,33.34769],[-85.40306,33.35001],[-85.39676,33.34589],[-85.39602,33.32865],[-85.39966,33.32159],[-85.40075,33.31368],[-85.39875,33.30659],[-85.39986,33.30351],[-85.39749,33.28992],[-85.39516,33.28784],[-85.38531,33.28594],[-85.37935,33.27891],[-85.3802,33.26871],[-85.37372,33.26229],[-85.36173,33.26852],[-85.35528,33.27591],[-85.34806,33.27843],[-85.34157,33.28326],[-85.3357,33.28378],[-85.3314,33.28118],[-85.32697,33.28329],[-85.31446,33.28503],[-85.30636,33.2827],[-85.30108,33.27384],[-85.29611,33.26936],[-85.28493,33.26678],[-85.2823,33.26813],[-85.2732,33.26418],[-85.26266,33.26559],[-85.2814,33.36308],[-85.30444,33.48288],[-85.30925,33.48314],[-85.31603,33.48827],[-85.33106,33.49101],[-85.34492,33.49761],[-85.34996,33.50122],[-85.35449,33.49887],[-85.35257,33.49244],[-85.34953,33.48842],[-85.33929,33.48776],[-85.34296,33.4807],[-85.35602,33.48657],[-85.37068,33.48703],[-85.37063,33.48398],[-85.36336,33.48278],[-85.35872,33.47785],[-85.35232,33.47515],[-85.34809,33.469],[-85.34858,33.46523],[-85.35403,33.46356],[-85.35895,33.46718],[-85.36528,33.46874],[-85.37379,33.46834],[-85.36974,33.46118],[-85.3757,33.45926],[-85.38159,33.46186],[-85.38226,33.45528],[-85.38667,33.45049],[-85.37705,33.44442],[-85.38182,33.44132],[-85.39149,33.44386],[-85.39958,33.44208],[-85.39797,33.43583],[-85.38458,33.42913],[-85.38791,33.42509],[-85.39178,33.42564],[-85.40287,33.43232],[-85.39877,33.42422],[-85.40152,33.4203],[-85.40786,33.42031],[-85.39301,33.40715],[-85.39488,33.40356],[-85.40215,33.4053],[-85.40755,33.41333],[-85.41937,33.42157],[-85.42232,33.4199],[-85.41896,33.41123],[-85.42442,33.41182],[-85.43405,33.40987],[-85.42797,33.40262],[-85.43263,33.40074],[-85.43839,33.40213],[-85.44064,33.39751],[-85.44683,33.39516],[-85.44694,33.38781],[-85.45295,33.38389]]]},"properties":{"STATEFP":"01","COUNTYFP":"111","COUSUBFP":"93501","COUSUBNS":"00165938","GEOIDFQ":"0600000US0111193501","GEOID":"0111193501","NAME":"Woodland","NAMELSAD":"Woodland CCD","STUSPS":"AL","NAMELSADCO":"Randolph County","STATE_NAME":"Alabama","LSAD":"22","ALAND":259443392,"AWATER":153250}},
{"type":"Feature","geometry":{"type":"Polygon","coordinates":[[[-85.45233,32.73031],[-85.48205,32.73053],[-85.48185,32.73783],[-85.49075,32.73773],[-85.49066,32.73063],[-85.56807,32.72902],[-85.56808,32.7365],[-85.57675,32.73636],[-85.57679,32.72885],[-85.59315,32.72853],[-85.60999,32.72795],[-85.61025,32.71393],[-85.67985,32.71253],[-85.67965,32.69793],[-85.6957,32.69746],[-85.69675,32.69743],[-85.69629,32.62143],[-85.69585,32.59593],[-85.69565,32.58203],[-85.66125,32.58233],[-85.66105,32.56794],[-85.59302,32.53995],[-85.58125,32.53333],[-85.56558,32.52861],[-85.55211,32.53548],[-85.55292,32.54155],[-85.55798,32.55312],[-85.55594,32.56191],[-85.5518,32.56326],[-85.54765,32.5698],[-85.54623,32.57888],[-85.54201,32.58707],[-85.54167,32.60825],[-85.53486,32.61676],[-85.53917,32.62411],[-85.54562,32.62824],[-85.53831,32.63509],[-85.52529,32.63488],[-85.51834,32.63085],[-85.51406,32.63814],[-85.5073,32.64243],[-85.49075,32.64439],[-85.4827,32.64835],[-85.4744,32.6496],[-85.47036,32.64819],[-85.46522,32.65384],[-85.45581,32.65988],[-85.45179,32.66027],[-85.4529,32.66611],[-85.44959,32.67042],[-85.44682,32.68183],[-85.44273,32.68806],[-85.4421,32.69247],[-85.43741,32.69901],[-85.43464,32.70852],[-85.43792,32.71546],[-85.44255,32.72121],[-85.44322,32.72789],[-85.45127,32.72804],[-85.45233,32.73031]]]},"properties":{"STATEFP":"01","COUNTYFP":"081","COUSUBFP":"91944","COUSUBNS":"00165849","GEOIDFQ":"0600000US0108191944","GEOID":"0108191944","NAME":"Loachapoka-Roxana","NAMELSAD":"Loachapoka-Roxana CCD","STUSPS":"AL","NAMELSADCO":"Lee County","STATE_NAME":"Alabama","LSAD":"22","ALAND":347361344,"AWATER":2084820}},
{"type":"Feature","geometry":{"type":"Polygon","coordinates":[[[-86.77348,34.18239],[-86.70229,34.17343],[-86.69511,34.1723],[-86.68847,34.17274],[-86.69279,34.18077],[-86.69012,34.18658],[-86.69281,34.1909],[-86.68862,34.19269],[-86.68584,34.19774],[-86.6794,34.19913],[-86.67236,34.2041],[-86.66103,34.20737],[-86.66403,34.21264],[-86.66081,34.21813],[-86.65936,34.22374],[-86.65443,34.22745],[-86.65643,34.2384],[-86.65184,34.2426],[-86.65422,34.25368],[-86.65973,34.25565],[-86.66478,34.26234],[-86.66817,34.27881],[-86.66142,34.29496],[-86.66129,34.3055],[-86.67658,34.30595],[-86.7514,34.30693],[-86.74867,34.30085],[-86.7488,34.29138],[-86.75492,34.2843],[-86.76437,34.28057],[-86.77551,34.27916],[-86.77869,34.27299],[-86.77884,34.26535],[-86.7876,34.26131],[-86.79274,34.26108],[-86.80364,34.26369],[-86.80252,34.25903],[-86.80561,34.25633],[-86.80465,34.24891],[-86.80729,34.24546],[-86.80418,34.23605],[-86.79662,34.23865],[-86.78984,34.22807],[-86.79016,34.21673],[-86.7946,34.20906],[-86.7952,34.18298],[-86.78923,34.18381],[-86.77348,34.18239]]]},"properties":{"STATEFP":"01","COUNTYFP":"043","COUSUBFP":"92934","COUSUBNS":"00165736","GEOIDFQ":"0600000US0104392934","GEOID":"0104392934","NAME":"Simcoe","NAMELSAD":"Simcoe CCD","STUSPS":"AL","NAMELSADCO":"Cullman County","STATE_NAME":"Alabama","LSAD":"22","ALAND":154229973,"AWATER":1289225}},
{"type":"Feature","geometry":{"type":"Polygon","coordinates":[[[-85.70084,34.98619],[-85.82441,34.98814],[-85.86092,34.98836],[-85.8572,34.98347],[-85.84973,34.98168],[-85.84617,34.97506],[-85.83868,34.97296],[-85.83292,34.96865],[-85.83199,34.96524],[-85.8229,34.94919],[-85.81355,34.94447],[-85.80475,34.94342],[-85.79693,34.93568],[-85.79206,34.92729],[-85.78003,34.92488],[-85.77458,34.9185],[-85.75462,34.91102],[-85.75426,34.90336],[-85.75093,34.89774],[-85.75219,34.8943],[-85.74159,34.88689],[-85.71035,34.90426],[-85.70011,34.91352],[-85.69705,34.91843],[-85.69442,34.92814],[-85.69508,34.93805],[-85.70355,34.95605],[-85.7053,34.9647],[-85.70084,34.98619]]]},"properties":{"STATEFP":"01","COUNTYFP":"071","COUSUBFP":"90387","COUSUBNS":"00165805","GEOIDFQ":"0600000US0107190387","GEOID":"0107190387","NAME":"Bridgeport","NAMELSAD":"Bridgeport CCD","STUSPS":"AL","NAMELSADCO":"Jackson County","STATE_NAME":"Alabama","LSAD":"22","ALAND":92954119,"AWATER":2839235}},
{"type":"Feature","geometry":{"type":"Polygon","coordinates":[[[-86.93019,33.36038],[-86.91534,33.365],[-86.90853,33.36426],[-86.89403,33.36575],[-86.89554,33.3593],[-86.8925,33.35641],[-86.87811,33.35829],[-86.87562,33.35369],[-86.87785,33.34755],[-86.87605,33.34225],[-86.87033,33.33673],[-86.87071,33.33276],[-86.83069,33.33202],[-86.83023,33.36077],[-86.81343,33.36053],[-86.81274,33.36362],[-86.80458,33.36337],[-86.80444,33.3675],[-86.79782,33.36731],[-86.80572,33.38125],[-86.80661,33.38463],[-86.80567,33.41407],[-86.80704,33.42065],[-86.81167,33.43154],[-86.80816,33.44162],[-86.81377,33.44458],[-86.81391,33.44854],[-86.82228,33.44558],[-86.82928,33.43923],[-86.83551,33.43734],[-86.84173,33.43324],[-86.84837,33.44259],[-86.84831,33.45049],[-86.84214,33.45808],[-86.84231,33.4657],[-86.84976,33.4663],[-86.86937,33.4514],[-86.8775,33.44938],[-86.8902,33.44229],[-86.89013,33.43844],[-86.90028,33.4341],[-86.90839,33.42931],[-86.92155,33.41703],[-86.93068,33.40451],[-86.9325,33.39963],[-86.93903,33.39431],[-86.94289,33.38741],[-86.93826,33.3806],[-86.92986,33.37827],[-86.93019,33.36038]]]},"properties":{"STATEFP":"01","COUNTYFP":"073","COUSUBFP":"91656","COUSUBNS":"00165819","GEOIDFQ":"0600000US0107391656","GEOID":"0107391656","NAME":"Hoover","NAMELSAD":"Hoover CCD","STUSPS":"AL","NAMELSADCO":"Jefferson County","STATE_NAME":"Alabama","LSAD":"22","ALAND":115637296,"AWATER":822751}},
{"type":"Feature","geometry":{"type":"Polygon","coordinates":[[[-86.29953,32.30747],[-86.30992,32.30842],[-86.31002,32.31374],[-86.31885,32.32649],[-86.32833,32.32631],[-86.34419,32.3288],[-86.34834,32.32181],[-86.34986,32.31199],[-86.36073,32.31114],[-86.41752,32.30408],[-86.4266,32.3017],[-86.43665,32.30188],[-86.44704,32.299],[-86.4546,32.29372],[-86.46639,32.29172],[-86.4847,32.28449],[-86.48075,32.28081],[-86.48484,32.27639],[-86.4706,32.27001],[-86.45851,32.27409],[-86.44837,32.26814],[-86.44875,32.2636],[-86.44127,32.26204],[-86.43128,32.25651],[-86.42726,32.25715],[-86.42224,32.25372],[-86.42299,32.24825],[-86.41468,32.24694],[-86.40877,32.24431],[-86.40805,32.19436],[-86.40782,32.1476],[-86.40668,32.09723],[-86.40679,32.0656],[-86.40628,32.05073],[-86.34524,32.05138],[-86.33676,32.06788],[-86.32611,32.07388],[-86.32125,32.08182],[-86.32097,32.10019],[-86.3229,32.10826],[-86.3168,32.12093],[-86.31279,32.12387],[-86.29659,32.12462],[-86.28578,32.12771],[-86.2806,32.13214],[-86.27517,32.13133],[-86.2753,32.13678],[-86.27109,32.15057],[-86.27114,32.16161],[-86.26252,32.15972],[-86.25834,32.15673],[-86.2425,32.15082],[-86.23007,32.15169],[-86.21942,32.15738],[-86.21496,32.16182],[-86.21653,32.17252],[-86.22002,32.17399],[-86.2194,32.18036],[-86.2232,32.18307],[-86.22022,32.18848],[-86.22478,32.19749],[-86.23312,32.20213],[-86.23125,32.20675],[-86.23711,32.21332],[-86.23398,32.22108],[-86.23629,32.22347],[-86.23826,32.23288],[-86.24489,32.24678],[-86.24484,32.25572],[-86.24865,32.26461],[-86.26249,32.26656],[-86.27223,32.27064],[-86.27269,32.27502],[-86.28648,32.2853],[-86.2879,32.29059],[-86.29269,32.29358],[-86.29953,32.30747]]]},"properties":{"STATEFP":"01","COUNTYFP":"101","COUSUBFP":"91665","COUSUBNS":"00165904","GEOIDFQ":"0600000US0110191665","GEOID":"0110191665","NAME":"Hope Hull","NAMELSAD":"Hope Hull CCD","STUSPS":"AL","NAMELSADCO":"Montgomery County","STATE_NAME":"Alabama","LSAD":"22","ALAND":390643636,"AWATER":6622987}},
{"type":"Feature","geometry":{"type":"Polygon","coordinates":[[[-87.28339,34.53888],[-87.26416,34.53231],[-87.25356,34.54123],[-87.24801,34.54082],[-87.24127,34.5369],[-87.24022,34.5288],[-87.23497,34.52056],[-87.2287,34.52108],[-87.22067,34.51745],[-87.22119,34.50317],[-87.21474,34.50874],[-87.20148,34.50692],[-87.2005,34.50059],[-87.20391,34.49299],[-87.20448,34.47419],[-87.21307,34.47413],[-87.21317,34.47048],[-87.20704,34.47229],[-87.19768,34.46475],[-87.18445,34.46516],[-87.17716,34.46785],[-87.16366,34.45844],[-87.15276,34.46372],[-87.15009,34.46143],[-87.1382,34.46219],[-87.14323,34.46711],[-87.14615,34.47497],[-87.14096,34.47689],[-87.14241,34.48078],[-87.13358,34.4841],[-87.12399,34.48511],[-87.11818,34.48028],[-87.11051,34.49176],[-87.11257,34.49647],[-87.10699,34.49916],[-87.10644,34.56087],[-87.10576,34.60562],[-87.15229,34.60573],[-87.22012,34.6052],[-87.23218,34.60758],[-87.23734,34.60447],[-87.24802,34.60727],[-87.25126,34.60384],[-87.26171,34.61523],[-87.26126,34.61874],[-87.26548,34.61205],[-87.27719,34.60272],[-87.2739,34.59532],[-87.28226,34.58641],[-87.28244,34.57723],[-87.28558,34.57537],[-87.2875,34.56204],[-87.28477,34.55723],[-87.29213,34.55544],[-87.29057,34.55048],[-87.29608,34.5466],[-87.28833,34.54383],[-87.28339,34.53888]]]},"properties":{"STATEFP":"01","COUNTYFP":"079","COUSUBFP":"92241","COUSUBNS":"00165841","GEOIDFQ":"0600000US0107992241","GEOID":"0107992241","NAME":"Morris Chapel","NAMELSAD":"Morris Chapel CCD","STUSPS":"AL","NAMELSADCO":"Lawrence County","STATE_NAME":"Alabama","LSAD":"22","ALAND":196263945,"AWATER":1476769}},
{"type":"Feature","geometry":{"type":"Polygon","coordinates":[[[-87.11011,34.3138],[-87.10991,34.2993],[-87.1102,34.22836],[-87.11136,34.15309],[-87.11175,34.07681],[-87.10334,34.08291],[-87.0971,34.08341],[-87.09484,34.08619],[-87.07961,34.09077],[-87.07421,34.10688],[-87.06699,34.11156],[-87.06154,34.1089],[-87.06154,34.11611],[-87.05534,34.11622],[-87.04717,34.12515],[-87.05062,34.13049],[-87.04777,34.13565],[-87.05253,34.14569],[-87.04409,34.1473],[-87.04372,34.15179],[-87.04737,34.15383],[-87.04182,34.16354],[-87.03712,34.16386],[-87.0338,34.17215],[-87.02956,34.17461],[-87.0221,34.17454],[-87.02913,34.18306],[-87.02056,34.19169],[-87.02298,34.20136],[-87.0178,34.20198],[-87.0149,34.19759],[-87.00302,34.19423],[-86.98301,34.19465],[-86.98302,34.20388],[-86.97525,34.21462],[-86.97604,34.21829],[-86.97025,34.22084],[-86.96966,34.22971],[-86.97167,34.23542],[-86.97392,34.24137],[-86.98149,34.24296],[-86.98833,34.25291],[-86.99037,34.26633],[-86.99828,34.28554],[-86.99861,34.29253],[-86.99646,34.30419],[-86.99813,34.3117],[-87.0086,34.31173],[-87.09274,34.31232],[-87.11011,34.3138]]]},"properties":{"STATEFP":"01","COUNTYFP":"043","COUSUBFP":"91773","COUSUBNS":"00165734","GEOIDFQ":"0600000US0104391773","GEOID":"0104391773","NAME":"Jones Chapel","NAMELSAD":"Jones Chapel CCD","STUSPS":"AL","NAMELSADCO":"Cullman County","STATE_NAME":"Alabama","LSAD":"22","ALAND":215915521,"AWATER":1927096}},
{"type":"Feature","geometry":{"type":"Polygon","coordinates":[[[-86.19328,31.12512],[-86.19024,31.00306],[-86.18693,31.00308],[-86.18725,30.99405],[-86.11692,30.99292],[-86.03504,30.99332],[-85.99864,30.99287],[-85.96566,30.99306],[-85.9643,31.00037],[-85.95278,31.00081],[-85.94849,31.0046],[-85.9545,31.01127],[-85.9444,31.01933],[-85.94978,31.02053],[-85.95046,31.02923],[-85.95594,31.03085],[-85.95957,31.02881],[-85.96691,31.03712],[-85.97201,31.04039],[-85.97844,31.04044],[-85.98938,31.04804],[-85.99009,31.05325],[-85.9873,31.05559],[-85.98841,31.06233],[-85.98544,31.07987],[-85.98565,31.09717],[-85.97898,31.10535],[-85.97949,31.11809],[-85.97679,31.11735],[-85.97457,31.12184],[-85.9811,31.12645],[-85.98086,31.1304],[-85.98688,31.1369],[-85.98833,31.14258],[-85.99307,31.14359],[-85.99891,31.14826],[-86.00862,31.1503],[-86.01445,31.15633],[-86.01892,31.16419],[-86.02017,31.17224],[-86.0164,31.19103],[-86.01306,31.19532],[-86.05853,31.19408],[-86.11673,31.19302],[-86.11673,31.18389],[-86.1254,31.18206],[-86.12548,31.19275],[-86.19348,31.19221],[-86.19318,31.19028],[-86.19328,31.12512]]]},"properties":{"STATEFP":"01","COUNTYFP":"061","COUSUBFP":"92835","COUSUBNS":"00165786","GEOIDFQ":"0600000US0106192835","GEOID":"0106192835","NAME":"Samson","NAMELSAD":"Samson CCD","STUSPS":"AL","NAMELSADCO":"Geneva County","STATE_NAME":"Alabama","LSAD":"22","ALAND":431937439,"AWATER":5107135}},
{"type":"Feature","geometry":{"type":"Polygon","coordinates":[[[-87.75432,33.27335],[-87.74329,33.27075],[-87.72746,33.26888],[-87.70916,33.26369],[-87.67125,33.24449],[-87.65407,33.23682],[-87.64597,33.23508],[-87.62397,33.23266],[-87.60359,33.23729],[-87.60365,33.22961],[-87.59935,33.22719],[-87.59487,33.21707],[-87.5998,33.20685],[-87.56467,33.21733],[-87.5636,33.22879],[-87.56451,33.23303],[-87.55194,33.23606],[-87.5516,33.24235],[-87.54885,33.24505],[-87.54319,33.25848],[-87.54222,33.2639],[-87.5448,33.27081],[-87.55085,33.27605],[-87.55177,33.28016],[-87.56355,33.2883],[-87.5702,33.28965],[-87.56802,33.29702],[-87.56922,33.30902],[-87.57357,33.31644],[-87.57455,33.32367],[-87.58894,33.33264],[-87.59598,33.33219],[-87.6,33.34019],[-87.61013,33.34736],[-87.61637,33.3483],[-87.61946,33.34588],[-87.63732,33.3552],[-87.63816,33.36132],[-87.64986,33.36421],[-87.65261,33.37175],[-87.66558,33.37104],[-87.6762,33.3748],[-87.68491,33.37565],[-87.68884,33.37232],[-87.69656,33.37062],[-87.70254,33.36534],[-87.7084,33.35573],[-87.71166,33.3535],[-87.70834,33.33796],[-87.71195,33.33029],[-87.71685,33.32934],[-87.71912,33.31934],[-87.73571,33.32993],[-87.73979,33.33599],[-87.74898,33.33778],[-87.76177,33.332],[-87.75685,33.32586],[-87.75993,33.32408],[-87.76097,33.31361],[-87.75825,33.30691],[-87.75929,33.29804],[-87.75697,33.29694],[-87.75528,33.28739],[-87.75622,33.28192],[-87.74968,33.27728],[-87.75432,33.27335]]]},"properties":{"STATEFP":"01","COUNTYFP":"125","COUSUBFP":"92389","COUSUBNS":"01934999","GEOIDFQ":"0600000US0112592389","GEOID":"0112592389","NAME":"Northport","NAMELSAD":"Northport CCD","STUSPS":"AL","NAMELSADCO":"Tuscaloosa County","STATE_NAME":"Alabama","LSAD":"22","ALAND":211017119,"AWATER":3378218}},
{"type":"Feature","geometry":{"type":"Polygon","coordinates":[[[-86.70909,31.96263],[-86.61361,31.96392],[-86.49996,31.96361],[-86.49221,31.9643],[-86.4482,31.96463],[-86.41423,31.96484],[-86.405,31.96378],[-86.40605,32.03682],[-86.39636,32.03699],[-86.3965,32.04397],[-86.40616,32.04381],[-86.40628,32.05073],[-86.40679,32.0656],[-86.41489,32.05762],[-86.42725,32.05624],[-86.44183,32.04648],[-86.44963,32.03786],[-86.45198,32.02421],[-86.46358,32.03093],[-86.46849,32.04009],[-86.47388,32.04709],[-86.47566,32.05547],[-86.48591,32.07216],[-86.49824,32.0769],[-86.49821,32.08375],[-86.50253,32.08825],[-86.50767,32.08962],[-86.51152,32.09416],[-86.52821,32.10977],[-86.53325,32.11031],[-86.53999,32.11787],[-86.54098,32.12214],[-86.54848,32.1282],[-86.5628,32.13065],[-86.57239,32.1409],[-86.58016,32.14574],[-86.58252,32.1502],[-86.58755,32.14928],[-86.59298,32.15594],[-86.59207,32.16988],[-86.59546,32.17231],[-86.60098,32.16468],[-86.61881,32.14647],[-86.62242,32.14377],[-86.65486,32.12722],[-86.65729,32.12498],[-86.67852,32.08413],[-86.69819,32.07319],[-86.70599,32.08058],[-86.7212,32.07778],[-86.7348,32.07011],[-86.7311,32.06555],[-86.74426,32.06203],[-86.74952,32.05684],[-86.76065,32.05037],[-86.76564,32.03593],[-86.7656,32.02253],[-86.76134,32.01773],[-86.76443,32.01129],[-86.75907,32.0055],[-86.74897,31.99752],[-86.74386,31.99665],[-86.73966,31.9904],[-86.73317,31.98771],[-86.71147,31.96713],[-86.70909,31.96263]]]},"properties":{"STATEFP":"01","COUNTYFP":"085","COUSUBFP":"91197","COUSUBNS":"00165855","GEOIDFQ":"0600000US0108591197","GEOID":"0108591197","NAME":"Fort Deposit","NAMELSAD":"Fort Deposit CCD","STUSPS":"AL","NAMELSADCO":"Lowndes County","STATE_NAME":"Alabama","LSAD":"22","ALAND":474919516,"AWATER":2078194}},
{"type":"Feature","geometry":{"type":"Polygon","coordinates":[[[-85.90939,32.67619],[-85.90588,32.66762],[-85.901,32.66017],[-85.8898,32.6517],[-85.88775,32.64761],[-85.89028,32.63316],[-85.89456,32.61473],[-85.89456,32.60313],[-85.89156,32.59003],[-85.88946,32.57473],[-85.89048,32.56866],[-85.88556,32.54803],[-85.88536,32.54313],[-85.88844,32.53317],[-85.89109,32.51692],[-85.89105,32.50425],[-85.88837,32.49519],[-85.88615,32.49305],[-85.79716,32.49424],[-85.79795,32.53366],[-85.79858,32.58109],[-85.72429,32.58156],[-85.71265,32.58183],[-85.71276,32.59573],[-85.69585,32.59593],[-85.69629,32.62143],[-85.69675,32.69743],[-85.6957,32.69746],[-85.69659,32.69763],[-85.69978,32.69587],[-85.70504,32.69753],[-85.70539,32.69435],[-85.7135,32.68999],[-85.72288,32.6868],[-85.72986,32.68663],[-85.74238,32.68843],[-85.74745,32.69164],[-85.76273,32.69214],[-85.76851,32.6845],[-85.78428,32.68711],[-85.79197,32.68993],[-85.79748,32.683],[-85.80652,32.68044],[-85.80863,32.68685],[-85.81475,32.69008],[-85.82651,32.69353],[-85.82791,32.68557],[-85.83864,32.67862],[-85.85007,32.67309],[-85.85814,32.67296],[-85.86979,32.67092],[-85.86999,32.67809],[-85.87542,32.67732],[-85.88024,32.68621],[-85.88595,32.68571],[-85.89189,32.682],[-85.89925,32.68038],[-85.90397,32.6754],[-85.90939,32.67619]]]},"properties":{"STATEFP":"01","COUNTYFP":"123","COUSUBFP":"93096","COUSUBNS":"00165969","GEOIDFQ":"0600000US0112393096","GEOID":"0112393096","NAME":"Tallassee","NAMELSAD":"Tallassee CCD","STUSPS":"AL","NAMELSADCO":"Tallapoosa County","STATE_NAME":"Alabama","LSAD":"22","ALAND":288324055,"AWATER":6627078}},
{"type":"Feature","geometry":{"type":"Polygon","coordinates":[[[-85.56558,32.52861],[-85.58125,32.53333],[-85.59302,32.53995],[-85.66105,32.56794],[-85.66125,32.58233],[-85.69565,32.58203],[-85.69585,32.59593],[-85.71276,32.59573],[-85.71265,32.58183],[-85.72429,32.58156],[-85.79858,32.58109],[-85.79795,32.53366],[-85.79716,32.49424],[-85.88615,32.49305],[-85.8703,32.48147],[-85.8645,32.47966],[-85.85541,32.48038],[-85.85293,32.47539],[-85.84889,32.47633],[-85.83713,32.48539],[-85.831,32.47922],[-85.82555,32.48136],[-85.81653,32.48036],[-85.81524,32.48417],[-85.80742,32.48113],[-85.8012,32.4806],[-85.79638,32.48382],[-85.78879,32.48471],[-85.77505,32.48204],[-85.77087,32.48477],[-85.76143,32.48545],[-85.75004,32.49049],[-85.74356,32.48931],[-85.72771,32.49366],[-85.72038,32.4855],[-85.70725,32.48579],[-85.708,32.48155],[-85.70546,32.47554],[-85.70055,32.47541],[-85.68694,32.47895],[-85.68405,32.47021],[-85.67244,32.4682],[-85.67461,32.46231],[-85.67164,32.4567],[-85.65064,32.45085],[-85.64803,32.44456],[-85.63664,32.4477],[-85.61908,32.45893],[-85.596,32.46501],[-85.579,32.46793],[-85.57522,32.4694],[-85.56184,32.47993],[-85.55431,32.48992],[-85.54177,32.50286],[-85.53358,32.51519],[-85.56558,32.52861]]]},"properties":{"STATEFP":"01","COUNTYFP":"087","COUSUBFP":"92403","COUSUBNS":"00165860","GEOIDFQ":"0600000US0108792403","GEOID":"0108792403","NAME":"Notasulga","NAMELSAD":"Notasulga CCD","STUSPS":"AL","NAMELSADCO":"Macon County","STATE_NAME":"Alabama","LSAD":"22","ALAND":252156449,"AWATER":1999795}},
{"type":"Feature","geometry":{"type":"Polygon","coordinates":[[[-87.84333,34.92491],[-87.84214,34.92679],[-87.85785,34.94188],[-87.87003,34.94967],[-87.88299,34.96267],[-87.89017,34.96661],[-87.89775,34.98195],[-87.91046,34.99156],[-87.92239,34.99401],[-87.9259,34.99695],[-87.92698,35.00566],[-88.00003,35.00594],[-88.20296,35.00803],[-88.19881,34.99119],[-88.18743,34.97491],[-88.17611,34.96252],[-88.16159,34.93346],[-88.15462,34.92239],[-88.14633,34.91437],[-88.13669,34.90759],[-88.12504,34.90223],[-88.1,34.8941],[-88.09789,34.8922],[-88.09758,34.89468],[-88.08459,34.89389],[-88.07245,34.89673],[-88.06371,34.90207],[-88.05079,34.90618],[-88.04087,34.90661],[-88.03127,34.90424],[-88.01223,34.89554],[-87.99456,34.88865],[-87.97747,34.88302],[-87.97322,34.88255],[-87.95777,34.87241],[-87.9495,34.86447],[-87.93721,34.84737],[-87.93346,34.8389],[-87.92196,34.8422],[-87.91233,34.84948],[-87.90373,34.8659],[-87.89937,34.87234],[-87.88829,34.88438],[-87.88527,34.89101],[-87.8797,34.89662],[-87.87138,34.89994],[-87.8521,34.91411],[-87.84333,34.92491]]]},"properties":{"STATEFP":"01","COUNTYFP":"077","COUSUBFP":"93384","COUSUBNS":"00165838","GEOIDFQ":"0600000US0107793384","GEOID":"0107793384","NAME":"Waterloo","NAMELSAD":"Waterloo CCD","STUSPS":"AL","NAMELSADCO":"Lauderdale County","STATE_NAME":"Alabama","LSAD":"22","ALAND":310182381,"AWATER":45877269}},
{"type":"Feature","geometry":{"type":"MultiPolygon","coordinates":[[[[-88.18148,30.50112],[-88.19134,30.49455],[-88.21704,30.4945],[-88.21701,30.44248],[-88.22265,30.43318],[-88.23129,30.42755],[-88.23978,30.42664],[-88.24466,30.42392],[-88.24712,30.42848],[-88.27537,30.44747],[-88.2905,30.45872],[-88.29655,30.45115],[-88.30093,30.44815],[-88.30099,30.43633],[-88.2946,30.4317],[-88.2931,30.42511],[-88.29481,30.41882],[-88.28589,30.4074],[-88.28726,30.40048],[-88.29465,30.39721],[-88.2927,30.38723],[-88.28263,30.38288],[-88.26753,30.38109],[-88.26069,30.38238],[-88.23996,30.3749],[-88.23447,30.37172],[-88.22454,30.37131],[-88.21646,30.3676],[-88.20923,30.36002],[-88.19626,30.36348],[-88.1871,30.3627],[-88.18718,30.35262],[-88.18853,30.34505],[-88.19635,30.34359],[-88.19661,30.33743],[-88.19322,30.32604],[-88.19566,30.32124],[-88.19158,30.31868],[-88.17339,30.326],[-88.15625,30.32757],[-88.15209,30.33049],[-88.14632,30.33099],[-88.14468,30.3212],[-88.13998,30.31322],[-88.13139,30.33431],[-88.12461,30.34162],[-88.11543,30.35657],[-88.10727,30.37725],[-88.10407,30.4273],[-88.10638,30.45209],[-88.11673,30.43915],[-88.12661,30.4362],[-88.13423,30.4301],[-88.13695,30.43166],[-88.13446,30.43722],[-88.13074,30.43942],[-88.12998,30.45058],[-88.14276,30.45045],[-88.14584,30.45566],[-88.1526,30.45916],[-88.15766,30.46437],[-88.1627,30.46482],[-88.16336,30.47011],[-88.17767,30.47968],[-88.18242,30.49333],[-88.18148,30.50112]]],[[[-88.2619,30.33508],[-88.25976,30.32763],[-88.25539,30.32623],[-88.25356,30.3373],[-88.2619,30.33508]]],[[[-88.3273,30.22988],[-88.32637,30.22846],[-88.30477,30.22803],[-88.26019,30.23616],[-88.23485,30.24131],[-88.1998,30.24779],[-88.16679,30.24975],[-88.13776,30.24965],[-88.12272,30.24754],[-88.10938,30.24333],[-88.0924,30.2436],[-88.07586,30.24614],[-88.07485,30.24912],[-88.08681,30.25986],[-88.11774,30.27912],[-88.12472,30.27354],[-88.13063,30.26213],[-88.14114,30.25502],[-88.15368,30.25317],[-88.1619,30.2534],[-88.19213,30.25025],[-88.20147,30.25118],[-88.22461,30.24556],[-88.25837,30.2396],[-88.27915,30.23516],[-88.2997,30.23181],[-88.31307,30.23133],[-88.32014,30.23204],[-88.3273,30.22988]]]]},"properties":{"STATEFP":"01","COUNTYFP":"097","COUSUBFP":"90216","COUSUBNS":"00165891","GEOIDFQ":"0600000US0109790216","GEOID":"0109790216","NAME":"Bayou La Batre","NAMELSAD":"Bayou La Batre CCD","STUSPS":"AL","NAMELSADCO":"Mobile County","STATE_NAME":"Alabama","LSAD":"22","ALAND":215508711,"AWATER":714124298}},
{"type":"Feature","geometry":{"type":"Polygon","coordinates":[[[-86.07794,31.76293],[-86.09572,31.74327],[-86.09774,31.73735],[-86.10282,31.73571],[-86.10329,31.73045],[-86.11066,31.72956],[-86.11159,31.72474],[-86.10552,31.71712],[-86.11054,31.70466],[-86.11834,31.69986],[-86.11502,31.69101],[-86.12009,31.68637],[-86.12408,31.67733],[-86.13175,31.67467],[-86.14142,31.66496],[-86.14711,31.663],[-86.15982,31.66043],[-86.16131,31.65319],[-86.15888,31.64754],[-86.16173,31.64131],[-86.16914,31.63931],[-86.1685,31.63441],[-86.17868,31.62819],[-86.18035,31.62203],[-86.17967,31.61641],[-86.16292,31.61756],[-86.14589,31.61774],[-86.12383,31.61817],[-85.99995,31.61931],[-85.9267,31.61897],[-85.92471,31.62037],[-85.92383,31.63873],[-85.91927,31.64308],[-85.91988,31.65037],[-85.91137,31.65428],[-85.90712,31.66567],[-85.90777,31.68159],[-85.91309,31.68754],[-85.91701,31.69455],[-85.9191,31.71038],[-85.92442,31.72102],[-85.9258,31.72861],[-85.93118,31.7287],[-85.93558,31.73419],[-85.94705,31.74345],[-85.95381,31.75056],[-85.95998,31.75437],[-85.9573,31.73534],[-85.97203,31.73537],[-85.97606,31.7377],[-85.99113,31.73798],[-86.00399,31.74371],[-86.0089,31.74934],[-86.01321,31.76557],[-86.01785,31.77006],[-86.02684,31.76933],[-86.03811,31.76522],[-86.04563,31.76628],[-86.05369,31.76218],[-86.05989,31.76374],[-86.06447,31.76185],[-86.06912,31.76327],[-86.07794,31.76293]]]},"properties":{"STATEFP":"01","COUNTYFP":"109","COUSUBFP":"91620","COUSUBNS":"00165931","GEOIDFQ":"0600000US0110991620","GEOID":"0110991620","NAME":"Henderson-Spring Hill","NAMELSAD":"Henderson-Spring Hill CCD","STUSPS":"AL","NAMELSADCO":"Pike County","STATE_NAME":"Alabama","LSAD":"22","ALAND":296122325,"AWATER":628046}},
{"type":"Feature","geometry":{"type":"Polygon","coordinates":[[[-87.63511,34.17884],[-87.63434,34.2302],[-87.63472,34.307],[-87.73089,34.31019],[-87.76588,34.31072],[-87.76976,34.3068],[-87.77794,34.30391],[-87.78535,34.2955],[-87.78042,34.28693],[-87.77256,34.28971],[-87.76997,34.28676],[-87.77129,34.28219],[-87.76843,34.27139],[-87.76406,34.26339],[-87.76485,34.25806],[-87.75764,34.23967],[-87.76416,34.2387],[-87.77051,34.24019],[-87.77069,34.23431],[-87.77403,34.22809],[-87.77644,34.2186],[-87.79106,34.20796],[-87.7945,34.2018],[-87.78554,34.18635],[-87.7892,34.17623],[-87.78665,34.16927],[-87.79015,34.16308],[-87.79558,34.15905],[-87.80211,34.14968],[-87.79823,34.13788],[-87.80357,34.12865],[-87.80699,34.12678],[-87.8125,34.11748],[-87.80454,34.11867],[-87.79567,34.12325],[-87.79515,34.12779],[-87.7884,34.12703],[-87.78738,34.13046],[-87.78123,34.12984],[-87.77937,34.1235],[-87.76892,34.12606],[-87.76634,34.12077],[-87.75788,34.12715],[-87.74864,34.12662],[-87.75061,34.11785],[-87.73153,34.11467],[-87.72506,34.11653],[-87.71644,34.11622],[-87.71456,34.11041],[-87.69961,34.11174],[-87.69357,34.11511],[-87.69273,34.12403],[-87.66923,34.1333],[-87.66491,34.13843],[-87.65849,34.13955],[-87.65942,34.14402],[-87.65479,34.15055],[-87.6515,34.16147],[-87.65183,34.16786],[-87.64359,34.17155],[-87.63511,34.17884]]]},"properties":{"STATEFP":"01","COUNTYFP":"093","COUSUBFP":"90225","COUSUBNS":"00165877","GEOIDFQ":"0600000US0109390225","GEOID":"0109390225","NAME":"Bear Creek","NAMELSAD":"Bear Creek CCD","STUSPS":"AL","NAMELSADCO":"Marion County","STATE_NAME":"Alabama","LSAD":"22","ALAND":269310692,"AWATER":1948587}},
{"type":"Feature","geometry":{"type":"Polygon","coordinates":[[[-87.16407,32.48732],[-87.16631,32.48759],[-87.17355,32.49713],[-87.18604,32.50251],[-87.18734,32.50625],[-87.18457,32.51472],[-87.1958,32.51567],[-87.19456,32.52436],[-87.19921,32.52988],[-87.19857,32.53554],[-87.20497,32.53852],[-87.21099,32.53637],[-87.21203,32.54401],[-87.22352,32.5466],[-87.23113,32.54679],[-87.24115,32.56043],[-87.24934,32.57024],[-87.24915,32.57917],[-87.24718,32.58679],[-87.25795,32.58333],[-87.26642,32.58738],[-87.27677,32.60034],[-87.29284,32.603],[-87.30073,32.60301],[-87.30073,32.59959],[-87.31444,32.59957],[-87.31445,32.60634],[-87.33177,32.60601],[-87.34062,32.59636],[-87.34558,32.60407],[-87.35628,32.60988],[-87.36394,32.6128],[-87.40139,32.61268],[-87.43914,32.6067],[-87.44009,32.59548],[-87.44307,32.58052],[-87.44312,32.56872],[-87.41163,32.56896],[-87.4,32.56975],[-87.38041,32.56918],[-87.3822,32.56122],[-87.37671,32.55164],[-87.37561,32.54068],[-87.36857,32.52318],[-87.3727,32.51306],[-87.37217,32.48294],[-87.33348,32.48298],[-87.2338,32.48437],[-87.22098,32.48699],[-87.16407,32.48732]]]},"properties":{"STATEFP":"01","COUNTYFP":"105","COUSUBFP":"91503","COUSUBNS":"00165917","GEOIDFQ":"0600000US0110591503","GEOID":"0110591503","NAME":"Hamburg","NAMELSAD":"Hamburg CCD","STUSPS":"AL","NAMELSADCO":"Perry County","STATE_NAME":"Alabama","LSAD":"22","ALAND":219228381,"AWATER":2448930}},
{"type":"Feature","geometry":{"type":"Polygon","coordinates":[[[-87.07252,33.62378],[-87.0654,33.63676],[-87.05705,33.63899],[-87.04841,33.63593],[-87.04277,33.63851],[-87.04538,33.64298],[-87.04512,33.64828],[-87.05388,33.65213],[-87.05772,33.66129],[-87.05776,33.65636],[-87.0927,33.65687],[-87.09273,33.62785],[-87.14447,33.6282],[-87.14441,33.61341],[-87.17943,33.61379],[-87.17955,33.59928],[-87.19692,33.59934],[-87.19756,33.59123],[-87.20458,33.57884],[-87.20411,33.57252],[-87.19691,33.5624],[-87.18579,33.55588],[-87.18762,33.55149],[-87.20029,33.54888],[-87.21003,33.53873],[-87.21937,33.53621],[-87.23018,33.53884],[-87.22815,33.53207],[-87.22362,33.52861],[-87.225,33.5238],[-87.23057,33.5229],[-87.22668,33.51767],[-87.22276,33.51638],[-87.21945,33.52093],[-87.20819,33.51692],[-87.20712,33.52357],[-87.20047,33.51996],[-87.20062,33.5166],[-87.20625,33.51349],[-87.2081,33.50991],[-87.20642,33.50208],[-87.20202,33.50567],[-87.19559,33.49517],[-87.18755,33.49289],[-87.18163,33.50005],[-87.17303,33.50145],[-87.16948,33.49914],[-87.16566,33.49188],[-87.16237,33.49288],[-87.16169,33.49962],[-87.15513,33.49994],[-87.15441,33.50422],[-87.14872,33.51053],[-87.14707,33.517],[-87.14143,33.52877],[-87.13278,33.53296],[-87.12758,33.53853],[-87.12641,33.54887],[-87.13448,33.56074],[-87.13689,33.57417],[-87.14276,33.57466],[-87.1436,33.57931],[-87.13107,33.5839],[-87.12627,33.57927],[-87.12695,33.5605],[-87.125,33.55825],[-87.11157,33.56088],[-87.10953,33.56356],[-87.12107,33.58003],[-87.11865,33.58391],[-87.11248,33.58768],[-87.09553,33.58475],[-87.08208,33.57694],[-87.07979,33.58144],[-87.07121,33.58925],[-87.06252,33.59305],[-87.06173,33.59679],[-87.06675,33.60113],[-87.0677,33.60877],[-87.08163,33.61485],[-87.07252,33.62378]]]},"properties":{"STATEFP":"01","COUNTYFP":"073","COUSUBFP":"93447","COUSUBNS":"00165828","GEOIDFQ":"0600000US0107393447","GEOID":"0107393447","NAME":"West Jefferson","NAMELSAD":"West Jefferson CCD","STUSPS":"AL","NAMELSADCO":"Jefferson County","STATE_NAME":"Alabama","LSAD":"22","ALAND":115211500,"AWATER":6443154}},
{"type":"Feature","geometry":{"type":"Polygon","coordinates":[[[-86.10822,34.29816],[-86.10349,34.29824],[-86.0944,34.29316],[-86.08737,34.2985],[-86.07981,34.29889],[-86.07059,34.29387],[-86.05367,34.2862],[-86.05003,34.28093],[-86.042,34.28897],[-86.0415,34.29399],[-86.03736,34.29499],[-86.03545,34.29969],[-86.02963,34.30245],[-86.02549,34.30026],[-86.01754,34.30497],[-86.01185,34.30449],[-86.0122,34.31058],[-86.0036,34.31199],[-85.98892,34.30362],[-85.97705,34.30548],[-85.97366,34.30882],[-85.96019,34.31251],[-85.95828,34.31517],[-85.94056,34.31478],[-85.92605,34.30393],[-85.92364,34.30644],[-85.91592,34.31589],[-85.90072,34.32673],[-85.89493,34.33248],[-85.87411,34.35759],[-85.86529,34.367],[-85.85327,34.38217],[-85.84988,34.38816],[-85.86396,34.38974],[-85.86996,34.39287],[-85.878,34.39344],[-85.88768,34.39849],[-85.89884,34.39975],[-85.91004,34.40528],[-85.90999,34.39816],[-85.92211,34.39365],[-85.93087,34.3964],[-85.93153,34.40132],[-85.93863,34.39695],[-85.94825,34.39393],[-85.95824,34.39364],[-85.96969,34.38536],[-85.97447,34.38403],[-85.98369,34.37761],[-85.98966,34.37777],[-85.99187,34.38654],[-85.99875,34.38832],[-86.00631,34.38734],[-86.01592,34.39268],[-86.02247,34.38647],[-86.02648,34.38565],[-86.0294,34.39239],[-86.03639,34.39498],[-86.04294,34.39951],[-86.04789,34.39525],[-86.05676,34.39335],[-86.06004,34.39805],[-86.07557,34.40245],[-86.07875,34.4057],[-86.08776,34.40732],[-86.09332,34.40993],[-86.09547,34.4062],[-86.10034,34.40562],[-86.10783,34.40965],[-86.11023,34.4186],[-86.11002,34.40387],[-86.11889,34.40384],[-86.11883,34.39298],[-86.11002,34.39294],[-86.10856,34.31515],[-86.10822,34.29816]]]},"properties":{"STATEFP":"01","COUNTYFP":"049","COUSUBFP":"91323","COUSUBNS":"00165753","GEOIDFQ":"0600000US0104991323","GEOID":"0104991323","NAME":"Geraldine","NAMELSAD":"Geraldine CCD","STUSPS":"AL","NAMELSADCO":"DeKalb County","STATE_NAME":"Alabama","LSAD":"22","ALAND":214372461,"AWATER":101379}},
{"type":"Feature","geometry":{"type":"Polygon","coordinates":[[[-87.9728,34.57598],[-87.85019,34.57345],[-87.8511,34.5795],[-87.86029,34.58293],[-87.86413,34.5798],[-87.86932,34.58109],[-87.87486,34.58679],[-87.87987,34.5863],[-87.88162,34.59068],[-87.88954,34.59724],[-87.89751,34.61078],[-87.90205,34.61272],[-87.90268,34.62433],[-87.90431,34.63206],[-87.90205,34.64478],[-87.91425,34.65119],[-87.91499,34.65699],[-87.91885,34.65906],[-87.91946,34.6642],[-87.91232,34.67214],[-87.90917,34.67935],[-87.90246,34.67943],[-87.90057,34.68869],[-87.90166,34.69328],[-87.89918,34.69836],[-87.89478,34.701],[-87.89102,34.71373],[-87.89167,34.72926],[-87.8912,34.73882],[-87.90011,34.74076],[-87.9,34.75606],[-87.89782,34.76037],[-87.89896,34.77031],[-87.88829,34.7811],[-87.89707,34.7882],[-87.91419,34.7989],[-87.92029,34.80447],[-87.92763,34.81666],[-87.93023,34.82387],[-87.93346,34.8389],[-87.93721,34.84737],[-87.9495,34.86447],[-87.95777,34.87241],[-87.97322,34.88255],[-87.97747,34.88302],[-87.99456,34.88865],[-88.01223,34.89554],[-88.03127,34.90424],[-88.04087,34.90661],[-88.05079,34.90618],[-88.06371,34.90207],[-88.07245,34.89673],[-88.08459,34.89389],[-88.09758,34.89468],[-88.09789,34.8922],[-88.10756,34.81163],[-88.11642,34.7463],[-88.11841,34.72429],[-88.13426,34.62266],[-88.13999,34.5817],[-88.12007,34.58147],[-88.08823,34.57995],[-87.9728,34.57598]]]},"properties":{"STATEFP":"01","COUNTYFP":"033","COUSUBFP":"90567","COUSUBNS":"00161606","GEOIDFQ":"0600000US0103390567","GEOID":"0103390567","NAME":"Cherokee","NAMELSAD":"Cherokee CCD","STUSPS":"AL","NAMELSADCO":"Colbert County","STATE_NAME":"Alabama","LSAD":"22","ALAND":629743650,"AWATER":39507906}},
{"type":"Feature","geometry":{"type":"Polygon","coordinates":[[[-87.23018,33.53884],[-87.21937,33.53621],[-87.21003,33.53873],[-87.20029,33.54888],[-87.18762,33.55149],[-87.18579,33.55588],[-87.19691,33.5624],[-87.20411,33.57252],[-87.20458,33.57884],[-87.19756,33.59123],[-87.20108,33.59264],[-87.21502,33.59134],[-87.22255,33.59314],[-87.2294,33.60031],[-87.23631,33.61051],[-87.23771,33.61642],[-87.2367,33.62291],[-87.24027,33.62397],[-87.24695,33.63774],[-87.25894,33.63207],[-87.26335,33.63931],[-87.27261,33.64255],[-87.27717,33.63853],[-87.2811,33.64345],[-87.27016,33.64419],[-87.26655,33.64804],[-87.26714,33.66379],[-87.26383,33.66629],[-87.26805,33.6733],[-87.26916,33.68091],[-87.28227,33.68794],[-87.28388,33.68125],[-87.28931,33.68587],[-87.29648,33.68025],[-87.30632,33.69124],[-87.31073,33.6872],[-87.31838,33.68976],[-87.32495,33.6878],[-87.32345,33.69377],[-87.32834,33.70481],[-87.32862,33.7108],[-87.33254,33.71552],[-87.33421,33.72764],[-87.33125,33.73536],[-87.32652,33.73749],[-87.32728,33.74157],[-87.33035,33.7432],[-87.33452,33.75313],[-87.34222,33.76306],[-87.34377,33.76885],[-87.34722,33.77013],[-87.35971,33.76531],[-87.36133,33.77498],[-87.35664,33.77748],[-87.35774,33.78543],[-87.34986,33.79411],[-87.36456,33.79404],[-87.36797,33.80227],[-87.37049,33.80858],[-87.37744,33.80894],[-87.37909,33.80288],[-87.39529,33.80281],[-87.3995,33.80697],[-87.40863,33.80552],[-87.41729,33.80261],[-87.42279,33.80459],[-87.43376,33.80022],[-87.4372,33.79686],[-87.44479,33.79368],[-87.45526,33.78411],[-87.45938,33.78324],[-87.46508,33.77854],[-87.47002,33.78413],[-87.47473,33.78551],[-87.4748,33.7911],[-87.47966,33.791],[-87.48509,33.79931],[-87.49842,33.79856],[-87.51473,33.79077],[-87.52309,33.7891],[-87.5306,33.79118],[-87.52992,33.76167],[-87.52931,33.72302],[-87.52834,33.69205],[-87.5,33.69161],[-87.42384,33.68911],[-87.4237,33.6021],[-87.40564,33.60157],[-87.37112,33.6017],[-87.37104,33.58707],[-87.31853,33.58739],[-87.31824,33.51417],[-87.26692,33.51293],[-87.27326,33.51675],[-87.2755,33.52083],[-87.27354,33.52743],[-87.27021,33.53032],[-87.26443,33.52909],[-87.25901,33.51776],[-87.25614,33.51477],[-87.24947,33.51455],[-87.24339,33.52145],[-87.23962,33.52862],[-87.23923,33.53613],[-87.23579,33.53908],[-87.23018,33.53884]]]},"properties":{"STATEFP":"01","COUNTYFP":"127","COUSUBFP":"92421","COUSUBNS":"00165987","GEOIDFQ":"0600000US0112792421","GEOID":"0112792421","NAME":"Oakman","NAMELSAD":"Oakman CCD","STUSPS":"AL","NAMELSADCO":"Walker County","STATE_NAME":"Alabama","LSAD":"22","ALAND":447869062,"AWATER":9583078}},
{"type":"Feature","geometry":{"type":"Polygon","coordinates":[[[-87.01916,32.83703],[-86.95004,32.83766],[-86.87612,32.83626],[-86.87622,32.90193],[-86.87657,33.01891],[-86.8836,33.01609],[-86.90015,33.01656],[-86.91089,33.01777],[-86.91423,33.02134],[-86.9242,33.02093],[-86.93207,33.01771],[-86.95234,33.01459],[-86.96211,33.01432],[-86.97624,33.0101],[-86.989,33.00777],[-87.00364,33.00807],[-87.0108,33.00658],[-87.03028,33.00035],[-87.04354,32.99886],[-87.05489,32.99432],[-87.06592,32.99465],[-87.06653,33.00263],[-87.07054,33.00515],[-87.07041,33.01191],[-87.07865,33.01915],[-87.08826,33.01281],[-87.0988,33.02196],[-87.10277,33.02016],[-87.10313,33.01149],[-87.11718,33.00769],[-87.1246,32.99859],[-87.13381,32.99377],[-87.1407,32.99677],[-87.15247,33.00449],[-87.14845,33.00905],[-87.15601,33.01966],[-87.1685,33.0236],[-87.17163,33.02627],[-87.18652,33.03067],[-87.19082,33.0281],[-87.19564,33.03205],[-87.20932,33.03883],[-87.21609,33.03986],[-87.21971,33.04419],[-87.23074,33.04848],[-87.23301,33.05314],[-87.23901,33.0581],[-87.24056,33.06184],[-87.24942,33.06931],[-87.25551,33.07825],[-87.26173,33.08104],[-87.26619,33.08016],[-87.27726,33.07091],[-87.28199,33.07098],[-87.2858,33.06444],[-87.29411,33.06419],[-87.29439,33.0727],[-87.29768,33.0763],[-87.30492,33.08005],[-87.31226,33.08622],[-87.31804,33.02274],[-87.31854,33.00618],[-87.42194,33.00338],[-87.42125,32.9949],[-87.42056,32.8906],[-87.4212,32.87451],[-87.31947,32.87512],[-87.31918,32.83152],[-87.24956,32.83171],[-87.23329,32.83224],[-87.22366,32.83515],[-87.21253,32.83517],[-87.172,32.8358],[-87.15529,32.83529],[-87.01916,32.83703]]]},"properties":{"STATEFP":"01","COUNTYFP":"007","COUSUBFP":"90531","COUSUBNS":"00161599","GEOIDFQ":"0600000US0100790531","GEOID":"0100790531","NAME":"Centreville-Brent","NAMELSAD":"Centreville-Brent CCD","STUSPS":"AL","NAMELSADCO":"Bibb County","STATE_NAME":"Alabama","LSAD":"22","ALAND":1005054334,"AWATER":4335179}},
{"type":"Feature","geometry":{"type":"Polygon","coordinates":[[[-86.10609,34.20076],[-86.06922,34.20006],[-86.00859,34.19944],[-85.99507,34.21413],[-85.98563,34.22244],[-85.97731,34.23228],[-85.97364,34.23995],[-85.95672,34.25608],[-85.92974,34.28835],[-85.92538,34.29822],[-85.92364,34.30644],[-85.92605,34.30393],[-85.94056,34.31478],[-85.95828,34.31517],[-85.96019,34.31251],[-85.97366,34.30882],[-85.97705,34.30548],[-85.98892,34.30362],[-86.0036,34.31199],[-86.0122,34.31058],[-86.01185,34.30449],[-86.01754,34.30497],[-86.02549,34.30026],[-86.02963,34.30245],[-86.03545,34.29969],[-86.03736,34.29499],[-86.0415,34.29399],[-86.042,34.28897],[-86.05003,34.28093],[-86.05367,34.2862],[-86.07059,34.29387],[-86.07981,34.29889],[-86.08737,34.2985],[-86.0944,34.29316],[-86.10349,34.29824],[-86.10822,34.29816],[-86.10609,34.20076]]]},"properties":{"STATEFP":"01","COUNTYFP":"049","COUSUBFP":"90792","COUSUBNS":"00165750","GEOIDFQ":"0600000US0104990792","GEOID":"0104990792","NAME":"Crossville","NAMELSAD":"Crossville CCD","STUSPS":"AL","NAMELSADCO":"DeKalb County","STATE_NAME":"Alabama","LSAD":"22","ALAND":151362841,"AWATER":244096}},
{"type":"Feature","geometry":{"type":"Polygon","coordinates":[[[-86.50313,33.17914],[-86.49334,33.19704],[-86.48614,33.20187],[-86.48086,33.20159],[-86.47199,33.19644],[-86.46755,33.19594],[-86.46202,33.20002],[-86.46171,33.21067],[-86.4648,33.21667],[-86.46648,33.22449],[-86.46459,33.23098],[-86.45803,33.24143],[-86.45288,33.24387],[-86.447,33.24259],[-86.4507,33.25011],[-86.45044,33.25655],[-86.45552,33.26683],[-86.46149,33.26711],[-86.46244,33.27455],[-86.45443,33.27991],[-86.4595,33.28252],[-86.47068,33.29764],[-86.47666,33.30274],[-86.47779,33.31272],[-86.48503,33.30719],[-86.49147,33.30595],[-86.49597,33.31395],[-86.49415,33.31994],[-86.50202,33.32258],[-86.50679,33.32972],[-86.51254,33.33024],[-86.52039,33.33605],[-86.52927,33.33422],[-86.53345,33.33166],[-86.54185,33.33588],[-86.54718,33.33527],[-86.55111,33.32616],[-86.55305,33.3149],[-86.55214,33.30655],[-86.55632,33.3011],[-86.556,33.29465],[-86.55293,33.29085],[-86.55115,33.28269],[-86.55322,33.27525],[-86.55337,33.25343],[-86.55209,33.24663],[-86.55331,33.24123],[-86.55952,33.23444],[-86.56613,33.23141],[-86.56655,33.2252],[-86.56377,33.21779],[-86.55766,33.21337],[-86.56117,33.20887],[-86.55706,33.20402],[-86.55978,33.19917],[-86.55467,33.1903],[-86.54937,33.18974],[-86.54815,33.18567],[-86.54129,33.18469],[-86.53485,33.17968],[-86.52406,33.17614],[-86.51976,33.17799],[-86.51071,33.17781],[-86.50313,33.17914]]]},"properties":{"STATEFP":"01","COUNTYFP":"117","COUSUBFP":"93474","COUSUBNS":"00165953","GEOIDFQ":"0600000US0111793474","GEOID":"0111793474","NAME":"Wilsonville","NAMELSAD":"Wilsonville CCD","STUSPS":"AL","NAMELSADCO":"Shelby County","STATE_NAME":"Alabama","LSAD":"22","ALAND":124694441,"AWATER":6745340}},
{"type":"Feature","geometry":{"type":"Polygon","coordinates":[[[-86.46567,32.86914],[-86.47156,32.86444],[-86.47622,32.86523],[-86.48609,32.87333],[-86.49436,32.87607],[-86.50187,32.8754],[-86.51529,32.87922],[-86.5186,32.88364],[-86.52287,32.8805],[-86.52577,32.88979],[-86.53091,32.88409],[-86.53954,32.88744],[-86.54249,32.89853],[-86.5491,32.90077],[-86.55988,32.89706],[-86.56321,32.894],[-86.57733,32.8934],[-86.57917,32.89038],[-86.58828,32.89531],[-86.58858,32.90034],[-86.60245,32.9018],[-86.61383,32.90724],[-86.62458,32.91367],[-86.6325,32.91509],[-86.63474,32.91959],[-86.64694,32.91904],[-86.6583,32.92132],[-86.66253,32.92432],[-86.67201,32.9236],[-86.67087,32.90849],[-86.677,32.89851],[-86.68623,32.89751],[-86.69583,32.89436],[-86.71144,32.8915],[-86.70466,32.8795],[-86.69591,32.86027],[-86.69767,32.83935],[-86.70095,32.83479],[-86.70075,32.82855],[-86.70551,32.82196],[-86.70504,32.81688],[-86.70825,32.80962],[-86.70688,32.80449],[-86.70035,32.80422],[-86.7003,32.80051],[-86.6915,32.79695],[-86.69115,32.79341],[-86.68281,32.7918],[-86.67064,32.79349],[-86.66704,32.79149],[-86.65919,32.79279],[-86.65506,32.79109],[-86.64857,32.7933],[-86.64473,32.78855],[-86.63964,32.78612],[-86.62549,32.78557],[-86.62243,32.79378],[-86.61312,32.79211],[-86.59249,32.79137],[-86.58275,32.79412],[-86.57735,32.79357],[-86.57971,32.80011],[-86.57024,32.80208],[-86.56803,32.80458],[-86.56507,32.81624],[-86.55424,32.81609],[-86.54887,32.82662],[-86.5374,32.83026],[-86.52528,32.82748],[-86.52275,32.82236],[-86.5147,32.82528],[-86.50392,32.82556],[-86.4981,32.82808],[-86.48893,32.82552],[-86.48152,32.82972],[-86.46058,32.83205],[-86.45996,32.83704],[-86.45438,32.84671],[-86.44784,32.85098],[-86.44688,32.85401],[-86.45152,32.86369],[-86.45824,32.86833],[-86.46567,32.86914]]]},"properties":{"STATEFP":"01","COUNTYFP":"021","COUSUBFP":"90603","COUSUBNS":"00165690","GEOIDFQ":"0600000US0102190603","GEOID":"0102190603","NAME":"Clanton","NAMELSAD":"Clanton CCD","STUSPS":"AL","NAMELSADCO":"Chilton County","STATE_NAME":"Alabama","LSAD":"22","ALAND":218945979,"AWATER":3733427}},
{"type":"Feature","geometry":{"type":"Polygon","coordinates":[[[-85.78463,32.3637],[-85.78106,32.36393],[-85.77226,32.35611],[-85.7632,32.35316],[-85.75448,32.35745],[-85.75025,32.35419],[-85.74053,32.35155],[-85.72518,32.35134],[-85.7239,32.3547],[-85.71322,32.35836],[-85.70163,32.35671],[-85.69736,32.3626],[-85.69062,32.36519],[-85.67507,32.35991],[-85.66888,32.35418],[-85.66146,32.35157],[-85.65863,32.36333],[-85.65947,32.38741],[-85.66163,32.39095],[-85.65843,32.39698],[-85.65667,32.40782],[-85.66279,32.4107],[-85.65692,32.41421],[-85.65061,32.41404],[-85.6417,32.4162],[-85.63395,32.42301],[-85.64383,32.43252],[-85.64061,32.43957],[-85.64803,32.44456],[-85.65064,32.45085],[-85.67164,32.4567],[-85.67461,32.46231],[-85.67244,32.4682],[-85.68405,32.47021],[-85.68694,32.47895],[-85.70055,32.47541],[-85.70546,32.47554],[-85.708,32.48155],[-85.70725,32.48579],[-85.72038,32.4855],[-85.72771,32.49366],[-85.74356,32.48931],[-85.75004,32.49049],[-85.76143,32.48545],[-85.77087,32.48477],[-85.77505,32.48204],[-85.78879,32.48471],[-85.79638,32.48382],[-85.8012,32.4806],[-85.80742,32.48113],[-85.81524,32.48417],[-85.81653,32.48036],[-85.82555,32.48136],[-85.831,32.47922],[-85.83713,32.48539],[-85.84889,32.47633],[-85.85293,32.47539],[-85.86003,32.47635],[-85.87269,32.47387],[-85.87851,32.46416],[-85.87854,32.45908],[-85.88222,32.45499],[-85.87986,32.44953],[-85.89442,32.44758],[-85.90074,32.45041],[-85.90597,32.45016],[-85.93178,32.45353],[-85.94225,32.44554],[-85.94683,32.44375],[-85.94906,32.43644],[-85.9397,32.43314],[-85.92397,32.43489],[-85.91265,32.43307],[-85.90242,32.42248],[-85.90319,32.41586],[-85.89853,32.41277],[-85.88979,32.4117],[-85.88472,32.40752],[-85.87352,32.40282],[-85.87184,32.40003],[-85.86377,32.39856],[-85.8623,32.39606],[-85.85019,32.39214],[-85.84336,32.39182],[-85.83776,32.38789],[-85.83509,32.3828],[-85.83123,32.38339],[-85.81864,32.37552],[-85.81151,32.37318],[-85.80555,32.36765],[-85.79429,32.36781],[-85.78463,32.3637]]]},"properties":{"STATEFP":"01","COUNTYFP":"087","COUSUBFP":"93230","COUSUBNS":"00165862","GEOIDFQ":"0600000US0108793230","GEOID":"0108793230","NAME":"Tuskegee","NAMELSAD":"Tuskegee CCD","STUSPS":"AL","NAMELSADCO":"Macon County","STATE_NAME":"Alabama","LSAD":"22","ALAND":278025291,"AWATER":2965363}},
{"type":"Feature","geometry":{"type":"Polygon","coordinates":[[[-86.17967,31.61641],[-86.18035,31.62203],[-86.17868,31.62819],[-86.1685,31.63441],[-86.16914,31.63931],[-86.16173,31.64131],[-86.15888,31.64754],[-86.16131,31.65319],[-86.15982,31.66043],[-86.14711,31.663],[-86.14689,31.67441],[-86.14731,31.71528],[-86.14734,31.77607],[-86.14834,31.79095],[-86.19938,31.79045],[-86.19941,31.80786],[-86.20919,31.79505],[-86.21499,31.79089],[-86.21793,31.78497],[-86.22359,31.78067],[-86.23016,31.7919],[-86.22696,31.80066],[-86.22917,31.80607],[-86.2474,31.80866],[-86.25213,31.81338],[-86.25883,31.81607],[-86.26974,31.81323],[-86.27417,31.81345],[-86.28699,31.81892],[-86.30494,31.8189],[-86.31766,31.81705],[-86.33272,31.82371],[-86.33885,31.82366],[-86.36367,31.83204],[-86.37233,31.83752],[-86.36914,31.84085],[-86.36923,31.85158],[-86.37795,31.85652],[-86.38414,31.87227],[-86.39577,31.87674],[-86.40294,31.87562],[-86.40773,31.87765],[-86.41679,31.87716],[-86.42688,31.8798],[-86.44623,31.87396],[-86.44767,31.8705],[-86.44662,31.84643],[-86.44263,31.84286],[-86.43836,31.84284],[-86.43834,31.83554],[-86.44228,31.83168],[-86.44641,31.83166],[-86.44629,31.77417],[-86.44194,31.7742],[-86.44235,31.75932],[-86.44625,31.75941],[-86.44598,31.70116],[-86.44839,31.68505],[-86.44863,31.65562],[-86.45639,31.65555],[-86.44971,31.65128],[-86.43699,31.65589],[-86.43306,31.65594],[-86.42298,31.64708],[-86.41468,31.63633],[-86.40712,31.63077],[-86.39039,31.62224],[-86.39317,31.61159],[-86.40123,31.6082],[-86.39601,31.60332],[-86.4047,31.59635],[-86.39968,31.59064],[-86.38748,31.58683],[-86.35481,31.59092],[-86.35363,31.59912],[-86.34821,31.60627],[-86.34793,31.61447],[-86.32844,31.61921],[-86.32311,31.62439],[-86.31214,31.63052],[-86.30765,31.63035],[-86.30119,31.61832],[-86.29047,31.62112],[-86.2816,31.62],[-86.26519,31.61985],[-86.26259,31.6148],[-86.25684,31.62084],[-86.24198,31.63142],[-86.24253,31.63726],[-86.23808,31.64204],[-86.23619,31.64876],[-86.22785,31.65461],[-86.21998,31.65086],[-86.21609,31.6465],[-86.21369,31.63734],[-86.21898,31.62713],[-86.21769,31.6224],[-86.21888,31.61368],[-86.21366,31.60568],[-86.20814,31.60205],[-86.19559,31.61768],[-86.19144,31.61694],[-86.18813,31.61233],[-86.18032,31.61233],[-86.17967,31.61641]]]},"properties":{"STATEFP":"01","COUNTYFP":"041","COUSUBFP":"92007","COUSUBNS":"00165726","GEOIDFQ":"0600000US0104192007","GEOID":"0104192007","NAME":"Luverne","NAMELSAD":"Luverne CCD","STUSPS":"AL","NAMELSADCO":"Crenshaw County","STATE_NAME":"Alabama","LSAD":"22","ALAND":631875899,"AWATER":1652046}},
{"type":"Feature","geometry":{"type":"Polygon","coordinates":[[[-85.85497,32.232],[-85.85179,32.224],[-85.85482,32.21934],[-85.85922,32.21769],[-85.86458,32.21244],[-85.86583,32.20423],[-85.86297,32.19491],[-85.86379,32.18733],[-85.82998,32.18823],[-85.82618,32.18708],[-85.81705,32.17813],[-85.81708,32.17038],[-85.81983,32.16776],[-85.82834,32.16841],[-85.83495,32.1606],[-85.8305,32.15392],[-85.82151,32.13458],[-85.81863,32.13231],[-85.82087,32.12151],[-85.8158,32.11686],[-85.81888,32.1136],[-85.81805,32.1068],[-85.81447,32.10493],[-85.81686,32.09639],[-85.80887,32.09963],[-85.80484,32.09745],[-85.79889,32.09031],[-85.78317,32.09243],[-85.77,32.09244],[-85.75939,32.08819],[-85.75314,32.08119],[-85.72794,32.0815],[-85.709,32.0832],[-85.70942,32.08743],[-85.70423,32.09283],[-85.69308,32.10015],[-85.69042,32.08505],[-85.68734,32.07717],[-85.67492,32.0705],[-85.66363,32.05828],[-85.65076,32.04944],[-85.64827,32.04928],[-85.64168,32.04897],[-85.63404,32.04459],[-85.62945,32.03856],[-85.62851,32.02984],[-85.61172,32.02766],[-85.60367,32.03475],[-85.59593,32.03513],[-85.5892,32.03734],[-85.59078,32.05862],[-85.59734,32.08541],[-85.60024,32.09509],[-85.61095,32.10252],[-85.61773,32.103],[-85.61781,32.11619],[-85.62231,32.11761],[-85.63067,32.12525],[-85.62364,32.12823],[-85.61929,32.1328],[-85.61063,32.13654],[-85.60745,32.13969],[-85.59934,32.1373],[-85.58841,32.14133],[-85.57188,32.14381],[-85.56996,32.14733],[-85.57546,32.15345],[-85.57561,32.158],[-85.57965,32.1655],[-85.57775,32.17124],[-85.58096,32.17659],[-85.5808,32.18395],[-85.5842,32.1881],[-85.58647,32.19541],[-85.5963,32.20991],[-85.60305,32.21612],[-85.59809,32.22134],[-85.59467,32.22892],[-85.59483,32.23322],[-85.65259,32.23351],[-85.77789,32.23335],[-85.79532,32.23293],[-85.85497,32.232]]]},"properties":{"STATEFP":"01","COUNTYFP":"011","COUSUBFP":"93249","COUSUBNS":"00165670","GEOIDFQ":"0600000US0101193249","GEOID":"0101193249","NAME":"Union Springs","NAMELSAD":"Union Springs CCD","STUSPS":"AL","NAMELSADCO":"Bullock County","STATE_NAME":"Alabama","LSAD":"22","ALAND":398541403,"AWATER":2063943}},
{"type":"Feature","geometry":{"type":"Polygon","coordinates":[[[-87.09298,32.31841],[-87.09584,32.31205],[-87.0946,32.2942],[-87.08475,32.28631],[-87.08278,32.27686],[-87.08378,32.2698],[-87.08755,32.26459],[-87.09729,32.26278],[-87.10558,32.26366],[-87.12499,32.26031],[-87.13079,32.26252],[-87.13612,32.26771],[-87.14453,32.27286],[-87.15573,32.27637],[-87.16102,32.27609],[-87.16476,32.2678],[-87.16284,32.25477],[-87.15838,32.24637],[-87.15431,32.23331],[-87.14892,32.22903],[-87.12499,32.21597],[-87.11906,32.21449],[-87.10212,32.21284],[-87.10044,32.21957],[-87.09567,32.22008],[-87.08532,32.2273],[-87.08489,32.22235],[-87.08879,32.21598],[-87.08378,32.21405],[-87.0782,32.21481],[-87.07599,32.22311],[-87.06853,32.2248],[-87.06707,32.21937],[-87.06993,32.21662],[-87.0654,32.21277],[-87.05866,32.21926],[-87.05219,32.22079],[-87.05383,32.22817],[-87.05038,32.23149],[-87.0441,32.23268],[-87.03299,32.23875],[-87.03423,32.24751],[-87.03021,32.25401],[-87.01258,32.2489],[-87.00648,32.24977],[-86.99899,32.24559],[-86.99208,32.24427],[-86.97531,32.24347],[-86.96631,32.23623],[-86.96083,32.23685],[-86.95169,32.23087],[-86.94404,32.22865],[-86.94174,32.2257],[-86.93331,32.22212],[-86.92813,32.21827],[-86.91592,32.2015],[-86.90833,32.20338],[-86.9083,32.22503],[-86.90852,32.2394],[-86.90375,32.24625],[-86.89898,32.2567],[-86.90801,32.26042],[-86.91378,32.26457],[-86.92482,32.26753],[-86.93092,32.26687],[-86.93326,32.27152],[-86.93049,32.27661],[-86.93119,32.28179],[-86.9278,32.28318],[-86.9201,32.29192],[-86.91877,32.29935],[-86.9092,32.31066],[-86.90781,32.32162],[-86.90973,32.32436],[-86.93721,32.32714],[-86.95178,32.32964],[-86.9752,32.32858],[-86.98031,32.32334],[-86.98532,32.32624],[-86.99855,32.32404],[-86.99999,32.32759],[-87.01789,32.32516],[-87.02026,32.31959],[-87.03071,32.3221],[-87.04674,32.33154],[-87.05334,32.33384],[-87.06947,32.33323],[-87.07625,32.33085],[-87.08366,32.32629],[-87.09298,32.31841]]]},"properties":{"STATEFP":"01","COUNTYFP":"047","COUSUBFP":"92844","COUSUBNS":"00165748","GEOIDFQ":"0600000US0104792844","GEOID":"0104792844","NAME":"Sardis","NAMELSAD":"Sardis CCD","STUSPS":"AL","NAMELSADCO":"Dallas County","STATE_NAME":"Alabama","LSAD":"22","ALAND":205066676,"AWATER":3449576}},
{"type":"Feature","geometry":{"type":"Polygon","coordinates":[[[-86.68681,33.69947],[-86.68675,33.69957],[-86.68862,33.70313],[-86.69829,33.70249],[-86.70097,33.70678],[-86.6957,33.71017],[-86.70074,33.72004],[-86.70417,33.72313],[-86.71597,33.72359],[-86.71681,33.73457],[-86.72676,33.73082],[-86.74044,33.73467],[-86.74143,33.72698],[-86.75001,33.72988],[-86.75575,33.73581],[-86.76163,33.73766],[-86.76282,33.74103],[-86.76929,33.74039],[-86.77252,33.74264],[-86.78312,33.743],[-86.78977,33.74109],[-86.79653,33.73528],[-86.80402,33.73345],[-86.8102,33.73697],[-86.81402,33.74259],[-86.81982,33.75713],[-86.82755,33.75738],[-86.82741,33.76217],[-86.81779,33.76874],[-86.82508,33.77026],[-86.83041,33.77023],[-86.83945,33.77863],[-86.8348,33.78567],[-86.83587,33.78971],[-86.84753,33.79115],[-86.85065,33.77561],[-86.85726,33.77211],[-86.86346,33.77579],[-86.86637,33.77055],[-86.86409,33.76129],[-86.86518,33.75728],[-86.87299,33.75731],[-86.87494,33.76659],[-86.87384,33.77089],[-86.87971,33.7752],[-86.88559,33.76944],[-86.89344,33.76425],[-86.89578,33.7609],[-86.89858,33.7501],[-86.90285,33.74854],[-86.90832,33.75426],[-86.90532,33.75745],[-86.90791,33.76154],[-86.91476,33.75903],[-86.92175,33.75183],[-86.91813,33.74414],[-86.91382,33.7489],[-86.90157,33.74654],[-86.88948,33.74176],[-86.88349,33.72729],[-86.88705,33.7222],[-86.88591,33.71802],[-86.87506,33.70656],[-86.86867,33.70186],[-86.87164,33.69923],[-86.87262,33.68831],[-86.87187,33.67423],[-86.87009,33.66773],[-86.87186,33.6611],[-86.87147,33.65182],[-86.86581,33.64027],[-86.86511,33.6299],[-86.8565,33.63187],[-86.84578,33.62834],[-86.83268,33.62119],[-86.82845,33.62207],[-86.8217,33.61995],[-86.8174,33.61646],[-86.80793,33.61614],[-86.80172,33.62145],[-86.7947,33.62198],[-86.78551,33.61975],[-86.78305,33.63362],[-86.77305,33.64166],[-86.76726,33.65036],[-86.75801,33.65703],[-86.75797,33.66541],[-86.74201,33.66149],[-86.74189,33.65775],[-86.73342,33.65676],[-86.72711,33.66432],[-86.72312,33.66632],[-86.71692,33.67313],[-86.71211,33.67357],[-86.70512,33.67813],[-86.69319,33.68998],[-86.69059,33.69058],[-86.68681,33.69947]]]},"properties":{"STATEFP":"01","COUNTYFP":"073","COUSUBFP":"91296","COUSUBNS":"00165816","GEOIDFQ":"0600000US0107391296","GEOID":"0107391296","NAME":"Gardendale","NAMELSAD":"Gardendale CCD","STUSPS":"AL","NAMELSADCO":"Jefferson County","STATE_NAME":"Alabama","LSAD":"22","ALAND":199699797,"AWATER":213711}}
]}