{"type":"FeatureCollection", "features": [
{"type":"Feature","geometry":{"type":"MultiPolygon","coordinates":[[[[-85.09717,29.62624],[-85.09539,29.62117],[-85.08423,29.61516],[-85.06945,29.60528],[-85.05057,29.59023],[-85.04507,29.58699],[-85.03622,29.58892],[-84.95645,29.614],[-84.93782,29.62344],[-84.88463,29.65225],[-84.87005,29.65872],[-84.85383,29.66472],[-84.82963,29.67217],[-84.82058,29.6739],[-84.79913,29.68157],[-84.77695,29.69219],[-84.76512,29.69972],[-84.71912,29.7391],[-84.69941,29.75815],[-84.69262,29.76304],[-84.69488,29.77092],[-84.70002,29.76421],[-84.7058,29.76059],[-84.70751,29.75409],[-84.71669,29.74471],[-84.72347,29.74344],[-84.72577,29.73609],[-84.73987,29.72675],[-84.74572,29.72625],[-84.75577,29.72003],[-84.76702,29.71141],[-84.77721,29.7074],[-84.77905,29.70255],[-84.77728,29.69586],[-84.78221,29.69261],[-84.78695,29.69501],[-84.79464,29.70272],[-84.79859,29.70207],[-84.7978,29.69484],[-84.79385,29.69466],[-84.7905,29.68952],[-84.80293,29.68369],[-84.80828,29.68434],[-84.81308,29.68121],[-84.85306,29.67186],[-84.86143,29.67277],[-84.86312,29.6698],[-84.87292,29.66432],[-84.87949,29.66366],[-84.88586,29.65658],[-84.89334,29.65647],[-84.90381,29.64874],[-84.91318,29.64989],[-84.92033,29.64864],[-84.92584,29.64495],[-84.92805,29.63825],[-84.93259,29.63723],[-84.9484,29.6226],[-84.95911,29.61761],[-84.9815,29.60864],[-84.99792,29.60469],[-85.01468,29.60325],[-85.01574,29.59817],[-85.02705,29.59673],[-85.05239,29.60328],[-85.06902,29.60944],[-85.07828,29.61746],[-85.08395,29.61938],[-85.09172,29.62647],[-85.09717,29.62624]]],[[[-85.0219,29.82354],[-85.01969,29.81987],[-85.02053,29.80737],[-85.03129,29.79892],[-85.036,29.79237],[-85.04008,29.77935],[-85.05419,29.78081],[-85.06067,29.7863],[-85.06867,29.78447],[-85.07264,29.77081],[-85.07822,29.76862],[-85.09078,29.77276],[-85.10413,29.77418],[-85.1094,29.77679],[-85.16843,29.73657],[-85.20623,29.71119],[-85.2175,29.69474],[-85.20241,29.69817],[-85.1965,29.69737],[-85.18794,29.69964],[-85.17728,29.70019],[-85.17229,29.7035],[-85.12147,29.71585],[-85.10168,29.71875],[-85.07212,29.71903],[-85.04022,29.71286],[-85.03586,29.70862],[-85.02515,29.71214],[-85.01385,29.70952],[-84.9867,29.71748],[-84.977,29.72121],[-84.96884,29.72708],[-84.96418,29.73976],[-84.94582,29.74552],[-84.95172,29.75537],[-84.97524,29.76397],[-84.98863,29.76434],[-84.99371,29.76842],[-84.99847,29.77616],[-85.00687,29.77927],[-85.00418,29.78327],[-85.01801,29.78565],[-85.01355,29.7912],[-85.01006,29.79962],[-85.01398,29.80477],[-85.00639,29.80706],[-85.01118,29.81496],[-85.01092,29.82393],[-85.01581,29.82536],[-85.0219,29.82354]]],[[[-85.22248,29.67934],[-85.21893,29.67621],[-85.20431,29.6727],[-85.18715,29.66569],[-85.15676,29.64768],[-85.14101,29.63404],[-85.13552,29.632],[-85.12045,29.63002],[-85.10001,29.63182],[-85.09676,29.63306],[-85.09133,29.65046],[-85.08176,29.66524],[-85.07431,29.67398],[-85.08045,29.67491],[-85.08532,29.67993],[-85.0939,29.68484],[-85.10041,29.68469],[-85.11427,29.68866],[-85.13464,29.68657],[-85.13964,29.68379],[-85.15641,29.67963],[-85.16862,29.68241],[-85.20186,29.68258],[-85.2071,29.68044],[-85.21616,29.68074],[-85.22248,29.67934]]]]},"properties":{"STATEFP":"12","COUNTYFP":"037","COUSUBFP":"90039","COUSUBNS":"01935684","GEOIDFQ":"0600000US1203790039","GEOID":"1203790039","NAME":"Apalachicola","NAMELSAD":"Apalachicola CCD","STUSPS":"FL","NAMELSADCO":"Franklin County","STATE_NAME":"Florida","LSAD":"22","ALAND":205547945,"AWATER":1363056226}},
{"type":"Feature","geometry":{"type":"Polygon","coordinates":[[[-85.84442,30.70313],[-85.85806,30.69747],[-85.86048,30.69281],[-85.86575,30.68983],[-85.86331,30.68549],[-85.86734,30.68049],[-85.87542,30.67951],[-85.87102,30.6751],[-85.86918,30.66415],[-85.87786,30.66171],[-85.88165,30.65683],[-85.89264,30.65248],[-85.89679,30.6478],[-85.90585,30.6449],[-85.90811,30.63983],[-85.91517,30.63697],[-85.91104,30.63087],[-85.91229,30.62519],[-85.90826,30.61404],[-85.91095,30.60388],[-85.91592,30.59679],[-85.90881,30.59676],[-85.90946,30.58688],[-85.9032,30.58481],[-85.89535,30.58635],[-85.89017,30.57864],[-85.88869,30.56878],[-85.89122,30.56591],[-85.88773,30.55938],[-85.87983,30.55621],[-85.87937,30.54856],[-85.88059,30.53498],[-85.88706,30.52796],[-85.88236,30.52095],[-85.87913,30.51216],[-85.88382,30.50784],[-85.87805,30.50437],[-85.87026,30.50583],[-85.86574,30.49828],[-85.86037,30.49731],[-85.86122,30.50044],[-85.85564,30.5045],[-85.85982,30.50737],[-85.86139,30.51392],[-85.85977,30.518],[-85.86685,30.52705],[-85.86142,30.53303],[-85.86196,30.53801],[-85.85558,30.55018],[-85.84838,30.55151],[-85.84915,30.55735],[-85.84388,30.57246],[-85.83795,30.57973],[-85.84301,30.58424],[-85.83896,30.59077],[-85.84114,30.60663],[-85.8302,30.6089],[-85.82784,30.60748],[-85.81703,30.61266],[-85.81157,30.61117],[-85.80656,30.60675],[-85.80015,30.60675],[-85.79342,30.60915],[-85.78828,30.60784],[-85.7766,30.608],[-85.77536,30.60541],[-85.76282,30.60545],[-85.75623,30.60857],[-85.75244,30.60696],[-85.74549,30.60822],[-85.74438,30.61141],[-85.73556,30.61144],[-85.73389,30.61552],[-85.7234,30.62559],[-85.71217,30.62688],[-85.70356,30.63398],[-85.70255,30.63767],[-85.69428,30.64015],[-85.69352,30.64654],[-85.68856,30.65041],[-85.68864,30.65381],[-85.67236,30.66066],[-85.66873,30.66561],[-85.65595,30.66955],[-85.64832,30.67452],[-85.64513,30.67855],[-85.64524,30.68765],[-85.63762,30.69761],[-85.62542,30.709],[-85.62647,30.71571],[-85.62231,30.72108],[-85.6172,30.73508],[-85.61901,30.74387],[-85.63325,30.74441],[-85.68515,30.74458],[-85.73605,30.74637],[-85.73511,30.77529],[-85.75198,30.77571],[-85.75193,30.78961],[-85.82162,30.79078],[-85.8164,30.78378],[-85.81947,30.77907],[-85.82644,30.77651],[-85.83021,30.76856],[-85.82825,30.7622],[-85.83193,30.75708],[-85.82774,30.75225],[-85.82703,30.74686],[-85.82998,30.74058],[-85.82526,30.73823],[-85.82852,30.72986],[-85.82612,30.72528],[-85.83977,30.71728],[-85.84051,30.71151],[-85.84513,30.70727],[-85.84442,30.70313]]]},"properties":{"STATEFP":"12","COUNTYFP":"133","COUSUBFP":"90442","COUSUBNS":"01935715","GEOIDFQ":"0600000US1213390442","GEOID":"1213390442","NAME":"Caryville","NAMELSAD":"Caryville CCD","STUSPS":"FL","NAMELSADCO":"Washington County","STATE_NAME":"Florida","LSAD":"22","ALAND":362840610,"AWATER":23036952}},
{"type":"Feature","geometry":{"type":"Polygon","coordinates":[[[-81.76165,28.96093],[-81.76158,28.92961],[-81.76061,28.9262],[-81.75241,28.91778],[-81.74122,28.91376],[-81.70645,28.88401],[-81.69971,28.88048],[-81.68756,28.88093],[-81.67896,28.88373],[-81.66868,28.88324],[-81.66157,28.88968],[-81.65432,28.89258],[-81.64316,28.89255],[-81.63908,28.89545],[-81.63555,28.89155],[-81.62903,28.89515],[-81.61829,28.89518],[-81.61771,28.85172],[-81.61447,28.85176],[-81.5769,28.85118],[-81.5325,28.85198],[-81.52871,28.84242],[-81.52484,28.84603],[-81.52035,28.84576],[-81.51225,28.8398],[-81.51174,28.83677],[-81.50322,28.83072],[-81.49067,28.83254],[-81.47869,28.8296],[-81.47393,28.83179],[-81.46428,28.82949],[-81.45888,28.83022],[-81.45056,28.83402],[-81.4502,28.83919],[-81.4439,28.84605],[-81.44181,28.85347],[-81.43727,28.85781],[-81.43274,28.85815],[-81.42065,28.85407],[-81.40644,28.85665],[-81.40107,28.86099],[-81.39213,28.86355],[-81.38837,28.86147],[-81.37568,28.86648],[-81.3663,28.8736],[-81.36694,28.87923],[-81.36453,28.89026],[-81.35717,28.88715],[-81.35406,28.89846],[-81.35782,28.90041],[-81.36017,28.90665],[-81.35667,28.91054],[-81.35954,28.91396],[-81.35412,28.92091],[-81.35438,28.93148],[-81.35143,28.93284],[-81.35556,28.94117],[-81.35297,28.94625],[-81.35561,28.95113],[-81.35959,28.95111],[-81.36167,28.9571],[-81.36808,28.95541],[-81.36613,28.96231],[-81.36939,28.96745],[-81.36424,28.96864],[-81.36076,28.97678],[-81.35468,28.98481],[-81.35839,28.98937],[-81.36441,28.99273],[-81.37295,28.9931],[-81.37815,28.99894],[-81.38077,29.0074],[-81.38819,29.01069],[-81.38773,29.01619],[-81.40285,29.03247],[-81.41092,29.03235],[-81.41538,29.03836],[-81.41875,29.03799],[-81.42579,29.04481],[-81.43221,29.04442],[-81.43632,29.04804],[-81.4467,29.06232],[-81.45529,29.06307],[-81.45576,29.07155],[-81.4607,29.07466],[-81.46048,29.07826],[-81.45461,29.08346],[-81.45916,29.09422],[-81.47033,29.0968],[-81.47531,29.09444],[-81.48884,29.09319],[-81.492,29.09554],[-81.50205,29.0978],[-81.50032,29.1025],[-81.5028,29.10627],[-81.50674,29.11218],[-81.50453,29.12371],[-81.51289,29.13556],[-81.51729,29.14828],[-81.5226,29.15603],[-81.52182,29.16616],[-81.52387,29.16916],[-81.53148,29.17233],[-81.53258,29.17762],[-81.54407,29.18108],[-81.5465,29.18457],[-81.55194,29.18445],[-81.56091,29.20019],[-81.57581,29.20287],[-81.58258,29.20026],[-81.5931,29.199],[-81.60461,29.20053],[-81.61025,29.20257],[-81.61683,29.21051],[-81.61499,29.21729],[-81.6193,29.22859],[-81.63399,29.24478],[-81.63389,29.25434],[-81.64192,29.27677],[-81.6419,29.25045],[-81.64052,29.1316],[-81.6387,29.04776],[-81.6592,29.04776],[-81.65916,29.00026],[-81.6587,28.96035],[-81.69607,28.96007],[-81.71909,28.9611],[-81.76165,28.96093]]]},"properties":{"STATEFP":"12","COUNTYFP":"069","COUSUBFP":"93445","COUSUBNS":"01935957","GEOIDFQ":"0600000US1206993445","GEOID":"1206993445","NAME":"Umatilla","NAMELSAD":"Umatilla CCD","STUSPS":"FL","NAMELSADCO":"Lake County","STATE_NAME":"Florida","LSAD":"22","ALAND":832743270,"AWATER":84038554}},
{"type":"Feature","geometry":{"type":"Polygon","coordinates":[[[-84.07554,30.27362],[-84.07581,30.26269],[-84.07623,30.12529],[-84.07604,30.09546],[-84.06299,30.10138],[-84.06071,30.1005],[-84.04871,30.10321],[-84.04028,30.09964],[-84.0367,30.10229],[-84.02427,30.10327],[-84.01404,30.09733],[-84.00676,30.09756],[-83.99915,30.09139],[-84.002,30.08522],[-83.99654,30.08172],[-83.99139,30.08602],[-83.99218,30.09621],[-83.98798,30.10361],[-83.98148,30.11021],[-83.98,30.11829],[-83.96863,30.13617],[-83.97332,30.14224],[-83.97306,30.14604],[-83.96179,30.15082],[-83.96308,30.15751],[-83.95779,30.16204],[-83.95692,30.1744],[-83.9508,30.18125],[-83.9513,30.18628],[-83.94042,30.19213],[-83.92726,30.19089],[-83.92439,30.19835],[-83.92577,30.20436],[-83.92054,30.21334],[-83.91656,30.22339],[-83.92064,30.23011],[-83.91754,30.2317],[-83.91537,30.24478],[-83.90477,30.24816],[-83.89733,30.25213],[-83.89687,30.25647],[-83.89243,30.26061],[-83.88294,30.26499],[-83.88167,30.26761],[-83.86765,30.27127],[-83.86139,30.27086],[-83.85426,30.27406],[-83.85375,30.27703],[-83.84487,30.27743],[-83.8385,30.2804],[-83.8258,30.29709],[-83.82027,30.29967],[-83.82023,30.30354],[-83.82052,30.31314],[-83.81113,30.31833],[-83.80126,30.31534],[-83.79254,30.31919],[-83.78888,30.32432],[-83.78711,30.33167],[-83.79358,30.33551],[-83.79953,30.34607],[-83.80704,30.34839],[-83.80409,30.35309],[-83.80809,30.36469],[-83.80379,30.37759],[-83.79144,30.3899],[-83.78797,30.38944],[-83.7884,30.38221],[-83.78319,30.37886],[-83.7798,30.38205],[-83.7684,30.38195],[-83.75726,30.38547],[-83.75582,30.39653],[-83.75198,30.39808],[-83.75107,30.4076],[-83.74319,30.41575],[-83.74063,30.42083],[-83.73313,30.42425],[-83.72708,30.43253],[-83.72172,30.43435],[-83.72439,30.44554],[-83.73798,30.44581],[-83.74375,30.44701],[-83.76358,30.45584],[-83.821,30.47219],[-83.82348,30.47258],[-83.87604,30.47359],[-83.90815,30.47855],[-83.93648,30.47866],[-83.94371,30.48062],[-83.95502,30.48719],[-83.99108,30.48969],[-84.02007,30.48913],[-84.04119,30.48397],[-84.04149,30.46331],[-84.07469,30.4343],[-84.07489,30.41311],[-84.07582,30.36982],[-84.07554,30.27362]]]},"properties":{"STATEFP":"12","COUNTYFP":"065","COUSUBFP":"93523","COUSUBNS":"01935963","GEOIDFQ":"0600000US1206593523","GEOID":"1206593523","NAME":"Wacissa","NAMELSAD":"Wacissa CCD","STUSPS":"FL","NAMELSADCO":"Jefferson County","STATE_NAME":"Florida","LSAD":"22","ALAND":873127533,"AWATER":163183764}},
{"type":"Feature","geometry":{"type":"Polygon","coordinates":[[[-84.94582,29.74552],[-84.93837,29.75021],[-84.92756,29.7612],[-84.92092,29.7729],[-84.9164,29.777],[-84.91511,29.7833],[-84.90413,29.78628],[-84.88515,29.78453],[-84.88253,29.78886],[-84.88206,29.79649],[-84.87766,29.79814],[-84.87065,29.79711],[-84.87255,29.7901],[-84.87112,29.78133],[-84.88002,29.76922],[-84.88618,29.76544],[-84.89584,29.74483],[-84.90214,29.73532],[-84.89489,29.7281],[-84.89279,29.72317],[-84.88803,29.72241],[-84.88178,29.73388],[-84.86827,29.74245],[-84.85045,29.74935],[-84.83717,29.75593],[-84.8242,29.75829],[-84.80346,29.76792],[-84.79841,29.76892],[-84.79144,29.7737],[-84.76175,29.78865],[-84.75559,29.78854],[-84.73432,29.80513],[-84.7278,29.80702],[-84.70181,29.82433],[-84.69205,29.82906],[-84.68397,29.83075],[-84.67442,29.83015],[-84.67505,29.83388],[-84.66828,29.8373],[-84.66189,29.8371],[-84.66459,29.84022],[-84.66631,29.85079],[-84.67122,29.85202],[-84.68753,29.85098],[-84.68556,29.85705],[-84.67607,29.8581],[-84.67358,29.86434],[-84.67757,29.86682],[-84.6853,29.86402],[-84.69385,29.86693],[-84.6944,29.87227],[-84.7056,29.87015],[-84.71191,29.87371],[-84.71568,29.88082],[-84.7213,29.87924],[-84.73014,29.88252],[-84.73783,29.88025],[-84.73882,29.89034],[-84.73127,29.89401],[-84.73375,29.89775],[-84.72745,29.90907],[-84.73039,29.91147],[-84.73014,29.91928],[-84.73247,29.9284],[-84.73663,29.93275],[-84.7284,29.94436],[-84.72744,29.94955],[-84.723,29.94993],[-84.71855,29.95478],[-84.71937,29.96025],[-84.72617,29.96271],[-84.72798,29.96603],[-84.72792,29.97645],[-84.73576,29.98389],[-84.73877,29.99034],[-84.7489,29.99325],[-84.75689,30.00542],[-84.75602,30.00945],[-84.76097,30.01149],[-84.76257,30.01144],[-84.97897,30.01379],[-85.00763,30.01388],[-85.00523,30.01103],[-85.01042,30.00571],[-85.01108,29.99899],[-85.01496,29.99746],[-85.019,29.9825],[-85.0182,29.98104],[-85.02544,29.9714],[-85.02337,29.96216],[-85.01972,29.95348],[-85.02647,29.95284],[-85.02621,29.94459],[-85.03322,29.93647],[-85.02976,29.93275],[-85.04169,29.93006],[-85.04534,29.9207],[-85.04891,29.91855],[-85.0484,29.91041],[-85.05436,29.90186],[-85.0513,29.89309],[-85.04121,29.87585],[-85.04127,29.8708],[-85.03769,29.86364],[-85.03777,29.85253],[-85.03424,29.84819],[-85.03177,29.83923],[-85.03257,29.83007],[-85.02935,29.82636],[-85.0219,29.82354],[-85.01581,29.82536],[-85.01092,29.82393],[-85.01118,29.81496],[-85.00639,29.80706],[-85.01398,29.80477],[-85.01006,29.79962],[-85.01355,29.7912],[-85.01801,29.78565],[-85.00418,29.78327],[-85.00687,29.77927],[-84.99847,29.77616],[-84.99371,29.76842],[-84.98863,29.76434],[-84.97524,29.76397],[-84.95172,29.75537],[-84.94582,29.74552]]]},"properties":{"STATEFP":"12","COUNTYFP":"037","COUSUBFP":"90936","COUSUBNS":"01935754","GEOIDFQ":"0600000US1203790936","GEOID":"1203790936","NAME":"Eastpoint","NAMELSAD":"Eastpoint CCD","STUSPS":"FL","NAMELSADCO":"Franklin County","STATE_NAME":"Florida","LSAD":"22","ALAND":788713599,"AWATER":189085485}},
{"type":"Feature","geometry":{"type":"Polygon","coordinates":[[[-82.65855,29.83014],[-82.6581,29.82178],[-82.65704,29.72664],[-82.64871,29.72612],[-82.60716,29.72743],[-82.50869,29.7274],[-82.49597,29.72866],[-82.49594,29.71832],[-82.47199,29.71812],[-82.46609,29.71633],[-82.45891,29.70288],[-82.44682,29.68903],[-82.38893,29.68873],[-82.38889,29.70326],[-82.36376,29.70333],[-82.35605,29.70696],[-82.35358,29.71223],[-82.35378,29.74017],[-82.35756,29.75779],[-82.36962,29.77333],[-82.37831,29.78702],[-82.38475,29.8006],[-82.37109,29.80092],[-82.37064,29.80666],[-82.36735,29.80974],[-82.37239,29.81359],[-82.37141,29.81923],[-82.37533,29.8269],[-82.37533,29.83497],[-82.3785,29.84266],[-82.37432,29.85032],[-82.37477,29.85655],[-82.37776,29.85962],[-82.37626,29.86575],[-82.37978,29.86981],[-82.37389,29.87929],[-82.3772,29.88139],[-82.38741,29.8819],[-82.40093,29.89003],[-82.40648,29.90738],[-82.4055,29.9112],[-82.41104,29.92058],[-82.41873,29.92309],[-82.4224,29.91992],[-82.42667,29.9221],[-82.43336,29.92927],[-82.44171,29.92911],[-82.44895,29.93152],[-82.45122,29.92667],[-82.45668,29.92757],[-82.46128,29.93162],[-82.47213,29.92655],[-82.47757,29.93489],[-82.48453,29.93973],[-82.49925,29.94019],[-82.51097,29.94521],[-82.51643,29.94336],[-82.5241,29.94525],[-82.52971,29.94088],[-82.52944,29.93428],[-82.54155,29.9255],[-82.54813,29.92557],[-82.55473,29.92854],[-82.56084,29.92492],[-82.56786,29.9172],[-82.57155,29.91828],[-82.57597,29.9131],[-82.57588,29.89487],[-82.58003,29.89485],[-82.58,29.88764],[-82.59255,29.88752],[-82.59234,29.87322],[-82.58679,29.86767],[-82.5929,29.86193],[-82.60242,29.85766],[-82.60628,29.85286],[-82.61135,29.85229],[-82.61974,29.85911],[-82.62293,29.85401],[-82.62204,29.84851],[-82.62926,29.84937],[-82.63057,29.84291],[-82.63451,29.83966],[-82.63473,29.8336],[-82.64138,29.82742],[-82.65211,29.82563],[-82.65855,29.83014]]]},"properties":{"STATEFP":"12","COUNTYFP":"001","COUSUBFP":"91495","COUSUBNS":"01935797","GEOIDFQ":"0600000US1200191495","GEOID":"1200191495","NAME":"High Springs-Alachua","NAMELSAD":"High Springs-Alachua CCD","STUSPS":"FL","NAMELSADCO":"Alachua County","STATE_NAME":"Florida","LSAD":"22","ALAND":575467646,"AWATER":6427484}},
{"type":"Feature","geometry":{"type":"Polygon","coordinates":[[[-82.64856,28.03863],[-82.64853,28.01813],[-82.64047,28.0168],[-82.6394,28.00983],[-82.6365,28.00588],[-82.62259,28.00014],[-82.62061,27.99554],[-82.60242,27.9823],[-82.59644,27.97985],[-82.58359,27.979],[-82.57284,27.97496],[-82.56863,27.97553],[-82.57337,27.96304],[-82.56885,27.96136],[-82.56551,27.96708],[-82.55392,27.967],[-82.54421,27.95617],[-82.5456,27.9503],[-82.54045,27.94704],[-82.54473,27.94366],[-82.53338,27.93854],[-82.53344,27.92966],[-82.53514,27.92203],[-82.532,27.91595],[-82.53132,27.9039],[-82.53549,27.90321],[-82.53479,27.89361],[-82.54203,27.89358],[-82.53887,27.88555],[-82.53093,27.88621],[-82.53162,27.87171],[-82.53862,27.8649],[-82.55292,27.8627],[-82.54995,27.85181],[-82.53668,27.84079],[-82.53751,27.83566],[-82.53389,27.83293],[-82.52852,27.83663],[-82.51119,27.82802],[-82.48985,27.82261],[-82.47527,27.82099],[-82.47244,27.82256],[-82.46884,27.8433],[-82.47162,27.84734],[-82.48014,27.85325],[-82.48847,27.86318],[-82.48936,27.86906],[-82.48728,27.87441],[-82.48207,27.87873],[-82.48074,27.8893],[-82.48812,27.89527],[-82.49172,27.91471],[-82.49042,27.91981],[-82.46641,27.93617],[-82.46025,27.93705],[-82.46227,27.92016],[-82.4618,27.90972],[-82.44902,27.90712],[-82.44243,27.91528],[-82.43543,27.90322],[-82.42725,27.90955],[-82.42838,27.92807],[-82.42966,27.93232],[-82.41262,27.94254],[-82.40348,27.94512],[-82.39315,27.94531],[-82.38542,27.94839],[-82.38011,27.94519],[-82.37282,27.94871],[-82.36981,27.95239],[-82.36688,27.96551],[-82.36039,27.96735],[-82.36023,27.98152],[-82.35773,27.99597],[-82.34876,27.99621],[-82.33094,28.0017],[-82.3146,28.00401],[-82.2862,28.0094],[-82.25598,28.02081],[-82.23623,28.02487],[-82.23658,28.04707],[-82.24914,28.0471],[-82.24935,28.10617],[-82.22205,28.1482],[-82.21196,28.17187],[-82.25974,28.17146],[-82.38356,28.17124],[-82.42817,28.17128],[-82.4617,28.17183],[-82.47403,28.17194],[-82.48139,28.15997],[-82.49212,28.15111],[-82.50085,28.13838],[-82.50233,28.13408],[-82.50234,28.09375],[-82.50673,28.081],[-82.50663,28.07083],[-82.50384,28.06131],[-82.50496,28.03633],[-82.54192,28.03791],[-82.56641,28.03993],[-82.64856,28.03863]]]},"properties":{"STATEFP":"12","COUNTYFP":"057","COUSUBFP":"93367","COUSUBNS":"01935951","GEOIDFQ":"0600000US1205793367","GEOID":"1205793367","NAME":"Tampa","NAMELSAD":"Tampa CCD","STUSPS":"FL","NAMELSADCO":"Hillsborough County","STATE_NAME":"Florida","LSAD":"22","ALAND":707754079,"AWATER":192185709}},
{"type":"Feature","geometry":{"type":"Polygon","coordinates":[[[-83.40962,29.66844],[-83.41477,29.66356],[-83.40644,29.65033],[-83.40145,29.63339],[-83.39948,29.61296],[-83.40168,29.60095],[-83.40691,29.58855],[-83.40526,29.57832],[-83.40715,29.57056],[-83.40305,29.56501],[-83.40036,29.55013],[-83.40311,29.54327],[-83.39983,29.53304],[-83.39574,29.52631],[-83.40155,29.52329],[-83.40025,29.51724],[-83.38837,29.51246],[-83.38397,29.513],[-83.37925,29.50356],[-83.37029,29.4999],[-83.35672,29.4999],[-83.35007,29.48936],[-83.33993,29.48576],[-83.33113,29.47559],[-83.32106,29.47725],[-83.31438,29.47508],[-83.30783,29.46886],[-83.30707,29.46241],[-83.29652,29.44751],[-83.2897,29.44478],[-83.29372,29.43702],[-83.28473,29.43785],[-83.28023,29.43341],[-83.27202,29.43226],[-83.26396,29.43581],[-83.25765,29.433],[-83.24051,29.43318],[-83.23042,29.42748],[-83.22855,29.4212],[-83.21807,29.42049],[-83.21371,29.41321],[-83.21449,29.41018],[-83.21043,29.40487],[-83.21133,29.39833],[-83.20245,29.39442],[-83.20191,29.38808],[-83.20411,29.38336],[-83.20124,29.38019],[-83.19847,29.36798],[-83.1911,29.36819],[-83.18762,29.35879],[-83.17991,29.34874],[-83.17395,29.34678],[-83.1709,29.3425],[-83.17257,29.33009],[-83.16459,29.32483],[-83.15829,29.32659],[-83.15668,29.32222],[-83.17361,29.3099],[-83.1746,29.30712],[-83.16458,29.29682],[-83.16918,29.29126],[-83.16695,29.28859],[-83.16482,29.28916],[-83.15806,29.30224],[-83.15081,29.30543],[-83.14617,29.3113],[-83.14332,29.32125],[-83.13957,29.32399],[-83.11952,29.31715],[-83.11295,29.31814],[-83.11189,29.32468],[-83.10452,29.32544],[-83.0988,29.33687],[-83.09039,29.33275],[-83.0822,29.33986],[-83.06852,29.34395],[-83.06053,29.34946],[-83.06141,29.35268],[-83.06992,29.35281],[-83.07064,29.35735],[-83.06326,29.36182],[-83.06593,29.36848],[-83.06465,29.37398],[-83.05686,29.37834],[-83.04863,29.37914],[-83.03587,29.3882],[-83.03422,29.39553],[-83.03126,29.3982],[-83.0229,29.39926],[-83.02587,29.40569],[-83.02222,29.41443],[-83.01607,29.4227],[-83.02114,29.42714],[-83.02118,29.4312],[-83.01281,29.43977],[-83.01284,29.4459],[-83.00199,29.45653],[-83.00084,29.46213],[-82.98994,29.46335],[-82.98437,29.471],[-82.98647,29.47868],[-82.98186,29.48542],[-82.98424,29.49522],[-82.98349,29.51102],[-82.98197,29.51716],[-82.97268,29.51727],[-82.9694,29.52232],[-82.97077,29.52585],[-82.97657,29.52942],[-82.97903,29.53504],[-82.97684,29.54063],[-82.96948,29.54467],[-82.95936,29.55325],[-82.95005,29.55611],[-82.94739,29.56105],[-82.94874,29.5659],[-82.9448,29.57619],[-82.94309,29.58523],[-82.93768,29.58718],[-82.93733,29.5912],[-82.94211,29.59092],[-82.94766,29.58554],[-82.95264,29.58365],[-82.95809,29.58604],[-82.965,29.59288],[-82.97654,29.59994],[-82.98373,29.60186],[-83.02104,29.60309],[-83.07656,29.6096],[-83.0801,29.60461],[-83.09217,29.59626],[-83.09282,29.5925],[-83.10139,29.59106],[-83.14809,29.59083],[-83.15504,29.60061],[-83.15963,29.59469],[-83.16918,29.5928],[-83.17522,29.59655],[-83.17473,29.60169],[-83.17526,29.64329],[-83.17283,29.65151],[-83.17548,29.65378],[-83.25871,29.68039],[-83.26278,29.68264],[-83.30615,29.71941],[-83.31457,29.73254],[-83.32158,29.75032],[-83.32265,29.77092],[-83.32401,29.7746],[-83.33168,29.76188],[-83.33656,29.76072],[-83.34568,29.74349],[-83.34327,29.73713],[-83.34764,29.73386],[-83.3449,29.72681],[-83.34703,29.72351],[-83.34696,29.71507],[-83.35137,29.70669],[-83.35074,29.6953],[-83.36234,29.67841],[-83.36544,29.67583],[-83.36321,29.66824],[-83.3664,29.6657],[-83.37335,29.66595],[-83.38184,29.66959],[-83.38604,29.66889],[-83.39851,29.67394],[-83.40962,29.66844]]]},"properties":{"STATEFP":"12","COUNTYFP":"029","COUSUBFP":"90702","COUSUBNS":"01935735","GEOIDFQ":"0600000US1202990702","GEOID":"1202990702","NAME":"Cross City South","NAMELSAD":"Cross City South CCD","STUSPS":"FL","NAMELSADCO":"Dixie County","STATE_NAME":"Florida","LSAD":"22","ALAND":1073644776,"AWATER":864860800}},
{"type":"Feature","geometry":{"type":"Polygon","coordinates":[[[-81.27193,26.42265],[-81.26824,26.25307],[-81.1068,26.25597],[-80.87971,26.25931],[-80.88129,26.33381],[-80.88002,26.34606],[-80.88309,26.46227],[-80.88297,26.46493],[-80.88577,26.60924],[-80.88601,26.65289],[-80.88582,26.69606],[-80.88589,26.76918],[-80.88564,26.95892],[-80.89768,26.91955],[-80.94532,26.7691],[-80.97774,26.76881],[-81.0831,26.7683],[-81.17314,26.76816],[-81.14645,26.75294],[-81.12919,26.75274],[-81.12892,26.68732],[-81.12714,26.58782],[-81.12415,26.43449],[-81.12968,26.42892],[-81.22331,26.42773],[-81.23948,26.42312],[-81.27193,26.42265]]]},"properties":{"STATEFP":"12","COUNTYFP":"051","COUSUBFP":"90598","COUSUBNS":"01935727","GEOIDFQ":"0600000US1205190598","GEOID":"1205190598","NAME":"Clewiston","NAMELSAD":"Clewiston CCD","STUSPS":"FL","NAMELSADCO":"Hendry County","STATE_NAME":"Florida","LSAD":"22","ALAND":1643614796,"AWATER":71620155}},
{"type":"Feature","geometry":{"type":"MultiPolygon","coordinates":[[[[-81.68278,24.69029],[-81.68741,24.6862],[-81.70131,24.67772],[-81.74565,24.65988],[-81.75428,24.65404],[-81.76139,24.64204],[-81.76534,24.63263],[-81.75138,24.62823],[-81.72835,24.61758],[-81.722,24.60665],[-81.73929,24.59011],[-81.75283,24.58023],[-81.76644,24.58602],[-81.77408,24.58477],[-81.78225,24.57791],[-81.79401,24.57575],[-81.79389,24.58504],[-81.79538,24.59287],[-81.79949,24.59417],[-81.79934,24.57609],[-81.79742,24.57389],[-81.79985,24.56447],[-81.80718,24.56153],[-81.81254,24.54547],[-81.80356,24.54451],[-81.78598,24.54672],[-81.77522,24.55041],[-81.76338,24.55242],[-81.75502,24.55175],[-81.74876,24.55462],[-81.73533,24.55683],[-81.71721,24.55708],[-81.71123,24.5564],[-81.69779,24.55952],[-81.68524,24.55868],[-81.67731,24.56297],[-81.66514,24.57326],[-81.64413,24.57492],[-81.63543,24.57911],[-81.63327,24.58488],[-81.64012,24.59288],[-81.63921,24.59946],[-81.64021,24.61469],[-81.6418,24.61798],[-81.65336,24.62542],[-81.66627,24.65901],[-81.67649,24.68013],[-81.68034,24.68306],[-81.68278,24.69029]]],[[[-81.89309,24.56273],[-81.88823,24.55777],[-81.88588,24.56297],[-81.89309,24.56273]]],[[[-81.92513,24.54482],[-81.92489,24.53996],[-81.91755,24.54388],[-81.92133,24.54848],[-81.92513,24.54482]]],[[[-82.00977,24.53491],[-82.00645,24.52744],[-81.99899,24.52963],[-81.99982,24.53353],[-82.00748,24.5379],[-82.00977,24.53491]]],[[[-82.14541,24.5899],[-82.13948,24.59066],[-82.12569,24.58537],[-82.12189,24.58169],[-82.11809,24.5697],[-82.11036,24.56862],[-82.11286,24.55986],[-82.12296,24.55175],[-82.13354,24.5524],[-82.13025,24.54821],[-82.11867,24.54854],[-82.11345,24.55147],[-82.11164,24.55549],[-82.10599,24.55857],[-82.10134,24.5655],[-82.09955,24.57458],[-82.10163,24.58504],[-82.10812,24.59062],[-82.12483,24.59706],[-82.13002,24.59751],[-82.14,24.59514],[-82.14541,24.5899]]]]},"properties":{"STATEFP":"12","COUNTYFP":"087","COUSUBFP":"91755","COUSUBNS":"01935818","GEOIDFQ":"0600000US1208791755","GEOID":"1208791755","NAME":"Key West","NAMELSAD":"Key West CCD","STUSPS":"FL","NAMELSADCO":"Monroe County","STATE_NAME":"Florida","LSAD":"22","ALAND":47503768,"AWATER":3119849473}},
{"type":"Feature","geometry":{"type":"Polygon","coordinates":[[[-81.20539,27.54297],[-81.20247,27.5394],[-81.20953,27.53488],[-81.21084,27.52495],[-81.20772,27.51789],[-81.20048,27.516],[-81.19846,27.51038],[-81.2043,27.49851],[-81.2051,27.4897],[-81.19922,27.48628],[-81.1929,27.48623],[-81.18924,27.4826],[-81.18355,27.48379],[-81.17736,27.47783],[-81.17751,27.4749],[-81.17237,27.46929],[-81.1715,27.46247],[-81.16884,27.45952],[-81.15456,27.45412],[-81.15005,27.44576],[-81.14487,27.44501],[-81.13905,27.43401],[-81.14227,27.41249],[-81.12507,27.40363],[-81.12523,27.3936],[-81.11818,27.39019],[-81.11346,27.38481],[-81.10192,27.38333],[-81.09834,27.37908],[-81.09069,27.38384],[-81.08187,27.38494],[-81.0684,27.38235],[-81.06357,27.37937],[-81.05876,27.37303],[-81.04982,27.36935],[-81.05115,27.36302],[-81.04052,27.36255],[-81.03509,27.35962],[-81.03073,27.35152],[-81.03275,27.34761],[-81.04259,27.34654],[-81.04566,27.34067],[-81.04612,27.33755],[-81.04222,27.32823],[-81.03774,27.32984],[-81.02983,27.32324],[-81.03041,27.31815],[-81.02879,27.30579],[-81.02467,27.30181],[-81.0134,27.29949],[-81.0041,27.30201],[-81.00307,27.29838],[-80.99723,27.29352],[-80.99968,27.27067],[-80.99747,27.26126],[-80.99262,27.25031],[-80.98193,27.2469],[-80.98254,27.23889],[-80.9706,27.24355],[-80.89704,27.24356],[-80.89906,27.25193],[-80.90802,27.2608],[-80.91038,27.26914],[-80.9169,27.27552],[-80.91187,27.28259],[-80.90097,27.28477],[-80.89752,27.28768],[-80.89623,27.29408],[-80.89921,27.2985],[-80.90975,27.30317],[-80.91198,27.31562],[-80.92023,27.32359],[-80.91645,27.33278],[-80.91099,27.33769],[-80.90021,27.34088],[-80.88734,27.34757],[-80.8785,27.34945],[-80.8712,27.3456],[-80.8634,27.34765],[-80.85051,27.33953],[-80.84524,27.33014],[-80.84019,27.32394],[-80.83795,27.31392],[-80.82799,27.29631],[-80.82015,27.28065],[-80.82041,27.27556],[-80.80646,27.26973],[-80.80399,27.2596],[-80.79149,27.25939],[-80.78903,27.25048],[-80.77463,27.25225],[-80.7589,27.25753],[-80.7488,27.25743],[-80.7413,27.26362],[-80.71448,27.27844],[-80.70259,27.28769],[-80.69076,27.29519],[-80.67775,27.30208],[-80.67861,27.4486],[-80.67929,27.4557],[-80.67965,27.50077],[-80.67966,27.55874],[-80.74449,27.55891],[-80.77717,27.55873],[-80.77805,27.6432],[-80.85353,27.64232],[-80.87315,27.64229],[-81.02292,27.64199],[-81.14216,27.64324],[-81.14424,27.63913],[-81.14153,27.63327],[-81.14133,27.62593],[-81.14473,27.61699],[-81.1406,27.60798],[-81.14047,27.6013],[-81.14378,27.59723],[-81.14892,27.59707],[-81.15537,27.59099],[-81.15775,27.58352],[-81.15742,27.57519],[-81.16825,27.57302],[-81.17487,27.56432],[-81.17585,27.55939],[-81.18888,27.55706],[-81.19045,27.55329],[-81.20539,27.54297]]]},"properties":{"STATEFP":"12","COUNTYFP":"093","COUSUBFP":"92405","COUSUBNS":"01935871","GEOIDFQ":"0600000US1209392405","GEOID":"1209392405","NAME":"North Okeechobee","NAMELSAD":"North Okeechobee CCD","STUSPS":"FL","NAMELSADCO":"Okeechobee County","STATE_NAME":"Florida","LSAD":"22","ALAND":1663569106,"AWATER":24343065}},
{"type":"Feature","geometry":{"type":"Polygon","coordinates":[[[-82.04924,30.27343],[-82.04941,30.18693],[-81.95552,30.18633],[-81.86805,30.18802],[-81.86948,30.19275],[-81.86936,30.20255],[-81.85997,30.20974],[-81.8531,30.21024],[-81.85302,30.21574],[-81.84438,30.21584],[-81.84395,30.23219],[-81.84517,30.24695],[-81.88645,30.24609],[-81.88649,30.26367],[-81.86952,30.265],[-81.86957,30.29623],[-81.87799,30.29417],[-81.87789,30.30655],[-81.85437,30.3086],[-81.85986,30.32834],[-81.86137,30.33049],[-81.88727,30.32483],[-81.89521,30.32136],[-81.90096,30.33239],[-81.90558,30.33717],[-81.91637,30.35906],[-81.92181,30.36508],[-81.93549,30.37398],[-81.95487,30.357],[-82.0115,30.30612],[-82.04924,30.27343]]]},"properties":{"STATEFP":"12","COUNTYFP":"031","COUSUBFP":"90110","COUSUBNS":"02583392","GEOIDFQ":"0600000US1203190110","GEOID":"1203190110","NAME":"Baldwin","NAMELSAD":"Baldwin CCD","STUSPS":"FL","NAMELSADCO":"Duval County","STATE_NAME":"Florida","LSAD":"22","ALAND":282348854,"AWATER":1069344}},
{"type":"Feature","geometry":{"type":"Polygon","coordinates":[[[-82.26305,28.66763],[-82.26777,28.66281],[-82.27401,28.66068],[-82.27482,28.6562],[-82.26701,28.64813],[-82.25675,28.64565],[-82.2607,28.63674],[-82.25212,28.62914],[-82.24841,28.62987],[-82.2458,28.6247],[-82.24634,28.62006],[-82.24332,28.61599],[-82.2342,28.60866],[-82.23275,28.60027],[-82.22865,28.60074],[-82.22165,28.59324],[-82.21928,28.58265],[-82.21725,28.58031],[-82.21372,28.57536],[-82.20818,28.57205],[-82.19886,28.57312],[-82.19654,28.57569],[-82.18696,28.57242],[-82.18317,28.5682],[-82.17733,28.56841],[-82.17212,28.56579],[-82.15749,28.57015],[-82.15036,28.57126],[-82.14361,28.56592],[-82.13802,28.56552],[-82.13077,28.54642],[-82.11907,28.54073],[-82.10942,28.54384],[-82.10466,28.53469],[-82.09846,28.52889],[-82.09661,28.52474],[-82.09192,28.52325],[-82.08582,28.52705],[-82.07252,28.53148],[-82.06778,28.53144],[-82.05838,28.52539],[-82.05447,28.52137],[-82.05469,28.4784],[-82.05582,28.31279],[-82.04549,28.3183],[-82.02547,28.32287],[-82.00764,28.32321],[-81.9957,28.31883],[-81.98831,28.30705],[-81.9789,28.30574],[-81.97633,28.30955],[-81.96519,28.30805],[-81.95803,28.30893],[-81.95764,28.34518],[-81.95619,28.41592],[-81.95407,28.58068],[-81.95493,28.64243],[-81.9545,28.65569],[-81.95433,28.70062],[-81.95366,28.75533],[-82.00312,28.75583],[-82.04925,28.75595],[-82.06072,28.75648],[-82.0646,28.76983],[-82.06974,28.76524],[-82.07423,28.76577],[-82.08246,28.76183],[-82.08804,28.76306],[-82.09382,28.75892],[-82.10226,28.76769],[-82.1098,28.78697],[-82.11802,28.79955],[-82.12722,28.80723],[-82.1363,28.80713],[-82.14805,28.80444],[-82.15546,28.79829],[-82.16978,28.79672],[-82.17085,28.79019],[-82.18415,28.78332],[-82.18831,28.77678],[-82.18837,28.77224],[-82.18312,28.76976],[-82.18388,28.76276],[-82.18944,28.75897],[-82.19547,28.76007],[-82.19902,28.75731],[-82.20617,28.75716],[-82.2107,28.75406],[-82.2135,28.74743],[-82.23136,28.73608],[-82.23268,28.73071],[-82.24908,28.71777],[-82.25107,28.70579],[-82.24847,28.70186],[-82.25402,28.68962],[-82.25997,28.68272],[-82.26045,28.6722],[-82.26305,28.66763]]]},"properties":{"STATEFP":"12","COUNTYFP":"119","COUSUBFP":"90344","COUSUBNS":"01935941","GEOIDFQ":"0600000US1211990344","GEOID":"1211990344","NAME":"Bushnell-Center Hill","NAMELSAD":"Bushnell-Center Hill CCD","STUSPS":"FL","NAMELSADCO":"Sumter County","STATE_NAME":"Florida","LSAD":"22","ALAND":902778773,"AWATER":24028664}},
{"type":"Feature","geometry":{"type":"Polygon","coordinates":[[[-81.20539,27.54297],[-81.22539,27.54347],[-81.30005,27.54411],[-81.35967,27.54479],[-81.35977,27.53233],[-81.36272,27.5273],[-81.38395,27.53284],[-81.38769,27.53189],[-81.40173,27.52193],[-81.43317,27.52216],[-81.43307,27.53304],[-81.45346,27.53319],[-81.45348,27.52943],[-81.46959,27.52964],[-81.47601,27.53625],[-81.48114,27.53519],[-81.4886,27.53738],[-81.49212,27.52658],[-81.48944,27.51969],[-81.49202,27.51485],[-81.52201,27.51466],[-81.52448,27.50597],[-81.53074,27.5004],[-81.54023,27.49572],[-81.54473,27.49598],[-81.55466,27.49158],[-81.56372,27.49398],[-81.56379,27.41491],[-81.55748,27.41228],[-81.4559,27.41248],[-81.45032,27.40001],[-81.4448,27.39687],[-81.43418,27.38759],[-81.42956,27.392],[-81.4255,27.39203],[-81.41932,27.38436],[-81.42516,27.37931],[-81.42452,27.37639],[-81.41618,27.37525],[-81.40824,27.3722],[-81.39303,27.3741],[-81.38671,27.37643],[-81.37996,27.38173],[-81.37686,27.39061],[-81.37771,27.39491],[-81.3682,27.40036],[-81.36075,27.39575],[-81.35204,27.39342],[-81.34104,27.39542],[-81.28583,27.39675],[-81.27678,27.38594],[-81.26838,27.38124],[-81.25028,27.3805],[-81.2503,27.37893],[-81.23307,27.38035],[-81.22361,27.38295],[-81.21367,27.3805],[-81.1964,27.3803],[-81.19055,27.38139],[-81.16294,27.39886],[-81.08018,27.35796],[-81.07934,27.35701],[-81.04566,27.34067],[-81.04259,27.34654],[-81.03275,27.34761],[-81.03073,27.35152],[-81.03509,27.35962],[-81.04052,27.36255],[-81.05115,27.36302],[-81.04982,27.36935],[-81.05876,27.37303],[-81.06357,27.37937],[-81.0684,27.38235],[-81.08187,27.38494],[-81.09069,27.38384],[-81.09834,27.37908],[-81.10192,27.38333],[-81.11346,27.38481],[-81.11818,27.39019],[-81.12523,27.3936],[-81.12507,27.40363],[-81.14227,27.41249],[-81.13905,27.43401],[-81.14487,27.44501],[-81.15005,27.44576],[-81.15456,27.45412],[-81.16884,27.45952],[-81.1715,27.46247],[-81.17237,27.46929],[-81.17751,27.4749],[-81.17736,27.47783],[-81.18355,27.48379],[-81.18924,27.4826],[-81.1929,27.48623],[-81.19922,27.48628],[-81.2051,27.4897],[-81.2043,27.49851],[-81.19846,27.51038],[-81.20048,27.516],[-81.20772,27.51789],[-81.21084,27.52495],[-81.20953,27.53488],[-81.20247,27.5394],[-81.20539,27.54297]]]},"properties":{"STATEFP":"12","COUNTYFP":"055","COUSUBFP":"93120","COUSUBNS":"01935927","GEOIDFQ":"0600000US1205593120","GEOID":"1205593120","NAME":"Sebring","NAMELSAD":"Sebring CCD","STUSPS":"FL","NAMELSADCO":"Highlands County","STATE_NAME":"Florida","LSAD":"22","ALAND":536669978,"AWATER":74647353}},
{"type":"Feature","geometry":{"type":"Polygon","coordinates":[[[-81.26445,28.44867],[-81.25738,28.4377],[-81.25557,28.42843],[-81.24515,28.42008],[-81.24311,28.41628],[-81.24464,28.40062],[-81.24459,28.36447],[-81.24153,28.35738],[-81.23216,28.34815],[-81.1742,28.34818],[-80.86291,28.34749],[-80.86671,28.35032],[-80.87391,28.36158],[-80.87279,28.36961],[-80.87929,28.3724],[-80.88144,28.38062],[-80.88785,28.38801],[-80.8896,28.39232],[-80.88473,28.39589],[-80.88667,28.40004],[-80.88502,28.41085],[-80.89555,28.42069],[-80.89833,28.43175],[-80.89549,28.43633],[-80.89195,28.44911],[-80.89723,28.45285],[-80.8941,28.45802],[-80.89452,28.46704],[-80.88666,28.46961],[-80.87514,28.46884],[-80.8708,28.47136],[-80.87419,28.47635],[-80.8734,28.48223],[-80.87795,28.48977],[-80.88408,28.49487],[-80.87991,28.4976],[-80.88132,28.50398],[-80.88574,28.51031],[-80.90405,28.51048],[-80.90713,28.51378],[-80.90703,28.52036],[-80.92064,28.5252],[-80.92338,28.53273],[-80.93365,28.53335],[-80.93722,28.53642],[-80.93262,28.5516],[-80.93409,28.55933],[-80.93004,28.56322],[-80.93632,28.57145],[-80.94572,28.58644],[-80.94334,28.59367],[-80.9531,28.60106],[-80.96953,28.60519],[-80.98374,28.61017],[-80.98725,28.613],[-80.99537,28.61317],[-81.06774,28.61268],[-81.09804,28.61273],[-81.15781,28.61223],[-81.15992,28.60537],[-81.15784,28.59916],[-81.16336,28.58958],[-81.17015,28.58701],[-81.16718,28.58158],[-81.15192,28.56296],[-81.14748,28.55991],[-81.14519,28.55288],[-81.13168,28.54838],[-81.12924,28.54364],[-81.12239,28.54041],[-81.12646,28.53213],[-81.12757,28.5251],[-81.13188,28.51679],[-81.13614,28.51234],[-81.13695,28.50703],[-81.1346,28.49948],[-81.12965,28.49575],[-81.11974,28.48161],[-81.11331,28.4757],[-81.11599,28.46323],[-81.10925,28.45744],[-81.10831,28.45155],[-81.16109,28.45179],[-81.2444,28.45145],[-81.25918,28.44866],[-81.26445,28.44867]]]},"properties":{"STATEFP":"12","COUNTYFP":"095","COUSUBFP":"90910","COUSUBNS":"01935752","GEOIDFQ":"0600000US1209590910","GEOID":"1209590910","NAME":"East Orange","NAMELSAD":"East Orange CCD","STUSPS":"FL","NAMELSADCO":"Orange County","STATE_NAME":"Florida","LSAD":"22","ALAND":763676392,"AWATER":28597164}},
{"type":"Feature","geometry":{"type":"Polygon","coordinates":[[[-86.90626,30.99764],[-86.91673,30.98581],[-86.9247,30.97283],[-86.9313,30.96636],[-86.93654,30.96699],[-86.93982,30.95629],[-86.93806,30.95266],[-86.93972,30.94239],[-86.94579,30.93327],[-86.94521,30.9291],[-86.94981,30.92316],[-86.94877,30.92053],[-86.95411,30.91227],[-86.95775,30.91009],[-86.95697,30.9048],[-86.95832,30.89088],[-86.95666,30.88789],[-86.95855,30.87985],[-86.95854,30.86955],[-86.96321,30.86204],[-86.96309,30.85536],[-86.97003,30.85177],[-86.97269,30.84788],[-86.98379,30.84705],[-86.98815,30.84227],[-86.99809,30.83759],[-86.99865,30.82806],[-87.00546,30.82556],[-87.01415,30.81607],[-87.01421,30.81018],[-87.02176,30.80375],[-87.02155,30.79539],[-87.02467,30.79097],[-87.02257,30.78054],[-87.01321,30.77024],[-86.9976,30.76292],[-86.9843,30.74495],[-86.9812,30.73193],[-86.97907,30.72481],[-86.97527,30.72269],[-86.97699,30.71545],[-86.97076,30.70875],[-86.96538,30.68572],[-86.96473,30.67625],[-86.96146,30.67275],[-86.95751,30.67803],[-86.94729,30.68287],[-86.93454,30.68359],[-86.928,30.68687],[-86.91818,30.69141],[-86.91027,30.6969],[-86.90549,30.69528],[-86.89529,30.69648],[-86.88018,30.70592],[-86.87366,30.70805],[-86.8625,30.70923],[-86.86033,30.71206],[-86.85226,30.70844],[-86.83356,30.70858],[-86.83081,30.71175],[-86.82236,30.71395],[-86.81881,30.71764],[-86.80729,30.71622],[-86.79184,30.72427],[-86.79095,30.78075],[-86.78734,30.90039],[-86.78599,30.99367],[-86.78569,30.99697],[-86.8305,30.9974],[-86.90626,30.99764]]]},"properties":{"STATEFP":"12","COUNTYFP":"113","COUSUBFP":"92269","COUSUBNS":"02648028","GEOIDFQ":"0600000US1211392269","GEOID":"1211392269","NAME":"Munson","NAMELSAD":"Munson CCD","STUSPS":"FL","NAMELSADCO":"Santa Rosa County","STATE_NAME":"Florida","LSAD":"22","ALAND":571257466,"AWATER":2563768}},
{"type":"Feature","geometry":{"type":"Polygon","coordinates":[[[-82.64283,27.38974],[-82.63754,27.37998],[-82.62386,27.36221],[-82.59037,27.32836],[-82.58982,27.32728],[-82.57952,27.33682],[-82.57927,27.34175],[-82.61706,27.38955],[-82.64283,27.38974]]]},"properties":{"STATEFP":"12","COUNTYFP":"115","COUSUBFP":"91963","COUSUBNS":"01935834","GEOIDFQ":"0600000US1211591963","GEOID":"1211591963","NAME":"Longboat Key","NAMELSAD":"Longboat Key CCD","STUSPS":"FL","NAMELSADCO":"Sarasota County","STATE_NAME":"Florida","LSAD":"22","ALAND":6056833,"AWATER":294828540}},
{"type":"Feature","geometry":{"type":"Polygon","coordinates":[[[-83.30925,30.6344],[-83.30184,30.63087],[-83.29485,30.63233],[-83.29312,30.62899],[-83.27565,30.62873],[-83.26911,30.6222],[-83.26691,30.61506],[-83.26779,30.61087],[-83.25989,30.59667],[-83.25662,30.5862],[-83.26273,30.58096],[-83.25963,30.57426],[-83.26222,30.56994],[-83.25792,30.56594],[-83.25602,30.55937],[-83.26081,30.55282],[-83.25436,30.54913],[-83.24733,30.54104],[-83.24403,30.52545],[-83.23894,30.51802],[-83.24257,30.51649],[-83.24405,30.51086],[-83.24056,30.50593],[-83.24283,30.50215],[-83.2408,30.49334],[-83.24323,30.48866],[-83.2436,30.47298],[-83.22587,30.46802],[-83.21958,30.46202],[-83.21766,30.45586],[-83.22279,30.4521],[-83.21981,30.44035],[-83.22209,30.43683],[-83.21855,30.42784],[-83.22009,30.42248],[-83.21708,30.41873],[-83.21097,30.42158],[-83.2041,30.41487],[-83.19478,30.41695],[-83.18003,30.41016],[-83.17097,30.38523],[-83.16903,30.39099],[-83.16431,30.39315],[-83.16541,30.39858],[-83.15846,30.40293],[-83.15543,30.40825],[-83.15971,30.40979],[-83.15446,30.41738],[-83.1483,30.41749],[-83.14164,30.42266],[-83.13429,30.42141],[-83.12863,30.42855],[-83.1221,30.43261],[-83.105,30.43363],[-83.09647,30.43623],[-83.10052,30.44542],[-83.09392,30.44654],[-83.08839,30.45455],[-83.08332,30.45592],[-83.07653,30.4629],[-83.07627,30.46656],[-83.07,30.4762],[-83.06879,30.48171],[-83.06152,30.48071],[-83.06033,30.48639],[-83.04975,30.49003],[-83.04118,30.49605],[-83.03849,30.50168],[-83.04176,30.50379],[-83.04156,30.51228],[-83.04486,30.51708],[-83.03929,30.5202],[-83.03719,30.53272],[-83.03824,30.5413],[-83.0269,30.55195],[-83.02854,30.55414],[-83.02129,30.55954],[-83.03283,30.56407],[-83.03182,30.57507],[-83.03679,30.57616],[-83.03942,30.58144],[-83.04758,30.58569],[-83.05576,30.58704],[-83.06233,30.58425],[-83.06568,30.59388],[-83.07336,30.59734],[-83.07379,30.60226],[-83.07036,30.60704],[-83.06467,30.60733],[-83.05804,30.61155],[-83.05595,30.61925],[-83.13137,30.62358],[-83.17441,30.62644],[-83.30925,30.6344]]]},"properties":{"STATEFP":"12","COUNTYFP":"047","COUSUBFP":"91677","COUSUBNS":"01935812","GEOIDFQ":"0600000US1204791677","GEOID":"1204791677","NAME":"Jennings","NAMELSAD":"Jennings CCD","STUSPS":"FL","NAMELSADCO":"Hamilton County","STATE_NAME":"Florida","LSAD":"22","ALAND":411124444,"AWATER":2488497}},
{"type":"Feature","geometry":{"type":"Polygon","coordinates":[[[-83.09647,30.43623],[-83.07871,30.43812],[-83.07602,30.426],[-83.06901,30.42454],[-83.06489,30.42793],[-83.05772,30.42958],[-83.0343,30.43085],[-83.02999,30.42848],[-83.00786,30.42251],[-83.00494,30.42777],[-82.99776,30.43067],[-82.99547,30.42824],[-82.98485,30.42551],[-82.98274,30.41901],[-82.96838,30.41682],[-82.9559,30.41349],[-82.95487,30.40971],[-82.94761,30.40661],[-82.94877,30.401],[-82.93905,30.39999],[-82.93152,30.39039],[-82.92766,30.39099],[-82.92007,30.38592],[-82.90936,30.38225],[-82.90718,30.38453],[-82.89201,30.38757],[-82.89056,30.37812],[-82.89336,30.37462],[-82.88567,30.36745],[-82.88246,30.37635],[-82.87977,30.37764],[-82.87738,30.38749],[-82.8646,30.39821],[-82.86378,30.40401],[-82.85667,30.40277],[-82.8497,30.39809],[-82.83777,30.39902],[-82.83332,30.4016],[-82.822,30.40216],[-82.81616,30.39884],[-82.81093,30.40551],[-82.80422,30.4096],[-82.80225,30.42034],[-82.79945,30.42301],[-82.79233,30.42195],[-82.79566,30.42845],[-82.79608,30.43434],[-82.80119,30.4476],[-82.80728,30.45689],[-82.80704,30.46264],[-82.79594,30.47153],[-82.79444,30.47523],[-82.78447,30.48003],[-82.77273,30.47801],[-82.76305,30.47847],[-82.75768,30.48541],[-82.74834,30.49093],[-82.73404,30.50265],[-82.71647,30.50738],[-82.71614,30.51251],[-82.72019,30.5213],[-82.72426,30.51803],[-82.72862,30.52571],[-82.72763,30.53055],[-82.71453,30.53184],[-82.71707,30.54002],[-82.72125,30.54487],[-82.72658,30.55949],[-82.7155,30.56595],[-82.71703,30.56965],[-82.70672,30.57427],[-82.70357,30.58092],[-82.70666,30.58432],[-82.70092,30.5894],[-82.69174,30.59462],[-82.68954,30.59773],[-82.87726,30.60902],[-83.05595,30.61925],[-83.05804,30.61155],[-83.06467,30.60733],[-83.07036,30.60704],[-83.07379,30.60226],[-83.07336,30.59734],[-83.06568,30.59388],[-83.06233,30.58425],[-83.05576,30.58704],[-83.04758,30.58569],[-83.03942,30.58144],[-83.03679,30.57616],[-83.03182,30.57507],[-83.03283,30.56407],[-83.02129,30.55954],[-83.02854,30.55414],[-83.0269,30.55195],[-83.03824,30.5413],[-83.03719,30.53272],[-83.03929,30.5202],[-83.04486,30.51708],[-83.04156,30.51228],[-83.04176,30.50379],[-83.03849,30.50168],[-83.04118,30.49605],[-83.04975,30.49003],[-83.06033,30.48639],[-83.06152,30.48071],[-83.06879,30.48171],[-83.07,30.4762],[-83.07627,30.46656],[-83.07653,30.4629],[-83.08332,30.45592],[-83.08839,30.45455],[-83.09392,30.44654],[-83.10052,30.44542],[-83.09647,30.43623]]]},"properties":{"STATEFP":"12","COUNTYFP":"047","COUSUBFP":"91651","COUSUBNS":"01935810","GEOIDFQ":"0600000US1204791651","GEOID":"1204791651","NAME":"Jasper","NAMELSAD":"Jasper CCD","STUSPS":"FL","NAMELSADCO":"Hamilton County","STATE_NAME":"Florida","LSAD":"22","ALAND":658806195,"AWATER":2606977}},
{"type":"Feature","geometry":{"type":"Polygon","coordinates":[[[-83.17097,30.38523],[-83.17562,30.38446],[-83.17093,30.37977],[-83.14837,30.36983],[-83.08118,30.33944],[-83.08085,30.29025],[-83.08087,30.24649],[-83.04702,30.24636],[-83.0641,30.23196],[-83.0638,30.1884],[-83.01347,30.18823],[-83.01333,30.19932],[-82.98802,30.19922],[-82.98799,30.23183],[-82.96365,30.23194],[-82.95935,30.22845],[-82.93763,30.22892],[-82.93775,30.23877],[-82.93581,30.2479],[-82.92825,30.24933],[-82.92419,30.2579],[-82.91967,30.2583],[-82.91643,30.26442],[-82.89732,30.25336],[-82.89438,30.26473],[-82.89743,30.27546],[-82.89795,30.28631],[-82.90375,30.30638],[-82.90395,30.3133],[-82.89425,30.31359],[-82.8817,30.31176],[-82.8549,30.31099],[-82.84798,30.31593],[-82.83819,30.31422],[-82.81285,30.3145],[-82.80266,30.31997],[-82.79479,30.32017],[-82.79459,30.33702],[-82.7996,30.34423],[-82.80394,30.3454],[-82.80978,30.33737],[-82.81198,30.34035],[-82.82575,30.34193],[-82.82721,30.34578],[-82.83225,30.34677],[-82.83605,30.34237],[-82.84425,30.3409],[-82.85261,30.349],[-82.85708,30.35832],[-82.86625,30.35834],[-82.87209,30.36636],[-82.88206,30.36507],[-82.88567,30.36745],[-82.89336,30.37462],[-82.89056,30.37812],[-82.89201,30.38757],[-82.90718,30.38453],[-82.90936,30.38225],[-82.92007,30.38592],[-82.92766,30.39099],[-82.93152,30.39039],[-82.93905,30.39999],[-82.94877,30.401],[-82.94761,30.40661],[-82.95487,30.40971],[-82.9559,30.41349],[-82.96838,30.41682],[-82.98274,30.41901],[-82.98485,30.42551],[-82.99547,30.42824],[-82.99776,30.43067],[-83.00494,30.42777],[-83.00786,30.42251],[-83.02999,30.42848],[-83.0343,30.43085],[-83.05772,30.42958],[-83.06489,30.42793],[-83.06901,30.42454],[-83.07602,30.426],[-83.07871,30.43812],[-83.09647,30.43623],[-83.105,30.43363],[-83.1221,30.43261],[-83.12863,30.42855],[-83.13429,30.42141],[-83.14164,30.42266],[-83.1483,30.41749],[-83.15446,30.41738],[-83.15971,30.40979],[-83.15543,30.40825],[-83.15846,30.40293],[-83.16541,30.39858],[-83.16431,30.39315],[-83.16903,30.39099],[-83.17097,30.38523]]]},"properties":{"STATEFP":"12","COUNTYFP":"121","COUSUBFP":"91950","COUSUBNS":"01935833","GEOIDFQ":"0600000US1212191950","GEOID":"1212191950","NAME":"Live Oak","NAMELSAD":"Live Oak CCD","STUSPS":"FL","NAMELSADCO":"Suwannee County","STATE_NAME":"Florida","LSAD":"22","ALAND":479118013,"AWATER":2172283}},
{"type":"Feature","geometry":{"type":"Polygon","coordinates":[[[-83.32401,29.7746],[-83.31946,29.77833],[-83.31886,29.82262],[-83.35286,29.82222],[-83.35299,29.88786],[-83.37089,29.88793],[-83.37048,30.00603],[-83.36845,30.12867],[-83.38126,30.12658],[-83.40351,30.12039],[-83.42246,30.10963],[-83.44228,30.10201],[-83.47735,30.09757],[-83.49297,30.09162],[-83.50181,30.08232],[-83.5048,30.08121],[-83.51149,30.06899],[-83.52365,30.06454],[-83.53888,30.06759],[-83.54877,30.06847],[-83.55487,30.06746],[-83.56316,30.06368],[-83.56394,30.05998],[-83.57983,30.06021],[-83.58573,30.05843],[-83.59523,30.06042],[-83.59607,30.05614],[-83.60616,30.05349],[-83.61153,30.04984],[-83.62656,30.04905],[-83.63363,30.05009],[-83.6377,30.05545],[-83.63872,30.06836],[-83.64284,30.0715],[-83.65455,30.07478],[-83.66155,30.07128],[-83.66698,30.07418],[-83.66279,30.08047],[-83.6676,30.08477],[-83.75321,30.13191],[-83.75518,30.12645],[-83.76203,30.11874],[-83.76332,30.11243],[-83.77304,30.10416],[-83.77627,30.09815],[-83.77702,30.09039],[-83.77957,30.08557],[-83.78787,30.08065],[-83.78638,30.07722],[-83.78863,30.05909],[-83.78903,30.04929],[-83.78595,30.03382],[-83.79054,30.03007],[-83.78845,30.02494],[-83.78953,30.01682],[-83.79398,30.01267],[-83.79371,30.00879],[-83.79738,29.99675],[-83.79654,29.98863],[-83.78984,29.98178],[-83.79264,29.97629],[-83.78245,29.97554],[-83.77579,29.97225],[-83.774,29.96808],[-83.76723,29.96813],[-83.76201,29.96082],[-83.75258,29.95569],[-83.74632,29.95783],[-83.73917,29.94921],[-83.72789,29.94097],[-83.71756,29.93724],[-83.71175,29.93327],[-83.69732,29.92784],[-83.68884,29.92216],[-83.68079,29.92157],[-83.67718,29.91158],[-83.67164,29.90979],[-83.65357,29.89465],[-83.63798,29.88607],[-83.63699,29.87646],[-83.63256,29.87387],[-83.62927,29.86344],[-83.61964,29.8476],[-83.61857,29.84234],[-83.6106,29.83667],[-83.60524,29.83639],[-83.60259,29.83048],[-83.59549,29.82798],[-83.59436,29.81855],[-83.58684,29.81894],[-83.5859,29.81175],[-83.58898,29.80533],[-83.5819,29.79206],[-83.58304,29.78731],[-83.58921,29.78326],[-83.57895,29.76838],[-83.58565,29.76139],[-83.57987,29.7592],[-83.57329,29.76325],[-83.56602,29.76143],[-83.5608,29.74924],[-83.55998,29.74303],[-83.55388,29.74112],[-83.54717,29.73222],[-83.54248,29.72815],[-83.52623,29.72115],[-83.51272,29.71648],[-83.50957,29.71241],[-83.50412,29.71372],[-83.49295,29.71269],[-83.48772,29.7003],[-83.48357,29.69854],[-83.48369,29.68821],[-83.47849,29.68757],[-83.45849,29.68048],[-83.45536,29.67644],[-83.44819,29.67525],[-83.44464,29.67716],[-83.43626,29.67739],[-83.42876,29.67501],[-83.42498,29.66953],[-83.4147,29.67054],[-83.40962,29.66844],[-83.39851,29.67394],[-83.38604,29.66889],[-83.38184,29.66959],[-83.37335,29.66595],[-83.3664,29.6657],[-83.36321,29.66824],[-83.36544,29.67583],[-83.36234,29.67841],[-83.35074,29.6953],[-83.35137,29.70669],[-83.34696,29.71507],[-83.34703,29.72351],[-83.3449,29.72681],[-83.34764,29.73386],[-83.34327,29.73713],[-83.34568,29.74349],[-83.33656,29.76072],[-83.33168,29.76188],[-83.32401,29.7746]]]},"properties":{"STATEFP":"12","COUNTYFP":"123","COUSUBFP":"92717","COUSUBNS":"01935896","GEOIDFQ":"0600000US1212392717","GEOID":"1212392717","NAME":"Perry South","NAMELSAD":"Perry South CCD","STUSPS":"FL","NAMELSADCO":"Taylor County","STATE_NAME":"Florida","LSAD":"22","ALAND":1333402301,"AWATER":872387232}},
{"type":"Feature","geometry":{"type":"Polygon","coordinates":[[[-81.43009,30.25224],[-81.43693,30.25234],[-81.43392,30.11509],[-81.42127,30.11439],[-81.4119,30.11628],[-81.40029,30.12285],[-81.38148,30.13559],[-81.37745,30.14286],[-81.37755,30.14988],[-81.37405,30.15536],[-81.36816,30.15992],[-81.35557,30.16248],[-81.37988,30.25291],[-81.43009,30.25224]]]},"properties":{"STATEFP":"12","COUNTYFP":"109","COUSUBFP":"92795","COUSUBNS":"01935902","GEOIDFQ":"0600000US1210992795","GEOID":"1210992795","NAME":"Ponte Vedra","NAMELSAD":"Ponte Vedra CCD","STUSPS":"FL","NAMELSADCO":"St. Johns County","STATE_NAME":"Florida","LSAD":"22","ALAND":84656967,"AWATER":57973276}},
{"type":"Feature","geometry":{"type":"Polygon","coordinates":[[[-81.8189,28.36171],[-81.81944,28.35895],[-81.83156,28.33734],[-81.83329,28.33173],[-81.83656,28.30335],[-81.83588,28.29791],[-81.83007,28.28733],[-81.82729,28.26559],[-81.8228,28.25345],[-81.82087,28.23891],[-81.8204,28.19357],[-81.82089,28.18882],[-81.82468,28.18103],[-81.82756,28.17926],[-81.82282,28.10331],[-81.81825,28.10325],[-81.81863,28.11274],[-81.81113,28.11376],[-81.79696,28.1102],[-81.78929,28.11013],[-81.7893,28.09941],[-81.77293,28.09924],[-81.77265,28.08819],[-81.75514,28.08813],[-81.75514,28.10542],[-81.75643,28.11386],[-81.74945,28.1151],[-81.7397,28.1138],[-81.73928,28.11738],[-81.73169,28.11746],[-81.73119,28.11016],[-81.71282,28.11014],[-81.71287,28.10063],[-81.70255,28.10406],[-81.66135,28.11457],[-81.64814,28.11095],[-81.64303,28.10663],[-81.64721,28.09709],[-81.6497,28.08494],[-81.64882,28.07241],[-81.65408,28.06804],[-81.65652,28.07143],[-81.66884,28.06025],[-81.67092,28.05364],[-81.66658,28.04821],[-81.66369,28.04133],[-81.65818,28.03712],[-81.64974,28.03413],[-81.64984,28.03109],[-81.66486,28.02945],[-81.66513,28.02246],[-81.66101,28.0224],[-81.66088,28.00071],[-81.66388,27.99763],[-81.66064,27.99344],[-81.66075,27.9785],[-81.63061,27.97882],[-81.62806,27.96813],[-81.62208,27.95696],[-81.61187,27.95747],[-81.60487,27.96058],[-81.5947,27.95945],[-81.59484,27.98263],[-81.57872,27.98278],[-81.57862,27.99739],[-81.54592,27.9974],[-81.55031,27.98623],[-81.54496,27.98117],[-81.5383,27.97168],[-81.53843,27.96409],[-81.53294,27.95843],[-81.52444,27.9557],[-81.51559,27.95757],[-81.51011,27.95592],[-81.49935,27.96329],[-81.48442,27.96152],[-81.48055,27.96323],[-81.46739,27.9572],[-81.45987,27.96077],[-81.45378,27.96752],[-81.45007,27.96905],[-81.45264,27.98705],[-81.44347,27.99757],[-81.44392,27.99987],[-81.43685,28.00753],[-81.42455,28.01248],[-81.4292,28.02098],[-81.43245,28.02238],[-81.4403,28.03387],[-81.44834,28.0323],[-81.45849,28.04183],[-81.45997,28.04717],[-81.45745,28.05508],[-81.44336,28.05919],[-81.43541,28.05295],[-81.43253,28.04326],[-81.42804,28.03935],[-81.41786,28.03802],[-81.40585,28.02897],[-81.39397,28.02803],[-81.39205,28.0196],[-81.38569,28.01723],[-81.38248,28.01236],[-81.37648,28.01585],[-81.37901,28.02203],[-81.37556,28.02971],[-81.36372,28.03776],[-81.36186,28.04372],[-81.36446,28.04688],[-81.36681,28.06167],[-81.36501,28.06822],[-81.35349,28.06706],[-81.34634,28.06967],[-81.34719,28.0763],[-81.34642,28.0847],[-81.37479,28.08511],[-81.44496,28.08524],[-81.45576,28.08489],[-81.45621,28.14316],[-81.47328,28.14276],[-81.52423,28.14281],[-81.52408,28.20101],[-81.55746,28.25936],[-81.61355,28.25946],[-81.65719,28.25922],[-81.65688,28.28234],[-81.65727,28.3471],[-81.70608,28.3466],[-81.79073,28.34641],[-81.79089,28.36184],[-81.8189,28.36171]]]},"properties":{"STATEFP":"12","COUNTYFP":"105","COUSUBFP":"91404","COUSUBNS":"01935790","GEOIDFQ":"0600000US1210591404","GEOID":"1210591404","NAME":"Haines City","NAMELSAD":"Haines City CCD","STUSPS":"FL","NAMELSADCO":"Polk County","STATE_NAME":"Florida","LSAD":"22","ALAND":953901936,"AWATER":89935990}},
{"type":"Feature","geometry":{"type":"Polygon","coordinates":[[[-81.64192,29.27677],[-81.64777,29.28601],[-81.64844,29.29017],[-81.65568,29.29994],[-81.66006,29.29916],[-81.66788,29.30149],[-81.67552,29.31063],[-81.6809,29.32443],[-81.6804,29.3304],[-81.6754,29.33865],[-81.66402,29.34124],[-81.65772,29.34803],[-81.66125,29.35296],[-81.66114,29.36006],[-81.66852,29.3717],[-81.69611,29.37098],[-81.74142,29.37105],[-81.74131,29.40439],[-81.74183,29.42994],[-81.7749,29.42925],[-81.77594,29.47578],[-81.7762,29.48745],[-81.81281,29.48651],[-81.84278,29.48653],[-81.84301,29.521],[-81.86115,29.51489],[-81.87343,29.51504],[-81.88602,29.51267],[-81.88794,29.5092],[-81.89657,29.51508],[-81.90669,29.51424],[-81.90701,29.50925],[-81.91182,29.50397],[-81.91366,29.48993],[-81.91007,29.47799],[-81.91715,29.4675],[-81.922,29.4516],[-81.92533,29.44792],[-81.92437,29.43878],[-81.92606,29.42954],[-81.92896,29.42769],[-81.91936,29.41772],[-81.91762,29.41249],[-81.90644,29.40311],[-81.90444,29.39538],[-81.90069,29.39378],[-81.90234,29.38736],[-81.90166,29.372],[-81.89325,29.36522],[-81.89414,29.36015],[-81.8896,29.3536],[-81.88857,29.34747],[-81.88512,29.3459],[-81.8854,29.33947],[-81.89329,29.32657],[-81.89479,29.31925],[-81.89964,29.31768],[-81.90851,29.30939],[-81.90812,29.3058],[-81.91474,29.30037],[-81.91928,29.29385],[-81.92593,29.28971],[-81.93047,29.28904],[-81.93784,29.28169],[-81.9407,29.26889],[-81.94644,29.26827],[-81.95288,29.26437],[-81.95468,29.26005],[-81.96587,29.25234],[-81.96572,29.24479],[-81.97064,29.23764],[-81.97352,29.23002],[-81.98261,29.22463],[-81.98808,29.21132],[-81.99522,29.20157],[-81.99325,29.18435],[-81.98607,29.17165],[-81.98685,29.16989],[-81.98247,29.15874],[-81.97743,29.15252],[-81.97016,29.15157],[-81.96044,29.14504],[-81.9514,29.13715],[-81.94975,29.12278],[-81.94024,29.11659],[-81.94067,29.11229],[-81.9345,29.10794],[-81.93513,29.1015],[-81.92569,29.09692],[-81.91521,29.0944],[-81.90958,29.09618],[-81.90399,29.08773],[-81.88529,29.08203],[-81.88039,29.07835],[-81.87267,29.07619],[-81.86704,29.07069],[-81.86665,29.0595],[-81.86198,29.05016],[-81.8485,29.03354],[-81.84845,29.02048],[-81.84574,29.01609],[-81.84847,29.01024],[-81.84836,29.00385],[-81.83623,28.99136],[-81.83596,28.98641],[-81.83984,28.97931],[-81.8429,28.9685],[-81.84219,28.96102],[-81.76165,28.96093],[-81.71909,28.9611],[-81.69607,28.96007],[-81.6587,28.96035],[-81.65916,29.00026],[-81.6592,29.04776],[-81.6387,29.04776],[-81.64052,29.1316],[-81.6419,29.25045],[-81.64192,29.27677]]]},"properties":{"STATEFP":"12","COUNTYFP":"083","COUSUBFP":"90897","COUSUBNS":"01935751","GEOIDFQ":"0600000US1208390897","GEOID":"1208390897","NAME":"East Marion","NAMELSAD":"East Marion CCD","STUSPS":"FL","NAMELSADCO":"Marion County","STATE_NAME":"Florida","LSAD":"22","ALAND":1291418530,"AWATER":101657302}},
{"type":"Feature","geometry":{"type":"Polygon","coordinates":[[[-82.16978,28.79672],[-82.17931,28.80332],[-82.18276,28.817],[-82.1826,28.82179],[-82.18697,28.82631],[-82.19121,28.82683],[-82.20498,28.83475],[-82.2067,28.84003],[-82.21223,28.84273],[-82.2224,28.85274],[-82.23195,28.85658],[-82.23622,28.86058],[-82.23696,28.86516],[-82.24253,28.87681],[-82.25103,28.88115],[-82.2621,28.88927],[-82.26566,28.89034],[-82.27358,28.89722],[-82.27625,28.90167],[-82.27732,28.91055],[-82.28859,28.92879],[-82.28999,28.93559],[-82.29594,28.9384],[-82.29709,28.94835],[-82.30511,28.95254],[-82.3117,28.96039],[-82.3134,28.96948],[-82.3177,28.97342],[-82.32967,28.97895],[-82.34136,28.98778],[-82.34961,28.98867],[-82.35239,28.99124],[-82.36157,28.99365],[-82.36641,29.00262],[-82.37345,29.00237],[-82.38586,29.00808],[-82.3935,29.00801],[-82.39758,29.01149],[-82.39768,29.01701],[-82.41823,29.01305],[-82.42047,29.01854],[-82.4296,29.02133],[-82.43653,29.02769],[-82.44178,29.03548],[-82.45835,29.04435],[-82.46433,29.04519],[-82.46836,29.03054],[-82.44724,29.03111],[-82.4306,29.01491],[-82.42046,29.00925],[-82.4108,29.00531],[-82.41082,28.99115],[-82.40296,28.99088],[-82.40536,28.98391],[-82.42017,28.98506],[-82.41896,28.97647],[-82.42337,28.97592],[-82.42075,28.96581],[-82.42735,28.9649],[-82.44012,28.95556],[-82.44822,28.9413],[-82.4742,28.91288],[-82.48986,28.8809],[-82.48819,28.86883],[-82.4878,28.8517],[-82.48767,28.8045],[-82.48334,28.79927],[-82.45424,28.79435],[-82.45067,28.79084],[-82.45054,28.77716],[-82.45174,28.77213],[-82.45142,28.69481],[-82.41835,28.69486],[-82.41778,28.6659],[-82.35988,28.66595],[-82.32269,28.66685],[-82.26842,28.66692],[-82.26305,28.66763],[-82.26045,28.6722],[-82.25997,28.68272],[-82.25402,28.68962],[-82.24847,28.70186],[-82.25107,28.70579],[-82.24908,28.71777],[-82.23268,28.73071],[-82.23136,28.73608],[-82.2135,28.74743],[-82.2107,28.75406],[-82.20617,28.75716],[-82.19902,28.75731],[-82.19547,28.76007],[-82.18944,28.75897],[-82.18388,28.76276],[-82.18312,28.76976],[-82.18837,28.77224],[-82.18831,28.77678],[-82.18415,28.78332],[-82.17085,28.79019],[-82.16978,28.79672]]]},"properties":{"STATEFP":"12","COUNTYFP":"017","COUSUBFP":"91625","COUSUBNS":"01935808","GEOIDFQ":"0600000US1201791625","GEOID":"1201791625","NAME":"Inverness","NAMELSAD":"Inverness CCD","STUSPS":"FL","NAMELSADCO":"Citrus County","STATE_NAME":"Florida","LSAD":"22","ALAND":674222691,"AWATER":93134074}},
{"type":"Feature","geometry":{"type":"Polygon","coordinates":[[[-85.15959,30.46469],[-85.16005,30.4601],[-85.16443,30.45396],[-85.16075,30.45195],[-85.15806,30.4419],[-85.16074,30.4364],[-85.16606,30.43243],[-85.17188,30.43108],[-85.17311,30.42611],[-85.17004,30.41771],[-85.16234,30.41083],[-85.16221,30.40112],[-85.15838,30.39995],[-85.15906,30.3901],[-85.16296,30.38765],[-85.16434,30.38228],[-85.16134,30.375],[-85.16374,30.37265],[-85.1605,30.36691],[-85.16084,30.36133],[-85.15717,30.35803],[-85.15537,30.35058],[-85.14836,30.34556],[-85.15453,30.34064],[-85.1481,30.33632],[-85.14688,30.33135],[-85.15033,30.32144],[-85.14776,30.3187],[-85.14599,30.30734],[-85.14956,30.30159],[-85.14685,30.29831],[-85.14788,30.29227],[-85.14227,30.28161],[-85.14405,30.27733],[-85.15638,30.27097],[-85.15833,30.26385],[-85.16623,30.26048],[-85.16424,30.2561],[-85.16566,30.24668],[-85.17387,30.2444],[-85.1916,30.23434],[-85.19402,30.22872],[-85.19006,30.22201],[-85.18935,30.21695],[-85.19128,30.2008],[-85.11566,30.19998],[-85.11888,30.20701],[-85.11647,30.21066],[-85.10947,30.21059],[-85.112,30.2161],[-85.10849,30.21816],[-85.10486,30.21263],[-85.09954,30.21371],[-85.09951,30.21966],[-85.09059,30.22364],[-85.09102,30.22969],[-85.08134,30.22853],[-85.07965,30.23155],[-85.08326,30.23865],[-85.07846,30.2425],[-85.07677,30.25099],[-85.06926,30.2502],[-85.06861,30.25748],[-85.05971,30.26155],[-85.06395,30.27086],[-85.05807,30.27754],[-85.06002,30.28403],[-85.05278,30.28741],[-85.05725,30.3013],[-85.05499,30.30483],[-85.04717,30.30422],[-85.05046,30.31013],[-85.04815,30.31267],[-85.03656,30.31037],[-85.03426,30.31431],[-85.04627,30.32017],[-85.04438,30.32636],[-85.04553,30.3314],[-85.04974,30.33654],[-85.04549,30.34367],[-85.04277,30.35247],[-85.03726,30.35801],[-85.0279,30.36084],[-85.02902,30.36539],[-85.03857,30.36563],[-85.0402,30.37209],[-85.03124,30.37866],[-85.02624,30.37559],[-85.02122,30.38198],[-85.01525,30.38582],[-85.01457,30.39427],[-85.01716,30.39687],[-85.02741,30.3982],[-85.0273,30.4056],[-85.01427,30.40902],[-85.01553,30.41317],[-85.02942,30.41301],[-85.03293,30.4203],[-85.02701,30.42715],[-85.01518,30.43436],[-84.9832,30.44184],[-84.98281,30.44763],[-84.99343,30.44493],[-85.00153,30.44978],[-84.99992,30.4562],[-84.98691,30.46571],[-84.98831,30.47212],[-84.99992,30.47242],[-85.00324,30.47881],[-84.99576,30.48599],[-84.99101,30.5043],[-84.99292,30.5147],[-84.99228,30.51932],[-85.00247,30.522],[-85.00752,30.52522],[-85.02127,30.52503],[-85.03228,30.52892],[-85.03838,30.52629],[-85.04307,30.51901],[-85.04996,30.51788],[-85.04668,30.50208],[-85.06328,30.50358],[-85.07297,30.50259],[-85.08565,30.4983],[-85.1031,30.5019],[-85.11338,30.50633],[-85.1184,30.50553],[-85.14062,30.5055],[-85.14189,30.49217],[-85.14087,30.47787],[-85.14833,30.466],[-85.15959,30.46469]]]},"properties":{"STATEFP":"12","COUNTYFP":"013","COUSUBFP":"90169","COUSUBNS":"01935694","GEOIDFQ":"0600000US1201390169","GEOID":"1201390169","NAME":"Blountstown","NAMELSAD":"Blountstown CCD","STUSPS":"FL","NAMELSADCO":"Calhoun County","STATE_NAME":"Florida","LSAD":"22","ALAND":390315343,"AWATER":10375495}},
{"type":"Feature","geometry":{"type":"MultiPolygon","coordinates":[[[[-84.66189,29.8371],[-84.65459,29.83595],[-84.6527,29.84351],[-84.64336,29.84986],[-84.63642,29.85289],[-84.63368,29.85629],[-84.62491,29.86042],[-84.61315,29.86798],[-84.6033,29.87612],[-84.5937,29.88096],[-84.56807,29.89147],[-84.53587,29.91009],[-84.51041,29.91634],[-84.50079,29.91609],[-84.49456,29.91396],[-84.49202,29.90987],[-84.48454,29.91626],[-84.47032,29.92452],[-84.46018,29.92779],[-84.4517,29.92909],[-84.44877,29.92161],[-84.4408,29.91296],[-84.4332,29.9075],[-84.42334,29.90328],[-84.40496,29.90123],[-84.38086,29.89371],[-84.37202,29.89405],[-84.35856,29.89672],[-84.3517,29.89638],[-84.34446,29.89903],[-84.33595,29.91296],[-84.33375,29.92372],[-84.33651,29.94251],[-84.33862,29.94649],[-84.34422,29.94707],[-84.35191,29.95142],[-84.36083,29.95416],[-84.36807,29.95148],[-84.37212,29.95251],[-84.38115,29.96075],[-84.40432,29.95982],[-84.40836,29.96342],[-84.41782,29.9655],[-84.42619,29.96003],[-84.4389,29.96023],[-84.44259,29.96219],[-84.44199,29.96785],[-84.43653,29.9697],[-84.43257,29.9762],[-84.43628,29.97898],[-84.44419,29.9818],[-84.45249,29.97125],[-84.4584,29.9752],[-84.45885,29.98869],[-84.46161,29.99648],[-84.46771,30.00185],[-84.47674,29.99967],[-84.48709,29.98846],[-84.49151,29.98712],[-84.51413,29.98908],[-84.51195,29.98338],[-84.51409,29.98048],[-84.52174,29.98075],[-84.52469,29.98665],[-84.51896,29.99513],[-84.52501,30.00522],[-84.53122,30.00737],[-84.54124,30.0024],[-84.54821,30.00619],[-84.54445,30.01103],[-84.60214,30.01092],[-84.6249,30.01146],[-84.76097,30.01149],[-84.75602,30.00945],[-84.75689,30.00542],[-84.7489,29.99325],[-84.73877,29.99034],[-84.73576,29.98389],[-84.72792,29.97645],[-84.72798,29.96603],[-84.72617,29.96271],[-84.71937,29.96025],[-84.71855,29.95478],[-84.723,29.94993],[-84.72744,29.94955],[-84.7284,29.94436],[-84.73663,29.93275],[-84.73247,29.9284],[-84.73014,29.91928],[-84.73039,29.91147],[-84.72745,29.90907],[-84.73375,29.89775],[-84.73127,29.89401],[-84.73882,29.89034],[-84.73783,29.88025],[-84.73014,29.88252],[-84.7213,29.87924],[-84.71568,29.88082],[-84.71191,29.87371],[-84.7056,29.87015],[-84.6944,29.87227],[-84.69385,29.86693],[-84.6853,29.86402],[-84.67757,29.86682],[-84.67358,29.86434],[-84.67607,29.8581],[-84.68556,29.85705],[-84.68753,29.85098],[-84.67122,29.85202],[-84.66631,29.85079],[-84.66459,29.84022],[-84.66189,29.8371]]],[[[-84.67468,29.78623],[-84.67207,29.77958],[-84.66791,29.7779],[-84.65923,29.77926],[-84.62374,29.7885],[-84.61027,29.79484],[-84.58282,29.80598],[-84.57408,29.814],[-84.57212,29.81867],[-84.57248,29.82846],[-84.58032,29.82691],[-84.5821,29.82293],[-84.59126,29.81588],[-84.60306,29.81165],[-84.61122,29.80041],[-84.62453,29.7901],[-84.63487,29.78804],[-84.64409,29.78967],[-84.64854,29.78371],[-84.66193,29.78172],[-84.67181,29.78656],[-84.67468,29.78623]]]]},"properties":{"STATEFP":"12","COUNTYFP":"037","COUSUBFP":"90429","COUSUBNS":"01935714","GEOIDFQ":"0600000US1203790429","GEOID":"1203790429","NAME":"Carrabelle","NAMELSAD":"Carrabelle CCD","STUSPS":"FL","NAMELSADCO":"Franklin County","STATE_NAME":"Florida","LSAD":"22","ALAND":417278304,"AWATER":718257927}},
{"type":"Feature","geometry":{"type":"Polygon","coordinates":[[[-84.52589,30.69596],[-84.53252,30.69062],[-84.53448,30.686],[-84.53083,30.67782],[-84.53026,30.67049],[-84.53154,30.65611],[-84.53004,30.65204],[-84.52479,30.65123],[-84.51365,30.64652],[-84.50133,30.63895],[-84.49837,30.62993],[-84.49335,30.62794],[-84.48973,30.61701],[-84.48515,30.61107],[-84.48721,30.60248],[-84.49572,30.58817],[-84.49852,30.58567],[-84.50204,30.57529],[-84.51022,30.57123],[-84.51553,30.56197],[-84.51166,30.54907],[-84.51098,30.54114],[-84.51714,30.53088],[-84.51617,30.52328],[-84.5178,30.51573],[-84.52457,30.51051],[-84.52084,30.50211],[-84.52815,30.48663],[-84.53622,30.47975],[-84.53884,30.4738],[-84.54017,30.46166],[-84.539,30.45405],[-84.53455,30.44423],[-84.53057,30.4398],[-84.52697,30.44641],[-84.52018,30.45148],[-84.51133,30.45029],[-84.49917,30.45305],[-84.49531,30.4603],[-84.48571,30.45642],[-84.48101,30.45913],[-84.47676,30.45741],[-84.46771,30.4593],[-84.46051,30.45591],[-84.45261,30.46238],[-84.44742,30.4607],[-84.43789,30.46124],[-84.43037,30.46588],[-84.42274,30.46352],[-84.41372,30.47052],[-84.40293,30.47577],[-84.4027,30.4801],[-84.39741,30.48501],[-84.39633,30.4899],[-84.40053,30.49409],[-84.40313,30.50205],[-84.4038,30.50989],[-84.39855,30.51215],[-84.39066,30.52144],[-84.3883,30.52622],[-84.39159,30.53149],[-84.38747,30.54498],[-84.38828,30.54933],[-84.38423,30.55383],[-84.37906,30.55929],[-84.38159,30.56501],[-84.37838,30.57347],[-84.37257,30.57527],[-84.3714,30.58111],[-84.36096,30.58412],[-84.35542,30.59119],[-84.34859,30.59175],[-84.34277,30.59807],[-84.3329,30.59696],[-84.33093,30.60429],[-84.32504,30.61728],[-84.3146,30.62419],[-84.3155,30.626],[-84.30504,30.6347],[-84.29993,30.64262],[-84.29938,30.65353],[-84.3025,30.65913],[-84.29921,30.66126],[-84.30532,30.67021],[-84.30305,30.67479],[-84.28933,30.68343],[-84.28256,30.68532],[-84.3749,30.68979],[-84.47441,30.69279],[-84.52589,30.69596]]]},"properties":{"STATEFP":"12","COUNTYFP":"039","COUSUBFP":"91456","COUSUBNS":"01935794","GEOIDFQ":"0600000US1203991456","GEOID":"1203991456","NAME":"Havana","NAMELSAD":"Havana CCD","STUSPS":"FL","NAMELSADCO":"Gadsden County","STATE_NAME":"Florida","LSAD":"22","ALAND":383817581,"AWATER":9236286}},
{"type":"Feature","geometry":{"type":"Polygon","coordinates":[[[-85.02544,29.9714],[-85.02725,29.98212],[-85.0298,29.98741],[-85.03664,29.99053],[-85.04462,29.98844],[-85.05062,29.99099],[-85.054,30.00128],[-85.05821,30.00393],[-85.07192,30.0048],[-85.07366,30.00756],[-85.08098,30.0102],[-85.08524,30.01469],[-85.09011,30.01217],[-85.09316,30.01573],[-85.09898,30.01532],[-85.10071,30.02119],[-85.11369,30.02317],[-85.11911,30.02891],[-85.13121,30.03797],[-85.129,30.04255],[-85.13525,30.04327],[-85.13689,30.06382],[-85.13254,30.06643],[-85.13835,30.07278],[-85.13441,30.08022],[-85.13719,30.08656],[-85.15377,30.09129],[-85.15032,30.09686],[-85.14493,30.0994],[-85.14908,30.1105],[-85.13989,30.11087],[-85.14185,30.11545],[-85.133,30.11498],[-85.13323,30.12093],[-85.14303,30.12174],[-85.1446,30.12903],[-85.13736,30.13473],[-85.13845,30.14634],[-85.13318,30.15949],[-85.13751,30.16681],[-85.13867,30.17255],[-85.13394,30.17599],[-85.13363,30.18178],[-85.12784,30.18299],[-85.12351,30.19238],[-85.11566,30.19998],[-85.19128,30.2008],[-85.34033,30.20059],[-85.38626,30.20139],[-85.38968,30.20097],[-85.38995,30.18822],[-85.38963,30.14519],[-85.3903,30.12143],[-85.39009,30.09776],[-85.3913,30.02764],[-85.38031,30.02387],[-85.37786,30.01614],[-85.37973,30.0128],[-85.37344,30.00781],[-85.36931,29.99451],[-85.36971,29.99102],[-85.37846,29.97986],[-85.37852,29.97706],[-85.37091,29.9678],[-85.35773,29.95917],[-85.35319,29.9582],[-85.34166,29.96039],[-85.32275,29.95641],[-85.31445,29.94978],[-85.30059,29.94234],[-85.29904,29.93999],[-85.29636,29.92394],[-85.29303,29.91737],[-85.2858,29.91268],[-85.27753,29.90169],[-85.26014,29.89114],[-85.23973,29.88423],[-85.23097,29.88365],[-85.22249,29.87994],[-85.16653,29.9769],[-85.16723,29.9828],[-85.17218,29.99939],[-85.16809,30.00183],[-85.15372,30.00591],[-85.14477,30.00084],[-85.13292,30.00094],[-85.1277,29.9997],[-85.11987,29.99092],[-85.1125,29.98681],[-85.09227,29.96964],[-85.07633,29.97243],[-85.06791,29.97841],[-85.05985,29.96926],[-85.05623,29.97061],[-85.0417,29.96533],[-85.03949,29.96235],[-85.03313,29.96168],[-85.02647,29.95284],[-85.01972,29.95348],[-85.02337,29.96216],[-85.02544,29.9714]]]},"properties":{"STATEFP":"12","COUNTYFP":"045","COUSUBFP":"93640","COUSUBNS":"01935972","GEOIDFQ":"0600000US1204593640","GEOID":"1204593640","NAME":"Wewahitchka","NAMELSAD":"Wewahitchka CCD","STUSPS":"FL","NAMELSADCO":"Gulf County","STATE_NAME":"Florida","LSAD":"22","ALAND":723612329,"AWATER":19440371}},
{"type":"Feature","geometry":{"type":"Polygon","coordinates":[[[-84.31716,30.44857],[-84.3144,30.44046],[-84.31579,30.43064],[-84.31038,30.42804],[-84.30228,30.42735],[-84.30341,30.41264],[-84.26393,30.41254],[-84.26384,30.40535],[-84.25162,30.41203],[-84.24952,30.4284],[-84.25604,30.43489],[-84.26173,30.43693],[-84.26266,30.45633],[-84.27648,30.45627],[-84.27723,30.46364],[-84.28243,30.46368],[-84.3135,30.46354],[-84.31346,30.44906],[-84.31716,30.44857]]]},"properties":{"STATEFP":"12","COUNTYFP":"073","COUSUBFP":"93295","COUSUBNS":"01935944","GEOIDFQ":"0600000US1207393295","GEOID":"1207393295","NAME":"Tallahassee Central","NAMELSAD":"Tallahassee Central CCD","STUSPS":"FL","NAMELSADCO":"Leon County","STATE_NAME":"Florida","LSAD":"22","ALAND":28703414,"AWATER":269396}},
{"type":"Feature","geometry":{"type":"MultiPolygon","coordinates":[[[[-83.16695,29.28859],[-83.16157,29.2857],[-83.15505,29.29148],[-83.15153,29.29197],[-83.1381,29.28406],[-83.12803,29.28273],[-83.12557,29.27885],[-83.11384,29.27794],[-83.10342,29.27159],[-83.09721,29.27234],[-83.08901,29.2665],[-83.07726,29.25533],[-83.07473,29.24798],[-83.08208,29.23933],[-83.08077,29.23438],[-83.08674,29.22468],[-83.08784,29.21642],[-83.08609,29.20952],[-83.07369,29.18595],[-83.06774,29.1789],[-83.06584,29.16458],[-83.06825,29.15314],[-83.06465,29.14237],[-83.06085,29.14797],[-83.05687,29.14626],[-83.058,29.13905],[-83.05654,29.12991],[-83.05316,29.12675],[-83.04825,29.1297],[-83.04778,29.13386],[-83.04136,29.13759],[-83.03443,29.13347],[-83.02092,29.13946],[-83.01363,29.15452],[-83.00318,29.15732],[-82.99964,29.16332],[-82.99858,29.17412],[-82.97468,29.17091],[-82.9453,29.16782],[-82.9324,29.16789],[-82.92261,29.16977],[-82.91171,29.1673],[-82.90708,29.16476],[-82.8764,29.15942],[-82.85818,29.16228],[-82.84147,29.15878],[-82.83422,29.15492],[-82.82707,29.15843],[-82.82246,29.15794],[-82.82056,29.16229],[-82.8139,29.1625],[-82.80701,29.15254],[-82.80474,29.14662],[-82.80673,29.13628],[-82.8057,29.12985],[-82.80845,29.12561],[-82.80275,29.12103],[-82.80178,29.11662],[-82.80772,29.10852],[-82.81287,29.10651],[-82.81536,29.10203],[-82.82366,29.0989],[-82.81461,29.08713],[-82.81557,29.07301],[-82.8082,29.0728],[-82.79985,29.07498],[-82.78348,29.06927],[-82.7849,29.06491],[-82.80582,29.05722],[-82.80487,29.05431],[-82.78847,29.05722],[-82.77706,29.05743],[-82.76375,29.05452],[-82.76161,29.05161],[-82.75733,29.03416],[-82.75351,29.0265],[-82.75828,29.01919],[-82.75938,29.00662],[-82.76405,28.99971],[-82.75942,28.99241],[-82.75448,28.99792],[-82.75542,29.00187],[-82.74818,29.00506],[-82.73969,29.01245],[-82.72692,29.01787],[-82.71934,29.02612],[-82.71204,29.03083],[-82.70596,29.03077],[-82.68981,29.03396],[-82.68354,29.03056],[-82.67691,29.03026],[-82.67547,29.0262],[-82.65269,29.02304],[-82.63897,29.01825],[-82.63094,29.01648],[-82.62904,29.01399],[-82.61265,29.00927],[-82.60213,29.01345],[-82.60168,29.02129],[-82.59788,29.02793],[-82.59362,29.03004],[-82.58359,29.02798],[-82.57697,29.02807],[-82.5727,29.03238],[-82.56389,29.03588],[-82.55674,29.03361],[-82.54582,29.04179],[-82.53808,29.04225],[-82.53559,29.04486],[-82.53501,29.05379],[-82.53589,29.13106],[-82.53478,29.15012],[-82.53486,29.21468],[-82.56949,29.21475],[-82.57476,29.21065],[-82.58262,29.2085],[-82.58191,29.26055],[-82.58254,29.26502],[-82.59322,29.29887],[-82.61033,29.37013],[-82.61068,29.38796],[-82.61592,29.40102],[-82.62442,29.39023],[-82.63259,29.38596],[-82.63817,29.39415],[-82.65208,29.39245],[-82.66013,29.39332],[-82.66471,29.39132],[-82.68408,29.38924],[-82.68626,29.39208],[-82.69839,29.395],[-82.73475,29.35456],[-82.73694,29.3592],[-82.73295,29.36566],[-82.73656,29.36797],[-82.7393,29.37534],[-82.73704,29.3804],[-82.74211,29.37922],[-82.74283,29.375],[-82.75334,29.36813],[-82.76272,29.35745],[-82.76669,29.34295],[-82.76702,29.33654],[-82.77948,29.328],[-82.78412,29.31891],[-82.79459,29.31313],[-82.80253,29.32359],[-82.81561,29.32951],[-82.82114,29.32611],[-82.83275,29.32697],[-82.84228,29.32483],[-82.84859,29.31956],[-82.86313,29.31316],[-82.86835,29.31488],[-82.88257,29.31627],[-82.8923,29.31307],[-82.90231,29.31605],[-82.90565,29.31967],[-82.90987,29.31514],[-82.91345,29.30636],[-82.92258,29.28896],[-82.92659,29.28656],[-82.93482,29.28683],[-82.94314,29.28222],[-82.95413,29.28145],[-82.95782,29.27963],[-82.97319,29.27631],[-82.98306,29.27186],[-82.98817,29.27406],[-82.99461,29.27247],[-82.99994,29.2788],[-83.00809,29.28545],[-83.00965,29.29044],[-83.02911,29.29276],[-83.0326,29.29688],[-83.03278,29.31259],[-83.03074,29.32222],[-83.03182,29.32662],[-83.04293,29.33974],[-83.04441,29.34448],[-83.04181,29.35566],[-83.03913,29.36138],[-83.03729,29.37407],[-83.04695,29.3767],[-83.04863,29.37914],[-83.05686,29.37834],[-83.06465,29.37398],[-83.06593,29.36848],[-83.06326,29.36182],[-83.07064,29.35735],[-83.06992,29.35281],[-83.06141,29.35268],[-83.06053,29.34946],[-83.06852,29.34395],[-83.0822,29.33986],[-83.09039,29.33275],[-83.0988,29.33687],[-83.10452,29.32544],[-83.11189,29.32468],[-83.11295,29.31814],[-83.11952,29.31715],[-83.13957,29.32399],[-83.14332,29.32125],[-83.14617,29.3113],[-83.15081,29.30543],[-83.15806,29.30224],[-83.16482,29.28916],[-83.16695,29.28859]]],[[[-83.03447,29.12534],[-83.03447,29.12181],[-83.02654,29.11788],[-83.02386,29.12403],[-83.02781,29.127],[-83.03447,29.12534]]],[[[-83.07596,29.10163],[-83.07072,29.09661],[-83.06537,29.09565],[-83.05993,29.09966],[-83.0618,29.1025],[-83.07596,29.10163]]],[[[-83.09341,29.13178],[-83.09009,29.12638],[-83.09025,29.11872],[-83.08565,29.12019],[-83.0826,29.12892],[-83.08842,29.13489],[-83.09341,29.13178]]]]},"properties":{"STATEFP":"12","COUNTYFP":"075","COUSUBFP":"90468","COUSUBNS":"01935717","GEOIDFQ":"0600000US1207590468","GEOID":"1207590468","NAME":"Cedar Key-Yankeetown","NAMELSAD":"Cedar Key-Yankeetown CCD","STUSPS":"FL","NAMELSADCO":"Levy County","STATE_NAME":"Florida","LSAD":"22","ALAND":1318288206,"AWATER":1195316703}},
{"type":"Feature","geometry":{"type":"Polygon","coordinates":[[[-84.76097,30.01149],[-84.6249,30.01146],[-84.60214,30.01092],[-84.54445,30.01103],[-84.55057,30.01461],[-84.55569,30.01478],[-84.55838,30.02212],[-84.56618,30.01739],[-84.57246,30.01964],[-84.59105,30.02964],[-84.59881,30.03787],[-84.59419,30.04231],[-84.60392,30.04634],[-84.60978,30.05972],[-84.61604,30.06536],[-84.62113,30.06651],[-84.63016,30.06495],[-84.63508,30.07164],[-84.63559,30.0774],[-84.64241,30.08329],[-84.64257,30.08736],[-84.65455,30.09992],[-84.65052,30.10124],[-84.64844,30.10808],[-84.66081,30.1202],[-84.66432,30.1202],[-84.66926,30.1252],[-84.66757,30.13478],[-84.67216,30.1409],[-84.66962,30.14446],[-84.67254,30.15041],[-84.669,30.15311],[-84.67062,30.15756],[-84.66764,30.16144],[-84.66949,30.16569],[-84.66834,30.18259],[-84.67825,30.18809],[-84.67809,30.19544],[-84.67596,30.20074],[-84.68144,30.20219],[-84.68014,30.20676],[-84.68187,30.21771],[-84.68764,30.22226],[-84.69272,30.22214],[-84.69549,30.22733],[-84.70103,30.23197],[-84.69724,30.23715],[-84.6999,30.24612],[-84.70554,30.2518],[-84.71222,30.25044],[-84.72661,30.25672],[-84.73785,30.26565],[-84.73058,30.26969],[-84.73084,30.28044],[-84.72921,30.28744],[-84.71335,30.30017],[-84.70845,30.31015],[-84.70102,30.31904],[-84.7095,30.32349],[-84.71514,30.33014],[-84.70195,30.33865],[-84.70199,30.34211],[-84.68536,30.34992],[-84.68541,30.35561],[-84.68123,30.36153],[-84.6794,30.36824],[-84.67048,30.36414],[-84.66334,30.37244],[-84.66358,30.3784],[-84.64641,30.38828],[-84.68063,30.38797],[-84.68052,30.41727],[-84.71412,30.4172],[-84.7141,30.4604],[-84.74142,30.46031],[-84.78111,30.45979],[-84.78179,30.51673],[-84.7888,30.51625],[-84.79473,30.51332],[-84.80554,30.51246],[-84.81333,30.50936],[-84.81922,30.50447],[-84.8226,30.49615],[-84.82203,30.49212],[-84.82691,30.48742],[-84.82482,30.48204],[-84.83185,30.47276],[-84.83836,30.46922],[-84.84506,30.45958],[-84.85329,30.45275],[-84.87023,30.44613],[-84.87733,30.44717],[-84.88225,30.44468],[-84.89361,30.44293],[-84.89993,30.43902],[-84.9047,30.43964],[-84.92073,30.4299],[-84.92763,30.42819],[-84.93127,30.42307],[-84.93718,30.42144],[-84.94343,30.41464],[-84.94709,30.40268],[-84.95369,30.39156],[-84.95099,30.37863],[-84.95355,30.36814],[-84.95029,30.36569],[-84.95099,30.35977],[-84.93626,30.35157],[-84.91983,30.35021],[-84.90927,30.35403],[-84.89812,30.35584],[-84.8926,30.36154],[-84.88232,30.36143],[-84.87539,30.36507],[-84.86704,30.36529],[-84.86317,30.35802],[-84.86366,30.35419],[-84.86856,30.3516],[-84.87088,30.34458],[-84.87984,30.33355],[-84.88792,30.32599],[-84.89046,30.32109],[-84.89643,30.31848],[-84.9001,30.31154],[-84.90522,30.307],[-84.90697,30.30212],[-84.90307,30.29145],[-84.90254,30.28238],[-84.89921,30.27851],[-84.89921,30.27283],[-84.89604,30.2687],[-84.90194,30.25968],[-84.90358,30.2528],[-84.90018,30.2451],[-84.89587,30.24172],[-84.89663,30.2379],[-84.8912,30.21924],[-84.90298,30.20753],[-84.93444,30.18458],[-84.98712,30.13362],[-84.9894,30.1278],[-84.98328,30.08358],[-84.98356,30.02946],[-84.97991,30.02281],[-84.97897,30.01379],[-84.76257,30.01144],[-84.76097,30.01149]]]},"properties":{"STATEFP":"12","COUNTYFP":"077","COUSUBFP":"90884","COUSUBNS":"01935750","GEOIDFQ":"0600000US1207790884","GEOID":"1207790884","NAME":"East Liberty","NAMELSAD":"East Liberty CCD","STUSPS":"FL","NAMELSADCO":"Liberty County","STATE_NAME":"Florida","LSAD":"22","ALAND":1265124412,"AWATER":3934968}},
{"type":"Feature","geometry":{"type":"Polygon","coordinates":[[[-81.32982,29.26228],[-81.32743,29.25751],[-81.32039,29.25281],[-81.32256,29.24812],[-81.317,29.24299],[-81.31294,29.23114],[-81.31062,29.22822],[-81.31229,29.22129],[-81.30682,29.21514],[-81.30435,29.20486],[-81.29731,29.18997],[-81.2911,29.18737],[-81.28462,29.17634],[-81.27591,29.17042],[-81.26023,29.14738],[-81.255,29.13443],[-81.25604,29.12807],[-81.25371,29.11549],[-81.23649,29.10812],[-81.23016,29.10779],[-81.2173,29.09989],[-81.21694,29.06296],[-81.20414,29.06304],[-81.19877,29.05226],[-81.19808,29.0448],[-81.20039,29.03109],[-81.1982,29.01215],[-81.19396,29.00026],[-81.18622,28.9903],[-81.18521,28.97998],[-81.18098,28.97643],[-81.16573,28.9598],[-81.16153,28.95212],[-81.16146,28.93128],[-81.15071,28.92116],[-81.14278,28.90558],[-81.12573,28.89468],[-81.12102,28.8944],[-81.1139,28.88868],[-81.11522,28.87932],[-81.11151,28.87663],[-81.10638,28.86464],[-81.10038,28.8583],[-81.09603,28.84858],[-81.09167,28.84735],[-81.08072,28.84979],[-81.07621,28.83444],[-81.06386,28.83244],[-81.05827,28.82545],[-81.05144,28.80353],[-81.05267,28.8001],[-81.05917,28.79494],[-81.05706,28.79045],[-81.05309,28.77356],[-81.06056,28.76199],[-81.06111,28.75],[-81.05768,28.74512],[-81.04095,28.72974],[-81.03722,28.72543],[-81.03755,28.72022],[-81.034,28.71857],[-81.03553,28.71222],[-81.03335,28.70807],[-81.02145,28.70114],[-81.01665,28.69304],[-81.02162,28.68289],[-81.02129,28.67425],[-81.01104,28.66808],[-81.00723,28.66345],[-81.00827,28.65875],[-81.00309,28.64813],[-81.00123,28.64105],[-81.0071,28.63633],[-80.99422,28.62165],[-80.98964,28.62477],[-80.98694,28.6183],[-80.98725,28.613],[-80.97422,28.61267],[-80.96463,28.61433],[-80.96789,28.7902],[-80.8993,28.79097],[-80.91485,28.8432],[-80.91927,28.87042],[-80.93078,28.89876],[-80.93926,28.92541],[-80.95897,28.96794],[-81.00537,29.03905],[-81.00694,29.04348],[-81.00879,29.06274],[-81.01076,29.06898],[-81.02174,29.09133],[-81.03242,29.11215],[-81.0575,29.1285],[-81.06436,29.13591],[-81.07557,29.15553],[-81.08859,29.17852],[-81.10301,29.22006],[-81.13078,29.29981],[-81.13166,29.3051],[-81.13099,29.33594],[-81.15258,29.35184],[-81.15008,29.26596],[-81.1958,29.26478],[-81.20945,29.26406],[-81.32982,29.26228]]]},"properties":{"STATEFP":"12","COUNTYFP":"127","COUSUBFP":"90494","COUSUBNS":"01935719","GEOIDFQ":"0600000US1212790494","GEOID":"1212790494","NAME":"Central Volusia","NAMELSAD":"Central Volusia CCD","STUSPS":"FL","NAMELSADCO":"Volusia County","STATE_NAME":"Florida","LSAD":"22","ALAND":1110807851,"AWATER":33532964}},
{"type":"Feature","geometry":{"type":"Polygon","coordinates":[[[-85.86037,30.49731],[-85.85977,30.49013],[-85.86682,30.48764],[-85.87493,30.47583],[-85.87802,30.46685],[-85.88433,30.46537],[-85.88936,30.47114],[-85.89136,30.46264],[-85.89744,30.45351],[-85.90122,30.44385],[-85.90888,30.44271],[-85.91615,30.4385],[-85.93243,30.44164],[-85.93594,30.44525],[-85.94346,30.44364],[-85.95282,30.44417],[-85.96591,30.43646],[-85.97151,30.43587],[-85.98188,30.42952],[-85.98659,30.42352],[-85.98373,30.41848],[-85.98989,30.40858],[-85.9936,30.40508],[-85.99274,30.38932],[-85.98183,30.39219],[-85.97695,30.39841],[-85.96497,30.41071],[-85.95219,30.41242],[-85.94521,30.40842],[-85.94025,30.40862],[-85.92152,30.41583],[-85.91521,30.40948],[-85.90764,30.40582],[-85.89564,30.40981],[-85.88398,30.41025],[-85.87909,30.41247],[-85.87036,30.41976],[-85.86407,30.42804],[-85.86082,30.43721],[-85.8535,30.44062],[-85.82456,30.44136],[-85.81214,30.43993],[-85.70007,30.43907],[-85.66407,30.43908],[-85.64961,30.43851],[-85.60559,30.43831],[-85.60288,30.43794],[-85.5486,30.4373],[-85.48799,30.43702],[-85.48773,30.46128],[-85.48653,30.48786],[-85.48585,30.51945],[-85.48644,30.52426],[-85.48636,30.56757],[-85.43478,30.56756],[-85.43519,30.62477],[-85.43358,30.67055],[-85.43289,30.70114],[-85.43267,30.72847],[-85.45124,30.73141],[-85.4591,30.72694],[-85.46882,30.72712],[-85.47631,30.72353],[-85.4999,30.72383],[-85.4998,30.73253],[-85.50645,30.72974],[-85.51195,30.72149],[-85.50983,30.7142],[-85.5154,30.70478],[-85.52304,30.7002],[-85.53328,30.69748],[-85.53739,30.69434],[-85.54781,30.69707],[-85.55521,30.69467],[-85.56969,30.69501],[-85.57676,30.69219],[-85.58583,30.69148],[-85.59156,30.68896],[-85.60236,30.68149],[-85.61102,30.67848],[-85.62234,30.67687],[-85.63333,30.68141],[-85.64513,30.67855],[-85.64832,30.67452],[-85.65595,30.66955],[-85.66873,30.66561],[-85.67236,30.66066],[-85.68864,30.65381],[-85.68856,30.65041],[-85.69352,30.64654],[-85.69428,30.64015],[-85.70255,30.63767],[-85.70356,30.63398],[-85.71217,30.62688],[-85.7234,30.62559],[-85.73389,30.61552],[-85.73556,30.61144],[-85.74438,30.61141],[-85.74549,30.60822],[-85.75244,30.60696],[-85.75623,30.60857],[-85.76282,30.60545],[-85.77536,30.60541],[-85.7766,30.608],[-85.78828,30.60784],[-85.79342,30.60915],[-85.80015,30.60675],[-85.80656,30.60675],[-85.81157,30.61117],[-85.81703,30.61266],[-85.82784,30.60748],[-85.8302,30.6089],[-85.84114,30.60663],[-85.83896,30.59077],[-85.84301,30.58424],[-85.83795,30.57973],[-85.84388,30.57246],[-85.84915,30.55735],[-85.84838,30.55151],[-85.85558,30.55018],[-85.86196,30.53801],[-85.86142,30.53303],[-85.86685,30.52705],[-85.85977,30.518],[-85.86139,30.51392],[-85.85982,30.50737],[-85.85564,30.5045],[-85.86122,30.50044],[-85.86037,30.49731]]]},"properties":{"STATEFP":"12","COUNTYFP":"133","COUSUBFP":"93497","COUSUBNS":"01935961","GEOIDFQ":"0600000US1213393497","GEOID":"1213393497","NAME":"Vernon","NAMELSAD":"Vernon CCD","STUSPS":"FL","NAMELSADCO":"Washington County","STATE_NAME":"Florida","LSAD":"22","ALAND":939865782,"AWATER":50885925}},
{"type":"Feature","geometry":{"type":"Polygon","coordinates":[[[-84.52589,30.69596],[-84.60625,30.69987],[-84.64481,30.70199],[-84.72515,30.70565],[-84.73338,30.69931],[-84.7327,30.64633],[-84.73754,30.64202],[-84.73537,30.63006],[-84.73679,30.62043],[-84.73631,30.60134],[-84.73699,30.59683],[-84.72131,30.59558],[-84.71516,30.59331],[-84.7072,30.59483],[-84.67758,30.59221],[-84.66968,30.59281],[-84.67218,30.58727],[-84.67331,30.57058],[-84.67713,30.5608],[-84.67688,30.54276],[-84.68446,30.53497],[-84.68963,30.52416],[-84.69691,30.51678],[-84.70987,30.50919],[-84.71692,30.49936],[-84.72388,30.48374],[-84.74142,30.46031],[-84.7141,30.4604],[-84.71412,30.4172],[-84.68052,30.41727],[-84.68063,30.38797],[-84.64641,30.38828],[-84.64767,30.39461],[-84.6353,30.39955],[-84.62602,30.40845],[-84.61844,30.41081],[-84.61317,30.40999],[-84.60692,30.41614],[-84.59054,30.41192],[-84.58009,30.41735],[-84.56984,30.42615],[-84.56638,30.43368],[-84.54903,30.43728],[-84.54216,30.44079],[-84.53057,30.4398],[-84.53455,30.44423],[-84.539,30.45405],[-84.54017,30.46166],[-84.53884,30.4738],[-84.53622,30.47975],[-84.52815,30.48663],[-84.52084,30.50211],[-84.52457,30.51051],[-84.5178,30.51573],[-84.51617,30.52328],[-84.51714,30.53088],[-84.51098,30.54114],[-84.51166,30.54907],[-84.51553,30.56197],[-84.51022,30.57123],[-84.50204,30.57529],[-84.49852,30.58567],[-84.49572,30.58817],[-84.48721,30.60248],[-84.48515,30.61107],[-84.48973,30.61701],[-84.49335,30.62794],[-84.49837,30.62993],[-84.50133,30.63895],[-84.51365,30.64652],[-84.52479,30.65123],[-84.53004,30.65204],[-84.53154,30.65611],[-84.53026,30.67049],[-84.53083,30.67782],[-84.53448,30.686],[-84.53252,30.69062],[-84.52589,30.69596]]]},"properties":{"STATEFP":"12","COUNTYFP":"039","COUSUBFP":"92912","COUSUBNS":"01935911","GEOIDFQ":"0600000US1203992912","GEOID":"1203992912","NAME":"Quincy","NAMELSAD":"Quincy CCD","STUSPS":"FL","NAMELSADCO":"Gadsden County","STATE_NAME":"Florida","LSAD":"22","ALAND":577052491,"AWATER":19967129}},
{"type":"Feature","geometry":{"type":"Polygon","coordinates":[[[-81.92593,29.28971],[-81.92946,29.29142],[-81.94076,29.2918],[-81.94099,29.30358],[-81.9765,29.30346],[-81.98176,29.28166],[-82.0345,29.28109],[-82.0443,29.28019],[-82.05384,29.28382],[-82.05385,29.27842],[-82.05736,29.27361],[-82.05384,29.26865],[-82.0539,29.24151],[-82.07257,29.25775],[-82.07727,29.25933],[-82.15193,29.25952],[-82.15192,29.26676],[-82.16147,29.26774],[-82.16905,29.26662],[-82.19297,29.26691],[-82.23496,29.26713],[-82.23541,29.22452],[-82.23885,29.22232],[-82.23895,29.20847],[-82.2516,29.20837],[-82.25188,29.12622],[-82.25233,29.1123],[-82.25518,29.10799],[-82.25243,29.09941],[-82.25357,29.08623],[-82.2523,29.08415],[-82.21847,29.11737],[-82.21846,29.10653],[-82.18134,29.10633],[-82.18137,29.09903],[-82.16901,29.09905],[-82.16747,29.09506],[-82.13621,29.09544],[-82.13621,29.09182],[-82.12772,29.09186],[-82.12774,29.0845],[-82.07879,29.08433],[-82.09124,29.10628],[-82.07837,29.1074],[-82.07853,29.13534],[-82.0745,29.14243],[-82.07402,29.14987],[-82.06044,29.1419],[-82.05366,29.13951],[-82.05361,29.1213],[-82.04112,29.10789],[-81.98763,29.08145],[-81.97152,29.07147],[-81.96028,29.07107],[-81.94595,29.06189],[-81.93719,29.05298],[-81.93096,29.05008],[-81.92162,29.05156],[-81.91833,29.05374],[-81.89977,29.07673],[-81.88529,29.08203],[-81.90399,29.08773],[-81.90958,29.09618],[-81.91521,29.0944],[-81.92569,29.09692],[-81.93513,29.1015],[-81.9345,29.10794],[-81.94067,29.11229],[-81.94024,29.11659],[-81.94975,29.12278],[-81.9514,29.13715],[-81.96044,29.14504],[-81.97016,29.15157],[-81.97743,29.15252],[-81.98247,29.15874],[-81.98685,29.16989],[-81.98607,29.17165],[-81.99325,29.18435],[-81.99522,29.20157],[-81.98808,29.21132],[-81.98261,29.22463],[-81.97352,29.23002],[-81.97064,29.23764],[-81.96572,29.24479],[-81.96587,29.25234],[-81.95468,29.26005],[-81.95288,29.26437],[-81.94644,29.26827],[-81.9407,29.26889],[-81.93784,29.28169],[-81.93047,29.28904],[-81.92593,29.28971]]]},"properties":{"STATEFP":"12","COUNTYFP":"083","COUSUBFP":"92483","COUSUBNS":"01935878","GEOIDFQ":"0600000US1208392483","GEOID":"1208392483","NAME":"Ocala","NAMELSAD":"Ocala CCD","STUSPS":"FL","NAMELSADCO":"Marion County","STATE_NAME":"Florida","LSAD":"22","ALAND":534714286,"AWATER":8565930}},
{"type":"Feature","geometry":{"type":"Polygon","coordinates":[[[-81.91182,29.50397],[-81.91935,29.5116],[-81.93182,29.51645],[-81.94631,29.50961],[-81.95801,29.50667],[-81.96416,29.50381],[-81.97133,29.50386],[-81.99086,29.50126],[-82.00438,29.50172],[-82.02629,29.49474],[-82.03758,29.48618],[-82.04225,29.4797],[-82.0559,29.47123],[-82.05564,29.44185],[-82.06402,29.43958],[-82.06715,29.4438],[-82.07129,29.44327],[-82.0759,29.43875],[-82.08094,29.44039],[-82.08761,29.4357],[-82.09095,29.43094],[-82.0959,29.43032],[-82.10114,29.43831],[-82.10569,29.43597],[-82.10557,29.41665],[-82.10634,29.40617],[-82.10236,29.38776],[-82.10719,29.36041],[-82.1138,29.36028],[-82.11388,29.36757],[-82.1358,29.3675],[-82.14643,29.34768],[-82.15586,29.3368],[-82.15968,29.3307],[-82.2046,29.33046],[-82.21914,29.34772],[-82.20647,29.30401],[-82.19297,29.26691],[-82.16905,29.26662],[-82.16147,29.26774],[-82.15192,29.26676],[-82.15193,29.25952],[-82.07727,29.25933],[-82.07257,29.25775],[-82.0539,29.24151],[-82.05384,29.26865],[-82.05736,29.27361],[-82.05385,29.27842],[-82.05384,29.28382],[-82.0443,29.28019],[-82.0345,29.28109],[-81.98176,29.28166],[-81.9765,29.30346],[-81.94099,29.30358],[-81.94076,29.2918],[-81.92946,29.29142],[-81.92593,29.28971],[-81.91928,29.29385],[-81.91474,29.30037],[-81.90812,29.3058],[-81.90851,29.30939],[-81.89964,29.31768],[-81.89479,29.31925],[-81.89329,29.32657],[-81.8854,29.33947],[-81.88512,29.3459],[-81.88857,29.34747],[-81.8896,29.3536],[-81.89414,29.36015],[-81.89325,29.36522],[-81.90166,29.372],[-81.90234,29.38736],[-81.90069,29.39378],[-81.90444,29.39538],[-81.90644,29.40311],[-81.91762,29.41249],[-81.91936,29.41772],[-81.92896,29.42769],[-81.92606,29.42954],[-81.92437,29.43878],[-81.92533,29.44792],[-81.922,29.4516],[-81.91715,29.4675],[-81.91007,29.47799],[-81.91366,29.48993],[-81.91182,29.50397]]]},"properties":{"STATEFP":"12","COUNTYFP":"083","COUSUBFP":"91105","COUSUBNS":"01935768","GEOIDFQ":"0600000US1208391105","GEOID":"1208391105","NAME":"Fort McCoy-Anthony","NAMELSAD":"Fort McCoy-Anthony CCD","STUSPS":"FL","NAMELSADCO":"Marion County","STATE_NAME":"Florida","LSAD":"22","ALAND":493185280,"AWATER":27317507}},
{"type":"Feature","geometry":{"type":"Polygon","coordinates":[[[-87.1482,30.419],[-87.15191,30.4126],[-87.16117,30.40561],[-87.21621,30.37738],[-87.23328,30.37033],[-87.23143,30.34331],[-87.20742,30.34183],[-87.19642,30.33837],[-87.17902,30.33593],[-87.15312,30.34838],[-87.11393,30.35196],[-87.12087,30.38181],[-87.13618,30.37906],[-87.13817,30.38705],[-87.1482,30.419]]]},"properties":{"STATEFP":"12","COUNTYFP":"113","COUSUBFP":"91376","COUSUBNS":"02583393","GEOIDFQ":"0600000US1211391376","GEOID":"1211391376","NAME":"Gulf Breeze","NAMELSAD":"Gulf Breeze CCD","STUSPS":"FL","NAMELSADCO":"Santa Rosa County","STATE_NAME":"Florida","LSAD":"22","ALAND":12122982,"AWATER":45220394}},
{"type":"Feature","geometry":{"type":"Polygon","coordinates":[[[-82.88567,30.36745],[-82.88206,30.36507],[-82.87209,30.36636],[-82.86625,30.35834],[-82.85708,30.35832],[-82.85261,30.349],[-82.84425,30.3409],[-82.83605,30.34237],[-82.83225,30.34677],[-82.82721,30.34578],[-82.82575,30.34193],[-82.81198,30.34035],[-82.80978,30.33737],[-82.80394,30.3454],[-82.7996,30.34423],[-82.79459,30.33702],[-82.79198,30.32652],[-82.7885,30.32401],[-82.77775,30.32326],[-82.76332,30.33092],[-82.76075,30.32426],[-82.74674,30.31743],[-82.73982,30.32159],[-82.73655,30.32835],[-82.72464,30.3338],[-82.72491,30.32848],[-82.71643,30.32124],[-82.71031,30.32836],[-82.70313,30.33261],[-82.69366,30.33204],[-82.68416,30.33796],[-82.68147,30.34281],[-82.68695,30.35334],[-82.67443,30.3647],[-82.66578,30.36697],[-82.66228,30.37035],[-82.66566,30.37751],[-82.65836,30.38459],[-82.65781,30.39149],[-82.64995,30.39191],[-82.64705,30.39513],[-82.64555,30.40642],[-82.64999,30.41011],[-82.6539,30.42201],[-82.65275,30.42944],[-82.6591,30.4407],[-82.66219,30.43914],[-82.67023,30.44436],[-82.67289,30.44857],[-82.67047,30.45305],[-82.68049,30.46147],[-82.67674,30.47036],[-82.69505,30.47364],[-82.7018,30.47771],[-82.70243,30.48328],[-82.6967,30.4846],[-82.69666,30.48942],[-82.70607,30.49239],[-82.70833,30.49775],[-82.70584,30.50238],[-82.70755,30.5062],[-82.71647,30.50738],[-82.73404,30.50265],[-82.74834,30.49093],[-82.75768,30.48541],[-82.76305,30.47847],[-82.77273,30.47801],[-82.78447,30.48003],[-82.79444,30.47523],[-82.79594,30.47153],[-82.80704,30.46264],[-82.80728,30.45689],[-82.80119,30.4476],[-82.79608,30.43434],[-82.79566,30.42845],[-82.79233,30.42195],[-82.79945,30.42301],[-82.80225,30.42034],[-82.80422,30.4096],[-82.81093,30.40551],[-82.81616,30.39884],[-82.822,30.40216],[-82.83332,30.4016],[-82.83777,30.39902],[-82.8497,30.39809],[-82.85667,30.40277],[-82.86378,30.40401],[-82.8646,30.39821],[-82.87738,30.38749],[-82.87977,30.37764],[-82.88246,30.37635],[-82.88567,30.36745]]]},"properties":{"STATEFP":"12","COUNTYFP":"047","COUSUBFP":"93653","COUSUBNS":"01935973","GEOIDFQ":"0600000US1204793653","GEOID":"1204793653","NAME":"White Springs","NAMELSAD":"White Springs CCD","STUSPS":"FL","NAMELSADCO":"Hamilton County","STATE_NAME":"Florida","LSAD":"22","ALAND":262087910,"AWATER":7235339}},
{"type":"Feature","geometry":{"type":"Polygon","coordinates":[[[-82.14258,30.14312],[-82.14569,30.13204],[-82.14057,30.13272],[-82.13796,30.12882],[-82.14237,30.1163],[-82.14734,30.10999],[-82.16992,30.0992],[-82.17415,30.09124],[-82.17756,30.07524],[-82.18401,30.06685],[-82.15621,30.02601],[-82.14617,30.01544],[-82.1346,30.00105],[-82.13271,29.99732],[-82.09337,29.99733],[-82.0962,29.98647],[-82.06746,29.98636],[-82.05762,29.99352],[-82.04774,29.99372],[-82.04881,30.01552],[-82.0492,30.0559],[-82.04942,30.14314],[-82.14258,30.14312]]]},"properties":{"STATEFP":"12","COUNTYFP":"007","COUSUBFP":"91898","COUSUBNS":"01935829","GEOIDFQ":"0600000US1200791898","GEOID":"1200791898","NAME":"Lawtey","NAMELSAD":"Lawtey CCD","STUSPS":"FL","NAMELSADCO":"Bradford County","STATE_NAME":"Florida","LSAD":"22","ALAND":175748266,"AWATER":0}},
{"type":"Feature","geometry":{"type":"Polygon","coordinates":[[[-81.71139,30.74727],[-81.71007,30.74185],[-81.71953,30.73757],[-81.72719,30.7319],[-81.73904,30.72045],[-81.74283,30.71024],[-81.75195,30.70527],[-81.76258,30.70366],[-81.77341,30.70877],[-81.77972,30.70795],[-81.79152,30.71123],[-81.7971,30.70485],[-81.80305,30.70585],[-81.81174,30.70319],[-81.80987,30.69866],[-81.79294,30.68363],[-81.78649,30.66083],[-81.79133,30.63874],[-81.79377,30.63118],[-81.78275,30.62631],[-81.77904,30.62733],[-81.76916,30.62163],[-81.75919,30.61971],[-81.75359,30.61228],[-81.74545,30.61085],[-81.72456,30.59769],[-81.71662,30.60153],[-81.71517,30.59752],[-81.70855,30.602],[-81.70051,30.60126],[-81.70195,30.5942],[-81.69311,30.59141],[-81.69447,30.58711],[-81.68472,30.58534],[-81.68515,30.57849],[-81.67443,30.58116],[-81.67049,30.58656],[-81.66432,30.58908],[-81.65619,30.58453],[-81.6668,30.57816],[-81.67239,30.57159],[-81.66331,30.56816],[-81.6609,30.56165],[-81.65618,30.57003],[-81.65112,30.57181],[-81.64186,30.58009],[-81.6345,30.5818],[-81.62451,30.58623],[-81.62033,30.58224],[-81.61376,30.58052],[-81.60939,30.58476],[-81.60431,30.58403],[-81.611,30.57594],[-81.60332,30.57259],[-81.60146,30.56767],[-81.61307,30.56419],[-81.61065,30.55501],[-81.59213,30.56533],[-81.58324,30.56449],[-81.5888,30.55047],[-81.58782,30.54669],[-81.57722,30.53804],[-81.56781,30.53664],[-81.55525,30.54453],[-81.55093,30.54303],[-81.55078,30.53156],[-81.54302,30.52389],[-81.53024,30.52629],[-81.52138,30.5388],[-81.51978,30.54668],[-81.52381,30.55634],[-81.51401,30.56734],[-81.49957,30.56379],[-81.49096,30.55462],[-81.488,30.54217],[-81.47994,30.53345],[-81.45895,30.5242],[-81.46121,30.53156],[-81.46766,30.54494],[-81.46886,30.55881],[-81.475,30.56537],[-81.47316,30.57094],[-81.4637,30.57394],[-81.4641,30.58537],[-81.46764,30.58935],[-81.47644,30.59024],[-81.48145,30.5934],[-81.4789,30.60168],[-81.48165,30.625],[-81.48592,30.63084],[-81.48924,30.64123],[-81.48495,30.64468],[-81.48361,30.65468],[-81.48509,30.66183],[-81.48254,30.66546],[-81.47692,30.66408],[-81.47042,30.66845],[-81.46954,30.67321],[-81.46235,30.68389],[-81.46157,30.69995],[-81.46539,30.7113],[-81.47575,30.71475],[-81.48379,30.72389],[-81.48954,30.7261],[-81.50722,30.72294],[-81.51612,30.72224],[-81.53116,30.72422],[-81.53452,30.71794],[-81.53381,30.71206],[-81.54159,30.71006],[-81.5461,30.71703],[-81.5493,30.71829],[-81.56071,30.71169],[-81.5638,30.71775],[-81.57372,30.72234],[-81.58682,30.72374],[-81.59384,30.71848],[-81.59711,30.71933],[-81.59645,30.72725],[-81.60088,30.72944],[-81.60602,30.72622],[-81.60583,30.71969],[-81.61066,30.71622],[-81.61507,30.72269],[-81.62354,30.72468],[-81.62082,30.73162],[-81.62437,30.73634],[-81.62833,30.73539],[-81.62914,30.72873],[-81.63284,30.72876],[-81.63806,30.73337],[-81.64191,30.72892],[-81.64902,30.7275],[-81.65409,30.73309],[-81.6515,30.74068],[-81.65463,30.74439],[-81.65989,30.74218],[-81.66354,30.74573],[-81.65977,30.74944],[-81.66335,30.7544],[-81.66984,30.75167],[-81.67843,30.75107],[-81.6831,30.74849],[-81.67931,30.74475],[-81.67247,30.74844],[-81.66908,30.74499],[-81.67282,30.73894],[-81.68009,30.7416],[-81.68843,30.74148],[-81.69478,30.74841],[-81.70247,30.74544],[-81.71139,30.74727]]]},"properties":{"STATEFP":"12","COUNTYFP":"089","COUSUBFP":"93757","COUSUBNS":"01935981","GEOIDFQ":"0600000US1208993757","GEOID":"1208993757","NAME":"Yulee","NAMELSAD":"Yulee CCD","STUSPS":"FL","NAMELSADCO":"Nassau County","STATE_NAME":"Florida","LSAD":"22","ALAND":466658040,"AWATER":44077932}},
{"type":"Feature","geometry":{"type":"Polygon","coordinates":[[[-82.52971,29.94088],[-82.53004,29.95151],[-82.5333,29.95836],[-82.5436,29.9634],[-82.55531,29.96398],[-82.55671,29.96876],[-82.56928,29.97498],[-82.57599,29.99086],[-82.57355,29.99321],[-82.57158,30.01071],[-82.56261,30.01613],[-82.56003,30.01582],[-82.5607,30.03308],[-82.5625,30.03913],[-82.57104,30.04499],[-82.57682,30.054],[-82.57668,30.06606],[-82.60684,30.06541],[-82.62304,30.06782],[-82.63957,30.0722],[-82.6594,30.07192],[-82.66078,30.06921],[-82.71089,30.07106],[-82.71253,30.0733],[-82.73234,30.07405],[-82.74016,30.07314],[-82.75484,30.07471],[-82.77518,30.07416],[-82.79437,30.05719],[-82.79397,29.9862],[-82.76041,29.98621],[-82.75858,29.97571],[-82.76221,29.96438],[-82.77916,29.95801],[-82.78808,29.95114],[-82.79145,29.94211],[-82.79532,29.9401],[-82.80048,29.93213],[-82.78373,29.93234],[-82.78049,29.92575],[-82.77216,29.92833],[-82.77107,29.92225],[-82.7743,29.9117],[-82.76743,29.90635],[-82.76844,29.89701],[-82.75737,29.89588],[-82.75365,29.8935],[-82.75285,29.88021],[-82.74007,29.86503],[-82.73624,29.86013],[-82.71605,29.85064],[-82.69986,29.83694],[-82.69367,29.83422],[-82.68265,29.83274],[-82.67376,29.83336],[-82.65855,29.83014],[-82.65211,29.82563],[-82.64138,29.82742],[-82.63473,29.8336],[-82.63451,29.83966],[-82.63057,29.84291],[-82.62926,29.84937],[-82.62204,29.84851],[-82.62293,29.85401],[-82.61974,29.85911],[-82.61135,29.85229],[-82.60628,29.85286],[-82.60242,29.85766],[-82.5929,29.86193],[-82.58679,29.86767],[-82.59234,29.87322],[-82.59255,29.88752],[-82.58,29.88764],[-82.58003,29.89485],[-82.57588,29.89487],[-82.57597,29.9131],[-82.57155,29.91828],[-82.56786,29.9172],[-82.56084,29.92492],[-82.55473,29.92854],[-82.54813,29.92557],[-82.54155,29.9255],[-82.52944,29.93428],[-82.52971,29.94088]]]},"properties":{"STATEFP":"12","COUNTYFP":"023","COUSUBFP":"91183","COUSUBNS":"01935773","GEOIDFQ":"0600000US1202391183","GEOID":"1202391183","NAME":"Fort White","NAMELSAD":"Fort White CCD","STUSPS":"FL","NAMELSADCO":"Columbia County","STATE_NAME":"Florida","LSAD":"22","ALAND":501222838,"AWATER":788620}},
{"type":"Feature","geometry":{"type":"Polygon","coordinates":[[[-85.0219,29.82354],[-85.02935,29.82636],[-85.03257,29.83007],[-85.03177,29.83923],[-85.03424,29.84819],[-85.03777,29.85253],[-85.03769,29.86364],[-85.04127,29.8708],[-85.04121,29.87585],[-85.0513,29.89309],[-85.05436,29.90186],[-85.0484,29.91041],[-85.04891,29.91855],[-85.04534,29.9207],[-85.04169,29.93006],[-85.02976,29.93275],[-85.03322,29.93647],[-85.02621,29.94459],[-85.02647,29.95284],[-85.03313,29.96168],[-85.03949,29.96235],[-85.0417,29.96533],[-85.05623,29.97061],[-85.05985,29.96926],[-85.06791,29.97841],[-85.07633,29.97243],[-85.09227,29.96964],[-85.1125,29.98681],[-85.11987,29.99092],[-85.1277,29.9997],[-85.13292,30.00094],[-85.14477,30.00084],[-85.15372,30.00591],[-85.16809,30.00183],[-85.17218,29.99939],[-85.16723,29.9828],[-85.16653,29.9769],[-85.22249,29.87994],[-85.23097,29.88365],[-85.23973,29.88423],[-85.26014,29.89114],[-85.27753,29.90169],[-85.2858,29.91268],[-85.29303,29.91737],[-85.29636,29.92394],[-85.29904,29.93999],[-85.30059,29.94234],[-85.31445,29.94978],[-85.32275,29.95641],[-85.34166,29.96039],[-85.35319,29.9582],[-85.35773,29.95917],[-85.37091,29.9678],[-85.37852,29.97706],[-85.37846,29.97986],[-85.36971,29.99102],[-85.36931,29.99451],[-85.37344,30.00781],[-85.37973,30.0128],[-85.37786,30.01614],[-85.38031,30.02387],[-85.3913,30.02764],[-85.39128,29.99984],[-85.38915,29.95524],[-85.38868,29.92435],[-85.38473,29.92095],[-85.36373,29.89892],[-85.35016,29.87702],[-85.34284,29.85794],[-85.33665,29.8493],[-85.33229,29.84591],[-85.32501,29.84497],[-85.31746,29.83889],[-85.31454,29.83273],[-85.31455,29.82228],[-85.31142,29.81437],[-85.30279,29.80886],[-85.30084,29.79897],[-85.30339,29.77486],[-85.30502,29.76992],[-85.30342,29.75756],[-85.30457,29.75055],[-85.30396,29.72062],[-85.30558,29.71368],[-85.30838,29.71236],[-85.30708,29.70351],[-85.30977,29.69318],[-85.31373,29.68646],[-85.32177,29.68542],[-85.32886,29.68643],[-85.36078,29.67866],[-85.36359,29.68054],[-85.36309,29.6911],[-85.37153,29.6921],[-85.37157,29.70311],[-85.37796,29.70962],[-85.38227,29.71944],[-85.38858,29.73016],[-85.38908,29.74216],[-85.39219,29.75432],[-85.39553,29.76237],[-85.40146,29.76413],[-85.4039,29.77263],[-85.40279,29.77955],[-85.40546,29.7913],[-85.4097,29.80235],[-85.41042,29.8081],[-85.40699,29.81919],[-85.41047,29.82607],[-85.41043,29.83073],[-85.40015,29.85052],[-85.39895,29.86058],[-85.39128,29.87264],[-85.39339,29.87462],[-85.40713,29.866],[-85.41176,29.85979],[-85.41581,29.84258],[-85.41749,29.82993],[-85.41668,29.82025],[-85.41348,29.79953],[-85.40963,29.78162],[-85.40429,29.76195],[-85.39841,29.74296],[-85.38731,29.71537],[-85.3753,29.69185],[-85.36506,29.6773],[-85.35674,29.66956],[-85.35151,29.66667],[-85.34654,29.66857],[-85.33606,29.67545],[-85.31835,29.68157],[-85.29862,29.68402],[-85.27663,29.68349],[-85.25972,29.6813],[-85.24225,29.67693],[-85.23223,29.67736],[-85.22961,29.68243],[-85.24592,29.68162],[-85.25091,29.68716],[-85.2175,29.69474],[-85.20623,29.71119],[-85.16843,29.73657],[-85.1094,29.77679],[-85.10413,29.77418],[-85.09078,29.77276],[-85.07822,29.76862],[-85.07264,29.77081],[-85.06867,29.78447],[-85.06067,29.7863],[-85.05419,29.78081],[-85.04008,29.77935],[-85.036,29.79237],[-85.03129,29.79892],[-85.02053,29.80737],[-85.01969,29.81987],[-85.0219,29.82354]]]},"properties":{"STATEFP":"12","COUNTYFP":"045","COUSUBFP":"92863","COUSUBNS":"01935906","GEOIDFQ":"0600000US1204592863","GEOID":"1204592863","NAME":"Port St. Joe","NAMELSAD":"Port St. Joe CCD","STUSPS":"FL","NAMELSADCO":"Gulf County","STATE_NAME":"Florida","LSAD":"22","ALAND":709860314,"AWATER":604960656}},
{"type":"Feature","geometry":{"type":"Polygon","coordinates":[[[-84.38423,30.55383],[-84.37484,30.54644],[-84.36983,30.53854],[-84.35843,30.52853],[-84.34597,30.53385],[-84.3368,30.5353],[-84.3288,30.5336],[-84.319,30.5274],[-84.3142,30.5145],[-84.3088,30.5118],[-84.29543,30.51295],[-84.2916,30.51683],[-84.2775,30.51552],[-84.27725,30.49317],[-84.25899,30.50086],[-84.24804,30.50172],[-84.24571,30.49535],[-84.23783,30.48643],[-84.23668,30.47817],[-84.22474,30.48875],[-84.21134,30.49334],[-84.20579,30.49808],[-84.2007,30.51573],[-84.19693,30.52116],[-84.1729,30.54069],[-84.15825,30.55541],[-84.14959,30.56034],[-84.14039,30.57505],[-84.12949,30.58212],[-84.12523,30.59217],[-84.11995,30.59537],[-84.11955,30.60042],[-84.10406,30.62169],[-84.10016,30.63026],[-84.08505,30.64206],[-84.0823,30.65088],[-84.07547,30.66599],[-84.07277,30.67536],[-84.1077,30.67682],[-84.12489,30.67805],[-84.2499,30.68415],[-84.28256,30.68532],[-84.28933,30.68343],[-84.30305,30.67479],[-84.30532,30.67021],[-84.29921,30.66126],[-84.3025,30.65913],[-84.29938,30.65353],[-84.29993,30.64262],[-84.30504,30.6347],[-84.3155,30.626],[-84.3146,30.62419],[-84.32504,30.61728],[-84.33093,30.60429],[-84.3329,30.59696],[-84.34277,30.59807],[-84.34859,30.59175],[-84.35542,30.59119],[-84.36096,30.58412],[-84.3714,30.58111],[-84.37257,30.57527],[-84.37838,30.57347],[-84.38159,30.56501],[-84.37906,30.55929],[-84.38423,30.55383]]]},"properties":{"STATEFP":"12","COUNTYFP":"073","COUSUBFP":"92384","COUSUBNS":"01935869","GEOIDFQ":"0600000US1207392384","GEOID":"1207392384","NAME":"Northeast Leon","NAMELSAD":"Northeast Leon CCD","STUSPS":"FL","NAMELSADCO":"Leon County","STATE_NAME":"Florida","LSAD":"22","ALAND":335013900,"AWATER":51680128}},
{"type":"Feature","geometry":{"type":"Polygon","coordinates":[[[-84.30341,30.41264],[-84.30665,30.40554],[-84.30752,30.39748],[-84.31306,30.39078],[-84.31329,30.38754],[-84.2977,30.37625],[-84.29253,30.37597],[-84.24259,30.37572],[-84.23806,30.37784],[-84.23577,30.38613],[-84.23504,30.41261],[-84.25162,30.41203],[-84.26384,30.40535],[-84.26393,30.41254],[-84.30341,30.41264]]]},"properties":{"STATEFP":"12","COUNTYFP":"073","COUSUBFP":"93335","COUSUBNS":"01935948","GEOIDFQ":"0600000US1207393335","GEOID":"1207393335","NAME":"Tallahassee South","NAMELSAD":"Tallahassee South CCD","STUSPS":"FL","NAMELSADCO":"Leon County","STATE_NAME":"Florida","LSAD":"22","ALAND":26416862,"AWATER":584643}},
{"type":"Feature","geometry":{"type":"Polygon","coordinates":[[[-83.04863,29.37914],[-83.04695,29.3767],[-83.03729,29.37407],[-83.03913,29.36138],[-83.04181,29.35566],[-83.04441,29.34448],[-83.04293,29.33974],[-83.03182,29.32662],[-83.03074,29.32222],[-83.03278,29.31259],[-83.0326,29.29688],[-83.02911,29.29276],[-83.00965,29.29044],[-83.00809,29.28545],[-82.99994,29.2788],[-82.99461,29.27247],[-82.98817,29.27406],[-82.98306,29.27186],[-82.97319,29.27631],[-82.95782,29.27963],[-82.95413,29.28145],[-82.94314,29.28222],[-82.93482,29.28683],[-82.92659,29.28656],[-82.92258,29.28896],[-82.91345,29.30636],[-82.90987,29.31514],[-82.90565,29.31967],[-82.90231,29.31605],[-82.8923,29.31307],[-82.88257,29.31627],[-82.86835,29.31488],[-82.86313,29.31316],[-82.84859,29.31956],[-82.84228,29.32483],[-82.83275,29.32697],[-82.82114,29.32611],[-82.81561,29.32951],[-82.80253,29.32359],[-82.79459,29.31313],[-82.78412,29.31891],[-82.77948,29.328],[-82.76702,29.33654],[-82.76669,29.34295],[-82.76272,29.35745],[-82.75334,29.36813],[-82.74283,29.375],[-82.74211,29.37922],[-82.73704,29.3804],[-82.73106,29.38627],[-82.73152,29.40003],[-82.72866,29.40258],[-82.72934,29.41063],[-82.72416,29.41505],[-82.72184,29.41994],[-82.72207,29.4299],[-82.71626,29.43651],[-82.70573,29.44321],[-82.71167,29.45558],[-82.71615,29.46817],[-82.71359,29.4787],[-82.71103,29.47949],[-82.70561,29.49018],[-82.71886,29.49463],[-82.72801,29.5019],[-82.74889,29.53735],[-82.78575,29.58026],[-82.7926,29.58468],[-82.81044,29.58421],[-82.85652,29.58424],[-82.85661,29.59132],[-82.92534,29.59084],[-82.93733,29.5912],[-82.93768,29.58718],[-82.94309,29.58523],[-82.9448,29.57619],[-82.94874,29.5659],[-82.94739,29.56105],[-82.95005,29.55611],[-82.95936,29.55325],[-82.96948,29.54467],[-82.97684,29.54063],[-82.97903,29.53504],[-82.97657,29.52942],[-82.97077,29.52585],[-82.9694,29.52232],[-82.97268,29.51727],[-82.98197,29.51716],[-82.98349,29.51102],[-82.98424,29.49522],[-82.98186,29.48542],[-82.98647,29.47868],[-82.98437,29.471],[-82.98994,29.46335],[-83.00084,29.46213],[-83.00199,29.45653],[-83.01284,29.4459],[-83.01281,29.43977],[-83.02118,29.4312],[-83.02114,29.42714],[-83.01607,29.4227],[-83.02222,29.41443],[-83.02587,29.40569],[-83.0229,29.39926],[-83.03126,29.3982],[-83.03422,29.39553],[-83.03587,29.3882],[-83.04863,29.37914]]]},"properties":{"STATEFP":"12","COUNTYFP":"075","COUSUBFP":"90533","COUSUBNS":"01935722","GEOIDFQ":"0600000US1207590533","GEOID":"1207590533","NAME":"Chiefland","NAMELSAD":"Chiefland CCD","STUSPS":"FL","NAMELSADCO":"Levy County","STATE_NAME":"Florida","LSAD":"22","ALAND":789572084,"AWATER":7646731}},
{"type":"Feature","geometry":{"type":"Polygon","coordinates":[[[-86.79184,30.72427],[-86.79285,30.66375],[-86.79358,30.63665],[-86.79275,30.64064],[-86.78704,30.64176],[-86.76531,30.65284],[-86.76321,30.65998],[-86.75522,30.66455],[-86.75526,30.66759],[-86.74675,30.67365],[-86.73263,30.67296],[-86.7288,30.66956],[-86.71951,30.67192],[-86.71623,30.6748],[-86.70998,30.67261],[-86.70231,30.67688],[-86.68929,30.67068],[-86.6803,30.67254],[-86.67477,30.67847],[-86.67301,30.68649],[-86.66912,30.68789],[-86.6659,30.68064],[-86.66231,30.67815],[-86.65112,30.68232],[-86.64604,30.68893],[-86.64963,30.70746],[-86.64835,30.71238],[-86.64883,30.72259],[-86.64474,30.73079],[-86.63935,30.73421],[-86.63199,30.73318],[-86.62494,30.74927],[-86.62745,30.75236],[-86.62558,30.76173],[-86.62097,30.76642],[-86.6236,30.7767],[-86.62786,30.78018],[-86.62953,30.78716],[-86.6134,30.80024],[-86.61111,30.80549],[-86.60613,30.80965],[-86.60477,30.81809],[-86.6009,30.82474],[-86.60243,30.82891],[-86.59864,30.83557],[-86.59979,30.84023],[-86.59585,30.84523],[-86.59551,30.85883],[-86.59194,30.86787],[-86.58891,30.86743],[-86.5796,30.8721],[-86.57709,30.88399],[-86.56519,30.89226],[-86.55997,30.90918],[-86.5567,30.9125],[-86.55962,30.91614],[-86.56091,30.92311],[-86.55656,30.92849],[-86.55305,30.93807],[-86.55509,30.94259],[-86.55132,30.95024],[-86.55602,30.96269],[-86.55308,30.96516],[-86.55576,30.97097],[-86.55432,30.97695],[-86.5464,30.98569],[-86.54249,30.99427],[-86.56759,30.99511],[-86.66468,30.99453],[-86.70626,30.9947],[-86.72538,30.99687],[-86.74524,30.99629],[-86.78569,30.99697],[-86.78599,30.99367],[-86.78734,30.90039],[-86.79095,30.78075],[-86.79184,30.72427]]]},"properties":{"STATEFP":"12","COUNTYFP":"091","COUSUBFP":"90104","COUSUBNS":"01935689","GEOIDFQ":"0600000US1209190104","GEOID":"1209190104","NAME":"Baker","NAMELSAD":"Baker CCD","STUSPS":"FL","NAMELSADCO":"Okaloosa County","STATE_NAME":"Florida","LSAD":"22","ALAND":652334521,"AWATER":7320672}},
{"type":"Feature","geometry":{"type":"MultiPolygon","coordinates":[[[[-82.69547,27.66549],[-82.69506,27.66158],[-82.68722,27.66264],[-82.68789,27.66801],[-82.69391,27.66874],[-82.69547,27.66549]]],[[[-82.77893,27.86535],[-82.78122,27.8546],[-82.77962,27.83971],[-82.77764,27.83407],[-82.76993,27.83334],[-82.76519,27.8208],[-82.76381,27.80816],[-82.76798,27.79863],[-82.7707,27.79604],[-82.76078,27.7891],[-82.75345,27.77496],[-82.7533,27.76671],[-82.75743,27.75854],[-82.74832,27.7468],[-82.73826,27.74382],[-82.73304,27.73972],[-82.72414,27.72152],[-82.72317,27.71345],[-82.72526,27.69777],[-82.73141,27.69431],[-82.73399,27.67919],[-82.74125,27.67696],[-82.74534,27.65378],[-82.74417,27.64832],[-82.73757,27.63276],[-82.73585,27.62489],[-82.73698,27.61264],[-82.73057,27.61433],[-82.70502,27.62531],[-82.70796,27.63013],[-82.71255,27.64665],[-82.71632,27.65141],[-82.7181,27.65782],[-82.72369,27.66236],[-82.72431,27.67332],[-82.71961,27.67407],[-82.71882,27.69201],[-82.71363,27.69866],[-82.71146,27.70536],[-82.69863,27.7081],[-82.69768,27.702],[-82.68912,27.69947],[-82.68033,27.70578],[-82.67983,27.69489],[-82.67724,27.69505],[-82.67732,27.70621],[-82.67162,27.70591],[-82.66292,27.70231],[-82.65252,27.70031],[-82.63982,27.70391],[-82.63362,27.71061],[-82.62572,27.72701],[-82.62502,27.73271],[-82.62719,27.74106],[-82.6232,27.74458],[-82.62933,27.74931],[-82.63052,27.75391],[-82.62398,27.76037],[-82.62161,27.77396],[-82.62566,27.78092],[-82.62242,27.78919],[-82.61163,27.79031],[-82.60709,27.79289],[-82.60742,27.7989],[-82.59719,27.81368],[-82.59162,27.81305],[-82.58762,27.81901],[-82.59314,27.82159],[-82.59441,27.82522],[-82.58875,27.83043],[-82.58932,27.8357],[-82.59482,27.8434],[-82.59844,27.85758],[-82.59639,27.86408],[-82.60332,27.86517],[-82.61647,27.88084],[-82.63212,27.8911],[-82.63826,27.8929],[-82.63842,27.90463],[-82.64429,27.91014],[-82.6475,27.90588],[-82.6668,27.91241],[-82.68428,27.91583],[-82.68827,27.9191],[-82.6889,27.9244],[-82.6983,27.92306],[-82.70088,27.91027],[-82.70037,27.89389],[-82.72893,27.89368],[-82.72912,27.88643],[-82.74573,27.88685],[-82.74558,27.87228],[-82.76233,27.8724],[-82.76236,27.86513],[-82.77893,27.86535]]]]},"properties":{"STATEFP":"12","COUNTYFP":"103","COUSUBFP":"93042","COUSUBNS":"01935922","GEOIDFQ":"0600000US1210393042","GEOID":"1210393042","NAME":"St. Petersburg","NAMELSAD":"St. Petersburg CCD","STUSPS":"FL","NAMELSADCO":"Pinellas County","STATE_NAME":"Florida","LSAD":"22","ALAND":272911327,"AWATER":341515274}},
{"type":"Feature","geometry":{"type":"Polygon","coordinates":[[[-81.77594,29.47578],[-81.7695,29.47229],[-81.76106,29.47513],[-81.7482,29.47523],[-81.73063,29.48335],[-81.71159,29.47945],[-81.70377,29.47435],[-81.69575,29.47445],[-81.68792,29.46709],[-81.68171,29.47227],[-81.67644,29.48267],[-81.67682,29.48556],[-81.6854,29.49189],[-81.68441,29.49825],[-81.67898,29.50526],[-81.67841,29.51908],[-81.68161,29.52556],[-81.68866,29.53398],[-81.70023,29.5375],[-81.70346,29.54375],[-81.6989,29.55124],[-81.69952,29.55907],[-81.69597,29.56675],[-81.69892,29.57218],[-81.70259,29.57156],[-81.70363,29.60878],[-81.71191,29.6065],[-81.71255,29.63746],[-81.71046,29.64127],[-81.71266,29.64545],[-81.71294,29.67187],[-81.71407,29.67528],[-81.72327,29.67952],[-81.72309,29.68401],[-81.72524,29.70914],[-81.72533,29.71869],[-81.73487,29.73026],[-81.74689,29.75666],[-81.76442,29.77475],[-81.76692,29.77942],[-81.78547,29.79164],[-81.79174,29.80501],[-81.79425,29.81478],[-81.79722,29.83665],[-81.79723,29.83665],[-81.81243,29.83649],[-81.82187,29.82634],[-81.82789,29.82442],[-81.837,29.81614],[-81.84721,29.80949],[-81.85334,29.80697],[-81.86199,29.80019],[-81.87033,29.80087],[-81.89068,29.79821],[-81.90019,29.79413],[-81.90926,29.79356],[-81.92022,29.78616],[-81.9235,29.78092],[-81.92778,29.76767],[-81.92835,29.76111],[-81.93111,29.75613],[-81.93943,29.7475],[-81.97623,29.74711],[-81.99107,29.74395],[-82.00707,29.73949],[-82.02491,29.72524],[-82.02892,29.71868],[-82.04924,29.71867],[-82.05563,29.71823],[-82.05083,29.7161],[-82.05029,29.70974],[-82.05503,29.66961],[-82.05615,29.64536],[-82.05534,29.59482],[-82.0561,29.50802],[-82.0559,29.47123],[-82.04225,29.4797],[-82.03758,29.48618],[-82.02629,29.49474],[-82.00438,29.50172],[-81.99086,29.50126],[-81.97133,29.50386],[-81.96416,29.50381],[-81.95801,29.50667],[-81.94631,29.50961],[-81.93182,29.51645],[-81.91935,29.5116],[-81.91182,29.50397],[-81.90701,29.50925],[-81.90669,29.51424],[-81.89657,29.51508],[-81.88794,29.5092],[-81.88602,29.51267],[-81.87343,29.51504],[-81.86115,29.51489],[-81.84301,29.521],[-81.84278,29.48653],[-81.81281,29.48651],[-81.7762,29.48745],[-81.77594,29.47578]]]},"properties":{"STATEFP":"12","COUNTYFP":"107","COUSUBFP":"91612","COUSUBNS":"01935807","GEOIDFQ":"0600000US1210791612","GEOID":"1210791612","NAME":"Interlachen-Florahome","NAMELSAD":"Interlachen-Florahome CCD","STUSPS":"FL","NAMELSADCO":"Putnam County","STATE_NAME":"Florida","LSAD":"22","ALAND":967747690,"AWATER":63986951}},
{"type":"Feature","geometry":{"type":"Polygon","coordinates":[[[-84.28243,30.46368],[-84.28691,30.46886],[-84.30258,30.48007],[-84.30891,30.48254],[-84.32716,30.47849],[-84.35752,30.47841],[-84.36321,30.47946],[-84.36131,30.47088],[-84.36113,30.4588],[-84.35605,30.45942],[-84.34352,30.45559],[-84.32393,30.44603],[-84.31716,30.44857],[-84.31346,30.44906],[-84.3135,30.46354],[-84.28243,30.46368]]]},"properties":{"STATEFP":"12","COUNTYFP":"073","COUSUBFP":"93328","COUSUBNS":"01935947","GEOIDFQ":"0600000US1207393328","GEOID":"1207393328","NAME":"Tallahassee Northwest","NAMELSAD":"Tallahassee Northwest CCD","STUSPS":"FL","NAMELSADCO":"Leon County","STATE_NAME":"Florida","LSAD":"22","ALAND":17213376,"AWATER":110570}},
{"type":"Feature","geometry":{"type":"Polygon","coordinates":[[[-81.93549,30.37398],[-81.86629,30.43626],[-81.83121,30.46745],[-81.80953,30.48454],[-81.79492,30.50541],[-81.78162,30.50334],[-81.76532,30.51865],[-81.76375,30.53492],[-81.75614,30.53115],[-81.74692,30.53082],[-81.73842,30.53457],[-81.73565,30.54486],[-81.73778,30.54986],[-81.73423,30.55354],[-81.73521,30.55903],[-81.72244,30.57094],[-81.71594,30.57124],[-81.70957,30.5659],[-81.69873,30.56934],[-81.69553,30.56732],[-81.6842,30.56636],[-81.68114,30.56303],[-81.66783,30.56067],[-81.6685,30.55481],[-81.66228,30.55459],[-81.6609,30.56165],[-81.66331,30.56816],[-81.67239,30.57159],[-81.6668,30.57816],[-81.65619,30.58453],[-81.66432,30.58908],[-81.67049,30.58656],[-81.67443,30.58116],[-81.68515,30.57849],[-81.68472,30.58534],[-81.69447,30.58711],[-81.69311,30.59141],[-81.70195,30.5942],[-81.70051,30.60126],[-81.70855,30.602],[-81.71517,30.59752],[-81.71662,30.60153],[-81.72456,30.59769],[-81.74545,30.61085],[-81.75359,30.61228],[-81.75919,30.61971],[-81.76916,30.62163],[-81.77904,30.62733],[-81.78275,30.62631],[-81.79377,30.63118],[-81.79133,30.63874],[-81.78649,30.66083],[-81.79294,30.68363],[-81.80987,30.69866],[-81.81174,30.70319],[-81.80305,30.70585],[-81.7971,30.70485],[-81.79152,30.71123],[-81.77972,30.70795],[-81.77341,30.70877],[-81.76258,30.70366],[-81.75195,30.70527],[-81.74283,30.71024],[-81.73904,30.72045],[-81.72719,30.7319],[-81.71953,30.73757],[-81.71007,30.74185],[-81.71139,30.74727],[-81.71993,30.74463],[-81.73284,30.75049],[-81.73234,30.7553],[-81.742,30.75907],[-81.74039,30.7636],[-81.75853,30.77108],[-81.76172,30.7757],[-81.76964,30.77712],[-81.77348,30.767],[-81.77195,30.76381],[-81.78215,30.76134],[-81.78258,30.76607],[-81.7867,30.7698],[-81.78368,30.77288],[-81.79258,30.78548],[-81.8024,30.7872],[-81.80745,30.79012],[-81.81921,30.78991],[-81.8237,30.78683],[-81.82849,30.78936],[-81.83924,30.7866],[-81.85351,30.79463],[-81.86826,30.79285],[-81.87035,30.79748],[-81.88149,30.79992],[-81.88482,30.81153],[-81.8915,30.81675],[-81.89102,30.82247],[-81.90144,30.82992],[-81.90727,30.82556],[-81.90453,30.81774],[-81.91092,30.81613],[-81.92705,30.81757],[-81.93281,30.82041],[-81.93879,30.82884],[-81.9437,30.82598],[-81.9495,30.82787],[-81.96393,30.8181],[-81.96172,30.80099],[-81.9629,30.79585],[-81.96995,30.78908],[-81.97344,30.77883],[-81.97772,30.77664],[-81.98342,30.77812],[-81.99497,30.78607],[-82.00475,30.79139],[-82.0125,30.78933],[-82.01587,30.79159],[-82.02197,30.78823],[-82.02327,30.78269],[-82.01516,30.77197],[-82.01137,30.7626],[-82.02714,30.75113],[-82.03188,30.75048],[-82.03677,30.75443],[-82.03963,30.74773],[-82.03942,30.73719],[-82.04479,30.72848],[-82.04004,30.72459],[-82.03756,30.71864],[-82.03643,30.70659],[-82.04301,30.69826],[-82.04142,30.69359],[-82.04354,30.68473],[-82.05043,30.67627],[-82.04699,30.66593],[-82.04951,30.65555],[-82.04227,30.64945],[-82.03909,30.64113],[-82.03994,30.63714],[-82.0285,30.62183],[-82.02654,30.6133],[-82.02694,30.60615],[-82.0165,30.60248],[-82.01211,30.59377],[-82.00548,30.5635],[-82.01322,30.55009],[-82.01836,30.53118],[-82.01887,30.52383],[-82.01477,30.51301],[-82.01589,30.4955],[-82.01822,30.49209],[-82.01698,30.47878],[-82.01778,30.47508],[-82.02373,30.46729],[-82.02821,30.4474],[-82.0362,30.43846],[-82.03721,30.43452],[-82.034,30.42236],[-82.03997,30.41428],[-82.04199,30.40327],[-82.04116,30.39684],[-82.03587,30.38529],[-82.03682,30.37788],[-82.04075,30.37016],[-82.04997,30.36238],[-82.0497,30.29239],[-82.04924,30.27343],[-82.0115,30.30612],[-81.95487,30.357],[-81.93549,30.37398]]]},"properties":{"STATEFP":"12","COUNTYFP":"089","COUSUBFP":"90364","COUSUBNS":"01935709","GEOIDFQ":"0600000US1208990364","GEOID":"1208990364","NAME":"Callahan-Hilliard","NAMELSAD":"Callahan-Hilliard CCD","STUSPS":"FL","NAMELSADCO":"Nassau County","STATE_NAME":"Florida","LSAD":"22","ALAND":1150932242,"AWATER":2644915}},
{"type":"Feature","geometry":{"type":"Polygon","coordinates":[[[-83.30925,30.6344],[-83.39006,30.63933],[-83.44889,30.64241],[-83.49988,30.64567],[-83.53687,30.64752],[-83.5328,30.62366],[-83.53316,30.59877],[-83.52496,30.58602],[-83.51921,30.57081],[-83.51423,30.5669],[-83.50693,30.55828],[-83.49356,30.5518],[-83.48013,30.54275],[-83.46909,30.52744],[-83.44726,30.5105],[-83.44121,30.502],[-83.43506,30.49652],[-83.43524,30.47588],[-83.4389,30.47848],[-83.44722,30.47995],[-83.45773,30.48701],[-83.46231,30.48857],[-83.49419,30.48821],[-83.49381,30.47021],[-83.48735,30.47045],[-83.48368,30.46756],[-83.48179,30.46177],[-83.48461,30.45718],[-83.49648,30.44763],[-83.49689,30.42419],[-83.4954,30.41966],[-83.50468,30.41591],[-83.51029,30.41098],[-83.51577,30.40208],[-83.52143,30.40009],[-83.54045,30.38635],[-83.5471,30.38053],[-83.55566,30.3766],[-83.56069,30.36924],[-83.56772,30.36196],[-83.58162,30.35394],[-83.582,30.34428],[-83.57721,30.34388],[-83.57003,30.33416],[-83.57691,30.31875],[-83.57781,30.31061],[-83.58669,30.3036],[-83.57897,30.30391],[-83.46877,30.30421],[-83.46927,30.26035],[-83.43379,30.26017],[-83.42737,30.26081],[-83.36726,30.26044],[-83.28315,30.26025],[-83.24725,30.26067],[-83.23936,30.26041],[-83.2402,30.2667],[-83.23167,30.28382],[-83.23301,30.29202],[-83.22483,30.30197],[-83.21314,30.30695],[-83.20992,30.31188],[-83.21415,30.31905],[-83.21402,30.32258],[-83.2079,30.33109],[-83.21275,30.34434],[-83.20871,30.35053],[-83.20486,30.35122],[-83.1983,30.34828],[-83.19014,30.35287],[-83.19359,30.35762],[-83.19208,30.3637],[-83.19216,30.37522],[-83.17795,30.38414],[-83.17562,30.38446],[-83.17097,30.38523],[-83.18003,30.41016],[-83.19478,30.41695],[-83.2041,30.41487],[-83.21097,30.42158],[-83.21708,30.41873],[-83.22009,30.42248],[-83.21855,30.42784],[-83.22209,30.43683],[-83.21981,30.44035],[-83.22279,30.4521],[-83.21766,30.45586],[-83.21958,30.46202],[-83.22587,30.46802],[-83.2436,30.47298],[-83.24323,30.48866],[-83.2408,30.49334],[-83.24283,30.50215],[-83.24056,30.50593],[-83.24405,30.51086],[-83.24257,30.51649],[-83.23894,30.51802],[-83.24403,30.52545],[-83.24733,30.54104],[-83.25436,30.54913],[-83.26081,30.55282],[-83.25602,30.55937],[-83.25792,30.56594],[-83.26222,30.56994],[-83.25963,30.57426],[-83.26273,30.58096],[-83.25662,30.5862],[-83.25989,30.59667],[-83.26779,30.61087],[-83.26691,30.61506],[-83.26911,30.6222],[-83.27565,30.62873],[-83.29312,30.62899],[-83.29485,30.63233],[-83.30184,30.63087],[-83.30925,30.6344]]]},"properties":{"STATEFP":"12","COUNTYFP":"079","COUSUBFP":"92015","COUSUBNS":"01935839","GEOIDFQ":"0600000US1207992015","GEOID":"1207992015","NAME":"Madison","NAMELSAD":"Madison CCD","STUSPS":"FL","NAMELSADCO":"Madison County","STATE_NAME":"Florida","LSAD":"22","ALAND":1118685412,"AWATER":15304033}},
{"type":"Feature","geometry":{"type":"Polygon","coordinates":[[[-83.99139,30.08602],[-83.98605,30.0846],[-83.98924,30.07769],[-83.98323,30.07308],[-83.97359,30.07251],[-83.96752,30.06576],[-83.95968,30.06494],[-83.95166,30.05863],[-83.95088,30.05341],[-83.94569,30.05501],[-83.94386,30.05078],[-83.93908,30.0501],[-83.93188,30.04418],[-83.93367,30.04115],[-83.92536,30.03457],[-83.91382,30.03255],[-83.91315,30.02899],[-83.87403,30.01113],[-83.86296,30.00786],[-83.85888,30.00476],[-83.84543,29.99807],[-83.82869,29.98319],[-83.81946,29.98419],[-83.81257,29.98192],[-83.80773,29.97671],[-83.80265,29.9776],[-83.79264,29.97629],[-83.78984,29.98178],[-83.79654,29.98863],[-83.79738,29.99675],[-83.79371,30.00879],[-83.79398,30.01267],[-83.78953,30.01682],[-83.78845,30.02494],[-83.79054,30.03007],[-83.78595,30.03382],[-83.78903,30.04929],[-83.78863,30.05909],[-83.78638,30.07722],[-83.78787,30.08065],[-83.77957,30.08557],[-83.77702,30.09039],[-83.77627,30.09815],[-83.77304,30.10416],[-83.76332,30.11243],[-83.76203,30.11874],[-83.75518,30.12645],[-83.75321,30.13191],[-83.6676,30.08477],[-83.66279,30.08047],[-83.66698,30.07418],[-83.66155,30.07128],[-83.65455,30.07478],[-83.64284,30.0715],[-83.63872,30.06836],[-83.6377,30.05545],[-83.63363,30.05009],[-83.62656,30.04905],[-83.61153,30.04984],[-83.60616,30.05349],[-83.59607,30.05614],[-83.59523,30.06042],[-83.58573,30.05843],[-83.57983,30.06021],[-83.56394,30.05998],[-83.56316,30.06368],[-83.55487,30.06746],[-83.54877,30.06847],[-83.53888,30.06759],[-83.52365,30.06454],[-83.51149,30.06899],[-83.5048,30.08121],[-83.50181,30.08232],[-83.49297,30.09162],[-83.47735,30.09757],[-83.44228,30.10201],[-83.42246,30.10963],[-83.40351,30.12039],[-83.38126,30.12658],[-83.36845,30.12867],[-83.36856,30.18722],[-83.36678,30.20109],[-83.36726,30.26044],[-83.42737,30.26081],[-83.43379,30.26017],[-83.46927,30.26035],[-83.46877,30.30421],[-83.57897,30.30391],[-83.58669,30.3036],[-83.63683,30.30401],[-83.71748,30.30355],[-83.82023,30.30354],[-83.82027,30.29967],[-83.8258,30.29709],[-83.8385,30.2804],[-83.84487,30.27743],[-83.85375,30.27703],[-83.85426,30.27406],[-83.86139,30.27086],[-83.86765,30.27127],[-83.88167,30.26761],[-83.88294,30.26499],[-83.89243,30.26061],[-83.89687,30.25647],[-83.89733,30.25213],[-83.90477,30.24816],[-83.91537,30.24478],[-83.91754,30.2317],[-83.92064,30.23011],[-83.91656,30.22339],[-83.92054,30.21334],[-83.92577,30.20436],[-83.92439,30.19835],[-83.92726,30.19089],[-83.94042,30.19213],[-83.9513,30.18628],[-83.9508,30.18125],[-83.95692,30.1744],[-83.95779,30.16204],[-83.96308,30.15751],[-83.96179,30.15082],[-83.97306,30.14604],[-83.97332,30.14224],[-83.96863,30.13617],[-83.98,30.11829],[-83.98148,30.11021],[-83.98798,30.10361],[-83.99218,30.09621],[-83.99139,30.08602]]]},"properties":{"STATEFP":"12","COUNTYFP":"123","COUSUBFP":"92704","COUSUBNS":"01935895","GEOIDFQ":"0600000US1212392704","GEOID":"1212392704","NAME":"Perry North","NAMELSAD":"Perry North CCD","STUSPS":"FL","NAMELSADCO":"Taylor County","STATE_NAME":"Florida","LSAD":"22","ALAND":1368827904,"AWATER":341183626}},
{"type":"Feature","geometry":{"type":"MultiPolygon","coordinates":[[[[-80.2586,25.35961],[-80.25896,25.35435],[-80.25313,25.35048],[-80.25028,25.34479],[-80.23934,25.35059],[-80.24139,25.35556],[-80.23315,25.37275],[-80.22912,25.38319],[-80.23139,25.38742],[-80.2258,25.39386],[-80.20383,25.4145],[-80.20412,25.42015],[-80.20045,25.4298],[-80.18977,25.45344],[-80.1899,25.4614],[-80.17856,25.48131],[-80.17667,25.4859],[-80.17853,25.50148],[-80.1807,25.50641],[-80.18864,25.50556],[-80.18938,25.49713],[-80.18088,25.49324],[-80.18326,25.48701],[-80.18718,25.48283],[-80.18834,25.47729],[-80.192,25.47195],[-80.19376,25.46135],[-80.20131,25.4413],[-80.20607,25.43218],[-80.21202,25.42811],[-80.20981,25.42485],[-80.20922,25.41437],[-80.21652,25.40599],[-80.22096,25.40636],[-80.22462,25.40298],[-80.23527,25.40128],[-80.23397,25.39673],[-80.23782,25.39424],[-80.24229,25.39912],[-80.24949,25.39505],[-80.23736,25.39138],[-80.2412,25.38647],[-80.24639,25.38827],[-80.25543,25.38074],[-80.25468,25.36885],[-80.25842,25.36439],[-80.2586,25.35961]]],[[[-80.30352,25.38012],[-80.30227,25.37744],[-80.295,25.37671],[-80.29279,25.37955],[-80.29368,25.38545],[-80.30352,25.38012]]],[[[-80.62479,25.18281],[-80.61445,25.17578],[-80.61232,25.18174],[-80.62479,25.18281]]],[[[-80.85811,25.21114],[-80.85785,25.17661],[-80.84855,25.17765],[-80.83889,25.17593],[-80.83317,25.1726],[-80.82636,25.16065],[-80.80988,25.1689],[-80.8137,25.17593],[-80.81459,25.18271],[-80.80854,25.18443],[-80.7945,25.17987],[-80.79354,25.17642],[-80.79954,25.16311],[-80.78315,25.16587],[-80.77636,25.16057],[-80.77204,25.14855],[-80.76902,25.15045],[-80.77253,25.15608],[-80.77173,25.16104],[-80.763,25.16258],[-80.75428,25.15843],[-80.75161,25.15276],[-80.74231,25.14253],[-80.73285,25.14319],[-80.7216,25.14647],[-80.73148,25.15179],[-80.7411,25.15163],[-80.74742,25.15798],[-80.74587,25.16566],[-80.73878,25.16182],[-80.73029,25.15983],[-80.72908,25.1675],[-80.72457,25.16519],[-80.72239,25.15955],[-80.71069,25.15182],[-80.70829,25.14394],[-80.7031,25.15356],[-80.69783,25.15465],[-80.69807,25.16339],[-80.69166,25.16832],[-80.68809,25.16874],[-80.68136,25.1744],[-80.67098,25.17452],[-80.66682,25.16707],[-80.65768,25.16956],[-80.65326,25.16455],[-80.65565,25.15755],[-80.66171,25.15465],[-80.6705,25.14432],[-80.66884,25.14174],[-80.66191,25.14153],[-80.65256,25.14594],[-80.656,25.15002],[-80.65569,25.1548],[-80.65094,25.15744],[-80.65177,25.16212],[-80.64694,25.17279],[-80.65576,25.17616],[-80.66396,25.1767],[-80.66034,25.18488],[-80.65505,25.18455],[-80.65223,25.19279],[-80.63889,25.19068],[-80.63116,25.1952],[-80.62522,25.1953],[-80.60899,25.2032],[-80.60363,25.20192],[-80.60585,25.19541],[-80.60317,25.1902],[-80.59554,25.19017],[-80.59158,25.19925],[-80.58339,25.20111],[-80.58208,25.21068],[-80.57376,25.21003],[-80.56794,25.21177],[-80.56329,25.20738],[-80.56873,25.20358],[-80.57034,25.19869],[-80.56888,25.19325],[-80.55899,25.19965],[-80.5628,25.2123],[-80.55653,25.21208],[-80.54891,25.21445],[-80.54928,25.20853],[-80.546,25.20604],[-80.53871,25.2053],[-80.54142,25.21206],[-80.52958,25.215],[-80.52423,25.2219],[-80.51934,25.22261],[-80.51049,25.21639],[-80.50633,25.20795],[-80.49798,25.19993],[-80.49479,25.20793],[-80.48787,25.20815],[-80.48703,25.21231],[-80.49487,25.21601],[-80.49513,25.22606],[-80.48732,25.22873],[-80.48041,25.22823],[-80.47448,25.23062],[-80.46843,25.23019],[-80.46715,25.23473],[-80.44143,25.24394],[-80.43538,25.2405],[-80.43348,25.23642],[-80.41887,25.23631],[-80.41865,25.24475],[-80.41095,25.25347],[-80.39786,25.25348],[-80.4005,25.2612],[-80.40002,25.27098],[-80.39812,25.27679],[-80.38588,25.29108],[-80.37914,25.2883],[-80.37902,25.3059],[-80.3761,25.30587],[-80.37367,25.30953],[-80.37064,25.32322],[-80.36086,25.32807],[-80.35873,25.32526],[-80.35164,25.32582],[-80.34931,25.32101],[-80.34227,25.32326],[-80.3426,25.33155],[-80.33095,25.34657],[-80.32633,25.35705],[-80.3228,25.36147],[-80.31827,25.36291],[-80.31036,25.3731],[-80.30542,25.38774],[-80.31267,25.38796],[-80.32044,25.39149],[-80.32792,25.39684],[-80.32564,25.41017],[-80.32822,25.4161],[-80.32609,25.41944],[-80.32533,25.43081],[-80.32044,25.43715],[-80.32606,25.43794],[-80.33052,25.44297],[-80.33064,25.45066],[-80.33694,25.45619],[-80.33443,25.46329],[-80.41192,25.46286],[-80.41233,25.49958],[-80.43695,25.49945],[-80.43691,25.50676],[-80.43345,25.5142],[-80.51029,25.5135],[-80.5097,25.4696],[-80.50163,25.46962],[-80.50134,25.41846],[-80.51271,25.4181],[-80.52719,25.4048],[-80.5335,25.40366],[-80.55989,25.40351],[-80.58011,25.39498],[-80.58929,25.39423],[-80.5948,25.39601],[-80.63281,25.41584],[-80.63797,25.41734],[-80.65969,25.41682],[-80.66933,25.41819],[-80.67717,25.42119],[-80.69057,25.43181],[-80.69672,25.43548],[-80.70479,25.43729],[-80.71155,25.43689],[-80.73559,25.43298],[-80.75432,25.43368],[-80.76282,25.43206],[-80.77474,25.42458],[-80.78387,25.41127],[-80.79083,25.40265],[-80.80743,25.38559],[-80.8146,25.37531],[-80.81992,25.36409],[-80.82137,25.35713],[-80.8195,25.34794],[-80.81587,25.34258],[-80.80463,25.33517],[-80.80099,25.33137],[-80.79829,25.32235],[-80.79849,25.25049],[-80.80214,25.24524],[-80.85811,25.21114]]]]},"properties":{"STATEFP":"12","COUNTYFP":"086","COUSUBFP":"91534","COUSUBNS":"01935800","GEOIDFQ":"0600000US1208691534","GEOID":"1208691534","NAME":"Homestead","NAMELSAD":"Homestead CCD","STUSPS":"FL","NAMELSADCO":"Miami-Dade County","STATE_NAME":"Florida","LSAD":"22","ALAND":1167662132,"AWATER":603289225}},
{"type":"Feature","geometry":{"type":"Polygon","coordinates":[[[-81.6609,30.56165],[-81.66228,30.55459],[-81.6685,30.55481],[-81.66783,30.56067],[-81.68114,30.56303],[-81.6842,30.56636],[-81.69553,30.56732],[-81.69873,30.56934],[-81.70957,30.5659],[-81.71594,30.57124],[-81.72244,30.57094],[-81.73521,30.55903],[-81.73423,30.55354],[-81.73778,30.54986],[-81.73565,30.54486],[-81.73842,30.53457],[-81.74692,30.53082],[-81.75614,30.53115],[-81.76375,30.53492],[-81.76532,30.51865],[-81.78162,30.50334],[-81.79492,30.50541],[-81.80953,30.48454],[-81.83121,30.46745],[-81.77514,30.4122],[-81.77521,30.41567],[-81.75697,30.41586],[-81.75261,30.40828],[-81.74064,30.41608],[-81.73531,30.42139],[-81.72719,30.41821],[-81.71635,30.41896],[-81.71125,30.41762],[-81.69683,30.41813],[-81.68922,30.4174],[-81.68269,30.42018],[-81.67512,30.41764],[-81.67382,30.40844],[-81.65692,30.39364],[-81.64305,30.39484],[-81.63761,30.3907],[-81.62642,30.38694],[-81.62382,30.39204],[-81.61312,30.40294],[-81.60122,30.40285],[-81.60122,30.41247],[-81.59695,30.41267],[-81.58333,30.40936],[-81.56531,30.39058],[-81.55813,30.38523],[-81.53835,30.38572],[-81.53661,30.38874],[-81.51261,30.39274],[-81.50521,30.39074],[-81.49091,30.39214],[-81.47081,30.39204],[-81.45931,30.38394],[-81.45031,30.38094],[-81.43901,30.38654],[-81.42355,30.403],[-81.41132,30.40241],[-81.40368,30.40477],[-81.40371,30.40909],[-81.41247,30.42289],[-81.40808,30.43464],[-81.40828,30.44066],[-81.4124,30.46821],[-81.4132,30.48291],[-81.41559,30.48476],[-81.43239,30.48722],[-81.4437,30.49879],[-81.45593,30.51338],[-81.45555,30.52202],[-81.45895,30.5242],[-81.47994,30.53345],[-81.488,30.54217],[-81.49096,30.55462],[-81.49957,30.56379],[-81.51401,30.56734],[-81.52381,30.55634],[-81.51978,30.54668],[-81.52138,30.5388],[-81.53024,30.52629],[-81.54302,30.52389],[-81.55078,30.53156],[-81.55093,30.54303],[-81.55525,30.54453],[-81.56781,30.53664],[-81.57722,30.53804],[-81.58782,30.54669],[-81.5888,30.55047],[-81.58324,30.56449],[-81.59213,30.56533],[-81.61065,30.55501],[-81.61307,30.56419],[-81.60146,30.56767],[-81.60332,30.57259],[-81.611,30.57594],[-81.60431,30.58403],[-81.60939,30.58476],[-81.61376,30.58052],[-81.62033,30.58224],[-81.62451,30.58623],[-81.6345,30.5818],[-81.64186,30.58009],[-81.65112,30.57181],[-81.65618,30.57003],[-81.6609,30.56165]]]},"properties":{"STATEFP":"12","COUNTYFP":"031","COUSUBFP":"91644","COUSUBNS":"02583398","GEOIDFQ":"0600000US1203191644","GEOID":"1203191644","NAME":"Jacksonville North","NAMELSAD":"Jacksonville North CCD","STUSPS":"FL","NAMELSADCO":"Duval County","STATE_NAME":"Florida","LSAD":"22","ALAND":528465955,"AWATER":148712541}},
{"type":"Feature","geometry":{"type":"Polygon","coordinates":[[[-84.43628,29.97898],[-84.4376,29.98813],[-84.43415,29.9905],[-84.42892,29.9869],[-84.41882,29.98329],[-84.40896,29.98494],[-84.3947,29.98237],[-84.38531,29.97722],[-84.37283,29.97609],[-84.36047,29.97125],[-84.3483,29.96906],[-84.34175,29.97026],[-84.34015,29.97537],[-84.34466,29.98504],[-84.35215,29.97907],[-84.35643,29.98041],[-84.36196,29.98774],[-84.36089,29.99796],[-84.36611,30.00866],[-84.3616,30.01566],[-84.35662,30.01856],[-84.35239,30.01291],[-84.34432,30.02247],[-84.34545,30.027],[-84.33951,30.02926],[-84.33428,30.03708],[-84.32544,30.04231],[-84.32904,30.04534],[-84.35974,30.06357],[-84.37194,30.08226],[-84.37172,30.09086],[-84.37942,30.10079],[-84.38408,30.11981],[-84.38778,30.12862],[-84.38787,30.13926],[-84.39398,30.13932],[-84.39621,30.14366],[-84.39618,30.17401],[-84.40447,30.18062],[-84.40517,30.18547],[-84.40984,30.19062],[-84.41238,30.19681],[-84.41952,30.20117],[-84.426,30.20154],[-84.43079,30.20459],[-84.43627,30.2035],[-84.43875,30.2084],[-84.4427,30.20859],[-84.45301,30.21557],[-84.45786,30.21697],[-84.46307,30.2227],[-84.46647,30.23309],[-84.4863,30.24325],[-84.49513,30.25726],[-84.49337,30.26443],[-84.49738,30.27267],[-84.49553,30.27554],[-84.50084,30.28534],[-84.50629,30.29039],[-84.50716,30.29777],[-84.50434,30.30186],[-84.62772,30.3005],[-84.71335,30.30017],[-84.72921,30.28744],[-84.73084,30.28044],[-84.73058,30.26969],[-84.73785,30.26565],[-84.72661,30.25672],[-84.71222,30.25044],[-84.70554,30.2518],[-84.6999,30.24612],[-84.69724,30.23715],[-84.70103,30.23197],[-84.69549,30.22733],[-84.69272,30.22214],[-84.68764,30.22226],[-84.68187,30.21771],[-84.68014,30.20676],[-84.68144,30.20219],[-84.67596,30.20074],[-84.67809,30.19544],[-84.67825,30.18809],[-84.66834,30.18259],[-84.66949,30.16569],[-84.66764,30.16144],[-84.67062,30.15756],[-84.669,30.15311],[-84.67254,30.15041],[-84.66962,30.14446],[-84.67216,30.1409],[-84.66757,30.13478],[-84.66926,30.1252],[-84.66432,30.1202],[-84.66081,30.1202],[-84.64844,30.10808],[-84.65052,30.10124],[-84.65455,30.09992],[-84.64257,30.08736],[-84.64241,30.08329],[-84.63559,30.0774],[-84.63508,30.07164],[-84.63016,30.06495],[-84.62113,30.06651],[-84.61604,30.06536],[-84.60978,30.05972],[-84.60392,30.04634],[-84.59419,30.04231],[-84.59881,30.03787],[-84.59105,30.02964],[-84.57246,30.01964],[-84.56618,30.01739],[-84.55838,30.02212],[-84.55569,30.01478],[-84.55057,30.01461],[-84.54445,30.01103],[-84.54821,30.00619],[-84.54124,30.0024],[-84.53122,30.00737],[-84.52501,30.00522],[-84.51896,29.99513],[-84.52469,29.98665],[-84.52174,29.98075],[-84.51409,29.98048],[-84.51195,29.98338],[-84.51413,29.98908],[-84.49151,29.98712],[-84.48709,29.98846],[-84.47674,29.99967],[-84.46771,30.00185],[-84.46161,29.99648],[-84.45885,29.98869],[-84.4584,29.9752],[-84.45249,29.97125],[-84.44419,29.9818],[-84.43628,29.97898]]]},"properties":{"STATEFP":"12","COUNTYFP":"129","COUSUBFP":"93627","COUSUBNS":"01935971","GEOIDFQ":"0600000US1212993627","GEOID":"1212993627","NAME":"West Wakulla","NAMELSAD":"West Wakulla CCD","STUSPS":"FL","NAMELSADCO":"Wakulla County","STATE_NAME":"Florida","LSAD":"22","ALAND":803837711,"AWATER":462141749}},
{"type":"Feature","geometry":{"type":"Polygon","coordinates":[[[-80.87315,27.64229],[-80.87379,27.73385],[-80.88007,27.7337],[-80.88157,27.82251],[-80.86888,27.82252],[-80.86957,27.94787],[-80.86997,27.98257],[-80.86931,28.08473],[-80.86288,28.08475],[-80.86158,28.24656],[-80.86139,28.25228],[-80.86291,28.34749],[-81.1742,28.34818],[-81.1743,28.33407],[-81.16586,28.32199],[-81.16853,28.31653],[-81.16158,28.31378],[-81.16244,28.3038],[-81.15624,28.29161],[-81.16325,28.26311],[-81.1768,28.26265],[-81.18269,28.26656],[-81.18865,28.2609],[-81.18735,28.24665],[-81.18448,28.24342],[-81.18681,28.23713],[-81.1966,28.22898],[-81.20167,28.21474],[-81.21363,28.20859],[-81.22229,28.20167],[-81.22887,28.18204],[-81.23652,28.17519],[-81.24006,28.1643],[-81.24282,28.14356],[-81.24525,28.13949],[-81.25014,28.13804],[-81.25544,28.13083],[-81.25381,28.12097],[-81.25486,28.10283],[-81.25209,28.09952],[-81.25482,28.0875],[-81.26039,28.07847],[-81.27032,28.07203],[-81.27639,28.07146],[-81.30194,28.0754],[-81.34719,28.0763],[-81.34634,28.06967],[-81.35349,28.06706],[-81.36501,28.06822],[-81.36681,28.06167],[-81.36446,28.04688],[-81.36186,28.04372],[-81.36372,28.03776],[-81.37556,28.02971],[-81.37901,28.02203],[-81.37648,28.01585],[-81.38248,28.01236],[-81.38569,28.01723],[-81.39205,28.0196],[-81.39397,28.02803],[-81.40585,28.02897],[-81.41786,28.03802],[-81.42804,28.03935],[-81.43253,28.04326],[-81.43541,28.05295],[-81.44336,28.05919],[-81.45745,28.05508],[-81.45997,28.04717],[-81.45849,28.04183],[-81.44834,28.0323],[-81.4403,28.03387],[-81.43245,28.02238],[-81.4292,28.02098],[-81.42455,28.01248],[-81.41998,28.00179],[-81.4135,28.00083],[-81.39251,28.00456],[-81.38699,28.00362],[-81.38273,27.99779],[-81.37845,27.98851],[-81.3765,27.97825],[-81.3706,27.97793],[-81.36515,27.9729],[-81.34983,27.96376],[-81.34796,27.96067],[-81.34899,27.95333],[-81.33665,27.94958],[-81.33847,27.93998],[-81.34587,27.94145],[-81.34757,27.93893],[-81.34212,27.93332],[-81.30855,27.92158],[-81.30917,27.9153],[-81.31239,27.90991],[-81.31491,27.90124],[-81.31198,27.89433],[-81.30611,27.88618],[-81.30591,27.87752],[-81.30338,27.87039],[-81.29771,27.86349],[-81.29711,27.85958],[-81.28965,27.8573],[-81.28132,27.85747],[-81.2791,27.852],[-81.26081,27.84696],[-81.25417,27.84883],[-81.24647,27.84879],[-81.22952,27.84183],[-81.21441,27.82855],[-81.21308,27.82335],[-81.20812,27.82113],[-81.20993,27.81724],[-81.20179,27.80496],[-81.20009,27.79696],[-81.19631,27.79077],[-81.18956,27.78532],[-81.18467,27.77293],[-81.1782,27.77053],[-81.17912,27.76582],[-81.1729,27.76049],[-81.17801,27.75893],[-81.1785,27.75194],[-81.16501,27.74218],[-81.16441,27.73604],[-81.16863,27.73223],[-81.16873,27.72599],[-81.16076,27.72379],[-81.15997,27.71926],[-81.1526,27.71829],[-81.14577,27.71018],[-81.14925,27.70315],[-81.14731,27.69581],[-81.149,27.69203],[-81.14622,27.68651],[-81.14409,27.66928],[-81.13104,27.65931],[-81.13247,27.64747],[-81.14216,27.64324],[-81.02292,27.64199],[-80.87315,27.64229]]]},"properties":{"STATEFP":"12","COUNTYFP":"097","COUSUBFP":"93146","COUSUBNS":"01935929","GEOIDFQ":"0600000US1209793146","GEOID":"1209793146","NAME":"South and East Osceola","NAMELSAD":"South and East Osceola CCD","STUSPS":"FL","NAMELSADCO":"Osceola County","STATE_NAME":"Florida","LSAD":"22","ALAND":2588350601,"AWATER":301220555}},
{"type":"Feature","geometry":{"type":"Polygon","coordinates":[[[-81.66075,27.9785],[-81.66866,27.97488],[-81.66894,27.96032],[-81.67712,27.9603],[-81.6768,27.94867],[-81.66866,27.93416],[-81.66864,27.92372],[-81.67648,27.92365],[-81.65057,27.893],[-81.64434,27.88113],[-81.63845,27.81411],[-81.63598,27.80873],[-81.60264,27.75935],[-81.59046,27.75925],[-81.58772,27.75538],[-81.55106,27.75573],[-81.55118,27.77034],[-81.52161,27.77032],[-81.5189,27.76527],[-81.51266,27.7594],[-81.4669,27.75959],[-81.43358,27.76632],[-81.38271,27.76637],[-81.38016,27.76666],[-81.3288,27.78682],[-81.3159,27.80618],[-81.3146,27.80596],[-81.20292,27.80483],[-81.20179,27.80496],[-81.20993,27.81724],[-81.20812,27.82113],[-81.21308,27.82335],[-81.21441,27.82855],[-81.22952,27.84183],[-81.24647,27.84879],[-81.25417,27.84883],[-81.26081,27.84696],[-81.2791,27.852],[-81.28132,27.85747],[-81.28965,27.8573],[-81.29711,27.85958],[-81.29771,27.86349],[-81.30338,27.87039],[-81.30591,27.87752],[-81.30611,27.88618],[-81.31198,27.89433],[-81.31491,27.90124],[-81.31239,27.90991],[-81.30917,27.9153],[-81.30855,27.92158],[-81.34212,27.93332],[-81.34757,27.93893],[-81.34587,27.94145],[-81.33847,27.93998],[-81.33665,27.94958],[-81.34899,27.95333],[-81.34796,27.96067],[-81.34983,27.96376],[-81.36515,27.9729],[-81.3706,27.97793],[-81.3765,27.97825],[-81.37845,27.98851],[-81.38273,27.99779],[-81.38699,28.00362],[-81.39251,28.00456],[-81.4135,28.00083],[-81.41998,28.00179],[-81.42455,28.01248],[-81.43685,28.00753],[-81.44392,27.99987],[-81.44347,27.99757],[-81.45264,27.98705],[-81.45007,27.96905],[-81.45378,27.96752],[-81.45987,27.96077],[-81.46739,27.9572],[-81.48055,27.96323],[-81.48442,27.96152],[-81.49935,27.96329],[-81.51011,27.95592],[-81.51559,27.95757],[-81.52444,27.9557],[-81.53294,27.95843],[-81.53843,27.96409],[-81.5383,27.97168],[-81.54496,27.98117],[-81.55031,27.98623],[-81.54592,27.9974],[-81.57862,27.99739],[-81.57872,27.98278],[-81.59484,27.98263],[-81.5947,27.95945],[-81.60487,27.96058],[-81.61187,27.95747],[-81.62208,27.95696],[-81.62806,27.96813],[-81.63061,27.97882],[-81.66075,27.9785]]]},"properties":{"STATEFP":"12","COUNTYFP":"105","COUSUBFP":"91859","COUSUBNS":"01935826","GEOIDFQ":"0600000US1210591859","GEOID":"1210591859","NAME":"Lake Wales","NAMELSAD":"Lake Wales CCD","STUSPS":"FL","NAMELSADCO":"Polk County","STATE_NAME":"Florida","LSAD":"22","ALAND":698889218,"AWATER":109998804}},
{"type":"Feature","geometry":{"type":"Polygon","coordinates":[[[-80.67786,27.20599],[-80.67743,27.12162],[-80.68564,27.11469],[-80.88564,26.95892],[-80.61806,26.95783],[-80.58024,26.95793],[-80.4824,26.95795],[-80.44379,26.95768],[-80.37484,26.95839],[-80.28743,26.95784],[-80.25474,26.95712],[-80.16711,26.95663],[-80.19195,26.99059],[-80.19513,26.99376],[-80.23183,27.02581],[-80.23722,27.03284],[-80.2394,27.04132],[-80.23981,27.05446],[-80.24185,27.06113],[-80.2565,27.09378],[-80.26883,27.10904],[-80.27478,27.11764],[-80.32421,27.19049],[-80.33182,27.20572],[-80.37199,27.20611],[-80.37594,27.20558],[-80.48141,27.20637],[-80.58047,27.20603],[-80.67786,27.20599]]]},"properties":{"STATEFP":"12","COUNTYFP":"085","COUSUBFP":"91586","COUSUBNS":"01935805","GEOIDFQ":"0600000US1208591586","GEOID":"1208591586","NAME":"Indiantown","NAMELSAD":"Indiantown CCD","STUSPS":"FL","NAMELSADCO":"Martin County","STATE_NAME":"Florida","LSAD":"22","ALAND":1062374654,"AWATER":276646885}},
{"type":"Feature","geometry":{"type":"Polygon","coordinates":[[[-87.48842,30.99807],[-87.49192,30.98205],[-87.4853,30.96548],[-87.48755,30.94636],[-87.48793,30.93437],[-87.48053,30.92298],[-87.47921,30.91074],[-87.48116,30.90383],[-87.47609,30.89649],[-87.46101,30.88834],[-87.45148,30.88539],[-87.4468,30.88057],[-87.44178,30.8696],[-87.44255,30.85936],[-87.43514,30.84502],[-87.43561,30.82274],[-87.42792,30.81346],[-87.42429,30.80649],[-87.42337,30.79993],[-87.42037,30.79553],[-87.40824,30.78623],[-87.38497,30.76548],[-87.37473,30.75024],[-87.35789,30.73891],[-87.34194,30.72508],[-87.3362,30.71216],[-87.33165,30.69529],[-87.31927,30.67818],[-87.32168,30.66337],[-87.32108,30.65034],[-87.30159,30.66091],[-87.2667,30.67029],[-87.26888,30.67857],[-87.2655,30.688],[-87.27037,30.69141],[-87.27312,30.69866],[-87.26844,30.70626],[-87.27223,30.71618],[-87.27886,30.71647],[-87.28091,30.71936],[-87.29404,30.72109],[-87.29483,30.71781],[-87.3085,30.72691],[-87.31241,30.73477],[-87.3106,30.74042],[-87.31033,30.75166],[-87.30419,30.76553],[-87.30997,30.77848],[-87.30546,30.79857],[-87.29933,30.80139],[-87.29308,30.81235],[-87.29688,30.81512],[-87.29836,30.82735],[-87.30159,30.82799],[-87.30344,30.83848],[-87.31391,30.84871],[-87.31062,30.85495],[-87.30812,30.86444],[-87.30153,30.86343],[-87.29844,30.88125],[-87.29404,30.88445],[-87.28449,30.88799],[-87.28601,30.89503],[-87.2856,30.90805],[-87.28218,30.9104],[-87.28428,30.9158],[-87.28229,30.92483],[-87.27539,30.92705],[-87.27598,30.93009],[-87.26758,30.93474],[-87.26176,30.93515],[-87.2555,30.93159],[-87.25059,30.93875],[-87.24122,30.94919],[-87.2359,30.964],[-87.22763,30.96111],[-87.21838,30.96375],[-87.20489,30.96988],[-87.19713,30.9765],[-87.18925,30.97656],[-87.18716,30.98144],[-87.17496,30.98862],[-87.17367,30.99587],[-87.16913,30.9932],[-87.16365,30.99902],[-87.22475,30.99717],[-87.23768,30.99639],[-87.25498,30.99829],[-87.31218,30.99844],[-87.42577,30.99809],[-87.45866,30.99839],[-87.48842,30.99807]]]},"properties":{"STATEFP":"12","COUNTYFP":"033","COUSUBFP":"90507","COUSUBNS":"01935720","GEOIDFQ":"0600000US1203390507","GEOID":"1203390507","NAME":"Century","NAMELSAD":"Century CCD","STUSPS":"FL","NAMELSADCO":"Escambia County","STATE_NAME":"Florida","LSAD":"22","ALAND":497870547,"AWATER":8407078}},
{"type":"Feature","geometry":{"type":"Polygon","coordinates":[[[-81.82282,28.10331],[-81.82159,28.08442],[-81.81746,28.0769],[-81.81754,28.05704],[-81.81334,28.05771],[-81.81323,28.04163],[-81.81498,28.02321],[-81.82135,28.017],[-81.82115,28.01034],[-81.83936,28.01013],[-81.84518,28.00825],[-81.85144,28.00194],[-81.85258,27.99229],[-81.84947,27.98834],[-81.85177,27.98319],[-81.8567,27.98054],[-81.8589,27.96983],[-81.85773,27.95657],[-81.85602,27.9529],[-81.8509,27.93869],[-81.84509,27.93294],[-81.84158,27.93219],[-81.82629,27.92265],[-81.8136,27.93533],[-81.80527,27.94229],[-81.79873,27.94566],[-81.79567,27.9349],[-81.79272,27.93253],[-81.79536,27.92627],[-81.79608,27.91678],[-81.7945,27.90925],[-81.75602,27.90942],[-81.74793,27.91186],[-81.74001,27.91624],[-81.71811,27.91633],[-81.71724,27.92368],[-81.67648,27.92365],[-81.66864,27.92372],[-81.66866,27.93416],[-81.6768,27.94867],[-81.67712,27.9603],[-81.66894,27.96032],[-81.66866,27.97488],[-81.66075,27.9785],[-81.66064,27.99344],[-81.66388,27.99763],[-81.66088,28.00071],[-81.66101,28.0224],[-81.66513,28.02246],[-81.66486,28.02945],[-81.64984,28.03109],[-81.64974,28.03413],[-81.65818,28.03712],[-81.66369,28.04133],[-81.66658,28.04821],[-81.67092,28.05364],[-81.66884,28.06025],[-81.65652,28.07143],[-81.65408,28.06804],[-81.64882,28.07241],[-81.6497,28.08494],[-81.64721,28.09709],[-81.64303,28.10663],[-81.64814,28.11095],[-81.66135,28.11457],[-81.70255,28.10406],[-81.71287,28.10063],[-81.71282,28.11014],[-81.73119,28.11016],[-81.73169,28.11746],[-81.73928,28.11738],[-81.7397,28.1138],[-81.74945,28.1151],[-81.75643,28.11386],[-81.75514,28.10542],[-81.75514,28.08813],[-81.77265,28.08819],[-81.77293,28.09924],[-81.7893,28.09941],[-81.78929,28.11013],[-81.79696,28.1102],[-81.81113,28.11376],[-81.81863,28.11274],[-81.81825,28.10325],[-81.82282,28.10331]]]},"properties":{"STATEFP":"12","COUNTYFP":"105","COUSUBFP":"93718","COUSUBNS":"01935978","GEOIDFQ":"0600000US1210593718","GEOID":"1210593718","NAME":"Winter Haven-Auburndale","NAMELSAD":"Winter Haven-Auburndale CCD","STUSPS":"FL","NAMELSADCO":"Polk County","STATE_NAME":"Florida","LSAD":"22","ALAND":266501724,"AWATER":82496919}},
{"type":"Feature","geometry":{"type":"MultiPolygon","coordinates":[[[[-80.37914,25.2883],[-80.37245,25.2871],[-80.37126,25.2914],[-80.37706,25.30219],[-80.3761,25.30587],[-80.37902,25.3059],[-80.37914,25.2883]]],[[[-80.43348,25.23642],[-80.43051,25.22348],[-80.41765,25.19878],[-80.41497,25.19633],[-80.39389,25.1884],[-80.3886,25.18489],[-80.39357,25.17672],[-80.41808,25.14767],[-80.42495,25.14324],[-80.42469,25.13129],[-80.42672,25.12661],[-80.44301,25.12855],[-80.44681,25.12306],[-80.44245,25.12227],[-80.43389,25.11387],[-80.4333,25.10785],[-80.44304,25.09784],[-80.4434,25.09536],[-80.45136,25.08848],[-80.45992,25.08546],[-80.46105,25.07911],[-80.48671,25.05283],[-80.49674,25.04701],[-80.50134,25.0419],[-80.5008,25.03853],[-80.50972,25.02806],[-80.51393,25.02788],[-80.51327,25.01753],[-80.51589,25.01473],[-80.52686,25.01826],[-80.53998,25.0135],[-80.54383,25.01397],[-80.54287,25.00137],[-80.54745,24.99827],[-80.55263,24.98371],[-80.55661,24.97884],[-80.55591,24.97451],[-80.56384,24.96993],[-80.56942,24.96199],[-80.5781,24.96231],[-80.58155,24.96526],[-80.5866,24.96173],[-80.59444,24.96792],[-80.59884,24.96615],[-80.60062,24.95958],[-80.59575,24.95398],[-80.60145,24.94859],[-80.61088,24.95275],[-80.61334,24.94417],[-80.62318,24.94671],[-80.62389,24.93991],[-80.62162,24.93362],[-80.6295,24.92491],[-80.63202,24.92433],[-80.63912,24.91579],[-80.64333,24.91284],[-80.64971,24.91353],[-80.65213,24.90727],[-80.66065,24.90398],[-80.65769,24.89735],[-80.63384,24.91428],[-80.62285,24.92676],[-80.6074,24.94049],[-80.59808,24.94744],[-80.56934,24.95477],[-80.5613,24.96478],[-80.55169,24.97154],[-80.54769,24.97891],[-80.5356,24.99161],[-80.53181,24.99825],[-80.51637,25.00379],[-80.51595,25.00793],[-80.5096,25.01435],[-80.49887,25.01904],[-80.48957,25.03002],[-80.49363,25.03883],[-80.48476,25.04571],[-80.47214,25.06154],[-80.46146,25.0701],[-80.44884,25.07338],[-80.44315,25.07619],[-80.43046,25.08971],[-80.43012,25.09779],[-80.42391,25.1044],[-80.41951,25.10236],[-80.41032,25.10287],[-80.39972,25.10849],[-80.38883,25.12089],[-80.38535,25.12132],[-80.38143,25.12803],[-80.37714,25.13034],[-80.36952,25.14992],[-80.35818,25.15323],[-80.35436,25.16329],[-80.35367,25.17025],[-80.36437,25.16723],[-80.36734,25.16874],[-80.36045,25.17713],[-80.35305,25.18307],[-80.35142,25.1905],[-80.34352,25.19545],[-80.34074,25.20495],[-80.33754,25.20639],[-80.3346,25.2162],[-80.33042,25.21899],[-80.32222,25.23398],[-80.31587,25.23892],[-80.31407,25.24496],[-80.30795,25.25603],[-80.29679,25.27204],[-80.28739,25.28409],[-80.27897,25.30039],[-80.27765,25.3103],[-80.26969,25.32028],[-80.26,25.32485],[-80.25302,25.34049],[-80.2605,25.3464],[-80.25765,25.3507],[-80.26697,25.35206],[-80.27369,25.34715],[-80.27614,25.33798],[-80.28058,25.32873],[-80.28917,25.32391],[-80.29046,25.3152],[-80.30463,25.30532],[-80.30662,25.30061],[-80.3149,25.29625],[-80.32571,25.2881],[-80.33269,25.28534],[-80.33983,25.29085],[-80.346,25.28703],[-80.35663,25.2836],[-80.35569,25.27732],[-80.34417,25.27657],[-80.34119,25.27163],[-80.34024,25.26486],[-80.33371,25.26572],[-80.33216,25.26303],[-80.33276,25.25142],[-80.33501,25.24777],[-80.33442,25.24046],[-80.33977,25.22702],[-80.34512,25.22197],[-80.35284,25.20756],[-80.37185,25.20628],[-80.37257,25.19874],[-80.38053,25.20025],[-80.38944,25.19788],[-80.39146,25.19262],[-80.40168,25.19208],[-80.41297,25.19606],[-80.41666,25.19874],[-80.42082,25.20649],[-80.42046,25.21197],[-80.41309,25.22648],[-80.41357,25.23551],[-80.39978,25.23842],[-80.39705,25.24788],[-80.39786,25.25348],[-80.41095,25.25347],[-80.41865,25.24475],[-80.41887,25.23631],[-80.43348,25.23642]]],[[[-80.46085,25.05081],[-80.45907,25.04806],[-80.44827,25.05015],[-80.44864,25.05367],[-80.46085,25.05081]]],[[[-80.66991,24.92347],[-80.66639,24.91852],[-80.66139,24.9219],[-80.66515,24.92816],[-80.66991,24.92347]]],[[[-80.704,24.90206],[-80.70259,24.89704],[-80.69642,24.89665],[-80.6934,24.89953],[-80.69697,24.90808],[-80.70049,24.90807],[-80.704,24.90206]]],[[[-80.74106,24.85372],[-80.73517,24.84882],[-80.72576,24.85791],[-80.71073,24.86397],[-80.70333,24.86835],[-80.69599,24.87773],[-80.68987,24.88176],[-80.69642,24.88445],[-80.70409,24.8803],[-80.70467,24.87255],[-80.71232,24.86682],[-80.72065,24.86247],[-80.7263,24.86657],[-80.73297,24.86432],[-80.74053,24.85663],[-80.74106,24.85372]]]]},"properties":{"STATEFP":"12","COUNTYFP":"087","COUSUBFP":"93471","COUSUBNS":"01935959","GEOIDFQ":"0600000US1208793471","GEOID":"1208793471","NAME":"Upper Keys","NAMELSAD":"Upper Keys CCD","STUSPS":"FL","NAMELSADCO":"Monroe County","STATE_NAME":"Florida","LSAD":"22","ALAND":111226999,"AWATER":748653565}},
{"type":"Feature","geometry":{"type":"MultiPolygon","coordinates":[[[[-82.46433,29.04519],[-82.47055,29.04658],[-82.47292,29.0512],[-82.47764,29.05248],[-82.48807,29.05145],[-82.49838,29.04178],[-82.50861,29.04033],[-82.513,29.04316],[-82.52048,29.03979],[-82.52581,29.04312],[-82.53559,29.04486],[-82.53808,29.04225],[-82.54582,29.04179],[-82.55674,29.03361],[-82.56389,29.03588],[-82.5727,29.03238],[-82.57697,29.02807],[-82.58359,29.02798],[-82.59362,29.03004],[-82.59788,29.02793],[-82.60168,29.02129],[-82.60213,29.01345],[-82.61265,29.00927],[-82.62904,29.01399],[-82.63094,29.01648],[-82.63897,29.01825],[-82.65269,29.02304],[-82.67547,29.0262],[-82.67691,29.03026],[-82.68354,29.03056],[-82.68981,29.03396],[-82.70596,29.03077],[-82.71204,29.03083],[-82.71934,29.02612],[-82.72692,29.01787],[-82.73969,29.01245],[-82.74818,29.00506],[-82.75542,29.00187],[-82.75448,28.99792],[-82.75942,28.99241],[-82.75198,28.98797],[-82.75716,28.98595],[-82.74358,28.97819],[-82.74367,28.97019],[-82.73261,28.96659],[-82.72572,28.96223],[-82.72386,28.95351],[-82.70879,28.93598],[-82.69601,28.93082],[-82.69625,28.9252],[-82.70148,28.91938],[-82.69554,28.91626],[-82.69577,28.91043],[-82.68886,28.90561],[-82.68977,28.8855],[-82.70061,28.8785],[-82.72789,28.87125],[-82.73096,28.8584],[-82.73383,28.85219],[-82.72939,28.84768],[-82.72762,28.83925],[-82.73659,28.83591],[-82.7387,28.8248],[-82.73214,28.82051],[-82.73024,28.81593],[-82.7224,28.80948],[-82.71503,28.80635],[-82.71313,28.79969],[-82.70671,28.7976],[-82.70033,28.79224],[-82.69815,28.79635],[-82.6915,28.79219],[-82.69197,28.78886],[-82.70254,28.77743],[-82.6972,28.77407],[-82.69828,28.75701],[-82.69791,28.7476],[-82.69007,28.73656],[-82.69387,28.73343],[-82.70481,28.73593],[-82.70837,28.72843],[-82.71503,28.72697],[-82.72073,28.71863],[-82.72084,28.7137],[-82.70481,28.71447],[-82.69529,28.70802],[-82.69103,28.70172],[-82.6751,28.69821],[-82.67459,28.69406],[-82.5524,28.69464],[-82.5074,28.69467],[-82.45142,28.69481],[-82.45174,28.77213],[-82.45054,28.77716],[-82.45067,28.79084],[-82.45424,28.79435],[-82.48334,28.79927],[-82.48767,28.8045],[-82.4878,28.8517],[-82.48819,28.86883],[-82.48986,28.8809],[-82.4742,28.91288],[-82.44822,28.9413],[-82.44012,28.95556],[-82.42735,28.9649],[-82.42075,28.96581],[-82.42337,28.97592],[-82.41896,28.97647],[-82.42017,28.98506],[-82.40536,28.98391],[-82.40296,28.99088],[-82.41082,28.99115],[-82.4108,29.00531],[-82.42046,29.00925],[-82.4306,29.01491],[-82.44724,29.03111],[-82.46836,29.03054],[-82.46433,29.04519]]],[[[-82.75733,28.80073],[-82.74925,28.7976],[-82.7464,28.79136],[-82.74748,28.78338],[-82.73671,28.77371],[-82.73143,28.78407],[-82.72381,28.79045],[-82.73048,28.7974],[-82.74212,28.80323],[-82.75733,28.80073]]]]},"properties":{"STATEFP":"12","COUNTYFP":"017","COUSUBFP":"90715","COUSUBNS":"01935736","GEOIDFQ":"0600000US1201790715","GEOID":"1201790715","NAME":"Crystal River","NAMELSAD":"Crystal River CCD","STUSPS":"FL","NAMELSADCO":"Citrus County","STATE_NAME":"Florida","LSAD":"22","ALAND":832978554,"AWATER":887973587}},
{"type":"Feature","geometry":{"type":"Polygon","coordinates":[[[-86.79358,30.63665],[-86.79386,30.62594],[-86.7956,30.61718],[-86.79893,30.431],[-86.79919,30.41639],[-86.77848,30.41592],[-86.76875,30.41006],[-86.76431,30.41571],[-86.71476,30.41453],[-86.7147,30.40728],[-86.70797,30.40604],[-86.68767,30.40476],[-86.68195,30.40563],[-86.68013,30.41406],[-86.67314,30.41389],[-86.67223,30.4358],[-86.65554,30.43531],[-86.65537,30.46819],[-86.65117,30.46818],[-86.6468,30.46473],[-86.64669,30.46089],[-86.6384,30.46067],[-86.63407,30.46791],[-86.62557,30.46787],[-86.61645,30.47118],[-86.60415,30.47078],[-86.60435,30.4635],[-86.59689,30.46324],[-86.59541,30.46808],[-86.58869,30.4705],[-86.57885,30.4704],[-86.57438,30.46335],[-86.57705,30.46058],[-86.57581,30.45309],[-86.57141,30.44846],[-86.53798,30.44808],[-86.52813,30.45208],[-86.52815,30.47391],[-86.52714,30.53486],[-86.48546,30.53488],[-86.48539,30.54208],[-86.47042,30.54197],[-86.47035,30.53468],[-86.41805,30.53375],[-86.41844,30.50445],[-86.41473,30.50442],[-86.41504,30.48938],[-86.40663,30.48904],[-86.40657,30.48177],[-86.40232,30.48159],[-86.40257,30.47421],[-86.4111,30.47431],[-86.41129,30.46717],[-86.41548,30.46712],[-86.41571,30.4599],[-86.42696,30.46001],[-86.42111,30.45059],[-86.41174,30.45629],[-86.41139,30.45969],[-86.39894,30.45936],[-86.39464,30.45405],[-86.39424,30.46408],[-86.39325,30.49715],[-86.39253,30.56527],[-86.39226,30.69402],[-86.39184,30.70686],[-86.43757,30.70686],[-86.4449,30.70652],[-86.49244,30.70714],[-86.49229,30.69448],[-86.53202,30.69487],[-86.53421,30.69262],[-86.55119,30.69533],[-86.57189,30.69539],[-86.62595,30.69663],[-86.6256,30.68209],[-86.65112,30.68232],[-86.66231,30.67815],[-86.6659,30.68064],[-86.66912,30.68789],[-86.67301,30.68649],[-86.67477,30.67847],[-86.6803,30.67254],[-86.68929,30.67068],[-86.70231,30.67688],[-86.70998,30.67261],[-86.71623,30.6748],[-86.71951,30.67192],[-86.7288,30.66956],[-86.73263,30.67296],[-86.74675,30.67365],[-86.75526,30.66759],[-86.75522,30.66455],[-86.76321,30.65998],[-86.76531,30.65284],[-86.78704,30.64176],[-86.79275,30.64064],[-86.79358,30.63665]]]},"properties":{"STATEFP":"12","COUNTYFP":"091","COUSUBFP":"90962","COUSUBNS":"01935756","GEOIDFQ":"0600000US1209190962","GEOID":"1209190962","NAME":"Eglin AFB","NAMELSAD":"Eglin AFB CCD","STUSPS":"FL","NAMELSADCO":"Okaloosa County","STATE_NAME":"Florida","LSAD":"22","ALAND":949275071,"AWATER":4477807}},
{"type":"Feature","geometry":{"type":"Polygon","coordinates":[[[-80.71837,28.2303],[-80.70662,28.18974],[-80.70573,28.18367],[-80.70597,28.07894],[-80.70564,28.07345],[-80.70266,28.06938],[-80.6713,28.04908],[-80.66187,28.04274],[-80.65649,28.03535],[-80.62165,28.03516],[-80.62156,28.04234],[-80.60522,28.04209],[-80.6049,28.05662],[-80.59497,28.05648],[-80.59853,28.0638],[-80.58188,28.0637],[-80.58938,28.07649],[-80.59154,28.08397],[-80.61217,28.1226],[-80.61342,28.13408],[-80.61808,28.13329],[-80.63928,28.18069],[-80.66348,28.23219],[-80.6789,28.22767],[-80.68001,28.22961],[-80.69726,28.23078],[-80.71837,28.2303]]]},"properties":{"STATEFP":"12","COUNTYFP":"009","COUSUBFP":"92106","COUSUBNS":"01935847","GEOIDFQ":"0600000US1200992106","GEOID":"1200992106","NAME":"Melbourne","NAMELSAD":"Melbourne CCD","STUSPS":"FL","NAMELSADCO":"Brevard County","STATE_NAME":"Florida","LSAD":"22","ALAND":151451799,"AWATER":21482449}},
{"type":"Feature","geometry":{"type":"Polygon","coordinates":[[[-87.2667,30.67029],[-87.26429,30.66188],[-87.26356,30.64689],[-87.25682,30.63531],[-87.25951,30.62993],[-87.25621,30.62349],[-87.25877,30.61879],[-87.25626,30.61115],[-87.24551,30.60584],[-87.24375,30.60223],[-87.24642,30.59793],[-87.23658,30.59661],[-87.23081,30.58545],[-87.22522,30.58139],[-87.22291,30.5726],[-87.20971,30.55527],[-87.20042,30.55232],[-87.1953,30.54891],[-87.18989,30.5488],[-87.18575,30.55538],[-87.1763,30.55853],[-87.17181,30.55525],[-87.15168,30.56781],[-87.14606,30.56935],[-87.13946,30.57454],[-87.11192,30.57433],[-87.11173,30.58131],[-87.10737,30.58122],[-87.10708,30.58833],[-87.09879,30.58812],[-87.09875,30.5956],[-87.07934,30.59517],[-87.07182,30.60247],[-87.07316,30.60956],[-87.07657,30.6141],[-87.08113,30.61463],[-87.09046,30.61036],[-87.0954,30.61665],[-87.10773,30.62223],[-87.10765,30.62467],[-87.11501,30.63099],[-87.11731,30.63705],[-87.12756,30.64406],[-87.13058,30.65253],[-87.13,30.67175],[-87.13239,30.67552],[-87.13145,30.68294],[-87.12433,30.68473],[-87.12492,30.69134],[-87.13246,30.69103],[-87.13885,30.69995],[-87.14322,30.70325],[-87.14526,30.711],[-87.15038,30.72074],[-87.23022,30.72179],[-87.22983,30.729],[-87.24004,30.72953],[-87.24582,30.73127],[-87.25473,30.73064],[-87.25774,30.72216],[-87.28194,30.72249],[-87.28091,30.71936],[-87.27886,30.71647],[-87.27223,30.71618],[-87.26844,30.70626],[-87.27312,30.69866],[-87.27037,30.69141],[-87.2655,30.688],[-87.26888,30.67857],[-87.2667,30.67029]]]},"properties":{"STATEFP":"12","COUNTYFP":"113","COUSUBFP":"92561","COUSUBNS":"01935884","GEOIDFQ":"0600000US1211392561","GEOID":"1211392561","NAME":"Pace","NAMELSAD":"Pace CCD","STUSPS":"FL","NAMELSADCO":"Santa Rosa County","STATE_NAME":"Florida","LSAD":"22","ALAND":220133897,"AWATER":14031470}},
{"type":"Feature","geometry":{"type":"Polygon","coordinates":[[[-82.26305,28.66763],[-82.26842,28.66692],[-82.32269,28.66685],[-82.35988,28.66595],[-82.41778,28.6659],[-82.41835,28.69486],[-82.45142,28.69481],[-82.5074,28.69467],[-82.49435,28.68435],[-82.49656,28.67975],[-82.49332,28.66454],[-82.49326,28.65048],[-82.48905,28.64109],[-82.48906,28.63052],[-82.49306,28.62262],[-82.4929,28.60595],[-82.49176,28.60274],[-82.48152,28.58748],[-82.48008,28.58267],[-82.47977,28.55168],[-82.47876,28.54508],[-82.4793,28.53381],[-82.40717,28.53402],[-82.42012,28.5102],[-82.42882,28.49208],[-82.46189,28.43378],[-82.45918,28.43369],[-82.37076,28.43406],[-82.3203,28.43485],[-82.25344,28.43482],[-82.25331,28.45678],[-82.25329,28.47849],[-82.25329,28.52306],[-82.23724,28.52308],[-82.23713,28.55991],[-82.23496,28.56456],[-82.22408,28.57316],[-82.21725,28.58031],[-82.21928,28.58265],[-82.22165,28.59324],[-82.22865,28.60074],[-82.23275,28.60027],[-82.2342,28.60866],[-82.24332,28.61599],[-82.24634,28.62006],[-82.2458,28.6247],[-82.24841,28.62987],[-82.25212,28.62914],[-82.2607,28.63674],[-82.25675,28.64565],[-82.26701,28.64813],[-82.27482,28.6562],[-82.27401,28.66068],[-82.26777,28.66281],[-82.26305,28.66763]]]},"properties":{"STATEFP":"12","COUNTYFP":"053","COUSUBFP":"90325","COUSUBNS":"01935706","GEOIDFQ":"0600000US1205390325","GEOID":"1205390325","NAME":"Brooksville","NAMELSAD":"Brooksville CCD","STUSPS":"FL","NAMELSADCO":"Hernando County","STATE_NAME":"Florida","LSAD":"22","ALAND":557415643,"AWATER":15307090}},
{"type":"Feature","geometry":{"type":"Polygon","coordinates":[[[-82.45836,30.13645],[-82.45826,30.12899],[-82.45252,30.12389],[-82.45598,30.10558],[-82.45931,30.10158],[-82.46817,30.09697],[-82.48042,30.09421],[-82.48995,30.08971],[-82.49904,30.08882],[-82.50342,30.08454],[-82.51194,30.08107],[-82.51902,30.07601],[-82.53541,30.05506],[-82.53912,30.04426],[-82.5395,30.0348],[-82.53432,30.03056],[-82.52725,30.03431],[-82.52259,30.03263],[-82.50709,30.0331],[-82.50164,30.03594],[-82.49496,30.03444],[-82.48075,30.03814],[-82.4587,30.03897],[-82.45582,30.03744],[-82.44864,30.0395],[-82.44534,30.04373],[-82.43611,30.04679],[-82.41921,30.058],[-82.41608,30.05337],[-82.42055,30.0465],[-82.41672,30.03651],[-82.41662,30.02138],[-82.41437,30.01695],[-82.42479,30.01285],[-82.42459,29.99369],[-82.41632,29.99505],[-82.41494,29.97718],[-82.41173,29.96817],[-82.40744,29.96637],[-82.40195,29.97346],[-82.38165,29.99183],[-82.3774,29.98884],[-82.37625,29.98226],[-82.3819,29.97961],[-82.38586,29.9739],[-82.38044,29.96939],[-82.3807,29.9643],[-82.37589,29.95618],[-82.37027,29.95376],[-82.36196,29.9422],[-82.36282,29.93424],[-82.35802,29.93357],[-82.35177,29.93749],[-82.34409,29.95157],[-82.3452,29.95685],[-82.34233,29.96132],[-82.33252,29.95977],[-82.32521,29.95571],[-82.31896,29.95451],[-82.30741,29.95616],[-82.30474,29.95839],[-82.30096,29.96735],[-82.2906,29.97582],[-82.28279,29.98492],[-82.274,29.99832],[-82.29225,30.00692],[-82.31642,30.01969],[-82.31002,30.02153],[-82.30514,30.02531],[-82.29815,30.03624],[-82.29834,30.041],[-82.30714,30.05058],[-82.31463,30.04197],[-82.32076,30.04208],[-82.32062,30.06257],[-82.30882,30.07719],[-82.30809,30.08655],[-82.30618,30.09113],[-82.29781,30.1028],[-82.29697,30.11173],[-82.28722,30.12542],[-82.28235,30.13546],[-82.28701,30.14173],[-82.3594,30.14104],[-82.35938,30.13929],[-82.44367,30.13809],[-82.45836,30.13645]]]},"properties":{"STATEFP":"12","COUNTYFP":"125","COUSUBFP":"91807","COUSUBNS":"01935822","GEOIDFQ":"0600000US1212591807","GEOID":"1212591807","NAME":"Lake Butler","NAMELSAD":"Lake Butler CCD","STUSPS":"FL","NAMELSADCO":"Union County","STATE_NAME":"Florida","LSAD":"22","ALAND":293238436,"AWATER":14779126}},
{"type":"Feature","geometry":{"type":"Polygon","coordinates":[[[-80.88564,26.95892],[-80.87478,27.09523],[-80.87464,27.10116],[-80.87116,27.14706],[-80.87331,27.15005],[-80.87117,27.15495],[-80.87662,27.1585],[-80.88277,27.16782],[-80.89052,27.16423],[-80.90348,27.16909],[-80.91008,27.17616],[-80.9064,27.18905],[-80.91747,27.18996],[-80.92252,27.19278],[-80.92654,27.19858],[-80.93119,27.20022],[-80.93744,27.19913],[-80.94068,27.20594],[-80.96182,27.21077],[-81.09451,27.21013],[-81.16914,27.20959],[-81.16828,27.12173],[-81.23023,27.1212],[-81.26768,27.1211],[-81.26733,27.06737],[-81.25062,27.05105],[-81.24474,27.05032],[-81.23526,27.0448],[-81.22829,27.03717],[-81.21285,27.01439],[-81.2066,27.00609],[-81.19894,27.00039],[-81.19459,26.98226],[-81.19427,26.96747],[-81.19195,26.96443],[-81.1855,26.96617],[-81.1842,26.96209],[-81.17243,26.96409],[-81.16552,26.95627],[-81.15756,26.95929],[-81.14843,26.95922],[-81.14447,26.95326],[-81.13632,26.95074],[-81.12589,26.95561],[-81.12718,26.95909],[-81.11861,26.96812],[-81.1125,26.9677],[-81.10134,26.97067],[-81.08924,26.96902],[-81.08077,26.96362],[-81.07728,26.95531],[-81.06484,26.96279],[-81.06439,26.96679],[-81.05666,26.96803],[-80.99979,26.94171],[-80.99266,26.94128],[-80.89768,26.91955],[-80.88564,26.95892]]]},"properties":{"STATEFP":"12","COUNTYFP":"043","COUSUBFP":"92379","COUSUBNS":"01935868","GEOIDFQ":"0600000US1204392379","GEOID":"1204392379","NAME":"Northeast Glades","NAMELSAD":"Northeast Glades CCD","STUSPS":"FL","NAMELSADCO":"Glades County","STATE_NAME":"Florida","LSAD":"22","ALAND":752330744,"AWATER":178133606}},
{"type":"Feature","geometry":{"type":"Polygon","coordinates":[[[-85.5486,30.4373],[-85.54481,30.43068],[-85.54812,30.42505],[-85.54549,30.42243],[-85.55037,30.41339],[-85.54761,30.40741],[-85.5525,30.40548],[-85.55814,30.39567],[-85.55842,30.38972],[-85.55585,30.37959],[-85.55676,30.36813],[-85.55437,30.36257],[-85.55927,30.34138],[-85.56605,30.32981],[-85.55778,30.33208],[-85.55623,30.32945],[-85.54861,30.33054],[-85.54576,30.32824],[-85.52455,30.32012],[-85.5193,30.32144],[-85.51116,30.31946],[-85.50562,30.32079],[-85.49388,30.31986],[-85.48357,30.32387],[-85.47606,30.32303],[-85.46487,30.32395],[-85.45598,30.32028],[-85.54526,30.25708],[-85.54099,30.2521],[-85.51903,30.25138],[-85.50973,30.24766],[-85.49396,30.24514],[-85.49077,30.24224],[-85.48131,30.24224],[-85.47803,30.24461],[-85.46705,30.24099],[-85.44656,30.24747],[-85.4401,30.24818],[-85.43511,30.24631],[-85.42547,30.24947],[-85.41686,30.2491],[-85.4013,30.24386],[-85.38966,30.24899],[-85.38869,30.26589],[-85.38917,30.28473],[-85.38863,30.30911],[-85.38859,30.34813],[-85.38805,30.38307],[-85.38798,30.42172],[-85.38677,30.43556],[-85.38508,30.50847],[-85.38395,30.56686],[-85.43478,30.56756],[-85.48636,30.56757],[-85.48644,30.52426],[-85.48585,30.51945],[-85.48653,30.48786],[-85.48773,30.46128],[-85.48799,30.43702],[-85.5486,30.4373]]]},"properties":{"STATEFP":"12","COUNTYFP":"005","COUSUBFP":"93744","COUSUBNS":"01935980","GEOIDFQ":"0600000US1200593744","GEOID":"1200593744","NAME":"Youngstown","NAMELSAD":"Youngstown CCD","STUSPS":"FL","NAMELSADCO":"Bay County","STATE_NAME":"Florida","LSAD":"22","ALAND":433659291,"AWATER":3060387}},
{"type":"Feature","geometry":{"type":"MultiPolygon","coordinates":[[[[-82.6983,27.92306],[-82.70296,27.92394],[-82.72061,27.93616],[-82.72148,27.94574],[-82.72488,27.94575],[-82.7218,27.95461],[-82.71652,27.9584],[-82.71061,27.95703],[-82.70647,27.96053],[-82.70013,27.96031],[-82.69612,27.96332],[-82.68964,27.97487],[-82.69368,27.97607],[-82.69268,27.98383],[-82.67557,28.00544],[-82.67676,28.00922],[-82.68294,28.01405],[-82.68843,28.02882],[-82.6914,28.03386],[-82.69961,28.03946],[-82.70709,28.04897],[-82.7258,28.04905],[-82.72988,28.05011],[-82.74718,28.04868],[-82.76368,28.04876],[-82.7694,28.04996],[-82.77822,28.04888],[-82.78522,28.05092],[-82.78902,28.04858],[-82.78847,28.0365],[-82.79085,28.03398],[-82.7918,28.01929],[-82.79417,28.01216],[-82.79299,28.00649],[-82.79751,27.9897],[-82.80487,27.96598],[-82.81081,27.96955],[-82.80986,27.9769],[-82.8177,27.99663],[-82.81557,28.00145],[-82.80915,28.00649],[-82.81628,28.01195],[-82.81366,28.03125],[-82.81652,28.04573],[-82.8185,28.0487],[-82.82816,28.02013],[-82.82983,27.98257],[-82.83199,27.97019],[-82.83153,27.96446],[-82.83505,27.94982],[-82.8429,27.93386],[-82.84783,27.9102],[-82.85217,27.88597],[-82.85065,27.87164],[-82.84685,27.86539],[-82.83236,27.86573],[-82.83238,27.88042],[-82.7871,27.88006],[-82.78709,27.88375],[-82.77592,27.8846],[-82.77676,27.87294],[-82.77893,27.86535],[-82.76236,27.86513],[-82.76233,27.8724],[-82.74558,27.87228],[-82.74573,27.88685],[-82.72912,27.88643],[-82.72893,27.89368],[-82.70037,27.89389],[-82.70088,27.91027],[-82.6983,27.92306]]],[[[-82.79604,28.05265],[-82.80035,28.05265],[-82.81249,28.06178],[-82.82121,28.06019],[-82.82555,28.06374],[-82.82463,28.07257],[-82.82713,28.083],[-82.83624,28.09186],[-82.83862,28.07949],[-82.8341,28.06376],[-82.8223,28.05407],[-82.81509,28.05495],[-82.80558,28.05202],[-82.79917,28.04845],[-82.79152,28.04862],[-82.79604,28.05265]]]]},"properties":{"STATEFP":"12","COUNTYFP":"103","COUSUBFP":"90572","COUSUBNS":"01935725","GEOIDFQ":"0600000US1210390572","GEOID":"1210390572","NAME":"Clearwater","NAMELSAD":"Clearwater CCD","STUSPS":"FL","NAMELSADCO":"Pinellas County","STATE_NAME":"Florida","LSAD":"22","ALAND":209335844,"AWATER":488591382}},
{"type":"Feature","geometry":{"type":"Polygon","coordinates":[[[-83.82023,30.30354],[-83.71748,30.30355],[-83.63683,30.30401],[-83.58669,30.3036],[-83.57781,30.31061],[-83.57691,30.31875],[-83.57003,30.33416],[-83.57721,30.34388],[-83.582,30.34428],[-83.58162,30.35394],[-83.56772,30.36196],[-83.56069,30.36924],[-83.55566,30.3766],[-83.5471,30.38053],[-83.54045,30.38635],[-83.52143,30.40009],[-83.51577,30.40208],[-83.51029,30.41098],[-83.50468,30.41591],[-83.4954,30.41966],[-83.49689,30.42419],[-83.49648,30.44763],[-83.48461,30.45718],[-83.48179,30.46177],[-83.48368,30.46756],[-83.48735,30.47045],[-83.49381,30.47021],[-83.49419,30.48821],[-83.46231,30.48857],[-83.45773,30.48701],[-83.44722,30.47995],[-83.4389,30.47848],[-83.43524,30.47588],[-83.43506,30.49652],[-83.44121,30.502],[-83.44726,30.5105],[-83.46909,30.52744],[-83.48013,30.54275],[-83.49356,30.5518],[-83.50693,30.55828],[-83.51423,30.5669],[-83.51921,30.57081],[-83.52496,30.58602],[-83.53316,30.59877],[-83.5328,30.62366],[-83.53687,30.64752],[-83.61172,30.65126],[-83.61212,30.63874],[-83.6044,30.63824],[-83.6046,30.62053],[-83.60419,30.58192],[-83.62073,30.58198],[-83.62119,30.56735],[-83.63734,30.56747],[-83.63741,30.55267],[-83.67112,30.55286],[-83.67107,30.53802],[-83.70429,30.53809],[-83.70436,30.52302],[-83.72604,30.52295],[-83.73692,30.50809],[-83.73542,30.49862],[-83.72765,30.49],[-83.72768,30.47509],[-83.72394,30.4612],[-83.72802,30.45577],[-83.72439,30.44554],[-83.72172,30.43435],[-83.72708,30.43253],[-83.73313,30.42425],[-83.74063,30.42083],[-83.74319,30.41575],[-83.75107,30.4076],[-83.75198,30.39808],[-83.75582,30.39653],[-83.75726,30.38547],[-83.7684,30.38195],[-83.7798,30.38205],[-83.78319,30.37886],[-83.7884,30.38221],[-83.78797,30.38944],[-83.79144,30.3899],[-83.80379,30.37759],[-83.80809,30.36469],[-83.80409,30.35309],[-83.80704,30.34839],[-83.79953,30.34607],[-83.79358,30.33551],[-83.78711,30.33167],[-83.78888,30.32432],[-83.79254,30.31919],[-83.80126,30.31534],[-83.81113,30.31833],[-83.82052,30.31314],[-83.82023,30.30354]]]},"properties":{"STATEFP":"12","COUNTYFP":"079","COUSUBFP":"91326","COUSUBNS":"01935784","GEOIDFQ":"0600000US1207991326","GEOID":"1207991326","NAME":"Greenville","NAMELSAD":"Greenville CCD","STUSPS":"FL","NAMELSADCO":"Madison County","STATE_NAME":"Florida","LSAD":"22","ALAND":685316072,"AWATER":34330013}},
{"type":"Feature","geometry":{"type":"Polygon","coordinates":[[[-87.1482,30.419],[-87.14155,30.43648],[-87.13452,30.46204],[-87.13331,30.46864],[-87.12571,30.4855],[-87.12145,30.49742],[-87.13681,30.51164],[-87.15409,30.5353],[-87.15933,30.53926],[-87.17981,30.54475],[-87.18989,30.5488],[-87.1953,30.54891],[-87.19905,30.53806],[-87.20742,30.5331],[-87.21346,30.53199],[-87.3428,30.53483],[-87.34367,30.52513],[-87.34086,30.51907],[-87.34218,30.51278],[-87.33531,30.5082],[-87.33566,30.49818],[-87.33756,30.49414],[-87.34394,30.49086],[-87.34605,30.48687],[-87.34671,30.47802],[-87.36305,30.47292],[-87.36861,30.46702],[-87.37923,30.45981],[-87.37634,30.45589],[-87.37827,30.44919],[-87.37077,30.44687],[-87.36659,30.43665],[-87.37117,30.43049],[-87.38638,30.4205],[-87.39568,30.4176],[-87.40348,30.4102],[-87.40888,30.4088],[-87.41918,30.4102],[-87.42618,30.4092],[-87.42958,30.4065],[-87.43428,30.3975],[-87.44068,30.3915],[-87.43868,30.3808],[-87.45138,30.3672],[-87.45198,30.3603],[-87.45096,30.34626],[-87.45998,30.3363],[-87.46488,30.3333],[-87.47558,30.3314],[-87.49188,30.3309],[-87.49998,30.32896],[-87.5047,30.32404],[-87.50578,30.3125],[-87.50278,30.3073],[-87.49488,30.305],[-87.48368,30.3048],[-87.47588,30.3079],[-87.45958,30.3083],[-87.45008,30.3111],[-87.45238,30.3002],[-87.49998,30.2879],[-87.51838,30.2839],[-87.51832,30.28044],[-87.49218,30.28515],[-87.45355,30.29295],[-87.42741,30.29633],[-87.41434,30.299],[-87.38344,30.30639],[-87.33008,30.31767],[-87.31439,30.32147],[-87.31249,30.32578],[-87.3012,30.33029],[-87.30025,30.32814],[-87.28777,30.32116],[-87.2709,30.31675],[-87.24998,30.31747],[-87.20601,30.32147],[-87.15539,30.32775],[-87.0935,30.33939],[-87.04855,30.34824],[-86.953,30.36536],[-86.91887,30.37093],[-86.91894,30.38651],[-86.95174,30.38322],[-86.9727,30.38111],[-87.03231,30.36781],[-87.07441,30.35867],[-87.1014,30.35315],[-87.11393,30.35196],[-87.15312,30.34838],[-87.17902,30.33593],[-87.19642,30.33837],[-87.20742,30.34183],[-87.23143,30.34331],[-87.23328,30.37033],[-87.21621,30.37738],[-87.16117,30.40561],[-87.15191,30.4126],[-87.1482,30.419]]]},"properties":{"STATEFP":"12","COUNTYFP":"033","COUSUBFP":"92691","COUSUBNS":"01935894","GEOIDFQ":"0600000US1203392691","GEOID":"1203392691","NAME":"Pensacola","NAMELSAD":"Pensacola CCD","STUSPS":"FL","NAMELSADCO":"Escambia County","STATE_NAME":"Florida","LSAD":"22","ALAND":405509372,"AWATER":1193759600}},
{"type":"Feature","geometry":{"type":"Polygon","coordinates":[[[-81.80553,26.76975],[-81.78994,26.75163],[-81.79543,26.75166],[-81.79602,26.73951],[-81.79396,26.73391],[-81.79858,26.72881],[-81.79771,26.72576],[-81.80103,26.70968],[-81.79892,26.69671],[-81.79432,26.69045],[-81.78923,26.68691],[-81.78357,26.68743],[-81.77624,26.6919],[-81.77159,26.69089],[-81.76411,26.69384],[-81.75271,26.68901],[-81.74766,26.68878],[-81.73706,26.68129],[-81.73573,26.67493],[-81.73202,26.67489],[-81.73201,26.68791],[-81.72509,26.7017],[-81.65599,26.70273],[-81.64317,26.69134],[-81.63365,26.68862],[-81.6149,26.69794],[-81.59524,26.6983],[-81.59108,26.70076],[-81.58645,26.69864],[-81.57501,26.69993],[-81.56638,26.69595],[-81.5665,26.71446],[-81.56575,26.7696],[-81.66169,26.76961],[-81.76074,26.7696],[-81.80553,26.76975]]]},"properties":{"STATEFP":"12","COUNTYFP":"071","COUSUBFP":"91144","COUSUBNS":"01935770","GEOIDFQ":"0600000US1207191144","GEOID":"1207191144","NAME":"Fort Myers Shores","NAMELSAD":"Fort Myers Shores CCD","STUSPS":"FL","NAMELSADCO":"Lee County","STATE_NAME":"Florida","LSAD":"22","ALAND":178660130,"AWATER":9662631}},
{"type":"Feature","geometry":{"type":"Polygon","coordinates":[[[-81.69046,30.04283],[-81.68888,30.02857],[-81.68281,30.01669],[-81.67109,30.00724],[-81.63352,29.9863],[-81.61552,30.00559],[-81.59782,30.02248],[-81.59117,30.03099],[-81.5819,30.0402],[-81.57571,30.04794],[-81.56875,30.04664],[-81.55643,30.0476],[-81.54661,30.05548],[-81.53039,30.05972],[-81.51145,30.05995],[-81.49831,30.06493],[-81.49884,30.07311],[-81.498,30.09168],[-81.49989,30.09875],[-81.50426,30.10435],[-81.53871,30.10375],[-81.53901,30.11994],[-81.55999,30.11701],[-81.56779,30.11779],[-81.58088,30.1261],[-81.59051,30.12584],[-81.60121,30.13054],[-81.61231,30.13294],[-81.62369,30.13363],[-81.65051,30.12154],[-81.68021,30.12124],[-81.68174,30.10618],[-81.68024,30.08988],[-81.68056,30.08265],[-81.68932,30.06296],[-81.69046,30.04283]]]},"properties":{"STATEFP":"12","COUNTYFP":"109","COUSUBFP":"91222","COUSUBNS":"01935776","GEOIDFQ":"0600000US1210991222","GEOID":"1210991222","NAME":"Fruit Cove","NAMELSAD":"Fruit Cove CCD","STUSPS":"FL","NAMELSADCO":"St. Johns County","STATE_NAME":"Florida","LSAD":"22","ALAND":132250808,"AWATER":50271959}},
{"type":"Feature","geometry":{"type":"Polygon","coordinates":[[[-86.79893,30.431],[-86.80841,30.4289],[-86.8376,30.43347],[-86.84268,30.43226],[-86.84914,30.43536],[-86.85476,30.43471],[-86.85888,30.43781],[-86.86322,30.44522],[-86.86113,30.45354],[-86.87907,30.45388],[-86.87927,30.44674],[-86.90009,30.44687],[-86.89971,30.46869],[-86.9332,30.46893],[-86.93944,30.46404],[-86.94524,30.46313],[-86.95991,30.46987],[-86.9501,30.46988],[-86.94987,30.48439],[-86.96703,30.48476],[-86.96636,30.49938],[-86.98302,30.49985],[-86.98201,30.54586],[-86.98885,30.54775],[-86.99763,30.5458],[-87.00889,30.55137],[-87.02918,30.52135],[-87.02128,30.49603],[-87.00645,30.47915],[-87.00176,30.46858],[-86.97442,30.4654],[-86.94536,30.45974],[-86.95074,30.45582],[-86.95174,30.38322],[-86.91894,30.38651],[-86.88596,30.39056],[-86.85629,30.39671],[-86.83992,30.39938],[-86.79994,30.40382],[-86.79939,30.40619],[-86.79919,30.41639],[-86.79893,30.431]]]},"properties":{"STATEFP":"12","COUNTYFP":"113","COUSUBFP":"91500","COUSUBNS":"02648024","GEOIDFQ":"0600000US1211391500","GEOID":"1211391500","NAME":"Holley-Navarre","NAMELSAD":"Holley-Navarre CCD","STUSPS":"FL","NAMELSADCO":"Santa Rosa County","STATE_NAME":"Florida","LSAD":"22","ALAND":88832245,"AWATER":40145684}},
{"type":"Feature","geometry":{"type":"Polygon","coordinates":[[[-81.58346,29.84456],[-81.58121,29.84018],[-81.56652,29.8029],[-81.5621,29.79561],[-81.54997,29.7854],[-81.5443,29.77913],[-81.54173,29.77104],[-81.53342,29.76392],[-81.52523,29.7595],[-81.52366,29.62243],[-81.45815,29.62333],[-81.36958,29.62515],[-81.32406,29.62561],[-81.32434,29.65348],[-81.31852,29.65129],[-81.31143,29.64285],[-81.30591,29.64265],[-81.30128,29.65008],[-81.28212,29.65042],[-81.27692,29.65244],[-81.28101,29.65809],[-81.31454,29.6775],[-81.32091,29.68391],[-81.37173,29.81014],[-81.37926,29.82549],[-81.36104,29.84744],[-81.35086,29.85927],[-81.34412,29.86373],[-81.35435,29.88729],[-81.35972,29.88458],[-81.36784,29.87252],[-81.38608,29.86229],[-81.49168,29.85123],[-81.52035,29.85121],[-81.53508,29.84614],[-81.54188,29.845],[-81.58346,29.84456]]]},"properties":{"STATEFP":"12","COUNTYFP":"109","COUSUBFP":"91443","COUSUBNS":"01935793","GEOIDFQ":"0600000US1210991443","GEOID":"1210991443","NAME":"Hastings","NAMELSAD":"Hastings CCD","STUSPS":"FL","NAMELSADCO":"St. Johns County","STATE_NAME":"Florida","LSAD":"22","ALAND":474955113,"AWATER":22402551}},
{"type":"Feature","geometry":{"type":"Polygon","coordinates":[[[-84.04119,30.48397],[-84.04115,30.5219],[-83.97861,30.52269],[-83.98396,30.53261],[-83.98337,30.53902],[-83.98673,30.54956],[-83.98033,30.55314],[-83.99087,30.56111],[-83.99665,30.57097],[-83.99659,30.57904],[-84.00136,30.58388],[-84.00182,30.59667],[-84.00769,30.6093],[-84.00788,30.62624],[-84.00745,30.6721],[-84.07277,30.67536],[-84.07547,30.66599],[-84.0823,30.65088],[-84.08505,30.64206],[-84.10016,30.63026],[-84.10406,30.62169],[-84.11955,30.60042],[-84.11995,30.59537],[-84.12523,30.59217],[-84.12949,30.58212],[-84.14039,30.57505],[-84.14959,30.56034],[-84.15825,30.55541],[-84.1729,30.54069],[-84.19693,30.52116],[-84.2007,30.51573],[-84.20579,30.49808],[-84.21134,30.49334],[-84.22474,30.48875],[-84.23668,30.47817],[-84.22802,30.46338],[-84.22656,30.45419],[-84.22686,30.42745],[-84.22903,30.42075],[-84.22133,30.41951],[-84.2149,30.416],[-84.19779,30.41281],[-84.19152,30.41351],[-84.17771,30.41255],[-84.15947,30.40828],[-84.15217,30.40821],[-84.1312,30.41113],[-84.12315,30.41602],[-84.11835,30.4213],[-84.11291,30.42292],[-84.09411,30.41944],[-84.08323,30.41374],[-84.07489,30.41311],[-84.07469,30.4343],[-84.04149,30.46331],[-84.04119,30.48397]]]},"properties":{"STATEFP":"12","COUNTYFP":"073","COUSUBFP":"90878","COUSUBNS":"01935749","GEOIDFQ":"0600000US1207390878","GEOID":"1207390878","NAME":"East Leon","NAMELSAD":"East Leon CCD","STUSPS":"FL","NAMELSADCO":"Leon County","STATE_NAME":"Florida","LSAD":"22","ALAND":386290951,"AWATER":10170296}},
{"type":"Feature","geometry":{"type":"Polygon","coordinates":[[[-82.08257,26.65306],[-82.08779,26.64723],[-82.09896,26.64595],[-82.10395,26.65424],[-82.10362,26.66543],[-82.10625,26.66734],[-82.1118,26.68164],[-82.12579,26.69954],[-82.13902,26.70299],[-82.15167,26.70414],[-82.15814,26.70733],[-82.17383,26.70563],[-82.18358,26.69502],[-82.18381,26.6878],[-82.18157,26.68171],[-82.16931,26.67654],[-82.16603,26.6693],[-82.14994,26.65412],[-82.14255,26.64391],[-82.14769,26.63448],[-82.1446,26.6228],[-82.13865,26.6126],[-82.13201,26.61021],[-82.12657,26.59036],[-82.12161,26.58527],[-82.12439,26.58242],[-82.12511,26.56818],[-82.12249,26.55499],[-82.11393,26.54075],[-82.11203,26.52757],[-82.10467,26.52352],[-82.10205,26.51948],[-82.10915,26.51523],[-82.10062,26.51076],[-82.10271,26.4997],[-82.1065,26.49139],[-82.10567,26.48393],[-82.09611,26.48393],[-82.08589,26.48949],[-82.07175,26.49255],[-82.05689,26.49375],[-82.05689,26.49715],[-82.06331,26.50289],[-82.06854,26.51353],[-82.07163,26.52565],[-82.06925,26.53543],[-82.06473,26.54068],[-82.06664,26.55743],[-82.06952,26.56903],[-82.06495,26.58318],[-82.05917,26.59688],[-82.05904,26.60607],[-82.06076,26.61139],[-82.06756,26.62102],[-82.06319,26.625],[-82.07032,26.63661],[-82.07274,26.64376],[-82.08257,26.65306]]]},"properties":{"STATEFP":"12","COUNTYFP":"071","COUSUBFP":"92743","COUSUBNS":"01935898","GEOIDFQ":"0600000US1207192743","GEOID":"1207192743","NAME":"Pine Island","NAMELSAD":"Pine Island CCD","STUSPS":"FL","NAMELSADCO":"Lee County","STATE_NAME":"Florida","LSAD":"22","ALAND":105011207,"AWATER":231474875}},
{"type":"Feature","geometry":{"type":"Polygon","coordinates":[[[-82.79479,30.32017],[-82.79475,30.2416],[-82.79449,30.23806],[-82.79492,30.14669],[-82.79453,30.07386],[-82.79437,30.05719],[-82.77518,30.07416],[-82.75484,30.07471],[-82.74016,30.07314],[-82.73234,30.07405],[-82.71253,30.0733],[-82.71089,30.07106],[-82.66078,30.06921],[-82.6594,30.07192],[-82.63957,30.0722],[-82.62304,30.06782],[-82.60684,30.06541],[-82.57668,30.06606],[-82.57682,30.054],[-82.57104,30.04499],[-82.5625,30.03913],[-82.5607,30.03308],[-82.56003,30.01582],[-82.54891,30.02017],[-82.54496,30.02],[-82.53657,30.02532],[-82.53432,30.03056],[-82.5395,30.0348],[-82.53912,30.04426],[-82.53541,30.05506],[-82.51902,30.07601],[-82.51194,30.08107],[-82.50342,30.08454],[-82.49904,30.08882],[-82.48995,30.08971],[-82.48042,30.09421],[-82.46817,30.09697],[-82.45931,30.10158],[-82.45598,30.10558],[-82.45252,30.12389],[-82.45826,30.12899],[-82.45836,30.13645],[-82.45751,30.25723],[-82.47405,30.25974],[-82.48162,30.25947],[-82.50906,30.25207],[-82.53704,30.24975],[-82.57593,30.24291],[-82.60793,30.24115],[-82.64287,30.24194],[-82.66667,30.24528],[-82.67462,30.24526],[-82.67139,30.2519],[-82.66783,30.26369],[-82.66255,30.27609],[-82.65695,30.28468],[-82.65588,30.28931],[-82.66158,30.31334],[-82.6807,30.3159],[-82.70282,30.31571],[-82.71251,30.31837],[-82.71643,30.32124],[-82.72491,30.32848],[-82.72464,30.3338],[-82.73655,30.32835],[-82.73982,30.32159],[-82.74674,30.31743],[-82.76075,30.32426],[-82.76332,30.33092],[-82.77775,30.32326],[-82.7885,30.32401],[-82.79198,30.32652],[-82.79459,30.33702],[-82.79479,30.32017]]]},"properties":{"STATEFP":"12","COUNTYFP":"023","COUSUBFP":"91820","COUSUBNS":"01935823","GEOIDFQ":"0600000US1202391820","GEOID":"1202391820","NAME":"Lake City","NAMELSAD":"Lake City CCD","STUSPS":"FL","NAMELSADCO":"Columbia County","STATE_NAME":"Florida","LSAD":"22","ALAND":742437028,"AWATER":5812042}},
{"type":"Feature","geometry":{"type":"Polygon","coordinates":[[[-81.43392,30.11509],[-81.43465,30.10528],[-81.50426,30.10435],[-81.49989,30.09875],[-81.498,30.09168],[-81.49884,30.07311],[-81.49831,30.06493],[-81.51145,30.05995],[-81.53039,30.05972],[-81.54661,30.05548],[-81.55643,30.0476],[-81.56875,30.04664],[-81.57571,30.04794],[-81.5819,30.0402],[-81.59117,30.03099],[-81.59782,30.02248],[-81.61552,30.00559],[-81.63352,29.9863],[-81.62468,29.9815],[-81.61015,29.97024],[-81.60487,29.9635],[-81.59986,29.95224],[-81.59871,29.94295],[-81.59986,29.93655],[-81.60836,29.9157],[-81.60818,29.90945],[-81.60552,29.89649],[-81.59901,29.87542],[-81.58346,29.84456],[-81.54188,29.845],[-81.53508,29.84614],[-81.52035,29.85121],[-81.49168,29.85123],[-81.38608,29.86229],[-81.36784,29.87252],[-81.35972,29.88458],[-81.35435,29.88729],[-81.34412,29.86373],[-81.35086,29.85927],[-81.36104,29.84744],[-81.35808,29.84565],[-81.35359,29.83461],[-81.34791,29.82698],[-81.34664,29.82239],[-81.33983,29.81715],[-81.33009,29.81946],[-81.32864,29.82345],[-81.31943,29.8216],[-81.31225,29.8302],[-81.30257,29.83251],[-81.29635,29.82376],[-81.2928,29.81529],[-81.28784,29.80887],[-81.27778,29.80434],[-81.27349,29.79526],[-81.27549,29.78447],[-81.25792,29.76881],[-81.25223,29.77229],[-81.25828,29.79449],[-81.26058,29.80626],[-81.26659,29.8604],[-81.27291,29.88372],[-81.27511,29.89884],[-81.27737,29.90398],[-81.28895,29.91518],[-81.29969,29.93998],[-81.30898,29.96944],[-81.32501,30.03247],[-81.33083,30.05919],[-81.35557,30.16248],[-81.36816,30.15992],[-81.37405,30.15536],[-81.37755,30.14988],[-81.37745,30.14286],[-81.38148,30.13559],[-81.40029,30.12285],[-81.4119,30.11628],[-81.42127,30.11439],[-81.43392,30.11509]]]},"properties":{"STATEFP":"12","COUNTYFP":"109","COUSUBFP":"93016","COUSUBNS":"01935919","GEOIDFQ":"0600000US1210993016","GEOID":"1210993016","NAME":"St. Augustine","NAMELSAD":"St. Augustine CCD","STUSPS":"FL","NAMELSADCO":"St. Johns County","STATE_NAME":"Florida","LSAD":"22","ALAND":708892473,"AWATER":352621000}},
{"type":"Feature","geometry":{"type":"Polygon","coordinates":[[[-87.00889,30.55137],[-87.00254,30.56074],[-87.00076,30.56861],[-87.00444,30.57556],[-87.0106,30.5813],[-87.01483,30.59426],[-87.01752,30.59753],[-87.02989,30.60629],[-87.03488,30.60732],[-87.03996,30.60254],[-87.05252,30.60463],[-87.05626,30.60348],[-87.06194,30.60743],[-87.07182,30.60247],[-87.06908,30.60219],[-87.06988,30.57737],[-87.06573,30.57304],[-87.06644,30.55643],[-87.05892,30.55582],[-87.06197,30.53702],[-87.06644,30.53763],[-87.06664,30.52382],[-87.07161,30.52251],[-87.07397,30.50697],[-87.07501,30.49064],[-87.06782,30.48969],[-87.07628,30.47906],[-87.07649,30.4719],[-87.06321,30.47164],[-87.06669,30.46219],[-87.06784,30.44891],[-87.08177,30.44629],[-87.09229,30.43872],[-87.09258,30.42451],[-87.08723,30.41473],[-87.07998,30.41782],[-87.06483,30.42209],[-87.05001,30.42527],[-87.03699,30.43126],[-87.02387,30.44361],[-87.01665,30.44927],[-87.00508,30.4624],[-87.00176,30.46858],[-87.00645,30.47915],[-87.02128,30.49603],[-87.02918,30.52135],[-87.00889,30.55137]]]},"properties":{"STATEFP":"12","COUNTYFP":"113","COUSUBFP":"90097","COUSUBNS":"02648020","GEOIDFQ":"0600000US1211390097","GEOID":"1211390097","NAME":"Bagdad","NAMELSAD":"Bagdad CCD","STUSPS":"FL","NAMELSADCO":"Santa Rosa County","STATE_NAME":"Florida","LSAD":"22","ALAND":49788285,"AWATER":57871248}},
{"type":"Feature","geometry":{"type":"Polygon","coordinates":[[[-82.61706,27.38955],[-82.52906,27.38866],[-82.4636,27.38824],[-82.449,27.38861],[-82.44861,27.38861],[-82.45847,27.42425],[-82.45934,27.43095],[-82.45927,27.46489],[-82.47566,27.49884],[-82.48136,27.50288],[-82.49796,27.50965],[-82.50147,27.51359],[-82.50537,27.52341],[-82.50091,27.52577],[-82.48362,27.52313],[-82.48273,27.5399],[-82.47843,27.54427],[-82.47879,27.5708],[-82.47815,27.57379],[-82.51222,27.57379],[-82.51734,27.57548],[-82.52753,27.57548],[-82.52821,27.54894],[-82.53584,27.54253],[-82.53594,27.52637],[-82.53778,27.52484],[-82.54823,27.52472],[-82.54831,27.51557],[-82.55215,27.51367],[-82.55178,27.50576],[-82.56312,27.50433],[-82.59562,27.50823],[-82.60252,27.50852],[-82.62002,27.52052],[-82.62752,27.51992],[-82.64384,27.52847],[-82.64135,27.52551],[-82.64848,27.52235],[-82.65562,27.52126],[-82.66202,27.52281],[-82.67462,27.51961],[-82.68362,27.51312],[-82.68692,27.50802],[-82.68613,27.49813],[-82.69042,27.49642],[-82.70682,27.49842],[-82.71062,27.50172],[-82.71158,27.50894],[-82.70804,27.52311],[-82.72091,27.52807],[-82.74244,27.53936],[-82.74575,27.53883],[-82.74302,27.53109],[-82.72452,27.51361],[-82.71452,27.50042],[-82.70782,27.48762],[-82.691,27.44433],[-82.69007,27.43442],[-82.67512,27.42432],[-82.66108,27.4126],[-82.64283,27.38974],[-82.61706,27.38955]]]},"properties":{"STATEFP":"12","COUNTYFP":"081","COUSUBFP":"90273","COUSUBNS":"01935702","GEOIDFQ":"0600000US1208190273","GEOID":"1208190273","NAME":"Bradenton","NAMELSAD":"Bradenton CCD","STUSPS":"FL","NAMELSADCO":"Manatee County","STATE_NAME":"Florida","LSAD":"22","ALAND":259516443,"AWATER":462139171}},
{"type":"Feature","geometry":{"type":"Polygon","coordinates":[[[-82.58982,27.32728],[-82.58675,27.31961],[-82.57602,27.30932],[-82.56925,27.29859],[-82.56006,27.2951],[-82.56172,27.28919],[-82.56975,27.27945],[-82.56399,27.26986],[-82.54512,27.26103],[-82.53646,27.24876],[-82.53623,27.2454],[-82.52829,27.23737],[-82.52203,27.22838],[-82.51422,27.21191],[-82.51139,27.208],[-82.50252,27.20794],[-82.50192,27.21454],[-82.49866,27.21655],[-82.4902,27.21109],[-82.46647,27.21108],[-82.45621,27.16789],[-82.43889,27.19018],[-82.43533,27.1756],[-82.43079,27.16513],[-82.42386,27.15521],[-82.41982,27.16556],[-82.40881,27.17276],[-82.40505,27.18569],[-82.40951,27.20761],[-82.40913,27.21092],[-82.39583,27.23566],[-82.39107,27.23779],[-82.38736,27.243],[-82.38407,27.25416],[-82.38589,27.26662],[-82.3879,27.27167],[-82.38876,27.28274],[-82.38242,27.29582],[-82.38388,27.30546],[-82.38375,27.33866],[-82.41652,27.33825],[-82.41703,27.34359],[-82.44666,27.34416],[-82.44682,27.37851],[-82.449,27.38861],[-82.4636,27.38824],[-82.52906,27.38866],[-82.61706,27.38955],[-82.57927,27.34175],[-82.57952,27.33682],[-82.58982,27.32728]]]},"properties":{"STATEFP":"12","COUNTYFP":"115","COUSUBFP":"93107","COUSUBNS":"01935926","GEOIDFQ":"0600000US1211593107","GEOID":"1211593107","NAME":"Sarasota","NAMELSAD":"Sarasota CCD","STUSPS":"FL","NAMELSADCO":"Sarasota County","STATE_NAME":"Florida","LSAD":"22","ALAND":283754500,"AWATER":190233720}},
{"type":"Feature","geometry":{"type":"Polygon","coordinates":[[[-85.99553,30.28131],[-85.99593,30.26914],[-85.94765,30.24908],[-85.92255,30.23767],[-85.87814,30.21562],[-85.81122,30.17832],[-85.7754,30.15629],[-85.74993,30.13654],[-85.72907,30.11825],[-85.69967,30.09872],[-85.68337,30.09101],[-85.63209,30.06889],[-85.62871,30.07473],[-85.64494,30.08184],[-85.6626,30.09303],[-85.68245,30.10322],[-85.68838,30.10773],[-85.69205,30.13637],[-85.68915,30.14432],[-85.68469,30.15129],[-85.73246,30.17081],[-85.74141,30.17784],[-85.74112,30.19031],[-85.72606,30.21555],[-85.73218,30.22307],[-85.75005,30.2117],[-85.75767,30.20883],[-85.76193,30.2037],[-85.76561,30.20602],[-85.77772,30.20703],[-85.78194,30.21089],[-85.78482,30.22273],[-85.7931,30.22628],[-85.80047,30.22502],[-85.80611,30.21861],[-85.80857,30.21314],[-85.8148,30.21373],[-85.82451,30.22051],[-85.82962,30.21535],[-85.83974,30.22192],[-85.84519,30.22323],[-85.89975,30.25109],[-85.90926,30.25855],[-85.9294,30.2718],[-85.94333,30.27806],[-85.95401,30.26753],[-85.96562,30.27038],[-85.97598,30.2715],[-85.99553,30.28131]]]},"properties":{"STATEFP":"12","COUNTYFP":"005","COUSUBFP":"92639","COUSUBNS":"01935890","GEOIDFQ":"0600000US1200592639","GEOID":"1200592639","NAME":"Panama City Beaches","NAMELSAD":"Panama City Beaches CCD","STUSPS":"FL","NAMELSADCO":"Bay County","STATE_NAME":"Florida","LSAD":"22","ALAND":94477136,"AWATER":661685843}},
{"type":"Feature","geometry":{"type":"Polygon","coordinates":[[[-85.83112,30.99406],[-85.83086,30.98849],[-85.82332,30.97651],[-85.82364,30.9714],[-85.829,30.96698],[-85.83061,30.96263],[-85.8393,30.9586],[-85.84438,30.9473],[-85.84842,30.94536],[-85.84734,30.93689],[-85.85501,30.93239],[-85.85306,30.91855],[-85.86021,30.91618],[-85.85839,30.91126],[-85.85233,30.90778],[-85.84356,30.91122],[-85.83749,30.90796],[-85.83554,30.90436],[-85.83412,30.88872],[-85.8297,30.89662],[-85.82338,30.90429],[-85.80787,30.91007],[-85.80317,30.91288],[-85.79271,30.90596],[-85.782,30.90562],[-85.76983,30.90751],[-85.76348,30.9131],[-85.74522,30.92484],[-85.72004,30.92416],[-85.70598,30.92215],[-85.70226,30.9249],[-85.69412,30.92566],[-85.6852,30.92448],[-85.67726,30.92574],[-85.66349,30.92385],[-85.65501,30.9246],[-85.64318,30.91791],[-85.63453,30.91121],[-85.62675,30.90748],[-85.60705,30.90609],[-85.60196,30.90954],[-85.59034,30.91071],[-85.5902,30.91533],[-85.58607,30.91793],[-85.5688,30.91761],[-85.56097,30.92216],[-85.55577,30.92073],[-85.54774,30.93219],[-85.53678,30.9345],[-85.53029,30.93932],[-85.53187,30.94203],[-85.53042,30.95338],[-85.53246,30.95856],[-85.53045,30.97163],[-85.52806,30.97522],[-85.52207,30.97554],[-85.51486,30.98228],[-85.50304,30.99056],[-85.49799,30.99693],[-85.58329,30.99637],[-85.74962,30.99529],[-85.74993,30.99484],[-85.83112,30.99406]]]},"properties":{"STATEFP":"12","COUNTYFP":"059","COUSUBFP":"91001","COUSUBNS":"01935759","GEOIDFQ":"0600000US1205991001","GEOID":"1205991001","NAME":"Esto-Noma","NAMELSAD":"Esto-Noma CCD","STUSPS":"FL","NAMELSADCO":"Holmes County","STATE_NAME":"Florida","LSAD":"22","ALAND":259133687,"AWATER":4112890}},
{"type":"Feature","geometry":{"type":"Polygon","coordinates":[[[-80.18644,26.27397],[-80.18644,26.24136],[-80.18744,26.23689],[-80.18419,26.23067],[-80.17792,26.23076],[-80.17072,26.23007],[-80.16995,26.21721],[-80.15613,26.21569],[-80.15385,26.21256],[-80.13757,26.20882],[-80.12985,26.20614],[-80.12005,26.21064],[-80.0983,26.21181],[-80.10006,26.20466],[-80.09294,26.20487],[-80.08951,26.22196],[-80.08726,26.24127],[-80.08355,26.25652],[-80.08136,26.25814],[-80.08627,26.26135],[-80.09951,26.26114],[-80.0975,26.27554],[-80.18644,26.27397]]]},"properties":{"STATEFP":"12","COUNTYFP":"011","COUSUBFP":"92782","COUSUBNS":"01935901","GEOIDFQ":"0600000US1201192782","GEOID":"1201192782","NAME":"Pompano Beach","NAMELSAD":"Pompano Beach CCD","STUSPS":"FL","NAMELSADCO":"Broward County","STATE_NAME":"Florida","LSAD":"22","ALAND":63317490,"AWATER":33956529}},
{"type":"Feature","geometry":{"type":"Polygon","coordinates":[[[-82.04924,30.27343],[-82.0497,30.29239],[-82.04997,30.36238],[-82.06853,30.35918],[-82.08111,30.35881],[-82.09469,30.36078],[-82.10013,30.36427],[-82.10162,30.36218],[-82.11011,30.36437],[-82.11182,30.36019],[-82.11936,30.35752],[-82.12636,30.35237],[-82.13654,30.34865],[-82.1447,30.34027],[-82.14505,30.33171],[-82.149,30.32719],[-82.15172,30.31816],[-82.15008,30.31526],[-82.15227,30.30447],[-82.14868,30.28465],[-82.14655,30.27754],[-82.1491,30.26578],[-82.15981,30.25527],[-82.17588,30.24495],[-82.18148,30.24437],[-82.1856,30.2373],[-82.19213,30.23262],[-82.20713,30.22732],[-82.2102,30.22347],[-82.21038,30.21702],[-82.21611,30.20525],[-82.221,30.20152],[-82.22756,30.19988],[-82.2382,30.20452],[-82.24043,30.20705],[-82.24826,30.20857],[-82.2523,30.2056],[-82.26354,30.2033],[-82.26536,30.19203],[-82.26508,30.18516],[-82.26933,30.1711],[-82.27852,30.16085],[-82.28759,30.14885],[-82.28701,30.14173],[-82.21579,30.1427],[-82.14258,30.14312],[-82.04942,30.14314],[-82.04941,30.18693],[-82.04924,30.27343]]]},"properties":{"STATEFP":"12","COUNTYFP":"003","COUSUBFP":"92009","COUSUBNS":"01935838","GEOIDFQ":"0600000US1200392009","GEOID":"1200392009","NAME":"Macclenny","NAMELSAD":"Macclenny CCD","STUSPS":"FL","NAMELSADCO":"Baker County","STATE_NAME":"Florida","LSAD":"22","ALAND":334436609,"AWATER":58595}},
{"type":"Feature","geometry":{"type":"Polygon","coordinates":[[[-82.04924,29.71867],[-82.04611,29.74713],[-82.04637,29.79008],[-82.04799,29.91024],[-82.07562,29.92277],[-82.07985,29.91562],[-82.07846,29.90936],[-82.08131,29.90001],[-82.08729,29.89676],[-82.09453,29.91556],[-82.10687,29.9094],[-82.10986,29.90448],[-82.11583,29.90611],[-82.12001,29.91003],[-82.12615,29.91132],[-82.13467,29.91048],[-82.13654,29.90039],[-82.14089,29.90112],[-82.15727,29.89974],[-82.16789,29.90384],[-82.17472,29.90422],[-82.18094,29.90674],[-82.1958,29.9097],[-82.20319,29.91308],[-82.21047,29.91894],[-82.21397,29.91711],[-82.2191,29.90752],[-82.21798,29.89445],[-82.21378,29.88167],[-82.21448,29.87367],[-82.22422,29.86956],[-82.2287,29.86435],[-82.23473,29.85382],[-82.24106,29.85219],[-82.23351,29.8453],[-82.20585,29.84549],[-82.19808,29.84821],[-82.19027,29.84809],[-82.18213,29.84068],[-82.1732,29.83698],[-82.16493,29.83956],[-82.1471,29.83873],[-82.14656,29.8359],[-82.13313,29.83595],[-82.13018,29.83082],[-82.12993,29.82368],[-82.12392,29.82369],[-82.12405,29.80529],[-82.1176,29.79819],[-82.11755,29.7906],[-82.10889,29.79071],[-82.10912,29.78309],[-82.10124,29.78336],[-82.09354,29.77917],[-82.08449,29.77877],[-82.07935,29.77601],[-82.08004,29.76704],[-82.08265,29.76125],[-82.07672,29.76121],[-82.06686,29.75651],[-82.05793,29.74782],[-82.05439,29.73271],[-82.05563,29.71823],[-82.04924,29.71867]]]},"properties":{"STATEFP":"12","COUNTYFP":"007","COUSUBFP":"91430","COUSUBNS":"01935792","GEOIDFQ":"0600000US1200791430","GEOID":"1200791430","NAME":"Hampton","NAMELSAD":"Hampton CCD","STUSPS":"FL","NAMELSADCO":"Bradford County","STATE_NAME":"Florida","LSAD":"22","ALAND":183633607,"AWATER":4910392}},
{"type":"Feature","geometry":{"type":"Polygon","coordinates":[[[-86.65112,30.68232],[-86.6256,30.68209],[-86.62595,30.69663],[-86.57189,30.69539],[-86.55119,30.69533],[-86.53421,30.69262],[-86.53202,30.69487],[-86.49229,30.69448],[-86.49244,30.70714],[-86.4449,30.70652],[-86.43757,30.70686],[-86.39184,30.70686],[-86.3916,30.72189],[-86.39183,30.74831],[-86.39093,30.8128],[-86.39722,30.81034],[-86.3982,30.80032],[-86.4079,30.81032],[-86.41872,30.81294],[-86.42201,30.81787],[-86.42165,30.82744],[-86.43419,30.84201],[-86.44397,30.84967],[-86.44054,30.86379],[-86.44572,30.86907],[-86.44582,30.87224],[-86.45134,30.8762],[-86.45442,30.88752],[-86.46077,30.8986],[-86.4637,30.90966],[-86.48818,30.90997],[-86.49058,30.90371],[-86.4956,30.89917],[-86.50665,30.89408],[-86.50851,30.88825],[-86.51589,30.89053],[-86.52048,30.89587],[-86.52628,30.89174],[-86.52905,30.88711],[-86.53723,30.88449],[-86.54192,30.88596],[-86.55094,30.87802],[-86.55429,30.87753],[-86.56101,30.86891],[-86.57007,30.86694],[-86.57504,30.86793],[-86.5796,30.8721],[-86.58891,30.86743],[-86.59194,30.86787],[-86.59551,30.85883],[-86.59585,30.84523],[-86.59979,30.84023],[-86.59864,30.83557],[-86.60243,30.82891],[-86.6009,30.82474],[-86.60477,30.81809],[-86.60613,30.80965],[-86.61111,30.80549],[-86.6134,30.80024],[-86.62953,30.78716],[-86.62786,30.78018],[-86.6236,30.7767],[-86.62097,30.76642],[-86.62558,30.76173],[-86.62745,30.75236],[-86.62494,30.74927],[-86.63199,30.73318],[-86.63935,30.73421],[-86.64474,30.73079],[-86.64883,30.72259],[-86.64835,30.71238],[-86.64963,30.70746],[-86.64604,30.68893],[-86.65112,30.68232]]]},"properties":{"STATEFP":"12","COUNTYFP":"091","COUSUBFP":"90676","COUSUBNS":"01935733","GEOIDFQ":"0600000US1209190676","GEOID":"1209190676","NAME":"Crestview","NAMELSAD":"Crestview CCD","STUSPS":"FL","NAMELSADCO":"Okaloosa County","STATE_NAME":"Florida","LSAD":"22","ALAND":410129188,"AWATER":6674960}},
{"type":"Feature","geometry":{"type":"Polygon","coordinates":[[[-81.95366,28.75533],[-81.95358,28.79125],[-81.95343,28.86356],[-81.95333,28.8785],[-81.95419,28.96005],[-81.99566,28.95992],[-82.07863,28.96026],[-82.17311,28.95999],[-82.3117,28.96039],[-82.30511,28.95254],[-82.29709,28.94835],[-82.29594,28.9384],[-82.28999,28.93559],[-82.28859,28.92879],[-82.27732,28.91055],[-82.27625,28.90167],[-82.27358,28.89722],[-82.26566,28.89034],[-82.2621,28.88927],[-82.25103,28.88115],[-82.24253,28.87681],[-82.23696,28.86516],[-82.23622,28.86058],[-82.23195,28.85658],[-82.2224,28.85274],[-82.21223,28.84273],[-82.2067,28.84003],[-82.20498,28.83475],[-82.19121,28.82683],[-82.18697,28.82631],[-82.1826,28.82179],[-82.18276,28.817],[-82.17931,28.80332],[-82.16978,28.79672],[-82.15546,28.79829],[-82.14805,28.80444],[-82.1363,28.80713],[-82.12722,28.80723],[-82.11802,28.79955],[-82.1098,28.78697],[-82.10226,28.76769],[-82.09382,28.75892],[-82.08804,28.76306],[-82.08246,28.76183],[-82.07423,28.76577],[-82.06974,28.76524],[-82.0646,28.76983],[-82.06072,28.75648],[-82.04925,28.75595],[-82.00312,28.75583],[-81.95366,28.75533]]]},"properties":{"STATEFP":"12","COUNTYFP":"119","COUSUBFP":"93666","COUSUBNS":"01935974","GEOIDFQ":"0600000US1211993666","GEOID":"1211993666","NAME":"Wildwood","NAMELSAD":"Wildwood CCD","STUSPS":"FL","NAMELSADCO":"Sumter County","STATE_NAME":"Florida","LSAD":"22","ALAND":540217610,"AWATER":34724133}},
{"type":"Feature","geometry":{"type":"Polygon","coordinates":[[[-82.04774,29.99372],[-82.04845,29.97376],[-82.04799,29.91024],[-82.04637,29.79008],[-82.04611,29.74713],[-82.04924,29.71867],[-82.02892,29.71868],[-82.02491,29.72524],[-82.00707,29.73949],[-81.99107,29.74395],[-81.97623,29.74711],[-81.93943,29.7475],[-81.93111,29.75613],[-81.92835,29.76111],[-81.92778,29.76767],[-81.9235,29.78092],[-81.92022,29.78616],[-81.90926,29.79356],[-81.90019,29.79413],[-81.89068,29.79821],[-81.87033,29.80087],[-81.86199,29.80019],[-81.85334,29.80697],[-81.84721,29.80949],[-81.837,29.81614],[-81.82789,29.82442],[-81.82187,29.82634],[-81.81243,29.83649],[-81.79723,29.83665],[-81.79644,29.86938],[-81.79684,29.87649],[-81.79383,29.88482],[-81.79186,29.8957],[-81.79179,29.90647],[-81.79424,29.91088],[-81.79599,29.91645],[-81.80474,29.92425],[-81.81223,29.92897],[-81.81478,29.93744],[-81.82196,29.94396],[-81.83934,29.95229],[-81.84234,29.95161],[-81.84633,29.96145],[-81.84953,29.96396],[-81.85241,29.97622],[-81.85138,29.98693],[-81.85338,29.99463],[-81.85045,30.00099],[-81.85684,30.00832],[-81.86232,30.00891],[-81.86291,30.01454],[-81.86617,30.01772],[-81.87713,30.03697],[-81.88455,30.03529],[-81.88904,30.03736],[-81.89574,30.03065],[-81.90318,30.03515],[-81.91333,30.03522],[-81.92108,30.0296],[-81.93154,30.02723],[-81.9317,30.0551],[-81.98055,30.05461],[-82.0492,30.0559],[-82.04881,30.01552],[-82.04774,29.99372]]]},"properties":{"STATEFP":"12","COUNTYFP":"019","COUSUBFP":"91742","COUSUBNS":"01935817","GEOIDFQ":"0600000US1201991742","GEOID":"1201991742","NAME":"Keystone Heights","NAMELSAD":"Keystone Heights CCD","STUSPS":"FL","NAMELSADCO":"Clay County","STATE_NAME":"Florida","LSAD":"22","ALAND":628049212,"AWATER":35036359}},
{"type":"Feature","geometry":{"type":"Polygon","coordinates":[[[-87.07182,30.60247],[-87.06194,30.60743],[-87.05626,30.60348],[-87.05252,30.60463],[-87.03996,30.60254],[-87.03488,30.60732],[-87.02989,30.60629],[-87.03379,30.61068],[-87.03187,30.61611],[-87.03532,30.62549],[-87.03019,30.63299],[-87.02658,30.63464],[-87.02559,30.64298],[-87.03212,30.65428],[-87.04243,30.65275],[-87.05522,30.65328],[-87.05515,30.6565],[-87.06337,30.65665],[-87.06557,30.64947],[-87.06603,30.6377],[-87.0753,30.63622],[-87.07672,30.62783],[-87.07065,30.62775],[-87.07134,30.62046],[-87.07656,30.6181],[-87.07657,30.6141],[-87.07316,30.60956],[-87.07182,30.60247]]]},"properties":{"STATEFP":"12","COUNTYFP":"113","COUSUBFP":"92223","COUSUBNS":"01935856","GEOIDFQ":"0600000US1211392223","GEOID":"1211392223","NAME":"Milton","NAMELSAD":"Milton CCD","STUSPS":"FL","NAMELSADCO":"Santa Rosa County","STATE_NAME":"Florida","LSAD":"22","ALAND":20705345,"AWATER":697391}},
{"type":"Feature","geometry":{"type":"Polygon","coordinates":[[[-81.5028,29.10627],[-81.5,29.10742],[-81.48758,29.10644],[-81.46707,29.11074],[-81.4664,29.10875],[-81.45625,29.10909],[-81.44793,29.111],[-81.43993,29.10844],[-81.43245,29.11466],[-81.42858,29.10815],[-81.42259,29.10421],[-81.40407,29.11176],[-81.40037,29.1149],[-81.40494,29.12218],[-81.39394,29.13057],[-81.38644,29.13349],[-81.3715,29.13688],[-81.31775,29.13746],[-81.31772,29.13011],[-81.30465,29.12854],[-81.29111,29.13065],[-81.28757,29.12886],[-81.28485,29.12112],[-81.27969,29.12378],[-81.27635,29.12842],[-81.26846,29.11799],[-81.26142,29.11808],[-81.25371,29.11549],[-81.25604,29.12807],[-81.255,29.13443],[-81.26023,29.14738],[-81.27591,29.17042],[-81.28462,29.17634],[-81.2911,29.18737],[-81.29731,29.18997],[-81.30435,29.20486],[-81.30682,29.21514],[-81.31229,29.22129],[-81.31062,29.22822],[-81.31294,29.23114],[-81.317,29.24299],[-81.32256,29.24812],[-81.32039,29.25281],[-81.32743,29.25751],[-81.32982,29.26228],[-81.3632,29.26167],[-81.41729,29.26116],[-81.41766,29.2693],[-81.42074,29.39965],[-81.42469,29.39732],[-81.43399,29.39855],[-81.43985,29.39144],[-81.44155,29.38508],[-81.44589,29.38014],[-81.45089,29.37846],[-81.51804,29.36187],[-81.52176,29.36219],[-81.54087,29.35656],[-81.6809,29.32443],[-81.67552,29.31063],[-81.66788,29.30149],[-81.66006,29.29916],[-81.65568,29.29994],[-81.64844,29.29017],[-81.64777,29.28601],[-81.64192,29.27677],[-81.63389,29.25434],[-81.63399,29.24478],[-81.6193,29.22859],[-81.61499,29.21729],[-81.61683,29.21051],[-81.61025,29.20257],[-81.60461,29.20053],[-81.5931,29.199],[-81.58258,29.20026],[-81.57581,29.20287],[-81.56091,29.20019],[-81.55194,29.18445],[-81.5465,29.18457],[-81.54407,29.18108],[-81.53258,29.17762],[-81.53148,29.17233],[-81.52387,29.16916],[-81.52182,29.16616],[-81.5226,29.15603],[-81.51729,29.14828],[-81.51289,29.13556],[-81.50453,29.12371],[-81.50674,29.11218],[-81.5028,29.10627]]]},"properties":{"STATEFP":"12","COUNTYFP":"127","COUSUBFP":"92730","COUSUBNS":"01935897","GEOIDFQ":"0600000US1212792730","GEOID":"1212792730","NAME":"Pierson-Seville","NAMELSAD":"Pierson-Seville CCD","STUSPS":"FL","NAMELSADCO":"Volusia County","STATE_NAME":"Florida","LSAD":"22","ALAND":483313899,"AWATER":186181327}},
{"type":"Feature","geometry":{"type":"Polygon","coordinates":[[[-81.74122,28.91376],[-81.75062,28.90782],[-81.74953,28.90245],[-81.74528,28.90244],[-81.74523,28.89522],[-81.74141,28.8952],[-81.74128,28.88097],[-81.74543,28.87835],[-81.74107,28.87139],[-81.74044,28.86138],[-81.7444,28.85187],[-81.75116,28.84108],[-81.75098,28.83521],[-81.71007,28.83555],[-81.70412,28.83398],[-81.70299,28.82908],[-81.7075,28.8218],[-81.68548,28.82319],[-81.67089,28.82063],[-81.65767,28.82391],[-81.63887,28.82406],[-81.62863,28.8152],[-81.60956,28.81519],[-81.60967,28.83628],[-81.61476,28.8431],[-81.61447,28.85176],[-81.61771,28.85172],[-81.61829,28.89518],[-81.62903,28.89515],[-81.63555,28.89155],[-81.63908,28.89545],[-81.64316,28.89255],[-81.65432,28.89258],[-81.66157,28.88968],[-81.66868,28.88324],[-81.67896,28.88373],[-81.68756,28.88093],[-81.69971,28.88048],[-81.70645,28.88401],[-81.74122,28.91376]]]},"properties":{"STATEFP":"12","COUNTYFP":"069","COUSUBFP":"91014","COUSUBNS":"01935760","GEOIDFQ":"0600000US1206991014","GEOID":"1206991014","NAME":"Eustis","NAMELSAD":"Eustis CCD","STUSPS":"FL","NAMELSADCO":"Lake County","STATE_NAME":"Florida","LSAD":"22","ALAND":61541254,"AWATER":31146259}},
{"type":"Feature","geometry":{"type":"Polygon","coordinates":[[[-81.79722,29.83665],[-81.7573,29.83705],[-81.58121,29.84018],[-81.58346,29.84456],[-81.59901,29.87542],[-81.60552,29.89649],[-81.60818,29.90945],[-81.60836,29.9157],[-81.59986,29.93655],[-81.59871,29.94295],[-81.59986,29.95224],[-81.60487,29.9635],[-81.61015,29.97024],[-81.62468,29.9815],[-81.63352,29.9863],[-81.67109,30.00724],[-81.68281,30.01669],[-81.68888,30.02857],[-81.69046,30.04283],[-81.71067,30.04136],[-81.71309,30.04567],[-81.71953,30.04833],[-81.72076,30.05334],[-81.72791,30.05616],[-81.73422,30.07459],[-81.74577,30.07946],[-81.75395,30.07889],[-81.76351,30.0809],[-81.77416,30.07955],[-81.77627,30.0735],[-81.76822,30.06854],[-81.76111,30.06599],[-81.72837,30.03558],[-81.7242,30.03372],[-81.73226,30.02533],[-81.73847,30.02331],[-81.74959,30.0062],[-81.75622,30.00475],[-81.76233,30.00024],[-81.76137,29.99125],[-81.75807,29.98837],[-81.75445,29.98002],[-81.75291,29.96777],[-81.74693,29.95674],[-81.74277,29.94488],[-81.76168,29.91993],[-81.77228,29.91639],[-81.79424,29.91088],[-81.79179,29.90647],[-81.79186,29.8957],[-81.79383,29.88482],[-81.79684,29.87649],[-81.79644,29.86938],[-81.79723,29.83665],[-81.79722,29.83665]]]},"properties":{"STATEFP":"12","COUNTYFP":"019","COUSUBFP":"91300","COUSUBNS":"01935782","GEOIDFQ":"0600000US1201991300","GEOID":"1201991300","NAME":"Green Cove Springs","NAMELSAD":"Green Cove Springs CCD","STUSPS":"FL","NAMELSADCO":"Clay County","STATE_NAME":"Florida","LSAD":"22","ALAND":293550977,"AWATER":34342478}},
{"type":"Feature","geometry":{"type":"Polygon","coordinates":[[[-81.89483,26.43276],[-81.88466,26.42764],[-81.87481,26.42506],[-81.86074,26.41222],[-81.85476,26.40327],[-81.85238,26.40324],[-81.85284,26.38027],[-81.84632,26.37536],[-81.84318,26.35052],[-81.84331,26.34113],[-81.84105,26.33035],[-81.81912,26.33042],[-81.81902,26.31625],[-81.7544,26.31675],[-81.6579,26.31756],[-81.65951,26.42108],[-81.56252,26.42262],[-81.56274,26.4544],[-81.56641,26.45128],[-81.6875,26.45003],[-81.69535,26.45345],[-81.73877,26.4512],[-81.77764,26.43235],[-81.78624,26.45654],[-81.79401,26.4847],[-81.79424,26.49313],[-81.84091,26.49247],[-81.85352,26.51049],[-81.85471,26.51641],[-81.86522,26.51528],[-81.87105,26.52449],[-81.87472,26.52752],[-81.87993,26.52104],[-81.88105,26.51092],[-81.87953,26.50534],[-81.88398,26.49911],[-81.88221,26.48784],[-81.88414,26.48431],[-81.88078,26.47328],[-81.86862,26.45991],[-81.86514,26.44638],[-81.86877,26.44121],[-81.89034,26.43367],[-81.89483,26.43276]]]},"properties":{"STATEFP":"12","COUNTYFP":"071","COUSUBFP":"90234","COUSUBNS":"01935699","GEOIDFQ":"0600000US1207190234","GEOID":"1207190234","NAME":"Bonita Springs","NAMELSAD":"Bonita Springs CCD","STUSPS":"FL","NAMELSADCO":"Lee County","STATE_NAME":"Florida","LSAD":"22","ALAND":334792707,"AWATER":29086526}},
{"type":"Feature","geometry":{"type":"Polygon","coordinates":[[[-81.82903,27.34012],[-81.83133,27.33964],[-81.83715,27.33072],[-81.83567,27.32435],[-81.83734,27.3154],[-81.84279,27.30885],[-81.84051,27.30463],[-81.84588,27.30313],[-81.84956,27.29406],[-81.85366,27.29333],[-81.85865,27.28866],[-81.8562,27.28346],[-81.86102,27.28096],[-81.85748,27.27428],[-81.85939,27.2699],[-81.86663,27.26942],[-81.86993,27.25726],[-81.87394,27.25582],[-81.87942,27.24898],[-81.88541,27.24561],[-81.88864,27.23927],[-81.88275,27.23328],[-81.88405,27.22494],[-81.87615,27.22266],[-81.87735,27.21904],[-81.88547,27.21669],[-81.88646,27.20848],[-81.88969,27.20669],[-81.88855,27.20126],[-81.88462,27.20118],[-81.881,27.1914],[-81.88588,27.18703],[-81.88556,27.17714],[-81.89545,27.17905],[-81.89742,27.17286],[-81.90264,27.16639],[-81.89462,27.16715],[-81.88813,27.17059],[-81.87929,27.16675],[-81.87508,27.16836],[-81.86782,27.16289],[-81.85529,27.16629],[-81.84946,27.16542],[-81.84214,27.16906],[-81.83815,27.17459],[-81.82781,27.17849],[-81.82636,27.17093],[-81.79697,27.13944],[-81.79617,27.12557],[-81.79468,27.1191],[-81.7953,27.07125],[-81.78321,27.05015],[-81.77169,27.03391],[-81.56262,27.03384],[-81.56231,27.07152],[-81.56313,27.20965],[-81.56298,27.21197],[-81.56406,27.34064],[-81.66171,27.34057],[-81.71063,27.34017],[-81.82903,27.34012]]]},"properties":{"STATEFP":"12","COUNTYFP":"027","COUSUBFP":"90065","COUSUBNS":"01935686","GEOIDFQ":"0600000US1202790065","GEOID":"1202790065","NAME":"Arcadia East","NAMELSAD":"Arcadia East CCD","STUSPS":"FL","NAMELSADCO":"DeSoto County","STATE_NAME":"Florida","LSAD":"22","ALAND":915742750,"AWATER":2781794}},
{"type":"Feature","geometry":{"type":"Polygon","coordinates":[[[-85.99553,30.28131],[-85.99471,30.3117],[-86.00008,30.31291],[-86.00828,30.31892],[-86.02516,30.34255],[-86.03231,30.34776],[-86.04053,30.35065],[-86.08206,30.35594],[-86.0913,30.35977],[-86.10709,30.37655],[-86.13337,30.38809],[-86.13702,30.38835],[-86.17643,30.40361],[-86.20721,30.4217],[-86.23383,30.44328],[-86.24994,30.44503],[-86.31818,30.44608],[-86.36218,30.43286],[-86.39538,30.43334],[-86.39736,30.37866],[-86.36417,30.37452],[-86.3424,30.37131],[-86.314,30.36639],[-86.26361,30.35511],[-86.24353,30.34968],[-86.2058,30.33853],[-86.18874,30.33419],[-86.08996,30.30357],[-85.99994,30.27078],[-85.99593,30.26914],[-85.99553,30.28131]]]},"properties":{"STATEFP":"12","COUNTYFP":"131","COUSUBFP":"93542","COUSUBNS":"02583401","GEOIDFQ":"0600000US1213193542","GEOID":"1213193542","NAME":"Walton Beaches","NAMELSAD":"Walton Beaches CCD","STUSPS":"FL","NAMELSADCO":"Walton County","STATE_NAME":"Florida","LSAD":"22","ALAND":199014954,"AWATER":782416965}},
{"type":"Feature","geometry":{"type":"Polygon","coordinates":[[[-87.29836,30.82735],[-87.30238,30.83292],[-87.30174,30.84003],[-87.24594,30.83919],[-87.23784,30.84106],[-87.23409,30.8395],[-87.22477,30.84557],[-87.22227,30.83885],[-87.14208,30.83633],[-87.11869,30.83581],[-87.11764,30.8437],[-87.12,30.85743],[-87.10859,30.85593],[-87.11054,30.8643],[-87.10994,30.87915],[-87.10301,30.89395],[-87.10481,30.90004],[-87.10043,30.90539],[-87.0974,30.91258],[-87.09839,30.92186],[-87.09482,30.93791],[-87.0959,30.94714],[-87.09204,30.95833],[-87.08735,30.95814],[-87.07806,30.96302],[-87.07372,30.97073],[-87.07342,30.97604],[-87.05574,30.98781],[-87.06457,30.99231],[-87.07099,30.99916],[-87.14075,30.99953],[-87.16365,30.99902],[-87.16913,30.9932],[-87.17367,30.99587],[-87.17496,30.98862],[-87.18716,30.98144],[-87.18925,30.97656],[-87.19713,30.9765],[-87.20489,30.96988],[-87.21838,30.96375],[-87.22763,30.96111],[-87.2359,30.964],[-87.24122,30.94919],[-87.25059,30.93875],[-87.2555,30.93159],[-87.26176,30.93515],[-87.26758,30.93474],[-87.27598,30.93009],[-87.27539,30.92705],[-87.28229,30.92483],[-87.28428,30.9158],[-87.28218,30.9104],[-87.2856,30.90805],[-87.28601,30.89503],[-87.28449,30.88799],[-87.29404,30.88445],[-87.29844,30.88125],[-87.30153,30.86343],[-87.30812,30.86444],[-87.31062,30.85495],[-87.31391,30.84871],[-87.30344,30.83848],[-87.30159,30.82799],[-87.29836,30.82735]]]},"properties":{"STATEFP":"12","COUNTYFP":"113","COUSUBFP":"91664","COUSUBNS":"01935811","GEOIDFQ":"0600000US1211391664","GEOID":"1211391664","NAME":"Jay","NAMELSAD":"Jay CCD","STUSPS":"FL","NAMELSADCO":"Santa Rosa County","STATE_NAME":"Florida","LSAD":"22","ALAND":278031792,"AWATER":4051991}},
{"type":"Feature","geometry":{"type":"Polygon","coordinates":[[[-82.5524,28.69464],[-82.55157,28.598],[-82.55274,28.59181],[-82.57051,28.5206],[-82.57459,28.51446],[-82.58779,28.50376],[-82.62547,28.46248],[-82.63996,28.43384],[-82.52795,28.43374],[-82.46189,28.43378],[-82.42882,28.49208],[-82.42012,28.5102],[-82.40717,28.53402],[-82.4793,28.53381],[-82.47876,28.54508],[-82.47977,28.55168],[-82.48008,28.58267],[-82.48152,28.58748],[-82.49176,28.60274],[-82.4929,28.60595],[-82.49306,28.62262],[-82.48906,28.63052],[-82.48905,28.64109],[-82.49326,28.65048],[-82.49332,28.66454],[-82.49656,28.67975],[-82.49435,28.68435],[-82.5074,28.69467],[-82.5524,28.69464]]]},"properties":{"STATEFP":"12","COUNTYFP":"053","COUSUBFP":"93230","COUSUBNS":"01935938","GEOIDFQ":"0600000US1205393230","GEOID":"1205393230","NAME":"Spring Hill","NAMELSAD":"Spring Hill CCD","STUSPS":"FL","NAMELSADCO":"Hernando County","STATE_NAME":"Florida","LSAD":"22","ALAND":292463192,"AWATER":8307776}},
{"type":"Feature","geometry":{"type":"Polygon","coordinates":[[[-81.19877,29.05226],[-81.23973,29.00878],[-81.24211,29.00382],[-81.25752,28.95525],[-81.26884,28.91972],[-81.27684,28.89887],[-81.27778,28.89299],[-81.28446,28.87178],[-81.28637,28.86867],[-81.31703,28.83812],[-81.3198,28.83453],[-81.30957,28.83456],[-81.22568,28.83245],[-81.22287,28.82686],[-81.22463,28.82159],[-81.2159,28.81442],[-81.21674,28.8104],[-81.21372,28.80421],[-81.20803,28.80176],[-81.20393,28.79693],[-81.19502,28.7923],[-81.18042,28.79596],[-81.17894,28.78189],[-81.17758,28.78587],[-81.17159,28.78603],[-81.15639,28.79177],[-81.13786,28.79129],[-81.13837,28.79739],[-81.12929,28.79945],[-81.13041,28.80699],[-81.12314,28.81413],[-81.12624,28.82144],[-81.11829,28.82648],[-81.10575,28.82854],[-81.10297,28.82441],[-81.09601,28.82209],[-81.09194,28.82465],[-81.08525,28.81595],[-81.07609,28.81933],[-81.07316,28.81486],[-81.06741,28.81299],[-81.06745,28.80304],[-81.05917,28.79494],[-81.05267,28.8001],[-81.05144,28.80353],[-81.05827,28.82545],[-81.06386,28.83244],[-81.07621,28.83444],[-81.08072,28.84979],[-81.09167,28.84735],[-81.09603,28.84858],[-81.10038,28.8583],[-81.10638,28.86464],[-81.11151,28.87663],[-81.11522,28.87932],[-81.1139,28.88868],[-81.12102,28.8944],[-81.12573,28.89468],[-81.14278,28.90558],[-81.15071,28.92116],[-81.16146,28.93128],[-81.16153,28.95212],[-81.16573,28.9598],[-81.18098,28.97643],[-81.18521,28.97998],[-81.18622,28.9903],[-81.19396,29.00026],[-81.1982,29.01215],[-81.20039,29.03109],[-81.19808,29.0448],[-81.19877,29.05226]]]},"properties":{"STATEFP":"12","COUNTYFP":"127","COUSUBFP":"90845","COUSUBNS":"01935746","GEOIDFQ":"0600000US1212790845","GEOID":"1212790845","NAME":"Deltona","NAMELSAD":"Deltona CCD","STUSPS":"FL","NAMELSADCO":"Volusia County","STATE_NAME":"Florida","LSAD":"22","ALAND":263075093,"AWATER":40007731}},
{"type":"Feature","geometry":{"type":"Polygon","coordinates":[[[-83.0638,30.1884],[-83.06278,30.08097],[-83.06234,30.07927],[-83.05452,30.07165],[-82.94636,30.0721],[-82.94475,30.077],[-82.94585,30.08674],[-82.90923,30.08702],[-82.81988,30.08813],[-82.81972,30.07357],[-82.79453,30.07386],[-82.79492,30.14669],[-82.79449,30.23806],[-82.79475,30.2416],[-82.79479,30.32017],[-82.80266,30.31997],[-82.81285,30.3145],[-82.83819,30.31422],[-82.84798,30.31593],[-82.8549,30.31099],[-82.8817,30.31176],[-82.89425,30.31359],[-82.90395,30.3133],[-82.90375,30.30638],[-82.89795,30.28631],[-82.89743,30.27546],[-82.89438,30.26473],[-82.89732,30.25336],[-82.91643,30.26442],[-82.91967,30.2583],[-82.92419,30.2579],[-82.92825,30.24933],[-82.93581,30.2479],[-82.93775,30.23877],[-82.93763,30.22892],[-82.95935,30.22845],[-82.96365,30.23194],[-82.98799,30.23183],[-82.98802,30.19922],[-83.01333,30.19932],[-83.01347,30.18823],[-83.0638,30.1884]]]},"properties":{"STATEFP":"12","COUNTYFP":"121","COUSUBFP":"92002","COUSUBNS":"01935837","GEOIDFQ":"0600000US1212192002","GEOID":"1212192002","NAME":"McAlpin-Wellborn","NAMELSAD":"McAlpin-Wellborn CCD","STUSPS":"FL","NAMELSADCO":"Suwannee County","STATE_NAME":"Florida","LSAD":"22","ALAND":502910269,"AWATER":2711962}},
{"type":"Feature","geometry":{"type":"Polygon","coordinates":[[[-82.36981,27.95239],[-82.35814,27.94929],[-82.35419,27.94947],[-82.35337,27.93905],[-82.35121,27.93083],[-82.34798,27.91184],[-82.34389,27.90346],[-82.33798,27.89388],[-82.31854,27.8936],[-82.24386,27.89369],[-82.22238,27.87551],[-82.20921,27.87304],[-82.20458,27.88002],[-82.19852,27.88551],[-82.19173,27.88514],[-82.18703,27.87938],[-82.17764,27.87349],[-82.17054,27.87566],[-82.17045,27.93755],[-82.21959,27.93766],[-82.21969,27.96699],[-82.2342,27.96707],[-82.23616,27.97687],[-82.23623,28.02487],[-82.25598,28.02081],[-82.2862,28.0094],[-82.3146,28.00401],[-82.33094,28.0017],[-82.34876,27.99621],[-82.35773,27.99597],[-82.36023,27.98152],[-82.36039,27.96735],[-82.36688,27.96551],[-82.36981,27.95239]]]},"properties":{"STATEFP":"12","COUNTYFP":"057","COUSUBFP":"90286","COUSUBNS":"01935703","GEOIDFQ":"0600000US1205790286","GEOID":"1205790286","NAME":"Brandon","NAMELSAD":"Brandon CCD","STUSPS":"FL","NAMELSADCO":"Hillsborough County","STATE_NAME":"Florida","LSAD":"22","ALAND":189516197,"AWATER":7951084}},
{"type":"Feature","geometry":{"type":"Polygon","coordinates":[[[-82.19297,29.26691],[-82.20647,29.30401],[-82.21914,29.34772],[-82.2046,29.33046],[-82.15968,29.3307],[-82.15586,29.3368],[-82.14643,29.34768],[-82.1358,29.3675],[-82.11388,29.36757],[-82.1138,29.36028],[-82.10719,29.36041],[-82.10236,29.38776],[-82.10634,29.40617],[-82.10557,29.41665],[-82.10569,29.43597],[-82.1098,29.43538],[-82.11846,29.42839],[-82.12524,29.42887],[-82.1345,29.43504],[-82.1453,29.42346],[-82.14034,29.42008],[-82.14852,29.41718],[-82.15066,29.4265],[-82.15908,29.42488],[-82.16842,29.4257],[-82.18323,29.42129],[-82.19363,29.42094],[-82.20212,29.4264],[-82.21016,29.4285],[-82.21373,29.43702],[-82.21157,29.4495],[-82.21772,29.4571],[-82.21178,29.46401],[-82.20418,29.46057],[-82.19364,29.45319],[-82.18879,29.45443],[-82.18938,29.46095],[-82.20116,29.46746],[-82.20361,29.47199],[-82.21159,29.47107],[-82.21481,29.47731],[-82.21097,29.47967],[-82.21188,29.48409],[-82.2872,29.48433],[-82.40662,29.48505],[-82.40694,29.42902],[-82.40553,29.429],[-82.40559,29.38865],[-82.40519,29.31518],[-82.40459,29.27886],[-82.38554,29.27985],[-82.37056,29.28272],[-82.34176,29.28314],[-82.33604,29.28234],[-82.29278,29.28236],[-82.28474,29.2809],[-82.27039,29.27431],[-82.26184,29.26859],[-82.25732,29.26728],[-82.23496,29.26713],[-82.19297,29.26691]]]},"properties":{"STATEFP":"12","COUNTYFP":"083","COUSUBFP":"92951","COUSUBNS":"01935914","GEOIDFQ":"0600000US1208392951","GEOID":"1208392951","NAME":"Reddick-McIntosh","NAMELSAD":"Reddick-McIntosh CCD","STUSPS":"FL","NAMELSADCO":"Marion County","STATE_NAME":"Florida","LSAD":"22","ALAND":526326510,"AWATER":5628989}},
{"type":"Feature","geometry":{"type":"Polygon","coordinates":[[[-82.48362,27.52313],[-82.47757,27.52397],[-82.47035,27.52818],[-82.45521,27.52568],[-82.45059,27.52062],[-82.44243,27.51867],[-82.43165,27.52433],[-82.42688,27.51723],[-82.42089,27.51671],[-82.41069,27.52276],[-82.39459,27.51991],[-82.38235,27.52275],[-82.37539,27.52053],[-82.37178,27.51622],[-82.36374,27.51189],[-82.36185,27.50333],[-82.35454,27.49342],[-82.30163,27.47558],[-82.29637,27.4767],[-82.27888,27.47646],[-82.27032,27.47415],[-82.20878,27.47355],[-82.20451,27.47245],[-82.18386,27.46157],[-82.17673,27.4597],[-82.08858,27.46007],[-82.07288,27.46982],[-82.05961,27.47056],[-82.05549,27.4731],[-82.05447,27.59525],[-82.05435,27.64638],[-82.05635,27.64623],[-82.14627,27.64629],[-82.26816,27.64637],[-82.28288,27.64666],[-82.38488,27.64639],[-82.49849,27.6455],[-82.52475,27.64542],[-82.53752,27.63685],[-82.53973,27.63305],[-82.53967,27.62345],[-82.52751,27.6234],[-82.52753,27.57548],[-82.51734,27.57548],[-82.51222,27.57379],[-82.47815,27.57379],[-82.47879,27.5708],[-82.47843,27.54427],[-82.48273,27.5399],[-82.48362,27.52313]]]},"properties":{"STATEFP":"12","COUNTYFP":"081","COUSUBFP":"92652","COUSUBNS":"01935891","GEOIDFQ":"0600000US1208192652","GEOID":"1208192652","NAME":"Parrish","NAMELSAD":"Parrish CCD","STUSPS":"FL","NAMELSADCO":"Manatee County","STATE_NAME":"Florida","LSAD":"22","ALAND":782068565,"AWATER":7775734}},
{"type":"Feature","geometry":{"type":"Polygon","coordinates":[[[-80.88129,26.33381],[-80.5399,26.3347],[-80.53591,26.33459],[-80.29699,26.33436],[-80.29706,26.35532],[-80.29705,26.35668],[-80.28399,26.36427],[-80.25327,26.36444],[-80.25167,26.36499],[-80.23596,26.38499],[-80.23566,26.40894],[-80.22235,26.46368],[-80.22076,26.46831],[-80.22204,26.48323],[-80.22234,26.5127],[-80.23334,26.54252],[-80.24977,26.56552],[-80.27951,26.60222],[-80.33332,26.63394],[-80.34877,26.64954],[-80.36258,26.67647],[-80.36403,26.68505],[-80.36266,26.74105],[-80.39481,26.77808],[-80.41159,26.79473],[-80.46686,26.84209],[-80.4666,26.88552],[-80.48329,26.88557],[-80.4824,26.95795],[-80.58024,26.95793],[-80.58039,26.92842],[-80.57976,26.82746],[-80.56437,26.82705],[-80.56428,26.81337],[-80.61275,26.81269],[-80.6128,26.7689],[-80.61119,26.76559],[-80.61135,26.69301],[-80.61103,26.68256],[-80.61357,26.67846],[-80.61373,26.67154],[-80.62175,26.67113],[-80.62193,26.66383],[-80.58643,26.64601],[-80.58234,26.64609],[-80.56886,26.63008],[-80.57294,26.62759],[-80.59111,26.62749],[-80.67193,26.61315],[-80.69134,26.60946],[-80.71151,26.60973],[-80.88577,26.60924],[-80.88297,26.46493],[-80.88309,26.46227],[-80.88002,26.34606],[-80.88129,26.33381]]]},"properties":{"STATEFP":"12","COUNTYFP":"099","COUSUBFP":"91274","COUSUBNS":"01935780","GEOIDFQ":"0600000US1209991274","GEOID":"1209991274","NAME":"Glades","NAMELSAD":"Glades CCD","STUSPS":"FL","NAMELSADCO":"Palm Beach County","STATE_NAME":"Florida","LSAD":"22","ALAND":2662290690,"AWATER":2608538}},
{"type":"Feature","geometry":{"type":"MultiPolygon","coordinates":[[[[-82.22407,26.6029],[-82.22444,26.59325],[-82.22089,26.58391],[-82.21367,26.57991],[-82.20532,26.56793],[-82.2014,26.55631],[-82.20167,26.55138],[-82.19884,26.54598],[-82.18644,26.48922],[-82.18072,26.47626],[-82.17292,26.46766],[-82.14872,26.45546],[-82.12667,26.43628],[-82.09812,26.42496],[-82.08291,26.42206],[-82.07501,26.42206],[-82.06311,26.42546],[-82.01391,26.45206],[-82.02053,26.45311],[-82.03217,26.45269],[-82.04081,26.45823],[-82.06255,26.47013],[-82.06664,26.46609],[-82.07692,26.46611],[-82.08842,26.45518],[-82.12005,26.47358],[-82.13247,26.47907],[-82.14007,26.47731],[-82.14937,26.47761],[-82.15974,26.48198],[-82.1685,26.48774],[-82.1688,26.49234],[-82.1782,26.4943],[-82.17608,26.49757],[-82.17978,26.50599],[-82.17953,26.51247],[-82.18785,26.52352],[-82.19188,26.54362],[-82.19736,26.55351],[-82.19902,26.56095],[-82.20635,26.58363],[-82.21434,26.60294],[-82.21994,26.60707],[-82.22407,26.6029]]],[[[-82.26248,26.68397],[-82.26248,26.6776],[-82.2544,26.6672],[-82.24828,26.66166],[-82.2361,26.63788],[-82.23147,26.63473],[-82.22792,26.62713],[-82.2239,26.61418],[-82.21875,26.62513],[-82.22374,26.62683],[-82.22778,26.63703],[-82.22826,26.64447],[-82.23325,26.64957],[-82.23848,26.66252],[-82.23753,26.66911],[-82.2342,26.67675],[-82.24276,26.68143],[-82.24537,26.68631],[-82.24252,26.69672],[-82.24608,26.70606],[-82.25013,26.70776],[-82.25583,26.70393],[-82.25844,26.68801],[-82.26248,26.68397]]]]},"properties":{"STATEFP":"12","COUNTYFP":"071","COUSUBFP":"93094","COUSUBNS":"01935925","GEOIDFQ":"0600000US1207193094","GEOID":"1207193094","NAME":"Sanibel Island","NAMELSAD":"Sanibel Island CCD","STUSPS":"FL","NAMELSADCO":"Lee County","STATE_NAME":"Florida","LSAD":"22","ALAND":60922048,"AWATER":951736008}},
{"type":"Feature","geometry":{"type":"Polygon","coordinates":[[[-81.23216,28.34815],[-81.38297,28.34789],[-81.37952,28.33922],[-81.38726,28.33237],[-81.38917,28.31895],[-81.38577,28.31132],[-81.38568,28.30395],[-81.39373,28.29706],[-81.39544,28.2931],[-81.39468,28.28393],[-81.39214,28.28226],[-81.3965,28.27125],[-81.3902,28.26357],[-81.39681,28.25531],[-81.3947,28.25092],[-81.39033,28.23297],[-81.39807,28.2058],[-81.3983,28.19994],[-81.39341,28.1863],[-81.38726,28.17879],[-81.36568,28.16397],[-81.35154,28.14032],[-81.35194,28.1389],[-81.34498,28.08624],[-81.34642,28.0847],[-81.34719,28.0763],[-81.30194,28.0754],[-81.27639,28.07146],[-81.27032,28.07203],[-81.26039,28.07847],[-81.25482,28.0875],[-81.25209,28.09952],[-81.25486,28.10283],[-81.25381,28.12097],[-81.25544,28.13083],[-81.25014,28.13804],[-81.24525,28.13949],[-81.24282,28.14356],[-81.24006,28.1643],[-81.23652,28.17519],[-81.22887,28.18204],[-81.22229,28.20167],[-81.21363,28.20859],[-81.20167,28.21474],[-81.1966,28.22898],[-81.18681,28.23713],[-81.18448,28.24342],[-81.18735,28.24665],[-81.18865,28.2609],[-81.18269,28.26656],[-81.1768,28.26265],[-81.16325,28.26311],[-81.15624,28.29161],[-81.16244,28.3038],[-81.16158,28.31378],[-81.16853,28.31653],[-81.16586,28.32199],[-81.1743,28.33407],[-81.1742,28.34818],[-81.23216,28.34815]]]},"properties":{"STATEFP":"12","COUNTYFP":"097","COUSUBFP":"93029","COUSUBNS":"01935920","GEOIDFQ":"0600000US1209793029","GEOID":"1209793029","NAME":"St. Cloud","NAMELSAD":"St. Cloud CCD","STUSPS":"FL","NAMELSADCO":"Osceola County","STATE_NAME":"Florida","LSAD":"22","ALAND":380875828,"AWATER":120313767}},
{"type":"Feature","geometry":{"type":"Polygon","coordinates":[[[-82.449,27.38861],[-82.44682,27.37851],[-82.44666,27.34416],[-82.41703,27.34359],[-82.41652,27.33825],[-82.38375,27.33866],[-82.38388,27.30546],[-82.38242,27.29582],[-82.38876,27.28274],[-82.3879,27.27167],[-82.38589,27.26662],[-82.38407,27.25416],[-82.38736,27.243],[-82.39107,27.23779],[-82.39583,27.23566],[-82.40913,27.21092],[-82.40951,27.20761],[-82.40505,27.18569],[-82.40881,27.17276],[-82.41982,27.16556],[-82.42386,27.15521],[-82.41046,27.13739],[-82.39756,27.12281],[-82.35001,27.12253],[-82.34672,27.1195],[-82.34768,27.11323],[-82.34154,27.11327],[-82.33153,27.09682],[-82.31917,27.08457],[-82.31654,27.0733],[-82.31289,27.07033],[-82.31471,27.06614],[-82.30609,27.06034],[-82.30407,27.0567],[-82.29371,27.05359],[-82.28867,27.05981],[-82.2825,27.07991],[-82.26968,27.09391],[-82.27143,27.10025],[-82.25456,27.10007],[-82.25436,27.12187],[-82.15555,27.1202],[-82.15552,27.09898],[-82.13478,27.09874],[-82.123,27.09416],[-82.10246,27.07579],[-82.07062,27.07597],[-82.05752,27.07649],[-82.05763,27.12533],[-82.0565,27.20777],[-82.11292,27.20819],[-82.2536,27.20892],[-82.2532,27.28977],[-82.25226,27.38624],[-82.37481,27.38661],[-82.44709,27.38612],[-82.44861,27.38861],[-82.449,27.38861]]]},"properties":{"STATEFP":"12","COUNTYFP":"115","COUSUBFP":"91599","COUSUBNS":"01935806","GEOIDFQ":"0600000US1211591599","GEOID":"1211591599","NAME":"Interior County","NAMELSAD":"Interior County CCD","STUSPS":"FL","NAMELSADCO":"Sarasota County","STATE_NAME":"Florida","LSAD":"22","ALAND":687337129,"AWATER":22366476}},
{"type":"Feature","geometry":{"type":"Polygon","coordinates":[[[-85.84442,30.70313],[-85.91934,30.70342],[-85.99994,30.70439],[-86.03759,30.70457],[-86.03756,30.71305],[-86.04673,30.71309],[-86.0595,30.7083],[-86.06796,30.70173],[-86.08011,30.69893],[-86.08427,30.69393],[-86.09497,30.68813],[-86.1036,30.67729],[-86.10596,30.66841],[-86.11083,30.67405],[-86.11598,30.67378],[-86.12278,30.6776],[-86.12272,30.66638],[-86.12124,30.66188],[-86.11434,30.6509],[-86.11406,30.64632],[-86.11736,30.62013],[-86.11073,30.59854],[-86.09167,30.60346],[-86.08401,30.60238],[-86.07512,30.59215],[-86.06668,30.59044],[-86.05587,30.59101],[-86.04597,30.58937],[-86.04819,30.57882],[-86.04418,30.57874],[-86.03593,30.57404],[-86.0268,30.57525],[-86.01737,30.57083],[-86.01628,30.56737],[-85.99457,30.56106],[-85.98734,30.56159],[-85.97857,30.55848],[-85.97481,30.55921],[-85.96515,30.5563],[-85.96086,30.55749],[-85.94454,30.55323],[-85.94107,30.55041],[-85.93551,30.55083],[-85.92789,30.54842],[-85.92376,30.54459],[-85.91976,30.5373],[-85.91587,30.53648],[-85.90642,30.53845],[-85.9008,30.54253],[-85.89291,30.54351],[-85.88456,30.53949],[-85.88059,30.53498],[-85.87937,30.54856],[-85.87983,30.55621],[-85.88773,30.55938],[-85.89122,30.56591],[-85.88869,30.56878],[-85.89017,30.57864],[-85.89535,30.58635],[-85.9032,30.58481],[-85.90946,30.58688],[-85.90881,30.59676],[-85.91592,30.59679],[-85.91095,30.60388],[-85.90826,30.61404],[-85.91229,30.62519],[-85.91104,30.63087],[-85.91517,30.63697],[-85.90811,30.63983],[-85.90585,30.6449],[-85.89679,30.6478],[-85.89264,30.65248],[-85.88165,30.65683],[-85.87786,30.66171],[-85.86918,30.66415],[-85.87102,30.6751],[-85.87542,30.67951],[-85.86734,30.68049],[-85.86331,30.68549],[-85.86575,30.68983],[-85.86048,30.69281],[-85.85806,30.69747],[-85.84442,30.70313]]]},"properties":{"STATEFP":"12","COUNTYFP":"131","COUSUBFP":"92938","COUSUBNS":"01935913","GEOIDFQ":"0600000US1213192938","GEOID":"1213192938","NAME":"Redbay","NAMELSAD":"Redbay CCD","STUSPS":"FL","NAMELSADCO":"Walton County","STATE_NAME":"Florida","LSAD":"22","ALAND":313804577,"AWATER":4088627}},
{"type":"Feature","geometry":{"type":"Polygon","coordinates":[[[-82.34389,27.90346],[-82.34905,27.89198],[-82.34697,27.8572],[-82.34119,27.8629],[-82.3364,27.8635],[-82.32663,27.869],[-82.32671,27.85708],[-82.33573,27.85701],[-82.34674,27.85161],[-82.35231,27.82228],[-82.35294,27.80477],[-82.35691,27.79172],[-82.3349,27.79197],[-82.33525,27.7108],[-82.34835,27.67574],[-82.35004,27.6734],[-82.38488,27.64639],[-82.28288,27.64666],[-82.26816,27.64637],[-82.14627,27.64629],[-82.05635,27.64623],[-82.05435,27.64638],[-82.05404,27.85465],[-82.05523,27.86527],[-82.05525,27.87805],[-82.05937,27.8763],[-82.09577,27.87626],[-82.102,27.88684],[-82.12734,27.88654],[-82.13324,27.87311],[-82.1426,27.86749],[-82.15044,27.86835],[-82.15457,27.87075],[-82.17054,27.87566],[-82.17764,27.87349],[-82.18703,27.87938],[-82.19173,27.88514],[-82.19852,27.88551],[-82.20458,27.88002],[-82.20921,27.87304],[-82.22238,27.87551],[-82.24386,27.89369],[-82.31854,27.8936],[-82.33798,27.89388],[-82.34389,27.90346]]]},"properties":{"STATEFP":"12","COUNTYFP":"057","COUSUBFP":"93693","COUSUBNS":"02585634","GEOIDFQ":"0600000US1205793693","GEOID":"1205793693","NAME":"Wimauma-Riverview","NAMELSAD":"Wimauma-Riverview CCD","STUSPS":"FL","NAMELSADCO":"Hillsborough County","STATE_NAME":"Florida","LSAD":"22","ALAND":730040359,"AWATER":24184681}},
{"type":"Feature","geometry":{"type":"Polygon","coordinates":[[[-81.54173,29.77104],[-81.55244,29.76024],[-81.55649,29.75353],[-81.55757,29.73685],[-81.56014,29.72715],[-81.56774,29.71512],[-81.5754,29.70953],[-81.58309,29.70749],[-81.61024,29.70649],[-81.625,29.70731],[-81.63468,29.70505],[-81.64044,29.69962],[-81.64181,29.69053],[-81.64024,29.67905],[-81.62877,29.66979],[-81.63552,29.66737],[-81.62907,29.66228],[-81.62866,29.65409],[-81.62655,29.65126],[-81.62847,29.64568],[-81.63641,29.63983],[-81.6248,29.63684],[-81.60736,29.63844],[-81.60348,29.64279],[-81.59654,29.63878],[-81.59249,29.63131],[-81.59755,29.62158],[-81.59505,29.61204],[-81.59853,29.6073],[-81.61281,29.59537],[-81.62172,29.59149],[-81.62124,29.58917],[-81.62759,29.58318],[-81.6262,29.57748],[-81.61617,29.57403],[-81.6137,29.57054],[-81.60084,29.57076],[-81.59331,29.56872],[-81.59222,29.56549],[-81.58598,29.56227],[-81.58195,29.56446],[-81.57547,29.5639],[-81.56735,29.55513],[-81.57102,29.55014],[-81.55775,29.54265],[-81.55677,29.53228],[-81.54433,29.52334],[-81.53826,29.51017],[-81.52507,29.5],[-81.52051,29.4921],[-81.51523,29.48672],[-81.52047,29.49651],[-81.52228,29.55983],[-81.52366,29.62243],[-81.52523,29.7595],[-81.53342,29.76392],[-81.54173,29.77104]]]},"properties":{"STATEFP":"12","COUNTYFP":"107","COUSUBFP":"90923","COUSUBNS":"01935753","GEOIDFQ":"0600000US1210790923","GEOID":"1210790923","NAME":"East Palatka","NAMELSAD":"East Palatka CCD","STUSPS":"FL","NAMELSADCO":"Putnam County","STATE_NAME":"Florida","LSAD":"22","ALAND":154520475,"AWATER":36409337}},
{"type":"Feature","geometry":{"type":"Polygon","coordinates":[[[-85.82162,30.79078],[-85.82467,30.7954],[-85.8302,30.7978],[-85.82899,30.8024],[-85.84012,30.80685],[-85.83901,30.81449],[-85.846,30.81502],[-85.85106,30.81993],[-85.8729,30.82612],[-85.87,30.83022],[-85.87761,30.83428],[-85.87657,30.83822],[-85.88449,30.84423],[-85.88253,30.85422],[-85.88624,30.86022],[-85.8833,30.86403],[-85.88598,30.86772],[-85.88333,30.87384],[-85.87802,30.87581],[-85.88051,30.87983],[-85.8756,30.88903],[-85.87743,30.89927],[-85.87195,30.90211],[-85.87048,30.90603],[-85.86324,30.91172],[-85.85839,30.91126],[-85.86021,30.91618],[-85.85306,30.91855],[-85.85501,30.93239],[-85.84734,30.93689],[-85.84842,30.94536],[-85.84438,30.9473],[-85.8393,30.9586],[-85.83061,30.96263],[-85.829,30.96698],[-85.82364,30.9714],[-85.82332,30.97651],[-85.83086,30.98849],[-85.83112,30.99406],[-85.89354,30.99347],[-85.99864,30.99287],[-86.03504,30.99332],[-86.03619,30.86875],[-86.03742,30.80575],[-86.03756,30.71305],[-86.03759,30.70457],[-85.99994,30.70439],[-85.91934,30.70342],[-85.84442,30.70313],[-85.84513,30.70727],[-85.84051,30.71151],[-85.83977,30.71728],[-85.82612,30.72528],[-85.82852,30.72986],[-85.82526,30.73823],[-85.82998,30.74058],[-85.82703,30.74686],[-85.82774,30.75225],[-85.83193,30.75708],[-85.82825,30.7622],[-85.83021,30.76856],[-85.82644,30.77651],[-85.81947,30.77907],[-85.8164,30.78378],[-85.82162,30.79078]]]},"properties":{"STATEFP":"12","COUNTYFP":"059","COUSUBFP":"93596","COUSUBNS":"01935799","GEOIDFQ":"0600000US1205993596","GEOID":"1205993596","NAME":"West Holmes","NAMELSAD":"West Holmes CCD","STUSPS":"FL","NAMELSADCO":"Holmes County","STATE_NAME":"Florida","LSAD":"22","ALAND":562047245,"AWATER":15510987}},
{"type":"Feature","geometry":{"type":"MultiPolygon","coordinates":[[[[-82.4617,28.17183],[-82.46587,28.18079],[-82.46689,28.18739],[-82.46255,28.20817],[-82.46394,28.21378],[-82.50314,28.26282],[-82.50546,28.27723],[-82.51857,28.30582],[-82.52036,28.31437],[-82.5178,28.32452],[-82.5236,28.32459],[-82.53932,28.33023],[-82.55635,28.33095],[-82.58183,28.32862],[-82.59853,28.33245],[-82.6023,28.33468],[-82.61927,28.318],[-82.61965,28.30905],[-82.6169,28.30123],[-82.61849,28.29532],[-82.61735,28.28263],[-82.62532,28.27333],[-82.62708,28.2749],[-82.64937,28.27926],[-82.66344,28.28063],[-82.71553,28.28059],[-82.71555,28.27325],[-82.71963,28.27315],[-82.71962,28.26601],[-82.73696,28.2659],[-82.74337,28.26732],[-82.74925,28.25586],[-82.74838,28.24682],[-82.75601,28.24079],[-82.76221,28.24213],[-82.76447,28.23206],[-82.75599,28.22806],[-82.7701,28.20772],[-82.77807,28.20892],[-82.78254,28.20745],[-82.78722,28.19299],[-82.79776,28.18779],[-82.79738,28.18169],[-82.78893,28.17627],[-82.79277,28.17298],[-82.65117,28.17327],[-82.6208,28.17335],[-82.53601,28.17258],[-82.51651,28.17272],[-82.47403,28.17194],[-82.4617,28.17183]]],[[[-82.84303,28.17173],[-82.84702,28.18184],[-82.84705,28.18728],[-82.84306,28.19048],[-82.84493,28.19908],[-82.84844,28.20447],[-82.84284,28.20694],[-82.84045,28.212],[-82.8495,28.21335],[-82.85243,28.21017],[-82.84987,28.17979],[-82.84805,28.17172],[-82.84303,28.17173]]]]},"properties":{"STATEFP":"12","COUNTYFP":"101","COUSUBFP":"92327","COUSUBNS":"01935864","GEOIDFQ":"0600000US1210192327","GEOID":"1210192327","NAME":"New Port Richey","NAMELSAD":"New Port Richey CCD","STUSPS":"FL","NAMELSADCO":"Pasco County","STATE_NAME":"Florida","LSAD":"22","ALAND":376166798,"AWATER":263283482}},
{"type":"Feature","geometry":{"type":"Polygon","coordinates":[[[-86.91887,30.37093],[-86.87596,30.37767],[-86.83618,30.38331],[-86.79948,30.38722],[-86.79939,30.40619],[-86.79994,30.40382],[-86.83992,30.39938],[-86.85629,30.39671],[-86.88596,30.39056],[-86.91894,30.38651],[-86.91887,30.37093]]]},"properties":{"STATEFP":"12","COUNTYFP":"113","COUSUBFP":"92309","COUSUBNS":"02648025","GEOIDFQ":"0600000US1211392309","GEOID":"1211392309","NAME":"Navarre Beach","NAMELSAD":"Navarre Beach CCD","STUSPS":"FL","NAMELSADCO":"Santa Rosa County","STATE_NAME":"Florida","LSAD":"22","ALAND":6279500,"AWATER":204792262}},
{"type":"Feature","geometry":{"type":"Polygon","coordinates":[[[-87.31927,30.67818],[-87.33235,30.67998],[-87.40014,30.68182],[-87.40393,30.68439],[-87.40503,30.6911],[-87.41331,30.69635],[-87.42381,30.69751],[-87.43194,30.69439],[-87.43748,30.69416],[-87.4401,30.69074],[-87.43037,30.68865],[-87.41953,30.67998],[-87.40696,30.67517],[-87.40587,30.66662],[-87.40071,30.65715],[-87.39726,30.65435],[-87.39718,30.64812],[-87.39359,30.63088],[-87.39643,30.61691],[-87.39503,30.61528],[-87.39927,30.60561],[-87.40656,30.59993],[-87.40874,30.5837],[-87.41271,30.57323],[-87.41851,30.56956],[-87.41865,30.56184],[-87.42604,30.56007],[-87.42789,30.55416],[-87.43544,30.54914],[-87.44659,30.52707],[-87.44494,30.51494],[-87.44778,30.51191],[-87.44471,30.50749],[-87.43969,30.50665],[-87.43118,30.4958],[-87.43058,30.4911],[-87.43558,30.4805],[-87.43058,30.4766],[-87.42958,30.4706],[-87.42508,30.4656],[-87.41468,30.4573],[-87.40788,30.4564],[-87.40468,30.4529],[-87.39688,30.4506],[-87.39198,30.4516],[-87.37827,30.44919],[-87.37634,30.45589],[-87.37923,30.45981],[-87.36861,30.46702],[-87.36305,30.47292],[-87.34671,30.47802],[-87.34605,30.48687],[-87.34394,30.49086],[-87.33756,30.49414],[-87.33566,30.49818],[-87.33531,30.5082],[-87.34218,30.51278],[-87.34086,30.51907],[-87.34367,30.52513],[-87.3428,30.53483],[-87.21346,30.53199],[-87.20742,30.5331],[-87.19905,30.53806],[-87.1953,30.54891],[-87.20042,30.55232],[-87.20971,30.55527],[-87.22291,30.5726],[-87.22522,30.58139],[-87.23081,30.58545],[-87.23658,30.59661],[-87.24642,30.59793],[-87.24375,30.60223],[-87.24551,30.60584],[-87.25626,30.61115],[-87.25877,30.61879],[-87.25621,30.62349],[-87.25951,30.62993],[-87.25682,30.63531],[-87.26356,30.64689],[-87.26429,30.66188],[-87.2667,30.67029],[-87.30159,30.66091],[-87.32108,30.65034],[-87.32168,30.66337],[-87.31927,30.67818]]]},"properties":{"STATEFP":"12","COUNTYFP":"033","COUSUBFP":"90390","COUSUBNS":"01935711","GEOIDFQ":"0600000US1203390390","GEOID":"1203390390","NAME":"Cantonment","NAMELSAD":"Cantonment CCD","STUSPS":"FL","NAMELSADCO":"Escambia County","STATE_NAME":"Florida","LSAD":"22","ALAND":320194751,"AWATER":9568392}},
{"type":"Feature","geometry":{"type":"MultiPolygon","coordinates":[[[[-80.84825,24.80583],[-80.84669,24.80276],[-80.83502,24.80694],[-80.82438,24.81238],[-80.79453,24.81205],[-80.78688,24.82277],[-80.79115,24.82567],[-80.79965,24.81745],[-80.80733,24.8187],[-80.81021,24.82418],[-80.80194,24.83346],[-80.79055,24.84016],[-80.79271,24.84348],[-80.80468,24.83479],[-80.80888,24.83353],[-80.81649,24.82376],[-80.81999,24.82349],[-80.83622,24.8093],[-80.84825,24.80583]]],[[[-80.92315,24.76668],[-80.91211,24.76597],[-80.90653,24.77065],[-80.90876,24.7776],[-80.91246,24.77704],[-80.91674,24.77056],[-80.92315,24.76668]]],[[[-81.12476,24.70713],[-81.11597,24.69907],[-81.11285,24.69225],[-81.10804,24.68859],[-81.09444,24.68934],[-81.08244,24.69196],[-81.07872,24.69656],[-81.07585,24.70427],[-81.06713,24.71493],[-81.06015,24.71574],[-81.05347,24.72004],[-81.03429,24.72734],[-81.02821,24.72675],[-81.02946,24.72112],[-81.02379,24.7169],[-81.01178,24.72191],[-81.00663,24.72681],[-80.99234,24.73319],[-80.9755,24.74493],[-80.96762,24.74792],[-80.96425,24.75171],[-80.93854,24.76754],[-80.93123,24.77294],[-80.93906,24.77457],[-80.95215,24.76614],[-80.96396,24.76371],[-80.96695,24.75837],[-80.97194,24.75934],[-80.97996,24.75287],[-80.9872,24.75452],[-80.9894,24.74982],[-80.99453,24.74861],[-80.99443,24.74399],[-81.00814,24.73886],[-81.01009,24.74055],[-81.01692,24.73468],[-81.02595,24.73355],[-81.0367,24.74283],[-81.04159,24.74328],[-81.05057,24.73758],[-81.05646,24.73114],[-81.06145,24.72899],[-81.07693,24.71649],[-81.08073,24.7182],[-81.09021,24.71658],[-81.09913,24.71199],[-81.10735,24.71276],[-81.11859,24.70781],[-81.12476,24.70713]]]]},"properties":{"STATEFP":"12","COUNTYFP":"087","COUSUBFP":"92210","COUSUBNS":"01935855","GEOIDFQ":"0600000US1208792210","GEOID":"1208792210","NAME":"Middle Keys","NAMELSAD":"Middle Keys CCD","STUSPS":"FL","NAMELSADCO":"Monroe County","STATE_NAME":"Florida","LSAD":"22","ALAND":29826569,"AWATER":900749144}},
{"type":"Feature","geometry":{"type":"Polygon","coordinates":[[[-82.05582,28.31279],[-82.05553,28.25893],[-82.1062,28.25923],[-82.10585,28.17165],[-82.05626,28.17159],[-82.05661,28.10569],[-82.05551,27.99281],[-82.05595,27.98948],[-82.0553,27.93818],[-82.01417,27.93856],[-81.9742,27.93851],[-81.97397,27.93472],[-81.94842,27.93509],[-81.94841,27.95296],[-81.92359,27.95291],[-81.92359,27.94561],[-81.87827,27.94578],[-81.87837,27.95298],[-81.85602,27.9529],[-81.85773,27.95657],[-81.8589,27.96983],[-81.8567,27.98054],[-81.85177,27.98319],[-81.84947,27.98834],[-81.85258,27.99229],[-81.85144,28.00194],[-81.84518,28.00825],[-81.83936,28.01013],[-81.82115,28.01034],[-81.82135,28.017],[-81.81498,28.02321],[-81.81323,28.04163],[-81.81334,28.05771],[-81.81754,28.05704],[-81.81746,28.0769],[-81.82159,28.08442],[-81.82282,28.10331],[-81.82756,28.17926],[-81.82468,28.18103],[-81.82089,28.18882],[-81.8204,28.19357],[-81.82087,28.23891],[-81.8228,28.25345],[-81.82729,28.26559],[-81.83007,28.28733],[-81.83588,28.29791],[-81.83656,28.30335],[-81.83329,28.33173],[-81.83156,28.33734],[-81.81944,28.35895],[-81.8189,28.36171],[-81.85762,28.36187],[-81.85751,28.34597],[-81.95764,28.34518],[-81.95803,28.30893],[-81.96519,28.30805],[-81.97633,28.30955],[-81.9789,28.30574],[-81.98831,28.30705],[-81.9957,28.31883],[-82.00764,28.32321],[-82.02547,28.32287],[-82.04549,28.3183],[-82.05582,28.31279]]]},"properties":{"STATEFP":"12","COUNTYFP":"105","COUSUBFP":"91833","COUSUBNS":"01935824","GEOIDFQ":"0600000US1210591833","GEOID":"1210591833","NAME":"Lakeland","NAMELSAD":"Lakeland CCD","STUSPS":"FL","NAMELSADCO":"Polk County","STATE_NAME":"Florida","LSAD":"22","ALAND":973083368,"AWATER":43675585}},
{"type":"Feature","geometry":{"type":"Polygon","coordinates":[[[-82.22041,28.39793],[-82.2205,28.36507],[-82.23288,28.36501],[-82.23291,28.35746],[-82.23695,28.35184],[-82.23716,28.33208],[-82.2255,28.33206],[-82.22062,28.32846],[-82.18764,28.32844],[-82.18776,28.3102],[-82.1493,28.31021],[-82.14767,28.30285],[-82.13039,28.30284],[-82.13055,28.32482],[-82.12983,28.34902],[-82.12734,28.35235],[-82.13757,28.35676],[-82.14824,28.36354],[-82.15894,28.37239],[-82.18717,28.37244],[-82.1926,28.38823],[-82.18365,28.40182],[-82.18352,28.40894],[-82.19291,28.40892],[-82.19777,28.39821],[-82.22041,28.39793]]]},"properties":{"STATEFP":"12","COUNTYFP":"101","COUSUBFP":"90741","COUSUBNS":"01935738","GEOIDFQ":"0600000US1210190741","GEOID":"1210190741","NAME":"Dade City","NAMELSAD":"Dade City CCD","STUSPS":"FL","NAMELSADCO":"Pasco County","STATE_NAME":"Florida","LSAD":"22","ALAND":65967696,"AWATER":2201095}},
{"type":"Feature","geometry":{"type":"Polygon","coordinates":[[[-81.56575,26.7696],[-81.56503,26.85736],[-81.56253,27.03369],[-81.56262,27.03384],[-81.77169,27.03391],[-81.95856,27.03505],[-81.98324,27.03525],[-81.99154,27.03208],[-81.99013,27.02346],[-81.98497,27.01718],[-81.98377,27.00973],[-81.98877,27.00189],[-81.99069,26.99293],[-81.99551,26.98433],[-82.00191,26.9795],[-82.0082,26.97105],[-82.03878,26.96001],[-82.03895,26.95494],[-82.04657,26.95307],[-82.05752,26.94511],[-82.0538,26.9398],[-82.05523,26.93577],[-82.06772,26.92779],[-82.07876,26.92603],[-82.08684,26.92772],[-82.09231,26.92306],[-82.09711,26.91451],[-82.0931,26.89668],[-82.08666,26.88854],[-82.06562,26.88345],[-82.06028,26.88037],[-82.05111,26.86496],[-82.05148,26.84672],[-82.05456,26.83297],[-82.04922,26.81437],[-82.051,26.79186],[-82.0558,26.78649],[-82.0563,26.7758],[-82.05987,26.77041],[-81.93133,26.77005],[-81.80553,26.76975],[-81.76074,26.7696],[-81.66169,26.76961],[-81.56575,26.7696]]]},"properties":{"STATEFP":"12","COUNTYFP":"015","COUSUBFP":"92899","COUSUBNS":"01935910","GEOIDFQ":"0600000US1201592899","GEOID":"1201592899","NAME":"Punta Gorda","NAMELSAD":"Punta Gorda CCD","STUSPS":"FL","NAMELSADCO":"Charlotte County","STATE_NAME":"Florida","LSAD":"22","ALAND":1351254373,"AWATER":124669877}},
{"type":"Feature","geometry":{"type":"Polygon","coordinates":[[[-82.05469,28.4784],[-82.15278,28.47843],[-82.25191,28.47879],[-82.25329,28.47849],[-82.25331,28.45678],[-82.241,28.45623],[-82.24075,28.43213],[-82.24485,28.43009],[-82.24502,28.41742],[-82.23075,28.40701],[-82.22123,28.40545],[-82.22041,28.39793],[-82.19777,28.39821],[-82.19291,28.40892],[-82.18352,28.40894],[-82.18365,28.40182],[-82.1926,28.38823],[-82.18717,28.37244],[-82.15894,28.37239],[-82.14824,28.36354],[-82.13757,28.35676],[-82.12734,28.35235],[-82.12355,28.34742],[-82.11672,28.34375],[-82.11225,28.3367],[-82.11,28.3229],[-82.10271,28.31634],[-82.1024,28.29813],[-82.10822,28.28833],[-82.10157,28.28226],[-82.09579,28.28072],[-82.08673,28.2849],[-82.08462,28.29152],[-82.07829,28.29804],[-82.05968,28.30463],[-82.05582,28.31279],[-82.05469,28.4784]]]},"properties":{"STATEFP":"12","COUNTYFP":"101","COUSUBFP":"91794","COUSUBNS":"01935821","GEOIDFQ":"0600000US1210191794","GEOID":"1210191794","NAME":"Lacoochee","NAMELSAD":"Lacoochee CCD","STUSPS":"FL","NAMELSADCO":"Pasco County","STATE_NAME":"Florida","LSAD":"22","ALAND":252090835,"AWATER":2025315}},
{"type":"Feature","geometry":{"type":"Polygon","coordinates":[[[-82.46189,28.43378],[-82.52795,28.43374],[-82.63996,28.43384],[-82.66989,28.43358],[-82.68258,28.42622],[-82.68566,28.42087],[-82.69453,28.42281],[-82.69743,28.41945],[-82.69446,28.4152],[-82.68748,28.41226],[-82.68784,28.40869],[-82.70091,28.40352],[-82.70452,28.39926],[-82.70689,28.3862],[-82.70129,28.37482],[-82.71306,28.35937],[-82.71809,28.35733],[-82.71753,28.3535],[-82.71152,28.35348],[-82.71184,28.34904],[-82.71582,28.3455],[-82.73146,28.32502],[-82.73523,28.30667],[-82.73231,28.30277],[-82.73534,28.29936],[-82.73279,28.29193],[-82.73258,28.28198],[-82.74025,28.28226],[-82.7429,28.27773],[-82.74337,28.26732],[-82.73696,28.2659],[-82.71962,28.26601],[-82.71963,28.27315],[-82.71555,28.27325],[-82.71553,28.28059],[-82.66344,28.28063],[-82.64937,28.27926],[-82.62708,28.2749],[-82.62532,28.27333],[-82.61735,28.28263],[-82.61849,28.29532],[-82.6169,28.30123],[-82.61965,28.30905],[-82.61927,28.318],[-82.6023,28.33468],[-82.59853,28.33245],[-82.58183,28.32862],[-82.55635,28.33095],[-82.53932,28.33023],[-82.5236,28.32459],[-82.5178,28.32452],[-82.51699,28.33018],[-82.51831,28.34002],[-82.51331,28.34905],[-82.49922,28.36088],[-82.49435,28.36657],[-82.48387,28.38536],[-82.48002,28.39485],[-82.47014,28.41184],[-82.45918,28.43369],[-82.46189,28.43378]]]},"properties":{"STATEFP":"12","COUNTYFP":"101","COUSUBFP":"92860","COUSUBNS":"01935905","GEOIDFQ":"0600000US1210192860","GEOID":"1210192860","NAME":"Port Richey","NAMELSAD":"Port Richey CCD","STUSPS":"FL","NAMELSADCO":"Pasco County","STATE_NAME":"Florida","LSAD":"22","ALAND":300993081,"AWATER":399318853}},
{"type":"Feature","geometry":{"type":"Polygon","coordinates":[[[-80.1716,26.42407],[-80.17015,26.32778],[-80.10727,26.32786],[-80.09205,26.32635],[-80.08791,26.32077],[-80.07484,26.32103],[-80.07226,26.33536],[-80.07056,26.33646],[-80.06755,26.36902],[-80.06631,26.39172],[-80.06533,26.39308],[-80.06164,26.43298],[-80.0587,26.45434],[-80.06505,26.45456],[-80.06555,26.42055],[-80.07138,26.42074],[-80.07932,26.42454],[-80.1716,26.42407]]]},"properties":{"STATEFP":"12","COUNTYFP":"099","COUSUBFP":"90208","COUSUBNS":"01935697","GEOIDFQ":"0600000US1209990208","GEOID":"1209990208","NAME":"Boca Raton","NAMELSAD":"Boca Raton CCD","STUSPS":"FL","NAMELSADCO":"Palm Beach County","STATE_NAME":"Florida","LSAD":"22","ALAND":109683642,"AWATER":85046268}},
{"type":"Feature","geometry":{"type":"Polygon","coordinates":[[[-80.16635,26.67919],[-80.17158,26.67154],[-80.17417,26.66191],[-80.17297,26.59039],[-80.09397,26.58816],[-80.06989,26.5873],[-80.06975,26.59464],[-80.04312,26.59381],[-80.04158,26.58635],[-80.03752,26.58586],[-80.03616,26.60259],[-80.03609,26.61526],[-80.0437,26.61584],[-80.04288,26.64437],[-80.06599,26.64496],[-80.06876,26.64832],[-80.07213,26.66154],[-80.07093,26.67606],[-80.1203,26.67825],[-80.12862,26.67808],[-80.16635,26.67919]]]},"properties":{"STATEFP":"12","COUNTYFP":"099","COUSUBFP":"91872","COUSUBNS":"01935827","GEOIDFQ":"0600000US1209991872","GEOID":"1209991872","NAME":"Lake Worth","NAMELSAD":"Lake Worth CCD","STUSPS":"FL","NAMELSADCO":"Palm Beach County","STATE_NAME":"Florida","LSAD":"22","ALAND":111455979,"AWATER":25798276}},
{"type":"Feature","geometry":{"type":"Polygon","coordinates":[[[-80.37484,26.95839],[-80.2931,26.90387],[-80.28659,26.90117],[-80.28195,26.89639],[-80.26437,26.88467],[-80.26523,26.86902],[-80.26776,26.85394],[-80.27827,26.854],[-80.27831,26.84309],[-80.26852,26.84283],[-80.26923,26.81202],[-80.24441,26.81168],[-80.22932,26.81233],[-80.19738,26.81154],[-80.19938,26.76583],[-80.29513,26.76556],[-80.307,26.76515],[-80.33645,26.76588],[-80.34564,26.75764],[-80.3457,26.75381],[-80.36266,26.74105],[-80.36403,26.68505],[-80.26686,26.68222],[-80.16635,26.67919],[-80.16099,26.68684],[-80.14101,26.70766],[-80.13666,26.71545],[-80.13559,26.72213],[-80.13388,26.75998],[-80.13165,26.79538],[-80.12992,26.83898],[-80.12865,26.87284],[-80.131,26.88297],[-80.15788,26.94372],[-80.16711,26.95663],[-80.25474,26.95712],[-80.28743,26.95784],[-80.37484,26.95839]]]},"properties":{"STATEFP":"12","COUNTYFP":"099","COUSUBFP":"92990","COUSUBNS":"01935917","GEOIDFQ":"0600000US1209992990","GEOID":"1209992990","NAME":"Royal Palm Beach-West Jupiter","NAMELSAD":"Royal Palm Beach-West Jupiter CCD","STUSPS":"FL","NAMELSADCO":"Palm Beach County","STATE_NAME":"Florida","LSAD":"22","ALAND":478135393,"AWATER":4796772}},
{"type":"Feature","geometry":{"type":"Polygon","coordinates":[[[-80.03609,26.61526],[-80.03696,26.64604],[-80.03576,26.67604],[-80.03383,26.68973],[-80.03316,26.71481],[-80.03442,26.72115],[-80.03476,26.73654],[-80.03746,26.76634],[-80.03581,26.77311],[-80.04938,26.76926],[-80.04914,26.76329],[-80.09321,26.76464],[-80.09099,26.75902],[-80.13189,26.76049],[-80.13388,26.75998],[-80.13559,26.72213],[-80.13666,26.71545],[-80.14101,26.70766],[-80.16099,26.68684],[-80.16635,26.67919],[-80.12862,26.67808],[-80.1203,26.67825],[-80.07093,26.67606],[-80.07213,26.66154],[-80.06876,26.64832],[-80.06599,26.64496],[-80.04288,26.64437],[-80.0437,26.61584],[-80.03609,26.61526]]]},"properties":{"STATEFP":"12","COUNTYFP":"099","COUSUBFP":"93614","COUSUBNS":"01935969","GEOIDFQ":"0600000US1209993614","GEOID":"1209993614","NAME":"West Palm Beach","NAMELSAD":"West Palm Beach CCD","STUSPS":"FL","NAMELSADCO":"Palm Beach County","STATE_NAME":"Florida","LSAD":"22","ALAND":97767756,"AWATER":116773283}},
{"type":"Feature","geometry":{"type":"Polygon","coordinates":[[[-81.70984,25.96336],[-81.70285,25.95824],[-81.69388,25.95461],[-81.68425,25.95253],[-81.68162,25.95384],[-81.66606,25.9504],[-81.66215,25.94501],[-81.6543,25.94296],[-81.65366,25.93451],[-81.64275,25.92508],[-81.63863,25.91211],[-81.63887,25.90543],[-81.63587,25.89858],[-81.62262,25.89066],[-81.60497,25.89208],[-81.58782,25.87938],[-81.58248,25.87671],[-81.57912,25.86486],[-81.57274,25.86559],[-81.56937,25.85942],[-81.56439,25.85621],[-81.56133,25.86174],[-81.55254,25.85832],[-81.54789,25.84961],[-81.53423,25.85661],[-81.52782,25.84998],[-81.53001,25.83861],[-81.52283,25.84099],[-81.51498,25.83864],[-81.51153,25.8323],[-81.50517,25.83615],[-81.49304,25.83088],[-81.48954,25.82212],[-81.47945,25.8213],[-81.47648,25.81725],[-81.46812,25.81515],[-81.46398,25.81129],[-81.47003,25.80358],[-81.39597,25.80326],[-81.2899,25.80371],[-80.8731,25.80538],[-80.87319,25.80616],[-80.87293,25.97943],[-80.87256,25.99854],[-80.87917,26.17288],[-81.24029,26.16628],[-81.24744,26.16399],[-81.25347,26.15857],[-81.26024,26.15575],[-81.34499,26.15487],[-81.50678,26.1533],[-81.54355,26.15309],[-81.6043,26.15388],[-81.6643,26.1553],[-81.68642,26.15484],[-81.68735,26.08143],[-81.68892,26.07646],[-81.69911,26.06337],[-81.69961,26.0589],[-81.70262,25.98365],[-81.70984,25.96336]]]},"properties":{"STATEFP":"12","COUNTYFP":"021","COUSUBFP":"91027","COUSUBNS":"01935761","GEOIDFQ":"0600000US1202191027","GEOID":"1202191027","NAME":"Everglades","NAMELSAD":"Everglades CCD","STUSPS":"FL","NAMELSADCO":"Collier County","STATE_NAME":"Florida","LSAD":"22","ALAND":2906274862,"AWATER":250710523}},
{"type":"Feature","geometry":{"type":"Polygon","coordinates":[[[-81.70984,25.96336],[-81.71742,25.97118],[-81.7241,25.97452],[-81.73274,25.97519],[-81.73887,25.97374],[-81.74458,25.97013],[-81.75551,25.95731],[-81.75314,25.95111],[-81.73886,25.9411],[-81.73195,25.93151],[-81.72934,25.91845],[-81.72949,25.90941],[-81.71796,25.90793],[-81.71769,25.90204],[-81.71317,25.89757],[-81.68954,25.85271],[-81.6848,25.84721],[-81.67829,25.8453],[-81.67751,25.85036],[-81.67263,25.85665],[-81.66961,25.86636],[-81.6709,25.87179],[-81.67518,25.8765],[-81.67209,25.88185],[-81.66478,25.88561],[-81.65422,25.89595],[-81.64235,25.90543],[-81.63887,25.90543],[-81.63863,25.91211],[-81.64275,25.92508],[-81.65366,25.93451],[-81.6543,25.94296],[-81.66215,25.94501],[-81.66606,25.9504],[-81.68162,25.95384],[-81.68425,25.95253],[-81.69388,25.95461],[-81.70285,25.95824],[-81.70984,25.96336]]]},"properties":{"STATEFP":"12","COUNTYFP":"021","COUSUBFP":"92048","COUSUBNS":"01935842","GEOIDFQ":"0600000US1202192048","GEOID":"1202192048","NAME":"Marco Island","NAMELSAD":"Marco Island CCD","STUSPS":"FL","NAMELSADCO":"Collier County","STATE_NAME":"Florida","LSAD":"22","ALAND":45668912,"AWATER":389384118}},
{"type":"Feature","geometry":{"type":"Polygon","coordinates":[[[-81.37988,30.25291],[-81.38829,30.29095],[-81.39192,30.30442],[-81.3962,30.33109],[-81.39805,30.3617],[-81.39757,30.37949],[-81.39347,30.39555],[-81.403,30.39459],[-81.41132,30.40241],[-81.42355,30.403],[-81.43901,30.38654],[-81.45031,30.38094],[-81.45931,30.38394],[-81.45931,30.37944],[-81.45431,30.37704],[-81.44671,30.36794],[-81.43961,30.35444],[-81.43779,30.33588],[-81.43801,30.32185],[-81.42611,30.31384],[-81.42382,30.29656],[-81.42115,30.28817],[-81.42001,30.276],[-81.4219,30.26823],[-81.43009,30.25224],[-81.37988,30.25291]]]},"properties":{"STATEFP":"12","COUNTYFP":"031","COUSUBFP":"91640","COUSUBNS":"02583396","GEOIDFQ":"0600000US1203191640","GEOID":"1203191640","NAME":"Jacksonville Beaches","NAMELSAD":"Jacksonville Beaches CCD","STUSPS":"FL","NAMELSADCO":"Duval County","STATE_NAME":"Florida","LSAD":"22","ALAND":54640508,"AWATER":108068007}},
{"type":"Feature","geometry":{"type":"Polygon","coordinates":[[[-81.65725,28.56322],[-81.65739,28.55312],[-81.65229,28.55283],[-81.63625,28.54836],[-81.62546,28.54798],[-81.61364,28.54517],[-81.56927,28.54529],[-81.56214,28.54634],[-81.54516,28.54649],[-81.53739,28.54319],[-81.52922,28.53449],[-81.51719,28.52775],[-81.50121,28.51472],[-81.48377,28.50282],[-81.48608,28.5135],[-81.48179,28.51835],[-81.47184,28.52111],[-81.47182,28.52594],[-81.47578,28.53162],[-81.47606,28.57765],[-81.49681,28.57765],[-81.49701,28.61035],[-81.49836,28.61248],[-81.50817,28.61218],[-81.51762,28.60829],[-81.53875,28.60378],[-81.55346,28.5996],[-81.56313,28.60668],[-81.57197,28.60684],[-81.58468,28.60221],[-81.58725,28.58667],[-81.59371,28.57792],[-81.60252,28.57639],[-81.61365,28.571],[-81.62906,28.56649],[-81.64091,28.56561],[-81.6469,28.56849],[-81.65375,28.56837],[-81.65725,28.56322]]]},"properties":{"STATEFP":"12","COUNTYFP":"095","COUSUBFP":"93705","COUSUBNS":"01935977","GEOIDFQ":"0600000US1209593705","GEOID":"1209593705","NAME":"Winter Garden-Ocoee","NAMELSAD":"Winter Garden-Ocoee CCD","STUSPS":"FL","NAMELSADCO":"Orange County","STATE_NAME":"Florida","LSAD":"22","ALAND":86877867,"AWATER":13050331}},
{"type":"Feature","geometry":{"type":"Polygon","coordinates":[[[-81.34642,28.0847],[-81.34498,28.08624],[-81.35194,28.1389],[-81.35154,28.14032],[-81.36568,28.16397],[-81.38726,28.17879],[-81.39341,28.1863],[-81.3983,28.19994],[-81.39807,28.2058],[-81.39033,28.23297],[-81.3947,28.25092],[-81.39681,28.25531],[-81.3902,28.26357],[-81.3965,28.27125],[-81.39214,28.28226],[-81.39468,28.28393],[-81.39544,28.2931],[-81.39373,28.29706],[-81.38568,28.30395],[-81.38577,28.31132],[-81.38917,28.31895],[-81.38726,28.33237],[-81.37952,28.33922],[-81.38297,28.34789],[-81.44793,28.34791],[-81.45775,28.34728],[-81.48759,28.34709],[-81.53317,28.34729],[-81.64823,28.34692],[-81.65727,28.3471],[-81.65688,28.28234],[-81.65719,28.25922],[-81.61355,28.25946],[-81.55746,28.25936],[-81.52408,28.20101],[-81.52423,28.14281],[-81.47328,28.14276],[-81.45621,28.14316],[-81.45576,28.08489],[-81.44496,28.08524],[-81.37479,28.08511],[-81.34642,28.0847]]]},"properties":{"STATEFP":"12","COUNTYFP":"097","COUSUBFP":"91768","COUSUBNS":"01935819","GEOIDFQ":"0600000US1209791768","GEOID":"1209791768","NAME":"Kissimmee","NAMELSAD":"Kissimmee CCD","STUSPS":"FL","NAMELSADCO":"Osceola County","STATE_NAME":"Florida","LSAD":"22","ALAND":468983911,"AWATER":40719385}},
{"type":"Feature","geometry":{"type":"Polygon","coordinates":[[[-82.52753,27.57548],[-82.52751,27.6234],[-82.53967,27.62345],[-82.53973,27.63305],[-82.53752,27.63685],[-82.52475,27.64542],[-82.55409,27.6458],[-82.55854,27.63868],[-82.56291,27.638],[-82.566,27.62453],[-82.56567,27.61571],[-82.57251,27.60714],[-82.57774,27.60539],[-82.57745,27.59956],[-82.58763,27.59413],[-82.59649,27.59405],[-82.60173,27.58989],[-82.61172,27.58528],[-82.613,27.58284],[-82.61202,27.57123],[-82.62672,27.55889],[-82.63205,27.55191],[-82.63493,27.53921],[-82.64601,27.53354],[-82.64384,27.52847],[-82.62752,27.51992],[-82.62002,27.52052],[-82.60252,27.50852],[-82.59562,27.50823],[-82.56312,27.50433],[-82.55178,27.50576],[-82.55215,27.51367],[-82.54831,27.51557],[-82.54823,27.52472],[-82.53778,27.52484],[-82.53594,27.52637],[-82.53584,27.54253],[-82.52821,27.54894],[-82.52753,27.57548]]]},"properties":{"STATEFP":"12","COUNTYFP":"081","COUSUBFP":"92600","COUSUBNS":"01935887","GEOIDFQ":"0600000US1208192600","GEOID":"1208192600","NAME":"Palmetto","NAMELSAD":"Palmetto CCD","STUSPS":"FL","NAMELSADCO":"Manatee County","STATE_NAME":"Florida","LSAD":"22","ALAND":73422602,"AWATER":89616618}},
{"type":"Feature","geometry":{"type":"Polygon","coordinates":[[[-82.06473,26.54068],[-82.05808,26.5484],[-82.05471,26.54805],[-82.05119,26.54224],[-82.04471,26.53983],[-82.04311,26.53267],[-82.03942,26.53224],[-82.03872,26.52565],[-82.02552,26.53033],[-82.0153,26.52884],[-82.0059,26.53441],[-81.99812,26.53272],[-81.99821,26.52961],[-81.95691,26.53315],[-81.94341,26.54005],[-81.93941,26.54355],[-81.92527,26.56302],[-81.91531,26.57225],[-81.90821,26.58305],[-81.90368,26.59718],[-81.90408,26.6032],[-81.91124,26.60773],[-81.91345,26.62426],[-81.91253,26.62784],[-81.90513,26.6358],[-81.90764,26.63797],[-81.90762,26.6525],[-81.91541,26.65258],[-81.91541,26.6674],[-81.90892,26.66727],[-81.91175,26.6729],[-81.91098,26.6816],[-81.91994,26.69683],[-81.90768,26.69686],[-81.90768,26.71137],[-81.90219,26.71135],[-81.90669,26.7253],[-81.93133,26.77005],[-82.05987,26.77041],[-82.06657,26.74266],[-82.0798,26.71678],[-82.08497,26.70241],[-82.0867,26.68516],[-82.09135,26.66677],[-82.08257,26.65306],[-82.07274,26.64376],[-82.07032,26.63661],[-82.06319,26.625],[-82.06756,26.62102],[-82.06076,26.61139],[-82.05904,26.60607],[-82.05917,26.59688],[-82.06495,26.58318],[-82.06952,26.56903],[-82.06664,26.55743],[-82.06473,26.54068]]]},"properties":{"STATEFP":"12","COUNTYFP":"071","COUSUBFP":"90403","COUSUBNS":"01935712","GEOIDFQ":"0600000US1207190403","GEOID":"1207190403","NAME":"Cape Coral","NAMELSAD":"Cape Coral CCD","STUSPS":"FL","NAMELSADCO":"Lee County","STATE_NAME":"Florida","LSAD":"22","ALAND":347277193,"AWATER":127473104}},
{"type":"Feature","geometry":{"type":"Polygon","coordinates":[[[-81.89483,26.43276],[-81.90546,26.43468],[-81.92011,26.44046],[-81.92781,26.44846],[-81.93721,26.45296],[-81.93695,26.46007],[-81.9413,26.46445],[-81.95655,26.46669],[-81.95484,26.45875],[-81.9614,26.45955],[-81.96685,26.46552],[-81.96928,26.46389],[-81.96393,26.45722],[-81.95616,26.45259],[-81.93841,26.44506],[-81.92361,26.43666],[-81.91284,26.42939],[-81.90655,26.42287],[-81.90172,26.41111],[-81.8939,26.40363],[-81.88456,26.40366],[-81.88427,26.39396],[-81.86898,26.37865],[-81.86313,26.36425],[-81.85498,26.35051],[-81.84578,26.33038],[-81.84105,26.33035],[-81.84331,26.34113],[-81.84318,26.35052],[-81.84632,26.37536],[-81.85284,26.38027],[-81.85238,26.40324],[-81.85476,26.40327],[-81.86074,26.41222],[-81.87481,26.42506],[-81.88466,26.42764],[-81.89483,26.43276]]]},"properties":{"STATEFP":"12","COUNTYFP":"071","COUSUBFP":"90988","COUSUBNS":"01935758","GEOIDFQ":"0600000US1207190988","GEOID":"1207190988","NAME":"Estero Island","NAMELSAD":"Estero Island CCD","STUSPS":"FL","NAMELSADCO":"Lee County","STATE_NAME":"Florida","LSAD":"22","ALAND":14911909,"AWATER":252827941}},
{"type":"Feature","geometry":{"type":"Polygon","coordinates":[[[-81.80553,26.76975],[-81.93133,26.77005],[-81.90669,26.7253],[-81.90219,26.71135],[-81.90768,26.71137],[-81.90768,26.69686],[-81.91994,26.69683],[-81.91098,26.6816],[-81.91175,26.6729],[-81.90892,26.66727],[-81.91541,26.6674],[-81.91541,26.65258],[-81.90762,26.6525],[-81.90764,26.63797],[-81.90513,26.6358],[-81.89422,26.64751],[-81.87627,26.66137],[-81.85395,26.6755],[-81.84042,26.68914],[-81.83836,26.68785],[-81.81104,26.69526],[-81.80763,26.69818],[-81.79892,26.69671],[-81.80103,26.70968],[-81.79771,26.72576],[-81.79858,26.72881],[-81.79396,26.73391],[-81.79602,26.73951],[-81.79543,26.75166],[-81.78994,26.75163],[-81.80553,26.76975]]]},"properties":{"STATEFP":"12","COUNTYFP":"071","COUSUBFP":"92392","COUSUBNS":"01935870","GEOIDFQ":"0600000US1207192392","GEOID":"1207192392","NAME":"North Fort Myers","NAMELSAD":"North Fort Myers CCD","STUSPS":"FL","NAMELSADCO":"Lee County","STATE_NAME":"Florida","LSAD":"22","ALAND":115624086,"AWATER":8638011}},
{"type":"Feature","geometry":{"type":"Polygon","coordinates":[[[-80.67966,27.55874],[-80.52939,27.55833],[-80.5257,27.55871],[-80.44755,27.5581],[-80.44741,27.58747],[-80.46345,27.58764],[-80.46327,27.61686],[-80.4799,27.61699],[-80.47954,27.63904],[-80.49584,27.63909],[-80.49449,27.74876],[-80.51062,27.74887],[-80.51107,27.76699],[-80.50806,27.76766],[-80.50582,27.77661],[-80.51019,27.78934],[-80.5056,27.8022],[-80.50856,27.80744],[-80.50617,27.81047],[-80.50907,27.82206],[-80.60711,27.82235],[-80.74163,27.82301],[-80.77011,27.82367],[-80.86888,27.82252],[-80.88157,27.82251],[-80.88007,27.7337],[-80.87379,27.73385],[-80.87315,27.64229],[-80.85353,27.64232],[-80.77805,27.6432],[-80.77717,27.55873],[-80.74449,27.55891],[-80.67966,27.55874]]]},"properties":{"STATEFP":"12","COUNTYFP":"061","COUSUBFP":"91066","COUSUBNS":"01935764","GEOIDFQ":"0600000US1206191066","GEOID":"1206191066","NAME":"Fellsmere","NAMELSAD":"Fellsmere CCD","STUSPS":"FL","NAMELSADCO":"Indian River County","STATE_NAME":"Florida","LSAD":"22","ALAND":1000102714,"AWATER":28991831}},
{"type":"Feature","geometry":{"type":"Polygon","coordinates":[[[-80.44755,27.5581],[-80.41457,27.55776],[-80.32145,27.557],[-80.32488,27.56868],[-80.33088,27.59613],[-80.33578,27.60567],[-80.34392,27.61627],[-80.35098,27.63234],[-80.35142,27.63999],[-80.35793,27.66088],[-80.36463,27.68468],[-80.37196,27.70472],[-80.38441,27.74119],[-80.39538,27.76082],[-80.4037,27.77717],[-80.41599,27.7987],[-80.42834,27.82374],[-80.44718,27.85973],[-80.44708,27.86076],[-80.4549,27.85464],[-80.47864,27.85462],[-80.49108,27.8546],[-80.49479,27.85094],[-80.49439,27.84593],[-80.4969,27.83839],[-80.50534,27.82881],[-80.50907,27.82206],[-80.50617,27.81047],[-80.50856,27.80744],[-80.5056,27.8022],[-80.51019,27.78934],[-80.50582,27.77661],[-80.50806,27.76766],[-80.51107,27.76699],[-80.51062,27.74887],[-80.49449,27.74876],[-80.49584,27.63909],[-80.47954,27.63904],[-80.4799,27.61699],[-80.46327,27.61686],[-80.46345,27.58764],[-80.44741,27.58747],[-80.44755,27.5581]]]},"properties":{"STATEFP":"12","COUNTYFP":"061","COUSUBFP":"93510","COUSUBNS":"01935962","GEOIDFQ":"0600000US1206193510","GEOID":"1206193510","NAME":"Vero Beach","NAMELSAD":"Vero Beach CCD","STUSPS":"FL","NAMELSADCO":"Indian River County","STATE_NAME":"Florida","LSAD":"22","ALAND":301504120,"AWATER":266455884}},
{"type":"Feature","geometry":{"type":"Polygon","coordinates":[[[-82.1098,29.43538],[-82.10831,29.44477],[-82.10898,29.45347],[-82.11829,29.45533],[-82.13234,29.45644],[-82.14476,29.46386],[-82.1589,29.47591],[-82.15962,29.48493],[-82.16793,29.48637],[-82.17065,29.48888],[-82.17293,29.51402],[-82.18745,29.52671],[-82.18878,29.52932],[-82.18895,29.59899],[-82.2483,29.61117],[-82.26311,29.61329],[-82.27195,29.60776],[-82.27337,29.60353],[-82.28408,29.59584],[-82.29265,29.59848],[-82.29814,29.60745],[-82.30456,29.60873],[-82.30755,29.61346],[-82.31117,29.62766],[-82.32232,29.62952],[-82.32739,29.62143],[-82.34087,29.61472],[-82.34209,29.60464],[-82.33919,29.5947],[-82.35924,29.59316],[-82.36249,29.59464],[-82.37037,29.60283],[-82.37343,29.60204],[-82.36141,29.58797],[-82.34921,29.56649],[-82.35798,29.56631],[-82.38025,29.57149],[-82.39209,29.58005],[-82.3925,29.57593],[-82.39371,29.56976],[-82.39091,29.55629],[-82.39157,29.55363],[-82.40149,29.53791],[-82.40636,29.52234],[-82.40659,29.49553],[-82.41293,29.48509],[-82.40662,29.48505],[-82.2872,29.48433],[-82.21188,29.48409],[-82.21097,29.47967],[-82.21481,29.47731],[-82.21159,29.47107],[-82.20361,29.47199],[-82.20116,29.46746],[-82.18938,29.46095],[-82.18879,29.45443],[-82.19364,29.45319],[-82.20418,29.46057],[-82.21178,29.46401],[-82.21772,29.4571],[-82.21157,29.4495],[-82.21373,29.43702],[-82.21016,29.4285],[-82.20212,29.4264],[-82.19363,29.42094],[-82.18323,29.42129],[-82.16842,29.4257],[-82.15908,29.42488],[-82.15066,29.4265],[-82.14852,29.41718],[-82.14034,29.42008],[-82.1453,29.42346],[-82.1345,29.43504],[-82.12524,29.42887],[-82.11846,29.42839],[-82.1098,29.43538]]]},"properties":{"STATEFP":"12","COUNTYFP":"001","COUSUBFP":"92184","COUSUBNS":"01935853","GEOIDFQ":"0600000US1200192184","GEOID":"1200192184","NAME":"Micanopy","NAMELSAD":"Micanopy CCD","STUSPS":"FL","NAMELSADCO":"Alachua County","STATE_NAME":"Florida","LSAD":"22","ALAND":224162860,"AWATER":98445900}},
{"type":"Feature","geometry":{"type":"Polygon","coordinates":[[[-82.65704,29.72664],[-82.65702,29.68196],[-82.65657,29.67985],[-82.6563,29.62786],[-82.6563,29.56481],[-82.65633,29.53562],[-82.63621,29.53605],[-82.58917,29.53785],[-82.55711,29.53747],[-82.55651,29.51198],[-82.55677,29.48006],[-82.49633,29.47837],[-82.49625,29.4855],[-82.4666,29.48507],[-82.4477,29.48539],[-82.41293,29.48509],[-82.40659,29.49553],[-82.40636,29.52234],[-82.40149,29.53791],[-82.39157,29.55363],[-82.39091,29.55629],[-82.39371,29.56976],[-82.3925,29.57593],[-82.42283,29.57647],[-82.42275,29.59516],[-82.42376,29.59768],[-82.45344,29.58195],[-82.47305,29.56782],[-82.47238,29.65974],[-82.48799,29.65439],[-82.49604,29.65402],[-82.49594,29.71832],[-82.49597,29.72866],[-82.50869,29.7274],[-82.60716,29.72743],[-82.64871,29.72612],[-82.65704,29.72664]]]},"properties":{"STATEFP":"12","COUNTYFP":"001","COUSUBFP":"92314","COUSUBNS":"01935863","GEOIDFQ":"0600000US1200192314","GEOID":"1200192314","NAME":"Newberry-Archer","NAMELSAD":"Newberry-Archer CCD","STUSPS":"FL","NAMELSADCO":"Alachua County","STATE_NAME":"Florida","LSAD":"22","ALAND":471253565,"AWATER":11037110}},
{"type":"Feature","geometry":{"type":"Polygon","coordinates":[[[-80.86291,28.34749],[-80.86139,28.25228],[-80.86158,28.24656],[-80.84742,28.24613],[-80.84092,28.24064],[-80.81441,28.22969],[-80.81092,28.23002],[-80.75452,28.23016],[-80.75319,28.22939],[-80.71837,28.2303],[-80.69726,28.23078],[-80.68001,28.22961],[-80.6789,28.22767],[-80.66348,28.23219],[-80.67328,28.25289],[-80.6941,28.30297],[-80.70778,28.33229],[-80.73192,28.39723],[-80.73346,28.40402],[-80.7415,28.42849],[-80.74977,28.45768],[-80.75758,28.49118],[-80.80424,28.49076],[-80.80404,28.48709],[-80.81242,28.48645],[-80.84879,28.4867],[-80.87082,28.45437],[-80.87608,28.45202],[-80.89723,28.45285],[-80.89195,28.44911],[-80.89549,28.43633],[-80.89833,28.43175],[-80.89555,28.42069],[-80.88502,28.41085],[-80.88667,28.40004],[-80.88473,28.39589],[-80.8896,28.39232],[-80.88785,28.38801],[-80.88144,28.38062],[-80.87929,28.3724],[-80.87279,28.36961],[-80.87391,28.36158],[-80.86671,28.35032],[-80.86291,28.34749]]]},"properties":{"STATEFP":"12","COUNTYFP":"009","COUSUBFP":"90624","COUSUBNS":"01935729","GEOIDFQ":"0600000US1200990624","GEOID":"1200990624","NAME":"Cocoa-Rockledge","NAMELSAD":"Cocoa-Rockledge CCD","STUSPS":"FL","NAMELSADCO":"Brevard County","STATE_NAME":"Florida","LSAD":"22","ALAND":379083886,"AWATER":55012215}},
{"type":"Feature","geometry":{"type":"Polygon","coordinates":[[[-80.50907,27.82206],[-80.50534,27.82881],[-80.4969,27.83839],[-80.49439,27.84593],[-80.49479,27.85094],[-80.49108,27.8546],[-80.47864,27.85462],[-80.48743,27.87369],[-80.49112,27.8848],[-80.49766,27.89497],[-80.51502,27.93029],[-80.53479,27.96863],[-80.54005,27.99089],[-80.55279,28.01246],[-80.60155,28.01279],[-80.60166,28.00184],[-80.6099,28.00194],[-80.614,27.99839],[-80.61433,27.99106],[-80.62192,27.99126],[-80.62245,27.97919],[-80.62318,27.91015],[-80.62233,27.90243],[-80.62314,27.84496],[-80.61952,27.83601],[-80.60838,27.82515],[-80.60711,27.82235],[-80.50907,27.82206]]]},"properties":{"STATEFP":"12","COUNTYFP":"009","COUSUBFP":"92028","COUSUBNS":"01935840","GEOIDFQ":"0600000US1200992028","GEOID":"1200992028","NAME":"Malabar","NAMELSAD":"Malabar CCD","STUSPS":"FL","NAMELSADCO":"Brevard County","STATE_NAME":"Florida","LSAD":"22","ALAND":200212118,"AWATER":22199026}},
{"type":"Feature","geometry":{"type":"Polygon","coordinates":[[[-80.89723,28.45285],[-80.87608,28.45202],[-80.87082,28.45437],[-80.84879,28.4867],[-80.81242,28.48645],[-80.80404,28.48709],[-80.80424,28.49076],[-80.75758,28.49118],[-80.75781,28.51555],[-80.75895,28.52719],[-80.76286,28.53675],[-80.77368,28.55388],[-80.78978,28.59158],[-80.79779,28.6211],[-80.80698,28.63367],[-80.80678,28.64487],[-80.8033,28.65078],[-80.81324,28.67795],[-80.81491,28.68777],[-80.83123,28.75027],[-80.83399,28.75267],[-80.83542,28.76149],[-80.84292,28.79115],[-80.8993,28.79097],[-80.96789,28.7902],[-80.96463,28.61433],[-80.97422,28.61267],[-80.98725,28.613],[-80.98374,28.61017],[-80.96953,28.60519],[-80.9531,28.60106],[-80.94334,28.59367],[-80.94572,28.58644],[-80.93632,28.57145],[-80.93004,28.56322],[-80.93409,28.55933],[-80.93262,28.5516],[-80.93722,28.53642],[-80.93365,28.53335],[-80.92338,28.53273],[-80.92064,28.5252],[-80.90703,28.52036],[-80.90713,28.51378],[-80.90405,28.51048],[-80.88574,28.51031],[-80.88132,28.50398],[-80.87991,28.4976],[-80.88408,28.49487],[-80.87795,28.48977],[-80.8734,28.48223],[-80.87419,28.47635],[-80.8708,28.47136],[-80.87514,28.46884],[-80.88666,28.46961],[-80.89452,28.46704],[-80.8941,28.45802],[-80.89723,28.45285]]]},"properties":{"STATEFP":"12","COUNTYFP":"009","COUSUBFP":"93419","COUSUBNS":"01935955","GEOIDFQ":"0600000US1200993419","GEOID":"1200993419","NAME":"Titusville","NAMELSAD":"Titusville CCD","STUSPS":"FL","NAMELSADCO":"Brevard County","STATE_NAME":"Florida","LSAD":"22","ALAND":433133985,"AWATER":66334508}},
{"type":"Feature","geometry":{"type":"Polygon","coordinates":[[[-80.86888,27.82252],[-80.77011,27.82367],[-80.74163,27.82301],[-80.60711,27.82235],[-80.60838,27.82515],[-80.61952,27.83601],[-80.62314,27.84496],[-80.62233,27.90243],[-80.62318,27.91015],[-80.7206,27.91051],[-80.72117,27.9378],[-80.72109,27.96558],[-80.72047,27.99104],[-80.72088,27.99897],[-80.74537,27.99891],[-80.74516,28.01346],[-80.72885,28.01344],[-80.72833,28.04241],[-80.67136,28.04292],[-80.6713,28.04908],[-80.70266,28.06938],[-80.70564,28.07345],[-80.70597,28.07894],[-80.70573,28.18367],[-80.70662,28.18974],[-80.71837,28.2303],[-80.75319,28.22939],[-80.75452,28.23016],[-80.81092,28.23002],[-80.81441,28.22969],[-80.84092,28.24064],[-80.84742,28.24613],[-80.86158,28.24656],[-80.86288,28.08475],[-80.86931,28.08473],[-80.86997,27.98257],[-80.86957,27.94787],[-80.86888,27.82252]]]},"properties":{"STATEFP":"12","COUNTYFP":"009","COUSUBFP":"93588","COUSUBNS":"01935967","GEOIDFQ":"0600000US1200993588","GEOID":"1200993588","NAME":"West Brevard","NAMELSAD":"West Brevard CCD","STUSPS":"FL","NAMELSADCO":"Brevard County","STATE_NAME":"Florida","LSAD":"22","ALAND":756583093,"AWATER":19491617}},
{"type":"Feature","geometry":{"type":"Polygon","coordinates":[[[-81.17314,26.76816],[-81.18561,26.7684],[-81.31154,26.76866],[-81.43456,26.76877],[-81.43492,26.78346],[-81.45933,26.78347],[-81.45945,26.76886],[-81.56575,26.7696],[-81.5665,26.71446],[-81.56638,26.69595],[-81.56576,26.64406],[-81.56376,26.51333],[-81.46627,26.51384],[-81.45133,26.51548],[-81.27177,26.51707],[-81.27193,26.42265],[-81.23948,26.42312],[-81.22331,26.42773],[-81.12968,26.42892],[-81.12415,26.43449],[-81.12714,26.58782],[-81.12892,26.68732],[-81.12919,26.75274],[-81.14645,26.75294],[-81.17314,26.76816]]]},"properties":{"STATEFP":"12","COUNTYFP":"051","COUSUBFP":"91781","COUSUBNS":"01935820","GEOIDFQ":"0600000US1205191781","GEOID":"1205191781","NAME":"LaBelle","NAMELSAD":"LaBelle CCD","STUSPS":"FL","NAMELSADCO":"Hendry County","STATE_NAME":"Florida","LSAD":"22","ALAND":1350281609,"AWATER":14958397}},
{"type":"Feature","geometry":{"type":"Polygon","coordinates":[[[-83.36726,30.26044],[-83.36678,30.20109],[-83.36856,30.18722],[-83.36845,30.12867],[-83.3559,30.12732],[-83.34297,30.12918],[-83.28594,30.12908],[-83.27213,30.12549],[-83.26466,30.12088],[-83.22299,30.0858],[-83.17296,30.08575],[-83.17173,30.09926],[-83.18036,30.09882],[-83.18516,30.09442],[-83.19196,30.10242],[-83.20106,30.10582],[-83.21216,30.10322],[-83.22636,30.11462],[-83.22459,30.13528],[-83.22718,30.14113],[-83.23859,30.15201],[-83.23319,30.15912],[-83.23126,30.16502],[-83.23298,30.16873],[-83.24491,30.17696],[-83.24885,30.18393],[-83.25008,30.20064],[-83.24394,30.21408],[-83.24367,30.21912],[-83.24013,30.22753],[-83.25036,30.232],[-83.25305,30.23873],[-83.24809,30.24564],[-83.25309,30.2511],[-83.25265,30.25679],[-83.24725,30.26067],[-83.28315,30.26025],[-83.36726,30.26044]]]},"properties":{"STATEFP":"12","COUNTYFP":"067","COUSUBFP":"90767","COUSUBNS":"01935740","GEOIDFQ":"0600000US1206790767","GEOID":"1206790767","NAME":"Day","NAMELSAD":"Day CCD","STUSPS":"FL","NAMELSADCO":"Lafayette County","STATE_NAME":"Florida","LSAD":"22","ALAND":194896489,"AWATER":1990135}},
{"type":"Feature","geometry":{"type":"MultiPolygon","coordinates":[[[[-82.43543,27.90322],[-82.42973,27.90032],[-82.41532,27.90038],[-82.40261,27.8826],[-82.4033,27.87401],[-82.40129,27.86076],[-82.40438,27.85782],[-82.39783,27.85384],[-82.39693,27.84551],[-82.39338,27.83752],[-82.39468,27.83301],[-82.3919,27.82386],[-82.38687,27.82398],[-82.38585,27.81965],[-82.39851,27.81422],[-82.41049,27.81073],[-82.41288,27.79327],[-82.35691,27.79172],[-82.35294,27.80477],[-82.35231,27.82228],[-82.34674,27.85161],[-82.33573,27.85701],[-82.32671,27.85708],[-82.32663,27.869],[-82.3364,27.8635],[-82.34119,27.8629],[-82.34697,27.8572],[-82.34905,27.89198],[-82.34389,27.90346],[-82.34798,27.91184],[-82.35121,27.93083],[-82.35337,27.93905],[-82.35419,27.94947],[-82.35814,27.94929],[-82.36981,27.95239],[-82.37282,27.94871],[-82.38011,27.94519],[-82.38542,27.94839],[-82.39315,27.94531],[-82.40348,27.94512],[-82.41262,27.94254],[-82.42966,27.93232],[-82.42838,27.92807],[-82.42725,27.90955],[-82.43543,27.90322]]],[[[-82.42055,27.84654],[-82.41703,27.84583],[-82.4056,27.84796],[-82.40605,27.84995],[-82.42055,27.84654]]],[[[-82.43746,27.86702],[-82.42978,27.86323],[-82.42428,27.86822],[-82.42445,27.88403],[-82.43545,27.8842],[-82.43746,27.86702]]],[[[-82.44098,27.83596],[-82.44169,27.82353],[-82.43222,27.82229],[-82.43122,27.83861],[-82.43858,27.8396],[-82.44098,27.83596]]]]},"properties":{"STATEFP":"12","COUNTYFP":"057","COUSUBFP":"92614","COUSUBNS":"02583400","GEOIDFQ":"0600000US1205792614","GEOID":"1205792614","NAME":"Palm River-Gibsonton","NAMELSAD":"Palm River-Gibsonton CCD","STUSPS":"FL","NAMELSADCO":"Hillsborough County","STATE_NAME":"Florida","LSAD":"22","ALAND":91726756,"AWATER":91435577}},
{"type":"Feature","geometry":{"type":"Polygon","coordinates":[[[-82.23623,28.02487],[-82.23616,27.97687],[-82.2342,27.96707],[-82.21969,27.96699],[-82.21959,27.93766],[-82.17045,27.93755],[-82.17054,27.87566],[-82.15457,27.87075],[-82.15044,27.86835],[-82.1426,27.86749],[-82.13324,27.87311],[-82.12734,27.88654],[-82.102,27.88684],[-82.09577,27.87626],[-82.05937,27.8763],[-82.05525,27.87805],[-82.05487,27.90724],[-82.0553,27.93818],[-82.05595,27.98948],[-82.05551,27.99281],[-82.05661,28.10569],[-82.05626,28.17159],[-82.10585,28.17165],[-82.12481,28.17215],[-82.1393,28.17166],[-82.21196,28.17187],[-82.22205,28.1482],[-82.24935,28.10617],[-82.24914,28.0471],[-82.23658,28.04707],[-82.23623,28.02487]]]},"properties":{"STATEFP":"12","COUNTYFP":"057","COUSUBFP":"92769","COUSUBNS":"01935900","GEOIDFQ":"0600000US1205792769","GEOID":"1205792769","NAME":"Plant City","NAMELSAD":"Plant City CCD","STUSPS":"FL","NAMELSADCO":"Hillsborough County","STATE_NAME":"Florida","LSAD":"22","ALAND":517441135,"AWATER":15739592}},
{"type":"Feature","geometry":{"type":"Polygon","coordinates":[[[-82.44575,27.06071],[-82.41922,27.02074],[-82.40955,27.00451],[-82.40062,26.98494],[-82.3928,26.97271],[-82.38161,26.95769],[-82.37523,26.94604],[-82.25552,26.94526],[-82.2553,27.00034],[-82.25518,27.03114],[-82.26394,27.02642],[-82.26982,27.02703],[-82.27554,27.03067],[-82.2843,27.04087],[-82.29135,27.04364],[-82.29529,27.03221],[-82.29537,27.02006],[-82.31086,27.02027],[-82.31421,27.02424],[-82.32279,27.02354],[-82.32918,27.02043],[-82.33919,27.02192],[-82.34762,27.02059],[-82.38574,27.02094],[-82.40194,27.0206],[-82.4025,27.01365],[-82.41033,27.01148],[-82.43703,27.0499],[-82.43839,27.05571],[-82.44575,27.06071]]]},"properties":{"STATEFP":"12","COUNTYFP":"115","COUSUBFP":"90975","COUSUBNS":"01935757","GEOIDFQ":"0600000US1211590975","GEOID":"1211590975","NAME":"Englewood","NAMELSAD":"Englewood CCD","STUSPS":"FL","NAMELSADCO":"Sarasota County","STATE_NAME":"Florida","LSAD":"22","ALAND":110877712,"AWATER":249702268}},
{"type":"Feature","geometry":{"type":"Polygon","coordinates":[[[-82.29371,27.05359],[-82.29135,27.04364],[-82.2843,27.04087],[-82.27554,27.03067],[-82.26982,27.02703],[-82.26394,27.02642],[-82.25518,27.03114],[-82.25517,27.03302],[-82.15616,27.03273],[-82.05751,27.03212],[-82.05752,27.07649],[-82.07062,27.07597],[-82.10246,27.07579],[-82.123,27.09416],[-82.13478,27.09874],[-82.15552,27.09898],[-82.15555,27.1202],[-82.25436,27.12187],[-82.25456,27.10007],[-82.27143,27.10025],[-82.26968,27.09391],[-82.2825,27.07991],[-82.28867,27.05981],[-82.29371,27.05359]]]},"properties":{"STATEFP":"12","COUNTYFP":"115","COUSUBFP":"92431","COUSUBNS":"01935873","GEOIDFQ":"0600000US1211592431","GEOID":"1211592431","NAME":"North Port","NAMELSAD":"North Port CCD","STUSPS":"FL","NAMELSADCO":"Sarasota County","STATE_NAME":"Florida","LSAD":"22","ALAND":167561677,"AWATER":7835348}},
{"type":"Feature","geometry":{"type":"Polygon","coordinates":[[[-86.90626,30.99764],[-86.92781,30.9977],[-86.99848,30.99866],[-87.00436,30.99932],[-87.03999,30.99959],[-87.07099,30.99916],[-87.06457,30.99231],[-87.05574,30.98781],[-87.07342,30.97604],[-87.07372,30.97073],[-87.07806,30.96302],[-87.08735,30.95814],[-87.09204,30.95833],[-87.0959,30.94714],[-87.09482,30.93791],[-87.09839,30.92186],[-87.0974,30.91258],[-87.10043,30.90539],[-87.10481,30.90004],[-87.10301,30.89395],[-87.10994,30.87915],[-87.11054,30.8643],[-87.10859,30.85593],[-87.10545,30.8505],[-87.09609,30.84377],[-87.08335,30.84156],[-87.07099,30.83489],[-87.06979,30.82725],[-87.06589,30.82099],[-87.06792,30.81203],[-87.07346,30.8076],[-87.07433,30.80062],[-87.05862,30.78978],[-87.0508,30.79057],[-87.03749,30.78878],[-87.03383,30.78569],[-87.0238,30.78255],[-87.02257,30.78054],[-87.02467,30.79097],[-87.02155,30.79539],[-87.02176,30.80375],[-87.01421,30.81018],[-87.01415,30.81607],[-87.00546,30.82556],[-86.99865,30.82806],[-86.99809,30.83759],[-86.98815,30.84227],[-86.98379,30.84705],[-86.97269,30.84788],[-86.97003,30.85177],[-86.96309,30.85536],[-86.96321,30.86204],[-86.95854,30.86955],[-86.95855,30.87985],[-86.95666,30.88789],[-86.95832,30.89088],[-86.95697,30.9048],[-86.95775,30.91009],[-86.95411,30.91227],[-86.94877,30.92053],[-86.94981,30.92316],[-86.94521,30.9291],[-86.94579,30.93327],[-86.93972,30.94239],[-86.93806,30.95266],[-86.93982,30.95629],[-86.93654,30.96699],[-86.9313,30.96636],[-86.9247,30.97283],[-86.91673,30.98581],[-86.90626,30.99764]]]},"properties":{"STATEFP":"12","COUNTYFP":"113","COUSUBFP":"90162","COUSUBNS":"02648021","GEOIDFQ":"0600000US1211390162","GEOID":"1211390162","NAME":"Berrydale","NAMELSAD":"Berrydale CCD","STUSPS":"FL","NAMELSADCO":"Santa Rosa County","STATE_NAME":"Florida","LSAD":"22","ALAND":276058435,"AWATER":1012401}},
{"type":"Feature","geometry":{"type":"Polygon","coordinates":[[[-80.87971,26.25931],[-80.87917,26.17288],[-80.87256,25.99854],[-80.87293,25.97943],[-80.68004,25.97875],[-80.68002,25.95686],[-80.55175,25.95697],[-80.44093,25.95686],[-80.43939,25.95685],[-80.44172,26.03516],[-80.442,26.06194],[-80.44329,26.11293],[-80.44975,26.14075],[-80.44483,26.14849],[-80.43739,26.14442],[-80.36865,26.12789],[-80.3667,26.12828],[-80.34147,26.15049],[-80.29806,26.18981],[-80.29833,26.20831],[-80.29779,26.28735],[-80.29699,26.33436],[-80.53591,26.33459],[-80.5399,26.3347],[-80.88129,26.33381],[-80.87971,26.25931]]]},"properties":{"STATEFP":"12","COUNTYFP":"011","COUSUBFP":"90637","COUSUBNS":"01935730","GEOIDFQ":"0600000US1201190637","GEOID":"1201190637","NAME":"Conservation","NAMELSAD":"Conservation CCD","STUSPS":"FL","NAMELSADCO":"Broward County","STATE_NAME":"Florida","LSAD":"22","ALAND":2068653210,"AWATER":1296129}},
{"type":"Feature","geometry":{"type":"Polygon","coordinates":[[[-80.18644,26.27397],[-80.20187,26.27408],[-80.20205,26.28622],[-80.28263,26.28749],[-80.29779,26.28735],[-80.29833,26.20831],[-80.22029,26.20858],[-80.22008,26.20118],[-80.20395,26.20001],[-80.17792,26.23076],[-80.18419,26.23067],[-80.18744,26.23689],[-80.18644,26.24136],[-80.18644,26.27397]]]},"properties":{"STATEFP":"12","COUNTYFP":"011","COUSUBFP":"90644","COUSUBNS":"01935843","GEOIDFQ":"0600000US1201190644","GEOID":"1201190644","NAME":"Coral Springs-Margate","NAMELSAD":"Coral Springs-Margate CCD","STUSPS":"FL","NAMELSADCO":"Broward County","STATE_NAME":"Florida","LSAD":"22","ALAND":93330805,"AWATER":2876677}},
{"type":"Feature","geometry":{"type":"Polygon","coordinates":[[[-80.3667,26.12828],[-80.36011,26.12637],[-80.2816,26.10754],[-80.20204,26.08811],[-80.20118,26.09123],[-80.20312,26.16142],[-80.21312,26.16126],[-80.21318,26.15703],[-80.21949,26.15571],[-80.21985,26.17549],[-80.21589,26.18588],[-80.20395,26.20001],[-80.22008,26.20118],[-80.22029,26.20858],[-80.29833,26.20831],[-80.29806,26.18981],[-80.34147,26.15049],[-80.3667,26.12828]]]},"properties":{"STATEFP":"12","COUNTYFP":"011","COUSUBFP":"92756","COUSUBNS":"01935899","GEOIDFQ":"0600000US1201192756","GEOID":"1201192756","NAME":"Plantation","NAMELSAD":"Plantation CCD","STUSPS":"FL","NAMELSADCO":"Broward County","STATE_NAME":"Florida","LSAD":"22","ALAND":131555563,"AWATER":5878364}},
{"type":"Feature","geometry":{"type":"Polygon","coordinates":[[[-82.80048,29.93213],[-82.80851,29.93308],[-82.81757,29.92588],[-82.82369,29.9227],[-82.83147,29.91281],[-82.83992,29.9143],[-82.84235,29.91184],[-82.84872,29.9138],[-82.86327,29.91105],[-82.86491,29.90523],[-82.87172,29.89845],[-82.87458,29.89067],[-82.8798,29.88685],[-82.8768,29.88615],[-82.87522,29.87727],[-82.87695,29.87157],[-82.87554,29.86696],[-82.87794,29.86213],[-82.88554,29.85475],[-82.89096,29.84243],[-82.89255,29.82846],[-82.89503,29.82578],[-82.90396,29.82429],[-82.91324,29.821],[-82.91871,29.82408],[-82.92061,29.82414],[-82.93002,29.81851],[-82.93535,29.80946],[-82.93514,29.80472],[-82.93136,29.80039],[-82.92592,29.80008],[-82.92036,29.79465],[-82.935,29.7864],[-82.93738,29.78358],[-82.94123,29.77284],[-82.94762,29.76611],[-82.94968,29.75792],[-82.94754,29.75284],[-82.93985,29.75317],[-82.93854,29.74449],[-82.94969,29.72628],[-82.94277,29.7204],[-82.94629,29.71492],[-82.95208,29.72122],[-82.95564,29.71627],[-82.94683,29.71146],[-82.9433,29.7049],[-82.94533,29.69994],[-82.95247,29.70392],[-82.95768,29.69826],[-82.95651,29.69168],[-82.95926,29.68579],[-82.95477,29.67906],[-82.95473,29.6754],[-82.95908,29.67116],[-82.92377,29.67148],[-82.92409,29.69319],[-82.85731,29.69391],[-82.85767,29.72285],[-82.84452,29.72313],[-82.83415,29.72634],[-82.82759,29.72651],[-82.81851,29.72453],[-82.80459,29.7295],[-82.75706,29.72742],[-82.74728,29.7247],[-82.7405,29.74087],[-82.74204,29.85827],[-82.74007,29.86503],[-82.75285,29.88021],[-82.75365,29.8935],[-82.75737,29.89588],[-82.76844,29.89701],[-82.76743,29.90635],[-82.7743,29.9117],[-82.77107,29.92225],[-82.77216,29.92833],[-82.78049,29.92575],[-82.78373,29.93234],[-82.80048,29.93213]]]},"properties":{"STATEFP":"12","COUNTYFP":"041","COUSUBFP":"90130","COUSUBNS":"01935691","GEOIDFQ":"0600000US1204190130","GEOID":"1204190130","NAME":"Bell","NAMELSAD":"Bell CCD","STUSPS":"FL","NAMELSADCO":"Gilchrist County","STATE_NAME":"Florida","LSAD":"22","ALAND":373438648,"AWATER":6071498}},
{"type":"Feature","geometry":{"type":"Polygon","coordinates":[[[-82.41873,29.92309],[-82.41631,29.92593],[-82.40117,29.92696],[-82.39043,29.92557],[-82.37751,29.93327],[-82.37006,29.93537],[-82.36282,29.93424],[-82.36196,29.9422],[-82.37027,29.95376],[-82.37589,29.95618],[-82.3807,29.9643],[-82.38044,29.96939],[-82.38586,29.9739],[-82.3819,29.97961],[-82.37625,29.98226],[-82.3774,29.98884],[-82.38165,29.99183],[-82.40195,29.97346],[-82.40744,29.96637],[-82.41173,29.96817],[-82.41494,29.97718],[-82.41632,29.99505],[-82.42459,29.99369],[-82.42479,30.01285],[-82.41437,30.01695],[-82.41662,30.02138],[-82.41672,30.03651],[-82.42055,30.0465],[-82.41608,30.05337],[-82.41921,30.058],[-82.43611,30.04679],[-82.44534,30.04373],[-82.44864,30.0395],[-82.45582,30.03744],[-82.4587,30.03897],[-82.48075,30.03814],[-82.49496,30.03444],[-82.50164,30.03594],[-82.50709,30.0331],[-82.52259,30.03263],[-82.52725,30.03431],[-82.53432,30.03056],[-82.53657,30.02532],[-82.54496,30.02],[-82.54891,30.02017],[-82.56003,30.01582],[-82.56261,30.01613],[-82.57158,30.01071],[-82.57355,29.99321],[-82.57599,29.99086],[-82.56928,29.97498],[-82.55671,29.96876],[-82.55531,29.96398],[-82.5436,29.9634],[-82.5333,29.95836],[-82.53004,29.95151],[-82.52971,29.94088],[-82.5241,29.94525],[-82.51643,29.94336],[-82.51097,29.94521],[-82.49925,29.94019],[-82.48453,29.93973],[-82.47757,29.93489],[-82.47213,29.92655],[-82.46128,29.93162],[-82.45668,29.92757],[-82.45122,29.92667],[-82.44895,29.93152],[-82.44171,29.92911],[-82.43336,29.92927],[-82.42667,29.9221],[-82.4224,29.91992],[-82.41873,29.92309]]]},"properties":{"STATEFP":"12","COUNTYFP":"125","COUSUBFP":"93731","COUSUBNS":"01935979","GEOIDFQ":"0600000US1212593731","GEOID":"1212593731","NAME":"Worthington Springs","NAMELSAD":"Worthington Springs CCD","STUSPS":"FL","NAMELSADCO":"Union County","STATE_NAME":"Florida","LSAD":"22","ALAND":174391366,"AWATER":674223}},
{"type":"Feature","geometry":{"type":"Polygon","coordinates":[[[-81.86805,30.18802],[-81.84594,30.18854],[-81.79823,30.189],[-81.73892,30.18932],[-81.73349,30.19347],[-81.7252,30.19101],[-81.70262,30.19148],[-81.67963,30.1905],[-81.65072,30.22354],[-81.64913,30.22816],[-81.65184,30.24181],[-81.65812,30.25014],[-81.68032,30.27314],[-81.68412,30.28324],[-81.66822,30.29444],[-81.66791,30.31395],[-81.66409,30.32068],[-81.65861,30.32229],[-81.64762,30.32004],[-81.62982,30.31414],[-81.62174,30.3187],[-81.61322,30.34394],[-81.61452,30.36254],[-81.62642,30.37194],[-81.62872,30.37884],[-81.62642,30.38694],[-81.63761,30.3907],[-81.64305,30.39484],[-81.65692,30.39364],[-81.67382,30.40844],[-81.67512,30.41764],[-81.68269,30.42018],[-81.68922,30.4174],[-81.69683,30.41813],[-81.71125,30.41762],[-81.71635,30.41896],[-81.72719,30.41821],[-81.73531,30.42139],[-81.74064,30.41608],[-81.75261,30.40828],[-81.75697,30.41586],[-81.77521,30.41567],[-81.77514,30.4122],[-81.83121,30.46745],[-81.86629,30.43626],[-81.93549,30.37398],[-81.92181,30.36508],[-81.91637,30.35906],[-81.90558,30.33717],[-81.90096,30.33239],[-81.89521,30.32136],[-81.88727,30.32483],[-81.86137,30.33049],[-81.85986,30.32834],[-81.85437,30.3086],[-81.87789,30.30655],[-81.87799,30.29417],[-81.86957,30.29623],[-81.86952,30.265],[-81.88649,30.26367],[-81.88645,30.24609],[-81.84517,30.24695],[-81.84395,30.23219],[-81.84438,30.21584],[-81.85302,30.21574],[-81.8531,30.21024],[-81.85997,30.20974],[-81.86936,30.20255],[-81.86948,30.19275],[-81.86805,30.18802]]]},"properties":{"STATEFP":"12","COUNTYFP":"031","COUSUBFP":"91646","COUSUBNS":"02583399","GEOIDFQ":"0600000US1203191646","GEOID":"1203191646","NAME":"Jacksonville West","NAMELSAD":"Jacksonville West CCD","STUSPS":"FL","NAMELSADCO":"Duval County","STATE_NAME":"Florida","LSAD":"22","ALAND":544551196,"AWATER":46649840}},
{"type":"Feature","geometry":{"type":"Polygon","coordinates":[[[-80.51029,25.5135],[-80.51064,25.55023],[-80.50658,25.55027],[-80.50681,25.58682],[-80.51089,25.58688],[-80.51106,25.6087],[-80.51071,25.61046],[-80.49659,25.62391],[-80.49869,25.68228],[-80.49574,25.69002],[-80.49842,25.76103],[-80.49825,25.76236],[-80.48327,25.77554],[-80.48451,25.79761],[-80.48386,25.81318],[-80.48661,25.89242],[-80.45382,25.92727],[-80.44026,25.94266],[-80.44093,25.95686],[-80.55175,25.95697],[-80.68002,25.95686],[-80.68004,25.97875],[-80.87293,25.97943],[-80.87319,25.80616],[-80.8731,25.80538],[-80.87327,25.62539],[-80.87309,25.62346],[-80.87319,25.36399],[-80.86219,25.36419],[-80.86199,25.2429],[-80.85799,25.243],[-80.85811,25.21114],[-80.80214,25.24524],[-80.79849,25.25049],[-80.79829,25.32235],[-80.80099,25.33137],[-80.80463,25.33517],[-80.81587,25.34258],[-80.8195,25.34794],[-80.82137,25.35713],[-80.81992,25.36409],[-80.8146,25.37531],[-80.80743,25.38559],[-80.79083,25.40265],[-80.78387,25.41127],[-80.77474,25.42458],[-80.76282,25.43206],[-80.75432,25.43368],[-80.73559,25.43298],[-80.71155,25.43689],[-80.70479,25.43729],[-80.69672,25.43548],[-80.69057,25.43181],[-80.67717,25.42119],[-80.66933,25.41819],[-80.65969,25.41682],[-80.63797,25.41734],[-80.63281,25.41584],[-80.5948,25.39601],[-80.58929,25.39423],[-80.58011,25.39498],[-80.55989,25.40351],[-80.5335,25.40366],[-80.52719,25.4048],[-80.51271,25.4181],[-80.50134,25.41846],[-80.50163,25.46962],[-80.5097,25.4696],[-80.51029,25.5135]]]},"properties":{"STATEFP":"12","COUNTYFP":"086","COUSUBFP":"91040","COUSUBNS":"01935762","GEOIDFQ":"0600000US1208691040","GEOID":"1208691040","NAME":"Everglades","NAMELSAD":"Everglades CCD","STUSPS":"FL","NAMELSADCO":"Miami-Dade County","STATE_NAME":"Florida","LSAD":"22","ALAND":2409568075,"AWATER":48920313}},
{"type":"Feature","geometry":{"type":"Polygon","coordinates":[[[-80.12331,25.9751],[-80.12427,25.95843],[-80.12831,25.94898],[-80.12787,25.94452],[-80.13168,25.93825],[-80.12989,25.92284],[-80.12619,25.91792],[-80.12585,25.90886],[-80.1305,25.89982],[-80.14326,25.88667],[-80.15367,25.87727],[-80.16347,25.85567],[-80.16138,25.85579],[-80.1594,25.81297],[-80.16905,25.77921],[-80.14447,25.76865],[-80.13916,25.76545],[-80.15497,25.76428],[-80.14059,25.75423],[-80.13084,25.76436],[-80.13111,25.76976],[-80.1246,25.80035],[-80.12101,25.8132],[-80.11949,25.8277],[-80.11879,25.84566],[-80.11902,25.86586],[-80.12169,25.89795],[-80.12126,25.91774],[-80.11896,25.94591],[-80.1179,25.97525],[-80.12331,25.9751]]]},"properties":{"STATEFP":"12","COUNTYFP":"086","COUSUBFP":"92171","COUSUBNS":"01935852","GEOIDFQ":"0600000US1208692171","GEOID":"1208692171","NAME":"Miami Beach","NAMELSAD":"Miami Beach CCD","STUSPS":"FL","NAMELSADCO":"Miami-Dade County","STATE_NAME":"Florida","LSAD":"22","ALAND":30365053,"AWATER":183385379}},
{"type":"Feature","geometry":{"type":"Polygon","coordinates":[[[-80.44093,25.95686],[-80.44026,25.94266],[-80.43766,25.9389],[-80.38564,25.90046],[-80.36632,25.88668],[-80.36261,25.883],[-80.34462,25.86975],[-80.30425,25.84006],[-80.25843,25.80596],[-80.26029,25.87066],[-80.26687,25.87047],[-80.2672,25.88184],[-80.29117,25.8812],[-80.29317,25.92502],[-80.29498,25.95693],[-80.31062,25.95717],[-80.43939,25.95685],[-80.44093,25.95686]]]},"properties":{"STATEFP":"12","COUNTYFP":"086","COUSUBFP":"91482","COUSUBNS":"01935796","GEOIDFQ":"0600000US1208691482","GEOID":"1208691482","NAME":"Hialeah","NAMELSAD":"Hialeah CCD","STUSPS":"FL","NAMELSADCO":"Miami-Dade County","STATE_NAME":"Florida","LSAD":"22","ALAND":125235339,"AWATER":12653145}},
{"type":"Feature","geometry":{"type":"Polygon","coordinates":[[[-80.12331,25.9751],[-80.19084,25.97323],[-80.20622,25.97265],[-80.20498,25.93453],[-80.21419,25.9275],[-80.27673,25.92513],[-80.29317,25.92502],[-80.29117,25.8812],[-80.2672,25.88184],[-80.26687,25.87047],[-80.26029,25.87066],[-80.25843,25.80596],[-80.30425,25.84006],[-80.3092,25.83694],[-80.30986,25.83241],[-80.30887,25.78875],[-80.31641,25.78864],[-80.31765,25.78459],[-80.30884,25.78482],[-80.30972,25.7715],[-80.31577,25.76809],[-80.3206,25.76242],[-80.31935,25.73841],[-80.3183,25.73297],[-80.33582,25.73309],[-80.33414,25.70231],[-80.33367,25.69178],[-80.31146,25.69245],[-80.30836,25.68887],[-80.28486,25.68967],[-80.28551,25.70751],[-80.27816,25.712],[-80.2611,25.71267],[-80.26094,25.7079],[-80.2475,25.70921],[-80.24912,25.71338],[-80.23786,25.72723],[-80.21772,25.73943],[-80.21067,25.74073],[-80.20852,25.7456],[-80.20263,25.74821],[-80.19962,25.74599],[-80.17892,25.74605],[-80.17914,25.75134],[-80.17347,25.76978],[-80.16231,25.76435],[-80.15497,25.76428],[-80.13916,25.76545],[-80.14447,25.76865],[-80.16905,25.77921],[-80.1594,25.81297],[-80.16138,25.85579],[-80.16347,25.85567],[-80.15367,25.87727],[-80.14326,25.88667],[-80.1305,25.89982],[-80.12585,25.90886],[-80.12619,25.91792],[-80.12989,25.92284],[-80.13168,25.93825],[-80.12787,25.94452],[-80.12831,25.94898],[-80.12427,25.95843],[-80.12331,25.9751]]]},"properties":{"STATEFP":"12","COUNTYFP":"086","COUSUBFP":"92158","COUSUBNS":"01935851","GEOIDFQ":"0600000US1208692158","GEOID":"1208692158","NAME":"Miami","NAMELSAD":"Miami CCD","STUSPS":"FL","NAMELSADCO":"Miami-Dade County","STATE_NAME":"Florida","LSAD":"22","ALAND":320895487,"AWATER":61521289}},
{"type":"Feature","geometry":{"type":"Polygon","coordinates":[[[-80.12992,26.83898],[-80.10529,26.83823],[-80.09516,26.84388],[-80.09638,26.84877],[-80.09537,26.88286],[-80.05373,26.88147],[-80.05308,26.88204],[-80.06671,26.92481],[-80.07143,26.94288],[-80.07995,26.97052],[-80.14176,26.97094],[-80.14201,26.95664],[-80.16711,26.95663],[-80.15788,26.94372],[-80.131,26.88297],[-80.12865,26.87284],[-80.12992,26.83898]]]},"properties":{"STATEFP":"12","COUNTYFP":"099","COUSUBFP":"91690","COUSUBNS":"01935813","GEOIDFQ":"0600000US1209991690","GEOID":"1209991690","NAME":"Jupiter","NAMELSAD":"Jupiter CCD","STUSPS":"FL","NAMELSADCO":"Palm Beach County","STATE_NAME":"Florida","LSAD":"22","ALAND":85433617,"AWATER":63467908}},
{"type":"Feature","geometry":{"type":"Polygon","coordinates":[[[-81.99154,27.03208],[-81.99252,27.0317],[-82.05751,27.03212],[-82.15616,27.03273],[-82.25517,27.03302],[-82.25518,27.03114],[-82.2553,27.00034],[-82.24985,27.00032],[-82.24278,26.9963],[-82.23883,26.98907],[-82.23558,26.97591],[-82.23165,26.96801],[-82.22213,26.96226],[-82.19504,26.95323],[-82.18636,26.94815],[-82.17837,26.93888],[-82.17407,26.94171],[-82.16789,26.93832],[-82.16656,26.93425],[-82.15888,26.92982],[-82.1543,26.92487],[-82.14143,26.92393],[-82.13557,26.92895],[-82.13316,26.93369],[-82.12654,26.93979],[-82.12464,26.94562],[-82.11548,26.95113],[-82.11956,26.96316],[-82.10157,26.95921],[-82.09938,26.95337],[-82.09536,26.95386],[-82.08738,26.95899],[-82.07884,26.95915],[-82.06616,26.95442],[-82.05752,26.94511],[-82.04657,26.95307],[-82.03895,26.95494],[-82.03878,26.96001],[-82.0082,26.97105],[-82.00191,26.9795],[-81.99551,26.98433],[-81.99069,26.99293],[-81.98877,27.00189],[-81.98377,27.00973],[-81.98497,27.01718],[-81.99013,27.02346],[-81.99154,27.03208]]]},"properties":{"STATEFP":"12","COUNTYFP":"015","COUSUBFP":"92834","COUSUBNS":"01935903","GEOIDFQ":"0600000US1201592834","GEOID":"1201592834","NAME":"Port Charlotte","NAMELSAD":"Port Charlotte CCD","STUSPS":"FL","NAMELSADCO":"Charlotte County","STATE_NAME":"Florida","LSAD":"22","ALAND":191000664,"AWATER":58608775}},
{"type":"Feature","geometry":{"type":"Polygon","coordinates":[[[-80.13388,26.75998],[-80.13189,26.76049],[-80.09099,26.75902],[-80.09321,26.76464],[-80.04914,26.76329],[-80.04938,26.76926],[-80.03581,26.77311],[-80.03196,26.77364],[-80.03233,26.78723],[-80.03136,26.79634],[-80.04626,26.85924],[-80.05308,26.88204],[-80.05373,26.88147],[-80.09537,26.88286],[-80.09638,26.84877],[-80.09516,26.84388],[-80.10529,26.83823],[-80.12992,26.83898],[-80.13165,26.79538],[-80.13388,26.75998]]]},"properties":{"STATEFP":"12","COUNTYFP":"099","COUSUBFP":"92977","COUSUBNS":"01935916","GEOIDFQ":"0600000US1209992977","GEOID":"1209992977","NAME":"Riviera Beach","NAMELSAD":"Riviera Beach CCD","STUSPS":"FL","NAMELSADCO":"Palm Beach County","STATE_NAME":"Florida","LSAD":"22","ALAND":90245241,"AWATER":81368828}},
{"type":"Feature","geometry":{"type":"Polygon","coordinates":[[[-80.64624,28.40913],[-80.64897,28.37048],[-80.64799,28.35756],[-80.64978,28.32739],[-80.65047,28.28889],[-80.64897,28.27179],[-80.60477,28.27199],[-80.60682,28.2964],[-80.60679,28.32706],[-80.6062,28.33901],[-80.60202,28.36803],[-80.59751,28.38552],[-80.58903,28.40787],[-80.58683,28.40989],[-80.5986,28.40946],[-80.64624,28.40913]]]},"properties":{"STATEFP":"12","COUNTYFP":"009","COUSUBFP":"90611","COUSUBNS":"01935728","GEOIDFQ":"0600000US1200990611","GEOID":"1200990611","NAME":"Cocoa Beach-Cape Canaveral","NAMELSAD":"Cocoa Beach-Cape Canaveral CCD","STUSPS":"FL","NAMELSADCO":"Brevard County","STATE_NAME":"Florida","LSAD":"22","ALAND":21552632,"AWATER":156204471}},
{"type":"Feature","geometry":{"type":"Polygon","coordinates":[[[-81.95343,28.86356],[-81.94509,28.86173],[-81.94486,28.85438],[-81.91669,28.85425],[-81.91618,28.84687],[-81.90387,28.8459],[-81.90074,28.85048],[-81.89131,28.85046],[-81.88684,28.86094],[-81.87865,28.85395],[-81.87749,28.84881],[-81.86719,28.83633],[-81.86124,28.8346],[-81.84888,28.83642],[-81.84951,28.8448],[-81.84698,28.8577],[-81.84427,28.8651],[-81.84387,28.87527],[-81.84104,28.8808],[-81.83898,28.89553],[-81.83538,28.89802],[-81.83772,28.90793],[-81.83977,28.92526],[-81.83192,28.93404],[-81.83892,28.95183],[-81.84204,28.95592],[-81.84219,28.96102],[-81.85484,28.95978],[-81.8748,28.96032],[-81.89597,28.95991],[-81.95419,28.96005],[-81.95333,28.8785],[-81.95343,28.86356]]]},"properties":{"STATEFP":"12","COUNTYFP":"069","COUSUBFP":"91235","COUSUBNS":"01935777","GEOIDFQ":"0600000US1206991235","GEOID":"1206991235","NAME":"Fruitland Park-Lady Lake","NAMELSAD":"Fruitland Park-Lady Lake CCD","STUSPS":"FL","NAMELSADCO":"Lake County","STATE_NAME":"Florida","LSAD":"22","ALAND":112228729,"AWATER":24304955}},
{"type":"Feature","geometry":{"type":"Polygon","coordinates":[[[-81.76165,28.96093],[-81.84219,28.96102],[-81.84204,28.95592],[-81.83892,28.95183],[-81.83192,28.93404],[-81.83977,28.92526],[-81.83772,28.90793],[-81.83538,28.89802],[-81.83898,28.89553],[-81.84104,28.8808],[-81.84387,28.87527],[-81.84427,28.8651],[-81.84698,28.8577],[-81.84951,28.8448],[-81.84888,28.83642],[-81.84635,28.81901],[-81.85729,28.80657],[-81.85505,28.80423],[-81.85458,28.77581],[-81.81575,28.78285],[-81.8029,28.78446],[-81.80142,28.79343],[-81.79456,28.79811],[-81.76994,28.81285],[-81.7574,28.81474],[-81.74967,28.82311],[-81.75098,28.83521],[-81.75116,28.84108],[-81.7444,28.85187],[-81.74044,28.86138],[-81.74107,28.87139],[-81.74543,28.87835],[-81.74128,28.88097],[-81.74141,28.8952],[-81.74523,28.89522],[-81.74528,28.90244],[-81.74953,28.90245],[-81.75062,28.90782],[-81.74122,28.91376],[-81.75241,28.91778],[-81.76061,28.9262],[-81.76158,28.92961],[-81.76165,28.96093]]]},"properties":{"STATEFP":"12","COUNTYFP":"069","COUSUBFP":"91924","COUSUBNS":"01935831","GEOIDFQ":"0600000US1206991924","GEOID":"1206991924","NAME":"Leesburg East","NAMELSAD":"Leesburg East CCD","STUSPS":"FL","NAMELSADCO":"Lake County","STATE_NAME":"Florida","LSAD":"22","ALAND":109633819,"AWATER":58585369}},
{"type":"Feature","geometry":{"type":"Polygon","coordinates":[[[-82.79437,30.05719],[-82.79453,30.07386],[-82.81972,30.07357],[-82.81988,30.08813],[-82.90923,30.08702],[-82.94585,30.08674],[-82.94475,30.077],[-82.94636,30.0721],[-83.05452,30.07165],[-83.06234,30.07927],[-83.06272,30.06368],[-83.05407,30.06077],[-83.0415,30.05457],[-83.03472,30.04578],[-83.02822,30.04418],[-83.01329,30.03212],[-83.0082,30.02415],[-83.00319,30.0108],[-82.99331,30.00607],[-82.97942,30.00739],[-82.97415,29.99664],[-82.96658,29.9958],[-82.96311,29.99305],[-82.96038,29.97515],[-82.95424,29.96638],[-82.95057,29.95832],[-82.93581,29.95684],[-82.93078,29.9574],[-82.92347,29.94318],[-82.92396,29.93652],[-82.92055,29.93007],[-82.92535,29.92469],[-82.91859,29.91507],[-82.91901,29.90826],[-82.9121,29.90484],[-82.91703,29.90078],[-82.91861,29.89639],[-82.913,29.88978],[-82.909,29.88949],[-82.90763,29.89814],[-82.90058,29.90153],[-82.89503,29.90026],[-82.88516,29.89158],[-82.89009,29.88492],[-82.8842,29.88233],[-82.8798,29.88685],[-82.87458,29.89067],[-82.87172,29.89845],[-82.86491,29.90523],[-82.86327,29.91105],[-82.84872,29.9138],[-82.84235,29.91184],[-82.83992,29.9143],[-82.83147,29.91281],[-82.82369,29.9227],[-82.81757,29.92588],[-82.80851,29.93308],[-82.80048,29.93213],[-82.79532,29.9401],[-82.79145,29.94211],[-82.78808,29.95114],[-82.77916,29.95801],[-82.76221,29.96438],[-82.75858,29.97571],[-82.76041,29.98621],[-82.79397,29.9862],[-82.79437,30.05719]]]},"properties":{"STATEFP":"12","COUNTYFP":"121","COUSUBFP":"90299","COUSUBNS":"01935704","GEOIDFQ":"0600000US1212190299","GEOID":"1212190299","NAME":"Branford","NAMELSAD":"Branford CCD","STUSPS":"FL","NAMELSADCO":"Suwannee County","STATE_NAME":"Florida","LSAD":"22","ALAND":348219973,"AWATER":1830735}},
{"type":"Feature","geometry":{"type":"Polygon","coordinates":[[[-81.27692,29.65244],[-81.27322,29.65487],[-81.27234,29.66061],[-81.26263,29.6662],[-81.24726,29.65909],[-81.23171,29.66341],[-81.22731,29.67054],[-81.21288,29.67067],[-81.22901,29.71469],[-81.24037,29.73947],[-81.25223,29.77229],[-81.25792,29.76881],[-81.27549,29.78447],[-81.27349,29.79526],[-81.27778,29.80434],[-81.28784,29.80887],[-81.2928,29.81529],[-81.29635,29.82376],[-81.30257,29.83251],[-81.31225,29.8302],[-81.31943,29.8216],[-81.32864,29.82345],[-81.33009,29.81946],[-81.33983,29.81715],[-81.34664,29.82239],[-81.34791,29.82698],[-81.35359,29.83461],[-81.35808,29.84565],[-81.36104,29.84744],[-81.37926,29.82549],[-81.37173,29.81014],[-81.32091,29.68391],[-81.31454,29.6775],[-81.28101,29.65809],[-81.27692,29.65244]]]},"properties":{"STATEFP":"12","COUNTYFP":"109","COUSUBFP":"92080","COUSUBNS":"01935845","GEOIDFQ":"0600000US1210992080","GEOID":"1210992080","NAME":"Matanzas","NAMELSAD":"Matanzas CCD","STUSPS":"FL","NAMELSADCO":"St. Johns County","STATE_NAME":"Florida","LSAD":"22","ALAND":154906988,"AWATER":88835146}},
{"type":"Feature","geometry":{"type":"Polygon","coordinates":[[[-81.65727,28.3471],[-81.65752,28.47791],[-81.65739,28.55312],[-81.65725,28.56322],[-81.65721,28.56983],[-81.65288,28.57095],[-81.65197,28.58015],[-81.6481,28.58448],[-81.6572,28.59257],[-81.65693,28.6078],[-81.65821,28.65894],[-81.69685,28.66382],[-81.70998,28.65892],[-81.71511,28.65929],[-81.7216,28.66275],[-81.72658,28.66139],[-81.73302,28.66861],[-81.73422,28.67551],[-81.73171,28.67963],[-81.74258,28.68019],[-81.74647,28.6828],[-81.74885,28.68924],[-81.75484,28.69818],[-81.75477,28.68511],[-81.75978,28.67866],[-81.75813,28.67146],[-81.76189,28.66693],[-81.77207,28.66695],[-81.77862,28.67256],[-81.78392,28.66231],[-81.79994,28.64799],[-81.77517,28.63369],[-81.75415,28.62362],[-81.75995,28.62056],[-81.75863,28.61217],[-81.76839,28.61181],[-81.76838,28.59926],[-81.77005,28.5896],[-81.77993,28.58398],[-81.78622,28.58288],[-81.78809,28.57545],[-81.78412,28.57497],[-81.77772,28.56807],[-81.7756,28.55848],[-81.77561,28.5468],[-81.78073,28.54641],[-81.78755,28.54102],[-81.78539,28.53718],[-81.78533,28.52747],[-81.78338,28.52253],[-81.78341,28.50549],[-81.78547,28.49944],[-81.79399,28.49984],[-81.79795,28.50437],[-81.80682,28.51076],[-81.81758,28.50681],[-81.83919,28.50687],[-81.8371,28.501],[-81.83722,28.49183],[-81.83346,28.46453],[-81.83343,28.43848],[-81.83086,28.4126],[-81.82562,28.39129],[-81.82227,28.37185],[-81.8189,28.36171],[-81.79089,28.36184],[-81.79073,28.34641],[-81.70608,28.3466],[-81.65727,28.3471]]]},"properties":{"STATEFP":"12","COUNTYFP":"069","COUSUBFP":"90585","COUSUBNS":"01935726","GEOIDFQ":"0600000US1206990585","GEOID":"1206990585","NAME":"Clermont","NAMELSAD":"Clermont CCD","STUSPS":"FL","NAMELSADCO":"Lake County","STATE_NAME":"Florida","LSAD":"22","ALAND":409702925,"AWATER":97483775}},
{"type":"Feature","geometry":{"type":"Polygon","coordinates":[[[-81.95358,28.79125],[-81.94442,28.78502],[-81.9348,28.77575],[-81.92463,28.77115],[-81.91253,28.76957],[-81.91257,28.76617],[-81.90641,28.76322],[-81.89478,28.76093],[-81.88633,28.7624],[-81.87836,28.76572],[-81.87481,28.77162],[-81.85458,28.77581],[-81.85505,28.80423],[-81.85729,28.80657],[-81.84635,28.81901],[-81.84888,28.83642],[-81.86124,28.8346],[-81.86719,28.83633],[-81.87749,28.84881],[-81.87865,28.85395],[-81.88684,28.86094],[-81.89131,28.85046],[-81.90074,28.85048],[-81.90387,28.8459],[-81.91618,28.84687],[-81.91669,28.85425],[-81.94486,28.85438],[-81.94509,28.86173],[-81.95343,28.86356],[-81.95358,28.79125]]]},"properties":{"STATEFP":"12","COUNTYFP":"069","COUSUBFP":"91911","COUSUBNS":"01935830","GEOIDFQ":"0600000US1206991911","GEOID":"1206991911","NAME":"Leesburg","NAMELSAD":"Leesburg CCD","STUSPS":"FL","NAMELSADCO":"Lake County","STATE_NAME":"Florida","LSAD":"22","ALAND":66780521,"AWATER":18635276}},
{"type":"Feature","geometry":{"type":"Polygon","coordinates":[[[-82.21725,28.58031],[-82.22408,28.57316],[-82.23496,28.56456],[-82.23713,28.55991],[-82.23724,28.52308],[-82.25329,28.52306],[-82.25329,28.47849],[-82.25191,28.47879],[-82.15278,28.47843],[-82.05469,28.4784],[-82.05447,28.52137],[-82.05838,28.52539],[-82.06778,28.53144],[-82.07252,28.53148],[-82.08582,28.52705],[-82.09192,28.52325],[-82.09661,28.52474],[-82.09846,28.52889],[-82.10466,28.53469],[-82.10942,28.54384],[-82.11907,28.54073],[-82.13077,28.54642],[-82.13802,28.56552],[-82.14361,28.56592],[-82.15036,28.57126],[-82.15749,28.57015],[-82.17212,28.56579],[-82.17733,28.56841],[-82.18317,28.5682],[-82.18696,28.57242],[-82.19654,28.57569],[-82.19886,28.57312],[-82.20818,28.57205],[-82.21372,28.57536],[-82.21725,28.58031]]]},"properties":{"STATEFP":"12","COUNTYFP":"053","COUSUBFP":"92964","COUSUBNS":"01935915","GEOIDFQ":"0600000US1205392964","GEOID":"1205392964","NAME":"Ridge Manor","NAMELSAD":"Ridge Manor CCD","STUSPS":"FL","NAMELSADCO":"Hernando County","STATE_NAME":"Florida","LSAD":"22","ALAND":148191550,"AWATER":9578345}},
{"type":"Feature","geometry":{"type":"Polygon","coordinates":[[[-80.33443,25.46329],[-80.34003,25.46789],[-80.34054,25.49223],[-80.33977,25.50025],[-80.33268,25.50407],[-80.33582,25.50965],[-80.33355,25.51703],[-80.33103,25.51797],[-80.33149,25.52824],[-80.32459,25.53561],[-80.31435,25.53617],[-80.31175,25.547],[-80.30733,25.55796],[-80.30676,25.56507],[-80.30261,25.57179],[-80.30775,25.58624],[-80.30827,25.59951],[-80.34812,25.59878],[-80.37496,25.59788],[-80.47847,25.59429],[-80.47902,25.60881],[-80.51106,25.6087],[-80.51089,25.58688],[-80.50681,25.58682],[-80.50658,25.55027],[-80.51064,25.55023],[-80.51029,25.5135],[-80.43345,25.5142],[-80.43691,25.50676],[-80.43695,25.49945],[-80.41233,25.49958],[-80.41192,25.46286],[-80.33443,25.46329]]]},"properties":{"STATEFP":"12","COUNTYFP":"086","COUSUBFP":"92886","COUSUBNS":"01935909","GEOIDFQ":"0600000US1208692886","GEOID":"1208692886","NAME":"Princeton-Goulds","NAMELSAD":"Princeton-Goulds CCD","STUSPS":"FL","NAMELSADCO":"Miami-Dade County","STATE_NAME":"Florida","LSAD":"22","ALAND":224777008,"AWATER":139289040}},
{"type":"Feature","geometry":{"type":"Polygon","coordinates":[[[-81.9545,28.65569],[-81.9526,28.6569],[-81.93896,28.65759],[-81.93414,28.66124],[-81.9274,28.66311],[-81.92499,28.66811],[-81.90615,28.6733],[-81.8964,28.6784],[-81.87623,28.67972],[-81.8641,28.68442],[-81.85318,28.6752],[-81.79994,28.64799],[-81.78392,28.66231],[-81.77862,28.67256],[-81.77207,28.66695],[-81.76189,28.66693],[-81.75813,28.67146],[-81.75978,28.67866],[-81.75477,28.68511],[-81.75484,28.69818],[-81.75529,28.71145],[-81.75762,28.72844],[-81.76225,28.73594],[-81.7668,28.73937],[-81.78133,28.74546],[-81.78501,28.74838],[-81.79486,28.76451],[-81.80071,28.77648],[-81.8029,28.78446],[-81.81575,28.78285],[-81.85458,28.77581],[-81.87481,28.77162],[-81.87836,28.76572],[-81.88633,28.7624],[-81.89478,28.76093],[-81.90641,28.76322],[-81.91257,28.76617],[-81.91253,28.76957],[-81.92463,28.77115],[-81.9348,28.77575],[-81.94442,28.78502],[-81.95358,28.79125],[-81.95366,28.75533],[-81.95433,28.70062],[-81.9545,28.65569]]]},"properties":{"STATEFP":"12","COUNTYFP":"069","COUSUBFP":"91541","COUSUBNS":"01935801","GEOIDFQ":"0600000US1206991541","GEOID":"1206991541","NAME":"Howey-in-the-Hills-Okahumpka","NAMELSAD":"Howey-in-the-Hills-Okahumpka CCD","STUSPS":"FL","NAMELSADCO":"Lake County","STATE_NAME":"Florida","LSAD":"22","ALAND":162613256,"AWATER":54521023}},
{"type":"Feature","geometry":{"type":"Polygon","coordinates":[[[-86.96146,30.67275],[-86.97124,30.66268],[-86.97922,30.65996],[-86.98937,30.6608],[-86.99425,30.65236],[-87.0112,30.64699],[-87.01295,30.64085],[-87.01701,30.63998],[-87.02064,30.63523],[-87.02658,30.63464],[-87.03019,30.63299],[-87.03532,30.62549],[-87.03187,30.61611],[-87.03379,30.61068],[-87.02989,30.60629],[-87.01752,30.59753],[-87.01483,30.59426],[-87.0106,30.5813],[-87.00444,30.57556],[-87.00076,30.56861],[-87.00254,30.56074],[-87.00889,30.55137],[-86.99763,30.5458],[-86.98885,30.54775],[-86.98201,30.54586],[-86.97236,30.54805],[-86.96123,30.55645],[-86.95397,30.55537],[-86.94118,30.55547],[-86.93462,30.55911],[-86.93091,30.56472],[-86.93199,30.56858],[-86.92464,30.57115],[-86.92024,30.57604],[-86.9187,30.58217],[-86.90989,30.57973],[-86.90193,30.5803],[-86.89635,30.58279],[-86.89112,30.59231],[-86.87458,30.60186],[-86.86962,30.60786],[-86.86227,30.60867],[-86.86133,30.62713],[-86.89635,30.62838],[-86.89615,30.63492],[-86.91606,30.63492],[-86.9179,30.66784],[-86.92085,30.66982],[-86.91836,30.67596],[-86.91899,30.68722],[-86.928,30.68687],[-86.93454,30.68359],[-86.94729,30.68287],[-86.95751,30.67803],[-86.96146,30.67275]]]},"properties":{"STATEFP":"12","COUNTYFP":"113","COUSUBFP":"90903","COUSUBNS":"02648022","GEOIDFQ":"0600000US1211390903","GEOID":"1211390903","NAME":"East Milton","NAMELSAD":"East Milton CCD","STUSPS":"FL","NAMELSADCO":"Santa Rosa County","STATE_NAME":"Florida","LSAD":"22","ALAND":132147378,"AWATER":10809188}},
{"type":"Feature","geometry":{"type":"Polygon","coordinates":[[[-81.43009,30.25224],[-81.4219,30.26823],[-81.42001,30.276],[-81.42115,30.28817],[-81.42382,30.29656],[-81.42611,30.31384],[-81.43801,30.32185],[-81.43779,30.33588],[-81.43961,30.35444],[-81.44671,30.36794],[-81.45431,30.37704],[-81.45931,30.37944],[-81.45931,30.38394],[-81.47081,30.39204],[-81.49091,30.39214],[-81.50521,30.39074],[-81.51261,30.39274],[-81.53661,30.38874],[-81.53835,30.38572],[-81.55813,30.38523],[-81.56531,30.39058],[-81.58333,30.40936],[-81.59695,30.41267],[-81.60122,30.41247],[-81.60122,30.40285],[-81.61312,30.40294],[-81.62382,30.39204],[-81.62642,30.38694],[-81.62872,30.37884],[-81.62642,30.37194],[-81.61452,30.36254],[-81.61322,30.34394],[-81.62174,30.3187],[-81.62982,30.31414],[-81.64762,30.32004],[-81.65861,30.32229],[-81.66409,30.32068],[-81.66791,30.31395],[-81.66822,30.29444],[-81.68412,30.28324],[-81.68032,30.27314],[-81.65812,30.25014],[-81.65184,30.24181],[-81.64913,30.22816],[-81.65072,30.22354],[-81.67963,30.1905],[-81.68172,30.18144],[-81.69052,30.17194],[-81.69022,30.16134],[-81.69182,30.14234],[-81.68021,30.12124],[-81.65051,30.12154],[-81.62369,30.13363],[-81.61231,30.13294],[-81.60121,30.13054],[-81.59051,30.12584],[-81.58088,30.1261],[-81.56779,30.11779],[-81.55999,30.11701],[-81.53901,30.11994],[-81.53871,30.10375],[-81.50426,30.10435],[-81.43465,30.10528],[-81.43392,30.11509],[-81.43693,30.25234],[-81.43009,30.25224]]]},"properties":{"STATEFP":"12","COUNTYFP":"031","COUSUBFP":"91642","COUSUBNS":"02583397","GEOIDFQ":"0600000US1203191642","GEOID":"1203191642","NAME":"Jacksonville East","NAMELSAD":"Jacksonville East CCD","STUSPS":"FL","NAMELSADCO":"Duval County","STATE_NAME":"Florida","LSAD":"22","ALAND":565176843,"AWATER":99126117}},
{"type":"Feature","geometry":{"type":"Polygon","coordinates":[[[-81.04566,27.34067],[-81.07934,27.35701],[-81.08018,27.35796],[-81.16294,27.39886],[-81.19055,27.38139],[-81.1964,27.3803],[-81.21367,27.3805],[-81.22361,27.38295],[-81.23307,27.38035],[-81.2503,27.37893],[-81.25028,27.3805],[-81.26838,27.38124],[-81.27678,27.38594],[-81.28583,27.39675],[-81.34104,27.39542],[-81.35204,27.39342],[-81.36075,27.39575],[-81.3682,27.40036],[-81.37771,27.39491],[-81.37686,27.39061],[-81.37996,27.38173],[-81.38671,27.37643],[-81.39303,27.3741],[-81.40824,27.3722],[-81.41618,27.37525],[-81.42452,27.37639],[-81.42516,27.37931],[-81.41932,27.38436],[-81.4255,27.39203],[-81.42956,27.392],[-81.43418,27.38759],[-81.4448,27.39687],[-81.45032,27.40001],[-81.4559,27.41248],[-81.55748,27.41228],[-81.56379,27.41491],[-81.56406,27.34064],[-81.56298,27.21197],[-81.56313,27.20965],[-81.56231,27.07152],[-81.56262,27.03384],[-81.56253,27.03369],[-81.34266,27.03232],[-81.3418,27.03973],[-81.33301,27.03962],[-81.33301,27.03237],[-81.26722,27.03247],[-81.26733,27.06737],[-81.26768,27.1211],[-81.23023,27.1212],[-81.16828,27.12173],[-81.16914,27.20959],[-81.09451,27.21013],[-80.96182,27.21077],[-80.94068,27.20594],[-80.94361,27.20886],[-80.94606,27.21725],[-80.95561,27.22335],[-80.95746,27.21906],[-80.97114,27.21779],[-80.98178,27.23155],[-80.98254,27.23889],[-80.98193,27.2469],[-80.99262,27.25031],[-80.99747,27.26126],[-80.99968,27.27067],[-80.99723,27.29352],[-81.00307,27.29838],[-81.0041,27.30201],[-81.0134,27.29949],[-81.02467,27.30181],[-81.02879,27.30579],[-81.03041,27.31815],[-81.02983,27.32324],[-81.03774,27.32984],[-81.04222,27.32823],[-81.04612,27.33755],[-81.04566,27.34067]]]},"properties":{"STATEFP":"12","COUNTYFP":"055","COUSUBFP":"91846","COUSUBNS":"01935825","GEOIDFQ":"0600000US1205591846","GEOID":"1205591846","NAME":"Lake Placid","NAMELSAD":"Lake Placid CCD","STUSPS":"FL","NAMELSADCO":"Highlands County","STATE_NAME":"Florida","LSAD":"22","ALAND":1616302669,"AWATER":133483844}},
{"type":"Feature","geometry":{"type":"Polygon","coordinates":[[[-80.0587,26.45434],[-80.05881,26.45543],[-80.05036,26.50955],[-80.0449,26.53797],[-80.04206,26.54545],[-80.04163,26.55445],[-80.03886,26.56935],[-80.03752,26.58586],[-80.04158,26.58635],[-80.04312,26.59381],[-80.06975,26.59464],[-80.06989,26.5873],[-80.09397,26.58816],[-80.17297,26.59039],[-80.17217,26.52795],[-80.17217,26.48375],[-80.17463,26.46875],[-80.17406,26.43895],[-80.1716,26.42407],[-80.07932,26.42454],[-80.07138,26.42074],[-80.06555,26.42055],[-80.06505,26.45456],[-80.0587,26.45434]]]},"properties":{"STATEFP":"12","COUNTYFP":"099","COUSUBFP":"90260","COUSUBNS":"01935701","GEOIDFQ":"0600000US1209990260","GEOID":"1209990260","NAME":"Boynton Beach-Delray Beach","NAMELSAD":"Boynton Beach-Delray Beach CCD","STUSPS":"FL","NAMELSADCO":"Palm Beach County","STATE_NAME":"Florida","LSAD":"22","ALAND":216028881,"AWATER":89451201}},
{"type":"Feature","geometry":{"type":"Polygon","coordinates":[[[-80.44708,27.86076],[-80.44697,27.86195],[-80.45777,27.87989],[-80.46698,27.89648],[-80.49283,27.94053],[-80.50887,27.97048],[-80.53096,28.01366],[-80.54459,28.0423],[-80.5691,28.04185],[-80.55487,28.01716],[-80.55279,28.01246],[-80.54005,27.99089],[-80.53479,27.96863],[-80.51502,27.93029],[-80.49766,27.89497],[-80.49112,27.8848],[-80.48743,27.87369],[-80.47864,27.85462],[-80.4549,27.85464],[-80.44708,27.86076]]]},"properties":{"STATEFP":"12","COUNTYFP":"009","COUSUBFP":"92119","COUSUBNS":"01935848","GEOIDFQ":"0600000US1200992119","GEOID":"1200992119","NAME":"Melbourne Shores-Floridana Beach","NAMELSAD":"Melbourne Shores-Floridana Beach CCD","STUSPS":"FL","NAMELSADCO":"Brevard County","STATE_NAME":"Florida","LSAD":"22","ALAND":17302465,"AWATER":164028087}},
{"type":"Feature","geometry":{"type":"Polygon","coordinates":[[[-86.928,30.68687],[-86.91899,30.68722],[-86.91836,30.67596],[-86.92085,30.66982],[-86.9179,30.66784],[-86.91606,30.63492],[-86.89615,30.63492],[-86.89635,30.62838],[-86.86133,30.62713],[-86.86227,30.60867],[-86.85785,30.61443],[-86.85775,30.61978],[-86.84475,30.61972],[-86.84354,30.61247],[-86.83763,30.6098],[-86.82472,30.61527],[-86.82469,30.62148],[-86.81643,30.62362],[-86.79358,30.63665],[-86.79285,30.66375],[-86.79184,30.72427],[-86.80729,30.71622],[-86.81881,30.71764],[-86.82236,30.71395],[-86.83081,30.71175],[-86.83356,30.70858],[-86.85226,30.70844],[-86.86033,30.71206],[-86.8625,30.70923],[-86.87366,30.70805],[-86.88018,30.70592],[-86.89529,30.69648],[-86.90549,30.69528],[-86.91027,30.6969],[-86.91818,30.69141],[-86.928,30.68687]]]},"properties":{"STATEFP":"12","COUNTYFP":"113","COUSUBFP":"91436","COUSUBNS":"02583394","GEOIDFQ":"0600000US1211391436","GEOID":"1211391436","NAME":"Harold","NAMELSAD":"Harold CCD","STUSPS":"FL","NAMELSADCO":"Santa Rosa County","STATE_NAME":"Florida","LSAD":"22","ALAND":109883723,"AWATER":734489}},
{"type":"Feature","geometry":{"type":"Polygon","coordinates":[[[-80.29317,25.92502],[-80.27673,25.92513],[-80.21419,25.9275],[-80.20498,25.93453],[-80.20622,25.97265],[-80.24692,25.97187],[-80.2951,25.97057],[-80.29498,25.95693],[-80.29317,25.92502]]]},"properties":{"STATEFP":"12","COUNTYFP":"086","COUSUBFP":"92175","COUSUBNS":"01935874","GEOIDFQ":"0600000US1208692175","GEOID":"1208692175","NAME":"Miami Gardens","NAMELSAD":"Miami Gardens CCD","STUSPS":"FL","NAMELSADCO":"Miami-Dade County","STATE_NAME":"Florida","LSAD":"22","ALAND":42531716,"AWATER":1954302}},
{"type":"Feature","geometry":{"type":"Polygon","coordinates":[[[-80.6713,28.04908],[-80.67136,28.04292],[-80.72833,28.04241],[-80.72885,28.01344],[-80.74516,28.01346],[-80.74537,27.99891],[-80.72088,27.99897],[-80.72047,27.99104],[-80.72109,27.96558],[-80.72117,27.9378],[-80.7206,27.91051],[-80.62318,27.91015],[-80.62245,27.97919],[-80.62192,27.99126],[-80.61433,27.99106],[-80.614,27.99839],[-80.6099,28.00194],[-80.60166,28.00184],[-80.60155,28.01279],[-80.55279,28.01246],[-80.55487,28.01716],[-80.5691,28.04185],[-80.58188,28.0637],[-80.59853,28.0638],[-80.59497,28.05648],[-80.6049,28.05662],[-80.60522,28.04209],[-80.62156,28.04234],[-80.62165,28.03516],[-80.65649,28.03535],[-80.66187,28.04274],[-80.6713,28.04908]]]},"properties":{"STATEFP":"12","COUNTYFP":"009","COUSUBFP":"92587","COUSUBNS":"01935886","GEOIDFQ":"0600000US1200992587","GEOID":"1200992587","NAME":"Palm Bay","NAMELSAD":"Palm Bay CCD","STUSPS":"FL","NAMELSADCO":"Brevard County","STATE_NAME":"Florida","LSAD":"22","ALAND":167003209,"AWATER":8228610}},
{"type":"Feature","geometry":{"type":"Polygon","coordinates":[[[-84.99228,30.51932],[-84.97372,30.55299],[-84.96222,30.56359],[-84.96532,30.57159],[-84.96582,30.57899],[-84.96212,30.58249],[-84.95132,30.57859],[-84.94432,30.58169],[-84.94582,30.59139],[-84.94492,30.59549],[-84.93582,30.60029],[-84.93252,30.60639],[-85.01317,30.6061],[-85.09715,30.60739],[-85.16771,30.60803],[-85.16746,30.59506],[-85.17131,30.59043],[-85.17242,30.58518],[-85.16924,30.58096],[-85.17309,30.57767],[-85.17359,30.56904],[-85.17189,30.56434],[-85.17626,30.55877],[-85.16964,30.54711],[-85.16296,30.52675],[-85.15665,30.51875],[-85.16239,30.51879],[-85.15801,30.51193],[-85.15704,30.50396],[-85.16156,30.49452],[-85.16501,30.49271],[-85.16664,30.48555],[-85.15802,30.47363],[-85.15959,30.46469],[-85.14833,30.466],[-85.14087,30.47787],[-85.14189,30.49217],[-85.14062,30.5055],[-85.1184,30.50553],[-85.11338,30.50633],[-85.1031,30.5019],[-85.08565,30.4983],[-85.07297,30.50259],[-85.06328,30.50358],[-85.04668,30.50208],[-85.04996,30.51788],[-85.04307,30.51901],[-85.03838,30.52629],[-85.03228,30.52892],[-85.02127,30.52503],[-85.00752,30.52522],[-85.00247,30.522],[-84.99228,30.51932]]]},"properties":{"STATEFP":"12","COUNTYFP":"013","COUSUBFP":"90026","COUSUBNS":"01935683","GEOIDFQ":"0600000US1201390026","GEOID":"1201390026","NAME":"Altha","NAMELSAD":"Altha CCD","STUSPS":"FL","NAMELSADCO":"Calhoun County","STATE_NAME":"Florida","LSAD":"22","ALAND":211049776,"AWATER":2562901}},
{"type":"Feature","geometry":{"type":"Polygon","coordinates":[[[-84.74142,30.46031],[-84.72388,30.48374],[-84.71692,30.49936],[-84.70987,30.50919],[-84.69691,30.51678],[-84.68963,30.52416],[-84.68446,30.53497],[-84.67688,30.54276],[-84.67713,30.5608],[-84.67331,30.57058],[-84.67218,30.58727],[-84.66968,30.59281],[-84.67758,30.59221],[-84.7072,30.59483],[-84.71516,30.59331],[-84.72131,30.59558],[-84.73699,30.59683],[-84.74528,30.59724],[-84.76419,30.59397],[-84.774,30.59395],[-84.7803,30.59545],[-84.78271,30.58617],[-84.79499,30.58102],[-84.80712,30.57912],[-84.81477,30.57942],[-84.83191,30.58473],[-84.83868,30.58873],[-84.84836,30.59062],[-84.86363,30.58895],[-84.87299,30.58433],[-84.88332,30.58317],[-84.88332,30.56219],[-84.88262,30.53309],[-84.81582,30.53309],[-84.81562,30.51849],[-84.78181,30.51869],[-84.78179,30.51673],[-84.78111,30.45979],[-84.74142,30.46031]]]},"properties":{"STATEFP":"12","COUNTYFP":"039","COUSUBFP":"91313","COUSUBNS":"01935783","GEOIDFQ":"0600000US1203991313","GEOID":"1203991313","NAME":"Greensboro","NAMELSAD":"Greensboro CCD","STUSPS":"FL","NAMELSADCO":"Gadsden County","STATE_NAME":"Florida","LSAD":"22","ALAND":181893904,"AWATER":235182}},
{"type":"Feature","geometry":{"type":"Polygon","coordinates":[[[-85.61901,30.74387],[-85.62067,30.76382],[-85.61994,30.77174],[-85.61595,30.77626],[-85.61388,30.78268],[-85.60332,30.79628],[-85.59866,30.81886],[-85.59993,30.83055],[-85.59643,30.84855],[-85.59624,30.85401],[-85.59219,30.86454],[-85.5841,30.87446],[-85.58389,30.88202],[-85.57803,30.89121],[-85.57557,30.8986],[-85.57182,30.90068],[-85.56483,30.90984],[-85.55912,30.91393],[-85.55577,30.92073],[-85.56097,30.92216],[-85.5688,30.91761],[-85.58607,30.91793],[-85.5902,30.91533],[-85.59034,30.91071],[-85.60196,30.90954],[-85.60705,30.90609],[-85.62675,30.90748],[-85.63453,30.91121],[-85.64318,30.91791],[-85.65501,30.9246],[-85.66349,30.92385],[-85.67726,30.92574],[-85.6852,30.92448],[-85.69412,30.92566],[-85.70226,30.9249],[-85.70598,30.92215],[-85.72004,30.92416],[-85.74522,30.92484],[-85.76348,30.9131],[-85.76983,30.90751],[-85.782,30.90562],[-85.79271,30.90596],[-85.80317,30.91288],[-85.80787,30.91007],[-85.82338,30.90429],[-85.8297,30.89662],[-85.83412,30.88872],[-85.83554,30.90436],[-85.83749,30.90796],[-85.84356,30.91122],[-85.85233,30.90778],[-85.85839,30.91126],[-85.86324,30.91172],[-85.87048,30.90603],[-85.87195,30.90211],[-85.87743,30.89927],[-85.8756,30.88903],[-85.88051,30.87983],[-85.87802,30.87581],[-85.88333,30.87384],[-85.88598,30.86772],[-85.8833,30.86403],[-85.88624,30.86022],[-85.88253,30.85422],[-85.88449,30.84423],[-85.87657,30.83822],[-85.87761,30.83428],[-85.87,30.83022],[-85.8729,30.82612],[-85.85106,30.81993],[-85.846,30.81502],[-85.83901,30.81449],[-85.84012,30.80685],[-85.82899,30.8024],[-85.8302,30.7978],[-85.82467,30.7954],[-85.82162,30.79078],[-85.75193,30.78961],[-85.75198,30.77571],[-85.73511,30.77529],[-85.73605,30.74637],[-85.68515,30.74458],[-85.63325,30.74441],[-85.61901,30.74387]]]},"properties":{"STATEFP":"12","COUNTYFP":"059","COUSUBFP":"90221","COUSUBNS":"01935698","GEOIDFQ":"0600000US1205990221","GEOID":"1205990221","NAME":"Bonifay","NAMELSAD":"Bonifay CCD","STUSPS":"FL","NAMELSADCO":"Holmes County","STATE_NAME":"Florida","LSAD":"22","ALAND":419056098,"AWATER":6765542}},
{"type":"Feature","geometry":{"type":"Polygon","coordinates":[[[-85.38175,30.99874],[-85.38998,30.9973],[-85.39783,30.99208],[-85.40014,30.98757],[-85.4059,30.98467],[-85.41338,30.98358],[-85.42195,30.97589],[-85.42573,30.97507],[-85.42698,30.96808],[-85.43065,30.96511],[-85.43152,30.95971],[-85.42931,30.95306],[-85.44661,30.95309],[-85.45475,30.94974],[-85.46467,30.95034],[-85.46262,30.94091],[-85.46347,30.93612],[-85.45424,30.93501],[-85.45278,30.92912],[-85.45358,30.91501],[-85.45542,30.90895],[-85.45538,30.89963],[-85.44422,30.9036],[-85.43867,30.90707],[-85.4331,30.90217],[-85.42147,30.90203],[-85.41249,30.89557],[-85.39608,30.89456],[-85.39042,30.89119],[-85.36772,30.88734],[-85.35848,30.86709],[-85.34668,30.845],[-85.34663,30.84148],[-85.32817,30.82425],[-85.32404,30.82153],[-85.30021,30.81173],[-85.27918,30.80382],[-85.27898,30.81351],[-85.27536,30.81391],[-85.26982,30.82037],[-85.26197,30.82023],[-85.26176,30.83646],[-85.26519,30.84929],[-85.25864,30.85237],[-85.2541,30.85722],[-85.25539,30.86167],[-85.2516,30.86642],[-85.2542,30.87258],[-85.26215,30.87876],[-85.26342,30.88489],[-85.27165,30.89103],[-85.27356,30.90003],[-85.26949,30.90876],[-85.27887,30.91499],[-85.28187,30.92064],[-85.29655,30.93637],[-85.3032,30.94013],[-85.30688,30.95457],[-85.31073,30.96048],[-85.30871,30.96566],[-85.3112,30.97175],[-85.30875,30.97749],[-85.31166,30.98004],[-85.31428,30.98814],[-85.31914,30.99211],[-85.32189,30.99804],[-85.32892,30.99956],[-85.38175,30.99874]]]},"properties":{"STATEFP":"12","COUNTYFP":"063","COUSUBFP":"90377","COUSUBNS":"01935710","GEOIDFQ":"0600000US1206390377","GEOID":"1206390377","NAME":"Campbellton","NAMELSAD":"Campbellton CCD","STUSPS":"FL","NAMELSADCO":"Jackson County","STATE_NAME":"Florida","LSAD":"22","ALAND":226122978,"AWATER":2997738}},
{"type":"Feature","geometry":{"type":"Polygon","coordinates":[[[-85.43289,30.70114],[-85.41781,30.70717],[-85.40084,30.71192],[-85.39374,30.71555],[-85.38772,30.72457],[-85.3823,30.7264],[-85.36652,30.7289],[-85.36233,30.73051],[-85.34047,30.73404],[-85.31195,30.7444],[-85.29497,30.74659],[-85.29299,30.74848],[-85.2926,30.77226],[-85.29657,30.77436],[-85.29661,30.78454],[-85.33921,30.78495],[-85.33833,30.80792],[-85.33163,30.80681],[-85.30028,30.80649],[-85.30021,30.81173],[-85.32404,30.82153],[-85.32817,30.82425],[-85.34663,30.84148],[-85.34668,30.845],[-85.35848,30.86709],[-85.36772,30.88734],[-85.39042,30.89119],[-85.39608,30.89456],[-85.41249,30.89557],[-85.42147,30.90203],[-85.4331,30.90217],[-85.43867,30.90707],[-85.44422,30.9036],[-85.45538,30.89963],[-85.46206,30.89522],[-85.47316,30.88254],[-85.47398,30.87599],[-85.46719,30.86949],[-85.46414,30.86319],[-85.46516,30.85056],[-85.46897,30.84728],[-85.4661,30.84357],[-85.46832,30.8302],[-85.48228,30.82951],[-85.48272,30.78589],[-85.43227,30.78546],[-85.43267,30.72847],[-85.43289,30.70114]]]},"properties":{"STATEFP":"12","COUNTYFP":"063","COUSUBFP":"90650","COUSUBNS":"01935731","GEOIDFQ":"0600000US1206390650","GEOID":"1206390650","NAME":"Cottondale","NAMELSAD":"Cottondale CCD","STUSPS":"FL","NAMELSADCO":"Jackson County","STATE_NAME":"Florida","LSAD":"22","ALAND":224222043,"AWATER":13984015}},
{"type":"Feature","geometry":{"type":"Polygon","coordinates":[[[-85.2516,30.86642],[-85.23603,30.86551],[-85.23265,30.86412],[-85.21237,30.8635],[-85.21262,30.84217],[-85.20674,30.82687],[-85.21067,30.81517],[-85.20589,30.81252],[-85.17489,30.81213],[-85.16748,30.82994],[-85.16596,30.84102],[-85.12945,30.8408],[-85.10651,30.84204],[-85.12521,30.79191],[-85.11878,30.79215],[-85.10635,30.79607],[-85.08649,30.80094],[-85.07745,30.80449],[-85.06044,30.80333],[-85.03383,30.80373],[-85.0179,30.80169],[-85.01042,30.80333],[-84.99383,30.80436],[-84.97527,30.804],[-84.95448,30.79789],[-84.94056,30.79806],[-84.93971,30.79616],[-84.92879,30.79587],[-84.92792,30.80279],[-84.93092,30.81049],[-84.93742,30.82089],[-84.93574,30.83396],[-84.93232,30.83809],[-84.92696,30.83919],[-84.92782,30.84789],[-84.93322,30.85149],[-84.93662,30.85899],[-84.93312,30.86589],[-84.93932,30.87149],[-84.93922,30.87489],[-84.93432,30.88189],[-84.9349,30.88453],[-84.94252,30.88849],[-84.94962,30.89739],[-84.95612,30.90759],[-84.96673,30.91729],[-84.97103,30.92819],[-84.98063,30.93269],[-84.98363,30.93699],[-84.98223,30.94689],[-84.97963,30.95469],[-84.98253,30.96559],[-84.98803,30.96879],[-85.00403,30.97347],[-85.00593,30.97735],[-85.0256,30.97611],[-85.01791,30.96399],[-85.01671,30.95958],[-85.017,30.94442],[-85.01944,30.92418],[-85.02601,30.91967],[-85.0434,30.92011],[-85.04448,30.9163],[-85.05161,30.91284],[-85.08093,30.91344],[-85.16081,30.91349],[-85.16108,30.899],[-85.17394,30.89912],[-85.17766,30.90261],[-85.18641,30.90187],[-85.19441,30.90751],[-85.19465,30.91035],[-85.20633,30.9104],[-85.21853,30.91309],[-85.22767,30.91133],[-85.23301,30.91806],[-85.23634,30.9352],[-85.23849,30.93982],[-85.23969,30.95188],[-85.25332,30.94831],[-85.27486,30.9447],[-85.28678,30.94411],[-85.29655,30.93637],[-85.28187,30.92064],[-85.27887,30.91499],[-85.26949,30.90876],[-85.27356,30.90003],[-85.27165,30.89103],[-85.26342,30.88489],[-85.26215,30.87876],[-85.2542,30.87258],[-85.2516,30.86642]]]},"properties":{"STATEFP":"12","COUNTYFP":"063","COUSUBFP":"91339","COUSUBNS":"01935785","GEOIDFQ":"0600000US1206391339","GEOID":"1206391339","NAME":"Greenwood","NAMELSAD":"Greenwood CCD","STUSPS":"FL","NAMELSADCO":"Jackson County","STATE_NAME":"Florida","LSAD":"22","ALAND":350759265,"AWATER":15110220}},
{"type":"Feature","geometry":{"type":"Polygon","coordinates":[[[-85.64513,30.67855],[-85.63333,30.68141],[-85.62234,30.67687],[-85.61102,30.67848],[-85.60236,30.68149],[-85.59156,30.68896],[-85.58583,30.69148],[-85.57676,30.69219],[-85.56969,30.69501],[-85.55521,30.69467],[-85.54781,30.69707],[-85.53739,30.69434],[-85.53328,30.69748],[-85.52304,30.7002],[-85.5154,30.70478],[-85.50983,30.7142],[-85.51195,30.72149],[-85.50645,30.72974],[-85.4998,30.73253],[-85.4999,30.72383],[-85.47631,30.72353],[-85.46882,30.72712],[-85.4591,30.72694],[-85.45124,30.73141],[-85.43267,30.72847],[-85.43227,30.78546],[-85.48272,30.78589],[-85.48228,30.82951],[-85.59993,30.83055],[-85.59866,30.81886],[-85.60332,30.79628],[-85.61388,30.78268],[-85.61595,30.77626],[-85.61994,30.77174],[-85.62067,30.76382],[-85.61901,30.74387],[-85.6172,30.73508],[-85.62231,30.72108],[-85.62647,30.71571],[-85.62542,30.709],[-85.63762,30.69761],[-85.64524,30.68765],[-85.64513,30.67855]]]},"properties":{"STATEFP":"12","COUNTYFP":"133","COUSUBFP":"90546","COUSUBNS":"01935723","GEOIDFQ":"0600000US1213390546","GEOID":"1213390546","NAME":"Chipley","NAMELSAD":"Chipley CCD","STUSPS":"FL","NAMELSADCO":"Washington County","STATE_NAME":"Florida","LSAD":"22","ALAND":211599587,"AWATER":7085294}},
{"type":"Feature","geometry":{"type":"Polygon","coordinates":[[[-84.39741,30.48501],[-84.3821,30.48366],[-84.36321,30.47946],[-84.35752,30.47841],[-84.32716,30.47849],[-84.30891,30.48254],[-84.29525,30.48644],[-84.27725,30.49317],[-84.2775,30.51552],[-84.2916,30.51683],[-84.29543,30.51295],[-84.3088,30.5118],[-84.3142,30.5145],[-84.319,30.5274],[-84.3288,30.5336],[-84.3368,30.5353],[-84.34597,30.53385],[-84.35843,30.52853],[-84.36983,30.53854],[-84.37484,30.54644],[-84.38423,30.55383],[-84.38828,30.54933],[-84.38747,30.54498],[-84.39159,30.53149],[-84.3883,30.52622],[-84.39066,30.52144],[-84.39855,30.51215],[-84.4038,30.50989],[-84.40313,30.50205],[-84.40053,30.49409],[-84.39633,30.4899],[-84.39741,30.48501]]]},"properties":{"STATEFP":"12","COUNTYFP":"073","COUSUBFP":"92463","COUSUBNS":"01935876","GEOIDFQ":"0600000US1207392463","GEOID":"1207392463","NAME":"Northwest Leon","NAMELSAD":"Northwest Leon CCD","STUSPS":"FL","NAMELSADCO":"Leon County","STATE_NAME":"Florida","LSAD":"22","ALAND":53656707,"AWATER":6146518}},
{"type":"Feature","geometry":{"type":"Polygon","coordinates":[[[-84.25162,30.41203],[-84.23504,30.41261],[-84.23435,30.41667],[-84.22903,30.42075],[-84.22686,30.42745],[-84.22656,30.45419],[-84.22802,30.46338],[-84.23668,30.47817],[-84.25307,30.46682],[-84.25987,30.4631],[-84.26266,30.45633],[-84.26173,30.43693],[-84.25604,30.43489],[-84.24952,30.4284],[-84.25162,30.41203]]]},"properties":{"STATEFP":"12","COUNTYFP":"073","COUSUBFP":"93302","COUSUBNS":"01935945","GEOIDFQ":"0600000US1207393302","GEOID":"1207393302","NAME":"Tallahassee East","NAMELSAD":"Tallahassee East CCD","STUSPS":"FL","NAMELSADCO":"Leon County","STATE_NAME":"Florida","LSAD":"22","ALAND":18178369,"AWATER":153017}},
{"type":"Feature","geometry":{"type":"Polygon","coordinates":[[[-82.53486,29.21468],[-82.44005,29.21523],[-82.40324,29.21562],[-82.40459,29.27886],[-82.40519,29.31518],[-82.40559,29.38865],[-82.40553,29.429],[-82.40694,29.42902],[-82.40662,29.48505],[-82.41293,29.48509],[-82.4477,29.48539],[-82.4666,29.48507],[-82.49625,29.4855],[-82.49633,29.47837],[-82.55677,29.48006],[-82.55651,29.51198],[-82.55711,29.53747],[-82.58917,29.53785],[-82.63621,29.53605],[-82.65633,29.53562],[-82.6563,29.56481],[-82.75646,29.56247],[-82.75687,29.57768],[-82.77302,29.57765],[-82.77291,29.58488],[-82.7926,29.58468],[-82.78575,29.58026],[-82.74889,29.53735],[-82.72801,29.5019],[-82.71886,29.49463],[-82.70561,29.49018],[-82.71103,29.47949],[-82.71359,29.4787],[-82.71615,29.46817],[-82.71167,29.45558],[-82.70573,29.44321],[-82.71626,29.43651],[-82.72207,29.4299],[-82.72184,29.41994],[-82.72416,29.41505],[-82.72934,29.41063],[-82.72866,29.40258],[-82.73152,29.40003],[-82.73106,29.38627],[-82.73704,29.3804],[-82.7393,29.37534],[-82.73656,29.36797],[-82.73295,29.36566],[-82.73694,29.3592],[-82.73475,29.35456],[-82.69839,29.395],[-82.68626,29.39208],[-82.68408,29.38924],[-82.66471,29.39132],[-82.66013,29.39332],[-82.65208,29.39245],[-82.63817,29.39415],[-82.63259,29.38596],[-82.62442,29.39023],[-82.61592,29.40102],[-82.61068,29.38796],[-82.61033,29.37013],[-82.59322,29.29887],[-82.58254,29.26502],[-82.58191,29.26055],[-82.58262,29.2085],[-82.57476,29.21065],[-82.56949,29.21475],[-82.53486,29.21468]]]},"properties":{"STATEFP":"12","COUNTYFP":"075","COUSUBFP":"93679","COUSUBNS":"01935975","GEOIDFQ":"0600000US1207593679","GEOID":"1207593679","NAME":"Williston-Bronson","NAMELSAD":"Williston-Bronson CCD","STUSPS":"FL","NAMELSADCO":"Levy County","STATE_NAME":"Florida","LSAD":"22","ALAND":788406337,"AWATER":21325414}},
{"type":"Feature","geometry":{"type":"Polygon","coordinates":[[[-86.5796,30.8721],[-86.57504,30.86793],[-86.57007,30.86694],[-86.56101,30.86891],[-86.55429,30.87753],[-86.55094,30.87802],[-86.54192,30.88596],[-86.53723,30.88449],[-86.52905,30.88711],[-86.52628,30.89174],[-86.52048,30.89587],[-86.51589,30.89053],[-86.50851,30.88825],[-86.50665,30.89408],[-86.4956,30.89917],[-86.49058,30.90371],[-86.48818,30.90997],[-86.4637,30.90966],[-86.46077,30.8986],[-86.45442,30.88752],[-86.45134,30.8762],[-86.44582,30.87224],[-86.44572,30.86907],[-86.44054,30.86379],[-86.44397,30.84967],[-86.43419,30.84201],[-86.42165,30.82744],[-86.42201,30.81787],[-86.41872,30.81294],[-86.4079,30.81032],[-86.3982,30.80032],[-86.39722,30.81034],[-86.39093,30.8128],[-86.39004,30.86633],[-86.38928,30.87714],[-86.3886,30.94773],[-86.38865,30.99418],[-86.4547,30.99379],[-86.45832,30.994],[-86.51994,30.99325],[-86.54249,30.99427],[-86.5464,30.98569],[-86.55432,30.97695],[-86.55576,30.97097],[-86.55308,30.96516],[-86.55602,30.96269],[-86.55132,30.95024],[-86.55509,30.94259],[-86.55305,30.93807],[-86.55656,30.92849],[-86.56091,30.92311],[-86.55962,30.91614],[-86.5567,30.9125],[-86.55997,30.90918],[-86.56519,30.89226],[-86.57709,30.88399],[-86.5796,30.8721]]]},"properties":{"STATEFP":"12","COUNTYFP":"091","COUSUBFP":"91885","COUSUBNS":"01935828","GEOIDFQ":"0600000US1209191885","GEOID":"1209191885","NAME":"Laurel Hill","NAMELSAD":"Laurel Hill CCD","STUSPS":"FL","NAMELSADCO":"Okaloosa County","STATE_NAME":"Florida","LSAD":"22","ALAND":220545783,"AWATER":2122209}},
{"type":"Feature","geometry":{"type":"Polygon","coordinates":[[[-82.7707,27.79604],[-82.78404,27.78227],[-82.78005,27.77483],[-82.77048,27.76627],[-82.76092,27.74521],[-82.75372,27.73631],[-82.74664,27.73019],[-82.74032,27.71821],[-82.73802,27.70681],[-82.73839,27.68368],[-82.74125,27.67696],[-82.73399,27.67919],[-82.73141,27.69431],[-82.72526,27.69777],[-82.72317,27.71345],[-82.72414,27.72152],[-82.73304,27.73972],[-82.73826,27.74382],[-82.74832,27.7468],[-82.75743,27.75854],[-82.7533,27.76671],[-82.75345,27.77496],[-82.76078,27.7891],[-82.7707,27.79604]]]},"properties":{"STATEFP":"12","COUNTYFP":"103","COUSUBFP":"93036","COUSUBNS":"01935921","GEOIDFQ":"0600000US1210393036","GEOID":"1210393036","NAME":"St. Pete Beach","NAMELSAD":"St. Pete Beach CCD","STUSPS":"FL","NAMELSADCO":"Pinellas County","STATE_NAME":"Florida","LSAD":"22","ALAND":9470971,"AWATER":251940091}},
{"type":"Feature","geometry":{"type":"MultiPolygon","coordinates":[[[[-82.64856,28.03863],[-82.64915,28.0989],[-82.6506,28.14493],[-82.65117,28.17327],[-82.79277,28.17298],[-82.79785,28.17235],[-82.79398,28.16087],[-82.78518,28.14242],[-82.78132,28.12759],[-82.78391,28.12413],[-82.77831,28.12159],[-82.78148,28.11746],[-82.78116,28.11251],[-82.78358,28.10537],[-82.78034,28.09706],[-82.78368,28.0799],[-82.77887,28.07638],[-82.7792,28.07278],[-82.78657,28.06523],[-82.78348,28.06062],[-82.78348,28.05265],[-82.79604,28.05265],[-82.79152,28.04862],[-82.78902,28.04858],[-82.78522,28.05092],[-82.77822,28.04888],[-82.7694,28.04996],[-82.76368,28.04876],[-82.74718,28.04868],[-82.72988,28.05011],[-82.7258,28.04905],[-82.70709,28.04897],[-82.69961,28.03946],[-82.6914,28.03386],[-82.68843,28.02882],[-82.677,28.03293],[-82.66535,28.0281],[-82.66583,28.01908],[-82.66765,28.01635],[-82.66412,28.00934],[-82.66497,28.00133],[-82.65788,28.00017],[-82.65489,28.00943],[-82.65745,28.01369],[-82.65513,28.01677],[-82.64853,28.01813],[-82.64856,28.03863]]],[[[-82.84805,28.17172],[-82.8466,28.16531],[-82.8404,28.16686],[-82.84303,28.17173],[-82.84805,28.17172]]],[[[-82.84337,28.11954],[-82.84274,28.11123],[-82.83838,28.11346],[-82.83981,28.11933],[-82.84337,28.11954]]]]},"properties":{"STATEFP":"12","COUNTYFP":"103","COUSUBFP":"93380","COUSUBNS":"01935952","GEOIDFQ":"0600000US1210393380","GEOID":"1210393380","NAME":"Tarpon Springs","NAMELSAD":"Tarpon Springs CCD","STUSPS":"FL","NAMELSADCO":"Pinellas County","STATE_NAME":"Florida","LSAD":"22","ALAND":175006242,"AWATER":263984470}},
{"type":"Feature","geometry":{"type":"Polygon","coordinates":[[[-81.6809,29.32443],[-81.54087,29.35656],[-81.52176,29.36219],[-81.51804,29.36187],[-81.45089,29.37846],[-81.44589,29.38014],[-81.44155,29.38508],[-81.43985,29.39144],[-81.43399,29.39855],[-81.43879,29.39715],[-81.45169,29.39015],[-81.455,29.38965],[-81.46809,29.39225],[-81.47629,29.39615],[-81.48009,29.40475],[-81.48039,29.41395],[-81.48599,29.42415],[-81.48669,29.44555],[-81.49069,29.45415],[-81.50111,29.46882],[-81.51523,29.48672],[-81.52051,29.4921],[-81.52507,29.5],[-81.53826,29.51017],[-81.54433,29.52334],[-81.55677,29.53228],[-81.55775,29.54265],[-81.57102,29.55014],[-81.56735,29.55513],[-81.57547,29.5639],[-81.58195,29.56446],[-81.58598,29.56227],[-81.59222,29.56549],[-81.59331,29.56872],[-81.60084,29.57076],[-81.6137,29.57054],[-81.61617,29.57403],[-81.6262,29.57748],[-81.62759,29.58318],[-81.62124,29.58917],[-81.62172,29.59149],[-81.63511,29.59159],[-81.63962,29.59513],[-81.65142,29.59878],[-81.6576,29.59625],[-81.66665,29.59627],[-81.67015,29.59166],[-81.67465,29.5908],[-81.67948,29.59519],[-81.68451,29.59241],[-81.6832,29.58665],[-81.68629,29.57771],[-81.68978,29.57594],[-81.69597,29.56675],[-81.69952,29.55907],[-81.6989,29.55124],[-81.70346,29.54375],[-81.70023,29.5375],[-81.68866,29.53398],[-81.68161,29.52556],[-81.67841,29.51908],[-81.67898,29.50526],[-81.68441,29.49825],[-81.6854,29.49189],[-81.67682,29.48556],[-81.67644,29.48267],[-81.68171,29.47227],[-81.68792,29.46709],[-81.69575,29.47445],[-81.70377,29.47435],[-81.71159,29.47945],[-81.73063,29.48335],[-81.7482,29.47523],[-81.76106,29.47513],[-81.7695,29.47229],[-81.77594,29.47578],[-81.7749,29.42925],[-81.74183,29.42994],[-81.74131,29.40439],[-81.74142,29.37105],[-81.69611,29.37098],[-81.66852,29.3717],[-81.66114,29.36006],[-81.66125,29.35296],[-81.65772,29.34803],[-81.66402,29.34124],[-81.6754,29.33865],[-81.6804,29.3304],[-81.6809,29.32443]]]},"properties":{"STATEFP":"12","COUNTYFP":"107","COUSUBFP":"90663","COUSUBNS":"01935732","GEOIDFQ":"0600000US1210790663","GEOID":"1210790663","NAME":"Crescent City","NAMELSAD":"Crescent City CCD","STUSPS":"FL","NAMELSADCO":"Putnam County","STATE_NAME":"Florida","LSAD":"22","ALAND":404936860,"AWATER":111893659}},
{"type":"Feature","geometry":{"type":"Polygon","coordinates":[[[-80.16711,26.95663],[-80.14201,26.95664],[-80.14176,26.97094],[-80.07995,26.97052],[-80.08617,26.98707],[-80.09391,27.01859],[-80.11677,27.0724],[-80.13374,27.10186],[-80.14208,27.11979],[-80.14529,27.13219],[-80.15072,27.1473],[-80.15756,27.16313],[-80.15659,27.16456],[-80.17326,27.16507],[-80.17658,27.16684],[-80.18979,27.16637],[-80.19547,27.17144],[-80.20169,27.17057],[-80.20638,27.17241],[-80.22235,27.17313],[-80.22175,27.16798],[-80.24686,27.15829],[-80.25183,27.15887],[-80.25841,27.15351],[-80.26125,27.14702],[-80.25987,27.14409],[-80.26648,27.13256],[-80.26596,27.12573],[-80.27162,27.11867],[-80.27478,27.11764],[-80.26883,27.10904],[-80.2565,27.09378],[-80.24185,27.06113],[-80.23981,27.05446],[-80.2394,27.04132],[-80.23722,27.03284],[-80.23183,27.02581],[-80.19513,26.99376],[-80.19195,26.99059],[-80.16711,26.95663]]]},"properties":{"STATEFP":"12","COUNTYFP":"085","COUSUBFP":"92873","COUSUBNS":"01935908","GEOIDFQ":"0600000US1208592873","GEOID":"1208592873","NAME":"Port Salerno-Hobe Sound","NAMELSAD":"Port Salerno-Hobe Sound CCD","STUSPS":"FL","NAMELSADCO":"Martin County","STATE_NAME":"Florida","LSAD":"22","ALAND":248776626,"AWATER":147736766}},
{"type":"Feature","geometry":{"type":"Polygon","coordinates":[[[-81.07557,29.15553],[-81.02868,29.17535],[-80.9986,29.18773],[-81.00798,29.20536],[-81.01658,29.21819],[-81.02359,29.23269],[-81.02678,29.2285],[-81.03364,29.22552],[-81.03568,29.22921],[-81.0493,29.22347],[-81.05793,29.239],[-81.10301,29.22006],[-81.08859,29.17852],[-81.07557,29.15553]]]},"properties":{"STATEFP":"12","COUNTYFP":"127","COUSUBFP":"90780","COUSUBNS":"01935741","GEOIDFQ":"0600000US1212790780","GEOID":"1212790780","NAME":"Daytona Beach","NAMELSAD":"Daytona Beach CCD","STUSPS":"FL","NAMELSADCO":"Volusia County","STATE_NAME":"Florida","LSAD":"22","ALAND":53601746,"AWATER":2227265}},
{"type":"Feature","geometry":{"type":"Polygon","coordinates":[[[-81.36076,28.97678],[-81.35555,28.97575],[-81.34167,28.98386],[-81.29942,28.9844],[-81.29889,28.97408],[-81.28399,28.97178],[-81.25752,28.95525],[-81.24211,29.00382],[-81.23973,29.00878],[-81.19877,29.05226],[-81.20414,29.06304],[-81.21694,29.06296],[-81.2173,29.09989],[-81.23016,29.10779],[-81.23649,29.10812],[-81.25371,29.11549],[-81.26142,29.11808],[-81.26846,29.11799],[-81.27635,29.12842],[-81.27969,29.12378],[-81.28485,29.12112],[-81.28757,29.12886],[-81.29111,29.13065],[-81.30465,29.12854],[-81.31772,29.13011],[-81.31775,29.13746],[-81.3715,29.13688],[-81.38644,29.13349],[-81.39394,29.13057],[-81.40494,29.12218],[-81.40037,29.1149],[-81.40407,29.11176],[-81.42259,29.10421],[-81.42858,29.10815],[-81.43245,29.11466],[-81.43993,29.10844],[-81.44793,29.111],[-81.45625,29.10909],[-81.4664,29.10875],[-81.46707,29.11074],[-81.48758,29.10644],[-81.5,29.10742],[-81.5028,29.10627],[-81.50032,29.1025],[-81.50205,29.0978],[-81.492,29.09554],[-81.48884,29.09319],[-81.47531,29.09444],[-81.47033,29.0968],[-81.45916,29.09422],[-81.45461,29.08346],[-81.46048,29.07826],[-81.4607,29.07466],[-81.45576,29.07155],[-81.45529,29.06307],[-81.4467,29.06232],[-81.43632,29.04804],[-81.43221,29.04442],[-81.42579,29.04481],[-81.41875,29.03799],[-81.41538,29.03836],[-81.41092,29.03235],[-81.40285,29.03247],[-81.38773,29.01619],[-81.38819,29.01069],[-81.38077,29.0074],[-81.37815,28.99894],[-81.37295,28.9931],[-81.36441,28.99273],[-81.35839,28.98937],[-81.35468,28.98481],[-81.36076,28.97678]]]},"properties":{"STATEFP":"12","COUNTYFP":"127","COUSUBFP":"90832","COUSUBNS":"01935745","GEOIDFQ":"0600000US1212790832","GEOID":"1212790832","NAME":"DeLand","NAMELSAD":"DeLand CCD","STUSPS":"FL","NAMELSADCO":"Volusia County","STATE_NAME":"Florida","LSAD":"22","ALAND":293854902,"AWATER":26890588}},
{"type":"Feature","geometry":{"type":"Polygon","coordinates":[[[-80.8993,28.79097],[-80.84292,28.79115],[-80.73292,28.79124],[-80.73986,28.80157],[-80.78702,28.87527],[-80.87799,29.01159],[-80.89309,29.03695],[-80.90727,29.06426],[-80.90959,29.07093],[-80.91351,29.07497],[-80.91906,29.07067],[-80.92739,29.0706],[-80.92992,29.07663],[-80.9366,29.08182],[-80.93942,29.08897],[-80.94845,29.09334],[-80.95045,29.08758],[-80.95858,29.08706],[-80.96376,29.08924],[-80.9736,29.08568],[-80.97407,29.08216],[-80.986,29.07902],[-80.9909,29.07204],[-80.99729,29.07529],[-80.99862,29.08255],[-81.0069,29.08318],[-81.01014,29.08853],[-81.02174,29.09133],[-81.01076,29.06898],[-81.00879,29.06274],[-81.00694,29.04348],[-81.00537,29.03905],[-80.95897,28.96794],[-80.93926,28.92541],[-80.93078,28.89876],[-80.91927,28.87042],[-80.91485,28.8432],[-80.8993,28.79097]]]},"properties":{"STATEFP":"12","COUNTYFP":"127","COUSUBFP":"92340","COUSUBNS":"01935865","GEOIDFQ":"0600000US1212792340","GEOID":"1212792340","NAME":"New Smyrna Beach","NAMELSAD":"New Smyrna Beach CCD","STUSPS":"FL","NAMELSADCO":"Volusia County","STATE_NAME":"Florida","LSAD":"22","ALAND":302301806,"AWATER":298094867}},
{"type":"Feature","geometry":{"type":"Polygon","coordinates":[[[-81.00798,29.20536],[-80.99542,29.20605],[-81.04668,29.30786],[-81.10191,29.42705],[-81.10772,29.42699],[-81.10425,29.41278],[-81.09825,29.40486],[-81.09159,29.3904],[-81.06906,29.33501],[-81.06585,29.32577],[-81.05688,29.30486],[-81.05705,29.29745],[-81.05227,29.28705],[-81.02607,29.23817],[-81.02359,29.23269],[-81.01658,29.21819],[-81.00798,29.20536]]]},"properties":{"STATEFP":"12","COUNTYFP":"127","COUSUBFP":"92418","COUSUBNS":"01935872","GEOIDFQ":"0600000US1212792418","GEOID":"1212792418","NAME":"North Peninsula","NAMELSAD":"North Peninsula CCD","STUSPS":"FL","NAMELSADCO":"Volusia County","STATE_NAME":"Florida","LSAD":"22","ALAND":21327105,"AWATER":144297509}},
{"type":"Feature","geometry":{"type":"Polygon","coordinates":[[[-85.88059,30.53498],[-85.88456,30.53949],[-85.89291,30.54351],[-85.9008,30.54253],[-85.90642,30.53845],[-85.91587,30.53648],[-85.91976,30.5373],[-85.92376,30.54459],[-85.92789,30.54842],[-85.93551,30.55083],[-85.94107,30.55041],[-85.94454,30.55323],[-85.96086,30.55749],[-85.96515,30.5563],[-85.97481,30.55921],[-85.97857,30.55848],[-85.98734,30.56159],[-85.99457,30.56106],[-86.01628,30.56737],[-86.01737,30.57083],[-86.0268,30.57525],[-86.03593,30.57404],[-86.04418,30.57874],[-86.04819,30.57882],[-86.04597,30.58937],[-86.05587,30.59101],[-86.06668,30.59044],[-86.07512,30.59215],[-86.08401,30.60238],[-86.09167,30.60346],[-86.11073,30.59854],[-86.10989,30.59214],[-86.14093,30.57683],[-86.15319,30.56372],[-86.18155,30.55548],[-86.19136,30.55421],[-86.19149,30.52534],[-86.24641,30.51632],[-86.26455,30.51614],[-86.27959,30.51371],[-86.29245,30.51556],[-86.31203,30.50237],[-86.31013,30.49548],[-86.36484,30.46889],[-86.3691,30.46442],[-86.38226,30.46071],[-86.386,30.46398],[-86.39424,30.46408],[-86.39464,30.45405],[-86.39478,30.45007],[-86.39538,30.43334],[-86.36218,30.43286],[-86.31818,30.44608],[-86.24994,30.44503],[-86.23383,30.44328],[-86.20721,30.4217],[-86.17643,30.40361],[-86.13702,30.38835],[-86.13337,30.38809],[-86.10709,30.37655],[-86.0913,30.35977],[-86.08206,30.35594],[-86.04053,30.35065],[-86.03231,30.34776],[-86.02516,30.34255],[-86.00828,30.31892],[-86.00008,30.31291],[-85.99471,30.3117],[-85.99274,30.38932],[-85.9936,30.40508],[-85.98989,30.40858],[-85.98373,30.41848],[-85.98659,30.42352],[-85.98188,30.42952],[-85.97151,30.43587],[-85.96591,30.43646],[-85.95282,30.44417],[-85.94346,30.44364],[-85.93594,30.44525],[-85.93243,30.44164],[-85.91615,30.4385],[-85.90888,30.44271],[-85.90122,30.44385],[-85.89744,30.45351],[-85.89136,30.46264],[-85.88936,30.47114],[-85.88433,30.46537],[-85.87802,30.46685],[-85.87493,30.47583],[-85.86682,30.48764],[-85.85977,30.49013],[-85.86037,30.49731],[-85.86574,30.49828],[-85.87026,30.50583],[-85.87805,30.50437],[-85.88382,30.50784],[-85.87913,30.51216],[-85.88236,30.52095],[-85.88706,30.52796],[-85.88059,30.53498]]]},"properties":{"STATEFP":"12","COUNTYFP":"131","COUSUBFP":"91196","COUSUBNS":"01935774","GEOIDFQ":"0600000US1213191196","GEOID":"1213191196","NAME":"Freeport","NAMELSAD":"Freeport CCD","STUSPS":"FL","NAMELSADCO":"Walton County","STATE_NAME":"Florida","LSAD":"22","ALAND":578893535,"AWATER":134982331}},
{"type":"Feature","geometry":{"type":"Polygon","coordinates":[[[-81.69597,29.56675],[-81.68978,29.57594],[-81.68629,29.57771],[-81.6832,29.58665],[-81.68451,29.59241],[-81.67948,29.59519],[-81.67465,29.5908],[-81.67015,29.59166],[-81.66665,29.59627],[-81.6576,29.59625],[-81.65142,29.59878],[-81.63962,29.59513],[-81.63511,29.59159],[-81.62172,29.59149],[-81.61281,29.59537],[-81.59853,29.6073],[-81.59505,29.61204],[-81.59755,29.62158],[-81.59249,29.63131],[-81.59654,29.63878],[-81.60348,29.64279],[-81.60736,29.63844],[-81.6248,29.63684],[-81.63641,29.63983],[-81.62847,29.64568],[-81.62655,29.65126],[-81.62866,29.65409],[-81.62907,29.66228],[-81.63552,29.66737],[-81.62877,29.66979],[-81.64024,29.67905],[-81.64181,29.69053],[-81.64044,29.69962],[-81.63468,29.70505],[-81.625,29.70731],[-81.61024,29.70649],[-81.58309,29.70749],[-81.5754,29.70953],[-81.56774,29.71512],[-81.56014,29.72715],[-81.55757,29.73685],[-81.55649,29.75353],[-81.55244,29.76024],[-81.54173,29.77104],[-81.5443,29.77913],[-81.54997,29.7854],[-81.5621,29.79561],[-81.56652,29.8029],[-81.58121,29.84018],[-81.7573,29.83705],[-81.79722,29.83665],[-81.79425,29.81478],[-81.79174,29.80501],[-81.78547,29.79164],[-81.76692,29.77942],[-81.76442,29.77475],[-81.74689,29.75666],[-81.73487,29.73026],[-81.72533,29.71869],[-81.72524,29.70914],[-81.72309,29.68401],[-81.72327,29.67952],[-81.71407,29.67528],[-81.71294,29.67187],[-81.71266,29.64545],[-81.71046,29.64127],[-81.71255,29.63746],[-81.71191,29.6065],[-81.70363,29.60878],[-81.70259,29.57156],[-81.69892,29.57218],[-81.69597,29.56675]]]},"properties":{"STATEFP":"12","COUNTYFP":"107","COUSUBFP":"92574","COUSUBNS":"01935885","GEOIDFQ":"0600000US1210792574","GEOID":"1210792574","NAME":"Palatka","NAMELSAD":"Palatka CCD","STUSPS":"FL","NAMELSADCO":"Putnam County","STATE_NAME":"Florida","LSAD":"22","ALAND":359321579,"AWATER":42898798}},
{"type":"Feature","geometry":{"type":"Polygon","coordinates":[[[-81.49836,28.61248],[-81.49774,28.61649],[-81.49322,28.62183],[-81.49251,28.6291],[-81.48579,28.63338],[-81.4792,28.63176],[-81.45909,28.63461],[-81.45796,28.6402],[-81.45973,28.6402],[-81.45952,28.71326],[-81.4464,28.7137],[-81.44142,28.7151],[-81.42688,28.73375],[-81.42376,28.73534],[-81.41847,28.75463],[-81.41646,28.7557],[-81.41521,28.76367],[-81.41637,28.76952],[-81.41469,28.77704],[-81.41468,28.78556],[-81.46935,28.78578],[-81.47737,28.78619],[-81.64651,28.78587],[-81.64517,28.77269],[-81.64896,28.76695],[-81.6586,28.76644],[-81.65847,28.6768],[-81.65821,28.65894],[-81.65693,28.6078],[-81.6572,28.59257],[-81.6481,28.58448],[-81.65197,28.58015],[-81.65288,28.57095],[-81.65721,28.56983],[-81.65725,28.56322],[-81.65375,28.56837],[-81.6469,28.56849],[-81.64091,28.56561],[-81.62906,28.56649],[-81.61365,28.571],[-81.60252,28.57639],[-81.59371,28.57792],[-81.58725,28.58667],[-81.58468,28.60221],[-81.57197,28.60684],[-81.56313,28.60668],[-81.55346,28.5996],[-81.53875,28.60378],[-81.51762,28.60829],[-81.50817,28.61218],[-81.49836,28.61248]]]},"properties":{"STATEFP":"12","COUNTYFP":"095","COUSUBFP":"90052","COUSUBNS":"01935685","GEOIDFQ":"0600000US1209590052","GEOID":"1209590052","NAME":"Apopka","NAMELSAD":"Apopka CCD","STUSPS":"FL","NAMELSADCO":"Orange County","STATE_NAME":"Florida","LSAD":"22","ALAND":325589578,"AWATER":102982285}},
{"type":"Feature","geometry":{"type":"Polygon","coordinates":[[[-81.45796,28.6402],[-81.4152,28.64006],[-81.36165,28.64041],[-81.36163,28.63933],[-81.32848,28.63963],[-81.32789,28.6105],[-81.2823,28.61112],[-81.27783,28.61121],[-81.26608,28.62012],[-81.2665,28.64517],[-81.27292,28.65402],[-81.27539,28.6603],[-81.27482,28.66979],[-81.27096,28.67382],[-81.26546,28.68554],[-81.26249,28.69672],[-81.25341,28.7124],[-81.27154,28.71323],[-81.28444,28.7161],[-81.30084,28.71644],[-81.30848,28.71892],[-81.30953,28.72903],[-81.31143,28.73153],[-81.32459,28.72658],[-81.33271,28.72556],[-81.34217,28.71338],[-81.36287,28.71287],[-81.39485,28.71296],[-81.39958,28.71522],[-81.3972,28.73186],[-81.40624,28.73835],[-81.40686,28.74239],[-81.41646,28.7557],[-81.41847,28.75463],[-81.42376,28.73534],[-81.42688,28.73375],[-81.44142,28.7151],[-81.4464,28.7137],[-81.45952,28.71326],[-81.45973,28.6402],[-81.45796,28.6402]]]},"properties":{"STATEFP":"12","COUNTYFP":"117","COUSUBFP":"90455","COUSUBNS":"01935716","GEOIDFQ":"0600000US1211790455","GEOID":"1211790455","NAME":"Casselberry-Altamonte Springs","NAMELSAD":"Casselberry-Altamonte Springs CCD","STUSPS":"FL","NAMELSADCO":"Seminole County","STATE_NAME":"Florida","LSAD":"22","ALAND":174867818,"AWATER":13857163}},
{"type":"Feature","geometry":{"type":"Polygon","coordinates":[[[-80.98725,28.613],[-80.98694,28.6183],[-80.98964,28.62477],[-80.99422,28.62165],[-81.0071,28.63633],[-81.00123,28.64105],[-81.00309,28.64813],[-81.00827,28.65875],[-81.00723,28.66345],[-81.01104,28.66808],[-81.02129,28.67425],[-81.02162,28.68289],[-81.01665,28.69304],[-81.02145,28.70114],[-81.03335,28.70807],[-81.03553,28.71222],[-81.034,28.71857],[-81.03755,28.72022],[-81.03722,28.72543],[-81.04095,28.72974],[-81.05768,28.74512],[-81.06111,28.75],[-81.06056,28.76199],[-81.05309,28.77356],[-81.05706,28.79045],[-81.05917,28.79494],[-81.06745,28.80304],[-81.06741,28.81299],[-81.07316,28.81486],[-81.07609,28.81933],[-81.08525,28.81595],[-81.09194,28.82465],[-81.09601,28.82209],[-81.10297,28.82441],[-81.10575,28.82854],[-81.11829,28.82648],[-81.12624,28.82144],[-81.12314,28.81413],[-81.13041,28.80699],[-81.12929,28.79945],[-81.13837,28.79739],[-81.13786,28.79129],[-81.15639,28.79177],[-81.17159,28.78603],[-81.17758,28.78587],[-81.17894,28.78189],[-81.17547,28.77292],[-81.17718,28.76555],[-81.18449,28.75858],[-81.18537,28.74945],[-81.19419,28.73476],[-81.21151,28.71957],[-81.22276,28.71254],[-81.22887,28.71128],[-81.25341,28.7124],[-81.26249,28.69672],[-81.26546,28.68554],[-81.27096,28.67382],[-81.27482,28.66979],[-81.27539,28.6603],[-81.27292,28.65402],[-81.2665,28.64517],[-81.26608,28.62012],[-81.27783,28.61121],[-81.22618,28.61182],[-81.15781,28.61223],[-81.09804,28.61273],[-81.06774,28.61268],[-80.99537,28.61317],[-80.98725,28.613]]]},"properties":{"STATEFP":"12","COUNTYFP":"117","COUSUBFP":"92548","COUSUBNS":"01935883","GEOIDFQ":"0600000US1211792548","GEOID":"1211792548","NAME":"Oviedo","NAMELSAD":"Oviedo CCD","STUSPS":"FL","NAMELSADCO":"Seminole County","STATE_NAME":"Florida","LSAD":"22","ALAND":380632577,"AWATER":35879530}},
{"type":"Feature","geometry":{"type":"Polygon","coordinates":[[[-80.41457,27.55776],[-80.41492,27.52114],[-80.39886,27.52103],[-80.39873,27.48423],[-80.41972,27.48454],[-80.41994,27.47008],[-80.44328,27.47023],[-80.43418,27.46141],[-80.42935,27.45407],[-80.42366,27.43905],[-80.4042,27.41591],[-80.38656,27.37954],[-80.38406,27.37451],[-80.35032,27.37418],[-80.3505,27.36541],[-80.35826,27.35926],[-80.35566,27.35021],[-80.2885,27.35028],[-80.29787,27.36472],[-80.29847,27.37022],[-80.30242,27.3736],[-80.30603,27.38133],[-80.28661,27.38127],[-80.30683,27.42929],[-80.321,27.46717],[-80.30937,27.46641],[-80.2964,27.47072],[-80.29074,27.47429],[-80.29633,27.48599],[-80.30059,27.5006],[-80.31171,27.52531],[-80.32145,27.557],[-80.41457,27.55776]]]},"properties":{"STATEFP":"12","COUNTYFP":"111","COUSUBFP":"91157","COUSUBNS":"01935771","GEOIDFQ":"0600000US1211191157","GEOID":"1211191157","NAME":"Fort Pierce","NAMELSAD":"Fort Pierce CCD","STUSPS":"FL","NAMELSADCO":"St. Lucie County","STATE_NAME":"Florida","LSAD":"22","ALAND":193462705,"AWATER":85731941}},
{"type":"Feature","geometry":{"type":"Polygon","coordinates":[[[-84.07489,30.41311],[-84.08323,30.41374],[-84.09411,30.41944],[-84.11291,30.42292],[-84.11835,30.4213],[-84.12315,30.41602],[-84.1312,30.41113],[-84.15217,30.40821],[-84.15947,30.40828],[-84.17771,30.41255],[-84.19152,30.41351],[-84.19779,30.41281],[-84.2149,30.416],[-84.22133,30.41951],[-84.22903,30.42075],[-84.23435,30.41667],[-84.23504,30.41261],[-84.23577,30.38613],[-84.23806,30.37784],[-84.24259,30.37572],[-84.29253,30.37597],[-84.30085,30.35972],[-84.30401,30.35674],[-84.332,30.32491],[-84.34169,30.31316],[-84.34642,30.3034],[-84.24767,30.30349],[-84.24122,30.27424],[-84.12489,30.27368],[-84.07554,30.27362],[-84.07582,30.36982],[-84.07489,30.41311]]]},"properties":{"STATEFP":"12","COUNTYFP":"073","COUSUBFP":"93152","COUSUBNS":"01935930","GEOIDFQ":"0600000US1207393152","GEOID":"1207393152","NAME":"Southeast Leon","NAMELSAD":"Southeast Leon CCD","STUSPS":"FL","NAMELSADCO":"Leon County","STATE_NAME":"Florida","LSAD":"22","ALAND":305511168,"AWATER":2205283}},
{"type":"Feature","geometry":{"type":"Polygon","coordinates":[[[-81.10301,29.22006],[-81.05793,29.239],[-81.0493,29.22347],[-81.03568,29.22921],[-81.03364,29.22552],[-81.02678,29.2285],[-81.02359,29.23269],[-81.02607,29.23817],[-81.05227,29.28705],[-81.05705,29.29745],[-81.05688,29.30486],[-81.06585,29.32577],[-81.06906,29.33501],[-81.09159,29.3904],[-81.09825,29.40486],[-81.10425,29.41278],[-81.10772,29.42699],[-81.11024,29.42699],[-81.14873,29.41679],[-81.14815,29.41185],[-81.15588,29.41095],[-81.15534,29.40376],[-81.15379,29.38289],[-81.15258,29.35184],[-81.13099,29.33594],[-81.13166,29.3051],[-81.13078,29.29981],[-81.10301,29.22006]]]},"properties":{"STATEFP":"12","COUNTYFP":"127","COUSUBFP":"92535","COUSUBNS":"01935882","GEOIDFQ":"0600000US1212792535","GEOID":"1212792535","NAME":"Ormond Beach","NAMELSAD":"Ormond Beach CCD","STUSPS":"FL","NAMELSADCO":"Volusia County","STATE_NAME":"Florida","LSAD":"22","ALAND":129576087,"AWATER":15921662}},
{"type":"Feature","geometry":{"type":"Polygon","coordinates":[[[-81.37568,28.86648],[-81.37501,28.86229],[-81.37992,28.85811],[-81.38296,28.85199],[-81.39012,28.84901],[-81.39466,28.84211],[-81.40729,28.83477],[-81.41685,28.82457],[-81.41955,28.81518],[-81.41819,28.80647],[-81.41571,28.80258],[-81.41376,28.7926],[-81.41468,28.78556],[-81.41469,28.77704],[-81.41637,28.76952],[-81.41521,28.76367],[-81.41646,28.7557],[-81.40686,28.74239],[-81.40624,28.73835],[-81.3972,28.73186],[-81.39958,28.71522],[-81.39485,28.71296],[-81.36287,28.71287],[-81.34217,28.71338],[-81.33271,28.72556],[-81.32459,28.72658],[-81.31143,28.73153],[-81.30953,28.72903],[-81.30848,28.71892],[-81.30084,28.71644],[-81.28444,28.7161],[-81.27154,28.71323],[-81.25341,28.7124],[-81.22887,28.71128],[-81.22276,28.71254],[-81.21151,28.71957],[-81.19419,28.73476],[-81.18537,28.74945],[-81.18449,28.75858],[-81.17718,28.76555],[-81.17547,28.77292],[-81.17894,28.78189],[-81.18042,28.79596],[-81.19502,28.7923],[-81.20393,28.79693],[-81.20803,28.80176],[-81.21372,28.80421],[-81.21674,28.8104],[-81.2159,28.81442],[-81.22463,28.82159],[-81.22287,28.82686],[-81.22568,28.83245],[-81.30957,28.83456],[-81.3198,28.83453],[-81.32424,28.83762],[-81.33348,28.8404],[-81.34155,28.84705],[-81.34763,28.84622],[-81.35803,28.8478],[-81.355,28.858],[-81.35212,28.86232],[-81.36348,28.86473],[-81.36067,28.87246],[-81.36694,28.87923],[-81.3663,28.8736],[-81.37568,28.86648]]]},"properties":{"STATEFP":"12","COUNTYFP":"117","COUSUBFP":"93081","COUSUBNS":"01935924","GEOIDFQ":"0600000US1211793081","GEOID":"1211793081","NAME":"Sanford","NAMELSAD":"Sanford CCD","STUSPS":"FL","NAMELSADCO":"Seminole County","STATE_NAME":"Florida","LSAD":"22","ALAND":245759231,"AWATER":43427749}},
{"type":"Feature","geometry":{"type":"Polygon","coordinates":[[[-80.3206,25.76242],[-80.38548,25.761],[-80.38371,25.71515],[-80.38224,25.7102],[-80.36468,25.70114],[-80.33414,25.70231],[-80.33582,25.73309],[-80.3183,25.73297],[-80.31935,25.73841],[-80.3206,25.76242]]]},"properties":{"STATEFP":"12","COUNTYFP":"086","COUSUBFP":"93211","COUSUBNS":"01935936","GEOIDFQ":"0600000US1208693211","GEOID":"1208693211","NAME":"South Westside","NAMELSAD":"South Westside CCD","STUSPS":"FL","NAMELSADCO":"Miami-Dade County","STATE_NAME":"Florida","LSAD":"22","ALAND":35759159,"AWATER":1064612}},
{"type":"Feature","geometry":{"type":"Polygon","coordinates":[[[-83.17562,30.38446],[-83.17795,30.38414],[-83.19216,30.37522],[-83.19208,30.3637],[-83.19359,30.35762],[-83.19014,30.35287],[-83.1983,30.34828],[-83.20486,30.35122],[-83.20871,30.35053],[-83.21275,30.34434],[-83.2079,30.33109],[-83.21402,30.32258],[-83.21415,30.31905],[-83.20992,30.31188],[-83.21314,30.30695],[-83.22483,30.30197],[-83.23301,30.29202],[-83.23167,30.28382],[-83.2402,30.2667],[-83.23936,30.26041],[-83.24725,30.26067],[-83.25265,30.25679],[-83.25309,30.2511],[-83.24809,30.24564],[-83.25305,30.23873],[-83.25036,30.232],[-83.24013,30.22753],[-83.24367,30.21912],[-83.24394,30.21408],[-83.25008,30.20064],[-83.24885,30.18393],[-83.24491,30.17696],[-83.23298,30.16873],[-83.23126,30.16502],[-83.23319,30.15912],[-83.23859,30.15201],[-83.22718,30.14113],[-83.22459,30.13528],[-83.22636,30.11462],[-83.21216,30.10322],[-83.20106,30.10582],[-83.19196,30.10242],[-83.18516,30.09442],[-83.18036,30.09882],[-83.17173,30.09926],[-83.16766,30.10082],[-83.16386,30.10872],[-83.16056,30.10982],[-83.14906,30.10392],[-83.13906,30.10272],[-83.13516,30.09772],[-83.12926,30.09882],[-83.12215,30.10495],[-83.11424,30.10242],[-83.11406,30.09363],[-83.11115,30.09093],[-83.10236,30.09152],[-83.09675,30.09016],[-83.08741,30.08294],[-83.07163,30.08215],[-83.06886,30.07975],[-83.06949,30.06874],[-83.06272,30.06368],[-83.06234,30.07927],[-83.06278,30.08097],[-83.0638,30.1884],[-83.0641,30.23196],[-83.04702,30.24636],[-83.08087,30.24649],[-83.08085,30.29025],[-83.08118,30.33944],[-83.14837,30.36983],[-83.17093,30.37977],[-83.17562,30.38446]]]},"properties":{"STATEFP":"12","COUNTYFP":"121","COUSUBFP":"90858","COUSUBNS":"01935747","GEOIDFQ":"0600000US1212190858","GEOID":"1212190858","NAME":"Dowling Park","NAMELSAD":"Dowling Park CCD","STUSPS":"FL","NAMELSADCO":"Suwannee County","STATE_NAME":"Florida","LSAD":"22","ALAND":453181837,"AWATER":2790409}},
{"type":"Feature","geometry":{"type":"Polygon","coordinates":[[[-81.75098,28.83521],[-81.74967,28.82311],[-81.7574,28.81474],[-81.76994,28.81285],[-81.79456,28.79811],[-81.80142,28.79343],[-81.8029,28.78446],[-81.80071,28.77648],[-81.79486,28.76451],[-81.78501,28.74838],[-81.78133,28.74546],[-81.7668,28.73937],[-81.76225,28.73594],[-81.75762,28.72844],[-81.75529,28.71145],[-81.75484,28.69818],[-81.74885,28.68924],[-81.74647,28.6828],[-81.74258,28.68019],[-81.73171,28.67963],[-81.73422,28.67551],[-81.73302,28.66861],[-81.72658,28.66139],[-81.7216,28.66275],[-81.71511,28.65929],[-81.70998,28.65892],[-81.69685,28.66382],[-81.65821,28.65894],[-81.65847,28.6768],[-81.6586,28.76644],[-81.64896,28.76695],[-81.64517,28.77269],[-81.64651,28.78587],[-81.65112,28.79305],[-81.66393,28.79331],[-81.67831,28.78821],[-81.6874,28.78787],[-81.68722,28.80883],[-81.68555,28.81119],[-81.68548,28.82319],[-81.7075,28.8218],[-81.70299,28.82908],[-81.70412,28.83398],[-81.71007,28.83555],[-81.75098,28.83521]]]},"properties":{"STATEFP":"12","COUNTYFP":"069","COUSUBFP":"93393","COUSUBNS":"01935953","GEOIDFQ":"0600000US1206993393","GEOID":"1206993393","NAME":"Tavares","NAMELSAD":"Tavares CCD","STUSPS":"FL","NAMELSADCO":"Lake County","STATE_NAME":"Florida","LSAD":"22","ALAND":131055027,"AWATER":61684479}},
{"type":"Feature","geometry":{"type":"Polygon","coordinates":[[[-82.21196,28.17187],[-82.1393,28.17166],[-82.12481,28.17215],[-82.10585,28.17165],[-82.1062,28.25923],[-82.05553,28.25893],[-82.05582,28.31279],[-82.05968,28.30463],[-82.07829,28.29804],[-82.08462,28.29152],[-82.08673,28.2849],[-82.09579,28.28072],[-82.10157,28.28226],[-82.10822,28.28833],[-82.1024,28.29813],[-82.10271,28.31634],[-82.11,28.3229],[-82.11225,28.3367],[-82.11672,28.34375],[-82.12355,28.34742],[-82.12734,28.35235],[-82.12983,28.34902],[-82.13055,28.32482],[-82.13039,28.30284],[-82.14767,28.30285],[-82.1493,28.31021],[-82.18776,28.3102],[-82.18764,28.32844],[-82.22062,28.32846],[-82.2255,28.33206],[-82.23716,28.33208],[-82.23722,28.31137],[-82.24549,28.31016],[-82.24567,28.24659],[-82.24692,28.2317],[-82.2459,28.2043],[-82.24931,28.18811],[-82.25492,28.1751],[-82.25974,28.17146],[-82.21196,28.17187]]]},"properties":{"STATEFP":"12","COUNTYFP":"101","COUSUBFP":"93770","COUSUBNS":"01935982","GEOIDFQ":"0600000US1210193770","GEOID":"1210193770","NAME":"Zephyrhills","NAMELSAD":"Zephyrhills CCD","STUSPS":"FL","NAMELSADCO":"Pasco County","STATE_NAME":"Florida","LSAD":"22","ALAND":245863435,"AWATER":2734304}},
{"type":"Feature","geometry":{"type":"Polygon","coordinates":[[[-86.52813,30.45208],[-86.51276,30.45151],[-86.49309,30.45676],[-86.48361,30.46321],[-86.47621,30.47277],[-86.47433,30.47927],[-86.47,30.4816],[-86.45797,30.48314],[-86.45054,30.4904],[-86.44659,30.48108],[-86.42448,30.44922],[-86.42048,30.44762],[-86.40852,30.45312],[-86.39831,30.44941],[-86.39478,30.45007],[-86.39464,30.45405],[-86.39894,30.45936],[-86.41139,30.45969],[-86.41174,30.45629],[-86.42111,30.45059],[-86.42696,30.46001],[-86.41571,30.4599],[-86.41548,30.46712],[-86.41129,30.46717],[-86.4111,30.47431],[-86.40257,30.47421],[-86.40232,30.48159],[-86.40657,30.48177],[-86.40663,30.48904],[-86.41504,30.48938],[-86.41473,30.50442],[-86.41844,30.50445],[-86.41805,30.53375],[-86.47035,30.53468],[-86.47042,30.54197],[-86.48539,30.54208],[-86.48546,30.53488],[-86.52714,30.53486],[-86.52815,30.47391],[-86.52813,30.45208]]]},"properties":{"STATEFP":"12","COUNTYFP":"091","COUSUBFP":"92353","COUSUBNS":"01935866","GEOIDFQ":"0600000US1209192353","GEOID":"1209192353","NAME":"Niceville-Valparaiso","NAMELSAD":"Niceville-Valparaiso CCD","STUSPS":"FL","NAMELSADCO":"Okaloosa County","STATE_NAME":"Florida","LSAD":"22","ALAND":70562135,"AWATER":16154615}},
{"type":"Feature","geometry":{"type":"Polygon","coordinates":[[[-82.14258,30.14312],[-82.21579,30.1427],[-82.28701,30.14173],[-82.28235,30.13546],[-82.28722,30.12542],[-82.29697,30.11173],[-82.29781,30.1028],[-82.30618,30.09113],[-82.30809,30.08655],[-82.30882,30.07719],[-82.32062,30.06257],[-82.32076,30.04208],[-82.31463,30.04197],[-82.30714,30.05058],[-82.29834,30.041],[-82.29815,30.03624],[-82.30514,30.02531],[-82.31002,30.02153],[-82.31642,30.01969],[-82.29225,30.00692],[-82.274,29.99832],[-82.27172,30.00675],[-82.26811,30.01011],[-82.25997,30.02809],[-82.2416,30.02936],[-82.22564,30.03426],[-82.21262,30.04632],[-82.20764,30.05272],[-82.18401,30.06685],[-82.17756,30.07524],[-82.17415,30.09124],[-82.16992,30.0992],[-82.14734,30.10999],[-82.14237,30.1163],[-82.13796,30.12882],[-82.14057,30.13272],[-82.14569,30.13204],[-82.14258,30.14312]]]},"properties":{"STATEFP":"12","COUNTYFP":"125","COUSUBFP":"92925","COUSUBNS":"01935912","GEOIDFQ":"0600000US1212592925","GEOID":"1212592925","NAME":"Raiford","NAMELSAD":"Raiford CCD","STUSPS":"FL","NAMELSADCO":"Union County","STATE_NAME":"Florida","LSAD":"22","ALAND":163174740,"AWATER":596074}},
{"type":"Feature","geometry":{"type":"Polygon","coordinates":[[[-87.48842,30.99807],[-87.51952,30.99759],[-87.54854,30.99793],[-87.59893,30.99746],[-87.59672,30.98761],[-87.59339,30.98296],[-87.59416,30.97757],[-87.58919,30.96446],[-87.59205,30.95149],[-87.59689,30.94113],[-87.60268,30.93428],[-87.60781,30.92449],[-87.61421,30.90854],[-87.61601,30.90145],[-87.6222,30.89751],[-87.62206,30.88541],[-87.62945,30.88012],[-87.63494,30.86589],[-87.62824,30.86013],[-87.62538,30.85436],[-87.62732,30.84796],[-87.61728,30.84035],[-87.61592,30.83469],[-87.60578,30.8313],[-87.60049,30.82063],[-87.5943,30.81698],[-87.58187,30.8124],[-87.57685,30.80816],[-87.57204,30.80053],[-87.56814,30.79909],[-87.55205,30.78625],[-87.54504,30.77867],[-87.54616,30.77202],[-87.53708,30.76253],[-87.53536,30.74978],[-87.53261,30.74349],[-87.52361,30.73831],[-87.51173,30.73354],[-87.50232,30.72159],[-87.48122,30.71651],[-87.47443,30.70659],[-87.46634,30.70084],[-87.45695,30.69756],[-87.4514,30.69981],[-87.4401,30.69074],[-87.43748,30.69416],[-87.43194,30.69439],[-87.42381,30.69751],[-87.41331,30.69635],[-87.40503,30.6911],[-87.40393,30.68439],[-87.40014,30.68182],[-87.33235,30.67998],[-87.31927,30.67818],[-87.33165,30.69529],[-87.3362,30.71216],[-87.34194,30.72508],[-87.35789,30.73891],[-87.37473,30.75024],[-87.38497,30.76548],[-87.40824,30.78623],[-87.42037,30.79553],[-87.42337,30.79993],[-87.42429,30.80649],[-87.42792,30.81346],[-87.43561,30.82274],[-87.43514,30.84502],[-87.44255,30.85936],[-87.44178,30.8696],[-87.4468,30.88057],[-87.45148,30.88539],[-87.46101,30.88834],[-87.47609,30.89649],[-87.48116,30.90383],[-87.47921,30.91074],[-87.48053,30.92298],[-87.48793,30.93437],[-87.48755,30.94636],[-87.4853,30.96548],[-87.49192,30.98205],[-87.48842,30.99807]]]},"properties":{"STATEFP":"12","COUNTYFP":"033","COUSUBFP":"92457","COUSUBNS":"01935875","GEOIDFQ":"0600000US1203392457","GEOID":"1203392457","NAME":"Northwest Escambia","NAMELSAD":"Northwest Escambia CCD","STUSPS":"FL","NAMELSADCO":"Escambia County","STATE_NAME":"Florida","LSAD":"22","ALAND":478040456,"AWATER":2226308}},
{"type":"Feature","geometry":{"type":"Polygon","coordinates":[[[-82.28701,30.14173],[-82.28759,30.14885],[-82.27852,30.16085],[-82.26933,30.1711],[-82.26508,30.18516],[-82.26536,30.19203],[-82.26354,30.2033],[-82.2523,30.2056],[-82.24826,30.20857],[-82.24043,30.20705],[-82.2382,30.20452],[-82.22756,30.19988],[-82.221,30.20152],[-82.21611,30.20525],[-82.21038,30.21702],[-82.2102,30.22347],[-82.20713,30.22732],[-82.19213,30.23262],[-82.1856,30.2373],[-82.18148,30.24437],[-82.17588,30.24495],[-82.15981,30.25527],[-82.1491,30.26578],[-82.14655,30.27754],[-82.14868,30.28465],[-82.15227,30.30447],[-82.15008,30.31526],[-82.15172,30.31816],[-82.149,30.32719],[-82.14505,30.33171],[-82.1447,30.34027],[-82.13654,30.34865],[-82.12636,30.35237],[-82.11936,30.35752],[-82.11182,30.36019],[-82.11011,30.36437],[-82.10162,30.36218],[-82.10013,30.36427],[-82.10483,30.36832],[-82.11638,30.36734],[-82.14328,30.36339],[-82.15811,30.35991],[-82.16176,30.35785],[-82.17005,30.35893],[-82.18002,30.36863],[-82.18463,30.37717],[-82.19294,30.37878],[-82.19234,30.38457],[-82.20415,30.40133],[-82.21029,30.42459],[-82.20987,30.43282],[-82.20397,30.44451],[-82.20771,30.4605],[-82.20094,30.47444],[-82.20142,30.48516],[-82.20644,30.49188],[-82.21851,30.50419],[-82.22503,30.50783],[-82.23038,30.51734],[-82.23075,30.52676],[-82.23612,30.53116],[-82.2404,30.53777],[-82.23891,30.54543],[-82.23444,30.549],[-82.23443,30.55659],[-82.22283,30.5656],[-82.21731,30.56519],[-82.21484,30.56859],[-82.2581,30.57156],[-82.37484,30.579],[-82.45979,30.58429],[-82.45948,30.58078],[-82.45707,30.44276],[-82.45832,30.44276],[-82.45768,30.31551],[-82.45751,30.25723],[-82.45836,30.13645],[-82.44367,30.13809],[-82.35938,30.13929],[-82.3594,30.14104],[-82.28701,30.14173]]]},"properties":{"STATEFP":"12","COUNTYFP":"003","COUSUBFP":"93068","COUSUBNS":"01935923","GEOIDFQ":"0600000US1200393068","GEOID":"1200393068","NAME":"Sanderson","NAMELSAD":"Sanderson CCD","STUSPS":"FL","NAMELSADCO":"Baker County","STATE_NAME":"Florida","LSAD":"22","ALAND":1181302356,"AWATER":9627525}},
{"type":"Feature","geometry":{"type":"Polygon","coordinates":[[[-84.07554,30.27362],[-84.12489,30.27368],[-84.24122,30.27424],[-84.24767,30.30349],[-84.34642,30.3034],[-84.37842,30.3034],[-84.37853,30.30271],[-84.50434,30.30186],[-84.50716,30.29777],[-84.50629,30.29039],[-84.50084,30.28534],[-84.49553,30.27554],[-84.49738,30.27267],[-84.49337,30.26443],[-84.49513,30.25726],[-84.4863,30.24325],[-84.46647,30.23309],[-84.46307,30.2227],[-84.45786,30.21697],[-84.45301,30.21557],[-84.4427,30.20859],[-84.43875,30.2084],[-84.43627,30.2035],[-84.43079,30.20459],[-84.426,30.20154],[-84.41952,30.20117],[-84.41238,30.19681],[-84.40984,30.19062],[-84.40517,30.18547],[-84.40447,30.18062],[-84.39618,30.17401],[-84.39621,30.14366],[-84.39398,30.13932],[-84.38787,30.13926],[-84.38778,30.12862],[-84.38408,30.11981],[-84.37942,30.10079],[-84.37172,30.09086],[-84.37194,30.08226],[-84.35974,30.06357],[-84.32904,30.04534],[-84.32544,30.04231],[-84.31747,30.0481],[-84.29784,30.05745],[-84.28973,30.0572],[-84.28223,30.06115],[-84.27717,30.06026],[-84.27079,30.06809],[-84.27037,30.07547],[-84.274,30.08308],[-84.27251,30.09236],[-84.26936,30.09766],[-84.26226,30.10372],[-84.25608,30.10475],[-84.24749,30.10114],[-84.24567,30.09302],[-84.23921,30.09015],[-84.23701,30.08556],[-84.21874,30.08397],[-84.20341,30.08461],[-84.19853,30.08794],[-84.20451,30.09591],[-84.20878,30.10722],[-84.20559,30.11432],[-84.20215,30.11226],[-84.19356,30.09783],[-84.18806,30.09405],[-84.17385,30.09098],[-84.1774,30.08545],[-84.18222,30.08236],[-84.18449,30.07725],[-84.17915,30.07319],[-84.16788,30.07142],[-84.15728,30.07271],[-84.13568,30.08302],[-84.12489,30.0906],[-84.12061,30.09118],[-84.11384,30.08548],[-84.10565,30.09117],[-84.09374,30.09396],[-84.08306,30.09229],[-84.07604,30.09546],[-84.07623,30.12529],[-84.07581,30.26269],[-84.07554,30.27362]]]},"properties":{"STATEFP":"12","COUNTYFP":"129","COUSUBFP":"90949","COUSUBNS":"01935755","GEOIDFQ":"0600000US1212990949","GEOID":"1212990949","NAME":"East Wakulla","NAMELSAD":"East Wakulla CCD","STUSPS":"FL","NAMELSADCO":"Wakulla County","STATE_NAME":"Florida","LSAD":"22","ALAND":766778023,"AWATER":341969439}},
{"type":"Feature","geometry":{"type":"Polygon","coordinates":[[[-82.18401,30.06685],[-82.20764,30.05272],[-82.21262,30.04632],[-82.22564,30.03426],[-82.2416,30.02936],[-82.25997,30.02809],[-82.26811,30.01011],[-82.27172,30.00675],[-82.274,29.99832],[-82.25186,29.98554],[-82.20662,29.97],[-82.21253,29.95881],[-82.21055,29.94885],[-82.21189,29.93562],[-82.21523,29.9274],[-82.21047,29.91894],[-82.20319,29.91308],[-82.1958,29.9097],[-82.18094,29.90674],[-82.17472,29.90422],[-82.16789,29.90384],[-82.15727,29.89974],[-82.14089,29.90112],[-82.13654,29.90039],[-82.13467,29.91048],[-82.12615,29.91132],[-82.12001,29.91003],[-82.11583,29.90611],[-82.10986,29.90448],[-82.10687,29.9094],[-82.09453,29.91556],[-82.08729,29.89676],[-82.08131,29.90001],[-82.07846,29.90936],[-82.07985,29.91562],[-82.07562,29.92277],[-82.04799,29.91024],[-82.04845,29.97376],[-82.04774,29.99372],[-82.05762,29.99352],[-82.06746,29.98636],[-82.0962,29.98647],[-82.09337,29.99733],[-82.13271,29.99732],[-82.1346,30.00105],[-82.14617,30.01544],[-82.15621,30.02601],[-82.18401,30.06685]]]},"properties":{"STATEFP":"12","COUNTYFP":"007","COUSUBFP":"93237","COUSUBNS":"01935939","GEOIDFQ":"0600000US1200793237","GEOID":"1200793237","NAME":"Starke","NAMELSAD":"Starke CCD","STUSPS":"FL","NAMELSADCO":"Bradford County","STATE_NAME":"Florida","LSAD":"22","ALAND":205561999,"AWATER":11770530}},
{"type":"Feature","geometry":{"type":"Polygon","coordinates":[[[-85.56605,30.32981],[-85.57325,30.32582],[-85.5827,30.32531],[-85.58784,30.321],[-85.59861,30.3216],[-85.60032,30.28568],[-85.60766,30.28272],[-85.60949,30.27203],[-85.60606,30.26842],[-85.61572,30.26448],[-85.64104,30.26095],[-85.6648,30.26087],[-85.68256,30.25546],[-85.71482,30.2272],[-85.68613,30.22596],[-85.66728,30.22597],[-85.66203,30.22239],[-85.66222,30.21208],[-85.65143,30.21271],[-85.6489,30.23297],[-85.57889,30.23329],[-85.54526,30.25708],[-85.45598,30.32028],[-85.46487,30.32395],[-85.47606,30.32303],[-85.48357,30.32387],[-85.49388,30.31986],[-85.50562,30.32079],[-85.51116,30.31946],[-85.5193,30.32144],[-85.52455,30.32012],[-85.54576,30.32824],[-85.54861,30.33054],[-85.55623,30.32945],[-85.55778,30.33208],[-85.56605,30.32981]]]},"properties":{"STATEFP":"12","COUNTYFP":"005","COUSUBFP":"91989","COUSUBNS":"01935836","GEOIDFQ":"0600000US1200591989","GEOID":"1200591989","NAME":"Lynn Haven","NAMELSAD":"Lynn Haven CCD","STUSPS":"FL","NAMELSADCO":"Bay County","STATE_NAME":"Florida","LSAD":"22","ALAND":91624703,"AWATER":26977702}},
{"type":"Feature","geometry":{"type":"Polygon","coordinates":[[[-82.37389,29.87929],[-82.36155,29.88115],[-82.35839,29.87737],[-82.35409,29.87853],[-82.34327,29.87661],[-82.33496,29.87871],[-82.32308,29.86723],[-82.31418,29.8676],[-82.31396,29.86015],[-82.3052,29.85992],[-82.30503,29.85317],[-82.29591,29.85246],[-82.28184,29.84445],[-82.27198,29.8432],[-82.26502,29.84751],[-82.26038,29.84657],[-82.25249,29.85009],[-82.24106,29.85219],[-82.23473,29.85382],[-82.2287,29.86435],[-82.22422,29.86956],[-82.21448,29.87367],[-82.21378,29.88167],[-82.21798,29.89445],[-82.2191,29.90752],[-82.21397,29.91711],[-82.21047,29.91894],[-82.21523,29.9274],[-82.21189,29.93562],[-82.21055,29.94885],[-82.21253,29.95881],[-82.20662,29.97],[-82.25186,29.98554],[-82.274,29.99832],[-82.28279,29.98492],[-82.2906,29.97582],[-82.30096,29.96735],[-82.30474,29.95839],[-82.30741,29.95616],[-82.31896,29.95451],[-82.32521,29.95571],[-82.33252,29.95977],[-82.34233,29.96132],[-82.3452,29.95685],[-82.34409,29.95157],[-82.35177,29.93749],[-82.35802,29.93357],[-82.36282,29.93424],[-82.37006,29.93537],[-82.37751,29.93327],[-82.39043,29.92557],[-82.40117,29.92696],[-82.41631,29.92593],[-82.41873,29.92309],[-82.41104,29.92058],[-82.4055,29.9112],[-82.40648,29.90738],[-82.40093,29.89003],[-82.38741,29.8819],[-82.3772,29.88139],[-82.37389,29.87929]]]},"properties":{"STATEFP":"12","COUNTYFP":"007","COUSUBFP":"90312","COUSUBNS":"01935705","GEOIDFQ":"0600000US1200790312","GEOID":"1200790312","NAME":"Brooker","NAMELSAD":"Brooker CCD","STUSPS":"FL","NAMELSADCO":"Bradford County","STATE_NAME":"Florida","LSAD":"22","ALAND":196424667,"AWATER":217862}},
{"type":"Feature","geometry":{"type":"Polygon","coordinates":[[[-85.3913,30.02764],[-85.39639,30.04027],[-85.43007,30.04963],[-85.44324,30.03801],[-85.44723,30.03009],[-85.45328,30.02456],[-85.45905,30.02319],[-85.48289,30.02753],[-85.4874,30.03326],[-85.4957,30.0391],[-85.49912,30.05581],[-85.50375,30.06584],[-85.50828,30.07146],[-85.53277,30.09576],[-85.55002,30.10682],[-85.59085,30.10368],[-85.60308,30.10042],[-85.6129,30.11156],[-85.61518,30.12632],[-85.62111,30.13024],[-85.64815,30.13017],[-85.65818,30.14001],[-85.68469,30.15129],[-85.68915,30.14432],[-85.69205,30.13637],[-85.68838,30.10773],[-85.68245,30.10322],[-85.6626,30.09303],[-85.64494,30.08184],[-85.62871,30.07473],[-85.63209,30.06889],[-85.61717,30.06223],[-85.59561,30.05058],[-85.58836,30.04513],[-85.58139,30.03778],[-85.55378,30.0119],[-85.54498,30.00542],[-85.53714,30.00387],[-85.5306,29.99759],[-85.52454,29.98751],[-85.50862,29.97196],[-85.49329,29.9629],[-85.48129,29.95786],[-85.47107,29.95673],[-85.45514,29.95673],[-85.43848,29.95143],[-85.42832,29.95002],[-85.42043,29.94717],[-85.40505,29.93849],[-85.38868,29.92435],[-85.38915,29.95524],[-85.39128,29.99984],[-85.3913,30.02764]]]},"properties":{"STATEFP":"12","COUNTYFP":"005","COUSUBFP":"92145","COUSUBNS":"01935850","GEOIDFQ":"0600000US1200592145","GEOID":"1200592145","NAME":"Mexico Beach","NAMELSAD":"Mexico Beach CCD","STUSPS":"FL","NAMELSADCO":"Bay County","STATE_NAME":"Florida","LSAD":"22","ALAND":168720436,"AWATER":959771205}},
{"type":"Feature","geometry":{"type":"Polygon","coordinates":[[[-85.99274,30.38932],[-85.99471,30.3117],[-85.99553,30.28131],[-85.97598,30.2715],[-85.96562,30.27038],[-85.95401,30.26753],[-85.94333,30.27806],[-85.9294,30.2718],[-85.90926,30.25855],[-85.89975,30.25109],[-85.84519,30.22323],[-85.83974,30.22192],[-85.82962,30.21535],[-85.82451,30.22051],[-85.8148,30.21373],[-85.80857,30.21314],[-85.80611,30.21861],[-85.80047,30.22502],[-85.7931,30.22628],[-85.78482,30.22273],[-85.78194,30.21089],[-85.77772,30.20703],[-85.76561,30.20602],[-85.76193,30.2037],[-85.75767,30.20883],[-85.75005,30.2117],[-85.73218,30.22307],[-85.72606,30.21555],[-85.71482,30.2272],[-85.68256,30.25546],[-85.6648,30.26087],[-85.64104,30.26095],[-85.61572,30.26448],[-85.60606,30.26842],[-85.60949,30.27203],[-85.60766,30.28272],[-85.60032,30.28568],[-85.59861,30.3216],[-85.58784,30.321],[-85.5827,30.32531],[-85.57325,30.32582],[-85.56605,30.32981],[-85.55927,30.34138],[-85.55437,30.36257],[-85.55676,30.36813],[-85.55585,30.37959],[-85.55842,30.38972],[-85.55814,30.39567],[-85.5525,30.40548],[-85.54761,30.40741],[-85.55037,30.41339],[-85.54549,30.42243],[-85.54812,30.42505],[-85.54481,30.43068],[-85.5486,30.4373],[-85.60288,30.43794],[-85.60559,30.43831],[-85.64961,30.43851],[-85.66407,30.43908],[-85.70007,30.43907],[-85.81214,30.43993],[-85.82456,30.44136],[-85.8535,30.44062],[-85.86082,30.43721],[-85.86407,30.42804],[-85.87036,30.41976],[-85.87909,30.41247],[-85.88398,30.41025],[-85.89564,30.40981],[-85.90764,30.40582],[-85.91521,30.40948],[-85.92152,30.41583],[-85.94025,30.40862],[-85.94521,30.40842],[-85.95219,30.41242],[-85.96497,30.41071],[-85.97695,30.39841],[-85.98183,30.39219],[-85.99274,30.38932]]]},"properties":{"STATEFP":"12","COUNTYFP":"005","COUSUBFP":"93172","COUSUBNS":"01935932","GEOIDFQ":"0600000US1200593172","GEOID":"1200593172","NAME":"Southport","NAMELSAD":"Southport CCD","STUSPS":"FL","NAMELSADCO":"Bay County","STATE_NAME":"Florida","LSAD":"22","ALAND":719321138,"AWATER":113217378}},
{"type":"Feature","geometry":{"type":"Polygon","coordinates":[[[-85.15959,30.46469],[-85.15802,30.47363],[-85.16664,30.48555],[-85.16501,30.49271],[-85.16156,30.49452],[-85.15704,30.50396],[-85.15801,30.51193],[-85.16239,30.51879],[-85.15665,30.51875],[-85.16296,30.52675],[-85.16964,30.54711],[-85.17626,30.55877],[-85.17189,30.56434],[-85.25679,30.566],[-85.2731,30.56568],[-85.38395,30.56686],[-85.38508,30.50847],[-85.38677,30.43556],[-85.38798,30.42172],[-85.38805,30.38307],[-85.38859,30.34813],[-85.38863,30.30911],[-85.38917,30.28473],[-85.38869,30.26589],[-85.38966,30.24899],[-85.38968,30.20097],[-85.38626,30.20139],[-85.34033,30.20059],[-85.19128,30.2008],[-85.18935,30.21695],[-85.19006,30.22201],[-85.19402,30.22872],[-85.1916,30.23434],[-85.17387,30.2444],[-85.16566,30.24668],[-85.16424,30.2561],[-85.16623,30.26048],[-85.15833,30.26385],[-85.15638,30.27097],[-85.14405,30.27733],[-85.14227,30.28161],[-85.14788,30.29227],[-85.14685,30.29831],[-85.14956,30.30159],[-85.14599,30.30734],[-85.14776,30.3187],[-85.15033,30.32144],[-85.14688,30.33135],[-85.1481,30.33632],[-85.15453,30.34064],[-85.14836,30.34556],[-85.15537,30.35058],[-85.15717,30.35803],[-85.16084,30.36133],[-85.1605,30.36691],[-85.16374,30.37265],[-85.16134,30.375],[-85.16434,30.38228],[-85.16296,30.38765],[-85.15906,30.3901],[-85.15838,30.39995],[-85.16221,30.40112],[-85.16234,30.41083],[-85.17004,30.41771],[-85.17311,30.42611],[-85.17188,30.43108],[-85.16606,30.43243],[-85.16074,30.4364],[-85.15806,30.4419],[-85.16075,30.45195],[-85.16443,30.45396],[-85.16005,30.4601],[-85.15959,30.46469]]]},"properties":{"STATEFP":"12","COUNTYFP":"013","COUSUBFP":"93592","COUSUBNS":"01935708","GEOIDFQ":"0600000US1201393592","GEOID":"1201393592","NAME":"West Calhoun","NAMELSAD":"West Calhoun CCD","STUSPS":"FL","NAMELSADCO":"Calhoun County","STATE_NAME":"Florida","LSAD":"22","ALAND":868029478,"AWATER":5132029}},
{"type":"Feature","geometry":{"type":"Polygon","coordinates":[[[-81.15258,29.35184],[-81.15379,29.38289],[-81.15534,29.40376],[-81.16656,29.42868],[-81.16981,29.43883],[-81.20662,29.53511],[-81.24466,29.59324],[-81.27692,29.65244],[-81.28212,29.65042],[-81.30128,29.65008],[-81.30591,29.64265],[-81.31143,29.64285],[-81.31852,29.65129],[-81.32434,29.65348],[-81.32406,29.62561],[-81.36958,29.62515],[-81.45815,29.62333],[-81.52366,29.62243],[-81.52228,29.55983],[-81.52047,29.49651],[-81.51523,29.48672],[-81.50111,29.46882],[-81.49069,29.45415],[-81.48669,29.44555],[-81.48599,29.42415],[-81.48039,29.41395],[-81.48009,29.40475],[-81.47629,29.39615],[-81.46809,29.39225],[-81.455,29.38965],[-81.45169,29.39015],[-81.43879,29.39715],[-81.43399,29.39855],[-81.42469,29.39732],[-81.42074,29.39965],[-81.41766,29.2693],[-81.41729,29.26116],[-81.3632,29.26167],[-81.32982,29.26228],[-81.20945,29.26406],[-81.1958,29.26478],[-81.15008,29.26596],[-81.15258,29.35184]]]},"properties":{"STATEFP":"12","COUNTYFP":"035","COUSUBFP":"90338","COUSUBNS":"01935707","GEOIDFQ":"0600000US1203590338","GEOID":"1203590338","NAME":"Bunnell","NAMELSAD":"Bunnell CCD","STUSPS":"FL","NAMELSADCO":"Flagler County","STATE_NAME":"Florida","LSAD":"22","ALAND":1109386799,"AWATER":44015714}},
{"type":"Feature","geometry":{"type":"Polygon","coordinates":[[[-84.72515,30.70565],[-84.83632,30.71071],[-84.86469,30.71154],[-84.85792,30.69841],[-84.86911,30.68319],[-84.87492,30.67199],[-84.88382,30.66669],[-84.88992,30.65999],[-84.89192,30.64969],[-84.89472,30.64459],[-84.90422,30.63629],[-84.90412,30.62559],[-84.90812,30.61949],[-84.91602,30.61559],[-84.92752,30.61249],[-84.93252,30.60639],[-84.88332,30.60559],[-84.88332,30.58317],[-84.87299,30.58433],[-84.86363,30.58895],[-84.84836,30.59062],[-84.83868,30.58873],[-84.83191,30.58473],[-84.81477,30.57942],[-84.80712,30.57912],[-84.79499,30.58102],[-84.78271,30.58617],[-84.7803,30.59545],[-84.774,30.59395],[-84.76419,30.59397],[-84.74528,30.59724],[-84.73699,30.59683],[-84.73631,30.60134],[-84.73679,30.62043],[-84.73537,30.63006],[-84.73754,30.64202],[-84.7327,30.64633],[-84.73338,30.69931],[-84.72515,30.70565]]]},"properties":{"STATEFP":"12","COUNTYFP":"039","COUSUBFP":"90520","COUSUBNS":"01935721","GEOIDFQ":"0600000US1203990520","GEOID":"1203990520","NAME":"Chattahoochee","NAMELSAD":"Chattahoochee CCD","STUSPS":"FL","NAMELSADCO":"Gadsden County","STATE_NAME":"Florida","LSAD":"22","ALAND":194641306,"AWATER":2036665}},
{"type":"Feature","geometry":{"type":"Polygon","coordinates":[[[-85.43478,30.56756],[-85.38395,30.56686],[-85.2731,30.56568],[-85.25679,30.566],[-85.17189,30.56434],[-85.17359,30.56904],[-85.17309,30.57767],[-85.16924,30.58096],[-85.17242,30.58518],[-85.17131,30.59043],[-85.16746,30.59506],[-85.16771,30.60803],[-85.16483,30.61242],[-85.1689,30.62145],[-85.16562,30.62697],[-85.16661,30.63321],[-85.17781,30.6392],[-85.17729,30.64786],[-85.184,30.65457],[-85.19375,30.65781],[-85.20499,30.66755],[-85.20535,30.67227],[-85.21486,30.6791],[-85.22553,30.68138],[-85.2266,30.68584],[-85.23234,30.68876],[-85.244,30.68903],[-85.25553,30.69191],[-85.27091,30.68808],[-85.27597,30.691],[-85.27927,30.68733],[-85.28405,30.69009],[-85.2924,30.68977],[-85.29621,30.6863],[-85.30557,30.68399],[-85.31679,30.69008],[-85.31681,30.69988],[-85.31008,30.71683],[-85.30388,30.72244],[-85.28952,30.73159],[-85.28414,30.74075],[-85.28218,30.74866],[-85.29497,30.74659],[-85.31195,30.7444],[-85.34047,30.73404],[-85.36233,30.73051],[-85.36652,30.7289],[-85.3823,30.7264],[-85.38772,30.72457],[-85.39374,30.71555],[-85.40084,30.71192],[-85.41781,30.70717],[-85.43289,30.70114],[-85.43358,30.67055],[-85.43519,30.62477],[-85.43478,30.56756]]]},"properties":{"STATEFP":"12","COUNTYFP":"063","COUSUBFP":"90013","COUSUBNS":"01935682","GEOIDFQ":"0600000US1206390013","GEOID":"1206390013","NAME":"Alford","NAMELSAD":"Alford CCD","STUSPS":"FL","NAMELSADCO":"Jackson County","STATE_NAME":"Florida","LSAD":"22","ALAND":371095219,"AWATER":9699621}},
{"type":"Feature","geometry":{"type":"Polygon","coordinates":[[[-85.01317,30.6061],[-85.01297,30.61252],[-85.01799,30.61694],[-85.00859,30.61927],[-85.009,30.62816],[-85.01322,30.63198],[-85.01337,30.64679],[-85.01068,30.64954],[-85.00888,30.65752],[-85.0078,30.672],[-85.00813,30.68458],[-85.0121,30.69763],[-85.0119,30.70825],[-84.97378,30.70776],[-84.97298,30.73564],[-84.98172,30.74465],[-84.98973,30.74474],[-84.98958,30.7521],[-85.01466,30.77602],[-85.01901,30.77586],[-85.01975,30.78638],[-85.03383,30.80373],[-85.06044,30.80333],[-85.07745,30.80449],[-85.08649,30.80094],[-85.10635,30.79607],[-85.11878,30.79215],[-85.12521,30.79191],[-85.13692,30.79215],[-85.13709,30.77637],[-85.13503,30.76883],[-85.13718,30.76663],[-85.1378,30.74027],[-85.14505,30.74036],[-85.16165,30.74448],[-85.18088,30.74702],[-85.19315,30.75318],[-85.19922,30.74991],[-85.20166,30.7431],[-85.19955,30.7206],[-85.20539,30.71676],[-85.20456,30.70571],[-85.20138,30.69546],[-85.19445,30.69136],[-85.20024,30.68641],[-85.19351,30.67829],[-85.19605,30.6724],[-85.19239,30.66757],[-85.19561,30.66066],[-85.19375,30.65781],[-85.184,30.65457],[-85.17729,30.64786],[-85.17781,30.6392],[-85.16661,30.63321],[-85.16562,30.62697],[-85.1689,30.62145],[-85.16483,30.61242],[-85.16771,30.60803],[-85.09715,30.60739],[-85.01317,30.6061]]]},"properties":{"STATEFP":"12","COUNTYFP":"063","COUSUBFP":"90728","COUSUBNS":"01935737","GEOIDFQ":"0600000US1206390728","GEOID":"1206390728","NAME":"Cypress","NAMELSAD":"Cypress CCD","STUSPS":"FL","NAMELSADCO":"Jackson County","STATE_NAME":"Florida","LSAD":"22","ALAND":339744861,"AWATER":10288250}},
{"type":"Feature","geometry":{"type":"Polygon","coordinates":[[[-84.53057,30.4398],[-84.54216,30.44079],[-84.54903,30.43728],[-84.56638,30.43368],[-84.56984,30.42615],[-84.58009,30.41735],[-84.59054,30.41192],[-84.60692,30.41614],[-84.61317,30.40999],[-84.61844,30.41081],[-84.62602,30.40845],[-84.6353,30.39955],[-84.64767,30.39461],[-84.64641,30.38828],[-84.66358,30.3784],[-84.66334,30.37244],[-84.67048,30.36414],[-84.6794,30.36824],[-84.68123,30.36153],[-84.68541,30.35561],[-84.68536,30.34992],[-84.70199,30.34211],[-84.70195,30.33865],[-84.71514,30.33014],[-84.7095,30.32349],[-84.70102,30.31904],[-84.70845,30.31015],[-84.71335,30.30017],[-84.62772,30.3005],[-84.50434,30.30186],[-84.37853,30.30271],[-84.37842,30.3034],[-84.34642,30.3034],[-84.34169,30.31316],[-84.332,30.32491],[-84.30401,30.35674],[-84.30085,30.35972],[-84.29253,30.37597],[-84.2977,30.37625],[-84.31329,30.38754],[-84.32627,30.39713],[-84.329,30.39796],[-84.3486,30.39779],[-84.35305,30.40153],[-84.35299,30.41479],[-84.35051,30.41931],[-84.35248,30.4226],[-84.35301,30.44156],[-84.36099,30.45369],[-84.36113,30.4588],[-84.36131,30.47088],[-84.36321,30.47946],[-84.3821,30.48366],[-84.39741,30.48501],[-84.4027,30.4801],[-84.40293,30.47577],[-84.41372,30.47052],[-84.42274,30.46352],[-84.43037,30.46588],[-84.43789,30.46124],[-84.44742,30.4607],[-84.45261,30.46238],[-84.46051,30.45591],[-84.46771,30.4593],[-84.47676,30.45741],[-84.48101,30.45913],[-84.48571,30.45642],[-84.49531,30.4603],[-84.49917,30.45305],[-84.51133,30.45029],[-84.52018,30.45148],[-84.52697,30.44641],[-84.53057,30.4398]]]},"properties":{"STATEFP":"12","COUNTYFP":"073","COUSUBFP":"93190","COUSUBNS":"01935934","GEOIDFQ":"0600000US1207393190","GEOID":"1207393190","NAME":"Southwest Leon","NAMELSAD":"Southwest Leon CCD","STUSPS":"FL","NAMELSADCO":"Leon County","STATE_NAME":"Florida","LSAD":"22","ALAND":516335219,"AWATER":13480836}},
{"type":"Feature","geometry":{"type":"Polygon","coordinates":[[[-82.77893,27.86535],[-82.77676,27.87294],[-82.77592,27.8846],[-82.78709,27.88375],[-82.7871,27.88006],[-82.83238,27.88042],[-82.83236,27.86573],[-82.84685,27.86539],[-82.85065,27.87164],[-82.84653,27.8543],[-82.84212,27.84396],[-82.82856,27.82225],[-82.82043,27.81374],[-82.79053,27.79105],[-82.78404,27.78227],[-82.7707,27.79604],[-82.76798,27.79863],[-82.76381,27.80816],[-82.76519,27.8208],[-82.76993,27.83334],[-82.77764,27.83407],[-82.77962,27.83971],[-82.78122,27.8546],[-82.77893,27.86535]]]},"properties":{"STATEFP":"12","COUNTYFP":"103","COUSUBFP":"90182","COUSUBNS":"01935695","GEOIDFQ":"0600000US1210390182","GEOID":"1210390182","NAME":"Boca Ciega","NAMELSAD":"Boca Ciega CCD","STUSPS":"FL","NAMELSADCO":"Pinellas County","STATE_NAME":"Florida","LSAD":"22","ALAND":42384905,"AWATER":189933117}},
{"type":"Feature","geometry":{"type":"Polygon","coordinates":[[[-81.02174,29.09133],[-81.01014,29.08853],[-81.0069,29.08318],[-80.99862,29.08255],[-80.99729,29.07529],[-80.9909,29.07204],[-80.986,29.07902],[-80.97407,29.08216],[-80.9736,29.08568],[-80.96376,29.08924],[-80.95858,29.08706],[-80.95045,29.08758],[-80.94845,29.09334],[-80.95445,29.11095],[-80.96381,29.12227],[-80.97225,29.1451],[-80.98122,29.15106],[-80.98437,29.15915],[-80.9986,29.18773],[-81.02868,29.17535],[-81.07557,29.15553],[-81.06436,29.13591],[-81.0575,29.1285],[-81.03242,29.11215],[-81.02174,29.09133]]]},"properties":{"STATEFP":"12","COUNTYFP":"127","COUSUBFP":"92847","COUSUBNS":"01935904","GEOIDFQ":"0600000US1212792847","GEOID":"1212792847","NAME":"Port Orange","NAMELSAD":"Port Orange CCD","STUSPS":"FL","NAMELSADCO":"Volusia County","STATE_NAME":"Florida","LSAD":"22","ALAND":71304543,"AWATER":9776182}},
{"type":"Feature","geometry":{"type":"Polygon","coordinates":[[[-86.39424,30.46408],[-86.386,30.46398],[-86.38226,30.46071],[-86.3691,30.46442],[-86.36484,30.46889],[-86.31013,30.49548],[-86.31203,30.50237],[-86.29245,30.51556],[-86.27959,30.51371],[-86.26455,30.51614],[-86.24641,30.51632],[-86.19149,30.52534],[-86.19136,30.55421],[-86.18155,30.55548],[-86.15319,30.56372],[-86.14093,30.57683],[-86.10989,30.59214],[-86.11073,30.59854],[-86.11736,30.62013],[-86.11406,30.64632],[-86.11434,30.6509],[-86.12124,30.66188],[-86.12272,30.66638],[-86.12278,30.6776],[-86.11598,30.67378],[-86.11083,30.67405],[-86.10596,30.66841],[-86.1036,30.67729],[-86.09497,30.68813],[-86.08427,30.69393],[-86.08011,30.69893],[-86.06796,30.70173],[-86.0595,30.7083],[-86.04673,30.71309],[-86.03756,30.71305],[-86.03742,30.80575],[-86.05017,30.80131],[-86.07013,30.79994],[-86.09294,30.80034],[-86.09723,30.79578],[-86.11083,30.78787],[-86.11999,30.78744],[-86.13946,30.79034],[-86.14728,30.78985],[-86.16084,30.7765],[-86.18271,30.78905],[-86.19139,30.79799],[-86.20033,30.79516],[-86.20902,30.77542],[-86.20186,30.77045],[-86.20096,30.75118],[-86.20696,30.74459],[-86.21638,30.746],[-86.23049,30.74659],[-86.2451,30.74937],[-86.26263,30.74985],[-86.28392,30.7515],[-86.31368,30.74339],[-86.35494,30.73576],[-86.35853,30.73006],[-86.37524,30.7302],[-86.37524,30.72289],[-86.3916,30.72189],[-86.39184,30.70686],[-86.39226,30.69402],[-86.39253,30.56527],[-86.39325,30.49715],[-86.39424,30.46408]]]},"properties":{"STATEFP":"12","COUNTYFP":"131","COUSUBFP":"90819","COUSUBNS":"01935744","GEOIDFQ":"0600000US1213190819","GEOID":"1213190819","NAME":"DeFuniak Springs","NAMELSAD":"DeFuniak Springs CCD","STUSPS":"FL","NAMELSADCO":"Walton County","STATE_NAME":"Florida","LSAD":"22","ALAND":772125852,"AWATER":11664601}},
{"type":"Feature","geometry":{"type":"Polygon","coordinates":[[[-86.3916,30.72189],[-86.37524,30.72289],[-86.37524,30.7302],[-86.35853,30.73006],[-86.35494,30.73576],[-86.31368,30.74339],[-86.28392,30.7515],[-86.26263,30.74985],[-86.2451,30.74937],[-86.23049,30.74659],[-86.21638,30.746],[-86.20696,30.74459],[-86.20096,30.75118],[-86.20186,30.77045],[-86.20902,30.77542],[-86.20033,30.79516],[-86.19139,30.79799],[-86.18271,30.78905],[-86.16084,30.7765],[-86.14728,30.78985],[-86.13946,30.79034],[-86.11999,30.78744],[-86.11083,30.78787],[-86.09723,30.79578],[-86.09294,30.80034],[-86.07013,30.79994],[-86.05017,30.80131],[-86.03742,30.80575],[-86.03619,30.86875],[-86.03504,30.99332],[-86.11692,30.99292],[-86.18023,30.99401],[-86.23833,30.99437],[-86.25645,30.99385],[-86.28925,30.9938],[-86.36927,30.99448],[-86.38865,30.99418],[-86.3886,30.94773],[-86.38928,30.87714],[-86.39004,30.86633],[-86.39093,30.8128],[-86.39183,30.74831],[-86.3916,30.72189]]]},"properties":{"STATEFP":"12","COUNTYFP":"131","COUSUBFP":"92665","COUSUBNS":"01935892","GEOIDFQ":"0600000US1213192665","GEOID":"1213192665","NAME":"Paxton-Darlington","NAMELSAD":"Paxton-Darlington CCD","STUSPS":"FL","NAMELSADCO":"Walton County","STATE_NAME":"Florida","LSAD":"22","ALAND":825355571,"AWATER":28108190}},
{"type":"Feature","geometry":{"type":"Polygon","coordinates":[[[-80.08136,26.25814],[-80.07986,26.26436],[-80.07484,26.32103],[-80.08791,26.32077],[-80.09205,26.32635],[-80.10727,26.32786],[-80.17015,26.32778],[-80.20408,26.32782],[-80.29706,26.35532],[-80.29699,26.33436],[-80.29779,26.28735],[-80.28263,26.28749],[-80.20205,26.28622],[-80.20187,26.27408],[-80.18644,26.27397],[-80.0975,26.27554],[-80.09951,26.26114],[-80.08627,26.26135],[-80.08136,26.25814]]]},"properties":{"STATEFP":"12","COUNTYFP":"011","COUSUBFP":"90806","COUSUBNS":"01935743","GEOIDFQ":"0600000US1201190806","GEOID":"1201190806","NAME":"Deerfield Beach","NAMELSAD":"Deerfield Beach CCD","STUSPS":"FL","NAMELSADCO":"Broward County","STATE_NAME":"Florida","LSAD":"22","ALAND":120605421,"AWATER":54091817}},
{"type":"Feature","geometry":{"type":"Polygon","coordinates":[[[-87.02257,30.78054],[-87.0238,30.78255],[-87.03383,30.78569],[-87.03749,30.78878],[-87.0508,30.79057],[-87.05862,30.78978],[-87.07433,30.80062],[-87.07346,30.8076],[-87.06792,30.81203],[-87.06589,30.82099],[-87.06979,30.82725],[-87.07099,30.83489],[-87.08335,30.84156],[-87.09609,30.84377],[-87.10545,30.8505],[-87.10859,30.85593],[-87.12,30.85743],[-87.11764,30.8437],[-87.11869,30.83581],[-87.14208,30.83633],[-87.22227,30.83885],[-87.22477,30.84557],[-87.23409,30.8395],[-87.23784,30.84106],[-87.24594,30.83919],[-87.30174,30.84003],[-87.30238,30.83292],[-87.29836,30.82735],[-87.29688,30.81512],[-87.29308,30.81235],[-87.29933,30.80139],[-87.30546,30.79857],[-87.30997,30.77848],[-87.30419,30.76553],[-87.31033,30.75166],[-87.3106,30.74042],[-87.31241,30.73477],[-87.3085,30.72691],[-87.29483,30.71781],[-87.29404,30.72109],[-87.28091,30.71936],[-87.28194,30.72249],[-87.25774,30.72216],[-87.25473,30.73064],[-87.24582,30.73127],[-87.24004,30.72953],[-87.22983,30.729],[-87.23022,30.72179],[-87.15038,30.72074],[-87.07805,30.71983],[-87.04518,30.71882],[-87.04366,30.73356],[-87.0376,30.7341],[-87.03981,30.73722],[-87.03865,30.74427],[-87.02174,30.74373],[-87.02208,30.73579],[-87.01347,30.73566],[-87.00886,30.73936],[-87.0062,30.73235],[-86.9812,30.73193],[-86.9843,30.74495],[-86.9976,30.76292],[-87.01321,30.77024],[-87.02257,30.78054]]]},"properties":{"STATEFP":"12","COUNTYFP":"113","COUSUBFP":"90020","COUSUBNS":"02648018","GEOIDFQ":"0600000US1211390020","GEOID":"1211390020","NAME":"Allentown","NAMELSAD":"Allentown CCD","STUSPS":"FL","NAMELSADCO":"Santa Rosa County","STATE_NAME":"Florida","LSAD":"22","ALAND":333876739,"AWATER":2887531}},
{"type":"Feature","geometry":{"type":"Polygon","coordinates":[[[-86.9812,30.73193],[-87.0062,30.73235],[-87.01386,30.72591],[-87.00561,30.71784],[-87.00584,30.71048],[-87.00135,30.71035],[-87.00148,30.70316],[-86.99726,30.70313],[-86.9974,30.69668],[-87.00594,30.69588],[-87.00476,30.68385],[-87.01551,30.68381],[-87.02452,30.68537],[-87.02782,30.68928],[-87.0276,30.69655],[-87.03263,30.70704],[-87.03882,30.70713],[-87.04189,30.71135],[-87.03524,30.71644],[-87.03972,30.71866],[-87.03932,30.72594],[-87.03092,30.72774],[-87.0376,30.7341],[-87.04366,30.73356],[-87.04518,30.71882],[-87.07805,30.71983],[-87.15038,30.72074],[-87.14526,30.711],[-87.14322,30.70325],[-87.13885,30.69995],[-87.13246,30.69103],[-87.12492,30.69134],[-87.12433,30.68473],[-87.13145,30.68294],[-87.13239,30.67552],[-87.13,30.67175],[-87.13058,30.65253],[-87.12756,30.64406],[-87.11731,30.63705],[-87.11501,30.63099],[-87.10765,30.62467],[-87.10773,30.62223],[-87.0954,30.61665],[-87.09046,30.61036],[-87.08113,30.61463],[-87.07657,30.6141],[-87.07656,30.6181],[-87.07134,30.62046],[-87.07065,30.62775],[-87.07672,30.62783],[-87.0753,30.63622],[-87.06603,30.6377],[-87.06557,30.64947],[-87.06337,30.65665],[-87.05515,30.6565],[-87.05522,30.65328],[-87.04243,30.65275],[-87.03212,30.65428],[-87.02559,30.64298],[-87.02658,30.63464],[-87.02064,30.63523],[-87.01701,30.63998],[-87.01295,30.64085],[-87.0112,30.64699],[-86.99425,30.65236],[-86.98937,30.6608],[-86.97922,30.65996],[-86.97124,30.66268],[-86.96146,30.67275],[-86.96473,30.67625],[-86.96538,30.68572],[-86.97076,30.70875],[-86.97699,30.71545],[-86.97527,30.72269],[-86.97907,30.72481],[-86.9812,30.73193]]]},"properties":{"STATEFP":"12","COUNTYFP":"113","COUSUBFP":"93127","COUSUBNS":"02648026","GEOIDFQ":"0600000US1211393127","GEOID":"1211393127","NAME":"Skyline","NAMELSAD":"Skyline CCD","STUSPS":"FL","NAMELSADCO":"Santa Rosa County","STATE_NAME":"Florida","LSAD":"22","ALAND":131123830,"AWATER":1515223}},
{"type":"Feature","geometry":{"type":"Polygon","coordinates":[[[-82.65855,29.83014],[-82.67376,29.83336],[-82.68265,29.83274],[-82.69367,29.83422],[-82.69986,29.83694],[-82.71605,29.85064],[-82.73624,29.86013],[-82.74007,29.86503],[-82.74204,29.85827],[-82.7405,29.74087],[-82.74728,29.7247],[-82.75706,29.72742],[-82.80459,29.7295],[-82.81851,29.72453],[-82.82759,29.72651],[-82.83415,29.72634],[-82.84452,29.72313],[-82.85767,29.72285],[-82.85731,29.69391],[-82.92409,29.69319],[-82.92377,29.67148],[-82.95908,29.67116],[-82.95183,29.66186],[-82.95708,29.65655],[-82.95572,29.64189],[-82.95699,29.63888],[-82.96745,29.63138],[-82.972,29.6265],[-82.97243,29.62149],[-82.96825,29.61774],[-82.97216,29.60897],[-82.96371,29.60337],[-82.95788,29.58888],[-82.95216,29.58447],[-82.94883,29.58542],[-82.9439,29.59219],[-82.93733,29.5912],[-82.92534,29.59084],[-82.85661,29.59132],[-82.85652,29.58424],[-82.81044,29.58421],[-82.7926,29.58468],[-82.77291,29.58488],[-82.77302,29.57765],[-82.75687,29.57768],[-82.75646,29.56247],[-82.6563,29.56481],[-82.6563,29.62786],[-82.65657,29.67985],[-82.65702,29.68196],[-82.65704,29.72664],[-82.6581,29.82178],[-82.65855,29.83014]]]},"properties":{"STATEFP":"12","COUNTYFP":"041","COUSUBFP":"93432","COUSUBNS":"01935956","GEOIDFQ":"0600000US1204193432","GEOID":"1204193432","NAME":"Trenton","NAMELSAD":"Trenton CCD","STUSPS":"FL","NAMELSADCO":"Gilchrist County","STATE_NAME":"Florida","LSAD":"22","ALAND":532266923,"AWATER":8290645}},
{"type":"Feature","geometry":{"type":"Polygon","coordinates":[[[-82.71647,30.50738],[-82.70755,30.5062],[-82.70584,30.50238],[-82.70833,30.49775],[-82.70607,30.49239],[-82.69666,30.48942],[-82.6967,30.4846],[-82.70243,30.48328],[-82.7018,30.47771],[-82.69505,30.47364],[-82.67674,30.47036],[-82.68049,30.46147],[-82.67047,30.45305],[-82.67289,30.44857],[-82.67023,30.44436],[-82.66219,30.43914],[-82.6591,30.4407],[-82.65275,30.42944],[-82.6539,30.42201],[-82.64999,30.41011],[-82.64555,30.40642],[-82.64705,30.39513],[-82.64995,30.39191],[-82.65781,30.39149],[-82.65836,30.38459],[-82.66566,30.37751],[-82.66228,30.37035],[-82.66578,30.36697],[-82.67443,30.3647],[-82.68695,30.35334],[-82.68147,30.34281],[-82.68416,30.33796],[-82.69366,30.33204],[-82.70313,30.33261],[-82.71031,30.32836],[-82.71643,30.32124],[-82.71251,30.31837],[-82.70282,30.31571],[-82.6807,30.3159],[-82.66158,30.31334],[-82.65588,30.28931],[-82.65695,30.28468],[-82.66255,30.27609],[-82.66783,30.26369],[-82.67139,30.2519],[-82.67462,30.24526],[-82.66667,30.24528],[-82.64287,30.24194],[-82.60793,30.24115],[-82.57593,30.24291],[-82.53704,30.24975],[-82.50906,30.25207],[-82.48162,30.25947],[-82.47405,30.25974],[-82.45751,30.25723],[-82.45768,30.31551],[-82.45832,30.44276],[-82.45707,30.44276],[-82.45948,30.58078],[-82.45979,30.58429],[-82.56924,30.59097],[-82.68954,30.59773],[-82.69174,30.59462],[-82.70092,30.5894],[-82.70666,30.58432],[-82.70357,30.58092],[-82.70672,30.57427],[-82.71703,30.56965],[-82.7155,30.56595],[-82.72658,30.55949],[-82.72125,30.54487],[-82.71707,30.54002],[-82.71453,30.53184],[-82.72763,30.53055],[-82.72862,30.52571],[-82.72426,30.51803],[-82.72019,30.5213],[-82.71614,30.51251],[-82.71647,30.50738]]]},"properties":{"STATEFP":"12","COUNTYFP":"023","COUSUBFP":"92366","COUSUBNS":"01935867","GEOIDFQ":"0600000US1202392366","GEOID":"1202392366","NAME":"North Columbia","NAMELSAD":"North Columbia CCD","STUSPS":"FL","NAMELSADCO":"Columbia County","STATE_NAME":"Florida","LSAD":"22","ALAND":821537220,"AWATER":3606540}},
{"type":"Feature","geometry":{"type":"Polygon","coordinates":[[[-85.38968,30.20097],[-85.38966,30.24899],[-85.4013,30.24386],[-85.41686,30.2491],[-85.42547,30.24947],[-85.43511,30.24631],[-85.4401,30.24818],[-85.44656,30.24747],[-85.46705,30.24099],[-85.47803,30.24461],[-85.48131,30.24224],[-85.49077,30.24224],[-85.49396,30.24514],[-85.50973,30.24766],[-85.51903,30.25138],[-85.54099,30.2521],[-85.54526,30.25708],[-85.57889,30.23329],[-85.6489,30.23297],[-85.65143,30.21271],[-85.66222,30.21208],[-85.66203,30.22239],[-85.66728,30.22597],[-85.68613,30.22596],[-85.71482,30.2272],[-85.72606,30.21555],[-85.74112,30.19031],[-85.74141,30.17784],[-85.73246,30.17081],[-85.68469,30.15129],[-85.65818,30.14001],[-85.64815,30.13017],[-85.62111,30.13024],[-85.61518,30.12632],[-85.6129,30.11156],[-85.60308,30.10042],[-85.59085,30.10368],[-85.55002,30.10682],[-85.53277,30.09576],[-85.50828,30.07146],[-85.50375,30.06584],[-85.49912,30.05581],[-85.4957,30.0391],[-85.4874,30.03326],[-85.48289,30.02753],[-85.45905,30.02319],[-85.45328,30.02456],[-85.44723,30.03009],[-85.44324,30.03801],[-85.43007,30.04963],[-85.39639,30.04027],[-85.3913,30.02764],[-85.39009,30.09776],[-85.3903,30.12143],[-85.38963,30.14519],[-85.38995,30.18822],[-85.38968,30.20097]]]},"properties":{"STATEFP":"12","COUNTYFP":"005","COUSUBFP":"92626","COUSUBNS":"01935889","GEOIDFQ":"0600000US1200592626","GEOID":"1200592626","NAME":"Panama City","NAMELSAD":"Panama City CCD","STUSPS":"FL","NAMELSADCO":"Bay County","STATE_NAME":"Florida","LSAD":"22","ALAND":457018760,"AWATER":69255267}},
{"type":"Feature","geometry":{"type":"Polygon","coordinates":[[[-81.68021,30.12124],[-81.69182,30.14234],[-81.69022,30.16134],[-81.69052,30.17194],[-81.68172,30.18144],[-81.67963,30.1905],[-81.70262,30.19148],[-81.7252,30.19101],[-81.73349,30.19347],[-81.73892,30.18932],[-81.79823,30.189],[-81.79722,30.18704],[-81.78394,30.18757],[-81.77847,30.18382],[-81.77633,30.17813],[-81.77944,30.16716],[-81.78786,30.16124],[-81.78917,30.15097],[-81.80039,30.14368],[-81.80618,30.13832],[-81.80914,30.11982],[-81.80433,30.10727],[-81.79878,30.09882],[-81.78757,30.09592],[-81.78599,30.09115],[-81.7885,30.08373],[-81.78218,30.08042],[-81.77718,30.08249],[-81.77416,30.07955],[-81.76351,30.0809],[-81.75395,30.07889],[-81.74577,30.07946],[-81.73422,30.07459],[-81.72791,30.05616],[-81.72076,30.05334],[-81.71953,30.04833],[-81.71309,30.04567],[-81.71067,30.04136],[-81.69046,30.04283],[-81.68932,30.06296],[-81.68056,30.08265],[-81.68024,30.08988],[-81.68174,30.10618],[-81.68021,30.12124]]]},"properties":{"STATEFP":"12","COUNTYFP":"019","COUSUBFP":"92509","COUSUBNS":"01935880","GEOIDFQ":"0600000US1201992509","GEOID":"1201992509","NAME":"Orange Park","NAMELSAD":"Orange Park CCD","STUSPS":"FL","NAMELSADCO":"Clay County","STATE_NAME":"Florida","LSAD":"22","ALAND":114202672,"AWATER":29947469}},
{"type":"Feature","geometry":{"type":"MultiPolygon","coordinates":[[[[-82.93733,29.5912],[-82.9439,29.59219],[-82.94883,29.58542],[-82.95216,29.58447],[-82.95788,29.58888],[-82.96371,29.60337],[-82.97216,29.60897],[-82.96825,29.61774],[-82.97243,29.62149],[-82.972,29.6265],[-82.96745,29.63138],[-82.95699,29.63888],[-82.95572,29.64189],[-82.95708,29.65655],[-82.95183,29.66186],[-82.95908,29.67116],[-82.95473,29.6754],[-82.95477,29.67906],[-82.95926,29.68579],[-82.95651,29.69168],[-82.95768,29.69826],[-82.95247,29.70392],[-82.94533,29.69994],[-82.9433,29.7049],[-82.94683,29.71146],[-82.95564,29.71627],[-82.95208,29.72122],[-82.94629,29.71492],[-82.94277,29.7204],[-82.94969,29.72628],[-82.93854,29.74449],[-82.93985,29.75317],[-82.94754,29.75284],[-82.94968,29.75792],[-82.94762,29.76611],[-82.94123,29.77284],[-82.93738,29.78358],[-82.935,29.7864],[-82.92036,29.79465],[-82.92592,29.80008],[-82.93136,29.80039],[-82.93514,29.80472],[-82.93535,29.80946],[-82.93002,29.81851],[-82.92061,29.82414],[-82.95907,29.82401],[-82.9592,29.82541],[-83.00081,29.82527],[-83.07175,29.82452],[-83.31886,29.82262],[-83.31946,29.77833],[-83.32401,29.7746],[-83.32265,29.77092],[-83.32158,29.75032],[-83.31457,29.73254],[-83.30615,29.71941],[-83.26278,29.68264],[-83.25871,29.68039],[-83.17548,29.65378],[-83.17283,29.65151],[-83.17526,29.64329],[-83.17473,29.60169],[-83.17522,29.59655],[-83.16918,29.5928],[-83.15963,29.59469],[-83.15504,29.60061],[-83.14809,29.59083],[-83.10139,29.59106],[-83.09282,29.5925],[-83.09217,29.59626],[-83.0801,29.60461],[-83.07656,29.6096],[-83.02104,29.60309],[-82.98373,29.60186],[-82.97654,29.59994],[-82.965,29.59288],[-82.95809,29.58604],[-82.95264,29.58365],[-82.94766,29.58554],[-82.94211,29.59092],[-82.93733,29.5912]]],[[[-82.90396,29.82429],[-82.91871,29.82408],[-82.91324,29.821],[-82.90396,29.82429]]]]},"properties":{"STATEFP":"12","COUNTYFP":"029","COUSUBFP":"90689","COUSUBNS":"01935734","GEOIDFQ":"0600000US1202990689","GEOID":"1202990689","NAME":"Cross City North","NAMELSAD":"Cross City North CCD","STUSPS":"FL","NAMELSADCO":"Dixie County","STATE_NAME":"Florida","LSAD":"22","ALAND":752386214,"AWATER":11485298}},
{"type":"Feature","geometry":{"type":"Polygon","coordinates":[[[-80.33414,25.70231],[-80.36468,25.70114],[-80.38097,25.70059],[-80.38205,25.69715],[-80.36608,25.69722],[-80.36585,25.68698],[-80.38922,25.68613],[-80.38868,25.66842],[-80.3859,25.66311],[-80.38597,25.65349],[-80.38437,25.64937],[-80.38531,25.63411],[-80.38024,25.62741],[-80.37883,25.6218],[-80.37788,25.60404],[-80.37496,25.59788],[-80.34812,25.59878],[-80.30827,25.59951],[-80.30885,25.60423],[-80.30539,25.61591],[-80.29827,25.62162],[-80.28632,25.62006],[-80.27583,25.63739],[-80.272,25.63919],[-80.26733,25.65898],[-80.26014,25.67452],[-80.24511,25.69842],[-80.2475,25.70921],[-80.26094,25.7079],[-80.2611,25.71267],[-80.27816,25.712],[-80.28551,25.70751],[-80.28486,25.68967],[-80.30836,25.68887],[-80.31146,25.69245],[-80.33367,25.69178],[-80.33414,25.70231]]]},"properties":{"STATEFP":"12","COUNTYFP":"086","COUSUBFP":"91714","COUSUBNS":"01935815","GEOIDFQ":"0600000US1208691714","GEOID":"1208691714","NAME":"Kendall-Palmetto Bay","NAMELSAD":"Kendall-Palmetto Bay CCD","STUSPS":"FL","NAMELSADCO":"Miami-Dade County","STATE_NAME":"Florida","LSAD":"22","ALAND":115054835,"AWATER":85665431}},
{"type":"Feature","geometry":{"type":"Polygon","coordinates":[[[-80.34462,25.86975],[-80.38807,25.86984],[-80.38608,25.79681],[-80.38548,25.761],[-80.3206,25.76242],[-80.31577,25.76809],[-80.30972,25.7715],[-80.30884,25.78482],[-80.31765,25.78459],[-80.31641,25.78864],[-80.30887,25.78875],[-80.30986,25.83241],[-80.3092,25.83694],[-80.30425,25.84006],[-80.34462,25.86975]]]},"properties":{"STATEFP":"12","COUNTYFP":"086","COUSUBFP":"92470","COUSUBNS":"01935877","GEOIDFQ":"0600000US1208692470","GEOID":"1208692470","NAME":"North Westside","NAMELSAD":"North Westside CCD","STUSPS":"FL","NAMELSADCO":"Miami-Dade County","STATE_NAME":"Florida","LSAD":"22","ALAND":77896094,"AWATER":9055067}},
{"type":"Feature","geometry":{"type":"Polygon","coordinates":[[[-81.95764,28.34518],[-81.85751,28.34597],[-81.85762,28.36187],[-81.8189,28.36171],[-81.82227,28.37185],[-81.82562,28.39129],[-81.83086,28.4126],[-81.83343,28.43848],[-81.83346,28.46453],[-81.83722,28.49183],[-81.8371,28.501],[-81.83919,28.50687],[-81.81758,28.50681],[-81.80682,28.51076],[-81.79795,28.50437],[-81.79399,28.49984],[-81.78547,28.49944],[-81.78341,28.50549],[-81.78338,28.52253],[-81.78533,28.52747],[-81.78539,28.53718],[-81.78755,28.54102],[-81.78073,28.54641],[-81.77561,28.5468],[-81.7756,28.55848],[-81.77772,28.56807],[-81.78412,28.57497],[-81.78809,28.57545],[-81.78622,28.58288],[-81.77993,28.58398],[-81.77005,28.5896],[-81.76838,28.59926],[-81.76839,28.61181],[-81.75863,28.61217],[-81.75995,28.62056],[-81.75415,28.62362],[-81.77517,28.63369],[-81.79994,28.64799],[-81.85318,28.6752],[-81.8641,28.68442],[-81.87623,28.67972],[-81.8964,28.6784],[-81.90615,28.6733],[-81.92499,28.66811],[-81.9274,28.66311],[-81.93414,28.66124],[-81.93896,28.65759],[-81.9526,28.6569],[-81.9545,28.65569],[-81.95493,28.64243],[-81.95407,28.58068],[-81.95619,28.41592],[-81.95764,28.34518]]]},"properties":{"STATEFP":"12","COUNTYFP":"069","COUSUBFP":"91365","COUSUBNS":"01935787","GEOIDFQ":"0600000US1206991365","GEOID":"1206991365","NAME":"Groveland-Mascotte","NAMELSAD":"Groveland-Mascotte CCD","STUSPS":"FL","NAMELSADCO":"Lake County","STATE_NAME":"Florida","LSAD":"22","ALAND":431136589,"AWATER":90198654}},
{"type":"Feature","geometry":{"type":"Polygon","coordinates":[[[-81.61447,28.85176],[-81.61476,28.8431],[-81.60967,28.83628],[-81.60956,28.81519],[-81.62863,28.8152],[-81.63887,28.82406],[-81.65767,28.82391],[-81.67089,28.82063],[-81.68548,28.82319],[-81.68555,28.81119],[-81.68722,28.80883],[-81.6874,28.78787],[-81.67831,28.78821],[-81.66393,28.79331],[-81.65112,28.79305],[-81.64651,28.78587],[-81.47737,28.78619],[-81.46935,28.78578],[-81.41468,28.78556],[-81.41376,28.7926],[-81.41571,28.80258],[-81.41819,28.80647],[-81.41955,28.81518],[-81.41685,28.82457],[-81.40729,28.83477],[-81.39466,28.84211],[-81.39012,28.84901],[-81.38296,28.85199],[-81.37992,28.85811],[-81.37501,28.86229],[-81.37568,28.86648],[-81.38837,28.86147],[-81.39213,28.86355],[-81.40107,28.86099],[-81.40644,28.85665],[-81.42065,28.85407],[-81.43274,28.85815],[-81.43727,28.85781],[-81.44181,28.85347],[-81.4439,28.84605],[-81.4502,28.83919],[-81.45056,28.83402],[-81.45888,28.83022],[-81.46428,28.82949],[-81.47393,28.83179],[-81.47869,28.8296],[-81.49067,28.83254],[-81.50322,28.83072],[-81.51174,28.83677],[-81.51225,28.8398],[-81.52035,28.84576],[-81.52484,28.84603],[-81.52871,28.84242],[-81.5325,28.85198],[-81.5769,28.85118],[-81.61447,28.85176]]]},"properties":{"STATEFP":"12","COUNTYFP":"069","COUSUBFP":"92262","COUSUBNS":"01935859","GEOIDFQ":"0600000US1206992262","GEOID":"1206992262","NAME":"Mount Dora","NAMELSAD":"Mount Dora CCD","STUSPS":"FL","NAMELSADCO":"Lake County","STATE_NAME":"Florida","LSAD":"22","ALAND":148592413,"AWATER":9371887}},
{"type":"Feature","geometry":{"type":"Polygon","coordinates":[[[-82.51139,27.208],[-82.50284,27.18973],[-82.49993,27.18056],[-82.48667,27.15866],[-82.47702,27.14123],[-82.46889,27.11361],[-82.46764,27.11261],[-82.4604,27.11311],[-82.45879,27.10857],[-82.44525,27.11362],[-82.44157,27.11614],[-82.42468,27.11756],[-82.41726,27.11353],[-82.41714,27.13744],[-82.41046,27.13739],[-82.42386,27.15521],[-82.43079,27.16513],[-82.43533,27.1756],[-82.43889,27.19018],[-82.45621,27.16789],[-82.46647,27.21108],[-82.4902,27.21109],[-82.49866,27.21655],[-82.50192,27.21454],[-82.50252,27.20794],[-82.51139,27.208]]]},"properties":{"STATEFP":"12","COUNTYFP":"115","COUSUBFP":"92542","COUSUBNS":"02813989","GEOIDFQ":"0600000US1211592542","GEOID":"1211592542","NAME":"Osprey-Laurel-Nokomis","NAMELSAD":"Osprey-Laurel-Nokomis CCD","STUSPS":"FL","NAMELSADCO":"Sarasota County","STATE_NAME":"Florida","LSAD":"22","ALAND":47601382,"AWATER":288343751}},
{"type":"Feature","geometry":{"type":"Polygon","coordinates":[[[-82.41046,27.13739],[-82.41714,27.13744],[-82.41726,27.11353],[-82.42468,27.11756],[-82.44157,27.11614],[-82.44525,27.11362],[-82.45879,27.10857],[-82.4604,27.11311],[-82.46764,27.11261],[-82.46532,27.11073],[-82.46032,27.09993],[-82.45633,27.08732],[-82.44575,27.06071],[-82.43839,27.05571],[-82.43703,27.0499],[-82.41033,27.01148],[-82.4025,27.01365],[-82.40194,27.0206],[-82.38574,27.02094],[-82.34762,27.02059],[-82.33919,27.02192],[-82.32918,27.02043],[-82.32279,27.02354],[-82.31421,27.02424],[-82.31086,27.02027],[-82.29537,27.02006],[-82.29529,27.03221],[-82.29135,27.04364],[-82.29371,27.05359],[-82.30407,27.0567],[-82.30609,27.06034],[-82.31471,27.06614],[-82.31289,27.07033],[-82.31654,27.0733],[-82.31917,27.08457],[-82.33153,27.09682],[-82.34154,27.11327],[-82.34768,27.11323],[-82.34672,27.1195],[-82.35001,27.12253],[-82.39756,27.12281],[-82.41046,27.13739]]]},"properties":{"STATEFP":"12","COUNTYFP":"115","COUSUBFP":"93484","COUSUBNS":"01935960","GEOIDFQ":"0600000US1211593484","GEOID":"1211593484","NAME":"Venice","NAMELSAD":"Venice CCD","STUSPS":"FL","NAMELSADCO":"Sarasota County","STATE_NAME":"Florida","LSAD":"22","ALAND":136910790,"AWATER":33257854}},
{"type":"Feature","geometry":{"type":"Polygon","coordinates":[[[-82.27209,26.78952],[-82.2695,26.78467],[-82.26468,26.75684],[-82.2638,26.72564],[-82.26427,26.72016],[-82.2588,26.71848],[-82.25975,26.72803],[-82.2544,26.74554],[-82.25321,26.75403],[-82.24989,26.76295],[-82.23064,26.77101],[-82.22065,26.76655],[-82.21,26.76808],[-82.20544,26.76443],[-82.20102,26.77077],[-82.20879,26.77172],[-82.21812,26.77979],[-82.2224,26.78199],[-82.23391,26.78322],[-82.24263,26.78574],[-82.26468,26.78943],[-82.27209,26.78952]]]},"properties":{"STATEFP":"12","COUNTYFP":"071","COUSUBFP":"90195","COUSUBNS":"01935696","GEOIDFQ":"0600000US1207190195","GEOID":"1207190195","NAME":"Boca Grande","NAMELSAD":"Boca Grande CCD","STUSPS":"FL","NAMELSADCO":"Lee County","STATE_NAME":"Florida","LSAD":"22","ALAND":5759959,"AWATER":192415724}},
{"type":"Feature","geometry":{"type":"Polygon","coordinates":[[[-81.79892,26.69671],[-81.80763,26.69818],[-81.81104,26.69526],[-81.83836,26.68785],[-81.84042,26.68914],[-81.85395,26.6755],[-81.87627,26.66137],[-81.89422,26.64751],[-81.90513,26.6358],[-81.91253,26.62784],[-81.91345,26.62426],[-81.91124,26.60773],[-81.90408,26.6032],[-81.90368,26.59718],[-81.90821,26.58305],[-81.91531,26.57225],[-81.92527,26.56302],[-81.93941,26.54355],[-81.94341,26.54005],[-81.95691,26.53315],[-81.99821,26.52961],[-81.99831,26.52638],[-82.00905,26.52007],[-82.01012,26.51292],[-82.00758,26.5063],[-82.00725,26.49714],[-82.01082,26.4936],[-82.01271,26.48688],[-82.00896,26.48405],[-81.99701,26.48486],[-81.98071,26.48096],[-81.96951,26.47651],[-81.95655,26.46669],[-81.9413,26.46445],[-81.93695,26.46007],[-81.93721,26.45296],[-81.92781,26.44846],[-81.92011,26.44046],[-81.90546,26.43468],[-81.89483,26.43276],[-81.89034,26.43367],[-81.86877,26.44121],[-81.86514,26.44638],[-81.86862,26.45991],[-81.88078,26.47328],[-81.88414,26.48431],[-81.88221,26.48784],[-81.88398,26.49911],[-81.87953,26.50534],[-81.88105,26.51092],[-81.87993,26.52104],[-81.87472,26.52752],[-81.87105,26.52449],[-81.86522,26.51528],[-81.85471,26.51641],[-81.85486,26.52823],[-81.84494,26.53101],[-81.84109,26.53616],[-81.83904,26.55007],[-81.83333,26.55717],[-81.82358,26.58031],[-81.81116,26.59718],[-81.81122,26.61263],[-81.80302,26.61275],[-81.80556,26.62338],[-81.79929,26.64657],[-81.79945,26.66318],[-81.78619,26.67446],[-81.77624,26.6919],[-81.78357,26.68743],[-81.78923,26.68691],[-81.79432,26.69045],[-81.79892,26.69671]]]},"properties":{"STATEFP":"12","COUNTYFP":"071","COUSUBFP":"91131","COUSUBNS":"01935769","GEOIDFQ":"0600000US1207191131","GEOID":"1207191131","NAME":"Fort Myers","NAMELSAD":"Fort Myers CCD","STUSPS":"FL","NAMELSADCO":"Lee County","STATE_NAME":"Florida","LSAD":"22","ALAND":208606151,"AWATER":70364261}},
{"type":"Feature","geometry":{"type":"Polygon","coordinates":[[[-80.58188,28.0637],[-80.5691,28.04185],[-80.54459,28.0423],[-80.55785,28.07183],[-80.56337,28.08603],[-80.57199,28.11159],[-80.58997,28.17799],[-80.59416,28.19586],[-80.60334,28.25256],[-80.60477,28.27199],[-80.64897,28.27179],[-80.64717,28.24589],[-80.63442,28.21252],[-80.63419,28.20823],[-80.6157,28.17212],[-80.60257,28.14279],[-80.60284,28.13735],[-80.61342,28.13408],[-80.61217,28.1226],[-80.59154,28.08397],[-80.58938,28.07649],[-80.58188,28.0637]]]},"properties":{"STATEFP":"12","COUNTYFP":"009","COUSUBFP":"91573","COUSUBNS":"01935804","GEOIDFQ":"0600000US1200991573","GEOID":"1200991573","NAME":"Indialantic-Melbourne Beach","NAMELSAD":"Indialantic-Melbourne Beach CCD","STUSPS":"FL","NAMELSADCO":"Brevard County","STATE_NAME":"Florida","LSAD":"22","ALAND":38730467,"AWATER":207076182}},
{"type":"Feature","geometry":{"type":"Polygon","coordinates":[[[-82.34961,28.98867],[-82.28351,29.05368],[-82.35237,29.05348],[-82.35167,29.15833],[-82.37915,29.14312],[-82.40695,29.13049],[-82.42378,29.12549],[-82.44828,29.11289],[-82.44112,29.1501],[-82.43897,29.1858],[-82.4372,29.19876],[-82.44005,29.21523],[-82.53486,29.21468],[-82.53478,29.15012],[-82.53589,29.13106],[-82.53501,29.05379],[-82.53559,29.04486],[-82.52581,29.04312],[-82.52048,29.03979],[-82.513,29.04316],[-82.50861,29.04033],[-82.49838,29.04178],[-82.48807,29.05145],[-82.47764,29.05248],[-82.47292,29.0512],[-82.47055,29.04658],[-82.46433,29.04519],[-82.45835,29.04435],[-82.44178,29.03548],[-82.43653,29.02769],[-82.4296,29.02133],[-82.42047,29.01854],[-82.41823,29.01305],[-82.39768,29.01701],[-82.39758,29.01149],[-82.3935,29.00801],[-82.38586,29.00808],[-82.37345,29.00237],[-82.36641,29.00262],[-82.36157,28.99365],[-82.35239,28.99124],[-82.34961,28.98867]]]},"properties":{"STATEFP":"12","COUNTYFP":"083","COUSUBFP":"90871","COUSUBNS":"01935748","GEOIDFQ":"0600000US1208390871","GEOID":"1208390871","NAME":"Dunnellon","NAMELSAD":"Dunnellon CCD","STUSPS":"FL","NAMELSADCO":"Marion County","STATE_NAME":"Florida","LSAD":"22","ALAND":310857268,"AWATER":8020497}},
{"type":"Feature","geometry":{"type":"Polygon","coordinates":[[[-80.27478,27.11764],[-80.27162,27.11867],[-80.26596,27.12573],[-80.26648,27.13256],[-80.25987,27.14409],[-80.26125,27.14702],[-80.25841,27.15351],[-80.25183,27.15887],[-80.24686,27.15829],[-80.22175,27.16798],[-80.22235,27.17313],[-80.20638,27.17241],[-80.20169,27.17057],[-80.19547,27.17144],[-80.18979,27.16637],[-80.17658,27.16684],[-80.17326,27.16507],[-80.15659,27.16456],[-80.15337,27.16931],[-80.15777,27.17922],[-80.16147,27.19281],[-80.19309,27.24955],[-80.19944,27.26302],[-80.22403,27.26302],[-80.24427,27.26301],[-80.28477,27.26372],[-80.28531,27.24392],[-80.29299,27.24198],[-80.29184,27.23693],[-80.28507,27.231],[-80.28551,27.20603],[-80.33182,27.20572],[-80.32421,27.19049],[-80.27478,27.11764]]]},"properties":{"STATEFP":"12","COUNTYFP":"085","COUSUBFP":"93250","COUSUBNS":"01935940","GEOIDFQ":"0600000US1208593250","GEOID":"1208593250","NAME":"Stuart","NAMELSAD":"Stuart CCD","STUSPS":"FL","NAMELSADCO":"Martin County","STATE_NAME":"Florida","LSAD":"22","ALAND":97344495,"AWATER":117703420}},
{"type":"Feature","geometry":{"type":"MultiPolygon","coordinates":[[[[-80.48787,25.20815],[-80.48633,25.21104],[-80.47943,25.21376],[-80.47175,25.21025],[-80.4655,25.21176],[-80.45853,25.20597],[-80.45478,25.20037],[-80.44969,25.19802],[-80.44735,25.19184],[-80.44268,25.19165],[-80.44304,25.18498],[-80.44637,25.17993],[-80.45187,25.17858],[-80.46186,25.16011],[-80.46181,25.14979],[-80.45705,25.14162],[-80.46134,25.13249],[-80.44681,25.12306],[-80.44301,25.12855],[-80.42672,25.12661],[-80.42469,25.13129],[-80.42495,25.14324],[-80.41808,25.14767],[-80.39357,25.17672],[-80.3886,25.18489],[-80.39389,25.1884],[-80.41497,25.19633],[-80.41765,25.19878],[-80.43051,25.22348],[-80.43348,25.23642],[-80.43538,25.2405],[-80.44143,25.24394],[-80.46715,25.23473],[-80.46843,25.23019],[-80.47448,25.23062],[-80.48041,25.22823],[-80.48732,25.22873],[-80.49513,25.22606],[-80.49487,25.21601],[-80.48703,25.21231],[-80.48787,25.20815]]],[[[-80.85811,25.21114],[-80.85799,25.243],[-80.86199,25.2429],[-80.86219,25.36419],[-80.87319,25.36399],[-80.87309,25.62346],[-80.87327,25.62539],[-80.8731,25.80538],[-81.2899,25.80371],[-81.39597,25.80326],[-81.47003,25.80358],[-81.45789,25.79775],[-81.44137,25.79923],[-81.4356,25.79606],[-81.42399,25.79372],[-81.41504,25.78435],[-81.39519,25.77916],[-81.38901,25.7813],[-81.38141,25.77552],[-81.37945,25.75715],[-81.38188,25.74919],[-81.37,25.74341],[-81.36016,25.74179],[-81.36049,25.73699],[-81.35525,25.72873],[-81.34608,25.72147],[-81.33504,25.71565],[-81.3303,25.71065],[-81.3119,25.70291],[-81.30326,25.69373],[-81.29033,25.68751],[-81.28752,25.67938],[-81.29185,25.67248],[-81.28491,25.66888],[-81.28942,25.66374],[-81.2899,25.65432],[-81.28372,25.65367],[-81.28301,25.64489],[-81.27332,25.6385],[-81.27527,25.62472],[-81.27149,25.61434],[-81.25116,25.60846],[-81.24171,25.60652],[-81.24052,25.59904],[-81.24284,25.59238],[-81.23904,25.57973],[-81.2327,25.57337],[-81.23358,25.56891],[-81.22843,25.56454],[-81.22556,25.55847],[-81.21408,25.54993],[-81.20932,25.54861],[-81.20317,25.53416],[-81.21015,25.51689],[-81.20971,25.50649],[-81.18898,25.48073],[-81.18023,25.47525],[-81.16797,25.46949],[-81.16865,25.46385],[-81.16711,25.45088],[-81.16254,25.44115],[-81.15715,25.43449],[-81.15751,25.42657],[-81.15183,25.42157],[-81.1497,25.40919],[-81.14714,25.4043],[-81.15066,25.39921],[-81.15051,25.38726],[-81.14139,25.38136],[-81.12305,25.37912],[-81.12445,25.37131],[-81.12253,25.36693],[-81.12514,25.36121],[-81.11916,25.35926],[-81.11726,25.35495],[-81.11821,25.34522],[-81.12141,25.33875],[-81.13391,25.343],[-81.1401,25.34112],[-81.1481,25.33279],[-81.15192,25.32477],[-81.14891,25.31807],[-81.1523,25.30554],[-81.15929,25.2986],[-81.16276,25.28481],[-81.16162,25.27535],[-81.16711,25.26997],[-81.16831,25.25318],[-81.17091,25.24586],[-81.17204,25.22228],[-81.16185,25.21473],[-81.15548,25.2081],[-81.14902,25.19771],[-81.14228,25.183],[-81.14098,25.15719],[-81.12739,25.15539],[-81.12062,25.1523],[-81.11194,25.14547],[-81.09726,25.13127],[-81.09067,25.11791],[-81.08393,25.11619],[-81.06608,25.12429],[-81.0505,25.12827],[-81.02299,25.12939],[-81.0096,25.1254],[-80.99918,25.12422],[-80.97177,25.13396],[-80.9643,25.13217],[-80.95743,25.1357],[-80.94322,25.13444],[-80.91592,25.1413],[-80.90058,25.13967],[-80.89891,25.14765],[-80.90162,25.1538],[-80.90007,25.16203],[-80.89465,25.16543],[-80.88552,25.16524],[-80.88047,25.17142],[-80.87546,25.17432],[-80.85785,25.17661],[-80.85811,25.21114]]],[[[-80.68471,25.11462],[-80.68139,25.11636],[-80.67948,25.12318],[-80.68407,25.12295],[-80.68471,25.11462]]],[[[-80.70064,25.05509],[-80.69773,25.04962],[-80.69264,25.06009],[-80.69563,25.06208],[-80.70064,25.05509]]],[[[-80.70156,25.1226],[-80.69952,25.1159],[-80.69441,25.11994],[-80.70156,25.1226]]],[[[-80.71496,25.1408],[-80.70602,25.1289],[-80.70169,25.13335],[-80.71496,25.1408]]],[[[-80.73163,24.99554],[-80.72625,24.99623],[-80.72369,25.00505],[-80.73009,25.00245],[-80.73163,24.99554]]],[[[-80.73715,25.06555],[-80.72706,25.06505],[-80.72987,25.07046],[-80.73432,25.07216],[-80.73715,25.06555]]],[[[-80.88312,25.11067],[-80.87608,25.11088],[-80.87538,25.11526],[-80.88082,25.11921],[-80.88312,25.11067]]],[[[-80.915,25.10862],[-80.91107,25.10195],[-80.90738,25.10433],[-80.91202,25.11033],[-80.915,25.10862]]],[[[-81.35599,25.70353],[-81.35562,25.69252],[-81.35056,25.68983],[-81.33824,25.6929],[-81.33601,25.70787],[-81.34124,25.71258],[-81.35215,25.70735],[-81.35599,25.70353]]],[[[-80.5144,25.15035],[-80.50543,25.14874],[-80.50815,25.15456],[-80.5144,25.15035]]],[[[-80.57084,25.14807],[-80.5655,25.14844],[-80.56194,25.13957],[-80.55798,25.14209],[-80.56502,25.14968],[-80.57084,25.14807]]],[[[-80.57417,25.1046],[-80.57096,25.10374],[-80.56074,25.1074],[-80.56858,25.1188],[-80.56716,25.10826],[-80.57417,25.1046]]],[[[-80.6077,25.17492],[-80.60367,25.17148],[-80.60204,25.16601],[-80.59619,25.16243],[-80.5868,25.16264],[-80.58663,25.17144],[-80.59437,25.17022],[-80.59948,25.17356],[-80.6077,25.17492]]],[[[-80.61941,25.07151],[-80.61338,25.06872],[-80.61422,25.05778],[-80.60756,25.05939],[-80.60982,25.06424],[-80.61063,25.07498],[-80.61941,25.07151]]],[[[-80.65867,25.10711],[-80.65305,25.10318],[-80.65076,25.09821],[-80.64808,25.08503],[-80.64913,25.07827],[-80.64657,25.07481],[-80.64064,25.07337],[-80.64009,25.08233],[-80.64412,25.09117],[-80.64123,25.09772],[-80.64616,25.10249],[-80.63837,25.1065],[-80.63429,25.12003],[-80.64291,25.13186],[-80.64744,25.13069],[-80.6394,25.12295],[-80.63927,25.11821],[-80.64642,25.10885],[-80.64974,25.10711],[-80.65625,25.10977],[-80.65867,25.10711]]],[[[-80.66556,24.9894],[-80.65759,24.98778],[-80.65529,24.996],[-80.66183,24.99527],[-80.66556,24.9894]]]]},"properties":{"STATEFP":"12","COUNTYFP":"087","COUSUBFP":"90416","COUSUBNS":"01935713","GEOIDFQ":"0600000US1208790416","GEOID":"1208790416","NAME":"Cape Sable","NAMELSAD":"Cape Sable CCD","STUSPS":"FL","NAMELSADCO":"Monroe County","STATE_NAME":"Florida","LSAD":"22","ALAND":2226276587,"AWATER":4197077413}},
{"type":"Feature","geometry":{"type":"MultiPolygon","coordinates":[[[[-81.63543,24.57911],[-81.62819,24.57907],[-81.61185,24.58558],[-81.60433,24.58616],[-81.59195,24.59348],[-81.58532,24.59538],[-81.57456,24.60094],[-81.56413,24.60384],[-81.55918,24.60957],[-81.54161,24.6144],[-81.53432,24.61791],[-81.51902,24.61881],[-81.51077,24.62567],[-81.50817,24.63815],[-81.50963,24.64706],[-81.50594,24.65451],[-81.48182,24.64781],[-81.48051,24.64457],[-81.47303,24.649],[-81.44688,24.65343],[-81.44605,24.64436],[-81.44391,24.64268],[-81.43571,24.65073],[-81.42256,24.6466],[-81.41254,24.64673],[-81.4064,24.64246],[-81.40189,24.62354],[-81.39479,24.62114],[-81.38992,24.62237],[-81.3613,24.633],[-81.3466,24.63581],[-81.33796,24.6403],[-81.33267,24.63969],[-81.32791,24.6454],[-81.31307,24.64725],[-81.2969,24.65538],[-81.30883,24.66463],[-81.31205,24.68176],[-81.31643,24.69767],[-81.3196,24.70267],[-81.33101,24.70483],[-81.33624,24.70451],[-81.34183,24.7071],[-81.35121,24.72027],[-81.35941,24.72858],[-81.36132,24.73722],[-81.36631,24.7424],[-81.36551,24.7693],[-81.37182,24.77909],[-81.37783,24.78217],[-81.40547,24.79271],[-81.41086,24.79047],[-81.4202,24.77799],[-81.45152,24.76687],[-81.45695,24.77364],[-81.45796,24.78184],[-81.45106,24.78895],[-81.43964,24.80375],[-81.44121,24.81289],[-81.44351,24.81336],[-81.47528,24.79894],[-81.4981,24.79257],[-81.50076,24.78952],[-81.51378,24.75775],[-81.5158,24.75617],[-81.56143,24.76038],[-81.57115,24.75635],[-81.5846,24.7367],[-81.59929,24.72971],[-81.64387,24.71235],[-81.65651,24.70291],[-81.67234,24.69951],[-81.68278,24.69029],[-81.68034,24.68306],[-81.67649,24.68013],[-81.66627,24.65901],[-81.65336,24.62542],[-81.6418,24.61798],[-81.64021,24.61469],[-81.63921,24.59946],[-81.64012,24.59288],[-81.63327,24.58488],[-81.63543,24.57911]]],[[[-81.28081,24.65563],[-81.26725,24.66012],[-81.24476,24.6692],[-81.2498,24.67336],[-81.26001,24.67485],[-81.26791,24.66499],[-81.27416,24.66299],[-81.28081,24.65563]]],[[[-81.29563,24.77734],[-81.29395,24.77257],[-81.28924,24.76904],[-81.28498,24.77168],[-81.29323,24.78083],[-81.29563,24.77734]]],[[[-81.31425,24.75254],[-81.30724,24.74833],[-81.29951,24.74703],[-81.3061,24.75708],[-81.31176,24.7561],[-81.31425,24.75254]]],[[[-81.33064,24.72953],[-81.32935,24.72664],[-81.32229,24.72878],[-81.31277,24.72735],[-81.30991,24.72497],[-81.30515,24.71593],[-81.30213,24.72124],[-81.30225,24.73031],[-81.31045,24.73873],[-81.31746,24.73927],[-81.3284,24.75028],[-81.32566,24.73981],[-81.32519,24.73096],[-81.33064,24.72953]]],[[[-81.34218,24.73916],[-81.3341,24.73387],[-81.33089,24.74164],[-81.34218,24.73916]]]]},"properties":{"STATEFP":"12","COUNTYFP":"087","COUSUBFP":"91976","COUSUBNS":"01935835","GEOIDFQ":"0600000US1208791976","GEOID":"1208791976","NAME":"Lower Keys","NAMELSAD":"Lower Keys CCD","STUSPS":"FL","NAMELSADCO":"Monroe County","STATE_NAME":"Florida","LSAD":"22","ALAND":131211560,"AWATER":2187534449}},
{"type":"Feature","geometry":{"type":"Polygon","coordinates":[[[-82.44861,27.38861],[-82.44709,27.38612],[-82.37481,27.38661],[-82.25226,27.38624],[-82.2532,27.28977],[-82.2536,27.20892],[-82.11292,27.20819],[-82.0565,27.20777],[-82.05607,27.24971],[-82.05653,27.27537],[-82.05575,27.33826],[-82.05549,27.4731],[-82.05961,27.47056],[-82.07288,27.46982],[-82.08858,27.46007],[-82.17673,27.4597],[-82.18386,27.46157],[-82.20451,27.47245],[-82.20878,27.47355],[-82.27032,27.47415],[-82.27888,27.47646],[-82.29637,27.4767],[-82.30163,27.47558],[-82.35454,27.49342],[-82.36185,27.50333],[-82.36374,27.51189],[-82.37178,27.51622],[-82.37539,27.52053],[-82.38235,27.52275],[-82.39459,27.51991],[-82.41069,27.52276],[-82.42089,27.51671],[-82.42688,27.51723],[-82.43165,27.52433],[-82.44243,27.51867],[-82.45059,27.52062],[-82.45521,27.52568],[-82.47035,27.52818],[-82.47757,27.52397],[-82.48362,27.52313],[-82.50091,27.52577],[-82.50537,27.52341],[-82.50147,27.51359],[-82.49796,27.50965],[-82.48136,27.50288],[-82.47566,27.49884],[-82.45927,27.46489],[-82.45934,27.43095],[-82.45847,27.42425],[-82.44861,27.38861]]]},"properties":{"STATEFP":"12","COUNTYFP":"081","COUSUBFP":"92290","COUSUBNS":"01935861","GEOIDFQ":"0600000US1208192290","GEOID":"1208192290","NAME":"Myakka City","NAMELSAD":"Myakka City CCD","STUSPS":"FL","NAMELSADCO":"Manatee County","STATE_NAME":"Florida","LSAD":"22","ALAND":808738120,"AWATER":13551204}},
{"type":"Feature","geometry":{"type":"Polygon","coordinates":[[[-80.67775,27.30208],[-80.67869,27.29405],[-80.67786,27.20599],[-80.58047,27.20603],[-80.48141,27.20637],[-80.48117,27.26428],[-80.48133,27.29467],[-80.46408,27.31064],[-80.39264,27.37444],[-80.38656,27.37954],[-80.4042,27.41591],[-80.42366,27.43905],[-80.42935,27.45407],[-80.43418,27.46141],[-80.44328,27.47023],[-80.41994,27.47008],[-80.41972,27.48454],[-80.39873,27.48423],[-80.39886,27.52103],[-80.41492,27.52114],[-80.41457,27.55776],[-80.44755,27.5581],[-80.5257,27.55871],[-80.52939,27.55833],[-80.67966,27.55874],[-80.67965,27.50077],[-80.67929,27.4557],[-80.67861,27.4486],[-80.67775,27.30208]]]},"properties":{"STATEFP":"12","COUNTYFP":"111","COUSUBFP":"93620","COUSUBNS":"01935970","GEOIDFQ":"0600000US1211193620","GEOID":"1211193620","NAME":"West St. Lucie","NAMELSAD":"West St. Lucie CCD","STUSPS":"FL","NAMELSADCO":"St. Lucie County","STATE_NAME":"Florida","LSAD":"22","ALAND":943335362,"AWATER":429115}},
{"type":"Feature","geometry":{"type":"Polygon","coordinates":[[[-80.24866,26.0312],[-80.24857,26.0237],[-80.24033,26.02403],[-80.2398,26.0112],[-80.23168,26.00964],[-80.21325,26.01005],[-80.22043,25.99916],[-80.22032,25.99529],[-80.2071,25.99533],[-80.19698,25.99527],[-80.12169,25.99741],[-80.11724,25.98699],[-80.1161,25.99813],[-80.11248,26.04745],[-80.10911,26.08101],[-80.10877,26.09009],[-80.10683,26.09331],[-80.13564,26.09284],[-80.13428,26.08028],[-80.15273,26.08126],[-80.15285,26.09238],[-80.16085,26.09036],[-80.16116,26.09907],[-80.16706,26.09881],[-80.18394,26.08775],[-80.19363,26.08542],[-80.20204,26.08811],[-80.20783,26.06792],[-80.20745,26.05343],[-80.20903,26.04666],[-80.23151,26.04607],[-80.23676,26.03866],[-80.24774,26.03321],[-80.24866,26.0312]]]},"properties":{"STATEFP":"12","COUNTYFP":"011","COUSUBFP":"91508","COUSUBNS":"01935798","GEOIDFQ":"0600000US1201191508","GEOID":"1201191508","NAME":"Hollywood","NAMELSAD":"Hollywood CCD","STUSPS":"FL","NAMELSADCO":"Broward County","STATE_NAME":"Florida","LSAD":"22","ALAND":107543476,"AWATER":78176095}},
{"type":"Feature","geometry":{"type":"Polygon","coordinates":[[[-80.75781,28.51555],[-80.72454,28.5154],[-80.72464,28.50787],[-80.71263,28.50776],[-80.70877,28.5043],[-80.70837,28.49585],[-80.70056,28.49598],[-80.70071,28.48534],[-80.68382,28.48537],[-80.68361,28.4782],[-80.67534,28.47819],[-80.67587,28.40914],[-80.64624,28.40913],[-80.5986,28.40946],[-80.58683,28.40989],[-80.5781,28.42308],[-80.56378,28.4358],[-80.53924,28.44689],[-80.52896,28.4497],[-80.52522,28.45503],[-80.52509,28.45945],[-80.53611,28.47865],[-80.54573,28.49879],[-80.55418,28.51382],[-80.56097,28.53074],[-80.56414,28.54307],[-80.56736,28.56235],[-80.57424,28.58534],[-80.58388,28.59771],[-80.5953,28.60949],[-80.61679,28.63456],[-80.6434,28.67359],[-80.64729,28.67788],[-80.70973,28.75669],[-80.73292,28.79124],[-80.84292,28.79115],[-80.83542,28.76149],[-80.83399,28.75267],[-80.83123,28.75027],[-80.81491,28.68777],[-80.81324,28.67795],[-80.8033,28.65078],[-80.80678,28.64487],[-80.80698,28.63367],[-80.79779,28.6211],[-80.78978,28.59158],[-80.77368,28.55388],[-80.76286,28.53675],[-80.75895,28.52719],[-80.75781,28.51555]]]},"properties":{"STATEFP":"12","COUNTYFP":"009","COUSUBFP":"93224","COUSUBNS":"01935937","GEOIDFQ":"0600000US1200993224","GEOID":"1200993224","NAME":"Space Center","NAMELSAD":"Space Center CCD","STUSPS":"FL","NAMELSADCO":"Brevard County","STATE_NAME":"Florida","LSAD":"22","ALAND":374640814,"AWATER":577312130}},
{"type":"Feature","geometry":{"type":"Polygon","coordinates":[[[-86.79919,30.41639],[-86.79939,30.40619],[-86.79948,30.38722],[-86.73861,30.39335],[-86.71306,30.39479],[-86.65709,30.39684],[-86.62512,30.39663],[-86.58686,30.39276],[-86.58056,30.39294],[-86.55954,30.39021],[-86.5411,30.38895],[-86.52022,30.38664],[-86.50615,30.3823],[-86.48952,30.38351],[-86.47085,30.3839],[-86.44389,30.3832],[-86.39736,30.37866],[-86.39538,30.43334],[-86.39478,30.45007],[-86.39831,30.44941],[-86.40852,30.45312],[-86.42048,30.44762],[-86.42448,30.44922],[-86.44659,30.48108],[-86.45054,30.4904],[-86.45797,30.48314],[-86.47,30.4816],[-86.47433,30.47927],[-86.47621,30.47277],[-86.48361,30.46321],[-86.49309,30.45676],[-86.51276,30.45151],[-86.52813,30.45208],[-86.53798,30.44808],[-86.57141,30.44846],[-86.57581,30.45309],[-86.57705,30.46058],[-86.57438,30.46335],[-86.57885,30.4704],[-86.58869,30.4705],[-86.59541,30.46808],[-86.59689,30.46324],[-86.60435,30.4635],[-86.60415,30.47078],[-86.61645,30.47118],[-86.62557,30.46787],[-86.63407,30.46791],[-86.6384,30.46067],[-86.64669,30.46089],[-86.6468,30.46473],[-86.65117,30.46818],[-86.65537,30.46819],[-86.65554,30.43531],[-86.67223,30.4358],[-86.67314,30.41389],[-86.68013,30.41406],[-86.68195,30.40563],[-86.68767,30.40476],[-86.70797,30.40604],[-86.7147,30.40728],[-86.71476,30.41453],[-86.76431,30.41571],[-86.76875,30.41006],[-86.77848,30.41592],[-86.79919,30.41639]]]},"properties":{"STATEFP":"12","COUNTYFP":"091","COUSUBFP":"91170","COUSUBNS":"01935772","GEOIDFQ":"0600000US1209191170","GEOID":"1209191170","NAME":"Fort Walton Beach","NAMELSAD":"Fort Walton Beach CCD","STUSPS":"FL","NAMELSADCO":"Okaloosa County","STATE_NAME":"Florida","LSAD":"22","ALAND":105390343,"AWATER":783922575}},
{"type":"Feature","geometry":{"type":"Polygon","coordinates":[[[-81.27193,26.42265],[-81.27177,26.51707],[-81.45133,26.51548],[-81.46627,26.51384],[-81.56376,26.51333],[-81.56274,26.4544],[-81.56252,26.42262],[-81.65951,26.42108],[-81.6579,26.31756],[-81.7544,26.31675],[-81.75523,26.29406],[-81.75508,26.27274],[-81.65692,26.27328],[-81.60462,26.27677],[-81.60122,26.27731],[-81.60083,26.24633],[-81.56116,26.2468],[-81.56098,26.24495],[-81.51167,26.24566],[-81.50761,26.23102],[-81.50642,26.22253],[-81.50678,26.1533],[-81.34499,26.15487],[-81.26024,26.15575],[-81.25347,26.15857],[-81.24744,26.16399],[-81.24029,26.16628],[-80.87917,26.17288],[-80.87971,26.25931],[-81.1068,26.25597],[-81.26824,26.25307],[-81.27193,26.42265]]]},"properties":{"STATEFP":"12","COUNTYFP":"021","COUSUBFP":"91560","COUSUBNS":"01935803","GEOIDFQ":"0600000US1202191560","GEOID":"1202191560","NAME":"Immokalee","NAMELSAD":"Immokalee CCD","STUSPS":"FL","NAMELSADCO":"Collier County","STATE_NAME":"Florida","LSAD":"22","ALAND":1666706479,"AWATER":37676417}},
{"type":"Feature","geometry":{"type":"Polygon","coordinates":[[[-82.05447,27.59525],[-81.97674,27.5948],[-81.89567,27.59476],[-81.82226,27.59491],[-81.82656,27.61353],[-81.82405,27.61917],[-81.81663,27.61577],[-81.81251,27.61837],[-81.80166,27.61934],[-81.80065,27.61523],[-81.7948,27.61157],[-81.79674,27.60178],[-81.80282,27.59166],[-81.80171,27.58489],[-81.80447,27.57576],[-81.80307,27.57403],[-81.78985,27.583],[-81.78433,27.58532],[-81.77858,27.58229],[-81.77384,27.58393],[-81.76906,27.59127],[-81.76673,27.59806],[-81.76813,27.60321],[-81.76211,27.61175],[-81.7541,27.61473],[-81.74899,27.61896],[-81.74322,27.6194],[-81.73924,27.62417],[-81.72824,27.62539],[-81.72793,27.63122],[-81.73817,27.63896],[-81.74132,27.64628],[-81.87827,27.64624],[-82.05435,27.64638],[-82.05447,27.59525]]]},"properties":{"STATEFP":"12","COUNTYFP":"049","COUSUBFP":"90247","COUSUBNS":"01935700","GEOIDFQ":"0600000US1204990247","GEOID":"1204990247","NAME":"Bowling Green","NAMELSAD":"Bowling Green CCD","STUSPS":"FL","NAMELSADCO":"Hardee County","STATE_NAME":"Florida","LSAD":"22","ALAND":169476106,"AWATER":504627}},
{"type":"Feature","geometry":{"type":"Polygon","coordinates":[[[-81.56372,27.49398],[-81.56353,27.64665],[-81.66227,27.64648],[-81.74132,27.64628],[-81.73817,27.63896],[-81.72793,27.63122],[-81.72824,27.62539],[-81.73924,27.62417],[-81.74322,27.6194],[-81.74899,27.61896],[-81.7541,27.61473],[-81.76211,27.61175],[-81.76813,27.60321],[-81.76673,27.59806],[-81.76906,27.59127],[-81.77384,27.58393],[-81.77858,27.58229],[-81.78433,27.58532],[-81.78985,27.583],[-81.80307,27.57403],[-81.79753,27.56826],[-81.7921,27.56626],[-81.79021,27.55833],[-81.79438,27.55202],[-81.79117,27.5486],[-81.79219,27.53551],[-81.79493,27.53253],[-81.78969,27.52363],[-81.79152,27.51437],[-81.79817,27.50873],[-81.79797,27.50442],[-81.80401,27.50464],[-81.81081,27.50059],[-81.80893,27.49455],[-81.81259,27.48951],[-81.82119,27.49234],[-81.82335,27.48709],[-81.8279,27.48491],[-81.8328,27.47755],[-81.83574,27.46918],[-81.84441,27.4704],[-81.84901,27.46762],[-81.84983,27.46289],[-81.84542,27.45695],[-81.85083,27.44178],[-81.84835,27.4334],[-81.84978,27.42709],[-81.85349,27.42187],[-81.84718,27.41882],[-81.84888,27.40747],[-81.84418,27.38347],[-81.84013,27.37628],[-81.83213,27.3733],[-81.83175,27.36583],[-81.82469,27.35557],[-81.82718,27.35137],[-81.82503,27.34157],[-81.82903,27.34012],[-81.71063,27.34017],[-81.66171,27.34057],[-81.56406,27.34064],[-81.56379,27.41491],[-81.56372,27.49398]]]},"properties":{"STATEFP":"12","COUNTYFP":"049","COUSUBFP":"93783","COUSUBNS":"01935983","GEOIDFQ":"0600000US1204993783","GEOID":"1204993783","NAME":"Zolfo Springs","NAMELSAD":"Zolfo Springs CCD","STUSPS":"FL","NAMELSADCO":"Hardee County","STATE_NAME":"Florida","LSAD":"22","ALAND":821125595,"AWATER":120529}},
{"type":"Feature","geometry":{"type":"Polygon","coordinates":[[[-80.43939,25.95685],[-80.31062,25.95717],[-80.29498,25.95693],[-80.2951,25.97057],[-80.24692,25.97187],[-80.20622,25.97265],[-80.19084,25.97323],[-80.19115,25.98434],[-80.1984,25.98419],[-80.19851,25.98778],[-80.20684,25.98797],[-80.2071,25.99533],[-80.22032,25.99529],[-80.22043,25.99916],[-80.21325,26.01005],[-80.23168,26.00964],[-80.2398,26.0112],[-80.24033,26.02403],[-80.24857,26.0237],[-80.24866,26.0312],[-80.29681,26.02962],[-80.3126,26.02954],[-80.31279,26.03518],[-80.34729,26.03561],[-80.44172,26.03516],[-80.43939,25.95685]]]},"properties":{"STATEFP":"12","COUNTYFP":"011","COUSUBFP":"92236","COUSUBNS":"01935857","GEOIDFQ":"0600000US1201192236","GEOID":"1201192236","NAME":"Miramar-Pembroke Pines","NAMELSAD":"Miramar-Pembroke Pines CCD","STUSPS":"FL","NAMELSADCO":"Broward County","STATE_NAME":"Florida","LSAD":"22","ALAND":164054595,"AWATER":11172326}},
{"type":"Feature","geometry":{"type":"Polygon","coordinates":[[[-81.26445,28.44867],[-81.28076,28.47296],[-81.28539,28.47701],[-81.28561,28.50591],[-81.28953,28.51284],[-81.28934,28.51842],[-81.28572,28.5225],[-81.28669,28.60606],[-81.2823,28.61112],[-81.32789,28.6105],[-81.32848,28.63963],[-81.36163,28.63933],[-81.36165,28.64041],[-81.4152,28.64006],[-81.45796,28.6402],[-81.45909,28.63461],[-81.4792,28.63176],[-81.48579,28.63338],[-81.49251,28.6291],[-81.49322,28.62183],[-81.49774,28.61649],[-81.49836,28.61248],[-81.49701,28.61035],[-81.49681,28.57765],[-81.47606,28.57765],[-81.47578,28.53162],[-81.47182,28.52594],[-81.47184,28.52111],[-81.48179,28.51835],[-81.48608,28.5135],[-81.48377,28.50282],[-81.48016,28.50026],[-81.46732,28.49518],[-81.45595,28.48749],[-81.44289,28.47054],[-81.42647,28.45682],[-81.42081,28.45027],[-81.41106,28.43594],[-81.39698,28.42503],[-81.39152,28.41492],[-81.39109,28.38471],[-81.38842,28.36163],[-81.38297,28.34789],[-81.23216,28.34815],[-81.24153,28.35738],[-81.24459,28.36447],[-81.24464,28.40062],[-81.24311,28.41628],[-81.24515,28.42008],[-81.25557,28.42843],[-81.25738,28.4377],[-81.26445,28.44867]]]},"properties":{"STATEFP":"12","COUNTYFP":"095","COUSUBFP":"92522","COUSUBNS":"01935881","GEOIDFQ":"0600000US1209592522","GEOID":"1209592522","NAME":"Orlando","NAMELSAD":"Orlando CCD","STUSPS":"FL","NAMELSADCO":"Orange County","STATE_NAME":"Florida","LSAD":"22","ALAND":495391320,"AWATER":45615382}},
{"type":"Feature","geometry":{"type":"Polygon","coordinates":[[[-80.4824,26.95795],[-80.48329,26.88557],[-80.4666,26.88552],[-80.46686,26.84209],[-80.41159,26.79473],[-80.39481,26.77808],[-80.36266,26.74105],[-80.3457,26.75381],[-80.34564,26.75764],[-80.33645,26.76588],[-80.307,26.76515],[-80.29513,26.76556],[-80.19938,26.76583],[-80.19738,26.81154],[-80.22932,26.81233],[-80.24441,26.81168],[-80.26923,26.81202],[-80.26852,26.84283],[-80.27831,26.84309],[-80.27827,26.854],[-80.26776,26.85394],[-80.26523,26.86902],[-80.26437,26.88467],[-80.28195,26.89639],[-80.28659,26.90117],[-80.2931,26.90387],[-80.37484,26.95839],[-80.44379,26.95768],[-80.4824,26.95795]]]},"properties":{"STATEFP":"12","COUNTYFP":"099","COUSUBFP":"93594","COUSUBNS":"02583402","GEOIDFQ":"0600000US1209993594","GEOID":"1209993594","NAME":"Western Community","NAMELSAD":"Western Community CCD","STUSPS":"FL","NAMELSADCO":"Palm Beach County","STATE_NAME":"Florida","LSAD":"22","ALAND":396086089,"AWATER":966826}},
{"type":"Feature","geometry":{"type":"Polygon","coordinates":[[[-82.67459,28.69406],[-82.66725,28.69174],[-82.66803,28.68329],[-82.65513,28.68048],[-82.65513,28.67485],[-82.66202,28.66735],[-82.66939,28.66922],[-82.66797,28.66317],[-82.67529,28.66104],[-82.67771,28.65483],[-82.66797,28.64753],[-82.67288,28.64121],[-82.67102,28.6287],[-82.66582,28.62305],[-82.65988,28.62218],[-82.65325,28.61626],[-82.65393,28.61348],[-82.66351,28.60669],[-82.65682,28.60537],[-82.65536,28.5923],[-82.64427,28.58418],[-82.64594,28.58047],[-82.65622,28.57538],[-82.65669,28.56869],[-82.65109,28.55697],[-82.65228,28.55217],[-82.66165,28.55414],[-82.66313,28.55077],[-82.65669,28.54481],[-82.65275,28.53776],[-82.65489,28.53275],[-82.66804,28.5282],[-82.66942,28.51988],[-82.66892,28.50769],[-82.67015,28.50077],[-82.66639,28.49733],[-82.66892,28.4939],[-82.66447,28.48879],[-82.66791,28.47797],[-82.6667,28.4756],[-82.66999,28.46834],[-82.67971,28.46627],[-82.68047,28.46081],[-82.66806,28.45586],[-82.66463,28.45205],[-82.66776,28.44858],[-82.66721,28.44223],[-82.67094,28.44062],[-82.66989,28.43358],[-82.63996,28.43384],[-82.62547,28.46248],[-82.58779,28.50376],[-82.57459,28.51446],[-82.57051,28.5206],[-82.55274,28.59181],[-82.55157,28.598],[-82.5524,28.69464],[-82.67459,28.69406]]]},"properties":{"STATEFP":"12","COUNTYFP":"053","COUSUBFP":"91475","COUSUBNS":"02583395","GEOIDFQ":"0600000US1205391475","GEOID":"1205391475","NAME":"Hernando Beach","NAMELSAD":"Hernando Beach CCD","STUSPS":"FL","NAMELSADCO":"Hernando County","STATE_NAME":"Florida","LSAD":"22","ALAND":226908938,"AWATER":594723412}},
{"type":"Feature","geometry":{"type":"Polygon","coordinates":[[[-81.77624,26.6919],[-81.78619,26.67446],[-81.79945,26.66318],[-81.79929,26.64657],[-81.80556,26.62338],[-81.80302,26.61275],[-81.81122,26.61263],[-81.81116,26.59718],[-81.82358,26.58031],[-81.83333,26.55717],[-81.83904,26.55007],[-81.84109,26.53616],[-81.84494,26.53101],[-81.85486,26.52823],[-81.85471,26.51641],[-81.85352,26.51049],[-81.84091,26.49247],[-81.79424,26.49313],[-81.79401,26.4847],[-81.78624,26.45654],[-81.77764,26.43235],[-81.73877,26.4512],[-81.69535,26.45345],[-81.6875,26.45003],[-81.56641,26.45128],[-81.56274,26.4544],[-81.56376,26.51333],[-81.56576,26.64406],[-81.56638,26.69595],[-81.57501,26.69993],[-81.58645,26.69864],[-81.59108,26.70076],[-81.59524,26.6983],[-81.6149,26.69794],[-81.63365,26.68862],[-81.64317,26.69134],[-81.65599,26.70273],[-81.72509,26.7017],[-81.73201,26.68791],[-81.73202,26.67489],[-81.73573,26.67493],[-81.73706,26.68129],[-81.74766,26.68878],[-81.75271,26.68901],[-81.76411,26.69384],[-81.77159,26.69089],[-81.77624,26.6919]]]},"properties":{"STATEFP":"12","COUNTYFP":"071","COUSUBFP":"91937","COUSUBNS":"01935832","GEOIDFQ":"0600000US1207191937","GEOID":"1207191937","NAME":"Lehigh Acres","NAMELSAD":"Lehigh Acres CCD","STUSPS":"FL","NAMELSADCO":"Lee County","STATE_NAME":"Florida","LSAD":"22","ALAND":651612937,"AWATER":26529216}},
{"type":"Feature","geometry":{"type":"Polygon","coordinates":[[[-81.15781,28.61223],[-81.22618,28.61182],[-81.27783,28.61121],[-81.2823,28.61112],[-81.28669,28.60606],[-81.28572,28.5225],[-81.28934,28.51842],[-81.28953,28.51284],[-81.28561,28.50591],[-81.28539,28.47701],[-81.28076,28.47296],[-81.26445,28.44867],[-81.25918,28.44866],[-81.2444,28.45145],[-81.16109,28.45179],[-81.10831,28.45155],[-81.10925,28.45744],[-81.11599,28.46323],[-81.11331,28.4757],[-81.11974,28.48161],[-81.12965,28.49575],[-81.1346,28.49948],[-81.13695,28.50703],[-81.13614,28.51234],[-81.13188,28.51679],[-81.12757,28.5251],[-81.12646,28.53213],[-81.12239,28.54041],[-81.12924,28.54364],[-81.13168,28.54838],[-81.14519,28.55288],[-81.14748,28.55991],[-81.15192,28.56296],[-81.16718,28.58158],[-81.17015,28.58701],[-81.16336,28.58958],[-81.15784,28.59916],[-81.15992,28.60537],[-81.15781,28.61223]]]},"properties":{"STATEFP":"12","COUNTYFP":"095","COUSUBFP":"93458","COUSUBNS":"01935958","GEOIDFQ":"0600000US1209593458","GEOID":"1209593458","NAME":"Union Park","NAMELSAD":"Union Park CCD","STUSPS":"FL","NAMELSADCO":"Orange County","STATE_NAME":"Florida","LSAD":"22","ALAND":248941383,"AWATER":7265213}},
{"type":"Feature","geometry":{"type":"Polygon","coordinates":[[[-87.13817,30.38705],[-87.12497,30.39388],[-87.09162,30.41286],[-87.08723,30.41473],[-87.09258,30.42451],[-87.09229,30.43872],[-87.08177,30.44629],[-87.06784,30.44891],[-87.06669,30.46219],[-87.06321,30.47164],[-87.07649,30.4719],[-87.07628,30.47906],[-87.06782,30.48969],[-87.07501,30.49064],[-87.07397,30.50697],[-87.07161,30.52251],[-87.06664,30.52382],[-87.06644,30.53763],[-87.06197,30.53702],[-87.05892,30.55582],[-87.06644,30.55643],[-87.06573,30.57304],[-87.06988,30.57737],[-87.06908,30.60219],[-87.07182,30.60247],[-87.07934,30.59517],[-87.09875,30.5956],[-87.09879,30.58812],[-87.10708,30.58833],[-87.10737,30.58122],[-87.11173,30.58131],[-87.11192,30.57433],[-87.13946,30.57454],[-87.14606,30.56935],[-87.15168,30.56781],[-87.17181,30.55525],[-87.1763,30.55853],[-87.18575,30.55538],[-87.18989,30.5488],[-87.17981,30.54475],[-87.15933,30.53926],[-87.15409,30.5353],[-87.13681,30.51164],[-87.12145,30.49742],[-87.12571,30.4855],[-87.13331,30.46864],[-87.13452,30.46204],[-87.14155,30.43648],[-87.1482,30.419],[-87.13817,30.38705]]]},"properties":{"STATEFP":"12","COUNTYFP":"113","COUSUBFP":"90085","COUSUBNS":"02648019","GEOIDFQ":"0600000US1211390085","GEOID":"1211390085","NAME":"Avalon-Mulat","NAMELSAD":"Avalon-Mulat CCD","STUSPS":"FL","NAMELSADCO":"Santa Rosa County","STATE_NAME":"Florida","LSAD":"22","ALAND":67438395,"AWATER":70995570}},
{"type":"Feature","geometry":{"type":"Polygon","coordinates":[[[-81.67648,27.92365],[-81.71724,27.92368],[-81.71811,27.91633],[-81.74001,27.91624],[-81.74793,27.91186],[-81.75602,27.90942],[-81.7945,27.90925],[-81.79608,27.91678],[-81.79536,27.92627],[-81.79272,27.93253],[-81.79567,27.9349],[-81.79873,27.94566],[-81.80527,27.94229],[-81.8136,27.93533],[-81.82629,27.92265],[-81.84158,27.93219],[-81.84509,27.93294],[-81.8509,27.93869],[-81.85602,27.9529],[-81.87837,27.95298],[-81.87827,27.94578],[-81.92359,27.94561],[-81.92359,27.95291],[-81.94841,27.95296],[-81.94842,27.93509],[-81.97397,27.93472],[-81.9742,27.93851],[-82.01417,27.93856],[-82.0553,27.93818],[-82.05487,27.90724],[-82.05525,27.87805],[-82.05523,27.86527],[-82.05404,27.85465],[-82.05435,27.64638],[-81.87827,27.64624],[-81.74132,27.64628],[-81.66227,27.64648],[-81.66251,27.69015],[-81.69457,27.69003],[-81.69518,27.6909],[-81.6952,27.73347],[-81.64615,27.73342],[-81.64617,27.7399],[-81.65027,27.74141],[-81.6499,27.77233],[-81.63611,27.78771],[-81.63598,27.80873],[-81.63845,27.81411],[-81.64434,27.88113],[-81.65057,27.893],[-81.67648,27.92365]]]},"properties":{"STATEFP":"12","COUNTYFP":"105","COUSUBFP":"90117","COUSUBNS":"01935690","GEOIDFQ":"0600000US1210590117","GEOID":"1210590117","NAME":"Bartow","NAMELSAD":"Bartow CCD","STUSPS":"FL","NAMELSADCO":"Polk County","STATE_NAME":"Florida","LSAD":"22","ALAND":1072698501,"AWATER":172917780}},
{"type":"Feature","geometry":{"type":"Polygon","coordinates":[[[-81.79424,29.91088],[-81.77228,29.91639],[-81.76168,29.91993],[-81.74277,29.94488],[-81.74693,29.95674],[-81.75291,29.96777],[-81.75445,29.98002],[-81.75807,29.98837],[-81.76137,29.99125],[-81.76233,30.00024],[-81.75622,30.00475],[-81.74959,30.0062],[-81.73847,30.02331],[-81.73226,30.02533],[-81.7242,30.03372],[-81.72837,30.03558],[-81.76111,30.06599],[-81.76822,30.06854],[-81.77627,30.0735],[-81.7794,30.07476],[-81.80922,30.07735],[-81.81835,30.07278],[-81.82013,30.06337],[-81.82797,30.06713],[-81.82783,30.07325],[-81.84173,30.08169],[-81.84346,30.07274],[-81.84883,30.07207],[-81.85533,30.06473],[-81.86251,30.06583],[-81.86664,30.05952],[-81.87616,30.05691],[-81.87159,30.04316],[-81.87713,30.03697],[-81.86617,30.01772],[-81.86291,30.01454],[-81.86232,30.00891],[-81.85684,30.00832],[-81.85045,30.00099],[-81.85338,29.99463],[-81.85138,29.98693],[-81.85241,29.97622],[-81.84953,29.96396],[-81.84633,29.96145],[-81.84234,29.95161],[-81.83934,29.95229],[-81.82196,29.94396],[-81.81478,29.93744],[-81.81223,29.92897],[-81.80474,29.92425],[-81.79599,29.91645],[-81.79424,29.91088]]]},"properties":{"STATEFP":"12","COUNTYFP":"019","COUSUBFP":"92678","COUSUBNS":"01935893","GEOIDFQ":"0600000US1201992678","GEOID":"1201992678","NAME":"Penney Farms","NAMELSAD":"Penney Farms CCD","STUSPS":"FL","NAMELSADCO":"Clay County","STATE_NAME":"Florida","LSAD":"22","ALAND":169036251,"AWATER":700279}},
{"type":"Feature","geometry":{"type":"Polygon","coordinates":[[[-80.61342,28.13408],[-80.60284,28.13735],[-80.60257,28.14279],[-80.6157,28.17212],[-80.63419,28.20823],[-80.63442,28.21252],[-80.64717,28.24589],[-80.64897,28.27179],[-80.65047,28.28889],[-80.64978,28.32739],[-80.64799,28.35756],[-80.64897,28.37048],[-80.64624,28.40913],[-80.67587,28.40914],[-80.67534,28.47819],[-80.68361,28.4782],[-80.68382,28.48537],[-80.70071,28.48534],[-80.70056,28.49598],[-80.70837,28.49585],[-80.70877,28.5043],[-80.71263,28.50776],[-80.72464,28.50787],[-80.72454,28.5154],[-80.75781,28.51555],[-80.75758,28.49118],[-80.74977,28.45768],[-80.7415,28.42849],[-80.73346,28.40402],[-80.73192,28.39723],[-80.70778,28.33229],[-80.6941,28.30297],[-80.67328,28.25289],[-80.66348,28.23219],[-80.63928,28.18069],[-80.61808,28.13329],[-80.61342,28.13408]]]},"properties":{"STATEFP":"12","COUNTYFP":"009","COUSUBFP":"92132","COUSUBNS":"01935849","GEOIDFQ":"0600000US1200992132","GEOID":"1200992132","NAME":"Merritt Island","NAMELSAD":"Merritt Island CCD","STUSPS":"FL","NAMELSADCO":"Brevard County","STATE_NAME":"Florida","LSAD":"22","ALAND":89057919,"AWATER":106581884}},
{"type":"Feature","geometry":{"type":"Polygon","coordinates":[[[-80.15497,25.76428],[-80.16231,25.76435],[-80.17347,25.76978],[-80.17914,25.75134],[-80.17892,25.74605],[-80.17512,25.74445],[-80.15426,25.72321],[-80.16177,25.71608],[-80.17243,25.70957],[-80.16786,25.7064],[-80.16687,25.70108],[-80.17532,25.69169],[-80.17731,25.6866],[-80.16263,25.67444],[-80.15943,25.66618],[-80.15293,25.67158],[-80.1566,25.69115],[-80.15589,25.69852],[-80.15232,25.70533],[-80.15108,25.71293],[-80.14817,25.7191],[-80.14805,25.72585],[-80.15937,25.73301],[-80.14514,25.74155],[-80.14059,25.75423],[-80.15497,25.76428]]]},"properties":{"STATEFP":"12","COUNTYFP":"086","COUSUBFP":"91729","COUSUBNS":"01935816","GEOIDFQ":"0600000US1208691729","GEOID":"1208691729","NAME":"Key Biscayne","NAMELSAD":"Key Biscayne CCD","STUSPS":"FL","NAMELSADCO":"Miami-Dade County","STATE_NAME":"Florida","LSAD":"22","ALAND":12195419,"AWATER":87692044}},
{"type":"Feature","geometry":{"type":"Polygon","coordinates":[[[-81.65739,28.55312],[-81.65752,28.47791],[-81.65727,28.3471],[-81.64823,28.34692],[-81.53317,28.34729],[-81.48759,28.34709],[-81.45775,28.34728],[-81.44793,28.34791],[-81.38297,28.34789],[-81.38842,28.36163],[-81.39109,28.38471],[-81.39152,28.41492],[-81.39698,28.42503],[-81.41106,28.43594],[-81.42081,28.45027],[-81.42647,28.45682],[-81.44289,28.47054],[-81.45595,28.48749],[-81.46732,28.49518],[-81.48016,28.50026],[-81.48377,28.50282],[-81.50121,28.51472],[-81.51719,28.52775],[-81.52922,28.53449],[-81.53739,28.54319],[-81.54516,28.54649],[-81.56214,28.54634],[-81.56927,28.54529],[-81.61364,28.54517],[-81.62546,28.54798],[-81.63625,28.54836],[-81.65229,28.55283],[-81.65739,28.55312]]]},"properties":{"STATEFP":"12","COUNTYFP":"095","COUSUBFP":"93198","COUSUBNS":"01935935","GEOIDFQ":"0600000US1209593198","GEOID":"1209593198","NAME":"Southwest Orange","NAMELSAD":"Southwest Orange CCD","STUSPS":"FL","NAMELSADCO":"Orange County","STATE_NAME":"Florida","LSAD":"22","ALAND":418366255,"AWATER":62532683}},
{"type":"Feature","geometry":{"type":"Polygon","coordinates":[[[-82.23496,29.26713],[-82.25732,29.26728],[-82.26184,29.26859],[-82.27039,29.27431],[-82.28474,29.2809],[-82.29278,29.28236],[-82.33604,29.28234],[-82.34176,29.28314],[-82.37056,29.28272],[-82.38554,29.27985],[-82.40459,29.27886],[-82.40324,29.21562],[-82.44005,29.21523],[-82.4372,29.19876],[-82.43897,29.1858],[-82.44112,29.1501],[-82.44828,29.11289],[-82.42378,29.12549],[-82.40695,29.13049],[-82.37915,29.14312],[-82.35167,29.15833],[-82.35237,29.05348],[-82.28351,29.05368],[-82.2523,29.08415],[-82.25357,29.08623],[-82.25243,29.09941],[-82.25518,29.10799],[-82.25233,29.1123],[-82.25188,29.12622],[-82.2516,29.20837],[-82.23895,29.20847],[-82.23885,29.22232],[-82.23541,29.22452],[-82.23496,29.26713]]]},"properties":{"STATEFP":"12","COUNTYFP":"083","COUSUBFP":"91053","COUSUBNS":"01935763","GEOIDFQ":"0600000US1208391053","GEOID":"1208391053","NAME":"Fellowship","NAMELSAD":"Fellowship CCD","STUSPS":"FL","NAMELSADCO":"Marion County","STATE_NAME":"Florida","LSAD":"22","ALAND":360133502,"AWATER":528871}},
{"type":"Feature","geometry":{"type":"Polygon","coordinates":[[[-85.29655,30.93637],[-85.28678,30.94411],[-85.27486,30.9447],[-85.25332,30.94831],[-85.23969,30.95188],[-85.23849,30.93982],[-85.23634,30.9352],[-85.23301,30.91806],[-85.22767,30.91133],[-85.21853,30.91309],[-85.20633,30.9104],[-85.19465,30.91035],[-85.19441,30.90751],[-85.18641,30.90187],[-85.17766,30.90261],[-85.17394,30.89912],[-85.16108,30.899],[-85.16081,30.91349],[-85.08093,30.91344],[-85.05161,30.91284],[-85.04448,30.9163],[-85.0434,30.92011],[-85.02601,30.91967],[-85.01944,30.92418],[-85.017,30.94442],[-85.01671,30.95958],[-85.01791,30.96399],[-85.0256,30.97611],[-85.00593,30.97735],[-85.00254,30.9869],[-85.0019,31.00068],[-85.05209,31.00059],[-85.14583,31.0007],[-85.24363,31.00088],[-85.32892,30.99956],[-85.32189,30.99804],[-85.31914,30.99211],[-85.31428,30.98814],[-85.31166,30.98004],[-85.30875,30.97749],[-85.3112,30.97175],[-85.30871,30.96566],[-85.31073,30.96048],[-85.30688,30.95457],[-85.3032,30.94013],[-85.29655,30.93637]]]},"properties":{"STATEFP":"12","COUNTYFP":"063","COUSUBFP":"92041","COUSUBNS":"01935841","GEOIDFQ":"0600000US1206392041","GEOID":"1206392041","NAME":"Malone","NAMELSAD":"Malone CCD","STUSPS":"FL","NAMELSADCO":"Jackson County","STATE_NAME":"Florida","LSAD":"22","ALAND":248823246,"AWATER":3226206}},
{"type":"Feature","geometry":{"type":"Polygon","coordinates":[[[-81.82903,27.34012],[-81.85883,27.34026],[-81.85894,27.33671],[-81.95052,27.3373],[-82.05575,27.33826],[-82.05653,27.27537],[-82.05607,27.24971],[-82.0565,27.20777],[-82.05763,27.12533],[-82.05752,27.07649],[-82.05751,27.03212],[-81.99252,27.0317],[-81.99154,27.03208],[-81.98324,27.03525],[-81.95856,27.03505],[-81.77169,27.03391],[-81.78321,27.05015],[-81.7953,27.07125],[-81.79468,27.1191],[-81.79617,27.12557],[-81.79697,27.13944],[-81.82636,27.17093],[-81.82781,27.17849],[-81.83815,27.17459],[-81.84214,27.16906],[-81.84946,27.16542],[-81.85529,27.16629],[-81.86782,27.16289],[-81.87508,27.16836],[-81.87929,27.16675],[-81.88813,27.17059],[-81.89462,27.16715],[-81.90264,27.16639],[-81.89742,27.17286],[-81.89545,27.17905],[-81.88556,27.17714],[-81.88588,27.18703],[-81.881,27.1914],[-81.88462,27.20118],[-81.88855,27.20126],[-81.88969,27.20669],[-81.88646,27.20848],[-81.88547,27.21669],[-81.87735,27.21904],[-81.87615,27.22266],[-81.88405,27.22494],[-81.88275,27.23328],[-81.88864,27.23927],[-81.88541,27.24561],[-81.87942,27.24898],[-81.87394,27.25582],[-81.86993,27.25726],[-81.86663,27.26942],[-81.85939,27.2699],[-81.85748,27.27428],[-81.86102,27.28096],[-81.8562,27.28346],[-81.85865,27.28866],[-81.85366,27.29333],[-81.84956,27.29406],[-81.84588,27.30313],[-81.84051,27.30463],[-81.84279,27.30885],[-81.83734,27.3154],[-81.83567,27.32435],[-81.83715,27.33072],[-81.83133,27.33964],[-81.82903,27.34012]]]},"properties":{"STATEFP":"12","COUNTYFP":"027","COUSUBFP":"90078","COUSUBNS":"01935687","GEOIDFQ":"0600000US1202790078","GEOID":"1202790078","NAME":"Arcadia West","NAMELSAD":"Arcadia West CCD","STUSPS":"FL","NAMELSADCO":"DeSoto County","STATE_NAME":"Florida","LSAD":"22","ALAND":733289036,"AWATER":3461754}},
{"type":"Feature","geometry":{"type":"Polygon","coordinates":[[[-82.37523,26.94604],[-82.37101,26.93865],[-82.34247,26.89468],[-82.33455,26.88435],[-82.32578,26.87747],[-82.30174,26.84159],[-82.28958,26.82664],[-82.28253,26.81599],[-82.28436,26.8093],[-82.28268,26.80421],[-82.27209,26.78952],[-82.26468,26.78943],[-82.24263,26.78574],[-82.23391,26.78322],[-82.2224,26.78199],[-82.21812,26.77979],[-82.20879,26.77172],[-82.20102,26.77077],[-82.19712,26.77292],[-82.18548,26.77004],[-82.17217,26.76995],[-82.16171,26.77844],[-82.15109,26.78348],[-82.14626,26.78289],[-82.14507,26.78883],[-82.15339,26.85395],[-82.1705,26.89911],[-82.1812,26.92136],[-82.1831,26.93577],[-82.17837,26.93888],[-82.18636,26.94815],[-82.19504,26.95323],[-82.22213,26.96226],[-82.23165,26.96801],[-82.23558,26.97591],[-82.23883,26.98907],[-82.24278,26.9963],[-82.24985,27.00032],[-82.2553,27.00034],[-82.25552,26.94526],[-82.37523,26.94604]]]},"properties":{"STATEFP":"12","COUNTYFP":"015","COUSUBFP":"91352","COUSUBNS":"01935786","GEOIDFQ":"0600000US1201591352","GEOID":"1201591352","NAME":"Grove City-Rotonda","NAMELSAD":"Grove City-Rotonda CCD","STUSPS":"FL","NAMELSADCO":"Charlotte County","STATE_NAME":"Florida","LSAD":"22","ALAND":221829524,"AWATER":505966073}},
{"type":"Feature","geometry":{"type":"Polygon","coordinates":[[[-80.29706,26.35532],[-80.20408,26.32782],[-80.17015,26.32778],[-80.1716,26.42407],[-80.17406,26.43895],[-80.17463,26.46875],[-80.17217,26.48375],[-80.17217,26.52795],[-80.17297,26.59039],[-80.17417,26.66191],[-80.17158,26.67154],[-80.16635,26.67919],[-80.26686,26.68222],[-80.36403,26.68505],[-80.36258,26.67647],[-80.34877,26.64954],[-80.33332,26.63394],[-80.27951,26.60222],[-80.24977,26.56552],[-80.23334,26.54252],[-80.22234,26.5127],[-80.22204,26.48323],[-80.22076,26.46831],[-80.22235,26.46368],[-80.23566,26.40894],[-80.23596,26.38499],[-80.25167,26.36499],[-80.25327,26.36444],[-80.28399,26.36427],[-80.29705,26.35668],[-80.29706,26.35532]]]},"properties":{"STATEFP":"12","COUNTYFP":"099","COUSUBFP":"93276","COUSUBNS":"01935942","GEOIDFQ":"0600000US1209993276","GEOID":"1209993276","NAME":"Sunshine Parkway","NAMELSAD":"Sunshine Parkway CCD","STUSPS":"FL","NAMELSADCO":"Palm Beach County","STATE_NAME":"Florida","LSAD":"22","ALAND":342983327,"AWATER":2290054}},
{"type":"Feature","geometry":{"type":"Polygon","coordinates":[[[-81.84105,26.33035],[-81.84578,26.33038],[-81.83314,26.29452],[-81.82067,26.23674],[-81.81681,26.20717],[-81.81461,26.17317],[-81.80883,26.15225],[-81.80175,26.09141],[-81.78496,26.05401],[-81.77316,26.03302],[-81.76244,26.00607],[-81.75786,25.99872],[-81.74917,25.99165],[-81.74506,25.97889],[-81.73887,25.97374],[-81.73274,25.97519],[-81.7241,25.97452],[-81.71742,25.97118],[-81.70984,25.96336],[-81.70262,25.98365],[-81.69961,26.0589],[-81.69911,26.06337],[-81.68892,26.07646],[-81.68735,26.08143],[-81.68642,26.15484],[-81.6643,26.1553],[-81.6043,26.15388],[-81.54355,26.15309],[-81.50678,26.1533],[-81.50642,26.22253],[-81.50761,26.23102],[-81.51167,26.24566],[-81.56098,26.24495],[-81.56116,26.2468],[-81.60083,26.24633],[-81.60122,26.27731],[-81.60462,26.27677],[-81.65692,26.27328],[-81.75508,26.27274],[-81.75523,26.29406],[-81.7544,26.31675],[-81.81902,26.31625],[-81.81912,26.33042],[-81.84105,26.33035]]]},"properties":{"STATEFP":"12","COUNTYFP":"021","COUSUBFP":"92301","COUSUBNS":"01935862","GEOIDFQ":"0600000US1202192301","GEOID":"1202192301","NAME":"Naples","NAMELSAD":"Naples CCD","STUSPS":"FL","NAMELSADCO":"Collier County","STATE_NAME":"Florida","LSAD":"22","ALAND":553542805,"AWATER":897057855}},
{"type":"Feature","geometry":{"type":"Polygon","coordinates":[[[-82.25974,28.17146],[-82.25492,28.1751],[-82.24931,28.18811],[-82.2459,28.2043],[-82.24692,28.2317],[-82.24567,28.24659],[-82.24549,28.31016],[-82.23722,28.31137],[-82.23716,28.33208],[-82.23695,28.35184],[-82.23291,28.35746],[-82.23288,28.36501],[-82.2205,28.36507],[-82.22041,28.39793],[-82.22123,28.40545],[-82.23075,28.40701],[-82.24502,28.41742],[-82.24485,28.43009],[-82.24075,28.43213],[-82.241,28.45623],[-82.25331,28.45678],[-82.25344,28.43482],[-82.3203,28.43485],[-82.37076,28.43406],[-82.45918,28.43369],[-82.47014,28.41184],[-82.48002,28.39485],[-82.48387,28.38536],[-82.49435,28.36657],[-82.49922,28.36088],[-82.51331,28.34905],[-82.51831,28.34002],[-82.51699,28.33018],[-82.5178,28.32452],[-82.52036,28.31437],[-82.51857,28.30582],[-82.50546,28.27723],[-82.50314,28.26282],[-82.46394,28.21378],[-82.46255,28.20817],[-82.46689,28.18739],[-82.46587,28.18079],[-82.4617,28.17183],[-82.42817,28.17128],[-82.38356,28.17124],[-82.25974,28.17146]]]},"properties":{"STATEFP":"12","COUNTYFP":"101","COUSUBFP":"90481","COUSUBNS":"01935718","GEOIDFQ":"0600000US1210190481","GEOID":"1210190481","NAME":"Central Pasco","NAMELSAD":"Central Pasco CCD","STUSPS":"FL","NAMELSADCO":"Pasco County","STATE_NAME":"Florida","LSAD":"22","ALAND":692619690,"AWATER":24512089}},
{"type":"Feature","geometry":{"type":"Polygon","coordinates":[[[-80.98254,27.23889],[-80.98178,27.23155],[-80.97114,27.21779],[-80.95746,27.21906],[-80.95561,27.22335],[-80.94606,27.21725],[-80.94361,27.20886],[-80.94068,27.20594],[-80.93744,27.19913],[-80.93119,27.20022],[-80.92654,27.19858],[-80.92252,27.19278],[-80.91747,27.18996],[-80.9064,27.18905],[-80.91008,27.17616],[-80.90348,27.16909],[-80.89052,27.16423],[-80.88277,27.16782],[-80.87662,27.1585],[-80.87117,27.15495],[-80.87331,27.15005],[-80.87116,27.14706],[-80.87464,27.10116],[-80.87478,27.09523],[-80.88564,26.95892],[-80.68564,27.11469],[-80.67743,27.12162],[-80.67786,27.20599],[-80.67869,27.29405],[-80.67775,27.30208],[-80.69076,27.29519],[-80.70259,27.28769],[-80.71448,27.27844],[-80.7413,27.26362],[-80.7488,27.25743],[-80.7589,27.25753],[-80.77463,27.25225],[-80.78903,27.25048],[-80.79149,27.25939],[-80.80399,27.2596],[-80.80646,27.26973],[-80.82041,27.27556],[-80.82015,27.28065],[-80.82799,27.29631],[-80.83795,27.31392],[-80.84019,27.32394],[-80.84524,27.33014],[-80.85051,27.33953],[-80.8634,27.34765],[-80.8712,27.3456],[-80.8785,27.34945],[-80.88734,27.34757],[-80.90021,27.34088],[-80.91099,27.33769],[-80.91645,27.33278],[-80.92023,27.32359],[-80.91198,27.31562],[-80.90975,27.30317],[-80.89921,27.2985],[-80.89623,27.29408],[-80.89752,27.28768],[-80.90097,27.28477],[-80.91187,27.28259],[-80.9169,27.27552],[-80.91038,27.26914],[-80.90802,27.2608],[-80.89906,27.25193],[-80.89704,27.24356],[-80.9706,27.24355],[-80.98254,27.23889]]]},"properties":{"STATEFP":"12","COUNTYFP":"093","COUSUBFP":"92496","COUSUBNS":"01935879","GEOIDFQ":"0600000US1209392496","GEOID":"1209392496","NAME":"Okeechobee","NAMELSAD":"Okeechobee CCD","STUSPS":"FL","NAMELSADCO":"Okeechobee County","STATE_NAME":"Florida","LSAD":"22","ALAND":328873547,"AWATER":293581519}},
{"type":"Feature","geometry":{"type":"Polygon","coordinates":[[[-85.55577,30.92073],[-85.55912,30.91393],[-85.56483,30.90984],[-85.57182,30.90068],[-85.57557,30.8986],[-85.57803,30.89121],[-85.58389,30.88202],[-85.5841,30.87446],[-85.59219,30.86454],[-85.59624,30.85401],[-85.59643,30.84855],[-85.59993,30.83055],[-85.48228,30.82951],[-85.46832,30.8302],[-85.4661,30.84357],[-85.46897,30.84728],[-85.46516,30.85056],[-85.46414,30.86319],[-85.46719,30.86949],[-85.47398,30.87599],[-85.47316,30.88254],[-85.46206,30.89522],[-85.45538,30.89963],[-85.45542,30.90895],[-85.45358,30.91501],[-85.45278,30.92912],[-85.45424,30.93501],[-85.46347,30.93612],[-85.46262,30.94091],[-85.46467,30.95034],[-85.45475,30.94974],[-85.44661,30.95309],[-85.42931,30.95306],[-85.43152,30.95971],[-85.43065,30.96511],[-85.42698,30.96808],[-85.42573,30.97507],[-85.42195,30.97589],[-85.41338,30.98358],[-85.4059,30.98467],[-85.40014,30.98757],[-85.39783,30.99208],[-85.38998,30.9973],[-85.38175,30.99874],[-85.49799,30.99693],[-85.50304,30.99056],[-85.51486,30.98228],[-85.52207,30.97554],[-85.52806,30.97522],[-85.53045,30.97163],[-85.53246,30.95856],[-85.53042,30.95338],[-85.53187,30.94203],[-85.53029,30.93932],[-85.53678,30.9345],[-85.54774,30.93219],[-85.55577,30.92073]]]},"properties":{"STATEFP":"12","COUNTYFP":"063","COUSUBFP":"91287","COUSUBNS":"01935781","GEOIDFQ":"0600000US1206391287","GEOID":"1206391287","NAME":"Graceville","NAMELSAD":"Graceville CCD","STUSPS":"FL","NAMELSADCO":"Jackson County","STATE_NAME":"Florida","LSAD":"22","ALAND":190813646,"AWATER":763480}},
{"type":"Feature","geometry":{"type":"Polygon","coordinates":[[[-81.20179,27.80496],[-81.20292,27.80483],[-81.3146,27.80596],[-81.3159,27.80618],[-81.3288,27.78682],[-81.38016,27.76666],[-81.38271,27.76637],[-81.43358,27.76632],[-81.4669,27.75959],[-81.51266,27.7594],[-81.5189,27.76527],[-81.52161,27.77032],[-81.55118,27.77034],[-81.55106,27.75573],[-81.58772,27.75538],[-81.59046,27.75925],[-81.60264,27.75935],[-81.63598,27.80873],[-81.63611,27.78771],[-81.6499,27.77233],[-81.65027,27.74141],[-81.64617,27.7399],[-81.64615,27.73342],[-81.6952,27.73347],[-81.69518,27.6909],[-81.69457,27.69003],[-81.66251,27.69015],[-81.66227,27.64648],[-81.56353,27.64665],[-81.5299,27.64642],[-81.47747,27.64663],[-81.36158,27.64649],[-81.14216,27.64324],[-81.13247,27.64747],[-81.13104,27.65931],[-81.14409,27.66928],[-81.14622,27.68651],[-81.149,27.69203],[-81.14731,27.69581],[-81.14925,27.70315],[-81.14577,27.71018],[-81.1526,27.71829],[-81.15997,27.71926],[-81.16076,27.72379],[-81.16873,27.72599],[-81.16863,27.73223],[-81.16441,27.73604],[-81.16501,27.74218],[-81.1785,27.75194],[-81.17801,27.75893],[-81.1729,27.76049],[-81.17912,27.76582],[-81.1782,27.77053],[-81.18467,27.77293],[-81.18956,27.78532],[-81.19631,27.79077],[-81.20009,27.79696],[-81.20179,27.80496]]]},"properties":{"STATEFP":"12","COUNTYFP":"105","COUSUBFP":"91209","COUSUBNS":"01935775","GEOIDFQ":"0600000US1210591209","GEOID":"1210591209","NAME":"Frostproof","NAMELSAD":"Frostproof CCD","STUSPS":"FL","NAMELSADCO":"Polk County","STATE_NAME":"Florida","LSAD":"22","ALAND":692332415,"AWATER":50511422}},
{"type":"Feature","geometry":{"type":"Polygon","coordinates":[[[-80.88577,26.60924],[-80.71151,26.60973],[-80.69134,26.60946],[-80.67193,26.61315],[-80.59111,26.62749],[-80.57294,26.62759],[-80.56886,26.63008],[-80.58234,26.64609],[-80.58643,26.64601],[-80.62193,26.66383],[-80.62175,26.67113],[-80.61373,26.67154],[-80.61357,26.67846],[-80.61103,26.68256],[-80.61135,26.69301],[-80.61119,26.76559],[-80.6128,26.7689],[-80.61275,26.81269],[-80.56428,26.81337],[-80.56437,26.82705],[-80.57976,26.82746],[-80.58039,26.92842],[-80.58024,26.95793],[-80.61806,26.95783],[-80.88564,26.95892],[-80.88589,26.76918],[-80.88582,26.69606],[-80.88601,26.65289],[-80.88577,26.60924]]]},"properties":{"STATEFP":"12","COUNTYFP":"099","COUSUBFP":"90143","COUSUBNS":"01935692","GEOIDFQ":"0600000US1209990143","GEOID":"1209990143","NAME":"Belle Glade-Pahokee","NAMELSAD":"Belle Glade-Pahokee CCD","STUSPS":"FL","NAMELSADCO":"Palm Beach County","STATE_NAME":"Florida","LSAD":"22","ALAND":497455065,"AWATER":612327400}},
{"type":"Feature","geometry":{"type":"Polygon","coordinates":[[[-81.14216,27.64324],[-81.36158,27.64649],[-81.47747,27.64663],[-81.5299,27.64642],[-81.56353,27.64665],[-81.56372,27.49398],[-81.55466,27.49158],[-81.54473,27.49598],[-81.54023,27.49572],[-81.53074,27.5004],[-81.52448,27.50597],[-81.52201,27.51466],[-81.49202,27.51485],[-81.48944,27.51969],[-81.49212,27.52658],[-81.4886,27.53738],[-81.48114,27.53519],[-81.47601,27.53625],[-81.46959,27.52964],[-81.45348,27.52943],[-81.45346,27.53319],[-81.43307,27.53304],[-81.43317,27.52216],[-81.40173,27.52193],[-81.38769,27.53189],[-81.38395,27.53284],[-81.36272,27.5273],[-81.35977,27.53233],[-81.35967,27.54479],[-81.30005,27.54411],[-81.22539,27.54347],[-81.20539,27.54297],[-81.19045,27.55329],[-81.18888,27.55706],[-81.17585,27.55939],[-81.17487,27.56432],[-81.16825,27.57302],[-81.15742,27.57519],[-81.15775,27.58352],[-81.15537,27.59099],[-81.14892,27.59707],[-81.14378,27.59723],[-81.14047,27.6013],[-81.1406,27.60798],[-81.14473,27.61699],[-81.14133,27.62593],[-81.14153,27.63327],[-81.14424,27.63913],[-81.14216,27.64324]]]},"properties":{"STATEFP":"12","COUNTYFP":"055","COUSUBFP":"90091","COUSUBNS":"01935688","GEOIDFQ":"0600000US1205590091","GEOID":"1205590091","NAME":"Avon Park","NAMELSAD":"Avon Park CCD","STUSPS":"FL","NAMELSADCO":"Highlands County","STATE_NAME":"Florida","LSAD":"22","ALAND":482764844,"AWATER":22525746}},
{"type":"Feature","geometry":{"type":"Polygon","coordinates":[[[-84.31716,30.44857],[-84.32393,30.44603],[-84.34352,30.45559],[-84.35605,30.45942],[-84.36113,30.4588],[-84.36099,30.45369],[-84.35301,30.44156],[-84.35248,30.4226],[-84.35051,30.41931],[-84.35299,30.41479],[-84.35305,30.40153],[-84.3486,30.39779],[-84.329,30.39796],[-84.32627,30.39713],[-84.31329,30.38754],[-84.31306,30.39078],[-84.30752,30.39748],[-84.30665,30.40554],[-84.30341,30.41264],[-84.30228,30.42735],[-84.31038,30.42804],[-84.31579,30.43064],[-84.3144,30.44046],[-84.31716,30.44857]]]},"properties":{"STATEFP":"12","COUNTYFP":"073","COUSUBFP":"93354","COUSUBNS":"01935950","GEOIDFQ":"0600000US1207393354","GEOID":"1207393354","NAME":"Tallahassee Southwest","NAMELSAD":"Tallahassee Southwest CCD","STUSPS":"FL","NAMELSADCO":"Leon County","STATE_NAME":"Florida","LSAD":"22","ALAND":25409223,"AWATER":1439511}},
{"type":"Feature","geometry":{"type":"Polygon","coordinates":[[[-82.05549,27.4731],[-82.05575,27.33826],[-81.95052,27.3373],[-81.85894,27.33671],[-81.85883,27.34026],[-81.82903,27.34012],[-81.82503,27.34157],[-81.82718,27.35137],[-81.82469,27.35557],[-81.83175,27.36583],[-81.83213,27.3733],[-81.84013,27.37628],[-81.84418,27.38347],[-81.84888,27.40747],[-81.84718,27.41882],[-81.85349,27.42187],[-81.84978,27.42709],[-81.84835,27.4334],[-81.85083,27.44178],[-81.84542,27.45695],[-81.84983,27.46289],[-81.84901,27.46762],[-81.84441,27.4704],[-81.83574,27.46918],[-81.8328,27.47755],[-81.8279,27.48491],[-81.82335,27.48709],[-81.82119,27.49234],[-81.81259,27.48951],[-81.80893,27.49455],[-81.81081,27.50059],[-81.80401,27.50464],[-81.79797,27.50442],[-81.79817,27.50873],[-81.79152,27.51437],[-81.78969,27.52363],[-81.79493,27.53253],[-81.79219,27.53551],[-81.79117,27.5486],[-81.79438,27.55202],[-81.79021,27.55833],[-81.7921,27.56626],[-81.79753,27.56826],[-81.80307,27.57403],[-81.80447,27.57576],[-81.80171,27.58489],[-81.80282,27.59166],[-81.79674,27.60178],[-81.7948,27.61157],[-81.80065,27.61523],[-81.80166,27.61934],[-81.81251,27.61837],[-81.81663,27.61577],[-81.82405,27.61917],[-81.82656,27.61353],[-81.82226,27.59491],[-81.89567,27.59476],[-81.97674,27.5948],[-82.05447,27.59525],[-82.05549,27.4731]]]},"properties":{"STATEFP":"12","COUNTYFP":"049","COUSUBFP":"93549","COUSUBNS":"01935965","GEOIDFQ":"0600000US1204993549","GEOID":"1204993549","NAME":"Wauchula","NAMELSAD":"Wauchula CCD","STUSPS":"FL","NAMELSADCO":"Hardee County","STATE_NAME":"Florida","LSAD":"22","ALAND":660695313,"AWATER":847299}},
{"type":"Feature","geometry":{"type":"Polygon","coordinates":[[[-82.0559,29.47123],[-82.0561,29.50802],[-82.05534,29.59482],[-82.05615,29.64536],[-82.05503,29.66961],[-82.05029,29.70974],[-82.07697,29.707],[-82.08758,29.71085],[-82.10036,29.71379],[-82.12054,29.71359],[-82.13196,29.71687],[-82.1404,29.7167],[-82.15308,29.71357],[-82.161,29.70775],[-82.17247,29.70413],[-82.20367,29.68811],[-82.22485,29.68788],[-82.2385,29.67564],[-82.23598,29.67354],[-82.23938,29.66126],[-82.23923,29.65123],[-82.23766,29.64723],[-82.23716,29.63634],[-82.24281,29.63619],[-82.25634,29.62838],[-82.25496,29.62107],[-82.24919,29.6151],[-82.2483,29.61117],[-82.18895,29.59899],[-82.18878,29.52932],[-82.18745,29.52671],[-82.17293,29.51402],[-82.17065,29.48888],[-82.16793,29.48637],[-82.15962,29.48493],[-82.1589,29.47591],[-82.14476,29.46386],[-82.13234,29.45644],[-82.11829,29.45533],[-82.10898,29.45347],[-82.10831,29.44477],[-82.1098,29.43538],[-82.10569,29.43597],[-82.10114,29.43831],[-82.0959,29.43032],[-82.09095,29.43094],[-82.08761,29.4357],[-82.08094,29.44039],[-82.0759,29.43875],[-82.07129,29.44327],[-82.06715,29.4438],[-82.06402,29.43958],[-82.05564,29.44185],[-82.0559,29.47123]]]},"properties":{"STATEFP":"12","COUNTYFP":"001","COUSUBFP":"91469","COUSUBNS":"01935795","GEOIDFQ":"0600000US1200191469","GEOID":"1200191469","NAME":"Hawthorne","NAMELSAD":"Hawthorne CCD","STUSPS":"FL","NAMELSADCO":"Alachua County","STATE_NAME":"Florida","LSAD":"22","ALAND":319917118,"AWATER":85499891}},
{"type":"Feature","geometry":{"type":"Polygon","coordinates":[[[-80.51106,25.6087],[-80.47902,25.60881],[-80.47847,25.59429],[-80.37496,25.59788],[-80.37788,25.60404],[-80.37883,25.6218],[-80.38024,25.62741],[-80.38531,25.63411],[-80.38437,25.64937],[-80.38597,25.65349],[-80.3859,25.66311],[-80.38868,25.66842],[-80.38922,25.68613],[-80.36585,25.68698],[-80.36608,25.69722],[-80.38205,25.69715],[-80.38097,25.70059],[-80.36468,25.70114],[-80.38224,25.7102],[-80.38371,25.71515],[-80.38548,25.761],[-80.38608,25.79681],[-80.38807,25.86984],[-80.34462,25.86975],[-80.36261,25.883],[-80.36632,25.88668],[-80.38564,25.90046],[-80.43766,25.9389],[-80.44026,25.94266],[-80.45382,25.92727],[-80.48661,25.89242],[-80.48386,25.81318],[-80.48451,25.79761],[-80.48327,25.77554],[-80.49825,25.76236],[-80.49842,25.76103],[-80.49574,25.69002],[-80.49869,25.68228],[-80.49659,25.62391],[-80.51071,25.61046],[-80.51106,25.6087]]]},"properties":{"STATEFP":"12","COUNTYFP":"086","COUSUBFP":"91705","COUSUBNS":"01935814","GEOIDFQ":"0600000US1208691705","GEOID":"1208691705","NAME":"Kendale Lakes-Tamiami","NAMELSAD":"Kendale Lakes-Tamiami CCD","STUSPS":"FL","NAMELSADCO":"Miami-Dade County","STATE_NAME":"Florida","LSAD":"22","ALAND":358916634,"AWATER":32966088}},
{"type":"Feature","geometry":{"type":"Polygon","coordinates":[[[-80.28661,27.38127],[-80.28134,27.36911],[-80.24977,27.30916],[-80.22403,27.26302],[-80.19944,27.26302],[-80.2091,27.28323],[-80.22675,27.32274],[-80.23354,27.34131],[-80.26146,27.39435],[-80.27708,27.4335],[-80.29062,27.46651],[-80.2964,27.47072],[-80.30937,27.46641],[-80.321,27.46717],[-80.30683,27.42929],[-80.28661,27.38127]]]},"properties":{"STATEFP":"12","COUNTYFP":"111","COUSUBFP":"91547","COUSUBNS":"01935802","GEOIDFQ":"0600000US1211191547","GEOID":"1211191547","NAME":"Hutchinson Island","NAMELSAD":"Hutchinson Island CCD","STUSPS":"FL","NAMELSADCO":"St. Lucie County","STATE_NAME":"Florida","LSAD":"22","ALAND":21035668,"AWATER":191325955}},
{"type":"Feature","geometry":{"type":"Polygon","coordinates":[[[-81.88529,29.08203],[-81.89977,29.07673],[-81.91833,29.05374],[-81.92162,29.05156],[-81.93096,29.05008],[-81.93719,29.05298],[-81.94595,29.06189],[-81.96028,29.07107],[-81.97152,29.07147],[-81.98763,29.08145],[-82.04112,29.10789],[-82.05361,29.1213],[-82.05366,29.13951],[-82.06044,29.1419],[-82.07402,29.14987],[-82.0745,29.14243],[-82.07853,29.13534],[-82.07837,29.1074],[-82.09124,29.10628],[-82.07879,29.08433],[-82.12774,29.0845],[-82.12772,29.09186],[-82.13621,29.09182],[-82.13621,29.09544],[-82.16747,29.09506],[-82.16901,29.09905],[-82.18137,29.09903],[-82.18134,29.10633],[-82.21846,29.10653],[-82.21847,29.11737],[-82.2523,29.08415],[-82.28351,29.05368],[-82.34961,28.98867],[-82.34136,28.98778],[-82.32967,28.97895],[-82.3177,28.97342],[-82.3134,28.96948],[-82.3117,28.96039],[-82.17311,28.95999],[-82.07863,28.96026],[-81.99566,28.95992],[-81.95419,28.96005],[-81.89597,28.95991],[-81.8748,28.96032],[-81.85484,28.95978],[-81.84219,28.96102],[-81.8429,28.9685],[-81.83984,28.97931],[-81.83596,28.98641],[-81.83623,28.99136],[-81.84836,29.00385],[-81.84847,29.01024],[-81.84574,29.01609],[-81.84845,29.02048],[-81.8485,29.03354],[-81.86198,29.05016],[-81.86665,29.0595],[-81.86704,29.07069],[-81.87267,29.07619],[-81.88039,29.07835],[-81.88529,29.08203]]]},"properties":{"STATEFP":"12","COUNTYFP":"083","COUSUBFP":"90156","COUSUBNS":"01935693","GEOIDFQ":"0600000US1208390156","GEOID":"1208390156","NAME":"Belleview","NAMELSAD":"Belleview CCD","STUSPS":"FL","NAMELSADCO":"Marion County","STATE_NAME":"Florida","LSAD":"22","ALAND":597390126,"AWATER":40531179}},
{"type":"Feature","geometry":{"type":"Polygon","coordinates":[[[-80.17792,26.23076],[-80.20395,26.20001],[-80.21589,26.18588],[-80.21985,26.17549],[-80.21949,26.15571],[-80.21318,26.15703],[-80.21312,26.16126],[-80.20312,26.16142],[-80.20118,26.09123],[-80.20204,26.08811],[-80.19363,26.08542],[-80.18394,26.08775],[-80.16706,26.09881],[-80.16116,26.09907],[-80.16085,26.09036],[-80.15285,26.09238],[-80.15273,26.08126],[-80.13428,26.08028],[-80.13564,26.09284],[-80.10683,26.09331],[-80.10486,26.09526],[-80.10292,26.13512],[-80.09803,26.16645],[-80.09294,26.20487],[-80.10006,26.20466],[-80.0983,26.21181],[-80.12005,26.21064],[-80.12985,26.20614],[-80.13757,26.20882],[-80.15385,26.21256],[-80.15613,26.21569],[-80.16995,26.21721],[-80.17072,26.23007],[-80.17792,26.23076]]]},"properties":{"STATEFP":"12","COUNTYFP":"011","COUSUBFP":"91098","COUSUBNS":"01935767","GEOIDFQ":"0600000US1201191098","GEOID":"1201191098","NAME":"Fort Lauderdale","NAMELSAD":"Fort Lauderdale CCD","STUSPS":"FL","NAMELSADCO":"Broward County","STATE_NAME":"Florida","LSAD":"22","ALAND":139226605,"AWATER":76111110}},
{"type":"Feature","geometry":{"type":"Polygon","coordinates":[[[-82.47403,28.17194],[-82.51651,28.17272],[-82.53601,28.17258],[-82.6208,28.17335],[-82.65117,28.17327],[-82.6506,28.14493],[-82.64915,28.0989],[-82.64856,28.03863],[-82.56641,28.03993],[-82.54192,28.03791],[-82.50496,28.03633],[-82.50384,28.06131],[-82.50663,28.07083],[-82.50673,28.081],[-82.50234,28.09375],[-82.50233,28.13408],[-82.50085,28.13838],[-82.49212,28.15111],[-82.48139,28.15997],[-82.47403,28.17194]]]},"properties":{"STATEFP":"12","COUNTYFP":"057","COUSUBFP":"91735","COUSUBNS":"01935724","GEOIDFQ":"0600000US1205791735","GEOID":"1205791735","NAME":"Keystone-Citrus Park","NAMELSAD":"Keystone-Citrus Park CCD","STUSPS":"FL","NAMELSADCO":"Hillsborough County","STATE_NAME":"Florida","LSAD":"22","ALAND":200403779,"AWATER":19051289}},
{"type":"Feature","geometry":{"type":"Polygon","coordinates":[[[-80.9986,29.18773],[-80.98437,29.15915],[-80.98122,29.15106],[-80.97225,29.1451],[-80.96381,29.12227],[-80.95445,29.11095],[-80.94845,29.09334],[-80.93942,29.08897],[-80.9366,29.08182],[-80.92992,29.07663],[-80.92739,29.0706],[-80.91906,29.07067],[-80.91351,29.07497],[-80.91788,29.07843],[-80.92994,29.09162],[-80.94438,29.11086],[-80.96618,29.14796],[-80.99542,29.20605],[-81.00798,29.20536],[-80.9986,29.18773]]]},"properties":{"STATEFP":"12","COUNTYFP":"127","COUSUBFP":"93159","COUSUBNS":"01935931","GEOIDFQ":"0600000US1212793159","GEOID":"1212793159","NAME":"South Peninsula","NAMELSAD":"South Peninsula CCD","STUSPS":"FL","NAMELSADCO":"Volusia County","STATE_NAME":"Florida","LSAD":"22","ALAND":10916666,"AWATER":91381797}},
{"type":"Feature","geometry":{"type":"Polygon","coordinates":[[[-87.0376,30.7341],[-87.03092,30.72774],[-87.03932,30.72594],[-87.03972,30.71866],[-87.03524,30.71644],[-87.04189,30.71135],[-87.03882,30.70713],[-87.03263,30.70704],[-87.0276,30.69655],[-87.02782,30.68928],[-87.02452,30.68537],[-87.01551,30.68381],[-87.00476,30.68385],[-87.00594,30.69588],[-86.9974,30.69668],[-86.99726,30.70313],[-87.00148,30.70316],[-87.00135,30.71035],[-87.00584,30.71048],[-87.00561,30.71784],[-87.01386,30.72591],[-87.0062,30.73235],[-87.00886,30.73936],[-87.01347,30.73566],[-87.02208,30.73579],[-87.02174,30.74373],[-87.03865,30.74427],[-87.03981,30.73722],[-87.0376,30.7341]]]},"properties":{"STATEFP":"12","COUNTYFP":"113","COUSUBFP":"93659","COUSUBNS":"02648027","GEOIDFQ":"0600000US1211393659","GEOID":"1211393659","NAME":"Whiting Field","NAMELSAD":"Whiting Field CCD","STUSPS":"FL","NAMELSADCO":"Santa Rosa County","STATE_NAME":"Florida","LSAD":"22","ALAND":17273231,"AWATER":47852}},
{"type":"Feature","geometry":{"type":"Polygon","coordinates":[[[-84.26266,30.45633],[-84.25987,30.4631],[-84.25307,30.46682],[-84.23668,30.47817],[-84.23783,30.48643],[-84.24571,30.49535],[-84.24804,30.50172],[-84.25899,30.50086],[-84.27725,30.49317],[-84.29525,30.48644],[-84.30891,30.48254],[-84.30258,30.48007],[-84.28691,30.46886],[-84.28243,30.46368],[-84.27723,30.46364],[-84.27648,30.45627],[-84.26266,30.45633]]]},"properties":{"STATEFP":"12","COUNTYFP":"073","COUSUBFP":"93315","COUSUBNS":"01935946","GEOIDFQ":"0600000US1207393315","GEOID":"1207393315","NAME":"Tallahassee Northeast","NAMELSAD":"Tallahassee Northeast CCD","STUSPS":"FL","NAMELSADCO":"Leon County","STATE_NAME":"Florida","LSAD":"22","ALAND":18490710,"AWATER":174349}},
{"type":"Feature","geometry":{"type":"Polygon","coordinates":[[[-83.72439,30.44554],[-83.72802,30.45577],[-83.72394,30.4612],[-83.72768,30.47509],[-83.72765,30.49],[-83.73542,30.49862],[-83.73692,30.50809],[-83.72604,30.52295],[-83.70436,30.52302],[-83.70429,30.53809],[-83.67107,30.53802],[-83.67112,30.55286],[-83.63741,30.55267],[-83.63734,30.56747],[-83.62119,30.56735],[-83.62073,30.58198],[-83.60419,30.58192],[-83.6046,30.62053],[-83.6044,30.63824],[-83.61212,30.63874],[-83.61172,30.65126],[-83.67677,30.65491],[-83.81054,30.66188],[-83.88032,30.66581],[-84.00745,30.6721],[-84.00788,30.62624],[-84.00769,30.6093],[-84.00182,30.59667],[-84.00136,30.58388],[-83.99659,30.57904],[-83.99665,30.57097],[-83.99087,30.56111],[-83.98033,30.55314],[-83.98673,30.54956],[-83.98337,30.53902],[-83.98396,30.53261],[-83.97861,30.52269],[-84.04115,30.5219],[-84.04119,30.48397],[-84.02007,30.48913],[-83.99108,30.48969],[-83.95502,30.48719],[-83.94371,30.48062],[-83.93648,30.47866],[-83.90815,30.47855],[-83.87604,30.47359],[-83.82348,30.47258],[-83.821,30.47219],[-83.76358,30.45584],[-83.74375,30.44701],[-83.73798,30.44581],[-83.72439,30.44554]]]},"properties":{"STATEFP":"12","COUNTYFP":"065","COUSUBFP":"92249","COUSUBNS":"01935858","GEOIDFQ":"0600000US1206592249","GEOID":"1206592249","NAME":"Monticello","NAMELSAD":"Monticello CCD","STUSPS":"FL","NAMELSADCO":"Jefferson County","STATE_NAME":"Florida","LSAD":"22","ALAND":675891078,"AWATER":29880156}},
{"type":"Feature","geometry":{"type":"Polygon","coordinates":[[[-80.1179,25.97525],[-80.11724,25.98699],[-80.12169,25.99741],[-80.19698,25.99527],[-80.2071,25.99533],[-80.20684,25.98797],[-80.19851,25.98778],[-80.1984,25.98419],[-80.19115,25.98434],[-80.19084,25.97323],[-80.12331,25.9751],[-80.1179,25.97525]]]},"properties":{"STATEFP":"12","COUNTYFP":"011","COUSUBFP":"91417","COUSUBNS":"01935791","GEOIDFQ":"0600000US1201191417","GEOID":"1201191417","NAME":"Hallandale Beach","NAMELSAD":"Hallandale Beach CCD","STUSPS":"FL","NAMELSADCO":"Broward County","STATE_NAME":"Florida","LSAD":"22","ALAND":18040987,"AWATER":1820728}},
{"type":"Feature","geometry":{"type":"Polygon","coordinates":[[[-82.49594,29.71832],[-82.49604,29.65402],[-82.48799,29.65439],[-82.47238,29.65974],[-82.47305,29.56782],[-82.45344,29.58195],[-82.42376,29.59768],[-82.42275,29.59516],[-82.42283,29.57647],[-82.3925,29.57593],[-82.39209,29.58005],[-82.38025,29.57149],[-82.35798,29.56631],[-82.34921,29.56649],[-82.36141,29.58797],[-82.37343,29.60204],[-82.37037,29.60283],[-82.36249,29.59464],[-82.35924,29.59316],[-82.33919,29.5947],[-82.34209,29.60464],[-82.34087,29.61472],[-82.32739,29.62143],[-82.32232,29.62952],[-82.31117,29.62766],[-82.30755,29.61346],[-82.30456,29.60873],[-82.29814,29.60745],[-82.29265,29.59848],[-82.28408,29.59584],[-82.27337,29.60353],[-82.27195,29.60776],[-82.26311,29.61329],[-82.2483,29.61117],[-82.24919,29.6151],[-82.25496,29.62107],[-82.25634,29.62838],[-82.24281,29.63619],[-82.23716,29.63634],[-82.23766,29.64723],[-82.23923,29.65123],[-82.23938,29.66126],[-82.23598,29.67354],[-82.2385,29.67564],[-82.22485,29.68788],[-82.25573,29.68823],[-82.2557,29.70747],[-82.27409,29.70746],[-82.27926,29.70303],[-82.34309,29.70322],[-82.35358,29.71223],[-82.35605,29.70696],[-82.36376,29.70333],[-82.38889,29.70326],[-82.38893,29.68873],[-82.44682,29.68903],[-82.45891,29.70288],[-82.46609,29.71633],[-82.47199,29.71812],[-82.49594,29.71832]]]},"properties":{"STATEFP":"12","COUNTYFP":"001","COUSUBFP":"91248","COUSUBNS":"01935778","GEOIDFQ":"0600000US1200191248","GEOID":"1200191248","NAME":"Gainesville","NAMELSAD":"Gainesville CCD","STUSPS":"FL","NAMELSADCO":"Alachua County","STATE_NAME":"Florida","LSAD":"22","ALAND":269853467,"AWATER":7688657}},
{"type":"Feature","geometry":{"type":"Polygon","coordinates":[[[-80.89768,26.91955],[-80.99266,26.94128],[-80.99979,26.94171],[-81.05666,26.96803],[-81.06439,26.96679],[-81.06484,26.96279],[-81.07728,26.95531],[-81.08077,26.96362],[-81.08924,26.96902],[-81.10134,26.97067],[-81.1125,26.9677],[-81.11861,26.96812],[-81.12718,26.95909],[-81.12589,26.95561],[-81.13632,26.95074],[-81.14447,26.95326],[-81.14843,26.95922],[-81.15756,26.95929],[-81.16552,26.95627],[-81.17243,26.96409],[-81.1842,26.96209],[-81.1855,26.96617],[-81.19195,26.96443],[-81.19427,26.96747],[-81.19459,26.98226],[-81.19894,27.00039],[-81.2066,27.00609],[-81.21285,27.01439],[-81.22829,27.03717],[-81.23526,27.0448],[-81.24474,27.05032],[-81.25062,27.05105],[-81.26733,27.06737],[-81.26722,27.03247],[-81.33301,27.03237],[-81.33301,27.03962],[-81.3418,27.03973],[-81.34266,27.03232],[-81.56253,27.03369],[-81.56503,26.85736],[-81.56575,26.7696],[-81.45945,26.76886],[-81.45933,26.78347],[-81.43492,26.78346],[-81.43456,26.76877],[-81.31154,26.76866],[-81.18561,26.7684],[-81.17314,26.76816],[-81.0831,26.7683],[-80.97774,26.76881],[-80.94532,26.7691],[-80.89768,26.91955]]]},"properties":{"STATEFP":"12","COUNTYFP":"043","COUSUBFP":"93185","COUSUBNS":"01935933","GEOIDFQ":"0600000US1204393185","GEOID":"1204393185","NAME":"Southwest Glades","NAMELSAD":"Southwest Glades CCD","STUSPS":"FL","NAMELSADCO":"Glades County","STATE_NAME":"Florida","LSAD":"22","ALAND":1337327817,"AWATER":289161122}},
{"type":"Feature","geometry":{"type":"Polygon","coordinates":[[[-81.45895,30.5242],[-81.45555,30.52202],[-81.44661,30.52306],[-81.4413,30.51746],[-81.43759,30.51869],[-81.43583,30.52607],[-81.44189,30.55273],[-81.44339,30.57049],[-81.44189,30.60139],[-81.43702,30.63135],[-81.42917,30.67081],[-81.4276,30.69228],[-81.42585,30.70045],[-81.43804,30.70505],[-81.44412,30.70971],[-81.44872,30.70935],[-81.46539,30.7113],[-81.46157,30.69995],[-81.46235,30.68389],[-81.46954,30.67321],[-81.47042,30.66845],[-81.47692,30.66408],[-81.48254,30.66546],[-81.48509,30.66183],[-81.48361,30.65468],[-81.48495,30.64468],[-81.48924,30.64123],[-81.48592,30.63084],[-81.48165,30.625],[-81.4789,30.60168],[-81.48145,30.5934],[-81.47644,30.59024],[-81.46764,30.58935],[-81.4641,30.58537],[-81.4637,30.57394],[-81.47316,30.57094],[-81.475,30.56537],[-81.46886,30.55881],[-81.46766,30.54494],[-81.46121,30.53156],[-81.45895,30.5242]]]},"properties":{"STATEFP":"12","COUNTYFP":"089","COUSUBFP":"91079","COUSUBNS":"01935765","GEOIDFQ":"0600000US1208991079","GEOID":"1208991079","NAME":"Fernandina Beach","NAMELSAD":"Fernandina Beach CCD","STUSPS":"FL","NAMELSADCO":"Nassau County","STATE_NAME":"Florida","LSAD":"22","ALAND":62485283,"AWATER":153327326}},
{"type":"Feature","geometry":{"type":"Polygon","coordinates":[[[-81.36694,28.87923],[-81.36067,28.87246],[-81.36348,28.86473],[-81.35212,28.86232],[-81.355,28.858],[-81.35803,28.8478],[-81.34763,28.84622],[-81.34155,28.84705],[-81.33348,28.8404],[-81.32424,28.83762],[-81.3198,28.83453],[-81.31703,28.83812],[-81.28637,28.86867],[-81.28446,28.87178],[-81.27778,28.89299],[-81.27684,28.89887],[-81.26884,28.91972],[-81.25752,28.95525],[-81.28399,28.97178],[-81.29889,28.97408],[-81.29942,28.9844],[-81.34167,28.98386],[-81.35555,28.97575],[-81.36076,28.97678],[-81.36424,28.96864],[-81.36939,28.96745],[-81.36613,28.96231],[-81.36808,28.95541],[-81.36167,28.9571],[-81.35959,28.95111],[-81.35561,28.95113],[-81.35297,28.94625],[-81.35556,28.94117],[-81.35143,28.93284],[-81.35438,28.93148],[-81.35412,28.92091],[-81.35954,28.91396],[-81.35667,28.91054],[-81.36017,28.90665],[-81.35782,28.90041],[-81.35406,28.89846],[-81.35717,28.88715],[-81.36453,28.89026],[-81.36694,28.87923]]]},"properties":{"STATEFP":"12","COUNTYFP":"127","COUSUBFP":"90793","COUSUBNS":"01935742","GEOIDFQ":"0600000US1212790793","GEOID":"1212790793","NAME":"DeBary-Orange City","NAMELSAD":"DeBary-Orange City CCD","STUSPS":"FL","NAMELSADCO":"Volusia County","STATE_NAME":"Florida","LSAD":"22","ALAND":111798427,"AWATER":9806031}},
{"type":"Feature","geometry":{"type":"Polygon","coordinates":[[[-81.27692,29.65244],[-81.24466,29.59324],[-81.20662,29.53511],[-81.16981,29.43883],[-81.16656,29.42868],[-81.15534,29.40376],[-81.15588,29.41095],[-81.14815,29.41185],[-81.14873,29.41679],[-81.11024,29.42699],[-81.10772,29.42699],[-81.10191,29.42705],[-81.1239,29.47447],[-81.16358,29.55529],[-81.21156,29.66709],[-81.21288,29.67067],[-81.22731,29.67054],[-81.23171,29.66341],[-81.24726,29.65909],[-81.26263,29.6662],[-81.27234,29.66061],[-81.27322,29.65487],[-81.27692,29.65244]]]},"properties":{"STATEFP":"12","COUNTYFP":"035","COUSUBFP":"91092","COUSUBNS":"01935766","GEOIDFQ":"0600000US1203591092","GEOID":"1203591092","NAME":"Flagler Beach","NAMELSAD":"Flagler Beach CCD","STUSPS":"FL","NAMELSADCO":"Flagler County","STATE_NAME":"Florida","LSAD":"22","ALAND":149842854,"AWATER":175191953}},
{"type":"Feature","geometry":{"type":"Polygon","coordinates":[[[-85.30021,30.81173],[-85.30028,30.80649],[-85.33163,30.80681],[-85.33833,30.80792],[-85.33921,30.78495],[-85.29661,30.78454],[-85.29657,30.77436],[-85.2926,30.77226],[-85.29299,30.74848],[-85.29497,30.74659],[-85.28218,30.74866],[-85.28414,30.74075],[-85.28952,30.73159],[-85.30388,30.72244],[-85.31008,30.71683],[-85.31681,30.69988],[-85.31679,30.69008],[-85.30557,30.68399],[-85.29621,30.6863],[-85.2924,30.68977],[-85.28405,30.69009],[-85.27927,30.68733],[-85.27597,30.691],[-85.27091,30.68808],[-85.25553,30.69191],[-85.244,30.68903],[-85.23234,30.68876],[-85.2266,30.68584],[-85.22553,30.68138],[-85.21486,30.6791],[-85.20535,30.67227],[-85.20499,30.66755],[-85.19375,30.65781],[-85.19561,30.66066],[-85.19239,30.66757],[-85.19605,30.6724],[-85.19351,30.67829],[-85.20024,30.68641],[-85.19445,30.69136],[-85.20138,30.69546],[-85.20456,30.70571],[-85.20539,30.71676],[-85.19955,30.7206],[-85.20166,30.7431],[-85.19922,30.74991],[-85.19315,30.75318],[-85.18088,30.74702],[-85.16165,30.74448],[-85.14505,30.74036],[-85.1378,30.74027],[-85.13718,30.76663],[-85.13503,30.76883],[-85.13709,30.77637],[-85.13692,30.79215],[-85.12521,30.79191],[-85.10651,30.84204],[-85.12945,30.8408],[-85.16596,30.84102],[-85.16748,30.82994],[-85.17489,30.81213],[-85.20589,30.81252],[-85.21067,30.81517],[-85.20674,30.82687],[-85.21262,30.84217],[-85.21237,30.8635],[-85.23265,30.86412],[-85.23603,30.86551],[-85.2516,30.86642],[-85.25539,30.86167],[-85.2541,30.85722],[-85.25864,30.85237],[-85.26519,30.84929],[-85.26176,30.83646],[-85.26197,30.82023],[-85.26982,30.82037],[-85.27536,30.81391],[-85.27898,30.81351],[-85.27918,30.80382],[-85.30021,30.81173]]]},"properties":{"STATEFP":"12","COUNTYFP":"063","COUSUBFP":"92067","COUSUBNS":"01935844","GEOIDFQ":"0600000US1206392067","GEOID":"1206392067","NAME":"Marianna","NAMELSAD":"Marianna CCD","STUSPS":"FL","NAMELSADCO":"Jackson County","STATE_NAME":"Florida","LSAD":"22","ALAND":235962054,"AWATER":2135015}},
{"type":"Feature","geometry":{"type":"Polygon","coordinates":[[[-86.79358,30.63665],[-86.81643,30.62362],[-86.82469,30.62148],[-86.82472,30.61527],[-86.83763,30.6098],[-86.84354,30.61247],[-86.84475,30.61972],[-86.85775,30.61978],[-86.85785,30.61443],[-86.86227,30.60867],[-86.86962,30.60786],[-86.87458,30.60186],[-86.89112,30.59231],[-86.89635,30.58279],[-86.90193,30.5803],[-86.90989,30.57973],[-86.9187,30.58217],[-86.92024,30.57604],[-86.92464,30.57115],[-86.93199,30.56858],[-86.93091,30.56472],[-86.93462,30.55911],[-86.94118,30.55547],[-86.95397,30.55537],[-86.96123,30.55645],[-86.97236,30.54805],[-86.98201,30.54586],[-86.98302,30.49985],[-86.96636,30.49938],[-86.96703,30.48476],[-86.94987,30.48439],[-86.9501,30.46988],[-86.95991,30.46987],[-86.94524,30.46313],[-86.93944,30.46404],[-86.9332,30.46893],[-86.89971,30.46869],[-86.90009,30.44687],[-86.87927,30.44674],[-86.87907,30.45388],[-86.86113,30.45354],[-86.86322,30.44522],[-86.85888,30.43781],[-86.85476,30.43471],[-86.84914,30.43536],[-86.84268,30.43226],[-86.8376,30.43347],[-86.80841,30.4289],[-86.79893,30.431],[-86.7956,30.61718],[-86.79386,30.62594],[-86.79358,30.63665]]]},"properties":{"STATEFP":"12","COUNTYFP":"113","COUSUBFP":"90964","COUSUBNS":"02648023","GEOIDFQ":"0600000US1211390964","GEOID":"1211390964","NAME":"Eglin AFB","NAMELSAD":"Eglin AFB CCD","STUSPS":"FL","NAMELSADCO":"Santa Rosa County","STATE_NAME":"Florida","LSAD":"22","ALAND":264066876,"AWATER":1324851}},
{"type":"Feature","geometry":{"type":"Polygon","coordinates":[[[-80.44172,26.03516],[-80.34729,26.03561],[-80.31279,26.03518],[-80.3126,26.02954],[-80.29681,26.02962],[-80.24866,26.0312],[-80.24774,26.03321],[-80.23676,26.03866],[-80.23151,26.04607],[-80.20903,26.04666],[-80.20745,26.05343],[-80.20783,26.06792],[-80.20204,26.08811],[-80.2816,26.10754],[-80.36011,26.12637],[-80.3667,26.12828],[-80.36865,26.12789],[-80.43739,26.14442],[-80.44483,26.14849],[-80.44975,26.14075],[-80.44329,26.11293],[-80.442,26.06194],[-80.44172,26.03516]]]},"properties":{"STATEFP":"12","COUNTYFP":"011","COUSUBFP":"90754","COUSUBNS":"01935739","GEOIDFQ":"0600000US1201190754","GEOID":"1201190754","NAME":"Davie","NAMELSAD":"Davie CCD","STUSPS":"FL","NAMELSADCO":"Broward County","STATE_NAME":"Florida","LSAD":"22","ALAND":209167763,"AWATER":7937502}},
{"type":"Feature","geometry":{"type":"MultiPolygon","coordinates":[[[[-82.38488,27.64639],[-82.35004,27.6734],[-82.34835,27.67574],[-82.33525,27.7108],[-82.3349,27.79197],[-82.35691,27.79172],[-82.41288,27.79327],[-82.41924,27.79239],[-82.43575,27.77541],[-82.42953,27.77144],[-82.43238,27.76632],[-82.44264,27.75754],[-82.44524,27.75818],[-82.45754,27.75257],[-82.47834,27.74625],[-82.48142,27.74337],[-82.47713,27.73522],[-82.47671,27.72369],[-82.48245,27.71989],[-82.49489,27.71896],[-82.51426,27.70559],[-82.51704,27.698],[-82.52858,27.68451],[-82.53715,27.67293],[-82.55409,27.6458],[-82.52475,27.64542],[-82.49849,27.6455],[-82.38488,27.64639]]],[[[-82.76424,27.59129],[-82.76064,27.58556],[-82.75885,27.60047],[-82.76337,27.60066],[-82.76424,27.59129]]]]},"properties":{"STATEFP":"12","COUNTYFP":"057","COUSUBFP":"93003","COUSUBNS":"01935918","GEOIDFQ":"0600000US1205793003","GEOID":"1205793003","NAME":"Ruskin","NAMELSAD":"Ruskin CCD","STUSPS":"FL","NAMELSADCO":"Hillsborough County","STATE_NAME":"Florida","LSAD":"22","ALAND":211477138,"AWATER":440134784}},
{"type":"Feature","geometry":{"type":"Polygon","coordinates":[[[-82.04941,30.18693],[-82.04942,30.14314],[-82.0492,30.0559],[-81.98055,30.05461],[-81.9317,30.0551],[-81.93154,30.02723],[-81.92108,30.0296],[-81.91333,30.03522],[-81.90318,30.03515],[-81.89574,30.03065],[-81.88904,30.03736],[-81.88455,30.03529],[-81.87713,30.03697],[-81.87159,30.04316],[-81.87616,30.05691],[-81.86664,30.05952],[-81.86251,30.06583],[-81.85533,30.06473],[-81.84883,30.07207],[-81.84346,30.07274],[-81.84173,30.08169],[-81.82783,30.07325],[-81.82797,30.06713],[-81.82013,30.06337],[-81.81835,30.07278],[-81.80922,30.07735],[-81.7794,30.07476],[-81.77627,30.0735],[-81.77416,30.07955],[-81.77718,30.08249],[-81.78218,30.08042],[-81.7885,30.08373],[-81.78599,30.09115],[-81.78757,30.09592],[-81.79878,30.09882],[-81.80433,30.10727],[-81.80914,30.11982],[-81.80618,30.13832],[-81.80039,30.14368],[-81.78917,30.15097],[-81.78786,30.16124],[-81.77944,30.16716],[-81.77633,30.17813],[-81.77847,30.18382],[-81.78394,30.18757],[-81.79722,30.18704],[-81.79823,30.189],[-81.84594,30.18854],[-81.86805,30.18802],[-81.95552,30.18633],[-82.04941,30.18693]]]},"properties":{"STATEFP":"12","COUNTYFP":"019","COUSUBFP":"92197","COUSUBNS":"01935854","GEOIDFQ":"0600000US1201992197","GEOID":"1201992197","NAME":"Middleburg-Clay Hill","NAMELSAD":"Middleburg-Clay Hill CCD","STUSPS":"FL","NAMELSADCO":"Clay County","STATE_NAME":"Florida","LSAD":"22","ALAND":361061782,"AWATER":843184}},
{"type":"Feature","geometry":{"type":"Polygon","coordinates":[[[-83.31886,29.82262],[-83.07175,29.82452],[-83.00081,29.82527],[-82.9592,29.82541],[-82.95907,29.82401],[-82.92061,29.82414],[-82.91871,29.82408],[-82.90396,29.82429],[-82.89503,29.82578],[-82.89255,29.82846],[-82.89096,29.84243],[-82.88554,29.85475],[-82.87794,29.86213],[-82.87554,29.86696],[-82.87695,29.87157],[-82.87522,29.87727],[-82.8768,29.88615],[-82.8798,29.88685],[-82.8842,29.88233],[-82.89009,29.88492],[-82.88516,29.89158],[-82.89503,29.90026],[-82.90058,29.90153],[-82.90763,29.89814],[-82.909,29.88949],[-82.913,29.88978],[-82.91861,29.89639],[-82.91703,29.90078],[-82.9121,29.90484],[-82.91901,29.90826],[-82.91859,29.91507],[-82.92535,29.92469],[-82.92055,29.93007],[-82.92396,29.93652],[-82.92347,29.94318],[-82.93078,29.9574],[-82.93581,29.95684],[-82.95057,29.95832],[-82.95424,29.96638],[-82.96038,29.97515],[-82.96311,29.99305],[-82.96658,29.9958],[-82.97415,29.99664],[-82.97942,30.00739],[-82.99331,30.00607],[-83.00319,30.0108],[-83.0082,30.02415],[-83.01329,30.03212],[-83.02822,30.04418],[-83.03472,30.04578],[-83.0415,30.05457],[-83.05407,30.06077],[-83.06272,30.06368],[-83.06949,30.06874],[-83.06886,30.07975],[-83.07163,30.08215],[-83.08741,30.08294],[-83.09675,30.09016],[-83.10236,30.09152],[-83.11115,30.09093],[-83.11406,30.09363],[-83.11424,30.10242],[-83.12215,30.10495],[-83.12926,30.09882],[-83.13516,30.09772],[-83.13906,30.10272],[-83.14906,30.10392],[-83.16056,30.10982],[-83.16386,30.10872],[-83.16766,30.10082],[-83.17173,30.09926],[-83.17296,30.08575],[-83.22299,30.0858],[-83.26466,30.12088],[-83.27213,30.12549],[-83.28594,30.12908],[-83.34297,30.12918],[-83.3559,30.12732],[-83.36845,30.12867],[-83.37048,30.00603],[-83.37089,29.88793],[-83.35299,29.88786],[-83.35286,29.82222],[-83.31886,29.82262]]]},"properties":{"STATEFP":"12","COUNTYFP":"067","COUSUBFP":"92093","COUSUBNS":"01935846","GEOIDFQ":"0600000US1206792093","GEOID":"1206792093","NAME":"Mayo","NAMELSAD":"Mayo CCD","STUSPS":"FL","NAMELSADCO":"Lafayette County","STATE_NAME":"Florida","LSAD":"22","ALAND":1212359813,"AWATER":9827864}},
{"type":"Feature","geometry":{"type":"Polygon","coordinates":[[[-87.11393,30.35196],[-87.1014,30.35315],[-87.07441,30.35867],[-87.03231,30.36781],[-86.9727,30.38111],[-86.95174,30.38322],[-86.95074,30.45582],[-86.94536,30.45974],[-86.97442,30.4654],[-87.00176,30.46858],[-87.00508,30.4624],[-87.01665,30.44927],[-87.02387,30.44361],[-87.03699,30.43126],[-87.05001,30.42527],[-87.06483,30.42209],[-87.07998,30.41782],[-87.08723,30.41473],[-87.09162,30.41286],[-87.12497,30.39388],[-87.13817,30.38705],[-87.13618,30.37906],[-87.12087,30.38181],[-87.11393,30.35196]]]},"properties":{"STATEFP":"12","COUNTYFP":"113","COUSUBFP":"92218","COUSUBNS":"02648043","GEOIDFQ":"0600000US1211392218","GEOID":"1211392218","NAME":"Midway","NAMELSAD":"Midway CCD","STUSPS":"FL","NAMELSADCO":"Santa Rosa County","STATE_NAME":"Florida","LSAD":"22","ALAND":43088046,"AWATER":84591855}},
{"type":"Feature","geometry":{"type":"Polygon","coordinates":[[[-84.93252,30.60639],[-84.92752,30.61249],[-84.91602,30.61559],[-84.90812,30.61949],[-84.90412,30.62559],[-84.90422,30.63629],[-84.89472,30.64459],[-84.89192,30.64969],[-84.88992,30.65999],[-84.88382,30.66669],[-84.87492,30.67199],[-84.86911,30.68319],[-84.85792,30.69841],[-84.86469,30.71154],[-84.86975,30.7219],[-84.87542,30.72749],[-84.88382,30.73259],[-84.88752,30.74179],[-84.89612,30.75059],[-84.90632,30.75059],[-84.91432,30.75359],[-84.91502,30.76119],[-84.92012,30.76599],[-84.91802,30.77809],[-84.92672,30.79019],[-84.92879,30.79587],[-84.93971,30.79616],[-84.94056,30.79806],[-84.95448,30.79789],[-84.97527,30.804],[-84.99383,30.80436],[-85.01042,30.80333],[-85.0179,30.80169],[-85.03383,30.80373],[-85.01975,30.78638],[-85.01901,30.77586],[-85.01466,30.77602],[-84.98958,30.7521],[-84.98973,30.74474],[-84.98172,30.74465],[-84.97298,30.73564],[-84.97378,30.70776],[-85.0119,30.70825],[-85.0121,30.69763],[-85.00813,30.68458],[-85.0078,30.672],[-85.00888,30.65752],[-85.01068,30.64954],[-85.01337,30.64679],[-85.01322,30.63198],[-85.009,30.62816],[-85.00859,30.61927],[-85.01799,30.61694],[-85.01297,30.61252],[-85.01317,30.6061],[-84.93252,30.60639]]]},"properties":{"STATEFP":"12","COUNTYFP":"063","COUSUBFP":"93133","COUSUBNS":"01935928","GEOIDFQ":"0600000US1206393133","GEOID":"1206393133","NAME":"Sneads","NAMELSAD":"Sneads CCD","STUSPS":"FL","NAMELSADCO":"Jackson County","STATE_NAME":"Florida","LSAD":"22","ALAND":190681113,"AWATER":35879879}},
{"type":"Feature","geometry":{"type":"Polygon","coordinates":[[[-84.97897,30.01379],[-84.97991,30.02281],[-84.98356,30.02946],[-84.98328,30.08358],[-84.9894,30.1278],[-84.98712,30.13362],[-84.93444,30.18458],[-84.90298,30.20753],[-84.8912,30.21924],[-84.89663,30.2379],[-84.89587,30.24172],[-84.90018,30.2451],[-84.90358,30.2528],[-84.90194,30.25968],[-84.89604,30.2687],[-84.89921,30.27283],[-84.89921,30.27851],[-84.90254,30.28238],[-84.90307,30.29145],[-84.90697,30.30212],[-84.90522,30.307],[-84.9001,30.31154],[-84.89643,30.31848],[-84.89046,30.32109],[-84.88792,30.32599],[-84.87984,30.33355],[-84.87088,30.34458],[-84.86856,30.3516],[-84.86366,30.35419],[-84.86317,30.35802],[-84.86704,30.36529],[-84.87539,30.36507],[-84.88232,30.36143],[-84.8926,30.36154],[-84.89812,30.35584],[-84.90927,30.35403],[-84.91983,30.35021],[-84.93626,30.35157],[-84.95099,30.35977],[-84.95029,30.36569],[-84.95355,30.36814],[-84.95099,30.37863],[-84.95369,30.39156],[-84.94709,30.40268],[-84.94343,30.41464],[-84.93718,30.42144],[-84.93127,30.42307],[-84.92763,30.42819],[-84.92073,30.4299],[-84.9047,30.43964],[-84.89993,30.43902],[-84.89361,30.44293],[-84.88225,30.44468],[-84.87733,30.44717],[-84.87023,30.44613],[-84.85329,30.45275],[-84.84506,30.45958],[-84.83836,30.46922],[-84.83185,30.47276],[-84.82482,30.48204],[-84.82691,30.48742],[-84.82203,30.49212],[-84.8226,30.49615],[-84.81922,30.50447],[-84.81333,30.50936],[-84.80554,30.51246],[-84.79473,30.51332],[-84.7888,30.51625],[-84.78179,30.51673],[-84.78181,30.51869],[-84.81562,30.51849],[-84.81582,30.53309],[-84.88262,30.53309],[-84.88332,30.56219],[-84.88332,30.58317],[-84.88332,30.60559],[-84.93252,30.60639],[-84.93582,30.60029],[-84.94492,30.59549],[-84.94582,30.59139],[-84.94432,30.58169],[-84.95132,30.57859],[-84.96212,30.58249],[-84.96582,30.57899],[-84.96532,30.57159],[-84.96222,30.56359],[-84.97372,30.55299],[-84.99228,30.51932],[-84.99292,30.5147],[-84.99101,30.5043],[-84.99576,30.48599],[-85.00324,30.47881],[-84.99992,30.47242],[-84.98831,30.47212],[-84.98691,30.46571],[-84.99992,30.4562],[-85.00153,30.44978],[-84.99343,30.44493],[-84.98281,30.44763],[-84.9832,30.44184],[-85.01518,30.43436],[-85.02701,30.42715],[-85.03293,30.4203],[-85.02942,30.41301],[-85.01553,30.41317],[-85.01427,30.40902],[-85.0273,30.4056],[-85.02741,30.3982],[-85.01716,30.39687],[-85.01457,30.39427],[-85.01525,30.38582],[-85.02122,30.38198],[-85.02624,30.37559],[-85.03124,30.37866],[-85.0402,30.37209],[-85.03857,30.36563],[-85.02902,30.36539],[-85.0279,30.36084],[-85.03726,30.35801],[-85.04277,30.35247],[-85.04549,30.34367],[-85.04974,30.33654],[-85.04553,30.3314],[-85.04438,30.32636],[-85.04627,30.32017],[-85.03426,30.31431],[-85.03656,30.31037],[-85.04815,30.31267],[-85.05046,30.31013],[-85.04717,30.30422],[-85.05499,30.30483],[-85.05725,30.3013],[-85.05278,30.28741],[-85.06002,30.28403],[-85.05807,30.27754],[-85.06395,30.27086],[-85.05971,30.26155],[-85.06861,30.25748],[-85.06926,30.2502],[-85.07677,30.25099],[-85.07846,30.2425],[-85.08326,30.23865],[-85.07965,30.23155],[-85.08134,30.22853],[-85.09102,30.22969],[-85.09059,30.22364],[-85.09951,30.21966],[-85.09954,30.21371],[-85.10486,30.21263],[-85.10849,30.21816],[-85.112,30.2161],[-85.10947,30.21059],[-85.11647,30.21066],[-85.11888,30.20701],[-85.11566,30.19998],[-85.12351,30.19238],[-85.12784,30.18299],[-85.13363,30.18178],[-85.13394,30.17599],[-85.13867,30.17255],[-85.13751,30.16681],[-85.13318,30.15949],[-85.13845,30.14634],[-85.13736,30.13473],[-85.1446,30.12903],[-85.14303,30.12174],[-85.13323,30.12093],[-85.133,30.11498],[-85.14185,30.11545],[-85.13989,30.11087],[-85.14908,30.1105],[-85.14493,30.0994],[-85.15032,30.09686],[-85.15377,30.09129],[-85.13719,30.08656],[-85.13441,30.08022],[-85.13835,30.07278],[-85.13254,30.06643],[-85.13689,30.06382],[-85.13525,30.04327],[-85.129,30.04255],[-85.13121,30.03797],[-85.11911,30.02891],[-85.11369,30.02317],[-85.10071,30.02119],[-85.09898,30.01532],[-85.09316,30.01573],[-85.09011,30.01217],[-85.08524,30.01469],[-85.08098,30.0102],[-85.07366,30.00756],[-85.07192,30.0048],[-85.05821,30.00393],[-85.054,30.00128],[-85.05062,29.99099],[-85.04462,29.98844],[-85.03664,29.99053],[-85.0298,29.98741],[-85.02725,29.98212],[-85.02544,29.9714],[-85.0182,29.98104],[-85.019,29.9825],[-85.01496,29.99746],[-85.01108,29.99899],[-85.01042,30.00571],[-85.00523,30.01103],[-85.00763,30.01388],[-84.97897,30.01379]]]},"properties":{"STATEFP":"12","COUNTYFP":"077","COUSUBFP":"93601","COUSUBNS":"01935968","GEOIDFQ":"0600000US1207793601","GEOID":"1207793601","NAME":"West Liberty","NAMELSAD":"West Liberty CCD","STUSPS":"FL","NAMELSADCO":"Liberty County","STATE_NAME":"Florida","LSAD":"22","ALAND":898974683,"AWATER":15647476}},
{"type":"Feature","geometry":{"type":"Polygon","coordinates":[[[-80.33182,27.20572],[-80.28551,27.20603],[-80.28507,27.231],[-80.29184,27.23693],[-80.29299,27.24198],[-80.28531,27.24392],[-80.28477,27.26372],[-80.24427,27.26301],[-80.22403,27.26302],[-80.24977,27.30916],[-80.28134,27.36911],[-80.28661,27.38127],[-80.30603,27.38133],[-80.30242,27.3736],[-80.29847,27.37022],[-80.29787,27.36472],[-80.2885,27.35028],[-80.35566,27.35021],[-80.35826,27.35926],[-80.3505,27.36541],[-80.35032,27.37418],[-80.38406,27.37451],[-80.38656,27.37954],[-80.39264,27.37444],[-80.46408,27.31064],[-80.48133,27.29467],[-80.48117,27.26428],[-80.48141,27.20637],[-80.37594,27.20558],[-80.37199,27.20611],[-80.33182,27.20572]]]},"properties":{"STATEFP":"12","COUNTYFP":"111","COUSUBFP":"92866","COUSUBNS":"01935907","GEOIDFQ":"0600000US1211192866","GEOID":"1211192866","NAME":"Port St. Lucie","NAMELSAD":"Port St. Lucie CCD","STUSPS":"FL","NAMELSADCO":"St. Lucie County","STATE_NAME":"Florida","LSAD":"22","ALAND":323312650,"AWATER":23278574}},
{"type":"Feature","geometry":{"type":"Polygon","coordinates":[[[-82.35358,29.71223],[-82.34309,29.70322],[-82.27926,29.70303],[-82.27409,29.70746],[-82.2557,29.70747],[-82.25573,29.68823],[-82.22485,29.68788],[-82.20367,29.68811],[-82.17247,29.70413],[-82.161,29.70775],[-82.15308,29.71357],[-82.1404,29.7167],[-82.13196,29.71687],[-82.12054,29.71359],[-82.10036,29.71379],[-82.08758,29.71085],[-82.07697,29.707],[-82.05029,29.70974],[-82.05083,29.7161],[-82.05563,29.71823],[-82.05439,29.73271],[-82.05793,29.74782],[-82.06686,29.75651],[-82.07672,29.76121],[-82.08265,29.76125],[-82.08004,29.76704],[-82.07935,29.77601],[-82.08449,29.77877],[-82.09354,29.77917],[-82.10124,29.78336],[-82.10912,29.78309],[-82.10889,29.79071],[-82.11755,29.7906],[-82.1176,29.79819],[-82.12405,29.80529],[-82.12392,29.82369],[-82.12993,29.82368],[-82.13018,29.83082],[-82.13313,29.83595],[-82.14656,29.8359],[-82.1471,29.83873],[-82.16493,29.83956],[-82.1732,29.83698],[-82.18213,29.84068],[-82.19027,29.84809],[-82.19808,29.84821],[-82.20585,29.84549],[-82.23351,29.8453],[-82.24106,29.85219],[-82.25249,29.85009],[-82.26038,29.84657],[-82.26502,29.84751],[-82.27198,29.8432],[-82.28184,29.84445],[-82.29591,29.85246],[-82.30503,29.85317],[-82.3052,29.85992],[-82.31396,29.86015],[-82.31418,29.8676],[-82.32308,29.86723],[-82.33496,29.87871],[-82.34327,29.87661],[-82.35409,29.87853],[-82.35839,29.87737],[-82.36155,29.88115],[-82.37389,29.87929],[-82.37978,29.86981],[-82.37626,29.86575],[-82.37776,29.85962],[-82.37477,29.85655],[-82.37432,29.85032],[-82.3785,29.84266],[-82.37533,29.83497],[-82.37533,29.8269],[-82.37141,29.81923],[-82.37239,29.81359],[-82.36735,29.80974],[-82.37064,29.80666],[-82.37109,29.80092],[-82.38475,29.8006],[-82.37831,29.78702],[-82.36962,29.77333],[-82.35756,29.75779],[-82.35378,29.74017],[-82.35358,29.71223]]]},"properties":{"STATEFP":"12","COUNTYFP":"001","COUSUBFP":"93536","COUSUBNS":"01935964","GEOIDFQ":"0600000US1200193536","GEOID":"1200193536","NAME":"Waldo","NAMELSAD":"Waldo CCD","STUSPS":"FL","NAMELSADCO":"Alachua County","STATE_NAME":"Florida","LSAD":"22","ALAND":407258338,"AWATER":32190809}}
]}