{"type":"FeatureCollection", "features": [
{"type":"Feature","geometry":{"type":"Polygon","coordinates":[[[-114.64843,48.73136],[-114.67102,48.72785],[-114.67911,48.72431],[-114.68304,48.71563],[-114.69126,48.7089],[-114.68999,48.70362],[-114.68264,48.7007],[-114.68091,48.69463],[-114.68623,48.69247],[-114.68679,48.6879],[-114.69245,48.68014],[-114.68769,48.67626],[-114.67654,48.67657],[-114.65592,48.67057],[-114.64187,48.66423],[-114.63901,48.65888],[-114.87378,48.65877],[-114.88859,48.65853],[-114.88868,48.57355],[-114.8498,48.5735],[-114.84964,48.39946],[-114.84863,48.39946],[-114.84857,48.3666],[-114.84856,48.35902],[-114.8373,48.36639],[-114.80856,48.37378],[-114.80603,48.37806],[-114.78496,48.37706],[-114.7753,48.3791],[-114.76335,48.37778],[-114.74901,48.3822],[-114.73519,48.38466],[-114.72614,48.38429],[-114.71548,48.38177],[-114.7004,48.38456],[-114.69893,48.38162],[-114.68925,48.37686],[-114.67854,48.37406],[-114.67478,48.37692],[-114.67446,48.38593],[-114.66566,48.38989],[-114.66238,48.39475],[-114.65124,48.40156],[-114.65026,48.407],[-114.64347,48.42023],[-114.63473,48.41914],[-114.61523,48.42437],[-114.60434,48.42156],[-114.59711,48.42276],[-114.59487,48.41746],[-114.58659,48.41503],[-114.5642,48.42099],[-114.57145,48.43445],[-114.57303,48.44303],[-114.57096,48.45005],[-114.55638,48.45602],[-114.53786,48.45652],[-114.52865,48.45196],[-114.52006,48.45412],[-114.50656,48.45189],[-114.51178,48.46249],[-114.50413,48.47404],[-114.48431,48.4518],[-114.48997,48.44623],[-114.48445,48.4375],[-114.48719,48.43538],[-114.48112,48.42741],[-114.47132,48.42294],[-114.47454,48.4189],[-114.46754,48.41143],[-114.46654,48.40579],[-114.46062,48.40467],[-114.45976,48.3972],[-114.45671,48.3927],[-114.44604,48.38381],[-114.43473,48.38896],[-114.43102,48.38229],[-114.42092,48.37592],[-114.42244,48.36822],[-114.41442,48.35995],[-114.41578,48.35644],[-114.4058,48.34802],[-114.40369,48.34397],[-114.40599,48.33887],[-114.40411,48.3326],[-114.39665,48.32731],[-114.3977,48.32467],[-114.38919,48.31984],[-114.35502,48.32019],[-114.35068,48.3159],[-114.33951,48.31385],[-114.33587,48.32028],[-114.31706,48.32019],[-114.31462,48.31294],[-114.31453,48.30203],[-114.30356,48.30199],[-114.30034,48.31374],[-114.30059,48.34183],[-114.26252,48.34177],[-114.2627,48.38527],[-114.24092,48.38525],[-114.24087,48.39978],[-114.23649,48.40068],[-114.23251,48.40923],[-114.23425,48.41698],[-114.22549,48.42837],[-114.22872,48.43019],[-114.23117,48.43945],[-114.23323,48.45563],[-114.24099,48.46846],[-114.23716,48.477],[-114.23057,48.48202],[-114.23012,48.48771],[-114.2237,48.49082],[-114.2229,48.50104],[-114.23391,48.5053],[-114.2518,48.50764],[-114.25994,48.5075],[-114.27299,48.5098],[-114.27854,48.50807],[-114.29065,48.50792],[-114.29848,48.50595],[-114.30763,48.50669],[-114.31925,48.51546],[-114.32699,48.51449],[-114.33263,48.52067],[-114.33003,48.5238],[-114.34043,48.52823],[-114.35317,48.53143],[-114.35637,48.53065],[-114.37716,48.53904],[-114.38028,48.54484],[-114.39409,48.54047],[-114.41028,48.55345],[-114.41631,48.55393],[-114.4224,48.56335],[-114.44535,48.57874],[-114.45229,48.57986],[-114.46133,48.59023],[-114.46612,48.59143],[-114.47572,48.59996],[-114.48486,48.60027],[-114.49382,48.60468],[-114.51945,48.6236],[-114.52829,48.62622],[-114.52724,48.62913],[-114.54701,48.64572],[-114.54971,48.65501],[-114.56667,48.67188],[-114.57174,48.68009],[-114.58323,48.67686],[-114.58899,48.67872],[-114.60582,48.69506],[-114.61684,48.70029],[-114.62049,48.70755],[-114.63272,48.71343],[-114.64653,48.72564],[-114.64843,48.73136]]]},"properties":{"STATEFP":"30","COUNTYFP":"029","COUSUBFP":"93801","COUSUBNS":"01940740","GEOIDFQ":"0600000US3002993801","GEOID":"3002993801","NAME":"Whitefish","NAMELSAD":"Whitefish CCD","STUSPS":"MT","NAMELSADCO":"Flathead County","STATE_NAME":"Montana","LSAD":"22","ALAND":1168139601,"AWATER":23770498}},
{"type":"Feature","geometry":{"type":"Polygon","coordinates":[[[-114.38366,46.46639],[-114.3798,46.46072],[-114.38405,46.44652],[-114.37234,46.44281],[-114.36879,46.43651],[-114.38138,46.43388],[-114.3849,46.42755],[-114.38372,46.41913],[-114.38503,46.41123],[-114.39323,46.4093],[-114.40122,46.40157],[-114.40978,46.39939],[-114.41041,46.39612],[-114.42221,46.38733],[-114.41683,46.37544],[-114.41049,46.36514],[-114.41363,46.34673],[-114.41426,46.33548],[-114.4216,46.32934],[-114.40783,46.32881],[-114.40177,46.339],[-114.40158,46.34951],[-114.39654,46.35709],[-114.39003,46.35948],[-114.3732,46.36063],[-114.36558,46.35804],[-114.35208,46.3566],[-114.34313,46.35855],[-114.32952,46.35686],[-114.32076,46.35768],[-114.2986,46.35637],[-114.28554,46.3574],[-114.27244,46.35653],[-114.25897,46.35391],[-114.24066,46.35547],[-114.23374,46.36064],[-114.22119,46.35962],[-114.20346,46.36577],[-114.19306,46.36231],[-114.18204,46.36053],[-114.15991,46.3493],[-114.14782,46.34995],[-114.14333,46.37058],[-114.08261,46.37065],[-114.08244,46.37797],[-114.06179,46.37798],[-114.06183,46.39282],[-114.07705,46.39912],[-114.08134,46.40305],[-114.08089,46.41052],[-114.09734,46.41071],[-114.09648,46.41575],[-114.12139,46.41448],[-114.11912,46.4234],[-114.12213,46.43484],[-114.11867,46.44126],[-114.11924,46.44898],[-114.11316,46.45627],[-114.12064,46.46458],[-114.12046,46.47219],[-114.16578,46.4721],[-114.16666,46.45968],[-114.18918,46.46268],[-114.19764,46.46121],[-114.20632,46.46278],[-114.21596,46.46831],[-114.23141,46.46876],[-114.24697,46.4714],[-114.26168,46.47718],[-114.26504,46.4755],[-114.27861,46.47897],[-114.29241,46.48069],[-114.30411,46.48877],[-114.31501,46.49284],[-114.32896,46.49221],[-114.34884,46.49309],[-114.35356,46.49505],[-114.36631,46.49143],[-114.37235,46.48596],[-114.37559,46.47631],[-114.38366,46.46639]]]},"properties":{"STATEFP":"30","COUNTYFP":"081","COUSUBFP":"93696","COUSUBNS":"01940735","GEOIDFQ":"0600000US3008193696","GEOID":"3008193696","NAME":"Victor","NAMELSAD":"Victor CCD","STUSPS":"MT","NAMELSADCO":"Ravalli County","STATE_NAME":"Montana","LSAD":"22","ALAND":295965655,"AWATER":1853020}},
{"type":"Feature","geometry":{"type":"Polygon","coordinates":[[[-113.03608,46.40199],[-113.03675,46.39668],[-113.03682,46.26683],[-112.9116,46.26657],[-112.89085,46.26594],[-112.75669,46.26642],[-112.5586,46.26582],[-112.55757,46.27776],[-112.56217,46.28843],[-112.5724,46.29664],[-112.57005,46.30497],[-112.5563,46.30747],[-112.55117,46.31411],[-112.54376,46.31922],[-112.54274,46.32302],[-112.53362,46.3309],[-112.51851,46.33029],[-112.51302,46.3327],[-112.50395,46.3302],[-112.49856,46.34206],[-112.49812,46.34778],[-112.49329,46.35363],[-112.49935,46.35725],[-112.4988,46.36052],[-112.50432,46.36746],[-112.4928,46.3715],[-112.48922,46.3818],[-112.49554,46.38632],[-112.49716,46.39614],[-112.50581,46.40052],[-112.50649,46.4049],[-112.51234,46.407],[-112.51401,46.41473],[-112.52166,46.41604],[-112.5272,46.41991],[-112.53481,46.41403],[-112.53482,46.43215],[-112.54081,46.4335],[-112.54822,46.43094],[-112.55724,46.43431],[-112.55873,46.43703],[-112.5738,46.43783],[-112.57409,46.4457],[-112.57015,46.44568],[-112.56908,46.45411],[-112.56172,46.46044],[-112.56578,46.47165],[-112.57317,46.47734],[-112.57343,46.48552],[-112.56797,46.49241],[-112.57391,46.49447],[-112.57798,46.50008],[-112.57264,46.51216],[-112.57631,46.51547],[-112.58489,46.51281],[-112.59508,46.50497],[-112.6038,46.50078],[-112.61612,46.49846],[-112.63479,46.48458],[-112.64279,46.48045],[-112.64601,46.47579],[-112.65341,46.4706],[-112.6642,46.46833],[-112.67385,46.46386],[-112.67615,46.45906],[-112.68791,46.44925],[-112.69513,46.4516],[-112.71168,46.45325],[-112.71111,46.46432],[-112.7124,46.47073],[-112.71648,46.47661],[-112.72297,46.47665],[-112.72743,46.47299],[-112.74102,46.46695],[-112.76056,46.46015],[-112.77828,46.45078],[-112.79827,46.44576],[-112.83942,46.44453],[-112.84995,46.44135],[-112.85072,46.44533],[-112.85728,46.44931],[-112.86754,46.46478],[-112.87618,46.46453],[-112.89299,46.45721],[-112.90557,46.45293],[-112.91793,46.44327],[-112.9305,46.43508],[-112.95058,46.41917],[-112.95686,46.41535],[-112.96065,46.41013],[-112.96537,46.40963],[-112.97189,46.40356],[-112.97887,46.4027],[-112.98817,46.39717],[-112.9977,46.39427],[-113.00797,46.3969],[-113.0309,46.39965],[-113.03608,46.40199]]]},"properties":{"STATEFP":"30","COUNTYFP":"077","COUSUBFP":"90861","COUSUBNS":"01940598","GEOIDFQ":"0600000US3007790861","GEOID":"3007790861","NAME":"Deer Lodge","NAMELSAD":"Deer Lodge CCD","STUSPS":"MT","NAMELSADCO":"Powell County","STATE_NAME":"Montana","LSAD":"22","ALAND":802003135,"AWATER":1927307}},
{"type":"Feature","geometry":{"type":"Polygon","coordinates":[[[-107.89223,46.85122],[-107.88571,46.84393],[-107.8767,46.84503],[-107.87345,46.83501],[-107.86181,46.83561],[-107.86681,46.82961],[-107.85816,46.82444],[-107.85432,46.81855],[-107.85498,46.81232],[-107.84758,46.81055],[-107.84171,46.80372],[-107.85352,46.79842],[-107.84733,46.79512],[-107.83965,46.79449],[-107.84252,46.78598],[-107.85366,46.77889],[-107.84052,46.77519],[-107.8374,46.77211],[-107.84123,46.76784],[-107.83663,46.76281],[-107.83038,46.76509],[-107.82555,46.76145],[-107.82769,46.75588],[-107.82545,46.74817],[-107.82029,46.74421],[-107.81343,46.74332],[-107.81486,46.73698],[-107.80764,46.7324],[-107.81126,46.72847],[-107.82393,46.72818],[-107.82703,46.72134],[-107.82245,46.71982],[-107.826,46.71413],[-107.81688,46.70843],[-107.82204,46.70449],[-107.8126,46.69577],[-107.80032,46.69227],[-107.80059,46.68778],[-107.79508,46.68563],[-107.79294,46.67983],[-107.79965,46.67427],[-107.80089,46.66891],[-107.79665,46.66654],[-107.80056,46.66147],[-107.80865,46.66265],[-107.8088,46.65763],[-107.81517,46.65461],[-107.8175,46.64489],[-107.81291,46.63796],[-107.81459,46.62753],[-107.82235,46.62179],[-107.81699,46.61575],[-107.82172,46.61083],[-107.83021,46.60868],[-107.82615,46.60522],[-107.83554,46.60188],[-107.83773,46.59665],[-107.79547,46.59665],[-107.79533,46.56798],[-107.79676,46.56798],[-107.79675,46.49587],[-107.78121,46.49601],[-107.75482,46.49604],[-107.75481,46.4818],[-107.73855,46.48181],[-107.17453,46.48271],[-107.17443,46.46818],[-107.15358,46.4681],[-107.15344,46.39561],[-107.02842,46.39546],[-107.02854,46.30664],[-107.02109,46.30835],[-107.00756,46.30765],[-106.98016,46.29655],[-106.97048,46.29599],[-106.9623,46.30196],[-106.95644,46.30098],[-106.94484,46.29555],[-106.92988,46.2934],[-106.89992,46.28256],[-106.89039,46.28209],[-106.87851,46.27644],[-106.8728,46.27776],[-106.86785,46.28286],[-106.86325,46.28327],[-106.85725,46.27482],[-106.85103,46.27311],[-106.84539,46.27858],[-106.83922,46.28087],[-106.82902,46.2815],[-106.8207,46.2892],[-106.81389,46.28621],[-106.81752,46.27827],[-106.80968,46.27716],[-106.80211,46.27974],[-106.80054,46.27419],[-106.7933,46.26653],[-106.78246,46.26518],[-106.78219,46.27243],[-106.77578,46.27489],[-106.76803,46.274],[-106.76581,46.26668],[-106.75936,46.26071],[-106.74561,46.26009],[-106.73148,46.26289],[-106.71511,46.25573],[-106.71042,46.259],[-106.70643,46.26569],[-106.69973,46.26437],[-106.69113,46.26672],[-106.6773,46.27733],[-106.66383,46.28037],[-106.65226,46.27455],[-106.64122,46.27617],[-106.62535,46.2832],[-106.61719,46.28472],[-106.61287,46.28804],[-106.60241,46.28694],[-106.58599,46.28854],[-106.57896,46.28595],[-106.57034,46.2877],[-106.56119,46.29322],[-106.54895,46.30283],[-106.53516,46.3007],[-106.52608,46.2845],[-106.51524,46.28624],[-106.50857,46.2919],[-106.49532,46.28512],[-106.48162,46.27524],[-106.47671,46.27425],[-106.4695,46.27321],[-106.45226,46.27794],[-106.44134,46.27724],[-106.42408,46.28924],[-106.41484,46.29147],[-106.40822,46.28841],[-106.40013,46.28761],[-106.38842,46.29164],[-106.3713,46.2916],[-106.36521,46.28929],[-106.35303,46.29057],[-106.34715,46.28904],[-106.34205,46.28299],[-106.33606,46.28137],[-106.33226,46.28512],[-106.32265,46.28851],[-106.31755,46.28509],[-106.31991,46.27532],[-106.31174,46.27179],[-106.30392,46.27237],[-106.29172,46.27099],[-106.28526,46.26722],[-106.27069,46.26457],[-106.25612,46.26557],[-106.2492,46.27063],[-106.24974,46.28062],[-106.24429,46.28334],[-106.23342,46.28326],[-106.22218,46.29202],[-106.20989,46.29187],[-106.18626,46.28522],[-106.1738,46.29004],[-106.16859,46.29473],[-106.17283,46.30293],[-106.16283,46.30622],[-106.15479,46.30446],[-106.15514,46.48363],[-106.12037,46.48365],[-106.12033,46.4934],[-106.12022,46.53394],[-106.12063,46.83144],[-106.08634,46.83146],[-106.08646,46.84588],[-106.49562,46.84548],[-106.50036,46.84559],[-106.72024,46.84518],[-106.72016,46.8596],[-107.03377,46.85922],[-107.12192,46.85921],[-107.35451,46.85908],[-107.46775,46.85925],[-107.46777,46.85116],[-107.71958,46.8513],[-107.86902,46.85101],[-107.89223,46.85122]]]},"properties":{"STATEFP":"30","COUNTYFP":"087","COUSUBFP":"92491","COUSUBNS":"01940680","GEOIDFQ":"0600000US3008792491","GEOID":"3008792491","NAME":"North of the Yellowstone","NAMELSAD":"North of the Yellowstone CCD","STUSPS":"MT","NAMELSADCO":"Rosebud County","STATE_NAME":"Montana","LSAD":"22","ALAND":6906628800,"AWATER":28479416}},
{"type":"Feature","geometry":{"type":"Polygon","coordinates":[[[-111.40885,47.69812],[-111.66648,47.69776],[-111.66622,47.63949],[-111.65837,47.63768],[-111.65478,47.63394],[-111.64664,47.63513],[-111.64074,47.63187],[-111.63342,47.62211],[-111.62287,47.61986],[-111.6223,47.61484],[-111.6133,47.61041],[-111.61194,47.60723],[-111.60301,47.60632],[-111.60034,47.59955],[-111.58336,47.59058],[-111.56922,47.58837],[-111.5544,47.58148],[-111.5494,47.57552],[-111.55123,47.56843],[-111.54148,47.56186],[-111.54454,47.55605],[-111.54095,47.5508],[-111.53079,47.54702],[-111.52712,47.54365],[-111.52992,47.53361],[-111.5192,47.53215],[-111.51575,47.52817],[-111.50546,47.52327],[-111.49841,47.52366],[-111.47966,47.52956],[-111.45917,47.53086],[-111.45629,47.53419],[-111.45776,47.5397],[-111.44793,47.54101],[-111.43996,47.53506],[-111.43816,47.53029],[-111.43199,47.52475],[-111.42536,47.52765],[-111.41479,47.52464],[-111.41879,47.51608],[-111.41042,47.51577],[-111.40412,47.51922],[-111.40154,47.52675],[-111.34293,47.51308],[-111.34545,47.52021],[-111.34321,47.52927],[-111.33414,47.54138],[-111.32462,47.54827],[-111.32495,47.55388],[-111.28196,47.55361],[-111.28169,47.53868],[-111.28984,47.52508],[-111.29108,47.52054],[-111.27593,47.52122],[-111.26264,47.51869],[-111.25069,47.52342],[-111.24666,47.52674],[-111.22889,47.53602],[-111.21182,47.53722],[-111.20637,47.53504],[-111.20098,47.53334],[-111.1912,47.53962],[-111.18444,47.54158],[-111.17441,47.54785],[-111.1542,47.55016],[-111.14194,47.55528],[-111.1336,47.56517],[-111.12603,47.56859],[-111.10601,47.56541],[-111.09601,47.56786],[-111.08697,47.56759],[-111.08553,47.57756],[-111.07433,47.57754],[-111.06093,47.58021],[-111.05717,47.59087],[-111.04985,47.59833],[-111.0467,47.60503],[-111.04726,47.61002],[-111.04055,47.61482],[-111.04057,47.62065],[-111.03701,47.6264],[-111.02642,47.63441],[-111.02263,47.6413],[-111.02138,47.64833],[-111.01648,47.65502],[-111.00545,47.65864],[-111.00183,47.66277],[-111.00336,47.66848],[-110.99482,47.67922],[-110.98367,47.6819],[-110.9836,47.68945],[-110.97617,47.69874],[-111.21946,47.69768],[-111.40885,47.69812]]]},"properties":{"STATEFP":"30","COUNTYFP":"013","COUSUBFP":"91554","COUSUBNS":"01940635","GEOIDFQ":"0600000US3001391554","GEOID":"3001391554","NAME":"Great Falls North","NAMELSAD":"Great Falls North CCD","STUSPS":"MT","NAMELSADCO":"Cascade County","STATE_NAME":"Montana","LSAD":"22","ALAND":764050900,"AWATER":6752679}},
{"type":"Feature","geometry":{"type":"Polygon","coordinates":[[[-104.57904,48.38937],[-104.57995,48.38411],[-104.58891,48.37849],[-104.59026,48.37331],[-104.58555,48.36453],[-104.58949,48.35339],[-104.5838,48.34546],[-104.60356,48.34195],[-104.59756,48.33242],[-104.60569,48.32413],[-104.61454,48.32361],[-104.61834,48.31933],[-104.62379,48.32305],[-104.63402,48.3219],[-104.63392,48.31666],[-104.64407,48.31395],[-104.65091,48.30891],[-104.65473,48.30257],[-104.65908,48.30246],[-104.66766,48.29736],[-104.67042,48.29949],[-104.67887,48.29495],[-104.68661,48.29775],[-104.6895,48.29236],[-104.71289,48.28099],[-104.72189,48.27112],[-104.72138,48.26604],[-104.72514,48.26029],[-104.71537,48.24731],[-104.71103,48.2475],[-104.71796,48.23081],[-104.68633,48.21537],[-104.68342,48.2104],[-104.67833,48.21071],[-104.67596,48.20259],[-104.66734,48.19739],[-104.67036,48.19335],[-104.66021,48.17684],[-104.65349,48.17285],[-104.65071,48.16703],[-104.64196,48.16764],[-104.63796,48.17034],[-104.62984,48.16724],[-104.62184,48.15448],[-104.61937,48.15901],[-104.61318,48.1598],[-104.60479,48.1527],[-104.6035,48.14759],[-104.61251,48.14714],[-104.60975,48.14112],[-104.59508,48.13477],[-104.58727,48.12502],[-104.59342,48.10919],[-104.58441,48.10766],[-104.56978,48.11504],[-104.55892,48.12216],[-104.54452,48.12655],[-104.52833,48.12426],[-104.52108,48.11937],[-104.5117,48.10989],[-104.50051,48.11257],[-104.4914,48.11975],[-104.47944,48.12376],[-104.46866,48.12296],[-104.45997,48.11961],[-104.45536,48.11424],[-104.45123,48.10346],[-104.44325,48.09503],[-104.43198,48.09121],[-104.41744,48.08434],[-104.39506,48.07692],[-104.37655,48.07671],[-104.36749,48.07338],[-104.3604,48.0687],[-104.3568,48.06149],[-104.35324,48.04868],[-104.34405,48.0457],[-104.33667,48.0464],[-104.32067,48.04514],[-104.30162,48.05086],[-104.29044,48.05093],[-104.27298,48.04125],[-104.24594,48.03101],[-104.23947,48.02985],[-104.22403,48.03044],[-104.20814,48.03401],[-104.2007,48.0373],[-104.19986,48.04843],[-104.20644,48.05543],[-104.20628,48.06294],[-104.20319,48.06603],[-104.1891,48.06847],[-104.18315,48.06608],[-104.1883,48.049],[-104.1818,48.0411],[-104.17073,48.03538],[-104.16722,48.0355],[-104.15554,48.0443],[-104.14936,48.05095],[-104.14247,48.05501],[-104.1329,48.05505],[-104.12355,48.03762],[-104.11663,48.03199],[-104.10705,48.02963],[-104.09266,48.03217],[-104.09497,48.02588],[-104.10669,48.01377],[-104.10159,48.00725],[-104.09892,48.00002],[-104.08645,47.9997],[-104.06618,48.0034],[-104.05878,48.00254],[-104.04412,47.99611],[-104.0455,48.17625],[-104.04569,48.24142],[-104.04604,48.25676],[-104.04637,48.37415],[-104.04691,48.3893],[-104.25975,48.3894],[-104.49756,48.38943],[-104.57904,48.38937]]]},"properties":{"STATEFP":"30","COUNTYFP":"085","COUSUBFP":"91008","COUSUBNS":"01940605","GEOIDFQ":"0600000US3008591008","GEOID":"3008591008","NAME":"East Roosevelt","NAMELSAD":"East Roosevelt CCD","STUSPS":"MT","NAMELSADCO":"Roosevelt County","STATE_NAME":"Montana","LSAD":"22","ALAND":1576652963,"AWATER":14652551}},
{"type":"Feature","geometry":{"type":"Polygon","coordinates":[[[-111.52797,45.64228],[-111.53869,45.63551],[-111.54342,45.62831],[-111.56357,45.61399],[-111.57331,45.61049],[-111.57465,45.6056],[-111.5699,45.59471],[-111.57592,45.59059],[-111.57696,45.58516],[-111.58806,45.58352],[-111.59496,45.58512],[-111.59752,45.58066],[-111.58703,45.56736],[-111.59371,45.56556],[-111.5971,45.5562],[-111.59259,45.55124],[-111.58979,45.53625],[-111.59502,45.53364],[-111.60582,45.52336],[-111.61261,45.51989],[-111.62148,45.51256],[-111.62567,45.50455],[-111.63196,45.49845],[-111.63459,45.48895],[-111.63044,45.4797],[-111.63594,45.47572],[-111.64266,45.46649],[-111.64573,45.45908],[-111.65635,45.45142],[-111.66894,45.4487],[-111.68178,45.44979],[-111.6956,45.44696],[-111.70243,45.44356],[-111.71178,45.44486],[-111.72119,45.44211],[-111.74693,45.44731],[-111.7625,45.44431],[-111.80201,45.44424],[-111.80379,45.44781],[-111.82067,45.44968],[-111.82562,45.44833],[-111.84184,45.44781],[-111.85342,45.44986],[-111.85474,45.45474],[-111.86127,45.45727],[-111.87146,45.45699],[-111.87762,45.45262],[-111.88835,45.45018],[-111.92194,45.45545],[-111.92145,45.44676],[-111.89555,45.44205],[-111.88864,45.43138],[-111.87317,45.42672],[-111.86467,45.4266],[-111.87093,45.41775],[-111.87111,45.41341],[-111.87618,45.40807],[-111.87836,45.4048],[-111.87925,45.38693],[-111.88625,45.37459],[-111.87956,45.361],[-111.87732,45.34319],[-111.87377,45.33854],[-111.87706,45.33341],[-111.89897,45.31305],[-111.90271,45.30552],[-111.89846,45.30262],[-111.89492,45.28953],[-111.89014,45.27781],[-111.88162,45.27705],[-111.88628,45.26197],[-111.88618,45.25727],[-111.88218,45.25315],[-111.8818,45.24595],[-111.88557,45.24104],[-111.88337,45.23304],[-111.8925,45.22252],[-111.90419,45.21501],[-111.90317,45.20226],[-111.90707,45.1988],[-111.90725,45.18897],[-111.89431,45.18448],[-111.88541,45.17393],[-111.89034,45.16849],[-111.8909,45.16307],[-111.89498,45.15552],[-111.89206,45.15263],[-111.88202,45.1511],[-111.88361,45.1431],[-111.88884,45.13697],[-111.88116,45.13283],[-111.87699,45.12419],[-111.88158,45.11768],[-111.87861,45.11048],[-111.86292,45.09607],[-111.86393,45.08347],[-111.86899,45.07333],[-111.86904,45.06605],[-111.86369,45.06276],[-111.85797,45.06359],[-111.84698,45.06178],[-111.83882,45.05651],[-111.84048,45.05124],[-111.83447,45.04628],[-111.83463,45.04081],[-111.84601,45.03014],[-111.84664,45.02335],[-111.8538,45.01908],[-111.85689,45.00963],[-111.85601,45.00107],[-111.85771,44.99278],[-111.86139,44.99095],[-111.86414,44.98311],[-111.86052,44.98099],[-111.86442,44.97537],[-111.8724,44.97303],[-111.87153,44.96088],[-111.86831,44.95795],[-111.86019,44.9564],[-111.85736,44.94856],[-111.85067,44.93823],[-111.83421,44.93612],[-111.83678,44.92825],[-111.83389,44.92177],[-111.83862,44.90884],[-111.83614,44.9019],[-111.83914,44.89554],[-111.83131,44.88858],[-111.83726,44.88362],[-111.84286,44.87577],[-111.84032,44.86945],[-111.83464,44.86367],[-111.83689,44.86068],[-111.84701,44.86235],[-111.85916,44.8557],[-111.86231,44.8556],[-111.87144,44.84792],[-111.86783,44.82779],[-111.87352,44.82224],[-111.87561,44.8159],[-111.88352,44.81456],[-111.88816,44.8097],[-111.88674,44.797],[-111.89113,44.79177],[-111.89364,44.78101],[-111.78116,44.78103],[-111.7811,44.70885],[-111.70034,44.70842],[-111.65849,44.70851],[-111.53735,44.70802],[-111.53735,44.70852],[-111.47488,44.70856],[-111.46615,44.71346],[-111.44646,44.71774],[-111.44273,44.72023],[-111.43173,44.72069],[-111.42499,44.71471],[-111.41427,44.71074],[-111.40377,44.72132],[-111.39776,44.72408],[-111.39938,44.73427],[-111.39452,44.7448],[-111.39736,44.74685],[-111.39247,44.75237],[-111.38511,44.7549],[-111.37715,44.75116],[-111.37701,44.75144],[-111.37748,44.91179],[-111.37222,44.9118],[-111.3722,44.9997],[-111.37258,45.0806],[-111.37267,45.15718],[-111.37316,45.24597],[-111.37303,45.35052],[-111.35003,45.35055],[-111.35033,45.43873],[-111.35127,45.43873],[-111.35103,45.49796],[-111.35138,45.64194],[-111.45655,45.64218],[-111.52604,45.64229],[-111.52797,45.64228]]]},"properties":{"STATEFP":"30","COUNTYFP":"057","COUSUBFP":"92184","COUSUBNS":"01940665","GEOIDFQ":"0600000US3005792184","GEOID":"3005792184","NAME":"Madison Valley","NAMELSAD":"Madison Valley CCD","STUSPS":"MT","NAMELSADCO":"Madison County","STATE_NAME":"Montana","LSAD":"22","ALAND":3562194007,"AWATER":30835406}},
{"type":"Feature","geometry":{"type":"Polygon","coordinates":[[[-112.5586,46.26582],[-112.56074,46.26111],[-112.56752,46.2561],[-112.57243,46.24778],[-112.57966,46.24182],[-112.59499,46.23869],[-112.59267,46.23228],[-112.5944,46.22798],[-112.57924,46.22086],[-112.57357,46.21181],[-112.57808,46.2021],[-112.58211,46.19869],[-112.57882,46.19387],[-112.57711,46.17898],[-112.57144,46.17681],[-112.55656,46.17566],[-112.55262,46.17938],[-112.54523,46.175],[-112.53107,46.18007],[-112.5262,46.18493],[-112.50514,46.1833],[-112.51704,46.16587],[-112.51252,46.15778],[-112.51395,46.14819],[-112.52009,46.13727],[-112.51475,46.1299],[-112.51446,46.12488],[-112.50174,46.12115],[-112.50363,46.11564],[-112.50087,46.11216],[-112.48943,46.10728],[-112.4815,46.10051],[-112.47144,46.09738],[-112.4663,46.09273],[-112.4708,46.0825],[-112.46179,46.07575],[-112.47095,46.06118],[-112.47069,46.05671],[-112.47695,46.05172],[-112.4724,46.04808],[-112.47225,46.03906],[-112.46232,46.03945],[-112.45943,46.0367],[-112.45369,46.04196],[-112.43802,46.0611],[-112.42976,46.07703],[-112.40997,46.07689],[-112.40168,46.08281],[-112.38621,46.08552],[-112.37621,46.09013],[-112.33891,46.10023],[-112.32104,46.10704],[-112.28375,46.12593],[-112.26492,46.1366],[-112.25347,46.14719],[-112.22762,46.1569],[-112.19816,46.17172],[-112.19193,46.17232],[-112.1828,46.18084],[-112.17431,46.18147],[-112.16214,46.18664],[-112.15464,46.19391],[-112.13523,46.19338],[-112.12639,46.20079],[-112.11582,46.20178],[-112.10897,46.19932],[-112.11238,46.1915],[-112.10608,46.17665],[-112.11191,46.1697],[-112.11138,46.16348],[-112.11552,46.15389],[-112.11311,46.14606],[-112.11589,46.14245],[-112.11187,46.13121],[-112.11454,46.12428],[-112.11435,46.11177],[-112.11065,46.10157],[-112.1097,46.09139],[-112.10291,46.08499],[-112.10551,46.07434],[-112.0976,46.05446],[-112.09131,46.05133],[-112.08413,46.05249],[-112.0768,46.06194],[-112.06869,46.06382],[-112.05225,46.06985],[-112.04312,46.06394],[-112.04298,46.05712],[-112.03921,46.04967],[-112.03637,46.03085],[-112.03315,46.02516],[-112.03532,46.01593],[-112.02879,46.01513],[-112.02014,46.02003],[-112.00252,46.01617],[-111.99368,46.01987],[-111.98758,46.01998],[-111.97785,46.02904],[-111.95601,46.03177],[-111.94607,46.03444],[-111.93837,46.03447],[-111.91963,46.04113],[-111.8992,46.04714],[-111.88331,46.05044],[-111.88664,46.05461],[-111.88004,46.0592],[-111.8772,46.06673],[-111.87925,46.07061],[-111.87812,46.07783],[-111.88144,46.08668],[-111.86369,46.08665],[-111.85453,46.08958],[-111.8411,46.09097],[-111.82591,46.08865],[-111.78917,46.08864],[-111.78418,46.09366],[-111.78443,46.13629],[-111.78642,46.13628],[-111.78629,46.31017],[-111.78628,46.48578],[-111.78783,46.48576],[-111.78795,46.56947],[-111.9154,46.56942],[-111.98837,46.5692],[-112.02923,46.56881],[-112.03353,46.565],[-112.02941,46.55782],[-112.02982,46.55086],[-112.03361,46.54313],[-112.04405,46.53384],[-112.05732,46.52945],[-112.06323,46.52372],[-112.07104,46.52398],[-112.07382,46.52078],[-112.08484,46.51673],[-112.11146,46.516],[-112.12084,46.51473],[-112.13193,46.52009],[-112.14256,46.51836],[-112.15336,46.51117],[-112.17741,46.50544],[-112.1838,46.50111],[-112.20576,46.49975],[-112.20059,46.48572],[-112.20319,46.4799],[-112.19663,46.47698],[-112.18705,46.47673],[-112.17974,46.47097],[-112.17585,46.45995],[-112.17623,46.45634],[-112.1871,46.45086],[-112.19866,46.45187],[-112.2081,46.44866],[-112.21525,46.45042],[-112.22022,46.43617],[-112.24267,46.4225],[-112.25149,46.42342],[-112.27003,46.41496],[-112.28703,46.42188],[-112.29595,46.42214],[-112.30331,46.42015],[-112.31057,46.42117],[-112.31253,46.41839],[-112.32847,46.40798],[-112.33674,46.40407],[-112.3443,46.39156],[-112.35006,46.38507],[-112.35566,46.38409],[-112.37415,46.38707],[-112.38558,46.38334],[-112.40378,46.38657],[-112.40772,46.38159],[-112.41755,46.37666],[-112.41465,46.37152],[-112.42609,46.36898],[-112.42845,46.36483],[-112.426,46.35746],[-112.43628,46.35106],[-112.44696,46.35183],[-112.45136,46.35],[-112.45192,46.34333],[-112.44952,46.3341],[-112.45408,46.32893],[-112.46461,46.32886],[-112.4735,46.34089],[-112.48566,46.33997],[-112.49062,46.3423],[-112.49856,46.34206],[-112.50395,46.3302],[-112.51302,46.3327],[-112.51851,46.33029],[-112.53362,46.3309],[-112.54274,46.32302],[-112.54376,46.31922],[-112.55117,46.31411],[-112.5563,46.30747],[-112.57005,46.30497],[-112.5724,46.29664],[-112.56217,46.28843],[-112.55757,46.27776],[-112.5586,46.26582]]]},"properties":{"STATEFP":"30","COUNTYFP":"043","COUSUBFP":"90399","COUSUBNS":"01940576","GEOIDFQ":"0600000US3004390399","GEOID":"3004390399","NAME":"Boulder","NAMELSAD":"Boulder CCD","STUSPS":"MT","NAMELSADCO":"Jefferson County","STATE_NAME":"Montana","LSAD":"22","ALAND":2473420927,"AWATER":456125}},
{"type":"Feature","geometry":{"type":"Polygon","coordinates":[[[-108.92459,46.13237],[-108.92564,46.04674],[-108.92236,45.97392],[-108.92233,45.95944],[-108.90165,45.95942],[-108.90194,45.90066],[-108.90193,45.78426],[-108.90485,45.78426],[-108.90482,45.76965],[-108.90484,45.68189],[-108.88476,45.68286],[-108.88445,45.66168],[-108.87986,45.66397],[-108.87303,45.67334],[-108.8593,45.67888],[-108.84832,45.68663],[-108.83667,45.68634],[-108.82515,45.6828],[-108.82159,45.68523],[-108.81096,45.68418],[-108.79736,45.6902],[-108.78913,45.69251],[-108.78111,45.68934],[-108.77845,45.69514],[-108.77153,45.68989],[-108.7659,45.68934],[-108.76471,45.69659],[-108.75406,45.69911],[-108.75247,45.70423],[-108.74305,45.71269],[-108.73167,45.71863],[-108.73044,45.7226],[-108.74015,45.72725],[-108.73839,45.73582],[-108.7317,45.73517],[-108.7336,45.7445],[-108.73074,45.75188],[-108.73525,45.75549],[-108.74315,45.75583],[-108.74817,45.75977],[-108.75977,45.7607],[-108.76694,45.76423],[-108.77243,45.76221],[-108.77797,45.76491],[-108.78108,45.77208],[-108.76825,45.767],[-108.76301,45.76913],[-108.7523,45.76854],[-108.74591,45.77313],[-108.73913,45.77325],[-108.73788,45.76623],[-108.72993,45.76813],[-108.7259,45.76424],[-108.71553,45.76397],[-108.70361,45.76574],[-108.69751,45.76914],[-108.69955,45.77749],[-108.69508,45.78195],[-108.70086,45.78586],[-108.69562,45.78892],[-108.69306,45.79655],[-108.67982,45.79959],[-108.67364,45.80263],[-108.67472,45.8105],[-108.68677,45.82029],[-108.68021,45.82236],[-108.67296,45.82122],[-108.6672,45.82658],[-108.6544,45.82555],[-108.6471,45.82055],[-108.65272,45.81463],[-108.65104,45.81003],[-108.63827,45.80322],[-108.62327,45.8041],[-108.60388,45.80272],[-108.5906,45.80431],[-108.57589,45.80175],[-108.57037,45.80217],[-108.56953,45.80946],[-108.57041,45.82683],[-108.56404,45.82747],[-108.559,45.82386],[-108.5591,45.81315],[-108.54592,45.81306],[-108.53635,45.81671],[-108.53389,45.8199],[-108.52521,45.81994],[-108.51196,45.8161],[-108.50714,45.81707],[-108.50734,45.84187],[-108.49711,45.84198],[-108.49065,45.84392],[-108.48615,45.84847],[-108.45782,45.8484],[-108.43548,45.86409],[-108.42376,45.88976],[-108.42611,45.89591],[-108.42,45.89736],[-108.42674,45.9074],[-108.42876,45.91549],[-108.43708,45.92113],[-108.42714,45.92316],[-108.42507,45.92728],[-108.41818,45.92522],[-108.40201,45.93094],[-108.41787,45.93793],[-108.42785,45.94665],[-108.4203,45.94904],[-108.4126,45.95878],[-108.39823,45.96163],[-108.41704,45.9744],[-108.42974,45.97746],[-108.42515,45.98304],[-108.42617,45.9861],[-108.42922,45.98696],[-108.46767,45.987],[-108.46768,46.03295],[-108.46644,46.0435],[-108.46981,46.05907],[-108.46818,46.06888],[-108.46786,46.09389],[-108.46336,46.10303],[-108.4583,46.11872],[-108.45829,46.13291],[-108.55048,46.13257],[-108.77973,46.13246],[-108.92459,46.13237]]]},"properties":{"STATEFP":"30","COUNTYFP":"111","COUSUBFP":"92541","COUSUBNS":"01940684","GEOIDFQ":"0600000US3011192541","GEOID":"3011192541","NAME":"Northwest Yellowstone","NAMELSAD":"Northwest Yellowstone CCD","STUSPS":"MT","NAMELSADCO":"Yellowstone County","STATE_NAME":"Montana","LSAD":"22","ALAND":1466380592,"AWATER":2531213}},
{"type":"Feature","geometry":{"type":"Polygon","coordinates":[[[-111.87618,45.40807],[-111.88372,45.39755],[-111.88786,45.39424],[-111.88758,45.39089],[-111.91113,45.37105],[-111.91544,45.37036],[-111.9244,45.35982],[-111.93463,45.3597],[-111.9408,45.35463],[-111.95007,45.35272],[-111.95916,45.34535],[-111.97607,45.33443],[-111.99146,45.33022],[-112.00193,45.32485],[-112.01126,45.3265],[-112.01954,45.32609],[-112.04402,45.31907],[-112.06248,45.32022],[-112.08369,45.32002],[-112.08303,45.31073],[-112.0787,45.30434],[-112.07845,45.29667],[-112.07405,45.29315],[-112.07357,45.28091],[-112.08004,45.2726],[-112.08932,45.26712],[-112.10301,45.2572],[-112.10341,45.24994],[-112.11167,45.23698],[-112.117,45.23383],[-112.1237,45.22566],[-112.12445,45.21988],[-112.13452,45.22079],[-112.14133,45.22497],[-112.14979,45.22747],[-112.17512,45.22877],[-112.18198,45.23328],[-112.19253,45.23609],[-112.20386,45.24212],[-112.21287,45.24336],[-112.22788,45.24935],[-112.23218,45.25343],[-112.24401,45.25889],[-112.25248,45.26828],[-112.25942,45.26372],[-112.2661,45.27085],[-112.28948,45.27035],[-112.29628,45.27476],[-112.31043,45.29398],[-112.32027,45.29889],[-112.32302,45.30276],[-112.33535,45.30959],[-112.38857,45.31066],[-112.42208,45.31582],[-112.44665,45.32572],[-112.44899,45.33452],[-112.45776,45.33475],[-112.45729,45.24916],[-112.45746,45.17476],[-112.45685,45.08851],[-112.3339,45.08842],[-112.33425,45.00052],[-112.19119,45.00051],[-112.19181,44.98591],[-112.19063,44.91274],[-112.16699,44.91259],[-112.16711,44.82674],[-112.14673,44.82614],[-112.06568,44.82599],[-112.0658,44.78348],[-112.02514,44.78349],[-112.02514,44.78211],[-111.90304,44.78211],[-111.89364,44.78101],[-111.89113,44.79177],[-111.88674,44.797],[-111.88816,44.8097],[-111.88352,44.81456],[-111.87561,44.8159],[-111.87352,44.82224],[-111.86783,44.82779],[-111.87144,44.84792],[-111.86231,44.8556],[-111.85916,44.8557],[-111.84701,44.86235],[-111.83689,44.86068],[-111.83464,44.86367],[-111.84032,44.86945],[-111.84286,44.87577],[-111.83726,44.88362],[-111.83131,44.88858],[-111.83914,44.89554],[-111.83614,44.9019],[-111.83862,44.90884],[-111.83389,44.92177],[-111.83678,44.92825],[-111.83421,44.93612],[-111.85067,44.93823],[-111.85736,44.94856],[-111.86019,44.9564],[-111.86831,44.95795],[-111.87153,44.96088],[-111.8724,44.97303],[-111.86442,44.97537],[-111.86052,44.98099],[-111.86414,44.98311],[-111.86139,44.99095],[-111.85771,44.99278],[-111.85601,45.00107],[-111.85689,45.00963],[-111.8538,45.01908],[-111.84664,45.02335],[-111.84601,45.03014],[-111.83463,45.04081],[-111.83447,45.04628],[-111.84048,45.05124],[-111.83882,45.05651],[-111.84698,45.06178],[-111.85797,45.06359],[-111.86369,45.06276],[-111.86904,45.06605],[-111.86899,45.07333],[-111.86393,45.08347],[-111.86292,45.09607],[-111.87861,45.11048],[-111.88158,45.11768],[-111.87699,45.12419],[-111.88116,45.13283],[-111.88884,45.13697],[-111.88361,45.1431],[-111.88202,45.1511],[-111.89206,45.15263],[-111.89498,45.15552],[-111.8909,45.16307],[-111.89034,45.16849],[-111.88541,45.17393],[-111.89431,45.18448],[-111.90725,45.18897],[-111.90707,45.1988],[-111.90317,45.20226],[-111.90419,45.21501],[-111.8925,45.22252],[-111.88337,45.23304],[-111.88557,45.24104],[-111.8818,45.24595],[-111.88218,45.25315],[-111.88618,45.25727],[-111.88628,45.26197],[-111.88162,45.27705],[-111.89014,45.27781],[-111.89492,45.28953],[-111.89846,45.30262],[-111.90271,45.30552],[-111.89897,45.31305],[-111.87706,45.33341],[-111.87377,45.33854],[-111.87732,45.34319],[-111.87956,45.361],[-111.88625,45.37459],[-111.87925,45.38693],[-111.87836,45.4048],[-111.87618,45.40807]]]},"properties":{"STATEFP":"30","COUNTYFP":"057","COUSUBFP":"93717","COUSUBNS":"01940736","GEOIDFQ":"0600000US3005793717","GEOID":"3005793717","NAME":"Virginia City","NAMELSAD":"Virginia City CCD","STUSPS":"MT","NAMELSADCO":"Madison County","STATE_NAME":"Montana","LSAD":"22","ALAND":1976080776,"AWATER":2936835}},
{"type":"Feature","geometry":{"type":"Polygon","coordinates":[[[-114.64843,48.73136],[-114.63916,48.73193],[-114.63184,48.73729],[-114.6192,48.7426],[-114.61905,48.74869],[-114.61206,48.75186],[-114.61814,48.75956],[-114.63551,48.75936],[-114.6405,48.77021],[-114.64857,48.77936],[-114.6561,48.78206],[-114.66182,48.78106],[-114.6648,48.78556],[-114.67338,48.78941],[-114.67216,48.79929],[-114.68153,48.79715],[-114.69008,48.80111],[-114.70392,48.80281],[-114.71454,48.8016],[-114.72268,48.80675],[-114.73248,48.8093],[-114.73079,48.81663],[-114.72739,48.81881],[-114.72268,48.83161],[-114.70801,48.83247],[-114.70526,48.83855],[-114.69206,48.84183],[-114.69353,48.85005],[-114.68933,48.85505],[-114.68942,48.86389],[-114.69365,48.8742],[-114.7022,48.88039],[-114.71057,48.89095],[-114.70333,48.90353],[-114.70932,48.92998],[-114.71813,48.93177],[-114.71881,48.93868],[-114.70991,48.94556],[-114.70563,48.95148],[-114.69699,48.9539],[-114.69133,48.96445],[-114.68681,48.96588],[-114.68497,48.97336],[-114.69686,48.97994],[-114.72457,48.97983],[-114.73507,48.98279],[-114.7394,48.99083],[-114.73332,48.99768],[-114.72705,49.00059],[-115.05584,48.99966],[-115.20791,48.99923],[-115.41231,49.00025],[-115.4152,48.99139],[-115.41323,48.97711],[-115.41465,48.97153],[-115.41228,48.96692],[-115.40217,48.96353],[-115.40115,48.95559],[-115.39601,48.95571],[-115.38586,48.94357],[-115.37653,48.93773],[-115.37082,48.92772],[-115.3602,48.92571],[-115.35377,48.91296],[-115.35824,48.90257],[-115.36482,48.90014],[-115.3752,48.89092],[-115.3681,48.88574],[-115.37738,48.87994],[-115.38481,48.86301],[-115.39623,48.85682],[-115.41001,48.8565],[-115.41719,48.86044],[-115.42561,48.85915],[-115.44297,48.8626],[-115.4436,48.85701],[-115.45372,48.84611],[-115.45315,48.83302],[-115.45573,48.82945],[-115.47303,48.83521],[-115.48029,48.83528],[-115.49787,48.82823],[-115.50381,48.82748],[-115.50882,48.833],[-115.5082,48.83915],[-115.52077,48.84577],[-115.52085,48.8372],[-115.5303,48.835],[-115.53725,48.81181],[-115.54182,48.80122],[-115.53819,48.78131],[-115.53537,48.77746],[-115.51967,48.76665],[-115.50739,48.76371],[-115.4812,48.76035],[-115.47668,48.7619],[-115.46697,48.76067],[-115.4372,48.76078],[-115.42348,48.75919],[-115.41394,48.7598],[-115.40932,48.75764],[-115.38516,48.75618],[-115.37704,48.75232],[-115.36433,48.7538],[-115.34179,48.74553],[-115.32614,48.7444],[-115.32085,48.74546],[-115.31265,48.73981],[-115.31334,48.71494],[-115.31567,48.6996],[-115.3195,48.69558],[-115.32147,48.68476],[-115.31602,48.67652],[-115.30046,48.67422],[-115.2807,48.66802],[-115.20539,48.64167],[-115.20005,48.63158],[-115.19475,48.6297],[-115.17104,48.61776],[-115.17753,48.6093],[-115.18397,48.604],[-115.19888,48.59666],[-115.19333,48.59298],[-115.16912,48.58649],[-115.15819,48.58047],[-115.14663,48.58408],[-115.13449,48.58332],[-115.12623,48.57955],[-115.10905,48.5828],[-115.0901,48.58749],[-115.06299,48.59704],[-115.04972,48.59759],[-115.03339,48.60035],[-115.02802,48.59377],[-115.02328,48.59767],[-115.00627,48.60506],[-114.98855,48.60554],[-114.98508,48.60298],[-114.97226,48.60195],[-114.95293,48.60863],[-114.95636,48.59687],[-114.95406,48.58463],[-114.95532,48.57843],[-114.94659,48.56712],[-114.95477,48.55455],[-114.9512,48.5497],[-114.95244,48.54544],[-114.94954,48.53939],[-114.9484,48.53038],[-114.95083,48.52877],[-114.95088,48.50617],[-114.9679,48.49785],[-114.98202,48.48691],[-114.98132,48.47746],[-114.97687,48.47139],[-114.96466,48.46388],[-114.95549,48.45405],[-114.94402,48.44965],[-114.94244,48.44556],[-114.91244,48.41655],[-114.90887,48.40712],[-114.89104,48.40483],[-114.87202,48.39551],[-114.87172,48.38879],[-114.87812,48.38487],[-114.87719,48.37362],[-114.86305,48.36682],[-114.85755,48.36827],[-114.84857,48.3666],[-114.84863,48.39946],[-114.84964,48.39946],[-114.8498,48.5735],[-114.88868,48.57355],[-114.88859,48.65853],[-114.87378,48.65877],[-114.63901,48.65888],[-114.64187,48.66423],[-114.65592,48.67057],[-114.67654,48.67657],[-114.68769,48.67626],[-114.69245,48.68014],[-114.68679,48.6879],[-114.68623,48.69247],[-114.68091,48.69463],[-114.68264,48.7007],[-114.68999,48.70362],[-114.69126,48.7089],[-114.68304,48.71563],[-114.67911,48.72431],[-114.67102,48.72785],[-114.64843,48.73136]]]},"properties":{"STATEFP":"30","COUNTYFP":"053","COUSUBFP":"91071","COUSUBNS":"01940608","GEOIDFQ":"0600000US3005391071","GEOID":"3005391071","NAME":"Eureka","NAMELSAD":"Eureka CCD","STUSPS":"MT","NAMELSADCO":"Lincoln County","STATE_NAME":"Montana","LSAD":"22","ALAND":2241745429,"AWATER":71506727}},
{"type":"Feature","geometry":{"type":"Polygon","coordinates":[[[-110.97617,47.69874],[-110.95663,47.70989],[-110.94736,47.72046],[-110.94758,47.73033],[-110.93696,47.7344],[-110.92986,47.73333],[-110.91829,47.73714],[-110.91134,47.74934],[-110.89762,47.75391],[-110.89618,47.75998],[-110.88904,47.75903],[-110.88887,47.74918],[-110.8923,47.74289],[-110.875,47.74405],[-110.86597,47.73495],[-110.86544,47.72816],[-110.85499,47.72777],[-110.85547,47.71371],[-110.83392,47.71344],[-110.83405,47.68273],[-110.82364,47.68069],[-110.82229,47.68437],[-110.79692,47.68426],[-110.79641,47.68781],[-110.78809,47.68784],[-110.75247,47.70605],[-110.70323,47.70598],[-110.7056,47.68863],[-110.70556,47.64723],[-110.71087,47.64064],[-110.70881,47.626],[-110.6209,47.62579],[-110.60983,47.62228],[-110.59586,47.62223],[-110.58638,47.62752],[-110.57593,47.62593],[-110.56931,47.63159],[-110.54002,47.64638],[-110.53634,47.64911],[-110.53866,47.66462],[-110.52414,47.67788],[-110.51913,47.67911],[-110.48208,47.67138],[-110.4763,47.67109],[-110.46574,47.67436],[-110.45229,47.68076],[-110.43817,47.6909],[-110.4366,47.69343],[-110.4214,47.70234],[-110.40901,47.70464],[-110.40882,47.71362],[-110.38724,47.71368],[-110.38441,47.78631],[-110.25612,47.78741],[-110.25653,47.75837],[-110.14578,47.75937],[-110.12774,47.75871],[-110.12827,47.7085],[-110.10765,47.69646],[-110.0918,47.69783],[-110.07016,47.69199],[-110.06444,47.69435],[-110.06018,47.68967],[-110.04606,47.68299],[-110.03092,47.68316],[-110.02112,47.68455],[-109.99727,47.68187],[-109.98221,47.68602],[-109.97481,47.6833],[-109.96548,47.68716],[-109.94986,47.67996],[-109.93261,47.67585],[-109.92883,47.67966],[-109.90859,47.68957],[-109.89566,47.70032],[-109.88192,47.70038],[-109.87884,47.70364],[-109.87179,47.70242],[-109.86638,47.70839],[-109.85767,47.70284],[-109.85457,47.7057],[-109.84687,47.70469],[-109.83889,47.70671],[-109.83298,47.70914],[-109.82966,47.71529],[-109.85306,47.71678],[-109.86193,47.72128],[-109.86913,47.73351],[-109.8854,47.74774],[-109.88747,47.75766],[-109.8962,47.76388],[-109.92455,47.75965],[-109.93439,47.76322],[-109.94335,47.77642],[-109.95246,47.78163],[-109.96614,47.78292],[-109.97787,47.78619],[-109.98789,47.79554],[-110.00075,47.80451],[-110.01473,47.80826],[-110.0312,47.81608],[-110.04054,47.81676],[-110.05442,47.82113],[-110.06621,47.82144],[-110.07166,47.82793],[-110.07466,47.83609],[-110.06767,47.84276],[-110.06734,47.85127],[-110.07134,47.85615],[-110.07133,47.86162],[-110.06573,47.86519],[-110.06202,47.87327],[-110.06532,47.87902],[-110.06411,47.88858],[-110.06012,47.90174],[-110.05881,47.91526],[-110.05642,47.92321],[-110.06991,47.93837],[-110.08492,47.95056],[-110.08858,47.95965],[-110.10462,47.97075],[-110.1086,47.97576],[-110.11185,47.98464],[-110.12394,48.00434],[-110.12269,48.01719],[-110.13411,48.02463],[-110.14385,48.02869],[-110.1446,48.03259],[-110.15624,48.0384],[-110.17177,48.04042],[-110.18614,48.03836],[-110.1978,48.0382],[-110.20464,48.03223],[-110.22043,48.02949],[-110.22928,48.03307],[-110.23531,48.03042],[-110.24046,48.0218],[-110.24054,48.01],[-110.24297,48.00336],[-110.25341,48.0013],[-110.27263,48.01097],[-110.28004,48.01756],[-110.29714,48.02265],[-110.31168,48.01859],[-110.31786,48.01199],[-110.3178,48.00563],[-110.30913,47.99481],[-110.31388,47.98679],[-110.32956,47.98617],[-110.34508,47.99212],[-110.35349,47.99029],[-110.36377,47.98216],[-110.37524,47.96851],[-110.3724,47.95518],[-110.37983,47.95031],[-110.39052,47.9493],[-110.40235,47.95263],[-110.41329,47.95821],[-110.42113,47.95691],[-110.42757,47.94605],[-110.43397,47.94165],[-110.4558,47.94331],[-110.46586,47.94046],[-110.46944,47.93104],[-110.47991,47.92725],[-110.48615,47.93023],[-110.49372,47.92814],[-110.50243,47.92866],[-110.51719,47.93834],[-110.52037,47.94375],[-110.52949,47.94651],[-110.53577,47.94365],[-110.54819,47.94384],[-110.55284,47.93974],[-110.57738,47.93983],[-110.57932,47.94498],[-110.59018,47.94932],[-110.59133,47.95396],[-110.58747,47.95744],[-110.59094,47.96218],[-110.58903,47.9674],[-110.60047,47.96999],[-110.61017,47.98289],[-110.61849,47.98747],[-110.61992,47.99578],[-110.63341,47.9987],[-110.64245,47.99824],[-110.64655,48.00464],[-110.65732,48.00393],[-110.66026,48.00962],[-110.67013,48.01394],[-110.66427,48.02155],[-110.66741,48.02546],[-110.67781,48.02699],[-110.6748,48.03504],[-110.67565,48.0405],[-110.68334,48.04484],[-110.67593,48.05019],[-110.67665,48.05414],[-110.67144,48.05954],[-110.6774,48.06408],[-110.673,48.06777],[-110.67767,48.07152],[-110.67597,48.07708],[-110.67793,48.08838],[-110.68284,48.09103],[-110.69008,48.10051],[-110.68526,48.10526],[-110.68389,48.11128],[-110.67451,48.11485],[-110.67684,48.1208],[-110.67118,48.12389],[-110.67162,48.12792],[-110.6596,48.12919],[-110.65769,48.13648],[-110.6516,48.13834],[-110.64991,48.14481],[-110.6425,48.14698],[-110.63536,48.15499],[-110.63359,48.16382],[-110.61988,48.17187],[-110.62087,48.1797],[-110.61392,48.18499],[-110.61469,48.18864],[-110.60796,48.1952],[-110.61021,48.19864],[-110.62136,48.202],[-110.62469,48.20911],[-110.63416,48.21781],[-110.63197,48.21973],[-110.75587,48.2196],[-110.82741,48.21957],[-110.82717,48.13321],[-111.17354,48.13291],[-111.4091,48.13222],[-111.40851,47.98718],[-111.40842,47.92403],[-111.40874,47.87137],[-111.40873,47.7853],[-111.40885,47.69812],[-111.21946,47.69768],[-110.97617,47.69874]]]},"properties":{"STATEFP":"30","COUNTYFP":"015","COUSUBFP":"91197","COUSUBNS":"01940617","GEOIDFQ":"0600000US3001591197","GEOID":"3001591197","NAME":"Fort Benton","NAMELSAD":"Fort Benton CCD","STUSPS":"MT","NAMELSADCO":"Chouteau County","STATE_NAME":"Montana","LSAD":"22","ALAND":4285004783,"AWATER":28616781}},
{"type":"Feature","geometry":{"type":"Polygon","coordinates":[[[-104.27512,47.83613],[-104.26072,47.80036],[-104.22508,47.74696],[-104.23019,47.74482],[-104.23819,47.74692],[-104.30834,47.74715],[-104.33045,47.74655],[-104.3347,47.74013],[-104.32298,47.73686],[-104.31391,47.72707],[-104.29815,47.72333],[-104.29737,47.71881],[-104.28674,47.71913],[-104.28706,47.70339],[-104.29261,47.70342],[-104.29265,47.68893],[-104.31413,47.68885],[-104.31439,47.67459],[-104.33596,47.67386],[-104.33952,47.6644],[-104.34686,47.65986],[-104.34482,47.65604],[-104.33551,47.65373],[-104.3206,47.65308],[-104.31443,47.65118],[-104.28951,47.64715],[-104.26689,47.64087],[-104.26142,47.63741],[-104.23077,47.64733],[-104.2181,47.64583],[-104.20934,47.64101],[-104.19531,47.64503],[-104.18977,47.64943],[-104.17836,47.65375],[-104.16875,47.66344],[-104.15345,47.67091],[-104.13305,47.66679],[-104.12255,47.65918],[-104.11185,47.6582],[-104.09583,47.67064],[-104.06891,47.67269],[-104.05747,47.67177],[-104.04353,47.67707],[-104.04324,47.74711],[-104.04249,47.80669],[-104.05473,47.80256],[-104.06822,47.80085],[-104.073,47.80385],[-104.08959,47.80623],[-104.09392,47.80922],[-104.10053,47.80614],[-104.10627,47.80845],[-104.12583,47.79925],[-104.13252,47.79963],[-104.1344,47.79479],[-104.14722,47.7909],[-104.15711,47.7909],[-104.1658,47.79275],[-104.16765,47.79911],[-104.18219,47.79792],[-104.20385,47.79483],[-104.21095,47.79588],[-104.22357,47.80557],[-104.23499,47.80722],[-104.2422,47.82498],[-104.24863,47.82682],[-104.25734,47.83291],[-104.26478,47.83562],[-104.27512,47.83613]]]},"properties":{"STATEFP":"30","COUNTYFP":"083","COUSUBFP":"93108","COUSUBNS":"01940708","GEOIDFQ":"0600000US3008393108","GEOID":"3008393108","NAME":"Sidney","NAMELSAD":"Sidney CCD","STUSPS":"MT","NAMELSADCO":"Richland County","STATE_NAME":"Montana","LSAD":"22","ALAND":292933255,"AWATER":7719298}},
{"type":"Feature","geometry":{"type":"Polygon","coordinates":[[[-108.77973,46.13246],[-108.77917,46.21931],[-108.7785,46.24817],[-108.77927,46.2774],[-108.79538,46.27741],[-108.80014,46.27741],[-108.8002,46.30644],[-108.82113,46.30646],[-108.82116,46.32101],[-108.83161,46.321],[-108.83126,46.35009],[-108.84172,46.35006],[-108.84133,46.36456],[-108.86228,46.36459],[-108.8608,46.45167],[-108.88179,46.45173],[-108.88011,46.48974],[-108.90526,46.48981],[-108.9049,46.57691],[-108.98899,46.57785],[-108.98811,46.607],[-108.98873,46.62124],[-109.00998,46.62117],[-109.00957,46.7507],[-109.1923,46.75132],[-109.38921,46.75135],[-109.38916,46.69363],[-109.38861,46.53419],[-109.38855,46.49064],[-109.40354,46.49066],[-109.4033,46.37383],[-109.38799,46.37366],[-109.38277,46.37816],[-109.38291,46.38833],[-109.36224,46.38858],[-109.36196,46.37383],[-109.3127,46.37377],[-109.31111,46.37532],[-109.28756,46.37304],[-109.28181,46.37074],[-109.28326,46.36352],[-109.2613,46.36305],[-109.25194,46.35708],[-109.24243,46.35624],[-109.23222,46.35001],[-109.22286,46.35034],[-109.22372,46.34613],[-109.22018,46.33568],[-109.21147,46.33291],[-109.19649,46.33186],[-109.19474,46.34412],[-109.1531,46.34441],[-109.15311,46.35021],[-109.05078,46.35018],[-109.03155,46.34331],[-109.02869,46.33855],[-109.0208,46.33339],[-109.00517,46.32862],[-108.99999,46.32541],[-108.9993,46.32098],[-108.98945,46.321],[-108.98756,46.31642],[-108.98867,46.30642],[-108.99732,46.30639],[-108.99875,46.30183],[-109.00791,46.29919],[-109.02284,46.30035],[-109.03591,46.29924],[-109.03513,46.29321],[-109.0417,46.28818],[-109.04168,46.27709],[-109.05187,46.27442],[-109.05269,46.26138],[-109.07318,46.26149],[-109.07378,46.25774],[-109.09427,46.25886],[-109.0948,46.25544],[-109.12319,46.25498],[-109.13009,46.24834],[-109.13571,46.24769],[-109.13586,46.24231],[-109.14521,46.23819],[-109.14182,46.23287],[-109.14979,46.22937],[-109.15252,46.22495],[-109.16588,46.22501],[-109.17052,46.22126],[-109.17953,46.2235],[-109.17975,46.21389],[-109.15639,46.20801],[-109.14087,46.20782],[-109.13893,46.19971],[-109.13182,46.1944],[-109.12483,46.19431],[-109.11985,46.18968],[-109.11153,46.18972],[-109.09987,46.18479],[-109.09072,46.1826],[-109.09072,46.17547],[-109.1162,46.17542],[-109.12586,46.17316],[-109.13898,46.16827],[-109.14759,46.16761],[-109.15269,46.164],[-109.15295,46.14687],[-109.16313,46.14646],[-109.16355,46.13947],[-109.17377,46.1392],[-109.17434,46.13193],[-109.0933,46.13189],[-108.92459,46.13237],[-108.77973,46.13246]]]},"properties":{"STATEFP":"30","COUNTYFP":"037","COUSUBFP":"92016","COUSUBNS":"01940657","GEOIDFQ":"0600000US3003792016","GEOID":"3003792016","NAME":"Lavina","NAMELSAD":"Lavina CCD","STUSPS":"MT","NAMELSADCO":"Golden Valley County","STATE_NAME":"Montana","LSAD":"22","ALAND":2109160787,"AWATER":2367341}},
{"type":"Feature","geometry":{"type":"Polygon","coordinates":[[[-111.04985,47.59833],[-111.04472,47.59807],[-111.04388,47.59158],[-111.03072,47.58695],[-111.0257,47.58196],[-111.0025,47.5724],[-110.99473,47.57515],[-110.96977,47.57164],[-110.9653,47.56382],[-110.95185,47.55817],[-110.94958,47.55309],[-110.93782,47.55267],[-110.93687,47.54684],[-110.91674,47.5464],[-110.90712,47.54214],[-110.89098,47.54606],[-110.8879,47.53998],[-110.8808,47.54055],[-110.86782,47.53825],[-110.86463,47.52471],[-110.76846,47.52564],[-110.76913,47.4461],[-110.6406,47.44631],[-110.63959,47.44543],[-110.63956,47.41649],[-110.55443,47.41647],[-110.25634,47.41668],[-110.2136,47.41666],[-110.17072,47.41686],[-110.1616,47.4174],[-110.15253,47.42089],[-110.13991,47.42908],[-110.13483,47.42871],[-110.12783,47.43524],[-110.11968,47.43562],[-110.11233,47.439],[-110.0979,47.44121],[-110.0807,47.4504],[-110.07892,47.45524],[-110.06906,47.45825],[-110.06689,47.46122],[-110.05587,47.46288],[-110.05251,47.46692],[-110.04255,47.46978],[-110.03101,47.4794],[-110.00871,47.47815],[-110.00292,47.47552],[-109.99999,47.48055],[-109.99025,47.47858],[-109.97482,47.4911],[-109.97126,47.48833],[-109.95701,47.49801],[-109.94591,47.50139],[-109.94116,47.50049],[-109.93456,47.50512],[-109.93481,47.51161],[-109.91366,47.51701],[-109.90854,47.52191],[-109.89594,47.526],[-109.8919,47.52332],[-109.88178,47.52399],[-109.86984,47.52676],[-109.8603,47.53845],[-109.85184,47.53992],[-109.84471,47.54897],[-109.84793,47.55269],[-109.84683,47.56297],[-109.85038,47.56491],[-109.84776,47.57551],[-109.85199,47.58029],[-109.85359,47.5867],[-109.84557,47.59597],[-109.84352,47.60082],[-109.84841,47.60544],[-109.84201,47.61028],[-109.84525,47.61266],[-109.83908,47.61936],[-109.83649,47.62525],[-109.83978,47.63532],[-109.83152,47.64882],[-109.83902,47.65454],[-109.83455,47.65713],[-109.83384,47.66752],[-109.84002,47.67328],[-109.83343,47.67957],[-109.83913,47.69626],[-109.83667,47.69847],[-109.83889,47.70671],[-109.84687,47.70469],[-109.85457,47.7057],[-109.85767,47.70284],[-109.86638,47.70839],[-109.87179,47.70242],[-109.87884,47.70364],[-109.88192,47.70038],[-109.89566,47.70032],[-109.90859,47.68957],[-109.92883,47.67966],[-109.93261,47.67585],[-109.94986,47.67996],[-109.96548,47.68716],[-109.97481,47.6833],[-109.98221,47.68602],[-109.99727,47.68187],[-110.02112,47.68455],[-110.03092,47.68316],[-110.04606,47.68299],[-110.06018,47.68967],[-110.06444,47.69435],[-110.07016,47.69199],[-110.0918,47.69783],[-110.10765,47.69646],[-110.12827,47.7085],[-110.12774,47.75871],[-110.14578,47.75937],[-110.25653,47.75837],[-110.25612,47.78741],[-110.38441,47.78631],[-110.38724,47.71368],[-110.40882,47.71362],[-110.40901,47.70464],[-110.4214,47.70234],[-110.4366,47.69343],[-110.43817,47.6909],[-110.45229,47.68076],[-110.46574,47.67436],[-110.4763,47.67109],[-110.48208,47.67138],[-110.51913,47.67911],[-110.52414,47.67788],[-110.53866,47.66462],[-110.53634,47.64911],[-110.54002,47.64638],[-110.56931,47.63159],[-110.57593,47.62593],[-110.58638,47.62752],[-110.59586,47.62223],[-110.60983,47.62228],[-110.6209,47.62579],[-110.70881,47.626],[-110.71087,47.64064],[-110.70556,47.64723],[-110.7056,47.68863],[-110.70323,47.70598],[-110.75247,47.70605],[-110.78809,47.68784],[-110.79641,47.68781],[-110.79692,47.68426],[-110.82229,47.68437],[-110.82364,47.68069],[-110.83405,47.68273],[-110.83392,47.71344],[-110.85547,47.71371],[-110.85499,47.72777],[-110.86544,47.72816],[-110.86597,47.73495],[-110.875,47.74405],[-110.8923,47.74289],[-110.88887,47.74918],[-110.88904,47.75903],[-110.89618,47.75998],[-110.89762,47.75391],[-110.91134,47.74934],[-110.91829,47.73714],[-110.92986,47.73333],[-110.93696,47.7344],[-110.94758,47.73033],[-110.94736,47.72046],[-110.95663,47.70989],[-110.97617,47.69874],[-110.9836,47.68945],[-110.98367,47.6819],[-110.99482,47.67922],[-111.00336,47.66848],[-111.00183,47.66277],[-111.00545,47.65864],[-111.01648,47.65502],[-111.02138,47.64833],[-111.02263,47.6413],[-111.02642,47.63441],[-111.03701,47.6264],[-111.04057,47.62065],[-111.04055,47.61482],[-111.04726,47.61002],[-111.0467,47.60503],[-111.04985,47.59833]]]},"properties":{"STATEFP":"30","COUNTYFP":"015","COUSUBFP":"91386","COUSUBNS":"01940626","GEOIDFQ":"0600000US3001591386","GEOID":"3001591386","NAME":"Geraldine","NAMELSAD":"Geraldine CCD","STUSPS":"MT","NAMELSADCO":"Chouteau County","STATE_NAME":"Montana","LSAD":"22","ALAND":2350663786,"AWATER":15854719}},
{"type":"Feature","geometry":{"type":"Polygon","coordinates":[[[-114.45126,46.9932],[-114.47024,46.99899],[-114.48613,46.9992],[-114.50261,47.00908],[-114.52536,47.00925],[-114.52533,46.99233],[-114.54717,46.99244],[-114.54644,46.96337],[-114.56613,46.96341],[-114.56626,46.83356],[-114.549,46.83363],[-114.54913,46.74737],[-114.67492,46.74741],[-114.67494,46.73683],[-114.66457,46.73908],[-114.65854,46.73451],[-114.64682,46.73088],[-114.64463,46.72283],[-114.63334,46.71557],[-114.62464,46.71179],[-114.62099,46.70613],[-114.62418,46.69547],[-114.62317,46.69164],[-114.63184,46.68395],[-114.64166,46.67919],[-114.64182,46.67253],[-114.63306,46.66998],[-114.63979,46.66598],[-114.63578,46.65948],[-114.62102,46.65798],[-114.61446,46.65468],[-114.61166,46.64745],[-114.61635,46.64365],[-114.61415,46.63906],[-114.60527,46.63582],[-114.59987,46.63613],[-114.59234,46.63284],[-114.58338,46.63323],[-114.56982,46.64332],[-114.56333,46.64084],[-114.55561,46.64459],[-114.54703,46.64468],[-114.54232,46.64965],[-114.52138,46.64018],[-114.50857,46.63939],[-114.50122,46.64135],[-114.49801,46.63766],[-114.48102,46.63189],[-114.46709,46.63176],[-114.45261,46.64187],[-114.45348,46.64921],[-114.44938,46.64942],[-114.42442,46.66065],[-114.4131,46.65677],[-114.4099,46.6612],[-114.40426,46.65951],[-114.39451,46.66485],[-114.38281,46.66279],[-114.37805,46.66713],[-114.35792,46.6687],[-114.3529,46.66353],[-114.33776,46.66244],[-114.33266,46.66058],[-114.28606,46.66044],[-114.17075,46.66039],[-114.17074,46.66098],[-114.03566,46.66071],[-114.03799,46.67069],[-114.04512,46.67613],[-114.04117,46.67894],[-114.04039,46.68713],[-114.04668,46.69158],[-114.05302,46.69274],[-114.04746,46.69913],[-114.04933,46.70341],[-114.0483,46.71219],[-114.04466,46.71744],[-114.0498,46.72732],[-114.05679,46.7346],[-114.06248,46.74716],[-114.06185,46.75439],[-114.06407,46.75968],[-114.05971,46.77056],[-114.06551,46.77496],[-114.07714,46.77724],[-114.09219,46.78953],[-114.0987,46.79625],[-114.0939,46.80514],[-114.08597,46.81463],[-114.0779,46.82144],[-114.0553,46.8277],[-114.05441,46.83151],[-114.03948,46.83828],[-114.03957,46.8669],[-114.04203,46.87706],[-114.05784,46.87187],[-114.06427,46.87513],[-114.07929,46.87405],[-114.0905,46.86758],[-114.09617,46.86652],[-114.10987,46.86889],[-114.11611,46.86831],[-114.12004,46.86155],[-114.12595,46.86631],[-114.12994,46.87287],[-114.13087,46.87977],[-114.14343,46.8847],[-114.15131,46.89405],[-114.14927,46.90256],[-114.15379,46.90758],[-114.15655,46.90914],[-114.17064,46.90434],[-114.18876,46.91456],[-114.19404,46.9241],[-114.19973,46.92465],[-114.21039,46.93114],[-114.20891,46.94366],[-114.21855,46.95344],[-114.22218,46.96381],[-114.22733,46.96839],[-114.22757,46.97713],[-114.23385,46.9838],[-114.22911,46.99403],[-114.24538,47.00593],[-114.25318,47.00057],[-114.26045,47.00113],[-114.26973,47.00737],[-114.27428,47.00641],[-114.28878,47.00866],[-114.30514,47.01351],[-114.31984,47.0141],[-114.33716,47.02263],[-114.34149,47.02851],[-114.35693,47.02513],[-114.35845,47.01813],[-114.36273,47.01197],[-114.37595,47.00834],[-114.38053,47.01035],[-114.38364,47.01725],[-114.38282,47.02433],[-114.39251,47.02889],[-114.40104,47.02334],[-114.4083,47.01586],[-114.41197,46.99812],[-114.40862,46.98949],[-114.40927,46.98421],[-114.42544,46.98474],[-114.44055,46.99106],[-114.45126,46.9932]]]},"properties":{"STATEFP":"30","COUNTYFP":"063","COUSUBFP":"92142","COUSUBNS":"01940663","GEOIDFQ":"0600000US3006392142","GEOID":"3006392142","NAME":"Lolo","NAMELSAD":"Lolo CCD","STUSPS":"MT","NAMELSADCO":"Missoula County","STATE_NAME":"Montana","LSAD":"22","ALAND":1389364749,"AWATER":5762398}},
{"type":"Feature","geometry":{"type":"Polygon","coordinates":[[[-110.99188,47.11691],[-110.9902,47.112],[-110.99974,47.10897],[-111.01253,47.1003],[-111.02866,47.08334],[-111.0357,47.0775],[-111.04066,47.06975],[-111.04322,47.06158],[-111.05386,47.0523],[-111.05638,47.04688],[-111.06389,47.03999],[-111.06476,47.02588],[-111.05245,47.01798],[-111.05034,47.00864],[-111.0412,47.00852],[-111.03207,47.00608],[-111.01314,47.00278],[-111.00701,47.00489],[-110.9964,47.00509],[-110.99514,46.99725],[-110.98946,46.9976],[-110.97898,47.00143],[-110.96642,46.99903],[-110.95212,46.99156],[-110.94339,46.99021],[-110.93968,46.98738],[-110.92545,46.98516],[-110.91344,46.98083],[-110.90784,46.97255],[-110.89144,46.96572],[-110.8868,46.95751],[-110.88282,46.95672],[-110.87331,46.95008],[-110.87105,46.94474],[-110.85901,46.94606],[-110.85362,46.93666],[-110.85726,46.92269],[-110.83899,46.91819],[-110.83325,46.91294],[-110.825,46.91487],[-110.80498,46.90186],[-110.79527,46.90484],[-110.7902,46.91011],[-110.78277,46.90965],[-110.7834,46.90171],[-110.77013,46.89731],[-110.76082,46.8966],[-110.75271,46.89018],[-110.75334,46.88761],[-110.76234,46.88258],[-110.76067,46.872],[-110.75556,46.87286],[-110.75211,46.85955],[-110.75733,46.84886],[-110.75159,46.84453],[-110.73591,46.84847],[-110.72497,46.84443],[-110.72459,46.83967],[-110.71674,46.83818],[-110.715,46.84151],[-110.69605,46.84329],[-110.69551,46.83995],[-110.68744,46.83615],[-110.67892,46.82477],[-110.66309,46.81904],[-110.65727,46.8189],[-110.65288,46.82363],[-110.65291,46.83716],[-110.63638,46.83716],[-110.63627,46.92393],[-110.64095,46.92393],[-110.64075,47.01068],[-110.64511,47.01069],[-110.64518,47.05194],[-110.64521,47.09587],[-110.7707,47.09655],[-110.77179,47.1489],[-110.78688,47.14202],[-110.79293,47.14064],[-110.8407,47.14006],[-110.84181,47.1338],[-110.85262,47.1341],[-110.86841,47.12919],[-110.89152,47.12875],[-110.9005,47.13215],[-110.93656,47.1328],[-110.94271,47.1355],[-110.95171,47.1327],[-110.96111,47.12682],[-110.9676,47.11973],[-110.99188,47.11691]]]},"properties":{"STATEFP":"30","COUNTYFP":"013","COUSUBFP":"92373","COUSUBNS":"01940674","GEOIDFQ":"0600000US3001392373","GEOID":"3001392373","NAME":"Monarch-Neihart","NAMELSAD":"Monarch-Neihart CCD","STUSPS":"MT","NAMELSADCO":"Cascade County","STATE_NAME":"Montana","LSAD":"22","ALAND":660220694,"AWATER":0}},
{"type":"Feature","geometry":{"type":"Polygon","coordinates":[[[-110.38364,48.95687],[-110.38813,48.9532],[-110.38596,48.94745],[-110.39642,48.9387],[-110.40473,48.93497],[-110.41994,48.92453],[-110.42252,48.9211],[-110.43736,48.91423],[-110.44594,48.91422],[-110.44457,48.56846],[-110.44332,48.55674],[-110.43251,48.55623],[-110.43247,48.39169],[-110.43215,48.30657],[-110.36686,48.30637],[-110.1062,48.3061],[-110.10599,48.39288],[-109.99756,48.39307],[-109.99763,48.4507],[-109.97639,48.45111],[-109.97563,48.45366],[-109.95208,48.45264],[-109.9213,48.45265],[-109.92635,48.45468],[-109.92588,48.45914],[-109.91859,48.46354],[-109.91482,48.47273],[-109.9106,48.47629],[-109.90336,48.48954],[-109.8926,48.48959],[-109.8878,48.49357],[-109.89108,48.49961],[-109.88001,48.501],[-109.87418,48.51274],[-109.86242,48.51942],[-109.86852,48.52361],[-109.86242,48.52758],[-109.85391,48.52591],[-109.8405,48.52684],[-109.83255,48.54176],[-109.82475,48.54152],[-109.82627,48.54634],[-109.81846,48.54869],[-109.81644,48.55685],[-109.80875,48.55631],[-109.82805,48.55958],[-109.9034,48.56082],[-109.94235,48.56388],[-109.9425,48.5846],[-109.95697,48.59626],[-109.9542,48.59997],[-109.96634,48.60739],[-109.96584,48.61673],[-109.97325,48.6248],[-109.97128,48.6422],[-109.97731,48.65396],[-109.98534,48.66271],[-109.98875,48.67298],[-109.99289,48.67954],[-110.01452,48.69078],[-110.02977,48.70186],[-110.0429,48.70619],[-110.05088,48.7109],[-110.05596,48.71148],[-110.06444,48.7068],[-110.08207,48.70773],[-110.09014,48.7164],[-110.09739,48.71814],[-110.10189,48.72861],[-110.10849,48.73295],[-110.11981,48.73407],[-110.12882,48.73876],[-110.14127,48.75822],[-110.14294,48.76313],[-110.13475,48.77821],[-110.141,48.78294],[-110.14363,48.78863],[-110.13525,48.7954],[-110.13381,48.80027],[-110.14139,48.80709],[-110.13858,48.81166],[-110.14928,48.81891],[-110.14942,48.82465],[-110.15613,48.82909],[-110.16241,48.83615],[-110.16715,48.83537],[-110.17377,48.84036],[-110.18324,48.84305],[-110.19156,48.85162],[-110.19892,48.85696],[-110.21036,48.86016],[-110.20685,48.86608],[-110.20797,48.86981],[-110.21508,48.87439],[-110.22642,48.87909],[-110.23376,48.88391],[-110.25449,48.88122],[-110.26269,48.8822],[-110.2687,48.8863],[-110.2682,48.89092],[-110.27293,48.89809],[-110.28858,48.90252],[-110.29099,48.90673],[-110.29967,48.911],[-110.29985,48.92322],[-110.30622,48.92487],[-110.31019,48.93063],[-110.32876,48.92994],[-110.33572,48.9325],[-110.33171,48.9362],[-110.34078,48.94005],[-110.34538,48.94565],[-110.35037,48.94407],[-110.35558,48.94761],[-110.36319,48.94818],[-110.36661,48.95613],[-110.38364,48.95687]]]},"properties":{"STATEFP":"30","COUNTYFP":"041","COUSUBFP":"91428","COUSUBNS":"01940628","GEOIDFQ":"0600000US3004191428","GEOID":"3004191428","NAME":"Gildford","NAMELSAD":"Gildford CCD","STUSPS":"MT","NAMELSADCO":"Hill County","STATE_NAME":"Montana","LSAD":"22","ALAND":1982334524,"AWATER":17806235}},
{"type":"Feature","geometry":{"type":"Polygon","coordinates":[[[-112.57711,46.17898],[-112.59389,46.17132],[-112.59441,46.16524],[-112.60074,46.16576],[-112.60492,46.1702],[-112.61523,46.16539],[-112.6219,46.1732],[-112.64014,46.17434],[-112.65623,46.15286],[-112.66754,46.14523],[-112.67951,46.14054],[-112.681,46.13567],[-112.77712,46.13583],[-112.77759,46.0586],[-112.77772,46.04831],[-112.85276,46.04843],[-112.8584,46.03785],[-112.86342,46.03689],[-112.8701,46.02822],[-112.86865,46.01877],[-112.87122,46.01653],[-112.86812,46.01033],[-112.88402,45.99812],[-112.88942,46.00113],[-112.90161,45.99957],[-112.92197,46.00428],[-112.92736,45.99833],[-112.93873,45.99337],[-112.94172,45.98717],[-112.93707,45.98135],[-112.93843,45.97651],[-112.93573,45.97228],[-112.9384,45.96841],[-112.93203,45.96302],[-112.93255,45.95499],[-112.92853,45.94534],[-112.92533,45.94247],[-112.92322,45.93477],[-112.91328,45.92836],[-112.91418,45.92497],[-112.90621,45.92131],[-112.901,45.92345],[-112.89939,45.93299],[-112.8811,45.93325],[-112.8661,45.92992],[-112.854,45.93023],[-112.84525,45.93212],[-112.83856,45.93006],[-112.82886,45.93253],[-112.8239,45.92805],[-112.81619,45.93197],[-112.80786,45.93243],[-112.80053,45.92643],[-112.79192,45.92709],[-112.78419,45.92445],[-112.76998,45.92665],[-112.76515,45.92954],[-112.75454,45.92927],[-112.75474,45.90781],[-112.74645,45.90587],[-112.73396,45.89984],[-112.7227,45.8851],[-112.70718,45.88474],[-112.68838,45.88292],[-112.67377,45.88273],[-112.67214,45.90086],[-112.67506,45.91913],[-112.674,45.92627],[-112.66712,45.94966],[-112.65756,45.97034],[-112.64844,45.97143],[-112.63977,45.96659],[-112.62215,45.97494],[-112.61362,45.98152],[-112.61194,45.98688],[-112.61121,46.00563],[-112.60667,46.00777],[-112.60858,46.02708],[-112.60458,46.02972],[-112.60852,46.04833],[-112.60599,46.05384],[-112.60883,46.06017],[-112.60371,46.06913],[-112.59762,46.07368],[-112.58418,46.07521],[-112.57135,46.07814],[-112.56356,46.08152],[-112.55915,46.08685],[-112.55272,46.10104],[-112.53656,46.11001],[-112.53238,46.11843],[-112.5237,46.12017],[-112.52069,46.12718],[-112.51475,46.1299],[-112.52009,46.13727],[-112.51395,46.14819],[-112.51252,46.15778],[-112.51704,46.16587],[-112.50514,46.1833],[-112.5262,46.18493],[-112.53107,46.18007],[-112.54523,46.175],[-112.55262,46.17938],[-112.55656,46.17566],[-112.57144,46.17681],[-112.57711,46.17898]]]},"properties":{"STATEFP":"30","COUNTYFP":"093","COUSUBFP":"90485","COUSUBNS":"01940709","GEOIDFQ":"0600000US3009390485","GEOID":"3009390485","NAME":"Butte-Silver Bow Northwest","NAMELSAD":"Butte-Silver Bow Northwest CCD","STUSPS":"MT","NAMELSADCO":"Silver Bow County","STATE_NAME":"Montana","LSAD":"22","ALAND":521181701,"AWATER":385446}},
{"type":"Feature","geometry":{"type":"Polygon","coordinates":[[[-109.02121,47.51228],[-109.03364,47.4989],[-109.03836,47.488],[-109.05241,47.48423],[-109.055,47.48067],[-109.05106,47.47293],[-109.05308,47.46668],[-109.05903,47.45776],[-109.06489,47.45622],[-109.07181,47.44967],[-109.07744,47.43776],[-109.08927,47.43047],[-109.0923,47.42296],[-109.10679,47.41371],[-109.10965,47.41015],[-109.11831,47.40753],[-109.12413,47.39485],[-109.13746,47.39565],[-109.14575,47.39848],[-109.15904,47.39495],[-109.16281,47.3887],[-109.17015,47.38929],[-109.20089,47.3788],[-109.2083,47.37858],[-109.20517,47.36398],[-109.20633,47.35504],[-109.21222,47.35101],[-109.22194,47.35358],[-109.22868,47.35064],[-109.21833,47.33885],[-109.18657,47.32223],[-109.18508,47.31544],[-109.178,47.31428],[-109.1611,47.30078],[-109.1611,47.29255],[-109.14218,47.29151],[-109.12087,47.28501],[-109.10866,47.27972],[-109.11168,47.25915],[-109.10436,47.24619],[-109.10332,47.23417],[-109.09618,47.22036],[-109.09789,47.21796],[-109.09594,47.20582],[-109.10182,47.20225],[-109.1078,47.20279],[-109.11206,47.19903],[-109.12576,47.19401],[-109.12737,47.18836],[-109.12035,47.17467],[-109.11509,47.17148],[-109.10942,47.1643],[-109.08869,47.16451],[-109.08552,47.16827],[-109.06707,47.16811],[-109.06151,47.17204],[-109.04068,47.17541],[-109.03846,47.18517],[-109.02779,47.18792],[-109.01374,47.1879],[-109.01261,47.19102],[-109.00481,47.1953],[-108.98905,47.20078],[-108.99105,47.21082],[-108.98713,47.21349],[-108.97498,47.20652],[-108.96452,47.20336],[-108.9509,47.19478],[-108.93692,47.19397],[-108.93309,47.19138],[-108.91869,47.1896],[-108.90947,47.19155],[-108.89393,47.19108],[-108.88124,47.1935],[-108.87405,47.18993],[-108.85098,47.18848],[-108.84073,47.1912],[-108.83139,47.18972],[-108.82128,47.19642],[-108.81225,47.19986],[-108.80216,47.19971],[-108.7912,47.20421],[-108.78692,47.20872],[-108.77805,47.20697],[-108.77632,47.21029],[-108.76372,47.21233],[-108.7599,47.21094],[-108.74684,47.21623],[-108.7306,47.22062],[-108.71921,47.22558],[-108.71919,47.27034],[-108.59111,47.27014],[-108.59083,47.30652],[-108.46425,47.30684],[-108.46426,47.30797],[-108.3368,47.30793],[-108.3368,47.31516],[-108.31548,47.31515],[-108.31543,47.44561],[-108.31549,47.53107],[-108.31315,47.53107],[-108.31305,47.58365],[-108.3239,47.58544],[-108.33298,47.58272],[-108.3254,47.57658],[-108.32638,47.57076],[-108.33582,47.5674],[-108.35038,47.56744],[-108.35093,47.5746],[-108.35627,47.58021],[-108.36677,47.57608],[-108.37785,47.57761],[-108.38074,47.58157],[-108.37942,47.58674],[-108.38634,47.59201],[-108.40049,47.59519],[-108.41246,47.5849],[-108.42452,47.58475],[-108.42896,47.58846],[-108.42146,47.59696],[-108.42514,47.60415],[-108.43249,47.60194],[-108.43934,47.60248],[-108.44002,47.61356],[-108.45094,47.61638],[-108.45691,47.61573],[-108.46171,47.60722],[-108.47454,47.59827],[-108.4904,47.60077],[-108.49972,47.59969],[-108.50923,47.6012],[-108.50749,47.60915],[-108.51334,47.61501],[-108.52706,47.6211],[-108.53852,47.61394],[-108.54798,47.6141],[-108.57242,47.60948],[-108.58216,47.61547],[-108.59577,47.61594],[-108.60517,47.62341],[-108.61097,47.62433],[-108.63138,47.61953],[-108.65688,47.62198],[-108.6714,47.61956],[-108.67534,47.62219],[-108.67839,47.61744],[-108.68875,47.61108],[-108.7006,47.60697],[-108.70591,47.59981],[-108.72209,47.59633],[-108.74057,47.59602],[-108.7476,47.59383],[-108.75717,47.59827],[-108.76066,47.59558],[-108.77561,47.59569],[-108.78086,47.59107],[-108.78997,47.59268],[-108.79943,47.59138],[-108.80518,47.58175],[-108.82366,47.57964],[-108.83315,47.58305],[-108.83657,47.58019],[-108.8603,47.58204],[-108.87323,47.57326],[-108.88482,47.57206],[-108.89001,47.56974],[-108.89781,47.57405],[-108.90644,47.5725],[-108.9045,47.56665],[-108.91301,47.55993],[-108.92413,47.55392],[-108.92595,47.54571],[-108.93184,47.54016],[-108.93018,47.53282],[-108.93846,47.53152],[-108.94782,47.52398],[-108.96255,47.52422],[-108.96674,47.51789],[-108.97547,47.51666],[-108.98881,47.51929],[-108.99561,47.5151],[-109.00072,47.51772],[-109.00829,47.51768],[-109.02121,47.51228]]]},"properties":{"STATEFP":"30","COUNTYFP":"027","COUSUBFP":"92898","COUSUBNS":"01940699","GEOIDFQ":"0600000US3002792898","GEOID":"3002792898","NAME":"Roy","NAMELSAD":"Roy CCD","STUSPS":"MT","NAMELSADCO":"Fergus County","STATE_NAME":"Montana","LSAD":"22","ALAND":2244604595,"AWATER":7836102}},
{"type":"Feature","geometry":{"type":"Polygon","coordinates":[[[-109.80875,48.55631],[-109.79907,48.56164],[-109.79819,48.56836],[-109.77803,48.57156],[-109.75784,48.57248],[-109.72789,48.56464],[-109.72008,48.56766],[-109.72577,48.57247],[-109.7251,48.57855],[-109.71948,48.58289],[-109.70714,48.58654],[-109.70214,48.59626],[-109.68041,48.59622],[-109.67509,48.59335],[-109.63582,48.58339],[-109.62574,48.58178],[-109.59951,48.58487],[-109.59288,48.58964],[-109.59292,48.61085],[-109.50515,48.61102],[-109.50551,48.91391],[-109.48963,48.91397],[-109.48955,49.00061],[-109.50074,49.00044],[-109.81927,48.99993],[-109.99562,48.99964],[-110.17159,48.99926],[-110.43815,48.99919],[-110.53161,48.99839],[-110.54332,48.99851],[-110.53868,48.99508],[-110.52574,48.99747],[-110.51783,48.99101],[-110.5063,48.99372],[-110.49043,48.98653],[-110.48461,48.98846],[-110.4732,48.98412],[-110.46592,48.986],[-110.45971,48.99082],[-110.45181,48.99231],[-110.44318,48.98723],[-110.42998,48.98988],[-110.42957,48.98003],[-110.42314,48.98219],[-110.42342,48.97459],[-110.41501,48.97229],[-110.40116,48.96467],[-110.39091,48.96647],[-110.38754,48.95863],[-110.38364,48.95687],[-110.36661,48.95613],[-110.36319,48.94818],[-110.35558,48.94761],[-110.35037,48.94407],[-110.34538,48.94565],[-110.34078,48.94005],[-110.33171,48.9362],[-110.33572,48.9325],[-110.32876,48.92994],[-110.31019,48.93063],[-110.30622,48.92487],[-110.29985,48.92322],[-110.29967,48.911],[-110.29099,48.90673],[-110.28858,48.90252],[-110.27293,48.89809],[-110.2682,48.89092],[-110.2687,48.8863],[-110.26269,48.8822],[-110.25449,48.88122],[-110.23376,48.88391],[-110.22642,48.87909],[-110.21508,48.87439],[-110.20797,48.86981],[-110.20685,48.86608],[-110.21036,48.86016],[-110.19892,48.85696],[-110.19156,48.85162],[-110.18324,48.84305],[-110.17377,48.84036],[-110.16715,48.83537],[-110.16241,48.83615],[-110.15613,48.82909],[-110.14942,48.82465],[-110.14928,48.81891],[-110.13858,48.81166],[-110.14139,48.80709],[-110.13381,48.80027],[-110.13525,48.7954],[-110.14363,48.78863],[-110.141,48.78294],[-110.13475,48.77821],[-110.14294,48.76313],[-110.14127,48.75822],[-110.12882,48.73876],[-110.11981,48.73407],[-110.10849,48.73295],[-110.10189,48.72861],[-110.09739,48.71814],[-110.09014,48.7164],[-110.08207,48.70773],[-110.06444,48.7068],[-110.05596,48.71148],[-110.05088,48.7109],[-110.0429,48.70619],[-110.02977,48.70186],[-110.01452,48.69078],[-109.99289,48.67954],[-109.98875,48.67298],[-109.98534,48.66271],[-109.97731,48.65396],[-109.97128,48.6422],[-109.97325,48.6248],[-109.96584,48.61673],[-109.96634,48.60739],[-109.9542,48.59997],[-109.95697,48.59626],[-109.9425,48.5846],[-109.94235,48.56388],[-109.9034,48.56082],[-109.82805,48.55958],[-109.80875,48.55631]]]},"properties":{"STATEFP":"30","COUNTYFP":"041","COUSUBFP":"93906","COUSUBNS":"01940745","GEOIDFQ":"0600000US3004193906","GEOID":"3004193906","NAME":"Wild Horse Lake","NAMELSAD":"Wild Horse Lake CCD","STUSPS":"MT","NAMELSADCO":"Hill County","STATE_NAME":"Montana","LSAD":"22","ALAND":2217196584,"AWATER":21145597}},
{"type":"Feature","geometry":{"type":"Polygon","coordinates":[[[-108.31305,47.58365],[-108.30507,47.58074],[-108.28237,47.57962],[-108.26651,47.58304],[-108.25962,47.58799],[-108.25131,47.58778],[-108.24504,47.58308],[-108.23797,47.58237],[-108.21388,47.58535],[-108.19957,47.58973],[-108.19031,47.58691],[-108.17855,47.58006],[-108.16093,47.58075],[-108.14754,47.58364],[-108.13727,47.59243],[-108.13183,47.59397],[-108.11926,47.59405],[-108.11284,47.59134],[-108.09223,47.59415],[-108.08578,47.59145],[-108.07958,47.59201],[-108.06542,47.59829],[-108.05313,47.5945],[-108.04661,47.58848],[-108.02406,47.58235],[-108.01318,47.58136],[-107.99659,47.58441],[-107.98899,47.58885],[-107.97618,47.58593],[-107.96591,47.57849],[-107.96158,47.56988],[-107.94434,47.56633],[-107.9311,47.56907],[-107.9262,47.56519],[-107.92386,47.55582],[-107.92929,47.55016],[-107.93021,47.54432],[-107.9195,47.53519],[-107.91764,47.53015],[-107.91918,47.52059],[-107.91209,47.51448],[-107.89811,47.51007],[-107.89719,47.50408],[-107.90299,47.49371],[-107.90912,47.48801],[-107.90918,47.48321],[-107.90489,47.47481],[-107.91207,47.46571],[-107.91225,47.45321],[-107.90912,47.45069],[-107.90524,47.44938],[-107.88598,47.45335],[-107.86354,47.45605],[-107.86004,47.46004],[-107.8621,47.46726],[-107.86746,47.47083],[-107.86897,47.47766],[-107.86622,47.48254],[-107.85124,47.48751],[-107.85047,47.49195],[-107.85794,47.503],[-107.86481,47.50795],[-107.86549,47.5129],[-107.8607,47.5165],[-107.85356,47.51722],[-107.84223,47.52491],[-107.83943,47.53441],[-107.83021,47.53861],[-107.82203,47.54518],[-107.81378,47.54582],[-107.80734,47.54277],[-107.7962,47.54589],[-107.79284,47.55322],[-107.78517,47.55206],[-107.77786,47.54365],[-107.77273,47.54307],[-107.76192,47.54805],[-107.75936,47.55323],[-107.76299,47.56365],[-107.75273,47.5675],[-107.73733,47.56899],[-107.73227,47.57187],[-107.73152,47.58541],[-107.7209,47.58958],[-107.71765,47.59435],[-107.70952,47.60026],[-107.70743,47.60838],[-107.69507,47.621],[-107.69567,47.62899],[-107.68631,47.63127],[-107.67117,47.62989],[-107.66199,47.62089],[-107.65416,47.62135],[-107.64668,47.62944],[-107.64574,47.63935],[-107.64763,47.64443],[-107.65472,47.65045],[-107.64809,47.65251],[-107.63898,47.64963],[-107.63313,47.64388],[-107.61623,47.63257],[-107.61238,47.64472],[-107.60657,47.64948],[-107.59425,47.64973],[-107.57323,47.6437],[-107.56757,47.64296],[-107.55367,47.64635],[-107.5333,47.64351],[-107.52079,47.64292],[-107.51085,47.63017],[-107.49934,47.62401],[-107.47909,47.624],[-107.45151,47.62214],[-107.44275,47.62367],[-107.4347,47.63141],[-107.43401,47.63995],[-107.43828,47.64459],[-107.43717,47.64971],[-107.42746,47.65138],[-107.42069,47.65774],[-107.41974,47.6623],[-107.42868,47.67119],[-107.42853,47.67653],[-107.41943,47.68857],[-107.41489,47.69173],[-107.4144,47.87051],[-107.40468,47.87051],[-107.40477,47.96076],[-107.40467,48.08892],[-107.41238,48.09299],[-107.42595,48.09486],[-107.43167,48.08767],[-107.53306,48.08751],[-107.54718,48.08782],[-107.56151,48.08344],[-107.55118,48.07702],[-107.55633,48.07312],[-107.54644,48.07078],[-107.54951,48.06041],[-107.55638,48.05188],[-107.57086,48.05257],[-107.57009,48.04605],[-107.57846,48.03716],[-107.5849,48.03744],[-107.58736,48.0326],[-107.59973,48.03182],[-107.603,48.02741],[-107.61259,48.02594],[-107.61668,48.02256],[-107.62852,48.02132],[-107.63748,48.0253],[-107.64412,48.02476],[-107.66485,48.03746],[-107.6685,48.04385],[-107.67355,48.04571],[-107.68613,48.04427],[-107.69427,48.04727],[-107.69656,48.05242],[-107.70972,48.05326],[-107.71271,48.05871],[-107.71971,48.06253],[-107.73386,48.06178],[-107.73413,48.06642],[-107.74806,48.06741],[-107.7479,48.06985],[-107.76003,48.07078],[-107.76622,48.07377],[-107.77945,48.08477],[-107.7905,48.08266],[-107.79392,48.08704],[-107.80121,48.08431],[-107.80465,48.08772],[-107.81348,48.08804],[-107.82255,48.08357],[-107.82401,48.07088],[-107.82947,48.06743],[-107.82492,48.06448],[-107.82861,48.05493],[-107.84426,48.04804],[-107.84796,48.03915],[-107.87127,48.03425],[-107.87535,48.02524],[-107.88488,48.02898],[-107.89981,48.01843],[-107.90088,48.01153],[-107.90509,48.00567],[-107.90197,48.00123],[-107.90679,47.99741],[-107.90113,47.99093],[-107.90186,47.98343],[-107.92298,47.97931],[-107.92955,47.97616],[-107.9483,47.98248],[-107.95823,47.9829],[-107.96659,47.986],[-107.97319,47.98581],[-107.98323,47.98838],[-107.98495,47.98568],[-107.99539,47.98492],[-108.00285,47.97216],[-108.00467,47.96138],[-108.00792,47.95683],[-108.01352,47.95617],[-108.02768,47.95921],[-108.04097,47.95401],[-108.04623,47.94648],[-108.05746,47.94324],[-108.06643,47.94244],[-108.08384,47.93828],[-108.09846,47.92821],[-108.1015,47.92925],[-108.11393,47.92538],[-108.11502,47.92251],[-108.13551,47.91629],[-108.14169,47.91682],[-108.14555,47.91031],[-108.15112,47.91093],[-108.1843,47.89467],[-108.19033,47.89764],[-108.19723,47.8978],[-108.20034,47.89168],[-108.2089,47.8845],[-108.21698,47.88248],[-108.21873,47.87903],[-108.23364,47.88673],[-108.24585,47.88615],[-108.2531,47.89129],[-108.24963,47.89673],[-108.25753,47.90925],[-108.26917,47.91043],[-108.27973,47.90972],[-108.28415,47.91175],[-108.29788,47.9136],[-108.31142,47.9201],[-108.33101,47.91642],[-108.3405,47.91789],[-108.35466,47.9136],[-108.36102,47.91393],[-108.36511,47.88841],[-108.38007,47.88392],[-108.38518,47.88616],[-108.39216,47.88305],[-108.40139,47.88407],[-108.40319,47.88753],[-108.4252,47.89091],[-108.44375,47.8964],[-108.45615,47.89398],[-108.4618,47.89898],[-108.46829,47.90126],[-108.47473,47.90939],[-108.48316,47.91259],[-108.48764,47.91856],[-108.48268,47.92149],[-108.49252,47.92827],[-108.50133,47.93041],[-108.45265,47.97654],[-108.45192,47.97722],[-108.56956,47.98127],[-108.58754,47.98659],[-108.5978,47.99192],[-108.60758,47.991],[-108.62326,47.95724],[-108.62559,47.92041],[-108.63757,47.92287],[-108.63909,47.92064],[-108.65613,47.91998],[-108.66213,47.92497],[-108.67169,47.92326],[-108.88535,47.92273],[-108.88832,47.92272],[-108.88849,47.87061],[-108.89107,47.87061],[-108.89111,47.73446],[-108.86233,47.72463],[-108.84858,47.72078],[-108.82145,47.70908],[-108.81571,47.70523],[-108.81062,47.69798],[-108.80369,47.69283],[-108.79628,47.69016],[-108.78406,47.6821],[-108.78152,47.67558],[-108.78381,47.66981],[-108.78982,47.66294],[-108.78623,47.65591],[-108.77162,47.64552],[-108.75544,47.64384],[-108.74946,47.64692],[-108.73804,47.6473],[-108.72788,47.64989],[-108.71295,47.64164],[-108.71029,47.63361],[-108.70208,47.62985],[-108.68603,47.63111],[-108.67534,47.62219],[-108.6714,47.61956],[-108.65688,47.62198],[-108.63138,47.61953],[-108.61097,47.62433],[-108.60517,47.62341],[-108.59577,47.61594],[-108.58216,47.61547],[-108.57242,47.60948],[-108.54798,47.6141],[-108.53852,47.61394],[-108.52706,47.6211],[-108.51334,47.61501],[-108.50749,47.60915],[-108.50923,47.6012],[-108.49972,47.59969],[-108.4904,47.60077],[-108.47454,47.59827],[-108.46171,47.60722],[-108.45691,47.61573],[-108.45094,47.61638],[-108.44002,47.61356],[-108.43934,47.60248],[-108.43249,47.60194],[-108.42514,47.60415],[-108.42146,47.59696],[-108.42896,47.58846],[-108.42452,47.58475],[-108.41246,47.5849],[-108.40049,47.59519],[-108.38634,47.59201],[-108.37942,47.58674],[-108.38074,47.58157],[-108.37785,47.57761],[-108.36677,47.57608],[-108.35627,47.58021],[-108.35093,47.5746],[-108.35038,47.56744],[-108.33582,47.5674],[-108.32638,47.57076],[-108.3254,47.57658],[-108.33298,47.58272],[-108.3239,47.58544],[-108.31305,47.58365]]]},"properties":{"STATEFP":"30","COUNTYFP":"071","COUSUBFP":"93223","COUSUBNS":"01940689","GEOIDFQ":"0600000US3007193223","GEOID":"3007193223","NAME":"South Phillips","NAMELSAD":"South Phillips CCD","STUSPS":"MT","NAMELSADCO":"Phillips County","STATE_NAME":"Montana","LSAD":"22","ALAND":4450427413,"AWATER":112167210}},
{"type":"Feature","geometry":{"type":"Polygon","coordinates":[[[-107.01917,45.35392],[-107.02015,45.21794],[-107.02049,45.15807],[-107.01462,45.14121],[-107.01325,45.12497],[-107.01059,45.10755],[-107.00497,45.00326],[-107.00516,44.9963],[-106.88476,44.99595],[-106.57092,44.99486],[-106.26372,44.99379],[-106.26368,45.17972],[-106.27971,45.17973],[-106.39888,45.17975],[-106.39892,45.17728],[-106.66665,45.17765],[-106.67702,45.17813],[-106.7282,45.17813],[-106.76801,45.17973],[-106.76868,45.35283],[-106.87098,45.35322],[-106.89158,45.35377],[-107.01917,45.35392]]]},"properties":{"STATEFP":"30","COUNTYFP":"003","COUSUBFP":"90850","COUSUBNS":"01940728","GEOIDFQ":"0600000US3000390850","GEOID":"3000390850","NAME":"Decker","NAMELSAD":"Decker CCD","STUSPS":"MT","NAMELSADCO":"Big Horn County","STATE_NAME":"Montana","LSAD":"22","ALAND":1572723310,"AWATER":8937018}},
{"type":"Feature","geometry":{"type":"Polygon","coordinates":[[[-108.98454,45.18977],[-108.99486,45.19095],[-108.99466,45.18628],[-109.00039,45.1718],[-109.00595,45.16502],[-109.01266,45.161],[-109.00874,45.15723],[-109.00068,45.15657],[-108.98917,45.14458],[-108.984,45.1427],[-108.98257,45.13342],[-108.99314,45.12896],[-108.99856,45.1302],[-109.00368,45.12693],[-109.00977,45.11714],[-109.02243,45.10736],[-109.02769,45.1005],[-109.02664,45.08967],[-109.02909,45.07921],[-109.03722,45.0736],[-109.04296,45.07333],[-109.04704,45.06615],[-109.05947,45.06433],[-109.06579,45.06102],[-109.07773,45.0472],[-109.06983,45.04262],[-109.06582,45.03375],[-109.06055,45.0285],[-109.05467,45.01558],[-109.0621,45.01168],[-109.0629,44.99953],[-108.90286,44.99988],[-108.68385,45.00017],[-108.5344,45.00037],[-108.51499,44.99968],[-108.2714,45.00023],[-108.24941,44.9999],[-108.24825,45.00681],[-108.25695,45.00649],[-108.25329,45.01338],[-108.25408,45.01806],[-108.24755,45.02209],[-108.2498,45.03165],[-108.24252,45.04475],[-108.23508,45.04789],[-108.22365,45.04622],[-108.22206,45.0526],[-108.23459,45.05384],[-108.23982,45.05712],[-108.2396,45.06251],[-108.2312,45.06337],[-108.22729,45.06626],[-108.22987,45.07073],[-108.2202,45.07834],[-108.22049,45.08592],[-108.21752,45.09412],[-108.20662,45.09437],[-108.20451,45.10274],[-108.19303,45.09815],[-108.18913,45.09968],[-108.18631,45.11178],[-108.18163,45.12446],[-108.18887,45.129],[-108.18777,45.13173],[-108.16987,45.13275],[-108.16395,45.13799],[-108.16587,45.14295],[-108.17184,45.14471],[-108.1696,45.15087],[-108.17405,45.15822],[-108.16843,45.16147],[-108.16079,45.16181],[-108.16839,45.17082],[-108.16085,45.17267],[-108.15624,45.16825],[-108.15169,45.16948],[-108.14777,45.18511],[-108.13853,45.18204],[-108.13228,45.18188],[-108.143,45.19409],[-108.13137,45.19388],[-108.13645,45.20464],[-108.1259,45.21054],[-108.12218,45.21632],[-108.1098,45.21651],[-108.09805,45.22052],[-108.69962,45.21771],[-108.6993,45.31349],[-108.6964,45.32036],[-108.69943,45.32772],[-108.69962,45.34895],[-108.68573,45.39185],[-108.68222,45.43313],[-108.64532,45.46407],[-108.6981,45.46407],[-108.69876,45.47935],[-108.69928,45.52263],[-108.76031,45.52283],[-108.76048,45.55192],[-108.80176,45.55197],[-108.80237,45.58752],[-108.79685,45.58863],[-108.80326,45.58773],[-108.80938,45.58577],[-108.81444,45.58015],[-108.82259,45.57632],[-108.82451,45.56974],[-108.819,45.56434],[-108.82396,45.56171],[-108.82881,45.54322],[-108.82107,45.53276],[-108.82249,45.51748],[-108.83962,45.5089],[-108.84202,45.50363],[-108.839,45.49903],[-108.84933,45.49382],[-108.84628,45.49155],[-108.84863,45.48575],[-108.84377,45.48417],[-108.84493,45.47398],[-108.84098,45.46454],[-108.84075,45.45421],[-108.84618,45.45448],[-108.84902,45.44897],[-108.86245,45.44947],[-108.86292,45.44363],[-108.8547,45.44206],[-108.85907,45.43246],[-108.86495,45.42872],[-108.87434,45.42763],[-108.88299,45.41225],[-108.88949,45.41075],[-108.89056,45.40472],[-108.90144,45.39615],[-108.89493,45.39201],[-108.90638,45.3818],[-108.90919,45.37035],[-108.91831,45.36139],[-108.91742,45.35876],[-108.90769,45.35695],[-108.90911,45.35345],[-108.89982,45.34644],[-108.90108,45.34297],[-108.90961,45.342],[-108.90741,45.33728],[-108.91396,45.33441],[-108.91192,45.32858],[-108.90283,45.3273],[-108.90303,45.32356],[-108.89738,45.32042],[-108.89559,45.31258],[-108.89957,45.30987],[-108.89278,45.30235],[-108.89792,45.29927],[-108.8998,45.2933],[-108.89299,45.28734],[-108.90121,45.28672],[-108.9048,45.28038],[-108.90255,45.27609],[-108.91403,45.26413],[-108.91574,45.25958],[-108.92703,45.25305],[-108.93123,45.24598],[-108.94461,45.23796],[-108.94866,45.23083],[-108.94917,45.22361],[-108.95598,45.2179],[-108.95334,45.20615],[-108.96539,45.199],[-108.96835,45.19255],[-108.98454,45.18977]]]},"properties":{"STATEFP":"30","COUNTYFP":"009","COUSUBFP":"90976","COUSUBNS":"01940581","GEOIDFQ":"0600000US3000990976","GEOID":"3000990976","NAME":"East Carbon","NAMELSAD":"East Carbon CCD","STUSPS":"MT","NAMELSADCO":"Carbon County","STATE_NAME":"Montana","LSAD":"22","ALAND":2111218957,"AWATER":9664739}},
{"type":"Feature","geometry":{"type":"Polygon","coordinates":[[[-108.98454,45.18977],[-108.98317,45.19682],[-108.97683,45.20343],[-108.98927,45.20479],[-108.99114,45.20989],[-109.00513,45.21347],[-109.01643,45.21803],[-109.08475,45.21797],[-109.09338,45.2204],[-109.10552,45.21948],[-109.1183,45.22458],[-109.13901,45.22747],[-109.1463,45.2309],[-109.15133,45.23029],[-109.16431,45.23394],[-109.17708,45.23466],[-109.17737,45.24176],[-109.20791,45.24141],[-109.20721,45.2633],[-109.20104,45.26352],[-109.19533,45.26932],[-109.19329,45.27864],[-109.21448,45.27632],[-109.22163,45.27833],[-109.22118,45.28497],[-109.21542,45.29647],[-109.24327,45.29622],[-109.24343,45.29282],[-109.2528,45.29283],[-109.26151,45.29533],[-109.26606,45.29105],[-109.27687,45.30516],[-109.28899,45.30085],[-109.29844,45.29973],[-109.32231,45.3009],[-109.33503,45.29396],[-109.3423,45.28554],[-109.3489,45.29431],[-109.35705,45.30072],[-109.36664,45.30577],[-109.3918,45.30602],[-109.40056,45.31013],[-109.41928,45.31532],[-109.4287,45.31577],[-109.43778,45.31964],[-109.44666,45.31867],[-109.46119,45.3201],[-109.46722,45.32327],[-109.48268,45.32714],[-109.488,45.33548],[-109.49429,45.33962],[-109.4917,45.34644],[-109.49482,45.34949],[-109.50203,45.34795],[-109.51024,45.35721],[-109.51603,45.36014],[-109.52033,45.36677],[-109.54138,45.36595],[-109.54138,45.36287],[-109.56192,45.36284],[-109.56193,45.34837],[-109.56763,45.34838],[-109.56766,45.3339],[-109.58822,45.33391],[-109.58818,45.30487],[-109.60883,45.30483],[-109.6085,45.26145],[-109.68786,45.26144],[-109.68779,45.16734],[-109.79867,45.16734],[-109.79849,45.00225],[-109.76111,45.0018],[-109.59806,45.00289],[-109.39339,45.00469],[-109.30142,45.00532],[-109.21211,45.00567],[-109.10323,45.00582],[-109.08285,44.99955],[-109.0629,44.99953],[-109.0621,45.01168],[-109.05467,45.01558],[-109.06055,45.0285],[-109.06582,45.03375],[-109.06983,45.04262],[-109.07773,45.0472],[-109.06579,45.06102],[-109.05947,45.06433],[-109.04704,45.06615],[-109.04296,45.07333],[-109.03722,45.0736],[-109.02909,45.07921],[-109.02664,45.08967],[-109.02769,45.1005],[-109.02243,45.10736],[-109.00977,45.11714],[-109.00368,45.12693],[-108.99856,45.1302],[-108.99314,45.12896],[-108.98257,45.13342],[-108.984,45.1427],[-108.98917,45.14458],[-109.00068,45.15657],[-109.00874,45.15723],[-109.01266,45.161],[-109.00595,45.16502],[-109.00039,45.1718],[-108.99466,45.18628],[-108.99486,45.19095],[-108.98454,45.18977]]]},"properties":{"STATEFP":"30","COUNTYFP":"009","COUSUBFP":"92772","COUSUBNS":"01940694","GEOIDFQ":"0600000US3000992772","GEOID":"3000992772","NAME":"Red Lodge","NAMELSAD":"Red Lodge CCD","STUSPS":"MT","NAMELSADCO":"Carbon County","STATE_NAME":"Montana","LSAD":"22","ALAND":1776094258,"AWATER":16191337}},
{"type":"Feature","geometry":{"type":"Polygon","coordinates":[[[-109.56208,45.64667],[-109.56035,45.64531],[-109.54176,45.64516],[-109.5414,45.63859],[-109.53461,45.63491],[-109.54174,45.63244],[-109.55201,45.62517],[-109.55202,45.61049],[-109.54687,45.60703],[-109.55064,45.60121],[-109.54881,45.59616],[-109.54208,45.59511],[-109.54186,45.58369],[-109.54658,45.58009],[-109.54563,45.57113],[-109.55986,45.56863],[-109.56387,45.56462],[-109.56197,45.55729],[-109.55057,45.55332],[-109.53208,45.55259],[-109.51604,45.54614],[-109.51582,45.53627],[-109.48995,45.52958],[-109.47659,45.53113],[-109.46671,45.52878],[-109.45495,45.5335],[-109.44407,45.53597],[-109.43809,45.53398],[-109.433,45.5361],[-109.42112,45.53572],[-109.41627,45.53751],[-109.41112,45.53266],[-109.41795,45.52925],[-109.41859,45.52422],[-109.40781,45.51519],[-109.41095,45.50863],[-109.40975,45.49692],[-109.40273,45.49456],[-109.4004,45.48242],[-109.39388,45.47668],[-109.39396,45.46561],[-109.40429,45.45748],[-109.40289,45.4518],[-109.39759,45.44977],[-109.35645,45.44984],[-109.35642,45.46433],[-109.22441,45.46447],[-109.19176,45.4645],[-109.19155,45.5231],[-109.12822,45.52303],[-109.12841,45.58674],[-109.13446,45.58719],[-109.14739,45.59448],[-109.15887,45.60317],[-109.13921,45.61841],[-109.14525,45.6243],[-109.14148,45.62713],[-109.14249,45.64292],[-109.1471,45.65391],[-109.15861,45.66373],[-109.15721,45.67025],[-109.15292,45.67507],[-109.15477,45.69565],[-109.18547,45.69661],[-109.18608,45.70358],[-109.19164,45.70448],[-109.19167,45.75921],[-109.20884,45.75856],[-109.21274,45.75443],[-109.22133,45.75452],[-109.23345,45.74695],[-109.25112,45.73876],[-109.25627,45.73938],[-109.26481,45.73403],[-109.27063,45.73337],[-109.28106,45.72743],[-109.27925,45.73671],[-109.27459,45.74861],[-109.27461,45.76928],[-109.31411,45.76875],[-109.31124,45.7651],[-109.32144,45.76287],[-109.33564,45.75684],[-109.35965,45.74522],[-109.35436,45.74183],[-109.36054,45.73598],[-109.37095,45.73328],[-109.37039,45.72679],[-109.37854,45.72076],[-109.37843,45.71586],[-109.38836,45.71502],[-109.38589,45.70417],[-109.40621,45.69851],[-109.42037,45.68882],[-109.43366,45.6818],[-109.43904,45.68095],[-109.46831,45.68656],[-109.4787,45.68983],[-109.48532,45.69364],[-109.49648,45.70271],[-109.51063,45.70785],[-109.52829,45.70729],[-109.54687,45.70399],[-109.56204,45.70477],[-109.56208,45.64667]]]},"properties":{"STATEFP":"30","COUNTYFP":"095","COUSUBFP":"90693","COUSUBNS":"01940590","GEOIDFQ":"0600000US3009590693","GEOID":"3009590693","NAME":"Columbus","NAMELSAD":"Columbus CCD","STUSPS":"MT","NAMELSADCO":"Stillwater County","STATE_NAME":"Montana","LSAD":"22","ALAND":797897594,"AWATER":8038893}},
{"type":"Feature","geometry":{"type":"Polygon","coordinates":[[[-111.34937,46.12261],[-111.34398,46.12433],[-111.33697,46.13026],[-111.33072,46.12994],[-111.31463,46.13542],[-111.30591,46.13275],[-111.29021,46.13678],[-111.2858,46.13296],[-111.27805,46.13563],[-111.26999,46.12693],[-111.26224,46.1281],[-111.2527,46.12238],[-111.2402,46.1219],[-111.23492,46.1186],[-111.22871,46.11867],[-111.22522,46.11457],[-111.21233,46.11415],[-111.19594,46.1034],[-111.18969,46.10289],[-111.1796,46.10833],[-111.17408,46.10581],[-111.17777,46.09501],[-111.17216,46.07774],[-111.17259,46.07221],[-111.17802,46.06134],[-111.18332,46.05442],[-111.18574,46.02737],[-111.20039,46.02906],[-111.20481,46.03145],[-111.21797,46.0289],[-111.22782,46.03013],[-111.23265,46.03662],[-111.24463,46.04604],[-111.25698,46.04488],[-111.26058,46.03324],[-111.26024,46.02875],[-111.2668,46.02454],[-111.27914,46.01068],[-111.27959,46],[-111.2841,46.00082],[-111.29034,45.99665],[-111.28997,45.99099],[-111.28189,45.9877],[-111.28228,45.98398],[-111.28779,45.97843],[-111.29097,45.96754],[-111.31081,45.96157],[-111.32741,45.95232],[-111.3427,45.94798],[-111.34859,45.94465],[-111.34383,45.93801],[-111.34506,45.92978],[-111.35099,45.92508],[-111.34797,45.91886],[-111.33448,45.91869],[-111.33249,45.89516],[-111.33685,45.89158],[-111.32057,45.88558],[-111.31072,45.88571],[-111.31232,45.87587],[-111.30652,45.87314],[-111.3013,45.86385],[-111.29225,45.86104],[-111.28533,45.85157],[-111.28306,45.84212],[-111.27831,45.84013],[-111.27565,45.83237],[-111.27093,45.82909],[-111.27001,45.82029],[-111.27295,45.81105],[-111.2685,45.80438],[-111.25766,45.79641],[-111.25697,45.78946],[-111.25045,45.78631],[-111.24757,45.77917],[-111.2392,45.7726],[-111.23929,45.76812],[-111.23447,45.76258],[-111.23804,45.76011],[-111.22346,45.7416],[-111.22386,45.7371],[-111.21879,45.72884],[-111.21508,45.7156],[-111.21008,45.71478],[-111.21142,45.70592],[-111.20496,45.68996],[-111.2045,45.68212],[-111.2098,45.67798],[-111.20896,45.67183],[-111.1856,45.67113],[-111.18512,45.72928],[-111.09271,45.72922],[-111.08973,45.73052],[-111.07362,45.72218],[-111.06671,45.72197],[-111.06645,45.74039],[-111.05364,45.74341],[-111.04045,45.75182],[-111.04048,45.76213],[-111.01009,45.76156],[-111.01011,45.76433],[-110.99231,45.76422],[-110.97788,45.7658],[-110.97027,45.76976],[-110.95756,45.76991],[-110.94585,45.76654],[-110.93866,45.77986],[-110.91809,45.77941],[-110.90771,45.771],[-110.89676,45.76816],[-110.88451,45.7606],[-110.88189,45.75687],[-110.86579,45.75986],[-110.84204,45.76928],[-110.82416,45.77087],[-110.80894,45.76948],[-110.79538,45.76275],[-110.79526,45.78632],[-110.7894,45.78631],[-110.78848,45.90492],[-110.78965,45.96061],[-110.7924,45.98878],[-110.79256,46.01849],[-110.79054,46.04695],[-110.79077,46.14185],[-110.78403,46.14183],[-110.78383,46.1927],[-110.99324,46.1928],[-111.06196,46.19283],[-111.15954,46.19283],[-111.15954,46.18777],[-111.34665,46.18779],[-111.34666,46.1372],[-111.34942,46.1372],[-111.34937,46.12261]]]},"properties":{"STATEFP":"30","COUNTYFP":"031","COUSUBFP":"90189","COUSUBNS":"01940566","GEOIDFQ":"0600000US3003190189","GEOID":"3003190189","NAME":"Belgrade","NAMELSAD":"Belgrade CCD","STUSPS":"MT","NAMELSADCO":"Gallatin County","STATE_NAME":"Montana","LSAD":"22","ALAND":1853309263,"AWATER":3196033}},
{"type":"Feature","geometry":{"type":"Polygon","coordinates":[[[-111.35103,45.49796],[-111.32821,45.49678],[-111.31999,45.49866],[-111.30165,45.49819],[-111.29666,45.49507],[-111.28747,45.49337],[-111.27149,45.49354],[-111.27061,45.48397],[-111.2676,45.47119],[-111.2507,45.46233],[-111.24294,45.45497],[-111.23619,45.45273],[-111.23512,45.44801],[-111.22629,45.44062],[-111.21554,45.44255],[-111.19762,45.43935],[-111.18673,45.44037],[-111.17934,45.43576],[-111.17406,45.43736],[-111.16505,45.43565],[-111.15977,45.43226],[-111.14041,45.42508],[-111.12646,45.42396],[-111.11225,45.42074],[-111.09089,45.42079],[-111.07233,45.41103],[-111.06634,45.41299],[-111.03961,45.40985],[-111.01704,45.41002],[-111.00919,45.40804],[-111.0004,45.40349],[-110.99075,45.40538],[-110.95878,45.40425],[-110.95262,45.39171],[-110.95599,45.38694],[-110.96531,45.38316],[-110.96012,45.37597],[-110.96299,45.37265],[-110.94823,45.36927],[-110.93627,45.36024],[-110.92153,45.35808],[-110.91863,45.35128],[-110.9179,45.35127],[-110.9175,45.43864],[-110.91906,45.45658],[-110.9298,45.46029],[-110.94425,45.47146],[-110.9574,45.47631],[-110.96423,45.48307],[-110.97685,45.48827],[-110.98418,45.49968],[-110.99516,45.508],[-111.01056,45.52236],[-111.01573,45.53566],[-111.02445,45.54231],[-111.03585,45.54187],[-111.04842,45.54842],[-111.05455,45.54928],[-111.06441,45.55554],[-111.07133,45.56275],[-111.07236,45.57115],[-111.08368,45.59085],[-111.10444,45.59111],[-111.10439,45.60734],[-111.116,45.61864],[-111.12345,45.62886],[-111.12759,45.63114],[-111.13245,45.64301],[-111.14509,45.65416],[-111.14509,45.67104],[-111.1856,45.67113],[-111.20896,45.67183],[-111.2126,45.67116],[-111.24938,45.67087],[-111.2619,45.66671],[-111.27509,45.66373],[-111.30187,45.66446],[-111.31815,45.65973],[-111.32628,45.65989],[-111.33338,45.65766],[-111.34026,45.65069],[-111.34615,45.64872],[-111.40354,45.64922],[-111.4096,45.64875],[-111.42197,45.65293],[-111.42933,45.65245],[-111.44021,45.64831],[-111.44762,45.64715],[-111.45655,45.64218],[-111.35138,45.64194],[-111.35103,45.49796]]]},"properties":{"STATEFP":"30","COUNTYFP":"031","COUSUBFP":"91344","COUSUBNS":"01940624","GEOIDFQ":"0600000US3003191344","GEOID":"3003191344","NAME":"Gallatin Gateway","NAMELSAD":"Gallatin Gateway CCD","STUSPS":"MT","NAMELSADCO":"Gallatin County","STATE_NAME":"Montana","LSAD":"22","ALAND":636016286,"AWATER":2248834}},
{"type":"Feature","geometry":{"type":"Polygon","coordinates":[[[-111.45655,45.64218],[-111.44762,45.64715],[-111.44021,45.64831],[-111.42933,45.65245],[-111.42197,45.65293],[-111.4096,45.64875],[-111.40354,45.64922],[-111.34615,45.64872],[-111.34026,45.65069],[-111.33338,45.65766],[-111.32628,45.65989],[-111.31815,45.65973],[-111.30187,45.66446],[-111.27509,45.66373],[-111.2619,45.66671],[-111.24938,45.67087],[-111.2126,45.67116],[-111.20896,45.67183],[-111.2098,45.67798],[-111.2045,45.68212],[-111.20496,45.68996],[-111.21142,45.70592],[-111.21008,45.71478],[-111.21508,45.7156],[-111.21879,45.72884],[-111.22386,45.7371],[-111.22346,45.7416],[-111.23804,45.76011],[-111.23447,45.76258],[-111.23929,45.76812],[-111.2392,45.7726],[-111.24757,45.77917],[-111.25045,45.78631],[-111.25697,45.78946],[-111.25766,45.79641],[-111.2685,45.80438],[-111.27295,45.81105],[-111.27001,45.82029],[-111.27093,45.82909],[-111.27565,45.83237],[-111.27831,45.84013],[-111.28306,45.84212],[-111.28533,45.85157],[-111.29225,45.86104],[-111.3013,45.86385],[-111.30652,45.87314],[-111.31232,45.87587],[-111.31072,45.88571],[-111.32057,45.88558],[-111.33685,45.89158],[-111.35042,45.89396],[-111.36342,45.89484],[-111.36965,45.89328],[-111.3809,45.88662],[-111.39472,45.88914],[-111.40842,45.88915],[-111.40997,45.88629],[-111.42411,45.889],[-111.43666,45.88508],[-111.43802,45.88193],[-111.45132,45.87024],[-111.45099,45.86111],[-111.45625,45.85669],[-111.4537,45.84657],[-111.45526,45.83506],[-111.46152,45.83066],[-111.46162,45.82352],[-111.46866,45.80475],[-111.47198,45.80017],[-111.47346,45.79207],[-111.4721,45.7827],[-111.4647,45.77174],[-111.46455,45.75487],[-111.46878,45.75084],[-111.47484,45.75081],[-111.47496,45.73717],[-111.48519,45.72947],[-111.49563,45.72916],[-111.49574,45.71577],[-111.49452,45.6943],[-111.50586,45.69313],[-111.50663,45.68587],[-111.51623,45.68585],[-111.52972,45.67388],[-111.52655,45.67132],[-111.52746,45.66182],[-111.52189,45.65954],[-111.52046,45.65423],[-111.52604,45.64229],[-111.45655,45.64218]]]},"properties":{"STATEFP":"30","COUNTYFP":"031","COUSUBFP":"92226","COUSUBNS":"01940667","GEOIDFQ":"0600000US3003192226","GEOID":"3003192226","NAME":"Manhattan","NAMELSAD":"Manhattan CCD","STUSPS":"MT","NAMELSADCO":"Gallatin County","STATE_NAME":"Montana","LSAD":"22","ALAND":464577453,"AWATER":1144406}},
{"type":"Feature","geometry":{"type":"Polygon","coordinates":[[[-115.41231,49.00025],[-115.50102,49.00069],[-115.96444,49.0009],[-116.00103,49.00127],[-116.04909,49.00085],[-116.04908,48.79144],[-116.04907,48.64542],[-116.04915,48.48125],[-116.04897,48.32051],[-116.04899,48.21613],[-116.01672,48.20622],[-116.01867,48.20284],[-116.01366,48.19864],[-116.01371,48.19421],[-116.02195,48.18646],[-116.01653,48.18038],[-116.01913,48.17576],[-116.018,48.16954],[-116.00954,48.16451],[-116.00924,48.15967],[-115.99941,48.15661],[-115.99398,48.15832],[-115.96964,48.15488],[-115.95725,48.14904],[-115.95346,48.15774],[-115.94178,48.17357],[-115.9417,48.17934],[-115.9369,48.18406],[-115.9214,48.18174],[-115.9085,48.18261],[-115.90095,48.19396],[-115.88849,48.19693],[-115.88308,48.20255],[-115.87254,48.20496],[-115.86675,48.20311],[-115.85798,48.20579],[-115.85599,48.21071],[-115.84883,48.20957],[-115.84471,48.21224],[-115.83154,48.21132],[-115.82871,48.21748],[-115.8148,48.21946],[-115.81321,48.22182],[-115.80017,48.22282],[-115.78869,48.23629],[-115.78252,48.23971],[-115.77707,48.25029],[-115.77858,48.25256],[-115.7714,48.25906],[-115.75916,48.264],[-115.74318,48.26215],[-115.73727,48.26327],[-115.73634,48.27563],[-115.74376,48.29015],[-115.73469,48.29255],[-115.72276,48.30081],[-115.72243,48.31369],[-115.72725,48.31842],[-115.73206,48.33088],[-115.7368,48.33131],[-115.7458,48.33864],[-115.74835,48.34761],[-115.75305,48.34936],[-115.75268,48.36413],[-115.75998,48.37038],[-115.76056,48.37371],[-115.75431,48.37727],[-115.74873,48.39032],[-115.74838,48.39598],[-115.74293,48.40586],[-115.74542,48.40958],[-115.73829,48.41896],[-115.73636,48.42982],[-115.7401,48.43933],[-115.73898,48.4454],[-115.74169,48.45077],[-115.74934,48.45207],[-115.74933,48.46108],[-115.74648,48.47189],[-115.74793,48.47726],[-115.73301,48.48618],[-115.73265,48.49042],[-115.74593,48.49106],[-115.76216,48.49738],[-115.76379,48.50163],[-115.76066,48.50858],[-115.76274,48.52012],[-115.76744,48.52544],[-115.74698,48.53518],[-115.73834,48.54361],[-115.74274,48.54949],[-115.74276,48.55446],[-115.74877,48.55882],[-115.756,48.57461],[-115.75944,48.57697],[-115.77085,48.57822],[-115.78088,48.58336],[-115.80389,48.60981],[-115.78905,48.62151],[-115.79009,48.62668],[-115.79838,48.63213],[-115.79608,48.63933],[-115.79002,48.64417],[-115.7821,48.64721],[-115.7678,48.6598],[-115.76005,48.65684],[-115.75727,48.64745],[-115.74945,48.64686],[-115.73874,48.64135],[-115.72008,48.63867],[-115.7169,48.6357],[-115.71475,48.6186],[-115.71087,48.61376],[-115.69989,48.60946],[-115.68223,48.60432],[-115.6795,48.60109],[-115.66452,48.59407],[-115.65581,48.59313],[-115.64843,48.59463],[-115.63458,48.59279],[-115.63109,48.59526],[-115.62196,48.59218],[-115.6149,48.59668],[-115.61577,48.60944],[-115.61895,48.61668],[-115.63116,48.6239],[-115.64054,48.62722],[-115.64529,48.63221],[-115.64617,48.65053],[-115.64917,48.65453],[-115.65085,48.66328],[-115.6483,48.66987],[-115.64913,48.67519],[-115.62699,48.67789],[-115.62047,48.68442],[-115.6167,48.6934],[-115.61032,48.69799],[-115.59741,48.70394],[-115.59072,48.71239],[-115.58092,48.71296],[-115.57543,48.72017],[-115.58167,48.73733],[-115.57711,48.74519],[-115.56955,48.75217],[-115.57074,48.758],[-115.56575,48.76427],[-115.57411,48.77917],[-115.56363,48.79698],[-115.55927,48.80133],[-115.55731,48.81713],[-115.55021,48.82305],[-115.53853,48.83646],[-115.5325,48.84109],[-115.52077,48.84577],[-115.5082,48.83915],[-115.50882,48.833],[-115.50381,48.82748],[-115.49787,48.82823],[-115.48029,48.83528],[-115.47303,48.83521],[-115.45573,48.82945],[-115.45315,48.83302],[-115.45372,48.84611],[-115.4436,48.85701],[-115.44297,48.8626],[-115.42561,48.85915],[-115.41719,48.86044],[-115.41001,48.8565],[-115.39623,48.85682],[-115.38481,48.86301],[-115.37738,48.87994],[-115.3681,48.88574],[-115.3752,48.89092],[-115.36482,48.90014],[-115.35824,48.90257],[-115.35377,48.91296],[-115.3602,48.92571],[-115.37082,48.92772],[-115.37653,48.93773],[-115.38586,48.94357],[-115.39601,48.95571],[-115.40115,48.95559],[-115.40217,48.96353],[-115.41228,48.96692],[-115.41465,48.97153],[-115.41323,48.97711],[-115.4152,48.99139],[-115.41231,49.00025]]]},"properties":{"STATEFP":"30","COUNTYFP":"053","COUSUBFP":"93612","COUSUBNS":"01940731","GEOIDFQ":"0600000US3005393612","GEOID":"3005393612","NAME":"Troy","NAMELSAD":"Troy CCD","STUSPS":"MT","NAMELSADCO":"Lincoln County","STATE_NAME":"Montana","LSAD":"22","ALAND":2700428725,"AWATER":14055400}},
{"type":"Feature","geometry":{"type":"Polygon","coordinates":[[[-112.45776,45.33475],[-112.45806,45.34991],[-112.46464,45.34991],[-112.46439,45.37245],[-112.46426,45.39382],[-112.50557,45.44301],[-112.53413,45.44444],[-112.53944,45.44653],[-112.56889,45.43483],[-112.57723,45.42984],[-112.58741,45.43253],[-112.59052,45.43027],[-112.60048,45.43001],[-112.60923,45.43705],[-112.62861,45.44059],[-112.63461,45.45122],[-112.64681,45.45752],[-112.65891,45.45769],[-112.66051,45.46422],[-112.67175,45.46984],[-112.67315,45.47248],[-112.68784,45.47724],[-112.69285,45.4888],[-112.68887,45.49435],[-112.69031,45.50003],[-112.68893,45.50724],[-112.6913,45.51228],[-112.69913,45.51361],[-112.70023,45.52266],[-112.70485,45.53323],[-112.69405,45.54276],[-112.69511,45.55043],[-112.68959,45.55695],[-112.68684,45.5695],[-112.68838,45.59174],[-112.68719,45.6008],[-112.68393,45.60253],[-112.67927,45.6121],[-112.68207,45.6138],[-112.68369,45.62272],[-112.68705,45.62485],[-112.68817,45.62844],[-112.69672,45.63362],[-112.6997,45.64502],[-112.69589,45.64543],[-112.69227,45.65641],[-112.6984,45.66442],[-112.69786,45.66854],[-112.70119,45.67654],[-112.70868,45.67549],[-112.71761,45.67764],[-112.72391,45.67558],[-112.72529,45.68149],[-112.73631,45.6862],[-112.74157,45.69359],[-112.73628,45.70439],[-112.74647,45.70543],[-112.75599,45.69734],[-112.76326,45.69392],[-112.76553,45.68871],[-112.77959,45.67731],[-112.80197,45.6703],[-112.81397,45.67152],[-112.82962,45.66948],[-112.83672,45.66987],[-112.85852,45.67885],[-112.86464,45.67971],[-112.88179,45.67764],[-112.89536,45.66978],[-112.90038,45.65633],[-112.9077,45.64507],[-112.91607,45.63663],[-112.92677,45.63317],[-112.93052,45.63015],[-112.94979,45.62173],[-112.95633,45.61706],[-112.96555,45.6061],[-112.96692,45.59913],[-112.96499,45.5918],[-112.97356,45.58727],[-112.97759,45.58224],[-112.98499,45.57884],[-112.98558,45.57226],[-112.98077,45.56356],[-112.96668,45.55812],[-112.97036,45.54231],[-112.976,45.53314],[-112.97813,45.52551],[-112.97355,45.51351],[-112.97498,45.5058],[-112.97339,45.48793],[-112.97162,45.4834],[-112.96565,45.48015],[-112.96361,45.47131],[-112.95977,45.46503],[-112.96333,45.4591],[-112.97222,45.456],[-112.98137,45.46247],[-112.98975,45.46461],[-113.00004,45.46363],[-113.00311,45.45473],[-113.002,45.45021],[-113.013,45.43953],[-113.02205,45.44232],[-113.03144,45.45168],[-113.04199,45.45674],[-113.07179,45.47386],[-113.07685,45.47771],[-113.07477,45.48224],[-113.10072,45.48932],[-113.11373,45.49473],[-113.10458,45.50117],[-113.10643,45.504],[-113.13099,45.51188],[-113.14155,45.50731],[-113.15079,45.49791],[-113.16705,45.49218],[-113.16466,45.48086],[-113.16627,45.47274],[-113.17419,45.46024],[-113.17108,45.45399],[-113.17173,45.44079],[-113.17465,45.42655],[-113.18728,45.4012],[-113.20223,45.39618],[-113.20729,45.39211],[-113.22332,45.36672],[-113.22766,45.35131],[-113.23297,45.33815],[-113.23519,45.32869],[-113.21786,45.32373],[-113.19103,45.32219],[-113.17517,45.31945],[-113.1622,45.3107],[-113.15195,45.30781],[-113.14885,45.30052],[-113.13686,45.29733],[-113.13141,45.29324],[-113.11728,45.27201],[-113.11381,45.26326],[-113.10691,45.25764],[-113.09116,45.23773],[-113.07635,45.2278],[-113.01894,45.20842],[-113.01863,45.20223],[-113.02392,45.18715],[-113.01382,45.16926],[-113.00713,45.16719],[-113.00046,45.16243],[-112.98583,45.15968],[-112.97621,45.15409],[-112.97564,45.14924],[-112.96922,45.14704],[-112.96837,45.14292],[-112.95425,45.13712],[-112.94744,45.13679],[-112.94438,45.13048],[-112.92477,45.12378],[-112.92221,45.1195],[-112.90237,45.11606],[-112.89305,45.11703],[-112.89149,45.11387],[-112.88019,45.10981],[-112.87012,45.11205],[-112.85299,45.10889],[-112.84666,45.10562],[-112.83919,45.10966],[-112.83569,45.10839],[-112.82308,45.11159],[-112.81928,45.11394],[-112.80163,45.11025],[-112.79066,45.10914],[-112.77888,45.10263],[-112.77251,45.10285],[-112.7636,45.10962],[-112.7582,45.10997],[-112.74866,45.11681],[-112.74733,45.12175],[-112.73892,45.13003],[-112.72629,45.12826],[-112.71388,45.11937],[-112.70062,45.11263],[-112.7071,45.10654],[-112.7111,45.09413],[-112.71963,45.08856],[-112.71894,45.07973],[-112.72243,45.07101],[-112.71907,45.06455],[-112.71124,45.05592],[-112.71206,45.0493],[-112.70889,45.04351],[-112.70727,45.03452],[-112.71279,45.03169],[-112.71276,45.01951],[-112.71003,45.00737],[-112.70349,44.99609],[-112.69563,44.99276],[-112.68535,44.98276],[-112.68832,44.9739],[-112.70385,44.9696],[-112.70214,44.96282],[-112.71321,44.95925],[-112.71491,44.95679],[-112.73747,44.95167],[-112.73667,44.94055],[-112.73204,44.93178],[-112.7229,44.92009],[-112.71827,44.91221],[-112.71909,44.90644],[-112.71547,44.9028],[-112.71572,44.89427],[-112.7063,44.88497],[-112.69374,44.87537],[-112.6792,44.86287],[-112.67416,44.86167],[-112.66983,44.85558],[-112.66785,44.84763],[-112.65452,44.84325],[-112.64408,44.83634],[-112.63668,44.82855],[-112.6353,44.82374],[-112.62735,44.8146],[-112.62524,44.80775],[-112.62708,44.80098],[-112.62006,44.79381],[-112.62973,44.78473],[-112.63364,44.78416],[-112.63931,44.77679],[-112.64675,44.77114],[-112.63945,44.7607],[-112.63615,44.74907],[-112.63832,44.73962],[-112.62003,44.74066],[-112.61028,44.73938],[-112.57314,44.74161],[-112.56643,44.74399],[-112.56258,44.75378],[-112.561,44.76369],[-112.55141,44.77104],[-112.54892,44.7823],[-112.54371,44.77917],[-112.53792,44.79026],[-112.53066,44.79554],[-112.52139,44.79632],[-112.51185,44.80038],[-112.50519,44.80832],[-112.50082,44.8099],[-112.49066,44.82089],[-112.4764,44.82938],[-112.47083,44.83553],[-112.46131,44.84057],[-112.46017,44.85056],[-112.45704,44.86005],[-112.45283,44.86565],[-112.43875,44.86465],[-112.43414,44.86843],[-112.42616,44.87959],[-112.41962,44.89333],[-112.41371,44.89906],[-112.40518,44.90094],[-112.39618,44.90836],[-112.38513,44.92702],[-112.37554,44.92736],[-112.36723,44.92034],[-112.35637,44.90428],[-112.34511,44.90434],[-112.32666,44.9026],[-112.31617,44.90036],[-112.30389,44.90037],[-112.29186,44.90199],[-112.26744,44.89901],[-112.25165,44.8993],[-112.24322,44.89725],[-112.23383,44.89245],[-112.2289,44.88345],[-112.2188,44.87141],[-112.21936,44.86636],[-112.21182,44.85345],[-112.20821,44.85162],[-112.20124,44.8418],[-112.19405,44.83835],[-112.18653,44.83027],[-112.17291,44.82143],[-112.16748,44.82101],[-112.15387,44.82344],[-112.14673,44.82614],[-112.16711,44.82674],[-112.16699,44.91259],[-112.19063,44.91274],[-112.19181,44.98591],[-112.19119,45.00051],[-112.33425,45.00052],[-112.3339,45.08842],[-112.45685,45.08851],[-112.45746,45.17476],[-112.45729,45.24916],[-112.45776,45.33475]]]},"properties":{"STATEFP":"30","COUNTYFP":"001","COUSUBFP":"90924","COUSUBNS":"01940601","GEOIDFQ":"0600000US3000190924","GEOID":"3000190924","NAME":"Dillon","NAMELSAD":"Dillon CCD","STUSPS":"MT","NAMELSADCO":"Beaverhead County","STATE_NAME":"Montana","LSAD":"22","ALAND":3518622401,"AWATER":3311897}},
{"type":"Feature","geometry":{"type":"Polygon","coordinates":[[[-112.45943,46.0367],[-112.45092,46.03328],[-112.44595,46.03398],[-112.44199,46.02948],[-112.44348,46.02533],[-112.43941,46.02191],[-112.43585,46.01428],[-112.44248,46.00782],[-112.44464,46.00204],[-112.44288,45.98887],[-112.43858,45.97435],[-112.43826,45.96766],[-112.4299,45.95836],[-112.43361,45.95218],[-112.43033,45.94482],[-112.43628,45.94032],[-112.43132,45.92952],[-112.4185,45.92479],[-112.42074,45.9102],[-112.41523,45.90847],[-112.41571,45.90403],[-112.4097,45.89909],[-112.40435,45.88805],[-112.41103,45.88357],[-112.41113,45.87488],[-112.41711,45.86872],[-112.4253,45.86362],[-112.42515,45.85898],[-112.42981,45.85288],[-112.42646,45.84373],[-112.41421,45.83668],[-112.40144,45.83185],[-112.28946,45.79476],[-112.28003,45.79049],[-112.27435,45.79134],[-112.26684,45.78631],[-112.26213,45.77536],[-112.25342,45.77027],[-112.24643,45.77239],[-112.23551,45.77057],[-112.22347,45.76519],[-112.2146,45.76555],[-112.20846,45.75992],[-112.19898,45.75502],[-112.19027,45.7485],[-112.18538,45.74737],[-112.17805,45.75081],[-112.16877,45.74998],[-112.15676,45.75547],[-112.14405,45.76663],[-112.13662,45.77172],[-112.13738,45.7813],[-112.12901,45.78804],[-112.12861,45.79344],[-112.12415,45.79462],[-112.11224,45.80624],[-112.11881,45.81274],[-112.1154,45.82474],[-112.11796,45.83411],[-112.11072,45.83382],[-112.10493,45.84108],[-112.0945,45.8393],[-112.08876,45.84905],[-112.07984,45.84816],[-112.0696,45.85267],[-112.05666,45.84983],[-112.04562,45.85564],[-112.04158,45.85406],[-112.02286,45.85878],[-112.01362,45.85662],[-112.00774,45.85589],[-112.00721,45.85054],[-111.98664,45.84801],[-111.98404,45.84649],[-111.96182,45.85325],[-111.95466,45.85044],[-111.95069,45.85513],[-111.94426,45.85632],[-111.94081,45.85269],[-111.92696,45.85569],[-111.91976,45.84942],[-111.91847,45.84395],[-111.90958,45.83901],[-111.91409,45.8319],[-111.90662,45.82797],[-111.88454,45.8306],[-111.88035,45.82874],[-111.87694,45.82216],[-111.87215,45.81803],[-111.84304,45.8213],[-111.83443,45.82017],[-111.82136,45.81302],[-111.81064,45.81294],[-111.80721,45.80962],[-111.80526,45.79831],[-111.80174,45.79536],[-111.79355,45.79511],[-111.78821,45.79251],[-111.77363,45.79865],[-111.76381,45.79992],[-111.75585,45.80423],[-111.74546,45.80159],[-111.73827,45.79777],[-111.73214,45.79783],[-111.72699,45.79347],[-111.70547,45.79574],[-111.69774,45.80054],[-111.69156,45.80842],[-111.69022,45.81422],[-111.68454,45.81572],[-111.68083,45.82158],[-111.67587,45.82205],[-111.66125,45.82826],[-111.66006,45.8335],[-111.66032,45.91984],[-111.66042,46.04919],[-111.78456,46.04981],[-111.78418,46.09366],[-111.78917,46.08864],[-111.82591,46.08865],[-111.8411,46.09097],[-111.85453,46.08958],[-111.86369,46.08665],[-111.88144,46.08668],[-111.87812,46.07783],[-111.87925,46.07061],[-111.8772,46.06673],[-111.88004,46.0592],[-111.88664,46.05461],[-111.88331,46.05044],[-111.8992,46.04714],[-111.91963,46.04113],[-111.93837,46.03447],[-111.94607,46.03444],[-111.95601,46.03177],[-111.97785,46.02904],[-111.98758,46.01998],[-111.99368,46.01987],[-112.00252,46.01617],[-112.02014,46.02003],[-112.02879,46.01513],[-112.03532,46.01593],[-112.03315,46.02516],[-112.03637,46.03085],[-112.03921,46.04967],[-112.04298,46.05712],[-112.04312,46.06394],[-112.05225,46.06985],[-112.06869,46.06382],[-112.0768,46.06194],[-112.08413,46.05249],[-112.09131,46.05133],[-112.0976,46.05446],[-112.10551,46.07434],[-112.10291,46.08499],[-112.1097,46.09139],[-112.11065,46.10157],[-112.11435,46.11177],[-112.11454,46.12428],[-112.11187,46.13121],[-112.11589,46.14245],[-112.11311,46.14606],[-112.11552,46.15389],[-112.11138,46.16348],[-112.11191,46.1697],[-112.10608,46.17665],[-112.11238,46.1915],[-112.10897,46.19932],[-112.11582,46.20178],[-112.12639,46.20079],[-112.13523,46.19338],[-112.15464,46.19391],[-112.16214,46.18664],[-112.17431,46.18147],[-112.1828,46.18084],[-112.19193,46.17232],[-112.19816,46.17172],[-112.22762,46.1569],[-112.25347,46.14719],[-112.26492,46.1366],[-112.28375,46.12593],[-112.32104,46.10704],[-112.33891,46.10023],[-112.37621,46.09013],[-112.38621,46.08552],[-112.40168,46.08281],[-112.40997,46.07689],[-112.42976,46.07703],[-112.43802,46.0611],[-112.45369,46.04196],[-112.45943,46.0367]]]},"properties":{"STATEFP":"30","COUNTYFP":"043","COUSUBFP":"93822","COUSUBNS":"01940741","GEOIDFQ":"0600000US3004393822","GEOID":"3004393822","NAME":"Whitehall","NAMELSAD":"Whitehall CCD","STUSPS":"MT","NAMELSADCO":"Jefferson County","STATE_NAME":"Montana","LSAD":"22","ALAND":1818182094,"AWATER":5800167}},
{"type":"Feature","geometry":{"type":"Polygon","coordinates":[[[-111.03207,47.00608],[-111.04051,47.00647],[-111.04552,47.00438],[-111.055,47.00907],[-111.07228,47.00566],[-111.08428,47.01061],[-111.08886,47.01522],[-111.0991,47.02126],[-111.10269,47.02967],[-111.09614,47.03488],[-111.08704,47.03778],[-111.0768,47.04528],[-111.07811,47.05248],[-111.08381,47.06372],[-111.08386,47.07253],[-111.07623,47.07935],[-111.08092,47.08803],[-111.15006,47.08798],[-111.15856,47.0883],[-111.15839,47.01177],[-111.28521,47.01175],[-111.28663,47.00103],[-111.53937,47.00056],[-111.53921,46.91337],[-111.65813,46.91342],[-111.65006,46.90802],[-111.63471,46.90417],[-111.62386,46.90294],[-111.60868,46.89227],[-111.60272,46.89139],[-111.60928,46.87742],[-111.62999,46.86803],[-111.64222,46.86539],[-111.64111,46.85844],[-111.63545,46.854],[-111.64574,46.84336],[-111.6395,46.83213],[-111.62758,46.83251],[-111.61868,46.82646],[-111.61792,46.82119],[-111.60315,46.80995],[-111.59666,46.80752],[-111.5907,46.80906],[-111.58503,46.80535],[-111.5723,46.81011],[-111.56391,46.80848],[-111.5528,46.80404],[-111.53941,46.80515],[-111.5323,46.80438],[-111.52382,46.8092],[-111.52381,46.81707],[-111.50921,46.81625],[-111.50577,46.81412],[-111.51155,46.8083],[-111.50289,46.79953],[-111.49603,46.79027],[-111.49464,46.77457],[-111.49809,46.7625],[-111.48423,46.75533],[-111.46531,46.7519],[-111.4554,46.74253],[-111.45653,46.72876],[-111.46311,46.72509],[-111.45614,46.71906],[-111.44837,46.71602],[-111.46249,46.70491],[-111.44753,46.70146],[-111.44719,46.69636],[-111.44324,46.69076],[-111.44945,46.68144],[-111.42601,46.68129],[-111.42182,46.6759],[-111.41527,46.67431],[-111.41371,46.66472],[-111.40851,46.65491],[-111.41292,46.64754],[-111.41151,46.64064],[-111.39901,46.64403],[-111.37946,46.64626],[-111.36899,46.64035],[-111.36756,46.63574],[-111.35577,46.63445],[-111.34019,46.6357],[-111.33035,46.63334],[-111.32612,46.62235],[-111.3253,46.61578],[-111.33488,46.60708],[-111.33312,46.59788],[-111.32984,46.59467],[-111.3293,46.58678],[-111.33482,46.58267],[-111.33401,46.57803],[-111.32018,46.5694],[-111.32134,46.55793],[-111.32877,46.5559],[-111.34335,46.54787],[-111.34474,46.54543],[-111.33888,46.53897],[-111.32049,46.53345],[-111.31525,46.53016],[-111.29174,46.52743],[-111.27778,46.51852],[-111.27713,46.50965],[-111.2672,46.49604],[-111.25738,46.49849],[-111.25329,46.48922],[-111.25698,46.48149],[-111.25231,46.47614],[-111.25088,46.46394],[-111.24758,46.45745],[-111.25132,46.44837],[-111.24652,46.43811],[-111.23542,46.43557],[-111.22789,46.42875],[-111.22192,46.42969],[-111.20933,46.42717],[-111.18804,46.43053],[-111.17637,46.43792],[-111.17638,46.44373],[-111.17282,46.44684],[-111.14947,46.45074],[-111.1319,46.4502],[-111.12246,46.45264],[-111.11994,46.44913],[-111.12629,46.44172],[-111.11123,46.43524],[-111.09794,46.43276],[-111.09397,46.4234],[-111.08954,46.42315],[-111.07983,46.41732],[-111.07775,46.41382],[-111.06374,46.40998],[-111.05723,46.40341],[-111.057,46.39812],[-111.0663,46.38999],[-111.06385,46.38194],[-111.0712,46.37557],[-111.07336,46.37007],[-111.0686,46.35967],[-111.0717,46.35579],[-111.06931,46.35142],[-111.02555,46.35523],[-111.0208,46.35687],[-110.99251,46.3765],[-110.98854,46.38016],[-110.99097,46.38631],[-110.98755,46.39179],[-110.97861,46.39511],[-110.966,46.39742],[-110.92631,46.41016],[-110.90631,46.42],[-110.90429,46.423],[-110.90559,46.53189],[-110.88956,46.53678],[-110.88243,46.53746],[-110.87238,46.53571],[-110.87232,46.54143],[-110.86773,46.5438],[-110.87293,46.54997],[-110.8528,46.56675],[-110.82982,46.56814],[-110.81295,46.56568],[-110.8071,46.56758],[-110.80095,46.57761],[-110.78257,46.59551],[-110.75312,46.61505],[-110.73171,46.62086],[-110.70333,46.62222],[-110.68168,46.61912],[-110.6734,46.61484],[-110.64034,46.61349],[-110.62042,46.60716],[-110.59751,46.60166],[-110.59042,46.59345],[-110.57983,46.58508],[-110.56253,46.5791],[-110.57359,46.59176],[-110.57914,46.60042],[-110.57475,46.62397],[-110.5761,46.62764],[-110.57294,46.64075],[-110.58212,46.65503],[-110.59344,46.66057],[-110.59929,46.66646],[-110.5907,46.68319],[-110.59428,46.69315],[-110.59887,46.69602],[-110.60031,46.70263],[-110.59435,46.71601],[-110.58688,46.72285],[-110.58433,46.73066],[-110.57779,46.73663],[-110.5728,46.74413],[-110.56606,46.74804],[-110.56175,46.74697],[-110.5577,46.76358],[-110.56766,46.7719],[-110.57747,46.76976],[-110.58604,46.7707],[-110.60157,46.76999],[-110.62069,46.77222],[-110.62174,46.77658],[-110.62898,46.77815],[-110.63307,46.7849],[-110.64321,46.79135],[-110.64952,46.80147],[-110.64471,46.81648],[-110.65288,46.82363],[-110.65727,46.8189],[-110.66309,46.81904],[-110.67892,46.82477],[-110.68744,46.83615],[-110.69551,46.83995],[-110.69605,46.84329],[-110.715,46.84151],[-110.71674,46.83818],[-110.72459,46.83967],[-110.72497,46.84443],[-110.73591,46.84847],[-110.75159,46.84453],[-110.75733,46.84886],[-110.75211,46.85955],[-110.75556,46.87286],[-110.76067,46.872],[-110.76234,46.88258],[-110.75334,46.88761],[-110.75271,46.89018],[-110.76082,46.8966],[-110.77013,46.89731],[-110.7834,46.90171],[-110.78277,46.90965],[-110.7902,46.91011],[-110.79527,46.90484],[-110.80498,46.90186],[-110.825,46.91487],[-110.83325,46.91294],[-110.83899,46.91819],[-110.85726,46.92269],[-110.85362,46.93666],[-110.85901,46.94606],[-110.87105,46.94474],[-110.87331,46.95008],[-110.88282,46.95672],[-110.8868,46.95751],[-110.89144,46.96572],[-110.90784,46.97255],[-110.91344,46.98083],[-110.92545,46.98516],[-110.93968,46.98738],[-110.94339,46.99021],[-110.95212,46.99156],[-110.96642,46.99903],[-110.97898,47.00143],[-110.98946,46.9976],[-110.99514,46.99725],[-110.9964,47.00509],[-111.00701,47.00489],[-111.01314,47.00278],[-111.03207,47.00608]]]},"properties":{"STATEFP":"30","COUNTYFP":"059","COUSUBFP":"93843","COUSUBNS":"01940742","GEOIDFQ":"0600000US3005993843","GEOID":"3005993843","NAME":"White Sulphur Springs","NAMELSAD":"White Sulphur Springs CCD","STUSPS":"MT","NAMELSADCO":"Meagher County","STATE_NAME":"Montana","LSAD":"22","ALAND":3468128355,"AWATER":3611351}},
{"type":"Feature","geometry":{"type":"Polygon","coordinates":[[[-113.03608,46.40199],[-113.03609,46.41106],[-113.06547,46.41129],[-113.08545,46.41924],[-113.087,46.42508],[-113.0926,46.42836],[-113.08795,46.43753],[-113.09628,46.44178],[-113.10748,46.4437],[-113.11344,46.46839],[-113.12505,46.48003],[-113.13172,46.4814],[-113.13531,46.48899],[-113.14653,46.48804],[-113.15641,46.48406],[-113.16164,46.48591],[-113.16807,46.49179],[-113.17289,46.50644],[-113.17684,46.51209],[-113.18771,46.52113],[-113.1945,46.53181],[-113.19965,46.53532],[-113.2067,46.5446],[-113.21341,46.54908],[-113.21792,46.54324],[-113.21875,46.53202],[-113.22443,46.529],[-113.2281,46.51551],[-113.22572,46.50519],[-113.24747,46.50515],[-113.25183,46.50739],[-113.2624,46.50117],[-113.2794,46.49621],[-113.28626,46.49592],[-113.31849,46.48137],[-113.33362,46.48066],[-113.33658,46.4777],[-113.33779,46.46569],[-113.35424,46.46383],[-113.36219,46.45497],[-113.36588,46.4474],[-113.3709,46.44793],[-113.37973,46.4531],[-113.39162,46.4574],[-113.38945,46.4687],[-113.39294,46.47431],[-113.3908,46.48369],[-113.38822,46.48487],[-113.38064,46.49633],[-113.38027,46.50564],[-113.37296,46.51084],[-113.34786,46.52337],[-113.34883,46.52739],[-113.36292,46.52901],[-113.38012,46.52505],[-113.38813,46.52501],[-113.40752,46.51732],[-113.41284,46.52132],[-113.4281,46.52045],[-113.44132,46.52583],[-113.45138,46.52743],[-113.45653,46.53771],[-113.45369,46.54558],[-113.48919,46.54813],[-113.50048,46.55795],[-113.50275,46.56675],[-113.51835,46.57123],[-113.52588,46.56808],[-113.53354,46.55861],[-113.54161,46.5612],[-113.54792,46.56012],[-113.55157,46.55351],[-113.56333,46.54662],[-113.56658,46.53968],[-113.56342,46.53082],[-113.56419,46.52447],[-113.56289,46.51255],[-113.55543,46.49945],[-113.55718,46.49009],[-113.56048,46.48442],[-113.56121,46.47365],[-113.5674,46.46795],[-113.5642,46.46269],[-113.56999,46.45832],[-113.56978,46.4536],[-113.57979,46.44595],[-113.5888,46.43681],[-113.59069,46.43092],[-113.59592,46.42543],[-113.60493,46.42309],[-113.60539,46.41999],[-113.6236,46.41067],[-113.61818,46.40495],[-113.61092,46.40169],[-113.60445,46.40138],[-113.60494,46.39512],[-113.61147,46.38523],[-113.61694,46.37962],[-113.61614,46.37161],[-113.62219,46.35707],[-113.63112,46.35742],[-113.63549,46.3604],[-113.6376,46.36671],[-113.64551,46.37121],[-113.65387,46.38086],[-113.65606,46.38686],[-113.66554,46.39177],[-113.67449,46.38895],[-113.67088,46.3826],[-113.67535,46.37805],[-113.69403,46.37098],[-113.69927,46.35994],[-113.70666,46.35332],[-113.71063,46.34159],[-113.71984,46.33446],[-113.7346,46.33096],[-113.73144,46.32394],[-113.73264,46.31885],[-113.73901,46.3145],[-113.7452,46.31652],[-113.75682,46.31193],[-113.76858,46.30574],[-113.78037,46.3066],[-113.78517,46.29673],[-113.78579,46.28808],[-113.76678,46.27741],[-113.75594,46.27535],[-113.75053,46.27215],[-113.7482,46.2655],[-113.76118,46.25809],[-113.76377,46.24617],[-113.77365,46.24515],[-113.77771,46.23836],[-113.77508,46.2284],[-113.79679,46.22193],[-113.80034,46.21901],[-113.81767,46.21549],[-113.82289,46.20888],[-113.82378,46.20215],[-113.81805,46.19122],[-113.81297,46.18955],[-113.80244,46.19136],[-113.79972,46.18638],[-113.78553,46.17981],[-113.79168,46.17454],[-113.79003,46.16252],[-113.79525,46.15261],[-113.78574,46.14514],[-113.78036,46.14449],[-113.77721,46.1342],[-113.76829,46.13043],[-113.76423,46.12216],[-113.75325,46.1128],[-113.75707,46.10381],[-113.767,46.10155],[-113.77118,46.08629],[-113.77372,46.08322],[-113.78745,46.07444],[-113.78601,46.06986],[-113.79298,46.06327],[-113.79521,46.05415],[-113.8035,46.04904],[-113.80163,46.04439],[-113.80368,46.03768],[-113.7769,46.03158],[-113.76902,46.0278],[-113.76077,46.03005],[-113.75552,46.04416],[-113.74494,46.04878],[-113.73986,46.04624],[-113.732,46.03844],[-113.70847,46.03921],[-113.69371,46.0373],[-113.68725,46.03524],[-113.69082,46.02595],[-113.68491,46.02312],[-113.6716,46.02175],[-113.67639,46.01552],[-113.67188,46.01241],[-113.67333,46.00767],[-113.66877,46.00283],[-113.67036,45.99529],[-113.66419,45.98697],[-113.66384,45.98053],[-113.65724,45.97647],[-113.64869,45.96525],[-113.64397,45.96325],[-113.63865,45.96587],[-113.62955,45.96605],[-113.6262,45.96982],[-113.61608,45.97028],[-113.6133,45.96614],[-113.61354,45.95976],[-113.60887,45.94984],[-113.5932,45.94918],[-113.58395,45.94708],[-113.57946,45.9441],[-113.57916,45.93867],[-113.5633,45.94199],[-113.55462,45.94715],[-113.5378,45.94443],[-113.52638,45.94508],[-113.51741,45.94009],[-113.51408,45.94514],[-113.50853,45.94446],[-113.49984,45.94844],[-113.49084,45.94539],[-113.48017,45.93968],[-113.47322,45.9484],[-113.47143,45.95321],[-113.46321,45.95619],[-113.45941,45.96216],[-113.46816,45.96812],[-113.46252,45.9745],[-113.45836,45.98406],[-113.44202,45.98099],[-113.43507,45.98619],[-113.42954,45.98553],[-113.41509,45.98981],[-113.41106,45.99968],[-113.39927,46.00047],[-113.39442,46.00713],[-113.39697,46.01392],[-113.37896,46.01859],[-113.36384,46.00755],[-113.3527,46.01026],[-113.3358,46.00538],[-113.32824,46.0155],[-113.31649,46.01889],[-113.31019,46.02527],[-113.29602,46.03126],[-113.28544,46.03811],[-113.28363,46.04241],[-113.27801,46.04527],[-113.28082,46.05722],[-113.27436,46.05933],[-113.27436,46.1358],[-113.28504,46.13579],[-113.28453,46.22278],[-113.16001,46.22328],[-113.03682,46.22333],[-113.03682,46.26683],[-113.03675,46.39668],[-113.03608,46.40199]]]},"properties":{"STATEFP":"30","COUNTYFP":"039","COUSUBFP":"92625","COUSUBNS":"01940688","GEOIDFQ":"0600000US3003992625","GEOID":"3003992625","NAME":"Philipsburg","NAMELSAD":"Philipsburg CCD","STUSPS":"MT","NAMELSADCO":"Granite County","STATE_NAME":"Montana","LSAD":"22","ALAND":2511545339,"AWATER":12902685}},
{"type":"Feature","geometry":{"type":"Polygon","coordinates":[[[-114.45126,46.9932],[-114.45136,47.0089],[-114.41937,47.0089],[-114.41953,47.02325],[-114.48323,47.02336],[-114.48369,47.06751],[-114.56609,47.06738],[-114.56565,47.09485],[-114.58667,47.09485],[-114.58673,47.12376],[-114.62921,47.12372],[-114.62915,47.13826],[-114.65047,47.13824],[-114.65048,47.15295],[-114.66476,47.15209],[-114.67271,47.15012],[-114.67662,47.13993],[-114.68217,47.13015],[-114.69026,47.12827],[-114.69716,47.1239],[-114.69632,47.11979],[-114.69995,47.11337],[-114.71456,47.11262],[-114.74072,47.10239],[-114.75129,47.10071],[-114.76525,47.10471],[-114.77947,47.10406],[-114.78041,47.09474],[-114.77583,47.08541],[-114.76404,47.0814],[-114.76179,47.07151],[-114.76896,47.06752],[-114.77043,47.06183],[-114.76617,47.05002],[-114.76622,47.04135],[-114.76323,47.03648],[-114.75746,47.03528],[-114.74806,47.02727],[-114.73771,47.01272],[-114.73827,47.00722],[-114.72728,46.99987],[-114.71912,46.99666],[-114.71018,46.99761],[-114.69814,47.00373],[-114.69364,47.00776],[-114.68243,46.99771],[-114.66451,46.99015],[-114.65668,46.98347],[-114.65603,46.97061],[-114.6533,46.96722],[-114.657,46.96241],[-114.6679,46.96241],[-114.67108,46.95982],[-114.66893,46.95132],[-114.68187,46.94459],[-114.68444,46.9354],[-114.69668,46.92681],[-114.70945,46.93233],[-114.71986,46.9313],[-114.73208,46.93206],[-114.74139,46.92865],[-114.74664,46.92962],[-114.75315,46.92687],[-114.75914,46.92946],[-114.76755,46.92574],[-114.76789,46.92152],[-114.77547,46.9193],[-114.7859,46.9119],[-114.79,46.91353],[-114.80555,46.90684],[-114.80621,46.8996],[-114.80242,46.89675],[-114.80668,46.88687],[-114.81541,46.88015],[-114.812,46.87693],[-114.81629,46.86867],[-114.8355,46.85822],[-114.8362,46.85498],[-114.84764,46.85688],[-114.85339,46.85959],[-114.86576,46.8584],[-114.87017,46.85988],[-114.88762,46.8537],[-114.89343,46.84899],[-114.89385,46.84231],[-114.90317,46.8379],[-114.91632,46.84389],[-114.92768,46.84118],[-114.92867,46.83641],[-114.92073,46.82708],[-114.90627,46.82236],[-114.89957,46.8226],[-114.89511,46.81744],[-114.89839,46.80969],[-114.89519,46.80163],[-114.89097,46.80273],[-114.88711,46.80946],[-114.86578,46.81453],[-114.86114,46.81164],[-114.8606,46.8057],[-114.84764,46.79585],[-114.83678,46.79256],[-114.82961,46.78297],[-114.8194,46.78139],[-114.80796,46.78221],[-114.79914,46.77588],[-114.78955,46.77911],[-114.78643,46.77789],[-114.78363,46.76867],[-114.77382,46.76521],[-114.77384,46.76266],[-114.76519,46.75825],[-114.768,46.74917],[-114.76558,46.74562],[-114.76998,46.73503],[-114.77786,46.73152],[-114.78275,46.72635],[-114.78227,46.71933],[-114.78815,46.71212],[-114.77885,46.70669],[-114.7691,46.70498],[-114.76727,46.6972],[-114.75256,46.69716],[-114.73977,46.71194],[-114.72613,46.71457],[-114.71742,46.71403],[-114.71077,46.7173],[-114.70863,46.72721],[-114.70002,46.73374],[-114.69655,46.7405],[-114.68944,46.73659],[-114.68199,46.73886],[-114.67494,46.73683],[-114.67492,46.74741],[-114.54913,46.74737],[-114.549,46.83363],[-114.56626,46.83356],[-114.56613,46.96341],[-114.54644,46.96337],[-114.54717,46.99244],[-114.52533,46.99233],[-114.52536,47.00925],[-114.50261,47.00908],[-114.48613,46.9992],[-114.47024,46.99899],[-114.45126,46.9932]]]},"properties":{"STATEFP":"30","COUNTYFP":"061","COUSUBFP":"90042","COUSUBNS":"01940559","GEOIDFQ":"0600000US3006190042","GEOID":"3006190042","NAME":"Alberton","NAMELSAD":"Alberton CCD","STUSPS":"MT","NAMELSADCO":"Mineral County","STATE_NAME":"Montana","LSAD":"22","ALAND":769572733,"AWATER":2200326}},
{"type":"Feature","geometry":{"type":"Polygon","coordinates":[[[-108.71921,47.22558],[-108.71928,47.18336],[-108.73608,47.18341],[-108.73684,47.09822],[-108.60895,47.09813],[-108.60925,47.0379],[-108.56365,47.03542],[-108.51007,47.02713],[-108.4801,47.01753],[-108.46113,47.01268],[-108.45232,47.01187],[-108.36363,47.01138],[-108.32619,47.0134],[-108.31823,47.01238],[-108.28658,47.00297],[-108.25389,47.00443],[-108.22324,47.01081],[-108.21126,47.01256],[-108.16179,47.01235],[-108.14945,47.01277],[-108.09933,47.01254],[-108.07186,47.01652],[-108.04974,47.01255],[-108.02214,47.01228],[-107.99167,47.00132],[-107.96248,46.99346],[-107.93959,46.99484],[-107.8888,46.99425],[-107.88311,46.99834],[-107.89567,47.00742],[-107.89598,47.01452],[-107.90155,47.01932],[-107.906,47.01387],[-107.91056,47.01279],[-107.91953,47.01709],[-107.92164,47.02401],[-107.90969,47.03183],[-107.90916,47.04054],[-107.92486,47.04353],[-107.921,47.04869],[-107.92344,47.05367],[-107.91981,47.05903],[-107.92477,47.06226],[-107.91984,47.06851],[-107.92675,47.06942],[-107.92426,47.07565],[-107.91785,47.07938],[-107.9222,47.08232],[-107.92794,47.07874],[-107.93348,47.07885],[-107.93486,47.08719],[-107.93409,47.09756],[-107.93774,47.10402],[-107.94429,47.10914],[-107.93869,47.11104],[-107.93801,47.11554],[-107.94232,47.12043],[-107.95435,47.12065],[-107.96058,47.12533],[-107.94429,47.13314],[-107.93851,47.14222],[-107.93872,47.14544],[-107.94755,47.148],[-107.94883,47.15317],[-107.95505,47.15733],[-107.9503,47.16132],[-107.94127,47.15331],[-107.93813,47.16669],[-107.93152,47.16548],[-107.92706,47.17609],[-107.92293,47.17949],[-107.92993,47.18308],[-107.93482,47.17674],[-107.93904,47.18143],[-107.93151,47.18539],[-107.94264,47.19203],[-107.9471,47.19818],[-107.9399,47.20844],[-107.93891,47.21731],[-107.94967,47.22842],[-107.96177,47.23767],[-107.94905,47.24338],[-107.96863,47.24982],[-107.96126,47.25719],[-107.95527,47.2594],[-107.96326,47.26412],[-107.95532,47.26716],[-107.95276,47.27349],[-107.96447,47.27539],[-107.96208,47.28063],[-107.95104,47.2876],[-107.96078,47.29121],[-107.94611,47.30045],[-107.9568,47.30387],[-107.95595,47.31067],[-107.94452,47.3202],[-107.95718,47.32266],[-107.96389,47.32891],[-107.96031,47.33471],[-107.95531,47.33707],[-107.95676,47.34153],[-107.95149,47.34325],[-107.96039,47.34879],[-107.96389,47.35401],[-107.95083,47.3559],[-107.95662,47.36094],[-107.94076,47.36684],[-107.93951,47.37381],[-107.93068,47.37655],[-107.93032,47.38261],[-107.93701,47.3838],[-107.93437,47.38869],[-107.92816,47.38634],[-107.92312,47.38853],[-107.92728,47.39279],[-107.92463,47.39679],[-107.91693,47.39729],[-107.9096,47.40158],[-107.91223,47.41688],[-107.9092,47.42157],[-107.91353,47.42508],[-107.90993,47.42898],[-107.91669,47.43941],[-107.91703,47.44663],[-107.90912,47.45069],[-107.91225,47.45321],[-107.91207,47.46571],[-107.90489,47.47481],[-107.90918,47.48321],[-107.90912,47.48801],[-107.90299,47.49371],[-107.89719,47.50408],[-107.89811,47.51007],[-107.91209,47.51448],[-107.91918,47.52059],[-107.91764,47.53015],[-107.9195,47.53519],[-107.93021,47.54432],[-107.92929,47.55016],[-107.92386,47.55582],[-107.9262,47.56519],[-107.9311,47.56907],[-107.94434,47.56633],[-107.96158,47.56988],[-107.96591,47.57849],[-107.97618,47.58593],[-107.98899,47.58885],[-107.99659,47.58441],[-108.01318,47.58136],[-108.02406,47.58235],[-108.04661,47.58848],[-108.05313,47.5945],[-108.06542,47.59829],[-108.07958,47.59201],[-108.08578,47.59145],[-108.09223,47.59415],[-108.11284,47.59134],[-108.11926,47.59405],[-108.13183,47.59397],[-108.13727,47.59243],[-108.14754,47.58364],[-108.16093,47.58075],[-108.17855,47.58006],[-108.19031,47.58691],[-108.19957,47.58973],[-108.21388,47.58535],[-108.23797,47.58237],[-108.24504,47.58308],[-108.25131,47.58778],[-108.25962,47.58799],[-108.26651,47.58304],[-108.28237,47.57962],[-108.30507,47.58074],[-108.31305,47.58365],[-108.31315,47.53107],[-108.31549,47.53107],[-108.31543,47.44561],[-108.31548,47.31515],[-108.3368,47.31516],[-108.3368,47.30793],[-108.46426,47.30797],[-108.46425,47.30684],[-108.59083,47.30652],[-108.59111,47.27014],[-108.71919,47.27034],[-108.71921,47.22558]]]},"properties":{"STATEFP":"30","COUNTYFP":"069","COUSUBFP":"93948","COUSUBNS":"01940747","GEOIDFQ":"0600000US3006993948","GEOID":"3006993948","NAME":"Winnett North","NAMELSAD":"Winnett North CCD","STUSPS":"MT","NAMELSADCO":"Petroleum County","STATE_NAME":"Montana","LSAD":"22","ALAND":2692967681,"AWATER":44222665}},
{"type":"Feature","geometry":{"type":"Polygon","coordinates":[[[-111.52797,45.64228],[-111.53624,45.64226],[-111.53632,45.65683],[-111.55697,45.65643],[-111.55701,45.671],[-111.5777,45.67077],[-111.57769,45.68525],[-111.59824,45.68512],[-111.59832,45.69996],[-111.61904,45.69986],[-111.61904,45.71436],[-111.63972,45.71431],[-111.63974,45.72883],[-111.65974,45.72883],[-111.65974,45.74334],[-111.70137,45.74303],[-111.72168,45.74328],[-111.72185,45.77237],[-111.76327,45.77255],[-111.76332,45.78683],[-111.80538,45.78675],[-111.80526,45.79831],[-111.80721,45.80962],[-111.81064,45.81294],[-111.82136,45.81302],[-111.83443,45.82017],[-111.84304,45.8213],[-111.87215,45.81803],[-111.87694,45.82216],[-111.88035,45.82874],[-111.88454,45.8306],[-111.90662,45.82797],[-111.91409,45.8319],[-111.90958,45.83901],[-111.91847,45.84395],[-111.91976,45.84942],[-111.92696,45.85569],[-111.94081,45.85269],[-111.94426,45.85632],[-111.95069,45.85513],[-111.95466,45.85044],[-111.96182,45.85325],[-111.98404,45.84649],[-111.98664,45.84801],[-112.00721,45.85054],[-112.00774,45.85589],[-112.01362,45.85662],[-112.01298,45.83958],[-112.00894,45.82419],[-112.01057,45.81729],[-112.01586,45.80779],[-112.01471,45.80237],[-112.00319,45.79271],[-112.00408,45.78945],[-112.01451,45.78414],[-112.01413,45.77751],[-112.00978,45.77284],[-112.01554,45.76685],[-112.0177,45.75872],[-112.03901,45.74241],[-112.03653,45.7328],[-112.0469,45.71397],[-112.05089,45.7011],[-112.05711,45.69511],[-112.06696,45.69267],[-112.07276,45.68635],[-112.07624,45.67722],[-112.07527,45.6687],[-112.07665,45.65555],[-112.07458,45.6493],[-112.06953,45.6431],[-112.07612,45.63659],[-112.09682,45.62477],[-112.10233,45.61693],[-112.11779,45.61253],[-112.10937,45.60338],[-112.11028,45.59526],[-112.1009,45.58751],[-112.0853,45.585],[-112.07223,45.56981],[-112.07223,45.5681],[-112.0607,45.56419],[-112.05665,45.56776],[-112.04573,45.56536],[-112.03905,45.5546],[-112.01743,45.54302],[-112.01267,45.53392],[-112.00082,45.53241],[-111.98156,45.52395],[-111.96078,45.5068],[-111.95644,45.49993],[-111.95542,45.48976],[-111.94617,45.48391],[-111.94495,45.46523],[-111.9429,45.45882],[-111.93569,45.4524],[-111.92145,45.44676],[-111.92194,45.45545],[-111.88835,45.45018],[-111.87762,45.45262],[-111.87146,45.45699],[-111.86127,45.45727],[-111.85474,45.45474],[-111.85342,45.44986],[-111.84184,45.44781],[-111.82562,45.44833],[-111.82067,45.44968],[-111.80379,45.44781],[-111.80201,45.44424],[-111.7625,45.44431],[-111.74693,45.44731],[-111.72119,45.44211],[-111.71178,45.44486],[-111.70243,45.44356],[-111.6956,45.44696],[-111.68178,45.44979],[-111.66894,45.4487],[-111.65635,45.45142],[-111.64573,45.45908],[-111.64266,45.46649],[-111.63594,45.47572],[-111.63044,45.4797],[-111.63459,45.48895],[-111.63196,45.49845],[-111.62567,45.50455],[-111.62148,45.51256],[-111.61261,45.51989],[-111.60582,45.52336],[-111.59502,45.53364],[-111.58979,45.53625],[-111.59259,45.55124],[-111.5971,45.5562],[-111.59371,45.56556],[-111.58703,45.56736],[-111.59752,45.58066],[-111.59496,45.58512],[-111.58806,45.58352],[-111.57696,45.58516],[-111.57592,45.59059],[-111.5699,45.59471],[-111.57465,45.6056],[-111.57331,45.61049],[-111.56357,45.61399],[-111.54342,45.62831],[-111.53869,45.63551],[-111.52797,45.64228]]]},"properties":{"STATEFP":"30","COUNTYFP":"057","COUSUBFP":"91680","COUSUBNS":"01940641","GEOIDFQ":"0600000US3005791680","GEOID":"3005791680","NAME":"Harrison","NAMELSAD":"Harrison CCD","STUSPS":"MT","NAMELSADCO":"Madison County","STATE_NAME":"Montana","LSAD":"22","ALAND":1305894119,"AWATER":3963523}},
{"type":"Feature","geometry":{"type":"Polygon","coordinates":[[[-112.46439,45.37245],[-112.45519,45.37912],[-112.4438,45.3789],[-112.4319,45.39107],[-112.42213,45.39723],[-112.41242,45.40804],[-112.38895,45.40808],[-112.36759,45.42309],[-112.33811,45.4383],[-112.31084,45.45664],[-112.30696,45.46533],[-112.29816,45.47458],[-112.28744,45.48053],[-112.27491,45.48065],[-112.27679,45.48421],[-112.24909,45.4842],[-112.21966,45.48131],[-112.22541,45.48779],[-112.19463,45.48783],[-112.18449,45.49462],[-112.16618,45.50223],[-112.15682,45.50871],[-112.15033,45.51586],[-112.14514,45.51868],[-112.13461,45.51656],[-112.12675,45.52116],[-112.11518,45.52437],[-112.10556,45.53315],[-112.10158,45.54017],[-112.10168,45.54626],[-112.09661,45.55409],[-112.07699,45.55994],[-112.07223,45.5681],[-112.07223,45.56981],[-112.0853,45.585],[-112.1009,45.58751],[-112.11028,45.59526],[-112.10937,45.60338],[-112.11779,45.61253],[-112.10233,45.61693],[-112.09682,45.62477],[-112.07612,45.63659],[-112.06953,45.6431],[-112.07458,45.6493],[-112.07665,45.65555],[-112.07527,45.6687],[-112.07624,45.67722],[-112.07276,45.68635],[-112.06696,45.69267],[-112.05711,45.69511],[-112.05089,45.7011],[-112.0469,45.71397],[-112.03653,45.7328],[-112.03901,45.74241],[-112.0177,45.75872],[-112.01554,45.76685],[-112.00978,45.77284],[-112.01413,45.77751],[-112.01451,45.78414],[-112.00408,45.78945],[-112.00319,45.79271],[-112.01471,45.80237],[-112.01586,45.80779],[-112.01057,45.81729],[-112.00894,45.82419],[-112.01298,45.83958],[-112.01362,45.85662],[-112.02286,45.85878],[-112.04158,45.85406],[-112.04562,45.85564],[-112.05666,45.84983],[-112.0696,45.85267],[-112.07984,45.84816],[-112.08876,45.84905],[-112.0945,45.8393],[-112.10493,45.84108],[-112.11072,45.83382],[-112.11796,45.83411],[-112.1154,45.82474],[-112.11881,45.81274],[-112.11224,45.80624],[-112.12415,45.79462],[-112.12861,45.79344],[-112.12901,45.78804],[-112.13738,45.7813],[-112.13662,45.77172],[-112.14405,45.76663],[-112.15676,45.75547],[-112.16877,45.74998],[-112.17805,45.75081],[-112.18538,45.74737],[-112.19027,45.7485],[-112.20314,45.74835],[-112.46182,45.74258],[-112.48531,45.75901],[-112.49843,45.75977],[-112.51203,45.75045],[-112.51545,45.7467],[-112.52571,45.72765],[-112.52566,45.71403],[-112.5241,45.70761],[-112.53326,45.69835],[-112.5443,45.69269],[-112.54995,45.68416],[-112.57756,45.67814],[-112.58847,45.67242],[-112.60066,45.66126],[-112.60913,45.65881],[-112.62508,45.65072],[-112.6544,45.63808],[-112.66232,45.63246],[-112.68224,45.62965],[-112.68705,45.62485],[-112.68369,45.62272],[-112.68207,45.6138],[-112.67927,45.6121],[-112.68393,45.60253],[-112.68719,45.6008],[-112.68838,45.59174],[-112.68684,45.5695],[-112.68959,45.55695],[-112.69511,45.55043],[-112.69405,45.54276],[-112.70485,45.53323],[-112.70023,45.52266],[-112.69913,45.51361],[-112.6913,45.51228],[-112.68893,45.50724],[-112.69031,45.50003],[-112.68887,45.49435],[-112.69285,45.4888],[-112.68784,45.47724],[-112.67315,45.47248],[-112.67175,45.46984],[-112.66051,45.46422],[-112.65891,45.45769],[-112.64681,45.45752],[-112.63461,45.45122],[-112.62861,45.44059],[-112.60923,45.43705],[-112.60048,45.43001],[-112.59052,45.43027],[-112.58741,45.43253],[-112.57723,45.42984],[-112.56889,45.43483],[-112.53944,45.44653],[-112.53413,45.44444],[-112.50557,45.44301],[-112.46426,45.39382],[-112.46439,45.37245]]]},"properties":{"STATEFP":"30","COUNTYFP":"057","COUSUBFP":"93633","COUSUBNS":"01940732","GEOIDFQ":"0600000US3005793633","GEOID":"3005793633","NAME":"Twin Bridges","NAMELSAD":"Twin Bridges CCD","STUSPS":"MT","NAMELSADCO":"Madison County","STATE_NAME":"Montana","LSAD":"22","ALAND":1525753212,"AWATER":598585}},
{"type":"Feature","geometry":{"type":"Polygon","coordinates":[[[-112.74647,45.70543],[-112.75365,45.71146],[-112.74746,45.72181],[-112.74775,45.72942],[-112.7513,45.73306],[-112.75827,45.73408],[-112.75631,45.74023],[-112.75934,45.74821],[-112.77314,45.75397],[-112.78058,45.75555],[-112.78357,45.76267],[-112.79255,45.76254],[-112.79921,45.75876],[-112.80901,45.76253],[-112.82357,45.77425],[-112.83923,45.77852],[-112.84413,45.77738],[-112.85618,45.77976],[-112.86637,45.77726],[-112.88473,45.78926],[-112.89214,45.78859],[-112.90081,45.78026],[-112.91219,45.78366],[-112.91819,45.78879],[-112.91787,45.79533],[-112.92706,45.80139],[-112.93367,45.80263],[-112.94271,45.79943],[-112.97347,45.80573],[-112.98665,45.80748],[-112.99718,45.80657],[-113.00083,45.80825],[-113.00204,45.81589],[-113.00917,45.81589],[-113.02073,45.82235],[-113.0247,45.82974],[-113.03821,45.83227],[-113.0407,45.83726],[-113.05585,45.84438],[-113.06491,45.85069],[-113.07357,45.85101],[-113.08465,45.85534],[-113.08552,45.86065],[-113.08755,45.87203],[-113.09699,45.87755],[-113.10027,45.88172],[-113.12863,45.88337],[-113.14005,45.88216],[-113.15815,45.88526],[-113.16758,45.8842],[-113.17979,45.88501],[-113.18905,45.87773],[-113.19694,45.87456],[-113.20856,45.87638],[-113.22245,45.87107],[-113.22884,45.86646],[-113.23259,45.85945],[-113.23884,45.85339],[-113.24959,45.85149],[-113.25505,45.84558],[-113.24998,45.83961],[-113.25954,45.83301],[-113.2632,45.82691],[-113.27542,45.81797],[-113.28681,45.81693],[-113.29201,45.82134],[-113.29817,45.81861],[-113.3083,45.80639],[-113.32126,45.80799],[-113.32334,45.81089],[-113.33591,45.81324],[-113.34124,45.80668],[-113.34727,45.8046],[-113.35273,45.79422],[-113.35336,45.78428],[-113.36443,45.77104],[-113.36143,45.7616],[-113.36389,45.75838],[-113.37699,45.75962],[-113.39721,45.76826],[-113.40857,45.78291],[-113.42014,45.78832],[-113.43074,45.80043],[-113.43509,45.80705],[-113.42749,45.81424],[-113.42941,45.83063],[-113.43342,45.83577],[-113.4402,45.83944],[-113.43816,45.84486],[-113.4413,45.85552],[-113.45127,45.86318],[-113.45436,45.86847],[-113.45967,45.8715],[-113.45667,45.87566],[-113.46801,45.88597],[-113.46721,45.89029],[-113.47079,45.89779],[-113.47721,45.90308],[-113.48668,45.91395],[-113.4888,45.92165],[-113.49553,45.93618],[-113.50129,45.94081],[-113.51614,45.93881],[-113.51548,45.93602],[-113.52325,45.93035],[-113.52936,45.91941],[-113.53511,45.9132],[-113.53725,45.90141],[-113.53655,45.89388],[-113.53247,45.8924],[-113.53237,45.87841],[-113.54937,45.8754],[-113.55942,45.87623],[-113.56481,45.87292],[-113.57933,45.87289],[-113.5914,45.8629],[-113.59594,45.85088],[-113.61095,45.85046],[-113.62254,45.84131],[-113.64169,45.84017],[-113.6456,45.83855],[-113.65469,45.84037],[-113.66229,45.836],[-113.66787,45.83537],[-113.67197,45.83998],[-113.68593,45.83866],[-113.69764,45.84355],[-113.70596,45.83825],[-113.71252,45.83838],[-113.71545,45.83059],[-113.72416,45.82895],[-113.72941,45.82542],[-113.72945,45.81954],[-113.73454,45.81652],[-113.74405,45.81507],[-113.75026,45.80724],[-113.75865,45.8019],[-113.76846,45.80052],[-113.77837,45.792],[-113.79201,45.79213],[-113.79224,45.78347],[-113.78721,45.77839],[-113.8001,45.7728],[-113.80435,45.76306],[-113.81564,45.75519],[-113.82713,45.75337],[-113.83024,45.75072],[-113.84926,45.75263],[-113.84824,45.75709],[-113.85299,45.76526],[-113.85492,45.77314],[-113.86243,45.77909],[-113.87028,45.78166],[-113.87784,45.77493],[-113.88373,45.7739],[-113.89594,45.76847],[-113.90638,45.75513],[-113.91137,45.7518],[-113.91457,45.74425],[-113.90991,45.7418],[-113.90436,45.731],[-113.90935,45.72668],[-113.90305,45.72151],[-113.90951,45.71534],[-113.90653,45.70418],[-113.91299,45.69904],[-113.92231,45.70398],[-113.93821,45.69544],[-113.93399,45.69166],[-113.93422,45.68223],[-113.92912,45.67035],[-113.92129,45.66446],[-113.91948,45.65786],[-113.91264,45.65376],[-113.90358,45.65117],[-113.89524,45.64339],[-113.9022,45.63774],[-113.90006,45.62833],[-113.90368,45.62159],[-113.89332,45.62051],[-113.88575,45.61744],[-113.86123,45.62359],[-113.84864,45.62011],[-113.84301,45.61239],[-113.83396,45.61016],[-113.82291,45.6121],[-113.81819,45.60787],[-113.8074,45.60278],[-113.80445,45.59424],[-113.79713,45.58212],[-113.80625,45.57827],[-113.81521,45.56947],[-113.82087,45.56606],[-113.81746,45.56069],[-113.82206,45.54701],[-113.82944,45.53707],[-113.82839,45.53233],[-113.83408,45.52053],[-113.82101,45.52295],[-113.80914,45.51991],[-113.80285,45.52316],[-113.78157,45.52188],[-113.77796,45.52329],[-113.76655,45.52091],[-113.77267,45.51426],[-113.77097,45.50783],[-113.76565,45.50105],[-113.75999,45.48074],[-113.76806,45.47394],[-113.77636,45.47042],[-113.77464,45.46301],[-113.78356,45.45568],[-113.78354,45.45198],[-113.77478,45.44718],[-113.77681,45.43505],[-113.77354,45.43171],[-113.76503,45.43106],[-113.76015,45.42744],[-113.76422,45.42226],[-113.77669,45.41683],[-113.77415,45.40655],[-113.76092,45.4065],[-113.74912,45.40283],[-113.74389,45.39659],[-113.7344,45.39235],[-113.73255,45.38639],[-113.73322,45.3728],[-113.73888,45.36813],[-113.73339,45.3631],[-113.72965,45.35572],[-113.73443,45.35313],[-113.73448,45.34857],[-113.74017,45.34399],[-113.73806,45.32837],[-113.72909,45.32045],[-113.7187,45.3158],[-113.71003,45.30102],[-113.70375,45.29918],[-113.70057,45.29252],[-113.6885,45.28672],[-113.68083,45.2793],[-113.68348,45.27296],[-113.69094,45.27283],[-113.69248,45.26344],[-113.67864,45.24963],[-113.67193,45.24876],[-113.65777,45.24138],[-113.64913,45.234],[-113.64766,45.22664],[-113.63696,45.21679],[-113.63704,45.21294],[-113.61847,45.20268],[-113.61448,45.19807],[-113.60539,45.19272],[-113.59963,45.19173],[-113.59723,45.18648],[-113.59191,45.18419],[-113.58961,45.17762],[-113.59425,45.16677],[-113.59091,45.16179],[-113.59071,45.15589],[-113.58373,45.15344],[-113.56522,45.16373],[-113.55057,45.16749],[-113.52805,45.16766],[-113.51625,45.17143],[-113.50885,45.17228],[-113.49735,45.17786],[-113.46845,45.1875],[-113.44109,45.19382],[-113.42025,45.19532],[-113.39994,45.19091],[-113.37728,45.18207],[-113.37085,45.17627],[-113.35814,45.17204],[-113.34369,45.16427],[-113.33486,45.15238],[-113.32284,45.15329],[-113.31133,45.15684],[-113.29493,45.15496],[-113.2881,45.15593],[-113.27751,45.16053],[-113.26764,45.16105],[-113.25662,45.15826],[-113.25665,45.18348],[-113.25232,45.1872],[-113.23558,45.18985],[-113.23697,45.20082],[-113.2356,45.20596],[-113.21883,45.23718],[-113.21982,45.2405],[-113.23015,45.2544],[-113.23251,45.26833],[-113.23309,45.28894],[-113.24027,45.31401],[-113.23958,45.32511],[-113.23519,45.32869],[-113.23297,45.33815],[-113.22766,45.35131],[-113.22332,45.36672],[-113.20729,45.39211],[-113.20223,45.39618],[-113.18728,45.4012],[-113.17465,45.42655],[-113.17173,45.44079],[-113.17108,45.45399],[-113.17419,45.46024],[-113.16627,45.47274],[-113.16466,45.48086],[-113.16705,45.49218],[-113.15079,45.49791],[-113.14155,45.50731],[-113.13099,45.51188],[-113.10643,45.504],[-113.10458,45.50117],[-113.11373,45.49473],[-113.10072,45.48932],[-113.07477,45.48224],[-113.07685,45.47771],[-113.07179,45.47386],[-113.04199,45.45674],[-113.03144,45.45168],[-113.02205,45.44232],[-113.013,45.43953],[-113.002,45.45021],[-113.00311,45.45473],[-113.00004,45.46363],[-112.98975,45.46461],[-112.98137,45.46247],[-112.97222,45.456],[-112.96333,45.4591],[-112.95977,45.46503],[-112.96361,45.47131],[-112.96565,45.48015],[-112.97162,45.4834],[-112.97339,45.48793],[-112.97498,45.5058],[-112.97355,45.51351],[-112.97813,45.52551],[-112.976,45.53314],[-112.97036,45.54231],[-112.96668,45.55812],[-112.98077,45.56356],[-112.98558,45.57226],[-112.98499,45.57884],[-112.97759,45.58224],[-112.97356,45.58727],[-112.96499,45.5918],[-112.96692,45.59913],[-112.96555,45.6061],[-112.95633,45.61706],[-112.94979,45.62173],[-112.93052,45.63015],[-112.92677,45.63317],[-112.91607,45.63663],[-112.9077,45.64507],[-112.90038,45.65633],[-112.89536,45.66978],[-112.88179,45.67764],[-112.86464,45.67971],[-112.85852,45.67885],[-112.83672,45.66987],[-112.82962,45.66948],[-112.81397,45.67152],[-112.80197,45.6703],[-112.77959,45.67731],[-112.76553,45.68871],[-112.76326,45.69392],[-112.75599,45.69734],[-112.74647,45.70543]]]},"properties":{"STATEFP":"30","COUNTYFP":"001","COUSUBFP":"90273","COUSUBNS":"01940570","GEOIDFQ":"0600000US3000190273","GEOID":"3000190273","NAME":"Big Hole Basin","NAMELSAD":"Big Hole Basin CCD","STUSPS":"MT","NAMELSADCO":"Beaverhead County","STATE_NAME":"Montana","LSAD":"22","ALAND":4294975114,"AWATER":7990552}},
{"type":"Feature","geometry":{"type":"Polygon","coordinates":[[[-114.13899,47.1381],[-114.13134,47.13029],[-114.13231,47.12493],[-114.12391,47.1195],[-114.12807,47.10198],[-114.12668,47.09421],[-114.12192,47.08708],[-114.1252,47.08133],[-114.14008,47.0742],[-114.13307,47.06644],[-114.11056,47.05478],[-114.09745,47.04426],[-114.07684,47.03011],[-114.08527,47.02037],[-114.09657,47.01596],[-114.08328,47.01119],[-114.06997,47.01185],[-114.06149,47.00421],[-114.04752,47.00537],[-114.03939,47.00876],[-114.03082,47.02178],[-114.01927,47.03053],[-114.00607,47.03689],[-113.98683,47.04069],[-113.97983,47.05211],[-113.97465,47.05633],[-113.95818,47.05821],[-113.94893,47.06384],[-113.94967,47.08021],[-113.93819,47.07982],[-113.93595,47.08597],[-113.92511,47.08812],[-113.92425,47.09635],[-113.91808,47.09925],[-113.91388,47.10571],[-113.90193,47.10169],[-113.89441,47.09652],[-113.88337,47.09568],[-113.87593,47.09192],[-113.86615,47.08352],[-113.8584,47.08203],[-113.85583,47.08857],[-113.84934,47.09164],[-113.83487,47.08818],[-113.82123,47.09152],[-113.80401,47.09762],[-113.79542,47.09696],[-113.78455,47.09071],[-113.77805,47.09143],[-113.76797,47.08628],[-113.76162,47.08847],[-113.75542,47.07932],[-113.73589,47.07305],[-113.7238,47.07204],[-113.70906,47.0751],[-113.71076,47.08225],[-113.72013,47.082],[-113.72892,47.08638],[-113.72356,47.09208],[-113.72467,47.09924],[-113.73141,47.10805],[-113.73243,47.11716],[-113.7217,47.11883],[-113.69804,47.11574],[-113.69127,47.11639],[-113.68151,47.11338],[-113.66631,47.12145],[-113.67172,47.13076],[-113.68395,47.14038],[-113.68992,47.14017],[-113.69973,47.14293],[-113.71138,47.14804],[-113.7172,47.16004],[-113.72529,47.16637],[-113.72673,47.17208],[-113.72011,47.1758],[-113.70268,47.18161],[-113.69764,47.18556],[-113.70014,47.19285],[-113.69475,47.20761],[-113.7069,47.21031],[-113.71357,47.21339],[-113.72262,47.21377],[-113.72909,47.22119],[-113.73724,47.22251],[-113.74333,47.2269],[-113.74061,47.23297],[-113.72594,47.24194],[-113.73009,47.24647],[-113.72732,47.24934],[-113.73078,47.26152],[-113.73578,47.26745],[-113.72839,47.2737],[-113.72885,47.28119],[-113.74414,47.28206],[-113.75482,47.28903],[-113.75879,47.28391],[-113.76715,47.28219],[-113.78044,47.28602],[-113.79252,47.27697],[-113.80617,47.27362],[-113.81982,47.27194],[-113.82435,47.27441],[-113.82117,47.2687],[-113.82145,47.18171],[-113.93357,47.18172],[-113.9335,47.13829],[-114.00706,47.13815],[-114.13899,47.1381]]]},"properties":{"STATEFP":"30","COUNTYFP":"063","COUSUBFP":"91128","COUSUBNS":"01940611","GEOIDFQ":"0600000US3006391128","GEOID":"3006391128","NAME":"Flathead Reservation","NAMELSAD":"Flathead Reservation CCD","STUSPS":"MT","NAMELSADCO":"Missoula County","STATE_NAME":"Montana","LSAD":"22","ALAND":421214277,"AWATER":2178384}},
{"type":"Feature","geometry":{"type":"Polygon","coordinates":[[[-114.03566,46.66071],[-113.83241,46.66102],[-113.82774,46.6609],[-113.79358,46.66087],[-113.79356,46.65817],[-113.668,46.65837],[-113.66817,46.71623],[-113.55153,46.71651],[-113.55152,46.73099],[-113.54511,46.73099],[-113.54508,46.74462],[-113.47986,46.74471],[-113.47983,46.80246],[-113.48445,46.79902],[-113.51205,46.7864],[-113.52097,46.7925],[-113.53224,46.78813],[-113.5389,46.78765],[-113.54927,46.78406],[-113.55932,46.78968],[-113.57147,46.79055],[-113.57459,46.78806],[-113.58406,46.78809],[-113.59178,46.78471],[-113.59625,46.78731],[-113.59515,46.79215],[-113.60374,46.79778],[-113.61795,46.79592],[-113.6338,46.79632],[-113.6439,46.80013],[-113.64609,46.80311],[-113.66006,46.81285],[-113.66469,46.82005],[-113.67449,46.82533],[-113.67306,46.8317],[-113.69301,46.83509],[-113.705,46.84162],[-113.71007,46.85094],[-113.71842,46.85014],[-113.72371,46.85263],[-113.71896,46.85647],[-113.71316,46.85613],[-113.70107,46.8627],[-113.69091,46.87985],[-113.67907,46.88996],[-113.67815,46.89341],[-113.68314,46.90652],[-113.67555,46.91072],[-113.6789,46.91556],[-113.67826,46.93142],[-113.67146,46.93554],[-113.66848,46.94128],[-113.67574,46.95169],[-113.68235,46.966],[-113.68168,46.97473],[-113.67646,46.97808],[-113.67875,46.98877],[-113.68616,46.99597],[-113.68619,47.00286],[-113.69606,47.01033],[-113.70156,47.02003],[-113.70142,47.02682],[-113.71031,47.03002],[-113.71666,47.03742],[-113.73093,47.04602],[-113.73471,47.05132],[-113.74949,47.06195],[-113.75099,47.06556],[-113.76841,47.08105],[-113.78279,47.0858],[-113.79915,47.07998],[-113.81027,47.07437],[-113.82164,47.07249],[-113.83273,47.07364],[-113.84094,47.07853],[-113.84934,47.09164],[-113.85583,47.08857],[-113.8584,47.08203],[-113.86615,47.08352],[-113.87593,47.09192],[-113.88337,47.09568],[-113.89441,47.09652],[-113.90193,47.10169],[-113.91388,47.10571],[-113.91808,47.09925],[-113.92425,47.09635],[-113.92511,47.08812],[-113.93595,47.08597],[-113.93819,47.07982],[-113.94967,47.08021],[-113.94893,47.06384],[-113.95818,47.05821],[-113.97465,47.05633],[-113.97983,47.05211],[-113.98683,47.04069],[-114.00607,47.03689],[-114.01927,47.03053],[-114.03082,47.02178],[-114.03939,47.00876],[-114.04752,47.00537],[-114.06149,47.00421],[-114.05707,46.98322],[-114.07417,46.97185],[-114.07527,46.96761],[-114.0855,46.95746],[-114.0883,46.95263],[-114.09605,46.94704],[-114.0972,46.94157],[-114.1041,46.93496],[-114.11489,46.9323],[-114.12167,46.92735],[-114.11954,46.91847],[-114.12078,46.91199],[-114.11806,46.90912],[-114.12324,46.89833],[-114.12904,46.89668],[-114.14261,46.90767],[-114.14594,46.90563],[-114.15379,46.90758],[-114.14927,46.90256],[-114.15131,46.89405],[-114.14343,46.8847],[-114.13087,46.87977],[-114.12994,46.87287],[-114.12595,46.86631],[-114.12004,46.86155],[-114.11611,46.86831],[-114.10987,46.86889],[-114.09617,46.86652],[-114.0905,46.86758],[-114.07929,46.87405],[-114.06427,46.87513],[-114.05784,46.87187],[-114.04203,46.87706],[-114.03957,46.8669],[-114.03948,46.83828],[-114.05441,46.83151],[-114.0553,46.8277],[-114.0779,46.82144],[-114.08597,46.81463],[-114.0939,46.80514],[-114.0987,46.79625],[-114.09219,46.78953],[-114.07714,46.77724],[-114.06551,46.77496],[-114.05971,46.77056],[-114.06407,46.75968],[-114.06185,46.75439],[-114.06248,46.74716],[-114.05679,46.7346],[-114.0498,46.72732],[-114.04466,46.71744],[-114.0483,46.71219],[-114.04933,46.70341],[-114.04746,46.69913],[-114.05302,46.69274],[-114.04668,46.69158],[-114.04039,46.68713],[-114.04117,46.67894],[-114.04512,46.67613],[-114.03799,46.67069],[-114.03566,46.66071]]]},"properties":{"STATEFP":"30","COUNTYFP":"063","COUSUBFP":"92331","COUSUBNS":"01940672","GEOIDFQ":"0600000US3006392331","GEOID":"3006392331","NAME":"Missoula","NAMELSAD":"Missoula CCD","STUSPS":"MT","NAMELSADCO":"Missoula County","STATE_NAME":"Montana","LSAD":"22","ALAND":1442954036,"AWATER":8325559}},
{"type":"Feature","geometry":{"type":"Polygon","coordinates":[[[-113.84934,47.09164],[-113.84094,47.07853],[-113.83273,47.07364],[-113.82164,47.07249],[-113.81027,47.07437],[-113.79915,47.07998],[-113.78279,47.0858],[-113.76841,47.08105],[-113.75099,47.06556],[-113.74949,47.06195],[-113.73471,47.05132],[-113.73093,47.04602],[-113.71666,47.03742],[-113.71031,47.03002],[-113.70142,47.02682],[-113.70156,47.02003],[-113.69606,47.01033],[-113.68619,47.00286],[-113.68616,46.99597],[-113.67875,46.98877],[-113.67646,46.97808],[-113.68168,46.97473],[-113.68235,46.966],[-113.67574,46.95169],[-113.66848,46.94128],[-113.67146,46.93554],[-113.67826,46.93142],[-113.6789,46.91556],[-113.67555,46.91072],[-113.68314,46.90652],[-113.67815,46.89341],[-113.67907,46.88996],[-113.69091,46.87985],[-113.70107,46.8627],[-113.71316,46.85613],[-113.71896,46.85647],[-113.72371,46.85263],[-113.71842,46.85014],[-113.71007,46.85094],[-113.705,46.84162],[-113.69301,46.83509],[-113.67306,46.8317],[-113.67449,46.82533],[-113.66469,46.82005],[-113.66006,46.81285],[-113.64609,46.80311],[-113.6439,46.80013],[-113.6338,46.79632],[-113.61795,46.79592],[-113.60374,46.79778],[-113.59515,46.79215],[-113.59625,46.78731],[-113.59178,46.78471],[-113.58406,46.78809],[-113.57459,46.78806],[-113.57147,46.79055],[-113.55932,46.78968],[-113.54927,46.78406],[-113.5389,46.78765],[-113.53224,46.78813],[-113.52097,46.7925],[-113.51205,46.7864],[-113.48445,46.79902],[-113.47983,46.80246],[-113.41708,46.8025],[-113.4166,46.83211],[-113.3029,46.83216],[-113.30316,46.96337],[-113.30282,47.09207],[-113.30294,47.17964],[-113.46645,47.17919],[-113.46642,47.34631],[-113.46648,47.60006],[-113.63408,47.60003],[-113.75548,47.60025],[-113.90306,47.60024],[-113.94874,47.59999],[-113.94589,47.59694],[-113.93029,47.5985],[-113.92801,47.59375],[-113.93173,47.57505],[-113.92411,47.5655],[-113.9195,47.54941],[-113.92219,47.54497],[-113.92969,47.53992],[-113.92334,47.53634],[-113.92368,47.53066],[-113.92767,47.52057],[-113.91467,47.51551],[-113.91153,47.51139],[-113.91422,47.50114],[-113.92656,47.49812],[-113.93042,47.50026],[-113.94247,47.49281],[-113.93942,47.48783],[-113.94289,47.47968],[-113.95117,47.47602],[-113.9447,47.47191],[-113.93929,47.47145],[-113.93303,47.4671],[-113.93241,47.4576],[-113.91969,47.45376],[-113.91359,47.44956],[-113.90368,47.44762],[-113.90071,47.44175],[-113.89083,47.43169],[-113.88924,47.42364],[-113.89134,47.41678],[-113.88595,47.40709],[-113.87111,47.39197],[-113.87075,47.38472],[-113.87518,47.37638],[-113.87588,47.37103],[-113.88602,47.36867],[-113.88904,47.35501],[-113.88501,47.34146],[-113.88184,47.33852],[-113.88698,47.32918],[-113.88661,47.31827],[-113.90063,47.31314],[-113.89794,47.30919],[-113.88274,47.30807],[-113.87336,47.29887],[-113.87437,47.2943],[-113.87077,47.28816],[-113.86496,47.28891],[-113.85538,47.285],[-113.8526,47.27917],[-113.84602,47.2772],[-113.84273,47.27188],[-113.83531,47.27155],[-113.82435,47.27441],[-113.81982,47.27194],[-113.80617,47.27362],[-113.79252,47.27697],[-113.78044,47.28602],[-113.76715,47.28219],[-113.75879,47.28391],[-113.75482,47.28903],[-113.74414,47.28206],[-113.72885,47.28119],[-113.72839,47.2737],[-113.73578,47.26745],[-113.73078,47.26152],[-113.72732,47.24934],[-113.73009,47.24647],[-113.72594,47.24194],[-113.74061,47.23297],[-113.74333,47.2269],[-113.73724,47.22251],[-113.72909,47.22119],[-113.72262,47.21377],[-113.71357,47.21339],[-113.7069,47.21031],[-113.69475,47.20761],[-113.70014,47.19285],[-113.69764,47.18556],[-113.70268,47.18161],[-113.72011,47.1758],[-113.72673,47.17208],[-113.72529,47.16637],[-113.7172,47.16004],[-113.71138,47.14804],[-113.69973,47.14293],[-113.68992,47.14017],[-113.68395,47.14038],[-113.67172,47.13076],[-113.66631,47.12145],[-113.68151,47.11338],[-113.69127,47.11639],[-113.69804,47.11574],[-113.7217,47.11883],[-113.73243,47.11716],[-113.73141,47.10805],[-113.72467,47.09924],[-113.72356,47.09208],[-113.72892,47.08638],[-113.72013,47.082],[-113.71076,47.08225],[-113.70906,47.0751],[-113.7238,47.07204],[-113.73589,47.07305],[-113.75542,47.07932],[-113.76162,47.08847],[-113.76797,47.08628],[-113.77805,47.09143],[-113.78455,47.09071],[-113.79542,47.09696],[-113.80401,47.09762],[-113.82123,47.09152],[-113.83487,47.08818],[-113.84934,47.09164]]]},"properties":{"STATEFP":"30","COUNTYFP":"063","COUSUBFP":"93003","COUSUBNS":"01940703","GEOIDFQ":"0600000US3006393003","GEOID":"3006393003","NAME":"Seeley Lake-Blackfoot Valley","NAMELSAD":"Seeley Lake-Blackfoot Valley CCD","STUSPS":"MT","NAMELSADCO":"Missoula County","STATE_NAME":"Montana","LSAD":"22","ALAND":2602169532,"AWATER":43016952}},
{"type":"Feature","geometry":{"type":"Polygon","coordinates":[[[-116.04899,48.21613],[-116.04891,48.12493],[-116.04911,48.05899],[-116.04911,47.97684],[-116.03828,47.97139],[-116.03039,47.97262],[-116.00748,47.95078],[-116.00655,47.94333],[-115.9996,47.93922],[-115.995,47.9331],[-115.99368,47.92618],[-115.98484,47.92271],[-115.98306,47.91629],[-115.96908,47.91426],[-115.96542,47.91085],[-115.96848,47.89966],[-115.96024,47.89805],[-115.95336,47.89405],[-115.94562,47.88585],[-115.9367,47.87952],[-115.91929,47.85741],[-115.91877,47.85366],[-115.91008,47.85302],[-115.90682,47.84638],[-115.9014,47.8431],[-115.88203,47.8494],[-115.87526,47.84327],[-115.87086,47.83494],[-115.8593,47.83105],[-115.85064,47.82535],[-115.85076,47.82142],[-115.84508,47.8149],[-115.84864,47.81069],[-115.84894,47.80019],[-115.84579,47.79316],[-115.84749,47.78523],[-115.84054,47.78036],[-115.83541,47.77058],[-115.83545,47.76171],[-115.83194,47.75598],[-115.82499,47.75237],[-115.80398,47.75825],[-115.79733,47.75713],[-115.79373,47.75194],[-115.7858,47.74837],[-115.78085,47.74247],[-115.78426,47.72996],[-115.77396,47.7179],[-115.75918,47.71916],[-115.73173,47.7052],[-115.72279,47.69473],[-115.72828,47.68171],[-115.72651,47.67323],[-115.73235,47.66786],[-115.73132,47.66199],[-115.7365,47.65474],[-115.73039,47.64233],[-115.71199,47.63525],[-115.70793,47.63483],[-115.69444,47.62376],[-115.69246,47.6169],[-115.6988,47.61179],[-115.69722,47.60374],[-115.68842,47.59561],[-115.69646,47.5889],[-115.70507,47.58439],[-115.70569,47.57803],[-115.72119,47.57625],[-115.7225,47.57165],[-115.73115,47.56933],[-115.74428,47.559],[-115.75434,47.5526],[-115.75566,47.5483],[-115.75179,47.54199],[-115.74138,47.53825],[-115.73453,47.53925],[-115.73048,47.53581],[-115.71137,47.53237],[-115.7023,47.53421],[-115.69554,47.52759],[-115.71121,47.52327],[-115.70906,47.51554],[-115.69863,47.50227],[-115.69006,47.50079],[-115.68626,47.48494],[-115.67432,47.4863],[-115.668,47.4888],[-115.66203,47.48314],[-115.66028,47.47796],[-115.64734,47.47796],[-115.63432,47.48147],[-115.62997,47.47963],[-115.61907,47.48462],[-115.61207,47.4745],[-115.59679,47.47215],[-115.56633,47.47105],[-115.54811,47.4745],[-115.53754,47.47479],[-115.52909,47.47727],[-115.52146,47.48707],[-115.52626,47.49492],[-115.51927,47.49679],[-115.50874,47.49432],[-115.50057,47.48598],[-115.49138,47.47917],[-115.48994,47.47449],[-115.48449,47.47166],[-115.47107,47.46944],[-115.45625,47.4715],[-115.44854,47.46632],[-115.4293,47.47624],[-115.42572,47.47548],[-115.41208,47.47955],[-115.40168,47.4849],[-115.39456,47.48535],[-115.37938,47.48217],[-115.3647,47.4833],[-115.35439,47.48012],[-115.34269,47.47091],[-115.33621,47.47232],[-115.32404,47.47102],[-115.31648,47.47224],[-115.30598,47.47143],[-115.29681,47.48069],[-115.28218,47.48692],[-115.27429,47.4828],[-115.26161,47.48053],[-115.24906,47.48042],[-115.23498,47.47606],[-115.23477,47.47103],[-115.22542,47.4664],[-115.2128,47.46245],[-115.20392,47.4632],[-115.19385,47.46108],[-115.18445,47.45638],[-115.17484,47.45419],[-115.15739,47.44781],[-115.15412,47.45403],[-115.16146,47.45362],[-115.1708,47.4587],[-115.18395,47.46281],[-115.19608,47.46998],[-115.21263,47.47479],[-115.22236,47.48377],[-115.22561,47.49324],[-115.22542,47.49994],[-115.22937,47.5054],[-115.22804,47.50937],[-115.239,47.5156],[-115.24637,47.52588],[-115.24876,47.5331],[-115.25703,47.53758],[-115.26286,47.55943],[-115.26765,47.56754],[-115.2592,47.57327],[-115.2405,47.57587],[-115.2368,47.57929],[-115.23245,47.58888],[-115.2159,47.60531],[-115.19606,47.60936],[-115.18793,47.61629],[-115.18629,47.62446],[-115.17855,47.62737],[-115.17318,47.63181],[-115.17636,47.64202],[-115.1727,47.64613],[-115.17781,47.65353],[-115.19209,47.66045],[-115.19349,47.66676],[-115.18825,47.6762],[-115.19425,47.68276],[-115.20486,47.69011],[-115.20661,47.70369],[-115.2089,47.70791],[-115.22845,47.71113],[-115.24042,47.70588],[-115.25119,47.70382],[-115.26296,47.70394],[-115.26712,47.70588],[-115.27833,47.70645],[-115.28039,47.71157],[-115.27997,47.73093],[-115.28126,47.73927],[-115.28563,47.74819],[-115.29526,47.74934],[-115.28494,47.7601],[-115.28436,47.77011],[-115.28079,47.77304],[-115.27787,47.78517],[-115.28192,47.78708],[-115.27034,47.80252],[-115.25721,47.81462],[-115.2633,47.82295],[-115.26073,47.82964],[-115.26261,47.8349],[-115.25796,47.83895],[-115.25976,47.84765],[-115.25003,47.85543],[-115.25444,47.86289],[-115.25508,47.86922],[-115.25063,47.8729],[-115.25156,47.87692],[-115.25791,47.88209],[-115.27181,47.87743],[-115.28278,47.87692],[-115.28751,47.8841],[-115.28324,47.89083],[-115.29351,47.89835],[-115.30179,47.91247],[-115.31073,47.91439],[-115.31924,47.92157],[-115.32828,47.91747],[-115.34466,47.91565],[-115.34826,47.91228],[-115.3632,47.91166],[-115.3653,47.90816],[-115.38117,47.90419],[-115.39945,47.91244],[-115.40206,47.92144],[-115.39909,47.93165],[-115.39982,47.93612],[-115.42145,47.93377],[-115.42486,47.92825],[-115.42465,47.9142],[-115.42858,47.91099],[-115.4617,47.92033],[-115.47021,47.91322],[-115.48531,47.91638],[-115.49962,47.90918],[-115.5109,47.90968],[-115.51948,47.90775],[-115.5254,47.909],[-115.5282,47.91415],[-115.53885,47.91774],[-115.54653,47.92208],[-115.54774,47.93168],[-115.55634,47.93561],[-115.55814,47.94229],[-115.54877,47.95989],[-115.53975,47.9799],[-115.54119,47.9914],[-115.54486,47.9994],[-115.55363,48.01005],[-115.56483,48.01532],[-115.56825,48.02016],[-115.57435,48.01854],[-115.58443,48.02176],[-115.59181,48.03087],[-115.59643,48.03079],[-115.60142,48.03553],[-115.60156,48.04133],[-115.61161,48.04922],[-115.60831,48.0566],[-115.60928,48.06011],[-115.61828,48.06347],[-115.62706,48.07045],[-115.63704,48.07465],[-115.64019,48.08054],[-115.63551,48.08165],[-115.63223,48.08862],[-115.6384,48.09541],[-115.63772,48.10699],[-115.64,48.11411],[-115.64956,48.12419],[-115.64577,48.13414],[-115.65755,48.14232],[-115.65796,48.14734],[-115.66475,48.15325],[-115.66975,48.15478],[-115.67224,48.16063],[-115.67898,48.16567],[-115.69087,48.16501],[-115.69389,48.16698],[-115.69611,48.17747],[-115.69121,48.18103],[-115.68361,48.1936],[-115.67413,48.19445],[-115.67537,48.20088],[-115.67236,48.20639],[-115.68335,48.21601],[-115.68897,48.22304],[-115.69341,48.22457],[-115.69914,48.2336],[-115.69876,48.2385],[-115.70624,48.24227],[-115.70982,48.24843],[-115.71876,48.25255],[-115.7297,48.25439],[-115.73723,48.25872],[-115.73727,48.26327],[-115.74318,48.26215],[-115.75916,48.264],[-115.7714,48.25906],[-115.77858,48.25256],[-115.77707,48.25029],[-115.78252,48.23971],[-115.78869,48.23629],[-115.80017,48.22282],[-115.81321,48.22182],[-115.8148,48.21946],[-115.82871,48.21748],[-115.83154,48.21132],[-115.84471,48.21224],[-115.84883,48.20957],[-115.85599,48.21071],[-115.85798,48.20579],[-115.86675,48.20311],[-115.87254,48.20496],[-115.88308,48.20255],[-115.88849,48.19693],[-115.90095,48.19396],[-115.9085,48.18261],[-115.9214,48.18174],[-115.9369,48.18406],[-115.9417,48.17934],[-115.94178,48.17357],[-115.95346,48.15774],[-115.95725,48.14904],[-115.96964,48.15488],[-115.99398,48.15832],[-115.99941,48.15661],[-116.00924,48.15967],[-116.00954,48.16451],[-116.018,48.16954],[-116.01913,48.17576],[-116.01653,48.18038],[-116.02195,48.18646],[-116.01371,48.19421],[-116.01366,48.19864],[-116.01867,48.20284],[-116.01672,48.20622],[-116.04899,48.21613]]]},"properties":{"STATEFP":"30","COUNTYFP":"089","COUSUBFP":"93507","COUSUBNS":"01940726","GEOIDFQ":"0600000US3008993507","GEOID":"3008993507","NAME":"Thompson Falls-West End","NAMELSAD":"Thompson Falls-West End CCD","STUSPS":"MT","NAMELSADCO":"Sanders County","STATE_NAME":"Montana","LSAD":"22","ALAND":2973092122,"AWATER":47531237}},
{"type":"Feature","geometry":{"type":"Polygon","coordinates":[[[-108.67364,45.80263],[-108.67346,45.78403],[-108.61761,45.78413],[-108.61743,45.73306],[-108.61789,45.72607],[-108.5876,45.74072],[-108.55627,45.74071],[-108.5562,45.73225],[-108.54784,45.73132],[-108.54128,45.73472],[-108.52219,45.73824],[-108.51586,45.74439],[-108.49529,45.74806],[-108.48501,45.75308],[-108.47634,45.75972],[-108.47446,45.76368],[-108.47549,45.77312],[-108.48087,45.7804],[-108.47127,45.79293],[-108.45548,45.79448],[-108.43378,45.7938],[-108.42877,45.79668],[-108.41747,45.7929],[-108.41367,45.79548],[-108.41382,45.80591],[-108.404,45.81028],[-108.39745,45.81522],[-108.39089,45.8172],[-108.38901,45.82361],[-108.38343,45.82591],[-108.38445,45.83401],[-108.38307,45.84071],[-108.3954,45.84115],[-108.38599,45.85705],[-108.3953,45.84993],[-108.4069,45.8496],[-108.42127,45.84234],[-108.42808,45.84202],[-108.44482,45.85028],[-108.45782,45.8484],[-108.48615,45.84847],[-108.49065,45.84392],[-108.49711,45.84198],[-108.50734,45.84187],[-108.50714,45.81707],[-108.51196,45.8161],[-108.52521,45.81994],[-108.53389,45.8199],[-108.53635,45.81671],[-108.54592,45.81306],[-108.5591,45.81315],[-108.559,45.82386],[-108.56404,45.82747],[-108.57041,45.82683],[-108.56953,45.80946],[-108.57037,45.80217],[-108.57589,45.80175],[-108.5906,45.80431],[-108.60388,45.80272],[-108.62327,45.8041],[-108.63827,45.80322],[-108.65104,45.81003],[-108.65272,45.81463],[-108.6471,45.82055],[-108.6544,45.82555],[-108.6672,45.82658],[-108.67296,45.82122],[-108.68021,45.82236],[-108.68677,45.82029],[-108.67472,45.8105],[-108.67364,45.80263]]]},"properties":{"STATEFP":"30","COUNTYFP":"111","COUSUBFP":"90315","COUSUBNS":"01940572","GEOIDFQ":"0600000US3011190315","GEOID":"3011190315","NAME":"Billings","NAMELSAD":"Billings CCD","STUSPS":"MT","NAMELSADCO":"Yellowstone County","STATE_NAME":"Montana","LSAD":"22","ALAND":145012119,"AWATER":3407726}},
{"type":"Feature","geometry":{"type":"Polygon","coordinates":[[[-108.88445,45.66168],[-108.88443,45.65384],[-108.86384,45.65388],[-108.86371,45.63942],[-108.84314,45.63946],[-108.84302,45.61104],[-108.8356,45.61336],[-108.82808,45.61893],[-108.81711,45.62394],[-108.80846,45.62495],[-108.79779,45.63524],[-108.782,45.63864],[-108.76368,45.64633],[-108.76058,45.65355],[-108.75072,45.6558],[-108.74348,45.65418],[-108.7302,45.65743],[-108.72439,45.65147],[-108.71233,45.65057],[-108.7077,45.65203],[-108.70389,45.66449],[-108.67524,45.6754],[-108.66983,45.67609],[-108.66472,45.68291],[-108.66399,45.68754],[-108.65303,45.68561],[-108.64242,45.68828],[-108.63786,45.69615],[-108.625,45.69462],[-108.61914,45.69629],[-108.61942,45.7003],[-108.60963,45.70317],[-108.59974,45.7098],[-108.59556,45.7162],[-108.58833,45.72158],[-108.57433,45.72229],[-108.56078,45.73335],[-108.5562,45.73225],[-108.55627,45.74071],[-108.5876,45.74072],[-108.61789,45.72607],[-108.61743,45.73306],[-108.61761,45.78413],[-108.67346,45.78403],[-108.67364,45.80263],[-108.67982,45.79959],[-108.69306,45.79655],[-108.69562,45.78892],[-108.70086,45.78586],[-108.69508,45.78195],[-108.69955,45.77749],[-108.69751,45.76914],[-108.70361,45.76574],[-108.71553,45.76397],[-108.7259,45.76424],[-108.72993,45.76813],[-108.73788,45.76623],[-108.73913,45.77325],[-108.74591,45.77313],[-108.7523,45.76854],[-108.76301,45.76913],[-108.76825,45.767],[-108.78108,45.77208],[-108.77797,45.76491],[-108.77243,45.76221],[-108.76694,45.76423],[-108.75977,45.7607],[-108.74817,45.75977],[-108.74315,45.75583],[-108.73525,45.75549],[-108.73074,45.75188],[-108.7336,45.7445],[-108.7317,45.73517],[-108.73839,45.73582],[-108.74015,45.72725],[-108.73044,45.7226],[-108.73167,45.71863],[-108.74305,45.71269],[-108.75247,45.70423],[-108.75406,45.69911],[-108.76471,45.69659],[-108.7659,45.68934],[-108.77153,45.68989],[-108.77845,45.69514],[-108.78111,45.68934],[-108.78913,45.69251],[-108.79736,45.6902],[-108.81096,45.68418],[-108.82159,45.68523],[-108.82515,45.6828],[-108.83667,45.68634],[-108.84832,45.68663],[-108.8593,45.67888],[-108.87303,45.67334],[-108.87986,45.66397],[-108.88445,45.66168]]]},"properties":{"STATEFP":"30","COUNTYFP":"111","COUSUBFP":"91995","COUSUBNS":"01940656","GEOIDFQ":"0600000US3011191995","GEOID":"3011191995","NAME":"Laurel","NAMELSAD":"Laurel CCD","STUSPS":"MT","NAMELSADCO":"Yellowstone County","STATE_NAME":"Montana","LSAD":"22","ALAND":181151890,"AWATER":4121749}},
{"type":"Feature","geometry":{"type":"Polygon","coordinates":[[[-108.45782,45.8484],[-108.44482,45.85028],[-108.42808,45.84202],[-108.42127,45.84234],[-108.4069,45.8496],[-108.3953,45.84993],[-108.38599,45.85705],[-108.38355,45.86032],[-108.35188,45.87355],[-108.33431,45.87987],[-108.32467,45.88221],[-108.31708,45.88823],[-108.31523,45.8972],[-108.31976,45.9027],[-108.32002,45.90807],[-108.31448,45.9154],[-108.31669,45.92254],[-108.29432,45.93913],[-108.29663,45.94468],[-108.28669,45.95296],[-108.2744,45.95421],[-108.26805,45.9622],[-108.26024,45.96672],[-108.24977,45.96963],[-108.23505,45.97879],[-108.24028,45.97633],[-108.24648,45.98036],[-108.24919,45.98569],[-108.25383,45.98739],[-108.26531,45.98243],[-108.27919,45.98019],[-108.29348,45.97949],[-108.30145,45.97742],[-108.30727,45.97911],[-108.30903,45.98314],[-108.32257,45.98822],[-108.33146,45.98997],[-108.33986,45.99359],[-108.34888,46.00281],[-108.35829,46.00498],[-108.36687,46.01257],[-108.37011,46.01102],[-108.36718,46.00473],[-108.36366,45.98923],[-108.35468,45.98561],[-108.3544,45.98176],[-108.36123,45.97735],[-108.36819,45.97761],[-108.39272,45.98878],[-108.40306,45.99107],[-108.42173,45.99099],[-108.42617,45.9861],[-108.42515,45.98304],[-108.42974,45.97746],[-108.41704,45.9744],[-108.39823,45.96163],[-108.4126,45.95878],[-108.4203,45.94904],[-108.42785,45.94665],[-108.41787,45.93793],[-108.40201,45.93094],[-108.41818,45.92522],[-108.42507,45.92728],[-108.42714,45.92316],[-108.43708,45.92113],[-108.42876,45.91549],[-108.42674,45.9074],[-108.42,45.89736],[-108.42611,45.89591],[-108.42376,45.88976],[-108.43548,45.86409],[-108.45782,45.8484]]]},"properties":{"STATEFP":"30","COUNTYFP":"111","COUSUBFP":"93024","COUSUBNS":"01940704","GEOIDFQ":"0600000US3011193024","GEOID":"3011193024","NAME":"Shepherd","NAMELSAD":"Shepherd CCD","STUSPS":"MT","NAMELSADCO":"Yellowstone County","STATE_NAME":"Montana","LSAD":"22","ALAND":135335688,"AWATER":2091872}},
{"type":"Feature","geometry":{"type":"Polygon","coordinates":[[[-114.24174,48.22126],[-114.25092,48.21827],[-114.25577,48.21148],[-114.26623,48.20483],[-114.2679,48.19869],[-114.26477,48.1909],[-114.26958,48.1871],[-114.27008,48.17789],[-114.26463,48.16823],[-114.25221,48.16422],[-114.24806,48.15894],[-114.25248,48.15377],[-114.25976,48.15373],[-114.25956,48.14822],[-114.24628,48.14832],[-114.22626,48.15594],[-114.2147,48.15868],[-114.21633,48.16836],[-114.19865,48.1646],[-114.19619,48.15676],[-114.18897,48.15286],[-114.18168,48.15285],[-114.17053,48.15758],[-114.17223,48.16632],[-114.16496,48.16554],[-114.16352,48.15394],[-114.15275,48.16263],[-114.14288,48.16186],[-114.14002,48.15489],[-114.14573,48.14822],[-114.14766,48.14151],[-114.14798,48.12988],[-114.14622,48.12496],[-114.14017,48.12083],[-114.1215,48.11509],[-114.12177,48.10566],[-114.11451,48.10392],[-114.11532,48.09402],[-114.11154,48.08637],[-114.11909,48.07888],[-114.12326,48.06795],[-114.13201,48.05417],[-114.11827,48.03672],[-114.11008,47.96254],[-114.03854,47.96255],[-114.04274,47.97151],[-114.03898,47.98237],[-114.03899,47.98754],[-114.04414,47.9966],[-114.05269,48.00066],[-114.06211,47.99395],[-114.06852,48.00737],[-114.07387,48.01408],[-114.07828,48.02315],[-114.05024,48.02299],[-114.0499,48.03734],[-114.02833,48.03734],[-114.02904,48.05165],[-113.94236,48.0516],[-113.88454,48.0519],[-113.88614,48.04771],[-113.87712,48.04164],[-113.87234,48.04284],[-113.87657,48.04648],[-113.87822,48.05719],[-113.88725,48.06551],[-113.88723,48.06911],[-113.87668,48.08454],[-113.8737,48.09537],[-113.88391,48.10582],[-113.8925,48.11117],[-113.89773,48.12012],[-113.90254,48.12111],[-113.90945,48.12913],[-113.91484,48.13237],[-113.90976,48.13563],[-113.93855,48.15117],[-113.94601,48.15911],[-113.94253,48.16617],[-113.94388,48.1747],[-113.93801,48.17775],[-113.93732,48.18223],[-113.94395,48.18598],[-113.96234,48.20242],[-113.97103,48.2022],[-113.97568,48.20636],[-113.98316,48.20889],[-113.98429,48.21241],[-113.9915,48.2137],[-113.99815,48.21757],[-114.00198,48.2294],[-114.01344,48.23267],[-114.02129,48.23308],[-114.02259,48.22412],[-114.02091,48.21662],[-114.03229,48.21051],[-114.04564,48.2066],[-114.05478,48.20195],[-114.07241,48.19896],[-114.08021,48.21639],[-114.0862,48.22547],[-114.18979,48.22573],[-114.20549,48.21941],[-114.21485,48.21755],[-114.23321,48.21777],[-114.24174,48.22126]]]},"properties":{"STATEFP":"30","COUNTYFP":"029","COUSUBFP":"90735","COUSUBNS":"01940592","GEOIDFQ":"0600000US3002990735","GEOID":"3002990735","NAME":"Creston-Bigfork","NAMELSAD":"Creston-Bigfork CCD","STUSPS":"MT","NAMELSADCO":"Flathead County","STATE_NAME":"Montana","LSAD":"22","ALAND":352370377,"AWATER":60417304}},
{"type":"Feature","geometry":{"type":"Polygon","coordinates":[[[-114.84856,48.35902],[-114.8481,48.22613],[-114.98694,48.22612],[-114.99697,48.21673],[-114.98864,48.19174],[-114.98671,48.18235],[-114.98068,48.17793],[-114.95223,48.17811],[-114.94751,48.18143],[-114.936,48.18419],[-114.92761,48.18352],[-114.9201,48.18567],[-114.8947,48.18201],[-114.88559,48.18314],[-114.86409,48.17677],[-114.85426,48.18033],[-114.84184,48.17783],[-114.83427,48.17843],[-114.82613,48.18409],[-114.81953,48.18338],[-114.81157,48.18679],[-114.79942,48.187],[-114.80467,48.18019],[-114.79534,48.17523],[-114.78761,48.1763],[-114.76615,48.17341],[-114.76238,48.16919],[-114.7501,48.1631],[-114.74561,48.16475],[-114.7299,48.16322],[-114.72093,48.1549],[-114.71514,48.1419],[-114.70506,48.13011],[-114.70355,48.12205],[-114.6961,48.11577],[-114.68934,48.11253],[-114.6531,48.10252],[-114.6481,48.09893],[-114.63514,48.10274],[-114.61983,48.11383],[-114.60346,48.11464],[-114.59913,48.11358],[-114.58687,48.10454],[-114.55373,48.098],[-114.53024,48.09074],[-114.51661,48.09267],[-114.50517,48.09269],[-114.49166,48.09638],[-114.47436,48.10549],[-114.46229,48.11895],[-114.4601,48.13298],[-114.45826,48.13633],[-114.44089,48.15165],[-114.43339,48.16216],[-114.41958,48.17772],[-114.40994,48.18366],[-114.39547,48.18908],[-114.39477,48.22577],[-114.41023,48.22576],[-114.41717,48.23248],[-114.41733,48.32457],[-114.41513,48.32736],[-114.40641,48.32734],[-114.39554,48.31685],[-114.38919,48.31984],[-114.3977,48.32467],[-114.39665,48.32731],[-114.40411,48.3326],[-114.40599,48.33887],[-114.40369,48.34397],[-114.4058,48.34802],[-114.41578,48.35644],[-114.41442,48.35995],[-114.42244,48.36822],[-114.42092,48.37592],[-114.43102,48.38229],[-114.43473,48.38896],[-114.44604,48.38381],[-114.45671,48.3927],[-114.45976,48.3972],[-114.46062,48.40467],[-114.46654,48.40579],[-114.46754,48.41143],[-114.47454,48.4189],[-114.47132,48.42294],[-114.48112,48.42741],[-114.48719,48.43538],[-114.48445,48.4375],[-114.48997,48.44623],[-114.48431,48.4518],[-114.50413,48.47404],[-114.51178,48.46249],[-114.50656,48.45189],[-114.52006,48.45412],[-114.52865,48.45196],[-114.53786,48.45652],[-114.55638,48.45602],[-114.57096,48.45005],[-114.57303,48.44303],[-114.57145,48.43445],[-114.5642,48.42099],[-114.58659,48.41503],[-114.59487,48.41746],[-114.59711,48.42276],[-114.60434,48.42156],[-114.61523,48.42437],[-114.63473,48.41914],[-114.64347,48.42023],[-114.65026,48.407],[-114.65124,48.40156],[-114.66238,48.39475],[-114.66566,48.38989],[-114.67446,48.38593],[-114.67478,48.37692],[-114.67854,48.37406],[-114.68925,48.37686],[-114.69893,48.38162],[-114.7004,48.38456],[-114.71548,48.38177],[-114.72614,48.38429],[-114.73519,48.38466],[-114.74901,48.3822],[-114.76335,48.37778],[-114.7753,48.3791],[-114.78496,48.37706],[-114.80603,48.37806],[-114.80856,48.37378],[-114.8373,48.36639],[-114.84856,48.35902]]]},"properties":{"STATEFP":"30","COUNTYFP":"029","COUSUBFP":"91911","COUSUBNS":"01940652","GEOIDFQ":"0600000US3002991911","GEOID":"3002991911","NAME":"Kalispell Northwest","NAMELSAD":"Kalispell Northwest CCD","STUSPS":"MT","NAMELSADCO":"Flathead County","STATE_NAME":"Montana","LSAD":"22","ALAND":1020144778,"AWATER":19400696}},
{"type":"Feature","geometry":{"type":"Polygon","coordinates":[[[-106.08646,46.84588],[-106.08658,46.86029],[-106.08651,47.10413],[-106.08678,47.18094],[-106.17042,47.18083],[-106.17067,47.3545],[-106.29816,47.3543],[-106.29806,47.49893],[-106.30579,47.50005],[-106.31448,47.50428],[-106.31904,47.49849],[-106.31131,47.49216],[-106.31475,47.48577],[-106.32749,47.47701],[-106.33076,47.472],[-106.32158,47.46917],[-106.31839,47.46127],[-106.34079,47.45752],[-106.34331,47.45135],[-106.34956,47.44713],[-106.3572,47.43172],[-106.34937,47.42432],[-106.36506,47.42154],[-106.35649,47.41481],[-106.34802,47.41529],[-106.34628,47.41094],[-106.36028,47.40582],[-106.36416,47.40119],[-106.35993,47.39342],[-106.34696,47.39578],[-106.34946,47.38563],[-106.34193,47.37707],[-106.34287,47.37219],[-106.35189,47.36382],[-106.34734,47.35685],[-106.35529,47.35526],[-106.35281,47.35058],[-106.36208,47.3485],[-106.36617,47.3505],[-106.39504,47.35529],[-106.40139,47.36024],[-106.41093,47.35891],[-106.41713,47.36035],[-106.42083,47.357],[-106.42048,47.35148],[-106.42903,47.35401],[-106.43606,47.35362],[-106.44052,47.34913],[-106.44786,47.35325],[-106.45927,47.35159],[-106.46868,47.35357],[-106.47449,47.36016],[-106.48069,47.36058],[-106.47901,47.3522],[-106.48534,47.35151],[-106.50154,47.35725],[-106.51482,47.35275],[-106.51492,47.3582],[-106.5343,47.3582],[-106.54362,47.35085],[-106.54811,47.35827],[-106.55773,47.35778],[-106.57101,47.35982],[-106.58002,47.36258],[-106.58738,47.35614],[-106.59634,47.35799],[-106.59927,47.3524],[-106.60809,47.34262],[-106.61496,47.34398],[-106.62452,47.33914],[-106.62912,47.33316],[-106.62597,47.32669],[-106.66371,47.32755],[-106.68111,47.32715],[-106.68032,47.32215],[-106.69754,47.31788],[-106.71967,47.31935],[-106.72218,47.32066],[-106.73372,47.31725],[-106.73861,47.30424],[-106.75181,47.30392],[-106.75818,47.29898],[-106.75813,47.29425],[-106.77131,47.28148],[-106.77619,47.28],[-106.7756,47.27328],[-106.78188,47.26826],[-106.78856,47.27204],[-106.79449,47.26658],[-106.80637,47.26267],[-106.80999,47.26567],[-106.82156,47.25864],[-106.82782,47.25834],[-106.8372,47.25472],[-106.84899,47.2527],[-106.86062,47.25888],[-106.8655,47.25723],[-106.8691,47.25164],[-106.8756,47.25234],[-106.88209,47.24502],[-106.88926,47.24565],[-106.88813,47.24017],[-106.89818,47.2423],[-106.91357,47.23434],[-106.9192,47.23493],[-106.93593,47.23193],[-106.93985,47.22391],[-106.94984,47.22768],[-106.94957,47.22189],[-106.96129,47.2195],[-106.97302,47.21265],[-106.97152,47.2102],[-106.98718,47.20438],[-106.98814,47.20008],[-106.99503,47.19142],[-107.00185,47.18615],[-106.9974,47.18248],[-107.00852,47.17743],[-107.01685,47.1875],[-107.02697,47.18667],[-107.03565,47.18999],[-107.03762,47.193],[-107.04999,47.19661],[-107.04633,47.203],[-107.0414,47.20593],[-107.04221,47.21393],[-107.04089,47.2262],[-107.04142,47.24356],[-107.04554,47.25087],[-107.04138,47.25679],[-107.04339,47.26618],[-107.0427,47.27744],[-107.06355,47.27046],[-107.09285,47.26381],[-107.1277,47.25304],[-107.1608,47.22857],[-107.19948,47.20649],[-107.21223,47.19662],[-107.22806,47.1881],[-107.2716,47.16939],[-107.31099,47.15405],[-107.32896,47.14268],[-107.34708,47.13501],[-107.35138,47.13423],[-107.37769,47.13359],[-107.424,47.12228],[-107.45601,47.11043],[-107.52356,47.08827],[-107.53072,47.08647],[-107.56486,47.08035],[-107.57385,47.07707],[-107.58655,47.06957],[-107.5938,47.0613],[-107.59889,47.05876],[-107.62313,47.05069],[-107.63444,47.04837],[-107.66542,47.04392],[-107.67628,47.04027],[-107.7104,47.02645],[-107.73338,47.02094],[-107.79627,46.99874],[-107.82448,46.99314],[-107.83577,46.98748],[-107.8467,46.987],[-107.88485,46.99403],[-107.8888,46.99425],[-107.88458,46.98466],[-107.90669,46.97317],[-107.90893,46.96861],[-107.90453,46.96245],[-107.91103,46.96082],[-107.90627,46.95336],[-107.91184,46.95172],[-107.91629,46.94635],[-107.91592,46.94158],[-107.91955,46.93708],[-107.92838,46.93364],[-107.92886,46.92761],[-107.91722,46.92093],[-107.92299,46.91672],[-107.93403,46.91728],[-107.9346,46.91409],[-107.92854,46.90833],[-107.93421,46.90483],[-107.93119,46.89735],[-107.94082,46.89474],[-107.93665,46.88739],[-107.94133,46.88316],[-107.93928,46.87624],[-107.93472,46.87364],[-107.92611,46.87797],[-107.91648,46.87555],[-107.92053,46.86853],[-107.90823,46.86489],[-107.90056,46.86572],[-107.90722,46.8572],[-107.90146,46.8525],[-107.89223,46.85122],[-107.86902,46.85101],[-107.71958,46.8513],[-107.46777,46.85116],[-107.46775,46.85925],[-107.35451,46.85908],[-107.12192,46.85921],[-107.03377,46.85922],[-106.72016,46.8596],[-106.72024,46.84518],[-106.50036,46.84559],[-106.49562,46.84548],[-106.08646,46.84588]]]},"properties":{"STATEFP":"30","COUNTYFP":"033","COUSUBFP":"93192","COUSUBNS":"01940712","GEOIDFQ":"0600000US3003393192","GEOID":"3003393192","NAME":"South Garfield","NAMELSAD":"South Garfield CCD","STUSPS":"MT","NAMELSADCO":"Garfield County","STATE_NAME":"Montana","LSAD":"22","ALAND":5547403373,"AWATER":5087277}},
{"type":"Feature","geometry":{"type":"Polygon","coordinates":[[[-110.91863,45.35128],[-111.03817,45.35139],[-111.03823,45.26587],[-111.02998,45.26998],[-111.01322,45.27238],[-111.01104,45.27453],[-110.98185,45.28207],[-110.9657,45.28984],[-110.96067,45.29417],[-110.94641,45.30188],[-110.93094,45.30747],[-110.9175,45.30773],[-110.90722,45.30943],[-110.89828,45.30839],[-110.89072,45.31032],[-110.86586,45.30545],[-110.86251,45.30711],[-110.85165,45.30677],[-110.82993,45.30052],[-110.82082,45.30303],[-110.81649,45.31091],[-110.80754,45.3149],[-110.79081,45.31635],[-110.77366,45.32296],[-110.76232,45.31487],[-110.76226,45.30282],[-110.76703,45.29205],[-110.76633,45.28591],[-110.77168,45.27391],[-110.77648,45.26964],[-110.77391,45.26221],[-110.76275,45.24939],[-110.75334,45.24373],[-110.74888,45.23782],[-110.74232,45.23425],[-110.74162,45.22307],[-110.73674,45.21705],[-110.7286,45.21312],[-110.71109,45.20853],[-110.70158,45.20941],[-110.68779,45.20388],[-110.67894,45.2021],[-110.6749,45.19474],[-110.66656,45.18619],[-110.66518,45.17958],[-110.64352,45.16297],[-110.63471,45.16184],[-110.61351,45.16528],[-110.60638,45.16867],[-110.59874,45.16527],[-110.59146,45.16506],[-110.58357,45.1684],[-110.57116,45.16785],[-110.57178,45.16355],[-110.56494,45.161],[-110.55762,45.14483],[-110.55234,45.1405],[-110.54178,45.14412],[-110.5372,45.14879],[-110.53481,45.15705],[-110.53711,45.16871],[-110.53579,45.1711],[-110.523,45.16943],[-110.51711,45.17058],[-110.49613,45.16947],[-110.49323,45.17441],[-110.49345,45.18236],[-110.48891,45.18798],[-110.47475,45.19011],[-110.46435,45.19749],[-110.45472,45.19768],[-110.44728,45.20625],[-110.42952,45.20884],[-110.42651,45.21212],[-110.41472,45.21249],[-110.40592,45.2154],[-110.39041,45.21782],[-110.38587,45.23474],[-110.38133,45.23842],[-110.37122,45.24043],[-110.37095,45.25298],[-110.36447,45.25534],[-110.35107,45.25384],[-110.34053,45.24427],[-110.34253,45.23249],[-110.3331,45.23133],[-110.32707,45.2267],[-110.31086,45.2207],[-110.30549,45.20825],[-110.29797,45.2055],[-110.28601,45.20409],[-110.28278,45.19555],[-110.2725,45.18511],[-110.27061,45.17952],[-110.26515,45.17731],[-110.25075,45.1799],[-110.23894,45.17132],[-110.23533,45.16534],[-110.22804,45.16314],[-110.21728,45.16598],[-110.2134,45.1721],[-110.22805,45.17213],[-110.22824,45.34876],[-110.21941,45.3488],[-110.21951,45.51988],[-110.21815,45.52357],[-110.2185,45.62348],[-110.21828,45.66959],[-110.22027,45.6904],[-110.22086,45.71144],[-110.22025,45.74746],[-110.23151,45.74481],[-110.23669,45.74001],[-110.24104,45.72721],[-110.25252,45.72529],[-110.26022,45.72226],[-110.26791,45.71393],[-110.26269,45.70289],[-110.26754,45.6969],[-110.27985,45.69478],[-110.28907,45.69758],[-110.29526,45.69622],[-110.31024,45.69864],[-110.3186,45.70343],[-110.32557,45.70345],[-110.34355,45.70912],[-110.3618,45.71141],[-110.37372,45.71047],[-110.37758,45.71198],[-110.38622,45.72051],[-110.3972,45.72063],[-110.40446,45.72872],[-110.41204,45.72845],[-110.41916,45.72524],[-110.43405,45.72783],[-110.44089,45.72781],[-110.45942,45.72226],[-110.46833,45.71766],[-110.47617,45.72022],[-110.4957,45.71172],[-110.4981,45.70413],[-110.5078,45.70244],[-110.51656,45.69727],[-110.52191,45.70285],[-110.52922,45.70301],[-110.5441,45.70986],[-110.55194,45.71534],[-110.5546,45.72306],[-110.56148,45.72568],[-110.57056,45.72478],[-110.57825,45.72615],[-110.58889,45.73365],[-110.59373,45.73516],[-110.61591,45.73424],[-110.63193,45.73774],[-110.64207,45.74189],[-110.65499,45.74229],[-110.67297,45.73984],[-110.67521,45.73832],[-110.68801,45.7382],[-110.69287,45.73553],[-110.70142,45.7395],[-110.70915,45.73863],[-110.71439,45.74219],[-110.71422,45.72881],[-110.73486,45.7285],[-110.7349,45.71414],[-110.75492,45.71414],[-110.755,45.69939],[-110.79526,45.69924],[-110.79588,45.68569],[-110.79468,45.61341],[-110.79477,45.59068],[-110.81573,45.59016],[-110.85738,45.59065],[-110.85825,45.52488],[-110.91922,45.52486],[-110.91906,45.45658],[-110.9175,45.43864],[-110.9179,45.35127],[-110.91863,45.35128]]]},"properties":{"STATEFP":"30","COUNTYFP":"067","COUSUBFP":"92131","COUSUBNS":"01940733","GEOIDFQ":"0600000US3006792131","GEOID":"3006792131","NAME":"Livingston","NAMELSAD":"Livingston CCD","STUSPS":"MT","NAMELSADCO":"Park County","STATE_NAME":"Montana","LSAD":"22","ALAND":2907627388,"AWATER":9897684}},
{"type":"Feature","geometry":{"type":"Polygon","coordinates":[[[-113.0592,47.4886],[-113.05905,47.17957],[-113.04942,47.17713],[-112.79581,47.177],[-112.79609,46.96253],[-112.79564,46.83167],[-112.72438,46.83157],[-112.66825,46.83161],[-112.66824,46.83415],[-112.53575,46.83423],[-112.5356,46.69948],[-112.41085,46.69951],[-112.41064,46.65601],[-112.32087,46.65593],[-112.32007,46.65466],[-112.31013,46.655],[-112.30998,46.65138],[-112.28782,46.64243],[-112.27938,46.64515],[-112.2721,46.64519],[-112.2589,46.64123],[-112.24823,46.64045],[-112.22897,46.64247],[-112.20763,46.64855],[-112.19219,46.65831],[-112.17082,46.66394],[-112.15156,46.66606],[-112.15865,46.67132],[-112.16822,46.68272],[-112.17604,46.69385],[-112.17701,46.69846],[-112.1708,46.70131],[-112.17069,46.70693],[-112.15225,46.71617],[-112.14224,46.7161],[-112.13648,46.71954],[-112.12509,46.71249],[-112.1174,46.70997],[-112.10584,46.70347],[-112.08372,46.70708],[-112.06372,46.70422],[-112.01176,46.70443],[-112.01202,46.71664],[-112.0174,46.73346],[-112.0137,46.75024],[-112.01593,46.75655],[-112.03073,46.76607],[-112.03495,46.77834],[-112.03484,46.78344],[-112.02903,46.79135],[-112.00686,46.80546],[-112.00036,46.81558],[-112.00599,46.83188],[-112.01415,46.84259],[-112.03704,46.862],[-112.04937,46.86817],[-112.09005,46.87817],[-112.11674,46.89195],[-112.12301,46.90279],[-112.11512,46.91106],[-112.12378,46.92363],[-112.12533,46.93013],[-112.13089,46.94077],[-112.14484,46.94756],[-112.16211,46.95921],[-112.17683,46.96633],[-112.19284,46.9682],[-112.21288,46.973],[-112.22265,46.98002],[-112.22753,46.97985],[-112.23297,46.98621],[-112.2637,47.00289],[-112.27397,47.01017],[-112.29844,47.01868],[-112.30341,47.01669],[-112.31172,47.01818],[-112.31695,47.02389],[-112.31686,47.03279],[-112.31295,47.03834],[-112.31882,47.04225],[-112.32472,47.05279],[-112.32572,47.06028],[-112.34514,47.06667],[-112.35478,47.07942],[-112.36501,47.08044],[-112.37065,47.07662],[-112.37919,47.07966],[-112.37879,47.08557],[-112.38178,47.09013],[-112.38778,47.09123],[-112.39138,47.0988],[-112.40117,47.10499],[-112.41087,47.10547],[-112.41806,47.1081],[-112.42154,47.12564],[-112.43048,47.13298],[-112.42789,47.14464],[-112.43009,47.15339],[-112.44231,47.16288],[-112.46557,47.16403],[-112.47486,47.16795],[-112.47775,47.17446],[-112.48952,47.17391],[-112.49457,47.17174],[-112.50563,47.17111],[-112.52333,47.17372],[-112.53082,47.17236],[-112.54458,47.16667],[-112.55209,47.16875],[-112.55833,47.17336],[-112.56763,47.17668],[-112.57295,47.18725],[-112.57911,47.19015],[-112.58808,47.19089],[-112.59701,47.19364],[-112.59529,47.20022],[-112.60087,47.20863],[-112.59863,47.22103],[-112.60057,47.22793],[-112.60531,47.22908],[-112.61297,47.22302],[-112.63138,47.22425],[-112.63243,47.22684],[-112.64314,47.23267],[-112.64592,47.23692],[-112.65451,47.23347],[-112.66652,47.23577],[-112.67235,47.22952],[-112.6907,47.23454],[-112.7143,47.23783],[-112.72312,47.23655],[-112.73993,47.23813],[-112.74671,47.24648],[-112.73836,47.25241],[-112.72824,47.26342],[-112.72949,47.27098],[-112.72436,47.28229],[-112.73417,47.28866],[-112.74119,47.28742],[-112.76354,47.28848],[-112.77956,47.29316],[-112.7902,47.29041],[-112.79866,47.2903],[-112.80485,47.29259],[-112.80931,47.30011],[-112.82573,47.30238],[-112.83042,47.31043],[-112.83868,47.31153],[-112.8548,47.3098],[-112.85931,47.30799],[-112.86783,47.31063],[-112.87105,47.31837],[-112.88385,47.32716],[-112.89891,47.32678],[-112.90236,47.33236],[-112.91307,47.33916],[-112.92297,47.33833],[-112.9279,47.34003],[-112.9337,47.34584],[-112.92819,47.35282],[-112.92592,47.36069],[-112.9192,47.37012],[-112.92109,47.37691],[-112.91924,47.38094],[-112.92445,47.38746],[-112.93674,47.3884],[-112.94626,47.39456],[-112.94621,47.40388],[-112.96124,47.4126],[-112.96377,47.41762],[-112.97686,47.42022],[-112.97985,47.42236],[-112.98089,47.42986],[-112.99073,47.43954],[-112.99509,47.44192],[-112.99164,47.44863],[-113.00275,47.45677],[-112.99974,47.46195],[-113.00398,47.4651],[-113.01341,47.46611],[-113.01176,47.47622],[-113.02013,47.48896],[-113.03083,47.4935],[-113.04076,47.491],[-113.0592,47.4886]]]},"properties":{"STATEFP":"30","COUNTYFP":"049","COUSUBFP":"92100","COUSUBNS":"01940661","GEOIDFQ":"0600000US3004992100","GEOID":"3004992100","NAME":"Lincoln","NAMELSAD":"Lincoln CCD","STUSPS":"MT","NAMELSADCO":"Lewis and Clark County","STATE_NAME":"Montana","LSAD":"22","ALAND":2827495379,"AWATER":4835809}},
{"type":"Feature","geometry":{"type":"Polygon","coordinates":[[[-108.45829,46.13291],[-108.4579,46.14679],[-108.45511,46.15565],[-108.45444,46.18328],[-108.45114,46.19881],[-108.44543,46.20532],[-108.43013,46.21029],[-108.42417,46.22209],[-108.42359,46.23276],[-108.4277,46.24633],[-108.43212,46.25611],[-108.41986,46.26724],[-108.40681,46.27159],[-108.40474,46.27826],[-108.39916,46.28657],[-108.38599,46.28734],[-108.37164,46.28281],[-108.35738,46.2846],[-108.34824,46.29522],[-108.34704,46.30188],[-108.34148,46.30336],[-108.32721,46.31479],[-108.32039,46.3176],[-108.30891,46.31901],[-108.30177,46.32519],[-108.29167,46.33734],[-108.28971,46.34651],[-108.27549,46.35108],[-108.27479,46.35691],[-108.26471,46.36087],[-108.25622,46.37812],[-108.25567,46.39011],[-108.24174,46.40122],[-108.24703,46.40462],[-108.24415,46.41413],[-108.25243,46.42366],[-108.24309,46.43935],[-108.24612,46.45266],[-108.2415,46.45753],[-108.23589,46.47176],[-108.22646,46.47708],[-108.23231,46.49714],[-108.23219,46.50249],[-108.21713,46.50498],[-108.2159,46.50856],[-108.23075,46.51164],[-108.23711,46.50414],[-108.24445,46.51073],[-108.25423,46.50663],[-108.25622,46.50175],[-108.27078,46.49744],[-108.27787,46.49774],[-108.29299,46.48739],[-108.30468,46.4826],[-108.32325,46.47771],[-108.32624,46.47993],[-108.35095,46.47348],[-108.36297,46.4726],[-108.3672,46.47438],[-108.37389,46.46997],[-108.37676,46.47412],[-108.38569,46.47037],[-108.38957,46.4753],[-108.39666,46.46908],[-108.40389,46.47477],[-108.41103,46.47188],[-108.41658,46.47509],[-108.42882,46.47208],[-108.43226,46.46659],[-108.44138,46.46184],[-108.45204,46.46013],[-108.4534,46.46606],[-108.4608,46.46189],[-108.46513,46.46331],[-108.47313,46.4595],[-108.47415,46.45398],[-108.48213,46.45467],[-108.49136,46.45321],[-108.49876,46.44942],[-108.50166,46.44512],[-108.50841,46.4472],[-108.52178,46.44668],[-108.53055,46.44383],[-108.53676,46.43953],[-108.54727,46.43733],[-108.55071,46.44031],[-108.56366,46.43002],[-108.58285,46.42539],[-108.58771,46.42116],[-108.59558,46.40496],[-108.60333,46.39812],[-108.60449,46.3939],[-108.61615,46.38305],[-108.62175,46.38013],[-108.62503,46.37436],[-108.63507,46.36965],[-108.64108,46.36173],[-108.66148,46.35556],[-108.66726,46.35623],[-108.68314,46.34312],[-108.68358,46.33982],[-108.69105,46.33563],[-108.69806,46.32319],[-108.69606,46.32026],[-108.70763,46.31797],[-108.72142,46.31744],[-108.72821,46.31886],[-108.74363,46.31759],[-108.75145,46.31496],[-108.76689,46.30262],[-108.77993,46.30165],[-108.78958,46.28984],[-108.78782,46.2826],[-108.79538,46.27741],[-108.77927,46.2774],[-108.7785,46.24817],[-108.77917,46.21931],[-108.77973,46.13246],[-108.55048,46.13257],[-108.45829,46.13291]]]},"properties":{"STATEFP":"30","COUNTYFP":"065","COUSUBFP":"91953","COUSUBNS":"01940654","GEOIDFQ":"0600000US3006591953","GEOID":"3006591953","NAME":"Klein","NAMELSAD":"Klein CCD","STUSPS":"MT","NAMELSADCO":"Musselshell County","STATE_NAME":"Montana","LSAD":"22","ALAND":1033026499,"AWATER":71023}},
{"type":"Feature","geometry":{"type":"Polygon","coordinates":[[[-114.46715,46.10418],[-114.46047,46.09779],[-114.45975,46.09342],[-114.46246,46.07841],[-114.47128,46.07712],[-114.47139,46.06865],[-114.46707,46.06553],[-114.46944,46.06183],[-114.48125,46.05531],[-114.49347,46.0524],[-114.49832,46.04202],[-114.50623,46.03892],[-114.50742,46.03186],[-114.5001,46.02849],[-114.48931,46.02787],[-114.4805,46.03042],[-114.47381,46.01661],[-114.47347,46.01306],[-114.48407,46.00821],[-114.48778,46.00365],[-114.48505,45.99687],[-114.47999,45.9929],[-114.4741,45.99225],[-114.46427,45.99752],[-114.4575,45.99737],[-114.4547,45.99223],[-114.44762,45.98735],[-114.42942,45.98661],[-114.41175,45.97787],[-114.41017,45.97223],[-114.40224,45.96388],[-114.40252,45.95794],[-114.41343,45.94981],[-114.42487,45.94359],[-114.4314,45.93604],[-114.41485,45.92177],[-114.41616,45.91871],[-114.41317,45.91148],[-114.40431,45.9035],[-114.39536,45.90098],[-114.38633,45.91021],[-114.38725,45.91446],[-114.38155,45.92192],[-114.36853,45.92465],[-114.36288,45.92733],[-114.35765,45.93458],[-114.34941,45.93948],[-114.34552,45.94464],[-114.34048,45.94501],[-114.33517,45.94058],[-114.3231,45.94311],[-114.32097,45.94786],[-114.30515,45.95435],[-114.25593,45.9535],[-114.23655,45.95411],[-114.22416,45.95155],[-114.21104,45.95611],[-114.19202,45.95365],[-114.1681,45.95809],[-114.1536,45.96328],[-114.1442,45.97058],[-114.13931,45.96679],[-114.13218,45.96826],[-114.1252,45.96505],[-114.1144,45.96824],[-114.10387,45.96658],[-114.09828,45.97102],[-114.07355,45.97612],[-114.06496,45.97412],[-114.05133,45.97745],[-114.04377,45.97689],[-114.02984,45.97971],[-114.01973,45.97658],[-114.0156,45.96973],[-114.00351,45.96358],[-113.99062,45.96409],[-113.98398,45.97021],[-113.96858,45.97837],[-113.95848,45.98937],[-113.95064,45.99254],[-113.93469,45.99298],[-113.91528,45.98958],[-113.90528,45.98144],[-113.89322,45.98551],[-113.88184,45.9924],[-113.89203,45.99505],[-113.89691,46.00146],[-113.89018,46.01164],[-113.89214,46.01694],[-113.89906,46.01528],[-113.90171,46.01934],[-113.9169,46.01537],[-113.92178,46.02054],[-113.92365,46.02762],[-113.93015,46.02801],[-113.93812,46.03356],[-113.94546,46.02703],[-113.94546,46.02234],[-113.95228,46.02175],[-113.96124,46.01121],[-113.96933,46.00436],[-113.97234,45.99875],[-113.97949,45.99498],[-113.98417,45.99919],[-113.99189,45.99804],[-113.99645,46.00003],[-113.99298,46.00521],[-113.99333,46.01069],[-113.99842,46.01508],[-113.995,46.0212],[-113.98327,46.02292],[-114.00052,46.02906],[-114.00891,46.02905],[-114.01103,46.04068],[-114.01608,46.04504],[-114.01678,46.05225],[-114.02561,46.05228],[-114.03504,46.04932],[-114.04308,46.05071],[-114.04685,46.05433],[-114.05505,46.05328],[-114.06125,46.05577],[-114.07732,46.06596],[-114.07591,46.07234],[-114.07229,46.07515],[-114.07915,46.08582],[-114.08722,46.09129],[-114.09188,46.09661],[-114.10042,46.10227],[-114.10319,46.10685],[-114.11425,46.11632],[-114.12354,46.12232],[-114.13022,46.11667],[-114.13658,46.11679],[-114.14218,46.12094],[-114.15666,46.12729],[-114.16449,46.12331],[-114.16788,46.11768],[-114.17893,46.11289],[-114.18816,46.11612],[-114.19707,46.11572],[-114.20412,46.11775],[-114.21886,46.11538],[-114.2348,46.1042],[-114.25076,46.09907],[-114.27815,46.10489],[-114.28962,46.10006],[-114.31976,46.09699],[-114.33136,46.09976],[-114.34748,46.09878],[-114.362,46.09619],[-114.371,46.09635],[-114.40663,46.101],[-114.41805,46.10498],[-114.42615,46.10487],[-114.43924,46.09854],[-114.44821,46.09729],[-114.45406,46.09917],[-114.46267,46.10809],[-114.46715,46.10418]]]},"properties":{"STATEFP":"30","COUNTYFP":"081","COUSUBFP":"90819","COUSUBNS":"01940596","GEOIDFQ":"0600000US3008190819","GEOID":"3008190819","NAME":"Darby","NAMELSAD":"Darby CCD","STUSPS":"MT","NAMELSADCO":"Ravalli County","STATE_NAME":"Montana","LSAD":"22","ALAND":590690489,"AWATER":7230697}},
{"type":"Feature","geometry":{"type":"Polygon","coordinates":[[[-114.07705,46.39912],[-114.07188,46.39981],[-114.03567,46.39972],[-114.03045,46.40217],[-114.01916,46.39361],[-114.01678,46.38861],[-114.01001,46.3911],[-114.00826,46.39975],[-114.00468,46.40664],[-113.9975,46.40679],[-113.98689,46.39866],[-113.97075,46.39638],[-113.96517,46.39739],[-113.95602,46.3947],[-113.93743,46.40637],[-113.93713,46.41188],[-113.92345,46.41866],[-113.91715,46.42728],[-113.90102,46.4202],[-113.88094,46.41652],[-113.87359,46.41954],[-113.86462,46.41747],[-113.85702,46.41918],[-113.8582,46.42357],[-113.85574,46.43397],[-113.84922,46.44098],[-113.84922,46.44804],[-113.85572,46.45845],[-113.8568,46.4705],[-113.86428,46.47519],[-113.86282,46.48007],[-113.86792,46.48491],[-113.86593,46.49212],[-113.87828,46.49742],[-113.87836,46.5032],[-113.87465,46.50833],[-113.86619,46.51267],[-113.85003,46.51483],[-113.84631,46.52159],[-113.84848,46.53013],[-113.84522,46.53725],[-113.84497,46.54721],[-113.83603,46.56316],[-113.82872,46.57152],[-113.83626,46.58194],[-113.82296,46.58933],[-113.81398,46.58928],[-113.80969,46.59428],[-113.80981,46.6087],[-113.81639,46.61481],[-113.81286,46.61806],[-113.80567,46.61889],[-113.80294,46.62262],[-113.80322,46.62991],[-113.81765,46.63731],[-113.81837,46.64412],[-113.8227,46.64586],[-113.82304,46.65373],[-113.82774,46.6609],[-113.83241,46.66102],[-114.03566,46.66071],[-114.17074,46.66098],[-114.17075,46.66039],[-114.28606,46.66044],[-114.33266,46.66058],[-114.32486,46.65364],[-114.32112,46.64751],[-114.32282,46.64202],[-114.32033,46.63853],[-114.32217,46.62666],[-114.3271,46.61716],[-114.32254,46.61128],[-114.32982,46.60338],[-114.33026,46.59948],[-114.33643,46.59356],[-114.34381,46.58974],[-114.33371,46.579],[-114.33121,46.5725],[-114.33953,46.56404],[-114.34264,46.55523],[-114.34722,46.55242],[-114.34397,46.54127],[-114.34921,46.52951],[-114.34321,46.52278],[-114.34279,46.51826],[-114.35192,46.50774],[-114.35968,46.50493],[-114.36833,46.50497],[-114.37559,46.50175],[-114.38313,46.50485],[-114.39992,46.50219],[-114.4034,46.49406],[-114.40137,46.48892],[-114.4012,46.47909],[-114.39465,46.46943],[-114.38366,46.46639],[-114.37559,46.47631],[-114.37235,46.48596],[-114.36631,46.49143],[-114.35356,46.49505],[-114.34884,46.49309],[-114.32896,46.49221],[-114.31501,46.49284],[-114.30411,46.48877],[-114.29241,46.48069],[-114.27861,46.47897],[-114.26504,46.4755],[-114.26168,46.47718],[-114.24697,46.4714],[-114.23141,46.46876],[-114.21596,46.46831],[-114.20632,46.46278],[-114.19764,46.46121],[-114.18918,46.46268],[-114.16666,46.45968],[-114.16578,46.4721],[-114.12046,46.47219],[-114.12064,46.46458],[-114.11316,46.45627],[-114.11924,46.44898],[-114.11867,46.44126],[-114.12213,46.43484],[-114.11912,46.4234],[-114.12139,46.41448],[-114.09648,46.41575],[-114.09734,46.41071],[-114.08089,46.41052],[-114.08134,46.40305],[-114.07705,46.39912]]]},"properties":{"STATEFP":"30","COUNTYFP":"081","COUSUBFP":"93339","COUSUBNS":"01940719","GEOIDFQ":"0600000US3008193339","GEOID":"3008193339","NAME":"Stevensville","NAMELSAD":"Stevensville CCD","STUSPS":"MT","NAMELSADCO":"Ravalli County","STATE_NAME":"Montana","LSAD":"22","ALAND":951531014,"AWATER":4042691}},
{"type":"Feature","geometry":{"type":"Polygon","coordinates":[[[-111.78418,46.09366],[-111.78456,46.04981],[-111.66042,46.04919],[-111.66032,45.91984],[-111.66006,45.8335],[-111.65672,45.83432],[-111.65598,45.84294],[-111.65047,45.85093],[-111.64015,45.8526],[-111.63712,45.861],[-111.62521,45.86532],[-111.62065,45.87076],[-111.61291,45.87452],[-111.60852,45.88866],[-111.60152,45.8928],[-111.58736,45.9068],[-111.56681,45.90962],[-111.55904,45.91483],[-111.54872,45.90984],[-111.54281,45.91319],[-111.54385,45.91734],[-111.53474,45.92414],[-111.51647,45.92639],[-111.50761,45.93076],[-111.49543,45.93443],[-111.4931,45.93909],[-111.48223,45.94625],[-111.47128,45.95148],[-111.46697,45.95624],[-111.46414,45.96364],[-111.4634,45.97331],[-111.46511,45.97898],[-111.46361,45.98988],[-111.46064,45.99704],[-111.45709,45.99884],[-111.44853,45.99585],[-111.4429,45.99069],[-111.42797,45.99301],[-111.41962,45.99632],[-111.4158,46.00179],[-111.42158,46.01571],[-111.4296,46.01898],[-111.42286,46.02697],[-111.42229,46.03184],[-111.42477,46.0415],[-111.42341,46.047],[-111.42383,46.06195],[-111.41898,46.06654],[-111.4058,46.0851],[-111.39375,46.08945],[-111.39124,46.09209],[-111.39852,46.10585],[-111.41126,46.10447],[-111.42897,46.10985],[-111.44094,46.11479],[-111.44221,46.11896],[-111.43126,46.12251],[-111.42226,46.1273],[-111.41469,46.12547],[-111.40905,46.12027],[-111.40392,46.11904],[-111.39706,46.12168],[-111.39467,46.12773],[-111.40042,46.13513],[-111.40832,46.13883],[-111.41457,46.14503],[-111.43994,46.1513],[-111.44319,46.15892],[-111.44095,46.16673],[-111.44902,46.17781],[-111.46476,46.18715],[-111.47976,46.18871],[-111.48556,46.1922],[-111.49188,46.1997],[-111.49333,46.20426],[-111.4878,46.21489],[-111.47959,46.2269],[-111.46964,46.23309],[-111.47167,46.2426],[-111.47652,46.24505],[-111.4897,46.24576],[-111.49343,46.25387],[-111.49866,46.2551],[-111.49994,46.25992],[-111.49594,46.26317],[-111.50234,46.26746],[-111.50288,46.27271],[-111.51059,46.28103],[-111.52168,46.28631],[-111.53011,46.30416],[-111.53814,46.30768],[-111.54078,46.31174],[-111.5379,46.32983],[-111.53606,46.33352],[-111.52591,46.33956],[-111.52299,46.35096],[-111.52539,46.35408],[-111.52102,46.37132],[-111.52529,46.38168],[-111.53105,46.38915],[-111.53175,46.40534],[-111.53029,46.41813],[-111.52683,46.42724],[-111.53812,46.45773],[-111.53837,46.46436],[-111.5424,46.47177],[-111.54691,46.47528],[-111.5498,46.48184],[-111.55937,46.49121],[-111.56787,46.50348],[-111.57124,46.50532],[-111.5742,46.51465],[-111.57335,46.52243],[-111.57694,46.5301],[-111.59019,46.53597],[-111.59699,46.54146],[-111.61231,46.54743],[-111.62915,46.56095],[-111.63586,46.57],[-111.7037,46.5695],[-111.72482,46.56973],[-111.76653,46.56923],[-111.78795,46.56947],[-111.78783,46.48576],[-111.78628,46.48578],[-111.78629,46.31017],[-111.78642,46.13628],[-111.78443,46.13629],[-111.78418,46.09366]]]},"properties":{"STATEFP":"30","COUNTYFP":"007","COUSUBFP":"93591","COUSUBNS":"01940730","GEOIDFQ":"0600000US3000793591","GEOID":"3000793591","NAME":"Townsend West","NAMELSAD":"Townsend West CCD","STUSPS":"MT","NAMELSADCO":"Broadwater County","STATE_NAME":"Montana","LSAD":"22","ALAND":1462815664,"AWATER":58469429}},
{"type":"Feature","geometry":{"type":"Polygon","coordinates":[[[-113.3029,46.83216],[-113.2915,46.8322],[-113.29141,46.80693],[-113.27577,46.81277],[-113.26413,46.82488],[-113.25466,46.82011],[-113.24935,46.82057],[-113.24194,46.81383],[-113.24058,46.80576],[-113.24251,46.80144],[-113.23106,46.78818],[-113.22385,46.78333],[-113.21129,46.77927],[-113.19868,46.76991],[-113.19078,46.76811],[-113.18525,46.7625],[-113.17929,46.76098],[-113.17307,46.75402],[-113.18267,46.74522],[-113.18134,46.73383],[-113.17708,46.73074],[-113.16714,46.73364],[-113.16187,46.72804],[-113.15062,46.73033],[-113.13171,46.72567],[-113.12643,46.71984],[-113.11512,46.71345],[-113.08848,46.72187],[-113.07855,46.72058],[-113.07485,46.72491],[-113.06152,46.73135],[-113.05265,46.73204],[-113.04708,46.73665],[-113.0387,46.73554],[-113.03084,46.73577],[-113.0139,46.73056],[-113.00089,46.72793],[-112.9883,46.72363],[-112.98387,46.72027],[-112.97166,46.71671],[-112.97083,46.71235],[-112.95849,46.70959],[-112.95187,46.71226],[-112.94043,46.71288],[-112.93454,46.7176],[-112.93259,46.72401],[-112.92252,46.72135],[-112.92017,46.71671],[-112.90241,46.72137],[-112.8935,46.72129],[-112.88432,46.72605],[-112.86682,46.72935],[-112.86191,46.72793],[-112.85227,46.72927],[-112.84176,46.72253],[-112.83361,46.72217],[-112.8249,46.71574],[-112.81454,46.71285],[-112.80839,46.71588],[-112.79997,46.72501],[-112.78821,46.73011],[-112.77023,46.73341],[-112.75737,46.74119],[-112.75358,46.75439],[-112.75508,46.75952],[-112.7494,46.77184],[-112.74182,46.77453],[-112.73654,46.77342],[-112.72264,46.78702],[-112.72174,46.79127],[-112.71617,46.79621],[-112.71699,46.80498],[-112.72019,46.80985],[-112.72051,46.81691],[-112.72471,46.82313],[-112.72139,46.82702],[-112.72438,46.83157],[-112.79564,46.83167],[-112.79609,46.96253],[-112.79581,47.177],[-113.04942,47.17713],[-113.05905,47.17957],[-113.0592,47.4886],[-113.06288,47.48224],[-113.0686,47.48198],[-113.08043,47.48557],[-113.09172,47.48063],[-113.10321,47.48437],[-113.1088,47.48909],[-113.11455,47.49041],[-113.11836,47.49877],[-113.11483,47.50105],[-113.11653,47.50832],[-113.1231,47.51573],[-113.11828,47.52054],[-113.12174,47.52408],[-113.12583,47.54181],[-113.12253,47.54518],[-113.12466,47.55797],[-113.11811,47.56054],[-113.11775,47.57047],[-113.12705,47.5759],[-113.13083,47.58767],[-113.14437,47.59551],[-113.32584,47.59551],[-113.32584,47.60016],[-113.46648,47.60006],[-113.46642,47.34631],[-113.46645,47.17919],[-113.30294,47.17964],[-113.30282,47.09207],[-113.30316,46.96337],[-113.3029,46.83216]]]},"properties":{"STATEFP":"30","COUNTYFP":"077","COUSUBFP":"91743","COUSUBNS":"01940644","GEOIDFQ":"0600000US3007791743","GEOID":"3007791743","NAME":"Helmville","NAMELSAD":"Helmville CCD","STUSPS":"MT","NAMELSADCO":"Powell County","STATE_NAME":"Montana","LSAD":"22","ALAND":3279306604,"AWATER":13157247}},
{"type":"Feature","geometry":{"type":"Polygon","coordinates":[[[-107.00756,46.30765],[-107.0074,46.28917],[-107.00739,46.1342],[-107.00553,46.13667],[-106.93907,46.13667],[-106.93907,46.07944],[-106.92642,46.07525],[-106.92473,46.06885],[-106.91834,46.06545],[-106.91452,46.05929],[-106.92086,46.04543],[-106.92183,46.03881],[-106.91506,46.035],[-106.90836,46.02624],[-106.90224,46.02366],[-106.88041,46.02026],[-106.872,46.01478],[-106.84196,46.01744],[-106.82707,46.02146],[-106.81269,46.01742],[-106.80908,46.02228],[-106.80328,46.03837],[-106.80054,46.0495],[-106.7834,46.06389],[-106.78127,46.07252],[-106.77311,46.08239],[-106.76819,46.0975],[-106.76168,46.10517],[-106.75706,46.09872],[-106.74464,46.08852],[-106.73996,46.08935],[-106.73629,46.09851],[-106.72529,46.10378],[-106.71342,46.10437],[-106.69628,46.10948],[-106.68593,46.10623],[-106.67917,46.10208],[-106.66464,46.1037],[-106.65455,46.10083],[-106.63907,46.09197],[-106.63143,46.08922],[-106.62722,46.09723],[-106.62877,46.11456],[-106.62613,46.12046],[-106.61914,46.12837],[-106.61864,46.13613],[-106.61366,46.14672],[-106.60325,46.14974],[-106.5969,46.15392],[-106.57981,46.15447],[-106.56248,46.15634],[-106.55272,46.16295],[-106.5424,46.16396],[-106.53204,46.16046],[-106.5158,46.16295],[-106.49788,46.16074],[-106.48665,46.16353],[-106.48032,46.16726],[-106.4817,46.17093],[-106.4892,46.17418],[-106.49029,46.18539],[-106.49778,46.19221],[-106.48331,46.20677],[-106.48866,46.21157],[-106.4918,46.21796],[-106.48509,46.2208],[-106.48343,46.22917],[-106.49018,46.23823],[-106.47798,46.24407],[-106.47395,46.25279],[-106.47246,46.26269],[-106.47946,46.26586],[-106.47671,46.27425],[-106.48162,46.27524],[-106.49532,46.28512],[-106.50857,46.2919],[-106.51524,46.28624],[-106.52608,46.2845],[-106.53516,46.3007],[-106.54895,46.30283],[-106.56119,46.29322],[-106.57034,46.2877],[-106.57896,46.28595],[-106.58599,46.28854],[-106.60241,46.28694],[-106.61287,46.28804],[-106.61719,46.28472],[-106.62535,46.2832],[-106.64122,46.27617],[-106.65226,46.27455],[-106.66383,46.28037],[-106.6773,46.27733],[-106.69113,46.26672],[-106.69973,46.26437],[-106.70643,46.26569],[-106.71042,46.259],[-106.71511,46.25573],[-106.73148,46.26289],[-106.74561,46.26009],[-106.75936,46.26071],[-106.76581,46.26668],[-106.76803,46.274],[-106.77578,46.27489],[-106.78219,46.27243],[-106.78246,46.26518],[-106.7933,46.26653],[-106.80054,46.27419],[-106.80211,46.27974],[-106.80968,46.27716],[-106.81752,46.27827],[-106.81389,46.28621],[-106.8207,46.2892],[-106.82902,46.2815],[-106.83922,46.28087],[-106.84539,46.27858],[-106.85103,46.27311],[-106.85725,46.27482],[-106.86325,46.28327],[-106.86785,46.28286],[-106.8728,46.27776],[-106.87851,46.27644],[-106.89039,46.28209],[-106.89992,46.28256],[-106.92988,46.2934],[-106.94484,46.29555],[-106.95644,46.30098],[-106.9623,46.30196],[-106.97048,46.29599],[-106.98016,46.29655],[-107.00756,46.30765]]]},"properties":{"STATEFP":"30","COUNTYFP":"087","COUSUBFP":"91155","COUSUBNS":"01940615","GEOIDFQ":"0600000US3008791155","GEOID":"3008791155","NAME":"Forsyth","NAMELSAD":"Forsyth CCD","STUSPS":"MT","NAMELSADCO":"Rosebud County","STATE_NAME":"Montana","LSAD":"22","ALAND":811681997,"AWATER":8633847}},
{"type":"Feature","geometry":{"type":"Polygon","coordinates":[[[-106.47671,46.27425],[-106.47946,46.26586],[-106.47246,46.26269],[-106.47395,46.25279],[-106.47798,46.24407],[-106.49018,46.23823],[-106.48343,46.22917],[-106.48509,46.2208],[-106.4918,46.21796],[-106.48866,46.21157],[-106.48331,46.20677],[-106.49778,46.19221],[-106.49029,46.18539],[-106.4892,46.17418],[-106.4817,46.17093],[-106.48032,46.16726],[-106.48665,46.16353],[-106.49788,46.16074],[-106.5158,46.16295],[-106.53204,46.16046],[-106.5424,46.16396],[-106.55272,46.16295],[-106.56248,46.15634],[-106.57981,46.15447],[-106.5969,46.15392],[-106.60325,46.14974],[-106.61366,46.14672],[-106.61864,46.13613],[-106.61914,46.12837],[-106.62613,46.12046],[-106.62877,46.11456],[-106.62722,46.09723],[-106.63143,46.08922],[-106.63907,46.09197],[-106.65455,46.10083],[-106.66464,46.1037],[-106.67917,46.10208],[-106.68593,46.10623],[-106.69628,46.10948],[-106.71342,46.10437],[-106.72529,46.10378],[-106.73629,46.09851],[-106.73996,46.08935],[-106.74464,46.08852],[-106.75706,46.09872],[-106.76168,46.10517],[-106.76819,46.0975],[-106.77311,46.08239],[-106.78127,46.07252],[-106.7834,46.06389],[-106.80054,46.0495],[-106.80328,46.03837],[-106.80908,46.02228],[-106.81269,46.01742],[-106.82707,46.02146],[-106.84196,46.01744],[-106.872,46.01478],[-106.88041,46.02026],[-106.90224,46.02366],[-106.90836,46.02624],[-106.91506,46.035],[-106.92183,46.03881],[-106.92086,46.04543],[-106.91452,46.05929],[-106.91834,46.06545],[-106.92473,46.06885],[-106.92642,46.07525],[-106.93907,46.07944],[-106.93915,46.00618],[-106.93909,45.87004],[-106.93908,45.83161],[-106.87722,45.83171],[-106.87712,45.78822],[-106.9128,45.78822],[-106.91296,45.68392],[-106.84649,45.68383],[-106.84648,45.67659],[-106.72757,45.67647],[-106.62516,45.67605],[-106.60447,45.67627],[-106.60459,45.68348],[-106.5444,45.68341],[-106.54363,45.69066],[-106.48241,45.69056],[-106.48241,45.68917],[-106.435,45.68922],[-106.43497,45.68559],[-106.37822,45.68561],[-106.37823,45.67837],[-106.36895,45.6797],[-106.33721,45.67921],[-106.33696,45.68431],[-106.2859,45.68354],[-106.28321,45.67712],[-106.28726,45.67198],[-106.28643,45.66349],[-106.2914,45.66198],[-106.28758,45.65393],[-106.28962,45.64831],[-106.27883,45.64096],[-106.28752,45.63195],[-106.27703,45.63359],[-106.26717,45.64064],[-106.24803,45.64415],[-106.2334,45.64293],[-106.23173,45.75678],[-106.23419,45.774],[-106.2345,45.78858],[-106.19173,45.7886],[-106.1915,45.87616],[-106.19163,46.13718],[-106.15343,46.13726],[-106.15163,46.22429],[-106.15494,46.22429],[-106.15479,46.30425],[-106.15479,46.30446],[-106.16283,46.30622],[-106.17283,46.30293],[-106.16859,46.29473],[-106.1738,46.29004],[-106.18626,46.28522],[-106.20989,46.29187],[-106.22218,46.29202],[-106.23342,46.28326],[-106.24429,46.28334],[-106.24974,46.28062],[-106.2492,46.27063],[-106.25612,46.26557],[-106.27069,46.26457],[-106.28526,46.26722],[-106.29172,46.27099],[-106.30392,46.27237],[-106.31174,46.27179],[-106.31991,46.27532],[-106.31755,46.28509],[-106.32265,46.28851],[-106.33226,46.28512],[-106.33606,46.28137],[-106.34205,46.28299],[-106.34715,46.28904],[-106.35303,46.29057],[-106.36521,46.28929],[-106.3713,46.2916],[-106.38842,46.29164],[-106.40013,46.28761],[-106.40822,46.28841],[-106.41484,46.29147],[-106.42408,46.28924],[-106.44134,46.27724],[-106.45226,46.27794],[-106.4695,46.27321],[-106.47671,46.27425]]]},"properties":{"STATEFP":"30","COUNTYFP":"087","COUSUBFP":"92856","COUSUBNS":"01940697","GEOIDFQ":"0600000US3008792856","GEOID":"3008792856","NAME":"Rosebud","NAMELSAD":"Rosebud CCD","STUSPS":"MT","NAMELSADCO":"Rosebud County","STATE_NAME":"Montana","LSAD":"22","ALAND":3107275138,"AWATER":6898159}},
{"type":"Feature","geometry":{"type":"Polygon","coordinates":[[[-104.27512,47.83613],[-104.28208,47.85438],[-104.29113,47.86778],[-104.5474,47.86762],[-104.67644,47.86757],[-104.87099,47.86777],[-104.93141,47.86791],[-104.93566,47.87114],[-104.93567,47.88899],[-104.94,47.89242],[-104.96484,47.89698],[-105.04788,47.89715],[-105.06531,47.90086],[-105.07754,47.90159],[-105.11405,47.90078],[-105.19501,47.90433],[-105.19512,47.86808],[-105.23465,47.86806],[-105.23477,47.7905],[-105.23502,47.70358],[-105.12553,47.70366],[-104.97809,47.70329],[-104.97855,47.61627],[-104.87179,47.61615],[-104.74476,47.61616],[-104.73733,47.61634],[-104.59366,47.61629],[-104.59378,47.60161],[-104.55167,47.60163],[-104.55093,47.60284],[-104.55045,47.64517],[-104.51101,47.64528],[-104.49593,47.64709],[-104.49045,47.64205],[-104.47725,47.63844],[-104.46318,47.63263],[-104.45945,47.62735],[-104.45044,47.62294],[-104.43662,47.62057],[-104.4247,47.62007],[-104.4167,47.61771],[-104.41259,47.62054],[-104.38655,47.61497],[-104.38152,47.61656],[-104.36793,47.61463],[-104.35007,47.61587],[-104.33372,47.61832],[-104.33072,47.62098],[-104.30216,47.63121],[-104.2991,47.63462],[-104.2895,47.63848],[-104.27707,47.64097],[-104.26689,47.64087],[-104.28951,47.64715],[-104.31443,47.65118],[-104.3206,47.65308],[-104.33551,47.65373],[-104.34482,47.65604],[-104.34686,47.65986],[-104.33952,47.6644],[-104.33596,47.67386],[-104.31439,47.67459],[-104.31413,47.68885],[-104.29265,47.68893],[-104.29261,47.70342],[-104.28706,47.70339],[-104.28674,47.71913],[-104.29737,47.71881],[-104.29815,47.72333],[-104.31391,47.72707],[-104.32298,47.73686],[-104.3347,47.74013],[-104.33045,47.74655],[-104.30834,47.74715],[-104.23819,47.74692],[-104.23019,47.74482],[-104.22508,47.74696],[-104.26072,47.80036],[-104.27512,47.83613]]]},"properties":{"STATEFP":"30","COUNTYFP":"083","COUSUBFP":"91974","COUSUBNS":"01940655","GEOIDFQ":"0600000US3008391974","GEOID":"3008391974","NAME":"Lambert","NAMELSAD":"Lambert CCD","STUSPS":"MT","NAMELSADCO":"Richland County","STATE_NAME":"Montana","LSAD":"22","ALAND":1847104081,"AWATER":5399270}},
{"type":"Feature","geometry":{"type":"Polygon","coordinates":[[[-109.50515,48.61102],[-109.50533,48.56791],[-109.49688,48.56791],[-109.49688,48.52521],[-109.46432,48.52526],[-109.46432,48.45264],[-109.49673,48.45273],[-109.49703,48.39474],[-109.51878,48.39473],[-109.51908,48.29346],[-109.55164,48.29348],[-109.55176,48.22137],[-109.53394,48.22132],[-109.53429,48.13456],[-109.53331,47.91442],[-109.53292,47.87108],[-109.53866,47.87102],[-109.53868,47.73886],[-109.52282,47.74598],[-109.51091,47.74451],[-109.50515,47.73879],[-109.49397,47.73594],[-109.48724,47.73094],[-109.48126,47.72975],[-109.46948,47.73072],[-109.46401,47.72509],[-109.45484,47.72373],[-109.44964,47.72586],[-109.43668,47.72573],[-109.43076,47.72065],[-109.42531,47.72015],[-109.41151,47.72462],[-109.40397,47.73048],[-109.39116,47.73629],[-109.38567,47.74294],[-109.372,47.74281],[-109.3497,47.75079],[-109.33487,47.75468],[-109.31888,47.75617],[-109.31284,47.75838],[-109.30108,47.77026],[-109.28809,47.77283],[-109.28289,47.77604],[-109.28394,47.78643],[-109.27417,47.79324],[-109.26537,47.79239],[-109.25535,47.79404],[-109.24749,47.79319],[-109.2299,47.79492],[-109.21655,47.79347],[-109.20926,47.79015],[-109.19028,47.7909],[-109.16933,47.78435],[-109.16034,47.77981],[-109.13277,47.78112],[-109.11446,47.78827],[-109.08435,47.79617],[-109.07611,47.80038],[-109.0659,47.80107],[-109.0448,47.79329],[-109.03709,47.79212],[-109.02565,47.79418],[-109.01547,47.80015],[-109.00072,47.80312],[-108.98295,47.80287],[-108.97402,47.80147],[-108.96539,47.79431],[-108.95996,47.79262],[-108.94274,47.79182],[-108.93912,47.78512],[-108.94653,47.7793],[-108.94566,47.7729],[-108.92417,47.76057],[-108.92042,47.75649],[-108.92249,47.75288],[-108.93087,47.74824],[-108.94606,47.74253],[-108.95001,47.7369],[-108.94366,47.72913],[-108.93665,47.7288],[-108.92966,47.73317],[-108.91941,47.7354],[-108.90053,47.73586],[-108.89111,47.73446],[-108.89107,47.87061],[-108.88849,47.87061],[-108.88832,47.92272],[-108.88535,47.92273],[-108.88551,48.01731],[-108.89726,48.01484],[-108.9114,48.02206],[-108.92659,48.01462],[-108.91526,48.00759],[-108.90307,48.00339],[-108.89687,48.0036],[-108.88863,47.99929],[-108.88683,47.99376],[-108.89844,47.98571],[-108.90709,47.98566],[-108.91008,47.97841],[-108.91954,47.97512],[-108.93543,47.98165],[-108.94474,47.97704],[-108.95177,47.97682],[-108.96031,47.98799],[-108.97998,47.99809],[-108.98306,48.00922],[-108.97915,48.01155],[-108.98628,48.01599],[-108.99909,48.0111],[-109.01259,48.00859],[-109.0135,48.00477],[-109.02558,48.00099],[-109.0357,48.0014],[-109.04209,48.0054],[-109.04819,48.01549],[-109.06223,48.02411],[-109.068,48.02504],[-109.07388,48.02938],[-109.06891,48.03362],[-109.071,48.03813],[-109.0821,48.04088],[-109.08169,48.04604],[-109.08745,48.05002],[-109.09169,48.05676],[-109.09041,48.06825],[-109.09853,48.07364],[-109.09857,48.08452],[-109.07778,48.08347],[-109.07803,48.08882],[-109.06028,48.08722],[-109.06025,48.10247],[-109.0689,48.10253],[-109.06882,48.0956],[-109.07569,48.09571],[-109.08124,48.0988],[-109.08135,48.12698],[-109.08332,48.13176],[-109.07313,48.14167],[-109.07076,48.16188],[-109.05398,48.16733],[-109.04947,48.15943],[-109.03591,48.15737],[-109.01817,48.15623],[-109.0085,48.15261],[-109.00574,48.15703],[-109.00249,48.16989],[-109.01267,48.17925],[-109.00503,48.18927],[-108.99436,48.18195],[-108.97317,48.18085],[-108.96441,48.17817],[-108.96003,48.18167],[-108.94135,48.18394],[-108.93688,48.18981],[-108.92359,48.19236],[-108.90874,48.19165],[-108.90886,48.19866],[-108.88763,48.19855],[-108.88809,48.2686],[-108.8888,48.39459],[-108.88887,48.45244],[-108.88813,48.53582],[-108.87995,48.54224],[-108.88521,48.5466],[-108.89907,48.54494],[-108.90866,48.56345],[-108.94706,48.57283],[-108.99666,48.57883],[-108.99654,48.58996],[-108.99194,48.60776],[-108.98011,48.61882],[-108.98005,48.64446],[-108.97855,48.65387],[-108.97858,48.68786],[-108.98196,48.69326],[-108.98129,48.70017],[-108.99621,48.71148],[-109.00266,48.71974],[-109.01046,48.72143],[-109.02206,48.7186],[-109.02163,48.72368],[-109.02878,48.73407],[-109.02598,48.73733],[-109.03306,48.74791],[-109.04588,48.74823],[-109.04606,48.82924],[-109.04576,48.91411],[-109.13541,48.91408],[-109.13787,48.91633],[-109.13791,48.97075],[-109.13139,48.97198],[-109.13186,48.98449],[-109.12789,48.98991],[-109.11221,48.99976],[-109.25072,49.00001],[-109.28597,49.00048],[-109.38407,49.00037],[-109.4374,49.00063],[-109.45402,49.00113],[-109.48955,49.00061],[-109.48963,48.91397],[-109.50551,48.91391],[-109.50515,48.61102]]]},"properties":{"STATEFP":"30","COUNTYFP":"005","COUSUBFP":"90588","COUSUBNS":"01940585","GEOIDFQ":"0600000US3000590588","GEOID":"3000590588","NAME":"Chinook","NAMELSAD":"Chinook CCD","STUSPS":"MT","NAMELSADCO":"Blaine County","STATE_NAME":"Montana","LSAD":"22","ALAND":5531302391,"AWATER":18807696}},
{"type":"Feature","geometry":{"type":"Polygon","coordinates":[[[-106.26372,44.99379],[-106.08588,44.99346],[-105.92817,44.99349],[-105.91315,45.00024],[-105.91048,45.00024],[-105.89857,45.01018],[-105.90457,45.01289],[-105.90976,45.019],[-105.91932,45.02242],[-105.91766,45.02651],[-105.90915,45.03357],[-105.89679,45.03344],[-105.88924,45.0316],[-105.88327,45.03376],[-105.8829,45.04083],[-105.89385,45.04835],[-105.89178,45.05626],[-105.87773,45.0572],[-105.87016,45.05905],[-105.86994,45.06709],[-105.85316,45.06874],[-105.84913,45.07656],[-105.85527,45.08302],[-105.85539,45.08923],[-105.84943,45.09625],[-105.85082,45.10058],[-105.84494,45.10827],[-105.83902,45.10638],[-105.83464,45.11083],[-105.83859,45.11461],[-105.83377,45.12081],[-105.82616,45.1152],[-105.82323,45.11652],[-105.81724,45.1315],[-105.80836,45.13149],[-105.80651,45.13482],[-105.80769,45.14257],[-105.79227,45.14095],[-105.78152,45.14361],[-105.78166,45.14863],[-105.77627,45.15954],[-105.77388,45.16777],[-105.76569,45.1697],[-105.75953,45.17367],[-105.76999,45.17692],[-105.75406,45.18157],[-105.75829,45.18605],[-105.75105,45.18944],[-105.75627,45.19573],[-105.7512,45.19706],[-105.74616,45.194],[-105.74719,45.18765],[-105.74028,45.18711],[-105.73734,45.20388],[-105.73085,45.2066],[-105.726,45.21199],[-105.71206,45.21632],[-105.70614,45.22129],[-105.71143,45.22592],[-105.69214,45.22509],[-105.68033,45.23031],[-105.67664,45.23383],[-105.67957,45.2425],[-105.67188,45.24274],[-105.6642,45.24928],[-105.65596,45.2455],[-105.65132,45.25384],[-105.64556,45.25318],[-105.64262,45.2582],[-105.63475,45.25607],[-105.63002,45.2689],[-105.61185,45.27094],[-105.59498,45.28714],[-105.60297,45.28973],[-105.60213,45.29258],[-105.58921,45.29322],[-105.58122,45.29973],[-105.58038,45.30453],[-105.5716,45.3039],[-105.56883,45.31225],[-105.57602,45.317],[-105.56979,45.32582],[-105.56134,45.31905],[-105.55331,45.32226],[-105.55543,45.32697],[-105.55156,45.32936],[-105.54471,45.32673],[-105.54153,45.33166],[-105.54862,45.33729],[-105.5531,45.3351],[-105.56085,45.33738],[-105.56558,45.34295],[-105.57272,45.34671],[-105.591,45.35112],[-105.59681,45.35933],[-105.60277,45.35984],[-105.60899,45.36688],[-105.61471,45.3774],[-105.61997,45.3815],[-105.62607,45.38985],[-105.63608,45.39358],[-105.64651,45.39966],[-105.64865,45.4055],[-105.65498,45.40561],[-105.65637,45.42196],[-105.66104,45.42987],[-105.66289,45.43912],[-105.66992,45.44565],[-105.67549,45.462],[-105.67356,45.46395],[-105.67356,45.47688],[-105.67041,45.47819],[-105.65356,45.47816],[-105.65178,45.49136],[-105.67661,45.49807],[-105.76337,45.52817],[-105.78772,45.5317],[-105.82626,45.5411],[-105.81904,45.54313],[-105.81088,45.55307],[-105.79534,45.56019],[-105.7872,45.56925],[-105.78162,45.5796],[-105.77575,45.58146],[-105.77698,45.65577],[-105.77394,45.66516],[-105.75695,45.68221],[-105.74783,45.68314],[-105.73963,45.69395],[-105.73749,45.69955],[-105.7376,45.7087],[-105.73308,45.72297],[-105.72864,45.72726],[-105.72776,45.73332],[-105.7304,45.74088],[-105.72818,45.75214],[-105.72597,45.77783],[-105.7278,45.78839],[-106.10851,45.78861],[-106.19173,45.7886],[-106.2345,45.78858],[-106.23419,45.774],[-106.23173,45.75678],[-106.2334,45.64293],[-106.23396,45.51073],[-106.23572,45.3518],[-106.27955,45.3518],[-106.27971,45.17973],[-106.26368,45.17972],[-106.26372,44.99379]]]},"properties":{"STATEFP":"30","COUNTYFP":"075","COUSUBFP":"92583","COUSUBNS":"01940686","GEOIDFQ":"0600000US3007592583","GEOID":"3007592583","NAME":"Otter","NAMELSAD":"Otter CCD","STUSPS":"MT","NAMELSADCO":"Powder River County","STATE_NAME":"Montana","LSAD":"22","ALAND":3579244072,"AWATER":459707}},
{"type":"Feature","geometry":{"type":"Polygon","coordinates":[[[-113.01481,48.13103],[-113.00994,48.12823],[-113.00062,48.13073],[-112.99542,48.12548],[-112.98493,48.12046],[-112.98549,48.11651],[-112.99324,48.11486],[-112.99071,48.1078],[-112.99609,48.10609],[-112.99424,48.09851],[-112.98245,48.09042],[-112.98286,48.08644],[-112.97818,48.0802],[-112.98177,48.07376],[-112.97087,48.07276],[-112.96371,48.07491],[-112.95976,48.06975],[-112.94907,48.06403],[-112.93777,48.06093],[-112.93713,48.05552],[-112.95072,48.04998],[-112.95194,48.04076],[-112.94707,48.03098],[-112.93569,48.03515],[-112.927,48.03167],[-112.92146,48.03219],[-112.91592,48.02854],[-112.90767,48.02959],[-112.90391,48.02421],[-112.89666,48.01902],[-112.89529,48.01033],[-112.88488,47.98541],[-112.8787,47.97716],[-112.88754,47.97495],[-112.89231,47.97636],[-112.8979,47.97245],[-112.90041,47.96477],[-112.90593,47.96232],[-112.9078,47.95098],[-112.91259,47.94641],[-112.93828,47.94456],[-112.94709,47.94698],[-112.95163,47.94481],[-112.95809,47.95147],[-112.97098,47.95454],[-112.98473,47.95392],[-112.98117,47.94854],[-112.97612,47.9264],[-112.97618,47.91881],[-112.97302,47.91162],[-112.95965,47.90918],[-112.95297,47.90485],[-112.94875,47.88934],[-112.95124,47.88653],[-112.94379,47.87457],[-112.94389,47.87107],[-112.93426,47.86256],[-112.92754,47.86013],[-112.92681,47.84852],[-112.91987,47.84289],[-112.91326,47.82622],[-112.91696,47.8197],[-112.91448,47.81623],[-112.91642,47.80726],[-112.91546,47.79983],[-112.92228,47.78502],[-112.91935,47.77804],[-112.92048,47.76862],[-112.9266,47.76153],[-112.92521,47.75625],[-112.9175,47.75301],[-112.91362,47.74807],[-112.91337,47.74138],[-112.90705,47.73906],[-112.90158,47.72824],[-112.90642,47.72145],[-112.90291,47.71522],[-112.90619,47.70644],[-112.91387,47.6972],[-112.9062,47.68972],[-112.90607,47.68508],[-112.89766,47.67781],[-112.89095,47.67721],[-112.89249,47.6707],[-112.88795,47.66536],[-112.87764,47.6585],[-112.86869,47.64783],[-112.86737,47.64344],[-112.85957,47.64009],[-112.8601,47.63418],[-112.85691,47.62949],[-112.84635,47.62835],[-112.84257,47.62332],[-112.83617,47.62139],[-112.82922,47.61441],[-112.81783,47.60759],[-112.81195,47.60755],[-112.80784,47.61126],[-112.80172,47.61037],[-112.79274,47.60316],[-112.7828,47.59925],[-112.7706,47.59862],[-112.75863,47.60248],[-112.7522,47.6068],[-112.74085,47.60887],[-112.73208,47.61713],[-112.71301,47.61674],[-112.70793,47.62081],[-112.69778,47.62229],[-112.68641,47.61504],[-112.67345,47.62236],[-112.66631,47.61818],[-112.66133,47.62273],[-112.64629,47.62068],[-112.63948,47.62724],[-112.62905,47.62793],[-112.62678,47.63305],[-112.61579,47.63554],[-112.60306,47.63227],[-112.59738,47.63455],[-112.58695,47.635],[-112.57985,47.63311],[-112.56824,47.63613],[-112.56225,47.6395],[-112.56309,47.6443],[-112.55793,47.64596],[-112.55369,47.65215],[-112.54667,47.65138],[-112.54369,47.64684],[-112.52978,47.64219],[-112.52094,47.64307],[-112.51901,47.63929],[-112.52198,47.63358],[-112.51507,47.6312],[-112.51555,47.62262],[-112.50827,47.61905],[-112.50118,47.62104],[-112.49388,47.6135],[-112.48678,47.61557],[-112.47357,47.61455],[-112.46379,47.61086],[-112.45557,47.61071],[-112.43809,47.60464],[-112.42918,47.60339],[-112.41843,47.59671],[-112.41848,47.58371],[-112.41374,47.57778],[-112.4068,47.57827],[-112.40722,47.5705],[-112.40272,47.5655],[-112.40815,47.55468],[-112.40559,47.55242],[-112.38264,47.55171],[-112.37869,47.54751],[-112.36503,47.54782],[-112.36329,47.55335],[-112.34625,47.56568],[-112.34461,47.57715],[-112.30211,47.60686],[-112.26193,47.63241],[-112.25985,47.63619],[-112.26091,47.64342],[-112.26572,47.65113],[-112.26215,47.65765],[-112.22798,47.68865],[-112.22818,47.70015],[-112.22611,47.71784],[-112.23132,47.72178],[-112.23212,47.7305],[-112.22293,47.74727],[-112.20731,47.76655],[-112.18172,47.76646],[-112.17839,47.76287],[-112.1516,47.76316],[-112.14173,47.74865],[-112.12835,47.73839],[-112.11521,47.73468],[-112.10609,47.73427],[-112.10101,47.73116],[-112.07889,47.72457],[-112.01631,47.71161],[-112.00904,47.70961],[-111.95627,47.69897],[-111.93708,47.69142],[-111.8981,47.69394],[-111.90002,47.69978],[-111.9052,47.70364],[-111.90225,47.71514],[-111.90244,47.77015],[-111.90315,47.8431],[-111.81668,47.84294],[-111.81626,47.86811],[-111.81243,47.86812],[-111.81185,47.89714],[-111.82284,47.89808],[-111.82324,47.90891],[-111.82592,47.91392],[-111.81234,47.91366],[-111.8087,47.91827],[-111.80275,47.91697],[-111.79078,47.91826],[-111.78899,47.92547],[-111.77932,47.92385],[-111.76681,47.93361],[-111.75767,47.93123],[-111.75717,47.9263],[-111.74652,47.92761],[-111.74242,47.92585],[-111.74353,47.91807],[-111.73205,47.92253],[-111.76181,47.97441],[-111.77325,47.98444],[-111.91952,47.98435],[-111.98426,47.98459],[-111.98412,48.04277],[-112.04834,48.04291],[-112.048,48.08661],[-112.17775,48.08716],[-112.17775,48.13072],[-112.26425,48.13135],[-112.45513,48.13202],[-112.82674,48.13318],[-112.82674,48.13236],[-112.89097,48.13236],[-112.89097,48.13103],[-113.01481,48.13103]]]},"properties":{"STATEFP":"30","COUNTYFP":"099","COUSUBFP":"90609","COUSUBNS":"01940586","GEOIDFQ":"0600000US3009990609","GEOID":"3009990609","NAME":"Choteau","NAMELSAD":"Choteau CCD","STUSPS":"MT","NAMELSADCO":"Teton County","STATE_NAME":"Montana","LSAD":"22","ALAND":4007681239,"AWATER":32868621}},
{"type":"Feature","geometry":{"type":"Polygon","coordinates":[[[-107.41489,47.69173],[-107.40916,47.69251],[-107.37834,47.69285],[-107.36023,47.69122],[-107.34978,47.68549],[-107.33176,47.68069],[-107.31157,47.6811],[-107.28428,47.68045],[-107.27126,47.67524],[-107.25568,47.66381],[-107.249,47.66157],[-107.21549,47.66183],[-107.20062,47.66356],[-107.19451,47.66129],[-107.17509,47.66191],[-107.15882,47.66779],[-107.11411,47.66903],[-107.09404,47.66684],[-107.08097,47.66353],[-107.07051,47.6624],[-107.03706,47.66216],[-107.02897,47.66044],[-107.01136,47.66311],[-106.99853,47.67396],[-106.99352,47.67464],[-106.97865,47.67264],[-106.96075,47.67216],[-106.94455,47.67629],[-106.93716,47.67506],[-106.92556,47.66947],[-106.91643,47.67019],[-106.89275,47.67482],[-106.87968,47.67895],[-106.87004,47.69414],[-106.86991,47.70227],[-106.87219,47.70809],[-106.87922,47.7181],[-106.87491,47.72543],[-106.86167,47.73737],[-106.85371,47.74032],[-106.83417,47.7434],[-106.81327,47.74442],[-106.7857,47.74251],[-106.76019,47.73145],[-106.74657,47.73132],[-106.73445,47.73416],[-106.7177,47.7474],[-106.71082,47.75804],[-106.71197,47.77211],[-106.69372,47.77674],[-106.67917,47.77633],[-106.66831,47.76906],[-106.65832,47.77504],[-106.65417,47.78259],[-106.6521,47.79079],[-106.64277,47.79305],[-106.62484,47.7921],[-106.62179,47.79086],[-106.61334,47.77709],[-106.60981,47.77723],[-106.60313,47.78474],[-106.60372,47.79745],[-106.61019,47.80491],[-106.60424,47.80832],[-106.58938,47.8118],[-106.571,47.81293],[-106.56063,47.82078],[-106.55749,47.82858],[-106.56322,47.84072],[-106.55904,47.84551],[-106.55143,47.8476],[-106.53421,47.8478],[-106.52926,47.85002],[-106.52714,47.86098],[-106.54187,47.86998],[-106.54271,47.87583],[-106.53067,47.88082],[-106.52242,47.88128],[-106.51032,47.879],[-106.50727,47.88271],[-106.51006,47.89116],[-106.52437,47.89708],[-106.53081,47.90356],[-106.52575,47.9092],[-106.51319,47.91351],[-106.5021,47.91378],[-106.49625,47.91652],[-106.48943,47.92738],[-106.4887,47.93258],[-106.49528,47.94332],[-106.50716,47.94597],[-106.50948,47.94997],[-106.50172,47.95829],[-106.49013,47.96229],[-106.47077,47.96331],[-106.46259,47.96533],[-106.45241,47.97042],[-106.45006,47.98197],[-106.44367,47.98273],[-106.43225,47.97965],[-106.42896,47.97618],[-106.42879,47.9702],[-106.43405,47.96136],[-106.42901,47.95463],[-106.42266,47.954],[-106.41862,47.95746],[-106.41389,47.96712],[-106.41429,47.97282],[-106.42089,47.98772],[-106.41939,47.99622],[-106.42339,48.00352],[-106.42522,48.01495],[-106.42987,48.01828],[-106.42428,48.02629],[-106.41779,48.04292],[-106.41436,48.04522],[-106.40587,48.05707],[-106.39416,48.06473],[-106.37362,48.06235],[-106.366,48.0561],[-106.36445,48.04683],[-106.35147,48.04376],[-106.33865,48.04608],[-106.32144,48.05544],[-106.31871,48.05553],[-106.31853,48.05972],[-106.31244,48.06251],[-106.30304,48.06093],[-106.30228,48.06878],[-106.29572,48.06974],[-106.29448,48.06402],[-106.28055,48.06754],[-106.27813,48.07163],[-106.2825,48.07957],[-106.2687,48.07919],[-106.25222,48.08272],[-106.25417,48.0879],[-106.26389,48.08627],[-106.27251,48.08181],[-106.28177,48.08415],[-106.28345,48.08715],[-106.26601,48.0932],[-106.26916,48.09977],[-106.27686,48.09764],[-106.28155,48.09198],[-106.2869,48.09759],[-106.28434,48.09969],[-106.29259,48.10599],[-106.29472,48.11001],[-106.3027,48.11218],[-106.29912,48.11698],[-106.30965,48.11785],[-106.30648,48.11195],[-106.31161,48.11055],[-106.31541,48.11616],[-106.32182,48.11159],[-106.32927,48.10963],[-106.33341,48.11607],[-106.33733,48.11721],[-106.34679,48.11481],[-106.34557,48.11049],[-106.35869,48.11288],[-106.36012,48.11558],[-106.35131,48.11866],[-106.35007,48.12271],[-106.35942,48.12891],[-106.36585,48.13006],[-106.36939,48.12118],[-106.3792,48.11964],[-106.38325,48.12705],[-106.38334,48.13341],[-106.39058,48.13157],[-106.3953,48.13522],[-106.40688,48.12586],[-106.42001,48.12979],[-106.4176,48.13455],[-106.4259,48.14033],[-106.4271,48.14844],[-106.43514,48.1467],[-106.44058,48.15021],[-106.46718,48.147],[-106.46318,48.15793],[-106.47678,48.16079],[-106.48359,48.15206],[-106.47941,48.14829],[-106.487,48.14399],[-106.49397,48.15071],[-106.50405,48.14901],[-106.52872,48.13929],[-106.53387,48.14336],[-106.53879,48.13471],[-106.54651,48.13298],[-106.54707,48.13916],[-106.55116,48.14056],[-106.54764,48.1494],[-106.53345,48.15572],[-106.53885,48.159],[-106.55025,48.15375],[-106.55782,48.15559],[-106.5639,48.1599],[-106.57664,48.15918],[-106.57958,48.15076],[-106.5839,48.1529],[-106.57926,48.15765],[-106.60054,48.16092],[-106.5958,48.16531],[-106.60799,48.16542],[-106.60538,48.17096],[-106.61149,48.17274],[-106.61655,48.17898],[-106.62848,48.17384],[-106.62934,48.18397],[-106.63669,48.17334],[-106.64117,48.17148],[-106.65039,48.17786],[-106.64655,48.18324],[-106.65983,48.18697],[-106.65372,48.19116],[-106.65823,48.19459],[-106.6648,48.18821],[-106.66938,48.19495],[-106.68211,48.19799],[-106.67569,48.20456],[-106.67949,48.20562],[-106.7001,48.20073],[-106.70196,48.19676],[-106.71479,48.19755],[-106.72032,48.19126],[-106.73147,48.19173],[-106.74103,48.18772],[-106.74348,48.1811],[-106.75227,48.18043],[-106.7579,48.17724],[-106.75885,48.17306],[-106.77243,48.17277],[-106.77659,48.1706],[-106.79158,48.17284],[-106.80158,48.17697],[-106.81565,48.17898],[-106.82501,48.17554],[-106.82917,48.17153],[-106.83687,48.16901],[-106.85561,48.1668],[-106.86252,48.16147],[-106.89175,48.16634],[-106.89889,48.16491],[-106.90426,48.16783],[-106.91962,48.16479],[-106.92887,48.16434],[-106.95281,48.16979],[-106.96035,48.16656],[-106.96841,48.16941],[-106.98005,48.16892],[-106.99386,48.17349],[-106.99781,48.16766],[-107.01588,48.16535],[-107.02121,48.15727],[-107.03329,48.15351],[-107.04496,48.16268],[-107.05056,48.16159],[-107.05693,48.16612],[-107.07062,48.16911],[-107.07944,48.16925],[-107.09445,48.17391],[-107.10612,48.17554],[-107.11789,48.18217],[-107.13698,48.19009],[-107.14975,48.18854],[-107.17112,48.19369],[-107.17502,48.19723],[-107.20659,48.20605],[-107.21445,48.20664],[-107.22228,48.2102],[-107.23251,48.21817],[-107.24158,48.22218],[-107.25055,48.22375],[-107.25989,48.23211],[-107.2611,48.24664],[-107.26358,48.25079],[-107.26116,48.2553],[-107.2661,48.25862],[-107.26498,48.27754],[-107.2675,48.28242],[-107.2633,48.29194],[-107.2734,48.29324],[-107.2796,48.29618],[-107.27733,48.3011],[-107.28286,48.30484],[-107.36925,48.30516],[-107.36973,48.21837],[-107.40451,48.21844],[-107.40467,48.08892],[-107.40477,47.96076],[-107.40468,47.87051],[-107.4144,47.87051],[-107.41489,47.69173]]]},"properties":{"STATEFP":"30","COUNTYFP":"105","COUSUBFP":"93276","COUSUBNS":"01940716","GEOIDFQ":"0600000US3010593276","GEOID":"3010593276","NAME":"South Valley","NAMELSAD":"South Valley CCD","STUSPS":"MT","NAMELSADCO":"Valley County","STATE_NAME":"Montana","LSAD":"22","ALAND":3453223468,"AWATER":331028818}},
{"type":"Feature","geometry":{"type":"Polygon","coordinates":[[[-105.54153,45.33166],[-105.53779,45.32744],[-105.53154,45.32752],[-105.5375,45.34404],[-105.52772,45.34841],[-105.52217,45.34871],[-105.51339,45.34316],[-105.50804,45.34567],[-105.51457,45.34998],[-105.51183,45.35378],[-105.51355,45.3593],[-105.49755,45.36553],[-105.49181,45.37169],[-105.48328,45.3637],[-105.47153,45.36467],[-105.46951,45.37332],[-105.46208,45.36809],[-105.45851,45.38025],[-105.45247,45.37928],[-105.44942,45.38379],[-105.4555,45.39122],[-105.45614,45.39697],[-105.452,45.39948],[-105.45174,45.40678],[-105.44682,45.40779],[-105.44254,45.41293],[-105.43413,45.41546],[-105.41964,45.42447],[-105.41356,45.42319],[-105.40486,45.42596],[-105.3978,45.43057],[-105.39274,45.43088],[-105.38232,45.44858],[-105.37811,45.44934],[-105.37873,45.46206],[-105.3646,45.46375],[-105.35782,45.47001],[-105.35346,45.46432],[-105.34817,45.46275],[-105.33922,45.46643],[-105.33971,45.47049],[-105.34633,45.472],[-105.33924,45.47772],[-105.34181,45.48004],[-105.33544,45.48921],[-105.33025,45.48533],[-105.32107,45.49644],[-105.32896,45.49837],[-105.32727,45.50402],[-105.32171,45.50584],[-105.32388,45.51087],[-105.3316,45.51311],[-105.33694,45.52415],[-105.32926,45.53708],[-105.32333,45.54038],[-105.31623,45.5405],[-105.3129,45.54441],[-105.31504,45.54928],[-105.2975,45.55037],[-105.29114,45.55443],[-105.28581,45.55459],[-105.28478,45.5696],[-105.29195,45.57087],[-105.2932,45.57477],[-105.28364,45.57554],[-105.28535,45.57934],[-105.29155,45.58165],[-105.28654,45.58922],[-105.27249,45.59497],[-105.26441,45.6088],[-105.25956,45.61387],[-105.24981,45.61431],[-105.25537,45.62075],[-105.24898,45.62127],[-105.24124,45.63026],[-105.25277,45.6342],[-105.25009,45.6418],[-105.25157,45.64971],[-105.2464,45.65105],[-105.24459,45.659],[-105.24764,45.66174],[-105.25638,45.66071],[-105.25442,45.6658],[-105.23606,45.67276],[-105.24313,45.67615],[-105.24456,45.68426],[-105.23167,45.6794],[-105.22869,45.6841],[-105.21995,45.69026],[-105.2108,45.68704],[-105.20812,45.68133],[-105.20387,45.68102],[-105.19274,45.69307],[-105.18078,45.69526],[-105.17584,45.6993],[-105.17552,45.70589],[-105.1627,45.71029],[-105.15348,45.70992],[-105.14652,45.71238],[-105.13653,45.72409],[-105.13097,45.72747],[-105.1161,45.741],[-105.11181,45.74607],[-105.11676,45.75],[-105.1115,45.75535],[-105.10686,45.75412],[-105.10369,45.74884],[-105.0964,45.75223],[-105.08804,45.75145],[-105.08658,45.75618],[-105.07657,45.77001],[-105.07116,45.78076],[-105.07098,45.78496],[-105.06224,45.78722],[-105.31505,45.78819],[-105.6555,45.78842],[-105.7278,45.78839],[-105.72597,45.77783],[-105.72818,45.75214],[-105.7304,45.74088],[-105.72776,45.73332],[-105.72864,45.72726],[-105.73308,45.72297],[-105.7376,45.7087],[-105.73749,45.69955],[-105.73963,45.69395],[-105.74783,45.68314],[-105.75695,45.68221],[-105.77394,45.66516],[-105.77698,45.65577],[-105.77575,45.58146],[-105.78162,45.5796],[-105.7872,45.56925],[-105.79534,45.56019],[-105.81088,45.55307],[-105.81904,45.54313],[-105.82626,45.5411],[-105.78772,45.5317],[-105.76337,45.52817],[-105.67661,45.49807],[-105.65178,45.49136],[-105.65356,45.47816],[-105.67041,45.47819],[-105.67356,45.47688],[-105.67356,45.46395],[-105.67549,45.462],[-105.66992,45.44565],[-105.66289,45.43912],[-105.66104,45.42987],[-105.65637,45.42196],[-105.65498,45.40561],[-105.64865,45.4055],[-105.64651,45.39966],[-105.63608,45.39358],[-105.62607,45.38985],[-105.61997,45.3815],[-105.61471,45.3774],[-105.60899,45.36688],[-105.60277,45.35984],[-105.59681,45.35933],[-105.591,45.35112],[-105.57272,45.34671],[-105.56558,45.34295],[-105.56085,45.33738],[-105.5531,45.3351],[-105.54862,45.33729],[-105.54153,45.33166]]]},"properties":{"STATEFP":"30","COUNTYFP":"075","COUSUBFP":"90441","COUSUBNS":"01940578","GEOIDFQ":"0600000US3007590441","GEOID":"3007590441","NAME":"Broadus","NAMELSAD":"Broadus CCD","STUSPS":"MT","NAMELSADCO":"Powder River County","STATE_NAME":"Montana","LSAD":"22","ALAND":1643930792,"AWATER":281736}},
{"type":"Feature","geometry":{"type":"Polygon","coordinates":[[[-113.46648,47.60006],[-113.32584,47.60016],[-113.32584,47.59551],[-113.14437,47.59551],[-113.1472,47.60247],[-113.14629,47.60751],[-113.13576,47.62032],[-113.14359,47.62537],[-113.14448,47.63722],[-113.13262,47.63919],[-113.12811,47.64661],[-113.12847,47.66105],[-113.13537,47.66339],[-113.14641,47.67647],[-113.1491,47.68692],[-113.15781,47.69579],[-113.16022,47.70875],[-113.16581,47.71976],[-113.16412,47.73002],[-113.15455,47.73246],[-113.14916,47.73595],[-113.14243,47.74407],[-113.13799,47.74579],[-113.12186,47.74159],[-113.09789,47.74445],[-113.09407,47.74358],[-113.081,47.74992],[-113.08446,47.76837],[-113.08056,47.7725],[-113.06645,47.77621],[-113.06749,47.78008],[-113.0615,47.78816],[-113.06598,47.7952],[-113.0664,47.80139],[-113.05997,47.80806],[-113.06406,47.81349],[-113.06237,47.82201],[-113.06933,47.82925],[-113.06643,47.83812],[-113.05819,47.8425],[-113.0578,47.85402],[-113.06077,47.85773],[-113.05813,47.87082],[-113.06528,47.87736],[-113.06327,47.88564],[-113.07423,47.89075],[-113.08601,47.89314],[-113.09252,47.89613],[-113.09096,47.90097],[-113.09332,47.90636],[-113.08655,47.91062],[-113.08663,47.91818],[-113.06348,47.92512],[-113.04573,47.92712],[-113.04283,47.9256],[-113.02211,47.9271],[-113.01379,47.94148],[-112.99837,47.94408],[-112.98782,47.95003],[-112.98473,47.95392],[-112.97098,47.95454],[-112.95809,47.95147],[-112.95163,47.94481],[-112.94709,47.94698],[-112.93828,47.94456],[-112.91259,47.94641],[-112.9078,47.95098],[-112.90593,47.96232],[-112.90041,47.96477],[-112.8979,47.97245],[-112.89231,47.97636],[-112.88754,47.97495],[-112.8787,47.97716],[-112.88488,47.98541],[-112.89529,48.01033],[-112.89666,48.01902],[-112.90391,48.02421],[-112.90767,48.02959],[-112.91592,48.02854],[-112.92146,48.03219],[-112.927,48.03167],[-112.93569,48.03515],[-112.94707,48.03098],[-112.95194,48.04076],[-112.95072,48.04998],[-112.93713,48.05552],[-112.93777,48.06093],[-112.94907,48.06403],[-112.95976,48.06975],[-112.96371,48.07491],[-112.97087,48.07276],[-112.98177,48.07376],[-112.97818,48.0802],[-112.98286,48.08644],[-112.98245,48.09042],[-112.99424,48.09851],[-112.99609,48.10609],[-112.99071,48.1078],[-112.99324,48.11486],[-112.98549,48.11651],[-112.98493,48.12046],[-112.99542,48.12548],[-113.00062,48.13073],[-113.00994,48.12823],[-113.01481,48.13103],[-113.02116,48.12948],[-113.03015,48.13327],[-113.03937,48.12959],[-113.03994,48.12545],[-113.05118,48.12131],[-113.05563,48.12486],[-113.05606,48.13352],[-113.05292,48.1409],[-113.06315,48.14957],[-113.06829,48.14841],[-113.08043,48.14107],[-113.0908,48.13644],[-113.09685,48.13917],[-113.10569,48.13718],[-113.11647,48.13726],[-113.13085,48.14015],[-113.1309,48.14562],[-113.14192,48.15335],[-113.15228,48.15124],[-113.16155,48.158],[-113.1662,48.16546],[-113.17505,48.16928],[-113.18497,48.17147],[-113.20269,48.16904],[-113.20785,48.16438],[-113.23484,48.17481],[-113.23072,48.182],[-113.23459,48.19009],[-113.23292,48.19463],[-113.23762,48.21063],[-113.23661,48.21834],[-113.22801,48.22428],[-113.22768,48.23575],[-113.23426,48.23857],[-113.23678,48.24721],[-113.24157,48.24797],[-113.24979,48.25521],[-113.25825,48.25514],[-113.26761,48.25997],[-113.27496,48.25937],[-113.28112,48.26337],[-113.28958,48.26534],[-113.28848,48.26974],[-113.29281,48.27426],[-113.29797,48.28434],[-113.31104,48.28723],[-113.32258,48.28772],[-113.3298,48.29118],[-113.33376,48.29817],[-113.348,48.30311],[-113.34905,48.31026],[-113.3573,48.31701],[-113.3646,48.31036],[-113.36564,48.30346],[-113.38241,48.30093],[-113.38573,48.29719],[-113.39538,48.29374],[-113.41423,48.29655],[-113.42805,48.28371],[-113.43431,48.28039],[-113.44929,48.28434],[-113.45332,48.28164],[-113.44803,48.27548],[-113.4542,48.27186],[-113.45362,48.26812],[-113.46099,48.26142],[-113.46647,48.26106],[-113.47308,48.24957],[-113.4887,48.24337],[-113.50001,48.24202],[-113.50636,48.24299],[-113.51923,48.23915],[-113.53131,48.23819],[-113.54969,48.23366],[-113.56541,48.2353],[-113.57098,48.24078],[-113.56828,48.24431],[-113.5748,48.24683],[-113.57158,48.25509],[-113.58329,48.26115],[-113.5864,48.26552],[-113.59374,48.26443],[-113.60508,48.26913],[-113.60663,48.27955],[-113.59396,48.28617],[-113.59999,48.29425],[-113.60415,48.29415],[-113.60926,48.30448],[-113.62007,48.31567],[-113.62689,48.31776],[-113.63427,48.32486],[-113.64055,48.3334],[-113.63911,48.34342],[-113.64179,48.34525],[-113.64526,48.35583],[-113.64115,48.35872],[-113.64976,48.36411],[-113.6585,48.36459],[-113.65973,48.36951],[-113.6696,48.36952],[-113.67144,48.37847],[-113.68119,48.37652],[-113.6806,48.38173],[-113.68511,48.38552],[-113.68238,48.3889],[-113.69596,48.39068],[-113.70576,48.39717],[-113.70614,48.40141],[-113.71472,48.40888],[-113.7211,48.41177],[-113.73066,48.41979],[-113.75818,48.41993],[-113.76807,48.42514],[-113.79011,48.42532],[-113.79665,48.43297],[-113.80652,48.44158],[-113.80276,48.45409],[-113.80397,48.45769],[-113.81198,48.4616],[-113.81257,48.46534],[-113.82394,48.47689],[-113.83049,48.47894],[-113.83382,48.48314],[-113.84285,48.48683],[-113.84844,48.48467],[-113.85878,48.49203],[-113.87781,48.49237],[-113.88988,48.49703],[-113.89389,48.49485],[-113.90998,48.49334],[-113.92009,48.50009],[-113.92551,48.49861],[-113.93086,48.50238],[-113.94355,48.50246],[-113.9521,48.4952],[-113.96227,48.49892],[-113.9752,48.49999],[-113.98709,48.49758],[-113.99473,48.50642],[-114.00586,48.50646],[-114.00435,48.49818],[-114.02052,48.49103],[-114.02399,48.4862],[-114.03742,48.48551],[-114.04635,48.4795],[-114.05058,48.47908],[-114.05926,48.47203],[-114.07126,48.46726],[-114.06965,48.46139],[-114.0494,48.45476],[-114.04861,48.44855],[-114.05617,48.44302],[-114.06376,48.44309],[-114.06918,48.44003],[-114.06965,48.43391],[-114.06426,48.43112],[-114.05742,48.42289],[-114.05625,48.41153],[-114.04541,48.40455],[-114.04801,48.38954],[-114.05848,48.388],[-114.07021,48.3912],[-114.0779,48.3954],[-114.09073,48.38856],[-114.07896,48.38445],[-114.05995,48.37396],[-114.06658,48.36951],[-114.08723,48.36602],[-114.09176,48.36231],[-114.09351,48.35078],[-114.09886,48.34605],[-114.09891,48.33085],[-114.08477,48.31812],[-114.08016,48.30872],[-114.07954,48.29545],[-114.07562,48.29004],[-114.07904,48.28445],[-114.07388,48.26985],[-114.0623,48.26875],[-114.06337,48.26382],[-114.04671,48.25663],[-114.03885,48.24959],[-114.03317,48.24996],[-114.02129,48.23308],[-114.01344,48.23267],[-114.00198,48.2294],[-113.99815,48.21757],[-113.9915,48.2137],[-113.98429,48.21241],[-113.98316,48.20889],[-113.97568,48.20636],[-113.97103,48.2022],[-113.96234,48.20242],[-113.94395,48.18598],[-113.93732,48.18223],[-113.93801,48.17775],[-113.94388,48.1747],[-113.94253,48.16617],[-113.94601,48.15911],[-113.93855,48.15117],[-113.90976,48.13563],[-113.91484,48.13237],[-113.90945,48.12913],[-113.90254,48.12111],[-113.89773,48.12012],[-113.8925,48.11117],[-113.88391,48.10582],[-113.8737,48.09537],[-113.87668,48.08454],[-113.88723,48.06911],[-113.88725,48.06551],[-113.87822,48.05719],[-113.87657,48.04648],[-113.87234,48.04284],[-113.86649,48.04145],[-113.86984,48.03446],[-113.85923,48.02552],[-113.85932,48.01922],[-113.86537,48.01414],[-113.86264,48.0073],[-113.85713,48.00141],[-113.85541,47.99611],[-113.84461,47.98629],[-113.8422,47.97824],[-113.83295,47.97641],[-113.82977,47.98108],[-113.82168,47.9787],[-113.81385,47.98318],[-113.80285,47.97565],[-113.78205,47.96457],[-113.77815,47.95906],[-113.77234,47.95797],[-113.77421,47.95045],[-113.77036,47.94766],[-113.76239,47.95179],[-113.75277,47.95118],[-113.74718,47.95295],[-113.73816,47.94517],[-113.72829,47.9342],[-113.72734,47.92397],[-113.7185,47.91673],[-113.69873,47.91675],[-113.69476,47.90869],[-113.68477,47.90169],[-113.67201,47.89635],[-113.66724,47.88954],[-113.66529,47.8829],[-113.66677,47.87054],[-113.6749,47.86581],[-113.6757,47.86028],[-113.67188,47.85485],[-113.66936,47.84279],[-113.6662,47.84065],[-113.67243,47.83284],[-113.67346,47.82657],[-113.66747,47.81893],[-113.66959,47.81232],[-113.67736,47.81179],[-113.6817,47.80515],[-113.68101,47.7946],[-113.67535,47.7934],[-113.67064,47.78315],[-113.65268,47.77381],[-113.64666,47.76483],[-113.64974,47.75585],[-113.65572,47.75066],[-113.66257,47.74854],[-113.66383,47.74489],[-113.65949,47.73531],[-113.65107,47.73182],[-113.64029,47.72122],[-113.63346,47.71934],[-113.61706,47.72367],[-113.60392,47.72144],[-113.60238,47.71115],[-113.60285,47.70205],[-113.59865,47.69746],[-113.59811,47.68315],[-113.60368,47.67208],[-113.60595,47.66318],[-113.61751,47.66186],[-113.62266,47.65866],[-113.62606,47.64766],[-113.6237,47.63615],[-113.62907,47.62695],[-113.62509,47.62202],[-113.62823,47.61778],[-113.62911,47.61018],[-113.63408,47.60003],[-113.46648,47.60006]]]},"properties":{"STATEFP":"30","COUNTYFP":"029","COUSUBFP":"93171","COUSUBNS":"01940711","GEOIDFQ":"0600000US3002993171","GEOID":"3002993171","NAME":"South Fork","NAMELSAD":"South Fork CCD","STUSPS":"MT","NAMELSADCO":"Flathead County","STATE_NAME":"Montana","LSAD":"22","ALAND":4469170054,"AWATER":114244173}},
{"type":"Feature","geometry":{"type":"Polygon","coordinates":[[[-115.62997,47.47963],[-115.63195,47.47361],[-115.64013,47.45971],[-115.64901,47.45622],[-115.67644,47.45308],[-115.68234,47.45685],[-115.69192,47.45708],[-115.70211,47.4525],[-115.71704,47.45258],[-115.72536,47.4476],[-115.74003,47.44279],[-115.74793,47.44168],[-115.75241,47.43215],[-115.7593,47.42386],[-115.75208,47.42225],[-115.73929,47.42594],[-115.72143,47.42571],[-115.72051,47.42081],[-115.71202,47.41541],[-115.69212,47.41534],[-115.68686,47.41174],[-115.6756,47.40942],[-115.67737,47.40245],[-115.6573,47.40021],[-115.65693,47.39575],[-115.6506,47.39261],[-115.6463,47.38737],[-115.64837,47.38267],[-115.64292,47.37737],[-115.61928,47.38231],[-115.60964,47.38068],[-115.60207,47.37753],[-115.59578,47.37172],[-115.57764,47.3674],[-115.57834,47.36109],[-115.57505,47.35588],[-115.56583,47.35246],[-115.55755,47.35354],[-115.54907,47.34721],[-115.55018,47.33374],[-115.53883,47.32906],[-115.54104,47.32578],[-115.53706,47.31784],[-115.52826,47.30921],[-115.52851,47.29931],[-115.51534,47.29677],[-115.507,47.29183],[-115.49084,47.28948],[-115.48364,47.28213],[-115.47181,47.28424],[-115.46669,47.28717],[-115.45748,47.28203],[-115.45725,47.27832],[-115.44468,47.27702],[-115.42597,47.28028],[-115.42103,47.27756],[-115.42139,47.27201],[-115.41208,47.2646],[-115.39211,47.26537],[-115.38512,47.26766],[-115.37665,47.26465],[-115.37125,47.26528],[-115.35922,47.25964],[-115.35385,47.26215],[-115.34579,47.26058],[-115.34044,47.26287],[-115.32352,47.25632],[-115.31868,47.25137],[-115.32443,47.24575],[-115.3164,47.23329],[-115.29878,47.2255],[-115.2947,47.21961],[-115.29158,47.21],[-115.29599,47.20566],[-115.30123,47.19345],[-115.3005,47.18814],[-115.29096,47.18682],[-115.28685,47.18349],[-115.27769,47.18208],[-115.26242,47.18169],[-115.2562,47.17498],[-115.25546,47.16369],[-115.24901,47.15908],[-115.24311,47.15073],[-115.22189,47.149],[-115.21632,47.14536],[-115.20849,47.15348],[-115.20603,47.16599],[-115.19941,47.1802],[-115.19563,47.18387],[-115.18336,47.18583],[-115.17661,47.19072],[-115.17132,47.19815],[-115.16433,47.20304],[-115.16143,47.20821],[-115.16081,47.21943],[-115.14861,47.2273],[-115.14244,47.22794],[-115.1309,47.23296],[-115.12152,47.23308],[-115.11951,47.23823],[-115.12587,47.24392],[-115.12295,47.24995],[-115.11413,47.25701],[-115.09812,47.2613],[-115.09008,47.26116],[-115.06907,47.26742],[-115.05933,47.25886],[-115.05381,47.23667],[-115.05028,47.23368],[-115.03412,47.23575],[-115.02564,47.23224],[-114.99756,47.23851],[-114.99938,47.24358],[-115.00498,47.24485],[-115.00019,47.25441],[-114.99248,47.26052],[-114.98915,47.26795],[-114.98064,47.27847],[-114.97383,47.28084],[-114.9615,47.28883],[-114.95737,47.29467],[-114.94805,47.30182],[-114.96764,47.3126],[-114.96898,47.31263],[-114.96906,47.37405],[-114.97704,47.37845],[-114.9803,47.38725],[-114.97919,47.39539],[-114.98226,47.3968],[-115.00348,47.39775],[-115.01406,47.40068],[-115.01798,47.40894],[-115.02764,47.41443],[-115.03371,47.4144],[-115.04858,47.40939],[-115.05267,47.41673],[-115.06706,47.41708],[-115.08126,47.42251],[-115.08787,47.42714],[-115.10058,47.42763],[-115.12117,47.41998],[-115.13915,47.42939],[-115.14949,47.43293],[-115.15904,47.4434],[-115.15739,47.44781],[-115.17484,47.45419],[-115.18445,47.45638],[-115.19385,47.46108],[-115.20392,47.4632],[-115.2128,47.46245],[-115.22542,47.4664],[-115.23477,47.47103],[-115.23498,47.47606],[-115.24906,47.48042],[-115.26161,47.48053],[-115.27429,47.4828],[-115.28218,47.48692],[-115.29681,47.48069],[-115.30598,47.47143],[-115.31648,47.47224],[-115.32404,47.47102],[-115.33621,47.47232],[-115.34269,47.47091],[-115.35439,47.48012],[-115.3647,47.4833],[-115.37938,47.48217],[-115.39456,47.48535],[-115.40168,47.4849],[-115.41208,47.47955],[-115.42572,47.47548],[-115.4293,47.47624],[-115.44854,47.46632],[-115.45625,47.4715],[-115.47107,47.46944],[-115.48449,47.47166],[-115.48994,47.47449],[-115.49138,47.47917],[-115.50057,47.48598],[-115.50874,47.49432],[-115.51927,47.49679],[-115.52626,47.49492],[-115.52146,47.48707],[-115.52909,47.47727],[-115.53754,47.47479],[-115.54811,47.4745],[-115.56633,47.47105],[-115.59679,47.47215],[-115.61207,47.4745],[-115.61907,47.48462],[-115.62997,47.47963]]]},"properties":{"STATEFP":"30","COUNTYFP":"061","COUSUBFP":"93759","COUSUBNS":"01940738","GEOIDFQ":"0600000US3006193759","GEOID":"3006193759","NAME":"West End","NAMELSAD":"West End CCD","STUSPS":"MT","NAMELSADCO":"Mineral County","STATE_NAME":"Montana","LSAD":"22","ALAND":1155696100,"AWATER":2743780}},
{"type":"Feature","geometry":{"type":"Polygon","coordinates":[[[-107.40467,48.08892],[-107.40451,48.21844],[-107.36973,48.21837],[-107.36925,48.30516],[-107.28286,48.30484],[-107.26046,48.30477],[-107.26028,48.39408],[-107.30107,48.394],[-107.30172,48.48094],[-107.25794,48.48099],[-107.25803,48.51482],[-107.26006,48.50919],[-107.27079,48.50429],[-107.27966,48.50646],[-107.2883,48.50648],[-107.2918,48.50918],[-107.3004,48.50975],[-107.30726,48.51248],[-107.30528,48.52158],[-107.31635,48.52539],[-107.3323,48.51928],[-107.3291,48.52548],[-107.33799,48.52564],[-107.34444,48.52877],[-107.34212,48.53198],[-107.35211,48.534],[-107.35694,48.53887],[-107.37199,48.54232],[-107.37415,48.54515],[-107.39118,48.55189],[-107.39616,48.55101],[-107.40646,48.54419],[-107.41706,48.54221],[-107.42779,48.54376],[-107.44442,48.53585],[-107.45475,48.53542],[-107.45734,48.52983],[-107.46478,48.53407],[-107.47834,48.52756],[-107.49478,48.53215],[-107.50026,48.53496],[-107.51124,48.54535],[-107.51641,48.54089],[-107.52972,48.5394],[-107.53479,48.54499],[-107.54114,48.54245],[-107.5472,48.54323],[-107.56327,48.54146],[-107.56894,48.54982],[-107.5625,48.55563],[-107.56894,48.558],[-107.57604,48.55612],[-107.58606,48.55627],[-107.58753,48.56552],[-107.59464,48.56362],[-107.60889,48.56851],[-107.61054,48.5775],[-107.60425,48.58247],[-107.60752,48.5888],[-107.60445,48.59456],[-107.61355,48.59463],[-107.62904,48.60068],[-107.63233,48.60611],[-107.64337,48.60725],[-107.6573,48.60652],[-107.66125,48.5992],[-107.67015,48.5893],[-107.67797,48.5847],[-107.69245,48.58872],[-107.69853,48.58597],[-107.70874,48.58506],[-107.71524,48.58653],[-107.71907,48.5833],[-107.72692,48.58337],[-107.72429,48.57721],[-107.73124,48.57237],[-107.74672,48.57034],[-107.75288,48.56621],[-107.74752,48.56308],[-107.75039,48.55718],[-107.75236,48.54535],[-107.75887,48.54295],[-107.76935,48.54638],[-107.78055,48.54748],[-107.78966,48.55143],[-107.80023,48.54695],[-107.80681,48.55402],[-107.81675,48.55122],[-107.84516,48.55794],[-107.85186,48.5573],[-107.85279,48.56412],[-107.85832,48.56438],[-107.86511,48.56922],[-107.883,48.57449],[-107.88925,48.57313],[-107.90149,48.57736],[-107.90519,48.58197],[-107.90473,48.58977],[-107.91146,48.59534],[-107.92355,48.59945],[-107.92622,48.59716],[-107.93514,48.60267],[-107.94139,48.59875],[-107.94982,48.6017],[-107.96038,48.60206],[-107.9696,48.60504],[-107.97652,48.61173],[-107.98128,48.60963],[-107.99317,48.61414],[-107.98746,48.6178],[-107.98855,48.62159],[-108.00097,48.62638],[-108.0135,48.62856],[-108.02742,48.63344],[-108.03913,48.63203],[-108.0457,48.63411],[-108.05459,48.63322],[-108.05538,48.6416],[-108.06343,48.6442],[-108.06953,48.6528],[-108.06839,48.65828],[-108.08075,48.66527],[-108.08891,48.66729],[-108.08855,48.67156],[-108.09284,48.67731],[-108.10189,48.69771],[-108.10676,48.70323],[-108.11514,48.7046],[-108.12161,48.70915],[-108.13331,48.71185],[-108.13589,48.71743],[-108.14876,48.71965],[-108.16277,48.72005],[-108.17831,48.73417],[-108.17955,48.7414],[-108.1888,48.74138],[-108.19123,48.74385],[-108.20541,48.74224],[-108.21186,48.74569],[-108.22003,48.74305],[-108.23551,48.74721],[-108.23994,48.74565],[-108.25068,48.74694],[-108.25938,48.75114],[-108.25938,48.74223],[-108.31912,48.74221],[-108.31901,48.56843],[-108.34619,48.56845],[-108.34629,48.4228],[-108.32795,48.42839],[-108.3258,48.41642],[-108.31492,48.41662],[-108.31007,48.41181],[-108.29826,48.40635],[-108.29074,48.40051],[-108.29732,48.39532],[-108.28097,48.38642],[-108.28838,48.34353],[-108.28854,48.34003],[-108.30902,48.22042],[-108.32409,48.13138],[-108.32853,48.10793],[-108.33872,48.04556],[-108.34679,48],[-108.36115,47.91453],[-108.36102,47.91393],[-108.35466,47.9136],[-108.3405,47.91789],[-108.33101,47.91642],[-108.31142,47.9201],[-108.29788,47.9136],[-108.28415,47.91175],[-108.27973,47.90972],[-108.26917,47.91043],[-108.25753,47.90925],[-108.24963,47.89673],[-108.2531,47.89129],[-108.24585,47.88615],[-108.23364,47.88673],[-108.21873,47.87903],[-108.21698,47.88248],[-108.2089,47.8845],[-108.20034,47.89168],[-108.19723,47.8978],[-108.19033,47.89764],[-108.1843,47.89467],[-108.15112,47.91093],[-108.14555,47.91031],[-108.14169,47.91682],[-108.13551,47.91629],[-108.11502,47.92251],[-108.11393,47.92538],[-108.1015,47.92925],[-108.09846,47.92821],[-108.08384,47.93828],[-108.06643,47.94244],[-108.05746,47.94324],[-108.04623,47.94648],[-108.04097,47.95401],[-108.02768,47.95921],[-108.01352,47.95617],[-108.00792,47.95683],[-108.00467,47.96138],[-108.00285,47.97216],[-107.99539,47.98492],[-107.98495,47.98568],[-107.98323,47.98838],[-107.97319,47.98581],[-107.96659,47.986],[-107.95823,47.9829],[-107.9483,47.98248],[-107.92955,47.97616],[-107.92298,47.97931],[-107.90186,47.98343],[-107.90113,47.99093],[-107.90679,47.99741],[-107.90197,48.00123],[-107.90509,48.00567],[-107.90088,48.01153],[-107.89981,48.01843],[-107.88488,48.02898],[-107.87535,48.02524],[-107.87127,48.03425],[-107.84796,48.03915],[-107.84426,48.04804],[-107.82861,48.05493],[-107.82492,48.06448],[-107.82947,48.06743],[-107.82401,48.07088],[-107.82255,48.08357],[-107.81348,48.08804],[-107.80465,48.08772],[-107.80121,48.08431],[-107.79392,48.08704],[-107.7905,48.08266],[-107.77945,48.08477],[-107.76622,48.07377],[-107.76003,48.07078],[-107.7479,48.06985],[-107.74806,48.06741],[-107.73413,48.06642],[-107.73386,48.06178],[-107.71971,48.06253],[-107.71271,48.05871],[-107.70972,48.05326],[-107.69656,48.05242],[-107.69427,48.04727],[-107.68613,48.04427],[-107.67355,48.04571],[-107.6685,48.04385],[-107.66485,48.03746],[-107.64412,48.02476],[-107.63748,48.0253],[-107.62852,48.02132],[-107.61668,48.02256],[-107.61259,48.02594],[-107.603,48.02741],[-107.59973,48.03182],[-107.58736,48.0326],[-107.5849,48.03744],[-107.57846,48.03716],[-107.57009,48.04605],[-107.57086,48.05257],[-107.55638,48.05188],[-107.54951,48.06041],[-107.54644,48.07078],[-107.55633,48.07312],[-107.55118,48.07702],[-107.56151,48.08344],[-107.54718,48.08782],[-107.53306,48.08751],[-107.43167,48.08767],[-107.42595,48.09486],[-107.41238,48.09299],[-107.40467,48.08892]]]},"properties":{"STATEFP":"30","COUNTYFP":"071","COUSUBFP":"92205","COUSUBNS":"01940666","GEOIDFQ":"0600000US3007192205","GEOID":"3007192205","NAME":"Malta","NAMELSAD":"Malta CCD","STUSPS":"MT","NAMELSADCO":"Phillips County","STATE_NAME":"Montana","LSAD":"22","ALAND":4861461935,"AWATER":57216609}},
{"type":"Feature","geometry":{"type":"Polygon","coordinates":[[[-107.90912,47.45069],[-107.91703,47.44663],[-107.91669,47.43941],[-107.90993,47.42898],[-107.91353,47.42508],[-107.9092,47.42157],[-107.91223,47.41688],[-107.9096,47.40158],[-107.91693,47.39729],[-107.92463,47.39679],[-107.92728,47.39279],[-107.92312,47.38853],[-107.92816,47.38634],[-107.93437,47.38869],[-107.93701,47.3838],[-107.93032,47.38261],[-107.93068,47.37655],[-107.93951,47.37381],[-107.94076,47.36684],[-107.95662,47.36094],[-107.95083,47.3559],[-107.96389,47.35401],[-107.96039,47.34879],[-107.95149,47.34325],[-107.95676,47.34153],[-107.95531,47.33707],[-107.96031,47.33471],[-107.96389,47.32891],[-107.95718,47.32266],[-107.94452,47.3202],[-107.95595,47.31067],[-107.9568,47.30387],[-107.94611,47.30045],[-107.96078,47.29121],[-107.95104,47.2876],[-107.96208,47.28063],[-107.96447,47.27539],[-107.95276,47.27349],[-107.95532,47.26716],[-107.96326,47.26412],[-107.95527,47.2594],[-107.96126,47.25719],[-107.96863,47.24982],[-107.94905,47.24338],[-107.96177,47.23767],[-107.94967,47.22842],[-107.93891,47.21731],[-107.9399,47.20844],[-107.9471,47.19818],[-107.94264,47.19203],[-107.93151,47.18539],[-107.93904,47.18143],[-107.93482,47.17674],[-107.92993,47.18308],[-107.92293,47.17949],[-107.92706,47.17609],[-107.93152,47.16548],[-107.93813,47.16669],[-107.94127,47.15331],[-107.9503,47.16132],[-107.95505,47.15733],[-107.94883,47.15317],[-107.94755,47.148],[-107.93872,47.14544],[-107.93851,47.14222],[-107.94429,47.13314],[-107.96058,47.12533],[-107.95435,47.12065],[-107.94232,47.12043],[-107.93801,47.11554],[-107.93869,47.11104],[-107.94429,47.10914],[-107.93774,47.10402],[-107.93409,47.09756],[-107.93486,47.08719],[-107.93348,47.07885],[-107.92794,47.07874],[-107.9222,47.08232],[-107.91785,47.07938],[-107.92426,47.07565],[-107.92675,47.06942],[-107.91984,47.06851],[-107.92477,47.06226],[-107.91981,47.05903],[-107.92344,47.05367],[-107.921,47.04869],[-107.92486,47.04353],[-107.90916,47.04054],[-107.90969,47.03183],[-107.92164,47.02401],[-107.91953,47.01709],[-107.91056,47.01279],[-107.906,47.01387],[-107.90155,47.01932],[-107.89598,47.01452],[-107.89567,47.00742],[-107.88311,46.99834],[-107.8888,46.99425],[-107.88485,46.99403],[-107.8467,46.987],[-107.83577,46.98748],[-107.82448,46.99314],[-107.79627,46.99874],[-107.73338,47.02094],[-107.7104,47.02645],[-107.67628,47.04027],[-107.66542,47.04392],[-107.63444,47.04837],[-107.62313,47.05069],[-107.59889,47.05876],[-107.5938,47.0613],[-107.58655,47.06957],[-107.57385,47.07707],[-107.56486,47.08035],[-107.53072,47.08647],[-107.52356,47.08827],[-107.45601,47.11043],[-107.424,47.12228],[-107.37769,47.13359],[-107.35138,47.13423],[-107.34708,47.13501],[-107.32896,47.14268],[-107.31099,47.15405],[-107.2716,47.16939],[-107.22806,47.1881],[-107.21223,47.19662],[-107.19948,47.20649],[-107.1608,47.22857],[-107.1277,47.25304],[-107.09285,47.26381],[-107.06355,47.27046],[-107.0427,47.27744],[-107.04339,47.26618],[-107.04138,47.25679],[-107.04554,47.25087],[-107.04142,47.24356],[-107.04089,47.2262],[-107.04221,47.21393],[-107.0414,47.20593],[-107.04633,47.203],[-107.04999,47.19661],[-107.03762,47.193],[-107.03565,47.18999],[-107.02697,47.18667],[-107.01685,47.1875],[-107.00852,47.17743],[-106.9974,47.18248],[-107.00185,47.18615],[-106.99503,47.19142],[-106.98814,47.20008],[-106.98718,47.20438],[-106.97152,47.2102],[-106.97302,47.21265],[-106.96129,47.2195],[-106.94957,47.22189],[-106.94984,47.22768],[-106.93985,47.22391],[-106.93593,47.23193],[-106.9192,47.23493],[-106.91357,47.23434],[-106.89818,47.2423],[-106.88813,47.24017],[-106.88926,47.24565],[-106.88209,47.24502],[-106.8756,47.25234],[-106.8691,47.25164],[-106.8655,47.25723],[-106.86062,47.25888],[-106.84899,47.2527],[-106.8372,47.25472],[-106.82782,47.25834],[-106.82156,47.25864],[-106.80999,47.26567],[-106.80637,47.26267],[-106.79449,47.26658],[-106.78856,47.27204],[-106.78188,47.26826],[-106.7756,47.27328],[-106.77619,47.28],[-106.77131,47.28148],[-106.75813,47.29425],[-106.75818,47.29898],[-106.75181,47.30392],[-106.73861,47.30424],[-106.73372,47.31725],[-106.72218,47.32066],[-106.71967,47.31935],[-106.69754,47.31788],[-106.68032,47.32215],[-106.68111,47.32715],[-106.66371,47.32755],[-106.62597,47.32669],[-106.62912,47.33316],[-106.62452,47.33914],[-106.61496,47.34398],[-106.60809,47.34262],[-106.59927,47.3524],[-106.59634,47.35799],[-106.58738,47.35614],[-106.58002,47.36258],[-106.57101,47.35982],[-106.55773,47.35778],[-106.54811,47.35827],[-106.54362,47.35085],[-106.5343,47.3582],[-106.51492,47.3582],[-106.51482,47.35275],[-106.50154,47.35725],[-106.48534,47.35151],[-106.47901,47.3522],[-106.48069,47.36058],[-106.47449,47.36016],[-106.46868,47.35357],[-106.45927,47.35159],[-106.44786,47.35325],[-106.44052,47.34913],[-106.43606,47.35362],[-106.42903,47.35401],[-106.42048,47.35148],[-106.42083,47.357],[-106.41713,47.36035],[-106.41093,47.35891],[-106.40139,47.36024],[-106.39504,47.35529],[-106.36617,47.3505],[-106.36208,47.3485],[-106.35281,47.35058],[-106.35529,47.35526],[-106.34734,47.35685],[-106.35189,47.36382],[-106.34287,47.37219],[-106.34193,47.37707],[-106.34946,47.38563],[-106.34696,47.39578],[-106.35993,47.39342],[-106.36416,47.40119],[-106.36028,47.40582],[-106.34628,47.41094],[-106.34802,47.41529],[-106.35649,47.41481],[-106.36506,47.42154],[-106.34937,47.42432],[-106.3572,47.43172],[-106.34956,47.44713],[-106.34331,47.45135],[-106.34079,47.45752],[-106.31839,47.46127],[-106.32158,47.46917],[-106.33076,47.472],[-106.32749,47.47701],[-106.31475,47.48577],[-106.31131,47.49216],[-106.31904,47.49849],[-106.31448,47.50428],[-106.30579,47.50005],[-106.29806,47.49893],[-106.29807,47.52904],[-106.26112,47.52905],[-106.26108,47.65654],[-106.26093,47.86843],[-106.35808,47.86841],[-106.35829,47.95722],[-106.41862,47.95746],[-106.42266,47.954],[-106.42901,47.95463],[-106.43405,47.96136],[-106.42879,47.9702],[-106.42896,47.97618],[-106.43225,47.97965],[-106.44367,47.98273],[-106.45006,47.98197],[-106.45241,47.97042],[-106.46259,47.96533],[-106.47077,47.96331],[-106.49013,47.96229],[-106.50172,47.95829],[-106.50948,47.94997],[-106.50716,47.94597],[-106.49528,47.94332],[-106.4887,47.93258],[-106.48943,47.92738],[-106.49625,47.91652],[-106.5021,47.91378],[-106.51319,47.91351],[-106.52575,47.9092],[-106.53081,47.90356],[-106.52437,47.89708],[-106.51006,47.89116],[-106.50727,47.88271],[-106.51032,47.879],[-106.52242,47.88128],[-106.53067,47.88082],[-106.54271,47.87583],[-106.54187,47.86998],[-106.52714,47.86098],[-106.52926,47.85002],[-106.53421,47.8478],[-106.55143,47.8476],[-106.55904,47.84551],[-106.56322,47.84072],[-106.55749,47.82858],[-106.56063,47.82078],[-106.571,47.81293],[-106.58938,47.8118],[-106.60424,47.80832],[-106.61019,47.80491],[-106.60372,47.79745],[-106.60313,47.78474],[-106.60981,47.77723],[-106.61334,47.77709],[-106.62179,47.79086],[-106.62484,47.7921],[-106.64277,47.79305],[-106.6521,47.79079],[-106.65417,47.78259],[-106.65832,47.77504],[-106.66831,47.76906],[-106.67917,47.77633],[-106.69372,47.77674],[-106.71197,47.77211],[-106.71082,47.75804],[-106.7177,47.7474],[-106.73445,47.73416],[-106.74657,47.73132],[-106.76019,47.73145],[-106.7857,47.74251],[-106.81327,47.74442],[-106.83417,47.7434],[-106.85371,47.74032],[-106.86167,47.73737],[-106.87491,47.72543],[-106.87922,47.7181],[-106.87219,47.70809],[-106.86991,47.70227],[-106.87004,47.69414],[-106.87968,47.67895],[-106.89275,47.67482],[-106.91643,47.67019],[-106.92556,47.66947],[-106.93716,47.67506],[-106.94455,47.67629],[-106.96075,47.67216],[-106.97865,47.67264],[-106.99352,47.67464],[-106.99853,47.67396],[-107.01136,47.66311],[-107.02897,47.66044],[-107.03706,47.66216],[-107.07051,47.6624],[-107.08097,47.66353],[-107.09404,47.66684],[-107.11411,47.66903],[-107.15882,47.66779],[-107.17509,47.66191],[-107.19451,47.66129],[-107.20062,47.66356],[-107.21549,47.66183],[-107.249,47.66157],[-107.25568,47.66381],[-107.27126,47.67524],[-107.28428,47.68045],[-107.31157,47.6811],[-107.33176,47.68069],[-107.34978,47.68549],[-107.36023,47.69122],[-107.37834,47.69285],[-107.40916,47.69251],[-107.41489,47.69173],[-107.41943,47.68857],[-107.42853,47.67653],[-107.42868,47.67119],[-107.41974,47.6623],[-107.42069,47.65774],[-107.42746,47.65138],[-107.43717,47.64971],[-107.43828,47.64459],[-107.43401,47.63995],[-107.4347,47.63141],[-107.44275,47.62367],[-107.45151,47.62214],[-107.47909,47.624],[-107.49934,47.62401],[-107.51085,47.63017],[-107.52079,47.64292],[-107.5333,47.64351],[-107.55367,47.64635],[-107.56757,47.64296],[-107.57323,47.6437],[-107.59425,47.64973],[-107.60657,47.64948],[-107.61238,47.64472],[-107.61623,47.63257],[-107.63313,47.64388],[-107.63898,47.64963],[-107.64809,47.65251],[-107.65472,47.65045],[-107.64763,47.64443],[-107.64574,47.63935],[-107.64668,47.62944],[-107.65416,47.62135],[-107.66199,47.62089],[-107.67117,47.62989],[-107.68631,47.63127],[-107.69567,47.62899],[-107.69507,47.621],[-107.70743,47.60838],[-107.70952,47.60026],[-107.71765,47.59435],[-107.7209,47.58958],[-107.73152,47.58541],[-107.73227,47.57187],[-107.73733,47.56899],[-107.75273,47.5675],[-107.76299,47.56365],[-107.75936,47.55323],[-107.76192,47.54805],[-107.77273,47.54307],[-107.77786,47.54365],[-107.78517,47.55206],[-107.79284,47.55322],[-107.7962,47.54589],[-107.80734,47.54277],[-107.81378,47.54582],[-107.82203,47.54518],[-107.83021,47.53861],[-107.83943,47.53441],[-107.84223,47.52491],[-107.85356,47.51722],[-107.8607,47.5165],[-107.86549,47.5129],[-107.86481,47.50795],[-107.85794,47.503],[-107.85047,47.49195],[-107.85124,47.48751],[-107.86622,47.48254],[-107.86897,47.47766],[-107.86746,47.47083],[-107.8621,47.46726],[-107.86004,47.46004],[-107.86354,47.45605],[-107.88598,47.45335],[-107.90524,47.44938],[-107.90912,47.45069]]]},"properties":{"STATEFP":"30","COUNTYFP":"033","COUSUBFP":"92478","COUSUBNS":"01940678","GEOIDFQ":"0600000US3003392478","GEOID":"3003392478","NAME":"North Garfield","NAMELSAD":"North Garfield CCD","STUSPS":"MT","NAMELSADCO":"Garfield County","STATE_NAME":"Montana","LSAD":"22","ALAND":6564829876,"AWATER":441777079}},
{"type":"Feature","geometry":{"type":"Polygon","coordinates":[[[-114.26252,48.34177],[-114.26241,48.32732],[-114.23523,48.32682],[-114.23514,48.31269],[-114.20742,48.31254],[-114.20808,48.32201],[-114.21468,48.3356],[-114.22135,48.33921],[-114.21936,48.35078],[-114.20542,48.35743],[-114.18751,48.36007],[-114.18193,48.36315],[-114.17136,48.36424],[-114.16624,48.36919],[-114.16798,48.37591],[-114.16634,48.38052],[-114.15179,48.38801],[-114.1462,48.38897],[-114.13174,48.38507],[-114.10518,48.38587],[-114.09726,48.38901],[-114.09073,48.38856],[-114.0779,48.3954],[-114.07021,48.3912],[-114.05848,48.388],[-114.04801,48.38954],[-114.04541,48.40455],[-114.05625,48.41153],[-114.05742,48.42289],[-114.06426,48.43112],[-114.06965,48.43391],[-114.06918,48.44003],[-114.06376,48.44309],[-114.05617,48.44302],[-114.04861,48.44855],[-114.0494,48.45476],[-114.06965,48.46139],[-114.07126,48.46726],[-114.07748,48.47183],[-114.09059,48.4717],[-114.09407,48.48165],[-114.11169,48.49011],[-114.12114,48.48926],[-114.128,48.499],[-114.12698,48.50709],[-114.13262,48.50798],[-114.13048,48.51451],[-114.12117,48.52212],[-114.12292,48.52476],[-114.1141,48.53057],[-114.11836,48.53554],[-114.11817,48.54182],[-114.12516,48.54841],[-114.12371,48.55347],[-114.12644,48.55762],[-114.12835,48.57025],[-114.13957,48.57685],[-114.15099,48.5778],[-114.15676,48.58041],[-114.15742,48.58657],[-114.15441,48.59324],[-114.16702,48.59473],[-114.16042,48.60052],[-114.17154,48.60866],[-114.16567,48.61085],[-114.15367,48.61128],[-114.14806,48.61872],[-114.13743,48.62056],[-114.14567,48.63417],[-114.15575,48.63722],[-114.15887,48.6406],[-114.15275,48.64685],[-114.16287,48.64939],[-114.17285,48.65464],[-114.17398,48.66023],[-114.17874,48.66202],[-114.18818,48.67],[-114.18813,48.67365],[-114.19476,48.67843],[-114.18765,48.68707],[-114.19472,48.69085],[-114.20639,48.69193],[-114.20814,48.69446],[-114.20549,48.70239],[-114.20991,48.71164],[-114.21495,48.71413],[-114.23336,48.7136],[-114.2382,48.71771],[-114.24749,48.71934],[-114.25453,48.72394],[-114.2525,48.72772],[-114.25582,48.73183],[-114.26399,48.73456],[-114.26284,48.7509],[-114.27213,48.75405],[-114.27796,48.76289],[-114.28002,48.78107],[-114.28773,48.78862],[-114.30999,48.79718],[-114.31911,48.79779],[-114.32175,48.80504],[-114.32756,48.80787],[-114.32907,48.81598],[-114.33671,48.81734],[-114.34102,48.82523],[-114.33567,48.83309],[-114.34627,48.83885],[-114.34831,48.84642],[-114.35317,48.85206],[-114.35377,48.85773],[-114.36692,48.85744],[-114.3617,48.86466],[-114.3596,48.87208],[-114.36493,48.87465],[-114.37334,48.87488],[-114.3766,48.88227],[-114.36757,48.88318],[-114.37065,48.89457],[-114.3817,48.8974],[-114.37481,48.90705],[-114.38269,48.91317],[-114.38788,48.92139],[-114.38625,48.92711],[-114.39207,48.92934],[-114.39418,48.93663],[-114.40214,48.94145],[-114.40828,48.94089],[-114.41257,48.95186],[-114.42198,48.95265],[-114.42744,48.95534],[-114.42957,48.96174],[-114.43702,48.96973],[-114.4445,48.97316],[-114.45151,48.98039],[-114.45517,48.98692],[-114.46458,48.98957],[-114.46734,48.99535],[-114.47489,49.00115],[-114.6744,49.00068],[-114.72705,49.00059],[-114.73332,48.99768],[-114.7394,48.99083],[-114.73507,48.98279],[-114.72457,48.97983],[-114.69686,48.97994],[-114.68497,48.97336],[-114.68681,48.96588],[-114.69133,48.96445],[-114.69699,48.9539],[-114.70563,48.95148],[-114.70991,48.94556],[-114.71881,48.93868],[-114.71813,48.93177],[-114.70932,48.92998],[-114.70333,48.90353],[-114.71057,48.89095],[-114.7022,48.88039],[-114.69365,48.8742],[-114.68942,48.86389],[-114.68933,48.85505],[-114.69353,48.85005],[-114.69206,48.84183],[-114.70526,48.83855],[-114.70801,48.83247],[-114.72268,48.83161],[-114.72739,48.81881],[-114.73079,48.81663],[-114.73248,48.8093],[-114.72268,48.80675],[-114.71454,48.8016],[-114.70392,48.80281],[-114.69008,48.80111],[-114.68153,48.79715],[-114.67216,48.79929],[-114.67338,48.78941],[-114.6648,48.78556],[-114.66182,48.78106],[-114.6561,48.78206],[-114.64857,48.77936],[-114.6405,48.77021],[-114.63551,48.75936],[-114.61814,48.75956],[-114.61206,48.75186],[-114.61905,48.74869],[-114.6192,48.7426],[-114.63184,48.73729],[-114.63916,48.73193],[-114.64843,48.73136],[-114.64653,48.72564],[-114.63272,48.71343],[-114.62049,48.70755],[-114.61684,48.70029],[-114.60582,48.69506],[-114.58899,48.67872],[-114.58323,48.67686],[-114.57174,48.68009],[-114.56667,48.67188],[-114.54971,48.65501],[-114.54701,48.64572],[-114.52724,48.62913],[-114.52829,48.62622],[-114.51945,48.6236],[-114.49382,48.60468],[-114.48486,48.60027],[-114.47572,48.59996],[-114.46612,48.59143],[-114.46133,48.59023],[-114.45229,48.57986],[-114.44535,48.57874],[-114.4224,48.56335],[-114.41631,48.55393],[-114.41028,48.55345],[-114.39409,48.54047],[-114.38028,48.54484],[-114.37716,48.53904],[-114.35637,48.53065],[-114.35317,48.53143],[-114.34043,48.52823],[-114.33003,48.5238],[-114.33263,48.52067],[-114.32699,48.51449],[-114.31925,48.51546],[-114.30763,48.50669],[-114.29848,48.50595],[-114.29065,48.50792],[-114.27854,48.50807],[-114.27299,48.5098],[-114.25994,48.5075],[-114.2518,48.50764],[-114.23391,48.5053],[-114.2229,48.50104],[-114.2237,48.49082],[-114.23012,48.48771],[-114.23057,48.48202],[-114.23716,48.477],[-114.24099,48.46846],[-114.23323,48.45563],[-114.23117,48.43945],[-114.22872,48.43019],[-114.22549,48.42837],[-114.23425,48.41698],[-114.23251,48.40923],[-114.23649,48.40068],[-114.24087,48.39978],[-114.24092,48.38525],[-114.2627,48.38527],[-114.26252,48.34177]]]},"properties":{"STATEFP":"30","COUNTYFP":"029","COUSUBFP":"90672","COUSUBNS":"01940589","GEOIDFQ":"0600000US3002990672","GEOID":"3002990672","NAME":"Columbia Falls","NAMELSAD":"Columbia Falls CCD","STUSPS":"MT","NAMELSADCO":"Flathead County","STATE_NAME":"Montana","LSAD":"22","ALAND":1534999431,"AWATER":9870843}},
{"type":"Feature","geometry":{"type":"Polygon","coordinates":[[[-111.65813,46.91342],[-111.78192,46.91358],[-111.79024,46.91376],[-111.79023,47.09298],[-111.78928,47.12892],[-111.87488,47.12866],[-111.87444,47.12139],[-111.89636,47.12128],[-111.89629,47.13574],[-111.92014,47.13569],[-111.93026,47.14385],[-111.93406,47.1413],[-111.94214,47.14358],[-111.95406,47.15727],[-111.96418,47.15875],[-111.96171,47.16903],[-111.96645,47.17365],[-111.97147,47.17086],[-111.97925,47.17374],[-111.97738,47.18393],[-111.99465,47.18266],[-112.00083,47.17959],[-112.01144,47.18015],[-112.01004,47.18437],[-112.01613,47.19364],[-112.02565,47.19914],[-112.03604,47.19364],[-112.04483,47.19271],[-112.05589,47.18714],[-112.06167,47.18088],[-112.0653,47.18415],[-112.07485,47.18339],[-112.08416,47.18679],[-112.08435,47.19306],[-112.08788,47.19764],[-112.09847,47.19933],[-112.11096,47.21299],[-112.11759,47.21784],[-112.12319,47.21126],[-112.13164,47.2167],[-112.13849,47.21418],[-112.14729,47.21466],[-112.15859,47.20924],[-112.16261,47.20395],[-112.16925,47.20449],[-112.17563,47.20064],[-112.19485,47.19755],[-112.22779,47.2119],[-112.24077,47.21498],[-112.24616,47.21301],[-112.2894,47.18372],[-112.29909,47.17919],[-112.31159,47.16777],[-112.31985,47.15337],[-112.32623,47.14614],[-112.3339,47.13382],[-112.3523,47.12199],[-112.36066,47.11122],[-112.35445,47.10057],[-112.36382,47.09444],[-112.36488,47.08974],[-112.37308,47.08699],[-112.37065,47.07662],[-112.36501,47.08044],[-112.35478,47.07942],[-112.34514,47.06667],[-112.32572,47.06028],[-112.32472,47.05279],[-112.31882,47.04225],[-112.31295,47.03834],[-112.31686,47.03279],[-112.31695,47.02389],[-112.31172,47.01818],[-112.30341,47.01669],[-112.29844,47.01868],[-112.27397,47.01017],[-112.2637,47.00289],[-112.23297,46.98621],[-112.22753,46.97985],[-112.22265,46.98002],[-112.21288,46.973],[-112.19284,46.9682],[-112.17683,46.96633],[-112.16211,46.95921],[-112.14484,46.94756],[-112.13089,46.94077],[-112.12533,46.93013],[-112.12378,46.92363],[-112.11512,46.91106],[-112.12301,46.90279],[-112.11674,46.89195],[-112.09005,46.87817],[-112.04937,46.86817],[-112.03704,46.862],[-112.01415,46.84259],[-112.00599,46.83188],[-112.00036,46.81558],[-112.00686,46.80546],[-112.02903,46.79135],[-112.03484,46.78344],[-112.03495,46.77834],[-112.03073,46.76607],[-112.01593,46.75655],[-112.0137,46.75024],[-112.0174,46.73346],[-112.01202,46.71664],[-112.01176,46.70443],[-111.96022,46.70442],[-111.95201,46.70816],[-111.91779,46.70866],[-111.89904,46.70555],[-111.88331,46.71105],[-111.8787,46.71825],[-111.88539,46.72894],[-111.89078,46.73028],[-111.88945,46.73636],[-111.88109,46.7432],[-111.87689,46.73371],[-111.86134,46.72484],[-111.84623,46.72044],[-111.8359,46.72033],[-111.81652,46.72366],[-111.80478,46.72229],[-111.80213,46.71812],[-111.80956,46.70824],[-111.80159,46.69852],[-111.81194,46.69404],[-111.82222,46.68223],[-111.81949,46.67282],[-111.8007,46.66362],[-111.78658,46.65952],[-111.76257,46.65567],[-111.75431,46.65762],[-111.7492,46.66135],[-111.74327,46.66087],[-111.72733,46.64799],[-111.71913,46.64333],[-111.69527,46.62689],[-111.67418,46.59855],[-111.66768,46.59342],[-111.63608,46.5719],[-111.63586,46.57],[-111.6351,46.57342],[-111.63738,46.58089],[-111.64009,46.58246],[-111.6403,46.66123],[-111.63917,46.66123],[-111.6387,46.73832],[-111.63464,46.74273],[-111.62498,46.74634],[-111.62286,46.75551],[-111.61528,46.7584],[-111.61142,46.76376],[-111.60985,46.77309],[-111.60229,46.77826],[-111.59678,46.77723],[-111.58564,46.78153],[-111.57634,46.77727],[-111.56709,46.77668],[-111.56482,46.76939],[-111.56122,46.76623],[-111.54469,46.76919],[-111.53534,46.76534],[-111.52187,46.76474],[-111.50889,46.75957],[-111.49809,46.7625],[-111.49464,46.77457],[-111.49603,46.79027],[-111.50289,46.79953],[-111.51155,46.8083],[-111.50577,46.81412],[-111.50921,46.81625],[-111.52381,46.81707],[-111.52382,46.8092],[-111.5323,46.80438],[-111.53941,46.80515],[-111.5528,46.80404],[-111.56391,46.80848],[-111.5723,46.81011],[-111.58503,46.80535],[-111.5907,46.80906],[-111.59666,46.80752],[-111.60315,46.80995],[-111.61792,46.82119],[-111.61868,46.82646],[-111.62758,46.83251],[-111.6395,46.83213],[-111.64574,46.84336],[-111.63545,46.854],[-111.64111,46.85844],[-111.64222,46.86539],[-111.62999,46.86803],[-111.60928,46.87742],[-111.60272,46.89139],[-111.60868,46.89227],[-111.62386,46.90294],[-111.63471,46.90417],[-111.65006,46.90802],[-111.65813,46.91342]]]},"properties":{"STATEFP":"30","COUNTYFP":"049","COUSUBFP":"93990","COUSUBNS":"01940749","GEOIDFQ":"0600000US3004993990","GEOID":"3004993990","NAME":"Wolf Creek","NAMELSAD":"Wolf Creek CCD","STUSPS":"MT","NAMELSADCO":"Lewis and Clark County","STATE_NAME":"Montana","LSAD":"22","ALAND":1890414652,"AWATER":44114366}},
{"type":"Feature","geometry":{"type":"Polygon","coordinates":[[[-105.19501,47.90433],[-105.19469,48.05423],[-105.19478,48.06662],[-105.20509,48.06615],[-105.21087,48.06325],[-105.21869,48.0641],[-105.2242,48.07139],[-105.21893,48.08146],[-105.22899,48.08928],[-105.24245,48.09075],[-105.25054,48.08904],[-105.26255,48.08906],[-105.27885,48.0841],[-105.28745,48.08408],[-105.30319,48.08023],[-105.31756,48.07902],[-105.32547,48.08225],[-105.32461,48.08822],[-105.3313,48.09264],[-105.34575,48.0945],[-105.36453,48.08875],[-105.38352,48.09293],[-105.39696,48.09184],[-105.42702,48.09224],[-105.43109,48.08968],[-105.45494,48.08954],[-105.47057,48.09396],[-105.48227,48.0911],[-105.49219,48.09296],[-105.49804,48.0979],[-105.50735,48.09705],[-105.51858,48.08826],[-105.52368,48.07432],[-105.53113,48.06803],[-105.54048,48.06644],[-105.55502,48.0736],[-105.56359,48.08142],[-105.56848,48.08355],[-105.58488,48.07983],[-105.59503,48.08178],[-105.60721,48.07826],[-105.6175,48.07327],[-105.62735,48.07583],[-105.64794,48.0773],[-105.65314,48.0733],[-105.64946,48.06942],[-105.63965,48.066],[-105.63864,48.05904],[-105.64344,48.0511],[-105.65151,48.0465],[-105.66129,48.04575],[-105.6662,48.05705],[-105.67128,48.05942],[-105.68002,48.05909],[-105.69454,48.05354],[-105.70549,48.04533],[-105.71064,48.03753],[-105.7208,48.03195],[-105.7386,48.03063],[-105.75056,48.0254],[-105.76056,48.02702],[-105.76545,48.03063],[-105.7674,48.04317],[-105.77064,48.04729],[-105.7778,48.04716],[-105.78188,48.04255],[-105.78111,48.03252],[-105.78628,48.02256],[-105.80015,48.02554],[-105.80888,48.02473],[-105.823,48.02034],[-105.83473,48.01339],[-105.84389,48.01029],[-105.85702,48.0094],[-105.85883,48.01402],[-105.87724,48.02144],[-105.88177,48.02514],[-105.88453,48.0342],[-105.89462,48.03818],[-105.89928,48.03422],[-105.89649,48.01436],[-105.90286,48.00706],[-105.91955,48.0039],[-105.93523,48.01334],[-105.94206,48.01474],[-105.95184,48.01344],[-105.9746,48.01586],[-105.98453,48.02072],[-105.98951,48.02651],[-106.00618,48.03369],[-106.01923,48.03291],[-106.0251,48.02609],[-106.02316,48.02223],[-106.01445,48.01646],[-106.01114,48.01125],[-106.0144,48.00648],[-106.02937,48.00406],[-106.04412,48.00847],[-106.04869,48.01967],[-106.05826,48.02891],[-106.06624,48.03285],[-106.07915,48.03554],[-106.08574,48.03471],[-106.08873,48.02998],[-106.08482,48.02571],[-106.08729,48.01843],[-106.09554,48.01058],[-106.10258,48.00766],[-106.11988,48.00407],[-106.14195,48.00641],[-106.143,48.01276],[-106.12804,48.01879],[-106.12287,48.02416],[-106.12271,48.02824],[-106.13186,48.03249],[-106.14579,48.02984],[-106.15726,48.03059],[-106.1753,48.0278],[-106.18942,48.02909],[-106.20414,48.02654],[-106.2293,48.02642],[-106.2448,48.02994],[-106.25365,48.03563],[-106.26161,48.03841],[-106.26961,48.04477],[-106.2756,48.04658],[-106.28555,48.0453],[-106.28979,48.0413],[-106.30097,48.04138],[-106.30531,48.05009],[-106.31354,48.05489],[-106.31871,48.05553],[-106.32144,48.05544],[-106.33865,48.04608],[-106.35147,48.04376],[-106.36445,48.04683],[-106.366,48.0561],[-106.37362,48.06235],[-106.39416,48.06473],[-106.40587,48.05707],[-106.41436,48.04522],[-106.41779,48.04292],[-106.42428,48.02629],[-106.42987,48.01828],[-106.42522,48.01495],[-106.42339,48.00352],[-106.41939,47.99622],[-106.42089,47.98772],[-106.41429,47.97282],[-106.41389,47.96712],[-106.41862,47.95746],[-106.35829,47.95722],[-106.35808,47.86841],[-106.26093,47.86843],[-106.26108,47.65654],[-106.2411,47.64932],[-106.23491,47.64062],[-106.23434,47.63409],[-106.21526,47.62188],[-106.19924,47.61881],[-106.18456,47.62432],[-106.17879,47.62379],[-106.1705,47.61869],[-106.15952,47.61806],[-106.14434,47.61965],[-106.14439,47.61425],[-106.13297,47.61431],[-106.12996,47.61088],[-106.10816,47.60919],[-106.09532,47.6061],[-106.08323,47.60139],[-106.06788,47.60054],[-106.05208,47.59173],[-106.04114,47.59083],[-106.03956,47.58638],[-106.02646,47.58421],[-106.02001,47.5867],[-106.01116,47.58603],[-105.99995,47.58191],[-105.99783,47.57716],[-105.98386,47.57164],[-105.98355,47.57901],[-105.97822,47.58013],[-105.97815,47.59056],[-105.95675,47.59084],[-105.95609,47.60496],[-105.94079,47.60523],[-105.93977,47.61584],[-105.90613,47.61586],[-105.87839,47.61245],[-105.85472,47.59045],[-105.85375,47.59979],[-105.84619,47.6071],[-105.82578,47.62061],[-105.81318,47.61646],[-105.80393,47.61586],[-105.79626,47.61187],[-105.78727,47.61042],[-105.7689,47.6011],[-105.76774,47.59639],[-105.76158,47.59194],[-105.75474,47.5915],[-105.74594,47.58684],[-105.52429,47.58718],[-105.49328,47.62043],[-105.48829,47.61617],[-105.43038,47.61627],[-105.42263,47.62025],[-105.38566,47.62085],[-105.36349,47.61773],[-105.3631,47.7613],[-105.36326,47.79042],[-105.23477,47.7905],[-105.23465,47.86806],[-105.19512,47.86808],[-105.19501,47.90433]]]},"properties":{"STATEFP":"30","COUNTYFP":"055","COUSUBFP":"92487","COUSUBNS":"01940679","GEOIDFQ":"0600000US3005592487","GEOID":"3005592487","NAME":"North McCone","NAMELSAD":"North McCone CCD","STUSPS":"MT","NAMELSADCO":"McCone County","STATE_NAME":"Montana","LSAD":"22","ALAND":3787974215,"AWATER":79501411}},
{"type":"Feature","geometry":{"type":"Polygon","coordinates":[[[-104.57904,48.38937],[-104.62776,48.38936],[-104.62773,48.47635],[-104.75764,48.47656],[-104.75762,48.56313],[-104.97335,48.56319],[-105.18257,48.56316],[-105.40873,48.56324],[-105.43174,48.56314],[-105.60406,48.5633],[-105.80444,48.56336],[-105.8046,48.52989],[-105.80465,48.30578],[-105.8046,48.21904],[-105.84382,48.21903],[-105.84391,48.07254],[-105.84389,48.01029],[-105.83473,48.01339],[-105.823,48.02034],[-105.80888,48.02473],[-105.80015,48.02554],[-105.78628,48.02256],[-105.78111,48.03252],[-105.78188,48.04255],[-105.7778,48.04716],[-105.77064,48.04729],[-105.7674,48.04317],[-105.76545,48.03063],[-105.76056,48.02702],[-105.75056,48.0254],[-105.7386,48.03063],[-105.7208,48.03195],[-105.71064,48.03753],[-105.70549,48.04533],[-105.69454,48.05354],[-105.68002,48.05909],[-105.67128,48.05942],[-105.6662,48.05705],[-105.66129,48.04575],[-105.65151,48.0465],[-105.64344,48.0511],[-105.63864,48.05904],[-105.63965,48.066],[-105.64946,48.06942],[-105.65314,48.0733],[-105.64794,48.0773],[-105.62735,48.07583],[-105.6175,48.07327],[-105.60721,48.07826],[-105.59503,48.08178],[-105.58488,48.07983],[-105.56848,48.08355],[-105.56359,48.08142],[-105.55502,48.0736],[-105.54048,48.06644],[-105.53113,48.06803],[-105.52368,48.07432],[-105.51858,48.08826],[-105.50735,48.09705],[-105.49804,48.0979],[-105.49219,48.09296],[-105.48227,48.0911],[-105.47057,48.09396],[-105.45494,48.08954],[-105.43109,48.08968],[-105.42702,48.09224],[-105.39696,48.09184],[-105.38352,48.09293],[-105.36453,48.08875],[-105.34575,48.0945],[-105.3313,48.09264],[-105.32461,48.08822],[-105.32547,48.08225],[-105.31756,48.07902],[-105.30319,48.08023],[-105.28745,48.08408],[-105.27885,48.0841],[-105.26255,48.08906],[-105.25054,48.08904],[-105.24245,48.09075],[-105.22899,48.08928],[-105.21893,48.08146],[-105.2242,48.07139],[-105.21869,48.0641],[-105.21087,48.06325],[-105.20509,48.06615],[-105.19478,48.06662],[-105.18763,48.06954],[-105.18157,48.07974],[-105.18286,48.09769],[-105.17772,48.1031],[-105.1723,48.10167],[-105.16719,48.09649],[-105.17639,48.08848],[-105.17337,48.08186],[-105.14233,48.07299],[-105.13162,48.07406],[-105.12056,48.07834],[-105.11323,48.07838],[-105.10798,48.07381],[-105.10784,48.06857],[-105.11791,48.06261],[-105.11522,48.05902],[-105.09576,48.06066],[-105.08487,48.0643],[-105.07136,48.07458],[-105.06451,48.07777],[-105.05716,48.07767],[-105.05042,48.07462],[-105.04855,48.07082],[-105.05287,48.06116],[-105.0518,48.05618],[-105.04356,48.05357],[-105.03709,48.06342],[-105.01938,48.06674],[-105.01384,48.06933],[-105.01472,48.07516],[-105.00622,48.08537],[-104.99569,48.08467],[-104.99249,48.08069],[-104.99933,48.07118],[-104.99837,48.06709],[-104.99035,48.06645],[-104.98215,48.07268],[-104.97481,48.08447],[-104.97567,48.08999],[-104.98367,48.09924],[-104.97406,48.10331],[-104.96272,48.09925],[-104.95497,48.09869],[-104.94732,48.0942],[-104.93825,48.09585],[-104.93009,48.10786],[-104.92584,48.11048],[-104.923,48.13619],[-104.91513,48.14406],[-104.89201,48.15055],[-104.88204,48.14937],[-104.87189,48.14383],[-104.86222,48.13067],[-104.85305,48.12502],[-104.83603,48.12018],[-104.82258,48.11895],[-104.81152,48.12319],[-104.78922,48.12826],[-104.77114,48.12984],[-104.76073,48.12638],[-104.74764,48.11145],[-104.74101,48.11059],[-104.73351,48.11313],[-104.72386,48.11345],[-104.71431,48.11893],[-104.69792,48.11882],[-104.68415,48.1133],[-104.68163,48.10332],[-104.66973,48.10422],[-104.65975,48.10711],[-104.64739,48.10815],[-104.63928,48.11112],[-104.6261,48.11196],[-104.61994,48.11617],[-104.62764,48.12328],[-104.62669,48.12949],[-104.61912,48.13008],[-104.61033,48.13379],[-104.60975,48.14112],[-104.61251,48.14714],[-104.6035,48.14759],[-104.60479,48.1527],[-104.61318,48.1598],[-104.61937,48.15901],[-104.62184,48.15448],[-104.62984,48.16724],[-104.63796,48.17034],[-104.64196,48.16764],[-104.65071,48.16703],[-104.65349,48.17285],[-104.66021,48.17684],[-104.67036,48.19335],[-104.66734,48.19739],[-104.67596,48.20259],[-104.67833,48.21071],[-104.68342,48.2104],[-104.68633,48.21537],[-104.71796,48.23081],[-104.71103,48.2475],[-104.71537,48.24731],[-104.72514,48.26029],[-104.72138,48.26604],[-104.72189,48.27112],[-104.71289,48.28099],[-104.6895,48.29236],[-104.68661,48.29775],[-104.67887,48.29495],[-104.67042,48.29949],[-104.66766,48.29736],[-104.65908,48.30246],[-104.65473,48.30257],[-104.65091,48.30891],[-104.64407,48.31395],[-104.63392,48.31666],[-104.63402,48.3219],[-104.62379,48.32305],[-104.61834,48.31933],[-104.61454,48.32361],[-104.60569,48.32413],[-104.59756,48.33242],[-104.60356,48.34195],[-104.5838,48.34546],[-104.58949,48.35339],[-104.58555,48.36453],[-104.59026,48.37331],[-104.58891,48.37849],[-104.57995,48.38411],[-104.57904,48.38937]]]},"properties":{"STATEFP":"30","COUNTYFP":"085","COUSUBFP":"91239","COUSUBNS":"01940619","GEOIDFQ":"0600000US3008591239","GEOID":"3008591239","NAME":"Fort Peck Reservation","NAMELSAD":"Fort Peck Reservation CCD","STUSPS":"MT","NAMELSADCO":"Roosevelt County","STATE_NAME":"Montana","LSAD":"22","ALAND":4521738728,"AWATER":23929698}},
{"type":"Feature","geometry":{"type":"Polygon","coordinates":[[[-104.04691,48.3893],[-104.04755,48.49414],[-104.04751,48.52591],[-104.04821,48.59906],[-104.04759,48.63436],[-104.04965,48.63547],[-104.07842,48.63549],[-104.07824,48.67894],[-104.12206,48.67914],[-104.12106,48.70472],[-104.13699,48.70793],[-104.29705,48.70793],[-104.29703,48.69346],[-104.3185,48.69324],[-104.31851,48.66448],[-104.42873,48.66444],[-104.44277,48.66918],[-104.44831,48.66588],[-104.44201,48.66142],[-104.45192,48.65648],[-104.44858,48.65002],[-104.45216,48.64793],[-104.44438,48.63816],[-104.44731,48.63503],[-104.45097,48.62442],[-104.45514,48.62207],[-104.45364,48.60923],[-104.45633,48.60509],[-104.46446,48.59981],[-104.46452,48.59488],[-104.4602,48.5926],[-104.46765,48.58358],[-104.47912,48.57384],[-104.48542,48.5624],[-104.49598,48.55495],[-104.4967,48.54867],[-104.50193,48.54758],[-104.50794,48.54217],[-104.51518,48.54128],[-104.51729,48.53564],[-104.53088,48.5332],[-104.53495,48.52664],[-104.5459,48.52153],[-104.54967,48.51219],[-104.55365,48.51085],[-104.54699,48.49823],[-104.55171,48.49017],[-104.56379,48.48143],[-104.55961,48.47609],[-104.56285,48.46875],[-104.55634,48.46476],[-104.56387,48.4604],[-104.55477,48.4542],[-104.56039,48.45062],[-104.55127,48.44762],[-104.551,48.4427],[-104.55638,48.43483],[-104.55326,48.42699],[-104.56233,48.42325],[-104.56299,48.41517],[-104.57393,48.40294],[-104.57559,48.39809],[-104.57203,48.39521],[-104.57904,48.38937],[-104.49756,48.38943],[-104.25975,48.3894],[-104.04691,48.3893]]]},"properties":{"STATEFP":"30","COUNTYFP":"091","COUSUBFP":"92268","COUSUBNS":"01940669","GEOIDFQ":"0600000US3009192268","GEOID":"3009192268","NAME":"Medicine Lake","NAMELSAD":"Medicine Lake CCD","STUSPS":"MT","NAMELSADCO":"Sheridan County","STATE_NAME":"Montana","LSAD":"22","ALAND":1071700474,"AWATER":49845702}},
{"type":"Feature","geometry":{"type":"Polygon","coordinates":[[[-106.31871,48.05553],[-106.31354,48.05489],[-106.30531,48.05009],[-106.30097,48.04138],[-106.28979,48.0413],[-106.28555,48.0453],[-106.2756,48.04658],[-106.26961,48.04477],[-106.26161,48.03841],[-106.25365,48.03563],[-106.2448,48.02994],[-106.2293,48.02642],[-106.20414,48.02654],[-106.18942,48.02909],[-106.1753,48.0278],[-106.15726,48.03059],[-106.14579,48.02984],[-106.13186,48.03249],[-106.12271,48.02824],[-106.12287,48.02416],[-106.12804,48.01879],[-106.143,48.01276],[-106.14195,48.00641],[-106.11988,48.00407],[-106.10258,48.00766],[-106.09554,48.01058],[-106.08729,48.01843],[-106.08482,48.02571],[-106.08873,48.02998],[-106.08574,48.03471],[-106.07915,48.03554],[-106.06624,48.03285],[-106.05826,48.02891],[-106.04869,48.01967],[-106.04412,48.00847],[-106.02937,48.00406],[-106.0144,48.00648],[-106.01114,48.01125],[-106.01445,48.01646],[-106.02316,48.02223],[-106.0251,48.02609],[-106.01923,48.03291],[-106.00618,48.03369],[-105.98951,48.02651],[-105.98453,48.02072],[-105.9746,48.01586],[-105.95184,48.01344],[-105.94206,48.01474],[-105.93523,48.01334],[-105.91955,48.0039],[-105.90286,48.00706],[-105.89649,48.01436],[-105.89928,48.03422],[-105.89462,48.03818],[-105.88453,48.0342],[-105.88177,48.02514],[-105.87724,48.02144],[-105.85883,48.01402],[-105.85702,48.0094],[-105.84389,48.01029],[-105.84391,48.07254],[-105.84382,48.21903],[-105.8046,48.21904],[-105.80465,48.30578],[-105.8046,48.52989],[-105.80444,48.56336],[-105.93224,48.56323],[-105.97922,48.56349],[-106.01982,48.56322],[-106.02103,48.56685],[-106.02098,48.63192],[-106.06715,48.63226],[-106.12557,48.63312],[-106.19689,48.63337],[-106.28289,48.63402],[-106.41738,48.63469],[-106.43823,48.63564],[-106.47923,48.63514],[-106.57793,48.63466],[-106.57236,48.63096],[-106.5726,48.62665],[-106.5638,48.62248],[-106.56341,48.61126],[-106.55724,48.60656],[-106.55803,48.60062],[-106.55433,48.59878],[-106.55413,48.58048],[-106.54339,48.56359],[-106.53007,48.55777],[-106.52941,48.55261],[-106.51925,48.5473],[-106.51242,48.53905],[-106.50218,48.53325],[-106.49914,48.5282],[-106.49001,48.52288],[-106.48892,48.5172],[-106.48218,48.5156],[-106.48751,48.51073],[-106.4882,48.50304],[-106.48627,48.49629],[-106.48935,48.49271],[-106.48609,48.4858],[-106.49391,48.47951],[-106.49455,48.47346],[-106.48962,48.46771],[-106.49347,48.46358],[-106.4849,48.4603],[-106.47969,48.45568],[-106.48046,48.44711],[-106.47401,48.43841],[-106.46527,48.43015],[-106.45598,48.42488],[-106.45201,48.42017],[-106.44819,48.40913],[-106.43964,48.40333],[-106.43904,48.39508],[-106.43381,48.3838],[-106.42786,48.37715],[-106.42355,48.37739],[-106.41783,48.37138],[-106.41065,48.36754],[-106.41235,48.36078],[-106.40503,48.35648],[-106.40754,48.35058],[-106.39741,48.3396],[-106.40029,48.32841],[-106.39953,48.32056],[-106.39515,48.31559],[-106.40107,48.3133],[-106.40549,48.30616],[-106.40348,48.30152],[-106.40584,48.2959],[-106.40217,48.29103],[-106.40501,48.28364],[-106.41088,48.28228],[-106.40611,48.27405],[-106.41032,48.27191],[-106.40901,48.26392],[-106.39783,48.25506],[-106.40015,48.24932],[-106.39319,48.23682],[-106.38533,48.23464],[-106.38509,48.22329],[-106.38327,48.2173],[-106.38341,48.2056],[-106.38713,48.20204],[-106.38625,48.19374],[-106.3815,48.18952],[-106.38663,48.18315],[-106.38444,48.17349],[-106.37831,48.16842],[-106.37906,48.16001],[-106.37092,48.15625],[-106.3637,48.14643],[-106.3415,48.13825],[-106.32882,48.13655],[-106.32499,48.13348],[-106.34026,48.12456],[-106.33733,48.11721],[-106.33341,48.11607],[-106.32927,48.10963],[-106.32182,48.11159],[-106.31541,48.11616],[-106.31161,48.11055],[-106.30648,48.11195],[-106.30965,48.11785],[-106.29912,48.11698],[-106.3027,48.11218],[-106.29472,48.11001],[-106.29259,48.10599],[-106.28434,48.09969],[-106.2869,48.09759],[-106.28155,48.09198],[-106.27686,48.09764],[-106.26916,48.09977],[-106.26601,48.0932],[-106.28345,48.08715],[-106.28177,48.08415],[-106.27251,48.08181],[-106.26389,48.08627],[-106.25417,48.0879],[-106.25222,48.08272],[-106.2687,48.07919],[-106.2825,48.07957],[-106.27813,48.07163],[-106.28055,48.06754],[-106.29448,48.06402],[-106.29572,48.06974],[-106.30228,48.06878],[-106.30304,48.06093],[-106.31244,48.06251],[-106.31853,48.05972],[-106.31871,48.05553]]]},"properties":{"STATEFP":"30","COUNTYFP":"105","COUSUBFP":"91281","COUSUBNS":"01940621","GEOIDFQ":"0600000US3010591281","GEOID":"3010591281","NAME":"Fort Peck Reservation","NAMELSAD":"Fort Peck Reservation CCD","STUSPS":"MT","NAMELSADCO":"Valley County","STATE_NAME":"Montana","LSAD":"22","ALAND":2906904635,"AWATER":11028236}},
{"type":"Feature","geometry":{"type":"Polygon","coordinates":[[[-109.82966,47.71529],[-109.82641,47.71624],[-109.81343,47.7121],[-109.79964,47.71275],[-109.78377,47.70802],[-109.7697,47.70973],[-109.76095,47.70758],[-109.75342,47.7029],[-109.74715,47.70365],[-109.72371,47.70238],[-109.71173,47.71099],[-109.6974,47.71837],[-109.69106,47.72855],[-109.6816,47.73386],[-109.67078,47.73571],[-109.66138,47.73518],[-109.64587,47.73629],[-109.63354,47.73945],[-109.61844,47.73663],[-109.60815,47.7322],[-109.59761,47.74024],[-109.58784,47.74585],[-109.57971,47.7478],[-109.57194,47.74547],[-109.55353,47.74428],[-109.54911,47.74099],[-109.53868,47.73886],[-109.53866,47.87102],[-109.53292,47.87108],[-109.53331,47.91442],[-109.53429,48.13456],[-109.59806,48.13498],[-109.59811,48.1325],[-109.72691,48.13286],[-109.72687,48.14728],[-109.72694,48.22153],[-109.84018,48.22162],[-109.84581,48.219],[-109.84593,48.30597],[-109.99624,48.30601],[-110.1062,48.3061],[-110.36686,48.30637],[-110.43215,48.30657],[-110.62541,48.30648],[-110.62554,48.21973],[-110.63197,48.21973],[-110.63416,48.21781],[-110.62469,48.20911],[-110.62136,48.202],[-110.61021,48.19864],[-110.60796,48.1952],[-110.61469,48.18864],[-110.61392,48.18499],[-110.62087,48.1797],[-110.61988,48.17187],[-110.63359,48.16382],[-110.63536,48.15499],[-110.6425,48.14698],[-110.64991,48.14481],[-110.6516,48.13834],[-110.65769,48.13648],[-110.6596,48.12919],[-110.67162,48.12792],[-110.67118,48.12389],[-110.67684,48.1208],[-110.67451,48.11485],[-110.68389,48.11128],[-110.68526,48.10526],[-110.69008,48.10051],[-110.68284,48.09103],[-110.67793,48.08838],[-110.67597,48.07708],[-110.67767,48.07152],[-110.673,48.06777],[-110.6774,48.06408],[-110.67144,48.05954],[-110.67665,48.05414],[-110.67593,48.05019],[-110.68334,48.04484],[-110.67565,48.0405],[-110.6748,48.03504],[-110.67781,48.02699],[-110.66741,48.02546],[-110.66427,48.02155],[-110.67013,48.01394],[-110.66026,48.00962],[-110.65732,48.00393],[-110.64655,48.00464],[-110.64245,47.99824],[-110.63341,47.9987],[-110.61992,47.99578],[-110.61849,47.98747],[-110.61017,47.98289],[-110.60047,47.96999],[-110.58903,47.9674],[-110.59094,47.96218],[-110.58747,47.95744],[-110.59133,47.95396],[-110.59018,47.94932],[-110.57932,47.94498],[-110.57738,47.93983],[-110.55284,47.93974],[-110.54819,47.94384],[-110.53577,47.94365],[-110.52949,47.94651],[-110.52037,47.94375],[-110.51719,47.93834],[-110.50243,47.92866],[-110.49372,47.92814],[-110.48615,47.93023],[-110.47991,47.92725],[-110.46944,47.93104],[-110.46586,47.94046],[-110.4558,47.94331],[-110.43397,47.94165],[-110.42757,47.94605],[-110.42113,47.95691],[-110.41329,47.95821],[-110.40235,47.95263],[-110.39052,47.9493],[-110.37983,47.95031],[-110.3724,47.95518],[-110.37524,47.96851],[-110.36377,47.98216],[-110.35349,47.99029],[-110.34508,47.99212],[-110.32956,47.98617],[-110.31388,47.98679],[-110.30913,47.99481],[-110.3178,48.00563],[-110.31786,48.01199],[-110.31168,48.01859],[-110.29714,48.02265],[-110.28004,48.01756],[-110.27263,48.01097],[-110.25341,48.0013],[-110.24297,48.00336],[-110.24054,48.01],[-110.24046,48.0218],[-110.23531,48.03042],[-110.22928,48.03307],[-110.22043,48.02949],[-110.20464,48.03223],[-110.1978,48.0382],[-110.18614,48.03836],[-110.17177,48.04042],[-110.15624,48.0384],[-110.1446,48.03259],[-110.14385,48.02869],[-110.13411,48.02463],[-110.12269,48.01719],[-110.12394,48.00434],[-110.11185,47.98464],[-110.1086,47.97576],[-110.10462,47.97075],[-110.08858,47.95965],[-110.08492,47.95056],[-110.06991,47.93837],[-110.05642,47.92321],[-110.05881,47.91526],[-110.06012,47.90174],[-110.06411,47.88858],[-110.06532,47.87902],[-110.06202,47.87327],[-110.06573,47.86519],[-110.07133,47.86162],[-110.07134,47.85615],[-110.06734,47.85127],[-110.06767,47.84276],[-110.07466,47.83609],[-110.07166,47.82793],[-110.06621,47.82144],[-110.05442,47.82113],[-110.04054,47.81676],[-110.0312,47.81608],[-110.01473,47.80826],[-110.00075,47.80451],[-109.98789,47.79554],[-109.97787,47.78619],[-109.96614,47.78292],[-109.95246,47.78163],[-109.94335,47.77642],[-109.93439,47.76322],[-109.92455,47.75965],[-109.8962,47.76388],[-109.88747,47.75766],[-109.8854,47.74774],[-109.86913,47.73351],[-109.86193,47.72128],[-109.85306,47.71678],[-109.82966,47.71529]]]},"properties":{"STATEFP":"30","COUNTYFP":"015","COUSUBFP":"90294","COUSUBNS":"01940571","GEOIDFQ":"0600000US3001590294","GEOID":"3001590294","NAME":"Big Sandy","NAMELSAD":"Big Sandy CCD","STUSPS":"MT","NAMELSADCO":"Chouteau County","STATE_NAME":"Montana","LSAD":"22","ALAND":3653110052,"AWATER":18140191}},
{"type":"Feature","geometry":{"type":"Polygon","coordinates":[[[-111.20637,47.53504],[-111.20702,47.53191],[-111.19921,47.52939],[-111.19899,47.52016],[-111.15353,47.52305],[-111.14768,47.52258],[-111.1481,47.4905],[-111.15436,47.486],[-111.15582,47.47958],[-111.13001,47.4641],[-111.13724,47.45842],[-111.14717,47.45311],[-111.15562,47.45114],[-111.14729,47.44537],[-111.14759,47.44002],[-111.1368,47.43992],[-111.13188,47.43184],[-111.12069,47.42856],[-111.11982,47.4219],[-111.11396,47.42131],[-111.11409,47.3993],[-111.11195,47.3777],[-111.11687,47.37902],[-111.12744,47.38755],[-111.13123,47.38264],[-111.13919,47.37785],[-111.1366,47.37533],[-111.13726,47.3667],[-111.1358,47.35759],[-111.13083,47.35285],[-111.12525,47.35325],[-111.11614,47.34897],[-111.11684,47.34334],[-111.10649,47.34107],[-111.09513,47.34359],[-111.09234,47.33772],[-111.09756,47.3319],[-111.09309,47.32279],[-111.09761,47.32081],[-111.09124,47.30817],[-111.09193,47.30039],[-111.08894,47.29568],[-111.09336,47.2862],[-111.09198,47.28166],[-111.0779,47.27572],[-111.07243,47.26834],[-111.05438,47.26163],[-111.04945,47.25812],[-111.04355,47.24924],[-111.04302,47.24456],[-111.03022,47.23633],[-111.02608,47.2235],[-111.02682,47.21563],[-111.02412,47.2094],[-111.03229,47.1946],[-111.02632,47.17603],[-111.03116,47.16809],[-111.02614,47.1533],[-111.01921,47.14705],[-111.01893,47.13939],[-111.01374,47.13491],[-111.00915,47.12471],[-110.99188,47.11691],[-110.9676,47.11973],[-110.96111,47.12682],[-110.95171,47.1327],[-110.94271,47.1355],[-110.93656,47.1328],[-110.9005,47.13215],[-110.89152,47.12875],[-110.86841,47.12919],[-110.85262,47.1341],[-110.84181,47.1338],[-110.8407,47.14006],[-110.79293,47.14064],[-110.78688,47.14202],[-110.77179,47.1489],[-110.77276,47.18386],[-110.76694,47.18387],[-110.76659,47.23454],[-110.77743,47.23458],[-110.77733,47.2491],[-110.78807,47.24913],[-110.7883,47.30785],[-110.77231,47.30791],[-110.77241,47.29715],[-110.76703,47.29707],[-110.76712,47.35913],[-110.63891,47.35903],[-110.63956,47.41649],[-110.63959,47.44543],[-110.6406,47.44631],[-110.76913,47.4461],[-110.76846,47.52564],[-110.86463,47.52471],[-110.86782,47.53825],[-110.8808,47.54055],[-110.8879,47.53998],[-110.89098,47.54606],[-110.90712,47.54214],[-110.91674,47.5464],[-110.93687,47.54684],[-110.93782,47.55267],[-110.94958,47.55309],[-110.95185,47.55817],[-110.9653,47.56382],[-110.96977,47.57164],[-110.99473,47.57515],[-111.0025,47.5724],[-111.0257,47.58196],[-111.03072,47.58695],[-111.04388,47.59158],[-111.04472,47.59807],[-111.04985,47.59833],[-111.05717,47.59087],[-111.06093,47.58021],[-111.07433,47.57754],[-111.08553,47.57756],[-111.08697,47.56759],[-111.09601,47.56786],[-111.10601,47.56541],[-111.12603,47.56859],[-111.1336,47.56517],[-111.14194,47.55528],[-111.1542,47.55016],[-111.17441,47.54785],[-111.18444,47.54158],[-111.1912,47.53962],[-111.20098,47.53334],[-111.20637,47.53504]]]},"properties":{"STATEFP":"30","COUNTYFP":"013","COUSUBFP":"90231","COUSUBNS":"01940568","GEOIDFQ":"0600000US3001390231","GEOID":"3001390231","NAME":"Belt","NAMELSAD":"Belt CCD","STUSPS":"MT","NAMELSADCO":"Cascade County","STATE_NAME":"Montana","LSAD":"22","ALAND":1249724266,"AWATER":2237906}},
{"type":"Feature","geometry":{"type":"Polygon","coordinates":[[[-109.00957,46.7507],[-108.63146,46.74939],[-108.63069,46.83681],[-108.61112,46.83678],[-108.60925,47.0379],[-108.60895,47.09813],[-108.73684,47.09822],[-108.73608,47.18341],[-108.71928,47.18336],[-108.71921,47.22558],[-108.7306,47.22062],[-108.74684,47.21623],[-108.7599,47.21094],[-108.76372,47.21233],[-108.77632,47.21029],[-108.77805,47.20697],[-108.78692,47.20872],[-108.7912,47.20421],[-108.80216,47.19971],[-108.81225,47.19986],[-108.82128,47.19642],[-108.83139,47.18972],[-108.84073,47.1912],[-108.85098,47.18848],[-108.87405,47.18993],[-108.88124,47.1935],[-108.89393,47.19108],[-108.90947,47.19155],[-108.91869,47.1896],[-108.93309,47.19138],[-108.93692,47.19397],[-108.9509,47.19478],[-108.96452,47.20336],[-108.97498,47.20652],[-108.98713,47.21349],[-108.99105,47.21082],[-108.98905,47.20078],[-109.00481,47.1953],[-109.01261,47.19102],[-109.01374,47.1879],[-109.02779,47.18792],[-109.03846,47.18517],[-109.04068,47.17541],[-109.06151,47.17204],[-109.06707,47.16811],[-109.08552,47.16827],[-109.08869,47.16451],[-109.10942,47.1643],[-109.11472,47.15297],[-109.11482,47.14816],[-109.12635,47.14721],[-109.1475,47.14031],[-109.15708,47.141],[-109.17334,47.13939],[-109.17814,47.13531],[-109.17909,47.12824],[-109.17636,47.12824],[-109.17418,47.11403],[-109.17923,47.10698],[-109.17625,47.10302],[-109.16746,47.10007],[-109.15993,47.09126],[-109.15904,47.0872],[-109.14801,47.07904],[-109.14718,47.07408],[-109.15207,47.06148],[-109.14864,47.04735],[-109.15182,47.03347],[-109.16215,47.0273],[-109.1616,47.01782],[-109.16901,47.01373],[-109.16914,47.00592],[-109.17473,46.99651],[-109.20066,46.98997],[-109.21476,46.98139],[-109.22066,46.97154],[-109.22071,46.95245],[-109.16253,46.95294],[-109.14997,46.95471],[-109.14765,46.94707],[-109.15799,46.93533],[-109.16346,46.92669],[-109.15997,46.91919],[-109.15053,46.91762],[-109.13081,46.90517],[-109.13295,46.89542],[-109.1398,46.88643],[-109.14484,46.88414],[-109.16295,46.88186],[-109.17438,46.87635],[-109.1814,46.86946],[-109.19805,46.86447],[-109.20558,46.86411],[-109.2148,46.85447],[-109.21869,46.85345],[-109.23304,46.85548],[-109.26059,46.85534],[-109.26681,46.85752],[-109.27129,46.86347],[-109.27112,46.87133],[-109.27459,46.87781],[-109.274,46.89005],[-109.28063,46.89151],[-109.28881,46.87476],[-109.28856,46.86941],[-109.28459,46.86497],[-109.28325,46.85113],[-109.27886,46.84195],[-109.27892,46.83523],[-109.27425,46.83011],[-109.26153,46.82317],[-109.25051,46.82025],[-109.23153,46.80234],[-109.22614,46.79572],[-109.22738,46.79002],[-109.21946,46.78435],[-109.19651,46.77393],[-109.19031,46.76861],[-109.18121,46.76514],[-109.1834,46.76066],[-109.1923,46.75132],[-109.00957,46.7507]]]},"properties":{"STATEFP":"30","COUNTYFP":"027","COUSUBFP":"91512","COUSUBNS":"01940633","GEOIDFQ":"0600000US3002791512","GEOID":"3002791512","NAME":"Grass Range","NAMELSAD":"Grass Range CCD","STUSPS":"MT","NAMELSADCO":"Fergus County","STATE_NAME":"Montana","LSAD":"22","ALAND":2016948738,"AWATER":1028956}},
{"type":"Feature","geometry":{"type":"Polygon","coordinates":[[[-109.02121,47.51228],[-109.03523,47.51047],[-109.03699,47.51483],[-109.04383,47.51347],[-109.05357,47.51496],[-109.06359,47.51335],[-109.0587,47.49874],[-109.06353,47.49161],[-109.06158,47.48606],[-109.06892,47.47945],[-109.08448,47.47835],[-109.09039,47.47548],[-109.11867,47.46849],[-109.12185,47.46505],[-109.13236,47.46373],[-109.14566,47.46959],[-109.15082,47.47446],[-109.18159,47.47059],[-109.192,47.47335],[-109.20386,47.47401],[-109.20925,47.47205],[-109.23203,47.47196],[-109.24667,47.46313],[-109.26547,47.46159],[-109.2842,47.46749],[-109.29171,47.46788],[-109.35302,47.46786],[-109.35881,47.47304],[-109.35832,47.47876],[-109.36443,47.47883],[-109.38011,47.48326],[-109.38577,47.48199],[-109.4314,47.482],[-109.46564,47.48147],[-109.47653,47.48648],[-109.47277,47.49378],[-109.48419,47.4946],[-109.49056,47.49776],[-109.5019,47.49998],[-109.51776,47.50709],[-109.52532,47.50415],[-109.53623,47.50946],[-109.55322,47.5148],[-109.5541,47.51716],[-109.56701,47.51919],[-109.57463,47.52343],[-109.58528,47.52453],[-109.58958,47.52783],[-109.59185,47.52238],[-109.58683,47.51569],[-109.5891,47.51376],[-109.60268,47.51305],[-109.60474,47.50786],[-109.59505,47.49925],[-109.58415,47.5028],[-109.58586,47.49696],[-109.59047,47.49526],[-109.5841,47.48797],[-109.57765,47.4864],[-109.57883,47.4802],[-109.57009,47.47447],[-109.5794,47.46621],[-109.5744,47.45874],[-109.58956,47.4475],[-109.59475,47.44721],[-109.59386,47.4412],[-109.6053,47.43229],[-109.60009,47.42311],[-109.61029,47.42461],[-109.61753,47.43102],[-109.62575,47.42228],[-109.6325,47.42285],[-109.64006,47.41958],[-109.63606,47.41246],[-109.63384,47.40006],[-109.64302,47.39707],[-109.65198,47.3983],[-109.66123,47.39739],[-109.65849,47.38979],[-109.66626,47.38465],[-109.66734,47.37845],[-109.67715,47.37031],[-109.67064,47.36443],[-109.67335,47.36211],[-109.683,47.36228],[-109.69147,47.3537],[-109.70092,47.35388],[-109.70423,47.34867],[-109.71053,47.34761],[-109.70841,47.34258],[-109.70941,47.33166],[-109.71358,47.33075],[-109.71944,47.32088],[-109.71822,47.31719],[-109.72848,47.3136],[-109.731,47.31011],[-109.7176,47.2993],[-109.72166,47.29598],[-109.72049,47.29057],[-109.72738,47.28602],[-109.71977,47.27979],[-109.71993,47.27388],[-109.7151,47.27108],[-109.71512,47.26623],[-109.7089,47.25754],[-109.7014,47.25212],[-109.69321,47.25235],[-109.69272,47.24431],[-109.68296,47.23689],[-109.67355,47.23656],[-109.67363,47.22961],[-109.66973,47.22124],[-109.65858,47.21345],[-109.64928,47.21315],[-109.64474,47.20938],[-109.63839,47.20919],[-109.64399,47.19944],[-109.63987,47.19658],[-109.64627,47.19315],[-109.64414,47.18113],[-109.65029,47.17678],[-109.64768,47.17345],[-109.65345,47.16714],[-109.65804,47.16633],[-109.66281,47.15163],[-109.6608,47.14781],[-109.66568,47.13953],[-109.67076,47.13465],[-109.67262,47.12751],[-109.66874,47.11734],[-109.65085,47.117],[-109.6507,47.08433],[-109.60858,47.08444],[-109.60275,47.08887],[-109.59387,47.08433],[-109.52468,47.08441],[-109.51347,47.09136],[-109.49647,47.0916],[-109.48654,47.08857],[-109.48191,47.08455],[-109.4559,47.08459],[-109.46071,47.08845],[-109.46093,47.09817],[-109.45021,47.09907],[-109.4505,47.10294],[-109.44568,47.11653],[-109.44621,47.12952],[-109.4415,47.13878],[-109.43331,47.14636],[-109.41144,47.185],[-109.39871,47.20003],[-109.34961,47.20007],[-109.3351,47.19883],[-109.32303,47.2008],[-109.31476,47.19889],[-109.30852,47.20103],[-109.29649,47.19653],[-109.28991,47.18977],[-109.2826,47.18505],[-109.26655,47.18558],[-109.24743,47.18086],[-109.23345,47.1797],[-109.21273,47.18465],[-109.20811,47.1807],[-109.21001,47.17286],[-109.19786,47.16695],[-109.19052,47.1584],[-109.20238,47.15332],[-109.20814,47.14155],[-109.20574,47.13712],[-109.20614,47.12966],[-109.20158,47.12836],[-109.17909,47.12824],[-109.17814,47.13531],[-109.17334,47.13939],[-109.15708,47.141],[-109.1475,47.14031],[-109.12635,47.14721],[-109.11482,47.14816],[-109.11472,47.15297],[-109.10942,47.1643],[-109.11509,47.17148],[-109.12035,47.17467],[-109.12737,47.18836],[-109.12576,47.19401],[-109.11206,47.19903],[-109.1078,47.20279],[-109.10182,47.20225],[-109.09594,47.20582],[-109.09789,47.21796],[-109.09618,47.22036],[-109.10332,47.23417],[-109.10436,47.24619],[-109.11168,47.25915],[-109.10866,47.27972],[-109.12087,47.28501],[-109.14218,47.29151],[-109.1611,47.29255],[-109.1611,47.30078],[-109.178,47.31428],[-109.18508,47.31544],[-109.18657,47.32223],[-109.21833,47.33885],[-109.22868,47.35064],[-109.22194,47.35358],[-109.21222,47.35101],[-109.20633,47.35504],[-109.20517,47.36398],[-109.2083,47.37858],[-109.20089,47.3788],[-109.17015,47.38929],[-109.16281,47.3887],[-109.15904,47.39495],[-109.14575,47.39848],[-109.13746,47.39565],[-109.12413,47.39485],[-109.11831,47.40753],[-109.10965,47.41015],[-109.10679,47.41371],[-109.0923,47.42296],[-109.08927,47.43047],[-109.07744,47.43776],[-109.07181,47.44967],[-109.06489,47.45622],[-109.05903,47.45776],[-109.05308,47.46668],[-109.05106,47.47293],[-109.055,47.48067],[-109.05241,47.48423],[-109.03836,47.488],[-109.03364,47.4989],[-109.02121,47.51228]]]},"properties":{"STATEFP":"30","COUNTYFP":"027","COUSUBFP":"91596","COUSUBNS":"01940637","GEOIDFQ":"0600000US3002791596","GEOID":"3002791596","NAME":"Hanover","NAMELSAD":"Hanover CCD","STUSPS":"MT","NAMELSADCO":"Fergus County","STATE_NAME":"Montana","LSAD":"22","ALAND":1543194947,"AWATER":1091456}},
{"type":"Feature","geometry":{"type":"Polygon","coordinates":[[[-108.67534,47.62219],[-108.68603,47.63111],[-108.70208,47.62985],[-108.71029,47.63361],[-108.71295,47.64164],[-108.72788,47.64989],[-108.73804,47.6473],[-108.74946,47.64692],[-108.75544,47.64384],[-108.77162,47.64552],[-108.78623,47.65591],[-108.78982,47.66294],[-108.78381,47.66981],[-108.78152,47.67558],[-108.78406,47.6821],[-108.79628,47.69016],[-108.80369,47.69283],[-108.81062,47.69798],[-108.81571,47.70523],[-108.82145,47.70908],[-108.84858,47.72078],[-108.86233,47.72463],[-108.89111,47.73446],[-108.90053,47.73586],[-108.91941,47.7354],[-108.92966,47.73317],[-108.93665,47.7288],[-108.94366,47.72913],[-108.95001,47.7369],[-108.94606,47.74253],[-108.93087,47.74824],[-108.92249,47.75288],[-108.92042,47.75649],[-108.92417,47.76057],[-108.94566,47.7729],[-108.94653,47.7793],[-108.93912,47.78512],[-108.94274,47.79182],[-108.95996,47.79262],[-108.96539,47.79431],[-108.97402,47.80147],[-108.98295,47.80287],[-109.00072,47.80312],[-109.01547,47.80015],[-109.02565,47.79418],[-109.03709,47.79212],[-109.0448,47.79329],[-109.0659,47.80107],[-109.07611,47.80038],[-109.08435,47.79617],[-109.11446,47.78827],[-109.13277,47.78112],[-109.16034,47.77981],[-109.16933,47.78435],[-109.19028,47.7909],[-109.20926,47.79015],[-109.21655,47.79347],[-109.2299,47.79492],[-109.24749,47.79319],[-109.25535,47.79404],[-109.26537,47.79239],[-109.27417,47.79324],[-109.28394,47.78643],[-109.28289,47.77604],[-109.28809,47.77283],[-109.30108,47.77026],[-109.31284,47.75838],[-109.31888,47.75617],[-109.33487,47.75468],[-109.3497,47.75079],[-109.372,47.74281],[-109.38567,47.74294],[-109.39116,47.73629],[-109.40397,47.73048],[-109.41151,47.72462],[-109.42531,47.72015],[-109.43076,47.72065],[-109.43668,47.72573],[-109.44964,47.72586],[-109.45484,47.72373],[-109.46401,47.72509],[-109.46948,47.73072],[-109.48126,47.72975],[-109.48724,47.73094],[-109.49397,47.73594],[-109.50515,47.73879],[-109.51091,47.74451],[-109.52282,47.74598],[-109.53868,47.73886],[-109.54911,47.74099],[-109.55353,47.74428],[-109.57194,47.74547],[-109.57971,47.7478],[-109.58784,47.74585],[-109.59761,47.74024],[-109.60815,47.7322],[-109.61844,47.73663],[-109.63354,47.73945],[-109.64587,47.73629],[-109.64447,47.73296],[-109.65165,47.72728],[-109.64818,47.721],[-109.65331,47.71616],[-109.65587,47.70957],[-109.64945,47.70637],[-109.64957,47.70125],[-109.65471,47.69737],[-109.65106,47.69283],[-109.6551,47.68556],[-109.65576,47.67974],[-109.65186,47.67369],[-109.65264,47.6657],[-109.64692,47.66117],[-109.64933,47.65593],[-109.64644,47.65222],[-109.65204,47.64835],[-109.65231,47.64315],[-109.64826,47.64023],[-109.65134,47.63385],[-109.64655,47.6268],[-109.63883,47.62786],[-109.63289,47.62365],[-109.62832,47.61224],[-109.62395,47.60842],[-109.61814,47.60898],[-109.60877,47.60512],[-109.6038,47.59615],[-109.59139,47.59166],[-109.59775,47.5889],[-109.58598,47.58369],[-109.58752,47.57456],[-109.59212,47.56287],[-109.58862,47.55754],[-109.58289,47.55656],[-109.58183,47.55151],[-109.59202,47.54981],[-109.59496,47.54558],[-109.58023,47.53829],[-109.59166,47.53457],[-109.58958,47.52783],[-109.58528,47.52453],[-109.57463,47.52343],[-109.56701,47.51919],[-109.5541,47.51716],[-109.55322,47.5148],[-109.53623,47.50946],[-109.52532,47.50415],[-109.51776,47.50709],[-109.5019,47.49998],[-109.49056,47.49776],[-109.48419,47.4946],[-109.47277,47.49378],[-109.47653,47.48648],[-109.46564,47.48147],[-109.4314,47.482],[-109.38577,47.48199],[-109.38011,47.48326],[-109.36443,47.47883],[-109.35832,47.47876],[-109.35881,47.47304],[-109.35302,47.46786],[-109.29171,47.46788],[-109.2842,47.46749],[-109.26547,47.46159],[-109.24667,47.46313],[-109.23203,47.47196],[-109.20925,47.47205],[-109.20386,47.47401],[-109.192,47.47335],[-109.18159,47.47059],[-109.15082,47.47446],[-109.14566,47.46959],[-109.13236,47.46373],[-109.12185,47.46505],[-109.11867,47.46849],[-109.09039,47.47548],[-109.08448,47.47835],[-109.06892,47.47945],[-109.06158,47.48606],[-109.06353,47.49161],[-109.0587,47.49874],[-109.06359,47.51335],[-109.05357,47.51496],[-109.04383,47.51347],[-109.03699,47.51483],[-109.03523,47.51047],[-109.02121,47.51228],[-109.00829,47.51768],[-109.00072,47.51772],[-108.99561,47.5151],[-108.98881,47.51929],[-108.97547,47.51666],[-108.96674,47.51789],[-108.96255,47.52422],[-108.94782,47.52398],[-108.93846,47.53152],[-108.93018,47.53282],[-108.93184,47.54016],[-108.92595,47.54571],[-108.92413,47.55392],[-108.91301,47.55993],[-108.9045,47.56665],[-108.90644,47.5725],[-108.89781,47.57405],[-108.89001,47.56974],[-108.88482,47.57206],[-108.87323,47.57326],[-108.8603,47.58204],[-108.83657,47.58019],[-108.83315,47.58305],[-108.82366,47.57964],[-108.80518,47.58175],[-108.79943,47.59138],[-108.78997,47.59268],[-108.78086,47.59107],[-108.77561,47.59569],[-108.76066,47.59558],[-108.75717,47.59827],[-108.7476,47.59383],[-108.74057,47.59602],[-108.72209,47.59633],[-108.70591,47.59981],[-108.7006,47.60697],[-108.68875,47.61108],[-108.67839,47.61744],[-108.67534,47.62219]]]},"properties":{"STATEFP":"30","COUNTYFP":"027","COUSUBFP":"93927","COUSUBNS":"01940746","GEOIDFQ":"0600000US3002793927","GEOID":"3002793927","NAME":"Winifred","NAMELSAD":"Winifred CCD","STUSPS":"MT","NAMELSADCO":"Fergus County","STATE_NAME":"Montana","LSAD":"22","ALAND":1803295516,"AWATER":13981115}},
{"type":"Feature","geometry":{"type":"Polygon","coordinates":[[[-111.28663,47.00103],[-111.29128,47.01546],[-111.27789,47.01449],[-111.27794,47.01905],[-111.28986,47.0248],[-111.29146,47.02986],[-111.27984,47.03133],[-111.27555,47.03461],[-111.27961,47.04117],[-111.28661,47.04738],[-111.27559,47.05019],[-111.26869,47.05995],[-111.28385,47.06011],[-111.27983,47.06755],[-111.26541,47.06882],[-111.2657,47.07319],[-111.27469,47.07745],[-111.27232,47.08365],[-111.27974,47.08517],[-111.2771,47.09166],[-111.28331,47.09613],[-111.28285,47.10389],[-111.28554,47.1117],[-111.28296,47.11596],[-111.28836,47.12035],[-111.28049,47.12395],[-111.27422,47.12307],[-111.2702,47.12967],[-111.27357,47.13729],[-111.27168,47.14128],[-111.28141,47.14512],[-111.28658,47.14116],[-111.28917,47.1515],[-111.29543,47.1484],[-111.29649,47.14258],[-111.31027,47.14651],[-111.31168,47.15178],[-111.3179,47.1507],[-111.33064,47.15511],[-111.33211,47.16266],[-111.33125,47.1741],[-111.33816,47.17265],[-111.34339,47.18177],[-111.35823,47.19404],[-111.36511,47.1957],[-111.36899,47.18997],[-111.37716,47.18701],[-111.38778,47.19103],[-111.3912,47.19623],[-111.37974,47.20535],[-111.37997,47.21086],[-111.38489,47.2139],[-111.38998,47.22108],[-111.39478,47.22348],[-111.393,47.23161],[-111.38714,47.23742],[-111.39008,47.24171],[-111.39829,47.24143],[-111.41052,47.25038],[-111.41534,47.25189],[-111.41905,47.2609],[-111.42998,47.25988],[-111.43501,47.27064],[-111.43138,47.27581],[-111.43236,47.28514],[-111.4404,47.28824],[-111.43598,47.29226],[-111.4374,47.29859],[-111.4347,47.30095],[-111.44119,47.30691],[-111.43372,47.31568],[-111.43883,47.32028],[-111.43354,47.32553],[-111.44119,47.33086],[-111.44019,47.33509],[-111.44499,47.34126],[-111.436,47.35365],[-111.43931,47.35674],[-111.44701,47.35616],[-111.46007,47.36441],[-111.44796,47.37807],[-111.44728,47.38943],[-111.45061,47.39421],[-111.45918,47.39952],[-111.47548,47.40574],[-111.47918,47.41399],[-111.48377,47.41528],[-111.48874,47.42593],[-111.49575,47.43043],[-111.50307,47.42807],[-111.50153,47.4193],[-111.4983,47.41283],[-111.50179,47.40428],[-111.50957,47.40442],[-111.51531,47.40939],[-111.52124,47.41033],[-111.52654,47.40767],[-111.52651,47.40145],[-111.52192,47.3969],[-111.51171,47.3938],[-111.50442,47.38844],[-111.50248,47.38204],[-111.5062,47.379],[-111.51799,47.38026],[-111.52654,47.3828],[-111.53975,47.3844],[-111.53678,47.36499],[-111.54316,47.36452],[-111.54797,47.37509],[-111.55219,47.37569],[-111.55733,47.37086],[-111.55737,47.36332],[-111.56479,47.35884],[-111.57833,47.35614],[-111.5807,47.35315],[-111.58013,47.34467],[-111.58505,47.34126],[-111.60538,47.34179],[-111.61018,47.34642],[-111.61668,47.34855],[-111.61814,47.35466],[-111.6275,47.35718],[-111.62834,47.36163],[-111.64732,47.36452],[-111.65099,47.36827],[-111.66019,47.37239],[-111.66348,47.37779],[-111.67681,47.38158],[-111.69066,47.37747],[-111.69311,47.37162],[-111.69961,47.37183],[-111.71422,47.37192],[-111.72351,47.37485],[-111.73008,47.38095],[-111.75037,47.38531],[-111.75312,47.39197],[-111.76361,47.39446],[-111.76907,47.39775],[-111.78155,47.3981],[-111.78773,47.40245],[-111.79519,47.40347],[-111.80279,47.40913],[-111.81406,47.40702],[-111.81948,47.40178],[-111.82444,47.40162],[-111.82756,47.40701],[-111.84386,47.41084],[-111.8453,47.41281],[-111.86889,47.41567],[-111.88992,47.40394],[-111.91038,47.38967],[-111.92196,47.38464],[-111.92903,47.38441],[-111.93492,47.38044],[-111.94383,47.36788],[-111.95815,47.35626],[-111.97416,47.35261],[-112.00501,47.33834],[-112.00641,47.33287],[-112.0041,47.31672],[-112.00721,47.30975],[-112.01573,47.30343],[-112.0199,47.29672],[-112.02233,47.28699],[-112.031,47.28211],[-112.03048,47.2776],[-112.03374,47.26622],[-112.04048,47.25918],[-112.04494,47.25801],[-112.04483,47.19271],[-112.03604,47.19364],[-112.02565,47.19914],[-112.01613,47.19364],[-112.01004,47.18437],[-112.01144,47.18015],[-112.00083,47.17959],[-111.99465,47.18266],[-111.97738,47.18393],[-111.97925,47.17374],[-111.97147,47.17086],[-111.96645,47.17365],[-111.96171,47.16903],[-111.96418,47.15875],[-111.95406,47.15727],[-111.94214,47.14358],[-111.93406,47.1413],[-111.93026,47.14385],[-111.92014,47.13569],[-111.89629,47.13574],[-111.89636,47.12128],[-111.87444,47.12139],[-111.87488,47.12866],[-111.78928,47.12892],[-111.79023,47.09298],[-111.79024,46.91376],[-111.78192,46.91358],[-111.65813,46.91342],[-111.53921,46.91337],[-111.53937,47.00056],[-111.28663,47.00103]]]},"properties":{"STATEFP":"30","COUNTYFP":"013","COUSUBFP":"90525","COUSUBNS":"01940582","GEOIDFQ":"0600000US3001390525","GEOID":"3001390525","NAME":"Cascade","NAMELSAD":"Cascade CCD","STUSPS":"MT","NAMELSADCO":"Cascade County","STATE_NAME":"Montana","LSAD":"22","ALAND":2028122196,"AWATER":11598949}},
{"type":"Feature","geometry":{"type":"Polygon","coordinates":[[[-106.67569,48.20456],[-106.67753,48.20791],[-106.6728,48.21171],[-106.67655,48.21694],[-106.67835,48.22491],[-106.69167,48.22168],[-106.69616,48.22773],[-106.68429,48.23279],[-106.68234,48.23787],[-106.68844,48.24048],[-106.69914,48.23843],[-106.70004,48.24596],[-106.70741,48.2446],[-106.70923,48.24999],[-106.71568,48.25159],[-106.7322,48.24783],[-106.741,48.24866],[-106.75202,48.25509],[-106.75052,48.25955],[-106.74323,48.25873],[-106.74635,48.26602],[-106.75765,48.2715],[-106.76888,48.26597],[-106.77191,48.26784],[-106.76759,48.27547],[-106.7717,48.28324],[-106.78446,48.28092],[-106.78076,48.29075],[-106.7855,48.29546],[-106.77909,48.29753],[-106.78482,48.30228],[-106.79176,48.30285],[-106.79688,48.308],[-106.79211,48.31362],[-106.79862,48.31673],[-106.80295,48.31212],[-106.79871,48.30584],[-106.80651,48.30476],[-106.82712,48.31644],[-106.83349,48.32764],[-106.83227,48.33272],[-106.84052,48.33662],[-106.84935,48.3444],[-106.86703,48.3443],[-106.87983,48.35417],[-106.88579,48.34651],[-106.89138,48.34995],[-106.88392,48.36142],[-106.89421,48.36527],[-106.89223,48.37094],[-106.89858,48.37261],[-106.89431,48.37771],[-106.8977,48.37997],[-106.893,48.38635],[-106.88765,48.3863],[-106.88624,48.39417],[-106.8741,48.39228],[-106.86054,48.39421],[-106.85322,48.39704],[-106.85204,48.40417],[-106.8454,48.40653],[-106.84507,48.45112],[-106.83467,48.44942],[-106.82933,48.45252],[-106.82561,48.46152],[-106.84096,48.48908],[-106.83907,48.49466],[-106.84218,48.50262],[-106.85062,48.5132],[-106.84954,48.51774],[-106.84307,48.52236],[-106.83769,48.53086],[-106.84029,48.53753],[-106.83499,48.54269],[-106.83544,48.54834],[-106.81955,48.56181],[-106.79585,48.57116],[-106.79771,48.58556],[-106.79715,48.59545],[-106.787,48.60303],[-106.77087,48.62135],[-106.76255,48.62914],[-106.74853,48.63985],[-106.72558,48.64062],[-106.72429,48.64722],[-106.71912,48.65244],[-106.70946,48.652],[-106.69779,48.65892],[-106.67894,48.65323],[-106.6729,48.65711],[-106.65092,48.66481],[-106.59752,48.66475],[-106.5231,48.66471],[-106.52317,48.76607],[-106.5085,48.76604],[-106.50104,48.77231],[-106.50133,48.80428],[-106.49586,48.80823],[-106.49587,48.83107],[-106.49042,48.83606],[-106.49038,48.85327],[-106.47941,48.85709],[-106.47942,48.87039],[-106.5005,48.87102],[-106.50148,48.88153],[-106.52286,48.88189],[-106.53128,48.89108],[-106.54459,48.89717],[-106.54628,48.90044],[-106.55557,48.9035],[-106.5704,48.90446],[-106.5868,48.90731],[-106.60683,48.91229],[-106.68001,48.91239],[-106.69752,48.91282],[-106.70532,48.91076],[-106.71236,48.91243],[-106.78119,48.91238],[-106.78369,48.9121],[-106.78321,48.93743],[-106.78375,48.96671],[-106.79983,48.96673],[-106.8056,48.97098],[-106.80934,48.97816],[-106.81927,48.98006],[-106.83338,48.98763],[-106.83516,48.99482],[-106.83165,48.99975],[-107.17981,48.99992],[-107.17982,48.91267],[-107.20603,48.91271],[-107.20632,48.56817],[-107.19271,48.56811],[-107.19269,48.5094],[-107.20877,48.51013],[-107.21744,48.50757],[-107.22585,48.50962],[-107.23302,48.51552],[-107.24129,48.51324],[-107.25102,48.51723],[-107.25803,48.51482],[-107.25794,48.48099],[-107.30172,48.48094],[-107.30107,48.394],[-107.26028,48.39408],[-107.26046,48.30477],[-107.28286,48.30484],[-107.27733,48.3011],[-107.2796,48.29618],[-107.2734,48.29324],[-107.2633,48.29194],[-107.2675,48.28242],[-107.26498,48.27754],[-107.2661,48.25862],[-107.26116,48.2553],[-107.26358,48.25079],[-107.2611,48.24664],[-107.25989,48.23211],[-107.25055,48.22375],[-107.24158,48.22218],[-107.23251,48.21817],[-107.22228,48.2102],[-107.21445,48.20664],[-107.20659,48.20605],[-107.17502,48.19723],[-107.17112,48.19369],[-107.14975,48.18854],[-107.13698,48.19009],[-107.11789,48.18217],[-107.10612,48.17554],[-107.09445,48.17391],[-107.07944,48.16925],[-107.07062,48.16911],[-107.05693,48.16612],[-107.05056,48.16159],[-107.04496,48.16268],[-107.03329,48.15351],[-107.02121,48.15727],[-107.01588,48.16535],[-106.99781,48.16766],[-106.99386,48.17349],[-106.98005,48.16892],[-106.96841,48.16941],[-106.96035,48.16656],[-106.95281,48.16979],[-106.92887,48.16434],[-106.91962,48.16479],[-106.90426,48.16783],[-106.89889,48.16491],[-106.89175,48.16634],[-106.86252,48.16147],[-106.85561,48.1668],[-106.83687,48.16901],[-106.82917,48.17153],[-106.82501,48.17554],[-106.81565,48.17898],[-106.80158,48.17697],[-106.79158,48.17284],[-106.77659,48.1706],[-106.77243,48.17277],[-106.75885,48.17306],[-106.7579,48.17724],[-106.75227,48.18043],[-106.74348,48.1811],[-106.74103,48.18772],[-106.73147,48.19173],[-106.72032,48.19126],[-106.71479,48.19755],[-106.70196,48.19676],[-106.7001,48.20073],[-106.67949,48.20562],[-106.67569,48.20456]]]},"properties":{"STATEFP":"30","COUNTYFP":"105","COUSUBFP":"91764","COUSUBNS":"01940645","GEOIDFQ":"0600000US3010591764","GEOID":"3010591764","NAME":"Hinsdale","NAMELSAD":"Hinsdale CCD","STUSPS":"MT","NAMELSADCO":"Valley County","STATE_NAME":"Montana","LSAD":"22","ALAND":3471204807,"AWATER":7620277}},
{"type":"Feature","geometry":{"type":"Polygon","coordinates":[[[-105.73753,46.50475],[-105.73419,46.50274],[-105.73733,46.49695],[-105.72699,46.49703],[-105.723,46.49064],[-105.71178,46.48423],[-105.69323,46.48337],[-105.69102,46.47641],[-105.67787,46.4698],[-105.67287,46.46909],[-105.6568,46.4486],[-105.64377,46.43566],[-105.63479,46.4221],[-105.62421,46.41888],[-105.62492,46.41388],[-105.61913,46.40451],[-105.62799,46.40168],[-105.62246,46.39742],[-105.6073,46.39439],[-105.58362,46.38525],[-105.57557,46.38396],[-105.55886,46.38464],[-105.54859,46.38677],[-105.52636,46.39553],[-105.49736,46.41731],[-105.4804,46.42705],[-105.4741,46.4288],[-105.45673,46.42881],[-105.44182,46.4268],[-105.4217,46.4263],[-105.40166,46.42896],[-105.34897,46.41815],[-105.33903,46.41783],[-105.32562,46.41976],[-105.30789,46.42861],[-105.30289,46.41772],[-105.30859,46.40823],[-105.30724,46.40044],[-105.31914,46.39984],[-105.31807,46.38765],[-105.32214,46.38374],[-105.32125,46.37645],[-105.32608,46.37393],[-105.32517,46.36778],[-105.31857,46.36872],[-105.30758,46.36034],[-105.3057,46.35602],[-105.29958,46.35494],[-105.30086,46.34642],[-105.29125,46.33623],[-105.29205,46.3303],[-105.29812,46.32462],[-105.29909,46.31938],[-105.28828,46.31445],[-105.2923,46.31001],[-105.28783,46.3015],[-105.29491,46.29884],[-105.29522,46.2925],[-105.28468,46.28993],[-105.27915,46.28275],[-105.27973,46.27537],[-105.28537,46.26942],[-105.27963,46.25947],[-105.26335,46.24439],[-105.26165,46.23923],[-105.25607,46.2392],[-105.25274,46.23343],[-105.23987,46.23159],[-105.2303,46.23256],[-105.22545,46.2309],[-105.22243,46.2251],[-105.21317,46.21692],[-105.20729,46.21387],[-105.19964,46.20508],[-105.18702,46.19973],[-105.18117,46.19141],[-105.16703,46.18641],[-105.16594,46.17589],[-105.15599,46.16505],[-105.16194,46.15283],[-105.15778,46.1424],[-105.15936,46.13553],[-105.15091,46.13156],[-105.14619,46.12657],[-105.1489,46.12272],[-105.14344,46.10801],[-105.13919,46.10371],[-105.13019,46.10266],[-105.11281,46.09794],[-105.11141,46.08894],[-105.09551,46.08463],[-105.0984,46.07198],[-105.093,46.06565],[-105.08136,46.06603],[-105.0753,46.06384],[-105.06661,46.06447],[-105.05695,46.05507],[-105.06713,46.04745],[-105.07193,46.03988],[-105.06207,46.04114],[-105.05968,46.03131],[-105.04901,46.02943],[-105.059,46.0237],[-105.05864,46.02016],[-105.04853,46.01896],[-105.03912,46.01106],[-105.03891,46.00805],[-105.04735,46.00481],[-105.05056,46],[-105.04904,45.99413],[-105.04104,45.9862],[-105.02617,45.9859],[-105.01652,45.98127],[-105.00745,45.97985],[-105.00244,45.97403],[-104.99708,45.96155],[-104.99559,45.95293],[-105.00196,45.93914],[-105.00841,45.93381],[-105.01157,45.92802],[-105.00977,45.92361],[-105.00367,45.92086],[-104.99306,45.92321],[-104.98976,45.92145],[-104.98885,45.906],[-104.99449,45.90456],[-104.99677,45.90005],[-104.98998,45.89856],[-104.98702,45.8886],[-104.98065,45.88131],[-104.99258,45.87854],[-104.9952,45.87373],[-105.00288,45.87251],[-105.00004,45.86477],[-105.00744,45.86269],[-105.00894,45.85417],[-105.01721,45.85394],[-105.02104,45.85085],[-105.01106,45.84183],[-105.01427,45.83484],[-105.02436,45.83102],[-105.03346,45.83115],[-105.03859,45.83365],[-105.04796,45.81314],[-105.06001,45.80558],[-105.0627,45.80107],[-105.05416,45.80024],[-105.04856,45.79404],[-105.06224,45.78722],[-104.98194,45.78698],[-104.93929,45.78696],[-104.93925,46.00493],[-104.9392,46.13658],[-104.88549,46.1366],[-104.88558,46.31335],[-104.90531,46.31333],[-104.90587,46.48082],[-104.90599,46.48225],[-104.73267,46.4822],[-104.73306,46.6127],[-104.85874,46.61256],[-104.85875,46.56912],[-104.98474,46.56939],[-104.98471,46.54039],[-105.11291,46.54079],[-105.23924,46.54119],[-105.23906,46.57027],[-105.4492,46.57097],[-105.44941,46.60001],[-105.49192,46.60009],[-105.492,46.65812],[-105.51092,46.65809],[-105.5468,46.65803],[-105.55128,46.65238],[-105.55807,46.6486],[-105.56519,46.64129],[-105.56577,46.62537],[-105.57404,46.61856],[-105.57436,46.61175],[-105.57806,46.60625],[-105.59024,46.60021],[-105.59463,46.59587],[-105.59719,46.5879],[-105.59731,46.57835],[-105.5996,46.5713],[-105.60671,46.56508],[-105.62875,46.56131],[-105.64836,46.55492],[-105.66262,46.55116],[-105.67532,46.54599],[-105.6901,46.5435],[-105.70102,46.54041],[-105.71282,46.53183],[-105.72492,46.53058],[-105.72802,46.51984],[-105.73753,46.50475]]]},"properties":{"STATEFP":"30","COUNTYFP":"017","COUSUBFP":"93087","COUSUBNS":"01940707","GEOIDFQ":"0600000US3001793087","GEOID":"3001793087","NAME":"Shirley-Ismay","NAMELSAD":"Shirley-Ismay CCD","STUSPS":"MT","NAMELSADCO":"Custer County","STATE_NAME":"Montana","LSAD":"22","ALAND":2397833494,"AWATER":4423157}},
{"type":"Feature","geometry":{"type":"Polygon","coordinates":[[[-114.65048,47.15295],[-114.65023,47.16716],[-114.6914,47.1672],[-114.69136,47.18227],[-114.71228,47.18219],[-114.71227,47.22559],[-114.77583,47.22557],[-114.77585,47.24005],[-114.79713,47.24003],[-114.7972,47.26892],[-114.84232,47.26885],[-114.84245,47.29794],[-114.90605,47.29797],[-114.90601,47.31248],[-114.96764,47.3126],[-114.94805,47.30182],[-114.95737,47.29467],[-114.9615,47.28883],[-114.97383,47.28084],[-114.98064,47.27847],[-114.98915,47.26795],[-114.99248,47.26052],[-115.00019,47.25441],[-115.00498,47.24485],[-114.99938,47.24358],[-114.99756,47.23851],[-115.02564,47.23224],[-115.03412,47.23575],[-115.05028,47.23368],[-115.05381,47.23667],[-115.05933,47.25886],[-115.06907,47.26742],[-115.09008,47.26116],[-115.09812,47.2613],[-115.11413,47.25701],[-115.12295,47.24995],[-115.12587,47.24392],[-115.11951,47.23823],[-115.12152,47.23308],[-115.1309,47.23296],[-115.14244,47.22794],[-115.14861,47.2273],[-115.16081,47.21943],[-115.16143,47.20821],[-115.16433,47.20304],[-115.17132,47.19815],[-115.17661,47.19072],[-115.18336,47.18583],[-115.19563,47.18387],[-115.19941,47.1802],[-115.20603,47.16599],[-115.20849,47.15348],[-115.21632,47.14536],[-115.21253,47.142],[-115.19906,47.13962],[-115.19823,47.13712],[-115.18599,47.1294],[-115.18648,47.12473],[-115.17974,47.12063],[-115.17286,47.11203],[-115.17217,47.10715],[-115.16033,47.10222],[-115.14434,47.10198],[-115.14023,47.09676],[-115.14268,47.09206],[-115.13962,47.08002],[-115.13113,47.06896],[-115.122,47.06333],[-115.11683,47.05787],[-115.10262,47.04742],[-115.09801,47.04858],[-115.0876,47.04579],[-115.08836,47.04112],[-115.08186,47.03819],[-115.08103,47.02985],[-115.07173,47.02586],[-115.06944,47.01513],[-115.07281,47.01336],[-115.06555,47.0006],[-115.0673,46.99499],[-115.06114,46.99193],[-115.05669,46.98483],[-115.0502,46.98123],[-115.05142,46.97435],[-115.04838,46.96982],[-115.02968,46.97251],[-115.02839,46.97566],[-115.01131,46.97412],[-115.00127,46.9719],[-115.00091,46.9677],[-114.99392,46.96223],[-114.98311,46.94928],[-114.9702,46.93872],[-114.95887,46.93347],[-114.96096,46.93041],[-114.95268,46.92665],[-114.94193,46.92408],[-114.9353,46.91974],[-114.92529,46.91875],[-114.92206,46.91249],[-114.92933,46.90989],[-114.93672,46.89733],[-114.93248,46.88771],[-114.93161,46.8768],[-114.94055,46.8684],[-114.94381,46.86816],[-114.94834,46.86106],[-114.94209,46.85655],[-114.92885,46.85494],[-114.92426,46.84753],[-114.92768,46.84118],[-114.91632,46.84389],[-114.90317,46.8379],[-114.89385,46.84231],[-114.89343,46.84899],[-114.88762,46.8537],[-114.87017,46.85988],[-114.86576,46.8584],[-114.85339,46.85959],[-114.84764,46.85688],[-114.8362,46.85498],[-114.8355,46.85822],[-114.81629,46.86867],[-114.812,46.87693],[-114.81541,46.88015],[-114.80668,46.88687],[-114.80242,46.89675],[-114.80621,46.8996],[-114.80555,46.90684],[-114.79,46.91353],[-114.7859,46.9119],[-114.77547,46.9193],[-114.76789,46.92152],[-114.76755,46.92574],[-114.75914,46.92946],[-114.75315,46.92687],[-114.74664,46.92962],[-114.74139,46.92865],[-114.73208,46.93206],[-114.71986,46.9313],[-114.70945,46.93233],[-114.69668,46.92681],[-114.68444,46.9354],[-114.68187,46.94459],[-114.66893,46.95132],[-114.67108,46.95982],[-114.6679,46.96241],[-114.657,46.96241],[-114.6533,46.96722],[-114.65603,46.97061],[-114.65668,46.98347],[-114.66451,46.99015],[-114.68243,46.99771],[-114.69364,47.00776],[-114.69814,47.00373],[-114.71018,46.99761],[-114.71912,46.99666],[-114.72728,46.99987],[-114.73827,47.00722],[-114.73771,47.01272],[-114.74806,47.02727],[-114.75746,47.03528],[-114.76323,47.03648],[-114.76622,47.04135],[-114.76617,47.05002],[-114.77043,47.06183],[-114.76896,47.06752],[-114.76179,47.07151],[-114.76404,47.0814],[-114.77583,47.08541],[-114.78041,47.09474],[-114.77947,47.10406],[-114.76525,47.10471],[-114.75129,47.10071],[-114.74072,47.10239],[-114.71456,47.11262],[-114.69995,47.11337],[-114.69632,47.11979],[-114.69716,47.1239],[-114.69026,47.12827],[-114.68217,47.13015],[-114.67662,47.13993],[-114.67271,47.15012],[-114.66476,47.15209],[-114.65048,47.15295]]]},"properties":{"STATEFP":"30","COUNTYFP":"061","COUSUBFP":"93444","COUSUBNS":"01940723","GEOIDFQ":"0600000US3006193444","GEOID":"3006193444","NAME":"Superior","NAMELSAD":"Superior CCD","STUSPS":"MT","NAMELSADCO":"Mineral County","STATE_NAME":"Montana","LSAD":"22","ALAND":1233530982,"AWATER":4953112}},
{"type":"Feature","geometry":{"type":"Polygon","coordinates":[[[-112.22906,48.48361],[-112.33338,48.48351],[-112.57698,48.48335],[-112.5772,48.31384],[-112.56791,48.31947],[-112.556,48.32294],[-112.54192,48.3253],[-112.53542,48.32923],[-112.53312,48.33438],[-112.51232,48.34102],[-112.50614,48.34644],[-112.49509,48.34285],[-112.4781,48.34467],[-112.46941,48.34813],[-112.46213,48.34729],[-112.45496,48.34326],[-112.44747,48.34385],[-112.42544,48.33578],[-112.41869,48.33955],[-112.40533,48.32324],[-112.4005,48.32136],[-112.39998,48.31555],[-112.3857,48.31393],[-112.38251,48.32067],[-112.37775,48.31937],[-112.36617,48.3119],[-112.36192,48.31644],[-112.34572,48.32323],[-112.33831,48.32057],[-112.32731,48.32329],[-112.31818,48.33031],[-112.3278,48.33147],[-112.33659,48.33661],[-112.34124,48.34609],[-112.34803,48.35015],[-112.34565,48.35533],[-112.33117,48.36377],[-112.3332,48.36912],[-112.32818,48.38012],[-112.32372,48.38446],[-112.32782,48.39059],[-112.32476,48.39244],[-112.31598,48.38941],[-112.31203,48.39805],[-112.30363,48.40248],[-112.29513,48.40238],[-112.28664,48.40758],[-112.28639,48.41201],[-112.27905,48.41404],[-112.27169,48.41907],[-112.27268,48.42233],[-112.2623,48.42559],[-112.25668,48.43451],[-112.26133,48.43793],[-112.26065,48.44398],[-112.24959,48.44606],[-112.23796,48.45395],[-112.23073,48.45612],[-112.22615,48.46811],[-112.2292,48.48188],[-112.22906,48.48361]]]},"properties":{"STATEFP":"30","COUNTYFP":"073","COUSUBFP":"90357","COUSUBNS":"01940574","GEOIDFQ":"0600000US3007390357","GEOID":"3007390357","NAME":"Blackfeet Reservation East","NAMELSAD":"Blackfeet Reservation East CCD","STUSPS":"MT","NAMELSADCO":"Pondera County","STATE_NAME":"Montana","LSAD":"22","ALAND":352114692,"AWATER":9965497}},
{"type":"Feature","geometry":{"type":"Polygon","coordinates":[[[-106.12033,46.4934],[-106.1105,46.48725],[-106.10666,46.48272],[-106.09864,46.48686],[-106.08658,46.48513],[-106.09612,46.47881],[-106.08817,46.47734],[-106.0698,46.47896],[-106.07343,46.47481],[-106.06047,46.46642],[-106.04927,46.46387],[-106.03941,46.46502],[-106.03661,46.46105],[-106.03002,46.46307],[-106.0151,46.46199],[-106.01126,46.45596],[-106.00522,46.45385],[-105.98943,46.45471],[-105.9787,46.44501],[-105.96066,46.44468],[-105.95761,46.43868],[-105.94833,46.44101],[-105.9216,46.43859],[-105.91415,46.43636],[-105.89766,46.44084],[-105.90256,46.44426],[-105.90274,46.44855],[-105.89134,46.44975],[-105.88339,46.44643],[-105.8796,46.45195],[-105.8746,46.45254],[-105.87283,46.45859],[-105.8658,46.45612],[-105.86214,46.46188],[-105.85053,46.46239],[-105.84813,46.46594],[-105.85216,46.47267],[-105.83819,46.47453],[-105.83506,46.48065],[-105.81962,46.48279],[-105.8143,46.48697],[-105.80474,46.48835],[-105.80162,46.49556],[-105.79043,46.48854],[-105.78639,46.49486],[-105.77404,46.4964],[-105.76539,46.50161],[-105.74988,46.49885],[-105.7471,46.49692],[-105.73753,46.50475],[-105.72802,46.51984],[-105.72492,46.53058],[-105.71282,46.53183],[-105.70102,46.54041],[-105.6901,46.5435],[-105.67532,46.54599],[-105.66262,46.55116],[-105.64836,46.55492],[-105.62875,46.56131],[-105.60671,46.56508],[-105.5996,46.5713],[-105.59731,46.57835],[-105.59719,46.5879],[-105.59463,46.59587],[-105.59024,46.60021],[-105.57806,46.60625],[-105.57436,46.61175],[-105.57404,46.61856],[-105.56577,46.62537],[-105.56519,46.64129],[-105.55807,46.6486],[-105.55128,46.65238],[-105.5468,46.65803],[-105.57606,46.658],[-105.57639,46.74502],[-105.6181,46.74493],[-105.61816,46.83215],[-105.83263,46.83196],[-105.83267,46.86082],[-106.08658,46.86029],[-106.08646,46.84588],[-106.08634,46.83146],[-106.12063,46.83144],[-106.12022,46.53394],[-106.12033,46.4934]]]},"properties":{"STATEFP":"30","COUNTYFP":"017","COUSUBFP":"92415","COUSUBNS":"01940675","GEOIDFQ":"0600000US3001792415","GEOID":"3001792415","NAME":"North Custer","NAMELSAD":"North Custer CCD","STUSPS":"MT","NAMELSADCO":"Custer County","STATE_NAME":"Montana","LSAD":"22","ALAND":1599813280,"AWATER":5071481}},
{"type":"Feature","geometry":{"type":"Polygon","coordinates":[[[-105.91048,45.00024],[-105.77544,45.00032],[-105.62823,45.00041],[-105.3713,45.00024],[-105.16917,45.00012],[-105.03825,45.0001],[-105.03832,45.17805],[-105.03829,45.26505],[-105.0382,45.35204],[-104.98732,45.35204],[-104.98731,45.44276],[-104.98145,45.44276],[-104.98154,45.52966],[-104.98147,45.70559],[-104.98197,45.75521],[-104.98194,45.78698],[-105.06224,45.78722],[-105.07098,45.78496],[-105.07116,45.78076],[-105.07657,45.77001],[-105.08658,45.75618],[-105.08804,45.75145],[-105.0964,45.75223],[-105.10369,45.74884],[-105.10686,45.75412],[-105.1115,45.75535],[-105.11676,45.75],[-105.11181,45.74607],[-105.1161,45.741],[-105.13097,45.72747],[-105.13653,45.72409],[-105.14652,45.71238],[-105.15348,45.70992],[-105.1627,45.71029],[-105.17552,45.70589],[-105.17584,45.6993],[-105.18078,45.69526],[-105.19274,45.69307],[-105.20387,45.68102],[-105.20812,45.68133],[-105.2108,45.68704],[-105.21995,45.69026],[-105.22869,45.6841],[-105.23167,45.6794],[-105.24456,45.68426],[-105.24313,45.67615],[-105.23606,45.67276],[-105.25442,45.6658],[-105.25638,45.66071],[-105.24764,45.66174],[-105.24459,45.659],[-105.2464,45.65105],[-105.25157,45.64971],[-105.25009,45.6418],[-105.25277,45.6342],[-105.24124,45.63026],[-105.24898,45.62127],[-105.25537,45.62075],[-105.24981,45.61431],[-105.25956,45.61387],[-105.26441,45.6088],[-105.27249,45.59497],[-105.28654,45.58922],[-105.29155,45.58165],[-105.28535,45.57934],[-105.28364,45.57554],[-105.2932,45.57477],[-105.29195,45.57087],[-105.28478,45.5696],[-105.28581,45.55459],[-105.29114,45.55443],[-105.2975,45.55037],[-105.31504,45.54928],[-105.3129,45.54441],[-105.31623,45.5405],[-105.32333,45.54038],[-105.32926,45.53708],[-105.33694,45.52415],[-105.3316,45.51311],[-105.32388,45.51087],[-105.32171,45.50584],[-105.32727,45.50402],[-105.32896,45.49837],[-105.32107,45.49644],[-105.33025,45.48533],[-105.33544,45.48921],[-105.34181,45.48004],[-105.33924,45.47772],[-105.34633,45.472],[-105.33971,45.47049],[-105.33922,45.46643],[-105.34817,45.46275],[-105.35346,45.46432],[-105.35782,45.47001],[-105.3646,45.46375],[-105.37873,45.46206],[-105.37811,45.44934],[-105.38232,45.44858],[-105.39274,45.43088],[-105.3978,45.43057],[-105.40486,45.42596],[-105.41356,45.42319],[-105.41964,45.42447],[-105.43413,45.41546],[-105.44254,45.41293],[-105.44682,45.40779],[-105.45174,45.40678],[-105.452,45.39948],[-105.45614,45.39697],[-105.4555,45.39122],[-105.44942,45.38379],[-105.45247,45.37928],[-105.45851,45.38025],[-105.46208,45.36809],[-105.46951,45.37332],[-105.47153,45.36467],[-105.48328,45.3637],[-105.49181,45.37169],[-105.49755,45.36553],[-105.51355,45.3593],[-105.51183,45.35378],[-105.51457,45.34998],[-105.50804,45.34567],[-105.51339,45.34316],[-105.52217,45.34871],[-105.52772,45.34841],[-105.5375,45.34404],[-105.53154,45.32752],[-105.53779,45.32744],[-105.54153,45.33166],[-105.54471,45.32673],[-105.55156,45.32936],[-105.55543,45.32697],[-105.55331,45.32226],[-105.56134,45.31905],[-105.56979,45.32582],[-105.57602,45.317],[-105.56883,45.31225],[-105.5716,45.3039],[-105.58038,45.30453],[-105.58122,45.29973],[-105.58921,45.29322],[-105.60213,45.29258],[-105.60297,45.28973],[-105.59498,45.28714],[-105.61185,45.27094],[-105.63002,45.2689],[-105.63475,45.25607],[-105.64262,45.2582],[-105.64556,45.25318],[-105.65132,45.25384],[-105.65596,45.2455],[-105.6642,45.24928],[-105.67188,45.24274],[-105.67957,45.2425],[-105.67664,45.23383],[-105.68033,45.23031],[-105.69214,45.22509],[-105.71143,45.22592],[-105.70614,45.22129],[-105.71206,45.21632],[-105.726,45.21199],[-105.73085,45.2066],[-105.73734,45.20388],[-105.74028,45.18711],[-105.74719,45.18765],[-105.74616,45.194],[-105.7512,45.19706],[-105.75627,45.19573],[-105.75105,45.18944],[-105.75829,45.18605],[-105.75406,45.18157],[-105.76999,45.17692],[-105.75953,45.17367],[-105.76569,45.1697],[-105.77388,45.16777],[-105.77627,45.15954],[-105.78166,45.14863],[-105.78152,45.14361],[-105.79227,45.14095],[-105.80769,45.14257],[-105.80651,45.13482],[-105.80836,45.13149],[-105.81724,45.1315],[-105.82323,45.11652],[-105.82616,45.1152],[-105.83377,45.12081],[-105.83859,45.11461],[-105.83464,45.11083],[-105.83902,45.10638],[-105.84494,45.10827],[-105.85082,45.10058],[-105.84943,45.09625],[-105.85539,45.08923],[-105.85527,45.08302],[-105.84913,45.07656],[-105.85316,45.06874],[-105.86994,45.06709],[-105.87016,45.05905],[-105.87773,45.0572],[-105.89178,45.05626],[-105.89385,45.04835],[-105.8829,45.04083],[-105.88327,45.03376],[-105.88924,45.0316],[-105.89679,45.03344],[-105.90915,45.03357],[-105.91766,45.02651],[-105.91932,45.02242],[-105.90976,45.019],[-105.90457,45.01289],[-105.89857,45.01018],[-105.91048,45.00024]]]},"properties":{"STATEFP":"30","COUNTYFP":"075","COUSUBFP":"90987","COUSUBNS":"01940604","GEOIDFQ":"0600000US3007590987","GEOID":"3007590987","NAME":"East Powder River","NAMELSAD":"East Powder River CCD","STUSPS":"MT","NAMELSADCO":"Powder River County","STATE_NAME":"Montana","LSAD":"22","ALAND":3319113952,"AWATER":824515}},
{"type":"Feature","geometry":{"type":"Polygon","coordinates":[[[-112.92322,45.93477],[-112.92726,45.933],[-112.92866,45.92707],[-112.94165,45.92365],[-112.95,45.92459],[-112.96021,45.92259],[-112.96551,45.91821],[-112.96805,45.90909],[-112.96525,45.90554],[-112.98228,45.89712],[-112.98354,45.89249],[-112.99009,45.89016],[-112.99642,45.8919],[-113.01356,45.88392],[-113.01966,45.87865],[-113.02408,45.87139],[-113.03516,45.86826],[-113.04574,45.86886],[-113.05275,45.86705],[-113.06078,45.86972],[-113.07551,45.86514],[-113.08552,45.86065],[-113.08465,45.85534],[-113.07357,45.85101],[-113.06491,45.85069],[-113.05585,45.84438],[-113.0407,45.83726],[-113.03821,45.83227],[-113.0247,45.82974],[-113.02073,45.82235],[-113.00917,45.81589],[-113.00204,45.81589],[-113.00083,45.80825],[-112.99718,45.80657],[-112.98665,45.80748],[-112.97347,45.80573],[-112.94271,45.79943],[-112.93367,45.80263],[-112.92706,45.80139],[-112.91787,45.79533],[-112.91819,45.78879],[-112.91219,45.78366],[-112.90081,45.78026],[-112.89214,45.78859],[-112.88473,45.78926],[-112.86637,45.77726],[-112.85618,45.77976],[-112.84413,45.77738],[-112.83923,45.77852],[-112.82357,45.77425],[-112.80901,45.76253],[-112.79921,45.75876],[-112.79255,45.76254],[-112.78357,45.76267],[-112.78058,45.75555],[-112.77314,45.75397],[-112.75934,45.74821],[-112.75631,45.74023],[-112.75827,45.73408],[-112.7513,45.73306],[-112.74775,45.72942],[-112.74746,45.72181],[-112.75365,45.71146],[-112.74647,45.70543],[-112.73628,45.70439],[-112.74157,45.69359],[-112.73631,45.6862],[-112.72529,45.68149],[-112.72391,45.67558],[-112.71761,45.67764],[-112.70868,45.67549],[-112.70119,45.67654],[-112.69786,45.66854],[-112.6984,45.66442],[-112.69227,45.65641],[-112.69589,45.64543],[-112.6997,45.64502],[-112.69672,45.63362],[-112.68817,45.62844],[-112.68705,45.62485],[-112.68224,45.62965],[-112.66232,45.63246],[-112.6544,45.63808],[-112.62508,45.65072],[-112.60913,45.65881],[-112.60066,45.66126],[-112.58847,45.67242],[-112.57756,45.67814],[-112.54995,45.68416],[-112.5443,45.69269],[-112.53326,45.69835],[-112.5241,45.70761],[-112.52566,45.71403],[-112.52571,45.72765],[-112.51545,45.7467],[-112.51203,45.75045],[-112.49843,45.75977],[-112.48531,45.75901],[-112.46182,45.74258],[-112.20314,45.74835],[-112.19027,45.7485],[-112.19898,45.75502],[-112.20846,45.75992],[-112.2146,45.76555],[-112.22347,45.76519],[-112.23551,45.77057],[-112.24643,45.77239],[-112.25342,45.77027],[-112.26213,45.77536],[-112.26684,45.78631],[-112.27435,45.79134],[-112.28003,45.79049],[-112.28946,45.79476],[-112.40144,45.83185],[-112.41421,45.83668],[-112.42646,45.84373],[-112.42981,45.85288],[-112.4388,45.85593],[-112.44932,45.86208],[-112.46044,45.86093],[-112.48166,45.85374],[-112.46406,45.82675],[-112.45507,45.82279],[-112.451,45.81903],[-112.4679,45.81241],[-112.4764,45.81369],[-112.49177,45.82024],[-112.50358,45.82347],[-112.50483,45.81916],[-112.51163,45.81264],[-112.50904,45.79525],[-112.51587,45.79209],[-112.52929,45.79408],[-112.52868,45.80184],[-112.53135,45.80909],[-112.53928,45.80945],[-112.5562,45.81409],[-112.55466,45.81868],[-112.56106,45.82626],[-112.56863,45.82761],[-112.5719,45.83324],[-112.58105,45.83326],[-112.58954,45.84145],[-112.59104,45.85237],[-112.59537,45.86023],[-112.60183,45.86415],[-112.60366,45.86897],[-112.59816,45.87572],[-112.59605,45.88183],[-112.60289,45.89063],[-112.61559,45.89799],[-112.62137,45.89643],[-112.63423,45.89639],[-112.63771,45.89202],[-112.652,45.88945],[-112.66022,45.88073],[-112.67377,45.88273],[-112.68838,45.88292],[-112.70718,45.88474],[-112.7227,45.8851],[-112.73396,45.89984],[-112.74645,45.90587],[-112.75474,45.90781],[-112.75454,45.92927],[-112.76515,45.92954],[-112.76998,45.92665],[-112.78419,45.92445],[-112.79192,45.92709],[-112.80053,45.92643],[-112.80786,45.93243],[-112.81619,45.93197],[-112.8239,45.92805],[-112.82886,45.93253],[-112.83856,45.93006],[-112.84525,45.93212],[-112.854,45.93023],[-112.8661,45.92992],[-112.8811,45.93325],[-112.89939,45.93299],[-112.901,45.92345],[-112.90621,45.92131],[-112.91418,45.92497],[-112.91328,45.92836],[-112.92322,45.93477]]]},"properties":{"STATEFP":"30","COUNTYFP":"093","COUSUBFP":"90487","COUSUBNS":"01940710","GEOIDFQ":"0600000US3009390487","GEOID":"3009390487","NAME":"Butte-Silver Bow South","NAMELSAD":"Butte-Silver Bow South CCD","STUSPS":"MT","NAMELSADCO":"Silver Bow County","STATE_NAME":"Montana","LSAD":"22","ALAND":905335576,"AWATER":801425}},
{"type":"Feature","geometry":{"type":"Polygon","coordinates":[[[-111.66622,47.63949],[-111.66626,47.61125],[-111.68798,47.61093],[-111.75169,47.61126],[-111.76355,47.61064],[-111.79511,47.61112],[-111.85928,47.61076],[-111.92257,47.61126],[-111.92279,47.59682],[-111.92219,47.52407],[-111.92279,47.50506],[-111.92921,47.50051],[-111.9386,47.50572],[-111.95478,47.5072],[-111.96224,47.50409],[-111.97063,47.51133],[-111.97615,47.5074],[-111.98883,47.50738],[-111.9955,47.51113],[-111.99944,47.50729],[-112.00966,47.51266],[-112.01896,47.51445],[-112.02732,47.51802],[-112.04778,47.51603],[-112.0457,47.35024],[-112.04494,47.25801],[-112.04048,47.25918],[-112.03374,47.26622],[-112.03048,47.2776],[-112.031,47.28211],[-112.02233,47.28699],[-112.0199,47.29672],[-112.01573,47.30343],[-112.00721,47.30975],[-112.0041,47.31672],[-112.00641,47.33287],[-112.00501,47.33834],[-111.97416,47.35261],[-111.95815,47.35626],[-111.94383,47.36788],[-111.93492,47.38044],[-111.92903,47.38441],[-111.92196,47.38464],[-111.91038,47.38967],[-111.88992,47.40394],[-111.86889,47.41567],[-111.8453,47.41281],[-111.84386,47.41084],[-111.82756,47.40701],[-111.82444,47.40162],[-111.81948,47.40178],[-111.81406,47.40702],[-111.80279,47.40913],[-111.79519,47.40347],[-111.78773,47.40245],[-111.78155,47.3981],[-111.76907,47.39775],[-111.76361,47.39446],[-111.75312,47.39197],[-111.75037,47.38531],[-111.73008,47.38095],[-111.72351,47.37485],[-111.71422,47.37192],[-111.69961,47.37183],[-111.70447,47.38229],[-111.70981,47.38262],[-111.70982,47.41509],[-111.71495,47.42223],[-111.71499,47.43115],[-111.71993,47.44428],[-111.71951,47.47963],[-111.71638,47.48048],[-111.62395,47.48039],[-111.62401,47.49496],[-111.53659,47.49483],[-111.52775,47.49669],[-111.52772,47.50784],[-111.53797,47.51012],[-111.53772,47.53575],[-111.53255,47.53734],[-111.53079,47.54702],[-111.54095,47.5508],[-111.54454,47.55605],[-111.54148,47.56186],[-111.55123,47.56843],[-111.5494,47.57552],[-111.5544,47.58148],[-111.56922,47.58837],[-111.58336,47.59058],[-111.60034,47.59955],[-111.60301,47.60632],[-111.61194,47.60723],[-111.6133,47.61041],[-111.6223,47.61484],[-111.62287,47.61986],[-111.63342,47.62211],[-111.64074,47.63187],[-111.64664,47.63513],[-111.65478,47.63394],[-111.65837,47.63768],[-111.66622,47.63949]]]},"properties":{"STATEFP":"30","COUNTYFP":"013","COUSUBFP":"93423","COUSUBNS":"01940722","GEOIDFQ":"0600000US3001393423","GEOID":"3001393423","NAME":"Sun River Valley","NAMELSAD":"Sun River Valley CCD","STUSPS":"MT","NAMELSADCO":"Cascade County","STATE_NAME":"Montana","LSAD":"22","ALAND":727982078,"AWATER":406164}},
{"type":"Feature","geometry":{"type":"Polygon","coordinates":[[[-109.83889,47.70671],[-109.83667,47.69847],[-109.83913,47.69626],[-109.83343,47.67957],[-109.84002,47.67328],[-109.83384,47.66752],[-109.83455,47.65713],[-109.83902,47.65454],[-109.83152,47.64882],[-109.83978,47.63532],[-109.83649,47.62525],[-109.83908,47.61936],[-109.84525,47.61266],[-109.84201,47.61028],[-109.84841,47.60544],[-109.84352,47.60082],[-109.84557,47.59597],[-109.85359,47.5867],[-109.85199,47.58029],[-109.84776,47.57551],[-109.85038,47.56491],[-109.84683,47.56297],[-109.84793,47.55269],[-109.84471,47.54897],[-109.85184,47.53992],[-109.8603,47.53845],[-109.86984,47.52676],[-109.88178,47.52399],[-109.8919,47.52332],[-109.89594,47.526],[-109.90854,47.52191],[-109.91366,47.51701],[-109.93481,47.51161],[-109.93456,47.50512],[-109.94116,47.50049],[-109.94591,47.50139],[-109.95701,47.49801],[-109.97126,47.48833],[-109.97482,47.4911],[-109.99025,47.47858],[-109.99999,47.48055],[-110.00292,47.47552],[-110.00871,47.47815],[-110.03101,47.4794],[-110.04255,47.46978],[-110.05251,47.46692],[-110.05587,47.46288],[-110.06689,47.46122],[-110.06906,47.45825],[-110.07892,47.45524],[-110.0807,47.4504],[-110.0979,47.44121],[-110.11233,47.439],[-110.11968,47.43562],[-110.12783,47.43524],[-110.13483,47.42871],[-110.13991,47.42908],[-110.15253,47.42089],[-110.1616,47.4174],[-110.17072,47.41686],[-110.2136,47.41666],[-110.21328,47.35877],[-110.21114,47.35878],[-110.12795,47.35902],[-110.1277,47.27191],[-110.00029,47.27213],[-110.00002,47.22872],[-109.87247,47.22888],[-109.87218,47.20165],[-109.87198,47.18532],[-109.75657,47.18569],[-109.75592,47.05419],[-109.7394,47.05987],[-109.73228,47.06573],[-109.72205,47.0697],[-109.7143,47.07764],[-109.7156,47.08259],[-109.70889,47.08976],[-109.70699,47.09708],[-109.69411,47.10986],[-109.6882,47.11712],[-109.68496,47.1169],[-109.67875,47.12603],[-109.67262,47.12751],[-109.67076,47.13465],[-109.66568,47.13953],[-109.6608,47.14781],[-109.66281,47.15163],[-109.65804,47.16633],[-109.65345,47.16714],[-109.64768,47.17345],[-109.65029,47.17678],[-109.64414,47.18113],[-109.64627,47.19315],[-109.63987,47.19658],[-109.64399,47.19944],[-109.63839,47.20919],[-109.64474,47.20938],[-109.64928,47.21315],[-109.65858,47.21345],[-109.66973,47.22124],[-109.67363,47.22961],[-109.67355,47.23656],[-109.68296,47.23689],[-109.69272,47.24431],[-109.69321,47.25235],[-109.7014,47.25212],[-109.7089,47.25754],[-109.71512,47.26623],[-109.7151,47.27108],[-109.71993,47.27388],[-109.71977,47.27979],[-109.72738,47.28602],[-109.72049,47.29057],[-109.72166,47.29598],[-109.7176,47.2993],[-109.731,47.31011],[-109.72848,47.3136],[-109.71822,47.31719],[-109.71944,47.32088],[-109.71358,47.33075],[-109.70941,47.33166],[-109.70841,47.34258],[-109.71053,47.34761],[-109.70423,47.34867],[-109.70092,47.35388],[-109.69147,47.3537],[-109.683,47.36228],[-109.67335,47.36211],[-109.67064,47.36443],[-109.67715,47.37031],[-109.66734,47.37845],[-109.66626,47.38465],[-109.65849,47.38979],[-109.66123,47.39739],[-109.65198,47.3983],[-109.64302,47.39707],[-109.63384,47.40006],[-109.63606,47.41246],[-109.64006,47.41958],[-109.6325,47.42285],[-109.62575,47.42228],[-109.61753,47.43102],[-109.61029,47.42461],[-109.60009,47.42311],[-109.6053,47.43229],[-109.59386,47.4412],[-109.59475,47.44721],[-109.58956,47.4475],[-109.5744,47.45874],[-109.5794,47.46621],[-109.57009,47.47447],[-109.57883,47.4802],[-109.57765,47.4864],[-109.5841,47.48797],[-109.59047,47.49526],[-109.58586,47.49696],[-109.58415,47.5028],[-109.59505,47.49925],[-109.60474,47.50786],[-109.60268,47.51305],[-109.5891,47.51376],[-109.58683,47.51569],[-109.59185,47.52238],[-109.58958,47.52783],[-109.59166,47.53457],[-109.58023,47.53829],[-109.59496,47.54558],[-109.59202,47.54981],[-109.58183,47.55151],[-109.58289,47.55656],[-109.58862,47.55754],[-109.59212,47.56287],[-109.58752,47.57456],[-109.58598,47.58369],[-109.59775,47.5889],[-109.59139,47.59166],[-109.6038,47.59615],[-109.60877,47.60512],[-109.61814,47.60898],[-109.62395,47.60842],[-109.62832,47.61224],[-109.63289,47.62365],[-109.63883,47.62786],[-109.64655,47.6268],[-109.65134,47.63385],[-109.64826,47.64023],[-109.65231,47.64315],[-109.65204,47.64835],[-109.64644,47.65222],[-109.64933,47.65593],[-109.64692,47.66117],[-109.65264,47.6657],[-109.65186,47.67369],[-109.65576,47.67974],[-109.6551,47.68556],[-109.65106,47.69283],[-109.65471,47.69737],[-109.64957,47.70125],[-109.64945,47.70637],[-109.65587,47.70957],[-109.65331,47.71616],[-109.64818,47.721],[-109.65165,47.72728],[-109.64447,47.73296],[-109.64587,47.73629],[-109.66138,47.73518],[-109.67078,47.73571],[-109.6816,47.73386],[-109.69106,47.72855],[-109.6974,47.71837],[-109.71173,47.71099],[-109.72371,47.70238],[-109.74715,47.70365],[-109.75342,47.7029],[-109.76095,47.70758],[-109.7697,47.70973],[-109.78377,47.70802],[-109.79964,47.71275],[-109.81343,47.7121],[-109.82641,47.71624],[-109.82966,47.71529],[-109.83298,47.70914],[-109.83889,47.70671]]]},"properties":{"STATEFP":"30","COUNTYFP":"027","COUSUBFP":"90903","COUSUBNS":"01940600","GEOIDFQ":"0600000US3002790903","GEOID":"3002790903","NAME":"Denton","NAMELSAD":"Denton CCD","STUSPS":"MT","NAMELSADCO":"Fergus County","STATE_NAME":"Montana","LSAD":"22","ALAND":1581377559,"AWATER":2843617}},
{"type":"Feature","geometry":{"type":"Polygon","coordinates":[[[-109.1923,46.75132],[-109.1834,46.76066],[-109.18121,46.76514],[-109.19031,46.76861],[-109.19651,46.77393],[-109.21946,46.78435],[-109.22738,46.79002],[-109.22614,46.79572],[-109.23153,46.80234],[-109.25051,46.82025],[-109.26153,46.82317],[-109.27425,46.83011],[-109.27892,46.83523],[-109.27886,46.84195],[-109.28325,46.85113],[-109.28459,46.86497],[-109.28856,46.86941],[-109.28881,46.87476],[-109.28063,46.89151],[-109.274,46.89005],[-109.27459,46.87781],[-109.27112,46.87133],[-109.27129,46.86347],[-109.26681,46.85752],[-109.26059,46.85534],[-109.23304,46.85548],[-109.21869,46.85345],[-109.2148,46.85447],[-109.20558,46.86411],[-109.19805,46.86447],[-109.1814,46.86946],[-109.17438,46.87635],[-109.16295,46.88186],[-109.14484,46.88414],[-109.1398,46.88643],[-109.13295,46.89542],[-109.13081,46.90517],[-109.15053,46.91762],[-109.15997,46.91919],[-109.16346,46.92669],[-109.15799,46.93533],[-109.14765,46.94707],[-109.14997,46.95471],[-109.16253,46.95294],[-109.22071,46.95245],[-109.22066,46.97154],[-109.21476,46.98139],[-109.20066,46.98997],[-109.17473,46.99651],[-109.16914,47.00592],[-109.16901,47.01373],[-109.1616,47.01782],[-109.16215,47.0273],[-109.15182,47.03347],[-109.14864,47.04735],[-109.15207,47.06148],[-109.14718,47.07408],[-109.14801,47.07904],[-109.15904,47.0872],[-109.15993,47.09126],[-109.16746,47.10007],[-109.17625,47.10302],[-109.17923,47.10698],[-109.17418,47.11403],[-109.17636,47.12824],[-109.17909,47.12824],[-109.20158,47.12836],[-109.20614,47.12966],[-109.20574,47.13712],[-109.20814,47.14155],[-109.20238,47.15332],[-109.19052,47.1584],[-109.19786,47.16695],[-109.21001,47.17286],[-109.20811,47.1807],[-109.21273,47.18465],[-109.23345,47.1797],[-109.24743,47.18086],[-109.26655,47.18558],[-109.2826,47.18505],[-109.28991,47.18977],[-109.29649,47.19653],[-109.30852,47.20103],[-109.31476,47.19889],[-109.32303,47.2008],[-109.3351,47.19883],[-109.34961,47.20007],[-109.39871,47.20003],[-109.41144,47.185],[-109.43331,47.14636],[-109.4415,47.13878],[-109.44621,47.12952],[-109.44568,47.11653],[-109.4505,47.10294],[-109.45021,47.09907],[-109.46093,47.09817],[-109.46071,47.08845],[-109.4559,47.08459],[-109.48191,47.08455],[-109.48654,47.08857],[-109.49647,47.0916],[-109.51347,47.09136],[-109.52468,47.08441],[-109.59387,47.08433],[-109.60275,47.08887],[-109.60858,47.08444],[-109.6507,47.08433],[-109.65085,47.117],[-109.66874,47.11734],[-109.67262,47.12751],[-109.67875,47.12603],[-109.68496,47.1169],[-109.6882,47.11712],[-109.69411,47.10986],[-109.70699,47.09708],[-109.70889,47.08976],[-109.7156,47.08259],[-109.7143,47.07764],[-109.72205,47.0697],[-109.73228,47.06573],[-109.7394,47.05987],[-109.75592,47.05419],[-109.75542,46.89602],[-109.77651,46.89601],[-109.77641,46.88154],[-109.79225,46.88152],[-109.79218,46.86705],[-109.79747,46.86704],[-109.79726,46.83809],[-109.79883,46.83093],[-109.83557,46.83087],[-109.83542,46.80916],[-109.83015,46.80916],[-109.83013,46.80193],[-109.79846,46.80197],[-109.79836,46.79473],[-109.78776,46.79475],[-109.78761,46.78026],[-109.75667,46.78039],[-109.75638,46.74424],[-109.74581,46.74433],[-109.74574,46.6941],[-109.74574,46.69359],[-109.54607,46.69351],[-109.38916,46.69363],[-109.38921,46.75135],[-109.1923,46.75132]]]},"properties":{"STATEFP":"30","COUNTYFP":"027","COUSUBFP":"92037","COUSUBNS":"01940658","GEOIDFQ":"0600000US3002792037","GEOID":"3002792037","NAME":"Lewistown","NAMELSAD":"Lewistown CCD","STUSPS":"MT","NAMELSADCO":"Fergus County","STATE_NAME":"Montana","LSAD":"22","ALAND":2049389684,"AWATER":919071}},
{"type":"Feature","geometry":{"type":"Polygon","coordinates":[[[-109.79867,45.16734],[-109.79867,45.17213],[-110.06452,45.17213],[-110.2134,45.1721],[-110.21728,45.16598],[-110.22804,45.16314],[-110.23533,45.16534],[-110.23894,45.17132],[-110.25075,45.1799],[-110.26515,45.17731],[-110.27061,45.17952],[-110.2725,45.18511],[-110.28278,45.19555],[-110.28601,45.20409],[-110.29797,45.2055],[-110.30549,45.20825],[-110.31086,45.2207],[-110.32707,45.2267],[-110.3331,45.23133],[-110.34253,45.23249],[-110.34053,45.24427],[-110.35107,45.25384],[-110.36447,45.25534],[-110.37095,45.25298],[-110.37122,45.24043],[-110.38133,45.23842],[-110.38587,45.23474],[-110.39041,45.21782],[-110.40592,45.2154],[-110.41472,45.21249],[-110.42651,45.21212],[-110.42952,45.20884],[-110.44728,45.20625],[-110.45472,45.19768],[-110.46435,45.19749],[-110.47475,45.19011],[-110.48891,45.18798],[-110.49345,45.18236],[-110.49323,45.17441],[-110.49613,45.16947],[-110.51711,45.17058],[-110.523,45.16943],[-110.53579,45.1711],[-110.53711,45.16871],[-110.53481,45.15705],[-110.5372,45.14879],[-110.54178,45.14412],[-110.55234,45.1405],[-110.55762,45.14483],[-110.56494,45.161],[-110.57178,45.16355],[-110.57116,45.16785],[-110.58357,45.1684],[-110.59146,45.16506],[-110.59874,45.16527],[-110.60638,45.16867],[-110.61351,45.16528],[-110.63471,45.16184],[-110.64352,45.16297],[-110.66518,45.17958],[-110.66656,45.18619],[-110.6749,45.19474],[-110.67894,45.2021],[-110.68779,45.20388],[-110.70158,45.20941],[-110.71109,45.20853],[-110.7286,45.21312],[-110.73674,45.21705],[-110.74162,45.22307],[-110.74232,45.23425],[-110.74888,45.23782],[-110.75334,45.24373],[-110.76275,45.24939],[-110.77391,45.26221],[-110.77648,45.26964],[-110.77168,45.27391],[-110.76633,45.28591],[-110.76703,45.29205],[-110.76226,45.30282],[-110.76232,45.31487],[-110.77366,45.32296],[-110.79081,45.31635],[-110.80754,45.3149],[-110.81649,45.31091],[-110.82082,45.30303],[-110.82993,45.30052],[-110.85165,45.30677],[-110.86251,45.30711],[-110.86586,45.30545],[-110.89072,45.31032],[-110.89828,45.30839],[-110.90722,45.30943],[-110.9175,45.30773],[-110.93094,45.30747],[-110.94641,45.30188],[-110.96067,45.29417],[-110.9657,45.28984],[-110.98185,45.28207],[-111.01104,45.27453],[-111.01322,45.27238],[-111.02998,45.26998],[-111.03823,45.26587],[-111.03861,45.17638],[-111.04661,45.17633],[-111.04672,45.1007],[-111.04514,45.09359],[-111.04506,45.0739],[-111.02934,45.08076],[-111.0203,45.08125],[-111.0178,45.09169],[-111.01009,45.09821],[-110.99878,45.09666],[-110.99107,45.09257],[-110.98257,45.09166],[-110.97705,45.08302],[-110.97251,45.08108],[-110.9644,45.08325],[-110.95896,45.07642],[-110.9489,45.07335],[-110.94084,45.0727],[-110.94148,45.06904],[-110.93615,45.06506],[-110.92889,45.06729],[-110.93653,45.05504],[-110.93069,45.04852],[-110.92631,45.04962],[-110.91813,45.04722],[-110.91093,45.04132],[-110.91432,45.03453],[-110.91028,45.03007],[-110.84197,45.02965],[-110.84006,45.03148],[-110.83689,45.04562],[-110.83248,45.0464],[-110.82755,45.05329],[-110.81933,45.05594],[-110.8049,45.0549],[-110.79539,45.06035],[-110.78207,45.06301],[-110.77194,45.06713],[-110.76427,45.06065],[-110.76014,45.0546],[-110.74401,45.0449],[-110.73299,45.04403],[-110.72411,45.03749],[-110.71219,45.03346],[-110.70948,45.02955],[-110.67754,45.02971],[-110.62627,45.02929],[-110.57546,45.03013],[-110.55836,45.03],[-110.4922,45.03167],[-110.49659,45.02777],[-110.47632,45.02678],[-110.2279,45.02978],[-110.20678,45.02957],[-110.18049,45.02776],[-110.10548,45.02816],[-110.09841,45.02856],[-110.09298,45.03153],[-110.07628,45.02955],[-110.06611,45.0338],[-110.05317,45.03683],[-110.04832,45.04187],[-110.03871,45.0447],[-110.03387,45.05246],[-110.01583,45.05112],[-110.0112,45.05313],[-110.00038,45.04463],[-110.00464,45.03831],[-109.99765,45.0309],[-110.00199,45.0274],[-110.00151,45.00341],[-109.82566,45.00322],[-109.79849,45.00225],[-109.79867,45.16734]]]},"properties":{"STATEFP":"30","COUNTYFP":"067","COUSUBFP":"91365","COUSUBNS":"01940625","GEOIDFQ":"0600000US3006791365","GEOID":"3006791365","NAME":"Gardiner-Cooke City","NAMELSAD":"Gardiner-Cooke City CCD","STUSPS":"MT","NAMELSADCO":"Park County","STATE_NAME":"Montana","LSAD":"22","ALAND":1915234470,"AWATER":12185332}},
{"type":"Feature","geometry":{"type":"Polygon","coordinates":[[[-112.37065,47.07662],[-112.37308,47.08699],[-112.36488,47.08974],[-112.36382,47.09444],[-112.35445,47.10057],[-112.36066,47.11122],[-112.3523,47.12199],[-112.3339,47.13382],[-112.32623,47.14614],[-112.31985,47.15337],[-112.31159,47.16777],[-112.29909,47.17919],[-112.2894,47.18372],[-112.24616,47.21301],[-112.24077,47.21498],[-112.22779,47.2119],[-112.19485,47.19755],[-112.17563,47.20064],[-112.16925,47.20449],[-112.16261,47.20395],[-112.15859,47.20924],[-112.14729,47.21466],[-112.13849,47.21418],[-112.13164,47.2167],[-112.12319,47.21126],[-112.11759,47.21784],[-112.11096,47.21299],[-112.09847,47.19933],[-112.08788,47.19764],[-112.08435,47.19306],[-112.08416,47.18679],[-112.07485,47.18339],[-112.0653,47.18415],[-112.06167,47.18088],[-112.05589,47.18714],[-112.04483,47.19271],[-112.04494,47.25801],[-112.0457,47.35024],[-112.04778,47.51603],[-112.05615,47.51466],[-112.06336,47.51694],[-112.0736,47.51192],[-112.08134,47.51628],[-112.08924,47.51487],[-112.09555,47.51109],[-112.10045,47.51226],[-112.1125,47.5088],[-112.12083,47.50804],[-112.12198,47.5118],[-112.12994,47.51153],[-112.14666,47.51672],[-112.16014,47.50942],[-112.17127,47.50945],[-112.17722,47.51366],[-112.18689,47.50883],[-112.19972,47.50676],[-112.20559,47.50232],[-112.21383,47.50385],[-112.21832,47.50875],[-112.23157,47.50888],[-112.23811,47.50586],[-112.25021,47.5101],[-112.27002,47.50814],[-112.278,47.50562],[-112.28256,47.50739],[-112.28267,47.51309],[-112.29031,47.51718],[-112.29278,47.52238],[-112.30893,47.52819],[-112.31139,47.53539],[-112.31716,47.53841],[-112.31961,47.54305],[-112.33065,47.54483],[-112.33381,47.54145],[-112.3431,47.5392],[-112.34417,47.55104],[-112.36503,47.54782],[-112.37869,47.54751],[-112.38264,47.55171],[-112.40559,47.55242],[-112.40815,47.55468],[-112.40272,47.5655],[-112.40722,47.5705],[-112.4068,47.57827],[-112.41374,47.57778],[-112.41848,47.58371],[-112.41843,47.59671],[-112.42918,47.60339],[-112.43809,47.60464],[-112.45557,47.61071],[-112.46379,47.61086],[-112.47357,47.61455],[-112.48678,47.61557],[-112.49388,47.6135],[-112.50118,47.62104],[-112.50827,47.61905],[-112.51555,47.62262],[-112.51507,47.6312],[-112.52198,47.63358],[-112.51901,47.63929],[-112.52094,47.64307],[-112.52978,47.64219],[-112.54369,47.64684],[-112.54667,47.65138],[-112.55369,47.65215],[-112.55793,47.64596],[-112.56309,47.6443],[-112.56225,47.6395],[-112.56824,47.63613],[-112.57985,47.63311],[-112.58695,47.635],[-112.59738,47.63455],[-112.60306,47.63227],[-112.61579,47.63554],[-112.62678,47.63305],[-112.62905,47.62793],[-112.63948,47.62724],[-112.64629,47.62068],[-112.66133,47.62273],[-112.66631,47.61818],[-112.67345,47.62236],[-112.68641,47.61504],[-112.69778,47.62229],[-112.70793,47.62081],[-112.71301,47.61674],[-112.73208,47.61713],[-112.74085,47.60887],[-112.7522,47.6068],[-112.75863,47.60248],[-112.7706,47.59862],[-112.7828,47.59925],[-112.79274,47.60316],[-112.80172,47.61037],[-112.80784,47.61126],[-112.81195,47.60755],[-112.81783,47.60759],[-112.82922,47.61441],[-112.83617,47.62139],[-112.84257,47.62332],[-112.84635,47.62835],[-112.85691,47.62949],[-112.8601,47.63418],[-112.85957,47.64009],[-112.86737,47.64344],[-112.86869,47.64783],[-112.87764,47.6585],[-112.88795,47.66536],[-112.89249,47.6707],[-112.89095,47.67721],[-112.89766,47.67781],[-112.90607,47.68508],[-112.9062,47.68972],[-112.91387,47.6972],[-112.90619,47.70644],[-112.90291,47.71522],[-112.90642,47.72145],[-112.90158,47.72824],[-112.90705,47.73906],[-112.91337,47.74138],[-112.91362,47.74807],[-112.9175,47.75301],[-112.92521,47.75625],[-112.9266,47.76153],[-112.92048,47.76862],[-112.91935,47.77804],[-112.92228,47.78502],[-112.91546,47.79983],[-112.91642,47.80726],[-112.91448,47.81623],[-112.91696,47.8197],[-112.91326,47.82622],[-112.91987,47.84289],[-112.92681,47.84852],[-112.92754,47.86013],[-112.93426,47.86256],[-112.94389,47.87107],[-112.94379,47.87457],[-112.95124,47.88653],[-112.94875,47.88934],[-112.95297,47.90485],[-112.95965,47.90918],[-112.97302,47.91162],[-112.97618,47.91881],[-112.97612,47.9264],[-112.98117,47.94854],[-112.98473,47.95392],[-112.98782,47.95003],[-112.99837,47.94408],[-113.01379,47.94148],[-113.02211,47.9271],[-113.04283,47.9256],[-113.04573,47.92712],[-113.06348,47.92512],[-113.08663,47.91818],[-113.08655,47.91062],[-113.09332,47.90636],[-113.09096,47.90097],[-113.09252,47.89613],[-113.08601,47.89314],[-113.07423,47.89075],[-113.06327,47.88564],[-113.06528,47.87736],[-113.05813,47.87082],[-113.06077,47.85773],[-113.0578,47.85402],[-113.05819,47.8425],[-113.06643,47.83812],[-113.06933,47.82925],[-113.06237,47.82201],[-113.06406,47.81349],[-113.05997,47.80806],[-113.0664,47.80139],[-113.06598,47.7952],[-113.0615,47.78816],[-113.06749,47.78008],[-113.06645,47.77621],[-113.08056,47.7725],[-113.08446,47.76837],[-113.081,47.74992],[-113.09407,47.74358],[-113.09789,47.74445],[-113.12186,47.74159],[-113.13799,47.74579],[-113.14243,47.74407],[-113.14916,47.73595],[-113.15455,47.73246],[-113.16412,47.73002],[-113.16581,47.71976],[-113.16022,47.70875],[-113.15781,47.69579],[-113.1491,47.68692],[-113.14641,47.67647],[-113.13537,47.66339],[-113.12847,47.66105],[-113.12811,47.64661],[-113.13262,47.63919],[-113.14448,47.63722],[-113.14359,47.62537],[-113.13576,47.62032],[-113.14629,47.60751],[-113.1472,47.60247],[-113.14437,47.59551],[-113.13083,47.58767],[-113.12705,47.5759],[-113.11775,47.57047],[-113.11811,47.56054],[-113.12466,47.55797],[-113.12253,47.54518],[-113.12583,47.54181],[-113.12174,47.52408],[-113.11828,47.52054],[-113.1231,47.51573],[-113.11653,47.50832],[-113.11483,47.50105],[-113.11836,47.49877],[-113.11455,47.49041],[-113.1088,47.48909],[-113.10321,47.48437],[-113.09172,47.48063],[-113.08043,47.48557],[-113.0686,47.48198],[-113.06288,47.48224],[-113.0592,47.4886],[-113.04076,47.491],[-113.03083,47.4935],[-113.02013,47.48896],[-113.01176,47.47622],[-113.01341,47.46611],[-113.00398,47.4651],[-112.99974,47.46195],[-113.00275,47.45677],[-112.99164,47.44863],[-112.99509,47.44192],[-112.99073,47.43954],[-112.98089,47.42986],[-112.97985,47.42236],[-112.97686,47.42022],[-112.96377,47.41762],[-112.96124,47.4126],[-112.94621,47.40388],[-112.94626,47.39456],[-112.93674,47.3884],[-112.92445,47.38746],[-112.91924,47.38094],[-112.92109,47.37691],[-112.9192,47.37012],[-112.92592,47.36069],[-112.92819,47.35282],[-112.9337,47.34584],[-112.9279,47.34003],[-112.92297,47.33833],[-112.91307,47.33916],[-112.90236,47.33236],[-112.89891,47.32678],[-112.88385,47.32716],[-112.87105,47.31837],[-112.86783,47.31063],[-112.85931,47.30799],[-112.8548,47.3098],[-112.83868,47.31153],[-112.83042,47.31043],[-112.82573,47.30238],[-112.80931,47.30011],[-112.80485,47.29259],[-112.79866,47.2903],[-112.7902,47.29041],[-112.77956,47.29316],[-112.76354,47.28848],[-112.74119,47.28742],[-112.73417,47.28866],[-112.72436,47.28229],[-112.72949,47.27098],[-112.72824,47.26342],[-112.73836,47.25241],[-112.74671,47.24648],[-112.73993,47.23813],[-112.72312,47.23655],[-112.7143,47.23783],[-112.6907,47.23454],[-112.67235,47.22952],[-112.66652,47.23577],[-112.65451,47.23347],[-112.64592,47.23692],[-112.64314,47.23267],[-112.63243,47.22684],[-112.63138,47.22425],[-112.61297,47.22302],[-112.60531,47.22908],[-112.60057,47.22793],[-112.59863,47.22103],[-112.60087,47.20863],[-112.59529,47.20022],[-112.59701,47.19364],[-112.58808,47.19089],[-112.57911,47.19015],[-112.57295,47.18725],[-112.56763,47.17668],[-112.55833,47.17336],[-112.55209,47.16875],[-112.54458,47.16667],[-112.53082,47.17236],[-112.52333,47.17372],[-112.50563,47.17111],[-112.49457,47.17174],[-112.48952,47.17391],[-112.47775,47.17446],[-112.47486,47.16795],[-112.46557,47.16403],[-112.44231,47.16288],[-112.43009,47.15339],[-112.42789,47.14464],[-112.43048,47.13298],[-112.42154,47.12564],[-112.41806,47.1081],[-112.41087,47.10547],[-112.40117,47.10499],[-112.39138,47.0988],[-112.38778,47.09123],[-112.38178,47.09013],[-112.37879,47.08557],[-112.37919,47.07966],[-112.37065,47.07662]]]},"properties":{"STATEFP":"30","COUNTYFP":"049","COUSUBFP":"90105","COUSUBNS":"01940562","GEOIDFQ":"0600000US3004990105","GEOID":"3004990105","NAME":"Augusta","NAMELSAD":"Augusta CCD","STUSPS":"MT","NAMELSADCO":"Lewis and Clark County","STATE_NAME":"Montana","LSAD":"22","ALAND":3443027957,"AWATER":23123762}},
{"type":"Feature","geometry":{"type":"Polygon","coordinates":[[[-107.78121,46.49601],[-107.78209,46.39518],[-107.92855,46.39528],[-107.9285,46.3808],[-107.94939,46.3806],[-107.94932,46.36606],[-107.97016,46.36597],[-107.97001,46.35147],[-107.9911,46.35147],[-107.99083,46.33701],[-108.01195,46.33681],[-108.0116,46.30782],[-108.02933,46.30784],[-108.02936,46.26406],[-108.15143,46.26358],[-108.15672,46.26385],[-108.32081,46.264],[-108.32095,46.24966],[-108.36293,46.25003],[-108.36294,46.23558],[-108.40486,46.23596],[-108.40479,46.13295],[-108.45829,46.13291],[-108.4583,46.11872],[-108.46336,46.10303],[-108.46786,46.09389],[-108.46818,46.06888],[-108.46981,46.05907],[-108.46644,46.0435],[-108.46768,46.03295],[-108.46767,45.987],[-108.42922,45.98696],[-108.42617,45.9861],[-108.42173,45.99099],[-108.40306,45.99107],[-108.39272,45.98878],[-108.36819,45.97761],[-108.36123,45.97735],[-108.3544,45.98176],[-108.35468,45.98561],[-108.36366,45.98923],[-108.36718,46.00473],[-108.37011,46.01102],[-108.36687,46.01257],[-108.35829,46.00498],[-108.34888,46.00281],[-108.33986,45.99359],[-108.33146,45.98997],[-108.32257,45.98822],[-108.30903,45.98314],[-108.30727,45.97911],[-108.30145,45.97742],[-108.29348,45.97949],[-108.27919,45.98019],[-108.26531,45.98243],[-108.25383,45.98739],[-108.24919,45.98569],[-108.24648,45.98036],[-108.24028,45.97633],[-108.23505,45.97879],[-108.22125,45.98542],[-108.20965,45.98543],[-108.19703,45.98779],[-108.18945,45.99385],[-108.17691,45.99429],[-108.16991,45.99973],[-108.16022,46.00285],[-108.14036,45.99793],[-108.13442,45.99925],[-108.12458,45.99702],[-108.11347,45.99918],[-108.10648,45.99791],[-108.09561,45.99889],[-108.07667,45.99263],[-108.06846,45.99287],[-108.0606,46.00142],[-108.04815,46.00027],[-108.03747,45.99441],[-108.03023,45.99362],[-108.02323,45.99646],[-108.01481,45.99617],[-107.98712,45.99913],[-107.98004,45.99669],[-107.97215,45.99916],[-107.95503,45.998],[-107.94458,46.00441],[-107.92595,46.00379],[-107.92289,46.00829],[-107.92521,46.01224],[-107.9053,46.02553],[-107.89156,46.02735],[-107.88082,46.02556],[-107.87427,46.02633],[-107.87115,46.03043],[-107.84853,46.03702],[-107.84037,46.04169],[-107.8236,46.03735],[-107.81055,46.0373],[-107.78629,46.05196],[-107.78473,46.05708],[-107.77987,46.0586],[-107.77011,46.05581],[-107.76304,46.0606],[-107.75578,46.05978],[-107.74793,46.06236],[-107.73984,46.06858],[-107.74045,46.0739],[-107.73572,46.0768],[-107.71801,46.07541],[-107.70764,46.07979],[-107.6928,46.08082],[-107.68967,46.08244],[-107.68725,46.09113],[-107.68767,46.09701],[-107.68142,46.10309],[-107.66212,46.10991],[-107.6556,46.11342],[-107.64549,46.11088],[-107.62113,46.11091],[-107.61399,46.11493],[-107.60419,46.12592],[-107.59458,46.12517],[-107.58759,46.13048],[-107.59109,46.13882],[-107.57704,46.14294],[-107.55487,46.14352],[-107.54021,46.14121],[-107.53206,46.14293],[-107.51727,46.15069],[-107.50288,46.15212],[-107.49471,46.14921],[-107.48326,46.14958],[-107.47431,46.15518],[-107.46601,46.16078],[-107.46613,46.17777],[-107.48711,46.17779],[-107.48702,46.1923],[-107.50792,46.19228],[-107.50796,46.22129],[-107.52869,46.22123],[-107.52865,46.25025],[-107.54955,46.25022],[-107.54955,46.26472],[-107.57047,46.26471],[-107.57049,46.29365],[-107.59142,46.29365],[-107.59144,46.30816],[-107.61239,46.30811],[-107.61241,46.35156],[-107.63336,46.35153],[-107.63338,46.36599],[-107.65415,46.36595],[-107.65416,46.39489],[-107.67507,46.39494],[-107.67519,46.40943],[-107.6961,46.40948],[-107.69632,46.43848],[-107.71729,46.43851],[-107.71751,46.46751],[-107.73843,46.46756],[-107.73855,46.48181],[-107.75481,46.4818],[-107.75482,46.49604],[-107.78121,46.49601]]]},"properties":{"STATEFP":"30","COUNTYFP":"111","COUSUBFP":"92426","COUSUBNS":"01940579","GEOIDFQ":"0600000US3011192426","GEOID":"3011192426","NAME":"Northeast Yellowstone","NAMELSAD":"Northeast Yellowstone CCD","STUSPS":"MT","NAMELSADCO":"Yellowstone County","STATE_NAME":"Montana","LSAD":"22","ALAND":2310063874,"AWATER":9103064}},
{"type":"Feature","geometry":{"type":"Polygon","coordinates":[[[-108.64532,45.46407],[-108.56401,45.46395],[-108.4453,45.46443],[-108.44523,45.46045],[-108.31637,45.46051],[-108.31624,45.4895],[-108.19319,45.48953],[-108.1932,45.51854],[-108.06975,45.51854],[-108.06958,45.68149],[-108.06957,45.78245],[-108.09926,45.7831],[-108.11233,45.78001],[-108.14313,45.77866],[-108.15949,45.77991],[-108.18074,45.77711],[-108.18867,45.77711],[-108.20556,45.78028],[-108.22355,45.78515],[-108.23741,45.78675],[-108.25025,45.79005],[-108.26932,45.79276],[-108.28905,45.79865],[-108.28988,45.82504],[-108.29467,45.82899],[-108.29741,45.84375],[-108.29579,45.84797],[-108.29663,45.85757],[-108.30082,45.86249],[-108.30157,45.87022],[-108.30608,45.87641],[-108.30672,45.88302],[-108.31708,45.88823],[-108.32467,45.88221],[-108.33431,45.87987],[-108.35188,45.87355],[-108.38355,45.86032],[-108.38599,45.85705],[-108.3954,45.84115],[-108.38307,45.84071],[-108.38445,45.83401],[-108.38343,45.82591],[-108.38901,45.82361],[-108.39089,45.8172],[-108.39745,45.81522],[-108.404,45.81028],[-108.41382,45.80591],[-108.41367,45.79548],[-108.41747,45.7929],[-108.42877,45.79668],[-108.43378,45.7938],[-108.45548,45.79448],[-108.47127,45.79293],[-108.48087,45.7804],[-108.47549,45.77312],[-108.47446,45.76368],[-108.47634,45.75972],[-108.48501,45.75308],[-108.49529,45.74806],[-108.51586,45.74439],[-108.52219,45.73824],[-108.54128,45.73472],[-108.54784,45.73132],[-108.5562,45.73225],[-108.56078,45.73335],[-108.57433,45.72229],[-108.58833,45.72158],[-108.59556,45.7162],[-108.59974,45.7098],[-108.60963,45.70317],[-108.61942,45.7003],[-108.61914,45.69629],[-108.625,45.69462],[-108.63786,45.69615],[-108.64242,45.68828],[-108.65303,45.68561],[-108.66399,45.68754],[-108.66472,45.68291],[-108.66983,45.67609],[-108.67524,45.6754],[-108.70389,45.66449],[-108.7077,45.65203],[-108.71233,45.65057],[-108.72439,45.65147],[-108.7302,45.65743],[-108.74348,45.65418],[-108.75072,45.6558],[-108.76058,45.65355],[-108.76368,45.64633],[-108.782,45.63864],[-108.78194,45.61566],[-108.78693,45.60791],[-108.79374,45.60487],[-108.78995,45.60118],[-108.79113,45.59711],[-108.79721,45.59642],[-108.79685,45.58863],[-108.80237,45.58752],[-108.80176,45.55197],[-108.76048,45.55192],[-108.76031,45.52283],[-108.69928,45.52263],[-108.69876,45.47935],[-108.6981,45.46407],[-108.64532,45.46407]]]},"properties":{"STATEFP":"30","COUNTYFP":"111","COUSUBFP":"93297","COUSUBNS":"01940717","GEOIDFQ":"0600000US3011193297","GEOID":"3011193297","NAME":"South Yellowstone","NAMELSAD":"South Yellowstone CCD","STUSPS":"MT","NAMELSADCO":"Yellowstone County","STATE_NAME":"Montana","LSAD":"22","ALAND":1702942113,"AWATER":6705452}},
{"type":"Feature","geometry":{"type":"Polygon","coordinates":[[[-113.03609,46.41106],[-113.03635,46.48377],[-113.03833,46.48377],[-113.03842,46.54194],[-113.0387,46.73554],[-113.04708,46.73665],[-113.05265,46.73204],[-113.06152,46.73135],[-113.07485,46.72491],[-113.07855,46.72058],[-113.08848,46.72187],[-113.11512,46.71345],[-113.12643,46.71984],[-113.13171,46.72567],[-113.15062,46.73033],[-113.16187,46.72804],[-113.16714,46.73364],[-113.17708,46.73074],[-113.18134,46.73383],[-113.18267,46.74522],[-113.17307,46.75402],[-113.17929,46.76098],[-113.18525,46.7625],[-113.19078,46.76811],[-113.19868,46.76991],[-113.21129,46.77927],[-113.22385,46.78333],[-113.23106,46.78818],[-113.24251,46.80144],[-113.24058,46.80576],[-113.24194,46.81383],[-113.24935,46.82057],[-113.25466,46.82011],[-113.26413,46.82488],[-113.27577,46.81277],[-113.29141,46.80693],[-113.2915,46.8322],[-113.3029,46.83216],[-113.4166,46.83211],[-113.41708,46.8025],[-113.47983,46.80246],[-113.47986,46.74471],[-113.54508,46.74462],[-113.54511,46.73099],[-113.55152,46.73099],[-113.55153,46.71651],[-113.66817,46.71623],[-113.668,46.65837],[-113.79356,46.65817],[-113.79358,46.66087],[-113.82774,46.6609],[-113.82304,46.65373],[-113.8227,46.64586],[-113.81837,46.64412],[-113.81765,46.63731],[-113.80322,46.62991],[-113.80294,46.62262],[-113.80567,46.61889],[-113.81286,46.61806],[-113.81639,46.61481],[-113.80981,46.6087],[-113.80969,46.59428],[-113.81398,46.58928],[-113.82296,46.58933],[-113.83626,46.58194],[-113.82872,46.57152],[-113.83603,46.56316],[-113.84497,46.54721],[-113.84522,46.53725],[-113.84848,46.53013],[-113.84631,46.52159],[-113.85003,46.51483],[-113.86619,46.51267],[-113.87465,46.50833],[-113.87836,46.5032],[-113.87828,46.49742],[-113.86593,46.49212],[-113.86792,46.48491],[-113.86282,46.48007],[-113.86428,46.47519],[-113.8568,46.4705],[-113.85572,46.45845],[-113.84922,46.44804],[-113.84922,46.44098],[-113.85574,46.43397],[-113.8582,46.42357],[-113.85702,46.41918],[-113.83639,46.41452],[-113.83243,46.40873],[-113.82581,46.41008],[-113.82024,46.40727],[-113.82169,46.40324],[-113.81679,46.3971],[-113.8105,46.39471],[-113.80811,46.3879],[-113.801,46.38517],[-113.7961,46.37292],[-113.78605,46.37011],[-113.78203,46.35952],[-113.78609,46.35342],[-113.7855,46.3391],[-113.77827,46.32505],[-113.77196,46.3213],[-113.7758,46.31065],[-113.78037,46.3066],[-113.76858,46.30574],[-113.75682,46.31193],[-113.7452,46.31652],[-113.73901,46.3145],[-113.73264,46.31885],[-113.73144,46.32394],[-113.7346,46.33096],[-113.71984,46.33446],[-113.71063,46.34159],[-113.70666,46.35332],[-113.69927,46.35994],[-113.69403,46.37098],[-113.67535,46.37805],[-113.67088,46.3826],[-113.67449,46.38895],[-113.66554,46.39177],[-113.65606,46.38686],[-113.65387,46.38086],[-113.64551,46.37121],[-113.6376,46.36671],[-113.63549,46.3604],[-113.63112,46.35742],[-113.62219,46.35707],[-113.61614,46.37161],[-113.61694,46.37962],[-113.61147,46.38523],[-113.60494,46.39512],[-113.60445,46.40138],[-113.61092,46.40169],[-113.61818,46.40495],[-113.6236,46.41067],[-113.60539,46.41999],[-113.60493,46.42309],[-113.59592,46.42543],[-113.59069,46.43092],[-113.5888,46.43681],[-113.57979,46.44595],[-113.56978,46.4536],[-113.56999,46.45832],[-113.5642,46.46269],[-113.5674,46.46795],[-113.56121,46.47365],[-113.56048,46.48442],[-113.55718,46.49009],[-113.55543,46.49945],[-113.56289,46.51255],[-113.56419,46.52447],[-113.56342,46.53082],[-113.56658,46.53968],[-113.56333,46.54662],[-113.55157,46.55351],[-113.54792,46.56012],[-113.54161,46.5612],[-113.53354,46.55861],[-113.52588,46.56808],[-113.51835,46.57123],[-113.50275,46.56675],[-113.50048,46.55795],[-113.48919,46.54813],[-113.45369,46.54558],[-113.45653,46.53771],[-113.45138,46.52743],[-113.44132,46.52583],[-113.4281,46.52045],[-113.41284,46.52132],[-113.40752,46.51732],[-113.38813,46.52501],[-113.38012,46.52505],[-113.36292,46.52901],[-113.34883,46.52739],[-113.34786,46.52337],[-113.37296,46.51084],[-113.38027,46.50564],[-113.38064,46.49633],[-113.38822,46.48487],[-113.3908,46.48369],[-113.39294,46.47431],[-113.38945,46.4687],[-113.39162,46.4574],[-113.37973,46.4531],[-113.3709,46.44793],[-113.36588,46.4474],[-113.36219,46.45497],[-113.35424,46.46383],[-113.33779,46.46569],[-113.33658,46.4777],[-113.33362,46.48066],[-113.31849,46.48137],[-113.28626,46.49592],[-113.2794,46.49621],[-113.2624,46.50117],[-113.25183,46.50739],[-113.24747,46.50515],[-113.22572,46.50519],[-113.2281,46.51551],[-113.22443,46.529],[-113.21875,46.53202],[-113.21792,46.54324],[-113.21341,46.54908],[-113.2067,46.5446],[-113.19965,46.53532],[-113.1945,46.53181],[-113.18771,46.52113],[-113.17684,46.51209],[-113.17289,46.50644],[-113.16807,46.49179],[-113.16164,46.48591],[-113.15641,46.48406],[-113.14653,46.48804],[-113.13531,46.48899],[-113.13172,46.4814],[-113.12505,46.48003],[-113.11344,46.46839],[-113.10748,46.4437],[-113.09628,46.44178],[-113.08795,46.43753],[-113.0926,46.42836],[-113.087,46.42508],[-113.08545,46.41924],[-113.06547,46.41129],[-113.03609,46.41106]]]},"properties":{"STATEFP":"30","COUNTYFP":"039","COUSUBFP":"90945","COUSUBNS":"01940602","GEOIDFQ":"0600000US3003990945","GEOID":"3003990945","NAME":"Drummond","NAMELSAD":"Drummond CCD","STUSPS":"MT","NAMELSADCO":"Granite County","STATE_NAME":"Montana","LSAD":"22","ALAND":1961783635,"AWATER":1643682}},
{"type":"Feature","geometry":{"type":"Polygon","coordinates":[[[-113.7769,46.03158],[-113.7861,46.02708],[-113.79306,46.01852],[-113.81101,46.01151],[-113.81347,46.00672],[-113.82688,46.00298],[-113.83059,45.99321],[-113.82624,45.98544],[-113.83452,45.98231],[-113.83504,45.98794],[-113.84525,45.98937],[-113.85055,45.98432],[-113.85982,45.98573],[-113.87478,45.98502],[-113.88668,45.9798],[-113.89322,45.98551],[-113.90528,45.98144],[-113.91528,45.98958],[-113.93469,45.99298],[-113.95064,45.99254],[-113.95848,45.98937],[-113.96858,45.97837],[-113.98398,45.97021],[-113.99062,45.96409],[-114.00351,45.96358],[-114.0156,45.96973],[-114.01973,45.97658],[-114.02984,45.97971],[-114.04377,45.97689],[-114.05133,45.97745],[-114.06496,45.97412],[-114.07355,45.97612],[-114.09828,45.97102],[-114.10387,45.96658],[-114.1144,45.96824],[-114.1252,45.96505],[-114.13218,45.96826],[-114.13931,45.96679],[-114.1442,45.97058],[-114.1536,45.96328],[-114.1681,45.95809],[-114.19202,45.95365],[-114.21104,45.95611],[-114.22416,45.95155],[-114.23655,45.95411],[-114.25593,45.9535],[-114.30515,45.95435],[-114.32097,45.94786],[-114.3231,45.94311],[-114.33517,45.94058],[-114.34048,45.94501],[-114.34552,45.94464],[-114.34941,45.93948],[-114.35765,45.93458],[-114.36288,45.92733],[-114.36853,45.92465],[-114.38155,45.92192],[-114.38725,45.91446],[-114.38633,45.91021],[-114.39536,45.90098],[-114.39371,45.89297],[-114.38869,45.89211],[-114.38856,45.88219],[-114.39664,45.87098],[-114.40392,45.87188],[-114.40962,45.85234],[-114.42154,45.85519],[-114.43835,45.86256],[-114.44716,45.86115],[-114.45687,45.85468],[-114.46155,45.85513],[-114.47004,45.85148],[-114.47489,45.84659],[-114.48576,45.85161],[-114.49899,45.85069],[-114.50398,45.84586],[-114.5093,45.84553],[-114.5152,45.8398],[-114.51718,45.83351],[-114.5144,45.82713],[-114.52959,45.81928],[-114.5326,45.81552],[-114.53103,45.80987],[-114.54497,45.7979],[-114.54443,45.79003],[-114.55301,45.78734],[-114.56159,45.78041],[-114.56646,45.77331],[-114.55752,45.76429],[-114.55124,45.76391],[-114.5441,45.75845],[-114.54688,45.75267],[-114.54653,45.74299],[-114.53572,45.73916],[-114.52665,45.72763],[-114.51525,45.72737],[-114.50417,45.72166],[-114.49823,45.71169],[-114.49538,45.70306],[-114.50139,45.69371],[-114.51499,45.68503],[-114.5009,45.6823],[-114.49905,45.67874],[-114.50202,45.67349],[-114.49958,45.6696],[-114.50906,45.65681],[-114.52306,45.64935],[-114.52798,45.65195],[-114.54026,45.65027],[-114.53967,45.64609],[-114.54599,45.64299],[-114.55965,45.64059],[-114.56399,45.63762],[-114.5635,45.6323],[-114.55331,45.61887],[-114.545,45.61713],[-114.53853,45.60777],[-114.54317,45.60148],[-114.54727,45.60007],[-114.55832,45.58428],[-114.55296,45.5766],[-114.55852,45.56605],[-114.56549,45.5626],[-114.5611,45.55922],[-114.55264,45.55702],[-114.54204,45.56378],[-114.53298,45.56577],[-114.52756,45.57082],[-114.51536,45.56582],[-114.50686,45.55931],[-114.49826,45.55549],[-114.49192,45.5571],[-114.48529,45.56178],[-114.47376,45.56328],[-114.46526,45.56052],[-114.45635,45.56099],[-114.46276,45.55395],[-114.46394,45.54537],[-114.45034,45.5422],[-114.44953,45.53973],[-114.43994,45.53698],[-114.43702,45.53077],[-114.43057,45.52951],[-114.42953,45.51754],[-114.42468,45.50991],[-114.41804,45.5097],[-114.38782,45.50204],[-114.37642,45.49506],[-114.36614,45.49098],[-114.36517,45.4856],[-114.36029,45.47823],[-114.3611,45.47441],[-114.35111,45.47052],[-114.35065,45.46647],[-114.34418,45.45968],[-114.3344,45.45909],[-114.32391,45.46606],[-114.31874,45.46615],[-114.30117,45.47339],[-114.29448,45.47954],[-114.27897,45.48009],[-114.27045,45.48442],[-114.27002,45.49087],[-114.26455,45.49215],[-114.26067,45.49671],[-114.2585,45.51123],[-114.25347,45.51505],[-114.24706,45.52516],[-114.24873,45.53457],[-114.25159,45.5375],[-114.24835,45.54541],[-114.23908,45.54647],[-114.22718,45.54586],[-114.20366,45.53557],[-114.19223,45.53708],[-114.18647,45.54554],[-114.18065,45.5507],[-114.15388,45.55277],[-114.15041,45.55777],[-114.13618,45.55702],[-114.12899,45.56539],[-114.13211,45.57218],[-114.12903,45.57742],[-114.12161,45.58432],[-114.09779,45.58676],[-114.08658,45.59118],[-114.08227,45.59676],[-114.08156,45.61107],[-114.07399,45.61452],[-114.07245,45.62125],[-114.06696,45.62797],[-114.05184,45.63271],[-114.03334,45.64819],[-114.01878,45.6485],[-114.01464,45.65503],[-114.01533,45.66342],[-114.02007,45.67033],[-114.0274,45.67575],[-114.01482,45.68351],[-114.01903,45.69275],[-114.00535,45.69416],[-113.99762,45.69667],[-113.99398,45.70322],[-113.98807,45.70572],[-113.98131,45.7027],[-113.97151,45.70271],[-113.96909,45.69276],[-113.96188,45.68972],[-113.93821,45.69544],[-113.92231,45.70398],[-113.91299,45.69904],[-113.90653,45.70418],[-113.90951,45.71534],[-113.90305,45.72151],[-113.90935,45.72668],[-113.90436,45.731],[-113.90991,45.7418],[-113.91457,45.74425],[-113.91137,45.7518],[-113.90638,45.75513],[-113.89594,45.76847],[-113.88373,45.7739],[-113.87784,45.77493],[-113.87028,45.78166],[-113.86243,45.77909],[-113.85492,45.77314],[-113.85299,45.76526],[-113.84824,45.75709],[-113.84926,45.75263],[-113.83024,45.75072],[-113.82713,45.75337],[-113.81564,45.75519],[-113.80435,45.76306],[-113.8001,45.7728],[-113.78721,45.77839],[-113.79224,45.78347],[-113.79201,45.79213],[-113.77837,45.792],[-113.76846,45.80052],[-113.75865,45.8019],[-113.75026,45.80724],[-113.74405,45.81507],[-113.73454,45.81652],[-113.72945,45.81954],[-113.72941,45.82542],[-113.72416,45.82895],[-113.71545,45.83059],[-113.71252,45.83838],[-113.70596,45.83825],[-113.69764,45.84355],[-113.68593,45.83866],[-113.67197,45.83998],[-113.66787,45.83537],[-113.66229,45.836],[-113.65469,45.84037],[-113.6456,45.83855],[-113.64169,45.84017],[-113.62254,45.84131],[-113.61095,45.85046],[-113.59594,45.85088],[-113.5914,45.8629],[-113.57933,45.87289],[-113.56481,45.87292],[-113.55942,45.87623],[-113.54937,45.8754],[-113.53237,45.87841],[-113.53247,45.8924],[-113.53655,45.89388],[-113.53725,45.90141],[-113.53511,45.9132],[-113.52936,45.91941],[-113.52325,45.93035],[-113.51548,45.93602],[-113.51614,45.93881],[-113.51741,45.94009],[-113.52638,45.94508],[-113.5378,45.94443],[-113.55462,45.94715],[-113.5633,45.94199],[-113.57916,45.93867],[-113.57946,45.9441],[-113.58395,45.94708],[-113.5932,45.94918],[-113.60887,45.94984],[-113.61354,45.95976],[-113.6133,45.96614],[-113.61608,45.97028],[-113.6262,45.96982],[-113.62955,45.96605],[-113.63865,45.96587],[-113.64397,45.96325],[-113.64869,45.96525],[-113.65724,45.97647],[-113.66384,45.98053],[-113.66419,45.98697],[-113.67036,45.99529],[-113.66877,46.00283],[-113.67333,46.00767],[-113.67188,46.01241],[-113.67639,46.01552],[-113.6716,46.02175],[-113.68491,46.02312],[-113.69082,46.02595],[-113.68725,46.03524],[-113.69371,46.0373],[-113.70847,46.03921],[-113.732,46.03844],[-113.73986,46.04624],[-113.74494,46.04878],[-113.75552,46.04416],[-113.76077,46.03005],[-113.76902,46.0278],[-113.7769,46.03158]]]},"properties":{"STATEFP":"30","COUNTYFP":"081","COUSUBFP":"93380","COUSUBNS":"01940720","GEOIDFQ":"0600000US3008193380","GEOID":"3008193380","NAME":"Sula","NAMELSAD":"Sula CCD","STUSPS":"MT","NAMELSADCO":"Ravalli County","STATE_NAME":"Montana","LSAD":"22","ALAND":2559833354,"AWATER":6383375}},
{"type":"Feature","geometry":{"type":"Polygon","coordinates":[[[-113.23519,45.32869],[-113.23958,45.32511],[-113.24027,45.31401],[-113.23309,45.28894],[-113.23251,45.26833],[-113.23015,45.2544],[-113.21982,45.2405],[-113.21883,45.23718],[-113.2356,45.20596],[-113.23697,45.20082],[-113.23558,45.18985],[-113.25232,45.1872],[-113.25665,45.18348],[-113.25662,45.15826],[-113.26764,45.16105],[-113.27751,45.16053],[-113.2881,45.15593],[-113.29493,45.15496],[-113.31133,45.15684],[-113.32284,45.15329],[-113.33486,45.15238],[-113.34369,45.16427],[-113.35814,45.17204],[-113.37085,45.17627],[-113.37728,45.18207],[-113.39994,45.19091],[-113.42025,45.19532],[-113.44109,45.19382],[-113.46845,45.1875],[-113.49735,45.17786],[-113.50885,45.17228],[-113.51625,45.17143],[-113.52805,45.16766],[-113.55057,45.16749],[-113.56522,45.16373],[-113.58373,45.15344],[-113.57996,45.14835],[-113.56541,45.14874],[-113.56681,45.1439],[-113.57663,45.13152],[-113.56982,45.1243],[-113.55445,45.11869],[-113.55007,45.11304],[-113.53877,45.11229],[-113.52961,45.1164],[-113.52024,45.115],[-113.51324,45.11684],[-113.50592,45.10916],[-113.51165,45.09989],[-113.52264,45.09268],[-113.51412,45.08481],[-113.49595,45.08082],[-113.4871,45.07465],[-113.48871,45.07197],[-113.48531,45.06355],[-113.47512,45.06179],[-113.45977,45.06464],[-113.45204,45.05917],[-113.44983,45.0455],[-113.45579,45.04017],[-113.44624,45.03346],[-113.44874,45.02071],[-113.43788,45.00734],[-113.44622,44.9993],[-113.44509,44.9921],[-113.44678,44.98694],[-113.44517,44.97264],[-113.44944,44.97002],[-113.44395,44.96017],[-113.45225,44.95224],[-113.46044,44.95225],[-113.46521,44.94787],[-113.48084,44.95031],[-113.48766,44.94692],[-113.49644,44.94732],[-113.49837,44.94169],[-113.49154,44.92454],[-113.48461,44.92005],[-113.47671,44.91178],[-113.47195,44.90946],[-113.47799,44.89522],[-113.46703,44.89076],[-113.4612,44.88675],[-113.46256,44.88186],[-113.45629,44.87232],[-113.45507,44.86542],[-113.44367,44.86176],[-113.4394,44.85551],[-113.42875,44.85421],[-113.42238,44.8426],[-113.42158,44.83755],[-113.40941,44.84076],[-113.39431,44.83694],[-113.38433,44.8375],[-113.37711,44.83483],[-113.37616,44.83039],[-113.36768,44.82508],[-113.35606,44.8198],[-113.3461,44.80061],[-113.35442,44.79543],[-113.35299,44.79088],[-113.34,44.78484],[-113.32949,44.78865],[-113.31948,44.7944],[-113.30086,44.79951],[-113.29938,44.80264],[-113.28531,44.80826],[-113.27993,44.81207],[-113.26343,44.8164],[-113.25912,44.81927],[-113.24648,44.82267],[-113.23771,44.81387],[-113.23187,44.81433],[-113.22171,44.81065],[-113.20917,44.80903],[-113.2038,44.80413],[-113.19033,44.79979],[-113.18339,44.79357],[-113.17954,44.78717],[-113.16341,44.77878],[-113.15943,44.78088],[-113.14062,44.7767],[-113.13183,44.77304],[-113.13142,44.76527],[-113.1377,44.76011],[-113.13428,44.75227],[-113.1215,44.74717],[-113.11638,44.73941],[-113.11737,44.73331],[-113.11211,44.73329],[-113.1016,44.72939],[-113.09976,44.71772],[-113.10128,44.70622],[-113.09395,44.69531],[-113.08324,44.69216],[-113.07994,44.68888],[-113.08141,44.68337],[-113.06776,44.67879],[-113.06973,44.66904],[-113.06814,44.65827],[-113.06446,44.65338],[-113.06559,44.64925],[-113.05899,44.64349],[-113.03903,44.65114],[-113.01735,44.65588],[-113.00301,44.6547],[-112.99577,44.65154],[-112.97959,44.64839],[-112.97106,44.63422],[-112.97963,44.632],[-112.98393,44.62817],[-112.99032,44.62735],[-112.99315,44.62145],[-112.99429,44.61307],[-112.98943,44.60463],[-112.97533,44.60057],[-112.95818,44.5977],[-112.94229,44.59687],[-112.89695,44.58682],[-112.89183,44.58207],[-112.88545,44.5817],[-112.87785,44.57521],[-112.86251,44.56867],[-112.85158,44.56719],[-112.84837,44.56921],[-112.83563,44.5655],[-112.82592,44.55718],[-112.82365,44.55251],[-112.81244,44.54689],[-112.81053,44.54425],[-112.80152,44.54592],[-112.79541,44.54472],[-112.79267,44.55809],[-112.79309,44.56748],[-112.79629,44.58498],[-112.80245,44.5929],[-112.80393,44.60368],[-112.80097,44.61401],[-112.80458,44.62337],[-112.80049,44.63451],[-112.79076,44.6385],[-112.78313,44.64408],[-112.77857,44.65595],[-112.77003,44.65992],[-112.75591,44.66889],[-112.74054,44.67427],[-112.73515,44.68038],[-112.72435,44.68765],[-112.71637,44.70329],[-112.70608,44.71196],[-112.69482,44.71866],[-112.69006,44.72572],[-112.69221,44.73263],[-112.67634,44.7325],[-112.65963,44.72852],[-112.65348,44.72833],[-112.6526,44.73796],[-112.63832,44.73962],[-112.63615,44.74907],[-112.63945,44.7607],[-112.64675,44.77114],[-112.63931,44.77679],[-112.63364,44.78416],[-112.62973,44.78473],[-112.62006,44.79381],[-112.62708,44.80098],[-112.62524,44.80775],[-112.62735,44.8146],[-112.6353,44.82374],[-112.63668,44.82855],[-112.64408,44.83634],[-112.65452,44.84325],[-112.66785,44.84763],[-112.66983,44.85558],[-112.67416,44.86167],[-112.6792,44.86287],[-112.69374,44.87537],[-112.7063,44.88497],[-112.71572,44.89427],[-112.71547,44.9028],[-112.71909,44.90644],[-112.71827,44.91221],[-112.7229,44.92009],[-112.73204,44.93178],[-112.73667,44.94055],[-112.73747,44.95167],[-112.71491,44.95679],[-112.71321,44.95925],[-112.70214,44.96282],[-112.70385,44.9696],[-112.68832,44.9739],[-112.68535,44.98276],[-112.69563,44.99276],[-112.70349,44.99609],[-112.71003,45.00737],[-112.71276,45.01951],[-112.71279,45.03169],[-112.70727,45.03452],[-112.70889,45.04351],[-112.71206,45.0493],[-112.71124,45.05592],[-112.71907,45.06455],[-112.72243,45.07101],[-112.71894,45.07973],[-112.71963,45.08856],[-112.7111,45.09413],[-112.7071,45.10654],[-112.70062,45.11263],[-112.71388,45.11937],[-112.72629,45.12826],[-112.73892,45.13003],[-112.74733,45.12175],[-112.74866,45.11681],[-112.7582,45.10997],[-112.7636,45.10962],[-112.77251,45.10285],[-112.77888,45.10263],[-112.79066,45.10914],[-112.80163,45.11025],[-112.81928,45.11394],[-112.82308,45.11159],[-112.83569,45.10839],[-112.83919,45.10966],[-112.84666,45.10562],[-112.85299,45.10889],[-112.87012,45.11205],[-112.88019,45.10981],[-112.89149,45.11387],[-112.89305,45.11703],[-112.90237,45.11606],[-112.92221,45.1195],[-112.92477,45.12378],[-112.94438,45.13048],[-112.94744,45.13679],[-112.95425,45.13712],[-112.96837,45.14292],[-112.96922,45.14704],[-112.97564,45.14924],[-112.97621,45.15409],[-112.98583,45.15968],[-113.00046,45.16243],[-113.00713,45.16719],[-113.01382,45.16926],[-113.02392,45.18715],[-113.01863,45.20223],[-113.01894,45.20842],[-113.07635,45.2278],[-113.09116,45.23773],[-113.10691,45.25764],[-113.11381,45.26326],[-113.11728,45.27201],[-113.13141,45.29324],[-113.13686,45.29733],[-113.14885,45.30052],[-113.15195,45.30781],[-113.1622,45.3107],[-113.17517,45.31945],[-113.19103,45.32219],[-113.21786,45.32373],[-113.23519,45.32869]]]},"properties":{"STATEFP":"30","COUNTYFP":"001","COUSUBFP":"90651","COUSUBNS":"01940588","GEOIDFQ":"0600000US3000190651","GEOID":"3000190651","NAME":"Clark Canyon-Horse Prairie","NAMELSAD":"Clark Canyon-Horse Prairie CCD","STUSPS":"MT","NAMELSADCO":"Beaverhead County","STATE_NAME":"Montana","LSAD":"22","ALAND":3232102347,"AWATER":20300977}},
{"type":"Feature","geometry":{"type":"Polygon","coordinates":[[[-111.89364,44.78101],[-111.90304,44.78211],[-112.02514,44.78211],[-112.02514,44.78349],[-112.0658,44.78348],[-112.06568,44.82599],[-112.14673,44.82614],[-112.15387,44.82344],[-112.16748,44.82101],[-112.17291,44.82143],[-112.18653,44.83027],[-112.19405,44.83835],[-112.20124,44.8418],[-112.20821,44.85162],[-112.21182,44.85345],[-112.21936,44.86636],[-112.2188,44.87141],[-112.2289,44.88345],[-112.23383,44.89245],[-112.24322,44.89725],[-112.25165,44.8993],[-112.26744,44.89901],[-112.29186,44.90199],[-112.30389,44.90037],[-112.31617,44.90036],[-112.32666,44.9026],[-112.34511,44.90434],[-112.35637,44.90428],[-112.36723,44.92034],[-112.37554,44.92736],[-112.38513,44.92702],[-112.39618,44.90836],[-112.40518,44.90094],[-112.41371,44.89906],[-112.41962,44.89333],[-112.42616,44.87959],[-112.43414,44.86843],[-112.43875,44.86465],[-112.45283,44.86565],[-112.45704,44.86005],[-112.46017,44.85056],[-112.46131,44.84057],[-112.47083,44.83553],[-112.4764,44.82938],[-112.49066,44.82089],[-112.50082,44.8099],[-112.50519,44.80832],[-112.51185,44.80038],[-112.52139,44.79632],[-112.53066,44.79554],[-112.53792,44.79026],[-112.54371,44.77917],[-112.54892,44.7823],[-112.55141,44.77104],[-112.561,44.76369],[-112.56258,44.75378],[-112.56643,44.74399],[-112.57314,44.74161],[-112.61028,44.73938],[-112.62003,44.74066],[-112.63832,44.73962],[-112.6526,44.73796],[-112.65348,44.72833],[-112.65963,44.72852],[-112.67634,44.7325],[-112.69221,44.73263],[-112.69006,44.72572],[-112.69482,44.71866],[-112.70608,44.71196],[-112.71637,44.70329],[-112.72435,44.68765],[-112.73515,44.68038],[-112.74054,44.67427],[-112.75591,44.66889],[-112.77003,44.65992],[-112.77857,44.65595],[-112.78313,44.64408],[-112.79076,44.6385],[-112.80049,44.63451],[-112.80458,44.62337],[-112.80097,44.61401],[-112.80393,44.60368],[-112.80245,44.5929],[-112.79629,44.58498],[-112.79309,44.56748],[-112.79267,44.55809],[-112.79541,44.54472],[-112.80152,44.54592],[-112.81053,44.54425],[-112.81244,44.54689],[-112.82365,44.55251],[-112.82592,44.55718],[-112.83563,44.5655],[-112.84837,44.56921],[-112.85158,44.56719],[-112.86251,44.56867],[-112.87785,44.57521],[-112.88545,44.5817],[-112.89183,44.58207],[-112.89695,44.58682],[-112.94229,44.59687],[-112.95818,44.5977],[-112.97533,44.60057],[-112.98943,44.60463],[-112.99429,44.61307],[-112.99315,44.62145],[-112.99032,44.62735],[-112.98393,44.62817],[-112.97963,44.632],[-112.97106,44.63422],[-112.97959,44.64839],[-112.99577,44.65154],[-113.00301,44.6547],[-113.01735,44.65588],[-113.03903,44.65114],[-113.05899,44.64349],[-113.0515,44.63695],[-113.04981,44.62907],[-113.05712,44.61861],[-113.06417,44.61819],[-113.07467,44.61398],[-113.07877,44.60802],[-113.08754,44.59951],[-113.07388,44.59393],[-113.0627,44.58643],[-113.06717,44.57906],[-113.03779,44.56508],[-113.03683,44.56036],[-113.0451,44.55598],[-113.04776,44.54828],[-113.04422,44.54337],[-113.03085,44.53698],[-113.02549,44.53801],[-113.01325,44.52817],[-113.00795,44.52718],[-113.00541,44.52014],[-113.01558,44.5162],[-113.01705,44.50398],[-113.0265,44.49617],[-113.01999,44.4837],[-113.0067,44.47165],[-113.00878,44.46586],[-113.00506,44.45372],[-113.00198,44.44986],[-112.99267,44.44562],[-112.97938,44.43356],[-112.9642,44.42379],[-112.95296,44.42468],[-112.95111,44.41744],[-112.93958,44.4125],[-112.93057,44.41331],[-112.91857,44.40896],[-112.91654,44.40417],[-112.90266,44.3991],[-112.89125,44.40553],[-112.88467,44.40211],[-112.88542,44.39683],[-112.88152,44.37963],[-112.87328,44.37235],[-112.86351,44.36946],[-112.85509,44.35997],[-112.84518,44.35796],[-112.84188,44.36085],[-112.82994,44.36555],[-112.81315,44.3767],[-112.81412,44.38374],[-112.81194,44.38791],[-112.81513,44.39471],[-112.81111,44.39888],[-112.81994,44.4002],[-112.8219,44.40744],[-112.8357,44.42198],[-112.83936,44.42378],[-112.82762,44.43294],[-112.8284,44.4403],[-112.82586,44.44399],[-112.81819,44.44705],[-112.8127,44.45446],[-112.80771,44.45312],[-112.79758,44.46189],[-112.79724,44.46692],[-112.78948,44.47253],[-112.77984,44.48461],[-112.77215,44.48361],[-112.76349,44.48733],[-112.73929,44.49105],[-112.73395,44.49979],[-112.71911,44.50434],[-112.70781,44.50302],[-112.68863,44.49817],[-112.68587,44.49331],[-112.67197,44.49137],[-112.66357,44.48625],[-112.63299,44.49105],[-112.62852,44.48279],[-112.61936,44.48707],[-112.60195,44.49071],[-112.58485,44.48111],[-112.57721,44.48041],[-112.56967,44.48271],[-112.54935,44.48449],[-112.54171,44.48377],[-112.53469,44.47834],[-112.51344,44.47471],[-112.51144,44.46706],[-112.50019,44.46296],[-112.49702,44.46748],[-112.48503,44.47087],[-112.47395,44.47917],[-112.45554,44.47114],[-112.45528,44.46668],[-112.44777,44.46797],[-112.43481,44.4612],[-112.43454,44.45574],[-112.42755,44.4535],[-112.41645,44.45326],[-112.40926,44.45706],[-112.3863,44.44781],[-112.37004,44.46568],[-112.36669,44.4671],[-112.3644,44.47942],[-112.35848,44.48574],[-112.3566,44.49313],[-112.35892,44.52885],[-112.35421,44.53564],[-112.34879,44.53869],[-112.34263,44.53779],[-112.3192,44.53911],[-112.31501,44.5419],[-112.31505,44.55005],[-112.3129,44.55354],[-112.30437,44.55911],[-112.29282,44.56168],[-112.28604,44.56861],[-112.27556,44.5658],[-112.26628,44.56586],[-112.25695,44.5713],[-112.25083,44.56768],[-112.24278,44.56809],[-112.22934,44.56411],[-112.22732,44.55753],[-112.22948,44.54949],[-112.2217,44.54352],[-112.19399,44.53688],[-112.18394,44.53307],[-112.16465,44.54153],[-112.14889,44.53676],[-112.14512,44.53935],[-112.13707,44.53977],[-112.1291,44.53596],[-112.12624,44.52883],[-112.10156,44.52085],[-112.0963,44.52321],[-112.0933,44.53],[-112.08084,44.53383],[-112.07489,44.53358],[-112.06958,44.5369],[-112.0548,44.53626],[-112.03239,44.52873],[-112.03502,44.54269],[-112.03271,44.54664],[-112.01643,44.54193],[-112.01094,44.54316],[-112.00544,44.53842],[-111.97745,44.53584],[-111.97164,44.53761],[-111.96133,44.54901],[-111.95116,44.54992],[-111.94891,44.5563],[-111.93499,44.55802],[-111.91656,44.55633],[-111.89964,44.55755],[-111.88971,44.56465],[-111.87946,44.56041],[-111.87036,44.56353],[-111.86489,44.55712],[-111.86358,44.55134],[-111.84929,44.53984],[-111.84229,44.52617],[-111.82998,44.5195],[-111.83087,44.51685],[-111.82153,44.50894],[-111.8114,44.51133],[-111.80608,44.51612],[-111.80479,44.52367],[-111.79536,44.52659],[-111.78545,44.5236],[-111.77762,44.5251],[-111.77261,44.5301],[-111.7616,44.5268],[-111.75916,44.53297],[-111.7464,44.54077],[-111.72736,44.544],[-111.71565,44.54337],[-111.70936,44.55022],[-111.70415,44.55965],[-111.69121,44.55658],[-111.68506,44.56086],[-111.67361,44.5567],[-111.66326,44.55543],[-111.65926,44.55266],[-111.65227,44.5549],[-111.6367,44.55253],[-111.63273,44.55327],[-111.61267,44.54877],[-111.60108,44.55409],[-111.58651,44.56266],[-111.58011,44.55972],[-111.5648,44.55761],[-111.55518,44.55512],[-111.54705,44.55718],[-111.53637,44.55059],[-111.52359,44.54786],[-111.51844,44.54357],[-111.51527,44.53702],[-111.50872,44.53616],[-111.50069,44.54047],[-111.48378,44.54085],[-111.47974,44.54209],[-111.4696,44.54004],[-111.46367,44.54159],[-111.46695,44.54698],[-111.46932,44.55755],[-111.48138,44.55595],[-111.49202,44.56081],[-111.50741,44.56208],[-111.50997,44.56516],[-111.50134,44.57249],[-111.51781,44.58217],[-111.52265,44.59025],[-111.52395,44.5985],[-111.51934,44.60177],[-111.5252,44.6052],[-111.51594,44.62038],[-111.50249,44.62682],[-111.50935,44.63358],[-111.51617,44.64406],[-111.50439,44.64453],[-111.50024,44.64882],[-111.49527,44.64432],[-111.48751,44.65369],[-111.48225,44.65583],[-111.47855,44.66185],[-111.47225,44.6669],[-111.47651,44.67372],[-111.46881,44.67941],[-111.47687,44.68167],[-111.4849,44.68758],[-111.48261,44.69117],[-111.48989,44.70056],[-111.48878,44.70564],[-111.47488,44.70856],[-111.53735,44.70852],[-111.53735,44.70802],[-111.65849,44.70851],[-111.70034,44.70842],[-111.7811,44.70885],[-111.78116,44.78103],[-111.89364,44.78101]]]},"properties":{"STATEFP":"30","COUNTYFP":"001","COUSUBFP":"92079","COUSUBNS":"01940660","GEOIDFQ":"0600000US3000192079","GEOID":"3000192079","NAME":"Lima-Centennial Valley","NAMELSAD":"Lima-Centennial Valley CCD","STUSPS":"MT","NAMELSADCO":"Beaverhead County","STATE_NAME":"Montana","LSAD":"22","ALAND":3309792257,"AWATER":46741862}},
{"type":"Feature","geometry":{"type":"Polygon","coordinates":[[[-111.37258,45.0806],[-111.35785,45.08023],[-111.35141,45.07518],[-111.3446,45.07737],[-111.33583,45.07268],[-111.32859,45.07284],[-111.31274,45.07032],[-111.30091,45.07061],[-111.28984,45.0643],[-111.2811,45.06109],[-111.26539,45.06089],[-111.24573,45.06225],[-111.2297,45.05977],[-111.20718,45.06751],[-111.19824,45.07298],[-111.18173,45.06458],[-111.1563,45.05409],[-111.14387,45.06188],[-111.13566,45.0625],[-111.14013,45.06943],[-111.14167,45.07606],[-111.13776,45.08255],[-111.13036,45.08595],[-111.13534,45.09088],[-111.12971,45.10089],[-111.12577,45.10299],[-111.11733,45.10225],[-111.11363,45.10755],[-111.10324,45.10908],[-111.09715,45.10389],[-111.0869,45.10294],[-111.08107,45.09458],[-111.07673,45.09389],[-111.07081,45.08269],[-111.07036,45.07499],[-111.05683,45.06628],[-111.05006,45.06683],[-111.04506,45.0739],[-111.04514,45.09359],[-111.04672,45.1007],[-111.04661,45.17633],[-111.03861,45.17638],[-111.03823,45.26587],[-111.03817,45.35139],[-110.91863,45.35128],[-110.92153,45.35808],[-110.93627,45.36024],[-110.94823,45.36927],[-110.96299,45.37265],[-110.96012,45.37597],[-110.96531,45.38316],[-110.95599,45.38694],[-110.95262,45.39171],[-110.95878,45.40425],[-110.99075,45.40538],[-111.0004,45.40349],[-111.00919,45.40804],[-111.01704,45.41002],[-111.03961,45.40985],[-111.06634,45.41299],[-111.07233,45.41103],[-111.09089,45.42079],[-111.11225,45.42074],[-111.12646,45.42396],[-111.14041,45.42508],[-111.15977,45.43226],[-111.16505,45.43565],[-111.17406,45.43736],[-111.17934,45.43576],[-111.18673,45.44037],[-111.19762,45.43935],[-111.21554,45.44255],[-111.22629,45.44062],[-111.23512,45.44801],[-111.23619,45.45273],[-111.24294,45.45497],[-111.2507,45.46233],[-111.2676,45.47119],[-111.27061,45.48397],[-111.27149,45.49354],[-111.28747,45.49337],[-111.29666,45.49507],[-111.30165,45.49819],[-111.31999,45.49866],[-111.32821,45.49678],[-111.35103,45.49796],[-111.35127,45.43873],[-111.35033,45.43873],[-111.35003,45.35055],[-111.37303,45.35052],[-111.37316,45.24597],[-111.37267,45.15718],[-111.37258,45.0806]]]},"properties":{"STATEFP":"30","COUNTYFP":"031","COUSUBFP":"90305","COUSUBNS":"02583871","GEOIDFQ":"0600000US3003190305","GEOID":"3003190305","NAME":"Big Sky","NAMELSAD":"Big Sky CCD","STUSPS":"MT","NAMELSADCO":"Gallatin County","STATE_NAME":"Montana","LSAD":"22","ALAND":1108151569,"AWATER":2860862}},
{"type":"Feature","geometry":{"type":"Polygon","coordinates":[[[-108.84098,45.46454],[-108.9233,45.46441],[-108.92328,45.44797],[-108.9246,45.44261],[-108.93129,45.44272],[-108.93464,45.44652],[-108.95062,45.45149],[-108.95718,45.45543],[-108.96511,45.45016],[-108.98059,45.43657],[-108.99476,45.43235],[-108.9971,45.42652],[-109.00428,45.42088],[-109.0075,45.40981],[-109.01747,45.40184],[-109.02272,45.39386],[-109.02138,45.3892],[-109.02567,45.38234],[-109.02338,45.37816],[-109.02641,45.37227],[-109.03435,45.36534],[-109.03612,45.36112],[-109.05136,45.3591],[-109.05457,45.35468],[-109.05992,45.35372],[-109.06257,45.34579],[-109.07111,45.33291],[-109.07557,45.33102],[-109.08904,45.31622],[-109.08866,45.31143],[-109.09598,45.30677],[-109.10531,45.30403],[-109.11171,45.29986],[-109.12261,45.30019],[-109.13234,45.29242],[-109.16023,45.28142],[-109.16324,45.27907],[-109.19329,45.27864],[-109.19533,45.26932],[-109.20104,45.26352],[-109.20721,45.2633],[-109.20791,45.24141],[-109.17737,45.24176],[-109.17708,45.23466],[-109.16431,45.23394],[-109.15133,45.23029],[-109.1463,45.2309],[-109.13901,45.22747],[-109.1183,45.22458],[-109.10552,45.21948],[-109.09338,45.2204],[-109.08475,45.21797],[-109.01643,45.21803],[-109.00513,45.21347],[-108.99114,45.20989],[-108.98927,45.20479],[-108.97683,45.20343],[-108.98317,45.19682],[-108.98454,45.18977],[-108.96835,45.19255],[-108.96539,45.199],[-108.95334,45.20615],[-108.95598,45.2179],[-108.94917,45.22361],[-108.94866,45.23083],[-108.94461,45.23796],[-108.93123,45.24598],[-108.92703,45.25305],[-108.91574,45.25958],[-108.91403,45.26413],[-108.90255,45.27609],[-108.9048,45.28038],[-108.90121,45.28672],[-108.89299,45.28734],[-108.8998,45.2933],[-108.89792,45.29927],[-108.89278,45.30235],[-108.89957,45.30987],[-108.89559,45.31258],[-108.89738,45.32042],[-108.90303,45.32356],[-108.90283,45.3273],[-108.91192,45.32858],[-108.91396,45.33441],[-108.90741,45.33728],[-108.90961,45.342],[-108.90108,45.34297],[-108.89982,45.34644],[-108.90911,45.35345],[-108.90769,45.35695],[-108.91742,45.35876],[-108.91831,45.36139],[-108.90919,45.37035],[-108.90638,45.3818],[-108.89493,45.39201],[-108.90144,45.39615],[-108.89056,45.40472],[-108.88949,45.41075],[-108.88299,45.41225],[-108.87434,45.42763],[-108.86495,45.42872],[-108.85907,45.43246],[-108.8547,45.44206],[-108.86292,45.44363],[-108.86245,45.44947],[-108.84902,45.44897],[-108.84618,45.45448],[-108.84075,45.45421],[-108.84098,45.46454]]]},"properties":{"STATEFP":"30","COUNTYFP":"009","COUSUBFP":"91323","COUSUBNS":"01940623","GEOIDFQ":"0600000US3000991323","GEOID":"3000991323","NAME":"Fromberg-Bridger","NAMELSAD":"Fromberg-Bridger CCD","STUSPS":"MT","NAMELSADCO":"Carbon County","STATE_NAME":"Montana","LSAD":"22","ALAND":378422379,"AWATER":1885259}},
{"type":"Feature","geometry":{"type":"Polygon","coordinates":[[[-107.25803,48.51482],[-107.25102,48.51723],[-107.24129,48.51324],[-107.23302,48.51552],[-107.22585,48.50962],[-107.21744,48.50757],[-107.20877,48.51013],[-107.19269,48.5094],[-107.19271,48.56811],[-107.20632,48.56817],[-107.20603,48.91271],[-107.17982,48.91267],[-107.17981,48.99992],[-107.36358,49.00002],[-107.44102,48.99936],[-107.7047,48.99987],[-107.88433,48.99976],[-107.9723,48.9997],[-108.23636,48.99953],[-108.23636,48.91352],[-108.25937,48.91359],[-108.25938,48.75114],[-108.25068,48.74694],[-108.23994,48.74565],[-108.23551,48.74721],[-108.22003,48.74305],[-108.21186,48.74569],[-108.20541,48.74224],[-108.19123,48.74385],[-108.1888,48.74138],[-108.17955,48.7414],[-108.17831,48.73417],[-108.16277,48.72005],[-108.14876,48.71965],[-108.13589,48.71743],[-108.13331,48.71185],[-108.12161,48.70915],[-108.11514,48.7046],[-108.10676,48.70323],[-108.10189,48.69771],[-108.09284,48.67731],[-108.08855,48.67156],[-108.08891,48.66729],[-108.08075,48.66527],[-108.06839,48.65828],[-108.06953,48.6528],[-108.06343,48.6442],[-108.05538,48.6416],[-108.05459,48.63322],[-108.0457,48.63411],[-108.03913,48.63203],[-108.02742,48.63344],[-108.0135,48.62856],[-108.00097,48.62638],[-107.98855,48.62159],[-107.98746,48.6178],[-107.99317,48.61414],[-107.98128,48.60963],[-107.97652,48.61173],[-107.9696,48.60504],[-107.96038,48.60206],[-107.94982,48.6017],[-107.94139,48.59875],[-107.93514,48.60267],[-107.92622,48.59716],[-107.92355,48.59945],[-107.91146,48.59534],[-107.90473,48.58977],[-107.90519,48.58197],[-107.90149,48.57736],[-107.88925,48.57313],[-107.883,48.57449],[-107.86511,48.56922],[-107.85832,48.56438],[-107.85279,48.56412],[-107.85186,48.5573],[-107.84516,48.55794],[-107.81675,48.55122],[-107.80681,48.55402],[-107.80023,48.54695],[-107.78966,48.55143],[-107.78055,48.54748],[-107.76935,48.54638],[-107.75887,48.54295],[-107.75236,48.54535],[-107.75039,48.55718],[-107.74752,48.56308],[-107.75288,48.56621],[-107.74672,48.57034],[-107.73124,48.57237],[-107.72429,48.57721],[-107.72692,48.58337],[-107.71907,48.5833],[-107.71524,48.58653],[-107.70874,48.58506],[-107.69853,48.58597],[-107.69245,48.58872],[-107.67797,48.5847],[-107.67015,48.5893],[-107.66125,48.5992],[-107.6573,48.60652],[-107.64337,48.60725],[-107.63233,48.60611],[-107.62904,48.60068],[-107.61355,48.59463],[-107.60445,48.59456],[-107.60752,48.5888],[-107.60425,48.58247],[-107.61054,48.5775],[-107.60889,48.56851],[-107.59464,48.56362],[-107.58753,48.56552],[-107.58606,48.55627],[-107.57604,48.55612],[-107.56894,48.558],[-107.5625,48.55563],[-107.56894,48.54982],[-107.56327,48.54146],[-107.5472,48.54323],[-107.54114,48.54245],[-107.53479,48.54499],[-107.52972,48.5394],[-107.51641,48.54089],[-107.51124,48.54535],[-107.50026,48.53496],[-107.49478,48.53215],[-107.47834,48.52756],[-107.46478,48.53407],[-107.45734,48.52983],[-107.45475,48.53542],[-107.44442,48.53585],[-107.42779,48.54376],[-107.41706,48.54221],[-107.40646,48.54419],[-107.39616,48.55101],[-107.39118,48.55189],[-107.37415,48.54515],[-107.37199,48.54232],[-107.35694,48.53887],[-107.35211,48.534],[-107.34212,48.53198],[-107.34444,48.52877],[-107.33799,48.52564],[-107.3291,48.52548],[-107.3323,48.51928],[-107.31635,48.52539],[-107.30528,48.52158],[-107.30726,48.51248],[-107.3004,48.50975],[-107.2918,48.50918],[-107.2883,48.50648],[-107.27966,48.50646],[-107.27079,48.50429],[-107.26006,48.50919],[-107.25803,48.51482]]]},"properties":{"STATEFP":"30","COUNTYFP":"071","COUSUBFP":"93864","COUSUBNS":"01940743","GEOIDFQ":"0600000US3007193864","GEOID":"3007193864","NAME":"Whitewater","NAMELSAD":"Whitewater CCD","STUSPS":"MT","NAMELSADCO":"Phillips County","STATE_NAME":"Montana","LSAD":"22","ALAND":3511040717,"AWATER":11676042}},
{"type":"Feature","geometry":{"type":"Polygon","coordinates":[[[-110.63956,47.41649],[-110.63891,47.35903],[-110.76712,47.35913],[-110.76703,47.29707],[-110.77241,47.29715],[-110.77231,47.30791],[-110.7883,47.30785],[-110.78807,47.24913],[-110.77733,47.2491],[-110.77743,47.23458],[-110.76659,47.23454],[-110.76694,47.18387],[-110.77276,47.18386],[-110.77179,47.1489],[-110.7707,47.09655],[-110.64521,47.09587],[-110.64518,47.05194],[-110.63407,47.04969],[-110.62295,47.04546],[-110.6035,47.04788],[-110.58547,47.04691],[-110.57685,47.0477],[-110.56598,47.05364],[-110.58017,47.05751],[-110.58497,47.06063],[-110.57482,47.06406],[-110.56814,47.06175],[-110.56209,47.05627],[-110.54985,47.0548],[-110.54684,47.05661],[-110.53279,47.05355],[-110.51955,47.05257],[-110.5121,47.04717],[-110.51338,47.03985],[-110.50673,47.03219],[-110.49833,47.02886],[-110.48639,47.02926],[-110.47647,47.0345],[-110.46191,47.03522],[-110.44738,47.04287],[-110.4351,47.05019],[-110.42688,47.06021],[-110.42048,47.06171],[-110.39715,47.07151],[-110.38768,47.07433],[-110.35445,47.07672],[-110.34721,47.08445],[-110.33044,47.09721],[-110.32417,47.10047],[-110.30165,47.10792],[-110.29547,47.10789],[-110.28708,47.11655],[-110.28752,47.12007],[-110.27164,47.13295],[-110.26595,47.14069],[-110.25407,47.15239],[-110.25159,47.15876],[-110.28188,47.16388],[-110.29862,47.16875],[-110.32984,47.18025],[-110.32655,47.19394],[-110.32216,47.19509],[-110.31257,47.2021],[-110.30734,47.21414],[-110.30785,47.22165],[-110.30498,47.22946],[-110.29378,47.24188],[-110.29421,47.25107],[-110.28074,47.2565],[-110.26619,47.26899],[-110.25659,47.28336],[-110.2491,47.28626],[-110.24437,47.29442],[-110.23902,47.29794],[-110.23405,47.30583],[-110.22787,47.3092],[-110.21795,47.3261],[-110.21571,47.33438],[-110.21852,47.34368],[-110.21114,47.35878],[-110.21328,47.35877],[-110.2136,47.41666],[-110.25634,47.41668],[-110.55443,47.41647],[-110.63956,47.41649]]]},"properties":{"STATEFP":"30","COUNTYFP":"045","COUSUBFP":"91407","COUSUBNS":"01940627","GEOIDFQ":"0600000US3004591407","GEOID":"3004591407","NAME":"Geyser","NAMELSAD":"Geyser CCD","STUSPS":"MT","NAMELSADCO":"Judith Basin County","STATE_NAME":"Montana","LSAD":"22","ALAND":1422819659,"AWATER":352141}},
{"type":"Feature","geometry":{"type":"Polygon","coordinates":[[[-110.78383,46.1927],[-110.7334,46.19281],[-110.57574,46.1923],[-110.40927,46.19207],[-110.40928,46.18437],[-110.28192,46.1844],[-110.28197,46.22061],[-110.28141,46.4821],[-110.28147,46.48983],[-110.273,46.48983],[-110.27334,46.71051],[-110.28037,46.70928],[-110.29656,46.69776],[-110.29684,46.69355],[-110.306,46.68776],[-110.31464,46.68851],[-110.31944,46.68495],[-110.32614,46.68559],[-110.32964,46.68001],[-110.32652,46.6759],[-110.33376,46.67206],[-110.34424,46.67256],[-110.34948,46.68246],[-110.36119,46.68977],[-110.37529,46.69291],[-110.39817,46.68842],[-110.41027,46.68472],[-110.42111,46.67774],[-110.43655,46.68651],[-110.45457,46.67955],[-110.46681,46.6788],[-110.46635,46.68336],[-110.47453,46.68521],[-110.48011,46.68914],[-110.48306,46.70147],[-110.49207,46.70433],[-110.49707,46.70258],[-110.50632,46.71277],[-110.51708,46.71161],[-110.52434,46.71279],[-110.5339,46.72157],[-110.543,46.7243],[-110.54882,46.73047],[-110.56149,46.73209],[-110.56433,46.73886],[-110.56175,46.74697],[-110.56606,46.74804],[-110.5728,46.74413],[-110.57779,46.73663],[-110.58433,46.73066],[-110.58688,46.72285],[-110.59435,46.71601],[-110.60031,46.70263],[-110.59887,46.69602],[-110.59428,46.69315],[-110.5907,46.68319],[-110.59929,46.66646],[-110.59344,46.66057],[-110.58212,46.65503],[-110.57294,46.64075],[-110.5761,46.62764],[-110.57475,46.62397],[-110.57914,46.60042],[-110.57359,46.59176],[-110.56253,46.5791],[-110.57983,46.58508],[-110.59042,46.59345],[-110.59751,46.60166],[-110.62042,46.60716],[-110.64034,46.61349],[-110.6734,46.61484],[-110.68168,46.61912],[-110.70333,46.62222],[-110.73171,46.62086],[-110.75312,46.61505],[-110.78257,46.59551],[-110.80095,46.57761],[-110.8071,46.56758],[-110.81295,46.56568],[-110.82982,46.56814],[-110.8528,46.56675],[-110.87293,46.54997],[-110.86773,46.5438],[-110.87232,46.54143],[-110.87238,46.53571],[-110.88243,46.53746],[-110.88956,46.53678],[-110.90559,46.53189],[-110.90429,46.423],[-110.90631,46.42],[-110.92631,46.41016],[-110.966,46.39742],[-110.97861,46.39511],[-110.98755,46.39179],[-110.99097,46.38631],[-110.98854,46.38016],[-110.99251,46.3765],[-111.0208,46.35687],[-111.02555,46.35523],[-111.06931,46.35142],[-111.07552,46.34695],[-111.08661,46.34885],[-111.0948,46.34361],[-111.09363,46.33916],[-111.09822,46.3369],[-111.10793,46.32673],[-111.10959,46.323],[-111.11784,46.31733],[-111.12047,46.30648],[-111.11882,46.29489],[-111.12278,46.28636],[-111.12685,46.27311],[-111.11419,46.26529],[-111.10735,46.26407],[-111.10856,46.25907],[-111.09503,46.25754],[-111.08764,46.2524],[-111.07818,46.24826],[-111.08185,46.2422],[-111.08289,46.23462],[-111.07062,46.23238],[-111.06176,46.22074],[-111.06326,46.21717],[-111.06064,46.21032],[-111.06235,46.20286],[-111.06,46.19907],[-111.06196,46.19283],[-110.99324,46.1928],[-110.78383,46.1927]]]},"properties":{"STATEFP":"30","COUNTYFP":"059","COUSUBFP":"92247","COUSUBNS":"01940668","GEOIDFQ":"0600000US3005992247","GEOID":"3005992247","NAME":"Martinsdale-Ringling","NAMELSAD":"Martinsdale-Ringling CCD","STUSPS":"MT","NAMELSADCO":"Meagher County","STATE_NAME":"Montana","LSAD":"22","ALAND":2726781572,"AWATER":3864628}},
{"type":"Feature","geometry":{"type":"Polygon","coordinates":[[[-111.52604,45.64229],[-111.52046,45.65423],[-111.52189,45.65954],[-111.52746,45.66182],[-111.52655,45.67132],[-111.52972,45.67388],[-111.51623,45.68585],[-111.50663,45.68587],[-111.50586,45.69313],[-111.49452,45.6943],[-111.49574,45.71577],[-111.49563,45.72916],[-111.48519,45.72947],[-111.47496,45.73717],[-111.47484,45.75081],[-111.46878,45.75084],[-111.46455,45.75487],[-111.4647,45.77174],[-111.4721,45.7827],[-111.47346,45.79207],[-111.47198,45.80017],[-111.46866,45.80475],[-111.46162,45.82352],[-111.46152,45.83066],[-111.45526,45.83506],[-111.4537,45.84657],[-111.45625,45.85669],[-111.45099,45.86111],[-111.45132,45.87024],[-111.43802,45.88193],[-111.43666,45.88508],[-111.42411,45.889],[-111.40997,45.88629],[-111.40842,45.88915],[-111.39472,45.88914],[-111.3809,45.88662],[-111.36965,45.89328],[-111.36342,45.89484],[-111.35042,45.89396],[-111.33685,45.89158],[-111.33249,45.89516],[-111.33448,45.91869],[-111.34797,45.91886],[-111.35099,45.92508],[-111.34506,45.92978],[-111.34383,45.93801],[-111.34859,45.94465],[-111.3427,45.94798],[-111.32741,45.95232],[-111.31081,45.96157],[-111.29097,45.96754],[-111.28779,45.97843],[-111.28228,45.98398],[-111.28189,45.9877],[-111.28997,45.99099],[-111.29034,45.99665],[-111.2841,46.00082],[-111.27959,46],[-111.27914,46.01068],[-111.2668,46.02454],[-111.26024,46.02875],[-111.26058,46.03324],[-111.25698,46.04488],[-111.24463,46.04604],[-111.23265,46.03662],[-111.22782,46.03013],[-111.21797,46.0289],[-111.20481,46.03145],[-111.20039,46.02906],[-111.18574,46.02737],[-111.18332,46.05442],[-111.17802,46.06134],[-111.17259,46.07221],[-111.17216,46.07774],[-111.17777,46.09501],[-111.17408,46.10581],[-111.1796,46.10833],[-111.18969,46.10289],[-111.19594,46.1034],[-111.21233,46.11415],[-111.22522,46.11457],[-111.22871,46.11867],[-111.23492,46.1186],[-111.2402,46.1219],[-111.2527,46.12238],[-111.26224,46.1281],[-111.26999,46.12693],[-111.27805,46.13563],[-111.2858,46.13296],[-111.29021,46.13678],[-111.30591,46.13275],[-111.31463,46.13542],[-111.33072,46.12994],[-111.33697,46.13026],[-111.34398,46.12433],[-111.34937,46.12261],[-111.36792,46.11548],[-111.37863,46.1133],[-111.38408,46.10422],[-111.39404,46.10899],[-111.39852,46.10585],[-111.39124,46.09209],[-111.39375,46.08945],[-111.4058,46.0851],[-111.41898,46.06654],[-111.42383,46.06195],[-111.42341,46.047],[-111.42477,46.0415],[-111.42229,46.03184],[-111.42286,46.02697],[-111.4296,46.01898],[-111.42158,46.01571],[-111.4158,46.00179],[-111.41962,45.99632],[-111.42797,45.99301],[-111.4429,45.99069],[-111.44853,45.99585],[-111.45709,45.99884],[-111.46064,45.99704],[-111.46361,45.98988],[-111.46511,45.97898],[-111.4634,45.97331],[-111.46414,45.96364],[-111.46697,45.95624],[-111.47128,45.95148],[-111.48223,45.94625],[-111.4931,45.93909],[-111.49543,45.93443],[-111.50761,45.93076],[-111.51647,45.92639],[-111.53474,45.92414],[-111.54385,45.91734],[-111.54281,45.91319],[-111.54872,45.90984],[-111.55904,45.91483],[-111.56681,45.90962],[-111.58736,45.9068],[-111.60152,45.8928],[-111.60852,45.88866],[-111.61291,45.87452],[-111.62065,45.87076],[-111.62521,45.86532],[-111.63712,45.861],[-111.64015,45.8526],[-111.65047,45.85093],[-111.65598,45.84294],[-111.65672,45.83432],[-111.66006,45.8335],[-111.66125,45.82826],[-111.67587,45.82205],[-111.68083,45.82158],[-111.68454,45.81572],[-111.69022,45.81422],[-111.69156,45.80842],[-111.69774,45.80054],[-111.70547,45.79574],[-111.72699,45.79347],[-111.73214,45.79783],[-111.73827,45.79777],[-111.74546,45.80159],[-111.75585,45.80423],[-111.76381,45.79992],[-111.77363,45.79865],[-111.78821,45.79251],[-111.79355,45.79511],[-111.80174,45.79536],[-111.80526,45.79831],[-111.80538,45.78675],[-111.76332,45.78683],[-111.76327,45.77255],[-111.72185,45.77237],[-111.72168,45.74328],[-111.70137,45.74303],[-111.65974,45.74334],[-111.65974,45.72883],[-111.63974,45.72883],[-111.63972,45.71431],[-111.61904,45.71436],[-111.61904,45.69986],[-111.59832,45.69996],[-111.59824,45.68512],[-111.57769,45.68525],[-111.5777,45.67077],[-111.55701,45.671],[-111.55697,45.65643],[-111.53632,45.65683],[-111.53624,45.64226],[-111.52797,45.64228],[-111.52604,45.64229]]]},"properties":{"STATEFP":"30","COUNTYFP":"031","COUSUBFP":"93528","COUSUBNS":"01940727","GEOIDFQ":"0600000US3003193528","GEOID":"3003193528","NAME":"Three Forks","NAMELSAD":"Three Forks CCD","STUSPS":"MT","NAMELSADCO":"Gallatin County","STATE_NAME":"Montana","LSAD":"22","ALAND":749164371,"AWATER":10138009}},
{"type":"Feature","geometry":{"type":"Polygon","coordinates":[[[-110.21114,47.35878],[-110.21852,47.34368],[-110.21571,47.33438],[-110.21795,47.3261],[-110.22787,47.3092],[-110.23405,47.30583],[-110.23902,47.29794],[-110.24437,47.29442],[-110.2491,47.28626],[-110.25659,47.28336],[-110.26619,47.26899],[-110.28074,47.2565],[-110.29421,47.25107],[-110.29378,47.24188],[-110.30498,47.22946],[-110.30785,47.22165],[-110.30734,47.21414],[-110.31257,47.2021],[-110.32216,47.19509],[-110.32655,47.19394],[-110.32984,47.18025],[-110.29862,47.16875],[-110.28188,47.16388],[-110.25159,47.15876],[-110.25407,47.15239],[-110.26595,47.14069],[-110.27164,47.13295],[-110.28752,47.12007],[-110.28708,47.11655],[-110.29547,47.10789],[-110.30165,47.10792],[-110.32417,47.10047],[-110.33044,47.09721],[-110.34721,47.08445],[-110.35445,47.07672],[-110.38768,47.07433],[-110.39715,47.07151],[-110.42048,47.06171],[-110.42688,47.06021],[-110.4351,47.05019],[-110.44738,47.04287],[-110.43281,47.03387],[-110.41917,47.02727],[-110.38539,47.02632],[-110.37226,47.01926],[-110.36007,47.01605],[-110.35117,47.01075],[-110.32016,47.01049],[-110.3145,47.00743],[-110.30532,47.0075],[-110.29815,47.00368],[-110.28553,46.97671],[-110.2811,46.96081],[-110.27152,46.96069],[-110.25973,46.96555],[-110.24341,46.96665],[-110.23799,46.97478],[-110.22528,46.98803],[-110.21981,46.9877],[-110.21961,46.98237],[-110.17727,46.98214],[-110.17603,46.99654],[-110.03111,46.9974],[-110.03043,46.99773],[-110.03055,47.055],[-110.00971,47.05507],[-110.0104,47.14229],[-109.9985,47.15339],[-109.98871,47.15599],[-109.98147,47.1554],[-109.9716,47.15843],[-109.96966,47.16125],[-109.95967,47.16077],[-109.95556,47.16652],[-109.95141,47.16541],[-109.94239,47.17187],[-109.93499,47.17186],[-109.9319,47.17668],[-109.91635,47.17719],[-109.90695,47.18485],[-109.89777,47.19003],[-109.88039,47.19509],[-109.87218,47.20165],[-109.87247,47.22888],[-110.00002,47.22872],[-110.00029,47.27213],[-110.1277,47.27191],[-110.12795,47.35902],[-110.21114,47.35878]]]},"properties":{"STATEFP":"30","COUNTYFP":"045","COUSUBFP":"93318","COUSUBNS":"01940718","GEOIDFQ":"0600000US3004593318","GEOID":"3004593318","NAME":"Stanford","NAMELSAD":"Stanford CCD","STUSPS":"MT","NAMELSADCO":"Judith Basin County","STATE_NAME":"Montana","LSAD":"22","ALAND":889051493,"AWATER":270785}},
{"type":"Feature","geometry":{"type":"Polygon","coordinates":[[[-112.51475,46.1299],[-112.52069,46.12718],[-112.5237,46.12017],[-112.53238,46.11843],[-112.53656,46.11001],[-112.55272,46.10104],[-112.55915,46.08685],[-112.56356,46.08152],[-112.57135,46.07814],[-112.58418,46.07521],[-112.59762,46.07368],[-112.60371,46.06913],[-112.60883,46.06017],[-112.60599,46.05384],[-112.60852,46.04833],[-112.60458,46.02972],[-112.60858,46.02708],[-112.60667,46.00777],[-112.61121,46.00563],[-112.61194,45.98688],[-112.61362,45.98152],[-112.62215,45.97494],[-112.63977,45.96659],[-112.64844,45.97143],[-112.65756,45.97034],[-112.66712,45.94966],[-112.674,45.92627],[-112.67506,45.91913],[-112.67214,45.90086],[-112.67377,45.88273],[-112.66022,45.88073],[-112.652,45.88945],[-112.63771,45.89202],[-112.63423,45.89639],[-112.62137,45.89643],[-112.61559,45.89799],[-112.60289,45.89063],[-112.59605,45.88183],[-112.59816,45.87572],[-112.60366,45.86897],[-112.60183,45.86415],[-112.59537,45.86023],[-112.59104,45.85237],[-112.58954,45.84145],[-112.58105,45.83326],[-112.5719,45.83324],[-112.56863,45.82761],[-112.56106,45.82626],[-112.55466,45.81868],[-112.5562,45.81409],[-112.53928,45.80945],[-112.53135,45.80909],[-112.52868,45.80184],[-112.52929,45.79408],[-112.51587,45.79209],[-112.50904,45.79525],[-112.51163,45.81264],[-112.50483,45.81916],[-112.50358,45.82347],[-112.49177,45.82024],[-112.4764,45.81369],[-112.4679,45.81241],[-112.451,45.81903],[-112.45507,45.82279],[-112.46406,45.82675],[-112.48166,45.85374],[-112.46044,45.86093],[-112.44932,45.86208],[-112.4388,45.85593],[-112.42981,45.85288],[-112.42515,45.85898],[-112.4253,45.86362],[-112.41711,45.86872],[-112.41113,45.87488],[-112.41103,45.88357],[-112.40435,45.88805],[-112.4097,45.89909],[-112.41571,45.90403],[-112.41523,45.90847],[-112.42074,45.9102],[-112.4185,45.92479],[-112.43132,45.92952],[-112.43628,45.94032],[-112.43033,45.94482],[-112.43361,45.95218],[-112.4299,45.95836],[-112.43826,45.96766],[-112.43858,45.97435],[-112.44288,45.98887],[-112.44464,46.00204],[-112.44248,46.00782],[-112.43585,46.01428],[-112.43941,46.02191],[-112.44348,46.02533],[-112.44199,46.02948],[-112.44595,46.03398],[-112.45092,46.03328],[-112.45943,46.0367],[-112.46232,46.03945],[-112.47225,46.03906],[-112.4724,46.04808],[-112.47695,46.05172],[-112.47069,46.05671],[-112.47095,46.06118],[-112.46179,46.07575],[-112.4708,46.0825],[-112.4663,46.09273],[-112.47144,46.09738],[-112.4815,46.10051],[-112.48943,46.10728],[-112.50087,46.11216],[-112.50363,46.11564],[-112.50174,46.12115],[-112.51446,46.12488],[-112.51475,46.1299]]]},"properties":{"STATEFP":"30","COUNTYFP":"093","COUSUBFP":"90483","COUSUBNS":"01940580","GEOIDFQ":"0600000US3009390483","GEOID":"3009390483","NAME":"Butte","NAMELSAD":"Butte CCD","STUSPS":"MT","NAMELSADCO":"Silver Bow County","STATE_NAME":"Montana","LSAD":"22","ALAND":433067723,"AWATER":314566}},
{"type":"Feature","geometry":{"type":"Polygon","coordinates":[[[-104.60975,48.14112],[-104.61033,48.13379],[-104.61912,48.13008],[-104.62669,48.12949],[-104.62764,48.12328],[-104.61994,48.11617],[-104.6261,48.11196],[-104.63928,48.11112],[-104.64739,48.10815],[-104.65975,48.10711],[-104.66973,48.10422],[-104.68163,48.10332],[-104.68415,48.1133],[-104.69792,48.11882],[-104.71431,48.11893],[-104.72386,48.11345],[-104.73351,48.11313],[-104.74101,48.11059],[-104.74764,48.11145],[-104.76073,48.12638],[-104.77114,48.12984],[-104.78922,48.12826],[-104.81152,48.12319],[-104.82258,48.11895],[-104.83603,48.12018],[-104.85305,48.12502],[-104.86222,48.13067],[-104.87189,48.14383],[-104.88204,48.14937],[-104.89201,48.15055],[-104.91513,48.14406],[-104.923,48.13619],[-104.92584,48.11048],[-104.93009,48.10786],[-104.93825,48.09585],[-104.94732,48.0942],[-104.95497,48.09869],[-104.96272,48.09925],[-104.97406,48.10331],[-104.98367,48.09924],[-104.97567,48.08999],[-104.97481,48.08447],[-104.98215,48.07268],[-104.99035,48.06645],[-104.99837,48.06709],[-104.99933,48.07118],[-104.99249,48.08069],[-104.99569,48.08467],[-105.00622,48.08537],[-105.01472,48.07516],[-105.01384,48.06933],[-105.01938,48.06674],[-105.03709,48.06342],[-105.04356,48.05357],[-105.0518,48.05618],[-105.05287,48.06116],[-105.04855,48.07082],[-105.05042,48.07462],[-105.05716,48.07767],[-105.06451,48.07777],[-105.07136,48.07458],[-105.08487,48.0643],[-105.09576,48.06066],[-105.11522,48.05902],[-105.11791,48.06261],[-105.10784,48.06857],[-105.10798,48.07381],[-105.11323,48.07838],[-105.12056,48.07834],[-105.13162,48.07406],[-105.14233,48.07299],[-105.17337,48.08186],[-105.17639,48.08848],[-105.16719,48.09649],[-105.1723,48.10167],[-105.17772,48.1031],[-105.18286,48.09769],[-105.18157,48.07974],[-105.18763,48.06954],[-105.19478,48.06662],[-105.19469,48.05423],[-105.19501,47.90433],[-105.11405,47.90078],[-105.07754,47.90159],[-105.06531,47.90086],[-105.04788,47.89715],[-104.96484,47.89698],[-104.94,47.89242],[-104.93567,47.88899],[-104.93566,47.87114],[-104.93141,47.86791],[-104.87099,47.86777],[-104.67644,47.86757],[-104.5474,47.86762],[-104.29113,47.86778],[-104.28208,47.85438],[-104.27512,47.83613],[-104.26478,47.83562],[-104.25734,47.83291],[-104.24863,47.82682],[-104.2422,47.82498],[-104.23499,47.80722],[-104.22357,47.80557],[-104.21095,47.79588],[-104.20385,47.79483],[-104.18219,47.79792],[-104.16765,47.79911],[-104.1658,47.79275],[-104.15711,47.7909],[-104.14722,47.7909],[-104.1344,47.79479],[-104.13252,47.79963],[-104.12583,47.79925],[-104.10627,47.80845],[-104.10053,47.80614],[-104.09392,47.80922],[-104.08959,47.80623],[-104.073,47.80385],[-104.06822,47.80085],[-104.05473,47.80256],[-104.04249,47.80669],[-104.04166,47.86228],[-104.04412,47.99611],[-104.05878,48.00254],[-104.06618,48.0034],[-104.08645,47.9997],[-104.09892,48.00002],[-104.10159,48.00725],[-104.10669,48.01377],[-104.09497,48.02588],[-104.09266,48.03217],[-104.10705,48.02963],[-104.11663,48.03199],[-104.12355,48.03762],[-104.1329,48.05505],[-104.14247,48.05501],[-104.14936,48.05095],[-104.15554,48.0443],[-104.16722,48.0355],[-104.17073,48.03538],[-104.1818,48.0411],[-104.1883,48.049],[-104.18315,48.06608],[-104.1891,48.06847],[-104.20319,48.06603],[-104.20628,48.06294],[-104.20644,48.05543],[-104.19986,48.04843],[-104.2007,48.0373],[-104.20814,48.03401],[-104.22403,48.03044],[-104.23947,48.02985],[-104.24594,48.03101],[-104.27298,48.04125],[-104.29044,48.05093],[-104.30162,48.05086],[-104.32067,48.04514],[-104.33667,48.0464],[-104.34405,48.0457],[-104.35324,48.04868],[-104.3568,48.06149],[-104.3604,48.0687],[-104.36749,48.07338],[-104.37655,48.07671],[-104.39506,48.07692],[-104.41744,48.08434],[-104.43198,48.09121],[-104.44325,48.09503],[-104.45123,48.10346],[-104.45536,48.11424],[-104.45997,48.11961],[-104.46866,48.12296],[-104.47944,48.12376],[-104.4914,48.11975],[-104.50051,48.11257],[-104.5117,48.10989],[-104.52108,48.11937],[-104.52833,48.12426],[-104.54452,48.12655],[-104.55892,48.12216],[-104.56978,48.11504],[-104.58441,48.10766],[-104.59342,48.10919],[-104.58727,48.12502],[-104.59508,48.13477],[-104.60975,48.14112]]]},"properties":{"STATEFP":"30","COUNTYFP":"083","COUSUBFP":"91113","COUSUBNS":"01940610","GEOIDFQ":"0600000US3008391113","GEOID":"3008391113","NAME":"Fairview","NAMELSAD":"Fairview CCD","STUSPS":"MT","NAMELSADCO":"Richland County","STATE_NAME":"Montana","LSAD":"22","ALAND":2112642040,"AWATER":20656448}},
{"type":"Feature","geometry":{"type":"Polygon","coordinates":[[[-108.31708,45.88823],[-108.30672,45.88302],[-108.30608,45.87641],[-108.30157,45.87022],[-108.30082,45.86249],[-108.29663,45.85757],[-108.29579,45.84797],[-108.29741,45.84375],[-108.29467,45.82899],[-108.28988,45.82504],[-108.28905,45.79865],[-108.26932,45.79276],[-108.25025,45.79005],[-108.23741,45.78675],[-108.22355,45.78515],[-108.20556,45.78028],[-108.18867,45.77711],[-108.18074,45.77711],[-108.15949,45.77991],[-108.14313,45.77866],[-108.11233,45.78001],[-108.09926,45.7831],[-108.06957,45.78245],[-108.04756,45.78348],[-108.04735,45.89948],[-107.88185,45.89923],[-107.88187,45.92815],[-107.84037,45.92802],[-107.84038,45.95681],[-107.79882,45.95672],[-107.79875,45.98568],[-107.67447,45.98576],[-107.67445,46.04361],[-107.51153,46.0434],[-107.51763,46.05004],[-107.51322,46.06037],[-107.50763,46.06335],[-107.50531,46.07061],[-107.50063,46.07132],[-107.50322,46.07995],[-107.49416,46.08408],[-107.49408,46.08976],[-107.48454,46.08916],[-107.48664,46.0991],[-107.47449,46.103],[-107.47344,46.10673],[-107.47735,46.11591],[-107.48397,46.12284],[-107.47371,46.12366],[-107.467,46.13],[-107.4737,46.13221],[-107.47393,46.13706],[-107.46296,46.13991],[-107.46361,46.14406],[-107.47434,46.15084],[-107.47431,46.15518],[-107.48326,46.14958],[-107.49471,46.14921],[-107.50288,46.15212],[-107.51727,46.15069],[-107.53206,46.14293],[-107.54021,46.14121],[-107.55487,46.14352],[-107.57704,46.14294],[-107.59109,46.13882],[-107.58759,46.13048],[-107.59458,46.12517],[-107.60419,46.12592],[-107.61399,46.11493],[-107.62113,46.11091],[-107.64549,46.11088],[-107.6556,46.11342],[-107.66212,46.10991],[-107.68142,46.10309],[-107.68767,46.09701],[-107.68725,46.09113],[-107.68967,46.08244],[-107.6928,46.08082],[-107.70764,46.07979],[-107.71801,46.07541],[-107.73572,46.0768],[-107.74045,46.0739],[-107.73984,46.06858],[-107.74793,46.06236],[-107.75578,46.05978],[-107.76304,46.0606],[-107.77011,46.05581],[-107.77987,46.0586],[-107.78473,46.05708],[-107.78629,46.05196],[-107.81055,46.0373],[-107.8236,46.03735],[-107.84037,46.04169],[-107.84853,46.03702],[-107.87115,46.03043],[-107.87427,46.02633],[-107.88082,46.02556],[-107.89156,46.02735],[-107.9053,46.02553],[-107.92521,46.01224],[-107.92289,46.00829],[-107.92595,46.00379],[-107.94458,46.00441],[-107.95503,45.998],[-107.97215,45.99916],[-107.98004,45.99669],[-107.98712,45.99913],[-108.01481,45.99617],[-108.02323,45.99646],[-108.03023,45.99362],[-108.03747,45.99441],[-108.04815,46.00027],[-108.0606,46.00142],[-108.06846,45.99287],[-108.07667,45.99263],[-108.09561,45.99889],[-108.10648,45.99791],[-108.11347,45.99918],[-108.12458,45.99702],[-108.13442,45.99925],[-108.14036,45.99793],[-108.16022,46.00285],[-108.16991,45.99973],[-108.17691,45.99429],[-108.18945,45.99385],[-108.19703,45.98779],[-108.20965,45.98543],[-108.22125,45.98542],[-108.23505,45.97879],[-108.24977,45.96963],[-108.26024,45.96672],[-108.26805,45.9622],[-108.2744,45.95421],[-108.28669,45.95296],[-108.29663,45.94468],[-108.29432,45.93913],[-108.31669,45.92254],[-108.31448,45.9154],[-108.32002,45.90807],[-108.31976,45.9027],[-108.31523,45.8972],[-108.31708,45.88823]]]},"properties":{"STATEFP":"30","COUNTYFP":"111","COUSUBFP":"91806","COUSUBNS":"01940647","GEOIDFQ":"0600000US3011191806","GEOID":"3011191806","NAME":"Huntley Project","NAMELSAD":"Huntley Project CCD","STUSPS":"MT","NAMELSADCO":"Yellowstone County","STATE_NAME":"Montana","LSAD":"22","ALAND":879589049,"AWATER":12532058}},
{"type":"Feature","geometry":{"type":"Polygon","coordinates":[[[-114.81868,47.87577],[-114.80815,47.87486],[-114.79805,47.86896],[-114.78968,47.85559],[-114.7876,47.84907],[-114.78787,47.83779],[-114.79921,47.83623],[-114.80794,47.82751],[-114.81145,47.82106],[-114.81767,47.81883],[-114.82515,47.80942],[-114.82563,47.80552],[-114.83223,47.80034],[-114.83866,47.79243],[-114.83287,47.78644],[-114.82952,47.77957],[-114.83179,47.77544],[-114.8206,47.77318],[-114.81173,47.76786],[-114.80557,47.76711],[-114.79398,47.7627],[-114.77603,47.75897],[-114.76179,47.76436],[-114.75378,47.76106],[-114.74558,47.74997],[-114.74736,47.74265],[-114.74111,47.73714],[-114.73328,47.72404],[-114.73627,47.71893],[-114.71963,47.70619],[-114.72412,47.69129],[-114.73934,47.68424],[-114.74651,47.68238],[-114.76353,47.67433],[-114.76277,47.65304],[-114.75384,47.64212],[-114.7537,47.6343],[-114.75096,47.6272],[-114.75602,47.62335],[-114.76383,47.61204],[-114.76514,47.59698],[-114.76413,47.59177],[-114.76713,47.58392],[-114.76618,47.57155],[-114.77307,47.56325],[-114.77448,47.55697],[-114.77173,47.55306],[-114.77436,47.53504],[-114.77088,47.53146],[-114.78638,47.51758],[-114.7881,47.51293],[-114.77688,47.50957],[-114.76661,47.49994],[-114.76093,47.49723],[-114.76276,47.48809],[-114.74736,47.48746],[-114.73805,47.48058],[-114.7346,47.46953],[-114.73,47.46267],[-114.72481,47.44665],[-114.71623,47.44221],[-114.71258,47.43764],[-114.70562,47.434],[-114.70759,47.42777],[-114.70247,47.42104],[-114.6971,47.4183],[-114.69483,47.40098],[-114.69998,47.39838],[-114.70763,47.38872],[-114.69063,47.38271],[-114.68732,47.37512],[-114.69028,47.3621],[-114.70228,47.34916],[-114.7002,47.34062],[-114.69699,47.3383],[-114.69394,47.32931],[-114.69437,47.32462],[-114.68896,47.31538],[-114.6935,47.30887],[-114.68884,47.2982],[-114.69296,47.28749],[-114.68721,47.27434],[-114.67079,47.27192],[-114.66008,47.26888],[-114.64926,47.2698],[-114.63799,47.26681],[-114.63142,47.26846],[-114.6166,47.26245],[-114.60191,47.26045],[-114.59346,47.25709],[-114.5807,47.25679],[-114.56374,47.25461],[-114.55036,47.24965],[-114.54348,47.24014],[-114.53233,47.24039],[-114.51712,47.23011],[-114.5087,47.22732],[-114.50152,47.22724],[-114.49132,47.22021],[-114.46909,47.21934],[-114.45922,47.21513],[-114.45224,47.20814],[-114.44712,47.2104],[-114.43664,47.21125],[-114.42386,47.21009],[-114.40336,47.19684],[-114.39579,47.19625],[-114.38779,47.19316],[-114.38127,47.18805],[-114.36982,47.18854],[-114.36064,47.18712],[-114.35423,47.1892],[-114.34754,47.18286],[-114.34611,47.17624],[-114.33887,47.17246],[-114.35214,47.16904],[-114.35398,47.16059],[-114.33158,47.14625],[-114.3231,47.14531],[-114.31332,47.13716],[-114.3026,47.13627],[-114.29356,47.12921],[-114.2869,47.12605],[-114.26415,47.12107],[-114.25358,47.12101],[-114.24338,47.12756],[-114.23609,47.1343],[-114.22381,47.13237],[-114.2121,47.12771],[-114.2062,47.13083],[-114.20016,47.13719],[-114.18717,47.13819],[-114.18706,47.18189],[-114.20312,47.18191],[-114.20303,47.35575],[-114.28856,47.35588],[-114.29301,47.35913],[-114.30521,47.36252],[-114.32539,47.35644],[-114.32815,47.36014],[-114.32408,47.36506],[-114.32929,47.37355],[-114.33763,47.37699],[-114.3435,47.38331],[-114.35308,47.38985],[-114.3515,47.39564],[-114.34305,47.4078],[-114.34063,47.42288],[-114.34257,47.4364],[-114.34072,47.44055],[-114.33102,47.44581],[-114.32663,47.45186],[-114.32617,47.46714],[-114.32055,47.46901],[-114.31354,47.46741],[-114.30473,47.46211],[-114.29377,47.46242],[-114.28418,47.4685],[-114.28478,47.47849],[-114.29616,47.49477],[-114.3065,47.49718],[-114.31743,47.4953],[-114.33208,47.49499],[-114.35036,47.4967],[-114.36285,47.49102],[-114.3703,47.4811],[-114.38274,47.48169],[-114.38128,47.49094],[-114.37329,47.49805],[-114.3701,47.5084],[-114.36424,47.52082],[-114.36762,47.53358],[-114.3626,47.54116],[-114.3448,47.54672],[-114.33101,47.5548],[-114.32755,47.56251],[-114.33066,47.5675],[-114.33917,47.56936],[-114.341,47.58234],[-114.33957,47.58503],[-114.32782,47.5878],[-114.32036,47.5923],[-114.32212,47.59595],[-114.33029,47.59834],[-114.33853,47.59413],[-114.34626,47.5925],[-114.35036,47.60214],[-114.43445,47.60194],[-114.58376,47.60172],[-114.58445,47.74636],[-114.60486,47.74642],[-114.60446,47.78987],[-114.60458,47.87561],[-114.81868,47.87577]]]},"properties":{"STATEFP":"30","COUNTYFP":"089","COUSUBFP":"91134","COUSUBNS":"01940614","GEOIDFQ":"0600000US3008991134","GEOID":"3008991134","NAME":"Flathead Reservation","NAMELSAD":"Flathead Reservation CCD","STUSPS":"MT","NAMELSADCO":"Sanders County","STATE_NAME":"Montana","LSAD":"22","ALAND":1857234984,"AWATER":14721574}},
{"type":"Feature","geometry":{"type":"Polygon","coordinates":[[[-114.98694,48.22612],[-115.02008,48.22595],[-115.0197,48.13914],[-115.01009,48.13912],[-115.0101,48.10469],[-115.01068,48.09746],[-115.01067,48.01762],[-115.01068,48.00314],[-114.98943,48.00314],[-114.98934,47.87281],[-114.86112,47.8728],[-114.86112,47.87578],[-114.82885,47.87578],[-114.83791,47.88173],[-114.85145,47.88721],[-114.77583,47.88715],[-114.76118,47.88629],[-114.60149,47.88524],[-114.49211,47.8861],[-114.49219,47.96199],[-114.3681,47.96203],[-114.37164,47.96506],[-114.3768,47.9759],[-114.3829,47.98066],[-114.37419,47.98474],[-114.35956,47.98236],[-114.36595,47.99581],[-114.36117,47.99946],[-114.36592,48.00339],[-114.3669,48.0126],[-114.36256,48.01333],[-114.35702,48.01925],[-114.35167,48.03485],[-114.34712,48.03923],[-114.32928,48.04556],[-114.3241,48.05118],[-114.33319,48.05558],[-114.32956,48.07026],[-114.33217,48.07364],[-114.3322,48.08527],[-114.32973,48.08897],[-114.33043,48.09764],[-114.32645,48.10765],[-114.32703,48.11942],[-114.31704,48.12894],[-114.31988,48.13415],[-114.32716,48.14056],[-114.34181,48.1498],[-114.35223,48.14965],[-114.35797,48.14524],[-114.37223,48.13061],[-114.38835,48.12961],[-114.38861,48.13667],[-114.39284,48.14563],[-114.39143,48.15213],[-114.39292,48.1592],[-114.39706,48.16253],[-114.38864,48.16919],[-114.39745,48.17121],[-114.39525,48.18091],[-114.39547,48.18908],[-114.40994,48.18366],[-114.41958,48.17772],[-114.43339,48.16216],[-114.44089,48.15165],[-114.45826,48.13633],[-114.4601,48.13298],[-114.46229,48.11895],[-114.47436,48.10549],[-114.49166,48.09638],[-114.50517,48.09269],[-114.51661,48.09267],[-114.53024,48.09074],[-114.55373,48.098],[-114.58687,48.10454],[-114.59913,48.11358],[-114.60346,48.11464],[-114.61983,48.11383],[-114.63514,48.10274],[-114.6481,48.09893],[-114.6531,48.10252],[-114.68934,48.11253],[-114.6961,48.11577],[-114.70355,48.12205],[-114.70506,48.13011],[-114.71514,48.1419],[-114.72093,48.1549],[-114.7299,48.16322],[-114.74561,48.16475],[-114.7501,48.1631],[-114.76238,48.16919],[-114.76615,48.17341],[-114.78761,48.1763],[-114.79534,48.17523],[-114.80467,48.18019],[-114.79942,48.187],[-114.81157,48.18679],[-114.81953,48.18338],[-114.82613,48.18409],[-114.83427,48.17843],[-114.84184,48.17783],[-114.85426,48.18033],[-114.86409,48.17677],[-114.88559,48.18314],[-114.8947,48.18201],[-114.9201,48.18567],[-114.92761,48.18352],[-114.936,48.18419],[-114.94751,48.18143],[-114.95223,48.17811],[-114.98068,48.17793],[-114.98671,48.18235],[-114.98864,48.19174],[-114.99697,48.21673],[-114.98694,48.22612]]]},"properties":{"STATEFP":"30","COUNTYFP":"029","COUSUBFP":"91932","COUSUBNS":"01940653","GEOIDFQ":"0600000US3002991932","GEOID":"3002991932","NAME":"Kalispell Southwest","NAMELSAD":"Kalispell Southwest CCD","STUSPS":"MT","NAMELSADCO":"Flathead County","STATE_NAME":"Montana","LSAD":"22","ALAND":1326500575,"AWATER":24932957}},
{"type":"Feature","geometry":{"type":"Polygon","coordinates":[[[-113.82435,47.27441],[-113.83531,47.27155],[-113.84273,47.27188],[-113.84602,47.2772],[-113.8526,47.27917],[-113.85538,47.285],[-113.86496,47.28891],[-113.87077,47.28816],[-113.87437,47.2943],[-113.87336,47.29887],[-113.88274,47.30807],[-113.89794,47.30919],[-113.90063,47.31314],[-113.88661,47.31827],[-113.88698,47.32918],[-113.88184,47.33852],[-113.88501,47.34146],[-113.88904,47.35501],[-113.88602,47.36867],[-113.87588,47.37103],[-113.87518,47.37638],[-113.87075,47.38472],[-113.87111,47.39197],[-113.88595,47.40709],[-113.89134,47.41678],[-113.88924,47.42364],[-113.89083,47.43169],[-113.90071,47.44175],[-113.90368,47.44762],[-113.91359,47.44956],[-113.91969,47.45376],[-113.93241,47.4576],[-113.93303,47.4671],[-113.93929,47.47145],[-113.9447,47.47191],[-113.95117,47.47602],[-113.94289,47.47968],[-113.93942,47.48783],[-113.94247,47.49281],[-113.93042,47.50026],[-113.92656,47.49812],[-113.91422,47.50114],[-113.91153,47.51139],[-113.91467,47.51551],[-113.92767,47.52057],[-113.92368,47.53066],[-113.92334,47.53634],[-113.92969,47.53992],[-113.92219,47.54497],[-113.9195,47.54941],[-113.92411,47.5655],[-113.93173,47.57505],[-113.92801,47.59375],[-113.93029,47.5985],[-113.94589,47.59694],[-113.94874,47.59999],[-113.9624,47.60731],[-113.96048,47.61813],[-113.96722,47.62614],[-113.96633,47.63552],[-113.96376,47.63988],[-113.96654,47.65448],[-113.9655,47.6614],[-113.96046,47.66523],[-113.96713,47.67342],[-113.95854,47.68437],[-113.95248,47.68689],[-113.95139,47.70307],[-113.96493,47.70691],[-113.96625,47.71619],[-113.97087,47.72095],[-113.96681,47.73308],[-113.95784,47.73711],[-113.95492,47.74512],[-113.95884,47.75141],[-113.95302,47.75575],[-113.94469,47.75454],[-113.92551,47.7554],[-113.92177,47.7668],[-113.92878,47.77802],[-113.93287,47.78047],[-113.92787,47.78531],[-113.9223,47.79591],[-113.9235,47.80306],[-113.92091,47.80503],[-113.92526,47.81193],[-113.92774,47.82189],[-113.92709,47.83206],[-113.93491,47.83703],[-113.94941,47.83693],[-113.95456,47.8481],[-113.94766,47.85262],[-113.94968,47.86075],[-113.94224,47.87117],[-113.93417,47.87009],[-113.92563,47.8726],[-113.92379,47.88375],[-113.93075,47.88462],[-114.00087,47.88506],[-114.00536,47.88438],[-114.21217,47.88547],[-114.22325,47.88533],[-114.39887,47.88494],[-114.49211,47.8861],[-114.49215,47.87541],[-114.47745,47.8754],[-114.47729,47.78994],[-114.60446,47.78987],[-114.60486,47.74642],[-114.58445,47.74636],[-114.58376,47.60172],[-114.43445,47.60194],[-114.35036,47.60214],[-114.34626,47.5925],[-114.33853,47.59413],[-114.33029,47.59834],[-114.32212,47.59595],[-114.32036,47.5923],[-114.32782,47.5878],[-114.33957,47.58503],[-114.341,47.58234],[-114.33917,47.56936],[-114.33066,47.5675],[-114.32755,47.56251],[-114.33101,47.5548],[-114.3448,47.54672],[-114.3626,47.54116],[-114.36762,47.53358],[-114.36424,47.52082],[-114.3701,47.5084],[-114.37329,47.49805],[-114.38128,47.49094],[-114.38274,47.48169],[-114.3703,47.4811],[-114.36285,47.49102],[-114.35036,47.4967],[-114.33208,47.49499],[-114.31743,47.4953],[-114.3065,47.49718],[-114.29616,47.49477],[-114.28478,47.47849],[-114.28418,47.4685],[-114.29377,47.46242],[-114.30473,47.46211],[-114.31354,47.46741],[-114.32055,47.46901],[-114.32617,47.46714],[-114.32663,47.45186],[-114.33102,47.44581],[-114.34072,47.44055],[-114.34257,47.4364],[-114.34063,47.42288],[-114.34305,47.4078],[-114.3515,47.39564],[-114.35308,47.38985],[-114.3435,47.38331],[-114.33763,47.37699],[-114.32929,47.37355],[-114.32408,47.36506],[-114.32815,47.36014],[-114.32539,47.35644],[-114.30521,47.36252],[-114.29301,47.35913],[-114.28856,47.35588],[-114.20303,47.35575],[-114.20312,47.18191],[-114.18706,47.18189],[-114.18717,47.13819],[-114.13899,47.1381],[-114.00706,47.13815],[-113.9335,47.13829],[-113.93357,47.18172],[-113.82145,47.18171],[-113.82117,47.2687],[-113.82435,47.27441]]]},"properties":{"STATEFP":"30","COUNTYFP":"047","COUSUBFP":"91123","COUSUBNS":"01940612","GEOIDFQ":"0600000US3004791123","GEOID":"3004791123","NAME":"Flathead Reservation","NAMELSAD":"Flathead Reservation CCD","STUSPS":"MT","NAMELSADCO":"Lake County","STATE_NAME":"Montana","LSAD":"22","ALAND":2615834563,"AWATER":299367916}},
{"type":"Feature","geometry":{"type":"Polygon","coordinates":[[[-107.01917,45.35392],[-107.01969,45.35392],[-107.01916,45.45574],[-107.01871,45.55487],[-107.01629,45.6914],[-107.01505,45.76819],[-107.23616,45.76818],[-107.37515,45.76821],[-107.5959,45.76801],[-107.59177,45.76193],[-107.5915,45.74589],[-107.59681,45.74598],[-107.59653,45.72038],[-107.63787,45.72019],[-107.63807,45.68152],[-107.66805,45.68152],[-108.04387,45.68105],[-108.06958,45.68149],[-108.06975,45.51854],[-108.1932,45.51854],[-108.19319,45.48953],[-108.31624,45.4895],[-108.31637,45.46051],[-108.44523,45.46045],[-108.4453,45.46443],[-108.56401,45.46395],[-108.64532,45.46407],[-108.68222,45.43313],[-108.68573,45.39185],[-108.69962,45.34895],[-108.69943,45.32772],[-108.6964,45.32036],[-108.6993,45.31349],[-108.69962,45.21771],[-108.09805,45.22052],[-108.1098,45.21651],[-108.12218,45.21632],[-108.1259,45.21054],[-108.13645,45.20464],[-108.13137,45.19388],[-108.143,45.19409],[-108.13228,45.18188],[-108.13853,45.18204],[-108.14777,45.18511],[-108.15169,45.16948],[-108.15624,45.16825],[-108.16085,45.17267],[-108.16839,45.17082],[-108.16079,45.16181],[-108.16843,45.16147],[-108.17405,45.15822],[-108.1696,45.15087],[-108.17184,45.14471],[-108.16587,45.14295],[-108.16395,45.13799],[-108.16987,45.13275],[-108.18777,45.13173],[-108.18887,45.129],[-108.18163,45.12446],[-108.18631,45.11178],[-108.18913,45.09968],[-108.19303,45.09815],[-108.20451,45.10274],[-108.20662,45.09437],[-108.21752,45.09412],[-108.22049,45.08592],[-108.2202,45.07834],[-108.22987,45.07073],[-108.22729,45.06626],[-108.2312,45.06337],[-108.2396,45.06251],[-108.23982,45.05712],[-108.23459,45.05384],[-108.22206,45.0526],[-108.22365,45.04622],[-108.23508,45.04789],[-108.24252,45.04475],[-108.2498,45.03165],[-108.24755,45.02209],[-108.25408,45.01806],[-108.25329,45.01338],[-108.25695,45.00649],[-108.24825,45.00681],[-108.24941,44.9999],[-108.2279,45.00041],[-108.16029,45.00041],[-108.0051,45.00055],[-107.84697,45.00072],[-107.62579,45.00065],[-107.48375,45.00143],[-107.36816,45.00093],[-107.1789,45.0002],[-107.12742,44.99984],[-107.08489,44.9966],[-107.07456,44.9971],[-107.0508,44.99642],[-107.00516,44.9963],[-107.00497,45.00326],[-107.01059,45.10755],[-107.01325,45.12497],[-107.01462,45.14121],[-107.02049,45.15807],[-107.02015,45.21794],[-107.01917,45.35392]]]},"properties":{"STATEFP":"30","COUNTYFP":"003","COUSUBFP":"90756","COUSUBNS":"01940593","GEOIDFQ":"0600000US3000390756","GEOID":"3000390756","NAME":"Crow Reservation","NAMELSAD":"Crow Reservation CCD","STUSPS":"MT","NAMELSADCO":"Big Horn County","STATE_NAME":"Montana","LSAD":"22","ALAND":8311590570,"AWATER":30115593}},
{"type":"Feature","geometry":{"type":"Polygon","coordinates":[[[-106.15479,46.30446],[-106.15479,46.30425],[-106.15076,46.30684],[-106.14717,46.31408],[-106.13662,46.31261],[-106.12683,46.31907],[-106.12515,46.32206],[-106.11671,46.3222],[-106.10555,46.32639],[-106.10317,46.32922],[-106.08313,46.33184],[-106.07429,46.34408],[-106.06882,46.3453],[-106.05966,46.35224],[-106.05394,46.36032],[-106.04431,46.36004],[-106.03704,46.34968],[-106.02765,46.34903],[-106.00473,46.35049],[-105.98821,46.34538],[-105.97325,46.34418],[-105.96583,46.33289],[-105.96575,46.32334],[-105.95689,46.31668],[-105.95266,46.31055],[-105.9418,46.30455],[-105.93794,46.30499],[-105.91788,46.2953],[-105.90007,46.29154],[-105.89215,46.28083],[-105.88788,46.27814],[-105.86585,46.27757],[-105.86332,46.27662],[-105.84903,46.28402],[-105.84571,46.28937],[-105.8352,46.29056],[-105.82837,46.29393],[-105.81498,46.30646],[-105.81035,46.3144],[-105.81175,46.32003],[-105.78674,46.32757],[-105.77218,46.31992],[-105.76459,46.31083],[-105.7603,46.30302],[-105.74994,46.30404],[-105.74006,46.30015],[-105.72595,46.29806],[-105.69302,46.30003],[-105.67493,46.30674],[-105.65625,46.31101],[-105.65586,46.31746],[-105.65137,46.32353],[-105.64542,46.32628],[-105.64463,46.33999],[-105.64109,46.34181],[-105.63857,46.34907],[-105.64373,46.35336],[-105.64867,46.36312],[-105.64945,46.37128],[-105.64407,46.37626],[-105.64478,46.38445],[-105.63864,46.38963],[-105.622,46.39285],[-105.62246,46.39742],[-105.62799,46.40168],[-105.61913,46.40451],[-105.62492,46.41388],[-105.62421,46.41888],[-105.63479,46.4221],[-105.64377,46.43566],[-105.6568,46.4486],[-105.67287,46.46909],[-105.67787,46.4698],[-105.69102,46.47641],[-105.69323,46.48337],[-105.71178,46.48423],[-105.723,46.49064],[-105.72699,46.49703],[-105.73733,46.49695],[-105.73419,46.50274],[-105.73753,46.50475],[-105.7471,46.49692],[-105.74988,46.49885],[-105.76539,46.50161],[-105.77404,46.4964],[-105.78639,46.49486],[-105.79043,46.48854],[-105.80162,46.49556],[-105.80474,46.48835],[-105.8143,46.48697],[-105.81962,46.48279],[-105.83506,46.48065],[-105.83819,46.47453],[-105.85216,46.47267],[-105.84813,46.46594],[-105.85053,46.46239],[-105.86214,46.46188],[-105.8658,46.45612],[-105.87283,46.45859],[-105.8746,46.45254],[-105.8796,46.45195],[-105.88339,46.44643],[-105.89134,46.44975],[-105.90274,46.44855],[-105.90256,46.44426],[-105.89766,46.44084],[-105.91415,46.43636],[-105.9216,46.43859],[-105.94833,46.44101],[-105.95761,46.43868],[-105.96066,46.44468],[-105.9787,46.44501],[-105.98943,46.45471],[-106.00522,46.45385],[-106.01126,46.45596],[-106.0151,46.46199],[-106.03002,46.46307],[-106.03661,46.46105],[-106.03941,46.46502],[-106.04927,46.46387],[-106.06047,46.46642],[-106.07343,46.47481],[-106.0698,46.47896],[-106.08817,46.47734],[-106.09612,46.47881],[-106.08658,46.48513],[-106.09864,46.48686],[-106.10666,46.48272],[-106.1105,46.48725],[-106.12033,46.4934],[-106.12037,46.48365],[-106.15514,46.48363],[-106.15479,46.30446]]]},"properties":{"STATEFP":"30","COUNTYFP":"017","COUSUBFP":"92310","COUSUBNS":"01940671","GEOIDFQ":"0600000US3001792310","GEOID":"3001792310","NAME":"Miles City","NAMELSAD":"Miles City CCD","STUSPS":"MT","NAMELSADCO":"Custer County","STATE_NAME":"Montana","LSAD":"22","ALAND":669328367,"AWATER":10064358}},
{"type":"Feature","geometry":{"type":"Polygon","coordinates":[[[-108.88813,48.53582],[-108.8764,48.54111],[-108.87226,48.53972],[-108.86844,48.53289],[-108.86193,48.53211],[-108.86627,48.52441],[-108.85625,48.52475],[-108.85482,48.51891],[-108.86233,48.51628],[-108.8459,48.51317],[-108.84116,48.51428],[-108.83049,48.50392],[-108.821,48.50491],[-108.81643,48.49929],[-108.80002,48.50118],[-108.79551,48.50026],[-108.80319,48.49286],[-108.79064,48.48859],[-108.78381,48.49268],[-108.77881,48.48534],[-108.76952,48.48558],[-108.76176,48.48802],[-108.75333,48.49319],[-108.74117,48.48707],[-108.73802,48.49465],[-108.73063,48.49451],[-108.72481,48.49011],[-108.71358,48.48548],[-108.71302,48.4914],[-108.72097,48.49448],[-108.71159,48.49835],[-108.6919,48.49059],[-108.69635,48.48454],[-108.67471,48.47794],[-108.66188,48.48639],[-108.64718,48.48992],[-108.63306,48.48492],[-108.63247,48.47877],[-108.62794,48.47665],[-108.62573,48.46959],[-108.61646,48.47819],[-108.60616,48.47604],[-108.59696,48.48023],[-108.58869,48.47815],[-108.57344,48.47817],[-108.57096,48.48024],[-108.5521,48.47371],[-108.56299,48.46546],[-108.56049,48.45664],[-108.5496,48.45471],[-108.54506,48.45041],[-108.54655,48.44348],[-108.53914,48.43569],[-108.52665,48.44259],[-108.52217,48.43828],[-108.51157,48.44139],[-108.50762,48.43365],[-108.49527,48.43385],[-108.48533,48.42809],[-108.49312,48.4269],[-108.48995,48.4226],[-108.48245,48.4231],[-108.47572,48.42629],[-108.46913,48.42153],[-108.45733,48.42215],[-108.44865,48.41375],[-108.43897,48.41895],[-108.44672,48.42374],[-108.44258,48.42856],[-108.43364,48.42604],[-108.43371,48.43144],[-108.42581,48.43458],[-108.4287,48.44005],[-108.42493,48.44371],[-108.41119,48.44498],[-108.40485,48.44077],[-108.39327,48.43777],[-108.36821,48.44143],[-108.36521,48.43875],[-108.36773,48.43305],[-108.35912,48.42911],[-108.35425,48.43256],[-108.34629,48.4228],[-108.34619,48.56845],[-108.31901,48.56843],[-108.31912,48.74221],[-108.25938,48.74223],[-108.25938,48.75114],[-108.25937,48.91359],[-108.23636,48.91352],[-108.23636,48.99953],[-108.48806,48.99937],[-108.6761,48.99934],[-108.80807,48.99929],[-109.00071,48.99923],[-109.11221,48.99976],[-109.12789,48.98991],[-109.13186,48.98449],[-109.13139,48.97198],[-109.13791,48.97075],[-109.13787,48.91633],[-109.13541,48.91408],[-109.04576,48.91411],[-109.04606,48.82924],[-109.04588,48.74823],[-109.03306,48.74791],[-109.02598,48.73733],[-109.02878,48.73407],[-109.02163,48.72368],[-109.02206,48.7186],[-109.01046,48.72143],[-109.00266,48.71974],[-108.99621,48.71148],[-108.98129,48.70017],[-108.98196,48.69326],[-108.97858,48.68786],[-108.97855,48.65387],[-108.98005,48.64446],[-108.98011,48.61882],[-108.99194,48.60776],[-108.99654,48.58996],[-108.99666,48.57883],[-108.94706,48.57283],[-108.90866,48.56345],[-108.89907,48.54494],[-108.88521,48.5466],[-108.87995,48.54224],[-108.88813,48.53582]]]},"properties":{"STATEFP":"30","COUNTYFP":"005","COUSUBFP":"91638","COUSUBNS":"01940639","GEOIDFQ":"0600000US3000591638","GEOID":"3000591638","NAME":"Harlem","NAMELSAD":"Harlem CCD","STUSPS":"MT","NAMELSADCO":"Blaine County","STATE_NAME":"Montana","LSAD":"22","ALAND":3117705840,"AWATER":2958133}},
{"type":"Feature","geometry":{"type":"Polygon","coordinates":[[[-107.89223,46.85122],[-107.90146,46.8525],[-107.90722,46.8572],[-107.90056,46.86572],[-107.90823,46.86489],[-107.92053,46.86853],[-107.91648,46.87555],[-107.92611,46.87797],[-107.93472,46.87364],[-107.93928,46.87624],[-107.94133,46.88316],[-107.93665,46.88739],[-107.94082,46.89474],[-107.93119,46.89735],[-107.93421,46.90483],[-107.92854,46.90833],[-107.9346,46.91409],[-107.93403,46.91728],[-107.92299,46.91672],[-107.91722,46.92093],[-107.92886,46.92761],[-107.92838,46.93364],[-107.91955,46.93708],[-107.91592,46.94158],[-107.91629,46.94635],[-107.91184,46.95172],[-107.90627,46.95336],[-107.91103,46.96082],[-107.90453,46.96245],[-107.90893,46.96861],[-107.90669,46.97317],[-107.88458,46.98466],[-107.8888,46.99425],[-107.93959,46.99484],[-107.96248,46.99346],[-107.99167,47.00132],[-108.02214,47.01228],[-108.04974,47.01255],[-108.07186,47.01652],[-108.09933,47.01254],[-108.14945,47.01277],[-108.16179,47.01235],[-108.21126,47.01256],[-108.22324,47.01081],[-108.25389,47.00443],[-108.28658,47.00297],[-108.31823,47.01238],[-108.32619,47.0134],[-108.36363,47.01138],[-108.45232,47.01187],[-108.46113,47.01268],[-108.4801,47.01753],[-108.51007,47.02713],[-108.56365,47.03542],[-108.60925,47.0379],[-108.61112,46.83678],[-108.63069,46.83681],[-108.63146,46.74939],[-108.3793,46.74956],[-108.36744,46.75053],[-108.26178,46.75423],[-108.17844,46.75423],[-108.01167,46.75424],[-108.01167,46.75494],[-107.82769,46.75588],[-107.82555,46.76145],[-107.83038,46.76509],[-107.83663,46.76281],[-107.84123,46.76784],[-107.8374,46.77211],[-107.84052,46.77519],[-107.85366,46.77889],[-107.84252,46.78598],[-107.83965,46.79449],[-107.84733,46.79512],[-107.85352,46.79842],[-107.84171,46.80372],[-107.84758,46.81055],[-107.85498,46.81232],[-107.85432,46.81855],[-107.85816,46.82444],[-107.86681,46.82961],[-107.86181,46.83561],[-107.87345,46.83501],[-107.8767,46.84503],[-107.88571,46.84393],[-107.89223,46.85122]]]},"properties":{"STATEFP":"30","COUNTYFP":"069","COUSUBFP":"93969","COUSUBNS":"01940748","GEOIDFQ":"0600000US3006993969","GEOID":"3006993969","NAME":"Winnett South","NAMELSAD":"Winnett South CCD","STUSPS":"MT","NAMELSADCO":"Petroleum County","STATE_NAME":"Montana","LSAD":"22","ALAND":1595080178,"AWATER":4704653}},
{"type":"Feature","geometry":{"type":"Polygon","coordinates":[[[-113.63408,47.60003],[-113.62911,47.61018],[-113.62823,47.61778],[-113.62509,47.62202],[-113.62907,47.62695],[-113.6237,47.63615],[-113.62606,47.64766],[-113.62266,47.65866],[-113.61751,47.66186],[-113.60595,47.66318],[-113.60368,47.67208],[-113.59811,47.68315],[-113.59865,47.69746],[-113.60285,47.70205],[-113.60238,47.71115],[-113.60392,47.72144],[-113.61706,47.72367],[-113.63346,47.71934],[-113.64029,47.72122],[-113.65107,47.73182],[-113.65949,47.73531],[-113.66383,47.74489],[-113.66257,47.74854],[-113.65572,47.75066],[-113.64974,47.75585],[-113.64666,47.76483],[-113.65268,47.77381],[-113.67064,47.78315],[-113.67535,47.7934],[-113.68101,47.7946],[-113.6817,47.80515],[-113.67736,47.81179],[-113.66959,47.81232],[-113.66747,47.81893],[-113.67346,47.82657],[-113.67243,47.83284],[-113.6662,47.84065],[-113.66936,47.84279],[-113.67188,47.85485],[-113.6757,47.86028],[-113.6749,47.86581],[-113.66677,47.87054],[-113.66529,47.8829],[-113.66724,47.88954],[-113.67201,47.89635],[-113.68477,47.90169],[-113.69476,47.90869],[-113.69873,47.91675],[-113.7185,47.91673],[-113.72734,47.92397],[-113.72829,47.9342],[-113.73816,47.94517],[-113.74718,47.95295],[-113.75277,47.95118],[-113.76239,47.95179],[-113.77036,47.94766],[-113.77421,47.95045],[-113.77234,47.95797],[-113.77815,47.95906],[-113.78205,47.96457],[-113.80285,47.97565],[-113.81385,47.98318],[-113.82168,47.9787],[-113.82977,47.98108],[-113.83295,47.97641],[-113.8422,47.97824],[-113.84461,47.98629],[-113.85541,47.99611],[-113.85713,48.00141],[-113.86264,48.0073],[-113.86537,48.01414],[-113.85932,48.01922],[-113.85923,48.02552],[-113.86984,48.03446],[-113.86649,48.04145],[-113.87234,48.04284],[-113.87712,48.04164],[-113.88614,48.04771],[-113.88454,48.0519],[-113.94236,48.0516],[-114.02904,48.05165],[-114.02833,48.03734],[-114.0499,48.03734],[-114.05024,48.02299],[-114.07828,48.02315],[-114.07387,48.01408],[-114.06852,48.00737],[-114.06211,47.99395],[-114.05269,48.00066],[-114.04414,47.9966],[-114.03899,47.98754],[-114.03898,47.98237],[-114.04274,47.97151],[-114.03854,47.96255],[-114.11008,47.96254],[-114.19855,47.96227],[-114.32181,47.96223],[-114.3681,47.96203],[-114.49219,47.96199],[-114.49211,47.8861],[-114.39887,47.88494],[-114.22325,47.88533],[-114.21217,47.88547],[-114.00536,47.88438],[-114.00087,47.88506],[-113.93075,47.88462],[-113.92379,47.88375],[-113.92563,47.8726],[-113.93417,47.87009],[-113.94224,47.87117],[-113.94968,47.86075],[-113.94766,47.85262],[-113.95456,47.8481],[-113.94941,47.83693],[-113.93491,47.83703],[-113.92709,47.83206],[-113.92774,47.82189],[-113.92526,47.81193],[-113.92091,47.80503],[-113.9235,47.80306],[-113.9223,47.79591],[-113.92787,47.78531],[-113.93287,47.78047],[-113.92878,47.77802],[-113.92177,47.7668],[-113.92551,47.7554],[-113.94469,47.75454],[-113.95302,47.75575],[-113.95884,47.75141],[-113.95492,47.74512],[-113.95784,47.73711],[-113.96681,47.73308],[-113.97087,47.72095],[-113.96625,47.71619],[-113.96493,47.70691],[-113.95139,47.70307],[-113.95248,47.68689],[-113.95854,47.68437],[-113.96713,47.67342],[-113.96046,47.66523],[-113.9655,47.6614],[-113.96654,47.65448],[-113.96376,47.63988],[-113.96633,47.63552],[-113.96722,47.62614],[-113.96048,47.61813],[-113.9624,47.60731],[-113.94874,47.59999],[-113.90306,47.60024],[-113.75548,47.60025],[-113.63408,47.60003]]]},"properties":{"STATEFP":"30","COUNTYFP":"047","COUSUBFP":"94000","COUSUBNS":"01940569","GEOIDFQ":"0600000US3004794000","GEOID":"3004794000","NAME":"Woods Bay-Rollins","NAMELSAD":"Woods Bay-Rollins CCD","STUSPS":"MT","NAMELSADCO":"Lake County","STATE_NAME":"Montana","LSAD":"22","ALAND":1244463939,"AWATER":124168211}},
{"type":"Feature","geometry":{"type":"Polygon","coordinates":[[[-114.4216,46.32934],[-114.42251,46.32405],[-114.43087,46.31155],[-114.4328,46.3061],[-114.42861,46.29247],[-114.42544,46.28786],[-114.42731,46.28362],[-114.43544,46.27661],[-114.44159,46.27371],[-114.45366,46.27095],[-114.46492,46.27322],[-114.47072,46.26604],[-114.46513,46.25233],[-114.46649,46.24708],[-114.45185,46.24067],[-114.44856,46.23296],[-114.44582,46.21953],[-114.45131,46.21552],[-114.44907,46.20906],[-114.44321,46.20294],[-114.44421,46.19988],[-114.44595,46.1739],[-114.44523,46.16795],[-114.45653,46.17026],[-114.46294,46.16809],[-114.47595,46.16061],[-114.48891,46.16754],[-114.49438,46.16801],[-114.50684,46.16464],[-114.51563,46.16613],[-114.51468,46.15358],[-114.5271,46.14622],[-114.52081,46.13603],[-114.51778,46.13503],[-114.52051,46.12491],[-114.50437,46.11837],[-114.49536,46.11768],[-114.48976,46.11349],[-114.47518,46.11318],[-114.471,46.10594],[-114.46715,46.10418],[-114.46267,46.10809],[-114.45406,46.09917],[-114.44821,46.09729],[-114.43924,46.09854],[-114.42615,46.10487],[-114.41805,46.10498],[-114.40663,46.101],[-114.371,46.09635],[-114.362,46.09619],[-114.34748,46.09878],[-114.33136,46.09976],[-114.31976,46.09699],[-114.28962,46.10006],[-114.27815,46.10489],[-114.25076,46.09907],[-114.2348,46.1042],[-114.21886,46.11538],[-114.20412,46.11775],[-114.19707,46.11572],[-114.18816,46.11612],[-114.17893,46.11289],[-114.16788,46.11768],[-114.16449,46.12331],[-114.15666,46.12729],[-114.14218,46.12094],[-114.13658,46.11679],[-114.13022,46.11667],[-114.12354,46.12232],[-114.11425,46.11632],[-114.10319,46.10685],[-114.10042,46.10227],[-114.09188,46.09661],[-114.08722,46.09129],[-114.07915,46.08582],[-114.07229,46.07515],[-114.07591,46.07234],[-114.07732,46.06596],[-114.06125,46.05577],[-114.05505,46.05328],[-114.04685,46.05433],[-114.04308,46.05071],[-114.03504,46.04932],[-114.02561,46.05228],[-114.01678,46.05225],[-114.01608,46.04504],[-114.01103,46.04068],[-114.00891,46.02905],[-114.00052,46.02906],[-113.98327,46.02292],[-113.995,46.0212],[-113.99842,46.01508],[-113.99333,46.01069],[-113.99298,46.00521],[-113.99645,46.00003],[-113.99189,45.99804],[-113.98417,45.99919],[-113.97949,45.99498],[-113.97234,45.99875],[-113.96933,46.00436],[-113.96124,46.01121],[-113.95228,46.02175],[-113.94546,46.02234],[-113.94546,46.02703],[-113.93812,46.03356],[-113.93015,46.02801],[-113.92365,46.02762],[-113.92178,46.02054],[-113.9169,46.01537],[-113.90171,46.01934],[-113.89906,46.01528],[-113.89214,46.01694],[-113.89018,46.01164],[-113.89691,46.00146],[-113.89203,45.99505],[-113.88184,45.9924],[-113.89322,45.98551],[-113.88668,45.9798],[-113.87478,45.98502],[-113.85982,45.98573],[-113.85055,45.98432],[-113.84525,45.98937],[-113.83504,45.98794],[-113.83452,45.98231],[-113.82624,45.98544],[-113.83059,45.99321],[-113.82688,46.00298],[-113.81347,46.00672],[-113.81101,46.01151],[-113.79306,46.01852],[-113.7861,46.02708],[-113.7769,46.03158],[-113.80368,46.03768],[-113.80163,46.04439],[-113.8035,46.04904],[-113.79521,46.05415],[-113.79298,46.06327],[-113.78601,46.06986],[-113.78745,46.07444],[-113.77372,46.08322],[-113.77118,46.08629],[-113.767,46.10155],[-113.75707,46.10381],[-113.75325,46.1128],[-113.76423,46.12216],[-113.76829,46.13043],[-113.77721,46.1342],[-113.78036,46.14449],[-113.78574,46.14514],[-113.79525,46.15261],[-113.79003,46.16252],[-113.79168,46.17454],[-113.78553,46.17981],[-113.79972,46.18638],[-113.80244,46.19136],[-113.81297,46.18955],[-113.81805,46.19122],[-113.82378,46.20215],[-113.82289,46.20888],[-113.81767,46.21549],[-113.80034,46.21901],[-113.79679,46.22193],[-113.77508,46.2284],[-113.77771,46.23836],[-113.77365,46.24515],[-113.76377,46.24617],[-113.76118,46.25809],[-113.7482,46.2655],[-113.75053,46.27215],[-113.75594,46.27535],[-113.76678,46.27741],[-113.78579,46.28808],[-113.78517,46.29673],[-113.78037,46.3066],[-113.7758,46.31065],[-113.77196,46.3213],[-113.77827,46.32505],[-113.7855,46.3391],[-113.78609,46.35342],[-113.78203,46.35952],[-113.78605,46.37011],[-113.7961,46.37292],[-113.801,46.38517],[-113.80811,46.3879],[-113.8105,46.39471],[-113.81679,46.3971],[-113.82169,46.40324],[-113.82024,46.40727],[-113.82581,46.41008],[-113.83243,46.40873],[-113.83639,46.41452],[-113.85702,46.41918],[-113.86462,46.41747],[-113.87359,46.41954],[-113.88094,46.41652],[-113.90102,46.4202],[-113.91715,46.42728],[-113.92345,46.41866],[-113.93713,46.41188],[-113.93743,46.40637],[-113.95602,46.3947],[-113.96517,46.39739],[-113.97075,46.39638],[-113.98689,46.39866],[-113.9975,46.40679],[-114.00468,46.40664],[-114.00826,46.39975],[-114.01001,46.3911],[-114.01678,46.38861],[-114.01916,46.39361],[-114.03045,46.40217],[-114.03567,46.39972],[-114.07188,46.39981],[-114.07705,46.39912],[-114.06183,46.39282],[-114.06179,46.37798],[-114.08244,46.37797],[-114.08261,46.37065],[-114.14333,46.37058],[-114.14782,46.34995],[-114.15991,46.3493],[-114.18204,46.36053],[-114.19306,46.36231],[-114.20346,46.36577],[-114.22119,46.35962],[-114.23374,46.36064],[-114.24066,46.35547],[-114.25897,46.35391],[-114.27244,46.35653],[-114.28554,46.3574],[-114.2986,46.35637],[-114.32076,46.35768],[-114.32952,46.35686],[-114.34313,46.35855],[-114.35208,46.3566],[-114.36558,46.35804],[-114.3732,46.36063],[-114.39003,46.35948],[-114.39654,46.35709],[-114.40158,46.34951],[-114.40177,46.339],[-114.40783,46.32881],[-114.4216,46.32934]]]},"properties":{"STATEFP":"30","COUNTYFP":"081","COUSUBFP":"91575","COUSUBNS":"01940636","GEOIDFQ":"0600000US3008191575","GEOID":"3008191575","NAME":"Hamilton","NAMELSAD":"Hamilton CCD","STUSPS":"MT","NAMELSADCO":"Ravalli County","STATE_NAME":"Montana","LSAD":"22","ALAND":1794554195,"AWATER":4779698}},
{"type":"Feature","geometry":{"type":"Polygon","coordinates":[[[-115.15739,47.44781],[-115.15904,47.4434],[-115.14949,47.43293],[-115.13915,47.42939],[-115.12117,47.41998],[-115.10058,47.42763],[-115.08787,47.42714],[-115.08126,47.42251],[-115.06706,47.41708],[-115.05267,47.41673],[-115.04858,47.40939],[-115.03371,47.4144],[-115.02764,47.41443],[-115.01798,47.40894],[-115.01406,47.40068],[-115.00348,47.39775],[-114.98226,47.3968],[-114.97919,47.39539],[-114.9803,47.38725],[-114.97704,47.37845],[-114.96906,47.37405],[-114.96898,47.31263],[-114.96764,47.3126],[-114.90601,47.31248],[-114.90605,47.29797],[-114.84245,47.29794],[-114.84232,47.26885],[-114.7972,47.26892],[-114.78751,47.26838],[-114.78313,47.26385],[-114.76119,47.25993],[-114.75165,47.26381],[-114.73716,47.26276],[-114.72414,47.25944],[-114.71545,47.25419],[-114.70885,47.25469],[-114.69521,47.26871],[-114.68721,47.27434],[-114.69296,47.28749],[-114.68884,47.2982],[-114.6935,47.30887],[-114.68896,47.31538],[-114.69437,47.32462],[-114.69394,47.32931],[-114.69699,47.3383],[-114.7002,47.34062],[-114.70228,47.34916],[-114.69028,47.3621],[-114.68732,47.37512],[-114.69063,47.38271],[-114.70763,47.38872],[-114.69998,47.39838],[-114.69483,47.40098],[-114.6971,47.4183],[-114.70247,47.42104],[-114.70759,47.42777],[-114.70562,47.434],[-114.71258,47.43764],[-114.71623,47.44221],[-114.72481,47.44665],[-114.73,47.46267],[-114.7346,47.46953],[-114.73805,47.48058],[-114.74736,47.48746],[-114.76276,47.48809],[-114.76093,47.49723],[-114.76661,47.49994],[-114.77688,47.50957],[-114.7881,47.51293],[-114.78638,47.51758],[-114.77088,47.53146],[-114.77436,47.53504],[-114.77173,47.55306],[-114.77448,47.55697],[-114.77307,47.56325],[-114.76618,47.57155],[-114.76713,47.58392],[-114.76413,47.59177],[-114.76514,47.59698],[-114.76383,47.61204],[-114.75602,47.62335],[-114.75096,47.6272],[-114.7537,47.6343],[-114.75384,47.64212],[-114.76277,47.65304],[-114.76353,47.67433],[-114.74651,47.68238],[-114.73934,47.68424],[-114.72412,47.69129],[-114.71963,47.70619],[-114.73627,47.71893],[-114.73328,47.72404],[-114.74111,47.73714],[-114.74736,47.74265],[-114.74558,47.74997],[-114.75378,47.76106],[-114.76179,47.76436],[-114.77603,47.75897],[-114.79398,47.7627],[-114.80557,47.76711],[-114.81173,47.76786],[-114.8206,47.77318],[-114.83179,47.77544],[-114.82952,47.77957],[-114.83287,47.78644],[-114.83866,47.79243],[-114.83223,47.80034],[-114.82563,47.80552],[-114.82515,47.80942],[-114.81767,47.81883],[-114.81145,47.82106],[-114.80794,47.82751],[-114.79921,47.83623],[-114.78787,47.83779],[-114.7876,47.84907],[-114.78968,47.85559],[-114.79805,47.86896],[-114.80815,47.87486],[-114.81868,47.87577],[-114.82885,47.87578],[-114.86112,47.87578],[-114.86112,47.8728],[-114.98934,47.87281],[-114.98943,48.00314],[-115.01068,48.00314],[-115.01067,48.01762],[-115.15453,48.01769],[-115.15055,48.00797],[-115.15076,47.99548],[-115.13634,47.98418],[-115.13872,47.97902],[-115.1446,47.97729],[-115.14813,47.9635],[-115.1576,47.96142],[-115.16484,47.97265],[-115.17382,47.97186],[-115.17531,47.95986],[-115.1843,47.95844],[-115.18359,47.95295],[-115.17846,47.94791],[-115.17996,47.94487],[-115.18027,47.93203],[-115.18663,47.9225],[-115.18498,47.91927],[-115.20053,47.91608],[-115.20558,47.91928],[-115.21759,47.91369],[-115.22514,47.9083],[-115.2329,47.9096],[-115.24326,47.91471],[-115.24871,47.91492],[-115.25198,47.90522],[-115.26276,47.90354],[-115.26845,47.89991],[-115.26982,47.89555],[-115.28324,47.89083],[-115.28751,47.8841],[-115.28278,47.87692],[-115.27181,47.87743],[-115.25791,47.88209],[-115.25156,47.87692],[-115.25063,47.8729],[-115.25508,47.86922],[-115.25444,47.86289],[-115.25003,47.85543],[-115.25976,47.84765],[-115.25796,47.83895],[-115.26261,47.8349],[-115.26073,47.82964],[-115.2633,47.82295],[-115.25721,47.81462],[-115.27034,47.80252],[-115.28192,47.78708],[-115.27787,47.78517],[-115.28079,47.77304],[-115.28436,47.77011],[-115.28494,47.7601],[-115.29526,47.74934],[-115.28563,47.74819],[-115.28126,47.73927],[-115.27997,47.73093],[-115.28039,47.71157],[-115.27833,47.70645],[-115.26712,47.70588],[-115.26296,47.70394],[-115.25119,47.70382],[-115.24042,47.70588],[-115.22845,47.71113],[-115.2089,47.70791],[-115.20661,47.70369],[-115.20486,47.69011],[-115.19425,47.68276],[-115.18825,47.6762],[-115.19349,47.66676],[-115.19209,47.66045],[-115.17781,47.65353],[-115.1727,47.64613],[-115.17636,47.64202],[-115.17318,47.63181],[-115.17855,47.62737],[-115.18629,47.62446],[-115.18793,47.61629],[-115.19606,47.60936],[-115.2159,47.60531],[-115.23245,47.58888],[-115.2368,47.57929],[-115.2405,47.57587],[-115.2592,47.57327],[-115.26765,47.56754],[-115.26286,47.55943],[-115.25703,47.53758],[-115.24876,47.5331],[-115.24637,47.52588],[-115.239,47.5156],[-115.22804,47.50937],[-115.22937,47.5054],[-115.22542,47.49994],[-115.22561,47.49324],[-115.22236,47.48377],[-115.21263,47.47479],[-115.19608,47.46998],[-115.18395,47.46281],[-115.1708,47.4587],[-115.16146,47.45362],[-115.15412,47.45403],[-115.15739,47.44781]]]},"properties":{"STATEFP":"30","COUNTYFP":"089","COUSUBFP":"92688","COUSUBNS":"01940691","GEOIDFQ":"0600000US3008992688","GEOID":"3008992688","NAME":"Plains","NAMELSAD":"Plains CCD","STUSPS":"MT","NAMELSADCO":"Sanders County","STATE_NAME":"Montana","LSAD":"22","ALAND":2319077011,"AWATER":14142314}},
{"type":"Feature","geometry":{"type":"Polygon","coordinates":[[[-111.06196,46.19283],[-111.06,46.19907],[-111.06235,46.20286],[-111.06064,46.21032],[-111.06326,46.21717],[-111.06176,46.22074],[-111.07062,46.23238],[-111.08289,46.23462],[-111.08185,46.2422],[-111.07818,46.24826],[-111.08764,46.2524],[-111.09503,46.25754],[-111.10856,46.25907],[-111.10735,46.26407],[-111.11419,46.26529],[-111.12685,46.27311],[-111.12278,46.28636],[-111.11882,46.29489],[-111.12047,46.30648],[-111.11784,46.31733],[-111.10959,46.323],[-111.10793,46.32673],[-111.09822,46.3369],[-111.09363,46.33916],[-111.0948,46.34361],[-111.08661,46.34885],[-111.07552,46.34695],[-111.06931,46.35142],[-111.0717,46.35579],[-111.0686,46.35967],[-111.07336,46.37007],[-111.0712,46.37557],[-111.06385,46.38194],[-111.0663,46.38999],[-111.057,46.39812],[-111.05723,46.40341],[-111.06374,46.40998],[-111.07775,46.41382],[-111.07983,46.41732],[-111.08954,46.42315],[-111.09397,46.4234],[-111.09794,46.43276],[-111.11123,46.43524],[-111.12629,46.44172],[-111.11994,46.44913],[-111.12246,46.45264],[-111.1319,46.4502],[-111.14947,46.45074],[-111.17282,46.44684],[-111.17638,46.44373],[-111.17637,46.43792],[-111.18804,46.43053],[-111.20933,46.42717],[-111.22192,46.42969],[-111.22789,46.42875],[-111.23542,46.43557],[-111.24652,46.43811],[-111.25132,46.44837],[-111.24758,46.45745],[-111.25088,46.46394],[-111.25231,46.47614],[-111.25698,46.48149],[-111.25329,46.48922],[-111.25738,46.49849],[-111.2672,46.49604],[-111.27713,46.50965],[-111.27778,46.51852],[-111.29174,46.52743],[-111.31525,46.53016],[-111.32049,46.53345],[-111.33888,46.53897],[-111.34474,46.54543],[-111.34335,46.54787],[-111.32877,46.5559],[-111.32134,46.55793],[-111.32018,46.5694],[-111.33401,46.57803],[-111.33482,46.58267],[-111.3293,46.58678],[-111.32984,46.59467],[-111.33312,46.59788],[-111.33488,46.60708],[-111.3253,46.61578],[-111.32612,46.62235],[-111.33035,46.63334],[-111.34019,46.6357],[-111.35577,46.63445],[-111.36756,46.63574],[-111.36899,46.64035],[-111.37946,46.64626],[-111.39901,46.64403],[-111.41151,46.64064],[-111.41292,46.64754],[-111.40851,46.65491],[-111.41371,46.66472],[-111.41527,46.67431],[-111.42182,46.6759],[-111.42601,46.68129],[-111.44945,46.68144],[-111.44324,46.69076],[-111.44719,46.69636],[-111.44753,46.70146],[-111.46249,46.70491],[-111.44837,46.71602],[-111.45614,46.71906],[-111.46311,46.72509],[-111.45653,46.72876],[-111.4554,46.74253],[-111.46531,46.7519],[-111.48423,46.75533],[-111.49809,46.7625],[-111.50889,46.75957],[-111.52187,46.76474],[-111.53534,46.76534],[-111.54469,46.76919],[-111.56122,46.76623],[-111.56482,46.76939],[-111.56709,46.77668],[-111.57634,46.77727],[-111.58564,46.78153],[-111.59678,46.77723],[-111.60229,46.77826],[-111.60985,46.77309],[-111.61142,46.76376],[-111.61528,46.7584],[-111.62286,46.75551],[-111.62498,46.74634],[-111.63464,46.74273],[-111.6387,46.73832],[-111.63917,46.66123],[-111.6403,46.66123],[-111.64009,46.58246],[-111.63738,46.58089],[-111.6351,46.57342],[-111.63586,46.57],[-111.62915,46.56095],[-111.61231,46.54743],[-111.59699,46.54146],[-111.59019,46.53597],[-111.57694,46.5301],[-111.57335,46.52243],[-111.5742,46.51465],[-111.57124,46.50532],[-111.56787,46.50348],[-111.55937,46.49121],[-111.5498,46.48184],[-111.54691,46.47528],[-111.5424,46.47177],[-111.53837,46.46436],[-111.53812,46.45773],[-111.52683,46.42724],[-111.53029,46.41813],[-111.53175,46.40534],[-111.53105,46.38915],[-111.52529,46.38168],[-111.52102,46.37132],[-111.52539,46.35408],[-111.52299,46.35096],[-111.52591,46.33956],[-111.53606,46.33352],[-111.5379,46.32983],[-111.54078,46.31174],[-111.53814,46.30768],[-111.53011,46.30416],[-111.52168,46.28631],[-111.51059,46.28103],[-111.50288,46.27271],[-111.50234,46.26746],[-111.49594,46.26317],[-111.49994,46.25992],[-111.49866,46.2551],[-111.49343,46.25387],[-111.4897,46.24576],[-111.47652,46.24505],[-111.47167,46.2426],[-111.46964,46.23309],[-111.47959,46.2269],[-111.4878,46.21489],[-111.49333,46.20426],[-111.49188,46.1997],[-111.48556,46.1922],[-111.47976,46.18871],[-111.46476,46.18715],[-111.44902,46.17781],[-111.44095,46.16673],[-111.44319,46.15892],[-111.43994,46.1513],[-111.41457,46.14503],[-111.40832,46.13883],[-111.40042,46.13513],[-111.39467,46.12773],[-111.39706,46.12168],[-111.40392,46.11904],[-111.40905,46.12027],[-111.41469,46.12547],[-111.42226,46.1273],[-111.43126,46.12251],[-111.44221,46.11896],[-111.44094,46.11479],[-111.42897,46.10985],[-111.41126,46.10447],[-111.39852,46.10585],[-111.39404,46.10899],[-111.38408,46.10422],[-111.37863,46.1133],[-111.36792,46.11548],[-111.34937,46.12261],[-111.34942,46.1372],[-111.34666,46.1372],[-111.34665,46.18779],[-111.15954,46.18777],[-111.15954,46.19283],[-111.06196,46.19283]]]},"properties":{"STATEFP":"30","COUNTYFP":"007","COUSUBFP":"93570","COUSUBNS":"01940729","GEOIDFQ":"0600000US3000793570","GEOID":"3000793570","NAME":"Townsend East","NAMELSAD":"Townsend East CCD","STUSPS":"MT","NAMELSADCO":"Broadwater County","STATE_NAME":"Montana","LSAD":"22","ALAND":1625380193,"AWATER":60017889}},
{"type":"Feature","geometry":{"type":"Polygon","coordinates":[[[-106.19173,45.7886],[-106.10851,45.78861],[-105.7278,45.78839],[-105.6555,45.78842],[-105.31505,45.78819],[-105.06224,45.78722],[-105.04856,45.79404],[-105.05416,45.80024],[-105.0627,45.80107],[-105.06001,45.80558],[-105.04796,45.81314],[-105.03859,45.83365],[-105.03346,45.83115],[-105.02436,45.83102],[-105.01427,45.83484],[-105.01106,45.84183],[-105.02104,45.85085],[-105.01721,45.85394],[-105.00894,45.85417],[-105.00744,45.86269],[-105.00004,45.86477],[-105.00288,45.87251],[-104.9952,45.87373],[-104.99258,45.87854],[-104.98065,45.88131],[-104.98702,45.8886],[-104.98998,45.89856],[-104.99677,45.90005],[-104.99449,45.90456],[-104.98885,45.906],[-104.98976,45.92145],[-104.99306,45.92321],[-105.00367,45.92086],[-105.00977,45.92361],[-105.01157,45.92802],[-105.00841,45.93381],[-105.00196,45.93914],[-104.99559,45.95293],[-104.99708,45.96155],[-105.00244,45.97403],[-105.00745,45.97985],[-105.01652,45.98127],[-105.02617,45.9859],[-105.04104,45.9862],[-105.04904,45.99413],[-105.05056,46],[-105.04735,46.00481],[-105.03891,46.00805],[-105.03912,46.01106],[-105.04853,46.01896],[-105.05864,46.02016],[-105.059,46.0237],[-105.04901,46.02943],[-105.05968,46.03131],[-105.06207,46.04114],[-105.07193,46.03988],[-105.06713,46.04745],[-105.05695,46.05507],[-105.06661,46.06447],[-105.0753,46.06384],[-105.08136,46.06603],[-105.093,46.06565],[-105.0984,46.07198],[-105.09551,46.08463],[-105.11141,46.08894],[-105.11281,46.09794],[-105.13019,46.10266],[-105.13919,46.10371],[-105.14344,46.10801],[-105.1489,46.12272],[-105.14619,46.12657],[-105.15091,46.13156],[-105.15936,46.13553],[-105.15778,46.1424],[-105.16194,46.15283],[-105.15599,46.16505],[-105.16594,46.17589],[-105.16703,46.18641],[-105.18117,46.19141],[-105.18702,46.19973],[-105.19964,46.20508],[-105.20729,46.21387],[-105.21317,46.21692],[-105.22243,46.2251],[-105.22545,46.2309],[-105.2303,46.23256],[-105.23987,46.23159],[-105.25274,46.23343],[-105.25607,46.2392],[-105.26165,46.23923],[-105.26335,46.24439],[-105.27963,46.25947],[-105.28537,46.26942],[-105.27973,46.27537],[-105.27915,46.28275],[-105.28468,46.28993],[-105.29522,46.2925],[-105.29491,46.29884],[-105.28783,46.3015],[-105.2923,46.31001],[-105.28828,46.31445],[-105.29909,46.31938],[-105.29812,46.32462],[-105.29205,46.3303],[-105.29125,46.33623],[-105.30086,46.34642],[-105.29958,46.35494],[-105.3057,46.35602],[-105.30758,46.36034],[-105.31857,46.36872],[-105.32517,46.36778],[-105.32608,46.37393],[-105.32125,46.37645],[-105.32214,46.38374],[-105.31807,46.38765],[-105.31914,46.39984],[-105.30724,46.40044],[-105.30859,46.40823],[-105.30289,46.41772],[-105.30789,46.42861],[-105.32562,46.41976],[-105.33903,46.41783],[-105.34897,46.41815],[-105.40166,46.42896],[-105.4217,46.4263],[-105.44182,46.4268],[-105.45673,46.42881],[-105.4741,46.4288],[-105.4804,46.42705],[-105.49736,46.41731],[-105.52636,46.39553],[-105.54859,46.38677],[-105.55886,46.38464],[-105.57557,46.38396],[-105.58362,46.38525],[-105.6073,46.39439],[-105.62246,46.39742],[-105.622,46.39285],[-105.63864,46.38963],[-105.64478,46.38445],[-105.64407,46.37626],[-105.64945,46.37128],[-105.64867,46.36312],[-105.64373,46.35336],[-105.63857,46.34907],[-105.64109,46.34181],[-105.64463,46.33999],[-105.64542,46.32628],[-105.65137,46.32353],[-105.65586,46.31746],[-105.65625,46.31101],[-105.67493,46.30674],[-105.69302,46.30003],[-105.72595,46.29806],[-105.74006,46.30015],[-105.74994,46.30404],[-105.7603,46.30302],[-105.76459,46.31083],[-105.77218,46.31992],[-105.78674,46.32757],[-105.81175,46.32003],[-105.81035,46.3144],[-105.81498,46.30646],[-105.82837,46.29393],[-105.8352,46.29056],[-105.84571,46.28937],[-105.84903,46.28402],[-105.86332,46.27662],[-105.86585,46.27757],[-105.88788,46.27814],[-105.89215,46.28083],[-105.90007,46.29154],[-105.91788,46.2953],[-105.93794,46.30499],[-105.9418,46.30455],[-105.95266,46.31055],[-105.95689,46.31668],[-105.96575,46.32334],[-105.96583,46.33289],[-105.97325,46.34418],[-105.98821,46.34538],[-106.00473,46.35049],[-106.02765,46.34903],[-106.03704,46.34968],[-106.04431,46.36004],[-106.05394,46.36032],[-106.05966,46.35224],[-106.06882,46.3453],[-106.07429,46.34408],[-106.08313,46.33184],[-106.10317,46.32922],[-106.10555,46.32639],[-106.11671,46.3222],[-106.12515,46.32206],[-106.12683,46.31907],[-106.13662,46.31261],[-106.14717,46.31408],[-106.15076,46.30684],[-106.15479,46.30425],[-106.15494,46.22429],[-106.15163,46.22429],[-106.15343,46.13726],[-106.19163,46.13718],[-106.1915,45.87616],[-106.19173,45.7886]]]},"properties":{"STATEFP":"30","COUNTYFP":"017","COUSUBFP":"93160","COUSUBNS":"01940673","GEOIDFQ":"0600000US3001793160","GEOID":"3001793160","NAME":"South Custer","NAMELSAD":"South Custer CCD","STUSPS":"MT","NAMELSADCO":"Custer County","STATE_NAME":"Montana","LSAD":"22","ALAND":5131748587,"AWATER":6053458}},
{"type":"Feature","geometry":{"type":"Polygon","coordinates":[[[-112.26425,48.13135],[-112.26415,48.15664],[-112.26025,48.16342],[-112.26947,48.17502],[-112.26934,48.19932],[-112.26488,48.203],[-112.25322,48.2037],[-112.24575,48.20232],[-112.23689,48.21034],[-112.23204,48.20953],[-112.21393,48.21292],[-112.20721,48.22035],[-112.19058,48.22525],[-112.18324,48.23022],[-112.16786,48.23639],[-112.16051,48.23454],[-112.15657,48.23781],[-112.15055,48.23555],[-112.14156,48.24705],[-112.13539,48.25123],[-112.12819,48.25004],[-112.12137,48.25346],[-112.09135,48.24833],[-112.0802,48.24826],[-112.07596,48.25031],[-112.05571,48.24215],[-112.05803,48.23709],[-112.04804,48.2312],[-112.04383,48.23343],[-112.03227,48.22993],[-112.03342,48.22702],[-112.01668,48.22755],[-112.00861,48.22003],[-112.00552,48.22225],[-112.01236,48.2271],[-112.01237,48.24973],[-112.05588,48.24981],[-112.05555,48.30315],[-112.04772,48.30774],[-112.03421,48.30765],[-112.0342,48.31862],[-112.00329,48.31815],[-112.00228,48.32917],[-112.01226,48.32916],[-112.01259,48.35065],[-112.03419,48.35101],[-112.03419,48.3799],[-112.01433,48.37622],[-112.00697,48.38284],[-112.00062,48.38134],[-111.98285,48.39423],[-111.99089,48.39427],[-111.99094,48.43855],[-112.00086,48.4422],[-112.00813,48.44186],[-112.00645,48.4494],[-112.01606,48.44877],[-112.01687,48.44336],[-112.03427,48.44735],[-112.03689,48.45179],[-112.04303,48.45287],[-112.04648,48.44871],[-112.05704,48.44713],[-112.06244,48.44119],[-112.06706,48.44519],[-112.07303,48.44407],[-112.07098,48.43891],[-112.07758,48.43537],[-112.08322,48.4429],[-112.0943,48.44065],[-112.09941,48.44331],[-112.09942,48.44996],[-112.11483,48.45074],[-112.11615,48.45623],[-112.12285,48.45589],[-112.12422,48.46054],[-112.13374,48.46686],[-112.1398,48.46728],[-112.15193,48.47141],[-112.15362,48.46457],[-112.1596,48.46364],[-112.17453,48.46735],[-112.17936,48.47726],[-112.18478,48.47758],[-112.20826,48.47727],[-112.2136,48.48188],[-112.2292,48.48188],[-112.22615,48.46811],[-112.23073,48.45612],[-112.23796,48.45395],[-112.24959,48.44606],[-112.26065,48.44398],[-112.26133,48.43793],[-112.25668,48.43451],[-112.2623,48.42559],[-112.27268,48.42233],[-112.27169,48.41907],[-112.27905,48.41404],[-112.28639,48.41201],[-112.28664,48.40758],[-112.29513,48.40238],[-112.30363,48.40248],[-112.31203,48.39805],[-112.31598,48.38941],[-112.32476,48.39244],[-112.32782,48.39059],[-112.32372,48.38446],[-112.32818,48.38012],[-112.3332,48.36912],[-112.33117,48.36377],[-112.34565,48.35533],[-112.34803,48.35015],[-112.34124,48.34609],[-112.33659,48.33661],[-112.3278,48.33147],[-112.31818,48.33031],[-112.32731,48.32329],[-112.33831,48.32057],[-112.34572,48.32323],[-112.36192,48.31644],[-112.36617,48.3119],[-112.37775,48.31937],[-112.38251,48.32067],[-112.3857,48.31393],[-112.39998,48.31555],[-112.4005,48.32136],[-112.40533,48.32324],[-112.41869,48.33955],[-112.42544,48.33578],[-112.44747,48.34385],[-112.45496,48.34326],[-112.46213,48.34729],[-112.46941,48.34813],[-112.4781,48.34467],[-112.49509,48.34285],[-112.50614,48.34644],[-112.51232,48.34102],[-112.53312,48.33438],[-112.53542,48.32923],[-112.54192,48.3253],[-112.556,48.32294],[-112.56791,48.31947],[-112.5772,48.31384],[-112.58125,48.30993],[-112.59009,48.30389],[-112.59064,48.29808],[-112.59763,48.28602],[-112.60647,48.27401],[-112.60587,48.26357],[-112.60912,48.25758],[-112.62108,48.25403],[-112.63362,48.2456],[-112.66236,48.24148],[-112.67887,48.24818],[-112.68812,48.2449],[-112.69619,48.24495],[-112.71273,48.24134],[-112.71929,48.23667],[-112.73625,48.23181],[-112.74737,48.2305],[-112.75585,48.22636],[-112.75645,48.21955],[-112.76234,48.21193],[-112.76978,48.20536],[-112.77776,48.20238],[-112.78676,48.20269],[-112.79495,48.19505],[-112.80309,48.19236],[-112.80727,48.19431],[-112.81379,48.1888],[-112.81417,48.18532],[-112.82332,48.18144],[-112.83541,48.18083],[-112.84716,48.1763],[-112.85741,48.17529],[-112.87208,48.16297],[-112.87802,48.16405],[-112.88278,48.15979],[-112.9016,48.15935],[-112.90651,48.16238],[-112.92175,48.16464],[-112.92242,48.24202],[-112.9364,48.24997],[-113.03083,48.2997],[-113.04854,48.30994],[-113.0497,48.31026],[-113.34905,48.31026],[-113.348,48.30311],[-113.33376,48.29817],[-113.3298,48.29118],[-113.32258,48.28772],[-113.31104,48.28723],[-113.29797,48.28434],[-113.29281,48.27426],[-113.28848,48.26974],[-113.28958,48.26534],[-113.28112,48.26337],[-113.27496,48.25937],[-113.26761,48.25997],[-113.25825,48.25514],[-113.24979,48.25521],[-113.24157,48.24797],[-113.23678,48.24721],[-113.23426,48.23857],[-113.22768,48.23575],[-113.22801,48.22428],[-113.23661,48.21834],[-113.23762,48.21063],[-113.23292,48.19463],[-113.23459,48.19009],[-113.23072,48.182],[-113.23484,48.17481],[-113.20785,48.16438],[-113.20269,48.16904],[-113.18497,48.17147],[-113.17505,48.16928],[-113.1662,48.16546],[-113.16155,48.158],[-113.15228,48.15124],[-113.14192,48.15335],[-113.1309,48.14562],[-113.13085,48.14015],[-113.11647,48.13726],[-113.10569,48.13718],[-113.09685,48.13917],[-113.0908,48.13644],[-113.08043,48.14107],[-113.06829,48.14841],[-113.06315,48.14957],[-113.05292,48.1409],[-113.05606,48.13352],[-113.05563,48.12486],[-113.05118,48.12131],[-113.03994,48.12545],[-113.03937,48.12959],[-113.03015,48.13327],[-113.02116,48.12948],[-113.01481,48.13103],[-112.89097,48.13103],[-112.89097,48.13236],[-112.82674,48.13236],[-112.82674,48.13318],[-112.45513,48.13202],[-112.26425,48.13135]]]},"properties":{"STATEFP":"30","COUNTYFP":"073","COUSUBFP":"93675","COUSUBNS":"01940734","GEOIDFQ":"0600000US3007393675","GEOID":"3007393675","NAME":"Valier-Dupuyer","NAMELSAD":"Valier-Dupuyer CCD","STUSPS":"MT","NAMELSADCO":"Pondera County","STATE_NAME":"Montana","LSAD":"22","ALAND":1647941127,"AWATER":28241993}},
{"type":"Feature","geometry":{"type":"Polygon","coordinates":[[[-112.49856,46.34206],[-112.49062,46.3423],[-112.48566,46.33997],[-112.4735,46.34089],[-112.46461,46.32886],[-112.45408,46.32893],[-112.44952,46.3341],[-112.45192,46.34333],[-112.45136,46.35],[-112.44696,46.35183],[-112.43628,46.35106],[-112.426,46.35746],[-112.42845,46.36483],[-112.42609,46.36898],[-112.41465,46.37152],[-112.41755,46.37666],[-112.40772,46.38159],[-112.40378,46.38657],[-112.38558,46.38334],[-112.37415,46.38707],[-112.35566,46.38409],[-112.35006,46.38507],[-112.3443,46.39156],[-112.33674,46.40407],[-112.32847,46.40798],[-112.31253,46.41839],[-112.31057,46.42117],[-112.31678,46.42248],[-112.31981,46.43094],[-112.32096,46.44355],[-112.30454,46.4501],[-112.30843,46.45322],[-112.30463,46.46144],[-112.30633,46.4674],[-112.30534,46.47732],[-112.30897,46.48083],[-112.30185,46.48988],[-112.3049,46.4936],[-112.303,46.5012],[-112.30629,46.51039],[-112.30281,46.51662],[-112.29505,46.5196],[-112.29702,46.52638],[-112.29371,46.53113],[-112.30185,46.54294],[-112.30777,46.54934],[-112.30766,46.5571],[-112.31017,46.56689],[-112.3167,46.57492],[-112.30915,46.58097],[-112.30644,46.58747],[-112.29965,46.59146],[-112.3006,46.59893],[-112.2932,46.60509],[-112.29858,46.61423],[-112.30047,46.62757],[-112.31059,46.63384],[-112.30732,46.6361],[-112.30932,46.64199],[-112.31515,46.64504],[-112.32007,46.65466],[-112.32087,46.65593],[-112.41064,46.65601],[-112.41085,46.69951],[-112.5356,46.69948],[-112.53575,46.83423],[-112.66824,46.83415],[-112.66825,46.83161],[-112.72438,46.83157],[-112.72139,46.82702],[-112.72471,46.82313],[-112.72051,46.81691],[-112.72019,46.80985],[-112.71699,46.80498],[-112.71617,46.79621],[-112.72174,46.79127],[-112.72264,46.78702],[-112.73654,46.77342],[-112.74182,46.77453],[-112.7494,46.77184],[-112.75508,46.75952],[-112.75358,46.75439],[-112.75737,46.74119],[-112.77023,46.73341],[-112.78821,46.73011],[-112.79997,46.72501],[-112.80839,46.71588],[-112.81454,46.71285],[-112.8249,46.71574],[-112.83361,46.72217],[-112.84176,46.72253],[-112.85227,46.72927],[-112.86191,46.72793],[-112.86682,46.72935],[-112.88432,46.72605],[-112.8935,46.72129],[-112.90241,46.72137],[-112.92017,46.71671],[-112.92252,46.72135],[-112.93259,46.72401],[-112.93454,46.7176],[-112.94043,46.71288],[-112.95187,46.71226],[-112.95849,46.70959],[-112.97083,46.71235],[-112.97166,46.71671],[-112.98387,46.72027],[-112.9883,46.72363],[-113.00089,46.72793],[-113.0139,46.73056],[-113.03084,46.73577],[-113.0387,46.73554],[-113.03842,46.54194],[-113.03833,46.48377],[-113.03635,46.48377],[-113.03609,46.41106],[-113.03608,46.40199],[-113.0309,46.39965],[-113.00797,46.3969],[-112.9977,46.39427],[-112.98817,46.39717],[-112.97887,46.4027],[-112.97189,46.40356],[-112.96537,46.40963],[-112.96065,46.41013],[-112.95686,46.41535],[-112.95058,46.41917],[-112.9305,46.43508],[-112.91793,46.44327],[-112.90557,46.45293],[-112.89299,46.45721],[-112.87618,46.46453],[-112.86754,46.46478],[-112.85728,46.44931],[-112.85072,46.44533],[-112.84995,46.44135],[-112.83942,46.44453],[-112.79827,46.44576],[-112.77828,46.45078],[-112.76056,46.46015],[-112.74102,46.46695],[-112.72743,46.47299],[-112.72297,46.47665],[-112.71648,46.47661],[-112.7124,46.47073],[-112.71111,46.46432],[-112.71168,46.45325],[-112.69513,46.4516],[-112.68791,46.44925],[-112.67615,46.45906],[-112.67385,46.46386],[-112.6642,46.46833],[-112.65341,46.4706],[-112.64601,46.47579],[-112.64279,46.48045],[-112.63479,46.48458],[-112.61612,46.49846],[-112.6038,46.50078],[-112.59508,46.50497],[-112.58489,46.51281],[-112.57631,46.51547],[-112.57264,46.51216],[-112.57798,46.50008],[-112.57391,46.49447],[-112.56797,46.49241],[-112.57343,46.48552],[-112.57317,46.47734],[-112.56578,46.47165],[-112.56172,46.46044],[-112.56908,46.45411],[-112.57015,46.44568],[-112.57409,46.4457],[-112.5738,46.43783],[-112.55873,46.43703],[-112.55724,46.43431],[-112.54822,46.43094],[-112.54081,46.4335],[-112.53482,46.43215],[-112.53481,46.41403],[-112.5272,46.41991],[-112.52166,46.41604],[-112.51401,46.41473],[-112.51234,46.407],[-112.50649,46.4049],[-112.50581,46.40052],[-112.49716,46.39614],[-112.49554,46.38632],[-112.48922,46.3818],[-112.4928,46.3715],[-112.50432,46.36746],[-112.4988,46.36052],[-112.49935,46.35725],[-112.49329,46.35363],[-112.49812,46.34778],[-112.49856,46.34206]]]},"properties":{"STATEFP":"30","COUNTYFP":"077","COUSUBFP":"90126","COUSUBNS":"01940563","GEOIDFQ":"0600000US3007790126","GEOID":"3007790126","NAME":"Avon-Elliston","NAMELSAD":"Avon-Elliston CCD","STUSPS":"MT","NAMELSADCO":"Powell County","STATE_NAME":"Montana","LSAD":"22","ALAND":1943113820,"AWATER":1160893}},
{"type":"Feature","geometry":{"type":"Polygon","coordinates":[[[-112.77759,46.0586],[-112.78894,46.06023],[-112.82063,46.06986],[-112.82831,46.07385],[-112.84652,46.10517],[-112.85787,46.11137],[-112.89513,46.12735],[-112.89171,46.13071],[-112.89157,46.15697],[-112.91172,46.15678],[-112.92998,46.1596],[-112.94109,46.16732],[-112.95158,46.17763],[-112.95632,46.18],[-112.96402,46.19],[-112.97009,46.19413],[-112.98439,46.20061],[-112.99236,46.20243],[-112.99782,46.20644],[-113.01568,46.21301],[-113.02236,46.21877],[-113.03682,46.22333],[-113.16001,46.22328],[-113.28453,46.22278],[-113.28504,46.13579],[-113.27436,46.1358],[-113.27436,46.05933],[-113.28082,46.05722],[-113.27801,46.04527],[-113.28363,46.04241],[-113.28544,46.03811],[-113.29602,46.03126],[-113.31019,46.02527],[-113.31649,46.01889],[-113.32824,46.0155],[-113.3358,46.00538],[-113.3527,46.01026],[-113.36384,46.00755],[-113.37896,46.01859],[-113.39697,46.01392],[-113.39442,46.00713],[-113.39927,46.00047],[-113.41106,45.99968],[-113.41509,45.98981],[-113.42954,45.98553],[-113.43507,45.98619],[-113.44202,45.98099],[-113.45836,45.98406],[-113.46252,45.9745],[-113.46816,45.96812],[-113.45941,45.96216],[-113.46321,45.95619],[-113.47143,45.95321],[-113.47322,45.9484],[-113.48017,45.93968],[-113.49084,45.94539],[-113.49984,45.94844],[-113.50853,45.94446],[-113.51408,45.94514],[-113.51741,45.94009],[-113.51614,45.93881],[-113.50129,45.94081],[-113.49553,45.93618],[-113.4888,45.92165],[-113.48668,45.91395],[-113.47721,45.90308],[-113.47079,45.89779],[-113.46721,45.89029],[-113.46801,45.88597],[-113.45667,45.87566],[-113.45967,45.8715],[-113.45436,45.86847],[-113.45127,45.86318],[-113.4413,45.85552],[-113.43816,45.84486],[-113.4402,45.83944],[-113.43342,45.83577],[-113.42941,45.83063],[-113.42749,45.81424],[-113.43509,45.80705],[-113.43074,45.80043],[-113.42014,45.78832],[-113.40857,45.78291],[-113.39721,45.76826],[-113.37699,45.75962],[-113.36389,45.75838],[-113.36143,45.7616],[-113.36443,45.77104],[-113.35336,45.78428],[-113.35273,45.79422],[-113.34727,45.8046],[-113.34124,45.80668],[-113.33591,45.81324],[-113.32334,45.81089],[-113.32126,45.80799],[-113.3083,45.80639],[-113.29817,45.81861],[-113.29201,45.82134],[-113.28681,45.81693],[-113.27542,45.81797],[-113.2632,45.82691],[-113.25954,45.83301],[-113.24998,45.83961],[-113.25505,45.84558],[-113.24959,45.85149],[-113.23884,45.85339],[-113.23259,45.85945],[-113.22884,45.86646],[-113.22245,45.87107],[-113.20856,45.87638],[-113.19694,45.87456],[-113.18905,45.87773],[-113.17979,45.88501],[-113.16758,45.8842],[-113.15815,45.88526],[-113.14005,45.88216],[-113.12863,45.88337],[-113.10027,45.88172],[-113.09699,45.87755],[-113.08755,45.87203],[-113.08552,45.86065],[-113.07551,45.86514],[-113.06078,45.86972],[-113.05275,45.86705],[-113.04574,45.86886],[-113.03516,45.86826],[-113.02408,45.87139],[-113.01966,45.87865],[-113.01356,45.88392],[-112.99642,45.8919],[-112.99009,45.89016],[-112.98354,45.89249],[-112.98228,45.89712],[-112.96525,45.90554],[-112.96805,45.90909],[-112.96551,45.91821],[-112.96021,45.92259],[-112.95,45.92459],[-112.94165,45.92365],[-112.92866,45.92707],[-112.92726,45.933],[-112.92322,45.93477],[-112.92533,45.94247],[-112.92853,45.94534],[-112.93255,45.95499],[-112.93203,45.96302],[-112.9384,45.96841],[-112.93573,45.97228],[-112.93843,45.97651],[-112.93707,45.98135],[-112.94172,45.98717],[-112.93873,45.99337],[-112.92736,45.99833],[-112.92197,46.00428],[-112.90161,45.99957],[-112.88942,46.00113],[-112.88402,45.99812],[-112.86812,46.01033],[-112.87122,46.01653],[-112.86865,46.01877],[-112.8701,46.02822],[-112.86342,46.03689],[-112.8584,46.03785],[-112.85276,46.04843],[-112.77772,46.04831],[-112.77759,46.0586]]]},"properties":{"STATEFP":"30","COUNTYFP":"023","COUSUBFP":"90063","COUSUBNS":"01940560","GEOIDFQ":"0600000US3002390063","GEOID":"3002390063","NAME":"Anaconda","NAMELSAD":"Anaconda CCD","STUSPS":"MT","NAMELSADCO":"Deer Lodge County","STATE_NAME":"Montana","LSAD":"22","ALAND":1438851260,"AWATER":9445747}},
{"type":"Feature","geometry":{"type":"Polygon","coordinates":[[[-108.36102,47.91393],[-108.36115,47.91453],[-108.34679,48],[-108.33872,48.04556],[-108.32853,48.10793],[-108.32409,48.13138],[-108.30902,48.22042],[-108.28854,48.34003],[-108.28838,48.34353],[-108.28097,48.38642],[-108.29732,48.39532],[-108.29074,48.40051],[-108.29826,48.40635],[-108.31007,48.41181],[-108.31492,48.41662],[-108.3258,48.41642],[-108.32795,48.42839],[-108.34629,48.4228],[-108.35425,48.43256],[-108.35912,48.42911],[-108.36773,48.43305],[-108.36521,48.43875],[-108.36821,48.44143],[-108.39327,48.43777],[-108.40485,48.44077],[-108.41119,48.44498],[-108.41123,48.31547],[-108.41136,48.21955],[-108.43385,48.21955],[-108.4339,48.06556],[-108.43398,47.97655],[-108.45265,47.97654],[-108.50133,47.93041],[-108.49252,47.92827],[-108.48268,47.92149],[-108.48764,47.91856],[-108.48316,47.91259],[-108.47473,47.90939],[-108.46829,47.90126],[-108.4618,47.89898],[-108.45615,47.89398],[-108.44375,47.8964],[-108.4252,47.89091],[-108.40319,47.88753],[-108.40139,47.88407],[-108.39216,47.88305],[-108.38518,47.88616],[-108.38007,47.88392],[-108.36511,47.88841],[-108.36102,47.91393]]]},"properties":{"STATEFP":"30","COUNTYFP":"071","COUSUBFP":"91186","COUSUBNS":"01940567","GEOIDFQ":"0600000US3007191186","GEOID":"3007191186","NAME":"Fort Belknap Reservation","NAMELSAD":"Fort Belknap Reservation CCD","STUSPS":"MT","NAMELSADCO":"Phillips County","STATE_NAME":"Montana","LSAD":"22","ALAND":490700102,"AWATER":4433274}},
{"type":"Feature","geometry":{"type":"Polygon","coordinates":[[[-111.92145,45.44676],[-111.93569,45.4524],[-111.9429,45.45882],[-111.94495,45.46523],[-111.94617,45.48391],[-111.95542,45.48976],[-111.95644,45.49993],[-111.96078,45.5068],[-111.98156,45.52395],[-112.00082,45.53241],[-112.01267,45.53392],[-112.01743,45.54302],[-112.03905,45.5546],[-112.04573,45.56536],[-112.05665,45.56776],[-112.0607,45.56419],[-112.07223,45.5681],[-112.07699,45.55994],[-112.09661,45.55409],[-112.10168,45.54626],[-112.10158,45.54017],[-112.10556,45.53315],[-112.11518,45.52437],[-112.12675,45.52116],[-112.13461,45.51656],[-112.14514,45.51868],[-112.15033,45.51586],[-112.15682,45.50871],[-112.16618,45.50223],[-112.18449,45.49462],[-112.19463,45.48783],[-112.22541,45.48779],[-112.21966,45.48131],[-112.24909,45.4842],[-112.27679,45.48421],[-112.27491,45.48065],[-112.28744,45.48053],[-112.29816,45.47458],[-112.30696,45.46533],[-112.31084,45.45664],[-112.33811,45.4383],[-112.36759,45.42309],[-112.38895,45.40808],[-112.41242,45.40804],[-112.42213,45.39723],[-112.4319,45.39107],[-112.4438,45.3789],[-112.45519,45.37912],[-112.46439,45.37245],[-112.46464,45.34991],[-112.45806,45.34991],[-112.45776,45.33475],[-112.44899,45.33452],[-112.44665,45.32572],[-112.42208,45.31582],[-112.38857,45.31066],[-112.33535,45.30959],[-112.32302,45.30276],[-112.32027,45.29889],[-112.31043,45.29398],[-112.29628,45.27476],[-112.28948,45.27035],[-112.2661,45.27085],[-112.25942,45.26372],[-112.25248,45.26828],[-112.24401,45.25889],[-112.23218,45.25343],[-112.22788,45.24935],[-112.21287,45.24336],[-112.20386,45.24212],[-112.19253,45.23609],[-112.18198,45.23328],[-112.17512,45.22877],[-112.14979,45.22747],[-112.14133,45.22497],[-112.13452,45.22079],[-112.12445,45.21988],[-112.1237,45.22566],[-112.117,45.23383],[-112.11167,45.23698],[-112.10341,45.24994],[-112.10301,45.2572],[-112.08932,45.26712],[-112.08004,45.2726],[-112.07357,45.28091],[-112.07405,45.29315],[-112.07845,45.29667],[-112.0787,45.30434],[-112.08303,45.31073],[-112.08369,45.32002],[-112.06248,45.32022],[-112.04402,45.31907],[-112.01954,45.32609],[-112.01126,45.3265],[-112.00193,45.32485],[-111.99146,45.33022],[-111.97607,45.33443],[-111.95916,45.34535],[-111.95007,45.35272],[-111.9408,45.35463],[-111.93463,45.3597],[-111.9244,45.35982],[-111.91544,45.37036],[-111.91113,45.37105],[-111.88758,45.39089],[-111.88786,45.39424],[-111.88372,45.39755],[-111.87618,45.40807],[-111.87111,45.41341],[-111.87093,45.41775],[-111.86467,45.4266],[-111.87317,45.42672],[-111.88864,45.43138],[-111.89555,45.44205],[-111.92145,45.44676]]]},"properties":{"STATEFP":"30","COUNTYFP":"057","COUSUBFP":"93045","COUSUBNS":"01940705","GEOIDFQ":"0600000US3005793045","GEOID":"3005793045","NAME":"Sheridan","NAMELSAD":"Sheridan CCD","STUSPS":"MT","NAMELSADCO":"Madison County","STATE_NAME":"Montana","LSAD":"22","ALAND":923359719,"AWATER":1514690}},
{"type":"Feature","geometry":{"type":"Polygon","coordinates":[[[-111.04506,45.0739],[-111.04507,45.00093],[-110.9901,45.00079],[-110.79012,45.00088],[-110.70448,44.99217],[-110.57702,44.99249],[-110.48808,44.99287],[-110.44574,44.99368],[-110.40712,44.9995],[-110.3252,44.99968],[-110.28477,44.99736],[-110.22155,44.99676],[-110.18322,44.99695],[-110.10578,45.00353],[-110.00151,45.00341],[-110.00199,45.0274],[-109.99765,45.0309],[-110.00464,45.03831],[-110.00038,45.04463],[-110.0112,45.05313],[-110.01583,45.05112],[-110.03387,45.05246],[-110.03871,45.0447],[-110.04832,45.04187],[-110.05317,45.03683],[-110.06611,45.0338],[-110.07628,45.02955],[-110.09298,45.03153],[-110.09841,45.02856],[-110.10548,45.02816],[-110.18049,45.02776],[-110.20678,45.02957],[-110.2279,45.02978],[-110.47632,45.02678],[-110.49659,45.02777],[-110.4922,45.03167],[-110.55836,45.03],[-110.57546,45.03013],[-110.62627,45.02929],[-110.67754,45.02971],[-110.70948,45.02955],[-110.71219,45.03346],[-110.72411,45.03749],[-110.73299,45.04403],[-110.74401,45.0449],[-110.76014,45.0546],[-110.76427,45.06065],[-110.77194,45.06713],[-110.78207,45.06301],[-110.79539,45.06035],[-110.8049,45.0549],[-110.81933,45.05594],[-110.82755,45.05329],[-110.83248,45.0464],[-110.83689,45.04562],[-110.84006,45.03148],[-110.84197,45.02965],[-110.91028,45.03007],[-110.91432,45.03453],[-110.91093,45.04132],[-110.91813,45.04722],[-110.92631,45.04962],[-110.93069,45.04852],[-110.93653,45.05504],[-110.92889,45.06729],[-110.93615,45.06506],[-110.94148,45.06904],[-110.94084,45.0727],[-110.9489,45.07335],[-110.95896,45.07642],[-110.9644,45.08325],[-110.97251,45.08108],[-110.97705,45.08302],[-110.98257,45.09166],[-110.99107,45.09257],[-110.99878,45.09666],[-111.01009,45.09821],[-111.0178,45.09169],[-111.0203,45.08125],[-111.02934,45.08076],[-111.04506,45.0739]]]},"properties":{"STATEFP":"30","COUNTYFP":"067","COUSUBFP":"94019","COUSUBNS":"02628701","GEOIDFQ":"0600000US3006794019","GEOID":"3006794019","NAME":"Yellowstone National Park","NAMELSAD":"Yellowstone National Park CCD","STUSPS":"MT","NAMELSADCO":"Park County","STATE_NAME":"Montana","LSAD":"22","ALAND":376074870,"AWATER":1307247}},
{"type":"Feature","geometry":{"type":"Polygon","coordinates":[[[-111.78795,46.56947],[-111.76653,46.56923],[-111.72482,46.56973],[-111.7037,46.5695],[-111.63586,46.57],[-111.63608,46.5719],[-111.66768,46.59342],[-111.67418,46.59855],[-111.69527,46.62689],[-111.71913,46.64333],[-111.72733,46.64799],[-111.74327,46.66087],[-111.7492,46.66135],[-111.75431,46.65762],[-111.76257,46.65567],[-111.78658,46.65952],[-111.8007,46.66362],[-111.81949,46.67282],[-111.82222,46.68223],[-111.81194,46.69404],[-111.80159,46.69852],[-111.80956,46.70824],[-111.80213,46.71812],[-111.80478,46.72229],[-111.81652,46.72366],[-111.8359,46.72033],[-111.84623,46.72044],[-111.86134,46.72484],[-111.87689,46.73371],[-111.88109,46.7432],[-111.88945,46.73636],[-111.89078,46.73028],[-111.88539,46.72894],[-111.8787,46.71825],[-111.88331,46.71105],[-111.89904,46.70555],[-111.91779,46.70866],[-111.95201,46.70816],[-111.96022,46.70442],[-112.01176,46.70443],[-112.06372,46.70422],[-112.08372,46.70708],[-112.10584,46.70347],[-112.1174,46.70997],[-112.12509,46.71249],[-112.13648,46.71954],[-112.14224,46.7161],[-112.15225,46.71617],[-112.17069,46.70693],[-112.1708,46.70131],[-112.17701,46.69846],[-112.17604,46.69385],[-112.16822,46.68272],[-112.15865,46.67132],[-112.15156,46.66606],[-112.17082,46.66394],[-112.19219,46.65831],[-112.20763,46.64855],[-112.22897,46.64247],[-112.24823,46.64045],[-112.2589,46.64123],[-112.2721,46.64519],[-112.27938,46.64515],[-112.28782,46.64243],[-112.30998,46.65138],[-112.31013,46.655],[-112.32007,46.65466],[-112.31515,46.64504],[-112.30932,46.64199],[-112.30732,46.6361],[-112.31059,46.63384],[-112.30047,46.62757],[-112.29858,46.61423],[-112.2932,46.60509],[-112.3006,46.59893],[-112.29965,46.59146],[-112.30644,46.58747],[-112.30915,46.58097],[-112.3167,46.57492],[-112.31017,46.56689],[-112.30766,46.5571],[-112.30777,46.54934],[-112.30185,46.54294],[-112.29371,46.53113],[-112.29702,46.52638],[-112.29505,46.5196],[-112.30281,46.51662],[-112.30629,46.51039],[-112.303,46.5012],[-112.3049,46.4936],[-112.30185,46.48988],[-112.30897,46.48083],[-112.30534,46.47732],[-112.30633,46.4674],[-112.30463,46.46144],[-112.30843,46.45322],[-112.30454,46.4501],[-112.32096,46.44355],[-112.31981,46.43094],[-112.31678,46.42248],[-112.31057,46.42117],[-112.30331,46.42015],[-112.29595,46.42214],[-112.28703,46.42188],[-112.27003,46.41496],[-112.25149,46.42342],[-112.24267,46.4225],[-112.22022,46.43617],[-112.21525,46.45042],[-112.2081,46.44866],[-112.19866,46.45187],[-112.1871,46.45086],[-112.17623,46.45634],[-112.17585,46.45995],[-112.17974,46.47097],[-112.18705,46.47673],[-112.19663,46.47698],[-112.20319,46.4799],[-112.20059,46.48572],[-112.20576,46.49975],[-112.1838,46.50111],[-112.17741,46.50544],[-112.15336,46.51117],[-112.14256,46.51836],[-112.13193,46.52009],[-112.12084,46.51473],[-112.11146,46.516],[-112.08484,46.51673],[-112.07382,46.52078],[-112.07104,46.52398],[-112.06323,46.52372],[-112.05732,46.52945],[-112.04405,46.53384],[-112.03361,46.54313],[-112.02982,46.55086],[-112.02941,46.55782],[-112.03353,46.565],[-112.02923,46.56881],[-111.98837,46.5692],[-111.9154,46.56942],[-111.78795,46.56947]]]},"properties":{"STATEFP":"30","COUNTYFP":"049","COUSUBFP":"91722","COUSUBNS":"01940643","GEOIDFQ":"0600000US3004991722","GEOID":"3004991722","NAME":"Helena","NAMELSAD":"Helena CCD","STUSPS":"MT","NAMELSADCO":"Lewis and Clark County","STATE_NAME":"Montana","LSAD":"22","ALAND":796226731,"AWATER":29422161}},
{"type":"Feature","geometry":{"type":"Polygon","coordinates":[[[-112.36503,47.54782],[-112.34417,47.55104],[-112.3431,47.5392],[-112.33381,47.54145],[-112.33065,47.54483],[-112.31961,47.54305],[-112.31716,47.53841],[-112.31139,47.53539],[-112.30893,47.52819],[-112.29278,47.52238],[-112.29031,47.51718],[-112.28267,47.51309],[-112.28256,47.50739],[-112.278,47.50562],[-112.27002,47.50814],[-112.25021,47.5101],[-112.23811,47.50586],[-112.23157,47.50888],[-112.21832,47.50875],[-112.21383,47.50385],[-112.20559,47.50232],[-112.19972,47.50676],[-112.18689,47.50883],[-112.17722,47.51366],[-112.17127,47.50945],[-112.16014,47.50942],[-112.14666,47.51672],[-112.12994,47.51153],[-112.12198,47.5118],[-112.12083,47.50804],[-112.1125,47.5088],[-112.10045,47.51226],[-112.09555,47.51109],[-112.08924,47.51487],[-112.08134,47.51628],[-112.0736,47.51192],[-112.06336,47.51694],[-112.05615,47.51466],[-112.04778,47.51603],[-112.02732,47.51802],[-112.01896,47.51445],[-112.00966,47.51266],[-111.99944,47.50729],[-111.9955,47.51113],[-111.98883,47.50738],[-111.97615,47.5074],[-111.97063,47.51133],[-111.96224,47.50409],[-111.95478,47.5072],[-111.9386,47.50572],[-111.92921,47.50051],[-111.92279,47.50506],[-111.92219,47.52407],[-111.92279,47.59682],[-111.92257,47.61126],[-111.85928,47.61076],[-111.79511,47.61112],[-111.79505,47.71228],[-111.78497,47.7125],[-111.78498,47.7206],[-111.79941,47.72132],[-111.82009,47.71516],[-111.83481,47.70507],[-111.85662,47.70068],[-111.87695,47.69495],[-111.8981,47.69394],[-111.93708,47.69142],[-111.95627,47.69897],[-112.00904,47.70961],[-112.01631,47.71161],[-112.07889,47.72457],[-112.10101,47.73116],[-112.10609,47.73427],[-112.11521,47.73468],[-112.12835,47.73839],[-112.14173,47.74865],[-112.1516,47.76316],[-112.17839,47.76287],[-112.18172,47.76646],[-112.20731,47.76655],[-112.22293,47.74727],[-112.23212,47.7305],[-112.23132,47.72178],[-112.22611,47.71784],[-112.22818,47.70015],[-112.22798,47.68865],[-112.26215,47.65765],[-112.26572,47.65113],[-112.26091,47.64342],[-112.25985,47.63619],[-112.26193,47.63241],[-112.30211,47.60686],[-112.34461,47.57715],[-112.34625,47.56568],[-112.36329,47.55335],[-112.36503,47.54782]]]},"properties":{"STATEFP":"30","COUNTYFP":"099","COUSUBFP":"91092","COUSUBNS":"01940609","GEOIDFQ":"0600000US3009991092","GEOID":"3009991092","NAME":"Fairfield","NAMELSAD":"Fairfield CCD","STUSPS":"MT","NAMELSADCO":"Teton County","STATE_NAME":"Montana","LSAD":"22","ALAND":738772542,"AWATER":19651638}},
{"type":"Feature","geometry":{"type":"Polygon","coordinates":[[[-110.63197,48.21973],[-110.62554,48.21973],[-110.62541,48.30648],[-110.43215,48.30657],[-110.43247,48.39169],[-110.43251,48.55623],[-110.44332,48.55674],[-110.44457,48.56846],[-110.44594,48.91422],[-110.43736,48.91423],[-110.42252,48.9211],[-110.41994,48.92453],[-110.40473,48.93497],[-110.39642,48.9387],[-110.38596,48.94745],[-110.38813,48.9532],[-110.38364,48.95687],[-110.38754,48.95863],[-110.39091,48.96647],[-110.40116,48.96467],[-110.41501,48.97229],[-110.42342,48.97459],[-110.42314,48.98219],[-110.42957,48.98003],[-110.42998,48.98988],[-110.44318,48.98723],[-110.45181,48.99231],[-110.45971,48.99082],[-110.46592,48.986],[-110.4732,48.98412],[-110.48461,48.98846],[-110.49043,48.98653],[-110.5063,48.99372],[-110.51783,48.99101],[-110.52574,48.99747],[-110.53868,48.99508],[-110.54332,48.99851],[-110.59246,48.99901],[-110.74306,48.99856],[-110.74246,48.95026],[-110.7427,48.91409],[-110.75059,48.91409],[-110.75011,48.56652],[-110.75618,48.56649],[-110.7562,48.55314],[-110.7558,48.23616],[-110.75587,48.2196],[-110.63197,48.21973]]]},"properties":{"STATEFP":"30","COUNTYFP":"041","COUSUBFP":"92919","COUSUBNS":"01940700","GEOIDFQ":"0600000US3004192919","GEOID":"3004192919","NAME":"Rudyard","NAMELSAD":"Rudyard CCD","STUSPS":"MT","NAMELSADCO":"Hill County","STATE_NAME":"Montana","LSAD":"22","ALAND":1870290439,"AWATER":3453159}},
{"type":"Feature","geometry":{"type":"Polygon","coordinates":[[[-114.24628,48.14832],[-114.2466,48.14627],[-114.27688,48.14631],[-114.27691,48.13909],[-114.29481,48.13968],[-114.30159,48.13704],[-114.30118,48.12951],[-114.31704,48.12894],[-114.32703,48.11942],[-114.32645,48.10765],[-114.33043,48.09764],[-114.32973,48.08897],[-114.3322,48.08527],[-114.33217,48.07364],[-114.32956,48.07026],[-114.33319,48.05558],[-114.3241,48.05118],[-114.32928,48.04556],[-114.34712,48.03923],[-114.35167,48.03485],[-114.35702,48.01925],[-114.36256,48.01333],[-114.3669,48.0126],[-114.36592,48.00339],[-114.36117,47.99946],[-114.36595,47.99581],[-114.35956,47.98236],[-114.37419,47.98474],[-114.3829,47.98066],[-114.3768,47.9759],[-114.37164,47.96506],[-114.3681,47.96203],[-114.32181,47.96223],[-114.19855,47.96227],[-114.11008,47.96254],[-114.11827,48.03672],[-114.13201,48.05417],[-114.12326,48.06795],[-114.11909,48.07888],[-114.11154,48.08637],[-114.11532,48.09402],[-114.11451,48.10392],[-114.12177,48.10566],[-114.1215,48.11509],[-114.14017,48.12083],[-114.14622,48.12496],[-114.14798,48.12988],[-114.14766,48.14151],[-114.14573,48.14822],[-114.14002,48.15489],[-114.14288,48.16186],[-114.15275,48.16263],[-114.16352,48.15394],[-114.16496,48.16554],[-114.17223,48.16632],[-114.17053,48.15758],[-114.18168,48.15285],[-114.18897,48.15286],[-114.19619,48.15676],[-114.19865,48.1646],[-114.21633,48.16836],[-114.2147,48.15868],[-114.22626,48.15594],[-114.24628,48.14832]]]},"properties":{"STATEFP":"30","COUNTYFP":"029","COUSUBFP":"91964","COUSUBNS":"01940664","GEOIDFQ":"0600000US3002991964","GEOID":"3002991964","NAME":"Lakeside-Somers","NAMELSAD":"Lakeside-Somers CCD","STUSPS":"MT","NAMELSADCO":"Flathead County","STATE_NAME":"Montana","LSAD":"22","ALAND":245628761,"AWATER":97399119}},
{"type":"Feature","geometry":{"type":"Polygon","coordinates":[[[-114.02129,48.23308],[-114.03317,48.24996],[-114.03885,48.24959],[-114.04671,48.25663],[-114.06337,48.26382],[-114.0623,48.26875],[-114.07388,48.26985],[-114.07904,48.28445],[-114.07562,48.29004],[-114.07954,48.29545],[-114.08016,48.30872],[-114.08477,48.31812],[-114.09891,48.33085],[-114.09886,48.34605],[-114.09351,48.35078],[-114.09176,48.36231],[-114.08723,48.36602],[-114.06658,48.36951],[-114.05995,48.37396],[-114.07896,48.38445],[-114.09073,48.38856],[-114.09726,48.38901],[-114.10518,48.38587],[-114.13174,48.38507],[-114.1462,48.38897],[-114.15179,48.38801],[-114.16634,48.38052],[-114.16798,48.37591],[-114.16624,48.36919],[-114.17136,48.36424],[-114.18193,48.36315],[-114.18751,48.36007],[-114.20542,48.35743],[-114.21936,48.35078],[-114.22135,48.33921],[-114.21468,48.3356],[-114.20808,48.32201],[-114.20742,48.31254],[-114.20909,48.30418],[-114.22093,48.29763],[-114.21919,48.28379],[-114.21124,48.27831],[-114.21026,48.2746],[-114.22179,48.2616],[-114.2198,48.25601],[-114.2266,48.25193],[-114.22603,48.24735],[-114.23412,48.24011],[-114.22736,48.23004],[-114.23619,48.22868],[-114.24174,48.22126],[-114.23321,48.21777],[-114.21485,48.21755],[-114.20549,48.21941],[-114.18979,48.22573],[-114.0862,48.22547],[-114.08021,48.21639],[-114.07241,48.19896],[-114.05478,48.20195],[-114.04564,48.2066],[-114.03229,48.21051],[-114.02091,48.21662],[-114.02259,48.22412],[-114.02129,48.23308]]]},"properties":{"STATEFP":"30","COUNTYFP":"029","COUSUBFP":"90147","COUSUBNS":"01940564","GEOIDFQ":"0600000US3002990147","GEOID":"3002990147","NAME":"Bad Rock-Columbia Heights","NAMELSAD":"Bad Rock-Columbia Heights CCD","STUSPS":"MT","NAMELSADCO":"Flathead County","STATE_NAME":"Montana","LSAD":"22","ALAND":190827858,"AWATER":5711667}},
{"type":"Feature","geometry":{"type":"Polygon","coordinates":[[[-104.88549,46.1366],[-104.58499,46.13602],[-104.51613,46.1362],[-104.51611,46.09826],[-104.49524,46.09821],[-104.49529,46.12719],[-104.48978,46.13609],[-104.49006,46.23601],[-104.47597,46.24053],[-104.47382,46.24262],[-104.47966,46.25171],[-104.48732,46.25947],[-104.48918,46.26683],[-104.48853,46.27453],[-104.49024,46.28197],[-104.49036,46.31017],[-104.50816,46.31018],[-104.51116,46.31307],[-104.51131,46.33908],[-104.42773,46.33915],[-104.42789,46.39662],[-104.42611,46.4051],[-104.41078,46.398],[-104.38625,46.39016],[-104.38391,46.39731],[-104.38431,46.42586],[-104.32488,46.42619],[-104.31938,46.4325],[-104.31963,46.43707],[-104.33127,46.45081],[-104.33333,46.45893],[-104.35439,46.48395],[-104.36747,46.49044],[-104.375,46.49899],[-104.38222,46.50397],[-104.39778,46.52515],[-104.40271,46.5453],[-104.41364,46.56314],[-104.42153,46.56807],[-104.43099,46.57147],[-104.436,46.57771],[-104.43513,46.58449],[-104.44205,46.58854],[-104.44884,46.59685],[-104.45449,46.60877],[-104.45867,46.61155],[-104.47114,46.61557],[-104.47915,46.62261],[-104.48393,46.6309],[-104.49067,46.63664],[-104.49555,46.64841],[-104.50887,46.66201],[-104.52315,46.67032],[-104.54275,46.67047],[-104.55113,46.66961],[-104.56831,46.67049],[-104.60687,46.67038],[-104.60683,46.65597],[-104.73284,46.65626],[-104.73306,46.6127],[-104.73267,46.4822],[-104.90599,46.48225],[-104.90587,46.48082],[-104.90531,46.31333],[-104.88558,46.31335],[-104.88549,46.1366]]]},"properties":{"STATEFP":"30","COUNTYFP":"025","COUSUBFP":"92730","COUSUBNS":"01940693","GEOIDFQ":"0600000US3002592730","GEOID":"3002592730","NAME":"Plevna","NAMELSAD":"Plevna CCD","STUSPS":"MT","NAMELSADCO":"Fallon County","STATE_NAME":"Montana","LSAD":"22","ALAND":1797862738,"AWATER":1378742}},
{"type":"Feature","geometry":{"type":"Polygon","coordinates":[[[-109.9213,48.45265],[-109.92964,48.44496],[-109.92976,48.43814],[-109.87866,48.43814],[-109.87633,48.43704],[-109.87585,48.42372],[-109.89774,48.42368],[-109.8987,48.41651],[-109.90854,48.41651],[-109.90847,48.40925],[-109.89645,48.40925],[-109.89427,48.40203],[-109.86519,48.40206],[-109.86519,48.40927],[-109.79242,48.40922],[-109.7892,48.40219],[-109.75776,48.40205],[-109.757,48.40901],[-109.73672,48.40857],[-109.73091,48.41158],[-109.72919,48.41712],[-109.72346,48.41733],[-109.71354,48.41339],[-109.71094,48.40436],[-109.69258,48.3944],[-109.68613,48.38809],[-109.67805,48.383],[-109.67521,48.37162],[-109.67591,48.36637],[-109.66882,48.35472],[-109.66559,48.34402],[-109.66737,48.33025],[-109.6629,48.32492],[-109.65689,48.31131],[-109.66013,48.30253],[-109.66757,48.29333],[-109.66169,48.2783],[-109.66239,48.26954],[-109.65782,48.26268],[-109.65465,48.24976],[-109.65927,48.23946],[-109.65823,48.23033],[-109.65168,48.22148],[-109.61757,48.22148],[-109.61744,48.14873],[-109.64141,48.14885],[-109.64141,48.1471],[-109.72687,48.14728],[-109.72691,48.13286],[-109.59811,48.1325],[-109.59806,48.13498],[-109.53429,48.13456],[-109.53394,48.22132],[-109.55176,48.22137],[-109.55164,48.29348],[-109.51908,48.29346],[-109.51878,48.39473],[-109.49703,48.39474],[-109.49673,48.45273],[-109.46432,48.45264],[-109.46432,48.52526],[-109.49688,48.52521],[-109.49688,48.56791],[-109.50533,48.56791],[-109.50515,48.61102],[-109.59292,48.61085],[-109.59288,48.58964],[-109.59951,48.58487],[-109.62574,48.58178],[-109.63582,48.58339],[-109.67509,48.59335],[-109.68041,48.59622],[-109.70214,48.59626],[-109.70714,48.58654],[-109.71948,48.58289],[-109.7251,48.57855],[-109.72577,48.57247],[-109.72008,48.56766],[-109.72789,48.56464],[-109.75784,48.57248],[-109.77803,48.57156],[-109.79819,48.56836],[-109.79907,48.56164],[-109.80875,48.55631],[-109.81644,48.55685],[-109.81846,48.54869],[-109.82627,48.54634],[-109.82475,48.54152],[-109.83255,48.54176],[-109.8405,48.52684],[-109.85391,48.52591],[-109.86242,48.52758],[-109.86852,48.52361],[-109.86242,48.51942],[-109.87418,48.51274],[-109.88001,48.501],[-109.89108,48.49961],[-109.8878,48.49357],[-109.8926,48.48959],[-109.90336,48.48954],[-109.9106,48.47629],[-109.91482,48.47273],[-109.91859,48.46354],[-109.92588,48.45914],[-109.92635,48.45468],[-109.9213,48.45265]]]},"properties":{"STATEFP":"30","COUNTYFP":"041","COUSUBFP":"91701","COUSUBNS":"01940642","GEOIDFQ":"0600000US3004191701","GEOID":"3004191701","NAME":"Havre","NAMELSAD":"Havre CCD","STUSPS":"MT","NAMELSADCO":"Hill County","STATE_NAME":"Montana","LSAD":"22","ALAND":860856821,"AWATER":900108}},
{"type":"Feature","geometry":{"type":"Polygon","coordinates":[[[-112.19341,48.9989],[-112.1932,48.91402],[-112.18902,48.91399],[-112.18913,48.64728],[-112.17743,48.64973],[-112.15666,48.6497],[-112.14424,48.65336],[-111.99406,48.65328],[-111.86214,48.65321],[-111.86221,48.6967],[-111.68753,48.69681],[-111.68715,48.6967],[-111.4806,48.69675],[-111.33893,48.69684],[-111.33893,48.73474],[-111.34114,48.74026],[-111.27334,48.74043],[-111.27331,48.91408],[-111.26996,48.91408],[-111.26986,48.99723],[-111.50081,48.99696],[-111.76161,48.99765],[-111.85409,48.99807],[-112.00088,48.99892],[-112.00387,48.99857],[-112.19341,48.9989]]]},"properties":{"STATEFP":"30","COUNTYFP":"101","COUSUBFP":"93402","COUSUBNS":"01940721","GEOIDFQ":"0600000US3010193402","GEOID":"3010193402","NAME":"Sunburst","NAMELSAD":"Sunburst CCD","STUSPS":"MT","NAMELSADCO":"Toole County","STATE_NAME":"Montana","LSAD":"22","ALAND":2314431857,"AWATER":33897246}},
{"type":"Feature","geometry":{"type":"Polygon","coordinates":[[[-110.75587,48.2196],[-110.7558,48.23616],[-110.77305,48.22878],[-110.78038,48.22868],[-110.79625,48.2366],[-110.80817,48.23346],[-110.81757,48.24152],[-110.82348,48.24345],[-110.83552,48.24295],[-110.8319,48.25614],[-110.82293,48.25791],[-110.84221,48.26466],[-110.84801,48.27055],[-110.85569,48.2688],[-110.86445,48.27023],[-110.86318,48.27975],[-110.86615,48.28458],[-110.85669,48.28738],[-110.85826,48.29371],[-110.85441,48.30018],[-110.85806,48.30804],[-110.85595,48.31247],[-110.85708,48.32003],[-110.85297,48.32354],[-110.84266,48.3255],[-110.84269,48.37855],[-110.86456,48.3789],[-110.8648,48.4223],[-110.82134,48.42252],[-110.8214,48.45152],[-110.84313,48.45146],[-110.84359,48.55184],[-110.84346,48.56669],[-110.83724,48.56675],[-110.83775,48.65357],[-110.85954,48.65373],[-110.86,48.74049],[-110.9249,48.74047],[-110.92552,48.84124],[-110.93042,48.84195],[-110.93104,48.88538],[-110.94752,48.88538],[-110.94772,48.91353],[-110.96213,48.91424],[-110.96281,48.92638],[-110.98474,48.93978],[-110.98503,48.94513],[-110.98127,48.95171],[-110.98474,48.95981],[-110.9848,48.98543],[-110.99023,48.99162],[-110.99003,48.9976],[-111.26986,48.99723],[-111.26996,48.91408],[-111.27331,48.91408],[-111.27334,48.74043],[-111.27342,48.56645],[-111.27553,48.56645],[-111.27551,48.46842],[-111.27534,48.34251],[-111.27531,48.21953],[-111.40902,48.21954],[-111.4091,48.13222],[-111.17354,48.13291],[-110.82717,48.13321],[-110.82741,48.21957],[-110.75587,48.2196]]]},"properties":{"STATEFP":"30","COUNTYFP":"051","COUSUBFP":"90567","COUSUBNS":"01940584","GEOIDFQ":"0600000US3005190567","GEOID":"3005190567","NAME":"Chester","NAMELSAD":"Chester CCD","STUSPS":"MT","NAMELSADCO":"Liberty County","STATE_NAME":"Montana","LSAD":"22","ALAND":2901338847,"AWATER":43645853}},
{"type":"Feature","geometry":{"type":"Polygon","coordinates":[[[-106.93909,45.87004],[-107.05216,45.87005],[-107.05195,45.91349],[-107.17636,45.91332],[-107.17636,45.95676],[-107.42513,45.95667],[-107.42493,46.04337],[-107.51153,46.0434],[-107.67445,46.04361],[-107.67447,45.98576],[-107.79875,45.98568],[-107.79882,45.95672],[-107.84038,45.95681],[-107.84037,45.92802],[-107.88187,45.92815],[-107.88185,45.89923],[-108.04735,45.89948],[-108.04756,45.78348],[-108.06957,45.78245],[-108.06958,45.68149],[-108.04387,45.68105],[-107.66805,45.68152],[-107.63807,45.68152],[-107.63787,45.72019],[-107.59653,45.72038],[-107.59681,45.74598],[-107.5915,45.74589],[-107.59177,45.76193],[-107.5959,45.76801],[-107.37515,45.76821],[-107.23616,45.76818],[-107.01505,45.76819],[-107.01629,45.6914],[-106.97405,45.69114],[-106.97407,45.68413],[-106.91296,45.68392],[-106.9128,45.78822],[-106.87712,45.78822],[-106.87722,45.83171],[-106.93908,45.83161],[-106.93909,45.87004]]]},"properties":{"STATEFP":"30","COUNTYFP":"003","COUSUBFP":"91617","COUSUBNS":"01940638","GEOIDFQ":"0600000US3000391617","GEOID":"3000391617","NAME":"Hardin","NAMELSAD":"Hardin CCD","STUSPS":"MT","NAMELSADCO":"Big Horn County","STATE_NAME":"Montana","LSAD":"22","ALAND":2235526446,"AWATER":8101048}},
{"type":"Feature","geometry":{"type":"Polygon","coordinates":[[[-108.92459,46.13237],[-109.0933,46.13189],[-109.17434,46.13193],[-109.41623,46.13237],[-109.41716,46.04476],[-109.42301,46.03302],[-109.42303,45.96001],[-109.5066,45.95911],[-109.50573,45.88631],[-109.50596,45.87022],[-109.54882,45.87075],[-109.54655,45.78348],[-109.56391,45.78347],[-109.56389,45.7173],[-109.56204,45.71144],[-109.56204,45.70477],[-109.54687,45.70399],[-109.52829,45.70729],[-109.51063,45.70785],[-109.49648,45.70271],[-109.48532,45.69364],[-109.4787,45.68983],[-109.46831,45.68656],[-109.43904,45.68095],[-109.43366,45.6818],[-109.42037,45.68882],[-109.40621,45.69851],[-109.38589,45.70417],[-109.38836,45.71502],[-109.37843,45.71586],[-109.37854,45.72076],[-109.37039,45.72679],[-109.37095,45.73328],[-109.36054,45.73598],[-109.35436,45.74183],[-109.35965,45.74522],[-109.33564,45.75684],[-109.32144,45.76287],[-109.31124,45.7651],[-109.31411,45.76875],[-109.27461,45.76928],[-109.27459,45.74861],[-109.27925,45.73671],[-109.28106,45.72743],[-109.27063,45.73337],[-109.26481,45.73403],[-109.25627,45.73938],[-109.25112,45.73876],[-109.23345,45.74695],[-109.22133,45.75452],[-109.21274,45.75443],[-109.20884,45.75856],[-109.19167,45.75921],[-109.19164,45.70448],[-109.18608,45.70358],[-109.18547,45.69661],[-109.15477,45.69565],[-109.15446,45.70281],[-109.13552,45.70265],[-109.13371,45.70383],[-109.13329,45.75242],[-109.11529,45.74635],[-109.09286,45.73665],[-109.08328,45.7292],[-109.06283,45.72493],[-109.03266,45.72323],[-109.02841,45.72015],[-109.01448,45.72149],[-109.00449,45.71659],[-109.00372,45.72696],[-109.00634,45.73492],[-109.00277,45.74306],[-108.98916,45.74955],[-108.98424,45.758],[-108.98743,45.76179],[-108.98741,45.76948],[-108.90482,45.76965],[-108.90485,45.78426],[-108.90193,45.78426],[-108.90194,45.90066],[-108.90165,45.95942],[-108.92233,45.95944],[-108.92236,45.97392],[-108.92564,46.04674],[-108.92459,46.13237]]]},"properties":{"STATEFP":"30","COUNTYFP":"095","COUSUBFP":"92510","COUSUBNS":"01940682","GEOIDFQ":"0600000US3009592510","GEOID":"3009592510","NAME":"North Stillwater","NAMELSAD":"North Stillwater CCD","STUSPS":"MT","NAMELSADCO":"Stillwater County","STATE_NAME":"Montana","LSAD":"22","ALAND":1983874190,"AWATER":6458061}},
{"type":"Feature","geometry":{"type":"Polygon","coordinates":[[[-108.79685,45.58863],[-108.79721,45.59642],[-108.79113,45.59711],[-108.78995,45.60118],[-108.79374,45.60487],[-108.78693,45.60791],[-108.78194,45.61566],[-108.782,45.63864],[-108.79779,45.63524],[-108.80846,45.62495],[-108.81711,45.62394],[-108.82808,45.61893],[-108.8356,45.61336],[-108.84302,45.61104],[-108.861,45.61351],[-108.86767,45.6079],[-108.89137,45.60253],[-108.91095,45.60234],[-108.92103,45.60574],[-108.93384,45.60286],[-108.95228,45.61062],[-108.96382,45.61404],[-108.97794,45.6164],[-108.98716,45.61123],[-109.01294,45.60732],[-109.021,45.60112],[-109.02881,45.60135],[-109.03975,45.59094],[-109.05063,45.58865],[-109.06773,45.58335],[-109.08464,45.58668],[-109.09933,45.58349],[-109.11147,45.58422],[-109.12644,45.5878],[-109.12841,45.58674],[-109.12822,45.52303],[-109.19155,45.5231],[-109.19176,45.4645],[-109.22441,45.46447],[-109.2188,45.46052],[-109.20751,45.45649],[-109.20114,45.45039],[-109.19115,45.44866],[-109.15742,45.44592],[-109.13265,45.43955],[-109.12264,45.43855],[-109.11046,45.43967],[-109.10174,45.44514],[-109.10172,45.45358],[-109.09151,45.45409],[-109.09145,45.4577],[-109.06789,45.45784],[-109.07432,45.45419],[-109.12127,45.40814],[-109.13215,45.39272],[-109.11539,45.39251],[-109.1095,45.38925],[-109.1023,45.38905],[-109.07941,45.37656],[-109.07548,45.3671],[-109.06501,45.35939],[-109.05992,45.35372],[-109.05457,45.35468],[-109.05136,45.3591],[-109.03612,45.36112],[-109.03435,45.36534],[-109.02641,45.37227],[-109.02338,45.37816],[-109.02567,45.38234],[-109.02138,45.3892],[-109.02272,45.39386],[-109.01747,45.40184],[-109.0075,45.40981],[-109.00428,45.42088],[-108.9971,45.42652],[-108.99476,45.43235],[-108.98059,45.43657],[-108.96511,45.45016],[-108.95718,45.45543],[-108.95062,45.45149],[-108.93464,45.44652],[-108.93129,45.44272],[-108.9246,45.44261],[-108.92328,45.44797],[-108.9233,45.46441],[-108.84098,45.46454],[-108.84493,45.47398],[-108.84377,45.48417],[-108.84863,45.48575],[-108.84628,45.49155],[-108.84933,45.49382],[-108.839,45.49903],[-108.84202,45.50363],[-108.83962,45.5089],[-108.82249,45.51748],[-108.82107,45.53276],[-108.82881,45.54322],[-108.82396,45.56171],[-108.819,45.56434],[-108.82451,45.56974],[-108.82259,45.57632],[-108.81444,45.58015],[-108.80938,45.58577],[-108.80326,45.58773],[-108.79685,45.58863]]]},"properties":{"STATEFP":"30","COUNTYFP":"009","COUSUBFP":"91827","COUSUBNS":"01940648","GEOIDFQ":"0600000US3000991827","GEOID":"3000991827","NAME":"Joliet","NAMELSAD":"Joliet CCD","STUSPS":"MT","NAMELSADCO":"Carbon County","STATE_NAME":"Montana","LSAD":"22","ALAND":507548128,"AWATER":4415010}},
{"type":"Feature","geometry":{"type":"Polygon","coordinates":[[[-109.19329,45.27864],[-109.16324,45.27907],[-109.16023,45.28142],[-109.13234,45.29242],[-109.12261,45.30019],[-109.11171,45.29986],[-109.10531,45.30403],[-109.09598,45.30677],[-109.08866,45.31143],[-109.08904,45.31622],[-109.07557,45.33102],[-109.07111,45.33291],[-109.06257,45.34579],[-109.05992,45.35372],[-109.06501,45.35939],[-109.07548,45.3671],[-109.07941,45.37656],[-109.1023,45.38905],[-109.1095,45.38925],[-109.11539,45.39251],[-109.13215,45.39272],[-109.12127,45.40814],[-109.07432,45.45419],[-109.06789,45.45784],[-109.09145,45.4577],[-109.09151,45.45409],[-109.10172,45.45358],[-109.10174,45.44514],[-109.11046,45.43967],[-109.12264,45.43855],[-109.13265,45.43955],[-109.15742,45.44592],[-109.19115,45.44866],[-109.20114,45.45039],[-109.20751,45.45649],[-109.2188,45.46052],[-109.22441,45.46447],[-109.35642,45.46433],[-109.35645,45.44984],[-109.39759,45.44977],[-109.41835,45.44976],[-109.41831,45.4353],[-109.43859,45.43527],[-109.43852,45.42077],[-109.4797,45.42083],[-109.47971,45.40636],[-109.50032,45.40633],[-109.50032,45.39185],[-109.52088,45.39185],[-109.52087,45.37736],[-109.54139,45.37735],[-109.54138,45.36595],[-109.52033,45.36677],[-109.51603,45.36014],[-109.51024,45.35721],[-109.50203,45.34795],[-109.49482,45.34949],[-109.4917,45.34644],[-109.49429,45.33962],[-109.488,45.33548],[-109.48268,45.32714],[-109.46722,45.32327],[-109.46119,45.3201],[-109.44666,45.31867],[-109.43778,45.31964],[-109.4287,45.31577],[-109.41928,45.31532],[-109.40056,45.31013],[-109.3918,45.30602],[-109.36664,45.30577],[-109.35705,45.30072],[-109.3489,45.29431],[-109.3423,45.28554],[-109.33503,45.29396],[-109.32231,45.3009],[-109.29844,45.29973],[-109.28899,45.30085],[-109.27687,45.30516],[-109.26606,45.29105],[-109.26151,45.29533],[-109.2528,45.29283],[-109.24343,45.29282],[-109.24327,45.29622],[-109.21542,45.29647],[-109.22118,45.28497],[-109.22163,45.27833],[-109.21448,45.27632],[-109.19329,45.27864]]]},"properties":{"STATEFP":"30","COUNTYFP":"009","COUSUBFP":"92793","COUSUBNS":"01940695","GEOIDFQ":"0600000US3000992793","GEOID":"3000992793","NAME":"Roberts","NAMELSAD":"Roberts CCD","STUSPS":"MT","NAMELSADCO":"Carbon County","STATE_NAME":"Montana","LSAD":"22","ALAND":530723760,"AWATER":2861352}},
{"type":"Feature","geometry":{"type":"Polygon","coordinates":[[[-111.37715,44.75116],[-111.36627,44.74223],[-111.3667,44.73852],[-111.35515,44.7272],[-111.34807,44.72531],[-111.33735,44.73317],[-111.32305,44.72856],[-111.32248,44.71878],[-111.31787,44.71448],[-111.29604,44.70205],[-111.29634,44.69106],[-111.29047,44.68602],[-111.2803,44.68297],[-111.27684,44.67588],[-111.26721,44.66464],[-111.27178,44.66254],[-111.27561,44.65667],[-111.28047,44.65478],[-111.27637,44.64955],[-111.26882,44.64718],[-111.25318,44.65117],[-111.24924,44.6441],[-111.24237,44.64303],[-111.2201,44.62207],[-111.22723,44.61834],[-111.23999,44.61485],[-111.23227,44.59755],[-111.23206,44.58504],[-111.2275,44.57717],[-111.21903,44.57542],[-111.20149,44.5759],[-111.18103,44.56923],[-111.18075,44.55488],[-111.17375,44.54933],[-111.15889,44.54626],[-111.15057,44.53497],[-111.14081,44.53584],[-111.13138,44.53243],[-111.13862,44.51685],[-111.13066,44.50013],[-111.11967,44.49435],[-111.11506,44.49385],[-111.10721,44.48693],[-111.0962,44.48646],[-111.0971,44.65417],[-111.0966,44.7108],[-111.09667,44.99977],[-111.09765,45.02297],[-111.11046,45.02843],[-111.12013,45.03858],[-111.13304,45.04481],[-111.14493,45.04845],[-111.1563,45.05409],[-111.18173,45.06458],[-111.19824,45.07298],[-111.20718,45.06751],[-111.2297,45.05977],[-111.24573,45.06225],[-111.26539,45.06089],[-111.2811,45.06109],[-111.28984,45.0643],[-111.30091,45.07061],[-111.31274,45.07032],[-111.32859,45.07284],[-111.33583,45.07268],[-111.3446,45.07737],[-111.35141,45.07518],[-111.35785,45.08023],[-111.37258,45.0806],[-111.3722,44.9997],[-111.37222,44.9118],[-111.37748,44.91179],[-111.37701,44.75144],[-111.37715,44.75116]]]},"properties":{"STATEFP":"30","COUNTYFP":"031","COUSUBFP":"93780","COUSUBNS":"01940739","GEOIDFQ":"0600000US3003193780","GEOID":"3003193780","NAME":"West Yellowstone","NAMELSAD":"West Yellowstone CCD","STUSPS":"MT","NAMELSADCO":"Gallatin County","STATE_NAME":"Montana","LSAD":"22","ALAND":1023570680,"AWATER":52472313}},
{"type":"Feature","geometry":{"type":"Polygon","coordinates":[[[-114.84857,48.3666],[-114.85755,48.36827],[-114.86305,48.36682],[-114.87719,48.37362],[-114.87812,48.38487],[-114.87172,48.38879],[-114.87202,48.39551],[-114.89104,48.40483],[-114.90887,48.40712],[-114.91244,48.41655],[-114.94244,48.44556],[-114.94402,48.44965],[-114.95549,48.45405],[-114.96466,48.46388],[-114.97687,48.47139],[-114.98132,48.47746],[-114.98202,48.48691],[-114.9679,48.49785],[-114.95088,48.50617],[-114.95083,48.52877],[-114.9484,48.53038],[-114.94954,48.53939],[-114.95244,48.54544],[-114.9512,48.5497],[-114.95477,48.55455],[-114.94659,48.56712],[-114.95532,48.57843],[-114.95406,48.58463],[-114.95636,48.59687],[-114.95293,48.60863],[-114.97226,48.60195],[-114.98508,48.60298],[-114.98855,48.60554],[-115.00627,48.60506],[-115.02328,48.59767],[-115.02802,48.59377],[-115.03339,48.60035],[-115.04972,48.59759],[-115.06299,48.59704],[-115.0901,48.58749],[-115.10905,48.5828],[-115.12623,48.57955],[-115.13449,48.58332],[-115.14663,48.58408],[-115.15819,48.58047],[-115.16912,48.58649],[-115.19333,48.59298],[-115.19888,48.59666],[-115.18397,48.604],[-115.17753,48.6093],[-115.17104,48.61776],[-115.19475,48.6297],[-115.20005,48.63158],[-115.20539,48.64167],[-115.2807,48.66802],[-115.30046,48.67422],[-115.31602,48.67652],[-115.32147,48.68476],[-115.3195,48.69558],[-115.31567,48.6996],[-115.31334,48.71494],[-115.31265,48.73981],[-115.32085,48.74546],[-115.32614,48.7444],[-115.34179,48.74553],[-115.36433,48.7538],[-115.37704,48.75232],[-115.38516,48.75618],[-115.40932,48.75764],[-115.41394,48.7598],[-115.42348,48.75919],[-115.4372,48.76078],[-115.46697,48.76067],[-115.47668,48.7619],[-115.4812,48.76035],[-115.50739,48.76371],[-115.51967,48.76665],[-115.53537,48.77746],[-115.53819,48.78131],[-115.54182,48.80122],[-115.53725,48.81181],[-115.5303,48.835],[-115.52085,48.8372],[-115.52077,48.84577],[-115.5325,48.84109],[-115.53853,48.83646],[-115.55021,48.82305],[-115.55731,48.81713],[-115.55927,48.80133],[-115.56363,48.79698],[-115.57411,48.77917],[-115.56575,48.76427],[-115.57074,48.758],[-115.56955,48.75217],[-115.57711,48.74519],[-115.58167,48.73733],[-115.57543,48.72017],[-115.58092,48.71296],[-115.59072,48.71239],[-115.59741,48.70394],[-115.61032,48.69799],[-115.6167,48.6934],[-115.62047,48.68442],[-115.62699,48.67789],[-115.64913,48.67519],[-115.6483,48.66987],[-115.65085,48.66328],[-115.64917,48.65453],[-115.64617,48.65053],[-115.64529,48.63221],[-115.64054,48.62722],[-115.63116,48.6239],[-115.61895,48.61668],[-115.61577,48.60944],[-115.6149,48.59668],[-115.62196,48.59218],[-115.63109,48.59526],[-115.63458,48.59279],[-115.64843,48.59463],[-115.65581,48.59313],[-115.66452,48.59407],[-115.6795,48.60109],[-115.68223,48.60432],[-115.69989,48.60946],[-115.71087,48.61376],[-115.71475,48.6186],[-115.7169,48.6357],[-115.72008,48.63867],[-115.73874,48.64135],[-115.74945,48.64686],[-115.75727,48.64745],[-115.76005,48.65684],[-115.7678,48.6598],[-115.7821,48.64721],[-115.79002,48.64417],[-115.79608,48.63933],[-115.79838,48.63213],[-115.79009,48.62668],[-115.78905,48.62151],[-115.80389,48.60981],[-115.78088,48.58336],[-115.77085,48.57822],[-115.75944,48.57697],[-115.756,48.57461],[-115.74877,48.55882],[-115.74276,48.55446],[-115.74274,48.54949],[-115.73834,48.54361],[-115.74698,48.53518],[-115.76744,48.52544],[-115.76274,48.52012],[-115.76066,48.50858],[-115.76379,48.50163],[-115.76216,48.49738],[-115.74593,48.49106],[-115.73265,48.49042],[-115.73301,48.48618],[-115.74793,48.47726],[-115.74648,48.47189],[-115.74933,48.46108],[-115.74934,48.45207],[-115.74169,48.45077],[-115.73898,48.4454],[-115.7401,48.43933],[-115.73636,48.42982],[-115.73829,48.41896],[-115.74542,48.40958],[-115.74293,48.40586],[-115.74838,48.39598],[-115.74873,48.39032],[-115.75431,48.37727],[-115.76056,48.37371],[-115.75998,48.37038],[-115.75268,48.36413],[-115.75305,48.34936],[-115.74835,48.34761],[-115.7458,48.33864],[-115.7368,48.33131],[-115.73206,48.33088],[-115.72725,48.31842],[-115.72243,48.31369],[-115.72276,48.30081],[-115.73469,48.29255],[-115.74376,48.29015],[-115.73634,48.27563],[-115.73727,48.26327],[-115.73723,48.25872],[-115.7297,48.25439],[-115.71876,48.25255],[-115.70982,48.24843],[-115.70624,48.24227],[-115.69876,48.2385],[-115.69914,48.2336],[-115.69341,48.22457],[-115.68897,48.22304],[-115.68335,48.21601],[-115.67236,48.20639],[-115.67537,48.20088],[-115.67413,48.19445],[-115.68361,48.1936],[-115.69121,48.18103],[-115.69611,48.17747],[-115.69389,48.16698],[-115.69087,48.16501],[-115.67898,48.16567],[-115.67224,48.16063],[-115.66975,48.15478],[-115.66475,48.15325],[-115.65796,48.14734],[-115.65755,48.14232],[-115.64577,48.13414],[-115.64956,48.12419],[-115.64,48.11411],[-115.63772,48.10699],[-115.6384,48.09541],[-115.63223,48.08862],[-115.63551,48.08165],[-115.64019,48.08054],[-115.63704,48.07465],[-115.62706,48.07045],[-115.61828,48.06347],[-115.60928,48.06011],[-115.60831,48.0566],[-115.61161,48.04922],[-115.60156,48.04133],[-115.60142,48.03553],[-115.59643,48.03079],[-115.59181,48.03087],[-115.58443,48.02176],[-115.57435,48.01854],[-115.56825,48.02016],[-115.56483,48.01532],[-115.55363,48.01005],[-115.54486,47.9994],[-115.54119,47.9914],[-115.53975,47.9799],[-115.54877,47.95989],[-115.55814,47.94229],[-115.55634,47.93561],[-115.54774,47.93168],[-115.54653,47.92208],[-115.53885,47.91774],[-115.5282,47.91415],[-115.5254,47.909],[-115.51948,47.90775],[-115.5109,47.90968],[-115.49962,47.90918],[-115.48531,47.91638],[-115.47021,47.91322],[-115.4617,47.92033],[-115.42858,47.91099],[-115.42465,47.9142],[-115.42486,47.92825],[-115.42145,47.93377],[-115.39982,47.93612],[-115.39909,47.93165],[-115.40206,47.92144],[-115.39945,47.91244],[-115.38117,47.90419],[-115.3653,47.90816],[-115.3632,47.91166],[-115.34826,47.91228],[-115.34466,47.91565],[-115.32828,47.91747],[-115.31924,47.92157],[-115.31073,47.91439],[-115.30179,47.91247],[-115.29351,47.89835],[-115.28324,47.89083],[-115.26982,47.89555],[-115.26845,47.89991],[-115.26276,47.90354],[-115.25198,47.90522],[-115.24871,47.91492],[-115.24326,47.91471],[-115.2329,47.9096],[-115.22514,47.9083],[-115.21759,47.91369],[-115.20558,47.91928],[-115.20053,47.91608],[-115.18498,47.91927],[-115.18663,47.9225],[-115.18027,47.93203],[-115.17996,47.94487],[-115.17846,47.94791],[-115.18359,47.95295],[-115.1843,47.95844],[-115.17531,47.95986],[-115.17382,47.97186],[-115.16484,47.97265],[-115.1576,47.96142],[-115.14813,47.9635],[-115.1446,47.97729],[-115.13872,47.97902],[-115.13634,47.98418],[-115.15076,47.99548],[-115.15055,48.00797],[-115.15453,48.01769],[-115.01067,48.01762],[-115.01068,48.09746],[-115.0101,48.10469],[-115.01009,48.13912],[-115.0197,48.13914],[-115.02008,48.22595],[-114.98694,48.22612],[-114.8481,48.22613],[-114.84856,48.35902],[-114.84857,48.3666]]]},"properties":{"STATEFP":"30","COUNTYFP":"053","COUSUBFP":"92058","COUSUBNS":"01940659","GEOIDFQ":"0600000US3005392058","GEOID":"3005392058","NAME":"Libby","NAMELSAD":"Libby CCD","STUSPS":"MT","NAMELSADCO":"Lincoln County","STATE_NAME":"Montana","LSAD":"22","ALAND":4414310074,"AWATER":75993665}},
{"type":"Feature","geometry":{"type":"Polygon","coordinates":[[[-109.4033,46.37383],[-109.40291,46.21971],[-109.65387,46.2194],[-109.65384,46.13247],[-109.60419,46.13248],[-109.60515,46.04499],[-109.41716,46.04476],[-109.41623,46.13237],[-109.17434,46.13193],[-109.17377,46.1392],[-109.16355,46.13947],[-109.16313,46.14646],[-109.15295,46.14687],[-109.15269,46.164],[-109.14759,46.16761],[-109.13898,46.16827],[-109.12586,46.17316],[-109.1162,46.17542],[-109.09072,46.17547],[-109.09072,46.1826],[-109.09987,46.18479],[-109.11153,46.18972],[-109.11985,46.18968],[-109.12483,46.19431],[-109.13182,46.1944],[-109.13893,46.19971],[-109.14087,46.20782],[-109.15639,46.20801],[-109.17975,46.21389],[-109.17953,46.2235],[-109.17052,46.22126],[-109.16588,46.22501],[-109.15252,46.22495],[-109.14979,46.22937],[-109.14182,46.23287],[-109.14521,46.23819],[-109.13586,46.24231],[-109.13571,46.24769],[-109.13009,46.24834],[-109.12319,46.25498],[-109.0948,46.25544],[-109.09427,46.25886],[-109.07378,46.25774],[-109.07318,46.26149],[-109.05269,46.26138],[-109.05187,46.27442],[-109.04168,46.27709],[-109.0417,46.28818],[-109.03513,46.29321],[-109.03591,46.29924],[-109.02284,46.30035],[-109.00791,46.29919],[-108.99875,46.30183],[-108.99732,46.30639],[-108.98867,46.30642],[-108.98756,46.31642],[-108.98945,46.321],[-108.9993,46.32098],[-108.99999,46.32541],[-109.00517,46.32862],[-109.0208,46.33339],[-109.02869,46.33855],[-109.03155,46.34331],[-109.05078,46.35018],[-109.15311,46.35021],[-109.1531,46.34441],[-109.19474,46.34412],[-109.19649,46.33186],[-109.21147,46.33291],[-109.22018,46.33568],[-109.22372,46.34613],[-109.22286,46.35034],[-109.23222,46.35001],[-109.24243,46.35624],[-109.25194,46.35708],[-109.2613,46.36305],[-109.28326,46.36352],[-109.28181,46.37074],[-109.28756,46.37304],[-109.31111,46.37532],[-109.3127,46.37377],[-109.36196,46.37383],[-109.36224,46.38858],[-109.38291,46.38833],[-109.38277,46.37816],[-109.38799,46.37366],[-109.4033,46.37383]]]},"properties":{"STATEFP":"30","COUNTYFP":"037","COUSUBFP":"92940","COUSUBNS":"01940701","GEOIDFQ":"0600000US3003792940","GEOID":"3003792940","NAME":"Ryegate","NAMELSAD":"Ryegate CCD","STUSPS":"MT","NAMELSADCO":"Golden Valley County","STATE_NAME":"Montana","LSAD":"22","ALAND":932579787,"AWATER":254451}},
{"type":"Feature","geometry":{"type":"Polygon","coordinates":[[[-109.56204,45.70477],[-109.56204,45.71144],[-109.57757,45.71668],[-109.58557,45.71319],[-109.60668,45.7078],[-109.61664,45.7121],[-109.62243,45.71212],[-109.6334,45.71944],[-109.65299,45.72532],[-109.65322,45.73318],[-109.66502,45.73769],[-109.68262,45.74057],[-109.70385,45.73724],[-109.72572,45.7383],[-109.74084,45.73381],[-109.75526,45.74098],[-109.7596,45.75189],[-109.77807,45.76296],[-109.77774,45.7707],[-109.78353,45.77381],[-109.79163,45.78525],[-109.80516,45.7932],[-109.81338,45.79222],[-109.8264,45.79345],[-109.83923,45.80067],[-109.8481,45.80399],[-109.8508,45.81203],[-109.85593,45.81624],[-109.85647,45.82792],[-109.86286,45.8355],[-109.88337,45.8419],[-109.89224,45.84078],[-109.90397,45.84461],[-109.90984,45.85185],[-109.9218,45.85338],[-109.93391,45.85093],[-109.94889,45.842],[-109.95893,45.84215],[-109.96942,45.83918],[-109.97808,45.84365],[-109.98893,45.83736],[-109.99915,45.83731],[-110.00831,45.83444],[-110.01595,45.8301],[-110.01586,45.8235],[-110.02312,45.81925],[-110.02911,45.81944],[-110.04476,45.81131],[-110.05371,45.8027],[-110.0549,45.79753],[-110.06255,45.79205],[-110.07103,45.78355],[-110.08264,45.7827],[-110.08573,45.778],[-110.10667,45.77282],[-110.112,45.77442],[-110.12575,45.77119],[-110.13695,45.7704],[-110.14407,45.76404],[-110.15737,45.76202],[-110.174,45.75605],[-110.18468,45.74842],[-110.20475,45.74633],[-110.21056,45.75112],[-110.22025,45.74746],[-110.22086,45.71144],[-110.22027,45.6904],[-110.21828,45.66959],[-110.2185,45.62348],[-110.21815,45.52357],[-110.21951,45.51988],[-110.21941,45.3488],[-110.22824,45.34876],[-110.22805,45.17213],[-110.2134,45.1721],[-110.06452,45.17213],[-110.06458,45.34876],[-109.93198,45.34876],[-109.93202,45.52246],[-109.80884,45.52247],[-109.80879,45.56593],[-109.68538,45.56561],[-109.68538,45.60902],[-109.56207,45.60912],[-109.56208,45.64667],[-109.56204,45.70477]]]},"properties":{"STATEFP":"30","COUNTYFP":"097","COUSUBFP":"93213","COUSUBNS":"01940713","GEOIDFQ":"0600000US3009793213","GEOID":"3009793213","NAME":"South of the Yellowstone","NAMELSAD":"South of the Yellowstone CCD","STUSPS":"MT","NAMELSADCO":"Sweet Grass County","STATE_NAME":"Montana","LSAD":"22","ALAND":2000250605,"AWATER":5987246}},
{"type":"Feature","geometry":{"type":"Polygon","coordinates":[[[-113.03682,46.26683],[-113.03682,46.22333],[-113.02236,46.21877],[-113.01568,46.21301],[-112.99782,46.20644],[-112.99236,46.20243],[-112.98439,46.20061],[-112.97009,46.19413],[-112.96402,46.19],[-112.95632,46.18],[-112.95158,46.17763],[-112.94109,46.16732],[-112.92998,46.1596],[-112.91172,46.15678],[-112.89157,46.15697],[-112.89171,46.13071],[-112.89513,46.12735],[-112.85787,46.11137],[-112.84652,46.10517],[-112.82831,46.07385],[-112.82063,46.06986],[-112.78894,46.06023],[-112.77759,46.0586],[-112.77712,46.13583],[-112.681,46.13567],[-112.67951,46.14054],[-112.66754,46.14523],[-112.65623,46.15286],[-112.64014,46.17434],[-112.6219,46.1732],[-112.61523,46.16539],[-112.60492,46.1702],[-112.60074,46.16576],[-112.59441,46.16524],[-112.59389,46.17132],[-112.57711,46.17898],[-112.57882,46.19387],[-112.58211,46.19869],[-112.57808,46.2021],[-112.57357,46.21181],[-112.57924,46.22086],[-112.5944,46.22798],[-112.59267,46.23228],[-112.59499,46.23869],[-112.57966,46.24182],[-112.57243,46.24778],[-112.56752,46.2561],[-112.56074,46.26111],[-112.5586,46.26582],[-112.75669,46.26642],[-112.89085,46.26594],[-112.9116,46.26657],[-113.03682,46.26683]]]},"properties":{"STATEFP":"30","COUNTYFP":"023","COUSUBFP":"93728","COUSUBNS":"01940599","GEOIDFQ":"0600000US3002393728","GEOID":"3002393728","NAME":"Warm Springs","NAMELSAD":"Warm Springs CCD","STUSPS":"MT","NAMELSADCO":"Deer Lodge County","STATE_NAME":"Montana","LSAD":"22","ALAND":469147609,"AWATER":2754143}},
{"type":"Feature","geometry":{"type":"Polygon","coordinates":[[[-107.0074,46.28917],[-107.01407,46.29021],[-107.09664,46.29135],[-107.11036,46.29116],[-107.14036,46.29385],[-107.22505,46.29452],[-107.23684,46.29311],[-107.23688,46.26461],[-107.22642,46.2646],[-107.226,46.25816],[-107.23633,46.24881],[-107.24159,46.23944],[-107.246,46.228],[-107.25667,46.20552],[-107.26744,46.19152],[-107.28922,46.1726],[-107.29552,46.169],[-107.31162,46.16503],[-107.32941,46.16529],[-107.35384,46.16666],[-107.37432,46.16073],[-107.38244,46.15987],[-107.40697,46.16232],[-107.42609,46.15834],[-107.46361,46.14406],[-107.46296,46.13991],[-107.47393,46.13706],[-107.4737,46.13221],[-107.467,46.13],[-107.47371,46.12366],[-107.48397,46.12284],[-107.47735,46.11591],[-107.47344,46.10673],[-107.47449,46.103],[-107.48664,46.0991],[-107.48454,46.08916],[-107.49408,46.08976],[-107.49416,46.08408],[-107.50322,46.07995],[-107.50063,46.07132],[-107.50531,46.07061],[-107.50763,46.06335],[-107.51322,46.06037],[-107.51763,46.05004],[-107.51153,46.0434],[-107.42493,46.04337],[-107.42513,45.95667],[-107.17636,45.95676],[-107.17636,45.91332],[-107.05195,45.91349],[-107.05216,45.87005],[-106.93909,45.87004],[-106.93915,46.00618],[-106.93907,46.07944],[-106.93907,46.13667],[-107.00553,46.13667],[-107.00739,46.1342],[-107.0074,46.28917]]]},"properties":{"STATEFP":"30","COUNTYFP":"103","COUSUBFP":"93255","COUSUBNS":"01940715","GEOIDFQ":"0600000US3010393255","GEOID":"3010393255","NAME":"South Treasure","NAMELSAD":"South Treasure CCD","STUSPS":"MT","NAMELSADCO":"Treasure County","STATE_NAME":"Montana","LSAD":"22","ALAND":1306836124,"AWATER":1868393}},
{"type":"Feature","geometry":{"type":"Polygon","coordinates":[[[-113.3573,48.31701],[-113.37427,48.32393],[-113.37381,48.33087],[-113.3783,48.33595],[-113.38705,48.3415],[-113.37574,48.34822],[-113.37029,48.35379],[-113.36351,48.3556],[-113.35153,48.36185],[-113.33916,48.37134],[-113.33401,48.38194],[-113.33297,48.38763],[-113.34656,48.39409],[-113.35111,48.40594],[-113.34839,48.41276],[-113.35598,48.42391],[-113.3673,48.42313],[-113.37738,48.42018],[-113.38161,48.41707],[-113.38951,48.4164],[-113.41347,48.42089],[-113.42469,48.43064],[-113.43898,48.43481],[-113.45178,48.44583],[-113.46195,48.44514],[-113.47296,48.4521],[-113.47891,48.45312],[-113.48084,48.45966],[-113.47367,48.46985],[-113.46658,48.47453],[-113.47182,48.48758],[-113.46605,48.49817],[-113.47365,48.50479],[-113.47269,48.52501],[-113.46864,48.53025],[-113.46986,48.5359],[-113.46737,48.54756],[-113.47338,48.55248],[-113.48422,48.55395],[-113.49229,48.55233],[-113.50206,48.55809],[-113.51032,48.55982],[-113.5169,48.57292],[-113.52293,48.57396],[-113.5471,48.58477],[-113.55849,48.5838],[-113.57206,48.57897],[-113.57835,48.58424],[-113.58648,48.58353],[-113.59083,48.57843],[-113.60055,48.57498],[-113.60914,48.57698],[-113.61413,48.58048],[-113.61774,48.5886],[-113.63226,48.59882],[-113.64127,48.60055],[-113.65236,48.59085],[-113.66356,48.58564],[-113.67975,48.59339],[-113.69353,48.59268],[-113.70792,48.59471],[-113.71985,48.6006],[-113.72448,48.60007],[-113.73455,48.60892],[-113.75045,48.61434],[-113.75403,48.61854],[-113.74749,48.624],[-113.7467,48.63138],[-113.74217,48.63555],[-113.74668,48.63948],[-113.74557,48.65277],[-113.74144,48.65562],[-113.73907,48.66315],[-113.72589,48.67146],[-113.73145,48.67515],[-113.73789,48.68454],[-113.74099,48.69227],[-113.73315,48.69424],[-113.71982,48.69489],[-113.70996,48.70418],[-113.70273,48.71938],[-113.70965,48.72411],[-113.70711,48.73082],[-113.71489,48.74259],[-113.72802,48.74538],[-113.73925,48.75281],[-113.74361,48.76226],[-113.74271,48.76522],[-113.75347,48.76881],[-113.76165,48.7733],[-113.76653,48.78513],[-113.77033,48.78651],[-113.77281,48.80084],[-113.76396,48.8037],[-113.75694,48.81832],[-113.77606,48.82608],[-113.78516,48.8326],[-113.78655,48.84006],[-113.79046,48.84549],[-113.80563,48.83887],[-113.81491,48.83971],[-113.81837,48.84822],[-113.82739,48.84881],[-113.83897,48.85179],[-113.84108,48.85579],[-113.86548,48.84726],[-113.87331,48.84194],[-113.87504,48.8373],[-113.89026,48.84157],[-113.89924,48.84687],[-113.91048,48.8486],[-113.91868,48.83504],[-113.92785,48.82922],[-113.95686,48.81747],[-113.96431,48.8231],[-113.97054,48.82337],[-113.97524,48.81967],[-113.9809,48.82577],[-113.98718,48.82665],[-114.00406,48.83308],[-113.99914,48.83902],[-113.98969,48.84059],[-113.98926,48.84575],[-113.99303,48.85412],[-114.00665,48.86496],[-114.01723,48.86475],[-114.02468,48.87074],[-114.03109,48.87993],[-114.05809,48.88895],[-114.05509,48.89463],[-114.03904,48.89506],[-114.01887,48.90303],[-114.0138,48.90851],[-114.01606,48.92174],[-114.02477,48.9334],[-114.03623,48.93143],[-114.0446,48.9328],[-114.04748,48.9364],[-114.04192,48.94063],[-114.04247,48.94589],[-114.02138,48.96113],[-114.02796,48.96473],[-114.04706,48.96261],[-114.05839,48.9799],[-114.05645,48.9861],[-114.06531,48.99222],[-114.06818,48.99892],[-114.18021,48.9997],[-114.20111,48.99925],[-114.25097,49.00091],[-114.37598,49.00139],[-114.47489,49.00115],[-114.46734,48.99535],[-114.46458,48.98957],[-114.45517,48.98692],[-114.45151,48.98039],[-114.4445,48.97316],[-114.43702,48.96973],[-114.42957,48.96174],[-114.42744,48.95534],[-114.42198,48.95265],[-114.41257,48.95186],[-114.40828,48.94089],[-114.40214,48.94145],[-114.39418,48.93663],[-114.39207,48.92934],[-114.38625,48.92711],[-114.38788,48.92139],[-114.38269,48.91317],[-114.37481,48.90705],[-114.3817,48.8974],[-114.37065,48.89457],[-114.36757,48.88318],[-114.3766,48.88227],[-114.37334,48.87488],[-114.36493,48.87465],[-114.3596,48.87208],[-114.3617,48.86466],[-114.36692,48.85744],[-114.35377,48.85773],[-114.35317,48.85206],[-114.34831,48.84642],[-114.34627,48.83885],[-114.33567,48.83309],[-114.34102,48.82523],[-114.33671,48.81734],[-114.32907,48.81598],[-114.32756,48.80787],[-114.32175,48.80504],[-114.31911,48.79779],[-114.30999,48.79718],[-114.28773,48.78862],[-114.28002,48.78107],[-114.27796,48.76289],[-114.27213,48.75405],[-114.26284,48.7509],[-114.26399,48.73456],[-114.25582,48.73183],[-114.2525,48.72772],[-114.25453,48.72394],[-114.24749,48.71934],[-114.2382,48.71771],[-114.23336,48.7136],[-114.21495,48.71413],[-114.20991,48.71164],[-114.20549,48.70239],[-114.20814,48.69446],[-114.20639,48.69193],[-114.19472,48.69085],[-114.18765,48.68707],[-114.19476,48.67843],[-114.18813,48.67365],[-114.18818,48.67],[-114.17874,48.66202],[-114.17398,48.66023],[-114.17285,48.65464],[-114.16287,48.64939],[-114.15275,48.64685],[-114.15887,48.6406],[-114.15575,48.63722],[-114.14567,48.63417],[-114.13743,48.62056],[-114.14806,48.61872],[-114.15367,48.61128],[-114.16567,48.61085],[-114.17154,48.60866],[-114.16042,48.60052],[-114.16702,48.59473],[-114.15441,48.59324],[-114.15742,48.58657],[-114.15676,48.58041],[-114.15099,48.5778],[-114.13957,48.57685],[-114.12835,48.57025],[-114.12644,48.55762],[-114.12371,48.55347],[-114.12516,48.54841],[-114.11817,48.54182],[-114.11836,48.53554],[-114.1141,48.53057],[-114.12292,48.52476],[-114.12117,48.52212],[-114.13048,48.51451],[-114.13262,48.50798],[-114.12698,48.50709],[-114.128,48.499],[-114.12114,48.48926],[-114.11169,48.49011],[-114.09407,48.48165],[-114.09059,48.4717],[-114.07748,48.47183],[-114.07126,48.46726],[-114.05926,48.47203],[-114.05058,48.47908],[-114.04635,48.4795],[-114.03742,48.48551],[-114.02399,48.4862],[-114.02052,48.49103],[-114.00435,48.49818],[-114.00586,48.50646],[-113.99473,48.50642],[-113.98709,48.49758],[-113.9752,48.49999],[-113.96227,48.49892],[-113.9521,48.4952],[-113.94355,48.50246],[-113.93086,48.50238],[-113.92551,48.49861],[-113.92009,48.50009],[-113.90998,48.49334],[-113.89389,48.49485],[-113.88988,48.49703],[-113.87781,48.49237],[-113.85878,48.49203],[-113.84844,48.48467],[-113.84285,48.48683],[-113.83382,48.48314],[-113.83049,48.47894],[-113.82394,48.47689],[-113.81257,48.46534],[-113.81198,48.4616],[-113.80397,48.45769],[-113.80276,48.45409],[-113.80652,48.44158],[-113.79665,48.43297],[-113.79011,48.42532],[-113.76807,48.42514],[-113.75818,48.41993],[-113.73066,48.41979],[-113.7211,48.41177],[-113.71472,48.40888],[-113.70614,48.40141],[-113.70576,48.39717],[-113.69596,48.39068],[-113.68238,48.3889],[-113.68511,48.38552],[-113.6806,48.38173],[-113.68119,48.37652],[-113.67144,48.37847],[-113.6696,48.36952],[-113.65973,48.36951],[-113.6585,48.36459],[-113.64976,48.36411],[-113.64115,48.35872],[-113.64526,48.35583],[-113.64179,48.34525],[-113.63911,48.34342],[-113.64055,48.3334],[-113.63427,48.32486],[-113.62689,48.31776],[-113.62007,48.31567],[-113.60926,48.30448],[-113.60415,48.29415],[-113.59999,48.29425],[-113.59396,48.28617],[-113.60663,48.27955],[-113.60508,48.26913],[-113.59374,48.26443],[-113.5864,48.26552],[-113.58329,48.26115],[-113.57158,48.25509],[-113.5748,48.24683],[-113.56828,48.24431],[-113.57098,48.24078],[-113.56541,48.2353],[-113.54969,48.23366],[-113.53131,48.23819],[-113.51923,48.23915],[-113.50636,48.24299],[-113.50001,48.24202],[-113.4887,48.24337],[-113.47308,48.24957],[-113.46647,48.26106],[-113.46099,48.26142],[-113.45362,48.26812],[-113.4542,48.27186],[-113.44803,48.27548],[-113.45332,48.28164],[-113.44929,48.28434],[-113.43431,48.28039],[-113.42805,48.28371],[-113.41423,48.29655],[-113.39538,48.29374],[-113.38573,48.29719],[-113.38241,48.30093],[-113.36564,48.30346],[-113.3646,48.31036],[-113.3573,48.31701]]]},"properties":{"STATEFP":"30","COUNTYFP":"029","COUSUBFP":"91449","COUSUBNS":"01940629","GEOIDFQ":"0600000US3002991449","GEOID":"3002991449","NAME":"Glacier National Park","NAMELSAD":"Glacier National Park CCD","STUSPS":"MT","NAMELSADCO":"Flathead County","STATE_NAME":"Montana","LSAD":"22","ALAND":2499046084,"AWATER":74878691}},
{"type":"Feature","geometry":{"type":"Polygon","coordinates":[[[-114.38919,48.31984],[-114.39554,48.31685],[-114.40641,48.32734],[-114.41513,48.32736],[-114.41733,48.32457],[-114.41717,48.23248],[-114.41023,48.22576],[-114.39477,48.22577],[-114.39547,48.18908],[-114.39525,48.18091],[-114.39745,48.17121],[-114.38864,48.16919],[-114.39706,48.16253],[-114.39292,48.1592],[-114.39143,48.15213],[-114.39284,48.14563],[-114.38861,48.13667],[-114.38835,48.12961],[-114.37223,48.13061],[-114.35797,48.14524],[-114.35223,48.14965],[-114.34181,48.1498],[-114.32716,48.14056],[-114.31988,48.13415],[-114.31704,48.12894],[-114.30118,48.12951],[-114.30159,48.13704],[-114.29481,48.13968],[-114.27691,48.13909],[-114.27688,48.14631],[-114.2466,48.14627],[-114.24628,48.14832],[-114.25956,48.14822],[-114.25976,48.15373],[-114.25248,48.15377],[-114.24806,48.15894],[-114.25221,48.16422],[-114.26463,48.16823],[-114.27008,48.17789],[-114.26958,48.1871],[-114.26477,48.1909],[-114.2679,48.19869],[-114.26623,48.20483],[-114.25577,48.21148],[-114.25092,48.21827],[-114.24174,48.22126],[-114.23619,48.22868],[-114.22736,48.23004],[-114.23412,48.24011],[-114.22603,48.24735],[-114.2266,48.25193],[-114.2198,48.25601],[-114.22179,48.2616],[-114.21026,48.2746],[-114.21124,48.27831],[-114.21919,48.28379],[-114.22093,48.29763],[-114.20909,48.30418],[-114.20742,48.31254],[-114.23514,48.31269],[-114.23523,48.32682],[-114.26241,48.32732],[-114.26252,48.34177],[-114.30059,48.34183],[-114.30034,48.31374],[-114.30356,48.30199],[-114.31453,48.30203],[-114.31462,48.31294],[-114.31706,48.32019],[-114.33587,48.32028],[-114.33951,48.31385],[-114.35068,48.3159],[-114.35502,48.32019],[-114.38919,48.31984]]]},"properties":{"STATEFP":"30","COUNTYFP":"029","COUSUBFP":"91890","COUSUBNS":"01940651","GEOIDFQ":"0600000US3002991890","GEOID":"3002991890","NAME":"Kalispell","NAMELSAD":"Kalispell CCD","STUSPS":"MT","NAMELSADCO":"Flathead County","STATE_NAME":"Montana","LSAD":"22","ALAND":248606896,"AWATER":6333280}},
{"type":"Feature","geometry":{"type":"Polygon","coordinates":[[[-104.73306,46.6127],[-104.73284,46.65626],[-104.60683,46.65597],[-104.60687,46.67038],[-104.6069,46.68492],[-104.60731,46.83188],[-104.60339,46.83187],[-104.60377,46.86085],[-105.00849,46.86138],[-105.03475,46.85338],[-105.04885,46.84412],[-105.06131,46.84665],[-105.06999,46.85273],[-105.07839,46.85399],[-105.09512,46.85174],[-105.10616,46.85223],[-105.12336,46.85789],[-105.12903,46.85852],[-105.14174,46.85576],[-105.14516,46.85263],[-105.14863,46.83692],[-105.15267,46.83241],[-105.16018,46.82886],[-105.17999,46.82573],[-105.19515,46.81685],[-105.21117,46.81489],[-105.22305,46.80655],[-105.23162,46.80285],[-105.24239,46.8008],[-105.25648,46.80119],[-105.27556,46.80573],[-105.28428,46.80629],[-105.29954,46.80399],[-105.30692,46.80482],[-105.32214,46.81],[-105.32637,46.81009],[-105.33817,46.80388],[-105.36069,46.80503],[-105.36923,46.80364],[-105.37622,46.79886],[-105.38806,46.79623],[-105.39551,46.79767],[-105.40797,46.79737],[-105.41578,46.79446],[-105.42119,46.78926],[-105.42104,46.78544],[-105.40617,46.77643],[-105.39979,46.77108],[-105.40018,46.76258],[-105.40711,46.76124],[-105.42634,46.76598],[-105.43125,46.76262],[-105.43634,46.74059],[-105.43635,46.73686],[-105.44361,46.72122],[-105.45268,46.72102],[-105.46415,46.71881],[-105.47418,46.70978],[-105.47745,46.70369],[-105.47474,46.69934],[-105.47677,46.69507],[-105.48814,46.687],[-105.49483,46.6775],[-105.49746,46.66584],[-105.51092,46.65809],[-105.492,46.65812],[-105.49192,46.60009],[-105.44941,46.60001],[-105.4492,46.57097],[-105.23906,46.57027],[-105.23924,46.54119],[-105.11291,46.54079],[-104.98471,46.54039],[-104.98474,46.56939],[-104.85875,46.56912],[-104.85874,46.61256],[-104.73306,46.6127]]]},"properties":{"STATEFP":"30","COUNTYFP":"079","COUSUBFP":"93486","COUSUBNS":"01940725","GEOIDFQ":"0600000US3007993486","GEOID":"3007993486","NAME":"Terry South","NAMELSAD":"Terry South CCD","STUSPS":"MT","NAMELSADCO":"Prairie County","STATE_NAME":"Montana","LSAD":"22","ALAND":1879252747,"AWATER":6754311}},
{"type":"Feature","geometry":{"type":"Polygon","coordinates":[[[-106.72757,45.67647],[-106.72957,45.67285],[-106.72956,45.52616],[-106.72962,45.40741],[-106.72071,45.40529],[-106.70966,45.40577],[-106.6869,45.40275],[-106.68114,45.39963],[-106.67235,45.39839],[-106.66497,45.40147],[-106.63816,45.40081],[-106.62914,45.40452],[-106.60112,45.39638],[-106.5904,45.39816],[-106.57277,45.39186],[-106.54947,45.39275],[-106.54679,45.38943],[-106.53628,45.38766],[-106.53337,45.38951],[-106.50621,45.37757],[-106.50082,45.37635],[-106.49601,45.38012],[-106.47681,45.38731],[-106.48065,45.39241],[-106.47455,45.39382],[-106.46873,45.39149],[-106.46163,45.40126],[-106.46417,45.4064],[-106.45664,45.40753],[-106.45857,45.41422],[-106.45675,45.42031],[-106.44532,45.42073],[-106.44509,45.41528],[-106.43834,45.41396],[-106.43674,45.42089],[-106.43052,45.42479],[-106.43223,45.43291],[-106.4259,45.43777],[-106.42469,45.4423],[-106.41294,45.44151],[-106.40644,45.44748],[-106.39272,45.45206],[-106.39209,45.46241],[-106.38302,45.46749],[-106.37601,45.47366],[-106.36859,45.47344],[-106.35829,45.47896],[-106.35814,45.48504],[-106.35,45.49057],[-106.35531,45.49564],[-106.34558,45.49746],[-106.3369,45.50418],[-106.3342,45.50963],[-106.33664,45.51298],[-106.32078,45.52003],[-106.3207,45.52781],[-106.31692,45.53393],[-106.32359,45.53896],[-106.32103,45.54317],[-106.31451,45.53959],[-106.30806,45.54181],[-106.29527,45.55169],[-106.2902,45.55834],[-106.29097,45.56462],[-106.2854,45.56409],[-106.28262,45.57156],[-106.28442,45.58043],[-106.29088,45.58509],[-106.28671,45.58953],[-106.2885,45.59584],[-106.29441,45.59835],[-106.28795,45.60317],[-106.27863,45.59996],[-106.26859,45.60234],[-106.26762,45.60576],[-106.27479,45.61058],[-106.28508,45.61126],[-106.2799,45.61585],[-106.27351,45.61623],[-106.27498,45.62162],[-106.28617,45.62131],[-106.2826,45.62735],[-106.27659,45.62878],[-106.27703,45.63359],[-106.28752,45.63195],[-106.27883,45.64096],[-106.28962,45.64831],[-106.28758,45.65393],[-106.2914,45.66198],[-106.28643,45.66349],[-106.28726,45.67198],[-106.28321,45.67712],[-106.2859,45.68354],[-106.33696,45.68431],[-106.33721,45.67921],[-106.36895,45.6797],[-106.37823,45.67837],[-106.37822,45.68561],[-106.43497,45.68559],[-106.435,45.68922],[-106.48241,45.68917],[-106.48241,45.69056],[-106.54363,45.69066],[-106.5444,45.68341],[-106.60459,45.68348],[-106.60447,45.67627],[-106.62516,45.67605],[-106.72757,45.67647]]]},"properties":{"STATEFP":"30","COUNTYFP":"087","COUSUBFP":"92457","COUSUBNS":"01940677","GEOIDFQ":"0600000US3008792457","GEOID":"3008792457","NAME":"Northern Cheyenne Reservation","NAMELSAD":"Northern Cheyenne Reservation CCD","STUSPS":"MT","NAMELSADCO":"Rosebud County","STATE_NAME":"Montana","LSAD":"22","ALAND":980860695,"AWATER":59019}},
{"type":"Feature","geometry":{"type":"Polygon","coordinates":[[[-105.23477,47.7905],[-105.36326,47.79042],[-105.3631,47.7613],[-105.36349,47.61773],[-105.36351,47.52956],[-105.40658,47.52953],[-105.40624,47.41319],[-105.40635,47.34453],[-105.40631,47.18158],[-105.32485,47.1815],[-105.32478,47.09326],[-105.21729,47.09318],[-105.2173,47.13668],[-105.07277,47.13644],[-105.07138,47.1379],[-105.00674,47.13812],[-104.99761,47.13935],[-104.98089,47.13536],[-104.97402,47.13819],[-104.94295,47.13826],[-104.94184,47.14305],[-104.96024,47.15362],[-104.99125,47.16686],[-105.00399,47.16898],[-105.00512,47.17602],[-105.00254,47.18142],[-105.00263,47.25381],[-104.93911,47.2537],[-104.93823,47.24646],[-104.91683,47.23901],[-104.901,47.23037],[-104.88483,47.22815],[-104.85201,47.19717],[-104.84194,47.19074],[-104.79204,47.16804],[-104.78502,47.16586],[-104.75204,47.16041],[-104.73833,47.15678],[-104.70508,47.15419],[-104.70176,47.16576],[-104.67799,47.1658],[-104.67098,47.17118],[-104.65853,47.17575],[-104.66005,47.18337],[-104.65747,47.19176],[-104.66396,47.19918],[-104.65538,47.20532],[-104.64324,47.21761],[-104.63325,47.22506],[-104.63597,47.23476],[-104.62898,47.24011],[-104.63133,47.24706],[-104.62546,47.25004],[-104.61126,47.24912],[-104.59322,47.25199],[-104.59625,47.2557],[-104.61005,47.25951],[-104.61173,47.26528],[-104.59567,47.27416],[-104.59047,47.27375],[-104.57479,47.2671],[-104.56203,47.2605],[-104.55564,47.26143],[-104.54914,47.27133],[-104.53987,47.27959],[-104.53388,47.28076],[-104.52038,47.28036],[-104.51257,47.28207],[-104.49966,47.28924],[-104.49567,47.29297],[-104.47939,47.29646],[-104.47608,47.30136],[-104.46151,47.30564],[-104.45098,47.31928],[-104.44762,47.32452],[-104.43589,47.33011],[-104.42263,47.34498],[-104.42035,47.35444],[-104.51329,47.35472],[-104.51305,47.52944],[-104.59405,47.52934],[-104.59378,47.60161],[-104.59366,47.61629],[-104.73733,47.61634],[-104.74476,47.61616],[-104.87179,47.61615],[-104.97855,47.61627],[-104.97809,47.70329],[-105.12553,47.70366],[-105.23502,47.70358],[-105.23477,47.7905]]]},"properties":{"STATEFP":"30","COUNTYFP":"021","COUSUBFP":"92782","COUSUBNS":"01940597","GEOIDFQ":"0600000US3002192782","GEOID":"3002192782","NAME":"Richey","NAMELSAD":"Richey CCD","STUSPS":"MT","NAMELSADCO":"Dawson County","STATE_NAME":"Montana","LSAD":"22","ALAND":3598522824,"AWATER":6626796}},
{"type":"Feature","geometry":{"type":"Polygon","coordinates":[[[-104.26689,47.64087],[-104.27707,47.64097],[-104.2895,47.63848],[-104.2991,47.63462],[-104.30216,47.63121],[-104.33072,47.62098],[-104.33372,47.61832],[-104.35007,47.61587],[-104.36793,47.61463],[-104.38152,47.61656],[-104.38655,47.61497],[-104.41259,47.62054],[-104.4167,47.61771],[-104.4247,47.62007],[-104.43662,47.62057],[-104.45044,47.62294],[-104.45945,47.62735],[-104.46318,47.63263],[-104.47725,47.63844],[-104.49045,47.64205],[-104.49593,47.64709],[-104.51101,47.64528],[-104.55045,47.64517],[-104.55093,47.60284],[-104.55167,47.60163],[-104.59378,47.60161],[-104.59405,47.52934],[-104.51305,47.52944],[-104.51329,47.35472],[-104.42035,47.35444],[-104.38529,47.3544],[-104.38529,47.35346],[-104.13186,47.3539],[-104.13151,47.3974],[-104.04507,47.39707],[-104.04411,47.5236],[-104.04391,47.60323],[-104.04353,47.67707],[-104.05747,47.67177],[-104.06891,47.67269],[-104.09583,47.67064],[-104.11185,47.6582],[-104.12255,47.65918],[-104.13305,47.66679],[-104.15345,47.67091],[-104.16875,47.66344],[-104.17836,47.65375],[-104.18977,47.64943],[-104.19531,47.64503],[-104.20934,47.64101],[-104.2181,47.64583],[-104.23077,47.64733],[-104.26142,47.63741],[-104.26689,47.64087]]]},"properties":{"STATEFP":"30","COUNTYFP":"083","COUSUBFP":"92982","COUSUBNS":"01940702","GEOIDFQ":"0600000US3008392982","GEOID":"3008392982","NAME":"Savage-Crane","NAMELSAD":"Savage-Crane CCD","STUSPS":"MT","NAMELSADCO":"Richland County","STATE_NAME":"Montana","LSAD":"22","ALAND":1146295138,"AWATER":15227577}},
{"type":"Feature","geometry":{"type":"Polygon","coordinates":[[[-108.45265,47.97654],[-108.43398,47.97655],[-108.4339,48.06556],[-108.43385,48.21955],[-108.41136,48.21955],[-108.41123,48.31547],[-108.41119,48.44498],[-108.42493,48.44371],[-108.4287,48.44005],[-108.42581,48.43458],[-108.43371,48.43144],[-108.43364,48.42604],[-108.44258,48.42856],[-108.44672,48.42374],[-108.43897,48.41895],[-108.44865,48.41375],[-108.45733,48.42215],[-108.46913,48.42153],[-108.47572,48.42629],[-108.48245,48.4231],[-108.48995,48.4226],[-108.49312,48.4269],[-108.48533,48.42809],[-108.49527,48.43385],[-108.50762,48.43365],[-108.51157,48.44139],[-108.52217,48.43828],[-108.52665,48.44259],[-108.53914,48.43569],[-108.54655,48.44348],[-108.54506,48.45041],[-108.5496,48.45471],[-108.56049,48.45664],[-108.56299,48.46546],[-108.5521,48.47371],[-108.57096,48.48024],[-108.57344,48.47817],[-108.58869,48.47815],[-108.59696,48.48023],[-108.60616,48.47604],[-108.61646,48.47819],[-108.62573,48.46959],[-108.62794,48.47665],[-108.63247,48.47877],[-108.63306,48.48492],[-108.64718,48.48992],[-108.66188,48.48639],[-108.67471,48.47794],[-108.69635,48.48454],[-108.6919,48.49059],[-108.71159,48.49835],[-108.72097,48.49448],[-108.71302,48.4914],[-108.71358,48.48548],[-108.72481,48.49011],[-108.73063,48.49451],[-108.73802,48.49465],[-108.74117,48.48707],[-108.75333,48.49319],[-108.76176,48.48802],[-108.76952,48.48558],[-108.77881,48.48534],[-108.78381,48.49268],[-108.79064,48.48859],[-108.80319,48.49286],[-108.79551,48.50026],[-108.80002,48.50118],[-108.81643,48.49929],[-108.821,48.50491],[-108.83049,48.50392],[-108.84116,48.51428],[-108.8459,48.51317],[-108.86233,48.51628],[-108.85482,48.51891],[-108.85625,48.52475],[-108.86627,48.52441],[-108.86193,48.53211],[-108.86844,48.53289],[-108.87226,48.53972],[-108.8764,48.54111],[-108.88813,48.53582],[-108.88887,48.45244],[-108.8888,48.39459],[-108.88809,48.2686],[-108.88763,48.19855],[-108.90886,48.19866],[-108.90874,48.19165],[-108.92359,48.19236],[-108.93688,48.18981],[-108.94135,48.18394],[-108.96003,48.18167],[-108.96441,48.17817],[-108.97317,48.18085],[-108.99436,48.18195],[-109.00503,48.18927],[-109.01267,48.17925],[-109.00249,48.16989],[-109.00574,48.15703],[-109.0085,48.15261],[-109.01817,48.15623],[-109.03591,48.15737],[-109.04947,48.15943],[-109.05398,48.16733],[-109.07076,48.16188],[-109.07313,48.14167],[-109.08332,48.13176],[-109.08135,48.12698],[-109.08124,48.0988],[-109.07569,48.09571],[-109.06882,48.0956],[-109.0689,48.10253],[-109.06025,48.10247],[-109.06028,48.08722],[-109.07803,48.08882],[-109.07778,48.08347],[-109.09857,48.08452],[-109.09853,48.07364],[-109.09041,48.06825],[-109.09169,48.05676],[-109.08745,48.05002],[-109.08169,48.04604],[-109.0821,48.04088],[-109.071,48.03813],[-109.06891,48.03362],[-109.07388,48.02938],[-109.068,48.02504],[-109.06223,48.02411],[-109.04819,48.01549],[-109.04209,48.0054],[-109.0357,48.0014],[-109.02558,48.00099],[-109.0135,48.00477],[-109.01259,48.00859],[-108.99909,48.0111],[-108.98628,48.01599],[-108.97915,48.01155],[-108.98306,48.00922],[-108.97998,47.99809],[-108.96031,47.98799],[-108.95177,47.97682],[-108.94474,47.97704],[-108.93543,47.98165],[-108.91954,47.97512],[-108.91008,47.97841],[-108.90709,47.98566],[-108.89844,47.98571],[-108.88683,47.99376],[-108.88863,47.99929],[-108.89687,48.0036],[-108.90307,48.00339],[-108.91526,48.00759],[-108.92659,48.01462],[-108.9114,48.02206],[-108.89726,48.01484],[-108.88551,48.01731],[-108.88535,47.92273],[-108.67169,47.92326],[-108.66213,47.92497],[-108.65613,47.91998],[-108.63909,47.92064],[-108.63757,47.92287],[-108.62559,47.92041],[-108.62326,47.95724],[-108.60758,47.991],[-108.5978,47.99192],[-108.58754,47.98659],[-108.56956,47.98127],[-108.45192,47.97722],[-108.45265,47.97654]]]},"properties":{"STATEFP":"30","COUNTYFP":"005","COUSUBFP":"91176","COUSUBNS":"01940616","GEOIDFQ":"0600000US3000591176","GEOID":"3000591176","NAME":"Fort Belknap","NAMELSAD":"Fort Belknap CCD","STUSPS":"MT","NAMELSADCO":"Blaine County","STATE_NAME":"Montana","LSAD":"22","ALAND":2300210095,"AWATER":7313466}},
{"type":"Feature","geometry":{"type":"Polygon","coordinates":[[[-111.98285,48.39423],[-111.92584,48.39398],[-111.92584,48.39296],[-111.79591,48.39308],[-111.79585,48.34981],[-111.66576,48.34946],[-111.6656,48.21955],[-111.54076,48.21953],[-111.5396,48.21937],[-111.40902,48.21954],[-111.27531,48.21953],[-111.27534,48.34251],[-111.27551,48.46842],[-111.27553,48.56645],[-111.27342,48.56645],[-111.27334,48.74043],[-111.34114,48.74026],[-111.33893,48.73474],[-111.33893,48.69684],[-111.4806,48.69675],[-111.68715,48.6967],[-111.68753,48.69681],[-111.86221,48.6967],[-111.86214,48.65321],[-111.99406,48.65328],[-112.14424,48.65336],[-112.15666,48.6497],[-112.17743,48.64973],[-112.18913,48.64728],[-112.1891,48.56647],[-112.18459,48.56647],[-112.18478,48.47758],[-112.17936,48.47726],[-112.17453,48.46735],[-112.1596,48.46364],[-112.15362,48.46457],[-112.15193,48.47141],[-112.1398,48.46728],[-112.13374,48.46686],[-112.12422,48.46054],[-112.12285,48.45589],[-112.11615,48.45623],[-112.11483,48.45074],[-112.09942,48.44996],[-112.09941,48.44331],[-112.0943,48.44065],[-112.08322,48.4429],[-112.07758,48.43537],[-112.07098,48.43891],[-112.07303,48.44407],[-112.06706,48.44519],[-112.06244,48.44119],[-112.05704,48.44713],[-112.04648,48.44871],[-112.04303,48.45287],[-112.03689,48.45179],[-112.03427,48.44735],[-112.01687,48.44336],[-112.01606,48.44877],[-112.00645,48.4494],[-112.00813,48.44186],[-112.00086,48.4422],[-111.99094,48.43855],[-111.99089,48.39427],[-111.98285,48.39423]]]},"properties":{"STATEFP":"30","COUNTYFP":"101","COUSUBFP":"93014","COUSUBNS":"01940714","GEOIDFQ":"0600000US3010193014","GEOID":"3010193014","NAME":"Shelby","NAMELSAD":"Shelby CCD","STUSPS":"MT","NAMELSADCO":"Toole County","STATE_NAME":"Montana","LSAD":"22","ALAND":2645043541,"AWATER":44128480}},
{"type":"Feature","geometry":{"type":"Polygon","coordinates":[[[-104.51611,46.09826],[-104.51608,46.05484],[-104.48293,46.05468],[-104.39074,46.05483],[-104.39088,45.97036],[-104.36956,45.97082],[-104.32806,45.9707],[-104.32799,45.96802],[-104.20391,45.96798],[-104.20391,45.96883],[-104.13484,45.96883],[-104.13483,45.88193],[-104.04403,45.88198],[-104.04682,46.0002],[-104.04576,46.12395],[-104.04524,46.125],[-104.04542,46.28008],[-104.04548,46.36687],[-104.0461,46.38392],[-104.04504,46.50979],[-104.04527,46.6415],[-104.11261,46.64162],[-104.35483,46.64141],[-104.3547,46.67038],[-104.418,46.67044],[-104.418,46.68489],[-104.6069,46.68492],[-104.60687,46.67038],[-104.56831,46.67049],[-104.55113,46.66961],[-104.54275,46.67047],[-104.52315,46.67032],[-104.50887,46.66201],[-104.49555,46.64841],[-104.49067,46.63664],[-104.48393,46.6309],[-104.47915,46.62261],[-104.47114,46.61557],[-104.45867,46.61155],[-104.45449,46.60877],[-104.44884,46.59685],[-104.44205,46.58854],[-104.43513,46.58449],[-104.436,46.57771],[-104.43099,46.57147],[-104.42153,46.56807],[-104.41364,46.56314],[-104.40271,46.5453],[-104.39778,46.52515],[-104.38222,46.50397],[-104.375,46.49899],[-104.36747,46.49044],[-104.35439,46.48395],[-104.33333,46.45893],[-104.33127,46.45081],[-104.31963,46.43707],[-104.31938,46.4325],[-104.32488,46.42619],[-104.38431,46.42586],[-104.38391,46.39731],[-104.38625,46.39016],[-104.41078,46.398],[-104.42611,46.4051],[-104.42789,46.39662],[-104.42773,46.33915],[-104.51131,46.33908],[-104.51116,46.31307],[-104.50816,46.31018],[-104.49036,46.31017],[-104.49024,46.28197],[-104.48853,46.27453],[-104.48918,46.26683],[-104.48732,46.25947],[-104.47966,46.25171],[-104.47382,46.24262],[-104.47597,46.24053],[-104.49006,46.23601],[-104.48978,46.13609],[-104.49529,46.12719],[-104.49524,46.09821],[-104.51611,46.09826]]]},"properties":{"STATEFP":"30","COUNTYFP":"025","COUSUBFP":"90168","COUSUBNS":"01940565","GEOIDFQ":"0600000US3002590168","GEOID":"3002590168","NAME":"Baker","NAMELSAD":"Baker CCD","STUSPS":"MT","NAMELSADCO":"Fallon County","STATE_NAME":"Montana","LSAD":"22","ALAND":2399457659,"AWATER":4536589}},
{"type":"Feature","geometry":{"type":"Polygon","coordinates":[[[-110.74306,48.99856],[-110.88671,48.99812],[-110.99003,48.9976],[-110.99023,48.99162],[-110.9848,48.98543],[-110.98474,48.95981],[-110.98127,48.95171],[-110.98503,48.94513],[-110.98474,48.93978],[-110.96281,48.92638],[-110.96213,48.91424],[-110.94772,48.91353],[-110.94752,48.88538],[-110.93104,48.88538],[-110.93042,48.84195],[-110.92552,48.84124],[-110.9249,48.74047],[-110.86,48.74049],[-110.85954,48.65373],[-110.83775,48.65357],[-110.83724,48.56675],[-110.84346,48.56669],[-110.84359,48.55184],[-110.84313,48.45146],[-110.8214,48.45152],[-110.82134,48.42252],[-110.8648,48.4223],[-110.86456,48.3789],[-110.84269,48.37855],[-110.84266,48.3255],[-110.85297,48.32354],[-110.85708,48.32003],[-110.85595,48.31247],[-110.85806,48.30804],[-110.85441,48.30018],[-110.85826,48.29371],[-110.85669,48.28738],[-110.86615,48.28458],[-110.86318,48.27975],[-110.86445,48.27023],[-110.85569,48.2688],[-110.84801,48.27055],[-110.84221,48.26466],[-110.82293,48.25791],[-110.8319,48.25614],[-110.83552,48.24295],[-110.82348,48.24345],[-110.81757,48.24152],[-110.80817,48.23346],[-110.79625,48.2366],[-110.78038,48.22868],[-110.77305,48.22878],[-110.7558,48.23616],[-110.7562,48.55314],[-110.75618,48.56649],[-110.75011,48.56652],[-110.75059,48.91409],[-110.7427,48.91409],[-110.74246,48.95026],[-110.74306,48.99856]]]},"properties":{"STATEFP":"30","COUNTYFP":"051","COUSUBFP":"91848","COUSUBNS":"01940649","GEOIDFQ":"0600000US3005191848","GEOID":"3005191848","NAME":"Joplin","NAMELSAD":"Joplin CCD","STUSPS":"MT","NAMELSADCO":"Liberty County","STATE_NAME":"Montana","LSAD":"22","ALAND":802312525,"AWATER":765618}},
{"type":"Feature","geometry":{"type":"Polygon","coordinates":[[[-110.28197,46.22061],[-109.89708,46.21935],[-109.73148,46.2191],[-109.72371,46.22752],[-109.71692,46.22833],[-109.71701,46.24491],[-109.71821,46.25004],[-109.71745,46.27787],[-109.72611,46.2832],[-109.7211,46.29193],[-109.72834,46.29581],[-109.73483,46.30497],[-109.7584,46.31282],[-109.76005,46.31576],[-109.7997,46.31597],[-109.7997,46.35928],[-109.7942,46.36796],[-109.79982,46.38279],[-109.80004,46.4298],[-109.81744,46.43808],[-109.82292,46.43859],[-109.82299,46.44832],[-109.82013,46.45922],[-109.81385,46.46521],[-109.81024,46.47296],[-109.81474,46.50429],[-109.82046,46.5144],[-109.81921,46.52648],[-109.81902,46.56227],[-109.80851,46.56509],[-109.80844,46.67129],[-109.80319,46.67174],[-109.80339,46.68831],[-109.80742,46.69338],[-109.81987,46.69345],[-109.83065,46.69704],[-109.82932,46.70111],[-109.83303,46.70578],[-109.84516,46.71081],[-109.85779,46.70826],[-109.87583,46.7141],[-109.89576,46.72593],[-109.90839,46.73126],[-109.9127,46.72976],[-109.93615,46.73781],[-109.94648,46.74442],[-109.9678,46.75088],[-109.98941,46.75022],[-109.9935,46.74605],[-110.00233,46.74244],[-110.01472,46.74215],[-110.02899,46.73621],[-110.0378,46.74355],[-110.04314,46.74353],[-110.05272,46.74962],[-110.07075,46.74515],[-110.08613,46.7469],[-110.09311,46.74301],[-110.10284,46.74399],[-110.10987,46.73977],[-110.11571,46.73887],[-110.12251,46.72895],[-110.12099,46.72275],[-110.12718,46.71893],[-110.13723,46.71922],[-110.15845,46.71631],[-110.19156,46.72563],[-110.20386,46.71734],[-110.2041,46.7137],[-110.2103,46.70866],[-110.22245,46.71109],[-110.22987,46.70907],[-110.24137,46.70844],[-110.25846,46.71143],[-110.26971,46.71212],[-110.27334,46.71051],[-110.273,46.48983],[-110.28147,46.48983],[-110.28141,46.4821],[-110.28197,46.22061]]]},"properties":{"STATEFP":"30","COUNTYFP":"107","COUSUBFP":"91659","COUSUBNS":"01940640","GEOIDFQ":"0600000US3010791659","GEOID":"3010791659","NAME":"Harlowton","NAMELSAD":"Harlowton CCD","STUSPS":"MT","NAMELSADCO":"Wheatland County","STATE_NAME":"Montana","LSAD":"22","ALAND":2096748566,"AWATER":4668717}},
{"type":"Feature","geometry":{"type":"Polygon","coordinates":[[[-109.54138,45.36595],[-109.54139,45.37735],[-109.52087,45.37736],[-109.52088,45.39185],[-109.50032,45.39185],[-109.50032,45.40633],[-109.47971,45.40636],[-109.4797,45.42083],[-109.43852,45.42077],[-109.43859,45.43527],[-109.41831,45.4353],[-109.41835,45.44976],[-109.39759,45.44977],[-109.40289,45.4518],[-109.40429,45.45748],[-109.39396,45.46561],[-109.39388,45.47668],[-109.4004,45.48242],[-109.40273,45.49456],[-109.40975,45.49692],[-109.41095,45.50863],[-109.40781,45.51519],[-109.41859,45.52422],[-109.41795,45.52925],[-109.41112,45.53266],[-109.41627,45.53751],[-109.42112,45.53572],[-109.433,45.5361],[-109.43809,45.53398],[-109.44407,45.53597],[-109.45495,45.5335],[-109.46671,45.52878],[-109.47659,45.53113],[-109.48995,45.52958],[-109.51582,45.53627],[-109.51604,45.54614],[-109.53208,45.55259],[-109.55057,45.55332],[-109.56197,45.55729],[-109.56387,45.56462],[-109.55986,45.56863],[-109.54563,45.57113],[-109.54658,45.58009],[-109.54186,45.58369],[-109.54208,45.59511],[-109.54881,45.59616],[-109.55064,45.60121],[-109.54687,45.60703],[-109.55202,45.61049],[-109.55201,45.62517],[-109.54174,45.63244],[-109.53461,45.63491],[-109.5414,45.63859],[-109.54176,45.64516],[-109.56035,45.64531],[-109.56208,45.64667],[-109.56207,45.60912],[-109.68538,45.60902],[-109.68538,45.56561],[-109.80879,45.56593],[-109.80884,45.52247],[-109.93202,45.52246],[-109.93198,45.34876],[-110.06458,45.34876],[-110.06452,45.17213],[-109.79867,45.17213],[-109.79867,45.16734],[-109.68779,45.16734],[-109.68786,45.26144],[-109.6085,45.26145],[-109.60883,45.30483],[-109.58818,45.30487],[-109.58822,45.33391],[-109.56766,45.3339],[-109.56763,45.34838],[-109.56193,45.34837],[-109.56192,45.36284],[-109.54138,45.36287],[-109.54138,45.36595]]]},"properties":{"STATEFP":"30","COUNTYFP":"095","COUSUBFP":"90021","COUSUBNS":"01940558","GEOIDFQ":"0600000US3009590021","GEOID":"3009590021","NAME":"Absarokee","NAMELSAD":"Absarokee CCD","STUSPS":"MT","NAMELSADCO":"Stillwater County","STATE_NAME":"Montana","LSAD":"22","ALAND":1538868769,"AWATER":6497964}},
{"type":"Feature","geometry":{"type":"Polygon","coordinates":[[[-110.65288,46.82363],[-110.64471,46.81648],[-110.64952,46.80147],[-110.64321,46.79135],[-110.63307,46.7849],[-110.62898,46.77815],[-110.62174,46.77658],[-110.62069,46.77222],[-110.60157,46.76999],[-110.58604,46.7707],[-110.57747,46.76976],[-110.56766,46.7719],[-110.5577,46.76358],[-110.56175,46.74697],[-110.56433,46.73886],[-110.56149,46.73209],[-110.54882,46.73047],[-110.543,46.7243],[-110.5339,46.72157],[-110.52434,46.71279],[-110.51708,46.71161],[-110.50632,46.71277],[-110.49707,46.70258],[-110.49207,46.70433],[-110.48306,46.70147],[-110.48011,46.68914],[-110.47453,46.68521],[-110.46635,46.68336],[-110.46681,46.6788],[-110.45457,46.67955],[-110.43655,46.68651],[-110.42111,46.67774],[-110.41027,46.68472],[-110.39817,46.68842],[-110.37529,46.69291],[-110.36119,46.68977],[-110.34948,46.68246],[-110.34424,46.67256],[-110.33376,46.67206],[-110.32652,46.6759],[-110.32964,46.68001],[-110.32614,46.68559],[-110.31944,46.68495],[-110.31464,46.68851],[-110.306,46.68776],[-110.29684,46.69355],[-110.29656,46.69776],[-110.28037,46.70928],[-110.27334,46.71051],[-110.26971,46.71212],[-110.25846,46.71143],[-110.24137,46.70844],[-110.22987,46.70907],[-110.22245,46.71109],[-110.2103,46.70866],[-110.2041,46.7137],[-110.20386,46.71734],[-110.19156,46.72563],[-110.15845,46.71631],[-110.13723,46.71922],[-110.12718,46.71893],[-110.12099,46.72275],[-110.12251,46.72895],[-110.11571,46.73887],[-110.10987,46.73977],[-110.10284,46.74399],[-110.09311,46.74301],[-110.08613,46.7469],[-110.07075,46.74515],[-110.05272,46.74962],[-110.04314,46.74353],[-110.0378,46.74355],[-110.02899,46.73621],[-110.01472,46.74215],[-110.00233,46.74244],[-109.9935,46.74605],[-109.98941,46.75022],[-109.9678,46.75088],[-109.94648,46.74442],[-109.93615,46.73781],[-109.9127,46.72976],[-109.90839,46.73126],[-109.89576,46.72593],[-109.87583,46.7141],[-109.85779,46.70826],[-109.84516,46.71081],[-109.83303,46.70578],[-109.82932,46.70111],[-109.83065,46.69704],[-109.81987,46.69345],[-109.80742,46.69338],[-109.76485,46.6935],[-109.74574,46.6941],[-109.74581,46.74433],[-109.75638,46.74424],[-109.75667,46.78039],[-109.78761,46.78026],[-109.78776,46.79475],[-109.79836,46.79473],[-109.79846,46.80197],[-109.83013,46.80193],[-109.83015,46.80916],[-109.83542,46.80916],[-109.83557,46.83087],[-109.79883,46.83093],[-109.79726,46.83809],[-109.79747,46.86704],[-109.79218,46.86705],[-109.79225,46.88152],[-109.77641,46.88154],[-109.77651,46.89601],[-109.75542,46.89602],[-109.75592,47.05419],[-109.75657,47.18569],[-109.87198,47.18532],[-109.87218,47.20165],[-109.88039,47.19509],[-109.89777,47.19003],[-109.90695,47.18485],[-109.91635,47.17719],[-109.9319,47.17668],[-109.93499,47.17186],[-109.94239,47.17187],[-109.95141,47.16541],[-109.95556,47.16652],[-109.95967,47.16077],[-109.96966,47.16125],[-109.9716,47.15843],[-109.98147,47.1554],[-109.98871,47.15599],[-109.9985,47.15339],[-110.0104,47.14229],[-110.00971,47.05507],[-110.03055,47.055],[-110.03043,46.99773],[-110.03111,46.9974],[-110.17603,46.99654],[-110.17727,46.98214],[-110.21961,46.98237],[-110.21981,46.9877],[-110.22528,46.98803],[-110.23799,46.97478],[-110.24341,46.96665],[-110.25973,46.96555],[-110.27152,46.96069],[-110.2811,46.96081],[-110.28553,46.97671],[-110.29815,47.00368],[-110.30532,47.0075],[-110.3145,47.00743],[-110.32016,47.01049],[-110.35117,47.01075],[-110.36007,47.01605],[-110.37226,47.01926],[-110.38539,47.02632],[-110.41917,47.02727],[-110.43281,47.03387],[-110.44738,47.04287],[-110.46191,47.03522],[-110.47647,47.0345],[-110.48639,47.02926],[-110.49833,47.02886],[-110.50673,47.03219],[-110.51338,47.03985],[-110.5121,47.04717],[-110.51955,47.05257],[-110.53279,47.05355],[-110.54684,47.05661],[-110.54985,47.0548],[-110.56209,47.05627],[-110.56814,47.06175],[-110.57482,47.06406],[-110.58497,47.06063],[-110.58017,47.05751],[-110.56598,47.05364],[-110.57685,47.0477],[-110.58547,47.04691],[-110.6035,47.04788],[-110.62295,47.04546],[-110.63407,47.04969],[-110.64518,47.05194],[-110.64511,47.01069],[-110.64075,47.01068],[-110.64095,46.92393],[-110.63627,46.92393],[-110.63638,46.83716],[-110.65291,46.83716],[-110.65288,46.82363]]]},"properties":{"STATEFP":"30","COUNTYFP":"045","COUSUBFP":"91785","COUSUBNS":"01940646","GEOIDFQ":"0600000US3004591785","GEOID":"3004591785","NAME":"Hobson","NAMELSAD":"Hobson CCD","STUSPS":"MT","NAMELSADCO":"Judith Basin County","STATE_NAME":"Montana","LSAD":"22","ALAND":2530595405,"AWATER":1443814}},
{"type":"Feature","geometry":{"type":"Polygon","coordinates":[[[-104.57904,48.38937],[-104.57203,48.39521],[-104.57559,48.39809],[-104.57393,48.40294],[-104.56299,48.41517],[-104.56233,48.42325],[-104.55326,48.42699],[-104.55638,48.43483],[-104.551,48.4427],[-104.55127,48.44762],[-104.56039,48.45062],[-104.55477,48.4542],[-104.56387,48.4604],[-104.55634,48.46476],[-104.56285,48.46875],[-104.55961,48.47609],[-104.56379,48.48143],[-104.55171,48.49017],[-104.54699,48.49823],[-104.55365,48.51085],[-104.54967,48.51219],[-104.5459,48.52153],[-104.53495,48.52664],[-104.53088,48.5332],[-104.51729,48.53564],[-104.51518,48.54128],[-104.50794,48.54217],[-104.50193,48.54758],[-104.4967,48.54867],[-104.49598,48.55495],[-104.48542,48.5624],[-104.47912,48.57384],[-104.46765,48.58358],[-104.4602,48.5926],[-104.46452,48.59488],[-104.46446,48.59981],[-104.45633,48.60509],[-104.45364,48.60923],[-104.45514,48.62207],[-104.45097,48.62442],[-104.44731,48.63503],[-104.60218,48.63439],[-104.6057,48.63423],[-104.74659,48.63376],[-104.75057,48.6334],[-104.847,48.63309],[-104.97335,48.63289],[-104.97335,48.56319],[-104.75762,48.56313],[-104.75764,48.47656],[-104.62773,48.47635],[-104.62776,48.38936],[-104.57904,48.38937]]]},"properties":{"STATEFP":"30","COUNTYFP":"091","COUSUBFP":"91260","COUSUBNS":"01940620","GEOIDFQ":"0600000US3009191260","GEOID":"3009191260","NAME":"Fort Peck Reservation","NAMELSAD":"Fort Peck Reservation CCD","STUSPS":"MT","NAMELSADCO":"Sheridan County","STATE_NAME":"Montana","LSAD":"22","ALAND":502908914,"AWATER":0}},
{"type":"Feature","geometry":{"type":"Polygon","coordinates":[[[-106.33733,48.11721],[-106.34026,48.12456],[-106.32499,48.13348],[-106.32882,48.13655],[-106.3415,48.13825],[-106.3637,48.14643],[-106.37092,48.15625],[-106.37906,48.16001],[-106.37831,48.16842],[-106.38444,48.17349],[-106.38663,48.18315],[-106.3815,48.18952],[-106.38625,48.19374],[-106.38713,48.20204],[-106.38341,48.2056],[-106.38327,48.2173],[-106.38509,48.22329],[-106.38533,48.23464],[-106.39319,48.23682],[-106.40015,48.24932],[-106.39783,48.25506],[-106.40901,48.26392],[-106.41032,48.27191],[-106.40611,48.27405],[-106.41088,48.28228],[-106.40501,48.28364],[-106.40217,48.29103],[-106.40584,48.2959],[-106.40348,48.30152],[-106.40549,48.30616],[-106.40107,48.3133],[-106.39515,48.31559],[-106.39953,48.32056],[-106.40029,48.32841],[-106.39741,48.3396],[-106.40754,48.35058],[-106.40503,48.35648],[-106.41235,48.36078],[-106.41065,48.36754],[-106.41783,48.37138],[-106.42355,48.37739],[-106.42786,48.37715],[-106.43381,48.3838],[-106.43904,48.39508],[-106.43964,48.40333],[-106.44819,48.40913],[-106.45201,48.42017],[-106.45598,48.42488],[-106.46527,48.43015],[-106.47401,48.43841],[-106.48046,48.44711],[-106.47969,48.45568],[-106.4849,48.4603],[-106.49347,48.46358],[-106.48962,48.46771],[-106.49455,48.47346],[-106.49391,48.47951],[-106.48609,48.4858],[-106.48935,48.49271],[-106.48627,48.49629],[-106.4882,48.50304],[-106.48751,48.51073],[-106.48218,48.5156],[-106.48892,48.5172],[-106.49001,48.52288],[-106.49914,48.5282],[-106.50218,48.53325],[-106.51242,48.53905],[-106.51925,48.5473],[-106.52941,48.55261],[-106.53007,48.55777],[-106.54339,48.56359],[-106.55413,48.58048],[-106.55433,48.59878],[-106.55803,48.60062],[-106.55724,48.60656],[-106.56341,48.61126],[-106.5638,48.62248],[-106.5726,48.62665],[-106.57236,48.63096],[-106.57793,48.63466],[-106.58755,48.64697],[-106.59537,48.65029],[-106.59463,48.65745],[-106.59752,48.66475],[-106.65092,48.66481],[-106.6729,48.65711],[-106.67894,48.65323],[-106.69779,48.65892],[-106.70946,48.652],[-106.71912,48.65244],[-106.72429,48.64722],[-106.72558,48.64062],[-106.74853,48.63985],[-106.76255,48.62914],[-106.77087,48.62135],[-106.787,48.60303],[-106.79715,48.59545],[-106.79771,48.58556],[-106.79585,48.57116],[-106.81955,48.56181],[-106.83544,48.54834],[-106.83499,48.54269],[-106.84029,48.53753],[-106.83769,48.53086],[-106.84307,48.52236],[-106.84954,48.51774],[-106.85062,48.5132],[-106.84218,48.50262],[-106.83907,48.49466],[-106.84096,48.48908],[-106.82561,48.46152],[-106.82933,48.45252],[-106.83467,48.44942],[-106.84507,48.45112],[-106.8454,48.40653],[-106.85204,48.40417],[-106.85322,48.39704],[-106.86054,48.39421],[-106.8741,48.39228],[-106.88624,48.39417],[-106.88765,48.3863],[-106.893,48.38635],[-106.8977,48.37997],[-106.89431,48.37771],[-106.89858,48.37261],[-106.89223,48.37094],[-106.89421,48.36527],[-106.88392,48.36142],[-106.89138,48.34995],[-106.88579,48.34651],[-106.87983,48.35417],[-106.86703,48.3443],[-106.84935,48.3444],[-106.84052,48.33662],[-106.83227,48.33272],[-106.83349,48.32764],[-106.82712,48.31644],[-106.80651,48.30476],[-106.79871,48.30584],[-106.80295,48.31212],[-106.79862,48.31673],[-106.79211,48.31362],[-106.79688,48.308],[-106.79176,48.30285],[-106.78482,48.30228],[-106.77909,48.29753],[-106.7855,48.29546],[-106.78076,48.29075],[-106.78446,48.28092],[-106.7717,48.28324],[-106.76759,48.27547],[-106.77191,48.26784],[-106.76888,48.26597],[-106.75765,48.2715],[-106.74635,48.26602],[-106.74323,48.25873],[-106.75052,48.25955],[-106.75202,48.25509],[-106.741,48.24866],[-106.7322,48.24783],[-106.71568,48.25159],[-106.70923,48.24999],[-106.70741,48.2446],[-106.70004,48.24596],[-106.69914,48.23843],[-106.68844,48.24048],[-106.68234,48.23787],[-106.68429,48.23279],[-106.69616,48.22773],[-106.69167,48.22168],[-106.67835,48.22491],[-106.67655,48.21694],[-106.6728,48.21171],[-106.67753,48.20791],[-106.67569,48.20456],[-106.68211,48.19799],[-106.66938,48.19495],[-106.6648,48.18821],[-106.65823,48.19459],[-106.65372,48.19116],[-106.65983,48.18697],[-106.64655,48.18324],[-106.65039,48.17786],[-106.64117,48.17148],[-106.63669,48.17334],[-106.62934,48.18397],[-106.62848,48.17384],[-106.61655,48.17898],[-106.61149,48.17274],[-106.60538,48.17096],[-106.60799,48.16542],[-106.5958,48.16531],[-106.60054,48.16092],[-106.57926,48.15765],[-106.5839,48.1529],[-106.57958,48.15076],[-106.57664,48.15918],[-106.5639,48.1599],[-106.55782,48.15559],[-106.55025,48.15375],[-106.53885,48.159],[-106.53345,48.15572],[-106.54764,48.1494],[-106.55116,48.14056],[-106.54707,48.13916],[-106.54651,48.13298],[-106.53879,48.13471],[-106.53387,48.14336],[-106.52872,48.13929],[-106.50405,48.14901],[-106.49397,48.15071],[-106.487,48.14399],[-106.47941,48.14829],[-106.48359,48.15206],[-106.47678,48.16079],[-106.46318,48.15793],[-106.46718,48.147],[-106.44058,48.15021],[-106.43514,48.1467],[-106.4271,48.14844],[-106.4259,48.14033],[-106.4176,48.13455],[-106.42001,48.12979],[-106.40688,48.12586],[-106.3953,48.13522],[-106.39058,48.13157],[-106.38334,48.13341],[-106.38325,48.12705],[-106.3792,48.11964],[-106.36939,48.12118],[-106.36585,48.13006],[-106.35942,48.12891],[-106.35007,48.12271],[-106.35131,48.11866],[-106.36012,48.11558],[-106.35869,48.11288],[-106.34557,48.11049],[-106.34679,48.11481],[-106.33733,48.11721]]]},"properties":{"STATEFP":"30","COUNTYFP":"105","COUSUBFP":"91470","COUSUBNS":"01940631","GEOIDFQ":"0600000US3010591470","GEOID":"3010591470","NAME":"Glasgow","NAMELSAD":"Glasgow CCD","STUSPS":"MT","NAMELSADCO":"Valley County","STATE_NAME":"Montana","LSAD":"22","ALAND":1394548104,"AWATER":1017761}},
{"type":"Feature","geometry":{"type":"Polygon","coordinates":[[[-106.02098,48.63192],[-106.02098,48.63284],[-106.02118,48.71716],[-106.02125,48.82398],[-106.15191,48.82393],[-106.15193,48.91064],[-106.112,48.91065],[-106.11206,48.99928],[-106.23399,48.99942],[-106.24621,48.99926],[-106.37462,48.99962],[-106.47961,48.99937],[-106.61754,48.99958],[-106.83165,48.99975],[-106.83516,48.99482],[-106.83338,48.98763],[-106.81927,48.98006],[-106.80934,48.97816],[-106.8056,48.97098],[-106.79983,48.96673],[-106.78375,48.96671],[-106.78321,48.93743],[-106.78369,48.9121],[-106.78119,48.91238],[-106.71236,48.91243],[-106.70532,48.91076],[-106.69752,48.91282],[-106.68001,48.91239],[-106.60683,48.91229],[-106.5868,48.90731],[-106.5704,48.90446],[-106.55557,48.9035],[-106.54628,48.90044],[-106.54459,48.89717],[-106.53128,48.89108],[-106.52286,48.88189],[-106.50148,48.88153],[-106.5005,48.87102],[-106.47942,48.87039],[-106.47941,48.85709],[-106.49038,48.85327],[-106.49042,48.83606],[-106.49587,48.83107],[-106.49586,48.80823],[-106.50133,48.80428],[-106.50104,48.77231],[-106.5085,48.76604],[-106.52317,48.76607],[-106.5231,48.66471],[-106.59752,48.66475],[-106.59463,48.65745],[-106.59537,48.65029],[-106.58755,48.64697],[-106.57793,48.63466],[-106.47923,48.63514],[-106.43823,48.63564],[-106.41738,48.63469],[-106.28289,48.63402],[-106.19689,48.63337],[-106.12557,48.63312],[-106.06715,48.63226],[-106.02098,48.63192]]]},"properties":{"STATEFP":"30","COUNTYFP":"105","COUSUBFP":"92562","COUSUBNS":"01940685","GEOIDFQ":"0600000US3010592562","GEOID":"3010592562","NAME":"Opheim","NAMELSAD":"Opheim CCD","STUSPS":"MT","NAMELSADCO":"Valley County","STATE_NAME":"Montana","LSAD":"22","ALAND":1532698857,"AWATER":687147}},
{"type":"Feature","geometry":{"type":"Polygon","coordinates":[[[-112.22906,48.48361],[-112.23113,48.49072],[-112.23572,48.49079],[-112.2442,48.48398],[-112.25295,48.48947],[-112.25405,48.49681],[-112.26466,48.49998],[-112.27295,48.50915],[-112.28528,48.51139],[-112.28952,48.52345],[-112.29978,48.52467],[-112.3055,48.52848],[-112.30616,48.5403],[-112.3026,48.54151],[-112.3089,48.54875],[-112.29416,48.55344],[-112.28533,48.55879],[-112.2977,48.57213],[-112.30634,48.5741],[-112.31948,48.57448],[-112.3241,48.58351],[-112.32902,48.58499],[-112.33208,48.59826],[-112.34098,48.59792],[-112.33765,48.60765],[-112.33941,48.61091],[-112.34979,48.61515],[-112.34192,48.62135],[-112.34024,48.63136],[-112.34696,48.63414],[-112.34482,48.6428],[-112.35767,48.64463],[-112.36066,48.65086],[-112.36544,48.65228],[-112.36854,48.65787],[-112.36598,48.78932],[-112.36608,48.82745],[-112.36503,48.99884],[-113.00989,48.99862],[-113.11636,48.99846],[-113.19474,48.99891],[-113.35687,48.99822],[-113.37592,48.99856],[-113.57612,48.99848],[-113.60914,48.99824],[-113.60955,48.9332],[-113.48694,48.78441],[-113.43994,48.75331],[-113.43349,48.74743],[-113.42263,48.73404],[-113.41894,48.71611],[-113.42085,48.7147],[-113.41881,48.70334],[-113.42141,48.69349],[-113.40749,48.6747],[-113.37607,48.62483],[-113.36732,48.61025],[-113.28928,48.4835],[-113.24192,48.41288],[-113.23594,48.40945],[-113.09817,48.33572],[-113.04854,48.30994],[-112.86722,48.30996],[-112.80909,48.31009],[-112.58125,48.30993],[-112.5772,48.31384],[-112.57698,48.48335],[-112.33338,48.48351],[-112.22906,48.48361]]]},"properties":{"STATEFP":"30","COUNTYFP":"035","COUSUBFP":"90336","COUSUBNS":"01940573","GEOIDFQ":"0600000US3003590336","GEOID":"3003590336","NAME":"Blackfeet Reservation","NAMELSAD":"Blackfeet Reservation CCD","STUSPS":"MT","NAMELSADCO":"Glacier County","STATE_NAME":"Montana","LSAD":"22","ALAND":5495723784,"AWATER":57148615}},
{"type":"Feature","geometry":{"type":"Polygon","coordinates":[[[-111.4091,48.13222],[-111.40902,48.21954],[-111.5396,48.21937],[-111.54076,48.21953],[-111.6656,48.21955],[-111.66576,48.34946],[-111.79585,48.34981],[-111.79591,48.39308],[-111.92584,48.39296],[-111.92584,48.39398],[-111.98285,48.39423],[-112.00062,48.38134],[-112.00697,48.38284],[-112.01433,48.37622],[-112.03419,48.3799],[-112.03419,48.35101],[-112.01259,48.35065],[-112.01226,48.32916],[-112.00228,48.32917],[-112.00329,48.31815],[-112.0342,48.31862],[-112.03421,48.30765],[-112.04772,48.30774],[-112.05555,48.30315],[-112.05588,48.24981],[-112.01237,48.24973],[-112.01236,48.2271],[-112.00552,48.22225],[-112.00861,48.22003],[-112.01668,48.22755],[-112.03342,48.22702],[-112.03227,48.22993],[-112.04383,48.23343],[-112.04804,48.2312],[-112.05803,48.23709],[-112.05571,48.24215],[-112.07596,48.25031],[-112.0802,48.24826],[-112.09135,48.24833],[-112.12137,48.25346],[-112.12819,48.25004],[-112.13539,48.25123],[-112.14156,48.24705],[-112.15055,48.23555],[-112.15657,48.23781],[-112.16051,48.23454],[-112.16786,48.23639],[-112.18324,48.23022],[-112.19058,48.22525],[-112.20721,48.22035],[-112.21393,48.21292],[-112.23204,48.20953],[-112.23689,48.21034],[-112.24575,48.20232],[-112.25322,48.2037],[-112.26488,48.203],[-112.26934,48.19932],[-112.26947,48.17502],[-112.26025,48.16342],[-112.26415,48.15664],[-112.26425,48.13135],[-112.17775,48.13072],[-112.17775,48.08716],[-112.048,48.08661],[-112.04834,48.04291],[-111.98412,48.04277],[-111.98426,47.98459],[-111.91952,47.98435],[-111.77325,47.98444],[-111.441,47.98716],[-111.40851,47.98718],[-111.4091,48.13222]]]},"properties":{"STATEFP":"30","COUNTYFP":"073","COUSUBFP":"90714","COUSUBNS":"01940591","GEOIDFQ":"0600000US3007390714","GEOID":"3007390714","NAME":"Conrad","NAMELSAD":"Conrad CCD","STUSPS":"MT","NAMELSADCO":"Pondera County","STATE_NAME":"Montana","LSAD":"22","ALAND":1911907724,"AWATER":2015047}},
{"type":"Feature","geometry":{"type":"Polygon","coordinates":[[[-110.28192,46.1844],[-110.2819,46.13384],[-110.29275,46.13385],[-110.29272,46.04457],[-110.29288,45.92917],[-110.29266,45.78506],[-110.22091,45.78497],[-110.22025,45.74746],[-110.21056,45.75112],[-110.20475,45.74633],[-110.18468,45.74842],[-110.174,45.75605],[-110.15737,45.76202],[-110.14407,45.76404],[-110.13695,45.7704],[-110.12575,45.77119],[-110.112,45.77442],[-110.10667,45.77282],[-110.08573,45.778],[-110.08264,45.7827],[-110.07103,45.78355],[-110.06255,45.79205],[-110.0549,45.79753],[-110.05371,45.8027],[-110.04476,45.81131],[-110.02911,45.81944],[-110.02312,45.81925],[-110.01586,45.8235],[-110.01595,45.8301],[-110.00831,45.83444],[-109.99915,45.83731],[-109.98893,45.83736],[-109.97808,45.84365],[-109.96942,45.83918],[-109.95893,45.84215],[-109.94889,45.842],[-109.93391,45.85093],[-109.9218,45.85338],[-109.90984,45.85185],[-109.90397,45.84461],[-109.89224,45.84078],[-109.88337,45.8419],[-109.86286,45.8355],[-109.85647,45.82792],[-109.85593,45.81624],[-109.8508,45.81203],[-109.8481,45.80399],[-109.83923,45.80067],[-109.8264,45.79345],[-109.81338,45.79222],[-109.80516,45.7932],[-109.79163,45.78525],[-109.78353,45.77381],[-109.77774,45.7707],[-109.77807,45.76296],[-109.7596,45.75189],[-109.75526,45.74098],[-109.74084,45.73381],[-109.72572,45.7383],[-109.70385,45.73724],[-109.68262,45.74057],[-109.66502,45.73769],[-109.65322,45.73318],[-109.65299,45.72532],[-109.6334,45.71944],[-109.62243,45.71212],[-109.61664,45.7121],[-109.60668,45.7078],[-109.58557,45.71319],[-109.57757,45.71668],[-109.56204,45.71144],[-109.56389,45.7173],[-109.56391,45.78347],[-109.54655,45.78348],[-109.54882,45.87075],[-109.50596,45.87022],[-109.50573,45.88631],[-109.5066,45.95911],[-109.42303,45.96001],[-109.42301,46.03302],[-109.41716,46.04476],[-109.60515,46.04499],[-109.60419,46.13248],[-109.65384,46.13247],[-109.65387,46.2194],[-109.73148,46.2191],[-109.89708,46.21935],[-110.28197,46.22061],[-110.28192,46.1844]]]},"properties":{"STATEFP":"30","COUNTYFP":"097","COUSUBFP":"92499","COUSUBNS":"01940681","GEOIDFQ":"0600000US3009792499","GEOID":"3009792499","NAME":"North of the Yellowstone","NAMELSAD":"North of the Yellowstone CCD","STUSPS":"MT","NAMELSADCO":"Sweet Grass County","STATE_NAME":"Montana","LSAD":"22","ALAND":2805565776,"AWATER":11468659}},
{"type":"Feature","geometry":{"type":"Polygon","coordinates":[[[-114.60446,47.78987],[-114.47729,47.78994],[-114.47745,47.8754],[-114.49215,47.87541],[-114.49211,47.8861],[-114.60149,47.88524],[-114.76118,47.88629],[-114.77583,47.88715],[-114.85145,47.88721],[-114.83791,47.88173],[-114.82885,47.87578],[-114.81868,47.87577],[-114.60458,47.87561],[-114.60446,47.78987]]]},"properties":{"STATEFP":"30","COUNTYFP":"029","COUSUBFP":"91118","COUSUBNS":"02378354","GEOIDFQ":"0600000US3002991118","GEOID":"3002991118","NAME":"Flathead Reservation","NAMELSAD":"Flathead Reservation CCD","STUSPS":"MT","NAMELSADCO":"Flathead County","STATE_NAME":"Montana","LSAD":"22","ALAND":120617173,"AWATER":0}},
{"type":"Feature","geometry":{"type":"Polygon","coordinates":[[[-109.38916,46.69363],[-109.54607,46.69351],[-109.74574,46.69359],[-109.74574,46.6941],[-109.76485,46.6935],[-109.80742,46.69338],[-109.80339,46.68831],[-109.80319,46.67174],[-109.80844,46.67129],[-109.80851,46.56509],[-109.81902,46.56227],[-109.81921,46.52648],[-109.82046,46.5144],[-109.81474,46.50429],[-109.81024,46.47296],[-109.81385,46.46521],[-109.82013,46.45922],[-109.82299,46.44832],[-109.82292,46.43859],[-109.81744,46.43808],[-109.80004,46.4298],[-109.79982,46.38279],[-109.7942,46.36796],[-109.7997,46.35928],[-109.7997,46.31597],[-109.76005,46.31576],[-109.7584,46.31282],[-109.73483,46.30497],[-109.72834,46.29581],[-109.7211,46.29193],[-109.72611,46.2832],[-109.71745,46.27787],[-109.71821,46.25004],[-109.71701,46.24491],[-109.71692,46.22833],[-109.72371,46.22752],[-109.73148,46.2191],[-109.65387,46.2194],[-109.40291,46.21971],[-109.4033,46.37383],[-109.40354,46.49066],[-109.38855,46.49064],[-109.38861,46.53419],[-109.38916,46.69363]]]},"properties":{"STATEFP":"30","COUNTYFP":"107","COUSUBFP":"91869","COUSUBNS":"01940650","GEOIDFQ":"0600000US3010791869","GEOID":"3010791869","NAME":"Judith Gap-Shawmut","NAMELSAD":"Judith Gap-Shawmut CCD","STUSPS":"MT","NAMELSADCO":"Wheatland County","STATE_NAME":"Montana","LSAD":"22","ALAND":1587459829,"AWATER":8342211}},
{"type":"Feature","geometry":{"type":"Polygon","coordinates":[[[-106.08658,46.86029],[-105.83267,46.86082],[-105.83263,46.83196],[-105.61816,46.83215],[-105.6181,46.74493],[-105.57639,46.74502],[-105.57606,46.658],[-105.5468,46.65803],[-105.51092,46.65809],[-105.49746,46.66584],[-105.49483,46.6775],[-105.48814,46.687],[-105.47677,46.69507],[-105.47474,46.69934],[-105.47745,46.70369],[-105.47418,46.70978],[-105.46415,46.71881],[-105.45268,46.72102],[-105.44361,46.72122],[-105.43635,46.73686],[-105.43634,46.74059],[-105.43125,46.76262],[-105.42634,46.76598],[-105.40711,46.76124],[-105.40018,46.76258],[-105.39979,46.77108],[-105.40617,46.77643],[-105.42104,46.78544],[-105.42119,46.78926],[-105.41578,46.79446],[-105.40797,46.79737],[-105.39551,46.79767],[-105.38806,46.79623],[-105.37622,46.79886],[-105.36923,46.80364],[-105.36069,46.80503],[-105.33817,46.80388],[-105.32637,46.81009],[-105.32214,46.81],[-105.30692,46.80482],[-105.29954,46.80399],[-105.28428,46.80629],[-105.27556,46.80573],[-105.25648,46.80119],[-105.24239,46.8008],[-105.23162,46.80285],[-105.22305,46.80655],[-105.21117,46.81489],[-105.19515,46.81685],[-105.17999,46.82573],[-105.16018,46.82886],[-105.15267,46.83241],[-105.14863,46.83692],[-105.14516,46.85263],[-105.14174,46.85576],[-105.12903,46.85852],[-105.12336,46.85789],[-105.10616,46.85223],[-105.09512,46.85174],[-105.07839,46.85399],[-105.06999,46.85273],[-105.06131,46.84665],[-105.04885,46.84412],[-105.03475,46.85338],[-105.00849,46.86138],[-105.02753,46.86146],[-105.02754,46.89058],[-105.04879,46.89068],[-105.04883,46.90523],[-105.06958,46.90528],[-105.06952,46.91917],[-105.19701,46.91919],[-105.19673,46.97717],[-105.32476,46.9772],[-105.32478,47.09326],[-105.32485,47.1815],[-105.40631,47.18158],[-105.66081,47.18121],[-105.83304,47.18109],[-105.83264,47.09311],[-105.9599,47.09297],[-105.95982,47.181],[-106.08678,47.18094],[-106.08651,47.10413],[-106.08658,46.86029]]]},"properties":{"STATEFP":"30","COUNTYFP":"079","COUSUBFP":"93465","COUSUBNS":"01940724","GEOIDFQ":"0600000US3007993465","GEOID":"3007993465","NAME":"Terry North","NAMELSAD":"Terry North CCD","STUSPS":"MT","NAMELSADCO":"Prairie County","STATE_NAME":"Montana","LSAD":"22","ALAND":2618527453,"AWATER":8338621}},
{"type":"Feature","geometry":{"type":"Polygon","coordinates":[[[-104.6069,46.68492],[-104.418,46.68489],[-104.418,46.67044],[-104.3547,46.67038],[-104.35483,46.64141],[-104.11261,46.64162],[-104.04527,46.6415],[-104.04537,46.72133],[-104.0459,46.83079],[-104.04559,46.91895],[-104.04684,46.91854],[-104.13705,46.91826],[-104.18848,46.91833],[-104.18919,46.92115],[-104.18898,46.94742],[-104.27342,46.94762],[-104.30595,46.94744],[-104.31452,46.94332],[-104.32339,46.94336],[-104.34448,46.93529],[-104.35637,46.93696],[-104.38203,46.93299],[-104.39097,46.93644],[-104.39097,46.93308],[-104.40154,46.93307],[-104.40156,46.91859],[-104.41212,46.91859],[-104.41212,46.904],[-104.43324,46.9041],[-104.43323,46.88961],[-104.45441,46.88966],[-104.45441,46.88242],[-104.46494,46.88244],[-104.46495,46.8752],[-104.48603,46.87527],[-104.48603,46.86802],[-104.49658,46.86806],[-104.49658,46.86081],[-104.60377,46.86085],[-104.60339,46.83187],[-104.60731,46.83188],[-104.6069,46.68492]]]},"properties":{"STATEFP":"30","COUNTYFP":"109","COUSUBFP":"92667","COUSUBNS":"01940690","GEOIDFQ":"0600000US3010992667","GEOID":"3010992667","NAME":"Pine Hill-St. Phillips","NAMELSAD":"Pine Hill-St. Phillips CCD","STUSPS":"MT","NAMELSADCO":"Wibaux County","STATE_NAME":"Montana","LSAD":"22","ALAND":1199525134,"AWATER":951332}},
{"type":"Feature","geometry":{"type":"Polygon","coordinates":[[[-107.73855,46.48181],[-107.73843,46.46756],[-107.71751,46.46751],[-107.71729,46.43851],[-107.69632,46.43848],[-107.6961,46.40948],[-107.67519,46.40943],[-107.67507,46.39494],[-107.65416,46.39489],[-107.65415,46.36595],[-107.63338,46.36599],[-107.63336,46.35153],[-107.61241,46.35156],[-107.61239,46.30811],[-107.59144,46.30816],[-107.59142,46.29365],[-107.57049,46.29365],[-107.57047,46.26471],[-107.54955,46.26472],[-107.54955,46.25022],[-107.52865,46.25025],[-107.52869,46.22123],[-107.50796,46.22129],[-107.50792,46.19228],[-107.48702,46.1923],[-107.48711,46.17779],[-107.46613,46.17777],[-107.46601,46.16078],[-107.47431,46.15518],[-107.47434,46.15084],[-107.46361,46.14406],[-107.42609,46.15834],[-107.40697,46.16232],[-107.38244,46.15987],[-107.37432,46.16073],[-107.35384,46.16666],[-107.32941,46.16529],[-107.31162,46.16503],[-107.29552,46.169],[-107.28922,46.1726],[-107.26744,46.19152],[-107.25667,46.20552],[-107.246,46.228],[-107.24159,46.23944],[-107.23633,46.24881],[-107.226,46.25816],[-107.22642,46.2646],[-107.23688,46.26461],[-107.23684,46.29311],[-107.22505,46.29452],[-107.14036,46.29385],[-107.11036,46.29116],[-107.09664,46.29135],[-107.01407,46.29021],[-107.0074,46.28917],[-107.00756,46.30765],[-107.02109,46.30835],[-107.02854,46.30664],[-107.02842,46.39546],[-107.15344,46.39561],[-107.15358,46.4681],[-107.17443,46.46818],[-107.17453,46.48271],[-107.73855,46.48181]]]},"properties":{"STATEFP":"30","COUNTYFP":"103","COUSUBFP":"92520","COUSUBNS":"01940683","GEOIDFQ":"0600000US3010392520","GEOID":"3010392520","NAME":"North Treasure","NAMELSAD":"North Treasure CCD","STUSPS":"MT","NAMELSADCO":"Treasure County","STATE_NAME":"Montana","LSAD":"22","ALAND":1225655950,"AWATER":15281567}},
{"type":"Feature","geometry":{"type":"Polygon","coordinates":[[[-106.76868,45.35283],[-106.7409,45.35262],[-106.72954,45.35148],[-106.72962,45.40741],[-106.72956,45.52616],[-106.72957,45.67285],[-106.72757,45.67647],[-106.84648,45.67659],[-106.84649,45.68383],[-106.91296,45.68392],[-106.97407,45.68413],[-106.97405,45.69114],[-107.01629,45.6914],[-107.01871,45.55487],[-107.01916,45.45574],[-107.01969,45.35392],[-107.01917,45.35392],[-106.89158,45.35377],[-106.87098,45.35322],[-106.76868,45.35283]]]},"properties":{"STATEFP":"30","COUNTYFP":"003","COUSUBFP":"92436","COUSUBNS":"01940676","GEOIDFQ":"0600000US3000392436","GEOID":"3000392436","NAME":"Northern Cheyenne Reservation","NAMELSAD":"Northern Cheyenne Reservation CCD","STUSPS":"MT","NAMELSADCO":"Big Horn County","STATE_NAME":"Montana","LSAD":"22","ALAND":824343658,"AWATER":241800}},
{"type":"Feature","geometry":{"type":"Polygon","coordinates":[[[-106.08678,47.18094],[-105.95982,47.181],[-105.9599,47.09297],[-105.83264,47.09311],[-105.83304,47.18109],[-105.66081,47.18121],[-105.40631,47.18158],[-105.40635,47.34453],[-105.40624,47.41319],[-105.40658,47.52953],[-105.36351,47.52956],[-105.36349,47.61773],[-105.38566,47.62085],[-105.42263,47.62025],[-105.43038,47.61627],[-105.48829,47.61617],[-105.49328,47.62043],[-105.52429,47.58718],[-105.74594,47.58684],[-105.75474,47.5915],[-105.76158,47.59194],[-105.76774,47.59639],[-105.7689,47.6011],[-105.78727,47.61042],[-105.79626,47.61187],[-105.80393,47.61586],[-105.81318,47.61646],[-105.82578,47.62061],[-105.84619,47.6071],[-105.85375,47.59979],[-105.85472,47.59045],[-105.87839,47.61245],[-105.90613,47.61586],[-105.93977,47.61584],[-105.94079,47.60523],[-105.95609,47.60496],[-105.95675,47.59084],[-105.97815,47.59056],[-105.97822,47.58013],[-105.98355,47.57901],[-105.98386,47.57164],[-105.99783,47.57716],[-105.99995,47.58191],[-106.01116,47.58603],[-106.02001,47.5867],[-106.02646,47.58421],[-106.03956,47.58638],[-106.04114,47.59083],[-106.05208,47.59173],[-106.06788,47.60054],[-106.08323,47.60139],[-106.09532,47.6061],[-106.10816,47.60919],[-106.12996,47.61088],[-106.13297,47.61431],[-106.14439,47.61425],[-106.14434,47.61965],[-106.15952,47.61806],[-106.1705,47.61869],[-106.17879,47.62379],[-106.18456,47.62432],[-106.19924,47.61881],[-106.21526,47.62188],[-106.23434,47.63409],[-106.23491,47.64062],[-106.2411,47.64932],[-106.26108,47.65654],[-106.26112,47.52905],[-106.29807,47.52904],[-106.29806,47.49893],[-106.29816,47.3543],[-106.17067,47.3545],[-106.17042,47.18083],[-106.08678,47.18094]]]},"properties":{"STATEFP":"30","COUNTYFP":"055","COUSUBFP":"90630","COUSUBNS":"01940587","GEOIDFQ":"0600000US3005590630","GEOID":"3005590630","NAME":"Circle","NAMELSAD":"Circle CCD","STUSPS":"MT","NAMELSADCO":"McCone County","STATE_NAME":"Montana","LSAD":"22","ALAND":3055357817,"AWATER":23523274}},
{"type":"Feature","geometry":{"type":"Polygon","coordinates":[[[-110.1062,48.3061],[-109.99624,48.30601],[-109.84593,48.30597],[-109.84581,48.219],[-109.84018,48.22162],[-109.72694,48.22153],[-109.72687,48.14728],[-109.64141,48.1471],[-109.64141,48.14885],[-109.61744,48.14873],[-109.61757,48.22148],[-109.65168,48.22148],[-109.65823,48.23033],[-109.65927,48.23946],[-109.65465,48.24976],[-109.65782,48.26268],[-109.66239,48.26954],[-109.66169,48.2783],[-109.66757,48.29333],[-109.66013,48.30253],[-109.65689,48.31131],[-109.6629,48.32492],[-109.66737,48.33025],[-109.66559,48.34402],[-109.66882,48.35472],[-109.67591,48.36637],[-109.67521,48.37162],[-109.67805,48.383],[-109.68613,48.38809],[-109.69258,48.3944],[-109.71094,48.40436],[-109.71354,48.41339],[-109.72346,48.41733],[-109.72919,48.41712],[-109.73091,48.41158],[-109.73672,48.40857],[-109.757,48.40901],[-109.75776,48.40205],[-109.7892,48.40219],[-109.79242,48.40922],[-109.86519,48.40927],[-109.86519,48.40206],[-109.89427,48.40203],[-109.89645,48.40925],[-109.90847,48.40925],[-109.90854,48.41651],[-109.8987,48.41651],[-109.89774,48.42368],[-109.87585,48.42372],[-109.87633,48.43704],[-109.87866,48.43814],[-109.92976,48.43814],[-109.92964,48.44496],[-109.9213,48.45265],[-109.95208,48.45264],[-109.97563,48.45366],[-109.97639,48.45111],[-109.99763,48.4507],[-109.99756,48.39307],[-110.10599,48.39288],[-110.1062,48.3061]]]},"properties":{"STATEFP":"30","COUNTYFP":"041","COUSUBFP":"92814","COUSUBNS":"01940696","GEOIDFQ":"0600000US3004192814","GEOID":"3004192814","NAME":"Rocky Boy's","NAMELSAD":"Rocky Boy's CCD","STUSPS":"MT","NAMELSADCO":"Hill County","STATE_NAME":"Montana","LSAD":"22","ALAND":578723573,"AWATER":894118}},
{"type":"Feature","geometry":{"type":"Polygon","coordinates":[[[-108.90482,45.76965],[-108.98741,45.76948],[-108.98743,45.76179],[-108.98424,45.758],[-108.98916,45.74955],[-109.00277,45.74306],[-109.00634,45.73492],[-109.00372,45.72696],[-109.00449,45.71659],[-109.01448,45.72149],[-109.02841,45.72015],[-109.03266,45.72323],[-109.06283,45.72493],[-109.08328,45.7292],[-109.09286,45.73665],[-109.11529,45.74635],[-109.13329,45.75242],[-109.13371,45.70383],[-109.13552,45.70265],[-109.15446,45.70281],[-109.15477,45.69565],[-109.15292,45.67507],[-109.15721,45.67025],[-109.15861,45.66373],[-109.1471,45.65391],[-109.14249,45.64292],[-109.14148,45.62713],[-109.14525,45.6243],[-109.13921,45.61841],[-109.15887,45.60317],[-109.14739,45.59448],[-109.13446,45.58719],[-109.12841,45.58674],[-109.12644,45.5878],[-109.11147,45.58422],[-109.09933,45.58349],[-109.08464,45.58668],[-109.06773,45.58335],[-109.05063,45.58865],[-109.03975,45.59094],[-109.02881,45.60135],[-109.021,45.60112],[-109.01294,45.60732],[-108.98716,45.61123],[-108.97794,45.6164],[-108.96382,45.61404],[-108.95228,45.61062],[-108.93384,45.60286],[-108.92103,45.60574],[-108.91095,45.60234],[-108.89137,45.60253],[-108.86767,45.6079],[-108.861,45.61351],[-108.84302,45.61104],[-108.84314,45.63946],[-108.86371,45.63942],[-108.86384,45.65388],[-108.88443,45.65384],[-108.88445,45.66168],[-108.88476,45.68286],[-108.90484,45.68189],[-108.90482,45.76965]]]},"properties":{"STATEFP":"30","COUNTYFP":"095","COUSUBFP":"92604","COUSUBNS":"01940687","GEOIDFQ":"0600000US3009592604","GEOID":"3009592604","NAME":"Park City","NAMELSAD":"Park City CCD","STUSPS":"MT","NAMELSADCO":"Stillwater County","STATE_NAME":"Montana","LSAD":"22","ALAND":332352216,"AWATER":2935501}},
{"type":"Feature","geometry":{"type":"Polygon","coordinates":[[[-104.04759,48.63436],[-104.04789,48.64991],[-104.04834,48.74713],[-104.0489,48.84739],[-104.04865,48.86573],[-104.04887,48.94963],[-104.04874,48.99988],[-104.30515,48.9997],[-104.29917,48.99785],[-104.29421,48.99092],[-104.28835,48.9872],[-104.28855,48.92349],[-104.2878,48.91083],[-104.29794,48.90687],[-104.29937,48.89734],[-104.30675,48.88874],[-104.33544,48.87858],[-104.3495,48.87851],[-104.37076,48.8816],[-104.38429,48.88256],[-104.38437,48.7948],[-104.34045,48.79484],[-104.34053,48.73704],[-104.36406,48.73685],[-104.36231,48.72901],[-104.36248,48.71035],[-104.36382,48.70788],[-104.29705,48.70793],[-104.13699,48.70793],[-104.12106,48.70472],[-104.12206,48.67914],[-104.07824,48.67894],[-104.07842,48.63549],[-104.04965,48.63547],[-104.04759,48.63436]]]},"properties":{"STATEFP":"30","COUNTYFP":"091","COUSUBFP":"93738","COUSUBNS":"01940737","GEOIDFQ":"0600000US3009193738","GEOID":"3009193738","NAME":"Westby","NAMELSAD":"Westby CCD","STUSPS":"MT","NAMELSADCO":"Sheridan County","STATE_NAME":"Montana","LSAD":"22","ALAND":692961292,"AWATER":20477730}},
{"type":"Feature","geometry":{"type":"Polygon","coordinates":[[[-111.1856,45.67113],[-111.14509,45.67104],[-111.14509,45.65416],[-111.13245,45.64301],[-111.12759,45.63114],[-111.12345,45.62886],[-111.116,45.61864],[-111.10439,45.60734],[-111.10444,45.59111],[-111.08368,45.59085],[-111.07236,45.57115],[-111.07133,45.56275],[-111.06441,45.55554],[-111.05455,45.54928],[-111.04842,45.54842],[-111.03585,45.54187],[-111.02445,45.54231],[-111.01573,45.53566],[-111.01056,45.52236],[-110.99516,45.508],[-110.98418,45.49968],[-110.97685,45.48827],[-110.96423,45.48307],[-110.9574,45.47631],[-110.94425,45.47146],[-110.9298,45.46029],[-110.91906,45.45658],[-110.91922,45.52486],[-110.85825,45.52488],[-110.85738,45.59065],[-110.81573,45.59016],[-110.79477,45.59068],[-110.79468,45.61341],[-110.79588,45.68569],[-110.79526,45.69924],[-110.79538,45.76275],[-110.80894,45.76948],[-110.82416,45.77087],[-110.84204,45.76928],[-110.86579,45.75986],[-110.88189,45.75687],[-110.88451,45.7606],[-110.89676,45.76816],[-110.90771,45.771],[-110.91809,45.77941],[-110.93866,45.77986],[-110.94585,45.76654],[-110.95756,45.76991],[-110.97027,45.76976],[-110.97788,45.7658],[-110.99231,45.76422],[-111.01011,45.76433],[-111.01009,45.76156],[-111.04048,45.76213],[-111.04045,45.75182],[-111.05364,45.74341],[-111.06645,45.74039],[-111.06671,45.72197],[-111.07362,45.72218],[-111.08973,45.73052],[-111.09271,45.72922],[-111.18512,45.72928],[-111.1856,45.67113]]]},"properties":{"STATEFP":"30","COUNTYFP":"031","COUSUBFP":"90420","COUSUBNS":"01940577","GEOIDFQ":"0600000US3003190420","GEOID":"3003190420","NAME":"Bozeman","NAMELSAD":"Bozeman CCD","STUSPS":"MT","NAMELSADCO":"Gallatin County","STATE_NAME":"Montana","LSAD":"22","ALAND":652489798,"AWATER":592783}},
{"type":"Feature","geometry":{"type":"Polygon","coordinates":[[[-107.82769,46.75588],[-108.01167,46.75494],[-108.01167,46.75424],[-108.17844,46.75423],[-108.17837,46.74198],[-108.16954,46.72621],[-108.16851,46.71657],[-108.16346,46.70252],[-108.1565,46.69566],[-108.15338,46.68922],[-108.15717,46.67997],[-108.15717,46.66921],[-108.1554,46.66514],[-108.15453,46.5797],[-108.15501,46.56436],[-108.13183,46.55107],[-108.1135,46.55116],[-108.11297,46.54176],[-108.09137,46.52886],[-108.12196,46.5189],[-108.1366,46.51527],[-108.17424,46.51526],[-108.19553,46.5102],[-108.21447,46.51101],[-108.2159,46.50856],[-108.21713,46.50498],[-108.23219,46.50249],[-108.23231,46.49714],[-108.22646,46.47708],[-108.23589,46.47176],[-108.2415,46.45753],[-108.24612,46.45266],[-108.24309,46.43935],[-108.25243,46.42366],[-108.24415,46.41413],[-108.24703,46.40462],[-108.24174,46.40122],[-108.25567,46.39011],[-108.25622,46.37812],[-108.26471,46.36087],[-108.27479,46.35691],[-108.27549,46.35108],[-108.28971,46.34651],[-108.29167,46.33734],[-108.30177,46.32519],[-108.30891,46.31901],[-108.32039,46.3176],[-108.32721,46.31479],[-108.34148,46.30336],[-108.34704,46.30188],[-108.34824,46.29522],[-108.35738,46.2846],[-108.37164,46.28281],[-108.38599,46.28734],[-108.39916,46.28657],[-108.40474,46.27826],[-108.40681,46.27159],[-108.41986,46.26724],[-108.43212,46.25611],[-108.4277,46.24633],[-108.42359,46.23276],[-108.42417,46.22209],[-108.43013,46.21029],[-108.44543,46.20532],[-108.45114,46.19881],[-108.45444,46.18328],[-108.45511,46.15565],[-108.4579,46.14679],[-108.45829,46.13291],[-108.40479,46.13295],[-108.40486,46.23596],[-108.36294,46.23558],[-108.36293,46.25003],[-108.32095,46.24966],[-108.32081,46.264],[-108.15672,46.26385],[-108.15143,46.26358],[-108.02936,46.26406],[-108.02933,46.30784],[-108.0116,46.30782],[-108.01195,46.33681],[-107.99083,46.33701],[-107.9911,46.35147],[-107.97001,46.35147],[-107.97016,46.36597],[-107.94932,46.36606],[-107.94939,46.3806],[-107.9285,46.3808],[-107.92855,46.39528],[-107.78209,46.39518],[-107.78121,46.49601],[-107.79675,46.49587],[-107.79676,46.56798],[-107.79533,46.56798],[-107.79547,46.59665],[-107.83773,46.59665],[-107.83554,46.60188],[-107.82615,46.60522],[-107.83021,46.60868],[-107.82172,46.61083],[-107.81699,46.61575],[-107.82235,46.62179],[-107.81459,46.62753],[-107.81291,46.63796],[-107.8175,46.64489],[-107.81517,46.65461],[-107.8088,46.65763],[-107.80865,46.66265],[-107.80056,46.66147],[-107.79665,46.66654],[-107.80089,46.66891],[-107.79965,46.67427],[-107.79294,46.67983],[-107.79508,46.68563],[-107.80059,46.68778],[-107.80032,46.69227],[-107.8126,46.69577],[-107.82204,46.70449],[-107.81688,46.70843],[-107.826,46.71413],[-107.82245,46.71982],[-107.82703,46.72134],[-107.82393,46.72818],[-107.81126,46.72847],[-107.80764,46.7324],[-107.81486,46.73698],[-107.81343,46.74332],[-107.82029,46.74421],[-107.82545,46.74817],[-107.82769,46.75588]]]},"properties":{"STATEFP":"30","COUNTYFP":"065","COUSUBFP":"92289","COUSUBNS":"01940670","GEOIDFQ":"0600000US3006592289","GEOID":"3006592289","NAME":"Melstone","NAMELSAD":"Melstone CCD","STUSPS":"MT","NAMELSADCO":"Musselshell County","STATE_NAME":"Montana","LSAD":"22","ALAND":1579266985,"AWATER":554325}},
{"type":"Feature","geometry":{"type":"Polygon","coordinates":[[[-112.2292,48.48188],[-112.2136,48.48188],[-112.20826,48.47727],[-112.18478,48.47758],[-112.18459,48.56647],[-112.1891,48.56647],[-112.18913,48.64728],[-112.18902,48.91399],[-112.1932,48.91402],[-112.19341,48.9989],[-112.36503,48.99884],[-112.36608,48.82745],[-112.36598,48.78932],[-112.36854,48.65787],[-112.36544,48.65228],[-112.36066,48.65086],[-112.35767,48.64463],[-112.34482,48.6428],[-112.34696,48.63414],[-112.34024,48.63136],[-112.34192,48.62135],[-112.34979,48.61515],[-112.33941,48.61091],[-112.33765,48.60765],[-112.34098,48.59792],[-112.33208,48.59826],[-112.32902,48.58499],[-112.3241,48.58351],[-112.31948,48.57448],[-112.30634,48.5741],[-112.2977,48.57213],[-112.28533,48.55879],[-112.29416,48.55344],[-112.3089,48.54875],[-112.3026,48.54151],[-112.30616,48.5403],[-112.3055,48.52848],[-112.29978,48.52467],[-112.28952,48.52345],[-112.28528,48.51139],[-112.27295,48.50915],[-112.26466,48.49998],[-112.25405,48.49681],[-112.25295,48.48947],[-112.2442,48.48398],[-112.23572,48.49079],[-112.23113,48.49072],[-112.22906,48.48361],[-112.2292,48.48188]]]},"properties":{"STATEFP":"30","COUNTYFP":"035","COUSUBFP":"90777","COUSUBNS":"01940594","GEOIDFQ":"0600000US3003590777","GEOID":"3003590777","NAME":"Cut Bank","NAMELSAD":"Cut Bank CCD","STUSPS":"MT","NAMELSADCO":"Glacier County","STATE_NAME":"Montana","LSAD":"22","ALAND":665306556,"AWATER":5248849}},
{"type":"Feature","geometry":{"type":"Polygon","coordinates":[[[-104.98194,45.78698],[-104.98197,45.75521],[-104.94377,45.75668],[-104.93388,45.76844],[-104.91898,45.77457],[-104.89703,45.77086],[-104.89002,45.77302],[-104.88307,45.77208],[-104.87478,45.76776],[-104.86867,45.768],[-104.8488,45.76447],[-104.84114,45.76507],[-104.83038,45.76344],[-104.81399,45.76346],[-104.79766,45.76686],[-104.78874,45.76705],[-104.78924,45.7742],[-104.78123,45.77731],[-104.76153,45.77497],[-104.751,45.77577],[-104.74562,45.77817],[-104.73669,45.78677],[-104.72056,45.78969],[-104.70004,45.78724],[-104.68873,45.78966],[-104.66591,45.78655],[-104.64031,45.78654],[-104.63512,45.78775],[-104.6116,45.78531],[-104.61043,45.77757],[-104.56499,45.77687],[-104.54907,45.77258],[-104.54848,45.76347],[-104.54608,45.76213],[-104.48948,45.76131],[-104.48454,45.76092],[-104.42249,45.76096],[-104.41991,45.75783],[-104.40826,45.75045],[-104.38459,45.73347],[-104.38186,45.72976],[-104.37522,45.70547],[-104.37459,45.69475],[-104.3715,45.68909],[-104.36418,45.68394],[-104.35453,45.68061],[-104.33824,45.679],[-104.33197,45.67554],[-104.31997,45.67553],[-104.31338,45.67023],[-104.3137,45.65329],[-104.31356,45.60119],[-104.30876,45.5959],[-104.2915,45.59421],[-104.29199,45.58992],[-104.28171,45.58717],[-104.27117,45.58125],[-104.261,45.57146],[-104.25343,45.56714],[-104.23286,45.56784],[-104.17249,45.56749],[-104.17144,45.55623],[-104.16594,45.55349],[-104.15016,45.55338],[-104.12527,45.53952],[-104.12265,45.53894],[-104.04172,45.53924],[-104.04194,45.55792],[-104.0426,45.75],[-104.04403,45.88198],[-104.13483,45.88193],[-104.13484,45.96883],[-104.20391,45.96883],[-104.20391,45.96798],[-104.32799,45.96802],[-104.32806,45.9707],[-104.36956,45.97082],[-104.39088,45.97036],[-104.39074,46.05483],[-104.48293,46.05468],[-104.51608,46.05484],[-104.51611,46.09826],[-104.51613,46.1362],[-104.58499,46.13602],[-104.88549,46.1366],[-104.9392,46.13658],[-104.93925,46.00493],[-104.93929,45.78696],[-104.98194,45.78698]]]},"properties":{"STATEFP":"30","COUNTYFP":"011","COUSUBFP":"91050","COUSUBNS":"01940607","GEOIDFQ":"0600000US3001191050","GEOID":"3001191050","NAME":"Ekalaka","NAMELSAD":"Ekalaka CCD","STUSPS":"MT","NAMELSADCO":"Carter County","STATE_NAME":"Montana","LSAD":"22","ALAND":2719059386,"AWATER":2705571}},
{"type":"Feature","geometry":{"type":"Polygon","coordinates":[[[-114.15379,46.90758],[-114.14594,46.90563],[-114.14261,46.90767],[-114.12904,46.89668],[-114.12324,46.89833],[-114.11806,46.90912],[-114.12078,46.91199],[-114.11954,46.91847],[-114.12167,46.92735],[-114.11489,46.9323],[-114.1041,46.93496],[-114.0972,46.94157],[-114.09605,46.94704],[-114.0883,46.95263],[-114.0855,46.95746],[-114.07527,46.96761],[-114.07417,46.97185],[-114.05707,46.98322],[-114.06149,47.00421],[-114.06997,47.01185],[-114.08328,47.01119],[-114.09657,47.01596],[-114.08527,47.02037],[-114.07684,47.03011],[-114.09745,47.04426],[-114.11056,47.05478],[-114.13307,47.06644],[-114.14008,47.0742],[-114.1252,47.08133],[-114.12192,47.08708],[-114.12668,47.09421],[-114.12807,47.10198],[-114.12391,47.1195],[-114.13231,47.12493],[-114.13134,47.13029],[-114.13899,47.1381],[-114.18717,47.13819],[-114.20016,47.13719],[-114.2062,47.13083],[-114.2121,47.12771],[-114.22381,47.13237],[-114.23609,47.1343],[-114.24338,47.12756],[-114.25358,47.12101],[-114.26415,47.12107],[-114.2869,47.12605],[-114.29356,47.12921],[-114.3026,47.13627],[-114.31332,47.13716],[-114.3231,47.14531],[-114.33158,47.14625],[-114.35398,47.16059],[-114.35214,47.16904],[-114.33887,47.17246],[-114.34611,47.17624],[-114.34754,47.18286],[-114.35423,47.1892],[-114.36064,47.18712],[-114.36982,47.18854],[-114.38127,47.18805],[-114.38779,47.19316],[-114.39579,47.19625],[-114.40336,47.19684],[-114.42386,47.21009],[-114.43664,47.21125],[-114.44712,47.2104],[-114.45224,47.20814],[-114.45922,47.21513],[-114.46909,47.21934],[-114.49132,47.22021],[-114.50152,47.22724],[-114.5087,47.22732],[-114.51712,47.23011],[-114.53233,47.24039],[-114.54348,47.24014],[-114.55036,47.24965],[-114.56374,47.25461],[-114.5807,47.25679],[-114.59346,47.25709],[-114.60191,47.26045],[-114.6166,47.26245],[-114.63142,47.26846],[-114.63799,47.26681],[-114.64926,47.2698],[-114.66008,47.26888],[-114.67079,47.27192],[-114.68721,47.27434],[-114.69521,47.26871],[-114.70885,47.25469],[-114.71545,47.25419],[-114.72414,47.25944],[-114.73716,47.26276],[-114.75165,47.26381],[-114.76119,47.25993],[-114.78313,47.26385],[-114.78751,47.26838],[-114.7972,47.26892],[-114.79713,47.24003],[-114.77585,47.24005],[-114.77583,47.22557],[-114.71227,47.22559],[-114.71228,47.18219],[-114.69136,47.18227],[-114.6914,47.1672],[-114.65023,47.16716],[-114.65048,47.15295],[-114.65047,47.13824],[-114.62915,47.13826],[-114.62921,47.12372],[-114.58673,47.12376],[-114.58667,47.09485],[-114.56565,47.09485],[-114.56609,47.06738],[-114.48369,47.06751],[-114.48323,47.02336],[-114.41953,47.02325],[-114.41937,47.0089],[-114.45136,47.0089],[-114.45126,46.9932],[-114.44055,46.99106],[-114.42544,46.98474],[-114.40927,46.98421],[-114.40862,46.98949],[-114.41197,46.99812],[-114.4083,47.01586],[-114.40104,47.02334],[-114.39251,47.02889],[-114.38282,47.02433],[-114.38364,47.01725],[-114.38053,47.01035],[-114.37595,47.00834],[-114.36273,47.01197],[-114.35845,47.01813],[-114.35693,47.02513],[-114.34149,47.02851],[-114.33716,47.02263],[-114.31984,47.0141],[-114.30514,47.01351],[-114.28878,47.00866],[-114.27428,47.00641],[-114.26973,47.00737],[-114.26045,47.00113],[-114.25318,47.00057],[-114.24538,47.00593],[-114.22911,46.99403],[-114.23385,46.9838],[-114.22757,46.97713],[-114.22733,46.96839],[-114.22218,46.96381],[-114.21855,46.95344],[-114.20891,46.94366],[-114.21039,46.93114],[-114.19973,46.92465],[-114.19404,46.9241],[-114.18876,46.91456],[-114.17064,46.90434],[-114.15655,46.90914],[-114.15379,46.90758]]]},"properties":{"STATEFP":"30","COUNTYFP":"063","COUSUBFP":"91304","COUSUBNS":"01940622","GEOIDFQ":"0600000US3006391304","GEOID":"3006391304","NAME":"Frenchtown-Wye","NAMELSAD":"Frenchtown-Wye CCD","STUSPS":"MT","NAMELSADCO":"Missoula County","STATE_NAME":"Montana","LSAD":"22","ALAND":860164661,"AWATER":5296717}},
{"type":"Feature","geometry":{"type":"Polygon","coordinates":[[[-105.03825,45.0001],[-104.88916,45.00003],[-104.7675,44.99947],[-104.6313,44.99881],[-104.50676,44.99849],[-104.3911,44.99834],[-104.26304,44.99813],[-104.12909,44.99796],[-104.05788,44.99761],[-104.03969,44.99807],[-104.04003,45.09075],[-104.04014,45.21289],[-104.04036,45.33595],[-104.04011,45.37421],[-104.04082,45.46271],[-104.04176,45.49079],[-104.04114,45.50337],[-104.04172,45.53924],[-104.12265,45.53894],[-104.12527,45.53952],[-104.15016,45.55338],[-104.16594,45.55349],[-104.17144,45.55623],[-104.17249,45.56749],[-104.23286,45.56784],[-104.25343,45.56714],[-104.261,45.57146],[-104.27117,45.58125],[-104.28171,45.58717],[-104.29199,45.58992],[-104.2915,45.59421],[-104.30876,45.5959],[-104.31356,45.60119],[-104.3137,45.65329],[-104.31338,45.67023],[-104.31997,45.67553],[-104.33197,45.67554],[-104.33824,45.679],[-104.35453,45.68061],[-104.36418,45.68394],[-104.3715,45.68909],[-104.37459,45.69475],[-104.37522,45.70547],[-104.38186,45.72976],[-104.38459,45.73347],[-104.40826,45.75045],[-104.41991,45.75783],[-104.42249,45.76096],[-104.48454,45.76092],[-104.48948,45.76131],[-104.54608,45.76213],[-104.54848,45.76347],[-104.54907,45.77258],[-104.56499,45.77687],[-104.61043,45.77757],[-104.6116,45.78531],[-104.63512,45.78775],[-104.64031,45.78654],[-104.66591,45.78655],[-104.68873,45.78966],[-104.70004,45.78724],[-104.72056,45.78969],[-104.73669,45.78677],[-104.74562,45.77817],[-104.751,45.77577],[-104.76153,45.77497],[-104.78123,45.77731],[-104.78924,45.7742],[-104.78874,45.76705],[-104.79766,45.76686],[-104.81399,45.76346],[-104.83038,45.76344],[-104.84114,45.76507],[-104.8488,45.76447],[-104.86867,45.768],[-104.87478,45.76776],[-104.88307,45.77208],[-104.89002,45.77302],[-104.89703,45.77086],[-104.91898,45.77457],[-104.93388,45.76844],[-104.94377,45.75668],[-104.98197,45.75521],[-104.98147,45.70559],[-104.98154,45.52966],[-104.98145,45.44276],[-104.98731,45.44276],[-104.98732,45.35204],[-105.0382,45.35204],[-105.03829,45.26505],[-105.03832,45.17805],[-105.03825,45.0001]]]},"properties":{"STATEFP":"30","COUNTYFP":"011","COUSUBFP":"90052","COUSUBNS":"01940662","GEOIDFQ":"0600000US3001190052","GEOID":"3001190052","NAME":"Alzada-Boyes","NAMELSAD":"Alzada-Boyes CCD","STUSPS":"MT","NAMELSADCO":"Carter County","STATE_NAME":"Montana","LSAD":"22","ALAND":5932736860,"AWATER":16797751}},
{"type":"Feature","geometry":{"type":"Polygon","coordinates":[[[-106.02098,48.63284],[-106.00064,48.63284],[-105.79934,48.63169],[-105.5005,48.63095],[-105.45959,48.63066],[-105.38258,48.63055],[-105.36863,48.63102],[-105.25054,48.63079],[-105.23531,48.63171],[-105.15542,48.63135],[-105.02144,48.63181],[-105.00053,48.63284],[-104.97335,48.63289],[-104.97328,48.65006],[-105.03855,48.6501],[-105.03817,48.91051],[-105.05774,48.91052],[-105.05763,48.99923],[-105.26519,48.9995],[-105.35589,48.99936],[-105.41197,48.99958],[-105.52264,48.99959],[-105.61258,48.9997],[-105.65027,48.99944],[-105.83418,48.99971],[-106.05054,48.99921],[-106.11206,48.99928],[-106.112,48.91065],[-106.15193,48.91064],[-106.15191,48.82393],[-106.02125,48.82398],[-106.02118,48.71716],[-106.02098,48.63284]]]},"properties":{"STATEFP":"30","COUNTYFP":"019","COUSUBFP":"92992","COUSUBNS":"01940595","GEOIDFQ":"0600000US3001992992","GEOID":"3001992992","NAME":"Scobey","NAMELSAD":"Scobey CCD","STUSPS":"MT","NAMELSADCO":"Daniels County","STATE_NAME":"Montana","LSAD":"22","ALAND":3108884089,"AWATER":753703}},
{"type":"Feature","geometry":{"type":"Polygon","coordinates":[[[-111.40885,47.69812],[-111.40873,47.7853],[-111.40874,47.87137],[-111.40842,47.92403],[-111.40851,47.98718],[-111.441,47.98716],[-111.77325,47.98444],[-111.76181,47.97441],[-111.73205,47.92253],[-111.74353,47.91807],[-111.74242,47.92585],[-111.74652,47.92761],[-111.75717,47.9263],[-111.75767,47.93123],[-111.76681,47.93361],[-111.77932,47.92385],[-111.78899,47.92547],[-111.79078,47.91826],[-111.80275,47.91697],[-111.8087,47.91827],[-111.81234,47.91366],[-111.82592,47.91392],[-111.82324,47.90891],[-111.82284,47.89808],[-111.81185,47.89714],[-111.81243,47.86812],[-111.81626,47.86811],[-111.81668,47.84294],[-111.90315,47.8431],[-111.90244,47.77015],[-111.90225,47.71514],[-111.9052,47.70364],[-111.90002,47.69978],[-111.8981,47.69394],[-111.87695,47.69495],[-111.85662,47.70068],[-111.83481,47.70507],[-111.82009,47.71516],[-111.79941,47.72132],[-111.78498,47.7206],[-111.78497,47.7125],[-111.79505,47.71228],[-111.79511,47.61112],[-111.76355,47.61064],[-111.75169,47.61126],[-111.68798,47.61093],[-111.66626,47.61125],[-111.66622,47.63949],[-111.66648,47.69776],[-111.40885,47.69812]]]},"properties":{"STATEFP":"30","COUNTYFP":"099","COUSUBFP":"90966","COUSUBNS":"01940603","GEOIDFQ":"0600000US3009990966","GEOID":"3009990966","NAME":"Dutton-Power","NAMELSAD":"Dutton-Power CCD","STUSPS":"MT","NAMELSADCO":"Teton County","STATE_NAME":"Montana","LSAD":"22","ALAND":1137003785,"AWATER":105311}},
{"type":"Feature","geometry":{"type":"Polygon","coordinates":[[[-110.79538,45.76275],[-110.79526,45.69924],[-110.755,45.69939],[-110.75492,45.71414],[-110.7349,45.71414],[-110.73486,45.7285],[-110.71422,45.72881],[-110.71439,45.74219],[-110.70915,45.73863],[-110.70142,45.7395],[-110.69287,45.73553],[-110.68801,45.7382],[-110.67521,45.73832],[-110.67297,45.73984],[-110.65499,45.74229],[-110.64207,45.74189],[-110.63193,45.73774],[-110.61591,45.73424],[-110.59373,45.73516],[-110.58889,45.73365],[-110.57825,45.72615],[-110.57056,45.72478],[-110.56148,45.72568],[-110.5546,45.72306],[-110.55194,45.71534],[-110.5441,45.70986],[-110.52922,45.70301],[-110.52191,45.70285],[-110.51656,45.69727],[-110.5078,45.70244],[-110.4981,45.70413],[-110.4957,45.71172],[-110.47617,45.72022],[-110.46833,45.71766],[-110.45942,45.72226],[-110.44089,45.72781],[-110.43405,45.72783],[-110.41916,45.72524],[-110.41204,45.72845],[-110.40446,45.72872],[-110.3972,45.72063],[-110.38622,45.72051],[-110.37758,45.71198],[-110.37372,45.71047],[-110.3618,45.71141],[-110.34355,45.70912],[-110.32557,45.70345],[-110.3186,45.70343],[-110.31024,45.69864],[-110.29526,45.69622],[-110.28907,45.69758],[-110.27985,45.69478],[-110.26754,45.6969],[-110.26269,45.70289],[-110.26791,45.71393],[-110.26022,45.72226],[-110.25252,45.72529],[-110.24104,45.72721],[-110.23669,45.74001],[-110.23151,45.74481],[-110.22025,45.74746],[-110.22091,45.78497],[-110.29266,45.78506],[-110.29288,45.92917],[-110.29272,46.04457],[-110.29275,46.13385],[-110.2819,46.13384],[-110.28192,46.1844],[-110.40928,46.18437],[-110.40927,46.19207],[-110.57574,46.1923],[-110.7334,46.19281],[-110.78383,46.1927],[-110.78403,46.14183],[-110.79077,46.14185],[-110.79054,46.04695],[-110.79256,46.01849],[-110.7924,45.98878],[-110.78965,45.96061],[-110.78848,45.90492],[-110.7894,45.78631],[-110.79526,45.78632],[-110.79538,45.76275]]]},"properties":{"STATEFP":"30","COUNTYFP":"067","COUSUBFP":"93066","COUSUBNS":"01940706","GEOIDFQ":"0600000US3006793066","GEOID":"3006793066","NAME":"Shields Valley","NAMELSAD":"Shields Valley CCD","STUSPS":"MT","NAMELSADCO":"Park County","STATE_NAME":"Montana","LSAD":"22","ALAND":2059451545,"AWATER":4471536}},
{"type":"Feature","geometry":{"type":"Polygon","coordinates":[[[-104.45098,47.31928],[-104.45102,47.31763],[-104.43004,47.31795],[-104.43034,47.31071],[-104.41941,47.31059],[-104.41929,47.30334],[-104.40851,47.30323],[-104.40852,47.29601],[-104.39789,47.29602],[-104.39792,47.28876],[-104.38727,47.28872],[-104.38716,47.27426],[-104.37351,47.27429],[-104.37354,47.25984],[-104.3629,47.25985],[-104.36292,47.25262],[-104.35228,47.25262],[-104.35231,47.24539],[-104.34168,47.24539],[-104.3418,47.2165],[-104.33118,47.21651],[-104.33132,47.19486],[-104.32065,47.1949],[-104.32073,47.18054],[-104.31617,47.18054],[-104.31637,47.13686],[-104.30575,47.13682],[-104.30606,47.04205],[-104.32728,47.04197],[-104.32724,47.0058],[-104.33787,47.00577],[-104.33793,46.99117],[-104.34855,46.99109],[-104.34857,46.9766],[-104.35917,46.97658],[-104.3592,46.96208],[-104.3698,46.96206],[-104.36982,46.94758],[-104.38039,46.94757],[-104.3804,46.94032],[-104.39096,46.94033],[-104.39097,46.93644],[-104.38203,46.93299],[-104.35637,46.93696],[-104.34448,46.93529],[-104.32339,46.94336],[-104.31452,46.94332],[-104.30595,46.94744],[-104.27342,46.94762],[-104.18898,46.94742],[-104.18919,46.92115],[-104.18848,46.91833],[-104.13705,46.91826],[-104.04684,46.91854],[-104.04559,46.91895],[-104.04505,47.04086],[-104.04535,47.07857],[-104.04479,47.12743],[-104.04552,47.21567],[-104.04512,47.27697],[-104.04533,47.34345],[-104.04507,47.39707],[-104.13151,47.3974],[-104.13186,47.3539],[-104.38529,47.35346],[-104.38529,47.3544],[-104.42035,47.35444],[-104.42263,47.34498],[-104.43589,47.33011],[-104.44762,47.32452],[-104.45098,47.31928]]]},"properties":{"STATEFP":"30","COUNTYFP":"109","COUSUBFP":"93885","COUSUBNS":"01940744","GEOIDFQ":"0600000US3010993885","GEOID":"3010993885","NAME":"Wibaux","NAMELSAD":"Wibaux CCD","STUSPS":"MT","NAMELSADCO":"Wibaux County","STATE_NAME":"Montana","LSAD":"22","ALAND":1104454369,"AWATER":805514}},
{"type":"Feature","geometry":{"type":"Polygon","coordinates":[[[-113.34905,48.31026],[-113.0497,48.31026],[-113.04854,48.30994],[-113.09817,48.33572],[-113.23594,48.40945],[-113.24192,48.41288],[-113.28928,48.4835],[-113.36732,48.61025],[-113.37607,48.62483],[-113.40749,48.6747],[-113.42141,48.69349],[-113.41881,48.70334],[-113.42085,48.7147],[-113.41894,48.71611],[-113.42263,48.73404],[-113.43349,48.74743],[-113.43994,48.75331],[-113.48694,48.78441],[-113.60955,48.9332],[-113.60914,48.99824],[-113.69298,48.99763],[-113.86413,48.99828],[-113.90749,48.99886],[-114.06818,48.99892],[-114.06531,48.99222],[-114.05645,48.9861],[-114.05839,48.9799],[-114.04706,48.96261],[-114.02796,48.96473],[-114.02138,48.96113],[-114.04247,48.94589],[-114.04192,48.94063],[-114.04748,48.9364],[-114.0446,48.9328],[-114.03623,48.93143],[-114.02477,48.9334],[-114.01606,48.92174],[-114.0138,48.90851],[-114.01887,48.90303],[-114.03904,48.89506],[-114.05509,48.89463],[-114.05809,48.88895],[-114.03109,48.87993],[-114.02468,48.87074],[-114.01723,48.86475],[-114.00665,48.86496],[-113.99303,48.85412],[-113.98926,48.84575],[-113.98969,48.84059],[-113.99914,48.83902],[-114.00406,48.83308],[-113.98718,48.82665],[-113.9809,48.82577],[-113.97524,48.81967],[-113.97054,48.82337],[-113.96431,48.8231],[-113.95686,48.81747],[-113.92785,48.82922],[-113.91868,48.83504],[-113.91048,48.8486],[-113.89924,48.84687],[-113.89026,48.84157],[-113.87504,48.8373],[-113.87331,48.84194],[-113.86548,48.84726],[-113.84108,48.85579],[-113.83897,48.85179],[-113.82739,48.84881],[-113.81837,48.84822],[-113.81491,48.83971],[-113.80563,48.83887],[-113.79046,48.84549],[-113.78655,48.84006],[-113.78516,48.8326],[-113.77606,48.82608],[-113.75694,48.81832],[-113.76396,48.8037],[-113.77281,48.80084],[-113.77033,48.78651],[-113.76653,48.78513],[-113.76165,48.7733],[-113.75347,48.76881],[-113.74271,48.76522],[-113.74361,48.76226],[-113.73925,48.75281],[-113.72802,48.74538],[-113.71489,48.74259],[-113.70711,48.73082],[-113.70965,48.72411],[-113.70273,48.71938],[-113.70996,48.70418],[-113.71982,48.69489],[-113.73315,48.69424],[-113.74099,48.69227],[-113.73789,48.68454],[-113.73145,48.67515],[-113.72589,48.67146],[-113.73907,48.66315],[-113.74144,48.65562],[-113.74557,48.65277],[-113.74668,48.63948],[-113.74217,48.63555],[-113.7467,48.63138],[-113.74749,48.624],[-113.75403,48.61854],[-113.75045,48.61434],[-113.73455,48.60892],[-113.72448,48.60007],[-113.71985,48.6006],[-113.70792,48.59471],[-113.69353,48.59268],[-113.67975,48.59339],[-113.66356,48.58564],[-113.65236,48.59085],[-113.64127,48.60055],[-113.63226,48.59882],[-113.61774,48.5886],[-113.61413,48.58048],[-113.60914,48.57698],[-113.60055,48.57498],[-113.59083,48.57843],[-113.58648,48.58353],[-113.57835,48.58424],[-113.57206,48.57897],[-113.55849,48.5838],[-113.5471,48.58477],[-113.52293,48.57396],[-113.5169,48.57292],[-113.51032,48.55982],[-113.50206,48.55809],[-113.49229,48.55233],[-113.48422,48.55395],[-113.47338,48.55248],[-113.46737,48.54756],[-113.46986,48.5359],[-113.46864,48.53025],[-113.47269,48.52501],[-113.47365,48.50479],[-113.46605,48.49817],[-113.47182,48.48758],[-113.46658,48.47453],[-113.47367,48.46985],[-113.48084,48.45966],[-113.47891,48.45312],[-113.47296,48.4521],[-113.46195,48.44514],[-113.45178,48.44583],[-113.43898,48.43481],[-113.42469,48.43064],[-113.41347,48.42089],[-113.38951,48.4164],[-113.38161,48.41707],[-113.37738,48.42018],[-113.3673,48.42313],[-113.35598,48.42391],[-113.34839,48.41276],[-113.35111,48.40594],[-113.34656,48.39409],[-113.33297,48.38763],[-113.33401,48.38194],[-113.33916,48.37134],[-113.35153,48.36185],[-113.36351,48.3556],[-113.37029,48.35379],[-113.37574,48.34822],[-113.38705,48.3415],[-113.3783,48.33595],[-113.37381,48.33087],[-113.37427,48.32393],[-113.3573,48.31701],[-113.34905,48.31026]]]},"properties":{"STATEFP":"30","COUNTYFP":"035","COUSUBFP":"91460","COUSUBNS":"01940630","GEOIDFQ":"0600000US3003591460","GEOID":"3003591460","NAME":"Glacier National Park","NAMELSAD":"Glacier National Park CCD","STUSPS":"MT","NAMELSADCO":"Glacier County","STATE_NAME":"Montana","LSAD":"22","ALAND":1596374805,"AWATER":43287494}},
{"type":"Feature","geometry":{"type":"Polygon","coordinates":[[[-112.58125,48.30993],[-112.80909,48.31009],[-112.86722,48.30996],[-113.04854,48.30994],[-113.03083,48.2997],[-112.9364,48.24997],[-112.92242,48.24202],[-112.92175,48.16464],[-112.90651,48.16238],[-112.9016,48.15935],[-112.88278,48.15979],[-112.87802,48.16405],[-112.87208,48.16297],[-112.85741,48.17529],[-112.84716,48.1763],[-112.83541,48.18083],[-112.82332,48.18144],[-112.81417,48.18532],[-112.81379,48.1888],[-112.80727,48.19431],[-112.80309,48.19236],[-112.79495,48.19505],[-112.78676,48.20269],[-112.77776,48.20238],[-112.76978,48.20536],[-112.76234,48.21193],[-112.75645,48.21955],[-112.75585,48.22636],[-112.74737,48.2305],[-112.73625,48.23181],[-112.71929,48.23667],[-112.71273,48.24134],[-112.69619,48.24495],[-112.68812,48.2449],[-112.67887,48.24818],[-112.66236,48.24148],[-112.63362,48.2456],[-112.62108,48.25403],[-112.60912,48.25758],[-112.60587,48.26357],[-112.60647,48.27401],[-112.59763,48.28602],[-112.59064,48.29808],[-112.59009,48.30389],[-112.58125,48.30993]]]},"properties":{"STATEFP":"30","COUNTYFP":"073","COUSUBFP":"90378","COUSUBNS":"01940575","GEOIDFQ":"0600000US3007390378","GEOID":"3007390378","NAME":"Blackfeet Reservation West","NAMELSAD":"Blackfeet Reservation West CCD","STUSPS":"MT","NAMELSADCO":"Pondera County","STATE_NAME":"Montana","LSAD":"22","ALAND":295644834,"AWATER":3758126}},
{"type":"Feature","geometry":{"type":"Polygon","coordinates":[[[-104.60377,46.86085],[-104.49658,46.86081],[-104.49658,46.86806],[-104.48603,46.86802],[-104.48603,46.87527],[-104.46495,46.8752],[-104.46494,46.88244],[-104.45441,46.88242],[-104.45441,46.88966],[-104.43323,46.88961],[-104.43324,46.9041],[-104.41212,46.904],[-104.41212,46.91859],[-104.40156,46.91859],[-104.40154,46.93307],[-104.39097,46.93308],[-104.39097,46.93644],[-104.39096,46.94033],[-104.3804,46.94032],[-104.38039,46.94757],[-104.36982,46.94758],[-104.3698,46.96206],[-104.3592,46.96208],[-104.35917,46.97658],[-104.34857,46.9766],[-104.34855,46.99109],[-104.33793,46.99117],[-104.33787,47.00577],[-104.32724,47.0058],[-104.32728,47.04197],[-104.30606,47.04205],[-104.30575,47.13682],[-104.31637,47.13686],[-104.31617,47.18054],[-104.32073,47.18054],[-104.32065,47.1949],[-104.33132,47.19486],[-104.33118,47.21651],[-104.3418,47.2165],[-104.34168,47.24539],[-104.35231,47.24539],[-104.35228,47.25262],[-104.36292,47.25262],[-104.3629,47.25985],[-104.37354,47.25984],[-104.37351,47.27429],[-104.38716,47.27426],[-104.38727,47.28872],[-104.39792,47.28876],[-104.39789,47.29602],[-104.40852,47.29601],[-104.40851,47.30323],[-104.41929,47.30334],[-104.41941,47.31059],[-104.43034,47.31071],[-104.43004,47.31795],[-104.45102,47.31763],[-104.45098,47.31928],[-104.46151,47.30564],[-104.47608,47.30136],[-104.47939,47.29646],[-104.49567,47.29297],[-104.49966,47.28924],[-104.51257,47.28207],[-104.52038,47.28036],[-104.53388,47.28076],[-104.53987,47.27959],[-104.54914,47.27133],[-104.55564,47.26143],[-104.56203,47.2605],[-104.57479,47.2671],[-104.59047,47.27375],[-104.59567,47.27416],[-104.61173,47.26528],[-104.61005,47.25951],[-104.59625,47.2557],[-104.59322,47.25199],[-104.61126,47.24912],[-104.62546,47.25004],[-104.63133,47.24706],[-104.62898,47.24011],[-104.63597,47.23476],[-104.63325,47.22506],[-104.64324,47.21761],[-104.65538,47.20532],[-104.66396,47.19918],[-104.65747,47.19176],[-104.66005,47.18337],[-104.65853,47.17575],[-104.67098,47.17118],[-104.67799,47.1658],[-104.70176,47.16576],[-104.70508,47.15419],[-104.73833,47.15678],[-104.75204,47.16041],[-104.78502,47.16586],[-104.79204,47.16804],[-104.84194,47.19074],[-104.85201,47.19717],[-104.88483,47.22815],[-104.901,47.23037],[-104.91683,47.23901],[-104.93823,47.24646],[-104.93911,47.2537],[-105.00263,47.25381],[-105.00254,47.18142],[-105.00512,47.17602],[-105.00399,47.16898],[-104.99125,47.16686],[-104.96024,47.15362],[-104.94184,47.14305],[-104.94295,47.13826],[-104.97402,47.13819],[-104.98089,47.13536],[-104.99761,47.13935],[-105.00674,47.13812],[-105.07138,47.1379],[-105.07277,47.13644],[-105.2173,47.13668],[-105.21729,47.09318],[-105.32478,47.09326],[-105.32476,46.9772],[-105.19673,46.97717],[-105.19701,46.91919],[-105.06952,46.91917],[-105.06958,46.90528],[-105.04883,46.90523],[-105.04879,46.89068],[-105.02754,46.89058],[-105.02753,46.86146],[-105.00849,46.86138],[-104.60377,46.86085]]]},"properties":{"STATEFP":"30","COUNTYFP":"021","COUSUBFP":"91491","COUSUBNS":"01940632","GEOIDFQ":"0600000US3002191491","GEOID":"3002191491","NAME":"Glendive","NAMELSAD":"Glendive CCD","STUSPS":"MT","NAMELSADCO":"Dawson County","STATE_NAME":"Montana","LSAD":"22","ALAND":2544737211,"AWATER":23257491}},
{"type":"Feature","geometry":{"type":"Polygon","coordinates":[[[-111.1563,45.05409],[-111.14493,45.04845],[-111.13304,45.04481],[-111.12013,45.03858],[-111.11046,45.02843],[-111.09765,45.02297],[-111.09667,44.99977],[-111.0966,44.7108],[-111.0971,44.65417],[-111.0962,44.48646],[-111.09197,44.48644],[-111.07016,44.4822],[-111.06467,44.47864],[-111.05578,44.4768],[-111.05243,44.47841],[-111.05361,44.66627],[-111.05399,44.72625],[-111.0544,44.86039],[-111.05456,45.00096],[-111.04507,45.00093],[-111.04506,45.0739],[-111.05006,45.06683],[-111.05683,45.06628],[-111.07036,45.07499],[-111.07081,45.08269],[-111.07673,45.09389],[-111.08107,45.09458],[-111.0869,45.10294],[-111.09715,45.10389],[-111.10324,45.10908],[-111.11363,45.10755],[-111.11733,45.10225],[-111.12577,45.10299],[-111.12971,45.10089],[-111.13534,45.09088],[-111.13036,45.08595],[-111.13776,45.08255],[-111.14167,45.07606],[-111.14013,45.06943],[-111.13566,45.0625],[-111.14387,45.06188],[-111.1563,45.05409]]]},"properties":{"STATEFP":"30","COUNTYFP":"031","COUSUBFP":"94017","COUSUBNS":"02628700","GEOIDFQ":"0600000US3003194017","GEOID":"3003194017","NAME":"Yellowstone National Park","NAMELSAD":"Yellowstone National Park CCD","STUSPS":"MT","NAMELSADCO":"Gallatin County","STATE_NAME":"Montana","LSAD":"22","ALAND":260556315,"AWATER":958030}},
{"type":"Feature","geometry":{"type":"Polygon","coordinates":[[[-104.29705,48.70793],[-104.36382,48.70788],[-104.36248,48.71035],[-104.36231,48.72901],[-104.36406,48.73685],[-104.34053,48.73704],[-104.34045,48.79484],[-104.38437,48.7948],[-104.38429,48.88256],[-104.37076,48.8816],[-104.3495,48.87851],[-104.33544,48.87858],[-104.30675,48.88874],[-104.29937,48.89734],[-104.29794,48.90687],[-104.2878,48.91083],[-104.28855,48.92349],[-104.28835,48.9872],[-104.29421,48.99092],[-104.29917,48.99785],[-104.30515,48.9997],[-104.39873,48.99964],[-104.64739,48.99934],[-104.87553,48.99899],[-105.05763,48.99923],[-105.05774,48.91052],[-105.03817,48.91051],[-105.03855,48.6501],[-104.97328,48.65006],[-104.97335,48.63289],[-104.847,48.63309],[-104.75057,48.6334],[-104.74659,48.63376],[-104.6057,48.63423],[-104.60218,48.63439],[-104.44731,48.63503],[-104.44438,48.63816],[-104.45216,48.64793],[-104.44858,48.65002],[-104.45192,48.65648],[-104.44201,48.66142],[-104.44831,48.66588],[-104.44277,48.66918],[-104.42873,48.66444],[-104.31851,48.66448],[-104.3185,48.69324],[-104.29703,48.69346],[-104.29705,48.70793]]]},"properties":{"STATEFP":"30","COUNTYFP":"091","COUSUBFP":"92709","COUSUBNS":"01940692","GEOIDFQ":"0600000US3009192709","GEOID":"3009192709","NAME":"Plentywood","NAMELSAD":"Plentywood CCD","STUSPS":"MT","NAMELSADCO":"Sheridan County","STATE_NAME":"Montana","LSAD":"22","ALAND":2075686056,"AWATER":4788520}},
{"type":"Feature","geometry":{"type":"Polygon","coordinates":[[[-108.79538,46.27741],[-108.78782,46.2826],[-108.78958,46.28984],[-108.77993,46.30165],[-108.76689,46.30262],[-108.75145,46.31496],[-108.74363,46.31759],[-108.72821,46.31886],[-108.72142,46.31744],[-108.70763,46.31797],[-108.69606,46.32026],[-108.69806,46.32319],[-108.69105,46.33563],[-108.68358,46.33982],[-108.68314,46.34312],[-108.66726,46.35623],[-108.66148,46.35556],[-108.64108,46.36173],[-108.63507,46.36965],[-108.62503,46.37436],[-108.62175,46.38013],[-108.61615,46.38305],[-108.60449,46.3939],[-108.60333,46.39812],[-108.59558,46.40496],[-108.58771,46.42116],[-108.58285,46.42539],[-108.56366,46.43002],[-108.55071,46.44031],[-108.54727,46.43733],[-108.53676,46.43953],[-108.53055,46.44383],[-108.52178,46.44668],[-108.50841,46.4472],[-108.50166,46.44512],[-108.49876,46.44942],[-108.49136,46.45321],[-108.48213,46.45467],[-108.47415,46.45398],[-108.47313,46.4595],[-108.46513,46.46331],[-108.4608,46.46189],[-108.4534,46.46606],[-108.45204,46.46013],[-108.44138,46.46184],[-108.43226,46.46659],[-108.42882,46.47208],[-108.41658,46.47509],[-108.41103,46.47188],[-108.40389,46.47477],[-108.39666,46.46908],[-108.38957,46.4753],[-108.38569,46.47037],[-108.37676,46.47412],[-108.37389,46.46997],[-108.3672,46.47438],[-108.36297,46.4726],[-108.35095,46.47348],[-108.32624,46.47993],[-108.32325,46.47771],[-108.30468,46.4826],[-108.29299,46.48739],[-108.27787,46.49774],[-108.27078,46.49744],[-108.25622,46.50175],[-108.25423,46.50663],[-108.24445,46.51073],[-108.23711,46.50414],[-108.23075,46.51164],[-108.2159,46.50856],[-108.21447,46.51101],[-108.19553,46.5102],[-108.17424,46.51526],[-108.1366,46.51527],[-108.12196,46.5189],[-108.09137,46.52886],[-108.11297,46.54176],[-108.1135,46.55116],[-108.13183,46.55107],[-108.15501,46.56436],[-108.15453,46.5797],[-108.1554,46.66514],[-108.15717,46.66921],[-108.15717,46.67997],[-108.15338,46.68922],[-108.1565,46.69566],[-108.16346,46.70252],[-108.16851,46.71657],[-108.16954,46.72621],[-108.17837,46.74198],[-108.17844,46.75423],[-108.26178,46.75423],[-108.36744,46.75053],[-108.3793,46.74956],[-108.63146,46.74939],[-109.00957,46.7507],[-109.00998,46.62117],[-108.98873,46.62124],[-108.98811,46.607],[-108.98899,46.57785],[-108.9049,46.57691],[-108.90526,46.48981],[-108.88011,46.48974],[-108.88179,46.45173],[-108.8608,46.45167],[-108.86228,46.36459],[-108.84133,46.36456],[-108.84172,46.35006],[-108.83126,46.35009],[-108.83161,46.321],[-108.82116,46.32101],[-108.82113,46.30646],[-108.8002,46.30644],[-108.80014,46.27741],[-108.79538,46.27741]]]},"properties":{"STATEFP":"30","COUNTYFP":"065","COUSUBFP":"92877","COUSUBNS":"01940698","GEOIDFQ":"0600000US3006592877","GEOID":"3006592877","NAME":"Roundup","NAMELSAD":"Roundup CCD","STUSPS":"MT","NAMELSADCO":"Musselshell County","STATE_NAME":"Montana","LSAD":"22","ALAND":2228284255,"AWATER":6493334}},
{"type":"Feature","geometry":{"type":"Polygon","coordinates":[[[-110.99188,47.11691],[-111.00915,47.12471],[-111.01374,47.13491],[-111.01893,47.13939],[-111.01921,47.14705],[-111.02614,47.1533],[-111.03116,47.16809],[-111.02632,47.17603],[-111.03229,47.1946],[-111.02412,47.2094],[-111.02682,47.21563],[-111.02608,47.2235],[-111.03022,47.23633],[-111.04302,47.24456],[-111.04355,47.24924],[-111.04945,47.25812],[-111.05438,47.26163],[-111.07243,47.26834],[-111.0779,47.27572],[-111.09198,47.28166],[-111.09336,47.2862],[-111.08894,47.29568],[-111.09193,47.30039],[-111.09124,47.30817],[-111.09761,47.32081],[-111.09309,47.32279],[-111.09756,47.3319],[-111.09234,47.33772],[-111.09513,47.34359],[-111.10649,47.34107],[-111.11684,47.34334],[-111.11614,47.34897],[-111.12525,47.35325],[-111.13083,47.35285],[-111.1358,47.35759],[-111.13726,47.3667],[-111.1366,47.37533],[-111.13919,47.37785],[-111.13123,47.38264],[-111.12744,47.38755],[-111.11687,47.37902],[-111.11195,47.3777],[-111.11409,47.3993],[-111.11396,47.42131],[-111.11982,47.4219],[-111.12069,47.42856],[-111.13188,47.43184],[-111.1368,47.43992],[-111.14759,47.44002],[-111.14729,47.44537],[-111.15562,47.45114],[-111.1673,47.45118],[-111.19167,47.45437],[-111.20354,47.45449],[-111.22796,47.45131],[-111.25826,47.45049],[-111.25768,47.44036],[-111.26637,47.43235],[-111.27915,47.41521],[-111.28414,47.41669],[-111.30963,47.41137],[-111.31501,47.40839],[-111.31892,47.39165],[-111.33411,47.38947],[-111.34548,47.39348],[-111.34524,47.41117],[-111.33665,47.42352],[-111.33699,47.42729],[-111.34642,47.43592],[-111.35296,47.43434],[-111.35542,47.42817],[-111.36166,47.42477],[-111.36577,47.41119],[-111.37149,47.40866],[-111.37882,47.41859],[-111.38928,47.42025],[-111.39056,47.42301],[-111.38491,47.43143],[-111.39022,47.43529],[-111.41355,47.4325],[-111.41567,47.42353],[-111.409,47.41746],[-111.40769,47.41297],[-111.41661,47.41063],[-111.4216,47.41406],[-111.43085,47.41617],[-111.43886,47.4089],[-111.45004,47.40719],[-111.45309,47.41149],[-111.45299,47.41878],[-111.4562,47.42356],[-111.47193,47.43128],[-111.47649,47.42937],[-111.47303,47.42173],[-111.47918,47.41399],[-111.47548,47.40574],[-111.45918,47.39952],[-111.45061,47.39421],[-111.44728,47.38943],[-111.44796,47.37807],[-111.46007,47.36441],[-111.44701,47.35616],[-111.43931,47.35674],[-111.436,47.35365],[-111.44499,47.34126],[-111.44019,47.33509],[-111.44119,47.33086],[-111.43354,47.32553],[-111.43883,47.32028],[-111.43372,47.31568],[-111.44119,47.30691],[-111.4347,47.30095],[-111.4374,47.29859],[-111.43598,47.29226],[-111.4404,47.28824],[-111.43236,47.28514],[-111.43138,47.27581],[-111.43501,47.27064],[-111.42998,47.25988],[-111.41905,47.2609],[-111.41534,47.25189],[-111.41052,47.25038],[-111.39829,47.24143],[-111.39008,47.24171],[-111.38714,47.23742],[-111.393,47.23161],[-111.39478,47.22348],[-111.38998,47.22108],[-111.38489,47.2139],[-111.37997,47.21086],[-111.37974,47.20535],[-111.3912,47.19623],[-111.38778,47.19103],[-111.37716,47.18701],[-111.36899,47.18997],[-111.36511,47.1957],[-111.35823,47.19404],[-111.34339,47.18177],[-111.33816,47.17265],[-111.33125,47.1741],[-111.33211,47.16266],[-111.33064,47.15511],[-111.3179,47.1507],[-111.31168,47.15178],[-111.31027,47.14651],[-111.29649,47.14258],[-111.29543,47.1484],[-111.28917,47.1515],[-111.28658,47.14116],[-111.28141,47.14512],[-111.27168,47.14128],[-111.27357,47.13729],[-111.2702,47.12967],[-111.27422,47.12307],[-111.28049,47.12395],[-111.28836,47.12035],[-111.28296,47.11596],[-111.28554,47.1117],[-111.28285,47.10389],[-111.28331,47.09613],[-111.2771,47.09166],[-111.27974,47.08517],[-111.27232,47.08365],[-111.27469,47.07745],[-111.2657,47.07319],[-111.26541,47.06882],[-111.27983,47.06755],[-111.28385,47.06011],[-111.26869,47.05995],[-111.27559,47.05019],[-111.28661,47.04738],[-111.27961,47.04117],[-111.27555,47.03461],[-111.27984,47.03133],[-111.29146,47.02986],[-111.28986,47.0248],[-111.27794,47.01905],[-111.27789,47.01449],[-111.29128,47.01546],[-111.28663,47.00103],[-111.28521,47.01175],[-111.15839,47.01177],[-111.15856,47.0883],[-111.15006,47.08798],[-111.08092,47.08803],[-111.07623,47.07935],[-111.08386,47.07253],[-111.08381,47.06372],[-111.07811,47.05248],[-111.0768,47.04528],[-111.08704,47.03778],[-111.09614,47.03488],[-111.10269,47.02967],[-111.0991,47.02126],[-111.08886,47.01522],[-111.08428,47.01061],[-111.07228,47.00566],[-111.055,47.00907],[-111.04552,47.00438],[-111.04051,47.00647],[-111.03207,47.00608],[-111.0412,47.00852],[-111.05034,47.00864],[-111.05245,47.01798],[-111.06476,47.02588],[-111.06389,47.03999],[-111.05638,47.04688],[-111.05386,47.0523],[-111.04322,47.06158],[-111.04066,47.06975],[-111.0357,47.0775],[-111.02866,47.08334],[-111.01253,47.1003],[-110.99974,47.10897],[-110.9902,47.112],[-110.99188,47.11691]]]},"properties":{"STATEFP":"30","COUNTYFP":"013","COUSUBFP":"91029","COUSUBNS":"01940606","GEOIDFQ":"0600000US3001391029","GEOID":"3001391029","NAME":"Eden-Stockett","NAMELSAD":"Eden-Stockett CCD","STUSPS":"MT","NAMELSADCO":"Cascade County","STATE_NAME":"Montana","LSAD":"22","ALAND":1042789651,"AWATER":3307527}},
{"type":"Feature","geometry":{"type":"Polygon","coordinates":[[[-111.53079,47.54702],[-111.53255,47.53734],[-111.53772,47.53575],[-111.53797,47.51012],[-111.52772,47.50784],[-111.52775,47.49669],[-111.53659,47.49483],[-111.62401,47.49496],[-111.62395,47.48039],[-111.71638,47.48048],[-111.71951,47.47963],[-111.71993,47.44428],[-111.71499,47.43115],[-111.71495,47.42223],[-111.70982,47.41509],[-111.70981,47.38262],[-111.70447,47.38229],[-111.69961,47.37183],[-111.69311,47.37162],[-111.69066,47.37747],[-111.67681,47.38158],[-111.66348,47.37779],[-111.66019,47.37239],[-111.65099,47.36827],[-111.64732,47.36452],[-111.62834,47.36163],[-111.6275,47.35718],[-111.61814,47.35466],[-111.61668,47.34855],[-111.61018,47.34642],[-111.60538,47.34179],[-111.58505,47.34126],[-111.58013,47.34467],[-111.5807,47.35315],[-111.57833,47.35614],[-111.56479,47.35884],[-111.55737,47.36332],[-111.55733,47.37086],[-111.55219,47.37569],[-111.54797,47.37509],[-111.54316,47.36452],[-111.53678,47.36499],[-111.53975,47.3844],[-111.52654,47.3828],[-111.51799,47.38026],[-111.5062,47.379],[-111.50248,47.38204],[-111.50442,47.38844],[-111.51171,47.3938],[-111.52192,47.3969],[-111.52651,47.40145],[-111.52654,47.40767],[-111.52124,47.41033],[-111.51531,47.40939],[-111.50957,47.40442],[-111.50179,47.40428],[-111.4983,47.41283],[-111.50153,47.4193],[-111.50307,47.42807],[-111.49575,47.43043],[-111.48874,47.42593],[-111.48377,47.41528],[-111.47918,47.41399],[-111.47303,47.42173],[-111.47649,47.42937],[-111.47193,47.43128],[-111.4562,47.42356],[-111.45299,47.41878],[-111.45309,47.41149],[-111.45004,47.40719],[-111.43886,47.4089],[-111.43085,47.41617],[-111.4216,47.41406],[-111.41661,47.41063],[-111.40769,47.41297],[-111.409,47.41746],[-111.41567,47.42353],[-111.41355,47.4325],[-111.39022,47.43529],[-111.38491,47.43143],[-111.39056,47.42301],[-111.38928,47.42025],[-111.37882,47.41859],[-111.37149,47.40866],[-111.36577,47.41119],[-111.36166,47.42477],[-111.35542,47.42817],[-111.35296,47.43434],[-111.34642,47.43592],[-111.33699,47.42729],[-111.33665,47.42352],[-111.34524,47.41117],[-111.34548,47.39348],[-111.33411,47.38947],[-111.31892,47.39165],[-111.31501,47.40839],[-111.30963,47.41137],[-111.28414,47.41669],[-111.27915,47.41521],[-111.26637,47.43235],[-111.25768,47.44036],[-111.25826,47.45049],[-111.22796,47.45131],[-111.20354,47.45449],[-111.19167,47.45437],[-111.1673,47.45118],[-111.15562,47.45114],[-111.14717,47.45311],[-111.13724,47.45842],[-111.13001,47.4641],[-111.15582,47.47958],[-111.15436,47.486],[-111.1481,47.4905],[-111.14768,47.52258],[-111.15353,47.52305],[-111.19899,47.52016],[-111.19921,47.52939],[-111.20702,47.53191],[-111.20637,47.53504],[-111.21182,47.53722],[-111.22889,47.53602],[-111.24666,47.52674],[-111.25069,47.52342],[-111.26264,47.51869],[-111.27593,47.52122],[-111.29108,47.52054],[-111.28984,47.52508],[-111.28169,47.53868],[-111.28196,47.55361],[-111.32495,47.55388],[-111.32462,47.54827],[-111.33414,47.54138],[-111.34321,47.52927],[-111.34545,47.52021],[-111.34293,47.51308],[-111.40154,47.52675],[-111.40412,47.51922],[-111.41042,47.51577],[-111.41879,47.51608],[-111.41479,47.52464],[-111.42536,47.52765],[-111.43199,47.52475],[-111.43816,47.53029],[-111.43996,47.53506],[-111.44793,47.54101],[-111.45776,47.5397],[-111.45629,47.53419],[-111.45917,47.53086],[-111.47966,47.52956],[-111.49841,47.52366],[-111.50546,47.52327],[-111.51575,47.52817],[-111.5192,47.53215],[-111.52992,47.53361],[-111.52712,47.54365],[-111.53079,47.54702]]]},"properties":{"STATEFP":"30","COUNTYFP":"013","COUSUBFP":"91533","COUSUBNS":"01940634","GEOIDFQ":"0600000US3001391533","GEOID":"3001391533","NAME":"Great Falls","NAMELSAD":"Great Falls CCD","STUSPS":"MT","NAMELSADCO":"Cascade County","STATE_NAME":"Montana","LSAD":"22","ALAND":515430448,"AWATER":10011243}},
{"type":"Feature","geometry":{"type":"Polygon","coordinates":[[[-106.27971,45.17973],[-106.27955,45.3518],[-106.23572,45.3518],[-106.23396,45.51073],[-106.2334,45.64293],[-106.24803,45.64415],[-106.26717,45.64064],[-106.27703,45.63359],[-106.27659,45.62878],[-106.2826,45.62735],[-106.28617,45.62131],[-106.27498,45.62162],[-106.27351,45.61623],[-106.2799,45.61585],[-106.28508,45.61126],[-106.27479,45.61058],[-106.26762,45.60576],[-106.26859,45.60234],[-106.27863,45.59996],[-106.28795,45.60317],[-106.29441,45.59835],[-106.2885,45.59584],[-106.28671,45.58953],[-106.29088,45.58509],[-106.28442,45.58043],[-106.28262,45.57156],[-106.2854,45.56409],[-106.29097,45.56462],[-106.2902,45.55834],[-106.29527,45.55169],[-106.30806,45.54181],[-106.31451,45.53959],[-106.32103,45.54317],[-106.32359,45.53896],[-106.31692,45.53393],[-106.3207,45.52781],[-106.32078,45.52003],[-106.33664,45.51298],[-106.3342,45.50963],[-106.3369,45.50418],[-106.34558,45.49746],[-106.35531,45.49564],[-106.35,45.49057],[-106.35814,45.48504],[-106.35829,45.47896],[-106.36859,45.47344],[-106.37601,45.47366],[-106.38302,45.46749],[-106.39209,45.46241],[-106.39272,45.45206],[-106.40644,45.44748],[-106.41294,45.44151],[-106.42469,45.4423],[-106.4259,45.43777],[-106.43223,45.43291],[-106.43052,45.42479],[-106.43674,45.42089],[-106.43834,45.41396],[-106.44509,45.41528],[-106.44532,45.42073],[-106.45675,45.42031],[-106.45857,45.41422],[-106.45664,45.40753],[-106.46417,45.4064],[-106.46163,45.40126],[-106.46873,45.39149],[-106.47455,45.39382],[-106.48065,45.39241],[-106.47681,45.38731],[-106.49601,45.38012],[-106.50082,45.37635],[-106.50621,45.37757],[-106.53337,45.38951],[-106.53628,45.38766],[-106.54679,45.38943],[-106.54947,45.39275],[-106.57277,45.39186],[-106.5904,45.39816],[-106.60112,45.39638],[-106.62914,45.40452],[-106.63816,45.40081],[-106.66497,45.40147],[-106.67235,45.39839],[-106.68114,45.39963],[-106.6869,45.40275],[-106.70966,45.40577],[-106.72071,45.40529],[-106.72962,45.40741],[-106.72954,45.35148],[-106.7409,45.35262],[-106.76868,45.35283],[-106.76801,45.17973],[-106.7282,45.17813],[-106.67702,45.17813],[-106.66665,45.17765],[-106.39892,45.17728],[-106.39888,45.17975],[-106.27971,45.17973]]]},"properties":{"STATEFP":"30","COUNTYFP":"087","COUSUBFP":"90084","COUSUBNS":"01940561","GEOIDFQ":"0600000US3008790084","GEOID":"3008790084","NAME":"Ashland","NAMELSAD":"Ashland CCD","STUSPS":"MT","NAMELSADCO":"Rosebud County","STATE_NAME":"Montana","LSAD":"22","ALAND":1164563554,"AWATER":163786}},
{"type":"Feature","geometry":{"type":"Polygon","coordinates":[[[-104.97335,48.56319],[-104.97335,48.63289],[-105.00053,48.63284],[-105.02144,48.63181],[-105.15542,48.63135],[-105.23531,48.63171],[-105.25054,48.63079],[-105.36863,48.63102],[-105.38258,48.63055],[-105.45959,48.63066],[-105.5005,48.63095],[-105.79934,48.63169],[-106.00064,48.63284],[-106.02098,48.63284],[-106.02098,48.63192],[-106.02103,48.56685],[-106.01982,48.56322],[-105.97922,48.56349],[-105.93224,48.56323],[-105.80444,48.56336],[-105.60406,48.5633],[-105.43174,48.56314],[-105.40873,48.56324],[-105.18257,48.56316],[-104.97335,48.56319]]]},"properties":{"STATEFP":"30","COUNTYFP":"019","COUSUBFP":"91218","COUSUBNS":"01940618","GEOIDFQ":"0600000US3001991218","GEOID":"3001991218","NAME":"Fort Peck Reservation","NAMELSAD":"Fort Peck Reservation CCD","STUSPS":"MT","NAMELSADCO":"Daniels County","STATE_NAME":"Montana","LSAD":"22","ALAND":585137869,"AWATER":267994}}
]}