{"type":"FeatureCollection", "features": [
{"type":"Feature","geometry":{"type":"Polygon","coordinates":[[[-81.00637,32.30652],[-81.00443,32.3008],[-80.99866,32.29804],[-80.99421,32.29056],[-80.99754,32.28133],[-80.99246,32.27272],[-80.99565,32.262],[-81.00492,32.2507],[-81.01039,32.24985],[-81.01611,32.24429],[-81.01315,32.23399],[-81.01432,32.23096],[-81.01237,32.21823],[-81.00615,32.21587],[-81.00395,32.20649],[-81.00055,32.20692],[-80.99614,32.2006],[-81.00014,32.19612],[-80.99044,32.19023],[-80.98559,32.19243],[-80.97901,32.18982],[-80.9785,32.18599],[-80.96479,32.18538],[-80.96932,32.17621],[-80.96066,32.17874],[-80.96022,32.17395],[-80.95411,32.17536],[-80.95021,32.16676],[-80.95033,32.15649],[-80.95435,32.14892],[-80.95096,32.14542],[-80.95302,32.14155],[-80.96494,32.15177],[-80.96827,32.14931],[-80.96931,32.14319],[-80.96421,32.13844],[-80.96147,32.12622],[-80.95344,32.13156],[-80.94691,32.12885],[-80.94132,32.13733],[-80.93405,32.13507],[-80.92736,32.13813],[-80.92496,32.13108],[-80.92116,32.13005],[-80.91506,32.13484],[-80.90946,32.13474],[-80.90725,32.13101],[-80.91262,32.1276],[-80.92677,32.12404],[-80.92693,32.11945],[-80.90057,32.11162],[-80.89566,32.1077],[-80.8966,32.10255],[-80.91024,32.08792],[-80.91205,32.08282],[-80.90811,32.07817],[-80.89926,32.07771],[-80.89113,32.08141],[-80.87931,32.08103],[-80.87213,32.08288],[-80.85873,32.09958],[-80.84801,32.10889],[-80.84242,32.11784],[-80.83152,32.11425],[-80.82945,32.15021],[-80.80145,32.1719],[-80.7919,32.18269],[-80.7828,32.20188],[-80.78316,32.20697],[-80.78855,32.21971],[-80.78336,32.22435],[-80.77718,32.22602],[-80.76958,32.22467],[-80.76372,32.22895],[-80.75897,32.23528],[-80.75346,32.23796],[-80.75026,32.24241],[-80.75369,32.2514],[-80.75044,32.25736],[-80.74074,32.26392],[-80.74593,32.26688],[-80.76126,32.28004],[-80.76542,32.28597],[-80.76604,32.29261],[-80.75345,32.30682],[-80.74266,32.30342],[-80.73712,32.30603],[-80.73881,32.31377],[-80.73364,32.31947],[-80.72832,32.3219],[-80.73431,32.33363],[-80.74937,32.34986],[-80.75912,32.35743],[-80.76659,32.3683],[-80.78193,32.38565],[-80.80677,32.4361],[-80.81006,32.44904],[-80.81589,32.46224],[-80.81869,32.46394],[-80.83016,32.46209],[-80.83393,32.45689],[-80.84773,32.42899],[-80.8502,32.41631],[-80.84797,32.41164],[-80.83485,32.41491],[-80.82949,32.41184],[-80.83523,32.40279],[-80.8429,32.39339],[-80.84146,32.38506],[-80.84785,32.38394],[-80.85056,32.37937],[-80.8588,32.3797],[-80.86151,32.37351],[-80.87371,32.36906],[-80.86849,32.36373],[-80.87434,32.35923],[-80.87759,32.3459],[-80.89075,32.34748],[-80.89205,32.35373],[-80.90956,32.35435],[-80.92188,32.35183],[-80.92731,32.34506],[-80.92909,32.33049],[-80.93412,32.32115],[-80.93494,32.30011],[-80.98167,32.30587],[-81.00637,32.30652]]]},"properties":{"STATEFP":"45","COUNTYFP":"013","COUSUBFP":"90312","COUSUBNS":"01938204","GEOIDFQ":"0600000US4501390312","GEOID":"4501390312","NAME":"Bluffton","NAMELSAD":"Bluffton CCD","STUSPS":"SC","NAMELSADCO":"Beaufort County","STATE_NAME":"South Carolina","LSAD":"22","ALAND":460464016,"AWATER":135746296}},
{"type":"Feature","geometry":{"type":"Polygon","coordinates":[[[-82.11373,33.82988],[-82.12351,33.82778],[-82.1301,33.8188],[-82.13972,33.81734],[-82.13407,33.81018],[-82.14138,33.80562],[-82.13879,33.80156],[-82.14394,33.79494],[-82.15017,33.79378],[-82.15675,33.78788],[-82.15572,33.78179],[-82.15995,33.78153],[-82.16342,33.77265],[-82.17268,33.76546],[-82.17243,33.76146],[-82.16575,33.75328],[-82.16805,33.7492],[-82.16419,33.74337],[-82.16799,33.74083],[-82.17066,33.73476],[-82.18199,33.73047],[-82.18289,33.72373],[-82.16579,33.69011],[-82.15353,33.69069],[-82.14535,33.6861],[-82.14822,33.67649],[-82.1424,33.67394],[-82.13448,33.67391],[-82.13174,33.65952],[-82.12246,33.65516],[-82.11047,33.6553],[-82.10842,33.64786],[-82.10018,33.64161],[-82.09553,33.63387],[-82.08852,33.63191],[-82.07231,33.63962],[-82.07427,33.66095],[-82.06194,33.66598],[-82.06177,33.67271],[-82.04751,33.67477],[-82.04372,33.67883],[-82.04397,33.68312],[-82.03541,33.68379],[-82.03043,33.69107],[-82.02493,33.70263],[-82.02181,33.70586],[-82.02025,33.71614],[-82.01652,33.72245],[-82.00332,33.72676],[-81.99454,33.72579],[-81.98958,33.72125],[-81.97946,33.7212],[-81.97296,33.7238],[-81.96982,33.72027],[-81.9594,33.71971],[-81.94697,33.71524],[-81.93939,33.71552],[-81.93544,33.72243],[-81.91233,33.72105],[-81.88078,33.74638],[-81.88014,33.75098],[-81.87147,33.76542],[-81.86445,33.76561],[-81.85915,33.78021],[-81.85563,33.79549],[-81.85024,33.81092],[-81.84764,33.83113],[-81.84001,33.84964],[-81.8391,33.85434],[-81.8338,33.86507],[-81.84676,33.87474],[-81.86213,33.8836],[-81.87036,33.89199],[-81.87311,33.90175],[-81.8854,33.90638],[-81.89106,33.90676],[-81.90264,33.90121],[-81.91431,33.90125],[-81.92352,33.90428],[-81.9256,33.90798],[-81.9332,33.91252],[-81.94465,33.91095],[-81.95747,33.9124],[-81.9567,33.9086],[-81.96654,33.9049],[-81.96867,33.90086],[-81.97906,33.89502],[-81.98976,33.89577],[-81.9977,33.89004],[-82.00404,33.88815],[-82.00844,33.8922],[-82.01421,33.89124],[-82.01713,33.88744],[-82.031,33.88613],[-82.03498,33.88091],[-82.04376,33.87922],[-82.04355,33.87519],[-82.05055,33.87296],[-82.06152,33.86466],[-82.06709,33.86482],[-82.0759,33.85664],[-82.07697,33.85061],[-82.08369,33.8529],[-82.08476,33.8489],[-82.09618,33.84579],[-82.10191,33.84607],[-82.10807,33.83543],[-82.11373,33.82988]]]},"properties":{"STATEFP":"45","COUNTYFP":"037","COUSUBFP":"90975","COUSUBNS":"01938255","GEOIDFQ":"0600000US4503790975","GEOID":"4503790975","NAME":"Edgefield","NAMELSAD":"Edgefield CCD","STUSPS":"SC","NAMELSADCO":"Edgefield County","STATE_NAME":"South Carolina","LSAD":"22","ALAND":560136101,"AWATER":3268713}},
{"type":"Feature","geometry":{"type":"Polygon","coordinates":[[[-80.87216,32.90228],[-80.86947,32.89862],[-80.87119,32.88259],[-80.87301,32.87702],[-80.86949,32.87245],[-80.87449,32.86848],[-80.87527,32.86424],[-80.88081,32.86221],[-80.88219,32.8557],[-80.88793,32.84587],[-80.8873,32.83757],[-80.88358,32.8305],[-80.87814,32.82615],[-80.88175,32.81547],[-80.87995,32.79206],[-80.87344,32.78731],[-80.87336,32.78454],[-80.86619,32.77558],[-80.86597,32.76944],[-80.8622,32.76417],[-80.85972,32.75258],[-80.85412,32.74867],[-80.85127,32.74241],[-80.84991,32.73246],[-80.84014,32.7166],[-80.82873,32.70884],[-80.82627,32.70425],[-80.82443,32.69928],[-80.81819,32.69848],[-80.80788,32.68944],[-80.8025,32.69091],[-80.79656,32.68837],[-80.78638,32.68747],[-80.78382,32.68403],[-80.77123,32.67693],[-80.76325,32.67537],[-80.75829,32.6794],[-80.75317,32.67438],[-80.74489,32.67423],[-80.73924,32.6823],[-80.72482,32.67831],[-80.71835,32.6795],[-80.71681,32.67416],[-80.7065,32.67324],[-80.70333,32.66459],[-80.69004,32.66727],[-80.68587,32.67281],[-80.69397,32.67445],[-80.68895,32.6877],[-80.68381,32.69134],[-80.68665,32.69659],[-80.67036,32.69709],[-80.66085,32.70056],[-80.65425,32.70561],[-80.63731,32.71067],[-80.63186,32.71414],[-80.63124,32.71765],[-80.63614,32.72924],[-80.63024,32.73833],[-80.61957,32.73176],[-80.61518,32.73479],[-80.62404,32.76549],[-80.63602,32.7661],[-80.63995,32.76835],[-80.63574,32.77524],[-80.63615,32.77992],[-80.64651,32.78569],[-80.65177,32.7854],[-80.66253,32.79035],[-80.66967,32.80009],[-80.67248,32.81361],[-80.67026,32.82172],[-80.66662,32.82536],[-80.66765,32.83239],[-80.66455,32.83901],[-80.6645,32.84458],[-80.66762,32.85574],[-80.67622,32.86477],[-80.67611,32.86951],[-80.68193,32.88814],[-80.6845,32.89337],[-80.6899,32.8945],[-80.69892,32.9038],[-80.71305,32.91335],[-80.71734,32.91424],[-80.725,32.91997],[-80.72688,32.92395],[-80.73988,32.92822],[-80.74206,32.92515],[-80.76617,32.92937],[-80.77138,32.93144],[-80.77953,32.92985],[-80.78661,32.92561],[-80.78889,32.92206],[-80.79989,32.92269],[-80.80191,32.92785],[-80.81033,32.92868],[-80.82188,32.92524],[-80.83549,32.92789],[-80.84147,32.91822],[-80.84702,32.91351],[-80.87216,32.90228]]]},"properties":{"STATEFP":"45","COUNTYFP":"029","COUSUBFP":"91508","COUSUBNS":"01938296","GEOIDFQ":"0600000US4502991508","GEOID":"4502991508","NAME":"Hendersonville","NAMELSAD":"Hendersonville CCD","STUSPS":"SC","NAMELSADCO":"Colleton County","STATE_NAME":"South Carolina","LSAD":"22","ALAND":505972779,"AWATER":1783977}},
{"type":"Feature","geometry":{"type":"Polygon","coordinates":[[[-79.8024,32.92977],[-79.79954,32.92815],[-79.78634,32.93058],[-79.77743,32.92662],[-79.76937,32.91968],[-79.76113,32.91873],[-79.74851,32.91367],[-79.73996,32.91401],[-79.7341,32.92026],[-79.7254,32.92141],[-79.72159,32.92479],[-79.72148,32.93434],[-79.72568,32.94537],[-79.71499,32.94484],[-79.71014,32.93884],[-79.71181,32.9364],[-79.71697,32.91782],[-79.73161,32.89956],[-79.74392,32.88741],[-79.73589,32.87959],[-79.73705,32.872],[-79.7315,32.86989],[-79.72627,32.8558],[-79.71988,32.85308],[-79.70752,32.85514],[-79.69872,32.84923],[-79.68124,32.86171],[-79.65593,32.87588],[-79.64666,32.87606],[-79.6418,32.88121],[-79.63115,32.88861],[-79.58106,32.90642],[-79.57809,32.91041],[-79.57341,32.92788],[-79.57577,32.9338],[-79.58571,32.92956],[-79.58981,32.92453],[-79.60753,32.92623],[-79.61771,32.94487],[-79.61761,32.95273],[-79.60622,32.96559],[-79.60662,32.97225],[-79.60102,32.97928],[-79.59276,32.98522],[-79.58372,32.99616],[-79.58072,33.00645],[-79.57111,33.01381],[-79.56619,33.01529],[-79.55756,33.02127],[-79.54532,33.02654],[-79.53497,33.02847],[-79.53211,33.03519],[-79.52522,33.03729],[-79.52245,33.03535],[-79.50692,33.03281],[-79.50407,33.02742],[-79.48873,33.01583],[-79.48327,33.00979],[-79.47468,33.01139],[-79.47055,33.01008],[-79.45285,33.01268],[-79.41636,33.01612],[-79.40729,33.01445],[-79.40065,33.01751],[-79.40108,33.01118],[-79.41163,33.01034],[-79.41651,33.00682],[-79.38,33.00939],[-79.36229,33.00909],[-79.3598,33.01965],[-79.34149,33.05382],[-79.33021,33.08659],[-79.31606,33.09923],[-79.30594,33.10316],[-79.27558,33.11677],[-79.26841,33.13031],[-79.26876,33.13604],[-79.2799,33.14327],[-79.29125,33.14656],[-79.2978,33.14558],[-79.31509,33.14572],[-79.32911,33.15439],[-79.33332,33.15578],[-79.34957,33.15328],[-79.36045,33.16052],[-79.36692,33.16227],[-79.37371,33.16649],[-79.38345,33.17516],[-79.3944,33.17804],[-79.40403,33.18378],[-79.40825,33.1883],[-79.41434,33.19901],[-79.42298,33.20277],[-79.42748,33.20978],[-79.43775,33.21524],[-79.4467,33.21346],[-79.45029,33.20733],[-79.45485,33.21009],[-79.46244,33.2075],[-79.47097,33.2104],[-79.47729,33.20887],[-79.47796,33.20302],[-79.48637,33.19237],[-79.49282,33.19182],[-79.49656,33.18515],[-79.49754,33.17699],[-79.50183,33.17811],[-79.50835,33.16788],[-79.513,33.16616],[-79.51205,33.15808],[-79.51821,33.14908],[-79.52196,33.1467],[-79.53391,33.14375],[-79.54197,33.14731],[-79.54618,33.15335],[-79.55052,33.15543],[-79.56229,33.15633],[-79.57013,33.15047],[-79.58684,33.14684],[-79.59793,33.14203],[-79.60286,33.13378],[-79.60909,33.13312],[-79.61227,33.13845],[-79.62091,33.13598],[-79.62804,33.12888],[-79.63431,33.12903],[-79.64233,33.12439],[-79.64686,33.11789],[-79.64772,33.11161],[-79.65546,33.10082],[-79.6605,33.09083],[-79.67465,33.08046],[-79.69183,33.06015],[-79.69867,33.05499],[-79.70303,33.04593],[-79.71233,33.04217],[-79.72175,33.03067],[-79.72649,33.01998],[-79.7303,33.01264],[-79.74304,33.00538],[-79.75336,32.99753],[-79.76211,32.98909],[-79.76853,32.97553],[-79.76932,32.96855],[-79.76358,32.95817],[-79.76886,32.95179],[-79.77163,32.94185],[-79.7789,32.94375],[-79.7847,32.94243],[-79.79778,32.93427],[-79.8024,32.92977]]]},"properties":{"STATEFP":"45","COUNTYFP":"019","COUSUBFP":"92080","COUSUBNS":"01938341","GEOIDFQ":"0600000US4501992080","GEOID":"4501992080","NAME":"McClellanville","NAMELSAD":"McClellanville CCD","STUSPS":"SC","NAMELSADCO":"Charleston County","STATE_NAME":"South Carolina","LSAD":"22","ALAND":719800217,"AWATER":498349611}},
{"type":"Feature","geometry":{"type":"Polygon","coordinates":[[[-80.81869,32.46394],[-80.81743,32.47259],[-80.81918,32.48594],[-80.82333,32.49719],[-80.82828,32.50272],[-80.83601,32.51816],[-80.84773,32.53006],[-80.83785,32.53928],[-80.83605,32.547],[-80.83921,32.55751],[-80.83508,32.56419],[-80.836,32.57877],[-80.83154,32.59339],[-80.83559,32.59928],[-80.83655,32.60885],[-80.84844,32.61486],[-80.85006,32.61821],[-80.84604,32.62349],[-80.84796,32.62975],[-80.8634,32.64621],[-80.8697,32.66094],[-80.90245,32.62156],[-80.91407,32.62679],[-80.91832,32.62638],[-80.92904,32.63632],[-80.94456,32.63882],[-80.95252,32.64196],[-80.95867,32.64251],[-80.96295,32.65224],[-80.97549,32.63663],[-80.98601,32.62761],[-80.98816,32.61653],[-80.97712,32.60813],[-80.96482,32.60262],[-80.9599,32.59653],[-80.95762,32.58979],[-80.97575,32.59154],[-80.97824,32.58812],[-80.98042,32.57849],[-80.98684,32.55668],[-80.98201,32.53346],[-80.98889,32.52305],[-80.9977,32.51467],[-81.00149,32.50854],[-81.01333,32.50294],[-81.01836,32.49604],[-81.00994,32.48867],[-81.00656,32.47864],[-81.00669,32.46981],[-81.01008,32.46206],[-81.00973,32.45803],[-81.01567,32.45464],[-81.02454,32.44629],[-81.02809,32.44396],[-81.03196,32.43408],[-81.03106,32.42366],[-81.02763,32.4183],[-81.02035,32.41283],[-81.02016,32.40717],[-81.01512,32.40264],[-81.01603,32.39084],[-81.01934,32.37947],[-81.01805,32.37221],[-81.01325,32.36394],[-81.00621,32.35745],[-81.00389,32.34913],[-81.00425,32.34269],[-81.00098,32.33499],[-80.99776,32.33198],[-80.99662,32.32547],[-81.00389,32.31798],[-81.00637,32.30652],[-80.98167,32.30587],[-80.93494,32.30011],[-80.93412,32.32115],[-80.92909,32.33049],[-80.92731,32.34506],[-80.92188,32.35183],[-80.90956,32.35435],[-80.89205,32.35373],[-80.89075,32.34748],[-80.87759,32.3459],[-80.87434,32.35923],[-80.86849,32.36373],[-80.87371,32.36906],[-80.86151,32.37351],[-80.8588,32.3797],[-80.85056,32.37937],[-80.84785,32.38394],[-80.84146,32.38506],[-80.8429,32.39339],[-80.83523,32.40279],[-80.82949,32.41184],[-80.83485,32.41491],[-80.84797,32.41164],[-80.8502,32.41631],[-80.84773,32.42899],[-80.83393,32.45689],[-80.83016,32.46209],[-80.81869,32.46394]]]},"properties":{"STATEFP":"45","COUNTYFP":"053","COUSUBFP":"92834","COUSUBNS":"01938399","GEOIDFQ":"0600000US4505392834","GEOID":"4505392834","NAME":"Ridgeland","NAMELSAD":"Ridgeland CCD","STUSPS":"SC","NAMELSADCO":"Jasper County","STATE_NAME":"South Carolina","LSAD":"22","ALAND":499149869,"AWATER":18467032}},
{"type":"Feature","geometry":{"type":"Polygon","coordinates":[[[-79.72649,33.01998],[-79.73088,33.02068],[-79.73546,33.02779],[-79.73563,33.03756],[-79.75388,33.0464],[-79.75924,33.05171],[-79.76844,33.06422],[-79.77473,33.07467],[-79.78598,33.07885],[-79.78984,33.08326],[-79.79828,33.08573],[-79.80656,33.09011],[-79.81171,33.09961],[-79.82436,33.10108],[-79.82828,33.09468],[-79.84887,33.08517],[-79.86064,33.07047],[-79.86785,33.0704],[-79.87151,33.07493],[-79.8831,33.06806],[-79.8899,33.06773],[-79.89399,33.06201],[-79.89952,33.06585],[-79.90952,33.06196],[-79.91674,33.0636],[-79.92255,33.06719],[-79.92212,33.06278],[-79.92644,33.05503],[-79.93497,33.05704],[-79.93667,33.05326],[-79.93313,33.0451],[-79.92564,33.04024],[-79.91905,33.03976],[-79.91072,33.031],[-79.91656,33.02411],[-79.91553,33.02059],[-79.90814,33.0184],[-79.9116,33.01352],[-79.91801,33.01587],[-79.92198,33.01411],[-79.9184,33.00788],[-79.90494,33.00979],[-79.90054,33.00868],[-79.90451,33.00014],[-79.91105,32.99454],[-79.92152,32.99473],[-79.92505,32.99121],[-79.92232,32.9838],[-79.91278,32.9823],[-79.91072,32.97692],[-79.9175,32.9724],[-79.92278,32.97422],[-79.92678,32.96862],[-79.91897,32.96206],[-79.92081,32.95844],[-79.92901,32.95264],[-79.92753,32.941],[-79.93536,32.93517],[-79.93713,32.92835],[-79.93165,32.92219],[-79.92931,32.91448],[-79.94821,32.90835],[-79.96001,32.8956],[-79.96291,32.88993],[-79.96373,32.87535],[-79.95631,32.86005],[-79.94401,32.85647],[-79.93118,32.85001],[-79.93137,32.82984],[-79.92968,32.82321],[-79.92329,32.81662],[-79.91378,32.81565],[-79.90703,32.8188],[-79.89745,32.82694],[-79.89418,32.83684],[-79.89366,32.84311],[-79.89815,32.8536],[-79.89595,32.85986],[-79.88539,32.86577],[-79.8738,32.86751],[-79.85908,32.87096],[-79.85296,32.8761],[-79.84189,32.89676],[-79.83956,32.90462],[-79.84118,32.90938],[-79.83595,32.91975],[-79.82599,32.91864],[-79.81852,32.92246],[-79.81239,32.928],[-79.8024,32.92977],[-79.79778,32.93427],[-79.7847,32.94243],[-79.7789,32.94375],[-79.77163,32.94185],[-79.76886,32.95179],[-79.76358,32.95817],[-79.76932,32.96855],[-79.76853,32.97553],[-79.76211,32.98909],[-79.75336,32.99753],[-79.74304,33.00538],[-79.7303,33.01264],[-79.72649,33.01998]]]},"properties":{"STATEFP":"45","COUNTYFP":"015","COUSUBFP":"93614","COUSUBNS":"01938459","GEOIDFQ":"0600000US4501593614","GEOID":"4501593614","NAME":"Wando","NAMELSAD":"Wando CCD","STUSPS":"SC","NAMELSADCO":"Berkeley County","STATE_NAME":"South Carolina","LSAD":"22","ALAND":311590446,"AWATER":32125208}},
{"type":"Feature","geometry":{"type":"Polygon","coordinates":[[[-80.25744,33.76825],[-80.26345,33.76903],[-80.2755,33.76617],[-80.28142,33.75707],[-80.29613,33.74629],[-80.30424,33.73737],[-80.31093,33.72441],[-80.3217,33.71043],[-80.33176,33.70021],[-80.33636,33.69372],[-80.35184,33.68378],[-80.35722,33.67787],[-80.3423,33.67662],[-80.33165,33.67161],[-80.31514,33.67104],[-80.31095,33.65944],[-80.29805,33.6584],[-80.28983,33.66072],[-80.27709,33.65973],[-80.2777,33.64704],[-80.27933,33.6429],[-80.28827,33.63469],[-80.27656,33.61517],[-80.26553,33.60378],[-80.26357,33.59879],[-80.25632,33.59131],[-80.25324,33.58125],[-80.25469,33.57732],[-80.25895,33.55523],[-80.25518,33.536],[-80.26812,33.53361],[-80.25209,33.51814],[-80.24939,33.50799],[-80.24712,33.5064],[-80.24656,33.49673],[-80.20895,33.44266],[-80.20735,33.45257],[-80.20054,33.45293],[-80.19533,33.44465],[-80.18102,33.45463],[-80.17568,33.44861],[-80.17056,33.44974],[-80.16515,33.45555],[-80.15871,33.45513],[-80.16146,33.44895],[-80.154,33.44793],[-80.14831,33.44987],[-80.15067,33.46027],[-80.13794,33.45545],[-80.13973,33.46036],[-80.13176,33.46341],[-80.13496,33.46671],[-80.14822,33.47402],[-80.15204,33.47857],[-80.14925,33.48684],[-80.14531,33.48456],[-80.13653,33.48818],[-80.13479,33.49223],[-80.12728,33.49327],[-80.12555,33.50244],[-80.11312,33.49878],[-80.10892,33.49992],[-80.1017,33.49689],[-80.09357,33.51182],[-80.10823,33.51684],[-80.10945,33.51984],[-80.12762,33.51933],[-80.13401,33.51817],[-80.13701,33.52333],[-80.13753,33.53988],[-80.11769,33.54545],[-80.1289,33.55461],[-80.13566,33.57508],[-80.13699,33.58428],[-80.1361,33.59599],[-80.14475,33.60458],[-80.147,33.61167],[-80.15689,33.61391],[-80.16087,33.61976],[-80.16164,33.63505],[-80.18005,33.64651],[-80.1877,33.65657],[-80.19736,33.67924],[-80.19453,33.68986],[-80.20052,33.69204],[-80.1973,33.69794],[-80.18251,33.69906],[-80.19824,33.71173],[-80.20602,33.71514],[-80.21932,33.72912],[-80.22689,33.7336],[-80.24527,33.75173],[-80.24621,33.75507],[-80.25744,33.76825]]]},"properties":{"STATEFP":"45","COUNTYFP":"027","COUSUBFP":"92145","COUSUBNS":"01938346","GEOIDFQ":"0600000US4502792145","GEOID":"4502792145","NAME":"Manning","NAMELSAD":"Manning CCD","STUSPS":"SC","NAMELSADCO":"Clarendon County","STATE_NAME":"South Carolina","LSAD":"22","ALAND":310198201,"AWATER":52412872}},
{"type":"Feature","geometry":{"type":"Polygon","coordinates":[[[-80.6129,33.27585],[-80.61043,33.27175],[-80.60429,33.2685],[-80.59362,33.25317],[-80.58271,33.24346],[-80.57604,33.2408],[-80.57069,33.24182],[-80.55185,33.23112],[-80.54465,33.23121],[-80.53513,33.22873],[-80.52334,33.22295],[-80.51582,33.21388],[-80.5089,33.2117],[-80.49763,33.19979],[-80.49657,33.19675],[-80.50011,33.176],[-80.50007,33.16407],[-80.49686,33.15004],[-80.49132,33.13778],[-80.49143,33.13031],[-80.49742,33.1268],[-80.49504,33.12407],[-80.49533,33.11404],[-80.49917,33.10315],[-80.50338,33.09844],[-80.51171,33.09443],[-80.51455,33.08814],[-80.51435,33.07821],[-80.51516,33.07518],[-80.50711,33.06945],[-80.50641,33.0588],[-80.49459,33.05967],[-80.48978,33.06356],[-80.48469,33.06144],[-80.47675,33.06114],[-80.47479,33.06439],[-80.46151,33.06229],[-80.45552,33.05899],[-80.45174,33.06023],[-80.4408,33.05327],[-80.42475,33.05148],[-80.42187,33.05492],[-80.41202,33.0466],[-80.40424,33.05136],[-80.40618,33.0534],[-80.40282,33.06117],[-80.39942,33.07338],[-80.38815,33.08711],[-80.3823,33.08508],[-80.38091,33.08934],[-80.37381,33.09395],[-80.35824,33.11095],[-80.35819,33.1156],[-80.35371,33.13157],[-80.34827,33.14161],[-80.33472,33.1461],[-80.32109,33.15342],[-80.31763,33.15705],[-80.31096,33.15836],[-80.3018,33.17423],[-80.29701,33.17801],[-80.29758,33.18184],[-80.30853,33.18784],[-80.32469,33.19852],[-80.33082,33.19842],[-80.33646,33.21538],[-80.33488,33.22298],[-80.3375,33.22834],[-80.34686,33.23609],[-80.34841,33.24892],[-80.35189,33.24957],[-80.36185,33.25744],[-80.37482,33.26068],[-80.38445,33.26174],[-80.39421,33.26466],[-80.42,33.25825],[-80.42709,33.25776],[-80.44116,33.2624],[-80.4495,33.26954],[-80.46228,33.27067],[-80.47334,33.27367],[-80.48458,33.28003],[-80.49396,33.29754],[-80.49518,33.30255],[-80.49413,33.32117],[-80.49847,33.33057],[-80.50279,33.3345],[-80.6129,33.27585]]]},"properties":{"STATEFP":"45","COUNTYFP":"035","COUSUBFP":"91456","COUSUBNS":"01938292","GEOIDFQ":"0600000US4503591456","GEOID":"4503591456","NAME":"Harleyville","NAMELSAD":"Harleyville CCD","STUSPS":"SC","NAMELSADCO":"Dorchester County","STATE_NAME":"South Carolina","LSAD":"22","ALAND":414117966,"AWATER":1813548}},
{"type":"Feature","geometry":{"type":"Polygon","coordinates":[[[-82.57421,34.52802],[-82.58471,34.52655],[-82.58935,34.52781],[-82.59341,34.52308],[-82.59668,34.51458],[-82.58917,34.50431],[-82.5905,34.49741],[-82.58845,34.49533],[-82.58569,34.48288],[-82.59057,34.48196],[-82.58938,34.47447],[-82.59106,34.4645],[-82.5946,34.4597],[-82.59365,34.45457],[-82.58861,34.44956],[-82.58727,34.44407],[-82.59149,34.43749],[-82.5896,34.43325],[-82.5926,34.42979],[-82.58579,34.41666],[-82.58687,34.41387],[-82.58048,34.4084],[-82.57037,34.39673],[-82.57737,34.38927],[-82.57725,34.38304],[-82.57995,34.37696],[-82.58031,34.37148],[-82.57343,34.36475],[-82.57663,34.36074],[-82.57056,34.35654],[-82.56707,34.36092],[-82.56379,34.3745],[-82.55555,34.38604],[-82.54155,34.39124],[-82.54312,34.39894],[-82.54196,34.40596],[-82.53269,34.41374],[-82.53413,34.41787],[-82.53031,34.42192],[-82.53172,34.43094],[-82.51897,34.44009],[-82.51871,34.44974],[-82.51296,34.44616],[-82.50818,34.44605],[-82.50149,34.44963],[-82.49694,34.45494],[-82.48665,34.45924],[-82.4842,34.46375],[-82.47042,34.47921],[-82.46922,34.48387],[-82.4609,34.4841],[-82.45752,34.49197],[-82.44585,34.49135],[-82.42931,34.48722],[-82.41284,34.49853],[-82.40936,34.50303],[-82.41019,34.51052],[-82.40099,34.51196],[-82.38741,34.51227],[-82.3829,34.5161],[-82.38102,34.52464],[-82.3763,34.52714],[-82.38395,34.53492],[-82.38634,34.53933],[-82.39229,34.54374],[-82.40564,34.54504],[-82.4126,34.54845],[-82.42024,34.5591],[-82.43027,34.55484],[-82.43207,34.55158],[-82.44061,34.55467],[-82.44737,34.55301],[-82.44594,34.54932],[-82.45266,34.54369],[-82.4636,34.55066],[-82.46778,34.5558],[-82.4779,34.54881],[-82.48263,34.55102],[-82.49683,34.55106],[-82.5069,34.55602],[-82.50844,34.56269],[-82.51475,34.5581],[-82.51786,34.55297],[-82.52694,34.54932],[-82.53769,34.54987],[-82.54533,34.54665],[-82.55299,34.53975],[-82.56499,34.53567],[-82.57121,34.52872],[-82.57421,34.52802]]]},"properties":{"STATEFP":"45","COUNTYFP":"007","COUSUBFP":"90221","COUSUBNS":"01938197","GEOIDFQ":"0600000US4500790221","GEOID":"4500790221","NAME":"Belton","NAMELSAD":"Belton CCD","STUSPS":"SC","NAMELSADCO":"Anderson County","STATE_NAME":"South Carolina","LSAD":"22","ALAND":194825209,"AWATER":2359091}},
{"type":"Feature","geometry":{"type":"Polygon","coordinates":[[[-79.25623,33.87165],[-79.25732,33.86392],[-79.26069,33.85694],[-79.25926,33.84992],[-79.26407,33.84253],[-79.26095,33.8385],[-79.25271,33.83626],[-79.25294,33.82577],[-79.25777,33.82572],[-79.26089,33.81885],[-79.26028,33.81485],[-79.25274,33.80824],[-79.25527,33.80349],[-79.24809,33.78442],[-79.24247,33.77764],[-79.23786,33.77544],[-79.23438,33.76801],[-79.23547,33.7644],[-79.22968,33.76206],[-79.22886,33.75805],[-79.21823,33.7551],[-79.21958,33.75074],[-79.21258,33.74172],[-79.20983,33.74186],[-79.1959,33.72789],[-79.19237,33.72117],[-79.19511,33.71119],[-79.19026,33.70579],[-79.17829,33.70219],[-79.18026,33.69543],[-79.17549,33.69225],[-79.16734,33.68993],[-79.16339,33.68511],[-79.15903,33.68567],[-79.15218,33.67737],[-79.15431,33.66257],[-79.15193,33.65819],[-79.14148,33.65859],[-79.13636,33.66381],[-79.13118,33.65241],[-79.12347,33.64878],[-79.12987,33.63938],[-79.13095,33.63201],[-79.12896,33.62593],[-79.12325,33.62324],[-79.12217,33.60571],[-79.11106,33.60046],[-79.10755,33.60121],[-79.10451,33.61114],[-79.09982,33.609],[-79.09679,33.60035],[-79.09028,33.6036],[-79.09154,33.61045],[-79.08913,33.61328],[-79.09248,33.61813],[-79.09983,33.62154],[-79.09641,33.6283],[-79.09322,33.64553],[-79.09422,33.65244],[-79.0896,33.65671],[-79.07873,33.65821],[-79.07603,33.66181],[-79.06232,33.66724],[-79.06008,33.67079],[-79.06877,33.67672],[-79.06745,33.68202],[-79.06098,33.68393],[-79.05808,33.69211],[-79.0511,33.69474],[-79.05527,33.70503],[-79.0516,33.70949],[-79.05171,33.71966],[-79.04493,33.7213],[-79.04461,33.72625],[-79.05183,33.72932],[-79.05849,33.73734],[-79.06253,33.73913],[-79.06848,33.75209],[-79.06725,33.76047],[-79.0614,33.76926],[-79.06287,33.77745],[-79.05378,33.78341],[-79.05125,33.79439],[-79.05555,33.80365],[-79.05297,33.80867],[-79.04532,33.81457],[-79.04318,33.82024],[-79.04533,33.82291],[-79.04395,33.83333],[-79.03573,33.8383],[-79.02611,33.83355],[-79.0168,33.83403],[-79.01284,33.83084],[-79.00238,33.82939],[-79.00214,33.83505],[-78.99426,33.83451],[-78.99007,33.83867],[-78.99021,33.84505],[-78.99659,33.85121],[-78.99382,33.8571],[-78.97511,33.85094],[-78.97782,33.84692],[-78.97438,33.84409],[-78.96204,33.84031],[-78.95205,33.82954],[-78.94533,33.82556],[-78.9364,33.82592],[-78.92493,33.82826],[-78.92057,33.83098],[-78.91371,33.82816],[-78.90924,33.83112],[-78.90273,33.84602],[-78.89778,33.85008],[-78.89116,33.85973],[-78.89577,33.86825],[-78.89365,33.87238],[-78.89772,33.87817],[-78.90126,33.88955],[-78.89766,33.89623],[-78.88958,33.89783],[-78.88549,33.89547],[-78.86904,33.89877],[-78.87708,33.90071],[-78.90839,33.90384],[-78.91132,33.91479],[-78.9091,33.92357],[-78.90341,33.92845],[-78.90689,33.9339],[-78.92482,33.95253],[-78.92826,33.95379],[-78.93649,33.95138],[-78.9392,33.95772],[-78.94615,33.96853],[-78.94643,33.97196],[-78.95507,33.97346],[-78.96561,33.97043],[-78.96935,33.96789],[-78.98364,33.97013],[-78.98782,33.97216],[-78.99041,33.98048],[-78.99621,33.98679],[-79.01288,33.98863],[-79.02093,33.98766],[-79.02632,33.98954],[-79.03991,33.9893],[-79.04455,33.99065],[-79.05345,33.98834],[-79.05655,33.99386],[-79.06674,33.9921],[-79.08825,33.98159],[-79.09754,33.97608],[-79.09656,33.95688],[-79.09982,33.95005],[-79.09988,33.94409],[-79.09656,33.9412],[-79.13176,33.93228],[-79.13077,33.9202],[-79.13507,33.91644],[-79.132,33.90406],[-79.13852,33.89451],[-79.14193,33.89487],[-79.14975,33.88993],[-79.16022,33.8854],[-79.16515,33.885],[-79.17515,33.88055],[-79.18076,33.88002],[-79.19039,33.87422],[-79.19116,33.86896],[-79.20038,33.86197],[-79.22902,33.86315],[-79.2361,33.86102],[-79.2493,33.86346],[-79.25623,33.87165]]]},"properties":{"STATEFP":"45","COUNTYFP":"051","COUSUBFP":"90715","COUSUBNS":"01938235","GEOIDFQ":"0600000US4505190715","GEOID":"4505190715","NAME":"Conway","NAMELSAD":"Conway CCD","STUSPS":"SC","NAMELSADCO":"Horry County","STATE_NAME":"South Carolina","LSAD":"22","ALAND":660967599,"AWATER":9587480}},
{"type":"Feature","geometry":{"type":"Polygon","coordinates":[[[-80.96295,32.65224],[-80.95678,32.65829],[-80.95003,32.66148],[-80.94592,32.67484],[-80.94716,32.67708],[-80.94586,32.68735],[-80.95053,32.69065],[-80.95494,32.69019],[-80.95871,32.69477],[-80.96416,32.6947],[-80.96803,32.70407],[-80.97582,32.71435],[-80.9765,32.72089],[-80.98742,32.72629],[-80.99534,32.73055],[-81.00291,32.73984],[-81.0123,32.74624],[-81.01462,32.75306],[-81.02927,32.74161],[-81.09879,32.68873],[-81.13829,32.66038],[-81.15766,32.64575],[-81.18798,32.62484],[-81.20721,32.61053],[-81.22258,32.60383],[-81.2813,32.55644],[-81.28103,32.54968],[-81.27496,32.54482],[-81.27624,32.53856],[-81.27243,32.53042],[-81.26603,32.52731],[-81.25288,32.51833],[-81.24312,32.52023],[-81.2402,32.51637],[-81.23342,32.51796],[-81.23295,32.51169],[-81.23841,32.51019],[-81.23766,32.50512],[-81.23359,32.49849],[-81.225,32.49189],[-81.21681,32.4828],[-81.20003,32.46799],[-81.19483,32.46509],[-81.18865,32.46531],[-81.1886,32.46123],[-81.19373,32.45968],[-81.19161,32.45519],[-81.20329,32.45299],[-81.20667,32.44809],[-81.20105,32.44622],[-81.19964,32.44159],[-81.20844,32.437],[-81.20551,32.42361],[-81.18991,32.40707],[-81.18536,32.40006],[-81.17871,32.39365],[-81.17849,32.38447],[-81.18184,32.37935],[-81.17576,32.37581],[-81.16791,32.3683],[-81.16712,32.35872],[-81.161,32.35591],[-81.16161,32.35042],[-81.15484,32.34956],[-81.15505,32.34416],[-81.14867,32.34532],[-81.14384,32.35151],[-81.15117,32.36049],[-81.15183,32.36877],[-81.15453,32.37354],[-81.15504,32.38291],[-81.15313,32.38532],[-81.15671,32.40267],[-81.16008,32.41062],[-81.15812,32.41898],[-81.14861,32.43372],[-81.12265,32.43986],[-81.11594,32.43811],[-81.09042,32.44501],[-81.08412,32.44482],[-81.07522,32.4483],[-81.06873,32.4539],[-81.06182,32.45649],[-81.04621,32.44338],[-81.04014,32.44189],[-81.02454,32.44629],[-81.01567,32.45464],[-81.00973,32.45803],[-81.01008,32.46206],[-81.00669,32.46981],[-81.00656,32.47864],[-81.00994,32.48867],[-81.01836,32.49604],[-81.01333,32.50294],[-81.00149,32.50854],[-80.9977,32.51467],[-80.98889,32.52305],[-80.98201,32.53346],[-80.98684,32.55668],[-80.98042,32.57849],[-80.97824,32.58812],[-80.97575,32.59154],[-80.95762,32.58979],[-80.9599,32.59653],[-80.96482,32.60262],[-80.97712,32.60813],[-80.98816,32.61653],[-80.98601,32.62761],[-80.97549,32.63663],[-80.96295,32.65224]]]},"properties":{"STATEFP":"45","COUNTYFP":"053","COUSUBFP":"91313","COUSUBNS":"01938281","GEOIDFQ":"0600000US4505391313","GEOID":"4505391313","NAME":"Grays-Tillman","NAMELSAD":"Grays-Tillman CCD","STUSPS":"SC","NAMELSADCO":"Jasper County","STATE_NAME":"South Carolina","LSAD":"22","ALAND":655620176,"AWATER":3793000}},
{"type":"Feature","geometry":{"type":"Polygon","coordinates":[[[-81.00637,32.30652],[-81.00389,32.31798],[-80.99662,32.32547],[-80.99776,32.33198],[-81.00098,32.33499],[-81.00425,32.34269],[-81.00389,32.34913],[-81.00621,32.35745],[-81.01325,32.36394],[-81.01805,32.37221],[-81.01934,32.37947],[-81.01603,32.39084],[-81.01512,32.40264],[-81.02016,32.40717],[-81.02035,32.41283],[-81.02763,32.4183],[-81.03106,32.42366],[-81.03196,32.43408],[-81.02809,32.44396],[-81.02454,32.44629],[-81.04014,32.44189],[-81.04621,32.44338],[-81.06182,32.45649],[-81.06873,32.4539],[-81.07522,32.4483],[-81.08412,32.44482],[-81.09042,32.44501],[-81.11594,32.43811],[-81.12265,32.43986],[-81.14861,32.43372],[-81.15812,32.41898],[-81.16008,32.41062],[-81.15671,32.40267],[-81.15313,32.38532],[-81.15504,32.38291],[-81.15453,32.37354],[-81.15183,32.36877],[-81.15117,32.36049],[-81.14384,32.35151],[-81.13935,32.34508],[-81.13401,32.34121],[-81.13138,32.33588],[-81.13793,32.32866],[-81.13629,32.325],[-81.13065,32.32541],[-81.13165,32.31951],[-81.12975,32.31397],[-81.13305,32.30901],[-81.12233,32.30539],[-81.12336,32.29384],[-81.11987,32.2862],[-81.12572,32.28366],[-81.13,32.2758],[-81.13558,32.27247],[-81.14192,32.27174],[-81.13693,32.26612],[-81.14534,32.26399],[-81.14473,32.25877],[-81.14833,32.2551],[-81.14711,32.24956],[-81.15289,32.24781],[-81.15659,32.24391],[-81.15238,32.2363],[-81.14577,32.23234],[-81.14314,32.22173],[-81.13843,32.21926],[-81.13673,32.21367],[-81.12828,32.20863],[-81.12315,32.20133],[-81.12158,32.1922],[-81.11793,32.1853],[-81.12045,32.17829],[-81.11113,32.1727],[-81.11775,32.17116],[-81.12119,32.17492],[-81.12813,32.1691],[-81.12843,32.1644],[-81.12203,32.1618],[-81.12112,32.1545],[-81.1143,32.15202],[-81.11913,32.1421],[-81.11994,32.134],[-81.11524,32.1255],[-81.11723,32.11981],[-81.11537,32.11471],[-81.1067,32.1097],[-81.09498,32.11182],[-81.09124,32.11089],[-81.08697,32.10397],[-81.08827,32.09993],[-81.07431,32.09739],[-81.05955,32.08862],[-81.04354,32.0861],[-81.03812,32.08373],[-81.02626,32.08813],[-81.02162,32.09168],[-81.01735,32.09879],[-81.01101,32.10205],[-81.0043,32.10237],[-80.99214,32.09492],[-80.98351,32.07955],[-80.97191,32.07463],[-80.95957,32.07285],[-80.95388,32.07014],[-80.92508,32.04194],[-80.92103,32.03999],[-80.90766,32.03815],[-80.90402,32.03995],[-80.88951,32.03759],[-80.89446,32.04509],[-80.90169,32.0427],[-80.90804,32.0483],[-80.90752,32.05094],[-80.89982,32.05602],[-80.89572,32.0631],[-80.88663,32.07193],[-80.88319,32.08008],[-80.87931,32.08103],[-80.89113,32.08141],[-80.89926,32.07771],[-80.90811,32.07817],[-80.91205,32.08282],[-80.91024,32.08792],[-80.8966,32.10255],[-80.89566,32.1077],[-80.90057,32.11162],[-80.92693,32.11945],[-80.92677,32.12404],[-80.91262,32.1276],[-80.90725,32.13101],[-80.90946,32.13474],[-80.91506,32.13484],[-80.92116,32.13005],[-80.92496,32.13108],[-80.92736,32.13813],[-80.93405,32.13507],[-80.94132,32.13733],[-80.94691,32.12885],[-80.95344,32.13156],[-80.96147,32.12622],[-80.96421,32.13844],[-80.96931,32.14319],[-80.96827,32.14931],[-80.96494,32.15177],[-80.95302,32.14155],[-80.95096,32.14542],[-80.95435,32.14892],[-80.95033,32.15649],[-80.95021,32.16676],[-80.95411,32.17536],[-80.96022,32.17395],[-80.96066,32.17874],[-80.96932,32.17621],[-80.96479,32.18538],[-80.9785,32.18599],[-80.97901,32.18982],[-80.98559,32.19243],[-80.99044,32.19023],[-81.00014,32.19612],[-80.99614,32.2006],[-81.00055,32.20692],[-81.00395,32.20649],[-81.00615,32.21587],[-81.01237,32.21823],[-81.01432,32.23096],[-81.01315,32.23399],[-81.01611,32.24429],[-81.01039,32.24985],[-81.00492,32.2507],[-80.99565,32.262],[-80.99246,32.27272],[-80.99754,32.28133],[-80.99421,32.29056],[-80.99866,32.29804],[-81.00443,32.3008],[-81.00637,32.30652]]]},"properties":{"STATEFP":"45","COUNTYFP":"053","COUSUBFP":"91443","COUSUBNS":"01938291","GEOIDFQ":"0600000US4505391443","GEOID":"4505391443","NAME":"Hardeeville","NAMELSAD":"Hardeeville CCD","STUSPS":"SC","NAMELSADCO":"Jasper County","STATE_NAME":"South Carolina","LSAD":"22","ALAND":542020756,"AWATER":97903729}},
{"type":"Feature","geometry":{"type":"Polygon","coordinates":[[[-80.43346,34.28693],[-80.43736,34.2845],[-80.43289,34.27893],[-80.43104,34.27663],[-80.42929,34.2572],[-80.42406,34.2507],[-80.43299,34.24886],[-80.4308,34.227],[-80.43344,34.22296],[-80.42486,34.21816],[-80.41834,34.21699],[-80.38819,34.22486],[-80.37317,34.22697],[-80.36368,34.22659],[-80.36234,34.2198],[-80.35214,34.21183],[-80.3408,34.20851],[-80.33689,34.20354],[-80.32829,34.19769],[-80.31664,34.18641],[-80.3113,34.17664],[-80.31251,34.16059],[-80.30481,34.151],[-80.30339,34.15335],[-80.28973,34.15591],[-80.28441,34.15415],[-80.27425,34.1536],[-80.26426,34.15602],[-80.22382,34.14191],[-80.22424,34.13865],[-80.21795,34.1348],[-80.21225,34.12401],[-80.2163,34.11735],[-80.21456,34.11046],[-80.21604,34.08695],[-80.20819,34.08347],[-80.20414,34.07841],[-80.20194,34.06858],[-80.19222,34.06409],[-80.18375,34.05724],[-80.1827,34.05351],[-80.17665,34.05534],[-80.16988,34.06027],[-80.16716,34.06806],[-80.14958,34.0649],[-80.13514,34.06492],[-80.139,34.06873],[-80.16251,34.1053],[-80.13144,34.12867],[-80.1362,34.13207],[-80.13741,34.1369],[-80.14211,34.14226],[-80.14908,34.14689],[-80.15379,34.15837],[-80.15858,34.16162],[-80.17274,34.17038],[-80.17892,34.17203],[-80.18038,34.17924],[-80.19372,34.18622],[-80.19364,34.1897],[-80.2038,34.19386],[-80.21307,34.20531],[-80.21357,34.21422],[-80.21059,34.21779],[-80.21401,34.22148],[-80.20946,34.2295],[-80.21093,34.23474],[-80.20764,34.23848],[-80.21327,34.25004],[-80.20971,34.25459],[-80.21049,34.26217],[-80.22045,34.27263],[-80.2198,34.27676],[-80.22279,34.28225],[-80.22813,34.28499],[-80.23349,34.29541],[-80.23148,34.30052],[-80.24109,34.31591],[-80.24044,34.32244],[-80.24323,34.32446],[-80.24536,34.3312],[-80.25287,34.34071],[-80.25864,34.34124],[-80.2654,34.34464],[-80.2678,34.34938],[-80.27658,34.35218],[-80.28869,34.36414],[-80.32613,34.34423],[-80.32511,34.33929],[-80.33214,34.33831],[-80.34371,34.33953],[-80.36376,34.33955],[-80.36577,34.32815],[-80.36208,34.32151],[-80.35417,34.31212],[-80.35303,34.30333],[-80.36292,34.30432],[-80.3741,34.30376],[-80.382,34.30519],[-80.39225,34.30099],[-80.40092,34.2952],[-80.42048,34.29307],[-80.43346,34.28693]]]},"properties":{"STATEFP":"45","COUNTYFP":"061","COUSUBFP":"90260","COUSUBNS":"01938200","GEOIDFQ":"0600000US4506190260","GEOID":"4506190260","NAME":"Bishopville","NAMELSAD":"Bishopville CCD","STUSPS":"SC","NAMELSADCO":"Lee County","STATE_NAME":"South Carolina","LSAD":"22","ALAND":384067490,"AWATER":946343}},
{"type":"Feature","geometry":{"type":"Polygon","coordinates":[[[-79.25623,33.87165],[-79.26385,33.88632],[-79.2636,33.89247],[-79.28307,33.90072],[-79.28637,33.89524],[-79.29909,33.90707],[-79.30357,33.91397],[-79.31235,33.91823],[-79.31054,33.92655],[-79.31467,33.93403],[-79.31445,33.9413],[-79.31161,33.94419],[-79.32302,33.94896],[-79.32674,33.95249],[-79.33344,33.95272],[-79.33086,33.95853],[-79.33506,33.96413],[-79.34374,33.96234],[-79.35565,33.97067],[-79.35351,33.97563],[-79.36341,33.98254],[-79.38286,33.98558],[-79.39958,33.99232],[-79.41214,33.99918],[-79.42142,33.99502],[-79.41754,33.98772],[-79.41826,33.97171],[-79.42789,33.96205],[-79.43852,33.96263],[-79.44597,33.96118],[-79.45156,33.96225],[-79.45019,33.95467],[-79.45447,33.94859],[-79.45471,33.94354],[-79.45114,33.94022],[-79.45397,33.9335],[-79.44811,33.92799],[-79.44145,33.92513],[-79.44012,33.92155],[-79.44206,33.91464],[-79.43958,33.90877],[-79.43624,33.9038],[-79.43206,33.90397],[-79.429,33.89781],[-79.41257,33.89235],[-79.40135,33.89281],[-79.40112,33.88844],[-79.40984,33.88529],[-79.40705,33.88237],[-79.39949,33.88099],[-79.3968,33.87517],[-79.38952,33.8732],[-79.38979,33.86708],[-79.37474,33.8527],[-79.36834,33.84293],[-79.35808,33.84237],[-79.35339,33.83954],[-79.34486,33.8426],[-79.33832,33.84052],[-79.33686,33.83255],[-79.32902,33.8287],[-79.32148,33.83064],[-79.31939,33.81971],[-79.31409,33.81672],[-79.31459,33.80698],[-79.32432,33.79912],[-79.31704,33.77988],[-79.30883,33.77197],[-79.30668,33.76623],[-79.29258,33.75017],[-79.29398,33.74114],[-79.28625,33.73739],[-79.29139,33.73239],[-79.29157,33.72898],[-79.28644,33.7176],[-79.28299,33.71597],[-79.2721,33.72183],[-79.26992,33.71681],[-79.27493,33.71432],[-79.27506,33.70885],[-79.26501,33.71028],[-79.2651,33.706],[-79.25811,33.70274],[-79.24977,33.70342],[-79.24638,33.69535],[-79.23471,33.69424],[-79.22868,33.69841],[-79.21757,33.70105],[-79.20318,33.70306],[-79.19913,33.70114],[-79.19026,33.70579],[-79.19511,33.71119],[-79.19237,33.72117],[-79.1959,33.72789],[-79.20983,33.74186],[-79.21258,33.74172],[-79.21958,33.75074],[-79.21823,33.7551],[-79.22886,33.75805],[-79.22968,33.76206],[-79.23547,33.7644],[-79.23438,33.76801],[-79.23786,33.77544],[-79.24247,33.77764],[-79.24809,33.78442],[-79.25527,33.80349],[-79.25274,33.80824],[-79.26028,33.81485],[-79.26089,33.81885],[-79.25777,33.82572],[-79.25294,33.82577],[-79.25271,33.83626],[-79.26095,33.8385],[-79.26407,33.84253],[-79.25926,33.84992],[-79.26069,33.85694],[-79.25732,33.86392],[-79.25623,33.87165]]]},"properties":{"STATEFP":"45","COUNTYFP":"067","COUSUBFP":"90403","COUSUBNS":"01938211","GEOIDFQ":"0600000US4506790403","GEOID":"4506790403","NAME":"Brittons Neck","NAMELSAD":"Brittons Neck CCD","STUSPS":"SC","NAMELSADCO":"Marion County","STATE_NAME":"South Carolina","LSAD":"22","ALAND":281807431,"AWATER":7380950}},
{"type":"Feature","geometry":{"type":"Polygon","coordinates":[[[-79.33506,33.96413],[-79.33862,33.96862],[-79.33624,33.97451],[-79.3313,33.97899],[-79.33246,33.995],[-79.32731,33.99819],[-79.31444,34.00062],[-79.30914,34.00513],[-79.30507,34.01655],[-79.30424,34.02283],[-79.30773,34.02599],[-79.30234,34.03222],[-79.29395,34.03572],[-79.28795,34.03306],[-79.28303,34.03822],[-79.27805,34.03957],[-79.27414,34.04405],[-79.26916,34.04408],[-79.25752,34.05071],[-79.25815,34.05406],[-79.24776,34.05708],[-79.27311,34.06957],[-79.29597,34.07448],[-79.30306,34.07588],[-79.30671,34.07007],[-79.32188,34.07049],[-79.32841,34.06601],[-79.33359,34.0655],[-79.35618,34.06694],[-79.36698,34.06391],[-79.36755,34.06651],[-79.36242,34.07338],[-79.36725,34.09531],[-79.37918,34.09703],[-79.38573,34.09583],[-79.38959,34.09914],[-79.39363,34.10655],[-79.3959,34.11613],[-79.4076,34.12023],[-79.41452,34.11767],[-79.42038,34.10929],[-79.43599,34.09962],[-79.44245,34.09818],[-79.44588,34.09304],[-79.46004,34.08865],[-79.4645,34.08062],[-79.46325,34.07586],[-79.46905,34.06199],[-79.46692,34.05319],[-79.47252,34.04912],[-79.47485,34.04309],[-79.47878,34.04008],[-79.47992,34.03132],[-79.48486,34.01176],[-79.4879,34.00553],[-79.4828,33.98795],[-79.48378,33.98317],[-79.4814,33.97812],[-79.48293,33.97385],[-79.47976,33.96877],[-79.48203,33.9661],[-79.48326,33.95984],[-79.49201,33.9526],[-79.49279,33.94848],[-79.48263,33.93759],[-79.4749,33.93486],[-79.47368,33.93003],[-79.46812,33.92813],[-79.46292,33.93177],[-79.46002,33.92588],[-79.45201,33.92465],[-79.44972,33.92023],[-79.45221,33.91483],[-79.4486,33.91131],[-79.43958,33.90877],[-79.44206,33.91464],[-79.44012,33.92155],[-79.44145,33.92513],[-79.44811,33.92799],[-79.45397,33.9335],[-79.45114,33.94022],[-79.45471,33.94354],[-79.45447,33.94859],[-79.45019,33.95467],[-79.45156,33.96225],[-79.44597,33.96118],[-79.43852,33.96263],[-79.42789,33.96205],[-79.41826,33.97171],[-79.41754,33.98772],[-79.42142,33.99502],[-79.41214,33.99918],[-79.39958,33.99232],[-79.38286,33.98558],[-79.36341,33.98254],[-79.35351,33.97563],[-79.35565,33.97067],[-79.34374,33.96234],[-79.33506,33.96413]]]},"properties":{"STATEFP":"45","COUNTYFP":"067","COUSUBFP":"90520","COUSUBNS":"01938220","GEOIDFQ":"0600000US4506790520","GEOID":"4506790520","NAME":"Centenary","NAMELSAD":"Centenary CCD","STUSPS":"SC","NAMELSADCO":"Marion County","STATE_NAME":"South Carolina","LSAD":"22","ALAND":222142001,"AWATER":1797400}},
{"type":"Feature","geometry":{"type":"Polygon","coordinates":[[[-80.96551,33.6253],[-80.96094,33.61653],[-80.95936,33.60344],[-80.95,33.58475],[-80.9467,33.58001],[-80.94846,33.56379],[-80.95172,33.55868],[-80.95531,33.54687],[-80.95505,33.53656],[-80.95062,33.52607],[-80.94848,33.52473],[-80.94474,33.52464],[-80.92205,33.50846],[-80.917,33.51135],[-80.90716,33.50912],[-80.90553,33.50189],[-80.89839,33.5018],[-80.88308,33.49701],[-80.88043,33.49201],[-80.8762,33.49046],[-80.87372,33.47532],[-80.87518,33.461],[-80.8727,33.45456],[-80.8647,33.44896],[-80.86023,33.44109],[-80.85963,33.43215],[-80.86187,33.42426],[-80.8591,33.42146],[-80.85853,33.41499],[-80.86251,33.41242],[-80.87373,33.39362],[-80.87783,33.38844],[-80.87826,33.37655],[-80.88566,33.36878],[-80.88361,33.36294],[-80.88555,33.35971],[-80.88718,33.35534],[-80.86759,33.35662],[-80.8607,33.3559],[-80.86219,33.349],[-80.85839,33.3485],[-80.85332,33.35611],[-80.84344,33.3578],[-80.83805,33.35352],[-80.82853,33.3497],[-80.82919,33.35846],[-80.81612,33.35003],[-80.80194,33.34308],[-80.79489,33.34702],[-80.78507,33.34977],[-80.77834,33.35419],[-80.76814,33.35573],[-80.76062,33.36898],[-80.7475,33.37653],[-80.73853,33.37677],[-80.72398,33.38674],[-80.72631,33.38929],[-80.71672,33.39225],[-80.7097,33.39663],[-80.71143,33.40592],[-80.70906,33.41997],[-80.70175,33.42576],[-80.69254,33.42194],[-80.68434,33.43004],[-80.68676,33.43879],[-80.67581,33.44876],[-80.66514,33.45124],[-80.65704,33.45177],[-80.64775,33.4575],[-80.6522,33.46268],[-80.65765,33.46439],[-80.65902,33.47098],[-80.66613,33.47515],[-80.66812,33.48045],[-80.67798,33.48668],[-80.68252,33.49407],[-80.68373,33.49944],[-80.69103,33.50329],[-80.69609,33.51046],[-80.69407,33.52191],[-80.73156,33.5495],[-80.77598,33.58132],[-80.80763,33.60408],[-80.88139,33.6197],[-80.88541,33.61821],[-80.91968,33.60551],[-80.93979,33.6088],[-80.93799,33.6244],[-80.94073,33.62975],[-80.93976,33.63702],[-80.94395,33.6436],[-80.96551,33.6253]]]},"properties":{"STATEFP":"45","COUNTYFP":"075","COUSUBFP":"92496","COUSUBNS":"01938373","GEOIDFQ":"0600000US4507592496","GEOID":"4507592496","NAME":"Orangeburg","NAMELSAD":"Orangeburg CCD","STUSPS":"SC","NAMELSADCO":"Orangeburg County","STATE_NAME":"South Carolina","LSAD":"22","ALAND":498143948,"AWATER":1611155}},
{"type":"Feature","geometry":{"type":"Polygon","coordinates":[[[-80.82627,32.70425],[-80.83721,32.69982],[-80.8697,32.66094],[-80.8634,32.64621],[-80.84796,32.62975],[-80.84604,32.62349],[-80.85006,32.61821],[-80.84844,32.61486],[-80.83655,32.60885],[-80.83559,32.59928],[-80.83154,32.59339],[-80.836,32.57877],[-80.83508,32.56419],[-80.83921,32.55751],[-80.83605,32.547],[-80.83785,32.53928],[-80.84773,32.53006],[-80.83601,32.51816],[-80.82828,32.50272],[-80.82333,32.49719],[-80.81918,32.48594],[-80.81376,32.48753],[-80.80169,32.495],[-80.78591,32.49703],[-80.78771,32.50601],[-80.78657,32.51234],[-80.78024,32.51837],[-80.78101,32.52881],[-80.76769,32.53218],[-80.76361,32.53788],[-80.75423,32.53787],[-80.74802,32.5412],[-80.73722,32.53605],[-80.7273,32.53547],[-80.70558,32.52772],[-80.69669,32.52772],[-80.6802,32.522],[-80.6666,32.5137],[-80.66085,32.50877],[-80.65328,32.50634],[-80.63784,32.50686],[-80.6296,32.51023],[-80.62109,32.50995],[-80.60895,32.50491],[-80.59381,32.49441],[-80.58619,32.49213],[-80.56644,32.49447],[-80.55383,32.50128],[-80.54084,32.50365],[-80.51692,32.50389],[-80.50797,32.50521],[-80.51776,32.51914],[-80.52972,32.52275],[-80.53648,32.52922],[-80.54109,32.54548],[-80.54767,32.5567],[-80.5515,32.56577],[-80.5574,32.5662],[-80.55894,32.55521],[-80.56244,32.55096],[-80.56844,32.55296],[-80.5646,32.56385],[-80.56731,32.56644],[-80.57655,32.56507],[-80.58282,32.5662],[-80.58359,32.57073],[-80.57617,32.57776],[-80.57983,32.58427],[-80.58636,32.58617],[-80.59979,32.58105],[-80.60322,32.58178],[-80.60723,32.58916],[-80.61166,32.58987],[-80.62088,32.5812],[-80.62737,32.58409],[-80.62962,32.5907],[-80.64426,32.59442],[-80.64783,32.59637],[-80.65975,32.61268],[-80.65945,32.61801],[-80.65383,32.62518],[-80.65727,32.62852],[-80.66846,32.62283],[-80.67515,32.62518],[-80.67531,32.63145],[-80.67153,32.63396],[-80.66067,32.63386],[-80.65848,32.6394],[-80.66069,32.64328],[-80.66645,32.6457],[-80.67628,32.64249],[-80.68006,32.64391],[-80.68485,32.6561],[-80.68053,32.66285],[-80.67106,32.66164],[-80.66774,32.66554],[-80.66946,32.67003],[-80.67438,32.67241],[-80.68587,32.67281],[-80.69004,32.66727],[-80.70333,32.66459],[-80.7065,32.67324],[-80.71681,32.67416],[-80.71835,32.6795],[-80.72482,32.67831],[-80.73924,32.6823],[-80.74489,32.67423],[-80.75317,32.67438],[-80.75829,32.6794],[-80.76325,32.67537],[-80.77123,32.67693],[-80.78382,32.68403],[-80.78638,32.68747],[-80.79656,32.68837],[-80.8025,32.69091],[-80.80788,32.68944],[-80.81819,32.69848],[-80.82443,32.69928],[-80.82627,32.70425]]]},"properties":{"STATEFP":"45","COUNTYFP":"013","COUSUBFP":"93107","COUSUBNS":"01938420","GEOIDFQ":"0600000US4501393107","GEOID":"4501393107","NAME":"Sheldon","NAMELSAD":"Sheldon CCD","STUSPS":"SC","NAMELSADCO":"Beaufort County","STATE_NAME":"South Carolina","LSAD":"22","ALAND":359190400,"AWATER":50516591}},
{"type":"Feature","geometry":{"type":"Polygon","coordinates":[[[-82.75876,34.93959],[-82.76034,34.93775],[-82.761,34.92506],[-82.76316,34.92229],[-82.76074,34.909],[-82.75832,34.90318],[-82.76096,34.89828],[-82.75711,34.88866],[-82.74892,34.88758],[-82.74307,34.883],[-82.74501,34.87323],[-82.75295,34.87166],[-82.75494,34.86541],[-82.74591,34.86063],[-82.74256,34.85092],[-82.74959,34.84468],[-82.74097,34.83376],[-82.74848,34.82905],[-82.74427,34.82309],[-82.74748,34.81974],[-82.75421,34.81854],[-82.74515,34.81097],[-82.73991,34.81189],[-82.73735,34.81717],[-82.72394,34.81884],[-82.72141,34.82537],[-82.72585,34.83081],[-82.72374,34.83641],[-82.71898,34.83633],[-82.71153,34.84149],[-82.70421,34.83861],[-82.69487,34.84144],[-82.68169,34.84885],[-82.68124,34.85138],[-82.67796,34.85486],[-82.66986,34.85725],[-82.66731,34.86573],[-82.66789,34.87128],[-82.664,34.87445],[-82.65552,34.86919],[-82.65033,34.87811],[-82.65554,34.88513],[-82.64389,34.89155],[-82.61717,34.9027],[-82.60697,34.90609],[-82.6014,34.9055],[-82.59183,34.92763],[-82.59406,34.9389],[-82.58793,34.9421],[-82.57134,34.94345],[-82.55691,34.94908],[-82.5507,34.94951],[-82.54578,34.95387],[-82.53801,34.9532],[-82.52593,34.94332],[-82.52576,34.95235],[-82.52853,34.95392],[-82.52695,34.96109],[-82.54275,34.97691],[-82.54121,34.98235],[-82.53414,34.98376],[-82.53396,34.98695],[-82.53835,34.99789],[-82.54316,35.00456],[-82.53785,35.01321],[-82.55635,35.01503],[-82.56313,35.0122],[-82.57542,35.01247],[-82.57752,35.00945],[-82.59394,35.00789],[-82.60406,35.00428],[-82.62719,35.00204],[-82.6411,35.00325],[-82.64419,35.00069],[-82.65267,35.00056],[-82.66456,35.00321],[-82.67491,35.00076],[-82.68269,35.00103],[-82.68531,34.99823],[-82.69514,34.99842],[-82.70713,34.99507],[-82.71494,34.99842],[-82.72682,34.99249],[-82.73591,34.99267],[-82.75376,34.98798],[-82.75462,34.98165],[-82.75105,34.97006],[-82.74674,34.96044],[-82.75237,34.95392],[-82.75692,34.9518],[-82.75876,34.93959]]]},"properties":{"STATEFP":"45","COUNTYFP":"077","COUSUBFP":"92639","COUSUBNS":"01938384","GEOIDFQ":"0600000US4507792639","GEOID":"4507792639","NAME":"Pickens","NAMELSAD":"Pickens CCD","STUSPS":"SC","NAMELSADCO":"Pickens County","STATE_NAME":"South Carolina","LSAD":"22","ALAND":258468654,"AWATER":1194535}},
{"type":"Feature","geometry":{"type":"Polygon","coordinates":[[[-82.75876,34.93959],[-82.77623,34.95144],[-82.79199,34.94867],[-82.80895,34.95036],[-82.82045,34.96027],[-82.82962,34.9567],[-82.82783,34.9542],[-82.8328,34.94905],[-82.83833,34.948],[-82.84662,34.95312],[-82.85177,34.94685],[-82.85922,34.94638],[-82.8656,34.94846],[-82.87146,34.94583],[-82.88013,34.94995],[-82.8904,34.94051],[-82.89603,34.93046],[-82.90433,34.92787],[-82.90894,34.92126],[-82.90145,34.91463],[-82.90618,34.90645],[-82.90032,34.90236],[-82.9031,34.89514],[-82.90929,34.89468],[-82.90667,34.88627],[-82.90469,34.86841],[-82.90214,34.86497],[-82.90468,34.85963],[-82.89996,34.85335],[-82.90127,34.84678],[-82.89608,34.83693],[-82.89919,34.83194],[-82.89776,34.82472],[-82.90113,34.82322],[-82.89595,34.8156],[-82.89661,34.80295],[-82.88926,34.80758],[-82.88865,34.79953],[-82.88349,34.7918],[-82.87871,34.79629],[-82.87317,34.79458],[-82.86643,34.78608],[-82.86137,34.78683],[-82.85842,34.78282],[-82.85209,34.78125],[-82.84612,34.77721],[-82.83364,34.76091],[-82.8312,34.76402],[-82.82188,34.76509],[-82.8121,34.76202],[-82.80424,34.76263],[-82.80275,34.7675],[-82.79348,34.76476],[-82.78428,34.77128],[-82.7802,34.77187],[-82.77079,34.77942],[-82.75772,34.78018],[-82.75467,34.78375],[-82.75648,34.7911],[-82.749,34.79957],[-82.75028,34.80516],[-82.74515,34.81097],[-82.75421,34.81854],[-82.74748,34.81974],[-82.74427,34.82309],[-82.74848,34.82905],[-82.74097,34.83376],[-82.74959,34.84468],[-82.74256,34.85092],[-82.74591,34.86063],[-82.75494,34.86541],[-82.75295,34.87166],[-82.74501,34.87323],[-82.74307,34.883],[-82.74892,34.88758],[-82.75711,34.88866],[-82.76096,34.89828],[-82.75832,34.90318],[-82.76074,34.909],[-82.76316,34.92229],[-82.761,34.92506],[-82.76034,34.93775],[-82.75876,34.93959]]]},"properties":{"STATEFP":"45","COUNTYFP":"077","COUSUBFP":"93146","COUSUBNS":"01938423","GEOIDFQ":"0600000US4507793146","GEOID":"4507793146","NAME":"Six Mile","NAMELSAD":"Six Mile CCD","STUSPS":"SC","NAMELSADCO":"Pickens County","STATE_NAME":"South Carolina","LSAD":"22","ALAND":239447642,"AWATER":18363057}},
{"type":"Feature","geometry":{"type":"Polygon","coordinates":[[[-81.7546,34.33328],[-81.76038,34.32573],[-81.76046,34.31713],[-81.76487,34.30517],[-81.76966,34.2955],[-81.77597,34.28701],[-81.77811,34.27871],[-81.79197,34.28394],[-81.80187,34.27067],[-81.80573,34.268],[-81.81351,34.25727],[-81.81657,34.24726],[-81.81229,34.24422],[-81.80706,34.23535],[-81.80162,34.23192],[-81.80258,34.22696],[-81.7931,34.22531],[-81.79012,34.22071],[-81.78188,34.21817],[-81.77163,34.22025],[-81.76376,34.21246],[-81.76325,34.20439],[-81.75868,34.20357],[-81.75694,34.19897],[-81.75025,34.19507],[-81.74492,34.18809],[-81.73794,34.18566],[-81.73161,34.18761],[-81.7263,34.18435],[-81.71859,34.17661],[-81.70904,34.17318],[-81.6915,34.17294],[-81.68411,34.16674],[-81.67667,34.16322],[-81.67267,34.15601],[-81.66009,34.1523],[-81.65489,34.14838],[-81.64742,34.14604],[-81.63696,34.14618],[-81.63135,34.14162],[-81.62483,34.12875],[-81.61995,34.12472],[-81.60891,34.12354],[-81.60429,34.1203],[-81.60248,34.11476],[-81.59652,34.11749],[-81.60791,34.13471],[-81.60354,34.13656],[-81.6101,34.14448],[-81.60949,34.15208],[-81.61385,34.15135],[-81.61762,34.1568],[-81.61195,34.1604],[-81.61055,34.16476],[-81.61734,34.17811],[-81.61411,34.18103],[-81.615,34.18701],[-81.60837,34.18807],[-81.60745,34.19466],[-81.60886,34.20296],[-81.60302,34.21104],[-81.59983,34.2222],[-81.6114,34.22385],[-81.61262,34.23031],[-81.61139,34.23801],[-81.60633,34.23885],[-81.59566,34.24415],[-81.59139,34.24804],[-81.58556,34.24639],[-81.56936,34.25155],[-81.56239,34.25835],[-81.55333,34.25853],[-81.54677,34.26153],[-81.53974,34.26789],[-81.50949,34.26924],[-81.51652,34.27527],[-81.54605,34.29324],[-81.53637,34.29681],[-81.53938,34.30052],[-81.54141,34.30837],[-81.54088,34.31643],[-81.54612,34.32437],[-81.5421,34.32585],[-81.50998,34.34365],[-81.51696,34.35222],[-81.52434,34.36414],[-81.52846,34.36848],[-81.55282,34.38668],[-81.57545,34.40357],[-81.5781,34.41121],[-81.58459,34.40911],[-81.58767,34.41108],[-81.59756,34.41032],[-81.61164,34.40514],[-81.61934,34.39781],[-81.61947,34.39506],[-81.62706,34.39098],[-81.63559,34.38844],[-81.6402,34.3825],[-81.64202,34.37168],[-81.64681,34.36802],[-81.64891,34.35987],[-81.65346,34.3564],[-81.66332,34.36217],[-81.6682,34.35703],[-81.67642,34.35635],[-81.68889,34.35255],[-81.68533,34.34427],[-81.67569,34.33738],[-81.67471,34.33314],[-81.66505,34.32796],[-81.66224,34.3174],[-81.66673,34.3083],[-81.66534,34.30479],[-81.67,34.29678],[-81.67488,34.29476],[-81.6833,34.29764],[-81.68881,34.30439],[-81.68995,34.30898],[-81.70116,34.32009],[-81.70714,34.32408],[-81.71409,34.3316],[-81.71787,34.33118],[-81.73132,34.32164],[-81.74275,34.32444],[-81.74589,34.3305],[-81.7546,34.33328]]]},"properties":{"STATEFP":"45","COUNTYFP":"071","COUSUBFP":"92366","COUSUBNS":"01938363","GEOIDFQ":"0600000US4507192366","GEOID":"4507192366","NAME":"Newberry","NAMELSAD":"Newberry CCD","STUSPS":"SC","NAMELSADCO":"Newberry County","STATE_NAME":"South Carolina","LSAD":"22","ALAND":423366349,"AWATER":4515348}},
{"type":"Feature","geometry":{"type":"Polygon","coordinates":[[[-81.55282,34.38668],[-81.55106,34.39106],[-81.54326,34.39546],[-81.54051,34.4006],[-81.53575,34.39721],[-81.51983,34.40197],[-81.51247,34.40888],[-81.50693,34.40916],[-81.5012,34.4147],[-81.49413,34.41641],[-81.48897,34.42036],[-81.48359,34.4205],[-81.47686,34.42606],[-81.46665,34.42345],[-81.4589,34.42494],[-81.45032,34.42955],[-81.44458,34.42522],[-81.44331,34.42118],[-81.43348,34.42342],[-81.42069,34.42853],[-81.41761,34.43306],[-81.41121,34.43325],[-81.41605,34.44517],[-81.42124,34.45382],[-81.41285,34.46795],[-81.41598,34.47952],[-81.42245,34.48222],[-81.42324,34.49438],[-81.42772,34.49563],[-81.43344,34.49241],[-81.43555,34.49626],[-81.44327,34.4956],[-81.44494,34.48799],[-81.4522,34.49024],[-81.45872,34.48697],[-81.46898,34.49405],[-81.47453,34.49026],[-81.48465,34.49],[-81.50778,34.4723],[-81.54043,34.44503],[-81.5511,34.45221],[-81.55231,34.4572],[-81.54867,34.46275],[-81.55702,34.46392],[-81.55178,34.47029],[-81.55288,34.47678],[-81.56335,34.48254],[-81.57858,34.49433],[-81.58843,34.49681],[-81.59342,34.50427],[-81.60272,34.51285],[-81.61337,34.51375],[-81.61697,34.51793],[-81.61779,34.52525],[-81.62786,34.52418],[-81.63121,34.52733],[-81.64018,34.5275],[-81.64355,34.53365],[-81.6497,34.51771],[-81.65769,34.51332],[-81.66475,34.50534],[-81.70222,34.45601],[-81.71448,34.44934],[-81.72249,34.44966],[-81.72473,34.44535],[-81.73445,34.43774],[-81.73818,34.42908],[-81.74746,34.41959],[-81.74621,34.41417],[-81.75438,34.40793],[-81.75787,34.39856],[-81.76219,34.39805],[-81.76591,34.39141],[-81.77461,34.38395],[-81.78091,34.3732],[-81.78059,34.36772],[-81.78575,34.36327],[-81.78288,34.35647],[-81.76533,34.33699],[-81.76041,34.33711],[-81.7546,34.33328],[-81.74589,34.3305],[-81.74275,34.32444],[-81.73132,34.32164],[-81.71787,34.33118],[-81.71409,34.3316],[-81.70714,34.32408],[-81.70116,34.32009],[-81.68995,34.30898],[-81.68881,34.30439],[-81.6833,34.29764],[-81.67488,34.29476],[-81.67,34.29678],[-81.66534,34.30479],[-81.66673,34.3083],[-81.66224,34.3174],[-81.66505,34.32796],[-81.67471,34.33314],[-81.67569,34.33738],[-81.68533,34.34427],[-81.68889,34.35255],[-81.67642,34.35635],[-81.6682,34.35703],[-81.66332,34.36217],[-81.65346,34.3564],[-81.64891,34.35987],[-81.64681,34.36802],[-81.64202,34.37168],[-81.6402,34.3825],[-81.63559,34.38844],[-81.62706,34.39098],[-81.61947,34.39506],[-81.61934,34.39781],[-81.61164,34.40514],[-81.59756,34.41032],[-81.58767,34.41108],[-81.58459,34.40911],[-81.5781,34.41121],[-81.57545,34.40357],[-81.55282,34.38668]]]},"properties":{"STATEFP":"45","COUNTYFP":"071","COUSUBFP":"93705","COUSUBNS":"01938466","GEOIDFQ":"0600000US4507193705","GEOID":"4507193705","NAME":"Whitmire","NAMELSAD":"Whitmire CCD","STUSPS":"SC","NAMELSADCO":"Newberry County","STATE_NAME":"South Carolina","LSAD":"22","ALAND":353503939,"AWATER":1005993}},
{"type":"Feature","geometry":{"type":"Polygon","coordinates":[[[-81.83806,35.01283],[-81.84325,35.00954],[-81.84224,35.00405],[-81.83061,34.98909],[-81.82653,34.98798],[-81.82236,34.98282],[-81.81751,34.98509],[-81.81427,34.97746],[-81.8028,34.9736],[-81.80117,34.96881],[-81.79568,34.96373],[-81.789,34.96256],[-81.78902,34.95581],[-81.7834,34.95549],[-81.78544,34.94541],[-81.78001,34.94215],[-81.77294,34.92919],[-81.76797,34.9259],[-81.7629,34.92948],[-81.75519,34.93061],[-81.78567,35.01933],[-81.78682,35.02146],[-81.79433,35.03538],[-81.80765,35.03565],[-81.82118,35.02996],[-81.82725,35.01825],[-81.83806,35.01283]]]},"properties":{"STATEFP":"45","COUNTYFP":"083","COUSUBFP":"90793","COUSUBNS":"01938241","GEOIDFQ":"0600000US4508390793","GEOID":"4508390793","NAME":"Cowpens","NAMELSAD":"Cowpens CCD","STUSPS":"SC","NAMELSADCO":"Spartanburg County","STATE_NAME":"South Carolina","LSAD":"22","ALAND":39451806,"AWATER":546225}},
{"type":"Feature","geometry":{"type":"Polygon","coordinates":[[[-79.92255,33.06719],[-79.92844,33.06438],[-79.93032,33.07238],[-79.92513,33.07772],[-79.92744,33.0819],[-79.93371,33.07882],[-79.93893,33.07912],[-79.94161,33.08526],[-79.93476,33.08968],[-79.94543,33.09527],[-79.94971,33.09396],[-79.95342,33.09842],[-79.95225,33.10565],[-79.95538,33.10867],[-79.95533,33.11532],[-79.96621,33.1212],[-79.96551,33.12604],[-79.97103,33.12952],[-79.9761,33.14055],[-79.9814,33.14541],[-79.99157,33.14692],[-79.99404,33.15174],[-79.99156,33.15873],[-79.98265,33.16451],[-79.97008,33.18636],[-79.96795,33.19115],[-79.96915,33.19619],[-79.98025,33.23017],[-79.99631,33.25017],[-79.9998,33.25594],[-80.03832,33.30298],[-80.08973,33.27627],[-80.09442,33.26823],[-80.10452,33.2683],[-80.12083,33.27416],[-80.13082,33.28066],[-80.14091,33.28344],[-80.14978,33.27978],[-80.16941,33.28223],[-80.17317,33.2717],[-80.17839,33.26157],[-80.17474,33.25575],[-80.16757,33.25346],[-80.1601,33.24779],[-80.15887,33.24218],[-80.17426,33.2263],[-80.16685,33.20534],[-80.1711,33.19754],[-80.17142,33.1891],[-80.17779,33.17787],[-80.17658,33.16875],[-80.18124,33.15532],[-80.17533,33.15078],[-80.16069,33.14238],[-80.14522,33.14891],[-80.14204,33.15154],[-80.1232,33.15983],[-80.11584,33.16644],[-80.10169,33.16929],[-80.0932,33.16761],[-80.0904,33.15981],[-80.0862,33.15798],[-80.06842,33.15809],[-80.0597,33.15321],[-80.06929,33.12024],[-80.06046,33.1134],[-80.05636,33.11231],[-80.05579,33.10486],[-80.04168,33.09878],[-80.04143,33.08983],[-80.03583,33.08651],[-80.03561,33.0792],[-80.03061,33.07883],[-80.02646,33.07339],[-80.02029,33.0689],[-80.02247,33.06083],[-80.01311,33.06738],[-79.9998,33.06874],[-79.99191,33.06737],[-79.98892,33.06421],[-79.98242,33.06402],[-79.97673,33.06007],[-79.97297,33.0547],[-79.965,33.05006],[-79.95906,33.0418],[-79.95505,33.03933],[-79.95149,33.02684],[-79.94449,33.01758],[-79.93753,33.01076],[-79.93792,32.994],[-79.9424,32.98622],[-79.93949,32.97049],[-79.93703,32.96789],[-79.92678,32.96862],[-79.92278,32.97422],[-79.9175,32.9724],[-79.91072,32.97692],[-79.91278,32.9823],[-79.92232,32.9838],[-79.92505,32.99121],[-79.92152,32.99473],[-79.91105,32.99454],[-79.90451,33.00014],[-79.90054,33.00868],[-79.90494,33.00979],[-79.9184,33.00788],[-79.92198,33.01411],[-79.91801,33.01587],[-79.9116,33.01352],[-79.90814,33.0184],[-79.91553,33.02059],[-79.91656,33.02411],[-79.91072,33.031],[-79.91905,33.03976],[-79.92564,33.04024],[-79.93313,33.0451],[-79.93667,33.05326],[-79.93497,33.05704],[-79.92644,33.05503],[-79.92212,33.06278],[-79.92255,33.06719]]]},"properties":{"STATEFP":"45","COUNTYFP":"015","COUSUBFP":"92210","COUSUBNS":"01938351","GEOIDFQ":"0600000US4501592210","GEOID":"4501592210","NAME":"Moncks Corner","NAMELSAD":"Moncks Corner CCD","STUSPS":"SC","NAMELSADCO":"Berkeley County","STATE_NAME":"South Carolina","LSAD":"22","ALAND":293910348,"AWATER":67990509}},
{"type":"Feature","geometry":{"type":"Polygon","coordinates":[[[-80.20895,33.44266],[-80.16462,33.40699],[-80.15616,33.40552],[-80.14399,33.39172],[-80.13636,33.38073],[-80.11883,33.36185],[-80.03897,33.30346],[-80.02081,33.34258],[-79.99634,33.39321],[-79.99277,33.40569],[-79.988,33.4009],[-79.95697,33.39288],[-79.95233,33.37987],[-79.94748,33.37782],[-79.94712,33.37346],[-79.93667,33.36712],[-79.93308,33.36272],[-79.9298,33.3505],[-79.92587,33.34716],[-79.91559,33.3424],[-79.91529,33.33379],[-79.91984,33.32211],[-79.9183,33.31673],[-79.91268,33.31202],[-79.90759,33.31429],[-79.89893,33.32206],[-79.8927,33.32171],[-79.8779,33.33485],[-79.87752,33.34212],[-79.84346,33.36102],[-79.82755,33.36415],[-79.82296,33.36017],[-79.81912,33.35324],[-79.80593,33.3346],[-79.80214,33.33136],[-79.79549,33.33238],[-79.79092,33.34045],[-79.77703,33.33402],[-79.76073,33.32934],[-79.75638,33.33019],[-79.75445,33.33447],[-79.76153,33.33557],[-79.76139,33.34225],[-79.76792,33.34461],[-79.76786,33.34975],[-79.77177,33.35616],[-79.77855,33.35915],[-79.78164,33.36822],[-79.7904,33.37316],[-79.79401,33.37768],[-79.80246,33.37221],[-79.80701,33.37259],[-79.81386,33.38232],[-79.83811,33.39232],[-79.84022,33.39801],[-79.85477,33.40292],[-79.85499,33.40635],[-79.86079,33.40851],[-79.86016,33.41511],[-79.86349,33.41921],[-79.87157,33.42392],[-79.87752,33.42444],[-79.87763,33.42847],[-79.86854,33.42927],[-79.86822,33.43448],[-79.87632,33.43531],[-79.88015,33.44282],[-79.89004,33.44856],[-79.89415,33.45365],[-79.90413,33.45623],[-79.91023,33.45571],[-79.91539,33.46418],[-79.92039,33.46558],[-79.93027,33.47219],[-79.93477,33.47773],[-79.95157,33.48691],[-79.95293,33.49137],[-79.96089,33.49445],[-79.96456,33.49864],[-79.97196,33.50094],[-79.97548,33.49762],[-79.98224,33.49967],[-79.98626,33.49792],[-79.99707,33.50054],[-80.00014,33.49483],[-80.00445,33.49573],[-80.00536,33.50254],[-80.01214,33.50517],[-80.02056,33.50218],[-80.02395,33.50629],[-80.02936,33.50151],[-80.03656,33.50683],[-80.04248,33.50095],[-80.04865,33.50637],[-80.06458,33.50573],[-80.07349,33.50717],[-80.08217,33.50573],[-80.08466,33.49998],[-80.09153,33.50318],[-80.09306,33.49889],[-80.1017,33.49689],[-80.10892,33.49992],[-80.11312,33.49878],[-80.12555,33.50244],[-80.12728,33.49327],[-80.13479,33.49223],[-80.13653,33.48818],[-80.14531,33.48456],[-80.14925,33.48684],[-80.15204,33.47857],[-80.14822,33.47402],[-80.13496,33.46671],[-80.13176,33.46341],[-80.13973,33.46036],[-80.13794,33.45545],[-80.15067,33.46027],[-80.14831,33.44987],[-80.154,33.44793],[-80.16146,33.44895],[-80.15871,33.45513],[-80.16515,33.45555],[-80.17056,33.44974],[-80.17568,33.44861],[-80.18102,33.45463],[-80.19533,33.44465],[-80.20054,33.45293],[-80.20735,33.45257],[-80.20895,33.44266]]]},"properties":{"STATEFP":"45","COUNTYFP":"015","COUSUBFP":"92951","COUSUBNS":"01938408","GEOIDFQ":"0600000US4501592951","GEOID":"4501592951","NAME":"St. Stephen","NAMELSAD":"St. Stephen CCD","STUSPS":"SC","NAMELSADCO":"Berkeley County","STATE_NAME":"South Carolina","LSAD":"22","ALAND":366893862,"AWATER":83221087}},
{"type":"Feature","geometry":{"type":"Polygon","coordinates":[[[-80.60095,34.03939],[-80.60802,34.02929],[-80.6045,34.02362],[-80.61459,34.02507],[-80.61866,34.01668],[-80.62805,34.01189],[-80.62719,34.00301],[-80.63494,34.00797],[-80.63539,34.00145],[-80.64099,33.99943],[-80.63938,33.99068],[-80.64397,33.98912],[-80.64113,33.98332],[-80.63044,33.97577],[-80.63315,33.96655],[-80.62894,33.96471],[-80.62329,33.96827],[-80.61576,33.96547],[-80.6211,33.96062],[-80.62481,33.9522],[-80.62826,33.94878],[-80.62905,33.94178],[-80.62251,33.93911],[-80.62071,33.93593],[-80.63008,33.9324],[-80.6262,33.9299],[-80.63251,33.92361],[-80.63409,33.91733],[-80.62451,33.9055],[-80.62593,33.89965],[-80.61553,33.89074],[-80.62586,33.88879],[-80.61959,33.87873],[-80.62533,33.86681],[-80.5542,33.88489],[-80.53437,33.89111],[-80.49572,33.89563],[-80.45008,33.90172],[-80.42908,33.91293],[-80.42113,33.91297],[-80.42528,33.92076],[-80.44207,33.93537],[-80.43724,33.93732],[-80.42027,33.9372],[-80.42082,33.94772],[-80.41573,33.95061],[-80.39842,33.9451],[-80.39447,33.95113],[-80.39324,33.95748],[-80.40223,33.97222],[-80.41389,33.98341],[-80.4153,33.98814],[-80.41322,33.99748],[-80.41808,34.00233],[-80.42897,34.01628],[-80.42861,34.02183],[-80.4318,34.03926],[-80.43422,34.04622],[-80.43917,34.05434],[-80.44333,34.06674],[-80.45069,34.07476],[-80.45342,34.07116],[-80.46813,34.06263],[-80.47801,34.05371],[-80.48091,34.04904],[-80.48944,34.04458],[-80.49739,34.04538],[-80.51194,34.03906],[-80.51449,34.03493],[-80.52107,34.03275],[-80.53342,34.03964],[-80.54221,34.04149],[-80.54623,34.04488],[-80.56253,34.04294],[-80.57097,34.03721],[-80.57801,34.03716],[-80.58733,34.04338],[-80.60095,34.03939]]]},"properties":{"STATEFP":"45","COUNTYFP":"085","COUSUBFP":"93095","COUSUBNS":"01938419","GEOIDFQ":"0600000US4508593095","GEOID":"4508593095","NAME":"Shaw AFB-Horatio","NAMELSAD":"Shaw AFB-Horatio CCD","STUSPS":"SC","NAMELSADCO":"Sumter County","STATE_NAME":"South Carolina","LSAD":"22","ALAND":326274714,"AWATER":3136981}},
{"type":"Feature","geometry":{"type":"Polygon","coordinates":[[[-80.40132,32.85853],[-80.39943,32.84574],[-80.39414,32.8445],[-80.3993,32.83547],[-80.40028,32.82833],[-80.4044,32.8226],[-80.40402,32.81864],[-80.40775,32.81084],[-80.41409,32.80884],[-80.42108,32.79838],[-80.42616,32.79793],[-80.43596,32.78774],[-80.43223,32.78326],[-80.43293,32.77848],[-80.43848,32.77274],[-80.43658,32.77022],[-80.44072,32.76505],[-80.44522,32.76535],[-80.44958,32.75725],[-80.44794,32.74844],[-80.45324,32.73906],[-80.44715,32.72838],[-80.43128,32.72258],[-80.43082,32.71216],[-80.42609,32.71589],[-80.41763,32.6998],[-80.41589,32.69474],[-80.4225,32.68639],[-80.41787,32.68069],[-80.42091,32.67006],[-80.41507,32.66267],[-80.40491,32.65241],[-80.401,32.65196],[-80.3933,32.65524],[-80.38927,32.65296],[-80.38276,32.65662],[-80.37525,32.65177],[-80.37352,32.65731],[-80.36516,32.65426],[-80.36932,32.64805],[-80.36176,32.64756],[-80.35782,32.64508],[-80.35163,32.64798],[-80.34393,32.642],[-80.34888,32.63829],[-80.34313,32.63568],[-80.33429,32.6381],[-80.32841,32.63585],[-80.32438,32.63966],[-80.32257,32.64508],[-80.31336,32.64116],[-80.31772,32.63578],[-80.31788,32.63206],[-80.30958,32.63058],[-80.29639,32.62458],[-80.28579,32.62231],[-80.27121,32.62508],[-80.2699,32.63346],[-80.26581,32.64477],[-80.25996,32.64899],[-80.24061,32.65759],[-80.23704,32.66667],[-80.2418,32.67602],[-80.23952,32.67997],[-80.22414,32.68487],[-80.2216,32.68735],[-80.22211,32.69438],[-80.2157,32.69764],[-80.21046,32.69606],[-80.2049,32.70084],[-80.19058,32.70923],[-80.17159,32.70791],[-80.17135,32.71086],[-80.16431,32.7201],[-80.16882,32.73116],[-80.17203,32.7345],[-80.16294,32.7479],[-80.15547,32.74986],[-80.15131,32.74796],[-80.14064,32.74708],[-80.13722,32.74867],[-80.13589,32.75459],[-80.13138,32.76058],[-80.13336,32.7684],[-80.12788,32.777],[-80.12104,32.78085],[-80.13137,32.78748],[-80.13098,32.79375],[-80.13942,32.79942],[-80.14719,32.81848],[-80.14848,32.81903],[-80.15771,32.81822],[-80.2764,32.84363],[-80.29962,32.85142],[-80.31194,32.85148],[-80.40132,32.85853]]]},"properties":{"STATEFP":"45","COUNTYFP":"019","COUSUBFP":"92771","COUSUBNS":"01938394","GEOIDFQ":"0600000US4501992771","GEOID":"4501992771","NAME":"Ravenel-Hollywood","NAMELSAD":"Ravenel-Hollywood CCD","STUSPS":"SC","NAMELSADCO":"Charleston County","STATE_NAME":"South Carolina","LSAD":"22","ALAND":489835491,"AWATER":28189714}},
{"type":"Feature","geometry":{"type":"Polygon","coordinates":[[[-81.76341,35.18025],[-81.7594,35.16951],[-81.75948,35.16014],[-81.7499,35.15282],[-81.74452,35.1437],[-81.73794,35.12892],[-81.72296,35.12125],[-81.73205,35.11702],[-81.73395,35.10968],[-81.73913,35.10448],[-81.74137,35.09831],[-81.73424,35.08902],[-81.73285,35.08423],[-81.72625,35.08437],[-81.7237,35.07265],[-81.72089,35.0666],[-81.72083,35.06099],[-81.71485,35.06074],[-81.7118,35.04888],[-81.71556,35.0467],[-81.72093,35.03428],[-81.71781,35.03041],[-81.71978,35.02405],[-81.71582,35.02263],[-81.71368,35.01622],[-81.70656,35.01251],[-81.70166,35.00589],[-81.69963,34.99435],[-81.69272,34.99204],[-81.68223,34.98125],[-81.68298,34.97228],[-81.6767,34.96639],[-81.67404,34.96067],[-81.66259,34.95392],[-81.64639,34.94926],[-81.64412,34.95258],[-81.63454,34.95119],[-81.62725,34.94696],[-81.61734,34.94386],[-81.61611,34.94753],[-81.61011,34.94776],[-81.6088,34.94375],[-81.60226,34.9454],[-81.59603,34.94007],[-81.5911,34.93874],[-81.59255,34.93382],[-81.58323,34.9261],[-81.57756,34.92539],[-81.56821,34.92766],[-81.56273,34.92528],[-81.5567,34.92922],[-81.54616,34.92821],[-81.53973,34.9316],[-81.52858,34.9286],[-81.52149,34.92184],[-81.51529,34.92177],[-81.50985,34.91505],[-81.49707,34.91947],[-81.49746,34.9148],[-81.48831,34.91189],[-81.47815,34.90143],[-81.47562,34.908],[-81.47001,34.91511],[-81.47726,34.9261],[-81.47351,34.93549],[-81.48956,34.94158],[-81.49228,34.94719],[-81.48788,34.9552],[-81.48615,34.96511],[-81.48073,34.97051],[-81.47583,34.98297],[-81.48369,34.9933],[-81.48423,35.00091],[-81.48057,35.00591],[-81.48346,35.01121],[-81.48829,35.02687],[-81.49449,35.03138],[-81.49571,35.03944],[-81.49844,35.04213],[-81.51373,35.04446],[-81.52246,35.05198],[-81.53043,35.05291],[-81.54774,35.06445],[-81.5534,35.06528],[-81.55435,35.07082],[-81.56392,35.07705],[-81.57258,35.08534],[-81.57137,35.09143],[-81.57477,35.10713],[-81.57144,35.11465],[-81.58339,35.11971],[-81.59082,35.12989],[-81.60062,35.13717],[-81.60316,35.14593],[-81.61199,35.14862],[-81.61303,35.15382],[-81.60844,35.15823],[-81.61613,35.16181],[-81.61871,35.16774],[-81.61104,35.17091],[-81.60955,35.17428],[-81.71626,35.17885],[-81.76341,35.18025]]]},"properties":{"STATEFP":"45","COUNTYFP":"021","COUSUBFP":"91235","COUSUBNS":"01938275","GEOIDFQ":"0600000US4502191235","GEOID":"4502191235","NAME":"Gaffney","NAMELSAD":"Gaffney CCD","STUSPS":"SC","NAMELSADCO":"Cherokee County","STATE_NAME":"South Carolina","LSAD":"22","ALAND":440442500,"AWATER":5987916}},
{"type":"Feature","geometry":{"type":"Polygon","coordinates":[[[-79.95233,33.80354],[-79.98716,33.77414],[-79.99564,33.76791],[-79.97438,33.72159],[-79.96254,33.72229],[-79.95711,33.72496],[-79.94574,33.72236],[-79.94094,33.72772],[-79.93189,33.72921],[-79.9303,33.72096],[-79.91854,33.72332],[-79.91241,33.71594],[-79.91159,33.70758],[-79.92764,33.70796],[-79.93159,33.70262],[-79.9317,33.69827],[-79.91658,33.6938],[-79.90275,33.68159],[-79.9098,33.67762],[-79.91437,33.66012],[-79.90691,33.6381],[-79.89845,33.62913],[-79.89731,33.622],[-79.88523,33.6165],[-79.87706,33.61647],[-79.86768,33.62133],[-79.8607,33.6226],[-79.85259,33.62168],[-79.85202,33.61499],[-79.8448,33.60995],[-79.84025,33.60237],[-79.82555,33.59783],[-79.81377,33.58252],[-79.80124,33.57741],[-79.80269,33.58284],[-79.78878,33.58753],[-79.78068,33.59252],[-79.77411,33.59348],[-79.76776,33.58915],[-79.7592,33.58764],[-79.75485,33.5798],[-79.74695,33.57749],[-79.74246,33.579],[-79.73693,33.57523],[-79.73766,33.56748],[-79.72912,33.56302],[-79.72294,33.55938],[-79.7115,33.5594],[-79.70787,33.55595],[-79.6984,33.56006],[-79.69356,33.56946],[-79.6854,33.57638],[-79.68249,33.58076],[-79.67649,33.60655],[-79.66251,33.63195],[-79.66331,33.64226],[-79.66,33.65458],[-79.6611,33.65798],[-79.6586,33.66447],[-79.64591,33.67683],[-79.64097,33.68312],[-79.62514,33.68747],[-79.62019,33.69258],[-79.62954,33.69461],[-79.64178,33.701],[-79.64488,33.70488],[-79.6505,33.70655],[-79.6614,33.70658],[-79.6797,33.70416],[-79.69588,33.70317],[-79.69537,33.72456],[-79.70164,33.73071],[-79.6976,33.7357],[-79.6964,33.74357],[-79.6959,33.76812],[-79.70461,33.7701],[-79.7191,33.77178],[-79.72186,33.76321],[-79.73062,33.75419],[-79.73657,33.75103],[-79.74236,33.74449],[-79.7481,33.73388],[-79.75487,33.72983],[-79.77412,33.72939],[-79.78722,33.72765],[-79.8002,33.71382],[-79.81295,33.70752],[-79.80877,33.72007],[-79.81886,33.71934],[-79.8163,33.73008],[-79.81912,33.7351],[-79.81615,33.74066],[-79.81814,33.75687],[-79.82235,33.7585],[-79.84447,33.75007],[-79.85002,33.74908],[-79.84888,33.77213],[-79.86254,33.78427],[-79.86654,33.79742],[-79.87997,33.79357],[-79.88218,33.80031],[-79.88826,33.80742],[-79.88662,33.81697],[-79.89232,33.81823],[-79.90488,33.81656],[-79.91124,33.82532],[-79.9153,33.81865],[-79.9331,33.81074],[-79.94451,33.81021],[-79.95233,33.80354]]]},"properties":{"STATEFP":"45","COUNTYFP":"089","COUSUBFP":"91768","COUSUBNS":"01938317","GEOIDFQ":"0600000US4508991768","GEOID":"4508991768","NAME":"Kingstree","NAMELSAD":"Kingstree CCD","STUSPS":"SC","NAMELSADCO":"Williamsburg County","STATE_NAME":"South Carolina","LSAD":"22","ALAND":477019801,"AWATER":443536}},
{"type":"Feature","geometry":{"type":"Polygon","coordinates":[[[-80.47307,34.69236],[-80.4681,34.68916],[-80.469,34.68537],[-80.4612,34.68261],[-80.46078,34.67698],[-80.45029,34.6758],[-80.4534,34.67172],[-80.43177,34.66002],[-80.43506,34.64732],[-80.43282,34.6388],[-80.42596,34.63684],[-80.42037,34.63138],[-80.4139,34.6278],[-80.41251,34.62362],[-80.41912,34.62086],[-80.41578,34.61673],[-80.40837,34.61477],[-80.40752,34.60938],[-80.39802,34.60467],[-80.39588,34.59911],[-80.38989,34.59945],[-80.38337,34.59219],[-80.38138,34.57376],[-80.37622,34.5721],[-80.37579,34.56612],[-80.37268,34.56334],[-80.37499,34.55759],[-80.37234,34.54677],[-80.36367,34.53882],[-80.35887,34.53636],[-80.35295,34.54004],[-80.35126,34.54381],[-80.35489,34.55348],[-80.35273,34.55811],[-80.34352,34.56132],[-80.3358,34.56576],[-80.32293,34.56986],[-80.31971,34.57285],[-80.30787,34.57843],[-80.29941,34.57867],[-80.29191,34.58462],[-80.28241,34.58827],[-80.27262,34.59733],[-80.26603,34.5979],[-80.2577,34.60112],[-80.24865,34.59207],[-80.23659,34.60027],[-80.23125,34.60932],[-80.22981,34.61715],[-80.23397,34.62618],[-80.22816,34.62699],[-80.22291,34.63065],[-80.20131,34.62567],[-80.19299,34.62297],[-80.17981,34.62133],[-80.18097,34.63185],[-80.18408,34.63461],[-80.18055,34.64249],[-80.18128,34.64671],[-80.18764,34.65366],[-80.20063,34.66054],[-80.21443,34.6636],[-80.21794,34.66826],[-80.22238,34.66882],[-80.22828,34.66469],[-80.24878,34.66666],[-80.2609,34.67059],[-80.26841,34.67451],[-80.29648,34.6799],[-80.30226,34.68403],[-80.30723,34.68406],[-80.31909,34.69395],[-80.32425,34.69953],[-80.32356,34.70758],[-80.32903,34.7128],[-80.33564,34.71332],[-80.33507,34.71904],[-80.33656,34.73945],[-80.34128,34.73365],[-80.35164,34.72619],[-80.37155,34.72192],[-80.38491,34.71521],[-80.3962,34.71221],[-80.40057,34.71285],[-80.41574,34.70662],[-80.4257,34.7122],[-80.43134,34.71271],[-80.44838,34.70788],[-80.45488,34.70709],[-80.47307,34.69236]]]},"properties":{"STATEFP":"45","COUNTYFP":"025","COUSUBFP":"91677","COUSUBNS":"01938310","GEOIDFQ":"0600000US4502591677","GEOID":"4502591677","NAME":"Jefferson","NAMELSAD":"Jefferson CCD","STUSPS":"SC","NAMELSADCO":"Chesterfield County","STATE_NAME":"South Carolina","LSAD":"22","ALAND":260100014,"AWATER":973181}},
{"type":"Feature","geometry":{"type":"Polygon","coordinates":[[[-80.51435,33.07821],[-80.52111,33.08917],[-80.53021,33.09237],[-80.53684,33.10282],[-80.53915,33.10907],[-80.54384,33.11258],[-80.55413,33.11652],[-80.56011,33.12124],[-80.57022,33.12243],[-80.57853,33.12893],[-80.58031,33.13255],[-80.58177,33.15009],[-80.59004,33.16416],[-80.59393,33.16631],[-80.60119,33.17489],[-80.60284,33.17932],[-80.6099,33.18602],[-80.61,33.18838],[-80.62552,33.1911],[-80.62949,33.20017],[-80.63574,33.20669],[-80.6434,33.21028],[-80.64747,33.22039],[-80.64717,33.226],[-80.65043,33.23203],[-80.65688,33.23696],[-80.65779,33.24142],[-80.66619,33.24741],[-80.70104,33.22867],[-80.7903,33.18084],[-80.78676,33.1751],[-80.77908,33.17677],[-80.772,33.17156],[-80.76334,33.17365],[-80.75347,33.17424],[-80.7475,33.17222],[-80.74374,33.16819],[-80.73742,33.17037],[-80.71319,33.15677],[-80.70306,33.15249],[-80.70617,33.1499],[-80.70301,33.1444],[-80.69451,33.14076],[-80.69165,33.13752],[-80.6935,33.13237],[-80.69173,33.12813],[-80.68502,33.125],[-80.68117,33.12445],[-80.67825,33.11565],[-80.67327,33.11224],[-80.67357,33.10802],[-80.66508,33.09945],[-80.65961,33.0976],[-80.65798,33.09226],[-80.65322,33.09317],[-80.64693,33.08554],[-80.63219,33.0777],[-80.62773,33.06952],[-80.62381,33.06693],[-80.59503,33.05988],[-80.59149,33.05782],[-80.57848,33.05725],[-80.55321,33.06193],[-80.5503,33.05833],[-80.5445,33.06224],[-80.54744,33.06575],[-80.53753,33.06694],[-80.53201,33.06965],[-80.52447,33.0615],[-80.5162,33.06082],[-80.50968,33.05726],[-80.50641,33.0588],[-80.50711,33.06945],[-80.51516,33.07518],[-80.51435,33.07821]]]},"properties":{"STATEFP":"45","COUNTYFP":"035","COUSUBFP":"92782","COUSUBNS":"01938395","GEOIDFQ":"0600000US4503592782","GEOID":"4503592782","NAME":"Reevesville","NAMELSAD":"Reevesville CCD","STUSPS":"SC","NAMELSADCO":"Dorchester County","STATE_NAME":"South Carolina","LSAD":"22","ALAND":218139030,"AWATER":559699}},
{"type":"Feature","geometry":{"type":"Polygon","coordinates":[[[-81.23851,34.35312],[-81.24208,34.34774],[-81.24823,34.34409],[-81.24992,34.33706],[-81.25596,34.33418],[-81.2563,34.3278],[-81.26343,34.31843],[-81.27372,34.30965],[-81.28557,34.31092],[-81.28897,34.29805],[-81.29314,34.29306],[-81.29438,34.2873],[-81.2888,34.2766],[-81.28837,34.26726],[-81.30299,34.26439],[-81.31709,34.26323],[-81.32591,34.26356],[-81.32838,34.25702],[-81.32107,34.24373],[-81.31691,34.23946],[-81.31033,34.23696],[-81.2966,34.23739],[-81.27957,34.23062],[-81.27313,34.22281],[-81.26951,34.22184],[-81.25929,34.20894],[-81.25127,34.20295],[-81.22641,34.20569],[-81.22185,34.20302],[-81.21873,34.1968],[-81.20841,34.19433],[-81.20165,34.18879],[-81.17829,34.17455],[-81.17942,34.18706],[-81.17392,34.18914],[-81.16888,34.19438],[-81.16987,34.20325],[-81.17308,34.20433],[-81.17351,34.2107],[-81.18052,34.21573],[-81.1812,34.22028],[-81.12481,34.21571],[-81.12051,34.21605],[-81.09586,34.21387],[-81.0833,34.22475],[-81.07228,34.22474],[-81.07116,34.23048],[-81.07424,34.23889],[-81.07197,34.26018],[-81.05892,34.27575],[-81.05725,34.28252],[-81.05197,34.28899],[-81.05183,34.29636],[-81.04546,34.3034],[-81.04387,34.3076],[-81.035,34.30739],[-81.028,34.31075],[-81.02719,34.31658],[-81.02971,34.3222],[-81.02663,34.32907],[-81.01812,34.33676],[-81.01159,34.33808],[-81.00512,34.34327],[-80.99981,34.35262],[-80.99817,34.36334],[-81.00295,34.36579],[-81.01238,34.36294],[-81.02184,34.36892],[-81.01783,34.37375],[-81.00931,34.39225],[-81.00759,34.40073],[-81.01046,34.41023],[-81.01642,34.41098],[-81.02759,34.40802],[-81.03466,34.40757],[-81.03766,34.40387],[-81.04731,34.399],[-81.06553,34.40115],[-81.07976,34.40059],[-81.09244,34.3916],[-81.10506,34.39276],[-81.10664,34.39008],[-81.11546,34.38651],[-81.13032,34.39127],[-81.14265,34.39064],[-81.15436,34.384],[-81.16362,34.38129],[-81.17822,34.37919],[-81.18792,34.37572],[-81.1908,34.3773],[-81.20031,34.37],[-81.2063,34.37217],[-81.21724,34.36965],[-81.22713,34.36338],[-81.23851,34.35312]]]},"properties":{"STATEFP":"45","COUNTYFP":"039","COUSUBFP":"93770","COUSUBNS":"01938471","GEOIDFQ":"0600000US4503993770","GEOID":"4503993770","NAME":"Winnsboro South","NAMELSAD":"Winnsboro South CCD","STUSPS":"SC","NAMELSADCO":"Fairfield County","STATE_NAME":"South Carolina","LSAD":"22","ALAND":423697297,"AWATER":2671738}},
{"type":"Feature","geometry":{"type":"Polygon","coordinates":[[[-79.39165,33.55201],[-79.40147,33.54672],[-79.39582,33.54128],[-79.3948,33.53693],[-79.3983,33.53283],[-79.4076,33.53271],[-79.40762,33.53569],[-79.421,33.53879],[-79.42833,33.53724],[-79.42839,33.53142],[-79.4348,33.52698],[-79.43544,33.52249],[-79.42367,33.52089],[-79.41884,33.526],[-79.41165,33.52422],[-79.41917,33.51601],[-79.42443,33.5161],[-79.42426,33.509],[-79.4289,33.50613],[-79.44167,33.50728],[-79.4486,33.50423],[-79.46221,33.49271],[-79.45046,33.48206],[-79.45821,33.48077],[-79.45492,33.47507],[-79.45802,33.46813],[-79.46351,33.46867],[-79.47093,33.46292],[-79.47321,33.45479],[-79.47663,33.44921],[-79.47419,33.44538],[-79.47542,33.4359],[-79.47025,33.43214],[-79.46624,33.42536],[-79.38894,33.40642],[-79.38269,33.40123],[-79.37972,33.39131],[-79.38093,33.38313],[-79.377,33.37912],[-79.37059,33.37805],[-79.35166,33.36824],[-79.35754,33.36249],[-79.37288,33.36149],[-79.37726,33.36464],[-79.38368,33.36251],[-79.38207,33.35979],[-79.3824,33.3438],[-79.38755,33.34531],[-79.40697,33.3443],[-79.40827,33.33545],[-79.4139,33.32748],[-79.42184,33.32707],[-79.42476,33.32097],[-79.41964,33.31846],[-79.41087,33.32073],[-79.3915,33.32116],[-79.37346,33.30678],[-79.35139,33.29648],[-79.34709,33.29265],[-79.33965,33.29046],[-79.32911,33.29058],[-79.31595,33.29866],[-79.3071,33.30265],[-79.31034,33.29385],[-79.30315,33.27453],[-79.29551,33.2696],[-79.2912,33.25787],[-79.27972,33.25258],[-79.26895,33.25089],[-79.25744,33.26057],[-79.2457,33.25914],[-79.24127,33.26664],[-79.24977,33.27355],[-79.26195,33.27829],[-79.26967,33.28357],[-79.27753,33.29101],[-79.28241,33.29975],[-79.2866,33.31754],[-79.28688,33.32886],[-79.28369,33.33531],[-79.27098,33.35636],[-79.26591,33.36503],[-79.26304,33.37436],[-79.26183,33.38799],[-79.25951,33.39329],[-79.24977,33.39625],[-79.24699,33.39872],[-79.25108,33.41272],[-79.24411,33.41808],[-79.23552,33.42096],[-79.23486,33.42407],[-79.25046,33.44385],[-79.2485,33.44967],[-79.25159,33.45272],[-79.26087,33.44979],[-79.26277,33.45367],[-79.25908,33.45817],[-79.25775,33.46611],[-79.26141,33.46992],[-79.27004,33.46944],[-79.26942,33.47472],[-79.27433,33.48153],[-79.27909,33.48073],[-79.28504,33.47452],[-79.29022,33.48051],[-79.28389,33.49034],[-79.28694,33.49481],[-79.29461,33.49568],[-79.29813,33.49881],[-79.29848,33.50781],[-79.30396,33.50645],[-79.30268,33.50017],[-79.30944,33.49155],[-79.31615,33.48922],[-79.32547,33.49045],[-79.32725,33.49246],[-79.32246,33.50017],[-79.32455,33.50596],[-79.33687,33.50921],[-79.34102,33.51331],[-79.33588,33.52332],[-79.34137,33.53042],[-79.35229,33.53934],[-79.35872,33.54748],[-79.36755,33.53269],[-79.37857,33.52979],[-79.38831,33.53467],[-79.38751,33.54323],[-79.38411,33.54721],[-79.38872,33.55043],[-79.39165,33.55201]]]},"properties":{"STATEFP":"45","COUNTYFP":"043","COUSUBFP":"91248","COUSUBNS":"01938276","GEOIDFQ":"0600000US4504391248","GEOID":"4504391248","NAME":"Georgetown","NAMELSAD":"Georgetown CCD","STUSPS":"SC","NAMELSADCO":"Georgetown County","STATE_NAME":"South Carolina","LSAD":"22","ALAND":348443279,"AWATER":23046751}},
{"type":"Feature","geometry":{"type":"Polygon","coordinates":[[[-82.51585,34.92601],[-82.5174,34.91921],[-82.51091,34.91798],[-82.5099,34.91418],[-82.50462,34.91105],[-82.50279,34.9037],[-82.49485,34.8972],[-82.49648,34.88762],[-82.48766,34.88506],[-82.49154,34.87838],[-82.48794,34.87581],[-82.48706,34.86638],[-82.48903,34.86141],[-82.483,34.85794],[-82.48495,34.85429],[-82.48466,34.84436],[-82.48915,34.84112],[-82.48708,34.83214],[-82.47637,34.82793],[-82.48703,34.819],[-82.47513,34.81043],[-82.46935,34.79813],[-82.46094,34.79666],[-82.46225,34.79296],[-82.45889,34.78832],[-82.4584,34.77918],[-82.45208,34.77643],[-82.45145,34.76879],[-82.45709,34.76162],[-82.45836,34.75561],[-82.45514,34.75068],[-82.44757,34.75183],[-82.42725,34.73393],[-82.41928,34.73077],[-82.42177,34.73844],[-82.41507,34.74104],[-82.40692,34.74744],[-82.39677,34.74871],[-82.39294,34.74617],[-82.38877,34.72698],[-82.36332,34.73418],[-82.35341,34.73381],[-82.34831,34.73706],[-82.3553,34.74613],[-82.35007,34.74788],[-82.33192,34.74859],[-82.33132,34.744],[-82.32281,34.73554],[-82.32532,34.7288],[-82.3172,34.73542],[-82.31185,34.74199],[-82.30523,34.74575],[-82.30374,34.75436],[-82.29535,34.76448],[-82.28613,34.75397],[-82.28167,34.76156],[-82.27412,34.76886],[-82.27345,34.77564],[-82.27688,34.77949],[-82.26922,34.78232],[-82.26515,34.78685],[-82.25618,34.7874],[-82.2345,34.79491],[-82.22377,34.79422],[-82.21923,34.78828],[-82.20762,34.79353],[-82.20163,34.78944],[-82.19281,34.78863],[-82.18664,34.78593],[-82.17575,34.78674],[-82.17146,34.78182],[-82.16053,34.78701],[-82.15419,34.78456],[-82.15298,34.7875],[-82.1595,34.79031],[-82.16518,34.79654],[-82.17016,34.80263],[-82.1747,34.812],[-82.19578,34.83501],[-82.21067,34.84276],[-82.21105,34.84508],[-82.21944,34.85339],[-82.22609,34.85661],[-82.22582,34.87148],[-82.23487,34.86788],[-82.24931,34.8626],[-82.25952,34.86655],[-82.26674,34.87398],[-82.27844,34.87941],[-82.28776,34.88129],[-82.29691,34.88537],[-82.29853,34.89431],[-82.31346,34.8965],[-82.32043,34.904],[-82.31617,34.91321],[-82.32077,34.92548],[-82.32606,34.9277],[-82.33375,34.93903],[-82.32787,34.94331],[-82.32166,34.94438],[-82.32827,34.95172],[-82.33598,34.95298],[-82.34129,34.95787],[-82.34285,34.96428],[-82.36212,34.96838],[-82.37032,34.96661],[-82.38115,34.96],[-82.38168,34.95659],[-82.39308,34.96547],[-82.3993,34.96771],[-82.40623,34.96661],[-82.41582,34.96852],[-82.42896,34.9638],[-82.43173,34.96403],[-82.43873,34.9566],[-82.43951,34.95082],[-82.45848,34.95013],[-82.46509,34.94091],[-82.47093,34.94704],[-82.47747,34.94683],[-82.48408,34.94997],[-82.4918,34.94554],[-82.49317,34.9362],[-82.4955,34.93383],[-82.50387,34.93629],[-82.50872,34.9284],[-82.51585,34.92601]]]},"properties":{"STATEFP":"45","COUNTYFP":"045","COUSUBFP":"91365","COUSUBNS":"01938285","GEOIDFQ":"0600000US4504591365","GEOID":"4504591365","NAME":"Greenville","NAMELSAD":"Greenville CCD","STUSPS":"SC","NAMELSADCO":"Greenville County","STATE_NAME":"South Carolina","LSAD":"22","ALAND":481423034,"AWATER":4405237}},
{"type":"Feature","geometry":{"type":"Polygon","coordinates":[[[-82.45237,35.1738],[-82.45844,35.17339],[-82.46829,35.16879],[-82.48374,35.15848],[-82.48586,35.15392],[-82.49417,35.15017],[-82.50229,35.14458],[-82.51783,35.13014],[-82.52007,35.12513],[-82.52622,35.12698],[-82.53526,35.1225],[-82.54891,35.11389],[-82.54805,35.10047],[-82.54159,35.09252],[-82.54378,35.08887],[-82.53765,35.07881],[-82.53039,35.07294],[-82.51601,35.06985],[-82.5072,35.0782],[-82.48964,35.08404],[-82.48302,35.08367],[-82.47368,35.08554],[-82.46452,35.08303],[-82.46821,35.07288],[-82.47734,35.06733],[-82.48054,35.0584],[-82.47842,35.04902],[-82.46529,35.03681],[-82.4704,35.03337],[-82.46224,35.03405],[-82.45319,35.03724],[-82.44093,35.04435],[-82.43171,35.04241],[-82.42372,35.03131],[-82.41381,35.03147],[-82.40557,35.02599],[-82.39708,35.02395],[-82.3923,35.02043],[-82.38257,35.01756],[-82.36824,35.01039],[-82.35548,34.99996],[-82.34536,34.99378],[-82.34785,34.9996],[-82.34556,35.00998],[-82.33347,35.02172],[-82.31558,35.02743],[-82.32307,35.03328],[-82.33038,35.04224],[-82.35547,35.05454],[-82.36411,35.0632],[-82.36193,35.06614],[-82.3619,35.07689],[-82.36908,35.08403],[-82.37179,35.09473],[-82.37256,35.1034],[-82.37949,35.11229],[-82.37644,35.12111],[-82.38007,35.12771],[-82.38836,35.13112],[-82.39535,35.13134],[-82.4102,35.13544],[-82.40321,35.14516],[-82.39101,35.15264],[-82.37861,35.15634],[-82.37338,35.15965],[-82.37062,35.16558],[-82.35927,35.16785],[-82.35497,35.17228],[-82.34988,35.17009],[-82.33415,35.17289],[-82.32358,35.17818],[-82.31696,35.17983],[-82.29873,35.19118],[-82.29268,35.19637],[-82.29535,35.19497],[-82.31587,35.19068],[-82.32335,35.18479],[-82.33801,35.18901],[-82.34455,35.19312],[-82.36147,35.19083],[-82.3643,35.18473],[-82.3713,35.18145],[-82.38222,35.18959],[-82.37874,35.19805],[-82.38403,35.21054],[-82.39044,35.2154],[-82.3957,35.21321],[-82.40335,35.20447],[-82.41974,35.19861],[-82.42446,35.19309],[-82.43067,35.1783],[-82.43185,35.17272],[-82.43959,35.16586],[-82.45764,35.16684],[-82.45237,35.1738]]]},"properties":{"STATEFP":"45","COUNTYFP":"045","COUSUBFP":"93393","COUSUBNS":"01938442","GEOIDFQ":"0600000US4504593393","GEOID":"4504593393","NAME":"Tigerville","NAMELSAD":"Tigerville CCD","STUSPS":"SC","NAMELSADCO":"Greenville County","STATE_NAME":"South Carolina","LSAD":"22","ALAND":222810981,"AWATER":4526792}},
{"type":"Feature","geometry":{"type":"Polygon","coordinates":[[[-80.87216,32.90228],[-80.87499,32.90587],[-80.87482,32.92593],[-80.86978,32.93182],[-80.87415,32.93579],[-80.87718,32.94457],[-80.87705,32.95091],[-80.87198,32.96185],[-80.87495,32.97182],[-80.87823,32.97448],[-80.87626,32.98094],[-80.8729,32.98298],[-80.87018,32.9895],[-80.86958,32.9985],[-80.86667,33.0012],[-80.87117,33.01178],[-80.87869,33.02111],[-80.88384,33.0305],[-80.88968,33.03699],[-80.89561,33.04108],[-80.90356,33.05308],[-80.90602,33.06023],[-80.90745,33.066],[-80.9161,33.07189],[-80.91932,33.08127],[-80.92705,33.08576],[-80.93009,33.09085],[-80.93163,33.09826],[-80.93716,33.10258],[-81.08229,33.02663],[-81.07856,33.02117],[-81.06944,33.01497],[-81.06466,33.01361],[-81.06355,33.00697],[-81.05555,33.00189],[-81.0555,32.99429],[-81.05326,32.98956],[-81.04453,32.98562],[-81.02963,32.97391],[-81.02702,32.9665],[-81.02059,32.96396],[-81.01901,32.95873],[-81.01346,32.95484],[-81.01404,32.95119],[-81.00989,32.94476],[-81.00956,32.94013],[-80.99934,32.93125],[-80.99472,32.91746],[-80.98997,32.91338],[-80.9872,32.90107],[-80.97651,32.89723],[-80.96847,32.89057],[-80.95768,32.87612],[-80.94554,32.87636],[-80.93785,32.86706],[-80.93303,32.86603],[-80.91652,32.85084],[-80.9146,32.84452],[-80.90006,32.83263],[-80.89944,32.8252],[-80.89574,32.81527],[-80.89578,32.81059],[-80.89214,32.8057],[-80.88326,32.79821],[-80.87995,32.79206],[-80.88175,32.81547],[-80.87814,32.82615],[-80.88358,32.8305],[-80.8873,32.83757],[-80.88793,32.84587],[-80.88219,32.8557],[-80.88081,32.86221],[-80.87527,32.86424],[-80.87449,32.86848],[-80.86949,32.87245],[-80.87301,32.87702],[-80.87119,32.88259],[-80.86947,32.89862],[-80.87216,32.90228]]]},"properties":{"STATEFP":"45","COUNTYFP":"029","COUSUBFP":"92002","COUSUBNS":"01938335","GEOIDFQ":"0600000US4502992002","GEOID":"4502992002","NAME":"Lodge","NAMELSAD":"Lodge CCD","STUSPS":"SC","NAMELSADCO":"Colleton County","STATE_NAME":"South Carolina","LSAD":"22","ALAND":327814086,"AWATER":141420}},
{"type":"Feature","geometry":{"type":"Polygon","coordinates":[[[-80.62404,32.76549],[-80.61667,32.76646],[-80.61255,32.77055],[-80.6045,32.77257],[-80.59828,32.76847],[-80.59142,32.76741],[-80.58296,32.76906],[-80.57659,32.76467],[-80.56675,32.76215],[-80.56422,32.75397],[-80.55808,32.74634],[-80.55444,32.74888],[-80.55284,32.75493],[-80.54912,32.75619],[-80.54223,32.76533],[-80.54245,32.77053],[-80.53317,32.7785],[-80.53246,32.78435],[-80.52861,32.78863],[-80.5304,32.79731],[-80.5362,32.80323],[-80.53191,32.80726],[-80.53193,32.81289],[-80.53071,32.81615],[-80.53964,32.82525],[-80.54604,32.83411],[-80.5449,32.83831],[-80.54617,32.8715],[-80.551,32.87683],[-80.55233,32.88478],[-80.55184,32.89436],[-80.55697,32.90515],[-80.55379,32.91173],[-80.55295,32.91844],[-80.55876,32.92607],[-80.57882,32.93721],[-80.58075,32.94037],[-80.57943,32.94739],[-80.58248,32.96213],[-80.57589,32.9743],[-80.56947,32.97654],[-80.56515,32.98101],[-80.55248,32.98743],[-80.55498,32.99084],[-80.56712,32.99797],[-80.56155,33.0078],[-80.55297,33.0133],[-80.54081,33.02397],[-80.53347,33.0357],[-80.52176,33.0517],[-80.52447,33.0615],[-80.53201,33.06965],[-80.53753,33.06694],[-80.54744,33.06575],[-80.5445,33.06224],[-80.5503,33.05833],[-80.55321,33.06193],[-80.57848,33.05725],[-80.59149,33.05782],[-80.59503,33.05988],[-80.62381,33.06693],[-80.62773,33.06952],[-80.63219,33.0777],[-80.64693,33.08554],[-80.65322,33.09317],[-80.65798,33.09226],[-80.65961,33.0976],[-80.66508,33.09945],[-80.67357,33.10802],[-80.67327,33.11224],[-80.67825,33.11565],[-80.68117,33.12445],[-80.68502,33.125],[-80.69369,33.12318],[-80.70145,33.11891],[-80.70499,33.11299],[-80.72171,33.10712],[-80.74068,33.10467],[-80.75208,33.09902],[-80.76025,33.09356],[-80.76967,33.09122],[-80.77067,33.0853],[-80.7678,33.08308],[-80.7716,33.07496],[-80.77594,33.07209],[-80.7753,33.06428],[-80.77925,33.05876],[-80.78648,33.05551],[-80.78818,33.05172],[-80.79454,33.04806],[-80.80042,33.0276],[-80.80779,33.02073],[-80.81373,33.01752],[-80.82036,33.01862],[-80.83334,33.01247],[-80.83944,33.00754],[-80.85667,33.00519],[-80.86667,33.0012],[-80.86958,32.9985],[-80.87018,32.9895],[-80.8729,32.98298],[-80.87626,32.98094],[-80.87823,32.97448],[-80.87495,32.97182],[-80.87198,32.96185],[-80.87705,32.95091],[-80.87718,32.94457],[-80.87415,32.93579],[-80.86978,32.93182],[-80.87482,32.92593],[-80.87499,32.90587],[-80.87216,32.90228],[-80.84702,32.91351],[-80.84147,32.91822],[-80.83549,32.92789],[-80.82188,32.92524],[-80.81033,32.92868],[-80.80191,32.92785],[-80.79989,32.92269],[-80.78889,32.92206],[-80.78661,32.92561],[-80.77953,32.92985],[-80.77138,32.93144],[-80.76617,32.92937],[-80.74206,32.92515],[-80.73988,32.92822],[-80.72688,32.92395],[-80.725,32.91997],[-80.71734,32.91424],[-80.71305,32.91335],[-80.69892,32.9038],[-80.6899,32.8945],[-80.6845,32.89337],[-80.68193,32.88814],[-80.67611,32.86951],[-80.67622,32.86477],[-80.66762,32.85574],[-80.6645,32.84458],[-80.66455,32.83901],[-80.66765,32.83239],[-80.66662,32.82536],[-80.67026,32.82172],[-80.67248,32.81361],[-80.66967,32.80009],[-80.66253,32.79035],[-80.65177,32.7854],[-80.64651,32.78569],[-80.63615,32.77992],[-80.63574,32.77524],[-80.63995,32.76835],[-80.63602,32.7661],[-80.62404,32.76549]]]},"properties":{"STATEFP":"45","COUNTYFP":"029","COUSUBFP":"93601","COUSUBNS":"01938458","GEOIDFQ":"0600000US4502993601","GEOID":"4502993601","NAME":"Walterboro","NAMELSAD":"Walterboro CCD","STUSPS":"SC","NAMELSADCO":"Colleton County","STATE_NAME":"South Carolina","LSAD":"22","ALAND":688685284,"AWATER":1625574}},
{"type":"Feature","geometry":{"type":"Polygon","coordinates":[[[-79.48203,33.9661],[-79.48627,33.96864],[-79.49609,33.96926],[-79.49978,33.97127],[-79.50573,33.97918],[-79.50947,33.98772],[-79.51694,33.99398],[-79.51127,34.00016],[-79.50898,34.00637],[-79.51283,34.01376],[-79.51078,34.01978],[-79.51345,34.03285],[-79.51124,34.03794],[-79.51305,34.04675],[-79.51693,34.04783],[-79.52149,34.05553],[-79.52121,34.0603],[-79.5269,34.06288],[-79.52825,34.07097],[-79.53551,34.07355],[-79.53028,34.07926],[-79.53086,34.09449],[-79.52906,34.10025],[-79.5198,34.10244],[-79.51861,34.11141],[-79.52244,34.11231],[-79.52377,34.11837],[-79.51721,34.12677],[-79.5271,34.12479],[-79.53248,34.12631],[-79.5342,34.1368],[-79.54162,34.13917],[-79.5445,34.14378],[-79.54396,34.1517],[-79.55551,34.15951],[-79.56191,34.17007],[-79.56898,34.17509],[-79.57183,34.18369],[-79.56899,34.19045],[-79.55954,34.19846],[-79.55067,34.20136],[-79.54852,34.2041],[-79.59458,34.20046],[-79.58221,34.19109],[-79.58138,34.18528],[-79.5924,34.17562],[-79.59692,34.16856],[-79.60177,34.15276],[-79.60518,34.15052],[-79.60327,34.1458],[-79.61482,34.14155],[-79.62039,34.14165],[-79.6286,34.13503],[-79.63925,34.1381],[-79.64523,34.13762],[-79.65448,34.14106],[-79.65539,34.14341],[-79.67239,34.15116],[-79.67381,34.15353],[-79.69174,34.15746],[-79.69462,34.16038],[-79.70562,34.159],[-79.70869,34.16023],[-79.72848,34.15596],[-79.75058,34.13856],[-79.75929,34.13959],[-79.75328,34.05172],[-79.74927,34.05151],[-79.73791,34.04446],[-79.73167,34.04224],[-79.7217,34.03461],[-79.71741,34.02978],[-79.71325,34.01998],[-79.70145,34.01485],[-79.70148,34.01098],[-79.69658,33.99823],[-79.69143,33.99467],[-79.69399,33.98947],[-79.68843,33.98749],[-79.68257,33.9768],[-79.68231,33.97009],[-79.67846,33.96977],[-79.67761,33.96322],[-79.68206,33.95955],[-79.67846,33.95559],[-79.68437,33.95341],[-79.68638,33.94696],[-79.67921,33.93401],[-79.66552,33.92961],[-79.65673,33.92006],[-79.65616,33.91264],[-79.64765,33.90579],[-79.64484,33.90886],[-79.63963,33.90207],[-79.63537,33.89983],[-79.62634,33.88727],[-79.6253,33.88269],[-79.61657,33.87713],[-79.61045,33.87633],[-79.60473,33.87181],[-79.59861,33.8712],[-79.59009,33.86588],[-79.59059,33.86169],[-79.57554,33.85604],[-79.56813,33.86105],[-79.5537,33.85994],[-79.54831,33.85694],[-79.54584,33.85226],[-79.53938,33.85048],[-79.53498,33.85304],[-79.53502,33.85825],[-79.5398,33.87233],[-79.53642,33.87724],[-79.53568,33.88597],[-79.52858,33.8878],[-79.52842,33.89404],[-79.51963,33.89876],[-79.51192,33.90608],[-79.50674,33.91382],[-79.50935,33.91863],[-79.50881,33.92421],[-79.48917,33.93014],[-79.48705,33.93178],[-79.50154,33.94506],[-79.49683,33.94458],[-79.49279,33.94848],[-79.49201,33.9526],[-79.48326,33.95984],[-79.48203,33.9661]]]},"properties":{"STATEFP":"45","COUNTYFP":"041","COUSUBFP":"92548","COUSUBNS":"01938377","GEOIDFQ":"0600000US4504192548","GEOID":"4504192548","NAME":"Pamplico","NAMELSAD":"Pamplico CCD","STUSPS":"SC","NAMELSADCO":"Florence County","STATE_NAME":"South Carolina","LSAD":"22","ALAND":561091570,"AWATER":2889263}},
{"type":"Feature","geometry":{"type":"Polygon","coordinates":[[[-79.05655,33.99386],[-79.06637,34.00986],[-79.07185,34.01666],[-79.07912,34.02965],[-79.08146,34.03728],[-79.08101,34.04509],[-79.07733,34.06263],[-79.06385,34.06634],[-79.06058,34.06868],[-79.06295,34.07384],[-79.07435,34.0723],[-79.09836,34.08315],[-79.11218,34.08324],[-79.12531,34.08702],[-79.14369,34.08944],[-79.14854,34.08656],[-79.15644,34.08626],[-79.17669,34.09346],[-79.18487,34.09428],[-79.19918,34.08771],[-79.21594,34.08755],[-79.22772,34.08241],[-79.22995,34.08745],[-79.2239,34.08954],[-79.22379,34.09957],[-79.21945,34.10536],[-79.2209,34.10774],[-79.2301,34.10882],[-79.23456,34.10078],[-79.24312,34.09752],[-79.24394,34.09322],[-79.25013,34.09037],[-79.24938,34.08506],[-79.24533,34.07801],[-79.23991,34.07849],[-79.24296,34.06796],[-79.24827,34.06644],[-79.24776,34.05708],[-79.25815,34.05406],[-79.25752,34.05071],[-79.26916,34.04408],[-79.27414,34.04405],[-79.27805,34.03957],[-79.28303,34.03822],[-79.28795,34.03306],[-79.29395,34.03572],[-79.30234,34.03222],[-79.30773,34.02599],[-79.30424,34.02283],[-79.30507,34.01655],[-79.30914,34.00513],[-79.31444,34.00062],[-79.32731,33.99819],[-79.33246,33.995],[-79.3313,33.97899],[-79.33624,33.97451],[-79.33862,33.96862],[-79.33506,33.96413],[-79.33086,33.95853],[-79.33344,33.95272],[-79.32674,33.95249],[-79.32302,33.94896],[-79.31161,33.94419],[-79.31445,33.9413],[-79.31467,33.93403],[-79.31054,33.92655],[-79.31235,33.91823],[-79.30357,33.91397],[-79.29909,33.90707],[-79.28637,33.89524],[-79.28307,33.90072],[-79.2636,33.89247],[-79.26385,33.88632],[-79.25623,33.87165],[-79.2493,33.86346],[-79.2361,33.86102],[-79.22902,33.86315],[-79.20038,33.86197],[-79.19116,33.86896],[-79.19039,33.87422],[-79.18076,33.88002],[-79.17515,33.88055],[-79.16515,33.885],[-79.16022,33.8854],[-79.14975,33.88993],[-79.14193,33.89487],[-79.13852,33.89451],[-79.132,33.90406],[-79.13507,33.91644],[-79.13077,33.9202],[-79.13176,33.93228],[-79.09656,33.9412],[-79.09988,33.94409],[-79.09982,33.95005],[-79.09656,33.95688],[-79.09754,33.97608],[-79.08825,33.98159],[-79.06674,33.9921],[-79.05655,33.99386]]]},"properties":{"STATEFP":"45","COUNTYFP":"051","COUSUBFP":"90117","COUSUBNS":"01938189","GEOIDFQ":"0600000US4505190117","GEOID":"4505190117","NAME":"Aynor","NAMELSAD":"Aynor CCD","STUSPS":"SC","NAMELSADCO":"Horry County","STATE_NAME":"South Carolina","LSAD":"22","ALAND":435007743,"AWATER":2610296}},
{"type":"Feature","geometry":{"type":"Polygon","coordinates":[[[-81.05954,33.35887],[-81.09202,33.34687],[-81.10195,33.32685],[-81.1,33.315],[-81.07558,33.30856],[-81.08077,33.3005],[-81.06651,33.28901],[-81.074,33.28406],[-81.08241,33.27577],[-81.08901,33.27358],[-81.09785,33.26692],[-81.10366,33.26435],[-81.09586,33.24725],[-81.09325,33.23708],[-81.09593,33.2327],[-81.09815,33.22163],[-81.1008,33.21768],[-81.0886,33.21159],[-81.08413,33.2076],[-81.06964,33.20104],[-81.06256,33.19354],[-81.04513,33.17707],[-81.04246,33.17195],[-81.03225,33.16004],[-81.01953,33.15481],[-81.00847,33.15436],[-80.99237,33.15742],[-80.97403,33.16491],[-80.9599,33.16231],[-80.95377,33.1572],[-80.95192,33.1512],[-80.94397,33.14749],[-80.94358,33.14169],[-80.94009,33.13272],[-80.93665,33.12938],[-80.92391,33.13123],[-80.91541,33.14233],[-80.91518,33.14778],[-80.91206,33.15549],[-80.91348,33.16383],[-80.90455,33.16901],[-80.88113,33.16655],[-80.87174,33.1625],[-80.86531,33.15782],[-80.84906,33.14938],[-80.79791,33.17694],[-80.8036,33.17776],[-80.80837,33.18305],[-80.81701,33.18749],[-80.81722,33.19535],[-80.82475,33.20161],[-80.83464,33.20353],[-80.84391,33.2121],[-80.84176,33.22009],[-80.84541,33.22477],[-80.84615,33.23833],[-80.8558,33.23771],[-80.85572,33.24518],[-80.86298,33.24582],[-80.86911,33.24907],[-80.87023,33.25305],[-80.87795,33.25502],[-80.88788,33.26054],[-80.88711,33.26418],[-80.89226,33.26839],[-80.90349,33.27284],[-80.90317,33.27497],[-80.91546,33.28319],[-80.91842,33.28337],[-80.92422,33.29019],[-80.94876,33.30805],[-80.96391,33.31098],[-80.96701,33.31654],[-80.97625,33.31773],[-80.98188,33.3213],[-80.98534,33.32702],[-80.99133,33.32975],[-80.99604,33.32876],[-81.00269,33.33215],[-81.00476,33.33635],[-81.01369,33.33866],[-81.01831,33.33697],[-81.02467,33.33891],[-81.03103,33.34886],[-81.04478,33.34799],[-81.05541,33.35396],[-81.05954,33.35887]]]},"properties":{"STATEFP":"45","COUNTYFP":"009","COUSUBFP":"90130","COUSUBNS":"01938190","GEOIDFQ":"0600000US4500990130","GEOID":"4500990130","NAME":"Bamberg","NAMELSAD":"Bamberg CCD","STUSPS":"SC","NAMELSADCO":"Bamberg County","STATE_NAME":"South Carolina","LSAD":"22","ALAND":380366888,"AWATER":2987147}},
{"type":"Feature","geometry":{"type":"Polygon","coordinates":[[[-80.98742,32.72629],[-80.99841,32.73616],[-80.99844,32.74077],[-80.99448,32.74521],[-80.99042,32.75631],[-80.99075,32.7652],[-80.99477,32.7772],[-80.98798,32.7868],[-80.97715,32.79197],[-80.967,32.79346],[-80.96156,32.7972],[-80.94947,32.79931],[-80.93623,32.80034],[-80.92579,32.80311],[-80.9201,32.79667],[-80.91533,32.79406],[-80.90175,32.79302],[-80.89359,32.79048],[-80.87995,32.79206],[-80.88326,32.79821],[-80.89214,32.8057],[-80.89578,32.81059],[-80.89574,32.81527],[-80.89944,32.8252],[-80.90006,32.83263],[-80.9146,32.84452],[-80.91652,32.85084],[-80.93303,32.86603],[-80.93785,32.86706],[-80.94554,32.87636],[-80.95768,32.87612],[-80.96847,32.89057],[-80.97651,32.89723],[-80.9872,32.90107],[-80.98997,32.91338],[-80.99472,32.91746],[-80.99934,32.93125],[-81.00956,32.94013],[-81.00989,32.94476],[-81.01404,32.95119],[-81.01346,32.95484],[-81.01901,32.95873],[-81.02059,32.96396],[-81.02702,32.9665],[-81.02963,32.97391],[-81.04453,32.98562],[-81.05326,32.98956],[-81.05558,32.98326],[-81.06646,32.99333],[-81.07803,32.98333],[-81.08155,32.97669],[-81.10864,32.97361],[-81.10266,32.95781],[-81.10696,32.95008],[-81.11177,32.95444],[-81.11689,32.95158],[-81.12422,32.95143],[-81.12921,32.94831],[-81.13382,32.93802],[-81.14073,32.93352],[-81.1357,32.91656],[-81.13959,32.91591],[-81.14863,32.91887],[-81.15631,32.9182],[-81.15969,32.91485],[-81.15438,32.90781],[-81.16411,32.89902],[-81.164,32.88589],[-81.16769,32.87899],[-81.1709,32.86286],[-81.16276,32.85669],[-81.15492,32.84116],[-81.1461,32.83655],[-81.13495,32.83902],[-81.12811,32.83481],[-81.12282,32.82905],[-81.10251,32.81949],[-81.09103,32.80835],[-81.08458,32.80705],[-81.07658,32.8028],[-81.06591,32.8009],[-81.06191,32.79851],[-81.04947,32.79495],[-81.04231,32.78139],[-81.03537,32.77797],[-81.03293,32.77226],[-81.02721,32.76731],[-81.02367,32.76146],[-81.0268,32.75436],[-81.02927,32.74161],[-81.01462,32.75306],[-81.0123,32.74624],[-81.00291,32.73984],[-80.99534,32.73055],[-80.98742,32.72629]]]},"properties":{"STATEFP":"45","COUNTYFP":"049","COUSUBFP":"91430","COUSUBNS":"01938290","GEOIDFQ":"0600000US4504991430","GEOID":"4504991430","NAME":"Hampton-Varnville","NAMELSAD":"Hampton-Varnville CCD","STUSPS":"SC","NAMELSADCO":"Hampton County","STATE_NAME":"South Carolina","LSAD":"22","ALAND":358533874,"AWATER":214874}},
{"type":"Feature","geometry":{"type":"Polygon","coordinates":[[[-79.4467,33.21346],[-79.45541,33.21955],[-79.45172,33.22541],[-79.45873,33.23522],[-79.46578,33.23154],[-79.47248,33.23909],[-79.4787,33.23508],[-79.4834,33.23693],[-79.47808,33.24327],[-79.48264,33.24592],[-79.48904,33.23684],[-79.49399,33.23603],[-79.51014,33.24346],[-79.52328,33.24588],[-79.53542,33.24961],[-79.53704,33.25291],[-79.54656,33.25599],[-79.54976,33.26498],[-79.55556,33.26136],[-79.56102,33.26232],[-79.55767,33.26859],[-79.56225,33.27252],[-79.57785,33.27479],[-79.59555,33.27929],[-79.60657,33.27932],[-79.61258,33.28515],[-79.63099,33.29293],[-79.6476,33.29616],[-79.66425,33.29832],[-79.67701,33.30494],[-79.68939,33.31076],[-79.6993,33.31763],[-79.70628,33.31833],[-79.70958,33.32125],[-79.7192,33.31863],[-79.72683,33.32212],[-79.73211,33.31999],[-79.74115,33.32231],[-79.74885,33.31873],[-79.75716,33.30991],[-79.76262,33.30983],[-79.75879,33.29851],[-79.76764,33.29211],[-79.77034,33.28663],[-79.76317,33.27167],[-79.76456,33.26675],[-79.7591,33.25343],[-79.76523,33.23954],[-79.76211,33.2321],[-79.77201,33.22088],[-79.78008,33.21578],[-79.78154,33.2106],[-79.78815,33.20199],[-79.80345,33.21332],[-79.8114,33.21723],[-79.82239,33.21923],[-79.83852,33.22825],[-79.84263,33.23471],[-79.85419,33.24644],[-79.86044,33.24959],[-79.86678,33.2569],[-79.88511,33.25561],[-79.89708,33.2519],[-79.91166,33.25557],[-79.91359,33.25089],[-79.92069,33.24192],[-79.92736,33.2379],[-79.9286,33.22978],[-79.93307,33.22165],[-79.93089,33.21369],[-79.93503,33.20884],[-79.94446,33.20244],[-79.94767,33.19692],[-79.95336,33.1956],[-79.97008,33.18636],[-79.98265,33.16451],[-79.99156,33.15873],[-79.99404,33.15174],[-79.99157,33.14692],[-79.9814,33.14541],[-79.9761,33.14055],[-79.97103,33.12952],[-79.96551,33.12604],[-79.96621,33.1212],[-79.95533,33.11532],[-79.95538,33.10867],[-79.95225,33.10565],[-79.95342,33.09842],[-79.94971,33.09396],[-79.94543,33.09527],[-79.93476,33.08968],[-79.94161,33.08526],[-79.93893,33.07912],[-79.93371,33.07882],[-79.92744,33.0819],[-79.92513,33.07772],[-79.93032,33.07238],[-79.92844,33.06438],[-79.92255,33.06719],[-79.91674,33.0636],[-79.90952,33.06196],[-79.89952,33.06585],[-79.89399,33.06201],[-79.8899,33.06773],[-79.8831,33.06806],[-79.87151,33.07493],[-79.86785,33.0704],[-79.86064,33.07047],[-79.84887,33.08517],[-79.82828,33.09468],[-79.82436,33.10108],[-79.81171,33.09961],[-79.80656,33.09011],[-79.79828,33.08573],[-79.78984,33.08326],[-79.78598,33.07885],[-79.77473,33.07467],[-79.76844,33.06422],[-79.75924,33.05171],[-79.75388,33.0464],[-79.73563,33.03756],[-79.73546,33.02779],[-79.73088,33.02068],[-79.72649,33.01998],[-79.72175,33.03067],[-79.71233,33.04217],[-79.70303,33.04593],[-79.69867,33.05499],[-79.69183,33.06015],[-79.67465,33.08046],[-79.6605,33.09083],[-79.65546,33.10082],[-79.64772,33.11161],[-79.64686,33.11789],[-79.64233,33.12439],[-79.63431,33.12903],[-79.62804,33.12888],[-79.62091,33.13598],[-79.61227,33.13845],[-79.60909,33.13312],[-79.60286,33.13378],[-79.59793,33.14203],[-79.58684,33.14684],[-79.57013,33.15047],[-79.56229,33.15633],[-79.55052,33.15543],[-79.54618,33.15335],[-79.54197,33.14731],[-79.53391,33.14375],[-79.52196,33.1467],[-79.51821,33.14908],[-79.51205,33.15808],[-79.513,33.16616],[-79.50835,33.16788],[-79.50183,33.17811],[-79.49754,33.17699],[-79.49656,33.18515],[-79.49282,33.19182],[-79.48637,33.19237],[-79.47796,33.20302],[-79.47729,33.20887],[-79.47097,33.2104],[-79.46244,33.2075],[-79.45485,33.21009],[-79.45029,33.20733],[-79.4467,33.21346]]]},"properties":{"STATEFP":"45","COUNTYFP":"015","COUSUBFP":"90754","COUSUBNS":"01938238","GEOIDFQ":"0600000US4501590754","GEOID":"4501590754","NAME":"Cordesville","NAMELSAD":"Cordesville CCD","STUSPS":"SC","NAMELSADCO":"Berkeley County","STATE_NAME":"South Carolina","LSAD":"22","ALAND":819151098,"AWATER":8546861}},
{"type":"Feature","geometry":{"type":"Polygon","coordinates":[[[-82.14167,34.47826],[-82.14585,34.47462],[-82.13951,34.4722],[-82.13976,34.46624],[-82.13438,34.45735],[-82.13314,34.45185],[-82.12535,34.4441],[-82.12024,34.43584],[-82.11325,34.43451],[-82.10843,34.41425],[-82.10282,34.41582],[-82.08176,34.41154],[-82.07637,34.41368],[-82.05956,34.41102],[-82.05236,34.41345],[-82.04743,34.41995],[-82.04216,34.41591],[-82.03524,34.41884],[-82.02286,34.40666],[-82.01258,34.39998],[-82.00443,34.39672],[-81.99449,34.39766],[-81.98322,34.40044],[-81.97662,34.39847],[-81.96399,34.38766],[-81.96266,34.3839],[-81.95466,34.37629],[-81.94763,34.38347],[-81.94321,34.39089],[-81.93983,34.3978],[-81.92971,34.40402],[-81.93064,34.40676],[-81.93779,34.40931],[-81.93934,34.41524],[-81.93879,34.42365],[-81.94044,34.4337],[-81.93214,34.45407],[-81.94099,34.45846],[-81.94508,34.4632],[-81.94395,34.47362],[-81.94468,34.48013],[-81.9376,34.47865],[-81.93965,34.48951],[-81.9341,34.49516],[-81.93706,34.50973],[-81.94204,34.51322],[-81.94286,34.51883],[-81.9367,34.52718],[-81.92615,34.53644],[-81.91539,34.53808],[-81.90541,34.54124],[-81.89853,34.54647],[-81.89673,34.55287],[-81.89768,34.5597],[-81.89513,34.56237],[-81.90366,34.5692],[-81.91174,34.57363],[-81.92123,34.58108],[-81.91612,34.58822],[-81.91495,34.60465],[-81.91186,34.60893],[-81.91977,34.61201],[-81.92648,34.61821],[-81.92767,34.62485],[-81.93788,34.63596],[-81.94148,34.6338],[-81.94389,34.64347],[-81.95185,34.64954],[-81.95728,34.64892],[-81.97071,34.65041],[-81.97142,34.65851],[-81.98828,34.65942],[-81.99085,34.66173],[-82.00464,34.66235],[-82.0123,34.66859],[-82.01323,34.66424],[-82.01069,34.65497],[-82.02751,34.65593],[-82.03187,34.65021],[-82.02691,34.63703],[-82.03689,34.62129],[-82.03675,34.6],[-82.03544,34.59324],[-82.04237,34.59107],[-82.0482,34.58491],[-82.05554,34.58361],[-82.05697,34.57747],[-82.08755,34.56976],[-82.08635,34.56697],[-82.09229,34.5605],[-82.0979,34.56041],[-82.10221,34.55532],[-82.10767,34.55438],[-82.11065,34.54316],[-82.12329,34.53452],[-82.12838,34.52728],[-82.12894,34.52222],[-82.13684,34.50438],[-82.13779,34.49397],[-82.14042,34.48641],[-82.13766,34.4824],[-82.14167,34.47826]]]},"properties":{"STATEFP":"45","COUNTYFP":"059","COUSUBFP":"91924","COUSUBNS":"01938329","GEOIDFQ":"0600000US4505991924","GEOID":"4505991924","NAME":"Laurens","NAMELSAD":"Laurens CCD","STUSPS":"SC","NAMELSADCO":"Laurens County","STATE_NAME":"South Carolina","LSAD":"22","ALAND":423365519,"AWATER":2131715}},
{"type":"Feature","geometry":{"type":"Polygon","coordinates":[[[-81.75519,34.93061],[-81.74924,34.92991],[-81.73472,34.93279],[-81.72889,34.92237],[-81.72382,34.91756],[-81.71409,34.91286],[-81.70707,34.91175],[-81.70346,34.90672],[-81.69245,34.90662],[-81.68701,34.91215],[-81.66363,34.89868],[-81.65195,34.90199],[-81.64451,34.8962],[-81.64069,34.88134],[-81.62908,34.87673],[-81.62674,34.87434],[-81.6116,34.87615],[-81.60698,34.87756],[-81.59839,34.8848],[-81.59472,34.88399],[-81.5872,34.88745],[-81.57954,34.88267],[-81.54353,34.86989],[-81.53747,34.87332],[-81.53116,34.86918],[-81.52346,34.87377],[-81.52274,34.87729],[-81.51487,34.87713],[-81.50406,34.87188],[-81.49965,34.86775],[-81.49365,34.8691],[-81.48194,34.8665],[-81.48476,34.86168],[-81.47612,34.85175],[-81.46583,34.84668],[-81.45714,34.83925],[-81.45328,34.84633],[-81.46208,34.8529],[-81.47001,34.86891],[-81.47293,34.89191],[-81.47781,34.89623],[-81.47815,34.90143],[-81.48831,34.91189],[-81.49746,34.9148],[-81.49707,34.91947],[-81.50985,34.91505],[-81.51529,34.92177],[-81.52149,34.92184],[-81.52858,34.9286],[-81.53973,34.9316],[-81.54616,34.92821],[-81.5567,34.92922],[-81.56273,34.92528],[-81.56821,34.92766],[-81.57756,34.92539],[-81.58323,34.9261],[-81.59255,34.93382],[-81.5911,34.93874],[-81.59603,34.94007],[-81.60226,34.9454],[-81.6088,34.94375],[-81.61011,34.94776],[-81.61611,34.94753],[-81.61734,34.94386],[-81.62725,34.94696],[-81.63454,34.95119],[-81.64412,34.95258],[-81.64639,34.94926],[-81.66259,34.95392],[-81.67404,34.96067],[-81.6767,34.96639],[-81.68298,34.97228],[-81.68223,34.98125],[-81.69272,34.99204],[-81.69963,34.99435],[-81.70166,35.00589],[-81.70656,35.01251],[-81.71368,35.01622],[-81.71582,35.02263],[-81.72536,35.01639],[-81.74376,35.01711],[-81.74976,35.01528],[-81.78233,35.01833],[-81.78682,35.02146],[-81.78567,35.01933],[-81.75519,34.93061]]]},"properties":{"STATEFP":"45","COUNTYFP":"021","COUSUBFP":"93042","COUSUBNS":"01938415","GEOIDFQ":"0600000US4502193042","GEOID":"4502193042","NAME":"Saratt","NAMELSAD":"Saratt CCD","STUSPS":"SC","NAMELSADCO":"Cherokee County","STATE_NAME":"South Carolina","LSAD":"22","ALAND":196870610,"AWATER":1555625}},
{"type":"Feature","geometry":{"type":"Polygon","coordinates":[[[-79.75638,33.33019],[-79.7498,33.33036],[-79.7442,33.32744],[-79.74115,33.32231],[-79.73211,33.31999],[-79.72683,33.32212],[-79.7192,33.31863],[-79.70958,33.32125],[-79.70628,33.31833],[-79.6993,33.31763],[-79.68939,33.31076],[-79.69803,33.31989],[-79.69538,33.32577],[-79.69661,33.33027],[-79.70541,33.33182],[-79.70518,33.33626],[-79.71355,33.34699],[-79.72779,33.35146],[-79.73366,33.35213],[-79.73766,33.35628],[-79.73884,33.36141],[-79.73036,33.37987],[-79.73771,33.38737],[-79.73867,33.39208],[-79.759,33.40163],[-79.74958,33.41904],[-79.74726,33.44739],[-79.74579,33.4548],[-79.75475,33.46831],[-79.75635,33.47406],[-79.75493,33.48787],[-79.7563,33.49223],[-79.75437,33.4973],[-79.74505,33.50719],[-79.73826,33.51796],[-79.73745,33.52304],[-79.74,33.53755],[-79.73558,33.55008],[-79.73574,33.55701],[-79.72912,33.56302],[-79.73766,33.56748],[-79.73693,33.57523],[-79.74246,33.579],[-79.74695,33.57749],[-79.75485,33.5798],[-79.7592,33.58764],[-79.76776,33.58915],[-79.77411,33.59348],[-79.78068,33.59252],[-79.78878,33.58753],[-79.80269,33.58284],[-79.80124,33.57741],[-79.81377,33.58252],[-79.82555,33.59783],[-79.84025,33.60237],[-79.8448,33.60995],[-79.85202,33.61499],[-79.85259,33.62168],[-79.8607,33.6226],[-79.86768,33.62133],[-79.87706,33.61647],[-79.88523,33.6165],[-79.89731,33.622],[-79.90854,33.62628],[-79.91709,33.62561],[-79.92475,33.62055],[-79.93432,33.6114],[-79.93909,33.59887],[-79.94509,33.5926],[-79.94565,33.58442],[-79.93796,33.57471],[-79.93069,33.55975],[-79.93412,33.55302],[-79.95333,33.52828],[-79.95022,33.51731],[-79.96089,33.49445],[-79.95293,33.49137],[-79.95157,33.48691],[-79.93477,33.47773],[-79.93027,33.47219],[-79.92039,33.46558],[-79.91539,33.46418],[-79.91023,33.45571],[-79.90413,33.45623],[-79.89415,33.45365],[-79.89004,33.44856],[-79.88015,33.44282],[-79.87632,33.43531],[-79.86822,33.43448],[-79.86854,33.42927],[-79.87763,33.42847],[-79.87752,33.42444],[-79.87157,33.42392],[-79.86349,33.41921],[-79.86016,33.41511],[-79.86079,33.40851],[-79.85499,33.40635],[-79.85477,33.40292],[-79.84022,33.39801],[-79.83811,33.39232],[-79.81386,33.38232],[-79.80701,33.37259],[-79.80246,33.37221],[-79.79401,33.37768],[-79.7904,33.37316],[-79.78164,33.36822],[-79.77855,33.35915],[-79.77177,33.35616],[-79.76786,33.34975],[-79.76792,33.34461],[-79.76139,33.34225],[-79.76153,33.33557],[-79.75445,33.33447],[-79.75638,33.33019]]]},"properties":{"STATEFP":"45","COUNTYFP":"089","COUSUBFP":"91898","COUSUBNS":"01938327","GEOIDFQ":"0600000US4508991898","GEOID":"4508991898","NAME":"Lane","NAMELSAD":"Lane CCD","STUSPS":"SC","NAMELSADCO":"Williamsburg County","STATE_NAME":"South Carolina","LSAD":"22","ALAND":418161571,"AWATER":2637364}},
{"type":"Feature","geometry":{"type":"Polygon","coordinates":[[[-82.52576,34.95235],[-82.52281,34.9603],[-82.52465,34.96457],[-82.51964,34.96726],[-82.51967,34.97469],[-82.52357,34.97746],[-82.51504,34.989],[-82.5113,35.00006],[-82.50119,35.01021],[-82.4952,35.0117],[-82.49483,35.01798],[-82.48601,35.02723],[-82.4704,35.03337],[-82.46529,35.03681],[-82.47842,35.04902],[-82.48054,35.0584],[-82.47734,35.06733],[-82.46821,35.07288],[-82.46452,35.08303],[-82.47368,35.08554],[-82.48302,35.08367],[-82.48964,35.08404],[-82.5072,35.0782],[-82.51601,35.06985],[-82.53039,35.07294],[-82.53765,35.07881],[-82.54378,35.08887],[-82.54159,35.09252],[-82.54805,35.10047],[-82.54891,35.11389],[-82.53526,35.1225],[-82.52622,35.12698],[-82.52007,35.12513],[-82.51783,35.13014],[-82.50229,35.14458],[-82.49417,35.15017],[-82.48586,35.15392],[-82.48374,35.15848],[-82.46829,35.16879],[-82.45844,35.17339],[-82.45237,35.1738],[-82.45431,35.17741],[-82.46009,35.17814],[-82.46799,35.17463],[-82.47614,35.17549],[-82.48736,35.17249],[-82.49502,35.16451],[-82.50368,35.16593],[-82.50791,35.16241],[-82.51604,35.16344],[-82.51993,35.1591],[-82.5351,35.15477],[-82.53675,35.16009],[-82.54164,35.16207],[-82.55327,35.16165],[-82.55616,35.15784],[-82.55333,35.15349],[-82.55859,35.15093],[-82.56377,35.15158],[-82.56991,35.14527],[-82.58069,35.14174],[-82.58816,35.14293],[-82.59243,35.139],[-82.59814,35.13773],[-82.60971,35.13904],[-82.62118,35.13464],[-82.62903,35.12615],[-82.63624,35.1255],[-82.63648,35.13036],[-82.64331,35.13044],[-82.64529,35.12681],[-82.66238,35.11812],[-82.67446,35.11847],[-82.67461,35.12644],[-82.68144,35.12792],[-82.68708,35.12512],[-82.68764,35.11929],[-82.69463,35.11474],[-82.68648,35.10816],[-82.69768,35.09573],[-82.70215,35.09911],[-82.7153,35.09294],[-82.72701,35.09414],[-82.73011,35.08828],[-82.73838,35.07945],[-82.75181,35.07989],[-82.75126,35.07346],[-82.7577,35.06802],[-82.7641,35.06817],[-82.75994,35.05774],[-82.74971,35.0476],[-82.74317,35.04731],[-82.73626,35.05163],[-82.73062,35.05124],[-82.72451,35.05527],[-82.71911,35.05275],[-82.71495,35.05896],[-82.70821,35.06213],[-82.70411,35.0609],[-82.6892,35.06293],[-82.68198,35.06182],[-82.67506,35.06494],[-82.67097,35.06243],[-82.66556,35.06497],[-82.65715,35.06597],[-82.64895,35.0602],[-82.64162,35.06018],[-82.63721,35.06426],[-82.62561,35.06472],[-82.61936,35.06739],[-82.61323,35.06741],[-82.60664,35.07036],[-82.58972,35.07378],[-82.57575,35.07379],[-82.57036,35.07034],[-82.57654,35.06535],[-82.59238,35.0628],[-82.59772,35.05429],[-82.59575,35.04925],[-82.59888,35.04072],[-82.58994,35.03919],[-82.58572,35.0324],[-82.58929,35.03057],[-82.58834,35.02103],[-82.5959,35.01282],[-82.59394,35.00789],[-82.57752,35.00945],[-82.57542,35.01247],[-82.56313,35.0122],[-82.55635,35.01503],[-82.53785,35.01321],[-82.54316,35.00456],[-82.53835,34.99789],[-82.53396,34.98695],[-82.53414,34.98376],[-82.54121,34.98235],[-82.54275,34.97691],[-82.52695,34.96109],[-82.52853,34.95392],[-82.52576,34.95235]]]},"properties":{"STATEFP":"45","COUNTYFP":"045","COUSUBFP":"93160","COUSUBNS":"01938424","GEOIDFQ":"0600000US4504593160","GEOID":"4504593160","NAME":"Slater-Marietta","NAMELSAD":"Slater-Marietta CCD","STUSPS":"SC","NAMELSADCO":"Greenville County","STATE_NAME":"South Carolina","LSAD":"22","ALAND":224978670,"AWATER":1816557}},
{"type":"Feature","geometry":{"type":"Polygon","coordinates":[[[-79.27558,33.11677],[-79.26924,33.11954],[-79.24642,33.12601],[-79.23662,33.13758],[-79.22372,33.14979],[-79.19449,33.16979],[-79.19152,33.17327],[-79.1832,33.19077],[-79.1825,33.19826],[-79.18945,33.20911],[-79.19186,33.21543],[-79.19417,33.22827],[-79.19981,33.24036],[-79.208,33.25017],[-79.23256,33.26014],[-79.24127,33.26664],[-79.2457,33.25914],[-79.25744,33.26057],[-79.26895,33.25089],[-79.27972,33.25258],[-79.2912,33.25787],[-79.29551,33.2696],[-79.30315,33.27453],[-79.31034,33.29385],[-79.3071,33.30265],[-79.31595,33.29866],[-79.32911,33.29058],[-79.33965,33.29046],[-79.34709,33.29265],[-79.35139,33.29648],[-79.37346,33.30678],[-79.3915,33.32116],[-79.41087,33.32073],[-79.41964,33.31846],[-79.42476,33.32097],[-79.42184,33.32707],[-79.4139,33.32748],[-79.40827,33.33545],[-79.40697,33.3443],[-79.38755,33.34531],[-79.3824,33.3438],[-79.38207,33.35979],[-79.38368,33.36251],[-79.39225,33.36089],[-79.39199,33.35728],[-79.40096,33.3552],[-79.40512,33.35989],[-79.41242,33.36251],[-79.41657,33.37254],[-79.42281,33.37013],[-79.43417,33.3705],[-79.44741,33.36848],[-79.45824,33.37196],[-79.46098,33.37446],[-79.46993,33.37294],[-79.48659,33.37599],[-79.49696,33.38171],[-79.50257,33.38705],[-79.50505,33.39408],[-79.51392,33.40121],[-79.52642,33.40012],[-79.53939,33.39695],[-79.55104,33.39751],[-79.56171,33.3967],[-79.57839,33.40007],[-79.58332,33.40696],[-79.59501,33.41525],[-79.60377,33.40816],[-79.60579,33.41361],[-79.61081,33.40622],[-79.62559,33.38972],[-79.63442,33.37215],[-79.65347,33.36065],[-79.65866,33.35385],[-79.66944,33.3431],[-79.67725,33.33676],[-79.68088,33.3196],[-79.67281,33.30978],[-79.67701,33.30494],[-79.66425,33.29832],[-79.6476,33.29616],[-79.63099,33.29293],[-79.61258,33.28515],[-79.60657,33.27932],[-79.59555,33.27929],[-79.57785,33.27479],[-79.56225,33.27252],[-79.55767,33.26859],[-79.56102,33.26232],[-79.55556,33.26136],[-79.54976,33.26498],[-79.54656,33.25599],[-79.53704,33.25291],[-79.53542,33.24961],[-79.52328,33.24588],[-79.51014,33.24346],[-79.49399,33.23603],[-79.48904,33.23684],[-79.48264,33.24592],[-79.47808,33.24327],[-79.4834,33.23693],[-79.4787,33.23508],[-79.47248,33.23909],[-79.46578,33.23154],[-79.45873,33.23522],[-79.45172,33.22541],[-79.45541,33.21955],[-79.4467,33.21346],[-79.43775,33.21524],[-79.42748,33.20978],[-79.42298,33.20277],[-79.41434,33.19901],[-79.40825,33.1883],[-79.40403,33.18378],[-79.3944,33.17804],[-79.38345,33.17516],[-79.37371,33.16649],[-79.36692,33.16227],[-79.36045,33.16052],[-79.34957,33.15328],[-79.33332,33.15578],[-79.32911,33.15439],[-79.31509,33.14572],[-79.2978,33.14558],[-79.29125,33.14656],[-79.2799,33.14327],[-79.26876,33.13604],[-79.26841,33.13031],[-79.27558,33.11677]]]},"properties":{"STATEFP":"45","COUNTYFP":"043","COUSUBFP":"93014","COUSUBNS":"01938413","GEOIDFQ":"0600000US4504393014","GEOID":"4504393014","NAME":"Sampit-North Santee","NAMELSAD":"Sampit-North Santee CCD","STUSPS":"SC","NAMELSADCO":"Georgetown County","STATE_NAME":"South Carolina","LSAD":"22","ALAND":600559937,"AWATER":153818645}},
{"type":"Feature","geometry":{"type":"Polygon","coordinates":[[[-81.64355,34.53365],[-81.64829,34.53279],[-81.66089,34.54871],[-81.66755,34.54833],[-81.6694,34.55123],[-81.67923,34.55344],[-81.68264,34.55726],[-81.69076,34.55271],[-81.70105,34.55936],[-81.71163,34.55494],[-81.71618,34.55145],[-81.72295,34.55613],[-81.72739,34.55662],[-81.73362,34.56091],[-81.73789,34.55935],[-81.7447,34.56652],[-81.74961,34.56834],[-81.75986,34.56598],[-81.77539,34.57088],[-81.77987,34.56998],[-81.78676,34.57413],[-81.80026,34.57481],[-81.80232,34.58081],[-81.81357,34.58016],[-81.81817,34.5882],[-81.82586,34.58806],[-81.83167,34.59149],[-81.83934,34.59324],[-81.83923,34.59764],[-81.85186,34.59478],[-81.85876,34.59223],[-81.86447,34.5808],[-81.86952,34.58744],[-81.87116,34.59288],[-81.88247,34.59483],[-81.89096,34.59249],[-81.89495,34.60191],[-81.89976,34.59899],[-81.9103,34.60304],[-81.91186,34.60893],[-81.91495,34.60465],[-81.91612,34.58822],[-81.92123,34.58108],[-81.91174,34.57363],[-81.90366,34.5692],[-81.89513,34.56237],[-81.89768,34.5597],[-81.89673,34.55287],[-81.89853,34.54647],[-81.90541,34.54124],[-81.91539,34.53808],[-81.92615,34.53644],[-81.9367,34.52718],[-81.94286,34.51883],[-81.94204,34.51322],[-81.93706,34.50973],[-81.9341,34.49516],[-81.93965,34.48951],[-81.9376,34.47865],[-81.94468,34.48013],[-81.94395,34.47362],[-81.94508,34.4632],[-81.94099,34.45846],[-81.93214,34.45407],[-81.94044,34.4337],[-81.93879,34.42365],[-81.93934,34.41524],[-81.93779,34.40931],[-81.93064,34.40676],[-81.92971,34.40402],[-81.93983,34.3978],[-81.94321,34.39089],[-81.93932,34.3869],[-81.93263,34.38594],[-81.92186,34.37178],[-81.91805,34.37052],[-81.90894,34.36255],[-81.90172,34.35808],[-81.89978,34.35361],[-81.89342,34.35032],[-81.88656,34.35507],[-81.89391,34.36253],[-81.89772,34.37194],[-81.89636,34.37584],[-81.88964,34.38154],[-81.88304,34.39015],[-81.88231,34.39537],[-81.88607,34.39998],[-81.88772,34.40697],[-81.89567,34.41266],[-81.89399,34.42385],[-81.89096,34.42922],[-81.87842,34.42563],[-81.87322,34.41716],[-81.86892,34.42027],[-81.86662,34.43338],[-81.8612,34.43739],[-81.85348,34.4393],[-81.84793,34.44437],[-81.8273,34.45494],[-81.81186,34.45685],[-81.80288,34.45915],[-81.79925,34.45768],[-81.79012,34.44859],[-81.78347,34.44485],[-81.76499,34.4397],[-81.75786,34.43316],[-81.74731,34.42799],[-81.73818,34.42908],[-81.73445,34.43774],[-81.72473,34.44535],[-81.72249,34.44966],[-81.71448,34.44934],[-81.70222,34.45601],[-81.66475,34.50534],[-81.65769,34.51332],[-81.6497,34.51771],[-81.64355,34.53365]]]},"properties":{"STATEFP":"45","COUNTYFP":"059","COUSUBFP":"90663","COUSUBNS":"01938231","GEOIDFQ":"0600000US4505990663","GEOID":"4505990663","NAME":"Clinton","NAMELSAD":"Clinton CCD","STUSPS":"SC","NAMELSADCO":"Laurens County","STATE_NAME":"South Carolina","LSAD":"22","ALAND":382242858,"AWATER":2117386}},
{"type":"Feature","geometry":{"type":"Polygon","coordinates":[[[-82.59394,35.00789],[-82.5959,35.01282],[-82.58834,35.02103],[-82.58929,35.03057],[-82.58572,35.0324],[-82.58994,35.03919],[-82.59888,35.04072],[-82.59575,35.04925],[-82.59772,35.05429],[-82.59238,35.0628],[-82.57654,35.06535],[-82.57036,35.07034],[-82.57575,35.07379],[-82.58972,35.07378],[-82.60664,35.07036],[-82.61323,35.06741],[-82.61936,35.06739],[-82.62561,35.06472],[-82.63721,35.06426],[-82.64162,35.06018],[-82.64895,35.0602],[-82.65715,35.06597],[-82.66556,35.06497],[-82.67097,35.06243],[-82.67506,35.06494],[-82.68198,35.06182],[-82.6892,35.06293],[-82.70411,35.0609],[-82.70821,35.06213],[-82.71495,35.05896],[-82.71911,35.05275],[-82.72451,35.05527],[-82.73062,35.05124],[-82.73626,35.05163],[-82.74317,35.04731],[-82.74971,35.0476],[-82.75994,35.05774],[-82.7641,35.06817],[-82.77738,35.06414],[-82.78197,35.06682],[-82.77636,35.08135],[-82.78328,35.0856],[-82.78787,35.08502],[-82.80977,35.07875],[-82.89756,35.05601],[-82.89909,35.04934],[-82.90347,35.0496],[-82.90496,35.04208],[-82.90982,35.04154],[-82.91826,35.03607],[-82.91384,35.02951],[-82.92038,35.01514],[-82.91319,35.01279],[-82.91211,35.00951],[-82.91836,35.00609],[-82.9288,35.00962],[-82.93788,34.99579],[-82.94013,34.98851],[-82.93723,34.98556],[-82.93864,34.98091],[-82.93408,34.97659],[-82.92963,34.97697],[-82.91589,34.9724],[-82.91848,34.9676],[-82.91916,34.95989],[-82.9088,34.95439],[-82.9151,34.94899],[-82.91135,34.94219],[-82.90331,34.93504],[-82.90644,34.93214],[-82.90433,34.92787],[-82.89603,34.93046],[-82.8904,34.94051],[-82.88013,34.94995],[-82.87146,34.94583],[-82.8656,34.94846],[-82.85922,34.94638],[-82.85177,34.94685],[-82.84662,34.95312],[-82.83833,34.948],[-82.8328,34.94905],[-82.82783,34.9542],[-82.82962,34.9567],[-82.82045,34.96027],[-82.80895,34.95036],[-82.79199,34.94867],[-82.77623,34.95144],[-82.75876,34.93959],[-82.75692,34.9518],[-82.75237,34.95392],[-82.74674,34.96044],[-82.75105,34.97006],[-82.75462,34.98165],[-82.75376,34.98798],[-82.73591,34.99267],[-82.72682,34.99249],[-82.71494,34.99842],[-82.70713,34.99507],[-82.69514,34.99842],[-82.68531,34.99823],[-82.68269,35.00103],[-82.67491,35.00076],[-82.66456,35.00321],[-82.65267,35.00056],[-82.64419,35.00069],[-82.6411,35.00325],[-82.62719,35.00204],[-82.60406,35.00428],[-82.59394,35.00789]]]},"properties":{"STATEFP":"45","COUNTYFP":"077","COUSUBFP":"92435","COUSUBNS":"01938269","GEOIDFQ":"0600000US4507792435","GEOID":"4507792435","NAME":"North Pickens","NAMELSAD":"North Pickens CCD","STUSPS":"SC","NAMELSADCO":"Pickens County","STATE_NAME":"South Carolina","LSAD":"22","ALAND":295301411,"AWATER":12407803}},
{"type":"Feature","geometry":{"type":"Polygon","coordinates":[[[-79.06008,33.67079],[-79.05283,33.68044],[-79.04072,33.6847],[-79.01921,33.68237],[-79.00831,33.68517],[-78.97909,33.70028],[-78.97279,33.6999],[-78.95573,33.69493],[-78.94422,33.69783],[-78.91644,33.71896],[-78.86682,33.74181],[-78.82695,33.75971],[-78.77282,33.79224],[-78.76869,33.79393],[-78.73808,33.80406],[-78.73084,33.80877],[-78.71686,33.82234],[-78.70672,33.82736],[-78.68421,33.83407],[-78.68663,33.83606],[-78.69953,33.84021],[-78.70346,33.84852],[-78.7083,33.85321],[-78.72801,33.86156],[-78.7471,33.8569],[-78.75108,33.85678],[-78.75671,33.8783],[-78.76503,33.88245],[-78.76738,33.88579],[-78.78968,33.88465],[-78.79495,33.88834],[-78.80297,33.88853],[-78.81153,33.88528],[-78.81873,33.88713],[-78.82315,33.89647],[-78.83564,33.89771],[-78.8505,33.89785],[-78.85749,33.90012],[-78.86904,33.89877],[-78.88549,33.89547],[-78.88958,33.89783],[-78.89766,33.89623],[-78.90126,33.88955],[-78.89772,33.87817],[-78.89365,33.87238],[-78.89577,33.86825],[-78.89116,33.85973],[-78.89778,33.85008],[-78.90273,33.84602],[-78.90924,33.83112],[-78.91371,33.82816],[-78.92057,33.83098],[-78.92493,33.82826],[-78.9364,33.82592],[-78.94533,33.82556],[-78.95205,33.82954],[-78.96204,33.84031],[-78.97438,33.84409],[-78.97782,33.84692],[-78.97511,33.85094],[-78.99382,33.8571],[-78.99659,33.85121],[-78.99021,33.84505],[-78.99007,33.83867],[-78.99426,33.83451],[-79.00214,33.83505],[-79.00238,33.82939],[-79.01284,33.83084],[-79.0168,33.83403],[-79.02611,33.83355],[-79.03573,33.8383],[-79.04395,33.83333],[-79.04533,33.82291],[-79.04318,33.82024],[-79.04532,33.81457],[-79.05297,33.80867],[-79.05555,33.80365],[-79.05125,33.79439],[-79.05378,33.78341],[-79.06287,33.77745],[-79.0614,33.76926],[-79.06725,33.76047],[-79.06848,33.75209],[-79.06253,33.73913],[-79.05849,33.73734],[-79.05183,33.72932],[-79.04461,33.72625],[-79.04493,33.7213],[-79.05171,33.71966],[-79.0516,33.70949],[-79.05527,33.70503],[-79.0511,33.69474],[-79.05808,33.69211],[-79.06098,33.68393],[-79.06745,33.68202],[-79.06877,33.67672],[-79.06008,33.67079]]]},"properties":{"STATEFP":"45","COUNTYFP":"051","COUSUBFP":"90728","COUSUBNS":"01938236","GEOIDFQ":"0600000US4505190728","GEOID":"4505190728","NAME":"Conway East","NAMELSAD":"Conway East CCD","STUSPS":"SC","NAMELSADCO":"Horry County","STATE_NAME":"South Carolina","LSAD":"22","ALAND":433830625,"AWATER":6347304}},
{"type":"Feature","geometry":{"type":"Polygon","coordinates":[[[-82.57421,34.52802],[-82.57235,34.53463],[-82.57602,34.54179],[-82.57242,34.54497],[-82.57378,34.54913],[-82.5791,34.55425],[-82.57615,34.55878],[-82.57851,34.57267],[-82.57271,34.58106],[-82.57493,34.59148],[-82.60042,34.59494],[-82.61004,34.59148],[-82.61646,34.59712],[-82.61481,34.59997],[-82.62116,34.61067],[-82.63259,34.6156],[-82.63974,34.61487],[-82.64528,34.61475],[-82.6578,34.60109],[-82.6591,34.59526],[-82.66626,34.58666],[-82.66815,34.57898],[-82.6879,34.56912],[-82.70005,34.56661],[-82.71736,34.56711],[-82.73584,34.56203],[-82.75527,34.5521],[-82.76296,34.54374],[-82.77626,34.53496],[-82.78701,34.52916],[-82.78716,34.52572],[-82.79641,34.51576],[-82.8001,34.50916],[-82.81077,34.50439],[-82.82778,34.48645],[-82.83198,34.47813],[-82.83474,34.46437],[-82.83864,34.45697],[-82.84372,34.45129],[-82.85555,34.44174],[-82.85401,34.42882],[-82.84857,34.42322],[-82.8287,34.43604],[-82.81009,34.44088],[-82.79506,34.44292],[-82.79464,34.45176],[-82.7867,34.45921],[-82.78744,34.47712],[-82.7752,34.47077],[-82.75804,34.46919],[-82.7412,34.46188],[-82.73172,34.45319],[-82.72666,34.45765],[-82.71947,34.45368],[-82.71076,34.45577],[-82.70336,34.45548],[-82.69379,34.44676],[-82.68313,34.44039],[-82.66803,34.44571],[-82.66243,34.43736],[-82.66256,34.43028],[-82.67465,34.41863],[-82.68553,34.4059],[-82.68815,34.40011],[-82.6851,34.3972],[-82.67223,34.39373],[-82.65607,34.39095],[-82.64565,34.38775],[-82.63345,34.39086],[-82.61547,34.39252],[-82.60609,34.39909],[-82.59831,34.39849],[-82.58725,34.39169],[-82.58738,34.38405],[-82.58519,34.37908],[-82.57995,34.37696],[-82.57725,34.38304],[-82.57737,34.38927],[-82.57037,34.39673],[-82.58048,34.4084],[-82.58687,34.41387],[-82.58579,34.41666],[-82.5926,34.42979],[-82.5896,34.43325],[-82.59149,34.43749],[-82.58727,34.44407],[-82.58861,34.44956],[-82.59365,34.45457],[-82.5946,34.4597],[-82.59106,34.4645],[-82.58938,34.47447],[-82.59057,34.48196],[-82.58569,34.48288],[-82.58845,34.49533],[-82.5905,34.49741],[-82.58917,34.50431],[-82.59668,34.51458],[-82.59341,34.52308],[-82.58935,34.52781],[-82.58471,34.52655],[-82.57421,34.52802]]]},"properties":{"STATEFP":"45","COUNTYFP":"007","COUSUBFP":"90065","COUSUBNS":"01938185","GEOIDFQ":"0600000US4500790065","GEOID":"4500790065","NAME":"Anderson","NAMELSAD":"Anderson CCD","STUSPS":"SC","NAMELSADCO":"Anderson County","STATE_NAME":"South Carolina","LSAD":"22","ALAND":315159841,"AWATER":24101223}},
{"type":"Feature","geometry":{"type":"Polygon","coordinates":[[[-80.88555,33.35971],[-80.89483,33.36242],[-80.90138,33.37016],[-80.8975,33.37516],[-80.89694,33.38143],[-80.90299,33.38597],[-80.90376,33.38958],[-80.91111,33.39135],[-80.91756,33.40136],[-80.92439,33.40649],[-80.92582,33.41136],[-80.93269,33.4205],[-80.93978,33.42345],[-80.94653,33.42181],[-80.95716,33.43449],[-80.96357,33.43023],[-80.97093,33.43604],[-80.97896,33.44582],[-80.9832,33.44609],[-80.9964,33.45192],[-80.99443,33.46093],[-81.00489,33.45692],[-81.01784,33.45543],[-81.0229,33.45369],[-81.03846,33.45332],[-81.04171,33.449],[-81.04487,33.43604],[-81.04587,33.42727],[-81.04008,33.41952],[-81.03763,33.4017],[-81.03924,33.39641],[-81.03866,33.3864],[-81.04394,33.38014],[-81.04781,33.37227],[-81.04664,33.36935],[-81.03278,33.35681],[-81.03103,33.34886],[-81.02467,33.33891],[-81.01831,33.33697],[-81.01369,33.33866],[-81.00476,33.33635],[-81.00269,33.33215],[-80.99604,33.32876],[-80.99133,33.32975],[-80.98534,33.32702],[-80.98188,33.3213],[-80.97625,33.31773],[-80.96701,33.31654],[-80.96391,33.31098],[-80.94876,33.30805],[-80.92422,33.29019],[-80.91842,33.28337],[-80.91546,33.28319],[-80.90317,33.27497],[-80.90349,33.27284],[-80.89226,33.26839],[-80.88711,33.26418],[-80.88827,33.26778],[-80.88216,33.27439],[-80.88161,33.27803],[-80.88508,33.30182],[-80.87902,33.31198],[-80.87416,33.31278],[-80.87276,33.31781],[-80.87614,33.32304],[-80.8821,33.32607],[-80.88058,33.32957],[-80.88394,33.34073],[-80.88772,33.34543],[-80.88718,33.35534],[-80.88555,33.35971]]]},"properties":{"STATEFP":"45","COUNTYFP":"075","COUSUBFP":"90741","COUSUBNS":"01938237","GEOIDFQ":"0600000US4507590741","GEOID":"4507590741","NAME":"Cope","NAMELSAD":"Cope CCD","STUSPS":"SC","NAMELSADCO":"Orangeburg County","STATE_NAME":"South Carolina","LSAD":"22","ALAND":188691938,"AWATER":703374}},
{"type":"Feature","geometry":{"type":"Polygon","coordinates":[[[-80.60095,34.03939],[-80.60696,34.04265],[-80.61212,34.04924],[-80.61424,34.06357],[-80.61968,34.06329],[-80.63117,34.06824],[-80.62481,34.07308],[-80.61931,34.07979],[-80.62421,34.08186],[-80.6266,34.07744],[-80.63365,34.07835],[-80.63653,34.08298],[-80.63243,34.08937],[-80.62442,34.08927],[-80.61856,34.09197],[-80.61619,34.0996],[-80.63559,34.09767],[-80.6467,34.09399],[-80.65833,34.08877],[-80.65884,34.08587],[-80.66906,34.08391],[-80.67642,34.08461],[-80.68366,34.0816],[-80.69296,34.08128],[-80.70268,34.06662],[-80.70393,34.06127],[-80.70448,34.00997],[-80.70696,34.00827],[-80.74366,34.00661],[-80.74152,33.98966],[-80.74688,33.98135],[-80.74992,33.96878],[-80.75039,33.96041],[-80.75502,33.95738],[-80.75713,33.9369],[-80.75863,33.93275],[-80.75659,33.92577],[-80.75716,33.91366],[-80.75491,33.91021],[-80.75712,33.90373],[-80.75745,33.8959],[-80.76822,33.88676],[-80.76801,33.87989],[-80.76536,33.87192],[-80.74894,33.86155],[-80.74172,33.85233],[-80.73592,33.85152],[-80.73013,33.84699],[-80.73569,33.83177],[-80.7288,33.83058],[-80.72755,33.82198],[-80.72313,33.80984],[-80.71628,33.80575],[-80.71561,33.799],[-80.71718,33.7911],[-80.7151,33.78593],[-80.72384,33.77863],[-80.7161,33.7679],[-80.71316,33.76865],[-80.71065,33.77095],[-80.70439,33.76649],[-80.70539,33.75979],[-80.69971,33.75698],[-80.68659,33.75599],[-80.67754,33.76298],[-80.65905,33.77299],[-80.65174,33.76998],[-80.65626,33.76572],[-80.6564,33.7614],[-80.64173,33.75227],[-80.64041,33.74755],[-80.63278,33.74367],[-80.62275,33.74565],[-80.62011,33.74324],[-80.61943,33.74856],[-80.6111,33.7515],[-80.60428,33.7668],[-80.60568,33.77177],[-80.59771,33.77751],[-80.60066,33.78289],[-80.60094,33.79986],[-80.60419,33.80044],[-80.60642,33.80869],[-80.61508,33.81601],[-80.61745,33.82109],[-80.61681,33.82689],[-80.62029,33.83103],[-80.61607,33.83433],[-80.61907,33.83931],[-80.62665,33.84163],[-80.6328,33.85031],[-80.63077,33.8572],[-80.62533,33.86681],[-80.61959,33.87873],[-80.62586,33.88879],[-80.61553,33.89074],[-80.62593,33.89965],[-80.62451,33.9055],[-80.63409,33.91733],[-80.63251,33.92361],[-80.6262,33.9299],[-80.63008,33.9324],[-80.62071,33.93593],[-80.62251,33.93911],[-80.62905,33.94178],[-80.62826,33.94878],[-80.62481,33.9522],[-80.6211,33.96062],[-80.61576,33.96547],[-80.62329,33.96827],[-80.62894,33.96471],[-80.63315,33.96655],[-80.63044,33.97577],[-80.64113,33.98332],[-80.64397,33.98912],[-80.63938,33.99068],[-80.64099,33.99943],[-80.63539,34.00145],[-80.63494,34.00797],[-80.62719,34.00301],[-80.62805,34.01189],[-80.61866,34.01668],[-80.61459,34.02507],[-80.6045,34.02362],[-80.60802,34.02929],[-80.60095,34.03939]]]},"properties":{"STATEFP":"45","COUNTYFP":"079","COUSUBFP":"90962","COUSUBNS":"01938254","GEOIDFQ":"0600000US4507990962","GEOID":"4507990962","NAME":"Eastover","NAMELSAD":"Eastover CCD","STUSPS":"SC","NAMELSADCO":"Richland County","STATE_NAME":"South Carolina","LSAD":"22","ALAND":375489099,"AWATER":5422802}},
{"type":"Feature","geometry":{"type":"Polygon","coordinates":[[[-81.8338,33.86507],[-81.82461,33.86729],[-81.81406,33.86341],[-81.80804,33.85871],[-81.79982,33.85543],[-81.79413,33.86399],[-81.79808,33.86756],[-81.7966,33.88149],[-81.79288,33.8883],[-81.79187,33.89486],[-81.78031,33.90121],[-81.77359,33.91122],[-81.77302,33.91558],[-81.765,33.92361],[-81.76797,33.92819],[-81.76488,33.93301],[-81.75859,33.93693],[-81.75556,33.94914],[-81.74485,33.93827],[-81.73782,33.93264],[-81.72887,33.93014],[-81.71498,33.9357],[-81.70836,33.93947],[-81.69544,33.95238],[-81.68873,33.95349],[-81.67329,33.9628],[-81.65211,33.97934],[-81.66083,33.98436],[-81.67032,33.98425],[-81.67676,33.98858],[-81.68589,33.99102],[-81.68613,33.99645],[-81.68277,34.00036],[-81.6912,34.01113],[-81.69837,34.01693],[-81.70016,34.02601],[-81.69612,34.03438],[-81.70079,34.03884],[-81.69913,34.04231],[-81.68732,34.04611],[-81.68167,34.04515],[-81.68213,34.05336],[-81.6734,34.05535],[-81.66708,34.05957],[-81.66781,34.06602],[-81.68228,34.0697],[-81.68456,34.07285],[-81.69257,34.07125],[-81.70509,34.07535],[-81.7119,34.07212],[-81.72627,34.07375],[-81.73472,34.07136],[-81.73895,34.0669],[-81.74328,34.06909],[-81.75233,34.06495],[-81.75984,34.05986],[-81.76613,34.0605],[-81.77473,34.06596],[-81.78053,34.06604],[-81.7895,34.06914],[-81.7953,34.06449],[-81.80649,34.06793],[-81.81775,34.06665],[-81.82446,34.0614],[-81.832,34.05965],[-81.84054,34.05966],[-81.84424,34.06425],[-81.85079,34.06764],[-81.85638,34.06564],[-81.87743,34.06861],[-81.88559,34.0682],[-81.89742,34.0764],[-81.9153,34.07685],[-81.9196,34.07867],[-81.92329,34.073],[-81.93067,34.06983],[-81.94612,34.03894],[-81.9535,34.03016],[-81.98311,34.00202],[-81.98883,33.9984],[-81.99496,33.98837],[-82.00118,33.97501],[-82.00606,33.97125],[-82.0083,33.96165],[-81.99867,33.96417],[-81.93204,33.97691],[-81.89459,33.97542],[-81.87311,33.90175],[-81.87036,33.89199],[-81.86213,33.8836],[-81.84676,33.87474],[-81.8338,33.86507]]]},"properties":{"STATEFP":"45","COUNTYFP":"081","COUSUBFP":"92990","COUSUBNS":"01938411","GEOIDFQ":"0600000US4508192990","GEOID":"4508192990","NAME":"Saluda","NAMELSAD":"Saluda CCD","STUSPS":"SC","NAMELSADCO":"Saluda County","STATE_NAME":"South Carolina","LSAD":"22","ALAND":416727642,"AWATER":682594}},
{"type":"Feature","geometry":{"type":"Polygon","coordinates":[[[-82.89661,34.80295],[-82.90578,34.80159],[-82.9116,34.79791],[-82.92194,34.78346],[-82.93221,34.77381],[-82.93185,34.76361],[-82.92807,34.75666],[-82.91943,34.74709],[-82.91803,34.74316],[-82.92226,34.73715],[-82.93003,34.73102],[-82.94147,34.72531],[-82.95787,34.72249],[-82.96664,34.72448],[-82.97697,34.72984],[-82.98827,34.72637],[-82.99446,34.71703],[-82.99049,34.70766],[-82.99357,34.70555],[-83.0118,34.69882],[-83.02331,34.70038],[-83.03068,34.69839],[-83.03267,34.69274],[-83.04174,34.69062],[-83.03893,34.6794],[-83.0329,34.67928],[-83.03123,34.67215],[-83.02734,34.66541],[-83.01709,34.65499],[-82.99828,34.65259],[-82.99614,34.64931],[-82.98885,34.65035],[-82.98794,34.64425],[-82.97927,34.64188],[-82.97398,34.63555],[-82.96695,34.63361],[-82.96685,34.63066],[-82.95424,34.62365],[-82.95254,34.6183],[-82.94355,34.61038],[-82.94542,34.60462],[-82.9418,34.60228],[-82.93323,34.60283],[-82.9326,34.6053],[-82.91777,34.59909],[-82.91045,34.59891],[-82.90731,34.5959],[-82.89902,34.59451],[-82.88954,34.6],[-82.88303,34.59278],[-82.87331,34.59188],[-82.86235,34.60222],[-82.85546,34.60907],[-82.86477,34.61304],[-82.85911,34.62153],[-82.85289,34.61478],[-82.84509,34.61852],[-82.84395,34.61954],[-82.84197,34.62146],[-82.84001,34.62331],[-82.84712,34.62025],[-82.85531,34.62619],[-82.84795,34.63707],[-82.83669,34.63657],[-82.8376,34.64676],[-82.8401,34.65251],[-82.83894,34.6572],[-82.84408,34.66238],[-82.8445,34.66687],[-82.85124,34.66853],[-82.8536,34.67778],[-82.84912,34.68235],[-82.85328,34.68453],[-82.85378,34.68994],[-82.84943,34.69592],[-82.85992,34.69799],[-82.86511,34.70165],[-82.86004,34.70609],[-82.859,34.71697],[-82.85559,34.72527],[-82.86029,34.73144],[-82.86848,34.73107],[-82.87296,34.7366],[-82.87931,34.73765],[-82.88661,34.73579],[-82.89638,34.73664],[-82.90028,34.74239],[-82.89403,34.74839],[-82.8941,34.75449],[-82.88902,34.76077],[-82.89323,34.76541],[-82.88708,34.76869],[-82.88727,34.77531],[-82.88034,34.78168],[-82.87895,34.78858],[-82.88349,34.7918],[-82.88865,34.79953],[-82.88926,34.80758],[-82.89661,34.80295]]]},"properties":{"STATEFP":"45","COUNTYFP":"073","COUSUBFP":"93081","COUSUBNS":"01938418","GEOIDFQ":"0600000US4507393081","GEOID":"4507393081","NAME":"Seneca","NAMELSAD":"Seneca CCD","STUSPS":"SC","NAMELSADCO":"Oconee County","STATE_NAME":"South Carolina","LSAD":"22","ALAND":179604765,"AWATER":36390843}},
{"type":"Feature","geometry":{"type":"Polygon","coordinates":[[[-81.48465,34.49],[-81.48583,34.49371],[-81.49437,34.49199],[-81.51221,34.51],[-81.51802,34.51167],[-81.52098,34.51577],[-81.53184,34.52538],[-81.53808,34.53397],[-81.54378,34.53248],[-81.55162,34.53946],[-81.55209,34.54339],[-81.56011,34.55011],[-81.56262,34.5493],[-81.57006,34.55486],[-81.56782,34.56066],[-81.56664,34.57046],[-81.57479,34.5751],[-81.57771,34.57919],[-81.58441,34.57396],[-81.59622,34.59025],[-81.60353,34.5892],[-81.61303,34.59834],[-81.62294,34.6012],[-81.62775,34.59548],[-81.63464,34.59998],[-81.63499,34.60741],[-81.64173,34.60633],[-81.65173,34.60851],[-81.6646,34.61452],[-81.67153,34.6187],[-81.67451,34.62583],[-81.68049,34.62545],[-81.68041,34.63021],[-81.67524,34.63598],[-81.68957,34.63594],[-81.69342,34.64155],[-81.69952,34.63814],[-81.70786,34.64351],[-81.71694,34.64376],[-81.74001,34.66609],[-81.74753,34.66803],[-81.75598,34.66357],[-81.76815,34.66994],[-81.77293,34.66742],[-81.78301,34.67184],[-81.79192,34.67325],[-81.80349,34.68139],[-81.81459,34.68326],[-81.82036,34.68654],[-81.82708,34.66557],[-81.83823,34.64616],[-81.85186,34.59478],[-81.83923,34.59764],[-81.83934,34.59324],[-81.83167,34.59149],[-81.82586,34.58806],[-81.81817,34.5882],[-81.81357,34.58016],[-81.80232,34.58081],[-81.80026,34.57481],[-81.78676,34.57413],[-81.77987,34.56998],[-81.77539,34.57088],[-81.75986,34.56598],[-81.74961,34.56834],[-81.7447,34.56652],[-81.73789,34.55935],[-81.73362,34.56091],[-81.72739,34.55662],[-81.72295,34.55613],[-81.71618,34.55145],[-81.71163,34.55494],[-81.70105,34.55936],[-81.69076,34.55271],[-81.68264,34.55726],[-81.67923,34.55344],[-81.6694,34.55123],[-81.66755,34.54833],[-81.66089,34.54871],[-81.64829,34.53279],[-81.64355,34.53365],[-81.64018,34.5275],[-81.63121,34.52733],[-81.62786,34.52418],[-81.61779,34.52525],[-81.61697,34.51793],[-81.61337,34.51375],[-81.60272,34.51285],[-81.59342,34.50427],[-81.58843,34.49681],[-81.57858,34.49433],[-81.56335,34.48254],[-81.55288,34.47678],[-81.55178,34.47029],[-81.55702,34.46392],[-81.54867,34.46275],[-81.55231,34.4572],[-81.5511,34.45221],[-81.54043,34.44503],[-81.50778,34.4723],[-81.48465,34.49]]]},"properties":{"STATEFP":"45","COUNTYFP":"087","COUSUBFP":"90832","COUSUBNS":"01938244","GEOIDFQ":"0600000US4508790832","GEOID":"4508790832","NAME":"Cross Keys","NAMELSAD":"Cross Keys CCD","STUSPS":"SC","NAMELSADCO":"Union County","STATE_NAME":"South Carolina","LSAD":"22","ALAND":285290791,"AWATER":27594}},
{"type":"Feature","geometry":{"type":"Polygon","coordinates":[[[-81.51323,33.02855],[-81.51059,33.02581],[-81.50822,33.01751],[-81.50203,33.01511],[-81.4919,33.00669],[-81.49875,33.00507],[-81.49983,33.00066],[-81.4912,32.99782],[-81.49614,32.99091],[-81.49433,32.98626],[-81.49474,32.979],[-81.49784,32.97301],[-81.49947,32.96478],[-81.50503,32.96356],[-81.51135,32.96672],[-81.50861,32.95255],[-81.49945,32.94499],[-81.50272,32.93869],[-81.49983,32.93261],[-81.49509,32.9316],[-81.4832,32.9218],[-81.48705,32.91477],[-81.48001,32.91344],[-81.47918,32.90564],[-81.48081,32.89861],[-81.47065,32.89504],[-81.47162,32.90001],[-81.46592,32.89989],[-81.46465,32.896],[-81.46828,32.89228],[-81.4771,32.88747],[-81.47944,32.88108],[-81.47592,32.87764],[-81.46804,32.87668],[-81.46505,32.8809],[-81.46056,32.87516],[-81.45272,32.87167],[-81.44735,32.87417],[-81.43309,32.88729],[-81.42394,32.89249],[-81.41524,32.89443],[-81.40423,32.90344],[-81.38919,32.90518],[-81.3859,32.90969],[-81.37563,32.91938],[-81.36083,32.92809],[-81.35229,32.93747],[-81.3505,32.94235],[-81.34262,32.94753],[-81.33211,32.95634],[-81.33033,32.96323],[-81.32567,32.96955],[-81.32516,32.97901],[-81.30782,32.97201],[-81.2962,32.97556],[-81.28478,32.97467],[-81.28258,32.98271],[-81.27881,32.98763],[-81.27001,32.98152],[-81.26325,32.99167],[-81.2479,32.99953],[-81.25057,33.00929],[-81.24522,33.01636],[-81.25091,33.02334],[-81.24717,33.02499],[-81.25237,33.02776],[-81.26707,33.03153],[-81.27411,33.03183],[-81.29103,33.02819],[-81.2974,33.03002],[-81.30352,33.03946],[-81.30607,33.05128],[-81.31232,33.05682],[-81.31452,33.06392],[-81.32675,33.06207],[-81.34811,33.0695],[-81.34559,33.07543],[-81.34136,33.0785],[-81.33958,33.08817],[-81.33447,33.09262],[-81.33781,33.10822],[-81.36486,33.10806],[-81.42075,33.1249],[-81.45289,33.13492],[-81.45073,33.13311],[-81.45034,33.12066],[-81.44582,33.11108],[-81.44688,33.10405],[-81.44687,33.08961],[-81.45349,33.08132],[-81.46914,33.07059],[-81.47703,33.07308],[-81.48318,33.06871],[-81.49983,33.06092],[-81.50544,33.05329],[-81.50795,33.04018],[-81.51195,33.03902],[-81.51323,33.02855]]]},"properties":{"STATEFP":"45","COUNTYFP":"005","COUSUBFP":"90052","COUSUBNS":"01938184","GEOIDFQ":"0600000US4500590052","GEOID":"4500590052","NAME":"Allendale","NAMELSAD":"Allendale CCD","STUSPS":"SC","NAMELSADCO":"Allendale County","STATE_NAME":"South Carolina","LSAD":"22","ALAND":388773337,"AWATER":4676021}},
{"type":"Feature","geometry":{"type":"Polygon","coordinates":[[[-79.18026,33.69543],[-79.18877,33.69341],[-79.19522,33.68779],[-79.20067,33.69044],[-79.20715,33.68348],[-79.20299,33.67857],[-79.21201,33.67627],[-79.20831,33.67279],[-79.22118,33.66887],[-79.22884,33.66893],[-79.24637,33.66185],[-79.25796,33.65444],[-79.26342,33.65312],[-79.27427,33.64759],[-79.28444,33.64478],[-79.30768,33.62913],[-79.32891,33.61901],[-79.34046,33.61245],[-79.36035,33.59946],[-79.37529,33.58214],[-79.38297,33.57134],[-79.3782,33.56356],[-79.37989,33.55823],[-79.38872,33.55043],[-79.38411,33.54721],[-79.38751,33.54323],[-79.38831,33.53467],[-79.37857,33.52979],[-79.36755,33.53269],[-79.35872,33.54748],[-79.35229,33.53934],[-79.34137,33.53042],[-79.33588,33.52332],[-79.34102,33.51331],[-79.33687,33.50921],[-79.32455,33.50596],[-79.32246,33.50017],[-79.32725,33.49246],[-79.32547,33.49045],[-79.31615,33.48922],[-79.30944,33.49155],[-79.30268,33.50017],[-79.30396,33.50645],[-79.29848,33.50781],[-79.29813,33.49881],[-79.29461,33.49568],[-79.28694,33.49481],[-79.28389,33.49034],[-79.29022,33.48051],[-79.28504,33.47452],[-79.27909,33.48073],[-79.27433,33.48153],[-79.26942,33.47472],[-79.27004,33.46944],[-79.26141,33.46992],[-79.25775,33.46611],[-79.25908,33.45817],[-79.26277,33.45367],[-79.26087,33.44979],[-79.25159,33.45272],[-79.2485,33.44967],[-79.25046,33.44385],[-79.23486,33.42407],[-79.23552,33.42096],[-79.24411,33.41808],[-79.25108,33.41272],[-79.24699,33.39872],[-79.24977,33.39625],[-79.25951,33.39329],[-79.26183,33.38799],[-79.26304,33.37436],[-79.26591,33.36503],[-79.27098,33.35636],[-79.2623,33.35714],[-79.2575,33.35959],[-79.25267,33.36764],[-79.24977,33.37662],[-79.24204,33.38065],[-79.2193,33.40668],[-79.21296,33.4168],[-79.21108,33.42404],[-79.19338,33.43086],[-79.1831,33.43808],[-79.16926,33.45069],[-79.15673,33.46728],[-79.15683,33.47157],[-79.15288,33.48324],[-79.14788,33.48889],[-79.13904,33.50435],[-79.13171,33.50553],[-79.12556,33.51157],[-79.12476,33.517],[-79.1181,33.52037],[-79.10718,33.53034],[-79.10395,33.53642],[-79.09963,33.53735],[-79.09036,33.54521],[-79.08685,33.55266],[-79.08574,33.56024],[-79.09074,33.56777],[-79.09629,33.56883],[-79.10107,33.57297],[-79.10218,33.58167],[-79.09829,33.58786],[-79.09872,33.59652],[-79.09679,33.60035],[-79.09982,33.609],[-79.10451,33.61114],[-79.10755,33.60121],[-79.11106,33.60046],[-79.12217,33.60571],[-79.12325,33.62324],[-79.12896,33.62593],[-79.13095,33.63201],[-79.12987,33.63938],[-79.12347,33.64878],[-79.13118,33.65241],[-79.13636,33.66381],[-79.14148,33.65859],[-79.15193,33.65819],[-79.15431,33.66257],[-79.15218,33.67737],[-79.15903,33.68567],[-79.16339,33.68511],[-79.16734,33.68993],[-79.17549,33.69225],[-79.18026,33.69543]]]},"properties":{"STATEFP":"45","COUNTYFP":"043","COUSUBFP":"92665","COUSUBNS":"01938386","GEOIDFQ":"0600000US4504392665","GEOID":"4504392665","NAME":"Plantersville","NAMELSAD":"Plantersville CCD","STUSPS":"SC","NAMELSADCO":"Georgetown County","STATE_NAME":"South Carolina","LSAD":"22","ALAND":470351452,"AWATER":21612110}},
{"type":"Feature","geometry":{"type":"Polygon","coordinates":[[[-79.29597,34.07448],[-79.28889,34.08679],[-79.28262,34.09505],[-79.26924,34.11636],[-79.26686,34.12707],[-79.27197,34.12847],[-79.27888,34.13376],[-79.29572,34.13884],[-79.30494,34.1561],[-79.31462,34.15633],[-79.3199,34.16737],[-79.32312,34.17778],[-79.3214,34.1891],[-79.32683,34.19326],[-79.32728,34.20366],[-79.33711,34.21301],[-79.3389,34.21821],[-79.34731,34.23219],[-79.33371,34.24574],[-79.33958,34.25597],[-79.33967,34.26255],[-79.33518,34.26917],[-79.33644,34.2747],[-79.3307,34.28081],[-79.36465,34.29584],[-79.38026,34.30057],[-79.41104,34.30017],[-79.4281,34.29457],[-79.46684,34.289],[-79.48071,34.28808],[-79.4791,34.2786],[-79.48917,34.27747],[-79.49629,34.27482],[-79.50315,34.26524],[-79.50906,34.2594],[-79.51433,34.257],[-79.5221,34.25791],[-79.52442,34.25159],[-79.54146,34.24843],[-79.55428,34.2476],[-79.54668,34.23406],[-79.54793,34.23091],[-79.54404,34.22519],[-79.54573,34.21081],[-79.54852,34.2041],[-79.55067,34.20136],[-79.55954,34.19846],[-79.56899,34.19045],[-79.57183,34.18369],[-79.56898,34.17509],[-79.56191,34.17007],[-79.55551,34.15951],[-79.54396,34.1517],[-79.5445,34.14378],[-79.54162,34.13917],[-79.5342,34.1368],[-79.53248,34.12631],[-79.5271,34.12479],[-79.51721,34.12677],[-79.52377,34.11837],[-79.52244,34.11231],[-79.51861,34.11141],[-79.5198,34.10244],[-79.52906,34.10025],[-79.53086,34.09449],[-79.53028,34.07926],[-79.53551,34.07355],[-79.52825,34.07097],[-79.5269,34.06288],[-79.52121,34.0603],[-79.52149,34.05553],[-79.51693,34.04783],[-79.51305,34.04675],[-79.51124,34.03794],[-79.51345,34.03285],[-79.51078,34.01978],[-79.51283,34.01376],[-79.50898,34.00637],[-79.51127,34.00016],[-79.51694,33.99398],[-79.50947,33.98772],[-79.50573,33.97918],[-79.49978,33.97127],[-79.49609,33.96926],[-79.48627,33.96864],[-79.48203,33.9661],[-79.47976,33.96877],[-79.48293,33.97385],[-79.4814,33.97812],[-79.48378,33.98317],[-79.4828,33.98795],[-79.4879,34.00553],[-79.48486,34.01176],[-79.47992,34.03132],[-79.47878,34.04008],[-79.47485,34.04309],[-79.47252,34.04912],[-79.46692,34.05319],[-79.46905,34.06199],[-79.46325,34.07586],[-79.4645,34.08062],[-79.46004,34.08865],[-79.44588,34.09304],[-79.44245,34.09818],[-79.43599,34.09962],[-79.42038,34.10929],[-79.41452,34.11767],[-79.4076,34.12023],[-79.3959,34.11613],[-79.39363,34.10655],[-79.38959,34.09914],[-79.38573,34.09583],[-79.37918,34.09703],[-79.36725,34.09531],[-79.36242,34.07338],[-79.36755,34.06651],[-79.36698,34.06391],[-79.35618,34.06694],[-79.33359,34.0655],[-79.32841,34.06601],[-79.32188,34.07049],[-79.30671,34.07007],[-79.30306,34.07588],[-79.29597,34.07448]]]},"properties":{"STATEFP":"45","COUNTYFP":"067","COUSUBFP":"92171","COUSUBNS":"01938348","GEOIDFQ":"0600000US4506792171","GEOID":"4506792171","NAME":"Marion","NAMELSAD":"Marion CCD","STUSPS":"SC","NAMELSADCO":"Marion County","STATE_NAME":"South Carolina","LSAD":"22","ALAND":505546731,"AWATER":2631153}},
{"type":"Feature","geometry":{"type":"Polygon","coordinates":[[[-81.83806,35.01283],[-81.84243,35.01511],[-81.83949,35.02147],[-81.84691,35.02547],[-81.84462,35.02982],[-81.8503,35.03285],[-81.8848,35.02412],[-81.89616,35.02846],[-81.90394,35.03511],[-81.92643,35.03652],[-81.93455,35.03625],[-81.94555,35.03885],[-81.94992,35.02888],[-81.94997,35.02326],[-81.96478,35.01446],[-81.97235,35.01446],[-81.98524,35.01912],[-81.99304,35.02609],[-81.995,35.03285],[-82.00077,35.04024],[-82.00958,35.03788],[-82.01847,35.03319],[-82.02267,35.02502],[-82.02663,35.02193],[-82.02098,35.016],[-82.03077,35.00708],[-82.03649,35.00374],[-82.03669,34.99814],[-82.03378,34.98765],[-82.04453,34.98379],[-82.04873,34.97995],[-82.04375,34.96755],[-82.04572,34.96295],[-82.04585,34.95158],[-82.04212,34.93943],[-82.04492,34.93039],[-82.04049,34.92655],[-82.03954,34.91945],[-82.03312,34.91507],[-82.0347,34.91106],[-82.02742,34.90498],[-82.02454,34.89242],[-82.01973,34.887],[-82.01094,34.88215],[-82.00011,34.87035],[-81.99204,34.86631],[-81.98817,34.86068],[-81.98428,34.84929],[-81.97395,34.83872],[-81.97387,34.83665],[-81.96898,34.84055],[-81.96597,34.85425],[-81.96172,34.86217],[-81.95939,34.87136],[-81.9552,34.86639],[-81.93134,34.87934],[-81.91543,34.88263],[-81.90807,34.8866],[-81.89751,34.89029],[-81.8841,34.9055],[-81.8756,34.90876],[-81.87055,34.89719],[-81.8664,34.89426],[-81.85013,34.90124],[-81.8397,34.91294],[-81.84471,34.91698],[-81.86107,34.92549],[-81.85444,34.92679],[-81.84115,34.92578],[-81.83603,34.92795],[-81.82243,34.92967],[-81.80519,34.93909],[-81.7968,34.93383],[-81.78787,34.93555],[-81.78544,34.94541],[-81.7834,34.95549],[-81.78902,34.95581],[-81.789,34.96256],[-81.79568,34.96373],[-81.80117,34.96881],[-81.8028,34.9736],[-81.81427,34.97746],[-81.81751,34.98509],[-81.82236,34.98282],[-81.82653,34.98798],[-81.83061,34.98909],[-81.84224,35.00405],[-81.84325,35.00954],[-81.83806,35.01283]]]},"properties":{"STATEFP":"45","COUNTYFP":"083","COUSUBFP":"93198","COUSUBNS":"01938427","GEOIDFQ":"0600000US4508393198","GEOID":"4508393198","NAME":"Spartanburg","NAMELSAD":"Spartanburg CCD","STUSPS":"SC","NAMELSADCO":"Spartanburg County","STATE_NAME":"South Carolina","LSAD":"22","ALAND":315747424,"AWATER":1957215}},
{"type":"Feature","geometry":{"type":"Polygon","coordinates":[[[-81.00859,34.1235],[-81.01159,34.11485],[-81.00449,34.10427],[-81.0108,34.0999],[-81.01889,34.09771],[-81.02101,34.09148],[-81.02653,34.08924],[-81.04063,34.10508],[-81.05271,34.11052],[-81.05413,34.10266],[-81.06247,34.09522],[-81.06701,34.08581],[-81.07141,34.08167],[-81.08153,34.09038],[-81.08676,34.08886],[-81.08996,34.08404],[-81.08838,34.07955],[-81.07631,34.05915],[-81.07064,34.03874],[-81.0696,34.02592],[-81.06472,34.02085],[-81.06004,34.01224],[-81.05971,34.00525],[-81.05468,34.00079],[-81.04645,33.98803],[-81.04583,33.97664],[-81.03851,33.96807],[-81.03579,33.96259],[-81.01701,33.93086],[-81.01941,33.92116],[-81.02921,33.91645],[-81.02896,33.91204],[-81.0227,33.90924],[-81.01427,33.90815],[-81.01369,33.91387],[-81.00353,33.91165],[-80.99573,33.91194],[-80.98995,33.9162],[-80.98708,33.92106],[-80.98299,33.92203],[-80.9823,33.92759],[-80.97104,33.92898],[-80.9689,33.92257],[-80.97197,33.9195],[-80.96661,33.91528],[-80.96118,33.91975],[-80.95336,33.91666],[-80.95591,33.91264],[-80.96166,33.90957],[-80.95707,33.90617],[-80.94989,33.90888],[-80.95099,33.91535],[-80.94625,33.91973],[-80.93943,33.92267],[-80.9234,33.92719],[-80.91628,33.93473],[-80.91337,33.94185],[-80.91121,33.94579],[-80.90381,33.94432],[-80.90137,33.95004],[-80.89251,33.95963],[-80.88511,33.96094],[-80.88247,33.96509],[-80.88909,33.97329],[-80.88778,33.97699],[-80.89186,33.98528],[-80.91274,33.98062],[-80.92186,33.98291],[-80.92938,33.97834],[-80.93362,33.97991],[-80.94375,33.99421],[-80.95606,33.99483],[-80.95946,33.9999],[-80.93864,34.03383],[-80.93962,34.03804],[-80.9361,34.04324],[-80.90542,34.06382],[-80.91173,34.06802],[-80.92239,34.08029],[-80.93091,34.08205],[-80.93562,34.08588],[-80.94092,34.08253],[-80.94903,34.08823],[-80.95853,34.10054],[-80.9641,34.09468],[-80.96953,34.09327],[-80.98588,34.10331],[-80.9875,34.1122],[-80.99303,34.11774],[-80.9939,34.12329],[-81.00859,34.1235]]]},"properties":{"STATEFP":"45","COUNTYFP":"079","COUSUBFP":"90702","COUSUBNS":"01938234","GEOIDFQ":"0600000US4507990702","GEOID":"4507990702","NAME":"Columbia","NAMELSAD":"Columbia CCD","STUSPS":"SC","NAMELSADCO":"Richland County","STATE_NAME":"South Carolina","LSAD":"22","ALAND":238631561,"AWATER":5785715}},
{"type":"Feature","geometry":{"type":"MultiPolygon","coordinates":[[[[-82.88349,34.7918],[-82.87895,34.78858],[-82.88034,34.78168],[-82.88727,34.77531],[-82.88708,34.76869],[-82.89323,34.76541],[-82.88902,34.76077],[-82.8941,34.75449],[-82.89403,34.74839],[-82.90028,34.74239],[-82.89638,34.73664],[-82.88661,34.73579],[-82.87931,34.73765],[-82.87296,34.7366],[-82.86848,34.73107],[-82.86029,34.73144],[-82.85559,34.72527],[-82.859,34.71697],[-82.86004,34.70609],[-82.86511,34.70165],[-82.85992,34.69799],[-82.84943,34.69592],[-82.85378,34.68994],[-82.85328,34.68453],[-82.84912,34.68235],[-82.8536,34.67778],[-82.85124,34.66853],[-82.8445,34.66687],[-82.84408,34.66238],[-82.83894,34.6572],[-82.8401,34.65251],[-82.8376,34.64676],[-82.83669,34.63657],[-82.84795,34.63707],[-82.85531,34.62619],[-82.84712,34.62025],[-82.84001,34.62331],[-82.78757,34.67273],[-82.77637,34.68309],[-82.78183,34.68876],[-82.7821,34.69304],[-82.79114,34.69564],[-82.79838,34.70082],[-82.80861,34.70188],[-82.82176,34.70658],[-82.82531,34.706],[-82.83345,34.71421],[-82.84053,34.7194],[-82.83501,34.72815],[-82.84077,34.73687],[-82.83619,34.74405],[-82.83347,34.75192],[-82.83364,34.76091],[-82.84612,34.77721],[-82.85209,34.78125],[-82.85842,34.78282],[-82.86137,34.78683],[-82.86643,34.78608],[-82.87317,34.79458],[-82.87871,34.79629],[-82.88349,34.7918]]],[[[-82.85546,34.60907],[-82.84509,34.61852],[-82.85289,34.61478],[-82.85911,34.62153],[-82.86477,34.61304],[-82.85546,34.60907]]]]},"properties":{"STATEFP":"45","COUNTYFP":"077","COUSUBFP":"90650","COUSUBNS":"01938230","GEOIDFQ":"0600000US4507790650","GEOID":"4507790650","NAME":"Clemson","NAMELSAD":"Clemson CCD","STUSPS":"SC","NAMELSADCO":"Pickens County","STATE_NAME":"South Carolina","LSAD":"22","ALAND":67017941,"AWATER":5066415}},
{"type":"Feature","geometry":{"type":"Polygon","coordinates":[[[-80.00724,34.49488],[-80.0031,34.48644],[-79.99816,34.4718],[-79.99412,34.46647],[-79.98702,34.46413],[-79.98292,34.45973],[-79.96715,34.44736],[-79.95924,34.44395],[-79.95194,34.43401],[-79.9445,34.43192],[-79.94577,34.4256],[-79.94064,34.41766],[-79.93978,34.41053],[-79.93546,34.40451],[-79.93309,34.40196],[-79.92209,34.39887],[-79.91766,34.39291],[-79.90068,34.38684],[-79.89737,34.38375],[-79.88897,34.38267],[-79.88748,34.37951],[-79.87676,34.37634],[-79.8744,34.38397],[-79.87678,34.39764],[-79.87192,34.39943],[-79.86947,34.38743],[-79.86582,34.38368],[-79.85745,34.3796],[-79.84562,34.36641],[-79.84087,34.36331],[-79.83695,34.36769],[-79.81499,34.37181],[-79.80817,34.37576],[-79.80087,34.36906],[-79.78973,34.36848],[-79.77969,34.37099],[-79.77266,34.37057],[-79.758,34.37996],[-79.75347,34.38693],[-79.74491,34.3897],[-79.72867,34.38478],[-79.72883,34.38045],[-79.72227,34.37313],[-79.71355,34.38034],[-79.70637,34.38206],[-79.69993,34.37622],[-79.68863,34.37473],[-79.68598,34.37112],[-79.68802,34.3618],[-79.68457,34.35913],[-79.67549,34.3673],[-79.6737,34.37439],[-79.67815,34.37833],[-79.68702,34.38016],[-79.69092,34.38974],[-79.68481,34.3921],[-79.68456,34.40049],[-79.69483,34.40191],[-79.70149,34.40534],[-79.70347,34.39933],[-79.71704,34.40344],[-79.72195,34.40868],[-79.71844,34.41709],[-79.72128,34.41915],[-79.72755,34.41697],[-79.73557,34.42537],[-79.75057,34.4368],[-79.74909,34.44496],[-79.75279,34.45749],[-79.75245,34.46465],[-79.74927,34.46796],[-79.73897,34.46809],[-79.73431,34.46599],[-79.73041,34.46918],[-79.73279,34.4753],[-79.73088,34.47884],[-79.7234,34.4838],[-79.7219,34.48802],[-79.72783,34.49682],[-79.73368,34.49878],[-79.74272,34.49823],[-79.75441,34.50414],[-79.75139,34.5091],[-79.75211,34.51353],[-79.764,34.51831],[-79.7653,34.51225],[-79.77047,34.50847],[-79.7701,34.49627],[-79.78293,34.49777],[-79.7905,34.4853],[-79.79643,34.49162],[-79.79988,34.49084],[-79.80351,34.48476],[-79.80947,34.48608],[-79.81488,34.49719],[-79.82679,34.50302],[-79.83338,34.51026],[-79.82925,34.52028],[-79.83257,34.52486],[-79.82998,34.53193],[-79.83611,34.53514],[-79.84688,34.53082],[-79.84768,34.5255],[-79.85937,34.52036],[-79.86473,34.51319],[-79.86364,34.50873],[-79.87133,34.50531],[-79.87568,34.50109],[-79.87479,34.49633],[-79.88497,34.49111],[-79.89423,34.48915],[-79.90208,34.48923],[-79.91198,34.49468],[-79.91985,34.49576],[-79.93598,34.4909],[-79.94083,34.48802],[-79.9492,34.48988],[-79.9567,34.4867],[-79.96545,34.48769],[-79.96912,34.49273],[-79.98151,34.5016],[-79.9927,34.49907],[-79.99649,34.49615],[-80.00724,34.49488]]]},"properties":{"STATEFP":"45","COUNTYFP":"031","COUSUBFP":"93185","COUSUBNS":"01938426","GEOIDFQ":"0600000US4503193185","GEOID":"4503193185","NAME":"Society Hill","NAMELSAD":"Society Hill CCD","STUSPS":"SC","NAMELSADCO":"Darlington County","STATE_NAME":"South Carolina","LSAD":"22","ALAND":289531435,"AWATER":4163077}},
{"type":"Feature","geometry":{"type":"Polygon","coordinates":[[[-81.57771,34.57919],[-81.58176,34.58471],[-81.57907,34.59329],[-81.58105,34.60164],[-81.58546,34.6061],[-81.58631,34.62241],[-81.58873,34.62365],[-81.58877,34.63905],[-81.58689,34.64922],[-81.58046,34.65326],[-81.56969,34.65213],[-81.56553,34.65633],[-81.56073,34.66612],[-81.5557,34.66921],[-81.55353,34.67564],[-81.5421,34.66844],[-81.53631,34.6735],[-81.53429,34.67973],[-81.52326,34.68984],[-81.52342,34.69475],[-81.52991,34.69497],[-81.52632,34.70418],[-81.51963,34.71004],[-81.51233,34.71116],[-81.50922,34.71411],[-81.49948,34.71699],[-81.4913,34.71649],[-81.48218,34.71965],[-81.48031,34.72234],[-81.48852,34.72577],[-81.49731,34.73417],[-81.51112,34.73251],[-81.51816,34.73864],[-81.53851,34.74291],[-81.54474,34.75324],[-81.55071,34.76055],[-81.55636,34.76312],[-81.56121,34.77204],[-81.56464,34.7862],[-81.56945,34.78933],[-81.58171,34.78391],[-81.58751,34.79545],[-81.59079,34.79852],[-81.59594,34.81233],[-81.60639,34.81306],[-81.61513,34.81309],[-81.63577,34.81856],[-81.63997,34.80113],[-81.64655,34.7919],[-81.65699,34.80442],[-81.66246,34.79628],[-81.66237,34.79217],[-81.67526,34.77798],[-81.67847,34.7764],[-81.69029,34.77583],[-81.69689,34.77019],[-81.6999,34.76344],[-81.70619,34.76102],[-81.70478,34.75316],[-81.70945,34.73887],[-81.7136,34.73381],[-81.71327,34.72837],[-81.70844,34.71968],[-81.71045,34.71772],[-81.70496,34.70587],[-81.69937,34.70466],[-81.70451,34.69898],[-81.70228,34.69422],[-81.69749,34.69388],[-81.69073,34.68791],[-81.68502,34.68555],[-81.68883,34.67947],[-81.68199,34.66937],[-81.671,34.65698],[-81.66125,34.6506],[-81.66862,34.64462],[-81.6616,34.63264],[-81.66181,34.62426],[-81.6646,34.61452],[-81.65173,34.60851],[-81.64173,34.60633],[-81.63499,34.60741],[-81.63464,34.59998],[-81.62775,34.59548],[-81.62294,34.6012],[-81.61303,34.59834],[-81.60353,34.5892],[-81.59622,34.59025],[-81.58441,34.57396],[-81.57771,34.57919]]]},"properties":{"STATEFP":"45","COUNTYFP":"087","COUSUBFP":"93497","COUSUBNS":"01938450","GEOIDFQ":"0600000US4508793497","GEOID":"4508793497","NAME":"Union","NAMELSAD":"Union CCD","STUSPS":"SC","NAMELSADCO":"Union County","STATE_NAME":"South Carolina","LSAD":"22","ALAND":278985726,"AWATER":188113}},
{"type":"Feature","geometry":{"type":"Polygon","coordinates":[[[-80.68587,32.67281],[-80.67438,32.67241],[-80.66946,32.67003],[-80.66774,32.66554],[-80.67106,32.66164],[-80.68053,32.66285],[-80.68485,32.6561],[-80.68006,32.64391],[-80.67628,32.64249],[-80.66645,32.6457],[-80.66069,32.64328],[-80.65848,32.6394],[-80.66067,32.63386],[-80.67153,32.63396],[-80.67531,32.63145],[-80.67515,32.62518],[-80.66846,32.62283],[-80.65727,32.62852],[-80.65383,32.62518],[-80.65945,32.61801],[-80.65975,32.61268],[-80.64783,32.59637],[-80.64426,32.59442],[-80.62962,32.5907],[-80.62737,32.58409],[-80.62088,32.5812],[-80.61166,32.58987],[-80.60723,32.58916],[-80.60322,32.58178],[-80.59979,32.58105],[-80.58636,32.58617],[-80.57983,32.58427],[-80.57617,32.57776],[-80.58359,32.57073],[-80.58282,32.5662],[-80.57655,32.56507],[-80.56731,32.56644],[-80.5646,32.56385],[-80.56844,32.55296],[-80.56244,32.55096],[-80.55894,32.55521],[-80.5574,32.5662],[-80.5515,32.56577],[-80.54767,32.5567],[-80.54109,32.54548],[-80.53648,32.52922],[-80.52972,32.52275],[-80.51776,32.51914],[-80.50797,32.50521],[-80.50294,32.49565],[-80.48644,32.4879],[-80.47704,32.48545],[-80.47207,32.49696],[-80.45762,32.49951],[-80.45465,32.50352],[-80.44407,32.50492],[-80.43092,32.50091],[-80.42156,32.49484],[-80.4186,32.4895],[-80.41912,32.47896],[-80.41349,32.47067],[-80.39256,32.47533],[-80.38774,32.48297],[-80.37598,32.48799],[-80.37063,32.48758],[-80.36905,32.49178],[-80.36252,32.49563],[-80.36041,32.49981],[-80.34674,32.4945],[-80.33835,32.47873],[-80.33244,32.4781],[-80.2955,32.5037],[-80.27736,32.51802],[-80.25441,32.5321],[-80.25555,32.5361],[-80.26077,32.53651],[-80.26564,32.53146],[-80.26512,32.52824],[-80.27518,32.52444],[-80.27971,32.52463],[-80.28478,32.52964],[-80.29099,32.52733],[-80.3103,32.51377],[-80.31906,32.51111],[-80.32071,32.52232],[-80.33025,32.52233],[-80.33729,32.52613],[-80.34431,32.52346],[-80.34914,32.51816],[-80.343,32.51729],[-80.33203,32.51113],[-80.3303,32.50658],[-80.32465,32.50373],[-80.32675,32.49308],[-80.33681,32.4932],[-80.3513,32.49866],[-80.36805,32.51876],[-80.38148,32.53023],[-80.4077,32.54148],[-80.41488,32.54648],[-80.41528,32.55197],[-80.4123,32.55686],[-80.40627,32.55988],[-80.39845,32.56062],[-80.39368,32.56331],[-80.38914,32.57384],[-80.39711,32.59042],[-80.39546,32.59817],[-80.38705,32.61281],[-80.38995,32.61868],[-80.39442,32.61961],[-80.40323,32.61681],[-80.41625,32.60571],[-80.42041,32.60421],[-80.42599,32.61149],[-80.42804,32.62246],[-80.42534,32.62667],[-80.41135,32.62659],[-80.40551,32.62889],[-80.40236,32.63952],[-80.39583,32.64596],[-80.39145,32.64717],[-80.38927,32.65296],[-80.3933,32.65524],[-80.401,32.65196],[-80.40491,32.65241],[-80.41507,32.66267],[-80.42091,32.67006],[-80.41787,32.68069],[-80.4225,32.68639],[-80.41589,32.69474],[-80.41763,32.6998],[-80.42609,32.71589],[-80.43082,32.71216],[-80.43128,32.72258],[-80.44715,32.72838],[-80.45324,32.73906],[-80.44794,32.74844],[-80.44958,32.75725],[-80.44522,32.76535],[-80.44072,32.76505],[-80.43658,32.77022],[-80.43848,32.77274],[-80.43293,32.77848],[-80.43223,32.78326],[-80.43596,32.78774],[-80.42616,32.79793],[-80.42108,32.79838],[-80.41409,32.80884],[-80.40775,32.81084],[-80.40402,32.81864],[-80.4044,32.8226],[-80.40028,32.82833],[-80.3993,32.83547],[-80.39414,32.8445],[-80.39943,32.84574],[-80.40132,32.85853],[-80.3993,32.86445],[-80.40263,32.86587],[-80.40401,32.85778],[-80.50327,32.80133],[-80.53193,32.81289],[-80.53191,32.80726],[-80.5362,32.80323],[-80.5304,32.79731],[-80.52861,32.78863],[-80.53246,32.78435],[-80.53317,32.7785],[-80.54245,32.77053],[-80.54223,32.76533],[-80.54912,32.75619],[-80.55284,32.75493],[-80.55444,32.74888],[-80.55808,32.74634],[-80.56422,32.75397],[-80.56675,32.76215],[-80.57659,32.76467],[-80.58296,32.76906],[-80.59142,32.76741],[-80.59828,32.76847],[-80.6045,32.77257],[-80.61255,32.77055],[-80.61667,32.76646],[-80.62404,32.76549],[-80.61518,32.73479],[-80.61957,32.73176],[-80.63024,32.73833],[-80.63614,32.72924],[-80.63124,32.71765],[-80.63186,32.71414],[-80.63731,32.71067],[-80.65425,32.70561],[-80.66085,32.70056],[-80.67036,32.69709],[-80.68665,32.69659],[-80.68381,32.69134],[-80.68895,32.6877],[-80.69397,32.67445],[-80.68587,32.67281]]]},"properties":{"STATEFP":"45","COUNTYFP":"029","COUSUBFP":"91352","COUSUBNS":"01938284","GEOIDFQ":"0600000US4502991352","GEOID":"4502991352","NAME":"Green Pond","NAMELSAD":"Green Pond CCD","STUSPS":"SC","NAMELSADCO":"Colleton County","STATE_NAME":"South Carolina","LSAD":"22","ALAND":635784426,"AWATER":192020912}},
{"type":"Feature","geometry":{"type":"Polygon","coordinates":[[[-80.75745,33.8959],[-80.91337,33.94185],[-80.91628,33.93473],[-80.9234,33.92719],[-80.93943,33.92267],[-80.94625,33.91973],[-80.95099,33.91535],[-80.94989,33.90888],[-80.95707,33.90617],[-80.96166,33.90957],[-80.95591,33.91264],[-80.95336,33.91666],[-80.96118,33.91975],[-80.96661,33.91528],[-80.97197,33.9195],[-80.9689,33.92257],[-80.97104,33.92898],[-80.9823,33.92759],[-80.98299,33.92203],[-80.98708,33.92106],[-80.98995,33.9162],[-80.99573,33.91194],[-81.00353,33.91165],[-81.01369,33.91387],[-81.01427,33.90815],[-81.00875,33.9041],[-81.011,33.89813],[-81.01739,33.89655],[-81.02142,33.88807],[-81.01833,33.88216],[-81.01233,33.88008],[-81.00017,33.87844],[-80.99657,33.87381],[-80.99978,33.8606],[-80.98622,33.85746],[-80.98959,33.85269],[-80.98571,33.84873],[-80.97299,33.84699],[-80.96595,33.84785],[-80.95082,33.8409],[-80.94058,33.82848],[-80.93619,33.82639],[-80.92426,33.82741],[-80.92049,33.83485],[-80.9131,33.83293],[-80.91173,33.82988],[-80.91598,33.82491],[-80.91731,33.81374],[-80.91556,33.81142],[-80.89853,33.80877],[-80.89322,33.80993],[-80.87981,33.81562],[-80.86971,33.81239],[-80.86576,33.80272],[-80.85783,33.80157],[-80.8452,33.79599],[-80.83747,33.79391],[-80.83482,33.78739],[-80.82958,33.78491],[-80.82257,33.78457],[-80.82799,33.77621],[-80.8219,33.77439],[-80.81569,33.78107],[-80.80954,33.77848],[-80.80759,33.77421],[-80.79335,33.76953],[-80.78297,33.7689],[-80.78486,33.76101],[-80.77935,33.76171],[-80.77177,33.7719],[-80.76634,33.76682],[-80.75973,33.774],[-80.75618,33.76482],[-80.74981,33.7646],[-80.74734,33.76174],[-80.74486,33.76401],[-80.75157,33.77056],[-80.74797,33.77581],[-80.74159,33.77386],[-80.74068,33.76884],[-80.7359,33.7655],[-80.74046,33.75909],[-80.728,33.76182],[-80.72766,33.76741],[-80.72254,33.76735],[-80.71756,33.76083],[-80.7144,33.76164],[-80.71316,33.76865],[-80.7161,33.7679],[-80.72384,33.77863],[-80.7151,33.78593],[-80.71718,33.7911],[-80.71561,33.799],[-80.71628,33.80575],[-80.72313,33.80984],[-80.72755,33.82198],[-80.7288,33.83058],[-80.73569,33.83177],[-80.73013,33.84699],[-80.73592,33.85152],[-80.74172,33.85233],[-80.74894,33.86155],[-80.76536,33.87192],[-80.76801,33.87989],[-80.76822,33.88676],[-80.75745,33.8959]]]},"properties":{"STATEFP":"45","COUNTYFP":"079","COUSUBFP":"91573","COUSUBNS":"01938302","GEOIDFQ":"0600000US4507991573","GEOID":"4507991573","NAME":"Hopkins","NAMELSAD":"Hopkins CCD","STUSPS":"SC","NAMELSADCO":"Richland County","STATE_NAME":"South Carolina","LSAD":"22","ALAND":307851253,"AWATER":4478009}},
{"type":"Feature","geometry":{"type":"Polygon","coordinates":[[[-81.73794,34.18566],[-81.74395,34.17916],[-81.75386,34.17771],[-81.76334,34.17396],[-81.77102,34.17385],[-81.77364,34.16659],[-81.7788,34.16467],[-81.78416,34.17268],[-81.79358,34.16932],[-81.79999,34.17243],[-81.81082,34.17538],[-81.82383,34.17243],[-81.82881,34.17362],[-81.83421,34.178],[-81.83892,34.17218],[-81.85338,34.18008],[-81.86057,34.17937],[-81.8665,34.17205],[-81.87636,34.16783],[-81.87593,34.15578],[-81.87099,34.15],[-81.87276,34.14581],[-81.86673,34.14093],[-81.87008,34.13536],[-81.87046,34.12994],[-81.87824,34.12561],[-81.88092,34.12026],[-81.88755,34.11792],[-81.89066,34.11008],[-81.89522,34.10866],[-81.89568,34.09971],[-81.90027,34.09498],[-81.90714,34.09393],[-81.91578,34.09098],[-81.9196,34.07867],[-81.9153,34.07685],[-81.89742,34.0764],[-81.88559,34.0682],[-81.87743,34.06861],[-81.85638,34.06564],[-81.85079,34.06764],[-81.84424,34.06425],[-81.84054,34.05966],[-81.832,34.05965],[-81.82446,34.0614],[-81.81775,34.06665],[-81.80649,34.06793],[-81.7953,34.06449],[-81.7895,34.06914],[-81.78053,34.06604],[-81.77473,34.06596],[-81.76613,34.0605],[-81.75984,34.05986],[-81.75233,34.06495],[-81.74328,34.06909],[-81.73895,34.0669],[-81.73472,34.07136],[-81.72627,34.07375],[-81.7119,34.07212],[-81.70509,34.07535],[-81.69257,34.07125],[-81.68456,34.07285],[-81.68228,34.0697],[-81.66781,34.06602],[-81.66039,34.06456],[-81.66042,34.05897],[-81.65066,34.05532],[-81.64741,34.05241],[-81.64194,34.05505],[-81.64553,34.06009],[-81.64375,34.06365],[-81.63186,34.06493],[-81.62776,34.07036],[-81.61637,34.06905],[-81.60288,34.07023],[-81.58775,34.07801],[-81.58109,34.07349],[-81.57518,34.07377],[-81.57322,34.07746],[-81.56233,34.07911],[-81.56133,34.08418],[-81.55105,34.0868],[-81.54558,34.091],[-81.55415,34.09407],[-81.56342,34.09926],[-81.57135,34.09971],[-81.58554,34.11165],[-81.5896,34.11721],[-81.59652,34.11749],[-81.60248,34.11476],[-81.60429,34.1203],[-81.60891,34.12354],[-81.61995,34.12472],[-81.62483,34.12875],[-81.63135,34.14162],[-81.63696,34.14618],[-81.64742,34.14604],[-81.65489,34.14838],[-81.66009,34.1523],[-81.67267,34.15601],[-81.67667,34.16322],[-81.68411,34.16674],[-81.6915,34.17294],[-81.70904,34.17318],[-81.71859,34.17661],[-81.7263,34.18435],[-81.73161,34.18761],[-81.73794,34.18566]]]},"properties":{"STATEFP":"45","COUNTYFP":"081","COUSUBFP":"92440","COUSUBNS":"01938412","GEOIDFQ":"0600000US4508192440","GEOID":"4508192440","NAME":"North Saluda","NAMELSAD":"North Saluda CCD","STUSPS":"SC","NAMELSADCO":"Saluda County","STATE_NAME":"South Carolina","LSAD":"22","ALAND":294441829,"AWATER":9515185}},
{"type":"Feature","geometry":{"type":"Polygon","coordinates":[[[-79.75211,34.51353],[-79.74469,34.51314],[-79.74893,34.52512],[-79.74175,34.53117],[-79.73312,34.53319],[-79.72915,34.54639],[-79.72102,34.55626],[-79.70485,34.5442],[-79.69369,34.55543],[-79.67928,34.56239],[-79.67711,34.572],[-79.67386,34.57627],[-79.66758,34.57762],[-79.63489,34.57764],[-79.6343,34.5827],[-79.63777,34.59385],[-79.63643,34.60139],[-79.62853,34.6116],[-79.62359,34.61448],[-79.62045,34.62271],[-79.62034,34.62732],[-79.61506,34.63707],[-79.61165,34.65095],[-79.61734,34.65088],[-79.63276,34.66254],[-79.63573,34.6666],[-79.64468,34.66831],[-79.6536,34.66497],[-79.6602,34.66427],[-79.66292,34.66138],[-79.66599,34.67596],[-79.66679,34.68719],[-79.66098,34.69916],[-79.65424,34.70443],[-79.6523,34.71521],[-79.66298,34.73322],[-79.6635,34.74131],[-79.66908,34.74736],[-79.66961,34.75684],[-79.66616,34.7674],[-79.65823,34.77317],[-79.64412,34.77914],[-79.6753,34.80474],[-79.71232,34.80523],[-79.71253,34.79133],[-79.70815,34.76344],[-79.71441,34.76302],[-79.7175,34.75942],[-79.71692,34.75203],[-79.72168,34.74719],[-79.7181,34.73894],[-79.72418,34.72328],[-79.7212,34.71614],[-79.72663,34.70722],[-79.73188,34.70136],[-79.73284,34.69639],[-79.74286,34.69248],[-79.75228,34.69038],[-79.75739,34.6793],[-79.76072,34.66466],[-79.76463,34.6596],[-79.76645,34.64829],[-79.76638,34.63726],[-79.77077,34.63144],[-79.77048,34.62752],[-79.7802,34.62128],[-79.77781,34.61429],[-79.78408,34.60725],[-79.79378,34.60615],[-79.80313,34.60966],[-79.80912,34.59901],[-79.80881,34.58473],[-79.81171,34.57842],[-79.81766,34.57318],[-79.82403,34.54847],[-79.82851,34.54219],[-79.82998,34.53193],[-79.83257,34.52486],[-79.82925,34.52028],[-79.83338,34.51026],[-79.82679,34.50302],[-79.81488,34.49719],[-79.80947,34.48608],[-79.80351,34.48476],[-79.79988,34.49084],[-79.79643,34.49162],[-79.7905,34.4853],[-79.78293,34.49777],[-79.7701,34.49627],[-79.77047,34.50847],[-79.7653,34.51225],[-79.764,34.51831],[-79.75211,34.51353]]]},"properties":{"STATEFP":"45","COUNTYFP":"069","COUSUBFP":"90234","COUSUBNS":"01938198","GEOIDFQ":"0600000US4506990234","GEOID":"4506990234","NAME":"Bennettsville","NAMELSAD":"Bennettsville CCD","STUSPS":"SC","NAMELSADCO":"Marlboro County","STATE_NAME":"South Carolina","LSAD":"22","ALAND":311275623,"AWATER":4659725}},
{"type":"Feature","geometry":{"type":"Polygon","coordinates":[[[-79.39165,33.55201],[-79.39313,33.55762],[-79.40217,33.56438],[-79.40522,33.57411],[-79.41174,33.57692],[-79.40625,33.58107],[-79.41423,33.58803],[-79.42574,33.58973],[-79.43219,33.59233],[-79.4236,33.60314],[-79.42988,33.60848],[-79.42821,33.61979],[-79.43329,33.62155],[-79.44247,33.59596],[-79.43554,33.57885],[-79.43589,33.57251],[-79.45721,33.5581],[-79.48333,33.53677],[-79.49305,33.52076],[-79.50438,33.51314],[-79.53808,33.4969],[-79.54529,33.4909],[-79.54499,33.48722],[-79.55201,33.48076],[-79.59011,33.44354],[-79.59599,33.42155],[-79.60259,33.41828],[-79.60579,33.41361],[-79.60377,33.40816],[-79.59501,33.41525],[-79.58332,33.40696],[-79.57839,33.40007],[-79.56171,33.3967],[-79.55104,33.39751],[-79.53939,33.39695],[-79.52642,33.40012],[-79.51392,33.40121],[-79.50505,33.39408],[-79.50257,33.38705],[-79.49696,33.38171],[-79.48659,33.37599],[-79.46993,33.37294],[-79.46098,33.37446],[-79.45824,33.37196],[-79.44741,33.36848],[-79.43417,33.3705],[-79.42281,33.37013],[-79.41657,33.37254],[-79.41242,33.36251],[-79.40512,33.35989],[-79.40096,33.3552],[-79.39199,33.35728],[-79.39225,33.36089],[-79.38368,33.36251],[-79.37726,33.36464],[-79.37288,33.36149],[-79.35754,33.36249],[-79.35166,33.36824],[-79.37059,33.37805],[-79.377,33.37912],[-79.38093,33.38313],[-79.37972,33.39131],[-79.38269,33.40123],[-79.38894,33.40642],[-79.46624,33.42536],[-79.47025,33.43214],[-79.47542,33.4359],[-79.47419,33.44538],[-79.47663,33.44921],[-79.47321,33.45479],[-79.47093,33.46292],[-79.46351,33.46867],[-79.45802,33.46813],[-79.45492,33.47507],[-79.45821,33.48077],[-79.45046,33.48206],[-79.46221,33.49271],[-79.4486,33.50423],[-79.44167,33.50728],[-79.4289,33.50613],[-79.42426,33.509],[-79.42443,33.5161],[-79.41917,33.51601],[-79.41165,33.52422],[-79.41884,33.526],[-79.42367,33.52089],[-79.43544,33.52249],[-79.4348,33.52698],[-79.42839,33.53142],[-79.42833,33.53724],[-79.421,33.53879],[-79.40762,33.53569],[-79.4076,33.53271],[-79.3983,33.53283],[-79.3948,33.53693],[-79.39582,33.54128],[-79.40147,33.54672],[-79.39165,33.55201]]]},"properties":{"STATEFP":"45","COUNTYFP":"043","COUSUBFP":"90078","COUSUBNS":"01938186","GEOIDFQ":"0600000US4504390078","GEOID":"4504390078","NAME":"Andrews","NAMELSAD":"Andrews CCD","STUSPS":"SC","NAMELSADCO":"Georgetown County","STATE_NAME":"South Carolina","LSAD":"22","ALAND":224335596,"AWATER":2882417}},
{"type":"Feature","geometry":{"type":"Polygon","coordinates":[[[-79.32362,34.33357],[-79.31458,34.32552],[-79.31014,34.32706],[-79.30548,34.32319],[-79.29866,34.32232],[-79.29129,34.31743],[-79.31421,34.30618],[-79.32838,34.30865],[-79.32733,34.30292],[-79.32165,34.30237],[-79.31649,34.29903],[-79.31257,34.29078],[-79.30667,34.28929],[-79.29784,34.27827],[-79.2944,34.27699],[-79.28237,34.27271],[-79.2768,34.2695],[-79.27186,34.26975],[-79.25954,34.25903],[-79.23944,34.25434],[-79.22808,34.25808],[-79.21939,34.25879],[-79.21432,34.25554],[-79.17347,34.28753],[-79.12816,34.25365],[-79.12108,34.25744],[-79.11141,34.26587],[-79.10854,34.27313],[-79.10024,34.27572],[-79.08849,34.28369],[-79.08822,34.29234],[-79.08356,34.29443],[-79.07831,34.29274],[-79.07622,34.29702],[-79.07126,34.29931],[-79.19898,34.4067],[-79.2356,34.43776],[-79.2436,34.43036],[-79.25297,34.41583],[-79.25752,34.405],[-79.25765,34.39968],[-79.2697,34.3686],[-79.27881,34.36496],[-79.29315,34.36243],[-79.29847,34.35961],[-79.30724,34.35138],[-79.32362,34.33357]]]},"properties":{"STATEFP":"45","COUNTYFP":"033","COUSUBFP":"91833","COUSUBNS":"01938322","GEOIDFQ":"0600000US4503391833","GEOID":"4503391833","NAME":"Lake View","NAMELSAD":"Lake View CCD","STUSPS":"SC","NAMELSADCO":"Dillon County","STATE_NAME":"South Carolina","LSAD":"22","ALAND":249475565,"AWATER":2652540}},
{"type":"Feature","geometry":{"type":"Polygon","coordinates":[[[-81.04149,35.0447],[-81.03819,35.03903],[-81.03802,35.02751],[-81.0273,35.01882],[-81.02316,35.01871],[-81.01471,35.02388],[-81.0025,35.01811],[-80.99623,35.01066],[-80.99875,35.00735],[-80.99706,34.99673],[-80.99329,34.99118],[-80.98767,34.98864],[-80.97417,34.98566],[-80.96666,34.98276],[-80.95739,34.97451],[-80.96036,34.96682],[-80.95978,34.96265],[-80.95369,34.96058],[-80.94693,34.95498],[-80.93588,34.95341],[-80.89366,34.94425],[-80.88731,34.94645],[-80.87642,34.94668],[-80.86849,34.9413],[-80.86856,34.9507],[-80.87378,34.95647],[-80.87255,34.9616],[-80.87893,34.96234],[-80.8847,34.9662],[-80.88239,34.96985],[-80.88866,34.9847],[-80.88573,34.99155],[-80.89402,34.99317],[-80.89485,35.00017],[-80.90232,35.00574],[-80.90434,35.01093],[-80.90949,35.01648],[-80.90366,35.0204],[-80.89914,35.02856],[-80.89814,35.03919],[-80.90588,35.04678],[-80.90072,35.05705],[-80.90078,35.06211],[-80.90596,35.06374],[-80.90734,35.06968],[-80.90621,35.07639],[-80.93495,35.10741],[-80.95787,35.09264],[-81.04149,35.0447]]]},"properties":{"STATEFP":"45","COUNTYFP":"091","COUSUBFP":"91183","COUSUBNS":"01938271","GEOIDFQ":"0600000US4509191183","GEOID":"4509191183","NAME":"Fort Mill","NAMELSAD":"Fort Mill CCD","STUSPS":"SC","NAMELSADCO":"York County","STATE_NAME":"South Carolina","LSAD":"22","ALAND":139407661,"AWATER":5796378}},
{"type":"Feature","geometry":{"type":"Polygon","coordinates":[[[-81.47197,34.07655],[-81.49623,34.02777],[-81.48267,34.01661],[-81.4739,34.00586],[-81.46397,33.99092],[-81.45357,33.98309],[-81.44715,33.97023],[-81.44925,33.95504],[-81.45502,33.94404],[-81.46001,33.93899],[-81.46742,33.93701],[-81.45763,33.91987],[-81.46038,33.90639],[-81.46153,33.89368],[-81.46545,33.8924],[-81.46951,33.88307],[-81.47379,33.87967],[-81.46758,33.87135],[-81.46888,33.86168],[-81.46472,33.84918],[-81.45989,33.84668],[-81.45573,33.84043],[-81.457,33.83124],[-81.45603,33.82266],[-81.45743,33.81769],[-81.45746,33.80317],[-81.46056,33.79725],[-81.45143,33.78989],[-81.44669,33.78368],[-81.43574,33.77567],[-81.43108,33.76608],[-81.43226,33.76207],[-81.42377,33.74147],[-81.41814,33.73447],[-81.41168,33.73068],[-81.4034,33.7322],[-81.39328,33.72678],[-81.38985,33.72726],[-81.36691,33.75809],[-81.3646,33.76294],[-81.35171,33.77922],[-81.33599,33.78977],[-81.33117,33.79671],[-81.32863,33.80484],[-81.32325,33.81423],[-81.32186,33.81969],[-81.31301,33.84248],[-81.31575,33.85823],[-81.31611,33.87358],[-81.32162,33.88589],[-81.32501,33.89945],[-81.32502,33.90974],[-81.32903,33.92283],[-81.33391,33.93317],[-81.33155,33.93857],[-81.33163,33.94705],[-81.32728,33.9686],[-81.33499,33.98351],[-81.33741,33.99327],[-81.3497,34.00546],[-81.35966,34.01035],[-81.35592,34.01378],[-81.35302,34.02844],[-81.34977,34.03812],[-81.34299,34.04582],[-81.3263,34.05395],[-81.314,34.06303],[-81.3309,34.06496],[-81.34986,34.06829],[-81.37002,34.06538],[-81.38888,34.06927],[-81.39408,34.07155],[-81.41473,34.07419],[-81.42492,34.08295],[-81.43042,34.08328],[-81.44487,34.07767],[-81.4655,34.08731],[-81.47197,34.07655]]]},"properties":{"STATEFP":"45","COUNTYFP":"063","COUSUBFP":"91261","COUSUBNS":"01938277","GEOIDFQ":"0600000US4506391261","GEOID":"4506391261","NAME":"Gilbert","NAMELSAD":"Gilbert CCD","STUSPS":"SC","NAMELSADCO":"Lexington County","STATE_NAME":"South Carolina","LSAD":"22","ALAND":394817823,"AWATER":41040227}},
{"type":"Feature","geometry":{"type":"Polygon","coordinates":[[[-82.45514,34.75068],[-82.46343,34.74488],[-82.45975,34.73886],[-82.46349,34.73676],[-82.46554,34.72124],[-82.46379,34.7164],[-82.45741,34.71424],[-82.45975,34.70873],[-82.46517,34.7088],[-82.46295,34.70161],[-82.45688,34.69952],[-82.4631,34.69344],[-82.45904,34.68865],[-82.46386,34.68563],[-82.45742,34.68234],[-82.45881,34.67265],[-82.46464,34.67237],[-82.46188,34.65546],[-82.45729,34.65073],[-82.45432,34.64331],[-82.44964,34.63997],[-82.45345,34.63637],[-82.45293,34.62377],[-82.44976,34.61932],[-82.43904,34.60988],[-82.43593,34.60511],[-82.42835,34.59887],[-82.42404,34.60924],[-82.42283,34.61769],[-82.42924,34.62399],[-82.43032,34.63051],[-82.42465,34.6353],[-82.42833,34.63894],[-82.4182,34.64441],[-82.40872,34.65262],[-82.39836,34.65716],[-82.39293,34.66176],[-82.38405,34.66413],[-82.37813,34.66838],[-82.37547,34.67437],[-82.36495,34.67489],[-82.36246,34.66904],[-82.35556,34.66846],[-82.35204,34.67193],[-82.3436,34.67165],[-82.3395,34.6692],[-82.33818,34.65895],[-82.32873,34.66598],[-82.31711,34.6704],[-82.31937,34.68208],[-82.31145,34.68408],[-82.30554,34.68366],[-82.29825,34.69199],[-82.30714,34.69855],[-82.32156,34.72778],[-82.32532,34.7288],[-82.32281,34.73554],[-82.33132,34.744],[-82.33192,34.74859],[-82.35007,34.74788],[-82.3553,34.74613],[-82.34831,34.73706],[-82.35341,34.73381],[-82.36332,34.73418],[-82.38877,34.72698],[-82.39294,34.74617],[-82.39677,34.74871],[-82.40692,34.74744],[-82.41507,34.74104],[-82.42177,34.73844],[-82.41928,34.73077],[-82.42725,34.73393],[-82.44757,34.75183],[-82.45514,34.75068]]]},"properties":{"STATEFP":"45","COUNTYFP":"045","COUSUBFP":"92652","COUSUBNS":"01938385","GEOIDFQ":"0600000US4504592652","GEOID":"4504592652","NAME":"Piedmont","NAMELSAD":"Piedmont CCD","STUSPS":"SC","NAMELSADCO":"Greenville County","STATE_NAME":"South Carolina","LSAD":"22","ALAND":130155447,"AWATER":1700220}},
{"type":"Feature","geometry":{"type":"Polygon","coordinates":[[[-80.4428,33.87891],[-80.45018,33.87693],[-80.46517,33.88003],[-80.4704,33.87474],[-80.47075,33.86902],[-80.46556,33.85961],[-80.46314,33.85004],[-80.46925,33.83421],[-80.44556,33.83368],[-80.42718,33.83637],[-80.41793,33.82913],[-80.40929,33.83005],[-80.43546,33.78641],[-80.44088,33.78284],[-80.44167,33.77604],[-80.44748,33.76613],[-80.45665,33.76446],[-80.46757,33.76561],[-80.47106,33.76746],[-80.48138,33.7682],[-80.478,33.75606],[-80.47115,33.7474],[-80.46797,33.7404],[-80.46858,33.73097],[-80.47844,33.71426],[-80.45444,33.71352],[-80.44929,33.73753],[-80.43092,33.73831],[-80.42593,33.72409],[-80.43291,33.72118],[-80.43443,33.71189],[-80.392,33.71555],[-80.39215,33.72261],[-80.39699,33.74686],[-80.39713,33.76782],[-80.27406,33.78587],[-80.28875,33.79592],[-80.29853,33.80922],[-80.31115,33.81421],[-80.31354,33.82209],[-80.31796,33.82949],[-80.31911,33.837],[-80.32781,33.85107],[-80.32792,33.85677],[-80.33498,33.8597],[-80.3408,33.86733],[-80.34578,33.8728],[-80.3619,33.87904],[-80.38397,33.87618],[-80.39132,33.87827],[-80.40859,33.87815],[-80.42341,33.88036],[-80.4428,33.87891]]]},"properties":{"STATEFP":"45","COUNTYFP":"085","COUSUBFP":"92743","COUSUBNS":"01938392","GEOIDFQ":"0600000US4508592743","GEOID":"4508592743","NAME":"Privateer","NAMELSAD":"Privateer CCD","STUSPS":"SC","NAMELSADCO":"Sumter County","STATE_NAME":"South Carolina","LSAD":"22","ALAND":176779207,"AWATER":1837281}},
{"type":"Feature","geometry":{"type":"Polygon","coordinates":[[[-82.43106,34.40825],[-82.41561,34.39696],[-82.40736,34.38771],[-82.39976,34.38173],[-82.38622,34.38631],[-82.37902,34.38428],[-82.37424,34.38075],[-82.38226,34.36846],[-82.3723,34.36705],[-82.3559,34.37047],[-82.35033,34.36951],[-82.34748,34.36322],[-82.34688,34.35451],[-82.33655,34.3516],[-82.32861,34.34678],[-82.31403,34.35816],[-82.24634,34.40968],[-82.25287,34.41417],[-82.2544,34.42015],[-82.25946,34.41947],[-82.26033,34.42585],[-82.26606,34.43323],[-82.27309,34.43378],[-82.2778,34.43673],[-82.28317,34.44831],[-82.28793,34.45358],[-82.29388,34.45524],[-82.30502,34.46129],[-82.31454,34.46963],[-82.31247,34.47633],[-82.31387,34.48434],[-82.43106,34.40825]]]},"properties":{"STATEFP":"45","COUNTYFP":"001","COUSUBFP":"90897","COUSUBNS":"01938249","GEOIDFQ":"0600000US4500190897","GEOID":"4500190897","NAME":"Donalds","NAMELSAD":"Donalds CCD","STUSPS":"SC","NAMELSADCO":"Abbeville County","STATE_NAME":"South Carolina","LSAD":"22","ALAND":125601429,"AWATER":773688}},
{"type":"Feature","geometry":{"type":"Polygon","coordinates":[[[-79.68802,34.3618],[-79.69273,34.35652],[-79.6866,34.35414],[-79.67942,34.34422],[-79.67639,34.33628],[-79.66883,34.3274],[-79.66157,34.32373],[-79.65942,34.31766],[-79.66187,34.31065],[-79.65776,34.30519],[-79.64175,34.29976],[-79.63537,34.3013],[-79.63341,34.29799],[-79.54556,34.45324],[-79.55237,34.46103],[-79.55784,34.47056],[-79.5669,34.47576],[-79.57155,34.48128],[-79.57336,34.48667],[-79.58183,34.49479],[-79.59485,34.49939],[-79.60221,34.50019],[-79.57306,34.5216],[-79.57761,34.5269],[-79.59242,34.52972],[-79.60704,34.53885],[-79.60267,34.54333],[-79.61348,34.54714],[-79.62355,34.54537],[-79.63125,34.55325],[-79.63767,34.56409],[-79.6383,34.56752],[-79.63489,34.57764],[-79.66758,34.57762],[-79.67386,34.57627],[-79.67711,34.572],[-79.67928,34.56239],[-79.69369,34.55543],[-79.70485,34.5442],[-79.72102,34.55626],[-79.72915,34.54639],[-79.73312,34.53319],[-79.74175,34.53117],[-79.74893,34.52512],[-79.74469,34.51314],[-79.75211,34.51353],[-79.75139,34.5091],[-79.75441,34.50414],[-79.74272,34.49823],[-79.73368,34.49878],[-79.72783,34.49682],[-79.7219,34.48802],[-79.7234,34.4838],[-79.73088,34.47884],[-79.73279,34.4753],[-79.73041,34.46918],[-79.73431,34.46599],[-79.73897,34.46809],[-79.74927,34.46796],[-79.75245,34.46465],[-79.75279,34.45749],[-79.74909,34.44496],[-79.75057,34.4368],[-79.73557,34.42537],[-79.72755,34.41697],[-79.72128,34.41915],[-79.71844,34.41709],[-79.72195,34.40868],[-79.71704,34.40344],[-79.70347,34.39933],[-79.70149,34.40534],[-79.69483,34.40191],[-79.68456,34.40049],[-79.68481,34.3921],[-79.69092,34.38974],[-79.68702,34.38016],[-79.67815,34.37833],[-79.6737,34.37439],[-79.67549,34.3673],[-79.68457,34.35913],[-79.68802,34.3618]]]},"properties":{"STATEFP":"45","COUNTYFP":"069","COUSUBFP":"90299","COUSUBNS":"01938203","GEOIDFQ":"0600000US4506990299","GEOID":"4506990299","NAME":"Blenheim","NAMELSAD":"Blenheim CCD","STUSPS":"SC","NAMELSADCO":"Marlboro County","STATE_NAME":"South Carolina","LSAD":"22","ALAND":333304548,"AWATER":3877616}},
{"type":"Feature","geometry":{"type":"Polygon","coordinates":[[[-80.17159,32.70791],[-80.15525,32.70679],[-80.14831,32.70962],[-80.13888,32.71135],[-80.12482,32.70573],[-80.11844,32.71093],[-80.10622,32.7161],[-80.09882,32.71728],[-80.08546,32.71323],[-80.07553,32.7002],[-80.08001,32.693],[-80.09494,32.68376],[-80.10129,32.68292],[-80.10457,32.67963],[-80.11337,32.67714],[-80.1163,32.67338],[-80.12482,32.66857],[-80.13264,32.66609],[-80.14283,32.65816],[-80.14705,32.65166],[-80.15724,32.64446],[-80.1633,32.63702],[-80.16612,32.63081],[-80.16411,32.62339],[-80.16579,32.61396],[-80.15676,32.61085],[-80.15024,32.60846],[-80.14284,32.60824],[-80.13937,32.60437],[-80.13037,32.60359],[-80.1266,32.60676],[-80.12046,32.61586],[-80.10474,32.61581],[-80.09734,32.61851],[-80.08773,32.61887],[-80.06133,32.63207],[-80.05349,32.63731],[-80.01737,32.6396],[-80.01551,32.64933],[-80.00957,32.6576],[-80.00367,32.66191],[-80.00029,32.66813],[-80.00345,32.67781],[-80.00375,32.68446],[-80.00028,32.68795],[-79.99237,32.68975],[-79.98809,32.69623],[-79.98863,32.7079],[-79.9874,32.71543],[-79.99134,32.7199],[-80.00471,32.72312],[-80.00939,32.7287],[-80.00835,32.74049],[-80.01002,32.75281],[-80.00396,32.76581],[-80.00871,32.76868],[-80.02221,32.76828],[-80.03211,32.77028],[-80.04725,32.77809],[-80.05381,32.77868],[-80.07057,32.77086],[-80.07933,32.77763],[-80.08894,32.77896],[-80.10188,32.78714],[-80.11153,32.78309],[-80.12104,32.78085],[-80.12788,32.777],[-80.13336,32.7684],[-80.13138,32.76058],[-80.13589,32.75459],[-80.13722,32.74867],[-80.14064,32.74708],[-80.15131,32.74796],[-80.15547,32.74986],[-80.16294,32.7479],[-80.17203,32.7345],[-80.16882,32.73116],[-80.16431,32.7201],[-80.17135,32.71086],[-80.17159,32.70791]]]},"properties":{"STATEFP":"45","COUNTYFP":"019","COUSUBFP":"91703","COUSUBNS":"01938312","GEOIDFQ":"0600000US4501991703","GEOID":"4501991703","NAME":"Johns Island","NAMELSAD":"Johns Island CCD","STUSPS":"SC","NAMELSADCO":"Charleston County","STATE_NAME":"South Carolina","LSAD":"22","ALAND":196012076,"AWATER":15301501}},
{"type":"Feature","geometry":{"type":"Polygon","coordinates":[[[-80.12104,32.78085],[-80.11153,32.78309],[-80.10188,32.78714],[-80.08894,32.77896],[-80.07933,32.77763],[-80.07057,32.77086],[-80.05381,32.77868],[-80.04725,32.77809],[-80.03211,32.77028],[-80.02221,32.76828],[-80.00871,32.76868],[-80.00396,32.76581],[-79.99049,32.76916],[-79.9862,32.76614],[-79.97286,32.76645],[-79.96375,32.76813],[-79.94948,32.77366],[-79.96701,32.78858],[-79.97232,32.79862],[-79.96636,32.8128],[-79.96661,32.82478],[-79.9686,32.83061],[-79.97864,32.83461],[-79.99233,32.83631],[-80.0085,32.8279],[-80.0157,32.82843],[-80.02407,32.83563],[-80.02992,32.83875],[-80.03973,32.84811],[-80.04872,32.84641],[-80.05151,32.84856],[-80.05943,32.86046],[-80.05981,32.8645],[-80.06473,32.87056],[-80.08071,32.87493],[-80.08164,32.87772],[-80.07571,32.88449],[-80.0808,32.88693],[-80.09415,32.88289],[-80.09766,32.88696],[-80.09939,32.89123],[-80.10551,32.89341],[-80.11244,32.89173],[-80.11947,32.89363],[-80.11824,32.90115],[-80.12279,32.90177],[-80.12544,32.88964],[-80.14479,32.88756],[-80.14966,32.87886],[-80.16218,32.87461],[-80.15492,32.86505],[-80.16349,32.85454],[-80.17126,32.86299],[-80.17674,32.86708],[-80.1857,32.86081],[-80.1869,32.852],[-80.18374,32.84707],[-80.17526,32.84576],[-80.16169,32.84105],[-80.15759,32.83211],[-80.15686,32.82673],[-80.14848,32.81903],[-80.14719,32.81848],[-80.13942,32.79942],[-80.13098,32.79375],[-80.13137,32.78748],[-80.12104,32.78085]]]},"properties":{"STATEFP":"45","COUNTYFP":"019","COUSUBFP":"93646","COUSUBNS":"02584540","GEOIDFQ":"0600000US4501993646","GEOID":"4501993646","NAME":"West Ashley","NAMELSAD":"West Ashley CCD","STUSPS":"SC","NAMELSADCO":"Charleston County","STATE_NAME":"South Carolina","LSAD":"22","ALAND":158461308,"AWATER":11008259}},
{"type":"Feature","geometry":{"type":"Polygon","coordinates":[[[-79.63489,34.57764],[-79.6383,34.56752],[-79.63767,34.56409],[-79.63125,34.55325],[-79.62355,34.54537],[-79.61348,34.54714],[-79.60267,34.54333],[-79.60704,34.53885],[-79.59242,34.52972],[-79.57761,34.5269],[-79.57306,34.5216],[-79.60221,34.50019],[-79.59485,34.49939],[-79.58183,34.49479],[-79.57336,34.48667],[-79.57155,34.48128],[-79.5669,34.47576],[-79.55784,34.47056],[-79.55237,34.46103],[-79.54556,34.45324],[-79.5061,34.52303],[-79.46061,34.60262],[-79.46663,34.60541],[-79.47732,34.60758],[-79.49654,34.60762],[-79.50552,34.61216],[-79.5121,34.62068],[-79.51744,34.63004],[-79.51734,34.63503],[-79.52311,34.63603],[-79.5372,34.63581],[-79.54823,34.63383],[-79.54984,34.62818],[-79.54352,34.62152],[-79.54169,34.61622],[-79.5457,34.61471],[-79.57081,34.61736],[-79.57715,34.61675],[-79.58738,34.62123],[-79.60705,34.62462],[-79.61485,34.62235],[-79.62045,34.62271],[-79.62359,34.61448],[-79.62853,34.6116],[-79.63643,34.60139],[-79.63777,34.59385],[-79.6343,34.5827],[-79.63489,34.57764]]]},"properties":{"STATEFP":"45","COUNTYFP":"069","COUSUBFP":"90676","COUSUBNS":"01938232","GEOIDFQ":"0600000US4506990676","GEOID":"4506990676","NAME":"Clio","NAMELSAD":"Clio CCD","STUSPS":"SC","NAMELSADCO":"Marlboro County","STATE_NAME":"South Carolina","LSAD":"22","ALAND":174568290,"AWATER":425389}},
{"type":"Feature","geometry":{"type":"Polygon","coordinates":[[[-79.98362,34.24436],[-79.99356,34.24679],[-79.99813,34.25488],[-80.00375,34.25961],[-80.01389,34.26115],[-80.02405,34.26941],[-80.02391,34.27619],[-80.02804,34.2803],[-80.06763,34.27898],[-80.08336,34.27169],[-80.09562,34.27316],[-80.09962,34.26641],[-80.10507,34.26449],[-80.10942,34.25732],[-80.11833,34.24723],[-80.11724,34.23776],[-80.11173,34.22861],[-80.09999,34.22522],[-80.0959,34.22679],[-80.07716,34.21262],[-80.0605,34.20414],[-80.05303,34.19603],[-80.04189,34.19224],[-80.02888,34.18354],[-80.02051,34.17014],[-80.00943,34.16495],[-80.00248,34.16468],[-79.98538,34.15293],[-79.97858,34.15073],[-79.97412,34.14703],[-79.94691,34.16431],[-79.91398,34.18522],[-79.89018,34.20029],[-79.91017,34.20981],[-79.91182,34.21216],[-79.92609,34.22286],[-79.93091,34.22886],[-79.94292,34.23449],[-79.95707,34.24494],[-79.96441,34.24678],[-79.98362,34.24436]]]},"properties":{"STATEFP":"45","COUNTYFP":"031","COUSUBFP":"91820","COUSUBNS":"01938321","GEOIDFQ":"0600000US4503191820","GEOID":"4503191820","NAME":"Lake Swamp","NAMELSAD":"Lake Swamp CCD","STUSPS":"SC","NAMELSADCO":"Darlington County","STATE_NAME":"South Carolina","LSAD":"22","ALAND":154710582,"AWATER":333928}},
{"type":"Feature","geometry":{"type":"Polygon","coordinates":[[[-82.52593,34.94332],[-82.52543,34.93951],[-82.51755,34.93396],[-82.5211,34.92736],[-82.51585,34.92601],[-82.50872,34.9284],[-82.50387,34.93629],[-82.4955,34.93383],[-82.49317,34.9362],[-82.4918,34.94554],[-82.48408,34.94997],[-82.47747,34.94683],[-82.47093,34.94704],[-82.46509,34.94091],[-82.45848,34.95013],[-82.43951,34.95082],[-82.43873,34.9566],[-82.43173,34.96403],[-82.42896,34.9638],[-82.41582,34.96852],[-82.40623,34.96661],[-82.3993,34.96771],[-82.39308,34.96547],[-82.38168,34.95659],[-82.38115,34.96],[-82.37032,34.96661],[-82.36212,34.96838],[-82.34285,34.96428],[-82.34498,34.97324],[-82.34995,34.9746],[-82.34854,34.98523],[-82.3433,34.99194],[-82.34536,34.99378],[-82.35548,34.99996],[-82.36824,35.01039],[-82.38257,35.01756],[-82.3923,35.02043],[-82.39708,35.02395],[-82.40557,35.02599],[-82.41381,35.03147],[-82.42372,35.03131],[-82.43171,35.04241],[-82.44093,35.04435],[-82.45319,35.03724],[-82.46224,35.03405],[-82.4704,35.03337],[-82.48601,35.02723],[-82.49483,35.01798],[-82.4952,35.0117],[-82.50119,35.01021],[-82.5113,35.00006],[-82.51504,34.989],[-82.52357,34.97746],[-82.51967,34.97469],[-82.51964,34.96726],[-82.52465,34.96457],[-82.52281,34.9603],[-82.52576,34.95235],[-82.52593,34.94332]]]},"properties":{"STATEFP":"45","COUNTYFP":"045","COUSUBFP":"93432","COUSUBNS":"01938445","GEOIDFQ":"0600000US4504593432","GEOID":"4504593432","NAME":"Travelers Rest","NAMELSAD":"Travelers Rest CCD","STUSPS":"SC","NAMELSADCO":"Greenville County","STATE_NAME":"South Carolina","LSAD":"22","ALAND":118644789,"AWATER":913796}},
{"type":"Feature","geometry":{"type":"Polygon","coordinates":[[[-80.88718,33.35534],[-80.88772,33.34543],[-80.88394,33.34073],[-80.88058,33.32957],[-80.8821,33.32607],[-80.87614,33.32304],[-80.87276,33.31781],[-80.87416,33.31278],[-80.87902,33.31198],[-80.88508,33.30182],[-80.88161,33.27803],[-80.88216,33.27439],[-80.88827,33.26778],[-80.88711,33.26418],[-80.88788,33.26054],[-80.87795,33.25502],[-80.87023,33.25305],[-80.86911,33.24907],[-80.86298,33.24582],[-80.85572,33.24518],[-80.8558,33.23771],[-80.84615,33.23833],[-80.84541,33.22477],[-80.84176,33.22009],[-80.84391,33.2121],[-80.83464,33.20353],[-80.82475,33.20161],[-80.81722,33.19535],[-80.81701,33.18749],[-80.80837,33.18305],[-80.8036,33.17776],[-80.79791,33.17694],[-80.7903,33.18084],[-80.70104,33.22867],[-80.70433,33.23476],[-80.70657,33.24383],[-80.71338,33.24879],[-80.72626,33.25282],[-80.73068,33.26343],[-80.73,33.27677],[-80.73169,33.27857],[-80.73132,33.2889],[-80.73273,33.29323],[-80.74196,33.30679],[-80.74587,33.30973],[-80.75706,33.31069],[-80.76438,33.31978],[-80.76646,33.32791],[-80.77721,33.33246],[-80.78001,33.34406],[-80.78507,33.34977],[-80.79489,33.34702],[-80.80194,33.34308],[-80.81612,33.35003],[-80.82919,33.35846],[-80.82853,33.3497],[-80.83805,33.35352],[-80.84344,33.3578],[-80.85332,33.35611],[-80.85839,33.3485],[-80.86219,33.349],[-80.8607,33.3559],[-80.86759,33.35662],[-80.88718,33.35534]]]},"properties":{"STATEFP":"45","COUNTYFP":"075","COUSUBFP":"90390","COUSUBNS":"01938210","GEOIDFQ":"0600000US4507590390","GEOID":"4507590390","NAME":"Branchville","NAMELSAD":"Branchville CCD","STUSPS":"SC","NAMELSADCO":"Orangeburg County","STATE_NAME":"South Carolina","LSAD":"22","ALAND":215447215,"AWATER":201516}},
{"type":"Feature","geometry":{"type":"Polygon","coordinates":[[[-79.71232,34.80523],[-79.77375,34.80593],[-79.87069,34.80538],[-79.93073,34.80662],[-79.93462,34.79758],[-79.93199,34.78293],[-79.92809,34.76988],[-79.92524,34.7653],[-79.91673,34.76058],[-79.90407,34.75172],[-79.8918,34.7399],[-79.88593,34.72677],[-79.87872,34.71683],[-79.87427,34.70499],[-79.87196,34.69384],[-79.85939,34.67779],[-79.85138,34.671],[-79.8408,34.66949],[-79.83045,34.65721],[-79.81687,34.65868],[-79.80836,34.65078],[-79.79863,34.64866],[-79.79546,34.64628],[-79.80178,34.64076],[-79.80059,34.63767],[-79.7902,34.63183],[-79.79037,34.62356],[-79.77781,34.61429],[-79.7802,34.62128],[-79.77048,34.62752],[-79.77077,34.63144],[-79.76638,34.63726],[-79.76645,34.64829],[-79.76463,34.6596],[-79.76072,34.66466],[-79.75739,34.6793],[-79.75228,34.69038],[-79.74286,34.69248],[-79.73284,34.69639],[-79.73188,34.70136],[-79.72663,34.70722],[-79.7212,34.71614],[-79.72418,34.72328],[-79.7181,34.73894],[-79.72168,34.74719],[-79.71692,34.75203],[-79.7175,34.75942],[-79.71441,34.76302],[-79.70815,34.76344],[-79.71253,34.79133],[-79.71232,34.80523]]]},"properties":{"STATEFP":"45","COUNTYFP":"069","COUSUBFP":"93588","COUSUBNS":"01938457","GEOIDFQ":"0600000US4506993588","GEOID":"4506993588","NAME":"Wallace","NAMELSAD":"Wallace CCD","STUSPS":"SC","NAMELSADCO":"Marlboro County","STATE_NAME":"South Carolina","LSAD":"22","ALAND":255238173,"AWATER":4167355}},
{"type":"Feature","geometry":{"type":"Polygon","coordinates":[[[-80.9875,34.1122],[-80.98021,34.11813],[-80.97894,34.1229],[-80.97232,34.12221],[-80.95046,34.12698],[-80.94341,34.13169],[-80.9392,34.12939],[-80.92839,34.12982],[-80.91825,34.13388],[-80.91085,34.14749],[-80.91097,34.15656],[-80.90664,34.16964],[-80.90317,34.17236],[-80.90063,34.18347],[-80.89151,34.19176],[-80.87447,34.18373],[-80.86913,34.18287],[-80.84792,34.2257],[-80.82592,34.26876],[-80.9619,34.25202],[-81.01692,34.23826],[-81.0052,34.2283],[-80.99986,34.22188],[-80.99859,34.21326],[-81.0014,34.21196],[-81.01298,34.20013],[-81.01913,34.19541],[-81.01778,34.19114],[-81.01288,34.18722],[-81.00694,34.17927],[-81.00377,34.1724],[-81.0034,34.16487],[-81.00504,34.15448],[-81.00169,34.14837],[-81.00228,34.13393],[-81.00741,34.12985],[-81.00859,34.1235],[-80.9939,34.12329],[-80.99303,34.11774],[-80.9875,34.1122]]]},"properties":{"STATEFP":"45","COUNTYFP":"079","COUSUBFP":"90325","COUSUBNS":"01938205","GEOIDFQ":"0600000US4507990325","GEOID":"4507990325","NAME":"Blythewood","NAMELSAD":"Blythewood CCD","STUSPS":"SC","NAMELSADCO":"Richland County","STATE_NAME":"South Carolina","LSAD":"22","ALAND":171597122,"AWATER":1714822}},
{"type":"Feature","geometry":{"type":"Polygon","coordinates":[[[-82.23487,34.86788],[-82.23778,34.87148],[-82.24305,34.87201],[-82.24716,34.87819],[-82.25069,34.87853],[-82.25307,34.88625],[-82.25114,34.89622],[-82.25349,34.90705],[-82.2582,34.91672],[-82.26651,34.91667],[-82.26891,34.92044],[-82.26955,34.93258],[-82.27624,34.94445],[-82.28184,34.94634],[-82.28625,34.95608],[-82.2866,34.96376],[-82.28348,34.9699],[-82.27661,34.978],[-82.2642,34.97963],[-82.25809,34.97761],[-82.26159,34.98199],[-82.28168,34.98519],[-82.291,34.98762],[-82.29392,34.99424],[-82.30364,35.00042],[-82.31676,35.0226],[-82.31558,35.02743],[-82.33347,35.02172],[-82.34556,35.00998],[-82.34785,34.9996],[-82.34536,34.99378],[-82.3433,34.99194],[-82.34854,34.98523],[-82.34995,34.9746],[-82.34498,34.97324],[-82.34285,34.96428],[-82.34129,34.95787],[-82.33598,34.95298],[-82.32827,34.95172],[-82.32166,34.94438],[-82.32787,34.94331],[-82.33375,34.93903],[-82.32606,34.9277],[-82.32077,34.92548],[-82.31617,34.91321],[-82.32043,34.904],[-82.31346,34.8965],[-82.29853,34.89431],[-82.29691,34.88537],[-82.28776,34.88129],[-82.27844,34.87941],[-82.26674,34.87398],[-82.25952,34.86655],[-82.24931,34.8626],[-82.23487,34.86788]]]},"properties":{"STATEFP":"45","COUNTYFP":"045","COUSUBFP":"93380","COUSUBNS":"01938441","GEOIDFQ":"0600000US4504593380","GEOID":"4504593380","NAME":"Taylors","NAMELSAD":"Taylors CCD","STUSPS":"SC","NAMELSADCO":"Greenville County","STATE_NAME":"South Carolina","LSAD":"22","ALAND":78128689,"AWATER":2080870}},
{"type":"Feature","geometry":{"type":"Polygon","coordinates":[[[-82.29873,34.65337],[-82.29408,34.64827],[-82.29376,34.64206],[-82.29692,34.63753],[-82.29509,34.63237],[-82.30378,34.62149],[-82.29716,34.61641],[-82.29852,34.61104],[-82.2939,34.60764],[-82.29153,34.60172],[-82.28656,34.60442],[-82.28071,34.59968],[-82.2811,34.59295],[-82.27341,34.59223],[-82.27411,34.58181],[-82.2661,34.57844],[-82.25677,34.57636],[-82.24894,34.57237],[-82.24662,34.56887],[-82.23958,34.56963],[-82.23888,34.56033],[-82.24139,34.55116],[-82.23572,34.54949],[-82.23478,34.58881],[-82.19743,34.67699],[-82.17784,34.71876],[-82.19275,34.72305],[-82.19684,34.72838],[-82.21139,34.73207],[-82.22159,34.72889],[-82.21587,34.71456],[-82.22626,34.70895],[-82.23209,34.70897],[-82.23507,34.70575],[-82.24426,34.70457],[-82.24657,34.68472],[-82.25304,34.68481],[-82.25885,34.67269],[-82.27502,34.66211],[-82.28816,34.6607],[-82.29549,34.65786],[-82.29873,34.65337]]]},"properties":{"STATEFP":"45","COUNTYFP":"045","COUSUBFP":"91209","COUSUBNS":"01938273","GEOIDFQ":"0600000US4504591209","GEOID":"4504591209","NAME":"Fountain Inn","NAMELSAD":"Fountain Inn CCD","STUSPS":"SC","NAMELSADCO":"Greenville County","STATE_NAME":"South Carolina","LSAD":"22","ALAND":95781075,"AWATER":547131}},
{"type":"Feature","geometry":{"type":"Polygon","coordinates":[[[-82.90433,34.92787],[-82.90644,34.93214],[-82.90331,34.93504],[-82.91135,34.94219],[-82.9151,34.94899],[-82.9088,34.95439],[-82.91916,34.95989],[-82.91848,34.9676],[-82.91589,34.9724],[-82.92963,34.97697],[-82.93408,34.97659],[-82.93864,34.98091],[-82.93723,34.98556],[-82.94013,34.98851],[-82.93788,34.99579],[-82.9288,35.00962],[-82.91836,35.00609],[-82.91211,35.00951],[-82.91319,35.01279],[-82.92038,35.01514],[-82.91384,35.02951],[-82.91826,35.03607],[-82.90982,35.04154],[-82.90496,35.04208],[-82.90347,35.0496],[-82.89909,35.04934],[-82.89756,35.05601],[-82.99987,35.02995],[-83.0233,35.02378],[-83.02768,35.01464],[-83.02508,35.00304],[-83.02588,34.9946],[-83.03003,34.98282],[-83.02822,34.97522],[-83.03036,34.96617],[-83.02069,34.95924],[-83.02007,34.95417],[-83.02966,34.94281],[-83.03708,34.93195],[-83.03715,34.92299],[-83.04323,34.91456],[-83.04771,34.90223],[-83.04634,34.89123],[-83.04766,34.88377],[-83.05044,34.88286],[-83.04666,34.87539],[-83.03465,34.87111],[-83.02434,34.87198],[-83.0158,34.87013],[-83.01043,34.8738],[-83.00453,34.86807],[-82.99805,34.86666],[-82.98577,34.85854],[-82.98033,34.8493],[-82.98546,34.84428],[-82.9815,34.83706],[-82.96686,34.83214],[-82.95637,34.83575],[-82.94906,34.83326],[-82.94095,34.83548],[-82.94114,34.83081],[-82.93294,34.81911],[-82.92297,34.81318],[-82.91961,34.80315],[-82.9116,34.79791],[-82.90578,34.80159],[-82.89661,34.80295],[-82.89595,34.8156],[-82.90113,34.82322],[-82.89776,34.82472],[-82.89919,34.83194],[-82.89608,34.83693],[-82.90127,34.84678],[-82.89996,34.85335],[-82.90468,34.85963],[-82.90214,34.86497],[-82.90469,34.86841],[-82.90667,34.88627],[-82.90929,34.89468],[-82.9031,34.89514],[-82.90032,34.90236],[-82.90618,34.90645],[-82.90145,34.91463],[-82.90894,34.92126],[-82.90433,34.92787]]]},"properties":{"STATEFP":"45","COUNTYFP":"073","COUSUBFP":"92964","COUSUBNS":"01938409","GEOIDFQ":"0600000US4507392964","GEOID":"4507392964","NAME":"Salem","NAMELSAD":"Salem CCD","STUSPS":"SC","NAMELSADCO":"Oconee County","STATE_NAME":"South Carolina","LSAD":"22","ALAND":207532861,"AWATER":35471745}},
{"type":"Feature","geometry":{"type":"Polygon","coordinates":[[[-82.32695,34.06412],[-82.30817,33.97995],[-82.30588,33.97179],[-82.29117,33.98029],[-82.26313,34.0031],[-82.24365,34.01789],[-82.23532,34.01065],[-82.22991,33.99991],[-82.22084,33.9911],[-82.21394,33.98608],[-82.20029,33.9786],[-82.17484,33.97243],[-82.16772,33.97305],[-82.15107,33.98652],[-82.11212,33.98233],[-82.10478,33.98444],[-82.09902,33.98962],[-82.0942,33.99713],[-82.09854,34.01031],[-82.10346,34.01163],[-82.10539,34.01577],[-82.1051,34.02354],[-82.10691,34.0312],[-82.11268,34.04025],[-82.11393,34.05353],[-82.11806,34.06032],[-82.12942,34.06288],[-82.12622,34.06755],[-82.12783,34.07217],[-82.12509,34.08157],[-82.13309,34.08331],[-82.14521,34.07627],[-82.15396,34.07952],[-82.16306,34.08112],[-82.16798,34.07968],[-82.17252,34.08679],[-82.18419,34.0864],[-82.19085,34.0904],[-82.20083,34.0886],[-82.21489,34.09372],[-82.21595,34.10274],[-82.22402,34.11227],[-82.23084,34.12246],[-82.24931,34.13598],[-82.2498,34.13452],[-82.26884,34.10713],[-82.30254,34.08061],[-82.32695,34.06412]]]},"properties":{"STATEFP":"45","COUNTYFP":"047","COUSUBFP":"93471","COUSUBNS":"01938448","GEOIDFQ":"0600000US4504793471","GEOID":"4504793471","NAME":"Troy","NAMELSAD":"Troy CCD","STUSPS":"SC","NAMELSADCO":"Greenwood County","STATE_NAME":"South Carolina","LSAD":"22","ALAND":227995708,"AWATER":463374}},
{"type":"Feature","geometry":{"type":"Polygon","coordinates":[[[-82.32695,34.06412],[-82.37659,34.05737],[-82.45271,34.06034],[-82.46129,34.06597],[-82.46425,34.06982],[-82.48355,34.08122],[-82.48703,34.07785],[-82.49523,34.07641],[-82.50085,34.0719],[-82.51771,34.07005],[-82.53046,34.07192],[-82.5945,34.01392],[-82.58855,33.99977],[-82.58339,33.99529],[-82.57625,33.99301],[-82.58046,33.98213],[-82.57416,33.97355],[-82.56908,33.96989],[-82.5662,33.96477],[-82.56458,33.95581],[-82.55684,33.94535],[-82.54313,33.94095],[-82.53411,33.94365],[-82.52451,33.94336],[-82.51295,33.93697],[-82.50358,33.92605],[-82.49293,33.90975],[-82.48011,33.9019],[-82.46991,33.89284],[-82.45939,33.88639],[-82.4551,33.88165],[-82.4405,33.87512],[-82.42916,33.86584],[-82.42062,33.86375],[-82.40835,33.86632],[-82.4022,33.86466],[-82.39573,33.85909],[-82.38497,33.85443],[-82.3733,33.84475],[-82.35633,33.83794],[-82.35822,33.84558],[-82.3616,33.84913],[-82.35673,33.85399],[-82.35387,33.86209],[-82.35349,33.87035],[-82.35787,33.87522],[-82.36539,33.87648],[-82.38043,33.88992],[-82.38323,33.89513],[-82.38172,33.90047],[-82.38773,33.90656],[-82.38457,33.91735],[-82.3932,33.93179],[-82.39597,33.94121],[-82.39288,33.94564],[-82.39809,33.95414],[-82.39454,33.9613],[-82.3749,33.96896],[-82.36502,33.97006],[-82.35743,33.97431],[-82.34578,33.97458],[-82.34102,33.97637],[-82.32941,33.97465],[-82.32668,33.97661],[-82.31477,33.9749],[-82.30817,33.97995],[-82.32695,34.06412]]]},"properties":{"STATEFP":"45","COUNTYFP":"065","COUSUBFP":"92262","COUSUBNS":"01938355","GEOIDFQ":"0600000US4506592262","GEOID":"4506592262","NAME":"Mount Carmel","NAMELSAD":"Mount Carmel CCD","STUSPS":"SC","NAMELSADCO":"McCormick County","STATE_NAME":"South Carolina","LSAD":"22","ALAND":344953963,"AWATER":35916977}},
{"type":"Feature","geometry":{"type":"Polygon","coordinates":[[[-81.31575,33.85823],[-81.31225,33.85717],[-81.29662,33.86069],[-81.28636,33.86798],[-81.24455,33.90537],[-81.24277,33.90634],[-81.20806,33.90936],[-81.20065,33.90934],[-81.18493,33.91309],[-81.17092,33.91356],[-81.16568,33.91788],[-81.16055,33.92672],[-81.1455,33.94399],[-81.15288,33.95349],[-81.14397,33.95979],[-81.13281,33.96487],[-81.13775,33.97212],[-81.14381,33.97189],[-81.14666,33.98192],[-81.14799,33.99232],[-81.15385,34.00127],[-81.14642,34.00643],[-81.15231,34.01542],[-81.15489,34.02457],[-81.16165,34.03544],[-81.15812,34.03835],[-81.16274,34.04255],[-81.174,34.04807],[-81.18727,34.04522],[-81.20331,34.05053],[-81.2098,34.05077],[-81.21678,34.05343],[-81.23311,34.05187],[-81.24212,34.05236],[-81.25892,34.0564],[-81.27411,34.05663],[-81.27897,34.06112],[-81.295,34.05966],[-81.314,34.06303],[-81.3263,34.05395],[-81.34299,34.04582],[-81.34977,34.03812],[-81.35302,34.02844],[-81.35592,34.01378],[-81.35966,34.01035],[-81.3497,34.00546],[-81.33741,33.99327],[-81.33499,33.98351],[-81.32728,33.9686],[-81.33163,33.94705],[-81.33155,33.93857],[-81.33391,33.93317],[-81.32903,33.92283],[-81.32502,33.90974],[-81.32501,33.89945],[-81.32162,33.88589],[-81.31611,33.87358],[-81.31575,33.85823]]]},"properties":{"STATEFP":"45","COUNTYFP":"063","COUSUBFP":"91937","COUSUBNS":"01938330","GEOIDFQ":"0600000US4506391937","GEOID":"4506391937","NAME":"Lexington","NAMELSAD":"Lexington CCD","STUSPS":"SC","NAMELSADCO":"Lexington County","STATE_NAME":"South Carolina","LSAD":"22","ALAND":262444688,"AWATER":39169603}},
{"type":"Feature","geometry":{"type":"Polygon","coordinates":[[[-81.63151,33.52665],[-81.63388,33.52434],[-81.62599,33.50469],[-81.61297,33.49497],[-81.60685,33.48752],[-81.59367,33.48202],[-81.58849,33.47628],[-81.59939,33.46755],[-81.59639,33.4584],[-81.59979,33.45303],[-81.60568,33.43537],[-81.60532,33.4254],[-81.60829,33.41887],[-81.60555,33.415],[-81.60453,33.40724],[-81.60622,33.40346],[-81.60714,33.399],[-81.59765,33.39954],[-81.5867,33.39734],[-81.57598,33.3985],[-81.56654,33.40366],[-81.56276,33.40138],[-81.55364,33.40375],[-81.55155,33.39788],[-81.54449,33.39966],[-81.53389,33.3922],[-81.5261,33.39368],[-81.52064,33.38462],[-81.51632,33.38231],[-81.46304,33.42208],[-81.37483,33.48965],[-81.37293,33.49042],[-81.37349,33.49051],[-81.37786,33.49454],[-81.38647,33.49818],[-81.39202,33.5031],[-81.3929,33.50997],[-81.39742,33.51124],[-81.40143,33.51775],[-81.40865,33.51845],[-81.41484,33.52417],[-81.43254,33.53132],[-81.43733,33.53739],[-81.44873,33.53932],[-81.45423,33.53712],[-81.47062,33.54593],[-81.47467,33.55049],[-81.48094,33.55053],[-81.48351,33.55564],[-81.49112,33.56098],[-81.50251,33.56654],[-81.50788,33.56475],[-81.53168,33.56435],[-81.54824,33.5573],[-81.55669,33.55576],[-81.56197,33.5576],[-81.56651,33.55595],[-81.57182,33.56006],[-81.57968,33.56183],[-81.58512,33.56616],[-81.5973,33.57025],[-81.60323,33.57685],[-81.60663,33.5739],[-81.61117,33.55792],[-81.62696,33.53603],[-81.63151,33.52665]]]},"properties":{"STATEFP":"45","COUNTYFP":"003","COUSUBFP":"93744","COUSUBNS":"01938469","GEOIDFQ":"0600000US4500393744","GEOID":"4500393744","NAME":"Windsor","NAMELSAD":"Windsor CCD","STUSPS":"SC","NAMELSADCO":"Aiken County","STATE_NAME":"South Carolina","LSAD":"22","ALAND":306331654,"AWATER":1149964}},
{"type":"Feature","geometry":{"type":"Polygon","coordinates":[[[-80.36185,33.25744],[-80.3591,33.27199],[-80.35442,33.27676],[-80.34464,33.27785],[-80.33012,33.27223],[-80.32226,33.26605],[-80.3172,33.26412],[-80.30194,33.26746],[-80.29448,33.27126],[-80.28927,33.27911],[-80.28816,33.28976],[-80.29537,33.30131],[-80.2886,33.31052],[-80.28576,33.31891],[-80.28819,33.3258],[-80.30552,33.33692],[-80.30636,33.341],[-80.31258,33.35064],[-80.32439,33.35099],[-80.33191,33.35323],[-80.33535,33.3577],[-80.34128,33.36072],[-80.34459,33.36955],[-80.34835,33.37213],[-80.36151,33.37272],[-80.36928,33.38577],[-80.37316,33.38539],[-80.37739,33.39331],[-80.39563,33.39382],[-80.40363,33.39364],[-80.42995,33.38583],[-80.43462,33.38164],[-80.43988,33.36797],[-80.44553,33.36138],[-80.45382,33.34415],[-80.4606,33.33673],[-80.47514,33.3306],[-80.48486,33.33089],[-80.48802,33.3329],[-80.49433,33.33064],[-80.49103,33.31886],[-80.49042,33.31174],[-80.49202,33.30342],[-80.49518,33.30255],[-80.49396,33.29754],[-80.48458,33.28003],[-80.47334,33.27367],[-80.46228,33.27067],[-80.4495,33.26954],[-80.44116,33.2624],[-80.42709,33.25776],[-80.42,33.25825],[-80.39421,33.26466],[-80.38445,33.26174],[-80.37482,33.26068],[-80.36185,33.25744]]]},"properties":{"STATEFP":"45","COUNTYFP":"075","COUSUBFP":"91547","COUSUBNS":"01938300","GEOIDFQ":"0600000US4507591547","GEOID":"4507591547","NAME":"Holly Hill","NAMELSAD":"Holly Hill CCD","STUSPS":"SC","NAMELSADCO":"Orangeburg County","STATE_NAME":"South Carolina","LSAD":"22","ALAND":198847504,"AWATER":1120343}},
{"type":"Feature","geometry":{"type":"Polygon","coordinates":[[[-79.43958,33.90877],[-79.4486,33.91131],[-79.45221,33.91483],[-79.44972,33.92023],[-79.45201,33.92465],[-79.46002,33.92588],[-79.46292,33.93177],[-79.46812,33.92813],[-79.47368,33.93003],[-79.4749,33.93486],[-79.48263,33.93759],[-79.49279,33.94848],[-79.49683,33.94458],[-79.50154,33.94506],[-79.48705,33.93178],[-79.48917,33.93014],[-79.50881,33.92421],[-79.50935,33.91863],[-79.50674,33.91382],[-79.51192,33.90608],[-79.51963,33.89876],[-79.52842,33.89404],[-79.52858,33.8878],[-79.53568,33.88597],[-79.53642,33.87724],[-79.5398,33.87233],[-79.53502,33.85825],[-79.53498,33.85304],[-79.53938,33.85048],[-79.54584,33.85226],[-79.54787,33.84045],[-79.55415,33.833],[-79.55764,33.82324],[-79.56346,33.82448],[-79.56912,33.82901],[-79.57288,33.82722],[-79.58504,33.82689],[-79.59944,33.83063],[-79.61171,33.82625],[-79.61854,33.82197],[-79.62988,33.81828],[-79.63581,33.81804],[-79.63488,33.80836],[-79.60247,33.80078],[-79.49649,33.77536],[-79.49446,33.77717],[-79.47332,33.78375],[-79.46811,33.78175],[-79.45883,33.78107],[-79.44896,33.78457],[-79.44153,33.78439],[-79.43327,33.79289],[-79.4246,33.79564],[-79.41868,33.79944],[-79.40987,33.80157],[-79.39925,33.80063],[-79.3945,33.80525],[-79.38405,33.81157],[-79.38602,33.8162],[-79.38264,33.81858],[-79.37644,33.81709],[-79.36773,33.81842],[-79.3615,33.81478],[-79.35223,33.81514],[-79.34423,33.80829],[-79.34039,33.8028],[-79.33283,33.80251],[-79.32432,33.79912],[-79.31459,33.80698],[-79.31409,33.81672],[-79.31939,33.81971],[-79.32148,33.83064],[-79.32902,33.8287],[-79.33686,33.83255],[-79.33832,33.84052],[-79.34486,33.8426],[-79.35339,33.83954],[-79.35808,33.84237],[-79.36834,33.84293],[-79.37474,33.8527],[-79.38979,33.86708],[-79.38952,33.8732],[-79.3968,33.87517],[-79.39949,33.88099],[-79.40705,33.88237],[-79.40984,33.88529],[-79.40112,33.88844],[-79.40135,33.89281],[-79.41257,33.89235],[-79.429,33.89781],[-79.43206,33.90397],[-79.43624,33.9038],[-79.43958,33.90877]]]},"properties":{"STATEFP":"45","COUNTYFP":"041","COUSUBFP":"91716","COUSUBNS":"01938313","GEOIDFQ":"0600000US4504191716","GEOID":"4504191716","NAME":"Johnsonville","NAMELSAD":"Johnsonville CCD","STUSPS":"SC","NAMELSADCO":"Florence County","STATE_NAME":"South Carolina","LSAD":"22","ALAND":237982090,"AWATER":3585041}},
{"type":"Feature","geometry":{"type":"Polygon","coordinates":[[[-81.60622,33.40346],[-81.6385,33.40205],[-81.64416,33.40484],[-81.652,33.39673],[-81.65517,33.39951],[-81.66536,33.3983],[-81.67165,33.38867],[-81.68189,33.39093],[-81.69319,33.3869],[-81.71394,33.37508],[-81.71972,33.37418],[-81.72093,33.3695],[-81.73084,33.36883],[-81.74181,33.35229],[-81.75387,33.36015],[-81.76044,33.36648],[-81.76429,33.37566],[-81.77335,33.38658],[-81.78316,33.37463],[-81.79016,33.36953],[-81.80242,33.37012],[-81.80787,33.37577],[-81.81268,33.38499],[-81.81318,33.38966],[-81.82516,33.38804],[-81.84103,33.37637],[-81.85203,33.37677],[-81.85633,33.37468],[-81.86674,33.37439],[-81.86884,33.37144],[-81.87959,33.3638],[-81.87922,33.35819],[-81.88626,33.34916],[-81.88037,33.33989],[-81.88275,33.32942],[-81.87634,33.32168],[-81.87093,33.32125],[-81.8663,33.31347],[-81.86206,33.30248],[-81.85365,33.31033],[-81.84604,33.30434],[-81.84964,33.29954],[-81.86004,33.29914],[-81.86334,33.28924],[-81.86074,33.28584],[-81.85158,33.28354],[-81.84619,33.28433],[-81.84414,33.27884],[-81.83554,33.27145],[-81.83604,33.26355],[-81.84386,33.26662],[-81.84814,33.26455],[-81.84634,33.25845],[-81.84004,33.25464],[-81.84983,33.25292],[-81.85294,33.24874],[-81.84654,33.24175],[-81.83794,33.23835],[-81.82794,33.22875],[-81.81174,33.22385],[-81.80814,33.21945],[-81.80794,33.21375],[-81.79024,33.20845],[-81.77893,33.20985],[-81.77763,33.21535],[-81.78103,33.21985],[-81.77403,33.22115],[-81.76793,33.21635],[-81.76353,33.20365],[-81.75708,33.19812],[-81.75187,33.20158],[-81.51632,33.38231],[-81.52064,33.38462],[-81.5261,33.39368],[-81.53389,33.3922],[-81.54449,33.39966],[-81.55155,33.39788],[-81.55364,33.40375],[-81.56276,33.40138],[-81.56654,33.40366],[-81.57598,33.3985],[-81.5867,33.39734],[-81.59765,33.39954],[-81.60714,33.399],[-81.60622,33.40346]]]},"properties":{"STATEFP":"45","COUNTYFP":"003","COUSUBFP":"91651","COUSUBNS":"01938308","GEOIDFQ":"0600000US4500391651","GEOID":"4500391651","NAME":"Jackson","NAMELSAD":"Jackson CCD","STUSPS":"SC","NAMELSADCO":"Aiken County","STATE_NAME":"South Carolina","LSAD":"22","ALAND":414062482,"AWATER":3033545}},
{"type":"Feature","geometry":{"type":"Polygon","coordinates":[[[-81.78544,34.94541],[-81.78787,34.93555],[-81.7968,34.93383],[-81.80519,34.93909],[-81.82243,34.92967],[-81.83603,34.92795],[-81.84115,34.92578],[-81.85444,34.92679],[-81.86107,34.92549],[-81.84471,34.91698],[-81.8397,34.91294],[-81.85013,34.90124],[-81.8664,34.89426],[-81.86657,34.8857],[-81.85975,34.88527],[-81.857,34.87835],[-81.84865,34.87249],[-81.84495,34.87231],[-81.83527,34.86735],[-81.82786,34.86108],[-81.82795,34.85604],[-81.82184,34.85422],[-81.81755,34.84752],[-81.81175,34.84537],[-81.8074,34.84888],[-81.80103,34.84691],[-81.79864,34.83939],[-81.7906,34.83946],[-81.78279,34.83721],[-81.75902,34.86856],[-81.74306,34.88207],[-81.71409,34.91286],[-81.72382,34.91756],[-81.72889,34.92237],[-81.73472,34.93279],[-81.74924,34.92991],[-81.75519,34.93061],[-81.7629,34.92948],[-81.76797,34.9259],[-81.77294,34.92919],[-81.78001,34.94215],[-81.78544,34.94541]]]},"properties":{"STATEFP":"45","COUNTYFP":"083","COUSUBFP":"92522","COUSUBNS":"01938375","GEOIDFQ":"0600000US4508392522","GEOID":"4508392522","NAME":"Pacolet","NAMELSAD":"Pacolet CCD","STUSPS":"SC","NAMELSADCO":"Spartanburg County","STATE_NAME":"South Carolina","LSAD":"22","ALAND":90874561,"AWATER":1157292}},
{"type":"Feature","geometry":{"type":"Polygon","coordinates":[[[-81.41168,33.73068],[-81.41698,33.72598],[-81.42558,33.72233],[-81.4376,33.72114],[-81.45636,33.71582],[-81.47633,33.70426],[-81.48753,33.69562],[-81.50577,33.68645],[-81.51838,33.67407],[-81.5233,33.66412],[-81.53277,33.65436],[-81.54744,33.64416],[-81.56211,33.63615],[-81.55482,33.62748],[-81.55406,33.6176],[-81.54387,33.60793],[-81.54251,33.60193],[-81.53738,33.59551],[-81.52849,33.5879],[-81.52339,33.58566],[-81.51446,33.57486],[-81.50702,33.57248],[-81.50251,33.56654],[-81.49112,33.56098],[-81.48351,33.55564],[-81.47682,33.57757],[-81.46557,33.57352],[-81.44165,33.57568],[-81.42807,33.57549],[-81.40981,33.58869],[-81.39909,33.59264],[-81.38902,33.59974],[-81.38024,33.60427],[-81.36356,33.60876],[-81.35147,33.61621],[-81.3413,33.6169],[-81.33558,33.61885],[-81.33983,33.62827],[-81.32528,33.64182],[-81.31144,33.6456],[-81.30433,33.65033],[-81.3,33.65984],[-81.30336,33.66792],[-81.30104,33.67552],[-81.2871,33.68398],[-81.27486,33.68931],[-81.26963,33.69317],[-81.27732,33.6963],[-81.28594,33.69305],[-81.29833,33.6983],[-81.30273,33.70377],[-81.31075,33.70846],[-81.32393,33.71146],[-81.33609,33.718],[-81.35741,33.72296],[-81.36653,33.72867],[-81.3813,33.7252],[-81.38985,33.72726],[-81.39328,33.72678],[-81.4034,33.7322],[-81.41168,33.73068]]]},"properties":{"STATEFP":"45","COUNTYFP":"003","COUSUBFP":"93562","COUSUBNS":"01938455","GEOIDFQ":"0600000US4500393562","GEOID":"4500393562","NAME":"Wagener","NAMELSAD":"Wagener CCD","STUSPS":"SC","NAMELSADCO":"Aiken County","STATE_NAME":"South Carolina","LSAD":"22","ALAND":287745089,"AWATER":2346219}},
{"type":"Feature","geometry":{"type":"Polygon","coordinates":[[[-80.28927,33.27911],[-80.2726,33.28573],[-80.2702,33.29043],[-80.26351,33.29233],[-80.25564,33.3],[-80.25201,33.31031],[-80.25209,33.32129],[-80.24729,33.32869],[-80.2479,33.33816],[-80.23962,33.3522],[-80.23907,33.36284],[-80.24179,33.37605],[-80.24156,33.38308],[-80.23846,33.39115],[-80.2324,33.38412],[-80.22988,33.39158],[-80.22257,33.39129],[-80.22189,33.40454],[-80.2252,33.40934],[-80.22384,33.41505],[-80.22473,33.42548],[-80.22148,33.43458],[-80.22227,33.44372],[-80.22933,33.44455],[-80.23591,33.43964],[-80.23995,33.4417],[-80.23759,33.44624],[-80.2488,33.45027],[-80.25582,33.448],[-80.25794,33.44336],[-80.26788,33.43785],[-80.27265,33.43818],[-80.27667,33.44693],[-80.28437,33.44751],[-80.29144,33.44078],[-80.30341,33.44015],[-80.32357,33.43116],[-80.33078,33.43148],[-80.35454,33.43041],[-80.36393,33.43274],[-80.37278,33.43888],[-80.39024,33.44403],[-80.39481,33.44719],[-80.39508,33.44321],[-80.40355,33.43038],[-80.40507,33.42214],[-80.40953,33.41649],[-80.4051,33.41149],[-80.39563,33.39382],[-80.37739,33.39331],[-80.37316,33.38539],[-80.36928,33.38577],[-80.36151,33.37272],[-80.34835,33.37213],[-80.34459,33.36955],[-80.34128,33.36072],[-80.33535,33.3577],[-80.33191,33.35323],[-80.32439,33.35099],[-80.31258,33.35064],[-80.30636,33.341],[-80.30552,33.33692],[-80.28819,33.3258],[-80.28576,33.31891],[-80.2886,33.31052],[-80.29537,33.30131],[-80.28816,33.28976],[-80.28927,33.27911]]]},"properties":{"STATEFP":"45","COUNTYFP":"075","COUSUBFP":"91079","COUSUBNS":"01938263","GEOIDFQ":"0600000US4507591079","GEOID":"4507591079","NAME":"Eutawville","NAMELSAD":"Eutawville CCD","STUSPS":"SC","NAMELSADCO":"Orangeburg County","STATE_NAME":"South Carolina","LSAD":"22","ALAND":138837724,"AWATER":26377549}},
{"type":"Feature","geometry":{"type":"Polygon","coordinates":[[[-80.70393,34.06127],[-80.71409,34.06389],[-80.72638,34.06907],[-80.7353,34.07745],[-80.74165,34.08135],[-80.7561,34.08447],[-80.76122,34.08915],[-80.76745,34.09832],[-80.77713,34.10247],[-80.78528,34.10186],[-80.80143,34.10281],[-80.80789,34.10444],[-80.81956,34.1042],[-80.88264,34.07896],[-80.90542,34.06382],[-80.9361,34.04324],[-80.93962,34.03804],[-80.93864,34.03383],[-80.95946,33.9999],[-80.95606,33.99483],[-80.94375,33.99421],[-80.93362,33.97991],[-80.92938,33.97834],[-80.92186,33.98291],[-80.91274,33.98062],[-80.89186,33.98528],[-80.86684,33.99188],[-80.76728,34.00547],[-80.74366,34.00661],[-80.70696,34.00827],[-80.70448,34.00997],[-80.70393,34.06127]]]},"properties":{"STATEFP":"45","COUNTYFP":"079","COUSUBFP":"91175","COUSUBNS":"02584537","GEOIDFQ":"0600000US4507991175","GEOID":"4507991175","NAME":"Fort Jackson","NAMELSAD":"Fort Jackson CCD","STUSPS":"SC","NAMELSADCO":"Richland County","STATE_NAME":"South Carolina","LSAD":"22","ALAND":209168898,"AWATER":2150149}},
{"type":"Feature","geometry":{"type":"Polygon","coordinates":[[[-79.62045,34.62271],[-79.61485,34.62235],[-79.60705,34.62462],[-79.58738,34.62123],[-79.57715,34.61675],[-79.57081,34.61736],[-79.5457,34.61471],[-79.54169,34.61622],[-79.54352,34.62152],[-79.54984,34.62818],[-79.54823,34.63383],[-79.5372,34.63581],[-79.52311,34.63603],[-79.51734,34.63503],[-79.51744,34.63004],[-79.5121,34.62068],[-79.50552,34.61216],[-79.49654,34.60762],[-79.47732,34.60758],[-79.46663,34.60541],[-79.46061,34.60262],[-79.45003,34.62104],[-79.45977,34.62903],[-79.4716,34.6372],[-79.4902,34.65382],[-79.55445,34.70636],[-79.56169,34.712],[-79.64412,34.77914],[-79.65823,34.77317],[-79.66616,34.7674],[-79.66961,34.75684],[-79.66908,34.74736],[-79.6635,34.74131],[-79.66298,34.73322],[-79.6523,34.71521],[-79.65424,34.70443],[-79.66098,34.69916],[-79.66679,34.68719],[-79.66599,34.67596],[-79.66292,34.66138],[-79.6602,34.66427],[-79.6536,34.66497],[-79.64468,34.66831],[-79.63573,34.6666],[-79.63276,34.66254],[-79.61734,34.65088],[-79.61165,34.65095],[-79.61506,34.63707],[-79.62034,34.62732],[-79.62045,34.62271]]]},"properties":{"STATEFP":"45","COUNTYFP":"069","COUSUBFP":"92093","COUSUBNS":"01938342","GEOIDFQ":"0600000US4506992093","GEOID":"4506992093","NAME":"McColl","NAMELSAD":"McColl CCD","STUSPS":"SC","NAMELSADCO":"Marlboro County","STATE_NAME":"South Carolina","LSAD":"22","ALAND":168480616,"AWATER":1358934}},
{"type":"Feature","geometry":{"type":"Polygon","coordinates":[[[-81.63151,33.52665],[-81.63841,33.5247],[-81.64953,33.51559],[-81.65657,33.50026],[-81.66592,33.49246],[-81.66829,33.48863],[-81.65679,33.47642],[-81.65806,33.47209],[-81.66932,33.46144],[-81.67515,33.46189],[-81.68045,33.46748],[-81.68271,33.47434],[-81.69612,33.48297],[-81.69016,33.47012],[-81.69511,33.46505],[-81.70041,33.46334],[-81.71029,33.46325],[-81.72658,33.46055],[-81.73278,33.45577],[-81.7458,33.46461],[-81.75192,33.47472],[-81.75983,33.47611],[-81.75669,33.48604],[-81.75169,33.49606],[-81.76045,33.49671],[-81.76344,33.50033],[-81.76767,33.50013],[-81.77516,33.49025],[-81.78589,33.48292],[-81.7864,33.47365],[-81.79176,33.46529],[-81.7907,33.46144],[-81.79476,33.45119],[-81.80071,33.4446],[-81.80505,33.44306],[-81.80924,33.43612],[-81.82035,33.42488],[-81.82081,33.41491],[-81.81556,33.41283],[-81.81554,33.40482],[-81.81233,33.39894],[-81.81318,33.38966],[-81.81268,33.38499],[-81.80787,33.37577],[-81.80242,33.37012],[-81.79016,33.36953],[-81.78316,33.37463],[-81.77335,33.38658],[-81.76429,33.37566],[-81.76044,33.36648],[-81.75387,33.36015],[-81.74181,33.35229],[-81.73084,33.36883],[-81.72093,33.3695],[-81.71972,33.37418],[-81.71394,33.37508],[-81.69319,33.3869],[-81.68189,33.39093],[-81.67165,33.38867],[-81.66536,33.3983],[-81.65517,33.39951],[-81.652,33.39673],[-81.64416,33.40484],[-81.6385,33.40205],[-81.60622,33.40346],[-81.60453,33.40724],[-81.60555,33.415],[-81.60829,33.41887],[-81.60532,33.4254],[-81.60568,33.43537],[-81.59979,33.45303],[-81.59639,33.4584],[-81.59939,33.46755],[-81.58849,33.47628],[-81.59367,33.48202],[-81.60685,33.48752],[-81.61297,33.49497],[-81.62599,33.50469],[-81.63388,33.52434],[-81.63151,33.52665]]]},"properties":{"STATEFP":"45","COUNTYFP":"003","COUSUBFP":"92379","COUSUBNS":"01938364","GEOIDFQ":"0600000US4500392379","GEOID":"4500392379","NAME":"New Ellenton","NAMELSAD":"New Ellenton CCD","STUSPS":"SC","NAMELSADCO":"Aiken County","STATE_NAME":"South Carolina","LSAD":"22","ALAND":209307698,"AWATER":775764}},
{"type":"Feature","geometry":{"type":"Polygon","coordinates":[[[-80.6129,33.27585],[-80.66619,33.24741],[-80.65779,33.24142],[-80.65688,33.23696],[-80.65043,33.23203],[-80.64717,33.226],[-80.64747,33.22039],[-80.6434,33.21028],[-80.63574,33.20669],[-80.62949,33.20017],[-80.62552,33.1911],[-80.61,33.18838],[-80.6099,33.18602],[-80.60284,33.17932],[-80.60119,33.17489],[-80.59393,33.16631],[-80.59004,33.16416],[-80.58177,33.15009],[-80.58031,33.13255],[-80.57853,33.12893],[-80.57022,33.12243],[-80.56011,33.12124],[-80.55413,33.11652],[-80.54384,33.11258],[-80.53915,33.10907],[-80.53684,33.10282],[-80.53021,33.09237],[-80.52111,33.08917],[-80.51435,33.07821],[-80.51455,33.08814],[-80.51171,33.09443],[-80.50338,33.09844],[-80.49917,33.10315],[-80.49533,33.11404],[-80.49504,33.12407],[-80.49742,33.1268],[-80.49143,33.13031],[-80.49132,33.13778],[-80.49686,33.15004],[-80.50007,33.16407],[-80.50011,33.176],[-80.49657,33.19675],[-80.49763,33.19979],[-80.5089,33.2117],[-80.51582,33.21388],[-80.52334,33.22295],[-80.53513,33.22873],[-80.54465,33.23121],[-80.55185,33.23112],[-80.57069,33.24182],[-80.57604,33.2408],[-80.58271,33.24346],[-80.59362,33.25317],[-80.60429,33.2685],[-80.61043,33.27175],[-80.6129,33.27585]]]},"properties":{"STATEFP":"45","COUNTYFP":"035","COUSUBFP":"92912","COUSUBNS":"01938405","GEOIDFQ":"0600000US4503592912","GEOID":"4503592912","NAME":"St. George","NAMELSAD":"St. George CCD","STUSPS":"SC","NAMELSADCO":"Dorchester County","STATE_NAME":"South Carolina","LSAD":"22","ALAND":158989441,"AWATER":271178}},
{"type":"Feature","geometry":{"type":"Polygon","coordinates":[[[-81.87008,34.13536],[-81.87744,34.13686],[-81.88358,34.14264],[-81.89465,34.14518],[-81.89821,34.14761],[-81.89862,34.15645],[-81.90769,34.1619],[-81.90761,34.16764],[-81.90447,34.17641],[-81.90809,34.17904],[-81.91699,34.17698],[-81.92247,34.18623],[-81.91947,34.19072],[-81.92675,34.19586],[-81.93908,34.19547],[-81.94502,34.20315],[-81.95074,34.20678],[-81.95266,34.21099],[-81.96069,34.21854],[-81.97108,34.22216],[-81.9727,34.22646],[-81.97924,34.23236],[-81.97837,34.23811],[-81.98503,34.23868],[-81.99626,34.24311],[-82.00718,34.24152],[-82.01692,34.24715],[-82.02566,34.25863],[-82.0354,34.25024],[-82.04747,34.24593],[-82.07988,34.21989],[-82.09986,34.21712],[-82.09304,34.2091],[-82.0932,34.19273],[-82.08197,34.19253],[-82.07455,34.17805],[-82.07422,34.17318],[-82.09059,34.16653],[-82.08396,34.15835],[-82.07291,34.15239],[-82.06685,34.14713],[-82.06088,34.14663],[-82.06049,34.13664],[-82.04129,34.12448],[-82.03061,34.11294],[-82.01857,34.107],[-82.01279,34.10635],[-82.00389,34.1007],[-81.99651,34.09417],[-81.99102,34.09148],[-81.98096,34.09034],[-81.9654,34.10281],[-81.95547,34.10557],[-81.94676,34.11202],[-81.94432,34.10972],[-81.92941,34.10564],[-81.91409,34.09866],[-81.90714,34.09393],[-81.90027,34.09498],[-81.89568,34.09971],[-81.89522,34.10866],[-81.89066,34.11008],[-81.88755,34.11792],[-81.88092,34.12026],[-81.87824,34.12561],[-81.87046,34.12994],[-81.87008,34.13536]]]},"properties":{"STATEFP":"45","COUNTYFP":"047","COUSUBFP":"92392","COUSUBNS":"01938365","GEOIDFQ":"0600000US4504792392","GEOID":"4504792392","NAME":"Ninety Six","NAMELSAD":"Ninety Six CCD","STUSPS":"SC","NAMELSADCO":"Greenwood County","STATE_NAME":"South Carolina","LSAD":"22","ALAND":207155286,"AWATER":11289549}},
{"type":"Feature","geometry":{"type":"Polygon","coordinates":[[[-81.47815,34.90143],[-81.47781,34.89623],[-81.47293,34.89191],[-81.47001,34.86891],[-81.46208,34.8529],[-81.45328,34.84633],[-81.45714,34.83925],[-81.46175,34.83102],[-81.47018,34.82745],[-81.47658,34.82257],[-81.35978,34.82207],[-81.35074,34.82778],[-81.34638,34.83636],[-81.33823,34.84042],[-81.34004,34.84428],[-81.33054,34.85378],[-81.33046,34.85706],[-81.32133,34.86058],[-81.32828,34.87751],[-81.32614,34.89112],[-81.32519,34.9104],[-81.32849,34.91868],[-81.32772,34.93015],[-81.31655,34.94638],[-81.3161,34.95067],[-81.30984,34.95478],[-81.31234,34.96245],[-81.3233,34.96341],[-81.32617,34.97297],[-81.32301,34.9814],[-81.32612,34.98729],[-81.33654,34.98878],[-81.34207,34.98536],[-81.34816,34.98581],[-81.34852,34.99327],[-81.34548,34.99821],[-81.34604,35.00555],[-81.34007,35.02076],[-81.33467,35.02518],[-81.3235,35.03018],[-81.31888,35.03837],[-81.32255,35.04155],[-81.34558,35.05093],[-81.35722,35.05797],[-81.36407,35.05861],[-81.3739,35.05687],[-81.39458,35.06173],[-81.40328,35.06679],[-81.40704,35.07233],[-81.40882,35.04708],[-81.47139,35.04809],[-81.4728,35.04375],[-81.48205,35.03693],[-81.48727,35.03472],[-81.48829,35.02687],[-81.48346,35.01121],[-81.48057,35.00591],[-81.48423,35.00091],[-81.48369,34.9933],[-81.47583,34.98297],[-81.48073,34.97051],[-81.48615,34.96511],[-81.48788,34.9552],[-81.49228,34.94719],[-81.48956,34.94158],[-81.47351,34.93549],[-81.47726,34.9261],[-81.47001,34.91511],[-81.47562,34.908],[-81.47815,34.90143]]]},"properties":{"STATEFP":"45","COUNTYFP":"091","COUSUBFP":"91521","COUSUBNS":"01938297","GEOIDFQ":"0600000US4509191521","GEOID":"4509191521","NAME":"Hickory Grove","NAMELSAD":"Hickory Grove CCD","STUSPS":"SC","NAMELSADCO":"York County","STATE_NAME":"South Carolina","LSAD":"22","ALAND":339573212,"AWATER":1526870}},
{"type":"Feature","geometry":{"type":"Polygon","coordinates":[[[-80.64775,33.4575],[-80.64602,33.45336],[-80.64036,33.45127],[-80.62946,33.44144],[-80.62481,33.43394],[-80.62092,33.43113],[-80.61662,33.4181],[-80.61834,33.41374],[-80.61028,33.40193],[-80.59817,33.39293],[-80.59673,33.38947],[-80.58878,33.38491],[-80.58279,33.37934],[-80.57213,33.37548],[-80.56813,33.37008],[-80.56384,33.36823],[-80.5577,33.36126],[-80.55527,33.35332],[-80.55041,33.3492],[-80.53562,33.34624],[-80.52623,33.34143],[-80.51553,33.34344],[-80.50786,33.34275],[-80.50837,33.35826],[-80.51213,33.36378],[-80.52376,33.37338],[-80.52206,33.38674],[-80.52361,33.4031],[-80.52915,33.41563],[-80.53174,33.42993],[-80.53059,33.43662],[-80.51881,33.45073],[-80.52456,33.46531],[-80.51593,33.48052],[-80.50729,33.48684],[-80.51205,33.4972],[-80.50154,33.50512],[-80.50384,33.52228],[-80.50714,33.52947],[-80.50335,33.53583],[-80.51121,33.53843],[-80.52838,33.55144],[-80.54014,33.5618],[-80.55136,33.55874],[-80.55227,33.56541],[-80.56464,33.5618],[-80.57995,33.56108],[-80.60155,33.5562],[-80.61035,33.55073],[-80.58823,33.5386],[-80.6247,33.4989],[-80.61967,33.49322],[-80.62495,33.48876],[-80.61133,33.47042],[-80.61657,33.46601],[-80.62729,33.47382],[-80.63449,33.46947],[-80.63928,33.47491],[-80.6458,33.47284],[-80.65902,33.47098],[-80.65765,33.46439],[-80.6522,33.46268],[-80.64775,33.4575]]]},"properties":{"STATEFP":"45","COUNTYFP":"075","COUSUBFP":"91040","COUSUBNS":"01938260","GEOIDFQ":"0600000US4507591040","GEOID":"4507591040","NAME":"Elloree","NAMELSAD":"Elloree CCD","STUSPS":"SC","NAMELSADCO":"Orangeburg County","STATE_NAME":"South Carolina","LSAD":"22","ALAND":197355323,"AWATER":742981}},
{"type":"Feature","geometry":{"type":"Polygon","coordinates":[[[-82.74202,34.21175],[-82.73254,34.19452],[-82.73219,34.18135],[-82.73041,34.17533],[-82.72541,34.16977],[-82.72113,34.16018],[-82.71392,34.16159],[-82.70429,34.16748],[-82.68883,34.17175],[-82.6849,34.17606],[-82.66729,34.18173],[-82.66153,34.18958],[-82.64705,34.18872],[-82.6415,34.1928],[-82.63203,34.19465],[-82.62573,34.19415],[-82.61136,34.19745],[-82.60224,34.19631],[-82.59749,34.19874],[-82.59609,34.20355],[-82.58654,34.21701],[-82.58167,34.21595],[-82.56353,34.21608],[-82.55896,34.21292],[-82.55348,34.2051],[-82.54811,34.20566],[-82.5321,34.20155],[-82.52485,34.20203],[-82.52096,34.20524],[-82.51818,34.21601],[-82.51016,34.21221],[-82.49801,34.20311],[-82.48263,34.19886],[-82.48499,34.20753],[-82.48393,34.21161],[-82.46433,34.22004],[-82.46817,34.22566],[-82.46765,34.23159],[-82.46857,34.24399],[-82.45991,34.24641],[-82.4609,34.25378],[-82.46794,34.25874],[-82.46488,34.26839],[-82.46706,34.28032],[-82.46418,34.28594],[-82.46449,34.29318],[-82.47066,34.30125],[-82.47952,34.30039],[-82.48042,34.30916],[-82.49884,34.31802],[-82.49849,34.32074],[-82.50382,34.3269],[-82.50484,34.33489],[-82.49959,34.34853],[-82.50906,34.35774],[-82.57851,34.31332],[-82.62005,34.28692],[-82.68378,34.24801],[-82.74202,34.21175]]]},"properties":{"STATEFP":"45","COUNTYFP":"001","COUSUBFP":"90091","COUSUBNS":"01938187","GEOIDFQ":"0600000US4500190091","GEOID":"4500190091","NAME":"Antreville-Lowndesville","NAMELSAD":"Antreville-Lowndesville CCD","STUSPS":"SC","NAMELSADCO":"Abbeville County","STATE_NAME":"South Carolina","LSAD":"22","ALAND":249842173,"AWATER":13103948}},
{"type":"Feature","geometry":{"type":"Polygon","coordinates":[[[-81.24717,33.02499],[-81.21626,33.01364],[-81.19896,33.00781],[-81.19699,33.00241],[-81.19134,32.99431],[-81.18123,32.98522],[-81.17024,32.9797],[-81.13125,33.00014],[-81.08229,33.02663],[-81.08991,33.03919],[-81.09486,33.04097],[-81.09851,33.04721],[-81.10117,33.0491],[-81.11567,33.04981],[-81.12445,33.05322],[-81.13293,33.06413],[-81.1449,33.07279],[-81.14871,33.08091],[-81.16188,33.09143],[-81.17078,33.09569],[-81.17415,33.10197],[-81.1931,33.11867],[-81.20045,33.11849],[-81.2105,33.12064],[-81.2197,33.11646],[-81.2326,33.11692],[-81.24023,33.11875],[-81.24888,33.11512],[-81.26433,33.11082],[-81.27737,33.11232],[-81.28366,33.10856],[-81.33781,33.10822],[-81.33447,33.09262],[-81.33958,33.08817],[-81.34136,33.0785],[-81.34559,33.07543],[-81.34811,33.0695],[-81.32675,33.06207],[-81.31452,33.06392],[-81.31232,33.05682],[-81.30607,33.05128],[-81.30352,33.03946],[-81.2974,33.03002],[-81.29103,33.02819],[-81.27411,33.03183],[-81.26707,33.03153],[-81.25237,33.02776],[-81.24717,33.02499]]]},"properties":{"STATEFP":"45","COUNTYFP":"005","COUSUBFP":"93367","COUSUBNS":"01938440","GEOIDFQ":"0600000US4500593367","GEOID":"4500593367","NAME":"Sycamore","NAMELSAD":"Sycamore CCD","STUSPS":"SC","NAMELSADCO":"Allendale County","STATE_NAME":"South Carolina","LSAD":"22","ALAND":203925705,"AWATER":1133073}},
{"type":"Feature","geometry":{"type":"Polygon","coordinates":[[[-80.22238,34.66882],[-80.22983,34.6795],[-80.2262,34.68125],[-80.20969,34.69448],[-80.20258,34.71157],[-80.19284,34.71862],[-80.18818,34.72642],[-80.1839,34.72569],[-80.17636,34.73212],[-80.17138,34.73401],[-80.16946,34.74103],[-80.17188,34.74893],[-80.16608,34.75463],[-80.16365,34.76187],[-80.16233,34.77641],[-80.15735,34.78479],[-80.14854,34.78999],[-80.14944,34.7979],[-80.14868,34.81117],[-80.23396,34.81293],[-80.29359,34.81372],[-80.29335,34.80662],[-80.28867,34.798],[-80.29428,34.78981],[-80.29974,34.77463],[-80.30541,34.76811],[-80.30564,34.75757],[-80.31779,34.75186],[-80.33218,34.74314],[-80.33656,34.73945],[-80.33507,34.71904],[-80.33564,34.71332],[-80.32903,34.7128],[-80.32356,34.70758],[-80.32425,34.69953],[-80.31909,34.69395],[-80.30723,34.68406],[-80.30226,34.68403],[-80.29648,34.6799],[-80.26841,34.67451],[-80.2609,34.67059],[-80.24878,34.66666],[-80.22828,34.66469],[-80.22238,34.66882]]]},"properties":{"STATEFP":"45","COUNTYFP":"025","COUSUBFP":"92275","COUSUBNS":"01938356","GEOIDFQ":"0600000US4502592275","GEOID":"4502592275","NAME":"Mount Croghan","NAMELSAD":"Mount Croghan CCD","STUSPS":"SC","NAMELSADCO":"Chesterfield County","STATE_NAME":"South Carolina","LSAD":"22","ALAND":188723512,"AWATER":651031}},
{"type":"Feature","geometry":{"type":"Polygon","coordinates":[[[-81.08229,33.02663],[-81.13125,33.00014],[-81.17024,32.9797],[-81.20727,32.96037],[-81.21956,32.95335],[-81.22119,32.94785],[-81.23535,32.93981],[-81.23696,32.94024],[-81.23768,32.90673],[-81.2299,32.90578],[-81.2166,32.90211],[-81.21568,32.8998],[-81.20346,32.89656],[-81.20297,32.89382],[-81.19156,32.89082],[-81.18529,32.88546],[-81.18534,32.87588],[-81.17769,32.87069],[-81.1709,32.86286],[-81.16769,32.87899],[-81.164,32.88589],[-81.16411,32.89902],[-81.15438,32.90781],[-81.15969,32.91485],[-81.15631,32.9182],[-81.14863,32.91887],[-81.13959,32.91591],[-81.1357,32.91656],[-81.14073,32.93352],[-81.13382,32.93802],[-81.12921,32.94831],[-81.12422,32.95143],[-81.11689,32.95158],[-81.11177,32.95444],[-81.10696,32.95008],[-81.10266,32.95781],[-81.10864,32.97361],[-81.08155,32.97669],[-81.07803,32.98333],[-81.06646,32.99333],[-81.05558,32.98326],[-81.05326,32.98956],[-81.0555,32.99429],[-81.05555,33.00189],[-81.06355,33.00697],[-81.06466,33.01361],[-81.06944,33.01497],[-81.07856,33.02117],[-81.08229,33.02663]]]},"properties":{"STATEFP":"45","COUNTYFP":"049","COUSUBFP":"90416","COUSUBNS":"01938212","GEOIDFQ":"0600000US4504990416","GEOID":"4504990416","NAME":"Brunson","NAMELSAD":"Brunson CCD","STUSPS":"SC","NAMELSADCO":"Hampton County","STATE_NAME":"South Carolina","LSAD":"22","ALAND":112770200,"AWATER":274772}},
{"type":"Feature","geometry":{"type":"Polygon","coordinates":[[[-81.33781,33.10822],[-81.28366,33.10856],[-81.27737,33.11232],[-81.26433,33.11082],[-81.24888,33.11512],[-81.24023,33.11875],[-81.2326,33.11692],[-81.2197,33.11646],[-81.2105,33.12064],[-81.20045,33.11849],[-81.1931,33.11867],[-81.19833,33.12659],[-81.20644,33.12964],[-81.2108,33.13882],[-81.21146,33.14354],[-81.22069,33.15447],[-81.22579,33.15653],[-81.2278,33.1607],[-81.23165,33.16317],[-81.24025,33.16287],[-81.24729,33.1661],[-81.25983,33.16912],[-81.26384,33.16741],[-81.27067,33.17009],[-81.27868,33.1694],[-81.28816,33.178],[-81.29037,33.17731],[-81.30276,33.18662],[-81.30677,33.19376],[-81.31195,33.19674],[-81.32001,33.19715],[-81.32484,33.20068],[-81.3386,33.20263],[-81.34181,33.20457],[-81.35739,33.20923],[-81.36065,33.21238],[-81.36779,33.21256],[-81.37628,33.21487],[-81.3836,33.22372],[-81.39174,33.23087],[-81.40794,33.24018],[-81.41196,33.24862],[-81.42031,33.2569],[-81.42514,33.26735],[-81.42664,33.2744],[-81.43171,33.28742],[-81.43706,33.29353],[-81.44439,33.29541],[-81.44947,33.29891],[-81.4544,33.30711],[-81.45509,33.31626],[-81.45969,33.31929],[-81.46267,33.32529],[-81.47074,33.32827],[-81.47057,33.33906],[-81.48083,33.34447],[-81.48911,33.35371],[-81.48495,33.35668],[-81.49144,33.36291],[-81.49719,33.36563],[-81.50074,33.37234],[-81.49826,33.37679],[-81.50648,33.37715],[-81.51632,33.38231],[-81.75187,33.20158],[-81.75708,33.19812],[-81.76063,33.18925],[-81.76593,33.18785],[-81.76863,33.17845],[-81.76314,33.15945],[-81.75414,33.15055],[-81.74633,33.14605],[-81.74453,33.14215],[-81.72953,33.13375],[-81.72173,33.12645],[-81.71113,33.12165],[-81.70463,33.11645],[-81.69693,33.11655],[-81.67703,33.11065],[-81.67183,33.10775],[-81.65843,33.10315],[-81.64643,33.09455],[-81.64233,33.09315],[-81.61406,33.09519],[-81.54188,33.15828],[-81.45289,33.13492],[-81.42075,33.1249],[-81.36486,33.10806],[-81.33781,33.10822]]]},"properties":{"STATEFP":"45","COUNTYFP":"011","COUSUBFP":"91794","COUSUBNS":"01938319","GEOIDFQ":"0600000US4501191794","GEOID":"4501191794","NAME":"Kline-Snelling","NAMELSAD":"Kline-Snelling CCD","STUSPS":"SC","NAMELSADCO":"Barnwell County","STATE_NAME":"South Carolina","LSAD":"22","ALAND":770820191,"AWATER":17068841}},
{"type":"Feature","geometry":{"type":"Polygon","coordinates":[[[-80.17981,34.62133],[-80.17982,34.61715],[-80.17182,34.61347],[-80.17206,34.6043],[-80.16347,34.59272],[-80.16413,34.58613],[-80.16187,34.58046],[-80.16351,34.57433],[-80.17331,34.57106],[-80.17754,34.5665],[-80.18009,34.55882],[-80.17297,34.54888],[-80.16882,34.53437],[-80.17271,34.52262],[-80.17951,34.51798],[-80.18151,34.51296],[-80.17789,34.50559],[-80.17116,34.49897],[-80.17242,34.49409],[-80.17063,34.48817],[-80.16574,34.48827],[-80.16551,34.48145],[-80.16979,34.48045],[-80.17286,34.47411],[-80.16892,34.46677],[-80.1604,34.46315],[-80.15789,34.45785],[-80.15273,34.4564],[-80.15045,34.45122],[-80.15424,34.43605],[-80.09726,34.46483],[-80.08249,34.47331],[-80.04549,34.4926],[-80.03994,34.4924],[-80.0317,34.48711],[-80.02655,34.48654],[-80.01256,34.49085],[-80.00724,34.49488],[-79.99649,34.49615],[-79.9927,34.49907],[-79.98151,34.5016],[-79.96912,34.49273],[-79.96545,34.48769],[-79.9567,34.4867],[-79.96268,34.50258],[-79.96077,34.51007],[-79.95647,34.51683],[-79.94806,34.52137],[-79.95563,34.52421],[-79.96102,34.52877],[-79.96486,34.53891],[-79.97127,34.54551],[-79.96741,34.54773],[-79.97304,34.5541],[-79.97653,34.57066],[-79.97564,34.57692],[-79.97135,34.5831],[-79.97963,34.58547],[-79.98588,34.58427],[-79.98538,34.596],[-79.98804,34.60477],[-79.9651,34.61739],[-79.94966,34.62676],[-79.95711,34.6316],[-79.97589,34.64059],[-79.97971,34.65177],[-79.98886,34.66109],[-79.99566,34.6619],[-80.00719,34.6678],[-80.01834,34.66664],[-80.02401,34.66366],[-80.03402,34.66284],[-80.04036,34.65864],[-80.05148,34.66086],[-80.05866,34.6565],[-80.07483,34.65676],[-80.08436,34.65824],[-80.0877,34.65445],[-80.10065,34.65368],[-80.10613,34.65013],[-80.11214,34.65167],[-80.12436,34.64437],[-80.14472,34.63637],[-80.15159,34.63667],[-80.15126,34.64036],[-80.17061,34.6418],[-80.18097,34.63185],[-80.17981,34.62133]]]},"properties":{"STATEFP":"45","COUNTYFP":"025","COUSUBFP":"92574","COUSUBNS":"01938379","GEOIDFQ":"0600000US4502592574","GEOID":"4502592574","NAME":"Patrick","NAMELSAD":"Patrick CCD","STUSPS":"SC","NAMELSADCO":"Chesterfield County","STATE_NAME":"South Carolina","LSAD":"22","ALAND":365609423,"AWATER":3899682}},
{"type":"Feature","geometry":{"type":"Polygon","coordinates":[[[-81.45272,32.87167],[-81.45137,32.86717],[-81.45302,32.85964],[-81.45692,32.8526],[-81.45556,32.84651],[-81.44487,32.85097],[-81.43995,32.84036],[-81.43481,32.84354],[-81.42647,32.84077],[-81.42161,32.83518],[-81.42367,32.82831],[-81.41975,32.81373],[-81.42633,32.80993],[-81.42224,32.80313],[-81.42689,32.80224],[-81.425,32.79033],[-81.43008,32.78177],[-81.42333,32.77851],[-81.41617,32.77979],[-81.41735,32.77334],[-81.42985,32.77213],[-81.42911,32.76791],[-81.42202,32.76837],[-81.41182,32.76312],[-81.41404,32.75542],[-81.4186,32.74799],[-81.40587,32.74914],[-81.40509,32.74497],[-81.39399,32.74487],[-81.36797,32.7606],[-81.33854,32.76846],[-81.33086,32.78563],[-81.32681,32.79091],[-81.26166,32.83914],[-81.27673,32.89209],[-81.26959,32.89484],[-81.26012,32.90298],[-81.24227,32.90806],[-81.23768,32.90673],[-81.23696,32.94024],[-81.23535,32.93981],[-81.22119,32.94785],[-81.21956,32.95335],[-81.20727,32.96037],[-81.17024,32.9797],[-81.18123,32.98522],[-81.19134,32.99431],[-81.19699,33.00241],[-81.19896,33.00781],[-81.21626,33.01364],[-81.24717,33.02499],[-81.25091,33.02334],[-81.24522,33.01636],[-81.25057,33.00929],[-81.2479,32.99953],[-81.26325,32.99167],[-81.27001,32.98152],[-81.27881,32.98763],[-81.28258,32.98271],[-81.28478,32.97467],[-81.2962,32.97556],[-81.30782,32.97201],[-81.32516,32.97901],[-81.32567,32.96955],[-81.33033,32.96323],[-81.33211,32.95634],[-81.34262,32.94753],[-81.3505,32.94235],[-81.35229,32.93747],[-81.36083,32.92809],[-81.37563,32.91938],[-81.3859,32.90969],[-81.38919,32.90518],[-81.40423,32.90344],[-81.41524,32.89443],[-81.42394,32.89249],[-81.43309,32.88729],[-81.44735,32.87417],[-81.45272,32.87167]]]},"properties":{"STATEFP":"45","COUNTYFP":"005","COUSUBFP":"91092","COUSUBNS":"01938264","GEOIDFQ":"0600000US4500591092","GEOID":"4500591092","NAME":"Fairfax","NAMELSAD":"Fairfax CCD","STUSPS":"SC","NAMELSADCO":"Allendale County","STATE_NAME":"South Carolina","LSAD":"22","ALAND":332754586,"AWATER":3668036}},
{"type":"Feature","geometry":{"type":"Polygon","coordinates":[[[-79.82998,34.53193],[-79.82851,34.54219],[-79.82403,34.54847],[-79.81766,34.57318],[-79.81171,34.57842],[-79.80881,34.58473],[-79.80912,34.59901],[-79.80313,34.60966],[-79.79378,34.60615],[-79.78408,34.60725],[-79.77781,34.61429],[-79.79037,34.62356],[-79.7902,34.63183],[-79.80059,34.63767],[-79.80178,34.64076],[-79.79546,34.64628],[-79.79863,34.64866],[-79.80836,34.65078],[-79.81687,34.65868],[-79.83045,34.65721],[-79.8408,34.66949],[-79.85138,34.671],[-79.85939,34.67779],[-79.87196,34.69384],[-79.87427,34.70499],[-79.87872,34.71683],[-79.88593,34.72677],[-79.8918,34.7399],[-79.90407,34.75172],[-79.91673,34.76058],[-79.92524,34.7653],[-79.92809,34.76988],[-79.93199,34.78293],[-79.93462,34.79758],[-79.93073,34.80662],[-79.99403,34.808],[-80.00158,34.80261],[-80.00346,34.78917],[-80.00247,34.77747],[-80.00044,34.77437],[-79.99933,34.76395],[-79.99528,34.75742],[-80.00791,34.7555],[-80.01634,34.75622],[-80.01685,34.74893],[-80.02003,34.74244],[-80.01646,34.73201],[-80.01848,34.72038],[-80.01502,34.71744],[-80.01749,34.71289],[-80.0165,34.70778],[-80.01154,34.70202],[-80.00333,34.69725],[-79.99802,34.69193],[-79.99886,34.68935],[-79.99034,34.67912],[-79.99605,34.67882],[-80.00271,34.67475],[-80.00719,34.6678],[-79.99566,34.6619],[-79.98886,34.66109],[-79.97971,34.65177],[-79.97589,34.64059],[-79.95711,34.6316],[-79.94966,34.62676],[-79.9651,34.61739],[-79.98804,34.60477],[-79.98538,34.596],[-79.98588,34.58427],[-79.97963,34.58547],[-79.97135,34.5831],[-79.97564,34.57692],[-79.97653,34.57066],[-79.97304,34.5541],[-79.96741,34.54773],[-79.97127,34.54551],[-79.96486,34.53891],[-79.96102,34.52877],[-79.95563,34.52421],[-79.94806,34.52137],[-79.95647,34.51683],[-79.96077,34.51007],[-79.96268,34.50258],[-79.9567,34.4867],[-79.9492,34.48988],[-79.94083,34.48802],[-79.93598,34.4909],[-79.91985,34.49576],[-79.91198,34.49468],[-79.90208,34.48923],[-79.89423,34.48915],[-79.88497,34.49111],[-79.87479,34.49633],[-79.87568,34.50109],[-79.87133,34.50531],[-79.86364,34.50873],[-79.86473,34.51319],[-79.85937,34.52036],[-79.84768,34.5255],[-79.84688,34.53082],[-79.83611,34.53514],[-79.82998,34.53193]]]},"properties":{"STATEFP":"45","COUNTYFP":"025","COUSUBFP":"90585","COUSUBNS":"01938225","GEOIDFQ":"0600000US4502590585","GEOID":"4502590585","NAME":"Cheraw","NAMELSAD":"Cheraw CCD","STUSPS":"SC","NAMELSADCO":"Chesterfield County","STATE_NAME":"South Carolina","LSAD":"22","ALAND":416178370,"AWATER":6724047}},
{"type":"Feature","geometry":{"type":"Polygon","coordinates":[[[-81.60323,33.57685],[-81.60946,33.58153],[-81.618,33.58285],[-81.63814,33.58205],[-81.64851,33.59161],[-81.6588,33.59342],[-81.67955,33.60396],[-81.69143,33.60711],[-81.70237,33.6185],[-81.70945,33.62802],[-81.71236,33.63453],[-81.71924,33.64229],[-81.71955,33.65189],[-81.71591,33.65531],[-81.72313,33.6635],[-81.72777,33.6753],[-81.74139,33.68615],[-81.74521,33.69215],[-81.7565,33.69806],[-81.75971,33.70364],[-81.76916,33.71065],[-81.77837,33.71527],[-81.87754,33.63752],[-81.89161,33.62649],[-81.88079,33.62042],[-81.88006,33.61368],[-81.87682,33.61067],[-81.87385,33.60211],[-81.86614,33.59338],[-81.8681,33.57673],[-81.86998,33.57689],[-81.87409,33.56368],[-81.8706,33.56014],[-81.85866,33.56044],[-81.85055,33.56248],[-81.83624,33.56247],[-81.82651,33.55983],[-81.82096,33.55512],[-81.81107,33.55428],[-81.78955,33.5595],[-81.79391,33.53406],[-81.7807,33.52313],[-81.76682,33.50172],[-81.76344,33.50033],[-81.76045,33.49671],[-81.75169,33.49606],[-81.75669,33.48604],[-81.75983,33.47611],[-81.75192,33.47472],[-81.7458,33.46461],[-81.73278,33.45577],[-81.72658,33.46055],[-81.71029,33.46325],[-81.70041,33.46334],[-81.69511,33.46505],[-81.69016,33.47012],[-81.69612,33.48297],[-81.68271,33.47434],[-81.68045,33.46748],[-81.67515,33.46189],[-81.66932,33.46144],[-81.65806,33.47209],[-81.65679,33.47642],[-81.66829,33.48863],[-81.66592,33.49246],[-81.65657,33.50026],[-81.64953,33.51559],[-81.63841,33.5247],[-81.63151,33.52665],[-81.62696,33.53603],[-81.61117,33.55792],[-81.60663,33.5739],[-81.60323,33.57685]]]},"properties":{"STATEFP":"45","COUNTYFP":"003","COUSUBFP":"90026","COUSUBNS":"01938182","GEOIDFQ":"0600000US4500390026","GEOID":"4500390026","NAME":"Aiken","NAMELSAD":"Aiken CCD","STUSPS":"SC","NAMELSADCO":"Aiken County","STATE_NAME":"South Carolina","LSAD":"22","ALAND":367660143,"AWATER":2719879}},
{"type":"Feature","geometry":{"type":"Polygon","coordinates":[[[-79.70787,33.55595],[-79.69683,33.55566],[-79.68904,33.54676],[-79.68518,33.54472],[-79.67369,33.54364],[-79.66721,33.53796],[-79.66374,33.54269],[-79.65466,33.54151],[-79.64832,33.53532],[-79.64449,33.52859],[-79.63427,33.52475],[-79.62898,33.53029],[-79.62306,33.5323],[-79.61424,33.52245],[-79.61246,33.51407],[-79.60169,33.51531],[-79.60016,33.51272],[-79.5875,33.51382],[-79.58461,33.50741],[-79.57622,33.51276],[-79.57308,33.50755],[-79.57349,33.50189],[-79.56608,33.49449],[-79.55996,33.49121],[-79.55925,33.49939],[-79.5493,33.50017],[-79.54499,33.48722],[-79.54529,33.4909],[-79.53808,33.4969],[-79.50438,33.51314],[-79.49305,33.52076],[-79.48333,33.53677],[-79.45721,33.5581],[-79.43589,33.57251],[-79.43554,33.57885],[-79.44247,33.59596],[-79.43329,33.62155],[-79.44501,33.6252],[-79.44402,33.63745],[-79.4527,33.64286],[-79.45294,33.64691],[-79.4645,33.6478],[-79.46888,33.64604],[-79.47943,33.65428],[-79.4888,33.65884],[-79.49644,33.66557],[-79.50994,33.66903],[-79.5133,33.67212],[-79.52059,33.67311],[-79.52842,33.67707],[-79.53039,33.68612],[-79.53401,33.68733],[-79.54118,33.69391],[-79.54543,33.70099],[-79.55138,33.70497],[-79.55324,33.71107],[-79.56904,33.7143],[-79.57542,33.71082],[-79.57943,33.70452],[-79.5946,33.69898],[-79.60904,33.68849],[-79.62019,33.69258],[-79.62514,33.68747],[-79.64097,33.68312],[-79.64591,33.67683],[-79.6586,33.66447],[-79.6611,33.65798],[-79.66,33.65458],[-79.66331,33.64226],[-79.66251,33.63195],[-79.67649,33.60655],[-79.68249,33.58076],[-79.6854,33.57638],[-79.69356,33.56946],[-79.6984,33.56006],[-79.70787,33.55595]]]},"properties":{"STATEFP":"45","COUNTYFP":"089","COUSUBFP":"92353","COUSUBNS":"01938362","GEOIDFQ":"0600000US4508992353","GEOID":"4508992353","NAME":"Nesmith","NAMELSAD":"Nesmith CCD","STUSPS":"SC","NAMELSADCO":"Williamsburg County","STATE_NAME":"South Carolina","LSAD":"22","ALAND":376729346,"AWATER":1118076}},
{"type":"Feature","geometry":{"type":"Polygon","coordinates":[[[-80.37874,34.0807],[-80.37999,34.06978],[-80.3772,34.05404],[-80.36806,34.04889],[-80.36162,34.0408],[-80.36094,34.03304],[-80.3555,34.027],[-80.35214,34.02656],[-80.35054,34.01809],[-80.35552,34.01364],[-80.34961,34.00834],[-80.34804,33.99708],[-80.34564,33.99159],[-80.34562,33.98494],[-80.34057,33.97021],[-80.3269,33.98492],[-80.31593,33.97714],[-80.30983,33.96468],[-80.30551,33.96305],[-80.29369,33.96605],[-80.27678,33.96216],[-80.26963,33.96282],[-80.26458,33.96039],[-80.25686,33.95982],[-80.24645,33.95266],[-80.24667,33.94724],[-80.24263,33.94536],[-80.23734,33.93327],[-80.22912,33.93047],[-80.22344,33.93176],[-80.21437,33.9297],[-80.20478,33.92131],[-80.19471,33.91824],[-80.18598,33.91397],[-80.18095,33.90698],[-80.1703,33.89854],[-80.17142,33.91197],[-80.17529,33.91509],[-80.17669,33.9213],[-80.1829,33.92645],[-80.17942,33.93484],[-80.18037,33.952],[-80.18249,33.96496],[-80.18251,33.97497],[-80.18798,33.98894],[-80.18664,33.9995],[-80.18829,34.00492],[-80.24307,33.99161],[-80.2498,33.99217],[-80.25331,33.99506],[-80.25542,34.00594],[-80.25927,34.01197],[-80.25772,34.01854],[-80.26906,34.0351],[-80.29493,34.03944],[-80.30324,34.06322],[-80.31561,34.07738],[-80.32172,34.08036],[-80.36941,34.08112],[-80.37874,34.0807]]]},"properties":{"STATEFP":"45","COUNTYFP":"085","COUSUBFP":"93315","COUSUBNS":"01938436","GEOIDFQ":"0600000US4508593315","GEOID":"4508593315","NAME":"Sumter Northeast","NAMELSAD":"Sumter Northeast CCD","STUSPS":"SC","NAMELSADCO":"Sumter County","STATE_NAME":"South Carolina","LSAD":"22","ALAND":147863493,"AWATER":192199}},
{"type":"Feature","geometry":{"type":"Polygon","coordinates":[[[-80.43289,34.27893],[-80.45864,34.26399],[-80.47385,34.25197],[-80.4836,34.24668],[-80.51188,34.2395],[-80.5324,34.23723],[-80.52934,34.22776],[-80.5303,34.216],[-80.54454,34.21666],[-80.56197,34.21323],[-80.61454,34.21921],[-80.62993,34.21731],[-80.61882,34.21344],[-80.60984,34.21299],[-80.60479,34.20977],[-80.6046,34.20591],[-80.6112,34.19643],[-80.61518,34.19607],[-80.61938,34.20384],[-80.63112,34.20341],[-80.63496,34.19421],[-80.63305,34.1886],[-80.61931,34.18316],[-80.61534,34.18304],[-80.61186,34.18928],[-80.60552,34.18377],[-80.60636,34.17622],[-80.61545,34.16995],[-80.6256,34.17241],[-80.6248,34.16429],[-80.61891,34.15855],[-80.61759,34.15197],[-80.62347,34.14984],[-80.62583,34.14371],[-80.63484,34.1428],[-80.63952,34.13749],[-80.63497,34.13179],[-80.63739,34.12783],[-80.64675,34.1292],[-80.64994,34.12515],[-80.62949,34.11336],[-80.62553,34.11815],[-80.61792,34.11804],[-80.61853,34.10917],[-80.6044,34.10167],[-80.58011,34.09995],[-80.57627,34.10299],[-80.47986,34.1687],[-80.46462,34.17862],[-80.46086,34.18332],[-80.45237,34.19899],[-80.4557,34.20398],[-80.45454,34.20796],[-80.44516,34.20605],[-80.43344,34.22296],[-80.4308,34.227],[-80.43299,34.24886],[-80.42406,34.2507],[-80.42929,34.2572],[-80.43104,34.27663],[-80.43289,34.27893]]]},"properties":{"STATEFP":"45","COUNTYFP":"055","COUSUBFP":"90377","COUSUBNS":"01938209","GEOIDFQ":"0600000US4505590377","GEOID":"4505590377","NAME":"Boykin","NAMELSAD":"Boykin CCD","STUSPS":"SC","NAMELSADCO":"Kershaw County","STATE_NAME":"South Carolina","LSAD":"22","ALAND":180713180,"AWATER":2539481}},
{"type":"Feature","geometry":{"type":"Polygon","coordinates":[[[-79.93137,32.82984],[-79.94014,32.83005],[-79.94403,32.83604],[-79.95134,32.83342],[-79.96093,32.83813],[-79.96948,32.83625],[-79.97263,32.8336],[-79.97864,32.83461],[-79.9686,32.83061],[-79.96661,32.82478],[-79.96636,32.8128],[-79.97232,32.79862],[-79.96701,32.78858],[-79.94948,32.77366],[-79.94091,32.76451],[-79.92869,32.76303],[-79.92878,32.76912],[-79.92439,32.77502],[-79.9232,32.78181],[-79.91716,32.78287],[-79.91538,32.81237],[-79.91378,32.81565],[-79.92329,32.81662],[-79.92968,32.82321],[-79.93137,32.82984]]]},"properties":{"STATEFP":"45","COUNTYFP":"019","COUSUBFP":"90570","COUSUBNS":"02584536","GEOIDFQ":"0600000US4501990570","GEOID":"4501990570","NAME":"Charleston Central","NAMELSAD":"Charleston Central CCD","STUSPS":"SC","NAMELSADCO":"Charleston County","STATE_NAME":"South Carolina","LSAD":"22","ALAND":22069121,"AWATER":9829225}},
{"type":"Feature","geometry":{"type":"Polygon","coordinates":[[[-80.87995,32.79206],[-80.89359,32.79048],[-80.90175,32.79302],[-80.91533,32.79406],[-80.9201,32.79667],[-80.92579,32.80311],[-80.93623,32.80034],[-80.94947,32.79931],[-80.96156,32.7972],[-80.967,32.79346],[-80.97715,32.79197],[-80.98798,32.7868],[-80.99477,32.7772],[-80.99075,32.7652],[-80.99042,32.75631],[-80.99448,32.74521],[-80.99844,32.74077],[-80.99841,32.73616],[-80.98742,32.72629],[-80.9765,32.72089],[-80.97582,32.71435],[-80.96803,32.70407],[-80.96416,32.6947],[-80.95871,32.69477],[-80.95494,32.69019],[-80.95053,32.69065],[-80.94586,32.68735],[-80.94716,32.67708],[-80.94592,32.67484],[-80.95003,32.66148],[-80.95678,32.65829],[-80.96295,32.65224],[-80.95867,32.64251],[-80.95252,32.64196],[-80.94456,32.63882],[-80.92904,32.63632],[-80.91832,32.62638],[-80.91407,32.62679],[-80.90245,32.62156],[-80.8697,32.66094],[-80.83721,32.69982],[-80.82627,32.70425],[-80.82873,32.70884],[-80.84014,32.7166],[-80.84991,32.73246],[-80.85127,32.74241],[-80.85412,32.74867],[-80.85972,32.75258],[-80.8622,32.76417],[-80.86597,32.76944],[-80.86619,32.77558],[-80.87336,32.78454],[-80.87344,32.78731],[-80.87995,32.79206]]]},"properties":{"STATEFP":"45","COUNTYFP":"049","COUSUBFP":"93809","COUSUBNS":"01938474","GEOIDFQ":"0600000US4504993809","GEOID":"4504993809","NAME":"Yemassee","NAMELSAD":"Yemassee CCD","STUSPS":"SC","NAMELSADCO":"Hampton County","STATE_NAME":"South Carolina","LSAD":"22","ALAND":192678350,"AWATER":571771}},
{"type":"Feature","geometry":{"type":"Polygon","coordinates":[[[-81.9196,34.07867],[-81.91578,34.09098],[-81.90714,34.09393],[-81.91409,34.09866],[-81.92941,34.10564],[-81.94432,34.10972],[-81.94676,34.11202],[-81.95547,34.10557],[-81.9654,34.10281],[-81.98096,34.09034],[-81.99102,34.09148],[-81.99651,34.09417],[-82.00389,34.1007],[-82.01279,34.10635],[-82.01857,34.107],[-82.03061,34.11294],[-82.03542,34.10812],[-82.04369,34.10977],[-82.05852,34.10934],[-82.07666,34.12198],[-82.08879,34.1197],[-82.0949,34.11328],[-82.1126,34.11788],[-82.12621,34.13042],[-82.12646,34.11553],[-82.12993,34.11029],[-82.12883,34.09814],[-82.13309,34.08331],[-82.12509,34.08157],[-82.12783,34.07217],[-82.12622,34.06755],[-82.12942,34.06288],[-82.11806,34.06032],[-82.11393,34.05353],[-82.11268,34.04025],[-82.10691,34.0312],[-82.1051,34.02354],[-82.10539,34.01577],[-82.10346,34.01163],[-82.09854,34.01031],[-82.0942,33.99713],[-82.09902,33.98962],[-82.10478,33.98444],[-82.07611,33.97878],[-82.04513,33.9834],[-82.04742,33.95681],[-82.04697,33.95321],[-82.0083,33.96165],[-82.00606,33.97125],[-82.00118,33.97501],[-81.99496,33.98837],[-81.98883,33.9984],[-81.98311,34.00202],[-81.9535,34.03016],[-81.94612,34.03894],[-81.93067,34.06983],[-81.92329,34.073],[-81.9196,34.07867]]]},"properties":{"STATEFP":"45","COUNTYFP":"047","COUSUBFP":"91781","COUSUBNS":"01938318","GEOIDFQ":"0600000US4504791781","GEOID":"4504791781","NAME":"Kirksey","NAMELSAD":"Kirksey CCD","STUSPS":"SC","NAMELSADCO":"Greenwood County","STATE_NAME":"South Carolina","LSAD":"22","ALAND":226085171,"AWATER":481856}},
{"type":"Feature","geometry":{"type":"Polygon","coordinates":[[[-80.50279,33.3345],[-80.50347,33.33876],[-80.50786,33.34275],[-80.51553,33.34344],[-80.52623,33.34143],[-80.53562,33.34624],[-80.55041,33.3492],[-80.55527,33.35332],[-80.5577,33.36126],[-80.56384,33.36823],[-80.56813,33.37008],[-80.57213,33.37548],[-80.58279,33.37934],[-80.58878,33.38491],[-80.59673,33.38947],[-80.59817,33.39293],[-80.61028,33.40193],[-80.61834,33.41374],[-80.61662,33.4181],[-80.62092,33.43113],[-80.62481,33.43394],[-80.62946,33.44144],[-80.64036,33.45127],[-80.64602,33.45336],[-80.64775,33.4575],[-80.65704,33.45177],[-80.66514,33.45124],[-80.67581,33.44876],[-80.68676,33.43879],[-80.68434,33.43004],[-80.69254,33.42194],[-80.70175,33.42576],[-80.70906,33.41997],[-80.71143,33.40592],[-80.7097,33.39663],[-80.71672,33.39225],[-80.72631,33.38929],[-80.72398,33.38674],[-80.73853,33.37677],[-80.7475,33.37653],[-80.76062,33.36898],[-80.76814,33.35573],[-80.77834,33.35419],[-80.78507,33.34977],[-80.78001,33.34406],[-80.77721,33.33246],[-80.76646,33.32791],[-80.76438,33.31978],[-80.75706,33.31069],[-80.74587,33.30973],[-80.74196,33.30679],[-80.73273,33.29323],[-80.73132,33.2889],[-80.73169,33.27857],[-80.73,33.27677],[-80.73068,33.26343],[-80.72626,33.25282],[-80.71338,33.24879],[-80.70657,33.24383],[-80.70433,33.23476],[-80.70104,33.22867],[-80.66619,33.24741],[-80.6129,33.27585],[-80.50279,33.3345]]]},"properties":{"STATEFP":"45","COUNTYFP":"075","COUSUBFP":"90364","COUSUBNS":"01938208","GEOIDFQ":"0600000US4507590364","GEOID":"4507590364","NAME":"Bowman","NAMELSAD":"Bowman CCD","STUSPS":"SC","NAMELSADCO":"Orangeburg County","STATE_NAME":"South Carolina","LSAD":"22","ALAND":312411238,"AWATER":875246}},
{"type":"Feature","geometry":{"type":"Polygon","coordinates":[[[-81.03103,33.34886],[-81.03278,33.35681],[-81.04664,33.36935],[-81.04781,33.37227],[-81.04394,33.38014],[-81.03866,33.3864],[-81.03924,33.39641],[-81.03763,33.4017],[-81.04008,33.41952],[-81.04587,33.42727],[-81.04487,33.43604],[-81.04171,33.449],[-81.03846,33.45332],[-81.0229,33.45369],[-81.01784,33.45543],[-81.01548,33.46085],[-81.00748,33.47167],[-80.99889,33.47941],[-81.00702,33.47909],[-81.02202,33.49056],[-81.03226,33.49467],[-81.0397,33.4898],[-81.04538,33.47732],[-81.05517,33.47974],[-81.07306,33.47954],[-81.08477,33.49171],[-81.10445,33.4923],[-81.11279,33.4867],[-81.11868,33.48676],[-81.11779,33.50012],[-81.13031,33.50542],[-81.14686,33.50917],[-81.14944,33.50363],[-81.15668,33.50455],[-81.16112,33.51077],[-81.16865,33.5097],[-81.17936,33.51098],[-81.18041,33.50414],[-81.18562,33.49702],[-81.18648,33.48839],[-81.19547,33.48175],[-81.20395,33.4793],[-81.20909,33.47395],[-81.20969,33.46561],[-81.21304,33.46177],[-81.21602,33.45322],[-81.22035,33.45069],[-81.21852,33.44386],[-81.22011,33.43949],[-81.20606,33.43734],[-81.19979,33.43007],[-81.19832,33.42123],[-81.19243,33.41873],[-81.18953,33.41168],[-81.16705,33.40928],[-81.157,33.40618],[-81.14739,33.39949],[-81.14408,33.39932],[-81.13533,33.39382],[-81.13042,33.38897],[-81.12344,33.38815],[-81.11772,33.38346],[-81.10215,33.37854],[-81.09151,33.37853],[-81.08547,33.37529],[-81.07548,33.37344],[-81.0739,33.36845],[-81.05954,33.35887],[-81.05541,33.35396],[-81.04478,33.34799],[-81.03103,33.34886]]]},"properties":{"STATEFP":"45","COUNTYFP":"075","COUSUBFP":"92444","COUSUBNS":"01938369","GEOIDFQ":"0600000US4507592444","GEOID":"4507592444","NAME":"Norway","NAMELSAD":"Norway CCD","STUSPS":"SC","NAMELSADCO":"Orangeburg County","STATE_NAME":"South Carolina","LSAD":"22","ALAND":192717591,"AWATER":1203255}},
{"type":"Feature","geometry":{"type":"Polygon","coordinates":[[[-81.6116,34.87615],[-81.60807,34.87178],[-81.61164,34.86567],[-81.60827,34.85778],[-81.61258,34.84983],[-81.60779,34.84222],[-81.60733,34.8311],[-81.6126,34.82505],[-81.60639,34.81306],[-81.59594,34.81233],[-81.59079,34.79852],[-81.58751,34.79545],[-81.58171,34.78391],[-81.56945,34.78933],[-81.56464,34.7862],[-81.56121,34.77204],[-81.55636,34.76312],[-81.55071,34.76055],[-81.54474,34.75324],[-81.53851,34.74291],[-81.51816,34.73864],[-81.51112,34.73251],[-81.49731,34.73417],[-81.48852,34.72577],[-81.48031,34.72234],[-81.47839,34.72367],[-81.48838,34.73304],[-81.48734,34.73818],[-81.48245,34.7444],[-81.46915,34.75345],[-81.4532,34.7609],[-81.45531,34.77371],[-81.45364,34.78224],[-81.45641,34.79252],[-81.45926,34.79753],[-81.46804,34.80163],[-81.46912,34.811],[-81.48127,34.80861],[-81.48743,34.8134],[-81.48477,34.81822],[-81.47658,34.82257],[-81.47018,34.82745],[-81.46175,34.83102],[-81.45714,34.83925],[-81.46583,34.84668],[-81.47612,34.85175],[-81.48476,34.86168],[-81.48194,34.8665],[-81.49365,34.8691],[-81.49965,34.86775],[-81.50406,34.87188],[-81.51487,34.87713],[-81.52274,34.87729],[-81.52346,34.87377],[-81.53116,34.86918],[-81.53747,34.87332],[-81.54353,34.86989],[-81.57954,34.88267],[-81.5872,34.88745],[-81.59472,34.88399],[-81.59839,34.8848],[-81.60698,34.87756],[-81.6116,34.87615]]]},"properties":{"STATEFP":"45","COUNTYFP":"087","COUSUBFP":"91989","COUSUBNS":"01938334","GEOIDFQ":"0600000US4508791989","GEOID":"4508791989","NAME":"Lockhart","NAMELSAD":"Lockhart CCD","STUSPS":"SC","NAMELSADCO":"Union County","STATE_NAME":"South Carolina","LSAD":"22","ALAND":163226576,"AWATER":1833395}},
{"type":"Feature","geometry":{"type":"Polygon","coordinates":[[[-80.49518,33.30255],[-80.49202,33.30342],[-80.49042,33.31174],[-80.49103,33.31886],[-80.49433,33.33064],[-80.48802,33.3329],[-80.48486,33.33089],[-80.47514,33.3306],[-80.4606,33.33673],[-80.45382,33.34415],[-80.44553,33.36138],[-80.43988,33.36797],[-80.43462,33.38164],[-80.42995,33.38583],[-80.40363,33.39364],[-80.39563,33.39382],[-80.4051,33.41149],[-80.40953,33.41649],[-80.40507,33.42214],[-80.40355,33.43038],[-80.39508,33.44321],[-80.39481,33.44719],[-80.3977,33.45066],[-80.40671,33.45608],[-80.41978,33.46628],[-80.43697,33.47796],[-80.43394,33.48835],[-80.44157,33.49546],[-80.43785,33.50016],[-80.44234,33.50284],[-80.45273,33.50167],[-80.46005,33.5029],[-80.4609,33.50608],[-80.4561,33.51082],[-80.45929,33.51437],[-80.46774,33.51616],[-80.46722,33.52643],[-80.46219,33.52638],[-80.45294,33.52325],[-80.44732,33.52453],[-80.44972,33.53145],[-80.44686,33.53557],[-80.44746,33.54047],[-80.45186,33.54592],[-80.45758,33.54599],[-80.46115,33.54078],[-80.46842,33.54106],[-80.47466,33.55288],[-80.4791,33.55429],[-80.48502,33.56005],[-80.49194,33.55727],[-80.49627,33.55848],[-80.49714,33.55359],[-80.50559,33.55259],[-80.50436,33.54637],[-80.506,33.53967],[-80.50335,33.53583],[-80.50714,33.52947],[-80.50384,33.52228],[-80.50154,33.50512],[-80.51205,33.4972],[-80.50729,33.48684],[-80.51593,33.48052],[-80.52456,33.46531],[-80.51881,33.45073],[-80.53059,33.43662],[-80.53174,33.42993],[-80.52915,33.41563],[-80.52361,33.4031],[-80.52206,33.38674],[-80.52376,33.37338],[-80.51213,33.36378],[-80.50837,33.35826],[-80.50786,33.34275],[-80.50347,33.33876],[-80.50279,33.3345],[-80.49847,33.33057],[-80.49413,33.32117],[-80.49518,33.30255]]]},"properties":{"STATEFP":"45","COUNTYFP":"075","COUSUBFP":"93035","COUSUBNS":"01938451","GEOIDFQ":"0600000US4507593035","GEOID":"4507593035","NAME":"Santee-Vance","NAMELSAD":"Santee-Vance CCD","STUSPS":"SC","NAMELSADCO":"Orangeburg County","STATE_NAME":"South Carolina","LSAD":"22","ALAND":174239478,"AWATER":17918723}},
{"type":"Feature","geometry":{"type":"Polygon","coordinates":[[[-82.00767,35.18865],[-82.00191,35.18378],[-81.99723,35.17455],[-81.9918,35.17231],[-81.98627,35.16655],[-81.98486,35.15959],[-81.97759,35.15246],[-81.97363,35.13933],[-81.96805,35.12929],[-81.95646,35.1181],[-81.9589,35.11019],[-81.95263,35.10601],[-81.94076,35.10933],[-81.93827,35.10521],[-81.92172,35.10735],[-81.90995,35.10312],[-81.90864,35.09949],[-81.89609,35.09798],[-81.88308,35.08279],[-81.87641,35.08501],[-81.88014,35.08883],[-81.87885,35.0927],[-81.88403,35.09666],[-81.88421,35.10401],[-81.88758,35.10443],[-81.88861,35.1136],[-81.88175,35.12398],[-81.87784,35.12483],[-81.87563,35.13381],[-81.86911,35.13078],[-81.86215,35.13005],[-81.84786,35.13444],[-81.87469,35.18412],[-81.92561,35.18551],[-82.00767,35.18865]]]},"properties":{"STATEFP":"45","COUNTYFP":"083","COUSUBFP":"90598","COUSUBNS":"01938226","GEOIDFQ":"0600000US4508390598","GEOID":"4508390598","NAME":"Chesnee","NAMELSAD":"Chesnee CCD","STUSPS":"SC","NAMELSADCO":"Spartanburg County","STATE_NAME":"South Carolina","LSAD":"22","ALAND":89568075,"AWATER":1026417}},
{"type":"Feature","geometry":{"type":"Polygon","coordinates":[[[-82.21594,35.19603],[-82.21818,35.09185],[-82.21139,35.09352],[-82.20839,35.0989],[-82.19361,35.09835],[-82.17799,35.09409],[-82.17431,35.09994],[-82.16668,35.10299],[-82.16021,35.10153],[-82.15098,35.10644],[-82.14421,35.10676],[-82.1378,35.11021],[-82.12598,35.10587],[-82.1208,35.10219],[-82.113,35.10465],[-82.10319,35.10317],[-82.10102,35.10792],[-82.09423,35.11032],[-82.08527,35.1065],[-82.08186,35.10781],[-82.09037,35.12017],[-82.10509,35.13754],[-82.1006,35.14025],[-82.10381,35.14529],[-82.10087,35.15637],[-82.09071,35.16392],[-82.09035,35.16983],[-82.10043,35.18807],[-82.10608,35.19151],[-82.13895,35.19312],[-82.17687,35.19379],[-82.21594,35.19603]]]},"properties":{"STATEFP":"45","COUNTYFP":"083","COUSUBFP":"91872","COUSUBNS":"01938325","GEOIDFQ":"0600000US4508391872","GEOID":"4508391872","NAME":"Landrum","NAMELSAD":"Landrum CCD","STUSPS":"SC","NAMELSADCO":"Spartanburg County","STATE_NAME":"South Carolina","LSAD":"22","ALAND":110889292,"AWATER":982951}},
{"type":"Feature","geometry":{"type":"Polygon","coordinates":[[[-81.80765,35.03565],[-81.80613,35.05724],[-81.84786,35.13444],[-81.86215,35.13005],[-81.86911,35.13078],[-81.87563,35.13381],[-81.87784,35.12483],[-81.88175,35.12398],[-81.88861,35.1136],[-81.88758,35.10443],[-81.88421,35.10401],[-81.88403,35.09666],[-81.87885,35.0927],[-81.88014,35.08883],[-81.87641,35.08501],[-81.88308,35.08279],[-81.87849,35.07619],[-81.87751,35.06617],[-81.87275,35.0661],[-81.86338,35.05234],[-81.85589,35.04794],[-81.84778,35.03887],[-81.8503,35.03285],[-81.84462,35.02982],[-81.84691,35.02547],[-81.83949,35.02147],[-81.84243,35.01511],[-81.83806,35.01283],[-81.82725,35.01825],[-81.82118,35.02996],[-81.80765,35.03565]]]},"properties":{"STATEFP":"45","COUNTYFP":"083","COUSUBFP":"92184","COUSUBNS":"01938349","GEOIDFQ":"0600000US4508392184","GEOID":"4508392184","NAME":"Mayo","NAMELSAD":"Mayo CCD","STUSPS":"SC","NAMELSADCO":"Spartanburg County","STATE_NAME":"South Carolina","LSAD":"22","ALAND":55417487,"AWATER":1261036}},
{"type":"Feature","geometry":{"type":"Polygon","coordinates":[[[-80.45069,34.07476],[-80.45671,34.08412],[-80.46026,34.09668],[-80.47138,34.10605],[-80.47411,34.10987],[-80.48132,34.11262],[-80.48029,34.1255],[-80.47986,34.1687],[-80.57627,34.10299],[-80.58011,34.09995],[-80.6044,34.10167],[-80.61853,34.10917],[-80.62078,34.10239],[-80.61619,34.0996],[-80.61856,34.09197],[-80.62442,34.08927],[-80.63243,34.08937],[-80.63653,34.08298],[-80.63365,34.07835],[-80.6266,34.07744],[-80.62421,34.08186],[-80.61931,34.07979],[-80.62481,34.07308],[-80.63117,34.06824],[-80.61968,34.06329],[-80.61424,34.06357],[-80.61212,34.04924],[-80.60696,34.04265],[-80.60095,34.03939],[-80.58733,34.04338],[-80.57801,34.03716],[-80.57097,34.03721],[-80.56253,34.04294],[-80.54623,34.04488],[-80.54221,34.04149],[-80.53342,34.03964],[-80.52107,34.03275],[-80.51449,34.03493],[-80.51194,34.03906],[-80.49739,34.04538],[-80.48944,34.04458],[-80.48091,34.04904],[-80.47801,34.05371],[-80.46813,34.06263],[-80.45342,34.07116],[-80.45069,34.07476]]]},"properties":{"STATEFP":"45","COUNTYFP":"085","COUSUBFP":"92808","COUSUBNS":"01938397","GEOIDFQ":"0600000US4508592808","GEOID":"4508592808","NAME":"Rembert","NAMELSAD":"Rembert CCD","STUSPS":"SC","NAMELSADCO":"Sumter County","STATE_NAME":"South Carolina","LSAD":"22","ALAND":129730091,"AWATER":1734130}},
{"type":"Feature","geometry":{"type":"Polygon","coordinates":[[[-80.27406,33.78587],[-80.27078,33.78676],[-80.2554,33.80408],[-80.19537,33.83898],[-80.14391,33.86462],[-80.15066,33.87315],[-80.15459,33.87565],[-80.15978,33.8881],[-80.15961,33.89211],[-80.1703,33.89854],[-80.18095,33.90698],[-80.18598,33.91397],[-80.19471,33.91824],[-80.20478,33.92131],[-80.21437,33.9297],[-80.22344,33.93176],[-80.22912,33.93047],[-80.23734,33.93327],[-80.24449,33.93512],[-80.25383,33.94007],[-80.27064,33.93304],[-80.27559,33.92564],[-80.27642,33.9207],[-80.28746,33.91247],[-80.29171,33.91117],[-80.29557,33.90577],[-80.29186,33.9006],[-80.31657,33.90195],[-80.31614,33.89524],[-80.31077,33.89182],[-80.3188,33.88897],[-80.32255,33.89403],[-80.32816,33.88035],[-80.3408,33.86733],[-80.33498,33.8597],[-80.32792,33.85677],[-80.32781,33.85107],[-80.31911,33.837],[-80.31796,33.82949],[-80.31354,33.82209],[-80.31115,33.81421],[-80.29853,33.80922],[-80.28875,33.79592],[-80.27406,33.78587]]]},"properties":{"STATEFP":"45","COUNTYFP":"085","COUSUBFP":"93328","COUSUBNS":"01938437","GEOIDFQ":"0600000US4508593328","GEOID":"4508593328","NAME":"Sumter Southeast","NAMELSAD":"Sumter Southeast CCD","STUSPS":"SC","NAMELSADCO":"Sumter County","STATE_NAME":"South Carolina","LSAD":"22","ALAND":170000523,"AWATER":61026}},
{"type":"Feature","geometry":{"type":"Polygon","coordinates":[[[-82.30817,33.97995],[-82.31477,33.9749],[-82.32668,33.97661],[-82.32941,33.97465],[-82.34102,33.97637],[-82.34578,33.97458],[-82.35743,33.97431],[-82.36502,33.97006],[-82.3749,33.96896],[-82.39454,33.9613],[-82.39809,33.95414],[-82.39288,33.94564],[-82.39597,33.94121],[-82.3932,33.93179],[-82.38457,33.91735],[-82.38773,33.90656],[-82.38172,33.90047],[-82.38323,33.89513],[-82.38043,33.88992],[-82.36539,33.87648],[-82.35787,33.87522],[-82.35349,33.87035],[-82.35387,33.86209],[-82.35673,33.85399],[-82.3616,33.84913],[-82.35822,33.84558],[-82.35633,33.83794],[-82.3462,33.83383],[-82.33783,33.82716],[-82.32448,33.82003],[-82.31646,33.8127],[-82.30923,33.81931],[-82.30863,33.83158],[-82.30483,33.83851],[-82.29573,33.84023],[-82.28423,33.84986],[-82.27379,33.85641],[-82.26652,33.86606],[-82.26066,33.86569],[-82.25045,33.87479],[-82.24426,33.87838],[-82.23204,33.87744],[-82.22697,33.86938],[-82.22922,33.86423],[-82.23388,33.86339],[-82.23142,33.85696],[-82.22665,33.85346],[-82.22022,33.85415],[-82.21019,33.85809],[-82.20376,33.85898],[-82.17484,33.85604],[-82.14971,33.84907],[-82.12315,33.83726],[-82.11373,33.82988],[-82.1246,33.84199],[-82.15455,33.88167],[-82.15906,33.89801],[-82.14827,33.90281],[-82.1556,33.92892],[-82.04697,33.95321],[-82.04742,33.95681],[-82.04513,33.9834],[-82.07611,33.97878],[-82.10478,33.98444],[-82.11212,33.98233],[-82.15107,33.98652],[-82.16772,33.97305],[-82.17484,33.97243],[-82.20029,33.9786],[-82.21394,33.98608],[-82.22084,33.9911],[-82.22991,33.99991],[-82.23532,34.01065],[-82.24365,34.01789],[-82.26313,34.0031],[-82.29117,33.98029],[-82.30588,33.97179],[-82.30817,33.97995]]]},"properties":{"STATEFP":"45","COUNTYFP":"065","COUSUBFP":"92119","COUSUBNS":"01938344","GEOIDFQ":"0600000US4506592119","GEOID":"4506592119","NAME":"McCormick","NAMELSAD":"McCormick CCD","STUSPS":"SC","NAMELSADCO":"McCormick County","STATE_NAME":"South Carolina","LSAD":"22","ALAND":349499667,"AWATER":11771809}},
{"type":"Feature","geometry":{"type":"Polygon","coordinates":[[[-79.97008,33.18636],[-79.95336,33.1956],[-79.94767,33.19692],[-79.94446,33.20244],[-79.93503,33.20884],[-79.93089,33.21369],[-79.93307,33.22165],[-79.9286,33.22978],[-79.92736,33.2379],[-79.92069,33.24192],[-79.91359,33.25089],[-79.91166,33.25557],[-79.89708,33.2519],[-79.88511,33.25561],[-79.86678,33.2569],[-79.86044,33.24959],[-79.85419,33.24644],[-79.84263,33.23471],[-79.83852,33.22825],[-79.82239,33.21923],[-79.8114,33.21723],[-79.80345,33.21332],[-79.78815,33.20199],[-79.78154,33.2106],[-79.78008,33.21578],[-79.77201,33.22088],[-79.76211,33.2321],[-79.76523,33.23954],[-79.7591,33.25343],[-79.76456,33.26675],[-79.76317,33.27167],[-79.77034,33.28663],[-79.76764,33.29211],[-79.75879,33.29851],[-79.76262,33.30983],[-79.75716,33.30991],[-79.74885,33.31873],[-79.74115,33.32231],[-79.7442,33.32744],[-79.7498,33.33036],[-79.75638,33.33019],[-79.76073,33.32934],[-79.77703,33.33402],[-79.79092,33.34045],[-79.79549,33.33238],[-79.80214,33.33136],[-79.80593,33.3346],[-79.81912,33.35324],[-79.82296,33.36017],[-79.82755,33.36415],[-79.84346,33.36102],[-79.87752,33.34212],[-79.8779,33.33485],[-79.8927,33.32171],[-79.89893,33.32206],[-79.90759,33.31429],[-79.91268,33.31202],[-79.9183,33.31673],[-79.91984,33.32211],[-79.91529,33.33379],[-79.91559,33.3424],[-79.92587,33.34716],[-79.9298,33.3505],[-79.93308,33.36272],[-79.93667,33.36712],[-79.94712,33.37346],[-79.94748,33.37782],[-79.95233,33.37987],[-79.95697,33.39288],[-79.988,33.4009],[-79.99277,33.40569],[-79.99634,33.39321],[-80.02081,33.34258],[-80.03897,33.30346],[-80.03832,33.30298],[-79.9998,33.25594],[-79.99631,33.25017],[-79.98025,33.23017],[-79.96915,33.19619],[-79.96795,33.19115],[-79.97008,33.18636]]]},"properties":{"STATEFP":"45","COUNTYFP":"015","COUSUBFP":"90351","COUSUBNS":"01938207","GEOIDFQ":"0600000US4501590351","GEOID":"4501590351","NAME":"Bonneau","NAMELSAD":"Bonneau CCD","STUSPS":"SC","NAMELSADCO":"Berkeley County","STATE_NAME":"South Carolina","LSAD":"22","ALAND":284772075,"AWATER":53161660}},
{"type":"Feature","geometry":{"type":"Polygon","coordinates":[[[-80.33472,33.1461],[-80.33594,33.14546],[-80.25135,33.0897],[-80.24168,33.09583],[-80.23392,33.09867],[-80.22788,33.10345],[-80.22144,33.10486],[-80.21416,33.11334],[-80.20228,33.12122],[-80.19537,33.13229],[-80.1903,33.138],[-80.18197,33.14267],[-80.17533,33.15078],[-80.18124,33.15532],[-80.17658,33.16875],[-80.17779,33.17787],[-80.17142,33.1891],[-80.1711,33.19754],[-80.16685,33.20534],[-80.17426,33.2263],[-80.15887,33.24218],[-80.1601,33.24779],[-80.16757,33.25346],[-80.17474,33.25575],[-80.17839,33.26157],[-80.17317,33.2717],[-80.16941,33.28223],[-80.14978,33.27978],[-80.14091,33.28344],[-80.13082,33.28066],[-80.12083,33.27416],[-80.10452,33.2683],[-80.09442,33.26823],[-80.08973,33.27627],[-80.03832,33.30298],[-80.03897,33.30346],[-80.11883,33.36185],[-80.13636,33.38073],[-80.14399,33.39172],[-80.15616,33.40552],[-80.16462,33.40699],[-80.20895,33.44266],[-80.21896,33.44772],[-80.22227,33.44372],[-80.22148,33.43458],[-80.22473,33.42548],[-80.22384,33.41505],[-80.2252,33.40934],[-80.22189,33.40454],[-80.22257,33.39129],[-80.22988,33.39158],[-80.2324,33.38412],[-80.23846,33.39115],[-80.24156,33.38308],[-80.24179,33.37605],[-80.23907,33.36284],[-80.23962,33.3522],[-80.2479,33.33816],[-80.24729,33.32869],[-80.25209,33.32129],[-80.25201,33.31031],[-80.25564,33.3],[-80.26351,33.29233],[-80.2702,33.29043],[-80.2726,33.28573],[-80.28927,33.27911],[-80.29448,33.27126],[-80.30194,33.26746],[-80.3172,33.26412],[-80.32226,33.26605],[-80.33012,33.27223],[-80.34464,33.27785],[-80.35442,33.27676],[-80.3591,33.27199],[-80.36185,33.25744],[-80.35189,33.24957],[-80.34841,33.24892],[-80.34686,33.23609],[-80.3375,33.22834],[-80.33488,33.22298],[-80.33646,33.21538],[-80.33082,33.19842],[-80.32469,33.19852],[-80.30853,33.18784],[-80.29758,33.18184],[-80.29701,33.17801],[-80.3018,33.17423],[-80.31096,33.15836],[-80.31763,33.15705],[-80.32109,33.15342],[-80.33472,33.1461]]]},"properties":{"STATEFP":"45","COUNTYFP":"015","COUSUBFP":"90806","COUSUBNS":"01938242","GEOIDFQ":"0600000US4501590806","GEOID":"4501590806","NAME":"Cross","NAMELSAD":"Cross CCD","STUSPS":"SC","NAMELSADCO":"Berkeley County","STATE_NAME":"South Carolina","LSAD":"22","ALAND":391991767,"AWATER":84732483}},
{"type":"Feature","geometry":{"type":"Polygon","coordinates":[[[-82.11373,33.82988],[-82.12315,33.83726],[-82.14971,33.84907],[-82.17484,33.85604],[-82.20376,33.85898],[-82.21019,33.85809],[-82.22022,33.85415],[-82.22665,33.85346],[-82.23142,33.85696],[-82.23388,33.86339],[-82.22922,33.86423],[-82.22697,33.86938],[-82.23204,33.87744],[-82.24426,33.87838],[-82.25045,33.87479],[-82.26066,33.86569],[-82.26652,33.86606],[-82.27379,33.85641],[-82.28423,33.84986],[-82.29573,33.84023],[-82.30483,33.83851],[-82.30863,33.83158],[-82.30923,33.81931],[-82.31646,33.8127],[-82.31244,33.80716],[-82.30345,33.80326],[-82.29928,33.79894],[-82.29901,33.78448],[-82.28865,33.78164],[-82.27768,33.77203],[-82.26502,33.76574],[-82.26404,33.76284],[-82.25559,33.75988],[-82.24747,33.75259],[-82.24541,33.74293],[-82.2391,33.73087],[-82.23575,33.71439],[-82.23719,33.70788],[-82.23458,33.70022],[-82.22568,33.69143],[-82.21865,33.6863],[-82.2098,33.66928],[-82.19985,33.66176],[-82.20119,33.6469],[-82.19658,33.63058],[-82.17985,33.61595],[-82.17617,33.61377],[-82.15833,33.60971],[-82.15336,33.60632],[-82.14882,33.59809],[-82.13352,33.59054],[-82.12586,33.59074],[-82.11532,33.5966],[-82.09553,33.63387],[-82.10018,33.64161],[-82.10842,33.64786],[-82.11047,33.6553],[-82.12246,33.65516],[-82.13174,33.65952],[-82.13448,33.67391],[-82.1424,33.67394],[-82.14822,33.67649],[-82.14535,33.6861],[-82.15353,33.69069],[-82.16579,33.69011],[-82.18289,33.72373],[-82.18199,33.73047],[-82.17066,33.73476],[-82.16799,33.74083],[-82.16419,33.74337],[-82.16805,33.7492],[-82.16575,33.75328],[-82.17243,33.76146],[-82.17268,33.76546],[-82.16342,33.77265],[-82.15995,33.78153],[-82.15572,33.78179],[-82.15675,33.78788],[-82.15017,33.79378],[-82.14394,33.79494],[-82.13879,33.80156],[-82.14138,33.80562],[-82.13407,33.81018],[-82.13972,33.81734],[-82.1301,33.8188],[-82.12351,33.82778],[-82.11373,33.82988]]]},"properties":{"STATEFP":"45","COUNTYFP":"065","COUSUBFP":"92561","COUSUBNS":"01938378","GEOIDFQ":"0600000US4506592561","GEOID":"4506592561","NAME":"Parksville","NAMELSAD":"Parksville CCD","STUSPS":"SC","NAMELSADCO":"McCormick County","STATE_NAME":"South Carolina","LSAD":"22","ALAND":235067609,"AWATER":42288306}},
{"type":"Feature","geometry":{"type":"Polygon","coordinates":[[[-80.65902,33.47098],[-80.6458,33.47284],[-80.63928,33.47491],[-80.63449,33.46947],[-80.62729,33.47382],[-80.61657,33.46601],[-80.61133,33.47042],[-80.62495,33.48876],[-80.61967,33.49322],[-80.6247,33.4989],[-80.58823,33.5386],[-80.61035,33.55073],[-80.60155,33.5562],[-80.57995,33.56108],[-80.56464,33.5618],[-80.55227,33.56541],[-80.55136,33.55874],[-80.54014,33.5618],[-80.52838,33.55144],[-80.51121,33.53843],[-80.50335,33.53583],[-80.506,33.53967],[-80.50436,33.54637],[-80.50559,33.55259],[-80.49714,33.55359],[-80.49627,33.55848],[-80.49981,33.56249],[-80.50599,33.56421],[-80.50404,33.56999],[-80.51523,33.57471],[-80.51495,33.58125],[-80.50609,33.58353],[-80.50142,33.58814],[-80.50334,33.59162],[-80.51421,33.59406],[-80.5198,33.59737],[-80.52156,33.60336],[-80.51942,33.61007],[-80.54783,33.60565],[-80.57258,33.59888],[-80.57772,33.59416],[-80.58868,33.59034],[-80.59943,33.58797],[-80.61501,33.59042],[-80.62622,33.59449],[-80.64606,33.60846],[-80.6525,33.61739],[-80.67594,33.64204],[-80.68072,33.64941],[-80.68543,33.65035],[-80.69723,33.64537],[-80.71065,33.64449],[-80.72022,33.63982],[-80.72653,33.63263],[-80.74314,33.63152],[-80.73874,33.61578],[-80.7371,33.60654],[-80.74486,33.60225],[-80.75651,33.59771],[-80.76886,33.58875],[-80.77598,33.58132],[-80.73156,33.5495],[-80.69407,33.52191],[-80.69609,33.51046],[-80.69103,33.50329],[-80.68373,33.49944],[-80.68252,33.49407],[-80.67798,33.48668],[-80.66812,33.48045],[-80.66613,33.47515],[-80.65902,33.47098]]]},"properties":{"STATEFP":"45","COUNTYFP":"017","COUSUBFP":"90481","COUSUBNS":"01938217","GEOIDFQ":"0600000US4501790481","GEOID":"4501790481","NAME":"Cameron","NAMELSAD":"Cameron CCD","STUSPS":"SC","NAMELSADCO":"Calhoun County","STATE_NAME":"South Carolina","LSAD":"22","ALAND":213478820,"AWATER":12349425}},
{"type":"Feature","geometry":{"type":"Polygon","coordinates":[[[-82.00958,35.03788],[-82.01427,35.05248],[-82.01827,35.06092],[-82.01913,35.07089],[-82.01657,35.07217],[-82.02424,35.08006],[-82.03833,35.09053],[-82.03999,35.0936],[-82.04059,35.11318],[-82.05568,35.1045],[-82.06071,35.1047],[-82.07041,35.1108],[-82.08012,35.10981],[-82.08186,35.10781],[-82.08527,35.1065],[-82.09423,35.11032],[-82.09436,35.10321],[-82.09775,35.09596],[-82.09649,35.08571],[-82.09933,35.07584],[-82.10336,35.06763],[-82.11982,35.05668],[-82.13901,35.05005],[-82.14475,35.04442],[-82.14658,35.03705],[-82.155,35.0341],[-82.15918,35.02939],[-82.14977,35.02727],[-82.14773,35.02166],[-82.14114,35.01262],[-82.12767,34.99914],[-82.1162,34.99815],[-82.10255,34.99175],[-82.09401,34.98461],[-82.08518,34.98343],[-82.07452,34.98617],[-82.06366,34.98042],[-82.05784,34.97879],[-82.04873,34.97995],[-82.04453,34.98379],[-82.03378,34.98765],[-82.03669,34.99814],[-82.03649,35.00374],[-82.03077,35.00708],[-82.02098,35.016],[-82.02663,35.02193],[-82.02267,35.02502],[-82.01847,35.03319],[-82.00958,35.03788]]]},"properties":{"STATEFP":"45","COUNTYFP":"083","COUSUBFP":"91612","COUSUBNS":"01938305","GEOIDFQ":"0600000US4508391612","GEOID":"4508391612","NAME":"Inman","NAMELSAD":"Inman CCD","STUSPS":"SC","NAMELSADCO":"Spartanburg County","STATE_NAME":"South Carolina","LSAD":"22","ALAND":115732992,"AWATER":3629586}},
{"type":"Feature","geometry":{"type":"Polygon","coordinates":[[[-82.00767,35.18865],[-82.08959,35.1907],[-82.10608,35.19151],[-82.10043,35.18807],[-82.09035,35.16983],[-82.09071,35.16392],[-82.10087,35.15637],[-82.10381,35.14529],[-82.1006,35.14025],[-82.10509,35.13754],[-82.09037,35.12017],[-82.08186,35.10781],[-82.08012,35.10981],[-82.07041,35.1108],[-82.06071,35.1047],[-82.05568,35.1045],[-82.04059,35.11318],[-82.03,35.11202],[-82.02222,35.1061],[-82.01222,35.10924],[-81.99928,35.10526],[-81.99054,35.11158],[-81.98387,35.11019],[-81.97442,35.11138],[-81.9589,35.11019],[-81.95646,35.1181],[-81.96805,35.12929],[-81.97363,35.13933],[-81.97759,35.15246],[-81.98486,35.15959],[-81.98627,35.16655],[-81.9918,35.17231],[-81.99723,35.17455],[-82.00191,35.18378],[-82.00767,35.18865]]]},"properties":{"STATEFP":"45","COUNTYFP":"083","COUSUBFP":"91118","COUSUBNS":"01938266","GEOIDFQ":"0600000US4508391118","GEOID":"4508391118","NAME":"Fingerville","NAMELSAD":"Fingerville CCD","STUSPS":"SC","NAMELSADCO":"Spartanburg County","STATE_NAME":"South Carolina","LSAD":"22","ALAND":92567683,"AWATER":2818517}},
{"type":"Feature","geometry":{"type":"Polygon","coordinates":[[[-82.21818,35.09185],[-82.21961,35.0405],[-82.21447,35.03103],[-82.2143,35.02776],[-82.20906,35.01701],[-82.20624,35.01537],[-82.20164,35.02664],[-82.19345,35.02572],[-82.18948,35.02723],[-82.17824,35.0276],[-82.17081,35.02985],[-82.15918,35.02939],[-82.155,35.0341],[-82.14658,35.03705],[-82.14475,35.04442],[-82.13901,35.05005],[-82.11982,35.05668],[-82.10336,35.06763],[-82.09933,35.07584],[-82.09649,35.08571],[-82.09775,35.09596],[-82.09436,35.10321],[-82.09423,35.11032],[-82.10102,35.10792],[-82.10319,35.10317],[-82.113,35.10465],[-82.1208,35.10219],[-82.12598,35.10587],[-82.1378,35.11021],[-82.14421,35.10676],[-82.15098,35.10644],[-82.16021,35.10153],[-82.16668,35.10299],[-82.17431,35.09994],[-82.17799,35.09409],[-82.19361,35.09835],[-82.20839,35.0989],[-82.21139,35.09352],[-82.21818,35.09185]]]},"properties":{"STATEFP":"45","COUNTYFP":"083","COUSUBFP":"91287","COUSUBNS":"01938279","GEOIDFQ":"0600000US4508391287","GEOID":"4508391287","NAME":"Gramling","NAMELSAD":"Gramling CCD","STUSPS":"SC","NAMELSADCO":"Spartanburg County","STATE_NAME":"South Carolina","LSAD":"22","ALAND":75252778,"AWATER":1195002}},
{"type":"Feature","geometry":{"type":"Polygon","coordinates":[[[-82.83364,34.76091],[-82.83347,34.75192],[-82.83619,34.74405],[-82.84077,34.73687],[-82.83501,34.72815],[-82.84053,34.7194],[-82.83345,34.71421],[-82.82531,34.706],[-82.82176,34.70658],[-82.80861,34.70188],[-82.79838,34.70082],[-82.79114,34.69564],[-82.7821,34.69304],[-82.78183,34.68876],[-82.77637,34.68309],[-82.78757,34.67273],[-82.72306,34.70424],[-82.73047,34.71048],[-82.73717,34.72386],[-82.72976,34.72773],[-82.72698,34.73257],[-82.73074,34.74377],[-82.72812,34.75617],[-82.73075,34.75806],[-82.75254,34.76255],[-82.75068,34.7676],[-82.75772,34.78018],[-82.77079,34.77942],[-82.7802,34.77187],[-82.78428,34.77128],[-82.79348,34.76476],[-82.80275,34.7675],[-82.80424,34.76263],[-82.8121,34.76202],[-82.82188,34.76509],[-82.8312,34.76402],[-82.83364,34.76091]]]},"properties":{"STATEFP":"45","COUNTYFP":"077","COUSUBFP":"90533","COUSUBNS":"01938221","GEOIDFQ":"0600000US4507790533","GEOID":"4507790533","NAME":"Central","NAMELSAD":"Central CCD","STUSPS":"SC","NAMELSADCO":"Pickens County","STATE_NAME":"South Carolina","LSAD":"22","ALAND":75596297,"AWATER":1843907}},
{"type":"Feature","geometry":{"type":"Polygon","coordinates":[[[-82.68124,34.85138],[-82.67512,34.84647],[-82.66944,34.84486],[-82.66131,34.83147],[-82.65891,34.82403],[-82.6601,34.81944],[-82.65714,34.81158],[-82.65082,34.81066],[-82.65444,34.80293],[-82.64864,34.8007],[-82.64626,34.79683],[-82.65084,34.79414],[-82.64779,34.78967],[-82.643,34.7897],[-82.63204,34.78326],[-82.63522,34.7697],[-82.62973,34.75928],[-82.63059,34.74921],[-82.48703,34.819],[-82.47637,34.82793],[-82.48708,34.83214],[-82.50242,34.83124],[-82.52884,34.82871],[-82.55094,34.82531],[-82.5536,34.83299],[-82.55159,34.83784],[-82.55363,34.84722],[-82.56133,34.84465],[-82.56421,34.85268],[-82.56389,34.85897],[-82.57776,34.85803],[-82.5833,34.85982],[-82.59471,34.85618],[-82.60162,34.85811],[-82.60567,34.86266],[-82.60273,34.88669],[-82.60526,34.89592],[-82.6014,34.9055],[-82.60697,34.90609],[-82.61717,34.9027],[-82.64389,34.89155],[-82.65554,34.88513],[-82.65033,34.87811],[-82.65552,34.86919],[-82.664,34.87445],[-82.66789,34.87128],[-82.66731,34.86573],[-82.66986,34.85725],[-82.67796,34.85486],[-82.68124,34.85138]]]},"properties":{"STATEFP":"45","COUNTYFP":"077","COUSUBFP":"90936","COUSUBNS":"01938252","GEOIDFQ":"0600000US4507790936","GEOID":"4507790936","NAME":"Easley","NAMELSAD":"Easley CCD","STUSPS":"SC","NAMELSADCO":"Pickens County","STATE_NAME":"South Carolina","LSAD":"22","ALAND":131405606,"AWATER":303757}},
{"type":"Feature","geometry":{"type":"Polygon","coordinates":[[[-82.6014,34.9055],[-82.60526,34.89592],[-82.60273,34.88669],[-82.60567,34.86266],[-82.60162,34.85811],[-82.59471,34.85618],[-82.5833,34.85982],[-82.57776,34.85803],[-82.56389,34.85897],[-82.56421,34.85268],[-82.56133,34.84465],[-82.55363,34.84722],[-82.55159,34.83784],[-82.5536,34.83299],[-82.55094,34.82531],[-82.52884,34.82871],[-82.50242,34.83124],[-82.48708,34.83214],[-82.48915,34.84112],[-82.48466,34.84436],[-82.48495,34.85429],[-82.483,34.85794],[-82.48903,34.86141],[-82.48706,34.86638],[-82.48794,34.87581],[-82.49154,34.87838],[-82.48766,34.88506],[-82.49648,34.88762],[-82.49485,34.8972],[-82.50279,34.9037],[-82.50462,34.91105],[-82.5099,34.91418],[-82.51091,34.91798],[-82.5174,34.91921],[-82.51585,34.92601],[-82.5211,34.92736],[-82.51755,34.93396],[-82.52543,34.93951],[-82.52593,34.94332],[-82.53801,34.9532],[-82.54578,34.95387],[-82.5507,34.94951],[-82.55691,34.94908],[-82.57134,34.94345],[-82.58793,34.9421],[-82.59406,34.9389],[-82.59183,34.92763],[-82.6014,34.9055]]]},"properties":{"STATEFP":"45","COUNTYFP":"077","COUSUBFP":"90949","COUSUBNS":"01938253","GEOIDFQ":"0600000US4507790949","GEOID":"4507790949","NAME":"Easley East","NAMELSAD":"Easley East CCD","STUSPS":"SC","NAMELSADCO":"Pickens County","STATE_NAME":"South Carolina","LSAD":"22","ALAND":106130228,"AWATER":1185992}},
{"type":"Feature","geometry":{"type":"Polygon","coordinates":[[[-80.74366,34.00661],[-80.76728,34.00547],[-80.86684,33.99188],[-80.89186,33.98528],[-80.88778,33.97699],[-80.88909,33.97329],[-80.88247,33.96509],[-80.88511,33.96094],[-80.89251,33.95963],[-80.90137,33.95004],[-80.90381,33.94432],[-80.91121,33.94579],[-80.91337,33.94185],[-80.75745,33.8959],[-80.75712,33.90373],[-80.75491,33.91021],[-80.75716,33.91366],[-80.75659,33.92577],[-80.75863,33.93275],[-80.75713,33.9369],[-80.75502,33.95738],[-80.75039,33.96041],[-80.74992,33.96878],[-80.74688,33.98135],[-80.74152,33.98966],[-80.74366,34.00661]]]},"properties":{"STATEFP":"45","COUNTYFP":"079","COUSUBFP":"91586","COUSUBNS":"01938303","GEOIDFQ":"0600000US4507991586","GEOID":"4507991586","NAME":"Horrell Hill","NAMELSAD":"Horrell Hill CCD","STUSPS":"SC","NAMELSADCO":"Richland County","STATE_NAME":"South Carolina","LSAD":"22","ALAND":119057084,"AWATER":1205438}},
{"type":"Feature","geometry":{"type":"Polygon","coordinates":[[[-79.24776,34.05708],[-79.24827,34.06644],[-79.24296,34.06796],[-79.23991,34.07849],[-79.24533,34.07801],[-79.24938,34.08506],[-79.25013,34.09037],[-79.24394,34.09322],[-79.24312,34.09752],[-79.23456,34.10078],[-79.2301,34.10882],[-79.2209,34.10774],[-79.22281,34.1131],[-79.22066,34.12203],[-79.21632,34.12823],[-79.2103,34.12726],[-79.20577,34.13297],[-79.20831,34.1506],[-79.20547,34.15085],[-79.19594,34.16109],[-79.19707,34.16853],[-79.19242,34.17126],[-79.19167,34.17641],[-79.18024,34.18136],[-79.17693,34.18479],[-79.17144,34.18174],[-79.16431,34.1975],[-79.15623,34.20261],[-79.15394,34.20721],[-79.14209,34.2092],[-79.13938,34.2157],[-79.13508,34.21778],[-79.13385,34.2326],[-79.12848,34.23555],[-79.13261,34.24006],[-79.12676,34.24828],[-79.12816,34.25365],[-79.17347,34.28753],[-79.21432,34.25554],[-79.21939,34.25879],[-79.22808,34.25808],[-79.23944,34.25434],[-79.25954,34.25903],[-79.27186,34.26975],[-79.2768,34.2695],[-79.28237,34.27271],[-79.2944,34.27699],[-79.30538,34.26931],[-79.3307,34.28081],[-79.33644,34.2747],[-79.33518,34.26917],[-79.33967,34.26255],[-79.33958,34.25597],[-79.33371,34.24574],[-79.34731,34.23219],[-79.3389,34.21821],[-79.33711,34.21301],[-79.32728,34.20366],[-79.32683,34.19326],[-79.3214,34.1891],[-79.32312,34.17778],[-79.3199,34.16737],[-79.31462,34.15633],[-79.30494,34.1561],[-79.29572,34.13884],[-79.27888,34.13376],[-79.27197,34.12847],[-79.26686,34.12707],[-79.26924,34.11636],[-79.28262,34.09505],[-79.28889,34.08679],[-79.29597,34.07448],[-79.27311,34.06957],[-79.24776,34.05708]]]},"properties":{"STATEFP":"45","COUNTYFP":"067","COUSUBFP":"92314","COUSUBNS":"01938359","GEOIDFQ":"0600000US4506792314","GEOID":"4506792314","NAME":"Mullins","NAMELSAD":"Mullins CCD","STUSPS":"SC","NAMELSADCO":"Marion County","STATE_NAME":"South Carolina","LSAD":"22","ALAND":257970308,"AWATER":609398}},
{"type":"Feature","geometry":{"type":"Polygon","coordinates":[[[-81.7546,34.33328],[-81.76041,34.33711],[-81.76533,34.33699],[-81.78288,34.35647],[-81.78575,34.36327],[-81.79734,34.35723],[-81.80654,34.35059],[-81.813,34.34756],[-81.82346,34.34686],[-81.83686,34.34281],[-81.84469,34.33514],[-81.84982,34.33298],[-81.84847,34.32353],[-81.85228,34.32248],[-81.8613,34.31555],[-81.86972,34.31411],[-81.87262,34.31203],[-81.88308,34.31196],[-81.88815,34.30485],[-81.89533,34.3005],[-81.89577,34.29585],[-81.90346,34.27347],[-81.9032,34.26329],[-81.90923,34.25559],[-81.91135,34.24635],[-81.92378,34.23089],[-81.92673,34.21972],[-81.93472,34.21539],[-81.94196,34.20859],[-81.94502,34.20315],[-81.93908,34.19547],[-81.92675,34.19586],[-81.91947,34.19072],[-81.92247,34.18623],[-81.91699,34.17698],[-81.90809,34.17904],[-81.90447,34.17641],[-81.90761,34.16764],[-81.90769,34.1619],[-81.89862,34.15645],[-81.89821,34.14761],[-81.89465,34.14518],[-81.88358,34.14264],[-81.87744,34.13686],[-81.87008,34.13536],[-81.86673,34.14093],[-81.87276,34.14581],[-81.87099,34.15],[-81.87593,34.15578],[-81.87636,34.16783],[-81.8665,34.17205],[-81.86057,34.17937],[-81.85338,34.18008],[-81.83892,34.17218],[-81.83421,34.178],[-81.82881,34.17362],[-81.82383,34.17243],[-81.81082,34.17538],[-81.79999,34.17243],[-81.79358,34.16932],[-81.78416,34.17268],[-81.7788,34.16467],[-81.77364,34.16659],[-81.77102,34.17385],[-81.76334,34.17396],[-81.75386,34.17771],[-81.74395,34.17916],[-81.73794,34.18566],[-81.74492,34.18809],[-81.75025,34.19507],[-81.75694,34.19897],[-81.75868,34.20357],[-81.76325,34.20439],[-81.76376,34.21246],[-81.77163,34.22025],[-81.78188,34.21817],[-81.79012,34.22071],[-81.7931,34.22531],[-81.80258,34.22696],[-81.80162,34.23192],[-81.80706,34.23535],[-81.81229,34.24422],[-81.81657,34.24726],[-81.81351,34.25727],[-81.80573,34.268],[-81.80187,34.27067],[-81.79197,34.28394],[-81.77811,34.27871],[-81.77597,34.28701],[-81.76966,34.2955],[-81.76487,34.30517],[-81.76046,34.31713],[-81.76038,34.32573],[-81.7546,34.33328]]]},"properties":{"STATEFP":"45","COUNTYFP":"071","COUSUBFP":"90559","COUSUBNS":"01938223","GEOIDFQ":"0600000US4507190559","GEOID":"4507190559","NAME":"Chappells","NAMELSAD":"Chappells CCD","STUSPS":"SC","NAMELSADCO":"Newberry County","STATE_NAME":"South Carolina","LSAD":"22","ALAND":226418940,"AWATER":4989156}},
{"type":"Feature","geometry":{"type":"Polygon","coordinates":[[[-81.73818,34.42908],[-81.74731,34.42799],[-81.75786,34.43316],[-81.76499,34.4397],[-81.78347,34.44485],[-81.79012,34.44859],[-81.79925,34.45768],[-81.80288,34.45915],[-81.81186,34.45685],[-81.8273,34.45494],[-81.84793,34.44437],[-81.85348,34.4393],[-81.8612,34.43739],[-81.86662,34.43338],[-81.86892,34.42027],[-81.87322,34.41716],[-81.87842,34.42563],[-81.89096,34.42922],[-81.89399,34.42385],[-81.89567,34.41266],[-81.88772,34.40697],[-81.88607,34.39998],[-81.88231,34.39537],[-81.88304,34.39015],[-81.88964,34.38154],[-81.89636,34.37584],[-81.89772,34.37194],[-81.89391,34.36253],[-81.88656,34.35507],[-81.89342,34.35032],[-81.88743,34.34202],[-81.87945,34.34124],[-81.88034,34.3351],[-81.87083,34.32922],[-81.86831,34.31824],[-81.86972,34.31411],[-81.8613,34.31555],[-81.85228,34.32248],[-81.84847,34.32353],[-81.84982,34.33298],[-81.84469,34.33514],[-81.83686,34.34281],[-81.82346,34.34686],[-81.813,34.34756],[-81.80654,34.35059],[-81.79734,34.35723],[-81.78575,34.36327],[-81.78059,34.36772],[-81.78091,34.3732],[-81.77461,34.38395],[-81.76591,34.39141],[-81.76219,34.39805],[-81.75787,34.39856],[-81.75438,34.40793],[-81.74621,34.41417],[-81.74746,34.41959],[-81.73818,34.42908]]]},"properties":{"STATEFP":"45","COUNTYFP":"059","COUSUBFP":"91690","COUSUBNS":"01938311","GEOIDFQ":"0600000US4505991690","GEOID":"4505991690","NAME":"Joanna","NAMELSAD":"Joanna CCD","STUSPS":"SC","NAMELSADCO":"Laurens County","STATE_NAME":"South Carolina","LSAD":"22","ALAND":129544551,"AWATER":317812}},
{"type":"Feature","geometry":{"type":"Polygon","coordinates":[[[-80.1827,34.05351],[-80.18039,34.04625],[-80.18702,34.03042],[-80.18986,34.00774],[-80.18829,34.00492],[-80.18664,33.9995],[-80.18798,33.98894],[-80.18251,33.97497],[-80.18249,33.96496],[-80.18037,33.952],[-80.16468,33.95731],[-80.08279,34.00016],[-80.07036,34.00792],[-80.02676,34.00854],[-80.01157,34.02992],[-80.00059,34.04788],[-80.00613,34.05384],[-80.00505,34.05627],[-80.0196,34.06301],[-80.01969,34.06676],[-80.03163,34.07421],[-80.03193,34.0768],[-80.03994,34.07854],[-80.04297,34.07667],[-80.05076,34.08084],[-80.05745,34.0791],[-80.06988,34.08619],[-80.07674,34.08611],[-80.08415,34.09112],[-80.08881,34.09957],[-80.0931,34.09813],[-80.09599,34.10539],[-80.10032,34.1069],[-80.1063,34.11333],[-80.13044,34.12593],[-80.13144,34.12867],[-80.16251,34.1053],[-80.139,34.06873],[-80.13514,34.06492],[-80.14958,34.0649],[-80.16716,34.06806],[-80.16988,34.06027],[-80.17665,34.05534],[-80.1827,34.05351]]]},"properties":{"STATEFP":"45","COUNTYFP":"061","COUSUBFP":"92054","COUSUBNS":"01938339","GEOIDFQ":"0600000US4506192054","GEOID":"4506192054","NAME":"Lynchburg","NAMELSAD":"Lynchburg CCD","STUSPS":"SC","NAMELSADCO":"Lee County","STATE_NAME":"South Carolina","LSAD":"22","ALAND":179782601,"AWATER":12319}},
{"type":"Feature","geometry":{"type":"Polygon","coordinates":[[[-80.15858,34.16162],[-80.11273,34.19702],[-80.11173,34.22861],[-80.11724,34.23776],[-80.12479,34.25109],[-80.12316,34.25346],[-80.13582,34.27246],[-80.13247,34.27745],[-80.13541,34.28455],[-80.14716,34.29024],[-80.15398,34.2981],[-80.16457,34.30589],[-80.16419,34.31166],[-80.16891,34.31463],[-80.1722,34.32432],[-80.17504,34.32627],[-80.17723,34.3662],[-80.18512,34.36794],[-80.1913,34.36669],[-80.2063,34.33906],[-80.24323,34.32446],[-80.24044,34.32244],[-80.24109,34.31591],[-80.23148,34.30052],[-80.23349,34.29541],[-80.22813,34.28499],[-80.22279,34.28225],[-80.2198,34.27676],[-80.22045,34.27263],[-80.21049,34.26217],[-80.20971,34.25459],[-80.21327,34.25004],[-80.20764,34.23848],[-80.21093,34.23474],[-80.20946,34.2295],[-80.21401,34.22148],[-80.21059,34.21779],[-80.21357,34.21422],[-80.21307,34.20531],[-80.2038,34.19386],[-80.19364,34.1897],[-80.19372,34.18622],[-80.18038,34.17924],[-80.17892,34.17203],[-80.17274,34.17038],[-80.15858,34.16162]]]},"properties":{"STATEFP":"45","COUNTYFP":"061","COUSUBFP":"93251","COUSUBNS":"01938431","GEOIDFQ":"0600000US4506193251","GEOID":"4506193251","NAME":"Stokes Bridge-Cypress Crossroads","NAMELSAD":"Stokes Bridge-Cypress Crossroads CCD","STUSPS":"SC","NAMELSADCO":"Lee County","STATE_NAME":"South Carolina","LSAD":"22","ALAND":144183751,"AWATER":284795}},
{"type":"Feature","geometry":{"type":"Polygon","coordinates":[[[-82.24931,34.13598],[-82.24057,34.16345],[-82.24012,34.19217],[-82.24824,34.22055],[-82.25217,34.22558],[-82.26534,34.24453],[-82.27831,34.2588],[-82.29435,34.27122],[-82.3024,34.2747],[-82.31646,34.27249],[-82.33091,34.28076],[-82.34259,34.27592],[-82.34861,34.27701],[-82.36187,34.27361],[-82.37643,34.27396],[-82.39418,34.27566],[-82.41062,34.27307],[-82.41907,34.26906],[-82.42609,34.27699],[-82.42963,34.27163],[-82.43616,34.26868],[-82.43627,34.26518],[-82.44558,34.2605],[-82.45098,34.25577],[-82.44804,34.25157],[-82.45556,34.24539],[-82.45411,34.24013],[-82.45951,34.23527],[-82.46765,34.23159],[-82.46817,34.22566],[-82.46433,34.22004],[-82.48393,34.21161],[-82.48499,34.20753],[-82.48263,34.19886],[-82.48789,34.1961],[-82.48756,34.18741],[-82.49686,34.18372],[-82.50102,34.17891],[-82.50087,34.1729],[-82.49511,34.16854],[-82.49763,34.16066],[-82.49596,34.15863],[-82.50196,34.15246],[-82.50526,34.15385],[-82.51142,34.14544],[-82.51928,34.14476],[-82.52336,34.13042],[-82.5183,34.12997],[-82.51453,34.12105],[-82.51145,34.10937],[-82.51617,34.10279],[-82.51487,34.0994],[-82.50064,34.09238],[-82.49966,34.08205],[-82.50212,34.07877],[-82.50085,34.0719],[-82.49523,34.07641],[-82.48703,34.07785],[-82.48355,34.08122],[-82.46425,34.06982],[-82.46129,34.06597],[-82.45271,34.06034],[-82.37659,34.05737],[-82.32695,34.06412],[-82.30254,34.08061],[-82.26884,34.10713],[-82.2498,34.13452],[-82.24931,34.13598]]]},"properties":{"STATEFP":"45","COUNTYFP":"001","COUSUBFP":"90013","COUSUBNS":"01938181","GEOIDFQ":"0600000US4500190013","GEOID":"4500190013","NAME":"Abbeville","NAMELSAD":"Abbeville CCD","STUSPS":"SC","NAMELSADCO":"Abbeville County","STATE_NAME":"South Carolina","LSAD":"22","ALAND":485652289,"AWATER":1154775}},
{"type":"Feature","geometry":{"type":"Polygon","coordinates":[[[-82.50085,34.0719],[-82.50212,34.07877],[-82.49966,34.08205],[-82.50064,34.09238],[-82.51487,34.0994],[-82.51617,34.10279],[-82.51145,34.10937],[-82.51453,34.12105],[-82.5183,34.12997],[-82.52336,34.13042],[-82.51928,34.14476],[-82.51142,34.14544],[-82.50526,34.15385],[-82.50196,34.15246],[-82.49596,34.15863],[-82.49763,34.16066],[-82.49511,34.16854],[-82.50087,34.1729],[-82.50102,34.17891],[-82.49686,34.18372],[-82.48756,34.18741],[-82.48789,34.1961],[-82.48263,34.19886],[-82.49801,34.20311],[-82.51016,34.21221],[-82.51818,34.21601],[-82.52096,34.20524],[-82.52485,34.20203],[-82.5321,34.20155],[-82.54811,34.20566],[-82.55348,34.2051],[-82.55896,34.21292],[-82.56353,34.21608],[-82.58167,34.21595],[-82.58654,34.21701],[-82.59609,34.20355],[-82.59749,34.19874],[-82.60224,34.19631],[-82.61136,34.19745],[-82.62573,34.19415],[-82.63203,34.19465],[-82.6415,34.1928],[-82.64705,34.18872],[-82.66153,34.18958],[-82.66729,34.18173],[-82.6849,34.17606],[-82.68883,34.17175],[-82.70429,34.16748],[-82.71392,34.16159],[-82.72113,34.16018],[-82.71746,34.15055],[-82.70414,34.14101],[-82.69215,34.13899],[-82.68629,34.13445],[-82.67522,34.12978],[-82.66828,34.11978],[-82.66688,34.11359],[-82.65885,34.10396],[-82.64883,34.09913],[-82.64164,34.09209],[-82.64026,34.08654],[-82.64566,34.07605],[-82.64052,34.06788],[-82.63544,34.06509],[-82.62696,34.06346],[-82.62141,34.05802],[-82.61916,34.05132],[-82.61293,34.04679],[-82.60741,34.03807],[-82.59601,34.03093],[-82.59379,34.02674],[-82.59553,34.02048],[-82.5945,34.01392],[-82.53046,34.07192],[-82.51771,34.07005],[-82.50085,34.0719]]]},"properties":{"STATEFP":"45","COUNTYFP":"001","COUSUBFP":"90455","COUSUBNS":"01938215","GEOIDFQ":"0600000US4500190455","GEOID":"4500190455","NAME":"Calhoun Falls","NAMELSAD":"Calhoun Falls CCD","STUSPS":"SC","NAMELSADCO":"Abbeville County","STATE_NAME":"South Carolina","LSAD":"22","ALAND":219828070,"AWATER":37494720}},
{"type":"Feature","geometry":{"type":"Polygon","coordinates":[[[-82.57995,34.37696],[-82.58519,34.37908],[-82.58738,34.38405],[-82.58725,34.39169],[-82.59831,34.39849],[-82.60609,34.39909],[-82.61547,34.39252],[-82.63345,34.39086],[-82.64565,34.38775],[-82.6545,34.37504],[-82.66445,34.36833],[-82.6642,34.36251],[-82.67152,34.3503],[-82.68331,34.3516],[-82.68798,34.33977],[-82.6861,34.3346],[-82.70594,34.33647],[-82.71499,34.33548],[-82.73366,34.34057],[-82.74033,34.34768],[-82.76031,34.33862],[-82.78257,34.32936],[-82.79128,34.32483],[-82.78724,34.31078],[-82.78177,34.30241],[-82.78181,34.29792],[-82.77169,34.28633],[-82.75391,34.27545],[-82.74666,34.26641],[-82.74853,34.2641],[-82.743,34.25138],[-82.74472,34.24631],[-82.74208,34.22896],[-82.74435,34.22592],[-82.7405,34.22001],[-82.74202,34.21175],[-82.68378,34.24801],[-82.62005,34.28692],[-82.57851,34.31332],[-82.57584,34.321],[-82.57078,34.32448],[-82.57641,34.33055],[-82.56809,34.33609],[-82.56708,34.34285],[-82.57103,34.34772],[-82.56651,34.3515],[-82.57056,34.35654],[-82.57663,34.36074],[-82.57343,34.36475],[-82.58031,34.37148],[-82.57995,34.37696]]]},"properties":{"STATEFP":"45","COUNTYFP":"007","COUSUBFP":"91638","COUSUBNS":"01938307","GEOIDFQ":"0600000US4500791638","GEOID":"4500791638","NAME":"Iva","NAMELSAD":"Iva CCD","STUSPS":"SC","NAMELSADCO":"Anderson County","STATE_NAME":"South Carolina","LSAD":"22","ALAND":199427103,"AWATER":3399758}},
{"type":"Feature","geometry":{"type":"Polygon","coordinates":[[[-80.90602,33.06023],[-80.89607,33.06141],[-80.89056,33.07808],[-80.88223,33.0897],[-80.8769,33.09318],[-80.88129,33.09851],[-80.88902,33.10221],[-80.88785,33.11227],[-80.89052,33.11934],[-80.89543,33.12535],[-80.84906,33.14938],[-80.86531,33.15782],[-80.87174,33.1625],[-80.88113,33.16655],[-80.90455,33.16901],[-80.91348,33.16383],[-80.91206,33.15549],[-80.91518,33.14778],[-80.91541,33.14233],[-80.92391,33.13123],[-80.93665,33.12938],[-80.94009,33.13272],[-80.94358,33.14169],[-80.94397,33.14749],[-80.95192,33.1512],[-80.95377,33.1572],[-80.9599,33.16231],[-80.97403,33.16491],[-80.99237,33.15742],[-81.00847,33.15436],[-81.01953,33.15481],[-81.03225,33.16004],[-81.04246,33.17195],[-81.04513,33.17707],[-81.06256,33.19354],[-81.07634,33.17668],[-81.07593,33.16658],[-81.08266,33.16425],[-81.09585,33.15623],[-81.09859,33.14681],[-81.09107,33.12421],[-81.09203,33.10924],[-81.09645,33.10183],[-81.09694,33.09438],[-81.09504,33.08949],[-81.10221,33.08611],[-81.10273,33.07028],[-81.09238,33.06536],[-81.09803,33.05117],[-81.09851,33.04721],[-81.09486,33.04097],[-81.08991,33.03919],[-81.08229,33.02663],[-80.93716,33.10258],[-80.93163,33.09826],[-80.93009,33.09085],[-80.92705,33.08576],[-80.91932,33.08127],[-80.9161,33.07189],[-80.90745,33.066],[-80.90602,33.06023]]]},"properties":{"STATEFP":"45","COUNTYFP":"009","COUSUBFP":"91014","COUSUBNS":"01938258","GEOIDFQ":"0600000US4500991014","GEOID":"4500991014","NAME":"Ehrhardt","NAMELSAD":"Ehrhardt CCD","STUSPS":"SC","NAMELSADCO":"Bamberg County","STATE_NAME":"South Carolina","LSAD":"22","ALAND":214366635,"AWATER":324341}},
{"type":"Feature","geometry":{"type":"Polygon","coordinates":[[[-81.81318,33.38966],[-81.81233,33.39894],[-81.81554,33.40482],[-81.81556,33.41283],[-81.82081,33.41491],[-81.82035,33.42488],[-81.80924,33.43612],[-81.80505,33.44306],[-81.80071,33.4446],[-81.79476,33.45119],[-81.7907,33.46144],[-81.79176,33.46529],[-81.7864,33.47365],[-81.78589,33.48292],[-81.77516,33.49025],[-81.76767,33.50013],[-81.76344,33.50033],[-81.76682,33.50172],[-81.7807,33.52313],[-81.79597,33.50822],[-81.80004,33.50556],[-81.81735,33.50074],[-81.82378,33.48879],[-81.8384,33.48126],[-81.85997,33.48168],[-81.86541,33.48588],[-81.86477,33.49012],[-81.8701,33.49685],[-81.87551,33.49403],[-81.88484,33.48418],[-81.89135,33.48135],[-81.89635,33.48541],[-81.9077,33.47826],[-81.92074,33.48991],[-81.9249,33.4879],[-81.94635,33.48427],[-81.95264,33.47999],[-81.9554,33.47561],[-81.94174,33.47004],[-81.93414,33.46834],[-81.92634,33.46294],[-81.91313,33.43833],[-81.91697,33.43259],[-81.9308,33.42903],[-81.93174,33.42451],[-81.92107,33.41742],[-81.91076,33.41504],[-81.91237,33.40809],[-81.91775,33.4072],[-81.92386,33.41046],[-81.93477,33.4068],[-81.94315,33.40903],[-81.94448,33.40367],[-81.93508,33.39724],[-81.93086,33.38008],[-81.92484,33.37414],[-81.93063,33.36816],[-81.93964,33.37254],[-81.94634,33.37064],[-81.94474,33.36404],[-81.93531,33.35679],[-81.93481,33.35376],[-81.93974,33.34494],[-81.93274,33.34354],[-81.92346,33.3449],[-81.91928,33.34034],[-81.91884,33.33344],[-81.90604,33.32604],[-81.90261,33.33026],[-81.89554,33.32164],[-81.88916,33.32109],[-81.88154,33.31404],[-81.88464,33.30924],[-81.87944,33.30234],[-81.86925,33.31377],[-81.8663,33.31347],[-81.87093,33.32125],[-81.87634,33.32168],[-81.88275,33.32942],[-81.88037,33.33989],[-81.88626,33.34916],[-81.87922,33.35819],[-81.87959,33.3638],[-81.86884,33.37144],[-81.86674,33.37439],[-81.85633,33.37468],[-81.85203,33.37677],[-81.84103,33.37637],[-81.82516,33.38804],[-81.81318,33.38966]]]},"properties":{"STATEFP":"45","COUNTYFP":"003","COUSUBFP":"90208","COUSUBNS":"01938196","GEOIDFQ":"0600000US4500390208","GEOID":"4500390208","NAME":"Beech Island","NAMELSAD":"Beech Island CCD","STUSPS":"SC","NAMELSADCO":"Aiken County","STATE_NAME":"South Carolina","LSAD":"22","ALAND":174543879,"AWATER":3999960}},
{"type":"Feature","geometry":{"type":"Polygon","coordinates":[[[-81.45289,33.13492],[-81.54188,33.15828],[-81.61406,33.09519],[-81.60829,33.08902],[-81.61294,33.08398],[-81.6107,33.07995],[-81.60132,33.08705],[-81.5965,33.07989],[-81.60095,33.07282],[-81.59252,33.07306],[-81.57875,33.0662],[-81.57131,33.05687],[-81.56631,33.05343],[-81.5594,33.0549],[-81.56195,33.04584],[-81.55179,33.04339],[-81.54652,33.04884],[-81.54213,33.04692],[-81.54008,33.04061],[-81.5355,33.03849],[-81.53072,33.04086],[-81.52845,33.03565],[-81.51963,33.02918],[-81.51323,33.02855],[-81.51195,33.03902],[-81.50795,33.04018],[-81.50544,33.05329],[-81.49983,33.06092],[-81.48318,33.06871],[-81.47703,33.07308],[-81.46914,33.07059],[-81.45349,33.08132],[-81.44687,33.08961],[-81.44688,33.10405],[-81.44582,33.11108],[-81.45034,33.12066],[-81.45073,33.13311],[-81.45289,33.13492]]]},"properties":{"STATEFP":"45","COUNTYFP":"005","COUSUBFP":"92197","COUSUBNS":"01938350","GEOIDFQ":"0600000US4500592197","GEOID":"4500592197","NAME":"Millett","NAMELSAD":"Millett CCD","STUSPS":"SC","NAMELSADCO":"Allendale County","STATE_NAME":"South Carolina","LSAD":"22","ALAND":131507073,"AWATER":1717183}},
{"type":"Feature","geometry":{"type":"Polygon","coordinates":[[[-81.51632,33.38231],[-81.50648,33.37715],[-81.49826,33.37679],[-81.50074,33.37234],[-81.49719,33.36563],[-81.49144,33.36291],[-81.48495,33.35668],[-81.48911,33.35371],[-81.48083,33.34447],[-81.47057,33.33906],[-81.47074,33.32827],[-81.46267,33.32529],[-81.45969,33.31929],[-81.45509,33.31626],[-81.4544,33.30711],[-81.44947,33.29891],[-81.44439,33.29541],[-81.43706,33.29353],[-81.43171,33.28742],[-81.42388,33.29036],[-81.4253,33.29315],[-81.41516,33.29499],[-81.40943,33.30588],[-81.40042,33.31057],[-81.3876,33.31957],[-81.37929,33.31487],[-81.37597,33.30753],[-81.36285,33.29224],[-81.3567,33.30008],[-81.35713,33.31165],[-81.35765,33.3152],[-81.35184,33.32004],[-81.35206,33.32641],[-81.34594,33.33656],[-81.34161,33.33921],[-81.34528,33.34474],[-81.34433,33.37167],[-81.33673,33.38136],[-81.33453,33.38939],[-81.33426,33.39904],[-81.32595,33.40972],[-81.32155,33.41077],[-81.31252,33.42014],[-81.31042,33.42515],[-81.31041,33.43318],[-81.29451,33.44595],[-81.29182,33.45494],[-81.28393,33.45659],[-81.275,33.45468],[-81.26789,33.45555],[-81.276,33.46211],[-81.27854,33.46658],[-81.28617,33.46958],[-81.29847,33.47941],[-81.31118,33.47822],[-81.32252,33.48296],[-81.33023,33.48023],[-81.34423,33.48089],[-81.34902,33.48497],[-81.36137,33.48515],[-81.37293,33.49042],[-81.37483,33.48965],[-81.46304,33.42208],[-81.51632,33.38231]]]},"properties":{"STATEFP":"45","COUNTYFP":"011","COUSUBFP":"93731","COUSUBNS":"01938468","GEOIDFQ":"0600000US4501193731","GEOID":"4501193731","NAME":"Williston","NAMELSAD":"Williston CCD","STUSPS":"SC","NAMELSADCO":"Barnwell County","STATE_NAME":"South Carolina","LSAD":"22","ALAND":252255741,"AWATER":2493812}},
{"type":"Feature","geometry":{"type":"Polygon","coordinates":[[[-80.8776,34.54315],[-80.87548,34.53591],[-80.87617,34.52499],[-80.88125,34.50632],[-80.88172,34.50012],[-80.8875,34.4954],[-80.89204,34.49536],[-80.89719,34.49168],[-80.89872,34.48669],[-80.89608,34.48385],[-80.88825,34.46787],[-80.87923,34.45778],[-80.87342,34.46041],[-80.85328,34.47304],[-80.74335,34.53992],[-80.73767,34.5395],[-80.73974,34.52388],[-80.74562,34.51259],[-80.74011,34.50738],[-80.74017,34.50011],[-80.7456,34.49117],[-80.7417,34.48495],[-80.73504,34.48132],[-80.71364,34.48726],[-80.70919,34.50512],[-80.70628,34.50978],[-80.69752,34.51458],[-80.68908,34.51532],[-80.6828,34.50701],[-80.6822,34.50105],[-80.67378,34.49218],[-80.66502,34.49819],[-80.65997,34.5035],[-80.65458,34.51655],[-80.64168,34.52226],[-80.63483,34.52878],[-80.63401,34.53405],[-80.63641,34.54908],[-80.64724,34.56148],[-80.64678,34.58041],[-80.64122,34.58103],[-80.6366,34.58465],[-80.62373,34.59109],[-80.61819,34.59992],[-80.62188,34.60624],[-80.63288,34.61089],[-80.63506,34.61489],[-80.62542,34.62015],[-80.61419,34.62313],[-80.61639,34.63345],[-80.61472,34.63925],[-80.62147,34.65733],[-80.61988,34.66683],[-80.61627,34.67672],[-80.6192,34.68546],[-80.63448,34.68843],[-80.64023,34.67883],[-80.64246,34.67168],[-80.65106,34.66299],[-80.65321,34.65857],[-80.65912,34.65995],[-80.66936,34.66538],[-80.68264,34.66243],[-80.69133,34.66592],[-80.69737,34.66565],[-80.70984,34.66136],[-80.7277,34.65217],[-80.74011,34.64892],[-80.75247,34.65054],[-80.75989,34.64953],[-80.76616,34.65112],[-80.77067,34.64185],[-80.78175,34.6378],[-80.79466,34.63694],[-80.80229,34.64493],[-80.81148,34.64394],[-80.81874,34.64558],[-80.82439,34.6419],[-80.82273,34.6345],[-80.83009,34.62789],[-80.82651,34.62428],[-80.83298,34.61535],[-80.84073,34.61377],[-80.84414,34.6011],[-80.84899,34.59806],[-80.8645,34.5965],[-80.86801,34.59325],[-80.88241,34.58472],[-80.87827,34.58112],[-80.87871,34.57111],[-80.8732,34.55686],[-80.87296,34.55297],[-80.87738,34.54774],[-80.8776,34.54315]]]},"properties":{"STATEFP":"45","COUNTYFP":"057","COUSUBFP":"91482","COUSUBNS":"01938294","GEOIDFQ":"0600000US4505791482","GEOID":"4505791482","NAME":"Heath Springs","NAMELSAD":"Heath Springs CCD","STUSPS":"SC","NAMELSADCO":"Lancaster County","STATE_NAME":"South Carolina","LSAD":"22","ALAND":364892794,"AWATER":4088531}},
{"type":"Feature","geometry":{"type":"Polygon","coordinates":[[[-80.43282,34.6388],[-80.44008,34.63425],[-80.44699,34.63396],[-80.45242,34.63611],[-80.45606,34.6322],[-80.46732,34.63559],[-80.47396,34.63521],[-80.48723,34.64329],[-80.49441,34.6462],[-80.50486,34.64785],[-80.51855,34.65225],[-80.52559,34.66006],[-80.53485,34.66052],[-80.53942,34.67086],[-80.53767,34.67551],[-80.55081,34.68277],[-80.56143,34.67709],[-80.5736,34.68423],[-80.58009,34.68091],[-80.58408,34.68148],[-80.58789,34.68732],[-80.59392,34.69263],[-80.60262,34.68768],[-80.60889,34.68816],[-80.6192,34.68546],[-80.61627,34.67672],[-80.61988,34.66683],[-80.62147,34.65733],[-80.61472,34.63925],[-80.61639,34.63345],[-80.61419,34.62313],[-80.62542,34.62015],[-80.63506,34.61489],[-80.63288,34.61089],[-80.62188,34.60624],[-80.61819,34.59992],[-80.62373,34.59109],[-80.6366,34.58465],[-80.64122,34.58103],[-80.64678,34.58041],[-80.64724,34.56148],[-80.63641,34.54908],[-80.63401,34.53405],[-80.63483,34.52878],[-80.64168,34.52226],[-80.65458,34.51655],[-80.65997,34.5035],[-80.66502,34.49819],[-80.67378,34.49218],[-80.66187,34.48327],[-80.65842,34.47861],[-80.65347,34.47932],[-80.64524,34.48375],[-80.6456,34.49155],[-80.63221,34.49143],[-80.63156,34.48347],[-80.62688,34.48379],[-80.62561,34.49524],[-80.61363,34.49994],[-80.61428,34.48881],[-80.61036,34.48879],[-80.60411,34.4952],[-80.59803,34.49519],[-80.59577,34.50213],[-80.58598,34.49679],[-80.58249,34.49294],[-80.57937,34.48457],[-80.57615,34.48942],[-80.56715,34.48952],[-80.5595,34.49363],[-80.54891,34.49326],[-80.54096,34.50559],[-80.52782,34.504],[-80.52441,34.51307],[-80.52756,34.52111],[-80.53476,34.5273],[-80.53597,34.53394],[-80.54151,34.53392],[-80.54353,34.53745],[-80.54458,34.54932],[-80.55067,34.55997],[-80.50434,34.57822],[-80.40837,34.61477],[-80.41578,34.61673],[-80.41912,34.62086],[-80.41251,34.62362],[-80.4139,34.6278],[-80.42037,34.63138],[-80.42596,34.63684],[-80.43282,34.6388]]]},"properties":{"STATEFP":"45","COUNTYFP":"057","COUSUBFP":"91755","COUSUBNS":"01938316","GEOIDFQ":"0600000US4505791755","GEOID":"4505791755","NAME":"Kershaw","NAMELSAD":"Kershaw CCD","STUSPS":"SC","NAMELSADCO":"Lancaster County","STATE_NAME":"South Carolina","LSAD":"22","ALAND":252810259,"AWATER":459101}},
{"type":"Feature","geometry":{"type":"Polygon","coordinates":[[[-80.47307,34.69236],[-80.47518,34.69924],[-80.48219,34.70462],[-80.48873,34.70598],[-80.48659,34.71283],[-80.48884,34.7145],[-80.48787,34.72187],[-80.49328,34.72506],[-80.50163,34.73648],[-80.50034,34.73955],[-80.50714,34.74553],[-80.51061,34.75473],[-80.51625,34.75892],[-80.51643,34.76798],[-80.52977,34.77108],[-80.53439,34.77673],[-80.53303,34.7822],[-80.54454,34.78401],[-80.54643,34.79026],[-80.5515,34.791],[-80.55414,34.79804],[-80.55848,34.80152],[-80.56405,34.81476],[-80.56171,34.81748],[-80.62629,34.81822],[-80.63086,34.80985],[-80.63366,34.79817],[-80.63414,34.78188],[-80.62862,34.76835],[-80.63002,34.75837],[-80.6267,34.75071],[-80.62525,34.73624],[-80.61923,34.72048],[-80.62509,34.70538],[-80.63448,34.68843],[-80.6192,34.68546],[-80.60889,34.68816],[-80.60262,34.68768],[-80.59392,34.69263],[-80.58789,34.68732],[-80.58408,34.68148],[-80.58009,34.68091],[-80.5736,34.68423],[-80.56143,34.67709],[-80.55081,34.68277],[-80.53767,34.67551],[-80.53942,34.67086],[-80.53485,34.66052],[-80.52559,34.66006],[-80.51855,34.65225],[-80.50486,34.64785],[-80.49441,34.6462],[-80.48723,34.64329],[-80.47396,34.63521],[-80.46732,34.63559],[-80.45606,34.6322],[-80.45242,34.63611],[-80.44699,34.63396],[-80.44008,34.63425],[-80.43282,34.6388],[-80.43506,34.64732],[-80.43177,34.66002],[-80.4534,34.67172],[-80.45029,34.6758],[-80.46078,34.67698],[-80.4612,34.68261],[-80.469,34.68537],[-80.4681,34.68916],[-80.47307,34.69236]]]},"properties":{"STATEFP":"45","COUNTYFP":"057","COUSUBFP":"93419","COUSUBNS":"01938444","GEOIDFQ":"0600000US4505793419","GEOID":"4505793419","NAME":"Tradesville","NAMELSAD":"Tradesville CCD","STUSPS":"SC","NAMELSADCO":"Lancaster County","STATE_NAME":"South Carolina","LSAD":"22","ALAND":193484155,"AWATER":142758}},
{"type":"Feature","geometry":{"type":"Polygon","coordinates":[[[-80.86849,34.9413],[-80.87062,34.93441],[-80.86514,34.92392],[-80.86769,34.91282],[-80.87826,34.90295],[-80.87825,34.88524],[-80.87979,34.87765],[-80.87871,34.86207],[-80.86726,34.85317],[-80.86689,34.84769],[-80.8739,34.83847],[-80.88276,34.83338],[-80.89392,34.83015],[-80.8986,34.82614],[-80.89824,34.82084],[-80.89597,34.81412],[-80.89051,34.80591],[-80.88687,34.80349],[-80.88448,34.79574],[-80.87812,34.79071],[-80.87591,34.78519],[-80.87353,34.78824],[-80.87073,34.79925],[-80.86639,34.80527],[-80.86061,34.80887],[-80.85311,34.82283],[-80.84385,34.8266],[-80.83585,34.82631],[-80.8335,34.8228],[-80.81966,34.82717],[-80.81065,34.82736],[-80.80573,34.8323],[-80.80258,34.82649],[-80.79633,34.82885],[-80.78204,34.93578],[-80.82156,34.9797],[-80.88489,35.05351],[-80.90621,35.07639],[-80.90734,35.06968],[-80.90596,35.06374],[-80.90078,35.06211],[-80.90072,35.05705],[-80.90588,35.04678],[-80.89814,35.03919],[-80.89914,35.02856],[-80.90366,35.0204],[-80.90949,35.01648],[-80.90434,35.01093],[-80.90232,35.00574],[-80.89485,35.00017],[-80.89402,34.99317],[-80.88573,34.99155],[-80.88866,34.9847],[-80.88239,34.96985],[-80.8847,34.9662],[-80.87893,34.96234],[-80.87255,34.9616],[-80.87378,34.95647],[-80.86856,34.9507],[-80.86849,34.9413]]]},"properties":{"STATEFP":"45","COUNTYFP":"057","COUSUBFP":"93523","COUSUBNS":"01938452","GEOIDFQ":"0600000US4505793523","GEOID":"4505793523","NAME":"Van Wyck","NAMELSAD":"Van Wyck CCD","STUSPS":"SC","NAMELSADCO":"Lancaster County","STATE_NAME":"South Carolina","LSAD":"22","ALAND":171689648,"AWATER":2299966}},
{"type":"Feature","geometry":{"type":"Polygon","coordinates":[[[-79.06295,34.07384],[-79.05167,34.07757],[-79.03642,34.08457],[-79.0252,34.09123],[-79.02103,34.10021],[-79.02272,34.10514],[-79.0295,34.1138],[-79.03075,34.12022],[-79.02429,34.12484],[-79.02485,34.12967],[-79.01222,34.13798],[-79.00428,34.15392],[-79.00716,34.16244],[-79.00535,34.16776],[-78.99232,34.16674],[-78.98487,34.16503],[-78.97664,34.16532],[-78.97079,34.18955],[-78.97382,34.21754],[-79.07126,34.29931],[-79.07622,34.29702],[-79.07831,34.29274],[-79.08356,34.29443],[-79.08822,34.29234],[-79.08849,34.28369],[-79.10024,34.27572],[-79.10854,34.27313],[-79.11141,34.26587],[-79.12108,34.25744],[-79.12816,34.25365],[-79.12676,34.24828],[-79.13261,34.24006],[-79.12848,34.23555],[-79.13385,34.2326],[-79.13508,34.21778],[-79.13938,34.2157],[-79.14209,34.2092],[-79.15394,34.20721],[-79.15623,34.20261],[-79.16431,34.1975],[-79.17144,34.18174],[-79.17693,34.18479],[-79.18024,34.18136],[-79.19167,34.17641],[-79.19242,34.17126],[-79.19707,34.16853],[-79.19594,34.16109],[-79.20547,34.15085],[-79.20831,34.1506],[-79.20577,34.13297],[-79.2103,34.12726],[-79.21632,34.12823],[-79.22066,34.12203],[-79.22281,34.1131],[-79.2209,34.10774],[-79.21945,34.10536],[-79.22379,34.09957],[-79.2239,34.08954],[-79.22995,34.08745],[-79.22772,34.08241],[-79.21594,34.08755],[-79.19918,34.08771],[-79.18487,34.09428],[-79.17669,34.09346],[-79.15644,34.08626],[-79.14854,34.08656],[-79.14369,34.08944],[-79.12531,34.08702],[-79.11218,34.08324],[-79.09836,34.08315],[-79.07435,34.0723],[-79.06295,34.07384]]]},"properties":{"STATEFP":"45","COUNTYFP":"051","COUSUBFP":"91146","COUSUBNS":"01938268","GEOIDFQ":"0600000US4505191146","GEOID":"4505191146","NAME":"Floyds Crossroads","NAMELSAD":"Floyds Crossroads CCD","STUSPS":"SC","NAMELSADCO":"Horry County","STATE_NAME":"South Carolina","LSAD":"22","ALAND":341530956,"AWATER":749913}},
{"type":"Feature","geometry":{"type":"Polygon","coordinates":[[[-78.76869,33.79393],[-78.77196,33.78828],[-78.77034,33.78353],[-78.77544,33.77748],[-78.7717,33.76955],[-78.73624,33.78964],[-78.6977,33.808],[-78.66793,33.81943],[-78.63447,33.82953],[-78.59171,33.84343],[-78.57819,33.84685],[-78.55464,33.84917],[-78.55377,33.85273],[-78.54732,33.85648],[-78.61593,33.91552],[-78.65033,33.94431],[-78.65592,33.9413],[-78.65672,33.93709],[-78.67087,33.9285],[-78.67414,33.92289],[-78.68699,33.92166],[-78.6941,33.9169],[-78.69559,33.91115],[-78.69987,33.91078],[-78.70613,33.915],[-78.71412,33.9103],[-78.71959,33.90462],[-78.72255,33.89672],[-78.73182,33.88832],[-78.73902,33.88621],[-78.74621,33.88048],[-78.75671,33.8783],[-78.75108,33.85678],[-78.7471,33.8569],[-78.72801,33.86156],[-78.7083,33.85321],[-78.70346,33.84852],[-78.69953,33.84021],[-78.68663,33.83606],[-78.68421,33.83407],[-78.70672,33.82736],[-78.71686,33.82234],[-78.73084,33.80877],[-78.73808,33.80406],[-78.76869,33.79393]]]},"properties":{"STATEFP":"45","COUNTYFP":"051","COUSUBFP":"91963","COUSUBNS":"01938332","GEOIDFQ":"0600000US4505191963","GEOID":"4505191963","NAME":"Little River","NAMELSAD":"Little River CCD","STUSPS":"SC","NAMELSADCO":"Horry County","STATE_NAME":"South Carolina","LSAD":"22","ALAND":151480775,"AWATER":136612220}},
{"type":"Feature","geometry":{"type":"Polygon","coordinates":[[[-78.90341,33.92845],[-78.89594,33.94183],[-78.86265,33.94801],[-78.84402,33.95628],[-78.83358,33.95899],[-78.83637,33.97716],[-78.84006,33.98098],[-78.8377,33.98673],[-78.83007,33.98663],[-78.83019,33.99876],[-78.82835,34.00766],[-78.82507,34.01265],[-78.81158,34.01614],[-78.80048,34.02469],[-78.77622,34.028],[-78.77111,34.03132],[-78.76341,34.02854],[-78.75806,34.02341],[-78.74379,34.0132],[-78.73992,34.0202],[-78.87475,34.1344],[-78.97382,34.21754],[-78.97079,34.18955],[-78.97664,34.16532],[-78.98487,34.16503],[-78.99232,34.16674],[-79.00535,34.16776],[-79.00716,34.16244],[-79.00428,34.15392],[-79.01222,34.13798],[-79.02485,34.12967],[-79.02429,34.12484],[-79.03075,34.12022],[-79.0295,34.1138],[-79.02272,34.10514],[-79.02103,34.10021],[-79.0252,34.09123],[-79.03642,34.08457],[-79.05167,34.07757],[-79.06295,34.07384],[-79.06058,34.06868],[-79.06385,34.06634],[-79.07733,34.06263],[-79.08101,34.04509],[-79.08146,34.03728],[-79.07912,34.02965],[-79.07185,34.01666],[-79.06637,34.00986],[-79.05655,33.99386],[-79.05345,33.98834],[-79.04455,33.99065],[-79.03991,33.9893],[-79.02632,33.98954],[-79.02093,33.98766],[-79.01288,33.98863],[-78.99621,33.98679],[-78.99041,33.98048],[-78.98782,33.97216],[-78.98364,33.97013],[-78.96935,33.96789],[-78.96561,33.97043],[-78.95507,33.97346],[-78.94643,33.97196],[-78.94615,33.96853],[-78.9392,33.95772],[-78.93649,33.95138],[-78.92826,33.95379],[-78.92482,33.95253],[-78.90689,33.9339],[-78.90341,33.92845]]]},"properties":{"STATEFP":"45","COUNTYFP":"051","COUSUBFP":"92041","COUSUBNS":"01938338","GEOIDFQ":"0600000US4505192041","GEOID":"4505192041","NAME":"Loris","NAMELSAD":"Loris CCD","STUSPS":"SC","NAMELSADCO":"Horry County","STATE_NAME":"South Carolina","LSAD":"22","ALAND":465998863,"AWATER":880271}},
{"type":"Feature","geometry":{"type":"Polygon","coordinates":[[[-80.13144,34.12867],[-80.13044,34.12593],[-80.1063,34.11333],[-80.10032,34.1069],[-80.09599,34.10539],[-80.0931,34.09813],[-80.08881,34.09957],[-80.08415,34.09112],[-80.07674,34.08611],[-80.06988,34.08619],[-79.97412,34.14703],[-79.97858,34.15073],[-79.98538,34.15293],[-80.00248,34.16468],[-80.00943,34.16495],[-80.02051,34.17014],[-80.02888,34.18354],[-80.04189,34.19224],[-80.05303,34.19603],[-80.0605,34.20414],[-80.07716,34.21262],[-80.0959,34.22679],[-80.09999,34.22522],[-80.11173,34.22861],[-80.11273,34.19702],[-80.15858,34.16162],[-80.15379,34.15837],[-80.14908,34.14689],[-80.14211,34.14226],[-80.13741,34.1369],[-80.1362,34.13207],[-80.13144,34.12867]]]},"properties":{"STATEFP":"45","COUNTYFP":"031","COUSUBFP":"91846","COUSUBNS":"01938323","GEOIDFQ":"0600000US4503191846","GEOID":"4503191846","NAME":"Lamar","NAMELSAD":"Lamar CCD","STUSPS":"SC","NAMELSADCO":"Darlington County","STATE_NAME":"South Carolina","LSAD":"22","ALAND":132461837,"AWATER":262256}},
{"type":"Feature","geometry":{"type":"Polygon","coordinates":[[[-80.00724,34.49488],[-80.01256,34.49085],[-80.02655,34.48654],[-80.0317,34.48711],[-80.03994,34.4924],[-80.04549,34.4926],[-80.08249,34.47331],[-80.09726,34.46483],[-80.15424,34.43605],[-80.20217,34.41134],[-80.19828,34.4069],[-80.19967,34.40129],[-80.19445,34.39351],[-80.18586,34.38826],[-80.17478,34.37963],[-80.15884,34.38365],[-80.1516,34.38175],[-80.14152,34.37471],[-80.12523,34.3723],[-80.11919,34.36735],[-80.10758,34.37072],[-80.09236,34.37365],[-80.08427,34.37906],[-80.07871,34.38597],[-80.06292,34.38669],[-80.05494,34.38998],[-80.0388,34.39339],[-80.02408,34.39057],[-80.01538,34.39381],[-80.0057,34.39567],[-79.99931,34.39975],[-79.99088,34.40185],[-79.9857,34.40749],[-79.97913,34.41132],[-79.96669,34.41506],[-79.9545,34.40963],[-79.93546,34.40451],[-79.93978,34.41053],[-79.94064,34.41766],[-79.94577,34.4256],[-79.9445,34.43192],[-79.95194,34.43401],[-79.95924,34.44395],[-79.96715,34.44736],[-79.98292,34.45973],[-79.98702,34.46413],[-79.99412,34.46647],[-79.99816,34.4718],[-80.0031,34.48644],[-80.00724,34.49488]]]},"properties":{"STATEFP":"45","COUNTYFP":"031","COUSUBFP":"92431","COUSUBNS":"01938368","GEOIDFQ":"0600000US4503192431","GEOID":"4503192431","NAME":"North Hartsville","NAMELSAD":"North Hartsville CCD","STUSPS":"SC","NAMELSADCO":"Darlington County","STATE_NAME":"South Carolina","LSAD":"22","ALAND":176517509,"AWATER":5422759}},
{"type":"Feature","geometry":{"type":"Polygon","coordinates":[[[-79.54556,34.45324],[-79.53732,34.44427],[-79.50979,34.43808],[-79.49532,34.43673],[-79.4754,34.42962],[-79.46816,34.43348],[-79.46129,34.42808],[-79.46568,34.42462],[-79.45239,34.40796],[-79.43907,34.39618],[-79.43352,34.40112],[-79.42406,34.39075],[-79.42368,34.38167],[-79.41602,34.38191],[-79.40769,34.37921],[-79.40324,34.3752],[-79.39538,34.3732],[-79.39042,34.37001],[-79.3743,34.36672],[-79.35791,34.36593],[-79.35366,34.36885],[-79.34933,34.37873],[-79.34547,34.38152],[-79.34724,34.38642],[-79.34567,34.39261],[-79.34125,34.39856],[-79.33783,34.41145],[-79.3354,34.41326],[-79.34184,34.4232],[-79.34247,34.43003],[-79.3399,34.43408],[-79.34082,34.4407],[-79.34408,34.44794],[-79.35125,34.45361],[-79.35362,34.45871],[-79.35841,34.45627],[-79.37349,34.46191],[-79.37845,34.45907],[-79.38509,34.4595],[-79.38932,34.45678],[-79.39419,34.4484],[-79.40476,34.45164],[-79.41652,34.45893],[-79.4198,34.45062],[-79.42904,34.45663],[-79.43745,34.46753],[-79.44008,34.47716],[-79.45194,34.47494],[-79.45747,34.47613],[-79.4874,34.50213],[-79.49839,34.50947],[-79.5061,34.52303],[-79.54556,34.45324]]]},"properties":{"STATEFP":"45","COUNTYFP":"033","COUSUBFP":"90884","COUSUBNS":"01938248","GEOIDFQ":"0600000US4503390884","GEOID":"4503390884","NAME":"Dillon","NAMELSAD":"Dillon CCD","STUSPS":"SC","NAMELSADCO":"Dillon County","STATE_NAME":"South Carolina","LSAD":"22","ALAND":142767255,"AWATER":110261}},
{"type":"Feature","geometry":{"type":"Polygon","coordinates":[[[-79.3307,34.28081],[-79.30538,34.26931],[-79.2944,34.27699],[-79.29784,34.27827],[-79.30667,34.28929],[-79.31257,34.29078],[-79.31649,34.29903],[-79.32165,34.30237],[-79.32733,34.30292],[-79.32838,34.30865],[-79.31421,34.30618],[-79.29129,34.31743],[-79.29866,34.32232],[-79.30548,34.32319],[-79.31014,34.32706],[-79.31458,34.32552],[-79.32362,34.33357],[-79.33217,34.33367],[-79.33383,34.33777],[-79.34214,34.34272],[-79.34896,34.34924],[-79.34858,34.36021],[-79.35366,34.36885],[-79.35791,34.36593],[-79.3743,34.36672],[-79.39042,34.37001],[-79.39538,34.3732],[-79.40324,34.3752],[-79.40769,34.37921],[-79.41602,34.38191],[-79.42368,34.38167],[-79.42406,34.39075],[-79.43352,34.40112],[-79.43907,34.39618],[-79.45239,34.40796],[-79.46568,34.42462],[-79.46129,34.42808],[-79.46816,34.43348],[-79.4754,34.42962],[-79.49532,34.43673],[-79.50979,34.43808],[-79.53732,34.44427],[-79.54556,34.45324],[-79.63341,34.29799],[-79.62386,34.30056],[-79.61625,34.29633],[-79.601,34.29053],[-79.58719,34.28138],[-79.58364,34.27691],[-79.57666,34.27259],[-79.57156,34.26267],[-79.56208,34.25852],[-79.55549,34.24178],[-79.54793,34.23091],[-79.54668,34.23406],[-79.55428,34.2476],[-79.54146,34.24843],[-79.52442,34.25159],[-79.5221,34.25791],[-79.51433,34.257],[-79.50906,34.2594],[-79.50315,34.26524],[-79.49629,34.27482],[-79.48917,34.27747],[-79.4791,34.2786],[-79.48071,34.28808],[-79.46684,34.289],[-79.4281,34.29457],[-79.41104,34.30017],[-79.38026,34.30057],[-79.36465,34.29584],[-79.3307,34.28081]]]},"properties":{"STATEFP":"45","COUNTYFP":"033","COUSUBFP":"91911","COUSUBNS":"01938328","GEOIDFQ":"0600000US4503391911","GEOID":"4503391911","NAME":"Latta","NAMELSAD":"Latta CCD","STUSPS":"SC","NAMELSADCO":"Dillon County","STATE_NAME":"South Carolina","LSAD":"22","ALAND":355349656,"AWATER":1413201}},
{"type":"Feature","geometry":{"type":"Polygon","coordinates":[[[-80.40424,33.05136],[-80.4007,33.05278],[-80.38969,33.04299],[-80.38782,33.03284],[-80.39359,33.02609],[-80.40648,33.01901],[-80.40785,32.99618],[-80.41079,32.99352],[-80.4087,32.98461],[-80.41865,32.97535],[-80.41881,32.96726],[-80.40764,32.95271],[-80.40732,32.94768],[-80.3994,32.93604],[-80.39836,32.9269],[-80.37554,32.92844],[-80.31474,32.94749],[-80.28447,32.96412],[-80.26903,32.96496],[-80.27152,32.96932],[-80.27866,32.97462],[-80.29099,32.99233],[-80.29263,33.0048],[-80.29805,33.00632],[-80.3014,33.01459],[-80.30109,33.02945],[-80.29868,33.0367],[-80.29944,33.04775],[-80.29244,33.06358],[-80.28138,33.07143],[-80.27452,33.07852],[-80.27141,33.08532],[-80.26377,33.09062],[-80.25135,33.0897],[-80.33594,33.14546],[-80.33472,33.1461],[-80.34827,33.14161],[-80.35371,33.13157],[-80.35819,33.1156],[-80.35824,33.11095],[-80.37381,33.09395],[-80.38091,33.08934],[-80.3823,33.08508],[-80.38815,33.08711],[-80.39942,33.07338],[-80.40282,33.06117],[-80.40618,33.0534],[-80.40424,33.05136]]]},"properties":{"STATEFP":"45","COUNTYFP":"035","COUSUBFP":"92860","COUSUBNS":"01938401","GEOIDFQ":"0600000US4503592860","GEOID":"4503592860","NAME":"Ridgeville","NAMELSAD":"Ridgeville CCD","STUSPS":"SC","NAMELSADCO":"Dorchester County","STATE_NAME":"South Carolina","LSAD":"22","ALAND":214035822,"AWATER":392720}},
{"type":"Feature","geometry":{"type":"Polygon","coordinates":[[[-81.87311,33.90175],[-81.89459,33.97542],[-81.93204,33.97691],[-81.99867,33.96417],[-82.0083,33.96165],[-82.04697,33.95321],[-82.1556,33.92892],[-82.14827,33.90281],[-82.15906,33.89801],[-82.15455,33.88167],[-82.1246,33.84199],[-82.11373,33.82988],[-82.10807,33.83543],[-82.10191,33.84607],[-82.09618,33.84579],[-82.08476,33.8489],[-82.08369,33.8529],[-82.07697,33.85061],[-82.0759,33.85664],[-82.06709,33.86482],[-82.06152,33.86466],[-82.05055,33.87296],[-82.04355,33.87519],[-82.04376,33.87922],[-82.03498,33.88091],[-82.031,33.88613],[-82.01713,33.88744],[-82.01421,33.89124],[-82.00844,33.8922],[-82.00404,33.88815],[-81.9977,33.89004],[-81.98976,33.89577],[-81.97906,33.89502],[-81.96867,33.90086],[-81.96654,33.9049],[-81.9567,33.9086],[-81.95747,33.9124],[-81.94465,33.91095],[-81.9332,33.91252],[-81.9256,33.90798],[-81.92352,33.90428],[-81.91431,33.90125],[-81.90264,33.90121],[-81.89106,33.90676],[-81.8854,33.90638],[-81.87311,33.90175]]]},"properties":{"STATEFP":"45","COUNTYFP":"037","COUSUBFP":"92691","COUSUBNS":"01938388","GEOIDFQ":"0600000US4503792691","GEOID":"4503792691","NAME":"Pleasant Lane","NAMELSAD":"Pleasant Lane CCD","STUSPS":"SC","NAMELSADCO":"Edgefield County","STATE_NAME":"South Carolina","LSAD":"22","ALAND":211010973,"AWATER":903749}},
{"type":"Feature","geometry":{"type":"Polygon","coordinates":[[[-82.09553,33.63387],[-82.11532,33.5966],[-82.10624,33.59564],[-82.09882,33.58636],[-82.09413,33.58274],[-82.0731,33.57751],[-82.05773,33.56677],[-82.04633,33.56383],[-82.03737,33.55466],[-82.03302,33.54645],[-82.02824,33.54493],[-82.01984,33.53504],[-82.01247,33.53211],[-81.89161,33.62649],[-81.87754,33.63752],[-81.90318,33.64625],[-81.90892,33.63989],[-81.92067,33.64452],[-81.93337,33.64467],[-81.94072,33.64061],[-81.94676,33.64246],[-81.9489,33.64889],[-81.9414,33.65726],[-81.9318,33.66232],[-81.92659,33.66733],[-81.92705,33.67104],[-81.92221,33.67813],[-81.91907,33.68843],[-81.92616,33.69133],[-81.93104,33.68958],[-81.93621,33.69588],[-81.94128,33.69745],[-81.93939,33.71552],[-81.94697,33.71524],[-81.9594,33.71971],[-81.96982,33.72027],[-81.97296,33.7238],[-81.97946,33.7212],[-81.98958,33.72125],[-81.99454,33.72579],[-82.00332,33.72676],[-82.01652,33.72245],[-82.02025,33.71614],[-82.02181,33.70586],[-82.02493,33.70263],[-82.03043,33.69107],[-82.03541,33.68379],[-82.04397,33.68312],[-82.04372,33.67883],[-82.04751,33.67477],[-82.06177,33.67271],[-82.06194,33.66598],[-82.07427,33.66095],[-82.07231,33.63962],[-82.08852,33.63191],[-82.09553,33.63387]]]},"properties":{"STATEFP":"45","COUNTYFP":"037","COUSUBFP":"93191","COUSUBNS":"01938430","GEOIDFQ":"0600000US4503793191","GEOID":"4503793191","NAME":"Southeast Edgefield","NAMELSAD":"Southeast Edgefield CCD","STUSPS":"SC","NAMELSADCO":"Edgefield County","STATE_NAME":"South Carolina","LSAD":"22","ALAND":233057420,"AWATER":7800448}},
{"type":"Feature","geometry":{"type":"Polygon","coordinates":[[[-81.07116,34.23048],[-81.06123,34.228],[-81.05755,34.23366],[-81.04269,34.23666],[-81.03922,34.23254],[-81.01692,34.23826],[-80.9619,34.25202],[-80.82592,34.26876],[-80.76993,34.37711],[-80.78144,34.38586],[-80.78438,34.39467],[-80.78188,34.40255],[-80.78321,34.40649],[-80.79348,34.4133],[-80.81067,34.41461],[-80.82565,34.41187],[-80.83321,34.41483],[-80.83858,34.41899],[-80.84899,34.43012],[-80.86727,34.44459],[-80.87018,34.4496],[-80.87923,34.45778],[-80.88825,34.46787],[-80.90824,34.47086],[-80.92541,34.46899],[-80.92983,34.46009],[-80.93507,34.4542],[-80.94206,34.45681],[-80.94621,34.45595],[-80.95649,34.44676],[-80.96488,34.45003],[-80.96935,34.4437],[-80.98224,34.44651],[-80.99555,34.44308],[-81.00272,34.43937],[-81.00807,34.43247],[-81.00697,34.42013],[-81.01108,34.416],[-81.01046,34.41023],[-81.00759,34.40073],[-81.00931,34.39225],[-81.01783,34.37375],[-81.02184,34.36892],[-81.01238,34.36294],[-81.00295,34.36579],[-80.99817,34.36334],[-80.99981,34.35262],[-81.00512,34.34327],[-81.01159,34.33808],[-81.01812,34.33676],[-81.02663,34.32907],[-81.02971,34.3222],[-81.02719,34.31658],[-81.028,34.31075],[-81.035,34.30739],[-81.04387,34.3076],[-81.04546,34.3034],[-81.05183,34.29636],[-81.05197,34.28899],[-81.05725,34.28252],[-81.05892,34.27575],[-81.07197,34.26018],[-81.07424,34.23889],[-81.07116,34.23048]]]},"properties":{"STATEFP":"45","COUNTYFP":"039","COUSUBFP":"92873","COUSUBNS":"01938402","GEOIDFQ":"0600000US4503992873","GEOID":"4503992873","NAME":"Ridgeway","NAMELSAD":"Ridgeway CCD","STUSPS":"SC","NAMELSADCO":"Fairfield County","STATE_NAME":"South Carolina","LSAD":"22","ALAND":431852656,"AWATER":19387957}},
{"type":"Feature","geometry":{"type":"Polygon","coordinates":[[[-81.78682,35.02146],[-81.78233,35.01833],[-81.74976,35.01528],[-81.74376,35.01711],[-81.72536,35.01639],[-81.71582,35.02263],[-81.71978,35.02405],[-81.71781,35.03041],[-81.72093,35.03428],[-81.71556,35.0467],[-81.7118,35.04888],[-81.71485,35.06074],[-81.72083,35.06099],[-81.72089,35.0666],[-81.7237,35.07265],[-81.72625,35.08437],[-81.73285,35.08423],[-81.73424,35.08902],[-81.74137,35.09831],[-81.73913,35.10448],[-81.73395,35.10968],[-81.73205,35.11702],[-81.72296,35.12125],[-81.73794,35.12892],[-81.74452,35.1437],[-81.7499,35.15282],[-81.75948,35.16014],[-81.7594,35.16951],[-81.76341,35.18025],[-81.80208,35.1814],[-81.87469,35.18412],[-81.84786,35.13444],[-81.80613,35.05724],[-81.80765,35.03565],[-81.79433,35.03538],[-81.78682,35.02146]]]},"properties":{"STATEFP":"45","COUNTYFP":"021","COUSUBFP":"92132","COUSUBNS":"01938345","GEOIDFQ":"0600000US4502192132","GEOID":"4502192132","NAME":"Macedonia","NAMELSAD":"Macedonia CCD","STUSPS":"SC","NAMELSADCO":"Cherokee County","STATE_NAME":"South Carolina","LSAD":"22","ALAND":158878138,"AWATER":1500819}},
{"type":"Feature","geometry":{"type":"Polygon","coordinates":[[[-81.06178,34.82108],[-81.06473,34.81599],[-81.06351,34.80783],[-81.06761,34.80089],[-81.07027,34.79174],[-81.06848,34.78102],[-81.07211,34.77685],[-81.08773,34.7705],[-81.08994,34.76213],[-81.08804,34.75375],[-81.08276,34.75082],[-81.08719,34.74551],[-81.08226,34.73474],[-81.08274,34.72864],[-81.08066,34.72171],[-81.07017,34.71933],[-81.06147,34.71937],[-81.05727,34.70861],[-81.0539,34.70404],[-81.05369,34.68674],[-81.05699,34.68465],[-81.05643,34.67544],[-81.05421,34.6694],[-81.04889,34.66824],[-81.04861,34.66425],[-81.04259,34.65733],[-81.03792,34.6665],[-81.03347,34.67013],[-81.03129,34.6781],[-81.02064,34.68397],[-81.01568,34.67381],[-81.00712,34.67546],[-80.9975,34.6742],[-80.99114,34.67538],[-80.97179,34.6893],[-80.97081,34.69654],[-80.93967,34.69072],[-80.93823,34.69935],[-80.94742,34.70051],[-80.94606,34.70588],[-80.95138,34.70724],[-80.95064,34.71482],[-80.9652,34.71973],[-80.97201,34.71704],[-80.97767,34.71871],[-80.98135,34.72651],[-80.9764,34.73141],[-80.9772,34.73803],[-80.98971,34.7417],[-80.99062,34.75229],[-80.99404,34.76776],[-80.99871,34.76728],[-81.00386,34.77524],[-81.00901,34.77915],[-81.01853,34.77994],[-81.02291,34.78356],[-81.02834,34.78391],[-81.03021,34.78821],[-81.02869,34.7998],[-81.03602,34.80122],[-81.03903,34.81102],[-81.03454,34.82107],[-81.06178,34.82108]]]},"properties":{"STATEFP":"45","COUNTYFP":"023","COUSUBFP":"92821","COUSUBNS":"01938398","GEOIDFQ":"0600000US4502392821","GEOID":"4502392821","NAME":"Richburg","NAMELSAD":"Richburg CCD","STUSPS":"SC","NAMELSADCO":"Chester County","STATE_NAME":"South Carolina","LSAD":"22","ALAND":115754536,"AWATER":280906}},
{"type":"Feature","geometry":{"type":"Polygon","coordinates":[[[-79.70461,33.7701],[-79.6965,33.77676],[-79.68225,33.79232],[-79.67634,33.79544],[-79.66544,33.79607],[-79.65833,33.80461],[-79.67233,33.80988],[-79.67864,33.81408],[-79.68797,33.80491],[-79.69096,33.80592],[-79.69963,33.81401],[-79.71039,33.81391],[-79.71673,33.81533],[-79.72494,33.81455],[-79.73762,33.82582],[-79.74339,33.83506],[-79.79837,33.83556],[-79.83488,33.8826],[-79.84716,33.88449],[-79.85489,33.89174],[-79.86643,33.88432],[-79.87562,33.88524],[-79.91124,33.82532],[-79.90488,33.81656],[-79.89232,33.81823],[-79.88662,33.81697],[-79.88826,33.80742],[-79.88218,33.80031],[-79.87997,33.79357],[-79.86654,33.79742],[-79.86254,33.78427],[-79.84888,33.77213],[-79.85002,33.74908],[-79.84447,33.75007],[-79.82235,33.7585],[-79.81814,33.75687],[-79.81615,33.74066],[-79.81912,33.7351],[-79.8163,33.73008],[-79.81886,33.71934],[-79.80877,33.72007],[-79.81295,33.70752],[-79.8002,33.71382],[-79.78722,33.72765],[-79.77412,33.72939],[-79.75487,33.72983],[-79.7481,33.73388],[-79.74236,33.74449],[-79.73657,33.75103],[-79.73062,33.75419],[-79.72186,33.76321],[-79.7191,33.77178],[-79.70461,33.7701]]]},"properties":{"STATEFP":"45","COUNTYFP":"089","COUSUBFP":"90442","COUSUBNS":"01938214","GEOIDFQ":"0600000US4508990442","GEOID":"4508990442","NAME":"Cades","NAMELSAD":"Cades CCD","STUSPS":"SC","NAMELSADCO":"Williamsburg County","STATE_NAME":"South Carolina","LSAD":"22","ALAND":202423559,"AWATER":66841}},
{"type":"Feature","geometry":{"type":"Polygon","coordinates":[[[-79.72912,33.56302],[-79.73574,33.55701],[-79.73558,33.55008],[-79.74,33.53755],[-79.73745,33.52304],[-79.73826,33.51796],[-79.74505,33.50719],[-79.75437,33.4973],[-79.7563,33.49223],[-79.75493,33.48787],[-79.75635,33.47406],[-79.75475,33.46831],[-79.74579,33.4548],[-79.74726,33.44739],[-79.74958,33.41904],[-79.759,33.40163],[-79.73867,33.39208],[-79.73771,33.38737],[-79.73036,33.37987],[-79.73884,33.36141],[-79.73766,33.35628],[-79.73366,33.35213],[-79.72779,33.35146],[-79.71355,33.34699],[-79.70518,33.33626],[-79.70541,33.33182],[-79.69661,33.33027],[-79.69538,33.32577],[-79.69803,33.31989],[-79.68939,33.31076],[-79.67701,33.30494],[-79.67281,33.30978],[-79.68088,33.3196],[-79.67725,33.33676],[-79.66944,33.3431],[-79.65866,33.35385],[-79.65347,33.36065],[-79.63442,33.37215],[-79.62559,33.38972],[-79.61081,33.40622],[-79.60579,33.41361],[-79.60259,33.41828],[-79.59599,33.42155],[-79.59011,33.44354],[-79.55201,33.48076],[-79.54499,33.48722],[-79.5493,33.50017],[-79.55925,33.49939],[-79.55996,33.49121],[-79.56608,33.49449],[-79.57349,33.50189],[-79.57308,33.50755],[-79.57622,33.51276],[-79.58461,33.50741],[-79.5875,33.51382],[-79.60016,33.51272],[-79.60169,33.51531],[-79.61246,33.51407],[-79.61424,33.52245],[-79.62306,33.5323],[-79.62898,33.53029],[-79.63427,33.52475],[-79.64449,33.52859],[-79.64832,33.53532],[-79.65466,33.54151],[-79.66374,33.54269],[-79.66721,33.53796],[-79.67369,33.54364],[-79.68518,33.54472],[-79.68904,33.54676],[-79.69683,33.55566],[-79.70787,33.55595],[-79.7115,33.5594],[-79.72294,33.55938],[-79.72912,33.56302]]]},"properties":{"STATEFP":"45","COUNTYFP":"089","COUSUBFP":"93458","COUSUBNS":"01938447","GEOIDFQ":"0600000US4508993458","GEOID":"4508993458","NAME":"Trio","NAMELSAD":"Trio CCD","STUSPS":"SC","NAMELSADCO":"Williamsburg County","STATE_NAME":"South Carolina","LSAD":"22","ALAND":302217606,"AWATER":1136901}},
{"type":"Feature","geometry":{"type":"Polygon","coordinates":[[[-80.33656,34.73945],[-80.33218,34.74314],[-80.31779,34.75186],[-80.30564,34.75757],[-80.30541,34.76811],[-80.29974,34.77463],[-80.29428,34.78981],[-80.28867,34.798],[-80.29335,34.80662],[-80.29359,34.81372],[-80.39987,34.81513],[-80.45166,34.8164],[-80.49181,34.8168],[-80.49979,34.81726],[-80.56171,34.81748],[-80.56405,34.81476],[-80.55848,34.80152],[-80.55414,34.79804],[-80.5515,34.791],[-80.54643,34.79026],[-80.54454,34.78401],[-80.53303,34.7822],[-80.53439,34.77673],[-80.52977,34.77108],[-80.51643,34.76798],[-80.51625,34.75892],[-80.51061,34.75473],[-80.50714,34.74553],[-80.50034,34.73955],[-80.50163,34.73648],[-80.49328,34.72506],[-80.48787,34.72187],[-80.48884,34.7145],[-80.48659,34.71283],[-80.48873,34.70598],[-80.48219,34.70462],[-80.47518,34.69924],[-80.47307,34.69236],[-80.45488,34.70709],[-80.44838,34.70788],[-80.43134,34.71271],[-80.4257,34.7122],[-80.41574,34.70662],[-80.40057,34.71285],[-80.3962,34.71221],[-80.38491,34.71521],[-80.37155,34.72192],[-80.35164,34.72619],[-80.34128,34.73365],[-80.33656,34.73945]]]},"properties":{"STATEFP":"45","COUNTYFP":"025","COUSUBFP":"92535","COUSUBNS":"01938376","GEOIDFQ":"0600000US4502592535","GEOID":"4502592535","NAME":"Pageland","NAMELSAD":"Pageland CCD","STUSPS":"SC","NAMELSADCO":"Chesterfield County","STATE_NAME":"South Carolina","LSAD":"22","ALAND":219767597,"AWATER":772656}},
{"type":"Feature","geometry":{"type":"Polygon","coordinates":[[[-80.18251,33.69906],[-80.17604,33.6989],[-80.16696,33.69297],[-80.16129,33.69166],[-80.1471,33.69253],[-80.13329,33.69463],[-80.1248,33.69827],[-80.1098,33.7122],[-80.10366,33.71179],[-80.08859,33.72263],[-80.08286,33.72415],[-80.07282,33.72199],[-80.06808,33.723],[-80.05725,33.7165],[-80.04969,33.70717],[-80.04218,33.70447],[-80.03843,33.7006],[-80.03021,33.69647],[-80.03793,33.70662],[-80.03757,33.71287],[-80.04179,33.72137],[-80.0473,33.72685],[-80.05286,33.74547],[-80.05799,33.75371],[-80.06762,33.76391],[-80.0773,33.77589],[-80.07226,33.77877],[-80.07277,33.78564],[-80.08316,33.79318],[-80.09338,33.80222],[-80.10235,33.80636],[-80.10696,33.81343],[-80.11047,33.81288],[-80.12586,33.83396],[-80.133,33.8364],[-80.13176,33.84111],[-80.14391,33.86462],[-80.19537,33.83898],[-80.2554,33.80408],[-80.27078,33.78676],[-80.26811,33.77906],[-80.26098,33.77345],[-80.25744,33.76825],[-80.24621,33.75507],[-80.24527,33.75173],[-80.22689,33.7336],[-80.21932,33.72912],[-80.20602,33.71514],[-80.19824,33.71173],[-80.18251,33.69906]]]},"properties":{"STATEFP":"45","COUNTYFP":"027","COUSUBFP":"90039","COUSUBNS":"01938183","GEOIDFQ":"0600000US4502790039","GEOID":"4502790039","NAME":"Alcolu","NAMELSAD":"Alcolu CCD","STUSPS":"SC","NAMELSADCO":"Clarendon County","STATE_NAME":"South Carolina","LSAD":"22","ALAND":228541440,"AWATER":266494}},
{"type":"Feature","geometry":{"type":"Polygon","coordinates":[[[-80.09357,33.51182],[-80.07307,33.54918],[-80.05428,33.58259],[-80.02683,33.63603],[-80.02088,33.6458],[-80.00023,33.68793],[-79.99323,33.70446],[-79.9998,33.70196],[-80.00291,33.69839],[-80.01467,33.70006],[-80.01944,33.69386],[-80.02445,33.69122],[-80.03021,33.69647],[-80.03843,33.7006],[-80.04218,33.70447],[-80.04969,33.70717],[-80.05725,33.7165],[-80.06808,33.723],[-80.07282,33.72199],[-80.08286,33.72415],[-80.08859,33.72263],[-80.10366,33.71179],[-80.1098,33.7122],[-80.1248,33.69827],[-80.13329,33.69463],[-80.1471,33.69253],[-80.16129,33.69166],[-80.16696,33.69297],[-80.17604,33.6989],[-80.18251,33.69906],[-80.1973,33.69794],[-80.20052,33.69204],[-80.19453,33.68986],[-80.19736,33.67924],[-80.1877,33.65657],[-80.18005,33.64651],[-80.16164,33.63505],[-80.16087,33.61976],[-80.15689,33.61391],[-80.147,33.61167],[-80.14475,33.60458],[-80.1361,33.59599],[-80.13699,33.58428],[-80.13566,33.57508],[-80.1289,33.55461],[-80.11769,33.54545],[-80.13753,33.53988],[-80.13701,33.52333],[-80.13401,33.51817],[-80.12762,33.51933],[-80.10945,33.51984],[-80.10823,33.51684],[-80.09357,33.51182]]]},"properties":{"STATEFP":"45","COUNTYFP":"027","COUSUBFP":"92158","COUSUBNS":"01938347","GEOIDFQ":"0600000US4502792158","GEOID":"4502792158","NAME":"Manning East","NAMELSAD":"Manning East CCD","STUSPS":"SC","NAMELSADCO":"Clarendon County","STATE_NAME":"South Carolina","LSAD":"22","ALAND":226097368,"AWATER":338017}},
{"type":"Feature","geometry":{"type":"Polygon","coordinates":[[[-79.95233,33.80354],[-79.95335,33.81055],[-79.95873,33.83144],[-79.97042,33.83102],[-79.9859,33.83491],[-79.99595,33.83491],[-80.00649,33.84363],[-80.01222,33.84496],[-80.02331,33.85056],[-80.0485,33.85264],[-80.05207,33.85701],[-80.05986,33.85951],[-80.06197,33.8718],[-80.05806,33.87978],[-80.05419,33.88284],[-80.0513,33.88983],[-80.05579,33.89759],[-80.05633,33.90685],[-80.10096,33.88171],[-80.12161,33.86956],[-80.13548,33.86877],[-80.14391,33.86462],[-80.13176,33.84111],[-80.133,33.8364],[-80.12586,33.83396],[-80.11047,33.81288],[-80.10696,33.81343],[-80.10235,33.80636],[-80.09338,33.80222],[-80.08316,33.79318],[-80.07277,33.78564],[-80.07226,33.77877],[-80.0773,33.77589],[-80.06762,33.76391],[-80.05799,33.75371],[-80.05286,33.74547],[-80.0473,33.72685],[-80.04179,33.72137],[-80.03757,33.71287],[-80.03793,33.70662],[-80.03021,33.69647],[-80.02445,33.69122],[-80.01944,33.69386],[-80.01467,33.70006],[-80.00291,33.69839],[-79.9998,33.70196],[-79.99323,33.70446],[-79.98603,33.70732],[-79.97438,33.72159],[-79.99564,33.76791],[-79.98716,33.77414],[-79.95233,33.80354]]]},"properties":{"STATEFP":"45","COUNTYFP":"027","COUSUBFP":"93055","COUSUBNS":"01938416","GEOIDFQ":"0600000US4502793055","GEOID":"4502793055","NAME":"Sardinia","NAMELSAD":"Sardinia CCD","STUSPS":"SC","NAMELSADCO":"Clarendon County","STATE_NAME":"South Carolina","LSAD":"22","ALAND":183543023,"AWATER":261666}},
{"type":"Feature","geometry":{"type":"Polygon","coordinates":[[[-80.35722,33.67787],[-80.36359,33.67125],[-80.36793,33.66913],[-80.38396,33.67613],[-80.4,33.67666],[-80.40571,33.67592],[-80.41521,33.67791],[-80.43137,33.67729],[-80.43826,33.68082],[-80.44962,33.68057],[-80.45455,33.67685],[-80.47563,33.66503],[-80.48244,33.66985],[-80.48758,33.67076],[-80.49935,33.66837],[-80.50156,33.67003],[-80.51252,33.66032],[-80.53408,33.64391],[-80.52877,33.63914],[-80.52925,33.63471],[-80.53981,33.63192],[-80.54036,33.62802],[-80.53229,33.62155],[-80.52157,33.61653],[-80.51942,33.61007],[-80.52156,33.60336],[-80.5198,33.59737],[-80.51421,33.59406],[-80.50334,33.59162],[-80.50142,33.58814],[-80.50609,33.58353],[-80.51495,33.58125],[-80.51523,33.57471],[-80.50404,33.56999],[-80.50599,33.56421],[-80.49981,33.56249],[-80.49627,33.55848],[-80.49194,33.55727],[-80.48502,33.56005],[-80.4791,33.55429],[-80.47466,33.55288],[-80.46842,33.54106],[-80.46115,33.54078],[-80.45758,33.54599],[-80.45186,33.54592],[-80.44746,33.54047],[-80.44686,33.53557],[-80.44972,33.53145],[-80.44732,33.52453],[-80.45294,33.52325],[-80.46219,33.52638],[-80.46722,33.52643],[-80.46774,33.51616],[-80.45929,33.51437],[-80.4561,33.51082],[-80.4609,33.50608],[-80.46005,33.5029],[-80.45273,33.50167],[-80.44234,33.50284],[-80.43785,33.50016],[-80.44157,33.49546],[-80.43394,33.48835],[-80.43697,33.47796],[-80.41978,33.46628],[-80.40671,33.45608],[-80.3977,33.45066],[-80.39481,33.44719],[-80.39024,33.44403],[-80.37278,33.43888],[-80.36393,33.43274],[-80.35454,33.43041],[-80.33078,33.43148],[-80.32357,33.43116],[-80.30341,33.44015],[-80.29144,33.44078],[-80.28437,33.44751],[-80.27667,33.44693],[-80.27265,33.43818],[-80.26788,33.43785],[-80.25794,33.44336],[-80.25582,33.448],[-80.2488,33.45027],[-80.23759,33.44624],[-80.23995,33.4417],[-80.23591,33.43964],[-80.22933,33.44455],[-80.22227,33.44372],[-80.21896,33.44772],[-80.20895,33.44266],[-80.24656,33.49673],[-80.24712,33.5064],[-80.24939,33.50799],[-80.25209,33.51814],[-80.26812,33.53361],[-80.25518,33.536],[-80.25895,33.55523],[-80.25469,33.57732],[-80.25324,33.58125],[-80.25632,33.59131],[-80.26357,33.59879],[-80.26553,33.60378],[-80.27656,33.61517],[-80.28827,33.63469],[-80.27933,33.6429],[-80.2777,33.64704],[-80.27709,33.65973],[-80.28983,33.66072],[-80.29805,33.6584],[-80.31095,33.65944],[-80.31514,33.67104],[-80.33165,33.67161],[-80.3423,33.67662],[-80.35722,33.67787]]]},"properties":{"STATEFP":"45","COUNTYFP":"027","COUSUBFP":"93263","COUSUBNS":"01938432","GEOIDFQ":"0600000US4502793263","GEOID":"4502793263","NAME":"Summerton","NAMELSAD":"Summerton CCD","STUSPS":"SC","NAMELSADCO":"Clarendon County","STATE_NAME":"South Carolina","LSAD":"22","ALAND":356877800,"AWATER":175599197}},
{"type":"Feature","geometry":{"type":"Polygon","coordinates":[[[-80.01737,32.6396],[-80.01239,32.63597],[-79.99542,32.63243],[-79.99253,32.62518],[-79.98844,32.62147],[-79.98692,32.62639],[-79.98,32.63242],[-79.9743,32.64102],[-79.97002,32.64052],[-79.91568,32.66492],[-79.88708,32.68305],[-79.88803,32.69518],[-79.88709,32.70195],[-79.88006,32.71605],[-79.87015,32.73],[-79.87093,32.74243],[-79.87911,32.75083],[-79.89087,32.75103],[-79.89634,32.74954],[-79.90894,32.75163],[-79.91797,32.75443],[-79.92855,32.75423],[-79.92869,32.76303],[-79.94091,32.76451],[-79.94948,32.77366],[-79.96375,32.76813],[-79.97286,32.76645],[-79.9862,32.76614],[-79.99049,32.76916],[-80.00396,32.76581],[-80.01002,32.75281],[-80.00835,32.74049],[-80.00939,32.7287],[-80.00471,32.72312],[-79.99134,32.7199],[-79.9874,32.71543],[-79.98863,32.7079],[-79.98809,32.69623],[-79.99237,32.68975],[-80.00028,32.68795],[-80.00375,32.68446],[-80.00345,32.67781],[-80.00029,32.66813],[-80.00367,32.66191],[-80.00957,32.6576],[-80.01551,32.64933],[-80.01737,32.6396]]]},"properties":{"STATEFP":"45","COUNTYFP":"019","COUSUBFP":"91664","COUSUBNS":"01938309","GEOIDFQ":"0600000US4501991664","GEOID":"4501991664","NAME":"James Island","NAMELSAD":"James Island CCD","STUSPS":"SC","NAMELSADCO":"Charleston County","STATE_NAME":"South Carolina","LSAD":"22","ALAND":109182063,"AWATER":155543594}},
{"type":"Feature","geometry":{"type":"Polygon","coordinates":[[[-79.8024,32.92977],[-79.81239,32.928],[-79.81852,32.92246],[-79.82599,32.91864],[-79.83595,32.91975],[-79.84118,32.90938],[-79.83956,32.90462],[-79.84189,32.89676],[-79.85296,32.8761],[-79.85908,32.87096],[-79.8738,32.86751],[-79.88539,32.86577],[-79.89595,32.85986],[-79.89815,32.8536],[-79.89366,32.84311],[-79.89418,32.83684],[-79.89745,32.82694],[-79.90703,32.8188],[-79.91378,32.81565],[-79.91538,32.81237],[-79.91716,32.78287],[-79.886,32.78791],[-79.87804,32.78571],[-79.86342,32.77102],[-79.86639,32.76603],[-79.8547,32.75488],[-79.8488,32.75363],[-79.82397,32.76273],[-79.81451,32.77045],[-79.81398,32.77482],[-79.80504,32.77509],[-79.78756,32.78447],[-79.75647,32.7966],[-79.73659,32.80159],[-79.72639,32.806],[-79.72071,32.81115],[-79.71807,32.81698],[-79.71988,32.8258],[-79.71012,32.83335],[-79.70379,32.83602],[-79.6993,32.8439],[-79.69872,32.84923],[-79.70752,32.85514],[-79.71988,32.85308],[-79.72627,32.8558],[-79.7315,32.86989],[-79.73705,32.872],[-79.73589,32.87959],[-79.74392,32.88741],[-79.73161,32.89956],[-79.71697,32.91782],[-79.71181,32.9364],[-79.71014,32.93884],[-79.71499,32.94484],[-79.72568,32.94537],[-79.72148,32.93434],[-79.72159,32.92479],[-79.7254,32.92141],[-79.7341,32.92026],[-79.73996,32.91401],[-79.74851,32.91367],[-79.76113,32.91873],[-79.76937,32.91968],[-79.77743,32.92662],[-79.78634,32.93058],[-79.79954,32.92815],[-79.8024,32.92977]]]},"properties":{"STATEFP":"45","COUNTYFP":"019","COUSUBFP":"92301","COUSUBNS":"01938358","GEOIDFQ":"0600000US4501992301","GEOID":"4501992301","NAME":"Mount Pleasant","NAMELSAD":"Mount Pleasant CCD","STUSPS":"SC","NAMELSADCO":"Charleston County","STATE_NAME":"South Carolina","LSAD":"22","ALAND":194070595,"AWATER":180386275}},
{"type":"Feature","geometry":{"type":"Polygon","coordinates":[[[-80.27121,32.62508],[-80.2603,32.615],[-80.25483,32.61219],[-80.2368,32.60582],[-80.22931,32.59759],[-80.22156,32.5855],[-80.20916,32.57937],[-80.20328,32.58954],[-80.19206,32.59891],[-80.17784,32.59474],[-80.17315,32.60289],[-80.16594,32.60374],[-80.15689,32.60705],[-80.15676,32.61085],[-80.16579,32.61396],[-80.16411,32.62339],[-80.16612,32.63081],[-80.1633,32.63702],[-80.15724,32.64446],[-80.14705,32.65166],[-80.14283,32.65816],[-80.13264,32.66609],[-80.12482,32.66857],[-80.1163,32.67338],[-80.11337,32.67714],[-80.10457,32.67963],[-80.10129,32.68292],[-80.09494,32.68376],[-80.08001,32.693],[-80.07553,32.7002],[-80.08546,32.71323],[-80.09882,32.71728],[-80.10622,32.7161],[-80.11844,32.71093],[-80.12482,32.70573],[-80.13888,32.71135],[-80.14831,32.70962],[-80.15525,32.70679],[-80.17159,32.70791],[-80.19058,32.70923],[-80.2049,32.70084],[-80.21046,32.69606],[-80.2157,32.69764],[-80.22211,32.69438],[-80.2216,32.68735],[-80.22414,32.68487],[-80.23952,32.67997],[-80.2418,32.67602],[-80.23704,32.66667],[-80.24061,32.65759],[-80.25996,32.64899],[-80.26581,32.64477],[-80.2699,32.63346],[-80.27121,32.62508]]]},"properties":{"STATEFP":"45","COUNTYFP":"019","COUSUBFP":"93549","COUSUBNS":"01938454","GEOIDFQ":"0600000US4501993549","GEOID":"4501993549","NAME":"Wadmalaw Island","NAMELSAD":"Wadmalaw Island CCD","STUSPS":"SC","NAMELSADCO":"Charleston County","STATE_NAME":"South Carolina","LSAD":"22","ALAND":108513478,"AWATER":22600414}},
{"type":"Feature","geometry":{"type":"Polygon","coordinates":[[[-79.19026,33.70579],[-79.19913,33.70114],[-79.20318,33.70306],[-79.21757,33.70105],[-79.22868,33.69841],[-79.23471,33.69424],[-79.24638,33.69535],[-79.24977,33.70342],[-79.25811,33.70274],[-79.2651,33.706],[-79.26501,33.71028],[-79.27506,33.70885],[-79.27493,33.71432],[-79.26992,33.71681],[-79.2721,33.72183],[-79.28299,33.71597],[-79.28644,33.7176],[-79.29157,33.72898],[-79.29139,33.73239],[-79.28625,33.73739],[-79.29398,33.74114],[-79.29258,33.75017],[-79.30668,33.76623],[-79.30883,33.77197],[-79.31704,33.77988],[-79.32317,33.77744],[-79.33244,33.77705],[-79.33776,33.77461],[-79.34097,33.76979],[-79.34655,33.75533],[-79.3596,33.74011],[-79.37468,33.72477],[-79.39235,33.71218],[-79.41,33.68792],[-79.4185,33.66729],[-79.41955,33.64945],[-79.42549,33.63579],[-79.43028,33.62903],[-79.43329,33.62155],[-79.42821,33.61979],[-79.42988,33.60848],[-79.4236,33.60314],[-79.43219,33.59233],[-79.42574,33.58973],[-79.41423,33.58803],[-79.40625,33.58107],[-79.41174,33.57692],[-79.40522,33.57411],[-79.40217,33.56438],[-79.39313,33.55762],[-79.39165,33.55201],[-79.38872,33.55043],[-79.37989,33.55823],[-79.3782,33.56356],[-79.38297,33.57134],[-79.37529,33.58214],[-79.36035,33.59946],[-79.34046,33.61245],[-79.32891,33.61901],[-79.30768,33.62913],[-79.28444,33.64478],[-79.27427,33.64759],[-79.26342,33.65312],[-79.25796,33.65444],[-79.24637,33.66185],[-79.22884,33.66893],[-79.22118,33.66887],[-79.20831,33.67279],[-79.21201,33.67627],[-79.20299,33.67857],[-79.20715,33.68348],[-79.20067,33.69044],[-79.19522,33.68779],[-79.18877,33.69341],[-79.18026,33.69543],[-79.17829,33.70219],[-79.19026,33.70579]]]},"properties":{"STATEFP":"45","COUNTYFP":"043","COUSUBFP":"92678","COUSUBNS":"01938387","GEOIDFQ":"0600000US4504392678","GEOID":"4504392678","NAME":"Pleasant Hill-Folly Grove","NAMELSAD":"Pleasant Hill-Folly Grove CCD","STUSPS":"SC","NAMELSADCO":"Georgetown County","STATE_NAME":"South Carolina","LSAD":"22","ALAND":231824665,"AWATER":2719026}},
{"type":"Feature","geometry":{"type":"Polygon","coordinates":[[[-79.24127,33.26664],[-79.23256,33.26014],[-79.208,33.25017],[-79.19981,33.24036],[-79.19417,33.22827],[-79.19186,33.21543],[-79.18945,33.20911],[-79.1825,33.19826],[-79.17571,33.21106],[-79.18056,33.23796],[-79.18032,33.25414],[-79.17641,33.27726],[-79.17164,33.29522],[-79.16633,33.30852],[-79.16376,33.31205],[-79.16555,33.31855],[-79.17213,33.32517],[-79.17211,33.32912],[-79.16267,33.33118],[-79.15852,33.33674],[-79.15301,33.35204],[-79.1475,33.37824],[-79.1432,33.38898],[-79.13544,33.40387],[-79.11536,33.43914],[-79.10895,33.44732],[-79.10136,33.46102],[-79.08459,33.48367],[-79.06494,33.5014],[-79.04396,33.51922],[-79.03645,33.53329],[-79.0305,33.53198],[-79.02413,33.53956],[-79.01911,33.55015],[-79.01189,33.56073],[-79.00178,33.57268],[-79.08652,33.57127],[-79.0874,33.57291],[-79.10107,33.57297],[-79.09629,33.56883],[-79.09074,33.56777],[-79.08574,33.56024],[-79.08685,33.55266],[-79.09036,33.54521],[-79.09963,33.53735],[-79.10395,33.53642],[-79.10718,33.53034],[-79.1181,33.52037],[-79.12476,33.517],[-79.12556,33.51157],[-79.13171,33.50553],[-79.13904,33.50435],[-79.14788,33.48889],[-79.15288,33.48324],[-79.15683,33.47157],[-79.15673,33.46728],[-79.16926,33.45069],[-79.1831,33.43808],[-79.19338,33.43086],[-79.21108,33.42404],[-79.21296,33.4168],[-79.2193,33.40668],[-79.24204,33.38065],[-79.24977,33.37662],[-79.25267,33.36764],[-79.2575,33.35959],[-79.2623,33.35714],[-79.27098,33.35636],[-79.28369,33.33531],[-79.28688,33.32886],[-79.2866,33.31754],[-79.28241,33.29975],[-79.27753,33.29101],[-79.26967,33.28357],[-79.26195,33.27829],[-79.24977,33.27355],[-79.24127,33.26664]]]},"properties":{"STATEFP":"45","COUNTYFP":"043","COUSUBFP":"93538","COUSUBNS":"01938453","GEOIDFQ":"0600000US4504393538","GEOID":"4504393538","NAME":"Waccamaw Neck","NAMELSAD":"Waccamaw Neck CCD","STUSPS":"SC","NAMELSADCO":"Georgetown County","STATE_NAME":"South Carolina","LSAD":"22","ALAND":231868800,"AWATER":346398484}},
{"type":"Feature","geometry":{"type":"Polygon","coordinates":[[[-81.35978,34.82207],[-81.32458,34.8219],[-81.17827,34.82107],[-81.17851,34.82807],[-81.18156,34.83822],[-81.17853,34.84673],[-81.1753,34.86389],[-81.15981,34.86699],[-81.15314,34.88225],[-81.15294,34.88705],[-81.16023,34.90317],[-81.16965,34.90382],[-81.16881,34.91954],[-81.1777,34.91736],[-81.18165,34.91827],[-81.19653,34.92654],[-81.21084,34.93881],[-81.21604,34.94054],[-81.22685,34.93683],[-81.22982,34.94146],[-81.2356,34.9377],[-81.2407,34.93158],[-81.24983,34.92994],[-81.25715,34.93276],[-81.26358,34.9374],[-81.26803,34.92915],[-81.28359,34.92296],[-81.28818,34.92333],[-81.29355,34.9339],[-81.29938,34.94156],[-81.30358,34.93925],[-81.30751,34.94268],[-81.31655,34.94638],[-81.32772,34.93015],[-81.32849,34.91868],[-81.32519,34.9104],[-81.32614,34.89112],[-81.32828,34.87751],[-81.32133,34.86058],[-81.33046,34.85706],[-81.33054,34.85378],[-81.34004,34.84428],[-81.33823,34.84042],[-81.34638,34.83636],[-81.35074,34.82778],[-81.35978,34.82207]]]},"properties":{"STATEFP":"45","COUNTYFP":"091","COUSUBFP":"92106","COUSUBNS":"01938343","GEOIDFQ":"0600000US4509192106","GEOID":"4509192106","NAME":"McConnells","NAMELSAD":"McConnells CCD","STUSPS":"SC","NAMELSADCO":"York County","STATE_NAME":"South Carolina","LSAD":"22","ALAND":182151220,"AWATER":959346}},
{"type":"Feature","geometry":{"type":"Polygon","coordinates":[[[-81.31655,34.94638],[-81.30751,34.94268],[-81.30358,34.93925],[-81.29938,34.94156],[-81.29355,34.9339],[-81.28818,34.92333],[-81.28359,34.92296],[-81.26803,34.92915],[-81.26358,34.9374],[-81.25715,34.93276],[-81.24983,34.92994],[-81.2407,34.93158],[-81.2356,34.9377],[-81.22982,34.94146],[-81.22685,34.93683],[-81.21604,34.94054],[-81.21084,34.93881],[-81.19653,34.92654],[-81.18165,34.91827],[-81.1777,34.91736],[-81.16881,34.91954],[-81.16779,34.92743],[-81.15885,34.94448],[-81.15414,34.95154],[-81.15307,34.9593],[-81.1494,34.96525],[-81.15193,34.96814],[-81.15132,34.97405],[-81.14417,34.97521],[-81.1368,34.97402],[-81.13224,34.97609],[-81.11263,35.00148],[-81.1019,35.00858],[-81.10348,35.01244],[-81.10333,35.03942],[-81.09795,35.05004],[-81.10841,35.05283],[-81.11398,35.05242],[-81.12293,35.06017],[-81.12825,35.06044],[-81.13809,35.06502],[-81.14852,35.06485],[-81.15621,35.06041],[-81.16262,35.06176],[-81.18072,35.06025],[-81.18487,35.06151],[-81.19072,35.0671],[-81.2013,35.06535],[-81.20525,35.0621],[-81.21205,35.06258],[-81.22097,35.06879],[-81.22927,35.06706],[-81.23301,35.07279],[-81.24251,35.08107],[-81.25104,35.07608],[-81.2611,35.08003],[-81.27492,35.07975],[-81.2777,35.07779],[-81.2782,35.06912],[-81.2826,35.06895],[-81.29041,35.07262],[-81.29986,35.06936],[-81.30349,35.06141],[-81.30771,35.05792],[-81.30964,35.04684],[-81.31888,35.03837],[-81.3235,35.03018],[-81.33467,35.02518],[-81.34007,35.02076],[-81.34604,35.00555],[-81.34548,34.99821],[-81.34852,34.99327],[-81.34816,34.98581],[-81.34207,34.98536],[-81.33654,34.98878],[-81.32612,34.98729],[-81.32301,34.9814],[-81.32617,34.97297],[-81.3233,34.96341],[-81.31234,34.96245],[-81.30984,34.95478],[-81.3161,34.95067],[-81.31655,34.94638]]]},"properties":{"STATEFP":"45","COUNTYFP":"091","COUSUBFP":"93822","COUSUBNS":"01938475","GEOIDFQ":"0600000US4509193822","GEOID":"4509193822","NAME":"York","NAMELSAD":"York CCD","STUSPS":"SC","NAMELSADCO":"York County","STATE_NAME":"South Carolina","LSAD":"22","ALAND":271876437,"AWATER":2775164}},
{"type":"Feature","geometry":{"type":"Polygon","coordinates":[[[-80.5324,34.23723],[-80.53454,34.24683],[-80.5332,34.25647],[-80.52836,34.26227],[-80.53004,34.26749],[-80.52637,34.26957],[-80.52311,34.28023],[-80.52593,34.28139],[-80.53047,34.28965],[-80.52896,34.29488],[-80.5358,34.30569],[-80.54328,34.3087],[-80.54644,34.30443],[-80.60088,34.30248],[-80.60379,34.31522],[-80.61455,34.3175],[-80.61856,34.32037],[-80.6374,34.31971],[-80.64164,34.31648],[-80.65137,34.32],[-80.66332,34.31554],[-80.67339,34.31526],[-80.68227,34.30833],[-80.68124,34.30467],[-80.68471,34.29768],[-80.68444,34.27309],[-80.67934,34.26659],[-80.65789,34.25065],[-80.65076,34.24331],[-80.64347,34.23854],[-80.63045,34.23425],[-80.62706,34.22871],[-80.62993,34.21731],[-80.61454,34.21921],[-80.56197,34.21323],[-80.54454,34.21666],[-80.5303,34.216],[-80.52934,34.22776],[-80.5324,34.23723]]]},"properties":{"STATEFP":"45","COUNTYFP":"055","COUSUBFP":"90468","COUSUBNS":"01938216","GEOIDFQ":"0600000US4505590468","GEOID":"4505590468","NAME":"Camden","NAMELSAD":"Camden CCD","STUSPS":"SC","NAMELSADCO":"Kershaw County","STATE_NAME":"South Carolina","LSAD":"22","ALAND":126755677,"AWATER":3029619}},
{"type":"Feature","geometry":{"type":"Polygon","coordinates":[[[-80.43346,34.28693],[-80.4334,34.2922],[-80.43657,34.30083],[-80.43936,34.31752],[-80.43375,34.32995],[-80.43218,34.34789],[-80.43518,34.35723],[-80.4352,34.36361],[-80.44602,34.37254],[-80.45215,34.37357],[-80.46383,34.37858],[-80.47457,34.38547],[-80.49992,34.39057],[-80.50936,34.39057],[-80.51714,34.38783],[-80.52562,34.39981],[-80.53045,34.40461],[-80.53156,34.4139],[-80.5361,34.42658],[-80.54475,34.43354],[-80.55666,34.43003],[-80.56206,34.43021],[-80.57143,34.43335],[-80.57919,34.43773],[-80.58133,34.4352],[-80.58547,34.41909],[-80.59049,34.41208],[-80.60041,34.4102],[-80.614,34.39993],[-80.62,34.39931],[-80.63396,34.40397],[-80.64568,34.40057],[-80.64886,34.39166],[-80.64906,34.3841],[-80.66385,34.36771],[-80.67763,34.36366],[-80.67868,34.35486],[-80.68644,34.34942],[-80.6895,34.34091],[-80.6865,34.33727],[-80.69363,34.32727],[-80.69218,34.32248],[-80.68227,34.30833],[-80.67339,34.31526],[-80.66332,34.31554],[-80.65137,34.32],[-80.64164,34.31648],[-80.6374,34.31971],[-80.61856,34.32037],[-80.61455,34.3175],[-80.60379,34.31522],[-80.60088,34.30248],[-80.54644,34.30443],[-80.54328,34.3087],[-80.5358,34.30569],[-80.52896,34.29488],[-80.53047,34.28965],[-80.52593,34.28139],[-80.52311,34.28023],[-80.52637,34.26957],[-80.53004,34.26749],[-80.52836,34.26227],[-80.5332,34.25647],[-80.53454,34.24683],[-80.5324,34.23723],[-80.51188,34.2395],[-80.4836,34.24668],[-80.47385,34.25197],[-80.45864,34.26399],[-80.43289,34.27893],[-80.43736,34.2845],[-80.43346,34.28693]]]},"properties":{"STATEFP":"45","COUNTYFP":"055","COUSUBFP":"90472","COUSUBNS":"02378256","GEOIDFQ":"0600000US4505590472","GEOID":"4505590472","NAME":"Camden Northeast","NAMELSAD":"Camden Northeast CCD","STUSPS":"SC","NAMELSADCO":"Kershaw County","STATE_NAME":"South Carolina","LSAD":"22","ALAND":277443841,"AWATER":991887}},
{"type":"Feature","geometry":{"type":"Polygon","coordinates":[[[-80.61619,34.0996],[-80.62078,34.10239],[-80.61853,34.10917],[-80.61792,34.11804],[-80.62553,34.11815],[-80.62949,34.11336],[-80.64994,34.12515],[-80.64675,34.1292],[-80.63739,34.12783],[-80.63497,34.13179],[-80.63952,34.13749],[-80.63484,34.1428],[-80.62583,34.14371],[-80.62347,34.14984],[-80.61759,34.15197],[-80.61891,34.15855],[-80.6248,34.16429],[-80.6256,34.17241],[-80.61545,34.16995],[-80.60636,34.17622],[-80.60552,34.18377],[-80.61186,34.18928],[-80.61534,34.18304],[-80.61931,34.18316],[-80.63305,34.1886],[-80.63496,34.19421],[-80.63112,34.20341],[-80.61938,34.20384],[-80.61518,34.19607],[-80.6112,34.19643],[-80.6046,34.20591],[-80.60479,34.20977],[-80.60984,34.21299],[-80.61882,34.21344],[-80.62993,34.21731],[-80.62706,34.22871],[-80.63045,34.23425],[-80.64347,34.23854],[-80.65076,34.24331],[-80.65789,34.25065],[-80.67934,34.26659],[-80.68444,34.27309],[-80.68471,34.29768],[-80.68124,34.30467],[-80.68227,34.30833],[-80.69218,34.32248],[-80.69363,34.32727],[-80.70141,34.33904],[-80.71723,34.35689],[-80.73712,34.37244],[-80.74031,34.37582],[-80.75924,34.37573],[-80.76993,34.37711],[-80.82592,34.26876],[-80.84792,34.2257],[-80.86913,34.18287],[-80.85138,34.17407],[-80.71932,34.06897],[-80.71717,34.07265],[-80.71088,34.07474],[-80.70359,34.08099],[-80.69296,34.08128],[-80.68366,34.0816],[-80.67642,34.08461],[-80.66906,34.08391],[-80.65884,34.08587],[-80.65833,34.08877],[-80.6467,34.09399],[-80.63559,34.09767],[-80.61619,34.0996]]]},"properties":{"STATEFP":"45","COUNTYFP":"055","COUSUBFP":"91027","COUSUBNS":"01938259","GEOIDFQ":"0600000US4505591027","GEOID":"4505591027","NAME":"Elgin","NAMELSAD":"Elgin CCD","STUSPS":"SC","NAMELSADCO":"Kershaw County","STATE_NAME":"South Carolina","LSAD":"22","ALAND":461282354,"AWATER":9182203}},
{"type":"Feature","geometry":{"type":"Polygon","coordinates":[[[-80.40837,34.61477],[-80.50434,34.57822],[-80.55067,34.55997],[-80.54458,34.54932],[-80.54353,34.53745],[-80.54151,34.53392],[-80.53597,34.53394],[-80.53476,34.5273],[-80.52756,34.52111],[-80.52441,34.51307],[-80.52782,34.504],[-80.54096,34.50559],[-80.54891,34.49326],[-80.5595,34.49363],[-80.56715,34.48952],[-80.57615,34.48942],[-80.57937,34.48457],[-80.57652,34.47679],[-80.56477,34.46574],[-80.56152,34.46075],[-80.55484,34.44589],[-80.54475,34.43354],[-80.5361,34.42658],[-80.53156,34.4139],[-80.53045,34.40461],[-80.52562,34.39981],[-80.51714,34.38783],[-80.50936,34.39057],[-80.49992,34.39057],[-80.47457,34.38547],[-80.46568,34.39511],[-80.45541,34.41218],[-80.45519,34.42244],[-80.45311,34.42654],[-80.45436,34.43741],[-80.45132,34.44866],[-80.44337,34.46464],[-80.43541,34.4728],[-80.42793,34.4831],[-80.42315,34.49193],[-80.41154,34.50218],[-80.40599,34.51119],[-80.39214,34.51621],[-80.38622,34.51984],[-80.37524,34.52994],[-80.37239,34.53544],[-80.36367,34.53882],[-80.37234,34.54677],[-80.37499,34.55759],[-80.37268,34.56334],[-80.37579,34.56612],[-80.37622,34.5721],[-80.38138,34.57376],[-80.38337,34.59219],[-80.38989,34.59945],[-80.39588,34.59911],[-80.39802,34.60467],[-80.40752,34.60938],[-80.40837,34.61477]]]},"properties":{"STATEFP":"45","COUNTYFP":"055","COUSUBFP":"92288","COUSUBNS":"01938357","GEOIDFQ":"0600000US4505592288","GEOID":"4505592288","NAME":"Mount Pisgah","NAMELSAD":"Mount Pisgah CCD","STUSPS":"SC","NAMELSADCO":"Kershaw County","STATE_NAME":"South Carolina","LSAD":"22","ALAND":261584923,"AWATER":772447}},
{"type":"Feature","geometry":{"type":"Polygon","coordinates":[[[-83.2281,34.87958],[-83.23202,34.87794],[-83.24313,34.87739],[-83.23788,34.86888],[-83.23861,34.86545],[-83.24672,34.867],[-83.24828,34.85846],[-83.25332,34.85592],[-83.25258,34.85168],[-83.25569,34.84415],[-83.26089,34.84822],[-83.26631,34.84904],[-83.27243,34.83472],[-83.26734,34.83237],[-83.26832,34.82113],[-83.27669,34.81689],[-83.28865,34.82467],[-83.28996,34.81846],[-83.29472,34.81573],[-83.30666,34.81485],[-83.2998,34.81006],[-83.30322,34.80221],[-83.31378,34.79991],[-83.31383,34.79683],[-83.32052,34.79305],[-83.32415,34.78748],[-83.31898,34.77131],[-83.31932,34.76487],[-83.3259,34.75647],[-83.32631,34.75084],[-83.33869,34.74207],[-83.33896,34.73844],[-83.34907,34.73663],[-83.35342,34.72842],[-83.3528,34.71745],[-83.34979,34.70827],[-83.34665,34.70422],[-83.35185,34.7017],[-83.35294,34.69706],[-83.34315,34.69395],[-83.33823,34.68719],[-83.34262,34.68299],[-83.3389,34.68004],[-83.33028,34.68134],[-83.32146,34.67754],[-83.31686,34.66987],[-83.30464,34.66956],[-83.30121,34.66326],[-83.29318,34.6543],[-83.27938,34.64775],[-83.27001,34.64889],[-83.26388,34.65286],[-83.2528,34.65238],[-83.25088,34.65615],[-83.25361,34.66701],[-83.25016,34.68038],[-83.25004,34.69188],[-83.24723,34.69554],[-83.23517,34.70243],[-83.23219,34.70995],[-83.22725,34.71479],[-83.21309,34.71506],[-83.19787,34.72152],[-83.18703,34.71515],[-83.18075,34.71802],[-83.17581,34.71732],[-83.16286,34.72183],[-83.15074,34.71516],[-83.14254,34.71599],[-83.13017,34.71976],[-83.12477,34.72461],[-83.11018,34.74217],[-83.0998,34.75311],[-83.09627,34.77331],[-83.10519,34.77963],[-83.1146,34.78691],[-83.11944,34.79754],[-83.12288,34.79695],[-83.12877,34.80806],[-83.1285,34.81501],[-83.13772,34.8131],[-83.14638,34.81547],[-83.16512,34.81503],[-83.16698,34.82211],[-83.16603,34.82925],[-83.17806,34.83457],[-83.18297,34.83852],[-83.19609,34.84257],[-83.2047,34.84284],[-83.20789,34.84746],[-83.21562,34.8492],[-83.22009,34.85423],[-83.2259,34.86697],[-83.22425,34.87318],[-83.2281,34.87958]]]},"properties":{"STATEFP":"45","COUNTYFP":"073","COUSUBFP":"92015","COUSUBNS":"01938336","GEOIDFQ":"0600000US4507392015","GEOID":"4507392015","NAME":"Long Creek","NAMELSAD":"Long Creek CCD","STUSPS":"SC","NAMELSADCO":"Oconee County","STATE_NAME":"South Carolina","LSAD":"22","ALAND":303687236,"AWATER":2429129}},
{"type":"Feature","geometry":{"type":"Polygon","coordinates":[[[-83.0233,35.02378],[-83.10857,35.00135],[-83.09883,34.99195],[-83.10712,34.98323],[-83.11085,34.97632],[-83.12039,34.96841],[-83.12162,34.96277],[-83.12035,34.95319],[-83.12756,34.94948],[-83.12157,34.94252],[-83.11693,34.94273],[-83.11173,34.93586],[-83.11806,34.93595],[-83.12082,34.93305],[-83.12662,34.93826],[-83.13165,34.93588],[-83.13055,34.93093],[-83.14326,34.92476],[-83.15623,34.93098],[-83.15919,34.92883],[-83.15645,34.91706],[-83.16068,34.91514],[-83.16909,34.91878],[-83.17509,34.91008],[-83.18079,34.90961],[-83.18087,34.90471],[-83.18928,34.89726],[-83.19437,34.89957],[-83.19936,34.89257],[-83.20479,34.89076],[-83.20102,34.88479],[-83.20625,34.87968],[-83.21742,34.88238],[-83.21994,34.87811],[-83.2281,34.87958],[-83.22425,34.87318],[-83.2259,34.86697],[-83.22009,34.85423],[-83.21562,34.8492],[-83.20789,34.84746],[-83.2047,34.84284],[-83.19609,34.84257],[-83.18297,34.83852],[-83.17806,34.83457],[-83.16603,34.82925],[-83.16698,34.82211],[-83.16512,34.81503],[-83.14638,34.81547],[-83.13772,34.8131],[-83.1285,34.81501],[-83.12877,34.80806],[-83.12288,34.79695],[-83.11944,34.79754],[-83.1146,34.78691],[-83.10519,34.77963],[-83.10763,34.78683],[-83.09421,34.79554],[-83.08148,34.78937],[-83.0744,34.80286],[-83.06603,34.80348],[-83.05677,34.80894],[-83.05129,34.81045],[-83.04667,34.81563],[-83.0451,34.82881],[-83.05572,34.83414],[-83.0568,34.83687],[-83.06618,34.84039],[-83.07409,34.84867],[-83.07004,34.86215],[-83.06451,34.86111],[-83.06348,34.87488],[-83.05794,34.88129],[-83.05044,34.88286],[-83.04766,34.88377],[-83.04634,34.89123],[-83.04771,34.90223],[-83.04323,34.91456],[-83.03715,34.92299],[-83.03708,34.93195],[-83.02966,34.94281],[-83.02007,34.95417],[-83.02069,34.95924],[-83.03036,34.96617],[-83.02822,34.97522],[-83.03003,34.98282],[-83.02588,34.9946],[-83.02508,35.00304],[-83.02768,35.01464],[-83.0233,35.02378]]]},"properties":{"STATEFP":"45","COUNTYFP":"073","COUSUBFP":"92249","COUSUBNS":"01938354","GEOIDFQ":"0600000US4507392249","GEOID":"4507392249","NAME":"Mountain Rest","NAMELSAD":"Mountain Rest CCD","STUSPS":"SC","NAMELSADCO":"Oconee County","STATE_NAME":"South Carolina","LSAD":"22","ALAND":245840636,"AWATER":2029423}},
{"type":"Feature","geometry":{"type":"Polygon","coordinates":[[[-83.01709,34.65499],[-83.02933,34.64879],[-83.04806,34.63541],[-83.05115,34.63101],[-83.05982,34.62661],[-83.07096,34.61579],[-83.07761,34.61355],[-83.08632,34.60605],[-83.09305,34.60565],[-83.10234,34.60066],[-83.10773,34.5917],[-83.10857,34.5863],[-83.11538,34.58543],[-83.11683,34.58248],[-83.11455,34.57519],[-83.11613,34.57174],[-83.12298,34.57062],[-83.12919,34.57373],[-83.13119,34.56957],[-83.14007,34.56629],[-83.14051,34.56239],[-83.13338,34.5595],[-83.12718,34.562],[-83.1229,34.56013],[-83.12426,34.555],[-83.11721,34.55254],[-83.11025,34.54706],[-83.10862,34.54155],[-83.10345,34.53862],[-83.10285,34.53257],[-83.09256,34.53294],[-83.08485,34.53097],[-83.07793,34.52477],[-83.08686,34.5178],[-83.07984,34.51445],[-83.07737,34.50922],[-83.06945,34.50213],[-83.0658,34.50104],[-83.05784,34.50371],[-83.0531,34.50132],[-83.05348,34.49726],[-83.04358,34.48909],[-83.03336,34.48309],[-83.02931,34.48415],[-83.01526,34.47778],[-82.99919,34.47245],[-82.99222,34.47921],[-82.87331,34.59188],[-82.88303,34.59278],[-82.88954,34.6],[-82.89902,34.59451],[-82.90731,34.5959],[-82.91045,34.59891],[-82.91777,34.59909],[-82.9326,34.6053],[-82.93323,34.60283],[-82.9418,34.60228],[-82.94542,34.60462],[-82.94355,34.61038],[-82.95254,34.6183],[-82.95424,34.62365],[-82.96685,34.63066],[-82.96695,34.63361],[-82.97398,34.63555],[-82.97927,34.64188],[-82.98794,34.64425],[-82.98885,34.65035],[-82.99614,34.64931],[-82.99828,34.65259],[-83.01709,34.65499]]]},"properties":{"STATEFP":"45","COUNTYFP":"073","COUSUBFP":"92457","COUSUBNS":"01938370","GEOIDFQ":"0600000US4507392457","GEOID":"4507392457","NAME":"Oakway","NAMELSAD":"Oakway CCD","STUSPS":"SC","NAMELSADCO":"Oconee County","STATE_NAME":"South Carolina","LSAD":"22","ALAND":236467437,"AWATER":17416143}},
{"type":"Feature","geometry":{"type":"Polygon","coordinates":[[[-83.04174,34.69062],[-83.05308,34.68635],[-83.06311,34.68835],[-83.07401,34.69738],[-83.07856,34.69791],[-83.0917,34.70694],[-83.09649,34.70843],[-83.10165,34.71335],[-83.11842,34.71484],[-83.12367,34.72052],[-83.12477,34.72461],[-83.13017,34.71976],[-83.14254,34.71599],[-83.15074,34.71516],[-83.16286,34.72183],[-83.17581,34.71732],[-83.18075,34.71802],[-83.18703,34.71515],[-83.19787,34.72152],[-83.21309,34.71506],[-83.22725,34.71479],[-83.23219,34.70995],[-83.23517,34.70243],[-83.24723,34.69554],[-83.25004,34.69188],[-83.25016,34.68038],[-83.25361,34.66701],[-83.25088,34.65615],[-83.2528,34.65238],[-83.26388,34.65286],[-83.27001,34.64889],[-83.27938,34.64775],[-83.27088,34.6416],[-83.26228,34.6403],[-83.25448,34.6371],[-83.24768,34.6309],[-83.24648,34.6269],[-83.24067,34.62451],[-83.24348,34.6182],[-83.23134,34.61119],[-83.22334,34.60955],[-83.20883,34.61071],[-83.19908,34.608],[-83.19518,34.6034],[-83.18078,34.6075],[-83.16968,34.6074],[-83.16428,34.6044],[-83.17008,34.5996],[-83.16828,34.591],[-83.15458,34.5882],[-83.15918,34.581],[-83.14318,34.5734],[-83.14007,34.56629],[-83.13119,34.56957],[-83.12919,34.57373],[-83.12298,34.57062],[-83.11613,34.57174],[-83.11455,34.57519],[-83.11683,34.58248],[-83.11538,34.58543],[-83.10857,34.5863],[-83.10773,34.5917],[-83.10234,34.60066],[-83.09305,34.60565],[-83.08632,34.60605],[-83.07761,34.61355],[-83.07096,34.61579],[-83.05982,34.62661],[-83.05115,34.63101],[-83.04806,34.63541],[-83.02933,34.64879],[-83.01709,34.65499],[-83.02734,34.66541],[-83.03123,34.67215],[-83.0329,34.67928],[-83.03893,34.6794],[-83.04174,34.69062]]]},"properties":{"STATEFP":"45","COUNTYFP":"073","COUSUBFP":"93666","COUSUBNS":"01938463","GEOIDFQ":"0600000US4507393666","GEOID":"4507393666","NAME":"Westminster","NAMELSAD":"Westminster CCD","STUSPS":"SC","NAMELSADCO":"Oconee County","STATE_NAME":"South Carolina","LSAD":"22","ALAND":228313513,"AWATER":6898600}},
{"type":"Feature","geometry":{"type":"Polygon","coordinates":[[[-79.75328,34.05172],[-79.76375,34.05307],[-79.7633,34.04911],[-79.7765,34.05388],[-79.78425,34.04911],[-79.79121,34.04689],[-79.79677,34.0405],[-79.78899,34.03109],[-79.79914,34.01706],[-79.80178,34.00875],[-79.81087,34.00166],[-79.8101,33.98744],[-79.80449,33.96731],[-79.80482,33.95587],[-79.8113,33.94274],[-79.81609,33.93892],[-79.81586,33.93274],[-79.80191,33.92887],[-79.78532,33.92614],[-79.75385,33.92618],[-79.75563,33.92944],[-79.75492,33.93701],[-79.74709,33.93893],[-79.74739,33.94393],[-79.74077,33.94351],[-79.73793,33.93735],[-79.72591,33.9284],[-79.71583,33.92904],[-79.70789,33.92712],[-79.70316,33.92022],[-79.69632,33.91532],[-79.67787,33.90876],[-79.66702,33.90731],[-79.65616,33.91264],[-79.65673,33.92006],[-79.66552,33.92961],[-79.67921,33.93401],[-79.68638,33.94696],[-79.68437,33.95341],[-79.67846,33.95559],[-79.68206,33.95955],[-79.67761,33.96322],[-79.67846,33.96977],[-79.68231,33.97009],[-79.68257,33.9768],[-79.68843,33.98749],[-79.69399,33.98947],[-79.69143,33.99467],[-79.69658,33.99823],[-79.70148,34.01098],[-79.70145,34.01485],[-79.71325,34.01998],[-79.71741,34.02978],[-79.7217,34.03461],[-79.73167,34.04224],[-79.73791,34.04446],[-79.74927,34.05151],[-79.75328,34.05172]]]},"properties":{"STATEFP":"45","COUNTYFP":"041","COUSUBFP":"90780","COUSUBNS":"01938240","GEOIDFQ":"0600000US4504190780","GEOID":"4504190780","NAME":"Coward","NAMELSAD":"Coward CCD","STUSPS":"SC","NAMELSADCO":"Florence County","STATE_NAME":"South Carolina","LSAD":"22","ALAND":140225913,"AWATER":31326}},
{"type":"Feature","geometry":{"type":"Polygon","coordinates":[[[-79.75929,34.13959],[-79.77603,34.13876],[-79.78979,34.14416],[-79.79115,34.14672],[-79.80573,34.15542],[-79.81663,34.15924],[-79.82956,34.15705],[-79.84433,34.15578],[-79.85399,34.15766],[-79.85728,34.16146],[-79.8526,34.16463],[-79.85274,34.17566],[-79.87119,34.17063],[-79.87683,34.17193],[-79.88659,34.18245],[-79.90219,34.18155],[-79.91398,34.18522],[-79.94691,34.16431],[-79.93764,34.1595],[-79.9349,34.15408],[-79.91997,34.14372],[-79.91561,34.13811],[-79.91645,34.13004],[-79.90651,34.11778],[-79.89975,34.11319],[-79.88767,34.10917],[-79.88476,34.09255],[-79.88325,34.09031],[-79.88169,34.07636],[-79.87957,34.07265],[-79.86494,34.05797],[-79.86026,34.04875],[-79.84489,34.03873],[-79.83973,34.03271],[-79.84191,34.02314],[-79.8348,34.02367],[-79.82938,34.0215],[-79.82401,34.02527],[-79.8132,34.02544],[-79.81292,34.00566],[-79.81087,34.00166],[-79.80178,34.00875],[-79.79914,34.01706],[-79.78899,34.03109],[-79.79677,34.0405],[-79.79121,34.04689],[-79.78425,34.04911],[-79.7765,34.05388],[-79.7633,34.04911],[-79.76375,34.05307],[-79.75328,34.05172],[-79.75929,34.13959]]]},"properties":{"STATEFP":"45","COUNTYFP":"041","COUSUBFP":"90845","COUSUBNS":"01938245","GEOIDFQ":"0600000US4504190845","GEOID":"4504190845","NAME":"Danwood","NAMELSAD":"Danwood CCD","STUSPS":"SC","NAMELSADCO":"Florence County","STATE_NAME":"South Carolina","LSAD":"22","ALAND":179476322,"AWATER":479290}},
{"type":"Feature","geometry":{"type":"Polygon","coordinates":[[[-79.97412,34.14703],[-79.9637,34.13588],[-79.95108,34.11517],[-79.94648,34.10425],[-79.94673,34.0823],[-79.94384,34.07536],[-79.92813,34.05145],[-79.9185,34.0462],[-79.90952,34.04486],[-79.88838,34.04333],[-79.88177,34.04205],[-79.87262,34.03708],[-79.85757,34.02458],[-79.84992,34.02142],[-79.84191,34.02314],[-79.83973,34.03271],[-79.84489,34.03873],[-79.86026,34.04875],[-79.86494,34.05797],[-79.87957,34.07265],[-79.88169,34.07636],[-79.88325,34.09031],[-79.88476,34.09255],[-79.88767,34.10917],[-79.89975,34.11319],[-79.90651,34.11778],[-79.91645,34.13004],[-79.91561,34.13811],[-79.91997,34.14372],[-79.9349,34.15408],[-79.93764,34.1595],[-79.94691,34.16431],[-79.97412,34.14703]]]},"properties":{"STATEFP":"45","COUNTYFP":"041","COUSUBFP":"93406","COUSUBNS":"01938443","GEOIDFQ":"0600000US4504193406","GEOID":"4504193406","NAME":"Timmonsville","NAMELSAD":"Timmonsville CCD","STUSPS":"SC","NAMELSADCO":"Florence County","STATE_NAME":"South Carolina","LSAD":"22","ALAND":70916392,"AWATER":189685}},
{"type":"Feature","geometry":{"type":"Polygon","coordinates":[[[-80.50641,33.0588],[-80.50968,33.05726],[-80.5162,33.06082],[-80.52447,33.0615],[-80.52176,33.0517],[-80.53347,33.0357],[-80.54081,33.02397],[-80.55297,33.0133],[-80.56155,33.0078],[-80.56712,32.99797],[-80.55498,32.99084],[-80.55248,32.98743],[-80.56515,32.98101],[-80.56947,32.97654],[-80.57589,32.9743],[-80.58248,32.96213],[-80.57943,32.94739],[-80.58075,32.94037],[-80.57882,32.93721],[-80.55876,32.92607],[-80.55295,32.91844],[-80.55379,32.91173],[-80.55697,32.90515],[-80.55184,32.89436],[-80.55233,32.88478],[-80.551,32.87683],[-80.54617,32.8715],[-80.5449,32.83831],[-80.54604,32.83411],[-80.53964,32.82525],[-80.53071,32.81615],[-80.53193,32.81289],[-80.50327,32.80133],[-80.40401,32.85778],[-80.40263,32.86587],[-80.40326,32.86964],[-80.39923,32.87321],[-80.39886,32.87779],[-80.39425,32.88059],[-80.39329,32.88528],[-80.38534,32.88612],[-80.39292,32.89415],[-80.39726,32.90077],[-80.40645,32.91023],[-80.40171,32.91738],[-80.39836,32.9269],[-80.3994,32.93604],[-80.40732,32.94768],[-80.40764,32.95271],[-80.41881,32.96726],[-80.41865,32.97535],[-80.4087,32.98461],[-80.41079,32.99352],[-80.40785,32.99618],[-80.40648,33.01901],[-80.39359,33.02609],[-80.38782,33.03284],[-80.38969,33.04299],[-80.4007,33.05278],[-80.40424,33.05136],[-80.41202,33.0466],[-80.42187,33.05492],[-80.42475,33.05148],[-80.4408,33.05327],[-80.45174,33.06023],[-80.45552,33.05899],[-80.46151,33.06229],[-80.47479,33.06439],[-80.47675,33.06114],[-80.48469,33.06144],[-80.48978,33.06356],[-80.49459,33.05967],[-80.50641,33.0588]]]},"properties":{"STATEFP":"45","COUNTYFP":"029","COUSUBFP":"90767","COUSUBNS":"01938239","GEOIDFQ":"0600000US4502990767","GEOID":"4502990767","NAME":"Cottageville","NAMELSAD":"Cottageville CCD","STUSPS":"SC","NAMELSADCO":"Colleton County","STATE_NAME":"South Carolina","LSAD":"22","ALAND":365472330,"AWATER":985401}},
{"type":"Feature","geometry":{"type":"Polygon","coordinates":[[[-80.7903,33.18084],[-80.79791,33.17694],[-80.84906,33.14938],[-80.89543,33.12535],[-80.89052,33.11934],[-80.88785,33.11227],[-80.88902,33.10221],[-80.88129,33.09851],[-80.8769,33.09318],[-80.88223,33.0897],[-80.89056,33.07808],[-80.89607,33.06141],[-80.90602,33.06023],[-80.90356,33.05308],[-80.89561,33.04108],[-80.88968,33.03699],[-80.88384,33.0305],[-80.87869,33.02111],[-80.87117,33.01178],[-80.86667,33.0012],[-80.85667,33.00519],[-80.83944,33.00754],[-80.83334,33.01247],[-80.82036,33.01862],[-80.81373,33.01752],[-80.80779,33.02073],[-80.80042,33.0276],[-80.79454,33.04806],[-80.78818,33.05172],[-80.78648,33.05551],[-80.77925,33.05876],[-80.7753,33.06428],[-80.77594,33.07209],[-80.7716,33.07496],[-80.7678,33.08308],[-80.77067,33.0853],[-80.76967,33.09122],[-80.76025,33.09356],[-80.75208,33.09902],[-80.74068,33.10467],[-80.72171,33.10712],[-80.70499,33.11299],[-80.70145,33.11891],[-80.69369,33.12318],[-80.68502,33.125],[-80.69173,33.12813],[-80.6935,33.13237],[-80.69165,33.13752],[-80.69451,33.14076],[-80.70301,33.1444],[-80.70617,33.1499],[-80.70306,33.15249],[-80.71319,33.15677],[-80.73742,33.17037],[-80.74374,33.16819],[-80.7475,33.17222],[-80.75347,33.17424],[-80.76334,33.17365],[-80.772,33.17156],[-80.77908,33.17677],[-80.78676,33.1751],[-80.7903,33.18084]]]},"properties":{"STATEFP":"45","COUNTYFP":"029","COUSUBFP":"93172","COUSUBNS":"01938425","GEOIDFQ":"0600000US4502993172","GEOID":"4502993172","NAME":"Smoaks","NAMELSAD":"Smoaks CCD","STUSPS":"SC","NAMELSADCO":"Colleton County","STATE_NAME":"South Carolina","LSAD":"22","ALAND":212488673,"AWATER":429511}},
{"type":"Feature","geometry":{"type":"Polygon","coordinates":[[[-79.09679,33.60035],[-79.09872,33.59652],[-79.09829,33.58786],[-79.10218,33.58167],[-79.10107,33.57297],[-79.0874,33.57291],[-79.08652,33.57127],[-79.00178,33.57268],[-78.95726,33.62083],[-78.93843,33.64002],[-78.91406,33.66162],[-78.8862,33.6842],[-78.87999,33.69122],[-78.86663,33.70303],[-78.8438,33.72133],[-78.82263,33.73719],[-78.79579,33.75506],[-78.7717,33.76955],[-78.77544,33.77748],[-78.77034,33.78353],[-78.77196,33.78828],[-78.76869,33.79393],[-78.77282,33.79224],[-78.82695,33.75971],[-78.86682,33.74181],[-78.91644,33.71896],[-78.94422,33.69783],[-78.95573,33.69493],[-78.97279,33.6999],[-78.97909,33.70028],[-79.00831,33.68517],[-79.01921,33.68237],[-79.04072,33.6847],[-79.05283,33.68044],[-79.06008,33.67079],[-79.06232,33.66724],[-79.07603,33.66181],[-79.07873,33.65821],[-79.0896,33.65671],[-79.09422,33.65244],[-79.09322,33.64553],[-79.09641,33.6283],[-79.09983,33.62154],[-79.09248,33.61813],[-79.08913,33.61328],[-79.09154,33.61045],[-79.09028,33.6036],[-79.09679,33.60035]]]},"properties":{"STATEFP":"45","COUNTYFP":"051","COUSUBFP":"92327","COUSUBNS":"01938360","GEOIDFQ":"0600000US4505192327","GEOID":"4505192327","NAME":"Myrtle Beach","NAMELSAD":"Myrtle Beach CCD","STUSPS":"SC","NAMELSADCO":"Horry County","STATE_NAME":"South Carolina","LSAD":"22","ALAND":219500259,"AWATER":157679250}},
{"type":"Feature","geometry":{"type":"Polygon","coordinates":[[[-82.84857,34.42322],[-82.84745,34.41205],[-82.84145,34.39897],[-82.84136,34.39014],[-82.83598,34.38091],[-82.83481,34.3663],[-82.8249,34.36041],[-82.79875,34.3419],[-82.7947,34.34058],[-82.79123,34.33105],[-82.79128,34.32483],[-82.78257,34.32936],[-82.76031,34.33862],[-82.74033,34.34768],[-82.73366,34.34057],[-82.71499,34.33548],[-82.70594,34.33647],[-82.6861,34.3346],[-82.68798,34.33977],[-82.68331,34.3516],[-82.67152,34.3503],[-82.6642,34.36251],[-82.66445,34.36833],[-82.6545,34.37504],[-82.64565,34.38775],[-82.65607,34.39095],[-82.67223,34.39373],[-82.6851,34.3972],[-82.68815,34.40011],[-82.68553,34.4059],[-82.67465,34.41863],[-82.66256,34.43028],[-82.66243,34.43736],[-82.66803,34.44571],[-82.68313,34.44039],[-82.69379,34.44676],[-82.70336,34.45548],[-82.71076,34.45577],[-82.71947,34.45368],[-82.72666,34.45765],[-82.73172,34.45319],[-82.7412,34.46188],[-82.75804,34.46919],[-82.7752,34.47077],[-82.78744,34.47712],[-82.7867,34.45921],[-82.79464,34.45176],[-82.79506,34.44292],[-82.81009,34.44088],[-82.8287,34.43604],[-82.84857,34.42322]]]},"properties":{"STATEFP":"45","COUNTYFP":"007","COUSUBFP":"93224","COUSUBNS":"01938429","GEOIDFQ":"0600000US4500793224","GEOID":"4500793224","NAME":"Starr","NAMELSAD":"Starr CCD","STUSPS":"SC","NAMELSADCO":"Anderson County","STATE_NAME":"South Carolina","LSAD":"22","ALAND":174735747,"AWATER":19486845}},
{"type":"Feature","geometry":{"type":"Polygon","coordinates":[[[-82.32532,34.7288],[-82.32156,34.72778],[-82.30714,34.69855],[-82.29825,34.69199],[-82.30554,34.68366],[-82.30594,34.67591],[-82.30318,34.66852],[-82.30565,34.66174],[-82.30489,34.65697],[-82.29873,34.65337],[-82.29549,34.65786],[-82.28816,34.6607],[-82.27502,34.66211],[-82.25885,34.67269],[-82.25304,34.68481],[-82.24657,34.68472],[-82.24426,34.70457],[-82.23507,34.70575],[-82.23209,34.70897],[-82.22626,34.70895],[-82.21587,34.71456],[-82.22159,34.72889],[-82.21139,34.73207],[-82.19684,34.72838],[-82.19275,34.72305],[-82.17784,34.71876],[-82.14559,34.78521],[-82.15132,34.78181],[-82.15419,34.78456],[-82.16053,34.78701],[-82.17146,34.78182],[-82.17575,34.78674],[-82.18664,34.78593],[-82.19281,34.78863],[-82.20163,34.78944],[-82.20762,34.79353],[-82.21923,34.78828],[-82.22377,34.79422],[-82.2345,34.79491],[-82.25618,34.7874],[-82.26515,34.78685],[-82.26922,34.78232],[-82.27688,34.77949],[-82.27345,34.77564],[-82.27412,34.76886],[-82.28167,34.76156],[-82.28613,34.75397],[-82.29535,34.76448],[-82.30374,34.75436],[-82.30523,34.74575],[-82.31185,34.74199],[-82.3172,34.73542],[-82.32532,34.7288]]]},"properties":{"STATEFP":"45","COUNTYFP":"045","COUSUBFP":"93133","COUSUBNS":"01938422","GEOIDFQ":"0600000US4504593133","GEOID":"4504593133","NAME":"Simpsonville","NAMELSAD":"Simpsonville CCD","STUSPS":"SC","NAMELSADCO":"Greenville County","STATE_NAME":"South Carolina","LSAD":"22","ALAND":127734206,"AWATER":1002196}},
{"type":"Feature","geometry":{"type":"Polygon","coordinates":[[[-80.63448,34.68843],[-80.62509,34.70538],[-80.61923,34.72048],[-80.62525,34.73624],[-80.6267,34.75071],[-80.63002,34.75837],[-80.62862,34.76835],[-80.63414,34.78188],[-80.63366,34.79817],[-80.63086,34.80985],[-80.62629,34.81822],[-80.64466,34.81857],[-80.79754,34.81979],[-80.79633,34.82885],[-80.80258,34.82649],[-80.80573,34.8323],[-80.81065,34.82736],[-80.81966,34.82717],[-80.8335,34.8228],[-80.83585,34.82631],[-80.84385,34.8266],[-80.85311,34.82283],[-80.86061,34.80887],[-80.86639,34.80527],[-80.87073,34.79925],[-80.87353,34.78824],[-80.87591,34.78519],[-80.8744,34.76342],[-80.87838,34.75908],[-80.8777,34.74389],[-80.8749,34.73828],[-80.87457,34.73154],[-80.86882,34.72318],[-80.86894,34.7166],[-80.86643,34.70663],[-80.85986,34.70023],[-80.86045,34.69574],[-80.87698,34.68291],[-80.88064,34.67397],[-80.88857,34.6686],[-80.8866,34.65704],[-80.88751,34.6526],[-80.895,34.6417],[-80.89651,34.63178],[-80.88931,34.61819],[-80.89004,34.60782],[-80.89219,34.59805],[-80.88318,34.58841],[-80.88241,34.58472],[-80.86801,34.59325],[-80.8645,34.5965],[-80.84899,34.59806],[-80.84414,34.6011],[-80.84073,34.61377],[-80.83298,34.61535],[-80.82651,34.62428],[-80.83009,34.62789],[-80.82273,34.6345],[-80.82439,34.6419],[-80.81874,34.64558],[-80.81148,34.64394],[-80.80229,34.64493],[-80.79466,34.63694],[-80.78175,34.6378],[-80.77067,34.64185],[-80.76616,34.65112],[-80.75989,34.64953],[-80.75247,34.65054],[-80.74011,34.64892],[-80.7277,34.65217],[-80.70984,34.66136],[-80.69737,34.66565],[-80.69133,34.66592],[-80.68264,34.66243],[-80.66936,34.66538],[-80.65912,34.65995],[-80.65321,34.65857],[-80.65106,34.66299],[-80.64246,34.67168],[-80.64023,34.67883],[-80.63448,34.68843]]]},"properties":{"STATEFP":"45","COUNTYFP":"057","COUSUBFP":"91859","COUSUBNS":"01938324","GEOIDFQ":"0600000US4505791859","GEOID":"4505791859","NAME":"Lancaster","NAMELSAD":"Lancaster CCD","STUSPS":"SC","NAMELSADCO":"Lancaster County","STATE_NAME":"South Carolina","LSAD":"22","ALAND":439477582,"AWATER":8709517}},
{"type":"Feature","geometry":{"type":"Polygon","coordinates":[[[-81.79982,33.85543],[-81.77662,33.84599],[-81.65176,33.81451],[-81.57913,33.87135],[-81.57766,33.88597],[-81.59219,33.8941],[-81.60027,33.89288],[-81.61192,33.89472],[-81.61412,33.90242],[-81.6126,33.90967],[-81.61582,33.92499],[-81.61228,33.93842],[-81.61504,33.94352],[-81.61412,33.94756],[-81.62101,33.95211],[-81.62125,33.95537],[-81.6295,33.96938],[-81.63411,33.97498],[-81.64054,33.97512],[-81.65211,33.97934],[-81.67329,33.9628],[-81.68873,33.95349],[-81.69544,33.95238],[-81.70836,33.93947],[-81.71498,33.9357],[-81.72887,33.93014],[-81.73782,33.93264],[-81.74485,33.93827],[-81.75556,33.94914],[-81.75859,33.93693],[-81.76488,33.93301],[-81.76797,33.92819],[-81.765,33.92361],[-81.77302,33.91558],[-81.77359,33.91122],[-81.78031,33.90121],[-81.79187,33.89486],[-81.79288,33.8883],[-81.7966,33.88149],[-81.79808,33.86756],[-81.79413,33.86399],[-81.79982,33.85543]]]},"properties":{"STATEFP":"45","COUNTYFP":"081","COUSUBFP":"92847","COUSUBNS":"01938400","GEOIDFQ":"0600000US4508192847","GEOID":"4508192847","NAME":"Ridge Spring","NAMELSAD":"Ridge Spring CCD","STUSPS":"SC","NAMELSADCO":"Saluda County","STATE_NAME":"South Carolina","LSAD":"22","ALAND":221986928,"AWATER":1215242}},
{"type":"Feature","geometry":{"type":"Polygon","coordinates":[[[-80.24323,34.32446],[-80.2063,34.33906],[-80.1913,34.36669],[-80.18512,34.36794],[-80.17723,34.3662],[-80.17504,34.32627],[-80.1722,34.32432],[-80.16891,34.31463],[-80.16419,34.31166],[-80.16457,34.30589],[-80.15398,34.2981],[-80.14716,34.29024],[-80.13541,34.28455],[-80.13247,34.27745],[-80.13582,34.27246],[-80.12316,34.25346],[-80.12479,34.25109],[-80.11724,34.23776],[-80.11833,34.24723],[-80.10942,34.25732],[-80.10507,34.26449],[-80.09962,34.26641],[-80.09562,34.27316],[-80.08336,34.27169],[-80.06763,34.27898],[-80.02804,34.2803],[-80.02391,34.27619],[-80.02405,34.26941],[-80.01389,34.26115],[-80.00375,34.25961],[-79.99813,34.25488],[-79.99356,34.24679],[-79.98362,34.24436],[-79.98437,34.24762],[-79.98134,34.26405],[-79.97766,34.26977],[-79.97638,34.29532],[-79.97108,34.30745],[-79.9755,34.31487],[-79.97527,34.32037],[-79.96819,34.33117],[-79.97149,34.34702],[-79.97105,34.35023],[-79.9753,34.36038],[-79.97309,34.3687],[-79.98215,34.38711],[-79.98202,34.401],[-79.9857,34.40749],[-79.99088,34.40185],[-79.99931,34.39975],[-80.0057,34.39567],[-80.01538,34.39381],[-80.02408,34.39057],[-80.0388,34.39339],[-80.05494,34.38998],[-80.06292,34.38669],[-80.07871,34.38597],[-80.08427,34.37906],[-80.09236,34.37365],[-80.10758,34.37072],[-80.11919,34.36735],[-80.12523,34.3723],[-80.14152,34.37471],[-80.1516,34.38175],[-80.15884,34.38365],[-80.17478,34.37963],[-80.18586,34.38826],[-80.19445,34.39351],[-80.19967,34.40129],[-80.19828,34.4069],[-80.20217,34.41134],[-80.24903,34.38716],[-80.2886,34.36621],[-80.28869,34.36414],[-80.27658,34.35218],[-80.2678,34.34938],[-80.2654,34.34464],[-80.25864,34.34124],[-80.25287,34.34071],[-80.24536,34.3312],[-80.24323,34.32446]]]},"properties":{"STATEFP":"45","COUNTYFP":"031","COUSUBFP":"91469","COUSUBNS":"01938293","GEOIDFQ":"0600000US4503191469","GEOID":"4503191469","NAME":"Hartsville","NAMELSAD":"Hartsville CCD","STUSPS":"SC","NAMELSADCO":"Darlington County","STATE_NAME":"South Carolina","LSAD":"22","ALAND":278824396,"AWATER":994024}},
{"type":"Feature","geometry":{"type":"Polygon","coordinates":[[[-82.04873,34.97995],[-82.05784,34.97879],[-82.06366,34.98042],[-82.07452,34.98617],[-82.08518,34.98343],[-82.09401,34.98461],[-82.10255,34.99175],[-82.1162,34.99815],[-82.12767,34.99914],[-82.14114,35.01262],[-82.14773,35.02166],[-82.14977,35.02727],[-82.15918,35.02939],[-82.17081,35.02985],[-82.17824,35.0276],[-82.18948,35.02723],[-82.19345,35.02572],[-82.20164,35.02664],[-82.20624,35.01537],[-82.20195,35.01203],[-82.20158,35.00704],[-82.19453,35.00137],[-82.19481,34.98604],[-82.1917,34.97256],[-82.18507,34.97292],[-82.17505,34.96246],[-82.17427,34.95752],[-82.18001,34.95255],[-82.1779,34.9479],[-82.17071,34.94644],[-82.16139,34.94172],[-82.16069,34.93524],[-82.1458,34.92505],[-82.12593,34.91957],[-82.11977,34.91357],[-82.12275,34.90821],[-82.11797,34.90355],[-82.10853,34.90686],[-82.10367,34.91053],[-82.09978,34.90646],[-82.0874,34.90826],[-82.08425,34.91137],[-82.08054,34.92154],[-82.07789,34.92413],[-82.08204,34.93141],[-82.07538,34.9393],[-82.06393,34.93715],[-82.04959,34.94011],[-82.04212,34.93943],[-82.04585,34.95158],[-82.04572,34.96295],[-82.04375,34.96755],[-82.04873,34.97995]]]},"properties":{"STATEFP":"45","COUNTYFP":"083","COUSUBFP":"93640","COUSUBNS":"01938461","GEOIDFQ":"0600000US4508393640","GEOID":"4508393640","NAME":"Wellford","NAMELSAD":"Wellford CCD","STUSPS":"SC","NAMELSADCO":"Spartanburg County","STATE_NAME":"South Carolina","LSAD":"22","ALAND":108976662,"AWATER":1836915}},
{"type":"Feature","geometry":{"type":"Polygon","coordinates":[[[-82.74515,34.81097],[-82.75028,34.80516],[-82.749,34.79957],[-82.75648,34.7911],[-82.75467,34.78375],[-82.75772,34.78018],[-82.75068,34.7676],[-82.75254,34.76255],[-82.73075,34.75806],[-82.72812,34.75617],[-82.73074,34.74377],[-82.72698,34.73257],[-82.72976,34.72773],[-82.73717,34.72386],[-82.73047,34.71048],[-82.72306,34.70424],[-82.63059,34.74921],[-82.62973,34.75928],[-82.63522,34.7697],[-82.63204,34.78326],[-82.643,34.7897],[-82.64779,34.78967],[-82.65084,34.79414],[-82.64626,34.79683],[-82.64864,34.8007],[-82.65444,34.80293],[-82.65082,34.81066],[-82.65714,34.81158],[-82.6601,34.81944],[-82.65891,34.82403],[-82.66131,34.83147],[-82.66944,34.84486],[-82.67512,34.84647],[-82.68124,34.85138],[-82.68169,34.84885],[-82.69487,34.84144],[-82.70421,34.83861],[-82.71153,34.84149],[-82.71898,34.83633],[-82.72374,34.83641],[-82.72585,34.83081],[-82.72141,34.82537],[-82.72394,34.81884],[-82.73735,34.81717],[-82.73991,34.81189],[-82.74515,34.81097]]]},"properties":{"STATEFP":"45","COUNTYFP":"077","COUSUBFP":"91950","COUSUBNS":"01938331","GEOIDFQ":"0600000US4507791950","GEOID":"4507791950","NAME":"Liberty","NAMELSAD":"Liberty CCD","STUSPS":"SC","NAMELSADCO":"Pickens County","STATE_NAME":"South Carolina","LSAD":"22","ALAND":113692012,"AWATER":602669}},
{"type":"Feature","geometry":{"type":"Polygon","coordinates":[[[-80.62533,33.86681],[-80.63077,33.8572],[-80.6328,33.85031],[-80.62665,33.84163],[-80.61907,33.83931],[-80.61607,33.83433],[-80.62029,33.83103],[-80.61681,33.82689],[-80.61745,33.82109],[-80.61508,33.81601],[-80.60642,33.80869],[-80.60419,33.80044],[-80.60094,33.79986],[-80.60066,33.78289],[-80.59771,33.77751],[-80.60568,33.77177],[-80.60428,33.7668],[-80.6111,33.7515],[-80.61943,33.74856],[-80.62011,33.74324],[-80.62876,33.74018],[-80.62447,33.73456],[-80.62755,33.731],[-80.61647,33.7195],[-80.61526,33.71184],[-80.60763,33.70907],[-80.60162,33.70267],[-80.59414,33.70242],[-80.59258,33.69899],[-80.5966,33.69504],[-80.59026,33.68484],[-80.58513,33.68171],[-80.57411,33.67899],[-80.56236,33.6784],[-80.56051,33.67154],[-80.56538,33.66608],[-80.56248,33.663],[-80.55394,33.66118],[-80.55369,33.65654],[-80.54596,33.64875],[-80.53408,33.64391],[-80.51252,33.66032],[-80.50156,33.67003],[-80.49759,33.67432],[-80.4911,33.6938],[-80.47844,33.71426],[-80.46858,33.73097],[-80.46797,33.7404],[-80.47115,33.7474],[-80.478,33.75606],[-80.48138,33.7682],[-80.47106,33.76746],[-80.46757,33.76561],[-80.45665,33.76446],[-80.44748,33.76613],[-80.44167,33.77604],[-80.44088,33.78284],[-80.43546,33.78641],[-80.40929,33.83005],[-80.41793,33.82913],[-80.42718,33.83637],[-80.44556,33.83368],[-80.46925,33.83421],[-80.46314,33.85004],[-80.46556,33.85961],[-80.47075,33.86902],[-80.4704,33.87474],[-80.46517,33.88003],[-80.45018,33.87693],[-80.4428,33.87891],[-80.44671,33.88602],[-80.45008,33.90172],[-80.49572,33.89563],[-80.53437,33.89111],[-80.5542,33.88489],[-80.62533,33.86681]]]},"properties":{"STATEFP":"45","COUNTYFP":"085","COUSUBFP":"93341","COUSUBNS":"01938438","GEOIDFQ":"0600000US4508593341","GEOID":"4508593341","NAME":"Sumter Southwest","NAMELSAD":"Sumter Southwest CCD","STUSPS":"SC","NAMELSADCO":"Sumter County","STATE_NAME":"South Carolina","LSAD":"22","ALAND":309018613,"AWATER":35551690}},
{"type":"Feature","geometry":{"type":"Polygon","coordinates":[[[-82.10843,34.41425],[-82.10422,34.41054],[-82.10715,34.40657],[-82.10308,34.39253],[-82.10518,34.38873],[-82.10255,34.38213],[-82.1049,34.37512],[-82.10153,34.37225],[-82.10071,34.35823],[-82.10268,34.35179],[-82.10179,34.34428],[-82.09683,34.33681],[-82.0831,34.32727],[-82.07973,34.32204],[-82.08139,34.31446],[-82.08839,34.30642],[-82.08972,34.30158],[-82.08367,34.29924],[-82.07592,34.29339],[-82.07275,34.28848],[-82.05159,34.27418],[-82.05075,34.2687],[-82.04245,34.26453],[-82.03113,34.26236],[-82.02566,34.25863],[-82.01692,34.24715],[-82.00718,34.24152],[-81.99626,34.24311],[-81.98503,34.23868],[-81.97837,34.23811],[-81.97924,34.23236],[-81.9727,34.22646],[-81.97108,34.22216],[-81.96069,34.21854],[-81.95266,34.21099],[-81.95074,34.20678],[-81.94502,34.20315],[-81.94196,34.20859],[-81.93472,34.21539],[-81.92673,34.21972],[-81.92378,34.23089],[-81.91135,34.24635],[-81.90923,34.25559],[-81.9032,34.26329],[-81.90346,34.27347],[-81.89577,34.29585],[-81.89533,34.3005],[-81.88815,34.30485],[-81.88308,34.31196],[-81.87262,34.31203],[-81.86972,34.31411],[-81.86831,34.31824],[-81.87083,34.32922],[-81.88034,34.3351],[-81.87945,34.34124],[-81.88743,34.34202],[-81.89342,34.35032],[-81.89978,34.35361],[-81.90172,34.35808],[-81.90894,34.36255],[-81.91805,34.37052],[-81.92186,34.37178],[-81.93263,34.38594],[-81.93932,34.3869],[-81.94321,34.39089],[-81.94763,34.38347],[-81.95466,34.37629],[-81.96266,34.3839],[-81.96399,34.38766],[-81.97662,34.39847],[-81.98322,34.40044],[-81.99449,34.39766],[-82.00443,34.39672],[-82.01258,34.39998],[-82.02286,34.40666],[-82.03524,34.41884],[-82.04216,34.41591],[-82.04743,34.41995],[-82.05236,34.41345],[-82.05956,34.41102],[-82.07637,34.41368],[-82.08176,34.41154],[-82.10282,34.41582],[-82.10843,34.41425]]]},"properties":{"STATEFP":"45","COUNTYFP":"059","COUSUBFP":"90819","COUSUBNS":"01938243","GEOIDFQ":"0600000US4505990819","GEOID":"4505990819","NAME":"Cross Hill","NAMELSAD":"Cross Hill CCD","STUSPS":"SC","NAMELSADCO":"Laurens County","STATE_NAME":"South Carolina","LSAD":"22","ALAND":293268249,"AWATER":13238172}},
{"type":"Feature","geometry":{"type":"Polygon","coordinates":[[[-80.66085,32.50877],[-80.68057,32.50167],[-80.67984,32.49788],[-80.68904,32.49209],[-80.68654,32.48767],[-80.69199,32.48223],[-80.69127,32.46708],[-80.68815,32.45833],[-80.68521,32.45496],[-80.66733,32.4536],[-80.65889,32.43744],[-80.66319,32.42932],[-80.66658,32.42759],[-80.67692,32.4284],[-80.6826,32.42598],[-80.68525,32.41878],[-80.68183,32.41353],[-80.67229,32.40859],[-80.67246,32.4011],[-80.67635,32.3928],[-80.67319,32.38288],[-80.67803,32.37103],[-80.67654,32.36288],[-80.6592,32.34017],[-80.65224,32.31989],[-80.65271,32.30131],[-80.6543,32.29407],[-80.64479,32.2915],[-80.64526,32.28808],[-80.64301,32.27281],[-80.64646,32.26507],[-80.64539,32.26085],[-80.63297,32.25693],[-80.62369,32.25806],[-80.61984,32.26226],[-80.60902,32.26789],[-80.60641,32.27251],[-80.58846,32.28266],[-80.57624,32.27528],[-80.56326,32.28072],[-80.54864,32.2856],[-80.54447,32.29032],[-80.53877,32.29028],[-80.52137,32.29961],[-80.50388,32.30749],[-80.49938,32.30614],[-80.47857,32.31463],[-80.45969,32.32074],[-80.4533,32.32191],[-80.45506,32.32679],[-80.46272,32.33342],[-80.46364,32.34011],[-80.454,32.33927],[-80.44421,32.35493],[-80.44014,32.36786],[-80.42929,32.38967],[-80.4283,32.39932],[-80.42922,32.40555],[-80.43556,32.41246],[-80.4575,32.41026],[-80.46153,32.41289],[-80.46759,32.42526],[-80.46964,32.43376],[-80.47941,32.44575],[-80.48462,32.46098],[-80.47688,32.46791],[-80.4813,32.47559],[-80.47704,32.48545],[-80.48644,32.4879],[-80.50294,32.49565],[-80.50797,32.50521],[-80.51692,32.50389],[-80.54084,32.50365],[-80.55383,32.50128],[-80.56644,32.49447],[-80.58619,32.49213],[-80.59381,32.49441],[-80.60895,32.50491],[-80.62109,32.50995],[-80.6296,32.51023],[-80.63784,32.50686],[-80.65328,32.50634],[-80.66085,32.50877]]]},"properties":{"STATEFP":"45","COUNTYFP":"013","COUSUBFP":"92927","COUSUBNS":"01938406","GEOIDFQ":"0600000US4501392927","GEOID":"4501392927","NAME":"St. Helena Island","NAMELSAD":"St. Helena Island CCD","STUSPS":"SC","NAMELSADCO":"Beaufort County","STATE_NAME":"South Carolina","LSAD":"22","ALAND":362266372,"AWATER":456230379}},
{"type":"Feature","geometry":{"type":"Polygon","coordinates":[[[-80.28869,34.36414],[-80.2886,34.36621],[-80.28898,34.37036],[-80.28396,34.37772],[-80.28784,34.38281],[-80.28487,34.38613],[-80.28588,34.39407],[-80.29581,34.39492],[-80.30228,34.40126],[-80.30296,34.41089],[-80.31037,34.41492],[-80.31158,34.42325],[-80.32084,34.42636],[-80.3256,34.43587],[-80.32628,34.44211],[-80.32273,34.44889],[-80.32897,34.45906],[-80.3274,34.47317],[-80.32946,34.4853],[-80.32759,34.49776],[-80.33581,34.51057],[-80.34281,34.51279],[-80.35228,34.52043],[-80.35477,34.53113],[-80.35887,34.53636],[-80.36367,34.53882],[-80.37239,34.53544],[-80.37524,34.52994],[-80.38622,34.51984],[-80.39214,34.51621],[-80.40599,34.51119],[-80.41154,34.50218],[-80.42315,34.49193],[-80.42793,34.4831],[-80.43541,34.4728],[-80.44337,34.46464],[-80.45132,34.44866],[-80.45436,34.43741],[-80.45311,34.42654],[-80.45519,34.42244],[-80.45541,34.41218],[-80.46568,34.39511],[-80.47457,34.38547],[-80.46383,34.37858],[-80.45215,34.37357],[-80.44602,34.37254],[-80.4352,34.36361],[-80.43518,34.35723],[-80.43218,34.34789],[-80.43375,34.32995],[-80.43936,34.31752],[-80.43657,34.30083],[-80.4334,34.2922],[-80.43346,34.28693],[-80.42048,34.29307],[-80.40092,34.2952],[-80.39225,34.30099],[-80.382,34.30519],[-80.3741,34.30376],[-80.36292,34.30432],[-80.35303,34.30333],[-80.35417,34.31212],[-80.36208,34.32151],[-80.36577,34.32815],[-80.36376,34.33955],[-80.34371,34.33953],[-80.33214,34.33831],[-80.32511,34.33929],[-80.32613,34.34423],[-80.28869,34.36414]]]},"properties":{"STATEFP":"45","COUNTYFP":"055","COUSUBFP":"90247","COUSUBNS":"01938199","GEOIDFQ":"0600000US4505590247","GEOID":"4505590247","NAME":"Bethune","NAMELSAD":"Bethune CCD","STUSPS":"SC","NAMELSADCO":"Kershaw County","STATE_NAME":"South Carolina","LSAD":"22","ALAND":268562469,"AWATER":463065}},
{"type":"Feature","geometry":{"type":"Polygon","coordinates":[[[-80.45008,33.90172],[-80.44671,33.88602],[-80.4428,33.87891],[-80.42341,33.88036],[-80.40859,33.87815],[-80.39132,33.87827],[-80.38397,33.87618],[-80.3619,33.87904],[-80.34578,33.8728],[-80.3408,33.86733],[-80.32816,33.88035],[-80.32255,33.89403],[-80.3188,33.88897],[-80.31077,33.89182],[-80.31614,33.89524],[-80.31657,33.90195],[-80.29186,33.9006],[-80.29557,33.90577],[-80.29171,33.91117],[-80.28746,33.91247],[-80.27642,33.9207],[-80.27559,33.92564],[-80.27064,33.93304],[-80.25383,33.94007],[-80.24449,33.93512],[-80.23734,33.93327],[-80.24263,33.94536],[-80.24667,33.94724],[-80.24645,33.95266],[-80.25686,33.95982],[-80.26458,33.96039],[-80.26963,33.96282],[-80.27678,33.96216],[-80.29369,33.96605],[-80.30551,33.96305],[-80.30983,33.96468],[-80.31593,33.97714],[-80.3269,33.98492],[-80.34057,33.97021],[-80.36214,33.96783],[-80.38366,33.95684],[-80.39324,33.95748],[-80.39447,33.95113],[-80.39842,33.9451],[-80.41573,33.95061],[-80.42082,33.94772],[-80.42027,33.9372],[-80.43724,33.93732],[-80.44207,33.93537],[-80.42528,33.92076],[-80.42113,33.91297],[-80.42908,33.91293],[-80.45008,33.90172]]]},"properties":{"STATEFP":"45","COUNTYFP":"085","COUSUBFP":"93289","COUSUBNS":"01938434","GEOIDFQ":"0600000US4508593289","GEOID":"4508593289","NAME":"Sumter","NAMELSAD":"Sumter CCD","STUSPS":"SC","NAMELSADCO":"Sumter County","STATE_NAME":"South Carolina","LSAD":"22","ALAND":133357528,"AWATER":775470}},
{"type":"Feature","geometry":{"type":"Polygon","coordinates":[[[-81.50251,33.56654],[-81.50702,33.57248],[-81.51446,33.57486],[-81.52339,33.58566],[-81.52849,33.5879],[-81.53738,33.59551],[-81.54251,33.60193],[-81.54387,33.60793],[-81.55406,33.6176],[-81.55482,33.62748],[-81.56211,33.63615],[-81.57293,33.6541],[-81.57293,33.65765],[-81.57901,33.66317],[-81.586,33.66489],[-81.58896,33.6688],[-81.60244,33.67698],[-81.60233,33.68545],[-81.60543,33.68967],[-81.6158,33.69557],[-81.62523,33.7056],[-81.63421,33.70707],[-81.63569,33.712],[-81.64572,33.71844],[-81.64604,33.72204],[-81.65627,33.72765],[-81.66375,33.73503],[-81.66353,33.74106],[-81.67636,33.74617],[-81.69062,33.75809],[-81.68985,33.76187],[-81.6989,33.76602],[-81.70379,33.77374],[-81.77837,33.71527],[-81.76916,33.71065],[-81.75971,33.70364],[-81.7565,33.69806],[-81.74521,33.69215],[-81.74139,33.68615],[-81.72777,33.6753],[-81.72313,33.6635],[-81.71591,33.65531],[-81.71955,33.65189],[-81.71924,33.64229],[-81.71236,33.63453],[-81.70945,33.62802],[-81.70237,33.6185],[-81.69143,33.60711],[-81.67955,33.60396],[-81.6588,33.59342],[-81.64851,33.59161],[-81.63814,33.58205],[-81.618,33.58285],[-81.60946,33.58153],[-81.60323,33.57685],[-81.5973,33.57025],[-81.58512,33.56616],[-81.57968,33.56183],[-81.57182,33.56006],[-81.56651,33.55595],[-81.56197,33.5576],[-81.55669,33.55576],[-81.54824,33.5573],[-81.53168,33.56435],[-81.50788,33.56475],[-81.50251,33.56654]]]},"properties":{"STATEFP":"45","COUNTYFP":"003","COUSUBFP":"90028","COUSUBNS":"01938257","GEOIDFQ":"0600000US4500390028","GEOID":"4500390028","NAME":"Aiken Northeast","NAMELSAD":"Aiken Northeast CCD","STUSPS":"SC","NAMELSADCO":"Aiken County","STATE_NAME":"South Carolina","LSAD":"22","ALAND":248611848,"AWATER":1657406}},
{"type":"Feature","geometry":{"type":"Polygon","coordinates":[[[-81.49623,34.02777],[-81.50237,34.01596],[-81.53866,33.94359],[-81.57149,33.87732],[-81.566,33.86736],[-81.56107,33.86281],[-81.55129,33.86077],[-81.5407,33.85183],[-81.54234,33.84664],[-81.5345,33.83783],[-81.53167,33.8309],[-81.52576,33.82871],[-81.51972,33.82384],[-81.51503,33.81311],[-81.50612,33.81129],[-81.50488,33.80805],[-81.49302,33.80944],[-81.48955,33.80465],[-81.48395,33.80177],[-81.47714,33.80154],[-81.46405,33.79705],[-81.46056,33.79725],[-81.45746,33.80317],[-81.45743,33.81769],[-81.45603,33.82266],[-81.457,33.83124],[-81.45573,33.84043],[-81.45989,33.84668],[-81.46472,33.84918],[-81.46888,33.86168],[-81.46758,33.87135],[-81.47379,33.87967],[-81.46951,33.88307],[-81.46545,33.8924],[-81.46153,33.89368],[-81.46038,33.90639],[-81.45763,33.91987],[-81.46742,33.93701],[-81.46001,33.93899],[-81.45502,33.94404],[-81.44925,33.95504],[-81.44715,33.97023],[-81.45357,33.98309],[-81.46397,33.99092],[-81.4739,34.00586],[-81.48267,34.01661],[-81.49623,34.02777]]]},"properties":{"STATEFP":"45","COUNTYFP":"063","COUSUBFP":"90169","COUSUBNS":"01938192","GEOIDFQ":"0600000US4506390169","GEOID":"4506390169","NAME":"Batesburg-Leesville","NAMELSAD":"Batesburg-Leesville CCD","STUSPS":"SC","NAMELSADCO":"Lexington County","STATE_NAME":"South Carolina","LSAD":"22","ALAND":166130412,"AWATER":1091762}},
{"type":"Feature","geometry":{"type":"Polygon","coordinates":[[[-80.88241,34.58472],[-80.88318,34.58841],[-80.89219,34.59805],[-80.89004,34.60782],[-80.88931,34.61819],[-80.89651,34.63178],[-80.895,34.6417],[-80.88751,34.6526],[-80.8866,34.65704],[-80.89454,34.65655],[-80.8956,34.65955],[-80.90263,34.6607],[-80.90623,34.64508],[-80.9183,34.64611],[-80.92139,34.63869],[-80.92763,34.64058],[-80.93479,34.64643],[-80.93033,34.65835],[-80.9322,34.66404],[-80.93724,34.66326],[-80.94263,34.6671],[-80.94042,34.6737],[-80.9369,34.67656],[-80.93945,34.6841],[-80.93967,34.69072],[-80.97081,34.69654],[-80.97179,34.6893],[-80.99114,34.67538],[-80.9975,34.6742],[-81.00712,34.67546],[-81.01568,34.67381],[-81.02064,34.68397],[-81.03129,34.6781],[-81.03347,34.67013],[-81.03792,34.6665],[-81.04259,34.65733],[-81.05447,34.64352],[-81.05862,34.63265],[-81.06389,34.62579],[-81.07316,34.62528],[-81.07442,34.62242],[-81.06883,34.61779],[-81.07516,34.61232],[-81.08055,34.59807],[-81.08069,34.59388],[-81.08632,34.57968],[-81.09398,34.57339],[-81.10101,34.57306],[-81.10957,34.56603],[-81.12131,34.5643],[-81.12017,34.55652],[-81.05999,34.55324],[-81.00492,34.54804],[-80.9509,34.54539],[-80.8776,34.54315],[-80.87738,34.54774],[-80.87296,34.55297],[-80.8732,34.55686],[-80.87871,34.57111],[-80.87827,34.58112],[-80.88241,34.58472]]]},"properties":{"STATEFP":"45","COUNTYFP":"023","COUSUBFP":"91326","COUSUBNS":"01938282","GEOIDFQ":"0600000US4502391326","GEOID":"4502391326","NAME":"Great Falls","NAMELSAD":"Great Falls CCD","STUSPS":"SC","NAMELSADCO":"Chester County","STATE_NAME":"South Carolina","LSAD":"22","ALAND":231757331,"AWATER":5293368}},
{"type":"Feature","geometry":{"type":"Polygon","coordinates":[[[-79.83488,33.8826],[-79.82699,33.88571],[-79.79927,33.88792],[-79.7987,33.88944],[-79.77495,33.9],[-79.78757,33.90811],[-79.80003,33.91994],[-79.80191,33.92887],[-79.81586,33.93274],[-79.81609,33.93892],[-79.8113,33.94274],[-79.80482,33.95587],[-79.80449,33.96731],[-79.8101,33.98744],[-79.81087,34.00166],[-79.81956,33.99349],[-79.82873,33.98999],[-79.83888,33.98834],[-79.84707,33.98211],[-79.86222,33.98158],[-79.87642,33.98285],[-79.87938,33.98636],[-79.88676,33.9898],[-79.89352,33.98802],[-79.9746,33.94653],[-79.95232,33.89425],[-79.94595,33.886],[-79.93683,33.8862],[-79.90242,33.88906],[-79.87562,33.88524],[-79.86643,33.88432],[-79.85489,33.89174],[-79.84716,33.88449],[-79.83488,33.8826]]]},"properties":{"STATEFP":"45","COUNTYFP":"041","COUSUBFP":"92470","COUSUBNS":"01938371","GEOIDFQ":"0600000US4504192470","GEOID":"4504192470","NAME":"Olanta","NAMELSAD":"Olanta CCD","STUSPS":"SC","NAMELSADCO":"Florence County","STATE_NAME":"South Carolina","LSAD":"22","ALAND":154212202,"AWATER":31691}},
{"type":"Feature","geometry":{"type":"Polygon","coordinates":[[[-82.81077,34.50439],[-82.81523,34.51429],[-82.81326,34.5218],[-82.81547,34.52845],[-82.81975,34.53467],[-82.82944,34.54282],[-82.82932,34.5505],[-82.83137,34.56044],[-82.84162,34.57718],[-82.86235,34.60222],[-82.87331,34.59188],[-82.99222,34.47921],[-82.97975,34.48294],[-82.97492,34.47935],[-82.96324,34.48436],[-82.95855,34.47955],[-82.94823,34.48049],[-82.94399,34.48552],[-82.93082,34.48565],[-82.92616,34.48165],[-82.91774,34.48417],[-82.90155,34.48676],[-82.89259,34.48119],[-82.8874,34.48096],[-82.88079,34.47189],[-82.88117,34.46948],[-82.87185,34.46119],[-82.86535,34.46032],[-82.85884,34.45522],[-82.86012,34.45284],[-82.85555,34.44174],[-82.84372,34.45129],[-82.83864,34.45697],[-82.83474,34.46437],[-82.83198,34.47813],[-82.82778,34.48645],[-82.81077,34.50439]]]},"properties":{"STATEFP":"45","COUNTYFP":"007","COUSUBFP":"93412","COUSUBNS":"01938270","GEOIDFQ":"0600000US4500793412","GEOID":"4500793412","NAME":"Townville","NAMELSAD":"Townville CCD","STUSPS":"SC","NAMELSADCO":"Anderson County","STATE_NAME":"South Carolina","LSAD":"22","ALAND":93591710,"AWATER":36287278}},
{"type":"Feature","geometry":{"type":"Polygon","coordinates":[[[-81.314,34.06303],[-81.30413,34.06983],[-81.28057,34.08395],[-81.27467,34.08874],[-81.27095,34.09904],[-81.27584,34.09738],[-81.28831,34.11753],[-81.29102,34.11716],[-81.3119,34.14118],[-81.31504,34.14614],[-81.31164,34.15447],[-81.30227,34.16239],[-81.31446,34.18691],[-81.3294,34.19042],[-81.33896,34.19759],[-81.35235,34.19669],[-81.36015,34.18907],[-81.37477,34.17901],[-81.38714,34.17675],[-81.40367,34.17788],[-81.43717,34.12996],[-81.4322,34.12125],[-81.42091,34.11549],[-81.42216,34.11001],[-81.41708,34.10981],[-81.40828,34.09834],[-81.39701,34.08598],[-81.38823,34.07935],[-81.39408,34.07155],[-81.38888,34.06927],[-81.37002,34.06538],[-81.34986,34.06829],[-81.3309,34.06496],[-81.314,34.06303]]]},"properties":{"STATEFP":"45","COUNTYFP":"063","COUSUBFP":"90546","COUSUBNS":"01938222","GEOIDFQ":"0600000US4506390546","GEOID":"4506390546","NAME":"Chapin","NAMELSAD":"Chapin CCD","STUSPS":"SC","NAMELSADCO":"Lexington County","STATE_NAME":"South Carolina","LSAD":"22","ALAND":103590161,"AWATER":38735048}},
{"type":"Feature","geometry":{"type":"Polygon","coordinates":[[[-82.63974,34.61487],[-82.64248,34.62452],[-82.64119,34.63072],[-82.64331,34.64039],[-82.63747,34.65029],[-82.64304,34.65186],[-82.641,34.65722],[-82.63574,34.65615],[-82.6286,34.66214],[-82.62592,34.66657],[-82.63903,34.66998],[-82.62746,34.68505],[-82.62746,34.68992],[-82.6155,34.69532],[-82.60732,34.70584],[-82.59862,34.70656],[-82.59883,34.71164],[-82.6104,34.71249],[-82.61878,34.73014],[-82.62473,34.7359],[-82.62709,34.74711],[-82.63059,34.74921],[-82.72306,34.70424],[-82.78757,34.67273],[-82.84001,34.62331],[-82.84197,34.62146],[-82.84395,34.61954],[-82.84509,34.61852],[-82.85546,34.60907],[-82.86235,34.60222],[-82.84162,34.57718],[-82.83137,34.56044],[-82.82932,34.5505],[-82.82944,34.54282],[-82.81975,34.53467],[-82.81547,34.52845],[-82.81326,34.5218],[-82.81523,34.51429],[-82.81077,34.50439],[-82.8001,34.50916],[-82.79641,34.51576],[-82.78716,34.52572],[-82.78701,34.52916],[-82.77626,34.53496],[-82.76296,34.54374],[-82.75527,34.5521],[-82.73584,34.56203],[-82.71736,34.56711],[-82.70005,34.56661],[-82.6879,34.56912],[-82.66815,34.57898],[-82.66626,34.58666],[-82.6591,34.59526],[-82.6578,34.60109],[-82.64528,34.61475],[-82.63974,34.61487]]]},"properties":{"STATEFP":"45","COUNTYFP":"007","COUSUBFP":"92626","COUSUBNS":"01938383","GEOIDFQ":"0600000US4500792626","GEOID":"4500792626","NAME":"Pendleton","NAMELSAD":"Pendleton CCD","STUSPS":"SC","NAMELSADCO":"Anderson County","STATE_NAME":"South Carolina","LSAD":"22","ALAND":280506883,"AWATER":17543241}},
{"type":"Feature","geometry":{"type":"Polygon","coordinates":[[[-81.06178,34.82108],[-81.17827,34.82107],[-81.32458,34.8219],[-81.32113,34.81418],[-81.32236,34.81041],[-81.30698,34.80046],[-81.29974,34.79388],[-81.29799,34.79014],[-81.28415,34.78732],[-81.27335,34.77644],[-81.26092,34.7723],[-81.25152,34.77163],[-81.24445,34.76908],[-81.24456,34.76395],[-81.24102,34.75575],[-81.23959,34.73262],[-81.23167,34.72482],[-81.24161,34.71875],[-81.24364,34.7051],[-81.24737,34.69699],[-81.25211,34.69258],[-81.25497,34.68643],[-81.26017,34.68532],[-81.26735,34.67823],[-81.28266,34.66729],[-81.30755,34.66222],[-81.31266,34.65695],[-81.31956,34.65567],[-81.32757,34.65676],[-81.33741,34.64899],[-81.34616,34.64553],[-81.35306,34.64659],[-81.36238,34.64137],[-81.37551,34.64161],[-81.38474,34.63784],[-81.39748,34.62963],[-81.41784,34.62341],[-81.41796,34.60411],[-81.42209,34.5897],[-81.42694,34.5785],[-81.4227,34.57202],[-81.30071,34.56618],[-81.24226,34.56347],[-81.12481,34.55664],[-81.12017,34.55652],[-81.12131,34.5643],[-81.10957,34.56603],[-81.10101,34.57306],[-81.09398,34.57339],[-81.08632,34.57968],[-81.08069,34.59388],[-81.08055,34.59807],[-81.07516,34.61232],[-81.06883,34.61779],[-81.07442,34.62242],[-81.07316,34.62528],[-81.06389,34.62579],[-81.05862,34.63265],[-81.05447,34.64352],[-81.04259,34.65733],[-81.04861,34.66425],[-81.04889,34.66824],[-81.05421,34.6694],[-81.05643,34.67544],[-81.05699,34.68465],[-81.05369,34.68674],[-81.0539,34.70404],[-81.05727,34.70861],[-81.06147,34.71937],[-81.07017,34.71933],[-81.08066,34.72171],[-81.08274,34.72864],[-81.08226,34.73474],[-81.08719,34.74551],[-81.08276,34.75082],[-81.08804,34.75375],[-81.08994,34.76213],[-81.08773,34.7705],[-81.07211,34.77685],[-81.06848,34.78102],[-81.07027,34.79174],[-81.06761,34.80089],[-81.06351,34.80783],[-81.06473,34.81599],[-81.06178,34.82108]]]},"properties":{"STATEFP":"45","COUNTYFP":"023","COUSUBFP":"90611","COUSUBNS":"01938227","GEOIDFQ":"0600000US4502390611","GEOID":"4502390611","NAME":"Chester","NAMELSAD":"Chester CCD","STUSPS":"SC","NAMELSADCO":"Chester County","STATE_NAME":"South Carolina","LSAD":"22","ALAND":637755243,"AWATER":2942053}},
{"type":"Feature","geometry":{"type":"Polygon","coordinates":[[[-80.14848,32.81903],[-80.15686,32.82673],[-80.15759,32.83211],[-80.16169,32.84105],[-80.17526,32.84576],[-80.18374,32.84707],[-80.1869,32.852],[-80.1857,32.86081],[-80.17674,32.86708],[-80.17126,32.86299],[-80.16349,32.85454],[-80.15492,32.86505],[-80.16218,32.87461],[-80.14966,32.87886],[-80.14479,32.88756],[-80.12544,32.88964],[-80.12279,32.90177],[-80.11824,32.90115],[-80.11947,32.89363],[-80.11244,32.89173],[-80.10551,32.89341],[-80.09939,32.89123],[-80.09766,32.88696],[-80.0798,32.92819],[-80.14075,32.97982],[-80.13065,32.97901],[-80.12543,32.98233],[-80.11054,32.98549],[-80.13555,32.99889],[-80.14374,32.98572],[-80.14604,32.9843],[-80.16762,33.00256],[-80.16949,33.00888],[-80.17638,33.00996],[-80.16998,33.01552],[-80.16446,33.01282],[-80.16019,33.01761],[-80.15282,33.01879],[-80.14925,33.0216],[-80.16425,33.03229],[-80.25135,33.0897],[-80.26377,33.09062],[-80.27141,33.08532],[-80.27452,33.07852],[-80.28138,33.07143],[-80.29244,33.06358],[-80.29944,33.04775],[-80.29868,33.0367],[-80.30109,33.02945],[-80.3014,33.01459],[-80.29805,33.00632],[-80.29263,33.0048],[-80.29099,32.99233],[-80.27866,32.97462],[-80.27152,32.96932],[-80.26903,32.96496],[-80.28447,32.96412],[-80.31474,32.94749],[-80.37554,32.92844],[-80.39836,32.9269],[-80.40171,32.91738],[-80.40645,32.91023],[-80.39726,32.90077],[-80.39292,32.89415],[-80.38534,32.88612],[-80.39329,32.88528],[-80.39425,32.88059],[-80.39886,32.87779],[-80.39923,32.87321],[-80.40326,32.86964],[-80.40263,32.86587],[-80.3993,32.86445],[-80.40132,32.85853],[-80.31194,32.85148],[-80.29962,32.85142],[-80.2764,32.84363],[-80.15771,32.81822],[-80.14848,32.81903]]]},"properties":{"STATEFP":"45","COUNTYFP":"035","COUSUBFP":"93276","COUSUBNS":"01938433","GEOIDFQ":"0600000US4503593276","GEOID":"4503593276","NAME":"Summerville","NAMELSAD":"Summerville CCD","STUSPS":"SC","NAMELSADCO":"Dorchester County","STATE_NAME":"South Carolina","LSAD":"22","ALAND":466848734,"AWATER":3738840}},
{"type":"Feature","geometry":{"type":"Polygon","coordinates":[[[-81.05971,34.00525],[-81.06689,34.00905],[-81.07301,34.00646],[-81.08104,34.01153],[-81.08961,34.01341],[-81.09841,34.01883],[-81.10329,34.02349],[-81.12325,34.02446],[-81.15182,34.03355],[-81.15812,34.03835],[-81.16165,34.03544],[-81.15489,34.02457],[-81.15231,34.01542],[-81.14642,34.00643],[-81.15385,34.00127],[-81.14799,33.99232],[-81.14666,33.98192],[-81.14381,33.97189],[-81.13775,33.97212],[-81.13281,33.96487],[-81.14397,33.95979],[-81.15288,33.95349],[-81.1455,33.94399],[-81.16055,33.92672],[-81.16568,33.91788],[-81.16409,33.90783],[-81.15478,33.89511],[-81.166,33.88653],[-81.16278,33.88128],[-81.15219,33.87296],[-81.14414,33.86927],[-81.13024,33.87349],[-81.12431,33.87175],[-81.11859,33.87406],[-81.11532,33.87193],[-81.10312,33.87091],[-81.09814,33.86473],[-81.0957,33.8555],[-81.08555,33.84966],[-81.09555,33.82691],[-81.10097,33.81728],[-81.0912,33.81511],[-81.07222,33.8127],[-81.06623,33.81023],[-81.05929,33.80259],[-81.05212,33.80156],[-81.04628,33.79835],[-81.0461,33.80462],[-81.03819,33.84621],[-81.0416,33.85884],[-81.0379,33.87087],[-81.01233,33.88008],[-81.01833,33.88216],[-81.02142,33.88807],[-81.01739,33.89655],[-81.011,33.89813],[-81.00875,33.9041],[-81.01427,33.90815],[-81.0227,33.90924],[-81.02896,33.91204],[-81.02921,33.91645],[-81.01941,33.92116],[-81.01701,33.93086],[-81.03579,33.96259],[-81.03851,33.96807],[-81.04583,33.97664],[-81.04645,33.98803],[-81.05468,34.00079],[-81.05971,34.00525]]]},"properties":{"STATEFP":"45","COUNTYFP":"063","COUSUBFP":"93653","COUSUBNS":"01938462","GEOIDFQ":"0600000US4506393653","GEOID":"4506393653","NAME":"West Columbia-Cayce","NAMELSAD":"West Columbia-Cayce CCD","STUSPS":"SC","NAMELSADCO":"Lexington County","STATE_NAME":"South Carolina","LSAD":"22","ALAND":212975240,"AWATER":4315298}},
{"type":"Feature","geometry":{"type":"Polygon","coordinates":[[[-79.92678,32.96862],[-79.93703,32.96789],[-79.93949,32.97049],[-79.9424,32.98622],[-79.93792,32.994],[-79.93753,33.01076],[-79.94449,33.01758],[-79.95149,33.02684],[-79.95505,33.03933],[-79.95906,33.0418],[-79.965,33.05006],[-79.97297,33.0547],[-79.97673,33.06007],[-79.98242,33.06402],[-79.98892,33.06421],[-79.99191,33.06737],[-79.9998,33.06874],[-80.01311,33.06738],[-80.02247,33.06083],[-80.02029,33.0689],[-80.02646,33.07339],[-80.03061,33.07883],[-80.03561,33.0792],[-80.03583,33.08651],[-80.04143,33.08983],[-80.04168,33.09878],[-80.05579,33.10486],[-80.05636,33.11231],[-80.06046,33.1134],[-80.06929,33.12024],[-80.0597,33.15321],[-80.06842,33.15809],[-80.0862,33.15798],[-80.0904,33.15981],[-80.0932,33.16761],[-80.10169,33.16929],[-80.11584,33.16644],[-80.1232,33.15983],[-80.14204,33.15154],[-80.14522,33.14891],[-80.16069,33.14238],[-80.17533,33.15078],[-80.18197,33.14267],[-80.1903,33.138],[-80.19537,33.13229],[-80.20228,33.12122],[-80.21416,33.11334],[-80.22144,33.10486],[-80.22788,33.10345],[-80.23392,33.09867],[-80.24168,33.09583],[-80.25135,33.0897],[-80.16425,33.03229],[-80.14925,33.0216],[-80.11336,32.99806],[-80.10803,32.99976],[-80.10507,32.99249],[-80.09822,32.98811],[-80.08398,32.9933],[-80.06041,32.99781],[-80.05602,32.99936],[-80.04583,32.98503],[-80.04006,32.98275],[-80.04262,32.96034],[-80.04149,32.95501],[-80.01177,32.89988],[-79.95083,32.91075],[-79.94821,32.90835],[-79.92931,32.91448],[-79.93165,32.92219],[-79.93713,32.92835],[-79.93536,32.93517],[-79.92753,32.941],[-79.92901,32.95264],[-79.92081,32.95844],[-79.91897,32.96206],[-79.92678,32.96862]]]},"properties":{"STATEFP":"45","COUNTYFP":"015","COUSUBFP":"91274","COUSUBNS":"01938278","GEOIDFQ":"0600000US4501591274","GEOID":"4501591274","NAME":"Goose Creek-Hanahan","NAMELSAD":"Goose Creek-Hanahan CCD","STUSPS":"SC","NAMELSADCO":"Berkeley County","STATE_NAME":"South Carolina","LSAD":"22","ALAND":390026086,"AWATER":9241850}},
{"type":"Feature","geometry":{"type":"Polygon","coordinates":[[[-79.32432,33.79912],[-79.33283,33.80251],[-79.34039,33.8028],[-79.34423,33.80829],[-79.35223,33.81514],[-79.3615,33.81478],[-79.36773,33.81842],[-79.37644,33.81709],[-79.38264,33.81858],[-79.38602,33.8162],[-79.38405,33.81157],[-79.3945,33.80525],[-79.39925,33.80063],[-79.40987,33.80157],[-79.41868,33.79944],[-79.4246,33.79564],[-79.43327,33.79289],[-79.44153,33.78439],[-79.44896,33.78457],[-79.45883,33.78107],[-79.46811,33.78175],[-79.47332,33.78375],[-79.49446,33.77717],[-79.49649,33.77536],[-79.50915,33.76502],[-79.51553,33.76303],[-79.50901,33.75445],[-79.51223,33.74069],[-79.52574,33.73896],[-79.53643,33.72627],[-79.53387,33.71991],[-79.53712,33.71199],[-79.54795,33.70369],[-79.55138,33.70497],[-79.54543,33.70099],[-79.54118,33.69391],[-79.53401,33.68733],[-79.53039,33.68612],[-79.52842,33.67707],[-79.52059,33.67311],[-79.5133,33.67212],[-79.50994,33.66903],[-79.49644,33.66557],[-79.4888,33.65884],[-79.47943,33.65428],[-79.46888,33.64604],[-79.4645,33.6478],[-79.45294,33.64691],[-79.4527,33.64286],[-79.44402,33.63745],[-79.44501,33.6252],[-79.43329,33.62155],[-79.43028,33.62903],[-79.42549,33.63579],[-79.41955,33.64945],[-79.4185,33.66729],[-79.41,33.68792],[-79.39235,33.71218],[-79.37468,33.72477],[-79.3596,33.74011],[-79.34655,33.75533],[-79.34097,33.76979],[-79.33776,33.77461],[-79.33244,33.77705],[-79.32317,33.77744],[-79.31704,33.77988],[-79.32432,33.79912]]]},"properties":{"STATEFP":"45","COUNTYFP":"089","COUSUBFP":"91495","COUSUBNS":"01938295","GEOIDFQ":"0600000US4508991495","GEOID":"4508991495","NAME":"Hemingway","NAMELSAD":"Hemingway CCD","STUSPS":"SC","NAMELSADCO":"Williamsburg County","STATE_NAME":"South Carolina","LSAD":"22","ALAND":220317027,"AWATER":835285}},
{"type":"Feature","geometry":{"type":"Polygon","coordinates":[[[-81.03802,35.02751],[-81.04211,35.02987],[-81.05931,35.02784],[-81.06934,35.04125],[-81.07532,35.04293],[-81.08203,35.04155],[-81.09795,35.05004],[-81.10333,35.03942],[-81.10348,35.01244],[-81.1019,35.00858],[-81.11263,35.00148],[-81.13224,34.97609],[-81.1368,34.97402],[-81.14417,34.97521],[-81.15132,34.97405],[-81.15193,34.96814],[-81.1494,34.96525],[-81.15307,34.9593],[-81.15414,34.95154],[-81.15885,34.94448],[-81.16779,34.92743],[-81.16881,34.91954],[-81.16965,34.90382],[-81.16023,34.90317],[-81.15294,34.88705],[-81.15314,34.88225],[-81.15981,34.86699],[-81.1753,34.86389],[-81.17853,34.84673],[-81.18156,34.83822],[-81.17851,34.82807],[-81.17827,34.82107],[-81.06178,34.82108],[-81.03454,34.82107],[-80.89824,34.82084],[-80.8986,34.82614],[-80.89392,34.83015],[-80.88276,34.83338],[-80.8739,34.83847],[-80.86689,34.84769],[-80.86726,34.85317],[-80.87871,34.86207],[-80.87979,34.87765],[-80.87825,34.88524],[-80.87826,34.90295],[-80.86769,34.91282],[-80.86514,34.92392],[-80.87062,34.93441],[-80.86849,34.9413],[-80.87642,34.94668],[-80.88731,34.94645],[-80.89366,34.94425],[-80.93588,34.95341],[-80.94693,34.95498],[-80.95369,34.96058],[-80.95978,34.96265],[-80.96036,34.96682],[-80.95739,34.97451],[-80.96666,34.98276],[-80.97417,34.98566],[-80.98767,34.98864],[-80.99329,34.99118],[-80.99706,34.99673],[-80.99875,35.00735],[-80.99623,35.01066],[-81.0025,35.01811],[-81.01471,35.02388],[-81.02316,35.01871],[-81.0273,35.01882],[-81.03802,35.02751]]]},"properties":{"STATEFP":"45","COUNTYFP":"091","COUSUBFP":"92886","COUSUBNS":"01938403","GEOIDFQ":"0600000US4509192886","GEOID":"4509192886","NAME":"Rock Hill","NAMELSAD":"Rock Hill CCD","STUSPS":"SC","NAMELSADCO":"York County","STATE_NAME":"South Carolina","LSAD":"22","ALAND":489325734,"AWATER":11328412}},
{"type":"Feature","geometry":{"type":"Polygon","coordinates":[[[-81.17829,34.17455],[-81.16374,34.16547],[-81.15578,34.16364],[-81.14824,34.15663],[-81.1443,34.14707],[-81.13307,34.12515],[-81.1255,34.12151],[-81.12177,34.1169],[-81.11868,34.10691],[-81.10968,34.09949],[-81.10409,34.08921],[-81.08838,34.07955],[-81.08996,34.08404],[-81.08676,34.08886],[-81.08153,34.09038],[-81.07141,34.08167],[-81.06701,34.08581],[-81.06247,34.09522],[-81.05413,34.10266],[-81.05271,34.11052],[-81.04063,34.10508],[-81.02653,34.08924],[-81.02101,34.09148],[-81.01889,34.09771],[-81.0108,34.0999],[-81.00449,34.10427],[-81.01159,34.11485],[-81.00859,34.1235],[-81.00741,34.12985],[-81.00228,34.13393],[-81.00169,34.14837],[-81.00504,34.15448],[-81.0034,34.16487],[-81.00377,34.1724],[-81.00694,34.17927],[-81.01288,34.18722],[-81.01778,34.19114],[-81.01913,34.19541],[-81.01298,34.20013],[-81.0014,34.21196],[-80.99859,34.21326],[-80.99986,34.22188],[-81.0052,34.2283],[-81.01692,34.23826],[-81.03922,34.23254],[-81.04269,34.23666],[-81.05755,34.23366],[-81.06123,34.228],[-81.07116,34.23048],[-81.07228,34.22474],[-81.0833,34.22475],[-81.09586,34.21387],[-81.12051,34.21605],[-81.12481,34.21571],[-81.1812,34.22028],[-81.18052,34.21573],[-81.17351,34.2107],[-81.17308,34.20433],[-81.16987,34.20325],[-81.16888,34.19438],[-81.17392,34.18914],[-81.17942,34.18706],[-81.17829,34.17455]]]},"properties":{"STATEFP":"45","COUNTYFP":"079","COUSUBFP":"90494","COUSUBNS":"01938218","GEOIDFQ":"0600000US4507990494","GEOID":"4507990494","NAME":"Camp Ground","NAMELSAD":"Camp Ground CCD","STUSPS":"SC","NAMELSADCO":"Richland County","STATE_NAME":"South Carolina","LSAD":"22","ALAND":191522251,"AWATER":1808818}},
{"type":"Feature","geometry":{"type":"Polygon","coordinates":[[[-81.89161,33.62649],[-82.01247,33.53211],[-82.00764,33.52334],[-82.00134,33.52014],[-81.99038,33.50076],[-81.99094,33.49424],[-81.98594,33.48654],[-81.98064,33.48404],[-81.96704,33.48064],[-81.9554,33.47561],[-81.95264,33.47999],[-81.94635,33.48427],[-81.9249,33.4879],[-81.92074,33.48991],[-81.9077,33.47826],[-81.89635,33.48541],[-81.89135,33.48135],[-81.88484,33.48418],[-81.87551,33.49403],[-81.8701,33.49685],[-81.86477,33.49012],[-81.86541,33.48588],[-81.85997,33.48168],[-81.8384,33.48126],[-81.82378,33.48879],[-81.81735,33.50074],[-81.80004,33.50556],[-81.79597,33.50822],[-81.7807,33.52313],[-81.79391,33.53406],[-81.78955,33.5595],[-81.81107,33.55428],[-81.82096,33.55512],[-81.82651,33.55983],[-81.83624,33.56247],[-81.85055,33.56248],[-81.85866,33.56044],[-81.8706,33.56014],[-81.87409,33.56368],[-81.86998,33.57689],[-81.8681,33.57673],[-81.86614,33.59338],[-81.87385,33.60211],[-81.87682,33.61067],[-81.88006,33.61368],[-81.88079,33.62042],[-81.89161,33.62649]]]},"properties":{"STATEFP":"45","COUNTYFP":"003","COUSUBFP":"92418","COUSUBNS":"01938367","GEOIDFQ":"0600000US4500392418","GEOID":"4500392418","NAME":"North Augusta","NAMELSAD":"North Augusta CCD","STUSPS":"SC","NAMELSADCO":"Aiken County","STATE_NAME":"South Carolina","LSAD":"22","ALAND":190446341,"AWATER":4663421}},
{"type":"Feature","geometry":{"type":"Polygon","coordinates":[[[-81.71409,34.91286],[-81.74306,34.88207],[-81.75902,34.86856],[-81.78279,34.83721],[-81.77474,34.83528],[-81.77527,34.8305],[-81.76526,34.82822],[-81.75034,34.81446],[-81.74361,34.80699],[-81.74467,34.80224],[-81.72756,34.7907],[-81.72333,34.78664],[-81.72391,34.78172],[-81.71797,34.78099],[-81.71558,34.7761],[-81.70678,34.76594],[-81.70619,34.76102],[-81.6999,34.76344],[-81.69689,34.77019],[-81.69029,34.77583],[-81.67847,34.7764],[-81.67526,34.77798],[-81.66237,34.79217],[-81.66246,34.79628],[-81.65699,34.80442],[-81.64655,34.7919],[-81.63997,34.80113],[-81.63577,34.81856],[-81.61513,34.81309],[-81.60639,34.81306],[-81.6126,34.82505],[-81.60733,34.8311],[-81.60779,34.84222],[-81.61258,34.84983],[-81.60827,34.85778],[-81.61164,34.86567],[-81.60807,34.87178],[-81.6116,34.87615],[-81.62674,34.87434],[-81.62908,34.87673],[-81.64069,34.88134],[-81.64451,34.8962],[-81.65195,34.90199],[-81.66363,34.89868],[-81.68701,34.91215],[-81.69245,34.90662],[-81.70346,34.90672],[-81.70707,34.91175],[-81.71409,34.91286]]]},"properties":{"STATEFP":"45","COUNTYFP":"087","COUSUBFP":"91742","COUSUBNS":"01938315","GEOIDFQ":"0600000US4508791742","GEOID":"4508791742","NAME":"Jonesville","NAMELSAD":"Jonesville CCD","STUSPS":"SC","NAMELSADCO":"Union County","STATE_NAME":"South Carolina","LSAD":"22","ALAND":157472881,"AWATER":489534}},
{"type":"Feature","geometry":{"type":"Polygon","coordinates":[[[-79.2356,34.43776],[-79.24976,34.44977],[-79.30665,34.50043],[-79.31661,34.50895],[-79.33003,34.50889],[-79.33634,34.50591],[-79.33858,34.49898],[-79.35206,34.48662],[-79.35477,34.48032],[-79.35454,34.467],[-79.35833,34.46021],[-79.35362,34.45871],[-79.35125,34.45361],[-79.34408,34.44794],[-79.34082,34.4407],[-79.3399,34.43408],[-79.34247,34.43003],[-79.34184,34.4232],[-79.3354,34.41326],[-79.33783,34.41145],[-79.34125,34.39856],[-79.34567,34.39261],[-79.34724,34.38642],[-79.34547,34.38152],[-79.34933,34.37873],[-79.35366,34.36885],[-79.34858,34.36021],[-79.34896,34.34924],[-79.34214,34.34272],[-79.33383,34.33777],[-79.33217,34.33367],[-79.32362,34.33357],[-79.30724,34.35138],[-79.29847,34.35961],[-79.29315,34.36243],[-79.27881,34.36496],[-79.2697,34.3686],[-79.25765,34.39968],[-79.25752,34.405],[-79.25297,34.41583],[-79.2436,34.43036],[-79.2356,34.43776]]]},"properties":{"STATEFP":"45","COUNTYFP":"033","COUSUBFP":"91417","COUSUBNS":"01938289","GEOIDFQ":"0600000US4503391417","GEOID":"4503391417","NAME":"Hamer","NAMELSAD":"Hamer CCD","STUSPS":"SC","NAMELSADCO":"Dillon County","STATE_NAME":"South Carolina","LSAD":"22","ALAND":128051587,"AWATER":225399}},
{"type":"Feature","geometry":{"type":"Polygon","coordinates":[[[-81.48829,35.02687],[-81.48727,35.03472],[-81.48205,35.03693],[-81.4728,35.04375],[-81.47139,35.04809],[-81.40882,35.04708],[-81.40704,35.07233],[-81.40252,35.13689],[-81.3666,35.16489],[-81.4934,35.16995],[-81.58168,35.17308],[-81.60955,35.17428],[-81.61104,35.17091],[-81.61871,35.16774],[-81.61613,35.16181],[-81.60844,35.15823],[-81.61303,35.15382],[-81.61199,35.14862],[-81.60316,35.14593],[-81.60062,35.13717],[-81.59082,35.12989],[-81.58339,35.11971],[-81.57144,35.11465],[-81.57477,35.10713],[-81.57137,35.09143],[-81.57258,35.08534],[-81.56392,35.07705],[-81.55435,35.07082],[-81.5534,35.06528],[-81.54774,35.06445],[-81.53043,35.05291],[-81.52246,35.05198],[-81.51373,35.04446],[-81.49844,35.04213],[-81.49571,35.03944],[-81.49449,35.03138],[-81.48829,35.02687]]]},"properties":{"STATEFP":"45","COUNTYFP":"021","COUSUBFP":"90273","COUSUBNS":"01938201","GEOIDFQ":"0600000US4502190273","GEOID":"4502190273","NAME":"Blacksburg","NAMELSAD":"Blacksburg CCD","STUSPS":"SC","NAMELSADCO":"Cherokee County","STATE_NAME":"South Carolina","LSAD":"22","ALAND":221571365,"AWATER":2766576}},
{"type":"Feature","geometry":{"type":"Polygon","coordinates":[[[-79.93546,34.40451],[-79.9545,34.40963],[-79.96669,34.41506],[-79.97913,34.41132],[-79.9857,34.40749],[-79.98202,34.401],[-79.98215,34.38711],[-79.97309,34.3687],[-79.9753,34.36038],[-79.97105,34.35023],[-79.97149,34.34702],[-79.96819,34.33117],[-79.97527,34.32037],[-79.9755,34.31487],[-79.97108,34.30745],[-79.97638,34.29532],[-79.97766,34.26977],[-79.98134,34.26405],[-79.98437,34.24762],[-79.98362,34.24436],[-79.96441,34.24678],[-79.95707,34.24494],[-79.94292,34.23449],[-79.93091,34.22886],[-79.92609,34.22286],[-79.91182,34.21216],[-79.91017,34.20981],[-79.89018,34.20029],[-79.81906,34.24535],[-79.8122,34.24868],[-79.80902,34.25244],[-79.79794,34.25471],[-79.78518,34.24935],[-79.77128,34.24895],[-79.75958,34.24605],[-79.75248,34.24725],[-79.75256,34.25062],[-79.72957,34.29519],[-79.72478,34.29699],[-79.71656,34.29208],[-79.69785,34.28926],[-79.6856,34.28443],[-79.67922,34.2878],[-79.67831,34.29258],[-79.67067,34.30401],[-79.66239,34.30759],[-79.65776,34.30519],[-79.66187,34.31065],[-79.65942,34.31766],[-79.66157,34.32373],[-79.66883,34.3274],[-79.67639,34.33628],[-79.67942,34.34422],[-79.6866,34.35414],[-79.69273,34.35652],[-79.68802,34.3618],[-79.68598,34.37112],[-79.68863,34.37473],[-79.69993,34.37622],[-79.70637,34.38206],[-79.71355,34.38034],[-79.72227,34.37313],[-79.72883,34.38045],[-79.72867,34.38478],[-79.74491,34.3897],[-79.75347,34.38693],[-79.758,34.37996],[-79.77266,34.37057],[-79.77969,34.37099],[-79.78973,34.36848],[-79.80087,34.36906],[-79.80817,34.37576],[-79.81499,34.37181],[-79.83695,34.36769],[-79.84087,34.36331],[-79.84562,34.36641],[-79.85745,34.3796],[-79.86582,34.38368],[-79.86947,34.38743],[-79.87192,34.39943],[-79.87678,34.39764],[-79.8744,34.38397],[-79.87676,34.37634],[-79.88748,34.37951],[-79.88897,34.38267],[-79.89737,34.38375],[-79.90068,34.38684],[-79.91766,34.39291],[-79.92209,34.39887],[-79.93309,34.40196],[-79.93546,34.40451]]]},"properties":{"STATEFP":"45","COUNTYFP":"031","COUSUBFP":"90858","COUSUBNS":"01938246","GEOIDFQ":"0600000US4503190858","GEOID":"4503190858","NAME":"Darlington","NAMELSAD":"Darlington CCD","STUSPS":"SC","NAMELSADCO":"Darlington County","STATE_NAME":"South Carolina","LSAD":"22","ALAND":419976653,"AWATER":3387116}},
{"type":"Feature","geometry":{"type":"Polygon","coordinates":[[[-81.47658,34.82257],[-81.48477,34.81822],[-81.48743,34.8134],[-81.48127,34.80861],[-81.46912,34.811],[-81.46804,34.80163],[-81.45926,34.79753],[-81.45641,34.79252],[-81.45364,34.78224],[-81.45531,34.77371],[-81.4532,34.7609],[-81.46915,34.75345],[-81.48245,34.7444],[-81.48734,34.73818],[-81.48838,34.73304],[-81.47839,34.72367],[-81.46196,34.72652],[-81.45424,34.72092],[-81.45555,34.71129],[-81.45368,34.69234],[-81.4543,34.67519],[-81.44802,34.66692],[-81.44202,34.65373],[-81.42967,34.6486],[-81.42108,34.64031],[-81.41599,34.63359],[-81.41784,34.62341],[-81.39748,34.62963],[-81.38474,34.63784],[-81.37551,34.64161],[-81.36238,34.64137],[-81.35306,34.64659],[-81.34616,34.64553],[-81.33741,34.64899],[-81.32757,34.65676],[-81.31956,34.65567],[-81.31266,34.65695],[-81.30755,34.66222],[-81.28266,34.66729],[-81.26735,34.67823],[-81.26017,34.68532],[-81.25497,34.68643],[-81.25211,34.69258],[-81.24737,34.69699],[-81.24364,34.7051],[-81.24161,34.71875],[-81.23167,34.72482],[-81.23959,34.73262],[-81.24102,34.75575],[-81.24456,34.76395],[-81.24445,34.76908],[-81.25152,34.77163],[-81.26092,34.7723],[-81.27335,34.77644],[-81.28415,34.78732],[-81.29799,34.79014],[-81.29974,34.79388],[-81.30698,34.80046],[-81.32236,34.81041],[-81.32113,34.81418],[-81.32458,34.8219],[-81.35978,34.82207],[-81.47658,34.82257]]]},"properties":{"STATEFP":"45","COUNTYFP":"023","COUSUBFP":"90637","COUSUBNS":"01938229","GEOIDFQ":"0600000US4502390637","GEOID":"4502390637","NAME":"Chester West","NAMELSAD":"Chester West CCD","STUSPS":"SC","NAMELSADCO":"Chester County","STATE_NAME":"South Carolina","LSAD":"22","ALAND":343334643,"AWATER":3148689}},
{"type":"Feature","geometry":{"type":"Polygon","coordinates":[[[-80.1017,33.49689],[-80.09306,33.49889],[-80.09153,33.50318],[-80.08466,33.49998],[-80.08217,33.50573],[-80.07349,33.50717],[-80.06458,33.50573],[-80.04865,33.50637],[-80.04248,33.50095],[-80.03656,33.50683],[-80.02936,33.50151],[-80.02395,33.50629],[-80.02056,33.50218],[-80.01214,33.50517],[-80.00536,33.50254],[-80.00445,33.49573],[-80.00014,33.49483],[-79.99707,33.50054],[-79.98626,33.49792],[-79.98224,33.49967],[-79.97548,33.49762],[-79.97196,33.50094],[-79.96456,33.49864],[-79.96089,33.49445],[-79.95022,33.51731],[-79.95333,33.52828],[-79.93412,33.55302],[-79.93069,33.55975],[-79.93796,33.57471],[-79.94565,33.58442],[-79.94509,33.5926],[-79.93909,33.59887],[-79.93432,33.6114],[-79.92475,33.62055],[-79.91709,33.62561],[-79.90854,33.62628],[-79.89731,33.622],[-79.89845,33.62913],[-79.90691,33.6381],[-79.91437,33.66012],[-79.9098,33.67762],[-79.90275,33.68159],[-79.91658,33.6938],[-79.9317,33.69827],[-79.93159,33.70262],[-79.92764,33.70796],[-79.91159,33.70758],[-79.91241,33.71594],[-79.91854,33.72332],[-79.9303,33.72096],[-79.93189,33.72921],[-79.94094,33.72772],[-79.94574,33.72236],[-79.95711,33.72496],[-79.96254,33.72229],[-79.97438,33.72159],[-79.98603,33.70732],[-79.99323,33.70446],[-80.00023,33.68793],[-80.02088,33.6458],[-80.02683,33.63603],[-80.05428,33.58259],[-80.07307,33.54918],[-80.09357,33.51182],[-80.1017,33.49689]]]},"properties":{"STATEFP":"45","COUNTYFP":"089","COUSUBFP":"91339","COUSUBNS":"01938283","GEOIDFQ":"0600000US4508991339","GEOID":"4508991339","NAME":"Greeleyville","NAMELSAD":"Greeleyville CCD","STUSPS":"SC","NAMELSADCO":"Williamsburg County","STATE_NAME":"South Carolina","LSAD":"22","ALAND":250619085,"AWATER":1130117}},
{"type":"Feature","geometry":{"type":"Polygon","coordinates":[[[-80.25744,33.76825],[-80.26098,33.77345],[-80.26811,33.77906],[-80.27078,33.78676],[-80.27406,33.78587],[-80.39713,33.76782],[-80.39699,33.74686],[-80.39215,33.72261],[-80.392,33.71555],[-80.43443,33.71189],[-80.43291,33.72118],[-80.42593,33.72409],[-80.43092,33.73831],[-80.44929,33.73753],[-80.45444,33.71352],[-80.47844,33.71426],[-80.4911,33.6938],[-80.49759,33.67432],[-80.50156,33.67003],[-80.49935,33.66837],[-80.48758,33.67076],[-80.48244,33.66985],[-80.47563,33.66503],[-80.45455,33.67685],[-80.44962,33.68057],[-80.43826,33.68082],[-80.43137,33.67729],[-80.41521,33.67791],[-80.40571,33.67592],[-80.4,33.67666],[-80.38396,33.67613],[-80.36793,33.66913],[-80.36359,33.67125],[-80.35722,33.67787],[-80.35184,33.68378],[-80.33636,33.69372],[-80.33176,33.70021],[-80.3217,33.71043],[-80.31093,33.72441],[-80.30424,33.73737],[-80.29613,33.74629],[-80.28142,33.75707],[-80.2755,33.76617],[-80.26345,33.76903],[-80.25744,33.76825]]]},"properties":{"STATEFP":"45","COUNTYFP":"027","COUSUBFP":"92600","COUSUBNS":"01938381","GEOIDFQ":"0600000US4502792600","GEOID":"4502792600","NAME":"Paxville","NAMELSAD":"Paxville CCD","STUSPS":"SC","NAMELSADCO":"Clarendon County","STATE_NAME":"South Carolina","LSAD":"22","ALAND":133346154,"AWATER":54577}},
{"type":"Feature","geometry":{"type":"Polygon","coordinates":[[[-79.91124,33.82532],[-79.87562,33.88524],[-79.90242,33.88906],[-79.93683,33.8862],[-79.94595,33.886],[-79.95232,33.89425],[-79.9746,33.94653],[-80.00035,33.93527],[-80.05633,33.90685],[-80.05579,33.89759],[-80.0513,33.88983],[-80.05419,33.88284],[-80.05806,33.87978],[-80.06197,33.8718],[-80.05986,33.85951],[-80.05207,33.85701],[-80.0485,33.85264],[-80.02331,33.85056],[-80.01222,33.84496],[-80.00649,33.84363],[-79.99595,33.83491],[-79.9859,33.83491],[-79.97042,33.83102],[-79.95873,33.83144],[-79.95335,33.81055],[-79.95233,33.80354],[-79.94451,33.81021],[-79.9331,33.81074],[-79.9153,33.81865],[-79.91124,33.82532]]]},"properties":{"STATEFP":"45","COUNTYFP":"027","COUSUBFP":"93484","COUSUBNS":"01938449","GEOIDFQ":"0600000US4502793484","GEOID":"4502793484","NAME":"Turbeville","NAMELSAD":"Turbeville CCD","STUSPS":"SC","NAMELSADCO":"Clarendon County","STATE_NAME":"South Carolina","LSAD":"22","ALAND":134055576,"AWATER":161812}},
{"type":"Feature","geometry":{"type":"Polygon","coordinates":[[[-81.04149,35.0447],[-81.05002,35.05525],[-81.05765,35.06243],[-81.05724,35.08613],[-81.05208,35.09628],[-81.04652,35.10062],[-81.03737,35.10254],[-81.03281,35.10805],[-81.033,35.11375],[-81.03897,35.1263],[-81.05042,35.13105],[-81.0512,35.13324],[-81.04783,35.14374],[-81.04363,35.14988],[-81.10929,35.15411],[-81.24169,35.16008],[-81.3666,35.16489],[-81.40252,35.13689],[-81.40704,35.07233],[-81.40328,35.06679],[-81.39458,35.06173],[-81.3739,35.05687],[-81.36407,35.05861],[-81.35722,35.05797],[-81.34558,35.05093],[-81.32255,35.04155],[-81.31888,35.03837],[-81.30964,35.04684],[-81.30771,35.05792],[-81.30349,35.06141],[-81.29986,35.06936],[-81.29041,35.07262],[-81.2826,35.06895],[-81.2782,35.06912],[-81.2777,35.07779],[-81.27492,35.07975],[-81.2611,35.08003],[-81.25104,35.07608],[-81.24251,35.08107],[-81.23301,35.07279],[-81.22927,35.06706],[-81.22097,35.06879],[-81.21205,35.06258],[-81.20525,35.0621],[-81.2013,35.06535],[-81.19072,35.0671],[-81.18487,35.06151],[-81.18072,35.06025],[-81.16262,35.06176],[-81.15621,35.06041],[-81.14852,35.06485],[-81.13809,35.06502],[-81.12825,35.06044],[-81.12293,35.06017],[-81.11398,35.05242],[-81.10841,35.05283],[-81.09795,35.05004],[-81.08203,35.04155],[-81.07532,35.04293],[-81.06934,35.04125],[-81.05931,35.02784],[-81.04211,35.02987],[-81.03802,35.02751],[-81.03819,35.03903],[-81.04149,35.0447]]]},"properties":{"STATEFP":"45","COUNTYFP":"091","COUSUBFP":"90689","COUSUBNS":"01938233","GEOIDFQ":"0600000US4509190689","GEOID":"4509190689","NAME":"Clover","NAMELSAD":"Clover CCD","STUSPS":"SC","NAMELSADCO":"York County","STATE_NAME":"South Carolina","LSAD":"22","ALAND":340294870,"AWATER":16744355}},
{"type":"Feature","geometry":{"type":"Polygon","coordinates":[[[-82.22582,34.87148],[-82.22548,34.87163],[-82.2227,34.92798],[-82.22138,34.97287],[-82.22794,34.97352],[-82.24069,34.9799],[-82.25265,34.97716],[-82.25809,34.97761],[-82.2642,34.97963],[-82.27661,34.978],[-82.28348,34.9699],[-82.2866,34.96376],[-82.28625,34.95608],[-82.28184,34.94634],[-82.27624,34.94445],[-82.26955,34.93258],[-82.26891,34.92044],[-82.26651,34.91667],[-82.2582,34.91672],[-82.25349,34.90705],[-82.25114,34.89622],[-82.25307,34.88625],[-82.25069,34.87853],[-82.24716,34.87819],[-82.24305,34.87201],[-82.23778,34.87148],[-82.23487,34.86788],[-82.22582,34.87148]]]},"properties":{"STATEFP":"45","COUNTYFP":"045","COUSUBFP":"91391","COUSUBNS":"01938287","GEOIDFQ":"0600000US4504591391","GEOID":"4504591391","NAME":"Greer","NAMELSAD":"Greer CCD","STUSPS":"SC","NAMELSADCO":"Greenville County","STATE_NAME":"South Carolina","LSAD":"22","ALAND":46266404,"AWATER":358982}},
{"type":"Feature","geometry":{"type":"Polygon","coordinates":[[[-81.93939,33.71552],[-81.94128,33.69745],[-81.93621,33.69588],[-81.93104,33.68958],[-81.92616,33.69133],[-81.91907,33.68843],[-81.92221,33.67813],[-81.92705,33.67104],[-81.92659,33.66733],[-81.9318,33.66232],[-81.9414,33.65726],[-81.9489,33.64889],[-81.94676,33.64246],[-81.94072,33.64061],[-81.93337,33.64467],[-81.92067,33.64452],[-81.90892,33.63989],[-81.90318,33.64625],[-81.87754,33.63752],[-81.77837,33.71527],[-81.78684,33.72201],[-81.78914,33.72719],[-81.79481,33.73267],[-81.80493,33.74953],[-81.80929,33.7498],[-81.81388,33.7553],[-81.82676,33.76035],[-81.84173,33.76452],[-81.84714,33.76504],[-81.85599,33.77469],[-81.85915,33.78021],[-81.86445,33.76561],[-81.87147,33.76542],[-81.88014,33.75098],[-81.88078,33.74638],[-81.91233,33.72105],[-81.93544,33.72243],[-81.93939,33.71552]]]},"properties":{"STATEFP":"45","COUNTYFP":"037","COUSUBFP":"93445","COUSUBNS":"01938446","GEOIDFQ":"0600000US4503793445","GEOID":"4503793445","NAME":"Trenton","NAMELSAD":"Trenton CCD","STUSPS":"SC","NAMELSADCO":"Edgefield County","STATE_NAME":"South Carolina","LSAD":"22","ALAND":128980473,"AWATER":1803648}},
{"type":"Feature","geometry":{"type":"Polygon","coordinates":[[[-81.01046,34.41023],[-81.01108,34.416],[-81.00697,34.42013],[-81.00807,34.43247],[-81.00272,34.43937],[-80.99555,34.44308],[-80.98224,34.44651],[-80.96935,34.4437],[-80.96488,34.45003],[-80.95649,34.44676],[-80.94621,34.45595],[-80.94206,34.45681],[-80.93507,34.4542],[-80.92983,34.46009],[-80.92541,34.46899],[-80.90824,34.47086],[-80.88825,34.46787],[-80.89608,34.48385],[-80.89872,34.48669],[-80.89719,34.49168],[-80.89204,34.49536],[-80.8875,34.4954],[-80.88172,34.50012],[-80.88125,34.50632],[-80.87617,34.52499],[-80.87548,34.53591],[-80.8776,34.54315],[-80.9509,34.54539],[-81.00492,34.54804],[-81.05999,34.55324],[-81.12017,34.55652],[-81.12481,34.55664],[-81.24226,34.56347],[-81.30071,34.56618],[-81.2979,34.55686],[-81.29785,34.54527],[-81.29039,34.53384],[-81.28403,34.52939],[-81.27532,34.49257],[-81.27544,34.48113],[-81.27326,34.47066],[-81.27437,34.46562],[-81.26488,34.45651],[-81.26176,34.44884],[-81.25147,34.43227],[-81.25288,34.42888],[-81.24969,34.42434],[-81.24127,34.42097],[-81.23857,34.41515],[-81.24381,34.40512],[-81.24902,34.40352],[-81.24962,34.39866],[-81.24422,34.39175],[-81.24242,34.38457],[-81.24551,34.37677],[-81.24238,34.37327],[-81.24559,34.36383],[-81.24271,34.36182],[-81.23851,34.35312],[-81.22713,34.36338],[-81.21724,34.36965],[-81.2063,34.37217],[-81.20031,34.37],[-81.1908,34.3773],[-81.18792,34.37572],[-81.17822,34.37919],[-81.16362,34.38129],[-81.15436,34.384],[-81.14265,34.39064],[-81.13032,34.39127],[-81.11546,34.38651],[-81.10664,34.39008],[-81.10506,34.39276],[-81.09244,34.3916],[-81.07976,34.40059],[-81.06553,34.40115],[-81.04731,34.399],[-81.03766,34.40387],[-81.03466,34.40757],[-81.02759,34.40802],[-81.01642,34.41098],[-81.01046,34.41023]]]},"properties":{"STATEFP":"45","COUNTYFP":"039","COUSUBFP":"93757","COUSUBNS":"01938470","GEOIDFQ":"0600000US4503993757","GEOID":"4503993757","NAME":"Winnsboro North","NAMELSAD":"Winnsboro North CCD","STUSPS":"SC","NAMELSADCO":"Fairfield County","STATE_NAME":"South Carolina","LSAD":"22","ALAND":562388801,"AWATER":4694194}},
{"type":"Feature","geometry":{"type":"Polygon","coordinates":[[[-80.77598,33.58132],[-80.76886,33.58875],[-80.75651,33.59771],[-80.74486,33.60225],[-80.7371,33.60654],[-80.73874,33.61578],[-80.74314,33.63152],[-80.72653,33.63263],[-80.72022,33.63982],[-80.71065,33.64449],[-80.69723,33.64537],[-80.68543,33.65035],[-80.68072,33.64941],[-80.68447,33.65292],[-80.6942,33.6566],[-80.70393,33.66774],[-80.69776,33.67676],[-80.70523,33.68334],[-80.72015,33.68787],[-80.72037,33.69114],[-80.71377,33.69749],[-80.70993,33.71004],[-80.71065,33.71382],[-80.71696,33.71986],[-80.71911,33.73301],[-80.71583,33.74292],[-80.7236,33.7445],[-80.74377,33.7385],[-80.75452,33.72852],[-80.76747,33.72327],[-80.77841,33.72129],[-80.77877,33.73065],[-80.776,33.73707],[-80.76414,33.74377],[-80.75917,33.75459],[-80.74734,33.76174],[-80.74981,33.7646],[-80.75618,33.76482],[-80.75973,33.774],[-80.76634,33.76682],[-80.77177,33.7719],[-80.77935,33.76171],[-80.78486,33.76101],[-80.78297,33.7689],[-80.79335,33.76953],[-80.80759,33.77421],[-80.80954,33.77848],[-80.81569,33.78107],[-80.8219,33.77439],[-80.82799,33.77621],[-80.82257,33.78457],[-80.82958,33.78491],[-80.83482,33.78739],[-80.84163,33.78634],[-80.84961,33.78109],[-80.85599,33.78555],[-80.86249,33.7834],[-80.86677,33.77861],[-80.87733,33.77789],[-80.88123,33.77474],[-80.88282,33.76947],[-80.90055,33.75695],[-80.90197,33.75252],[-80.88635,33.74295],[-80.8757,33.72662],[-80.86703,33.70365],[-80.87908,33.706],[-80.87369,33.69553],[-80.8739,33.68619],[-80.87827,33.67748],[-80.89093,33.65951],[-80.89592,33.64626],[-80.8912,33.6387],[-80.89214,33.62664],[-80.88541,33.61821],[-80.88139,33.6197],[-80.80763,33.60408],[-80.77598,33.58132]]]},"properties":{"STATEFP":"45","COUNTYFP":"017","COUSUBFP":"92938","COUSUBNS":"01938407","GEOIDFQ":"0600000US4501792938","GEOID":"4501792938","NAME":"St. Matthews","NAMELSAD":"St. Matthews CCD","STUSPS":"SC","NAMELSADCO":"Calhoun County","STATE_NAME":"South Carolina","LSAD":"22","ALAND":278024958,"AWATER":1730338}},
{"type":"Feature","geometry":{"type":"Polygon","coordinates":[[[-81.50949,34.26924],[-81.49843,34.25958],[-81.47354,34.24375],[-81.46883,34.24152],[-81.447,34.23438],[-81.42772,34.22599],[-81.41812,34.22269],[-81.39872,34.23119],[-81.39524,34.24257],[-81.39081,34.24448],[-81.37522,34.24038],[-81.36604,34.24637],[-81.35043,34.25021],[-81.34332,34.24764],[-81.34094,34.24345],[-81.3351,34.24139],[-81.32107,34.24373],[-81.32838,34.25702],[-81.3423,34.26693],[-81.34534,34.27592],[-81.34428,34.28274],[-81.33967,34.28998],[-81.34349,34.29818],[-81.35399,34.30288],[-81.35898,34.31052],[-81.36647,34.32582],[-81.36584,34.33042],[-81.37153,34.34069],[-81.37146,34.3504],[-81.37816,34.36209],[-81.38269,34.36718],[-81.38727,34.38026],[-81.39484,34.3871],[-81.39732,34.39259],[-81.39795,34.40093],[-81.40624,34.41449],[-81.40659,34.42169],[-81.41121,34.43325],[-81.41761,34.43306],[-81.42069,34.42853],[-81.43348,34.42342],[-81.44331,34.42118],[-81.44458,34.42522],[-81.45032,34.42955],[-81.4589,34.42494],[-81.46665,34.42345],[-81.47686,34.42606],[-81.48359,34.4205],[-81.48897,34.42036],[-81.49413,34.41641],[-81.5012,34.4147],[-81.50693,34.40916],[-81.51247,34.40888],[-81.51983,34.40197],[-81.53575,34.39721],[-81.54051,34.4006],[-81.54326,34.39546],[-81.55106,34.39106],[-81.55282,34.38668],[-81.52846,34.36848],[-81.52434,34.36414],[-81.51696,34.35222],[-81.50998,34.34365],[-81.5421,34.32585],[-81.54612,34.32437],[-81.54088,34.31643],[-81.54141,34.30837],[-81.53938,34.30052],[-81.53637,34.29681],[-81.54605,34.29324],[-81.51652,34.27527],[-81.50949,34.26924]]]},"properties":{"STATEFP":"45","COUNTYFP":"071","COUSUBFP":"92704","COUSUBNS":"01938389","GEOIDFQ":"0600000US4507192704","GEOID":"4507192704","NAME":"Pomaria","NAMELSAD":"Pomaria CCD","STUSPS":"SC","NAMELSADCO":"Newberry County","STATE_NAME":"South Carolina","LSAD":"22","ALAND":291317249,"AWATER":6400874}},
{"type":"Feature","geometry":{"type":"Polygon","coordinates":[[[-81.8503,35.03285],[-81.84778,35.03887],[-81.85589,35.04794],[-81.86338,35.05234],[-81.87275,35.0661],[-81.87751,35.06617],[-81.87849,35.07619],[-81.88308,35.08279],[-81.89609,35.09798],[-81.90864,35.09949],[-81.90995,35.10312],[-81.92172,35.10735],[-81.93827,35.10521],[-81.94076,35.10933],[-81.95263,35.10601],[-81.9589,35.11019],[-81.97442,35.11138],[-81.98387,35.11019],[-81.99054,35.11158],[-81.99928,35.10526],[-82.01222,35.10924],[-82.02222,35.1061],[-82.03,35.11202],[-82.04059,35.11318],[-82.03999,35.0936],[-82.03833,35.09053],[-82.02424,35.08006],[-82.01657,35.07217],[-82.01913,35.07089],[-82.01827,35.06092],[-82.01427,35.05248],[-82.00958,35.03788],[-82.00077,35.04024],[-81.995,35.03285],[-81.99304,35.02609],[-81.98524,35.01912],[-81.97235,35.01446],[-81.96478,35.01446],[-81.94997,35.02326],[-81.94992,35.02888],[-81.94555,35.03885],[-81.93455,35.03625],[-81.92643,35.03652],[-81.90394,35.03511],[-81.89616,35.02846],[-81.8848,35.02412],[-81.8503,35.03285]]]},"properties":{"STATEFP":"45","COUNTYFP":"083","COUSUBFP":"90338","COUSUBNS":"01938206","GEOIDFQ":"0600000US4508390338","GEOID":"4508390338","NAME":"Boiling Springs","NAMELSAD":"Boiling Springs CCD","STUSPS":"SC","NAMELSADCO":"Spartanburg County","STATE_NAME":"South Carolina","LSAD":"22","ALAND":115947588,"AWATER":3145774}},
{"type":"Feature","geometry":{"type":"Polygon","coordinates":[[[-80.43344,34.22296],[-80.44516,34.20605],[-80.45454,34.20796],[-80.4557,34.20398],[-80.45237,34.19899],[-80.46086,34.18332],[-80.46462,34.17862],[-80.47986,34.1687],[-80.48029,34.1255],[-80.48132,34.11262],[-80.47411,34.10987],[-80.45036,34.10025],[-80.40872,34.0823],[-80.40553,34.08137],[-80.39564,34.08949],[-80.37874,34.0807],[-80.36941,34.08112],[-80.32172,34.08036],[-80.31561,34.07738],[-80.30324,34.06322],[-80.29493,34.03944],[-80.26906,34.0351],[-80.27543,34.04159],[-80.27669,34.05344],[-80.28048,34.05726],[-80.27935,34.0623],[-80.28249,34.07007],[-80.27705,34.09356],[-80.28025,34.09894],[-80.28097,34.10828],[-80.2866,34.11591],[-80.28634,34.12282],[-80.28869,34.1302],[-80.30037,34.1395],[-80.30017,34.14246],[-80.30481,34.151],[-80.31251,34.16059],[-80.3113,34.17664],[-80.31664,34.18641],[-80.32829,34.19769],[-80.33689,34.20354],[-80.3408,34.20851],[-80.35214,34.21183],[-80.36234,34.2198],[-80.36368,34.22659],[-80.37317,34.22697],[-80.38819,34.22486],[-80.41834,34.21699],[-80.42486,34.21816],[-80.43344,34.22296]]]},"properties":{"STATEFP":"45","COUNTYFP":"061","COUSUBFP":"90104","COUSUBNS":"01938188","GEOIDFQ":"0600000US4506190104","GEOID":"4506190104","NAME":"Ashwood","NAMELSAD":"Ashwood CCD","STUSPS":"SC","NAMELSADCO":"Lee County","STATE_NAME":"South Carolina","LSAD":"22","ALAND":234458737,"AWATER":1181677}},
{"type":"Feature","geometry":{"type":"Polygon","coordinates":[[[-80.83152,32.11425],[-80.82153,32.10859],[-80.8125,32.10975],[-80.79,32.12249],[-80.73994,32.14613],[-80.7299,32.1528],[-80.71429,32.1686],[-80.70019,32.18834],[-80.68628,32.20321],[-80.67165,32.21341],[-80.66788,32.22068],[-80.67222,32.22951],[-80.67785,32.23641],[-80.68651,32.24419],[-80.69326,32.24698],[-80.7059,32.25616],[-80.7178,32.26697],[-80.72708,32.27055],[-80.74074,32.26392],[-80.75044,32.25736],[-80.75369,32.2514],[-80.75026,32.24241],[-80.75346,32.23796],[-80.75897,32.23528],[-80.76372,32.22895],[-80.76958,32.22467],[-80.77718,32.22602],[-80.78336,32.22435],[-80.78855,32.21971],[-80.78316,32.20697],[-80.7828,32.20188],[-80.7919,32.18269],[-80.80145,32.1719],[-80.82945,32.15021],[-80.83152,32.11425]]]},"properties":{"STATEFP":"45","COUNTYFP":"013","COUSUBFP":"91540","COUSUBNS":"01938299","GEOIDFQ":"0600000US4501391540","GEOID":"4501391540","NAME":"Hilton Head Island","NAMELSAD":"Hilton Head Island CCD","STUSPS":"SC","NAMELSADCO":"Beaufort County","STATE_NAME":"South Carolina","LSAD":"22","ALAND":108469680,"AWATER":195477359}},
{"type":"Feature","geometry":{"type":"Polygon","coordinates":[[[-81.91186,34.60893],[-81.9103,34.60304],[-81.89976,34.59899],[-81.89495,34.60191],[-81.89096,34.59249],[-81.88247,34.59483],[-81.87116,34.59288],[-81.86952,34.58744],[-81.86447,34.5808],[-81.85876,34.59223],[-81.85186,34.59478],[-81.83823,34.64616],[-81.82708,34.66557],[-81.82036,34.68654],[-81.83731,34.69565],[-81.84066,34.70402],[-81.84935,34.70927],[-81.87018,34.71987],[-81.87324,34.72429],[-81.87906,34.71946],[-81.88328,34.72196],[-81.88658,34.73406],[-81.89564,34.73507],[-81.89549,34.73859],[-81.90116,34.74456],[-81.91663,34.74495],[-81.92729,34.7553],[-81.93479,34.74889],[-81.93942,34.74711],[-81.96049,34.74694],[-81.95493,34.73759],[-81.95504,34.731],[-81.9674,34.72655],[-81.97802,34.71589],[-81.98289,34.71242],[-81.99411,34.69917],[-82.00309,34.69014],[-82.00932,34.67365],[-82.0123,34.66859],[-82.00464,34.66235],[-81.99085,34.66173],[-81.98828,34.65942],[-81.97142,34.65851],[-81.97071,34.65041],[-81.95728,34.64892],[-81.95185,34.64954],[-81.94389,34.64347],[-81.94148,34.6338],[-81.93788,34.63596],[-81.92767,34.62485],[-81.92648,34.61821],[-81.91977,34.61201],[-81.91186,34.60893]]]},"properties":{"STATEFP":"45","COUNTYFP":"083","COUSUBFP":"91053","COUSUBNS":"01938261","GEOIDFQ":"0600000US4508391053","GEOID":"4508391053","NAME":"Enoree","NAMELSAD":"Enoree CCD","STUSPS":"SC","NAMELSADCO":"Spartanburg County","STATE_NAME":"South Carolina","LSAD":"22","ALAND":178758215,"AWATER":1499850}},
{"type":"Feature","geometry":{"type":"Polygon","coordinates":[[[-82.22609,34.85661],[-82.22109,34.86384],[-82.21652,34.86237],[-82.21335,34.86825],[-82.20203,34.87453],[-82.18936,34.8746],[-82.18656,34.87676],[-82.17169,34.87528],[-82.16561,34.87116],[-82.15623,34.87121],[-82.15002,34.87454],[-82.14774,34.87973],[-82.14956,34.88508],[-82.14506,34.88967],[-82.12698,34.89674],[-82.11797,34.90355],[-82.12275,34.90821],[-82.11977,34.91357],[-82.12593,34.91957],[-82.1458,34.92505],[-82.16069,34.93524],[-82.16139,34.94172],[-82.17071,34.94644],[-82.1779,34.9479],[-82.18001,34.95255],[-82.17427,34.95752],[-82.17505,34.96246],[-82.18507,34.97292],[-82.1917,34.97256],[-82.19481,34.98604],[-82.19453,35.00137],[-82.20158,35.00704],[-82.20195,35.01203],[-82.20624,35.01537],[-82.20906,35.01701],[-82.2143,35.02776],[-82.21447,35.03103],[-82.21961,35.0405],[-82.22138,34.97287],[-82.2227,34.92798],[-82.22548,34.87163],[-82.22582,34.87148],[-82.22609,34.85661]]]},"properties":{"STATEFP":"45","COUNTYFP":"083","COUSUBFP":"91404","COUSUBNS":"01938288","GEOIDFQ":"0600000US4508391404","GEOID":"4508391404","NAME":"Greer","NAMELSAD":"Greer CCD","STUSPS":"SC","NAMELSADCO":"Spartanburg County","STATE_NAME":"South Carolina","LSAD":"22","ALAND":84530671,"AWATER":1840902}},
{"type":"Feature","geometry":{"type":"Polygon","coordinates":[[[-81.31691,34.23946],[-81.32879,34.22733],[-81.34533,34.20503],[-81.33896,34.19759],[-81.3294,34.19042],[-81.31446,34.18691],[-81.30227,34.16239],[-81.31164,34.15447],[-81.31504,34.14614],[-81.3119,34.14118],[-81.29102,34.11716],[-81.28831,34.11753],[-81.27584,34.09738],[-81.27095,34.09904],[-81.25806,34.10193],[-81.24373,34.1022],[-81.22328,34.10078],[-81.19805,34.09626],[-81.17285,34.08755],[-81.15289,34.0776],[-81.13928,34.06834],[-81.12526,34.05574],[-81.11056,34.0369],[-81.10329,34.02349],[-81.09841,34.01883],[-81.08961,34.01341],[-81.08104,34.01153],[-81.07301,34.00646],[-81.06689,34.00905],[-81.05971,34.00525],[-81.06004,34.01224],[-81.06472,34.02085],[-81.0696,34.02592],[-81.07064,34.03874],[-81.07631,34.05915],[-81.08838,34.07955],[-81.10409,34.08921],[-81.10968,34.09949],[-81.11868,34.10691],[-81.12177,34.1169],[-81.1255,34.12151],[-81.13307,34.12515],[-81.1443,34.14707],[-81.14824,34.15663],[-81.15578,34.16364],[-81.16374,34.16547],[-81.17829,34.17455],[-81.20165,34.18879],[-81.20841,34.19433],[-81.21873,34.1968],[-81.22185,34.20302],[-81.22641,34.20569],[-81.25127,34.20295],[-81.25929,34.20894],[-81.26951,34.22184],[-81.27313,34.22281],[-81.27957,34.23062],[-81.2966,34.23739],[-81.31033,34.23696],[-81.31691,34.23946]]]},"properties":{"STATEFP":"45","COUNTYFP":"079","COUSUBFP":"90923","COUSUBNS":"01938251","GEOIDFQ":"0600000US4507990923","GEOID":"4507990923","NAME":"Dutch Fork","NAMELSAD":"Dutch Fork CCD","STUSPS":"SC","NAMELSADCO":"Richland County","STATE_NAME":"South Carolina","LSAD":"22","ALAND":216658573,"AWATER":12915411}},
{"type":"Feature","geometry":{"type":"Polygon","coordinates":[[[-80.69296,34.08128],[-80.70359,34.08099],[-80.71088,34.07474],[-80.71717,34.07265],[-80.71932,34.06897],[-80.85138,34.17407],[-80.86913,34.18287],[-80.87447,34.18373],[-80.89151,34.19176],[-80.90063,34.18347],[-80.90317,34.17236],[-80.90664,34.16964],[-80.91097,34.15656],[-80.91085,34.14749],[-80.91825,34.13388],[-80.92839,34.12982],[-80.9392,34.12939],[-80.94341,34.13169],[-80.95046,34.12698],[-80.97232,34.12221],[-80.97894,34.1229],[-80.98021,34.11813],[-80.9875,34.1122],[-80.98588,34.10331],[-80.96953,34.09327],[-80.9641,34.09468],[-80.95853,34.10054],[-80.94903,34.08823],[-80.94092,34.08253],[-80.93562,34.08588],[-80.93091,34.08205],[-80.92239,34.08029],[-80.91173,34.06802],[-80.90542,34.06382],[-80.88264,34.07896],[-80.81956,34.1042],[-80.80789,34.10444],[-80.80143,34.10281],[-80.78528,34.10186],[-80.77713,34.10247],[-80.76745,34.09832],[-80.76122,34.08915],[-80.7561,34.08447],[-80.74165,34.08135],[-80.7353,34.07745],[-80.72638,34.06907],[-80.71409,34.06389],[-80.70393,34.06127],[-80.70268,34.06662],[-80.69296,34.08128]]]},"properties":{"STATEFP":"45","COUNTYFP":"079","COUSUBFP":"92717","COUSUBNS":"01938390","GEOIDFQ":"0600000US4507992717","GEOID":"4507992717","NAME":"Pontiac","NAMELSAD":"Pontiac CCD","STUSPS":"SC","NAMELSADCO":"Richland County","STATE_NAME":"South Carolina","LSAD":"22","ALAND":131444655,"AWATER":2479741}},
{"type":"Feature","geometry":{"type":"Polygon","coordinates":[[[-79.65616,33.91264],[-79.66702,33.90731],[-79.67787,33.90876],[-79.69632,33.91532],[-79.70316,33.92022],[-79.70789,33.92712],[-79.71583,33.92904],[-79.72591,33.9284],[-79.73793,33.93735],[-79.74077,33.94351],[-79.74739,33.94393],[-79.74709,33.93893],[-79.75492,33.93701],[-79.75563,33.92944],[-79.75385,33.92618],[-79.78532,33.92614],[-79.80191,33.92887],[-79.80003,33.91994],[-79.78757,33.90811],[-79.77495,33.9],[-79.7987,33.88944],[-79.79927,33.88792],[-79.82699,33.88571],[-79.83488,33.8826],[-79.79837,33.83556],[-79.74339,33.83506],[-79.73762,33.82582],[-79.72494,33.81455],[-79.71673,33.81533],[-79.71039,33.81391],[-79.69963,33.81401],[-79.69096,33.80592],[-79.68797,33.80491],[-79.67864,33.81408],[-79.6725,33.81563],[-79.66651,33.81336],[-79.65175,33.81409],[-79.63581,33.81804],[-79.62988,33.81828],[-79.61854,33.82197],[-79.61171,33.82625],[-79.59944,33.83063],[-79.58504,33.82689],[-79.57288,33.82722],[-79.56912,33.82901],[-79.56346,33.82448],[-79.55764,33.82324],[-79.55415,33.833],[-79.54787,33.84045],[-79.54584,33.85226],[-79.54831,33.85694],[-79.5537,33.85994],[-79.56813,33.86105],[-79.57554,33.85604],[-79.59059,33.86169],[-79.59009,33.86588],[-79.59861,33.8712],[-79.60473,33.87181],[-79.61045,33.87633],[-79.61657,33.87713],[-79.6253,33.88269],[-79.62634,33.88727],[-79.63537,33.89983],[-79.63963,33.90207],[-79.64484,33.90886],[-79.64765,33.90579],[-79.65616,33.91264]]]},"properties":{"STATEFP":"45","COUNTYFP":"041","COUSUBFP":"91807","COUSUBNS":"01938320","GEOIDFQ":"0600000US4504191807","GEOID":"4504191807","NAME":"Lake City-Scranton","NAMELSAD":"Lake City-Scranton CCD","STUSPS":"SC","NAMELSADCO":"Florence County","STATE_NAME":"South Carolina","LSAD":"22","ALAND":212323766,"AWATER":198688}},
{"type":"Feature","geometry":{"type":"Polygon","coordinates":[[[-81.2278,33.1607],[-81.22391,33.16963],[-81.22185,33.18428],[-81.2206,33.20602],[-81.21793,33.20838],[-81.22172,33.21431],[-81.21772,33.2218],[-81.22066,33.22852],[-81.21994,33.25015],[-81.22082,33.25915],[-81.21972,33.28198],[-81.21908,33.2954],[-81.22482,33.29265],[-81.23496,33.29604],[-81.25244,33.2965],[-81.25956,33.29945],[-81.26066,33.30368],[-81.27381,33.30174],[-81.28249,33.30229],[-81.2926,33.29717],[-81.30369,33.29486],[-81.30844,33.29581],[-81.31805,33.30096],[-81.31586,33.30414],[-81.32539,33.3109],[-81.35098,33.31281],[-81.35713,33.31165],[-81.3567,33.30008],[-81.36285,33.29224],[-81.37597,33.30753],[-81.37929,33.31487],[-81.3876,33.31957],[-81.40042,33.31057],[-81.40943,33.30588],[-81.41516,33.29499],[-81.4253,33.29315],[-81.42388,33.29036],[-81.43171,33.28742],[-81.42664,33.2744],[-81.42514,33.26735],[-81.42031,33.2569],[-81.41196,33.24862],[-81.40794,33.24018],[-81.39174,33.23087],[-81.3836,33.22372],[-81.37628,33.21487],[-81.36779,33.21256],[-81.36065,33.21238],[-81.35739,33.20923],[-81.34181,33.20457],[-81.3386,33.20263],[-81.32484,33.20068],[-81.32001,33.19715],[-81.31195,33.19674],[-81.30677,33.19376],[-81.30276,33.18662],[-81.29037,33.17731],[-81.28816,33.178],[-81.27868,33.1694],[-81.27067,33.17009],[-81.26384,33.16741],[-81.25983,33.16912],[-81.24729,33.1661],[-81.24025,33.16287],[-81.23165,33.16317],[-81.2278,33.1607]]]},"properties":{"STATEFP":"45","COUNTYFP":"011","COUSUBFP":"90143","COUSUBNS":"01938191","GEOIDFQ":"0600000US4501190143","GEOID":"4501190143","NAME":"Barnwell","NAMELSAD":"Barnwell CCD","STUSPS":"SC","NAMELSADCO":"Barnwell County","STATE_NAME":"South Carolina","LSAD":"22","ALAND":219758933,"AWATER":2217545}},
{"type":"Feature","geometry":{"type":"Polygon","coordinates":[[[-82.14167,34.47826],[-82.14662,34.48562],[-82.15097,34.48862],[-82.15269,34.50127],[-82.14826,34.50617],[-82.15377,34.51071],[-82.1528,34.51424],[-82.16577,34.5308],[-82.16729,34.53467],[-82.17332,34.53532],[-82.176,34.54018],[-82.18022,34.5403],[-82.18564,34.54995],[-82.19054,34.55407],[-82.19464,34.55375],[-82.20579,34.56231],[-82.22122,34.54934],[-82.22745,34.54836],[-82.23572,34.54949],[-82.23606,34.53535],[-82.31387,34.48434],[-82.31247,34.47633],[-82.31454,34.46963],[-82.30502,34.46129],[-82.29388,34.45524],[-82.28793,34.45358],[-82.28317,34.44831],[-82.2778,34.43673],[-82.27309,34.43378],[-82.26606,34.43323],[-82.26033,34.42585],[-82.25946,34.41947],[-82.2544,34.42015],[-82.25287,34.41417],[-82.24634,34.40968],[-82.2446,34.40343],[-82.22837,34.40243],[-82.23146,34.39366],[-82.22839,34.39114],[-82.22076,34.39028],[-82.22099,34.38536],[-82.20916,34.37577],[-82.20085,34.37692],[-82.19689,34.37499],[-82.178,34.35813],[-82.17315,34.35083],[-82.17012,34.34016],[-82.1693,34.33075],[-82.1661,34.32965],[-82.15504,34.33167],[-82.14369,34.32576],[-82.13403,34.32379],[-82.12594,34.31648],[-82.12612,34.31078],[-82.12001,34.30382],[-82.10979,34.30781],[-82.09455,34.30129],[-82.08972,34.30158],[-82.08839,34.30642],[-82.08139,34.31446],[-82.07973,34.32204],[-82.0831,34.32727],[-82.09683,34.33681],[-82.10179,34.34428],[-82.10268,34.35179],[-82.10071,34.35823],[-82.10153,34.37225],[-82.1049,34.37512],[-82.10255,34.38213],[-82.10518,34.38873],[-82.10308,34.39253],[-82.10715,34.40657],[-82.10422,34.41054],[-82.10843,34.41425],[-82.11325,34.43451],[-82.12024,34.43584],[-82.12535,34.4441],[-82.13314,34.45185],[-82.13438,34.45735],[-82.13976,34.46624],[-82.13951,34.4722],[-82.14585,34.47462],[-82.14167,34.47826]]]},"properties":{"STATEFP":"45","COUNTYFP":"059","COUSUBFP":"92730","COUSUBNS":"01938391","GEOIDFQ":"0600000US4505992730","GEOID":"4505992730","NAME":"Princeton","NAMELSAD":"Princeton CCD","STUSPS":"SC","NAMELSADCO":"Laurens County","STATE_NAME":"South Carolina","LSAD":"22","ALAND":278155226,"AWATER":5963946}},
{"type":"Feature","geometry":{"type":"Polygon","coordinates":[[[-80.95062,33.52607],[-80.95483,33.52545],[-80.96397,33.53415],[-80.96871,33.53437],[-80.97677,33.54074],[-80.9797,33.54647],[-80.987,33.54994],[-80.99387,33.55795],[-81.00037,33.56224],[-81.00373,33.56747],[-81.0129,33.57322],[-81.0234,33.57736],[-81.03232,33.57591],[-81.04779,33.5812],[-81.04711,33.58388],[-81.06132,33.58833],[-81.0643,33.59069],[-81.08295,33.58798],[-81.08867,33.59008],[-81.1017,33.58795],[-81.11352,33.59383],[-81.12072,33.60119],[-81.12998,33.60637],[-81.13559,33.60698],[-81.14368,33.59931],[-81.16098,33.6027],[-81.17217,33.60124],[-81.17649,33.59278],[-81.17479,33.58499],[-81.1802,33.57432],[-81.18504,33.57098],[-81.19345,33.56211],[-81.20293,33.5625],[-81.20869,33.54485],[-81.20778,33.53106],[-81.19922,33.53252],[-81.19893,33.52904],[-81.19195,33.51828],[-81.1894,33.51027],[-81.17936,33.51098],[-81.16865,33.5097],[-81.16112,33.51077],[-81.15668,33.50455],[-81.14944,33.50363],[-81.14686,33.50917],[-81.13031,33.50542],[-81.11779,33.50012],[-81.11868,33.48676],[-81.11279,33.4867],[-81.10445,33.4923],[-81.08477,33.49171],[-81.07306,33.47954],[-81.05517,33.47974],[-81.04538,33.47732],[-81.0397,33.4898],[-81.03226,33.49467],[-81.02202,33.49056],[-81.00702,33.47909],[-80.99889,33.47941],[-80.99228,33.48837],[-80.99178,33.49621],[-80.98453,33.50011],[-80.97898,33.50647],[-80.96293,33.50784],[-80.96461,33.51314],[-80.95586,33.52079],[-80.94848,33.52473],[-80.95062,33.52607]]]},"properties":{"STATEFP":"45","COUNTYFP":"075","COUSUBFP":"92340","COUSUBNS":"01938361","GEOIDFQ":"0600000US4507592340","GEOID":"4507592340","NAME":"Neeses","NAMELSAD":"Neeses CCD","STUSPS":"SC","NAMELSADCO":"Orangeburg County","STATE_NAME":"South Carolina","LSAD":"22","ALAND":207855327,"AWATER":1694767}},
{"type":"Feature","geometry":{"type":"Polygon","coordinates":[[[-82.9116,34.79791],[-82.91961,34.80315],[-82.92297,34.81318],[-82.93294,34.81911],[-82.94114,34.83081],[-82.94095,34.83548],[-82.94906,34.83326],[-82.95637,34.83575],[-82.96686,34.83214],[-82.9815,34.83706],[-82.98546,34.84428],[-82.98033,34.8493],[-82.98577,34.85854],[-82.99805,34.86666],[-83.00453,34.86807],[-83.01043,34.8738],[-83.0158,34.87013],[-83.02434,34.87198],[-83.03465,34.87111],[-83.04666,34.87539],[-83.05044,34.88286],[-83.05794,34.88129],[-83.06348,34.87488],[-83.06451,34.86111],[-83.07004,34.86215],[-83.07409,34.84867],[-83.06618,34.84039],[-83.0568,34.83687],[-83.05572,34.83414],[-83.0451,34.82881],[-83.04667,34.81563],[-83.05129,34.81045],[-83.05677,34.80894],[-83.06603,34.80348],[-83.0744,34.80286],[-83.08148,34.78937],[-83.09421,34.79554],[-83.10763,34.78683],[-83.10519,34.77963],[-83.09627,34.77331],[-83.0998,34.75311],[-83.11018,34.74217],[-83.12477,34.72461],[-83.12367,34.72052],[-83.11842,34.71484],[-83.10165,34.71335],[-83.09649,34.70843],[-83.0917,34.70694],[-83.07856,34.69791],[-83.07401,34.69738],[-83.06311,34.68835],[-83.05308,34.68635],[-83.04174,34.69062],[-83.03267,34.69274],[-83.03068,34.69839],[-83.02331,34.70038],[-83.0118,34.69882],[-82.99357,34.70555],[-82.99049,34.70766],[-82.99446,34.71703],[-82.98827,34.72637],[-82.97697,34.72984],[-82.96664,34.72448],[-82.95787,34.72249],[-82.94147,34.72531],[-82.93003,34.73102],[-82.92226,34.73715],[-82.91803,34.74316],[-82.91943,34.74709],[-82.92807,34.75666],[-82.93185,34.76361],[-82.93221,34.77381],[-82.92194,34.78346],[-82.9116,34.79791]]]},"properties":{"STATEFP":"45","COUNTYFP":"073","COUSUBFP":"93575","COUSUBNS":"01938456","GEOIDFQ":"0600000US4507393575","GEOID":"4507393575","NAME":"Walhalla","NAMELSAD":"Walhalla CCD","STUSPS":"SC","NAMELSADCO":"Oconee County","STATE_NAME":"South Carolina","LSAD":"22","ALAND":221351056,"AWATER":21073830}},
{"type":"Feature","geometry":{"type":"Polygon","coordinates":[[[-81.59652,34.11749],[-81.5896,34.11721],[-81.58554,34.11165],[-81.57135,34.09971],[-81.56342,34.09926],[-81.55415,34.09407],[-81.54558,34.091],[-81.54236,34.08422],[-81.5389,34.08174],[-81.53017,34.08289],[-81.51883,34.08139],[-81.51385,34.08225],[-81.50963,34.07695],[-81.50248,34.07388],[-81.48215,34.0819],[-81.47197,34.07655],[-81.4655,34.08731],[-81.44487,34.07767],[-81.43042,34.08328],[-81.42492,34.08295],[-81.41473,34.07419],[-81.39408,34.07155],[-81.38823,34.07935],[-81.39701,34.08598],[-81.40828,34.09834],[-81.41708,34.10981],[-81.42216,34.11001],[-81.42091,34.11549],[-81.4322,34.12125],[-81.43717,34.12996],[-81.40367,34.17788],[-81.38714,34.17675],[-81.37477,34.17901],[-81.36015,34.18907],[-81.35235,34.19669],[-81.33896,34.19759],[-81.34533,34.20503],[-81.32879,34.22733],[-81.31691,34.23946],[-81.32107,34.24373],[-81.3351,34.24139],[-81.34094,34.24345],[-81.34332,34.24764],[-81.35043,34.25021],[-81.36604,34.24637],[-81.37522,34.24038],[-81.39081,34.24448],[-81.39524,34.24257],[-81.39872,34.23119],[-81.41812,34.22269],[-81.42772,34.22599],[-81.447,34.23438],[-81.46883,34.24152],[-81.47354,34.24375],[-81.49843,34.25958],[-81.50949,34.26924],[-81.53974,34.26789],[-81.54677,34.26153],[-81.55333,34.25853],[-81.56239,34.25835],[-81.56936,34.25155],[-81.58556,34.24639],[-81.59139,34.24804],[-81.59566,34.24415],[-81.60633,34.23885],[-81.61139,34.23801],[-81.61262,34.23031],[-81.6114,34.22385],[-81.59983,34.2222],[-81.60302,34.21104],[-81.60886,34.20296],[-81.60745,34.19466],[-81.60837,34.18807],[-81.615,34.18701],[-81.61411,34.18103],[-81.61734,34.17811],[-81.61055,34.16476],[-81.61195,34.1604],[-81.61762,34.1568],[-81.61385,34.15135],[-81.60949,34.15208],[-81.6101,34.14448],[-81.60354,34.13656],[-81.60791,34.13471],[-81.59652,34.11749]]]},"properties":{"STATEFP":"45","COUNTYFP":"071","COUSUBFP":"92756","COUSUBNS":"01938393","GEOIDFQ":"0600000US4507192756","GEOID":"4507192756","NAME":"Prosperity","NAMELSAD":"Prosperity CCD","STUSPS":"SC","NAMELSADCO":"Newberry County","STATE_NAME":"South Carolina","LSAD":"22","ALAND":337877973,"AWATER":27188615}},
{"type":"Feature","geometry":{"type":"Polygon","coordinates":[[[-80.96551,33.6253],[-80.9998,33.6608],[-81.0152,33.67795],[-81.02292,33.68557],[-81.04285,33.70713],[-81.08466,33.69603],[-81.10873,33.68559],[-81.18691,33.65292],[-81.16973,33.64151],[-81.16516,33.63216],[-81.15612,33.62405],[-81.14455,33.61654],[-81.14008,33.60923],[-81.13559,33.60698],[-81.12998,33.60637],[-81.12072,33.60119],[-81.11352,33.59383],[-81.1017,33.58795],[-81.08867,33.59008],[-81.08295,33.58798],[-81.0643,33.59069],[-81.06132,33.58833],[-81.04711,33.58388],[-81.04779,33.5812],[-81.03232,33.57591],[-81.0234,33.57736],[-81.0129,33.57322],[-81.00373,33.56747],[-81.00037,33.56224],[-80.99387,33.55795],[-80.987,33.54994],[-80.9797,33.54647],[-80.97677,33.54074],[-80.96871,33.53437],[-80.96397,33.53415],[-80.95483,33.52545],[-80.95062,33.52607],[-80.95505,33.53656],[-80.95531,33.54687],[-80.95172,33.55868],[-80.94846,33.56379],[-80.9467,33.58001],[-80.95,33.58475],[-80.95936,33.60344],[-80.96094,33.61653],[-80.96551,33.6253]]]},"properties":{"STATEFP":"45","COUNTYFP":"075","COUSUBFP":"92405","COUSUBNS":"01938366","GEOIDFQ":"0600000US4507592405","GEOID":"4507592405","NAME":"North","NAMELSAD":"North CCD","STUSPS":"SC","NAMELSADCO":"Orangeburg County","STATE_NAME":"South Carolina","LSAD":"22","ALAND":206281547,"AWATER":1296540}},
{"type":"Feature","geometry":{"type":"Polygon","coordinates":[[[-81.1008,33.21768],[-81.13184,33.2363],[-81.15463,33.24426],[-81.16129,33.253],[-81.16978,33.26049],[-81.17734,33.27705],[-81.17938,33.28745],[-81.18572,33.29037],[-81.1997,33.28817],[-81.21972,33.28198],[-81.22082,33.25915],[-81.21994,33.25015],[-81.22066,33.22852],[-81.21772,33.2218],[-81.22172,33.21431],[-81.21793,33.20838],[-81.2206,33.20602],[-81.22185,33.18428],[-81.22391,33.16963],[-81.2278,33.1607],[-81.22579,33.15653],[-81.22069,33.15447],[-81.21146,33.14354],[-81.2108,33.13882],[-81.20644,33.12964],[-81.19833,33.12659],[-81.1931,33.11867],[-81.17415,33.10197],[-81.17078,33.09569],[-81.16188,33.09143],[-81.14871,33.08091],[-81.1449,33.07279],[-81.13293,33.06413],[-81.12445,33.05322],[-81.11567,33.04981],[-81.10117,33.0491],[-81.09851,33.04721],[-81.09803,33.05117],[-81.09238,33.06536],[-81.10273,33.07028],[-81.10221,33.08611],[-81.09504,33.08949],[-81.09694,33.09438],[-81.09645,33.10183],[-81.09203,33.10924],[-81.09107,33.12421],[-81.09859,33.14681],[-81.09585,33.15623],[-81.08266,33.16425],[-81.07593,33.16658],[-81.07634,33.17668],[-81.06256,33.19354],[-81.06964,33.20104],[-81.08413,33.2076],[-81.0886,33.21159],[-81.1008,33.21768]]]},"properties":{"STATEFP":"45","COUNTYFP":"009","COUSUBFP":"92483","COUSUBNS":"01938372","GEOIDFQ":"0600000US4500992483","GEOID":"4500992483","NAME":"Olar","NAMELSAD":"Olar CCD","STUSPS":"SC","NAMELSADCO":"Bamberg County","STATE_NAME":"South Carolina","LSAD":"22","ALAND":225610603,"AWATER":727455}},
{"type":"Feature","geometry":{"type":"Polygon","coordinates":[[[-82.42024,34.5591],[-82.41948,34.56866],[-82.42589,34.57396],[-82.42161,34.57712],[-82.424,34.58459],[-82.42998,34.59513],[-82.42835,34.59887],[-82.43593,34.60511],[-82.43904,34.60988],[-82.44976,34.61932],[-82.45293,34.62377],[-82.45345,34.63637],[-82.44964,34.63997],[-82.45432,34.64331],[-82.45729,34.65073],[-82.46188,34.65546],[-82.46464,34.67237],[-82.48137,34.6754],[-82.48297,34.67837],[-82.49189,34.67876],[-82.49548,34.68319],[-82.51498,34.69181],[-82.52115,34.69289],[-82.5252,34.68995],[-82.54287,34.69607],[-82.55283,34.68949],[-82.56031,34.68639],[-82.56764,34.67712],[-82.58348,34.66966],[-82.59057,34.66963],[-82.59691,34.67615],[-82.61426,34.67561],[-82.61769,34.67081],[-82.62592,34.66657],[-82.6286,34.66214],[-82.63574,34.65615],[-82.641,34.65722],[-82.64304,34.65186],[-82.63747,34.65029],[-82.64331,34.64039],[-82.64119,34.63072],[-82.64248,34.62452],[-82.63974,34.61487],[-82.63259,34.6156],[-82.62116,34.61067],[-82.61481,34.59997],[-82.61646,34.59712],[-82.61004,34.59148],[-82.60042,34.59494],[-82.57493,34.59148],[-82.57271,34.58106],[-82.57851,34.57267],[-82.57615,34.55878],[-82.5791,34.55425],[-82.57378,34.54913],[-82.57242,34.54497],[-82.57602,34.54179],[-82.57235,34.53463],[-82.57421,34.52802],[-82.57121,34.52872],[-82.56499,34.53567],[-82.55299,34.53975],[-82.54533,34.54665],[-82.53769,34.54987],[-82.52694,34.54932],[-82.51786,34.55297],[-82.51475,34.5581],[-82.50844,34.56269],[-82.5069,34.55602],[-82.49683,34.55106],[-82.48263,34.55102],[-82.4779,34.54881],[-82.46778,34.5558],[-82.4636,34.55066],[-82.45266,34.54369],[-82.44594,34.54932],[-82.44737,34.55301],[-82.44061,34.55467],[-82.43207,34.55158],[-82.43027,34.55484],[-82.42024,34.5591]]]},"properties":{"STATEFP":"45","COUNTYFP":"007","COUSUBFP":"93718","COUSUBNS":"01938467","GEOIDFQ":"0600000US4500793718","GEOID":"4500793718","NAME":"Williamston-Pelzer","NAMELSAD":"Williamston-Pelzer CCD","STUSPS":"SC","NAMELSADCO":"Anderson County","STATE_NAME":"South Carolina","LSAD":"22","ALAND":227860815,"AWATER":2338917}},
{"type":"Feature","geometry":{"type":"Polygon","coordinates":[[[-81.85915,33.78021],[-81.85599,33.77469],[-81.84714,33.76504],[-81.84173,33.76452],[-81.82676,33.76035],[-81.81388,33.7553],[-81.80929,33.7498],[-81.80493,33.74953],[-81.79481,33.73267],[-81.78914,33.72719],[-81.78684,33.72201],[-81.77837,33.71527],[-81.70379,33.77374],[-81.65176,33.81451],[-81.77662,33.84599],[-81.79982,33.85543],[-81.80804,33.85871],[-81.81406,33.86341],[-81.82461,33.86729],[-81.8338,33.86507],[-81.8391,33.85434],[-81.84001,33.84964],[-81.84764,33.83113],[-81.85024,33.81092],[-81.85563,33.79549],[-81.85915,33.78021]]]},"properties":{"STATEFP":"45","COUNTYFP":"037","COUSUBFP":"91729","COUSUBNS":"01938314","GEOIDFQ":"0600000US4503791729","GEOID":"4503791729","NAME":"Johnston","NAMELSAD":"Johnston CCD","STUSPS":"SC","NAMELSADCO":"Edgefield County","STATE_NAME":"South Carolina","LSAD":"22","ALAND":163591350,"AWATER":2530768}},
{"type":"Feature","geometry":{"type":"Polygon","coordinates":[[[-79.54852,34.2041],[-79.54573,34.21081],[-79.54404,34.22519],[-79.54793,34.23091],[-79.55549,34.24178],[-79.56208,34.25852],[-79.57156,34.26267],[-79.57666,34.27259],[-79.58364,34.27691],[-79.58719,34.28138],[-79.601,34.29053],[-79.61625,34.29633],[-79.62386,34.30056],[-79.63341,34.29799],[-79.63537,34.3013],[-79.64175,34.29976],[-79.65776,34.30519],[-79.66239,34.30759],[-79.67067,34.30401],[-79.67831,34.29258],[-79.67922,34.2878],[-79.6856,34.28443],[-79.69785,34.28926],[-79.71656,34.29208],[-79.72478,34.29699],[-79.72957,34.29519],[-79.75256,34.25062],[-79.75248,34.24725],[-79.75958,34.24605],[-79.77128,34.24895],[-79.78518,34.24935],[-79.79794,34.25471],[-79.80902,34.25244],[-79.8122,34.24868],[-79.81906,34.24535],[-79.89018,34.20029],[-79.91398,34.18522],[-79.90219,34.18155],[-79.88659,34.18245],[-79.87683,34.17193],[-79.87119,34.17063],[-79.85274,34.17566],[-79.8526,34.16463],[-79.85728,34.16146],[-79.85399,34.15766],[-79.84433,34.15578],[-79.82956,34.15705],[-79.81663,34.15924],[-79.80573,34.15542],[-79.79115,34.14672],[-79.78979,34.14416],[-79.77603,34.13876],[-79.75929,34.13959],[-79.75058,34.13856],[-79.72848,34.15596],[-79.70869,34.16023],[-79.70562,34.159],[-79.69462,34.16038],[-79.69174,34.15746],[-79.67381,34.15353],[-79.67239,34.15116],[-79.65539,34.14341],[-79.65448,34.14106],[-79.64523,34.13762],[-79.63925,34.1381],[-79.6286,34.13503],[-79.62039,34.14165],[-79.61482,34.14155],[-79.60327,34.1458],[-79.60518,34.15052],[-79.60177,34.15276],[-79.59692,34.16856],[-79.5924,34.17562],[-79.58138,34.18528],[-79.58221,34.19109],[-79.59458,34.20046],[-79.54852,34.2041]]]},"properties":{"STATEFP":"45","COUNTYFP":"041","COUSUBFP":"91131","COUSUBNS":"01938267","GEOIDFQ":"0600000US4504191131","GEOID":"4504191131","NAME":"Florence","NAMELSAD":"Florence CCD","STUSPS":"SC","NAMELSADCO":"Florence County","STATE_NAME":"South Carolina","LSAD":"22","ALAND":374822156,"AWATER":2213547}},
{"type":"Feature","geometry":{"type":"Polygon","coordinates":[[[-81.97387,34.83665],[-81.98878,34.83197],[-81.99676,34.8185],[-82.00143,34.81296],[-82.00247,34.80633],[-81.99886,34.80423],[-81.99511,34.79449],[-81.99063,34.79515],[-81.98656,34.79158],[-81.97786,34.78844],[-81.97862,34.78502],[-81.97227,34.78321],[-81.96073,34.77523],[-81.96583,34.77119],[-81.95753,34.76353],[-81.95221,34.76191],[-81.94138,34.76172],[-81.9409,34.75559],[-81.93185,34.75952],[-81.92729,34.7553],[-81.91663,34.74495],[-81.90116,34.74456],[-81.89549,34.73859],[-81.89564,34.73507],[-81.88658,34.73406],[-81.88328,34.72196],[-81.87906,34.71946],[-81.87324,34.72429],[-81.87018,34.71987],[-81.84935,34.70927],[-81.84066,34.70402],[-81.83731,34.69565],[-81.82036,34.68654],[-81.81029,34.72751],[-81.7984,34.78137],[-81.78899,34.81819],[-81.78279,34.83721],[-81.7906,34.83946],[-81.79864,34.83939],[-81.80103,34.84691],[-81.8074,34.84888],[-81.81175,34.84537],[-81.81755,34.84752],[-81.82184,34.85422],[-81.82795,34.85604],[-81.82786,34.86108],[-81.83527,34.86735],[-81.84495,34.87231],[-81.84865,34.87249],[-81.857,34.87835],[-81.85975,34.88527],[-81.86657,34.8857],[-81.8664,34.89426],[-81.87055,34.89719],[-81.8756,34.90876],[-81.8841,34.9055],[-81.89751,34.89029],[-81.90807,34.8866],[-81.91543,34.88263],[-81.93134,34.87934],[-81.9552,34.86639],[-81.95939,34.87136],[-81.96172,34.86217],[-81.96597,34.85425],[-81.96898,34.84055],[-81.97387,34.83665]]]},"properties":{"STATEFP":"45","COUNTYFP":"083","COUSUBFP":"92587","COUSUBNS":"01938380","GEOIDFQ":"0600000US4508392587","GEOID":"4508392587","NAME":"Pauline","NAMELSAD":"Pauline CCD","STUSPS":"SC","NAMELSADCO":"Spartanburg County","STATE_NAME":"South Carolina","LSAD":"22","ALAND":260348538,"AWATER":2525789}},
{"type":"Feature","geometry":{"type":"Polygon","coordinates":[[[-80.00059,34.04788],[-79.99648,34.04589],[-79.9921,34.03976],[-79.9864,34.03944],[-79.97894,34.03449],[-79.97424,34.02897],[-79.96433,34.02511],[-79.96276,34.02286],[-79.95286,34.02137],[-79.9475,34.01808],[-79.93141,34.01526],[-79.93003,34.01212],[-79.92205,34.00864],[-79.91347,34.00715],[-79.90374,34.00089],[-79.9041,33.99704],[-79.89352,33.98802],[-79.88676,33.9898],[-79.87938,33.98636],[-79.87642,33.98285],[-79.86222,33.98158],[-79.84707,33.98211],[-79.83888,33.98834],[-79.82873,33.98999],[-79.81956,33.99349],[-79.81087,34.00166],[-79.81292,34.00566],[-79.8132,34.02544],[-79.82401,34.02527],[-79.82938,34.0215],[-79.8348,34.02367],[-79.84191,34.02314],[-79.84992,34.02142],[-79.85757,34.02458],[-79.87262,34.03708],[-79.88177,34.04205],[-79.88838,34.04333],[-79.90952,34.04486],[-79.9185,34.0462],[-79.92813,34.05145],[-79.94384,34.07536],[-79.94673,34.0823],[-79.94648,34.10425],[-79.95108,34.11517],[-79.9637,34.13588],[-79.97412,34.14703],[-80.06988,34.08619],[-80.05745,34.0791],[-80.05076,34.08084],[-80.04297,34.07667],[-80.03994,34.07854],[-80.03193,34.0768],[-80.03163,34.07421],[-80.01969,34.06676],[-80.0196,34.06301],[-80.00505,34.05627],[-80.00613,34.05384],[-80.00059,34.04788]]]},"properties":{"STATEFP":"45","COUNTYFP":"041","COUSUBFP":"93068","COUSUBNS":"01938417","GEOIDFQ":"0600000US4504193068","GEOID":"4504193068","NAME":"Sardis","NAMELSAD":"Sardis CCD","STUSPS":"SC","NAMELSADCO":"Florence County","STATE_NAME":"South Carolina","LSAD":"22","ALAND":142256647,"AWATER":140817}},
{"type":"Feature","geometry":{"type":"Polygon","coordinates":[[[-82.43106,34.40825],[-82.50906,34.35774],[-82.49959,34.34853],[-82.50484,34.33489],[-82.50382,34.3269],[-82.49849,34.32074],[-82.49884,34.31802],[-82.48042,34.30916],[-82.47952,34.30039],[-82.47066,34.30125],[-82.46449,34.29318],[-82.46418,34.28594],[-82.46706,34.28032],[-82.46488,34.26839],[-82.46794,34.25874],[-82.4609,34.25378],[-82.45991,34.24641],[-82.46857,34.24399],[-82.46765,34.23159],[-82.45951,34.23527],[-82.45411,34.24013],[-82.45556,34.24539],[-82.44804,34.25157],[-82.45098,34.25577],[-82.44558,34.2605],[-82.43627,34.26518],[-82.43616,34.26868],[-82.42963,34.27163],[-82.42609,34.27699],[-82.41907,34.26906],[-82.41062,34.27307],[-82.39418,34.27566],[-82.37643,34.27396],[-82.36187,34.27361],[-82.34861,34.27701],[-82.34259,34.27592],[-82.33091,34.28076],[-82.31646,34.27249],[-82.3024,34.2747],[-82.30762,34.27754],[-82.31103,34.30455],[-82.31108,34.32044],[-82.32382,34.32527],[-82.32571,34.33294],[-82.33423,34.34263],[-82.32861,34.34678],[-82.33655,34.3516],[-82.34688,34.35451],[-82.34748,34.36322],[-82.35033,34.36951],[-82.3559,34.37047],[-82.3723,34.36705],[-82.38226,34.36846],[-82.37424,34.38075],[-82.37902,34.38428],[-82.38622,34.38631],[-82.39976,34.38173],[-82.40736,34.38771],[-82.41561,34.39696],[-82.43106,34.40825]]]},"properties":{"STATEFP":"45","COUNTYFP":"001","COUSUBFP":"90910","COUSUBNS":"01938250","GEOIDFQ":"0600000US4500190910","GEOID":"4500190910","NAME":"Due West","NAMELSAD":"Due West CCD","STUSPS":"SC","NAMELSADCO":"Abbeville County","STATE_NAME":"South Carolina","LSAD":"22","ALAND":191264784,"AWATER":689285}},
{"type":"Feature","geometry":{"type":"Polygon","coordinates":[[[-78.86904,33.89877],[-78.85749,33.90012],[-78.8505,33.89785],[-78.83564,33.89771],[-78.82315,33.89647],[-78.81873,33.88713],[-78.81153,33.88528],[-78.80297,33.88853],[-78.79495,33.88834],[-78.78968,33.88465],[-78.76738,33.88579],[-78.76503,33.88245],[-78.75671,33.8783],[-78.74621,33.88048],[-78.73902,33.88621],[-78.73182,33.88832],[-78.72255,33.89672],[-78.71959,33.90462],[-78.71412,33.9103],[-78.70613,33.915],[-78.69987,33.91078],[-78.69559,33.91115],[-78.6941,33.9169],[-78.68699,33.92166],[-78.67414,33.92289],[-78.67087,33.9285],[-78.65672,33.93709],[-78.65592,33.9413],[-78.65033,33.94431],[-78.70277,33.98927],[-78.71221,33.99673],[-78.73992,34.0202],[-78.74379,34.0132],[-78.75806,34.02341],[-78.76341,34.02854],[-78.77111,34.03132],[-78.77622,34.028],[-78.80048,34.02469],[-78.81158,34.01614],[-78.82507,34.01265],[-78.82835,34.00766],[-78.83019,33.99876],[-78.83007,33.98663],[-78.8377,33.98673],[-78.84006,33.98098],[-78.83637,33.97716],[-78.83358,33.95899],[-78.84402,33.95628],[-78.86265,33.94801],[-78.89594,33.94183],[-78.90341,33.92845],[-78.9091,33.92357],[-78.91132,33.91479],[-78.90839,33.90384],[-78.87708,33.90071],[-78.86904,33.89877]]]},"properties":{"STATEFP":"45","COUNTYFP":"051","COUSUBFP":"92028","COUSUBNS":"01938337","GEOIDFQ":"0600000US4505192028","GEOID":"4505192028","NAME":"Longs","NAMELSAD":"Longs CCD","STUSPS":"SC","NAMELSADCO":"Horry County","STATE_NAME":"South Carolina","LSAD":"22","ALAND":226547691,"AWATER":393233}},
{"type":"Feature","geometry":{"type":"Polygon","coordinates":[[[-81.37349,33.49051],[-81.34131,33.51703],[-81.28592,33.56558],[-81.18727,33.65294],[-81.19079,33.65625],[-81.19957,33.65917],[-81.20761,33.65885],[-81.22173,33.66756],[-81.23087,33.67006],[-81.23338,33.67358],[-81.24141,33.67802],[-81.25173,33.68162],[-81.25724,33.68543],[-81.26555,33.68712],[-81.26963,33.69317],[-81.27486,33.68931],[-81.2871,33.68398],[-81.30104,33.67552],[-81.30336,33.66792],[-81.3,33.65984],[-81.30433,33.65033],[-81.31144,33.6456],[-81.32528,33.64182],[-81.33983,33.62827],[-81.33558,33.61885],[-81.3413,33.6169],[-81.35147,33.61621],[-81.36356,33.60876],[-81.38024,33.60427],[-81.38902,33.59974],[-81.39909,33.59264],[-81.40981,33.58869],[-81.42807,33.57549],[-81.44165,33.57568],[-81.46557,33.57352],[-81.47682,33.57757],[-81.48351,33.55564],[-81.48094,33.55053],[-81.47467,33.55049],[-81.47062,33.54593],[-81.45423,33.53712],[-81.44873,33.53932],[-81.43733,33.53739],[-81.43254,33.53132],[-81.41484,33.52417],[-81.40865,33.51845],[-81.40143,33.51775],[-81.39742,33.51124],[-81.3929,33.50997],[-81.39202,33.5031],[-81.38647,33.49818],[-81.37786,33.49454],[-81.37349,33.49051]]]},"properties":{"STATEFP":"45","COUNTYFP":"003","COUSUBFP":"92977","COUSUBNS":"01938410","GEOIDFQ":"0600000US4500392977","GEOID":"4500392977","NAME":"Salley","NAMELSAD":"Salley CCD","STUSPS":"SC","NAMELSADCO":"Aiken County","STATE_NAME":"South Carolina","LSAD":"22","ALAND":227279410,"AWATER":1226768}},
{"type":"Feature","geometry":{"type":"Polygon","coordinates":[[[-81.41121,34.43325],[-81.40659,34.42169],[-81.40624,34.41449],[-81.39795,34.40093],[-81.39732,34.39259],[-81.39484,34.3871],[-81.38727,34.38026],[-81.38269,34.36718],[-81.37816,34.36209],[-81.37146,34.3504],[-81.37153,34.34069],[-81.36584,34.33042],[-81.36647,34.32582],[-81.35898,34.31052],[-81.35399,34.30288],[-81.34349,34.29818],[-81.33967,34.28998],[-81.34428,34.28274],[-81.34534,34.27592],[-81.3423,34.26693],[-81.32838,34.25702],[-81.32591,34.26356],[-81.31709,34.26323],[-81.30299,34.26439],[-81.28837,34.26726],[-81.2888,34.2766],[-81.29438,34.2873],[-81.29314,34.29306],[-81.28897,34.29805],[-81.28557,34.31092],[-81.27372,34.30965],[-81.26343,34.31843],[-81.2563,34.3278],[-81.25596,34.33418],[-81.24992,34.33706],[-81.24823,34.34409],[-81.24208,34.34774],[-81.23851,34.35312],[-81.24271,34.36182],[-81.24559,34.36383],[-81.24238,34.37327],[-81.24551,34.37677],[-81.24242,34.38457],[-81.24422,34.39175],[-81.24962,34.39866],[-81.24902,34.40352],[-81.24381,34.40512],[-81.23857,34.41515],[-81.24127,34.42097],[-81.24969,34.42434],[-81.25288,34.42888],[-81.25147,34.43227],[-81.26176,34.44884],[-81.26488,34.45651],[-81.27437,34.46562],[-81.27326,34.47066],[-81.27544,34.48113],[-81.27532,34.49257],[-81.28403,34.52939],[-81.29039,34.53384],[-81.29785,34.54527],[-81.2979,34.55686],[-81.30071,34.56618],[-81.4227,34.57202],[-81.41983,34.56659],[-81.42103,34.55995],[-81.4243,34.55599],[-81.42457,34.54564],[-81.42701,34.53898],[-81.42754,34.52948],[-81.42491,34.52407],[-81.42114,34.50148],[-81.42324,34.49438],[-81.42245,34.48222],[-81.41598,34.47952],[-81.41285,34.46795],[-81.42124,34.45382],[-81.41605,34.44517],[-81.41121,34.43325]]]},"properties":{"STATEFP":"45","COUNTYFP":"039","COUSUBFP":"92237","COUSUBNS":"01938353","GEOIDFQ":"0600000US4503992237","GEOID":"4503992237","NAME":"Monticello-Salem Crossroads","NAMELSAD":"Monticello-Salem Crossroads CCD","STUSPS":"SC","NAMELSADCO":"Fairfield County","STATE_NAME":"South Carolina","LSAD":"22","ALAND":359586693,"AWATER":34291278}},
{"type":"Feature","geometry":{"type":"Polygon","coordinates":[[[-81.38985,33.72726],[-81.3813,33.7252],[-81.36653,33.72867],[-81.35741,33.72296],[-81.33609,33.718],[-81.32393,33.71146],[-81.31075,33.70846],[-81.30273,33.70377],[-81.29833,33.6983],[-81.28594,33.69305],[-81.27732,33.6963],[-81.26963,33.69317],[-81.26555,33.68712],[-81.25724,33.68543],[-81.25173,33.68162],[-81.24141,33.67802],[-81.23338,33.67358],[-81.23087,33.67006],[-81.22173,33.66756],[-81.20761,33.65885],[-81.19957,33.65917],[-81.19079,33.65625],[-81.18727,33.65294],[-81.18187,33.66079],[-81.1823,33.66979],[-81.18055,33.67363],[-81.18314,33.68529],[-81.18073,33.69254],[-81.17107,33.70827],[-81.1693,33.71418],[-81.17311,33.72375],[-81.17537,33.7421],[-81.16818,33.75929],[-81.15574,33.77744],[-81.17722,33.78516],[-81.18023,33.78748],[-81.18449,33.80002],[-81.18882,33.80768],[-81.18161,33.81187],[-81.17168,33.82436],[-81.16467,33.83103],[-81.14087,33.85128],[-81.13515,33.85916],[-81.13323,33.867],[-81.12431,33.87175],[-81.13024,33.87349],[-81.14414,33.86927],[-81.15219,33.87296],[-81.16278,33.88128],[-81.166,33.88653],[-81.15478,33.89511],[-81.16409,33.90783],[-81.16568,33.91788],[-81.17092,33.91356],[-81.18493,33.91309],[-81.20065,33.90934],[-81.20806,33.90936],[-81.24277,33.90634],[-81.24455,33.90537],[-81.28636,33.86798],[-81.29662,33.86069],[-81.31225,33.85717],[-81.31575,33.85823],[-81.31301,33.84248],[-81.32186,33.81969],[-81.32325,33.81423],[-81.32863,33.80484],[-81.33117,33.79671],[-81.33599,33.78977],[-81.35171,33.77922],[-81.3646,33.76294],[-81.36691,33.75809],[-81.38985,33.72726]]]},"properties":{"STATEFP":"45","COUNTYFP":"063","COUSUBFP":"92613","COUSUBNS":"01938382","GEOIDFQ":"0600000US4506392613","GEOID":"4506392613","NAME":"Pelion","NAMELSAD":"Pelion CCD","STUSPS":"SC","NAMELSADCO":"Lexington County","STATE_NAME":"South Carolina","LSAD":"22","ALAND":366844160,"AWATER":2453890}},
{"type":"Feature","geometry":{"type":"Polygon","coordinates":[[[-82.32861,34.34678],[-82.33423,34.34263],[-82.32571,34.33294],[-82.32382,34.32527],[-82.31108,34.32044],[-82.31103,34.30455],[-82.30762,34.27754],[-82.3024,34.2747],[-82.29435,34.27122],[-82.27831,34.2588],[-82.26534,34.24453],[-82.25217,34.22558],[-82.24826,34.23069],[-82.2418,34.23223],[-82.2278,34.22973],[-82.2246,34.23581],[-82.21327,34.23713],[-82.1939,34.24479],[-82.18014,34.24793],[-82.17955,34.25585],[-82.18355,34.26177],[-82.1798,34.26335],[-82.17849,34.26883],[-82.17879,34.28231],[-82.18799,34.29073],[-82.18375,34.29345],[-82.16048,34.28522],[-82.15031,34.27832],[-82.13334,34.28027],[-82.12675,34.2763],[-82.11111,34.28803],[-82.10979,34.30781],[-82.12001,34.30382],[-82.12612,34.31078],[-82.12594,34.31648],[-82.13403,34.32379],[-82.14369,34.32576],[-82.15504,34.33167],[-82.1661,34.32965],[-82.1693,34.33075],[-82.17012,34.34016],[-82.17315,34.35083],[-82.178,34.35813],[-82.19689,34.37499],[-82.20085,34.37692],[-82.20916,34.37577],[-82.22099,34.38536],[-82.22076,34.39028],[-82.22839,34.39114],[-82.23146,34.39366],[-82.22837,34.40243],[-82.2446,34.40343],[-82.24634,34.40968],[-82.31403,34.35816],[-82.32861,34.34678]]]},"properties":{"STATEFP":"45","COUNTYFP":"047","COUSUBFP":"93627","COUSUBNS":"01938460","GEOIDFQ":"0600000US4504793627","GEOID":"4504793627","NAME":"Ware Shoals-Hodges","NAMELSAD":"Ware Shoals-Hodges CCD","STUSPS":"SC","NAMELSADCO":"Greenwood County","STATE_NAME":"South Carolina","LSAD":"22","ALAND":214752913,"AWATER":4166140}},
{"type":"Feature","geometry":{"type":"Polygon","coordinates":[[[-81.02927,32.74161],[-81.0268,32.75436],[-81.02367,32.76146],[-81.02721,32.76731],[-81.03293,32.77226],[-81.03537,32.77797],[-81.04231,32.78139],[-81.04947,32.79495],[-81.06191,32.79851],[-81.06591,32.8009],[-81.07658,32.8028],[-81.08458,32.80705],[-81.09103,32.80835],[-81.10251,32.81949],[-81.12282,32.82905],[-81.12811,32.83481],[-81.13495,32.83902],[-81.1461,32.83655],[-81.15492,32.84116],[-81.16276,32.85669],[-81.1709,32.86286],[-81.17769,32.87069],[-81.18534,32.87588],[-81.18529,32.88546],[-81.19156,32.89082],[-81.20297,32.89382],[-81.20346,32.89656],[-81.21568,32.8998],[-81.2166,32.90211],[-81.2299,32.90578],[-81.23768,32.90673],[-81.24227,32.90806],[-81.26012,32.90298],[-81.26959,32.89484],[-81.27673,32.89209],[-81.26166,32.83914],[-81.32681,32.79091],[-81.33086,32.78563],[-81.33854,32.76846],[-81.36797,32.7606],[-81.39399,32.74487],[-81.40509,32.74497],[-81.4076,32.74033],[-81.41387,32.73748],[-81.4116,32.73385],[-81.41675,32.72876],[-81.42045,32.71985],[-81.41576,32.71588],[-81.42119,32.71198],[-81.42673,32.70087],[-81.4206,32.69983],[-81.41888,32.69621],[-81.4124,32.6921],[-81.40583,32.69046],[-81.40663,32.68486],[-81.40151,32.67982],[-81.39976,32.68926],[-81.39337,32.70615],[-81.39299,32.71045],[-81.38681,32.71691],[-81.37865,32.71773],[-81.36823,32.72586],[-81.35994,32.73033],[-81.35475,32.71239],[-81.33695,32.70061],[-81.32235,32.70728],[-81.31294,32.71363],[-81.3016,32.70527],[-81.29903,32.70574],[-81.28555,32.70206],[-81.26462,32.68242],[-81.26245,32.68671],[-81.2609,32.6974],[-81.26075,32.71091],[-81.24253,32.71377],[-81.24229,32.72584],[-81.23503,32.71597],[-81.23249,32.72363],[-81.22255,32.73408],[-81.2138,32.73867],[-81.21131,32.7452],[-81.2056,32.73003],[-81.19693,32.73196],[-81.18673,32.73107],[-81.18976,32.72598],[-81.17224,32.72462],[-81.16903,32.73232],[-81.16253,32.73246],[-81.15367,32.72926],[-81.15344,32.71905],[-81.13952,32.72048],[-81.13737,32.71519],[-81.1295,32.71143],[-81.12337,32.71255],[-81.1129,32.71803],[-81.10639,32.7178],[-81.10088,32.71493],[-81.09701,32.70954],[-81.09623,32.70226],[-81.10256,32.69162],[-81.09879,32.68873],[-81.02927,32.74161]]]},"properties":{"STATEFP":"45","COUNTYFP":"049","COUSUBFP":"91066","COUSUBNS":"01938262","GEOIDFQ":"0600000US4504991066","GEOID":"4504991066","NAME":"Estill","NAMELSAD":"Estill CCD","STUSPS":"SC","NAMELSADCO":"Hampton County","STATE_NAME":"South Carolina","LSAD":"22","ALAND":433604050,"AWATER":2401238}},
{"type":"Feature","geometry":{"type":"Polygon","coordinates":[[[-80.15676,32.61085],[-80.15689,32.60705],[-80.16594,32.60374],[-80.17315,32.60289],[-80.17784,32.59474],[-80.19206,32.59891],[-80.20328,32.58954],[-80.20916,32.57937],[-80.19205,32.56839],[-80.19065,32.56009],[-80.17596,32.55921],[-80.16375,32.56183],[-80.15568,32.57198],[-80.12137,32.59052],[-80.09807,32.59828],[-80.07704,32.60332],[-80.03728,32.61024],[-80.01696,32.6104],[-80.00603,32.60599],[-80.0008,32.60589],[-79.99224,32.611],[-79.98844,32.62147],[-79.99253,32.62518],[-79.99542,32.63243],[-80.01239,32.63597],[-80.01737,32.6396],[-80.05349,32.63731],[-80.06133,32.63207],[-80.08773,32.61887],[-80.09734,32.61851],[-80.10474,32.61581],[-80.12046,32.61586],[-80.1266,32.60676],[-80.13037,32.60359],[-80.13937,32.60437],[-80.14284,32.60824],[-80.15024,32.60846],[-80.15676,32.61085]]]},"properties":{"STATEFP":"45","COUNTYFP":"019","COUSUBFP":"91761","COUSUBNS":"02584538","GEOIDFQ":"0600000US4501991761","GEOID":"4501991761","NAME":"Kiawah Island-Seabrook Island","NAMELSAD":"Kiawah Island-Seabrook Island CCD","STUSPS":"SC","NAMELSADCO":"Charleston County","STATE_NAME":"South Carolina","LSAD":"22","ALAND":49630439,"AWATER":167368861}},
{"type":"Feature","geometry":{"type":"Polygon","coordinates":[[[-80.1703,33.89854],[-80.15961,33.89211],[-80.15978,33.8881],[-80.15459,33.87565],[-80.15066,33.87315],[-80.14391,33.86462],[-80.13548,33.86877],[-80.12161,33.86956],[-80.10096,33.88171],[-80.05633,33.90685],[-80.00035,33.93527],[-79.9746,33.94653],[-79.89352,33.98802],[-79.9041,33.99704],[-79.90374,34.00089],[-79.91347,34.00715],[-79.92205,34.00864],[-79.93003,34.01212],[-79.93141,34.01526],[-79.9475,34.01808],[-79.95286,34.02137],[-79.96276,34.02286],[-79.96433,34.02511],[-79.97424,34.02897],[-79.97894,34.03449],[-79.9864,34.03944],[-79.9921,34.03976],[-79.99648,34.04589],[-80.00059,34.04788],[-80.01157,34.02992],[-80.02676,34.00854],[-80.07036,34.00792],[-80.08279,34.00016],[-80.16468,33.95731],[-80.18037,33.952],[-80.17942,33.93484],[-80.1829,33.92645],[-80.17669,33.9213],[-80.17529,33.91509],[-80.17142,33.91197],[-80.1703,33.89854]]]},"properties":{"STATEFP":"45","COUNTYFP":"085","COUSUBFP":"93120","COUSUBNS":"01938421","GEOIDFQ":"0600000US4508593120","GEOID":"4508593120","NAME":"Shiloh","NAMELSAD":"Shiloh CCD","STUSPS":"SC","NAMELSADCO":"Sumter County","STATE_NAME":"South Carolina","LSAD":"22","ALAND":239967823,"AWATER":386493}},
{"type":"Feature","geometry":{"type":"Polygon","coordinates":[[[-80.38927,32.65296],[-80.39145,32.64717],[-80.39583,32.64596],[-80.40236,32.63952],[-80.40551,32.62889],[-80.41135,32.62659],[-80.42534,32.62667],[-80.42804,32.62246],[-80.42599,32.61149],[-80.42041,32.60421],[-80.41625,32.60571],[-80.40323,32.61681],[-80.39442,32.61961],[-80.38995,32.61868],[-80.38705,32.61281],[-80.39546,32.59817],[-80.39711,32.59042],[-80.38914,32.57384],[-80.39368,32.56331],[-80.39845,32.56062],[-80.40627,32.55988],[-80.4123,32.55686],[-80.41528,32.55197],[-80.41488,32.54648],[-80.4077,32.54148],[-80.38148,32.53023],[-80.36805,32.51876],[-80.3513,32.49866],[-80.33681,32.4932],[-80.32675,32.49308],[-80.32465,32.50373],[-80.3303,32.50658],[-80.33203,32.51113],[-80.343,32.51729],[-80.34914,32.51816],[-80.34431,32.52346],[-80.33729,32.52613],[-80.33025,32.52233],[-80.32071,32.52232],[-80.31906,32.51111],[-80.3103,32.51377],[-80.29099,32.52733],[-80.28478,32.52964],[-80.27971,32.52463],[-80.27518,32.52444],[-80.26512,32.52824],[-80.26564,32.53146],[-80.26077,32.53651],[-80.25555,32.5361],[-80.25441,32.5321],[-80.23678,32.54232],[-80.21802,32.55109],[-80.19498,32.56003],[-80.19065,32.56009],[-80.19205,32.56839],[-80.20916,32.57937],[-80.22156,32.5855],[-80.22931,32.59759],[-80.2368,32.60582],[-80.25483,32.61219],[-80.2603,32.615],[-80.27121,32.62508],[-80.28579,32.62231],[-80.29639,32.62458],[-80.30958,32.63058],[-80.31788,32.63206],[-80.31772,32.63578],[-80.31336,32.64116],[-80.32257,32.64508],[-80.32438,32.63966],[-80.32841,32.63585],[-80.33429,32.6381],[-80.34313,32.63568],[-80.34888,32.63829],[-80.34393,32.642],[-80.35163,32.64798],[-80.35782,32.64508],[-80.36176,32.64756],[-80.36932,32.64805],[-80.36516,32.65426],[-80.37352,32.65731],[-80.37525,32.65177],[-80.38276,32.65662],[-80.38927,32.65296]]]},"properties":{"STATEFP":"45","COUNTYFP":"019","COUSUBFP":"90988","COUSUBNS":"01938256","GEOIDFQ":"0600000US4501990988","GEOID":"4501990988","NAME":"Edisto Island","NAMELSAD":"Edisto Island CCD","STUSPS":"SC","NAMELSADCO":"Charleston County","STATE_NAME":"South Carolina","LSAD":"22","ALAND":176797416,"AWATER":64771662}},
{"type":"Feature","geometry":{"type":"Polygon","coordinates":[[[-79.62019,33.69258],[-79.60904,33.68849],[-79.5946,33.69898],[-79.57943,33.70452],[-79.57542,33.71082],[-79.56904,33.7143],[-79.55324,33.71107],[-79.55138,33.70497],[-79.54795,33.70369],[-79.53712,33.71199],[-79.53387,33.71991],[-79.53643,33.72627],[-79.52574,33.73896],[-79.51223,33.74069],[-79.50901,33.75445],[-79.51553,33.76303],[-79.50915,33.76502],[-79.49649,33.77536],[-79.60247,33.80078],[-79.63488,33.80836],[-79.63581,33.81804],[-79.65175,33.81409],[-79.66651,33.81336],[-79.6725,33.81563],[-79.67864,33.81408],[-79.67233,33.80988],[-79.65833,33.80461],[-79.66544,33.79607],[-79.67634,33.79544],[-79.68225,33.79232],[-79.6965,33.77676],[-79.70461,33.7701],[-79.6959,33.76812],[-79.6964,33.74357],[-79.6976,33.7357],[-79.70164,33.73071],[-79.69537,33.72456],[-79.69588,33.70317],[-79.6797,33.70416],[-79.6614,33.70658],[-79.6505,33.70655],[-79.64488,33.70488],[-79.64178,33.701],[-79.62954,33.69461],[-79.62019,33.69258]]]},"properties":{"STATEFP":"45","COUNTYFP":"089","COUSUBFP":"91601","COUSUBNS":"01938304","GEOIDFQ":"0600000US4508991601","GEOID":"4508991601","NAME":"Indiantown","NAMELSAD":"Indiantown CCD","STUSPS":"SC","NAMELSADCO":"Williamsburg County","STATE_NAME":"South Carolina","LSAD":"22","ALAND":171989855,"AWATER":93080}},
{"type":"Feature","geometry":{"type":"Polygon","coordinates":[[[-80.71316,33.76865],[-80.7144,33.76164],[-80.71756,33.76083],[-80.72254,33.76735],[-80.72766,33.76741],[-80.728,33.76182],[-80.74046,33.75909],[-80.7359,33.7655],[-80.74068,33.76884],[-80.74159,33.77386],[-80.74797,33.77581],[-80.75157,33.77056],[-80.74486,33.76401],[-80.74734,33.76174],[-80.75917,33.75459],[-80.76414,33.74377],[-80.776,33.73707],[-80.77877,33.73065],[-80.77841,33.72129],[-80.76747,33.72327],[-80.75452,33.72852],[-80.74377,33.7385],[-80.7236,33.7445],[-80.71583,33.74292],[-80.71911,33.73301],[-80.71696,33.71986],[-80.71065,33.71382],[-80.70993,33.71004],[-80.71377,33.69749],[-80.72037,33.69114],[-80.72015,33.68787],[-80.70523,33.68334],[-80.69776,33.67676],[-80.70393,33.66774],[-80.6942,33.6566],[-80.68447,33.65292],[-80.68072,33.64941],[-80.67594,33.64204],[-80.6525,33.61739],[-80.64606,33.60846],[-80.62622,33.59449],[-80.61501,33.59042],[-80.59943,33.58797],[-80.58868,33.59034],[-80.57772,33.59416],[-80.57258,33.59888],[-80.54783,33.60565],[-80.51942,33.61007],[-80.52157,33.61653],[-80.53229,33.62155],[-80.54036,33.62802],[-80.53981,33.63192],[-80.52925,33.63471],[-80.52877,33.63914],[-80.53408,33.64391],[-80.54596,33.64875],[-80.55369,33.65654],[-80.55394,33.66118],[-80.56248,33.663],[-80.56538,33.66608],[-80.56051,33.67154],[-80.56236,33.6784],[-80.57411,33.67899],[-80.58513,33.68171],[-80.59026,33.68484],[-80.5966,33.69504],[-80.59258,33.69899],[-80.59414,33.70242],[-80.60162,33.70267],[-80.60763,33.70907],[-80.61526,33.71184],[-80.61647,33.7195],[-80.62755,33.731],[-80.62447,33.73456],[-80.62876,33.74018],[-80.62011,33.74324],[-80.62275,33.74565],[-80.63278,33.74367],[-80.64041,33.74755],[-80.64173,33.75227],[-80.6564,33.7614],[-80.65626,33.76572],[-80.65174,33.76998],[-80.65905,33.77299],[-80.67754,33.76298],[-80.68659,33.75599],[-80.69971,33.75698],[-80.70539,33.75979],[-80.70439,33.76649],[-80.71065,33.77095],[-80.71316,33.76865]]]},"properties":{"STATEFP":"45","COUNTYFP":"017","COUSUBFP":"91196","COUSUBNS":"01938272","GEOIDFQ":"0600000US4501791196","GEOID":"4501791196","NAME":"Fort Motte-Lone Star","NAMELSAD":"Fort Motte-Lone Star CCD","STUSPS":"SC","NAMELSADCO":"Calhoun County","STATE_NAME":"South Carolina","LSAD":"22","ALAND":198701832,"AWATER":11855283}},
{"type":"Feature","geometry":{"type":"Polygon","coordinates":[[[-82.16518,34.79654],[-82.15632,34.80164],[-82.1493,34.80399],[-82.13514,34.81372],[-82.13064,34.81359],[-82.10888,34.8165],[-82.09926,34.81912],[-82.09421,34.82415],[-82.08592,34.82589],[-82.07105,34.83448],[-82.07224,34.84056],[-82.06684,34.8488],[-82.06972,34.86356],[-82.07614,34.86675],[-82.07808,34.87107],[-82.09177,34.88186],[-82.10028,34.88432],[-82.10413,34.89136],[-82.11098,34.89564],[-82.11128,34.90237],[-82.11797,34.90355],[-82.12698,34.89674],[-82.14506,34.88967],[-82.14956,34.88508],[-82.14774,34.87973],[-82.15002,34.87454],[-82.15623,34.87121],[-82.16561,34.87116],[-82.17169,34.87528],[-82.18656,34.87676],[-82.18936,34.8746],[-82.20203,34.87453],[-82.21335,34.86825],[-82.21652,34.86237],[-82.22109,34.86384],[-82.22609,34.85661],[-82.21944,34.85339],[-82.21105,34.84508],[-82.21067,34.84276],[-82.19578,34.83501],[-82.1747,34.812],[-82.17016,34.80263],[-82.16518,34.79654]]]},"properties":{"STATEFP":"45","COUNTYFP":"083","COUSUBFP":"92795","COUSUBNS":"01938396","GEOIDFQ":"0600000US4508392795","GEOID":"4508392795","NAME":"Reidville","NAMELSAD":"Reidville CCD","STUSPS":"SC","NAMELSADCO":"Spartanburg County","STATE_NAME":"South Carolina","LSAD":"22","ALAND":90548232,"AWATER":1269282}},
{"type":"Feature","geometry":{"type":"Polygon","coordinates":[[[-80.72832,32.3219],[-80.72222,32.3247],[-80.7146,32.32566],[-80.70814,32.32373],[-80.69965,32.31523],[-80.69847,32.31066],[-80.68853,32.30285],[-80.67379,32.29642],[-80.66825,32.29784],[-80.6543,32.29407],[-80.65271,32.30131],[-80.65224,32.31989],[-80.6592,32.34017],[-80.67654,32.36288],[-80.67803,32.37103],[-80.67319,32.38288],[-80.67635,32.3928],[-80.67246,32.4011],[-80.67229,32.40859],[-80.68183,32.41353],[-80.68525,32.41878],[-80.6826,32.42598],[-80.67692,32.4284],[-80.66658,32.42759],[-80.66319,32.42932],[-80.65889,32.43744],[-80.66733,32.4536],[-80.68521,32.45496],[-80.68815,32.45833],[-80.69127,32.46708],[-80.69199,32.48223],[-80.68654,32.48767],[-80.68904,32.49209],[-80.67984,32.49788],[-80.68057,32.50167],[-80.66085,32.50877],[-80.6666,32.5137],[-80.6802,32.522],[-80.69669,32.52772],[-80.70558,32.52772],[-80.7273,32.53547],[-80.73722,32.53605],[-80.74802,32.5412],[-80.75423,32.53787],[-80.76361,32.53788],[-80.76769,32.53218],[-80.78101,32.52881],[-80.78024,32.51837],[-80.78657,32.51234],[-80.78771,32.50601],[-80.78591,32.49703],[-80.80169,32.495],[-80.81376,32.48753],[-80.81918,32.48594],[-80.81743,32.47259],[-80.81869,32.46394],[-80.81589,32.46224],[-80.81006,32.44904],[-80.80677,32.4361],[-80.78193,32.38565],[-80.76659,32.3683],[-80.75912,32.35743],[-80.74937,32.34986],[-80.73431,32.33363],[-80.72832,32.3219]]]},"properties":{"STATEFP":"45","COUNTYFP":"013","COUSUBFP":"90195","COUSUBNS":"01938195","GEOIDFQ":"0600000US4501390195","GEOID":"4501390195","NAME":"Beaufort-Port Royal","NAMELSAD":"Beaufort-Port Royal CCD","STUSPS":"SC","NAMELSADCO":"Beaufort County","STATE_NAME":"South Carolina","LSAD":"22","ALAND":201498650,"AWATER":62074605}},
{"type":"Feature","geometry":{"type":"Polygon","coordinates":[[[-81.6646,34.61452],[-81.66181,34.62426],[-81.6616,34.63264],[-81.66862,34.64462],[-81.66125,34.6506],[-81.671,34.65698],[-81.68199,34.66937],[-81.68883,34.67947],[-81.68502,34.68555],[-81.69073,34.68791],[-81.69749,34.69388],[-81.70228,34.69422],[-81.70451,34.69898],[-81.69937,34.70466],[-81.70496,34.70587],[-81.71045,34.71772],[-81.70844,34.71968],[-81.71327,34.72837],[-81.7136,34.73381],[-81.70945,34.73887],[-81.70478,34.75316],[-81.70619,34.76102],[-81.70678,34.76594],[-81.71558,34.7761],[-81.71797,34.78099],[-81.72391,34.78172],[-81.72333,34.78664],[-81.72756,34.7907],[-81.74467,34.80224],[-81.74361,34.80699],[-81.75034,34.81446],[-81.76526,34.82822],[-81.77527,34.8305],[-81.77474,34.83528],[-81.78279,34.83721],[-81.78899,34.81819],[-81.7984,34.78137],[-81.81029,34.72751],[-81.82036,34.68654],[-81.81459,34.68326],[-81.80349,34.68139],[-81.79192,34.67325],[-81.78301,34.67184],[-81.77293,34.66742],[-81.76815,34.66994],[-81.75598,34.66357],[-81.74753,34.66803],[-81.74001,34.66609],[-81.71694,34.64376],[-81.70786,34.64351],[-81.69952,34.63814],[-81.69342,34.64155],[-81.68957,34.63594],[-81.67524,34.63598],[-81.68041,34.63021],[-81.68049,34.62545],[-81.67451,34.62583],[-81.67153,34.6187],[-81.6646,34.61452]]]},"properties":{"STATEFP":"45","COUNTYFP":"087","COUSUBFP":"93679","COUSUBNS":"01938464","GEOIDFQ":"0600000US4508793679","GEOID":"4508793679","NAME":"West Springs","NAMELSAD":"West Springs CCD","STUSPS":"SC","NAMELSADCO":"Union County","STATE_NAME":"South Carolina","LSAD":"22","ALAND":163290347,"AWATER":167954}},
{"type":"Feature","geometry":{"type":"Polygon","coordinates":[[[-82.31558,35.02743],[-82.31676,35.0226],[-82.30364,35.00042],[-82.29392,34.99424],[-82.291,34.98762],[-82.28168,34.98519],[-82.26159,34.98199],[-82.25809,34.97761],[-82.25265,34.97716],[-82.24069,34.9799],[-82.22794,34.97352],[-82.22138,34.97287],[-82.21961,35.0405],[-82.21818,35.09185],[-82.21594,35.19603],[-82.23091,35.19678],[-82.27492,35.20007],[-82.28252,35.19986],[-82.29268,35.19637],[-82.29873,35.19118],[-82.31696,35.17983],[-82.32358,35.17818],[-82.33415,35.17289],[-82.34988,35.17009],[-82.35497,35.17228],[-82.35927,35.16785],[-82.37062,35.16558],[-82.37338,35.15965],[-82.37861,35.15634],[-82.39101,35.15264],[-82.40321,35.14516],[-82.4102,35.13544],[-82.39535,35.13134],[-82.38836,35.13112],[-82.38007,35.12771],[-82.37644,35.12111],[-82.37949,35.11229],[-82.37256,35.1034],[-82.37179,35.09473],[-82.36908,35.08403],[-82.3619,35.07689],[-82.36193,35.06614],[-82.36411,35.0632],[-82.35547,35.05454],[-82.33038,35.04224],[-82.32307,35.03328],[-82.31558,35.02743]]]},"properties":{"STATEFP":"45","COUNTYFP":"045","COUSUBFP":"91534","COUSUBNS":"01938298","GEOIDFQ":"0600000US4504591534","GEOID":"4504591534","NAME":"Highland","NAMELSAD":"Highland CCD","STUSPS":"SC","NAMELSADCO":"Greenville County","STATE_NAME":"South Carolina","LSAD":"22","ALAND":278949236,"AWATER":5417300}},
{"type":"Feature","geometry":{"type":"Polygon","coordinates":[[[-82.0123,34.66859],[-82.02828,34.67841],[-82.04046,34.68371],[-82.04177,34.68828],[-82.04804,34.69286],[-82.05713,34.69516],[-82.05775,34.7006],[-82.06673,34.70103],[-82.07142,34.70382],[-82.0678,34.70785],[-82.06664,34.71525],[-82.06997,34.71981],[-82.07876,34.71945],[-82.07757,34.72765],[-82.08073,34.73046],[-82.08722,34.74515],[-82.09684,34.74556],[-82.10105,34.74403],[-82.10812,34.75307],[-82.11524,34.7489],[-82.12062,34.75774],[-82.12331,34.75912],[-82.13035,34.77239],[-82.13535,34.77307],[-82.13546,34.77817],[-82.14559,34.78521],[-82.17784,34.71876],[-82.19743,34.67699],[-82.23478,34.58881],[-82.23572,34.54949],[-82.22745,34.54836],[-82.22122,34.54934],[-82.20579,34.56231],[-82.19464,34.55375],[-82.19054,34.55407],[-82.18564,34.54995],[-82.18022,34.5403],[-82.176,34.54018],[-82.17332,34.53532],[-82.16729,34.53467],[-82.16577,34.5308],[-82.1528,34.51424],[-82.15377,34.51071],[-82.14826,34.50617],[-82.15269,34.50127],[-82.15097,34.48862],[-82.14662,34.48562],[-82.14167,34.47826],[-82.13766,34.4824],[-82.14042,34.48641],[-82.13779,34.49397],[-82.13684,34.50438],[-82.12894,34.52222],[-82.12838,34.52728],[-82.12329,34.53452],[-82.11065,34.54316],[-82.10767,34.55438],[-82.10221,34.55532],[-82.0979,34.56041],[-82.09229,34.5605],[-82.08635,34.56697],[-82.08755,34.56976],[-82.05697,34.57747],[-82.05554,34.58361],[-82.0482,34.58491],[-82.04237,34.59107],[-82.03544,34.59324],[-82.03675,34.6],[-82.03689,34.62129],[-82.02691,34.63703],[-82.03187,34.65021],[-82.02751,34.65593],[-82.01069,34.65497],[-82.01323,34.66424],[-82.0123,34.66859]]]},"properties":{"STATEFP":"45","COUNTYFP":"059","COUSUBFP":"91300","COUSUBNS":"01938280","GEOIDFQ":"0600000US4505991300","GEOID":"4505991300","NAME":"Gray Court","NAMELSAD":"Gray Court CCD","STUSPS":"SC","NAMELSADCO":"Laurens County","STATE_NAME":"South Carolina","LSAD":"22","ALAND":339750794,"AWATER":2292160}},
{"type":"Feature","geometry":{"type":"Polygon","coordinates":[[[-80.87923,34.45778],[-80.87018,34.4496],[-80.86727,34.44459],[-80.84899,34.43012],[-80.83858,34.41899],[-80.83321,34.41483],[-80.82565,34.41187],[-80.81067,34.41461],[-80.79348,34.4133],[-80.78321,34.40649],[-80.78188,34.40255],[-80.78438,34.39467],[-80.78144,34.38586],[-80.76993,34.37711],[-80.75924,34.37573],[-80.74031,34.37582],[-80.73712,34.37244],[-80.71723,34.35689],[-80.70141,34.33904],[-80.69363,34.32727],[-80.6865,34.33727],[-80.6895,34.34091],[-80.68644,34.34942],[-80.67868,34.35486],[-80.67763,34.36366],[-80.66385,34.36771],[-80.64906,34.3841],[-80.64886,34.39166],[-80.64568,34.40057],[-80.63396,34.40397],[-80.62,34.39931],[-80.614,34.39993],[-80.60041,34.4102],[-80.59049,34.41208],[-80.58547,34.41909],[-80.58133,34.4352],[-80.57919,34.43773],[-80.57143,34.43335],[-80.56206,34.43021],[-80.55666,34.43003],[-80.54475,34.43354],[-80.55484,34.44589],[-80.56152,34.46075],[-80.56477,34.46574],[-80.57652,34.47679],[-80.57937,34.48457],[-80.58249,34.49294],[-80.58598,34.49679],[-80.59577,34.50213],[-80.59803,34.49519],[-80.60411,34.4952],[-80.61036,34.48879],[-80.61428,34.48881],[-80.61363,34.49994],[-80.62561,34.49524],[-80.62688,34.48379],[-80.63156,34.48347],[-80.63221,34.49143],[-80.6456,34.49155],[-80.64524,34.48375],[-80.65347,34.47932],[-80.65842,34.47861],[-80.66187,34.48327],[-80.67378,34.49218],[-80.6822,34.50105],[-80.6828,34.50701],[-80.68908,34.51532],[-80.69752,34.51458],[-80.70628,34.50978],[-80.70919,34.50512],[-80.71364,34.48726],[-80.73504,34.48132],[-80.7417,34.48495],[-80.7456,34.49117],[-80.74017,34.50011],[-80.74011,34.50738],[-80.74562,34.51259],[-80.73974,34.52388],[-80.73767,34.5395],[-80.74335,34.53992],[-80.85328,34.47304],[-80.87342,34.46041],[-80.87923,34.45778]]]},"properties":{"STATEFP":"45","COUNTYFP":"055","COUSUBFP":"93692","COUSUBNS":"01938465","GEOIDFQ":"0600000US4505593692","GEOID":"4505593692","NAME":"Westville","NAMELSAD":"Westville CCD","STUSPS":"SC","NAMELSADCO":"Kershaw County","STATE_NAME":"South Carolina","LSAD":"22","ALAND":305574066,"AWATER":18369993}},
{"type":"Feature","geometry":{"type":"Polygon","coordinates":[[[-81.35713,33.31165],[-81.35098,33.31281],[-81.32539,33.3109],[-81.31586,33.30414],[-81.31805,33.30096],[-81.30844,33.29581],[-81.30369,33.29486],[-81.2926,33.29717],[-81.28249,33.30229],[-81.27381,33.30174],[-81.26066,33.30368],[-81.25956,33.29945],[-81.25244,33.2965],[-81.23496,33.29604],[-81.22482,33.29265],[-81.21908,33.2954],[-81.21517,33.36626],[-81.21318,33.39787],[-81.22267,33.44],[-81.24632,33.44283],[-81.26327,33.45156],[-81.26789,33.45555],[-81.275,33.45468],[-81.28393,33.45659],[-81.29182,33.45494],[-81.29451,33.44595],[-81.31041,33.43318],[-81.31042,33.42515],[-81.31252,33.42014],[-81.32155,33.41077],[-81.32595,33.40972],[-81.33426,33.39904],[-81.33453,33.38939],[-81.33673,33.38136],[-81.34433,33.37167],[-81.34528,33.34474],[-81.34161,33.33921],[-81.34594,33.33656],[-81.35206,33.32641],[-81.35184,33.32004],[-81.35765,33.3152],[-81.35713,33.31165]]]},"properties":{"STATEFP":"45","COUNTYFP":"011","COUSUBFP":"90286","COUSUBNS":"01938202","GEOIDFQ":"0600000US4501190286","GEOID":"4501190286","NAME":"Blackville","NAMELSAD":"Blackville CCD","STUSPS":"SC","NAMELSADCO":"Barnwell County","STATE_NAME":"South Carolina","LSAD":"22","ALAND":177470237,"AWATER":1217763}},
{"type":"Feature","geometry":{"type":"Polygon","coordinates":[[[-81.05954,33.35887],[-81.0739,33.36845],[-81.07548,33.37344],[-81.08547,33.37529],[-81.09151,33.37853],[-81.10215,33.37854],[-81.11772,33.38346],[-81.12344,33.38815],[-81.13042,33.38897],[-81.13533,33.39382],[-81.14408,33.39932],[-81.14739,33.39949],[-81.157,33.40618],[-81.16705,33.40928],[-81.18953,33.41168],[-81.19243,33.41873],[-81.19832,33.42123],[-81.19979,33.43007],[-81.20606,33.43734],[-81.22011,33.43949],[-81.22267,33.44],[-81.21318,33.39787],[-81.21517,33.36626],[-81.21908,33.2954],[-81.21972,33.28198],[-81.1997,33.28817],[-81.18572,33.29037],[-81.17938,33.28745],[-81.17734,33.27705],[-81.16978,33.26049],[-81.16129,33.253],[-81.15463,33.24426],[-81.13184,33.2363],[-81.1008,33.21768],[-81.09815,33.22163],[-81.09593,33.2327],[-81.09325,33.23708],[-81.09586,33.24725],[-81.10366,33.26435],[-81.09785,33.26692],[-81.08901,33.27358],[-81.08241,33.27577],[-81.074,33.28406],[-81.06651,33.28901],[-81.08077,33.3005],[-81.07558,33.30856],[-81.1,33.315],[-81.10195,33.32685],[-81.09202,33.34687],[-81.05954,33.35887]]]},"properties":{"STATEFP":"45","COUNTYFP":"009","COUSUBFP":"90871","COUSUBNS":"01938247","GEOIDFQ":"0600000US4500990871","GEOID":"4500990871","NAME":"Denmark","NAMELSAD":"Denmark CCD","STUSPS":"SC","NAMELSADCO":"Bamberg County","STATE_NAME":"South Carolina","LSAD":"22","ALAND":198470975,"AWATER":1647347}},
{"type":"Feature","geometry":{"type":"Polygon","coordinates":[[[-82.13309,34.08331],[-82.12883,34.09814],[-82.12993,34.11029],[-82.12646,34.11553],[-82.12621,34.13042],[-82.1126,34.11788],[-82.0949,34.11328],[-82.08879,34.1197],[-82.07666,34.12198],[-82.05852,34.10934],[-82.04369,34.10977],[-82.03542,34.10812],[-82.03061,34.11294],[-82.04129,34.12448],[-82.06049,34.13664],[-82.06088,34.14663],[-82.06685,34.14713],[-82.07291,34.15239],[-82.08396,34.15835],[-82.09059,34.16653],[-82.07422,34.17318],[-82.07455,34.17805],[-82.08197,34.19253],[-82.0932,34.19273],[-82.09304,34.2091],[-82.09986,34.21712],[-82.07988,34.21989],[-82.04747,34.24593],[-82.0354,34.25024],[-82.02566,34.25863],[-82.03113,34.26236],[-82.04245,34.26453],[-82.05075,34.2687],[-82.05159,34.27418],[-82.07275,34.28848],[-82.07592,34.29339],[-82.08367,34.29924],[-82.08972,34.30158],[-82.09455,34.30129],[-82.10979,34.30781],[-82.11111,34.28803],[-82.12675,34.2763],[-82.13334,34.28027],[-82.15031,34.27832],[-82.16048,34.28522],[-82.18375,34.29345],[-82.18799,34.29073],[-82.17879,34.28231],[-82.17849,34.26883],[-82.1798,34.26335],[-82.18355,34.26177],[-82.17955,34.25585],[-82.18014,34.24793],[-82.1939,34.24479],[-82.21327,34.23713],[-82.2246,34.23581],[-82.2278,34.22973],[-82.2418,34.23223],[-82.24826,34.23069],[-82.25217,34.22558],[-82.24824,34.22055],[-82.24012,34.19217],[-82.24057,34.16345],[-82.24931,34.13598],[-82.23084,34.12246],[-82.22402,34.11227],[-82.21595,34.10274],[-82.21489,34.09372],[-82.20083,34.0886],[-82.19085,34.0904],[-82.18419,34.0864],[-82.17252,34.08679],[-82.16798,34.07968],[-82.16306,34.08112],[-82.15396,34.07952],[-82.14521,34.07627],[-82.13309,34.08331]]]},"properties":{"STATEFP":"45","COUNTYFP":"047","COUSUBFP":"91378","COUSUBNS":"01938286","GEOIDFQ":"0600000US4504791378","GEOID":"4504791378","NAME":"Greenwood","NAMELSAD":"Greenwood CCD","STUSPS":"SC","NAMELSADCO":"Greenwood County","STATE_NAME":"South Carolina","LSAD":"22","ALAND":304024526,"AWATER":4854623}},
{"type":"Feature","geometry":{"type":"Polygon","coordinates":[[[-81.09879,32.68873],[-81.10256,32.69162],[-81.09623,32.70226],[-81.09701,32.70954],[-81.10088,32.71493],[-81.10639,32.7178],[-81.1129,32.71803],[-81.12337,32.71255],[-81.1295,32.71143],[-81.13737,32.71519],[-81.13952,32.72048],[-81.15344,32.71905],[-81.15367,32.72926],[-81.16253,32.73246],[-81.16903,32.73232],[-81.17224,32.72462],[-81.18976,32.72598],[-81.18673,32.73107],[-81.19693,32.73196],[-81.2056,32.73003],[-81.21131,32.7452],[-81.2138,32.73867],[-81.22255,32.73408],[-81.23249,32.72363],[-81.23503,32.71597],[-81.24229,32.72584],[-81.24253,32.71377],[-81.26075,32.71091],[-81.2609,32.6974],[-81.26245,32.68671],[-81.26462,32.68242],[-81.28555,32.70206],[-81.29903,32.70574],[-81.3016,32.70527],[-81.31294,32.71363],[-81.32235,32.70728],[-81.33695,32.70061],[-81.35475,32.71239],[-81.35994,32.73033],[-81.36823,32.72586],[-81.37865,32.71773],[-81.38681,32.71691],[-81.39299,32.71045],[-81.39337,32.70615],[-81.39976,32.68926],[-81.40151,32.67982],[-81.40391,32.66688],[-81.39754,32.66259],[-81.40034,32.65849],[-81.39382,32.65349],[-81.39459,32.64957],[-81.41183,32.63938],[-81.40274,32.63703],[-81.4082,32.63131],[-81.41341,32.63737],[-81.41843,32.6347],[-81.41812,32.62835],[-81.41309,32.6248],[-81.41122,32.61773],[-81.39387,32.60234],[-81.38934,32.59544],[-81.381,32.58965],[-81.37569,32.58947],[-81.36359,32.58179],[-81.35775,32.58212],[-81.3537,32.57791],[-81.35832,32.57363],[-81.3286,32.56109],[-81.32181,32.55954],[-81.29795,32.56303],[-81.29116,32.55722],[-81.2813,32.55644],[-81.22258,32.60383],[-81.20721,32.61053],[-81.18798,32.62484],[-81.15766,32.64575],[-81.13829,32.66038],[-81.09879,32.68873]]]},"properties":{"STATEFP":"45","COUNTYFP":"049","COUSUBFP":"91222","COUSUBNS":"01938274","GEOIDFQ":"0600000US4504991222","GEOID":"4504991222","NAME":"Furman-Scotia","NAMELSAD":"Furman-Scotia CCD","STUSPS":"SC","NAMELSADCO":"Hampton County","STATE_NAME":"South Carolina","LSAD":"22","ALAND":352741217,"AWATER":3610078}},
{"type":"Feature","geometry":{"type":"Polygon","coordinates":[[[-81.46056,33.79725],[-81.46405,33.79705],[-81.47714,33.80154],[-81.48395,33.80177],[-81.48955,33.80465],[-81.49302,33.80944],[-81.50488,33.80805],[-81.50612,33.81129],[-81.51503,33.81311],[-81.51972,33.82384],[-81.52576,33.82871],[-81.53167,33.8309],[-81.5345,33.83783],[-81.54234,33.84664],[-81.5407,33.85183],[-81.55129,33.86077],[-81.56107,33.86281],[-81.566,33.86736],[-81.57149,33.87732],[-81.57913,33.87135],[-81.65176,33.81451],[-81.70379,33.77374],[-81.6989,33.76602],[-81.68985,33.76187],[-81.69062,33.75809],[-81.67636,33.74617],[-81.66353,33.74106],[-81.66375,33.73503],[-81.65627,33.72765],[-81.64604,33.72204],[-81.64572,33.71844],[-81.63569,33.712],[-81.63421,33.70707],[-81.62523,33.7056],[-81.6158,33.69557],[-81.60543,33.68967],[-81.60233,33.68545],[-81.60244,33.67698],[-81.58896,33.6688],[-81.586,33.66489],[-81.57901,33.66317],[-81.57293,33.65765],[-81.57293,33.6541],[-81.56211,33.63615],[-81.54744,33.64416],[-81.53277,33.65436],[-81.5233,33.66412],[-81.51838,33.67407],[-81.50577,33.68645],[-81.48753,33.69562],[-81.47633,33.70426],[-81.45636,33.71582],[-81.4376,33.72114],[-81.42558,33.72233],[-81.41698,33.72598],[-81.41168,33.73068],[-81.41814,33.73447],[-81.42377,33.74147],[-81.43226,33.76207],[-81.43108,33.76608],[-81.43574,33.77567],[-81.44669,33.78368],[-81.45143,33.78989],[-81.46056,33.79725]]]},"properties":{"STATEFP":"45","COUNTYFP":"003","COUSUBFP":"92223","COUSUBNS":"01938352","GEOIDFQ":"0600000US4500392223","GEOID":"4500392223","NAME":"Monetta","NAMELSAD":"Monetta CCD","STUSPS":"SC","NAMELSADCO":"Aiken County","STATE_NAME":"South Carolina","LSAD":"22","ALAND":347044902,"AWATER":2986237}},
{"type":"Feature","geometry":{"type":"Polygon","coordinates":[[[-82.04212,34.93943],[-82.04959,34.94011],[-82.06393,34.93715],[-82.07538,34.9393],[-82.08204,34.93141],[-82.07789,34.92413],[-82.08054,34.92154],[-82.08425,34.91137],[-82.0874,34.90826],[-82.09978,34.90646],[-82.10367,34.91053],[-82.10853,34.90686],[-82.11797,34.90355],[-82.11128,34.90237],[-82.11098,34.89564],[-82.10413,34.89136],[-82.10028,34.88432],[-82.09177,34.88186],[-82.07808,34.87107],[-82.07614,34.86675],[-82.06972,34.86356],[-82.06684,34.8488],[-82.06072,34.84372],[-82.05023,34.84474],[-82.04319,34.84278],[-82.04195,34.83883],[-82.03126,34.83831],[-82.0291,34.8335],[-82.02133,34.82577],[-82.02078,34.82198],[-82.01231,34.82053],[-82.00143,34.81296],[-81.99676,34.8185],[-81.98878,34.83197],[-81.97387,34.83665],[-81.97395,34.83872],[-81.98428,34.84929],[-81.98817,34.86068],[-81.99204,34.86631],[-82.00011,34.87035],[-82.01094,34.88215],[-82.01973,34.887],[-82.02454,34.89242],[-82.02742,34.90498],[-82.0347,34.91106],[-82.03312,34.91507],[-82.03954,34.91945],[-82.04049,34.92655],[-82.04492,34.93039],[-82.04212,34.93943]]]},"properties":{"STATEFP":"45","COUNTYFP":"083","COUSUBFP":"91105","COUSUBNS":"01938265","GEOIDFQ":"0600000US4508391105","GEOID":"4508391105","NAME":"Fairmont Mills","NAMELSAD":"Fairmont Mills CCD","STUSPS":"SC","NAMELSADCO":"Spartanburg County","STATE_NAME":"South Carolina","LSAD":"22","ALAND":76692412,"AWATER":1151617}},
{"type":"Feature","geometry":{"type":"Polygon","coordinates":[[[-82.15419,34.78456],[-82.15132,34.78181],[-82.14559,34.78521],[-82.13546,34.77817],[-82.13535,34.77307],[-82.13035,34.77239],[-82.12331,34.75912],[-82.12062,34.75774],[-82.11524,34.7489],[-82.10812,34.75307],[-82.10105,34.74403],[-82.09684,34.74556],[-82.08722,34.74515],[-82.08073,34.73046],[-82.07757,34.72765],[-82.07876,34.71945],[-82.06997,34.71981],[-82.06664,34.71525],[-82.0678,34.70785],[-82.07142,34.70382],[-82.06673,34.70103],[-82.05775,34.7006],[-82.05713,34.69516],[-82.04804,34.69286],[-82.04177,34.68828],[-82.04046,34.68371],[-82.02828,34.67841],[-82.0123,34.66859],[-82.00932,34.67365],[-82.00309,34.69014],[-81.99411,34.69917],[-81.98289,34.71242],[-81.97802,34.71589],[-81.9674,34.72655],[-81.95504,34.731],[-81.95493,34.73759],[-81.96049,34.74694],[-81.93942,34.74711],[-81.93479,34.74889],[-81.92729,34.7553],[-81.93185,34.75952],[-81.9409,34.75559],[-81.94138,34.76172],[-81.95221,34.76191],[-81.95753,34.76353],[-81.96583,34.77119],[-81.96073,34.77523],[-81.97227,34.78321],[-81.97862,34.78502],[-81.97786,34.78844],[-81.98656,34.79158],[-81.99063,34.79515],[-81.99511,34.79449],[-81.99886,34.80423],[-82.00247,34.80633],[-82.00143,34.81296],[-82.01231,34.82053],[-82.02078,34.82198],[-82.02133,34.82577],[-82.0291,34.8335],[-82.03126,34.83831],[-82.04195,34.83883],[-82.04319,34.84278],[-82.05023,34.84474],[-82.06072,34.84372],[-82.06684,34.8488],[-82.07224,34.84056],[-82.07105,34.83448],[-82.08592,34.82589],[-82.09421,34.82415],[-82.09926,34.81912],[-82.10888,34.8165],[-82.13064,34.81359],[-82.13514,34.81372],[-82.1493,34.80399],[-82.15632,34.80164],[-82.16518,34.79654],[-82.1595,34.79031],[-82.15298,34.7875],[-82.15419,34.78456]]]},"properties":{"STATEFP":"45","COUNTYFP":"083","COUSUBFP":"93783","COUSUBNS":"01938472","GEOIDFQ":"0600000US4508393783","GEOID":"4508393783","NAME":"Woodruff","NAMELSAD":"Woodruff CCD","STUSPS":"SC","NAMELSADCO":"Spartanburg County","STATE_NAME":"South Carolina","LSAD":"22","ALAND":192460385,"AWATER":1594734}},
{"type":"Feature","geometry":{"type":"Polygon","coordinates":[[[-82.3763,34.52714],[-82.37055,34.52183],[-82.36535,34.51987],[-82.36422,34.51544],[-82.35473,34.51324],[-82.34522,34.50796],[-82.34378,34.5],[-82.33893,34.50183],[-82.3273,34.49574],[-82.32588,34.49072],[-82.31943,34.49011],[-82.3187,34.48564],[-82.31387,34.48434],[-82.23606,34.53535],[-82.23572,34.54949],[-82.24139,34.55116],[-82.23888,34.56033],[-82.23958,34.56963],[-82.24662,34.56887],[-82.24894,34.57237],[-82.25677,34.57636],[-82.2661,34.57844],[-82.27411,34.58181],[-82.27341,34.59223],[-82.2811,34.59295],[-82.28071,34.59968],[-82.28656,34.60442],[-82.29153,34.60172],[-82.2939,34.60764],[-82.29852,34.61104],[-82.29716,34.61641],[-82.30378,34.62149],[-82.29509,34.63237],[-82.29692,34.63753],[-82.29376,34.64206],[-82.29408,34.64827],[-82.29873,34.65337],[-82.30489,34.65697],[-82.30565,34.66174],[-82.30318,34.66852],[-82.30594,34.67591],[-82.30554,34.68366],[-82.31145,34.68408],[-82.31937,34.68208],[-82.31711,34.6704],[-82.32873,34.66598],[-82.33818,34.65895],[-82.3395,34.6692],[-82.3436,34.67165],[-82.35204,34.67193],[-82.35556,34.66846],[-82.36246,34.66904],[-82.36495,34.67489],[-82.37547,34.67437],[-82.37813,34.66838],[-82.38405,34.66413],[-82.39293,34.66176],[-82.39836,34.65716],[-82.40872,34.65262],[-82.4182,34.64441],[-82.42833,34.63894],[-82.42465,34.6353],[-82.43032,34.63051],[-82.42924,34.62399],[-82.42283,34.61769],[-82.42404,34.60924],[-82.42835,34.59887],[-82.42998,34.59513],[-82.424,34.58459],[-82.42161,34.57712],[-82.42589,34.57396],[-82.41948,34.56866],[-82.42024,34.5591],[-82.4126,34.54845],[-82.40564,34.54504],[-82.39229,34.54374],[-82.38634,34.53933],[-82.38395,34.53492],[-82.3763,34.52714]]]},"properties":{"STATEFP":"45","COUNTYFP":"045","COUSUBFP":"93796","COUSUBNS":"01938473","GEOIDFQ":"0600000US4504593796","GEOID":"4504593796","NAME":"Woodville","NAMELSAD":"Woodville CCD","STUSPS":"SC","NAMELSADCO":"Greenville County","STATE_NAME":"South Carolina","LSAD":"22","ALAND":230694273,"AWATER":2195674}},
{"type":"Feature","geometry":{"type":"Polygon","coordinates":[[[-79.5061,34.52303],[-79.49839,34.50947],[-79.4874,34.50213],[-79.45747,34.47613],[-79.45194,34.47494],[-79.44008,34.47716],[-79.43745,34.46753],[-79.42904,34.45663],[-79.4198,34.45062],[-79.41652,34.45893],[-79.40476,34.45164],[-79.39419,34.4484],[-79.38932,34.45678],[-79.38509,34.4595],[-79.37845,34.45907],[-79.37349,34.46191],[-79.35841,34.45627],[-79.35362,34.45871],[-79.35833,34.46021],[-79.35454,34.467],[-79.35477,34.48032],[-79.35206,34.48662],[-79.33858,34.49898],[-79.33634,34.50591],[-79.33003,34.50889],[-79.31661,34.50895],[-79.35832,34.54536],[-79.45003,34.62104],[-79.46061,34.60262],[-79.5061,34.52303]]]},"properties":{"STATEFP":"45","COUNTYFP":"033","COUSUBFP":"91976","COUSUBNS":"01938333","GEOIDFQ":"0600000US4503391976","GEOID":"4503391976","NAME":"Little Rock","NAMELSAD":"Little Rock CCD","STUSPS":"SC","NAMELSADCO":"Dillon County","STATE_NAME":"South Carolina","LSAD":"22","ALAND":173499157,"AWATER":114465}},
{"type":"Feature","geometry":{"type":"Polygon","coordinates":[[[-79.94821,32.90835],[-79.95083,32.91075],[-80.01177,32.89988],[-80.04149,32.95501],[-80.04262,32.96034],[-80.04006,32.98275],[-80.04583,32.98503],[-80.05602,32.99936],[-80.06041,32.99781],[-80.08398,32.9933],[-80.09822,32.98811],[-80.10507,32.99249],[-80.10803,32.99976],[-80.11336,32.99806],[-80.14925,33.0216],[-80.15282,33.01879],[-80.16019,33.01761],[-80.16446,33.01282],[-80.16998,33.01552],[-80.17638,33.00996],[-80.16949,33.00888],[-80.16762,33.00256],[-80.14604,32.9843],[-80.14374,32.98572],[-80.13555,32.99889],[-80.11054,32.98549],[-80.12543,32.98233],[-80.13065,32.97901],[-80.14075,32.97982],[-80.0798,32.92819],[-80.09766,32.88696],[-80.09415,32.88289],[-80.0808,32.88693],[-80.07571,32.88449],[-80.08164,32.87772],[-80.08071,32.87493],[-80.06473,32.87056],[-80.05981,32.8645],[-80.05943,32.86046],[-80.05151,32.84856],[-80.04872,32.84641],[-80.03973,32.84811],[-80.02992,32.83875],[-80.02407,32.83563],[-80.0157,32.82843],[-80.0085,32.8279],[-79.99233,32.83631],[-79.97864,32.83461],[-79.97263,32.8336],[-79.96948,32.83625],[-79.96093,32.83813],[-79.95134,32.83342],[-79.94403,32.83604],[-79.94014,32.83005],[-79.93137,32.82984],[-79.93118,32.85001],[-79.94401,32.85647],[-79.95631,32.86005],[-79.96373,32.87535],[-79.96291,32.88993],[-79.96001,32.8956],[-79.94821,32.90835]]]},"properties":{"STATEFP":"45","COUNTYFP":"019","COUSUBFP":"92424","COUSUBNS":"02584539","GEOIDFQ":"0600000US4501992424","GEOID":"4501992424","NAME":"North Charleston","NAMELSAD":"North Charleston CCD","STUSPS":"SC","NAMELSADCO":"Charleston County","STATE_NAME":"South Carolina","LSAD":"22","ALAND":153663031,"AWATER":8960589}},
{"type":"Feature","geometry":{"type":"Polygon","coordinates":[[[-82.57056,34.35654],[-82.56651,34.3515],[-82.57103,34.34772],[-82.56708,34.34285],[-82.56809,34.33609],[-82.57641,34.33055],[-82.57078,34.32448],[-82.57584,34.321],[-82.57851,34.31332],[-82.50906,34.35774],[-82.43106,34.40825],[-82.31387,34.48434],[-82.3187,34.48564],[-82.31943,34.49011],[-82.32588,34.49072],[-82.3273,34.49574],[-82.33893,34.50183],[-82.34378,34.5],[-82.34522,34.50796],[-82.35473,34.51324],[-82.36422,34.51544],[-82.36535,34.51987],[-82.37055,34.52183],[-82.3763,34.52714],[-82.38102,34.52464],[-82.3829,34.5161],[-82.38741,34.51227],[-82.40099,34.51196],[-82.41019,34.51052],[-82.40936,34.50303],[-82.41284,34.49853],[-82.42931,34.48722],[-82.44585,34.49135],[-82.45752,34.49197],[-82.4609,34.4841],[-82.46922,34.48387],[-82.47042,34.47921],[-82.4842,34.46375],[-82.48665,34.45924],[-82.49694,34.45494],[-82.50149,34.44963],[-82.50818,34.44605],[-82.51296,34.44616],[-82.51871,34.44974],[-82.51897,34.44009],[-82.53172,34.43094],[-82.53031,34.42192],[-82.53413,34.41787],[-82.53269,34.41374],[-82.54196,34.40596],[-82.54312,34.39894],[-82.54155,34.39124],[-82.55555,34.38604],[-82.56379,34.3745],[-82.56707,34.36092],[-82.57056,34.35654]]]},"properties":{"STATEFP":"45","COUNTYFP":"007","COUSUBFP":"91560","COUSUBNS":"01938301","GEOIDFQ":"0600000US4500791560","GEOID":"4500791560","NAME":"Honea Path","NAMELSAD":"Honea Path CCD","STUSPS":"SC","NAMELSADCO":"Anderson County","STATE_NAME":"South Carolina","LSAD":"22","ALAND":186425096,"AWATER":1594170}},
{"type":"Feature","geometry":{"type":"Polygon","coordinates":[[[-81.12431,33.87175],[-81.13323,33.867],[-81.13515,33.85916],[-81.14087,33.85128],[-81.16467,33.83103],[-81.17168,33.82436],[-81.18161,33.81187],[-81.18882,33.80768],[-81.18449,33.80002],[-81.18023,33.78748],[-81.17722,33.78516],[-81.15574,33.77744],[-81.16818,33.75929],[-81.17537,33.7421],[-81.17311,33.72375],[-81.1693,33.71418],[-81.17107,33.70827],[-81.18073,33.69254],[-81.18314,33.68529],[-81.18055,33.67363],[-81.1823,33.66979],[-81.18187,33.66079],[-81.18727,33.65294],[-81.18691,33.65292],[-81.10873,33.68559],[-81.08466,33.69603],[-81.04285,33.70713],[-81.01944,33.71993],[-80.99923,33.72656],[-80.99152,33.73214],[-80.97847,33.73048],[-80.96441,33.73681],[-80.95574,33.73782],[-80.9456,33.7493],[-80.94026,33.75242],[-80.92632,33.75558],[-80.93361,33.76481],[-80.93995,33.76913],[-80.9504,33.77206],[-80.96189,33.77899],[-80.96699,33.77718],[-81.014,33.78124],[-81.01444,33.77502],[-81.0226,33.77319],[-81.02348,33.76347],[-81.03287,33.76406],[-81.03612,33.74521],[-81.05852,33.74705],[-81.06049,33.76255],[-81.05917,33.7709],[-81.04752,33.78943],[-81.04628,33.79835],[-81.05212,33.80156],[-81.05929,33.80259],[-81.06623,33.81023],[-81.07222,33.8127],[-81.0912,33.81511],[-81.10097,33.81728],[-81.09555,33.82691],[-81.08555,33.84966],[-81.0957,33.8555],[-81.09814,33.86473],[-81.10312,33.87091],[-81.11532,33.87193],[-81.11859,33.87406],[-81.12431,33.87175]]]},"properties":{"STATEFP":"45","COUNTYFP":"063","COUSUBFP":"93354","COUSUBNS":"01938439","GEOIDFQ":"0600000US4506393354","GEOID":"4506393354","NAME":"Swansea","NAMELSAD":"Swansea CCD","STUSPS":"SC","NAMELSADCO":"Lexington County","STATE_NAME":"South Carolina","LSAD":"22","ALAND":248034689,"AWATER":1645634}},
{"type":"Feature","geometry":{"type":"Polygon","coordinates":[[[-82.48703,34.819],[-82.63059,34.74921],[-82.62709,34.74711],[-82.62473,34.7359],[-82.61878,34.73014],[-82.6104,34.71249],[-82.59883,34.71164],[-82.59862,34.70656],[-82.60732,34.70584],[-82.6155,34.69532],[-82.62746,34.68992],[-82.62746,34.68505],[-82.63903,34.66998],[-82.62592,34.66657],[-82.61769,34.67081],[-82.61426,34.67561],[-82.59691,34.67615],[-82.59057,34.66963],[-82.58348,34.66966],[-82.56764,34.67712],[-82.56031,34.68639],[-82.55283,34.68949],[-82.54287,34.69607],[-82.5252,34.68995],[-82.52115,34.69289],[-82.51498,34.69181],[-82.49548,34.68319],[-82.49189,34.67876],[-82.48297,34.67837],[-82.48137,34.6754],[-82.46464,34.67237],[-82.45881,34.67265],[-82.45742,34.68234],[-82.46386,34.68563],[-82.45904,34.68865],[-82.4631,34.69344],[-82.45688,34.69952],[-82.46295,34.70161],[-82.46517,34.7088],[-82.45975,34.70873],[-82.45741,34.71424],[-82.46379,34.7164],[-82.46554,34.72124],[-82.46349,34.73676],[-82.45975,34.73886],[-82.46343,34.74488],[-82.45514,34.75068],[-82.45836,34.75561],[-82.45709,34.76162],[-82.45145,34.76879],[-82.45208,34.77643],[-82.4584,34.77918],[-82.45889,34.78832],[-82.46225,34.79296],[-82.46094,34.79666],[-82.46935,34.79813],[-82.47513,34.81043],[-82.48703,34.819]]]},"properties":{"STATEFP":"45","COUNTYFP":"007","COUSUBFP":"92723","COUSUBNS":"01938213","GEOIDFQ":"0600000US4500792723","GEOID":"4500792723","NAME":"Powdersville-Piedmont","NAMELSAD":"Powdersville-Piedmont CCD","STUSPS":"SC","NAMELSADCO":"Anderson County","STATE_NAME":"South Carolina","LSAD":"22","ALAND":176341400,"AWATER":1437059}},
{"type":"Feature","geometry":{"type":"Polygon","coordinates":[[[-80.89824,34.82084],[-81.03454,34.82107],[-81.03903,34.81102],[-81.03602,34.80122],[-81.02869,34.7998],[-81.03021,34.78821],[-81.02834,34.78391],[-81.02291,34.78356],[-81.01853,34.77994],[-81.00901,34.77915],[-81.00386,34.77524],[-80.99871,34.76728],[-80.99404,34.76776],[-80.99062,34.75229],[-80.98971,34.7417],[-80.9772,34.73803],[-80.9764,34.73141],[-80.98135,34.72651],[-80.97767,34.71871],[-80.97201,34.71704],[-80.9652,34.71973],[-80.95064,34.71482],[-80.95138,34.70724],[-80.94606,34.70588],[-80.94742,34.70051],[-80.93823,34.69935],[-80.93967,34.69072],[-80.93945,34.6841],[-80.9369,34.67656],[-80.94042,34.6737],[-80.94263,34.6671],[-80.93724,34.66326],[-80.9322,34.66404],[-80.93033,34.65835],[-80.93479,34.64643],[-80.92763,34.64058],[-80.92139,34.63869],[-80.9183,34.64611],[-80.90623,34.64508],[-80.90263,34.6607],[-80.8956,34.65955],[-80.89454,34.65655],[-80.8866,34.65704],[-80.88857,34.6686],[-80.88064,34.67397],[-80.87698,34.68291],[-80.86045,34.69574],[-80.85986,34.70023],[-80.86643,34.70663],[-80.86894,34.7166],[-80.86882,34.72318],[-80.87457,34.73154],[-80.8749,34.73828],[-80.8777,34.74389],[-80.87838,34.75908],[-80.8744,34.76342],[-80.87591,34.78519],[-80.87812,34.79071],[-80.88448,34.79574],[-80.88687,34.80349],[-80.89051,34.80591],[-80.89597,34.81412],[-80.89824,34.82084]]]},"properties":{"STATEFP":"45","COUNTYFP":"023","COUSUBFP":"91179","COUSUBNS":"01938326","GEOIDFQ":"0600000US4502391179","GEOID":"4502391179","NAME":"Fort Lawn","NAMELSAD":"Fort Lawn CCD","STUSPS":"SC","NAMELSADCO":"Chester County","STATE_NAME":"South Carolina","LSAD":"22","ALAND":175830628,"AWATER":2849829}},
{"type":"Feature","geometry":{"type":"Polygon","coordinates":[[[-80.94848,33.52473],[-80.95586,33.52079],[-80.96461,33.51314],[-80.96293,33.50784],[-80.97898,33.50647],[-80.98453,33.50011],[-80.99178,33.49621],[-80.99228,33.48837],[-80.99889,33.47941],[-81.00748,33.47167],[-81.01548,33.46085],[-81.01784,33.45543],[-81.00489,33.45692],[-80.99443,33.46093],[-80.9964,33.45192],[-80.9832,33.44609],[-80.97896,33.44582],[-80.97093,33.43604],[-80.96357,33.43023],[-80.95716,33.43449],[-80.94653,33.42181],[-80.93978,33.42345],[-80.93269,33.4205],[-80.92582,33.41136],[-80.92439,33.40649],[-80.91756,33.40136],[-80.91111,33.39135],[-80.90376,33.38958],[-80.90299,33.38597],[-80.89694,33.38143],[-80.8975,33.37516],[-80.90138,33.37016],[-80.89483,33.36242],[-80.88555,33.35971],[-80.88361,33.36294],[-80.88566,33.36878],[-80.87826,33.37655],[-80.87783,33.38844],[-80.87373,33.39362],[-80.86251,33.41242],[-80.85853,33.41499],[-80.8591,33.42146],[-80.86187,33.42426],[-80.85963,33.43215],[-80.86023,33.44109],[-80.8647,33.44896],[-80.8727,33.45456],[-80.87518,33.461],[-80.87372,33.47532],[-80.8762,33.49046],[-80.88043,33.49201],[-80.88308,33.49701],[-80.89839,33.5018],[-80.90553,33.50189],[-80.90716,33.50912],[-80.917,33.51135],[-80.92205,33.50846],[-80.94474,33.52464],[-80.94848,33.52473]]]},"properties":{"STATEFP":"45","COUNTYFP":"075","COUSUBFP":"92509","COUSUBNS":"01938374","GEOIDFQ":"0600000US4507592509","GEOID":"4507592509","NAME":"Orangeburg West","NAMELSAD":"Orangeburg West CCD","STUSPS":"SC","NAMELSADCO":"Orangeburg County","STATE_NAME":"South Carolina","LSAD":"22","ALAND":128124549,"AWATER":1383807}},
{"type":"Feature","geometry":{"type":"Polygon","coordinates":[[[-80.30481,34.151],[-80.30017,34.14246],[-80.30037,34.1395],[-80.28869,34.1302],[-80.28634,34.12282],[-80.2866,34.11591],[-80.28097,34.10828],[-80.28025,34.09894],[-80.27705,34.09356],[-80.28249,34.07007],[-80.27935,34.0623],[-80.28048,34.05726],[-80.27669,34.05344],[-80.27543,34.04159],[-80.26906,34.0351],[-80.25772,34.01854],[-80.25927,34.01197],[-80.25542,34.00594],[-80.25331,33.99506],[-80.2498,33.99217],[-80.24307,33.99161],[-80.18829,34.00492],[-80.18986,34.00774],[-80.18702,34.03042],[-80.18039,34.04625],[-80.1827,34.05351],[-80.18375,34.05724],[-80.19222,34.06409],[-80.20194,34.06858],[-80.20414,34.07841],[-80.20819,34.08347],[-80.21604,34.08695],[-80.21456,34.11046],[-80.2163,34.11735],[-80.21225,34.12401],[-80.21795,34.1348],[-80.22424,34.13865],[-80.22382,34.14191],[-80.26426,34.15602],[-80.27425,34.1536],[-80.28441,34.15415],[-80.28973,34.15591],[-80.30339,34.15335],[-80.30481,34.151]]]},"properties":{"STATEFP":"45","COUNTYFP":"061","COUSUBFP":"92899","COUSUBNS":"01938404","GEOIDFQ":"0600000US4506192899","GEOID":"4506192899","NAME":"St. Charles","NAMELSAD":"St. Charles CCD","STUSPS":"SC","NAMELSADCO":"Lee County","STATE_NAME":"South Carolina","LSAD":"22","ALAND":119885712,"AWATER":283958}},
{"type":"Feature","geometry":{"type":"Polygon","coordinates":[[[-80.18097,34.63185],[-80.17061,34.6418],[-80.15126,34.64036],[-80.15159,34.63667],[-80.14472,34.63637],[-80.12436,34.64437],[-80.11214,34.65167],[-80.10613,34.65013],[-80.10065,34.65368],[-80.0877,34.65445],[-80.08436,34.65824],[-80.07483,34.65676],[-80.05866,34.6565],[-80.05148,34.66086],[-80.04036,34.65864],[-80.03402,34.66284],[-80.02401,34.66366],[-80.01834,34.66664],[-80.00719,34.6678],[-80.00271,34.67475],[-79.99605,34.67882],[-79.99034,34.67912],[-79.99886,34.68935],[-79.99802,34.69193],[-80.00333,34.69725],[-80.01154,34.70202],[-80.0165,34.70778],[-80.01749,34.71289],[-80.01502,34.71744],[-80.01848,34.72038],[-80.01646,34.73201],[-80.02003,34.74244],[-80.01685,34.74893],[-80.01634,34.75622],[-80.00791,34.7555],[-79.99528,34.75742],[-79.99933,34.76395],[-80.00044,34.77437],[-80.00247,34.77747],[-80.00346,34.78917],[-80.00158,34.80261],[-79.99403,34.808],[-80.07291,34.80974],[-80.14868,34.81117],[-80.14944,34.7979],[-80.14854,34.78999],[-80.15735,34.78479],[-80.16233,34.77641],[-80.16365,34.76187],[-80.16608,34.75463],[-80.17188,34.74893],[-80.16946,34.74103],[-80.17138,34.73401],[-80.17636,34.73212],[-80.1839,34.72569],[-80.18818,34.72642],[-80.19284,34.71862],[-80.20258,34.71157],[-80.20969,34.69448],[-80.2262,34.68125],[-80.22983,34.6795],[-80.22238,34.66882],[-80.21794,34.66826],[-80.21443,34.6636],[-80.20063,34.66054],[-80.18764,34.65366],[-80.18128,34.64671],[-80.18055,34.64249],[-80.18408,34.63461],[-80.18097,34.63185]]]},"properties":{"STATEFP":"45","COUNTYFP":"025","COUSUBFP":"90624","COUSUBNS":"01938228","GEOIDFQ":"0600000US4502590624","GEOID":"4502590624","NAME":"Chesterfield","NAMELSAD":"Chesterfield CCD","STUSPS":"SC","NAMELSADCO":"Chesterfield County","STATE_NAME":"South Carolina","LSAD":"22","ALAND":283982806,"AWATER":873507}},
{"type":"Feature","geometry":{"type":"Polygon","coordinates":[[[-81.37293,33.49042],[-81.36137,33.48515],[-81.34902,33.48497],[-81.34423,33.48089],[-81.33023,33.48023],[-81.32252,33.48296],[-81.31118,33.47822],[-81.29847,33.47941],[-81.28617,33.46958],[-81.27854,33.46658],[-81.276,33.46211],[-81.26789,33.45555],[-81.26327,33.45156],[-81.24632,33.44283],[-81.22267,33.44],[-81.22011,33.43949],[-81.21852,33.44386],[-81.22035,33.45069],[-81.21602,33.45322],[-81.21304,33.46177],[-81.20969,33.46561],[-81.20909,33.47395],[-81.20395,33.4793],[-81.19547,33.48175],[-81.18648,33.48839],[-81.18562,33.49702],[-81.18041,33.50414],[-81.17936,33.51098],[-81.1894,33.51027],[-81.19195,33.51828],[-81.19893,33.52904],[-81.19922,33.53252],[-81.20778,33.53106],[-81.20869,33.54485],[-81.20293,33.5625],[-81.19345,33.56211],[-81.18504,33.57098],[-81.1802,33.57432],[-81.17479,33.58499],[-81.17649,33.59278],[-81.17217,33.60124],[-81.16098,33.6027],[-81.14368,33.59931],[-81.13559,33.60698],[-81.14008,33.60923],[-81.14455,33.61654],[-81.15612,33.62405],[-81.16516,33.63216],[-81.16973,33.64151],[-81.18691,33.65292],[-81.18727,33.65294],[-81.28592,33.56558],[-81.34131,33.51703],[-81.37349,33.49051],[-81.37293,33.49042]]]},"properties":{"STATEFP":"45","COUNTYFP":"075","COUSUBFP":"93211","COUSUBNS":"01938428","GEOIDFQ":"0600000US4507593211","GEOID":"4507593211","NAME":"Springfield","NAMELSAD":"Springfield CCD","STUSPS":"SC","NAMELSADCO":"Orangeburg County","STATE_NAME":"South Carolina","LSAD":"22","ALAND":206555963,"AWATER":568369}},
{"type":"Feature","geometry":{"type":"Polygon","coordinates":[[[-81.42324,34.49438],[-81.42114,34.50148],[-81.42491,34.52407],[-81.42754,34.52948],[-81.42701,34.53898],[-81.42457,34.54564],[-81.4243,34.55599],[-81.42103,34.55995],[-81.41983,34.56659],[-81.4227,34.57202],[-81.42694,34.5785],[-81.42209,34.5897],[-81.41796,34.60411],[-81.41784,34.62341],[-81.41599,34.63359],[-81.42108,34.64031],[-81.42967,34.6486],[-81.44202,34.65373],[-81.44802,34.66692],[-81.4543,34.67519],[-81.45368,34.69234],[-81.45555,34.71129],[-81.45424,34.72092],[-81.46196,34.72652],[-81.47839,34.72367],[-81.48031,34.72234],[-81.48218,34.71965],[-81.4913,34.71649],[-81.49948,34.71699],[-81.50922,34.71411],[-81.51233,34.71116],[-81.51963,34.71004],[-81.52632,34.70418],[-81.52991,34.69497],[-81.52342,34.69475],[-81.52326,34.68984],[-81.53429,34.67973],[-81.53631,34.6735],[-81.5421,34.66844],[-81.55353,34.67564],[-81.5557,34.66921],[-81.56073,34.66612],[-81.56553,34.65633],[-81.56969,34.65213],[-81.58046,34.65326],[-81.58689,34.64922],[-81.58877,34.63905],[-81.58873,34.62365],[-81.58631,34.62241],[-81.58546,34.6061],[-81.58105,34.60164],[-81.57907,34.59329],[-81.58176,34.58471],[-81.57771,34.57919],[-81.57479,34.5751],[-81.56664,34.57046],[-81.56782,34.56066],[-81.57006,34.55486],[-81.56262,34.5493],[-81.56011,34.55011],[-81.55209,34.54339],[-81.55162,34.53946],[-81.54378,34.53248],[-81.53808,34.53397],[-81.53184,34.52538],[-81.52098,34.51577],[-81.51802,34.51167],[-81.51221,34.51],[-81.49437,34.49199],[-81.48583,34.49371],[-81.48465,34.49],[-81.47453,34.49026],[-81.46898,34.49405],[-81.45872,34.48697],[-81.4522,34.49024],[-81.44494,34.48799],[-81.44327,34.4956],[-81.43555,34.49626],[-81.43344,34.49241],[-81.42772,34.49563],[-81.42324,34.49438]]]},"properties":{"STATEFP":"45","COUNTYFP":"087","COUSUBFP":"90507","COUSUBNS":"01938219","GEOIDFQ":"0600000US4508790507","GEOID":"4508790507","NAME":"Carlisle","NAMELSAD":"Carlisle CCD","STUSPS":"SC","NAMELSADCO":"Union County","STATE_NAME":"South Carolina","LSAD":"22","ALAND":281962380,"AWATER":1782161}},
{"type":"Feature","geometry":{"type":"Polygon","coordinates":[[[-80.88541,33.61821],[-80.89214,33.62664],[-80.8912,33.6387],[-80.89592,33.64626],[-80.89093,33.65951],[-80.87827,33.67748],[-80.8739,33.68619],[-80.87369,33.69553],[-80.87908,33.706],[-80.86703,33.70365],[-80.8757,33.72662],[-80.88635,33.74295],[-80.90197,33.75252],[-80.90055,33.75695],[-80.88282,33.76947],[-80.88123,33.77474],[-80.87733,33.77789],[-80.86677,33.77861],[-80.86249,33.7834],[-80.85599,33.78555],[-80.84961,33.78109],[-80.84163,33.78634],[-80.83482,33.78739],[-80.83747,33.79391],[-80.8452,33.79599],[-80.85783,33.80157],[-80.86576,33.80272],[-80.86971,33.81239],[-80.87981,33.81562],[-80.89322,33.80993],[-80.89853,33.80877],[-80.91556,33.81142],[-80.91731,33.81374],[-80.91598,33.82491],[-80.91173,33.82988],[-80.9131,33.83293],[-80.92049,33.83485],[-80.92426,33.82741],[-80.93619,33.82639],[-80.94058,33.82848],[-80.95082,33.8409],[-80.96595,33.84785],[-80.97299,33.84699],[-80.98571,33.84873],[-80.98959,33.85269],[-80.98622,33.85746],[-80.99978,33.8606],[-80.99657,33.87381],[-81.00017,33.87844],[-81.01233,33.88008],[-81.0379,33.87087],[-81.0416,33.85884],[-81.03819,33.84621],[-81.0461,33.80462],[-81.04628,33.79835],[-81.04752,33.78943],[-81.05917,33.7709],[-81.06049,33.76255],[-81.05852,33.74705],[-81.03612,33.74521],[-81.03287,33.76406],[-81.02348,33.76347],[-81.0226,33.77319],[-81.01444,33.77502],[-81.014,33.78124],[-80.96699,33.77718],[-80.96189,33.77899],[-80.9504,33.77206],[-80.93995,33.76913],[-80.93361,33.76481],[-80.92632,33.75558],[-80.94026,33.75242],[-80.9456,33.7493],[-80.95574,33.73782],[-80.96441,33.73681],[-80.97847,33.73048],[-80.99152,33.73214],[-80.99923,33.72656],[-81.01944,33.71993],[-81.04285,33.70713],[-81.02292,33.68557],[-81.0152,33.67795],[-80.9998,33.6608],[-80.96551,33.6253],[-80.94395,33.6436],[-80.93976,33.63702],[-80.94073,33.62975],[-80.93799,33.6244],[-80.93979,33.6088],[-80.91968,33.60551],[-80.88541,33.61821]]]},"properties":{"STATEFP":"45","COUNTYFP":"017","COUSUBFP":"93030","COUSUBNS":"01938414","GEOIDFQ":"0600000US4501793030","GEOID":"4501793030","NAME":"Sandy Run-Staley Crossroads","NAMELSAD":"Sandy Run-Staley Crossroads CCD","STUSPS":"SC","NAMELSADCO":"Calhoun County","STATE_NAME":"South Carolina","LSAD":"22","ALAND":296958634,"AWATER":3430813}},
{"type":"Feature","geometry":{"type":"Polygon","coordinates":[[[-80.39324,33.95748],[-80.38366,33.95684],[-80.36214,33.96783],[-80.34057,33.97021],[-80.34562,33.98494],[-80.34564,33.99159],[-80.34804,33.99708],[-80.34961,34.00834],[-80.35552,34.01364],[-80.35054,34.01809],[-80.35214,34.02656],[-80.3555,34.027],[-80.36094,34.03304],[-80.36162,34.0408],[-80.36806,34.04889],[-80.3772,34.05404],[-80.37999,34.06978],[-80.37874,34.0807],[-80.39564,34.08949],[-80.40553,34.08137],[-80.40872,34.0823],[-80.45036,34.10025],[-80.47411,34.10987],[-80.47138,34.10605],[-80.46026,34.09668],[-80.45671,34.08412],[-80.45069,34.07476],[-80.44333,34.06674],[-80.43917,34.05434],[-80.43422,34.04622],[-80.4318,34.03926],[-80.42861,34.02183],[-80.42897,34.01628],[-80.41808,34.00233],[-80.41322,33.99748],[-80.4153,33.98814],[-80.41389,33.98341],[-80.40223,33.97222],[-80.39324,33.95748]]]},"properties":{"STATEFP":"45","COUNTYFP":"085","COUSUBFP":"93302","COUSUBNS":"01938435","GEOIDFQ":"0600000US4508593302","GEOID":"4508593302","NAME":"Sumter North","NAMELSAD":"Sumter North CCD","STUSPS":"SC","NAMELSADCO":"Sumter County","STATE_NAME":"South Carolina","LSAD":"22","ALAND":89552874,"AWATER":371545}},
{"type":"Feature","geometry":{"type":"Polygon","coordinates":[[[-81.65211,33.97934],[-81.64054,33.97512],[-81.63411,33.97498],[-81.6295,33.96938],[-81.62125,33.95537],[-81.62101,33.95211],[-81.61412,33.94756],[-81.61504,33.94352],[-81.61228,33.93842],[-81.61582,33.92499],[-81.6126,33.90967],[-81.61412,33.90242],[-81.61192,33.89472],[-81.60027,33.89288],[-81.59219,33.8941],[-81.57766,33.88597],[-81.57913,33.87135],[-81.57149,33.87732],[-81.53866,33.94359],[-81.50237,34.01596],[-81.49623,34.02777],[-81.47197,34.07655],[-81.48215,34.0819],[-81.50248,34.07388],[-81.50963,34.07695],[-81.51385,34.08225],[-81.51883,34.08139],[-81.53017,34.08289],[-81.5389,34.08174],[-81.54236,34.08422],[-81.54558,34.091],[-81.55105,34.0868],[-81.56133,34.08418],[-81.56233,34.07911],[-81.57322,34.07746],[-81.57518,34.07377],[-81.58109,34.07349],[-81.58775,34.07801],[-81.60288,34.07023],[-81.61637,34.06905],[-81.62776,34.07036],[-81.63186,34.06493],[-81.64375,34.06365],[-81.64553,34.06009],[-81.64194,34.05505],[-81.64741,34.05241],[-81.65066,34.05532],[-81.66042,34.05897],[-81.66039,34.06456],[-81.66781,34.06602],[-81.66708,34.05957],[-81.6734,34.05535],[-81.68213,34.05336],[-81.68167,34.04515],[-81.68732,34.04611],[-81.69913,34.04231],[-81.70079,34.03884],[-81.69612,34.03438],[-81.70016,34.02601],[-81.69837,34.01693],[-81.6912,34.01113],[-81.68277,34.00036],[-81.68613,33.99645],[-81.68589,33.99102],[-81.67676,33.98858],[-81.67032,33.98425],[-81.66083,33.98436],[-81.65211,33.97934]]]},"properties":{"STATEFP":"45","COUNTYFP":"081","COUSUBFP":"90170","COUSUBNS":"01938193","GEOIDFQ":"0600000US4508190170","GEOID":"4508190170","NAME":"Batesburg-Leesville","NAMELSAD":"Batesburg-Leesville CCD","STUSPS":"SC","NAMELSADCO":"Saluda County","STATE_NAME":"South Carolina","LSAD":"22","ALAND":240538344,"AWATER":11574408}},
{"type":"Feature","geometry":{"type":"Polygon","coordinates":[[[-80.35887,34.53636],[-80.35477,34.53113],[-80.35228,34.52043],[-80.34281,34.51279],[-80.33581,34.51057],[-80.32759,34.49776],[-80.32946,34.4853],[-80.3274,34.47317],[-80.32897,34.45906],[-80.32273,34.44889],[-80.32628,34.44211],[-80.3256,34.43587],[-80.32084,34.42636],[-80.31158,34.42325],[-80.31037,34.41492],[-80.30296,34.41089],[-80.30228,34.40126],[-80.29581,34.39492],[-80.28588,34.39407],[-80.28487,34.38613],[-80.28784,34.38281],[-80.28396,34.37772],[-80.28898,34.37036],[-80.2886,34.36621],[-80.24903,34.38716],[-80.20217,34.41134],[-80.15424,34.43605],[-80.15045,34.45122],[-80.15273,34.4564],[-80.15789,34.45785],[-80.1604,34.46315],[-80.16892,34.46677],[-80.17286,34.47411],[-80.16979,34.48045],[-80.16551,34.48145],[-80.16574,34.48827],[-80.17063,34.48817],[-80.17242,34.49409],[-80.17116,34.49897],[-80.17789,34.50559],[-80.18151,34.51296],[-80.17951,34.51798],[-80.17271,34.52262],[-80.16882,34.53437],[-80.17297,34.54888],[-80.18009,34.55882],[-80.17754,34.5665],[-80.17331,34.57106],[-80.16351,34.57433],[-80.16187,34.58046],[-80.16413,34.58613],[-80.16347,34.59272],[-80.17206,34.6043],[-80.17182,34.61347],[-80.17982,34.61715],[-80.17981,34.62133],[-80.19299,34.62297],[-80.20131,34.62567],[-80.22291,34.63065],[-80.22816,34.62699],[-80.23397,34.62618],[-80.22981,34.61715],[-80.23125,34.60932],[-80.23659,34.60027],[-80.24865,34.59207],[-80.2577,34.60112],[-80.26603,34.5979],[-80.27262,34.59733],[-80.28241,34.58827],[-80.29191,34.58462],[-80.29941,34.57867],[-80.30787,34.57843],[-80.31971,34.57285],[-80.32293,34.56986],[-80.3358,34.56576],[-80.34352,34.56132],[-80.35273,34.55811],[-80.35489,34.55348],[-80.35126,34.54381],[-80.35295,34.54004],[-80.35887,34.53636]]]},"properties":{"STATEFP":"45","COUNTYFP":"025","COUSUBFP":"92067","COUSUBNS":"01938340","GEOIDFQ":"0600000US4502592067","GEOID":"4502592067","NAME":"McBee","NAMELSAD":"McBee CCD","STUSPS":"SC","NAMELSADCO":"Chesterfield County","STATE_NAME":"South Carolina","LSAD":"22","ALAND":335002300,"AWATER":3371132}},
{"type":"Feature","geometry":{"type":"Polygon","coordinates":[[[-81.15812,34.03835],[-81.15182,34.03355],[-81.12325,34.02446],[-81.10329,34.02349],[-81.11056,34.0369],[-81.12526,34.05574],[-81.13928,34.06834],[-81.15289,34.0776],[-81.17285,34.08755],[-81.19805,34.09626],[-81.22328,34.10078],[-81.24373,34.1022],[-81.25806,34.10193],[-81.27095,34.09904],[-81.27467,34.08874],[-81.28057,34.08395],[-81.30413,34.06983],[-81.314,34.06303],[-81.295,34.05966],[-81.27897,34.06112],[-81.27411,34.05663],[-81.25892,34.0564],[-81.24212,34.05236],[-81.23311,34.05187],[-81.21678,34.05343],[-81.2098,34.05077],[-81.20331,34.05053],[-81.18727,34.04522],[-81.174,34.04807],[-81.16274,34.04255],[-81.15812,34.03835]]]},"properties":{"STATEFP":"45","COUNTYFP":"063","COUSUBFP":"91625","COUSUBNS":"01938306","GEOIDFQ":"0600000US4506391625","GEOID":"4506391625","NAME":"Irmo","NAMELSAD":"Irmo CCD","STUSPS":"SC","NAMELSADCO":"Lexington County","STATE_NAME":"South Carolina","LSAD":"22","ALAND":54493052,"AWATER":23259714}}
]}