{"type":"FeatureCollection", "features": [
{"type":"Feature","geometry":{"type":"Polygon","coordinates":[[[-111.58552,40.99638],[-111.59336,40.99215],[-111.59368,40.98634],[-111.58765,40.97872],[-111.58788,40.96565],[-111.57739,40.95842],[-111.57335,40.96104],[-111.55874,40.95928],[-111.55173,40.95407],[-111.54276,40.95467],[-111.53426,40.95815],[-111.52483,40.95342],[-111.52359,40.94592],[-111.5265,40.9385],[-111.52715,40.92361],[-111.52311,40.91922],[-111.51491,40.91689],[-111.50846,40.90942],[-111.50977,40.89778],[-111.50649,40.89706],[-111.49943,40.88936],[-111.49477,40.87953],[-111.48616,40.87312],[-111.47966,40.85854],[-111.48101,40.85455],[-111.48712,40.85381],[-111.49193,40.8501],[-111.49873,40.83538],[-111.48942,40.83056],[-111.48731,40.82627],[-111.4649,40.82084],[-111.46092,40.82171],[-111.44518,40.81345],[-111.43657,40.80458],[-111.44486,40.799],[-111.45385,40.78629],[-111.46117,40.77945],[-111.46689,40.77731],[-111.46955,40.77066],[-111.4713,40.75648],[-111.4696,40.75371],[-111.47199,40.7443],[-111.47934,40.73988],[-111.49761,40.73143],[-111.47582,40.703],[-111.46239,40.68314],[-111.43687,40.68059],[-111.43196,40.68455],[-111.43162,40.69937],[-111.42591,40.70632],[-111.40709,40.71501],[-111.39547,40.71625],[-111.37533,40.73253],[-111.36882,40.73354],[-111.36285,40.73723],[-111.34998,40.73763],[-111.37126,40.75387],[-111.37498,40.75922],[-111.38201,40.76392],[-111.3794,40.76752],[-111.36835,40.77162],[-111.35666,40.77951],[-111.33441,40.78569],[-111.32843,40.78866],[-111.31876,40.79048],[-111.30562,40.79113],[-111.29755,40.79601],[-111.29342,40.8032],[-111.27529,40.80853],[-111.26828,40.80618],[-111.25807,40.80685],[-111.24611,40.81106],[-111.19825,40.81217],[-111.19047,40.80857],[-111.18167,40.80885],[-111.16113,40.8244],[-111.13689,40.82789],[-111.12983,40.83025],[-111.12298,40.82874],[-111.09891,40.83136],[-111.0912,40.83011],[-111.08835,40.83273],[-111.07584,40.83336],[-111.06349,40.84449],[-111.05765,40.84319],[-111.04652,40.84692],[-111.03891,40.84766],[-111.0215,40.84373],[-111.00548,40.84438],[-110.99472,40.85029],[-110.9786,40.83922],[-110.97191,40.83691],[-110.96045,40.84478],[-110.96502,40.84851],[-110.95794,40.85251],[-110.94153,40.85552],[-110.92075,40.86568],[-110.91404,40.87288],[-110.9013,40.89953],[-110.89549,40.90114],[-110.88894,40.90741],[-110.87801,40.91271],[-110.87355,40.91698],[-110.86606,40.93222],[-110.86075,40.93828],[-110.85653,40.9476],[-110.85676,40.95869],[-110.85193,40.96342],[-110.85718,40.96993],[-110.85977,40.97796],[-110.87206,40.9973],[-111.04672,40.99796],[-111.04662,41.15604],[-111.04655,41.25163],[-111.06464,41.25016],[-111.07584,41.24327],[-111.09051,41.22566],[-111.09774,41.21214],[-111.10154,41.20771],[-111.1103,41.21469],[-111.12181,41.20883],[-111.13316,41.20686],[-111.12951,41.19776],[-111.14187,41.19033],[-111.14107,41.18708],[-111.16103,41.17606],[-111.1674,41.17613],[-111.17576,41.17029],[-111.18811,41.16962],[-111.20618,41.16227],[-111.22291,41.15178],[-111.23282,41.14288],[-111.24116,41.142],[-111.24453,41.1452],[-111.26266,41.14107],[-111.26497,41.14404],[-111.27467,41.14257],[-111.29059,41.1432],[-111.30162,41.13442],[-111.3102,41.13049],[-111.31846,41.13244],[-111.32412,41.13746],[-111.33239,41.1381],[-111.34378,41.12965],[-111.36429,41.12831],[-111.36868,41.12201],[-111.37048,41.1154],[-111.37769,41.10782],[-111.37852,41.0984],[-111.38163,41.09686],[-111.38065,41.08699],[-111.38949,41.08541],[-111.39225,41.0816],[-111.40029,41.0813],[-111.40633,41.07621],[-111.41728,41.07404],[-111.42406,41.08006],[-111.44651,41.08213],[-111.45446,41.07468],[-111.46741,41.07036],[-111.47208,41.06506],[-111.49054,41.06109],[-111.49463,41.06413],[-111.50026,41.06134],[-111.50751,41.06323],[-111.51185,41.05903],[-111.52364,41.05623],[-111.54105,41.04528],[-111.54676,41.03651],[-111.55507,41.0322],[-111.55731,41.02265],[-111.55338,41.02072],[-111.55875,41.011],[-111.56873,41.00288],[-111.57985,40.99591],[-111.58552,40.99638]]]},"properties":{"STATEFP":"49","COUNTYFP":"043","COUSUBFP":"90430","COUSUBNS":"01939355","GEOIDFQ":"0600000US4904390430","GEOID":"4904390430","NAME":"Coalville","NAMELSAD":"Coalville CCD","STUSPS":"UT","NAMELSADCO":"Summit County","STATE_NAME":"Utah","LSAD":"22","ALAND":1788584026,"AWATER":11486387}},
{"type":"Feature","geometry":{"type":"Polygon","coordinates":[[[-112.92343,39.55254],[-112.86927,39.46983],[-112.84563,39.44692],[-112.82271,39.4391],[-112.79874,39.43395],[-112.79091,39.42938],[-112.79252,39.42416],[-112.79117,39.41516],[-112.80246,39.39889],[-112.80816,39.39684],[-112.81697,39.39021],[-112.81356,39.38732],[-112.81696,39.38301],[-112.81969,39.37163],[-112.83019,39.36811],[-112.83879,39.35978],[-112.86215,39.35767],[-112.86703,39.36048],[-112.87414,39.35653],[-112.88587,39.35516],[-112.88683,39.34921],[-112.89798,39.34082],[-112.89305,39.32864],[-112.89291,39.3165],[-112.88434,39.31223],[-112.88039,39.30776],[-112.88048,39.30269],[-112.88457,39.29939],[-112.87973,39.29227],[-112.88094,39.26538],[-112.88233,39.25659],[-112.87804,39.25087],[-112.87469,39.23828],[-112.88341,39.23626],[-112.87983,39.23107],[-112.87557,39.21781],[-112.87963,39.21323],[-112.88544,39.21496],[-112.90104,39.19874],[-112.90435,39.18799],[-112.91136,39.18543],[-112.90744,39.17348],[-112.91561,39.17283],[-112.9227,39.17002],[-112.92963,39.17111],[-112.93834,39.16806],[-112.95188,39.15438],[-112.95426,39.14565],[-112.9356,39.14059],[-112.90213,39.14146],[-112.89126,39.13774],[-112.87007,39.13307],[-112.80303,39.12301],[-112.79722,39.12244],[-112.78431,39.12662],[-112.7658,39.12633],[-112.76281,39.11966],[-112.73917,39.11911],[-112.70242,39.10385],[-112.69795,39.1011],[-112.67559,39.0937],[-112.66696,39.09251],[-112.6512,39.09596],[-112.64241,39.09921],[-112.63592,39.10422],[-112.62099,39.10694],[-112.61185,39.104],[-112.61012,39.098],[-112.60272,39.0959],[-112.58706,39.08842],[-112.57727,39.08046],[-112.57091,39.10678],[-112.55329,39.10983],[-112.53788,39.11809],[-112.50988,39.12744],[-112.49436,39.1308],[-112.47331,39.13813],[-112.46634,39.15557],[-112.40991,39.15495],[-112.40957,39.21392],[-112.29812,39.21316],[-112.27073,39.21163],[-112.25162,39.20856],[-112.24017,39.20546],[-112.22247,39.193],[-112.20545,39.18806],[-112.20019,39.19323],[-112.19611,39.18813],[-112.17972,39.19963],[-112.16169,39.20784],[-112.15504,39.21879],[-112.14956,39.2245],[-112.12936,39.23873],[-112.1165,39.25146],[-112.11674,39.25896],[-112.1234,39.26289],[-112.12353,39.27119],[-112.12814,39.27141],[-112.12831,39.30381],[-112.13084,39.31456],[-112.13729,39.3294],[-112.18892,39.32939],[-112.18891,39.37309],[-112.1936,39.37309],[-112.19328,39.48983],[-112.20263,39.48986],[-112.20263,39.50432],[-112.2073,39.50433],[-112.20728,39.51157],[-112.21196,39.51158],[-112.21197,39.52604],[-112.19324,39.52602],[-112.19329,39.54045],[-112.20267,39.54043],[-112.21203,39.54773],[-112.21204,39.55399],[-112.35447,39.55368],[-112.46242,39.5537],[-112.46242,39.55245],[-112.62954,39.5524],[-112.80304,39.55261],[-112.92343,39.55254]]]},"properties":{"STATEFP":"49","COUNTYFP":"027","COUSUBFP":"90516","COUSUBNS":"01939357","GEOIDFQ":"0600000US4902790516","GEOID":"4902790516","NAME":"Delta","NAMELSAD":"Delta CCD","STUSPS":"UT","NAMELSADCO":"Millard County","STATE_NAME":"Utah","LSAD":"22","ALAND":2630531427,"AWATER":83543650}},
{"type":"Feature","geometry":{"type":"Polygon","coordinates":[[[-112.15715,40.09795],[-112.15795,40.08911],[-112.17141,40.08555],[-112.17596,40.07772],[-112.17217,40.06827],[-112.1802,40.06704],[-112.18359,40.05966],[-112.17198,40.03948],[-112.17805,40.02657],[-112.17689,40.01943],[-112.1798,40.01166],[-112.1704,40.00782],[-112.16003,40.00676],[-112.15059,39.99759],[-112.15086,39.99345],[-112.14199,39.98964],[-112.14207,39.98671],[-112.13273,39.97747],[-112.12434,39.97411],[-112.11014,39.97384],[-112.104,39.96532],[-112.10281,39.95951],[-112.09413,39.95447],[-112.10253,39.94826],[-112.10576,39.9377],[-112.1025,39.93485],[-112.10359,39.92877],[-112.0926,39.92804],[-112.08525,39.92549],[-112.08058,39.91694],[-112.08126,39.91315],[-112.07221,39.91132],[-112.06255,39.90468],[-112.06111,39.89814],[-112.0545,39.89138],[-112.05956,39.88717],[-112.05915,39.88038],[-112.066,39.87613],[-112.07084,39.86971],[-112.08122,39.86508],[-112.07949,39.85696],[-112.07395,39.84707],[-112.07521,39.83969],[-112.07029,39.83789],[-112.06541,39.83004],[-112.06932,39.8224],[-112.07271,39.81214],[-112.07719,39.80983],[-112.07998,39.80196],[-112.07676,39.80013],[-112.08726,39.79063],[-112.08984,39.78193],[-112.0805,39.78128],[-112.07868,39.77884],[-112.0685,39.77735],[-112.06363,39.78192],[-112.05569,39.77731],[-112.04718,39.77685],[-112.04442,39.78151],[-112.03753,39.7833],[-112.03183,39.78117],[-112.0262,39.78269],[-112.01584,39.79198],[-112.00341,39.7971],[-111.99075,39.80492],[-111.98987,39.81126],[-111.97575,39.80705],[-111.96947,39.80711],[-111.96271,39.81596],[-111.96482,39.82505],[-111.9577,39.83671],[-111.95066,39.8343],[-111.94828,39.84899],[-111.93709,39.85537],[-111.93812,39.85739],[-111.92788,39.86516],[-111.92168,39.87448],[-111.92106,39.88015],[-111.91533,39.88365],[-111.90946,39.89457],[-111.90035,39.8987],[-111.89113,39.89835],[-111.88986,39.90182],[-111.88155,39.9074],[-111.86596,39.90588],[-111.85849,39.91037],[-111.85899,39.91474],[-111.85074,39.91625],[-111.84477,39.92215],[-111.83306,39.92466],[-111.83271,39.93669],[-111.82711,39.947],[-111.82392,39.9477],[-111.8169,39.94225],[-111.81636,39.96017],[-111.81399,39.96924],[-111.80703,39.97596],[-111.79716,39.98833],[-111.79784,39.99282],[-111.80528,39.99445],[-111.80567,40.0033],[-111.80048,40.01252],[-111.79556,40.01499],[-111.79502,40.02674],[-111.80063,40.03801],[-111.80393,40.05794],[-111.80201,40.06586],[-111.80399,40.06843],[-111.80418,40.07979],[-111.80023,40.08796],[-111.80535,40.11004],[-111.79736,40.1105],[-111.79749,40.11823],[-111.79369,40.12016],[-111.8006,40.12659],[-111.79339,40.12871],[-111.79138,40.13354],[-111.79979,40.13768],[-111.79938,40.14408],[-111.80635,40.14598],[-111.81258,40.14494],[-111.81749,40.15788],[-111.82488,40.16712],[-111.82773,40.17425],[-111.83455,40.16164],[-111.84758,40.15453],[-111.86186,40.13363],[-111.86618,40.12937],[-111.87539,40.12699],[-111.93767,40.13477],[-111.94215,40.1452],[-111.94957,40.14543],[-111.94952,40.13546],[-111.95906,40.12484],[-111.95829,40.05463],[-112.00551,40.0547],[-112.02176,40.06201],[-112.02908,40.06422],[-112.03451,40.0627],[-112.05697,40.06387],[-112.06508,40.05558],[-112.06902,40.0571],[-112.08095,40.05714],[-112.09837,40.07493],[-112.11109,40.08002],[-112.12074,40.08217],[-112.1428,40.09325],[-112.15715,40.09795]]]},"properties":{"STATEFP":"49","COUNTYFP":"049","COUSUBFP":"91118","COUSUBNS":"01939371","GEOIDFQ":"0600000US4904991118","GEOID":"4904991118","NAME":"Goshen","NAMELSAD":"Goshen CCD","STUSPS":"UT","NAMELSADCO":"Utah County","STATE_NAME":"Utah","LSAD":"22","ALAND":682749416,"AWATER":67144802}},
{"type":"Feature","geometry":{"type":"Polygon","coordinates":[[[-111.76612,41.81862],[-111.77235,41.81677],[-111.77816,41.8116],[-111.78983,41.80617],[-111.79056,41.81401],[-111.79686,41.81639],[-111.80554,41.81253],[-111.83321,41.81273],[-111.8333,41.8087],[-111.89158,41.80877],[-111.89163,41.80143],[-111.90653,41.80185],[-111.91185,41.79405],[-111.92004,41.78665],[-111.92446,41.79351],[-111.93252,41.80107],[-111.92683,41.805],[-111.93029,41.80906],[-111.94712,41.80382],[-111.95256,41.80991],[-111.95919,41.80716],[-111.95518,41.79286],[-111.95525,41.786],[-111.94812,41.78578],[-111.94366,41.78253],[-111.95555,41.75889],[-111.94879,41.75243],[-111.95244,41.74621],[-111.95568,41.74332],[-111.95352,41.73579],[-111.94296,41.73592],[-111.94547,41.72702],[-111.95236,41.72654],[-111.94933,41.72117],[-111.93784,41.71218],[-111.94287,41.71111],[-111.9425,41.70076],[-111.93451,41.694],[-111.933,41.69041],[-111.9383,41.68317],[-111.92807,41.67555],[-111.92606,41.66947],[-111.905,41.66812],[-111.9019,41.66194],[-111.90427,41.65444],[-111.89282,41.65219],[-111.83662,41.65121],[-111.82443,41.65413],[-111.82274,41.64797],[-111.8162,41.6368],[-111.80524,41.62788],[-111.79431,41.62502],[-111.7941,41.64184],[-111.80845,41.64185],[-111.80849,41.66351],[-111.80355,41.66355],[-111.80368,41.68556],[-111.79413,41.68561],[-111.79443,41.7293],[-111.78496,41.72931],[-111.78493,41.75854],[-111.77539,41.75863],[-111.77558,41.78036],[-111.77191,41.78037],[-111.77085,41.79487],[-111.76592,41.79489],[-111.76612,41.81862]]]},"properties":{"STATEFP":"49","COUNTYFP":"005","COUSUBFP":"91763","COUSUBNS":"01939386","GEOIDFQ":"0600000US4900591763","GEOID":"4900591763","NAME":"Logan","NAMELSAD":"Logan CCD","STUSPS":"UT","NAMELSADCO":"Cache County","STATE_NAME":"Utah","LSAD":"22","ALAND":217213916,"AWATER":7241281}},
{"type":"Feature","geometry":{"type":"Polygon","coordinates":[[[-112.15715,40.09795],[-112.15089,40.1073],[-112.16417,40.11875],[-112.16361,40.12319],[-112.1761,40.13081],[-112.17224,40.1412],[-112.16777,40.14667],[-112.17399,40.15429],[-112.16441,40.16198],[-112.15964,40.16279],[-112.15229,40.17145],[-112.14593,40.1709],[-112.14671,40.17835],[-112.15337,40.18216],[-112.14871,40.19048],[-112.14856,40.19536],[-112.1604,40.19885],[-112.15858,40.20663],[-112.14949,40.21217],[-112.1687,40.21931],[-112.17054,40.22557],[-112.17669,40.22772],[-112.17969,40.23224],[-112.17933,40.24936],[-112.18391,40.24996],[-112.18384,40.25813],[-112.1922,40.2645],[-112.1929,40.26894],[-112.18905,40.27354],[-112.18795,40.29386],[-112.1898,40.30014],[-112.19558,40.30617],[-112.1985,40.31231],[-112.19268,40.32289],[-112.19106,40.32939],[-112.17993,40.33214],[-112.17553,40.33584],[-112.18137,40.34589],[-112.18534,40.34849],[-112.18808,40.35489],[-112.19399,40.35987],[-112.19373,40.36789],[-112.18873,40.37249],[-112.19917,40.38255],[-112.19985,40.4035],[-112.19791,40.41493],[-112.19467,40.42106],[-112.2049,40.43107],[-112.20948,40.43307],[-112.23368,40.42687],[-112.23977,40.42908],[-112.25832,40.42814],[-112.26185,40.42569],[-112.2887,40.43028],[-112.30145,40.42995],[-112.31008,40.42715],[-112.32493,40.42985],[-112.3352,40.42746],[-112.3488,40.42689],[-112.35423,40.4297],[-112.36754,40.44314],[-112.3781,40.43113],[-112.38517,40.42935],[-112.38391,40.44523],[-112.38595,40.44599],[-112.40661,40.43463],[-112.4265,40.432],[-112.43974,40.432],[-112.4418,40.43564],[-112.45389,40.44124],[-112.46166,40.44188],[-112.46734,40.44566],[-112.47721,40.44875],[-112.49371,40.44795],[-112.50839,40.4434],[-112.51882,40.43486],[-112.5628,40.42039],[-112.57198,40.42481],[-112.59694,40.4246],[-112.60184,40.42669],[-112.60815,40.4185],[-112.60725,40.41553],[-112.59352,40.40545],[-112.59203,40.39813],[-112.59294,40.38921],[-112.59175,40.37961],[-112.58578,40.36565],[-112.57115,40.35306],[-112.56787,40.34871],[-112.56967,40.34002],[-112.58099,40.32956],[-112.58543,40.31956],[-112.58419,40.30934],[-112.57004,40.2864],[-112.56098,40.2804],[-112.55056,40.24232],[-112.56079,40.23241],[-112.56862,40.22827],[-112.56015,40.2095],[-112.56132,40.20004],[-112.55126,40.19594],[-112.54378,40.19069],[-112.54035,40.18115],[-112.54098,40.1709],[-112.54561,40.1613],[-112.55162,40.15414],[-112.55937,40.15019],[-112.56268,40.13579],[-112.56197,40.12335],[-112.56616,40.11488],[-112.56345,40.10458],[-112.5698,40.09076],[-112.56816,40.0831],[-112.56985,40.07799],[-112.58731,40.06702],[-112.58982,40.06176],[-112.5886,40.05363],[-112.57617,40.04118],[-112.56604,40.03455],[-112.55774,40.01181],[-112.55107,40.01066],[-112.54808,40.00717],[-112.54053,39.98436],[-112.529,39.97487],[-112.51053,39.96797],[-112.50246,39.96135],[-112.48885,39.96106],[-112.47072,39.94703],[-112.45872,39.93985],[-112.4491,39.9364],[-112.43752,39.92412],[-112.45427,39.91348],[-112.45755,39.90389],[-112.35046,39.90443],[-112.34199,39.90446],[-112.34308,39.91085],[-112.33729,39.91889],[-112.3355,39.9306],[-112.33978,39.94368],[-112.3347,39.94568],[-112.3323,39.95279],[-112.32323,39.94447],[-112.30985,39.94737],[-112.30204,39.93664],[-112.29272,39.94006],[-112.28083,39.94137],[-112.27029,39.93902],[-112.2608,39.94275],[-112.25422,39.95059],[-112.24889,39.95078],[-112.2458,39.95615],[-112.23632,39.96052],[-112.23451,39.97098],[-112.22505,39.98183],[-112.22449,39.98854],[-112.21062,39.99458],[-112.1967,40.00352],[-112.18686,40.00598],[-112.1798,40.01166],[-112.17689,40.01943],[-112.17805,40.02657],[-112.17198,40.03948],[-112.18359,40.05966],[-112.1802,40.06704],[-112.17217,40.06827],[-112.17596,40.07772],[-112.17141,40.08555],[-112.15795,40.08911],[-112.15715,40.09795]]]},"properties":{"STATEFP":"49","COUNTYFP":"045","COUSUBFP":"92902","COUSUBNS":"01939402","GEOIDFQ":"0600000US4904592902","GEOID":"4904592902","NAME":"Rush Valley","NAMELSAD":"Rush Valley CCD","STUSPS":"UT","NAMELSADCO":"Tooele County","STATE_NAME":"Utah","LSAD":"22","ALAND":1790865958,"AWATER":1861784}},
{"type":"Feature","geometry":{"type":"Polygon","coordinates":[[[-111.8169,39.94225],[-111.80895,39.9387],[-111.80537,39.9348],[-111.79404,39.93068],[-111.78626,39.92136],[-111.78702,39.90926],[-111.7778,39.89925],[-111.76866,39.89832],[-111.75789,39.89041],[-111.761,39.88389],[-111.75735,39.87595],[-111.73806,39.86418],[-111.73415,39.85417],[-111.73762,39.85139],[-111.74646,39.85012],[-111.7501,39.84078],[-111.74873,39.83321],[-111.75571,39.82773],[-111.76399,39.81678],[-111.7664,39.81077],[-111.75466,39.81227],[-111.67625,39.81248],[-111.67345,39.81689],[-111.6715,39.83067],[-111.6604,39.83575],[-111.64984,39.84893],[-111.63806,39.8513],[-111.63694,39.8539],[-111.62731,39.85675],[-111.63113,39.87174],[-111.63483,39.87596],[-111.639,39.88771],[-111.63545,39.89719],[-111.64134,39.90964],[-111.63407,39.91542],[-111.63136,39.92315],[-111.63548,39.93565],[-111.64229,39.9412],[-111.6402,39.94764],[-111.63583,39.95011],[-111.6331,39.95735],[-111.62673,39.95832],[-111.62062,39.96561],[-111.62341,39.9707],[-111.61631,39.9775],[-111.61373,39.9868],[-111.60527,39.98951],[-111.59691,39.99619],[-111.59096,39.99749],[-111.59514,40.00917],[-111.58233,40.01731],[-111.57369,40.01803],[-111.56924,40.02331],[-111.56078,40.02772],[-111.55514,40.03535],[-111.54553,40.04224],[-111.54737,40.05066],[-111.55122,40.05459],[-111.55908,40.05587],[-111.56846,40.06108],[-111.58616,40.08138],[-111.5909,40.08312],[-111.5975,40.09069],[-111.63088,40.10014],[-111.61552,40.10098],[-111.6318,40.10966],[-111.63757,40.1182],[-111.64799,40.12735],[-111.64699,40.13293],[-111.64673,40.18406],[-111.65529,40.18497],[-111.65918,40.1944],[-111.66706,40.2004],[-111.67623,40.19539],[-111.68708,40.19251],[-111.72246,40.18755],[-111.75076,40.18184],[-111.75076,40.19771],[-111.76537,40.20357],[-111.78416,40.20559],[-111.81223,40.20451],[-111.82208,40.20495],[-111.82216,40.19484],[-111.82773,40.17425],[-111.82488,40.16712],[-111.81749,40.15788],[-111.81258,40.14494],[-111.80635,40.14598],[-111.79938,40.14408],[-111.79979,40.13768],[-111.79138,40.13354],[-111.79339,40.12871],[-111.8006,40.12659],[-111.79369,40.12016],[-111.79749,40.11823],[-111.79736,40.1105],[-111.80535,40.11004],[-111.80023,40.08796],[-111.80418,40.07979],[-111.80399,40.06843],[-111.80201,40.06586],[-111.80393,40.05794],[-111.80063,40.03801],[-111.79502,40.02674],[-111.79556,40.01499],[-111.80048,40.01252],[-111.80567,40.0033],[-111.80528,39.99445],[-111.79784,39.99282],[-111.79716,39.98833],[-111.80703,39.97596],[-111.81399,39.96924],[-111.81636,39.96017],[-111.8169,39.94225]]]},"properties":{"STATEFP":"49","COUNTYFP":"049","COUSUBFP":"93268","COUSUBNS":"01939420","GEOIDFQ":"0600000US4904993268","GEOID":"4904993268","NAME":"Spanish Fork-Payson","NAMELSAD":"Spanish Fork-Payson CCD","STUSPS":"UT","NAMELSADCO":"Utah County","STATE_NAME":"Utah","LSAD":"22","ALAND":563554607,"AWATER":55713904}},
{"type":"Feature","geometry":{"type":"Polygon","coordinates":[[[-112.17637,40.5972],[-112.17494,40.5854],[-112.18147,40.58038],[-112.18038,40.57735],[-112.18291,40.56219],[-112.17831,40.55642],[-112.18274,40.53856],[-112.17919,40.53161],[-112.17876,40.52202],[-112.18754,40.5141],[-112.17972,40.50222],[-112.18102,40.49183],[-112.17702,40.48538],[-112.17814,40.48207],[-112.17157,40.47118],[-112.17286,40.46707],[-112.15997,40.46104],[-112.15364,40.46836],[-112.1431,40.47038],[-112.13182,40.46444],[-112.12128,40.45424],[-112.11478,40.4507],[-112.11442,40.44129],[-112.1119,40.43895],[-112.10117,40.44555],[-112.09329,40.44785],[-112.08143,40.44825],[-112.07879,40.44662],[-112.06656,40.44651],[-112.05938,40.45299],[-112.04709,40.45664],[-112.03817,40.46462],[-112.03323,40.46271],[-112.03041,40.45389],[-112.02464,40.4504],[-112.02134,40.43879],[-112.00881,40.43144],[-112.00615,40.42643],[-111.99257,40.42402],[-111.99245,40.42036],[-111.98446,40.41722],[-111.97366,40.41726],[-111.96648,40.41989],[-111.96004,40.41839],[-111.94512,40.4256],[-111.93115,40.43361],[-111.92193,40.44093],[-111.92839,40.44484],[-111.93335,40.44246],[-111.94281,40.46265],[-111.94966,40.46391],[-111.95386,40.47056],[-111.96339,40.47383],[-111.97892,40.48666],[-111.98312,40.4925],[-111.99139,40.49824],[-111.99382,40.51092],[-111.99306,40.53332],[-111.99845,40.53697],[-112.01627,40.53695],[-112.01795,40.53863],[-112.00171,40.54621],[-112.00859,40.55321],[-112.0055,40.55575],[-112.00491,40.58062],[-111.96894,40.58049],[-111.97189,40.59102],[-111.97718,40.59322],[-111.98272,40.60946],[-111.99222,40.60861],[-112.06158,40.57594],[-112.05863,40.59225],[-112.0696,40.59071],[-112.07835,40.59209],[-112.09787,40.58833],[-112.10786,40.58455],[-112.11522,40.58597],[-112.12795,40.59378],[-112.1448,40.59163],[-112.15851,40.59171],[-112.17111,40.58985],[-112.17637,40.5972]]]},"properties":{"STATEFP":"49","COUNTYFP":"035","COUSUBFP":"90172","COUSUBNS":"01939349","GEOIDFQ":"0600000US4903590172","GEOID":"4903590172","NAME":"Bingham","NAMELSAD":"Bingham CCD","STUSPS":"UT","NAMELSADCO":"Salt Lake County","STATE_NAME":"Utah","LSAD":"22","ALAND":274247565,"AWATER":128519}},
{"type":"Feature","geometry":{"type":"Polygon","coordinates":[[[-111.25528,40.29912],[-111.26872,40.29951],[-111.27996,40.2973],[-111.28283,40.30164],[-111.29692,40.30988],[-111.30863,40.2981],[-111.31183,40.28646],[-111.30789,40.2839],[-111.30797,40.2746],[-111.29791,40.27308],[-111.27901,40.2589],[-111.27611,40.25211],[-111.2719,40.25082],[-111.26484,40.24227],[-111.26774,40.23707],[-111.27362,40.23622],[-111.27184,40.22764],[-111.27337,40.22191],[-111.26315,40.20552],[-111.25641,40.20073],[-111.25829,40.19827],[-111.24781,40.19364],[-111.2359,40.1812],[-111.23534,40.17604],[-111.22586,40.1677],[-111.22923,40.15859],[-111.22673,40.15581],[-111.23133,40.14763],[-111.22582,40.14462],[-111.22146,40.12492],[-111.22539,40.12006],[-111.23016,40.1067],[-111.2347,40.10419],[-111.23719,40.09485],[-111.24141,40.0919],[-111.24234,40.08596],[-111.23801,40.08055],[-111.24056,40.07482],[-111.23603,40.07],[-111.2413,40.06568],[-111.24923,40.05559],[-111.24621,40.04747],[-111.24082,40.0438],[-111.23823,40.03873],[-111.2267,40.03569],[-111.22346,40.0401],[-111.21435,40.04284],[-111.20492,40.04793],[-111.20024,40.0409],[-111.19771,40.03118],[-111.19125,40.02955],[-111.18663,40.02011],[-111.17733,40.01621],[-111.17166,40.01066],[-111.16826,40.00355],[-111.16929,39.99605],[-111.16574,39.99004],[-111.16095,39.992],[-111.1522,39.98506],[-111.13572,39.98975],[-111.13142,39.99352],[-111.12614,39.99263],[-111.12303,39.99735],[-111.10558,40.0023],[-111.09204,40.01335],[-111.08547,40.01448],[-111.07661,40.02252],[-111.06254,40.02328],[-111.05514,40.02534],[-111.05479,40.03135],[-111.04514,40.04123],[-111.03697,40.04534],[-111.0209,40.04557],[-111.01102,40.03468],[-111.00397,40.03413],[-110.99017,40.02172],[-110.98992,40.01344],[-110.99348,39.99998],[-110.98943,39.99568],[-110.98566,39.98481],[-110.98132,39.98229],[-110.98261,39.97183],[-110.97466,39.94377],[-110.96503,39.93621],[-110.96783,39.93273],[-110.96568,39.91686],[-110.95995,39.89966],[-110.89165,39.89965],[-110.89179,40.0824],[-110.89627,40.08238],[-110.89669,40.29944],[-110.8966,40.43129],[-110.90293,40.43129],[-110.90287,40.47462],[-110.90197,40.67816],[-110.90805,40.67699],[-110.91118,40.66312],[-110.90928,40.6571],[-110.91555,40.64039],[-110.9276,40.6385],[-110.93345,40.63144],[-110.9414,40.62912],[-110.93737,40.62398],[-110.9348,40.61493],[-110.9313,40.5955],[-110.93667,40.58217],[-110.94914,40.57565],[-110.955,40.56763],[-110.97651,40.57511],[-110.97901,40.57172],[-110.96848,40.56194],[-110.95507,40.55741],[-110.95573,40.5509],[-110.9501,40.55066],[-110.9469,40.54663],[-110.93782,40.54169],[-110.92589,40.53736],[-110.92565,40.52352],[-110.9318,40.5185],[-110.93133,40.51108],[-110.94572,40.50397],[-110.95628,40.50577],[-110.96802,40.51617],[-110.97557,40.517],[-110.97863,40.51305],[-110.99406,40.51481],[-110.99499,40.50227],[-110.99943,40.4975],[-111.01043,40.49684],[-111.01672,40.49171],[-111.03062,40.48904],[-111.03166,40.48176],[-111.02964,40.47706],[-111.03945,40.47389],[-111.05538,40.47216],[-111.06557,40.46905],[-111.06799,40.46551],[-111.07983,40.46434],[-111.08341,40.46624],[-111.09107,40.46419],[-111.09968,40.46436],[-111.10815,40.46811],[-111.13346,40.46183],[-111.14402,40.46109],[-111.15959,40.45295],[-111.1699,40.44977],[-111.18592,40.43931],[-111.17898,40.42872],[-111.17674,40.4162],[-111.18344,40.40741],[-111.20554,40.40951],[-111.20968,40.41208],[-111.22592,40.41757],[-111.23739,40.41039],[-111.23791,40.40186],[-111.23509,40.39912],[-111.24141,40.38527],[-111.24026,40.38155],[-111.24393,40.36453],[-111.24178,40.34873],[-111.24624,40.34501],[-111.24346,40.33701],[-111.2537,40.32213],[-111.24971,40.31055],[-111.24587,40.30839],[-111.25528,40.29912]]]},"properties":{"STATEFP":"49","COUNTYFP":"051","COUSUBFP":"93612","COUSUBNS":"01939428","GEOIDFQ":"0600000US4905193612","GEOID":"4905193612","NAME":"Uintah and Ouray","NAMELSAD":"Uintah and Ouray CCD","STUSPS":"UT","NAMELSADCO":"Wasatch County","STATE_NAME":"Utah","LSAD":"22","ALAND":1588079545,"AWATER":56007426}},
{"type":"Feature","geometry":{"type":"Polygon","coordinates":[[[-111.91331,40.45252],[-111.91051,40.44776],[-111.89796,40.43876],[-111.88323,40.42438],[-111.87187,40.41551],[-111.86636,40.41337],[-111.84711,40.41362],[-111.83052,40.42223],[-111.83014,40.39009],[-111.83156,40.38502],[-111.81668,40.3758],[-111.80129,40.37084],[-111.74312,40.33353],[-111.73185,40.32631],[-111.72,40.32638],[-111.72017,40.33367],[-111.663,40.33377],[-111.65578,40.32577],[-111.6421,40.33042],[-111.62886,40.32701],[-111.63558,40.32072],[-111.63598,40.31698],[-111.62359,40.30465],[-111.61836,40.3047],[-111.61364,40.29308],[-111.62516,40.28821],[-111.62055,40.27553],[-111.61195,40.27062],[-111.60328,40.26305],[-111.61032,40.25135],[-111.61696,40.24761],[-111.61697,40.24334],[-111.60572,40.24453],[-111.591,40.25023],[-111.58551,40.24369],[-111.5742,40.24137],[-111.57138,40.24323],[-111.56173,40.242],[-111.54665,40.24969],[-111.54414,40.25562],[-111.52787,40.27068],[-111.50926,40.28431],[-111.50074,40.28484],[-111.49717,40.2888],[-111.48487,40.28912],[-111.47181,40.29212],[-111.45732,40.30071],[-111.45022,40.30544],[-111.43802,40.32184],[-111.44582,40.32996],[-111.45329,40.33427],[-111.45315,40.34028],[-111.46246,40.34034],[-111.46228,40.34748],[-111.47158,40.34758],[-111.48054,40.35496],[-111.48034,40.36217],[-111.52704,40.36169],[-111.55523,40.3627],[-111.55546,40.3699],[-111.56019,40.36984],[-111.5601,40.38777],[-111.56484,40.39142],[-111.57421,40.39137],[-111.57427,40.41291],[-111.58367,40.41284],[-111.5838,40.42021],[-111.58837,40.4213],[-111.59249,40.43021],[-111.59956,40.43477],[-111.60794,40.43141],[-111.61246,40.4319],[-111.61787,40.43999],[-111.61582,40.44415],[-111.62095,40.44978],[-111.62013,40.4555],[-111.60661,40.46728],[-111.59507,40.46764],[-111.5787,40.48201],[-111.57481,40.48687],[-111.57452,40.493],[-111.57913,40.50036],[-111.57544,40.50319],[-111.57531,40.51657],[-111.56973,40.52662],[-111.57096,40.5327],[-111.57261,40.53757],[-111.56788,40.54748],[-111.57521,40.55432],[-111.5836,40.56801],[-111.59086,40.57205],[-111.59388,40.57706],[-111.60224,40.57533],[-111.6018,40.57027],[-111.60568,40.56445],[-111.62025,40.56518],[-111.63809,40.56776],[-111.64556,40.55994],[-111.65031,40.55116],[-111.6618,40.54972],[-111.6641,40.54122],[-111.67351,40.53702],[-111.67527,40.53321],[-111.68463,40.53131],[-111.69811,40.53573],[-111.70076,40.53387],[-111.71314,40.53269],[-111.72057,40.52515],[-111.7268,40.52927],[-111.73629,40.53192],[-111.73757,40.5282],[-111.74423,40.52255],[-111.76259,40.52917],[-111.76963,40.52263],[-111.7811,40.51871],[-111.78797,40.51367],[-111.79167,40.50521],[-111.78935,40.49806],[-111.80268,40.49364],[-111.80727,40.48938],[-111.8163,40.48916],[-111.82632,40.48272],[-111.83331,40.48272],[-111.83624,40.47505],[-111.8458,40.47666],[-111.85087,40.47204],[-111.86289,40.46926],[-111.87375,40.47682],[-111.8826,40.47251],[-111.89238,40.46408],[-111.90103,40.46331],[-111.90771,40.45341],[-111.91331,40.45252]]]},"properties":{"STATEFP":"49","COUNTYFP":"049","COUSUBFP":"90043","COUSUBNS":"01939346","GEOIDFQ":"0600000US4904990043","GEOID":"4904990043","NAME":"American Fork-Pleasant Grove","NAMELSAD":"American Fork-Pleasant Grove CCD","STUSPS":"UT","NAMELSADCO":"Utah County","STATE_NAME":"Utah","LSAD":"22","ALAND":625907632,"AWATER":293893}},
{"type":"Feature","geometry":{"type":"Polygon","coordinates":[[[-111.41301,37.00148],[-111.27829,37.00047],[-111.25485,37.00108],[-111.13372,37.00078],[-111.0665,37.00239],[-110.75069,37.0032],[-110.62569,37.00372],[-110.59951,37.00345],[-110.50069,37.00426],[-110.49091,37.00357],[-110.47019,36.998],[-110.27598,36.99826],[-110.13436,36.99845],[-110.02178,36.9986],[-110.00068,36.99797],[-109.87567,36.9985],[-109.70977,36.99837],[-109.70394,37.00931],[-109.70536,37.01335],[-109.70144,37.02289],[-109.70786,37.02823],[-109.70252,37.033],[-109.70273,37.04013],[-109.71148,37.04352],[-109.71801,37.04251],[-109.71895,37.04737],[-109.71082,37.05044],[-109.71273,37.0596],[-109.71984,37.06277],[-109.72235,37.06979],[-109.72092,37.07476],[-109.71365,37.08222],[-109.72651,37.08132],[-109.72956,37.09427],[-109.72803,37.09933],[-109.72256,37.10303],[-109.70548,37.10497],[-109.70489,37.10761],[-109.7105,37.115],[-109.7012,37.11834],[-109.69986,37.12824],[-109.70836,37.125],[-109.71083,37.13191],[-109.71948,37.12831],[-109.72795,37.13031],[-109.73066,37.13533],[-109.73674,37.13742],[-109.73088,37.15683],[-109.72398,37.15639],[-109.71793,37.16007],[-109.71847,37.16498],[-109.70578,37.16565],[-109.7011,37.17319],[-109.7055,37.17781],[-109.70416,37.18265],[-109.69554,37.19317],[-109.69665,37.19678],[-109.70391,37.20327],[-109.71592,37.19903],[-109.72551,37.19109],[-109.73191,37.1916],[-109.74572,37.21388],[-109.74971,37.21445],[-109.75304,37.20349],[-109.76206,37.20273],[-109.76864,37.19543],[-109.76994,37.1876],[-109.7641,37.18511],[-109.77184,37.18111],[-109.77941,37.18508],[-109.78581,37.1843],[-109.78652,37.18888],[-109.80017,37.19082],[-109.80621,37.19017],[-109.81552,37.17948],[-109.83367,37.17971],[-109.84328,37.18543],[-109.84721,37.1935],[-109.85239,37.19405],[-109.85288,37.18282],[-109.84002,37.17509],[-109.82966,37.16517],[-109.84462,37.15886],[-109.84966,37.1544],[-109.8527,37.14748],[-109.85682,37.14425],[-109.87525,37.15472],[-109.88114,37.14835],[-109.88447,37.15428],[-109.89193,37.15945],[-109.88598,37.1646],[-109.89486,37.17551],[-109.90445,37.17274],[-109.90746,37.17914],[-109.91419,37.17675],[-109.91417,37.16711],[-109.91629,37.16152],[-109.9247,37.16176],[-109.92973,37.16727],[-109.93253,37.15631],[-109.93502,37.15409],[-109.94324,37.15622],[-109.94555,37.16024],[-109.94061,37.16751],[-109.93196,37.17077],[-109.93384,37.1745],[-109.94213,37.17318],[-109.95,37.16634],[-109.95804,37.17392],[-109.9586,37.18058],[-109.96456,37.183],[-109.95899,37.19157],[-109.96681,37.19821],[-109.97272,37.20011],[-109.98245,37.19599],[-109.9866,37.20173],[-109.98051,37.20842],[-109.98489,37.21418],[-109.99118,37.21263],[-109.99404,37.20403],[-109.99737,37.20119],[-110.00537,37.20138],[-110.00752,37.20693],[-109.99918,37.21393],[-110.0095,37.22025],[-110.01108,37.22769],[-110.02108,37.22599],[-110.0246,37.21748],[-110.02794,37.21547],[-110.03579,37.21856],[-110.0373,37.22555],[-110.04464,37.23429],[-110.03975,37.23808],[-110.04176,37.24294],[-110.05002,37.24674],[-110.06296,37.24023],[-110.07133,37.23951],[-110.07613,37.24367],[-110.07685,37.25331],[-110.08292,37.25696],[-110.09288,37.25754],[-110.09995,37.273],[-110.10873,37.28091],[-110.11511,37.29091],[-110.1279,37.29458],[-110.13235,37.29785],[-110.15401,37.30371],[-110.15466,37.307],[-110.14853,37.31598],[-110.15429,37.32065],[-110.16782,37.31706],[-110.19583,37.31998],[-110.20796,37.31784],[-110.21465,37.31137],[-110.21885,37.30362],[-110.23209,37.29431],[-110.23874,37.29357],[-110.24696,37.29631],[-110.26019,37.29726],[-110.28187,37.28528],[-110.29316,37.28501],[-110.30012,37.2917],[-110.30737,37.29539],[-110.31167,37.30407],[-110.32606,37.30088],[-110.34206,37.29536],[-110.35006,37.29014],[-110.35039,37.28342],[-110.35995,37.28406],[-110.38639,37.28837],[-110.40336,37.29224],[-110.41027,37.28893],[-110.41032,37.27949],[-110.40562,37.27417],[-110.41183,37.26832],[-110.41212,37.26083],[-110.42025,37.25923],[-110.42421,37.24746],[-110.43685,37.24739],[-110.44542,37.24991],[-110.45176,37.25453],[-110.45773,37.26234],[-110.46527,37.26079],[-110.4732,37.25477],[-110.47784,37.25367],[-110.49,37.25827],[-110.50128,37.25548],[-110.50913,37.24828],[-110.51245,37.23996],[-110.51329,37.22207],[-110.51563,37.2179],[-110.52126,37.21638],[-110.53228,37.2194],[-110.54112,37.21639],[-110.55697,37.21795],[-110.56422,37.20114],[-110.56064,37.19663],[-110.56652,37.1902],[-110.57132,37.19479],[-110.56974,37.20129],[-110.56389,37.20749],[-110.56983,37.21004],[-110.57352,37.20625],[-110.58263,37.20536],[-110.58677,37.20101],[-110.59667,37.20302],[-110.6046,37.20186],[-110.6135,37.21464],[-110.61272,37.21939],[-110.6222,37.2205],[-110.62731,37.22386],[-110.6272,37.22878],[-110.63179,37.23522],[-110.63562,37.23383],[-110.64606,37.23943],[-110.65369,37.24136],[-110.65645,37.24681],[-110.6551,37.25331],[-110.66064,37.25555],[-110.6726,37.25068],[-110.68063,37.2553],[-110.68481,37.25993],[-110.69471,37.26543],[-110.70074,37.26665],[-110.70828,37.26062],[-110.70916,37.25575],[-110.70516,37.24953],[-110.69187,37.24632],[-110.68216,37.2425],[-110.6725,37.24264],[-110.65881,37.23631],[-110.6593,37.23185],[-110.66501,37.22355],[-110.6644,37.21812],[-110.65681,37.22175],[-110.65143,37.21041],[-110.64907,37.19373],[-110.65764,37.18634],[-110.66488,37.18492],[-110.66956,37.18042],[-110.67539,37.17872],[-110.67653,37.17041],[-110.68446,37.16774],[-110.68942,37.17225],[-110.70035,37.17418],[-110.70215,37.16343],[-110.70787,37.16495],[-110.70913,37.17056],[-110.7206,37.18047],[-110.72144,37.18792],[-110.72529,37.18918],[-110.73101,37.1821],[-110.7312,37.17566],[-110.73551,37.17404],[-110.75304,37.17373],[-110.75767,37.16976],[-110.76807,37.16971],[-110.78458,37.16613],[-110.80222,37.168],[-110.81003,37.16365],[-110.81082,37.15507],[-110.81732,37.15884],[-110.82788,37.15953],[-110.83613,37.17097],[-110.83629,37.17678],[-110.84823,37.16886],[-110.85605,37.16772],[-110.86039,37.16984],[-110.86626,37.16803],[-110.87472,37.16845],[-110.87769,37.17626],[-110.87554,37.1801],[-110.86549,37.18803],[-110.86257,37.19325],[-110.86658,37.19544],[-110.87374,37.18953],[-110.87535,37.18373],[-110.88437,37.17515],[-110.90127,37.17511],[-110.90887,37.17236],[-110.91837,37.17791],[-110.92508,37.17779],[-110.9266,37.1702],[-110.92484,37.16452],[-110.92828,37.15488],[-110.937,37.14798],[-110.94279,37.14867],[-110.94958,37.15281],[-110.95571,37.14949],[-110.9557,37.14399],[-110.95065,37.1339],[-110.95662,37.12577],[-110.96181,37.12355],[-110.97869,37.12737],[-110.98459,37.12463],[-110.98226,37.11625],[-110.98735,37.11234],[-110.99875,37.11122],[-111.01218,37.11569],[-111.02252,37.11106],[-111.03805,37.1093],[-111.04247,37.10764],[-111.04907,37.09962],[-111.05828,37.10001],[-111.06095,37.10598],[-111.06923,37.10721],[-111.07796,37.10266],[-111.09142,37.10509],[-111.10146,37.1028],[-111.12218,37.1079],[-111.12694,37.10453],[-111.13225,37.09342],[-111.13916,37.08861],[-111.14723,37.08967],[-111.1529,37.09275],[-111.15729,37.09941],[-111.16653,37.10566],[-111.17993,37.10111],[-111.18736,37.08863],[-111.2049,37.06945],[-111.21822,37.05668],[-111.22601,37.05793],[-111.23023,37.06638],[-111.23697,37.07009],[-111.24145,37.06588],[-111.24778,37.05198],[-111.24456,37.04565],[-111.23272,37.04305],[-111.22993,37.03932],[-111.23736,37.0244],[-111.24318,37.02124],[-111.25099,37.02559],[-111.26231,37.0475],[-111.26818,37.05407],[-111.28615,37.05962],[-111.29395,37.06499],[-111.29976,37.06676],[-111.30481,37.06318],[-111.30584,37.05686],[-111.30238,37.04605],[-111.29825,37.04353],[-111.28445,37.04446],[-111.28286,37.03924],[-111.29077,37.03387],[-111.30017,37.0304],[-111.30718,37.02371],[-111.30341,37.01602],[-111.30624,37.01255],[-111.31508,37.01234],[-111.32386,37.02026],[-111.33048,37.02071],[-111.34139,37.01078],[-111.34768,37.00808],[-111.35506,37.00763],[-111.37144,37.00159],[-111.39021,37.00447],[-111.40348,37.00519],[-111.41301,37.00148]]]},"properties":{"STATEFP":"49","COUNTYFP":"037","COUSUBFP":"92408","COUSUBNS":"01939401","GEOIDFQ":"0600000US4903792408","GEOID":"4903792408","NAME":"Oljato","NAMELSAD":"Oljato CCD","STUSPS":"UT","NAMELSADCO":"San Juan County","STATE_NAME":"Utah","LSAD":"22","ALAND":2962773436,"AWATER":73658121}},
{"type":"Feature","geometry":{"type":"Polygon","coordinates":[[[-112.03444,41.33655],[-112.02694,41.31972],[-112.02573,41.30667],[-112.01032,41.30685],[-111.99525,41.28379],[-112.00812,41.28595],[-112.00949,41.24461],[-111.99296,41.24444],[-111.98727,41.23097],[-111.99825,41.22816],[-112.00821,41.23709],[-112.02262,41.23806],[-112.0357,41.24509],[-112.05277,41.24426],[-112.11799,41.2443],[-112.12709,41.2378],[-112.12427,41.23519],[-112.12828,41.22769],[-112.12421,41.22165],[-112.12483,41.21045],[-112.1198,41.20805],[-112.12283,41.20208],[-112.13185,41.19779],[-112.13564,41.19241],[-112.14487,41.19483],[-112.14971,41.19399],[-112.1608,41.18686],[-112.17414,41.18116],[-112.18522,41.17219],[-112.18826,41.16722],[-112.20013,41.1589],[-112.19934,41.1499],[-112.18654,41.15303],[-112.05486,41.15261],[-111.971,41.15265],[-111.95756,41.14601],[-111.95619,41.14063],[-111.94291,41.13745],[-111.92842,41.13857],[-111.91495,41.13719],[-111.91075,41.13458],[-111.8976,41.13563],[-111.88987,41.13762],[-111.85625,41.13908],[-111.85751,41.14829],[-111.85483,41.15472],[-111.87012,41.16077],[-111.8766,41.16974],[-111.86883,41.18106],[-111.87295,41.18777],[-111.88082,41.1886],[-111.88534,41.18138],[-111.89619,41.17317],[-111.92492,41.17226],[-111.92989,41.17751],[-111.92892,41.22024],[-111.93011,41.22742],[-111.92472,41.23303],[-111.92615,41.24049],[-111.93285,41.24887],[-111.93959,41.26052],[-111.94414,41.26392],[-111.94395,41.28468],[-111.94229,41.2912],[-111.93478,41.30989],[-111.9359,41.31573],[-111.94831,41.32619],[-111.95926,41.32806],[-111.96055,41.33762],[-111.95657,41.34349],[-111.96075,41.35114],[-111.95941,41.36105],[-111.96325,41.36549],[-111.97018,41.36366],[-111.97806,41.35844],[-111.99221,41.35328],[-111.99534,41.35001],[-112.00316,41.34946],[-112.00839,41.34385],[-112.0203,41.34423],[-112.02867,41.33651],[-112.03444,41.33655]]]},"properties":{"STATEFP":"49","COUNTYFP":"057","COUSUBFP":"92322","COUSUBNS":"01939399","GEOIDFQ":"0600000US4905792322","GEOID":"4905792322","NAME":"Ogden","NAMELSAD":"Ogden CCD","STUSPS":"UT","NAMELSADCO":"Weber County","STATE_NAME":"Utah","LSAD":"22","ALAND":283137194,"AWATER":2565211}},
{"type":"Feature","geometry":{"type":"Polygon","coordinates":[[[-111.49873,40.83538],[-111.51006,40.82107],[-111.51692,40.81939],[-111.51617,40.81279],[-111.51161,40.8079],[-111.51429,40.80043],[-111.51795,40.79818],[-111.51942,40.79169],[-111.53122,40.78432],[-111.54912,40.78077],[-111.55784,40.78069],[-111.55929,40.78469],[-111.57102,40.78558],[-111.5879,40.79369],[-111.58796,40.79751],[-111.59422,40.805],[-111.61103,40.81106],[-111.61661,40.81064],[-111.62432,40.8047],[-111.63773,40.80114],[-111.64105,40.79892],[-111.64648,40.79757],[-111.64874,40.79225],[-111.64304,40.78594],[-111.64913,40.77344],[-111.63736,40.76819],[-111.63741,40.7639],[-111.62133,40.75822],[-111.62353,40.75372],[-111.61745,40.74642],[-111.62469,40.74002],[-111.62165,40.73773],[-111.62263,40.73007],[-111.61334,40.72794],[-111.61464,40.71938],[-111.60724,40.71434],[-111.59396,40.70278],[-111.59273,40.69912],[-111.59917,40.69206],[-111.60182,40.68472],[-111.60238,40.67211],[-111.60453,40.66657],[-111.59674,40.65977],[-111.59387,40.65166],[-111.57949,40.6453],[-111.57671,40.63372],[-111.56897,40.6294],[-111.56742,40.62328],[-111.55758,40.6196],[-111.55902,40.6142],[-111.55327,40.60931],[-111.54027,40.61318],[-111.52794,40.61205],[-111.51146,40.60667],[-111.50049,40.60609],[-111.48979,40.59933],[-111.48561,40.60183],[-111.48262,40.60904],[-111.48666,40.61572],[-111.48688,40.62084],[-111.47844,40.6265],[-111.47166,40.64501],[-111.46379,40.64496],[-111.46041,40.65234],[-111.45081,40.65348],[-111.44516,40.65946],[-111.4348,40.66099],[-111.43037,40.66509],[-111.43619,40.67411],[-111.43687,40.68059],[-111.46239,40.68314],[-111.47582,40.703],[-111.49761,40.73143],[-111.47934,40.73988],[-111.47199,40.7443],[-111.4696,40.75371],[-111.4713,40.75648],[-111.46955,40.77066],[-111.46689,40.77731],[-111.46117,40.77945],[-111.45385,40.78629],[-111.44486,40.799],[-111.43657,40.80458],[-111.44518,40.81345],[-111.46092,40.82171],[-111.4649,40.82084],[-111.48731,40.82627],[-111.48942,40.83056],[-111.49873,40.83538]]]},"properties":{"STATEFP":"49","COUNTYFP":"043","COUSUBFP":"92580","COUSUBNS":"01939405","GEOIDFQ":"0600000US4904392580","GEOID":"4904392580","NAME":"Park City","NAMELSAD":"Park City CCD","STUSPS":"UT","NAMELSADCO":"Summit County","STATE_NAME":"Utah","LSAD":"22","ALAND":259319353,"AWATER":83969}},
{"type":"Feature","geometry":{"type":"Polygon","coordinates":[[[-111.82773,40.17425],[-111.82216,40.19484],[-111.82208,40.20495],[-111.81635,40.24995],[-111.82099,40.28206],[-111.8247,40.29222],[-111.83259,40.30012],[-111.84465,40.3099],[-111.85903,40.32608],[-111.75864,40.32611],[-111.75992,40.33338],[-111.74312,40.33353],[-111.80129,40.37084],[-111.81668,40.3758],[-111.83156,40.38502],[-111.83014,40.39009],[-111.83052,40.42223],[-111.84711,40.41362],[-111.86636,40.41337],[-111.87187,40.41551],[-111.88323,40.42438],[-111.89796,40.43876],[-111.91051,40.44776],[-111.91331,40.45252],[-111.92193,40.44093],[-111.93115,40.43361],[-111.94512,40.4256],[-111.96004,40.41839],[-111.96648,40.41989],[-111.97366,40.41726],[-111.98446,40.41722],[-111.99245,40.42036],[-111.99257,40.42402],[-112.00615,40.42643],[-112.00881,40.43144],[-112.02134,40.43879],[-112.02464,40.4504],[-112.03041,40.45389],[-112.03323,40.46271],[-112.03817,40.46462],[-112.04709,40.45664],[-112.05938,40.45299],[-112.06656,40.44651],[-112.07879,40.44662],[-112.08143,40.44825],[-112.09329,40.44785],[-112.10117,40.44555],[-112.1119,40.43895],[-112.11442,40.44129],[-112.11478,40.4507],[-112.12128,40.45424],[-112.13182,40.46444],[-112.1431,40.47038],[-112.15364,40.46836],[-112.15997,40.46104],[-112.17286,40.46707],[-112.19027,40.46852],[-112.19569,40.46226],[-112.21222,40.45928],[-112.21418,40.45231],[-112.20948,40.43307],[-112.2049,40.43107],[-112.19467,40.42106],[-112.19791,40.41493],[-112.19985,40.4035],[-112.19917,40.38255],[-112.18873,40.37249],[-112.19373,40.36789],[-112.19399,40.35987],[-112.18808,40.35489],[-112.18534,40.34849],[-112.18137,40.34589],[-112.17553,40.33584],[-112.17993,40.33214],[-112.19106,40.32939],[-112.19268,40.32289],[-112.1985,40.31231],[-112.19558,40.30617],[-112.1898,40.30014],[-112.18795,40.29386],[-112.18905,40.27354],[-112.1929,40.26894],[-112.1922,40.2645],[-112.18384,40.25813],[-112.18391,40.24996],[-112.17933,40.24936],[-112.17969,40.23224],[-112.17669,40.22772],[-112.17054,40.22557],[-112.1687,40.21931],[-112.14949,40.21217],[-112.15858,40.20663],[-112.1604,40.19885],[-112.14856,40.19536],[-112.14871,40.19048],[-112.15337,40.18216],[-112.14671,40.17835],[-112.14593,40.1709],[-112.15229,40.17145],[-112.15964,40.16279],[-112.16441,40.16198],[-112.17399,40.15429],[-112.16777,40.14667],[-112.17224,40.1412],[-112.1761,40.13081],[-112.16361,40.12319],[-112.16417,40.11875],[-112.15089,40.1073],[-112.15715,40.09795],[-112.1428,40.09325],[-112.12074,40.08217],[-112.11109,40.08002],[-112.09837,40.07493],[-112.08095,40.05714],[-112.06902,40.0571],[-112.06508,40.05558],[-112.05697,40.06387],[-112.03451,40.0627],[-112.02908,40.06422],[-112.02176,40.06201],[-112.00551,40.0547],[-111.95829,40.05463],[-111.95906,40.12484],[-111.94952,40.13546],[-111.94957,40.14543],[-111.94215,40.1452],[-111.93767,40.13477],[-111.87539,40.12699],[-111.86618,40.12937],[-111.86186,40.13363],[-111.84758,40.15453],[-111.83455,40.16164],[-111.82773,40.17425]]]},"properties":{"STATEFP":"49","COUNTYFP":"049","COUSUBFP":"91634","COUSUBNS":"01939383","GEOIDFQ":"0600000US4904991634","GEOID":"4904991634","NAME":"Lehi","NAMELSAD":"Lehi CCD","STUSPS":"UT","NAMELSADCO":"Utah County","STATE_NAME":"Utah","LSAD":"22","ALAND":1041684979,"AWATER":136559989}},
{"type":"Feature","geometry":{"type":"Polygon","coordinates":[[[-111.79431,41.62502],[-111.79352,41.49588],[-111.8177,41.49496],[-111.84244,41.49566],[-111.88416,41.49602],[-111.87556,41.48969],[-111.87409,41.4844],[-111.87844,41.47588],[-111.89622,41.46952],[-111.90639,41.47207],[-111.91289,41.46978],[-111.91659,41.46038],[-111.90011,41.45369],[-111.9012,41.44944],[-111.89104,41.44162],[-111.88155,41.44117],[-111.88152,41.43538],[-111.88553,41.42634],[-111.8726,41.422],[-111.87905,41.41679],[-111.87515,41.40494],[-111.86859,41.39867],[-111.84274,41.3922],[-111.83927,41.38894],[-111.82953,41.38947],[-111.81993,41.39182],[-111.81361,41.388],[-111.7972,41.39238],[-111.79271,41.39132],[-111.78922,41.38458],[-111.77688,41.37702],[-111.77308,41.37644],[-111.76654,41.37002],[-111.76059,41.36882],[-111.7463,41.36979],[-111.73565,41.37476],[-111.7258,41.37628],[-111.72673,41.38496],[-111.70654,41.40486],[-111.70794,41.41253],[-111.71857,41.41686],[-111.72291,41.42339],[-111.71164,41.42318],[-111.69598,41.41707],[-111.67888,41.42727],[-111.66637,41.42861],[-111.66423,41.42362],[-111.65237,41.40772],[-111.64379,41.40634],[-111.64011,41.41452],[-111.63111,41.41829],[-111.62662,41.41763],[-111.61843,41.42239],[-111.61058,41.41919],[-111.59952,41.42131],[-111.58377,41.4185],[-111.57503,41.42892],[-111.57157,41.42512],[-111.56436,41.42316],[-111.55425,41.42385],[-111.55137,41.41372],[-111.54482,41.4093],[-111.53417,41.41126],[-111.53144,41.41464],[-111.52142,41.41604],[-111.51756,41.42168],[-111.51081,41.42314],[-111.51051,41.42805],[-111.50076,41.43762],[-111.5056,41.4429],[-111.5029,41.4496],[-111.50354,41.45941],[-111.50076,41.46445],[-111.4899,41.46633],[-111.49056,41.47221],[-111.48149,41.47704],[-111.47844,41.48667],[-111.47559,41.4886],[-111.47473,41.50023],[-111.47819,41.50376],[-111.46703,41.50933],[-111.4646,41.51511],[-111.45643,41.52112],[-111.45613,41.52701],[-111.44173,41.53509],[-111.44485,41.54481],[-111.44225,41.54897],[-111.43346,41.55296],[-111.42941,41.56703],[-111.43038,41.57694],[-111.42688,41.58581],[-111.42773,41.60919],[-111.42984,41.61819],[-111.4228,41.62404],[-111.41769,41.62243],[-111.41066,41.62744],[-111.4165,41.63887],[-111.40867,41.64493],[-111.40825,41.64915],[-111.40163,41.65408],[-111.40209,41.65905],[-111.41317,41.6661],[-111.41527,41.67598],[-111.42077,41.67415],[-111.42591,41.67673],[-111.42413,41.6922],[-111.42037,41.69877],[-111.42118,41.70633],[-111.41798,41.70927],[-111.41754,41.72037],[-111.42019,41.72464],[-111.42913,41.72693],[-111.44117,41.73519],[-111.44044,41.74039],[-111.44521,41.74489],[-111.44184,41.74799],[-111.44106,41.75586],[-111.44542,41.76024],[-111.44347,41.77158],[-111.44954,41.77194],[-111.45466,41.77957],[-111.45435,41.78831],[-111.45084,41.79254],[-111.45387,41.80372],[-111.46,41.80839],[-111.4611,41.81826],[-111.46813,41.82478],[-111.47638,41.82923],[-111.481,41.83456],[-111.49375,41.84307],[-111.50207,41.85043],[-111.50779,41.85256],[-111.50211,41.86133],[-111.50516,41.86773],[-111.49316,41.87494],[-111.49353,41.88705],[-111.50056,41.89143],[-111.50039,41.89817],[-111.50459,41.90247],[-111.512,41.90508],[-111.50881,41.91188],[-111.49759,41.91287],[-111.49133,41.91048],[-111.4814,41.91136],[-111.4715,41.92823],[-111.47671,41.93526],[-111.47325,41.947],[-111.47766,41.95392],[-111.47567,41.95654],[-111.48341,41.96391],[-111.48465,41.97567],[-111.4942,41.97971],[-111.49817,41.98559],[-111.50795,41.98801],[-111.5078,41.99954],[-111.61337,41.99933],[-111.7397,41.99933],[-111.7397,41.98029],[-111.75912,41.98023],[-111.75903,41.97652],[-111.74963,41.97639],[-111.74899,41.94714],[-111.75911,41.9471],[-111.75832,41.92173],[-111.74852,41.92198],[-111.74863,41.90403],[-111.76311,41.90421],[-111.76295,41.89696],[-111.75812,41.89683],[-111.75777,41.86918],[-111.75718,41.86018],[-111.77654,41.86026],[-111.77618,41.82417],[-111.76618,41.82421],[-111.76612,41.81862],[-111.76592,41.79489],[-111.77085,41.79487],[-111.77191,41.78037],[-111.77558,41.78036],[-111.77539,41.75863],[-111.78493,41.75854],[-111.78496,41.72931],[-111.79443,41.7293],[-111.79413,41.68561],[-111.80368,41.68556],[-111.80355,41.66355],[-111.80849,41.66351],[-111.80845,41.64185],[-111.7941,41.64184],[-111.79431,41.62502]]]},"properties":{"STATEFP":"49","COUNTYFP":"005","COUSUBFP":"90635","COUSUBNS":"01939430","GEOIDFQ":"0600000US4900590635","GEOID":"4900590635","NAME":"East Cache","NAMELSAD":"East Cache CCD","STUSPS":"UT","NAMELSADCO":"Cache County","STATE_NAME":"Utah","LSAD":"22","ALAND":1838080602,"AWATER":1045465}},
{"type":"Feature","geometry":{"type":"Polygon","coordinates":[[[-110.02528,38.49998],[-110.01952,38.49275],[-110.00504,38.48464],[-110.00198,38.48168],[-110.0025,38.47304],[-110.01112,38.45832],[-110.01066,38.44974],[-110.01855,38.44629],[-110.02495,38.45072],[-110.03044,38.45722],[-110.03599,38.45993],[-110.04345,38.45666],[-110.04432,38.44901],[-110.03744,38.44632],[-110.02659,38.44743],[-110.01438,38.43092],[-110.00933,38.42656],[-110.00324,38.41609],[-110.00445,38.41178],[-110.0173,38.40539],[-110.02559,38.39364],[-110.03354,38.38883],[-110.03131,38.38444],[-110.02025,38.38306],[-110.01025,38.37761],[-110.0099,38.37145],[-110.0153,38.36664],[-110.00869,38.36494],[-110.00116,38.37039],[-109.98804,38.3859],[-109.97923,38.38964],[-109.97244,38.38371],[-109.97382,38.37419],[-109.98063,38.36398],[-109.987,38.36004],[-109.98371,38.35204],[-109.97449,38.34514],[-109.9644,38.33974],[-109.95742,38.34184],[-109.95447,38.3458],[-109.95326,38.35419],[-109.94299,38.35498],[-109.94159,38.34984],[-109.94874,38.33759],[-109.96182,38.33402],[-109.9656,38.33032],[-109.96335,38.31949],[-109.95159,38.31454],[-109.94604,38.30765],[-109.95076,38.29392],[-109.94659,38.28806],[-109.93626,38.286],[-109.9289,38.28166],[-109.92777,38.27732],[-109.9362,38.2655],[-109.93123,38.26009],[-109.92405,38.26099],[-109.91125,38.27059],[-109.9075,38.27057],[-109.90355,38.26471],[-109.90179,38.25681],[-109.90579,38.25179],[-109.91759,38.24654],[-109.91392,38.23877],[-109.90142,38.24292],[-109.89601,38.24062],[-109.88863,38.23016],[-109.89053,38.22801],[-109.90254,38.22937],[-109.91628,38.22727],[-109.91988,38.22439],[-109.91853,38.21676],[-109.91036,38.2113],[-109.89915,38.20705],[-109.88774,38.20765],[-109.89169,38.20118],[-109.90219,38.19464],[-109.90394,38.18998],[-109.89832,38.18801],[-109.89142,38.19026],[-109.88593,38.1894],[-109.87984,38.196],[-109.86664,38.19758],[-109.85613,38.20517],[-109.85085,38.21475],[-109.83954,38.21451],[-109.83067,38.22204],[-109.81713,38.2308],[-109.80343,38.23062],[-109.80033,38.23438],[-109.80298,38.23971],[-109.81135,38.23899],[-109.81847,38.23331],[-109.82973,38.23068],[-109.83824,38.23387],[-109.84171,38.24206],[-109.8322,38.24651],[-109.81995,38.244],[-109.81252,38.24491],[-109.80916,38.24898],[-109.80988,38.258],[-109.8074,38.26246],[-109.796,38.2649],[-109.79086,38.27229],[-109.79922,38.28002],[-109.80589,38.28394],[-109.80757,38.28879],[-109.79428,38.29092],[-109.78764,38.29529],[-109.78327,38.29465],[-109.78166,38.28918],[-109.77133,38.28762],[-109.77592,38.27958],[-109.76814,38.27945],[-109.76415,38.26877],[-109.75879,38.27127],[-109.75777,38.26178],[-109.75016,38.25214],[-109.74772,38.23948],[-109.74123,38.23153],[-109.73112,38.22646],[-109.72915,38.22231],[-109.72061,38.22371],[-109.71643,38.22843],[-109.71135,38.22322],[-109.70199,38.21865],[-109.68964,38.22138],[-109.6773,38.2136],[-109.65909,38.21036],[-109.65733,38.2059],[-109.65096,38.20516],[-109.64813,38.19549],[-109.6357,38.18656],[-109.63328,38.16914],[-109.6274,38.15818],[-109.62365,38.15554],[-109.6249,38.13958],[-109.63065,38.13512],[-109.62166,38.12615],[-109.62348,38.12088],[-109.61861,38.11476],[-109.61602,38.10742],[-109.60517,38.10147],[-109.59968,38.10077],[-109.58927,38.09097],[-109.57734,38.08695],[-109.57113,38.07965],[-109.56566,38.07819],[-109.56125,38.07371],[-109.56879,38.06649],[-109.57421,38.05845],[-109.57883,38.04819],[-109.58106,38.03457],[-109.59082,38.01766],[-109.59139,38.00151],[-109.59726,37.99668],[-109.5966,37.9935],[-109.60683,37.98517],[-109.60865,37.98004],[-109.61592,37.97621],[-109.62054,37.9713],[-109.62111,37.96421],[-109.63374,37.94933],[-109.63686,37.93967],[-109.63704,37.93264],[-109.6417,37.92559],[-109.64177,37.90988],[-109.63744,37.89836],[-109.63809,37.89519],[-109.63074,37.89233],[-109.6121,37.8788],[-109.6031,37.88252],[-109.59543,37.88771],[-109.58936,37.88721],[-109.57636,37.87999],[-109.56881,37.87374],[-109.55989,37.85819],[-109.55892,37.84916],[-109.55483,37.84699],[-109.54681,37.83506],[-109.53162,37.84864],[-109.52234,37.85187],[-109.51912,37.84451],[-109.51193,37.84361],[-109.50909,37.83894],[-109.51154,37.83453],[-109.50502,37.82493],[-109.50196,37.82849],[-109.49637,37.82335],[-109.48999,37.82116],[-109.48522,37.81051],[-109.48424,37.80447],[-109.48656,37.80048],[-109.47261,37.78911],[-109.47279,37.78013],[-109.46499,37.7821],[-109.45223,37.78205],[-109.43787,37.77608],[-109.44109,37.76665],[-109.43893,37.76262],[-109.43176,37.76621],[-109.42493,37.76625],[-109.4208,37.76313],[-109.41974,37.75534],[-109.41332,37.75173],[-109.41434,37.74049],[-109.40595,37.73392],[-109.39385,37.71943],[-109.39269,37.71092],[-109.37961,37.70455],[-109.3724,37.69832],[-109.36405,37.68787],[-109.35681,37.68184],[-109.34219,37.68015],[-109.33589,37.67571],[-109.32636,37.67352],[-109.30942,37.65548],[-109.30814,37.65014],[-109.29974,37.6469],[-109.29867,37.63902],[-109.29106,37.63328],[-109.29026,37.62954],[-109.28365,37.6268],[-109.279,37.62113],[-109.26848,37.61204],[-109.26338,37.61132],[-109.25618,37.60379],[-109.25885,37.59097],[-109.25589,37.58532],[-109.26522,37.58656],[-109.27118,37.58375],[-109.26269,37.57883],[-109.2559,37.57097],[-109.25146,37.56926],[-109.24587,37.55358],[-109.24167,37.55291],[-109.23775,37.54691],[-109.24134,37.54313],[-109.23599,37.53507],[-109.23833,37.53182],[-109.23443,37.52485],[-109.23409,37.51363],[-109.23675,37.50987],[-109.2279,37.50208],[-109.23305,37.49816],[-109.22438,37.49039],[-109.22776,37.48807],[-109.23542,37.47534],[-109.23295,37.47098],[-109.22189,37.45851],[-109.2237,37.44967],[-109.21858,37.4454],[-109.21389,37.43637],[-109.21436,37.43225],[-109.19225,37.43225],[-109.1873,37.42938],[-109.18668,37.40347],[-109.19858,37.39974],[-109.2034,37.39542],[-109.20501,37.38894],[-109.22187,37.38911],[-109.2224,37.375],[-109.18271,37.37467],[-109.16786,37.37532],[-109.13212,37.37463],[-109.13217,37.34641],[-109.13049,37.34396],[-109.1146,37.3452],[-109.11435,37.35991],[-109.0958,37.35986],[-109.0959,37.34545],[-109.07736,37.34546],[-109.07737,37.35981],[-109.04584,37.35972],[-109.04581,37.37499],[-109.04314,37.49999],[-109.04186,37.53073],[-109.04181,37.60417],[-109.04227,37.66607],[-109.04164,37.74021],[-109.0421,37.74999],[-109.04146,37.80011],[-109.04184,37.87279],[-109.04106,37.90724],[-109.04312,37.97426],[-109.04282,37.9993],[-109.04176,38.16469],[-109.05465,38.24492],[-109.06006,38.27549],[-109.05996,38.50003],[-109.32852,38.49996],[-109.458,38.49995],[-109.65203,38.49993],[-110.02528,38.49998]]]},"properties":{"STATEFP":"49","COUNTYFP":"037","COUSUBFP":"92021","COUSUBNS":"01939392","GEOIDFQ":"0600000US4903792021","GEOID":"4903792021","NAME":"Monticello","NAMELSAD":"Monticello CCD","STUSPS":"UT","NAMELSADCO":"San Juan County","STATE_NAME":"Utah","LSAD":"22","ALAND":5773264445,"AWATER":17787003}},
{"type":"Feature","geometry":{"type":"Polygon","coordinates":[[[-111.92193,40.44093],[-111.91331,40.45252],[-111.90771,40.45341],[-111.90103,40.46331],[-111.89238,40.46408],[-111.8826,40.47251],[-111.87375,40.47682],[-111.86289,40.46926],[-111.85087,40.47204],[-111.8458,40.47666],[-111.83624,40.47505],[-111.83331,40.48272],[-111.82632,40.48272],[-111.8163,40.48916],[-111.80727,40.48938],[-111.80268,40.49364],[-111.78935,40.49806],[-111.79167,40.50521],[-111.78797,40.51367],[-111.7811,40.51871],[-111.76963,40.52263],[-111.76259,40.52917],[-111.74423,40.52255],[-111.73757,40.5282],[-111.74114,40.53441],[-111.75015,40.54116],[-111.7561,40.54864],[-111.75515,40.55482],[-111.76164,40.55939],[-111.7714,40.56173],[-111.7897,40.56356],[-111.80638,40.56783],[-111.80557,40.57787],[-111.79768,40.57395],[-111.7936,40.58939],[-111.79771,40.59915],[-111.78865,40.61508],[-111.7899,40.62064],[-111.79484,40.62362],[-111.80015,40.63075],[-111.80155,40.63498],[-111.80813,40.63869],[-111.8077,40.65281],[-111.80508,40.67068],[-111.79777,40.68175],[-111.79509,40.69895],[-111.79689,40.70736],[-111.8046,40.71201],[-111.80538,40.72344],[-111.79589,40.72551],[-111.79594,40.73305],[-111.80551,40.73219],[-111.80523,40.73989],[-111.8008,40.74776],[-111.80092,40.75494],[-111.81437,40.75497],[-111.81544,40.79847],[-111.79976,40.79864],[-111.79981,40.8124],[-111.7773,40.81932],[-111.74048,40.81974],[-111.74056,40.82962],[-111.74526,40.82801],[-111.75153,40.83101],[-111.75819,40.82932],[-111.76937,40.83104],[-111.78067,40.827],[-111.80241,40.82452],[-111.80803,40.82204],[-111.81448,40.83124],[-111.81576,40.83892],[-111.82177,40.83433],[-111.83839,40.83076],[-111.85375,40.82922],[-111.85849,40.82423],[-111.86924,40.82384],[-111.8705,40.82174],[-111.94586,40.82179],[-111.94287,40.83049],[-111.94673,40.83796],[-111.95125,40.84196],[-111.9678,40.84195],[-111.96779,40.82746],[-112.00614,40.82721],[-112.00603,40.79838],[-112.02497,40.79832],[-112.02978,40.80195],[-112.02985,40.8092],[-112.03938,40.81282],[-112.0394,40.82369],[-112.05849,40.82368],[-112.0585,40.81641],[-112.06327,40.8164],[-112.06325,40.8309],[-112.07278,40.83088],[-112.07278,40.82728],[-112.10135,40.82714],[-112.10123,40.77877],[-112.10013,40.76921],[-112.09173,40.76925],[-112.09149,40.76199],[-112.08218,40.76201],[-112.08221,40.75481],[-112.06429,40.75481],[-112.06448,40.74024],[-112.06803,40.74023],[-112.06798,40.72954],[-112.06327,40.72559],[-112.06305,40.682],[-112.09185,40.68201],[-112.09191,40.6686],[-112.08856,40.66255],[-112.07927,40.65703],[-112.05994,40.63931],[-112.05337,40.63124],[-112.05286,40.62388],[-112.05863,40.59225],[-112.06158,40.57594],[-111.99222,40.60861],[-111.98272,40.60946],[-111.97718,40.59322],[-111.97189,40.59102],[-111.96894,40.58049],[-112.00491,40.58062],[-112.0055,40.55575],[-112.00859,40.55321],[-112.00171,40.54621],[-112.01795,40.53863],[-112.01627,40.53695],[-111.99845,40.53697],[-111.99306,40.53332],[-111.99382,40.51092],[-111.99139,40.49824],[-111.98312,40.4925],[-111.97892,40.48666],[-111.96339,40.47383],[-111.95386,40.47056],[-111.94966,40.46391],[-111.94281,40.46265],[-111.93335,40.44246],[-111.92839,40.44484],[-111.92193,40.44093]]]},"properties":{"STATEFP":"49","COUNTYFP":"035","COUSUBFP":"93010","COUSUBNS":"01939415","GEOIDFQ":"0600000US4903593010","GEOID":"4903593010","NAME":"Salt Lake City","NAMELSAD":"Salt Lake City CCD","STUSPS":"UT","NAMELSADCO":"Salt Lake County","STATE_NAME":"Utah","LSAD":"22","ALAND":839343468,"AWATER":1631897}},
{"type":"Feature","geometry":{"type":"Polygon","coordinates":[[[-110.90197,40.67816],[-110.90195,40.68219],[-110.92472,40.68011],[-110.93352,40.68034],[-110.94443,40.6726],[-110.94882,40.66133],[-110.94581,40.65611],[-110.94678,40.64232],[-110.9525,40.63235],[-110.9574,40.62848],[-110.96293,40.61524],[-110.96104,40.60763],[-110.96411,40.60315],[-110.98174,40.59126],[-111.00713,40.59278],[-111.01616,40.58888],[-111.01809,40.5833],[-111.0249,40.5775],[-111.03117,40.57596],[-111.05559,40.58188],[-111.07911,40.59455],[-111.08853,40.5922],[-111.10669,40.59407],[-111.12087,40.59046],[-111.12588,40.58195],[-111.13123,40.57836],[-111.13598,40.56811],[-111.13746,40.55828],[-111.14722,40.5496],[-111.15153,40.54833],[-111.1623,40.55106],[-111.16465,40.55478],[-111.16748,40.55336],[-111.18142,40.55364],[-111.19081,40.54884],[-111.19843,40.54975],[-111.2144,40.5426],[-111.22203,40.54428],[-111.23253,40.53603],[-111.2378,40.539],[-111.22903,40.5472],[-111.23517,40.55228],[-111.24281,40.55303],[-111.25309,40.5583],[-111.25973,40.55621],[-111.26463,40.55826],[-111.27312,40.55465],[-111.28565,40.5561],[-111.29082,40.56624],[-111.30901,40.56959],[-111.31372,40.56364],[-111.32556,40.55939],[-111.33642,40.55996],[-111.33809,40.55765],[-111.34782,40.56079],[-111.35096,40.5645],[-111.36656,40.56694],[-111.37761,40.56055],[-111.39525,40.55267],[-111.40428,40.54431],[-111.41889,40.55668],[-111.42569,40.55767],[-111.42085,40.54878],[-111.41077,40.53634],[-111.40958,40.52704],[-111.41335,40.51418],[-111.41325,40.49287],[-111.36003,40.44069],[-111.34426,40.42325],[-111.33576,40.41941],[-111.32573,40.41233],[-111.31286,40.40733],[-111.30244,40.39525],[-111.3032,40.38844],[-111.29439,40.37229],[-111.28262,40.35725],[-111.26601,40.3451],[-111.26128,40.33755],[-111.26195,40.32583],[-111.25693,40.31278],[-111.25876,40.30545],[-111.25528,40.29912],[-111.24587,40.30839],[-111.24971,40.31055],[-111.2537,40.32213],[-111.24346,40.33701],[-111.24624,40.34501],[-111.24178,40.34873],[-111.24393,40.36453],[-111.24026,40.38155],[-111.24141,40.38527],[-111.23509,40.39912],[-111.23791,40.40186],[-111.23739,40.41039],[-111.22592,40.41757],[-111.20968,40.41208],[-111.20554,40.40951],[-111.18344,40.40741],[-111.17674,40.4162],[-111.17898,40.42872],[-111.18592,40.43931],[-111.1699,40.44977],[-111.15959,40.45295],[-111.14402,40.46109],[-111.13346,40.46183],[-111.10815,40.46811],[-111.09968,40.46436],[-111.09107,40.46419],[-111.08341,40.46624],[-111.07983,40.46434],[-111.06799,40.46551],[-111.06557,40.46905],[-111.05538,40.47216],[-111.03945,40.47389],[-111.02964,40.47706],[-111.03166,40.48176],[-111.03062,40.48904],[-111.01672,40.49171],[-111.01043,40.49684],[-110.99943,40.4975],[-110.99499,40.50227],[-110.99406,40.51481],[-110.97863,40.51305],[-110.97557,40.517],[-110.96802,40.51617],[-110.95628,40.50577],[-110.94572,40.50397],[-110.93133,40.51108],[-110.9318,40.5185],[-110.92565,40.52352],[-110.92589,40.53736],[-110.93782,40.54169],[-110.9469,40.54663],[-110.9501,40.55066],[-110.95573,40.5509],[-110.95507,40.55741],[-110.96848,40.56194],[-110.97901,40.57172],[-110.97651,40.57511],[-110.955,40.56763],[-110.94914,40.57565],[-110.93667,40.58217],[-110.9313,40.5955],[-110.9348,40.61493],[-110.93737,40.62398],[-110.9414,40.62912],[-110.93345,40.63144],[-110.9276,40.6385],[-110.91555,40.64039],[-110.90928,40.6571],[-110.91118,40.66312],[-110.90805,40.67699],[-110.90197,40.67816]]]},"properties":{"STATEFP":"49","COUNTYFP":"051","COUSUBFP":"91300","COUSUBNS":"02584784","GEOIDFQ":"0600000US4905191300","GEOID":"4905191300","NAME":"Heber City East","NAMELSAD":"Heber City East CCD","STUSPS":"UT","NAMELSADCO":"Wasatch County","STATE_NAME":"Utah","LSAD":"22","ALAND":580554036,"AWATER":625015}},
{"type":"Feature","geometry":{"type":"Polygon","coordinates":[[[-110.00071,40.99735],[-110.00071,40.81368],[-109.99353,40.81513],[-109.98786,40.80762],[-109.9764,40.80969],[-109.97071,40.81064],[-109.96292,40.8034],[-109.95477,40.80164],[-109.95038,40.79816],[-109.94418,40.79822],[-109.93928,40.79464],[-109.93218,40.79669],[-109.92285,40.78964],[-109.91577,40.78835],[-109.91391,40.78245],[-109.89701,40.78209],[-109.89253,40.77271],[-109.88313,40.77497],[-109.87628,40.76732],[-109.86998,40.764],[-109.85513,40.76495],[-109.8469,40.76743],[-109.83415,40.76841],[-109.83171,40.77581],[-109.8253,40.77542],[-109.81719,40.77925],[-109.80832,40.78071],[-109.79918,40.78],[-109.7906,40.78233],[-109.77033,40.78145],[-109.76463,40.78267],[-109.76215,40.78798],[-109.75554,40.79488],[-109.75639,40.80018],[-109.7526,40.80295],[-109.73186,40.79461],[-109.72806,40.79531],[-109.72026,40.8018],[-109.70022,40.80339],[-109.69386,40.80207],[-109.68124,40.79596],[-109.67586,40.79517],[-109.66308,40.80041],[-109.65482,40.79924],[-109.65053,40.80494],[-109.64467,40.8086],[-109.63564,40.81033],[-109.63082,40.81585],[-109.61994,40.81268],[-109.61469,40.81815],[-109.60174,40.81521],[-109.59291,40.81769],[-109.58676,40.82433],[-109.58115,40.82536],[-109.5737,40.8211],[-109.56956,40.81472],[-109.52955,40.82762],[-109.52322,40.82108],[-109.51394,40.80833],[-109.51146,40.79597],[-109.5138,40.78735],[-109.5188,40.78246],[-109.51537,40.7766],[-109.51601,40.7661],[-109.51323,40.75168],[-109.50275,40.74863],[-109.48421,40.74047],[-109.47423,40.74388],[-109.47031,40.7545],[-109.47117,40.77392],[-109.47036,40.78934],[-109.46612,40.7973],[-109.46756,40.80697],[-109.46636,40.81859],[-109.46254,40.82356],[-109.46249,40.8338],[-109.46551,40.84572],[-109.4623,40.85451],[-109.46849,40.86018],[-109.47965,40.86267],[-109.46594,40.87422],[-109.45528,40.88647],[-109.45865,40.89347],[-109.4544,40.89762],[-109.44801,40.8962],[-109.43785,40.90561],[-109.4396,40.90755],[-109.42782,40.91334],[-109.4147,40.91589],[-109.41759,40.92357],[-109.41482,40.92762],[-109.4062,40.93198],[-109.40629,40.93647],[-109.41579,40.94191],[-109.42599,40.94163],[-109.4516,40.95324],[-109.46155,40.95241],[-109.47061,40.95416],[-109.46943,40.96207],[-109.48854,40.96303],[-109.50931,40.95676],[-109.51338,40.95467],[-109.52731,40.95355],[-109.53157,40.95517],[-109.54919,40.96755],[-109.58613,40.99823],[-109.67642,40.9984],[-109.8553,40.99761],[-109.97553,40.99791],[-110.00071,40.99735]]]},"properties":{"STATEFP":"49","COUNTYFP":"009","COUSUBFP":"93870","COUSUBNS":"01939434","GEOIDFQ":"0600000US4900993870","GEOID":"4900993870","NAME":"West Daggett","NAMELSAD":"West Daggett CCD","STUSPS":"UT","NAMELSADCO":"Daggett County","STATE_NAME":"Utah","LSAD":"22","ALAND":963871829,"AWATER":47662510}},
{"type":"Feature","geometry":{"type":"Polygon","coordinates":[[[-112.47882,38.14742],[-112.47866,37.99997],[-112.47896,37.97773],[-112.46702,37.97773],[-112.4683,37.89046],[-112.58852,37.89037],[-112.58856,37.88215],[-112.57847,37.88215],[-112.57855,37.80454],[-112.64273,37.80668],[-112.67085,37.80554],[-112.6893,37.80559],[-112.68912,37.71721],[-112.68576,37.71734],[-112.68678,37.66033],[-112.68521,37.63236],[-112.6836,37.63183],[-112.68375,37.54369],[-112.66708,37.54312],[-112.56772,37.54294],[-112.55843,37.54253],[-112.39608,37.54266],[-112.36117,37.54281],[-112.36117,37.53686],[-112.27743,37.53687],[-112.27678,37.54587],[-112.27143,37.55159],[-112.26873,37.56192],[-112.26396,37.57118],[-112.26352,37.57819],[-112.25197,37.59502],[-112.25092,37.60685],[-112.24345,37.62108],[-112.24648,37.62366],[-112.24134,37.6309],[-112.23823,37.64139],[-112.23211,37.64645],[-112.22666,37.65382],[-112.22638,37.66084],[-112.23045,37.66655],[-112.22867,37.67534],[-112.24382,37.70217],[-112.24056,37.70657],[-112.23959,37.71758],[-112.26162,37.72047],[-112.27396,37.73004],[-112.2694,37.73212],[-112.2697,37.74475],[-112.27155,37.75],[-112.26886,37.75467],[-112.25765,37.75513],[-112.25309,37.7682],[-112.25607,37.7744],[-112.25369,37.78071],[-112.25683,37.78656],[-112.25291,37.79027],[-112.25226,37.80053],[-112.25609,37.80259],[-112.25239,37.80986],[-112.25604,37.81519],[-112.26065,37.81612],[-112.26556,37.82133],[-112.27738,37.82585],[-112.2753,37.8361],[-112.28012,37.84227],[-112.27747,37.84541],[-112.28068,37.85333],[-112.27862,37.86286],[-112.28134,37.86717],[-112.27826,37.87862],[-112.28071,37.88482],[-112.27839,37.89128],[-112.27892,37.90014],[-112.27043,37.90633],[-112.26759,37.90411],[-112.25755,37.90341],[-112.25191,37.91116],[-112.25553,37.91678],[-112.24712,37.93029],[-112.23201,37.94586],[-112.22972,37.95178],[-112.2313,37.95815],[-112.22746,37.96696],[-112.22166,37.97327],[-112.22595,37.97727],[-112.22389,37.98464],[-112.22558,37.98852],[-112.23206,37.99231],[-112.22784,38.00781],[-112.22297,38.01206],[-112.21181,38.01805],[-112.20966,38.01567],[-112.20152,38.01934],[-112.20347,38.02678],[-112.19658,38.04028],[-112.18091,38.04757],[-112.17411,38.04839],[-112.15833,38.05277],[-112.15545,38.06202],[-112.14469,38.06779],[-112.15998,38.06866],[-112.1621,38.0745],[-112.16712,38.07602],[-112.16241,38.0867],[-112.15426,38.08905],[-112.14513,38.09775],[-112.14015,38.10454],[-112.14078,38.1092],[-112.12597,38.12821],[-112.12911,38.13199],[-112.12479,38.14075],[-112.12628,38.14966],[-112.16036,38.15015],[-112.21459,38.15019],[-112.30736,38.14984],[-112.44421,38.15],[-112.46243,38.15],[-112.47882,38.14742]]]},"properties":{"STATEFP":"49","COUNTYFP":"017","COUSUBFP":"92537","COUSUBNS":"01939404","GEOIDFQ":"0600000US4901792537","GEOID":"4901792537","NAME":"Panguitch","NAMELSAD":"Panguitch CCD","STUSPS":"UT","NAMELSADCO":"Garfield County","STATE_NAME":"Utah","LSAD":"22","ALAND":2074160139,"AWATER":5025436}},
{"type":"Feature","geometry":{"type":"Polygon","coordinates":[[[-112.68375,37.54369],[-112.78485,37.54348],[-112.90116,37.54349],[-112.90092,37.50002],[-112.90047,37.43489],[-112.90128,37.28153],[-112.89909,37.28153],[-112.89917,37.18191],[-112.89014,37.18086],[-112.87961,37.18229],[-112.87577,37.18027],[-112.86285,37.18167],[-112.84544,37.17612],[-112.8347,37.1752],[-112.81968,37.17205],[-112.81458,37.16928],[-112.80308,37.17415],[-112.79684,37.1729],[-112.78461,37.17927],[-112.76695,37.17879],[-112.75779,37.18127],[-112.74587,37.17982],[-112.73578,37.18173],[-112.72663,37.1854],[-112.72054,37.1935],[-112.70442,37.19709],[-112.70025,37.19595],[-112.69133,37.19845],[-112.68974,37.20775],[-112.68515,37.20467],[-112.67204,37.20277],[-112.66122,37.19458],[-112.65871,37.1892],[-112.58035,37.15757],[-112.57403,37.15374],[-112.5683,37.14525],[-112.55523,37.14551],[-112.54634,37.1472],[-112.53789,37.15717],[-112.53848,37.1643],[-112.53545,37.1763],[-112.54054,37.18925],[-112.53565,37.19502],[-112.53906,37.2038],[-112.5387,37.2131],[-112.54434,37.22304],[-112.54078,37.23233],[-112.54497,37.2387],[-112.54532,37.24565],[-112.54332,37.25607],[-112.5362,37.25804],[-112.53043,37.26538],[-112.52157,37.26573],[-112.52119,37.27004],[-112.50648,37.27683],[-112.49409,37.2881],[-112.49208,37.29201],[-112.48268,37.29456],[-112.47598,37.2926],[-112.47108,37.28801],[-112.46201,37.28806],[-112.45249,37.29485],[-112.44323,37.28846],[-112.43775,37.2867],[-112.43052,37.28015],[-112.42175,37.27612],[-112.4138,37.27471],[-112.40228,37.27555],[-112.40852,37.28271],[-112.40296,37.29025],[-112.40623,37.29865],[-112.40201,37.30344],[-112.39752,37.31935],[-112.39875,37.32453],[-112.39488,37.32882],[-112.3865,37.32972],[-112.37288,37.32692],[-112.37379,37.33171],[-112.37128,37.34154],[-112.38078,37.34753],[-112.38216,37.35487],[-112.38058,37.35997],[-112.38578,37.36518],[-112.38563,37.37262],[-112.38263,37.37788],[-112.38507,37.38503],[-112.39118,37.39347],[-112.39172,37.39782],[-112.41491,37.39784],[-112.41488,37.41213],[-112.43323,37.41222],[-112.43315,37.44158],[-112.43198,37.44867],[-112.42297,37.44846],[-112.42285,37.4555],[-112.39629,37.45608],[-112.39533,37.47094],[-112.39529,37.49495],[-112.41336,37.49494],[-112.41374,37.50646],[-112.40897,37.51016],[-112.4136,37.51376],[-112.39525,37.51387],[-112.39608,37.54266],[-112.55843,37.54253],[-112.56772,37.54294],[-112.66708,37.54312],[-112.68375,37.54369]]]},"properties":{"STATEFP":"49","COUNTYFP":"025","COUSUBFP":"92494","COUSUBNS":"01939403","GEOIDFQ":"0600000US4902592494","GEOID":"4902592494","NAME":"Orderville","NAMELSAD":"Orderville CCD","STUSPS":"UT","NAMELSADCO":"Kane County","STATE_NAME":"Utah","LSAD":"22","ALAND":1650027754,"AWATER":1568628}},
{"type":"Feature","geometry":{"type":"Polygon","coordinates":[[[-111.42591,41.67673],[-111.41557,41.68291],[-111.40545,41.68478],[-111.39852,41.68383],[-111.39409,41.68675],[-111.37868,41.69048],[-111.37347,41.68955],[-111.37124,41.69938],[-111.34875,41.70827],[-111.3451,41.71631],[-111.33882,41.72344],[-111.32382,41.73269],[-111.31226,41.73534],[-111.2918,41.73692],[-111.27704,41.73647],[-111.26723,41.7318],[-111.25582,41.72841],[-111.2524,41.72907],[-111.24288,41.72489],[-111.22979,41.72458],[-111.21725,41.72662],[-111.20226,41.71752],[-111.19618,41.71218],[-111.18898,41.71036],[-111.18823,41.70662],[-111.1737,41.70624],[-111.17157,41.69688],[-111.1621,41.70079],[-111.15927,41.70594],[-111.15898,41.73348],[-111.15253,41.74262],[-111.12249,41.77003],[-111.12203,41.77255],[-111.04624,41.77964],[-111.04671,42.0017],[-111.17628,42.00144],[-111.31672,42.00119],[-111.44897,42.00023],[-111.5078,41.99954],[-111.50795,41.98801],[-111.49817,41.98559],[-111.4942,41.97971],[-111.48465,41.97567],[-111.48341,41.96391],[-111.47567,41.95654],[-111.47766,41.95392],[-111.47325,41.947],[-111.47671,41.93526],[-111.4715,41.92823],[-111.4814,41.91136],[-111.49133,41.91048],[-111.49759,41.91287],[-111.50881,41.91188],[-111.512,41.90508],[-111.50459,41.90247],[-111.50039,41.89817],[-111.50056,41.89143],[-111.49353,41.88705],[-111.49316,41.87494],[-111.50516,41.86773],[-111.50211,41.86133],[-111.50779,41.85256],[-111.50207,41.85043],[-111.49375,41.84307],[-111.481,41.83456],[-111.47638,41.82923],[-111.46813,41.82478],[-111.4611,41.81826],[-111.46,41.80839],[-111.45387,41.80372],[-111.45084,41.79254],[-111.45435,41.78831],[-111.45466,41.77957],[-111.44954,41.77194],[-111.44347,41.77158],[-111.44542,41.76024],[-111.44106,41.75586],[-111.44184,41.74799],[-111.44521,41.74489],[-111.44044,41.74039],[-111.44117,41.73519],[-111.42913,41.72693],[-111.42019,41.72464],[-111.41754,41.72037],[-111.41798,41.70927],[-111.42118,41.70633],[-111.42037,41.69877],[-111.42413,41.6922],[-111.42591,41.67673]]]},"properties":{"STATEFP":"49","COUNTYFP":"033","COUSUBFP":"91032","COUSUBNS":"01939369","GEOIDFQ":"0600000US4903391032","GEOID":"4903391032","NAME":"Garden City-Laketown","NAMELSAD":"Garden City-Laketown CCD","STUSPS":"UT","NAMELSADCO":"Rich County","STATE_NAME":"Utah","LSAD":"22","ALAND":927218535,"AWATER":143897447}},
{"type":"Feature","geometry":{"type":"Polygon","coordinates":[[[-111.96325,41.36549],[-111.97523,41.37787],[-111.97381,41.38568],[-111.96745,41.39566],[-111.96776,41.40994],[-111.97236,41.42009],[-111.96376,41.42519],[-111.95829,41.43387],[-111.95336,41.42858],[-111.94055,41.42047],[-111.93811,41.41579],[-111.93154,41.41616],[-111.92717,41.41278],[-111.91785,41.41245],[-111.90396,41.41891],[-111.89301,41.4181],[-111.8915,41.42279],[-111.88553,41.42634],[-111.88152,41.43538],[-111.88155,41.44117],[-111.89104,41.44162],[-111.9012,41.44944],[-111.90011,41.45369],[-111.91659,41.46038],[-111.91289,41.46978],[-111.90639,41.47207],[-111.89622,41.46952],[-111.87844,41.47588],[-111.87409,41.4844],[-111.87556,41.48969],[-111.88416,41.49602],[-111.90424,41.49733],[-111.90912,41.5071],[-111.90718,41.5155],[-111.9119,41.51852],[-111.91358,41.53161],[-111.91799,41.53906],[-111.9267,41.53697],[-111.93486,41.54427],[-111.93672,41.55071],[-111.94332,41.55316],[-111.95367,41.55044],[-111.96195,41.5436],[-111.97255,41.54357],[-111.98183,41.5341],[-111.98844,41.54419],[-111.99276,41.55501],[-111.99661,41.55757],[-111.99411,41.56613],[-111.99944,41.57598],[-112.00246,41.57335],[-112.02138,41.56961],[-112.02929,41.57272],[-112.03568,41.58597],[-112.04065,41.58838],[-112.04697,41.59506],[-112.05509,41.59433],[-112.05289,41.58815],[-112.04063,41.57382],[-112.03893,41.55756],[-112.03321,41.54726],[-112.04482,41.5438],[-112.0451,41.54019],[-112.05836,41.5389],[-112.05936,41.53417],[-112.07947,41.53844],[-112.09568,41.54556],[-112.1025,41.54736],[-112.10705,41.54562],[-112.1113,41.53867],[-112.10132,41.5395],[-112.10302,41.5351],[-112.10071,41.52897],[-112.10955,41.52578],[-112.11354,41.51906],[-112.11855,41.52346],[-112.12694,41.51265],[-112.13752,41.50122],[-112.14411,41.49759],[-112.14395,41.48329],[-112.15059,41.48506],[-112.16071,41.47982],[-112.16605,41.47063],[-112.17129,41.47453],[-112.19287,41.46899],[-112.1967,41.47104],[-112.20837,41.47003],[-112.21751,41.46646],[-112.22668,41.48234],[-112.23948,41.48229],[-112.24444,41.48036],[-112.25387,41.48191],[-112.26747,41.47822],[-112.29182,41.43205],[-112.27217,41.4255],[-112.27414,41.42062],[-112.28213,41.41527],[-112.28606,41.40634],[-112.29672,41.40636],[-112.30548,41.39795],[-112.31665,41.39278],[-112.33492,41.38645],[-112.31933,41.36439],[-112.31249,41.35681],[-112.30336,41.35387],[-112.28577,41.35656],[-112.25383,41.37197],[-112.24406,41.37442],[-112.22092,41.37687],[-112.13286,41.37686],[-112.13318,41.33687],[-112.03444,41.33655],[-112.02867,41.33651],[-112.0203,41.34423],[-112.00839,41.34385],[-112.00316,41.34946],[-111.99534,41.35001],[-111.99221,41.35328],[-111.97806,41.35844],[-111.97018,41.36366],[-111.96325,41.36549]]]},"properties":{"STATEFP":"49","COUNTYFP":"003","COUSUBFP":"90258","COUSUBNS":"01939351","GEOIDFQ":"0600000US4900390258","GEOID":"4900390258","NAME":"Brigham City","NAMELSAD":"Brigham City CCD","STUSPS":"UT","NAMELSADCO":"Box Elder County","STATE_NAME":"Utah","LSAD":"22","ALAND":396454383,"AWATER":156580322}},
{"type":"Feature","geometry":{"type":"Polygon","coordinates":[[[-112.33492,41.38645],[-112.34443,41.39963],[-112.35354,41.40917],[-112.36351,41.41542],[-112.39292,41.42439],[-112.40978,41.43068],[-112.41287,41.43647],[-112.4087,41.44789],[-112.43797,41.45964],[-112.44363,41.45975],[-112.44403,41.47056],[-112.45334,41.47833],[-112.45514,41.4865],[-112.46152,41.48903],[-112.4694,41.49737],[-112.47333,41.51452],[-112.47677,41.5193],[-112.48662,41.55129],[-112.48934,41.55421],[-112.48935,41.60517],[-112.48232,41.61171],[-112.48174,41.6189],[-112.47737,41.62297],[-112.47298,41.63411],[-112.46092,41.63515],[-112.42591,41.63582],[-112.41602,41.6297],[-112.39915,41.62585],[-112.37524,41.61405],[-112.32503,41.60077],[-112.32342,41.61072],[-112.32514,41.61749],[-112.33382,41.62949],[-112.32899,41.63693],[-112.3292,41.64832],[-112.32533,41.65144],[-112.31065,41.65684],[-112.29857,41.65909],[-112.29699,41.66624],[-112.29826,41.68383],[-112.29725,41.69424],[-112.29766,41.70905],[-112.29123,41.70957],[-112.28578,41.72238],[-112.28138,41.72838],[-112.25913,41.73228],[-112.23964,41.72295],[-112.23274,41.72216],[-112.21514,41.72517],[-112.19521,41.72562],[-112.189,41.72845],[-112.18881,41.73331],[-112.17326,41.74956],[-112.16885,41.75795],[-112.16985,41.7621],[-112.16412,41.77061],[-112.16425,41.7785],[-112.1597,41.78792],[-112.1573,41.80756],[-112.15882,41.81806],[-112.1552,41.82279],[-112.15558,41.83575],[-112.15071,41.84296],[-112.14355,41.84461],[-112.13231,41.83457],[-112.11293,41.82505],[-112.11053,41.81659],[-112.10643,41.81463],[-112.10696,41.83653],[-112.07279,41.83716],[-112.06835,41.84593],[-112.06171,41.84384],[-112.05907,41.85134],[-112.05222,41.85356],[-112.04658,41.85078],[-112.05268,41.863],[-112.05859,41.86848],[-112.06398,41.86795],[-112.0637,41.87506],[-112.06797,41.88187],[-112.08549,41.90331],[-112.10515,41.91086],[-112.10866,41.91626],[-112.11487,41.91947],[-112.12192,41.92817],[-112.12436,41.94092],[-112.13872,41.9643],[-112.15088,41.97056],[-112.15384,41.98501],[-112.15777,41.9912],[-112.16582,41.99569],[-112.15918,41.99841],[-112.17315,42.00152],[-112.18603,42.00121],[-112.36481,42.00105],[-112.44068,42.00078],[-112.50857,42.00077],[-112.64773,42.00027],[-112.77505,41.99981],[-112.97941,41.99834],[-112.98046,41.99419],[-112.98042,41.96597],[-113.05746,41.9653],[-113.06056,41.96552],[-113.07736,41.95068],[-113.08109,41.94597],[-113.13521,41.84901],[-113.14152,41.84083],[-113.14731,41.83663],[-113.13566,41.82786],[-113.13286,41.81403],[-113.12825,41.8042],[-113.12803,41.79535],[-113.12026,41.78294],[-113.11435,41.76361],[-113.10935,41.75814],[-113.10648,41.7466],[-113.07853,41.75882],[-113.06738,41.76116],[-113.04195,41.77068],[-113.03049,41.76852],[-113.01544,41.76207],[-113.0019,41.76236],[-112.98518,41.75809],[-112.97514,41.75132],[-112.90899,41.73415],[-112.90436,41.73219],[-112.85886,41.70582],[-112.85011,41.6986],[-112.84963,41.69479],[-112.832,41.68505],[-112.82661,41.62494],[-112.82658,41.61829],[-112.82379,41.60283],[-112.82644,41.59161],[-112.82867,41.57544],[-112.81944,41.56423],[-112.79287,41.53847],[-112.79205,41.49937],[-112.74628,41.41911],[-112.62626,41.25857],[-112.62588,41.25639],[-112.60037,41.22256],[-112.52832,41.12516],[-112.50083,41.08607],[-112.49351,41.07689],[-112.36894,41.20392],[-112.23816,41.33655],[-112.13318,41.33687],[-112.13286,41.37686],[-112.22092,41.37687],[-112.24406,41.37442],[-112.25383,41.37197],[-112.28577,41.35656],[-112.30336,41.35387],[-112.31249,41.35681],[-112.31933,41.36439],[-112.33492,41.38645]]]},"properties":{"STATEFP":"49","COUNTYFP":"003","COUSUBFP":"91419","COUSUBNS":"01939378","GEOIDFQ":"0600000US4900391419","GEOID":"4900391419","NAME":"Howell-Snowville","NAMELSAD":"Howell-Snowville CCD","STUSPS":"UT","NAMELSADCO":"Box Elder County","STATE_NAME":"Utah","LSAD":"22","ALAND":3680910713,"AWATER":737609401}},
{"type":"Feature","geometry":{"type":"Polygon","coordinates":[[[-110.89165,39.89965],[-110.85765,39.89971],[-110.85777,39.87041],[-110.84931,39.87317],[-110.84096,39.8703],[-110.82513,39.87496],[-110.81582,39.87246],[-110.8061,39.87495],[-110.80453,39.87781],[-110.7883,39.87832],[-110.78376,39.88069],[-110.77729,39.87735],[-110.75865,39.88121],[-110.75242,39.88129],[-110.74569,39.88567],[-110.72565,39.88279],[-110.71288,39.88897],[-110.70296,39.89134],[-110.69313,39.89157],[-110.67934,39.89967],[-110.66188,39.89902],[-110.64825,39.9127],[-110.64581,39.91317],[-110.63769,39.90308],[-110.62797,39.90245],[-110.61985,39.90011],[-110.59493,39.89966],[-110.58689,39.89629],[-110.5765,39.8957],[-110.56614,39.89216],[-110.56259,39.89357],[-110.55343,39.89136],[-110.52504,39.8916],[-110.52206,39.893],[-110.50761,39.88834],[-110.49042,39.89452],[-110.48266,39.89485],[-110.46563,39.90176],[-110.44156,39.88954],[-110.43985,39.88407],[-110.41883,39.88105],[-110.39817,39.86956],[-110.34781,39.87127],[-110.33053,39.87584],[-110.31919,39.89228],[-110.3214,39.90113],[-110.29524,39.92985],[-110.27893,39.93476],[-110.2397,39.9394],[-110.23082,39.94573],[-110.22634,39.99995],[-110.22526,40.02532],[-110.19485,40.09325],[-110.18689,40.09492],[-110.18825,40.09686],[-110.22135,40.10327],[-110.22593,40.10816],[-110.23848,40.11192],[-110.24137,40.11662],[-110.24136,40.12409],[-110.23338,40.13358],[-110.21853,40.14298],[-110.21882,40.15579],[-110.23439,40.16278],[-110.22001,40.16664],[-110.21608,40.17006],[-110.21819,40.17952],[-110.22522,40.17849],[-110.23063,40.18137],[-110.23755,40.17746],[-110.24511,40.17686],[-110.2504,40.18084],[-110.31727,40.2139],[-110.34871,40.21321],[-110.38922,40.21308],[-110.38923,40.23744],[-110.3869,40.24785],[-110.39588,40.24957],[-110.42242,40.2702],[-110.43974,40.27083],[-110.44141,40.27822],[-110.46651,40.28754],[-110.48121,40.28919],[-110.49042,40.29389],[-110.48865,40.30231],[-110.49314,40.31258],[-110.5033,40.31754],[-110.50532,40.32898],[-110.50605,40.34618],[-110.50529,40.36092],[-110.50921,40.37316],[-110.51771,40.38013],[-110.51952,40.38705],[-110.51541,40.39093],[-110.51377,40.40191],[-110.51701,40.41381],[-110.5135,40.42045],[-110.51742,40.42339],[-110.52566,40.42454],[-110.53269,40.42792],[-110.53722,40.43323],[-110.53282,40.44379],[-110.53444,40.45293],[-110.51002,40.46587],[-110.51962,40.4745],[-110.52364,40.47457],[-110.52404,40.48881],[-110.5435,40.48911],[-110.54323,40.50435],[-110.58114,40.50364],[-110.58015,40.49995],[-110.58063,40.47479],[-110.74642,40.47436],[-110.75079,40.4748],[-110.87536,40.47449],[-110.90287,40.47462],[-110.90293,40.43129],[-110.8966,40.43129],[-110.89669,40.29944],[-110.89627,40.08238],[-110.89179,40.0824],[-110.89165,39.89965]]]},"properties":{"STATEFP":"49","COUNTYFP":"013","COUSUBFP":"90559","COUSUBNS":"01939358","GEOIDFQ":"0600000US4901390559","GEOID":"4901390559","NAME":"Duchesne","NAMELSAD":"Duchesne CCD","STUSPS":"UT","NAMELSADCO":"Duchesne County","STATE_NAME":"Utah","LSAD":"22","ALAND":3038713205,"AWATER":11864245}},
{"type":"Feature","geometry":{"type":"Polygon","coordinates":[[[-110.90287,40.47462],[-110.87536,40.47449],[-110.75079,40.4748],[-110.74642,40.47436],[-110.58063,40.47479],[-110.58015,40.49995],[-110.58114,40.50364],[-110.54323,40.50435],[-110.5435,40.48911],[-110.52404,40.48881],[-110.52364,40.47457],[-110.51962,40.4745],[-110.50501,40.47447],[-110.50394,40.49985],[-110.50432,40.51632],[-110.49721,40.51828],[-110.34415,40.5188],[-110.32616,40.51871],[-110.22186,40.51934],[-110.22008,40.60649],[-110.12571,40.60568],[-110.12499,40.59169],[-110.0672,40.59154],[-110.06636,40.56279],[-110.04938,40.5627],[-110.04963,40.54847],[-109.97649,40.54834],[-109.9764,40.80969],[-109.98786,40.80762],[-109.99353,40.81513],[-110.00071,40.81368],[-110.01602,40.8145],[-110.02076,40.81875],[-110.0272,40.8203],[-110.03685,40.81831],[-110.0427,40.82067],[-110.05203,40.81229],[-110.06441,40.81421],[-110.07557,40.81004],[-110.08834,40.81106],[-110.10262,40.8079],[-110.11155,40.81151],[-110.11918,40.81102],[-110.12651,40.81494],[-110.13782,40.81091],[-110.14633,40.81353],[-110.14829,40.81733],[-110.15879,40.82102],[-110.16728,40.81988],[-110.17113,40.81676],[-110.18245,40.82016],[-110.18804,40.8244],[-110.20266,40.8218],[-110.21049,40.82623],[-110.2213,40.82557],[-110.22939,40.83081],[-110.2382,40.82819],[-110.248,40.83269],[-110.26097,40.83482],[-110.2711,40.83271],[-110.28252,40.82812],[-110.2891,40.82839],[-110.29673,40.83265],[-110.30142,40.82639],[-110.32743,40.81948],[-110.34248,40.82345],[-110.35112,40.81575],[-110.34885,40.80905],[-110.35517,40.80009],[-110.36677,40.79253],[-110.37896,40.78718],[-110.39648,40.78741],[-110.40459,40.78433],[-110.411,40.7843],[-110.42397,40.7919],[-110.42717,40.78917],[-110.43231,40.77851],[-110.4377,40.77778],[-110.4458,40.78113],[-110.46083,40.78001],[-110.46161,40.77609],[-110.47262,40.77185],[-110.48097,40.77501],[-110.48711,40.78029],[-110.49781,40.76865],[-110.52351,40.7615],[-110.5266,40.76256],[-110.53352,40.77108],[-110.54703,40.77373],[-110.55249,40.76419],[-110.56202,40.7579],[-110.57589,40.75648],[-110.58318,40.76272],[-110.58883,40.76189],[-110.59931,40.75699],[-110.60738,40.75858],[-110.62547,40.76953],[-110.63374,40.76543],[-110.64215,40.75483],[-110.64651,40.75344],[-110.64759,40.74804],[-110.65648,40.74027],[-110.66471,40.74198],[-110.67577,40.739],[-110.69053,40.74152],[-110.6961,40.74647],[-110.71168,40.75271],[-110.72166,40.74547],[-110.73382,40.74682],[-110.743,40.74473],[-110.75056,40.74756],[-110.75667,40.74299],[-110.76635,40.74139],[-110.76522,40.73703],[-110.77461,40.73136],[-110.78322,40.73096],[-110.79374,40.71902],[-110.80671,40.71157],[-110.82341,40.71048],[-110.83181,40.71802],[-110.83937,40.71999],[-110.84748,40.72527],[-110.85436,40.72219],[-110.86255,40.72162],[-110.87526,40.72832],[-110.89239,40.72696],[-110.89445,40.72357],[-110.88515,40.71633],[-110.89582,40.71322],[-110.903,40.70637],[-110.905,40.69463],[-110.90178,40.68858],[-110.90195,40.68219],[-110.90197,40.67816],[-110.90287,40.47462]]]},"properties":{"STATEFP":"49","COUNTYFP":"013","COUSUBFP":"92279","COUSUBNS":"01939398","GEOIDFQ":"0600000US4901392279","GEOID":"4901392279","NAME":"North Duchesne","NAMELSAD":"North Duchesne CCD","STUSPS":"UT","NAMELSADCO":"Duchesne County","STATE_NAME":"Utah","LSAD":"22","ALAND":2263990629,"AWATER":20984564}},
{"type":"Feature","geometry":{"type":"Polygon","coordinates":[[[-111.29877,38.78918],[-111.29843,38.7518],[-111.29906,38.7448],[-111.29914,38.67233],[-111.30701,38.67233],[-111.30698,38.58565],[-111.30547,38.58565],[-111.30566,38.51017],[-111.3057,38.5],[-111.24959,38.49998],[-110.83342,38.49998],[-110.8421,38.5009],[-110.85538,38.50747],[-110.86782,38.50932],[-110.87197,38.51434],[-110.88077,38.51565],[-110.88883,38.52183],[-110.88924,38.52884],[-110.90317,38.53278],[-110.91057,38.53059],[-110.92447,38.53228],[-110.92818,38.53115],[-110.9309,38.53868],[-110.93655,38.53702],[-110.93701,38.54433],[-110.93976,38.54789],[-110.95063,38.5467],[-110.95378,38.54874],[-110.94974,38.5588],[-110.95653,38.56501],[-110.96395,38.57457],[-110.96541,38.58047],[-110.96221,38.58295],[-110.96899,38.59044],[-110.96935,38.60097],[-110.9712,38.60708],[-110.96742,38.61624],[-110.97442,38.61899],[-110.97363,38.62683],[-110.97997,38.63066],[-110.97705,38.6353],[-110.98542,38.64512],[-110.98256,38.65215],[-110.98816,38.65823],[-110.98985,38.66767],[-110.99613,38.67026],[-110.99611,38.67651],[-111.00085,38.67918],[-111.00155,38.68435],[-110.9979,38.68876],[-111.00347,38.69729],[-111.01217,38.69516],[-111.01434,38.69887],[-111.03805,38.69697],[-111.03912,38.69143],[-111.05005,38.69366],[-111.0642,38.70679],[-111.06846,38.71258],[-111.07624,38.71886],[-111.08422,38.71842],[-111.08411,38.73142],[-111.08993,38.73134],[-111.08603,38.74058],[-111.10031,38.74789],[-111.10188,38.76171],[-111.1071,38.76483],[-111.10752,38.76936],[-111.11454,38.7738],[-111.11658,38.77766],[-111.11003,38.78116],[-111.10595,38.78807],[-111.09744,38.79345],[-111.10175,38.7972],[-111.09228,38.80735],[-111.08782,38.81562],[-111.08543,38.82461],[-111.07102,38.82341],[-111.07171,38.83574],[-111.06587,38.83789],[-111.06118,38.84461],[-111.05344,38.84873],[-111.04725,38.86867],[-111.03735,38.87601],[-111.02166,38.88334],[-111.00958,38.89368],[-111.01008,38.90055],[-111.01981,38.90326],[-111.01174,38.91602],[-110.99664,38.9218],[-110.99005,38.93052],[-110.98648,38.94128],[-110.99165,38.94585],[-110.99479,38.95449],[-110.99248,38.96009],[-110.9709,38.97306],[-110.96178,38.98205],[-110.9626,38.98888],[-110.94861,39.0028],[-110.94487,39.0041],[-110.94088,39.01145],[-110.93396,39.0121],[-110.92498,39.02117],[-110.9266,39.02773],[-110.92108,39.03162],[-110.91638,39.03996],[-110.91782,39.0497],[-110.91177,39.05327],[-110.90183,39.05399],[-110.8999,39.04946],[-110.89397,39.04735],[-110.88384,39.04841],[-110.87882,39.05387],[-110.86433,39.05685],[-110.85843,39.04964],[-110.85202,39.05431],[-110.84267,39.0648],[-110.84382,39.06984],[-110.83504,39.06948],[-110.82905,39.07248],[-110.82683,39.07842],[-110.81979,39.08375],[-110.81143,39.08729],[-110.82331,39.09277],[-110.82926,39.10464],[-110.83947,39.10925],[-110.83953,39.11241],[-110.85213,39.11506],[-110.87546,39.12269],[-110.88299,39.1274],[-110.89076,39.13645],[-110.89799,39.14134],[-110.90652,39.1509],[-110.91025,39.15084],[-110.91511,39.15658],[-110.94345,39.16604],[-110.956,39.16844],[-110.96101,39.16457],[-110.96657,39.16602],[-110.9742,39.17167],[-110.98829,39.17322],[-111.00782,39.16824],[-111.03031,39.16581],[-111.03643,39.16068],[-111.04761,39.16024],[-111.05006,39.15642],[-111.06756,39.15809],[-111.1048,39.14907],[-111.11052,39.1548],[-111.12267,39.15463],[-111.14274,39.15956],[-111.16068,39.1687],[-111.16803,39.17508],[-111.17674,39.17452],[-111.18284,39.18049],[-111.1967,39.18276],[-111.20702,39.18789],[-111.2203,39.19268],[-111.22964,39.1935],[-111.23513,39.19119],[-111.24185,39.18517],[-111.2543,39.18085],[-111.26035,39.18439],[-111.26065,39.1916],[-111.26642,39.19742],[-111.27411,39.20145],[-111.28143,39.20022],[-111.28756,39.20354],[-111.29421,39.21192],[-111.29964,39.21126],[-111.29976,39.11782],[-111.29936,39.11782],[-111.29936,39.03231],[-111.2982,39.01782],[-111.29877,38.78918]]]},"properties":{"STATEFP":"49","COUNTYFP":"015","COUSUBFP":"90731","COUSUBNS":"01939362","GEOIDFQ":"0600000US4901590731","GEOID":"4901590731","NAME":"Emery-Ferron","NAMELSAD":"Emery-Ferron CCD","STUSPS":"UT","NAMELSADCO":"Emery County","STATE_NAME":"Utah","LSAD":"22","ALAND":2088068237,"AWATER":2191148}},
{"type":"Feature","geometry":{"type":"MultiPolygon","coordinates":[[[[-109.05136,39.4977],[-109.05725,39.49981],[-109.06875,39.49559],[-109.07321,39.49761],[-109.07675,39.48919],[-109.08732,39.49233],[-109.08978,39.48503],[-109.09609,39.47886],[-109.09604,39.47123],[-109.1043,39.46937],[-109.10691,39.4621],[-109.0512,39.46195],[-109.05136,39.4977]]],[[[-110.02397,39.46927],[-110.02172,39.45981],[-110.01586,39.45625],[-110.02357,39.44542],[-110.02083,39.42795],[-110.02354,39.42318],[-110.01547,39.42079],[-110.01097,39.41695],[-110.01004,39.41006],[-110.01829,39.40004],[-110.02095,39.38989],[-110.01709,39.38507],[-110.01882,39.37889],[-110.02569,39.3767],[-110.02444,39.37005],[-110.01865,39.36271],[-110.02382,39.35819],[-110.0229,39.35152],[-110.03181,39.35106],[-110.0347,39.34757],[-110.03683,39.33781],[-110.0459,39.33091],[-110.04765,39.32639],[-110.05937,39.32578],[-110.05568,39.31871],[-110.06212,39.31176],[-110.06003,39.30744],[-110.05411,39.30801],[-110.04948,39.30478],[-110.05251,39.29917],[-110.06711,39.29394],[-110.07321,39.28835],[-110.07316,39.28261],[-110.07756,39.27686],[-110.0744,39.27146],[-110.0615,39.26593],[-110.06042,39.25704],[-110.06269,39.2522],[-110.05455,39.25419],[-110.04562,39.24542],[-110.02994,39.2463],[-110.0221,39.24307],[-110.01691,39.25177],[-110.01198,39.25518],[-110.0022,39.25773],[-109.99448,39.25563],[-109.97902,39.25707],[-109.96604,39.25956],[-109.96226,39.25659],[-109.95241,39.25536],[-109.94677,39.25244],[-109.91872,39.25843],[-109.90307,39.26272],[-109.89733,39.26798],[-109.88724,39.27103],[-109.87405,39.27206],[-109.86643,39.26956],[-109.85953,39.27226],[-109.84611,39.27084],[-109.8386,39.26526],[-109.83775,39.25667],[-109.84767,39.25066],[-109.84045,39.2468],[-109.83201,39.24694],[-109.82968,39.25255],[-109.82389,39.25201],[-109.82394,39.24007],[-109.80896,39.23964],[-109.80763,39.23616],[-109.80967,39.22802],[-109.81551,39.22333],[-109.80614,39.21958],[-109.8051,39.21016],[-109.7994,39.2065],[-109.78737,39.20454],[-109.78312,39.20054],[-109.78426,39.1922],[-109.77048,39.19199],[-109.76363,39.1899],[-109.75982,39.15242],[-109.75995,39.14678],[-109.74904,39.14854],[-109.70706,39.14964],[-109.70723,39.16447],[-109.71325,39.16442],[-109.71336,39.19272],[-109.71785,39.1933],[-109.71794,39.20031],[-109.73287,39.207],[-109.73031,39.21967],[-109.72663,39.22079],[-109.72214,39.23317],[-109.72667,39.2357],[-109.72655,39.24264],[-109.73658,39.24272],[-109.73702,39.24995],[-109.72656,39.26162],[-109.71977,39.26672],[-109.71398,39.27404],[-109.70776,39.28668],[-109.70754,39.30729],[-109.69002,39.30713],[-109.68993,39.32149],[-109.68054,39.32142],[-109.68035,39.33628],[-109.67096,39.33621],[-109.67101,39.34361],[-109.6535,39.34343],[-109.65347,39.36445],[-109.64466,39.3643],[-109.64549,39.4014],[-109.63613,39.40151],[-109.63586,39.40861],[-109.62602,39.40877],[-109.62644,39.4411],[-109.61705,39.44104],[-109.61682,39.43737],[-109.60745,39.43744],[-109.60774,39.46228],[-109.95335,39.4618],[-109.95335,39.46927],[-110.02396,39.46927],[-110.02397,39.46927]]]]},"properties":{"STATEFP":"49","COUNTYFP":"019","COUSUBFP":"93526","COUSUBNS":"01939426","GEOIDFQ":"0600000US4901993526","GEOID":"4901993526","NAME":"Uintah and Ouray","NAMELSAD":"Uintah and Ouray CCD","STUSPS":"UT","NAMELSADCO":"Grand County","STATE_NAME":"Utah","LSAD":"22","ALAND":821438293,"AWATER":1694524}},
{"type":"Feature","geometry":{"type":"Polygon","coordinates":[[[-112.13729,39.3294],[-112.07211,39.3297],[-112.07222,39.31492],[-112.05342,39.31448],[-112.016,39.31456],[-112.01581,39.33686],[-111.9581,39.33677],[-111.95877,39.36613],[-111.9217,39.36686],[-111.92239,39.38159],[-111.89955,39.38132],[-111.74704,39.38275],[-111.74759,39.43746],[-111.74774,39.46008],[-111.71314,39.4603],[-111.71325,39.5482],[-111.71571,39.5482],[-111.71518,39.63698],[-111.71725,39.63698],[-111.71748,39.69456],[-111.68948,39.69523],[-111.6896,39.71036],[-111.68027,39.7102],[-111.68036,39.71746],[-111.66136,39.71766],[-111.66135,39.72506],[-111.64262,39.72516],[-111.64252,39.73969],[-111.58475,39.74014],[-111.58486,39.78424],[-111.62251,39.78382],[-111.62212,39.79848],[-111.64206,39.79831],[-111.64194,39.81287],[-111.67625,39.81248],[-111.75466,39.81227],[-111.7664,39.81077],[-111.76399,39.81678],[-111.75571,39.82773],[-111.74873,39.83321],[-111.7501,39.84078],[-111.74646,39.85012],[-111.73762,39.85139],[-111.73415,39.85417],[-111.73806,39.86418],[-111.75735,39.87595],[-111.761,39.88389],[-111.75789,39.89041],[-111.76866,39.89832],[-111.7778,39.89925],[-111.78702,39.90926],[-111.78626,39.92136],[-111.79404,39.93068],[-111.80537,39.9348],[-111.80895,39.9387],[-111.8169,39.94225],[-111.82392,39.9477],[-111.82711,39.947],[-111.83271,39.93669],[-111.83306,39.92466],[-111.84477,39.92215],[-111.85074,39.91625],[-111.85899,39.91474],[-111.85849,39.91037],[-111.86596,39.90588],[-111.88155,39.9074],[-111.88986,39.90182],[-111.89113,39.89835],[-111.90035,39.8987],[-111.90946,39.89457],[-111.91533,39.88365],[-111.92106,39.88015],[-111.92168,39.87448],[-111.92788,39.86516],[-111.93812,39.85739],[-111.93709,39.85537],[-111.94828,39.84899],[-111.95066,39.8343],[-111.9577,39.83671],[-111.96482,39.82505],[-111.96271,39.81596],[-111.96947,39.80711],[-111.97575,39.80705],[-111.98987,39.81126],[-111.99075,39.80492],[-112.00341,39.7971],[-112.01584,39.79198],[-112.0262,39.78269],[-112.03183,39.78117],[-112.03753,39.7833],[-112.04442,39.78151],[-112.04718,39.77685],[-112.05569,39.77731],[-112.06363,39.78192],[-112.0685,39.77735],[-112.07868,39.77884],[-112.0805,39.78128],[-112.08984,39.78193],[-112.08726,39.79063],[-112.07676,39.80013],[-112.07998,39.80196],[-112.07719,39.80983],[-112.07271,39.81214],[-112.06932,39.8224],[-112.10236,39.81399],[-112.11192,39.81065],[-112.12074,39.80953],[-112.12825,39.81417],[-112.13757,39.81173],[-112.14276,39.81293],[-112.14541,39.79993],[-112.15316,39.77827],[-112.16137,39.76995],[-112.17638,39.76122],[-112.18003,39.7574],[-112.20111,39.71652],[-112.21131,39.70616],[-112.25865,39.67615],[-112.30087,39.64617],[-112.3026,39.64401],[-112.32984,39.59132],[-112.35447,39.55368],[-112.21204,39.55399],[-112.21203,39.54773],[-112.20267,39.54043],[-112.19329,39.54045],[-112.19324,39.52602],[-112.21197,39.52604],[-112.21196,39.51158],[-112.20728,39.51157],[-112.2073,39.50433],[-112.20263,39.50432],[-112.20263,39.48986],[-112.19328,39.48983],[-112.1936,39.37309],[-112.18891,39.37309],[-112.18892,39.32939],[-112.13729,39.3294]]]},"properties":{"STATEFP":"49","COUNTYFP":"023","COUSUBFP":"92193","COUSUBNS":"01939396","GEOIDFQ":"0600000US4902392193","GEOID":"4902392193","NAME":"Nephi","NAMELSAD":"Nephi CCD","STUSPS":"UT","NAMELSADCO":"Juab County","STATE_NAME":"Utah","LSAD":"22","ALAND":2438628727,"AWATER":18714604}},
{"type":"Feature","geometry":{"type":"Polygon","coordinates":[[[-112.51539,38.57285],[-112.51842,38.5677],[-112.51541,38.55644],[-112.51763,38.5462],[-112.51582,38.5417],[-112.5158,38.53062],[-112.51787,38.52482],[-112.52254,38.52134],[-112.51849,38.51041],[-112.2884,38.51135],[-112.06215,38.51048],[-112.06196,38.50209],[-111.97927,38.50191],[-111.97134,38.51223],[-111.96983,38.51753],[-111.97125,38.52452],[-111.96863,38.52682],[-111.96314,38.53827],[-111.96463,38.54155],[-111.97852,38.55697],[-111.97851,38.56044],[-111.96983,38.56448],[-111.96063,38.56296],[-111.94987,38.56849],[-111.95316,38.57441],[-111.9478,38.57612],[-111.94447,38.58145],[-111.94787,38.5864],[-111.93962,38.59128],[-111.93877,38.59661],[-111.94517,38.5967],[-111.95406,38.60688],[-111.96242,38.60875],[-111.96787,38.61252],[-111.96932,38.61934],[-111.97514,38.6196],[-111.98052,38.62585],[-111.98665,38.62411],[-111.99289,38.6179],[-111.99686,38.6169],[-112.02965,38.63206],[-112.03207,38.63707],[-112.04227,38.64556],[-112.04426,38.65469],[-112.05797,38.66056],[-112.06616,38.66886],[-112.07007,38.6753],[-112.08203,38.68928],[-112.08784,38.69134],[-112.10661,38.67988],[-112.11123,38.68183],[-112.11727,38.67686],[-112.12127,38.67737],[-112.12168,38.68847],[-112.11407,38.69514],[-112.11383,38.70243],[-112.12939,38.7023],[-112.12732,38.71555],[-112.13176,38.721],[-112.1373,38.71024],[-112.14811,38.71286],[-112.14945,38.72058],[-112.15617,38.73305],[-112.1541,38.73461],[-112.15291,38.7451],[-112.16505,38.74909],[-112.1708,38.75246],[-112.17707,38.75057],[-112.19111,38.75483],[-112.2107,38.75476],[-112.21912,38.75125],[-112.21808,38.74899],[-112.21836,38.72736],[-112.23664,38.7271],[-112.23672,38.71986],[-112.24136,38.71979],[-112.24147,38.71252],[-112.25536,38.71231],[-112.25544,38.70505],[-112.2733,38.705],[-112.27325,38.70135],[-112.28235,38.70153],[-112.28226,38.68687],[-112.29132,38.68696],[-112.29133,38.6833],[-112.30994,38.68341],[-112.30995,38.67629],[-112.34718,38.67626],[-112.35664,38.67674],[-112.35654,38.68386],[-112.38424,38.68331],[-112.40118,38.68097],[-112.44752,38.68127],[-112.44767,38.67392],[-112.466,38.67392],[-112.46616,38.65927],[-112.47534,38.65926],[-112.47518,38.64468],[-112.48444,38.64465],[-112.48479,38.60063],[-112.50307,38.60057],[-112.50315,38.57138],[-112.51539,38.57285]]]},"properties":{"STATEFP":"49","COUNTYFP":"041","COUSUBFP":"91978","COUSUBNS":"01939391","GEOIDFQ":"0600000US4904191978","GEOID":"4904191978","NAME":"Monroe","NAMELSAD":"Monroe CCD","STUSPS":"UT","NAMELSADCO":"Sevier County","STATE_NAME":"Utah","LSAD":"22","ALAND":912947453,"AWATER":610874}},
{"type":"Feature","geometry":{"type":"Polygon","coordinates":[[[-111.29877,38.78918],[-111.30611,38.7828],[-111.34355,38.7677],[-111.35862,38.76417],[-111.38355,38.75616],[-111.39319,38.75553],[-111.40734,38.75797],[-111.43389,38.75726],[-111.44193,38.75635],[-111.46219,38.76271],[-111.46883,38.7664],[-111.47425,38.77334],[-111.48788,38.78248],[-111.49682,38.78496],[-111.51604,38.80134],[-111.5277,38.805],[-111.53557,38.81168],[-111.53937,38.82454],[-111.53767,38.83961],[-111.54181,38.85025],[-111.54749,38.85297],[-111.55176,38.85821],[-111.55168,38.86673],[-111.55669,38.87685],[-111.57175,38.88157],[-111.59287,38.8823],[-111.60852,38.88726],[-111.61577,38.8916],[-111.62785,38.89591],[-111.63327,38.90291],[-111.63774,38.90544],[-111.64311,38.90338],[-111.64675,38.89803],[-111.65399,38.8979],[-111.67317,38.90306],[-111.68684,38.90403],[-111.70236,38.90956],[-111.70967,38.91004],[-111.72079,38.91554],[-111.74,38.91653],[-111.74077,38.91197],[-111.73817,38.90426],[-111.73853,38.89305],[-111.7369,38.88615],[-111.73954,38.88362],[-111.73903,38.87496],[-111.74687,38.8633],[-111.75518,38.87181],[-111.76252,38.87375],[-111.78546,38.88638],[-111.79627,38.89036],[-111.79906,38.89466],[-111.80749,38.89169],[-111.81071,38.88248],[-111.8167,38.8751],[-111.82536,38.86934],[-111.82979,38.86089],[-111.84059,38.85231],[-111.85192,38.84934],[-111.85983,38.84233],[-111.86655,38.84744],[-111.87181,38.85611],[-111.86788,38.86756],[-111.85969,38.88184],[-111.86727,38.8944],[-111.87222,38.89929],[-111.88004,38.91104],[-111.88453,38.9146],[-111.89834,38.9071],[-111.90408,38.90147],[-111.90842,38.89037],[-111.92763,38.88001],[-111.95249,38.87864],[-111.96999,38.87227],[-111.98461,38.86042],[-111.99112,38.863],[-112.00588,38.87486],[-112.02442,38.88581],[-112.03331,38.89244],[-112.04384,38.89164],[-112.05321,38.89483],[-112.05649,38.89989],[-112.06156,38.90157],[-112.07758,38.91199],[-112.07925,38.91526],[-112.08849,38.92008],[-112.09983,38.92331],[-112.11325,38.92559],[-112.12469,38.92933],[-112.13403,38.93545],[-112.15193,38.93547],[-112.15051,38.92006],[-112.15076,38.90651],[-112.16935,38.90613],[-112.16946,38.8921],[-112.17155,38.87862],[-112.18847,38.87945],[-112.18854,38.86479],[-112.22446,38.8648],[-112.22464,38.83751],[-112.22844,38.83751],[-112.22838,38.76399],[-112.21912,38.76399],[-112.21912,38.75125],[-112.2107,38.75476],[-112.19111,38.75483],[-112.17707,38.75057],[-112.1708,38.75246],[-112.16505,38.74909],[-112.15291,38.7451],[-112.1541,38.73461],[-112.15617,38.73305],[-112.14945,38.72058],[-112.14811,38.71286],[-112.1373,38.71024],[-112.13176,38.721],[-112.12732,38.71555],[-112.12939,38.7023],[-112.11383,38.70243],[-112.11407,38.69514],[-112.12168,38.68847],[-112.12127,38.67737],[-112.11727,38.67686],[-112.11123,38.68183],[-112.10661,38.67988],[-112.08784,38.69134],[-112.08203,38.68928],[-112.07007,38.6753],[-112.06616,38.66886],[-112.05797,38.66056],[-112.04426,38.65469],[-112.04227,38.64556],[-112.03207,38.63707],[-112.02965,38.63206],[-111.99686,38.6169],[-111.99289,38.6179],[-111.98665,38.62411],[-111.98052,38.62585],[-111.97514,38.6196],[-111.96932,38.61934],[-111.96787,38.61252],[-111.96242,38.60875],[-111.95406,38.60688],[-111.94517,38.5967],[-111.93877,38.59661],[-111.93962,38.59128],[-111.94787,38.5864],[-111.94447,38.58145],[-111.9478,38.57612],[-111.95316,38.57441],[-111.94987,38.56849],[-111.96063,38.56296],[-111.96983,38.56448],[-111.97851,38.56044],[-111.97852,38.55697],[-111.96463,38.54155],[-111.96314,38.53827],[-111.96863,38.52682],[-111.97125,38.52452],[-111.96983,38.51753],[-111.97134,38.51223],[-111.97927,38.50191],[-111.87667,38.50224],[-111.76639,38.50224],[-111.7563,38.51015],[-111.47335,38.5101],[-111.30566,38.51017],[-111.30547,38.58565],[-111.30698,38.58565],[-111.30701,38.67233],[-111.29914,38.67233],[-111.29906,38.7448],[-111.29843,38.7518],[-111.29877,38.78918]]]},"properties":{"STATEFP":"49","COUNTYFP":"041","COUSUBFP":"92838","COUSUBNS":"01939411","GEOIDFQ":"0600000US4904192838","GEOID":"4904192838","NAME":"Richfield","NAMELSAD":"Richfield CCD","STUSPS":"UT","NAMELSADCO":"Sevier County","STATE_NAME":"Utah","LSAD":"22","ALAND":2660083585,"AWATER":19031408}},
{"type":"Feature","geometry":{"type":"Polygon","coordinates":[[[-112.20948,40.43307],[-112.21418,40.45231],[-112.21222,40.45928],[-112.19569,40.46226],[-112.19027,40.46852],[-112.17286,40.46707],[-112.17157,40.47118],[-112.17814,40.48207],[-112.17702,40.48538],[-112.18102,40.49183],[-112.17972,40.50222],[-112.18754,40.5141],[-112.17876,40.52202],[-112.17919,40.53161],[-112.18274,40.53856],[-112.17831,40.55642],[-112.18291,40.56219],[-112.18038,40.57735],[-112.18147,40.58038],[-112.17494,40.5854],[-112.17637,40.5972],[-112.17534,40.60398],[-112.18171,40.61206],[-112.18845,40.61418],[-112.19767,40.62546],[-112.19415,40.63561],[-112.20212,40.65214],[-112.20148,40.67118],[-112.20418,40.68339],[-112.19864,40.69319],[-112.19878,40.69752],[-112.20331,40.70914],[-112.20768,40.71572],[-112.21653,40.71791],[-112.22745,40.72531],[-112.26022,40.76909],[-112.49351,41.07689],[-112.66359,41.03428],[-112.66663,41.02391],[-112.67677,41.01024],[-112.6825,40.99994],[-112.69455,40.99477],[-112.70457,40.98463],[-112.70631,40.97185],[-112.70243,40.9613],[-112.67983,40.94815],[-112.67471,40.94331],[-112.6418,40.92505],[-112.63346,40.9181],[-112.61646,40.87494],[-112.60034,40.84133],[-112.64667,40.80046],[-112.63683,40.79085],[-112.62297,40.77269],[-112.62059,40.76377],[-112.62061,40.74628],[-112.62235,40.73957],[-112.63555,40.74397],[-112.65292,40.7456],[-112.65344,40.74399],[-112.63933,40.73627],[-112.63895,40.7326],[-112.63173,40.72762],[-112.63361,40.71947],[-112.63105,40.71086],[-112.62826,40.68503],[-112.63091,40.67773],[-112.6263,40.66498],[-112.62614,40.65886],[-112.61206,40.64924],[-112.60729,40.64302],[-112.60137,40.64116],[-112.6037,40.63534],[-112.60582,40.61863],[-112.61315,40.61025],[-112.61582,40.59889],[-112.62212,40.59088],[-112.6203,40.58448],[-112.6104,40.58143],[-112.6152,40.57012],[-112.62138,40.5627],[-112.61921,40.55476],[-112.62397,40.54791],[-112.62294,40.53882],[-112.62795,40.52812],[-112.62541,40.51698],[-112.63198,40.50153],[-112.6451,40.50121],[-112.64406,40.49688],[-112.6378,40.49239],[-112.63679,40.47806],[-112.63308,40.47248],[-112.62504,40.46688],[-112.62144,40.45611],[-112.61682,40.45155],[-112.6079,40.44869],[-112.60605,40.43185],[-112.60184,40.42669],[-112.59694,40.4246],[-112.57198,40.42481],[-112.5628,40.42039],[-112.51882,40.43486],[-112.50839,40.4434],[-112.49371,40.44795],[-112.47721,40.44875],[-112.46734,40.44566],[-112.46166,40.44188],[-112.45389,40.44124],[-112.4418,40.43564],[-112.43974,40.432],[-112.4265,40.432],[-112.40661,40.43463],[-112.38595,40.44599],[-112.38391,40.44523],[-112.38517,40.42935],[-112.3781,40.43113],[-112.36754,40.44314],[-112.35423,40.4297],[-112.3488,40.42689],[-112.3352,40.42746],[-112.32493,40.42985],[-112.31008,40.42715],[-112.30145,40.42995],[-112.2887,40.43028],[-112.26185,40.42569],[-112.25832,40.42814],[-112.23977,40.42908],[-112.23368,40.42687],[-112.20948,40.43307]]]},"properties":{"STATEFP":"49","COUNTYFP":"045","COUSUBFP":"93397","COUSUBNS":"01939423","GEOIDFQ":"0600000US4904593397","GEOID":"4904593397","NAME":"Tooele-Grantsville","NAMELSAD":"Tooele-Grantsville CCD","STUSPS":"UT","NAMELSADCO":"Tooele County","STATE_NAME":"Utah","LSAD":"22","ALAND":1555097137,"AWATER":541597337}},
{"type":"Feature","geometry":{"type":"Polygon","coordinates":[[[-111.26497,41.14404],[-111.23776,41.17038],[-111.2331,41.17766],[-111.23615,41.18199],[-111.22567,41.19126],[-111.23046,41.19499],[-111.23089,41.20375],[-111.22148,41.21272],[-111.22208,41.2153],[-111.23365,41.21827],[-111.24278,41.21535],[-111.25231,41.21468],[-111.25647,41.21783],[-111.25311,41.22268],[-111.25411,41.22906],[-111.28169,41.22516],[-111.28272,41.22825],[-111.26943,41.23726],[-111.27719,41.24491],[-111.27664,41.25687],[-111.28091,41.2614],[-111.27425,41.26439],[-111.27728,41.27738],[-111.27004,41.2835],[-111.26143,41.28694],[-111.25945,41.2908],[-111.2618,41.29668],[-111.28602,41.30561],[-111.29458,41.31281],[-111.29536,41.33043],[-111.30533,41.33367],[-111.31879,41.34383],[-111.3271,41.34549],[-111.32711,41.35325],[-111.33194,41.35747],[-111.34023,41.35546],[-111.35355,41.36282],[-111.36715,41.36166],[-111.36787,41.36529],[-111.38415,41.37396],[-111.39613,41.37331],[-111.40407,41.36876],[-111.40476,41.36217],[-111.42073,41.36131],[-111.42401,41.35634],[-111.42408,41.34675],[-111.42933,41.3415],[-111.43436,41.34226],[-111.43798,41.33794],[-111.43659,41.33125],[-111.43768,41.32326],[-111.44312,41.32218],[-111.44941,41.31571],[-111.44411,41.30629],[-111.44282,41.29236],[-111.44647,41.28157],[-111.44512,41.27806],[-111.45807,41.27329],[-111.45814,41.26787],[-111.46646,41.26248],[-111.46443,41.25811],[-111.47112,41.25575],[-111.47169,41.25146],[-111.47818,41.25049],[-111.47756,41.2452],[-111.49461,41.24099],[-111.49153,41.23686],[-111.49681,41.23061],[-111.50606,41.23093],[-111.51198,41.22897],[-111.52266,41.23025],[-111.53676,41.23646],[-111.55414,41.23781],[-111.55961,41.24007],[-111.58404,41.23834],[-111.58882,41.24096],[-111.59639,41.23874],[-111.60896,41.22943],[-111.60659,41.22483],[-111.61171,41.20987],[-111.62276,41.20579],[-111.62496,41.19998],[-111.64036,41.19895],[-111.64766,41.19178],[-111.65864,41.18572],[-111.66661,41.18759],[-111.67268,41.18309],[-111.68476,41.18061],[-111.70586,41.18319],[-111.71655,41.18625],[-111.72152,41.19157],[-111.73713,41.20129],[-111.74552,41.20376],[-111.74598,41.21245],[-111.75468,41.21477],[-111.76168,41.20836],[-111.77448,41.21815],[-111.77892,41.21669],[-111.78971,41.21863],[-111.79359,41.21591],[-111.806,41.2159],[-111.81754,41.20475],[-111.82892,41.20483],[-111.83966,41.19939],[-111.85821,41.1976],[-111.86027,41.19388],[-111.87295,41.18777],[-111.86883,41.18106],[-111.8766,41.16974],[-111.87012,41.16077],[-111.85483,41.15472],[-111.85751,41.14829],[-111.85625,41.13908],[-111.85606,41.13862],[-111.84307,41.14014],[-111.83013,41.13825],[-111.82033,41.13923],[-111.79032,41.13677],[-111.78622,41.13584],[-111.76793,41.126],[-111.76421,41.11687],[-111.76043,41.11258],[-111.7487,41.1078],[-111.73319,41.08638],[-111.71155,41.06642],[-111.73125,41.06072],[-111.72514,41.04476],[-111.71795,41.03918],[-111.707,41.03429],[-111.69369,41.03075],[-111.69075,41.02551],[-111.6908,41.00406],[-111.68806,40.99516],[-111.68994,40.99155],[-111.68683,40.98451],[-111.67815,40.98109],[-111.67861,40.98704],[-111.66892,40.99443],[-111.64832,41.00175],[-111.62832,41.00237],[-111.61024,41.00594],[-111.60479,41.00253],[-111.59547,41.00102],[-111.58552,40.99638],[-111.57985,40.99591],[-111.56873,41.00288],[-111.55875,41.011],[-111.55338,41.02072],[-111.55731,41.02265],[-111.55507,41.0322],[-111.54676,41.03651],[-111.54105,41.04528],[-111.52364,41.05623],[-111.51185,41.05903],[-111.50751,41.06323],[-111.50026,41.06134],[-111.49463,41.06413],[-111.49054,41.06109],[-111.47208,41.06506],[-111.46741,41.07036],[-111.45446,41.07468],[-111.44651,41.08213],[-111.42406,41.08006],[-111.41728,41.07404],[-111.40633,41.07621],[-111.40029,41.0813],[-111.39225,41.0816],[-111.38949,41.08541],[-111.38065,41.08699],[-111.38163,41.09686],[-111.37852,41.0984],[-111.37769,41.10782],[-111.37048,41.1154],[-111.36868,41.12201],[-111.36429,41.12831],[-111.34378,41.12965],[-111.33239,41.1381],[-111.32412,41.13746],[-111.31846,41.13244],[-111.3102,41.13049],[-111.30162,41.13442],[-111.29059,41.1432],[-111.27467,41.14257],[-111.26497,41.14404]]]},"properties":{"STATEFP":"49","COUNTYFP":"029","COUSUBFP":"92064","COUSUBNS":"01939393","GEOIDFQ":"0600000US4902992064","GEOID":"4902992064","NAME":"Morgan North","NAMELSAD":"Morgan North CCD","STUSPS":"UT","NAMELSADCO":"Morgan County","STATE_NAME":"Utah","LSAD":"22","ALAND":1011224143,"AWATER":1632537}},
{"type":"Feature","geometry":{"type":"Polygon","coordinates":[[[-109.65203,38.49993],[-109.65806,38.50546],[-109.64886,38.51263],[-109.65108,38.524],[-109.65443,38.53154],[-109.65276,38.54134],[-109.64658,38.54487],[-109.64527,38.54938],[-109.65737,38.56135],[-109.65572,38.56872],[-109.64851,38.57614],[-109.63821,38.57789],[-109.63275,38.5687],[-109.63191,38.55796],[-109.63315,38.54688],[-109.63029,38.53613],[-109.6154,38.52909],[-109.60514,38.532],[-109.59608,38.54893],[-109.5852,38.55868],[-109.57794,38.57307],[-109.58729,38.58273],[-109.59348,38.59269],[-109.58804,38.60143],[-109.57834,38.60439],[-109.56568,38.602],[-109.56232,38.60276],[-109.5588,38.61288],[-109.55284,38.61372],[-109.54606,38.60876],[-109.53951,38.60855],[-109.5287,38.61701],[-109.513,38.6256],[-109.48323,38.63602],[-109.47791,38.64371],[-109.48352,38.6488],[-109.49986,38.64331],[-109.50607,38.64656],[-109.5071,38.65239],[-109.50135,38.66172],[-109.50019,38.66972],[-109.48013,38.68268],[-109.46041,38.68566],[-109.45405,38.68245],[-109.44791,38.68383],[-109.44143,38.68081],[-109.42232,38.68578],[-109.41259,38.69717],[-109.40072,38.70484],[-109.39492,38.70439],[-109.39251,38.71381],[-109.3796,38.7227],[-109.37395,38.72421],[-109.37159,38.72897],[-109.36041,38.73835],[-109.34365,38.74684],[-109.34045,38.75348],[-109.33164,38.75539],[-109.3227,38.76299],[-109.32251,38.76709],[-109.32982,38.77574],[-109.33513,38.78915],[-109.34143,38.79635],[-109.34116,38.80239],[-109.33496,38.80382],[-109.32988,38.7966],[-109.32609,38.79533],[-109.31377,38.7988],[-109.31599,38.80796],[-109.31009,38.81153],[-109.28755,38.81164],[-109.28199,38.81794],[-109.28199,38.82243],[-109.28597,38.83735],[-109.27967,38.847],[-109.28469,38.85453],[-109.27541,38.86262],[-109.27274,38.86816],[-109.25841,38.88394],[-109.25584,38.89306],[-109.24779,38.89435],[-109.24307,38.89871],[-109.2295,38.90236],[-109.23087,38.90575],[-109.24737,38.91092],[-109.24894,38.91591],[-109.24679,38.92166],[-109.2392,38.92684],[-109.22785,38.93171],[-109.22637,38.93786],[-109.23097,38.94336],[-109.23249,38.9512],[-109.24623,38.95374],[-109.25106,38.95671],[-109.25067,38.96915],[-109.24716,38.97329],[-109.23993,38.97519],[-109.22047,38.96914],[-109.20932,38.95934],[-109.19986,38.95979],[-109.18907,38.9658],[-109.18357,38.97164],[-109.17983,38.98006],[-109.17176,38.9834],[-109.16339,38.9831],[-109.16583,38.99018],[-109.16409,38.99482],[-109.14785,38.99396],[-109.13806,39.00175],[-109.13673,39.00618],[-109.14777,39.01304],[-109.14636,39.01524],[-109.13125,39.01364],[-109.12071,39.01021],[-109.11185,39.01054],[-109.09976,39.01756],[-109.09208,39.01559],[-109.08444,39.01858],[-109.0686,39.01871],[-109.06367,39.02467],[-109.05227,39.02233],[-109.05151,39.1261],[-109.05076,39.36668],[-109.0512,39.46195],[-109.10691,39.4621],[-109.60774,39.46228],[-109.60745,39.43744],[-109.61682,39.43737],[-109.61705,39.44104],[-109.62644,39.4411],[-109.62602,39.40877],[-109.63586,39.40861],[-109.63613,39.40151],[-109.64549,39.4014],[-109.64466,39.3643],[-109.65347,39.36445],[-109.6535,39.34343],[-109.67101,39.34361],[-109.67096,39.33621],[-109.68035,39.33628],[-109.68054,39.32142],[-109.68993,39.32149],[-109.69002,39.30713],[-109.70754,39.30729],[-109.70776,39.28668],[-109.71398,39.27404],[-109.71977,39.26672],[-109.72656,39.26162],[-109.73702,39.24995],[-109.73658,39.24272],[-109.72655,39.24264],[-109.72667,39.2357],[-109.72214,39.23317],[-109.72663,39.22079],[-109.73031,39.21967],[-109.73287,39.207],[-109.71794,39.20031],[-109.71785,39.1933],[-109.71336,39.19272],[-109.71325,39.16442],[-109.70723,39.16447],[-109.70706,39.14964],[-109.74904,39.14854],[-109.75995,39.14678],[-109.75982,39.15242],[-109.76363,39.1899],[-109.77048,39.19199],[-109.78426,39.1922],[-109.78312,39.20054],[-109.78737,39.20454],[-109.7994,39.2065],[-109.8051,39.21016],[-109.80614,39.21958],[-109.81551,39.22333],[-109.80967,39.22802],[-109.80763,39.23616],[-109.80896,39.23964],[-109.82394,39.24007],[-109.82389,39.25201],[-109.82968,39.25255],[-109.83201,39.24694],[-109.84045,39.2468],[-109.84767,39.25066],[-109.83775,39.25667],[-109.8386,39.26526],[-109.84611,39.27084],[-109.85953,39.27226],[-109.86643,39.26956],[-109.87405,39.27206],[-109.88724,39.27103],[-109.89733,39.26798],[-109.90307,39.26272],[-109.91872,39.25843],[-109.94677,39.25244],[-109.95241,39.25536],[-109.96226,39.25659],[-109.96604,39.25956],[-109.97902,39.25707],[-109.99448,39.25563],[-110.0022,39.25773],[-110.01198,39.25518],[-110.01691,39.25177],[-110.0221,39.24307],[-110.02994,39.2463],[-110.04562,39.24542],[-110.05455,39.25419],[-110.06269,39.2522],[-110.05872,39.23954],[-110.05384,39.22932],[-110.06114,39.22363],[-110.0659,39.22382],[-110.0729,39.22889],[-110.07808,39.22477],[-110.07769,39.21785],[-110.07236,39.20682],[-110.07321,39.20125],[-110.08027,39.193],[-110.08999,39.19349],[-110.098,39.1899],[-110.10453,39.18218],[-110.10513,39.17813],[-110.09905,39.16772],[-110.10347,39.16314],[-110.1107,39.16123],[-110.11547,39.15581],[-110.11274,39.14702],[-110.10308,39.14309],[-110.09961,39.13649],[-110.11157,39.13036],[-110.11504,39.12211],[-110.1098,39.11475],[-110.11808,39.10127],[-110.11748,39.09627],[-110.12883,39.09033],[-110.14052,39.08836],[-110.14009,39.08124],[-110.14495,39.07723],[-110.13962,39.07012],[-110.13902,39.06095],[-110.14846,39.04085],[-110.15651,39.03688],[-110.15348,39.03094],[-110.13994,39.02481],[-110.14231,39.02008],[-110.1534,39.01641],[-110.14929,39.01004],[-110.13967,39.00862],[-110.13796,39.00412],[-110.14285,39.00095],[-110.15025,39.00215],[-110.15018,38.99724],[-110.14079,38.9944],[-110.13387,38.99438],[-110.1339,39.00174],[-110.09632,39.00168],[-110.09634,38.98626],[-110.05981,38.98625],[-110.05981,38.99354],[-110.04118,38.99352],[-110.04118,38.97898],[-110.02256,38.97897],[-110.02259,38.96445],[-110.00398,38.96445],[-110.00398,38.94991],[-110.0412,38.94993],[-110.0412,38.95719],[-110.05051,38.95719],[-110.0505,38.96445],[-110.06913,38.96445],[-110.06911,38.97898],[-110.09634,38.97899],[-110.10569,38.9798],[-110.1057,38.98339],[-110.11976,38.9834],[-110.11981,38.97982],[-110.14788,38.97975],[-110.14928,38.97189],[-110.1367,38.96265],[-110.1417,38.95699],[-110.14885,38.95536],[-110.15247,38.95029],[-110.1408,38.94445],[-110.13465,38.93379],[-110.13823,38.92436],[-110.1429,38.92381],[-110.16494,38.92674],[-110.17332,38.92704],[-110.17858,38.91924],[-110.17611,38.91217],[-110.17876,38.90689],[-110.16666,38.90041],[-110.15982,38.89125],[-110.16183,38.87884],[-110.16065,38.87314],[-110.16289,38.86566],[-110.15809,38.86175],[-110.15268,38.86257],[-110.14489,38.8686],[-110.13797,38.86788],[-110.13713,38.85677],[-110.14598,38.8428],[-110.14558,38.83928],[-110.13589,38.8345],[-110.12072,38.83226],[-110.12203,38.81996],[-110.11237,38.81861],[-110.10627,38.81077],[-110.10454,38.80155],[-110.10773,38.7986],[-110.11898,38.7955],[-110.12151,38.79126],[-110.11694,38.78532],[-110.10885,38.77847],[-110.09114,38.77059],[-110.08155,38.75482],[-110.08318,38.75192],[-110.09206,38.75129],[-110.10187,38.74691],[-110.10605,38.73968],[-110.1129,38.73273],[-110.11236,38.72569],[-110.10767,38.71884],[-110.11039,38.71261],[-110.11959,38.71263],[-110.12061,38.70584],[-110.11279,38.70676],[-110.10501,38.71258],[-110.09136,38.71466],[-110.08655,38.71178],[-110.08657,38.70615],[-110.1011,38.69354],[-110.0983,38.68873],[-110.09041,38.68232],[-110.08665,38.67712],[-110.09352,38.6698],[-110.08869,38.66523],[-110.0759,38.67232],[-110.06868,38.67016],[-110.07414,38.66148],[-110.07097,38.65673],[-110.05917,38.66213],[-110.05568,38.65675],[-110.06002,38.65048],[-110.0514,38.64623],[-110.04758,38.65001],[-110.0473,38.65862],[-110.04004,38.65873],[-110.03626,38.65131],[-110.04651,38.64154],[-110.04931,38.6344],[-110.04246,38.62298],[-110.04244,38.61704],[-110.0493,38.61548],[-110.0616,38.61988],[-110.06896,38.61588],[-110.06488,38.60845],[-110.05213,38.60527],[-110.03761,38.60911],[-110.02645,38.60863],[-110.02005,38.61205],[-110.01591,38.623],[-110.0111,38.62388],[-109.99888,38.61674],[-109.99604,38.60825],[-109.99559,38.5988],[-109.99756,38.59197],[-110.00242,38.58842],[-110.00964,38.58711],[-110.01841,38.5898],[-110.02558,38.59996],[-110.0336,38.60459],[-110.0515,38.59175],[-110.05872,38.582],[-110.05576,38.57827],[-110.04361,38.57788],[-110.03886,38.57222],[-110.03294,38.57197],[-110.02659,38.57695],[-110.02089,38.57445],[-110.01759,38.56333],[-110.01007,38.56176],[-110.00036,38.56801],[-109.995,38.56904],[-109.98799,38.56381],[-109.99222,38.55589],[-109.99978,38.55144],[-110.00562,38.54316],[-110.00512,38.53907],[-109.99555,38.52941],[-109.99385,38.52551],[-110.00019,38.52201],[-110.01135,38.52486],[-110.01599,38.51356],[-110.023,38.51321],[-110.03395,38.51843],[-110.04419,38.51603],[-110.04433,38.50738],[-110.02528,38.49998],[-109.65203,38.49993]]]},"properties":{"STATEFP":"49","COUNTYFP":"019","COUSUBFP":"93356","COUSUBNS":"01939422","GEOIDFQ":"0600000US4901993356","GEOID":"4901993356","NAME":"Thompson Springs","NAMELSAD":"Thompson Springs CCD","STUSPS":"UT","NAMELSADCO":"Grand County","STATE_NAME":"Utah","LSAD":"22","ALAND":7069791839,"AWATER":19080004}},
{"type":"Feature","geometry":{"type":"Polygon","coordinates":[[[-110.90127,37.17511],[-110.90295,37.18341],[-110.8896,37.19489],[-110.89021,37.20473],[-110.89759,37.21081],[-110.89751,37.21588],[-110.8938,37.21889],[-110.88305,37.22185],[-110.87765,37.22506],[-110.87516,37.22989],[-110.87977,37.2374],[-110.88856,37.24794],[-110.88462,37.25228],[-110.87072,37.25582],[-110.86412,37.25628],[-110.86139,37.26462],[-110.87083,37.27357],[-110.87327,37.27773],[-110.87305,37.2869],[-110.86723,37.28993],[-110.85205,37.29131],[-110.84111,37.29643],[-110.83774,37.30339],[-110.83895,37.31524],[-110.84079,37.31838],[-110.84943,37.32329],[-110.86141,37.32495],[-110.86816,37.32865],[-110.87327,37.33752],[-110.87391,37.34469],[-110.86951,37.34888],[-110.86394,37.35011],[-110.85667,37.34853],[-110.84513,37.34264],[-110.83352,37.33507],[-110.81906,37.32968],[-110.80451,37.32093],[-110.78555,37.32375],[-110.77704,37.323],[-110.76721,37.33227],[-110.76053,37.33249],[-110.75661,37.33641],[-110.75406,37.35087],[-110.74843,37.35195],[-110.74606,37.34733],[-110.73981,37.34477],[-110.73472,37.35056],[-110.73487,37.35945],[-110.7258,37.36575],[-110.72235,37.37111],[-110.72693,37.37571],[-110.74325,37.38694],[-110.75293,37.39903],[-110.75236,37.40573],[-110.74545,37.40768],[-110.73673,37.40592],[-110.72706,37.40047],[-110.71931,37.40023],[-110.70923,37.40825],[-110.70626,37.41743],[-110.69968,37.43031],[-110.70203,37.43563],[-110.71015,37.43747],[-110.71966,37.43511],[-110.72609,37.43573],[-110.73526,37.44249],[-110.74576,37.45267],[-110.74473,37.46014],[-110.72919,37.45822],[-110.72525,37.46084],[-110.72578,37.47181],[-110.7204,37.48034],[-110.7162,37.4817],[-110.69966,37.48166],[-110.68058,37.47865],[-110.66761,37.47766],[-110.6402,37.48602],[-110.64105,37.49049],[-110.65093,37.49383],[-110.66562,37.49474],[-110.66811,37.49703],[-110.66392,37.51837],[-110.66051,37.5261],[-110.65503,37.53023],[-110.64673,37.54057],[-110.85407,37.5406],[-111.51462,37.54015],[-111.51462,37.53959],[-111.78879,37.53974],[-111.84082,37.53971],[-111.84081,37.5358],[-112.05103,37.5358],[-112.16492,37.5359],[-112.16492,37.53683],[-112.27743,37.53687],[-112.36117,37.53686],[-112.36117,37.54281],[-112.39608,37.54266],[-112.39525,37.51387],[-112.4136,37.51376],[-112.40897,37.51016],[-112.41374,37.50646],[-112.41336,37.49494],[-112.39529,37.49495],[-112.39533,37.47094],[-112.39629,37.45608],[-112.42285,37.4555],[-112.42297,37.44846],[-112.43198,37.44867],[-112.43315,37.44158],[-112.43323,37.41222],[-112.41488,37.41213],[-112.41491,37.39784],[-112.39172,37.39782],[-112.39118,37.39347],[-112.38507,37.38503],[-112.38263,37.37788],[-112.38563,37.37262],[-112.38578,37.36518],[-112.38058,37.35997],[-112.38216,37.35487],[-112.38078,37.34753],[-112.37128,37.34154],[-112.37379,37.33171],[-112.37288,37.32692],[-112.3865,37.32972],[-112.39488,37.32882],[-112.39875,37.32453],[-112.39752,37.31935],[-112.40201,37.30344],[-112.40623,37.29865],[-112.40296,37.29025],[-112.40852,37.28271],[-112.40228,37.27555],[-112.4138,37.27471],[-112.42175,37.27612],[-112.43052,37.28015],[-112.43775,37.2867],[-112.44323,37.28846],[-112.45249,37.29485],[-112.46201,37.28806],[-112.47108,37.28801],[-112.47598,37.2926],[-112.48268,37.29456],[-112.49208,37.29201],[-112.49409,37.2881],[-112.50648,37.27683],[-112.52119,37.27004],[-112.52157,37.26573],[-112.53043,37.26538],[-112.5362,37.25804],[-112.54332,37.25607],[-112.54532,37.24565],[-112.54497,37.2387],[-112.54078,37.23233],[-112.54434,37.22304],[-112.5387,37.2131],[-112.53906,37.2038],[-112.53565,37.19502],[-112.54054,37.18925],[-112.53545,37.1763],[-112.53848,37.1643],[-112.53789,37.15717],[-112.54634,37.1472],[-112.55523,37.14551],[-112.5683,37.14525],[-112.57403,37.15374],[-112.58035,37.15757],[-112.65871,37.1892],[-112.66122,37.19458],[-112.67204,37.20277],[-112.68515,37.20467],[-112.68974,37.20775],[-112.69133,37.19845],[-112.70025,37.19595],[-112.70442,37.19709],[-112.72054,37.1935],[-112.72663,37.1854],[-112.73578,37.18173],[-112.74587,37.17982],[-112.75779,37.18127],[-112.76695,37.17879],[-112.78461,37.17927],[-112.79684,37.1729],[-112.80308,37.17415],[-112.81458,37.16928],[-112.81968,37.17205],[-112.8347,37.1752],[-112.84544,37.17612],[-112.86285,37.18167],[-112.87577,37.18027],[-112.87961,37.18229],[-112.89014,37.18086],[-112.89917,37.18191],[-112.89919,37.00032],[-112.8295,37.00042],[-112.60979,37.00075],[-112.54037,37.00067],[-112.36895,37.00113],[-112.35769,37.00103],[-111.86542,37.00126],[-111.63507,37.00137],[-111.50685,37.00143],[-111.41301,37.00148],[-111.40348,37.00519],[-111.39021,37.00447],[-111.37144,37.00159],[-111.35506,37.00763],[-111.34768,37.00808],[-111.34139,37.01078],[-111.33048,37.02071],[-111.32386,37.02026],[-111.31508,37.01234],[-111.30624,37.01255],[-111.30341,37.01602],[-111.30718,37.02371],[-111.30017,37.0304],[-111.29077,37.03387],[-111.28286,37.03924],[-111.28445,37.04446],[-111.29825,37.04353],[-111.30238,37.04605],[-111.30584,37.05686],[-111.30481,37.06318],[-111.29976,37.06676],[-111.29395,37.06499],[-111.28615,37.05962],[-111.26818,37.05407],[-111.26231,37.0475],[-111.25099,37.02559],[-111.24318,37.02124],[-111.23736,37.0244],[-111.22993,37.03932],[-111.23272,37.04305],[-111.24456,37.04565],[-111.24778,37.05198],[-111.24145,37.06588],[-111.23697,37.07009],[-111.23023,37.06638],[-111.22601,37.05793],[-111.21822,37.05668],[-111.2049,37.06945],[-111.18736,37.08863],[-111.17993,37.10111],[-111.16653,37.10566],[-111.15729,37.09941],[-111.1529,37.09275],[-111.14723,37.08967],[-111.13916,37.08861],[-111.13225,37.09342],[-111.12694,37.10453],[-111.12218,37.1079],[-111.10146,37.1028],[-111.09142,37.10509],[-111.07796,37.10266],[-111.06923,37.10721],[-111.06095,37.10598],[-111.05828,37.10001],[-111.04907,37.09962],[-111.04247,37.10764],[-111.03805,37.1093],[-111.02252,37.11106],[-111.01218,37.11569],[-110.99875,37.11122],[-110.98735,37.11234],[-110.98226,37.11625],[-110.98459,37.12463],[-110.97869,37.12737],[-110.96181,37.12355],[-110.95662,37.12577],[-110.95065,37.1339],[-110.9557,37.14399],[-110.95571,37.14949],[-110.94958,37.15281],[-110.94279,37.14867],[-110.937,37.14798],[-110.92828,37.15488],[-110.92484,37.16452],[-110.9266,37.1702],[-110.92508,37.17779],[-110.91837,37.17791],[-110.90887,37.17236],[-110.90127,37.17511]]]},"properties":{"STATEFP":"49","COUNTYFP":"025","COUSUBFP":"91591","COUSUBNS":"01939382","GEOIDFQ":"0600000US4902591591","GEOID":"4902591591","NAME":"Kanab","NAMELSAD":"Kanab CCD","STUSPS":"UT","NAMELSADCO":"Kane County","STATE_NAME":"Utah","LSAD":"22","ALAND":8694747859,"AWATER":291275318}},
{"type":"Feature","geometry":{"type":"Polygon","coordinates":[[[-110.85407,37.5406],[-110.85776,37.54415],[-110.86615,37.56464],[-110.87202,37.57314],[-110.8675,37.57878],[-110.86675,37.59595],[-110.86867,37.60242],[-110.86719,37.60664],[-110.87403,37.61682],[-110.88659,37.61944],[-110.89112,37.61827],[-110.89386,37.62651],[-110.88718,37.63458],[-110.8944,37.63495],[-110.90779,37.64935],[-110.91535,37.66073],[-110.91824,37.66837],[-110.9261,37.68124],[-110.92548,37.69549],[-110.93544,37.70487],[-110.93595,37.71276],[-110.94116,37.72123],[-110.9406,37.72821],[-110.94295,37.73375],[-110.94912,37.73824],[-110.95495,37.74751],[-110.95992,37.7468],[-110.96274,37.76803],[-110.97098,37.77231],[-110.97252,37.78023],[-110.96643,37.78955],[-110.9702,37.79228],[-110.97427,37.81589],[-110.98304,37.82795],[-110.98237,37.83156],[-110.99378,37.83876],[-110.99145,37.84058],[-111.00804,37.84882],[-111.00846,37.85229],[-111.01608,37.85402],[-111.02579,37.84689],[-111.03937,37.85042],[-111.05197,37.85896],[-111.064,37.85804],[-111.07611,37.86307],[-111.08474,37.86052],[-111.09382,37.85986],[-111.11,37.86928],[-111.10557,37.87555],[-111.11129,37.88204],[-111.10639,37.88753],[-111.1085,37.89232],[-111.12257,37.906],[-111.13827,37.92468],[-111.14135,37.93257],[-111.13981,37.93608],[-111.14396,37.94465],[-111.14992,37.94569],[-111.14711,37.9571],[-111.14389,37.96072],[-111.14772,37.96915],[-111.16294,37.97133],[-111.17538,37.97948],[-111.17818,37.98499],[-111.17247,37.99629],[-111.17531,38.00337],[-111.1733,38.00917],[-111.18652,38.0091],[-111.18707,38.0503],[-111.18674,38.15291],[-111.41411,38.15379],[-111.41416,38.15006],[-111.50696,38.14999],[-111.63519,38.15014],[-111.63522,38.15118],[-111.84321,38.15123],[-111.88827,38.15123],[-111.88988,38.14547],[-111.88784,38.1414],[-111.88082,38.13835],[-111.87144,38.13857],[-111.85732,38.13258],[-111.8454,38.12512],[-111.84045,38.1246],[-111.82981,38.12],[-111.82416,38.11993],[-111.81863,38.10752],[-111.82062,38.10424],[-111.82823,38.10192],[-111.83315,38.09574],[-111.84148,38.07719],[-111.83085,38.06509],[-111.82676,38.05371],[-111.81457,38.0445],[-111.80749,38.03583],[-111.79852,38.02906],[-111.7862,38.02507],[-111.77613,38.01333],[-111.78791,38.00368],[-111.79208,38.00412],[-111.80166,37.98679],[-111.80907,37.97689],[-111.81845,37.97156],[-111.82907,37.96885],[-111.84273,37.96185],[-111.85498,37.96548],[-111.85544,37.95923],[-111.86391,37.9571],[-111.867,37.9467],[-111.86469,37.93444],[-111.86662,37.92625],[-111.86552,37.91104],[-111.86883,37.90474],[-111.86517,37.89078],[-111.87155,37.87653],[-111.87709,37.87389],[-111.8823,37.86403],[-111.87808,37.85806],[-111.88415,37.84892],[-111.8793,37.8449],[-111.87915,37.83735],[-111.88237,37.8322],[-111.88207,37.82525],[-111.87118,37.83854],[-111.86418,37.8404],[-111.85803,37.83289],[-111.85812,37.83009],[-111.84739,37.82567],[-111.84141,37.82042],[-111.83066,37.81653],[-111.82795,37.8132],[-111.81597,37.8074],[-111.81495,37.80176],[-111.82571,37.79983],[-111.8366,37.79287],[-111.84232,37.78708],[-111.83517,37.78264],[-111.82968,37.7819],[-111.82537,37.77687],[-111.83271,37.77312],[-111.83288,37.76903],[-111.84447,37.76352],[-111.84585,37.75823],[-111.84307,37.75327],[-111.84917,37.74429],[-111.84692,37.73815],[-111.85009,37.73591],[-111.84815,37.72671],[-111.85392,37.72388],[-111.85051,37.71567],[-111.84869,37.70639],[-111.84511,37.70288],[-111.85217,37.69579],[-111.84644,37.69045],[-111.84512,37.68595],[-111.83567,37.68282],[-111.82703,37.67403],[-111.81309,37.68288],[-111.80374,37.65617],[-111.80359,37.6454],[-111.79549,37.63979],[-111.79715,37.62998],[-111.79958,37.62952],[-111.80846,37.61792],[-111.80406,37.61093],[-111.79802,37.6077],[-111.79375,37.60123],[-111.79595,37.59727],[-111.79447,37.59117],[-111.79912,37.58037],[-111.80524,37.57104],[-111.80165,37.56129],[-111.79592,37.55867],[-111.79471,37.55242],[-111.78879,37.53974],[-111.51462,37.53959],[-111.51462,37.54015],[-110.85407,37.5406]]]},"properties":{"STATEFP":"49","COUNTYFP":"017","COUSUBFP":"90903","COUSUBNS":"01939366","GEOIDFQ":"0600000US4901790903","GEOID":"4901790903","NAME":"Escalante","NAMELSAD":"Escalante CCD","STUSPS":"UT","NAMELSADCO":"Garfield County","STATE_NAME":"Utah","LSAD":"22","ALAND":4729251112,"AWATER":4199743}},
{"type":"Feature","geometry":{"type":"Polygon","coordinates":[[[-114.05274,37.53103],[-114.05245,37.43144],[-114.05176,37.41808],[-114.05193,37.37073],[-114.0518,37.29304],[-114.0514,37.23385],[-114.05187,37.13429],[-114.05283,37.10396],[-114.05175,37.08843],[-114.0506,37.0004],[-113.96591,37.00003],[-113.91598,36.99999],[-113.62429,37.00006],[-113.40958,37.00011],[-113.40657,37.00363],[-113.40911,37.0135],[-113.41726,37.01588],[-113.43562,37.02578],[-113.44997,37.03751],[-113.45955,37.04948],[-113.45852,37.06023],[-113.46149,37.06747],[-113.46111,37.08284],[-113.45567,37.0932],[-113.44501,37.10521],[-113.44125,37.1119],[-113.43535,37.113],[-113.43102,37.123],[-113.42349,37.12665],[-113.42268,37.13594],[-113.4046,37.15164],[-113.39397,37.16558],[-113.38863,37.16385],[-113.38392,37.16715],[-113.38539,37.1726],[-113.37902,37.1747],[-113.38433,37.18346],[-113.39057,37.20042],[-113.3948,37.20329],[-113.40677,37.19275],[-113.41894,37.19346],[-113.42572,37.18927],[-113.43539,37.1974],[-113.43884,37.19534],[-113.44503,37.20162],[-113.44904,37.21078],[-113.4477,37.22062],[-113.44248,37.22614],[-113.51819,37.22728],[-113.53365,37.22835],[-113.56394,37.22705],[-113.58868,37.22784],[-113.58807,37.31535],[-113.60685,37.31524],[-113.60676,37.33761],[-113.61431,37.33793],[-113.61514,37.34616],[-113.61504,37.3747],[-113.61566,37.39188],[-113.60635,37.39513],[-113.60571,37.42371],[-113.60673,37.4243],[-113.64253,37.42422],[-113.64252,37.4029],[-113.66093,37.40272],[-113.66074,37.38846],[-113.68826,37.38861],[-113.68827,37.38158],[-113.69719,37.38168],[-113.69699,37.37372],[-113.74596,37.37433],[-113.7508,37.3737],[-113.82423,37.37414],[-113.8243,37.40349],[-113.83348,37.4033],[-113.83374,37.41094],[-113.84284,37.41091],[-113.8428,37.41832],[-113.85203,37.4183],[-113.85654,37.42188],[-113.8603,37.42917],[-113.86502,37.43135],[-113.88742,37.43154],[-113.89232,37.4388],[-113.90117,37.43867],[-113.90136,37.44252],[-113.9103,37.44239],[-113.91039,37.44577],[-113.92978,37.44596],[-113.93877,37.45292],[-113.94297,37.46065],[-113.94791,37.46062],[-113.94783,37.46778],[-113.95469,37.46753],[-113.95481,37.48256],[-113.95706,37.48975],[-113.96136,37.48965],[-113.96157,37.49659],[-113.97963,37.51075],[-114.00086,37.51079],[-114.00698,37.51675],[-114.02916,37.51659],[-114.02902,37.52017],[-114.03843,37.52021],[-114.03828,37.52395],[-114.0472,37.52405],[-114.04722,37.53086],[-114.05274,37.53103]]]},"properties":{"STATEFP":"49","COUNTYFP":"053","COUSUBFP":"92924","COUSUBNS":"01939413","GEOIDFQ":"0600000US4905392924","GEOID":"4905392924","NAME":"St. George","NAMELSAD":"St. George CCD","STUSPS":"UT","NAMELSADCO":"Washington County","STATE_NAME":"Utah","LSAD":"22","ALAND":2280017330,"AWATER":3064772}},
{"type":"Feature","geometry":{"type":"Polygon","coordinates":[[[-109.71592,37.19903],[-109.71305,37.21019],[-109.69607,37.21831],[-109.68727,37.21796],[-109.67244,37.22357],[-109.6714,37.22936],[-109.66439,37.23539],[-109.65943,37.23406],[-109.64736,37.2409],[-109.63497,37.24269],[-109.61928,37.24031],[-109.62083,37.25546],[-109.60245,37.26146],[-109.59962,37.26504],[-109.5914,37.26153],[-109.57356,37.2664],[-109.56267,37.27169],[-109.55149,37.27283],[-109.54417,37.27145],[-109.53999,37.27663],[-109.52856,37.27476],[-109.52039,37.27489],[-109.50469,37.27976],[-109.49346,37.27931],[-109.48699,37.28178],[-109.46914,37.28317],[-109.45094,37.27477],[-109.43949,37.27352],[-109.43163,37.27603],[-109.42642,37.28297],[-109.41338,37.28334],[-109.40386,37.27518],[-109.39719,37.27506],[-109.36946,37.26601],[-109.36497,37.26203],[-109.35918,37.2624],[-109.34435,37.26845],[-109.33153,37.26819],[-109.33137,37.27357],[-109.33895,37.28021],[-109.33149,37.29736],[-109.33094,37.31667],[-109.3493,37.31657],[-109.35324,37.32024],[-109.35315,37.3314],[-109.37587,37.33125],[-109.3756,37.32442],[-109.3806,37.32063],[-109.39437,37.32056],[-109.40341,37.32787],[-109.4033,37.33927],[-109.3989,37.33925],[-109.39874,37.34948],[-109.39378,37.34952],[-109.39392,37.36009],[-109.45297,37.36002],[-109.45203,37.36826],[-109.43859,37.37615],[-109.43464,37.38354],[-109.43739,37.38917],[-109.42193,37.38902],[-109.42191,37.41083],[-109.41288,37.41089],[-109.4129,37.43259],[-109.40375,37.43255],[-109.40366,37.447],[-109.3669,37.44712],[-109.36701,37.4617],[-109.34918,37.46149],[-109.34928,37.44685],[-109.30443,37.44705],[-109.30463,37.46129],[-109.27723,37.46136],[-109.27729,37.44698],[-109.24123,37.44695],[-109.24112,37.43223],[-109.21436,37.43225],[-109.21389,37.43637],[-109.21858,37.4454],[-109.2237,37.44967],[-109.22189,37.45851],[-109.23295,37.47098],[-109.23542,37.47534],[-109.22776,37.48807],[-109.22438,37.49039],[-109.23305,37.49816],[-109.2279,37.50208],[-109.23675,37.50987],[-109.23409,37.51363],[-109.23443,37.52485],[-109.23833,37.53182],[-109.23599,37.53507],[-109.24134,37.54313],[-109.23775,37.54691],[-109.24167,37.55291],[-109.24587,37.55358],[-109.25146,37.56926],[-109.2559,37.57097],[-109.26269,37.57883],[-109.27118,37.58375],[-109.26522,37.58656],[-109.25589,37.58532],[-109.25885,37.59097],[-109.25618,37.60379],[-109.26338,37.61132],[-109.26848,37.61204],[-109.279,37.62113],[-109.28365,37.6268],[-109.29026,37.62954],[-109.29106,37.63328],[-109.29867,37.63902],[-109.29974,37.6469],[-109.30814,37.65014],[-109.30942,37.65548],[-109.32636,37.67352],[-109.33589,37.67571],[-109.34219,37.68015],[-109.35681,37.68184],[-109.36405,37.68787],[-109.3724,37.69832],[-109.37961,37.70455],[-109.39269,37.71092],[-109.39385,37.71943],[-109.40595,37.73392],[-109.41434,37.74049],[-109.41332,37.75173],[-109.41974,37.75534],[-109.4208,37.76313],[-109.42493,37.76625],[-109.43176,37.76621],[-109.43893,37.76262],[-109.44109,37.76665],[-109.43787,37.77608],[-109.45223,37.78205],[-109.46499,37.7821],[-109.47279,37.78013],[-109.47261,37.78911],[-109.48656,37.80048],[-109.48424,37.80447],[-109.48522,37.81051],[-109.48999,37.82116],[-109.49637,37.82335],[-109.50196,37.82849],[-109.50502,37.82493],[-109.51154,37.83453],[-109.50909,37.83894],[-109.51193,37.84361],[-109.51912,37.84451],[-109.52234,37.85187],[-109.53162,37.84864],[-109.54681,37.83506],[-109.55483,37.84699],[-109.55892,37.84916],[-109.55989,37.85819],[-109.56881,37.87374],[-109.57636,37.87999],[-109.58936,37.88721],[-109.59543,37.88771],[-109.6031,37.88252],[-109.6121,37.8788],[-109.63074,37.89233],[-109.63809,37.89519],[-109.63744,37.89836],[-109.64177,37.90988],[-109.6417,37.92559],[-109.63704,37.93264],[-109.63686,37.93967],[-109.63374,37.94933],[-109.62111,37.96421],[-109.62054,37.9713],[-109.61592,37.97621],[-109.60865,37.98004],[-109.60683,37.98517],[-109.5966,37.9935],[-109.59726,37.99668],[-109.59139,38.00151],[-109.59082,38.01766],[-109.58106,38.03457],[-109.57883,38.04819],[-109.57421,38.05845],[-109.56879,38.06649],[-109.56125,38.07371],[-109.56566,38.07819],[-109.57113,38.07965],[-109.57734,38.08695],[-109.58927,38.09097],[-109.59968,38.10077],[-109.60517,38.10147],[-109.61602,38.10742],[-109.61861,38.11476],[-109.62348,38.12088],[-109.62166,38.12615],[-109.63065,38.13512],[-109.6249,38.13958],[-109.62365,38.15554],[-109.6274,38.15818],[-109.63328,38.16914],[-109.6357,38.18656],[-109.64813,38.19549],[-109.65096,38.20516],[-109.65733,38.2059],[-109.65909,38.21036],[-109.6773,38.2136],[-109.68964,38.22138],[-109.70199,38.21865],[-109.71135,38.22322],[-109.71643,38.22843],[-109.72061,38.22371],[-109.72915,38.22231],[-109.73112,38.22646],[-109.74123,38.23153],[-109.74772,38.23948],[-109.75016,38.25214],[-109.75777,38.26178],[-109.75879,38.27127],[-109.76415,38.26877],[-109.76814,38.27945],[-109.77592,38.27958],[-109.77133,38.28762],[-109.78166,38.28918],[-109.78327,38.29465],[-109.78764,38.29529],[-109.79428,38.29092],[-109.80757,38.28879],[-109.80589,38.28394],[-109.79922,38.28002],[-109.79086,38.27229],[-109.796,38.2649],[-109.8074,38.26246],[-109.80988,38.258],[-109.80916,38.24898],[-109.81252,38.24491],[-109.81995,38.244],[-109.8322,38.24651],[-109.84171,38.24206],[-109.83824,38.23387],[-109.82973,38.23068],[-109.81847,38.23331],[-109.81135,38.23899],[-109.80298,38.23971],[-109.80033,38.23438],[-109.80343,38.23062],[-109.81713,38.2308],[-109.83067,38.22204],[-109.83954,38.21451],[-109.85085,38.21475],[-109.85613,38.20517],[-109.86664,38.19758],[-109.87984,38.196],[-109.88593,38.1894],[-109.88997,38.18111],[-109.90354,38.17837],[-109.91384,38.16762],[-109.93257,38.15725],[-109.92797,38.15175],[-109.92929,38.14035],[-109.93438,38.13608],[-109.94347,38.1353],[-109.95587,38.13048],[-109.96356,38.11776],[-109.96345,38.11529],[-109.98181,38.10764],[-109.98655,38.10066],[-109.99414,38.10039],[-110.0036,38.10847],[-110.01357,38.10813],[-110.02628,38.09698],[-110.03354,38.08536],[-110.03781,38.08296],[-110.04712,38.06911],[-110.04288,38.05823],[-110.04731,38.0487],[-110.05477,38.04852],[-110.06209,38.04454],[-110.06765,38.03844],[-110.0768,38.02159],[-110.07415,38.01148],[-110.07656,37.99965],[-110.08343,37.99545],[-110.09312,37.99469],[-110.11357,38.00822],[-110.12902,38.00704],[-110.13629,38.00515],[-110.14557,37.99064],[-110.16123,37.9821],[-110.16575,37.96764],[-110.17238,37.96194],[-110.18876,37.9522],[-110.20185,37.94688],[-110.20413,37.94419],[-110.20578,37.93445],[-110.20348,37.92688],[-110.19956,37.92224],[-110.19841,37.91593],[-110.20402,37.90628],[-110.20513,37.89826],[-110.20879,37.89407],[-110.21632,37.89259],[-110.22941,37.89573],[-110.24752,37.89643],[-110.26246,37.89928],[-110.26949,37.89755],[-110.27421,37.89394],[-110.2785,37.88502],[-110.27726,37.87054],[-110.28415,37.86588],[-110.29109,37.86909],[-110.29375,37.87464],[-110.29459,37.88555],[-110.2981,37.88887],[-110.30798,37.89101],[-110.31534,37.8902],[-110.34351,37.89089],[-110.35758,37.89294],[-110.37989,37.89012],[-110.38947,37.88772],[-110.40422,37.88095],[-110.4055,37.87804],[-110.40321,37.86494],[-110.40308,37.85154],[-110.40624,37.84851],[-110.42471,37.84291],[-110.43302,37.83405],[-110.43585,37.81874],[-110.43549,37.81185],[-110.43885,37.80581],[-110.45086,37.80981],[-110.47106,37.80879],[-110.47696,37.80002],[-110.47348,37.7944],[-110.47193,37.78438],[-110.46397,37.77257],[-110.44578,37.77252],[-110.42873,37.77929],[-110.42648,37.77437],[-110.42919,37.77081],[-110.44477,37.7614],[-110.44734,37.75592],[-110.44847,37.73794],[-110.45356,37.73177],[-110.46831,37.72457],[-110.46912,37.71484],[-110.47593,37.70764],[-110.48835,37.70232],[-110.48355,37.69516],[-110.48453,37.68181],[-110.48634,37.67437],[-110.49356,37.66792],[-110.50073,37.6504],[-110.51099,37.65673],[-110.52227,37.65115],[-110.52937,37.63958],[-110.53504,37.63391],[-110.5416,37.63367],[-110.55319,37.64163],[-110.55854,37.64238],[-110.56358,37.63654],[-110.56418,37.62534],[-110.56739,37.61375],[-110.58273,37.60813],[-110.5995,37.60494],[-110.60379,37.60212],[-110.60393,37.59646],[-110.60017,37.58651],[-110.59841,37.5725],[-110.60055,37.56756],[-110.60611,37.56471],[-110.61987,37.56357],[-110.63725,37.55297],[-110.64673,37.54057],[-110.65503,37.53023],[-110.66051,37.5261],[-110.66392,37.51837],[-110.66811,37.49703],[-110.66562,37.49474],[-110.65093,37.49383],[-110.64105,37.49049],[-110.6402,37.48602],[-110.66761,37.47766],[-110.68058,37.47865],[-110.69966,37.48166],[-110.7162,37.4817],[-110.7204,37.48034],[-110.72578,37.47181],[-110.72525,37.46084],[-110.72919,37.45822],[-110.74473,37.46014],[-110.74576,37.45267],[-110.73526,37.44249],[-110.72609,37.43573],[-110.71966,37.43511],[-110.71015,37.43747],[-110.70203,37.43563],[-110.69968,37.43031],[-110.70626,37.41743],[-110.70923,37.40825],[-110.71931,37.40023],[-110.72706,37.40047],[-110.73673,37.40592],[-110.74545,37.40768],[-110.75236,37.40573],[-110.75293,37.39903],[-110.74325,37.38694],[-110.72693,37.37571],[-110.72235,37.37111],[-110.7258,37.36575],[-110.73487,37.35945],[-110.73472,37.35056],[-110.73981,37.34477],[-110.74606,37.34733],[-110.74843,37.35195],[-110.75406,37.35087],[-110.75661,37.33641],[-110.76053,37.33249],[-110.76721,37.33227],[-110.77704,37.323],[-110.78555,37.32375],[-110.80451,37.32093],[-110.81906,37.32968],[-110.83352,37.33507],[-110.84513,37.34264],[-110.85667,37.34853],[-110.86394,37.35011],[-110.86951,37.34888],[-110.87391,37.34469],[-110.87327,37.33752],[-110.86816,37.32865],[-110.86141,37.32495],[-110.84943,37.32329],[-110.84079,37.31838],[-110.83895,37.31524],[-110.83774,37.30339],[-110.84111,37.29643],[-110.85205,37.29131],[-110.86723,37.28993],[-110.87305,37.2869],[-110.87327,37.27773],[-110.87083,37.27357],[-110.86139,37.26462],[-110.86412,37.25628],[-110.87072,37.25582],[-110.88462,37.25228],[-110.88856,37.24794],[-110.87977,37.2374],[-110.87516,37.22989],[-110.87765,37.22506],[-110.88305,37.22185],[-110.8938,37.21889],[-110.89751,37.21588],[-110.89759,37.21081],[-110.89021,37.20473],[-110.8896,37.19489],[-110.90295,37.18341],[-110.90127,37.17511],[-110.88437,37.17515],[-110.87535,37.18373],[-110.87374,37.18953],[-110.86658,37.19544],[-110.86257,37.19325],[-110.86549,37.18803],[-110.87554,37.1801],[-110.87769,37.17626],[-110.87472,37.16845],[-110.86626,37.16803],[-110.86039,37.16984],[-110.85605,37.16772],[-110.84823,37.16886],[-110.83629,37.17678],[-110.83613,37.17097],[-110.82788,37.15953],[-110.81732,37.15884],[-110.81082,37.15507],[-110.81003,37.16365],[-110.80222,37.168],[-110.78458,37.16613],[-110.76807,37.16971],[-110.75767,37.16976],[-110.75304,37.17373],[-110.73551,37.17404],[-110.7312,37.17566],[-110.73101,37.1821],[-110.72529,37.18918],[-110.72144,37.18792],[-110.7206,37.18047],[-110.70913,37.17056],[-110.70787,37.16495],[-110.70215,37.16343],[-110.70035,37.17418],[-110.68942,37.17225],[-110.68446,37.16774],[-110.67653,37.17041],[-110.67539,37.17872],[-110.66956,37.18042],[-110.66488,37.18492],[-110.65764,37.18634],[-110.64907,37.19373],[-110.65143,37.21041],[-110.65681,37.22175],[-110.6644,37.21812],[-110.66501,37.22355],[-110.6593,37.23185],[-110.65881,37.23631],[-110.6725,37.24264],[-110.68216,37.2425],[-110.69187,37.24632],[-110.70516,37.24953],[-110.70916,37.25575],[-110.70828,37.26062],[-110.70074,37.26665],[-110.69471,37.26543],[-110.68481,37.25993],[-110.68063,37.2553],[-110.6726,37.25068],[-110.66064,37.25555],[-110.6551,37.25331],[-110.65645,37.24681],[-110.65369,37.24136],[-110.64606,37.23943],[-110.63562,37.23383],[-110.63179,37.23522],[-110.6272,37.22878],[-110.62731,37.22386],[-110.6222,37.2205],[-110.61272,37.21939],[-110.6135,37.21464],[-110.6046,37.20186],[-110.59667,37.20302],[-110.58677,37.20101],[-110.58263,37.20536],[-110.57352,37.20625],[-110.56983,37.21004],[-110.56389,37.20749],[-110.56974,37.20129],[-110.57132,37.19479],[-110.56652,37.1902],[-110.56064,37.19663],[-110.56422,37.20114],[-110.55697,37.21795],[-110.54112,37.21639],[-110.53228,37.2194],[-110.52126,37.21638],[-110.51563,37.2179],[-110.51329,37.22207],[-110.51245,37.23996],[-110.50913,37.24828],[-110.50128,37.25548],[-110.49,37.25827],[-110.47784,37.25367],[-110.4732,37.25477],[-110.46527,37.26079],[-110.45773,37.26234],[-110.45176,37.25453],[-110.44542,37.24991],[-110.43685,37.24739],[-110.42421,37.24746],[-110.42025,37.25923],[-110.41212,37.26083],[-110.41183,37.26832],[-110.40562,37.27417],[-110.41032,37.27949],[-110.41027,37.28893],[-110.40336,37.29224],[-110.38639,37.28837],[-110.35995,37.28406],[-110.35039,37.28342],[-110.35006,37.29014],[-110.34206,37.29536],[-110.32606,37.30088],[-110.31167,37.30407],[-110.30737,37.29539],[-110.30012,37.2917],[-110.29316,37.28501],[-110.28187,37.28528],[-110.26019,37.29726],[-110.24696,37.29631],[-110.23874,37.29357],[-110.23209,37.29431],[-110.21885,37.30362],[-110.21465,37.31137],[-110.20796,37.31784],[-110.19583,37.31998],[-110.16782,37.31706],[-110.15429,37.32065],[-110.14853,37.31598],[-110.15466,37.307],[-110.15401,37.30371],[-110.13235,37.29785],[-110.1279,37.29458],[-110.11511,37.29091],[-110.10873,37.28091],[-110.09995,37.273],[-110.09288,37.25754],[-110.08292,37.25696],[-110.07685,37.25331],[-110.07613,37.24367],[-110.07133,37.23951],[-110.06296,37.24023],[-110.05002,37.24674],[-110.04176,37.24294],[-110.03975,37.23808],[-110.04464,37.23429],[-110.0373,37.22555],[-110.03579,37.21856],[-110.02794,37.21547],[-110.0246,37.21748],[-110.02108,37.22599],[-110.01108,37.22769],[-110.0095,37.22025],[-109.99918,37.21393],[-110.00752,37.20693],[-110.00537,37.20138],[-109.99737,37.20119],[-109.99404,37.20403],[-109.99118,37.21263],[-109.98489,37.21418],[-109.98051,37.20842],[-109.9866,37.20173],[-109.98245,37.19599],[-109.97272,37.20011],[-109.96681,37.19821],[-109.95899,37.19157],[-109.96456,37.183],[-109.9586,37.18058],[-109.95804,37.17392],[-109.95,37.16634],[-109.94213,37.17318],[-109.93384,37.1745],[-109.93196,37.17077],[-109.94061,37.16751],[-109.94555,37.16024],[-109.94324,37.15622],[-109.93502,37.15409],[-109.93253,37.15631],[-109.92973,37.16727],[-109.9247,37.16176],[-109.91629,37.16152],[-109.91417,37.16711],[-109.91419,37.17675],[-109.90746,37.17914],[-109.90445,37.17274],[-109.89486,37.17551],[-109.88598,37.1646],[-109.89193,37.15945],[-109.88447,37.15428],[-109.88114,37.14835],[-109.87525,37.15472],[-109.85682,37.14425],[-109.8527,37.14748],[-109.84966,37.1544],[-109.84462,37.15886],[-109.82966,37.16517],[-109.84002,37.17509],[-109.85288,37.18282],[-109.85239,37.19405],[-109.84721,37.1935],[-109.84328,37.18543],[-109.83367,37.17971],[-109.81552,37.17948],[-109.80621,37.19017],[-109.80017,37.19082],[-109.78652,37.18888],[-109.78581,37.1843],[-109.77941,37.18508],[-109.77184,37.18111],[-109.7641,37.18511],[-109.76994,37.1876],[-109.76864,37.19543],[-109.76206,37.20273],[-109.75304,37.20349],[-109.74971,37.21445],[-109.74572,37.21388],[-109.73191,37.1916],[-109.72551,37.19109],[-109.71592,37.19903]]]},"properties":{"STATEFP":"49","COUNTYFP":"037","COUSUBFP":"90215","COUSUBNS":"01939350","GEOIDFQ":"0600000US4903790215","GEOID":"4903790215","NAME":"Blanding","NAMELSAD":"Blanding CCD","STUSPS":"UT","NAMELSADCO":"San Juan County","STATE_NAME":"Utah","LSAD":"22","ALAND":9306727805,"AWATER":184893594}},
{"type":"Feature","geometry":{"type":"Polygon","coordinates":[[[-112.78485,37.54348],[-112.7897,37.55585],[-112.78925,37.56488],[-112.79589,37.56924],[-112.80968,37.57135],[-112.81404,37.57028],[-112.82351,37.57307],[-112.84048,37.57126],[-112.84749,37.56708],[-112.85846,37.57077],[-112.86516,37.57731],[-112.87646,37.58227],[-112.88351,37.58307],[-112.8828,37.59212],[-112.89392,37.59362],[-112.90296,37.59044],[-112.9131,37.59429],[-112.92649,37.59661],[-112.9365,37.60387],[-112.93296,37.61107],[-112.93171,37.61999],[-112.93368,37.62745],[-112.95257,37.63998],[-112.96239,37.64322],[-112.97367,37.64952],[-112.96462,37.65931],[-112.95406,37.65642],[-112.94646,37.66353],[-112.93943,37.66693],[-112.93714,37.67218],[-112.92693,37.6826],[-112.93033,37.69068],[-112.92686,37.69996],[-112.92808,37.70636],[-112.93313,37.7158],[-112.92916,37.72166],[-112.93367,37.72619],[-112.93114,37.73715],[-112.9359,37.73924],[-112.93821,37.75065],[-112.94542,37.76224],[-112.95536,37.76471],[-112.96097,37.77243],[-112.96024,37.77979],[-112.9634,37.79464],[-112.9672,37.79886],[-112.98028,37.80347],[-112.98527,37.80228],[-112.99982,37.81056],[-113.00903,37.81303],[-113.0335,37.82979],[-113.0396,37.83218],[-113.03987,37.84558],[-113.03166,37.85653],[-113.03148,37.92519],[-113.03069,37.92795],[-113.00892,37.96015],[-112.9978,38.00261],[-112.99837,38.03377],[-112.99703,38.03719],[-112.98589,38.04811],[-112.97117,38.05491],[-112.9629,38.06564],[-112.9578,38.07645],[-112.9565,38.08375],[-112.95071,38.09308],[-112.94649,38.1083],[-112.95211,38.11467],[-112.9515,38.12257],[-112.9563,38.12624],[-112.95981,38.13269],[-112.95976,38.1482],[-113.25616,38.14867],[-113.43475,38.00592],[-113.43424,38.00102],[-113.24175,37.75391],[-113.26087,37.73914],[-113.26477,37.73483],[-113.27018,37.72442],[-113.28316,37.71105],[-113.28392,37.70782],[-113.27817,37.69778],[-113.28025,37.68814],[-113.32876,37.66502],[-113.33571,37.65506],[-113.33443,37.65314],[-113.33468,37.63866],[-113.34448,37.62255],[-113.35026,37.61731],[-113.35344,37.60924],[-113.36241,37.60621],[-113.37285,37.60085],[-113.37731,37.59516],[-113.40228,37.57994],[-113.42024,37.57043],[-113.42552,37.56577],[-113.43937,37.56357],[-113.45219,37.55907],[-113.46321,37.55711],[-113.47402,37.55359],[-113.47403,37.52909],[-113.32846,37.52917],[-113.25334,37.52898],[-113.25349,37.48217],[-113.21697,37.48194],[-113.21697,37.48104],[-113.14611,37.48103],[-113.14608,37.4743],[-113.03705,37.47447],[-113.03709,37.49975],[-112.90092,37.50002],[-112.90116,37.54349],[-112.78485,37.54348]]]},"properties":{"STATEFP":"49","COUNTYFP":"021","COUSUBFP":"90344","COUSUBNS":"01939353","GEOIDFQ":"0600000US4902190344","GEOID":"4902190344","NAME":"Cedar City","NAMELSAD":"Cedar City CCD","STUSPS":"UT","NAMELSADCO":"Iron County","STATE_NAME":"Utah","LSAD":"22","ALAND":2435867168,"AWATER":6006475}},
{"type":"Feature","geometry":{"type":"Polygon","coordinates":[[[-112.60184,40.42669],[-112.60605,40.43185],[-112.6079,40.44869],[-112.61682,40.45155],[-112.62144,40.45611],[-112.62504,40.46688],[-112.63308,40.47248],[-112.63679,40.47806],[-112.6378,40.49239],[-112.64406,40.49688],[-112.6451,40.50121],[-112.63198,40.50153],[-112.62541,40.51698],[-112.62795,40.52812],[-112.62294,40.53882],[-112.62397,40.54791],[-112.61921,40.55476],[-112.62138,40.5627],[-112.6152,40.57012],[-112.6104,40.58143],[-112.6203,40.58448],[-112.62212,40.59088],[-112.61582,40.59889],[-112.61315,40.61025],[-112.60582,40.61863],[-112.6037,40.63534],[-112.60137,40.64116],[-112.60729,40.64302],[-112.61206,40.64924],[-112.62614,40.65886],[-112.6263,40.66498],[-112.63091,40.67773],[-112.62826,40.68503],[-112.63105,40.71086],[-112.63361,40.71947],[-112.63173,40.72762],[-112.63895,40.7326],[-112.63933,40.73627],[-112.65344,40.74399],[-112.65292,40.7456],[-112.63555,40.74397],[-112.62235,40.73957],[-112.62061,40.74628],[-112.62059,40.76377],[-112.62297,40.77269],[-112.63683,40.79085],[-112.64667,40.80046],[-112.60034,40.84133],[-112.61646,40.87494],[-112.63346,40.9181],[-112.6418,40.92505],[-112.67471,40.94331],[-112.67983,40.94815],[-112.70243,40.9613],[-112.70631,40.97185],[-112.70457,40.98463],[-112.69455,40.99477],[-112.6825,40.99994],[-112.67677,41.01024],[-112.66663,41.02391],[-112.66359,41.03428],[-112.7486,41.01293],[-112.79936,40.99994],[-113.05908,40.99993],[-114.04215,40.9999],[-114.04241,40.94202],[-114.04318,40.77168],[-114.04383,40.75867],[-114.0435,40.72629],[-114.04528,40.50659],[-114.04552,40.49447],[-114.04522,40.43028],[-114.04618,40.39831],[-114.04615,40.23197],[-114.04674,40.10423],[-114.04639,40.0979],[-114.04683,40.03013],[-114.04655,39.9969],[-114.04713,39.9061],[-113.92481,39.90593],[-113.70129,39.90553],[-113.2485,39.90532],[-113.2485,39.90471],[-113.02499,39.9049],[-112.79808,39.9042],[-112.79808,39.90369],[-112.60393,39.90368],[-112.45755,39.90389],[-112.45427,39.91348],[-112.43752,39.92412],[-112.4491,39.9364],[-112.45872,39.93985],[-112.47072,39.94703],[-112.48885,39.96106],[-112.50246,39.96135],[-112.51053,39.96797],[-112.529,39.97487],[-112.54053,39.98436],[-112.54808,40.00717],[-112.55107,40.01066],[-112.55774,40.01181],[-112.56604,40.03455],[-112.57617,40.04118],[-112.5886,40.05363],[-112.58982,40.06176],[-112.58731,40.06702],[-112.56985,40.07799],[-112.56816,40.0831],[-112.5698,40.09076],[-112.56345,40.10458],[-112.56616,40.11488],[-112.56197,40.12335],[-112.56268,40.13579],[-112.55937,40.15019],[-112.55162,40.15414],[-112.54561,40.1613],[-112.54098,40.1709],[-112.54035,40.18115],[-112.54378,40.19069],[-112.55126,40.19594],[-112.56132,40.20004],[-112.56015,40.2095],[-112.56862,40.22827],[-112.56079,40.23241],[-112.55056,40.24232],[-112.56098,40.2804],[-112.57004,40.2864],[-112.58419,40.30934],[-112.58543,40.31956],[-112.58099,40.32956],[-112.56967,40.34002],[-112.56787,40.34871],[-112.57115,40.35306],[-112.58578,40.36565],[-112.59175,40.37961],[-112.59294,40.38921],[-112.59203,40.39813],[-112.59352,40.40545],[-112.60725,40.41553],[-112.60815,40.4185],[-112.60184,40.42669]]]},"properties":{"STATEFP":"49","COUNTYFP":"045","COUSUBFP":"90602","COUSUBNS":"01939359","GEOIDFQ":"0600000US4904590602","GEOID":"4904590602","NAME":"Dugway-Wendover","NAMELSAD":"Dugway-Wendover CCD","STUSPS":"UT","NAMELSADCO":"Tooele County","STATE_NAME":"Utah","LSAD":"22","ALAND":14888253174,"AWATER":93018361}},
{"type":"Feature","geometry":{"type":"Polygon","coordinates":[[[-111.43196,40.68455],[-111.42342,40.68124],[-111.41219,40.68115],[-111.39931,40.69044],[-111.39361,40.69036],[-111.39415,40.684],[-111.38963,40.67784],[-111.39129,40.67105],[-111.3902,40.66064],[-111.38107,40.64595],[-111.37639,40.64261],[-111.375,40.63268],[-111.35843,40.62993],[-111.35002,40.62501],[-111.33338,40.62265],[-111.32621,40.62293],[-111.32162,40.61827],[-111.31474,40.61658],[-111.30289,40.60594],[-111.2942,40.60817],[-111.29071,40.60071],[-111.27863,40.59572],[-111.26534,40.58725],[-111.25272,40.58184],[-111.23834,40.57756],[-111.23095,40.57857],[-111.22151,40.57433],[-111.2123,40.57394],[-111.20959,40.57131],[-111.18926,40.56516],[-111.18179,40.55876],[-111.16759,40.5576],[-111.16465,40.55478],[-111.1623,40.55106],[-111.15153,40.54833],[-111.14722,40.5496],[-111.13746,40.55828],[-111.13598,40.56811],[-111.13123,40.57836],[-111.12588,40.58195],[-111.12087,40.59046],[-111.10669,40.59407],[-111.08853,40.5922],[-111.07911,40.59455],[-111.05559,40.58188],[-111.03117,40.57596],[-111.0249,40.5775],[-111.01809,40.5833],[-111.01616,40.58888],[-111.00713,40.59278],[-110.98174,40.59126],[-110.96411,40.60315],[-110.96104,40.60763],[-110.96293,40.61524],[-110.9574,40.62848],[-110.9525,40.63235],[-110.94678,40.64232],[-110.94581,40.65611],[-110.94882,40.66133],[-110.94443,40.6726],[-110.93352,40.68034],[-110.92472,40.68011],[-110.90195,40.68219],[-110.90178,40.68858],[-110.905,40.69463],[-110.903,40.70637],[-110.89582,40.71322],[-110.88515,40.71633],[-110.89445,40.72357],[-110.89239,40.72696],[-110.87526,40.72832],[-110.86255,40.72162],[-110.85436,40.72219],[-110.84748,40.72527],[-110.83937,40.71999],[-110.83181,40.71802],[-110.82341,40.71048],[-110.80671,40.71157],[-110.79374,40.71902],[-110.78322,40.73096],[-110.77461,40.73136],[-110.76522,40.73703],[-110.76635,40.74139],[-110.75667,40.74299],[-110.75056,40.74756],[-110.743,40.74473],[-110.73382,40.74682],[-110.72166,40.74547],[-110.71168,40.75271],[-110.6961,40.74647],[-110.69053,40.74152],[-110.67577,40.739],[-110.66471,40.74198],[-110.65648,40.74027],[-110.64759,40.74804],[-110.64651,40.75344],[-110.64215,40.75483],[-110.63374,40.76543],[-110.62547,40.76953],[-110.60738,40.75858],[-110.59931,40.75699],[-110.58883,40.76189],[-110.58318,40.76272],[-110.57589,40.75648],[-110.56202,40.7579],[-110.55249,40.76419],[-110.54703,40.77373],[-110.53352,40.77108],[-110.5266,40.76256],[-110.52351,40.7615],[-110.49781,40.76865],[-110.48711,40.78029],[-110.48097,40.77501],[-110.47262,40.77185],[-110.46161,40.77609],[-110.46083,40.78001],[-110.4458,40.78113],[-110.4377,40.77778],[-110.43231,40.77851],[-110.42717,40.78917],[-110.42397,40.7919],[-110.411,40.7843],[-110.40459,40.78433],[-110.39648,40.78741],[-110.37896,40.78718],[-110.36677,40.79253],[-110.35517,40.80009],[-110.34885,40.80905],[-110.35112,40.81575],[-110.34248,40.82345],[-110.32743,40.81948],[-110.30142,40.82639],[-110.29673,40.83265],[-110.2891,40.82839],[-110.28252,40.82812],[-110.2711,40.83271],[-110.26097,40.83482],[-110.248,40.83269],[-110.2382,40.82819],[-110.22939,40.83081],[-110.2213,40.82557],[-110.21049,40.82623],[-110.20266,40.8218],[-110.18804,40.8244],[-110.18245,40.82016],[-110.17113,40.81676],[-110.16728,40.81988],[-110.15879,40.82102],[-110.14829,40.81733],[-110.14633,40.81353],[-110.13782,40.81091],[-110.12651,40.81494],[-110.11918,40.81102],[-110.11155,40.81151],[-110.10262,40.8079],[-110.08834,40.81106],[-110.07557,40.81004],[-110.06441,40.81421],[-110.05203,40.81229],[-110.0427,40.82067],[-110.03685,40.81831],[-110.0272,40.8203],[-110.02076,40.81875],[-110.01602,40.8145],[-110.00071,40.81368],[-110.00071,40.99735],[-110.00649,40.99782],[-110.12164,40.9971],[-110.12571,40.99655],[-110.23785,40.99543],[-110.25071,40.99609],[-110.37571,40.99495],[-110.50072,40.99475],[-110.53982,40.99635],[-110.71503,40.99635],[-110.75073,40.99685],[-110.87206,40.9973],[-110.85977,40.97796],[-110.85718,40.96993],[-110.85193,40.96342],[-110.85676,40.95869],[-110.85653,40.9476],[-110.86075,40.93828],[-110.86606,40.93222],[-110.87355,40.91698],[-110.87801,40.91271],[-110.88894,40.90741],[-110.89549,40.90114],[-110.9013,40.89953],[-110.91404,40.87288],[-110.92075,40.86568],[-110.94153,40.85552],[-110.95794,40.85251],[-110.96502,40.84851],[-110.96045,40.84478],[-110.97191,40.83691],[-110.9786,40.83922],[-110.99472,40.85029],[-111.00548,40.84438],[-111.0215,40.84373],[-111.03891,40.84766],[-111.04652,40.84692],[-111.05765,40.84319],[-111.06349,40.84449],[-111.07584,40.83336],[-111.08835,40.83273],[-111.0912,40.83011],[-111.09891,40.83136],[-111.12298,40.82874],[-111.12983,40.83025],[-111.13689,40.82789],[-111.16113,40.8244],[-111.18167,40.80885],[-111.19047,40.80857],[-111.19825,40.81217],[-111.24611,40.81106],[-111.25807,40.80685],[-111.26828,40.80618],[-111.27529,40.80853],[-111.29342,40.8032],[-111.29755,40.79601],[-111.30562,40.79113],[-111.31876,40.79048],[-111.32843,40.78866],[-111.33441,40.78569],[-111.35666,40.77951],[-111.36835,40.77162],[-111.3794,40.76752],[-111.38201,40.76392],[-111.37498,40.75922],[-111.37126,40.75387],[-111.34998,40.73763],[-111.36285,40.73723],[-111.36882,40.73354],[-111.37533,40.73253],[-111.39547,40.71625],[-111.40709,40.71501],[-111.42591,40.70632],[-111.43162,40.69937],[-111.43196,40.68455]]]},"properties":{"STATEFP":"49","COUNTYFP":"043","COUSUBFP":"91548","COUSUBNS":"01939381","GEOIDFQ":"0600000US4904391548","GEOID":"4904391548","NAME":"Kamas","NAMELSAD":"Kamas CCD","STUSPS":"UT","NAMELSADCO":"Summit County","STATE_NAME":"Utah","LSAD":"22","ALAND":2797119983,"AWATER":14460436}},
{"type":"Feature","geometry":{"type":"Polygon","coordinates":[[[-111.04655,41.25163],[-111.0466,41.36069],[-111.04626,41.37773],[-111.0459,41.52159],[-111.04582,41.57984],[-111.04624,41.77964],[-111.12203,41.77255],[-111.12249,41.77003],[-111.15253,41.74262],[-111.15898,41.73348],[-111.15927,41.70594],[-111.1621,41.70079],[-111.17157,41.69688],[-111.1737,41.70624],[-111.18823,41.70662],[-111.18898,41.71036],[-111.19618,41.71218],[-111.20226,41.71752],[-111.21725,41.72662],[-111.22979,41.72458],[-111.24288,41.72489],[-111.2524,41.72907],[-111.25582,41.72841],[-111.26723,41.7318],[-111.27704,41.73647],[-111.2918,41.73692],[-111.31226,41.73534],[-111.32382,41.73269],[-111.33882,41.72344],[-111.3451,41.71631],[-111.34875,41.70827],[-111.37124,41.69938],[-111.37347,41.68955],[-111.37868,41.69048],[-111.39409,41.68675],[-111.39852,41.68383],[-111.40545,41.68478],[-111.41557,41.68291],[-111.42591,41.67673],[-111.42077,41.67415],[-111.41527,41.67598],[-111.41317,41.6661],[-111.40209,41.65905],[-111.40163,41.65408],[-111.40825,41.64915],[-111.40867,41.64493],[-111.4165,41.63887],[-111.41066,41.62744],[-111.41769,41.62243],[-111.4228,41.62404],[-111.42984,41.61819],[-111.42773,41.60919],[-111.42688,41.58581],[-111.43038,41.57694],[-111.42941,41.56703],[-111.43346,41.55296],[-111.44225,41.54897],[-111.44485,41.54481],[-111.44173,41.53509],[-111.45613,41.52701],[-111.45643,41.52112],[-111.4646,41.51511],[-111.46703,41.50933],[-111.47819,41.50376],[-111.47473,41.50023],[-111.47559,41.4886],[-111.47844,41.48667],[-111.48149,41.47704],[-111.49056,41.47221],[-111.4899,41.46633],[-111.50076,41.46445],[-111.50354,41.45941],[-111.5029,41.4496],[-111.5056,41.4429],[-111.50076,41.43762],[-111.51051,41.42805],[-111.51081,41.42314],[-111.50649,41.41815],[-111.50803,41.41406],[-111.49083,41.40484],[-111.47545,41.39984],[-111.47842,41.39057],[-111.47762,41.38435],[-111.46557,41.38097],[-111.46079,41.37419],[-111.44783,41.37286],[-111.44686,41.36814],[-111.43769,41.36673],[-111.43422,41.36233],[-111.42346,41.36314],[-111.42073,41.36131],[-111.40476,41.36217],[-111.40407,41.36876],[-111.39613,41.37331],[-111.38415,41.37396],[-111.36787,41.36529],[-111.36715,41.36166],[-111.35355,41.36282],[-111.34023,41.35546],[-111.33194,41.35747],[-111.32711,41.35325],[-111.3271,41.34549],[-111.31879,41.34383],[-111.30533,41.33367],[-111.29536,41.33043],[-111.29458,41.31281],[-111.28602,41.30561],[-111.2618,41.29668],[-111.25945,41.2908],[-111.26143,41.28694],[-111.27004,41.2835],[-111.27728,41.27738],[-111.27425,41.26439],[-111.28091,41.2614],[-111.27664,41.25687],[-111.27719,41.24491],[-111.26943,41.23726],[-111.28272,41.22825],[-111.28169,41.22516],[-111.25411,41.22906],[-111.25311,41.22268],[-111.25647,41.21783],[-111.25231,41.21468],[-111.24278,41.21535],[-111.23365,41.21827],[-111.22208,41.2153],[-111.22148,41.21272],[-111.23089,41.20375],[-111.23046,41.19499],[-111.22567,41.19126],[-111.23615,41.18199],[-111.2331,41.17766],[-111.23776,41.17038],[-111.26497,41.14404],[-111.26266,41.14107],[-111.24453,41.1452],[-111.24116,41.142],[-111.23282,41.14288],[-111.22291,41.15178],[-111.20618,41.16227],[-111.18811,41.16962],[-111.17576,41.17029],[-111.1674,41.17613],[-111.16103,41.17606],[-111.14107,41.18708],[-111.14187,41.19033],[-111.12951,41.19776],[-111.13316,41.20686],[-111.12181,41.20883],[-111.1103,41.21469],[-111.10154,41.20771],[-111.09774,41.21214],[-111.09051,41.22566],[-111.07584,41.24327],[-111.06464,41.25016],[-111.04655,41.25163]]]},"properties":{"STATEFP":"49","COUNTYFP":"033","COUSUBFP":"92752","COUSUBNS":"01939409","GEOIDFQ":"0600000US4903392752","GEOID":"4903392752","NAME":"Randolph-Woodruff","NAMELSAD":"Randolph-Woodruff CCD","STUSPS":"UT","NAMELSADCO":"Rich County","STATE_NAME":"Utah","LSAD":"22","ALAND":1737253257,"AWATER":5208962}},
{"type":"Feature","geometry":{"type":"Polygon","coordinates":[[[-111.87295,41.18777],[-111.86027,41.19388],[-111.85821,41.1976],[-111.83966,41.19939],[-111.82892,41.20483],[-111.81754,41.20475],[-111.806,41.2159],[-111.79359,41.21591],[-111.78971,41.21863],[-111.77892,41.21669],[-111.77448,41.21815],[-111.76168,41.20836],[-111.75468,41.21477],[-111.74598,41.21245],[-111.74552,41.20376],[-111.73713,41.20129],[-111.72152,41.19157],[-111.71655,41.18625],[-111.70586,41.18319],[-111.68476,41.18061],[-111.67268,41.18309],[-111.66661,41.18759],[-111.65864,41.18572],[-111.64766,41.19178],[-111.64036,41.19895],[-111.62496,41.19998],[-111.62276,41.20579],[-111.61171,41.20987],[-111.60659,41.22483],[-111.60896,41.22943],[-111.59639,41.23874],[-111.58882,41.24096],[-111.58404,41.23834],[-111.55961,41.24007],[-111.55414,41.23781],[-111.53676,41.23646],[-111.52266,41.23025],[-111.51198,41.22897],[-111.50606,41.23093],[-111.49681,41.23061],[-111.49153,41.23686],[-111.49461,41.24099],[-111.47756,41.2452],[-111.47818,41.25049],[-111.47169,41.25146],[-111.47112,41.25575],[-111.46443,41.25811],[-111.46646,41.26248],[-111.45814,41.26787],[-111.45807,41.27329],[-111.44512,41.27806],[-111.44647,41.28157],[-111.44282,41.29236],[-111.44411,41.30629],[-111.44941,41.31571],[-111.44312,41.32218],[-111.43768,41.32326],[-111.43659,41.33125],[-111.43798,41.33794],[-111.43436,41.34226],[-111.42933,41.3415],[-111.42408,41.34675],[-111.42401,41.35634],[-111.42073,41.36131],[-111.42346,41.36314],[-111.43422,41.36233],[-111.43769,41.36673],[-111.44686,41.36814],[-111.44783,41.37286],[-111.46079,41.37419],[-111.46557,41.38097],[-111.47762,41.38435],[-111.47842,41.39057],[-111.47545,41.39984],[-111.49083,41.40484],[-111.50803,41.41406],[-111.50649,41.41815],[-111.51081,41.42314],[-111.51756,41.42168],[-111.52142,41.41604],[-111.53144,41.41464],[-111.53417,41.41126],[-111.54482,41.4093],[-111.55137,41.41372],[-111.55425,41.42385],[-111.56436,41.42316],[-111.57157,41.42512],[-111.57503,41.42892],[-111.58377,41.4185],[-111.59952,41.42131],[-111.61058,41.41919],[-111.61843,41.42239],[-111.62662,41.41763],[-111.63111,41.41829],[-111.64011,41.41452],[-111.64379,41.40634],[-111.65237,41.40772],[-111.66423,41.42362],[-111.66637,41.42861],[-111.67888,41.42727],[-111.69598,41.41707],[-111.71164,41.42318],[-111.72291,41.42339],[-111.71857,41.41686],[-111.70794,41.41253],[-111.70654,41.40486],[-111.72673,41.38496],[-111.7258,41.37628],[-111.73565,41.37476],[-111.7463,41.36979],[-111.76059,41.36882],[-111.76654,41.37002],[-111.77308,41.37644],[-111.77688,41.37702],[-111.78922,41.38458],[-111.79271,41.39132],[-111.7972,41.39238],[-111.81361,41.388],[-111.81993,41.39182],[-111.82953,41.38947],[-111.83927,41.38894],[-111.84274,41.3922],[-111.86859,41.39867],[-111.87515,41.40494],[-111.87905,41.41679],[-111.8726,41.422],[-111.88553,41.42634],[-111.8915,41.42279],[-111.89301,41.4181],[-111.90396,41.41891],[-111.91785,41.41245],[-111.92717,41.41278],[-111.93154,41.41616],[-111.93811,41.41579],[-111.94055,41.42047],[-111.95336,41.42858],[-111.95829,41.43387],[-111.96376,41.42519],[-111.97236,41.42009],[-111.96776,41.40994],[-111.96745,41.39566],[-111.97381,41.38568],[-111.97523,41.37787],[-111.96325,41.36549],[-111.95941,41.36105],[-111.96075,41.35114],[-111.95657,41.34349],[-111.96055,41.33762],[-111.95926,41.32806],[-111.94831,41.32619],[-111.9359,41.31573],[-111.93478,41.30989],[-111.94229,41.2912],[-111.94395,41.28468],[-111.94414,41.26392],[-111.93959,41.26052],[-111.93285,41.24887],[-111.92615,41.24049],[-111.92472,41.23303],[-111.93011,41.22742],[-111.92892,41.22024],[-111.92989,41.17751],[-111.92492,41.17226],[-111.89619,41.17317],[-111.88534,41.18138],[-111.88082,41.1886],[-111.87295,41.18777]]]},"properties":{"STATEFP":"49","COUNTYFP":"057","COUSUBFP":"92365","COUSUBNS":"01939400","GEOIDFQ":"0600000US4905792365","GEOID":"4905792365","NAME":"Ogden Valley","NAMELSAD":"Ogden Valley CCD","STUSPS":"UT","NAMELSADCO":"Weber County","STATE_NAME":"Utah","LSAD":"22","ALAND":905052254,"AWATER":10784495}},
{"type":"Feature","geometry":{"type":"Polygon","coordinates":[[[-109.70977,36.99837],[-109.62567,36.99831],[-109.49534,36.99911],[-109.38256,36.99915],[-109.1812,36.99927],[-109.04522,36.99908],[-109.04516,37.11206],[-109.04599,37.17728],[-109.04549,37.21084],[-109.04558,37.24935],[-109.04604,37.24999],[-109.04584,37.35972],[-109.07737,37.35981],[-109.07736,37.34546],[-109.0959,37.34545],[-109.0958,37.35986],[-109.11435,37.35991],[-109.1146,37.3452],[-109.13049,37.34396],[-109.13217,37.34641],[-109.13212,37.37463],[-109.16786,37.37532],[-109.18271,37.37467],[-109.2224,37.375],[-109.22187,37.38911],[-109.20501,37.38894],[-109.2034,37.39542],[-109.19858,37.39974],[-109.18668,37.40347],[-109.1873,37.42938],[-109.19225,37.43225],[-109.21436,37.43225],[-109.24112,37.43223],[-109.24123,37.44695],[-109.27729,37.44698],[-109.27723,37.46136],[-109.30463,37.46129],[-109.30443,37.44705],[-109.34928,37.44685],[-109.34918,37.46149],[-109.36701,37.4617],[-109.3669,37.44712],[-109.40366,37.447],[-109.40375,37.43255],[-109.4129,37.43259],[-109.41288,37.41089],[-109.42191,37.41083],[-109.42193,37.38902],[-109.43739,37.38917],[-109.43464,37.38354],[-109.43859,37.37615],[-109.45203,37.36826],[-109.45297,37.36002],[-109.39392,37.36009],[-109.39378,37.34952],[-109.39874,37.34948],[-109.3989,37.33925],[-109.4033,37.33927],[-109.40341,37.32787],[-109.39437,37.32056],[-109.3806,37.32063],[-109.3756,37.32442],[-109.37587,37.33125],[-109.35315,37.3314],[-109.35324,37.32024],[-109.3493,37.31657],[-109.33094,37.31667],[-109.33149,37.29736],[-109.33895,37.28021],[-109.33137,37.27357],[-109.33153,37.26819],[-109.34435,37.26845],[-109.35918,37.2624],[-109.36497,37.26203],[-109.36946,37.26601],[-109.39719,37.27506],[-109.40386,37.27518],[-109.41338,37.28334],[-109.42642,37.28297],[-109.43163,37.27603],[-109.43949,37.27352],[-109.45094,37.27477],[-109.46914,37.28317],[-109.48699,37.28178],[-109.49346,37.27931],[-109.50469,37.27976],[-109.52039,37.27489],[-109.52856,37.27476],[-109.53999,37.27663],[-109.54417,37.27145],[-109.55149,37.27283],[-109.56267,37.27169],[-109.57356,37.2664],[-109.5914,37.26153],[-109.59962,37.26504],[-109.60245,37.26146],[-109.62083,37.25546],[-109.61928,37.24031],[-109.63497,37.24269],[-109.64736,37.2409],[-109.65943,37.23406],[-109.66439,37.23539],[-109.6714,37.22936],[-109.67244,37.22357],[-109.68727,37.21796],[-109.69607,37.21831],[-109.71305,37.21019],[-109.71592,37.19903],[-109.70391,37.20327],[-109.69665,37.19678],[-109.69554,37.19317],[-109.70416,37.18265],[-109.7055,37.17781],[-109.7011,37.17319],[-109.70578,37.16565],[-109.71847,37.16498],[-109.71793,37.16007],[-109.72398,37.15639],[-109.73088,37.15683],[-109.73674,37.13742],[-109.73066,37.13533],[-109.72795,37.13031],[-109.71948,37.12831],[-109.71083,37.13191],[-109.70836,37.125],[-109.69986,37.12824],[-109.7012,37.11834],[-109.7105,37.115],[-109.70489,37.10761],[-109.70548,37.10497],[-109.72256,37.10303],[-109.72803,37.09933],[-109.72956,37.09427],[-109.72651,37.08132],[-109.71365,37.08222],[-109.72092,37.07476],[-109.72235,37.06979],[-109.71984,37.06277],[-109.71273,37.0596],[-109.71082,37.05044],[-109.71895,37.04737],[-109.71801,37.04251],[-109.71148,37.04352],[-109.70273,37.04013],[-109.70252,37.033],[-109.70786,37.02823],[-109.70144,37.02289],[-109.70536,37.01335],[-109.70394,37.00931],[-109.70977,36.99837]]]},"properties":{"STATEFP":"49","COUNTYFP":"037","COUSUBFP":"90280","COUSUBNS":"01939410","GEOIDFQ":"0600000US4903790280","GEOID":"4903790280","NAME":"Casa del Eco Mesa-White Mesa","NAMELSAD":"Casa del Eco Mesa-White Mesa CCD","STUSPS":"UT","NAMELSADCO":"San Juan County","STATE_NAME":"Utah","LSAD":"22","ALAND":2220692129,"AWATER":8673141}},
{"type":"Feature","geometry":{"type":"Polygon","coordinates":[[[-110.63892,39.60819],[-110.64253,39.6042],[-110.64226,39.59499],[-110.64831,39.58402],[-110.72774,39.60782],[-110.74898,39.6308],[-110.79359,39.67732],[-110.79681,39.66754],[-110.79168,39.65835],[-110.79466,39.64963],[-110.79592,39.63854],[-110.80557,39.64552],[-110.8034,39.65324],[-110.81014,39.65272],[-110.81445,39.65549],[-110.8285,39.64538],[-110.83769,39.64346],[-110.83465,39.65204],[-110.85672,39.65158],[-110.87688,39.65254],[-110.89049,39.65535],[-110.89967,39.65138],[-110.90908,39.65096],[-110.91754,39.65473],[-110.92097,39.64314],[-110.93241,39.63944],[-110.93429,39.63227],[-110.94403,39.62211],[-110.95289,39.62014],[-110.95437,39.61683],[-110.96277,39.62043],[-110.96941,39.61995],[-110.97946,39.6165],[-110.98914,39.61995],[-111.01013,39.61811],[-111.0209,39.60728],[-111.02809,39.60362],[-111.03602,39.59684],[-111.04037,39.59589],[-111.0516,39.58242],[-111.05998,39.58081],[-111.07266,39.57554],[-111.07413,39.57222],[-111.08983,39.56165],[-111.0904,39.55015],[-111.09582,39.5452],[-111.10412,39.54185],[-111.10744,39.53806],[-111.0995,39.53672],[-111.08553,39.52185],[-111.08616,39.51445],[-111.08043,39.49574],[-111.07469,39.49114],[-111.07749,39.48399],[-111.07615,39.47831],[-111.08072,39.47539],[-111.07754,39.46974],[-110.85672,39.46952],[-110.75807,39.4693],[-110.6446,39.46951],[-110.60378,39.46972],[-110.61006,39.48068],[-110.62352,39.48695],[-110.61823,39.49462],[-110.61965,39.50989],[-110.61595,39.5208],[-110.62339,39.53073],[-110.62073,39.54145],[-110.61614,39.54416],[-110.59961,39.53705],[-110.59134,39.55339],[-110.5732,39.5793],[-110.57938,39.58611],[-110.58737,39.58609],[-110.59611,39.59572],[-110.59472,39.59984],[-110.59947,39.60537],[-110.61182,39.61044],[-110.62294,39.60632],[-110.63892,39.60819]]]},"properties":{"STATEFP":"49","COUNTYFP":"007","COUSUBFP":"92666","COUSUBNS":"01939407","GEOIDFQ":"0600000US4900792666","GEOID":"4900792666","NAME":"Price","NAMELSAD":"Price CCD","STUSPS":"UT","NAMELSADCO":"Carbon County","STATE_NAME":"Utah","LSAD":"22","ALAND":702545460,"AWATER":56983}},
{"type":"Feature","geometry":{"type":"Polygon","coordinates":[[[-110.83342,38.49998],[-110.02528,38.49998],[-110.04433,38.50738],[-110.04419,38.51603],[-110.03395,38.51843],[-110.023,38.51321],[-110.01599,38.51356],[-110.01135,38.52486],[-110.00019,38.52201],[-109.99385,38.52551],[-109.99555,38.52941],[-110.00512,38.53907],[-110.00562,38.54316],[-109.99978,38.55144],[-109.99222,38.55589],[-109.98799,38.56381],[-109.995,38.56904],[-110.00036,38.56801],[-110.01007,38.56176],[-110.01759,38.56333],[-110.02089,38.57445],[-110.02659,38.57695],[-110.03294,38.57197],[-110.03886,38.57222],[-110.04361,38.57788],[-110.05576,38.57827],[-110.05872,38.582],[-110.0515,38.59175],[-110.0336,38.60459],[-110.02558,38.59996],[-110.01841,38.5898],[-110.00964,38.58711],[-110.00242,38.58842],[-109.99756,38.59197],[-109.99559,38.5988],[-109.99604,38.60825],[-109.99888,38.61674],[-110.0111,38.62388],[-110.01591,38.623],[-110.02005,38.61205],[-110.02645,38.60863],[-110.03761,38.60911],[-110.05213,38.60527],[-110.06488,38.60845],[-110.06896,38.61588],[-110.0616,38.61988],[-110.0493,38.61548],[-110.04244,38.61704],[-110.04246,38.62298],[-110.04931,38.6344],[-110.04651,38.64154],[-110.03626,38.65131],[-110.04004,38.65873],[-110.0473,38.65862],[-110.04758,38.65001],[-110.0514,38.64623],[-110.06002,38.65048],[-110.05568,38.65675],[-110.05917,38.66213],[-110.07097,38.65673],[-110.07414,38.66148],[-110.06868,38.67016],[-110.0759,38.67232],[-110.08869,38.66523],[-110.09352,38.6698],[-110.08665,38.67712],[-110.09041,38.68232],[-110.0983,38.68873],[-110.1011,38.69354],[-110.08657,38.70615],[-110.08655,38.71178],[-110.09136,38.71466],[-110.10501,38.71258],[-110.11279,38.70676],[-110.12061,38.70584],[-110.11959,38.71263],[-110.11039,38.71261],[-110.10767,38.71884],[-110.11236,38.72569],[-110.1129,38.73273],[-110.10605,38.73968],[-110.10187,38.74691],[-110.09206,38.75129],[-110.08318,38.75192],[-110.08155,38.75482],[-110.09114,38.77059],[-110.10885,38.77847],[-110.11694,38.78532],[-110.12151,38.79126],[-110.11898,38.7955],[-110.10773,38.7986],[-110.10454,38.80155],[-110.10627,38.81077],[-110.11237,38.81861],[-110.12203,38.81996],[-110.12072,38.83226],[-110.13589,38.8345],[-110.14558,38.83928],[-110.14598,38.8428],[-110.13713,38.85677],[-110.13797,38.86788],[-110.14489,38.8686],[-110.15268,38.86257],[-110.15809,38.86175],[-110.16289,38.86566],[-110.16065,38.87314],[-110.16183,38.87884],[-110.15982,38.89125],[-110.16666,38.90041],[-110.17876,38.90689],[-110.17611,38.91217],[-110.17858,38.91924],[-110.17332,38.92704],[-110.16494,38.92674],[-110.1429,38.92381],[-110.13823,38.92436],[-110.13465,38.93379],[-110.1408,38.94445],[-110.15247,38.95029],[-110.14885,38.95536],[-110.1417,38.95699],[-110.1367,38.96265],[-110.14928,38.97189],[-110.14788,38.97975],[-110.11981,38.97982],[-110.11976,38.9834],[-110.1057,38.98339],[-110.10569,38.9798],[-110.09634,38.97899],[-110.06911,38.97898],[-110.06913,38.96445],[-110.0505,38.96445],[-110.05051,38.95719],[-110.0412,38.95719],[-110.0412,38.94993],[-110.00398,38.94991],[-110.00398,38.96445],[-110.02259,38.96445],[-110.02256,38.97897],[-110.04118,38.97898],[-110.04118,38.99352],[-110.05981,38.99354],[-110.05981,38.98625],[-110.09634,38.98626],[-110.09632,39.00168],[-110.1339,39.00174],[-110.13387,38.99438],[-110.14079,38.9944],[-110.15018,38.99724],[-110.15025,39.00215],[-110.14285,39.00095],[-110.13796,39.00412],[-110.13967,39.00862],[-110.14929,39.01004],[-110.1534,39.01641],[-110.14231,39.02008],[-110.13994,39.02481],[-110.15348,39.03094],[-110.15651,39.03688],[-110.14846,39.04085],[-110.13902,39.06095],[-110.13962,39.07012],[-110.14495,39.07723],[-110.14009,39.08124],[-110.14052,39.08836],[-110.12883,39.09033],[-110.11748,39.09627],[-110.11808,39.10127],[-110.1098,39.11475],[-110.11504,39.12211],[-110.11157,39.13036],[-110.09961,39.13649],[-110.10308,39.14309],[-110.11274,39.14702],[-110.11547,39.15581],[-110.1107,39.16123],[-110.10347,39.16314],[-110.09905,39.16772],[-110.10513,39.17813],[-110.10453,39.18218],[-110.098,39.1899],[-110.08999,39.19349],[-110.08027,39.193],[-110.07321,39.20125],[-110.07236,39.20682],[-110.07769,39.21785],[-110.07808,39.22477],[-110.0729,39.22889],[-110.0659,39.22382],[-110.06114,39.22363],[-110.05384,39.22932],[-110.05872,39.23954],[-110.06269,39.2522],[-110.06042,39.25704],[-110.0615,39.26593],[-110.0744,39.27146],[-110.07756,39.27686],[-110.07316,39.28261],[-110.07321,39.28835],[-110.06711,39.29394],[-110.05251,39.29917],[-110.04948,39.30478],[-110.05411,39.30801],[-110.06003,39.30744],[-110.06212,39.31176],[-110.05568,39.31871],[-110.05937,39.32578],[-110.04765,39.32639],[-110.0459,39.33091],[-110.03683,39.33781],[-110.0347,39.34757],[-110.03181,39.35106],[-110.0229,39.35152],[-110.02382,39.35819],[-110.01865,39.36271],[-110.02444,39.37005],[-110.02569,39.3767],[-110.01882,39.37889],[-110.01709,39.38507],[-110.02095,39.38989],[-110.01829,39.40004],[-110.01004,39.41006],[-110.01097,39.41695],[-110.01547,39.42079],[-110.02354,39.42318],[-110.02083,39.42795],[-110.02357,39.44542],[-110.01586,39.45625],[-110.02172,39.45981],[-110.02397,39.46927],[-110.06614,39.46926],[-110.60378,39.46972],[-110.6446,39.46951],[-110.63432,39.46159],[-110.63664,39.4574],[-110.62613,39.45217],[-110.63225,39.44823],[-110.63249,39.44143],[-110.63862,39.43363],[-110.63959,39.42765],[-110.63165,39.42069],[-110.62809,39.42423],[-110.61941,39.41714],[-110.60973,39.41833],[-110.6041,39.41422],[-110.60087,39.40744],[-110.60779,39.40387],[-110.59814,39.4003],[-110.60119,39.39433],[-110.59678,39.38947],[-110.5907,39.39611],[-110.58274,39.39888],[-110.58301,39.39157],[-110.57773,39.38932],[-110.57381,39.37445],[-110.56601,39.37378],[-110.56671,39.36964],[-110.56007,39.36625],[-110.55472,39.36971],[-110.54756,39.36955],[-110.54264,39.36372],[-110.53679,39.36271],[-110.5124,39.345],[-110.51125,39.35327],[-110.50818,39.36016],[-110.50197,39.36025],[-110.4977,39.34963],[-110.49391,39.34884],[-110.48815,39.35426],[-110.489,39.36144],[-110.48029,39.36564],[-110.47864,39.35968],[-110.47158,39.35416],[-110.46423,39.36041],[-110.45813,39.35863],[-110.45749,39.34731],[-110.45966,39.34108],[-110.45562,39.33494],[-110.45008,39.33328],[-110.43973,39.33529],[-110.42415,39.33507],[-110.42576,39.33036],[-110.43535,39.33213],[-110.43354,39.32469],[-110.41977,39.32213],[-110.41314,39.31786],[-110.40451,39.31566],[-110.4004,39.31092],[-110.40544,39.30529],[-110.39769,39.30384],[-110.39664,39.29928],[-110.39061,39.29045],[-110.38389,39.28979],[-110.37595,39.28023],[-110.36911,39.27543],[-110.36838,39.26697],[-110.36186,39.26658],[-110.35431,39.26139],[-110.34312,39.26442],[-110.33897,39.25205],[-110.33851,39.19541],[-110.34118,39.19577],[-110.35058,39.20393],[-110.35465,39.19557],[-110.36258,39.20918],[-110.36934,39.20963],[-110.37098,39.20362],[-110.37887,39.19719],[-110.38466,39.19794],[-110.39864,39.19124],[-110.40364,39.19332],[-110.4115,39.19007],[-110.41056,39.18073],[-110.41743,39.17433],[-110.42474,39.17664],[-110.43364,39.16938],[-110.44649,39.17237],[-110.45707,39.1696],[-110.45912,39.17439],[-110.46525,39.17361],[-110.47816,39.17872],[-110.48807,39.17843],[-110.49089,39.17602],[-110.50472,39.17596],[-110.52768,39.18139],[-110.55014,39.17734],[-110.55713,39.1741],[-110.56418,39.17466],[-110.58465,39.1701],[-110.59752,39.16259],[-110.60455,39.15673],[-110.61226,39.15492],[-110.62115,39.14944],[-110.62565,39.14876],[-110.63663,39.15474],[-110.63875,39.14816],[-110.63673,39.14472],[-110.64283,39.13707],[-110.64452,39.12912],[-110.65785,39.11924],[-110.66497,39.10978],[-110.67085,39.10602],[-110.66509,39.10144],[-110.66681,39.09379],[-110.66346,39.08335],[-110.66624,39.08106],[-110.67541,39.08188],[-110.67987,39.07876],[-110.69285,39.0846],[-110.70378,39.08224],[-110.71618,39.08812],[-110.72197,39.08911],[-110.72908,39.09507],[-110.74009,39.09674],[-110.74003,39.09331],[-110.74891,39.09071],[-110.75072,39.08681],[-110.7587,39.08695],[-110.75921,39.0834],[-110.77602,39.0856],[-110.79164,39.09049],[-110.8079,39.08459],[-110.81143,39.08729],[-110.81979,39.08375],[-110.82683,39.07842],[-110.82905,39.07248],[-110.83504,39.06948],[-110.84382,39.06984],[-110.84267,39.0648],[-110.85202,39.05431],[-110.85843,39.04964],[-110.86433,39.05685],[-110.87882,39.05387],[-110.88384,39.04841],[-110.89397,39.04735],[-110.8999,39.04946],[-110.90183,39.05399],[-110.91177,39.05327],[-110.91782,39.0497],[-110.91638,39.03996],[-110.92108,39.03162],[-110.9266,39.02773],[-110.92498,39.02117],[-110.93396,39.0121],[-110.94088,39.01145],[-110.94487,39.0041],[-110.94861,39.0028],[-110.9626,38.98888],[-110.96178,38.98205],[-110.9709,38.97306],[-110.99248,38.96009],[-110.99479,38.95449],[-110.99165,38.94585],[-110.98648,38.94128],[-110.99005,38.93052],[-110.99664,38.9218],[-111.01174,38.91602],[-111.01981,38.90326],[-111.01008,38.90055],[-111.00958,38.89368],[-111.02166,38.88334],[-111.03735,38.87601],[-111.04725,38.86867],[-111.05344,38.84873],[-111.06118,38.84461],[-111.06587,38.83789],[-111.07171,38.83574],[-111.07102,38.82341],[-111.08543,38.82461],[-111.08782,38.81562],[-111.09228,38.80735],[-111.10175,38.7972],[-111.09744,38.79345],[-111.10595,38.78807],[-111.11003,38.78116],[-111.11658,38.77766],[-111.11454,38.7738],[-111.10752,38.76936],[-111.1071,38.76483],[-111.10188,38.76171],[-111.10031,38.74789],[-111.08603,38.74058],[-111.08993,38.73134],[-111.08411,38.73142],[-111.08422,38.71842],[-111.07624,38.71886],[-111.06846,38.71258],[-111.0642,38.70679],[-111.05005,38.69366],[-111.03912,38.69143],[-111.03805,38.69697],[-111.01434,38.69887],[-111.01217,38.69516],[-111.00347,38.69729],[-110.9979,38.68876],[-111.00155,38.68435],[-111.00085,38.67918],[-110.99611,38.67651],[-110.99613,38.67026],[-110.98985,38.66767],[-110.98816,38.65823],[-110.98256,38.65215],[-110.98542,38.64512],[-110.97705,38.6353],[-110.97997,38.63066],[-110.97363,38.62683],[-110.97442,38.61899],[-110.96742,38.61624],[-110.9712,38.60708],[-110.96935,38.60097],[-110.96899,38.59044],[-110.96221,38.58295],[-110.96541,38.58047],[-110.96395,38.57457],[-110.95653,38.56501],[-110.94974,38.5588],[-110.95378,38.54874],[-110.95063,38.5467],[-110.93976,38.54789],[-110.93701,38.54433],[-110.93655,38.53702],[-110.9309,38.53868],[-110.92818,38.53115],[-110.92447,38.53228],[-110.91057,38.53059],[-110.90317,38.53278],[-110.88924,38.52884],[-110.88883,38.52183],[-110.88077,38.51565],[-110.87197,38.51434],[-110.86782,38.50932],[-110.85538,38.50747],[-110.8421,38.5009],[-110.83342,38.49998]]]},"properties":{"STATEFP":"49","COUNTYFP":"015","COUSUBFP":"91161","COUSUBNS":"01939372","GEOIDFQ":"0600000US4901591161","GEOID":"4901591161","NAME":"Green River","NAMELSAD":"Green River CCD","STUSPS":"UT","NAMELSADCO":"Emery County","STATE_NAME":"Utah","LSAD":"22","ALAND":6695381960,"AWATER":11842386}},
{"type":"Feature","geometry":{"type":"Polygon","coordinates":[[[-109.05996,38.50003],[-109.06025,38.59933],[-109.05954,38.71989],[-109.05739,38.79546],[-109.05419,38.87498],[-109.05244,38.99999],[-109.05227,39.02233],[-109.06367,39.02467],[-109.0686,39.01871],[-109.08444,39.01858],[-109.09208,39.01559],[-109.09976,39.01756],[-109.11185,39.01054],[-109.12071,39.01021],[-109.13125,39.01364],[-109.14636,39.01524],[-109.14777,39.01304],[-109.13673,39.00618],[-109.13806,39.00175],[-109.14785,38.99396],[-109.16409,38.99482],[-109.16583,38.99018],[-109.16339,38.9831],[-109.17176,38.9834],[-109.17983,38.98006],[-109.18357,38.97164],[-109.18907,38.9658],[-109.19986,38.95979],[-109.20932,38.95934],[-109.22047,38.96914],[-109.23993,38.97519],[-109.24716,38.97329],[-109.25067,38.96915],[-109.25106,38.95671],[-109.24623,38.95374],[-109.23249,38.9512],[-109.23097,38.94336],[-109.22637,38.93786],[-109.22785,38.93171],[-109.2392,38.92684],[-109.24679,38.92166],[-109.24894,38.91591],[-109.24737,38.91092],[-109.23087,38.90575],[-109.2295,38.90236],[-109.24307,38.89871],[-109.24779,38.89435],[-109.25584,38.89306],[-109.25841,38.88394],[-109.27274,38.86816],[-109.27541,38.86262],[-109.28469,38.85453],[-109.27967,38.847],[-109.28597,38.83735],[-109.28199,38.82243],[-109.28199,38.81794],[-109.28755,38.81164],[-109.31009,38.81153],[-109.31599,38.80796],[-109.31377,38.7988],[-109.32609,38.79533],[-109.32988,38.7966],[-109.33496,38.80382],[-109.34116,38.80239],[-109.34143,38.79635],[-109.33513,38.78915],[-109.32982,38.77574],[-109.32251,38.76709],[-109.3227,38.76299],[-109.33164,38.75539],[-109.34045,38.75348],[-109.34365,38.74684],[-109.36041,38.73835],[-109.37159,38.72897],[-109.37395,38.72421],[-109.3796,38.7227],[-109.39251,38.71381],[-109.39492,38.70439],[-109.40072,38.70484],[-109.41259,38.69717],[-109.42232,38.68578],[-109.44143,38.68081],[-109.44791,38.68383],[-109.45405,38.68245],[-109.46041,38.68566],[-109.48013,38.68268],[-109.50019,38.66972],[-109.50135,38.66172],[-109.5071,38.65239],[-109.50607,38.64656],[-109.49986,38.64331],[-109.48352,38.6488],[-109.47791,38.64371],[-109.48323,38.63602],[-109.513,38.6256],[-109.5287,38.61701],[-109.53951,38.60855],[-109.54606,38.60876],[-109.55284,38.61372],[-109.5588,38.61288],[-109.56232,38.60276],[-109.56568,38.602],[-109.57834,38.60439],[-109.58804,38.60143],[-109.59348,38.59269],[-109.58729,38.58273],[-109.57794,38.57307],[-109.5852,38.55868],[-109.59608,38.54893],[-109.60514,38.532],[-109.6154,38.52909],[-109.63029,38.53613],[-109.63315,38.54688],[-109.63191,38.55796],[-109.63275,38.5687],[-109.63821,38.57789],[-109.64851,38.57614],[-109.65572,38.56872],[-109.65737,38.56135],[-109.64527,38.54938],[-109.64658,38.54487],[-109.65276,38.54134],[-109.65443,38.53154],[-109.65108,38.524],[-109.64886,38.51263],[-109.65806,38.50546],[-109.65203,38.49993],[-109.458,38.49995],[-109.32852,38.49996],[-109.05996,38.50003]]]},"properties":{"STATEFP":"49","COUNTYFP":"019","COUSUBFP":"91935","COUSUBNS":"01939390","GEOIDFQ":"0600000US4901991935","GEOID":"4901991935","NAME":"Moab","NAMELSAD":"Moab CCD","STUSPS":"UT","NAMELSADCO":"Grand County","STATE_NAME":"Utah","LSAD":"22","ALAND":1621427213,"AWATER":9860342}},
{"type":"Feature","geometry":{"type":"Polygon","coordinates":[[[-112.92343,39.55254],[-113.81574,39.55264],[-113.81577,39.54409],[-114.04773,39.54274],[-114.04792,39.45577],[-114.0491,39.00551],[-114.04946,38.87495],[-114.04917,38.74995],[-114.04975,38.72921],[-114.05015,38.57297],[-113.11686,38.57261],[-113.12481,38.59207],[-113.1443,38.61836],[-113.16798,38.63656],[-113.1697,38.641],[-113.17695,38.64912],[-113.18643,38.6573],[-113.18738,38.66448],[-113.17911,38.67809],[-113.1717,38.69634],[-113.16745,38.69586],[-113.16724,38.70613],[-113.16537,38.71576],[-113.16663,38.72416],[-113.16989,38.7308],[-113.16203,38.73281],[-113.15647,38.73069],[-113.1446,38.73514],[-113.13869,38.74846],[-113.12812,38.76823],[-113.12554,38.77601],[-113.12901,38.78399],[-113.12852,38.79546],[-113.13042,38.80165],[-113.13508,38.80571],[-113.13726,38.8155],[-113.13847,38.83133],[-113.1331,38.83481],[-113.13042,38.84002],[-113.13244,38.84611],[-113.14265,38.85324],[-113.13255,38.85556],[-113.12897,38.86013],[-113.12278,38.86258],[-113.11828,38.86917],[-113.10912,38.87098],[-113.10465,38.87441],[-113.10126,38.88454],[-113.09632,38.888],[-113.09544,38.89342],[-113.08404,38.90129],[-113.07515,38.91037],[-113.07704,38.918],[-113.06941,38.92341],[-113.0682,38.93001],[-113.06247,38.93497],[-113.06366,38.94978],[-113.06742,38.96108],[-113.06244,38.96755],[-113.06286,38.97507],[-113.05672,38.98384],[-113.05707,38.9869],[-113.05123,38.99185],[-113.041,39.0072],[-113.03478,39.01258],[-113.02729,39.01526],[-113.01859,39.02492],[-113.01334,39.02808],[-113.01419,39.03184],[-113.00975,39.03932],[-113.00397,39.04194],[-113.00305,39.04615],[-112.99636,39.04994],[-112.9886,39.0601],[-112.98927,39.06651],[-112.99498,39.07166],[-112.99768,39.07721],[-112.99697,39.08597],[-113.00473,39.08852],[-113.01772,39.08114],[-113.02871,39.07976],[-113.04448,39.08427],[-113.05561,39.09528],[-113.04954,39.10021],[-113.02293,39.10364],[-113.00079,39.10104],[-112.99517,39.10178],[-112.98767,39.09962],[-112.974,39.10044],[-112.97017,39.09411],[-112.95148,39.09595],[-112.94402,39.099],[-112.94128,39.10732],[-112.93605,39.10879],[-112.93175,39.11838],[-112.93138,39.12515],[-112.94186,39.13354],[-112.94317,39.14047],[-112.95426,39.14565],[-112.95188,39.15438],[-112.93834,39.16806],[-112.92963,39.17111],[-112.9227,39.17002],[-112.91561,39.17283],[-112.90744,39.17348],[-112.91136,39.18543],[-112.90435,39.18799],[-112.90104,39.19874],[-112.88544,39.21496],[-112.87963,39.21323],[-112.87557,39.21781],[-112.87983,39.23107],[-112.88341,39.23626],[-112.87469,39.23828],[-112.87804,39.25087],[-112.88233,39.25659],[-112.88094,39.26538],[-112.87973,39.29227],[-112.88457,39.29939],[-112.88048,39.30269],[-112.88039,39.30776],[-112.88434,39.31223],[-112.89291,39.3165],[-112.89305,39.32864],[-112.89798,39.34082],[-112.88683,39.34921],[-112.88587,39.35516],[-112.87414,39.35653],[-112.86703,39.36048],[-112.86215,39.35767],[-112.83879,39.35978],[-112.83019,39.36811],[-112.81969,39.37163],[-112.81696,39.38301],[-112.81356,39.38732],[-112.81697,39.39021],[-112.80816,39.39684],[-112.80246,39.39889],[-112.79117,39.41516],[-112.79252,39.42416],[-112.79091,39.42938],[-112.79874,39.43395],[-112.82271,39.4391],[-112.84563,39.44692],[-112.86927,39.46983],[-112.92343,39.55254]]]},"properties":{"STATEFP":"49","COUNTYFP":"027","COUSUBFP":"91075","COUSUBNS":"01939370","GEOIDFQ":"0600000US4902791075","GEOID":"4902791075","NAME":"Garrison-Sevier Lake","NAMELSAD":"Garrison-Sevier Lake CCD","STUSPS":"UT","NAMELSADCO":"Millard County","STATE_NAME":"Utah","LSAD":"22","ALAND":9791859000,"AWATER":44970847}},
{"type":"Feature","geometry":{"type":"Polygon","coordinates":[[[-111.29936,39.03231],[-111.64879,39.03234],[-111.80239,39.03322],[-111.8534,39.03337],[-111.85322,39.04065],[-111.84989,39.04558],[-112.01408,39.04552],[-112.01402,39.02428],[-112.01903,39.02421],[-112.01891,38.9959],[-112.05639,38.99568],[-112.0564,38.98837],[-112.06566,38.98843],[-112.06516,38.9593],[-112.13386,38.9593],[-112.13403,38.93545],[-112.12469,38.92933],[-112.11325,38.92559],[-112.09983,38.92331],[-112.08849,38.92008],[-112.07925,38.91526],[-112.07758,38.91199],[-112.06156,38.90157],[-112.05649,38.89989],[-112.05321,38.89483],[-112.04384,38.89164],[-112.03331,38.89244],[-112.02442,38.88581],[-112.00588,38.87486],[-111.99112,38.863],[-111.98461,38.86042],[-111.96999,38.87227],[-111.95249,38.87864],[-111.92763,38.88001],[-111.90842,38.89037],[-111.90408,38.90147],[-111.89834,38.9071],[-111.88453,38.9146],[-111.88004,38.91104],[-111.87222,38.89929],[-111.86727,38.8944],[-111.85969,38.88184],[-111.86788,38.86756],[-111.87181,38.85611],[-111.86655,38.84744],[-111.85983,38.84233],[-111.85192,38.84934],[-111.84059,38.85231],[-111.82979,38.86089],[-111.82536,38.86934],[-111.8167,38.8751],[-111.81071,38.88248],[-111.80749,38.89169],[-111.79906,38.89466],[-111.79627,38.89036],[-111.78546,38.88638],[-111.76252,38.87375],[-111.75518,38.87181],[-111.74687,38.8633],[-111.73903,38.87496],[-111.73954,38.88362],[-111.7369,38.88615],[-111.73853,38.89305],[-111.73817,38.90426],[-111.74077,38.91197],[-111.74,38.91653],[-111.72079,38.91554],[-111.70967,38.91004],[-111.70236,38.90956],[-111.68684,38.90403],[-111.67317,38.90306],[-111.65399,38.8979],[-111.64675,38.89803],[-111.64311,38.90338],[-111.63774,38.90544],[-111.63327,38.90291],[-111.62785,38.89591],[-111.61577,38.8916],[-111.60852,38.88726],[-111.59287,38.8823],[-111.57175,38.88157],[-111.55669,38.87685],[-111.55168,38.86673],[-111.55176,38.85821],[-111.54749,38.85297],[-111.54181,38.85025],[-111.53767,38.83961],[-111.53937,38.82454],[-111.53557,38.81168],[-111.5277,38.805],[-111.51604,38.80134],[-111.49682,38.78496],[-111.48788,38.78248],[-111.47425,38.77334],[-111.46883,38.7664],[-111.46219,38.76271],[-111.44193,38.75635],[-111.43389,38.75726],[-111.40734,38.75797],[-111.39319,38.75553],[-111.38355,38.75616],[-111.35862,38.76417],[-111.34355,38.7677],[-111.30611,38.7828],[-111.29877,38.78918],[-111.2982,39.01782],[-111.29936,39.03231]]]},"properties":{"STATEFP":"49","COUNTYFP":"041","COUSUBFP":"92967","COUSUBNS":"01939414","GEOIDFQ":"0600000US4904192967","GEOID":"4904192967","NAME":"Salina","NAMELSAD":"Salina CCD","STUSPS":"UT","NAMELSADCO":"Sevier County","STATE_NAME":"Utah","LSAD":"22","ALAND":1375078909,"AWATER":497649}},
{"type":"Feature","geometry":{"type":"Polygon","coordinates":[[[-111.64105,40.79892],[-111.64248,40.80574],[-111.63905,40.80929],[-111.64565,40.82406],[-111.65176,40.82404],[-111.65673,40.8305],[-111.66613,40.83211],[-111.66399,40.84089],[-111.66048,40.84508],[-111.664,40.85019],[-111.67411,40.85528],[-111.68332,40.8563],[-111.69591,40.86178],[-111.70129,40.86124],[-111.70726,40.85256],[-111.71236,40.85168],[-111.72084,40.85576],[-111.72462,40.85469],[-111.73891,40.86117],[-111.74684,40.86019],[-111.75497,40.85395],[-111.76825,40.84843],[-111.77206,40.84883],[-111.78174,40.8439],[-111.78922,40.84555],[-111.80489,40.83788],[-111.81576,40.83892],[-111.81448,40.83124],[-111.80803,40.82204],[-111.80241,40.82452],[-111.78067,40.827],[-111.76937,40.83104],[-111.75819,40.82932],[-111.75153,40.83101],[-111.74526,40.82801],[-111.74056,40.82962],[-111.74048,40.81974],[-111.7773,40.81932],[-111.79981,40.8124],[-111.79976,40.79864],[-111.81544,40.79847],[-111.81437,40.75497],[-111.80092,40.75494],[-111.8008,40.74776],[-111.80523,40.73989],[-111.80551,40.73219],[-111.79594,40.73305],[-111.79589,40.72551],[-111.80538,40.72344],[-111.8046,40.71201],[-111.79689,40.70736],[-111.79509,40.69895],[-111.79777,40.68175],[-111.80508,40.67068],[-111.8077,40.65281],[-111.80813,40.63869],[-111.80155,40.63498],[-111.80015,40.63075],[-111.79831,40.63807],[-111.78567,40.63996],[-111.77861,40.64639],[-111.77125,40.64705],[-111.76486,40.65159],[-111.75042,40.6533],[-111.73808,40.65962],[-111.72211,40.66515],[-111.71297,40.65949],[-111.70762,40.65876],[-111.68423,40.66805],[-111.67438,40.66844],[-111.66472,40.66606],[-111.6624,40.66344],[-111.65098,40.66827],[-111.63517,40.66454],[-111.62131,40.6653],[-111.61368,40.66016],[-111.6064,40.66263],[-111.59674,40.65977],[-111.60453,40.66657],[-111.60238,40.67211],[-111.60182,40.68472],[-111.59917,40.69206],[-111.59273,40.69912],[-111.59396,40.70278],[-111.60724,40.71434],[-111.61464,40.71938],[-111.61334,40.72794],[-111.62263,40.73007],[-111.62165,40.73773],[-111.62469,40.74002],[-111.61745,40.74642],[-111.62353,40.75372],[-111.62133,40.75822],[-111.63741,40.7639],[-111.63736,40.76819],[-111.64913,40.77344],[-111.64304,40.78594],[-111.64874,40.79225],[-111.64648,40.79757],[-111.64105,40.79892]]]},"properties":{"STATEFP":"49","COUNTYFP":"035","COUSUBFP":"90774","COUSUBNS":"01939363","GEOIDFQ":"0600000US4903590774","GEOID":"4903590774","NAME":"Emigration","NAMELSAD":"Emigration CCD","STUSPS":"UT","NAMELSADCO":"Salt Lake County","STATE_NAME":"Utah","LSAD":"22","ALAND":318819075,"AWATER":388272}},
{"type":"Feature","geometry":{"type":"Polygon","coordinates":[[[-111.81576,40.83892],[-111.80489,40.83788],[-111.78922,40.84555],[-111.78174,40.8439],[-111.77206,40.84883],[-111.76825,40.84843],[-111.75497,40.85395],[-111.74684,40.86019],[-111.73891,40.86117],[-111.74638,40.8709],[-111.75884,40.87217],[-111.76828,40.87559],[-111.76175,40.88526],[-111.76403,40.88899],[-111.77027,40.8879],[-111.77257,40.89329],[-111.77846,40.89794],[-111.77608,40.9005],[-111.78306,40.91284],[-111.79375,40.91597],[-111.79105,40.92703],[-111.79598,40.93411],[-111.8045,40.94199],[-111.80687,40.94919],[-111.81169,40.95017],[-111.8153,40.95718],[-111.79096,40.96094],[-111.78469,40.95722],[-111.7751,40.9592],[-111.78277,40.96885],[-111.78533,40.97483],[-111.79304,40.98574],[-111.80417,40.99497],[-111.80613,41.00169],[-111.81047,41.00509],[-111.82001,41.00652],[-111.82053,41.01084],[-111.82879,41.02078],[-111.83462,41.02032],[-111.8394,41.03137],[-111.83369,41.03701],[-111.85026,41.0362],[-111.85673,41.03871],[-111.87487,41.03772],[-111.89021,41.03522],[-111.89812,41.03044],[-111.89612,41.02071],[-111.91281,41.01183],[-111.91759,41.01567],[-111.92305,41.0055],[-111.92852,41.00063],[-111.93936,41.00087],[-111.94308,40.99594],[-112.00747,40.99539],[-112.00813,40.92102],[-112.00657,40.92185],[-111.95867,40.92182],[-111.9586,40.90017],[-111.96174,40.89336],[-111.96873,40.8869],[-111.96756,40.88006],[-111.97107,40.87665],[-111.96289,40.87],[-111.96588,40.85463],[-111.95392,40.84764],[-111.95125,40.84196],[-111.94673,40.83796],[-111.94287,40.83049],[-111.94586,40.82179],[-111.8705,40.82174],[-111.86924,40.82384],[-111.85849,40.82423],[-111.85375,40.82922],[-111.83839,40.83076],[-111.82177,40.83433],[-111.81576,40.83892]]]},"properties":{"STATEFP":"49","COUNTYFP":"011","COUSUBFP":"93182","COUSUBNS":"01939418","GEOIDFQ":"0600000US4901193182","GEOID":"4901193182","NAME":"South Davis","NAMELSAD":"South Davis CCD","STUSPS":"UT","NAMELSADCO":"Davis County","STATE_NAME":"Utah","LSAD":"22","ALAND":294638800,"AWATER":50988008}},
{"type":"Feature","geometry":{"type":"Polygon","coordinates":[[[-111.58552,40.99638],[-111.59547,41.00102],[-111.60479,41.00253],[-111.61024,41.00594],[-111.62832,41.00237],[-111.64832,41.00175],[-111.66892,40.99443],[-111.67861,40.98704],[-111.67815,40.98109],[-111.68683,40.98451],[-111.68994,40.99155],[-111.68806,40.99516],[-111.6908,41.00406],[-111.69075,41.02551],[-111.69369,41.03075],[-111.707,41.03429],[-111.71795,41.03918],[-111.72514,41.04476],[-111.73125,41.06072],[-111.71155,41.06642],[-111.73319,41.08638],[-111.7487,41.1078],[-111.76043,41.11258],[-111.76421,41.11687],[-111.76793,41.126],[-111.78622,41.13584],[-111.79032,41.13677],[-111.82033,41.13923],[-111.83013,41.13825],[-111.84307,41.14014],[-111.85606,41.13862],[-111.84901,41.13376],[-111.84455,41.12179],[-111.84964,41.11547],[-111.85611,41.11191],[-111.85396,41.10814],[-111.8565,41.10288],[-111.85176,41.09769],[-111.85513,41.09272],[-111.85083,41.0879],[-111.85195,41.08246],[-111.84836,41.07574],[-111.8518,41.06665],[-111.84394,41.05624],[-111.84416,41.04985],[-111.83369,41.03701],[-111.8394,41.03137],[-111.83462,41.02032],[-111.82879,41.02078],[-111.82053,41.01084],[-111.82001,41.00652],[-111.81047,41.00509],[-111.80613,41.00169],[-111.80417,40.99497],[-111.79304,40.98574],[-111.78533,40.97483],[-111.78277,40.96885],[-111.7751,40.9592],[-111.78469,40.95722],[-111.79096,40.96094],[-111.8153,40.95718],[-111.81169,40.95017],[-111.80687,40.94919],[-111.8045,40.94199],[-111.79598,40.93411],[-111.79105,40.92703],[-111.79375,40.91597],[-111.78306,40.91284],[-111.77608,40.9005],[-111.77846,40.89794],[-111.77257,40.89329],[-111.77027,40.8879],[-111.76403,40.88899],[-111.76175,40.88526],[-111.76828,40.87559],[-111.75884,40.87217],[-111.74638,40.8709],[-111.73891,40.86117],[-111.72462,40.85469],[-111.72084,40.85576],[-111.71236,40.85168],[-111.70726,40.85256],[-111.70129,40.86124],[-111.69591,40.86178],[-111.68332,40.8563],[-111.67411,40.85528],[-111.664,40.85019],[-111.66048,40.84508],[-111.66399,40.84089],[-111.66613,40.83211],[-111.65673,40.8305],[-111.65176,40.82404],[-111.64565,40.82406],[-111.63905,40.80929],[-111.64248,40.80574],[-111.64105,40.79892],[-111.63773,40.80114],[-111.62432,40.8047],[-111.61661,40.81064],[-111.61103,40.81106],[-111.59422,40.805],[-111.58796,40.79751],[-111.5879,40.79369],[-111.57102,40.78558],[-111.55929,40.78469],[-111.55784,40.78069],[-111.54912,40.78077],[-111.53122,40.78432],[-111.51942,40.79169],[-111.51795,40.79818],[-111.51429,40.80043],[-111.51161,40.8079],[-111.51617,40.81279],[-111.51692,40.81939],[-111.51006,40.82107],[-111.49873,40.83538],[-111.49193,40.8501],[-111.48712,40.85381],[-111.48101,40.85455],[-111.47966,40.85854],[-111.48616,40.87312],[-111.49477,40.87953],[-111.49943,40.88936],[-111.50649,40.89706],[-111.50977,40.89778],[-111.50846,40.90942],[-111.51491,40.91689],[-111.52311,40.91922],[-111.52715,40.92361],[-111.5265,40.9385],[-111.52359,40.94592],[-111.52483,40.95342],[-111.53426,40.95815],[-111.54276,40.95467],[-111.55173,40.95407],[-111.55874,40.95928],[-111.57335,40.96104],[-111.57739,40.95842],[-111.58788,40.96565],[-111.58765,40.97872],[-111.59368,40.98634],[-111.59336,40.99215],[-111.58552,40.99638]]]},"properties":{"STATEFP":"49","COUNTYFP":"029","COUSUBFP":"92107","COUSUBNS":"01939394","GEOIDFQ":"0600000US4902992107","GEOID":"4902992107","NAME":"Morgan South","NAMELSAD":"Morgan South CCD","STUSPS":"UT","NAMELSADCO":"Morgan County","STATE_NAME":"Utah","LSAD":"22","ALAND":566589945,"AWATER":2804832}},
{"type":"Feature","geometry":{"type":"Polygon","coordinates":[[[-112.12628,38.14966],[-112.06118,38.14949],[-112.06112,38.14577],[-111.95128,38.14609],[-111.95125,38.15123],[-111.88827,38.15123],[-111.84321,38.15123],[-111.84519,38.29699],[-111.84876,38.42493],[-111.8384,38.42883],[-111.83403,38.43977],[-111.82819,38.44291],[-111.82357,38.45722],[-111.76639,38.50224],[-111.87667,38.50224],[-111.97927,38.50191],[-111.98107,38.4931],[-111.99094,38.49017],[-111.9971,38.49331],[-112.00112,38.49173],[-112.00367,38.47395],[-112.00623,38.47014],[-112.00683,38.46216],[-112.01083,38.45568],[-112.02748,38.44694],[-112.02253,38.44376],[-112.02178,38.43308],[-112.02311,38.42171],[-112.01947,38.41366],[-112.02717,38.41432],[-112.03383,38.42215],[-112.03877,38.41524],[-112.04091,38.40703],[-112.05012,38.40109],[-112.05687,38.39017],[-112.08578,38.37139],[-112.10184,38.36462],[-112.11747,38.36019],[-112.12814,38.35399],[-112.12928,38.35152],[-112.14359,38.34772],[-112.15008,38.34127],[-112.15949,38.33763],[-112.16426,38.34367],[-112.17002,38.34405],[-112.18484,38.34163],[-112.18429,38.3336],[-112.189,38.32648],[-112.21047,38.33422],[-112.21004,38.34628],[-112.21207,38.35029],[-112.22825,38.33654],[-112.2458,38.33139],[-112.26797,38.33022],[-112.27281,38.32743],[-112.28177,38.32631],[-112.28474,38.3213],[-112.29381,38.31727],[-112.30382,38.31866],[-112.30387,38.32123],[-112.31351,38.32426],[-112.32903,38.32577],[-112.34082,38.32552],[-112.34159,38.31472],[-112.33882,38.31201],[-112.34825,38.30536],[-112.34933,38.29985],[-112.34709,38.291],[-112.3507,38.2818],[-112.3625,38.27234],[-112.36804,38.26031],[-112.37464,38.25666],[-112.38083,38.25062],[-112.3799,38.24454],[-112.37158,38.23828],[-112.37144,38.23482],[-112.36323,38.22706],[-112.3572,38.22505],[-112.36493,38.21512],[-112.37727,38.21052],[-112.3839,38.21063],[-112.39505,38.20598],[-112.39784,38.19935],[-112.40968,38.1924],[-112.41266,38.18824],[-112.42428,38.18095],[-112.42245,38.17082],[-112.42618,38.16691],[-112.43359,38.16487],[-112.43209,38.15554],[-112.44421,38.15],[-112.30736,38.14984],[-112.21459,38.15019],[-112.16036,38.15015],[-112.12628,38.14966]]]},"properties":{"STATEFP":"49","COUNTYFP":"031","COUSUBFP":"90387","COUSUBNS":"01939354","GEOIDFQ":"0600000US4903190387","GEOID":"4903190387","NAME":"Circleville","NAMELSAD":"Circleville CCD","STUSPS":"UT","NAMELSADCO":"Piute County","STATE_NAME":"Utah","LSAD":"22","ALAND":1288261551,"AWATER":19953193}},
{"type":"Feature","geometry":{"type":"Polygon","coordinates":[[[-111.43687,40.68059],[-111.43619,40.67411],[-111.43037,40.66509],[-111.4348,40.66099],[-111.44516,40.65946],[-111.45081,40.65348],[-111.46041,40.65234],[-111.46379,40.64496],[-111.47166,40.64501],[-111.47844,40.6265],[-111.48688,40.62084],[-111.48666,40.61572],[-111.48262,40.60904],[-111.48561,40.60183],[-111.48979,40.59933],[-111.50049,40.60609],[-111.51146,40.60667],[-111.52794,40.61205],[-111.54027,40.61318],[-111.55327,40.60931],[-111.55926,40.60152],[-111.56002,40.5908],[-111.5644,40.58469],[-111.59045,40.58029],[-111.59388,40.57706],[-111.59086,40.57205],[-111.5836,40.56801],[-111.57521,40.55432],[-111.56788,40.54748],[-111.57261,40.53757],[-111.57096,40.5327],[-111.55569,40.5375],[-111.54521,40.53575],[-111.54353,40.53251],[-111.53629,40.53109],[-111.52596,40.53154],[-111.52409,40.53526],[-111.48879,40.53446],[-111.48176,40.53632],[-111.48163,40.54379],[-111.46744,40.54364],[-111.46734,40.5402],[-111.4578,40.54048],[-111.44999,40.53665],[-111.44122,40.54487],[-111.4385,40.55071],[-111.4311,40.55636],[-111.42569,40.55767],[-111.41889,40.55668],[-111.40428,40.54431],[-111.39525,40.55267],[-111.37761,40.56055],[-111.36656,40.56694],[-111.35096,40.5645],[-111.34782,40.56079],[-111.33809,40.55765],[-111.33642,40.55996],[-111.32556,40.55939],[-111.31372,40.56364],[-111.30901,40.56959],[-111.29082,40.56624],[-111.28565,40.5561],[-111.27312,40.55465],[-111.26463,40.55826],[-111.25973,40.55621],[-111.25309,40.5583],[-111.24281,40.55303],[-111.23517,40.55228],[-111.22903,40.5472],[-111.2378,40.539],[-111.23253,40.53603],[-111.22203,40.54428],[-111.2144,40.5426],[-111.19843,40.54975],[-111.19081,40.54884],[-111.18142,40.55364],[-111.16748,40.55336],[-111.16465,40.55478],[-111.16759,40.5576],[-111.18179,40.55876],[-111.18926,40.56516],[-111.20959,40.57131],[-111.2123,40.57394],[-111.22151,40.57433],[-111.23095,40.57857],[-111.23834,40.57756],[-111.25272,40.58184],[-111.26534,40.58725],[-111.27863,40.59572],[-111.29071,40.60071],[-111.2942,40.60817],[-111.30289,40.60594],[-111.31474,40.61658],[-111.32162,40.61827],[-111.32621,40.62293],[-111.33338,40.62265],[-111.35002,40.62501],[-111.35843,40.62993],[-111.375,40.63268],[-111.37639,40.64261],[-111.38107,40.64595],[-111.3902,40.66064],[-111.39129,40.67105],[-111.38963,40.67784],[-111.39415,40.684],[-111.39361,40.69036],[-111.39931,40.69044],[-111.41219,40.68115],[-111.42342,40.68124],[-111.43196,40.68455],[-111.43687,40.68059]]]},"properties":{"STATEFP":"49","COUNTYFP":"051","COUSUBFP":"92301","COUSUBNS":"02584787","GEOIDFQ":"0600000US4905192301","GEOID":"4905192301","NAME":"North Wasatch","NAMELSAD":"North Wasatch CCD","STUSPS":"UT","NAMELSADCO":"Wasatch County","STATE_NAME":"Utah","LSAD":"22","ALAND":240305399,"AWATER":12117669}},
{"type":"Feature","geometry":{"type":"Polygon","coordinates":[[[-112.27743,37.53687],[-112.16492,37.53683],[-112.16492,37.5359],[-112.05103,37.5358],[-111.84081,37.5358],[-111.84082,37.53971],[-111.78879,37.53974],[-111.79471,37.55242],[-111.79592,37.55867],[-111.80165,37.56129],[-111.80524,37.57104],[-111.79912,37.58037],[-111.79447,37.59117],[-111.79595,37.59727],[-111.79375,37.60123],[-111.79802,37.6077],[-111.80406,37.61093],[-111.80846,37.61792],[-111.79958,37.62952],[-111.79715,37.62998],[-111.79549,37.63979],[-111.80359,37.6454],[-111.80374,37.65617],[-111.81309,37.68288],[-111.82703,37.67403],[-111.83567,37.68282],[-111.84512,37.68595],[-111.84644,37.69045],[-111.85217,37.69579],[-111.84511,37.70288],[-111.84869,37.70639],[-111.85051,37.71567],[-111.85392,37.72388],[-111.84815,37.72671],[-111.85009,37.73591],[-111.84692,37.73815],[-111.84917,37.74429],[-111.84307,37.75327],[-111.84585,37.75823],[-111.84447,37.76352],[-111.83288,37.76903],[-111.83271,37.77312],[-111.82537,37.77687],[-111.82968,37.7819],[-111.83517,37.78264],[-111.84232,37.78708],[-111.8366,37.79287],[-111.82571,37.79983],[-111.81495,37.80176],[-111.81597,37.8074],[-111.82795,37.8132],[-111.83066,37.81653],[-111.84141,37.82042],[-111.84739,37.82567],[-111.85812,37.83009],[-111.85803,37.83289],[-111.86418,37.8404],[-111.87118,37.83854],[-111.88207,37.82525],[-111.88237,37.8322],[-111.87915,37.83735],[-111.8793,37.8449],[-111.88415,37.84892],[-111.87808,37.85806],[-111.8823,37.86403],[-111.87709,37.87389],[-111.87155,37.87653],[-111.86517,37.89078],[-111.86883,37.90474],[-111.86552,37.91104],[-111.86662,37.92625],[-111.86469,37.93444],[-111.867,37.9467],[-111.86391,37.9571],[-111.85544,37.95923],[-111.85498,37.96548],[-111.84273,37.96185],[-111.82907,37.96885],[-111.81845,37.97156],[-111.80907,37.97689],[-111.80166,37.98679],[-111.79208,38.00412],[-111.78791,38.00368],[-111.77613,38.01333],[-111.7862,38.02507],[-111.79852,38.02906],[-111.80749,38.03583],[-111.81457,38.0445],[-111.82676,38.05371],[-111.83085,38.06509],[-111.84148,38.07719],[-111.83315,38.09574],[-111.82823,38.10192],[-111.82062,38.10424],[-111.81863,38.10752],[-111.82416,38.11993],[-111.82981,38.12],[-111.84045,38.1246],[-111.8454,38.12512],[-111.85732,38.13258],[-111.87144,38.13857],[-111.88082,38.13835],[-111.88784,38.1414],[-111.88988,38.14547],[-111.88827,38.15123],[-111.95125,38.15123],[-111.95128,38.14609],[-112.06112,38.14577],[-112.06118,38.14949],[-112.12628,38.14966],[-112.12479,38.14075],[-112.12911,38.13199],[-112.12597,38.12821],[-112.14078,38.1092],[-112.14015,38.10454],[-112.14513,38.09775],[-112.15426,38.08905],[-112.16241,38.0867],[-112.16712,38.07602],[-112.1621,38.0745],[-112.15998,38.06866],[-112.14469,38.06779],[-112.15545,38.06202],[-112.15833,38.05277],[-112.17411,38.04839],[-112.18091,38.04757],[-112.19658,38.04028],[-112.20347,38.02678],[-112.20152,38.01934],[-112.20966,38.01567],[-112.21181,38.01805],[-112.22297,38.01206],[-112.22784,38.00781],[-112.23206,37.99231],[-112.22558,37.98852],[-112.22389,37.98464],[-112.22595,37.97727],[-112.22166,37.97327],[-112.22746,37.96696],[-112.2313,37.95815],[-112.22972,37.95178],[-112.23201,37.94586],[-112.24712,37.93029],[-112.25553,37.91678],[-112.25191,37.91116],[-112.25755,37.90341],[-112.26759,37.90411],[-112.27043,37.90633],[-112.27892,37.90014],[-112.27839,37.89128],[-112.28071,37.88482],[-112.27826,37.87862],[-112.28134,37.86717],[-112.27862,37.86286],[-112.28068,37.85333],[-112.27747,37.84541],[-112.28012,37.84227],[-112.2753,37.8361],[-112.27738,37.82585],[-112.26556,37.82133],[-112.26065,37.81612],[-112.25604,37.81519],[-112.25239,37.80986],[-112.25609,37.80259],[-112.25226,37.80053],[-112.25291,37.79027],[-112.25683,37.78656],[-112.25369,37.78071],[-112.25607,37.7744],[-112.25309,37.7682],[-112.25765,37.75513],[-112.26886,37.75467],[-112.27155,37.75],[-112.2697,37.74475],[-112.2694,37.73212],[-112.27396,37.73004],[-112.26162,37.72047],[-112.23959,37.71758],[-112.24056,37.70657],[-112.24382,37.70217],[-112.22867,37.67534],[-112.23045,37.66655],[-112.22638,37.66084],[-112.22666,37.65382],[-112.23211,37.64645],[-112.23823,37.64139],[-112.24134,37.6309],[-112.24648,37.62366],[-112.24345,37.62108],[-112.25092,37.60685],[-112.25197,37.59502],[-112.26352,37.57819],[-112.26396,37.57118],[-112.26873,37.56192],[-112.27143,37.55159],[-112.27678,37.54587],[-112.27743,37.53687]]]},"properties":{"STATEFP":"49","COUNTYFP":"017","COUSUBFP":"93483","COUSUBNS":"01939425","GEOIDFQ":"0600000US4901793483","GEOID":"4901793483","NAME":"Tropic","NAMELSAD":"Tropic CCD","STUSPS":"UT","NAMELSADCO":"Garfield County","STATE_NAME":"Utah","LSAD":"22","ALAND":2392022363,"AWATER":1072117}},
{"type":"Feature","geometry":{"type":"Polygon","coordinates":[[[-112.51849,38.51041],[-112.51531,38.50139],[-112.51588,38.49419],[-112.51011,38.48877],[-112.51898,38.48125],[-112.51341,38.47583],[-112.50992,38.46773],[-112.50105,38.46307],[-112.49338,38.45163],[-112.47923,38.44805],[-112.47027,38.44011],[-112.45865,38.43442],[-112.45301,38.42923],[-112.45157,38.41924],[-112.44443,38.40605],[-112.4364,38.40202],[-112.42553,38.4068],[-112.42094,38.41122],[-112.41679,38.41957],[-112.41249,38.41936],[-112.40326,38.41482],[-112.39875,38.40304],[-112.40386,38.40045],[-112.40379,38.39476],[-112.39807,38.38654],[-112.39139,38.38063],[-112.38035,38.37989],[-112.37602,38.37711],[-112.37137,38.36924],[-112.3631,38.36181],[-112.36264,38.35681],[-112.35157,38.34892],[-112.34348,38.34727],[-112.33843,38.34047],[-112.33551,38.33234],[-112.34082,38.32552],[-112.32903,38.32577],[-112.31351,38.32426],[-112.30387,38.32123],[-112.30382,38.31866],[-112.29381,38.31727],[-112.28474,38.3213],[-112.28177,38.32631],[-112.27281,38.32743],[-112.26797,38.33022],[-112.2458,38.33139],[-112.22825,38.33654],[-112.21207,38.35029],[-112.21004,38.34628],[-112.21047,38.33422],[-112.189,38.32648],[-112.18429,38.3336],[-112.18484,38.34163],[-112.17002,38.34405],[-112.16426,38.34367],[-112.15949,38.33763],[-112.15008,38.34127],[-112.14359,38.34772],[-112.12928,38.35152],[-112.12814,38.35399],[-112.11747,38.36019],[-112.10184,38.36462],[-112.08578,38.37139],[-112.05687,38.39017],[-112.05012,38.40109],[-112.04091,38.40703],[-112.03877,38.41524],[-112.03383,38.42215],[-112.02717,38.41432],[-112.01947,38.41366],[-112.02311,38.42171],[-112.02178,38.43308],[-112.02253,38.44376],[-112.02748,38.44694],[-112.01083,38.45568],[-112.00683,38.46216],[-112.00623,38.47014],[-112.00367,38.47395],[-112.00112,38.49173],[-111.9971,38.49331],[-111.99094,38.49017],[-111.98107,38.4931],[-111.97927,38.50191],[-112.06196,38.50209],[-112.06215,38.51048],[-112.2884,38.51135],[-112.51849,38.51041]]]},"properties":{"STATEFP":"49","COUNTYFP":"031","COUSUBFP":"91849","COUSUBNS":"01939388","GEOIDFQ":"0600000US4903191849","GEOID":"4903191849","NAME":"Marysvale","NAMELSAD":"Marysvale CCD","STUSPS":"UT","NAMELSADCO":"Piute County","STATE_NAME":"Utah","LSAD":"22","ALAND":675492273,"AWATER":333318}},
{"type":"Feature","geometry":{"type":"Polygon","coordinates":[[[-110.02396,39.46927],[-110.02352,39.47928],[-110.01721,39.48376],[-110.01468,39.4909],[-110.02233,39.49954],[-110.02567,39.51197],[-110.02708,39.52389],[-110.03974,39.52499],[-110.04415,39.53557],[-110.03318,39.53677],[-110.02944,39.54103],[-110.02799,39.54831],[-110.02911,39.55492],[-110.03665,39.55989],[-110.03803,39.56702],[-110.03092,39.5778],[-110.02177,39.58098],[-110.01861,39.58653],[-110.02959,39.5971],[-110.0245,39.60665],[-110.0179,39.6094],[-110.01298,39.61622],[-110.0113,39.62496],[-110.00232,39.62454],[-109.99727,39.62693],[-110.00529,39.63434],[-110.01157,39.6376],[-110.01023,39.64683],[-109.99602,39.64619],[-109.98818,39.65492],[-109.98811,39.66004],[-109.98433,39.66468],[-109.98755,39.67495],[-109.98485,39.68044],[-109.99051,39.68475],[-110.00501,39.68376],[-110.00317,39.68918],[-109.99427,39.69331],[-109.99384,39.70323],[-109.98357,39.70508],[-109.97764,39.70413],[-109.97053,39.70986],[-109.97731,39.71452],[-109.98146,39.72316],[-109.99315,39.73102],[-109.99112,39.73953],[-109.98489,39.74133],[-109.96755,39.74289],[-109.96256,39.74064],[-109.96066,39.7356],[-109.96178,39.72571],[-109.95202,39.71898],[-109.94831,39.72284],[-109.95397,39.72995],[-109.95402,39.73413],[-109.94769,39.73966],[-109.94269,39.75066],[-109.93412,39.74727],[-109.9285,39.75226],[-109.92758,39.7602],[-109.92081,39.77414],[-109.92374,39.78478],[-109.9298,39.79557],[-109.92163,39.79936],[-109.91901,39.78612],[-109.90904,39.78512],[-109.8972,39.78888],[-109.8892,39.78768],[-109.88323,39.78412],[-109.87629,39.7835],[-109.87458,39.78976],[-109.8783,39.79374],[-109.89056,39.79778],[-109.89359,39.80188],[-109.88308,39.80624],[-109.97676,39.80623],[-110.06332,39.8063],[-110.34182,39.80674],[-110.34103,39.80233],[-110.3456,39.79959],[-110.35323,39.8034],[-110.36946,39.80047],[-110.37426,39.80493],[-110.3804,39.80454],[-110.39107,39.79471],[-110.39543,39.78706],[-110.39996,39.78533],[-110.41075,39.78696],[-110.41743,39.78625],[-110.42346,39.78014],[-110.43238,39.77785],[-110.4496,39.77902],[-110.45821,39.77406],[-110.46993,39.77645],[-110.4803,39.77571],[-110.50036,39.77661],[-110.51024,39.77544],[-110.51603,39.77224],[-110.52866,39.75622],[-110.54236,39.7541],[-110.55207,39.74722],[-110.5626,39.74164],[-110.57329,39.74037],[-110.58829,39.74272],[-110.59374,39.73401],[-110.60032,39.73157],[-110.60556,39.72648],[-110.60856,39.70814],[-110.61229,39.69921],[-110.61719,39.69293],[-110.62387,39.68811],[-110.62479,39.67704],[-110.63274,39.66707],[-110.631,39.64168],[-110.63331,39.62305],[-110.63272,39.61724],[-110.63892,39.60819],[-110.62294,39.60632],[-110.61182,39.61044],[-110.59947,39.60537],[-110.59472,39.59984],[-110.59611,39.59572],[-110.58737,39.58609],[-110.57938,39.58611],[-110.5732,39.5793],[-110.59134,39.55339],[-110.59961,39.53705],[-110.61614,39.54416],[-110.62073,39.54145],[-110.62339,39.53073],[-110.61595,39.5208],[-110.61965,39.50989],[-110.61823,39.49462],[-110.62352,39.48695],[-110.61006,39.48068],[-110.60378,39.46972],[-110.06614,39.46926],[-110.02397,39.46927],[-110.02396,39.46927]]]},"properties":{"STATEFP":"49","COUNTYFP":"007","COUSUBFP":"90645","COUSUBNS":"01939360","GEOIDFQ":"0600000US4900790645","GEOID":"4900790645","NAME":"East Carbon","NAMELSAD":"East Carbon CCD","STUSPS":"UT","NAMELSADCO":"Carbon County","STATE_NAME":"Utah","LSAD":"22","ALAND":1898128705,"AWATER":4393393}},
{"type":"Feature","geometry":{"type":"Polygon","coordinates":[[[-109.9764,40.80969],[-109.97649,40.54834],[-109.97655,40.40362],[-109.9766,40.25873],[-109.97665,40.10112],[-109.97676,39.80623],[-109.88308,39.80624],[-109.89359,39.80188],[-109.89056,39.79778],[-109.8783,39.79374],[-109.87458,39.78976],[-109.87629,39.7835],[-109.88323,39.78412],[-109.8892,39.78768],[-109.8972,39.78888],[-109.90904,39.78512],[-109.91901,39.78612],[-109.92163,39.79936],[-109.9298,39.79557],[-109.92374,39.78478],[-109.92081,39.77414],[-109.92758,39.7602],[-109.9285,39.75226],[-109.93412,39.74727],[-109.94269,39.75066],[-109.94769,39.73966],[-109.95402,39.73413],[-109.95397,39.72995],[-109.94831,39.72284],[-109.95202,39.71898],[-109.96178,39.72571],[-109.96066,39.7356],[-109.96256,39.74064],[-109.96755,39.74289],[-109.98489,39.74133],[-109.99112,39.73953],[-109.99315,39.73102],[-109.98146,39.72316],[-109.97731,39.71452],[-109.97053,39.70986],[-109.97764,39.70413],[-109.98357,39.70508],[-109.99384,39.70323],[-109.99427,39.69331],[-110.00317,39.68918],[-110.00501,39.68376],[-109.99051,39.68475],[-109.98485,39.68044],[-109.98755,39.67495],[-109.98433,39.66468],[-109.98811,39.66004],[-109.98818,39.65492],[-109.99602,39.64619],[-110.01023,39.64683],[-110.01157,39.6376],[-110.00529,39.63434],[-109.99727,39.62693],[-110.00232,39.62454],[-110.0113,39.62496],[-110.01298,39.61622],[-110.0179,39.6094],[-110.0245,39.60665],[-110.02959,39.5971],[-110.01861,39.58653],[-110.02177,39.58098],[-110.03092,39.5778],[-110.03803,39.56702],[-110.03665,39.55989],[-110.02911,39.55492],[-110.02799,39.54831],[-110.02944,39.54103],[-110.03318,39.53677],[-110.04415,39.53557],[-110.03974,39.52499],[-110.02708,39.52389],[-110.02567,39.51197],[-110.02233,39.49954],[-110.01468,39.4909],[-110.01721,39.48376],[-110.02352,39.47928],[-110.02396,39.46927],[-109.95335,39.46927],[-109.95335,39.4618],[-109.60774,39.46228],[-109.10691,39.4621],[-109.1043,39.46937],[-109.09604,39.47123],[-109.09609,39.47886],[-109.08978,39.48503],[-109.08732,39.49233],[-109.07675,39.48919],[-109.07321,39.49761],[-109.06875,39.49559],[-109.05725,39.49981],[-109.05136,39.4977],[-109.05104,39.66047],[-109.05061,39.87497],[-109.05087,40.05892],[-109.05094,40.17305],[-109.12568,40.17306],[-109.26642,40.17263],[-109.26578,40.25144],[-109.37329,40.25175],[-109.37937,40.25049],[-109.42404,40.24938],[-109.60282,40.24738],[-109.6482,40.24719],[-109.75245,40.24712],[-109.75447,40.25019],[-109.78357,40.30329],[-109.8076,40.34586],[-109.81503,40.36048],[-109.80581,40.37534],[-109.79358,40.38772],[-109.76637,40.41334],[-109.7681,40.42069],[-109.75369,40.4551],[-109.75558,40.46259],[-109.74833,40.47033],[-109.74033,40.4758],[-109.7286,40.49873],[-109.78088,40.50339],[-109.78137,40.50683],[-109.77283,40.52363],[-109.78031,40.52783],[-109.79792,40.53274],[-109.81718,40.53467],[-109.84937,40.54092],[-109.87328,40.54629],[-109.88989,40.5509],[-109.88232,40.56732],[-109.88515,40.57756],[-109.8766,40.58474],[-109.88206,40.5938],[-109.89097,40.59906],[-109.91139,40.60687],[-109.89079,40.62416],[-109.90533,40.64892],[-109.90339,40.65174],[-109.90908,40.65654],[-109.90996,40.67903],[-109.91848,40.68958],[-109.92777,40.68789],[-109.93957,40.69356],[-109.94843,40.69564],[-109.96266,40.70923],[-109.95454,40.71282],[-109.95232,40.72296],[-109.95391,40.72502],[-109.9471,40.73495],[-109.95516,40.74157],[-109.9371,40.75627],[-109.93782,40.76525],[-109.92169,40.77299],[-109.91391,40.78245],[-109.91577,40.78835],[-109.92285,40.78964],[-109.93218,40.79669],[-109.93928,40.79464],[-109.94418,40.79822],[-109.95038,40.79816],[-109.95477,40.80164],[-109.96292,40.8034],[-109.97071,40.81064],[-109.9764,40.80969]]]},"properties":{"STATEFP":"49","COUNTYFP":"047","COUSUBFP":"93569","COUSUBNS":"01939427","GEOIDFQ":"0600000US4904793569","GEOID":"4904793569","NAME":"Uintah and Ouray","NAMELSAD":"Uintah and Ouray CCD","STUSPS":"UT","NAMELSADCO":"Uintah County","STATE_NAME":"Utah","LSAD":"22","ALAND":7470799103,"AWATER":30842820}},
{"type":"Feature","geometry":{"type":"Polygon","coordinates":[[[-111.67625,39.81248],[-111.64194,39.81287],[-111.62131,39.81316],[-111.57503,39.81281],[-111.5283,39.81295],[-111.52836,39.81203],[-111.3068,39.81237],[-111.3068,39.81305],[-111.2475,39.81303],[-111.07905,39.81223],[-111.07905,39.81413],[-110.85778,39.81329],[-110.85777,39.87041],[-110.85765,39.89971],[-110.89165,39.89965],[-110.95995,39.89966],[-111.0831,39.90006],[-111.08306,39.9432],[-111.11842,39.94348],[-111.13107,39.94733],[-111.12916,39.95162],[-111.12014,39.95727],[-111.1181,39.96203],[-111.11927,39.96816],[-111.12901,39.97034],[-111.13503,39.97615],[-111.13377,39.97861],[-111.14304,39.98696],[-111.1522,39.98506],[-111.16095,39.992],[-111.16574,39.99004],[-111.16929,39.99605],[-111.16826,40.00355],[-111.17166,40.01066],[-111.17733,40.01621],[-111.18663,40.02011],[-111.19125,40.02955],[-111.19771,40.03118],[-111.20024,40.0409],[-111.20492,40.04793],[-111.21435,40.04284],[-111.22346,40.0401],[-111.2267,40.03569],[-111.23823,40.03873],[-111.24082,40.0438],[-111.24621,40.04747],[-111.24923,40.05559],[-111.2413,40.06568],[-111.23603,40.07],[-111.24056,40.07482],[-111.23801,40.08055],[-111.24234,40.08596],[-111.24141,40.0919],[-111.23719,40.09485],[-111.2347,40.10419],[-111.23016,40.1067],[-111.22539,40.12006],[-111.22146,40.12492],[-111.22582,40.14462],[-111.23133,40.14763],[-111.22673,40.15581],[-111.22923,40.15859],[-111.22586,40.1677],[-111.23534,40.17604],[-111.2359,40.1812],[-111.24781,40.19364],[-111.25829,40.19827],[-111.25641,40.20073],[-111.26315,40.20552],[-111.27337,40.22191],[-111.27184,40.22764],[-111.27362,40.23622],[-111.26774,40.23707],[-111.26484,40.24227],[-111.2719,40.25082],[-111.27611,40.25211],[-111.27901,40.2589],[-111.29791,40.27308],[-111.30797,40.2746],[-111.30789,40.2839],[-111.31183,40.28646],[-111.322,40.28725],[-111.32813,40.28223],[-111.33671,40.28829],[-111.34648,40.28729],[-111.35144,40.28949],[-111.36018,40.28856],[-111.36823,40.29194],[-111.37405,40.29704],[-111.38237,40.29458],[-111.3923,40.29625],[-111.39694,40.29245],[-111.4018,40.29574],[-111.41051,40.29511],[-111.41287,40.28941],[-111.42665,40.28702],[-111.43406,40.2919],[-111.44426,40.29039],[-111.45174,40.29342],[-111.45732,40.30071],[-111.47181,40.29212],[-111.48487,40.28912],[-111.49717,40.2888],[-111.50074,40.28484],[-111.50926,40.28431],[-111.52787,40.27068],[-111.54414,40.25562],[-111.54665,40.24969],[-111.56173,40.242],[-111.57138,40.24323],[-111.5742,40.24137],[-111.57326,40.23364],[-111.56777,40.22838],[-111.57065,40.21264],[-111.57855,40.21042],[-111.57454,40.2022],[-111.57553,40.19798],[-111.58332,40.18686],[-111.589,40.18672],[-111.59709,40.18328],[-111.60677,40.1893],[-111.61067,40.18567],[-111.6336,40.18805],[-111.6467,40.18774],[-111.64673,40.18406],[-111.64699,40.13293],[-111.64799,40.12735],[-111.63757,40.1182],[-111.6318,40.10966],[-111.61552,40.10098],[-111.63088,40.10014],[-111.5975,40.09069],[-111.5909,40.08312],[-111.58616,40.08138],[-111.56846,40.06108],[-111.55908,40.05587],[-111.55122,40.05459],[-111.54737,40.05066],[-111.54553,40.04224],[-111.55514,40.03535],[-111.56078,40.02772],[-111.56924,40.02331],[-111.57369,40.01803],[-111.58233,40.01731],[-111.59514,40.00917],[-111.59096,39.99749],[-111.59691,39.99619],[-111.60527,39.98951],[-111.61373,39.9868],[-111.61631,39.9775],[-111.62341,39.9707],[-111.62062,39.96561],[-111.62673,39.95832],[-111.6331,39.95735],[-111.63583,39.95011],[-111.6402,39.94764],[-111.64229,39.9412],[-111.63548,39.93565],[-111.63136,39.92315],[-111.63407,39.91542],[-111.64134,39.90964],[-111.63545,39.89719],[-111.639,39.88771],[-111.63483,39.87596],[-111.63113,39.87174],[-111.62731,39.85675],[-111.63694,39.8539],[-111.63806,39.8513],[-111.64984,39.84893],[-111.6604,39.83575],[-111.6715,39.83067],[-111.67345,39.81689],[-111.67625,39.81248]]]},"properties":{"STATEFP":"49","COUNTYFP":"049","COUSUBFP":"93311","COUSUBNS":"01939421","GEOIDFQ":"0600000US4904993311","GEOID":"4904993311","NAME":"Springville-Mapleton","NAMELSAD":"Springville-Mapleton CCD","STUSPS":"UT","NAMELSADCO":"Utah County","STATE_NAME":"Utah","LSAD":"22","ALAND":2091379909,"AWATER":151498}},
{"type":"Feature","geometry":{"type":"Polygon","coordinates":[[[-111.29964,39.21126],[-111.29972,39.29454],[-111.3007,39.29451],[-111.30094,39.38916],[-111.30452,39.394],[-111.31439,39.39793],[-111.31963,39.40348],[-111.33809,39.41376],[-111.34226,39.42049],[-111.34875,39.41859],[-111.35851,39.42622],[-111.36643,39.41922],[-111.37263,39.4191],[-111.37776,39.40214],[-111.38064,39.40082],[-111.38343,39.38933],[-111.3831,39.38421],[-111.39459,39.38432],[-111.399,39.37393],[-111.40889,39.36877],[-111.41685,39.36914],[-111.43461,39.36648],[-111.43792,39.36276],[-111.43705,39.35756],[-111.44508,39.34503],[-111.44985,39.34509],[-111.45374,39.35145],[-111.46467,39.34997],[-111.46869,39.35278],[-111.47161,39.36414],[-111.48904,39.3631],[-111.49624,39.36863],[-111.50792,39.36864],[-111.5221,39.38186],[-111.52804,39.38105],[-111.53681,39.38872],[-111.54831,39.39431],[-111.57705,39.39362],[-111.58698,39.38577],[-111.58336,39.40262],[-111.59841,39.40284],[-111.6087,39.39932],[-111.61886,39.39846],[-111.61993,39.39349],[-111.62627,39.38581],[-111.63084,39.37333],[-111.63745,39.3722],[-111.64341,39.36503],[-111.65604,39.35447],[-111.66741,39.34071],[-111.66999,39.3292],[-111.67119,39.31329],[-111.67727,39.30008],[-111.68355,39.29525],[-111.68482,39.28868],[-111.6833,39.28168],[-111.67844,39.27912],[-111.68123,39.27266],[-111.68935,39.27064],[-111.68704,39.26498],[-111.69457,39.26093],[-111.69592,39.24809],[-111.70542,39.24593],[-111.70755,39.24185],[-111.70181,39.23679],[-111.70721,39.22185],[-111.70669,39.21234],[-111.71545,39.19803],[-111.71487,39.19529],[-111.72035,39.18461],[-111.7238,39.17305],[-111.72874,39.16641],[-111.75078,39.15962],[-111.74936,39.15704],[-111.73348,39.15339],[-111.75383,39.13849],[-111.75637,39.13293],[-111.76581,39.12768],[-111.77302,39.1174],[-111.78441,39.11154],[-111.77601,39.10786],[-111.77392,39.09865],[-111.78276,39.09192],[-111.78217,39.0893],[-111.79185,39.07707],[-111.79043,39.06817],[-111.79281,39.06303],[-111.79203,39.04608],[-111.79583,39.03739],[-111.80239,39.03322],[-111.64879,39.03234],[-111.29936,39.03231],[-111.29936,39.11782],[-111.29976,39.11782],[-111.29964,39.21126]]]},"properties":{"STATEFP":"49","COUNTYFP":"039","COUSUBFP":"90860","COUSUBNS":"01939365","GEOIDFQ":"0600000US4903990860","GEOID":"4903990860","NAME":"Ephraim-Manti","NAMELSAD":"Ephraim-Manti CCD","STUSPS":"UT","NAMELSADCO":"Sanpete County","STATE_NAME":"Utah","LSAD":"22","ALAND":1413376615,"AWATER":6100180}},
{"type":"Feature","geometry":{"type":"Polygon","coordinates":[[[-110.02528,38.49998],[-110.83342,38.49998],[-111.24959,38.49998],[-111.3057,38.5],[-111.30566,38.51017],[-111.47335,38.5101],[-111.45895,38.49865],[-111.46151,38.49359],[-111.45832,38.48528],[-111.4624,38.48326],[-111.4615,38.47592],[-111.45511,38.46398],[-111.45557,38.45707],[-111.45249,38.45391],[-111.45308,38.44498],[-111.45747,38.43874],[-111.44575,38.43863],[-111.43855,38.4404],[-111.43278,38.43603],[-111.42344,38.4328],[-111.42353,38.4248],[-111.3958,38.42489],[-111.39613,38.40176],[-111.40435,38.40163],[-111.4164,38.41095],[-111.42679,38.41355],[-111.42487,38.40801],[-111.42825,38.40047],[-111.43551,38.39618],[-111.44244,38.38382],[-111.44911,38.38263],[-111.44729,38.37203],[-111.43711,38.36116],[-111.42016,38.35685],[-111.41301,38.34806],[-111.397,38.34092],[-111.39192,38.33531],[-111.37456,38.33076],[-111.36917,38.32551],[-111.35732,38.32618],[-111.34484,38.32311],[-111.32165,38.3216],[-111.30764,38.31691],[-111.29694,38.30888],[-111.28269,38.3077],[-111.25953,38.28863],[-111.2467,38.28581],[-111.24953,38.27716],[-111.24523,38.26732],[-111.24106,38.26209],[-111.2324,38.25576],[-111.22463,38.24116],[-111.22386,38.23244],[-111.22087,38.22528],[-111.20982,38.21282],[-111.19733,38.20849],[-111.20114,38.19806],[-111.19308,38.18678],[-111.17974,38.18327],[-111.18227,38.17642],[-111.17706,38.16781],[-111.18022,38.1591],[-111.17193,38.15282],[-111.11454,38.15236],[-110.88098,38.15216],[-109.92797,38.15175],[-109.93257,38.15725],[-109.91384,38.16762],[-109.90354,38.17837],[-109.88997,38.18111],[-109.88593,38.1894],[-109.89142,38.19026],[-109.89832,38.18801],[-109.90394,38.18998],[-109.90219,38.19464],[-109.89169,38.20118],[-109.88774,38.20765],[-109.89915,38.20705],[-109.91036,38.2113],[-109.91853,38.21676],[-109.91988,38.22439],[-109.91628,38.22727],[-109.90254,38.22937],[-109.89053,38.22801],[-109.88863,38.23016],[-109.89601,38.24062],[-109.90142,38.24292],[-109.91392,38.23877],[-109.91759,38.24654],[-109.90579,38.25179],[-109.90179,38.25681],[-109.90355,38.26471],[-109.9075,38.27057],[-109.91125,38.27059],[-109.92405,38.26099],[-109.93123,38.26009],[-109.9362,38.2655],[-109.92777,38.27732],[-109.9289,38.28166],[-109.93626,38.286],[-109.94659,38.28806],[-109.95076,38.29392],[-109.94604,38.30765],[-109.95159,38.31454],[-109.96335,38.31949],[-109.9656,38.33032],[-109.96182,38.33402],[-109.94874,38.33759],[-109.94159,38.34984],[-109.94299,38.35498],[-109.95326,38.35419],[-109.95447,38.3458],[-109.95742,38.34184],[-109.9644,38.33974],[-109.97449,38.34514],[-109.98371,38.35204],[-109.987,38.36004],[-109.98063,38.36398],[-109.97382,38.37419],[-109.97244,38.38371],[-109.97923,38.38964],[-109.98804,38.3859],[-110.00116,38.37039],[-110.00869,38.36494],[-110.0153,38.36664],[-110.0099,38.37145],[-110.01025,38.37761],[-110.02025,38.38306],[-110.03131,38.38444],[-110.03354,38.38883],[-110.02559,38.39364],[-110.0173,38.40539],[-110.00445,38.41178],[-110.00324,38.41609],[-110.00933,38.42656],[-110.01438,38.43092],[-110.02659,38.44743],[-110.03744,38.44632],[-110.04432,38.44901],[-110.04345,38.45666],[-110.03599,38.45993],[-110.03044,38.45722],[-110.02495,38.45072],[-110.01855,38.44629],[-110.01066,38.44974],[-110.01112,38.45832],[-110.0025,38.47304],[-110.00198,38.48168],[-110.00504,38.48464],[-110.01952,38.49275],[-110.02528,38.49998]]]},"properties":{"STATEFP":"49","COUNTYFP":"055","COUSUBFP":"91247","COUSUBNS":"01939374","GEOIDFQ":"0600000US4905591247","GEOID":"4905591247","NAME":"Hanksville","NAMELSAD":"Hanksville CCD","STUSPS":"UT","NAMELSADCO":"Wayne County","STATE_NAME":"Utah","LSAD":"22","ALAND":4631195640,"AWATER":13173973}},
{"type":"Feature","geometry":{"type":"Polygon","coordinates":[[[-111.76639,38.50224],[-111.82357,38.45722],[-111.82819,38.44291],[-111.83403,38.43977],[-111.8384,38.42883],[-111.84876,38.42493],[-111.84519,38.29699],[-111.84321,38.15123],[-111.63522,38.15118],[-111.63519,38.15014],[-111.50696,38.14999],[-111.41416,38.15006],[-111.41411,38.15379],[-111.18674,38.15291],[-111.17193,38.15282],[-111.18022,38.1591],[-111.17706,38.16781],[-111.18227,38.17642],[-111.17974,38.18327],[-111.19308,38.18678],[-111.20114,38.19806],[-111.19733,38.20849],[-111.20982,38.21282],[-111.22087,38.22528],[-111.22386,38.23244],[-111.22463,38.24116],[-111.2324,38.25576],[-111.24106,38.26209],[-111.24523,38.26732],[-111.24953,38.27716],[-111.2467,38.28581],[-111.25953,38.28863],[-111.28269,38.3077],[-111.29694,38.30888],[-111.30764,38.31691],[-111.32165,38.3216],[-111.34484,38.32311],[-111.35732,38.32618],[-111.36917,38.32551],[-111.37456,38.33076],[-111.39192,38.33531],[-111.397,38.34092],[-111.41301,38.34806],[-111.42016,38.35685],[-111.43711,38.36116],[-111.44729,38.37203],[-111.44911,38.38263],[-111.44244,38.38382],[-111.43551,38.39618],[-111.42825,38.40047],[-111.42487,38.40801],[-111.42679,38.41355],[-111.4164,38.41095],[-111.40435,38.40163],[-111.39613,38.40176],[-111.3958,38.42489],[-111.42353,38.4248],[-111.42344,38.4328],[-111.43278,38.43603],[-111.43855,38.4404],[-111.44575,38.43863],[-111.45747,38.43874],[-111.45308,38.44498],[-111.45249,38.45391],[-111.45557,38.45707],[-111.45511,38.46398],[-111.4615,38.47592],[-111.4624,38.48326],[-111.45832,38.48528],[-111.46151,38.49359],[-111.45895,38.49865],[-111.47335,38.5101],[-111.7563,38.51015],[-111.76639,38.50224]]]},"properties":{"STATEFP":"49","COUNTYFP":"055","COUSUBFP":"91720","COUSUBNS":"01939385","GEOIDFQ":"0600000US4905591720","GEOID":"4905591720","NAME":"Loa","NAMELSAD":"Loa CCD","STUSPS":"UT","NAMELSADCO":"Wayne County","STATE_NAME":"Utah","LSAD":"22","ALAND":1743007527,"AWATER":1486864}},
{"type":"Feature","geometry":{"type":"Polygon","coordinates":[[[-113.44248,37.22614],[-113.42315,37.22608],[-113.42269,37.22938],[-113.39357,37.22938],[-113.39363,37.23633],[-113.38453,37.23651],[-113.38501,37.25192],[-113.37643,37.25205],[-113.37641,37.25923],[-113.3673,37.25887],[-113.36706,37.27295],[-113.35053,37.27318],[-113.34937,37.28118],[-113.32871,37.28134],[-113.32872,37.28768],[-113.31051,37.28772],[-113.31044,37.30223],[-113.30135,37.30222],[-113.3014,37.34804],[-113.2901,37.34804],[-113.29029,37.37713],[-113.28292,37.37714],[-113.28284,37.39172],[-113.27216,37.39147],[-113.27228,37.43772],[-113.29049,37.43769],[-113.28999,37.45319],[-113.29928,37.45309],[-113.29921,37.4602],[-113.30845,37.45997],[-113.30867,37.46722],[-113.32722,37.46734],[-113.32739,37.5],[-113.32846,37.52917],[-113.47403,37.52909],[-113.47402,37.55359],[-113.47448,37.61829],[-113.58777,37.61822],[-113.5878,37.60461],[-113.64882,37.60487],[-114.05247,37.60478],[-114.05296,37.59278],[-114.05274,37.53103],[-114.04722,37.53086],[-114.0472,37.52405],[-114.03828,37.52395],[-114.03843,37.52021],[-114.02902,37.52017],[-114.02916,37.51659],[-114.00698,37.51675],[-114.00086,37.51079],[-113.97963,37.51075],[-113.96157,37.49659],[-113.96136,37.48965],[-113.95706,37.48975],[-113.95481,37.48256],[-113.95469,37.46753],[-113.94783,37.46778],[-113.94791,37.46062],[-113.94297,37.46065],[-113.93877,37.45292],[-113.92978,37.44596],[-113.91039,37.44577],[-113.9103,37.44239],[-113.90136,37.44252],[-113.90117,37.43867],[-113.89232,37.4388],[-113.88742,37.43154],[-113.86502,37.43135],[-113.8603,37.42917],[-113.85654,37.42188],[-113.85203,37.4183],[-113.8428,37.41832],[-113.84284,37.41091],[-113.83374,37.41094],[-113.83348,37.4033],[-113.8243,37.40349],[-113.82423,37.37414],[-113.7508,37.3737],[-113.74596,37.37433],[-113.69699,37.37372],[-113.69719,37.38168],[-113.68827,37.38158],[-113.68826,37.38861],[-113.66074,37.38846],[-113.66093,37.40272],[-113.64252,37.4029],[-113.64253,37.42422],[-113.60673,37.4243],[-113.60571,37.42371],[-113.60635,37.39513],[-113.61566,37.39188],[-113.61504,37.3747],[-113.61514,37.34616],[-113.61431,37.33793],[-113.60676,37.33761],[-113.60685,37.31524],[-113.58807,37.31535],[-113.58868,37.22784],[-113.56394,37.22705],[-113.53365,37.22835],[-113.51819,37.22728],[-113.44248,37.22614]]]},"properties":{"STATEFP":"49","COUNTYFP":"053","COUSUBFP":"90817","COUSUBNS":"01939364","GEOIDFQ":"0600000US4905390817","GEOID":"4905390817","NAME":"Enterprise","NAMELSAD":"Enterprise CCD","STUSPS":"UT","NAMELSADCO":"Washington County","STATE_NAME":"Utah","LSAD":"22","ALAND":1739820635,"AWATER":1841758}},
{"type":"Feature","geometry":{"type":"Polygon","coordinates":[[[-111.90427,41.65444],[-111.914,41.64483],[-111.90335,41.64175],[-111.89333,41.64096],[-111.89094,41.63729],[-111.89094,41.58466],[-111.88841,41.58027],[-111.89427,41.57606],[-111.90357,41.57297],[-111.90959,41.56493],[-111.92462,41.56276],[-111.93809,41.5643],[-111.93866,41.56134],[-111.94987,41.5572],[-111.95367,41.55044],[-111.94332,41.55316],[-111.93672,41.55071],[-111.93486,41.54427],[-111.9267,41.53697],[-111.91799,41.53906],[-111.91358,41.53161],[-111.9119,41.51852],[-111.90718,41.5155],[-111.90912,41.5071],[-111.90424,41.49733],[-111.88416,41.49602],[-111.84244,41.49566],[-111.8177,41.49496],[-111.79352,41.49588],[-111.79431,41.62502],[-111.80524,41.62788],[-111.8162,41.6368],[-111.82274,41.64797],[-111.82443,41.65413],[-111.83662,41.65121],[-111.89282,41.65219],[-111.90427,41.65444]]]},"properties":{"STATEFP":"49","COUNTYFP":"005","COUSUBFP":"91505","COUSUBNS":"01939380","GEOIDFQ":"0600000US4900591505","GEOID":"4900591505","NAME":"Hyrum","NAMELSAD":"Hyrum CCD","STUSPS":"UT","NAMELSADCO":"Cache County","STATE_NAME":"Utah","LSAD":"22","ALAND":156444001,"AWATER":1771038}},
{"type":"Feature","geometry":{"type":"Polygon","coordinates":[[[-111.99944,41.57598],[-112.00635,41.5925],[-112.00754,41.60109],[-112.00449,41.60599],[-112.00708,41.6275],[-112.01552,41.64181],[-112.01274,41.64807],[-112.01818,41.66251],[-112.02519,41.66869],[-112.0309,41.68184],[-112.04507,41.68685],[-112.05187,41.69991],[-112.05032,41.70604],[-112.04279,41.71043],[-112.04547,41.71858],[-112.04502,41.72735],[-112.04224,41.73848],[-112.03387,41.74965],[-112.03139,41.75953],[-112.03317,41.76682],[-112.02191,41.7788],[-112.01305,41.7824],[-112.00863,41.79464],[-112.01819,41.80457],[-112.02742,41.80694],[-112.03048,41.81005],[-112.02912,41.82085],[-112.03481,41.82393],[-112.04615,41.84204],[-112.04658,41.85078],[-112.05222,41.85356],[-112.05907,41.85134],[-112.06171,41.84384],[-112.06835,41.84593],[-112.07279,41.83716],[-112.10696,41.83653],[-112.10643,41.81463],[-112.11053,41.81659],[-112.11293,41.82505],[-112.13231,41.83457],[-112.14355,41.84461],[-112.15071,41.84296],[-112.15558,41.83575],[-112.1552,41.82279],[-112.15882,41.81806],[-112.1573,41.80756],[-112.1597,41.78792],[-112.16425,41.7785],[-112.16412,41.77061],[-112.16985,41.7621],[-112.16885,41.75795],[-112.17326,41.74956],[-112.18881,41.73331],[-112.189,41.72845],[-112.19521,41.72562],[-112.21514,41.72517],[-112.23274,41.72216],[-112.23964,41.72295],[-112.25913,41.73228],[-112.28138,41.72838],[-112.28578,41.72238],[-112.29123,41.70957],[-112.29766,41.70905],[-112.29725,41.69424],[-112.29826,41.68383],[-112.29699,41.66624],[-112.29857,41.65909],[-112.31065,41.65684],[-112.32533,41.65144],[-112.3292,41.64832],[-112.32899,41.63693],[-112.33382,41.62949],[-112.32514,41.61749],[-112.32342,41.61072],[-112.32503,41.60077],[-112.37524,41.61405],[-112.39915,41.62585],[-112.41602,41.6297],[-112.42591,41.63582],[-112.46092,41.63515],[-112.47298,41.63411],[-112.47737,41.62297],[-112.48174,41.6189],[-112.48232,41.61171],[-112.48935,41.60517],[-112.48934,41.55421],[-112.48662,41.55129],[-112.47677,41.5193],[-112.47333,41.51452],[-112.4694,41.49737],[-112.46152,41.48903],[-112.45514,41.4865],[-112.45334,41.47833],[-112.44403,41.47056],[-112.44363,41.45975],[-112.43797,41.45964],[-112.4087,41.44789],[-112.41287,41.43647],[-112.40978,41.43068],[-112.39292,41.42439],[-112.36351,41.41542],[-112.35354,41.40917],[-112.34443,41.39963],[-112.33492,41.38645],[-112.31665,41.39278],[-112.30548,41.39795],[-112.29672,41.40636],[-112.28606,41.40634],[-112.28213,41.41527],[-112.27414,41.42062],[-112.27217,41.4255],[-112.29182,41.43205],[-112.26747,41.47822],[-112.25387,41.48191],[-112.24444,41.48036],[-112.23948,41.48229],[-112.22668,41.48234],[-112.21751,41.46646],[-112.20837,41.47003],[-112.1967,41.47104],[-112.19287,41.46899],[-112.17129,41.47453],[-112.16605,41.47063],[-112.16071,41.47982],[-112.15059,41.48506],[-112.14395,41.48329],[-112.14411,41.49759],[-112.13752,41.50122],[-112.12694,41.51265],[-112.11855,41.52346],[-112.11354,41.51906],[-112.10955,41.52578],[-112.10071,41.52897],[-112.10302,41.5351],[-112.10132,41.5395],[-112.1113,41.53867],[-112.10705,41.54562],[-112.1025,41.54736],[-112.09568,41.54556],[-112.07947,41.53844],[-112.05936,41.53417],[-112.05836,41.5389],[-112.0451,41.54019],[-112.04482,41.5438],[-112.03321,41.54726],[-112.03893,41.55756],[-112.04063,41.57382],[-112.05289,41.58815],[-112.05509,41.59433],[-112.04697,41.59506],[-112.04065,41.58838],[-112.03568,41.58597],[-112.02929,41.57272],[-112.02138,41.56961],[-112.00246,41.57335],[-111.99944,41.57598]]]},"properties":{"STATEFP":"49","COUNTYFP":"003","COUSUBFP":"93440","COUSUBNS":"01939424","GEOIDFQ":"0600000US4900393440","GEOID":"4900393440","NAME":"Tremonton","NAMELSAD":"Tremonton CCD","STUSPS":"UT","NAMELSADCO":"Box Elder County","STATE_NAME":"Utah","LSAD":"22","ALAND":953395040,"AWATER":102414425}},
{"type":"Feature","geometry":{"type":"Polygon","coordinates":[[[-111.74759,39.43746],[-111.74429,39.44412],[-111.73463,39.44091],[-111.7328,39.43069],[-111.72833,39.42825],[-111.71869,39.42922],[-111.70608,39.42608],[-111.69765,39.41227],[-111.68245,39.40335],[-111.67654,39.39723],[-111.67427,39.39058],[-111.66455,39.39065],[-111.66283,39.38693],[-111.65539,39.38646],[-111.65504,39.37246],[-111.65036,39.37197],[-111.65015,39.36497],[-111.64341,39.36503],[-111.63745,39.3722],[-111.63084,39.37333],[-111.62627,39.38581],[-111.61993,39.39349],[-111.61886,39.39846],[-111.6087,39.39932],[-111.59841,39.40284],[-111.58336,39.40262],[-111.58698,39.38577],[-111.57705,39.39362],[-111.54831,39.39431],[-111.53681,39.38872],[-111.52804,39.38105],[-111.5221,39.38186],[-111.50792,39.36864],[-111.49624,39.36863],[-111.48904,39.3631],[-111.47161,39.36414],[-111.46869,39.35278],[-111.46467,39.34997],[-111.45374,39.35145],[-111.44985,39.34509],[-111.44508,39.34503],[-111.43705,39.35756],[-111.43792,39.36276],[-111.43461,39.36648],[-111.41685,39.36914],[-111.40889,39.36877],[-111.399,39.37393],[-111.39459,39.38432],[-111.3831,39.38421],[-111.38343,39.38933],[-111.38064,39.40082],[-111.37776,39.40214],[-111.37263,39.4191],[-111.36643,39.41922],[-111.35851,39.42622],[-111.34875,39.41859],[-111.34226,39.42049],[-111.33809,39.41376],[-111.31963,39.40348],[-111.31439,39.39793],[-111.30452,39.394],[-111.30094,39.38916],[-111.3009,39.46724],[-111.24775,39.4672],[-111.24775,39.55136],[-111.24708,39.55135],[-111.24789,39.63904],[-111.24746,39.70437],[-111.2475,39.81303],[-111.3068,39.81305],[-111.3068,39.81237],[-111.52836,39.81203],[-111.5283,39.81295],[-111.57503,39.81281],[-111.62131,39.81316],[-111.64194,39.81287],[-111.64206,39.79831],[-111.62212,39.79848],[-111.62251,39.78382],[-111.58486,39.78424],[-111.58475,39.74014],[-111.64252,39.73969],[-111.64262,39.72516],[-111.66135,39.72506],[-111.66136,39.71766],[-111.68036,39.71746],[-111.68027,39.7102],[-111.6896,39.71036],[-111.68948,39.69523],[-111.71748,39.69456],[-111.71725,39.63698],[-111.71518,39.63698],[-111.71571,39.5482],[-111.71325,39.5482],[-111.71314,39.4603],[-111.74774,39.46008],[-111.74759,39.43746]]]},"properties":{"STATEFP":"49","COUNTYFP":"039","COUSUBFP":"92150","COUSUBNS":"01939395","GEOIDFQ":"0600000US4903992150","GEOID":"4903992150","NAME":"Mount Pleasant-Moroni","NAMELSAD":"Mount Pleasant-Moroni CCD","STUSPS":"UT","NAMELSADCO":"Sanpete County","STATE_NAME":"Utah","LSAD":"22","ALAND":1761115692,"AWATER":3454996}},
{"type":"Feature","geometry":{"type":"Polygon","coordinates":[[[-111.25528,40.29912],[-111.25876,40.30545],[-111.25693,40.31278],[-111.26195,40.32583],[-111.26128,40.33755],[-111.26601,40.3451],[-111.28262,40.35725],[-111.29439,40.37229],[-111.3032,40.38844],[-111.30244,40.39525],[-111.31286,40.40733],[-111.32573,40.41233],[-111.33576,40.41941],[-111.34426,40.42325],[-111.36003,40.44069],[-111.41325,40.49287],[-111.445,40.47256],[-111.46668,40.4598],[-111.47844,40.45061],[-111.47803,40.444],[-111.48952,40.44052],[-111.49311,40.43618],[-111.49044,40.43036],[-111.48952,40.42084],[-111.48728,40.41691],[-111.48062,40.4142],[-111.48057,40.40887],[-111.49483,40.40686],[-111.51195,40.4112],[-111.5268,40.40563],[-111.53991,40.39659],[-111.54166,40.39114],[-111.55623,40.37506],[-111.55546,40.3699],[-111.55523,40.3627],[-111.52704,40.36169],[-111.48034,40.36217],[-111.48054,40.35496],[-111.47158,40.34758],[-111.46228,40.34748],[-111.46246,40.34034],[-111.45315,40.34028],[-111.45329,40.33427],[-111.44582,40.32996],[-111.43802,40.32184],[-111.45022,40.30544],[-111.45732,40.30071],[-111.45174,40.29342],[-111.44426,40.29039],[-111.43406,40.2919],[-111.42665,40.28702],[-111.41287,40.28941],[-111.41051,40.29511],[-111.4018,40.29574],[-111.39694,40.29245],[-111.3923,40.29625],[-111.38237,40.29458],[-111.37405,40.29704],[-111.36823,40.29194],[-111.36018,40.28856],[-111.35144,40.28949],[-111.34648,40.28729],[-111.33671,40.28829],[-111.32813,40.28223],[-111.322,40.28725],[-111.31183,40.28646],[-111.30863,40.2981],[-111.29692,40.30988],[-111.28283,40.30164],[-111.27996,40.2973],[-111.26872,40.29951],[-111.25528,40.29912]]]},"properties":{"STATEFP":"49","COUNTYFP":"051","COUSUBFP":"91308","COUSUBNS":"02584785","GEOIDFQ":"0600000US4905191308","GEOID":"4905191308","NAME":"Heber City South","NAMELSAD":"Heber City South CCD","STUSPS":"UT","NAMELSADCO":"Wasatch County","STATE_NAME":"Utah","LSAD":"22","ALAND":308609518,"AWATER":0}},
{"type":"Feature","geometry":{"type":"Polygon","coordinates":[[[-111.76612,41.81862],[-111.76618,41.82421],[-111.77618,41.82417],[-111.77654,41.86026],[-111.75718,41.86018],[-111.75777,41.86918],[-111.77117,41.86451],[-111.77792,41.86576],[-111.79015,41.8629],[-111.79347,41.87148],[-111.80385,41.87207],[-111.80756,41.88176],[-111.81568,41.88198],[-111.81624,41.8881],[-111.83549,41.88914],[-111.87003,41.88909],[-111.8812,41.89946],[-111.89489,41.89867],[-111.90025,41.8953],[-111.90587,41.89731],[-111.9008,41.90206],[-111.90189,41.90741],[-111.89546,41.90785],[-111.89651,41.91395],[-111.90622,41.92234],[-111.91383,41.9147],[-111.9293,41.91447],[-111.93567,41.91754],[-111.97715,41.91749],[-111.97668,41.90746],[-111.9713,41.89563],[-111.97391,41.88932],[-111.98038,41.88833],[-112.03641,41.88807],[-112.0345,41.87781],[-112.04634,41.86301],[-112.04658,41.85078],[-112.04615,41.84204],[-112.03481,41.82393],[-112.02912,41.82085],[-112.03048,41.81005],[-112.02742,41.80694],[-112.01819,41.80457],[-112.00863,41.79464],[-112.01305,41.7824],[-112.02191,41.7788],[-112.00334,41.75681],[-111.96365,41.74705],[-111.95244,41.74621],[-111.94879,41.75243],[-111.95555,41.75889],[-111.94366,41.78253],[-111.94812,41.78578],[-111.95525,41.786],[-111.95518,41.79286],[-111.95919,41.80716],[-111.95256,41.80991],[-111.94712,41.80382],[-111.93029,41.80906],[-111.92683,41.805],[-111.93252,41.80107],[-111.92446,41.79351],[-111.92004,41.78665],[-111.91185,41.79405],[-111.90653,41.80185],[-111.89163,41.80143],[-111.89158,41.80877],[-111.8333,41.8087],[-111.83321,41.81273],[-111.80554,41.81253],[-111.79686,41.81639],[-111.79056,41.81401],[-111.78983,41.80617],[-111.77816,41.8116],[-111.77235,41.81677],[-111.76612,41.81862]]]},"properties":{"STATEFP":"49","COUNTYFP":"005","COUSUBFP":"93096","COUSUBNS":"01939416","GEOIDFQ":"0600000US4900593096","GEOID":"4900593096","NAME":"Smithfield","NAMELSAD":"Smithfield CCD","STUSPS":"UT","NAMELSADCO":"Cache County","STATE_NAME":"Utah","LSAD":"22","ALAND":236838421,"AWATER":8811093}},
{"type":"Feature","geometry":{"type":"Polygon","coordinates":[[[-111.95244,41.74621],[-111.96365,41.74705],[-112.00334,41.75681],[-112.02191,41.7788],[-112.03317,41.76682],[-112.03139,41.75953],[-112.03387,41.74965],[-112.04224,41.73848],[-112.04502,41.72735],[-112.04547,41.71858],[-112.04279,41.71043],[-112.05032,41.70604],[-112.05187,41.69991],[-112.04507,41.68685],[-112.0309,41.68184],[-112.02519,41.66869],[-112.01818,41.66251],[-112.01274,41.64807],[-112.01552,41.64181],[-112.00708,41.6275],[-112.00449,41.60599],[-112.00754,41.60109],[-112.00635,41.5925],[-111.99944,41.57598],[-111.99411,41.56613],[-111.99661,41.55757],[-111.99276,41.55501],[-111.98844,41.54419],[-111.98183,41.5341],[-111.97255,41.54357],[-111.96195,41.5436],[-111.95367,41.55044],[-111.94987,41.5572],[-111.93866,41.56134],[-111.93809,41.5643],[-111.92462,41.56276],[-111.90959,41.56493],[-111.90357,41.57297],[-111.89427,41.57606],[-111.88841,41.58027],[-111.89094,41.58466],[-111.89094,41.63729],[-111.89333,41.64096],[-111.90335,41.64175],[-111.914,41.64483],[-111.90427,41.65444],[-111.9019,41.66194],[-111.905,41.66812],[-111.92606,41.66947],[-111.92807,41.67555],[-111.9383,41.68317],[-111.933,41.69041],[-111.93451,41.694],[-111.9425,41.70076],[-111.94287,41.71111],[-111.93784,41.71218],[-111.94933,41.72117],[-111.95236,41.72654],[-111.94547,41.72702],[-111.94296,41.73592],[-111.95352,41.73579],[-111.95568,41.74332],[-111.95244,41.74621]]]},"properties":{"STATEFP":"49","COUNTYFP":"005","COUSUBFP":"93784","COUSUBNS":"01939432","GEOIDFQ":"0600000US4900593784","GEOID":"4900593784","NAME":"Wellsville","NAMELSAD":"Wellsville CCD","STUSPS":"UT","NAMELSADCO":"Cache County","STATE_NAME":"Utah","LSAD":"22","ALAND":196800314,"AWATER":571430}},
{"type":"Feature","geometry":{"type":"Polygon","coordinates":[[[-113.25616,38.14867],[-114.0499,38.14876],[-114.05042,37.99996],[-114.04966,37.88137],[-114.04968,37.82365],[-114.04847,37.80986],[-114.04992,37.76559],[-114.05173,37.746],[-114.05247,37.60478],[-113.64882,37.60487],[-113.5878,37.60461],[-113.58777,37.61822],[-113.47448,37.61829],[-113.47402,37.55359],[-113.46321,37.55711],[-113.45219,37.55907],[-113.43937,37.56357],[-113.42552,37.56577],[-113.42024,37.57043],[-113.40228,37.57994],[-113.37731,37.59516],[-113.37285,37.60085],[-113.36241,37.60621],[-113.35344,37.60924],[-113.35026,37.61731],[-113.34448,37.62255],[-113.33468,37.63866],[-113.33443,37.65314],[-113.33571,37.65506],[-113.32876,37.66502],[-113.28025,37.68814],[-113.27817,37.69778],[-113.28392,37.70782],[-113.28316,37.71105],[-113.27018,37.72442],[-113.26477,37.73483],[-113.26087,37.73914],[-113.24175,37.75391],[-113.43424,38.00102],[-113.43475,38.00592],[-113.25616,38.14867]]]},"properties":{"STATEFP":"49","COUNTYFP":"021","COUSUBFP":"90129","COUSUBNS":"01939348","GEOIDFQ":"0600000US4902190129","GEOID":"4902190129","NAME":"Beryl-Newcastle","NAMELSAD":"Beryl-Newcastle CCD","STUSPS":"UT","NAMELSADCO":"Iron County","STATE_NAME":"Utah","LSAD":"22","ALAND":3834248149,"AWATER":4307580}},
{"type":"Feature","geometry":{"type":"Polygon","coordinates":[[[-111.1522,39.98506],[-111.14304,39.98696],[-111.13377,39.97861],[-111.13503,39.97615],[-111.12901,39.97034],[-111.11927,39.96816],[-111.1181,39.96203],[-111.12014,39.95727],[-111.12916,39.95162],[-111.13107,39.94733],[-111.11842,39.94348],[-111.08306,39.9432],[-111.0831,39.90006],[-110.95995,39.89966],[-110.96568,39.91686],[-110.96783,39.93273],[-110.96503,39.93621],[-110.97466,39.94377],[-110.98261,39.97183],[-110.98132,39.98229],[-110.98566,39.98481],[-110.98943,39.99568],[-110.99348,39.99998],[-110.98992,40.01344],[-110.99017,40.02172],[-111.00397,40.03413],[-111.01102,40.03468],[-111.0209,40.04557],[-111.03697,40.04534],[-111.04514,40.04123],[-111.05479,40.03135],[-111.05514,40.02534],[-111.06254,40.02328],[-111.07661,40.02252],[-111.08547,40.01448],[-111.09204,40.01335],[-111.10558,40.0023],[-111.12303,39.99735],[-111.12614,39.99263],[-111.13142,39.99352],[-111.13572,39.98975],[-111.1522,39.98506]]]},"properties":{"STATEFP":"49","COUNTYFP":"051","COUSUBFP":"93139","COUSUBNS":"01939417","GEOIDFQ":"0600000US4905193139","GEOID":"4905193139","NAME":"Soldier Summit","NAMELSAD":"Soldier Summit CCD","STUSPS":"UT","NAMELSADCO":"Wasatch County","STATE_NAME":"Utah","LSAD":"22","ALAND":158643158,"AWATER":0}},
{"type":"Feature","geometry":{"type":"Polygon","coordinates":[[[-110.63892,39.60819],[-110.63272,39.61724],[-110.63331,39.62305],[-110.631,39.64168],[-110.63274,39.66707],[-110.62479,39.67704],[-110.62387,39.68811],[-110.61719,39.69293],[-110.61229,39.69921],[-110.60856,39.70814],[-110.60556,39.72648],[-110.60032,39.73157],[-110.59374,39.73401],[-110.58829,39.74272],[-110.57329,39.74037],[-110.5626,39.74164],[-110.55207,39.74722],[-110.54236,39.7541],[-110.52866,39.75622],[-110.51603,39.77224],[-110.51024,39.77544],[-110.50036,39.77661],[-110.4803,39.77571],[-110.46993,39.77645],[-110.45821,39.77406],[-110.4496,39.77902],[-110.43238,39.77785],[-110.42346,39.78014],[-110.41743,39.78625],[-110.41075,39.78696],[-110.39996,39.78533],[-110.39543,39.78706],[-110.39107,39.79471],[-110.3804,39.80454],[-110.37426,39.80493],[-110.36946,39.80047],[-110.35323,39.8034],[-110.3456,39.79959],[-110.34103,39.80233],[-110.34182,39.80674],[-110.5182,39.80672],[-110.51819,39.81164],[-110.78006,39.81276],[-110.85778,39.81329],[-111.07905,39.81413],[-111.07905,39.81223],[-111.2475,39.81303],[-111.24746,39.70437],[-111.2374,39.70314],[-111.23006,39.69951],[-111.22977,39.69455],[-111.22122,39.69078],[-111.22164,39.67533],[-111.21758,39.67025],[-111.21052,39.66664],[-111.20842,39.66105],[-111.20131,39.65712],[-111.20198,39.64555],[-111.19269,39.64132],[-111.19144,39.62997],[-111.18649,39.62508],[-111.18624,39.6195],[-111.17609,39.61433],[-111.17049,39.60339],[-111.15911,39.59595],[-111.14823,39.60028],[-111.14876,39.60625],[-111.14038,39.60865],[-111.13774,39.61522],[-111.13225,39.61388],[-111.13135,39.607],[-111.12554,39.5913],[-111.12292,39.5795],[-111.11921,39.57152],[-111.11355,39.56878],[-111.11875,39.56275],[-111.11444,39.55623],[-111.11633,39.55188],[-111.10933,39.54911],[-111.10744,39.53806],[-111.10412,39.54185],[-111.09582,39.5452],[-111.0904,39.55015],[-111.08983,39.56165],[-111.07413,39.57222],[-111.07266,39.57554],[-111.05998,39.58081],[-111.0516,39.58242],[-111.04037,39.59589],[-111.03602,39.59684],[-111.02809,39.60362],[-111.0209,39.60728],[-111.01013,39.61811],[-110.98914,39.61995],[-110.97946,39.6165],[-110.96941,39.61995],[-110.96277,39.62043],[-110.95437,39.61683],[-110.95289,39.62014],[-110.94403,39.62211],[-110.93429,39.63227],[-110.93241,39.63944],[-110.92097,39.64314],[-110.91754,39.65473],[-110.90908,39.65096],[-110.89967,39.65138],[-110.89049,39.65535],[-110.87688,39.65254],[-110.85672,39.65158],[-110.83465,39.65204],[-110.83769,39.64346],[-110.8285,39.64538],[-110.81445,39.65549],[-110.81014,39.65272],[-110.8034,39.65324],[-110.80557,39.64552],[-110.79592,39.63854],[-110.79466,39.64963],[-110.79168,39.65835],[-110.79681,39.66754],[-110.79359,39.67732],[-110.74898,39.6308],[-110.72774,39.60782],[-110.64831,39.58402],[-110.64226,39.59499],[-110.64253,39.6042],[-110.63892,39.60819]]]},"properties":{"STATEFP":"49","COUNTYFP":"007","COUSUBFP":"91333","COUSUBNS":"01939376","GEOIDFQ":"0600000US4900791333","GEOID":"4900791333","NAME":"Helper","NAMELSAD":"Helper CCD","STUSPS":"UT","NAMELSADCO":"Carbon County","STATE_NAME":"Utah","LSAD":"22","ALAND":1230807288,"AWATER":11034228}},
{"type":"Feature","geometry":{"type":"Polygon","coordinates":[[[-109.47031,40.7545],[-109.46056,40.75589],[-109.45633,40.75384],[-109.4504,40.75661],[-109.43654,40.7577],[-109.44115,40.76532],[-109.43617,40.77054],[-109.4342,40.77726],[-109.41495,40.78682],[-109.39446,40.79103],[-109.39449,40.85817],[-109.20216,40.85841],[-109.20141,40.78575],[-109.16342,40.78596],[-109.16181,40.77155],[-109.16106,40.68377],[-109.12346,40.68413],[-109.12335,40.66239],[-109.04837,40.66261],[-109.04909,40.71456],[-109.04845,40.82608],[-109.05008,41.00066],[-109.17368,41.00086],[-109.23198,41.00206],[-109.25073,41.00101],[-109.50069,40.99913],[-109.53493,40.99814],[-109.58613,40.99823],[-109.54919,40.96755],[-109.53157,40.95517],[-109.52731,40.95355],[-109.51338,40.95467],[-109.50931,40.95676],[-109.48854,40.96303],[-109.46943,40.96207],[-109.47061,40.95416],[-109.46155,40.95241],[-109.4516,40.95324],[-109.42599,40.94163],[-109.41579,40.94191],[-109.40629,40.93647],[-109.4062,40.93198],[-109.41482,40.92762],[-109.41759,40.92357],[-109.4147,40.91589],[-109.42782,40.91334],[-109.4396,40.90755],[-109.43785,40.90561],[-109.44801,40.8962],[-109.4544,40.89762],[-109.45865,40.89347],[-109.45528,40.88647],[-109.46594,40.87422],[-109.47965,40.86267],[-109.46849,40.86018],[-109.4623,40.85451],[-109.46551,40.84572],[-109.46249,40.8338],[-109.46254,40.82356],[-109.46636,40.81859],[-109.46756,40.80697],[-109.46612,40.7973],[-109.47036,40.78934],[-109.47117,40.77392],[-109.47031,40.7545]]]},"properties":{"STATEFP":"49","COUNTYFP":"009","COUSUBFP":"90688","COUSUBNS":"01939361","GEOIDFQ":"0600000US4900990688","GEOID":"4900990688","NAME":"East Daggett","NAMELSAD":"East Daggett CCD","STUSPS":"UT","NAMELSADCO":"Daggett County","STATE_NAME":"Utah","LSAD":"22","ALAND":840094089,"AWATER":13567524}},
{"type":"Feature","geometry":{"type":"Polygon","coordinates":[[[-110.85777,39.87041],[-110.85778,39.81329],[-110.78006,39.81276],[-110.51819,39.81164],[-110.5182,39.80672],[-110.34182,39.80674],[-110.06332,39.8063],[-110.06324,39.89303],[-110.05824,39.89307],[-110.05811,40.11253],[-110.10335,40.1127],[-110.18689,40.09492],[-110.19485,40.09325],[-110.22526,40.02532],[-110.22634,39.99995],[-110.23082,39.94573],[-110.2397,39.9394],[-110.27893,39.93476],[-110.29524,39.92985],[-110.3214,39.90113],[-110.31919,39.89228],[-110.33053,39.87584],[-110.34781,39.87127],[-110.39817,39.86956],[-110.41883,39.88105],[-110.43985,39.88407],[-110.44156,39.88954],[-110.46563,39.90176],[-110.48266,39.89485],[-110.49042,39.89452],[-110.50761,39.88834],[-110.52206,39.893],[-110.52504,39.8916],[-110.55343,39.89136],[-110.56259,39.89357],[-110.56614,39.89216],[-110.5765,39.8957],[-110.58689,39.89629],[-110.59493,39.89966],[-110.61985,39.90011],[-110.62797,39.90245],[-110.63769,39.90308],[-110.64581,39.91317],[-110.64825,39.9127],[-110.66188,39.89902],[-110.67934,39.89967],[-110.69313,39.89157],[-110.70296,39.89134],[-110.71288,39.88897],[-110.72565,39.88279],[-110.74569,39.88567],[-110.75242,39.88129],[-110.75865,39.88121],[-110.77729,39.87735],[-110.78376,39.88069],[-110.7883,39.87832],[-110.80453,39.87781],[-110.8061,39.87495],[-110.81582,39.87246],[-110.82513,39.87496],[-110.84096,39.8703],[-110.84931,39.87317],[-110.85777,39.87041]]]},"properties":{"STATEFP":"49","COUNTYFP":"013","COUSUBFP":"93225","COUSUBNS":"01939419","GEOIDFQ":"0600000US4901393225","GEOID":"4901393225","NAME":"South Duchesne","NAMELSAD":"South Duchesne CCD","STUSPS":"UT","NAMELSADCO":"Duchesne County","STATE_NAME":"Utah","LSAD":"22","ALAND":961726534,"AWATER":0}},
{"type":"Feature","geometry":{"type":"Polygon","coordinates":[[[-109.91391,40.78245],[-109.92169,40.77299],[-109.93782,40.76525],[-109.9371,40.75627],[-109.95516,40.74157],[-109.9471,40.73495],[-109.95391,40.72502],[-109.95232,40.72296],[-109.95454,40.71282],[-109.96266,40.70923],[-109.94843,40.69564],[-109.93957,40.69356],[-109.92777,40.68789],[-109.91848,40.68958],[-109.90996,40.67903],[-109.90908,40.65654],[-109.90339,40.65174],[-109.90533,40.64892],[-109.89079,40.62416],[-109.91139,40.60687],[-109.89097,40.59906],[-109.88206,40.5938],[-109.8766,40.58474],[-109.88515,40.57756],[-109.88232,40.56732],[-109.88989,40.5509],[-109.87328,40.54629],[-109.84937,40.54092],[-109.81718,40.53467],[-109.79792,40.53274],[-109.78031,40.52783],[-109.77283,40.52363],[-109.78137,40.50683],[-109.78088,40.50339],[-109.7286,40.49873],[-109.74033,40.4758],[-109.74833,40.47033],[-109.75558,40.46259],[-109.75369,40.4551],[-109.7681,40.42069],[-109.76637,40.41334],[-109.79358,40.38772],[-109.80581,40.37534],[-109.81503,40.36048],[-109.8076,40.34586],[-109.78357,40.30329],[-109.75447,40.25019],[-109.75245,40.24712],[-109.6482,40.24719],[-109.60282,40.24738],[-109.42404,40.24938],[-109.37937,40.25049],[-109.37329,40.25175],[-109.26578,40.25144],[-109.26642,40.17263],[-109.12568,40.17306],[-109.05094,40.17305],[-109.05097,40.22265],[-109.05095,40.44437],[-109.05031,40.49509],[-109.0507,40.49996],[-109.05007,40.54036],[-109.04804,40.61923],[-109.04837,40.66261],[-109.12335,40.66239],[-109.12346,40.68413],[-109.16106,40.68377],[-109.16181,40.77155],[-109.16342,40.78596],[-109.20141,40.78575],[-109.20216,40.85841],[-109.39449,40.85817],[-109.39446,40.79103],[-109.41495,40.78682],[-109.4342,40.77726],[-109.43617,40.77054],[-109.44115,40.76532],[-109.43654,40.7577],[-109.4504,40.75661],[-109.45633,40.75384],[-109.46056,40.75589],[-109.47031,40.7545],[-109.47423,40.74388],[-109.48421,40.74047],[-109.50275,40.74863],[-109.51323,40.75168],[-109.51601,40.7661],[-109.51537,40.7766],[-109.5188,40.78246],[-109.5138,40.78735],[-109.51146,40.79597],[-109.51394,40.80833],[-109.52322,40.82108],[-109.52955,40.82762],[-109.56956,40.81472],[-109.5737,40.8211],[-109.58115,40.82536],[-109.58676,40.82433],[-109.59291,40.81769],[-109.60174,40.81521],[-109.61469,40.81815],[-109.61994,40.81268],[-109.63082,40.81585],[-109.63564,40.81033],[-109.64467,40.8086],[-109.65053,40.80494],[-109.65482,40.79924],[-109.66308,40.80041],[-109.67586,40.79517],[-109.68124,40.79596],[-109.69386,40.80207],[-109.70022,40.80339],[-109.72026,40.8018],[-109.72806,40.79531],[-109.73186,40.79461],[-109.7526,40.80295],[-109.75639,40.80018],[-109.75554,40.79488],[-109.76215,40.78798],[-109.76463,40.78267],[-109.77033,40.78145],[-109.7906,40.78233],[-109.79918,40.78],[-109.80832,40.78071],[-109.81719,40.77925],[-109.8253,40.77542],[-109.83171,40.77581],[-109.83415,40.76841],[-109.8469,40.76743],[-109.85513,40.76495],[-109.86998,40.764],[-109.87628,40.76732],[-109.88313,40.77497],[-109.89253,40.77271],[-109.89701,40.78209],[-109.91391,40.78245]]]},"properties":{"STATEFP":"49","COUNTYFP":"047","COUSUBFP":"93655","COUSUBNS":"01939429","GEOIDFQ":"0600000US4904793655","GEOID":"4904793655","NAME":"Vernal","NAMELSAD":"Vernal CCD","STUSPS":"UT","NAMELSADCO":"Uintah County","STATE_NAME":"Utah","LSAD":"22","ALAND":4139808490,"AWATER":25123194}},
{"type":"Feature","geometry":{"type":"Polygon","coordinates":[[[-111.64673,40.18406],[-111.6467,40.18774],[-111.6336,40.18805],[-111.61067,40.18567],[-111.60677,40.1893],[-111.59709,40.18328],[-111.589,40.18672],[-111.58332,40.18686],[-111.57553,40.19798],[-111.57454,40.2022],[-111.57855,40.21042],[-111.57065,40.21264],[-111.56777,40.22838],[-111.57326,40.23364],[-111.5742,40.24137],[-111.58551,40.24369],[-111.591,40.25023],[-111.60572,40.24453],[-111.61697,40.24334],[-111.61696,40.24761],[-111.61032,40.25135],[-111.60328,40.26305],[-111.61195,40.27062],[-111.62055,40.27553],[-111.62516,40.28821],[-111.61364,40.29308],[-111.61836,40.3047],[-111.62359,40.30465],[-111.63598,40.31698],[-111.63558,40.32072],[-111.62886,40.32701],[-111.6421,40.33042],[-111.65578,40.32577],[-111.663,40.33377],[-111.72017,40.33367],[-111.72,40.32638],[-111.73185,40.32631],[-111.74312,40.33353],[-111.75992,40.33338],[-111.75864,40.32611],[-111.85903,40.32608],[-111.84465,40.3099],[-111.83259,40.30012],[-111.8247,40.29222],[-111.82099,40.28206],[-111.81635,40.24995],[-111.82208,40.20495],[-111.81223,40.20451],[-111.78416,40.20559],[-111.76537,40.20357],[-111.75076,40.19771],[-111.75076,40.18184],[-111.72246,40.18755],[-111.68708,40.19251],[-111.67623,40.19539],[-111.66706,40.2004],[-111.65918,40.1944],[-111.65529,40.18497],[-111.64673,40.18406]]]},"properties":{"STATEFP":"49","COUNTYFP":"049","COUSUBFP":"92709","COUSUBNS":"01939408","GEOIDFQ":"0600000US4904992709","GEOID":"4904992709","NAME":"Provo-Orem","NAMELSAD":"Provo-Orem CCD","STUSPS":"UT","NAMELSADCO":"Utah County","STATE_NAME":"Utah","LSAD":"22","ALAND":186251176,"AWATER":102313694}},
{"type":"Feature","geometry":{"type":"Polygon","coordinates":[[[-112.47882,38.14742],[-112.61412,38.14804],[-112.69521,38.14752],[-112.7635,38.14745],[-112.81699,38.14751],[-112.82606,38.14799],[-112.86262,38.1477],[-112.95976,38.1482],[-112.95981,38.13269],[-112.9563,38.12624],[-112.9515,38.12257],[-112.95211,38.11467],[-112.94649,38.1083],[-112.95071,38.09308],[-112.9565,38.08375],[-112.9578,38.07645],[-112.9629,38.06564],[-112.97117,38.05491],[-112.98589,38.04811],[-112.99703,38.03719],[-112.99837,38.03377],[-112.9978,38.00261],[-113.00892,37.96015],[-113.03069,37.92795],[-113.03148,37.92519],[-113.03166,37.85653],[-113.03987,37.84558],[-113.0396,37.83218],[-113.0335,37.82979],[-113.00903,37.81303],[-112.99982,37.81056],[-112.98527,37.80228],[-112.98028,37.80347],[-112.9672,37.79886],[-112.9634,37.79464],[-112.96024,37.77979],[-112.96097,37.77243],[-112.95536,37.76471],[-112.94542,37.76224],[-112.93821,37.75065],[-112.9359,37.73924],[-112.93114,37.73715],[-112.93367,37.72619],[-112.92916,37.72166],[-112.93313,37.7158],[-112.92808,37.70636],[-112.92686,37.69996],[-112.93033,37.69068],[-112.92693,37.6826],[-112.93714,37.67218],[-112.93943,37.66693],[-112.94646,37.66353],[-112.95406,37.65642],[-112.96462,37.65931],[-112.97367,37.64952],[-112.96239,37.64322],[-112.95257,37.63998],[-112.93368,37.62745],[-112.93171,37.61999],[-112.93296,37.61107],[-112.9365,37.60387],[-112.92649,37.59661],[-112.9131,37.59429],[-112.90296,37.59044],[-112.89392,37.59362],[-112.8828,37.59212],[-112.88351,37.58307],[-112.87646,37.58227],[-112.86516,37.57731],[-112.85846,37.57077],[-112.84749,37.56708],[-112.84048,37.57126],[-112.82351,37.57307],[-112.81404,37.57028],[-112.80968,37.57135],[-112.79589,37.56924],[-112.78925,37.56488],[-112.7897,37.55585],[-112.78485,37.54348],[-112.68375,37.54369],[-112.6836,37.63183],[-112.68521,37.63236],[-112.68678,37.66033],[-112.68576,37.71734],[-112.68912,37.71721],[-112.6893,37.80559],[-112.67085,37.80554],[-112.64273,37.80668],[-112.57855,37.80454],[-112.57847,37.88215],[-112.58856,37.88215],[-112.58852,37.89037],[-112.4683,37.89046],[-112.46702,37.97773],[-112.47896,37.97773],[-112.47866,37.99997],[-112.47882,38.14742]]]},"properties":{"STATEFP":"49","COUNTYFP":"021","COUSUBFP":"92623","COUSUBNS":"01939406","GEOIDFQ":"0600000US4902192623","GEOID":"4902192623","NAME":"Parowan","NAMELSAD":"Parowan CCD","STUSPS":"UT","NAMELSADCO":"Iron County","STATE_NAME":"Utah","LSAD":"22","ALAND":2266917129,"AWATER":1076902}},
{"type":"Feature","geometry":{"type":"Polygon","coordinates":[[[-110.64673,37.54057],[-110.63725,37.55297],[-110.61987,37.56357],[-110.60611,37.56471],[-110.60055,37.56756],[-110.59841,37.5725],[-110.60017,37.58651],[-110.60393,37.59646],[-110.60379,37.60212],[-110.5995,37.60494],[-110.58273,37.60813],[-110.56739,37.61375],[-110.56418,37.62534],[-110.56358,37.63654],[-110.55854,37.64238],[-110.55319,37.64163],[-110.5416,37.63367],[-110.53504,37.63391],[-110.52937,37.63958],[-110.52227,37.65115],[-110.51099,37.65673],[-110.50073,37.6504],[-110.49356,37.66792],[-110.48634,37.67437],[-110.48453,37.68181],[-110.48355,37.69516],[-110.48835,37.70232],[-110.47593,37.70764],[-110.46912,37.71484],[-110.46831,37.72457],[-110.45356,37.73177],[-110.44847,37.73794],[-110.44734,37.75592],[-110.44477,37.7614],[-110.42919,37.77081],[-110.42648,37.77437],[-110.42873,37.77929],[-110.44578,37.77252],[-110.46397,37.77257],[-110.47193,37.78438],[-110.47348,37.7944],[-110.47696,37.80002],[-110.47106,37.80879],[-110.45086,37.80981],[-110.43885,37.80581],[-110.43549,37.81185],[-110.43585,37.81874],[-110.43302,37.83405],[-110.42471,37.84291],[-110.40624,37.84851],[-110.40308,37.85154],[-110.40321,37.86494],[-110.4055,37.87804],[-110.40422,37.88095],[-110.38947,37.88772],[-110.37989,37.89012],[-110.35758,37.89294],[-110.34351,37.89089],[-110.31534,37.8902],[-110.30798,37.89101],[-110.2981,37.88887],[-110.29459,37.88555],[-110.29375,37.87464],[-110.29109,37.86909],[-110.28415,37.86588],[-110.27726,37.87054],[-110.2785,37.88502],[-110.27421,37.89394],[-110.26949,37.89755],[-110.26246,37.89928],[-110.24752,37.89643],[-110.22941,37.89573],[-110.21632,37.89259],[-110.20879,37.89407],[-110.20513,37.89826],[-110.20402,37.90628],[-110.19841,37.91593],[-110.19956,37.92224],[-110.20348,37.92688],[-110.20578,37.93445],[-110.20413,37.94419],[-110.20185,37.94688],[-110.18876,37.9522],[-110.17238,37.96194],[-110.16575,37.96764],[-110.16123,37.9821],[-110.14557,37.99064],[-110.13629,38.00515],[-110.12902,38.00704],[-110.11357,38.00822],[-110.09312,37.99469],[-110.08343,37.99545],[-110.07656,37.99965],[-110.07415,38.01148],[-110.0768,38.02159],[-110.06765,38.03844],[-110.06209,38.04454],[-110.05477,38.04852],[-110.04731,38.0487],[-110.04288,38.05823],[-110.04712,38.06911],[-110.03781,38.08296],[-110.03354,38.08536],[-110.02628,38.09698],[-110.01357,38.10813],[-110.0036,38.10847],[-109.99414,38.10039],[-109.98655,38.10066],[-109.98181,38.10764],[-109.96345,38.11529],[-109.96356,38.11776],[-109.95587,38.13048],[-109.94347,38.1353],[-109.93438,38.13608],[-109.92929,38.14035],[-109.92797,38.15175],[-110.88098,38.15216],[-111.11454,38.15236],[-111.17193,38.15282],[-111.18674,38.15291],[-111.18707,38.0503],[-111.18652,38.0091],[-111.1733,38.00917],[-111.17531,38.00337],[-111.17247,37.99629],[-111.17818,37.98499],[-111.17538,37.97948],[-111.16294,37.97133],[-111.14772,37.96915],[-111.14389,37.96072],[-111.14711,37.9571],[-111.14992,37.94569],[-111.14396,37.94465],[-111.13981,37.93608],[-111.14135,37.93257],[-111.13827,37.92468],[-111.12257,37.906],[-111.1085,37.89232],[-111.10639,37.88753],[-111.11129,37.88204],[-111.10557,37.87555],[-111.11,37.86928],[-111.09382,37.85986],[-111.08474,37.86052],[-111.07611,37.86307],[-111.064,37.85804],[-111.05197,37.85896],[-111.03937,37.85042],[-111.02579,37.84689],[-111.01608,37.85402],[-111.00846,37.85229],[-111.00804,37.84882],[-110.99145,37.84058],[-110.99378,37.83876],[-110.98237,37.83156],[-110.98304,37.82795],[-110.97427,37.81589],[-110.9702,37.79228],[-110.96643,37.78955],[-110.97252,37.78023],[-110.97098,37.77231],[-110.96274,37.76803],[-110.95992,37.7468],[-110.95495,37.74751],[-110.94912,37.73824],[-110.94295,37.73375],[-110.9406,37.72821],[-110.94116,37.72123],[-110.93595,37.71276],[-110.93544,37.70487],[-110.92548,37.69549],[-110.9261,37.68124],[-110.91824,37.66837],[-110.91535,37.66073],[-110.90779,37.64935],[-110.8944,37.63495],[-110.88718,37.63458],[-110.89386,37.62651],[-110.89112,37.61827],[-110.88659,37.61944],[-110.87403,37.61682],[-110.86719,37.60664],[-110.86867,37.60242],[-110.86675,37.59595],[-110.8675,37.57878],[-110.87202,37.57314],[-110.86615,37.56464],[-110.85776,37.54415],[-110.85407,37.5406],[-110.64673,37.54057]]]},"properties":{"STATEFP":"49","COUNTYFP":"017","COUSUBFP":"90702","COUSUBNS":"01939377","GEOIDFQ":"0600000US4901790702","GEOID":"4901790702","NAME":"East Garfield","NAMELSAD":"East Garfield CCD","STUSPS":"UT","NAMELSADCO":"Garfield County","STATE_NAME":"Utah","LSAD":"22","ALAND":4219553089,"AWATER":65681286}},
{"type":"Feature","geometry":{"type":"Polygon","coordinates":[[[-111.55546,40.3699],[-111.55623,40.37506],[-111.54166,40.39114],[-111.53991,40.39659],[-111.5268,40.40563],[-111.51195,40.4112],[-111.49483,40.40686],[-111.48057,40.40887],[-111.48062,40.4142],[-111.48728,40.41691],[-111.48952,40.42084],[-111.49044,40.43036],[-111.49311,40.43618],[-111.48952,40.44052],[-111.47803,40.444],[-111.47844,40.45061],[-111.46668,40.4598],[-111.445,40.47256],[-111.41325,40.49287],[-111.41335,40.51418],[-111.40958,40.52704],[-111.41077,40.53634],[-111.42085,40.54878],[-111.42569,40.55767],[-111.4311,40.55636],[-111.4385,40.55071],[-111.44122,40.54487],[-111.44999,40.53665],[-111.4578,40.54048],[-111.46734,40.5402],[-111.46744,40.54364],[-111.48163,40.54379],[-111.48176,40.53632],[-111.48879,40.53446],[-111.52409,40.53526],[-111.52596,40.53154],[-111.53629,40.53109],[-111.54353,40.53251],[-111.54521,40.53575],[-111.55569,40.5375],[-111.57096,40.5327],[-111.56973,40.52662],[-111.57531,40.51657],[-111.57544,40.50319],[-111.57913,40.50036],[-111.57452,40.493],[-111.57481,40.48687],[-111.5787,40.48201],[-111.59507,40.46764],[-111.60661,40.46728],[-111.62013,40.4555],[-111.62095,40.44978],[-111.61582,40.44415],[-111.61787,40.43999],[-111.61246,40.4319],[-111.60794,40.43141],[-111.59956,40.43477],[-111.59249,40.43021],[-111.58837,40.4213],[-111.5838,40.42021],[-111.58367,40.41284],[-111.57427,40.41291],[-111.57421,40.39137],[-111.56484,40.39142],[-111.5601,40.38777],[-111.56019,40.36984],[-111.55546,40.3699]]]},"properties":{"STATEFP":"49","COUNTYFP":"051","COUSUBFP":"91312","COUSUBNS":"02584786","GEOIDFQ":"0600000US4905191312","GEOID":"4905191312","NAME":"Heber City West","NAMELSAD":"Heber City West CCD","STUSPS":"UT","NAMELSADCO":"Wasatch County","STATE_NAME":"Utah","LSAD":"22","ALAND":172099458,"AWATER":10357511}},
{"type":"Feature","geometry":{"type":"Polygon","coordinates":[[[-112.03444,41.33655],[-112.13318,41.33687],[-112.23816,41.33655],[-112.36894,41.20392],[-112.49351,41.07689],[-112.45162,41.08733],[-112.19934,41.1499],[-112.20013,41.1589],[-112.18826,41.16722],[-112.18522,41.17219],[-112.17414,41.18116],[-112.1608,41.18686],[-112.14971,41.19399],[-112.14487,41.19483],[-112.13564,41.19241],[-112.13185,41.19779],[-112.12283,41.20208],[-112.1198,41.20805],[-112.12483,41.21045],[-112.12421,41.22165],[-112.12828,41.22769],[-112.12427,41.23519],[-112.12709,41.2378],[-112.11799,41.2443],[-112.05277,41.24426],[-112.0357,41.24509],[-112.02262,41.23806],[-112.00821,41.23709],[-111.99825,41.22816],[-111.98727,41.23097],[-111.99296,41.24444],[-112.00949,41.24461],[-112.00812,41.28595],[-111.99525,41.28379],[-112.01032,41.30685],[-112.02573,41.30667],[-112.02694,41.31972],[-112.03444,41.33655]]]},"properties":{"STATEFP":"49","COUNTYFP":"057","COUSUBFP":"92308","COUSUBNS":"01939431","GEOIDFQ":"0600000US4905792308","GEOID":"4905792308","NAME":"Northwest Weber","NAMELSAD":"Northwest Weber CCD","STUSPS":"UT","NAMELSADCO":"Weber County","STATE_NAME":"Utah","LSAD":"22","ALAND":394351991,"AWATER":113252395}},
{"type":"Feature","geometry":{"type":"Polygon","coordinates":[[[-112.05863,40.59225],[-112.05286,40.62388],[-112.05337,40.63124],[-112.05994,40.63931],[-112.07927,40.65703],[-112.08856,40.66255],[-112.09191,40.6686],[-112.09185,40.68201],[-112.06305,40.682],[-112.06327,40.72559],[-112.06798,40.72954],[-112.06803,40.74023],[-112.06448,40.74024],[-112.06429,40.75481],[-112.08221,40.75481],[-112.08218,40.76201],[-112.09149,40.76199],[-112.09173,40.76925],[-112.10013,40.76921],[-112.10123,40.77877],[-112.10135,40.82714],[-112.07278,40.82728],[-112.07278,40.83088],[-112.06325,40.8309],[-112.06327,40.8164],[-112.0585,40.81641],[-112.05849,40.82368],[-112.0394,40.82369],[-112.03938,40.81282],[-112.02985,40.8092],[-112.02978,40.80195],[-112.02497,40.79832],[-112.00603,40.79838],[-112.00614,40.82721],[-111.96779,40.82746],[-111.9678,40.84195],[-111.95125,40.84196],[-111.95392,40.84764],[-111.96588,40.85463],[-111.96289,40.87],[-111.97107,40.87665],[-111.96756,40.88006],[-111.96873,40.8869],[-111.96174,40.89336],[-111.9586,40.90017],[-111.95867,40.92182],[-112.00657,40.92185],[-112.00813,40.92102],[-112.14827,40.84613],[-112.26022,40.76909],[-112.22745,40.72531],[-112.21653,40.71791],[-112.20768,40.71572],[-112.20331,40.70914],[-112.19878,40.69752],[-112.19864,40.69319],[-112.20418,40.68339],[-112.20148,40.67118],[-112.20212,40.65214],[-112.19415,40.63561],[-112.19767,40.62546],[-112.18845,40.61418],[-112.18171,40.61206],[-112.17534,40.60398],[-112.17637,40.5972],[-112.17111,40.58985],[-112.15851,40.59171],[-112.1448,40.59163],[-112.12795,40.59378],[-112.11522,40.58597],[-112.10786,40.58455],[-112.09787,40.58833],[-112.07835,40.59209],[-112.0696,40.59071],[-112.05863,40.59225]]]},"properties":{"STATEFP":"49","COUNTYFP":"035","COUSUBFP":"91806","COUSUBNS":"01939387","GEOIDFQ":"0600000US4903591806","GEOID":"4903591806","NAME":"Magna","NAMELSAD":"Magna CCD","STUSPS":"UT","NAMELSADCO":"Salt Lake County","STATE_NAME":"Utah","LSAD":"22","ALAND":290861731,"AWATER":134136232}},
{"type":"Feature","geometry":{"type":"Polygon","coordinates":[[[-112.95976,38.1482],[-112.86262,38.1477],[-112.82606,38.14799],[-112.81699,38.14751],[-112.7635,38.14745],[-112.76382,38.1606],[-112.75609,38.17784],[-112.75474,38.18753],[-112.74461,38.19839],[-112.74651,38.21857],[-112.74655,38.23626],[-112.74393,38.23893],[-112.71369,38.23904],[-112.71377,38.25033],[-112.71019,38.25583],[-112.70903,38.27391],[-112.72181,38.27385],[-112.72943,38.27193],[-112.74831,38.27208],[-112.79487,38.29978],[-112.78987,38.31582],[-112.77781,38.34505],[-112.76884,38.35225],[-112.76888,38.36125],[-112.75872,38.39274],[-112.75662,38.39367],[-112.75532,38.40774],[-112.75231,38.41549],[-112.73953,38.42742],[-112.73886,38.43755],[-112.73943,38.45483],[-112.74975,38.46771],[-112.74599,38.47864],[-112.75498,38.48528],[-112.75556,38.49285],[-112.76678,38.4915],[-112.76403,38.49973],[-112.7693,38.50855],[-112.75849,38.5147],[-112.75073,38.523],[-112.73974,38.5251],[-112.73403,38.52962],[-112.73322,38.53596],[-112.73919,38.5498],[-112.74448,38.55314],[-112.7525,38.57268],[-113.11686,38.57261],[-114.05015,38.57297],[-114.04983,38.54378],[-114.05048,38.49996],[-114.05012,38.40454],[-114.04942,38.2647],[-114.05014,38.24996],[-114.0499,38.14876],[-113.25616,38.14867],[-112.95976,38.1482]]]},"properties":{"STATEFP":"49","COUNTYFP":"001","COUSUBFP":"91892","COUSUBNS":"01939389","GEOIDFQ":"0600000US4900191892","GEOID":"4900191892","NAME":"Milford-Minersville","NAMELSAD":"Milford-Minersville CCD","STUSPS":"UT","NAMELSADCO":"Beaver County","STATE_NAME":"Utah","LSAD":"22","ALAND":5331867714,"AWATER":4468088}},
{"type":"Feature","geometry":{"type":"Polygon","coordinates":[[[-110.18689,40.09492],[-110.10335,40.1127],[-110.05811,40.11253],[-110.05824,39.89307],[-110.06324,39.89303],[-110.06332,39.8063],[-109.97676,39.80623],[-109.97665,40.10112],[-109.9766,40.25873],[-109.97655,40.40362],[-109.97649,40.54834],[-110.04963,40.54847],[-110.04938,40.5627],[-110.06636,40.56279],[-110.0672,40.59154],[-110.12499,40.59169],[-110.12571,40.60568],[-110.22008,40.60649],[-110.22186,40.51934],[-110.32616,40.51871],[-110.34415,40.5188],[-110.49721,40.51828],[-110.50432,40.51632],[-110.50394,40.49985],[-110.50501,40.47447],[-110.51962,40.4745],[-110.51002,40.46587],[-110.53444,40.45293],[-110.53282,40.44379],[-110.53722,40.43323],[-110.53269,40.42792],[-110.52566,40.42454],[-110.51742,40.42339],[-110.5135,40.42045],[-110.51701,40.41381],[-110.51377,40.40191],[-110.51541,40.39093],[-110.51952,40.38705],[-110.51771,40.38013],[-110.50921,40.37316],[-110.50529,40.36092],[-110.50605,40.34618],[-110.50532,40.32898],[-110.5033,40.31754],[-110.49314,40.31258],[-110.48865,40.30231],[-110.49042,40.29389],[-110.48121,40.28919],[-110.46651,40.28754],[-110.44141,40.27822],[-110.43974,40.27083],[-110.42242,40.2702],[-110.39588,40.24957],[-110.3869,40.24785],[-110.38923,40.23744],[-110.38922,40.21308],[-110.34871,40.21321],[-110.31727,40.2139],[-110.2504,40.18084],[-110.24511,40.17686],[-110.23755,40.17746],[-110.23063,40.18137],[-110.22522,40.17849],[-110.21819,40.17952],[-110.21608,40.17006],[-110.22001,40.16664],[-110.23439,40.16278],[-110.21882,40.15579],[-110.21853,40.14298],[-110.23338,40.13358],[-110.24136,40.12409],[-110.24137,40.11662],[-110.23848,40.11192],[-110.22593,40.10816],[-110.22135,40.10327],[-110.18825,40.09686],[-110.18689,40.09492]]]},"properties":{"STATEFP":"49","COUNTYFP":"013","COUSUBFP":"92881","COUSUBNS":"01939412","GEOIDFQ":"0600000US4901392881","GEOID":"4901392881","NAME":"Roosevelt","NAMELSAD":"Roosevelt CCD","STUSPS":"UT","NAMELSADCO":"Duchesne County","STATE_NAME":"Utah","LSAD":"22","ALAND":2115535205,"AWATER":5962419}},
{"type":"Feature","geometry":{"type":"Polygon","coordinates":[[[-112.016,39.31456],[-112.01408,39.04552],[-111.84989,39.04558],[-111.85322,39.04065],[-111.8534,39.03337],[-111.80239,39.03322],[-111.79583,39.03739],[-111.79203,39.04608],[-111.79281,39.06303],[-111.79043,39.06817],[-111.79185,39.07707],[-111.78217,39.0893],[-111.78276,39.09192],[-111.77392,39.09865],[-111.77601,39.10786],[-111.78441,39.11154],[-111.77302,39.1174],[-111.76581,39.12768],[-111.75637,39.13293],[-111.75383,39.13849],[-111.73348,39.15339],[-111.74936,39.15704],[-111.75078,39.15962],[-111.72874,39.16641],[-111.7238,39.17305],[-111.72035,39.18461],[-111.71487,39.19529],[-111.71545,39.19803],[-111.70669,39.21234],[-111.70721,39.22185],[-111.70181,39.23679],[-111.70755,39.24185],[-111.70542,39.24593],[-111.69592,39.24809],[-111.69457,39.26093],[-111.68704,39.26498],[-111.68935,39.27064],[-111.68123,39.27266],[-111.67844,39.27912],[-111.6833,39.28168],[-111.68482,39.28868],[-111.68355,39.29525],[-111.67727,39.30008],[-111.67119,39.31329],[-111.66999,39.3292],[-111.66741,39.34071],[-111.65604,39.35447],[-111.64341,39.36503],[-111.65015,39.36497],[-111.65036,39.37197],[-111.65504,39.37246],[-111.65539,39.38646],[-111.66283,39.38693],[-111.66455,39.39065],[-111.67427,39.39058],[-111.67654,39.39723],[-111.68245,39.40335],[-111.69765,39.41227],[-111.70608,39.42608],[-111.71869,39.42922],[-111.72833,39.42825],[-111.7328,39.43069],[-111.73463,39.44091],[-111.74429,39.44412],[-111.74759,39.43746],[-111.74704,39.38275],[-111.89955,39.38132],[-111.92239,39.38159],[-111.9217,39.36686],[-111.95877,39.36613],[-111.9581,39.33677],[-112.01581,39.33686],[-112.016,39.31456]]]},"properties":{"STATEFP":"49","COUNTYFP":"039","COUSUBFP":"91204","COUSUBNS":"01939373","GEOIDFQ":"0600000US4903991204","GEOID":"4903991204","NAME":"Gunnison","NAMELSAD":"Gunnison CCD","STUSPS":"UT","NAMELSADCO":"Sanpete County","STATE_NAME":"Utah","LSAD":"22","ALAND":943113271,"AWATER":22609919}},
{"type":"Feature","geometry":{"type":"Polygon","coordinates":[[[-112.97941,41.99834],[-113.09317,41.99742],[-113.29282,41.9955],[-113.35848,41.99469],[-113.52611,41.99273],[-113.67691,41.99079],[-113.76472,41.98946],[-113.86773,41.98821],[-113.90158,41.98855],[-113.99009,41.9931],[-114.04148,41.99387],[-114.03965,41.88482],[-114.04115,41.8506],[-114.0399,41.75378],[-114.03997,41.62492],[-114.04044,41.61538],[-114.04094,41.49992],[-114.04023,41.49169],[-114.0414,41.21996],[-114.04215,40.9999],[-113.05908,40.99993],[-112.79936,40.99994],[-112.7486,41.01293],[-112.66359,41.03428],[-112.49351,41.07689],[-112.50083,41.08607],[-112.52832,41.12516],[-112.60037,41.22256],[-112.62588,41.25639],[-112.62626,41.25857],[-112.74628,41.41911],[-112.79205,41.49937],[-112.79287,41.53847],[-112.81944,41.56423],[-112.82867,41.57544],[-112.82644,41.59161],[-112.82379,41.60283],[-112.82658,41.61829],[-112.82661,41.62494],[-112.832,41.68505],[-112.84963,41.69479],[-112.85011,41.6986],[-112.85886,41.70582],[-112.90436,41.73219],[-112.90899,41.73415],[-112.97514,41.75132],[-112.98518,41.75809],[-113.0019,41.76236],[-113.01544,41.76207],[-113.03049,41.76852],[-113.04195,41.77068],[-113.06738,41.76116],[-113.07853,41.75882],[-113.10648,41.7466],[-113.10935,41.75814],[-113.11435,41.76361],[-113.12026,41.78294],[-113.12803,41.79535],[-113.12825,41.8042],[-113.13286,41.81403],[-113.13566,41.82786],[-113.14731,41.83663],[-113.14152,41.84083],[-113.13521,41.84901],[-113.08109,41.94597],[-113.07736,41.95068],[-113.06056,41.96552],[-113.05746,41.9653],[-112.98042,41.96597],[-112.98046,41.99419],[-112.97941,41.99834]]]},"properties":{"STATEFP":"49","COUNTYFP":"003","COUSUBFP":"93827","COUSUBNS":"01939433","GEOIDFQ":"0600000US4900393827","GEOID":"4900393827","NAME":"West Box Elder","NAMELSAD":"West Box Elder CCD","STUSPS":"UT","NAMELSADCO":"Box Elder County","STATE_NAME":"Utah","LSAD":"22","ALAND":9942747177,"AWATER":1458555645}},
{"type":"Feature","geometry":{"type":"Polygon","coordinates":[[[-112.90092,37.50002],[-113.03709,37.49975],[-113.03705,37.47447],[-113.14608,37.4743],[-113.14611,37.48103],[-113.21697,37.48104],[-113.21697,37.48194],[-113.25349,37.48217],[-113.25334,37.52898],[-113.32846,37.52917],[-113.32739,37.5],[-113.32722,37.46734],[-113.30867,37.46722],[-113.30845,37.45997],[-113.29921,37.4602],[-113.29928,37.45309],[-113.28999,37.45319],[-113.29049,37.43769],[-113.27228,37.43772],[-113.27216,37.39147],[-113.28284,37.39172],[-113.28292,37.37714],[-113.29029,37.37713],[-113.2901,37.34804],[-113.3014,37.34804],[-113.30135,37.30222],[-113.31044,37.30223],[-113.31051,37.28772],[-113.32872,37.28768],[-113.32871,37.28134],[-113.34937,37.28118],[-113.35053,37.27318],[-113.36706,37.27295],[-113.3673,37.25887],[-113.37641,37.25923],[-113.37643,37.25205],[-113.38501,37.25192],[-113.38453,37.23651],[-113.39363,37.23633],[-113.39357,37.22938],[-113.42269,37.22938],[-113.42315,37.22608],[-113.44248,37.22614],[-113.4477,37.22062],[-113.44904,37.21078],[-113.44503,37.20162],[-113.43884,37.19534],[-113.43539,37.1974],[-113.42572,37.18927],[-113.41894,37.19346],[-113.40677,37.19275],[-113.3948,37.20329],[-113.39057,37.20042],[-113.38433,37.18346],[-113.37902,37.1747],[-113.38539,37.1726],[-113.38392,37.16715],[-113.38863,37.16385],[-113.39397,37.16558],[-113.4046,37.15164],[-113.42268,37.13594],[-113.42349,37.12665],[-113.43102,37.123],[-113.43535,37.113],[-113.44125,37.1119],[-113.44501,37.10521],[-113.45567,37.0932],[-113.46111,37.08284],[-113.46149,37.06747],[-113.45852,37.06023],[-113.45955,37.04948],[-113.44997,37.03751],[-113.43562,37.02578],[-113.41726,37.01588],[-113.40911,37.0135],[-113.40657,37.00363],[-113.40958,37.00011],[-113.27454,37.00014],[-113.0799,37.00019],[-112.96647,37.00022],[-112.89919,37.00032],[-112.89917,37.18191],[-112.89909,37.28153],[-112.90128,37.28153],[-112.90047,37.43489],[-112.90092,37.50002]]]},"properties":{"STATEFP":"49","COUNTYFP":"053","COUSUBFP":"91462","COUSUBNS":"01939379","GEOIDFQ":"0600000US4905391462","GEOID":"4905391462","NAME":"Hurricane","NAMELSAD":"Hurricane CCD","STUSPS":"UT","NAMELSADCO":"Washington County","STATE_NAME":"Utah","LSAD":"22","ALAND":2267587993,"AWATER":2876237}},
{"type":"Feature","geometry":{"type":"Polygon","coordinates":[[[-111.7397,41.99933],[-111.84486,41.99867],[-112.01218,41.99835],[-112.10387,41.99781],[-112.15385,41.99723],[-112.15918,41.99841],[-112.16582,41.99569],[-112.15777,41.9912],[-112.15384,41.98501],[-112.15088,41.97056],[-112.13872,41.9643],[-112.12436,41.94092],[-112.12192,41.92817],[-112.11487,41.91947],[-112.10866,41.91626],[-112.10515,41.91086],[-112.08549,41.90331],[-112.06797,41.88187],[-112.0637,41.87506],[-112.06398,41.86795],[-112.05859,41.86848],[-112.05268,41.863],[-112.04658,41.85078],[-112.04634,41.86301],[-112.0345,41.87781],[-112.03641,41.88807],[-111.98038,41.88833],[-111.97391,41.88932],[-111.9713,41.89563],[-111.97668,41.90746],[-111.97715,41.91749],[-111.93567,41.91754],[-111.9293,41.91447],[-111.91383,41.9147],[-111.90622,41.92234],[-111.89651,41.91395],[-111.89546,41.90785],[-111.90189,41.90741],[-111.9008,41.90206],[-111.90587,41.89731],[-111.90025,41.8953],[-111.89489,41.89867],[-111.8812,41.89946],[-111.87003,41.88909],[-111.83549,41.88914],[-111.81624,41.8881],[-111.81568,41.88198],[-111.80756,41.88176],[-111.80385,41.87207],[-111.79347,41.87148],[-111.79015,41.8629],[-111.77792,41.86576],[-111.77117,41.86451],[-111.75777,41.86918],[-111.75812,41.89683],[-111.76295,41.89696],[-111.76311,41.90421],[-111.74863,41.90403],[-111.74852,41.92198],[-111.75832,41.92173],[-111.75911,41.9471],[-111.74899,41.94714],[-111.74963,41.97639],[-111.75903,41.97652],[-111.75912,41.98023],[-111.7397,41.98029],[-111.7397,41.99933]]]},"properties":{"STATEFP":"49","COUNTYFP":"005","COUSUBFP":"91677","COUSUBNS":"01939384","GEOIDFQ":"0600000US4900591677","GEOID":"4900591677","NAME":"Lewiston","NAMELSAD":"Lewiston CCD","STUSPS":"UT","NAMELSADCO":"Cache County","STATE_NAME":"Utah","LSAD":"22","ALAND":371147814,"AWATER":1674730}},
{"type":"Feature","geometry":{"type":"Polygon","coordinates":[[[-112.19934,41.1499],[-112.45162,41.08733],[-112.49351,41.07689],[-112.26022,40.76909],[-112.14827,40.84613],[-112.00813,40.92102],[-112.00747,40.99539],[-111.94308,40.99594],[-111.93936,41.00087],[-111.92852,41.00063],[-111.92305,41.0055],[-111.91759,41.01567],[-111.91281,41.01183],[-111.89612,41.02071],[-111.89812,41.03044],[-111.89021,41.03522],[-111.87487,41.03772],[-111.85673,41.03871],[-111.85026,41.0362],[-111.83369,41.03701],[-111.84416,41.04985],[-111.84394,41.05624],[-111.8518,41.06665],[-111.84836,41.07574],[-111.85195,41.08246],[-111.85083,41.0879],[-111.85513,41.09272],[-111.85176,41.09769],[-111.8565,41.10288],[-111.85396,41.10814],[-111.85611,41.11191],[-111.84964,41.11547],[-111.84455,41.12179],[-111.84901,41.13376],[-111.85606,41.13862],[-111.85625,41.13908],[-111.88987,41.13762],[-111.8976,41.13563],[-111.91075,41.13458],[-111.91495,41.13719],[-111.92842,41.13857],[-111.94291,41.13745],[-111.95619,41.14063],[-111.95756,41.14601],[-111.971,41.15265],[-112.05486,41.15261],[-112.18654,41.15303],[-112.19934,41.1499]]]},"properties":{"STATEFP":"49","COUNTYFP":"011","COUSUBFP":"92236","COUSUBNS":"01939397","GEOIDFQ":"0600000US4901192236","GEOID":"4901192236","NAME":"North Davis","NAMELSAD":"North Davis CCD","STUSPS":"UT","NAMELSADCO":"Davis County","STATE_NAME":"Utah","LSAD":"22","ALAND":546468233,"AWATER":753161059}},
{"type":"Feature","geometry":{"type":"Polygon","coordinates":[[[-111.59388,40.57706],[-111.59045,40.58029],[-111.5644,40.58469],[-111.56002,40.5908],[-111.55926,40.60152],[-111.55327,40.60931],[-111.55902,40.6142],[-111.55758,40.6196],[-111.56742,40.62328],[-111.56897,40.6294],[-111.57671,40.63372],[-111.57949,40.6453],[-111.59387,40.65166],[-111.59674,40.65977],[-111.6064,40.66263],[-111.61368,40.66016],[-111.62131,40.6653],[-111.63517,40.66454],[-111.65098,40.66827],[-111.6624,40.66344],[-111.66472,40.66606],[-111.67438,40.66844],[-111.68423,40.66805],[-111.70762,40.65876],[-111.71297,40.65949],[-111.72211,40.66515],[-111.73808,40.65962],[-111.75042,40.6533],[-111.76486,40.65159],[-111.77125,40.64705],[-111.77861,40.64639],[-111.78567,40.63996],[-111.79831,40.63807],[-111.80015,40.63075],[-111.79484,40.62362],[-111.7899,40.62064],[-111.78865,40.61508],[-111.79771,40.59915],[-111.7936,40.58939],[-111.79768,40.57395],[-111.80557,40.57787],[-111.80638,40.56783],[-111.7897,40.56356],[-111.7714,40.56173],[-111.76164,40.55939],[-111.75515,40.55482],[-111.7561,40.54864],[-111.75015,40.54116],[-111.74114,40.53441],[-111.73757,40.5282],[-111.73629,40.53192],[-111.7268,40.52927],[-111.72057,40.52515],[-111.71314,40.53269],[-111.70076,40.53387],[-111.69811,40.53573],[-111.68463,40.53131],[-111.67527,40.53321],[-111.67351,40.53702],[-111.6641,40.54122],[-111.6618,40.54972],[-111.65031,40.55116],[-111.64556,40.55994],[-111.63809,40.56776],[-111.62025,40.56518],[-111.60568,40.56445],[-111.6018,40.57027],[-111.60224,40.57533],[-111.59388,40.57706]]]},"properties":{"STATEFP":"49","COUNTYFP":"035","COUSUBFP":"90473","COUSUBNS":"01939356","GEOIDFQ":"0600000US4903590473","GEOID":"4903590473","NAME":"Cottonwood","NAMELSAD":"Cottonwood CCD","STUSPS":"UT","NAMELSADCO":"Salt Lake County","STATE_NAME":"Utah","LSAD":"22","ALAND":226604621,"AWATER":570124}},
{"type":"Feature","geometry":{"type":"Polygon","coordinates":[[[-112.62954,39.5524],[-112.61198,39.5705],[-112.60132,39.57789],[-112.59268,39.59949],[-112.58974,39.62347],[-112.59539,39.69506],[-112.59205,39.70106],[-112.58722,39.70301],[-112.53562,39.73508],[-112.45449,39.76664],[-112.44707,39.77239],[-112.43723,39.77646],[-112.42531,39.77459],[-112.41666,39.78029],[-112.40421,39.78541],[-112.40194,39.79459],[-112.39896,39.7946],[-112.39053,39.80756],[-112.36433,39.82694],[-112.35675,39.83799],[-112.35437,39.84377],[-112.34449,39.85506],[-112.34481,39.86722],[-112.34293,39.87588],[-112.34925,39.89214],[-112.35046,39.90443],[-112.45755,39.90389],[-112.60393,39.90368],[-112.79808,39.90369],[-112.79808,39.9042],[-113.02499,39.9049],[-113.2485,39.90471],[-113.2485,39.90532],[-113.70129,39.90553],[-113.92481,39.90593],[-114.04713,39.9061],[-114.04721,39.82102],[-114.04778,39.79416],[-114.04727,39.75941],[-114.04773,39.54274],[-113.81577,39.54409],[-113.81574,39.55264],[-112.92343,39.55254],[-112.80304,39.55261],[-112.62954,39.5524]]]},"properties":{"STATEFP":"49","COUNTYFP":"023","COUSUBFP":"93913","COUSUBNS":"01939435","GEOIDFQ":"0600000US4902393913","GEOID":"4902393913","NAME":"West Juab","NAMELSAD":"West Juab CCD","STUSPS":"UT","NAMELSADCO":"Juab County","STATE_NAME":"Utah","LSAD":"22","ALAND":5203529290,"AWATER":17529915}},
{"type":"Feature","geometry":{"type":"Polygon","coordinates":[[[-110.81143,39.08729],[-110.8079,39.08459],[-110.79164,39.09049],[-110.77602,39.0856],[-110.75921,39.0834],[-110.7587,39.08695],[-110.75072,39.08681],[-110.74891,39.09071],[-110.74003,39.09331],[-110.74009,39.09674],[-110.72908,39.09507],[-110.72197,39.08911],[-110.71618,39.08812],[-110.70378,39.08224],[-110.69285,39.0846],[-110.67987,39.07876],[-110.67541,39.08188],[-110.66624,39.08106],[-110.66346,39.08335],[-110.66681,39.09379],[-110.66509,39.10144],[-110.67085,39.10602],[-110.66497,39.10978],[-110.65785,39.11924],[-110.64452,39.12912],[-110.64283,39.13707],[-110.63673,39.14472],[-110.63875,39.14816],[-110.63663,39.15474],[-110.62565,39.14876],[-110.62115,39.14944],[-110.61226,39.15492],[-110.60455,39.15673],[-110.59752,39.16259],[-110.58465,39.1701],[-110.56418,39.17466],[-110.55713,39.1741],[-110.55014,39.17734],[-110.52768,39.18139],[-110.50472,39.17596],[-110.49089,39.17602],[-110.48807,39.17843],[-110.47816,39.17872],[-110.46525,39.17361],[-110.45912,39.17439],[-110.45707,39.1696],[-110.44649,39.17237],[-110.43364,39.16938],[-110.42474,39.17664],[-110.41743,39.17433],[-110.41056,39.18073],[-110.4115,39.19007],[-110.40364,39.19332],[-110.39864,39.19124],[-110.38466,39.19794],[-110.37887,39.19719],[-110.37098,39.20362],[-110.36934,39.20963],[-110.36258,39.20918],[-110.35465,39.19557],[-110.35058,39.20393],[-110.34118,39.19577],[-110.33851,39.19541],[-110.33897,39.25205],[-110.34312,39.26442],[-110.35431,39.26139],[-110.36186,39.26658],[-110.36838,39.26697],[-110.36911,39.27543],[-110.37595,39.28023],[-110.38389,39.28979],[-110.39061,39.29045],[-110.39664,39.29928],[-110.39769,39.30384],[-110.40544,39.30529],[-110.4004,39.31092],[-110.40451,39.31566],[-110.41314,39.31786],[-110.41977,39.32213],[-110.43354,39.32469],[-110.43535,39.33213],[-110.42576,39.33036],[-110.42415,39.33507],[-110.43973,39.33529],[-110.45008,39.33328],[-110.45562,39.33494],[-110.45966,39.34108],[-110.45749,39.34731],[-110.45813,39.35863],[-110.46423,39.36041],[-110.47158,39.35416],[-110.47864,39.35968],[-110.48029,39.36564],[-110.489,39.36144],[-110.48815,39.35426],[-110.49391,39.34884],[-110.4977,39.34963],[-110.50197,39.36025],[-110.50818,39.36016],[-110.51125,39.35327],[-110.5124,39.345],[-110.53679,39.36271],[-110.54264,39.36372],[-110.54756,39.36955],[-110.55472,39.36971],[-110.56007,39.36625],[-110.56671,39.36964],[-110.56601,39.37378],[-110.57381,39.37445],[-110.57773,39.38932],[-110.58301,39.39157],[-110.58274,39.39888],[-110.5907,39.39611],[-110.59678,39.38947],[-110.60119,39.39433],[-110.59814,39.4003],[-110.60779,39.40387],[-110.60087,39.40744],[-110.6041,39.41422],[-110.60973,39.41833],[-110.61941,39.41714],[-110.62809,39.42423],[-110.63165,39.42069],[-110.63959,39.42765],[-110.63862,39.43363],[-110.63249,39.44143],[-110.63225,39.44823],[-110.62613,39.45217],[-110.63664,39.4574],[-110.63432,39.46159],[-110.6446,39.46951],[-110.75807,39.4693],[-110.85672,39.46952],[-111.07754,39.46974],[-111.08072,39.47539],[-111.07615,39.47831],[-111.07749,39.48399],[-111.07469,39.49114],[-111.08043,39.49574],[-111.08616,39.51445],[-111.08553,39.52185],[-111.0995,39.53672],[-111.10744,39.53806],[-111.10933,39.54911],[-111.11633,39.55188],[-111.11444,39.55623],[-111.11875,39.56275],[-111.11355,39.56878],[-111.11921,39.57152],[-111.12292,39.5795],[-111.12554,39.5913],[-111.13135,39.607],[-111.13225,39.61388],[-111.13774,39.61522],[-111.14038,39.60865],[-111.14876,39.60625],[-111.14823,39.60028],[-111.15911,39.59595],[-111.17049,39.60339],[-111.17609,39.61433],[-111.18624,39.6195],[-111.18649,39.62508],[-111.19144,39.62997],[-111.19269,39.64132],[-111.20198,39.64555],[-111.20131,39.65712],[-111.20842,39.66105],[-111.21052,39.66664],[-111.21758,39.67025],[-111.22164,39.67533],[-111.22122,39.69078],[-111.22977,39.69455],[-111.23006,39.69951],[-111.2374,39.70314],[-111.24746,39.70437],[-111.24789,39.63904],[-111.24708,39.55135],[-111.24775,39.55136],[-111.24775,39.4672],[-111.3009,39.46724],[-111.30094,39.38916],[-111.3007,39.29451],[-111.29972,39.29454],[-111.29964,39.21126],[-111.29421,39.21192],[-111.28756,39.20354],[-111.28143,39.20022],[-111.27411,39.20145],[-111.26642,39.19742],[-111.26065,39.1916],[-111.26035,39.18439],[-111.2543,39.18085],[-111.24185,39.18517],[-111.23513,39.19119],[-111.22964,39.1935],[-111.2203,39.19268],[-111.20702,39.18789],[-111.1967,39.18276],[-111.18284,39.18049],[-111.17674,39.17452],[-111.16803,39.17508],[-111.16068,39.1687],[-111.14274,39.15956],[-111.12267,39.15463],[-111.11052,39.1548],[-111.1048,39.14907],[-111.06756,39.15809],[-111.05006,39.15642],[-111.04761,39.16024],[-111.03643,39.16068],[-111.03031,39.16581],[-111.00782,39.16824],[-110.98829,39.17322],[-110.9742,39.17167],[-110.96657,39.16602],[-110.96101,39.16457],[-110.956,39.16844],[-110.94345,39.16604],[-110.91511,39.15658],[-110.91025,39.15084],[-110.90652,39.1509],[-110.89799,39.14134],[-110.89076,39.13645],[-110.88299,39.1274],[-110.87546,39.12269],[-110.85213,39.11506],[-110.83953,39.11241],[-110.83947,39.10925],[-110.82926,39.10464],[-110.82331,39.09277],[-110.81143,39.08729]]]},"properties":{"STATEFP":"49","COUNTYFP":"015","COUSUBFP":"90301","COUSUBNS":"01939352","GEOIDFQ":"0600000US4901590301","GEOID":"4901590301","NAME":"Castle Dale-Huntington","NAMELSAD":"Castle Dale-Huntington CCD","STUSPS":"UT","NAMELSADCO":"Emery County","STATE_NAME":"Utah","LSAD":"22","ALAND":2774721774,"AWATER":10661780}},
{"type":"Feature","geometry":{"type":"Polygon","coordinates":[[[-112.95426,39.14565],[-112.94317,39.14047],[-112.94186,39.13354],[-112.93138,39.12515],[-112.93175,39.11838],[-112.93605,39.10879],[-112.94128,39.10732],[-112.94402,39.099],[-112.95148,39.09595],[-112.97017,39.09411],[-112.974,39.10044],[-112.98767,39.09962],[-112.99517,39.10178],[-113.00079,39.10104],[-113.02293,39.10364],[-113.04954,39.10021],[-113.05561,39.09528],[-113.04448,39.08427],[-113.02871,39.07976],[-113.01772,39.08114],[-113.00473,39.08852],[-112.99697,39.08597],[-112.99768,39.07721],[-112.99498,39.07166],[-112.98927,39.06651],[-112.9886,39.0601],[-112.99636,39.04994],[-113.00305,39.04615],[-113.00397,39.04194],[-113.00975,39.03932],[-113.01419,39.03184],[-113.01334,39.02808],[-113.01859,39.02492],[-113.02729,39.01526],[-113.03478,39.01258],[-113.041,39.0072],[-113.05123,38.99185],[-113.05707,38.9869],[-113.05672,38.98384],[-113.06286,38.97507],[-113.06244,38.96755],[-113.06742,38.96108],[-113.06366,38.94978],[-113.06247,38.93497],[-113.0682,38.93001],[-113.06941,38.92341],[-113.07704,38.918],[-113.07515,38.91037],[-113.08404,38.90129],[-113.09544,38.89342],[-113.09632,38.888],[-113.10126,38.88454],[-113.10465,38.87441],[-113.10912,38.87098],[-113.11828,38.86917],[-113.12278,38.86258],[-113.12897,38.86013],[-113.13255,38.85556],[-113.14265,38.85324],[-113.13244,38.84611],[-113.13042,38.84002],[-113.1331,38.83481],[-113.13847,38.83133],[-113.13726,38.8155],[-113.13508,38.80571],[-113.13042,38.80165],[-113.12852,38.79546],[-113.12901,38.78399],[-113.12554,38.77601],[-113.12812,38.76823],[-113.13869,38.74846],[-113.1446,38.73514],[-113.15647,38.73069],[-113.16203,38.73281],[-113.16989,38.7308],[-113.16663,38.72416],[-113.16537,38.71576],[-113.16724,38.70613],[-113.16745,38.69586],[-113.1717,38.69634],[-113.17911,38.67809],[-113.18738,38.66448],[-113.18643,38.6573],[-113.17695,38.64912],[-113.1697,38.641],[-113.16798,38.63656],[-113.1443,38.61836],[-113.12481,38.59207],[-113.11686,38.57261],[-112.7525,38.57268],[-112.60348,38.57273],[-112.51539,38.57285],[-112.50315,38.57138],[-112.50307,38.60057],[-112.48479,38.60063],[-112.48444,38.64465],[-112.47518,38.64468],[-112.47534,38.65926],[-112.46616,38.65927],[-112.466,38.67392],[-112.44767,38.67392],[-112.44752,38.68127],[-112.40118,38.68097],[-112.38424,38.68331],[-112.35654,38.68386],[-112.35664,38.67674],[-112.34718,38.67626],[-112.30995,38.67629],[-112.30994,38.68341],[-112.29133,38.6833],[-112.29132,38.68696],[-112.28226,38.68687],[-112.28235,38.70153],[-112.27325,38.70135],[-112.2733,38.705],[-112.25544,38.70505],[-112.25536,38.71231],[-112.24147,38.71252],[-112.24136,38.71979],[-112.23672,38.71986],[-112.23664,38.7271],[-112.21836,38.72736],[-112.21808,38.74899],[-112.21912,38.75125],[-112.21912,38.76399],[-112.22838,38.76399],[-112.22844,38.83751],[-112.22464,38.83751],[-112.22446,38.8648],[-112.18854,38.86479],[-112.18847,38.87945],[-112.17155,38.87862],[-112.16946,38.8921],[-112.16935,38.90613],[-112.15076,38.90651],[-112.15051,38.92006],[-112.15193,38.93547],[-112.13403,38.93545],[-112.13386,38.9593],[-112.06516,38.9593],[-112.06566,38.98843],[-112.0564,38.98837],[-112.05639,38.99568],[-112.01891,38.9959],[-112.01903,39.02421],[-112.01402,39.02428],[-112.01408,39.04552],[-112.016,39.31456],[-112.05342,39.31448],[-112.07222,39.31492],[-112.07211,39.3297],[-112.13729,39.3294],[-112.13084,39.31456],[-112.12831,39.30381],[-112.12814,39.27141],[-112.12353,39.27119],[-112.1234,39.26289],[-112.11674,39.25896],[-112.1165,39.25146],[-112.12936,39.23873],[-112.14956,39.2245],[-112.15504,39.21879],[-112.16169,39.20784],[-112.17972,39.19963],[-112.19611,39.18813],[-112.20019,39.19323],[-112.20545,39.18806],[-112.22247,39.193],[-112.24017,39.20546],[-112.25162,39.20856],[-112.27073,39.21163],[-112.29812,39.21316],[-112.40957,39.21392],[-112.40991,39.15495],[-112.46634,39.15557],[-112.47331,39.13813],[-112.49436,39.1308],[-112.50988,39.12744],[-112.53788,39.11809],[-112.55329,39.10983],[-112.57091,39.10678],[-112.57727,39.08046],[-112.58706,39.08842],[-112.60272,39.0959],[-112.61012,39.098],[-112.61185,39.104],[-112.62099,39.10694],[-112.63592,39.10422],[-112.64241,39.09921],[-112.6512,39.09596],[-112.66696,39.09251],[-112.67559,39.0937],[-112.69795,39.1011],[-112.70242,39.10385],[-112.73917,39.11911],[-112.76281,39.11966],[-112.7658,39.12633],[-112.78431,39.12662],[-112.79722,39.12244],[-112.80303,39.12301],[-112.87007,39.13307],[-112.89126,39.13774],[-112.90213,39.14146],[-112.9356,39.14059],[-112.95426,39.14565]]]},"properties":{"STATEFP":"49","COUNTYFP":"027","COUSUBFP":"90989","COUSUBNS":"01939368","GEOIDFQ":"0600000US4902790989","GEOID":"4902790989","NAME":"Fillmore","NAMELSAD":"Fillmore CCD","STUSPS":"UT","NAMELSADCO":"Millard County","STATE_NAME":"Utah","LSAD":"22","ALAND":5151925600,"AWATER":4778364}},
{"type":"Feature","geometry":{"type":"Polygon","coordinates":[[[-112.44421,38.15],[-112.43209,38.15554],[-112.43359,38.16487],[-112.42618,38.16691],[-112.42245,38.17082],[-112.42428,38.18095],[-112.41266,38.18824],[-112.40968,38.1924],[-112.39784,38.19935],[-112.39505,38.20598],[-112.3839,38.21063],[-112.37727,38.21052],[-112.36493,38.21512],[-112.3572,38.22505],[-112.36323,38.22706],[-112.37144,38.23482],[-112.37158,38.23828],[-112.3799,38.24454],[-112.38083,38.25062],[-112.37464,38.25666],[-112.36804,38.26031],[-112.3625,38.27234],[-112.3507,38.2818],[-112.34709,38.291],[-112.34933,38.29985],[-112.34825,38.30536],[-112.33882,38.31201],[-112.34159,38.31472],[-112.34082,38.32552],[-112.33551,38.33234],[-112.33843,38.34047],[-112.34348,38.34727],[-112.35157,38.34892],[-112.36264,38.35681],[-112.3631,38.36181],[-112.37137,38.36924],[-112.37602,38.37711],[-112.38035,38.37989],[-112.39139,38.38063],[-112.39807,38.38654],[-112.40379,38.39476],[-112.40386,38.40045],[-112.39875,38.40304],[-112.40326,38.41482],[-112.41249,38.41936],[-112.41679,38.41957],[-112.42094,38.41122],[-112.42553,38.4068],[-112.4364,38.40202],[-112.44443,38.40605],[-112.45157,38.41924],[-112.45301,38.42923],[-112.45865,38.43442],[-112.47027,38.44011],[-112.47923,38.44805],[-112.49338,38.45163],[-112.50105,38.46307],[-112.50992,38.46773],[-112.51341,38.47583],[-112.51898,38.48125],[-112.51011,38.48877],[-112.51588,38.49419],[-112.51531,38.50139],[-112.51849,38.51041],[-112.52254,38.52134],[-112.51787,38.52482],[-112.5158,38.53062],[-112.51582,38.5417],[-112.51763,38.5462],[-112.51541,38.55644],[-112.51842,38.5677],[-112.51539,38.57285],[-112.60348,38.57273],[-112.7525,38.57268],[-112.74448,38.55314],[-112.73919,38.5498],[-112.73322,38.53596],[-112.73403,38.52962],[-112.73974,38.5251],[-112.75073,38.523],[-112.75849,38.5147],[-112.7693,38.50855],[-112.76403,38.49973],[-112.76678,38.4915],[-112.75556,38.49285],[-112.75498,38.48528],[-112.74599,38.47864],[-112.74975,38.46771],[-112.73943,38.45483],[-112.73886,38.43755],[-112.73953,38.42742],[-112.75231,38.41549],[-112.75532,38.40774],[-112.75662,38.39367],[-112.75872,38.39274],[-112.76888,38.36125],[-112.76884,38.35225],[-112.77781,38.34505],[-112.78987,38.31582],[-112.79487,38.29978],[-112.74831,38.27208],[-112.72943,38.27193],[-112.72181,38.27385],[-112.70903,38.27391],[-112.71019,38.25583],[-112.71377,38.25033],[-112.71369,38.23904],[-112.74393,38.23893],[-112.74655,38.23626],[-112.74651,38.21857],[-112.74461,38.19839],[-112.75474,38.18753],[-112.75609,38.17784],[-112.76382,38.1606],[-112.7635,38.14745],[-112.69521,38.14752],[-112.61412,38.14804],[-112.47882,38.14742],[-112.46243,38.15],[-112.44421,38.15]]]},"properties":{"STATEFP":"49","COUNTYFP":"001","COUSUBFP":"90086","COUSUBNS":"01939347","GEOIDFQ":"0600000US4900190086","GEOID":"4900190086","NAME":"Beaver","NAMELSAD":"Beaver CCD","STUSPS":"UT","NAMELSADCO":"Beaver County","STATE_NAME":"Utah","LSAD":"22","ALAND":1357842655,"AWATER":830378}},
{"type":"Feature","geometry":{"type":"Polygon","coordinates":[[[-112.35447,39.55368],[-112.32984,39.59132],[-112.3026,39.64401],[-112.30087,39.64617],[-112.25865,39.67615],[-112.21131,39.70616],[-112.20111,39.71652],[-112.18003,39.7574],[-112.17638,39.76122],[-112.16137,39.76995],[-112.15316,39.77827],[-112.14541,39.79993],[-112.14276,39.81293],[-112.13757,39.81173],[-112.12825,39.81417],[-112.12074,39.80953],[-112.11192,39.81065],[-112.10236,39.81399],[-112.06932,39.8224],[-112.06541,39.83004],[-112.07029,39.83789],[-112.07521,39.83969],[-112.07395,39.84707],[-112.07949,39.85696],[-112.08122,39.86508],[-112.07084,39.86971],[-112.066,39.87613],[-112.05915,39.88038],[-112.05956,39.88717],[-112.0545,39.89138],[-112.06111,39.89814],[-112.06255,39.90468],[-112.07221,39.91132],[-112.08126,39.91315],[-112.08058,39.91694],[-112.08525,39.92549],[-112.0926,39.92804],[-112.10359,39.92877],[-112.1025,39.93485],[-112.10576,39.9377],[-112.10253,39.94826],[-112.09413,39.95447],[-112.10281,39.95951],[-112.104,39.96532],[-112.11014,39.97384],[-112.12434,39.97411],[-112.13273,39.97747],[-112.14207,39.98671],[-112.14199,39.98964],[-112.15086,39.99345],[-112.15059,39.99759],[-112.16003,40.00676],[-112.1704,40.00782],[-112.1798,40.01166],[-112.18686,40.00598],[-112.1967,40.00352],[-112.21062,39.99458],[-112.22449,39.98854],[-112.22505,39.98183],[-112.23451,39.97098],[-112.23632,39.96052],[-112.2458,39.95615],[-112.24889,39.95078],[-112.25422,39.95059],[-112.2608,39.94275],[-112.27029,39.93902],[-112.28083,39.94137],[-112.29272,39.94006],[-112.30204,39.93664],[-112.30985,39.94737],[-112.32323,39.94447],[-112.3323,39.95279],[-112.3347,39.94568],[-112.33978,39.94368],[-112.3355,39.9306],[-112.33729,39.91889],[-112.34308,39.91085],[-112.34199,39.90446],[-112.35046,39.90443],[-112.34925,39.89214],[-112.34293,39.87588],[-112.34481,39.86722],[-112.34449,39.85506],[-112.35437,39.84377],[-112.35675,39.83799],[-112.36433,39.82694],[-112.39053,39.80756],[-112.39896,39.7946],[-112.40194,39.79459],[-112.40421,39.78541],[-112.41666,39.78029],[-112.42531,39.77459],[-112.43723,39.77646],[-112.44707,39.77239],[-112.45449,39.76664],[-112.53562,39.73508],[-112.58722,39.70301],[-112.59205,39.70106],[-112.59539,39.69506],[-112.58974,39.62347],[-112.59268,39.59949],[-112.60132,39.57789],[-112.61198,39.5705],[-112.62954,39.5524],[-112.46242,39.55245],[-112.46242,39.5537],[-112.35447,39.55368]]]},"properties":{"STATEFP":"49","COUNTYFP":"023","COUSUBFP":"90946","COUSUBNS":"01939367","GEOIDFQ":"0600000US4902390946","GEOID":"4902390946","NAME":"Eureka","NAMELSAD":"Eureka CCD","STUSPS":"UT","NAMELSADCO":"Juab County","STATE_NAME":"Utah","LSAD":"22","ALAND":1142595325,"AWATER":27062}}
]}