id,name,facility type,address,city,state,county,zip code,latitude,longitude,phone,services,source name,source url,source last checked,source notes,source id,source dataset,source last updated,last verified,verification status,fieldsources
cms-070002,ST FRANCIS HOSPITAL & MEDICAL CENTER,hospital,114 WOODLAND STREET & 500 BLUE HILLS AVENUE,HARTFORD,CT,HARTFORD,06105,41.774882341683,-72.699461816494,(860) 714-5541,Emergency services,CMS Hospital General Information,https://data.cms.gov/provider-data/dataset/xubh-q36u,2026-07-02,"Fields copied from the official CMS Hospital General Information CSV: facility name, address, city, state, ZIP code, county, phone, hospital type, ownership and emergency services flag. Hospital type: Acute Care Hospitals. Ownership: Voluntary non-profit - Church. Emergency services listed by CMS: Yes. Coordinates from the U.S. Census Bureau batch geocoder (Non_Exact address match). CMS quality ratings and measures were intentionally not copied. Daily hours, prices and insurance details were not supplied by this intake.",070002,Hospital General Information,2026-07-02,2026-07-02,needs_review,"{""services"":{""field"":""services"",""status"":""source_backed"",""sourceUrl"":""https://data.cms.gov/provider-data/dataset/xubh-q36u"",""sourceTitle"":""CMS Hospital General Information"",""checkedDate"":""2026-07-02"",""sourceType"":""federal_open_data"",""locationSpecific"":true,""reviewerNote"":""Emergency services flag copied from the official CMS Hospital General Information row for this facility.""}}"
cms-070003,DAY KIMBALL HOSPITAL,hospital,320 POMFRET STREET,PUTNAM,CT,WINDHAM,06260,41.907711090923,-71.914619541726,(860) 928-6541,Emergency services,CMS Hospital General Information,https://data.cms.gov/provider-data/dataset/xubh-q36u,2026-07-02,"Fields copied from the official CMS Hospital General Information CSV: facility name, address, city, state, ZIP code, county, phone, hospital type, ownership and emergency services flag. Hospital type: Acute Care Hospitals. Ownership: Voluntary non-profit - Private. Emergency services listed by CMS: Yes. Coordinates from the U.S. Census Bureau batch geocoder (Exact address match). CMS quality ratings and measures were intentionally not copied. Daily hours, prices and insurance details were not supplied by this intake.",070003,Hospital General Information,2026-07-02,2026-07-02,needs_review,"{""services"":{""field"":""services"",""status"":""source_backed"",""sourceUrl"":""https://data.cms.gov/provider-data/dataset/xubh-q36u"",""sourceTitle"":""CMS Hospital General Information"",""checkedDate"":""2026-07-02"",""sourceType"":""federal_open_data"",""locationSpecific"":true,""reviewerNote"":""Emergency services flag copied from the official CMS Hospital General Information row for this facility.""}}"
cms-070004,SHARON HOSPITAL,hospital,50 HOSPITAL HILL ROAD,SHARON,CT,LITCHFIELD,06069,41.880231111404,-73.482586550874,(860) 364-4228,Emergency services,CMS Hospital General Information,https://data.cms.gov/provider-data/dataset/xubh-q36u,2026-07-02,"Fields copied from the official CMS Hospital General Information CSV: facility name, address, city, state, ZIP code, county, phone, hospital type, ownership and emergency services flag. Hospital type: Acute Care Hospitals. Ownership: Proprietary. Emergency services listed by CMS: Yes. Coordinates from the U.S. Census Bureau batch geocoder (Exact address match). CMS quality ratings and measures were intentionally not copied. Daily hours, prices and insurance details were not supplied by this intake.",070004,Hospital General Information,2026-07-02,2026-07-02,needs_review,"{""services"":{""field"":""services"",""status"":""source_backed"",""sourceUrl"":""https://data.cms.gov/provider-data/dataset/xubh-q36u"",""sourceTitle"":""CMS Hospital General Information"",""checkedDate"":""2026-07-02"",""sourceType"":""federal_open_data"",""locationSpecific"":true,""reviewerNote"":""Emergency services flag copied from the official CMS Hospital General Information row for this facility.""}}"
cms-070005,WATERBURY HOSPITAL,hospital,64 ROBBINS ST,WATERBURY,CT,NEW HAVEN,06721,41.558132486447,-73.060106767309,(203) 573-6000,Emergency services,CMS Hospital General Information,https://data.cms.gov/provider-data/dataset/xubh-q36u,2026-07-02,"Fields copied from the official CMS Hospital General Information CSV: facility name, address, city, state, ZIP code, county, phone, hospital type, ownership and emergency services flag. Hospital type: Acute Care Hospitals. Ownership: Proprietary. Emergency services listed by CMS: Yes. Coordinates from the U.S. Census Bureau batch geocoder (Non_Exact address match). CMS quality ratings and measures were intentionally not copied. Daily hours, prices and insurance details were not supplied by this intake.",070005,Hospital General Information,2026-07-02,2026-07-02,needs_review,"{""services"":{""field"":""services"",""status"":""source_backed"",""sourceUrl"":""https://data.cms.gov/provider-data/dataset/xubh-q36u"",""sourceTitle"":""CMS Hospital General Information"",""checkedDate"":""2026-07-02"",""sourceType"":""federal_open_data"",""locationSpecific"":true,""reviewerNote"":""Emergency services flag copied from the official CMS Hospital General Information row for this facility.""}}"
cms-070007,LAWRENCE & MEMORIAL HOSPITAL,hospital,365 MONTAUK AVE,NEW LONDON,CT,NEW LONDON,06320,41.337022118487,-72.103677171241,(860) 442-0711,Emergency services,CMS Hospital General Information,https://data.cms.gov/provider-data/dataset/xubh-q36u,2026-07-02,"Fields copied from the official CMS Hospital General Information CSV: facility name, address, city, state, ZIP code, county, phone, hospital type, ownership and emergency services flag. Hospital type: Acute Care Hospitals. Ownership: Voluntary non-profit - Private. Emergency services listed by CMS: Yes. Coordinates from the U.S. Census Bureau batch geocoder (Exact address match). CMS quality ratings and measures were intentionally not copied. Daily hours, prices and insurance details were not supplied by this intake.",070007,Hospital General Information,2026-07-02,2026-07-02,needs_review,"{""services"":{""field"":""services"",""status"":""source_backed"",""sourceUrl"":""https://data.cms.gov/provider-data/dataset/xubh-q36u"",""sourceTitle"":""CMS Hospital General Information"",""checkedDate"":""2026-07-02"",""sourceType"":""federal_open_data"",""locationSpecific"":true,""reviewerNote"":""Emergency services flag copied from the official CMS Hospital General Information row for this facility.""}}"
cms-070008,JOHNSON MEMORIAL HOSPITAL,hospital,201 CHESTNUT HILL ROAD,STAFFORD SPRINGS,CT,TOLLAND,06076,41.97744979213,-72.390215543133,(860) 684-4251,Emergency services,CMS Hospital General Information,https://data.cms.gov/provider-data/dataset/xubh-q36u,2026-07-02,"Fields copied from the official CMS Hospital General Information CSV: facility name, address, city, state, ZIP code, county, phone, hospital type, ownership and emergency services flag. Hospital type: Acute Care Hospitals. Ownership: Voluntary non-profit - Private. Emergency services listed by CMS: Yes. Coordinates from the U.S. Census Bureau batch geocoder (Exact address match). CMS quality ratings and measures were intentionally not copied. Daily hours, prices and insurance details were not supplied by this intake.",070008,Hospital General Information,2026-07-02,2026-07-02,needs_review,"{""services"":{""field"":""services"",""status"":""source_backed"",""sourceUrl"":""https://data.cms.gov/provider-data/dataset/xubh-q36u"",""sourceTitle"":""CMS Hospital General Information"",""checkedDate"":""2026-07-02"",""sourceType"":""federal_open_data"",""locationSpecific"":true,""reviewerNote"":""Emergency services flag copied from the official CMS Hospital General Information row for this facility.""}}"
cms-070010,BRIDGEPORT HOSPITAL,hospital,267 GRANT STREET,BRIDGEPORT,CT,FAIRFIELD,06610,41.188841391218,-73.16569150231,(203) 384-3000,Emergency services,CMS Hospital General Information,https://data.cms.gov/provider-data/dataset/xubh-q36u,2026-07-02,"Fields copied from the official CMS Hospital General Information CSV: facility name, address, city, state, ZIP code, county, phone, hospital type, ownership and emergency services flag. Hospital type: Acute Care Hospitals. Ownership: Voluntary non-profit - Private. Emergency services listed by CMS: Yes. Coordinates from the U.S. Census Bureau batch geocoder (Exact address match). CMS quality ratings and measures were intentionally not copied. Daily hours, prices and insurance details were not supplied by this intake.",070010,Hospital General Information,2026-07-02,2026-07-02,needs_review,"{""services"":{""field"":""services"",""status"":""source_backed"",""sourceUrl"":""https://data.cms.gov/provider-data/dataset/xubh-q36u"",""sourceTitle"":""CMS Hospital General Information"",""checkedDate"":""2026-07-02"",""sourceType"":""federal_open_data"",""locationSpecific"":true,""reviewerNote"":""Emergency services flag copied from the official CMS Hospital General Information row for this facility.""}}"
cms-070011,CHARLOTTE HUNGERFORD HOSPITAL,hospital,540 LITCHFIELD ST,TORRINGTON,CT,LITCHFIELD,06790,41.790846800017,-73.132698613577,(860) 496-6666,Emergency services,CMS Hospital General Information,https://data.cms.gov/provider-data/dataset/xubh-q36u,2026-07-02,"Fields copied from the official CMS Hospital General Information CSV: facility name, address, city, state, ZIP code, county, phone, hospital type, ownership and emergency services flag. Hospital type: Acute Care Hospitals. Ownership: Voluntary non-profit - Private. Emergency services listed by CMS: Yes. Coordinates from the U.S. Census Bureau batch geocoder (Exact address match). CMS quality ratings and measures were intentionally not copied. Daily hours, prices and insurance details were not supplied by this intake.",070011,Hospital General Information,2026-07-02,2026-07-02,needs_review,"{""services"":{""field"":""services"",""status"":""source_backed"",""sourceUrl"":""https://data.cms.gov/provider-data/dataset/xubh-q36u"",""sourceTitle"":""CMS Hospital General Information"",""checkedDate"":""2026-07-02"",""sourceType"":""federal_open_data"",""locationSpecific"":true,""reviewerNote"":""Emergency services flag copied from the official CMS Hospital General Information row for this facility.""}}"
cms-070017,MIDSTATE MEDICAL CENTER,hospital,435 LEWIS AVENUE,MERIDEN,CT,NEW HAVEN,06450,41.550123371467,-72.803717905153,(203) 694-8200,Emergency services,CMS Hospital General Information,https://data.cms.gov/provider-data/dataset/xubh-q36u,2026-07-02,"Fields copied from the official CMS Hospital General Information CSV: facility name, address, city, state, ZIP code, county, phone, hospital type, ownership and emergency services flag. Hospital type: Acute Care Hospitals. Ownership: Voluntary non-profit - Private. Emergency services listed by CMS: Yes. Coordinates from the U.S. Census Bureau batch geocoder (Non_Exact address match). CMS quality ratings and measures were intentionally not copied. Daily hours, prices and insurance details were not supplied by this intake.",070017,Hospital General Information,2026-07-02,2026-07-02,needs_review,"{""services"":{""field"":""services"",""status"":""source_backed"",""sourceUrl"":""https://data.cms.gov/provider-data/dataset/xubh-q36u"",""sourceTitle"":""CMS Hospital General Information"",""checkedDate"":""2026-07-02"",""sourceType"":""federal_open_data"",""locationSpecific"":true,""reviewerNote"":""Emergency services flag copied from the official CMS Hospital General Information row for this facility.""}}"
cms-070018,GREENWICH HOSPITAL ASSOCIATION -,hospital,5 PERRYRIDGE RD,GREENWICH,CT,FAIRFIELD,06830,41.03489783549,-73.629301789531,(203) 863-3000,Emergency services,CMS Hospital General Information,https://data.cms.gov/provider-data/dataset/xubh-q36u,2026-07-02,"Fields copied from the official CMS Hospital General Information CSV: facility name, address, city, state, ZIP code, county, phone, hospital type, ownership and emergency services flag. Hospital type: Acute Care Hospitals. Ownership: Voluntary non-profit - Private. Emergency services listed by CMS: Yes. Coordinates from the U.S. Census Bureau batch geocoder (Exact address match). CMS quality ratings and measures were intentionally not copied. Daily hours, prices and insurance details were not supplied by this intake.",070018,Hospital General Information,2026-07-02,2026-07-02,needs_review,"{""services"":{""field"":""services"",""status"":""source_backed"",""sourceUrl"":""https://data.cms.gov/provider-data/dataset/xubh-q36u"",""sourceTitle"":""CMS Hospital General Information"",""checkedDate"":""2026-07-02"",""sourceType"":""federal_open_data"",""locationSpecific"":true,""reviewerNote"":""Emergency services flag copied from the official CMS Hospital General Information row for this facility.""}}"
cms-070021,WINDHAM COMMUNITY MEMORIAL HOSPITAL,hospital,112 MANSFIELD AVENUE,WILLIMANTIC,CT,WINDHAM,06226,41.717158645824,-72.223938303774,(860) 456-9116,Emergency services,CMS Hospital General Information,https://data.cms.gov/provider-data/dataset/xubh-q36u,2026-07-02,"Fields copied from the official CMS Hospital General Information CSV: facility name, address, city, state, ZIP code, county, phone, hospital type, ownership and emergency services flag. Hospital type: Acute Care Hospitals. Ownership: Voluntary non-profit - Private. Emergency services listed by CMS: Yes. Coordinates from the U.S. Census Bureau batch geocoder (Exact address match). CMS quality ratings and measures were intentionally not copied. Daily hours, prices and insurance details were not supplied by this intake.",070021,Hospital General Information,2026-07-02,2026-07-02,needs_review,"{""services"":{""field"":""services"",""status"":""source_backed"",""sourceUrl"":""https://data.cms.gov/provider-data/dataset/xubh-q36u"",""sourceTitle"":""CMS Hospital General Information"",""checkedDate"":""2026-07-02"",""sourceType"":""federal_open_data"",""locationSpecific"":true,""reviewerNote"":""Emergency services flag copied from the official CMS Hospital General Information row for this facility.""}}"
cms-070025,HARTFORD HOSPITAL,hospital,80 SEYMOUR STREET,HARTFORD,CT,HARTFORD,06102,41.753898285654,-72.680679557458,(860) 545-5000,Emergency services,CMS Hospital General Information,https://data.cms.gov/provider-data/dataset/xubh-q36u,2026-07-02,"Fields copied from the official CMS Hospital General Information CSV: facility name, address, city, state, ZIP code, county, phone, hospital type, ownership and emergency services flag. Hospital type: Acute Care Hospitals. Ownership: Voluntary non-profit - Private. Emergency services listed by CMS: Yes. Coordinates from the U.S. Census Bureau batch geocoder (Non_Exact address match). CMS quality ratings and measures were intentionally not copied. Daily hours, prices and insurance details were not supplied by this intake.",070025,Hospital General Information,2026-07-02,2026-07-02,needs_review,"{""services"":{""field"":""services"",""status"":""source_backed"",""sourceUrl"":""https://data.cms.gov/provider-data/dataset/xubh-q36u"",""sourceTitle"":""CMS Hospital General Information"",""checkedDate"":""2026-07-02"",""sourceType"":""federal_open_data"",""locationSpecific"":true,""reviewerNote"":""Emergency services flag copied from the official CMS Hospital General Information row for this facility.""}}"
cms-070027,MANCHESTER MEMORIAL HOSPITAL,hospital,71 HAYNES ST,MANCHESTER,CT,HARTFORD,06040,41.78121231257,-72.524776528286,(860) 647-4780,Emergency services,CMS Hospital General Information,https://data.cms.gov/provider-data/dataset/xubh-q36u,2026-07-02,"Fields copied from the official CMS Hospital General Information CSV: facility name, address, city, state, ZIP code, county, phone, hospital type, ownership and emergency services flag. Hospital type: Acute Care Hospitals. Ownership: Proprietary. Emergency services listed by CMS: Yes. Coordinates from the U.S. Census Bureau batch geocoder (Exact address match). CMS quality ratings and measures were intentionally not copied. Daily hours, prices and insurance details were not supplied by this intake.",070027,Hospital General Information,2026-07-02,2026-07-02,needs_review,"{""services"":{""field"":""services"",""status"":""source_backed"",""sourceUrl"":""https://data.cms.gov/provider-data/dataset/xubh-q36u"",""sourceTitle"":""CMS Hospital General Information"",""checkedDate"":""2026-07-02"",""sourceType"":""federal_open_data"",""locationSpecific"":true,""reviewerNote"":""Emergency services flag copied from the official CMS Hospital General Information row for this facility.""}}"
cms-070028,ST VINCENT'S MEDICAL CENTER,hospital,2800 MAIN ST,BRIDGEPORT,CT,FAIRFIELD,06606,41.200142523796,-73.202549356771,(203) 576-5551,Emergency services,CMS Hospital General Information,https://data.cms.gov/provider-data/dataset/xubh-q36u,2026-07-02,"Fields copied from the official CMS Hospital General Information CSV: facility name, address, city, state, ZIP code, county, phone, hospital type, ownership and emergency services flag. Hospital type: Acute Care Hospitals. Ownership: Voluntary non-profit - Private. Emergency services listed by CMS: Yes. Coordinates from the U.S. Census Bureau batch geocoder (Exact address match). CMS quality ratings and measures were intentionally not copied. Daily hours, prices and insurance details were not supplied by this intake.",070028,Hospital General Information,2026-07-02,2026-07-02,needs_review,"{""services"":{""field"":""services"",""status"":""source_backed"",""sourceUrl"":""https://data.cms.gov/provider-data/dataset/xubh-q36u"",""sourceTitle"":""CMS Hospital General Information"",""checkedDate"":""2026-07-02"",""sourceType"":""federal_open_data"",""locationSpecific"":true,""reviewerNote"":""Emergency services flag copied from the official CMS Hospital General Information row for this facility.""}}"
cms-070029,BRISTOL HOSPITAL,hospital,41 BREWSTER RD,BRISTOL,CT,HARTFORD,06010,41.676363718258,-72.934469558758,(860) 585-3000,Emergency services,CMS Hospital General Information,https://data.cms.gov/provider-data/dataset/xubh-q36u,2026-07-02,"Fields copied from the official CMS Hospital General Information CSV: facility name, address, city, state, ZIP code, county, phone, hospital type, ownership and emergency services flag. Hospital type: Acute Care Hospitals. Ownership: Voluntary non-profit - Private. Emergency services listed by CMS: Yes. Coordinates from the U.S. Census Bureau batch geocoder (Exact address match). CMS quality ratings and measures were intentionally not copied. Daily hours, prices and insurance details were not supplied by this intake.",070029,Hospital General Information,2026-07-02,2026-07-02,needs_review,"{""services"":{""field"":""services"",""status"":""source_backed"",""sourceUrl"":""https://data.cms.gov/provider-data/dataset/xubh-q36u"",""sourceTitle"":""CMS Hospital General Information"",""checkedDate"":""2026-07-02"",""sourceType"":""federal_open_data"",""locationSpecific"":true,""reviewerNote"":""Emergency services flag copied from the official CMS Hospital General Information row for this facility.""}}"
cms-070033,DANBURY HOSPITAL,hospital,24 HOSPITAL AVE,DANBURY,CT,FAIRFIELD,06810,41.406170840493,-73.44600973779,(203) 739-7000,Emergency services,CMS Hospital General Information,https://data.cms.gov/provider-data/dataset/xubh-q36u,2026-07-02,"Fields copied from the official CMS Hospital General Information CSV: facility name, address, city, state, ZIP code, county, phone, hospital type, ownership and emergency services flag. Hospital type: Acute Care Hospitals. Ownership: Voluntary non-profit - Private. Emergency services listed by CMS: Yes. Coordinates from the U.S. Census Bureau batch geocoder (Exact address match). CMS quality ratings and measures were intentionally not copied. Daily hours, prices and insurance details were not supplied by this intake.",070033,Hospital General Information,2026-07-02,2026-07-02,needs_review,"{""services"":{""field"":""services"",""status"":""source_backed"",""sourceUrl"":""https://data.cms.gov/provider-data/dataset/xubh-q36u"",""sourceTitle"":""CMS Hospital General Information"",""checkedDate"":""2026-07-02"",""sourceType"":""federal_open_data"",""locationSpecific"":true,""reviewerNote"":""Emergency services flag copied from the official CMS Hospital General Information row for this facility.""}}"
cms-070034,NORWALK HOSPITAL,hospital,24 STEVENS STREET,NORWALK,CT,FAIRFIELD,06856,41.110686663624,-73.420483924479,(203) 852-2000,Emergency services,CMS Hospital General Information,https://data.cms.gov/provider-data/dataset/xubh-q36u,2026-07-02,"Fields copied from the official CMS Hospital General Information CSV: facility name, address, city, state, ZIP code, county, phone, hospital type, ownership and emergency services flag. Hospital type: Acute Care Hospitals. Ownership: Voluntary non-profit - Private. Emergency services listed by CMS: Yes. Coordinates from the U.S. Census Bureau batch geocoder (Non_Exact address match). CMS quality ratings and measures were intentionally not copied. Daily hours, prices and insurance details were not supplied by this intake.",070034,Hospital General Information,2026-07-02,2026-07-02,needs_review,"{""services"":{""field"":""services"",""status"":""source_backed"",""sourceUrl"":""https://data.cms.gov/provider-data/dataset/xubh-q36u"",""sourceTitle"":""CMS Hospital General Information"",""checkedDate"":""2026-07-02"",""sourceType"":""federal_open_data"",""locationSpecific"":true,""reviewerNote"":""Emergency services flag copied from the official CMS Hospital General Information row for this facility.""}}"
cms-070035,THE HOSPITAL OF CENTRAL CONNECTICUT,hospital,100 GRAND STREET,NEW BRITAIN,CT,HARTFORD,06050,41.662056596451,-72.785389397826,(860) 224-5011,Emergency services,CMS Hospital General Information,https://data.cms.gov/provider-data/dataset/xubh-q36u,2026-07-02,"Fields copied from the official CMS Hospital General Information CSV: facility name, address, city, state, ZIP code, county, phone, hospital type, ownership and emergency services flag. Hospital type: Acute Care Hospitals. Ownership: Voluntary non-profit - Other. Emergency services listed by CMS: Yes. Coordinates from the U.S. Census Bureau batch geocoder (Non_Exact address match). CMS quality ratings and measures were intentionally not copied. Daily hours, prices and insurance details were not supplied by this intake.",070035,Hospital General Information,2026-07-02,2026-07-02,needs_review,"{""services"":{""field"":""services"",""status"":""source_backed"",""sourceUrl"":""https://data.cms.gov/provider-data/dataset/xubh-q36u"",""sourceTitle"":""CMS Hospital General Information"",""checkedDate"":""2026-07-02"",""sourceType"":""federal_open_data"",""locationSpecific"":true,""reviewerNote"":""Emergency services flag copied from the official CMS Hospital General Information row for this facility.""}}"
cms-070038,THE CONNECTICUT HOSPICE INC.,hospital,100 DOUBLE BEACH ROAD,BRANFORD,CT,NEW HAVEN,06405,41.256314832632,-72.833184418488,(203) 315-7500,,CMS Hospital General Information,https://data.cms.gov/provider-data/dataset/xubh-q36u,2026-07-02,"Fields copied from the official CMS Hospital General Information CSV: facility name, address, city, state, ZIP code, county, phone, hospital type, ownership and emergency services flag. Hospital type: Acute Care Hospitals. Ownership: Voluntary non-profit - Private. Emergency services listed by CMS: No. Coordinates from the U.S. Census Bureau batch geocoder (Exact address match). CMS quality ratings and measures were intentionally not copied. Daily hours, prices and insurance details were not supplied by this intake.",070038,Hospital General Information,2026-07-02,2026-07-02,needs_review,
cms-07003f,WEST HAVEN VA MEDICAL CENTER,hospital,950 CAMPBELL AVENUE,WEST HAVEN,CT,NEW HAVEN,06516,41.284682902126,-72.957473700294,(203) 932-5711,Emergency services,CMS Hospital General Information,https://data.cms.gov/provider-data/dataset/xubh-q36u,2026-07-02,"Fields copied from the official CMS Hospital General Information CSV: facility name, address, city, state, ZIP code, county, phone, hospital type, ownership and emergency services flag. Hospital type: Acute Care - Veterans Administration. Ownership: Veterans Health Administration. Emergency services listed by CMS: Yes. Coordinates from the U.S. Census Bureau batch geocoder (Exact address match). CMS quality ratings and measures were intentionally not copied. Daily hours, prices and insurance details were not supplied by this intake.",07003F,Hospital General Information,2026-07-02,2026-07-02,needs_review,"{""services"":{""field"":""services"",""status"":""source_backed"",""sourceUrl"":""https://data.cms.gov/provider-data/dataset/xubh-q36u"",""sourceTitle"":""CMS Hospital General Information"",""checkedDate"":""2026-07-02"",""sourceType"":""federal_open_data"",""locationSpecific"":true,""reviewerNote"":""Emergency services flag copied from the official CMS Hospital General Information row for this facility.""}}"
cms-073300,CONNECTICUT CHILDRENS MEDICAL CENTER,hospital,282 WASHINGTON STREET,HARTFORD,CT,HARTFORD,06106,41.754070463028,-72.682687036768,(860) 545-9000,Emergency services,CMS Hospital General Information,https://data.cms.gov/provider-data/dataset/xubh-q36u,2026-07-02,"Fields copied from the official CMS Hospital General Information CSV: facility name, address, city, state, ZIP code, county, phone, hospital type, ownership and emergency services flag. Hospital type: Childrens. Ownership: Voluntary non-profit - Private. Emergency services listed by CMS: Yes. Coordinates from the U.S. Census Bureau batch geocoder (Exact address match). CMS quality ratings and measures were intentionally not copied. Daily hours, prices and insurance details were not supplied by this intake.",073300,Hospital General Information,2026-07-02,2026-07-02,needs_review,"{""services"":{""field"":""services"",""status"":""source_backed"",""sourceUrl"":""https://data.cms.gov/provider-data/dataset/xubh-q36u"",""sourceTitle"":""CMS Hospital General Information"",""checkedDate"":""2026-07-02"",""sourceType"":""federal_open_data"",""locationSpecific"":true,""reviewerNote"":""Emergency services flag copied from the official CMS Hospital General Information row for this facility.""}}"
cms-074012,SOUTHWEST CONNECTICUT MENTAL HEALTH SYSTEM,hospital,1635 CENTRAL AVE,BRIDGEPORT,CT,FAIRFIELD,06610,41.189439427482,-73.167563523185,(203) 551-7461,,CMS Hospital General Information,https://data.cms.gov/provider-data/dataset/xubh-q36u,2026-07-02,"Fields copied from the official CMS Hospital General Information CSV: facility name, address, city, state, ZIP code, county, phone, hospital type, ownership and emergency services flag. Hospital type: Psychiatric. Ownership: Government - State. Emergency services listed by CMS: No. Coordinates from the U.S. Census Bureau batch geocoder (Exact address match). CMS quality ratings and measures were intentionally not copied. Daily hours, prices and insurance details were not supplied by this intake.",074012,Hospital General Information,2026-07-02,2026-07-02,needs_review,
cms-074014,SILVER HILL HOSPITAL INC,hospital,208 VALLEY ROAD,NEW CANAAN,CT,FAIRFIELD,06840,41.166749369928,-73.469878520519,(203) 966-3561,,CMS Hospital General Information,https://data.cms.gov/provider-data/dataset/xubh-q36u,2026-07-02,"Fields copied from the official CMS Hospital General Information CSV: facility name, address, city, state, ZIP code, county, phone, hospital type, ownership and emergency services flag. Hospital type: Psychiatric. Ownership: Government - Federal. Emergency services listed by CMS: No. Coordinates from the U.S. Census Bureau batch geocoder (Exact address match). CMS quality ratings and measures were intentionally not copied. Daily hours, prices and insurance details were not supplied by this intake.",074014,Hospital General Information,2026-07-02,2026-07-02,needs_review,
cms-074015,ALBERT J SOLNIT CHILDREN'S CENTER - SOUTH CAMPUS,hospital,915 RIVER ROAD,MIDDLETOWN,CT,MIDDLESEX,06457,41.559005077581,-72.613122398853,(860) 704-4090,,CMS Hospital General Information,https://data.cms.gov/provider-data/dataset/xubh-q36u,2026-07-02,"Fields copied from the official CMS Hospital General Information CSV: facility name, address, city, state, ZIP code, county, phone, hospital type, ownership and emergency services flag. Hospital type: Psychiatric. Ownership: Government - State. Emergency services listed by CMS: No. Coordinates from the U.S. Census Bureau batch geocoder (Exact address match). CMS quality ratings and measures were intentionally not copied. Daily hours, prices and insurance details were not supplied by this intake.",074015,Hospital General Information,2026-07-02,2026-07-02,needs_review,
cms-074017,HEBREW HOME AND HOSPITAL,hospital,1 ABRAHMS BOULEVARD,WEST HARTFORD,CT,HARTFORD,06117,41.802554397443,-72.72821394147,(860) 218-2300,,CMS Hospital General Information,https://data.cms.gov/provider-data/dataset/xubh-q36u,2026-07-02,"Fields copied from the official CMS Hospital General Information CSV: facility name, address, city, state, ZIP code, county, phone, hospital type, ownership and emergency services flag. Hospital type: Psychiatric. Ownership: Voluntary non-profit - Private. Emergency services listed by CMS: No. Coordinates from the U.S. Census Bureau batch geocoder (Exact address match). CMS quality ratings and measures were intentionally not copied. Daily hours, prices and insurance details were not supplied by this intake.",074017,Hospital General Information,2026-07-02,2026-07-02,needs_review,
cms-080001,CHRISTIANA HOSPITAL,hospital,4755 OGLETOWN-STANTON ROAD,NEWARK,DE,NEW CASTLE,19718,39.690996683779,-75.671382921671,(302) 733-3609,Emergency services,CMS Hospital General Information,https://data.cms.gov/provider-data/dataset/xubh-q36u,2026-07-02,"Fields copied from the official CMS Hospital General Information CSV: facility name, address, city, state, ZIP code, county, phone, hospital type, ownership and emergency services flag. Hospital type: Acute Care Hospitals. Ownership: Voluntary non-profit - Private. Emergency services listed by CMS: Yes. Coordinates from the U.S. Census Bureau batch geocoder (Non_Exact address match). CMS quality ratings and measures were intentionally not copied. Daily hours, prices and insurance details were not supplied by this intake.",080001,Hospital General Information,2026-07-02,2026-07-02,needs_review,"{""services"":{""field"":""services"",""status"":""source_backed"",""sourceUrl"":""https://data.cms.gov/provider-data/dataset/xubh-q36u"",""sourceTitle"":""CMS Hospital General Information"",""checkedDate"":""2026-07-02"",""sourceType"":""federal_open_data"",""locationSpecific"":true,""reviewerNote"":""Emergency services flag copied from the official CMS Hospital General Information row for this facility.""}}"
cms-080003,ST FRANCIS HOSPITAL,hospital,7TH AND CLAYTON STS,WILMINGTON,DE,NEW CASTLE,19805,39.749508989691,-75.566630613993,(302) 421-4100,Emergency services,CMS Hospital General Information,https://data.cms.gov/provider-data/dataset/xubh-q36u,2026-07-02,"Fields copied from the official CMS Hospital General Information CSV: facility name, address, city, state, ZIP code, county, phone, hospital type, ownership and emergency services flag. Hospital type: Acute Care Hospitals. Ownership: Voluntary non-profit - Private. Emergency services listed by CMS: Yes. Coordinates from the U.S. Census Bureau batch geocoder (Non_Exact address match). CMS quality ratings and measures were intentionally not copied. Daily hours, prices and insurance details were not supplied by this intake.",080003,Hospital General Information,2026-07-02,2026-07-02,needs_review,"{""services"":{""field"":""services"",""status"":""source_backed"",""sourceUrl"":""https://data.cms.gov/provider-data/dataset/xubh-q36u"",""sourceTitle"":""CMS Hospital General Information"",""checkedDate"":""2026-07-02"",""sourceType"":""federal_open_data"",""locationSpecific"":true,""reviewerNote"":""Emergency services flag copied from the official CMS Hospital General Information row for this facility.""}}"
cms-080004,"BAYHEALTH MEDICAL CENTER, KENT CAMPUS",hospital,640 S STATE STREET,DOVER,DE,KENT,19901,39.151590162717,-75.5223427005,(302) 744-7001,Emergency services,CMS Hospital General Information,https://data.cms.gov/provider-data/dataset/xubh-q36u,2026-07-02,"Fields copied from the official CMS Hospital General Information CSV: facility name, address, city, state, ZIP code, county, phone, hospital type, ownership and emergency services flag. Hospital type: Acute Care Hospitals. Ownership: Voluntary non-profit - Private. Emergency services listed by CMS: Yes. Coordinates from the U.S. Census Bureau batch geocoder (Exact address match). CMS quality ratings and measures were intentionally not copied. Daily hours, prices and insurance details were not supplied by this intake.",080004,Hospital General Information,2026-07-02,2026-07-02,needs_review,"{""services"":{""field"":""services"",""status"":""source_backed"",""sourceUrl"":""https://data.cms.gov/provider-data/dataset/xubh-q36u"",""sourceTitle"":""CMS Hospital General Information"",""checkedDate"":""2026-07-02"",""sourceType"":""federal_open_data"",""locationSpecific"":true,""reviewerNote"":""Emergency services flag copied from the official CMS Hospital General Information row for this facility.""}}"
cms-080006,"TIDALHEALTH NANTICOKE, INC.",hospital,801 MIDDLEFORD RD,SEAFORD,DE,SUSSEX,19973,38.642279823866,-75.605252926145,(302) 629-6611,Emergency services,CMS Hospital General Information,https://data.cms.gov/provider-data/dataset/xubh-q36u,2026-07-02,"Fields copied from the official CMS Hospital General Information CSV: facility name, address, city, state, ZIP code, county, phone, hospital type, ownership and emergency services flag. Hospital type: Acute Care Hospitals. Ownership: Voluntary non-profit - Private. Emergency services listed by CMS: Yes. Coordinates from the U.S. Census Bureau batch geocoder (Exact address match). CMS quality ratings and measures were intentionally not copied. Daily hours, prices and insurance details were not supplied by this intake.",080006,Hospital General Information,2026-07-02,2026-07-02,needs_review,"{""services"":{""field"":""services"",""status"":""source_backed"",""sourceUrl"":""https://data.cms.gov/provider-data/dataset/xubh-q36u"",""sourceTitle"":""CMS Hospital General Information"",""checkedDate"":""2026-07-02"",""sourceType"":""federal_open_data"",""locationSpecific"":true,""reviewerNote"":""Emergency services flag copied from the official CMS Hospital General Information row for this facility.""}}"
cms-080007,BEEBE MEDICAL CENTER,hospital,424 SAVANNAH RD,LEWES,DE,SUSSEX,19958,38.771345599544,-75.142429279166,(302) 645-3300,Emergency services,CMS Hospital General Information,https://data.cms.gov/provider-data/dataset/xubh-q36u,2026-07-02,"Fields copied from the official CMS Hospital General Information CSV: facility name, address, city, state, ZIP code, county, phone, hospital type, ownership and emergency services flag. Hospital type: Acute Care Hospitals. Ownership: Voluntary non-profit - Private. Emergency services listed by CMS: Yes. Coordinates from the U.S. Census Bureau batch geocoder (Exact address match). CMS quality ratings and measures were intentionally not copied. Daily hours, prices and insurance details were not supplied by this intake.",080007,Hospital General Information,2026-07-02,2026-07-02,needs_review,"{""services"":{""field"":""services"",""status"":""source_backed"",""sourceUrl"":""https://data.cms.gov/provider-data/dataset/xubh-q36u"",""sourceTitle"":""CMS Hospital General Information"",""checkedDate"":""2026-07-02"",""sourceType"":""federal_open_data"",""locationSpecific"":true,""reviewerNote"":""Emergency services flag copied from the official CMS Hospital General Information row for this facility.""}}"
cms-08002f,WILMINGTON VA MEDICAL CENTER,hospital,1601 KIRKWOOD HIGHWAY,WILMINGTON,DE,NEW CASTLE,19805,39.738856988842,-75.605261529352,(302) 994-2511,Emergency services,CMS Hospital General Information,https://data.cms.gov/provider-data/dataset/xubh-q36u,2026-07-02,"Fields copied from the official CMS Hospital General Information CSV: facility name, address, city, state, ZIP code, county, phone, hospital type, ownership and emergency services flag. Hospital type: Acute Care - Veterans Administration. Ownership: Veterans Health Administration. Emergency services listed by CMS: Yes. Coordinates from the U.S. Census Bureau batch geocoder (Exact address match). CMS quality ratings and measures were intentionally not copied. Daily hours, prices and insurance details were not supplied by this intake.",08002F,Hospital General Information,2026-07-02,2026-07-02,needs_review,"{""services"":{""field"":""services"",""status"":""source_backed"",""sourceUrl"":""https://data.cms.gov/provider-data/dataset/xubh-q36u"",""sourceTitle"":""CMS Hospital General Information"",""checkedDate"":""2026-07-02"",""sourceType"":""federal_open_data"",""locationSpecific"":true,""reviewerNote"":""Emergency services flag copied from the official CMS Hospital General Information row for this facility.""}}"
cms-083300,"NEMOURS CHILDREN'S HOSPITAL, DELAWARE",hospital,1600 ROCKLAND RD PO BOX 269,WILMINGTON,DE,NEW CASTLE,19899,39.788553268681,-75.566884585106,(302) 651-4000,Emergency services,CMS Hospital General Information,https://data.cms.gov/provider-data/dataset/xubh-q36u,2026-07-02,"Fields copied from the official CMS Hospital General Information CSV: facility name, address, city, state, ZIP code, county, phone, hospital type, ownership and emergency services flag. Hospital type: Childrens. Ownership: Voluntary non-profit - Private. Emergency services listed by CMS: Yes. Coordinates from the U.S. Census Bureau batch geocoder (Non_Exact address match). CMS quality ratings and measures were intentionally not copied. Daily hours, prices and insurance details were not supplied by this intake.",083300,Hospital General Information,2026-07-02,2026-07-02,needs_review,"{""services"":{""field"":""services"",""status"":""source_backed"",""sourceUrl"":""https://data.cms.gov/provider-data/dataset/xubh-q36u"",""sourceTitle"":""CMS Hospital General Information"",""checkedDate"":""2026-07-02"",""sourceType"":""federal_open_data"",""locationSpecific"":true,""reviewerNote"":""Emergency services flag copied from the official CMS Hospital General Information row for this facility.""}}"
cms-084001,DELAWARE PSYCHIATRIC CENTER,hospital,1901 N DUPONT HIGHWAY,NEW CASTLE,DE,NEW CASTLE,19720,39.697866032189,-75.57499007943,(302) 255-2700,,CMS Hospital General Information,https://data.cms.gov/provider-data/dataset/xubh-q36u,2026-07-02,"Fields copied from the official CMS Hospital General Information CSV: facility name, address, city, state, ZIP code, county, phone, hospital type, ownership and emergency services flag. Hospital type: Psychiatric. Ownership: Government - State. Emergency services listed by CMS: No. Coordinates from the U.S. Census Bureau batch geocoder (Exact address match). CMS quality ratings and measures were intentionally not copied. Daily hours, prices and insurance details were not supplied by this intake.",084001,Hospital General Information,2026-07-02,2026-07-02,needs_review,
cms-084002,ROCKFORD CENTER,hospital,100 ROCKFORD DRIVE,NEWARK,DE,NEW CASTLE,19713,39.694230814142,-75.661579817079,(302) 996-5480,Emergency services,CMS Hospital General Information,https://data.cms.gov/provider-data/dataset/xubh-q36u,2026-07-02,"Fields copied from the official CMS Hospital General Information CSV: facility name, address, city, state, ZIP code, county, phone, hospital type, ownership and emergency services flag. Hospital type: Psychiatric. Ownership: Proprietary. Emergency services listed by CMS: Yes. Coordinates from the U.S. Census Bureau batch geocoder (Exact address match). CMS quality ratings and measures were intentionally not copied. Daily hours, prices and insurance details were not supplied by this intake.",084002,Hospital General Information,2026-07-02,2026-07-02,needs_review,"{""services"":{""field"":""services"",""status"":""source_backed"",""sourceUrl"":""https://data.cms.gov/provider-data/dataset/xubh-q36u"",""sourceTitle"":""CMS Hospital General Information"",""checkedDate"":""2026-07-02"",""sourceType"":""federal_open_data"",""locationSpecific"":true,""reviewerNote"":""Emergency services flag copied from the official CMS Hospital General Information row for this facility.""}}"
cms-084003,MEADOWWOOD BEHAVIORAL HEALTH SYSTEM,hospital,575 SOUTH DUPONT HIGHWAY,NEW CASTLE,DE,NEW CASTLE,19720,39.641861511476,-75.626708222445,(302) 328-3330,,CMS Hospital General Information,https://data.cms.gov/provider-data/dataset/xubh-q36u,2026-07-02,"Fields copied from the official CMS Hospital General Information CSV: facility name, address, city, state, ZIP code, county, phone, hospital type, ownership and emergency services flag. Hospital type: Psychiatric. Ownership: Proprietary. Emergency services listed by CMS: No. Coordinates from the U.S. Census Bureau batch geocoder (Exact address match). CMS quality ratings and measures were intentionally not copied. Daily hours, prices and insurance details were not supplied by this intake.",084003,Hospital General Information,2026-07-02,2026-07-02,needs_review,
cms-084004,DOVER BEHAVIORAL HEALTH SYSTEM,hospital,725 HORSEPOND ROAD,DOVER,DE,KENT,19901,39.1524329117,-75.486374187288,(302) 741-0140,,CMS Hospital General Information,https://data.cms.gov/provider-data/dataset/xubh-q36u,2026-07-02,"Fields copied from the official CMS Hospital General Information CSV: facility name, address, city, state, ZIP code, county, phone, hospital type, ownership and emergency services flag. Hospital type: Psychiatric. Ownership: Proprietary. Emergency services listed by CMS: No. Coordinates from the U.S. Census Bureau batch geocoder (Exact address match). CMS quality ratings and measures were intentionally not copied. Daily hours, prices and insurance details were not supplied by this intake.",084004,Hospital General Information,2026-07-02,2026-07-02,needs_review,
cms-084005,SUN BEHAVIORAL DELAWARE LLC,hospital,21655 BIDEN AVENUE,GEORGETOWN,DE,SUSSEX,19947,38.699123370279,-75.406440602629,(302) 448-8415,,CMS Hospital General Information,https://data.cms.gov/provider-data/dataset/xubh-q36u,2026-07-02,"Fields copied from the official CMS Hospital General Information CSV: facility name, address, city, state, ZIP code, county, phone, hospital type, ownership and emergency services flag. Hospital type: Psychiatric. Ownership: Proprietary. Emergency services listed by CMS: No. Coordinates from the U.S. Census Bureau batch geocoder (Exact address match). CMS quality ratings and measures were intentionally not copied. Daily hours, prices and insurance details were not supplied by this intake.",084005,Hospital General Information,2026-07-02,2026-07-02,needs_review,
cms-090001,GEORGE WASHINGTON UNIV HOSPITAL,hospital,900 23RD ST NW,WASHINGTON,DC,THE DISTRICT,20037,38.900758510145,-77.050200823368,(202) 716-4605,Emergency services,CMS Hospital General Information,https://data.cms.gov/provider-data/dataset/xubh-q36u,2026-07-02,"Fields copied from the official CMS Hospital General Information CSV: facility name, address, city, state, ZIP code, county, phone, hospital type, ownership and emergency services flag. Hospital type: Acute Care Hospitals. Ownership: Proprietary. Emergency services listed by CMS: Yes. Coordinates from the U.S. Census Bureau batch geocoder (Exact address match). CMS quality ratings and measures were intentionally not copied. Daily hours, prices and insurance details were not supplied by this intake.",090001,Hospital General Information,2026-07-02,2026-07-02,needs_review,"{""services"":{""field"":""services"",""status"":""source_backed"",""sourceUrl"":""https://data.cms.gov/provider-data/dataset/xubh-q36u"",""sourceTitle"":""CMS Hospital General Information"",""checkedDate"":""2026-07-02"",""sourceType"":""federal_open_data"",""locationSpecific"":true,""reviewerNote"":""Emergency services flag copied from the official CMS Hospital General Information row for this facility.""}}"
cms-090003,HOWARD UNIVERSITY HOSPITAL CORP,hospital,2041 GEORGIA AVE NW,WASHINGTON,DC,THE DISTRICT,20060,38.918269998864,-77.021825068277,(202) 745-6100,,CMS Hospital General Information,https://data.cms.gov/provider-data/dataset/xubh-q36u,2026-07-02,"Fields copied from the official CMS Hospital General Information CSV: facility name, address, city, state, ZIP code, county, phone, hospital type, ownership and emergency services flag. Hospital type: Acute Care Hospitals. Ownership: Voluntary non-profit - Other. Emergency services listed by CMS: No. Coordinates from the U.S. Census Bureau batch geocoder (Exact address match). CMS quality ratings and measures were intentionally not copied. Daily hours, prices and insurance details were not supplied by this intake.",090003,Hospital General Information,2026-07-02,2026-07-02,needs_review,
cms-090004,MEDSTAR GEORGETOWN UNIVERSITY HOSPITAL,hospital,3800 RESERVOIR RD,WASHINGTON,DC,THE DISTRICT,20007,38.912544697661,-77.074941256453,(202) 784-3000,Emergency services,CMS Hospital General Information,https://data.cms.gov/provider-data/dataset/xubh-q36u,2026-07-02,"Fields copied from the official CMS Hospital General Information CSV: facility name, address, city, state, ZIP code, county, phone, hospital type, ownership and emergency services flag. Hospital type: Acute Care Hospitals. Ownership: Proprietary. Emergency services listed by CMS: Yes. Coordinates from the U.S. Census Bureau batch geocoder (Non_Exact address match). CMS quality ratings and measures were intentionally not copied. Daily hours, prices and insurance details were not supplied by this intake.",090004,Hospital General Information,2026-07-02,2026-07-02,needs_review,"{""services"":{""field"":""services"",""status"":""source_backed"",""sourceUrl"":""https://data.cms.gov/provider-data/dataset/xubh-q36u"",""sourceTitle"":""CMS Hospital General Information"",""checkedDate"":""2026-07-02"",""sourceType"":""federal_open_data"",""locationSpecific"":true,""reviewerNote"":""Emergency services flag copied from the official CMS Hospital General Information row for this facility.""}}"
cms-090005,SIBLEY MEMORIAL HOSPITAL,hospital,5255 LOUGHBORO RD NW,WASHINGTON,DC,THE DISTRICT,20016,38.935795505294,-77.109291835731,(202) 537-4680,Emergency services,CMS Hospital General Information,https://data.cms.gov/provider-data/dataset/xubh-q36u,2026-07-02,"Fields copied from the official CMS Hospital General Information CSV: facility name, address, city, state, ZIP code, county, phone, hospital type, ownership and emergency services flag. Hospital type: Acute Care Hospitals. Ownership: Voluntary non-profit - Other. Emergency services listed by CMS: Yes. Coordinates from the U.S. Census Bureau batch geocoder (Exact address match). CMS quality ratings and measures were intentionally not copied. Daily hours, prices and insurance details were not supplied by this intake.",090005,Hospital General Information,2026-07-02,2026-07-02,needs_review,"{""services"":{""field"":""services"",""status"":""source_backed"",""sourceUrl"":""https://data.cms.gov/provider-data/dataset/xubh-q36u"",""sourceTitle"":""CMS Hospital General Information"",""checkedDate"":""2026-07-02"",""sourceType"":""federal_open_data"",""locationSpecific"":true,""reviewerNote"":""Emergency services flag copied from the official CMS Hospital General Information row for this facility.""}}"
cms-090008,UNITED MEDICAL CENTER,hospital,1310 SOUTHERN AVENUE  SE,WASHINGTON,DC,THE DISTRICT,20032,38.834714676807,-76.984090338685,(202) 574-6000,Emergency services,CMS Hospital General Information,https://data.cms.gov/provider-data/dataset/xubh-q36u,2026-07-02,"Fields copied from the official CMS Hospital General Information CSV: facility name, address, city, state, ZIP code, county, phone, hospital type, ownership and emergency services flag. Hospital type: Acute Care Hospitals. Ownership: Proprietary. Emergency services listed by CMS: Yes. Coordinates from the U.S. Census Bureau batch geocoder (Exact address match). CMS quality ratings and measures were intentionally not copied. Daily hours, prices and insurance details were not supplied by this intake.",090008,Hospital General Information,2026-07-02,2026-07-02,needs_review,"{""services"":{""field"":""services"",""status"":""source_backed"",""sourceUrl"":""https://data.cms.gov/provider-data/dataset/xubh-q36u"",""sourceTitle"":""CMS Hospital General Information"",""checkedDate"":""2026-07-02"",""sourceType"":""federal_open_data"",""locationSpecific"":true,""reviewerNote"":""Emergency services flag copied from the official CMS Hospital General Information row for this facility.""}}"
cms-090011,MEDSTAR WASHINGTON HOSPITAL CENTER,hospital,110 IRVING STREET NW,WASHINGTON,DC,THE DISTRICT,20010,38.931118708734,-77.012565000222,(202) 877-7000,Emergency services,CMS Hospital General Information,https://data.cms.gov/provider-data/dataset/xubh-q36u,2026-07-02,"Fields copied from the official CMS Hospital General Information CSV: facility name, address, city, state, ZIP code, county, phone, hospital type, ownership and emergency services flag. Hospital type: Acute Care Hospitals. Ownership: Voluntary non-profit - Other. Emergency services listed by CMS: Yes. Coordinates from the U.S. Census Bureau batch geocoder (Exact address match). CMS quality ratings and measures were intentionally not copied. Daily hours, prices and insurance details were not supplied by this intake.",090011,Hospital General Information,2026-07-02,2026-07-02,needs_review,"{""services"":{""field"":""services"",""status"":""source_backed"",""sourceUrl"":""https://data.cms.gov/provider-data/dataset/xubh-q36u"",""sourceTitle"":""CMS Hospital General Information"",""checkedDate"":""2026-07-02"",""sourceType"":""federal_open_data"",""locationSpecific"":true,""reviewerNote"":""Emergency services flag copied from the official CMS Hospital General Information row for this facility.""}}"
cms-09002f,WASHINGTON DC VA MEDICAL CENTER,hospital,50 IRVING STREET N.W.,WASHINGTON,DC,THE DISTRICT,20422,38.93112691116,-77.010896211168,(202) 745-8000,Emergency services,CMS Hospital General Information,https://data.cms.gov/provider-data/dataset/xubh-q36u,2026-07-02,"Fields copied from the official CMS Hospital General Information CSV: facility name, address, city, state, ZIP code, county, phone, hospital type, ownership and emergency services flag. Hospital type: Acute Care - Veterans Administration. Ownership: Veterans Health Administration. Emergency services listed by CMS: Yes. Coordinates from the U.S. Census Bureau batch geocoder (Exact address match). CMS quality ratings and measures were intentionally not copied. Daily hours, prices and insurance details were not supplied by this intake.",09002F,Hospital General Information,2026-07-02,2026-07-02,needs_review,"{""services"":{""field"":""services"",""status"":""source_backed"",""sourceUrl"":""https://data.cms.gov/provider-data/dataset/xubh-q36u"",""sourceTitle"":""CMS Hospital General Information"",""checkedDate"":""2026-07-02"",""sourceType"":""federal_open_data"",""locationSpecific"":true,""reviewerNote"":""Emergency services flag copied from the official CMS Hospital General Information row for this facility.""}}"
cms-093300,CHILDREN'S NATIONAL HOSPITAL,hospital,"111 MICHIGAN AVE, NW",WASHINGTON,DC,THE DISTRICT,20010,38.926327503583,-77.01246633165,(202) 476-5000,Emergency services,CMS Hospital General Information,https://data.cms.gov/provider-data/dataset/xubh-q36u,2026-07-02,"Fields copied from the official CMS Hospital General Information CSV: facility name, address, city, state, ZIP code, county, phone, hospital type, ownership and emergency services flag. Hospital type: Childrens. Ownership: Voluntary non-profit - Private. Emergency services listed by CMS: Yes. Coordinates from the U.S. Census Bureau batch geocoder (Exact address match). CMS quality ratings and measures were intentionally not copied. Daily hours, prices and insurance details were not supplied by this intake.",093300,Hospital General Information,2026-07-02,2026-07-02,needs_review,"{""services"":{""field"":""services"",""status"":""source_backed"",""sourceUrl"":""https://data.cms.gov/provider-data/dataset/xubh-q36u"",""sourceTitle"":""CMS Hospital General Information"",""checkedDate"":""2026-07-02"",""sourceType"":""federal_open_data"",""locationSpecific"":true,""reviewerNote"":""Emergency services flag copied from the official CMS Hospital General Information row for this facility.""}}"
cms-094001,ST ELIZABETHS HOSPITAL,hospital,"1100 ALABAMA AVENUE, SE",WASHINGTON,DC,THE DISTRICT,20032,38.844385231633,-76.990537696818,(202) 299-5500,,CMS Hospital General Information,https://data.cms.gov/provider-data/dataset/xubh-q36u,2026-07-02,"Fields copied from the official CMS Hospital General Information CSV: facility name, address, city, state, ZIP code, county, phone, hospital type, ownership and emergency services flag. Hospital type: Psychiatric. Ownership: Government - State. Emergency services listed by CMS: No. Coordinates from the U.S. Census Bureau batch geocoder (Exact address match). CMS quality ratings and measures were intentionally not copied. Daily hours, prices and insurance details were not supplied by this intake.",094001,Hospital General Information,2026-07-02,2026-07-02,needs_review,
cms-094004,PSYCHIATRIC INSTITUTE OF WASHINGTON,hospital,"4228 WISCONSIN AVENUE, NW",WASHINGTON,DC,THE DISTRICT,20016,38.943644452215,-77.077379513786,(202) 885-5600,,CMS Hospital General Information,https://data.cms.gov/provider-data/dataset/xubh-q36u,2026-07-02,"Fields copied from the official CMS Hospital General Information CSV: facility name, address, city, state, ZIP code, county, phone, hospital type, ownership and emergency services flag. Hospital type: Psychiatric. Ownership: Voluntary non-profit - Private. Emergency services listed by CMS: No. Coordinates from the U.S. Census Bureau batch geocoder (Exact address match). CMS quality ratings and measures were intentionally not copied. Daily hours, prices and insurance details were not supplied by this intake.",094004,Hospital General Information,2026-07-02,2026-07-02,needs_review,
cms-200001,ST JOSEPH HOSPITAL,hospital,360 BROADWAY,BANGOR,ME,PENOBSCOT,04401,44.814648398739,-68.771409796306,(207) 262-1000,Emergency services,CMS Hospital General Information,https://data.cms.gov/provider-data/dataset/xubh-q36u,2026-07-02,"Fields copied from the official CMS Hospital General Information CSV: facility name, address, city, state, ZIP code, county, phone, hospital type, ownership and emergency services flag. Hospital type: Acute Care Hospitals. Ownership: Voluntary non-profit - Church. Emergency services listed by CMS: Yes. Coordinates from the U.S. Census Bureau batch geocoder (Exact address match). CMS quality ratings and measures were intentionally not copied. Daily hours, prices and insurance details were not supplied by this intake.",200001,Hospital General Information,2026-07-02,2026-07-02,needs_review,"{""services"":{""field"":""services"",""status"":""source_backed"",""sourceUrl"":""https://data.cms.gov/provider-data/dataset/xubh-q36u"",""sourceTitle"":""CMS Hospital General Information"",""checkedDate"":""2026-07-02"",""sourceType"":""federal_open_data"",""locationSpecific"":true,""reviewerNote"":""Emergency services flag copied from the official CMS Hospital General Information row for this facility.""}}"
cms-200008,NORTHERN LIGHT MERCY HOSPITAL,hospital,144 STATE STREET,PORTLAND,ME,CUMBERLAND,04101,43.651989921047,-70.265152046502,(207) 879-3000,Emergency services,CMS Hospital General Information,https://data.cms.gov/provider-data/dataset/xubh-q36u,2026-07-02,"Fields copied from the official CMS Hospital General Information CSV: facility name, address, city, state, ZIP code, county, phone, hospital type, ownership and emergency services flag. Hospital type: Acute Care Hospitals. Ownership: Voluntary non-profit - Church. Emergency services listed by CMS: Yes. Coordinates from the U.S. Census Bureau batch geocoder (Exact address match). CMS quality ratings and measures were intentionally not copied. Daily hours, prices and insurance details were not supplied by this intake.",200008,Hospital General Information,2026-07-02,2026-07-02,needs_review,"{""services"":{""field"":""services"",""status"":""source_backed"",""sourceUrl"":""https://data.cms.gov/provider-data/dataset/xubh-q36u"",""sourceTitle"":""CMS Hospital General Information"",""checkedDate"":""2026-07-02"",""sourceType"":""federal_open_data"",""locationSpecific"":true,""reviewerNote"":""Emergency services flag copied from the official CMS Hospital General Information row for this facility.""}}"
cms-200009,MAINEHEALTH MAINE MEDICAL CENTER,hospital,22 BRAMHALL ST,PORTLAND,ME,CUMBERLAND,04102,43.652656846963,-70.27463605441,(207) 662-0111,Emergency services,CMS Hospital General Information,https://data.cms.gov/provider-data/dataset/xubh-q36u,2026-07-02,"Fields copied from the official CMS Hospital General Information CSV: facility name, address, city, state, ZIP code, county, phone, hospital type, ownership and emergency services flag. Hospital type: Acute Care Hospitals. Ownership: Voluntary non-profit - Private. Emergency services listed by CMS: Yes. Coordinates from the U.S. Census Bureau batch geocoder (Exact address match). CMS quality ratings and measures were intentionally not copied. Daily hours, prices and insurance details were not supplied by this intake.",200009,Hospital General Information,2026-07-02,2026-07-02,needs_review,"{""services"":{""field"":""services"",""status"":""source_backed"",""sourceUrl"":""https://data.cms.gov/provider-data/dataset/xubh-q36u"",""sourceTitle"":""CMS Hospital General Information"",""checkedDate"":""2026-07-02"",""sourceType"":""federal_open_data"",""locationSpecific"":true,""reviewerNote"":""Emergency services flag copied from the official CMS Hospital General Information row for this facility.""}}"
cms-200020,YORK HOSPITAL,hospital,15 HOSPITAL DRIVE,YORK,ME,YORK,03909,43.14242032754,-70.650946522208,(207) 351-2478,Emergency services,CMS Hospital General Information,https://data.cms.gov/provider-data/dataset/xubh-q36u,2026-07-02,"Fields copied from the official CMS Hospital General Information CSV: facility name, address, city, state, ZIP code, county, phone, hospital type, ownership and emergency services flag. Hospital type: Acute Care Hospitals. Ownership: Voluntary non-profit - Private. Emergency services listed by CMS: Yes. Coordinates from the U.S. Census Bureau batch geocoder (Exact address match). CMS quality ratings and measures were intentionally not copied. Daily hours, prices and insurance details were not supplied by this intake.",200020,Hospital General Information,2026-07-02,2026-07-02,needs_review,"{""services"":{""field"":""services"",""status"":""source_backed"",""sourceUrl"":""https://data.cms.gov/provider-data/dataset/xubh-q36u"",""sourceTitle"":""CMS Hospital General Information"",""checkedDate"":""2026-07-02"",""sourceType"":""federal_open_data"",""locationSpecific"":true,""reviewerNote"":""Emergency services flag copied from the official CMS Hospital General Information row for this facility.""}}"
cms-200021,MAINEHEALTH MID COAST HOSPITAL,hospital,123 MEDICAL CENTER DRIVE,BRUNSWICK,ME,CUMBERLAND,04011,43.906337722948,-69.891469736389,(207) 729-0181,Emergency services,CMS Hospital General Information,https://data.cms.gov/provider-data/dataset/xubh-q36u,2026-07-02,"Fields copied from the official CMS Hospital General Information CSV: facility name, address, city, state, ZIP code, county, phone, hospital type, ownership and emergency services flag. Hospital type: Acute Care Hospitals. Ownership: Voluntary non-profit - Private. Emergency services listed by CMS: Yes. Coordinates from the U.S. Census Bureau batch geocoder (Exact address match). CMS quality ratings and measures were intentionally not copied. Daily hours, prices and insurance details were not supplied by this intake.",200021,Hospital General Information,2026-07-02,2026-07-02,needs_review,"{""services"":{""field"":""services"",""status"":""source_backed"",""sourceUrl"":""https://data.cms.gov/provider-data/dataset/xubh-q36u"",""sourceTitle"":""CMS Hospital General Information"",""checkedDate"":""2026-07-02"",""sourceType"":""federal_open_data"",""locationSpecific"":true,""reviewerNote"":""Emergency services flag copied from the official CMS Hospital General Information row for this facility.""}}"
cms-200024,CENTRAL MAINE MEDICAL CENTER,hospital,300 MAIN STREET,LEWISTON,ME,ANDROSCOGGIN,04240,44.102837099808,-70.212964664793,(207) 795-0111,Emergency services,CMS Hospital General Information,https://data.cms.gov/provider-data/dataset/xubh-q36u,2026-07-02,"Fields copied from the official CMS Hospital General Information CSV: facility name, address, city, state, ZIP code, county, phone, hospital type, ownership and emergency services flag. Hospital type: Acute Care Hospitals. Ownership: Voluntary non-profit - Private. Emergency services listed by CMS: Yes. Coordinates from the U.S. Census Bureau batch geocoder (Exact address match). CMS quality ratings and measures were intentionally not copied. Daily hours, prices and insurance details were not supplied by this intake.",200024,Hospital General Information,2026-07-02,2026-07-02,needs_review,"{""services"":{""field"":""services"",""status"":""source_backed"",""sourceUrl"":""https://data.cms.gov/provider-data/dataset/xubh-q36u"",""sourceTitle"":""CMS Hospital General Information"",""checkedDate"":""2026-07-02"",""sourceType"":""federal_open_data"",""locationSpecific"":true,""reviewerNote"":""Emergency services flag copied from the official CMS Hospital General Information row for this facility.""}}"
cms-200031,CARY MEDICAL CENTER,hospital,"163 VAN BUREN RD, SUITE 1",CARIBOU,ME,AROOSTOOK,04736,46.871165378162,-67.999535670984,(207) 498-3111,Emergency services,CMS Hospital General Information,https://data.cms.gov/provider-data/dataset/xubh-q36u,2026-07-02,"Fields copied from the official CMS Hospital General Information CSV: facility name, address, city, state, ZIP code, county, phone, hospital type, ownership and emergency services flag. Hospital type: Acute Care Hospitals. Ownership: Government - Local. Emergency services listed by CMS: Yes. Coordinates from the U.S. Census Bureau batch geocoder (Exact address match). CMS quality ratings and measures were intentionally not copied. Daily hours, prices and insurance details were not supplied by this intake.",200031,Hospital General Information,2026-07-02,2026-07-02,needs_review,"{""services"":{""field"":""services"",""status"":""source_backed"",""sourceUrl"":""https://data.cms.gov/provider-data/dataset/xubh-q36u"",""sourceTitle"":""CMS Hospital General Information"",""checkedDate"":""2026-07-02"",""sourceType"":""federal_open_data"",""locationSpecific"":true,""reviewerNote"":""Emergency services flag copied from the official CMS Hospital General Information row for this facility.""}}"
cms-200033,NORTHERN LIGHT EASTERN MAINE MEDICAL CENTER,hospital,489 STATE STREET,BANGOR,ME,PENOBSCOT,04401,44.809980083212,-68.749456400244,(207) 973-7000,Emergency services,CMS Hospital General Information,https://data.cms.gov/provider-data/dataset/xubh-q36u,2026-07-02,"Fields copied from the official CMS Hospital General Information CSV: facility name, address, city, state, ZIP code, county, phone, hospital type, ownership and emergency services flag. Hospital type: Acute Care Hospitals. Ownership: Voluntary non-profit - Private. Emergency services listed by CMS: Yes. Coordinates from the U.S. Census Bureau batch geocoder (Exact address match). CMS quality ratings and measures were intentionally not copied. Daily hours, prices and insurance details were not supplied by this intake.",200033,Hospital General Information,2026-07-02,2026-07-02,needs_review,"{""services"":{""field"":""services"",""status"":""source_backed"",""sourceUrl"":""https://data.cms.gov/provider-data/dataset/xubh-q36u"",""sourceTitle"":""CMS Hospital General Information"",""checkedDate"":""2026-07-02"",""sourceType"":""federal_open_data"",""locationSpecific"":true,""reviewerNote"":""Emergency services flag copied from the official CMS Hospital General Information row for this facility.""}}"
cms-200034,ST MARY'S REGIONAL MEDICAL CENTER,hospital,93 CAMPUS AVENUE - PO BOX 291,LEWISTON,ME,ANDROSCOGGIN,04243,44.102041306855,-70.199607419396,(207) 777-8100,Emergency services,CMS Hospital General Information,https://data.cms.gov/provider-data/dataset/xubh-q36u,2026-07-02,"Fields copied from the official CMS Hospital General Information CSV: facility name, address, city, state, ZIP code, county, phone, hospital type, ownership and emergency services flag. Hospital type: Acute Care Hospitals. Ownership: Voluntary non-profit - Church. Emergency services listed by CMS: Yes. Coordinates from the U.S. Census Bureau batch geocoder (Non_Exact address match). CMS quality ratings and measures were intentionally not copied. Daily hours, prices and insurance details were not supplied by this intake.",200034,Hospital General Information,2026-07-02,2026-07-02,needs_review,"{""services"":{""field"":""services"",""status"":""source_backed"",""sourceUrl"":""https://data.cms.gov/provider-data/dataset/xubh-q36u"",""sourceTitle"":""CMS Hospital General Information"",""checkedDate"":""2026-07-02"",""sourceType"":""federal_open_data"",""locationSpecific"":true,""reviewerNote"":""Emergency services flag copied from the official CMS Hospital General Information row for this facility.""}}"
cms-20003f,TOGUS VA MEDICAL CENTER,hospital,1 VA CENTER,AUGUSTA,ME,KENNEBEC,04330,44.273741188312,-69.701831436589,(207) 623-8411,Emergency services,CMS Hospital General Information,https://data.cms.gov/provider-data/dataset/xubh-q36u,2026-07-02,"Fields copied from the official CMS Hospital General Information CSV: facility name, address, city, state, ZIP code, county, phone, hospital type, ownership and emergency services flag. Hospital type: Acute Care - Veterans Administration. Ownership: Veterans Health Administration. Emergency services listed by CMS: Yes. Coordinates from the U.S. Census Bureau batch geocoder (Exact address match). CMS quality ratings and measures were intentionally not copied. Daily hours, prices and insurance details were not supplied by this intake.",20003F,Hospital General Information,2026-07-02,2026-07-02,needs_review,"{""services"":{""field"":""services"",""status"":""source_backed"",""sourceUrl"":""https://data.cms.gov/provider-data/dataset/xubh-q36u"",""sourceTitle"":""CMS Hospital General Information"",""checkedDate"":""2026-07-02"",""sourceType"":""federal_open_data"",""locationSpecific"":true,""reviewerNote"":""Emergency services flag copied from the official CMS Hospital General Information row for this facility.""}}"
cms-200050,NORTHERN LIGHT MAINE COAST HOSPITAL,hospital,50 UNION STREET,ELLSWORTH,ME,HANCOCK,04605,44.547147040439,-68.415358901468,(207) 667-5311,Emergency services,CMS Hospital General Information,https://data.cms.gov/provider-data/dataset/xubh-q36u,2026-07-02,"Fields copied from the official CMS Hospital General Information CSV: facility name, address, city, state, ZIP code, county, phone, hospital type, ownership and emergency services flag. Hospital type: Acute Care Hospitals. Ownership: Voluntary non-profit - Other. Emergency services listed by CMS: Yes. Coordinates from the U.S. Census Bureau batch geocoder (Exact address match). CMS quality ratings and measures were intentionally not copied. Daily hours, prices and insurance details were not supplied by this intake.",200050,Hospital General Information,2026-07-02,2026-07-02,needs_review,"{""services"":{""field"":""services"",""status"":""source_backed"",""sourceUrl"":""https://data.cms.gov/provider-data/dataset/xubh-q36u"",""sourceTitle"":""CMS Hospital General Information"",""checkedDate"":""2026-07-02"",""sourceType"":""federal_open_data"",""locationSpecific"":true,""reviewerNote"":""Emergency services flag copied from the official CMS Hospital General Information row for this facility.""}}"
cms-200063,MAINEHEALTH PEN BAY HOSPITAL,hospital,6 GLEN COVE DRIVE,ROCKPORT,ME,KNOX,04856,44.144569385195,-69.083540073913,(207) 921-8000,Emergency services,CMS Hospital General Information,https://data.cms.gov/provider-data/dataset/xubh-q36u,2026-07-02,"Fields copied from the official CMS Hospital General Information CSV: facility name, address, city, state, ZIP code, county, phone, hospital type, ownership and emergency services flag. Hospital type: Acute Care Hospitals. Ownership: Voluntary non-profit - Private. Emergency services listed by CMS: Yes. Coordinates from the U.S. Census Bureau batch geocoder (Exact address match). CMS quality ratings and measures were intentionally not copied. Daily hours, prices and insurance details were not supplied by this intake.",200063,Hospital General Information,2026-07-02,2026-07-02,needs_review,"{""services"":{""field"":""services"",""status"":""source_backed"",""sourceUrl"":""https://data.cms.gov/provider-data/dataset/xubh-q36u"",""sourceTitle"":""CMS Hospital General Information"",""checkedDate"":""2026-07-02"",""sourceType"":""federal_open_data"",""locationSpecific"":true,""reviewerNote"":""Emergency services flag copied from the official CMS Hospital General Information row for this facility.""}}"
cms-201300,NORTHERN LIGHT BLUE HILL MEMORIAL HOSPITAL,hospital,57 WATER STREET,BLUE HILL,ME,HANCOCK,04614,44.411686049596,-68.586517993692,(207) 374-2836,Emergency services,CMS Hospital General Information,https://data.cms.gov/provider-data/dataset/xubh-q36u,2026-07-02,"Fields copied from the official CMS Hospital General Information CSV: facility name, address, city, state, ZIP code, county, phone, hospital type, ownership and emergency services flag. Hospital type: Critical Access Hospitals. Ownership: Voluntary non-profit - Private. Emergency services listed by CMS: Yes. Coordinates from the U.S. Census Bureau batch geocoder (Exact address match). CMS quality ratings and measures were intentionally not copied. Daily hours, prices and insurance details were not supplied by this intake.",201300,Hospital General Information,2026-07-02,2026-07-02,needs_review,"{""services"":{""field"":""services"",""status"":""source_backed"",""sourceUrl"":""https://data.cms.gov/provider-data/dataset/xubh-q36u"",""sourceTitle"":""CMS Hospital General Information"",""checkedDate"":""2026-07-02"",""sourceType"":""federal_open_data"",""locationSpecific"":true,""reviewerNote"":""Emergency services flag copied from the official CMS Hospital General Information row for this facility.""}}"
cms-201301,NORTHERN LIGHT C A DEAN HOSPITAL,hospital,364 PRITHAM AVE,GREENVILLE,ME,PISCATAQUIS,04441,45.459977079695,-69.611654103597,(207) 695-5209,,CMS Hospital General Information,https://data.cms.gov/provider-data/dataset/xubh-q36u,2026-07-02,"Fields copied from the official CMS Hospital General Information CSV: facility name, address, city, state, ZIP code, county, phone, hospital type, ownership and emergency services flag. Hospital type: Critical Access Hospitals. Ownership: Government - Hospital District or Authority. Emergency services listed by CMS: No. Coordinates from the U.S. Census Bureau batch geocoder (Exact address match). CMS quality ratings and measures were intentionally not copied. Daily hours, prices and insurance details were not supplied by this intake.",201301,Hospital General Information,2026-07-02,2026-07-02,needs_review,
cms-201302,LINCOLNHEALTH,hospital,35 MILES STREET,DAMARISCOTTA,ME,LINCOLN,04543,44.02660205378,-69.53040233388,(207) 563-1234,Emergency services,CMS Hospital General Information,https://data.cms.gov/provider-data/dataset/xubh-q36u,2026-07-02,"Fields copied from the official CMS Hospital General Information CSV: facility name, address, city, state, ZIP code, county, phone, hospital type, ownership and emergency services flag. Hospital type: Critical Access Hospitals. Ownership: Voluntary non-profit - Private. Emergency services listed by CMS: Yes. Coordinates from the U.S. Census Bureau batch geocoder (Exact address match). CMS quality ratings and measures were intentionally not copied. Daily hours, prices and insurance details were not supplied by this intake.",201302,Hospital General Information,2026-07-02,2026-07-02,needs_review,"{""services"":{""field"":""services"",""status"":""source_backed"",""sourceUrl"":""https://data.cms.gov/provider-data/dataset/xubh-q36u"",""sourceTitle"":""CMS Hospital General Information"",""checkedDate"":""2026-07-02"",""sourceType"":""federal_open_data"",""locationSpecific"":true,""reviewerNote"":""Emergency services flag copied from the official CMS Hospital General Information row for this facility.""}}"
cms-201303,PENOBSCOT VALLEY HOSPITAL,hospital,"7 TRANSALPINE ROAD, PO BOX 368",LINCOLN,ME,PENOBSCOT,04457,45.348171216774,-68.515835245657,(207) 794-3321,Emergency services,CMS Hospital General Information,https://data.cms.gov/provider-data/dataset/xubh-q36u,2026-07-02,"Fields copied from the official CMS Hospital General Information CSV: facility name, address, city, state, ZIP code, county, phone, hospital type, ownership and emergency services flag. Hospital type: Critical Access Hospitals. Ownership: Voluntary non-profit - Private. Emergency services listed by CMS: Yes. Coordinates from the U.S. Census Bureau batch geocoder (Non_Exact address match). CMS quality ratings and measures were intentionally not copied. Daily hours, prices and insurance details were not supplied by this intake.",201303,Hospital General Information,2026-07-02,2026-07-02,needs_review,"{""services"":{""field"":""services"",""status"":""source_backed"",""sourceUrl"":""https://data.cms.gov/provider-data/dataset/xubh-q36u"",""sourceTitle"":""CMS Hospital General Information"",""checkedDate"":""2026-07-02"",""sourceType"":""federal_open_data"",""locationSpecific"":true,""reviewerNote"":""Emergency services flag copied from the official CMS Hospital General Information row for this facility.""}}"
cms-201304,MOUNT DESERT ISLAND HOSPITAL,hospital,10 WAYMAN LANE,BAR HARBOR,ME,HANCOCK,04609,44.384467935034,-68.202366241825,(207) 288-5081,Emergency services,CMS Hospital General Information,https://data.cms.gov/provider-data/dataset/xubh-q36u,2026-07-02,"Fields copied from the official CMS Hospital General Information CSV: facility name, address, city, state, ZIP code, county, phone, hospital type, ownership and emergency services flag. Hospital type: Critical Access Hospitals. Ownership: Voluntary non-profit - Private. Emergency services listed by CMS: Yes. Coordinates from the U.S. Census Bureau batch geocoder (Exact address match). CMS quality ratings and measures were intentionally not copied. Daily hours, prices and insurance details were not supplied by this intake.",201304,Hospital General Information,2026-07-02,2026-07-02,needs_review,"{""services"":{""field"":""services"",""status"":""source_backed"",""sourceUrl"":""https://data.cms.gov/provider-data/dataset/xubh-q36u"",""sourceTitle"":""CMS Hospital General Information"",""checkedDate"":""2026-07-02"",""sourceType"":""federal_open_data"",""locationSpecific"":true,""reviewerNote"":""Emergency services flag copied from the official CMS Hospital General Information row for this facility.""}}"
cms-201305,CALAIS COMMUNITY HOSPITAL,hospital,24 HOSPITAL LANE,CALAIS,ME,WASHINGTON,04619,45.177962475917,-67.267037054374,(207) 454-7521,Emergency services,CMS Hospital General Information,https://data.cms.gov/provider-data/dataset/xubh-q36u,2026-07-02,"Fields copied from the official CMS Hospital General Information CSV: facility name, address, city, state, ZIP code, county, phone, hospital type, ownership and emergency services flag. Hospital type: Critical Access Hospitals. Ownership: Voluntary non-profit - Private. Emergency services listed by CMS: Yes. Coordinates from the U.S. Census Bureau batch geocoder (Exact address match). CMS quality ratings and measures were intentionally not copied. Daily hours, prices and insurance details were not supplied by this intake.",201305,Hospital General Information,2026-07-02,2026-07-02,needs_review,"{""services"":{""field"":""services"",""status"":""source_backed"",""sourceUrl"":""https://data.cms.gov/provider-data/dataset/xubh-q36u"",""sourceTitle"":""CMS Hospital General Information"",""checkedDate"":""2026-07-02"",""sourceType"":""federal_open_data"",""locationSpecific"":true,""reviewerNote"":""Emergency services flag copied from the official CMS Hospital General Information row for this facility.""}}"
cms-201306,RUMFORD  HOSPITAL,hospital,420 FRANKLIN STREET,RUMFORD,ME,OXFORD,04276,44.551525630944,-70.556818479163,(207) 369-1000,Emergency services,CMS Hospital General Information,https://data.cms.gov/provider-data/dataset/xubh-q36u,2026-07-02,"Fields copied from the official CMS Hospital General Information CSV: facility name, address, city, state, ZIP code, county, phone, hospital type, ownership and emergency services flag. Hospital type: Critical Access Hospitals. Ownership: Proprietary. Emergency services listed by CMS: Yes. Coordinates from the U.S. Census Bureau batch geocoder (Exact address match). CMS quality ratings and measures were intentionally not copied. Daily hours, prices and insurance details were not supplied by this intake.",201306,Hospital General Information,2026-07-02,2026-07-02,needs_review,"{""services"":{""field"":""services"",""status"":""source_backed"",""sourceUrl"":""https://data.cms.gov/provider-data/dataset/xubh-q36u"",""sourceTitle"":""CMS Hospital General Information"",""checkedDate"":""2026-07-02"",""sourceType"":""federal_open_data"",""locationSpecific"":true,""reviewerNote"":""Emergency services flag copied from the official CMS Hospital General Information row for this facility.""}}"
cms-201307,MILLINOCKET REGIONAL HOSPITAL,hospital,200 SOMERSET STREET,MILLINOCKET,ME,PENOBSCOT,04462,45.652689386255,-68.715131417399,(207) 723-5161,Emergency services,CMS Hospital General Information,https://data.cms.gov/provider-data/dataset/xubh-q36u,2026-07-02,"Fields copied from the official CMS Hospital General Information CSV: facility name, address, city, state, ZIP code, county, phone, hospital type, ownership and emergency services flag. Hospital type: Critical Access Hospitals. Ownership: Voluntary non-profit - Private. Emergency services listed by CMS: Yes. Coordinates from the U.S. Census Bureau batch geocoder (Exact address match). CMS quality ratings and measures were intentionally not copied. Daily hours, prices and insurance details were not supplied by this intake.",201307,Hospital General Information,2026-07-02,2026-07-02,needs_review,"{""services"":{""field"":""services"",""status"":""source_backed"",""sourceUrl"":""https://data.cms.gov/provider-data/dataset/xubh-q36u"",""sourceTitle"":""CMS Hospital General Information"",""checkedDate"":""2026-07-02"",""sourceType"":""federal_open_data"",""locationSpecific"":true,""reviewerNote"":""Emergency services flag copied from the official CMS Hospital General Information row for this facility.""}}"
cms-201308,HOULTON REGIONAL HOSPITAL,hospital,20 HARTFORD STREET,HOULTON,ME,AROOSTOOK,04730,46.132321600336,-67.842937400652,(207) 532-2900,Emergency services,CMS Hospital General Information,https://data.cms.gov/provider-data/dataset/xubh-q36u,2026-07-02,"Fields copied from the official CMS Hospital General Information CSV: facility name, address, city, state, ZIP code, county, phone, hospital type, ownership and emergency services flag. Hospital type: Critical Access Hospitals. Ownership: Voluntary non-profit - Private. Emergency services listed by CMS: Yes. Coordinates from the U.S. Census Bureau batch geocoder (Exact address match). CMS quality ratings and measures were intentionally not copied. Daily hours, prices and insurance details were not supplied by this intake.",201308,Hospital General Information,2026-07-02,2026-07-02,needs_review,"{""services"":{""field"":""services"",""status"":""source_backed"",""sourceUrl"":""https://data.cms.gov/provider-data/dataset/xubh-q36u"",""sourceTitle"":""CMS Hospital General Information"",""checkedDate"":""2026-07-02"",""sourceType"":""federal_open_data"",""locationSpecific"":true,""reviewerNote"":""Emergency services flag copied from the official CMS Hospital General Information row for this facility.""}}"
cms-201309,NORTHERN LIGHT MAYO HOSPITAL,hospital,897 WEST MAIN STREET,DOVER FOXCROFT,ME,PISCATAQUIS,04426,45.186633809551,-69.237867197769,(207) 564-4251,Emergency services,CMS Hospital General Information,https://data.cms.gov/provider-data/dataset/xubh-q36u,2026-07-02,"Fields copied from the official CMS Hospital General Information CSV: facility name, address, city, state, ZIP code, county, phone, hospital type, ownership and emergency services flag. Hospital type: Critical Access Hospitals. Ownership: Government - Hospital District or Authority. Emergency services listed by CMS: Yes. Coordinates from the U.S. Census Bureau batch geocoder (Exact address match). CMS quality ratings and measures were intentionally not copied. Daily hours, prices and insurance details were not supplied by this intake.",201309,Hospital General Information,2026-07-02,2026-07-02,needs_review,"{""services"":{""field"":""services"",""status"":""source_backed"",""sourceUrl"":""https://data.cms.gov/provider-data/dataset/xubh-q36u"",""sourceTitle"":""CMS Hospital General Information"",""checkedDate"":""2026-07-02"",""sourceType"":""federal_open_data"",""locationSpecific"":true,""reviewerNote"":""Emergency services flag copied from the official CMS Hospital General Information row for this facility.""}}"
cms-201310,BRIDGTON HOSPITAL,hospital,10 HOSPITAL DRIVE,BRIDGTON,ME,CUMBERLAND,04009,44.046737666612,-70.713830573473,(207) 647-6000,Emergency services,CMS Hospital General Information,https://data.cms.gov/provider-data/dataset/xubh-q36u,2026-07-02,"Fields copied from the official CMS Hospital General Information CSV: facility name, address, city, state, ZIP code, county, phone, hospital type, ownership and emergency services flag. Hospital type: Critical Access Hospitals. Ownership: Voluntary non-profit - Private. Emergency services listed by CMS: Yes. Coordinates from the U.S. Census Bureau batch geocoder (Exact address match). CMS quality ratings and measures were intentionally not copied. Daily hours, prices and insurance details were not supplied by this intake.",201310,Hospital General Information,2026-07-02,2026-07-02,needs_review,"{""services"":{""field"":""services"",""status"":""source_backed"",""sourceUrl"":""https://data.cms.gov/provider-data/dataset/xubh-q36u"",""sourceTitle"":""CMS Hospital General Information"",""checkedDate"":""2026-07-02"",""sourceType"":""federal_open_data"",""locationSpecific"":true,""reviewerNote"":""Emergency services flag copied from the official CMS Hospital General Information row for this facility.""}}"
cms-201313,NORTHERN LIGHT SEBASTICOOK VALLEY HOSPITAL,hospital,447 NORTH MAIN STREET,PITTSFIELD,ME,SOMERSET,04967,44.790706696236,-69.37165117011,(207) 487-5141,Emergency services,CMS Hospital General Information,https://data.cms.gov/provider-data/dataset/xubh-q36u,2026-07-02,"Fields copied from the official CMS Hospital General Information CSV: facility name, address, city, state, ZIP code, county, phone, hospital type, ownership and emergency services flag. Hospital type: Critical Access Hospitals. Ownership: Voluntary non-profit - Private. Emergency services listed by CMS: Yes. Coordinates from the U.S. Census Bureau batch geocoder (Exact address match). CMS quality ratings and measures were intentionally not copied. Daily hours, prices and insurance details were not supplied by this intake.",201313,Hospital General Information,2026-07-02,2026-07-02,needs_review,"{""services"":{""field"":""services"",""status"":""source_backed"",""sourceUrl"":""https://data.cms.gov/provider-data/dataset/xubh-q36u"",""sourceTitle"":""CMS Hospital General Information"",""checkedDate"":""2026-07-02"",""sourceType"":""federal_open_data"",""locationSpecific"":true,""reviewerNote"":""Emergency services flag copied from the official CMS Hospital General Information row for this facility.""}}"
cms-201314,REDINGTON FAIRVIEW GENERAL HOSPITAL,hospital,46 FAIRVIEW AVE   PO BOX 468,SKOWHEGAN,ME,SOMERSET,04976,44.759930024025,-69.715132481849,(207) 474-5121,Emergency services,CMS Hospital General Information,https://data.cms.gov/provider-data/dataset/xubh-q36u,2026-07-02,"Fields copied from the official CMS Hospital General Information CSV: facility name, address, city, state, ZIP code, county, phone, hospital type, ownership and emergency services flag. Hospital type: Critical Access Hospitals. Ownership: Voluntary non-profit - Private. Emergency services listed by CMS: Yes. Coordinates from the U.S. Census Bureau batch geocoder (Non_Exact address match). CMS quality ratings and measures were intentionally not copied. Daily hours, prices and insurance details were not supplied by this intake.",201314,Hospital General Information,2026-07-02,2026-07-02,needs_review,"{""services"":{""field"":""services"",""status"":""source_backed"",""sourceUrl"":""https://data.cms.gov/provider-data/dataset/xubh-q36u"",""sourceTitle"":""CMS Hospital General Information"",""checkedDate"":""2026-07-02"",""sourceType"":""federal_open_data"",""locationSpecific"":true,""reviewerNote"":""Emergency services flag copied from the official CMS Hospital General Information row for this facility.""}}"
cms-201315,MAINEHEALTH STEPHENS HOSPITAL,hospital,181 MAIN STREET,NORWAY,ME,OXFORD,04268,44.209568001835,-70.532876745314,(207) 743-5933,Emergency services,CMS Hospital General Information,https://data.cms.gov/provider-data/dataset/xubh-q36u,2026-07-02,"Fields copied from the official CMS Hospital General Information CSV: facility name, address, city, state, ZIP code, county, phone, hospital type, ownership and emergency services flag. Hospital type: Critical Access Hospitals. Ownership: Voluntary non-profit - Private. Emergency services listed by CMS: Yes. Coordinates from the U.S. Census Bureau batch geocoder (Exact address match). CMS quality ratings and measures were intentionally not copied. Daily hours, prices and insurance details were not supplied by this intake.",201315,Hospital General Information,2026-07-02,2026-07-02,needs_review,"{""services"":{""field"":""services"",""status"":""source_backed"",""sourceUrl"":""https://data.cms.gov/provider-data/dataset/xubh-q36u"",""sourceTitle"":""CMS Hospital General Information"",""checkedDate"":""2026-07-02"",""sourceType"":""federal_open_data"",""locationSpecific"":true,""reviewerNote"":""Emergency services flag copied from the official CMS Hospital General Information row for this facility.""}}"
cms-201316,MAINEHEALTH FRANKLIN HOSPITAL,hospital,111 FRANKLIN HEALTH COMMONS,FARMINGTON,ME,FRANKLIN,04938,44.626291430331,-70.161667868878,(207) 778-6031,Emergency services,CMS Hospital General Information,https://data.cms.gov/provider-data/dataset/xubh-q36u,2026-07-02,"Fields copied from the official CMS Hospital General Information CSV: facility name, address, city, state, ZIP code, county, phone, hospital type, ownership and emergency services flag. Hospital type: Critical Access Hospitals. Ownership: Voluntary non-profit - Private. Emergency services listed by CMS: Yes. Coordinates from the U.S. Census Bureau batch geocoder (Non_Exact address match). CMS quality ratings and measures were intentionally not copied. Daily hours, prices and insurance details were not supplied by this intake.",201316,Hospital General Information,2026-07-02,2026-07-02,needs_review,"{""services"":{""field"":""services"",""status"":""source_backed"",""sourceUrl"":""https://data.cms.gov/provider-data/dataset/xubh-q36u"",""sourceTitle"":""CMS Hospital General Information"",""checkedDate"":""2026-07-02"",""sourceType"":""federal_open_data"",""locationSpecific"":true,""reviewerNote"":""Emergency services flag copied from the official CMS Hospital General Information row for this facility.""}}"
cms-201317,NORTHERN MAINE MEDICAL CENTER,hospital,194 E MAIN STREET,FORT KENT,ME,AROOSTOOK,04743,47.265147344785,-68.591226769289,(207) 834-3195,Emergency services,CMS Hospital General Information,https://data.cms.gov/provider-data/dataset/xubh-q36u,2026-07-02,"Fields copied from the official CMS Hospital General Information CSV: facility name, address, city, state, ZIP code, county, phone, hospital type, ownership and emergency services flag. Hospital type: Critical Access Hospitals. Ownership: Voluntary non-profit - Private. Emergency services listed by CMS: Yes. Coordinates from the U.S. Census Bureau batch geocoder (Exact address match). CMS quality ratings and measures were intentionally not copied. Daily hours, prices and insurance details were not supplied by this intake.",201317,Hospital General Information,2026-07-02,2026-07-02,needs_review,"{""services"":{""field"":""services"",""status"":""source_backed"",""sourceUrl"":""https://data.cms.gov/provider-data/dataset/xubh-q36u"",""sourceTitle"":""CMS Hospital General Information"",""checkedDate"":""2026-07-02"",""sourceType"":""federal_open_data"",""locationSpecific"":true,""reviewerNote"":""Emergency services flag copied from the official CMS Hospital General Information row for this facility.""}}"
cms-204004,DOROTHEA DIX PSYCHIATRIC CENTER,hospital,656 STATE STREET,BANGOR,ME,PENOBSCOT,04401,44.812008347295,-68.7424434074,(207) 941-4000,,CMS Hospital General Information,https://data.cms.gov/provider-data/dataset/xubh-q36u,2026-07-02,"Fields copied from the official CMS Hospital General Information CSV: facility name, address, city, state, ZIP code, county, phone, hospital type, ownership and emergency services flag. Hospital type: Psychiatric. Ownership: Government - Local. Emergency services listed by CMS: No. Coordinates from the U.S. Census Bureau batch geocoder (Exact address match). CMS quality ratings and measures were intentionally not copied. Daily hours, prices and insurance details were not supplied by this intake.",204004,Hospital General Information,2026-07-02,2026-07-02,needs_review,
cms-204005,MAINEHEALTH BEHAVIORAL HEALTH AT SPRING HARBOR,hospital,123 ANDOVER ROAD,WESTBROOK,ME,CUMBERLAND,04092,43.652747722455,-70.341820867245,(207) 761-2200,Emergency services,CMS Hospital General Information,https://data.cms.gov/provider-data/dataset/xubh-q36u,2026-07-02,"Fields copied from the official CMS Hospital General Information CSV: facility name, address, city, state, ZIP code, county, phone, hospital type, ownership and emergency services flag. Hospital type: Psychiatric. Ownership: Government - Federal. Emergency services listed by CMS: Yes. Coordinates from the U.S. Census Bureau batch geocoder (Exact address match). CMS quality ratings and measures were intentionally not copied. Daily hours, prices and insurance details were not supplied by this intake.",204005,Hospital General Information,2026-07-02,2026-07-02,needs_review,"{""services"":{""field"":""services"",""status"":""source_backed"",""sourceUrl"":""https://data.cms.gov/provider-data/dataset/xubh-q36u"",""sourceTitle"":""CMS Hospital General Information"",""checkedDate"":""2026-07-02"",""sourceType"":""federal_open_data"",""locationSpecific"":true,""reviewerNote"":""Emergency services flag copied from the official CMS Hospital General Information row for this facility.""}}"
cms-204006,NORTHERN LIGHT ACADIA HOSPITAL,hospital,268 STILLWATER AVE,BANGOR,ME,PENOBSCOT,04401,44.819432891925,-68.762808449421,(207) 973-6100,,CMS Hospital General Information,https://data.cms.gov/provider-data/dataset/xubh-q36u,2026-07-02,"Fields copied from the official CMS Hospital General Information CSV: facility name, address, city, state, ZIP code, county, phone, hospital type, ownership and emergency services flag. Hospital type: Psychiatric. Ownership: Voluntary non-profit - Private. Emergency services listed by CMS: No. Coordinates from the U.S. Census Bureau batch geocoder (Exact address match). CMS quality ratings and measures were intentionally not copied. Daily hours, prices and insurance details were not supplied by this intake.",204006,Hospital General Information,2026-07-02,2026-07-02,needs_review,
cms-210001,MERITUS MEDICAL CENTER,hospital,11116 MEDICAL CAMPUS ROAD,HAGERSTOWN,MD,WASHINGTON,21742,39.622180768914,-77.68164970539,(240) 313-9500,Emergency services,CMS Hospital General Information,https://data.cms.gov/provider-data/dataset/xubh-q36u,2026-07-02,"Fields copied from the official CMS Hospital General Information CSV: facility name, address, city, state, ZIP code, county, phone, hospital type, ownership and emergency services flag. Hospital type: Acute Care Hospitals. Ownership: Voluntary non-profit - Private. Emergency services listed by CMS: Yes. Coordinates from the U.S. Census Bureau batch geocoder (Exact address match). CMS quality ratings and measures were intentionally not copied. Daily hours, prices and insurance details were not supplied by this intake.",210001,Hospital General Information,2026-07-02,2026-07-02,needs_review,"{""services"":{""field"":""services"",""status"":""source_backed"",""sourceUrl"":""https://data.cms.gov/provider-data/dataset/xubh-q36u"",""sourceTitle"":""CMS Hospital General Information"",""checkedDate"":""2026-07-02"",""sourceType"":""federal_open_data"",""locationSpecific"":true,""reviewerNote"":""Emergency services flag copied from the official CMS Hospital General Information row for this facility.""}}"
cms-210002,UNIVERSITY OF MARYLAND MEDICAL CENTER,hospital,22 SOUTH  GREENE STREET,BALTIMORE,MD,BALTIMORE CITY,21201,39.288488999595,-76.623726256749,(410) 328-8667,Emergency services,CMS Hospital General Information,https://data.cms.gov/provider-data/dataset/xubh-q36u,2026-07-02,"Fields copied from the official CMS Hospital General Information CSV: facility name, address, city, state, ZIP code, county, phone, hospital type, ownership and emergency services flag. Hospital type: Acute Care Hospitals. Ownership: Voluntary non-profit - Private. Emergency services listed by CMS: Yes. Coordinates from the U.S. Census Bureau batch geocoder (Exact address match). CMS quality ratings and measures were intentionally not copied. Daily hours, prices and insurance details were not supplied by this intake.",210002,Hospital General Information,2026-07-02,2026-07-02,needs_review,"{""services"":{""field"":""services"",""status"":""source_backed"",""sourceUrl"":""https://data.cms.gov/provider-data/dataset/xubh-q36u"",""sourceTitle"":""CMS Hospital General Information"",""checkedDate"":""2026-07-02"",""sourceType"":""federal_open_data"",""locationSpecific"":true,""reviewerNote"":""Emergency services flag copied from the official CMS Hospital General Information row for this facility.""}}"
cms-210003,UNIVERSITY OF MD CAPITAL REGION MEDICAL CENTER,hospital,901 NORTH HARRY S TRUMAN DRIVE,UPPER MARLBORO,MD,PRINCE GEORGES,20774,38.897247054492,-76.842108331149,(301) 618-2000,Emergency services,CMS Hospital General Information,https://data.cms.gov/provider-data/dataset/xubh-q36u,2026-07-02,"Fields copied from the official CMS Hospital General Information CSV: facility name, address, city, state, ZIP code, county, phone, hospital type, ownership and emergency services flag. Hospital type: Acute Care Hospitals. Ownership: Voluntary non-profit - Private. Emergency services listed by CMS: Yes. Coordinates from the U.S. Census Bureau batch geocoder (Non_Exact address match). CMS quality ratings and measures were intentionally not copied. Daily hours, prices and insurance details were not supplied by this intake.",210003,Hospital General Information,2026-07-02,2026-07-02,needs_review,"{""services"":{""field"":""services"",""status"":""source_backed"",""sourceUrl"":""https://data.cms.gov/provider-data/dataset/xubh-q36u"",""sourceTitle"":""CMS Hospital General Information"",""checkedDate"":""2026-07-02"",""sourceType"":""federal_open_data"",""locationSpecific"":true,""reviewerNote"":""Emergency services flag copied from the official CMS Hospital General Information row for this facility.""}}"
cms-210004,HOLY CROSS HOSPITAL,hospital,1500 FOREST GLEN ROAD,SILVER SPRING,MD,MONTGOMERY,20910,39.015953554914,-77.035260011672,(301) 754-7000,,CMS Hospital General Information,https://data.cms.gov/provider-data/dataset/xubh-q36u,2026-07-02,"Fields copied from the official CMS Hospital General Information CSV: facility name, address, city, state, ZIP code, county, phone, hospital type, ownership and emergency services flag. Hospital type: Acute Care Hospitals. Ownership: Voluntary non-profit - Church. Emergency services listed by CMS: No. Coordinates from the U.S. Census Bureau batch geocoder (Exact address match). CMS quality ratings and measures were intentionally not copied. Daily hours, prices and insurance details were not supplied by this intake.",210004,Hospital General Information,2026-07-02,2026-07-02,needs_review,
cms-210005,FREDERICK HEALTH HOSPITAL,hospital,400 WEST SEVENTH ST,FREDERICK,MD,FREDERICK,21701,39.423634904176,-77.413937392412,(240) 566-3300,Emergency services,CMS Hospital General Information,https://data.cms.gov/provider-data/dataset/xubh-q36u,2026-07-02,"Fields copied from the official CMS Hospital General Information CSV: facility name, address, city, state, ZIP code, county, phone, hospital type, ownership and emergency services flag. Hospital type: Acute Care Hospitals. Ownership: Voluntary non-profit - Private. Emergency services listed by CMS: Yes. Coordinates from the U.S. Census Bureau batch geocoder (Exact address match). CMS quality ratings and measures were intentionally not copied. Daily hours, prices and insurance details were not supplied by this intake.",210005,Hospital General Information,2026-07-02,2026-07-02,needs_review,"{""services"":{""field"":""services"",""status"":""source_backed"",""sourceUrl"":""https://data.cms.gov/provider-data/dataset/xubh-q36u"",""sourceTitle"":""CMS Hospital General Information"",""checkedDate"":""2026-07-02"",""sourceType"":""federal_open_data"",""locationSpecific"":true,""reviewerNote"":""Emergency services flag copied from the official CMS Hospital General Information row for this facility.""}}"
cms-210008,MERCY MEDICAL CENTER INC,hospital,301 SAINT PAUL PLACE,BALTIMORE,MD,BALTIMORE CITY,21202,39.292414116438,-76.613471443651,(410) 332-9237,Emergency services,CMS Hospital General Information,https://data.cms.gov/provider-data/dataset/xubh-q36u,2026-07-02,"Fields copied from the official CMS Hospital General Information CSV: facility name, address, city, state, ZIP code, county, phone, hospital type, ownership and emergency services flag. Hospital type: Acute Care Hospitals. Ownership: Voluntary non-profit - Church. Emergency services listed by CMS: Yes. Coordinates from the U.S. Census Bureau batch geocoder (Exact address match). CMS quality ratings and measures were intentionally not copied. Daily hours, prices and insurance details were not supplied by this intake.",210008,Hospital General Information,2026-07-02,2026-07-02,needs_review,"{""services"":{""field"":""services"",""status"":""source_backed"",""sourceUrl"":""https://data.cms.gov/provider-data/dataset/xubh-q36u"",""sourceTitle"":""CMS Hospital General Information"",""checkedDate"":""2026-07-02"",""sourceType"":""federal_open_data"",""locationSpecific"":true,""reviewerNote"":""Emergency services flag copied from the official CMS Hospital General Information row for this facility.""}}"
cms-210009,"JOHNS HOPKINS HOSPITAL, THE",hospital,600 NORTH  WOLFE STREET,BALTIMORE,MD,BALTIMORE CITY,21287,39.296923066038,-76.590856781226,(410) 955-9540,Emergency services,CMS Hospital General Information,https://data.cms.gov/provider-data/dataset/xubh-q36u,2026-07-02,"Fields copied from the official CMS Hospital General Information CSV: facility name, address, city, state, ZIP code, county, phone, hospital type, ownership and emergency services flag. Hospital type: Acute Care Hospitals. Ownership: Voluntary non-profit - Private. Emergency services listed by CMS: Yes. Coordinates from the U.S. Census Bureau batch geocoder (Non_Exact address match). CMS quality ratings and measures were intentionally not copied. Daily hours, prices and insurance details were not supplied by this intake.",210009,Hospital General Information,2026-07-02,2026-07-02,needs_review,"{""services"":{""field"":""services"",""status"":""source_backed"",""sourceUrl"":""https://data.cms.gov/provider-data/dataset/xubh-q36u"",""sourceTitle"":""CMS Hospital General Information"",""checkedDate"":""2026-07-02"",""sourceType"":""federal_open_data"",""locationSpecific"":true,""reviewerNote"":""Emergency services flag copied from the official CMS Hospital General Information row for this facility.""}}"
cms-210011,SAINT AGNES HOSPITAL,hospital,900 CATON AVENUE,BALTIMORE,MD,BALTIMORE CITY,21229,39.271146504635,-76.670040890529,(410) 368-6000,Emergency services,CMS Hospital General Information,https://data.cms.gov/provider-data/dataset/xubh-q36u,2026-07-02,"Fields copied from the official CMS Hospital General Information CSV: facility name, address, city, state, ZIP code, county, phone, hospital type, ownership and emergency services flag. Hospital type: Acute Care Hospitals. Ownership: Voluntary non-profit - Church. Emergency services listed by CMS: Yes. Coordinates from the U.S. Census Bureau batch geocoder (Non_Exact address match). CMS quality ratings and measures were intentionally not copied. Daily hours, prices and insurance details were not supplied by this intake.",210011,Hospital General Information,2026-07-02,2026-07-02,needs_review,"{""services"":{""field"":""services"",""status"":""source_backed"",""sourceUrl"":""https://data.cms.gov/provider-data/dataset/xubh-q36u"",""sourceTitle"":""CMS Hospital General Information"",""checkedDate"":""2026-07-02"",""sourceType"":""federal_open_data"",""locationSpecific"":true,""reviewerNote"":""Emergency services flag copied from the official CMS Hospital General Information row for this facility.""}}"
cms-210012,SINAI HOSPITAL OF BALTIMORE,hospital,2401 WEST BELVEDERE AVENUE,BALTIMORE,MD,BALTIMORE CITY,21215,39.354859003476,-76.662197488129,(410) 601-9000,Emergency services,CMS Hospital General Information,https://data.cms.gov/provider-data/dataset/xubh-q36u,2026-07-02,"Fields copied from the official CMS Hospital General Information CSV: facility name, address, city, state, ZIP code, county, phone, hospital type, ownership and emergency services flag. Hospital type: Acute Care Hospitals. Ownership: Voluntary non-profit - Private. Emergency services listed by CMS: Yes. Coordinates from the U.S. Census Bureau batch geocoder (Exact address match). CMS quality ratings and measures were intentionally not copied. Daily hours, prices and insurance details were not supplied by this intake.",210012,Hospital General Information,2026-07-02,2026-07-02,needs_review,"{""services"":{""field"":""services"",""status"":""source_backed"",""sourceUrl"":""https://data.cms.gov/provider-data/dataset/xubh-q36u"",""sourceTitle"":""CMS Hospital General Information"",""checkedDate"":""2026-07-02"",""sourceType"":""federal_open_data"",""locationSpecific"":true,""reviewerNote"":""Emergency services flag copied from the official CMS Hospital General Information row for this facility.""}}"
cms-210015,MEDSTAR FRANKLIN SQUARE MEDICAL CENTER,hospital,9000 FRANKLIN SQUARE DRIVE,ROSEDALE,MD,BALTIMORE,21237,39.350638117255,-76.481888222727,(443) 777-7850,Emergency services,CMS Hospital General Information,https://data.cms.gov/provider-data/dataset/xubh-q36u,2026-07-02,"Fields copied from the official CMS Hospital General Information CSV: facility name, address, city, state, ZIP code, county, phone, hospital type, ownership and emergency services flag. Hospital type: Acute Care Hospitals. Ownership: Voluntary non-profit - Private. Emergency services listed by CMS: Yes. Coordinates from the U.S. Census Bureau batch geocoder (Exact address match). CMS quality ratings and measures were intentionally not copied. Daily hours, prices and insurance details were not supplied by this intake.",210015,Hospital General Information,2026-07-02,2026-07-02,needs_review,"{""services"":{""field"":""services"",""status"":""source_backed"",""sourceUrl"":""https://data.cms.gov/provider-data/dataset/xubh-q36u"",""sourceTitle"":""CMS Hospital General Information"",""checkedDate"":""2026-07-02"",""sourceType"":""federal_open_data"",""locationSpecific"":true,""reviewerNote"":""Emergency services flag copied from the official CMS Hospital General Information row for this facility.""}}"
cms-210017,GARRETT REGIONAL MEDICAL CENTER,hospital,251 NORTH  FOURTH STREET,OAKLAND,MD,GARRETT,21550,39.413745135119,-79.402287438893,(301) 533-4173,Emergency services,CMS Hospital General Information,https://data.cms.gov/provider-data/dataset/xubh-q36u,2026-07-02,"Fields copied from the official CMS Hospital General Information CSV: facility name, address, city, state, ZIP code, county, phone, hospital type, ownership and emergency services flag. Hospital type: Acute Care Hospitals. Ownership: Voluntary non-profit - Private. Emergency services listed by CMS: Yes. Coordinates from the U.S. Census Bureau batch geocoder (Exact address match). CMS quality ratings and measures were intentionally not copied. Daily hours, prices and insurance details were not supplied by this intake.",210017,Hospital General Information,2026-07-02,2026-07-02,needs_review,"{""services"":{""field"":""services"",""status"":""source_backed"",""sourceUrl"":""https://data.cms.gov/provider-data/dataset/xubh-q36u"",""sourceTitle"":""CMS Hospital General Information"",""checkedDate"":""2026-07-02"",""sourceType"":""federal_open_data"",""locationSpecific"":true,""reviewerNote"":""Emergency services flag copied from the official CMS Hospital General Information row for this facility.""}}"
cms-210018,MEDSTAR MONTGOMERY MEDICAL CENTER,hospital,18101 PRINCE PHILIP DRIVE,OLNEY,MD,MONTGOMERY,20832,39.153588478138,-77.056673316646,(301) 774-8771,Emergency services,CMS Hospital General Information,https://data.cms.gov/provider-data/dataset/xubh-q36u,2026-07-02,"Fields copied from the official CMS Hospital General Information CSV: facility name, address, city, state, ZIP code, county, phone, hospital type, ownership and emergency services flag. Hospital type: Acute Care Hospitals. Ownership: Voluntary non-profit - Private. Emergency services listed by CMS: Yes. Coordinates from the U.S. Census Bureau batch geocoder (Exact address match). CMS quality ratings and measures were intentionally not copied. Daily hours, prices and insurance details were not supplied by this intake.",210018,Hospital General Information,2026-07-02,2026-07-02,needs_review,"{""services"":{""field"":""services"",""status"":""source_backed"",""sourceUrl"":""https://data.cms.gov/provider-data/dataset/xubh-q36u"",""sourceTitle"":""CMS Hospital General Information"",""checkedDate"":""2026-07-02"",""sourceType"":""federal_open_data"",""locationSpecific"":true,""reviewerNote"":""Emergency services flag copied from the official CMS Hospital General Information row for this facility.""}}"
cms-210019,"TIDALHEALTH PENINSULA REGIONAL, INC",hospital,100 EAST CARROLL AVENUE,SALISBURY,MD,WICOMICO,21801,38.363195843404,-75.597823392281,(410) 546-6400,Emergency services,CMS Hospital General Information,https://data.cms.gov/provider-data/dataset/xubh-q36u,2026-07-02,"Fields copied from the official CMS Hospital General Information CSV: facility name, address, city, state, ZIP code, county, phone, hospital type, ownership and emergency services flag. Hospital type: Acute Care Hospitals. Ownership: Voluntary non-profit - Private. Emergency services listed by CMS: Yes. Coordinates from the U.S. Census Bureau batch geocoder (Non_Exact address match). CMS quality ratings and measures were intentionally not copied. Daily hours, prices and insurance details were not supplied by this intake.",210019,Hospital General Information,2026-07-02,2026-07-02,needs_review,"{""services"":{""field"":""services"",""status"":""source_backed"",""sourceUrl"":""https://data.cms.gov/provider-data/dataset/xubh-q36u"",""sourceTitle"":""CMS Hospital General Information"",""checkedDate"":""2026-07-02"",""sourceType"":""federal_open_data"",""locationSpecific"":true,""reviewerNote"":""Emergency services flag copied from the official CMS Hospital General Information row for this facility.""}}"
cms-210022,SUBURBAN HOSPITAL,hospital,8600 OLD GEORGETOWN ROAD,BETHESDA,MD,MONTGOMERY,20814,38.996816879138,-77.109272039295,(301) 896-2576,Emergency services,CMS Hospital General Information,https://data.cms.gov/provider-data/dataset/xubh-q36u,2026-07-02,"Fields copied from the official CMS Hospital General Information CSV: facility name, address, city, state, ZIP code, county, phone, hospital type, ownership and emergency services flag. Hospital type: Acute Care Hospitals. Ownership: Voluntary non-profit - Private. Emergency services listed by CMS: Yes. Coordinates from the U.S. Census Bureau batch geocoder (Exact address match). CMS quality ratings and measures were intentionally not copied. Daily hours, prices and insurance details were not supplied by this intake.",210022,Hospital General Information,2026-07-02,2026-07-02,needs_review,"{""services"":{""field"":""services"",""status"":""source_backed"",""sourceUrl"":""https://data.cms.gov/provider-data/dataset/xubh-q36u"",""sourceTitle"":""CMS Hospital General Information"",""checkedDate"":""2026-07-02"",""sourceType"":""federal_open_data"",""locationSpecific"":true,""reviewerNote"":""Emergency services flag copied from the official CMS Hospital General Information row for this facility.""}}"
cms-210023,"LUMINIS HEALTH ANNE ARUNDEL MEDICAL CENTER, INC",hospital,2001 MEDICAL PARKWAY,ANNAPOLIS,MD,ANNE ARUNDEL,21401,38.990332219561,-76.534787210116,(443) 481-1000,Emergency services,CMS Hospital General Information,https://data.cms.gov/provider-data/dataset/xubh-q36u,2026-07-02,"Fields copied from the official CMS Hospital General Information CSV: facility name, address, city, state, ZIP code, county, phone, hospital type, ownership and emergency services flag. Hospital type: Acute Care Hospitals. Ownership: Voluntary non-profit - Private. Emergency services listed by CMS: Yes. Coordinates from the U.S. Census Bureau batch geocoder (Exact address match). CMS quality ratings and measures were intentionally not copied. Daily hours, prices and insurance details were not supplied by this intake.",210023,Hospital General Information,2026-07-02,2026-07-02,needs_review,"{""services"":{""field"":""services"",""status"":""source_backed"",""sourceUrl"":""https://data.cms.gov/provider-data/dataset/xubh-q36u"",""sourceTitle"":""CMS Hospital General Information"",""checkedDate"":""2026-07-02"",""sourceType"":""federal_open_data"",""locationSpecific"":true,""reviewerNote"":""Emergency services flag copied from the official CMS Hospital General Information row for this facility.""}}"
cms-210024,MEDSTAR UNION MEMORIAL HOSPITAL,hospital,201 EAST UNIVERSITY PARKWAY,BALTIMORE,MD,BALTIMORE CITY,21218,39.330307594484,-76.614385066627,(410) 554-2227,Emergency services,CMS Hospital General Information,https://data.cms.gov/provider-data/dataset/xubh-q36u,2026-07-02,"Fields copied from the official CMS Hospital General Information CSV: facility name, address, city, state, ZIP code, county, phone, hospital type, ownership and emergency services flag. Hospital type: Acute Care Hospitals. Ownership: Voluntary non-profit - Other. Emergency services listed by CMS: Yes. Coordinates from the U.S. Census Bureau batch geocoder (Exact address match). CMS quality ratings and measures were intentionally not copied. Daily hours, prices and insurance details were not supplied by this intake.",210024,Hospital General Information,2026-07-02,2026-07-02,needs_review,"{""services"":{""field"":""services"",""status"":""source_backed"",""sourceUrl"":""https://data.cms.gov/provider-data/dataset/xubh-q36u"",""sourceTitle"":""CMS Hospital General Information"",""checkedDate"":""2026-07-02"",""sourceType"":""federal_open_data"",""locationSpecific"":true,""reviewerNote"":""Emergency services flag copied from the official CMS Hospital General Information row for this facility.""}}"
cms-210027,WESTERN MARYLAND REGIONAL MEDICAL CENTER,hospital,12500 WILLOWBROOK ROAD,CUMBERLAND,MD,ALLEGANY,21502,39.649592199089,-78.732275384374,(240) 964-7000,Emergency services,CMS Hospital General Information,https://data.cms.gov/provider-data/dataset/xubh-q36u,2026-07-02,"Fields copied from the official CMS Hospital General Information CSV: facility name, address, city, state, ZIP code, county, phone, hospital type, ownership and emergency services flag. Hospital type: Acute Care Hospitals. Ownership: Voluntary non-profit - Private. Emergency services listed by CMS: Yes. Coordinates from the U.S. Census Bureau batch geocoder (Exact address match). CMS quality ratings and measures were intentionally not copied. Daily hours, prices and insurance details were not supplied by this intake.",210027,Hospital General Information,2026-07-02,2026-07-02,needs_review,"{""services"":{""field"":""services"",""status"":""source_backed"",""sourceUrl"":""https://data.cms.gov/provider-data/dataset/xubh-q36u"",""sourceTitle"":""CMS Hospital General Information"",""checkedDate"":""2026-07-02"",""sourceType"":""federal_open_data"",""locationSpecific"":true,""reviewerNote"":""Emergency services flag copied from the official CMS Hospital General Information row for this facility.""}}"
cms-210028,MEDSTAR SAINT MARY'S HOSPITAL,hospital,25500 POINT LOOKOUT ROAD,LEONARDTOWN,MD,ST. MARYS,20650,38.297562901603,-76.636313687925,(301) 475-6001,Emergency services,CMS Hospital General Information,https://data.cms.gov/provider-data/dataset/xubh-q36u,2026-07-02,"Fields copied from the official CMS Hospital General Information CSV: facility name, address, city, state, ZIP code, county, phone, hospital type, ownership and emergency services flag. Hospital type: Acute Care Hospitals. Ownership: Voluntary non-profit - Private. Emergency services listed by CMS: Yes. Coordinates from the U.S. Census Bureau batch geocoder (Exact address match). CMS quality ratings and measures were intentionally not copied. Daily hours, prices and insurance details were not supplied by this intake.",210028,Hospital General Information,2026-07-02,2026-07-02,needs_review,"{""services"":{""field"":""services"",""status"":""source_backed"",""sourceUrl"":""https://data.cms.gov/provider-data/dataset/xubh-q36u"",""sourceTitle"":""CMS Hospital General Information"",""checkedDate"":""2026-07-02"",""sourceType"":""federal_open_data"",""locationSpecific"":true,""reviewerNote"":""Emergency services flag copied from the official CMS Hospital General Information row for this facility.""}}"
cms-210029,JOHNS HOPKINS BAYVIEW MEDICAL CENTER,hospital,4940 EASTERN AVENUE,BALTIMORE,MD,BALTIMORE CITY,21224,39.287196939833,-76.554695204625,(410) 550-0123,Emergency services,CMS Hospital General Information,https://data.cms.gov/provider-data/dataset/xubh-q36u,2026-07-02,"Fields copied from the official CMS Hospital General Information CSV: facility name, address, city, state, ZIP code, county, phone, hospital type, ownership and emergency services flag. Hospital type: Acute Care Hospitals. Ownership: Voluntary non-profit - Private. Emergency services listed by CMS: Yes. Coordinates from the U.S. Census Bureau batch geocoder (Exact address match). CMS quality ratings and measures were intentionally not copied. Daily hours, prices and insurance details were not supplied by this intake.",210029,Hospital General Information,2026-07-02,2026-07-02,needs_review,"{""services"":{""field"":""services"",""status"":""source_backed"",""sourceUrl"":""https://data.cms.gov/provider-data/dataset/xubh-q36u"",""sourceTitle"":""CMS Hospital General Information"",""checkedDate"":""2026-07-02"",""sourceType"":""federal_open_data"",""locationSpecific"":true,""reviewerNote"":""Emergency services flag copied from the official CMS Hospital General Information row for this facility.""}}"
cms-210030,UNIVERSITY OF MD SHORE MEDICAL CTR AT CHESTERTOWN,hospital,100 BROWN STREET,CHESTERTOWN,MD,KENT,21620,39.216929725707,-76.065030975607,(410) 778-7668,Emergency services,CMS Hospital General Information,https://data.cms.gov/provider-data/dataset/xubh-q36u,2026-07-02,"Fields copied from the official CMS Hospital General Information CSV: facility name, address, city, state, ZIP code, county, phone, hospital type, ownership and emergency services flag. Hospital type: Acute Care Hospitals. Ownership: Voluntary non-profit - Private. Emergency services listed by CMS: Yes. Coordinates from the U.S. Census Bureau batch geocoder (Exact address match). CMS quality ratings and measures were intentionally not copied. Daily hours, prices and insurance details were not supplied by this intake.",210030,Hospital General Information,2026-07-02,2026-07-02,needs_review,"{""services"":{""field"":""services"",""status"":""source_backed"",""sourceUrl"":""https://data.cms.gov/provider-data/dataset/xubh-q36u"",""sourceTitle"":""CMS Hospital General Information"",""checkedDate"":""2026-07-02"",""sourceType"":""federal_open_data"",""locationSpecific"":true,""reviewerNote"":""Emergency services flag copied from the official CMS Hospital General Information row for this facility.""}}"
cms-210032,UNION HOSPITAL OF CECIL COUNTY,hospital,106 BOW STREET,ELKTON,MD,CECIL,21921,39.608459719724,-75.83119726116,(410) 392-7009,,CMS Hospital General Information,https://data.cms.gov/provider-data/dataset/xubh-q36u,2026-07-02,"Fields copied from the official CMS Hospital General Information CSV: facility name, address, city, state, ZIP code, county, phone, hospital type, ownership and emergency services flag. Hospital type: Acute Care Hospitals. Ownership: Voluntary non-profit - Private. Emergency services listed by CMS: No. Coordinates from the U.S. Census Bureau batch geocoder (Exact address match). CMS quality ratings and measures were intentionally not copied. Daily hours, prices and insurance details were not supplied by this intake.",210032,Hospital General Information,2026-07-02,2026-07-02,needs_review,
cms-210033,CARROLL HOSPITAL CENTER,hospital,200 MEMORIAL AVENUE,WESTMINSTER,MD,CARROLL,21157,39.557251055149,-76.989017836576,(410) 848-3000,Emergency services,CMS Hospital General Information,https://data.cms.gov/provider-data/dataset/xubh-q36u,2026-07-02,"Fields copied from the official CMS Hospital General Information CSV: facility name, address, city, state, ZIP code, county, phone, hospital type, ownership and emergency services flag. Hospital type: Acute Care Hospitals. Ownership: Voluntary non-profit - Private. Emergency services listed by CMS: Yes. Coordinates from the U.S. Census Bureau batch geocoder (Exact address match). CMS quality ratings and measures were intentionally not copied. Daily hours, prices and insurance details were not supplied by this intake.",210033,Hospital General Information,2026-07-02,2026-07-02,needs_review,"{""services"":{""field"":""services"",""status"":""source_backed"",""sourceUrl"":""https://data.cms.gov/provider-data/dataset/xubh-q36u"",""sourceTitle"":""CMS Hospital General Information"",""checkedDate"":""2026-07-02"",""sourceType"":""federal_open_data"",""locationSpecific"":true,""reviewerNote"":""Emergency services flag copied from the official CMS Hospital General Information row for this facility.""}}"
cms-210034,MEDSTAR HARBOR HOSPITAL,hospital,3001 SOUTH  HANOVER STREET,BALTIMORE,MD,BALTIMORE CITY,21225,39.251884720936,-76.615344771921,(410) 350-3201,,CMS Hospital General Information,https://data.cms.gov/provider-data/dataset/xubh-q36u,2026-07-02,"Fields copied from the official CMS Hospital General Information CSV: facility name, address, city, state, ZIP code, county, phone, hospital type, ownership and emergency services flag. Hospital type: Acute Care Hospitals. Ownership: Voluntary non-profit - Private. Emergency services listed by CMS: No. Coordinates from the U.S. Census Bureau batch geocoder (Exact address match). CMS quality ratings and measures were intentionally not copied. Daily hours, prices and insurance details were not supplied by this intake.",210034,Hospital General Information,2026-07-02,2026-07-02,needs_review,
cms-210035,UNIVERSITY OF MD CHARLES REGIONAL  MEDICAL CENTER,hospital,5 GARRETT AVENUE,LA PLATA,MD,CHARLES,20646,38.528599009476,-76.970363956033,(301) 609-4265,Emergency services,CMS Hospital General Information,https://data.cms.gov/provider-data/dataset/xubh-q36u,2026-07-02,"Fields copied from the official CMS Hospital General Information CSV: facility name, address, city, state, ZIP code, county, phone, hospital type, ownership and emergency services flag. Hospital type: Acute Care Hospitals. Ownership: Voluntary non-profit - Private. Emergency services listed by CMS: Yes. Coordinates from the U.S. Census Bureau batch geocoder (Exact address match). CMS quality ratings and measures were intentionally not copied. Daily hours, prices and insurance details were not supplied by this intake.",210035,Hospital General Information,2026-07-02,2026-07-02,needs_review,"{""services"":{""field"":""services"",""status"":""source_backed"",""sourceUrl"":""https://data.cms.gov/provider-data/dataset/xubh-q36u"",""sourceTitle"":""CMS Hospital General Information"",""checkedDate"":""2026-07-02"",""sourceType"":""federal_open_data"",""locationSpecific"":true,""reviewerNote"":""Emergency services flag copied from the official CMS Hospital General Information row for this facility.""}}"
cms-210037,UNIVERSITY OF MD SHORE MEDICAL CENTER AT EASTON,hospital,219 SOUTH  WASHINGTON STREET,EASTON,MD,TALBOT,21601,38.77007407558,-76.075924054205,(410) 822-1000,Emergency services,CMS Hospital General Information,https://data.cms.gov/provider-data/dataset/xubh-q36u,2026-07-02,"Fields copied from the official CMS Hospital General Information CSV: facility name, address, city, state, ZIP code, county, phone, hospital type, ownership and emergency services flag. Hospital type: Acute Care Hospitals. Ownership: Voluntary non-profit - Private. Emergency services listed by CMS: Yes. Coordinates from the U.S. Census Bureau batch geocoder (Exact address match). CMS quality ratings and measures were intentionally not copied. Daily hours, prices and insurance details were not supplied by this intake.",210037,Hospital General Information,2026-07-02,2026-07-02,needs_review,"{""services"":{""field"":""services"",""status"":""source_backed"",""sourceUrl"":""https://data.cms.gov/provider-data/dataset/xubh-q36u"",""sourceTitle"":""CMS Hospital General Information"",""checkedDate"":""2026-07-02"",""sourceType"":""federal_open_data"",""locationSpecific"":true,""reviewerNote"":""Emergency services flag copied from the official CMS Hospital General Information row for this facility.""}}"
cms-210038,UNIVERSITY OF MD MEDICAL CENTER MIDTOWN CAMPUS,hospital,827 LINDEN AVENUE,BALTIMORE,MD,BALTIMORE CITY,21201,39.30025554158,-76.620880416247,(410) 225-8996,Emergency services,CMS Hospital General Information,https://data.cms.gov/provider-data/dataset/xubh-q36u,2026-07-02,"Fields copied from the official CMS Hospital General Information CSV: facility name, address, city, state, ZIP code, county, phone, hospital type, ownership and emergency services flag. Hospital type: Acute Care Hospitals. Ownership: Voluntary non-profit - Other. Emergency services listed by CMS: Yes. Coordinates from the U.S. Census Bureau batch geocoder (Exact address match). CMS quality ratings and measures were intentionally not copied. Daily hours, prices and insurance details were not supplied by this intake.",210038,Hospital General Information,2026-07-02,2026-07-02,needs_review,"{""services"":{""field"":""services"",""status"":""source_backed"",""sourceUrl"":""https://data.cms.gov/provider-data/dataset/xubh-q36u"",""sourceTitle"":""CMS Hospital General Information"",""checkedDate"":""2026-07-02"",""sourceType"":""federal_open_data"",""locationSpecific"":true,""reviewerNote"":""Emergency services flag copied from the official CMS Hospital General Information row for this facility.""}}"
cms-210039,CALVERTHEALTH MEDICAL CENTER,hospital,100 HOSPITAL ROAD,PRINCE FREDERICK,MD,CALVERT,20678,38.56008844257,-76.598191863385,(410) 535-8240,Emergency services,CMS Hospital General Information,https://data.cms.gov/provider-data/dataset/xubh-q36u,2026-07-02,"Fields copied from the official CMS Hospital General Information CSV: facility name, address, city, state, ZIP code, county, phone, hospital type, ownership and emergency services flag. Hospital type: Acute Care Hospitals. Ownership: Voluntary non-profit - Other. Emergency services listed by CMS: Yes. Coordinates from the U.S. Census Bureau batch geocoder (Exact address match). CMS quality ratings and measures were intentionally not copied. Daily hours, prices and insurance details were not supplied by this intake.",210039,Hospital General Information,2026-07-02,2026-07-02,needs_review,"{""services"":{""field"":""services"",""status"":""source_backed"",""sourceUrl"":""https://data.cms.gov/provider-data/dataset/xubh-q36u"",""sourceTitle"":""CMS Hospital General Information"",""checkedDate"":""2026-07-02"",""sourceType"":""federal_open_data"",""locationSpecific"":true,""reviewerNote"":""Emergency services flag copied from the official CMS Hospital General Information row for this facility.""}}"
cms-210040,NORTHWEST HOSPITAL CENTER,hospital,5401 OLD COURT ROAD,RANDALLSTOWN,MD,BALTIMORE,21133,39.359678314991,-76.78172439024,(410) 521-2200,Emergency services,CMS Hospital General Information,https://data.cms.gov/provider-data/dataset/xubh-q36u,2026-07-02,"Fields copied from the official CMS Hospital General Information CSV: facility name, address, city, state, ZIP code, county, phone, hospital type, ownership and emergency services flag. Hospital type: Acute Care Hospitals. Ownership: Voluntary non-profit - Private. Emergency services listed by CMS: Yes. Coordinates from the U.S. Census Bureau batch geocoder (Exact address match). CMS quality ratings and measures were intentionally not copied. Daily hours, prices and insurance details were not supplied by this intake.",210040,Hospital General Information,2026-07-02,2026-07-02,needs_review,"{""services"":{""field"":""services"",""status"":""source_backed"",""sourceUrl"":""https://data.cms.gov/provider-data/dataset/xubh-q36u"",""sourceTitle"":""CMS Hospital General Information"",""checkedDate"":""2026-07-02"",""sourceType"":""federal_open_data"",""locationSpecific"":true,""reviewerNote"":""Emergency services flag copied from the official CMS Hospital General Information row for this facility.""}}"
cms-210043,UNIVERSITY OF MD BALTIMORE WASHINGTON MEDICAL CENTER,hospital,301 HOSPITAL DRIVE,GLEN BURNIE,MD,ANNE ARUNDEL,21061,39.13880998238,-76.622413251271,(410) 595-1967,Emergency services,CMS Hospital General Information,https://data.cms.gov/provider-data/dataset/xubh-q36u,2026-07-02,"Fields copied from the official CMS Hospital General Information CSV: facility name, address, city, state, ZIP code, county, phone, hospital type, ownership and emergency services flag. Hospital type: Acute Care Hospitals. Ownership: Voluntary non-profit - Other. Emergency services listed by CMS: Yes. Coordinates from the U.S. Census Bureau batch geocoder (Exact address match). CMS quality ratings and measures were intentionally not copied. Daily hours, prices and insurance details were not supplied by this intake.",210043,Hospital General Information,2026-07-02,2026-07-02,needs_review,"{""services"":{""field"":""services"",""status"":""source_backed"",""sourceUrl"":""https://data.cms.gov/provider-data/dataset/xubh-q36u"",""sourceTitle"":""CMS Hospital General Information"",""checkedDate"":""2026-07-02"",""sourceType"":""federal_open_data"",""locationSpecific"":true,""reviewerNote"":""Emergency services flag copied from the official CMS Hospital General Information row for this facility.""}}"
cms-210044,GREATER BALTIMORE MEDICAL CENTER,hospital,6701 NORTH  CHARLES STREET,BALTIMORE,MD,BALTIMORE,21204,39.39467991209,-76.627546746092,(443) 849-2000,Emergency services,CMS Hospital General Information,https://data.cms.gov/provider-data/dataset/xubh-q36u,2026-07-02,"Fields copied from the official CMS Hospital General Information CSV: facility name, address, city, state, ZIP code, county, phone, hospital type, ownership and emergency services flag. Hospital type: Acute Care Hospitals. Ownership: Voluntary non-profit - Private. Emergency services listed by CMS: Yes. Coordinates from the U.S. Census Bureau batch geocoder (Exact address match). CMS quality ratings and measures were intentionally not copied. Daily hours, prices and insurance details were not supplied by this intake.",210044,Hospital General Information,2026-07-02,2026-07-02,needs_review,"{""services"":{""field"":""services"",""status"":""source_backed"",""sourceUrl"":""https://data.cms.gov/provider-data/dataset/xubh-q36u"",""sourceTitle"":""CMS Hospital General Information"",""checkedDate"":""2026-07-02"",""sourceType"":""federal_open_data"",""locationSpecific"":true,""reviewerNote"":""Emergency services flag copied from the official CMS Hospital General Information row for this facility.""}}"
cms-210048,JOHNS HOPKINS HOWARD COUNTY MEDICAL CENTER,hospital,5755 CEDAR LANE,COLUMBIA,MD,HOWARD,21044,39.214959941585,-76.887233168713,(410) 740-7890,Emergency services,CMS Hospital General Information,https://data.cms.gov/provider-data/dataset/xubh-q36u,2026-07-02,"Fields copied from the official CMS Hospital General Information CSV: facility name, address, city, state, ZIP code, county, phone, hospital type, ownership and emergency services flag. Hospital type: Acute Care Hospitals. Ownership: Voluntary non-profit - Private. Emergency services listed by CMS: Yes. Coordinates from the U.S. Census Bureau batch geocoder (Exact address match). CMS quality ratings and measures were intentionally not copied. Daily hours, prices and insurance details were not supplied by this intake.",210048,Hospital General Information,2026-07-02,2026-07-02,needs_review,"{""services"":{""field"":""services"",""status"":""source_backed"",""sourceUrl"":""https://data.cms.gov/provider-data/dataset/xubh-q36u"",""sourceTitle"":""CMS Hospital General Information"",""checkedDate"":""2026-07-02"",""sourceType"":""federal_open_data"",""locationSpecific"":true,""reviewerNote"":""Emergency services flag copied from the official CMS Hospital General Information row for this facility.""}}"
cms-210049,UMD UPPER CHESAPEAKE MEDICAL CENTER,hospital,500 UPPER CHESAPEAKE DRIVE,BEL AIR,MD,HARFORD,21014,39.519516598446,-76.348324177615,(443) 643-3303,Emergency services,CMS Hospital General Information,https://data.cms.gov/provider-data/dataset/xubh-q36u,2026-07-02,"Fields copied from the official CMS Hospital General Information CSV: facility name, address, city, state, ZIP code, county, phone, hospital type, ownership and emergency services flag. Hospital type: Acute Care Hospitals. Ownership: Voluntary non-profit - Other. Emergency services listed by CMS: Yes. Coordinates from the U.S. Census Bureau batch geocoder (Exact address match). CMS quality ratings and measures were intentionally not copied. Daily hours, prices and insurance details were not supplied by this intake.",210049,Hospital General Information,2026-07-02,2026-07-02,needs_review,"{""services"":{""field"":""services"",""status"":""source_backed"",""sourceUrl"":""https://data.cms.gov/provider-data/dataset/xubh-q36u"",""sourceTitle"":""CMS Hospital General Information"",""checkedDate"":""2026-07-02"",""sourceType"":""federal_open_data"",""locationSpecific"":true,""reviewerNote"":""Emergency services flag copied from the official CMS Hospital General Information row for this facility.""}}"
cms-210051,"LUMINIS HEALTH DOCTORS COMMUNITY MEDICAL CTR, INC",hospital,8118 GOOD LUCK ROAD,LANHAM,MD,PRINCE GEORGES,20706,38.980479946307,-76.865592362416,(301) 552-8118,Emergency services,CMS Hospital General Information,https://data.cms.gov/provider-data/dataset/xubh-q36u,2026-07-02,"Fields copied from the official CMS Hospital General Information CSV: facility name, address, city, state, ZIP code, county, phone, hospital type, ownership and emergency services flag. Hospital type: Acute Care Hospitals. Ownership: Proprietary. Emergency services listed by CMS: Yes. Coordinates from the U.S. Census Bureau batch geocoder (Exact address match). CMS quality ratings and measures were intentionally not copied. Daily hours, prices and insurance details were not supplied by this intake.",210051,Hospital General Information,2026-07-02,2026-07-02,needs_review,"{""services"":{""field"":""services"",""status"":""source_backed"",""sourceUrl"":""https://data.cms.gov/provider-data/dataset/xubh-q36u"",""sourceTitle"":""CMS Hospital General Information"",""checkedDate"":""2026-07-02"",""sourceType"":""federal_open_data"",""locationSpecific"":true,""reviewerNote"":""Emergency services flag copied from the official CMS Hospital General Information row for this facility.""}}"
cms-210056,MEDSTAR GOOD SAMARITAN HOSPITAL,hospital,5601 LOCH RAVEN BOULEVARD,BALTIMORE,MD,BALTIMORE CITY,21239,39.358689903587,-76.588945822371,(443) 444-3902,Emergency services,CMS Hospital General Information,https://data.cms.gov/provider-data/dataset/xubh-q36u,2026-07-02,"Fields copied from the official CMS Hospital General Information CSV: facility name, address, city, state, ZIP code, county, phone, hospital type, ownership and emergency services flag. Hospital type: Acute Care Hospitals. Ownership: Voluntary non-profit - Other. Emergency services listed by CMS: Yes. Coordinates from the U.S. Census Bureau batch geocoder (Exact address match). CMS quality ratings and measures were intentionally not copied. Daily hours, prices and insurance details were not supplied by this intake.",210056,Hospital General Information,2026-07-02,2026-07-02,needs_review,"{""services"":{""field"":""services"",""status"":""source_backed"",""sourceUrl"":""https://data.cms.gov/provider-data/dataset/xubh-q36u"",""sourceTitle"":""CMS Hospital General Information"",""checkedDate"":""2026-07-02"",""sourceType"":""federal_open_data"",""locationSpecific"":true,""reviewerNote"":""Emergency services flag copied from the official CMS Hospital General Information row for this facility.""}}"
cms-210057,ADVENTIST HEALTHCARE SHADY GROVE MEDICAL CENTER,hospital,9901 MEDICAL CENTER DRIVE,ROCKVILLE,MD,MONTGOMERY,20850,39.096534976562,-77.198806365238,(240) 826-6517,Emergency services,CMS Hospital General Information,https://data.cms.gov/provider-data/dataset/xubh-q36u,2026-07-02,"Fields copied from the official CMS Hospital General Information CSV: facility name, address, city, state, ZIP code, county, phone, hospital type, ownership and emergency services flag. Hospital type: Acute Care Hospitals. Ownership: Voluntary non-profit - Private. Emergency services listed by CMS: Yes. Coordinates from the U.S. Census Bureau batch geocoder (Exact address match). CMS quality ratings and measures were intentionally not copied. Daily hours, prices and insurance details were not supplied by this intake.",210057,Hospital General Information,2026-07-02,2026-07-02,needs_review,"{""services"":{""field"":""services"",""status"":""source_backed"",""sourceUrl"":""https://data.cms.gov/provider-data/dataset/xubh-q36u"",""sourceTitle"":""CMS Hospital General Information"",""checkedDate"":""2026-07-02"",""sourceType"":""federal_open_data"",""locationSpecific"":true,""reviewerNote"":""Emergency services flag copied from the official CMS Hospital General Information row for this facility.""}}"
cms-210058,UMD REHABILITATION &  ORTHOPAEDIC INSTITUTE,hospital,2200 KERNAN DRIVE,BALTIMORE,MD,BALTIMORE,21207,39.312702600532,-76.71248853318,(410) 448-6701,,CMS Hospital General Information,https://data.cms.gov/provider-data/dataset/xubh-q36u,2026-07-02,"Fields copied from the official CMS Hospital General Information CSV: facility name, address, city, state, ZIP code, county, phone, hospital type, ownership and emergency services flag. Hospital type: Acute Care Hospitals. Ownership: Voluntary non-profit - Private. Emergency services listed by CMS: No. Coordinates from the U.S. Census Bureau batch geocoder (Exact address match). CMS quality ratings and measures were intentionally not copied. Daily hours, prices and insurance details were not supplied by this intake.",210058,Hospital General Information,2026-07-02,2026-07-02,needs_review,
cms-210060,ADVENTIST HEALTHCARE FORT WASHINGTON MEDICAL CTR,hospital,11711 LIVINGSTON ROAD,FORT WASHINGTON,MD,PRINCE GEORGES,20744,38.729059201848,-76.991832901282,(301) 292-7000,Emergency services,CMS Hospital General Information,https://data.cms.gov/provider-data/dataset/xubh-q36u,2026-07-02,"Fields copied from the official CMS Hospital General Information CSV: facility name, address, city, state, ZIP code, county, phone, hospital type, ownership and emergency services flag. Hospital type: Acute Care Hospitals. Ownership: Voluntary non-profit - Other. Emergency services listed by CMS: Yes. Coordinates from the U.S. Census Bureau batch geocoder (Exact address match). CMS quality ratings and measures were intentionally not copied. Daily hours, prices and insurance details were not supplied by this intake.",210060,Hospital General Information,2026-07-02,2026-07-02,needs_review,"{""services"":{""field"":""services"",""status"":""source_backed"",""sourceUrl"":""https://data.cms.gov/provider-data/dataset/xubh-q36u"",""sourceTitle"":""CMS Hospital General Information"",""checkedDate"":""2026-07-02"",""sourceType"":""federal_open_data"",""locationSpecific"":true,""reviewerNote"":""Emergency services flag copied from the official CMS Hospital General Information row for this facility.""}}"
cms-210061,ATLANTIC GENERAL HOSPITAL,hospital,9733 HEALTHWAY DRIVE,BERLIN,MD,WORCESTER,21811,38.337281484616,-75.21008179251,(410) 641-1100,Emergency services,CMS Hospital General Information,https://data.cms.gov/provider-data/dataset/xubh-q36u,2026-07-02,"Fields copied from the official CMS Hospital General Information CSV: facility name, address, city, state, ZIP code, county, phone, hospital type, ownership and emergency services flag. Hospital type: Acute Care Hospitals. Ownership: Voluntary non-profit - Private. Emergency services listed by CMS: Yes. Coordinates from the U.S. Census Bureau batch geocoder (Exact address match). CMS quality ratings and measures were intentionally not copied. Daily hours, prices and insurance details were not supplied by this intake.",210061,Hospital General Information,2026-07-02,2026-07-02,needs_review,"{""services"":{""field"":""services"",""status"":""source_backed"",""sourceUrl"":""https://data.cms.gov/provider-data/dataset/xubh-q36u"",""sourceTitle"":""CMS Hospital General Information"",""checkedDate"":""2026-07-02"",""sourceType"":""federal_open_data"",""locationSpecific"":true,""reviewerNote"":""Emergency services flag copied from the official CMS Hospital General Information row for this facility.""}}"
cms-210062,MEDSTAR SOUTHERN MARYLAND HOSPITAL CENTER,hospital,7503 SURRATTS ROAD,CLINTON,MD,PRINCE GEORGES,20735,38.750642861495,-76.876064039396,(301) 868-8000,Emergency services,CMS Hospital General Information,https://data.cms.gov/provider-data/dataset/xubh-q36u,2026-07-02,"Fields copied from the official CMS Hospital General Information CSV: facility name, address, city, state, ZIP code, county, phone, hospital type, ownership and emergency services flag. Hospital type: Acute Care Hospitals. Ownership: Voluntary non-profit - Private. Emergency services listed by CMS: Yes. Coordinates from the U.S. Census Bureau batch geocoder (Exact address match). CMS quality ratings and measures were intentionally not copied. Daily hours, prices and insurance details were not supplied by this intake.",210062,Hospital General Information,2026-07-02,2026-07-02,needs_review,"{""services"":{""field"":""services"",""status"":""source_backed"",""sourceUrl"":""https://data.cms.gov/provider-data/dataset/xubh-q36u"",""sourceTitle"":""CMS Hospital General Information"",""checkedDate"":""2026-07-02"",""sourceType"":""federal_open_data"",""locationSpecific"":true,""reviewerNote"":""Emergency services flag copied from the official CMS Hospital General Information row for this facility.""}}"
cms-210063,UNIVERSITY OF MD ST JOSEPH MEDICAL CENTER,hospital,7601 OSLER DRIVE,TOWSON,MD,BALTIMORE,21204,39.387966119278,-76.613167593351,(410) 337-1000,Emergency services,CMS Hospital General Information,https://data.cms.gov/provider-data/dataset/xubh-q36u,2026-07-02,"Fields copied from the official CMS Hospital General Information CSV: facility name, address, city, state, ZIP code, county, phone, hospital type, ownership and emergency services flag. Hospital type: Acute Care Hospitals. Ownership: Voluntary non-profit - Private. Emergency services listed by CMS: Yes. Coordinates from the U.S. Census Bureau batch geocoder (Exact address match). CMS quality ratings and measures were intentionally not copied. Daily hours, prices and insurance details were not supplied by this intake.",210063,Hospital General Information,2026-07-02,2026-07-02,needs_review,"{""services"":{""field"":""services"",""status"":""source_backed"",""sourceUrl"":""https://data.cms.gov/provider-data/dataset/xubh-q36u"",""sourceTitle"":""CMS Hospital General Information"",""checkedDate"":""2026-07-02"",""sourceType"":""federal_open_data"",""locationSpecific"":true,""reviewerNote"":""Emergency services flag copied from the official CMS Hospital General Information row for this facility.""}}"
cms-210064,LEVINDALE HEBREW GERIATRIC CENTER AND HOSPITAL,hospital,2434 WEST BELVEDERE AVENUE,BALTIMORE,MD,BALTIMORE CITY,21209,39.354169831667,-76.662945931239,(410) 601-2400,,CMS Hospital General Information,https://data.cms.gov/provider-data/dataset/xubh-q36u,2026-07-02,"Fields copied from the official CMS Hospital General Information CSV: facility name, address, city, state, ZIP code, county, phone, hospital type, ownership and emergency services flag. Hospital type: Acute Care Hospitals. Ownership: Voluntary non-profit - Private. Emergency services listed by CMS: No. Coordinates from the U.S. Census Bureau batch geocoder (Non_Exact address match). CMS quality ratings and measures were intentionally not copied. Daily hours, prices and insurance details were not supplied by this intake.",210064,Hospital General Information,2026-07-02,2026-07-02,needs_review,
cms-210065,HOLY CROSS GERMANTOWN HOSPITAL,hospital,19801 OBSERVATION DRIVE,GERMANTOWN,MD,MONTGOMERY,20876,39.179182947006,-77.242484530739,(301) 557-6020,Emergency services,CMS Hospital General Information,https://data.cms.gov/provider-data/dataset/xubh-q36u,2026-07-02,"Fields copied from the official CMS Hospital General Information CSV: facility name, address, city, state, ZIP code, county, phone, hospital type, ownership and emergency services flag. Hospital type: Acute Care Hospitals. Ownership: Voluntary non-profit - Private. Emergency services listed by CMS: Yes. Coordinates from the U.S. Census Bureau batch geocoder (Exact address match). CMS quality ratings and measures were intentionally not copied. Daily hours, prices and insurance details were not supplied by this intake.",210065,Hospital General Information,2026-07-02,2026-07-02,needs_review,"{""services"":{""field"":""services"",""status"":""source_backed"",""sourceUrl"":""https://data.cms.gov/provider-data/dataset/xubh-q36u"",""sourceTitle"":""CMS Hospital General Information"",""checkedDate"":""2026-07-02"",""sourceType"":""federal_open_data"",""locationSpecific"":true,""reviewerNote"":""Emergency services flag copied from the official CMS Hospital General Information row for this facility.""}}"
cms-21020f,VA MARYLAND HEALTHCARE SYSTEM - BALTIMORE,hospital,10 NORTH GREENE STREET,BALTIMORE,MD,BALTIMORE CITY,21201,39.28932352186,-76.623775569091,(410) 605-7016,Emergency services,CMS Hospital General Information,https://data.cms.gov/provider-data/dataset/xubh-q36u,2026-07-02,"Fields copied from the official CMS Hospital General Information CSV: facility name, address, city, state, ZIP code, county, phone, hospital type, ownership and emergency services flag. Hospital type: Acute Care - Veterans Administration. Ownership: Veterans Health Administration. Emergency services listed by CMS: Yes. Coordinates from the U.S. Census Bureau batch geocoder (Exact address match). CMS quality ratings and measures were intentionally not copied. Daily hours, prices and insurance details were not supplied by this intake.",21020F,Hospital General Information,2026-07-02,2026-07-02,needs_review,"{""services"":{""field"":""services"",""status"":""source_backed"",""sourceUrl"":""https://data.cms.gov/provider-data/dataset/xubh-q36u"",""sourceTitle"":""CMS Hospital General Information"",""checkedDate"":""2026-07-02"",""sourceType"":""federal_open_data"",""locationSpecific"":true,""reviewerNote"":""Emergency services flag copied from the official CMS Hospital General Information row for this facility.""}}"
cms-213300,MOUNT WASHINGTON PEDIATRIC HOSPITAL,hospital,1708 WEST ROGERS AVENUE,BALTIMORE,MD,BALTIMORE CITY,21209,39.362151954069,-76.653512670113,(410) 578-5050,,CMS Hospital General Information,https://data.cms.gov/provider-data/dataset/xubh-q36u,2026-07-02,"Fields copied from the official CMS Hospital General Information CSV: facility name, address, city, state, ZIP code, county, phone, hospital type, ownership and emergency services flag. Hospital type: Childrens. Ownership: Voluntary non-profit - Private. Emergency services listed by CMS: No. Coordinates from the U.S. Census Bureau batch geocoder (Exact address match). CMS quality ratings and measures were intentionally not copied. Daily hours, prices and insurance details were not supplied by this intake.",213300,Hospital General Information,2026-07-02,2026-07-02,needs_review,
cms-213301,KENNEDY KRIEGER INSTITUTE,hospital,707 NORTH  BROADWAY,BALTIMORE,MD,BALTIMORE CITY,21205,39.29849493289,-76.594341604472,(443) 923-9301,Emergency services,CMS Hospital General Information,https://data.cms.gov/provider-data/dataset/xubh-q36u,2026-07-02,"Fields copied from the official CMS Hospital General Information CSV: facility name, address, city, state, ZIP code, county, phone, hospital type, ownership and emergency services flag. Hospital type: Childrens. Ownership: Voluntary non-profit - Private. Emergency services listed by CMS: Yes. Coordinates from the U.S. Census Bureau batch geocoder (Exact address match). CMS quality ratings and measures were intentionally not copied. Daily hours, prices and insurance details were not supplied by this intake.",213301,Hospital General Information,2026-07-02,2026-07-02,needs_review,"{""services"":{""field"":""services"",""status"":""source_backed"",""sourceUrl"":""https://data.cms.gov/provider-data/dataset/xubh-q36u"",""sourceTitle"":""CMS Hospital General Information"",""checkedDate"":""2026-07-02"",""sourceType"":""federal_open_data"",""locationSpecific"":true,""reviewerNote"":""Emergency services flag copied from the official CMS Hospital General Information row for this facility.""}}"
cms-214000,"SHEPPARD AND ENOCH PRATT HOSPITAL, THE",hospital,6501 NORTH  CHARLES STREET,BALTIMORE,MD,BALTIMORE,21204,39.388085799981,-76.624358892211,(410) 938-3401,,CMS Hospital General Information,https://data.cms.gov/provider-data/dataset/xubh-q36u,2026-07-02,"Fields copied from the official CMS Hospital General Information CSV: facility name, address, city, state, ZIP code, county, phone, hospital type, ownership and emergency services flag. Hospital type: Psychiatric. Ownership: Voluntary non-profit - Private. Emergency services listed by CMS: No. Coordinates from the U.S. Census Bureau batch geocoder (Exact address match). CMS quality ratings and measures were intentionally not copied. Daily hours, prices and insurance details were not supplied by this intake.",214000,Hospital General Information,2026-07-02,2026-07-02,needs_review,
cms-214002,EASTERN SHORE HOSPITAL CENTER,hospital,5262 WOODS ROAD,CAMBRIDGE,MD,DORCHESTER,21613,38.541644404797,-76.063541663281,(410) 221-2525,,CMS Hospital General Information,https://data.cms.gov/provider-data/dataset/xubh-q36u,2026-07-02,"Fields copied from the official CMS Hospital General Information CSV: facility name, address, city, state, ZIP code, county, phone, hospital type, ownership and emergency services flag. Hospital type: Psychiatric. Ownership: Government - State. Emergency services listed by CMS: No. Coordinates from the U.S. Census Bureau batch geocoder (Exact address match). CMS quality ratings and measures were intentionally not copied. Daily hours, prices and insurance details were not supplied by this intake.",214002,Hospital General Information,2026-07-02,2026-07-02,needs_review,
cms-214003,BROOK LANE HEALTH SERVICES,hospital,13215  BROOK LANE DRIVE,HAGERSTOWN,MD,WASHINGTON,21742,39.677346332677,-77.610108387767,(301) 733-0330,,CMS Hospital General Information,https://data.cms.gov/provider-data/dataset/xubh-q36u,2026-07-02,"Fields copied from the official CMS Hospital General Information CSV: facility name, address, city, state, ZIP code, county, phone, hospital type, ownership and emergency services flag. Hospital type: Psychiatric. Ownership: Voluntary non-profit - Private. Emergency services listed by CMS: No. Coordinates from the U.S. Census Bureau batch geocoder (Exact address match). CMS quality ratings and measures were intentionally not copied. Daily hours, prices and insurance details were not supplied by this intake.",214003,Hospital General Information,2026-07-02,2026-07-02,needs_review,
cms-214004,SPRINGFIELD HOSPITAL CENTER,hospital,6655 SYKESVILLE ROAD,SYKESVILLE,MD,CARROLL,21784,39.39205527391,-76.959975340396,(410) 970-7000,,CMS Hospital General Information,https://data.cms.gov/provider-data/dataset/xubh-q36u,2026-07-02,"Fields copied from the official CMS Hospital General Information CSV: facility name, address, city, state, ZIP code, county, phone, hospital type, ownership and emergency services flag. Hospital type: Psychiatric. Ownership: Government - State. Emergency services listed by CMS: No. Coordinates from the U.S. Census Bureau batch geocoder (Exact address match). CMS quality ratings and measures were intentionally not copied. Daily hours, prices and insurance details were not supplied by this intake.",214004,Hospital General Information,2026-07-02,2026-07-02,needs_review,
cms-214012,THOMAS B FINAN CENTER,hospital,"10102 COUNTRY CLUB ROAD,  POST OFFICE BOX 1722",CUMBERLAND,MD,ALLEGANY,21502,39.657342398632,-78.739006109616,(301) 777-2240,,CMS Hospital General Information,https://data.cms.gov/provider-data/dataset/xubh-q36u,2026-07-02,"Fields copied from the official CMS Hospital General Information CSV: facility name, address, city, state, ZIP code, county, phone, hospital type, ownership and emergency services flag. Hospital type: Psychiatric. Ownership: Government - Local. Emergency services listed by CMS: No. Coordinates from the U.S. Census Bureau batch geocoder (Non_Exact address match). CMS quality ratings and measures were intentionally not copied. Daily hours, prices and insurance details were not supplied by this intake.",214012,Hospital General Information,2026-07-02,2026-07-02,needs_review,
cms-214018,SPRING GROVE HOSPITAL CENTER,hospital,55 WADE AVENUE,CATONSVILLE,MD,BALTIMORE,21228,39.268653900548,-76.723452932928,(410) 402-6000,,CMS Hospital General Information,https://data.cms.gov/provider-data/dataset/xubh-q36u,2026-07-02,"Fields copied from the official CMS Hospital General Information CSV: facility name, address, city, state, ZIP code, county, phone, hospital type, ownership and emergency services flag. Hospital type: Psychiatric. Ownership: Government - State. Emergency services listed by CMS: No. Coordinates from the U.S. Census Bureau batch geocoder (Exact address match). CMS quality ratings and measures were intentionally not copied. Daily hours, prices and insurance details were not supplied by this intake.",214018,Hospital General Information,2026-07-02,2026-07-02,needs_review,
cms-214020,LUMINIS HEALTH J KENT MCNEW FAMILY MEDICAL CENTER,hospital,175 HARRY S TRUMAN PARKWAY,ANNAPOLIS,MD,ANNE ARUNDEL,21401,38.977372934791,-76.556328457779,(443) 481-1000,Emergency services,CMS Hospital General Information,https://data.cms.gov/provider-data/dataset/xubh-q36u,2026-07-02,"Fields copied from the official CMS Hospital General Information CSV: facility name, address, city, state, ZIP code, county, phone, hospital type, ownership and emergency services flag. Hospital type: Psychiatric. Ownership: Voluntary non-profit - Private. Emergency services listed by CMS: Yes. Coordinates from the U.S. Census Bureau batch geocoder (Exact address match). CMS quality ratings and measures were intentionally not copied. Daily hours, prices and insurance details were not supplied by this intake.",214020,Hospital General Information,2026-07-02,2026-07-02,needs_review,"{""services"":{""field"":""services"",""status"":""source_backed"",""sourceUrl"":""https://data.cms.gov/provider-data/dataset/xubh-q36u"",""sourceTitle"":""CMS Hospital General Information"",""checkedDate"":""2026-07-02"",""sourceType"":""federal_open_data"",""locationSpecific"":true,""reviewerNote"":""Emergency services flag copied from the official CMS Hospital General Information row for this facility.""}}"
cms-220001,UMASS MEMORIAL HEALTHALLIANCE HOSPITALS,hospital,60 HOSPITAL ROAD,LEOMINSTER,MA,WORCESTER,01453,42.541517982243,-71.762910756508,(978) 466-2000,Emergency services,CMS Hospital General Information,https://data.cms.gov/provider-data/dataset/xubh-q36u,2026-07-02,"Fields copied from the official CMS Hospital General Information CSV: facility name, address, city, state, ZIP code, county, phone, hospital type, ownership and emergency services flag. Hospital type: Acute Care Hospitals. Ownership: Voluntary non-profit - Other. Emergency services listed by CMS: Yes. Coordinates from the U.S. Census Bureau batch geocoder (Exact address match). CMS quality ratings and measures were intentionally not copied. Daily hours, prices and insurance details were not supplied by this intake.",220001,Hospital General Information,2026-07-02,2026-07-02,needs_review,"{""services"":{""field"":""services"",""status"":""source_backed"",""sourceUrl"":""https://data.cms.gov/provider-data/dataset/xubh-q36u"",""sourceTitle"":""CMS Hospital General Information"",""checkedDate"":""2026-07-02"",""sourceType"":""federal_open_data"",""locationSpecific"":true,""reviewerNote"":""Emergency services flag copied from the official CMS Hospital General Information row for this facility.""}}"
cms-220002,MOUNT AUBURN HOSPITAL,hospital,330 MOUNT AUBURN STREET,CAMBRIDGE,MA,MIDDLESEX,02138,42.374801064511,-71.133140203692,(617) 492-3500,Emergency services,CMS Hospital General Information,https://data.cms.gov/provider-data/dataset/xubh-q36u,2026-07-02,"Fields copied from the official CMS Hospital General Information CSV: facility name, address, city, state, ZIP code, county, phone, hospital type, ownership and emergency services flag. Hospital type: Acute Care Hospitals. Ownership: Voluntary non-profit - Private. Emergency services listed by CMS: Yes. Coordinates from the U.S. Census Bureau batch geocoder (Exact address match). CMS quality ratings and measures were intentionally not copied. Daily hours, prices and insurance details were not supplied by this intake.",220002,Hospital General Information,2026-07-02,2026-07-02,needs_review,"{""services"":{""field"":""services"",""status"":""source_backed"",""sourceUrl"":""https://data.cms.gov/provider-data/dataset/xubh-q36u"",""sourceTitle"":""CMS Hospital General Information"",""checkedDate"":""2026-07-02"",""sourceType"":""federal_open_data"",""locationSpecific"":true,""reviewerNote"":""Emergency services flag copied from the official CMS Hospital General Information row for this facility.""}}"
cms-220008,STURDY MEMORIAL HOSPITAL,hospital,211 PARK STREET,ATTLEBORO,MA,BRISTOL,02703,41.942672069392,-71.27552409751,(508) 222-5200,Emergency services,CMS Hospital General Information,https://data.cms.gov/provider-data/dataset/xubh-q36u,2026-07-02,"Fields copied from the official CMS Hospital General Information CSV: facility name, address, city, state, ZIP code, county, phone, hospital type, ownership and emergency services flag. Hospital type: Acute Care Hospitals. Ownership: Voluntary non-profit - Other. Emergency services listed by CMS: Yes. Coordinates from the U.S. Census Bureau batch geocoder (Exact address match). CMS quality ratings and measures were intentionally not copied. Daily hours, prices and insurance details were not supplied by this intake.",220008,Hospital General Information,2026-07-02,2026-07-02,needs_review,"{""services"":{""field"":""services"",""status"":""source_backed"",""sourceUrl"":""https://data.cms.gov/provider-data/dataset/xubh-q36u"",""sourceTitle"":""CMS Hospital General Information"",""checkedDate"":""2026-07-02"",""sourceType"":""federal_open_data"",""locationSpecific"":true,""reviewerNote"":""Emergency services flag copied from the official CMS Hospital General Information row for this facility.""}}"
cms-220010,MERRIMACK HEALTH LAWRENCE HOSPITAL,hospital,ONE GENERAL STREET,LAWRENCE,MA,ESSEX,01841,42.709078092267,-71.147974288491,(978) 683-4000,Emergency services,CMS Hospital General Information,https://data.cms.gov/provider-data/dataset/xubh-q36u,2026-07-02,"Fields copied from the official CMS Hospital General Information CSV: facility name, address, city, state, ZIP code, county, phone, hospital type, ownership and emergency services flag. Hospital type: Acute Care Hospitals. Ownership: Voluntary non-profit - Private. Emergency services listed by CMS: Yes. Coordinates from the U.S. Census Bureau batch geocoder (Exact address match). CMS quality ratings and measures were intentionally not copied. Daily hours, prices and insurance details were not supplied by this intake.",220010,Hospital General Information,2026-07-02,2026-07-02,needs_review,"{""services"":{""field"":""services"",""status"":""source_backed"",""sourceUrl"":""https://data.cms.gov/provider-data/dataset/xubh-q36u"",""sourceTitle"":""CMS Hospital General Information"",""checkedDate"":""2026-07-02"",""sourceType"":""federal_open_data"",""locationSpecific"":true,""reviewerNote"":""Emergency services flag copied from the official CMS Hospital General Information row for this facility.""}}"
cms-220011,CAMBRIDGE HEALTH ALLIANCE,hospital,1493 CAMBRIDGE STREET,CAMBRIDGE,MA,MIDDLESEX,02139,42.374136675956,-71.103486850962,(617) 665-1000,Emergency services,CMS Hospital General Information,https://data.cms.gov/provider-data/dataset/xubh-q36u,2026-07-02,"Fields copied from the official CMS Hospital General Information CSV: facility name, address, city, state, ZIP code, county, phone, hospital type, ownership and emergency services flag. Hospital type: Acute Care Hospitals. Ownership: Government - Local. Emergency services listed by CMS: Yes. Coordinates from the U.S. Census Bureau batch geocoder (Exact address match). CMS quality ratings and measures were intentionally not copied. Daily hours, prices and insurance details were not supplied by this intake.",220011,Hospital General Information,2026-07-02,2026-07-02,needs_review,"{""services"":{""field"":""services"",""status"":""source_backed"",""sourceUrl"":""https://data.cms.gov/provider-data/dataset/xubh-q36u"",""sourceTitle"":""CMS Hospital General Information"",""checkedDate"":""2026-07-02"",""sourceType"":""federal_open_data"",""locationSpecific"":true,""reviewerNote"":""Emergency services flag copied from the official CMS Hospital General Information row for this facility.""}}"
cms-220012,CAPE COD HOSPITAL,hospital,27 PARK STREET,HYANNIS,MA,BARNSTABLE,02601,41.65461995166,-70.27355068503,(508) 771-1800,Emergency services,CMS Hospital General Information,https://data.cms.gov/provider-data/dataset/xubh-q36u,2026-07-02,"Fields copied from the official CMS Hospital General Information CSV: facility name, address, city, state, ZIP code, county, phone, hospital type, ownership and emergency services flag. Hospital type: Acute Care Hospitals. Ownership: Voluntary non-profit - Private. Emergency services listed by CMS: Yes. Coordinates from the U.S. Census Bureau batch geocoder (Exact address match). CMS quality ratings and measures were intentionally not copied. Daily hours, prices and insurance details were not supplied by this intake.",220012,Hospital General Information,2026-07-02,2026-07-02,needs_review,"{""services"":{""field"":""services"",""status"":""source_backed"",""sourceUrl"":""https://data.cms.gov/provider-data/dataset/xubh-q36u"",""sourceTitle"":""CMS Hospital General Information"",""checkedDate"":""2026-07-02"",""sourceType"":""federal_open_data"",""locationSpecific"":true,""reviewerNote"":""Emergency services flag copied from the official CMS Hospital General Information row for this facility.""}}"
cms-220015,"COOLEY DICKINSON HOSPITAL INC,THE",hospital,30 LOCUST STREET,NORTHAMPTON,MA,HAMPSHIRE,01061,42.33297142863,-72.657998986865,(413) 582-2000,Emergency services,CMS Hospital General Information,https://data.cms.gov/provider-data/dataset/xubh-q36u,2026-07-02,"Fields copied from the official CMS Hospital General Information CSV: facility name, address, city, state, ZIP code, county, phone, hospital type, ownership and emergency services flag. Hospital type: Acute Care Hospitals. Ownership: Voluntary non-profit - Private. Emergency services listed by CMS: Yes. Coordinates from the U.S. Census Bureau batch geocoder (Non_Exact address match). CMS quality ratings and measures were intentionally not copied. Daily hours, prices and insurance details were not supplied by this intake.",220015,Hospital General Information,2026-07-02,2026-07-02,needs_review,"{""services"":{""field"":""services"",""status"":""source_backed"",""sourceUrl"":""https://data.cms.gov/provider-data/dataset/xubh-q36u"",""sourceTitle"":""CMS Hospital General Information"",""checkedDate"":""2026-07-02"",""sourceType"":""federal_open_data"",""locationSpecific"":true,""reviewerNote"":""Emergency services flag copied from the official CMS Hospital General Information row for this facility.""}}"
cms-220016,BAYSTATE FRANKLIN MEDICAL CENTER,hospital,164 HIGH STREET,GREENFIELD,MA,FRANKLIN,01301,42.596200672938,-72.590706470831,(413) 773-0211,Emergency services,CMS Hospital General Information,https://data.cms.gov/provider-data/dataset/xubh-q36u,2026-07-02,"Fields copied from the official CMS Hospital General Information CSV: facility name, address, city, state, ZIP code, county, phone, hospital type, ownership and emergency services flag. Hospital type: Acute Care Hospitals. Ownership: Voluntary non-profit - Private. Emergency services listed by CMS: Yes. Coordinates from the U.S. Census Bureau batch geocoder (Exact address match). CMS quality ratings and measures were intentionally not copied. Daily hours, prices and insurance details were not supplied by this intake.",220016,Hospital General Information,2026-07-02,2026-07-02,needs_review,"{""services"":{""field"":""services"",""status"":""source_backed"",""sourceUrl"":""https://data.cms.gov/provider-data/dataset/xubh-q36u"",""sourceTitle"":""CMS Hospital General Information"",""checkedDate"":""2026-07-02"",""sourceType"":""federal_open_data"",""locationSpecific"":true,""reviewerNote"":""Emergency services flag copied from the official CMS Hospital General Information row for this facility.""}}"
cms-220017,CARNEY HOSPITAL,hospital,2100 DORCHESTER AVENUE,BOSTON,MA,SUFFOLK,02124,42.278717244273,-71.066185718368,(617) 506-2000,Emergency services,CMS Hospital General Information,https://data.cms.gov/provider-data/dataset/xubh-q36u,2026-07-02,"Fields copied from the official CMS Hospital General Information CSV: facility name, address, city, state, ZIP code, county, phone, hospital type, ownership and emergency services flag. Hospital type: Acute Care Hospitals. Ownership: Proprietary. Emergency services listed by CMS: Yes. Coordinates from the U.S. Census Bureau batch geocoder (Exact address match). CMS quality ratings and measures were intentionally not copied. Daily hours, prices and insurance details were not supplied by this intake.",220017,Hospital General Information,2026-07-02,2026-07-02,needs_review,"{""services"":{""field"":""services"",""status"":""source_backed"",""sourceUrl"":""https://data.cms.gov/provider-data/dataset/xubh-q36u"",""sourceTitle"":""CMS Hospital General Information"",""checkedDate"":""2026-07-02"",""sourceType"":""federal_open_data"",""locationSpecific"":true,""reviewerNote"":""Emergency services flag copied from the official CMS Hospital General Information row for this facility.""}}"
cms-220019,UMASS MEMORIAL HEALTH - HARRINGTON HOSPITAL,hospital,100 SOUTH STREET,SOUTHBRIDGE,MA,WORCESTER,01550,42.077128895294,-72.042868676532,(508) 765-9771,Emergency services,CMS Hospital General Information,https://data.cms.gov/provider-data/dataset/xubh-q36u,2026-07-02,"Fields copied from the official CMS Hospital General Information CSV: facility name, address, city, state, ZIP code, county, phone, hospital type, ownership and emergency services flag. Hospital type: Acute Care Hospitals. Ownership: Voluntary non-profit - Private. Emergency services listed by CMS: Yes. Coordinates from the U.S. Census Bureau batch geocoder (Exact address match). CMS quality ratings and measures were intentionally not copied. Daily hours, prices and insurance details were not supplied by this intake.",220019,Hospital General Information,2026-07-02,2026-07-02,needs_review,"{""services"":{""field"":""services"",""status"":""source_backed"",""sourceUrl"":""https://data.cms.gov/provider-data/dataset/xubh-q36u"",""sourceTitle"":""CMS Hospital General Information"",""checkedDate"":""2026-07-02"",""sourceType"":""federal_open_data"",""locationSpecific"":true,""reviewerNote"":""Emergency services flag copied from the official CMS Hospital General Information row for this facility.""}}"
cms-220020,SAINT ANNE'S HOSPITAL,hospital,795 MIDDLE STREET,FALL RIVER,MA,BRISTOL,02721,41.693136834079,-71.162993800445,(508) 674-5600,Emergency services,CMS Hospital General Information,https://data.cms.gov/provider-data/dataset/xubh-q36u,2026-07-02,"Fields copied from the official CMS Hospital General Information CSV: facility name, address, city, state, ZIP code, county, phone, hospital type, ownership and emergency services flag. Hospital type: Acute Care Hospitals. Ownership: Proprietary. Emergency services listed by CMS: Yes. Coordinates from the U.S. Census Bureau batch geocoder (Exact address match). CMS quality ratings and measures were intentionally not copied. Daily hours, prices and insurance details were not supplied by this intake.",220020,Hospital General Information,2026-07-02,2026-07-02,needs_review,"{""services"":{""field"":""services"",""status"":""source_backed"",""sourceUrl"":""https://data.cms.gov/provider-data/dataset/xubh-q36u"",""sourceTitle"":""CMS Hospital General Information"",""checkedDate"":""2026-07-02"",""sourceType"":""federal_open_data"",""locationSpecific"":true,""reviewerNote"":""Emergency services flag copied from the official CMS Hospital General Information row for this facility.""}}"
cms-220024,HOLYOKE MEDICAL CENTER,hospital,575 BEECH STREET,HOLYOKE,MA,HAMPDEN,01040,42.199379857645,-72.628560357418,(413) 534-2500,Emergency services,CMS Hospital General Information,https://data.cms.gov/provider-data/dataset/xubh-q36u,2026-07-02,"Fields copied from the official CMS Hospital General Information CSV: facility name, address, city, state, ZIP code, county, phone, hospital type, ownership and emergency services flag. Hospital type: Acute Care Hospitals. Ownership: Voluntary non-profit - Private. Emergency services listed by CMS: Yes. Coordinates from the U.S. Census Bureau batch geocoder (Exact address match). CMS quality ratings and measures were intentionally not copied. Daily hours, prices and insurance details were not supplied by this intake.",220024,Hospital General Information,2026-07-02,2026-07-02,needs_review,"{""services"":{""field"":""services"",""status"":""source_backed"",""sourceUrl"":""https://data.cms.gov/provider-data/dataset/xubh-q36u"",""sourceTitle"":""CMS Hospital General Information"",""checkedDate"":""2026-07-02"",""sourceType"":""federal_open_data"",""locationSpecific"":true,""reviewerNote"":""Emergency services flag copied from the official CMS Hospital General Information row for this facility.""}}"
cms-220029,ANNA JAQUES HOSPITAL,hospital,25 HIGHLAND AVENUE,NEWBURYPORT,MA,ESSEX,01950,42.814651127726,-70.890393308951,(978) 463-1000,Emergency services,CMS Hospital General Information,https://data.cms.gov/provider-data/dataset/xubh-q36u,2026-07-02,"Fields copied from the official CMS Hospital General Information CSV: facility name, address, city, state, ZIP code, county, phone, hospital type, ownership and emergency services flag. Hospital type: Acute Care Hospitals. Ownership: Voluntary non-profit - Private. Emergency services listed by CMS: Yes. Coordinates from the U.S. Census Bureau batch geocoder (Exact address match). CMS quality ratings and measures were intentionally not copied. Daily hours, prices and insurance details were not supplied by this intake.",220029,Hospital General Information,2026-07-02,2026-07-02,needs_review,"{""services"":{""field"":""services"",""status"":""source_backed"",""sourceUrl"":""https://data.cms.gov/provider-data/dataset/xubh-q36u"",""sourceTitle"":""CMS Hospital General Information"",""checkedDate"":""2026-07-02"",""sourceType"":""federal_open_data"",""locationSpecific"":true,""reviewerNote"":""Emergency services flag copied from the official CMS Hospital General Information row for this facility.""}}"
cms-220030,BAYSTATE WING HOSPITAL,hospital,40 WRIGHT STREET,PALMER,MA,HAMPDEN,01069,42.168528387212,-72.341359198939,(413) 283-7651,Emergency services,CMS Hospital General Information,https://data.cms.gov/provider-data/dataset/xubh-q36u,2026-07-02,"Fields copied from the official CMS Hospital General Information CSV: facility name, address, city, state, ZIP code, county, phone, hospital type, ownership and emergency services flag. Hospital type: Acute Care Hospitals. Ownership: Voluntary non-profit - Other. Emergency services listed by CMS: Yes. Coordinates from the U.S. Census Bureau batch geocoder (Exact address match). CMS quality ratings and measures were intentionally not copied. Daily hours, prices and insurance details were not supplied by this intake.",220030,Hospital General Information,2026-07-02,2026-07-02,needs_review,"{""services"":{""field"":""services"",""status"":""source_backed"",""sourceUrl"":""https://data.cms.gov/provider-data/dataset/xubh-q36u"",""sourceTitle"":""CMS Hospital General Information"",""checkedDate"":""2026-07-02"",""sourceType"":""federal_open_data"",""locationSpecific"":true,""reviewerNote"":""Emergency services flag copied from the official CMS Hospital General Information row for this facility.""}}"
cms-220031,BOSTON MEDICAL CENTER,hospital,1 BOSTON MEDICAL CENTER PLACE,BOSTON,MA,SUFFOLK,02118,42.334698967543,-71.07540090299,(617) 638-8000,Emergency services,CMS Hospital General Information,https://data.cms.gov/provider-data/dataset/xubh-q36u,2026-07-02,"Fields copied from the official CMS Hospital General Information CSV: facility name, address, city, state, ZIP code, county, phone, hospital type, ownership and emergency services flag. Hospital type: Acute Care Hospitals. Ownership: Voluntary non-profit - Private. Emergency services listed by CMS: Yes. Coordinates from the U.S. Census Bureau batch geocoder (Exact address match). CMS quality ratings and measures were intentionally not copied. Daily hours, prices and insurance details were not supplied by this intake.",220031,Hospital General Information,2026-07-02,2026-07-02,needs_review,"{""services"":{""field"":""services"",""status"":""source_backed"",""sourceUrl"":""https://data.cms.gov/provider-data/dataset/xubh-q36u"",""sourceTitle"":""CMS Hospital General Information"",""checkedDate"":""2026-07-02"",""sourceType"":""federal_open_data"",""locationSpecific"":true,""reviewerNote"":""Emergency services flag copied from the official CMS Hospital General Information row for this facility.""}}"
cms-220033,NORTHEAST HOSPITAL CORPORATION,hospital,85 HERRICK STREET,BEVERLY,MA,ESSEX,01915,42.565088407552,-70.877182990522,(978) 922-3000,Emergency services,CMS Hospital General Information,https://data.cms.gov/provider-data/dataset/xubh-q36u,2026-07-02,"Fields copied from the official CMS Hospital General Information CSV: facility name, address, city, state, ZIP code, county, phone, hospital type, ownership and emergency services flag. Hospital type: Acute Care Hospitals. Ownership: Voluntary non-profit - Private. Emergency services listed by CMS: Yes. Coordinates from the U.S. Census Bureau batch geocoder (Exact address match). CMS quality ratings and measures were intentionally not copied. Daily hours, prices and insurance details were not supplied by this intake.",220033,Hospital General Information,2026-07-02,2026-07-02,needs_review,"{""services"":{""field"":""services"",""status"":""source_backed"",""sourceUrl"":""https://data.cms.gov/provider-data/dataset/xubh-q36u"",""sourceTitle"":""CMS Hospital General Information"",""checkedDate"":""2026-07-02"",""sourceType"":""federal_open_data"",""locationSpecific"":true,""reviewerNote"":""Emergency services flag copied from the official CMS Hospital General Information row for this facility.""}}"
cms-220035,NORTH SHORE MEDICAL CENTER -,hospital,81 HIGHLAND AVENUE,SALEM,MA,ESSEX,01970,42.512385416685,-70.908118762771,(978) 741-1215,Emergency services,CMS Hospital General Information,https://data.cms.gov/provider-data/dataset/xubh-q36u,2026-07-02,"Fields copied from the official CMS Hospital General Information CSV: facility name, address, city, state, ZIP code, county, phone, hospital type, ownership and emergency services flag. Hospital type: Acute Care Hospitals. Ownership: Voluntary non-profit - Private. Emergency services listed by CMS: Yes. Coordinates from the U.S. Census Bureau batch geocoder (Exact address match). CMS quality ratings and measures were intentionally not copied. Daily hours, prices and insurance details were not supplied by this intake.",220035,Hospital General Information,2026-07-02,2026-07-02,needs_review,"{""services"":{""field"":""services"",""status"":""source_backed"",""sourceUrl"":""https://data.cms.gov/provider-data/dataset/xubh-q36u"",""sourceTitle"":""CMS Hospital General Information"",""checkedDate"":""2026-07-02"",""sourceType"":""federal_open_data"",""locationSpecific"":true,""reviewerNote"":""Emergency services flag copied from the official CMS Hospital General Information row for this facility.""}}"
cms-220036,BOSTON MEDICAL CENTER-BRIGHTON,hospital,"736 CAMBRIDGE STREET, NEVINS BUILDING",BRIGHTON,MA,SUFFOLK,02135,42.349966444065,-71.14746096573,(617) 789-3000,Emergency services,CMS Hospital General Information,https://data.cms.gov/provider-data/dataset/xubh-q36u,2026-07-02,"Fields copied from the official CMS Hospital General Information CSV: facility name, address, city, state, ZIP code, county, phone, hospital type, ownership and emergency services flag. Hospital type: Acute Care Hospitals. Ownership: Proprietary. Emergency services listed by CMS: Yes. Coordinates from the U.S. Census Bureau batch geocoder (Non_Exact address match). CMS quality ratings and measures were intentionally not copied. Daily hours, prices and insurance details were not supplied by this intake.",220036,Hospital General Information,2026-07-02,2026-07-02,needs_review,"{""services"":{""field"":""services"",""status"":""source_backed"",""sourceUrl"":""https://data.cms.gov/provider-data/dataset/xubh-q36u"",""sourceTitle"":""CMS Hospital General Information"",""checkedDate"":""2026-07-02"",""sourceType"":""federal_open_data"",""locationSpecific"":true,""reviewerNote"":""Emergency services flag copied from the official CMS Hospital General Information row for this facility.""}}"
cms-220046,BERKSHIRE MEDICAL CENTER,hospital,725 NORTH STREET,PITTSFIELD,MA,BERKSHIRE,01201,42.459209502755,-73.248548775577,(413) 447-2000,Emergency services,CMS Hospital General Information,https://data.cms.gov/provider-data/dataset/xubh-q36u,2026-07-02,"Fields copied from the official CMS Hospital General Information CSV: facility name, address, city, state, ZIP code, county, phone, hospital type, ownership and emergency services flag. Hospital type: Acute Care Hospitals. Ownership: Voluntary non-profit - Other. Emergency services listed by CMS: Yes. Coordinates from the U.S. Census Bureau batch geocoder (Exact address match). CMS quality ratings and measures were intentionally not copied. Daily hours, prices and insurance details were not supplied by this intake.",220046,Hospital General Information,2026-07-02,2026-07-02,needs_review,"{""services"":{""field"":""services"",""status"":""source_backed"",""sourceUrl"":""https://data.cms.gov/provider-data/dataset/xubh-q36u"",""sourceTitle"":""CMS Hospital General Information"",""checkedDate"":""2026-07-02"",""sourceType"":""federal_open_data"",""locationSpecific"":true,""reviewerNote"":""Emergency services flag copied from the official CMS Hospital General Information row for this facility.""}}"
cms-220049,UMASS MEMORIAL HEALTHCARE-MARLBOROUGH HOSPITAL,hospital,157 UNION STREET,MARLBOROUGH,MA,MIDDLESEX,01752,42.354331341458,-71.553972235856,(508) 481-5000,Emergency services,CMS Hospital General Information,https://data.cms.gov/provider-data/dataset/xubh-q36u,2026-07-02,"Fields copied from the official CMS Hospital General Information CSV: facility name, address, city, state, ZIP code, county, phone, hospital type, ownership and emergency services flag. Hospital type: Acute Care Hospitals. Ownership: Voluntary non-profit - Private. Emergency services listed by CMS: Yes. Coordinates from the U.S. Census Bureau batch geocoder (Exact address match). CMS quality ratings and measures were intentionally not copied. Daily hours, prices and insurance details were not supplied by this intake.",220049,Hospital General Information,2026-07-02,2026-07-02,needs_review,"{""services"":{""field"":""services"",""status"":""source_backed"",""sourceUrl"":""https://data.cms.gov/provider-data/dataset/xubh-q36u"",""sourceTitle"":""CMS Hospital General Information"",""checkedDate"":""2026-07-02"",""sourceType"":""federal_open_data"",""locationSpecific"":true,""reviewerNote"":""Emergency services flag copied from the official CMS Hospital General Information row for this facility.""}}"
cms-220052,SIGNATURE HEALTHCARE BROCKTON HOSPITAL,hospital,680 CENTER STREET,BROCKTON,MA,PLYMOUTH,02302,42.086225471229,-70.991390707808,(508) 941-7000,Emergency services,CMS Hospital General Information,https://data.cms.gov/provider-data/dataset/xubh-q36u,2026-07-02,"Fields copied from the official CMS Hospital General Information CSV: facility name, address, city, state, ZIP code, county, phone, hospital type, ownership and emergency services flag. Hospital type: Acute Care Hospitals. Ownership: Voluntary non-profit - Other. Emergency services listed by CMS: Yes. Coordinates from the U.S. Census Bureau batch geocoder (Exact address match). CMS quality ratings and measures were intentionally not copied. Daily hours, prices and insurance details were not supplied by this intake.",220052,Hospital General Information,2026-07-02,2026-07-02,needs_review,"{""services"":{""field"":""services"",""status"":""source_backed"",""sourceUrl"":""https://data.cms.gov/provider-data/dataset/xubh-q36u"",""sourceTitle"":""CMS Hospital General Information"",""checkedDate"":""2026-07-02"",""sourceType"":""federal_open_data"",""locationSpecific"":true,""reviewerNote"":""Emergency services flag copied from the official CMS Hospital General Information row for this facility.""}}"
cms-220060,BETH ISRAEL DEACONESS HOSPITAL PLYMOUTH,hospital,275 SANDWICH STREET,PLYMOUTH,MA,PLYMOUTH,02360,41.944770437087,-70.645603174458,(508) 746-2000,Emergency services,CMS Hospital General Information,https://data.cms.gov/provider-data/dataset/xubh-q36u,2026-07-02,"Fields copied from the official CMS Hospital General Information CSV: facility name, address, city, state, ZIP code, county, phone, hospital type, ownership and emergency services flag. Hospital type: Acute Care Hospitals. Ownership: Voluntary non-profit - Private. Emergency services listed by CMS: Yes. Coordinates from the U.S. Census Bureau batch geocoder (Exact address match). CMS quality ratings and measures were intentionally not copied. Daily hours, prices and insurance details were not supplied by this intake.",220060,Hospital General Information,2026-07-02,2026-07-02,needs_review,"{""services"":{""field"":""services"",""status"":""source_backed"",""sourceUrl"":""https://data.cms.gov/provider-data/dataset/xubh-q36u"",""sourceTitle"":""CMS Hospital General Information"",""checkedDate"":""2026-07-02"",""sourceType"":""federal_open_data"",""locationSpecific"":true,""reviewerNote"":""Emergency services flag copied from the official CMS Hospital General Information row for this facility.""}}"
cms-220062,ADCARE HOSPITAL OF WORCESTER INC,hospital,107 LINCOLN STREET,WORCESTER,MA,WORCESTER,01605,42.276892453556,-71.79501221488,(508) 799-9000,,CMS Hospital General Information,https://data.cms.gov/provider-data/dataset/xubh-q36u,2026-07-02,"Fields copied from the official CMS Hospital General Information CSV: facility name, address, city, state, ZIP code, county, phone, hospital type, ownership and emergency services flag. Hospital type: Acute Care Hospitals. Ownership: Proprietary. Emergency services listed by CMS: No. Coordinates from the U.S. Census Bureau batch geocoder (Exact address match). CMS quality ratings and measures were intentionally not copied. Daily hours, prices and insurance details were not supplied by this intake.",220062,Hospital General Information,2026-07-02,2026-07-02,needs_review,
cms-220063,LOWELL GENERAL HOSPITAL,hospital,295 VARNUM AVENUE,LOWELL,MA,MIDDLESEX,01854,42.646216000931,-71.342107968172,(978) 937-6000,Emergency services,CMS Hospital General Information,https://data.cms.gov/provider-data/dataset/xubh-q36u,2026-07-02,"Fields copied from the official CMS Hospital General Information CSV: facility name, address, city, state, ZIP code, county, phone, hospital type, ownership and emergency services flag. Hospital type: Acute Care Hospitals. Ownership: Voluntary non-profit - Private. Emergency services listed by CMS: Yes. Coordinates from the U.S. Census Bureau batch geocoder (Exact address match). CMS quality ratings and measures were intentionally not copied. Daily hours, prices and insurance details were not supplied by this intake.",220063,Hospital General Information,2026-07-02,2026-07-02,needs_review,"{""services"":{""field"":""services"",""status"":""source_backed"",""sourceUrl"":""https://data.cms.gov/provider-data/dataset/xubh-q36u"",""sourceTitle"":""CMS Hospital General Information"",""checkedDate"":""2026-07-02"",""sourceType"":""federal_open_data"",""locationSpecific"":true,""reviewerNote"":""Emergency services flag copied from the official CMS Hospital General Information row for this facility.""}}"
cms-220065,BAYSTATE NOBLE HOSPITAL,hospital,115 WEST SILVER STREET,WESTFIELD,MA,HAMPDEN,01086,42.116657992402,-72.757997412758,(413) 568-2811,Emergency services,CMS Hospital General Information,https://data.cms.gov/provider-data/dataset/xubh-q36u,2026-07-02,"Fields copied from the official CMS Hospital General Information CSV: facility name, address, city, state, ZIP code, county, phone, hospital type, ownership and emergency services flag. Hospital type: Acute Care Hospitals. Ownership: Voluntary non-profit - Private. Emergency services listed by CMS: Yes. Coordinates from the U.S. Census Bureau batch geocoder (Non_Exact address match). CMS quality ratings and measures were intentionally not copied. Daily hours, prices and insurance details were not supplied by this intake.",220065,Hospital General Information,2026-07-02,2026-07-02,needs_review,"{""services"":{""field"":""services"",""status"":""source_backed"",""sourceUrl"":""https://data.cms.gov/provider-data/dataset/xubh-q36u"",""sourceTitle"":""CMS Hospital General Information"",""checkedDate"":""2026-07-02"",""sourceType"":""federal_open_data"",""locationSpecific"":true,""reviewerNote"":""Emergency services flag copied from the official CMS Hospital General Information row for this facility.""}}"
cms-220066,MERCY MEDICAL CTR,hospital,271 CAREW STREET,SPRINGFIELD,MA,HAMPDEN,01104,42.11665547048,-72.595142058207,(413) 748-9000,Emergency services,CMS Hospital General Information,https://data.cms.gov/provider-data/dataset/xubh-q36u,2026-07-02,"Fields copied from the official CMS Hospital General Information CSV: facility name, address, city, state, ZIP code, county, phone, hospital type, ownership and emergency services flag. Hospital type: Acute Care Hospitals. Ownership: Voluntary non-profit - Private. Emergency services listed by CMS: Yes. Coordinates from the U.S. Census Bureau batch geocoder (Exact address match). CMS quality ratings and measures were intentionally not copied. Daily hours, prices and insurance details were not supplied by this intake.",220066,Hospital General Information,2026-07-02,2026-07-02,needs_review,"{""services"":{""field"":""services"",""status"":""source_backed"",""sourceUrl"":""https://data.cms.gov/provider-data/dataset/xubh-q36u"",""sourceTitle"":""CMS Hospital General Information"",""checkedDate"":""2026-07-02"",""sourceType"":""federal_open_data"",""locationSpecific"":true,""reviewerNote"":""Emergency services flag copied from the official CMS Hospital General Information row for this facility.""}}"
cms-220070,MELROSEWAKEFIELD HEALTHCARE,hospital,585 LEBANON STREET,MELROSE,MA,MIDDLESEX,02176,42.460256015503,-71.061899509127,(781) 979-3000,Emergency services,CMS Hospital General Information,https://data.cms.gov/provider-data/dataset/xubh-q36u,2026-07-02,"Fields copied from the official CMS Hospital General Information CSV: facility name, address, city, state, ZIP code, county, phone, hospital type, ownership and emergency services flag. Hospital type: Acute Care Hospitals. Ownership: Voluntary non-profit - Private. Emergency services listed by CMS: Yes. Coordinates from the U.S. Census Bureau batch geocoder (Exact address match). CMS quality ratings and measures were intentionally not copied. Daily hours, prices and insurance details were not supplied by this intake.",220070,Hospital General Information,2026-07-02,2026-07-02,needs_review,"{""services"":{""field"":""services"",""status"":""source_backed"",""sourceUrl"":""https://data.cms.gov/provider-data/dataset/xubh-q36u"",""sourceTitle"":""CMS Hospital General Information"",""checkedDate"":""2026-07-02"",""sourceType"":""federal_open_data"",""locationSpecific"":true,""reviewerNote"":""Emergency services flag copied from the official CMS Hospital General Information row for this facility.""}}"
cms-220071,MASSACHUSETTS GENERAL HOSPITAL,hospital,55 FRUIT STREET,BOSTON,MA,SUFFOLK,02114,42.362486002768,-71.069834275504,(617) 726-2000,Emergency services,CMS Hospital General Information,https://data.cms.gov/provider-data/dataset/xubh-q36u,2026-07-02,"Fields copied from the official CMS Hospital General Information CSV: facility name, address, city, state, ZIP code, county, phone, hospital type, ownership and emergency services flag. Hospital type: Acute Care Hospitals. Ownership: Voluntary non-profit - Private. Emergency services listed by CMS: Yes. Coordinates from the U.S. Census Bureau batch geocoder (Exact address match). CMS quality ratings and measures were intentionally not copied. Daily hours, prices and insurance details were not supplied by this intake.",220071,Hospital General Information,2026-07-02,2026-07-02,needs_review,"{""services"":{""field"":""services"",""status"":""source_backed"",""sourceUrl"":""https://data.cms.gov/provider-data/dataset/xubh-q36u"",""sourceTitle"":""CMS Hospital General Information"",""checkedDate"":""2026-07-02"",""sourceType"":""federal_open_data"",""locationSpecific"":true,""reviewerNote"":""Emergency services flag copied from the official CMS Hospital General Information row for this facility.""}}"
cms-220073,BROWN UNIVERSITY HEALTH MORTON HOSPITAL,hospital,88 WASHINGTON STREET,TAUNTON,MA,BRISTOL,02780,41.905371879282,-71.094735681991,(508) 828-7000,Emergency services,CMS Hospital General Information,https://data.cms.gov/provider-data/dataset/xubh-q36u,2026-07-02,"Fields copied from the official CMS Hospital General Information CSV: facility name, address, city, state, ZIP code, county, phone, hospital type, ownership and emergency services flag. Hospital type: Acute Care Hospitals. Ownership: Proprietary. Emergency services listed by CMS: Yes. Coordinates from the U.S. Census Bureau batch geocoder (Exact address match). CMS quality ratings and measures were intentionally not copied. Daily hours, prices and insurance details were not supplied by this intake.",220073,Hospital General Information,2026-07-02,2026-07-02,needs_review,"{""services"":{""field"":""services"",""status"":""source_backed"",""sourceUrl"":""https://data.cms.gov/provider-data/dataset/xubh-q36u"",""sourceTitle"":""CMS Hospital General Information"",""checkedDate"":""2026-07-02"",""sourceType"":""federal_open_data"",""locationSpecific"":true,""reviewerNote"":""Emergency services flag copied from the official CMS Hospital General Information row for this facility.""}}"
cms-220074,SOUTHCOAST HOSPITALS GROUP,hospital,363 HIGHLAND AVENUE,FALL RIVER,MA,BRISTOL,02720,41.710495654624,-71.146278931404,(508) 679-3131,Emergency services,CMS Hospital General Information,https://data.cms.gov/provider-data/dataset/xubh-q36u,2026-07-02,"Fields copied from the official CMS Hospital General Information CSV: facility name, address, city, state, ZIP code, county, phone, hospital type, ownership and emergency services flag. Hospital type: Acute Care Hospitals. Ownership: Voluntary non-profit - Private. Emergency services listed by CMS: Yes. Coordinates from the U.S. Census Bureau batch geocoder (Exact address match). CMS quality ratings and measures were intentionally not copied. Daily hours, prices and insurance details were not supplied by this intake.",220074,Hospital General Information,2026-07-02,2026-07-02,needs_review,"{""services"":{""field"":""services"",""status"":""source_backed"",""sourceUrl"":""https://data.cms.gov/provider-data/dataset/xubh-q36u"",""sourceTitle"":""CMS Hospital General Information"",""checkedDate"":""2026-07-02"",""sourceType"":""federal_open_data"",""locationSpecific"":true,""reviewerNote"":""Emergency services flag copied from the official CMS Hospital General Information row for this facility.""}}"
cms-220075,MASSACHUSETTS EYE AND EAR INFIRMARY -,hospital,243 CHARLES STREET,BOSTON,MA,SUFFOLK,02114,42.362569617258,-71.070579294028,(617) 523-7900,Emergency services,CMS Hospital General Information,https://data.cms.gov/provider-data/dataset/xubh-q36u,2026-07-02,"Fields copied from the official CMS Hospital General Information CSV: facility name, address, city, state, ZIP code, county, phone, hospital type, ownership and emergency services flag. Hospital type: Acute Care Hospitals. Ownership: Voluntary non-profit - Private. Emergency services listed by CMS: Yes. Coordinates from the U.S. Census Bureau batch geocoder (Exact address match). CMS quality ratings and measures were intentionally not copied. Daily hours, prices and insurance details were not supplied by this intake.",220075,Hospital General Information,2026-07-02,2026-07-02,needs_review,"{""services"":{""field"":""services"",""status"":""source_backed"",""sourceUrl"":""https://data.cms.gov/provider-data/dataset/xubh-q36u"",""sourceTitle"":""CMS Hospital General Information"",""checkedDate"":""2026-07-02"",""sourceType"":""federal_open_data"",""locationSpecific"":true,""reviewerNote"":""Emergency services flag copied from the official CMS Hospital General Information row for this facility.""}}"
cms-220077,BAYSTATE MEDICAL CENTER,hospital,759 CHESTNUT STREET,SPRINGFIELD,MA,HAMPDEN,01199,42.119023347188,-72.604094352769,(413) 794-0000,Emergency services,CMS Hospital General Information,https://data.cms.gov/provider-data/dataset/xubh-q36u,2026-07-02,"Fields copied from the official CMS Hospital General Information CSV: facility name, address, city, state, ZIP code, county, phone, hospital type, ownership and emergency services flag. Hospital type: Acute Care Hospitals. Ownership: Voluntary non-profit - Private. Emergency services listed by CMS: Yes. Coordinates from the U.S. Census Bureau batch geocoder (Non_Exact address match). CMS quality ratings and measures were intentionally not copied. Daily hours, prices and insurance details were not supplied by this intake.",220077,Hospital General Information,2026-07-02,2026-07-02,needs_review,"{""services"":{""field"":""services"",""status"":""source_backed"",""sourceUrl"":""https://data.cms.gov/provider-data/dataset/xubh-q36u"",""sourceTitle"":""CMS Hospital General Information"",""checkedDate"":""2026-07-02"",""sourceType"":""federal_open_data"",""locationSpecific"":true,""reviewerNote"":""Emergency services flag copied from the official CMS Hospital General Information row for this facility.""}}"
cms-220080,HOLY FAMILY HOSPITAL,hospital,70 EAST STREET,METHUEN,MA,ESSEX,01844,42.726113810661,-71.16405458506,(978) 687-0156,Emergency services,CMS Hospital General Information,https://data.cms.gov/provider-data/dataset/xubh-q36u,2026-07-02,"Fields copied from the official CMS Hospital General Information CSV: facility name, address, city, state, ZIP code, county, phone, hospital type, ownership and emergency services flag. Hospital type: Acute Care Hospitals. Ownership: Proprietary. Emergency services listed by CMS: Yes. Coordinates from the U.S. Census Bureau batch geocoder (Exact address match). CMS quality ratings and measures were intentionally not copied. Daily hours, prices and insurance details were not supplied by this intake.",220080,Hospital General Information,2026-07-02,2026-07-02,needs_review,"{""services"":{""field"":""services"",""status"":""source_backed"",""sourceUrl"":""https://data.cms.gov/provider-data/dataset/xubh-q36u"",""sourceTitle"":""CMS Hospital General Information"",""checkedDate"":""2026-07-02"",""sourceType"":""federal_open_data"",""locationSpecific"":true,""reviewerNote"":""Emergency services flag copied from the official CMS Hospital General Information row for this facility.""}}"
cms-220083,BETH ISRAEL DEACONESS HOSPITAL - NEEDHAM,hospital,148 CHESTNUT STREET,NEEDHAM,MA,NORFOLK,02494,42.277505940103,-71.23730374041,(781) 453-3002,Emergency services,CMS Hospital General Information,https://data.cms.gov/provider-data/dataset/xubh-q36u,2026-07-02,"Fields copied from the official CMS Hospital General Information CSV: facility name, address, city, state, ZIP code, county, phone, hospital type, ownership and emergency services flag. Hospital type: Acute Care Hospitals. Ownership: Voluntary non-profit - Private. Emergency services listed by CMS: Yes. Coordinates from the U.S. Census Bureau batch geocoder (Non_Exact address match). CMS quality ratings and measures were intentionally not copied. Daily hours, prices and insurance details were not supplied by this intake.",220083,Hospital General Information,2026-07-02,2026-07-02,needs_review,"{""services"":{""field"":""services"",""status"":""source_backed"",""sourceUrl"":""https://data.cms.gov/provider-data/dataset/xubh-q36u"",""sourceTitle"":""CMS Hospital General Information"",""checkedDate"":""2026-07-02"",""sourceType"":""federal_open_data"",""locationSpecific"":true,""reviewerNote"":""Emergency services flag copied from the official CMS Hospital General Information row for this facility.""}}"
cms-220084,EMERSON HOSPITAL -,hospital,133 OLD ROAD TO 9 ACRE CORNER,W CONCORD,MA,MIDDLESEX,01742,42.452548860682,-71.377201169912,(978) 369-1400,Emergency services,CMS Hospital General Information,https://data.cms.gov/provider-data/dataset/xubh-q36u,2026-07-02,"Fields copied from the official CMS Hospital General Information CSV: facility name, address, city, state, ZIP code, county, phone, hospital type, ownership and emergency services flag. Hospital type: Acute Care Hospitals. Ownership: Voluntary non-profit - Private. Emergency services listed by CMS: Yes. Coordinates from the U.S. Census Bureau batch geocoder (Non_Exact address match). CMS quality ratings and measures were intentionally not copied. Daily hours, prices and insurance details were not supplied by this intake.",220084,Hospital General Information,2026-07-02,2026-07-02,needs_review,"{""services"":{""field"":""services"",""status"":""source_backed"",""sourceUrl"":""https://data.cms.gov/provider-data/dataset/xubh-q36u"",""sourceTitle"":""CMS Hospital General Information"",""checkedDate"":""2026-07-02"",""sourceType"":""federal_open_data"",""locationSpecific"":true,""reviewerNote"":""Emergency services flag copied from the official CMS Hospital General Information row for this facility.""}}"
cms-220086,BETH ISRAEL DEACONESS MEDICAL CENTER,hospital,330 BROOKLINE AVENUE,BOSTON,MA,SUFFOLK,02215,42.339822655609,-71.106232826369,(617) 667-7000,Emergency services,CMS Hospital General Information,https://data.cms.gov/provider-data/dataset/xubh-q36u,2026-07-02,"Fields copied from the official CMS Hospital General Information CSV: facility name, address, city, state, ZIP code, county, phone, hospital type, ownership and emergency services flag. Hospital type: Acute Care Hospitals. Ownership: Voluntary non-profit - Private. Emergency services listed by CMS: Yes. Coordinates from the U.S. Census Bureau batch geocoder (Exact address match). CMS quality ratings and measures were intentionally not copied. Daily hours, prices and insurance details were not supplied by this intake.",220086,Hospital General Information,2026-07-02,2026-07-02,needs_review,"{""services"":{""field"":""services"",""status"":""source_backed"",""sourceUrl"":""https://data.cms.gov/provider-data/dataset/xubh-q36u"",""sourceTitle"":""CMS Hospital General Information"",""checkedDate"":""2026-07-02"",""sourceType"":""federal_open_data"",""locationSpecific"":true,""reviewerNote"":""Emergency services flag copied from the official CMS Hospital General Information row for this facility.""}}"
cms-220088,NEW ENGLAND BAPTIST HOSPITAL,hospital,125 PARKER HILL AVENUE,BOSTON,MA,SUFFOLK,02120,42.33040821896,-71.108005065139,(617) 754-5800,,CMS Hospital General Information,https://data.cms.gov/provider-data/dataset/xubh-q36u,2026-07-02,"Fields copied from the official CMS Hospital General Information CSV: facility name, address, city, state, ZIP code, county, phone, hospital type, ownership and emergency services flag. Hospital type: Acute Care Hospitals. Ownership: Voluntary non-profit - Private. Emergency services listed by CMS: No. Coordinates from the U.S. Census Bureau batch geocoder (Exact address match). CMS quality ratings and measures were intentionally not copied. Daily hours, prices and insurance details were not supplied by this intake.",220088,Hospital General Information,2026-07-02,2026-07-02,needs_review,
cms-220095,HEYWOOD HOSPITAL -,hospital,242 GREEN STREET,GARDNER,MA,WORCESTER,01440,42.586886862176,-71.986397550845,(978) 632-3420,Emergency services,CMS Hospital General Information,https://data.cms.gov/provider-data/dataset/xubh-q36u,2026-07-02,"Fields copied from the official CMS Hospital General Information CSV: facility name, address, city, state, ZIP code, county, phone, hospital type, ownership and emergency services flag. Hospital type: Acute Care Hospitals. Ownership: Voluntary non-profit - Private. Emergency services listed by CMS: Yes. Coordinates from the U.S. Census Bureau batch geocoder (Exact address match). CMS quality ratings and measures were intentionally not copied. Daily hours, prices and insurance details were not supplied by this intake.",220095,Hospital General Information,2026-07-02,2026-07-02,needs_review,"{""services"":{""field"":""services"",""status"":""source_backed"",""sourceUrl"":""https://data.cms.gov/provider-data/dataset/xubh-q36u"",""sourceTitle"":""CMS Hospital General Information"",""checkedDate"":""2026-07-02"",""sourceType"":""federal_open_data"",""locationSpecific"":true,""reviewerNote"":""Emergency services flag copied from the official CMS Hospital General Information row for this facility.""}}"
cms-22009f,NORTHAMPTON VA MEDICAL CENTER,hospital,421 N MAIN ST,LEEDS,MA,HAMPSHIRE,01053,42.346068314217,-72.683838771753,(413) 584-4040,,CMS Hospital General Information,https://data.cms.gov/provider-data/dataset/xubh-q36u,2026-07-02,"Fields copied from the official CMS Hospital General Information CSV: facility name, address, city, state, ZIP code, county, phone, hospital type, ownership and emergency services flag. Hospital type: Acute Care - Veterans Administration. Ownership: Veterans Health Administration. Emergency services listed by CMS: No. Coordinates from the U.S. Census Bureau batch geocoder (Exact address match). CMS quality ratings and measures were intentionally not copied. Daily hours, prices and insurance details were not supplied by this intake.",22009F,Hospital General Information,2026-07-02,2026-07-02,needs_review,
cms-220100,SOUTH SHORE HOSPITAL,hospital,55 FOGG ROAD,SOUTH WEYMOUTH,MA,NORFOLK,02190,42.174794661026,-70.954562613716,(781) 340-8000,Emergency services,CMS Hospital General Information,https://data.cms.gov/provider-data/dataset/xubh-q36u,2026-07-02,"Fields copied from the official CMS Hospital General Information CSV: facility name, address, city, state, ZIP code, county, phone, hospital type, ownership and emergency services flag. Hospital type: Acute Care Hospitals. Ownership: Voluntary non-profit - Private. Emergency services listed by CMS: Yes. Coordinates from the U.S. Census Bureau batch geocoder (Exact address match). CMS quality ratings and measures were intentionally not copied. Daily hours, prices and insurance details were not supplied by this intake.",220100,Hospital General Information,2026-07-02,2026-07-02,needs_review,"{""services"":{""field"":""services"",""status"":""source_backed"",""sourceUrl"":""https://data.cms.gov/provider-data/dataset/xubh-q36u"",""sourceTitle"":""CMS Hospital General Information"",""checkedDate"":""2026-07-02"",""sourceType"":""federal_open_data"",""locationSpecific"":true,""reviewerNote"":""Emergency services flag copied from the official CMS Hospital General Information row for this facility.""}}"
cms-220101,NEWTON-WELLESLEY HOSPITAL,hospital,2014 WASHINGTON STREET,NEWTON,MA,MIDDLESEX,02462,42.330667985811,-71.24792161012,(617) 243-6000,Emergency services,CMS Hospital General Information,https://data.cms.gov/provider-data/dataset/xubh-q36u,2026-07-02,"Fields copied from the official CMS Hospital General Information CSV: facility name, address, city, state, ZIP code, county, phone, hospital type, ownership and emergency services flag. Hospital type: Acute Care Hospitals. Ownership: Voluntary non-profit - Private. Emergency services listed by CMS: Yes. Coordinates from the U.S. Census Bureau batch geocoder (Exact address match). CMS quality ratings and measures were intentionally not copied. Daily hours, prices and insurance details were not supplied by this intake.",220101,Hospital General Information,2026-07-02,2026-07-02,needs_review,"{""services"":{""field"":""services"",""status"":""source_backed"",""sourceUrl"":""https://data.cms.gov/provider-data/dataset/xubh-q36u"",""sourceTitle"":""CMS Hospital General Information"",""checkedDate"":""2026-07-02"",""sourceType"":""federal_open_data"",""locationSpecific"":true,""reviewerNote"":""Emergency services flag copied from the official CMS Hospital General Information row for this facility.""}}"
cms-220105,WINCHESTER HOSPITAL,hospital,41 HIGHLAND AVENUE,WINCHESTER,MA,MIDDLESEX,01890,42.465468467028,-71.121510861586,(781) 729-9000,Emergency services,CMS Hospital General Information,https://data.cms.gov/provider-data/dataset/xubh-q36u,2026-07-02,"Fields copied from the official CMS Hospital General Information CSV: facility name, address, city, state, ZIP code, county, phone, hospital type, ownership and emergency services flag. Hospital type: Acute Care Hospitals. Ownership: Voluntary non-profit - Private. Emergency services listed by CMS: Yes. Coordinates from the U.S. Census Bureau batch geocoder (Exact address match). CMS quality ratings and measures were intentionally not copied. Daily hours, prices and insurance details were not supplied by this intake.",220105,Hospital General Information,2026-07-02,2026-07-02,needs_review,"{""services"":{""field"":""services"",""status"":""source_backed"",""sourceUrl"":""https://data.cms.gov/provider-data/dataset/xubh-q36u"",""sourceTitle"":""CMS Hospital General Information"",""checkedDate"":""2026-07-02"",""sourceType"":""federal_open_data"",""locationSpecific"":true,""reviewerNote"":""Emergency services flag copied from the official CMS Hospital General Information row for this facility.""}}"
cms-220108,BETH ISRAEL DEACONESS HOSPITAL - MILTON,hospital,199 REEDSDALE ROAD,MILTON,MA,NORFOLK,02186,42.252579009535,-71.075533753494,(617) 696-4600,Emergency services,CMS Hospital General Information,https://data.cms.gov/provider-data/dataset/xubh-q36u,2026-07-02,"Fields copied from the official CMS Hospital General Information CSV: facility name, address, city, state, ZIP code, county, phone, hospital type, ownership and emergency services flag. Hospital type: Acute Care Hospitals. Ownership: Government - Federal. Emergency services listed by CMS: Yes. Coordinates from the U.S. Census Bureau batch geocoder (Exact address match). CMS quality ratings and measures were intentionally not copied. Daily hours, prices and insurance details were not supplied by this intake.",220108,Hospital General Information,2026-07-02,2026-07-02,needs_review,"{""services"":{""field"":""services"",""status"":""source_backed"",""sourceUrl"":""https://data.cms.gov/provider-data/dataset/xubh-q36u"",""sourceTitle"":""CMS Hospital General Information"",""checkedDate"":""2026-07-02"",""sourceType"":""federal_open_data"",""locationSpecific"":true,""reviewerNote"":""Emergency services flag copied from the official CMS Hospital General Information row for this facility.""}}"
cms-22010f,VA BOSTON HEALTHCARE SYSTEM - JAMAICA PLAIN,hospital,150 S. HUNTINGTON AVENUE,JAMAICA PLAIN,MA,SUFFOLK,02130,42.327442814116,-71.11090291686,(617) 232-9500,Emergency services,CMS Hospital General Information,https://data.cms.gov/provider-data/dataset/xubh-q36u,2026-07-02,"Fields copied from the official CMS Hospital General Information CSV: facility name, address, city, state, ZIP code, county, phone, hospital type, ownership and emergency services flag. Hospital type: Acute Care - Veterans Administration. Ownership: Veterans Health Administration. Emergency services listed by CMS: Yes. Coordinates from the U.S. Census Bureau batch geocoder (Exact address match). CMS quality ratings and measures were intentionally not copied. Daily hours, prices and insurance details were not supplied by this intake.",22010F,Hospital General Information,2026-07-02,2026-07-02,needs_review,"{""services"":{""field"":""services"",""status"":""source_backed"",""sourceUrl"":""https://data.cms.gov/provider-data/dataset/xubh-q36u"",""sourceTitle"":""CMS Hospital General Information"",""checkedDate"":""2026-07-02"",""sourceType"":""federal_open_data"",""locationSpecific"":true,""reviewerNote"":""Emergency services flag copied from the official CMS Hospital General Information row for this facility.""}}"
cms-220110,BRIGHAM AND WOMEN'S HOSPITAL,hospital,75 FRANCIS STREET,BOSTON,MA,SUFFOLK,02115,42.335010253583,-71.106080044543,(617) 732-5500,Emergency services,CMS Hospital General Information,https://data.cms.gov/provider-data/dataset/xubh-q36u,2026-07-02,"Fields copied from the official CMS Hospital General Information CSV: facility name, address, city, state, ZIP code, county, phone, hospital type, ownership and emergency services flag. Hospital type: Acute Care Hospitals. Ownership: Voluntary non-profit - Private. Emergency services listed by CMS: Yes. Coordinates from the U.S. Census Bureau batch geocoder (Exact address match). CMS quality ratings and measures were intentionally not copied. Daily hours, prices and insurance details were not supplied by this intake.",220110,Hospital General Information,2026-07-02,2026-07-02,needs_review,"{""services"":{""field"":""services"",""status"":""source_backed"",""sourceUrl"":""https://data.cms.gov/provider-data/dataset/xubh-q36u"",""sourceTitle"":""CMS Hospital General Information"",""checkedDate"":""2026-07-02"",""sourceType"":""federal_open_data"",""locationSpecific"":true,""reviewerNote"":""Emergency services flag copied from the official CMS Hospital General Information row for this facility.""}}"
cms-220111,GOOD SAMARITAN MEDICAL CENTER,hospital,235 NORTH PEARL STREET,BROCKTON,MA,PLYMOUTH,02301,42.098472033881,-71.065954230375,(508) 427-3000,Emergency services,CMS Hospital General Information,https://data.cms.gov/provider-data/dataset/xubh-q36u,2026-07-02,"Fields copied from the official CMS Hospital General Information CSV: facility name, address, city, state, ZIP code, county, phone, hospital type, ownership and emergency services flag. Hospital type: Acute Care Hospitals. Ownership: Proprietary. Emergency services listed by CMS: Yes. Coordinates from the U.S. Census Bureau batch geocoder (Exact address match). CMS quality ratings and measures were intentionally not copied. Daily hours, prices and insurance details were not supplied by this intake.",220111,Hospital General Information,2026-07-02,2026-07-02,needs_review,"{""services"":{""field"":""services"",""status"":""source_backed"",""sourceUrl"":""https://data.cms.gov/provider-data/dataset/xubh-q36u"",""sourceTitle"":""CMS Hospital General Information"",""checkedDate"":""2026-07-02"",""sourceType"":""federal_open_data"",""locationSpecific"":true,""reviewerNote"":""Emergency services flag copied from the official CMS Hospital General Information row for this facility.""}}"
cms-220116,TUFTS MEDICAL CENTER,hospital,800 WASHINGTON STREET,BOSTON,MA,SUFFOLK,02111,42.350242609935,-71.063325127963,(617) 636-5000,Emergency services,CMS Hospital General Information,https://data.cms.gov/provider-data/dataset/xubh-q36u,2026-07-02,"Fields copied from the official CMS Hospital General Information CSV: facility name, address, city, state, ZIP code, county, phone, hospital type, ownership and emergency services flag. Hospital type: Acute Care Hospitals. Ownership: Voluntary non-profit - Private. Emergency services listed by CMS: Yes. Coordinates from the U.S. Census Bureau batch geocoder (Exact address match). CMS quality ratings and measures were intentionally not copied. Daily hours, prices and insurance details were not supplied by this intake.",220116,Hospital General Information,2026-07-02,2026-07-02,needs_review,"{""services"":{""field"":""services"",""status"":""source_backed"",""sourceUrl"":""https://data.cms.gov/provider-data/dataset/xubh-q36u"",""sourceTitle"":""CMS Hospital General Information"",""checkedDate"":""2026-07-02"",""sourceType"":""federal_open_data"",""locationSpecific"":true,""reviewerNote"":""Emergency services flag copied from the official CMS Hospital General Information row for this facility.""}}"
cms-220119,BRIGHAM AND WOMEN FAULKNER HOSPITAL,hospital,1153 CENTRE STREET,JAMAICA PLAIN,MA,SUFFOLK,02130,42.301479506572,-71.126673950836,(617) 983-7000,Emergency services,CMS Hospital General Information,https://data.cms.gov/provider-data/dataset/xubh-q36u,2026-07-02,"Fields copied from the official CMS Hospital General Information CSV: facility name, address, city, state, ZIP code, county, phone, hospital type, ownership and emergency services flag. Hospital type: Acute Care Hospitals. Ownership: Voluntary non-profit - Private. Emergency services listed by CMS: Yes. Coordinates from the U.S. Census Bureau batch geocoder (Exact address match). CMS quality ratings and measures were intentionally not copied. Daily hours, prices and insurance details were not supplied by this intake.",220119,Hospital General Information,2026-07-02,2026-07-02,needs_review,"{""services"":{""field"":""services"",""status"":""source_backed"",""sourceUrl"":""https://data.cms.gov/provider-data/dataset/xubh-q36u"",""sourceTitle"":""CMS Hospital General Information"",""checkedDate"":""2026-07-02"",""sourceType"":""federal_open_data"",""locationSpecific"":true,""reviewerNote"":""Emergency services flag copied from the official CMS Hospital General Information row for this facility.""}}"
cms-220126,NORWOOD HOSPITAL,hospital,800 WASHINGTON STREET,NORWOOD,MA,NORFOLK,02062,42.18898783185,-71.202639172636,(781) 769-4000,Emergency services,CMS Hospital General Information,https://data.cms.gov/provider-data/dataset/xubh-q36u,2026-07-02,"Fields copied from the official CMS Hospital General Information CSV: facility name, address, city, state, ZIP code, county, phone, hospital type, ownership and emergency services flag. Hospital type: Acute Care Hospitals. Ownership: Proprietary. Emergency services listed by CMS: Yes. Coordinates from the U.S. Census Bureau batch geocoder (Exact address match). CMS quality ratings and measures were intentionally not copied. Daily hours, prices and insurance details were not supplied by this intake.",220126,Hospital General Information,2026-07-02,2026-07-02,needs_review,"{""services"":{""field"":""services"",""status"":""source_backed"",""sourceUrl"":""https://data.cms.gov/provider-data/dataset/xubh-q36u"",""sourceTitle"":""CMS Hospital General Information"",""checkedDate"":""2026-07-02"",""sourceType"":""federal_open_data"",""locationSpecific"":true,""reviewerNote"":""Emergency services flag copied from the official CMS Hospital General Information row for this facility.""}}"
cms-220135,FALMOUTH HOSPITAL,hospital,67 & 100 TER HEUN DRIVE,FALMOUTH,MA,BARNSTABLE,02540,41.565634881235,-70.623035918887,(508) 548-5300,Emergency services,CMS Hospital General Information,https://data.cms.gov/provider-data/dataset/xubh-q36u,2026-07-02,"Fields copied from the official CMS Hospital General Information CSV: facility name, address, city, state, ZIP code, county, phone, hospital type, ownership and emergency services flag. Hospital type: Acute Care Hospitals. Ownership: Voluntary non-profit - Private. Emergency services listed by CMS: Yes. Coordinates from the U.S. Census Bureau batch geocoder (Non_Exact address match). CMS quality ratings and measures were intentionally not copied. Daily hours, prices and insurance details were not supplied by this intake.",220135,Hospital General Information,2026-07-02,2026-07-02,needs_review,"{""services"":{""field"":""services"",""status"":""source_backed"",""sourceUrl"":""https://data.cms.gov/provider-data/dataset/xubh-q36u"",""sourceTitle"":""CMS Hospital General Information"",""checkedDate"":""2026-07-02"",""sourceType"":""federal_open_data"",""locationSpecific"":true,""reviewerNote"":""Emergency services flag copied from the official CMS Hospital General Information row for this facility.""}}"
cms-220163,UMASS MEMORIAL MEDICAL CENTER/UNIVERSITY CAMPUS,hospital,55 LAKE AVENUE NORTH,WORCESTER,MA,WORCESTER,01655,42.277713052069,-71.759327749279,(508) 334-1000,Emergency services,CMS Hospital General Information,https://data.cms.gov/provider-data/dataset/xubh-q36u,2026-07-02,"Fields copied from the official CMS Hospital General Information CSV: facility name, address, city, state, ZIP code, county, phone, hospital type, ownership and emergency services flag. Hospital type: Acute Care Hospitals. Ownership: Voluntary non-profit - Private. Emergency services listed by CMS: Yes. Coordinates from the U.S. Census Bureau batch geocoder (Non_Exact address match). CMS quality ratings and measures were intentionally not copied. Daily hours, prices and insurance details were not supplied by this intake.",220163,Hospital General Information,2026-07-02,2026-07-02,needs_review,"{""services"":{""field"":""services"",""status"":""source_backed"",""sourceUrl"":""https://data.cms.gov/provider-data/dataset/xubh-q36u"",""sourceTitle"":""CMS Hospital General Information"",""checkedDate"":""2026-07-02"",""sourceType"":""federal_open_data"",""locationSpecific"":true,""reviewerNote"":""Emergency services flag copied from the official CMS Hospital General Information row for this facility.""}}"
cms-220175,METROWEST MEDICAL CENTER,hospital,115 LINCOLN STREET,FRAMINGHAM,MA,MIDDLESEX,01701,42.284534098322,-71.420120357449,(508) 383-1000,Emergency services,CMS Hospital General Information,https://data.cms.gov/provider-data/dataset/xubh-q36u,2026-07-02,"Fields copied from the official CMS Hospital General Information CSV: facility name, address, city, state, ZIP code, county, phone, hospital type, ownership and emergency services flag. Hospital type: Acute Care Hospitals. Ownership: Voluntary non-profit - Private. Emergency services listed by CMS: Yes. Coordinates from the U.S. Census Bureau batch geocoder (Non_Exact address match). CMS quality ratings and measures were intentionally not copied. Daily hours, prices and insurance details were not supplied by this intake.",220175,Hospital General Information,2026-07-02,2026-07-02,needs_review,"{""services"":{""field"":""services"",""status"":""source_backed"",""sourceUrl"":""https://data.cms.gov/provider-data/dataset/xubh-q36u"",""sourceTitle"":""CMS Hospital General Information"",""checkedDate"":""2026-07-02"",""sourceType"":""federal_open_data"",""locationSpecific"":true,""reviewerNote"":""Emergency services flag copied from the official CMS Hospital General Information row for this facility.""}}"
cms-220176,ST VINCENT HOSPITAL,hospital,123 SUMMER STREET,WORCESTER,MA,WORCESTER,01608,42.265428939115,-71.795422483656,(508) 363-5000,Emergency services,CMS Hospital General Information,https://data.cms.gov/provider-data/dataset/xubh-q36u,2026-07-02,"Fields copied from the official CMS Hospital General Information CSV: facility name, address, city, state, ZIP code, county, phone, hospital type, ownership and emergency services flag. Hospital type: Acute Care Hospitals. Ownership: Proprietary. Emergency services listed by CMS: Yes. Coordinates from the U.S. Census Bureau batch geocoder (Exact address match). CMS quality ratings and measures were intentionally not copied. Daily hours, prices and insurance details were not supplied by this intake.",220176,Hospital General Information,2026-07-02,2026-07-02,needs_review,"{""services"":{""field"":""services"",""status"":""source_backed"",""sourceUrl"":""https://data.cms.gov/provider-data/dataset/xubh-q36u"",""sourceTitle"":""CMS Hospital General Information"",""checkedDate"":""2026-07-02"",""sourceType"":""federal_open_data"",""locationSpecific"":true,""reviewerNote"":""Emergency services flag copied from the official CMS Hospital General Information row for this facility.""}}"
cms-220177,NANTUCKET COTTAGE HOSPITAL,hospital,57 PROSPECT STREET,NANTUCKET,MA,NANTUCKET,02554,41.278140859741,-70.10366171605,(508) 228-1200,Emergency services,CMS Hospital General Information,https://data.cms.gov/provider-data/dataset/xubh-q36u,2026-07-02,"Fields copied from the official CMS Hospital General Information CSV: facility name, address, city, state, ZIP code, county, phone, hospital type, ownership and emergency services flag. Hospital type: Acute Care Hospitals. Ownership: Voluntary non-profit - Private. Emergency services listed by CMS: Yes. Coordinates from the U.S. Census Bureau batch geocoder (Exact address match). CMS quality ratings and measures were intentionally not copied. Daily hours, prices and insurance details were not supplied by this intake.",220177,Hospital General Information,2026-07-02,2026-07-02,needs_review,"{""services"":{""field"":""services"",""status"":""source_backed"",""sourceUrl"":""https://data.cms.gov/provider-data/dataset/xubh-q36u"",""sourceTitle"":""CMS Hospital General Information"",""checkedDate"":""2026-07-02"",""sourceType"":""federal_open_data"",""locationSpecific"":true,""reviewerNote"":""Emergency services flag copied from the official CMS Hospital General Information row for this facility.""}}"
cms-221300,MARTHA'S VINEYARD HOSPITAL INC,hospital,"ONE HOSPITAL ROAD, FIRST FL, WING 5,  PO BOX 1477",OAK BLUFFS,MA,DUKES,02557,41.460381194679,-70.580848620397,(508) 693-0410,Emergency services,CMS Hospital General Information,https://data.cms.gov/provider-data/dataset/xubh-q36u,2026-07-02,"Fields copied from the official CMS Hospital General Information CSV: facility name, address, city, state, ZIP code, county, phone, hospital type, ownership and emergency services flag. Hospital type: Critical Access Hospitals. Ownership: Voluntary non-profit - Private. Emergency services listed by CMS: Yes. Coordinates from the U.S. Census Bureau batch geocoder (Non_Exact address match). CMS quality ratings and measures were intentionally not copied. Daily hours, prices and insurance details were not supplied by this intake.",221300,Hospital General Information,2026-07-02,2026-07-02,needs_review,"{""services"":{""field"":""services"",""status"":""source_backed"",""sourceUrl"":""https://data.cms.gov/provider-data/dataset/xubh-q36u"",""sourceTitle"":""CMS Hospital General Information"",""checkedDate"":""2026-07-02"",""sourceType"":""federal_open_data"",""locationSpecific"":true,""reviewerNote"":""Emergency services flag copied from the official CMS Hospital General Information row for this facility.""}}"
cms-221302,FAIRVIEW HOSPITAL,hospital,29 LEWIS AVENUE,GREAT BARRINGTON,MA,BERKSHIRE,01230,42.19190632925,-73.372348456431,(413) 528-0790,Emergency services,CMS Hospital General Information,https://data.cms.gov/provider-data/dataset/xubh-q36u,2026-07-02,"Fields copied from the official CMS Hospital General Information CSV: facility name, address, city, state, ZIP code, county, phone, hospital type, ownership and emergency services flag. Hospital type: Critical Access Hospitals. Ownership: Voluntary non-profit - Private. Emergency services listed by CMS: Yes. Coordinates from the U.S. Census Bureau batch geocoder (Exact address match). CMS quality ratings and measures were intentionally not copied. Daily hours, prices and insurance details were not supplied by this intake.",221302,Hospital General Information,2026-07-02,2026-07-02,needs_review,"{""services"":{""field"":""services"",""status"":""source_backed"",""sourceUrl"":""https://data.cms.gov/provider-data/dataset/xubh-q36u"",""sourceTitle"":""CMS Hospital General Information"",""checkedDate"":""2026-07-02"",""sourceType"":""federal_open_data"",""locationSpecific"":true,""reviewerNote"":""Emergency services flag copied from the official CMS Hospital General Information row for this facility.""}}"
cms-221303,ATHOL MEMORIAL HOSPITAL,hospital,2033 MAIN STREET,ATHOL,MA,WORCESTER,01331,42.586348738041,-72.209131599927,(978) 249-3511,Emergency services,CMS Hospital General Information,https://data.cms.gov/provider-data/dataset/xubh-q36u,2026-07-02,"Fields copied from the official CMS Hospital General Information CSV: facility name, address, city, state, ZIP code, county, phone, hospital type, ownership and emergency services flag. Hospital type: Critical Access Hospitals. Ownership: Voluntary non-profit - Private. Emergency services listed by CMS: Yes. Coordinates from the U.S. Census Bureau batch geocoder (Exact address match). CMS quality ratings and measures were intentionally not copied. Daily hours, prices and insurance details were not supplied by this intake.",221303,Hospital General Information,2026-07-02,2026-07-02,needs_review,"{""services"":{""field"":""services"",""status"":""source_backed"",""sourceUrl"":""https://data.cms.gov/provider-data/dataset/xubh-q36u"",""sourceTitle"":""CMS Hospital General Information"",""checkedDate"":""2026-07-02"",""sourceType"":""federal_open_data"",""locationSpecific"":true,""reviewerNote"":""Emergency services flag copied from the official CMS Hospital General Information row for this facility.""}}"
cms-221304,NORTH ADAMS REGIONAL HOSPITAL CORPORATION,hospital,71 HOSPITAL AVENUE,NORTH ADAMS,MA,BERKSHIRE,01247,42.705837482197,-73.109467567158,(413) 664-5000,Emergency services,CMS Hospital General Information,https://data.cms.gov/provider-data/dataset/xubh-q36u,2026-07-02,"Fields copied from the official CMS Hospital General Information CSV: facility name, address, city, state, ZIP code, county, phone, hospital type, ownership and emergency services flag. Hospital type: Critical Access Hospitals. Ownership: Government - Federal. Emergency services listed by CMS: Yes. Coordinates from the U.S. Census Bureau batch geocoder (Exact address match). CMS quality ratings and measures were intentionally not copied. Daily hours, prices and insurance details were not supplied by this intake.",221304,Hospital General Information,2026-07-02,2026-07-02,needs_review,"{""services"":{""field"":""services"",""status"":""source_backed"",""sourceUrl"":""https://data.cms.gov/provider-data/dataset/xubh-q36u"",""sourceTitle"":""CMS Hospital General Information"",""checkedDate"":""2026-07-02"",""sourceType"":""federal_open_data"",""locationSpecific"":true,""reviewerNote"":""Emergency services flag copied from the official CMS Hospital General Information row for this facility.""}}"
cms-223300,FRANCISCAN CHILDREN'S HOSPITAL & REHAB CENTER,hospital,30 WARREN STREET,BRIGHTON,MA,SUFFOLK,02135,42.349741740264,-71.143961803729,(617) 254-3800,,CMS Hospital General Information,https://data.cms.gov/provider-data/dataset/xubh-q36u,2026-07-02,"Fields copied from the official CMS Hospital General Information CSV: facility name, address, city, state, ZIP code, county, phone, hospital type, ownership and emergency services flag. Hospital type: Childrens. Ownership: Voluntary non-profit - Private. Emergency services listed by CMS: No. Coordinates from the U.S. Census Bureau batch geocoder (Exact address match). CMS quality ratings and measures were intentionally not copied. Daily hours, prices and insurance details were not supplied by this intake.",223300,Hospital General Information,2026-07-02,2026-07-02,needs_review,
cms-223302,BOSTON CHILDREN'S HOSPITAL,hospital,300 LONGWOOD AVENUE,BOSTON,MA,SUFFOLK,02115,42.337942313146,-71.105701495477,(617) 735-6000,Emergency services,CMS Hospital General Information,https://data.cms.gov/provider-data/dataset/xubh-q36u,2026-07-02,"Fields copied from the official CMS Hospital General Information CSV: facility name, address, city, state, ZIP code, county, phone, hospital type, ownership and emergency services flag. Hospital type: Childrens. Ownership: Voluntary non-profit - Private. Emergency services listed by CMS: Yes. Coordinates from the U.S. Census Bureau batch geocoder (Exact address match). CMS quality ratings and measures were intentionally not copied. Daily hours, prices and insurance details were not supplied by this intake.",223302,Hospital General Information,2026-07-02,2026-07-02,needs_review,"{""services"":{""field"":""services"",""status"":""source_backed"",""sourceUrl"":""https://data.cms.gov/provider-data/dataset/xubh-q36u"",""sourceTitle"":""CMS Hospital General Information"",""checkedDate"":""2026-07-02"",""sourceType"":""federal_open_data"",""locationSpecific"":true,""reviewerNote"":""Emergency services flag copied from the official CMS Hospital General Information row for this facility.""}}"
cms-223304,THE SHRINERS' HOSPITAL FOR CHILDREN - BOSTON,hospital,51 BLOSSOM STREET,BOSTON,MA,SUFFOLK,02114,42.362780660456,-71.066861410144,(617) 722-3000,,CMS Hospital General Information,https://data.cms.gov/provider-data/dataset/xubh-q36u,2026-07-02,"Fields copied from the official CMS Hospital General Information CSV: facility name, address, city, state, ZIP code, county, phone, hospital type, ownership and emergency services flag. Hospital type: Childrens. Ownership: Proprietary. Emergency services listed by CMS: No. Coordinates from the U.S. Census Bureau batch geocoder (Exact address match). CMS quality ratings and measures were intentionally not copied. Daily hours, prices and insurance details were not supplied by this intake.",223304,Hospital General Information,2026-07-02,2026-07-02,needs_review,
cms-224001,TAUNTON STATE HOSPITAL,hospital,"60 HODGES AVENUE, BOX 151",TAUNTON,MA,BRISTOL,02780,41.905312428334,-71.101267337377,(508) 977-3000,,CMS Hospital General Information,https://data.cms.gov/provider-data/dataset/xubh-q36u,2026-07-02,"Fields copied from the official CMS Hospital General Information CSV: facility name, address, city, state, ZIP code, county, phone, hospital type, ownership and emergency services flag. Hospital type: Psychiatric. Ownership: Government - State. Emergency services listed by CMS: No. Coordinates from the U.S. Census Bureau batch geocoder (Exact address match). CMS quality ratings and measures were intentionally not copied. Daily hours, prices and insurance details were not supplied by this intake.",224001,Hospital General Information,2026-07-02,2026-07-02,needs_review,
cms-224007,MCLEAN HOSPITAL CORPORATION,hospital,115 MILL STREET,BELMONT,MA,MIDDLESEX,02478,42.394669541522,-71.195585460157,(617) 855-3450,,CMS Hospital General Information,https://data.cms.gov/provider-data/dataset/xubh-q36u,2026-07-02,"Fields copied from the official CMS Hospital General Information CSV: facility name, address, city, state, ZIP code, county, phone, hospital type, ownership and emergency services flag. Hospital type: Psychiatric. Ownership: Voluntary non-profit - Private. Emergency services listed by CMS: No. Coordinates from the U.S. Census Bureau batch geocoder (Exact address match). CMS quality ratings and measures were intentionally not copied. Daily hours, prices and insurance details were not supplied by this intake.",224007,Hospital General Information,2026-07-02,2026-07-02,needs_review,
cms-224013,ARBOUR HOSPITAL,hospital,49 ROBINWOOD AVENUE,BOSTON,MA,SUFFOLK,02130,42.316200757465,-71.111962915979,(617) 522-4400,,CMS Hospital General Information,https://data.cms.gov/provider-data/dataset/xubh-q36u,2026-07-02,"Fields copied from the official CMS Hospital General Information CSV: facility name, address, city, state, ZIP code, county, phone, hospital type, ownership and emergency services flag. Hospital type: Psychiatric. Ownership: Proprietary. Emergency services listed by CMS: No. Coordinates from the U.S. Census Bureau batch geocoder (Exact address match). CMS quality ratings and measures were intentionally not copied. Daily hours, prices and insurance details were not supplied by this intake.",224013,Hospital General Information,2026-07-02,2026-07-02,needs_review,
cms-224018,ARBOUR HUMAN RESOURCE INSTITUTE,hospital,227 BABCOCK STREET,BROOKLINE,MA,NORFOLK,02446,42.350535495982,-71.121422150832,(617) 731-3200,,CMS Hospital General Information,https://data.cms.gov/provider-data/dataset/xubh-q36u,2026-07-02,"Fields copied from the official CMS Hospital General Information CSV: facility name, address, city, state, ZIP code, county, phone, hospital type, ownership and emergency services flag. Hospital type: Psychiatric. Ownership: Proprietary. Emergency services listed by CMS: No. Coordinates from the U.S. Census Bureau batch geocoder (Exact address match). CMS quality ratings and measures were intentionally not copied. Daily hours, prices and insurance details were not supplied by this intake.",224018,Hospital General Information,2026-07-02,2026-07-02,needs_review,
cms-224021,ARBOUR-FULLER HOSPITAL,hospital,200 MAY STREET,SOUTH ATTLEBORO,MA,BRISTOL,02703,41.926358380222,-71.360958155337,(508) 761-8500,,CMS Hospital General Information,https://data.cms.gov/provider-data/dataset/xubh-q36u,2026-07-02,"Fields copied from the official CMS Hospital General Information CSV: facility name, address, city, state, ZIP code, county, phone, hospital type, ownership and emergency services flag. Hospital type: Psychiatric. Ownership: Proprietary. Emergency services listed by CMS: No. Coordinates from the U.S. Census Bureau batch geocoder (Exact address match). CMS quality ratings and measures were intentionally not copied. Daily hours, prices and insurance details were not supplied by this intake.",224021,Hospital General Information,2026-07-02,2026-07-02,needs_review,
cms-224022,BOURNEWOOD HOSPITAL,hospital,300 SOUTH STREET,BROOKLINE,MA,MIDDLESEX,02467,42.297695128122,-71.150898898252,(617) 469-0300,,CMS Hospital General Information,https://data.cms.gov/provider-data/dataset/xubh-q36u,2026-07-02,"Fields copied from the official CMS Hospital General Information CSV: facility name, address, city, state, ZIP code, county, phone, hospital type, ownership and emergency services flag. Hospital type: Psychiatric. Ownership: Proprietary. Emergency services listed by CMS: No. Coordinates from the U.S. Census Bureau batch geocoder (Non_Exact address match). CMS quality ratings and measures were intentionally not copied. Daily hours, prices and insurance details were not supplied by this intake.",224022,Hospital General Information,2026-07-02,2026-07-02,needs_review,
cms-224023,WESTWOOD PEMBROKE HEALTH SYSTEMS,hospital,45 CLAPBOARDTREE STREET,WESTWOOD,MA,NORFOLK,02090,42.208620479487,-71.22315164673,(617) 762-7764,Emergency services,CMS Hospital General Information,https://data.cms.gov/provider-data/dataset/xubh-q36u,2026-07-02,"Fields copied from the official CMS Hospital General Information CSV: facility name, address, city, state, ZIP code, county, phone, hospital type, ownership and emergency services flag. Hospital type: Psychiatric. Ownership: Proprietary. Emergency services listed by CMS: Yes. Coordinates from the U.S. Census Bureau batch geocoder (Exact address match). CMS quality ratings and measures were intentionally not copied. Daily hours, prices and insurance details were not supplied by this intake.",224023,Hospital General Information,2026-07-02,2026-07-02,needs_review,"{""services"":{""field"":""services"",""status"":""source_backed"",""sourceUrl"":""https://data.cms.gov/provider-data/dataset/xubh-q36u"",""sourceTitle"":""CMS Hospital General Information"",""checkedDate"":""2026-07-02"",""sourceType"":""federal_open_data"",""locationSpecific"":true,""reviewerNote"":""Emergency services flag copied from the official CMS Hospital General Information row for this facility.""}}"
cms-224028,DR JOHN C CORRIGAN MENTAL HEALTH CENTER,hospital,49 HILLSIDE STREET,FALL RIVER,MA,BRISTOL,02720,41.707865078152,-71.145778124557,(508) 235-7600,,CMS Hospital General Information,https://data.cms.gov/provider-data/dataset/xubh-q36u,2026-07-02,"Fields copied from the official CMS Hospital General Information CSV: facility name, address, city, state, ZIP code, county, phone, hospital type, ownership and emergency services flag. Hospital type: Psychiatric. Ownership: Government - State. Emergency services listed by CMS: No. Coordinates from the U.S. Census Bureau batch geocoder (Exact address match). CMS quality ratings and measures were intentionally not copied. Daily hours, prices and insurance details were not supplied by this intake.",224028,Hospital General Information,2026-07-02,2026-07-02,needs_review,
cms-224031,CAPE COD & ISLANDS COMMUNITY MENTAL HEALTH CENTER,hospital,830 COUNTY ROAD,POCASSET,MA,BARNSTABLE,02559,41.68955755803,-70.60124859665,(508) 563-2276,,CMS Hospital General Information,https://data.cms.gov/provider-data/dataset/xubh-q36u,2026-07-02,"Fields copied from the official CMS Hospital General Information CSV: facility name, address, city, state, ZIP code, county, phone, hospital type, ownership and emergency services flag. Hospital type: Psychiatric. Ownership: Government - State. Emergency services listed by CMS: No. Coordinates from the U.S. Census Bureau batch geocoder (Exact address match). CMS quality ratings and measures were intentionally not copied. Daily hours, prices and insurance details were not supplied by this intake.",224031,Hospital General Information,2026-07-02,2026-07-02,needs_review,
cms-224032,WORCESTER RECOVERY CENTER AND HOSPITAL,hospital,309 BELMONT STREET,WORCESTER,MA,WORCESTER,01604,42.273934751575,-71.764018729379,(508) 752-4681,,CMS Hospital General Information,https://data.cms.gov/provider-data/dataset/xubh-q36u,2026-07-02,"Fields copied from the official CMS Hospital General Information CSV: facility name, address, city, state, ZIP code, county, phone, hospital type, ownership and emergency services flag. Hospital type: Psychiatric. Ownership: Government - State. Emergency services listed by CMS: No. Coordinates from the U.S. Census Bureau batch geocoder (Exact address match). CMS quality ratings and measures were intentionally not copied. Daily hours, prices and insurance details were not supplied by this intake.",224032,Hospital General Information,2026-07-02,2026-07-02,needs_review,
cms-224038,"WALDEN BEHAVIORAL CARE, LLC",hospital,10 CAREMATRIX DR,DEDHAM,MA,NORFOLK,02026,42.225094483139,-71.17050148303,(781) 647-6727,,CMS Hospital General Information,https://data.cms.gov/provider-data/dataset/xubh-q36u,2026-07-02,"Fields copied from the official CMS Hospital General Information CSV: facility name, address, city, state, ZIP code, county, phone, hospital type, ownership and emergency services flag. Hospital type: Psychiatric. Ownership: Government - Federal. Emergency services listed by CMS: No. Coordinates from the U.S. Census Bureau batch geocoder (Exact address match). CMS quality ratings and measures were intentionally not copied. Daily hours, prices and insurance details were not supplied by this intake.",224038,Hospital General Information,2026-07-02,2026-07-02,needs_review,
cms-224039,WHITTIER PAVILION,hospital,76 SUMMER STREET,HAVERHILL,MA,ESSEX,01830,42.777706635862,-71.073515622015,(978) 373-8222,,CMS Hospital General Information,https://data.cms.gov/provider-data/dataset/xubh-q36u,2026-07-02,"Fields copied from the official CMS Hospital General Information CSV: facility name, address, city, state, ZIP code, county, phone, hospital type, ownership and emergency services flag. Hospital type: Psychiatric. Ownership: Proprietary. Emergency services listed by CMS: No. Coordinates from the U.S. Census Bureau batch geocoder (Exact address match). CMS quality ratings and measures were intentionally not copied. Daily hours, prices and insurance details were not supplied by this intake.",224039,Hospital General Information,2026-07-02,2026-07-02,needs_review,
cms-224040,DR SOLOMON CARTER FULLER MENTAL HEALTH CENTER,hospital,85 EAST NEWTON STREET,BOSTON,MA,SUFFOLK,02118,42.33660779357,-71.071056794695,(617) 626-8700,,CMS Hospital General Information,https://data.cms.gov/provider-data/dataset/xubh-q36u,2026-07-02,"Fields copied from the official CMS Hospital General Information CSV: facility name, address, city, state, ZIP code, county, phone, hospital type, ownership and emergency services flag. Hospital type: Psychiatric. Ownership: Government - State. Emergency services listed by CMS: No. Coordinates from the U.S. Census Bureau batch geocoder (Exact address match). CMS quality ratings and measures were intentionally not copied. Daily hours, prices and insurance details were not supplied by this intake.",224040,Hospital General Information,2026-07-02,2026-07-02,needs_review,
cms-224041,SOUTHCOAST BEHAVIORAL HEALTH,hospital,581 FAUNCE CORNER ROAD,DARTMOUTH,MA,BRISTOL,02747,41.675254263558,-70.988118413596,(615) 861-6000,,CMS Hospital General Information,https://data.cms.gov/provider-data/dataset/xubh-q36u,2026-07-02,"Fields copied from the official CMS Hospital General Information CSV: facility name, address, city, state, ZIP code, county, phone, hospital type, ownership and emergency services flag. Hospital type: Psychiatric. Ownership: Proprietary. Emergency services listed by CMS: No. Coordinates from the U.S. Census Bureau batch geocoder (Exact address match). CMS quality ratings and measures were intentionally not copied. Daily hours, prices and insurance details were not supplied by this intake.",224041,Hospital General Information,2026-07-02,2026-07-02,needs_review,
cms-224043,TARAVISTA BEHAVIORAL HEALTH CENTER,hospital,85 PATTON ROAD,DEVENS,MA,WORCESTER,01434,42.529364032487,-71.616029850862,(978) 615-5200,,CMS Hospital General Information,https://data.cms.gov/provider-data/dataset/xubh-q36u,2026-07-02,"Fields copied from the official CMS Hospital General Information CSV: facility name, address, city, state, ZIP code, county, phone, hospital type, ownership and emergency services flag. Hospital type: Psychiatric. Ownership: Proprietary. Emergency services listed by CMS: No. Coordinates from the U.S. Census Bureau batch geocoder (Exact address match). CMS quality ratings and measures were intentionally not copied. Daily hours, prices and insurance details were not supplied by this intake.",224043,Hospital General Information,2026-07-02,2026-07-02,needs_review,
cms-224046,MIRAVISTA BEHAVIORAL HEALTH CENTER,hospital,1233 MAIN STREET,HOLYOKE,MA,HAMPDEN,01040,42.168054209271,-72.632667423039,(413) 701-2600,,CMS Hospital General Information,https://data.cms.gov/provider-data/dataset/xubh-q36u,2026-07-02,"Fields copied from the official CMS Hospital General Information CSV: facility name, address, city, state, ZIP code, county, phone, hospital type, ownership and emergency services flag. Hospital type: Psychiatric. Ownership: Proprietary. Emergency services listed by CMS: No. Coordinates from the U.S. Census Bureau batch geocoder (Exact address match). CMS quality ratings and measures were intentionally not copied. Daily hours, prices and insurance details were not supplied by this intake.",224046,Hospital General Information,2026-07-02,2026-07-02,needs_review,
cms-224047,VALLEY SPRINGS BEHAVIORAL HEALTH HOSPITAL,hospital,45 LOWER WESTFIELD ROAD,HOLYOKE,MA,HAMPDEN,01040,42.195180257479,-72.632360643893,(413) 315-4100,,CMS Hospital General Information,https://data.cms.gov/provider-data/dataset/xubh-q36u,2026-07-02,"Fields copied from the official CMS Hospital General Information CSV: facility name, address, city, state, ZIP code, county, phone, hospital type, ownership and emergency services flag. Hospital type: Psychiatric. Ownership: Proprietary. Emergency services listed by CMS: No. Coordinates from the U.S. Census Bureau batch geocoder (Non_Exact address match). CMS quality ratings and measures were intentionally not copied. Daily hours, prices and insurance details were not supplied by this intake.",224047,Hospital General Information,2026-07-02,2026-07-02,needs_review,
cms-300001,CONCORD HOSPITAL,hospital,250 PLEASANT ST,CONCORD,NH,MERRIMACK,03301,43.196056513232,-71.559752431833,(603) 225-2711,,CMS Hospital General Information,https://data.cms.gov/provider-data/dataset/xubh-q36u,2026-07-02,"Fields copied from the official CMS Hospital General Information CSV: facility name, address, city, state, ZIP code, county, phone, hospital type, ownership and emergency services flag. Hospital type: Acute Care Hospitals. Ownership: Voluntary non-profit - Private. Emergency services listed by CMS: No. Coordinates from the U.S. Census Bureau batch geocoder (Exact address match). CMS quality ratings and measures were intentionally not copied. Daily hours, prices and insurance details were not supplied by this intake.",300001,Hospital General Information,2026-07-02,2026-07-02,needs_review,
cms-300005,CONCORD HOSPITAL- LACONIA,hospital,80 HIGHLAND ST,LACONIA,NH,BELKNAP,03246,43.527887445235,-71.460904781489,(603) 524-3211,Emergency services,CMS Hospital General Information,https://data.cms.gov/provider-data/dataset/xubh-q36u,2026-07-02,"Fields copied from the official CMS Hospital General Information CSV: facility name, address, city, state, ZIP code, county, phone, hospital type, ownership and emergency services flag. Hospital type: Acute Care Hospitals. Ownership: Voluntary non-profit - Private. Emergency services listed by CMS: Yes. Coordinates from the U.S. Census Bureau batch geocoder (Exact address match). CMS quality ratings and measures were intentionally not copied. Daily hours, prices and insurance details were not supplied by this intake.",300005,Hospital General Information,2026-07-02,2026-07-02,needs_review,"{""services"":{""field"":""services"",""status"":""source_backed"",""sourceUrl"":""https://data.cms.gov/provider-data/dataset/xubh-q36u"",""sourceTitle"":""CMS Hospital General Information"",""checkedDate"":""2026-07-02"",""sourceType"":""federal_open_data"",""locationSpecific"":true,""reviewerNote"":""Emergency services flag copied from the official CMS Hospital General Information row for this facility.""}}"
cms-300011,ST JOSEPH HOSPITAL,hospital,172 KINSLEY ST,NASHUA,NH,HILLSBOROUGH,03060,42.750019388344,-71.480927681238,(603) 882-3000,Emergency services,CMS Hospital General Information,https://data.cms.gov/provider-data/dataset/xubh-q36u,2026-07-02,"Fields copied from the official CMS Hospital General Information CSV: facility name, address, city, state, ZIP code, county, phone, hospital type, ownership and emergency services flag. Hospital type: Acute Care Hospitals. Ownership: Voluntary non-profit - Other. Emergency services listed by CMS: Yes. Coordinates from the U.S. Census Bureau batch geocoder (Exact address match). CMS quality ratings and measures were intentionally not copied. Daily hours, prices and insurance details were not supplied by this intake.",300011,Hospital General Information,2026-07-02,2026-07-02,needs_review,"{""services"":{""field"":""services"",""status"":""source_backed"",""sourceUrl"":""https://data.cms.gov/provider-data/dataset/xubh-q36u"",""sourceTitle"":""CMS Hospital General Information"",""checkedDate"":""2026-07-02"",""sourceType"":""federal_open_data"",""locationSpecific"":true,""reviewerNote"":""Emergency services flag copied from the official CMS Hospital General Information row for this facility.""}}"
cms-300012,ELLIOT HOSPITAL,hospital,1 ELLIOT WAY,MANCHESTER,NH,HILLSBOROUGH,03103,42.982771371348,-71.434792806452,(603) 669-5300,Emergency services,CMS Hospital General Information,https://data.cms.gov/provider-data/dataset/xubh-q36u,2026-07-02,"Fields copied from the official CMS Hospital General Information CSV: facility name, address, city, state, ZIP code, county, phone, hospital type, ownership and emergency services flag. Hospital type: Acute Care Hospitals. Ownership: Voluntary non-profit - Private. Emergency services listed by CMS: Yes. Coordinates from the U.S. Census Bureau batch geocoder (Exact address match). CMS quality ratings and measures were intentionally not copied. Daily hours, prices and insurance details were not supplied by this intake.",300012,Hospital General Information,2026-07-02,2026-07-02,needs_review,"{""services"":{""field"":""services"",""status"":""source_backed"",""sourceUrl"":""https://data.cms.gov/provider-data/dataset/xubh-q36u"",""sourceTitle"":""CMS Hospital General Information"",""checkedDate"":""2026-07-02"",""sourceType"":""federal_open_data"",""locationSpecific"":true,""reviewerNote"":""Emergency services flag copied from the official CMS Hospital General Information row for this facility.""}}"
cms-300017,PARKLAND MEDICAL CENTER,hospital,1 PARKLAND DRIVE,DERRY,NH,ROCKINGHAM,03038,42.876926659325,-71.317325745184,(603) 421-2100,Emergency services,CMS Hospital General Information,https://data.cms.gov/provider-data/dataset/xubh-q36u,2026-07-02,"Fields copied from the official CMS Hospital General Information CSV: facility name, address, city, state, ZIP code, county, phone, hospital type, ownership and emergency services flag. Hospital type: Acute Care Hospitals. Ownership: Proprietary. Emergency services listed by CMS: Yes. Coordinates from the U.S. Census Bureau batch geocoder (Exact address match). CMS quality ratings and measures were intentionally not copied. Daily hours, prices and insurance details were not supplied by this intake.",300017,Hospital General Information,2026-07-02,2026-07-02,needs_review,"{""services"":{""field"":""services"",""status"":""source_backed"",""sourceUrl"":""https://data.cms.gov/provider-data/dataset/xubh-q36u"",""sourceTitle"":""CMS Hospital General Information"",""checkedDate"":""2026-07-02"",""sourceType"":""federal_open_data"",""locationSpecific"":true,""reviewerNote"":""Emergency services flag copied from the official CMS Hospital General Information row for this facility.""}}"
cms-300018,WENTWORTH-DOUGLASS HOSPITAL,hospital,789 CENTRAL AVE,DOVER,NH,STRAFFORD,03820,43.21214909112,-70.874760680242,(603) 740-2580,Emergency services,CMS Hospital General Information,https://data.cms.gov/provider-data/dataset/xubh-q36u,2026-07-02,"Fields copied from the official CMS Hospital General Information CSV: facility name, address, city, state, ZIP code, county, phone, hospital type, ownership and emergency services flag. Hospital type: Acute Care Hospitals. Ownership: Voluntary non-profit - Private. Emergency services listed by CMS: Yes. Coordinates from the U.S. Census Bureau batch geocoder (Exact address match). CMS quality ratings and measures were intentionally not copied. Daily hours, prices and insurance details were not supplied by this intake.",300018,Hospital General Information,2026-07-02,2026-07-02,needs_review,"{""services"":{""field"":""services"",""status"":""source_backed"",""sourceUrl"":""https://data.cms.gov/provider-data/dataset/xubh-q36u"",""sourceTitle"":""CMS Hospital General Information"",""checkedDate"":""2026-07-02"",""sourceType"":""federal_open_data"",""locationSpecific"":true,""reviewerNote"":""Emergency services flag copied from the official CMS Hospital General Information row for this facility.""}}"
cms-300019,CHESHIRE MEDICAL CENTER,hospital,580 COURT STREET,KEENE,NH,CHESHIRE,03431,42.949226806759,-72.289966036326,(603) 354-5400,Emergency services,CMS Hospital General Information,https://data.cms.gov/provider-data/dataset/xubh-q36u,2026-07-02,"Fields copied from the official CMS Hospital General Information CSV: facility name, address, city, state, ZIP code, county, phone, hospital type, ownership and emergency services flag. Hospital type: Acute Care Hospitals. Ownership: Voluntary non-profit - Private. Emergency services listed by CMS: Yes. Coordinates from the U.S. Census Bureau batch geocoder (Exact address match). CMS quality ratings and measures were intentionally not copied. Daily hours, prices and insurance details were not supplied by this intake.",300019,Hospital General Information,2026-07-02,2026-07-02,needs_review,"{""services"":{""field"":""services"",""status"":""source_backed"",""sourceUrl"":""https://data.cms.gov/provider-data/dataset/xubh-q36u"",""sourceTitle"":""CMS Hospital General Information"",""checkedDate"":""2026-07-02"",""sourceType"":""federal_open_data"",""locationSpecific"":true,""reviewerNote"":""Emergency services flag copied from the official CMS Hospital General Information row for this facility.""}}"
cms-300020,SOUTHERN NH MEDICAL CENTER,hospital,8 PROSPECT STREET,NASHUA,NH,HILLSBOROUGH,03060,42.756236369706,-71.460783851282,(603) 577-2000,Emergency services,CMS Hospital General Information,https://data.cms.gov/provider-data/dataset/xubh-q36u,2026-07-02,"Fields copied from the official CMS Hospital General Information CSV: facility name, address, city, state, ZIP code, county, phone, hospital type, ownership and emergency services flag. Hospital type: Acute Care Hospitals. Ownership: Voluntary non-profit - Private. Emergency services listed by CMS: Yes. Coordinates from the U.S. Census Bureau batch geocoder (Exact address match). CMS quality ratings and measures were intentionally not copied. Daily hours, prices and insurance details were not supplied by this intake.",300020,Hospital General Information,2026-07-02,2026-07-02,needs_review,"{""services"":{""field"":""services"",""status"":""source_backed"",""sourceUrl"":""https://data.cms.gov/provider-data/dataset/xubh-q36u"",""sourceTitle"":""CMS Hospital General Information"",""checkedDate"":""2026-07-02"",""sourceType"":""federal_open_data"",""locationSpecific"":true,""reviewerNote"":""Emergency services flag copied from the official CMS Hospital General Information row for this facility.""}}"
cms-300023,EXETER HOSPITAL INC,hospital,5 ALUMNI DRIVE,EXETER,NH,ROCKINGHAM,03833,42.983607106263,-70.934717659584,(603) 778-7311,Emergency services,CMS Hospital General Information,https://data.cms.gov/provider-data/dataset/xubh-q36u,2026-07-02,"Fields copied from the official CMS Hospital General Information CSV: facility name, address, city, state, ZIP code, county, phone, hospital type, ownership and emergency services flag. Hospital type: Acute Care Hospitals. Ownership: Voluntary non-profit - Private. Emergency services listed by CMS: Yes. Coordinates from the U.S. Census Bureau batch geocoder (Exact address match). CMS quality ratings and measures were intentionally not copied. Daily hours, prices and insurance details were not supplied by this intake.",300023,Hospital General Information,2026-07-02,2026-07-02,needs_review,"{""services"":{""field"":""services"",""status"":""source_backed"",""sourceUrl"":""https://data.cms.gov/provider-data/dataset/xubh-q36u"",""sourceTitle"":""CMS Hospital General Information"",""checkedDate"":""2026-07-02"",""sourceType"":""federal_open_data"",""locationSpecific"":true,""reviewerNote"":""Emergency services flag copied from the official CMS Hospital General Information row for this facility.""}}"
cms-300029,PORTSMOUTH REGIONAL HOSPITAL,hospital,333 BORTHWICK AVE,PORTSMOUTH,NH,ROCKINGHAM,03801,43.063699605846,-70.790736136573,(603) 436-5110,Emergency services,CMS Hospital General Information,https://data.cms.gov/provider-data/dataset/xubh-q36u,2026-07-02,"Fields copied from the official CMS Hospital General Information CSV: facility name, address, city, state, ZIP code, county, phone, hospital type, ownership and emergency services flag. Hospital type: Acute Care Hospitals. Ownership: Proprietary. Emergency services listed by CMS: Yes. Coordinates from the U.S. Census Bureau batch geocoder (Exact address match). CMS quality ratings and measures were intentionally not copied. Daily hours, prices and insurance details were not supplied by this intake.",300029,Hospital General Information,2026-07-02,2026-07-02,needs_review,"{""services"":{""field"":""services"",""status"":""source_backed"",""sourceUrl"":""https://data.cms.gov/provider-data/dataset/xubh-q36u"",""sourceTitle"":""CMS Hospital General Information"",""checkedDate"":""2026-07-02"",""sourceType"":""federal_open_data"",""locationSpecific"":true,""reviewerNote"":""Emergency services flag copied from the official CMS Hospital General Information row for this facility.""}}"
cms-301300,UPPER CONNECTICUT VALLEY HOSPITAL,hospital,181 CORLISS LANE,COLEBROOK,NH,COOS,03576,44.904089990101,-71.481967434054,(603) 237-4971,Emergency services,CMS Hospital General Information,https://data.cms.gov/provider-data/dataset/xubh-q36u,2026-07-02,"Fields copied from the official CMS Hospital General Information CSV: facility name, address, city, state, ZIP code, county, phone, hospital type, ownership and emergency services flag. Hospital type: Critical Access Hospitals. Ownership: Voluntary non-profit - Private. Emergency services listed by CMS: Yes. Coordinates from the U.S. Census Bureau batch geocoder (Exact address match). CMS quality ratings and measures were intentionally not copied. Daily hours, prices and insurance details were not supplied by this intake.",301300,Hospital General Information,2026-07-02,2026-07-02,needs_review,"{""services"":{""field"":""services"",""status"":""source_backed"",""sourceUrl"":""https://data.cms.gov/provider-data/dataset/xubh-q36u"",""sourceTitle"":""CMS Hospital General Information"",""checkedDate"":""2026-07-02"",""sourceType"":""federal_open_data"",""locationSpecific"":true,""reviewerNote"":""Emergency services flag copied from the official CMS Hospital General Information row for this facility.""}}"
cms-301301,COTTAGE HOSPITAL,hospital,90 SWIFTWATER RD,WOODSVILLE,NH,GRAFTON,03785,44.137462490495,-72.025460394765,(603) 747-9000,Emergency services,CMS Hospital General Information,https://data.cms.gov/provider-data/dataset/xubh-q36u,2026-07-02,"Fields copied from the official CMS Hospital General Information CSV: facility name, address, city, state, ZIP code, county, phone, hospital type, ownership and emergency services flag. Hospital type: Critical Access Hospitals. Ownership: Voluntary non-profit - Private. Emergency services listed by CMS: Yes. Coordinates from the U.S. Census Bureau batch geocoder (Exact address match). CMS quality ratings and measures were intentionally not copied. Daily hours, prices and insurance details were not supplied by this intake.",301301,Hospital General Information,2026-07-02,2026-07-02,needs_review,"{""services"":{""field"":""services"",""status"":""source_backed"",""sourceUrl"":""https://data.cms.gov/provider-data/dataset/xubh-q36u"",""sourceTitle"":""CMS Hospital General Information"",""checkedDate"":""2026-07-02"",""sourceType"":""federal_open_data"",""locationSpecific"":true,""reviewerNote"":""Emergency services flag copied from the official CMS Hospital General Information row for this facility.""}}"
cms-301302,LITTLETON REGIONAL HEALTHCARE,hospital,600 ST JOHNSBURY ROAD,LITTLETON,NH,GRAFTON,03561,44.31515673669,-71.828981128802,(603) 444-9000,Emergency services,CMS Hospital General Information,https://data.cms.gov/provider-data/dataset/xubh-q36u,2026-07-02,"Fields copied from the official CMS Hospital General Information CSV: facility name, address, city, state, ZIP code, county, phone, hospital type, ownership and emergency services flag. Hospital type: Critical Access Hospitals. Ownership: Voluntary non-profit - Private. Emergency services listed by CMS: Yes. Coordinates from the U.S. Census Bureau batch geocoder (Exact address match). CMS quality ratings and measures were intentionally not copied. Daily hours, prices and insurance details were not supplied by this intake.",301302,Hospital General Information,2026-07-02,2026-07-02,needs_review,"{""services"":{""field"":""services"",""status"":""source_backed"",""sourceUrl"":""https://data.cms.gov/provider-data/dataset/xubh-q36u"",""sourceTitle"":""CMS Hospital General Information"",""checkedDate"":""2026-07-02"",""sourceType"":""federal_open_data"",""locationSpecific"":true,""reviewerNote"":""Emergency services flag copied from the official CMS Hospital General Information row for this facility.""}}"
cms-301303,WEEKS MEDICAL CENTER,hospital,173 MIDDLE STREET,LANCASTER,NH,COOS,03584,44.486775169884,-71.555173245253,(603) 788-4911,Emergency services,CMS Hospital General Information,https://data.cms.gov/provider-data/dataset/xubh-q36u,2026-07-02,"Fields copied from the official CMS Hospital General Information CSV: facility name, address, city, state, ZIP code, county, phone, hospital type, ownership and emergency services flag. Hospital type: Critical Access Hospitals. Ownership: Voluntary non-profit - Private. Emergency services listed by CMS: Yes. Coordinates from the U.S. Census Bureau batch geocoder (Exact address match). CMS quality ratings and measures were intentionally not copied. Daily hours, prices and insurance details were not supplied by this intake.",301303,Hospital General Information,2026-07-02,2026-07-02,needs_review,"{""services"":{""field"":""services"",""status"":""source_backed"",""sourceUrl"":""https://data.cms.gov/provider-data/dataset/xubh-q36u"",""sourceTitle"":""CMS Hospital General Information"",""checkedDate"":""2026-07-02"",""sourceType"":""federal_open_data"",""locationSpecific"":true,""reviewerNote"":""Emergency services flag copied from the official CMS Hospital General Information row for this facility.""}}"
cms-301304,NEW LONDON HOSPITAL,hospital,273 COUNTY ROAD,NEW LONDON,NH,MERRIMACK,03257,43.420995376059,-72.001339422095,(603) 526-2911,Emergency services,CMS Hospital General Information,https://data.cms.gov/provider-data/dataset/xubh-q36u,2026-07-02,"Fields copied from the official CMS Hospital General Information CSV: facility name, address, city, state, ZIP code, county, phone, hospital type, ownership and emergency services flag. Hospital type: Critical Access Hospitals. Ownership: Voluntary non-profit - Private. Emergency services listed by CMS: Yes. Coordinates from the U.S. Census Bureau batch geocoder (Exact address match). CMS quality ratings and measures were intentionally not copied. Daily hours, prices and insurance details were not supplied by this intake.",301304,Hospital General Information,2026-07-02,2026-07-02,needs_review,"{""services"":{""field"":""services"",""status"":""source_backed"",""sourceUrl"":""https://data.cms.gov/provider-data/dataset/xubh-q36u"",""sourceTitle"":""CMS Hospital General Information"",""checkedDate"":""2026-07-02"",""sourceType"":""federal_open_data"",""locationSpecific"":true,""reviewerNote"":""Emergency services flag copied from the official CMS Hospital General Information row for this facility.""}}"
cms-301305,ALICE PECK DAY MEMORIAL HOSPITAL,hospital,10 ALICE PECK DAY DRIVE,LEBANON,NH,GRAFTON,03766,43.639458617463,-72.263766828602,(603) 448-3121,Emergency services,CMS Hospital General Information,https://data.cms.gov/provider-data/dataset/xubh-q36u,2026-07-02,"Fields copied from the official CMS Hospital General Information CSV: facility name, address, city, state, ZIP code, county, phone, hospital type, ownership and emergency services flag. Hospital type: Critical Access Hospitals. Ownership: Voluntary non-profit - Private. Emergency services listed by CMS: Yes. Coordinates from the U.S. Census Bureau batch geocoder (Exact address match). CMS quality ratings and measures were intentionally not copied. Daily hours, prices and insurance details were not supplied by this intake.",301305,Hospital General Information,2026-07-02,2026-07-02,needs_review,"{""services"":{""field"":""services"",""status"":""source_backed"",""sourceUrl"":""https://data.cms.gov/provider-data/dataset/xubh-q36u"",""sourceTitle"":""CMS Hospital General Information"",""checkedDate"":""2026-07-02"",""sourceType"":""federal_open_data"",""locationSpecific"":true,""reviewerNote"":""Emergency services flag copied from the official CMS Hospital General Information row for this facility.""}}"
cms-301306,CONCORD HOSPITAL- FRANKLIN,hospital,15 AIKEN AVENUE,FRANKLIN,NH,MERRIMACK,03235,43.447506568214,-71.64225910871,(603) 934-2060,Emergency services,CMS Hospital General Information,https://data.cms.gov/provider-data/dataset/xubh-q36u,2026-07-02,"Fields copied from the official CMS Hospital General Information CSV: facility name, address, city, state, ZIP code, county, phone, hospital type, ownership and emergency services flag. Hospital type: Critical Access Hospitals. Ownership: Voluntary non-profit - Private. Emergency services listed by CMS: Yes. Coordinates from the U.S. Census Bureau batch geocoder (Exact address match). CMS quality ratings and measures were intentionally not copied. Daily hours, prices and insurance details were not supplied by this intake.",301306,Hospital General Information,2026-07-02,2026-07-02,needs_review,"{""services"":{""field"":""services"",""status"":""source_backed"",""sourceUrl"":""https://data.cms.gov/provider-data/dataset/xubh-q36u"",""sourceTitle"":""CMS Hospital General Information"",""checkedDate"":""2026-07-02"",""sourceType"":""federal_open_data"",""locationSpecific"":true,""reviewerNote"":""Emergency services flag copied from the official CMS Hospital General Information row for this facility.""}}"
cms-301307,"MEMORIAL HOSPITAL, THE",hospital,3073 WHITE MOUNTAIN HIGHWAY,NORTH CONWAY,NH,CARROLL,03860,44.059307801601,-71.136566743776,(603) 356-5461,Emergency services,CMS Hospital General Information,https://data.cms.gov/provider-data/dataset/xubh-q36u,2026-07-02,"Fields copied from the official CMS Hospital General Information CSV: facility name, address, city, state, ZIP code, county, phone, hospital type, ownership and emergency services flag. Hospital type: Critical Access Hospitals. Ownership: Voluntary non-profit - Private. Emergency services listed by CMS: Yes. Coordinates from the U.S. Census Bureau batch geocoder (Exact address match). CMS quality ratings and measures were intentionally not copied. Daily hours, prices and insurance details were not supplied by this intake.",301307,Hospital General Information,2026-07-02,2026-07-02,needs_review,"{""services"":{""field"":""services"",""status"":""source_backed"",""sourceUrl"":""https://data.cms.gov/provider-data/dataset/xubh-q36u"",""sourceTitle"":""CMS Hospital General Information"",""checkedDate"":""2026-07-02"",""sourceType"":""federal_open_data"",""locationSpecific"":true,""reviewerNote"":""Emergency services flag copied from the official CMS Hospital General Information row for this facility.""}}"
cms-301308,VALLEY REGIONAL HOSPITAL,hospital,243 ELM STREET,CLAREMONT,NH,SULLIVAN,03743,43.390047685028,-72.340697529406,(603) 542-7771,Emergency services,CMS Hospital General Information,https://data.cms.gov/provider-data/dataset/xubh-q36u,2026-07-02,"Fields copied from the official CMS Hospital General Information CSV: facility name, address, city, state, ZIP code, county, phone, hospital type, ownership and emergency services flag. Hospital type: Critical Access Hospitals. Ownership: Voluntary non-profit - Private. Emergency services listed by CMS: Yes. Coordinates from the U.S. Census Bureau batch geocoder (Exact address match). CMS quality ratings and measures were intentionally not copied. Daily hours, prices and insurance details were not supplied by this intake.",301308,Hospital General Information,2026-07-02,2026-07-02,needs_review,"{""services"":{""field"":""services"",""status"":""source_backed"",""sourceUrl"":""https://data.cms.gov/provider-data/dataset/xubh-q36u"",""sourceTitle"":""CMS Hospital General Information"",""checkedDate"":""2026-07-02"",""sourceType"":""federal_open_data"",""locationSpecific"":true,""reviewerNote"":""Emergency services flag copied from the official CMS Hospital General Information row for this facility.""}}"
cms-301309,MONADNOCK COMMUNITY HOSPITAL,hospital,452 OLD STREET ROAD,PETERBOROUGH,NH,HILLSBOROUGH,03458,42.892811429519,-71.937332323214,(603) 924-7191,Emergency services,CMS Hospital General Information,https://data.cms.gov/provider-data/dataset/xubh-q36u,2026-07-02,"Fields copied from the official CMS Hospital General Information CSV: facility name, address, city, state, ZIP code, county, phone, hospital type, ownership and emergency services flag. Hospital type: Critical Access Hospitals. Ownership: Voluntary non-profit - Private. Emergency services listed by CMS: Yes. Coordinates from the U.S. Census Bureau batch geocoder (Exact address match). CMS quality ratings and measures were intentionally not copied. Daily hours, prices and insurance details were not supplied by this intake.",301309,Hospital General Information,2026-07-02,2026-07-02,needs_review,"{""services"":{""field"":""services"",""status"":""source_backed"",""sourceUrl"":""https://data.cms.gov/provider-data/dataset/xubh-q36u"",""sourceTitle"":""CMS Hospital General Information"",""checkedDate"":""2026-07-02"",""sourceType"":""federal_open_data"",""locationSpecific"":true,""reviewerNote"":""Emergency services flag copied from the official CMS Hospital General Information row for this facility.""}}"
cms-301310,ANDROSCOGGIN VALLEY HOSPITAL,hospital,59 PAGE HILL ROAD,BERLIN,NH,COOS,03570,44.487143455149,-71.15672517459,(603) 752-2200,Emergency services,CMS Hospital General Information,https://data.cms.gov/provider-data/dataset/xubh-q36u,2026-07-02,"Fields copied from the official CMS Hospital General Information CSV: facility name, address, city, state, ZIP code, county, phone, hospital type, ownership and emergency services flag. Hospital type: Critical Access Hospitals. Ownership: Voluntary non-profit - Private. Emergency services listed by CMS: Yes. Coordinates from the U.S. Census Bureau batch geocoder (Exact address match). CMS quality ratings and measures were intentionally not copied. Daily hours, prices and insurance details were not supplied by this intake.",301310,Hospital General Information,2026-07-02,2026-07-02,needs_review,"{""services"":{""field"":""services"",""status"":""source_backed"",""sourceUrl"":""https://data.cms.gov/provider-data/dataset/xubh-q36u"",""sourceTitle"":""CMS Hospital General Information"",""checkedDate"":""2026-07-02"",""sourceType"":""federal_open_data"",""locationSpecific"":true,""reviewerNote"":""Emergency services flag copied from the official CMS Hospital General Information row for this facility.""}}"
cms-301311,SPEARE MEMORIAL HOSPITAL,hospital,16 HOSPITAL ROAD,PLYMOUTH,NH,GRAFTON,03264,43.757336315519,-71.695228284842,(603) 536-1120,Emergency services,CMS Hospital General Information,https://data.cms.gov/provider-data/dataset/xubh-q36u,2026-07-02,"Fields copied from the official CMS Hospital General Information CSV: facility name, address, city, state, ZIP code, county, phone, hospital type, ownership and emergency services flag. Hospital type: Critical Access Hospitals. Ownership: Voluntary non-profit - Private. Emergency services listed by CMS: Yes. Coordinates from the U.S. Census Bureau batch geocoder (Exact address match). CMS quality ratings and measures were intentionally not copied. Daily hours, prices and insurance details were not supplied by this intake.",301311,Hospital General Information,2026-07-02,2026-07-02,needs_review,"{""services"":{""field"":""services"",""status"":""source_backed"",""sourceUrl"":""https://data.cms.gov/provider-data/dataset/xubh-q36u"",""sourceTitle"":""CMS Hospital General Information"",""checkedDate"":""2026-07-02"",""sourceType"":""federal_open_data"",""locationSpecific"":true,""reviewerNote"":""Emergency services flag copied from the official CMS Hospital General Information row for this facility.""}}"
cms-301312,HUGGINS HOSPITAL,hospital,240 SOUTH MAIN STREET,WOLFEBORO,NH,CARROLL,03894,43.581445995976,-71.202294464133,(603) 569-7500,Emergency services,CMS Hospital General Information,https://data.cms.gov/provider-data/dataset/xubh-q36u,2026-07-02,"Fields copied from the official CMS Hospital General Information CSV: facility name, address, city, state, ZIP code, county, phone, hospital type, ownership and emergency services flag. Hospital type: Critical Access Hospitals. Ownership: Voluntary non-profit - Private. Emergency services listed by CMS: Yes. Coordinates from the U.S. Census Bureau batch geocoder (Exact address match). CMS quality ratings and measures were intentionally not copied. Daily hours, prices and insurance details were not supplied by this intake.",301312,Hospital General Information,2026-07-02,2026-07-02,needs_review,"{""services"":{""field"":""services"",""status"":""source_backed"",""sourceUrl"":""https://data.cms.gov/provider-data/dataset/xubh-q36u"",""sourceTitle"":""CMS Hospital General Information"",""checkedDate"":""2026-07-02"",""sourceType"":""federal_open_data"",""locationSpecific"":true,""reviewerNote"":""Emergency services flag copied from the official CMS Hospital General Information row for this facility.""}}"
cms-304001,HAMPSTEAD HOSPITAL & RESIDENTIAL TREATMENT FACILIT,hospital,218 EAST ROAD,HAMPSTEAD,NH,ROCKINGHAM,03841,42.869166739156,-71.153620005663,(603) 329-5311,,CMS Hospital General Information,https://data.cms.gov/provider-data/dataset/xubh-q36u,2026-07-02,"Fields copied from the official CMS Hospital General Information CSV: facility name, address, city, state, ZIP code, county, phone, hospital type, ownership and emergency services flag. Hospital type: Psychiatric. Ownership: Proprietary. Emergency services listed by CMS: No. Coordinates from the U.S. Census Bureau batch geocoder (Exact address match). CMS quality ratings and measures were intentionally not copied. Daily hours, prices and insurance details were not supplied by this intake.",304001,Hospital General Information,2026-07-02,2026-07-02,needs_review,
cms-310001,HACKENSACK UNIVERSITY MEDICAL CENTER,hospital,30 PROSPECT AVE,HACKENSACK,NJ,BERGEN,07601,40.884235304847,-74.057754563776,(551) 996-2000,Emergency services,CMS Hospital General Information,https://data.cms.gov/provider-data/dataset/xubh-q36u,2026-07-02,"Fields copied from the official CMS Hospital General Information CSV: facility name, address, city, state, ZIP code, county, phone, hospital type, ownership and emergency services flag. Hospital type: Acute Care Hospitals. Ownership: Voluntary non-profit - Private. Emergency services listed by CMS: Yes. Coordinates from the U.S. Census Bureau batch geocoder (Exact address match). CMS quality ratings and measures were intentionally not copied. Daily hours, prices and insurance details were not supplied by this intake.",310001,Hospital General Information,2026-07-02,2026-07-02,needs_review,"{""services"":{""field"":""services"",""status"":""source_backed"",""sourceUrl"":""https://data.cms.gov/provider-data/dataset/xubh-q36u"",""sourceTitle"":""CMS Hospital General Information"",""checkedDate"":""2026-07-02"",""sourceType"":""federal_open_data"",""locationSpecific"":true,""reviewerNote"":""Emergency services flag copied from the official CMS Hospital General Information row for this facility.""}}"
cms-310002,NEWARK BETH ISRAEL MEDICAL CENTER,hospital,201 LYONS AVE,NEWARK,NJ,ESSEX,07112,40.710193249652,-74.213806380764,(973) 926-7000,Emergency services,CMS Hospital General Information,https://data.cms.gov/provider-data/dataset/xubh-q36u,2026-07-02,"Fields copied from the official CMS Hospital General Information CSV: facility name, address, city, state, ZIP code, county, phone, hospital type, ownership and emergency services flag. Hospital type: Acute Care Hospitals. Ownership: Voluntary non-profit - Private. Emergency services listed by CMS: Yes. Coordinates from the U.S. Census Bureau batch geocoder (Exact address match). CMS quality ratings and measures were intentionally not copied. Daily hours, prices and insurance details were not supplied by this intake.",310002,Hospital General Information,2026-07-02,2026-07-02,needs_review,"{""services"":{""field"":""services"",""status"":""source_backed"",""sourceUrl"":""https://data.cms.gov/provider-data/dataset/xubh-q36u"",""sourceTitle"":""CMS Hospital General Information"",""checkedDate"":""2026-07-02"",""sourceType"":""federal_open_data"",""locationSpecific"":true,""reviewerNote"":""Emergency services flag copied from the official CMS Hospital General Information row for this facility.""}}"
cms-310003,PALISADES MEDICAL CENTER,hospital,7600 RIVER RD,NORTH BERGEN,NJ,HUDSON,07047,40.794660130941,-73.997063020514,(201) 854-5000,Emergency services,CMS Hospital General Information,https://data.cms.gov/provider-data/dataset/xubh-q36u,2026-07-02,"Fields copied from the official CMS Hospital General Information CSV: facility name, address, city, state, ZIP code, county, phone, hospital type, ownership and emergency services flag. Hospital type: Acute Care Hospitals. Ownership: Voluntary non-profit - Private. Emergency services listed by CMS: Yes. Coordinates from the U.S. Census Bureau batch geocoder (Exact address match). CMS quality ratings and measures were intentionally not copied. Daily hours, prices and insurance details were not supplied by this intake.",310003,Hospital General Information,2026-07-02,2026-07-02,needs_review,"{""services"":{""field"":""services"",""status"":""source_backed"",""sourceUrl"":""https://data.cms.gov/provider-data/dataset/xubh-q36u"",""sourceTitle"":""CMS Hospital General Information"",""checkedDate"":""2026-07-02"",""sourceType"":""federal_open_data"",""locationSpecific"":true,""reviewerNote"":""Emergency services flag copied from the official CMS Hospital General Information row for this facility.""}}"
cms-310005,HUNTERDON MEDICAL CENTER,hospital,2100 WESCOTT DRIVE,FLEMINGTON,NJ,HUNTERDON,08822,40.531155292896,-74.858511142951,(908) 788-6100,,CMS Hospital General Information,https://data.cms.gov/provider-data/dataset/xubh-q36u,2026-07-02,"Fields copied from the official CMS Hospital General Information CSV: facility name, address, city, state, ZIP code, county, phone, hospital type, ownership and emergency services flag. Hospital type: Acute Care Hospitals. Ownership: Voluntary non-profit - Private. Emergency services listed by CMS: No. Coordinates from the U.S. Census Bureau batch geocoder (Exact address match). CMS quality ratings and measures were intentionally not copied. Daily hours, prices and insurance details were not supplied by this intake.",310005,Hospital General Information,2026-07-02,2026-07-02,needs_review,
cms-310006,ST MARY'S GENERAL HOSPITAL,hospital,350 BOULEVARD,PASSAIC,NJ,PASSAIC,07055,40.858253875464,-74.137050685462,(973) 365-4300,Emergency services,CMS Hospital General Information,https://data.cms.gov/provider-data/dataset/xubh-q36u,2026-07-02,"Fields copied from the official CMS Hospital General Information CSV: facility name, address, city, state, ZIP code, county, phone, hospital type, ownership and emergency services flag. Hospital type: Acute Care Hospitals. Ownership: Proprietary. Emergency services listed by CMS: Yes. Coordinates from the U.S. Census Bureau batch geocoder (Exact address match). CMS quality ratings and measures were intentionally not copied. Daily hours, prices and insurance details were not supplied by this intake.",310006,Hospital General Information,2026-07-02,2026-07-02,needs_review,"{""services"":{""field"":""services"",""status"":""source_backed"",""sourceUrl"":""https://data.cms.gov/provider-data/dataset/xubh-q36u"",""sourceTitle"":""CMS Hospital General Information"",""checkedDate"":""2026-07-02"",""sourceType"":""federal_open_data"",""locationSpecific"":true,""reviewerNote"":""Emergency services flag copied from the official CMS Hospital General Information row for this facility.""}}"
cms-310008,HOLY NAME MEDICAL CENTER,hospital,718 TEANECK RD,TEANECK,NJ,BERGEN,07666,40.881452920627,-74.009261734857,(201) 833-3000,Emergency services,CMS Hospital General Information,https://data.cms.gov/provider-data/dataset/xubh-q36u,2026-07-02,"Fields copied from the official CMS Hospital General Information CSV: facility name, address, city, state, ZIP code, county, phone, hospital type, ownership and emergency services flag. Hospital type: Acute Care Hospitals. Ownership: Voluntary non-profit - Private. Emergency services listed by CMS: Yes. Coordinates from the U.S. Census Bureau batch geocoder (Exact address match). CMS quality ratings and measures were intentionally not copied. Daily hours, prices and insurance details were not supplied by this intake.",310008,Hospital General Information,2026-07-02,2026-07-02,needs_review,"{""services"":{""field"":""services"",""status"":""source_backed"",""sourceUrl"":""https://data.cms.gov/provider-data/dataset/xubh-q36u"",""sourceTitle"":""CMS Hospital General Information"",""checkedDate"":""2026-07-02"",""sourceType"":""federal_open_data"",""locationSpecific"":true,""reviewerNote"":""Emergency services flag copied from the official CMS Hospital General Information row for this facility.""}}"
cms-310009,CLARA MAASS MEDICAL CENTER,hospital,ONE CLARA MAASS DRIVE,BELLEVILLE,NJ,ESSEX,07109,40.785588536559,-74.174879000145,(973) 450-2000,Emergency services,CMS Hospital General Information,https://data.cms.gov/provider-data/dataset/xubh-q36u,2026-07-02,"Fields copied from the official CMS Hospital General Information CSV: facility name, address, city, state, ZIP code, county, phone, hospital type, ownership and emergency services flag. Hospital type: Acute Care Hospitals. Ownership: Voluntary non-profit - Private. Emergency services listed by CMS: Yes. Coordinates from the U.S. Census Bureau batch geocoder (Non_Exact address match). CMS quality ratings and measures were intentionally not copied. Daily hours, prices and insurance details were not supplied by this intake.",310009,Hospital General Information,2026-07-02,2026-07-02,needs_review,"{""services"":{""field"":""services"",""status"":""source_backed"",""sourceUrl"":""https://data.cms.gov/provider-data/dataset/xubh-q36u"",""sourceTitle"":""CMS Hospital General Information"",""checkedDate"":""2026-07-02"",""sourceType"":""federal_open_data"",""locationSpecific"":true,""reviewerNote"":""Emergency services flag copied from the official CMS Hospital General Information row for this facility.""}}"
cms-310010,UNIVERSITY MEDICAL CENTER OF PRINCETON AT PLAINSBORO,hospital,ONE-FIVE PLAINSBORO ROAD,PLAINSBORO,NJ,MIDDLESEX,08536,40.338921314506,-74.625926643515,(609) 853-6500,Emergency services,CMS Hospital General Information,https://data.cms.gov/provider-data/dataset/xubh-q36u,2026-07-02,"Fields copied from the official CMS Hospital General Information CSV: facility name, address, city, state, ZIP code, county, phone, hospital type, ownership and emergency services flag. Hospital type: Acute Care Hospitals. Ownership: Voluntary non-profit - Private. Emergency services listed by CMS: Yes. Coordinates from the U.S. Census Bureau batch geocoder (Non_Exact address match). CMS quality ratings and measures were intentionally not copied. Daily hours, prices and insurance details were not supplied by this intake.",310010,Hospital General Information,2026-07-02,2026-07-02,needs_review,"{""services"":{""field"":""services"",""status"":""source_backed"",""sourceUrl"":""https://data.cms.gov/provider-data/dataset/xubh-q36u"",""sourceTitle"":""CMS Hospital General Information"",""checkedDate"":""2026-07-02"",""sourceType"":""federal_open_data"",""locationSpecific"":true,""reviewerNote"":""Emergency services flag copied from the official CMS Hospital General Information row for this facility.""}}"
cms-310011,CAPE REGIONAL MEDICAL CENTER INC,hospital,TWO STONE HARBOR BLVD,CAPE MAY COURT HOUSE,NJ,CAPE MAY,08210,39.091262988348,-74.809654562156,(609) 463-2000,Emergency services,CMS Hospital General Information,https://data.cms.gov/provider-data/dataset/xubh-q36u,2026-07-02,"Fields copied from the official CMS Hospital General Information CSV: facility name, address, city, state, ZIP code, county, phone, hospital type, ownership and emergency services flag. Hospital type: Acute Care Hospitals. Ownership: Voluntary non-profit - Private. Emergency services listed by CMS: Yes. Coordinates from the U.S. Census Bureau batch geocoder (Non_Exact address match). CMS quality ratings and measures were intentionally not copied. Daily hours, prices and insurance details were not supplied by this intake.",310011,Hospital General Information,2026-07-02,2026-07-02,needs_review,"{""services"":{""field"":""services"",""status"":""source_backed"",""sourceUrl"":""https://data.cms.gov/provider-data/dataset/xubh-q36u"",""sourceTitle"":""CMS Hospital General Information"",""checkedDate"":""2026-07-02"",""sourceType"":""federal_open_data"",""locationSpecific"":true,""reviewerNote"":""Emergency services flag copied from the official CMS Hospital General Information row for this facility.""}}"
cms-310014,COOPER UNIVERSITY HOSPITAL,hospital,1 COOPER PLAZA,CAMDEN,NJ,CAMDEN,08103,39.940853839241,-75.11577395674,(856) 342-2000,Emergency services,CMS Hospital General Information,https://data.cms.gov/provider-data/dataset/xubh-q36u,2026-07-02,"Fields copied from the official CMS Hospital General Information CSV: facility name, address, city, state, ZIP code, county, phone, hospital type, ownership and emergency services flag. Hospital type: Acute Care Hospitals. Ownership: Voluntary non-profit - Private. Emergency services listed by CMS: Yes. Coordinates from the U.S. Census Bureau batch geocoder (Exact address match). CMS quality ratings and measures were intentionally not copied. Daily hours, prices and insurance details were not supplied by this intake.",310014,Hospital General Information,2026-07-02,2026-07-02,needs_review,"{""services"":{""field"":""services"",""status"":""source_backed"",""sourceUrl"":""https://data.cms.gov/provider-data/dataset/xubh-q36u"",""sourceTitle"":""CMS Hospital General Information"",""checkedDate"":""2026-07-02"",""sourceType"":""federal_open_data"",""locationSpecific"":true,""reviewerNote"":""Emergency services flag copied from the official CMS Hospital General Information row for this facility.""}}"
cms-310016,HEIGHTS UNIVERSITY HOSPITAL,hospital,176 PALISADE AVE,JERSEY CITY,NJ,HUDSON,07306,40.733983217608,-74.050671938577,(201) 795-8200,,CMS Hospital General Information,https://data.cms.gov/provider-data/dataset/xubh-q36u,2026-07-02,"Fields copied from the official CMS Hospital General Information CSV: facility name, address, city, state, ZIP code, county, phone, hospital type, ownership and emergency services flag. Hospital type: Acute Care Hospitals. Ownership: Voluntary non-profit - Church. Emergency services listed by CMS: No. Coordinates from the U.S. Census Bureau batch geocoder (Exact address match). CMS quality ratings and measures were intentionally not copied. Daily hours, prices and insurance details were not supplied by this intake.",310016,Hospital General Information,2026-07-02,2026-07-02,needs_review,
cms-310019,ST JOSEPH'S UNIVERSITY MEDICAL CENTER INC,hospital,703 MAIN ST,PATERSON,NJ,PASSAIC,07503,40.90260266604,-74.166813271914,(973) 754-2010,,CMS Hospital General Information,https://data.cms.gov/provider-data/dataset/xubh-q36u,2026-07-02,"Fields copied from the official CMS Hospital General Information CSV: facility name, address, city, state, ZIP code, county, phone, hospital type, ownership and emergency services flag. Hospital type: Acute Care Hospitals. Ownership: Voluntary non-profit - Church. Emergency services listed by CMS: No. Coordinates from the U.S. Census Bureau batch geocoder (Exact address match). CMS quality ratings and measures were intentionally not copied. Daily hours, prices and insurance details were not supplied by this intake.",310019,Hospital General Information,2026-07-02,2026-07-02,needs_review,
cms-31001f,VA NEW JERSEY HEALTH CARE SYSTEM,hospital,385 TREMONT AVENUE,EAST ORANGE,NJ,ESSEX,07018,40.758993486757,-74.243284432763,(973) 676-1000,Emergency services,CMS Hospital General Information,https://data.cms.gov/provider-data/dataset/xubh-q36u,2026-07-02,"Fields copied from the official CMS Hospital General Information CSV: facility name, address, city, state, ZIP code, county, phone, hospital type, ownership and emergency services flag. Hospital type: Acute Care - Veterans Administration. Ownership: Veterans Health Administration. Emergency services listed by CMS: Yes. Coordinates from the U.S. Census Bureau batch geocoder (Non_Exact address match). CMS quality ratings and measures were intentionally not copied. Daily hours, prices and insurance details were not supplied by this intake.",31001F,Hospital General Information,2026-07-02,2026-07-02,needs_review,"{""services"":{""field"":""services"",""status"":""source_backed"",""sourceUrl"":""https://data.cms.gov/provider-data/dataset/xubh-q36u"",""sourceTitle"":""CMS Hospital General Information"",""checkedDate"":""2026-07-02"",""sourceType"":""federal_open_data"",""locationSpecific"":true,""reviewerNote"":""Emergency services flag copied from the official CMS Hospital General Information row for this facility.""}}"
cms-310022,WEST JERSEY HOSPITAL,hospital,100 BOWMAN DRIVE,VOORHEES,NJ,CAMDEN,08043,39.843793981818,-74.927620375361,(856) 247-3000,Emergency services,CMS Hospital General Information,https://data.cms.gov/provider-data/dataset/xubh-q36u,2026-07-02,"Fields copied from the official CMS Hospital General Information CSV: facility name, address, city, state, ZIP code, county, phone, hospital type, ownership and emergency services flag. Hospital type: Acute Care Hospitals. Ownership: Voluntary non-profit - Private. Emergency services listed by CMS: Yes. Coordinates from the U.S. Census Bureau batch geocoder (Exact address match). CMS quality ratings and measures were intentionally not copied. Daily hours, prices and insurance details were not supplied by this intake.",310022,Hospital General Information,2026-07-02,2026-07-02,needs_review,"{""services"":{""field"":""services"",""status"":""source_backed"",""sourceUrl"":""https://data.cms.gov/provider-data/dataset/xubh-q36u"",""sourceTitle"":""CMS Hospital General Information"",""checkedDate"":""2026-07-02"",""sourceType"":""federal_open_data"",""locationSpecific"":true,""reviewerNote"":""Emergency services flag copied from the official CMS Hospital General Information row for this facility.""}}"
cms-310024,ROBERT WOOD JOHNSON UNIVERSITY HOSPITAL AT RAHWAY,hospital,865 STONE ST,RAHWAY,NJ,UNION,07065,40.612221962327,-74.291204269256,(732) 381-4200,Emergency services,CMS Hospital General Information,https://data.cms.gov/provider-data/dataset/xubh-q36u,2026-07-02,"Fields copied from the official CMS Hospital General Information CSV: facility name, address, city, state, ZIP code, county, phone, hospital type, ownership and emergency services flag. Hospital type: Acute Care Hospitals. Ownership: Voluntary non-profit - Private. Emergency services listed by CMS: Yes. Coordinates from the U.S. Census Bureau batch geocoder (Exact address match). CMS quality ratings and measures were intentionally not copied. Daily hours, prices and insurance details were not supplied by this intake.",310024,Hospital General Information,2026-07-02,2026-07-02,needs_review,"{""services"":{""field"":""services"",""status"":""source_backed"",""sourceUrl"":""https://data.cms.gov/provider-data/dataset/xubh-q36u"",""sourceTitle"":""CMS Hospital General Information"",""checkedDate"":""2026-07-02"",""sourceType"":""federal_open_data"",""locationSpecific"":true,""reviewerNote"":""Emergency services flag copied from the official CMS Hospital General Information row for this facility.""}}"
cms-310025,CAREPOINT HEALTH - BAYONNE MEDICAL CENTER,hospital,29 EAST 29TH ST,BAYONNE,NJ,HUDSON,07002,40.668163712261,-74.113471487135,(201) 858-5000,,CMS Hospital General Information,https://data.cms.gov/provider-data/dataset/xubh-q36u,2026-07-02,"Fields copied from the official CMS Hospital General Information CSV: facility name, address, city, state, ZIP code, county, phone, hospital type, ownership and emergency services flag. Hospital type: Acute Care Hospitals. Ownership: Voluntary non-profit - Private. Emergency services listed by CMS: No. Coordinates from the U.S. Census Bureau batch geocoder (Exact address match). CMS quality ratings and measures were intentionally not copied. Daily hours, prices and insurance details were not supplied by this intake.",310025,Hospital General Information,2026-07-02,2026-07-02,needs_review,
cms-310027,TRINITAS REGIONAL MEDICAL CENTER,hospital,225 WILLIAMSON STREET,ELIZABETH,NJ,UNION,07207,40.659767268841,-74.214457047876,(908) 994-5000,Emergency services,CMS Hospital General Information,https://data.cms.gov/provider-data/dataset/xubh-q36u,2026-07-02,"Fields copied from the official CMS Hospital General Information CSV: facility name, address, city, state, ZIP code, county, phone, hospital type, ownership and emergency services flag. Hospital type: Acute Care Hospitals. Ownership: Voluntary non-profit - Private. Emergency services listed by CMS: Yes. Coordinates from the U.S. Census Bureau batch geocoder (Non_Exact address match). CMS quality ratings and measures were intentionally not copied. Daily hours, prices and insurance details were not supplied by this intake.",310027,Hospital General Information,2026-07-02,2026-07-02,needs_review,"{""services"":{""field"":""services"",""status"":""source_backed"",""sourceUrl"":""https://data.cms.gov/provider-data/dataset/xubh-q36u"",""sourceTitle"":""CMS Hospital General Information"",""checkedDate"":""2026-07-02"",""sourceType"":""federal_open_data"",""locationSpecific"":true,""reviewerNote"":""Emergency services flag copied from the official CMS Hospital General Information row for this facility.""}}"
cms-310028,NEWTON MEDICAL CENTER,hospital,175 HIGH ST,NEWTON,NJ,SUSSEX,07860,41.057032395513,-74.760308265084,(973) 383-2121,Emergency services,CMS Hospital General Information,https://data.cms.gov/provider-data/dataset/xubh-q36u,2026-07-02,"Fields copied from the official CMS Hospital General Information CSV: facility name, address, city, state, ZIP code, county, phone, hospital type, ownership and emergency services flag. Hospital type: Acute Care Hospitals. Ownership: Voluntary non-profit - Private. Emergency services listed by CMS: Yes. Coordinates from the U.S. Census Bureau batch geocoder (Exact address match). CMS quality ratings and measures were intentionally not copied. Daily hours, prices and insurance details were not supplied by this intake.",310028,Hospital General Information,2026-07-02,2026-07-02,needs_review,"{""services"":{""field"":""services"",""status"":""source_backed"",""sourceUrl"":""https://data.cms.gov/provider-data/dataset/xubh-q36u"",""sourceTitle"":""CMS Hospital General Information"",""checkedDate"":""2026-07-02"",""sourceType"":""federal_open_data"",""locationSpecific"":true,""reviewerNote"":""Emergency services flag copied from the official CMS Hospital General Information row for this facility.""}}"
cms-310031,DEBORAH HEART AND LUNG CENTER,hospital,200 TRENTON ROAD,BROWNS MILLS,NJ,BURLINGTON,08015,39.976121465515,-74.58538898133,(609) 893-6611,,CMS Hospital General Information,https://data.cms.gov/provider-data/dataset/xubh-q36u,2026-07-02,"Fields copied from the official CMS Hospital General Information CSV: facility name, address, city, state, ZIP code, county, phone, hospital type, ownership and emergency services flag. Hospital type: Acute Care Hospitals. Ownership: Voluntary non-profit - Private. Emergency services listed by CMS: No. Coordinates from the U.S. Census Bureau batch geocoder (Exact address match). CMS quality ratings and measures were intentionally not copied. Daily hours, prices and insurance details were not supplied by this intake.",310031,Hospital General Information,2026-07-02,2026-07-02,needs_review,
cms-310032,INSPIRA MEDICAL CENTER VINELAND,hospital,1505 W SHERMAN AVE,VINELAND,NJ,CUMBERLAND,08360,39.447304386751,-75.05570058835,(856) 641-8000,Emergency services,CMS Hospital General Information,https://data.cms.gov/provider-data/dataset/xubh-q36u,2026-07-02,"Fields copied from the official CMS Hospital General Information CSV: facility name, address, city, state, ZIP code, county, phone, hospital type, ownership and emergency services flag. Hospital type: Acute Care Hospitals. Ownership: Voluntary non-profit - Private. Emergency services listed by CMS: Yes. Coordinates from the U.S. Census Bureau batch geocoder (Exact address match). CMS quality ratings and measures were intentionally not copied. Daily hours, prices and insurance details were not supplied by this intake.",310032,Hospital General Information,2026-07-02,2026-07-02,needs_review,"{""services"":{""field"":""services"",""status"":""source_backed"",""sourceUrl"":""https://data.cms.gov/provider-data/dataset/xubh-q36u"",""sourceTitle"":""CMS Hospital General Information"",""checkedDate"":""2026-07-02"",""sourceType"":""federal_open_data"",""locationSpecific"":true,""reviewerNote"":""Emergency services flag copied from the official CMS Hospital General Information row for this facility.""}}"
cms-310034,RIVERVIEW MEDICAL CENTER,hospital,ONE RIVERVIEW PLAZA,RED BANK,NJ,MONMOUTH,07701,40.353137402518,-74.064797647511,(732) 741-2700,Emergency services,CMS Hospital General Information,https://data.cms.gov/provider-data/dataset/xubh-q36u,2026-07-02,"Fields copied from the official CMS Hospital General Information CSV: facility name, address, city, state, ZIP code, county, phone, hospital type, ownership and emergency services flag. Hospital type: Acute Care Hospitals. Ownership: Voluntary non-profit - Private. Emergency services listed by CMS: Yes. Coordinates from the U.S. Census Bureau batch geocoder (Exact address match). CMS quality ratings and measures were intentionally not copied. Daily hours, prices and insurance details were not supplied by this intake.",310034,Hospital General Information,2026-07-02,2026-07-02,needs_review,"{""services"":{""field"":""services"",""status"":""source_backed"",""sourceUrl"":""https://data.cms.gov/provider-data/dataset/xubh-q36u"",""sourceTitle"":""CMS Hospital General Information"",""checkedDate"":""2026-07-02"",""sourceType"":""federal_open_data"",""locationSpecific"":true,""reviewerNote"":""Emergency services flag copied from the official CMS Hospital General Information row for this facility.""}}"
cms-310039,RARITAN BAY MEDICAL CENTER,hospital,530 NEW BRUNSWICK AVE,PERTH AMBOY,NJ,MIDDLESEX,08861,40.518661574308,-74.281019271812,(732) 324-5000,Emergency services,CMS Hospital General Information,https://data.cms.gov/provider-data/dataset/xubh-q36u,2026-07-02,"Fields copied from the official CMS Hospital General Information CSV: facility name, address, city, state, ZIP code, county, phone, hospital type, ownership and emergency services flag. Hospital type: Acute Care Hospitals. Ownership: Voluntary non-profit - Private. Emergency services listed by CMS: Yes. Coordinates from the U.S. Census Bureau batch geocoder (Exact address match). CMS quality ratings and measures were intentionally not copied. Daily hours, prices and insurance details were not supplied by this intake.",310039,Hospital General Information,2026-07-02,2026-07-02,needs_review,"{""services"":{""field"":""services"",""status"":""source_backed"",""sourceUrl"":""https://data.cms.gov/provider-data/dataset/xubh-q36u"",""sourceTitle"":""CMS Hospital General Information"",""checkedDate"":""2026-07-02"",""sourceType"":""federal_open_data"",""locationSpecific"":true,""reviewerNote"":""Emergency services flag copied from the official CMS Hospital General Information row for this facility.""}}"
cms-310040,CAREPOINT HEALTH-HOBOKEN UNIVERSITY MEDICAL CENTER,hospital,308 WILLOW AVE,HOBOKEN,NJ,HUDSON,07030,40.740768927901,-74.033762468082,(201) 418-1000,,CMS Hospital General Information,https://data.cms.gov/provider-data/dataset/xubh-q36u,2026-07-02,"Fields copied from the official CMS Hospital General Information CSV: facility name, address, city, state, ZIP code, county, phone, hospital type, ownership and emergency services flag. Hospital type: Acute Care Hospitals. Ownership: Voluntary non-profit - Church. Emergency services listed by CMS: No. Coordinates from the U.S. Census Bureau batch geocoder (Exact address match). CMS quality ratings and measures were intentionally not copied. Daily hours, prices and insurance details were not supplied by this intake.",310040,Hospital General Information,2026-07-02,2026-07-02,needs_review,
cms-310041,COMMUNITY MEDICAL CENTER,hospital,99 RT 37 WEST,TOMS RIVER,NJ,OCEAN,08755,39.965405361549,-74.217121616,(732) 557-8000,Emergency services,CMS Hospital General Information,https://data.cms.gov/provider-data/dataset/xubh-q36u,2026-07-02,"Fields copied from the official CMS Hospital General Information CSV: facility name, address, city, state, ZIP code, county, phone, hospital type, ownership and emergency services flag. Hospital type: Acute Care Hospitals. Ownership: Voluntary non-profit - Private. Emergency services listed by CMS: Yes. Coordinates from the U.S. Census Bureau batch geocoder (Non_Exact address match). CMS quality ratings and measures were intentionally not copied. Daily hours, prices and insurance details were not supplied by this intake.",310041,Hospital General Information,2026-07-02,2026-07-02,needs_review,"{""services"":{""field"":""services"",""status"":""source_backed"",""sourceUrl"":""https://data.cms.gov/provider-data/dataset/xubh-q36u"",""sourceTitle"":""CMS Hospital General Information"",""checkedDate"":""2026-07-02"",""sourceType"":""federal_open_data"",""locationSpecific"":true,""reviewerNote"":""Emergency services flag copied from the official CMS Hospital General Information row for this facility.""}}"
cms-310048,ROBERT WOOD JOHNSON UNIVERSITY HOSPITAL - SOMERSET,hospital,110 REHILL AVE,SOMERVILLE,NJ,SOMERSET,08876,40.568065756698,-74.595885644787,(908) 685-2200,Emergency services,CMS Hospital General Information,https://data.cms.gov/provider-data/dataset/xubh-q36u,2026-07-02,"Fields copied from the official CMS Hospital General Information CSV: facility name, address, city, state, ZIP code, county, phone, hospital type, ownership and emergency services flag. Hospital type: Acute Care Hospitals. Ownership: Voluntary non-profit - Private. Emergency services listed by CMS: Yes. Coordinates from the U.S. Census Bureau batch geocoder (Exact address match). CMS quality ratings and measures were intentionally not copied. Daily hours, prices and insurance details were not supplied by this intake.",310048,Hospital General Information,2026-07-02,2026-07-02,needs_review,"{""services"":{""field"":""services"",""status"":""source_backed"",""sourceUrl"":""https://data.cms.gov/provider-data/dataset/xubh-q36u"",""sourceTitle"":""CMS Hospital General Information"",""checkedDate"":""2026-07-02"",""sourceType"":""federal_open_data"",""locationSpecific"":true,""reviewerNote"":""Emergency services flag copied from the official CMS Hospital General Information row for this facility.""}}"
cms-310050,SAINT CLARE'S HOSPITAL/ DENVILLE CAMPUS,hospital,25 POCONO ROAD,DENVILLE,NJ,MORRIS,07834,40.894359748023,-74.463231388377,(973) 983-5569,Emergency services,CMS Hospital General Information,https://data.cms.gov/provider-data/dataset/xubh-q36u,2026-07-02,"Fields copied from the official CMS Hospital General Information CSV: facility name, address, city, state, ZIP code, county, phone, hospital type, ownership and emergency services flag. Hospital type: Acute Care Hospitals. Ownership: Proprietary. Emergency services listed by CMS: Yes. Coordinates from the U.S. Census Bureau batch geocoder (Exact address match). CMS quality ratings and measures were intentionally not copied. Daily hours, prices and insurance details were not supplied by this intake.",310050,Hospital General Information,2026-07-02,2026-07-02,needs_review,"{""services"":{""field"":""services"",""status"":""source_backed"",""sourceUrl"":""https://data.cms.gov/provider-data/dataset/xubh-q36u"",""sourceTitle"":""CMS Hospital General Information"",""checkedDate"":""2026-07-02"",""sourceType"":""federal_open_data"",""locationSpecific"":true,""reviewerNote"":""Emergency services flag copied from the official CMS Hospital General Information row for this facility.""}}"
cms-310051,OVERLOOK MEDICAL CENTER,hospital,99 BEAUVOIR AVENUE,SUMMIT,NJ,UNION,07901,40.712373866146,-74.354378694007,(908) 522-2000,Emergency services,CMS Hospital General Information,https://data.cms.gov/provider-data/dataset/xubh-q36u,2026-07-02,"Fields copied from the official CMS Hospital General Information CSV: facility name, address, city, state, ZIP code, county, phone, hospital type, ownership and emergency services flag. Hospital type: Acute Care Hospitals. Ownership: Voluntary non-profit - Private. Emergency services listed by CMS: Yes. Coordinates from the U.S. Census Bureau batch geocoder (Exact address match). CMS quality ratings and measures were intentionally not copied. Daily hours, prices and insurance details were not supplied by this intake.",310051,Hospital General Information,2026-07-02,2026-07-02,needs_review,"{""services"":{""field"":""services"",""status"":""source_backed"",""sourceUrl"":""https://data.cms.gov/provider-data/dataset/xubh-q36u"",""sourceTitle"":""CMS Hospital General Information"",""checkedDate"":""2026-07-02"",""sourceType"":""federal_open_data"",""locationSpecific"":true,""reviewerNote"":""Emergency services flag copied from the official CMS Hospital General Information row for this facility.""}}"
cms-310052,OCEAN MEDICAL CENTER,hospital,425 JACK MARTIN BLVD,BRICK,NJ,OCEAN,08724,40.077894216238,-74.129047950712,(732) 840-2200,Emergency services,CMS Hospital General Information,https://data.cms.gov/provider-data/dataset/xubh-q36u,2026-07-02,"Fields copied from the official CMS Hospital General Information CSV: facility name, address, city, state, ZIP code, county, phone, hospital type, ownership and emergency services flag. Hospital type: Acute Care Hospitals. Ownership: Voluntary non-profit - Other. Emergency services listed by CMS: Yes. Coordinates from the U.S. Census Bureau batch geocoder (Exact address match). CMS quality ratings and measures were intentionally not copied. Daily hours, prices and insurance details were not supplied by this intake.",310052,Hospital General Information,2026-07-02,2026-07-02,needs_review,"{""services"":{""field"":""services"",""status"":""source_backed"",""sourceUrl"":""https://data.cms.gov/provider-data/dataset/xubh-q36u"",""sourceTitle"":""CMS Hospital General Information"",""checkedDate"":""2026-07-02"",""sourceType"":""federal_open_data"",""locationSpecific"":true,""reviewerNote"":""Emergency services flag copied from the official CMS Hospital General Information row for this facility.""}}"
cms-310057,VIRTUA MOUNT HOLLY HOSPITAL,hospital,175 MADISON AVE,MOUNT HOLLY,NJ,BURLINGTON,08060,39.986157363725,-74.795527699549,(609) 267-0700,Emergency services,CMS Hospital General Information,https://data.cms.gov/provider-data/dataset/xubh-q36u,2026-07-02,"Fields copied from the official CMS Hospital General Information CSV: facility name, address, city, state, ZIP code, county, phone, hospital type, ownership and emergency services flag. Hospital type: Acute Care Hospitals. Ownership: Voluntary non-profit - Private. Emergency services listed by CMS: Yes. Coordinates from the U.S. Census Bureau batch geocoder (Exact address match). CMS quality ratings and measures were intentionally not copied. Daily hours, prices and insurance details were not supplied by this intake.",310057,Hospital General Information,2026-07-02,2026-07-02,needs_review,"{""services"":{""field"":""services"",""status"":""source_backed"",""sourceUrl"":""https://data.cms.gov/provider-data/dataset/xubh-q36u"",""sourceTitle"":""CMS Hospital General Information"",""checkedDate"":""2026-07-02"",""sourceType"":""federal_open_data"",""locationSpecific"":true,""reviewerNote"":""Emergency services flag copied from the official CMS Hospital General Information row for this facility.""}}"
cms-310060,ST LUKE'S WARREN HOSPITAL,hospital,185 ROSEBERRY ST,PHILLIPSBURG,NJ,WARREN,08865,40.701703244528,-75.179587837484,(908) 847-6700,Emergency services,CMS Hospital General Information,https://data.cms.gov/provider-data/dataset/xubh-q36u,2026-07-02,"Fields copied from the official CMS Hospital General Information CSV: facility name, address, city, state, ZIP code, county, phone, hospital type, ownership and emergency services flag. Hospital type: Acute Care Hospitals. Ownership: Voluntary non-profit - Private. Emergency services listed by CMS: Yes. Coordinates from the U.S. Census Bureau batch geocoder (Exact address match). CMS quality ratings and measures were intentionally not copied. Daily hours, prices and insurance details were not supplied by this intake.",310060,Hospital General Information,2026-07-02,2026-07-02,needs_review,"{""services"":{""field"":""services"",""status"":""source_backed"",""sourceUrl"":""https://data.cms.gov/provider-data/dataset/xubh-q36u"",""sourceTitle"":""CMS Hospital General Information"",""checkedDate"":""2026-07-02"",""sourceType"":""federal_open_data"",""locationSpecific"":true,""reviewerNote"":""Emergency services flag copied from the official CMS Hospital General Information row for this facility.""}}"
cms-310064,ATLANTICARE REGIONAL MEDICAL CENTER - CITY CAMPUS,hospital,1925 PACIFIC AVENUE,ATLANTIC CITY,NJ,ATLANTIC,08401,39.35795913271,-74.433683226706,(609) 441-8020,Emergency services,CMS Hospital General Information,https://data.cms.gov/provider-data/dataset/xubh-q36u,2026-07-02,"Fields copied from the official CMS Hospital General Information CSV: facility name, address, city, state, ZIP code, county, phone, hospital type, ownership and emergency services flag. Hospital type: Acute Care Hospitals. Ownership: Voluntary non-profit - Private. Emergency services listed by CMS: Yes. Coordinates from the U.S. Census Bureau batch geocoder (Exact address match). CMS quality ratings and measures were intentionally not copied. Daily hours, prices and insurance details were not supplied by this intake.",310064,Hospital General Information,2026-07-02,2026-07-02,needs_review,"{""services"":{""field"":""services"",""status"":""source_backed"",""sourceUrl"":""https://data.cms.gov/provider-data/dataset/xubh-q36u"",""sourceTitle"":""CMS Hospital General Information"",""checkedDate"":""2026-07-02"",""sourceType"":""federal_open_data"",""locationSpecific"":true,""reviewerNote"":""Emergency services flag copied from the official CMS Hospital General Information row for this facility.""}}"
cms-310069,INSPIRA MEDICAL CENTER MULLICA HILL,hospital,501 WEST FRONT STREET,ELMER,NJ,SALEM,08318,39.588419860896,-75.179383419175,(856) 363-1000,Emergency services,CMS Hospital General Information,https://data.cms.gov/provider-data/dataset/xubh-q36u,2026-07-02,"Fields copied from the official CMS Hospital General Information CSV: facility name, address, city, state, ZIP code, county, phone, hospital type, ownership and emergency services flag. Hospital type: Acute Care Hospitals. Ownership: Voluntary non-profit - Private. Emergency services listed by CMS: Yes. Coordinates from the U.S. Census Bureau batch geocoder (Non_Exact address match). CMS quality ratings and measures were intentionally not copied. Daily hours, prices and insurance details were not supplied by this intake.",310069,Hospital General Information,2026-07-02,2026-07-02,needs_review,"{""services"":{""field"":""services"",""status"":""source_backed"",""sourceUrl"":""https://data.cms.gov/provider-data/dataset/xubh-q36u"",""sourceTitle"":""CMS Hospital General Information"",""checkedDate"":""2026-07-02"",""sourceType"":""federal_open_data"",""locationSpecific"":true,""reviewerNote"":""Emergency services flag copied from the official CMS Hospital General Information row for this facility.""}}"
cms-310070,SAINT PETER'S UNIVERSITY HOSPITAL,hospital,254 EASTON AVE,NEW BRUNSWICK,NJ,MIDDLESEX,08901,40.502083480438,-74.459981552264,(732) 745-8600,Emergency services,CMS Hospital General Information,https://data.cms.gov/provider-data/dataset/xubh-q36u,2026-07-02,"Fields copied from the official CMS Hospital General Information CSV: facility name, address, city, state, ZIP code, county, phone, hospital type, ownership and emergency services flag. Hospital type: Acute Care Hospitals. Ownership: Voluntary non-profit - Private. Emergency services listed by CMS: Yes. Coordinates from the U.S. Census Bureau batch geocoder (Exact address match). CMS quality ratings and measures were intentionally not copied. Daily hours, prices and insurance details were not supplied by this intake.",310070,Hospital General Information,2026-07-02,2026-07-02,needs_review,"{""services"":{""field"":""services"",""status"":""source_backed"",""sourceUrl"":""https://data.cms.gov/provider-data/dataset/xubh-q36u"",""sourceTitle"":""CMS Hospital General Information"",""checkedDate"":""2026-07-02"",""sourceType"":""federal_open_data"",""locationSpecific"":true,""reviewerNote"":""Emergency services flag copied from the official CMS Hospital General Information row for this facility.""}}"
cms-310073,JERSEY SHORE UNIVERSITY MEDICAL CENTER,hospital,1945 RTE 33,NEPTUNE,NJ,MONMOUTH,07754,40.207880241747,-74.038288554139,(732) 775-5500,Emergency services,CMS Hospital General Information,https://data.cms.gov/provider-data/dataset/xubh-q36u,2026-07-02,"Fields copied from the official CMS Hospital General Information CSV: facility name, address, city, state, ZIP code, county, phone, hospital type, ownership and emergency services flag. Hospital type: Acute Care Hospitals. Ownership: Voluntary non-profit - Private. Emergency services listed by CMS: Yes. Coordinates from the U.S. Census Bureau batch geocoder (Non_Exact address match). CMS quality ratings and measures were intentionally not copied. Daily hours, prices and insurance details were not supplied by this intake.",310073,Hospital General Information,2026-07-02,2026-07-02,needs_review,"{""services"":{""field"":""services"",""status"":""source_backed"",""sourceUrl"":""https://data.cms.gov/provider-data/dataset/xubh-q36u"",""sourceTitle"":""CMS Hospital General Information"",""checkedDate"":""2026-07-02"",""sourceType"":""federal_open_data"",""locationSpecific"":true,""reviewerNote"":""Emergency services flag copied from the official CMS Hospital General Information row for this facility.""}}"
cms-310074,JERSEY CITY MEDICAL CENTER,hospital,355 GRAND STREET,JERSEY CITY,NJ,HUDSON,07302,40.716578523075,-74.049611376228,(201) 915-2000,Emergency services,CMS Hospital General Information,https://data.cms.gov/provider-data/dataset/xubh-q36u,2026-07-02,"Fields copied from the official CMS Hospital General Information CSV: facility name, address, city, state, ZIP code, county, phone, hospital type, ownership and emergency services flag. Hospital type: Acute Care Hospitals. Ownership: Voluntary non-profit - Private. Emergency services listed by CMS: Yes. Coordinates from the U.S. Census Bureau batch geocoder (Exact address match). CMS quality ratings and measures were intentionally not copied. Daily hours, prices and insurance details were not supplied by this intake.",310074,Hospital General Information,2026-07-02,2026-07-02,needs_review,"{""services"":{""field"":""services"",""status"":""source_backed"",""sourceUrl"":""https://data.cms.gov/provider-data/dataset/xubh-q36u"",""sourceTitle"":""CMS Hospital General Information"",""checkedDate"":""2026-07-02"",""sourceType"":""federal_open_data"",""locationSpecific"":true,""reviewerNote"":""Emergency services flag copied from the official CMS Hospital General Information row for this facility.""}}"
cms-310075,MONMOUTH MEDICAL CENTER,hospital,300 SECOND AVENUE,LONG BRANCH,NJ,MONMOUTH,07740,40.295390144141,-73.983696008196,(732) 222-5200,Emergency services,CMS Hospital General Information,https://data.cms.gov/provider-data/dataset/xubh-q36u,2026-07-02,"Fields copied from the official CMS Hospital General Information CSV: facility name, address, city, state, ZIP code, county, phone, hospital type, ownership and emergency services flag. Hospital type: Acute Care Hospitals. Ownership: Voluntary non-profit - Private. Emergency services listed by CMS: Yes. Coordinates from the U.S. Census Bureau batch geocoder (Exact address match). CMS quality ratings and measures were intentionally not copied. Daily hours, prices and insurance details were not supplied by this intake.",310075,Hospital General Information,2026-07-02,2026-07-02,needs_review,"{""services"":{""field"":""services"",""status"":""source_backed"",""sourceUrl"":""https://data.cms.gov/provider-data/dataset/xubh-q36u"",""sourceTitle"":""CMS Hospital General Information"",""checkedDate"":""2026-07-02"",""sourceType"":""federal_open_data"",""locationSpecific"":true,""reviewerNote"":""Emergency services flag copied from the official CMS Hospital General Information row for this facility.""}}"
cms-310076,COOPERMAN BARNABAS MEDICAL CENTER,hospital,94 OLD SHORT HILLS ROAD,LIVINGSTON,NJ,ESSEX,07039,40.76507767594,-74.301962263936,(973) 322-5000,Emergency services,CMS Hospital General Information,https://data.cms.gov/provider-data/dataset/xubh-q36u,2026-07-02,"Fields copied from the official CMS Hospital General Information CSV: facility name, address, city, state, ZIP code, county, phone, hospital type, ownership and emergency services flag. Hospital type: Acute Care Hospitals. Ownership: Voluntary non-profit - Private. Emergency services listed by CMS: Yes. Coordinates from the U.S. Census Bureau batch geocoder (Exact address match). CMS quality ratings and measures were intentionally not copied. Daily hours, prices and insurance details were not supplied by this intake.",310076,Hospital General Information,2026-07-02,2026-07-02,needs_review,"{""services"":{""field"":""services"",""status"":""source_backed"",""sourceUrl"":""https://data.cms.gov/provider-data/dataset/xubh-q36u"",""sourceTitle"":""CMS Hospital General Information"",""checkedDate"":""2026-07-02"",""sourceType"":""federal_open_data"",""locationSpecific"":true,""reviewerNote"":""Emergency services flag copied from the official CMS Hospital General Information row for this facility.""}}"
cms-310084,MONMOUTH MEDICAL CENTER-SOUTHERN CAMPUS,hospital,600 RIVER AVE,LAKEWOOD,NJ,OCEAN,08701,40.074125290296,-74.217434768341,(732) 363-1900,Emergency services,CMS Hospital General Information,https://data.cms.gov/provider-data/dataset/xubh-q36u,2026-07-02,"Fields copied from the official CMS Hospital General Information CSV: facility name, address, city, state, ZIP code, county, phone, hospital type, ownership and emergency services flag. Hospital type: Acute Care Hospitals. Ownership: Voluntary non-profit - Private. Emergency services listed by CMS: Yes. Coordinates from the U.S. Census Bureau batch geocoder (Exact address match). CMS quality ratings and measures were intentionally not copied. Daily hours, prices and insurance details were not supplied by this intake.",310084,Hospital General Information,2026-07-02,2026-07-02,needs_review,"{""services"":{""field"":""services"",""status"":""source_backed"",""sourceUrl"":""https://data.cms.gov/provider-data/dataset/xubh-q36u"",""sourceTitle"":""CMS Hospital General Information"",""checkedDate"":""2026-07-02"",""sourceType"":""federal_open_data"",""locationSpecific"":true,""reviewerNote"":""Emergency services flag copied from the official CMS Hospital General Information row for this facility.""}}"
cms-310086,JEFFERSON STRATFORD HOSPITAL,hospital,18 EAST LAUREL ROAD,STRATFORD,NJ,CAMDEN,08084,39.827680842996,-75.00946187667,(856) 346-7802,Emergency services,CMS Hospital General Information,https://data.cms.gov/provider-data/dataset/xubh-q36u,2026-07-02,"Fields copied from the official CMS Hospital General Information CSV: facility name, address, city, state, ZIP code, county, phone, hospital type, ownership and emergency services flag. Hospital type: Acute Care Hospitals. Ownership: Voluntary non-profit - Private. Emergency services listed by CMS: Yes. Coordinates from the U.S. Census Bureau batch geocoder (Non_Exact address match). CMS quality ratings and measures were intentionally not copied. Daily hours, prices and insurance details were not supplied by this intake.",310086,Hospital General Information,2026-07-02,2026-07-02,needs_review,"{""services"":{""field"":""services"",""status"":""source_backed"",""sourceUrl"":""https://data.cms.gov/provider-data/dataset/xubh-q36u"",""sourceTitle"":""CMS Hospital General Information"",""checkedDate"":""2026-07-02"",""sourceType"":""federal_open_data"",""locationSpecific"":true,""reviewerNote"":""Emergency services flag copied from the official CMS Hospital General Information row for this facility.""}}"
cms-310092,CAPITAL HEALTH REGIONAL MEDICAL CENTER,hospital,750 BRUNSWICK AVE,TRENTON,NJ,MERCER,08638,40.235748401673,-74.752830133515,(609) 394-6000,Emergency services,CMS Hospital General Information,https://data.cms.gov/provider-data/dataset/xubh-q36u,2026-07-02,"Fields copied from the official CMS Hospital General Information CSV: facility name, address, city, state, ZIP code, county, phone, hospital type, ownership and emergency services flag. Hospital type: Acute Care Hospitals. Ownership: Voluntary non-profit - Private. Emergency services listed by CMS: Yes. Coordinates from the U.S. Census Bureau batch geocoder (Exact address match). CMS quality ratings and measures were intentionally not copied. Daily hours, prices and insurance details were not supplied by this intake.",310092,Hospital General Information,2026-07-02,2026-07-02,needs_review,"{""services"":{""field"":""services"",""status"":""source_backed"",""sourceUrl"":""https://data.cms.gov/provider-data/dataset/xubh-q36u"",""sourceTitle"":""CMS Hospital General Information"",""checkedDate"":""2026-07-02"",""sourceType"":""federal_open_data"",""locationSpecific"":true,""reviewerNote"":""Emergency services flag copied from the official CMS Hospital General Information row for this facility.""}}"
cms-310096,SAINT MICHAEL'S MEDICAL CENTER,hospital,111 CENTRAL AVENUE,NEWARK,NJ,ESSEX,07102,40.742904272329,-74.173738741872,(973) 877-5350,Emergency services,CMS Hospital General Information,https://data.cms.gov/provider-data/dataset/xubh-q36u,2026-07-02,"Fields copied from the official CMS Hospital General Information CSV: facility name, address, city, state, ZIP code, county, phone, hospital type, ownership and emergency services flag. Hospital type: Acute Care Hospitals. Ownership: Voluntary non-profit - Private. Emergency services listed by CMS: Yes. Coordinates from the U.S. Census Bureau batch geocoder (Exact address match). CMS quality ratings and measures were intentionally not copied. Daily hours, prices and insurance details were not supplied by this intake.",310096,Hospital General Information,2026-07-02,2026-07-02,needs_review,"{""services"":{""field"":""services"",""status"":""source_backed"",""sourceUrl"":""https://data.cms.gov/provider-data/dataset/xubh-q36u"",""sourceTitle"":""CMS Hospital General Information"",""checkedDate"":""2026-07-02"",""sourceType"":""federal_open_data"",""locationSpecific"":true,""reviewerNote"":""Emergency services flag copied from the official CMS Hospital General Information row for this facility.""}}"
cms-310108,JFK UNIVERSITY MEDICAL CENTER,hospital,65 JAMES STREET,EDISON,NJ,MIDDLESEX,08818,40.557747295143,-74.350743255445,(732) 321-7000,Emergency services,CMS Hospital General Information,https://data.cms.gov/provider-data/dataset/xubh-q36u,2026-07-02,"Fields copied from the official CMS Hospital General Information CSV: facility name, address, city, state, ZIP code, county, phone, hospital type, ownership and emergency services flag. Hospital type: Acute Care Hospitals. Ownership: Voluntary non-profit - Private. Emergency services listed by CMS: Yes. Coordinates from the U.S. Census Bureau batch geocoder (Non_Exact address match). CMS quality ratings and measures were intentionally not copied. Daily hours, prices and insurance details were not supplied by this intake.",310108,Hospital General Information,2026-07-02,2026-07-02,needs_review,"{""services"":{""field"":""services"",""status"":""source_backed"",""sourceUrl"":""https://data.cms.gov/provider-data/dataset/xubh-q36u"",""sourceTitle"":""CMS Hospital General Information"",""checkedDate"":""2026-07-02"",""sourceType"":""federal_open_data"",""locationSpecific"":true,""reviewerNote"":""Emergency services flag copied from the official CMS Hospital General Information row for this facility.""}}"
cms-310110,ROBERT WOOD JOHNSON UNIVERSITY HOSPITAL AT HAMILTON,hospital,ONE HAMILTON HEALTH PLACE,HAMILTON,NJ,MERCER,08690,40.216267652406,-74.675552533148,(609) 586-7900,Emergency services,CMS Hospital General Information,https://data.cms.gov/provider-data/dataset/xubh-q36u,2026-07-02,"Fields copied from the official CMS Hospital General Information CSV: facility name, address, city, state, ZIP code, county, phone, hospital type, ownership and emergency services flag. Hospital type: Acute Care Hospitals. Ownership: Voluntary non-profit - Private. Emergency services listed by CMS: Yes. Coordinates from the U.S. Census Bureau batch geocoder (Exact address match). CMS quality ratings and measures were intentionally not copied. Daily hours, prices and insurance details were not supplied by this intake.",310110,Hospital General Information,2026-07-02,2026-07-02,needs_review,"{""services"":{""field"":""services"",""status"":""source_backed"",""sourceUrl"":""https://data.cms.gov/provider-data/dataset/xubh-q36u"",""sourceTitle"":""CMS Hospital General Information"",""checkedDate"":""2026-07-02"",""sourceType"":""federal_open_data"",""locationSpecific"":true,""reviewerNote"":""Emergency services flag copied from the official CMS Hospital General Information row for this facility.""}}"
cms-310111,CENTRASTATE MEDICAL CENTER,hospital,901 WEST MAIN STREET,FREEHOLD,NJ,MONMOUTH,07728,40.237685053609,-74.308933371367,(732) 294-7012,Emergency services,CMS Hospital General Information,https://data.cms.gov/provider-data/dataset/xubh-q36u,2026-07-02,"Fields copied from the official CMS Hospital General Information CSV: facility name, address, city, state, ZIP code, county, phone, hospital type, ownership and emergency services flag. Hospital type: Acute Care Hospitals. Ownership: Voluntary non-profit - Private. Emergency services listed by CMS: Yes. Coordinates from the U.S. Census Bureau batch geocoder (Exact address match). CMS quality ratings and measures were intentionally not copied. Daily hours, prices and insurance details were not supplied by this intake.",310111,Hospital General Information,2026-07-02,2026-07-02,needs_review,"{""services"":{""field"":""services"",""status"":""source_backed"",""sourceUrl"":""https://data.cms.gov/provider-data/dataset/xubh-q36u"",""sourceTitle"":""CMS Hospital General Information"",""checkedDate"":""2026-07-02"",""sourceType"":""federal_open_data"",""locationSpecific"":true,""reviewerNote"":""Emergency services flag copied from the official CMS Hospital General Information row for this facility.""}}"
cms-310112,BAYSHORE MEDICAL CENTER,hospital,727 N BEERS ST,HOLMDEL,NJ,MONMOUTH,07733,40.404145468981,-74.193130042292,(732) 739-5900,Emergency services,CMS Hospital General Information,https://data.cms.gov/provider-data/dataset/xubh-q36u,2026-07-02,"Fields copied from the official CMS Hospital General Information CSV: facility name, address, city, state, ZIP code, county, phone, hospital type, ownership and emergency services flag. Hospital type: Acute Care Hospitals. Ownership: Voluntary non-profit - Private. Emergency services listed by CMS: Yes. Coordinates from the U.S. Census Bureau batch geocoder (Exact address match). CMS quality ratings and measures were intentionally not copied. Daily hours, prices and insurance details were not supplied by this intake.",310112,Hospital General Information,2026-07-02,2026-07-02,needs_review,"{""services"":{""field"":""services"",""status"":""source_backed"",""sourceUrl"":""https://data.cms.gov/provider-data/dataset/xubh-q36u"",""sourceTitle"":""CMS Hospital General Information"",""checkedDate"":""2026-07-02"",""sourceType"":""federal_open_data"",""locationSpecific"":true,""reviewerNote"":""Emergency services flag copied from the official CMS Hospital General Information row for this facility.""}}"
cms-310113,SOUTHERN OCEAN MEDICAL CENTER,hospital,1140 RT 72 W,MANAHAWKIN,NJ,OCEAN,08050,39.719151417939,-74.285139115811,(609) 597-6011,Emergency services,CMS Hospital General Information,https://data.cms.gov/provider-data/dataset/xubh-q36u,2026-07-02,"Fields copied from the official CMS Hospital General Information CSV: facility name, address, city, state, ZIP code, county, phone, hospital type, ownership and emergency services flag. Hospital type: Acute Care Hospitals. Ownership: Voluntary non-profit - Private. Emergency services listed by CMS: Yes. Coordinates from the U.S. Census Bureau batch geocoder (Non_Exact address match). CMS quality ratings and measures were intentionally not copied. Daily hours, prices and insurance details were not supplied by this intake.",310113,Hospital General Information,2026-07-02,2026-07-02,needs_review,"{""services"":{""field"":""services"",""status"":""source_backed"",""sourceUrl"":""https://data.cms.gov/provider-data/dataset/xubh-q36u"",""sourceTitle"":""CMS Hospital General Information"",""checkedDate"":""2026-07-02"",""sourceType"":""federal_open_data"",""locationSpecific"":true,""reviewerNote"":""Emergency services flag copied from the official CMS Hospital General Information row for this facility.""}}"
cms-310115,AHS HOSPITAL CORP,hospital,651 WILLOW GROVE ST,HACKETTSTOWN,NJ,WARREN,07840,40.861440871763,-74.814088499987,(908) 852-5100,Emergency services,CMS Hospital General Information,https://data.cms.gov/provider-data/dataset/xubh-q36u,2026-07-02,"Fields copied from the official CMS Hospital General Information CSV: facility name, address, city, state, ZIP code, county, phone, hospital type, ownership and emergency services flag. Hospital type: Acute Care Hospitals. Ownership: Voluntary non-profit - Private. Emergency services listed by CMS: Yes. Coordinates from the U.S. Census Bureau batch geocoder (Exact address match). CMS quality ratings and measures were intentionally not copied. Daily hours, prices and insurance details were not supplied by this intake.",310115,Hospital General Information,2026-07-02,2026-07-02,needs_review,"{""services"":{""field"":""services"",""status"":""source_backed"",""sourceUrl"":""https://data.cms.gov/provider-data/dataset/xubh-q36u"",""sourceTitle"":""CMS Hospital General Information"",""checkedDate"":""2026-07-02"",""sourceType"":""federal_open_data"",""locationSpecific"":true,""reviewerNote"":""Emergency services flag copied from the official CMS Hospital General Information row for this facility.""}}"
cms-310118,HUDSON REGIONAL HOSPITAL,hospital,55 MEADOWLANDS PKWY,SECAUCUS,NJ,HUDSON,07094,40.792802106372,-74.071123267712,(201) 392-3200,Emergency services,CMS Hospital General Information,https://data.cms.gov/provider-data/dataset/xubh-q36u,2026-07-02,"Fields copied from the official CMS Hospital General Information CSV: facility name, address, city, state, ZIP code, county, phone, hospital type, ownership and emergency services flag. Hospital type: Acute Care Hospitals. Ownership: Proprietary. Emergency services listed by CMS: Yes. Coordinates from the U.S. Census Bureau batch geocoder (Exact address match). CMS quality ratings and measures were intentionally not copied. Daily hours, prices and insurance details were not supplied by this intake.",310118,Hospital General Information,2026-07-02,2026-07-02,needs_review,"{""services"":{""field"":""services"",""status"":""source_backed"",""sourceUrl"":""https://data.cms.gov/provider-data/dataset/xubh-q36u"",""sourceTitle"":""CMS Hospital General Information"",""checkedDate"":""2026-07-02"",""sourceType"":""federal_open_data"",""locationSpecific"":true,""reviewerNote"":""Emergency services flag copied from the official CMS Hospital General Information row for this facility.""}}"
cms-310119,THE UNIVERSITY HOSPITAL,hospital,150 BERGEN ST,NEWARK,NJ,ESSEX,07103,40.741373621963,-74.191819343253,(973) 972-4300,Emergency services,CMS Hospital General Information,https://data.cms.gov/provider-data/dataset/xubh-q36u,2026-07-02,"Fields copied from the official CMS Hospital General Information CSV: facility name, address, city, state, ZIP code, county, phone, hospital type, ownership and emergency services flag. Hospital type: Acute Care Hospitals. Ownership: Government - State. Emergency services listed by CMS: Yes. Coordinates from the U.S. Census Bureau batch geocoder (Exact address match). CMS quality ratings and measures were intentionally not copied. Daily hours, prices and insurance details were not supplied by this intake.",310119,Hospital General Information,2026-07-02,2026-07-02,needs_review,"{""services"":{""field"":""services"",""status"":""source_backed"",""sourceUrl"":""https://data.cms.gov/provider-data/dataset/xubh-q36u"",""sourceTitle"":""CMS Hospital General Information"",""checkedDate"":""2026-07-02"",""sourceType"":""federal_open_data"",""locationSpecific"":true,""reviewerNote"":""Emergency services flag copied from the official CMS Hospital General Information row for this facility.""}}"
cms-310130,HACKENSACK MERIDIAN HEALTH PASCACK VALLEY MEDICAL,hospital,250 OLD HOOK ROAD,WESTWOOD,NJ,BERGEN,07675,40.983736422286,-74.014609002966,(201) 880-2700,Emergency services,CMS Hospital General Information,https://data.cms.gov/provider-data/dataset/xubh-q36u,2026-07-02,"Fields copied from the official CMS Hospital General Information CSV: facility name, address, city, state, ZIP code, county, phone, hospital type, ownership and emergency services flag. Hospital type: Acute Care Hospitals. Ownership: Proprietary. Emergency services listed by CMS: Yes. Coordinates from the U.S. Census Bureau batch geocoder (Exact address match). CMS quality ratings and measures were intentionally not copied. Daily hours, prices and insurance details were not supplied by this intake.",310130,Hospital General Information,2026-07-02,2026-07-02,needs_review,"{""services"":{""field"":""services"",""status"":""source_backed"",""sourceUrl"":""https://data.cms.gov/provider-data/dataset/xubh-q36u"",""sourceTitle"":""CMS Hospital General Information"",""checkedDate"":""2026-07-02"",""sourceType"":""federal_open_data"",""locationSpecific"":true,""reviewerNote"":""Emergency services flag copied from the official CMS Hospital General Information row for this facility.""}}"
cms-312024,SILVER LAKE HOSPITAL LTACH,hospital,495 NORTH 13TH STREET,NEWARK,NJ,ESSEX,07107,40.772979594975,-74.186923253703,(973) 587-7713,,CMS Hospital General Information,https://data.cms.gov/provider-data/dataset/xubh-q36u,2026-07-02,"Fields copied from the official CMS Hospital General Information CSV: facility name, address, city, state, ZIP code, county, phone, hospital type, ownership and emergency services flag. Hospital type: Long-term. Ownership: Voluntary non-profit - Church. Emergency services listed by CMS: No. Coordinates from the U.S. Census Bureau batch geocoder (Exact address match). CMS quality ratings and measures were intentionally not copied. Daily hours, prices and insurance details were not supplied by this intake.",312024,Hospital General Information,2026-07-02,2026-07-02,needs_review,
cms-313302,WEISMAN CHILDRENS REHABILITATION HOSPITAL,hospital,"92 BRICK ROAD, 3RD FLOOR",MARLTON,NJ,BURLINGTON,08053,39.880457323391,-74.918140567376,(856) 489-4520,,CMS Hospital General Information,https://data.cms.gov/provider-data/dataset/xubh-q36u,2026-07-02,"Fields copied from the official CMS Hospital General Information CSV: facility name, address, city, state, ZIP code, county, phone, hospital type, ownership and emergency services flag. Hospital type: Childrens. Ownership: Proprietary. Emergency services listed by CMS: No. Coordinates from the U.S. Census Bureau batch geocoder (Exact address match). CMS quality ratings and measures were intentionally not copied. Daily hours, prices and insurance details were not supplied by this intake.",313302,Hospital General Information,2026-07-02,2026-07-02,needs_review,
cms-314001,SUMMIT OAKS HOSPITAL,hospital,19 PROSPECT ST,SUMMIT,NJ,UNION,07901,40.713961957584,-74.361933476579,(908) 522-7000,,CMS Hospital General Information,https://data.cms.gov/provider-data/dataset/xubh-q36u,2026-07-02,"Fields copied from the official CMS Hospital General Information CSV: facility name, address, city, state, ZIP code, county, phone, hospital type, ownership and emergency services flag. Hospital type: Psychiatric. Ownership: Voluntary non-profit - Other. Emergency services listed by CMS: No. Coordinates from the U.S. Census Bureau batch geocoder (Exact address match). CMS quality ratings and measures were intentionally not copied. Daily hours, prices and insurance details were not supplied by this intake.",314001,Hospital General Information,2026-07-02,2026-07-02,needs_review,
cms-314011,UNIVERSITY BEHAVIORAL HEALTH CARE,hospital,671 HOES LANE WEST,PISCATAWAY,NJ,MIDDLESEX,08854,40.526551162754,-74.47094783208,(732) 235-5900,Emergency services,CMS Hospital General Information,https://data.cms.gov/provider-data/dataset/xubh-q36u,2026-07-02,"Fields copied from the official CMS Hospital General Information CSV: facility name, address, city, state, ZIP code, county, phone, hospital type, ownership and emergency services flag. Hospital type: Psychiatric. Ownership: Government - State. Emergency services listed by CMS: Yes. Coordinates from the U.S. Census Bureau batch geocoder (Exact address match). CMS quality ratings and measures were intentionally not copied. Daily hours, prices and insurance details were not supplied by this intake.",314011,Hospital General Information,2026-07-02,2026-07-02,needs_review,"{""services"":{""field"":""services"",""status"":""source_backed"",""sourceUrl"":""https://data.cms.gov/provider-data/dataset/xubh-q36u"",""sourceTitle"":""CMS Hospital General Information"",""checkedDate"":""2026-07-02"",""sourceType"":""federal_open_data"",""locationSpecific"":true,""reviewerNote"":""Emergency services flag copied from the official CMS Hospital General Information row for this facility.""}}"
cms-314012,HACKENSACK MERIDIAN HEALTH CARRIER CLINIC,hospital,252 ROUTE 601,BELLE MEAD,NJ,SOMERSET,08502,40.465447169352,-74.681875956047,(908) 281-1000,,CMS Hospital General Information,https://data.cms.gov/provider-data/dataset/xubh-q36u,2026-07-02,"Fields copied from the official CMS Hospital General Information CSV: facility name, address, city, state, ZIP code, county, phone, hospital type, ownership and emergency services flag. Hospital type: Psychiatric. Ownership: Voluntary non-profit - Private. Emergency services listed by CMS: No. Coordinates from the U.S. Census Bureau batch geocoder (Exact address match). CMS quality ratings and measures were intentionally not copied. Daily hours, prices and insurance details were not supplied by this intake.",314012,Hospital General Information,2026-07-02,2026-07-02,needs_review,
cms-314016,GREYSTONE PARK PSYCHIATRIC HOSPITAL,hospital,59 KOCH AVENUE,MORRIS PLAINS,NJ,MORRIS,07950,40.834345350947,-74.51131261005,(973) 538-1800,,CMS Hospital General Information,https://data.cms.gov/provider-data/dataset/xubh-q36u,2026-07-02,"Fields copied from the official CMS Hospital General Information CSV: facility name, address, city, state, ZIP code, county, phone, hospital type, ownership and emergency services flag. Hospital type: Psychiatric. Ownership: Government - State. Emergency services listed by CMS: No. Coordinates from the U.S. Census Bureau batch geocoder (Exact address match). CMS quality ratings and measures were intentionally not copied. Daily hours, prices and insurance details were not supplied by this intake.",314016,Hospital General Information,2026-07-02,2026-07-02,needs_review,
cms-314018,NORTHBROOK BEHAVIORAL HEALTH HOSPITAL,hospital,425  WOODBURY TURNERSVILLE ROAD,BLACKWOOD,NJ,CAMDEN,08012,39.790971037726,-75.078010918978,(856) 374-6500,,CMS Hospital General Information,https://data.cms.gov/provider-data/dataset/xubh-q36u,2026-07-02,"Fields copied from the official CMS Hospital General Information CSV: facility name, address, city, state, ZIP code, county, phone, hospital type, ownership and emergency services flag. Hospital type: Psychiatric. Ownership: Proprietary. Emergency services listed by CMS: No. Coordinates from the U.S. Census Bureau batch geocoder (Exact address match). CMS quality ratings and measures were intentionally not copied. Daily hours, prices and insurance details were not supplied by this intake.",314018,Hospital General Information,2026-07-02,2026-07-02,needs_review,
cms-314019,RAMAPO RIDGE BEHAVIORAL HEALTH HOSPITAL,hospital,301 SICOMAC AVE,WYCKOFF,NJ,BERGEN,07481,40.984759207454,-74.17191314085,(201) 848-5805,,CMS Hospital General Information,https://data.cms.gov/provider-data/dataset/xubh-q36u,2026-07-02,"Fields copied from the official CMS Hospital General Information CSV: facility name, address, city, state, ZIP code, county, phone, hospital type, ownership and emergency services flag. Hospital type: Psychiatric. Ownership: Voluntary non-profit - Private. Emergency services listed by CMS: No. Coordinates from the U.S. Census Bureau batch geocoder (Exact address match). CMS quality ratings and measures were intentionally not copied. Daily hours, prices and insurance details were not supplied by this intake.",314019,Hospital General Information,2026-07-02,2026-07-02,needs_review,
cms-314021,HAMPTON BEHAVIORAL HEALTH CENTER,hospital,650 RANCOCAS ROAD,WESTAMPTON,NJ,BURLINGTON,08060,39.989914667755,-74.835909145685,(609) 267-7000,,CMS Hospital General Information,https://data.cms.gov/provider-data/dataset/xubh-q36u,2026-07-02,"Fields copied from the official CMS Hospital General Information CSV: facility name, address, city, state, ZIP code, county, phone, hospital type, ownership and emergency services flag. Hospital type: Psychiatric. Ownership: Proprietary. Emergency services listed by CMS: No. Coordinates from the U.S. Census Bureau batch geocoder (Exact address match). CMS quality ratings and measures were intentionally not copied. Daily hours, prices and insurance details were not supplied by this intake.",314021,Hospital General Information,2026-07-02,2026-07-02,needs_review,
cms-314022,SAINT BARNABAS BEHAVIORAL HEALTH CENTER,hospital,1691 HIGHWAY 9  -  CN2025,TOMS RIVER,NJ,OCEAN,08755,40.011716393893,-74.216794972554,(732) 914-1688,,CMS Hospital General Information,https://data.cms.gov/provider-data/dataset/xubh-q36u,2026-07-02,"Fields copied from the official CMS Hospital General Information CSV: facility name, address, city, state, ZIP code, county, phone, hospital type, ownership and emergency services flag. Hospital type: Psychiatric. Ownership: Voluntary non-profit - Private. Emergency services listed by CMS: No. Coordinates from the U.S. Census Bureau batch geocoder (Non_Exact address match). CMS quality ratings and measures were intentionally not copied. Daily hours, prices and insurance details were not supplied by this intake.",314022,Hospital General Information,2026-07-02,2026-07-02,needs_review,
cms-314024,HUDSON COUNTY MEADOWVIEW PSYCHIATRIC H,hospital,595 COUNTY AVENUE,SECAUCUS,NJ,HUDSON,07094,40.782629112044,-74.057636528453,(201) 369-5252,,CMS Hospital General Information,https://data.cms.gov/provider-data/dataset/xubh-q36u,2026-07-02,"Fields copied from the official CMS Hospital General Information CSV: facility name, address, city, state, ZIP code, county, phone, hospital type, ownership and emergency services flag. Hospital type: Psychiatric. Ownership: Government - Local. Emergency services listed by CMS: No. Coordinates from the U.S. Census Bureau batch geocoder (Exact address match). CMS quality ratings and measures were intentionally not copied. Daily hours, prices and insurance details were not supplied by this intake.",314024,Hospital General Information,2026-07-02,2026-07-02,needs_review,
cms-314027,MOUNTAINVIEW BEHAVIORAL HOSPITAL,hospital,40 WATCHUNG WAY,BERKELEY HEIGHTS,NJ,UNION,07922,40.66800230334,-74.423084153357,(908) 771-5857,,CMS Hospital General Information,https://data.cms.gov/provider-data/dataset/xubh-q36u,2026-07-02,"Fields copied from the official CMS Hospital General Information CSV: facility name, address, city, state, ZIP code, county, phone, hospital type, ownership and emergency services flag. Hospital type: Psychiatric. Ownership: Proprietary. Emergency services listed by CMS: No. Coordinates from the U.S. Census Bureau batch geocoder (Exact address match). CMS quality ratings and measures were intentionally not copied. Daily hours, prices and insurance details were not supplied by this intake.",314027,Hospital General Information,2026-07-02,2026-07-02,needs_review,
cms-330005,KALEIDA HEALTH,hospital,100 HIGH STREET,BUFFALO,NY,ERIE,14210,42.900396853485,-78.866755694431,(716) 859-8620,Emergency services,CMS Hospital General Information,https://data.cms.gov/provider-data/dataset/xubh-q36u,2026-07-02,"Fields copied from the official CMS Hospital General Information CSV: facility name, address, city, state, ZIP code, county, phone, hospital type, ownership and emergency services flag. Hospital type: Acute Care Hospitals. Ownership: Voluntary non-profit - Private. Emergency services listed by CMS: Yes. Coordinates from the U.S. Census Bureau batch geocoder (Non_Exact address match). CMS quality ratings and measures were intentionally not copied. Daily hours, prices and insurance details were not supplied by this intake.",330005,Hospital General Information,2026-07-02,2026-07-02,needs_review,"{""services"":{""field"":""services"",""status"":""source_backed"",""sourceUrl"":""https://data.cms.gov/provider-data/dataset/xubh-q36u"",""sourceTitle"":""CMS Hospital General Information"",""checkedDate"":""2026-07-02"",""sourceType"":""federal_open_data"",""locationSpecific"":true,""reviewerNote"":""Emergency services flag copied from the official CMS Hospital General Information row for this facility.""}}"
cms-330006,ST JOSEPH'S MEDICAL CENTER,hospital,127 SOUTH BROADWAY,YONKERS,NY,WESTCHESTER,10701,40.930069865254,-73.897606178204,(914) 378-7000,Emergency services,CMS Hospital General Information,https://data.cms.gov/provider-data/dataset/xubh-q36u,2026-07-02,"Fields copied from the official CMS Hospital General Information CSV: facility name, address, city, state, ZIP code, county, phone, hospital type, ownership and emergency services flag. Hospital type: Acute Care Hospitals. Ownership: Voluntary non-profit - Private. Emergency services listed by CMS: Yes. Coordinates from the U.S. Census Bureau batch geocoder (Exact address match). CMS quality ratings and measures were intentionally not copied. Daily hours, prices and insurance details were not supplied by this intake.",330006,Hospital General Information,2026-07-02,2026-07-02,needs_review,"{""services"":{""field"":""services"",""status"":""source_backed"",""sourceUrl"":""https://data.cms.gov/provider-data/dataset/xubh-q36u"",""sourceTitle"":""CMS Hospital General Information"",""checkedDate"":""2026-07-02"",""sourceType"":""federal_open_data"",""locationSpecific"":true,""reviewerNote"":""Emergency services flag copied from the official CMS Hospital General Information row for this facility.""}}"
cms-330009,BRONXCARE HOSPITAL CENTER,hospital,1276 FULTON AVENUE,BRONX,NY,BRONX,10456,40.831750948172,-73.903663249774,(212) 588-7000,Emergency services,CMS Hospital General Information,https://data.cms.gov/provider-data/dataset/xubh-q36u,2026-07-02,"Fields copied from the official CMS Hospital General Information CSV: facility name, address, city, state, ZIP code, county, phone, hospital type, ownership and emergency services flag. Hospital type: Acute Care Hospitals. Ownership: Voluntary non-profit - Private. Emergency services listed by CMS: Yes. Coordinates from the U.S. Census Bureau batch geocoder (Exact address match). CMS quality ratings and measures were intentionally not copied. Daily hours, prices and insurance details were not supplied by this intake.",330009,Hospital General Information,2026-07-02,2026-07-02,needs_review,"{""services"":{""field"":""services"",""status"":""source_backed"",""sourceUrl"":""https://data.cms.gov/provider-data/dataset/xubh-q36u"",""sourceTitle"":""CMS Hospital General Information"",""checkedDate"":""2026-07-02"",""sourceType"":""federal_open_data"",""locationSpecific"":true,""reviewerNote"":""Emergency services flag copied from the official CMS Hospital General Information row for this facility.""}}"
cms-330011,"OUR LADY OF LOURDES MEMORIAL HOSPITAL, INC",hospital,169 RIVERSIDE DRIVE,BINGHAMTON,NY,BROOME,13905,42.093006371704,-75.937133107173,(607) 798-5111,Emergency services,CMS Hospital General Information,https://data.cms.gov/provider-data/dataset/xubh-q36u,2026-07-02,"Fields copied from the official CMS Hospital General Information CSV: facility name, address, city, state, ZIP code, county, phone, hospital type, ownership and emergency services flag. Hospital type: Acute Care Hospitals. Ownership: Voluntary non-profit - Private. Emergency services listed by CMS: Yes. Coordinates from the U.S. Census Bureau batch geocoder (Exact address match). CMS quality ratings and measures were intentionally not copied. Daily hours, prices and insurance details were not supplied by this intake.",330011,Hospital General Information,2026-07-02,2026-07-02,needs_review,"{""services"":{""field"":""services"",""status"":""source_backed"",""sourceUrl"":""https://data.cms.gov/provider-data/dataset/xubh-q36u"",""sourceTitle"":""CMS Hospital General Information"",""checkedDate"":""2026-07-02"",""sourceType"":""federal_open_data"",""locationSpecific"":true,""reviewerNote"":""Emergency services flag copied from the official CMS Hospital General Information row for this facility.""}}"
cms-330013,ALBANY MEDICAL CENTER HOSPITAL,hospital,"43 NEW SCOTLAND AVENUE, MAIL CODE 34",ALBANY,NY,ALBANY,12208,42.652795789867,-73.780932037131,(518) 262-2400,Emergency services,CMS Hospital General Information,https://data.cms.gov/provider-data/dataset/xubh-q36u,2026-07-02,"Fields copied from the official CMS Hospital General Information CSV: facility name, address, city, state, ZIP code, county, phone, hospital type, ownership and emergency services flag. Hospital type: Acute Care Hospitals. Ownership: Voluntary non-profit - Private. Emergency services listed by CMS: Yes. Coordinates from the U.S. Census Bureau batch geocoder (Non_Exact address match). CMS quality ratings and measures were intentionally not copied. Daily hours, prices and insurance details were not supplied by this intake.",330013,Hospital General Information,2026-07-02,2026-07-02,needs_review,"{""services"":{""field"":""services"",""status"":""source_backed"",""sourceUrl"":""https://data.cms.gov/provider-data/dataset/xubh-q36u"",""sourceTitle"":""CMS Hospital General Information"",""checkedDate"":""2026-07-02"",""sourceType"":""federal_open_data"",""locationSpecific"":true,""reviewerNote"":""Emergency services flag copied from the official CMS Hospital General Information row for this facility.""}}"
cms-330014,JAMAICA HOSPITAL MEDICAL CENTER,hospital,89TH AVENUE AND VAN WYCK EXPRESSWAY,JAMAICA,NY,QUEENS,11418,40.701402739208,-73.816311112936,(718) 262-6000,Emergency services,CMS Hospital General Information,https://data.cms.gov/provider-data/dataset/xubh-q36u,2026-07-02,"Fields copied from the official CMS Hospital General Information CSV: facility name, address, city, state, ZIP code, county, phone, hospital type, ownership and emergency services flag. Hospital type: Acute Care Hospitals. Ownership: Voluntary non-profit - Private. Emergency services listed by CMS: Yes. Coordinates from the U.S. Census Bureau batch geocoder (Exact address match). CMS quality ratings and measures were intentionally not copied. Daily hours, prices and insurance details were not supplied by this intake.",330014,Hospital General Information,2026-07-02,2026-07-02,needs_review,"{""services"":{""field"":""services"",""status"":""source_backed"",""sourceUrl"":""https://data.cms.gov/provider-data/dataset/xubh-q36u"",""sourceTitle"":""CMS Hospital General Information"",""checkedDate"":""2026-07-02"",""sourceType"":""federal_open_data"",""locationSpecific"":true,""reviewerNote"":""Emergency services flag copied from the official CMS Hospital General Information row for this facility.""}}"
cms-330019,"NEW YORK COMMUNITY HOSPITAL OF BROOKLYN, INC.",hospital,2525 KINGS HIGHWAY,BROOKLYN,NY,KINGS,11229,40.613835408514,-73.948084054101,(718) 692-5302,Emergency services,CMS Hospital General Information,https://data.cms.gov/provider-data/dataset/xubh-q36u,2026-07-02,"Fields copied from the official CMS Hospital General Information CSV: facility name, address, city, state, ZIP code, county, phone, hospital type, ownership and emergency services flag. Hospital type: Acute Care Hospitals. Ownership: Voluntary non-profit - Private. Emergency services listed by CMS: Yes. Coordinates from the U.S. Census Bureau batch geocoder (Exact address match). CMS quality ratings and measures were intentionally not copied. Daily hours, prices and insurance details were not supplied by this intake.",330019,Hospital General Information,2026-07-02,2026-07-02,needs_review,"{""services"":{""field"":""services"",""status"":""source_backed"",""sourceUrl"":""https://data.cms.gov/provider-data/dataset/xubh-q36u"",""sourceTitle"":""CMS Hospital General Information"",""checkedDate"":""2026-07-02"",""sourceType"":""federal_open_data"",""locationSpecific"":true,""reviewerNote"":""Emergency services flag copied from the official CMS Hospital General Information row for this facility.""}}"
cms-330023,VASSAR BROTHERS MEDICAL CENTER,hospital,45 READE PLACE,POUGHKEEPSIE,NY,DUTCHESS,12601,41.694453108145,-73.935305515207,(845) 454-8500,Emergency services,CMS Hospital General Information,https://data.cms.gov/provider-data/dataset/xubh-q36u,2026-07-02,"Fields copied from the official CMS Hospital General Information CSV: facility name, address, city, state, ZIP code, county, phone, hospital type, ownership and emergency services flag. Hospital type: Acute Care Hospitals. Ownership: Voluntary non-profit - Private. Emergency services listed by CMS: Yes. Coordinates from the U.S. Census Bureau batch geocoder (Exact address match). CMS quality ratings and measures were intentionally not copied. Daily hours, prices and insurance details were not supplied by this intake.",330023,Hospital General Information,2026-07-02,2026-07-02,needs_review,"{""services"":{""field"":""services"",""status"":""source_backed"",""sourceUrl"":""https://data.cms.gov/provider-data/dataset/xubh-q36u"",""sourceTitle"":""CMS Hospital General Information"",""checkedDate"":""2026-07-02"",""sourceType"":""federal_open_data"",""locationSpecific"":true,""reviewerNote"":""Emergency services flag copied from the official CMS Hospital General Information row for this facility.""}}"
cms-330024,MOUNT SINAI HOSPITAL,hospital,ONE GUSTAVE L LEVY PLACE,NEW YORK,NY,NEW YORK,10029,40.790487973689,-73.953786284489,(212) 241-7981,Emergency services,CMS Hospital General Information,https://data.cms.gov/provider-data/dataset/xubh-q36u,2026-07-02,"Fields copied from the official CMS Hospital General Information CSV: facility name, address, city, state, ZIP code, county, phone, hospital type, ownership and emergency services flag. Hospital type: Acute Care Hospitals. Ownership: Voluntary non-profit - Private. Emergency services listed by CMS: Yes. Coordinates from the U.S. Census Bureau batch geocoder (Exact address match). CMS quality ratings and measures were intentionally not copied. Daily hours, prices and insurance details were not supplied by this intake.",330024,Hospital General Information,2026-07-02,2026-07-02,needs_review,"{""services"":{""field"":""services"",""status"":""source_backed"",""sourceUrl"":""https://data.cms.gov/provider-data/dataset/xubh-q36u"",""sourceTitle"":""CMS Hospital General Information"",""checkedDate"":""2026-07-02"",""sourceType"":""federal_open_data"",""locationSpecific"":true,""reviewerNote"":""Emergency services flag copied from the official CMS Hospital General Information row for this facility.""}}"
cms-330027,NASSAU UNIVERSITY MEDICAL CENTER,hospital,2201 HEMPSTEAD TURNPIKE,EAST MEADOW,NY,NASSAU,11554,40.725297323147,-73.555688804991,(516) 572-0123,Emergency services,CMS Hospital General Information,https://data.cms.gov/provider-data/dataset/xubh-q36u,2026-07-02,"Fields copied from the official CMS Hospital General Information CSV: facility name, address, city, state, ZIP code, county, phone, hospital type, ownership and emergency services flag. Hospital type: Acute Care Hospitals. Ownership: Government - State. Emergency services listed by CMS: Yes. Coordinates from the U.S. Census Bureau batch geocoder (Exact address match). CMS quality ratings and measures were intentionally not copied. Daily hours, prices and insurance details were not supplied by this intake.",330027,Hospital General Information,2026-07-02,2026-07-02,needs_review,"{""services"":{""field"":""services"",""status"":""source_backed"",""sourceUrl"":""https://data.cms.gov/provider-data/dataset/xubh-q36u"",""sourceTitle"":""CMS Hospital General Information"",""checkedDate"":""2026-07-02"",""sourceType"":""federal_open_data"",""locationSpecific"":true,""reviewerNote"":""Emergency services flag copied from the official CMS Hospital General Information row for this facility.""}}"
cms-330028,RICHMOND UNIVERSITY MEDICAL CENTER,hospital,355 BARD AVENUE,STATEN ISLAND,NY,RICHMOND,10310,40.635049908843,-74.106531979012,(718) 354-5047,Emergency services,CMS Hospital General Information,https://data.cms.gov/provider-data/dataset/xubh-q36u,2026-07-02,"Fields copied from the official CMS Hospital General Information CSV: facility name, address, city, state, ZIP code, county, phone, hospital type, ownership and emergency services flag. Hospital type: Acute Care Hospitals. Ownership: Voluntary non-profit - Private. Emergency services listed by CMS: Yes. Coordinates from the U.S. Census Bureau batch geocoder (Exact address match). CMS quality ratings and measures were intentionally not copied. Daily hours, prices and insurance details were not supplied by this intake.",330028,Hospital General Information,2026-07-02,2026-07-02,needs_review,"{""services"":{""field"":""services"",""status"":""source_backed"",""sourceUrl"":""https://data.cms.gov/provider-data/dataset/xubh-q36u"",""sourceTitle"":""CMS Hospital General Information"",""checkedDate"":""2026-07-02"",""sourceType"":""federal_open_data"",""locationSpecific"":true,""reviewerNote"":""Emergency services flag copied from the official CMS Hospital General Information row for this facility.""}}"
cms-330030,NEWARK-WAYNE COMMUNITY HOSPITAL,hospital,1200 DRIVING PARK AVENUE,NEWARK,NY,WAYNE,14513,43.059584124933,-77.100796432781,(315) 332-2022,Emergency services,CMS Hospital General Information,https://data.cms.gov/provider-data/dataset/xubh-q36u,2026-07-02,"Fields copied from the official CMS Hospital General Information CSV: facility name, address, city, state, ZIP code, county, phone, hospital type, ownership and emergency services flag. Hospital type: Acute Care Hospitals. Ownership: Voluntary non-profit - Private. Emergency services listed by CMS: Yes. Coordinates from the U.S. Census Bureau batch geocoder (Exact address match). CMS quality ratings and measures were intentionally not copied. Daily hours, prices and insurance details were not supplied by this intake.",330030,Hospital General Information,2026-07-02,2026-07-02,needs_review,"{""services"":{""field"":""services"",""status"":""source_backed"",""sourceUrl"":""https://data.cms.gov/provider-data/dataset/xubh-q36u"",""sourceTitle"":""CMS Hospital General Information"",""checkedDate"":""2026-07-02"",""sourceType"":""federal_open_data"",""locationSpecific"":true,""reviewerNote"":""Emergency services flag copied from the official CMS Hospital General Information row for this facility.""}}"
cms-330033,CHENANGO MEMORIAL HOSPITAL,hospital,179 NORTH BROAD STREET,NORWICH,NY,CHENANGO,13815,42.541028437359,-75.524701645311,(607) 337-4111,Emergency services,CMS Hospital General Information,https://data.cms.gov/provider-data/dataset/xubh-q36u,2026-07-02,"Fields copied from the official CMS Hospital General Information CSV: facility name, address, city, state, ZIP code, county, phone, hospital type, ownership and emergency services flag. Hospital type: Acute Care Hospitals. Ownership: Voluntary non-profit - Private. Emergency services listed by CMS: Yes. Coordinates from the U.S. Census Bureau batch geocoder (Exact address match). CMS quality ratings and measures were intentionally not copied. Daily hours, prices and insurance details were not supplied by this intake.",330033,Hospital General Information,2026-07-02,2026-07-02,needs_review,"{""services"":{""field"":""services"",""status"":""source_backed"",""sourceUrl"":""https://data.cms.gov/provider-data/dataset/xubh-q36u"",""sourceTitle"":""CMS Hospital General Information"",""checkedDate"":""2026-07-02"",""sourceType"":""federal_open_data"",""locationSpecific"":true,""reviewerNote"":""Emergency services flag copied from the official CMS Hospital General Information row for this facility.""}}"
cms-330043,NS/LIJ HS SOUTHSIDE HOSPITAL,hospital,301 EAST MAIN STREET,BAY SHORE,NY,SUFFOLK,11706,40.724889862631,-73.241013941334,(631) 968-3000,Emergency services,CMS Hospital General Information,https://data.cms.gov/provider-data/dataset/xubh-q36u,2026-07-02,"Fields copied from the official CMS Hospital General Information CSV: facility name, address, city, state, ZIP code, county, phone, hospital type, ownership and emergency services flag. Hospital type: Acute Care Hospitals. Ownership: Voluntary non-profit - Private. Emergency services listed by CMS: Yes. Coordinates from the U.S. Census Bureau batch geocoder (Exact address match). CMS quality ratings and measures were intentionally not copied. Daily hours, prices and insurance details were not supplied by this intake.",330043,Hospital General Information,2026-07-02,2026-07-02,needs_review,"{""services"":{""field"":""services"",""status"":""source_backed"",""sourceUrl"":""https://data.cms.gov/provider-data/dataset/xubh-q36u"",""sourceTitle"":""CMS Hospital General Information"",""checkedDate"":""2026-07-02"",""sourceType"":""federal_open_data"",""locationSpecific"":true,""reviewerNote"":""Emergency services flag copied from the official CMS Hospital General Information row for this facility.""}}"
cms-330044,WYNN HOSPITAL,hospital,1656 CHAMPLIN AVENUE,UTICA,NY,ONEIDA,13503,43.101654354805,-75.273867467079,(315) 624-6002,Emergency services,CMS Hospital General Information,https://data.cms.gov/provider-data/dataset/xubh-q36u,2026-07-02,"Fields copied from the official CMS Hospital General Information CSV: facility name, address, city, state, ZIP code, county, phone, hospital type, ownership and emergency services flag. Hospital type: Acute Care Hospitals. Ownership: Voluntary non-profit - Private. Emergency services listed by CMS: Yes. Coordinates from the U.S. Census Bureau batch geocoder (Non_Exact address match). CMS quality ratings and measures were intentionally not copied. Daily hours, prices and insurance details were not supplied by this intake.",330044,Hospital General Information,2026-07-02,2026-07-02,needs_review,"{""services"":{""field"":""services"",""status"":""source_backed"",""sourceUrl"":""https://data.cms.gov/provider-data/dataset/xubh-q36u"",""sourceTitle"":""CMS Hospital General Information"",""checkedDate"":""2026-07-02"",""sourceType"":""federal_open_data"",""locationSpecific"":true,""reviewerNote"":""Emergency services flag copied from the official CMS Hospital General Information row for this facility.""}}"
cms-330045,NS/LIJ HS HUNTINGTON HOSPITAL,hospital,270 PARK AVENUE,HUNTINGTON,NY,SUFFOLK,11743,40.880076824681,-73.417488758734,(631) 351-2000,Emergency services,CMS Hospital General Information,https://data.cms.gov/provider-data/dataset/xubh-q36u,2026-07-02,"Fields copied from the official CMS Hospital General Information CSV: facility name, address, city, state, ZIP code, county, phone, hospital type, ownership and emergency services flag. Hospital type: Acute Care Hospitals. Ownership: Voluntary non-profit - Private. Emergency services listed by CMS: Yes. Coordinates from the U.S. Census Bureau batch geocoder (Exact address match). CMS quality ratings and measures were intentionally not copied. Daily hours, prices and insurance details were not supplied by this intake.",330045,Hospital General Information,2026-07-02,2026-07-02,needs_review,"{""services"":{""field"":""services"",""status"":""source_backed"",""sourceUrl"":""https://data.cms.gov/provider-data/dataset/xubh-q36u"",""sourceTitle"":""CMS Hospital General Information"",""checkedDate"":""2026-07-02"",""sourceType"":""federal_open_data"",""locationSpecific"":true,""reviewerNote"":""Emergency services flag copied from the official CMS Hospital General Information row for this facility.""}}"
cms-330046,MOUNT SINAI WEST,hospital,1000 TENTH AVENUE,NEW YORK,NY,NEW YORK,10019,40.770079506677,-73.987771442474,(212) 523-4000,Emergency services,CMS Hospital General Information,https://data.cms.gov/provider-data/dataset/xubh-q36u,2026-07-02,"Fields copied from the official CMS Hospital General Information CSV: facility name, address, city, state, ZIP code, county, phone, hospital type, ownership and emergency services flag. Hospital type: Acute Care Hospitals. Ownership: Voluntary non-profit - Church. Emergency services listed by CMS: Yes. Coordinates from the U.S. Census Bureau batch geocoder (Exact address match). CMS quality ratings and measures were intentionally not copied. Daily hours, prices and insurance details were not supplied by this intake.",330046,Hospital General Information,2026-07-02,2026-07-02,needs_review,"{""services"":{""field"":""services"",""status"":""source_backed"",""sourceUrl"":""https://data.cms.gov/provider-data/dataset/xubh-q36u"",""sourceTitle"":""CMS Hospital General Information"",""checkedDate"":""2026-07-02"",""sourceType"":""federal_open_data"",""locationSpecific"":true,""reviewerNote"":""Emergency services flag copied from the official CMS Hospital General Information row for this facility.""}}"
cms-330047,ST MARY'S HEALTHCARE,hospital,427 GUY PARK AVENUE,AMSTERDAM,NY,MONTGOMERY,12010,42.954085720111,-74.217184149438,(518) 842-1900,Emergency services,CMS Hospital General Information,https://data.cms.gov/provider-data/dataset/xubh-q36u,2026-07-02,"Fields copied from the official CMS Hospital General Information CSV: facility name, address, city, state, ZIP code, county, phone, hospital type, ownership and emergency services flag. Hospital type: Acute Care Hospitals. Ownership: Voluntary non-profit - Private. Emergency services listed by CMS: Yes. Coordinates from the U.S. Census Bureau batch geocoder (Exact address match). CMS quality ratings and measures were intentionally not copied. Daily hours, prices and insurance details were not supplied by this intake.",330047,Hospital General Information,2026-07-02,2026-07-02,needs_review,"{""services"":{""field"":""services"",""status"":""source_backed"",""sourceUrl"":""https://data.cms.gov/provider-data/dataset/xubh-q36u"",""sourceTitle"":""CMS Hospital General Information"",""checkedDate"":""2026-07-02"",""sourceType"":""federal_open_data"",""locationSpecific"":true,""reviewerNote"":""Emergency services flag copied from the official CMS Hospital General Information row for this facility.""}}"
cms-330049,NORTHERN DUTCHESS HOSPITAL,hospital,6511 SPRINGBROOK AVENUE,RHINEBECK,NY,DUTCHESS,12572,41.937600763058,-73.909132036328,(845) 871-3391,Emergency services,CMS Hospital General Information,https://data.cms.gov/provider-data/dataset/xubh-q36u,2026-07-02,"Fields copied from the official CMS Hospital General Information CSV: facility name, address, city, state, ZIP code, county, phone, hospital type, ownership and emergency services flag. Hospital type: Acute Care Hospitals. Ownership: Voluntary non-profit - Private. Emergency services listed by CMS: Yes. Coordinates from the U.S. Census Bureau batch geocoder (Exact address match). CMS quality ratings and measures were intentionally not copied. Daily hours, prices and insurance details were not supplied by this intake.",330049,Hospital General Information,2026-07-02,2026-07-02,needs_review,"{""services"":{""field"":""services"",""status"":""source_backed"",""sourceUrl"":""https://data.cms.gov/provider-data/dataset/xubh-q36u"",""sourceTitle"":""CMS Hospital General Information"",""checkedDate"":""2026-07-02"",""sourceType"":""federal_open_data"",""locationSpecific"":true,""reviewerNote"":""Emergency services flag copied from the official CMS Hospital General Information row for this facility.""}}"
cms-330055,NEW YORK-PRESBYTERIAN/QUEENS,hospital,56-45 MAIN STREET,FLUSHING,NY,QUEENS,11355,40.74751163083,-73.826008500259,(718) 670-2000,Emergency services,CMS Hospital General Information,https://data.cms.gov/provider-data/dataset/xubh-q36u,2026-07-02,"Fields copied from the official CMS Hospital General Information CSV: facility name, address, city, state, ZIP code, county, phone, hospital type, ownership and emergency services flag. Hospital type: Acute Care Hospitals. Ownership: Voluntary non-profit - Private. Emergency services listed by CMS: Yes. Coordinates from the U.S. Census Bureau batch geocoder (Exact address match). CMS quality ratings and measures were intentionally not copied. Daily hours, prices and insurance details were not supplied by this intake.",330055,Hospital General Information,2026-07-02,2026-07-02,needs_review,"{""services"":{""field"":""services"",""status"":""source_backed"",""sourceUrl"":""https://data.cms.gov/provider-data/dataset/xubh-q36u"",""sourceTitle"":""CMS Hospital General Information"",""checkedDate"":""2026-07-02"",""sourceType"":""federal_open_data"",""locationSpecific"":true,""reviewerNote"":""Emergency services flag copied from the official CMS Hospital General Information row for this facility.""}}"
cms-330056,BROOKLYN HOSPITAL CENTER - DOWNTOWN CAMPUS,hospital,121 DEKALB AVENUE,BROOKLYN,NY,KINGS,11201,40.689645721451,-73.972208920166,(718) 250-8000,Emergency services,CMS Hospital General Information,https://data.cms.gov/provider-data/dataset/xubh-q36u,2026-07-02,"Fields copied from the official CMS Hospital General Information CSV: facility name, address, city, state, ZIP code, county, phone, hospital type, ownership and emergency services flag. Hospital type: Acute Care Hospitals. Ownership: Voluntary non-profit - Other. Emergency services listed by CMS: Yes. Coordinates from the U.S. Census Bureau batch geocoder (Non_Exact address match). CMS quality ratings and measures were intentionally not copied. Daily hours, prices and insurance details were not supplied by this intake.",330056,Hospital General Information,2026-07-02,2026-07-02,needs_review,"{""services"":{""field"":""services"",""status"":""source_backed"",""sourceUrl"":""https://data.cms.gov/provider-data/dataset/xubh-q36u"",""sourceTitle"":""CMS Hospital General Information"",""checkedDate"":""2026-07-02"",""sourceType"":""federal_open_data"",""locationSpecific"":true,""reviewerNote"":""Emergency services flag copied from the official CMS Hospital General Information row for this facility.""}}"
cms-330057,ST PETER'S HOSPITAL,hospital,315 SOUTH MANNING BOULEVARD,ALBANY,NY,ALBANY,12208,42.670997621075,-73.786483135365,(518) 525-1550,Emergency services,CMS Hospital General Information,https://data.cms.gov/provider-data/dataset/xubh-q36u,2026-07-02,"Fields copied from the official CMS Hospital General Information CSV: facility name, address, city, state, ZIP code, county, phone, hospital type, ownership and emergency services flag. Hospital type: Acute Care Hospitals. Ownership: Voluntary non-profit - Private. Emergency services listed by CMS: Yes. Coordinates from the U.S. Census Bureau batch geocoder (Non_Exact address match). CMS quality ratings and measures were intentionally not copied. Daily hours, prices and insurance details were not supplied by this intake.",330057,Hospital General Information,2026-07-02,2026-07-02,needs_review,"{""services"":{""field"":""services"",""status"":""source_backed"",""sourceUrl"":""https://data.cms.gov/provider-data/dataset/xubh-q36u"",""sourceTitle"":""CMS Hospital General Information"",""checkedDate"":""2026-07-02"",""sourceType"":""federal_open_data"",""locationSpecific"":true,""reviewerNote"":""Emergency services flag copied from the official CMS Hospital General Information row for this facility.""}}"
cms-330058,GENEVA GENERAL HOSPITAL,hospital,196 -198 NORTH STREET,GENEVA,NY,ONTARIO,14456,42.87575798805,-76.98817917446,(315) 787-4175,Emergency services,CMS Hospital General Information,https://data.cms.gov/provider-data/dataset/xubh-q36u,2026-07-02,"Fields copied from the official CMS Hospital General Information CSV: facility name, address, city, state, ZIP code, county, phone, hospital type, ownership and emergency services flag. Hospital type: Acute Care Hospitals. Ownership: Voluntary non-profit - Other. Emergency services listed by CMS: Yes. Coordinates from the U.S. Census Bureau batch geocoder (Non_Exact address match). CMS quality ratings and measures were intentionally not copied. Daily hours, prices and insurance details were not supplied by this intake.",330058,Hospital General Information,2026-07-02,2026-07-02,needs_review,"{""services"":{""field"":""services"",""status"":""source_backed"",""sourceUrl"":""https://data.cms.gov/provider-data/dataset/xubh-q36u"",""sourceTitle"":""CMS Hospital General Information"",""checkedDate"":""2026-07-02"",""sourceType"":""federal_open_data"",""locationSpecific"":true,""reviewerNote"":""Emergency services flag copied from the official CMS Hospital General Information row for this facility.""}}"
cms-330059,MONTEFIORE MEDICAL CENTER,hospital,111 EAST 210TH STREET,BRONX,NY,BRONX,10467,40.87998315045,-73.880738645183,(718) 920-4321,Emergency services,CMS Hospital General Information,https://data.cms.gov/provider-data/dataset/xubh-q36u,2026-07-02,"Fields copied from the official CMS Hospital General Information CSV: facility name, address, city, state, ZIP code, county, phone, hospital type, ownership and emergency services flag. Hospital type: Acute Care Hospitals. Ownership: Voluntary non-profit - Private. Emergency services listed by CMS: Yes. Coordinates from the U.S. Census Bureau batch geocoder (Exact address match). CMS quality ratings and measures were intentionally not copied. Daily hours, prices and insurance details were not supplied by this intake.",330059,Hospital General Information,2026-07-02,2026-07-02,needs_review,"{""services"":{""field"":""services"",""status"":""source_backed"",""sourceUrl"":""https://data.cms.gov/provider-data/dataset/xubh-q36u"",""sourceTitle"":""CMS Hospital General Information"",""checkedDate"":""2026-07-02"",""sourceType"":""federal_open_data"",""locationSpecific"":true,""reviewerNote"":""Emergency services flag copied from the official CMS Hospital General Information row for this facility.""}}"
cms-330060,"CARTHAGE AREA HOSPITAL, INC",hospital,1001 WEST ST,CARTHAGE,NY,JEFFERSON,13619,43.986233106494,-75.594812671823,(315) 493-1000,Emergency services,CMS Hospital General Information,https://data.cms.gov/provider-data/dataset/xubh-q36u,2026-07-02,"Fields copied from the official CMS Hospital General Information CSV: facility name, address, city, state, ZIP code, county, phone, hospital type, ownership and emergency services flag. Hospital type: Acute Care Hospitals. Ownership: Voluntary non-profit - Private. Emergency services listed by CMS: Yes. Coordinates from the U.S. Census Bureau batch geocoder (Exact address match). CMS quality ratings and measures were intentionally not copied. Daily hours, prices and insurance details were not supplied by this intake.",330060,Hospital General Information,2026-07-02,2026-07-02,needs_review,"{""services"":{""field"":""services"",""status"":""source_backed"",""sourceUrl"":""https://data.cms.gov/provider-data/dataset/xubh-q36u"",""sourceTitle"":""CMS Hospital General Information"",""checkedDate"":""2026-07-02"",""sourceType"":""federal_open_data"",""locationSpecific"":true,""reviewerNote"":""Emergency services flag copied from the official CMS Hospital General Information row for this facility.""}}"
cms-330065,NIAGARA FALLS MEMORIAL MEDICAL CENTER,hospital,621 TENTH STREET,NIAGARA FALLS,NY,NIAGARA,14302,43.093469486821,-79.05035073597,(716) 278-4000,Emergency services,CMS Hospital General Information,https://data.cms.gov/provider-data/dataset/xubh-q36u,2026-07-02,"Fields copied from the official CMS Hospital General Information CSV: facility name, address, city, state, ZIP code, county, phone, hospital type, ownership and emergency services flag. Hospital type: Acute Care Hospitals. Ownership: Voluntary non-profit - Private. Emergency services listed by CMS: Yes. Coordinates from the U.S. Census Bureau batch geocoder (Non_Exact address match). CMS quality ratings and measures were intentionally not copied. Daily hours, prices and insurance details were not supplied by this intake.",330065,Hospital General Information,2026-07-02,2026-07-02,needs_review,"{""services"":{""field"":""services"",""status"":""source_backed"",""sourceUrl"":""https://data.cms.gov/provider-data/dataset/xubh-q36u"",""sourceTitle"":""CMS Hospital General Information"",""checkedDate"":""2026-07-02"",""sourceType"":""federal_open_data"",""locationSpecific"":true,""reviewerNote"":""Emergency services flag copied from the official CMS Hospital General Information row for this facility.""}}"
cms-330073,UNITED MEMORIAL MEDICAL CENTER,hospital,127 NORTH STREET,BATAVIA,NY,GENESEE,14020,43.003978608118,-78.177071258485,(585) 343-6030,Emergency services,CMS Hospital General Information,https://data.cms.gov/provider-data/dataset/xubh-q36u,2026-07-02,"Fields copied from the official CMS Hospital General Information CSV: facility name, address, city, state, ZIP code, county, phone, hospital type, ownership and emergency services flag. Hospital type: Acute Care Hospitals. Ownership: Voluntary non-profit - Private. Emergency services listed by CMS: Yes. Coordinates from the U.S. Census Bureau batch geocoder (Exact address match). CMS quality ratings and measures were intentionally not copied. Daily hours, prices and insurance details were not supplied by this intake.",330073,Hospital General Information,2026-07-02,2026-07-02,needs_review,"{""services"":{""field"":""services"",""status"":""source_backed"",""sourceUrl"":""https://data.cms.gov/provider-data/dataset/xubh-q36u"",""sourceTitle"":""CMS Hospital General Information"",""checkedDate"":""2026-07-02"",""sourceType"":""federal_open_data"",""locationSpecific"":true,""reviewerNote"":""Emergency services flag copied from the official CMS Hospital General Information row for this facility.""}}"
cms-330074,F F THOMPSON HOSPITAL,hospital,350 PARRISH STREET,CANANDAIGUA,NY,ONTARIO,14424,42.87493223763,-77.290065937658,(585) 396-6000,Emergency services,CMS Hospital General Information,https://data.cms.gov/provider-data/dataset/xubh-q36u,2026-07-02,"Fields copied from the official CMS Hospital General Information CSV: facility name, address, city, state, ZIP code, county, phone, hospital type, ownership and emergency services flag. Hospital type: Acute Care Hospitals. Ownership: Voluntary non-profit - Private. Emergency services listed by CMS: Yes. Coordinates from the U.S. Census Bureau batch geocoder (Exact address match). CMS quality ratings and measures were intentionally not copied. Daily hours, prices and insurance details were not supplied by this intake.",330074,Hospital General Information,2026-07-02,2026-07-02,needs_review,"{""services"":{""field"":""services"",""status"":""source_backed"",""sourceUrl"":""https://data.cms.gov/provider-data/dataset/xubh-q36u"",""sourceTitle"":""CMS Hospital General Information"",""checkedDate"":""2026-07-02"",""sourceType"":""federal_open_data"",""locationSpecific"":true,""reviewerNote"":""Emergency services flag copied from the official CMS Hospital General Information row for this facility.""}}"
cms-330078,SISTERS OF CHARITY HOSPITAL,hospital,2157 MAIN STREET,BUFFALO,NY,ERIE,14214,42.929982871446,-78.848956203874,(716) 862-1000,Emergency services,CMS Hospital General Information,https://data.cms.gov/provider-data/dataset/xubh-q36u,2026-07-02,"Fields copied from the official CMS Hospital General Information CSV: facility name, address, city, state, ZIP code, county, phone, hospital type, ownership and emergency services flag. Hospital type: Acute Care Hospitals. Ownership: Voluntary non-profit - Private. Emergency services listed by CMS: Yes. Coordinates from the U.S. Census Bureau batch geocoder (Exact address match). CMS quality ratings and measures were intentionally not copied. Daily hours, prices and insurance details were not supplied by this intake.",330078,Hospital General Information,2026-07-02,2026-07-02,needs_review,"{""services"":{""field"":""services"",""status"":""source_backed"",""sourceUrl"":""https://data.cms.gov/provider-data/dataset/xubh-q36u"",""sourceTitle"":""CMS Hospital General Information"",""checkedDate"":""2026-07-02"",""sourceType"":""federal_open_data"",""locationSpecific"":true,""reviewerNote"":""Emergency services flag copied from the official CMS Hospital General Information row for this facility.""}}"
cms-330079,ADIRONDACK MEDICAL CENTER - SARANAC LAKE,hospital,"2233 STATE ROUTE 86, PO BOX 471",SARANAC LAKE,NY,FRANKLIN,12983,44.344294650797,-74.144471841341,(518) 891-4141,Emergency services,CMS Hospital General Information,https://data.cms.gov/provider-data/dataset/xubh-q36u,2026-07-02,"Fields copied from the official CMS Hospital General Information CSV: facility name, address, city, state, ZIP code, county, phone, hospital type, ownership and emergency services flag. Hospital type: Acute Care Hospitals. Ownership: Voluntary non-profit - Other. Emergency services listed by CMS: Yes. Coordinates from the U.S. Census Bureau batch geocoder (Non_Exact address match). CMS quality ratings and measures were intentionally not copied. Daily hours, prices and insurance details were not supplied by this intake.",330079,Hospital General Information,2026-07-02,2026-07-02,needs_review,"{""services"":{""field"":""services"",""status"":""source_backed"",""sourceUrl"":""https://data.cms.gov/provider-data/dataset/xubh-q36u"",""sourceTitle"":""CMS Hospital General Information"",""checkedDate"":""2026-07-02"",""sourceType"":""federal_open_data"",""locationSpecific"":true,""reviewerNote"":""Emergency services flag copied from the official CMS Hospital General Information row for this facility.""}}"
cms-330080,LINCOLN MEDICAL & MENTAL HEALTH CENTER,hospital,234 EAST 149TH STREET,BRONX,NY,BRONX,10451,40.817595424208,-73.923799149873,(718) 579-5000,Emergency services,CMS Hospital General Information,https://data.cms.gov/provider-data/dataset/xubh-q36u,2026-07-02,"Fields copied from the official CMS Hospital General Information CSV: facility name, address, city, state, ZIP code, county, phone, hospital type, ownership and emergency services flag. Hospital type: Acute Care Hospitals. Ownership: Government - Local. Emergency services listed by CMS: Yes. Coordinates from the U.S. Census Bureau batch geocoder (Exact address match). CMS quality ratings and measures were intentionally not copied. Daily hours, prices and insurance details were not supplied by this intake.",330080,Hospital General Information,2026-07-02,2026-07-02,needs_review,"{""services"":{""field"":""services"",""status"":""source_backed"",""sourceUrl"":""https://data.cms.gov/provider-data/dataset/xubh-q36u"",""sourceTitle"":""CMS Hospital General Information"",""checkedDate"":""2026-07-02"",""sourceType"":""federal_open_data"",""locationSpecific"":true,""reviewerNote"":""Emergency services flag copied from the official CMS Hospital General Information row for this facility.""}}"
cms-330085,AURELIA OSBORN FOX MEMORIAL HOSPITAL,hospital,ONE NORTON AVENUE,ONEONTA,NY,OTSEGO,13820,42.457406466038,-75.053273913257,(607) 432-2000,Emergency services,CMS Hospital General Information,https://data.cms.gov/provider-data/dataset/xubh-q36u,2026-07-02,"Fields copied from the official CMS Hospital General Information CSV: facility name, address, city, state, ZIP code, county, phone, hospital type, ownership and emergency services flag. Hospital type: Acute Care Hospitals. Ownership: Voluntary non-profit - Private. Emergency services listed by CMS: Yes. Coordinates from the U.S. Census Bureau batch geocoder (Exact address match). CMS quality ratings and measures were intentionally not copied. Daily hours, prices and insurance details were not supplied by this intake.",330085,Hospital General Information,2026-07-02,2026-07-02,needs_review,"{""services"":{""field"":""services"",""status"":""source_backed"",""sourceUrl"":""https://data.cms.gov/provider-data/dataset/xubh-q36u"",""sourceTitle"":""CMS Hospital General Information"",""checkedDate"":""2026-07-02"",""sourceType"":""federal_open_data"",""locationSpecific"":true,""reviewerNote"":""Emergency services flag copied from the official CMS Hospital General Information row for this facility.""}}"
cms-330086,MONTEFIORE MOUNT VERNON HOSPITAL,hospital,12 NORTH 7TH AVENUE,MOUNT VERNON,NY,WESTCHESTER,10550,40.912593980786,-73.840088814834,(914) 664-8000,Emergency services,CMS Hospital General Information,https://data.cms.gov/provider-data/dataset/xubh-q36u,2026-07-02,"Fields copied from the official CMS Hospital General Information CSV: facility name, address, city, state, ZIP code, county, phone, hospital type, ownership and emergency services flag. Hospital type: Acute Care Hospitals. Ownership: Voluntary non-profit - Private. Emergency services listed by CMS: Yes. Coordinates from the U.S. Census Bureau batch geocoder (Exact address match). CMS quality ratings and measures were intentionally not copied. Daily hours, prices and insurance details were not supplied by this intake.",330086,Hospital General Information,2026-07-02,2026-07-02,needs_review,"{""services"":{""field"":""services"",""status"":""source_backed"",""sourceUrl"":""https://data.cms.gov/provider-data/dataset/xubh-q36u"",""sourceTitle"":""CMS Hospital General Information"",""checkedDate"":""2026-07-02"",""sourceType"":""federal_open_data"",""locationSpecific"":true,""reviewerNote"":""Emergency services flag copied from the official CMS Hospital General Information row for this facility.""}}"
cms-330094,COLUMBIA MEMORIAL HOSPITAL,hospital,71 PROSPECT AVENUE,HUDSON,NY,COLUMBIA,12534,42.245786499849,-73.777999317659,(518) 828-7601,Emergency services,CMS Hospital General Information,https://data.cms.gov/provider-data/dataset/xubh-q36u,2026-07-02,"Fields copied from the official CMS Hospital General Information CSV: facility name, address, city, state, ZIP code, county, phone, hospital type, ownership and emergency services flag. Hospital type: Acute Care Hospitals. Ownership: Voluntary non-profit - Private. Emergency services listed by CMS: Yes. Coordinates from the U.S. Census Bureau batch geocoder (Exact address match). CMS quality ratings and measures were intentionally not copied. Daily hours, prices and insurance details were not supplied by this intake.",330094,Hospital General Information,2026-07-02,2026-07-02,needs_review,"{""services"":{""field"":""services"",""status"":""source_backed"",""sourceUrl"":""https://data.cms.gov/provider-data/dataset/xubh-q36u"",""sourceTitle"":""CMS Hospital General Information"",""checkedDate"":""2026-07-02"",""sourceType"":""federal_open_data"",""locationSpecific"":true,""reviewerNote"":""Emergency services flag copied from the official CMS Hospital General Information row for this facility.""}}"
cms-330096,JONES MEMORIAL HOSPITAL,hospital,191 NORTH MAIN STREET,WELLSVILLE,NY,ALLEGANY,14895,42.122985486077,-77.950085403057,(585) 593-1100,Emergency services,CMS Hospital General Information,https://data.cms.gov/provider-data/dataset/xubh-q36u,2026-07-02,"Fields copied from the official CMS Hospital General Information CSV: facility name, address, city, state, ZIP code, county, phone, hospital type, ownership and emergency services flag. Hospital type: Acute Care Hospitals. Ownership: Voluntary non-profit - Private. Emergency services listed by CMS: Yes. Coordinates from the U.S. Census Bureau batch geocoder (Exact address match). CMS quality ratings and measures were intentionally not copied. Daily hours, prices and insurance details were not supplied by this intake.",330096,Hospital General Information,2026-07-02,2026-07-02,needs_review,"{""services"":{""field"":""services"",""status"":""source_backed"",""sourceUrl"":""https://data.cms.gov/provider-data/dataset/xubh-q36u"",""sourceTitle"":""CMS Hospital General Information"",""checkedDate"":""2026-07-02"",""sourceType"":""federal_open_data"",""locationSpecific"":true,""reviewerNote"":""Emergency services flag copied from the official CMS Hospital General Information row for this facility.""}}"
cms-33009f,ALBANY VA MEDICAL CENTER,hospital,113 HOLLAND AVENUE,ALBANY,NY,ALBANY,12208,42.648637384865,-73.773697084697,(518) 626-5000,Emergency services,CMS Hospital General Information,https://data.cms.gov/provider-data/dataset/xubh-q36u,2026-07-02,"Fields copied from the official CMS Hospital General Information CSV: facility name, address, city, state, ZIP code, county, phone, hospital type, ownership and emergency services flag. Hospital type: Acute Care - Veterans Administration. Ownership: Veterans Health Administration. Emergency services listed by CMS: Yes. Coordinates from the U.S. Census Bureau batch geocoder (Exact address match). CMS quality ratings and measures were intentionally not copied. Daily hours, prices and insurance details were not supplied by this intake.",33009F,Hospital General Information,2026-07-02,2026-07-02,needs_review,"{""services"":{""field"":""services"",""status"":""source_backed"",""sourceUrl"":""https://data.cms.gov/provider-data/dataset/xubh-q36u"",""sourceTitle"":""CMS Hospital General Information"",""checkedDate"":""2026-07-02"",""sourceType"":""federal_open_data"",""locationSpecific"":true,""reviewerNote"":""Emergency services flag copied from the official CMS Hospital General Information row for this facility.""}}"
cms-330100,NY EYE AND EAR INFIRMARY OF MOUNT SINAI,hospital,230 SECOND AVE,NEW YORK,NY,NEW YORK,10003,40.732120793744,-73.985017970754,(212) 979-4000,,CMS Hospital General Information,https://data.cms.gov/provider-data/dataset/xubh-q36u,2026-07-02,"Fields copied from the official CMS Hospital General Information CSV: facility name, address, city, state, ZIP code, county, phone, hospital type, ownership and emergency services flag. Hospital type: Acute Care Hospitals. Ownership: Voluntary non-profit - Private. Emergency services listed by CMS: No. Coordinates from the U.S. Census Bureau batch geocoder (Exact address match). CMS quality ratings and measures were intentionally not copied. Daily hours, prices and insurance details were not supplied by this intake.",330100,Hospital General Information,2026-07-02,2026-07-02,needs_review,
cms-330101,NEW YORK-PRESBYTERIAN HOSPITAL,hospital,525 EAST 68TH STREET,NEW YORK,NY,NEW YORK,10065,40.764254134268,-73.955379234616,(212) 746-5454,Emergency services,CMS Hospital General Information,https://data.cms.gov/provider-data/dataset/xubh-q36u,2026-07-02,"Fields copied from the official CMS Hospital General Information CSV: facility name, address, city, state, ZIP code, county, phone, hospital type, ownership and emergency services flag. Hospital type: Acute Care Hospitals. Ownership: Voluntary non-profit - Private. Emergency services listed by CMS: Yes. Coordinates from the U.S. Census Bureau batch geocoder (Exact address match). CMS quality ratings and measures were intentionally not copied. Daily hours, prices and insurance details were not supplied by this intake.",330101,Hospital General Information,2026-07-02,2026-07-02,needs_review,"{""services"":{""field"":""services"",""status"":""source_backed"",""sourceUrl"":""https://data.cms.gov/provider-data/dataset/xubh-q36u"",""sourceTitle"":""CMS Hospital General Information"",""checkedDate"":""2026-07-02"",""sourceType"":""federal_open_data"",""locationSpecific"":true,""reviewerNote"":""Emergency services flag copied from the official CMS Hospital General Information row for this facility.""}}"
cms-330102,KENMORE MERCY HOSPITAL,hospital,2950 ELMWOOD AVENUE,KENMORE,NY,ERIE,14217,42.979187563006,-78.878740519849,(716) 447-6100,Emergency services,CMS Hospital General Information,https://data.cms.gov/provider-data/dataset/xubh-q36u,2026-07-02,"Fields copied from the official CMS Hospital General Information CSV: facility name, address, city, state, ZIP code, county, phone, hospital type, ownership and emergency services flag. Hospital type: Acute Care Hospitals. Ownership: Voluntary non-profit - Private. Emergency services listed by CMS: Yes. Coordinates from the U.S. Census Bureau batch geocoder (Exact address match). CMS quality ratings and measures were intentionally not copied. Daily hours, prices and insurance details were not supplied by this intake.",330102,Hospital General Information,2026-07-02,2026-07-02,needs_review,"{""services"":{""field"":""services"",""status"":""source_backed"",""sourceUrl"":""https://data.cms.gov/provider-data/dataset/xubh-q36u"",""sourceTitle"":""CMS Hospital General Information"",""checkedDate"":""2026-07-02"",""sourceType"":""federal_open_data"",""locationSpecific"":true,""reviewerNote"":""Emergency services flag copied from the official CMS Hospital General Information row for this facility.""}}"
cms-330103,OLEAN GENERAL HOSPITAL,hospital,515 MAIN STREET,OLEAN,NY,CATTARAUGUS,14760,42.089824048968,-78.426889170272,(716) 373-2600,Emergency services,CMS Hospital General Information,https://data.cms.gov/provider-data/dataset/xubh-q36u,2026-07-02,"Fields copied from the official CMS Hospital General Information CSV: facility name, address, city, state, ZIP code, county, phone, hospital type, ownership and emergency services flag. Hospital type: Acute Care Hospitals. Ownership: Proprietary. Emergency services listed by CMS: Yes. Coordinates from the U.S. Census Bureau batch geocoder (Exact address match). CMS quality ratings and measures were intentionally not copied. Daily hours, prices and insurance details were not supplied by this intake.",330103,Hospital General Information,2026-07-02,2026-07-02,needs_review,"{""services"":{""field"":""services"",""status"":""source_backed"",""sourceUrl"":""https://data.cms.gov/provider-data/dataset/xubh-q36u"",""sourceTitle"":""CMS Hospital General Information"",""checkedDate"":""2026-07-02"",""sourceType"":""federal_open_data"",""locationSpecific"":true,""reviewerNote"":""Emergency services flag copied from the official CMS Hospital General Information row for this facility.""}}"
cms-330104,NYACK HOSPITAL,hospital,160 NORTH MIDLAND AVENUE,NYACK,NY,ROCKLAND,10960,41.096697923076,-73.924787986734,(845) 348-2000,Emergency services,CMS Hospital General Information,https://data.cms.gov/provider-data/dataset/xubh-q36u,2026-07-02,"Fields copied from the official CMS Hospital General Information CSV: facility name, address, city, state, ZIP code, county, phone, hospital type, ownership and emergency services flag. Hospital type: Acute Care Hospitals. Ownership: Voluntary non-profit - Private. Emergency services listed by CMS: Yes. Coordinates from the U.S. Census Bureau batch geocoder (Exact address match). CMS quality ratings and measures were intentionally not copied. Daily hours, prices and insurance details were not supplied by this intake.",330104,Hospital General Information,2026-07-02,2026-07-02,needs_review,"{""services"":{""field"":""services"",""status"":""source_backed"",""sourceUrl"":""https://data.cms.gov/provider-data/dataset/xubh-q36u"",""sourceTitle"":""CMS Hospital General Information"",""checkedDate"":""2026-07-02"",""sourceType"":""federal_open_data"",""locationSpecific"":true,""reviewerNote"":""Emergency services flag copied from the official CMS Hospital General Information row for this facility.""}}"
cms-330106,NORTH SHORE UNIVERSITY HOSPITAL,hospital,300 COMMUNITY DRIVE,MANHASSET,NY,NASSAU,11030,40.776195413916,-73.702965680507,(516) 562-0100,Emergency services,CMS Hospital General Information,https://data.cms.gov/provider-data/dataset/xubh-q36u,2026-07-02,"Fields copied from the official CMS Hospital General Information CSV: facility name, address, city, state, ZIP code, county, phone, hospital type, ownership and emergency services flag. Hospital type: Acute Care Hospitals. Ownership: Voluntary non-profit - Private. Emergency services listed by CMS: Yes. Coordinates from the U.S. Census Bureau batch geocoder (Exact address match). CMS quality ratings and measures were intentionally not copied. Daily hours, prices and insurance details were not supplied by this intake.",330106,Hospital General Information,2026-07-02,2026-07-02,needs_review,"{""services"":{""field"":""services"",""status"":""source_backed"",""sourceUrl"":""https://data.cms.gov/provider-data/dataset/xubh-q36u"",""sourceTitle"":""CMS Hospital General Information"",""checkedDate"":""2026-07-02"",""sourceType"":""federal_open_data"",""locationSpecific"":true,""reviewerNote"":""Emergency services flag copied from the official CMS Hospital General Information row for this facility.""}}"
cms-330111,BERTRAND CHAFFEE HOSPITAL,hospital,224 EAST MAIN STREET,SPRINGVILLE,NY,ERIE,14141,42.508556023442,-78.658757082139,(716) 592-2871,Emergency services,CMS Hospital General Information,https://data.cms.gov/provider-data/dataset/xubh-q36u,2026-07-02,"Fields copied from the official CMS Hospital General Information CSV: facility name, address, city, state, ZIP code, county, phone, hospital type, ownership and emergency services flag. Hospital type: Acute Care Hospitals. Ownership: Voluntary non-profit - Private. Emergency services listed by CMS: Yes. Coordinates from the U.S. Census Bureau batch geocoder (Exact address match). CMS quality ratings and measures were intentionally not copied. Daily hours, prices and insurance details were not supplied by this intake.",330111,Hospital General Information,2026-07-02,2026-07-02,needs_review,"{""services"":{""field"":""services"",""status"":""source_backed"",""sourceUrl"":""https://data.cms.gov/provider-data/dataset/xubh-q36u"",""sourceTitle"":""CMS Hospital General Information"",""checkedDate"":""2026-07-02"",""sourceType"":""federal_open_data"",""locationSpecific"":true,""reviewerNote"":""Emergency services flag copied from the official CMS Hospital General Information row for this facility.""}}"
cms-330115,ONEIDA HEALTH HOSPITAL,hospital,321 GENESEE STREET,ONEIDA,NY,MADISON,13421,43.078767471995,-75.655172135372,(315) 363-6000,Emergency services,CMS Hospital General Information,https://data.cms.gov/provider-data/dataset/xubh-q36u,2026-07-02,"Fields copied from the official CMS Hospital General Information CSV: facility name, address, city, state, ZIP code, county, phone, hospital type, ownership and emergency services flag. Hospital type: Acute Care Hospitals. Ownership: Voluntary non-profit - Private. Emergency services listed by CMS: Yes. Coordinates from the U.S. Census Bureau batch geocoder (Exact address match). CMS quality ratings and measures were intentionally not copied. Daily hours, prices and insurance details were not supplied by this intake.",330115,Hospital General Information,2026-07-02,2026-07-02,needs_review,"{""services"":{""field"":""services"",""status"":""source_backed"",""sourceUrl"":""https://data.cms.gov/provider-data/dataset/xubh-q36u"",""sourceTitle"":""CMS Hospital General Information"",""checkedDate"":""2026-07-02"",""sourceType"":""federal_open_data"",""locationSpecific"":true,""reviewerNote"":""Emergency services flag copied from the official CMS Hospital General Information row for this facility.""}}"
cms-330119,LENOX HILL HOSPITAL,hospital,100 EAST 77TH STREET,NEW YORK,NY,NEW YORK,10075,40.774242911409,-73.96144674649,(212) 434-2000,Emergency services,CMS Hospital General Information,https://data.cms.gov/provider-data/dataset/xubh-q36u,2026-07-02,"Fields copied from the official CMS Hospital General Information CSV: facility name, address, city, state, ZIP code, county, phone, hospital type, ownership and emergency services flag. Hospital type: Acute Care Hospitals. Ownership: Voluntary non-profit - Private. Emergency services listed by CMS: Yes. Coordinates from the U.S. Census Bureau batch geocoder (Exact address match). CMS quality ratings and measures were intentionally not copied. Daily hours, prices and insurance details were not supplied by this intake.",330119,Hospital General Information,2026-07-02,2026-07-02,needs_review,"{""services"":{""field"":""services"",""status"":""source_backed"",""sourceUrl"":""https://data.cms.gov/provider-data/dataset/xubh-q36u"",""sourceTitle"":""CMS Hospital General Information"",""checkedDate"":""2026-07-02"",""sourceType"":""federal_open_data"",""locationSpecific"":true,""reviewerNote"":""Emergency services flag copied from the official CMS Hospital General Information row for this facility.""}}"
cms-330125,ROCHESTER GENERAL HOSPITAL,hospital,1425 PORTLAND AVENUE,ROCHESTER,NY,MONROE,14621,43.191055490179,-77.584403244091,(585) 922-4000,Emergency services,CMS Hospital General Information,https://data.cms.gov/provider-data/dataset/xubh-q36u,2026-07-02,"Fields copied from the official CMS Hospital General Information CSV: facility name, address, city, state, ZIP code, county, phone, hospital type, ownership and emergency services flag. Hospital type: Acute Care Hospitals. Ownership: Voluntary non-profit - Private. Emergency services listed by CMS: Yes. Coordinates from the U.S. Census Bureau batch geocoder (Exact address match). CMS quality ratings and measures were intentionally not copied. Daily hours, prices and insurance details were not supplied by this intake.",330125,Hospital General Information,2026-07-02,2026-07-02,needs_review,"{""services"":{""field"":""services"",""status"":""source_backed"",""sourceUrl"":""https://data.cms.gov/provider-data/dataset/xubh-q36u"",""sourceTitle"":""CMS Hospital General Information"",""checkedDate"":""2026-07-02"",""sourceType"":""federal_open_data"",""locationSpecific"":true,""reviewerNote"":""Emergency services flag copied from the official CMS Hospital General Information row for this facility.""}}"
cms-330126,GARNET HEALTH MEDICAL CENTER,hospital,707 EAST MAIN STREET,MIDDLETOWN,NY,ORANGE,10940,41.439924041835,-74.367512960961,(845) 343-2424,Emergency services,CMS Hospital General Information,https://data.cms.gov/provider-data/dataset/xubh-q36u,2026-07-02,"Fields copied from the official CMS Hospital General Information CSV: facility name, address, city, state, ZIP code, county, phone, hospital type, ownership and emergency services flag. Hospital type: Acute Care Hospitals. Ownership: Voluntary non-profit - Private. Emergency services listed by CMS: Yes. Coordinates from the U.S. Census Bureau batch geocoder (Exact address match). CMS quality ratings and measures were intentionally not copied. Daily hours, prices and insurance details were not supplied by this intake.",330126,Hospital General Information,2026-07-02,2026-07-02,needs_review,"{""services"":{""field"":""services"",""status"":""source_backed"",""sourceUrl"":""https://data.cms.gov/provider-data/dataset/xubh-q36u"",""sourceTitle"":""CMS Hospital General Information"",""checkedDate"":""2026-07-02"",""sourceType"":""federal_open_data"",""locationSpecific"":true,""reviewerNote"":""Emergency services flag copied from the official CMS Hospital General Information row for this facility.""}}"
cms-330127,JACOBI MEDICAL CENTER,hospital,1400 PELHAM PARKWAY SOUTH,BRONX,NY,BRONX,10461,40.857447720384,-73.84764511868,(718) 918-5000,Emergency services,CMS Hospital General Information,https://data.cms.gov/provider-data/dataset/xubh-q36u,2026-07-02,"Fields copied from the official CMS Hospital General Information CSV: facility name, address, city, state, ZIP code, county, phone, hospital type, ownership and emergency services flag. Hospital type: Acute Care Hospitals. Ownership: Government - Local. Emergency services listed by CMS: Yes. Coordinates from the U.S. Census Bureau batch geocoder (Exact address match). CMS quality ratings and measures were intentionally not copied. Daily hours, prices and insurance details were not supplied by this intake.",330127,Hospital General Information,2026-07-02,2026-07-02,needs_review,"{""services"":{""field"":""services"",""status"":""source_backed"",""sourceUrl"":""https://data.cms.gov/provider-data/dataset/xubh-q36u"",""sourceTitle"":""CMS Hospital General Information"",""checkedDate"":""2026-07-02"",""sourceType"":""federal_open_data"",""locationSpecific"":true,""reviewerNote"":""Emergency services flag copied from the official CMS Hospital General Information row for this facility.""}}"
cms-33012f,UPSTATE NEW YORK VA HEALTHCARE SYSTEM (WESTERN NY VA HEALTHCARE SYSTEM),hospital,3495 BAILEY AVENUE,BUFFALO,NY,ERIE,14215,42.953532061216,-78.813709942127,(716) 862-3611,Emergency services,CMS Hospital General Information,https://data.cms.gov/provider-data/dataset/xubh-q36u,2026-07-02,"Fields copied from the official CMS Hospital General Information CSV: facility name, address, city, state, ZIP code, county, phone, hospital type, ownership and emergency services flag. Hospital type: Acute Care - Veterans Administration. Ownership: Veterans Health Administration. Emergency services listed by CMS: Yes. Coordinates from the U.S. Census Bureau batch geocoder (Exact address match). CMS quality ratings and measures were intentionally not copied. Daily hours, prices and insurance details were not supplied by this intake.",33012F,Hospital General Information,2026-07-02,2026-07-02,needs_review,"{""services"":{""field"":""services"",""status"":""source_backed"",""sourceUrl"":""https://data.cms.gov/provider-data/dataset/xubh-q36u"",""sourceTitle"":""CMS Hospital General Information"",""checkedDate"":""2026-07-02"",""sourceType"":""federal_open_data"",""locationSpecific"":true,""reviewerNote"":""Emergency services flag copied from the official CMS Hospital General Information row for this facility.""}}"
cms-330135,BON SECOURS COMMUNITY HOSPITAL,hospital,160 EAST MAIN STREET,PORT JERVIS,NY,ORANGE,12771,41.367268520583,-74.682676157617,(845) 856-5351,Emergency services,CMS Hospital General Information,https://data.cms.gov/provider-data/dataset/xubh-q36u,2026-07-02,"Fields copied from the official CMS Hospital General Information CSV: facility name, address, city, state, ZIP code, county, phone, hospital type, ownership and emergency services flag. Hospital type: Acute Care Hospitals. Ownership: Voluntary non-profit - Private. Emergency services listed by CMS: Yes. Coordinates from the U.S. Census Bureau batch geocoder (Non_Exact address match). CMS quality ratings and measures were intentionally not copied. Daily hours, prices and insurance details were not supplied by this intake.",330135,Hospital General Information,2026-07-02,2026-07-02,needs_review,"{""services"":{""field"":""services"",""status"":""source_backed"",""sourceUrl"":""https://data.cms.gov/provider-data/dataset/xubh-q36u"",""sourceTitle"":""CMS Hospital General Information"",""checkedDate"":""2026-07-02"",""sourceType"":""federal_open_data"",""locationSpecific"":true,""reviewerNote"":""Emergency services flag copied from the official CMS Hospital General Information row for this facility.""}}"
cms-330136,BASSETT HEALTHCARE,hospital,ONE ATWELL ROAD,COOPERSTOWN,NY,OTSEGO,13326,42.69610879283,-74.924046528492,(607) 547-3456,Emergency services,CMS Hospital General Information,https://data.cms.gov/provider-data/dataset/xubh-q36u,2026-07-02,"Fields copied from the official CMS Hospital General Information CSV: facility name, address, city, state, ZIP code, county, phone, hospital type, ownership and emergency services flag. Hospital type: Acute Care Hospitals. Ownership: Voluntary non-profit - Private. Emergency services listed by CMS: Yes. Coordinates from the U.S. Census Bureau batch geocoder (Exact address match). CMS quality ratings and measures were intentionally not copied. Daily hours, prices and insurance details were not supplied by this intake.",330136,Hospital General Information,2026-07-02,2026-07-02,needs_review,"{""services"":{""field"":""services"",""status"":""source_backed"",""sourceUrl"":""https://data.cms.gov/provider-data/dataset/xubh-q36u"",""sourceTitle"":""CMS Hospital General Information"",""checkedDate"":""2026-07-02"",""sourceType"":""federal_open_data"",""locationSpecific"":true,""reviewerNote"":""Emergency services flag copied from the official CMS Hospital General Information row for this facility.""}}"
cms-330140,ST JOSEPH'S HOSPITAL HEALTH CENTER,hospital,301 PROSPECT AVENUE,SYRACUSE,NY,ONONDAGA,13203,43.055148533131,-76.148914180421,(315) 448-5111,Emergency services,CMS Hospital General Information,https://data.cms.gov/provider-data/dataset/xubh-q36u,2026-07-02,"Fields copied from the official CMS Hospital General Information CSV: facility name, address, city, state, ZIP code, county, phone, hospital type, ownership and emergency services flag. Hospital type: Acute Care Hospitals. Ownership: Voluntary non-profit - Church. Emergency services listed by CMS: Yes. Coordinates from the U.S. Census Bureau batch geocoder (Exact address match). CMS quality ratings and measures were intentionally not copied. Daily hours, prices and insurance details were not supplied by this intake.",330140,Hospital General Information,2026-07-02,2026-07-02,needs_review,"{""services"":{""field"":""services"",""status"":""source_backed"",""sourceUrl"":""https://data.cms.gov/provider-data/dataset/xubh-q36u"",""sourceTitle"":""CMS Hospital General Information"",""checkedDate"":""2026-07-02"",""sourceType"":""federal_open_data"",""locationSpecific"":true,""reviewerNote"":""Emergency services flag copied from the official CMS Hospital General Information row for this facility.""}}"
cms-330141,LONG ISLAND COMMUNITY HOSPITAL,hospital,101 HOSPITAL ROAD,PATCHOGUE,NY,SUFFOLK,11772,40.78033948522,-72.978165126072,(631) 654-7100,Emergency services,CMS Hospital General Information,https://data.cms.gov/provider-data/dataset/xubh-q36u,2026-07-02,"Fields copied from the official CMS Hospital General Information CSV: facility name, address, city, state, ZIP code, county, phone, hospital type, ownership and emergency services flag. Hospital type: Acute Care Hospitals. Ownership: Voluntary non-profit - Private. Emergency services listed by CMS: Yes. Coordinates from the U.S. Census Bureau batch geocoder (Exact address match). CMS quality ratings and measures were intentionally not copied. Daily hours, prices and insurance details were not supplied by this intake.",330141,Hospital General Information,2026-07-02,2026-07-02,needs_review,"{""services"":{""field"":""services"",""status"":""source_backed"",""sourceUrl"":""https://data.cms.gov/provider-data/dataset/xubh-q36u"",""sourceTitle"":""CMS Hospital General Information"",""checkedDate"":""2026-07-02"",""sourceType"":""federal_open_data"",""locationSpecific"":true,""reviewerNote"":""Emergency services flag copied from the official CMS Hospital General Information row for this facility.""}}"
cms-330151,ST JAMES HOSPITAL,hospital,411 CANISTEO STREET,HORNELL,NY,STEUBEN,14843,42.314423093728,-77.660166334127,(607) 324-8000,Emergency services,CMS Hospital General Information,https://data.cms.gov/provider-data/dataset/xubh-q36u,2026-07-02,"Fields copied from the official CMS Hospital General Information CSV: facility name, address, city, state, ZIP code, county, phone, hospital type, ownership and emergency services flag. Hospital type: Acute Care Hospitals. Ownership: Voluntary non-profit - Private. Emergency services listed by CMS: Yes. Coordinates from the U.S. Census Bureau batch geocoder (Exact address match). CMS quality ratings and measures were intentionally not copied. Daily hours, prices and insurance details were not supplied by this intake.",330151,Hospital General Information,2026-07-02,2026-07-02,needs_review,"{""services"":{""field"":""services"",""status"":""source_backed"",""sourceUrl"":""https://data.cms.gov/provider-data/dataset/xubh-q36u"",""sourceTitle"":""CMS Hospital General Information"",""checkedDate"":""2026-07-02"",""sourceType"":""federal_open_data"",""locationSpecific"":true,""reviewerNote"":""Emergency services flag copied from the official CMS Hospital General Information row for this facility.""}}"
cms-330153,ELLIS HOSPITAL,hospital,1101 NOTT STREET,SCHENECTADY,NY,SCHENECTADY,12308,42.819880755805,-73.919020617788,(518) 243-4196,Emergency services,CMS Hospital General Information,https://data.cms.gov/provider-data/dataset/xubh-q36u,2026-07-02,"Fields copied from the official CMS Hospital General Information CSV: facility name, address, city, state, ZIP code, county, phone, hospital type, ownership and emergency services flag. Hospital type: Acute Care Hospitals. Ownership: Voluntary non-profit - Private. Emergency services listed by CMS: Yes. Coordinates from the U.S. Census Bureau batch geocoder (Exact address match). CMS quality ratings and measures were intentionally not copied. Daily hours, prices and insurance details were not supplied by this intake.",330153,Hospital General Information,2026-07-02,2026-07-02,needs_review,"{""services"":{""field"":""services"",""status"":""source_backed"",""sourceUrl"":""https://data.cms.gov/provider-data/dataset/xubh-q36u"",""sourceTitle"":""CMS Hospital General Information"",""checkedDate"":""2026-07-02"",""sourceType"":""federal_open_data"",""locationSpecific"":true,""reviewerNote"":""Emergency services flag copied from the official CMS Hospital General Information row for this facility.""}}"
cms-330157,SAMARITAN MEDICAL CENTER,hospital,830 WASHINGTON STREET,WATERTOWN,NY,JEFFERSON,13601,43.964735854471,-75.912846284078,(315) 785-4000,Emergency services,CMS Hospital General Information,https://data.cms.gov/provider-data/dataset/xubh-q36u,2026-07-02,"Fields copied from the official CMS Hospital General Information CSV: facility name, address, city, state, ZIP code, county, phone, hospital type, ownership and emergency services flag. Hospital type: Acute Care Hospitals. Ownership: Voluntary non-profit - Private. Emergency services listed by CMS: Yes. Coordinates from the U.S. Census Bureau batch geocoder (Exact address match). CMS quality ratings and measures were intentionally not copied. Daily hours, prices and insurance details were not supplied by this intake.",330157,Hospital General Information,2026-07-02,2026-07-02,needs_review,"{""services"":{""field"":""services"",""status"":""source_backed"",""sourceUrl"":""https://data.cms.gov/provider-data/dataset/xubh-q36u"",""sourceTitle"":""CMS Hospital General Information"",""checkedDate"":""2026-07-02"",""sourceType"":""federal_open_data"",""locationSpecific"":true,""reviewerNote"":""Emergency services flag copied from the official CMS Hospital General Information row for this facility.""}}"
cms-330158,GOOD SAMARITAN HOSPITAL OF SUFFERN,hospital,255 LAFAYETTE AVENUE,SUFFERN,NY,ROCKLAND,10901,41.112159374584,-74.13392053312,(914) 368-5000,Emergency services,CMS Hospital General Information,https://data.cms.gov/provider-data/dataset/xubh-q36u,2026-07-02,"Fields copied from the official CMS Hospital General Information CSV: facility name, address, city, state, ZIP code, county, phone, hospital type, ownership and emergency services flag. Hospital type: Acute Care Hospitals. Ownership: Voluntary non-profit - Private. Emergency services listed by CMS: Yes. Coordinates from the U.S. Census Bureau batch geocoder (Exact address match). CMS quality ratings and measures were intentionally not copied. Daily hours, prices and insurance details were not supplied by this intake.",330158,Hospital General Information,2026-07-02,2026-07-02,needs_review,"{""services"":{""field"":""services"",""status"":""source_backed"",""sourceUrl"":""https://data.cms.gov/provider-data/dataset/xubh-q36u"",""sourceTitle"":""CMS Hospital General Information"",""checkedDate"":""2026-07-02"",""sourceType"":""federal_open_data"",""locationSpecific"":true,""reviewerNote"":""Emergency services flag copied from the official CMS Hospital General Information row for this facility.""}}"
cms-33015f,VA HUDSON VALLEY HEALTHCARE SYSTEM,hospital,2094 ALBANY POST ROAD,MONTROSE,NY,WESTCHESTER,10548,41.245115841414,-73.92643658473,(914) 737-4400,,CMS Hospital General Information,https://data.cms.gov/provider-data/dataset/xubh-q36u,2026-07-02,"Fields copied from the official CMS Hospital General Information CSV: facility name, address, city, state, ZIP code, county, phone, hospital type, ownership and emergency services flag. Hospital type: Acute Care - Veterans Administration. Ownership: Veterans Health Administration. Emergency services listed by CMS: No. Coordinates from the U.S. Census Bureau batch geocoder (Exact address match). CMS quality ratings and measures were intentionally not copied. Daily hours, prices and insurance details were not supplied by this intake.",33015F,Hospital General Information,2026-07-02,2026-07-02,needs_review,
cms-330160,STATEN ISLAND UNIVERSITY HOSPITAL,hospital,475 SEAVIEW AVENUE,STATEN ISLAND,NY,RICHMOND,10305,40.583752169868,-74.08643578576,(418) 226-9761,Emergency services,CMS Hospital General Information,https://data.cms.gov/provider-data/dataset/xubh-q36u,2026-07-02,"Fields copied from the official CMS Hospital General Information CSV: facility name, address, city, state, ZIP code, county, phone, hospital type, ownership and emergency services flag. Hospital type: Acute Care Hospitals. Ownership: Voluntary non-profit - Private. Emergency services listed by CMS: Yes. Coordinates from the U.S. Census Bureau batch geocoder (Exact address match). CMS quality ratings and measures were intentionally not copied. Daily hours, prices and insurance details were not supplied by this intake.",330160,Hospital General Information,2026-07-02,2026-07-02,needs_review,"{""services"":{""field"":""services"",""status"":""source_backed"",""sourceUrl"":""https://data.cms.gov/provider-data/dataset/xubh-q36u"",""sourceTitle"":""CMS Hospital General Information"",""checkedDate"":""2026-07-02"",""sourceType"":""federal_open_data"",""locationSpecific"":true,""reviewerNote"":""Emergency services flag copied from the official CMS Hospital General Information row for this facility.""}}"
cms-330162,NORTHERN WESTCHESTER HOSPITAL,hospital,400 EAST MAIN STREET,MOUNT KISCO,NY,WESTCHESTER,10549,41.196123617346,-73.724769570376,(914) 666-1200,Emergency services,CMS Hospital General Information,https://data.cms.gov/provider-data/dataset/xubh-q36u,2026-07-02,"Fields copied from the official CMS Hospital General Information CSV: facility name, address, city, state, ZIP code, county, phone, hospital type, ownership and emergency services flag. Hospital type: Acute Care Hospitals. Ownership: Voluntary non-profit - Private. Emergency services listed by CMS: Yes. Coordinates from the U.S. Census Bureau batch geocoder (Exact address match). CMS quality ratings and measures were intentionally not copied. Daily hours, prices and insurance details were not supplied by this intake.",330162,Hospital General Information,2026-07-02,2026-07-02,needs_review,"{""services"":{""field"":""services"",""status"":""source_backed"",""sourceUrl"":""https://data.cms.gov/provider-data/dataset/xubh-q36u"",""sourceTitle"":""CMS Hospital General Information"",""checkedDate"":""2026-07-02"",""sourceType"":""federal_open_data"",""locationSpecific"":true,""reviewerNote"":""Emergency services flag copied from the official CMS Hospital General Information row for this facility.""}}"
cms-330164,HIGHLAND HOSPITAL,hospital,1000 SOUTH AVENUE,ROCHESTER,NY,MONROE,14617,43.135220069877,-77.607644430179,(585) 341-6711,Emergency services,CMS Hospital General Information,https://data.cms.gov/provider-data/dataset/xubh-q36u,2026-07-02,"Fields copied from the official CMS Hospital General Information CSV: facility name, address, city, state, ZIP code, county, phone, hospital type, ownership and emergency services flag. Hospital type: Acute Care Hospitals. Ownership: Voluntary non-profit - Private. Emergency services listed by CMS: Yes. Coordinates from the U.S. Census Bureau batch geocoder (Non_Exact address match). CMS quality ratings and measures were intentionally not copied. Daily hours, prices and insurance details were not supplied by this intake.",330164,Hospital General Information,2026-07-02,2026-07-02,needs_review,"{""services"":{""field"":""services"",""status"":""source_backed"",""sourceUrl"":""https://data.cms.gov/provider-data/dataset/xubh-q36u"",""sourceTitle"":""CMS Hospital General Information"",""checkedDate"":""2026-07-02"",""sourceType"":""federal_open_data"",""locationSpecific"":true,""reviewerNote"":""Emergency services flag copied from the official CMS Hospital General Information row for this facility.""}}"
cms-330166,"WESTFIELD MEMORIAL HOSPITAL, INC",hospital,189 EAST MAIN STREET,WESTFIELD,NY,CHAUTAUQUA,14787,42.159381645362,-79.589208331653,(716) 326-4921,Emergency services,CMS Hospital General Information,https://data.cms.gov/provider-data/dataset/xubh-q36u,2026-07-02,"Fields copied from the official CMS Hospital General Information CSV: facility name, address, city, state, ZIP code, county, phone, hospital type, ownership and emergency services flag. Hospital type: Acute Care Hospitals. Ownership: Voluntary non-profit - Private. Emergency services listed by CMS: Yes. Coordinates from the U.S. Census Bureau batch geocoder (Exact address match). CMS quality ratings and measures were intentionally not copied. Daily hours, prices and insurance details were not supplied by this intake.",330166,Hospital General Information,2026-07-02,2026-07-02,needs_review,"{""services"":{""field"":""services"",""status"":""source_backed"",""sourceUrl"":""https://data.cms.gov/provider-data/dataset/xubh-q36u"",""sourceTitle"":""CMS Hospital General Information"",""checkedDate"":""2026-07-02"",""sourceType"":""federal_open_data"",""locationSpecific"":true,""reviewerNote"":""Emergency services flag copied from the official CMS Hospital General Information row for this facility.""}}"
cms-330169,MOUNT SINAI BETH ISRAEL,hospital,281 1ST AVE,NEW YORK,NY,NEW YORK,10003,40.732719429069,-73.981590434605,(212) 420-2000,Emergency services,CMS Hospital General Information,https://data.cms.gov/provider-data/dataset/xubh-q36u,2026-07-02,"Fields copied from the official CMS Hospital General Information CSV: facility name, address, city, state, ZIP code, county, phone, hospital type, ownership and emergency services flag. Hospital type: Acute Care Hospitals. Ownership: Voluntary non-profit - Private. Emergency services listed by CMS: Yes. Coordinates from the U.S. Census Bureau batch geocoder (Exact address match). CMS quality ratings and measures were intentionally not copied. Daily hours, prices and insurance details were not supplied by this intake.",330169,Hospital General Information,2026-07-02,2026-07-02,needs_review,"{""services"":{""field"":""services"",""status"":""source_backed"",""sourceUrl"":""https://data.cms.gov/provider-data/dataset/xubh-q36u"",""sourceTitle"":""CMS Hospital General Information"",""checkedDate"":""2026-07-02"",""sourceType"":""federal_open_data"",""locationSpecific"":true,""reviewerNote"":""Emergency services flag copied from the official CMS Hospital General Information row for this facility.""}}"
cms-33016f,BRONX VA MEDICAL CENTER,hospital,130 WEST KINGSBRIDGE ROAD,BRONX,NY,BRONX,10468,40.869132170531,-73.903161480917,(718) 584-9000,Emergency services,CMS Hospital General Information,https://data.cms.gov/provider-data/dataset/xubh-q36u,2026-07-02,"Fields copied from the official CMS Hospital General Information CSV: facility name, address, city, state, ZIP code, county, phone, hospital type, ownership and emergency services flag. Hospital type: Acute Care - Veterans Administration. Ownership: Veterans Health Administration. Emergency services listed by CMS: Yes. Coordinates from the U.S. Census Bureau batch geocoder (Exact address match). CMS quality ratings and measures were intentionally not copied. Daily hours, prices and insurance details were not supplied by this intake.",33016F,Hospital General Information,2026-07-02,2026-07-02,needs_review,"{""services"":{""field"":""services"",""status"":""source_backed"",""sourceUrl"":""https://data.cms.gov/provider-data/dataset/xubh-q36u"",""sourceTitle"":""CMS Hospital General Information"",""checkedDate"":""2026-07-02"",""sourceType"":""federal_open_data"",""locationSpecific"":true,""reviewerNote"":""Emergency services flag copied from the official CMS Hospital General Information row for this facility.""}}"
cms-330175,GUTHRIE CORTLAND REGIONAL MEDICAL CENTER,hospital,134 HOMER AVENUE,CORTLAND,NY,CORTLAND,13045,42.606677738125,-76.18599529683,(607) 756-3501,Emergency services,CMS Hospital General Information,https://data.cms.gov/provider-data/dataset/xubh-q36u,2026-07-02,"Fields copied from the official CMS Hospital General Information CSV: facility name, address, city, state, ZIP code, county, phone, hospital type, ownership and emergency services flag. Hospital type: Acute Care Hospitals. Ownership: Voluntary non-profit - Private. Emergency services listed by CMS: Yes. Coordinates from the U.S. Census Bureau batch geocoder (Exact address match). CMS quality ratings and measures were intentionally not copied. Daily hours, prices and insurance details were not supplied by this intake.",330175,Hospital General Information,2026-07-02,2026-07-02,needs_review,"{""services"":{""field"":""services"",""status"":""source_backed"",""sourceUrl"":""https://data.cms.gov/provider-data/dataset/xubh-q36u"",""sourceTitle"":""CMS Hospital General Information"",""checkedDate"":""2026-07-02"",""sourceType"":""federal_open_data"",""locationSpecific"":true,""reviewerNote"":""Emergency services flag copied from the official CMS Hospital General Information row for this facility.""}}"
cms-33017f,VA NEW YORK HARBOR HEALTHCARE SYSTEM - NY DIV.,hospital,423 EAST 23RD STREET,NEW YORK,NY,NEW YORK,10010,40.736623416383,-73.97796490838,(212) 686-7500,Emergency services,CMS Hospital General Information,https://data.cms.gov/provider-data/dataset/xubh-q36u,2026-07-02,"Fields copied from the official CMS Hospital General Information CSV: facility name, address, city, state, ZIP code, county, phone, hospital type, ownership and emergency services flag. Hospital type: Acute Care - Veterans Administration. Ownership: Veterans Health Administration. Emergency services listed by CMS: Yes. Coordinates from the U.S. Census Bureau batch geocoder (Exact address match). CMS quality ratings and measures were intentionally not copied. Daily hours, prices and insurance details were not supplied by this intake.",33017F,Hospital General Information,2026-07-02,2026-07-02,needs_review,"{""services"":{""field"":""services"",""status"":""source_backed"",""sourceUrl"":""https://data.cms.gov/provider-data/dataset/xubh-q36u"",""sourceTitle"":""CMS Hospital General Information"",""checkedDate"":""2026-07-02"",""sourceType"":""federal_open_data"",""locationSpecific"":true,""reviewerNote"":""Emergency services flag copied from the official CMS Hospital General Information row for this facility.""}}"
cms-330180,"SAMARITAN HOSPITAL OF TROY, NEW YORK",hospital,2215 BURDETT AVENUE,TROY,NY,RENSSELAER,12180,42.734097113137,-73.671327299122,(518) 427-3402,Emergency services,CMS Hospital General Information,https://data.cms.gov/provider-data/dataset/xubh-q36u,2026-07-02,"Fields copied from the official CMS Hospital General Information CSV: facility name, address, city, state, ZIP code, county, phone, hospital type, ownership and emergency services flag. Hospital type: Acute Care Hospitals. Ownership: Voluntary non-profit - Private. Emergency services listed by CMS: Yes. Coordinates from the U.S. Census Bureau batch geocoder (Exact address match). CMS quality ratings and measures were intentionally not copied. Daily hours, prices and insurance details were not supplied by this intake.",330180,Hospital General Information,2026-07-02,2026-07-02,needs_review,"{""services"":{""field"":""services"",""status"":""source_backed"",""sourceUrl"":""https://data.cms.gov/provider-data/dataset/xubh-q36u"",""sourceTitle"":""CMS Hospital General Information"",""checkedDate"":""2026-07-02"",""sourceType"":""federal_open_data"",""locationSpecific"":true,""reviewerNote"":""Emergency services flag copied from the official CMS Hospital General Information row for this facility.""}}"
cms-330181,NORTHWELL HOSPITAL GLEN COVE,hospital,101 ST ANDREWS LANE,GLEN COVE,NY,NASSAU,11542,40.871735751045,-73.621499972296,(516) 674-7300,Emergency services,CMS Hospital General Information,https://data.cms.gov/provider-data/dataset/xubh-q36u,2026-07-02,"Fields copied from the official CMS Hospital General Information CSV: facility name, address, city, state, ZIP code, county, phone, hospital type, ownership and emergency services flag. Hospital type: Acute Care Hospitals. Ownership: Voluntary non-profit - Private. Emergency services listed by CMS: Yes. Coordinates from the U.S. Census Bureau batch geocoder (Exact address match). CMS quality ratings and measures were intentionally not copied. Daily hours, prices and insurance details were not supplied by this intake.",330181,Hospital General Information,2026-07-02,2026-07-02,needs_review,"{""services"":{""field"":""services"",""status"":""source_backed"",""sourceUrl"":""https://data.cms.gov/provider-data/dataset/xubh-q36u"",""sourceTitle"":""CMS Hospital General Information"",""checkedDate"":""2026-07-02"",""sourceType"":""federal_open_data"",""locationSpecific"":true,""reviewerNote"":""Emergency services flag copied from the official CMS Hospital General Information row for this facility.""}}"
cms-330182,ST FRANCIS HOSPITAL - THE HEART CENTER,hospital,100 PORT WASHINGTON BOULEVARD,ROSLYN,NY,NASSAU,11576,40.805887319592,-73.669035272655,(516) 562-6000,Emergency services,CMS Hospital General Information,https://data.cms.gov/provider-data/dataset/xubh-q36u,2026-07-02,"Fields copied from the official CMS Hospital General Information CSV: facility name, address, city, state, ZIP code, county, phone, hospital type, ownership and emergency services flag. Hospital type: Acute Care Hospitals. Ownership: Voluntary non-profit - Church. Emergency services listed by CMS: Yes. Coordinates from the U.S. Census Bureau batch geocoder (Exact address match). CMS quality ratings and measures were intentionally not copied. Daily hours, prices and insurance details were not supplied by this intake.",330182,Hospital General Information,2026-07-02,2026-07-02,needs_review,"{""services"":{""field"":""services"",""status"":""source_backed"",""sourceUrl"":""https://data.cms.gov/provider-data/dataset/xubh-q36u"",""sourceTitle"":""CMS Hospital General Information"",""checkedDate"":""2026-07-02"",""sourceType"":""federal_open_data"",""locationSpecific"":true,""reviewerNote"":""Emergency services flag copied from the official CMS Hospital General Information row for this facility.""}}"
cms-330184,MONTEFIORE NEW ROCHELLE HOSPITAL,hospital,16 GUION PLACE,NEW ROCHELLE,NY,WESTCHESTER,10802,40.912975273438,-73.787111745886,(914) 632-5000,Emergency services,CMS Hospital General Information,https://data.cms.gov/provider-data/dataset/xubh-q36u,2026-07-02,"Fields copied from the official CMS Hospital General Information CSV: facility name, address, city, state, ZIP code, county, phone, hospital type, ownership and emergency services flag. Hospital type: Acute Care Hospitals. Ownership: Voluntary non-profit - Private. Emergency services listed by CMS: Yes. Coordinates from the U.S. Census Bureau batch geocoder (Non_Exact address match). CMS quality ratings and measures were intentionally not copied. Daily hours, prices and insurance details were not supplied by this intake.",330184,Hospital General Information,2026-07-02,2026-07-02,needs_review,"{""services"":{""field"":""services"",""status"":""source_backed"",""sourceUrl"":""https://data.cms.gov/provider-data/dataset/xubh-q36u"",""sourceTitle"":""CMS Hospital General Information"",""checkedDate"":""2026-07-02"",""sourceType"":""federal_open_data"",""locationSpecific"":true,""reviewerNote"":""Emergency services flag copied from the official CMS Hospital General Information row for this facility.""}}"
cms-330191,GLENS FALLS HOSPITAL,hospital,100 PARK STREET,GLENS FALLS,NY,WARREN,12801,43.307265317705,-73.646098827477,(518) 926-1000,Emergency services,CMS Hospital General Information,https://data.cms.gov/provider-data/dataset/xubh-q36u,2026-07-02,"Fields copied from the official CMS Hospital General Information CSV: facility name, address, city, state, ZIP code, county, phone, hospital type, ownership and emergency services flag. Hospital type: Acute Care Hospitals. Ownership: Voluntary non-profit - Private. Emergency services listed by CMS: Yes. Coordinates from the U.S. Census Bureau batch geocoder (Exact address match). CMS quality ratings and measures were intentionally not copied. Daily hours, prices and insurance details were not supplied by this intake.",330191,Hospital General Information,2026-07-02,2026-07-02,needs_review,"{""services"":{""field"":""services"",""status"":""source_backed"",""sourceUrl"":""https://data.cms.gov/provider-data/dataset/xubh-q36u"",""sourceTitle"":""CMS Hospital General Information"",""checkedDate"":""2026-07-02"",""sourceType"":""federal_open_data"",""locationSpecific"":true,""reviewerNote"":""Emergency services flag copied from the official CMS Hospital General Information row for this facility.""}}"
cms-330195,LONG ISLAND JEWISH MEDICAL CENTER,hospital,270 - 05 76TH AVENUE,NEW HYDE PARK,NY,NASSAU,11040,40.753333877156,-73.706882858069,(718) 470-7000,Emergency services,CMS Hospital General Information,https://data.cms.gov/provider-data/dataset/xubh-q36u,2026-07-02,"Fields copied from the official CMS Hospital General Information CSV: facility name, address, city, state, ZIP code, county, phone, hospital type, ownership and emergency services flag. Hospital type: Acute Care Hospitals. Ownership: Voluntary non-profit - Private. Emergency services listed by CMS: Yes. Coordinates from the U.S. Census Bureau batch geocoder (Exact address match). CMS quality ratings and measures were intentionally not copied. Daily hours, prices and insurance details were not supplied by this intake.",330195,Hospital General Information,2026-07-02,2026-07-02,needs_review,"{""services"":{""field"":""services"",""status"":""source_backed"",""sourceUrl"":""https://data.cms.gov/provider-data/dataset/xubh-q36u"",""sourceTitle"":""CMS Hospital General Information"",""checkedDate"":""2026-07-02"",""sourceType"":""federal_open_data"",""locationSpecific"":true,""reviewerNote"":""Emergency services flag copied from the official CMS Hospital General Information row for this facility.""}}"
cms-330196,SOUTH BROOKLYN HEALTH,hospital,2601 OCEAN PARKWAY,BROOKLYN,NY,KINGS,11235,40.586631111924,-73.965789903885,(718) 616-4834,Emergency services,CMS Hospital General Information,https://data.cms.gov/provider-data/dataset/xubh-q36u,2026-07-02,"Fields copied from the official CMS Hospital General Information CSV: facility name, address, city, state, ZIP code, county, phone, hospital type, ownership and emergency services flag. Hospital type: Acute Care Hospitals. Ownership: Voluntary non-profit - Other. Emergency services listed by CMS: Yes. Coordinates from the U.S. Census Bureau batch geocoder (Exact address match). CMS quality ratings and measures were intentionally not copied. Daily hours, prices and insurance details were not supplied by this intake.",330196,Hospital General Information,2026-07-02,2026-07-02,needs_review,"{""services"":{""field"":""services"",""status"":""source_backed"",""sourceUrl"":""https://data.cms.gov/provider-data/dataset/xubh-q36u"",""sourceTitle"":""CMS Hospital General Information"",""checkedDate"":""2026-07-02"",""sourceType"":""federal_open_data"",""locationSpecific"":true,""reviewerNote"":""Emergency services flag copied from the official CMS Hospital General Information row for this facility.""}}"
cms-330197,CANTON-POTSDAM HOSPITAL,hospital,50 LEROY STREET,POTSDAM,NY,ST. LAWRENCE,13676,44.675909560946,-74.981529530521,(315) 265-3300,Emergency services,CMS Hospital General Information,https://data.cms.gov/provider-data/dataset/xubh-q36u,2026-07-02,"Fields copied from the official CMS Hospital General Information CSV: facility name, address, city, state, ZIP code, county, phone, hospital type, ownership and emergency services flag. Hospital type: Acute Care Hospitals. Ownership: Voluntary non-profit - Private. Emergency services listed by CMS: Yes. Coordinates from the U.S. Census Bureau batch geocoder (Exact address match). CMS quality ratings and measures were intentionally not copied. Daily hours, prices and insurance details were not supplied by this intake.",330197,Hospital General Information,2026-07-02,2026-07-02,needs_review,"{""services"":{""field"":""services"",""status"":""source_backed"",""sourceUrl"":""https://data.cms.gov/provider-data/dataset/xubh-q36u"",""sourceTitle"":""CMS Hospital General Information"",""checkedDate"":""2026-07-02"",""sourceType"":""federal_open_data"",""locationSpecific"":true,""reviewerNote"":""Emergency services flag copied from the official CMS Hospital General Information row for this facility.""}}"
cms-330199,METROPOLITAN HOSPITAL CENTER,hospital,1901 FIRST AVENUE,NEW YORK,NY,NEW YORK,10029,40.784173660859,-73.944134516784,(212) 423-6262,Emergency services,CMS Hospital General Information,https://data.cms.gov/provider-data/dataset/xubh-q36u,2026-07-02,"Fields copied from the official CMS Hospital General Information CSV: facility name, address, city, state, ZIP code, county, phone, hospital type, ownership and emergency services flag. Hospital type: Acute Care Hospitals. Ownership: Government - Local. Emergency services listed by CMS: Yes. Coordinates from the U.S. Census Bureau batch geocoder (Exact address match). CMS quality ratings and measures were intentionally not copied. Daily hours, prices and insurance details were not supplied by this intake.",330199,Hospital General Information,2026-07-02,2026-07-02,needs_review,"{""services"":{""field"":""services"",""status"":""source_backed"",""sourceUrl"":""https://data.cms.gov/provider-data/dataset/xubh-q36u"",""sourceTitle"":""CMS Hospital General Information"",""checkedDate"":""2026-07-02"",""sourceType"":""federal_open_data"",""locationSpecific"":true,""reviewerNote"":""Emergency services flag copied from the official CMS Hospital General Information row for this facility.""}}"
cms-330202,KINGS COUNTY HOSPITAL CENTER,hospital,451 CLARKSON AVENUE,BROOKLYN,NY,KINGS,11203,40.655771944262,-73.945225608004,(718) 245-3901,Emergency services,CMS Hospital General Information,https://data.cms.gov/provider-data/dataset/xubh-q36u,2026-07-02,"Fields copied from the official CMS Hospital General Information CSV: facility name, address, city, state, ZIP code, county, phone, hospital type, ownership and emergency services flag. Hospital type: Acute Care Hospitals. Ownership: Government - Local. Emergency services listed by CMS: Yes. Coordinates from the U.S. Census Bureau batch geocoder (Exact address match). CMS quality ratings and measures were intentionally not copied. Daily hours, prices and insurance details were not supplied by this intake.",330202,Hospital General Information,2026-07-02,2026-07-02,needs_review,"{""services"":{""field"":""services"",""status"":""source_backed"",""sourceUrl"":""https://data.cms.gov/provider-data/dataset/xubh-q36u"",""sourceTitle"":""CMS Hospital General Information"",""checkedDate"":""2026-07-02"",""sourceType"":""federal_open_data"",""locationSpecific"":true,""reviewerNote"":""Emergency services flag copied from the official CMS Hospital General Information row for this facility.""}}"
cms-330203,CROUSE HOSPITAL,hospital,736 IRVING AVENUE,SYRACUSE,NY,ONONDAGA,13210,43.041878519486,-76.137929238503,(315) 470-7449,Emergency services,CMS Hospital General Information,https://data.cms.gov/provider-data/dataset/xubh-q36u,2026-07-02,"Fields copied from the official CMS Hospital General Information CSV: facility name, address, city, state, ZIP code, county, phone, hospital type, ownership and emergency services flag. Hospital type: Acute Care Hospitals. Ownership: Voluntary non-profit - Private. Emergency services listed by CMS: Yes. Coordinates from the U.S. Census Bureau batch geocoder (Exact address match). CMS quality ratings and measures were intentionally not copied. Daily hours, prices and insurance details were not supplied by this intake.",330203,Hospital General Information,2026-07-02,2026-07-02,needs_review,"{""services"":{""field"":""services"",""status"":""source_backed"",""sourceUrl"":""https://data.cms.gov/provider-data/dataset/xubh-q36u"",""sourceTitle"":""CMS Hospital General Information"",""checkedDate"":""2026-07-02"",""sourceType"":""federal_open_data"",""locationSpecific"":true,""reviewerNote"":""Emergency services flag copied from the official CMS Hospital General Information row for this facility.""}}"
cms-330204,BELLEVUE HOSPITAL CENTER,hospital,462 FIRST AVENUE,NEW YORK,NY,NEW YORK,10016,40.739696677918,-73.976402510469,(212) 561-4132,Emergency services,CMS Hospital General Information,https://data.cms.gov/provider-data/dataset/xubh-q36u,2026-07-02,"Fields copied from the official CMS Hospital General Information CSV: facility name, address, city, state, ZIP code, county, phone, hospital type, ownership and emergency services flag. Hospital type: Acute Care Hospitals. Ownership: Government - Local. Emergency services listed by CMS: Yes. Coordinates from the U.S. Census Bureau batch geocoder (Exact address match). CMS quality ratings and measures were intentionally not copied. Daily hours, prices and insurance details were not supplied by this intake.",330204,Hospital General Information,2026-07-02,2026-07-02,needs_review,"{""services"":{""field"":""services"",""status"":""source_backed"",""sourceUrl"":""https://data.cms.gov/provider-data/dataset/xubh-q36u"",""sourceTitle"":""CMS Hospital General Information"",""checkedDate"":""2026-07-02"",""sourceType"":""federal_open_data"",""locationSpecific"":true,""reviewerNote"":""Emergency services flag copied from the official CMS Hospital General Information row for this facility.""}}"
cms-330205,ST ANTHONY COMMUNITY HOSPITAL,hospital,15 MAPLE AVENUE -19,WARWICK,NY,ORANGE,10990,41.263305188451,-74.356307650103,(845) 986-2276,,CMS Hospital General Information,https://data.cms.gov/provider-data/dataset/xubh-q36u,2026-07-02,"Fields copied from the official CMS Hospital General Information CSV: facility name, address, city, state, ZIP code, county, phone, hospital type, ownership and emergency services flag. Hospital type: Acute Care Hospitals. Ownership: Voluntary non-profit - Church. Emergency services listed by CMS: No. Coordinates from the U.S. Census Bureau batch geocoder (Non_Exact address match). CMS quality ratings and measures were intentionally not copied. Daily hours, prices and insurance details were not supplied by this intake.",330205,Hospital General Information,2026-07-02,2026-07-02,needs_review,
cms-330208,ST JOHN'S RIVERSIDE HOSPITAL,hospital,976 NORTH BROADWAY,YONKERS,NY,WESTCHESTER,10701,40.967702295518,-73.885056905872,(914) 964-4444,Emergency services,CMS Hospital General Information,https://data.cms.gov/provider-data/dataset/xubh-q36u,2026-07-02,"Fields copied from the official CMS Hospital General Information CSV: facility name, address, city, state, ZIP code, county, phone, hospital type, ownership and emergency services flag. Hospital type: Acute Care Hospitals. Ownership: Voluntary non-profit - Private. Emergency services listed by CMS: Yes. Coordinates from the U.S. Census Bureau batch geocoder (Exact address match). CMS quality ratings and measures were intentionally not copied. Daily hours, prices and insurance details were not supplied by this intake.",330208,Hospital General Information,2026-07-02,2026-07-02,needs_review,"{""services"":{""field"":""services"",""status"":""source_backed"",""sourceUrl"":""https://data.cms.gov/provider-data/dataset/xubh-q36u"",""sourceTitle"":""CMS Hospital General Information"",""checkedDate"":""2026-07-02"",""sourceType"":""federal_open_data"",""locationSpecific"":true,""reviewerNote"":""Emergency services flag copied from the official CMS Hospital General Information row for this facility.""}}"
cms-33020f,VA NEW YORK HARBOR HEALTHCARE SYSTEM - BROOKLYN,hospital,800 POLY PLACE,BROOKLYN,NY,KINGS,11209,40.610278844781,-74.027009648368,(718) 836-6600,Emergency services,CMS Hospital General Information,https://data.cms.gov/provider-data/dataset/xubh-q36u,2026-07-02,"Fields copied from the official CMS Hospital General Information CSV: facility name, address, city, state, ZIP code, county, phone, hospital type, ownership and emergency services flag. Hospital type: Acute Care - Veterans Administration. Ownership: Veterans Health Administration. Emergency services listed by CMS: Yes. Coordinates from the U.S. Census Bureau batch geocoder (Exact address match). CMS quality ratings and measures were intentionally not copied. Daily hours, prices and insurance details were not supplied by this intake.",33020F,Hospital General Information,2026-07-02,2026-07-02,needs_review,"{""services"":{""field"":""services"",""status"":""source_backed"",""sourceUrl"":""https://data.cms.gov/provider-data/dataset/xubh-q36u"",""sourceTitle"":""CMS Hospital General Information"",""checkedDate"":""2026-07-02"",""sourceType"":""federal_open_data"",""locationSpecific"":true,""reviewerNote"":""Emergency services flag copied from the official CMS Hospital General Information row for this facility.""}}"
cms-330214,NYU LANGONE HOSPITALS,hospital,550 FIRST AVENUE,NEW YORK,NY,NEW YORK,10016,40.742346194975,-73.974474127012,(212) 263-7300,Emergency services,CMS Hospital General Information,https://data.cms.gov/provider-data/dataset/xubh-q36u,2026-07-02,"Fields copied from the official CMS Hospital General Information CSV: facility name, address, city, state, ZIP code, county, phone, hospital type, ownership and emergency services flag. Hospital type: Acute Care Hospitals. Ownership: Voluntary non-profit - Private. Emergency services listed by CMS: Yes. Coordinates from the U.S. Census Bureau batch geocoder (Exact address match). CMS quality ratings and measures were intentionally not copied. Daily hours, prices and insurance details were not supplied by this intake.",330214,Hospital General Information,2026-07-02,2026-07-02,needs_review,"{""services"":{""field"":""services"",""status"":""source_backed"",""sourceUrl"":""https://data.cms.gov/provider-data/dataset/xubh-q36u"",""sourceTitle"":""CMS Hospital General Information"",""checkedDate"":""2026-07-02"",""sourceType"":""federal_open_data"",""locationSpecific"":true,""reviewerNote"":""Emergency services flag copied from the official CMS Hospital General Information row for this facility.""}}"
cms-330215,"ROME MEMORIAL HOSPITAL, INC",hospital,1500 NORTH JAMES STREET,ROME,NY,ONEIDA,13440,43.228977828545,-75.444142419485,(315) 338-7000,Emergency services,CMS Hospital General Information,https://data.cms.gov/provider-data/dataset/xubh-q36u,2026-07-02,"Fields copied from the official CMS Hospital General Information CSV: facility name, address, city, state, ZIP code, county, phone, hospital type, ownership and emergency services flag. Hospital type: Acute Care Hospitals. Ownership: Voluntary non-profit - Private. Emergency services listed by CMS: Yes. Coordinates from the U.S. Census Bureau batch geocoder (Exact address match). CMS quality ratings and measures were intentionally not copied. Daily hours, prices and insurance details were not supplied by this intake.",330215,Hospital General Information,2026-07-02,2026-07-02,needs_review,"{""services"":{""field"":""services"",""status"":""source_backed"",""sourceUrl"":""https://data.cms.gov/provider-data/dataset/xubh-q36u"",""sourceTitle"":""CMS Hospital General Information"",""checkedDate"":""2026-07-02"",""sourceType"":""federal_open_data"",""locationSpecific"":true,""reviewerNote"":""Emergency services flag copied from the official CMS Hospital General Information row for this facility.""}}"
cms-330218,OSWEGO HOSPITAL,hospital,110 WEST SIXTH STREET,OSWEGO,NY,OSWEGO,13069,43.454904638179,-76.516515345126,(315) 349-5511,Emergency services,CMS Hospital General Information,https://data.cms.gov/provider-data/dataset/xubh-q36u,2026-07-02,"Fields copied from the official CMS Hospital General Information CSV: facility name, address, city, state, ZIP code, county, phone, hospital type, ownership and emergency services flag. Hospital type: Acute Care Hospitals. Ownership: Voluntary non-profit - Private. Emergency services listed by CMS: Yes. Coordinates from the U.S. Census Bureau batch geocoder (Non_Exact address match). CMS quality ratings and measures were intentionally not copied. Daily hours, prices and insurance details were not supplied by this intake.",330218,Hospital General Information,2026-07-02,2026-07-02,needs_review,"{""services"":{""field"":""services"",""status"":""source_backed"",""sourceUrl"":""https://data.cms.gov/provider-data/dataset/xubh-q36u"",""sourceTitle"":""CMS Hospital General Information"",""checkedDate"":""2026-07-02"",""sourceType"":""federal_open_data"",""locationSpecific"":true,""reviewerNote"":""Emergency services flag copied from the official CMS Hospital General Information row for this facility.""}}"
cms-330219,ERIE COUNTY MEDICAL CENTER,hospital,462 GRIDER STREET,BUFFALO,NY,ERIE,14215,42.926457555011,-78.829223514588,(716) 898-3936,Emergency services,CMS Hospital General Information,https://data.cms.gov/provider-data/dataset/xubh-q36u,2026-07-02,"Fields copied from the official CMS Hospital General Information CSV: facility name, address, city, state, ZIP code, county, phone, hospital type, ownership and emergency services flag. Hospital type: Acute Care Hospitals. Ownership: Voluntary non-profit - Other. Emergency services listed by CMS: Yes. Coordinates from the U.S. Census Bureau batch geocoder (Exact address match). CMS quality ratings and measures were intentionally not copied. Daily hours, prices and insurance details were not supplied by this intake.",330219,Hospital General Information,2026-07-02,2026-07-02,needs_review,"{""services"":{""field"":""services"",""status"":""source_backed"",""sourceUrl"":""https://data.cms.gov/provider-data/dataset/xubh-q36u"",""sourceTitle"":""CMS Hospital General Information"",""checkedDate"":""2026-07-02"",""sourceType"":""federal_open_data"",""locationSpecific"":true,""reviewerNote"":""Emergency services flag copied from the official CMS Hospital General Information row for this facility.""}}"
cms-330221,WYCKOFF HEIGHTS MEDICAL CENTER,hospital,374 STOCKHOLM STREET,BROOKLYN,NY,KINGS,11237,40.704913368642,-73.917336015229,(718) 963-7272,Emergency services,CMS Hospital General Information,https://data.cms.gov/provider-data/dataset/xubh-q36u,2026-07-02,"Fields copied from the official CMS Hospital General Information CSV: facility name, address, city, state, ZIP code, county, phone, hospital type, ownership and emergency services flag. Hospital type: Acute Care Hospitals. Ownership: Voluntary non-profit - Private. Emergency services listed by CMS: Yes. Coordinates from the U.S. Census Bureau batch geocoder (Exact address match). CMS quality ratings and measures were intentionally not copied. Daily hours, prices and insurance details were not supplied by this intake.",330221,Hospital General Information,2026-07-02,2026-07-02,needs_review,"{""services"":{""field"":""services"",""status"":""source_backed"",""sourceUrl"":""https://data.cms.gov/provider-data/dataset/xubh-q36u"",""sourceTitle"":""CMS Hospital General Information"",""checkedDate"":""2026-07-02"",""sourceType"":""federal_open_data"",""locationSpecific"":true,""reviewerNote"":""Emergency services flag copied from the official CMS Hospital General Information row for this facility.""}}"
cms-330222,SARATOGA HOSPITAL,hospital,211 CHURCH STREET,SARATOGA SPRINGS,NY,SARATOGA,12866,43.08484472551,-73.796214643615,(518) 587-3222,Emergency services,CMS Hospital General Information,https://data.cms.gov/provider-data/dataset/xubh-q36u,2026-07-02,"Fields copied from the official CMS Hospital General Information CSV: facility name, address, city, state, ZIP code, county, phone, hospital type, ownership and emergency services flag. Hospital type: Acute Care Hospitals. Ownership: Voluntary non-profit - Private. Emergency services listed by CMS: Yes. Coordinates from the U.S. Census Bureau batch geocoder (Exact address match). CMS quality ratings and measures were intentionally not copied. Daily hours, prices and insurance details were not supplied by this intake.",330222,Hospital General Information,2026-07-02,2026-07-02,needs_review,"{""services"":{""field"":""services"",""status"":""source_backed"",""sourceUrl"":""https://data.cms.gov/provider-data/dataset/xubh-q36u"",""sourceTitle"":""CMS Hospital General Information"",""checkedDate"":""2026-07-02"",""sourceType"":""federal_open_data"",""locationSpecific"":true,""reviewerNote"":""Emergency services flag copied from the official CMS Hospital General Information row for this facility.""}}"
cms-330224,HEALTHALLIANCE HOSPITAL MARYS AVENUE CAMPUS,hospital,105 MARY'S AVENUE,KINGSTON,NY,ULSTER,12401,41.92255323499,-73.999563339331,(845) 338-2500,Emergency services,CMS Hospital General Information,https://data.cms.gov/provider-data/dataset/xubh-q36u,2026-07-02,"Fields copied from the official CMS Hospital General Information CSV: facility name, address, city, state, ZIP code, county, phone, hospital type, ownership and emergency services flag. Hospital type: Acute Care Hospitals. Ownership: Voluntary non-profit - Private. Emergency services listed by CMS: Yes. Coordinates from the U.S. Census Bureau batch geocoder (Exact address match). CMS quality ratings and measures were intentionally not copied. Daily hours, prices and insurance details were not supplied by this intake.",330224,Hospital General Information,2026-07-02,2026-07-02,needs_review,"{""services"":{""field"":""services"",""status"":""source_backed"",""sourceUrl"":""https://data.cms.gov/provider-data/dataset/xubh-q36u"",""sourceTitle"":""CMS Hospital General Information"",""checkedDate"":""2026-07-02"",""sourceType"":""federal_open_data"",""locationSpecific"":true,""reviewerNote"":""Emergency services flag copied from the official CMS Hospital General Information row for this facility.""}}"
cms-330226,UNITY HOSPITAL,hospital,1555 LONG POND ROAD,ROCHESTER,NY,MONROE,14626,43.193164550373,-77.701528944652,(585) 723-7000,Emergency services,CMS Hospital General Information,https://data.cms.gov/provider-data/dataset/xubh-q36u,2026-07-02,"Fields copied from the official CMS Hospital General Information CSV: facility name, address, city, state, ZIP code, county, phone, hospital type, ownership and emergency services flag. Hospital type: Acute Care Hospitals. Ownership: Voluntary non-profit - Private. Emergency services listed by CMS: Yes. Coordinates from the U.S. Census Bureau batch geocoder (Exact address match). CMS quality ratings and measures were intentionally not copied. Daily hours, prices and insurance details were not supplied by this intake.",330226,Hospital General Information,2026-07-02,2026-07-02,needs_review,"{""services"":{""field"":""services"",""status"":""source_backed"",""sourceUrl"":""https://data.cms.gov/provider-data/dataset/xubh-q36u"",""sourceTitle"":""CMS Hospital General Information"",""checkedDate"":""2026-07-02"",""sourceType"":""federal_open_data"",""locationSpecific"":true,""reviewerNote"":""Emergency services flag copied from the official CMS Hospital General Information row for this facility.""}}"
cms-330229,"BROOKS-TLC HOSPITAL SYSTEM, INC",hospital,529 CENTRAL AVENUE,DUNKIRK,NY,CHAUTAUQUA,14048,42.480795838417,-79.333849414245,(716) 366-1111,Emergency services,CMS Hospital General Information,https://data.cms.gov/provider-data/dataset/xubh-q36u,2026-07-02,"Fields copied from the official CMS Hospital General Information CSV: facility name, address, city, state, ZIP code, county, phone, hospital type, ownership and emergency services flag. Hospital type: Acute Care Hospitals. Ownership: Voluntary non-profit - Private. Emergency services listed by CMS: Yes. Coordinates from the U.S. Census Bureau batch geocoder (Exact address match). CMS quality ratings and measures were intentionally not copied. Daily hours, prices and insurance details were not supplied by this intake.",330229,Hospital General Information,2026-07-02,2026-07-02,needs_review,"{""services"":{""field"":""services"",""status"":""source_backed"",""sourceUrl"":""https://data.cms.gov/provider-data/dataset/xubh-q36u"",""sourceTitle"":""CMS Hospital General Information"",""checkedDate"":""2026-07-02"",""sourceType"":""federal_open_data"",""locationSpecific"":true,""reviewerNote"":""Emergency services flag copied from the official CMS Hospital General Information row for this facility.""}}"
cms-330231,QUEENS HOSPITAL CENTER,hospital,82-68 164TH STREET,JAMAICA,NY,QUEENS,11432,40.717490120852,-73.802239359066,(718) 883-3000,Emergency services,CMS Hospital General Information,https://data.cms.gov/provider-data/dataset/xubh-q36u,2026-07-02,"Fields copied from the official CMS Hospital General Information CSV: facility name, address, city, state, ZIP code, county, phone, hospital type, ownership and emergency services flag. Hospital type: Acute Care Hospitals. Ownership: Voluntary non-profit - Other. Emergency services listed by CMS: Yes. Coordinates from the U.S. Census Bureau batch geocoder (Non_Exact address match). CMS quality ratings and measures were intentionally not copied. Daily hours, prices and insurance details were not supplied by this intake.",330231,Hospital General Information,2026-07-02,2026-07-02,needs_review,"{""services"":{""field"":""services"",""status"":""source_backed"",""sourceUrl"":""https://data.cms.gov/provider-data/dataset/xubh-q36u"",""sourceTitle"":""CMS Hospital General Information"",""checkedDate"":""2026-07-02"",""sourceType"":""federal_open_data"",""locationSpecific"":true,""reviewerNote"":""Emergency services flag copied from the official CMS Hospital General Information row for this facility.""}}"
cms-330233,BROOKDALE HOSPITAL MEDICAL CENTER,hospital,1 BROOKDALE PLAZA,BROOKLYN,NY,KINGS,11212,40.655241724883,-73.912205473149,(718) 240-5966,Emergency services,CMS Hospital General Information,https://data.cms.gov/provider-data/dataset/xubh-q36u,2026-07-02,"Fields copied from the official CMS Hospital General Information CSV: facility name, address, city, state, ZIP code, county, phone, hospital type, ownership and emergency services flag. Hospital type: Acute Care Hospitals. Ownership: Voluntary non-profit - Private. Emergency services listed by CMS: Yes. Coordinates from the U.S. Census Bureau batch geocoder (Exact address match). CMS quality ratings and measures were intentionally not copied. Daily hours, prices and insurance details were not supplied by this intake.",330233,Hospital General Information,2026-07-02,2026-07-02,needs_review,"{""services"":{""field"":""services"",""status"":""source_backed"",""sourceUrl"":""https://data.cms.gov/provider-data/dataset/xubh-q36u"",""sourceTitle"":""CMS Hospital General Information"",""checkedDate"":""2026-07-02"",""sourceType"":""federal_open_data"",""locationSpecific"":true,""reviewerNote"":""Emergency services flag copied from the official CMS Hospital General Information row for this facility.""}}"
cms-330234,WESTCHESTER MEDICAL CENTER,hospital,100 WOODS RD,VALHALLA,NY,WESTCHESTER,10595,41.085906518146,-73.80345058822,(914) 493-7000,Emergency services,CMS Hospital General Information,https://data.cms.gov/provider-data/dataset/xubh-q36u,2026-07-02,"Fields copied from the official CMS Hospital General Information CSV: facility name, address, city, state, ZIP code, county, phone, hospital type, ownership and emergency services flag. Hospital type: Acute Care Hospitals. Ownership: Voluntary non-profit - Other. Emergency services listed by CMS: Yes. Coordinates from the U.S. Census Bureau batch geocoder (Exact address match). CMS quality ratings and measures were intentionally not copied. Daily hours, prices and insurance details were not supplied by this intake.",330234,Hospital General Information,2026-07-02,2026-07-02,needs_review,"{""services"":{""field"":""services"",""status"":""source_backed"",""sourceUrl"":""https://data.cms.gov/provider-data/dataset/xubh-q36u"",""sourceTitle"":""CMS Hospital General Information"",""checkedDate"":""2026-07-02"",""sourceType"":""federal_open_data"",""locationSpecific"":true,""reviewerNote"":""Emergency services flag copied from the official CMS Hospital General Information row for this facility.""}}"
cms-330235,AUBURN  COMMUNITY  HOSPITAL,hospital,17 LANSING STREET,AUBURN,NY,CAYUGA,13021,42.940894126037,-76.562179898714,(315) 255-7011,Emergency services,CMS Hospital General Information,https://data.cms.gov/provider-data/dataset/xubh-q36u,2026-07-02,"Fields copied from the official CMS Hospital General Information CSV: facility name, address, city, state, ZIP code, county, phone, hospital type, ownership and emergency services flag. Hospital type: Acute Care Hospitals. Ownership: Voluntary non-profit - Private. Emergency services listed by CMS: Yes. Coordinates from the U.S. Census Bureau batch geocoder (Exact address match). CMS quality ratings and measures were intentionally not copied. Daily hours, prices and insurance details were not supplied by this intake.",330235,Hospital General Information,2026-07-02,2026-07-02,needs_review,"{""services"":{""field"":""services"",""status"":""source_backed"",""sourceUrl"":""https://data.cms.gov/provider-data/dataset/xubh-q36u"",""sourceTitle"":""CMS Hospital General Information"",""checkedDate"":""2026-07-02"",""sourceType"":""federal_open_data"",""locationSpecific"":true,""reviewerNote"":""Emergency services flag copied from the official CMS Hospital General Information row for this facility.""}}"
cms-330238,NICHOLAS H NOYES MEMORIAL HOSPITAL,hospital,111  CLARA BARTON STREET,DANSVILLE,NY,LIVINGSTON,14437,42.552430846209,-77.700412411492,(585) 335-6001,Emergency services,CMS Hospital General Information,https://data.cms.gov/provider-data/dataset/xubh-q36u,2026-07-02,"Fields copied from the official CMS Hospital General Information CSV: facility name, address, city, state, ZIP code, county, phone, hospital type, ownership and emergency services flag. Hospital type: Acute Care Hospitals. Ownership: Voluntary non-profit - Private. Emergency services listed by CMS: Yes. Coordinates from the U.S. Census Bureau batch geocoder (Exact address match). CMS quality ratings and measures were intentionally not copied. Daily hours, prices and insurance details were not supplied by this intake.",330238,Hospital General Information,2026-07-02,2026-07-02,needs_review,"{""services"":{""field"":""services"",""status"":""source_backed"",""sourceUrl"":""https://data.cms.gov/provider-data/dataset/xubh-q36u"",""sourceTitle"":""CMS Hospital General Information"",""checkedDate"":""2026-07-02"",""sourceType"":""federal_open_data"",""locationSpecific"":true,""reviewerNote"":""Emergency services flag copied from the official CMS Hospital General Information row for this facility.""}}"
cms-330239,UPMC CHAUTAUQUA AT WCA,hospital,207 FOOTE AVENUE,JAMESTOWN,NY,CHAUTAUQUA,14701,42.091580945087,-79.232969685098,(716) 487-0141,Emergency services,CMS Hospital General Information,https://data.cms.gov/provider-data/dataset/xubh-q36u,2026-07-02,"Fields copied from the official CMS Hospital General Information CSV: facility name, address, city, state, ZIP code, county, phone, hospital type, ownership and emergency services flag. Hospital type: Acute Care Hospitals. Ownership: Voluntary non-profit - Private. Emergency services listed by CMS: Yes. Coordinates from the U.S. Census Bureau batch geocoder (Exact address match). CMS quality ratings and measures were intentionally not copied. Daily hours, prices and insurance details were not supplied by this intake.",330239,Hospital General Information,2026-07-02,2026-07-02,needs_review,"{""services"":{""field"":""services"",""status"":""source_backed"",""sourceUrl"":""https://data.cms.gov/provider-data/dataset/xubh-q36u"",""sourceTitle"":""CMS Hospital General Information"",""checkedDate"":""2026-07-02"",""sourceType"":""federal_open_data"",""locationSpecific"":true,""reviewerNote"":""Emergency services flag copied from the official CMS Hospital General Information row for this facility.""}}"
cms-330240,HARLEM HOSPITAL CENTER,hospital,506 LENOX AVENUE,NEW YORK,NY,NEW YORK,10037,40.814891697234,-73.940196118162,(212) 939-1000,Emergency services,CMS Hospital General Information,https://data.cms.gov/provider-data/dataset/xubh-q36u,2026-07-02,"Fields copied from the official CMS Hospital General Information CSV: facility name, address, city, state, ZIP code, county, phone, hospital type, ownership and emergency services flag. Hospital type: Acute Care Hospitals. Ownership: Voluntary non-profit - Other. Emergency services listed by CMS: Yes. Coordinates from the U.S. Census Bureau batch geocoder (Exact address match). CMS quality ratings and measures were intentionally not copied. Daily hours, prices and insurance details were not supplied by this intake.",330240,Hospital General Information,2026-07-02,2026-07-02,needs_review,"{""services"":{""field"":""services"",""status"":""source_backed"",""sourceUrl"":""https://data.cms.gov/provider-data/dataset/xubh-q36u"",""sourceTitle"":""CMS Hospital General Information"",""checkedDate"":""2026-07-02"",""sourceType"":""federal_open_data"",""locationSpecific"":true,""reviewerNote"":""Emergency services flag copied from the official CMS Hospital General Information row for this facility.""}}"
cms-330241,UNIVERSITY HOSPITAL S U N Y HEALTH SCIENCE CENTER,hospital,750 EAST ADAMS STREET,SYRACUSE,NY,ONONDAGA,13210,43.042623087691,-76.139812052316,(315) 473-4240,Emergency services,CMS Hospital General Information,https://data.cms.gov/provider-data/dataset/xubh-q36u,2026-07-02,"Fields copied from the official CMS Hospital General Information CSV: facility name, address, city, state, ZIP code, county, phone, hospital type, ownership and emergency services flag. Hospital type: Acute Care Hospitals. Ownership: Government - State. Emergency services listed by CMS: Yes. Coordinates from the U.S. Census Bureau batch geocoder (Exact address match). CMS quality ratings and measures were intentionally not copied. Daily hours, prices and insurance details were not supplied by this intake.",330241,Hospital General Information,2026-07-02,2026-07-02,needs_review,"{""services"":{""field"":""services"",""status"":""source_backed"",""sourceUrl"":""https://data.cms.gov/provider-data/dataset/xubh-q36u"",""sourceTitle"":""CMS Hospital General Information"",""checkedDate"":""2026-07-02"",""sourceType"":""federal_open_data"",""locationSpecific"":true,""reviewerNote"":""Emergency services flag copied from the official CMS Hospital General Information row for this facility.""}}"
cms-330246,ST CHARLES HOSPITAL,hospital,200 BELLE TERRE ROAD,PORT JEFFERSON,NY,SUFFOLK,11777,40.947732886562,-73.060346758282,(631) 474-6000,Emergency services,CMS Hospital General Information,https://data.cms.gov/provider-data/dataset/xubh-q36u,2026-07-02,"Fields copied from the official CMS Hospital General Information CSV: facility name, address, city, state, ZIP code, county, phone, hospital type, ownership and emergency services flag. Hospital type: Acute Care Hospitals. Ownership: Voluntary non-profit - Church. Emergency services listed by CMS: Yes. Coordinates from the U.S. Census Bureau batch geocoder (Exact address match). CMS quality ratings and measures were intentionally not copied. Daily hours, prices and insurance details were not supplied by this intake.",330246,Hospital General Information,2026-07-02,2026-07-02,needs_review,"{""services"":{""field"":""services"",""status"":""source_backed"",""sourceUrl"":""https://data.cms.gov/provider-data/dataset/xubh-q36u"",""sourceTitle"":""CMS Hospital General Information"",""checkedDate"":""2026-07-02"",""sourceType"":""federal_open_data"",""locationSpecific"":true,""reviewerNote"":""Emergency services flag copied from the official CMS Hospital General Information row for this facility.""}}"
cms-33024f,SYRACUSE VA MEDICAL CENTER,hospital,800 IRVING AVE.,SYRACUSE,NY,ONONDAGA,13210,43.039382462236,-76.138106084888,(315) 425-4400,Emergency services,CMS Hospital General Information,https://data.cms.gov/provider-data/dataset/xubh-q36u,2026-07-02,"Fields copied from the official CMS Hospital General Information CSV: facility name, address, city, state, ZIP code, county, phone, hospital type, ownership and emergency services flag. Hospital type: Acute Care - Veterans Administration. Ownership: Veterans Health Administration. Emergency services listed by CMS: Yes. Coordinates from the U.S. Census Bureau batch geocoder (Exact address match). CMS quality ratings and measures were intentionally not copied. Daily hours, prices and insurance details were not supplied by this intake.",33024F,Hospital General Information,2026-07-02,2026-07-02,needs_review,"{""services"":{""field"":""services"",""status"":""source_backed"",""sourceUrl"":""https://data.cms.gov/provider-data/dataset/xubh-q36u"",""sourceTitle"":""CMS Hospital General Information"",""checkedDate"":""2026-07-02"",""sourceType"":""federal_open_data"",""locationSpecific"":true,""reviewerNote"":""Emergency services flag copied from the official CMS Hospital General Information row for this facility.""}}"
cms-330250,THE UNIVERSITY OF VERMONT HEALTH NETWORK  - CHAMPL,hospital,75 BEEKMAN STREET,PLATTSBURGH,NY,CLINTON,12901,44.700063137793,-73.466718402565,(518) 562-7767,Emergency services,CMS Hospital General Information,https://data.cms.gov/provider-data/dataset/xubh-q36u,2026-07-02,"Fields copied from the official CMS Hospital General Information CSV: facility name, address, city, state, ZIP code, county, phone, hospital type, ownership and emergency services flag. Hospital type: Acute Care Hospitals. Ownership: Voluntary non-profit - Private. Emergency services listed by CMS: Yes. Coordinates from the U.S. Census Bureau batch geocoder (Exact address match). CMS quality ratings and measures were intentionally not copied. Daily hours, prices and insurance details were not supplied by this intake.",330250,Hospital General Information,2026-07-02,2026-07-02,needs_review,"{""services"":{""field"":""services"",""status"":""source_backed"",""sourceUrl"":""https://data.cms.gov/provider-data/dataset/xubh-q36u"",""sourceTitle"":""CMS Hospital General Information"",""checkedDate"":""2026-07-02"",""sourceType"":""federal_open_data"",""locationSpecific"":true,""reviewerNote"":""Emergency services flag copied from the official CMS Hospital General Information row for this facility.""}}"
cms-33025f,Keller ACH (West Point),hospital,900 Washington Rd,West Point,NY,ORANGE,10996,41.398932059395,-73.982250882349,(845) 938-4034,Emergency services,CMS Hospital General Information,https://data.cms.gov/provider-data/dataset/xubh-q36u,2026-07-02,"Fields copied from the official CMS Hospital General Information CSV: facility name, address, city, state, ZIP code, county, phone, hospital type, ownership and emergency services flag. Hospital type: Acute Care - Department of Defense. Ownership: Department of Defense. Emergency services listed by CMS: Yes. Coordinates from the U.S. Census Bureau batch geocoder (Exact address match). CMS quality ratings and measures were intentionally not copied. Daily hours, prices and insurance details were not supplied by this intake.",33025F,Hospital General Information,2026-07-02,2026-07-02,needs_review,"{""services"":{""field"":""services"",""status"":""source_backed"",""sourceUrl"":""https://data.cms.gov/provider-data/dataset/xubh-q36u"",""sourceTitle"":""CMS Hospital General Information"",""checkedDate"":""2026-07-02"",""sourceType"":""federal_open_data"",""locationSpecific"":true,""reviewerNote"":""Emergency services flag copied from the official CMS Hospital General Information row for this facility.""}}"
cms-330261,PHELPS HOSPITAL,hospital,701 NORTH BROADWAY,SLEEPY HOLLOW,NY,WESTCHESTER,10591,41.103174445545,-73.860892357946,(914) 366-3000,Emergency services,CMS Hospital General Information,https://data.cms.gov/provider-data/dataset/xubh-q36u,2026-07-02,"Fields copied from the official CMS Hospital General Information CSV: facility name, address, city, state, ZIP code, county, phone, hospital type, ownership and emergency services flag. Hospital type: Acute Care Hospitals. Ownership: Voluntary non-profit - Private. Emergency services listed by CMS: Yes. Coordinates from the U.S. Census Bureau batch geocoder (Exact address match). CMS quality ratings and measures were intentionally not copied. Daily hours, prices and insurance details were not supplied by this intake.",330261,Hospital General Information,2026-07-02,2026-07-02,needs_review,"{""services"":{""field"":""services"",""status"":""source_backed"",""sourceUrl"":""https://data.cms.gov/provider-data/dataset/xubh-q36u"",""sourceTitle"":""CMS Hospital General Information"",""checkedDate"":""2026-07-02"",""sourceType"":""federal_open_data"",""locationSpecific"":true,""reviewerNote"":""Emergency services flag copied from the official CMS Hospital General Information row for this facility.""}}"
cms-330264,MONTEFIORE ST LUKE'S CORNWALL,hospital,70 DUBOIS STREET,NEWBURGH,NY,ORANGE,12550,41.503660310543,-74.01509741502,(845) 458-4900,Emergency services,CMS Hospital General Information,https://data.cms.gov/provider-data/dataset/xubh-q36u,2026-07-02,"Fields copied from the official CMS Hospital General Information CSV: facility name, address, city, state, ZIP code, county, phone, hospital type, ownership and emergency services flag. Hospital type: Acute Care Hospitals. Ownership: Voluntary non-profit - Private. Emergency services listed by CMS: Yes. Coordinates from the U.S. Census Bureau batch geocoder (Exact address match). CMS quality ratings and measures were intentionally not copied. Daily hours, prices and insurance details were not supplied by this intake.",330264,Hospital General Information,2026-07-02,2026-07-02,needs_review,"{""services"":{""field"":""services"",""status"":""source_backed"",""sourceUrl"":""https://data.cms.gov/provider-data/dataset/xubh-q36u"",""sourceTitle"":""CMS Hospital General Information"",""checkedDate"":""2026-07-02"",""sourceType"":""federal_open_data"",""locationSpecific"":true,""reviewerNote"":""Emergency services flag copied from the official CMS Hospital General Information row for this facility.""}}"
cms-330265,CLIFTON SPRINGS HOSPITAL AND CLINIC,hospital,2 COULTER ROAD,CLIFTON SPRINGS,NY,ONTARIO,14432,42.96053782119,-77.138593472615,(315) 462-9561,Emergency services,CMS Hospital General Information,https://data.cms.gov/provider-data/dataset/xubh-q36u,2026-07-02,"Fields copied from the official CMS Hospital General Information CSV: facility name, address, city, state, ZIP code, county, phone, hospital type, ownership and emergency services flag. Hospital type: Acute Care Hospitals. Ownership: Voluntary non-profit - Private. Emergency services listed by CMS: Yes. Coordinates from the U.S. Census Bureau batch geocoder (Exact address match). CMS quality ratings and measures were intentionally not copied. Daily hours, prices and insurance details were not supplied by this intake.",330265,Hospital General Information,2026-07-02,2026-07-02,needs_review,"{""services"":{""field"":""services"",""status"":""source_backed"",""sourceUrl"":""https://data.cms.gov/provider-data/dataset/xubh-q36u"",""sourceTitle"":""CMS Hospital General Information"",""checkedDate"":""2026-07-02"",""sourceType"":""federal_open_data"",""locationSpecific"":true,""reviewerNote"":""Emergency services flag copied from the official CMS Hospital General Information row for this facility.""}}"
cms-330267,HUDSON VALLEY HOSPITAL CENTER,hospital,1980 CROMPOND ROAD,CORTLANDT MANOR,NY,WESTCHESTER,10567,41.291447199115,-73.892001247379,(914) 734-3611,Emergency services,CMS Hospital General Information,https://data.cms.gov/provider-data/dataset/xubh-q36u,2026-07-02,"Fields copied from the official CMS Hospital General Information CSV: facility name, address, city, state, ZIP code, county, phone, hospital type, ownership and emergency services flag. Hospital type: Acute Care Hospitals. Ownership: Voluntary non-profit - Private. Emergency services listed by CMS: Yes. Coordinates from the U.S. Census Bureau batch geocoder (Exact address match). CMS quality ratings and measures were intentionally not copied. Daily hours, prices and insurance details were not supplied by this intake.",330267,Hospital General Information,2026-07-02,2026-07-02,needs_review,"{""services"":{""field"":""services"",""status"":""source_backed"",""sourceUrl"":""https://data.cms.gov/provider-data/dataset/xubh-q36u"",""sourceTitle"":""CMS Hospital General Information"",""checkedDate"":""2026-07-02"",""sourceType"":""federal_open_data"",""locationSpecific"":true,""reviewerNote"":""Emergency services flag copied from the official CMS Hospital General Information row for this facility.""}}"
cms-330270,HOSPITAL FOR SPECIAL SURGERY,hospital,535 EAST 70TH STREET,NEW YORK,NY,NEW YORK,10021,40.765284298935,-73.95392738726,(212) 606-1000,,CMS Hospital General Information,https://data.cms.gov/provider-data/dataset/xubh-q36u,2026-07-02,"Fields copied from the official CMS Hospital General Information CSV: facility name, address, city, state, ZIP code, county, phone, hospital type, ownership and emergency services flag. Hospital type: Acute Care Hospitals. Ownership: Voluntary non-profit - Private. Emergency services listed by CMS: No. Coordinates from the U.S. Census Bureau batch geocoder (Exact address match). CMS quality ratings and measures were intentionally not copied. Daily hours, prices and insurance details were not supplied by this intake.",330270,Hospital General Information,2026-07-02,2026-07-02,needs_review,
cms-330273,PUTNAM HOSPITAL CENTER,hospital,670 STONELEIGH AVENUE,CARMEL,NY,PUTNAM,10512,41.384742612191,-73.66441394875,(914) 279-5711,Emergency services,CMS Hospital General Information,https://data.cms.gov/provider-data/dataset/xubh-q36u,2026-07-02,"Fields copied from the official CMS Hospital General Information CSV: facility name, address, city, state, ZIP code, county, phone, hospital type, ownership and emergency services flag. Hospital type: Acute Care Hospitals. Ownership: Voluntary non-profit - Private. Emergency services listed by CMS: Yes. Coordinates from the U.S. Census Bureau batch geocoder (Exact address match). CMS quality ratings and measures were intentionally not copied. Daily hours, prices and insurance details were not supplied by this intake.",330273,Hospital General Information,2026-07-02,2026-07-02,needs_review,"{""services"":{""field"":""services"",""status"":""source_backed"",""sourceUrl"":""https://data.cms.gov/provider-data/dataset/xubh-q36u"",""sourceTitle"":""CMS Hospital General Information"",""checkedDate"":""2026-07-02"",""sourceType"":""federal_open_data"",""locationSpecific"":true,""reviewerNote"":""Emergency services flag copied from the official CMS Hospital General Information row for this facility.""}}"
cms-330276,NATHAN LITTAUER HOSPITAL,hospital,99 EAST STATE STREET,GLOVERSVILLE,NY,FULTON,12078,43.068087415638,-74.330753223377,(518) 725-8621,Emergency services,CMS Hospital General Information,https://data.cms.gov/provider-data/dataset/xubh-q36u,2026-07-02,"Fields copied from the official CMS Hospital General Information CSV: facility name, address, city, state, ZIP code, county, phone, hospital type, ownership and emergency services flag. Hospital type: Acute Care Hospitals. Ownership: Voluntary non-profit - Private. Emergency services listed by CMS: Yes. Coordinates from the U.S. Census Bureau batch geocoder (Exact address match). CMS quality ratings and measures were intentionally not copied. Daily hours, prices and insurance details were not supplied by this intake.",330276,Hospital General Information,2026-07-02,2026-07-02,needs_review,"{""services"":{""field"":""services"",""status"":""source_backed"",""sourceUrl"":""https://data.cms.gov/provider-data/dataset/xubh-q36u"",""sourceTitle"":""CMS Hospital General Information"",""checkedDate"":""2026-07-02"",""sourceType"":""federal_open_data"",""locationSpecific"":true,""reviewerNote"":""Emergency services flag copied from the official CMS Hospital General Information row for this facility.""}}"
cms-330279,MERCY HOSPITAL OF BUFFALO,hospital,565 ABBOTT ROAD,BUFFALO,NY,ERIE,14220,42.848244504275,-78.812501622217,(716) 826-7000,Emergency services,CMS Hospital General Information,https://data.cms.gov/provider-data/dataset/xubh-q36u,2026-07-02,"Fields copied from the official CMS Hospital General Information CSV: facility name, address, city, state, ZIP code, county, phone, hospital type, ownership and emergency services flag. Hospital type: Acute Care Hospitals. Ownership: Voluntary non-profit - Private. Emergency services listed by CMS: Yes. Coordinates from the U.S. Census Bureau batch geocoder (Exact address match). CMS quality ratings and measures were intentionally not copied. Daily hours, prices and insurance details were not supplied by this intake.",330279,Hospital General Information,2026-07-02,2026-07-02,needs_review,"{""services"":{""field"":""services"",""status"":""source_backed"",""sourceUrl"":""https://data.cms.gov/provider-data/dataset/xubh-q36u"",""sourceTitle"":""CMS Hospital General Information"",""checkedDate"":""2026-07-02"",""sourceType"":""federal_open_data"",""locationSpecific"":true,""reviewerNote"":""Emergency services flag copied from the official CMS Hospital General Information row for this facility.""}}"
cms-330285,STRONG MEMORIAL HOSPITAL,hospital,601 ELMWOOD AVE,ROCHESTER,NY,MONROE,14642,43.124314838433,-77.624774427005,(585) 275-2121,Emergency services,CMS Hospital General Information,https://data.cms.gov/provider-data/dataset/xubh-q36u,2026-07-02,"Fields copied from the official CMS Hospital General Information CSV: facility name, address, city, state, ZIP code, county, phone, hospital type, ownership and emergency services flag. Hospital type: Acute Care Hospitals. Ownership: Voluntary non-profit - Private. Emergency services listed by CMS: Yes. Coordinates from the U.S. Census Bureau batch geocoder (Non_Exact address match). CMS quality ratings and measures were intentionally not copied. Daily hours, prices and insurance details were not supplied by this intake.",330285,Hospital General Information,2026-07-02,2026-07-02,needs_review,"{""services"":{""field"":""services"",""status"":""source_backed"",""sourceUrl"":""https://data.cms.gov/provider-data/dataset/xubh-q36u"",""sourceTitle"":""CMS Hospital General Information"",""checkedDate"":""2026-07-02"",""sourceType"":""federal_open_data"",""locationSpecific"":true,""reviewerNote"":""Emergency services flag copied from the official CMS Hospital General Information row for this facility.""}}"
cms-330286,GOOD SAMARITAN HOSPITAL MEDICAL CENTER,hospital,1000 MONTAUK HIGHWAY,WEST ISLIP,NY,SUFFOLK,11795,40.695812665145,-73.294614852004,(631) 376-3000,Emergency services,CMS Hospital General Information,https://data.cms.gov/provider-data/dataset/xubh-q36u,2026-07-02,"Fields copied from the official CMS Hospital General Information CSV: facility name, address, city, state, ZIP code, county, phone, hospital type, ownership and emergency services flag. Hospital type: Acute Care Hospitals. Ownership: Voluntary non-profit - Private. Emergency services listed by CMS: Yes. Coordinates from the U.S. Census Bureau batch geocoder (Exact address match). CMS quality ratings and measures were intentionally not copied. Daily hours, prices and insurance details were not supplied by this intake.",330286,Hospital General Information,2026-07-02,2026-07-02,needs_review,"{""services"":{""field"":""services"",""status"":""source_backed"",""sourceUrl"":""https://data.cms.gov/provider-data/dataset/xubh-q36u"",""sourceTitle"":""CMS Hospital General Information"",""checkedDate"":""2026-07-02"",""sourceType"":""federal_open_data"",""locationSpecific"":true,""reviewerNote"":""Emergency services flag copied from the official CMS Hospital General Information row for this facility.""}}"
cms-330307,CAYUGA MEDICAL CENTER AT ITHACA,hospital,101 DATES DRIVE,ITHACA,NY,TOMPKINS,14850,42.470863299515,-76.537604923444,(607) 274-4401,Emergency services,CMS Hospital General Information,https://data.cms.gov/provider-data/dataset/xubh-q36u,2026-07-02,"Fields copied from the official CMS Hospital General Information CSV: facility name, address, city, state, ZIP code, county, phone, hospital type, ownership and emergency services flag. Hospital type: Acute Care Hospitals. Ownership: Voluntary non-profit - Private. Emergency services listed by CMS: Yes. Coordinates from the U.S. Census Bureau batch geocoder (Exact address match). CMS quality ratings and measures were intentionally not copied. Daily hours, prices and insurance details were not supplied by this intake.",330307,Hospital General Information,2026-07-02,2026-07-02,needs_review,"{""services"":{""field"":""services"",""status"":""source_backed"",""sourceUrl"":""https://data.cms.gov/provider-data/dataset/xubh-q36u"",""sourceTitle"":""CMS Hospital General Information"",""checkedDate"":""2026-07-02"",""sourceType"":""federal_open_data"",""locationSpecific"":true,""reviewerNote"":""Emergency services flag copied from the official CMS Hospital General Information row for this facility.""}}"
cms-330331,PLAINVIEW HOSPITAL,hospital,888 OLD COUNTRY ROAD,PLAINVIEW,NY,NASSAU,11803,40.774545107343,-73.477946686604,(516) 719-3000,Emergency services,CMS Hospital General Information,https://data.cms.gov/provider-data/dataset/xubh-q36u,2026-07-02,"Fields copied from the official CMS Hospital General Information CSV: facility name, address, city, state, ZIP code, county, phone, hospital type, ownership and emergency services flag. Hospital type: Acute Care Hospitals. Ownership: Voluntary non-profit - Private. Emergency services listed by CMS: Yes. Coordinates from the U.S. Census Bureau batch geocoder (Exact address match). CMS quality ratings and measures were intentionally not copied. Daily hours, prices and insurance details were not supplied by this intake.",330331,Hospital General Information,2026-07-02,2026-07-02,needs_review,"{""services"":{""field"":""services"",""status"":""source_backed"",""sourceUrl"":""https://data.cms.gov/provider-data/dataset/xubh-q36u"",""sourceTitle"":""CMS Hospital General Information"",""checkedDate"":""2026-07-02"",""sourceType"":""federal_open_data"",""locationSpecific"":true,""reviewerNote"":""Emergency services flag copied from the official CMS Hospital General Information row for this facility.""}}"
cms-330332,CHSLI ST JOSEPH HOSPITAL,hospital,4295 HEMPSTEAD TURNPIKE,BETHPAGE,NY,NASSAU,11714,40.725864228845,-73.478512265918,(516) 759-6000,Emergency services,CMS Hospital General Information,https://data.cms.gov/provider-data/dataset/xubh-q36u,2026-07-02,"Fields copied from the official CMS Hospital General Information CSV: facility name, address, city, state, ZIP code, county, phone, hospital type, ownership and emergency services flag. Hospital type: Acute Care Hospitals. Ownership: Voluntary non-profit - Private. Emergency services listed by CMS: Yes. Coordinates from the U.S. Census Bureau batch geocoder (Exact address match). CMS quality ratings and measures were intentionally not copied. Daily hours, prices and insurance details were not supplied by this intake.",330332,Hospital General Information,2026-07-02,2026-07-02,needs_review,"{""services"":{""field"":""services"",""status"":""source_backed"",""sourceUrl"":""https://data.cms.gov/provider-data/dataset/xubh-q36u"",""sourceTitle"":""CMS Hospital General Information"",""checkedDate"":""2026-07-02"",""sourceType"":""federal_open_data"",""locationSpecific"":true,""reviewerNote"":""Emergency services flag copied from the official CMS Hospital General Information row for this facility.""}}"
cms-330350,SUNY/DOWNSTATE UNIVERSITY HOSPITAL OF BROOKLYN,hospital,445 LENOX ROAD,BROOKLYN,NY,KINGS,11203,40.654457883967,-73.946244670269,(718) 270-1000,Emergency services,CMS Hospital General Information,https://data.cms.gov/provider-data/dataset/xubh-q36u,2026-07-02,"Fields copied from the official CMS Hospital General Information CSV: facility name, address, city, state, ZIP code, county, phone, hospital type, ownership and emergency services flag. Hospital type: Acute Care Hospitals. Ownership: Government - State. Emergency services listed by CMS: Yes. Coordinates from the U.S. Census Bureau batch geocoder (Exact address match). CMS quality ratings and measures were intentionally not copied. Daily hours, prices and insurance details were not supplied by this intake.",330350,Hospital General Information,2026-07-02,2026-07-02,needs_review,"{""services"":{""field"":""services"",""status"":""source_backed"",""sourceUrl"":""https://data.cms.gov/provider-data/dataset/xubh-q36u"",""sourceTitle"":""CMS Hospital General Information"",""checkedDate"":""2026-07-02"",""sourceType"":""federal_open_data"",""locationSpecific"":true,""reviewerNote"":""Emergency services flag copied from the official CMS Hospital General Information row for this facility.""}}"
cms-330394,"UNITED HEALTH SERVICES HOSPITALS, INC",hospital,10-42 MITCHELL AVENUE,BINGHAMTON,NY,BROOME,13903,42.084492079068,-75.914056811649,(607) 763-6000,Emergency services,CMS Hospital General Information,https://data.cms.gov/provider-data/dataset/xubh-q36u,2026-07-02,"Fields copied from the official CMS Hospital General Information CSV: facility name, address, city, state, ZIP code, county, phone, hospital type, ownership and emergency services flag. Hospital type: Acute Care Hospitals. Ownership: Voluntary non-profit - Private. Emergency services listed by CMS: Yes. Coordinates from the U.S. Census Bureau batch geocoder (Non_Exact address match). CMS quality ratings and measures were intentionally not copied. Daily hours, prices and insurance details were not supplied by this intake.",330394,Hospital General Information,2026-07-02,2026-07-02,needs_review,"{""services"":{""field"":""services"",""status"":""source_backed"",""sourceUrl"":""https://data.cms.gov/provider-data/dataset/xubh-q36u"",""sourceTitle"":""CMS Hospital General Information"",""checkedDate"":""2026-07-02"",""sourceType"":""federal_open_data"",""locationSpecific"":true,""reviewerNote"":""Emergency services flag copied from the official CMS Hospital General Information row for this facility.""}}"
cms-330395,ST JOHN'S EPISCOPAL HOSPITAL AT SOUTH SHORE,hospital,327 BEACH 19TH STREET,FAR ROCKAWAY,NY,QUEENS,11691,40.598033956515,-73.753027797436,(718) 869-7000,Emergency services,CMS Hospital General Information,https://data.cms.gov/provider-data/dataset/xubh-q36u,2026-07-02,"Fields copied from the official CMS Hospital General Information CSV: facility name, address, city, state, ZIP code, county, phone, hospital type, ownership and emergency services flag. Hospital type: Acute Care Hospitals. Ownership: Voluntary non-profit - Private. Emergency services listed by CMS: Yes. Coordinates from the U.S. Census Bureau batch geocoder (Exact address match). CMS quality ratings and measures were intentionally not copied. Daily hours, prices and insurance details were not supplied by this intake.",330395,Hospital General Information,2026-07-02,2026-07-02,needs_review,"{""services"":{""field"":""services"",""status"":""source_backed"",""sourceUrl"":""https://data.cms.gov/provider-data/dataset/xubh-q36u"",""sourceTitle"":""CMS Hospital General Information"",""checkedDate"":""2026-07-02"",""sourceType"":""federal_open_data"",""locationSpecific"":true,""reviewerNote"":""Emergency services flag copied from the official CMS Hospital General Information row for this facility.""}}"
cms-330396,WOODHULL MEDICAL & MENTAL HEALTH CENTER,hospital,760 BROADWAY,BROOKLYN,NY,KINGS,11206,40.700457084778,-73.941587228488,(718) 963-8100,Emergency services,CMS Hospital General Information,https://data.cms.gov/provider-data/dataset/xubh-q36u,2026-07-02,"Fields copied from the official CMS Hospital General Information CSV: facility name, address, city, state, ZIP code, county, phone, hospital type, ownership and emergency services flag. Hospital type: Acute Care Hospitals. Ownership: Government - Local. Emergency services listed by CMS: Yes. Coordinates from the U.S. Census Bureau batch geocoder (Exact address match). CMS quality ratings and measures were intentionally not copied. Daily hours, prices and insurance details were not supplied by this intake.",330396,Hospital General Information,2026-07-02,2026-07-02,needs_review,"{""services"":{""field"":""services"",""status"":""source_backed"",""sourceUrl"":""https://data.cms.gov/provider-data/dataset/xubh-q36u"",""sourceTitle"":""CMS Hospital General Information"",""checkedDate"":""2026-07-02"",""sourceType"":""federal_open_data"",""locationSpecific"":true,""reviewerNote"":""Emergency services flag copied from the official CMS Hospital General Information row for this facility.""}}"
cms-330399,ST BARNABAS HOSPITAL,hospital,4422 THIRD AVENUE,BRONX,NY,BRONX,10457,40.853567241769,-73.891327356672,(212) 960-9000,Emergency services,CMS Hospital General Information,https://data.cms.gov/provider-data/dataset/xubh-q36u,2026-07-02,"Fields copied from the official CMS Hospital General Information CSV: facility name, address, city, state, ZIP code, county, phone, hospital type, ownership and emergency services flag. Hospital type: Acute Care Hospitals. Ownership: Voluntary non-profit - Private. Emergency services listed by CMS: Yes. Coordinates from the U.S. Census Bureau batch geocoder (Exact address match). CMS quality ratings and measures were intentionally not copied. Daily hours, prices and insurance details were not supplied by this intake.",330399,Hospital General Information,2026-07-02,2026-07-02,needs_review,"{""services"":{""field"":""services"",""status"":""source_backed"",""sourceUrl"":""https://data.cms.gov/provider-data/dataset/xubh-q36u"",""sourceTitle"":""CMS Hospital General Information"",""checkedDate"":""2026-07-02"",""sourceType"":""federal_open_data"",""locationSpecific"":true,""reviewerNote"":""Emergency services flag copied from the official CMS Hospital General Information row for this facility.""}}"
cms-330401,ST CATHERINE OF SIENA HOSPITAL,hospital,50 ROUTE 25A,SMITHTOWN,NY,SUFFOLK,11787,40.865025913719,-73.220617257623,(631) 862-3000,Emergency services,CMS Hospital General Information,https://data.cms.gov/provider-data/dataset/xubh-q36u,2026-07-02,"Fields copied from the official CMS Hospital General Information CSV: facility name, address, city, state, ZIP code, county, phone, hospital type, ownership and emergency services flag. Hospital type: Acute Care Hospitals. Ownership: Voluntary non-profit - Church. Emergency services listed by CMS: Yes. Coordinates from the U.S. Census Bureau batch geocoder (Exact address match). CMS quality ratings and measures were intentionally not copied. Daily hours, prices and insurance details were not supplied by this intake.",330401,Hospital General Information,2026-07-02,2026-07-02,needs_review,"{""services"":{""field"":""services"",""status"":""source_backed"",""sourceUrl"":""https://data.cms.gov/provider-data/dataset/xubh-q36u"",""sourceTitle"":""CMS Hospital General Information"",""checkedDate"":""2026-07-02"",""sourceType"":""federal_open_data"",""locationSpecific"":true,""reviewerNote"":""Emergency services flag copied from the official CMS Hospital General Information row for this facility.""}}"
cms-330405,HELEN HAYES HOSPITAL,hospital,51 NORTH ROUTE 9W,WEST HAVERSTRAW,NY,ROCKLAND,10993,41.212121783839,-73.982218361094,(845) 786-4000,,CMS Hospital General Information,https://data.cms.gov/provider-data/dataset/xubh-q36u,2026-07-02,"Fields copied from the official CMS Hospital General Information CSV: facility name, address, city, state, ZIP code, county, phone, hospital type, ownership and emergency services flag. Hospital type: Acute Care Hospitals. Ownership: Government - State. Emergency services listed by CMS: No. Coordinates from the U.S. Census Bureau batch geocoder (Non_Exact address match). CMS quality ratings and measures were intentionally not copied. Daily hours, prices and insurance details were not supplied by this intake.",330405,Hospital General Information,2026-07-02,2026-07-02,needs_review,
cms-330406,SUNNYVIEW HOSPITAL AND REHABILITATION CENTER,hospital,1270 BELMONT AVENUE,SCHENECTADY,NY,SCHENECTADY,12308,42.821932372541,-73.913346411738,(518) 382-4500,,CMS Hospital General Information,https://data.cms.gov/provider-data/dataset/xubh-q36u,2026-07-02,"Fields copied from the official CMS Hospital General Information CSV: facility name, address, city, state, ZIP code, county, phone, hospital type, ownership and emergency services flag. Hospital type: Acute Care Hospitals. Ownership: Voluntary non-profit - Private. Emergency services listed by CMS: No. Coordinates from the U.S. Census Bureau batch geocoder (Exact address match). CMS quality ratings and measures were intentionally not copied. Daily hours, prices and insurance details were not supplied by this intake.",330406,Hospital General Information,2026-07-02,2026-07-02,needs_review,
cms-330411,UNITY SPECIALTY HOSPITAL,hospital,89 GENESEE STREET,ROCHESTER,NY,MONROE,14611,43.148425980769,-77.636142925779,(585) 723-7000,,CMS Hospital General Information,https://data.cms.gov/provider-data/dataset/xubh-q36u,2026-07-02,"Fields copied from the official CMS Hospital General Information CSV: facility name, address, city, state, ZIP code, county, phone, hospital type, ownership and emergency services flag. Hospital type: Acute Care Hospitals. Ownership: Voluntary non-profit - Private. Emergency services listed by CMS: No. Coordinates from the U.S. Census Bureau batch geocoder (Exact address match). CMS quality ratings and measures were intentionally not copied. Daily hours, prices and insurance details were not supplied by this intake.",330411,Hospital General Information,2026-07-02,2026-07-02,needs_review,
cms-330799,CLIFTON-FINE HOSPITAL,hospital,1014 OSWEGATCHIE TRAIL,STAR LAKE,NY,ST. LAWRENCE,13690,44.163139621246,-75.056236493566,(315) 848-4205,Emergency services,CMS Hospital General Information,https://data.cms.gov/provider-data/dataset/xubh-q36u,2026-07-02,"Fields copied from the official CMS Hospital General Information CSV: facility name, address, city, state, ZIP code, county, phone, hospital type, ownership and emergency services flag. Hospital type: Rural Emergency Hospital. Ownership: Voluntary non-profit - Other. Emergency services listed by CMS: Yes. Coordinates from the U.S. Census Bureau batch geocoder (Non_Exact address match). CMS quality ratings and measures were intentionally not copied. Daily hours, prices and insurance details were not supplied by this intake.",330799,Hospital General Information,2026-07-02,2026-07-02,needs_review,"{""services"":{""field"":""services"",""status"":""source_backed"",""sourceUrl"":""https://data.cms.gov/provider-data/dataset/xubh-q36u"",""sourceTitle"":""CMS Hospital General Information"",""checkedDate"":""2026-07-02"",""sourceType"":""federal_open_data"",""locationSpecific"":true,""reviewerNote"":""Emergency services flag copied from the official CMS Hospital General Information row for this facility.""}}"
cms-330800,IRA DAVENPORT MEMORIAL HOSPITAL,hospital,7571 STATE ROUTE 54,BATH,NY,STEUBEN,14810,42.373861760467,-77.276998383377,(607) 776-8500,Emergency services,CMS Hospital General Information,https://data.cms.gov/provider-data/dataset/xubh-q36u,2026-07-02,"Fields copied from the official CMS Hospital General Information CSV: facility name, address, city, state, ZIP code, county, phone, hospital type, ownership and emergency services flag. Hospital type: Rural Emergency Hospital. Ownership: Voluntary non-profit - Private. Emergency services listed by CMS: Yes. Coordinates from the U.S. Census Bureau batch geocoder (Exact address match). CMS quality ratings and measures were intentionally not copied. Daily hours, prices and insurance details were not supplied by this intake.",330800,Hospital General Information,2026-07-02,2026-07-02,needs_review,"{""services"":{""field"":""services"",""status"":""source_backed"",""sourceUrl"":""https://data.cms.gov/provider-data/dataset/xubh-q36u"",""sourceTitle"":""CMS Hospital General Information"",""checkedDate"":""2026-07-02"",""sourceType"":""federal_open_data"",""locationSpecific"":true,""reviewerNote"":""Emergency services flag copied from the official CMS Hospital General Information row for this facility.""}}"
cms-331301,"CUBA MEMORIAL HOSPITAL, INC",hospital,140 WEST MAIN STREET,CUBA,NY,ALLEGANY,14727,42.213489562619,-78.287442785199,(585) 961-2000,,CMS Hospital General Information,https://data.cms.gov/provider-data/dataset/xubh-q36u,2026-07-02,"Fields copied from the official CMS Hospital General Information CSV: facility name, address, city, state, ZIP code, county, phone, hospital type, ownership and emergency services flag. Hospital type: Critical Access Hospitals. Ownership: Voluntary non-profit - Private. Emergency services listed by CMS: No. Coordinates from the U.S. Census Bureau batch geocoder (Exact address match). CMS quality ratings and measures were intentionally not copied. Daily hours, prices and insurance details were not supplied by this intake.",331301,Hospital General Information,2026-07-02,2026-07-02,needs_review,
cms-331302,ELIZABETHTOWN COMMUNITY HOSPITAL,hospital,75 PARK STREET,ELIZABETHTOWN,NY,ESSEX,12932,44.215345233935,-73.59644502365,(518) 873-6377,Emergency services,CMS Hospital General Information,https://data.cms.gov/provider-data/dataset/xubh-q36u,2026-07-02,"Fields copied from the official CMS Hospital General Information CSV: facility name, address, city, state, ZIP code, county, phone, hospital type, ownership and emergency services flag. Hospital type: Critical Access Hospitals. Ownership: Voluntary non-profit - Private. Emergency services listed by CMS: Yes. Coordinates from the U.S. Census Bureau batch geocoder (Exact address match). CMS quality ratings and measures were intentionally not copied. Daily hours, prices and insurance details were not supplied by this intake.",331302,Hospital General Information,2026-07-02,2026-07-02,needs_review,"{""services"":{""field"":""services"",""status"":""source_backed"",""sourceUrl"":""https://data.cms.gov/provider-data/dataset/xubh-q36u"",""sourceTitle"":""CMS Hospital General Information"",""checkedDate"":""2026-07-02"",""sourceType"":""federal_open_data"",""locationSpecific"":true,""reviewerNote"":""Emergency services flag copied from the official CMS Hospital General Information row for this facility.""}}"
cms-331304,MARGARETVILLE MEMORIAL HOSPITAL,hospital,42084 STATE HIGHWAY 28,MARGARETVILLE,NY,DELAWARE,12455,42.147713545837,-74.64400460197,(845) 586-2631,Emergency services,CMS Hospital General Information,https://data.cms.gov/provider-data/dataset/xubh-q36u,2026-07-02,"Fields copied from the official CMS Hospital General Information CSV: facility name, address, city, state, ZIP code, county, phone, hospital type, ownership and emergency services flag. Hospital type: Critical Access Hospitals. Ownership: Voluntary non-profit - Private. Emergency services listed by CMS: Yes. Coordinates from the U.S. Census Bureau batch geocoder (Exact address match). CMS quality ratings and measures were intentionally not copied. Daily hours, prices and insurance details were not supplied by this intake.",331304,Hospital General Information,2026-07-02,2026-07-02,needs_review,"{""services"":{""field"":""services"",""status"":""source_backed"",""sourceUrl"":""https://data.cms.gov/provider-data/dataset/xubh-q36u"",""sourceTitle"":""CMS Hospital General Information"",""checkedDate"":""2026-07-02"",""sourceType"":""federal_open_data"",""locationSpecific"":true,""reviewerNote"":""Emergency services flag copied from the official CMS Hospital General Information row for this facility.""}}"
cms-331305,O'CONNOR HOSPITAL,hospital,460 ANDES ROAD,DELHI,NY,DELAWARE,13753,42.268082486237,-74.915781134417,(607) 746-0300,Emergency services,CMS Hospital General Information,https://data.cms.gov/provider-data/dataset/xubh-q36u,2026-07-02,"Fields copied from the official CMS Hospital General Information CSV: facility name, address, city, state, ZIP code, county, phone, hospital type, ownership and emergency services flag. Hospital type: Critical Access Hospitals. Ownership: Voluntary non-profit - Private. Emergency services listed by CMS: Yes. Coordinates from the U.S. Census Bureau batch geocoder (Exact address match). CMS quality ratings and measures were intentionally not copied. Daily hours, prices and insurance details were not supplied by this intake.",331305,Hospital General Information,2026-07-02,2026-07-02,needs_review,"{""services"":{""field"":""services"",""status"":""source_backed"",""sourceUrl"":""https://data.cms.gov/provider-data/dataset/xubh-q36u"",""sourceTitle"":""CMS Hospital General Information"",""checkedDate"":""2026-07-02"",""sourceType"":""federal_open_data"",""locationSpecific"":true,""reviewerNote"":""Emergency services flag copied from the official CMS Hospital General Information row for this facility.""}}"
cms-331309,RIVER HOSPITAL CLINICS,hospital,4 FULLER STREET,ALEXANDRIA BAY,NY,JEFFERSON,13607,44.337303207483,-75.919977115029,(315) 482-2511,Emergency services,CMS Hospital General Information,https://data.cms.gov/provider-data/dataset/xubh-q36u,2026-07-02,"Fields copied from the official CMS Hospital General Information CSV: facility name, address, city, state, ZIP code, county, phone, hospital type, ownership and emergency services flag. Hospital type: Critical Access Hospitals. Ownership: Voluntary non-profit - Private. Emergency services listed by CMS: Yes. Coordinates from the U.S. Census Bureau batch geocoder (Exact address match). CMS quality ratings and measures were intentionally not copied. Daily hours, prices and insurance details were not supplied by this intake.",331309,Hospital General Information,2026-07-02,2026-07-02,needs_review,"{""services"":{""field"":""services"",""status"":""source_backed"",""sourceUrl"":""https://data.cms.gov/provider-data/dataset/xubh-q36u"",""sourceTitle"":""CMS Hospital General Information"",""checkedDate"":""2026-07-02"",""sourceType"":""federal_open_data"",""locationSpecific"":true,""reviewerNote"":""Emergency services flag copied from the official CMS Hospital General Information row for this facility.""}}"
cms-331310,ELLENVILLE REGIONAL HOSPITAL,hospital,10 HEALTHY WAY,ELLENVILLE,NY,ULSTER,12428,41.733037291206,-74.380393361454,(845) 647-6400,Emergency services,CMS Hospital General Information,https://data.cms.gov/provider-data/dataset/xubh-q36u,2026-07-02,"Fields copied from the official CMS Hospital General Information CSV: facility name, address, city, state, ZIP code, county, phone, hospital type, ownership and emergency services flag. Hospital type: Critical Access Hospitals. Ownership: Voluntary non-profit - Private. Emergency services listed by CMS: Yes. Coordinates from the U.S. Census Bureau batch geocoder (Exact address match). CMS quality ratings and measures were intentionally not copied. Daily hours, prices and insurance details were not supplied by this intake.",331310,Hospital General Information,2026-07-02,2026-07-02,needs_review,"{""services"":{""field"":""services"",""status"":""source_backed"",""sourceUrl"":""https://data.cms.gov/provider-data/dataset/xubh-q36u"",""sourceTitle"":""CMS Hospital General Information"",""checkedDate"":""2026-07-02"",""sourceType"":""federal_open_data"",""locationSpecific"":true,""reviewerNote"":""Emergency services flag copied from the official CMS Hospital General Information row for this facility.""}}"
cms-331311,LITTLE FALLS HOSPITAL,hospital,140 BURWELL STREET,LITTLE FALLS,NY,HERKIMER,13365,43.043968684692,-74.847480432911,(315) 823-5261,Emergency services,CMS Hospital General Information,https://data.cms.gov/provider-data/dataset/xubh-q36u,2026-07-02,"Fields copied from the official CMS Hospital General Information CSV: facility name, address, city, state, ZIP code, county, phone, hospital type, ownership and emergency services flag. Hospital type: Critical Access Hospitals. Ownership: Voluntary non-profit - Private. Emergency services listed by CMS: Yes. Coordinates from the U.S. Census Bureau batch geocoder (Exact address match). CMS quality ratings and measures were intentionally not copied. Daily hours, prices and insurance details were not supplied by this intake.",331311,Hospital General Information,2026-07-02,2026-07-02,needs_review,"{""services"":{""field"":""services"",""status"":""source_backed"",""sourceUrl"":""https://data.cms.gov/provider-data/dataset/xubh-q36u"",""sourceTitle"":""CMS Hospital General Information"",""checkedDate"":""2026-07-02"",""sourceType"":""federal_open_data"",""locationSpecific"":true,""reviewerNote"":""Emergency services flag copied from the official CMS Hospital General Information row for this facility.""}}"
cms-331312,"DELAWARE VALLEY HOSPITAL, INC",hospital,1 TITUS PLACE,WALTON,NY,DELAWARE,13856,42.164432199679,-75.128607236091,(607) 865-2188,Emergency services,CMS Hospital General Information,https://data.cms.gov/provider-data/dataset/xubh-q36u,2026-07-02,"Fields copied from the official CMS Hospital General Information CSV: facility name, address, city, state, ZIP code, county, phone, hospital type, ownership and emergency services flag. Hospital type: Critical Access Hospitals. Ownership: Voluntary non-profit - Private. Emergency services listed by CMS: Yes. Coordinates from the U.S. Census Bureau batch geocoder (Exact address match). CMS quality ratings and measures were intentionally not copied. Daily hours, prices and insurance details were not supplied by this intake.",331312,Hospital General Information,2026-07-02,2026-07-02,needs_review,"{""services"":{""field"":""services"",""status"":""source_backed"",""sourceUrl"":""https://data.cms.gov/provider-data/dataset/xubh-q36u"",""sourceTitle"":""CMS Hospital General Information"",""checkedDate"":""2026-07-02"",""sourceType"":""federal_open_data"",""locationSpecific"":true,""reviewerNote"":""Emergency services flag copied from the official CMS Hospital General Information row for this facility.""}}"
cms-331313,SCHUYLER HOSPITAL,hospital,220 STEUBEN STREET,MONTOUR FALLS,NY,SCHUYLER,14865,42.351467466826,-76.859168985312,(607) 530-7121,Emergency services,CMS Hospital General Information,https://data.cms.gov/provider-data/dataset/xubh-q36u,2026-07-02,"Fields copied from the official CMS Hospital General Information CSV: facility name, address, city, state, ZIP code, county, phone, hospital type, ownership and emergency services flag. Hospital type: Critical Access Hospitals. Ownership: Voluntary non-profit - Private. Emergency services listed by CMS: Yes. Coordinates from the U.S. Census Bureau batch geocoder (Exact address match). CMS quality ratings and measures were intentionally not copied. Daily hours, prices and insurance details were not supplied by this intake.",331313,Hospital General Information,2026-07-02,2026-07-02,needs_review,"{""services"":{""field"":""services"",""status"":""source_backed"",""sourceUrl"":""https://data.cms.gov/provider-data/dataset/xubh-q36u"",""sourceTitle"":""CMS Hospital General Information"",""checkedDate"":""2026-07-02"",""sourceType"":""federal_open_data"",""locationSpecific"":true,""reviewerNote"":""Emergency services flag copied from the official CMS Hospital General Information row for this facility.""}}"
cms-331314,SOLDIERS AND SAILORS MEMORIAL HOSPITAL OF YATES,hospital,418 NORTH MAIN STREET,PENN YAN,NY,YATES,14527,42.670748349168,-77.059864416212,(315) 787-4175,Emergency services,CMS Hospital General Information,https://data.cms.gov/provider-data/dataset/xubh-q36u,2026-07-02,"Fields copied from the official CMS Hospital General Information CSV: facility name, address, city, state, ZIP code, county, phone, hospital type, ownership and emergency services flag. Hospital type: Critical Access Hospitals. Ownership: Voluntary non-profit - Private. Emergency services listed by CMS: Yes. Coordinates from the U.S. Census Bureau batch geocoder (Exact address match). CMS quality ratings and measures were intentionally not copied. Daily hours, prices and insurance details were not supplied by this intake.",331314,Hospital General Information,2026-07-02,2026-07-02,needs_review,"{""services"":{""field"":""services"",""status"":""source_backed"",""sourceUrl"":""https://data.cms.gov/provider-data/dataset/xubh-q36u"",""sourceTitle"":""CMS Hospital General Information"",""checkedDate"":""2026-07-02"",""sourceType"":""federal_open_data"",""locationSpecific"":true,""reviewerNote"":""Emergency services flag copied from the official CMS Hospital General Information row for this facility.""}}"
cms-331315,GOUVERNEUR HOSPITAL,hospital,77 WEST BARNEY STREET,GOUVERNEUR,NY,ST. LAWRENCE,13642,44.338331033988,-75.474050399187,(315) 287-1000,Emergency services,CMS Hospital General Information,https://data.cms.gov/provider-data/dataset/xubh-q36u,2026-07-02,"Fields copied from the official CMS Hospital General Information CSV: facility name, address, city, state, ZIP code, county, phone, hospital type, ownership and emergency services flag. Hospital type: Critical Access Hospitals. Ownership: Voluntary non-profit - Private. Emergency services listed by CMS: Yes. Coordinates from the U.S. Census Bureau batch geocoder (Exact address match). CMS quality ratings and measures were intentionally not copied. Daily hours, prices and insurance details were not supplied by this intake.",331315,Hospital General Information,2026-07-02,2026-07-02,needs_review,"{""services"":{""field"":""services"",""status"":""source_backed"",""sourceUrl"":""https://data.cms.gov/provider-data/dataset/xubh-q36u"",""sourceTitle"":""CMS Hospital General Information"",""checkedDate"":""2026-07-02"",""sourceType"":""federal_open_data"",""locationSpecific"":true,""reviewerNote"":""Emergency services flag copied from the official CMS Hospital General Information row for this facility.""}}"
cms-331316,"COMMUNITY MEMORIAL HOSPITAL, INC",hospital,150 BROAD STREET,HAMILTON,NY,MADISON,13346,42.812281923408,-75.542660348637,(315) 824-1100,Emergency services,CMS Hospital General Information,https://data.cms.gov/provider-data/dataset/xubh-q36u,2026-07-02,"Fields copied from the official CMS Hospital General Information CSV: facility name, address, city, state, ZIP code, county, phone, hospital type, ownership and emergency services flag. Hospital type: Critical Access Hospitals. Ownership: Voluntary non-profit - Private. Emergency services listed by CMS: Yes. Coordinates from the U.S. Census Bureau batch geocoder (Exact address match). CMS quality ratings and measures were intentionally not copied. Daily hours, prices and insurance details were not supplied by this intake.",331316,Hospital General Information,2026-07-02,2026-07-02,needs_review,"{""services"":{""field"":""services"",""status"":""source_backed"",""sourceUrl"":""https://data.cms.gov/provider-data/dataset/xubh-q36u"",""sourceTitle"":""CMS Hospital General Information"",""checkedDate"":""2026-07-02"",""sourceType"":""federal_open_data"",""locationSpecific"":true,""reviewerNote"":""Emergency services flag copied from the official CMS Hospital General Information row for this facility.""}}"
cms-331317,LEWIS COUNTY GENERAL HOSPITAL,hospital,7785 NORTH STATE STREET,LOWVILLE,NY,LEWIS,13367,43.795799167006,-75.498220965668,(315) 376-5200,Emergency services,CMS Hospital General Information,https://data.cms.gov/provider-data/dataset/xubh-q36u,2026-07-02,"Fields copied from the official CMS Hospital General Information CSV: facility name, address, city, state, ZIP code, county, phone, hospital type, ownership and emergency services flag. Hospital type: Critical Access Hospitals. Ownership: Government - Local. Emergency services listed by CMS: Yes. Coordinates from the U.S. Census Bureau batch geocoder (Exact address match). CMS quality ratings and measures were intentionally not copied. Daily hours, prices and insurance details were not supplied by this intake.",331317,Hospital General Information,2026-07-02,2026-07-02,needs_review,"{""services"":{""field"":""services"",""status"":""source_backed"",""sourceUrl"":""https://data.cms.gov/provider-data/dataset/xubh-q36u"",""sourceTitle"":""CMS Hospital General Information"",""checkedDate"":""2026-07-02"",""sourceType"":""federal_open_data"",""locationSpecific"":true,""reviewerNote"":""Emergency services flag copied from the official CMS Hospital General Information row for this facility.""}}"
cms-331318,"CARTHAGE AREA HOSPITAL, INC",hospital,1001 WEST STREET,CARTHAGE,NY,JEFFERSON,13619,43.986233106494,-75.594812671823,(315) 493-1000,Emergency services,CMS Hospital General Information,https://data.cms.gov/provider-data/dataset/xubh-q36u,2026-07-02,"Fields copied from the official CMS Hospital General Information CSV: facility name, address, city, state, ZIP code, county, phone, hospital type, ownership and emergency services flag. Hospital type: Critical Access Hospitals. Ownership: Voluntary non-profit - Private. Emergency services listed by CMS: Yes. Coordinates from the U.S. Census Bureau batch geocoder (Exact address match). CMS quality ratings and measures were intentionally not copied. Daily hours, prices and insurance details were not supplied by this intake.",331318,Hospital General Information,2026-07-02,2026-07-02,needs_review,"{""services"":{""field"":""services"",""status"":""source_backed"",""sourceUrl"":""https://data.cms.gov/provider-data/dataset/xubh-q36u"",""sourceTitle"":""CMS Hospital General Information"",""checkedDate"":""2026-07-02"",""sourceType"":""federal_open_data"",""locationSpecific"":true,""reviewerNote"":""Emergency services flag copied from the official CMS Hospital General Information row for this facility.""}}"
cms-331319,MEDINA MEMORIAL HOSPITAL,hospital,200 OHIO STREET,MEDINA,NY,ORLEANS,14103,43.223649150711,-78.397149596321,(585) 798-8111,Emergency services,CMS Hospital General Information,https://data.cms.gov/provider-data/dataset/xubh-q36u,2026-07-02,"Fields copied from the official CMS Hospital General Information CSV: facility name, address, city, state, ZIP code, county, phone, hospital type, ownership and emergency services flag. Hospital type: Critical Access Hospitals. Ownership: Voluntary non-profit - Private. Emergency services listed by CMS: Yes. Coordinates from the U.S. Census Bureau batch geocoder (Exact address match). CMS quality ratings and measures were intentionally not copied. Daily hours, prices and insurance details were not supplied by this intake.",331319,Hospital General Information,2026-07-02,2026-07-02,needs_review,"{""services"":{""field"":""services"",""status"":""source_backed"",""sourceUrl"":""https://data.cms.gov/provider-data/dataset/xubh-q36u"",""sourceTitle"":""CMS Hospital General Information"",""checkedDate"":""2026-07-02"",""sourceType"":""federal_open_data"",""locationSpecific"":true,""reviewerNote"":""Emergency services flag copied from the official CMS Hospital General Information row for this facility.""}}"
cms-331320,COBLESKILL REGIONAL HOSPITAL,hospital,178 GRANDVIEW DRIVE,COBLESKILL,NY,SCHOHARIE,12043,42.686275680335,-74.482926150273,(518) 254-3456,Emergency services,CMS Hospital General Information,https://data.cms.gov/provider-data/dataset/xubh-q36u,2026-07-02,"Fields copied from the official CMS Hospital General Information CSV: facility name, address, city, state, ZIP code, county, phone, hospital type, ownership and emergency services flag. Hospital type: Critical Access Hospitals. Ownership: Voluntary non-profit - Private. Emergency services listed by CMS: Yes. Coordinates from the U.S. Census Bureau batch geocoder (Exact address match). CMS quality ratings and measures were intentionally not copied. Daily hours, prices and insurance details were not supplied by this intake.",331320,Hospital General Information,2026-07-02,2026-07-02,needs_review,"{""services"":{""field"":""services"",""status"":""source_backed"",""sourceUrl"":""https://data.cms.gov/provider-data/dataset/xubh-q36u"",""sourceTitle"":""CMS Hospital General Information"",""checkedDate"":""2026-07-02"",""sourceType"":""federal_open_data"",""locationSpecific"":true,""reviewerNote"":""Emergency services flag copied from the official CMS Hospital General Information row for this facility.""}}"
cms-331321,THE UNIVERSITY OF VERMONT HEALTH NETWORK-ALICE HY,hospital,"133 PARK STREET, PO BOX 729",MALONE,NY,FRANKLIN,12953,44.856844966303,-74.291919766412,(518) 481-2458,Emergency services,CMS Hospital General Information,https://data.cms.gov/provider-data/dataset/xubh-q36u,2026-07-02,"Fields copied from the official CMS Hospital General Information CSV: facility name, address, city, state, ZIP code, county, phone, hospital type, ownership and emergency services flag. Hospital type: Critical Access Hospitals. Ownership: Voluntary non-profit - Private. Emergency services listed by CMS: Yes. Coordinates from the U.S. Census Bureau batch geocoder (Non_Exact address match). CMS quality ratings and measures were intentionally not copied. Daily hours, prices and insurance details were not supplied by this intake.",331321,Hospital General Information,2026-07-02,2026-07-02,needs_review,"{""services"":{""field"":""services"",""status"":""source_backed"",""sourceUrl"":""https://data.cms.gov/provider-data/dataset/xubh-q36u"",""sourceTitle"":""CMS Hospital General Information"",""checkedDate"":""2026-07-02"",""sourceType"":""federal_open_data"",""locationSpecific"":true,""reviewerNote"":""Emergency services flag copied from the official CMS Hospital General Information row for this facility.""}}"
cms-331322,"SLHS MASSENA, INC",hospital,1 HOSPITAL DRIVE,MASSENA,NY,ST. LAWRENCE,13662,44.936809871385,-74.908378918583,(315) 769-4234,Emergency services,CMS Hospital General Information,https://data.cms.gov/provider-data/dataset/xubh-q36u,2026-07-02,"Fields copied from the official CMS Hospital General Information CSV: facility name, address, city, state, ZIP code, county, phone, hospital type, ownership and emergency services flag. Hospital type: Critical Access Hospitals. Ownership: Voluntary non-profit - Private. Emergency services listed by CMS: Yes. Coordinates from the U.S. Census Bureau batch geocoder (Exact address match). CMS quality ratings and measures were intentionally not copied. Daily hours, prices and insurance details were not supplied by this intake.",331322,Hospital General Information,2026-07-02,2026-07-02,needs_review,"{""services"":{""field"":""services"",""status"":""source_backed"",""sourceUrl"":""https://data.cms.gov/provider-data/dataset/xubh-q36u"",""sourceTitle"":""CMS Hospital General Information"",""checkedDate"":""2026-07-02"",""sourceType"":""federal_open_data"",""locationSpecific"":true,""reviewerNote"":""Emergency services flag copied from the official CMS Hospital General Information row for this facility.""}}"
cms-331323,WYOMING COUNTY,hospital,400 NORTH MAIN STREET,WARSAW,NY,WYOMING,14569,42.728712228388,-78.132586593922,(585) 786-8940,Emergency services,CMS Hospital General Information,https://data.cms.gov/provider-data/dataset/xubh-q36u,2026-07-02,"Fields copied from the official CMS Hospital General Information CSV: facility name, address, city, state, ZIP code, county, phone, hospital type, ownership and emergency services flag. Hospital type: Critical Access Hospitals. Ownership: Government - Local. Emergency services listed by CMS: Yes. Coordinates from the U.S. Census Bureau batch geocoder (Non_Exact address match). CMS quality ratings and measures were intentionally not copied. Daily hours, prices and insurance details were not supplied by this intake.",331323,Hospital General Information,2026-07-02,2026-07-02,needs_review,"{""services"":{""field"":""services"",""status"":""source_backed"",""sourceUrl"":""https://data.cms.gov/provider-data/dataset/xubh-q36u"",""sourceTitle"":""CMS Hospital General Information"",""checkedDate"":""2026-07-02"",""sourceType"":""federal_open_data"",""locationSpecific"":true,""reviewerNote"":""Emergency services flag copied from the official CMS Hospital General Information row for this facility.""}}"
cms-334001,HUTCHINGS PSYCHIATRIC CTR,hospital,620 MADISON STREET,SYRACUSE,NY,ONONDAGA,13210,43.04533904895,-76.141740663734,(315) 473-4980,Emergency services,CMS Hospital General Information,https://data.cms.gov/provider-data/dataset/xubh-q36u,2026-07-02,"Fields copied from the official CMS Hospital General Information CSV: facility name, address, city, state, ZIP code, county, phone, hospital type, ownership and emergency services flag. Hospital type: Psychiatric. Ownership: Government - State. Emergency services listed by CMS: Yes. Coordinates from the U.S. Census Bureau batch geocoder (Exact address match). CMS quality ratings and measures were intentionally not copied. Daily hours, prices and insurance details were not supplied by this intake.",334001,Hospital General Information,2026-07-02,2026-07-02,needs_review,"{""services"":{""field"":""services"",""status"":""source_backed"",""sourceUrl"":""https://data.cms.gov/provider-data/dataset/xubh-q36u"",""sourceTitle"":""CMS Hospital General Information"",""checkedDate"":""2026-07-02"",""sourceType"":""federal_open_data"",""locationSpecific"":true,""reviewerNote"":""Emergency services flag copied from the official CMS Hospital General Information row for this facility.""}}"
cms-334003,ST LAWRENCE PSYCHIATRIC CENTER,hospital,ONE CHIMNEY POINT DRIVE,OGDENSBURG,NY,ST. LAWRENCE,13669,44.716066021149,-75.450733282657,(315) 541-2071,,CMS Hospital General Information,https://data.cms.gov/provider-data/dataset/xubh-q36u,2026-07-02,"Fields copied from the official CMS Hospital General Information CSV: facility name, address, city, state, ZIP code, county, phone, hospital type, ownership and emergency services flag. Hospital type: Psychiatric. Ownership: Government - State. Emergency services listed by CMS: No. Coordinates from the U.S. Census Bureau batch geocoder (Exact address match). CMS quality ratings and measures were intentionally not copied. Daily hours, prices and insurance details were not supplied by this intake.",334003,Hospital General Information,2026-07-02,2026-07-02,needs_review,
cms-334004,CREEDMOOR PSYCHIATRIC CENTER,hospital,80-45 WINCHESTER BLVD BLDG B,QUEENS VILLAGE,NY,QUEENS,11427,40.734240060156,-73.734872881763,(718) 264-4000,,CMS Hospital General Information,https://data.cms.gov/provider-data/dataset/xubh-q36u,2026-07-02,"Fields copied from the official CMS Hospital General Information CSV: facility name, address, city, state, ZIP code, county, phone, hospital type, ownership and emergency services flag. Hospital type: Psychiatric. Ownership: Government - State. Emergency services listed by CMS: No. Coordinates from the U.S. Census Bureau batch geocoder (Non_Exact address match). CMS quality ratings and measures were intentionally not copied. Daily hours, prices and insurance details were not supplied by this intake.",334004,Hospital General Information,2026-07-02,2026-07-02,needs_review,
cms-334009,NEW YORK STATE PSYCHIATRIC INSTITUTE,hospital,722 W 168TH ST,NEW YORK,NY,NEW YORK,10032,40.842710383346,-73.943116992146,(212) 543-5000,,CMS Hospital General Information,https://data.cms.gov/provider-data/dataset/xubh-q36u,2026-07-02,"Fields copied from the official CMS Hospital General Information CSV: facility name, address, city, state, ZIP code, county, phone, hospital type, ownership and emergency services flag. Hospital type: Psychiatric. Ownership: Government - State. Emergency services listed by CMS: No. Coordinates from the U.S. Census Bureau batch geocoder (Exact address match). CMS quality ratings and measures were intentionally not copied. Daily hours, prices and insurance details were not supplied by this intake.",334009,Hospital General Information,2026-07-02,2026-07-02,needs_review,
cms-334012,GREATER BINGHAMTON HEALTH CENTER,hospital,425 ROBINSON ST,BINGHAMTON,NY,BROOME,13901,42.107910488485,-75.866467632528,(607) 724-1391,Emergency services,CMS Hospital General Information,https://data.cms.gov/provider-data/dataset/xubh-q36u,2026-07-02,"Fields copied from the official CMS Hospital General Information CSV: facility name, address, city, state, ZIP code, county, phone, hospital type, ownership and emergency services flag. Hospital type: Psychiatric. Ownership: Government - State. Emergency services listed by CMS: Yes. Coordinates from the U.S. Census Bureau batch geocoder (Non_Exact address match). CMS quality ratings and measures were intentionally not copied. Daily hours, prices and insurance details were not supplied by this intake.",334012,Hospital General Information,2026-07-02,2026-07-02,needs_review,"{""services"":{""field"":""services"",""status"":""source_backed"",""sourceUrl"":""https://data.cms.gov/provider-data/dataset/xubh-q36u"",""sourceTitle"":""CMS Hospital General Information"",""checkedDate"":""2026-07-02"",""sourceType"":""federal_open_data"",""locationSpecific"":true,""reviewerNote"":""Emergency services flag copied from the official CMS Hospital General Information row for this facility.""}}"
cms-334013,PILGRIM PSYCHIATRIC CENTER,hospital,998 CROOKED HILL ROAD,WEST BRENTWOOD,NY,SUFFOLK,11717,40.799774802475,-73.281092808816,(631) 761-3500,,CMS Hospital General Information,https://data.cms.gov/provider-data/dataset/xubh-q36u,2026-07-02,"Fields copied from the official CMS Hospital General Information CSV: facility name, address, city, state, ZIP code, county, phone, hospital type, ownership and emergency services flag. Hospital type: Psychiatric. Ownership: Government - State. Emergency services listed by CMS: No. Coordinates from the U.S. Census Bureau batch geocoder (Exact address match). CMS quality ratings and measures were intentionally not copied. Daily hours, prices and insurance details were not supplied by this intake.",334013,Hospital General Information,2026-07-02,2026-07-02,needs_review,
cms-334015,ROCKLAND PSYCH CTR,hospital,140 OLD ORANGEBURG RD,ORANGEBURG,NY,ROCKLAND,10962,41.044285715973,-73.973951917924,(845) 359-1000,,CMS Hospital General Information,https://data.cms.gov/provider-data/dataset/xubh-q36u,2026-07-02,"Fields copied from the official CMS Hospital General Information CSV: facility name, address, city, state, ZIP code, county, phone, hospital type, ownership and emergency services flag. Hospital type: Psychiatric. Ownership: Government - State. Emergency services listed by CMS: No. Coordinates from the U.S. Census Bureau batch geocoder (Exact address match). CMS quality ratings and measures were intentionally not copied. Daily hours, prices and insurance details were not supplied by this intake.",334015,Hospital General Information,2026-07-02,2026-07-02,needs_review,
cms-334020,ROCHESTER PSYCHIATRIC CENTER,hospital,1600 SOUTH AVE,ROCHESTER,NY,MONROE,14620,43.124102273064,-77.614518806785,(585) 241-1200,Emergency services,CMS Hospital General Information,https://data.cms.gov/provider-data/dataset/xubh-q36u,2026-07-02,"Fields copied from the official CMS Hospital General Information CSV: facility name, address, city, state, ZIP code, county, phone, hospital type, ownership and emergency services flag. Hospital type: Psychiatric. Ownership: Government - State. Emergency services listed by CMS: Yes. Coordinates from the U.S. Census Bureau batch geocoder (Exact address match). CMS quality ratings and measures were intentionally not copied. Daily hours, prices and insurance details were not supplied by this intake.",334020,Hospital General Information,2026-07-02,2026-07-02,needs_review,"{""services"":{""field"":""services"",""status"":""source_backed"",""sourceUrl"":""https://data.cms.gov/provider-data/dataset/xubh-q36u"",""sourceTitle"":""CMS Hospital General Information"",""checkedDate"":""2026-07-02"",""sourceType"":""federal_open_data"",""locationSpecific"":true,""reviewerNote"":""Emergency services flag copied from the official CMS Hospital General Information row for this facility.""}}"
cms-334021,MOHAWK VALLEY PSYCHIATRIC CENTER,hospital,1400 NOYES ST,UTICA,NY,ONEIDA,13502,43.10080017377,-75.257272131,(315) 797-6800,Emergency services,CMS Hospital General Information,https://data.cms.gov/provider-data/dataset/xubh-q36u,2026-07-02,"Fields copied from the official CMS Hospital General Information CSV: facility name, address, city, state, ZIP code, county, phone, hospital type, ownership and emergency services flag. Hospital type: Psychiatric. Ownership: Government - State. Emergency services listed by CMS: Yes. Coordinates from the U.S. Census Bureau batch geocoder (Exact address match). CMS quality ratings and measures were intentionally not copied. Daily hours, prices and insurance details were not supplied by this intake.",334021,Hospital General Information,2026-07-02,2026-07-02,needs_review,"{""services"":{""field"":""services"",""status"":""source_backed"",""sourceUrl"":""https://data.cms.gov/provider-data/dataset/xubh-q36u"",""sourceTitle"":""CMS Hospital General Information"",""checkedDate"":""2026-07-02"",""sourceType"":""federal_open_data"",""locationSpecific"":true,""reviewerNote"":""Emergency services flag copied from the official CMS Hospital General Information row for this facility.""}}"
cms-334022,BRYLIN HOSP,hospital,1263 DELAWARE AVE,BUFFALO,NY,ERIE,14209,42.9183370944,-78.868318911224,(716) 886-8200,,CMS Hospital General Information,https://data.cms.gov/provider-data/dataset/xubh-q36u,2026-07-02,"Fields copied from the official CMS Hospital General Information CSV: facility name, address, city, state, ZIP code, county, phone, hospital type, ownership and emergency services flag. Hospital type: Psychiatric. Ownership: Proprietary. Emergency services listed by CMS: No. Coordinates from the U.S. Census Bureau batch geocoder (Exact address match). CMS quality ratings and measures were intentionally not copied. Daily hours, prices and insurance details were not supplied by this intake.",334022,Hospital General Information,2026-07-02,2026-07-02,needs_review,
cms-334026,"BRUNSWICK HOSPITAL CENTER, INC.",hospital,81 LOUDEN AVE,AMITYVILLE,NY,SUFFOLK,11701,40.683904444413,-73.420578871781,(516) 789-7000,,CMS Hospital General Information,https://data.cms.gov/provider-data/dataset/xubh-q36u,2026-07-02,"Fields copied from the official CMS Hospital General Information CSV: facility name, address, city, state, ZIP code, county, phone, hospital type, ownership and emergency services flag. Hospital type: Psychiatric. Ownership: Proprietary. Emergency services listed by CMS: No. Coordinates from the U.S. Census Bureau batch geocoder (Exact address match). CMS quality ratings and measures were intentionally not copied. Daily hours, prices and insurance details were not supplied by this intake.",334026,Hospital General Information,2026-07-02,2026-07-02,needs_review,
cms-334027,SOUTH OAKS HOSP,hospital,400 SUNRISE HIGHWAY,AMITYVILLE,NY,SUFFOLK,11701,40.688191646204,-73.413483143186,(516) 264-4000,,CMS Hospital General Information,https://data.cms.gov/provider-data/dataset/xubh-q36u,2026-07-02,"Fields copied from the official CMS Hospital General Information CSV: facility name, address, city, state, ZIP code, county, phone, hospital type, ownership and emergency services flag. Hospital type: Psychiatric. Ownership: Voluntary non-profit - Private. Emergency services listed by CMS: No. Coordinates from the U.S. Census Bureau batch geocoder (Exact address match). CMS quality ratings and measures were intentionally not copied. Daily hours, prices and insurance details were not supplied by this intake.",334027,Hospital General Information,2026-07-02,2026-07-02,needs_review,
cms-334043,SOUTH BEACH PSYCHIATRIC CENTER,hospital,777 SEAVIEW AVE,STATEN ISLAND,NY,RICHMOND,10305,40.580738196144,-74.080538904625,(718) 667-2300,,CMS Hospital General Information,https://data.cms.gov/provider-data/dataset/xubh-q36u,2026-07-02,"Fields copied from the official CMS Hospital General Information CSV: facility name, address, city, state, ZIP code, county, phone, hospital type, ownership and emergency services flag. Hospital type: Psychiatric. Ownership: Government - State. Emergency services listed by CMS: No. Coordinates from the U.S. Census Bureau batch geocoder (Exact address match). CMS quality ratings and measures were intentionally not copied. Daily hours, prices and insurance details were not supplied by this intake.",334043,Hospital General Information,2026-07-02,2026-07-02,needs_review,
cms-334046,CAPITAL DISTRICT PSYCH CENTER,hospital,75 NEW SCOTLAND AVE,ALBANY,NY,ALBANY,12208,42.652828715679,-73.781555569164,(845) 398-5566,,CMS Hospital General Information,https://data.cms.gov/provider-data/dataset/xubh-q36u,2026-07-02,"Fields copied from the official CMS Hospital General Information CSV: facility name, address, city, state, ZIP code, county, phone, hospital type, ownership and emergency services flag. Hospital type: Psychiatric. Ownership: Government - State. Emergency services listed by CMS: No. Coordinates from the U.S. Census Bureau batch geocoder (Exact address match). CMS quality ratings and measures were intentionally not copied. Daily hours, prices and insurance details were not supplied by this intake.",334046,Hospital General Information,2026-07-02,2026-07-02,needs_review,
cms-334048,GRACIE SQUARE HOSP,hospital,420 EAST 76 ST,NEW YORK,NY,NEW YORK,10021,40.770042414561,-73.953449940876,(212) 434-5322,,CMS Hospital General Information,https://data.cms.gov/provider-data/dataset/xubh-q36u,2026-07-02,"Fields copied from the official CMS Hospital General Information CSV: facility name, address, city, state, ZIP code, county, phone, hospital type, ownership and emergency services flag. Hospital type: Psychiatric. Ownership: Voluntary non-profit - Private. Emergency services listed by CMS: No. Coordinates from the U.S. Census Bureau batch geocoder (Exact address match). CMS quality ratings and measures were intentionally not copied. Daily hours, prices and insurance details were not supplied by this intake.",334048,Hospital General Information,2026-07-02,2026-07-02,needs_review,
cms-334049,FOUR WINDS OF SARATOGA,hospital,30 CRESCENT AVE,SARATOGA SPRINGS,NY,SARATOGA,12866,43.058604882941,-73.786456347171,(518) 584-3600,Emergency services,CMS Hospital General Information,https://data.cms.gov/provider-data/dataset/xubh-q36u,2026-07-02,"Fields copied from the official CMS Hospital General Information CSV: facility name, address, city, state, ZIP code, county, phone, hospital type, ownership and emergency services flag. Hospital type: Psychiatric. Ownership: Proprietary. Emergency services listed by CMS: Yes. Coordinates from the U.S. Census Bureau batch geocoder (Exact address match). CMS quality ratings and measures were intentionally not copied. Daily hours, prices and insurance details were not supplied by this intake.",334049,Hospital General Information,2026-07-02,2026-07-02,needs_review,"{""services"":{""field"":""services"",""status"":""source_backed"",""sourceUrl"":""https://data.cms.gov/provider-data/dataset/xubh-q36u"",""sourceTitle"":""CMS Hospital General Information"",""checkedDate"":""2026-07-02"",""sourceType"":""federal_open_data"",""locationSpecific"":true,""reviewerNote"":""Emergency services flag copied from the official CMS Hospital General Information row for this facility.""}}"
cms-334052,BUFFALO PSYCHIATRIC CENTER,hospital,400 FOREST AVE,BUFFALO,NY,ERIE,14213,42.927924816698,-78.881264587551,(716) 885-2261,,CMS Hospital General Information,https://data.cms.gov/provider-data/dataset/xubh-q36u,2026-07-02,"Fields copied from the official CMS Hospital General Information CSV: facility name, address, city, state, ZIP code, county, phone, hospital type, ownership and emergency services flag. Hospital type: Psychiatric. Ownership: Government - State. Emergency services listed by CMS: No. Coordinates from the U.S. Census Bureau batch geocoder (Exact address match). CMS quality ratings and measures were intentionally not copied. Daily hours, prices and insurance details were not supplied by this intake.",334052,Hospital General Information,2026-07-02,2026-07-02,needs_review,
cms-334053,BRONX PSYCHIATRIC CENTER,hospital,1500 WATERS PLACE,BRONX,NY,BRONX,10461,40.845217695038,-73.840662892114,(718) 931-0600,,CMS Hospital General Information,https://data.cms.gov/provider-data/dataset/xubh-q36u,2026-07-02,"Fields copied from the official CMS Hospital General Information CSV: facility name, address, city, state, ZIP code, county, phone, hospital type, ownership and emergency services flag. Hospital type: Psychiatric. Ownership: Government - State. Emergency services listed by CMS: No. Coordinates from the U.S. Census Bureau batch geocoder (Exact address match). CMS quality ratings and measures were intentionally not copied. Daily hours, prices and insurance details were not supplied by this intake.",334053,Hospital General Information,2026-07-02,2026-07-02,needs_review,
cms-334054,MANHATTAN PSYCHIATRIC CENTER,hospital,600 E 125TH STREET,NEW YORK,NY,NEW YORK,10035,40.801675647801,-73.93116754655,(646) 672-6767,,CMS Hospital General Information,https://data.cms.gov/provider-data/dataset/xubh-q36u,2026-07-02,"Fields copied from the official CMS Hospital General Information CSV: facility name, address, city, state, ZIP code, county, phone, hospital type, ownership and emergency services flag. Hospital type: Psychiatric. Ownership: Government - State. Emergency services listed by CMS: No. Coordinates from the U.S. Census Bureau batch geocoder (Exact address match). CMS quality ratings and measures were intentionally not copied. Daily hours, prices and insurance details were not supplied by this intake.",334054,Hospital General Information,2026-07-02,2026-07-02,needs_review,
cms-334063,KINGSBORO PSYCHIATRIC HOSPITAL,hospital,681 CLARKSON AVENUE,BROOKLYN,NY,KINGS,11203,40.656402215898,-73.935007866611,(718) 221-7395,,CMS Hospital General Information,https://data.cms.gov/provider-data/dataset/xubh-q36u,2026-07-02,"Fields copied from the official CMS Hospital General Information CSV: facility name, address, city, state, ZIP code, county, phone, hospital type, ownership and emergency services flag. Hospital type: Psychiatric. Ownership: Government - State. Emergency services listed by CMS: No. Coordinates from the U.S. Census Bureau batch geocoder (Exact address match). CMS quality ratings and measures were intentionally not copied. Daily hours, prices and insurance details were not supplied by this intake.",334063,Hospital General Information,2026-07-02,2026-07-02,needs_review,
cms-334064,SAGAMORE CHILDRENS PSYCHIATRIC CENTER,hospital,197 HALF HOLLOW ROAD,DIX HILLS,NY,SUFFOLK,11746,40.786872953473,-73.394444425428,(631) 370-1701,,CMS Hospital General Information,https://data.cms.gov/provider-data/dataset/xubh-q36u,2026-07-02,"Fields copied from the official CMS Hospital General Information CSV: facility name, address, city, state, ZIP code, county, phone, hospital type, ownership and emergency services flag. Hospital type: Psychiatric. Ownership: Government - State. Emergency services listed by CMS: No. Coordinates from the U.S. Census Bureau batch geocoder (Exact address match). CMS quality ratings and measures were intentionally not copied. Daily hours, prices and insurance details were not supplied by this intake.",334064,Hospital General Information,2026-07-02,2026-07-02,needs_review,
cms-334066,Rockland Childrens Psychiatric Center,hospital,2 FIRST AVE,ORANGEBURG,NY,ROCKLAND,10962,41.048031747247,-73.973986230012,(845) 680-8004,,CMS Hospital General Information,https://data.cms.gov/provider-data/dataset/xubh-q36u,2026-07-02,"Fields copied from the official CMS Hospital General Information CSV: facility name, address, city, state, ZIP code, county, phone, hospital type, ownership and emergency services flag. Hospital type: Psychiatric. Ownership: Government - State. Emergency services listed by CMS: No. Coordinates from the U.S. Census Bureau batch geocoder (Exact address match). CMS quality ratings and measures were intentionally not copied. Daily hours, prices and insurance details were not supplied by this intake.",334066,Hospital General Information,2026-07-02,2026-07-02,needs_review,
cms-334067,NEW YORK CITY CHILDRENS PSYCH CENTER,hospital,7403 COMMONWEALTH BLVD,BELLEROSE,NY,QUEENS,11426,40.746930036001,-73.727914781289,(718) 692-2543,,CMS Hospital General Information,https://data.cms.gov/provider-data/dataset/xubh-q36u,2026-07-02,"Fields copied from the official CMS Hospital General Information CSV: facility name, address, city, state, ZIP code, county, phone, hospital type, ownership and emergency services flag. Hospital type: Psychiatric. Ownership: Government - State. Emergency services listed by CMS: No. Coordinates from the U.S. Census Bureau batch geocoder (Exact address match). CMS quality ratings and measures were intentionally not copied. Daily hours, prices and insurance details were not supplied by this intake.",334067,Hospital General Information,2026-07-02,2026-07-02,needs_review,
cms-334068,CLAXTON-HEPBURN MEDICAL CENTER,hospital,214 KING STREET,OGDENSBURG,NY,ST. LAWRENCE,13669,44.692134353032,-75.49956396223,(315) 713-5210,,CMS Hospital General Information,https://data.cms.gov/provider-data/dataset/xubh-q36u,2026-07-02,"Fields copied from the official CMS Hospital General Information CSV: facility name, address, city, state, ZIP code, county, phone, hospital type, ownership and emergency services flag. Hospital type: Psychiatric. Ownership: Voluntary non-profit - Private. Emergency services listed by CMS: No. Coordinates from the U.S. Census Bureau batch geocoder (Exact address match). CMS quality ratings and measures were intentionally not copied. Daily hours, prices and insurance details were not supplied by this intake.",334068,Hospital General Information,2026-07-02,2026-07-02,needs_review,
cms-390001,GEISINGER-COMMUNITY MEDICAL CENTER,hospital,1822 MULBERRY STREET,SCRANTON,PA,LACKAWANNA,18510,41.400926978987,-75.64632252066,(570) 703-8000,Emergency services,CMS Hospital General Information,https://data.cms.gov/provider-data/dataset/xubh-q36u,2026-07-02,"Fields copied from the official CMS Hospital General Information CSV: facility name, address, city, state, ZIP code, county, phone, hospital type, ownership and emergency services flag. Hospital type: Acute Care Hospitals. Ownership: Voluntary non-profit - Private. Emergency services listed by CMS: Yes. Coordinates from the U.S. Census Bureau batch geocoder (Exact address match). CMS quality ratings and measures were intentionally not copied. Daily hours, prices and insurance details were not supplied by this intake.",390001,Hospital General Information,2026-07-02,2026-07-02,needs_review,"{""services"":{""field"":""services"",""status"":""source_backed"",""sourceUrl"":""https://data.cms.gov/provider-data/dataset/xubh-q36u"",""sourceTitle"":""CMS Hospital General Information"",""checkedDate"":""2026-07-02"",""sourceType"":""federal_open_data"",""locationSpecific"":true,""reviewerNote"":""Emergency services flag copied from the official CMS Hospital General Information row for this facility.""}}"
cms-390002,UPMC MCKEESPORT HOSPITAL,hospital,1500 FIFTH AVENUE,MC KEESPORT,PA,ALLEGHENY,15132,40.352105506026,-79.850313343127,(412) 664-2000,Emergency services,CMS Hospital General Information,https://data.cms.gov/provider-data/dataset/xubh-q36u,2026-07-02,"Fields copied from the official CMS Hospital General Information CSV: facility name, address, city, state, ZIP code, county, phone, hospital type, ownership and emergency services flag. Hospital type: Acute Care Hospitals. Ownership: Voluntary non-profit - Private. Emergency services listed by CMS: Yes. Coordinates from the U.S. Census Bureau batch geocoder (Non_Exact address match). CMS quality ratings and measures were intentionally not copied. Daily hours, prices and insurance details were not supplied by this intake.",390002,Hospital General Information,2026-07-02,2026-07-02,needs_review,"{""services"":{""field"":""services"",""status"":""source_backed"",""sourceUrl"":""https://data.cms.gov/provider-data/dataset/xubh-q36u"",""sourceTitle"":""CMS Hospital General Information"",""checkedDate"":""2026-07-02"",""sourceType"":""federal_open_data"",""locationSpecific"":true,""reviewerNote"":""Emergency services flag copied from the official CMS Hospital General Information row for this facility.""}}"
cms-390003,GEISINGER-BLOOMSBURG HOSPITAL,hospital,549 EAST FAIR STREET,BLOOMSBURG,PA,COLUMBIA,17815,41.00856366067,-76.453098470439,(570) 387-2118,Emergency services,CMS Hospital General Information,https://data.cms.gov/provider-data/dataset/xubh-q36u,2026-07-02,"Fields copied from the official CMS Hospital General Information CSV: facility name, address, city, state, ZIP code, county, phone, hospital type, ownership and emergency services flag. Hospital type: Acute Care Hospitals. Ownership: Voluntary non-profit - Private. Emergency services listed by CMS: Yes. Coordinates from the U.S. Census Bureau batch geocoder (Non_Exact address match). CMS quality ratings and measures were intentionally not copied. Daily hours, prices and insurance details were not supplied by this intake.",390003,Hospital General Information,2026-07-02,2026-07-02,needs_review,"{""services"":{""field"":""services"",""status"":""source_backed"",""sourceUrl"":""https://data.cms.gov/provider-data/dataset/xubh-q36u"",""sourceTitle"":""CMS Hospital General Information"",""checkedDate"":""2026-07-02"",""sourceType"":""federal_open_data"",""locationSpecific"":true,""reviewerNote"":""Emergency services flag copied from the official CMS Hospital General Information row for this facility.""}}"
cms-390004,PENN STATE HEALTH HOLY SPIRIT MEDICAL CENTER,hospital,503 NORTH 21ST STREET,CAMP HILL,PA,CUMBERLAND,17011,40.252519331514,-76.923730320813,(717) 763-2100,Emergency services,CMS Hospital General Information,https://data.cms.gov/provider-data/dataset/xubh-q36u,2026-07-02,"Fields copied from the official CMS Hospital General Information CSV: facility name, address, city, state, ZIP code, county, phone, hospital type, ownership and emergency services flag. Hospital type: Acute Care Hospitals. Ownership: Voluntary non-profit - Private. Emergency services listed by CMS: Yes. Coordinates from the U.S. Census Bureau batch geocoder (Exact address match). CMS quality ratings and measures were intentionally not copied. Daily hours, prices and insurance details were not supplied by this intake.",390004,Hospital General Information,2026-07-02,2026-07-02,needs_review,"{""services"":{""field"":""services"",""status"":""source_backed"",""sourceUrl"":""https://data.cms.gov/provider-data/dataset/xubh-q36u"",""sourceTitle"":""CMS Hospital General Information"",""checkedDate"":""2026-07-02"",""sourceType"":""federal_open_data"",""locationSpecific"":true,""reviewerNote"":""Emergency services flag copied from the official CMS Hospital General Information row for this facility.""}}"
cms-390006,GEISINGER MEDICAL CENTER,hospital,100 NORTH ACADEMY AVENUE,DANVILLE,PA,MONTOUR,17822,40.968387146288,-76.6014114709,(570) 271-6211,Emergency services,CMS Hospital General Information,https://data.cms.gov/provider-data/dataset/xubh-q36u,2026-07-02,"Fields copied from the official CMS Hospital General Information CSV: facility name, address, city, state, ZIP code, county, phone, hospital type, ownership and emergency services flag. Hospital type: Acute Care Hospitals. Ownership: Voluntary non-profit - Private. Emergency services listed by CMS: Yes. Coordinates from the U.S. Census Bureau batch geocoder (Exact address match). CMS quality ratings and measures were intentionally not copied. Daily hours, prices and insurance details were not supplied by this intake.",390006,Hospital General Information,2026-07-02,2026-07-02,needs_review,"{""services"":{""field"":""services"",""status"":""source_backed"",""sourceUrl"":""https://data.cms.gov/provider-data/dataset/xubh-q36u"",""sourceTitle"":""CMS Hospital General Information"",""checkedDate"":""2026-07-02"",""sourceType"":""federal_open_data"",""locationSpecific"":true,""reviewerNote"":""Emergency services flag copied from the official CMS Hospital General Information row for this facility.""}}"
cms-390009,SAINT VINCENT HOSPITAL,hospital,232 WEST 25TH STREET,ERIE,PA,ERIE,16544,42.111178164272,-80.078735667269,(814) 452-5111,Emergency services,CMS Hospital General Information,https://data.cms.gov/provider-data/dataset/xubh-q36u,2026-07-02,"Fields copied from the official CMS Hospital General Information CSV: facility name, address, city, state, ZIP code, county, phone, hospital type, ownership and emergency services flag. Hospital type: Acute Care Hospitals. Ownership: Voluntary non-profit - Private. Emergency services listed by CMS: Yes. Coordinates from the U.S. Census Bureau batch geocoder (Exact address match). CMS quality ratings and measures were intentionally not copied. Daily hours, prices and insurance details were not supplied by this intake.",390009,Hospital General Information,2026-07-02,2026-07-02,needs_review,"{""services"":{""field"":""services"",""status"":""source_backed"",""sourceUrl"":""https://data.cms.gov/provider-data/dataset/xubh-q36u"",""sourceTitle"":""CMS Hospital General Information"",""checkedDate"":""2026-07-02"",""sourceType"":""federal_open_data"",""locationSpecific"":true,""reviewerNote"":""Emergency services flag copied from the official CMS Hospital General Information row for this facility.""}}"
cms-390012,JEFFERSON LANSDALE HOSPITAL,hospital,100 MEDICAL CAMPUS DRIVE,LANSDALE,PA,MONTGOMERY,19446,40.251392093839,-75.272033875915,(215) 368-2100,Emergency services,CMS Hospital General Information,https://data.cms.gov/provider-data/dataset/xubh-q36u,2026-07-02,"Fields copied from the official CMS Hospital General Information CSV: facility name, address, city, state, ZIP code, county, phone, hospital type, ownership and emergency services flag. Hospital type: Acute Care Hospitals. Ownership: Voluntary non-profit - Private. Emergency services listed by CMS: Yes. Coordinates from the U.S. Census Bureau batch geocoder (Exact address match). CMS quality ratings and measures were intentionally not copied. Daily hours, prices and insurance details were not supplied by this intake.",390012,Hospital General Information,2026-07-02,2026-07-02,needs_review,"{""services"":{""field"":""services"",""status"":""source_backed"",""sourceUrl"":""https://data.cms.gov/provider-data/dataset/xubh-q36u"",""sourceTitle"":""CMS Hospital General Information"",""checkedDate"":""2026-07-02"",""sourceType"":""federal_open_data"",""locationSpecific"":true,""reviewerNote"":""Emergency services flag copied from the official CMS Hospital General Information row for this facility.""}}"
cms-390013,WELLSPAN EVANGELICAL COMMUNITY HOSPITAL,hospital,ONE HOSPITAL DRIVE,LEWISBURG,PA,UNION,17837,40.979958709073,-76.88541824958,(570) 522-2000,Emergency services,CMS Hospital General Information,https://data.cms.gov/provider-data/dataset/xubh-q36u,2026-07-02,"Fields copied from the official CMS Hospital General Information CSV: facility name, address, city, state, ZIP code, county, phone, hospital type, ownership and emergency services flag. Hospital type: Acute Care Hospitals. Ownership: Voluntary non-profit - Private. Emergency services listed by CMS: Yes. Coordinates from the U.S. Census Bureau batch geocoder (Exact address match). CMS quality ratings and measures were intentionally not copied. Daily hours, prices and insurance details were not supplied by this intake.",390013,Hospital General Information,2026-07-02,2026-07-02,needs_review,"{""services"":{""field"":""services"",""status"":""source_backed"",""sourceUrl"":""https://data.cms.gov/provider-data/dataset/xubh-q36u"",""sourceTitle"":""CMS Hospital General Information"",""checkedDate"":""2026-07-02"",""sourceType"":""federal_open_data"",""locationSpecific"":true,""reviewerNote"":""Emergency services flag copied from the official CMS Hospital General Information row for this facility.""}}"
cms-390016,UPMC JAMESON,hospital,1211 WILMINGTON AVENUE,NEW CASTLE,PA,LAWRENCE,16105,41.013048141979,-80.350968615582,(724) 656-4100,Emergency services,CMS Hospital General Information,https://data.cms.gov/provider-data/dataset/xubh-q36u,2026-07-02,"Fields copied from the official CMS Hospital General Information CSV: facility name, address, city, state, ZIP code, county, phone, hospital type, ownership and emergency services flag. Hospital type: Acute Care Hospitals. Ownership: Voluntary non-profit - Other. Emergency services listed by CMS: Yes. Coordinates from the U.S. Census Bureau batch geocoder (Exact address match). CMS quality ratings and measures were intentionally not copied. Daily hours, prices and insurance details were not supplied by this intake.",390016,Hospital General Information,2026-07-02,2026-07-02,needs_review,"{""services"":{""field"":""services"",""status"":""source_backed"",""sourceUrl"":""https://data.cms.gov/provider-data/dataset/xubh-q36u"",""sourceTitle"":""CMS Hospital General Information"",""checkedDate"":""2026-07-02"",""sourceType"":""federal_open_data"",""locationSpecific"":true,""reviewerNote"":""Emergency services flag copied from the official CMS Hospital General Information row for this facility.""}}"
cms-39001f,JAMES E. VAN ZANDT VA MEDICAL CENTER (ALTOONA),hospital,2907 PLEASANT VALLEY BOULEVARD,ALTOONA,PA,BLAIR,16602,40.490214422974,-78.397676340934,(814) 943-8164,,CMS Hospital General Information,https://data.cms.gov/provider-data/dataset/xubh-q36u,2026-07-02,"Fields copied from the official CMS Hospital General Information CSV: facility name, address, city, state, ZIP code, county, phone, hospital type, ownership and emergency services flag. Hospital type: Acute Care - Veterans Administration. Ownership: Veterans Health Administration. Emergency services listed by CMS: No. Coordinates from the U.S. Census Bureau batch geocoder (Exact address match). CMS quality ratings and measures were intentionally not copied. Daily hours, prices and insurance details were not supplied by this intake.",39001F,Hospital General Information,2026-07-02,2026-07-02,needs_review,
cms-390025,KENSINGTON HOSPITAL,hospital,136 W DIAMOND STREET,PHILADELPHIA,PA,PHILADELPHIA,19122,39.981823226501,-75.134807346682,(215) 426-8100,,CMS Hospital General Information,https://data.cms.gov/provider-data/dataset/xubh-q36u,2026-07-02,"Fields copied from the official CMS Hospital General Information CSV: facility name, address, city, state, ZIP code, county, phone, hospital type, ownership and emergency services flag. Hospital type: Acute Care Hospitals. Ownership: Voluntary non-profit - Other. Emergency services listed by CMS: No. Coordinates from the U.S. Census Bureau batch geocoder (Non_Exact address match). CMS quality ratings and measures were intentionally not copied. Daily hours, prices and insurance details were not supplied by this intake.",390025,Hospital General Information,2026-07-02,2026-07-02,needs_review,
cms-390026,TEMPLE HEALTH - CHESTNUT HILL HOSPITAL,hospital,8835 GERMANTOWN AVENUE,PHILADELPHIA,PA,PHILADELPHIA,19118,40.078604289141,-75.212073348457,(215) 248-8200,Emergency services,CMS Hospital General Information,https://data.cms.gov/provider-data/dataset/xubh-q36u,2026-07-02,"Fields copied from the official CMS Hospital General Information CSV: facility name, address, city, state, ZIP code, county, phone, hospital type, ownership and emergency services flag. Hospital type: Acute Care Hospitals. Ownership: Voluntary non-profit - Private. Emergency services listed by CMS: Yes. Coordinates from the U.S. Census Bureau batch geocoder (Exact address match). CMS quality ratings and measures were intentionally not copied. Daily hours, prices and insurance details were not supplied by this intake.",390026,Hospital General Information,2026-07-02,2026-07-02,needs_review,"{""services"":{""field"":""services"",""status"":""source_backed"",""sourceUrl"":""https://data.cms.gov/provider-data/dataset/xubh-q36u"",""sourceTitle"":""CMS Hospital General Information"",""checkedDate"":""2026-07-02"",""sourceType"":""federal_open_data"",""locationSpecific"":true,""reviewerNote"":""Emergency services flag copied from the official CMS Hospital General Information row for this facility.""}}"
cms-390027,TEMPLE UNIVERSITY HOSPITAL,hospital,3401 NORTH BROAD STREET,PHILADELPHIA,PA,PHILADELPHIA,19140,40.004733288938,-75.152148902046,(215) 707-2000,Emergency services,CMS Hospital General Information,https://data.cms.gov/provider-data/dataset/xubh-q36u,2026-07-02,"Fields copied from the official CMS Hospital General Information CSV: facility name, address, city, state, ZIP code, county, phone, hospital type, ownership and emergency services flag. Hospital type: Acute Care Hospitals. Ownership: Voluntary non-profit - Private. Emergency services listed by CMS: Yes. Coordinates from the U.S. Census Bureau batch geocoder (Exact address match). CMS quality ratings and measures were intentionally not copied. Daily hours, prices and insurance details were not supplied by this intake.",390027,Hospital General Information,2026-07-02,2026-07-02,needs_review,"{""services"":{""field"":""services"",""status"":""source_backed"",""sourceUrl"":""https://data.cms.gov/provider-data/dataset/xubh-q36u"",""sourceTitle"":""CMS Hospital General Information"",""checkedDate"":""2026-07-02"",""sourceType"":""federal_open_data"",""locationSpecific"":true,""reviewerNote"":""Emergency services flag copied from the official CMS Hospital General Information row for this facility.""}}"
cms-390030,SCHUYLKILL MEDICAL CENTER - SOUTH JACKSON STREET,hospital,420 SOUTH JACKSON STREET,POTTSVILLE,PA,SCHUYLKILL,17901,40.683710194053,-76.188706240113,(570) 621-5102,Emergency services,CMS Hospital General Information,https://data.cms.gov/provider-data/dataset/xubh-q36u,2026-07-02,"Fields copied from the official CMS Hospital General Information CSV: facility name, address, city, state, ZIP code, county, phone, hospital type, ownership and emergency services flag. Hospital type: Acute Care Hospitals. Ownership: Voluntary non-profit - Private. Emergency services listed by CMS: Yes. Coordinates from the U.S. Census Bureau batch geocoder (Exact address match). CMS quality ratings and measures were intentionally not copied. Daily hours, prices and insurance details were not supplied by this intake.",390030,Hospital General Information,2026-07-02,2026-07-02,needs_review,"{""services"":{""field"":""services"",""status"":""source_backed"",""sourceUrl"":""https://data.cms.gov/provider-data/dataset/xubh-q36u"",""sourceTitle"":""CMS Hospital General Information"",""checkedDate"":""2026-07-02"",""sourceType"":""federal_open_data"",""locationSpecific"":true,""reviewerNote"":""Emergency services flag copied from the official CMS Hospital General Information row for this facility.""}}"
cms-390032,ALLEGHENY VALLEY HOSPITAL,hospital,1301 CARLISLE ST,NATRONA,PA,ALLEGHENY,15065,40.617465299309,-79.737102798805,(412) 224-5100,Emergency services,CMS Hospital General Information,https://data.cms.gov/provider-data/dataset/xubh-q36u,2026-07-02,"Fields copied from the official CMS Hospital General Information CSV: facility name, address, city, state, ZIP code, county, phone, hospital type, ownership and emergency services flag. Hospital type: Acute Care Hospitals. Ownership: Voluntary non-profit - Private. Emergency services listed by CMS: Yes. Coordinates from the U.S. Census Bureau batch geocoder (Non_Exact address match). CMS quality ratings and measures were intentionally not copied. Daily hours, prices and insurance details were not supplied by this intake.",390032,Hospital General Information,2026-07-02,2026-07-02,needs_review,"{""services"":{""field"":""services"",""status"":""source_backed"",""sourceUrl"":""https://data.cms.gov/provider-data/dataset/xubh-q36u"",""sourceTitle"":""CMS Hospital General Information"",""checkedDate"":""2026-07-02"",""sourceType"":""federal_open_data"",""locationSpecific"":true,""reviewerNote"":""Emergency services flag copied from the official CMS Hospital General Information row for this facility.""}}"
cms-390036,HERITAGE VALLEY BEAVER,hospital,1000 DUTCH RIDGE ROAD,BEAVER,PA,BEAVER,15009,40.710400822182,-80.324391300835,(412) 728-7000,Emergency services,CMS Hospital General Information,https://data.cms.gov/provider-data/dataset/xubh-q36u,2026-07-02,"Fields copied from the official CMS Hospital General Information CSV: facility name, address, city, state, ZIP code, county, phone, hospital type, ownership and emergency services flag. Hospital type: Acute Care Hospitals. Ownership: Voluntary non-profit - Private. Emergency services listed by CMS: Yes. Coordinates from the U.S. Census Bureau batch geocoder (Exact address match). CMS quality ratings and measures were intentionally not copied. Daily hours, prices and insurance details were not supplied by this intake.",390036,Hospital General Information,2026-07-02,2026-07-02,needs_review,"{""services"":{""field"":""services"",""status"":""source_backed"",""sourceUrl"":""https://data.cms.gov/provider-data/dataset/xubh-q36u"",""sourceTitle"":""CMS Hospital General Information"",""checkedDate"":""2026-07-02"",""sourceType"":""federal_open_data"",""locationSpecific"":true,""reviewerNote"":""Emergency services flag copied from the official CMS Hospital General Information row for this facility.""}}"
cms-390037,HERITAGE VALLEY SEWICKLEY,hospital,720 BLACKBURN ROAD,SEWICKLEY,PA,ALLEGHENY,15143,40.543368455219,-80.17889655344,(412) 741-6600,Emergency services,CMS Hospital General Information,https://data.cms.gov/provider-data/dataset/xubh-q36u,2026-07-02,"Fields copied from the official CMS Hospital General Information CSV: facility name, address, city, state, ZIP code, county, phone, hospital type, ownership and emergency services flag. Hospital type: Acute Care Hospitals. Ownership: Voluntary non-profit - Private. Emergency services listed by CMS: Yes. Coordinates from the U.S. Census Bureau batch geocoder (Exact address match). CMS quality ratings and measures were intentionally not copied. Daily hours, prices and insurance details were not supplied by this intake.",390037,Hospital General Information,2026-07-02,2026-07-02,needs_review,"{""services"":{""field"":""services"",""status"":""source_backed"",""sourceUrl"":""https://data.cms.gov/provider-data/dataset/xubh-q36u"",""sourceTitle"":""CMS Hospital General Information"",""checkedDate"":""2026-07-02"",""sourceType"":""federal_open_data"",""locationSpecific"":true,""reviewerNote"":""Emergency services flag copied from the official CMS Hospital General Information row for this facility.""}}"
cms-390039,UPMC SOMERSET,hospital,225 SOUTH CENTER AVENUE,SOMERSET,PA,SOMERSET,15501,40.00726005883,-79.078548196192,(814) 443-5000,Emergency services,CMS Hospital General Information,https://data.cms.gov/provider-data/dataset/xubh-q36u,2026-07-02,"Fields copied from the official CMS Hospital General Information CSV: facility name, address, city, state, ZIP code, county, phone, hospital type, ownership and emergency services flag. Hospital type: Acute Care Hospitals. Ownership: Voluntary non-profit - Private. Emergency services listed by CMS: Yes. Coordinates from the U.S. Census Bureau batch geocoder (Exact address match). CMS quality ratings and measures were intentionally not copied. Daily hours, prices and insurance details were not supplied by this intake.",390039,Hospital General Information,2026-07-02,2026-07-02,needs_review,"{""services"":{""field"":""services"",""status"":""source_backed"",""sourceUrl"":""https://data.cms.gov/provider-data/dataset/xubh-q36u"",""sourceTitle"":""CMS Hospital General Information"",""checkedDate"":""2026-07-02"",""sourceType"":""federal_open_data"",""locationSpecific"":true,""reviewerNote"":""Emergency services flag copied from the official CMS Hospital General Information row for this facility.""}}"
cms-390042,"WASHINGTON HOSPITAL, THE",hospital,155 WILSON AVENUE,WASHINGTON,PA,WASHINGTON,15301,40.182767787271,-80.246193511445,(724) 225-7000,Emergency services,CMS Hospital General Information,https://data.cms.gov/provider-data/dataset/xubh-q36u,2026-07-02,"Fields copied from the official CMS Hospital General Information CSV: facility name, address, city, state, ZIP code, county, phone, hospital type, ownership and emergency services flag. Hospital type: Acute Care Hospitals. Ownership: Voluntary non-profit - Private. Emergency services listed by CMS: Yes. Coordinates from the U.S. Census Bureau batch geocoder (Exact address match). CMS quality ratings and measures were intentionally not copied. Daily hours, prices and insurance details were not supplied by this intake.",390042,Hospital General Information,2026-07-02,2026-07-02,needs_review,"{""services"":{""field"":""services"",""status"":""source_backed"",""sourceUrl"":""https://data.cms.gov/provider-data/dataset/xubh-q36u"",""sourceTitle"":""CMS Hospital General Information"",""checkedDate"":""2026-07-02"",""sourceType"":""federal_open_data"",""locationSpecific"":true,""reviewerNote"":""Emergency services flag copied from the official CMS Hospital General Information row for this facility.""}}"
cms-390044,READING HOSPITAL,hospital,420 S 5TH AVENUE,WEST READING,PA,BERKS,19611,40.330455953383,-75.948256628402,(610) 988-8000,Emergency services,CMS Hospital General Information,https://data.cms.gov/provider-data/dataset/xubh-q36u,2026-07-02,"Fields copied from the official CMS Hospital General Information CSV: facility name, address, city, state, ZIP code, county, phone, hospital type, ownership and emergency services flag. Hospital type: Acute Care Hospitals. Ownership: Voluntary non-profit - Private. Emergency services listed by CMS: Yes. Coordinates from the U.S. Census Bureau batch geocoder (Exact address match). CMS quality ratings and measures were intentionally not copied. Daily hours, prices and insurance details were not supplied by this intake.",390044,Hospital General Information,2026-07-02,2026-07-02,needs_review,"{""services"":{""field"":""services"",""status"":""source_backed"",""sourceUrl"":""https://data.cms.gov/provider-data/dataset/xubh-q36u"",""sourceTitle"":""CMS Hospital General Information"",""checkedDate"":""2026-07-02"",""sourceType"":""federal_open_data"",""locationSpecific"":true,""reviewerNote"":""Emergency services flag copied from the official CMS Hospital General Information row for this facility.""}}"
cms-390046,WELLSPAN YORK HOSPITAL,hospital,1001 SOUTH GEORGE STREET,YORK,PA,YORK,17403,39.946642407363,-76.720372343425,(717) 851-2345,Emergency services,CMS Hospital General Information,https://data.cms.gov/provider-data/dataset/xubh-q36u,2026-07-02,"Fields copied from the official CMS Hospital General Information CSV: facility name, address, city, state, ZIP code, county, phone, hospital type, ownership and emergency services flag. Hospital type: Acute Care Hospitals. Ownership: Voluntary non-profit - Private. Emergency services listed by CMS: Yes. Coordinates from the U.S. Census Bureau batch geocoder (Exact address match). CMS quality ratings and measures were intentionally not copied. Daily hours, prices and insurance details were not supplied by this intake.",390046,Hospital General Information,2026-07-02,2026-07-02,needs_review,"{""services"":{""field"":""services"",""status"":""source_backed"",""sourceUrl"":""https://data.cms.gov/provider-data/dataset/xubh-q36u"",""sourceTitle"":""CMS Hospital General Information"",""checkedDate"":""2026-07-02"",""sourceType"":""federal_open_data"",""locationSpecific"":true,""reviewerNote"":""Emergency services flag copied from the official CMS Hospital General Information row for this facility.""}}"
cms-390049,ST LUKES HOSPITAL,hospital,801 OSTRUM STREET,BETHLEHEM,PA,NORTHAMPTON,18015,40.609212407067,-75.392132952146,(484) 526-4000,Emergency services,CMS Hospital General Information,https://data.cms.gov/provider-data/dataset/xubh-q36u,2026-07-02,"Fields copied from the official CMS Hospital General Information CSV: facility name, address, city, state, ZIP code, county, phone, hospital type, ownership and emergency services flag. Hospital type: Acute Care Hospitals. Ownership: Voluntary non-profit - Private. Emergency services listed by CMS: Yes. Coordinates from the U.S. Census Bureau batch geocoder (Exact address match). CMS quality ratings and measures were intentionally not copied. Daily hours, prices and insurance details were not supplied by this intake.",390049,Hospital General Information,2026-07-02,2026-07-02,needs_review,"{""services"":{""field"":""services"",""status"":""source_backed"",""sourceUrl"":""https://data.cms.gov/provider-data/dataset/xubh-q36u"",""sourceTitle"":""CMS Hospital General Information"",""checkedDate"":""2026-07-02"",""sourceType"":""federal_open_data"",""locationSpecific"":true,""reviewerNote"":""Emergency services flag copied from the official CMS Hospital General Information row for this facility.""}}"
cms-39004f,COATESVILLE VA MEDICAL CENTER,hospital,1400 BLACK HORSE HILL ROAD,COATESVILLE,PA,CHESTER,19320,39.998614836899,-75.800499339669,(610) 384-7711,,CMS Hospital General Information,https://data.cms.gov/provider-data/dataset/xubh-q36u,2026-07-02,"Fields copied from the official CMS Hospital General Information CSV: facility name, address, city, state, ZIP code, county, phone, hospital type, ownership and emergency services flag. Hospital type: Acute Care - Veterans Administration. Ownership: Veterans Health Administration. Emergency services listed by CMS: No. Coordinates from the U.S. Census Bureau batch geocoder (Non_Exact address match). CMS quality ratings and measures were intentionally not copied. Daily hours, prices and insurance details were not supplied by this intake.",39004F,Hospital General Information,2026-07-02,2026-07-02,needs_review,
cms-390050,ALLEGHENY GENERAL HOSPITAL,hospital,320 EAST NORTH AVENUE,PITTSBURGH,PA,ALLEGHENY,15212,40.456122370127,-80.003422684241,(412) 359-3131,Emergency services,CMS Hospital General Information,https://data.cms.gov/provider-data/dataset/xubh-q36u,2026-07-02,"Fields copied from the official CMS Hospital General Information CSV: facility name, address, city, state, ZIP code, county, phone, hospital type, ownership and emergency services flag. Hospital type: Acute Care Hospitals. Ownership: Voluntary non-profit - Private. Emergency services listed by CMS: Yes. Coordinates from the U.S. Census Bureau batch geocoder (Exact address match). CMS quality ratings and measures were intentionally not copied. Daily hours, prices and insurance details were not supplied by this intake.",390050,Hospital General Information,2026-07-02,2026-07-02,needs_review,"{""services"":{""field"":""services"",""status"":""source_backed"",""sourceUrl"":""https://data.cms.gov/provider-data/dataset/xubh-q36u"",""sourceTitle"":""CMS Hospital General Information"",""checkedDate"":""2026-07-02"",""sourceType"":""federal_open_data"",""locationSpecific"":true,""reviewerNote"":""Emergency services flag copied from the official CMS Hospital General Information row for this facility.""}}"
cms-390056,PENN HIGHLANDS HUNTINGDON,hospital,1225 WARM SPRINGS AVE,HUNTINGDON,PA,HUNTINGDON,16652,40.494672707681,-78.013312508445,(814) 643-2290,Emergency services,CMS Hospital General Information,https://data.cms.gov/provider-data/dataset/xubh-q36u,2026-07-02,"Fields copied from the official CMS Hospital General Information CSV: facility name, address, city, state, ZIP code, county, phone, hospital type, ownership and emergency services flag. Hospital type: Acute Care Hospitals. Ownership: Voluntary non-profit - Private. Emergency services listed by CMS: Yes. Coordinates from the U.S. Census Bureau batch geocoder (Exact address match). CMS quality ratings and measures were intentionally not copied. Daily hours, prices and insurance details were not supplied by this intake.",390056,Hospital General Information,2026-07-02,2026-07-02,needs_review,"{""services"":{""field"":""services"",""status"":""source_backed"",""sourceUrl"":""https://data.cms.gov/provider-data/dataset/xubh-q36u"",""sourceTitle"":""CMS Hospital General Information"",""checkedDate"":""2026-07-02"",""sourceType"":""federal_open_data"",""locationSpecific"":true,""reviewerNote"":""Emergency services flag copied from the official CMS Hospital General Information row for this facility.""}}"
cms-390057,ST LUKE'S HOSPITAL - GRAND VIEW CAMPUS,hospital,700 LAWN AVENUE,SELLERSVILLE,PA,BUCKS,18960,40.362563311548,-75.324290032524,(215) 453-4000,Emergency services,CMS Hospital General Information,https://data.cms.gov/provider-data/dataset/xubh-q36u,2026-07-02,"Fields copied from the official CMS Hospital General Information CSV: facility name, address, city, state, ZIP code, county, phone, hospital type, ownership and emergency services flag. Hospital type: Acute Care Hospitals. Ownership: Voluntary non-profit - Other. Emergency services listed by CMS: Yes. Coordinates from the U.S. Census Bureau batch geocoder (Exact address match). CMS quality ratings and measures were intentionally not copied. Daily hours, prices and insurance details were not supplied by this intake.",390057,Hospital General Information,2026-07-02,2026-07-02,needs_review,"{""services"":{""field"":""services"",""status"":""source_backed"",""sourceUrl"":""https://data.cms.gov/provider-data/dataset/xubh-q36u"",""sourceTitle"":""CMS Hospital General Information"",""checkedDate"":""2026-07-02"",""sourceType"":""federal_open_data"",""locationSpecific"":true,""reviewerNote"":""Emergency services flag copied from the official CMS Hospital General Information row for this facility.""}}"
cms-390058,UPMC CARLISLE,hospital,361 ALEXANDER SPRING ROAD,CARLISLE,PA,CUMBERLAND,17015,40.184620607486,-77.22508759987,(717) 249-1212,Emergency services,CMS Hospital General Information,https://data.cms.gov/provider-data/dataset/xubh-q36u,2026-07-02,"Fields copied from the official CMS Hospital General Information CSV: facility name, address, city, state, ZIP code, county, phone, hospital type, ownership and emergency services flag. Hospital type: Acute Care Hospitals. Ownership: Voluntary non-profit - Private. Emergency services listed by CMS: Yes. Coordinates from the U.S. Census Bureau batch geocoder (Exact address match). CMS quality ratings and measures were intentionally not copied. Daily hours, prices and insurance details were not supplied by this intake.",390058,Hospital General Information,2026-07-02,2026-07-02,needs_review,"{""services"":{""field"":""services"",""status"":""source_backed"",""sourceUrl"":""https://data.cms.gov/provider-data/dataset/xubh-q36u"",""sourceTitle"":""CMS Hospital General Information"",""checkedDate"":""2026-07-02"",""sourceType"":""federal_open_data"",""locationSpecific"":true,""reviewerNote"":""Emergency services flag copied from the official CMS Hospital General Information row for this facility.""}}"
cms-39005f,ERIE VA MEDICAL CENTER,hospital,135 EAST 38TH STREET,ERIE,PA,ERIE,16504,42.10291283873,-80.064826902181,(814) 860-2576,,CMS Hospital General Information,https://data.cms.gov/provider-data/dataset/xubh-q36u,2026-07-02,"Fields copied from the official CMS Hospital General Information CSV: facility name, address, city, state, ZIP code, county, phone, hospital type, ownership and emergency services flag. Hospital type: Acute Care - Veterans Administration. Ownership: Veterans Health Administration. Emergency services listed by CMS: No. Coordinates from the U.S. Census Bureau batch geocoder (Exact address match). CMS quality ratings and measures were intentionally not copied. Daily hours, prices and insurance details were not supplied by this intake.",39005F,Hospital General Information,2026-07-02,2026-07-02,needs_review,
cms-390062,CONEMAUGH NASON MEDICAL CENTER,hospital,105 NASON DRIVE,ROARING SPRING,PA,BLAIR,16673,40.337873692047,-78.388041712814,(814) 224-2141,Emergency services,CMS Hospital General Information,https://data.cms.gov/provider-data/dataset/xubh-q36u,2026-07-02,"Fields copied from the official CMS Hospital General Information CSV: facility name, address, city, state, ZIP code, county, phone, hospital type, ownership and emergency services flag. Hospital type: Acute Care Hospitals. Ownership: Voluntary non-profit - Other. Emergency services listed by CMS: Yes. Coordinates from the U.S. Census Bureau batch geocoder (Exact address match). CMS quality ratings and measures were intentionally not copied. Daily hours, prices and insurance details were not supplied by this intake.",390062,Hospital General Information,2026-07-02,2026-07-02,needs_review,"{""services"":{""field"":""services"",""status"":""source_backed"",""sourceUrl"":""https://data.cms.gov/provider-data/dataset/xubh-q36u"",""sourceTitle"":""CMS Hospital General Information"",""checkedDate"":""2026-07-02"",""sourceType"":""federal_open_data"",""locationSpecific"":true,""reviewerNote"":""Emergency services flag copied from the official CMS Hospital General Information row for this facility.""}}"
cms-390063,UPMC HAMOT,hospital,201 STATE STREET,ERIE,PA,ERIE,16550,42.133312403362,-80.087720681937,(814) 877-6000,Emergency services,CMS Hospital General Information,https://data.cms.gov/provider-data/dataset/xubh-q36u,2026-07-02,"Fields copied from the official CMS Hospital General Information CSV: facility name, address, city, state, ZIP code, county, phone, hospital type, ownership and emergency services flag. Hospital type: Acute Care Hospitals. Ownership: Voluntary non-profit - Private. Emergency services listed by CMS: Yes. Coordinates from the U.S. Census Bureau batch geocoder (Non_Exact address match). CMS quality ratings and measures were intentionally not copied. Daily hours, prices and insurance details were not supplied by this intake.",390063,Hospital General Information,2026-07-02,2026-07-02,needs_review,"{""services"":{""field"":""services"",""status"":""source_backed"",""sourceUrl"":""https://data.cms.gov/provider-data/dataset/xubh-q36u"",""sourceTitle"":""CMS Hospital General Information"",""checkedDate"":""2026-07-02"",""sourceType"":""federal_open_data"",""locationSpecific"":true,""reviewerNote"":""Emergency services flag copied from the official CMS Hospital General Information row for this facility.""}}"
cms-390065,GETTYSBURG HOSPITAL,hospital,147 GETTYS STREET,GETTYSBURG,PA,ADAMS,17325,39.823337350267,-77.2337766232,(717) 334-2121,Emergency services,CMS Hospital General Information,https://data.cms.gov/provider-data/dataset/xubh-q36u,2026-07-02,"Fields copied from the official CMS Hospital General Information CSV: facility name, address, city, state, ZIP code, county, phone, hospital type, ownership and emergency services flag. Hospital type: Acute Care Hospitals. Ownership: Voluntary non-profit - Private. Emergency services listed by CMS: Yes. Coordinates from the U.S. Census Bureau batch geocoder (Exact address match). CMS quality ratings and measures were intentionally not copied. Daily hours, prices and insurance details were not supplied by this intake.",390065,Hospital General Information,2026-07-02,2026-07-02,needs_review,"{""services"":{""field"":""services"",""status"":""source_backed"",""sourceUrl"":""https://data.cms.gov/provider-data/dataset/xubh-q36u"",""sourceTitle"":""CMS Hospital General Information"",""checkedDate"":""2026-07-02"",""sourceType"":""federal_open_data"",""locationSpecific"":true,""reviewerNote"":""Emergency services flag copied from the official CMS Hospital General Information row for this facility.""}}"
cms-390066,WELLSPAN GOOD SAMARITAN HOSPITAL,hospital,252 SOUTH 4TH STREET,LEBANON,PA,LEBANON,17042,40.335905683386,-76.417265400307,(717) 270-7500,Emergency services,CMS Hospital General Information,https://data.cms.gov/provider-data/dataset/xubh-q36u,2026-07-02,"Fields copied from the official CMS Hospital General Information CSV: facility name, address, city, state, ZIP code, county, phone, hospital type, ownership and emergency services flag. Hospital type: Acute Care Hospitals. Ownership: Voluntary non-profit - Private. Emergency services listed by CMS: Yes. Coordinates from the U.S. Census Bureau batch geocoder (Exact address match). CMS quality ratings and measures were intentionally not copied. Daily hours, prices and insurance details were not supplied by this intake.",390066,Hospital General Information,2026-07-02,2026-07-02,needs_review,"{""services"":{""field"":""services"",""status"":""source_backed"",""sourceUrl"":""https://data.cms.gov/provider-data/dataset/xubh-q36u"",""sourceTitle"":""CMS Hospital General Information"",""checkedDate"":""2026-07-02"",""sourceType"":""federal_open_data"",""locationSpecific"":true,""reviewerNote"":""Emergency services flag copied from the official CMS Hospital General Information row for this facility.""}}"
cms-390068,UPMC LITITZ,hospital,1500 HIGHLANDS DRIVE,LITITZ,PA,LANCASTER,17543,40.132849731112,-76.309645537244,(717) 625-2000,Emergency services,CMS Hospital General Information,https://data.cms.gov/provider-data/dataset/xubh-q36u,2026-07-02,"Fields copied from the official CMS Hospital General Information CSV: facility name, address, city, state, ZIP code, county, phone, hospital type, ownership and emergency services flag. Hospital type: Acute Care Hospitals. Ownership: Voluntary non-profit - Other. Emergency services listed by CMS: Yes. Coordinates from the U.S. Census Bureau batch geocoder (Exact address match). CMS quality ratings and measures were intentionally not copied. Daily hours, prices and insurance details were not supplied by this intake.",390068,Hospital General Information,2026-07-02,2026-07-02,needs_review,"{""services"":{""field"":""services"",""status"":""source_backed"",""sourceUrl"":""https://data.cms.gov/provider-data/dataset/xubh-q36u"",""sourceTitle"":""CMS Hospital General Information"",""checkedDate"":""2026-07-02"",""sourceType"":""federal_open_data"",""locationSpecific"":true,""reviewerNote"":""Emergency services flag copied from the official CMS Hospital General Information row for this facility.""}}"
cms-39006f,LEBANON VA MEDICAL CENTER,hospital,1700 SOUTH LINCOLN AVENUE,LEBANON,PA,LEBANON,17042,40.313112950875,-76.407361855914,(717) 228-5901,Emergency services,CMS Hospital General Information,https://data.cms.gov/provider-data/dataset/xubh-q36u,2026-07-02,"Fields copied from the official CMS Hospital General Information CSV: facility name, address, city, state, ZIP code, county, phone, hospital type, ownership and emergency services flag. Hospital type: Acute Care - Veterans Administration. Ownership: Veterans Health Administration. Emergency services listed by CMS: Yes. Coordinates from the U.S. Census Bureau batch geocoder (Exact address match). CMS quality ratings and measures were intentionally not copied. Daily hours, prices and insurance details were not supplied by this intake.",39006F,Hospital General Information,2026-07-02,2026-07-02,needs_review,"{""services"":{""field"":""services"",""status"":""source_backed"",""sourceUrl"":""https://data.cms.gov/provider-data/dataset/xubh-q36u"",""sourceTitle"":""CMS Hospital General Information"",""checkedDate"":""2026-07-02"",""sourceType"":""federal_open_data"",""locationSpecific"":true,""reviewerNote"":""Emergency services flag copied from the official CMS Hospital General Information row for this facility.""}}"
cms-390070,LOWER BUCKS HOSPITAL,hospital,501 BATH ROAD,BRISTOL,PA,BUCKS,19007,40.104491010563,-74.864827570433,(215) 785-9200,Emergency services,CMS Hospital General Information,https://data.cms.gov/provider-data/dataset/xubh-q36u,2026-07-02,"Fields copied from the official CMS Hospital General Information CSV: facility name, address, city, state, ZIP code, county, phone, hospital type, ownership and emergency services flag. Hospital type: Acute Care Hospitals. Ownership: Voluntary non-profit - Private. Emergency services listed by CMS: Yes. Coordinates from the U.S. Census Bureau batch geocoder (Exact address match). CMS quality ratings and measures were intentionally not copied. Daily hours, prices and insurance details were not supplied by this intake.",390070,Hospital General Information,2026-07-02,2026-07-02,needs_review,"{""services"":{""field"":""services"",""status"":""source_backed"",""sourceUrl"":""https://data.cms.gov/provider-data/dataset/xubh-q36u"",""sourceTitle"":""CMS Hospital General Information"",""checkedDate"":""2026-07-02"",""sourceType"":""federal_open_data"",""locationSpecific"":true,""reviewerNote"":""Emergency services flag copied from the official CMS Hospital General Information row for this facility.""}}"
cms-390073,UPMC ALTOONA,hospital,620 HOWARD AVENUE,ALTOONA,PA,BLAIR,16601,40.521436956959,-78.397987516844,(814) 889-2011,Emergency services,CMS Hospital General Information,https://data.cms.gov/provider-data/dataset/xubh-q36u,2026-07-02,"Fields copied from the official CMS Hospital General Information CSV: facility name, address, city, state, ZIP code, county, phone, hospital type, ownership and emergency services flag. Hospital type: Acute Care Hospitals. Ownership: Voluntary non-profit - Private. Emergency services listed by CMS: Yes. Coordinates from the U.S. Census Bureau batch geocoder (Exact address match). CMS quality ratings and measures were intentionally not copied. Daily hours, prices and insurance details were not supplied by this intake.",390073,Hospital General Information,2026-07-02,2026-07-02,needs_review,"{""services"":{""field"":""services"",""status"":""source_backed"",""sourceUrl"":""https://data.cms.gov/provider-data/dataset/xubh-q36u"",""sourceTitle"":""CMS Hospital General Information"",""checkedDate"":""2026-07-02"",""sourceType"":""federal_open_data"",""locationSpecific"":true,""reviewerNote"":""Emergency services flag copied from the official CMS Hospital General Information row for this facility.""}}"
cms-390086,PENN HIGHLANDS DUBOIS,hospital,100 HOSPITAL AVENUE,DUBOIS,PA,CLEARFIELD,15801,41.113908579055,-78.774886763278,(814) 371-2200,Emergency services,CMS Hospital General Information,https://data.cms.gov/provider-data/dataset/xubh-q36u,2026-07-02,"Fields copied from the official CMS Hospital General Information CSV: facility name, address, city, state, ZIP code, county, phone, hospital type, ownership and emergency services flag. Hospital type: Acute Care Hospitals. Ownership: Voluntary non-profit - Private. Emergency services listed by CMS: Yes. Coordinates from the U.S. Census Bureau batch geocoder (Exact address match). CMS quality ratings and measures were intentionally not copied. Daily hours, prices and insurance details were not supplied by this intake.",390086,Hospital General Information,2026-07-02,2026-07-02,needs_review,"{""services"":{""field"":""services"",""status"":""source_backed"",""sourceUrl"":""https://data.cms.gov/provider-data/dataset/xubh-q36u"",""sourceTitle"":""CMS Hospital General Information"",""checkedDate"":""2026-07-02"",""sourceType"":""federal_open_data"",""locationSpecific"":true,""reviewerNote"":""Emergency services flag copied from the official CMS Hospital General Information row for this facility.""}}"
cms-390090,WEST PENN HOSPITAL,hospital,4800 FRIENDSHIP AVENUE,PITTSBURGH,PA,ALLEGHENY,15224,40.462389973249,-79.946781304796,(412) 578-5000,Emergency services,CMS Hospital General Information,https://data.cms.gov/provider-data/dataset/xubh-q36u,2026-07-02,"Fields copied from the official CMS Hospital General Information CSV: facility name, address, city, state, ZIP code, county, phone, hospital type, ownership and emergency services flag. Hospital type: Acute Care Hospitals. Ownership: Voluntary non-profit - Private. Emergency services listed by CMS: Yes. Coordinates from the U.S. Census Bureau batch geocoder (Exact address match). CMS quality ratings and measures were intentionally not copied. Daily hours, prices and insurance details were not supplied by this intake.",390090,Hospital General Information,2026-07-02,2026-07-02,needs_review,"{""services"":{""field"":""services"",""status"":""source_backed"",""sourceUrl"":""https://data.cms.gov/provider-data/dataset/xubh-q36u"",""sourceTitle"":""CMS Hospital General Information"",""checkedDate"":""2026-07-02"",""sourceType"":""federal_open_data"",""locationSpecific"":true,""reviewerNote"":""Emergency services flag copied from the official CMS Hospital General Information row for this facility.""}}"
cms-390091,UPMC NORTHWEST,hospital,100 FAIRFIELD DRIVE,SENECA,PA,VENANGO,16346,41.359822275474,-79.702448589636,(814) 676-7600,Emergency services,CMS Hospital General Information,https://data.cms.gov/provider-data/dataset/xubh-q36u,2026-07-02,"Fields copied from the official CMS Hospital General Information CSV: facility name, address, city, state, ZIP code, county, phone, hospital type, ownership and emergency services flag. Hospital type: Acute Care Hospitals. Ownership: Voluntary non-profit - Other. Emergency services listed by CMS: Yes. Coordinates from the U.S. Census Bureau batch geocoder (Exact address match). CMS quality ratings and measures were intentionally not copied. Daily hours, prices and insurance details were not supplied by this intake.",390091,Hospital General Information,2026-07-02,2026-07-02,needs_review,"{""services"":{""field"":""services"",""status"":""source_backed"",""sourceUrl"":""https://data.cms.gov/provider-data/dataset/xubh-q36u"",""sourceTitle"":""CMS Hospital General Information"",""checkedDate"":""2026-07-02"",""sourceType"":""federal_open_data"",""locationSpecific"":true,""reviewerNote"":""Emergency services flag copied from the official CMS Hospital General Information row for this facility.""}}"
cms-390096,PENN STATE HEALTH ST. JOSEPH,hospital,2500 BERNVILLE ROAD,READING,PA,BERKS,19605,40.377628328576,-75.980223318407,(610) 378-2000,Emergency services,CMS Hospital General Information,https://data.cms.gov/provider-data/dataset/xubh-q36u,2026-07-02,"Fields copied from the official CMS Hospital General Information CSV: facility name, address, city, state, ZIP code, county, phone, hospital type, ownership and emergency services flag. Hospital type: Acute Care Hospitals. Ownership: Voluntary non-profit - Private. Emergency services listed by CMS: Yes. Coordinates from the U.S. Census Bureau batch geocoder (Exact address match). CMS quality ratings and measures were intentionally not copied. Daily hours, prices and insurance details were not supplied by this intake.",390096,Hospital General Information,2026-07-02,2026-07-02,needs_review,"{""services"":{""field"":""services"",""status"":""source_backed"",""sourceUrl"":""https://data.cms.gov/provider-data/dataset/xubh-q36u"",""sourceTitle"":""CMS Hospital General Information"",""checkedDate"":""2026-07-02"",""sourceType"":""federal_open_data"",""locationSpecific"":true,""reviewerNote"":""Emergency services flag copied from the official CMS Hospital General Information row for this facility.""}}"
cms-390097,HOLY REDEEMER HOSPITAL AND MEDICAL CENTER,hospital,1648 HUNTINGDON PIKE,MEADOWBROOK,PA,MONTGOMERY,19046,40.108933524343,-75.081204039156,(215) 947-3000,Emergency services,CMS Hospital General Information,https://data.cms.gov/provider-data/dataset/xubh-q36u,2026-07-02,"Fields copied from the official CMS Hospital General Information CSV: facility name, address, city, state, ZIP code, county, phone, hospital type, ownership and emergency services flag. Hospital type: Acute Care Hospitals. Ownership: Voluntary non-profit - Church. Emergency services listed by CMS: Yes. Coordinates from the U.S. Census Bureau batch geocoder (Exact address match). CMS quality ratings and measures were intentionally not copied. Daily hours, prices and insurance details were not supplied by this intake.",390097,Hospital General Information,2026-07-02,2026-07-02,needs_review,"{""services"":{""field"":""services"",""status"":""source_backed"",""sourceUrl"":""https://data.cms.gov/provider-data/dataset/xubh-q36u"",""sourceTitle"":""CMS Hospital General Information"",""checkedDate"":""2026-07-02"",""sourceType"":""federal_open_data"",""locationSpecific"":true,""reviewerNote"":""Emergency services flag copied from the official CMS Hospital General Information row for this facility.""}}"
cms-39009f,PHILADELPHIA VA MEDICAL CENTER,hospital,3900 WOODLAND AVENUE,PHILADELPHIA,PA,PHILADELPHIA,19104,39.949684784205,-75.201453326307,(215) 823-5857,Emergency services,CMS Hospital General Information,https://data.cms.gov/provider-data/dataset/xubh-q36u,2026-07-02,"Fields copied from the official CMS Hospital General Information CSV: facility name, address, city, state, ZIP code, county, phone, hospital type, ownership and emergency services flag. Hospital type: Acute Care - Veterans Administration. Ownership: Veterans Health Administration. Emergency services listed by CMS: Yes. Coordinates from the U.S. Census Bureau batch geocoder (Exact address match). CMS quality ratings and measures were intentionally not copied. Daily hours, prices and insurance details were not supplied by this intake.",39009F,Hospital General Information,2026-07-02,2026-07-02,needs_review,"{""services"":{""field"":""services"",""status"":""source_backed"",""sourceUrl"":""https://data.cms.gov/provider-data/dataset/xubh-q36u"",""sourceTitle"":""CMS Hospital General Information"",""checkedDate"":""2026-07-02"",""sourceType"":""federal_open_data"",""locationSpecific"":true,""reviewerNote"":""Emergency services flag copied from the official CMS Hospital General Information row for this facility.""}}"
cms-390100,LANCASTER GENERAL HOSPITAL,hospital,555 NORTH DUKE STREET,LANCASTER,PA,LANCASTER,17602,40.04712170929,-76.305298062033,(717) 544-5511,Emergency services,CMS Hospital General Information,https://data.cms.gov/provider-data/dataset/xubh-q36u,2026-07-02,"Fields copied from the official CMS Hospital General Information CSV: facility name, address, city, state, ZIP code, county, phone, hospital type, ownership and emergency services flag. Hospital type: Acute Care Hospitals. Ownership: Voluntary non-profit - Private. Emergency services listed by CMS: Yes. Coordinates from the U.S. Census Bureau batch geocoder (Exact address match). CMS quality ratings and measures were intentionally not copied. Daily hours, prices and insurance details were not supplied by this intake.",390100,Hospital General Information,2026-07-02,2026-07-02,needs_review,"{""services"":{""field"":""services"",""status"":""source_backed"",""sourceUrl"":""https://data.cms.gov/provider-data/dataset/xubh-q36u"",""sourceTitle"":""CMS Hospital General Information"",""checkedDate"":""2026-07-02"",""sourceType"":""federal_open_data"",""locationSpecific"":true,""reviewerNote"":""Emergency services flag copied from the official CMS Hospital General Information row for this facility.""}}"
cms-390102,UPMC ST MARGARET,hospital,815 FREEPORT ROAD,PITTSBURGH,PA,ALLEGHENY,15215,40.487544154099,-79.896259620113,(412) 784-4000,Emergency services,CMS Hospital General Information,https://data.cms.gov/provider-data/dataset/xubh-q36u,2026-07-02,"Fields copied from the official CMS Hospital General Information CSV: facility name, address, city, state, ZIP code, county, phone, hospital type, ownership and emergency services flag. Hospital type: Acute Care Hospitals. Ownership: Voluntary non-profit - Private. Emergency services listed by CMS: Yes. Coordinates from the U.S. Census Bureau batch geocoder (Exact address match). CMS quality ratings and measures were intentionally not copied. Daily hours, prices and insurance details were not supplied by this intake.",390102,Hospital General Information,2026-07-02,2026-07-02,needs_review,"{""services"":{""field"":""services"",""status"":""source_backed"",""sourceUrl"":""https://data.cms.gov/provider-data/dataset/xubh-q36u"",""sourceTitle"":""CMS Hospital General Information"",""checkedDate"":""2026-07-02"",""sourceType"":""federal_open_data"",""locationSpecific"":true,""reviewerNote"":""Emergency services flag copied from the official CMS Hospital General Information row for this facility.""}}"
cms-390107,UPMC PASSAVANT,hospital,9100 BABCOCK BOULEVARD,PITTSBURGH,PA,ALLEGHENY,15237,40.57447987552,-80.016357076523,(412) 367-6700,Emergency services,CMS Hospital General Information,https://data.cms.gov/provider-data/dataset/xubh-q36u,2026-07-02,"Fields copied from the official CMS Hospital General Information CSV: facility name, address, city, state, ZIP code, county, phone, hospital type, ownership and emergency services flag. Hospital type: Acute Care Hospitals. Ownership: Voluntary non-profit - Private. Emergency services listed by CMS: Yes. Coordinates from the U.S. Census Bureau batch geocoder (Exact address match). CMS quality ratings and measures were intentionally not copied. Daily hours, prices and insurance details were not supplied by this intake.",390107,Hospital General Information,2026-07-02,2026-07-02,needs_review,"{""services"":{""field"":""services"",""status"":""source_backed"",""sourceUrl"":""https://data.cms.gov/provider-data/dataset/xubh-q36u"",""sourceTitle"":""CMS Hospital General Information"",""checkedDate"":""2026-07-02"",""sourceType"":""federal_open_data"",""locationSpecific"":true,""reviewerNote"":""Emergency services flag copied from the official CMS Hospital General Information row for this facility.""}}"
cms-390110,CONEMAUGH MEMORIAL MEDICAL CENTER,hospital,1086 FRANKLIN STREET,JOHNSTOWN,PA,CAMBRIA,15905,40.305886647864,-78.917391138438,(814) 534-9000,Emergency services,CMS Hospital General Information,https://data.cms.gov/provider-data/dataset/xubh-q36u,2026-07-02,"Fields copied from the official CMS Hospital General Information CSV: facility name, address, city, state, ZIP code, county, phone, hospital type, ownership and emergency services flag. Hospital type: Acute Care Hospitals. Ownership: Proprietary. Emergency services listed by CMS: Yes. Coordinates from the U.S. Census Bureau batch geocoder (Exact address match). CMS quality ratings and measures were intentionally not copied. Daily hours, prices and insurance details were not supplied by this intake.",390110,Hospital General Information,2026-07-02,2026-07-02,needs_review,"{""services"":{""field"":""services"",""status"":""source_backed"",""sourceUrl"":""https://data.cms.gov/provider-data/dataset/xubh-q36u"",""sourceTitle"":""CMS Hospital General Information"",""checkedDate"":""2026-07-02"",""sourceType"":""federal_open_data"",""locationSpecific"":true,""reviewerNote"":""Emergency services flag copied from the official CMS Hospital General Information row for this facility.""}}"
cms-390111,HOSPITAL OF UNIV OF PENNSYLVANIA,hospital,3400 SPRUCE ST,PHILADELPHIA,PA,PHILADELPHIA,19104,39.950395607951,-75.19267201407,(215) 662-6289,Emergency services,CMS Hospital General Information,https://data.cms.gov/provider-data/dataset/xubh-q36u,2026-07-02,"Fields copied from the official CMS Hospital General Information CSV: facility name, address, city, state, ZIP code, county, phone, hospital type, ownership and emergency services flag. Hospital type: Acute Care Hospitals. Ownership: Voluntary non-profit - Private. Emergency services listed by CMS: Yes. Coordinates from the U.S. Census Bureau batch geocoder (Exact address match). CMS quality ratings and measures were intentionally not copied. Daily hours, prices and insurance details were not supplied by this intake.",390111,Hospital General Information,2026-07-02,2026-07-02,needs_review,"{""services"":{""field"":""services"",""status"":""source_backed"",""sourceUrl"":""https://data.cms.gov/provider-data/dataset/xubh-q36u"",""sourceTitle"":""CMS Hospital General Information"",""checkedDate"":""2026-07-02"",""sourceType"":""federal_open_data"",""locationSpecific"":true,""reviewerNote"":""Emergency services flag copied from the official CMS Hospital General Information row for this facility.""}}"
cms-390113,MEADVILLE MEDICAL CENTER,hospital,751 LIBERTY STREET,MEADVILLE,PA,CRAWFORD,16335,41.641690859946,-80.146293182975,(814) 333-5000,Emergency services,CMS Hospital General Information,https://data.cms.gov/provider-data/dataset/xubh-q36u,2026-07-02,"Fields copied from the official CMS Hospital General Information CSV: facility name, address, city, state, ZIP code, county, phone, hospital type, ownership and emergency services flag. Hospital type: Acute Care Hospitals. Ownership: Voluntary non-profit - Private. Emergency services listed by CMS: Yes. Coordinates from the U.S. Census Bureau batch geocoder (Exact address match). CMS quality ratings and measures were intentionally not copied. Daily hours, prices and insurance details were not supplied by this intake.",390113,Hospital General Information,2026-07-02,2026-07-02,needs_review,"{""services"":{""field"":""services"",""status"":""source_backed"",""sourceUrl"":""https://data.cms.gov/provider-data/dataset/xubh-q36u"",""sourceTitle"":""CMS Hospital General Information"",""checkedDate"":""2026-07-02"",""sourceType"":""federal_open_data"",""locationSpecific"":true,""reviewerNote"":""Emergency services flag copied from the official CMS Hospital General Information row for this facility.""}}"
cms-390114,MAGEE WOMENS HOSPITAL OF UPMC HEALTH SYSTEM,hospital,300 HALKET STREET,PITTSBURGH,PA,ALLEGHENY,15213,40.437640816847,-79.960326268979,(412) 641-4010,Emergency services,CMS Hospital General Information,https://data.cms.gov/provider-data/dataset/xubh-q36u,2026-07-02,"Fields copied from the official CMS Hospital General Information CSV: facility name, address, city, state, ZIP code, county, phone, hospital type, ownership and emergency services flag. Hospital type: Acute Care Hospitals. Ownership: Voluntary non-profit - Other. Emergency services listed by CMS: Yes. Coordinates from the U.S. Census Bureau batch geocoder (Exact address match). CMS quality ratings and measures were intentionally not copied. Daily hours, prices and insurance details were not supplied by this intake.",390114,Hospital General Information,2026-07-02,2026-07-02,needs_review,"{""services"":{""field"":""services"",""status"":""source_backed"",""sourceUrl"":""https://data.cms.gov/provider-data/dataset/xubh-q36u"",""sourceTitle"":""CMS Hospital General Information"",""checkedDate"":""2026-07-02"",""sourceType"":""federal_open_data"",""locationSpecific"":true,""reviewerNote"":""Emergency services flag copied from the official CMS Hospital General Information row for this facility.""}}"
cms-390116,SUBURBAN COMMUNITY HOSPITAL,hospital,2701 DEKALB PIKE,NORRISTOWN,PA,MONTGOMERY,19401,40.13951852038,-75.314845542703,(610) 278-2000,Emergency services,CMS Hospital General Information,https://data.cms.gov/provider-data/dataset/xubh-q36u,2026-07-02,"Fields copied from the official CMS Hospital General Information CSV: facility name, address, city, state, ZIP code, county, phone, hospital type, ownership and emergency services flag. Hospital type: Acute Care Hospitals. Ownership: Voluntary non-profit - Private. Emergency services listed by CMS: Yes. Coordinates from the U.S. Census Bureau batch geocoder (Exact address match). CMS quality ratings and measures were intentionally not copied. Daily hours, prices and insurance details were not supplied by this intake.",390116,Hospital General Information,2026-07-02,2026-07-02,needs_review,"{""services"":{""field"":""services"",""status"":""source_backed"",""sourceUrl"":""https://data.cms.gov/provider-data/dataset/xubh-q36u"",""sourceTitle"":""CMS Hospital General Information"",""checkedDate"":""2026-07-02"",""sourceType"":""federal_open_data"",""locationSpecific"":true,""reviewerNote"":""Emergency services flag copied from the official CMS Hospital General Information row for this facility.""}}"
cms-390123,POTTSTOWN HOSPITAL,hospital,1600 EAST HIGH STREET,POTTSTOWN,PA,MONTGOMERY,19464,40.243956597839,-75.613517505413,(610) 327-7000,Emergency services,CMS Hospital General Information,https://data.cms.gov/provider-data/dataset/xubh-q36u,2026-07-02,"Fields copied from the official CMS Hospital General Information CSV: facility name, address, city, state, ZIP code, county, phone, hospital type, ownership and emergency services flag. Hospital type: Acute Care Hospitals. Ownership: Voluntary non-profit - Private. Emergency services listed by CMS: Yes. Coordinates from the U.S. Census Bureau batch geocoder (Exact address match). CMS quality ratings and measures were intentionally not copied. Daily hours, prices and insurance details were not supplied by this intake.",390123,Hospital General Information,2026-07-02,2026-07-02,needs_review,"{""services"":{""field"":""services"",""status"":""source_backed"",""sourceUrl"":""https://data.cms.gov/provider-data/dataset/xubh-q36u"",""sourceTitle"":""CMS Hospital General Information"",""checkedDate"":""2026-07-02"",""sourceType"":""federal_open_data"",""locationSpecific"":true,""reviewerNote"":""Emergency services flag copied from the official CMS Hospital General Information row for this facility.""}}"
cms-390125,WAYNE MEMORIAL HOSPITAL,hospital,601 PARK STREET,HONESDALE,PA,WAYNE,18431,41.576595230806,-75.259433650766,(570) 253-8100,Emergency services,CMS Hospital General Information,https://data.cms.gov/provider-data/dataset/xubh-q36u,2026-07-02,"Fields copied from the official CMS Hospital General Information CSV: facility name, address, city, state, ZIP code, county, phone, hospital type, ownership and emergency services flag. Hospital type: Acute Care Hospitals. Ownership: Voluntary non-profit - Private. Emergency services listed by CMS: Yes. Coordinates from the U.S. Census Bureau batch geocoder (Non_Exact address match). CMS quality ratings and measures were intentionally not copied. Daily hours, prices and insurance details were not supplied by this intake.",390125,Hospital General Information,2026-07-02,2026-07-02,needs_review,"{""services"":{""field"":""services"",""status"":""source_backed"",""sourceUrl"":""https://data.cms.gov/provider-data/dataset/xubh-q36u"",""sourceTitle"":""CMS Hospital General Information"",""checkedDate"":""2026-07-02"",""sourceType"":""federal_open_data"",""locationSpecific"":true,""reviewerNote"":""Emergency services flag copied from the official CMS Hospital General Information row for this facility.""}}"
cms-390127,PHOENIXVILLE HOSPITAL,hospital,140 NUTT ROAD,PHOENIXVILLE,PA,CHESTER,19460,40.123964601779,-75.513937272481,(610) 983-1000,Emergency services,CMS Hospital General Information,https://data.cms.gov/provider-data/dataset/xubh-q36u,2026-07-02,"Fields copied from the official CMS Hospital General Information CSV: facility name, address, city, state, ZIP code, county, phone, hospital type, ownership and emergency services flag. Hospital type: Acute Care Hospitals. Ownership: Voluntary non-profit - Private. Emergency services listed by CMS: Yes. Coordinates from the U.S. Census Bureau batch geocoder (Exact address match). CMS quality ratings and measures were intentionally not copied. Daily hours, prices and insurance details were not supplied by this intake.",390127,Hospital General Information,2026-07-02,2026-07-02,needs_review,"{""services"":{""field"":""services"",""status"":""source_backed"",""sourceUrl"":""https://data.cms.gov/provider-data/dataset/xubh-q36u"",""sourceTitle"":""CMS Hospital General Information"",""checkedDate"":""2026-07-02"",""sourceType"":""federal_open_data"",""locationSpecific"":true,""reviewerNote"":""Emergency services flag copied from the official CMS Hospital General Information row for this facility.""}}"
cms-390133,LEHIGH VALLEY HOSPITAL,hospital,1200 SOUTH CEDAR CREST BOULEVARD,ALLENTOWN,PA,LEHIGH,18103,40.567147550681,-75.518737274381,(610) 402-8000,Emergency services,CMS Hospital General Information,https://data.cms.gov/provider-data/dataset/xubh-q36u,2026-07-02,"Fields copied from the official CMS Hospital General Information CSV: facility name, address, city, state, ZIP code, county, phone, hospital type, ownership and emergency services flag. Hospital type: Acute Care Hospitals. Ownership: Voluntary non-profit - Private. Emergency services listed by CMS: Yes. Coordinates from the U.S. Census Bureau batch geocoder (Exact address match). CMS quality ratings and measures were intentionally not copied. Daily hours, prices and insurance details were not supplied by this intake.",390133,Hospital General Information,2026-07-02,2026-07-02,needs_review,"{""services"":{""field"":""services"",""status"":""source_backed"",""sourceUrl"":""https://data.cms.gov/provider-data/dataset/xubh-q36u"",""sourceTitle"":""CMS Hospital General Information"",""checkedDate"":""2026-07-02"",""sourceType"":""federal_open_data"",""locationSpecific"":true,""reviewerNote"":""Emergency services flag copied from the official CMS Hospital General Information row for this facility.""}}"
cms-390137,WILKES-BARRE GENERAL HOSPITAL,hospital,575 NORTH RIVER STREET,WILKES-BARRE,PA,LUZERNE,18764,41.257847256368,-75.868268907992,(570) 829-8111,Emergency services,CMS Hospital General Information,https://data.cms.gov/provider-data/dataset/xubh-q36u,2026-07-02,"Fields copied from the official CMS Hospital General Information CSV: facility name, address, city, state, ZIP code, county, phone, hospital type, ownership and emergency services flag. Hospital type: Acute Care Hospitals. Ownership: Proprietary. Emergency services listed by CMS: Yes. Coordinates from the U.S. Census Bureau batch geocoder (Non_Exact address match). CMS quality ratings and measures were intentionally not copied. Daily hours, prices and insurance details were not supplied by this intake.",390137,Hospital General Information,2026-07-02,2026-07-02,needs_review,"{""services"":{""field"":""services"",""status"":""source_backed"",""sourceUrl"":""https://data.cms.gov/provider-data/dataset/xubh-q36u"",""sourceTitle"":""CMS Hospital General Information"",""checkedDate"":""2026-07-02"",""sourceType"":""federal_open_data"",""locationSpecific"":true,""reviewerNote"":""Emergency services flag copied from the official CMS Hospital General Information row for this facility.""}}"
cms-390138,WELLSPAN WAYNESBORO HOSPITAL,hospital,501 EAST MAIN ST,WAYNESBORO,PA,FRANKLIN,17268,39.75160567785,-77.569763939426,(717) 765-4000,Emergency services,CMS Hospital General Information,https://data.cms.gov/provider-data/dataset/xubh-q36u,2026-07-02,"Fields copied from the official CMS Hospital General Information CSV: facility name, address, city, state, ZIP code, county, phone, hospital type, ownership and emergency services flag. Hospital type: Acute Care Hospitals. Ownership: Voluntary non-profit - Private. Emergency services listed by CMS: Yes. Coordinates from the U.S. Census Bureau batch geocoder (Exact address match). CMS quality ratings and measures were intentionally not copied. Daily hours, prices and insurance details were not supplied by this intake.",390138,Hospital General Information,2026-07-02,2026-07-02,needs_review,"{""services"":{""field"":""services"",""status"":""source_backed"",""sourceUrl"":""https://data.cms.gov/provider-data/dataset/xubh-q36u"",""sourceTitle"":""CMS Hospital General Information"",""checkedDate"":""2026-07-02"",""sourceType"":""federal_open_data"",""locationSpecific"":true,""reviewerNote"":""Emergency services flag copied from the official CMS Hospital General Information row for this facility.""}}"
cms-390139,BRYN MAWR HOSPITAL,hospital,130 SOUTH BRYN MAWR AVE,BRYN MAWR,PA,MONTGOMERY,19010,40.019065166951,-75.319957494902,(610) 526-3000,Emergency services,CMS Hospital General Information,https://data.cms.gov/provider-data/dataset/xubh-q36u,2026-07-02,"Fields copied from the official CMS Hospital General Information CSV: facility name, address, city, state, ZIP code, county, phone, hospital type, ownership and emergency services flag. Hospital type: Acute Care Hospitals. Ownership: Voluntary non-profit - Private. Emergency services listed by CMS: Yes. Coordinates from the U.S. Census Bureau batch geocoder (Exact address match). CMS quality ratings and measures were intentionally not copied. Daily hours, prices and insurance details were not supplied by this intake.",390139,Hospital General Information,2026-07-02,2026-07-02,needs_review,"{""services"":{""field"":""services"",""status"":""source_backed"",""sourceUrl"":""https://data.cms.gov/provider-data/dataset/xubh-q36u"",""sourceTitle"":""CMS Hospital General Information"",""checkedDate"":""2026-07-02"",""sourceType"":""federal_open_data"",""locationSpecific"":true,""reviewerNote"":""Emergency services flag copied from the official CMS Hospital General Information row for this facility.""}}"
cms-39013f,WILKES BARRE VA MEDICAL CENTER,hospital,1111 EAST END BOULEVARD,WILKES-BARRE,PA,LUZERNE,18711,41.249259316589,-75.836183736026,(570) 824-3521,Emergency services,CMS Hospital General Information,https://data.cms.gov/provider-data/dataset/xubh-q36u,2026-07-02,"Fields copied from the official CMS Hospital General Information CSV: facility name, address, city, state, ZIP code, county, phone, hospital type, ownership and emergency services flag. Hospital type: Acute Care - Veterans Administration. Ownership: Veterans Health Administration. Emergency services listed by CMS: Yes. Coordinates from the U.S. Census Bureau batch geocoder (Non_Exact address match). CMS quality ratings and measures were intentionally not copied. Daily hours, prices and insurance details were not supplied by this intake.",39013F,Hospital General Information,2026-07-02,2026-07-02,needs_review,"{""services"":{""field"":""services"",""status"":""source_backed"",""sourceUrl"":""https://data.cms.gov/provider-data/dataset/xubh-q36u"",""sourceTitle"":""CMS Hospital General Information"",""checkedDate"":""2026-07-02"",""sourceType"":""federal_open_data"",""locationSpecific"":true,""reviewerNote"":""Emergency services flag copied from the official CMS Hospital General Information row for this facility.""}}"
cms-390145,EXCELA HEALTH WESTMORELAND REGIONAL HOSPITAL,hospital,532 WEST PITTSBURGH STREET,GREENSBURG,PA,WESTMORELAND,15601,40.301120878657,-79.55510891771,(724) 832-4000,Emergency services,CMS Hospital General Information,https://data.cms.gov/provider-data/dataset/xubh-q36u,2026-07-02,"Fields copied from the official CMS Hospital General Information CSV: facility name, address, city, state, ZIP code, county, phone, hospital type, ownership and emergency services flag. Hospital type: Acute Care Hospitals. Ownership: Voluntary non-profit - Other. Emergency services listed by CMS: Yes. Coordinates from the U.S. Census Bureau batch geocoder (Exact address match). CMS quality ratings and measures were intentionally not copied. Daily hours, prices and insurance details were not supplied by this intake.",390145,Hospital General Information,2026-07-02,2026-07-02,needs_review,"{""services"":{""field"":""services"",""status"":""source_backed"",""sourceUrl"":""https://data.cms.gov/provider-data/dataset/xubh-q36u"",""sourceTitle"":""CMS Hospital General Information"",""checkedDate"":""2026-07-02"",""sourceType"":""federal_open_data"",""locationSpecific"":true,""reviewerNote"":""Emergency services flag copied from the official CMS Hospital General Information row for this facility.""}}"
cms-390146,WARREN GENERAL HOSPITAL,hospital,2 CRESCENT PARK WEST,WARREN,PA,WARREN,16365,41.842845926682,-79.156708234494,(814) 723-4973,Emergency services,CMS Hospital General Information,https://data.cms.gov/provider-data/dataset/xubh-q36u,2026-07-02,"Fields copied from the official CMS Hospital General Information CSV: facility name, address, city, state, ZIP code, county, phone, hospital type, ownership and emergency services flag. Hospital type: Acute Care Hospitals. Ownership: Voluntary non-profit - Private. Emergency services listed by CMS: Yes. Coordinates from the U.S. Census Bureau batch geocoder (Non_Exact address match). CMS quality ratings and measures were intentionally not copied. Daily hours, prices and insurance details were not supplied by this intake.",390146,Hospital General Information,2026-07-02,2026-07-02,needs_review,"{""services"":{""field"":""services"",""status"":""source_backed"",""sourceUrl"":""https://data.cms.gov/provider-data/dataset/xubh-q36u"",""sourceTitle"":""CMS Hospital General Information"",""checkedDate"":""2026-07-02"",""sourceType"":""federal_open_data"",""locationSpecific"":true,""reviewerNote"":""Emergency services flag copied from the official CMS Hospital General Information row for this facility.""}}"
cms-390147,PENN HIGHLANDS MON VALLEY,hospital,1163 COUNTRY CLUB ROAD,MONONGAHELA,PA,WASHINGTON,15063,40.181469946674,-79.916178286465,(724) 258-1000,Emergency services,CMS Hospital General Information,https://data.cms.gov/provider-data/dataset/xubh-q36u,2026-07-02,"Fields copied from the official CMS Hospital General Information CSV: facility name, address, city, state, ZIP code, county, phone, hospital type, ownership and emergency services flag. Hospital type: Acute Care Hospitals. Ownership: Voluntary non-profit - Private. Emergency services listed by CMS: Yes. Coordinates from the U.S. Census Bureau batch geocoder (Exact address match). CMS quality ratings and measures were intentionally not copied. Daily hours, prices and insurance details were not supplied by this intake.",390147,Hospital General Information,2026-07-02,2026-07-02,needs_review,"{""services"":{""field"":""services"",""status"":""source_backed"",""sourceUrl"":""https://data.cms.gov/provider-data/dataset/xubh-q36u"",""sourceTitle"":""CMS Hospital General Information"",""checkedDate"":""2026-07-02"",""sourceType"":""federal_open_data"",""locationSpecific"":true,""reviewerNote"":""Emergency services flag copied from the official CMS Hospital General Information row for this facility.""}}"
cms-390150,UPMC GREENE,hospital,350 BONAR AVENUE,WAYNESBURG,PA,GREENE,15370,39.90062783117,-80.17386234561,(724) 627-2602,Emergency services,CMS Hospital General Information,https://data.cms.gov/provider-data/dataset/xubh-q36u,2026-07-02,"Fields copied from the official CMS Hospital General Information CSV: facility name, address, city, state, ZIP code, county, phone, hospital type, ownership and emergency services flag. Hospital type: Acute Care Hospitals. Ownership: Voluntary non-profit - Private. Emergency services listed by CMS: Yes. Coordinates from the U.S. Census Bureau batch geocoder (Exact address match). CMS quality ratings and measures were intentionally not copied. Daily hours, prices and insurance details were not supplied by this intake.",390150,Hospital General Information,2026-07-02,2026-07-02,needs_review,"{""services"":{""field"":""services"",""status"":""source_backed"",""sourceUrl"":""https://data.cms.gov/provider-data/dataset/xubh-q36u"",""sourceTitle"":""CMS Hospital General Information"",""checkedDate"":""2026-07-02"",""sourceType"":""federal_open_data"",""locationSpecific"":true,""reviewerNote"":""Emergency services flag copied from the official CMS Hospital General Information row for this facility.""}}"
cms-390151,WELLSPAN CHAMBERSBURG HOSPITAL,hospital,112 NORTH SEVENTH STREET,CHAMBERSBURG,PA,FRANKLIN,17201,39.934695286428,-77.647471569046,(717) 267-3000,Emergency services,CMS Hospital General Information,https://data.cms.gov/provider-data/dataset/xubh-q36u,2026-07-02,"Fields copied from the official CMS Hospital General Information CSV: facility name, address, city, state, ZIP code, county, phone, hospital type, ownership and emergency services flag. Hospital type: Acute Care Hospitals. Ownership: Voluntary non-profit - Private. Emergency services listed by CMS: Yes. Coordinates from the U.S. Census Bureau batch geocoder (Exact address match). CMS quality ratings and measures were intentionally not copied. Daily hours, prices and insurance details were not supplied by this intake.",390151,Hospital General Information,2026-07-02,2026-07-02,needs_review,"{""services"":{""field"":""services"",""status"":""source_backed"",""sourceUrl"":""https://data.cms.gov/provider-data/dataset/xubh-q36u"",""sourceTitle"":""CMS Hospital General Information"",""checkedDate"":""2026-07-02"",""sourceType"":""federal_open_data"",""locationSpecific"":true,""reviewerNote"":""Emergency services flag copied from the official CMS Hospital General Information row for this facility.""}}"
cms-390153,PAOLI HOSPITAL,hospital,255 WEST LANCASTER AVENUE,PAOLI,PA,CHESTER,19301,40.0421093493,-75.499784316483,(610) 648-1000,Emergency services,CMS Hospital General Information,https://data.cms.gov/provider-data/dataset/xubh-q36u,2026-07-02,"Fields copied from the official CMS Hospital General Information CSV: facility name, address, city, state, ZIP code, county, phone, hospital type, ownership and emergency services flag. Hospital type: Acute Care Hospitals. Ownership: Voluntary non-profit - Private. Emergency services listed by CMS: Yes. Coordinates from the U.S. Census Bureau batch geocoder (Exact address match). CMS quality ratings and measures were intentionally not copied. Daily hours, prices and insurance details were not supplied by this intake.",390153,Hospital General Information,2026-07-02,2026-07-02,needs_review,"{""services"":{""field"":""services"",""status"":""source_backed"",""sourceUrl"":""https://data.cms.gov/provider-data/dataset/xubh-q36u"",""sourceTitle"":""CMS Hospital General Information"",""checkedDate"":""2026-07-02"",""sourceType"":""federal_open_data"",""locationSpecific"":true,""reviewerNote"":""Emergency services flag copied from the official CMS Hospital General Information row for this facility.""}}"
cms-390156,MERCY CATHOLIC MEDICAL CENTER- MERCY FITZGERALD,hospital,1500 LANSDOWNE  AVE,DARBY,PA,DELAWARE,19023,39.926535264629,-75.268070087463,(215) 237-4000,Emergency services,CMS Hospital General Information,https://data.cms.gov/provider-data/dataset/xubh-q36u,2026-07-02,"Fields copied from the official CMS Hospital General Information CSV: facility name, address, city, state, ZIP code, county, phone, hospital type, ownership and emergency services flag. Hospital type: Acute Care Hospitals. Ownership: Voluntary non-profit - Private. Emergency services listed by CMS: Yes. Coordinates from the U.S. Census Bureau batch geocoder (Exact address match). CMS quality ratings and measures were intentionally not copied. Daily hours, prices and insurance details were not supplied by this intake.",390156,Hospital General Information,2026-07-02,2026-07-02,needs_review,"{""services"":{""field"":""services"",""status"":""source_backed"",""sourceUrl"":""https://data.cms.gov/provider-data/dataset/xubh-q36u"",""sourceTitle"":""CMS Hospital General Information"",""checkedDate"":""2026-07-02"",""sourceType"":""federal_open_data"",""locationSpecific"":true,""reviewerNote"":""Emergency services flag copied from the official CMS Hospital General Information row for this facility.""}}"
cms-390160,CANONSBURG GENERAL HOSPITAL,hospital,100 MEDICAL BOULEVARD,CANONSBURG,PA,WASHINGTON,15317,40.248793047754,-80.190046459663,(724) 745-6100,Emergency services,CMS Hospital General Information,https://data.cms.gov/provider-data/dataset/xubh-q36u,2026-07-02,"Fields copied from the official CMS Hospital General Information CSV: facility name, address, city, state, ZIP code, county, phone, hospital type, ownership and emergency services flag. Hospital type: Acute Care Hospitals. Ownership: Voluntary non-profit - Private. Emergency services listed by CMS: Yes. Coordinates from the U.S. Census Bureau batch geocoder (Exact address match). CMS quality ratings and measures were intentionally not copied. Daily hours, prices and insurance details were not supplied by this intake.",390160,Hospital General Information,2026-07-02,2026-07-02,needs_review,"{""services"":{""field"":""services"",""status"":""source_backed"",""sourceUrl"":""https://data.cms.gov/provider-data/dataset/xubh-q36u"",""sourceTitle"":""CMS Hospital General Information"",""checkedDate"":""2026-07-02"",""sourceType"":""federal_open_data"",""locationSpecific"":true,""reviewerNote"":""Emergency services flag copied from the official CMS Hospital General Information row for this facility.""}}"
cms-390162,ST LUKE'S HOSPITAL - EASTON CAMPUS,hospital,250 SOUTH 21ST STREET,EASTON,PA,NORTHAMPTON,18042,40.685931302401,-75.242737169817,(610) 250-4076,Emergency services,CMS Hospital General Information,https://data.cms.gov/provider-data/dataset/xubh-q36u,2026-07-02,"Fields copied from the official CMS Hospital General Information CSV: facility name, address, city, state, ZIP code, county, phone, hospital type, ownership and emergency services flag. Hospital type: Acute Care Hospitals. Ownership: Voluntary non-profit - Private. Emergency services listed by CMS: Yes. Coordinates from the U.S. Census Bureau batch geocoder (Exact address match). CMS quality ratings and measures were intentionally not copied. Daily hours, prices and insurance details were not supplied by this intake.",390162,Hospital General Information,2026-07-02,2026-07-02,needs_review,"{""services"":{""field"":""services"",""status"":""source_backed"",""sourceUrl"":""https://data.cms.gov/provider-data/dataset/xubh-q36u"",""sourceTitle"":""CMS Hospital General Information"",""checkedDate"":""2026-07-02"",""sourceType"":""federal_open_data"",""locationSpecific"":true,""reviewerNote"":""Emergency services flag copied from the official CMS Hospital General Information row for this facility.""}}"
cms-390163,ACMH HOSPITAL,hospital,ONE NOLTE DRIVE,KITTANNING,PA,ARMSTRONG,16201,40.811032193294,-79.562521041367,(724) 543-8500,Emergency services,CMS Hospital General Information,https://data.cms.gov/provider-data/dataset/xubh-q36u,2026-07-02,"Fields copied from the official CMS Hospital General Information CSV: facility name, address, city, state, ZIP code, county, phone, hospital type, ownership and emergency services flag. Hospital type: Acute Care Hospitals. Ownership: Voluntary non-profit - Private. Emergency services listed by CMS: Yes. Coordinates from the U.S. Census Bureau batch geocoder (Exact address match). CMS quality ratings and measures were intentionally not copied. Daily hours, prices and insurance details were not supplied by this intake.",390163,Hospital General Information,2026-07-02,2026-07-02,needs_review,"{""services"":{""field"":""services"",""status"":""source_backed"",""sourceUrl"":""https://data.cms.gov/provider-data/dataset/xubh-q36u"",""sourceTitle"":""CMS Hospital General Information"",""checkedDate"":""2026-07-02"",""sourceType"":""federal_open_data"",""locationSpecific"":true,""reviewerNote"":""Emergency services flag copied from the official CMS Hospital General Information row for this facility.""}}"
cms-390164,UPMC PRESBYTERIAN SHADYSIDE,hospital,200 LOTHROP STREET,PITTSBURGH,PA,ALLEGHENY,15213,40.441895700706,-79.960750094731,(412) 647-2345,Emergency services,CMS Hospital General Information,https://data.cms.gov/provider-data/dataset/xubh-q36u,2026-07-02,"Fields copied from the official CMS Hospital General Information CSV: facility name, address, city, state, ZIP code, county, phone, hospital type, ownership and emergency services flag. Hospital type: Acute Care Hospitals. Ownership: Voluntary non-profit - Private. Emergency services listed by CMS: Yes. Coordinates from the U.S. Census Bureau batch geocoder (Exact address match). CMS quality ratings and measures were intentionally not copied. Daily hours, prices and insurance details were not supplied by this intake.",390164,Hospital General Information,2026-07-02,2026-07-02,needs_review,"{""services"":{""field"":""services"",""status"":""source_backed"",""sourceUrl"":""https://data.cms.gov/provider-data/dataset/xubh-q36u"",""sourceTitle"":""CMS Hospital General Information"",""checkedDate"":""2026-07-02"",""sourceType"":""federal_open_data"",""locationSpecific"":true,""reviewerNote"":""Emergency services flag copied from the official CMS Hospital General Information row for this facility.""}}"
cms-390173,INDIANA REGIONAL MEDICAL CENTER,hospital,835 HOSPITAL ROAD,INDIANA,PA,INDIANA,15701,40.608084757191,-79.158899209906,(724) 357-7000,Emergency services,CMS Hospital General Information,https://data.cms.gov/provider-data/dataset/xubh-q36u,2026-07-02,"Fields copied from the official CMS Hospital General Information CSV: facility name, address, city, state, ZIP code, county, phone, hospital type, ownership and emergency services flag. Hospital type: Acute Care Hospitals. Ownership: Voluntary non-profit - Private. Emergency services listed by CMS: Yes. Coordinates from the U.S. Census Bureau batch geocoder (Exact address match). CMS quality ratings and measures were intentionally not copied. Daily hours, prices and insurance details were not supplied by this intake.",390173,Hospital General Information,2026-07-02,2026-07-02,needs_review,"{""services"":{""field"":""services"",""status"":""source_backed"",""sourceUrl"":""https://data.cms.gov/provider-data/dataset/xubh-q36u"",""sourceTitle"":""CMS Hospital General Information"",""checkedDate"":""2026-07-02"",""sourceType"":""federal_open_data"",""locationSpecific"":true,""reviewerNote"":""Emergency services flag copied from the official CMS Hospital General Information row for this facility.""}}"
cms-390174,THOMAS JEFFERSON UNIVERSITY HOSPITAL,hospital,111 SOUTH 11TH STREET,PHILADELPHIA,PA,PHILADELPHIA,19107,39.949674609229,-75.158673630059,(215) 955-6000,Emergency services,CMS Hospital General Information,https://data.cms.gov/provider-data/dataset/xubh-q36u,2026-07-02,"Fields copied from the official CMS Hospital General Information CSV: facility name, address, city, state, ZIP code, county, phone, hospital type, ownership and emergency services flag. Hospital type: Acute Care Hospitals. Ownership: Voluntary non-profit - Private. Emergency services listed by CMS: Yes. Coordinates from the U.S. Census Bureau batch geocoder (Exact address match). CMS quality ratings and measures were intentionally not copied. Daily hours, prices and insurance details were not supplied by this intake.",390174,Hospital General Information,2026-07-02,2026-07-02,needs_review,"{""services"":{""field"":""services"",""status"":""source_backed"",""sourceUrl"":""https://data.cms.gov/provider-data/dataset/xubh-q36u"",""sourceTitle"":""CMS Hospital General Information"",""checkedDate"":""2026-07-02"",""sourceType"":""federal_open_data"",""locationSpecific"":true,""reviewerNote"":""Emergency services flag copied from the official CMS Hospital General Information row for this facility.""}}"
cms-390178,UPMC HORIZON,hospital,110 NORTH MAIN STREET,GREENVILLE,PA,MERCER,16125,41.411157087502,-80.372424462306,(724) 588-2100,Emergency services,CMS Hospital General Information,https://data.cms.gov/provider-data/dataset/xubh-q36u,2026-07-02,"Fields copied from the official CMS Hospital General Information CSV: facility name, address, city, state, ZIP code, county, phone, hospital type, ownership and emergency services flag. Hospital type: Acute Care Hospitals. Ownership: Voluntary non-profit - Private. Emergency services listed by CMS: Yes. Coordinates from the U.S. Census Bureau batch geocoder (Exact address match). CMS quality ratings and measures were intentionally not copied. Daily hours, prices and insurance details were not supplied by this intake.",390178,Hospital General Information,2026-07-02,2026-07-02,needs_review,"{""services"":{""field"":""services"",""status"":""source_backed"",""sourceUrl"":""https://data.cms.gov/provider-data/dataset/xubh-q36u"",""sourceTitle"":""CMS Hospital General Information"",""checkedDate"":""2026-07-02"",""sourceType"":""federal_open_data"",""locationSpecific"":true,""reviewerNote"":""Emergency services flag copied from the official CMS Hospital General Information row for this facility.""}}"
cms-390179,CHESTER COUNTY HOSPITAL,hospital,701 EAST MARSHALL STREET,WEST CHESTER,PA,CHESTER,19380,39.970484520793,-75.601359537005,(610) 431-5000,Emergency services,CMS Hospital General Information,https://data.cms.gov/provider-data/dataset/xubh-q36u,2026-07-02,"Fields copied from the official CMS Hospital General Information CSV: facility name, address, city, state, ZIP code, county, phone, hospital type, ownership and emergency services flag. Hospital type: Acute Care Hospitals. Ownership: Voluntary non-profit - Private. Emergency services listed by CMS: Yes. Coordinates from the U.S. Census Bureau batch geocoder (Exact address match). CMS quality ratings and measures were intentionally not copied. Daily hours, prices and insurance details were not supplied by this intake.",390179,Hospital General Information,2026-07-02,2026-07-02,needs_review,"{""services"":{""field"":""services"",""status"":""source_backed"",""sourceUrl"":""https://data.cms.gov/provider-data/dataset/xubh-q36u"",""sourceTitle"":""CMS Hospital General Information"",""checkedDate"":""2026-07-02"",""sourceType"":""federal_open_data"",""locationSpecific"":true,""reviewerNote"":""Emergency services flag copied from the official CMS Hospital General Information row for this facility.""}}"
cms-390180,CROZER CHESTER MEDICAL CENTER,hospital,ONE MEDICAL CENTER BOULEVARD,UPLAND,PA,DELAWARE,19013,39.857179785973,-75.366533563489,(610) 447-2000,Emergency services,CMS Hospital General Information,https://data.cms.gov/provider-data/dataset/xubh-q36u,2026-07-02,"Fields copied from the official CMS Hospital General Information CSV: facility name, address, city, state, ZIP code, county, phone, hospital type, ownership and emergency services flag. Hospital type: Acute Care Hospitals. Ownership: Voluntary non-profit - Other. Emergency services listed by CMS: Yes. Coordinates from the U.S. Census Bureau batch geocoder (Non_Exact address match). CMS quality ratings and measures were intentionally not copied. Daily hours, prices and insurance details were not supplied by this intake.",390180,Hospital General Information,2026-07-02,2026-07-02,needs_review,"{""services"":{""field"":""services"",""status"":""source_backed"",""sourceUrl"":""https://data.cms.gov/provider-data/dataset/xubh-q36u"",""sourceTitle"":""CMS Hospital General Information"",""checkedDate"":""2026-07-02"",""sourceType"":""federal_open_data"",""locationSpecific"":true,""reviewerNote"":""Emergency services flag copied from the official CMS Hospital General Information row for this facility.""}}"
cms-390184,PENN HIGHLANDS CONNELLSVILLE,hospital,401 EAST MURPHY AVENUE,CONNELLSVILLE,PA,FAYETTE,15425,40.023126495821,-79.587291872308,(724) 628-1500,Emergency services,CMS Hospital General Information,https://data.cms.gov/provider-data/dataset/xubh-q36u,2026-07-02,"Fields copied from the official CMS Hospital General Information CSV: facility name, address, city, state, ZIP code, county, phone, hospital type, ownership and emergency services flag. Hospital type: Acute Care Hospitals. Ownership: Voluntary non-profit - Private. Emergency services listed by CMS: Yes. Coordinates from the U.S. Census Bureau batch geocoder (Exact address match). CMS quality ratings and measures were intentionally not copied. Daily hours, prices and insurance details were not supplied by this intake.",390184,Hospital General Information,2026-07-02,2026-07-02,needs_review,"{""services"":{""field"":""services"",""status"":""source_backed"",""sourceUrl"":""https://data.cms.gov/provider-data/dataset/xubh-q36u"",""sourceTitle"":""CMS Hospital General Information"",""checkedDate"":""2026-07-02"",""sourceType"":""federal_open_data"",""locationSpecific"":true,""reviewerNote"":""Emergency services flag copied from the official CMS Hospital General Information row for this facility.""}}"
cms-390185,LEHIGH VALLEY HOSPITAL - HAZLETON,hospital,700 EAST BROAD STREET,HAZLETON,PA,LUZERNE,18201,40.950109741328,-75.963001364686,(570) 501-4000,Emergency services,CMS Hospital General Information,https://data.cms.gov/provider-data/dataset/xubh-q36u,2026-07-02,"Fields copied from the official CMS Hospital General Information CSV: facility name, address, city, state, ZIP code, county, phone, hospital type, ownership and emergency services flag. Hospital type: Acute Care Hospitals. Ownership: Voluntary non-profit - Other. Emergency services listed by CMS: Yes. Coordinates from the U.S. Census Bureau batch geocoder (Exact address match). CMS quality ratings and measures were intentionally not copied. Daily hours, prices and insurance details were not supplied by this intake.",390185,Hospital General Information,2026-07-02,2026-07-02,needs_review,"{""services"":{""field"":""services"",""status"":""source_backed"",""sourceUrl"":""https://data.cms.gov/provider-data/dataset/xubh-q36u"",""sourceTitle"":""CMS Hospital General Information"",""checkedDate"":""2026-07-02"",""sourceType"":""federal_open_data"",""locationSpecific"":true,""reviewerNote"":""Emergency services flag copied from the official CMS Hospital General Information row for this facility.""}}"
cms-390195,MAIN LINE HOSPITAL LANKENAU,hospital,100 LANCASTER AVE,WYNNEWOOD,PA,MONTGOMERY,19096,39.990264210987,-75.258041545246,(610) 645-2000,Emergency services,CMS Hospital General Information,https://data.cms.gov/provider-data/dataset/xubh-q36u,2026-07-02,"Fields copied from the official CMS Hospital General Information CSV: facility name, address, city, state, ZIP code, county, phone, hospital type, ownership and emergency services flag. Hospital type: Acute Care Hospitals. Ownership: Voluntary non-profit - Private. Emergency services listed by CMS: Yes. Coordinates from the U.S. Census Bureau batch geocoder (Non_Exact address match). CMS quality ratings and measures were intentionally not copied. Daily hours, prices and insurance details were not supplied by this intake.",390195,Hospital General Information,2026-07-02,2026-07-02,needs_review,"{""services"":{""field"":""services"",""status"":""source_backed"",""sourceUrl"":""https://data.cms.gov/provider-data/dataset/xubh-q36u"",""sourceTitle"":""CMS Hospital General Information"",""checkedDate"":""2026-07-02"",""sourceType"":""federal_open_data"",""locationSpecific"":true,""reviewerNote"":""Emergency services flag copied from the official CMS Hospital General Information row for this facility.""}}"
cms-390198,LECOM MEDICAL CENTER AND BEHAVIORAL HEALTH PAV,hospital,5515 PEACH STREET,ERIE,PA,ERIE,16509,42.073509257912,-80.093532646893,(814) 864-4031,Emergency services,CMS Hospital General Information,https://data.cms.gov/provider-data/dataset/xubh-q36u,2026-07-02,"Fields copied from the official CMS Hospital General Information CSV: facility name, address, city, state, ZIP code, county, phone, hospital type, ownership and emergency services flag. Hospital type: Acute Care Hospitals. Ownership: Voluntary non-profit - Private. Emergency services listed by CMS: Yes. Coordinates from the U.S. Census Bureau batch geocoder (Exact address match). CMS quality ratings and measures were intentionally not copied. Daily hours, prices and insurance details were not supplied by this intake.",390198,Hospital General Information,2026-07-02,2026-07-02,needs_review,"{""services"":{""field"":""services"",""status"":""source_backed"",""sourceUrl"":""https://data.cms.gov/provider-data/dataset/xubh-q36u"",""sourceTitle"":""CMS Hospital General Information"",""checkedDate"":""2026-07-02"",""sourceType"":""federal_open_data"",""locationSpecific"":true,""reviewerNote"":""Emergency services flag copied from the official CMS Hospital General Information row for this facility.""}}"
cms-390199,PUNXSUTAWNEY AREA HOSPITAL,hospital,81 HILLCREST DRIVE,PUNXSUTAWNEY,PA,JEFFERSON,15767,40.960236067533,-78.999978895771,(814) 938-1800,Emergency services,CMS Hospital General Information,https://data.cms.gov/provider-data/dataset/xubh-q36u,2026-07-02,"Fields copied from the official CMS Hospital General Information CSV: facility name, address, city, state, ZIP code, county, phone, hospital type, ownership and emergency services flag. Hospital type: Acute Care Hospitals. Ownership: Voluntary non-profit - Private. Emergency services listed by CMS: Yes. Coordinates from the U.S. Census Bureau batch geocoder (Exact address match). CMS quality ratings and measures were intentionally not copied. Daily hours, prices and insurance details were not supplied by this intake.",390199,Hospital General Information,2026-07-02,2026-07-02,needs_review,"{""services"":{""field"":""services"",""status"":""source_backed"",""sourceUrl"":""https://data.cms.gov/provider-data/dataset/xubh-q36u"",""sourceTitle"":""CMS Hospital General Information"",""checkedDate"":""2026-07-02"",""sourceType"":""federal_open_data"",""locationSpecific"":true,""reviewerNote"":""Emergency services flag copied from the official CMS Hospital General Information row for this facility.""}}"
cms-390201,LEHIGH VALLEY HOSPITAL - POCONO,hospital,206 EAST BROWN STREET,EAST STROUDSBURG,PA,MONROE,18301,40.992265174614,-75.174743171329,(570) 421-4000,Emergency services,CMS Hospital General Information,https://data.cms.gov/provider-data/dataset/xubh-q36u,2026-07-02,"Fields copied from the official CMS Hospital General Information CSV: facility name, address, city, state, ZIP code, county, phone, hospital type, ownership and emergency services flag. Hospital type: Acute Care Hospitals. Ownership: Voluntary non-profit - Private. Emergency services listed by CMS: Yes. Coordinates from the U.S. Census Bureau batch geocoder (Exact address match). CMS quality ratings and measures were intentionally not copied. Daily hours, prices and insurance details were not supplied by this intake.",390201,Hospital General Information,2026-07-02,2026-07-02,needs_review,"{""services"":{""field"":""services"",""status"":""source_backed"",""sourceUrl"":""https://data.cms.gov/provider-data/dataset/xubh-q36u"",""sourceTitle"":""CMS Hospital General Information"",""checkedDate"":""2026-07-02"",""sourceType"":""federal_open_data"",""locationSpecific"":true,""reviewerNote"":""Emergency services flag copied from the official CMS Hospital General Information row for this facility.""}}"
cms-390203,DOYLESTOWN HOSPITAL,hospital,595 WEST STATE ST,DOYLESTOWN,PA,BUCKS,18901,40.304618256476,-75.143822021017,(215) 345-2200,Emergency services,CMS Hospital General Information,https://data.cms.gov/provider-data/dataset/xubh-q36u,2026-07-02,"Fields copied from the official CMS Hospital General Information CSV: facility name, address, city, state, ZIP code, county, phone, hospital type, ownership and emergency services flag. Hospital type: Acute Care Hospitals. Ownership: Voluntary non-profit - Private. Emergency services listed by CMS: Yes. Coordinates from the U.S. Census Bureau batch geocoder (Exact address match). CMS quality ratings and measures were intentionally not copied. Daily hours, prices and insurance details were not supplied by this intake.",390203,Hospital General Information,2026-07-02,2026-07-02,needs_review,"{""services"":{""field"":""services"",""status"":""source_backed"",""sourceUrl"":""https://data.cms.gov/provider-data/dataset/xubh-q36u"",""sourceTitle"":""CMS Hospital General Information"",""checkedDate"":""2026-07-02"",""sourceType"":""federal_open_data"",""locationSpecific"":true,""reviewerNote"":""Emergency services flag copied from the official CMS Hospital General Information row for this facility.""}}"
cms-390204,NAZARETH HOSPITAL,hospital,2601 HOLME AVE,PHILADELPHIA,PA,PHILADELPHIA,19152,40.058339003082,-75.042753286805,(215) 335-6000,Emergency services,CMS Hospital General Information,https://data.cms.gov/provider-data/dataset/xubh-q36u,2026-07-02,"Fields copied from the official CMS Hospital General Information CSV: facility name, address, city, state, ZIP code, county, phone, hospital type, ownership and emergency services flag. Hospital type: Acute Care Hospitals. Ownership: Voluntary non-profit - Private. Emergency services listed by CMS: Yes. Coordinates from the U.S. Census Bureau batch geocoder (Exact address match). CMS quality ratings and measures were intentionally not copied. Daily hours, prices and insurance details were not supplied by this intake.",390204,Hospital General Information,2026-07-02,2026-07-02,needs_review,"{""services"":{""field"":""services"",""status"":""source_backed"",""sourceUrl"":""https://data.cms.gov/provider-data/dataset/xubh-q36u"",""sourceTitle"":""CMS Hospital General Information"",""checkedDate"":""2026-07-02"",""sourceType"":""federal_open_data"",""locationSpecific"":true,""reviewerNote"":""Emergency services flag copied from the official CMS Hospital General Information row for this facility.""}}"
cms-390211,SHARON REGIONAL MEDICAL CENTER,hospital,740 EAST STATE STREET,SHARON,PA,MERCER,16146,41.232951910994,-80.496027692781,(724) 983-3911,Emergency services,CMS Hospital General Information,https://data.cms.gov/provider-data/dataset/xubh-q36u,2026-07-02,"Fields copied from the official CMS Hospital General Information CSV: facility name, address, city, state, ZIP code, county, phone, hospital type, ownership and emergency services flag. Hospital type: Acute Care Hospitals. Ownership: Proprietary. Emergency services listed by CMS: Yes. Coordinates from the U.S. Census Bureau batch geocoder (Exact address match). CMS quality ratings and measures were intentionally not copied. Daily hours, prices and insurance details were not supplied by this intake.",390211,Hospital General Information,2026-07-02,2026-07-02,needs_review,"{""services"":{""field"":""services"",""status"":""source_backed"",""sourceUrl"":""https://data.cms.gov/provider-data/dataset/xubh-q36u"",""sourceTitle"":""CMS Hospital General Information"",""checkedDate"":""2026-07-02"",""sourceType"":""federal_open_data"",""locationSpecific"":true,""reviewerNote"":""Emergency services flag copied from the official CMS Hospital General Information row for this facility.""}}"
cms-390217,EXCELA HEALTH - FRICK HOSPITAL,hospital,508 SOUTH CHURCH STREET,MOUNT PLEASANT,PA,WESTMORELAND,15666,40.14581869042,-79.548027909222,(724) 547-1500,Emergency services,CMS Hospital General Information,https://data.cms.gov/provider-data/dataset/xubh-q36u,2026-07-02,"Fields copied from the official CMS Hospital General Information CSV: facility name, address, city, state, ZIP code, county, phone, hospital type, ownership and emergency services flag. Hospital type: Acute Care Hospitals. Ownership: Voluntary non-profit - Other. Emergency services listed by CMS: Yes. Coordinates from the U.S. Census Bureau batch geocoder (Exact address match). CMS quality ratings and measures were intentionally not copied. Daily hours, prices and insurance details were not supplied by this intake.",390217,Hospital General Information,2026-07-02,2026-07-02,needs_review,"{""services"":{""field"":""services"",""status"":""source_backed"",""sourceUrl"":""https://data.cms.gov/provider-data/dataset/xubh-q36u"",""sourceTitle"":""CMS Hospital General Information"",""checkedDate"":""2026-07-02"",""sourceType"":""federal_open_data"",""locationSpecific"":true,""reviewerNote"":""Emergency services flag copied from the official CMS Hospital General Information row for this facility.""}}"
cms-390222,RIDDLE MEMORIAL HOSPITAL,hospital,1068 WEST BALTIMORE PIKE,MEDIA,PA,DELAWARE,19063,39.914232042412,-75.43019173232,(610) 566-9400,Emergency services,CMS Hospital General Information,https://data.cms.gov/provider-data/dataset/xubh-q36u,2026-07-02,"Fields copied from the official CMS Hospital General Information CSV: facility name, address, city, state, ZIP code, county, phone, hospital type, ownership and emergency services flag. Hospital type: Acute Care Hospitals. Ownership: Voluntary non-profit - Private. Emergency services listed by CMS: Yes. Coordinates from the U.S. Census Bureau batch geocoder (Non_Exact address match). CMS quality ratings and measures were intentionally not copied. Daily hours, prices and insurance details were not supplied by this intake.",390222,Hospital General Information,2026-07-02,2026-07-02,needs_review,"{""services"":{""field"":""services"",""status"":""source_backed"",""sourceUrl"":""https://data.cms.gov/provider-data/dataset/xubh-q36u"",""sourceTitle"":""CMS Hospital General Information"",""checkedDate"":""2026-07-02"",""sourceType"":""federal_open_data"",""locationSpecific"":true,""reviewerNote"":""Emergency services flag copied from the official CMS Hospital General Information row for this facility.""}}"
cms-390223,PENN PRESBYTERIAN MEDICAL CENTER,hospital,51 NORTH 39TH STREET,PHILADELPHIA,PA,PHILADELPHIA,19104,39.957216653887,-75.19947039462,(215) 662-8000,Emergency services,CMS Hospital General Information,https://data.cms.gov/provider-data/dataset/xubh-q36u,2026-07-02,"Fields copied from the official CMS Hospital General Information CSV: facility name, address, city, state, ZIP code, county, phone, hospital type, ownership and emergency services flag. Hospital type: Acute Care Hospitals. Ownership: Voluntary non-profit - Other. Emergency services listed by CMS: Yes. Coordinates from the U.S. Census Bureau batch geocoder (Exact address match). CMS quality ratings and measures were intentionally not copied. Daily hours, prices and insurance details were not supplied by this intake.",390223,Hospital General Information,2026-07-02,2026-07-02,needs_review,"{""services"":{""field"":""services"",""status"":""source_backed"",""sourceUrl"":""https://data.cms.gov/provider-data/dataset/xubh-q36u"",""sourceTitle"":""CMS Hospital General Information"",""checkedDate"":""2026-07-02"",""sourceType"":""federal_open_data"",""locationSpecific"":true,""reviewerNote"":""Emergency services flag copied from the official CMS Hospital General Information row for this facility.""}}"
cms-390225,WELLSPAN EPHRATA COMMUNITY HOSPITAL,hospital,169 MARTIN AVENUE,EPHRATA,PA,LANCASTER,17522,40.186493627242,-76.184040440149,(717) 733-0311,Emergency services,CMS Hospital General Information,https://data.cms.gov/provider-data/dataset/xubh-q36u,2026-07-02,"Fields copied from the official CMS Hospital General Information CSV: facility name, address, city, state, ZIP code, county, phone, hospital type, ownership and emergency services flag. Hospital type: Acute Care Hospitals. Ownership: Voluntary non-profit - Other. Emergency services listed by CMS: Yes. Coordinates from the U.S. Census Bureau batch geocoder (Exact address match). CMS quality ratings and measures were intentionally not copied. Daily hours, prices and insurance details were not supplied by this intake.",390225,Hospital General Information,2026-07-02,2026-07-02,needs_review,"{""services"":{""field"":""services"",""status"":""source_backed"",""sourceUrl"":""https://data.cms.gov/provider-data/dataset/xubh-q36u"",""sourceTitle"":""CMS Hospital General Information"",""checkedDate"":""2026-07-02"",""sourceType"":""federal_open_data"",""locationSpecific"":true,""reviewerNote"":""Emergency services flag copied from the official CMS Hospital General Information row for this facility.""}}"
cms-390226,PENNSYLVANIA HOSPITAL,hospital,800 SPRUCE STREET,PHILADELPHIA,PA,PHILADELPHIA,19107,39.945680181785,-75.154845554289,(215) 829-3000,Emergency services,CMS Hospital General Information,https://data.cms.gov/provider-data/dataset/xubh-q36u,2026-07-02,"Fields copied from the official CMS Hospital General Information CSV: facility name, address, city, state, ZIP code, county, phone, hospital type, ownership and emergency services flag. Hospital type: Acute Care Hospitals. Ownership: Voluntary non-profit - Private. Emergency services listed by CMS: Yes. Coordinates from the U.S. Census Bureau batch geocoder (Exact address match). CMS quality ratings and measures were intentionally not copied. Daily hours, prices and insurance details were not supplied by this intake.",390226,Hospital General Information,2026-07-02,2026-07-02,needs_review,"{""services"":{""field"":""services"",""status"":""source_backed"",""sourceUrl"":""https://data.cms.gov/provider-data/dataset/xubh-q36u"",""sourceTitle"":""CMS Hospital General Information"",""checkedDate"":""2026-07-02"",""sourceType"":""federal_open_data"",""locationSpecific"":true,""reviewerNote"":""Emergency services flag copied from the official CMS Hospital General Information row for this facility.""}}"
cms-390228,ST CLAIR HOSPITAL,hospital,1000 BOWER HILL ROAD,PITTSBURGH,PA,ALLEGHENY,15243,40.378035129728,-80.065128032385,(412) 942-4000,Emergency services,CMS Hospital General Information,https://data.cms.gov/provider-data/dataset/xubh-q36u,2026-07-02,"Fields copied from the official CMS Hospital General Information CSV: facility name, address, city, state, ZIP code, county, phone, hospital type, ownership and emergency services flag. Hospital type: Acute Care Hospitals. Ownership: Voluntary non-profit - Private. Emergency services listed by CMS: Yes. Coordinates from the U.S. Census Bureau batch geocoder (Exact address match). CMS quality ratings and measures were intentionally not copied. Daily hours, prices and insurance details were not supplied by this intake.",390228,Hospital General Information,2026-07-02,2026-07-02,needs_review,"{""services"":{""field"":""services"",""status"":""source_backed"",""sourceUrl"":""https://data.cms.gov/provider-data/dataset/xubh-q36u"",""sourceTitle"":""CMS Hospital General Information"",""checkedDate"":""2026-07-02"",""sourceType"":""federal_open_data"",""locationSpecific"":true,""reviewerNote"":""Emergency services flag copied from the official CMS Hospital General Information row for this facility.""}}"
cms-390231,JEFFERSON ABINGTON HOSPITAL,hospital,1200 OLD YORK ROAD,ABINGTON,PA,MONTGOMERY,19001,40.117450870254,-75.120312584426,(215) 481-2000,Emergency services,CMS Hospital General Information,https://data.cms.gov/provider-data/dataset/xubh-q36u,2026-07-02,"Fields copied from the official CMS Hospital General Information CSV: facility name, address, city, state, ZIP code, county, phone, hospital type, ownership and emergency services flag. Hospital type: Acute Care Hospitals. Ownership: Voluntary non-profit - Private. Emergency services listed by CMS: Yes. Coordinates from the U.S. Census Bureau batch geocoder (Exact address match). CMS quality ratings and measures were intentionally not copied. Daily hours, prices and insurance details were not supplied by this intake.",390231,Hospital General Information,2026-07-02,2026-07-02,needs_review,"{""services"":{""field"":""services"",""status"":""source_backed"",""sourceUrl"":""https://data.cms.gov/provider-data/dataset/xubh-q36u"",""sourceTitle"":""CMS Hospital General Information"",""checkedDate"":""2026-07-02"",""sourceType"":""federal_open_data"",""locationSpecific"":true,""reviewerNote"":""Emergency services flag copied from the official CMS Hospital General Information row for this facility.""}}"
cms-390233,UPMC HANOVER,hospital,300 HIGHLAND AVE,HANOVER,PA,YORK,17331,39.808056556616,-76.983658615979,(717) 637-3711,Emergency services,CMS Hospital General Information,https://data.cms.gov/provider-data/dataset/xubh-q36u,2026-07-02,"Fields copied from the official CMS Hospital General Information CSV: facility name, address, city, state, ZIP code, county, phone, hospital type, ownership and emergency services flag. Hospital type: Acute Care Hospitals. Ownership: Voluntary non-profit - Private. Emergency services listed by CMS: Yes. Coordinates from the U.S. Census Bureau batch geocoder (Exact address match). CMS quality ratings and measures were intentionally not copied. Daily hours, prices and insurance details were not supplied by this intake.",390233,Hospital General Information,2026-07-02,2026-07-02,needs_review,"{""services"":{""field"":""services"",""status"":""source_backed"",""sourceUrl"":""https://data.cms.gov/provider-data/dataset/xubh-q36u"",""sourceTitle"":""CMS Hospital General Information"",""checkedDate"":""2026-07-02"",""sourceType"":""federal_open_data"",""locationSpecific"":true,""reviewerNote"":""Emergency services flag copied from the official CMS Hospital General Information row for this facility.""}}"
cms-390237,REGIONAL HOSPITAL OF SCRANTON,hospital,746 JEFFERSON AVENUE,SCRANTON,PA,LACKAWANNA,18501,41.412823784324,-75.653990791408,(570) 348-7100,Emergency services,CMS Hospital General Information,https://data.cms.gov/provider-data/dataset/xubh-q36u,2026-07-02,"Fields copied from the official CMS Hospital General Information CSV: facility name, address, city, state, ZIP code, county, phone, hospital type, ownership and emergency services flag. Hospital type: Acute Care Hospitals. Ownership: Proprietary. Emergency services listed by CMS: Yes. Coordinates from the U.S. Census Bureau batch geocoder (Non_Exact address match). CMS quality ratings and measures were intentionally not copied. Daily hours, prices and insurance details were not supplied by this intake.",390237,Hospital General Information,2026-07-02,2026-07-02,needs_review,"{""services"":{""field"":""services"",""status"":""source_backed"",""sourceUrl"":""https://data.cms.gov/provider-data/dataset/xubh-q36u"",""sourceTitle"":""CMS Hospital General Information"",""checkedDate"":""2026-07-02"",""sourceType"":""federal_open_data"",""locationSpecific"":true,""reviewerNote"":""Emergency services flag copied from the official CMS Hospital General Information row for this facility.""}}"
cms-390265,JEFFERSON HOSPITAL,hospital,565 COAL VALLEY ROAD,JEFFERSON HILLS,PA,ALLEGHENY,15025,40.31965630446,-79.933747275276,(412) 469-5000,Emergency services,CMS Hospital General Information,https://data.cms.gov/provider-data/dataset/xubh-q36u,2026-07-02,"Fields copied from the official CMS Hospital General Information CSV: facility name, address, city, state, ZIP code, county, phone, hospital type, ownership and emergency services flag. Hospital type: Acute Care Hospitals. Ownership: Voluntary non-profit - Private. Emergency services listed by CMS: Yes. Coordinates from the U.S. Census Bureau batch geocoder (Exact address match). CMS quality ratings and measures were intentionally not copied. Daily hours, prices and insurance details were not supplied by this intake.",390265,Hospital General Information,2026-07-02,2026-07-02,needs_review,"{""services"":{""field"":""services"",""status"":""source_backed"",""sourceUrl"":""https://data.cms.gov/provider-data/dataset/xubh-q36u"",""sourceTitle"":""CMS Hospital General Information"",""checkedDate"":""2026-07-02"",""sourceType"":""federal_open_data"",""locationSpecific"":true,""reviewerNote"":""Emergency services flag copied from the official CMS Hospital General Information row for this facility.""}}"
cms-390267,FORBES HOSPITAL,hospital,2570 HAYMAKER ROAD,MONROEVILLE,PA,ALLEGHENY,15146,40.42661876585,-79.750816493093,(412) 858-2000,Emergency services,CMS Hospital General Information,https://data.cms.gov/provider-data/dataset/xubh-q36u,2026-07-02,"Fields copied from the official CMS Hospital General Information CSV: facility name, address, city, state, ZIP code, county, phone, hospital type, ownership and emergency services flag. Hospital type: Acute Care Hospitals. Ownership: Voluntary non-profit - Private. Emergency services listed by CMS: Yes. Coordinates from the U.S. Census Bureau batch geocoder (Exact address match). CMS quality ratings and measures were intentionally not copied. Daily hours, prices and insurance details were not supplied by this intake.",390267,Hospital General Information,2026-07-02,2026-07-02,needs_review,"{""services"":{""field"":""services"",""status"":""source_backed"",""sourceUrl"":""https://data.cms.gov/provider-data/dataset/xubh-q36u"",""sourceTitle"":""CMS Hospital General Information"",""checkedDate"":""2026-07-02"",""sourceType"":""federal_open_data"",""locationSpecific"":true,""reviewerNote"":""Emergency services flag copied from the official CMS Hospital General Information row for this facility.""}}"
cms-390270,GEISINGER WYOMING VALLEY MEDICAL CENTER,hospital,1000 EAST MOUNTAIN BOULEVARD,WILKES BARRE,PA,LUZERNE,18711,41.256885381421,-75.811713320281,(570) 826-7300,Emergency services,CMS Hospital General Information,https://data.cms.gov/provider-data/dataset/xubh-q36u,2026-07-02,"Fields copied from the official CMS Hospital General Information CSV: facility name, address, city, state, ZIP code, county, phone, hospital type, ownership and emergency services flag. Hospital type: Acute Care Hospitals. Ownership: Voluntary non-profit - Private. Emergency services listed by CMS: Yes. Coordinates from the U.S. Census Bureau batch geocoder (Non_Exact address match). CMS quality ratings and measures were intentionally not copied. Daily hours, prices and insurance details were not supplied by this intake.",390270,Hospital General Information,2026-07-02,2026-07-02,needs_review,"{""services"":{""field"":""services"",""status"":""source_backed"",""sourceUrl"":""https://data.cms.gov/provider-data/dataset/xubh-q36u"",""sourceTitle"":""CMS Hospital General Information"",""checkedDate"":""2026-07-02"",""sourceType"":""federal_open_data"",""locationSpecific"":true,""reviewerNote"":""Emergency services flag copied from the official CMS Hospital General Information row for this facility.""}}"
cms-390272,VALLEY FORGE MEDICAL CENTER,hospital,1033 WEST GERMANTOWN PIKE,NORRISTOWN,PA,MONTGOMERY,19403,40.15654603526,-75.368813676857,(610) 539-8500,,CMS Hospital General Information,https://data.cms.gov/provider-data/dataset/xubh-q36u,2026-07-02,"Fields copied from the official CMS Hospital General Information CSV: facility name, address, city, state, ZIP code, county, phone, hospital type, ownership and emergency services flag. Hospital type: Acute Care Hospitals. Ownership: Proprietary. Emergency services listed by CMS: No. Coordinates from the U.S. Census Bureau batch geocoder (Exact address match). CMS quality ratings and measures were intentionally not copied. Daily hours, prices and insurance details were not supplied by this intake.",390272,Hospital General Information,2026-07-02,2026-07-02,needs_review,
cms-390304,ROXBOROUGH MEMORIAL HOSPITAL,hospital,5800 RIDGE AVE,PHILADELPHIA,PA,PHILADELPHIA,19128,40.028518266891,-75.210352820702,(215) 483-9900,Emergency services,CMS Hospital General Information,https://data.cms.gov/provider-data/dataset/xubh-q36u,2026-07-02,"Fields copied from the official CMS Hospital General Information CSV: facility name, address, city, state, ZIP code, county, phone, hospital type, ownership and emergency services flag. Hospital type: Acute Care Hospitals. Ownership: Proprietary. Emergency services listed by CMS: Yes. Coordinates from the U.S. Census Bureau batch geocoder (Exact address match). CMS quality ratings and measures were intentionally not copied. Daily hours, prices and insurance details were not supplied by this intake.",390304,Hospital General Information,2026-07-02,2026-07-02,needs_review,"{""services"":{""field"":""services"",""status"":""source_backed"",""sourceUrl"":""https://data.cms.gov/provider-data/dataset/xubh-q36u"",""sourceTitle"":""CMS Hospital General Information"",""checkedDate"":""2026-07-02"",""sourceType"":""federal_open_data"",""locationSpecific"":true,""reviewerNote"":""Emergency services flag copied from the official CMS Hospital General Information row for this facility.""}}"
cms-390307,EDGEWOOD SURGICAL HOSPITAL,hospital,239 EDGEWOOD DRIVE EXTENSION,TRANSFER,PA,MERCER,16154,41.330103036284,-80.419674247362,(724) 646-0400,,CMS Hospital General Information,https://data.cms.gov/provider-data/dataset/xubh-q36u,2026-07-02,"Fields copied from the official CMS Hospital General Information CSV: facility name, address, city, state, ZIP code, county, phone, hospital type, ownership and emergency services flag. Hospital type: Acute Care Hospitals. Ownership: Physician. Emergency services listed by CMS: No. Coordinates from the U.S. Census Bureau batch geocoder (Exact address match). CMS quality ratings and measures were intentionally not copied. Daily hours, prices and insurance details were not supplied by this intake.",390307,Hospital General Information,2026-07-02,2026-07-02,needs_review,
cms-390316,SURGICAL INSTITUTE OF READING,hospital,2752 CENTURY BOULEVARD,WYOMISSING,PA,BERKS,19610,40.358169550082,-75.987048615662,(717) 999-9999,,CMS Hospital General Information,https://data.cms.gov/provider-data/dataset/xubh-q36u,2026-07-02,"Fields copied from the official CMS Hospital General Information CSV: facility name, address, city, state, ZIP code, county, phone, hospital type, ownership and emergency services flag. Hospital type: Acute Care Hospitals. Ownership: Physician. Emergency services listed by CMS: No. Coordinates from the U.S. Census Bureau batch geocoder (Exact address match). CMS quality ratings and measures were intentionally not copied. Daily hours, prices and insurance details were not supplied by this intake.",390316,Hospital General Information,2026-07-02,2026-07-02,needs_review,
cms-390322,ROTHMAN ORTHOPAEDIC SPECIALTY HOSPITAL,hospital,3300 TILLMAN DRIVE,BENSALEM,PA,BUCKS,19020,40.116806895376,-74.961279733171,(215) 244-7400,,CMS Hospital General Information,https://data.cms.gov/provider-data/dataset/xubh-q36u,2026-07-02,"Fields copied from the official CMS Hospital General Information CSV: facility name, address, city, state, ZIP code, county, phone, hospital type, ownership and emergency services flag. Hospital type: Acute Care Hospitals. Ownership: Proprietary. Emergency services listed by CMS: No. Coordinates from the U.S. Census Bureau batch geocoder (Exact address match). CMS quality ratings and measures were intentionally not copied. Daily hours, prices and insurance details were not supplied by this intake.",390322,Hospital General Information,2026-07-02,2026-07-02,needs_review,
cms-390323,ADVANCED SURGICAL HOSPITAL,hospital,100 TRICH DRIVE,WASHINGTON,PA,WASHINGTON,15301,40.157002712066,-80.280772600065,(724) 884-0710,,CMS Hospital General Information,https://data.cms.gov/provider-data/dataset/xubh-q36u,2026-07-02,"Fields copied from the official CMS Hospital General Information CSV: facility name, address, city, state, ZIP code, county, phone, hospital type, ownership and emergency services flag. Hospital type: Acute Care Hospitals. Ownership: Physician. Emergency services listed by CMS: No. Coordinates from the U.S. Census Bureau batch geocoder (Exact address match). CMS quality ratings and measures were intentionally not copied. Daily hours, prices and insurance details were not supplied by this intake.",390323,Hospital General Information,2026-07-02,2026-07-02,needs_review,
cms-390324,PHYSICIANS CARE SURGICAL HOSPITAL,hospital,454 ENTERPRISE DRIVE,ROYERSFORD,PA,MONTGOMERY,19468,40.216775388572,-75.554121190926,(610) 495-3330,,CMS Hospital General Information,https://data.cms.gov/provider-data/dataset/xubh-q36u,2026-07-02,"Fields copied from the official CMS Hospital General Information CSV: facility name, address, city, state, ZIP code, county, phone, hospital type, ownership and emergency services flag. Hospital type: Acute Care Hospitals. Ownership: Physician. Emergency services listed by CMS: No. Coordinates from the U.S. Census Bureau batch geocoder (Exact address match). CMS quality ratings and measures were intentionally not copied. Daily hours, prices and insurance details were not supplied by this intake.",390324,Hospital General Information,2026-07-02,2026-07-02,needs_review,
cms-390325,OSS ORTHOPAEDIC HOSPITAL,hospital,1861 POWDER MILL RD,YORK,PA,YORK,17402,39.916667432695,-76.696720670979,(717) 718-2000,,CMS Hospital General Information,https://data.cms.gov/provider-data/dataset/xubh-q36u,2026-07-02,"Fields copied from the official CMS Hospital General Information CSV: facility name, address, city, state, ZIP code, county, phone, hospital type, ownership and emergency services flag. Hospital type: Acute Care Hospitals. Ownership: Proprietary. Emergency services listed by CMS: No. Coordinates from the U.S. Census Bureau batch geocoder (Exact address match). CMS quality ratings and measures were intentionally not copied. Daily hours, prices and insurance details were not supplied by this intake.",390325,Hospital General Information,2026-07-02,2026-07-02,needs_review,
cms-390327,WELLSPAN SURGERY AND REHABILITATION HOSPITAL,hospital,55 MONUMENT ROAD,YORK,PA,YORK,17403,39.922945904352,-76.717842500345,(717) 812-6100,,CMS Hospital General Information,https://data.cms.gov/provider-data/dataset/xubh-q36u,2026-07-02,"Fields copied from the official CMS Hospital General Information CSV: facility name, address, city, state, ZIP code, county, phone, hospital type, ownership and emergency services flag. Hospital type: Acute Care Hospitals. Ownership: Voluntary non-profit - Private. Emergency services listed by CMS: No. Coordinates from the U.S. Census Bureau batch geocoder (Exact address match). CMS quality ratings and measures were intentionally not copied. Daily hours, prices and insurance details were not supplied by this intake.",390327,Hospital General Information,2026-07-02,2026-07-02,needs_review,
cms-390328,UPMC EAST,hospital,2775 MOSSIDE BOULEVARD,MONROEVILLE,PA,ALLEGHENY,15146,40.437553143417,-79.759506525064,(412) 357-3000,Emergency services,CMS Hospital General Information,https://data.cms.gov/provider-data/dataset/xubh-q36u,2026-07-02,"Fields copied from the official CMS Hospital General Information CSV: facility name, address, city, state, ZIP code, county, phone, hospital type, ownership and emergency services flag. Hospital type: Acute Care Hospitals. Ownership: Voluntary non-profit - Private. Emergency services listed by CMS: Yes. Coordinates from the U.S. Census Bureau batch geocoder (Exact address match). CMS quality ratings and measures were intentionally not copied. Daily hours, prices and insurance details were not supplied by this intake.",390328,Hospital General Information,2026-07-02,2026-07-02,needs_review,"{""services"":{""field"":""services"",""status"":""source_backed"",""sourceUrl"":""https://data.cms.gov/provider-data/dataset/xubh-q36u"",""sourceTitle"":""CMS Hospital General Information"",""checkedDate"":""2026-07-02"",""sourceType"":""federal_open_data"",""locationSpecific"":true,""reviewerNote"":""Emergency services flag copied from the official CMS Hospital General Information row for this facility.""}}"
cms-390329,JEFFERSON EINSTEIN MONTGOMERY HOSPITAL,hospital,559 WEST GERMANTOWN PIKE,EAST NORRITON,PA,MONTGOMERY,19403,40.150576451254,-75.34182392207,(484) 662-1000,Emergency services,CMS Hospital General Information,https://data.cms.gov/provider-data/dataset/xubh-q36u,2026-07-02,"Fields copied from the official CMS Hospital General Information CSV: facility name, address, city, state, ZIP code, county, phone, hospital type, ownership and emergency services flag. Hospital type: Acute Care Hospitals. Ownership: Voluntary non-profit - Private. Emergency services listed by CMS: Yes. Coordinates from the U.S. Census Bureau batch geocoder (Exact address match). CMS quality ratings and measures were intentionally not copied. Daily hours, prices and insurance details were not supplied by this intake.",390329,Hospital General Information,2026-07-02,2026-07-02,needs_review,"{""services"":{""field"":""services"",""status"":""source_backed"",""sourceUrl"":""https://data.cms.gov/provider-data/dataset/xubh-q36u"",""sourceTitle"":""CMS Hospital General Information"",""checkedDate"":""2026-07-02"",""sourceType"":""federal_open_data"",""locationSpecific"":true,""reviewerNote"":""Emergency services flag copied from the official CMS Hospital General Information row for this facility.""}}"
cms-390330,ST LUKE'S HOSPITAL - MONROE CAMPUS,hospital,100 ST LUKE'S LANE,STROUDSBURG,PA,MONROE,18360,40.997316357002,-75.26133380411,(272) 212-1000,Emergency services,CMS Hospital General Information,https://data.cms.gov/provider-data/dataset/xubh-q36u,2026-07-02,"Fields copied from the official CMS Hospital General Information CSV: facility name, address, city, state, ZIP code, county, phone, hospital type, ownership and emergency services flag. Hospital type: Acute Care Hospitals. Ownership: Voluntary non-profit - Private. Emergency services listed by CMS: Yes. Coordinates from the U.S. Census Bureau batch geocoder (Exact address match). CMS quality ratings and measures were intentionally not copied. Daily hours, prices and insurance details were not supplied by this intake.",390330,Hospital General Information,2026-07-02,2026-07-02,needs_review,"{""services"":{""field"":""services"",""status"":""source_backed"",""sourceUrl"":""https://data.cms.gov/provider-data/dataset/xubh-q36u"",""sourceTitle"":""CMS Hospital General Information"",""checkedDate"":""2026-07-02"",""sourceType"":""federal_open_data"",""locationSpecific"":true,""reviewerNote"":""Emergency services flag copied from the official CMS Hospital General Information row for this facility.""}}"
cms-390331,WILLS EYE HOSPITAL,hospital,840 WALNUT STREET,PHILADELPHIA,PA,PHILADELPHIA,19107,39.948237459574,-75.155904211118,(215) 440-3150,,CMS Hospital General Information,https://data.cms.gov/provider-data/dataset/xubh-q36u,2026-07-02,"Fields copied from the official CMS Hospital General Information CSV: facility name, address, city, state, ZIP code, county, phone, hospital type, ownership and emergency services flag. Hospital type: Acute Care Hospitals. Ownership: Voluntary non-profit - Private. Emergency services listed by CMS: No. Coordinates from the U.S. Census Bureau batch geocoder (Exact address match). CMS quality ratings and measures were intentionally not copied. Daily hours, prices and insurance details were not supplied by this intake.",390331,Hospital General Information,2026-07-02,2026-07-02,needs_review,
cms-390333,"AHN EMERUS WESTMORELAND, LLC",hospital,6321 ROUTE 30,GREENSBURG,PA,WESTMORELAND,15601,40.310165177754,-79.600191687599,(787) 295-4735,Emergency services,CMS Hospital General Information,https://data.cms.gov/provider-data/dataset/xubh-q36u,2026-07-02,"Fields copied from the official CMS Hospital General Information CSV: facility name, address, city, state, ZIP code, county, phone, hospital type, ownership and emergency services flag. Hospital type: Acute Care Hospitals. Ownership: Proprietary. Emergency services listed by CMS: Yes. Coordinates from the U.S. Census Bureau batch geocoder (Exact address match). CMS quality ratings and measures were intentionally not copied. Daily hours, prices and insurance details were not supplied by this intake.",390333,Hospital General Information,2026-07-02,2026-07-02,needs_review,"{""services"":{""field"":""services"",""status"":""source_backed"",""sourceUrl"":""https://data.cms.gov/provider-data/dataset/xubh-q36u"",""sourceTitle"":""CMS Hospital General Information"",""checkedDate"":""2026-07-02"",""sourceType"":""federal_open_data"",""locationSpecific"":true,""reviewerNote"":""Emergency services flag copied from the official CMS Hospital General Information row for this facility.""}}"
cms-390334,AHN WEXFORD HOSPITAL,hospital,12351 PERRY HIGHWAY,WEXFORD,PA,ALLEGHENY,15090,40.634110203261,-80.060371866343,(412) 295-3319,Emergency services,CMS Hospital General Information,https://data.cms.gov/provider-data/dataset/xubh-q36u,2026-07-02,"Fields copied from the official CMS Hospital General Information CSV: facility name, address, city, state, ZIP code, county, phone, hospital type, ownership and emergency services flag. Hospital type: Acute Care Hospitals. Ownership: Voluntary non-profit - Private. Emergency services listed by CMS: Yes. Coordinates from the U.S. Census Bureau batch geocoder (Exact address match). CMS quality ratings and measures were intentionally not copied. Daily hours, prices and insurance details were not supplied by this intake.",390334,Hospital General Information,2026-07-02,2026-07-02,needs_review,"{""services"":{""field"":""services"",""status"":""source_backed"",""sourceUrl"":""https://data.cms.gov/provider-data/dataset/xubh-q36u"",""sourceTitle"":""CMS Hospital General Information"",""checkedDate"":""2026-07-02"",""sourceType"":""federal_open_data"",""locationSpecific"":true,""reviewerNote"":""Emergency services flag copied from the official CMS Hospital General Information row for this facility.""}}"
cms-390336,PENN STATE HEALTH HAMPDEN MEDICAL CENTER,hospital,2200 GOOD HOPE ROAD,ENOLA,PA,CUMBERLAND,17025,40.291826051762,-76.986581658099,(717) 981-9000,Emergency services,CMS Hospital General Information,https://data.cms.gov/provider-data/dataset/xubh-q36u,2026-07-02,"Fields copied from the official CMS Hospital General Information CSV: facility name, address, city, state, ZIP code, county, phone, hospital type, ownership and emergency services flag. Hospital type: Acute Care Hospitals. Ownership: Voluntary non-profit - Private. Emergency services listed by CMS: Yes. Coordinates from the U.S. Census Bureau batch geocoder (Non_Exact address match). CMS quality ratings and measures were intentionally not copied. Daily hours, prices and insurance details were not supplied by this intake.",390336,Hospital General Information,2026-07-02,2026-07-02,needs_review,"{""services"":{""field"":""services"",""status"":""source_backed"",""sourceUrl"":""https://data.cms.gov/provider-data/dataset/xubh-q36u"",""sourceTitle"":""CMS Hospital General Information"",""checkedDate"":""2026-07-02"",""sourceType"":""federal_open_data"",""locationSpecific"":true,""reviewerNote"":""Emergency services flag copied from the official CMS Hospital General Information row for this facility.""}}"
cms-390337,GEISINGER MEDICAL CENTER MUNCY,hospital,255 ROUTE 220 HIGHWAY,MUNCY,PA,LYCOMING,17756,41.238915001405,-76.805898393868,(570) 308-2475,Emergency services,CMS Hospital General Information,https://data.cms.gov/provider-data/dataset/xubh-q36u,2026-07-02,"Fields copied from the official CMS Hospital General Information CSV: facility name, address, city, state, ZIP code, county, phone, hospital type, ownership and emergency services flag. Hospital type: Acute Care Hospitals. Ownership: Voluntary non-profit - Private. Emergency services listed by CMS: Yes. Coordinates from the U.S. Census Bureau batch geocoder (Non_Exact address match). CMS quality ratings and measures were intentionally not copied. Daily hours, prices and insurance details were not supplied by this intake.",390337,Hospital General Information,2026-07-02,2026-07-02,needs_review,"{""services"":{""field"":""services"",""status"":""source_backed"",""sourceUrl"":""https://data.cms.gov/provider-data/dataset/xubh-q36u"",""sourceTitle"":""CMS Hospital General Information"",""checkedDate"":""2026-07-02"",""sourceType"":""federal_open_data"",""locationSpecific"":true,""reviewerNote"":""Emergency services flag copied from the official CMS Hospital General Information row for this facility.""}}"
cms-390338,LEHIGH VALLEY HOSPITAL - DICKSON CITY,hospital,330 MAIN STREET,DICKSON CITY,PA,LACKAWANNA,18519,41.453614806916,-75.632879230374,(570) 330-5000,Emergency services,CMS Hospital General Information,https://data.cms.gov/provider-data/dataset/xubh-q36u,2026-07-02,"Fields copied from the official CMS Hospital General Information CSV: facility name, address, city, state, ZIP code, county, phone, hospital type, ownership and emergency services flag. Hospital type: Acute Care Hospitals. Ownership: Voluntary non-profit - Private. Emergency services listed by CMS: Yes. Coordinates from the U.S. Census Bureau batch geocoder (Exact address match). CMS quality ratings and measures were intentionally not copied. Daily hours, prices and insurance details were not supplied by this intake.",390338,Hospital General Information,2026-07-02,2026-07-02,needs_review,"{""services"":{""field"":""services"",""status"":""source_backed"",""sourceUrl"":""https://data.cms.gov/provider-data/dataset/xubh-q36u"",""sourceTitle"":""CMS Hospital General Information"",""checkedDate"":""2026-07-02"",""sourceType"":""federal_open_data"",""locationSpecific"":true,""reviewerNote"":""Emergency services flag copied from the official CMS Hospital General Information row for this facility.""}}"
cms-390339,PENN STATE HEALTH LANCASTER MEDICAL CENTER,hospital,2160 STATE ROAD,LANCASTER,PA,LANCASTER,17601,40.081369992996,-76.38202298116,(223) 287-9000,Emergency services,CMS Hospital General Information,https://data.cms.gov/provider-data/dataset/xubh-q36u,2026-07-02,"Fields copied from the official CMS Hospital General Information CSV: facility name, address, city, state, ZIP code, county, phone, hospital type, ownership and emergency services flag. Hospital type: Acute Care Hospitals. Ownership: Voluntary non-profit - Private. Emergency services listed by CMS: Yes. Coordinates from the U.S. Census Bureau batch geocoder (Exact address match). CMS quality ratings and measures were intentionally not copied. Daily hours, prices and insurance details were not supplied by this intake.",390339,Hospital General Information,2026-07-02,2026-07-02,needs_review,"{""services"":{""field"":""services"",""status"":""source_backed"",""sourceUrl"":""https://data.cms.gov/provider-data/dataset/xubh-q36u"",""sourceTitle"":""CMS Hospital General Information"",""checkedDate"":""2026-07-02"",""sourceType"":""federal_open_data"",""locationSpecific"":true,""reviewerNote"":""Emergency services flag copied from the official CMS Hospital General Information row for this facility.""}}"
cms-390430,LEHIGH VALLEY HOSPITAL - MACUNGIE,hospital,3369 STATE ROUTE 100,MACUNGIE,PA,LEHIGH,18062,40.518725852161,-75.563338180594,(835) 215-5500,Emergency services,CMS Hospital General Information,https://data.cms.gov/provider-data/dataset/xubh-q36u,2026-07-02,"Fields copied from the official CMS Hospital General Information CSV: facility name, address, city, state, ZIP code, county, phone, hospital type, ownership and emergency services flag. Hospital type: Acute Care Hospitals. Ownership: Proprietary. Emergency services listed by CMS: Yes. Coordinates from the U.S. Census Bureau batch geocoder (Exact address match). CMS quality ratings and measures were intentionally not copied. Daily hours, prices and insurance details were not supplied by this intake.",390430,Hospital General Information,2026-07-02,2026-07-02,needs_review,"{""services"":{""field"":""services"",""status"":""source_backed"",""sourceUrl"":""https://data.cms.gov/provider-data/dataset/xubh-q36u"",""sourceTitle"":""CMS Hospital General Information"",""checkedDate"":""2026-07-02"",""sourceType"":""federal_open_data"",""locationSpecific"":true,""reviewerNote"":""Emergency services flag copied from the official CMS Hospital General Information row for this facility.""}}"
cms-391300,GEISINGER JERSEY SHORE HOSPITAL,hospital,1020 THOMPSON STREET,JERSEY SHORE,PA,LYCOMING,17740,41.201697154068,-77.267990594251,(570) 398-3101,Emergency services,CMS Hospital General Information,https://data.cms.gov/provider-data/dataset/xubh-q36u,2026-07-02,"Fields copied from the official CMS Hospital General Information CSV: facility name, address, city, state, ZIP code, county, phone, hospital type, ownership and emergency services flag. Hospital type: Critical Access Hospitals. Ownership: Voluntary non-profit - Private. Emergency services listed by CMS: Yes. Coordinates from the U.S. Census Bureau batch geocoder (Exact address match). CMS quality ratings and measures were intentionally not copied. Daily hours, prices and insurance details were not supplied by this intake.",391300,Hospital General Information,2026-07-02,2026-07-02,needs_review,"{""services"":{""field"":""services"",""status"":""source_backed"",""sourceUrl"":""https://data.cms.gov/provider-data/dataset/xubh-q36u"",""sourceTitle"":""CMS Hospital General Information"",""checkedDate"":""2026-07-02"",""sourceType"":""federal_open_data"",""locationSpecific"":true,""reviewerNote"":""Emergency services flag copied from the official CMS Hospital General Information row for this facility.""}}"
cms-391301,UPMC MUNCY,hospital,215 EAST WATER STREET,MUNCY,PA,LYCOMING,17756,41.208677717108,-76.776563242547,(570) 546-8282,Emergency services,CMS Hospital General Information,https://data.cms.gov/provider-data/dataset/xubh-q36u,2026-07-02,"Fields copied from the official CMS Hospital General Information CSV: facility name, address, city, state, ZIP code, county, phone, hospital type, ownership and emergency services flag. Hospital type: Critical Access Hospitals. Ownership: Voluntary non-profit - Private. Emergency services listed by CMS: Yes. Coordinates from the U.S. Census Bureau batch geocoder (Exact address match). CMS quality ratings and measures were intentionally not copied. Daily hours, prices and insurance details were not supplied by this intake.",391301,Hospital General Information,2026-07-02,2026-07-02,needs_review,"{""services"":{""field"":""services"",""status"":""source_backed"",""sourceUrl"":""https://data.cms.gov/provider-data/dataset/xubh-q36u"",""sourceTitle"":""CMS Hospital General Information"",""checkedDate"":""2026-07-02"",""sourceType"":""federal_open_data"",""locationSpecific"":true,""reviewerNote"":""Emergency services flag copied from the official CMS Hospital General Information row for this facility.""}}"
cms-391302,CONEMAUGH MEYERSDALE MEDICAL CENTER,hospital,200 HOSPITAL DRIVE,MEYERSDALE,PA,SOMERSET,15552,39.809531926649,-79.025064156803,(814) 634-5911,Emergency services,CMS Hospital General Information,https://data.cms.gov/provider-data/dataset/xubh-q36u,2026-07-02,"Fields copied from the official CMS Hospital General Information CSV: facility name, address, city, state, ZIP code, county, phone, hospital type, ownership and emergency services flag. Hospital type: Critical Access Hospitals. Ownership: Proprietary. Emergency services listed by CMS: Yes. Coordinates from the U.S. Census Bureau batch geocoder (Exact address match). CMS quality ratings and measures were intentionally not copied. Daily hours, prices and insurance details were not supplied by this intake.",391302,Hospital General Information,2026-07-02,2026-07-02,needs_review,"{""services"":{""field"":""services"",""status"":""source_backed"",""sourceUrl"":""https://data.cms.gov/provider-data/dataset/xubh-q36u"",""sourceTitle"":""CMS Hospital General Information"",""checkedDate"":""2026-07-02"",""sourceType"":""federal_open_data"",""locationSpecific"":true,""reviewerNote"":""Emergency services flag copied from the official CMS Hospital General Information row for this facility.""}}"
cms-391303,FULTON COUNTY MEDICAL CENTER,hospital,214 PEACH ORCHARD ROAD,MCCONNELLSBURG,PA,FULTON,17233,39.938483603924,-78.009132570228,(717) 485-3155,Emergency services,CMS Hospital General Information,https://data.cms.gov/provider-data/dataset/xubh-q36u,2026-07-02,"Fields copied from the official CMS Hospital General Information CSV: facility name, address, city, state, ZIP code, county, phone, hospital type, ownership and emergency services flag. Hospital type: Critical Access Hospitals. Ownership: Voluntary non-profit - Private. Emergency services listed by CMS: Yes. Coordinates from the U.S. Census Bureau batch geocoder (Non_Exact address match). CMS quality ratings and measures were intentionally not copied. Daily hours, prices and insurance details were not supplied by this intake.",391303,Hospital General Information,2026-07-02,2026-07-02,needs_review,"{""services"":{""field"":""services"",""status"":""source_backed"",""sourceUrl"":""https://data.cms.gov/provider-data/dataset/xubh-q36u"",""sourceTitle"":""CMS Hospital General Information"",""checkedDate"":""2026-07-02"",""sourceType"":""federal_open_data"",""locationSpecific"":true,""reviewerNote"":""Emergency services flag copied from the official CMS Hospital General Information row for this facility.""}}"
cms-391304,BUCKTAIL MEDICAL CENTER,hospital,1001 PINE STREET,RENOVO,PA,CLINTON,17764,41.326839548901,-77.738016665424,(570) 923-1000,Emergency services,CMS Hospital General Information,https://data.cms.gov/provider-data/dataset/xubh-q36u,2026-07-02,"Fields copied from the official CMS Hospital General Information CSV: facility name, address, city, state, ZIP code, county, phone, hospital type, ownership and emergency services flag. Hospital type: Critical Access Hospitals. Ownership: Voluntary non-profit - Private. Emergency services listed by CMS: Yes. Coordinates from the U.S. Census Bureau batch geocoder (Exact address match). CMS quality ratings and measures were intentionally not copied. Daily hours, prices and insurance details were not supplied by this intake.",391304,Hospital General Information,2026-07-02,2026-07-02,needs_review,"{""services"":{""field"":""services"",""status"":""source_backed"",""sourceUrl"":""https://data.cms.gov/provider-data/dataset/xubh-q36u"",""sourceTitle"":""CMS Hospital General Information"",""checkedDate"":""2026-07-02"",""sourceType"":""federal_open_data"",""locationSpecific"":true,""reviewerNote"":""Emergency services flag copied from the official CMS Hospital General Information row for this facility.""}}"
cms-391305,TROY COMMUNITY HOSPITAL,hospital,275 GUTHRIE DRIVE,TROY,PA,BRADFORD,16947,41.792489281799,-76.795196396704,(570) 297-2121,Emergency services,CMS Hospital General Information,https://data.cms.gov/provider-data/dataset/xubh-q36u,2026-07-02,"Fields copied from the official CMS Hospital General Information CSV: facility name, address, city, state, ZIP code, county, phone, hospital type, ownership and emergency services flag. Hospital type: Critical Access Hospitals. Ownership: Voluntary non-profit - Private. Emergency services listed by CMS: Yes. Coordinates from the U.S. Census Bureau batch geocoder (Exact address match). CMS quality ratings and measures were intentionally not copied. Daily hours, prices and insurance details were not supplied by this intake.",391305,Hospital General Information,2026-07-02,2026-07-02,needs_review,"{""services"":{""field"":""services"",""status"":""source_backed"",""sourceUrl"":""https://data.cms.gov/provider-data/dataset/xubh-q36u"",""sourceTitle"":""CMS Hospital General Information"",""checkedDate"":""2026-07-02"",""sourceType"":""federal_open_data"",""locationSpecific"":true,""reviewerNote"":""Emergency services flag copied from the official CMS Hospital General Information row for this facility.""}}"
cms-391307,PENN HIGHLANDS TYRONE,hospital,187 HOSPITAL DRIVE,TYRONE,PA,BLAIR,16686,40.674871526178,-78.251959538677,(814) 684-1255,Emergency services,CMS Hospital General Information,https://data.cms.gov/provider-data/dataset/xubh-q36u,2026-07-02,"Fields copied from the official CMS Hospital General Information CSV: facility name, address, city, state, ZIP code, county, phone, hospital type, ownership and emergency services flag. Hospital type: Critical Access Hospitals. Ownership: Voluntary non-profit - Private. Emergency services listed by CMS: Yes. Coordinates from the U.S. Census Bureau batch geocoder (Exact address match). CMS quality ratings and measures were intentionally not copied. Daily hours, prices and insurance details were not supplied by this intake.",391307,Hospital General Information,2026-07-02,2026-07-02,needs_review,"{""services"":{""field"":""services"",""status"":""source_backed"",""sourceUrl"":""https://data.cms.gov/provider-data/dataset/xubh-q36u"",""sourceTitle"":""CMS Hospital General Information"",""checkedDate"":""2026-07-02"",""sourceType"":""federal_open_data"",""locationSpecific"":true,""reviewerNote"":""Emergency services flag copied from the official CMS Hospital General Information row for this facility.""}}"
cms-391308,LECOM HEALTH CORRY MEMORIAL HOSPITAL,hospital,965 SHAMROCK LANE,CORRY,PA,ERIE,16407,41.935237374992,-79.612552278215,(814) 664-4641,Emergency services,CMS Hospital General Information,https://data.cms.gov/provider-data/dataset/xubh-q36u,2026-07-02,"Fields copied from the official CMS Hospital General Information CSV: facility name, address, city, state, ZIP code, county, phone, hospital type, ownership and emergency services flag. Hospital type: Critical Access Hospitals. Ownership: Government - Hospital District or Authority. Emergency services listed by CMS: Yes. Coordinates from the U.S. Census Bureau batch geocoder (Exact address match). CMS quality ratings and measures were intentionally not copied. Daily hours, prices and insurance details were not supplied by this intake.",391308,Hospital General Information,2026-07-02,2026-07-02,needs_review,"{""services"":{""field"":""services"",""status"":""source_backed"",""sourceUrl"":""https://data.cms.gov/provider-data/dataset/xubh-q36u"",""sourceTitle"":""CMS Hospital General Information"",""checkedDate"":""2026-07-02"",""sourceType"":""federal_open_data"",""locationSpecific"":true,""reviewerNote"":""Emergency services flag copied from the official CMS Hospital General Information row for this facility.""}}"
cms-391309,BARNES-KASSON COUNTY HOSPITAL,hospital,2872 TURNPIKE STREET,SUSQUEHANNA,PA,SUSQUEHANNA,18847,41.946233000163,-75.593738894852,(570) 853-3135,Emergency services,CMS Hospital General Information,https://data.cms.gov/provider-data/dataset/xubh-q36u,2026-07-02,"Fields copied from the official CMS Hospital General Information CSV: facility name, address, city, state, ZIP code, county, phone, hospital type, ownership and emergency services flag. Hospital type: Critical Access Hospitals. Ownership: Voluntary non-profit - Private. Emergency services listed by CMS: Yes. Coordinates from the U.S. Census Bureau batch geocoder (Exact address match). CMS quality ratings and measures were intentionally not copied. Daily hours, prices and insurance details were not supplied by this intake.",391309,Hospital General Information,2026-07-02,2026-07-02,needs_review,"{""services"":{""field"":""services"",""status"":""source_backed"",""sourceUrl"":""https://data.cms.gov/provider-data/dataset/xubh-q36u"",""sourceTitle"":""CMS Hospital General Information"",""checkedDate"":""2026-07-02"",""sourceType"":""federal_open_data"",""locationSpecific"":true,""reviewerNote"":""Emergency services flag copied from the official CMS Hospital General Information row for this facility.""}}"
cms-391312,PENN HIGHLANDS BROOKVILLE,hospital,100 HOSPITAL ROAD,BROOKVILLE,PA,JEFFERSON,15825,41.156640021468,-79.092890092595,(814) 849-2312,Emergency services,CMS Hospital General Information,https://data.cms.gov/provider-data/dataset/xubh-q36u,2026-07-02,"Fields copied from the official CMS Hospital General Information CSV: facility name, address, city, state, ZIP code, county, phone, hospital type, ownership and emergency services flag. Hospital type: Critical Access Hospitals. Ownership: Voluntary non-profit - Private. Emergency services listed by CMS: Yes. Coordinates from the U.S. Census Bureau batch geocoder (Exact address match). CMS quality ratings and measures were intentionally not copied. Daily hours, prices and insurance details were not supplied by this intake.",391312,Hospital General Information,2026-07-02,2026-07-02,needs_review,"{""services"":{""field"":""services"",""status"":""source_backed"",""sourceUrl"":""https://data.cms.gov/provider-data/dataset/xubh-q36u"",""sourceTitle"":""CMS Hospital General Information"",""checkedDate"":""2026-07-02"",""sourceType"":""federal_open_data"",""locationSpecific"":true,""reviewerNote"":""Emergency services flag copied from the official CMS Hospital General Information row for this facility.""}}"
cms-391313,UPMC COLE,hospital,1001 EAST SECOND STREET,COUDERSPORT,PA,POTTER,16915,41.769287301317,-77.977706590371,(814) 274-9301,Emergency services,CMS Hospital General Information,https://data.cms.gov/provider-data/dataset/xubh-q36u,2026-07-02,"Fields copied from the official CMS Hospital General Information CSV: facility name, address, city, state, ZIP code, county, phone, hospital type, ownership and emergency services flag. Hospital type: Critical Access Hospitals. Ownership: Voluntary non-profit - Private. Emergency services listed by CMS: Yes. Coordinates from the U.S. Census Bureau batch geocoder (Exact address match). CMS quality ratings and measures were intentionally not copied. Daily hours, prices and insurance details were not supplied by this intake.",391313,Hospital General Information,2026-07-02,2026-07-02,needs_review,"{""services"":{""field"":""services"",""status"":""source_backed"",""sourceUrl"":""https://data.cms.gov/provider-data/dataset/xubh-q36u"",""sourceTitle"":""CMS Hospital General Information"",""checkedDate"":""2026-07-02"",""sourceType"":""federal_open_data"",""locationSpecific"":true,""reviewerNote"":""Emergency services flag copied from the official CMS Hospital General Information row for this facility.""}}"
cms-391314,TITUSVILLE AREA HOSPITAL,hospital,406 WEST OAK STREET,TITUSVILLE,PA,CRAWFORD,16354,41.633212088526,-79.679299824864,(814) 827-1851,Emergency services,CMS Hospital General Information,https://data.cms.gov/provider-data/dataset/xubh-q36u,2026-07-02,"Fields copied from the official CMS Hospital General Information CSV: facility name, address, city, state, ZIP code, county, phone, hospital type, ownership and emergency services flag. Hospital type: Critical Access Hospitals. Ownership: Voluntary non-profit - Private. Emergency services listed by CMS: Yes. Coordinates from the U.S. Census Bureau batch geocoder (Exact address match). CMS quality ratings and measures were intentionally not copied. Daily hours, prices and insurance details were not supplied by this intake.",391314,Hospital General Information,2026-07-02,2026-07-02,needs_review,"{""services"":{""field"":""services"",""status"":""source_backed"",""sourceUrl"":""https://data.cms.gov/provider-data/dataset/xubh-q36u"",""sourceTitle"":""CMS Hospital General Information"",""checkedDate"":""2026-07-02"",""sourceType"":""federal_open_data"",""locationSpecific"":true,""reviewerNote"":""Emergency services flag copied from the official CMS Hospital General Information row for this facility.""}}"
cms-391315,PENN HIGHLANDS ELK,hospital,763 JOHNSONBURG ROAD,SAINT MARYS,PA,ELK,15857,41.427149634444,-78.577026419914,(814) 788-8000,Emergency services,CMS Hospital General Information,https://data.cms.gov/provider-data/dataset/xubh-q36u,2026-07-02,"Fields copied from the official CMS Hospital General Information CSV: facility name, address, city, state, ZIP code, county, phone, hospital type, ownership and emergency services flag. Hospital type: Critical Access Hospitals. Ownership: Voluntary non-profit - Private. Emergency services listed by CMS: Yes. Coordinates from the U.S. Census Bureau batch geocoder (Exact address match). CMS quality ratings and measures were intentionally not copied. Daily hours, prices and insurance details were not supplied by this intake.",391315,Hospital General Information,2026-07-02,2026-07-02,needs_review,"{""services"":{""field"":""services"",""status"":""source_backed"",""sourceUrl"":""https://data.cms.gov/provider-data/dataset/xubh-q36u"",""sourceTitle"":""CMS Hospital General Information"",""checkedDate"":""2026-07-02"",""sourceType"":""federal_open_data"",""locationSpecific"":true,""reviewerNote"":""Emergency services flag copied from the official CMS Hospital General Information row for this facility.""}}"
cms-391316,UPMC WELLSBORO,hospital,32-36 CENTRAL AVENUE,WELLSBORO,PA,TIOGA,16901,41.746248881878,-77.300507534356,(570) 723-7764,Emergency services,CMS Hospital General Information,https://data.cms.gov/provider-data/dataset/xubh-q36u,2026-07-02,"Fields copied from the official CMS Hospital General Information CSV: facility name, address, city, state, ZIP code, county, phone, hospital type, ownership and emergency services flag. Hospital type: Critical Access Hospitals. Ownership: Voluntary non-profit - Private. Emergency services listed by CMS: Yes. Coordinates from the U.S. Census Bureau batch geocoder (Non_Exact address match). CMS quality ratings and measures were intentionally not copied. Daily hours, prices and insurance details were not supplied by this intake.",391316,Hospital General Information,2026-07-02,2026-07-02,needs_review,"{""services"":{""field"":""services"",""status"":""source_backed"",""sourceUrl"":""https://data.cms.gov/provider-data/dataset/xubh-q36u"",""sourceTitle"":""CMS Hospital General Information"",""checkedDate"":""2026-07-02"",""sourceType"":""federal_open_data"",""locationSpecific"":true,""reviewerNote"":""Emergency services flag copied from the official CMS Hospital General Information row for this facility.""}}"
cms-393303,CHILDREN'S HOSPITAL OF PHILADELPHIA,hospital,3401 CIVIC CENTER BLVD,PHILADELPHIA,PA,PHILADELPHIA,19104,39.94785990077,-75.193774876682,(215) 590-1000,Emergency services,CMS Hospital General Information,https://data.cms.gov/provider-data/dataset/xubh-q36u,2026-07-02,"Fields copied from the official CMS Hospital General Information CSV: facility name, address, city, state, ZIP code, county, phone, hospital type, ownership and emergency services flag. Hospital type: Childrens. Ownership: Voluntary non-profit - Private. Emergency services listed by CMS: Yes. Coordinates from the U.S. Census Bureau batch geocoder (Exact address match). CMS quality ratings and measures were intentionally not copied. Daily hours, prices and insurance details were not supplied by this intake.",393303,Hospital General Information,2026-07-02,2026-07-02,needs_review,"{""services"":{""field"":""services"",""status"":""source_backed"",""sourceUrl"":""https://data.cms.gov/provider-data/dataset/xubh-q36u"",""sourceTitle"":""CMS Hospital General Information"",""checkedDate"":""2026-07-02"",""sourceType"":""federal_open_data"",""locationSpecific"":true,""reviewerNote"":""Emergency services flag copied from the official CMS Hospital General Information row for this facility.""}}"
cms-393304,CHILDREN'S HOME OF PITTSBURGH,hospital,5324 PENN AVENUE,PITTSBURGH,PA,ALLEGHENY,15224,40.464535447426,-79.938033784234,(412) 441-4884,,CMS Hospital General Information,https://data.cms.gov/provider-data/dataset/xubh-q36u,2026-07-02,"Fields copied from the official CMS Hospital General Information CSV: facility name, address, city, state, ZIP code, county, phone, hospital type, ownership and emergency services flag. Hospital type: Childrens. Ownership: Voluntary non-profit - Private. Emergency services listed by CMS: No. Coordinates from the U.S. Census Bureau batch geocoder (Exact address match). CMS quality ratings and measures were intentionally not copied. Daily hours, prices and insurance details were not supplied by this intake.",393304,Hospital General Information,2026-07-02,2026-07-02,needs_review,
cms-393307,ST CHRISTOPHER'S HOSPITAL FOR CHILDREN,hospital,160 EAST ERIE AVE,PHILADELPHIA,PA,PHILADELPHIA,19134,40.007167033613,-75.12941706984,(215) 427-5000,Emergency services,CMS Hospital General Information,https://data.cms.gov/provider-data/dataset/xubh-q36u,2026-07-02,"Fields copied from the official CMS Hospital General Information CSV: facility name, address, city, state, ZIP code, county, phone, hospital type, ownership and emergency services flag. Hospital type: Childrens. Ownership: Proprietary. Emergency services listed by CMS: Yes. Coordinates from the U.S. Census Bureau batch geocoder (Non_Exact address match). CMS quality ratings and measures were intentionally not copied. Daily hours, prices and insurance details were not supplied by this intake.",393307,Hospital General Information,2026-07-02,2026-07-02,needs_review,"{""services"":{""field"":""services"",""status"":""source_backed"",""sourceUrl"":""https://data.cms.gov/provider-data/dataset/xubh-q36u"",""sourceTitle"":""CMS Hospital General Information"",""checkedDate"":""2026-07-02"",""sourceType"":""federal_open_data"",""locationSpecific"":true,""reviewerNote"":""Emergency services flag copied from the official CMS Hospital General Information row for this facility.""}}"
cms-393309,SHRINERS HOSPITALS FOR CHILDREN - PHILADELPHIA,hospital,3551 N BROAD STREET,PHILADELPHIA,PA,PHILADELPHIA,19104,40.006922879137,-75.151685414416,(215) 430-4000,,CMS Hospital General Information,https://data.cms.gov/provider-data/dataset/xubh-q36u,2026-07-02,"Fields copied from the official CMS Hospital General Information CSV: facility name, address, city, state, ZIP code, county, phone, hospital type, ownership and emergency services flag. Hospital type: Childrens. Ownership: Voluntary non-profit - Other. Emergency services listed by CMS: No. Coordinates from the U.S. Census Bureau batch geocoder (Non_Exact address match). CMS quality ratings and measures were intentionally not copied. Daily hours, prices and insurance details were not supplied by this intake.",393309,Hospital General Information,2026-07-02,2026-07-02,needs_review,
cms-394001,NORRISTOWN STATE HOSPITAL,hospital,1001 STERIGERE STREET,NORRISTOWN,PA,MONTGOMERY,19401,40.129214189999,-75.348156557029,(610) 313-1000,,CMS Hospital General Information,https://data.cms.gov/provider-data/dataset/xubh-q36u,2026-07-02,"Fields copied from the official CMS Hospital General Information CSV: facility name, address, city, state, ZIP code, county, phone, hospital type, ownership and emergency services flag. Hospital type: Psychiatric. Ownership: Government - State. Emergency services listed by CMS: No. Coordinates from the U.S. Census Bureau batch geocoder (Exact address match). CMS quality ratings and measures were intentionally not copied. Daily hours, prices and insurance details were not supplied by this intake.",394001,Hospital General Information,2026-07-02,2026-07-02,needs_review,
cms-394004,DANVILLE STATE HOSPITAL,hospital,50 KIRKBRIDE DRIVE,DANVILLE,PA,MONTOUR,17821,40.948341230521,-76.596487747739,(570) 271-4500,,CMS Hospital General Information,https://data.cms.gov/provider-data/dataset/xubh-q36u,2026-07-02,"Fields copied from the official CMS Hospital General Information CSV: facility name, address, city, state, ZIP code, county, phone, hospital type, ownership and emergency services flag. Hospital type: Psychiatric. Ownership: Government - State. Emergency services listed by CMS: No. Coordinates from the U.S. Census Bureau batch geocoder (Exact address match). CMS quality ratings and measures were intentionally not copied. Daily hours, prices and insurance details were not supplied by this intake.",394004,Hospital General Information,2026-07-02,2026-07-02,needs_review,
cms-394008,FRIENDS HOSPITAL,hospital,4641 ROOSEVELT BOULEVARD,PHILADELPHIA,PA,PHILADELPHIA,19124,40.026927395102,-75.098564337903,(215) 831-4600,,CMS Hospital General Information,https://data.cms.gov/provider-data/dataset/xubh-q36u,2026-07-02,"Fields copied from the official CMS Hospital General Information CSV: facility name, address, city, state, ZIP code, county, phone, hospital type, ownership and emergency services flag. Hospital type: Psychiatric. Ownership: Proprietary. Emergency services listed by CMS: No. Coordinates from the U.S. Census Bureau batch geocoder (Non_Exact address match). CMS quality ratings and measures were intentionally not copied. Daily hours, prices and insurance details were not supplied by this intake.",394008,Hospital General Information,2026-07-02,2026-07-02,needs_review,
cms-394012,CLARKS SUMMIT STATE HOSPITAL,hospital,1451 HILLSIDE DRIVE,CLARKS SUMMIT,PA,LACKAWANNA,18411,41.478103994126,-75.742283966211,(570) 586-2011,,CMS Hospital General Information,https://data.cms.gov/provider-data/dataset/xubh-q36u,2026-07-02,"Fields copied from the official CMS Hospital General Information CSV: facility name, address, city, state, ZIP code, county, phone, hospital type, ownership and emergency services flag. Hospital type: Psychiatric. Ownership: Government - State. Emergency services listed by CMS: No. Coordinates from the U.S. Census Bureau batch geocoder (Exact address match). CMS quality ratings and measures were intentionally not copied. Daily hours, prices and insurance details were not supplied by this intake.",394012,Hospital General Information,2026-07-02,2026-07-02,needs_review,
cms-394016,WARREN STATE HOSPITAL,hospital,33 MAIN DRIVE,NORTH WARREN,PA,WARREN,16365,41.878915407689,-79.145293127706,(814) 723-5500,,CMS Hospital General Information,https://data.cms.gov/provider-data/dataset/xubh-q36u,2026-07-02,"Fields copied from the official CMS Hospital General Information CSV: facility name, address, city, state, ZIP code, county, phone, hospital type, ownership and emergency services flag. Hospital type: Psychiatric. Ownership: Government - State. Emergency services listed by CMS: No. Coordinates from the U.S. Census Bureau batch geocoder (Exact address match). CMS quality ratings and measures were intentionally not copied. Daily hours, prices and insurance details were not supplied by this intake.",394016,Hospital General Information,2026-07-02,2026-07-02,needs_review,
cms-394023,BELMONT BEHAVIORAL HOSPITAL,hospital,4200 MONUMENT ROAD,PHILADELPHIA,PA,PHILADELPHIA,19131,40.001033944303,-75.215352396463,(215) 877-2000,,CMS Hospital General Information,https://data.cms.gov/provider-data/dataset/xubh-q36u,2026-07-02,"Fields copied from the official CMS Hospital General Information CSV: facility name, address, city, state, ZIP code, county, phone, hospital type, ownership and emergency services flag. Hospital type: Psychiatric. Ownership: Voluntary non-profit - Private. Emergency services listed by CMS: No. Coordinates from the U.S. Census Bureau batch geocoder (Exact address match). CMS quality ratings and measures were intentionally not copied. Daily hours, prices and insurance details were not supplied by this intake.",394023,Hospital General Information,2026-07-02,2026-07-02,needs_review,
cms-394026,TORRANCE STATE HOSPITAL,hospital,121 LONGVIEW DRIVE,TORRANCE,PA,WESTMORELAND,15779,40.415262707616,-79.2380079063,(724) 459-8000,,CMS Hospital General Information,https://data.cms.gov/provider-data/dataset/xubh-q36u,2026-07-02,"Fields copied from the official CMS Hospital General Information CSV: facility name, address, city, state, ZIP code, county, phone, hospital type, ownership and emergency services flag. Hospital type: Psychiatric. Ownership: Government - State. Emergency services listed by CMS: No. Coordinates from the U.S. Census Bureau batch geocoder (Exact address match). CMS quality ratings and measures were intentionally not copied. Daily hours, prices and insurance details were not supplied by this intake.",394026,Hospital General Information,2026-07-02,2026-07-02,needs_review,
cms-394027,FAIRMOUNT BEHAVIORAL HEALTH SYSTEM,hospital,561 FAIRTHORNE AVENUE,PHILADELPHIA,PA,PHILADELPHIA,19128,40.042862924466,-75.222993312271,(215) 487-4000,,CMS Hospital General Information,https://data.cms.gov/provider-data/dataset/xubh-q36u,2026-07-02,"Fields copied from the official CMS Hospital General Information CSV: facility name, address, city, state, ZIP code, county, phone, hospital type, ownership and emergency services flag. Hospital type: Psychiatric. Ownership: Proprietary. Emergency services listed by CMS: No. Coordinates from the U.S. Census Bureau batch geocoder (Exact address match). CMS quality ratings and measures were intentionally not copied. Daily hours, prices and insurance details were not supplied by this intake.",394027,Hospital General Information,2026-07-02,2026-07-02,needs_review,
cms-394033,MONTGOMERY COUNTY EMERGENCY SERVICE,hospital,50 BEECH DRIVE,NORRISTOWN,PA,MONTGOMERY,19403,40.136908366215,-75.35205780585,(610) 279-6100,,CMS Hospital General Information,https://data.cms.gov/provider-data/dataset/xubh-q36u,2026-07-02,"Fields copied from the official CMS Hospital General Information CSV: facility name, address, city, state, ZIP code, county, phone, hospital type, ownership and emergency services flag. Hospital type: Psychiatric. Ownership: Voluntary non-profit - Private. Emergency services listed by CMS: No. Coordinates from the U.S. Census Bureau batch geocoder (Exact address match). CMS quality ratings and measures were intentionally not copied. Daily hours, prices and insurance details were not supplied by this intake.",394033,Hospital General Information,2026-07-02,2026-07-02,needs_review,
cms-394034,HORSHAM CLINIC,hospital,722 EAST BUTLER PIKE,AMBLER,PA,MONTGOMERY,19002,40.188145318766,-75.183648061878,(215) 643-7800,Emergency services,CMS Hospital General Information,https://data.cms.gov/provider-data/dataset/xubh-q36u,2026-07-02,"Fields copied from the official CMS Hospital General Information CSV: facility name, address, city, state, ZIP code, county, phone, hospital type, ownership and emergency services flag. Hospital type: Psychiatric. Ownership: Proprietary. Emergency services listed by CMS: Yes. Coordinates from the U.S. Census Bureau batch geocoder (Exact address match). CMS quality ratings and measures were intentionally not copied. Daily hours, prices and insurance details were not supplied by this intake.",394034,Hospital General Information,2026-07-02,2026-07-02,needs_review,"{""services"":{""field"":""services"",""status"":""source_backed"",""sourceUrl"":""https://data.cms.gov/provider-data/dataset/xubh-q36u"",""sourceTitle"":""CMS Hospital General Information"",""checkedDate"":""2026-07-02"",""sourceType"":""federal_open_data"",""locationSpecific"":true,""reviewerNote"":""Emergency services flag copied from the official CMS Hospital General Information row for this facility.""}}"
cms-394038,FOUNDATIONS BEHAVIORAL HEALTH,hospital,833 EAST BUTLER AVE,DOYLESTOWN,PA,BUCKS,18901,40.299694351437,-75.156486007662,(215) 345-0444,,CMS Hospital General Information,https://data.cms.gov/provider-data/dataset/xubh-q36u,2026-07-02,"Fields copied from the official CMS Hospital General Information CSV: facility name, address, city, state, ZIP code, county, phone, hospital type, ownership and emergency services flag. Hospital type: Psychiatric. Ownership: Voluntary non-profit - Private. Emergency services listed by CMS: No. Coordinates from the U.S. Census Bureau batch geocoder (Exact address match). CMS quality ratings and measures were intentionally not copied. Daily hours, prices and insurance details were not supplied by this intake.",394038,Hospital General Information,2026-07-02,2026-07-02,needs_review,
cms-394043,CLARION PSYCHIATRIC CENTER,hospital,TWO HOSPITAL DR RD#3 BOX 188,CLARION,PA,CLARION,16214,41.190166323313,-79.396886585367,(814) 226-9545,Emergency services,CMS Hospital General Information,https://data.cms.gov/provider-data/dataset/xubh-q36u,2026-07-02,"Fields copied from the official CMS Hospital General Information CSV: facility name, address, city, state, ZIP code, county, phone, hospital type, ownership and emergency services flag. Hospital type: Psychiatric. Ownership: Proprietary. Emergency services listed by CMS: Yes. Coordinates from the U.S. Census Bureau batch geocoder (Non_Exact address match). CMS quality ratings and measures were intentionally not copied. Daily hours, prices and insurance details were not supplied by this intake.",394043,Hospital General Information,2026-07-02,2026-07-02,needs_review,"{""services"":{""field"":""services"",""status"":""source_backed"",""sourceUrl"":""https://data.cms.gov/provider-data/dataset/xubh-q36u"",""sourceTitle"":""CMS Hospital General Information"",""checkedDate"":""2026-07-02"",""sourceType"":""federal_open_data"",""locationSpecific"":true,""reviewerNote"":""Emergency services flag copied from the official CMS Hospital General Information row for this facility.""}}"
cms-394049,BROOKE GLEN BEHAVIORAL HOSPITAL,hospital,7170 LAFAYETTE AVENUE,FORT WASHINGTON,PA,MONTGOMERY,19034,40.134988229794,-75.216178765305,(215) 641-5300,,CMS Hospital General Information,https://data.cms.gov/provider-data/dataset/xubh-q36u,2026-07-02,"Fields copied from the official CMS Hospital General Information CSV: facility name, address, city, state, ZIP code, county, phone, hospital type, ownership and emergency services flag. Hospital type: Psychiatric. Ownership: Voluntary non-profit - Private. Emergency services listed by CMS: No. Coordinates from the U.S. Census Bureau batch geocoder (Exact address match). CMS quality ratings and measures were intentionally not copied. Daily hours, prices and insurance details were not supplied by this intake.",394049,Hospital General Information,2026-07-02,2026-07-02,needs_review,
cms-394050,ROXBURY TREATMENT CENTER,hospital,601 ROXBURY ROAD,SHIPPENSBURG,PA,CUMBERLAND,17257,40.05448161816,-77.53884216671,(717) 532-4217,,CMS Hospital General Information,https://data.cms.gov/provider-data/dataset/xubh-q36u,2026-07-02,"Fields copied from the official CMS Hospital General Information CSV: facility name, address, city, state, ZIP code, county, phone, hospital type, ownership and emergency services flag. Hospital type: Psychiatric. Ownership: Proprietary. Emergency services listed by CMS: No. Coordinates from the U.S. Census Bureau batch geocoder (Exact address match). CMS quality ratings and measures were intentionally not copied. Daily hours, prices and insurance details were not supplied by this intake.",394050,Hospital General Information,2026-07-02,2026-07-02,needs_review,
cms-394051,PENNSYLVANIA PSYCHIATRIC INSTITUTE,hospital,2501 NORTH THIRD STREET,HARRISBURG,PA,DAUPHIN,17110,40.285577152077,-76.898692660207,(717) 782-4742,Emergency services,CMS Hospital General Information,https://data.cms.gov/provider-data/dataset/xubh-q36u,2026-07-02,"Fields copied from the official CMS Hospital General Information CSV: facility name, address, city, state, ZIP code, county, phone, hospital type, ownership and emergency services flag. Hospital type: Psychiatric. Ownership: Proprietary. Emergency services listed by CMS: Yes. Coordinates from the U.S. Census Bureau batch geocoder (Exact address match). CMS quality ratings and measures were intentionally not copied. Daily hours, prices and insurance details were not supplied by this intake.",394051,Hospital General Information,2026-07-02,2026-07-02,needs_review,"{""services"":{""field"":""services"",""status"":""source_backed"",""sourceUrl"":""https://data.cms.gov/provider-data/dataset/xubh-q36u"",""sourceTitle"":""CMS Hospital General Information"",""checkedDate"":""2026-07-02"",""sourceType"":""federal_open_data"",""locationSpecific"":true,""reviewerNote"":""Emergency services flag copied from the official CMS Hospital General Information row for this facility.""}}"
cms-394052,HAVEN BEHAVIORAL HOSPITAL OF EASTERN PENNSYLVANIA,hospital,145 NORTH 6TH STREET,READING,PA,BERKS,19601,40.337610275841,-75.925762970519,(610) 406-4340,,CMS Hospital General Information,https://data.cms.gov/provider-data/dataset/xubh-q36u,2026-07-02,"Fields copied from the official CMS Hospital General Information CSV: facility name, address, city, state, ZIP code, county, phone, hospital type, ownership and emergency services flag. Hospital type: Psychiatric. Ownership: Proprietary. Emergency services listed by CMS: No. Coordinates from the U.S. Census Bureau batch geocoder (Exact address match). CMS quality ratings and measures were intentionally not copied. Daily hours, prices and insurance details were not supplied by this intake.",394052,Hospital General Information,2026-07-02,2026-07-02,needs_review,
cms-394053,HAVEN BEHAVIORAL HOSPITAL OF PHILADELPHIA,hospital,3300 HENRY AVENUE UNIT 4,PHILADELPHIA,PA,PHILADELPHIA,19129,40.010571173053,-75.181302731954,(215) 475-3400,,CMS Hospital General Information,https://data.cms.gov/provider-data/dataset/xubh-q36u,2026-07-02,"Fields copied from the official CMS Hospital General Information CSV: facility name, address, city, state, ZIP code, county, phone, hospital type, ownership and emergency services flag. Hospital type: Psychiatric. Ownership: Proprietary. Emergency services listed by CMS: No. Coordinates from the U.S. Census Bureau batch geocoder (Exact address match). CMS quality ratings and measures were intentionally not copied. Daily hours, prices and insurance details were not supplied by this intake.",394053,Hospital General Information,2026-07-02,2026-07-02,needs_review,
cms-394055,LANCASTER BEHAVIORAL HEALTH HOSPITAL,hospital,333 HARRISBURG AVENUE,LANCASTER,PA,LANCASTER,17603,40.048422516278,-76.314690469118,(717) 740-4100,,CMS Hospital General Information,https://data.cms.gov/provider-data/dataset/xubh-q36u,2026-07-02,"Fields copied from the official CMS Hospital General Information CSV: facility name, address, city, state, ZIP code, county, phone, hospital type, ownership and emergency services flag. Hospital type: Psychiatric. Ownership: Voluntary non-profit - Other. Emergency services listed by CMS: No. Coordinates from the U.S. Census Bureau batch geocoder (Exact address match). CMS quality ratings and measures were intentionally not copied. Daily hours, prices and insurance details were not supplied by this intake.",394055,Hospital General Information,2026-07-02,2026-07-02,needs_review,
cms-394057,MALVERN BEHAVIORAL HEALTH,hospital,1930 SOUTH BROAD STREET,PHILADELPHIA,PA,PHILADELPHIA,19145,39.926424559427,-75.169386479053,(610) 647-0330,,CMS Hospital General Information,https://data.cms.gov/provider-data/dataset/xubh-q36u,2026-07-02,"Fields copied from the official CMS Hospital General Information CSV: facility name, address, city, state, ZIP code, county, phone, hospital type, ownership and emergency services flag. Hospital type: Psychiatric. Ownership: Voluntary non-profit - Other. Emergency services listed by CMS: No. Coordinates from the U.S. Census Bureau batch geocoder (Exact address match). CMS quality ratings and measures were intentionally not copied. Daily hours, prices and insurance details were not supplied by this intake.",394057,Hospital General Information,2026-07-02,2026-07-02,needs_review,
cms-394058,BERWICK HOSPITAL CENTER,hospital,701 EAST 16TH STREET,BERWICK,PA,COLUMBIA,18603,41.0701701693,-76.230987329409,(570) 759-5000,,CMS Hospital General Information,https://data.cms.gov/provider-data/dataset/xubh-q36u,2026-07-02,"Fields copied from the official CMS Hospital General Information CSV: facility name, address, city, state, ZIP code, county, phone, hospital type, ownership and emergency services flag. Hospital type: Psychiatric. Ownership: Proprietary. Emergency services listed by CMS: No. Coordinates from the U.S. Census Bureau batch geocoder (Exact address match). CMS quality ratings and measures were intentionally not copied. Daily hours, prices and insurance details were not supplied by this intake.",394058,Hospital General Information,2026-07-02,2026-07-02,needs_review,
cms-394059,GEISINGER BEHAVIORAL HEALTH CENTER NORTHEAST,hospital,60 GLENMAURA NATIONAL BOULEVARD,MOOSIC,PA,LACKAWANNA,18507,41.35819063757,-75.676752260895,(570) 301-5000,,CMS Hospital General Information,https://data.cms.gov/provider-data/dataset/xubh-q36u,2026-07-02,"Fields copied from the official CMS Hospital General Information CSV: facility name, address, city, state, ZIP code, county, phone, hospital type, ownership and emergency services flag. Hospital type: Psychiatric. Ownership: Proprietary. Emergency services listed by CMS: No. Coordinates from the U.S. Census Bureau batch geocoder (Exact address match). CMS quality ratings and measures were intentionally not copied. Daily hours, prices and insurance details were not supplied by this intake.",394059,Hospital General Information,2026-07-02,2026-07-02,needs_review,
cms-394062,HAVEN BEHAVIORAL HOSPITAL OF WEST CHESTER,hospital,400 EAST MARSHALL STREET,WEST CHESTER,PA,CHESTER,19380,39.969111409065,-75.602190788659,(484) 835-2050,,CMS Hospital General Information,https://data.cms.gov/provider-data/dataset/xubh-q36u,2026-07-02,"Fields copied from the official CMS Hospital General Information CSV: facility name, address, city, state, ZIP code, county, phone, hospital type, ownership and emergency services flag. Hospital type: Psychiatric. Ownership: Proprietary. Emergency services listed by CMS: No. Coordinates from the U.S. Census Bureau batch geocoder (Exact address match). CMS quality ratings and measures were intentionally not copied. Daily hours, prices and insurance details were not supplied by this intake.",394062,Hospital General Information,2026-07-02,2026-07-02,needs_review,
cms-410004,ROGER WILLIAMS MEDICAL CENTER,hospital,825 CHALKSTONE AVENUE,PROVIDENCE,RI,PROVIDENCE,02908,41.834046106806,-71.434322525691,(401) 456-2025,Emergency services,CMS Hospital General Information,https://data.cms.gov/provider-data/dataset/xubh-q36u,2026-07-02,"Fields copied from the official CMS Hospital General Information CSV: facility name, address, city, state, ZIP code, county, phone, hospital type, ownership and emergency services flag. Hospital type: Acute Care Hospitals. Ownership: Proprietary. Emergency services listed by CMS: Yes. Coordinates from the U.S. Census Bureau batch geocoder (Exact address match). CMS quality ratings and measures were intentionally not copied. Daily hours, prices and insurance details were not supplied by this intake.",410004,Hospital General Information,2026-07-02,2026-07-02,needs_review,"{""services"":{""field"":""services"",""status"":""source_backed"",""sourceUrl"":""https://data.cms.gov/provider-data/dataset/xubh-q36u"",""sourceTitle"":""CMS Hospital General Information"",""checkedDate"":""2026-07-02"",""sourceType"":""federal_open_data"",""locationSpecific"":true,""reviewerNote"":""Emergency services flag copied from the official CMS Hospital General Information row for this facility.""}}"
cms-410005,OUR LADY OF FATIMA HOSPITAL,hospital,200 HIGH SERVICE AVENUE,NORTH PROVIDENCE,RI,PROVIDENCE,02904,41.856687901371,-71.460663233926,(401) 456-3000,Emergency services,CMS Hospital General Information,https://data.cms.gov/provider-data/dataset/xubh-q36u,2026-07-02,"Fields copied from the official CMS Hospital General Information CSV: facility name, address, city, state, ZIP code, county, phone, hospital type, ownership and emergency services flag. Hospital type: Acute Care Hospitals. Ownership: Proprietary. Emergency services listed by CMS: Yes. Coordinates from the U.S. Census Bureau batch geocoder (Exact address match). CMS quality ratings and measures were intentionally not copied. Daily hours, prices and insurance details were not supplied by this intake.",410005,Hospital General Information,2026-07-02,2026-07-02,needs_review,"{""services"":{""field"":""services"",""status"":""source_backed"",""sourceUrl"":""https://data.cms.gov/provider-data/dataset/xubh-q36u"",""sourceTitle"":""CMS Hospital General Information"",""checkedDate"":""2026-07-02"",""sourceType"":""federal_open_data"",""locationSpecific"":true,""reviewerNote"":""Emergency services flag copied from the official CMS Hospital General Information row for this facility.""}}"
cms-410006,NEWPORT HOSPITAL,hospital,11 FRIENDSHIP STREET,NEWPORT,RI,NEWPORT,02840,41.497621987067,-71.305999997157,(401) 846-6400,Emergency services,CMS Hospital General Information,https://data.cms.gov/provider-data/dataset/xubh-q36u,2026-07-02,"Fields copied from the official CMS Hospital General Information CSV: facility name, address, city, state, ZIP code, county, phone, hospital type, ownership and emergency services flag. Hospital type: Acute Care Hospitals. Ownership: Voluntary non-profit - Private. Emergency services listed by CMS: Yes. Coordinates from the U.S. Census Bureau batch geocoder (Exact address match). CMS quality ratings and measures were intentionally not copied. Daily hours, prices and insurance details were not supplied by this intake.",410006,Hospital General Information,2026-07-02,2026-07-02,needs_review,"{""services"":{""field"":""services"",""status"":""source_backed"",""sourceUrl"":""https://data.cms.gov/provider-data/dataset/xubh-q36u"",""sourceTitle"":""CMS Hospital General Information"",""checkedDate"":""2026-07-02"",""sourceType"":""federal_open_data"",""locationSpecific"":true,""reviewerNote"":""Emergency services flag copied from the official CMS Hospital General Information row for this facility.""}}"
cms-410008,SOUTH COUNTY HOSPITAL INC,hospital,100 KENYON AVE,WAKEFIELD,RI,WASHINGTON,02879,41.432221904179,-71.496753221839,(401) 782-8000,Emergency services,CMS Hospital General Information,https://data.cms.gov/provider-data/dataset/xubh-q36u,2026-07-02,"Fields copied from the official CMS Hospital General Information CSV: facility name, address, city, state, ZIP code, county, phone, hospital type, ownership and emergency services flag. Hospital type: Acute Care Hospitals. Ownership: Voluntary non-profit - Private. Emergency services listed by CMS: Yes. Coordinates from the U.S. Census Bureau batch geocoder (Exact address match). CMS quality ratings and measures were intentionally not copied. Daily hours, prices and insurance details were not supplied by this intake.",410008,Hospital General Information,2026-07-02,2026-07-02,needs_review,"{""services"":{""field"":""services"",""status"":""source_backed"",""sourceUrl"":""https://data.cms.gov/provider-data/dataset/xubh-q36u"",""sourceTitle"":""CMS Hospital General Information"",""checkedDate"":""2026-07-02"",""sourceType"":""federal_open_data"",""locationSpecific"":true,""reviewerNote"":""Emergency services flag copied from the official CMS Hospital General Information row for this facility.""}}"
cms-410009,KENT COUNTY MEMORIAL HOSPITAL,hospital,455 TOLL GATE RD,WARWICK,RI,KENT,02886,41.704628145854,-71.478101034213,(401) 737-7010,Emergency services,CMS Hospital General Information,https://data.cms.gov/provider-data/dataset/xubh-q36u,2026-07-02,"Fields copied from the official CMS Hospital General Information CSV: facility name, address, city, state, ZIP code, county, phone, hospital type, ownership and emergency services flag. Hospital type: Acute Care Hospitals. Ownership: Proprietary. Emergency services listed by CMS: Yes. Coordinates from the U.S. Census Bureau batch geocoder (Exact address match). CMS quality ratings and measures were intentionally not copied. Daily hours, prices and insurance details were not supplied by this intake.",410009,Hospital General Information,2026-07-02,2026-07-02,needs_review,"{""services"":{""field"":""services"",""status"":""source_backed"",""sourceUrl"":""https://data.cms.gov/provider-data/dataset/xubh-q36u"",""sourceTitle"":""CMS Hospital General Information"",""checkedDate"":""2026-07-02"",""sourceType"":""federal_open_data"",""locationSpecific"":true,""reviewerNote"":""Emergency services flag copied from the official CMS Hospital General Information row for this facility.""}}"
cms-410010,WOMEN & INFANTS HOSPITAL OF RHODE ISLAND,hospital,101 DUDLEY STREET,PROVIDENCE,RI,PROVIDENCE,02905,41.810276961686,-71.411298380038,(401) 274-1100,Emergency services,CMS Hospital General Information,https://data.cms.gov/provider-data/dataset/xubh-q36u,2026-07-02,"Fields copied from the official CMS Hospital General Information CSV: facility name, address, city, state, ZIP code, county, phone, hospital type, ownership and emergency services flag. Hospital type: Acute Care Hospitals. Ownership: Voluntary non-profit - Private. Emergency services listed by CMS: Yes. Coordinates from the U.S. Census Bureau batch geocoder (Exact address match). CMS quality ratings and measures were intentionally not copied. Daily hours, prices and insurance details were not supplied by this intake.",410010,Hospital General Information,2026-07-02,2026-07-02,needs_review,"{""services"":{""field"":""services"",""status"":""source_backed"",""sourceUrl"":""https://data.cms.gov/provider-data/dataset/xubh-q36u"",""sourceTitle"":""CMS Hospital General Information"",""checkedDate"":""2026-07-02"",""sourceType"":""federal_open_data"",""locationSpecific"":true,""reviewerNote"":""Emergency services flag copied from the official CMS Hospital General Information row for this facility.""}}"
cms-410011,LANDMARK MEDICAL CENTER,hospital,115 CASS AVENUE,WOONSOCKET,RI,PROVIDENCE,02895,42.005241866766,-71.496283145402,(401) 769-4100,Emergency services,CMS Hospital General Information,https://data.cms.gov/provider-data/dataset/xubh-q36u,2026-07-02,"Fields copied from the official CMS Hospital General Information CSV: facility name, address, city, state, ZIP code, county, phone, hospital type, ownership and emergency services flag. Hospital type: Acute Care Hospitals. Ownership: Voluntary non-profit - Private. Emergency services listed by CMS: Yes. Coordinates from the U.S. Census Bureau batch geocoder (Exact address match). CMS quality ratings and measures were intentionally not copied. Daily hours, prices and insurance details were not supplied by this intake.",410011,Hospital General Information,2026-07-02,2026-07-02,needs_review,"{""services"":{""field"":""services"",""status"":""source_backed"",""sourceUrl"":""https://data.cms.gov/provider-data/dataset/xubh-q36u"",""sourceTitle"":""CMS Hospital General Information"",""checkedDate"":""2026-07-02"",""sourceType"":""federal_open_data"",""locationSpecific"":true,""reviewerNote"":""Emergency services flag copied from the official CMS Hospital General Information row for this facility.""}}"
cms-410012,THE MIRIAM HOSPITAL,hospital,164 SUMMIT AVENUE,PROVIDENCE,RI,PROVIDENCE,02906,41.851210394131,-71.397910198872,(401) 793-2500,Emergency services,CMS Hospital General Information,https://data.cms.gov/provider-data/dataset/xubh-q36u,2026-07-02,"Fields copied from the official CMS Hospital General Information CSV: facility name, address, city, state, ZIP code, county, phone, hospital type, ownership and emergency services flag. Hospital type: Acute Care Hospitals. Ownership: Voluntary non-profit - Private. Emergency services listed by CMS: Yes. Coordinates from the U.S. Census Bureau batch geocoder (Exact address match). CMS quality ratings and measures were intentionally not copied. Daily hours, prices and insurance details were not supplied by this intake.",410012,Hospital General Information,2026-07-02,2026-07-02,needs_review,"{""services"":{""field"":""services"",""status"":""source_backed"",""sourceUrl"":""https://data.cms.gov/provider-data/dataset/xubh-q36u"",""sourceTitle"":""CMS Hospital General Information"",""checkedDate"":""2026-07-02"",""sourceType"":""federal_open_data"",""locationSpecific"":true,""reviewerNote"":""Emergency services flag copied from the official CMS Hospital General Information row for this facility.""}}"
cms-410013,WESTERLY HOSPITAL,hospital,25 WELLS STREET,WESTERLY,RI,WASHINGTON,02891,41.362830775057,-71.824787230143,(401) 596-6000,Emergency services,CMS Hospital General Information,https://data.cms.gov/provider-data/dataset/xubh-q36u,2026-07-02,"Fields copied from the official CMS Hospital General Information CSV: facility name, address, city, state, ZIP code, county, phone, hospital type, ownership and emergency services flag. Hospital type: Acute Care Hospitals. Ownership: Voluntary non-profit - Private. Emergency services listed by CMS: Yes. Coordinates from the U.S. Census Bureau batch geocoder (Exact address match). CMS quality ratings and measures were intentionally not copied. Daily hours, prices and insurance details were not supplied by this intake.",410013,Hospital General Information,2026-07-02,2026-07-02,needs_review,"{""services"":{""field"":""services"",""status"":""source_backed"",""sourceUrl"":""https://data.cms.gov/provider-data/dataset/xubh-q36u"",""sourceTitle"":""CMS Hospital General Information"",""checkedDate"":""2026-07-02"",""sourceType"":""federal_open_data"",""locationSpecific"":true,""reviewerNote"":""Emergency services flag copied from the official CMS Hospital General Information row for this facility.""}}"
cms-41005f,PROVIDENCE VA MEDICAL CENTER,hospital,830 CHALKSTONE AVENUE,PROVIDENCE,RI,PROVIDENCE,02908,41.833573066524,-71.435658411056,(401) 457-3042,Emergency services,CMS Hospital General Information,https://data.cms.gov/provider-data/dataset/xubh-q36u,2026-07-02,"Fields copied from the official CMS Hospital General Information CSV: facility name, address, city, state, ZIP code, county, phone, hospital type, ownership and emergency services flag. Hospital type: Acute Care - Veterans Administration. Ownership: Veterans Health Administration. Emergency services listed by CMS: Yes. Coordinates from the U.S. Census Bureau batch geocoder (Exact address match). CMS quality ratings and measures were intentionally not copied. Daily hours, prices and insurance details were not supplied by this intake.",41005F,Hospital General Information,2026-07-02,2026-07-02,needs_review,"{""services"":{""field"":""services"",""status"":""source_backed"",""sourceUrl"":""https://data.cms.gov/provider-data/dataset/xubh-q36u"",""sourceTitle"":""CMS Hospital General Information"",""checkedDate"":""2026-07-02"",""sourceType"":""federal_open_data"",""locationSpecific"":true,""reviewerNote"":""Emergency services flag copied from the official CMS Hospital General Information row for this facility.""}}"
cms-414000,BUTLER HOSPITAL,hospital,345 BLACKSTONE BLVD,PROVIDENCE,RI,PROVIDENCE,02906,41.844403030283,-71.386372388713,(401) 455-6270,,CMS Hospital General Information,https://data.cms.gov/provider-data/dataset/xubh-q36u,2026-07-02,"Fields copied from the official CMS Hospital General Information CSV: facility name, address, city, state, ZIP code, county, phone, hospital type, ownership and emergency services flag. Hospital type: Psychiatric. Ownership: Voluntary non-profit - Private. Emergency services listed by CMS: No. Coordinates from the U.S. Census Bureau batch geocoder (Exact address match). CMS quality ratings and measures were intentionally not copied. Daily hours, prices and insurance details were not supplied by this intake.",414000,Hospital General Information,2026-07-02,2026-07-02,needs_review,
cms-414003,EMMA PENDLETON BRADLEY HOSPITAL,hospital,1011 VETERANS MEMORIAL PARKWAY,EAST PROVIDENCE,RI,PROVIDENCE,02915,41.792200431618,-71.365827849388,(401) 432-1000,Emergency services,CMS Hospital General Information,https://data.cms.gov/provider-data/dataset/xubh-q36u,2026-07-02,"Fields copied from the official CMS Hospital General Information CSV: facility name, address, city, state, ZIP code, county, phone, hospital type, ownership and emergency services flag. Hospital type: Psychiatric. Ownership: Voluntary non-profit - Private. Emergency services listed by CMS: Yes. Coordinates from the U.S. Census Bureau batch geocoder (Non_Exact address match). CMS quality ratings and measures were intentionally not copied. Daily hours, prices and insurance details were not supplied by this intake.",414003,Hospital General Information,2026-07-02,2026-07-02,needs_review,"{""services"":{""field"":""services"",""status"":""source_backed"",""sourceUrl"":""https://data.cms.gov/provider-data/dataset/xubh-q36u"",""sourceTitle"":""CMS Hospital General Information"",""checkedDate"":""2026-07-02"",""sourceType"":""federal_open_data"",""locationSpecific"":true,""reviewerNote"":""Emergency services flag copied from the official CMS Hospital General Information row for this facility.""}}"
cms-470003,UNIV. OF VERMONT - FLETCHER ALLEN HEALTH CARE,hospital,111 COLCHESTER AVE,BURLINGTON,VT,CHITTENDEN,05401,44.481924097893,-73.193268090723,(802) 847-0000,Emergency services,CMS Hospital General Information,https://data.cms.gov/provider-data/dataset/xubh-q36u,2026-07-02,"Fields copied from the official CMS Hospital General Information CSV: facility name, address, city, state, ZIP code, county, phone, hospital type, ownership and emergency services flag. Hospital type: Acute Care Hospitals. Ownership: Voluntary non-profit - Other. Emergency services listed by CMS: Yes. Coordinates from the U.S. Census Bureau batch geocoder (Exact address match). CMS quality ratings and measures were intentionally not copied. Daily hours, prices and insurance details were not supplied by this intake.",470003,Hospital General Information,2026-07-02,2026-07-02,needs_review,"{""services"":{""field"":""services"",""status"":""source_backed"",""sourceUrl"":""https://data.cms.gov/provider-data/dataset/xubh-q36u"",""sourceTitle"":""CMS Hospital General Information"",""checkedDate"":""2026-07-02"",""sourceType"":""federal_open_data"",""locationSpecific"":true,""reviewerNote"":""Emergency services flag copied from the official CMS Hospital General Information row for this facility.""}}"
cms-470005,RUTLAND REGIONAL MEDICAL CENTER,hospital,160 ALLEN ST,RUTLAND,VT,RUTLAND,05701,43.598994176753,-72.956705252171,(802) 775-7111,Emergency services,CMS Hospital General Information,https://data.cms.gov/provider-data/dataset/xubh-q36u,2026-07-02,"Fields copied from the official CMS Hospital General Information CSV: facility name, address, city, state, ZIP code, county, phone, hospital type, ownership and emergency services flag. Hospital type: Acute Care Hospitals. Ownership: Voluntary non-profit - Private. Emergency services listed by CMS: Yes. Coordinates from the U.S. Census Bureau batch geocoder (Exact address match). CMS quality ratings and measures were intentionally not copied. Daily hours, prices and insurance details were not supplied by this intake.",470005,Hospital General Information,2026-07-02,2026-07-02,needs_review,"{""services"":{""field"":""services"",""status"":""source_backed"",""sourceUrl"":""https://data.cms.gov/provider-data/dataset/xubh-q36u"",""sourceTitle"":""CMS Hospital General Information"",""checkedDate"":""2026-07-02"",""sourceType"":""federal_open_data"",""locationSpecific"":true,""reviewerNote"":""Emergency services flag copied from the official CMS Hospital General Information row for this facility.""}}"
cms-470011,BRATTLEBORO MEMORIAL HOSPITAL,hospital,17 BELMONT AVE,BRATTLEBORO,VT,WINDHAM,05301,42.842344777533,-72.56576016389,(802) 257-0341,Emergency services,CMS Hospital General Information,https://data.cms.gov/provider-data/dataset/xubh-q36u,2026-07-02,"Fields copied from the official CMS Hospital General Information CSV: facility name, address, city, state, ZIP code, county, phone, hospital type, ownership and emergency services flag. Hospital type: Acute Care Hospitals. Ownership: Voluntary non-profit - Private. Emergency services listed by CMS: Yes. Coordinates from the U.S. Census Bureau batch geocoder (Exact address match). CMS quality ratings and measures were intentionally not copied. Daily hours, prices and insurance details were not supplied by this intake.",470011,Hospital General Information,2026-07-02,2026-07-02,needs_review,"{""services"":{""field"":""services"",""status"":""source_backed"",""sourceUrl"":""https://data.cms.gov/provider-data/dataset/xubh-q36u"",""sourceTitle"":""CMS Hospital General Information"",""checkedDate"":""2026-07-02"",""sourceType"":""federal_open_data"",""locationSpecific"":true,""reviewerNote"":""Emergency services flag copied from the official CMS Hospital General Information row for this facility.""}}"
cms-470012,SOUTHWESTERN VERMONT MEDICAL CENTER,hospital,100 HOSPITAL DRIVE,BENNINGTON,VT,BENNINGTON,05201,42.873340934465,-73.206880598608,(802) 442-6361,Emergency services,CMS Hospital General Information,https://data.cms.gov/provider-data/dataset/xubh-q36u,2026-07-02,"Fields copied from the official CMS Hospital General Information CSV: facility name, address, city, state, ZIP code, county, phone, hospital type, ownership and emergency services flag. Hospital type: Acute Care Hospitals. Ownership: Voluntary non-profit - Private. Emergency services listed by CMS: Yes. Coordinates from the U.S. Census Bureau batch geocoder (Exact address match). CMS quality ratings and measures were intentionally not copied. Daily hours, prices and insurance details were not supplied by this intake.",470012,Hospital General Information,2026-07-02,2026-07-02,needs_review,"{""services"":{""field"":""services"",""status"":""source_backed"",""sourceUrl"":""https://data.cms.gov/provider-data/dataset/xubh-q36u"",""sourceTitle"":""CMS Hospital General Information"",""checkedDate"":""2026-07-02"",""sourceType"":""federal_open_data"",""locationSpecific"":true,""reviewerNote"":""Emergency services flag copied from the official CMS Hospital General Information row for this facility.""}}"
cms-47001f,WHITE RIVER JCT VA MEDICAL CENTER,hospital,163 VETERANS DRIVE,WHITE RIVER JUNCTION,VT,WINDSOR,05009,43.648033738375,-72.342670247655,(802) 295-9363,Emergency services,CMS Hospital General Information,https://data.cms.gov/provider-data/dataset/xubh-q36u,2026-07-02,"Fields copied from the official CMS Hospital General Information CSV: facility name, address, city, state, ZIP code, county, phone, hospital type, ownership and emergency services flag. Hospital type: Acute Care - Veterans Administration. Ownership: Veterans Health Administration. Emergency services listed by CMS: Yes. Coordinates from the U.S. Census Bureau batch geocoder (Non_Exact address match). CMS quality ratings and measures were intentionally not copied. Daily hours, prices and insurance details were not supplied by this intake.",47001F,Hospital General Information,2026-07-02,2026-07-02,needs_review,"{""services"":{""field"":""services"",""status"":""source_backed"",""sourceUrl"":""https://data.cms.gov/provider-data/dataset/xubh-q36u"",""sourceTitle"":""CMS Hospital General Information"",""checkedDate"":""2026-07-02"",""sourceType"":""federal_open_data"",""locationSpecific"":true,""reviewerNote"":""Emergency services flag copied from the official CMS Hospital General Information row for this facility.""}}"
cms-470024,NORTHWESTERN MEDICAL CENTER INC,hospital,133 FAIRFIELD STREET,SAINT ALBANS,VT,FRANKLIN,05478,44.806563738897,-73.072677199058,(802) 524-5911,Emergency services,CMS Hospital General Information,https://data.cms.gov/provider-data/dataset/xubh-q36u,2026-07-02,"Fields copied from the official CMS Hospital General Information CSV: facility name, address, city, state, ZIP code, county, phone, hospital type, ownership and emergency services flag. Hospital type: Acute Care Hospitals. Ownership: Voluntary non-profit - Other. Emergency services listed by CMS: Yes. Coordinates from the U.S. Census Bureau batch geocoder (Exact address match). CMS quality ratings and measures were intentionally not copied. Daily hours, prices and insurance details were not supplied by this intake.",470024,Hospital General Information,2026-07-02,2026-07-02,needs_review,"{""services"":{""field"":""services"",""status"":""source_backed"",""sourceUrl"":""https://data.cms.gov/provider-data/dataset/xubh-q36u"",""sourceTitle"":""CMS Hospital General Information"",""checkedDate"":""2026-07-02"",""sourceType"":""federal_open_data"",""locationSpecific"":true,""reviewerNote"":""Emergency services flag copied from the official CMS Hospital General Information row for this facility.""}}"
cms-471301,GIFFORD MEDICAL CENTER,hospital,44 SOUTH MAIN STREET,RANDOLPH,VT,ORANGE,05060,43.915410372645,-72.665290944052,(802) 728-4441,Emergency services,CMS Hospital General Information,https://data.cms.gov/provider-data/dataset/xubh-q36u,2026-07-02,"Fields copied from the official CMS Hospital General Information CSV: facility name, address, city, state, ZIP code, county, phone, hospital type, ownership and emergency services flag. Hospital type: Critical Access Hospitals. Ownership: Voluntary non-profit - Private. Emergency services listed by CMS: Yes. Coordinates from the U.S. Census Bureau batch geocoder (Exact address match). CMS quality ratings and measures were intentionally not copied. Daily hours, prices and insurance details were not supplied by this intake.",471301,Hospital General Information,2026-07-02,2026-07-02,needs_review,"{""services"":{""field"":""services"",""status"":""source_backed"",""sourceUrl"":""https://data.cms.gov/provider-data/dataset/xubh-q36u"",""sourceTitle"":""CMS Hospital General Information"",""checkedDate"":""2026-07-02"",""sourceType"":""federal_open_data"",""locationSpecific"":true,""reviewerNote"":""Emergency services flag copied from the official CMS Hospital General Information row for this facility.""}}"
cms-471302,MT ASCUTNEY HOSPITAL,hospital,289 COUNTY ROAD,WINDSOR,VT,WINDSOR,05089,43.488407631422,-72.401686550852,(802) 674-6711,Emergency services,CMS Hospital General Information,https://data.cms.gov/provider-data/dataset/xubh-q36u,2026-07-02,"Fields copied from the official CMS Hospital General Information CSV: facility name, address, city, state, ZIP code, county, phone, hospital type, ownership and emergency services flag. Hospital type: Critical Access Hospitals. Ownership: Voluntary non-profit - Private. Emergency services listed by CMS: Yes. Coordinates from the U.S. Census Bureau batch geocoder (Exact address match). CMS quality ratings and measures were intentionally not copied. Daily hours, prices and insurance details were not supplied by this intake.",471302,Hospital General Information,2026-07-02,2026-07-02,needs_review,"{""services"":{""field"":""services"",""status"":""source_backed"",""sourceUrl"":""https://data.cms.gov/provider-data/dataset/xubh-q36u"",""sourceTitle"":""CMS Hospital General Information"",""checkedDate"":""2026-07-02"",""sourceType"":""federal_open_data"",""locationSpecific"":true,""reviewerNote"":""Emergency services flag copied from the official CMS Hospital General Information row for this facility.""}}"
cms-471303,NORTHEASTERN VERMONT REGIONAL HOSPITAL,hospital,1315 HOSPITAL DRIVE,SAINT JOHNSBURY,VT,CALEDONIA,05819,44.445335390345,-72.00942999309,(802) 748-7400,Emergency services,CMS Hospital General Information,https://data.cms.gov/provider-data/dataset/xubh-q36u,2026-07-02,"Fields copied from the official CMS Hospital General Information CSV: facility name, address, city, state, ZIP code, county, phone, hospital type, ownership and emergency services flag. Hospital type: Critical Access Hospitals. Ownership: Voluntary non-profit - Private. Emergency services listed by CMS: Yes. Coordinates from the U.S. Census Bureau batch geocoder (Exact address match). CMS quality ratings and measures were intentionally not copied. Daily hours, prices and insurance details were not supplied by this intake.",471303,Hospital General Information,2026-07-02,2026-07-02,needs_review,"{""services"":{""field"":""services"",""status"":""source_backed"",""sourceUrl"":""https://data.cms.gov/provider-data/dataset/xubh-q36u"",""sourceTitle"":""CMS Hospital General Information"",""checkedDate"":""2026-07-02"",""sourceType"":""federal_open_data"",""locationSpecific"":true,""reviewerNote"":""Emergency services flag copied from the official CMS Hospital General Information row for this facility.""}}"
cms-471304,NORTH COUNTRY HOSPITAL AND HEALTH CENTER,hospital,189 PROUTY DRIVE,NEWPORT,VT,ORLEANS,05855,44.95466437464,-72.200380885879,(802) 334-7331,Emergency services,CMS Hospital General Information,https://data.cms.gov/provider-data/dataset/xubh-q36u,2026-07-02,"Fields copied from the official CMS Hospital General Information CSV: facility name, address, city, state, ZIP code, county, phone, hospital type, ownership and emergency services flag. Hospital type: Critical Access Hospitals. Ownership: Voluntary non-profit - Private. Emergency services listed by CMS: Yes. Coordinates from the U.S. Census Bureau batch geocoder (Exact address match). CMS quality ratings and measures were intentionally not copied. Daily hours, prices and insurance details were not supplied by this intake.",471304,Hospital General Information,2026-07-02,2026-07-02,needs_review,"{""services"":{""field"":""services"",""status"":""source_backed"",""sourceUrl"":""https://data.cms.gov/provider-data/dataset/xubh-q36u"",""sourceTitle"":""CMS Hospital General Information"",""checkedDate"":""2026-07-02"",""sourceType"":""federal_open_data"",""locationSpecific"":true,""reviewerNote"":""Emergency services flag copied from the official CMS Hospital General Information row for this facility.""}}"
cms-471305,COPLEY HOSPITAL,hospital,528 WASHINGTON HIGHWAY,MORRISVILLE,VT,LAMOILLE,05661,44.554103910147,-72.591231077792,(802) 888-4231,Emergency services,CMS Hospital General Information,https://data.cms.gov/provider-data/dataset/xubh-q36u,2026-07-02,"Fields copied from the official CMS Hospital General Information CSV: facility name, address, city, state, ZIP code, county, phone, hospital type, ownership and emergency services flag. Hospital type: Critical Access Hospitals. Ownership: Voluntary non-profit - Private. Emergency services listed by CMS: Yes. Coordinates from the U.S. Census Bureau batch geocoder (Exact address match). CMS quality ratings and measures were intentionally not copied. Daily hours, prices and insurance details were not supplied by this intake.",471305,Hospital General Information,2026-07-02,2026-07-02,needs_review,"{""services"":{""field"":""services"",""status"":""source_backed"",""sourceUrl"":""https://data.cms.gov/provider-data/dataset/xubh-q36u"",""sourceTitle"":""CMS Hospital General Information"",""checkedDate"":""2026-07-02"",""sourceType"":""federal_open_data"",""locationSpecific"":true,""reviewerNote"":""Emergency services flag copied from the official CMS Hospital General Information row for this facility.""}}"
cms-471307,PORTER HOSPITAL INC,hospital,115 PORTER DRIVE,MIDDLEBURY,VT,ADDISON,05753,43.999314851672,-73.169140888223,(802) 388-4701,Emergency services,CMS Hospital General Information,https://data.cms.gov/provider-data/dataset/xubh-q36u,2026-07-02,"Fields copied from the official CMS Hospital General Information CSV: facility name, address, city, state, ZIP code, county, phone, hospital type, ownership and emergency services flag. Hospital type: Critical Access Hospitals. Ownership: Voluntary non-profit - Private. Emergency services listed by CMS: Yes. Coordinates from the U.S. Census Bureau batch geocoder (Exact address match). CMS quality ratings and measures were intentionally not copied. Daily hours, prices and insurance details were not supplied by this intake.",471307,Hospital General Information,2026-07-02,2026-07-02,needs_review,"{""services"":{""field"":""services"",""status"":""source_backed"",""sourceUrl"":""https://data.cms.gov/provider-data/dataset/xubh-q36u"",""sourceTitle"":""CMS Hospital General Information"",""checkedDate"":""2026-07-02"",""sourceType"":""federal_open_data"",""locationSpecific"":true,""reviewerNote"":""Emergency services flag copied from the official CMS Hospital General Information row for this facility.""}}"
cms-474004,VERMONT PSYCHIATRIC CARE HOSPITAL,hospital,350 FISHER ROAD,BERLIN,VT,WASHINGTON,05602,44.222175326832,-72.564931361858,(802) 888-6770,,CMS Hospital General Information,https://data.cms.gov/provider-data/dataset/xubh-q36u,2026-07-02,"Fields copied from the official CMS Hospital General Information CSV: facility name, address, city, state, ZIP code, county, phone, hospital type, ownership and emergency services flag. Hospital type: Psychiatric. Ownership: Government - State. Emergency services listed by CMS: No. Coordinates from the U.S. Census Bureau batch geocoder (Exact address match). CMS quality ratings and measures were intentionally not copied. Daily hours, prices and insurance details were not supplied by this intake.",474004,Hospital General Information,2026-07-02,2026-07-02,needs_review,
cms-490002,RUSSELL COUNTY HOSPITAL,hospital,58 CARROLL STREET,LEBANON,VA,RUSSELL,24266,36.898901821992,-82.078531410648,(276) 883-8000,Emergency services,CMS Hospital General Information,https://data.cms.gov/provider-data/dataset/xubh-q36u,2026-07-02,"Fields copied from the official CMS Hospital General Information CSV: facility name, address, city, state, ZIP code, county, phone, hospital type, ownership and emergency services flag. Hospital type: Acute Care Hospitals. Ownership: Voluntary non-profit - Private. Emergency services listed by CMS: Yes. Coordinates from the U.S. Census Bureau batch geocoder (Non_Exact address match). CMS quality ratings and measures were intentionally not copied. Daily hours, prices and insurance details were not supplied by this intake.",490002,Hospital General Information,2026-07-02,2026-07-02,needs_review,"{""services"":{""field"":""services"",""status"":""source_backed"",""sourceUrl"":""https://data.cms.gov/provider-data/dataset/xubh-q36u"",""sourceTitle"":""CMS Hospital General Information"",""checkedDate"":""2026-07-02"",""sourceType"":""federal_open_data"",""locationSpecific"":true,""reviewerNote"":""Emergency services flag copied from the official CMS Hospital General Information row for this facility.""}}"
cms-490004,SENTARA RMH MEDICAL CENTER,hospital,2010 HEALTH CAMPUS DRIVE,HARRISONBURG,VA,HARRISONBURG CITY,22801,38.407498087075,-78.854841555756,(540) 689-1000,Emergency services,CMS Hospital General Information,https://data.cms.gov/provider-data/dataset/xubh-q36u,2026-07-02,"Fields copied from the official CMS Hospital General Information CSV: facility name, address, city, state, ZIP code, county, phone, hospital type, ownership and emergency services flag. Hospital type: Acute Care Hospitals. Ownership: Voluntary non-profit - Private. Emergency services listed by CMS: Yes. Coordinates from the U.S. Census Bureau batch geocoder (Exact address match). CMS quality ratings and measures were intentionally not copied. Daily hours, prices and insurance details were not supplied by this intake.",490004,Hospital General Information,2026-07-02,2026-07-02,needs_review,"{""services"":{""field"":""services"",""status"":""source_backed"",""sourceUrl"":""https://data.cms.gov/provider-data/dataset/xubh-q36u"",""sourceTitle"":""CMS Hospital General Information"",""checkedDate"":""2026-07-02"",""sourceType"":""federal_open_data"",""locationSpecific"":true,""reviewerNote"":""Emergency services flag copied from the official CMS Hospital General Information row for this facility.""}}"
cms-490005,WINCHESTER MEDICAL CENTER,hospital,1840 AMHERST ST,WINCHESTER,VA,WINCHESTER CITY,22601,39.191742780336,-78.191190220146,(540) 536-8000,Emergency services,CMS Hospital General Information,https://data.cms.gov/provider-data/dataset/xubh-q36u,2026-07-02,"Fields copied from the official CMS Hospital General Information CSV: facility name, address, city, state, ZIP code, county, phone, hospital type, ownership and emergency services flag. Hospital type: Acute Care Hospitals. Ownership: Voluntary non-profit - Private. Emergency services listed by CMS: Yes. Coordinates from the U.S. Census Bureau batch geocoder (Exact address match). CMS quality ratings and measures were intentionally not copied. Daily hours, prices and insurance details were not supplied by this intake.",490005,Hospital General Information,2026-07-02,2026-07-02,needs_review,"{""services"":{""field"":""services"",""status"":""source_backed"",""sourceUrl"":""https://data.cms.gov/provider-data/dataset/xubh-q36u"",""sourceTitle"":""CMS Hospital General Information"",""checkedDate"":""2026-07-02"",""sourceType"":""federal_open_data"",""locationSpecific"":true,""reviewerNote"":""Emergency services flag copied from the official CMS Hospital General Information row for this facility.""}}"
cms-490007,SENTARA NORFOLK GENERAL HOSPITAL,hospital,600 GRESHAM DR,NORFOLK,VA,NORFOLK CITY,23507,36.862539533781,-76.304918512181,(757) 388-3000,Emergency services,CMS Hospital General Information,https://data.cms.gov/provider-data/dataset/xubh-q36u,2026-07-02,"Fields copied from the official CMS Hospital General Information CSV: facility name, address, city, state, ZIP code, county, phone, hospital type, ownership and emergency services flag. Hospital type: Acute Care Hospitals. Ownership: Voluntary non-profit - Other. Emergency services listed by CMS: Yes. Coordinates from the U.S. Census Bureau batch geocoder (Exact address match). CMS quality ratings and measures were intentionally not copied. Daily hours, prices and insurance details were not supplied by this intake.",490007,Hospital General Information,2026-07-02,2026-07-02,needs_review,"{""services"":{""field"":""services"",""status"":""source_backed"",""sourceUrl"":""https://data.cms.gov/provider-data/dataset/xubh-q36u"",""sourceTitle"":""CMS Hospital General Information"",""checkedDate"":""2026-07-02"",""sourceType"":""federal_open_data"",""locationSpecific"":true,""reviewerNote"":""Emergency services flag copied from the official CMS Hospital General Information row for this facility.""}}"
cms-490013,SENTARA HALIFAX REGIONAL HOSPITAL,hospital,2204 WILBORN AVENUE,SOUTH BOSTON,VA,HALIFAX,24592,36.71371496236,-78.913507175868,(434) 517-3100,Emergency services,CMS Hospital General Information,https://data.cms.gov/provider-data/dataset/xubh-q36u,2026-07-02,"Fields copied from the official CMS Hospital General Information CSV: facility name, address, city, state, ZIP code, county, phone, hospital type, ownership and emergency services flag. Hospital type: Acute Care Hospitals. Ownership: Voluntary non-profit - Private. Emergency services listed by CMS: Yes. Coordinates from the U.S. Census Bureau batch geocoder (Exact address match). CMS quality ratings and measures were intentionally not copied. Daily hours, prices and insurance details were not supplied by this intake.",490013,Hospital General Information,2026-07-02,2026-07-02,needs_review,"{""services"":{""field"":""services"",""status"":""source_backed"",""sourceUrl"":""https://data.cms.gov/provider-data/dataset/xubh-q36u"",""sourceTitle"":""CMS Hospital General Information"",""checkedDate"":""2026-07-02"",""sourceType"":""federal_open_data"",""locationSpecific"":true,""reviewerNote"":""Emergency services flag copied from the official CMS Hospital General Information row for this facility.""}}"
cms-490017,BON SECOURS MARYVIEW MEDICAL CENTER,hospital,3636 HIGH STREET,PORTSMOUTH,VA,PORTSMOUTH CITY,23707,36.836318372233,-76.348279031674,(757) 398-2200,Emergency services,CMS Hospital General Information,https://data.cms.gov/provider-data/dataset/xubh-q36u,2026-07-02,"Fields copied from the official CMS Hospital General Information CSV: facility name, address, city, state, ZIP code, county, phone, hospital type, ownership and emergency services flag. Hospital type: Acute Care Hospitals. Ownership: Voluntary non-profit - Private. Emergency services listed by CMS: Yes. Coordinates from the U.S. Census Bureau batch geocoder (Exact address match). CMS quality ratings and measures were intentionally not copied. Daily hours, prices and insurance details were not supplied by this intake.",490017,Hospital General Information,2026-07-02,2026-07-02,needs_review,"{""services"":{""field"":""services"",""status"":""source_backed"",""sourceUrl"":""https://data.cms.gov/provider-data/dataset/xubh-q36u"",""sourceTitle"":""CMS Hospital General Information"",""checkedDate"":""2026-07-02"",""sourceType"":""federal_open_data"",""locationSpecific"":true,""reviewerNote"":""Emergency services flag copied from the official CMS Hospital General Information row for this facility.""}}"
cms-490018,AUGUSTA HEALTH,hospital,78 MEDICAL CENTER DRIVE,FISHERSVILLE,VA,AUGUSTA,22939,38.094125290589,-78.984242281055,(540) 332-4000,Emergency services,CMS Hospital General Information,https://data.cms.gov/provider-data/dataset/xubh-q36u,2026-07-02,"Fields copied from the official CMS Hospital General Information CSV: facility name, address, city, state, ZIP code, county, phone, hospital type, ownership and emergency services flag. Hospital type: Acute Care Hospitals. Ownership: Voluntary non-profit - Private. Emergency services listed by CMS: Yes. Coordinates from the U.S. Census Bureau batch geocoder (Non_Exact address match). CMS quality ratings and measures were intentionally not copied. Daily hours, prices and insurance details were not supplied by this intake.",490018,Hospital General Information,2026-07-02,2026-07-02,needs_review,"{""services"":{""field"":""services"",""status"":""source_backed"",""sourceUrl"":""https://data.cms.gov/provider-data/dataset/xubh-q36u"",""sourceTitle"":""CMS Hospital General Information"",""checkedDate"":""2026-07-02"",""sourceType"":""federal_open_data"",""locationSpecific"":true,""reviewerNote"":""Emergency services flag copied from the official CMS Hospital General Information row for this facility.""}}"
cms-490019,UVA HEALTH CULPEPER MEDICAL CENTER,hospital,501 SUNSET LANE,CULPEPER,VA,CULPEPER,22701,38.454899674113,-78.011367229951,(703) 829-4300,Emergency services,CMS Hospital General Information,https://data.cms.gov/provider-data/dataset/xubh-q36u,2026-07-02,"Fields copied from the official CMS Hospital General Information CSV: facility name, address, city, state, ZIP code, county, phone, hospital type, ownership and emergency services flag. Hospital type: Acute Care Hospitals. Ownership: Voluntary non-profit - Private. Emergency services listed by CMS: Yes. Coordinates from the U.S. Census Bureau batch geocoder (Exact address match). CMS quality ratings and measures were intentionally not copied. Daily hours, prices and insurance details were not supplied by this intake.",490019,Hospital General Information,2026-07-02,2026-07-02,needs_review,"{""services"":{""field"":""services"",""status"":""source_backed"",""sourceUrl"":""https://data.cms.gov/provider-data/dataset/xubh-q36u"",""sourceTitle"":""CMS Hospital General Information"",""checkedDate"":""2026-07-02"",""sourceType"":""federal_open_data"",""locationSpecific"":true,""reviewerNote"":""Emergency services flag copied from the official CMS Hospital General Information row for this facility.""}}"
cms-490020,JOHN RANDOLPH MEDICAL CENTER,hospital,411 WEST RANDOLPH ROAD,HOPEWELL,VA,HOPEWELL CITY,23860,37.307107281713,-77.291455099196,(804) 541-1600,Emergency services,CMS Hospital General Information,https://data.cms.gov/provider-data/dataset/xubh-q36u,2026-07-02,"Fields copied from the official CMS Hospital General Information CSV: facility name, address, city, state, ZIP code, county, phone, hospital type, ownership and emergency services flag. Hospital type: Acute Care Hospitals. Ownership: Proprietary. Emergency services listed by CMS: Yes. Coordinates from the U.S. Census Bureau batch geocoder (Exact address match). CMS quality ratings and measures were intentionally not copied. Daily hours, prices and insurance details were not supplied by this intake.",490020,Hospital General Information,2026-07-02,2026-07-02,needs_review,"{""services"":{""field"":""services"",""status"":""source_backed"",""sourceUrl"":""https://data.cms.gov/provider-data/dataset/xubh-q36u"",""sourceTitle"":""CMS Hospital General Information"",""checkedDate"":""2026-07-02"",""sourceType"":""federal_open_data"",""locationSpecific"":true,""reviewerNote"":""Emergency services flag copied from the official CMS Hospital General Information row for this facility.""}}"
cms-490021,CENTRA HEALTH -  LYNCHBURG GEN HOSPITAL,hospital,1901 TATE SPRINGS ROAD,LYNCHBURG,VA,LYNCHBURG CITY,24501,37.418326534058,-79.169719060017,(434) 200-4789,Emergency services,CMS Hospital General Information,https://data.cms.gov/provider-data/dataset/xubh-q36u,2026-07-02,"Fields copied from the official CMS Hospital General Information CSV: facility name, address, city, state, ZIP code, county, phone, hospital type, ownership and emergency services flag. Hospital type: Acute Care Hospitals. Ownership: Voluntary non-profit - Private. Emergency services listed by CMS: Yes. Coordinates from the U.S. Census Bureau batch geocoder (Exact address match). CMS quality ratings and measures were intentionally not copied. Daily hours, prices and insurance details were not supplied by this intake.",490021,Hospital General Information,2026-07-02,2026-07-02,needs_review,"{""services"":{""field"":""services"",""status"":""source_backed"",""sourceUrl"":""https://data.cms.gov/provider-data/dataset/xubh-q36u"",""sourceTitle"":""CMS Hospital General Information"",""checkedDate"":""2026-07-02"",""sourceType"":""federal_open_data"",""locationSpecific"":true,""reviewerNote"":""Emergency services flag copied from the official CMS Hospital General Information row for this facility.""}}"
cms-490022,MARY WASHINGTON HOSPITAL,hospital,1001 SAM PERRY BOULEVARD,FREDERICKSBURG,VA,FREDERICKSBURG CITY,22401,38.309919386349,-77.482233536201,(540) 741-1100,Emergency services,CMS Hospital General Information,https://data.cms.gov/provider-data/dataset/xubh-q36u,2026-07-02,"Fields copied from the official CMS Hospital General Information CSV: facility name, address, city, state, ZIP code, county, phone, hospital type, ownership and emergency services flag. Hospital type: Acute Care Hospitals. Ownership: Voluntary non-profit - Private. Emergency services listed by CMS: Yes. Coordinates from the U.S. Census Bureau batch geocoder (Exact address match). CMS quality ratings and measures were intentionally not copied. Daily hours, prices and insurance details were not supplied by this intake.",490022,Hospital General Information,2026-07-02,2026-07-02,needs_review,"{""services"":{""field"":""services"",""status"":""source_backed"",""sourceUrl"":""https://data.cms.gov/provider-data/dataset/xubh-q36u"",""sourceTitle"":""CMS Hospital General Information"",""checkedDate"":""2026-07-02"",""sourceType"":""federal_open_data"",""locationSpecific"":true,""reviewerNote"":""Emergency services flag copied from the official CMS Hospital General Information row for this facility.""}}"
cms-490024,CARILION MEDICAL CENTER,hospital,"1906 BELLEVIEW AVENUE, SE",ROANOKE,VA,ROANOKE CITY,24014,37.251994839175,-79.942289161169,(540) 981-7000,Emergency services,CMS Hospital General Information,https://data.cms.gov/provider-data/dataset/xubh-q36u,2026-07-02,"Fields copied from the official CMS Hospital General Information CSV: facility name, address, city, state, ZIP code, county, phone, hospital type, ownership and emergency services flag. Hospital type: Acute Care Hospitals. Ownership: Voluntary non-profit - Private. Emergency services listed by CMS: Yes. Coordinates from the U.S. Census Bureau batch geocoder (Exact address match). CMS quality ratings and measures were intentionally not copied. Daily hours, prices and insurance details were not supplied by this intake.",490024,Hospital General Information,2026-07-02,2026-07-02,needs_review,"{""services"":{""field"":""services"",""status"":""source_backed"",""sourceUrl"":""https://data.cms.gov/provider-data/dataset/xubh-q36u"",""sourceTitle"":""CMS Hospital General Information"",""checkedDate"":""2026-07-02"",""sourceType"":""federal_open_data"",""locationSpecific"":true,""reviewerNote"":""Emergency services flag copied from the official CMS Hospital General Information row for this facility.""}}"
cms-490032,MEDICAL COLLEGE OF VIRGINIA HOSPITALS,hospital,1250 EAST MARSHALL STREET,RICHMOND,VA,RICHMOND CITY,23298,37.539998971711,-77.430160635611,(804) 828-9000,Emergency services,CMS Hospital General Information,https://data.cms.gov/provider-data/dataset/xubh-q36u,2026-07-02,"Fields copied from the official CMS Hospital General Information CSV: facility name, address, city, state, ZIP code, county, phone, hospital type, ownership and emergency services flag. Hospital type: Acute Care Hospitals. Ownership: Government - Hospital District or Authority. Emergency services listed by CMS: Yes. Coordinates from the U.S. Census Bureau batch geocoder (Exact address match). CMS quality ratings and measures were intentionally not copied. Daily hours, prices and insurance details were not supplied by this intake.",490032,Hospital General Information,2026-07-02,2026-07-02,needs_review,"{""services"":{""field"":""services"",""status"":""source_backed"",""sourceUrl"":""https://data.cms.gov/provider-data/dataset/xubh-q36u"",""sourceTitle"":""CMS Hospital General Information"",""checkedDate"":""2026-07-02"",""sourceType"":""federal_open_data"",""locationSpecific"":true,""reviewerNote"":""Emergency services flag copied from the official CMS Hospital General Information row for this facility.""}}"
cms-490037,RIVERSIDE SHORE MEMORIAL HOSPITAL,hospital,20480 MARKET STREET,ONANCOCK,VA,ACCOMACK,23417,37.700041652506,-75.721499183759,(757) 414-8000,Emergency services,CMS Hospital General Information,https://data.cms.gov/provider-data/dataset/xubh-q36u,2026-07-02,"Fields copied from the official CMS Hospital General Information CSV: facility name, address, city, state, ZIP code, county, phone, hospital type, ownership and emergency services flag. Hospital type: Acute Care Hospitals. Ownership: Voluntary non-profit - Private. Emergency services listed by CMS: Yes. Coordinates from the U.S. Census Bureau batch geocoder (Exact address match). CMS quality ratings and measures were intentionally not copied. Daily hours, prices and insurance details were not supplied by this intake.",490037,Hospital General Information,2026-07-02,2026-07-02,needs_review,"{""services"":{""field"":""services"",""status"":""source_backed"",""sourceUrl"":""https://data.cms.gov/provider-data/dataset/xubh-q36u"",""sourceTitle"":""CMS Hospital General Information"",""checkedDate"":""2026-07-02"",""sourceType"":""federal_open_data"",""locationSpecific"":true,""reviewerNote"":""Emergency services flag copied from the official CMS Hospital General Information row for this facility.""}}"
cms-490038,SMYTH COUNTY COMMUNITY HOSPITAL,hospital,245 MEDICAL PARK DRIVE,MARION,VA,SMYTH,24354,36.851192499494,-81.489275480781,(276) 378-1000,Emergency services,CMS Hospital General Information,https://data.cms.gov/provider-data/dataset/xubh-q36u,2026-07-02,"Fields copied from the official CMS Hospital General Information CSV: facility name, address, city, state, ZIP code, county, phone, hospital type, ownership and emergency services flag. Hospital type: Acute Care Hospitals. Ownership: Voluntary non-profit - Private. Emergency services listed by CMS: Yes. Coordinates from the U.S. Census Bureau batch geocoder (Exact address match). CMS quality ratings and measures were intentionally not copied. Daily hours, prices and insurance details were not supplied by this intake.",490038,Hospital General Information,2026-07-02,2026-07-02,needs_review,"{""services"":{""field"":""services"",""status"":""source_backed"",""sourceUrl"":""https://data.cms.gov/provider-data/dataset/xubh-q36u"",""sourceTitle"":""CMS Hospital General Information"",""checkedDate"":""2026-07-02"",""sourceType"":""federal_open_data"",""locationSpecific"":true,""reviewerNote"":""Emergency services flag copied from the official CMS Hospital General Information row for this facility.""}}"
cms-490040,INOVA ALEXANDRIA HOSPITAL,hospital,4320 SEMINARY RD,ALEXANDRIA,VA,ALEXANDRIA CITY,22304,38.824073695318,-77.104480852452,(703) 504-3167,Emergency services,CMS Hospital General Information,https://data.cms.gov/provider-data/dataset/xubh-q36u,2026-07-02,"Fields copied from the official CMS Hospital General Information CSV: facility name, address, city, state, ZIP code, county, phone, hospital type, ownership and emergency services flag. Hospital type: Acute Care Hospitals. Ownership: Voluntary non-profit - Private. Emergency services listed by CMS: Yes. Coordinates from the U.S. Census Bureau batch geocoder (Exact address match). CMS quality ratings and measures were intentionally not copied. Daily hours, prices and insurance details were not supplied by this intake.",490040,Hospital General Information,2026-07-02,2026-07-02,needs_review,"{""services"":{""field"":""services"",""status"":""source_backed"",""sourceUrl"":""https://data.cms.gov/provider-data/dataset/xubh-q36u"",""sourceTitle"":""CMS Hospital General Information"",""checkedDate"":""2026-07-02"",""sourceType"":""federal_open_data"",""locationSpecific"":true,""reviewerNote"":""Emergency services flag copied from the official CMS Hospital General Information row for this facility.""}}"
cms-490041,MARY IMMACULATE HOSPITAL,hospital,2 BERNARDINE DRIVE,NEWPORT NEWS,VA,NEWPORT NEWS CITY,23602,37.144376907776,-76.5122989033,(757) 886-6000,Emergency services,CMS Hospital General Information,https://data.cms.gov/provider-data/dataset/xubh-q36u,2026-07-02,"Fields copied from the official CMS Hospital General Information CSV: facility name, address, city, state, ZIP code, county, phone, hospital type, ownership and emergency services flag. Hospital type: Acute Care Hospitals. Ownership: Voluntary non-profit - Private. Emergency services listed by CMS: Yes. Coordinates from the U.S. Census Bureau batch geocoder (Exact address match). CMS quality ratings and measures were intentionally not copied. Daily hours, prices and insurance details were not supplied by this intake.",490041,Hospital General Information,2026-07-02,2026-07-02,needs_review,"{""services"":{""field"":""services"",""status"":""source_backed"",""sourceUrl"":""https://data.cms.gov/provider-data/dataset/xubh-q36u"",""sourceTitle"":""CMS Hospital General Information"",""checkedDate"":""2026-07-02"",""sourceType"":""federal_open_data"",""locationSpecific"":true,""reviewerNote"":""Emergency services flag copied from the official CMS Hospital General Information row for this facility.""}}"
cms-490042,CARILION NEW RIVER VALLEY MEDICAL CENTER,hospital,2900 LAMB CIRCLE,CHRISTIANSBURG,VA,MONTGOMERY,24073,37.089550837982,-80.507348560741,(540) 731-2000,Emergency services,CMS Hospital General Information,https://data.cms.gov/provider-data/dataset/xubh-q36u,2026-07-02,"Fields copied from the official CMS Hospital General Information CSV: facility name, address, city, state, ZIP code, county, phone, hospital type, ownership and emergency services flag. Hospital type: Acute Care Hospitals. Ownership: Voluntary non-profit - Private. Emergency services listed by CMS: Yes. Coordinates from the U.S. Census Bureau batch geocoder (Exact address match). CMS quality ratings and measures were intentionally not copied. Daily hours, prices and insurance details were not supplied by this intake.",490042,Hospital General Information,2026-07-02,2026-07-02,needs_review,"{""services"":{""field"":""services"",""status"":""source_backed"",""sourceUrl"":""https://data.cms.gov/provider-data/dataset/xubh-q36u"",""sourceTitle"":""CMS Hospital General Information"",""checkedDate"":""2026-07-02"",""sourceType"":""federal_open_data"",""locationSpecific"":true,""reviewerNote"":""Emergency services flag copied from the official CMS Hospital General Information row for this facility.""}}"
cms-490043,INOVA LOUDOUN HOSPITAL,hospital,44045 RIVERSIDE PARKWAY,LEESBURG,VA,LOUDOUN,20176,39.077052298796,-77.478171286319,(703) 858-6600,Emergency services,CMS Hospital General Information,https://data.cms.gov/provider-data/dataset/xubh-q36u,2026-07-02,"Fields copied from the official CMS Hospital General Information CSV: facility name, address, city, state, ZIP code, county, phone, hospital type, ownership and emergency services flag. Hospital type: Acute Care Hospitals. Ownership: Voluntary non-profit - Private. Emergency services listed by CMS: Yes. Coordinates from the U.S. Census Bureau batch geocoder (Exact address match). CMS quality ratings and measures were intentionally not copied. Daily hours, prices and insurance details were not supplied by this intake.",490043,Hospital General Information,2026-07-02,2026-07-02,needs_review,"{""services"":{""field"":""services"",""status"":""source_backed"",""sourceUrl"":""https://data.cms.gov/provider-data/dataset/xubh-q36u"",""sourceTitle"":""CMS Hospital General Information"",""checkedDate"":""2026-07-02"",""sourceType"":""federal_open_data"",""locationSpecific"":true,""reviewerNote"":""Emergency services flag copied from the official CMS Hospital General Information row for this facility.""}}"
cms-490045,NOVANT PRINCE WILLIAM MEDICAL CENTER,hospital,8700 SUDLEY RD,MANASSAS,VA,MANASSAS CITY,20110,38.767384369127,-77.484906477207,(703) 369-8736,Emergency services,CMS Hospital General Information,https://data.cms.gov/provider-data/dataset/xubh-q36u,2026-07-02,"Fields copied from the official CMS Hospital General Information CSV: facility name, address, city, state, ZIP code, county, phone, hospital type, ownership and emergency services flag. Hospital type: Acute Care Hospitals. Ownership: Voluntary non-profit - Private. Emergency services listed by CMS: Yes. Coordinates from the U.S. Census Bureau batch geocoder (Exact address match). CMS quality ratings and measures were intentionally not copied. Daily hours, prices and insurance details were not supplied by this intake.",490045,Hospital General Information,2026-07-02,2026-07-02,needs_review,"{""services"":{""field"":""services"",""status"":""source_backed"",""sourceUrl"":""https://data.cms.gov/provider-data/dataset/xubh-q36u"",""sourceTitle"":""CMS Hospital General Information"",""checkedDate"":""2026-07-02"",""sourceType"":""federal_open_data"",""locationSpecific"":true,""reviewerNote"":""Emergency services flag copied from the official CMS Hospital General Information row for this facility.""}}"
cms-490048,LEWISGALE MEDICAL CENTER,hospital,1900 ELECTRIC ROAD,SALEM,VA,SALEM CITY,24153,37.26407793233,-80.033221505958,(540) 776-4100,Emergency services,CMS Hospital General Information,https://data.cms.gov/provider-data/dataset/xubh-q36u,2026-07-02,"Fields copied from the official CMS Hospital General Information CSV: facility name, address, city, state, ZIP code, county, phone, hospital type, ownership and emergency services flag. Hospital type: Acute Care Hospitals. Ownership: Proprietary. Emergency services listed by CMS: Yes. Coordinates from the U.S. Census Bureau batch geocoder (Exact address match). CMS quality ratings and measures were intentionally not copied. Daily hours, prices and insurance details were not supplied by this intake.",490048,Hospital General Information,2026-07-02,2026-07-02,needs_review,"{""services"":{""field"":""services"",""status"":""source_backed"",""sourceUrl"":""https://data.cms.gov/provider-data/dataset/xubh-q36u"",""sourceTitle"":""CMS Hospital General Information"",""checkedDate"":""2026-07-02"",""sourceType"":""federal_open_data"",""locationSpecific"":true,""reviewerNote"":""Emergency services flag copied from the official CMS Hospital General Information row for this facility.""}}"
cms-490050,VIRGINIA HOSPITAL CENTER,hospital,1701 NORTH GEORGE MASON DRIVE,ARLINGTON,VA,ARLINGTON,22205,38.890021160686,-77.12887517888,(703) 558-5000,Emergency services,CMS Hospital General Information,https://data.cms.gov/provider-data/dataset/xubh-q36u,2026-07-02,"Fields copied from the official CMS Hospital General Information CSV: facility name, address, city, state, ZIP code, county, phone, hospital type, ownership and emergency services flag. Hospital type: Acute Care Hospitals. Ownership: Voluntary non-profit - Private. Emergency services listed by CMS: Yes. Coordinates from the U.S. Census Bureau batch geocoder (Exact address match). CMS quality ratings and measures were intentionally not copied. Daily hours, prices and insurance details were not supplied by this intake.",490050,Hospital General Information,2026-07-02,2026-07-02,needs_review,"{""services"":{""field"":""services"",""status"":""source_backed"",""sourceUrl"":""https://data.cms.gov/provider-data/dataset/xubh-q36u"",""sourceTitle"":""CMS Hospital General Information"",""checkedDate"":""2026-07-02"",""sourceType"":""federal_open_data"",""locationSpecific"":true,""reviewerNote"":""Emergency services flag copied from the official CMS Hospital General Information row for this facility.""}}"
cms-490052,RIVERSIDE REGIONAL MEDICAL CENTER,hospital,500 J CLYDE MORRIS BLVD,NEWPORT NEWS,VA,NEWPORT NEWS CITY,23601,37.06490578832,-76.484637075243,(757) 594-2000,Emergency services,CMS Hospital General Information,https://data.cms.gov/provider-data/dataset/xubh-q36u,2026-07-02,"Fields copied from the official CMS Hospital General Information CSV: facility name, address, city, state, ZIP code, county, phone, hospital type, ownership and emergency services flag. Hospital type: Acute Care Hospitals. Ownership: Voluntary non-profit - Private. Emergency services listed by CMS: Yes. Coordinates from the U.S. Census Bureau batch geocoder (Exact address match). CMS quality ratings and measures were intentionally not copied. Daily hours, prices and insurance details were not supplied by this intake.",490052,Hospital General Information,2026-07-02,2026-07-02,needs_review,"{""services"":{""field"":""services"",""status"":""source_backed"",""sourceUrl"":""https://data.cms.gov/provider-data/dataset/xubh-q36u"",""sourceTitle"":""CMS Hospital General Information"",""checkedDate"":""2026-07-02"",""sourceType"":""federal_open_data"",""locationSpecific"":true,""reviewerNote"":""Emergency services flag copied from the official CMS Hospital General Information row for this facility.""}}"
cms-490057,SENTARA VIRGINIA BEACH GENERAL HOSPITAL,hospital,1060 FIRST COLONIAL ROAD,VIRGINIA BEACH,VA,VIRGINIA BEACH CITY,23454,36.863660012848,-76.028020221589,(757) 395-8000,Emergency services,CMS Hospital General Information,https://data.cms.gov/provider-data/dataset/xubh-q36u,2026-07-02,"Fields copied from the official CMS Hospital General Information CSV: facility name, address, city, state, ZIP code, county, phone, hospital type, ownership and emergency services flag. Hospital type: Acute Care Hospitals. Ownership: Voluntary non-profit - Other. Emergency services listed by CMS: Yes. Coordinates from the U.S. Census Bureau batch geocoder (Exact address match). CMS quality ratings and measures were intentionally not copied. Daily hours, prices and insurance details were not supplied by this intake.",490057,Hospital General Information,2026-07-02,2026-07-02,needs_review,"{""services"":{""field"":""services"",""status"":""source_backed"",""sourceUrl"":""https://data.cms.gov/provider-data/dataset/xubh-q36u"",""sourceTitle"":""CMS Hospital General Information"",""checkedDate"":""2026-07-02"",""sourceType"":""federal_open_data"",""locationSpecific"":true,""reviewerNote"":""Emergency services flag copied from the official CMS Hospital General Information row for this facility.""}}"
cms-490059,BON SECOURS ST MARYS HOSPITAL,hospital,5801 BREMO RD,RICHMOND,VA,RICHMOND CITY,23226,37.584632137389,-77.512885061179,(804) 285-2011,Emergency services,CMS Hospital General Information,https://data.cms.gov/provider-data/dataset/xubh-q36u,2026-07-02,"Fields copied from the official CMS Hospital General Information CSV: facility name, address, city, state, ZIP code, county, phone, hospital type, ownership and emergency services flag. Hospital type: Acute Care Hospitals. Ownership: Voluntary non-profit - Private. Emergency services listed by CMS: Yes. Coordinates from the U.S. Census Bureau batch geocoder (Exact address match). CMS quality ratings and measures were intentionally not copied. Daily hours, prices and insurance details were not supplied by this intake.",490059,Hospital General Information,2026-07-02,2026-07-02,needs_review,"{""services"":{""field"":""services"",""status"":""source_backed"",""sourceUrl"":""https://data.cms.gov/provider-data/dataset/xubh-q36u"",""sourceTitle"":""CMS Hospital General Information"",""checkedDate"":""2026-07-02"",""sourceType"":""federal_open_data"",""locationSpecific"":true,""reviewerNote"":""Emergency services flag copied from the official CMS Hospital General Information row for this facility.""}}"
cms-490060,CLINCH VALLEY MEDICAL CENTER,hospital,6801 Governor GC Perry Highway,RICHLANDS,VA,TAZEWELL,24641,37.094009985774,-81.821103702364,(276) 596-6000,Emergency services,CMS Hospital General Information,https://data.cms.gov/provider-data/dataset/xubh-q36u,2026-07-02,"Fields copied from the official CMS Hospital General Information CSV: facility name, address, city, state, ZIP code, county, phone, hospital type, ownership and emergency services flag. Hospital type: Acute Care Hospitals. Ownership: Proprietary. Emergency services listed by CMS: Yes. Coordinates from the U.S. Census Bureau batch geocoder (Non_Exact address match). CMS quality ratings and measures were intentionally not copied. Daily hours, prices and insurance details were not supplied by this intake.",490060,Hospital General Information,2026-07-02,2026-07-02,needs_review,"{""services"":{""field"":""services"",""status"":""source_backed"",""sourceUrl"":""https://data.cms.gov/provider-data/dataset/xubh-q36u"",""sourceTitle"":""CMS Hospital General Information"",""checkedDate"":""2026-07-02"",""sourceType"":""federal_open_data"",""locationSpecific"":true,""reviewerNote"":""Emergency services flag copied from the official CMS Hospital General Information row for this facility.""}}"
cms-490067,BON SECOURS SOUTHSIDE MEDICAL CENTER,hospital,200 MEDICAL PARK BOULEVARD,PETERSBURG,VA,PETERSBURG CITY,23805,37.183145784173,-77.362356607651,(804) 765-5000,Emergency services,CMS Hospital General Information,https://data.cms.gov/provider-data/dataset/xubh-q36u,2026-07-02,"Fields copied from the official CMS Hospital General Information CSV: facility name, address, city, state, ZIP code, county, phone, hospital type, ownership and emergency services flag. Hospital type: Acute Care Hospitals. Ownership: Proprietary. Emergency services listed by CMS: Yes. Coordinates from the U.S. Census Bureau batch geocoder (Exact address match). CMS quality ratings and measures were intentionally not copied. Daily hours, prices and insurance details were not supplied by this intake.",490067,Hospital General Information,2026-07-02,2026-07-02,needs_review,"{""services"":{""field"":""services"",""status"":""source_backed"",""sourceUrl"":""https://data.cms.gov/provider-data/dataset/xubh-q36u"",""sourceTitle"":""CMS Hospital General Information"",""checkedDate"":""2026-07-02"",""sourceType"":""federal_open_data"",""locationSpecific"":true,""reviewerNote"":""Emergency services flag copied from the official CMS Hospital General Information row for this facility.""}}"
cms-490069,BON SECOURS MEMORIAL REGIONAL MEDICAL CENTER,hospital,8260 ATLEE ROAD,MECHANICSVILLE,VA,HANOVER,23116,37.628975759888,-77.388162247874,(804) 764-6000,Emergency services,CMS Hospital General Information,https://data.cms.gov/provider-data/dataset/xubh-q36u,2026-07-02,"Fields copied from the official CMS Hospital General Information CSV: facility name, address, city, state, ZIP code, county, phone, hospital type, ownership and emergency services flag. Hospital type: Acute Care Hospitals. Ownership: Voluntary non-profit - Church. Emergency services listed by CMS: Yes. Coordinates from the U.S. Census Bureau batch geocoder (Exact address match). CMS quality ratings and measures were intentionally not copied. Daily hours, prices and insurance details were not supplied by this intake.",490069,Hospital General Information,2026-07-02,2026-07-02,needs_review,"{""services"":{""field"":""services"",""status"":""source_backed"",""sourceUrl"":""https://data.cms.gov/provider-data/dataset/xubh-q36u"",""sourceTitle"":""CMS Hospital General Information"",""checkedDate"":""2026-07-02"",""sourceType"":""federal_open_data"",""locationSpecific"":true,""reviewerNote"":""Emergency services flag copied from the official CMS Hospital General Information row for this facility.""}}"
cms-49006f,HAMPTON VA MEDICAL CENTER,hospital,100 EMANCIPATION DRIVE,HAMPTON,VA,HAMPTON CITY,23667,37.022483307577,-76.330754931554,(757) 722-9961,Emergency services,CMS Hospital General Information,https://data.cms.gov/provider-data/dataset/xubh-q36u,2026-07-02,"Fields copied from the official CMS Hospital General Information CSV: facility name, address, city, state, ZIP code, county, phone, hospital type, ownership and emergency services flag. Hospital type: Acute Care - Veterans Administration. Ownership: Veterans Health Administration. Emergency services listed by CMS: Yes. Coordinates from the U.S. Census Bureau batch geocoder (Exact address match). CMS quality ratings and measures were intentionally not copied. Daily hours, prices and insurance details were not supplied by this intake.",49006F,Hospital General Information,2026-07-02,2026-07-02,needs_review,"{""services"":{""field"":""services"",""status"":""source_backed"",""sourceUrl"":""https://data.cms.gov/provider-data/dataset/xubh-q36u"",""sourceTitle"":""CMS Hospital General Information"",""checkedDate"":""2026-07-02"",""sourceType"":""federal_open_data"",""locationSpecific"":true,""reviewerNote"":""Emergency services flag copied from the official CMS Hospital General Information row for this facility.""}}"
cms-490075,SOVAH HEALTH DANVILLE,hospital,142 SOUTH MAIN STREET,DANVILLE,VA,DANVILLE CITY,24541,36.577330668477,-79.404742526396,(434) 799-2100,Emergency services,CMS Hospital General Information,https://data.cms.gov/provider-data/dataset/xubh-q36u,2026-07-02,"Fields copied from the official CMS Hospital General Information CSV: facility name, address, city, state, ZIP code, county, phone, hospital type, ownership and emergency services flag. Hospital type: Acute Care Hospitals. Ownership: Proprietary. Emergency services listed by CMS: Yes. Coordinates from the U.S. Census Bureau batch geocoder (Exact address match). CMS quality ratings and measures were intentionally not copied. Daily hours, prices and insurance details were not supplied by this intake.",490075,Hospital General Information,2026-07-02,2026-07-02,needs_review,"{""services"":{""field"":""services"",""status"":""source_backed"",""sourceUrl"":""https://data.cms.gov/provider-data/dataset/xubh-q36u"",""sourceTitle"":""CMS Hospital General Information"",""checkedDate"":""2026-07-02"",""sourceType"":""federal_open_data"",""locationSpecific"":true,""reviewerNote"":""Emergency services flag copied from the official CMS Hospital General Information row for this facility.""}}"
cms-490077,SENTARA MARTHA JEFFERSON HOSPITAL,hospital,500 MARTHA JEFFERSON DRIVE,CHARLOTTESVILLE,VA,ALBEMARLE,22911,38.024079510246,-78.442152633005,(434) 654-7000,Emergency services,CMS Hospital General Information,https://data.cms.gov/provider-data/dataset/xubh-q36u,2026-07-02,"Fields copied from the official CMS Hospital General Information CSV: facility name, address, city, state, ZIP code, county, phone, hospital type, ownership and emergency services flag. Hospital type: Acute Care Hospitals. Ownership: Voluntary non-profit - Private. Emergency services listed by CMS: Yes. Coordinates from the U.S. Census Bureau batch geocoder (Exact address match). CMS quality ratings and measures were intentionally not copied. Daily hours, prices and insurance details were not supplied by this intake.",490077,Hospital General Information,2026-07-02,2026-07-02,needs_review,"{""services"":{""field"":""services"",""status"":""source_backed"",""sourceUrl"":""https://data.cms.gov/provider-data/dataset/xubh-q36u"",""sourceTitle"":""CMS Hospital General Information"",""checkedDate"":""2026-07-02"",""sourceType"":""federal_open_data"",""locationSpecific"":true,""reviewerNote"":""Emergency services flag copied from the official CMS Hospital General Information row for this facility.""}}"
cms-490084,VCU HEALTH TAPPAHANNOCK HOSPITAL,hospital,618 HOSPITAL ROAD,TAPPAHANNOCK,VA,ESSEX,22560,37.900513600388,-76.877093595123,(804) 443-3311,Emergency services,CMS Hospital General Information,https://data.cms.gov/provider-data/dataset/xubh-q36u,2026-07-02,"Fields copied from the official CMS Hospital General Information CSV: facility name, address, city, state, ZIP code, county, phone, hospital type, ownership and emergency services flag. Hospital type: Acute Care Hospitals. Ownership: Voluntary non-profit - Private. Emergency services listed by CMS: Yes. Coordinates from the U.S. Census Bureau batch geocoder (Exact address match). CMS quality ratings and measures were intentionally not copied. Daily hours, prices and insurance details were not supplied by this intake.",490084,Hospital General Information,2026-07-02,2026-07-02,needs_review,"{""services"":{""field"":""services"",""status"":""source_backed"",""sourceUrl"":""https://data.cms.gov/provider-data/dataset/xubh-q36u"",""sourceTitle"":""CMS Hospital General Information"",""checkedDate"":""2026-07-02"",""sourceType"":""federal_open_data"",""locationSpecific"":true,""reviewerNote"":""Emergency services flag copied from the official CMS Hospital General Information row for this facility.""}}"
cms-490088,CENTRA BEDFORD MEMORIAL HOSPITAL,hospital,1613 OAKWOOD STREET,BEDFORD,VA,BEDFORD,24523,37.352256419205,-79.516357952837,(540) 586-2441,Emergency services,CMS Hospital General Information,https://data.cms.gov/provider-data/dataset/xubh-q36u,2026-07-02,"Fields copied from the official CMS Hospital General Information CSV: facility name, address, city, state, ZIP code, county, phone, hospital type, ownership and emergency services flag. Hospital type: Acute Care Hospitals. Ownership: Voluntary non-profit - Private. Emergency services listed by CMS: Yes. Coordinates from the U.S. Census Bureau batch geocoder (Exact address match). CMS quality ratings and measures were intentionally not copied. Daily hours, prices and insurance details were not supplied by this intake.",490088,Hospital General Information,2026-07-02,2026-07-02,needs_review,"{""services"":{""field"":""services"",""status"":""source_backed"",""sourceUrl"":""https://data.cms.gov/provider-data/dataset/xubh-q36u"",""sourceTitle"":""CMS Hospital General Information"",""checkedDate"":""2026-07-02"",""sourceType"":""federal_open_data"",""locationSpecific"":true,""reviewerNote"":""Emergency services flag copied from the official CMS Hospital General Information row for this facility.""}}"
cms-490089,CARILION FRANKLIN MEMORIAL HOSPITAL,hospital,180 FLOYD AVENUE,ROCKY MOUNT,VA,FRANKLIN,24151,36.994492392843,-79.890354184834,(540) 483-5277,Emergency services,CMS Hospital General Information,https://data.cms.gov/provider-data/dataset/xubh-q36u,2026-07-02,"Fields copied from the official CMS Hospital General Information CSV: facility name, address, city, state, ZIP code, county, phone, hospital type, ownership and emergency services flag. Hospital type: Acute Care Hospitals. Ownership: Voluntary non-profit - Private. Emergency services listed by CMS: Yes. Coordinates from the U.S. Census Bureau batch geocoder (Exact address match). CMS quality ratings and measures were intentionally not copied. Daily hours, prices and insurance details were not supplied by this intake.",490089,Hospital General Information,2026-07-02,2026-07-02,needs_review,"{""services"":{""field"":""services"",""status"":""source_backed"",""sourceUrl"":""https://data.cms.gov/provider-data/dataset/xubh-q36u"",""sourceTitle"":""CMS Hospital General Information"",""checkedDate"":""2026-07-02"",""sourceType"":""federal_open_data"",""locationSpecific"":true,""reviewerNote"":""Emergency services flag copied from the official CMS Hospital General Information row for this facility.""}}"
cms-49008f,NMC Portsmouth,hospital,620 John Paul Jones Cir,Portsmouth,VA,PORTSMOUTH CITY,23708,36.843389093371,-76.305000666608,(757) 953-5000,Emergency services,CMS Hospital General Information,https://data.cms.gov/provider-data/dataset/xubh-q36u,2026-07-02,"Fields copied from the official CMS Hospital General Information CSV: facility name, address, city, state, ZIP code, county, phone, hospital type, ownership and emergency services flag. Hospital type: Acute Care - Department of Defense. Ownership: Department of Defense. Emergency services listed by CMS: Yes. Coordinates from the U.S. Census Bureau batch geocoder (Exact address match). CMS quality ratings and measures were intentionally not copied. Daily hours, prices and insurance details were not supplied by this intake.",49008F,Hospital General Information,2026-07-02,2026-07-02,needs_review,"{""services"":{""field"":""services"",""status"":""source_backed"",""sourceUrl"":""https://data.cms.gov/provider-data/dataset/xubh-q36u"",""sourceTitle"":""CMS Hospital General Information"",""checkedDate"":""2026-07-02"",""sourceType"":""federal_open_data"",""locationSpecific"":true,""reviewerNote"":""Emergency services flag copied from the official CMS Hospital General Information row for this facility.""}}"
cms-490092,BON SECOURS SOUTHAMPTON MEMORIAL HOSPITAL,hospital,100 FAIRVIEW DRIVE - PO BOX 817,FRANKLIN,VA,FRANKLIN CITY,23851,36.690976824357,-76.936320764777,(757) 569-6100,Emergency services,CMS Hospital General Information,https://data.cms.gov/provider-data/dataset/xubh-q36u,2026-07-02,"Fields copied from the official CMS Hospital General Information CSV: facility name, address, city, state, ZIP code, county, phone, hospital type, ownership and emergency services flag. Hospital type: Acute Care Hospitals. Ownership: Voluntary non-profit - Private. Emergency services listed by CMS: Yes. Coordinates from the U.S. Census Bureau batch geocoder (Non_Exact address match). CMS quality ratings and measures were intentionally not copied. Daily hours, prices and insurance details were not supplied by this intake.",490092,Hospital General Information,2026-07-02,2026-07-02,needs_review,"{""services"":{""field"":""services"",""status"":""source_backed"",""sourceUrl"":""https://data.cms.gov/provider-data/dataset/xubh-q36u"",""sourceTitle"":""CMS Hospital General Information"",""checkedDate"":""2026-07-02"",""sourceType"":""federal_open_data"",""locationSpecific"":true,""reviewerNote"":""Emergency services flag copied from the official CMS Hospital General Information row for this facility.""}}"
cms-490093,SENTARA CAREPLEX HOSPITAL,hospital,3000 COLISEUM DRIVE,HAMPTON,VA,HAMPTON CITY,23666,37.063588088209,-76.397576095672,(757) 827-2545,Emergency services,CMS Hospital General Information,https://data.cms.gov/provider-data/dataset/xubh-q36u,2026-07-02,"Fields copied from the official CMS Hospital General Information CSV: facility name, address, city, state, ZIP code, county, phone, hospital type, ownership and emergency services flag. Hospital type: Acute Care Hospitals. Ownership: Voluntary non-profit - Private. Emergency services listed by CMS: Yes. Coordinates from the U.S. Census Bureau batch geocoder (Exact address match). CMS quality ratings and measures were intentionally not copied. Daily hours, prices and insurance details were not supplied by this intake.",490093,Hospital General Information,2026-07-02,2026-07-02,needs_review,"{""services"":{""field"":""services"",""status"":""source_backed"",""sourceUrl"":""https://data.cms.gov/provider-data/dataset/xubh-q36u"",""sourceTitle"":""CMS Hospital General Information"",""checkedDate"":""2026-07-02"",""sourceType"":""federal_open_data"",""locationSpecific"":true,""reviewerNote"":""Emergency services flag copied from the official CMS Hospital General Information row for this facility.""}}"
cms-490094,BON SECOURS RICHMOND COMMUNITY HOSPITAL,hospital,1500 N. 28TH STREET,RICHMOND,VA,RICHMOND CITY,23223,37.540341878901,-77.406261141878,(804) 225-1701,Emergency services,CMS Hospital General Information,https://data.cms.gov/provider-data/dataset/xubh-q36u,2026-07-02,"Fields copied from the official CMS Hospital General Information CSV: facility name, address, city, state, ZIP code, county, phone, hospital type, ownership and emergency services flag. Hospital type: Acute Care Hospitals. Ownership: Voluntary non-profit - Private. Emergency services listed by CMS: Yes. Coordinates from the U.S. Census Bureau batch geocoder (Exact address match). CMS quality ratings and measures were intentionally not copied. Daily hours, prices and insurance details were not supplied by this intake.",490094,Hospital General Information,2026-07-02,2026-07-02,needs_review,"{""services"":{""field"":""services"",""status"":""source_backed"",""sourceUrl"":""https://data.cms.gov/provider-data/dataset/xubh-q36u"",""sourceTitle"":""CMS Hospital General Information"",""checkedDate"":""2026-07-02"",""sourceType"":""federal_open_data"",""locationSpecific"":true,""reviewerNote"":""Emergency services flag copied from the official CMS Hospital General Information row for this facility.""}}"
cms-490097,BON SECOURS SOUTHERN VIRGINIA MEDICAL CENTER,hospital,727 NORTH MAIN STREET,EMPORIA,VA,EMPORIA CITY,23847,36.702081385625,-77.535789553959,(434) 348-4400,Emergency services,CMS Hospital General Information,https://data.cms.gov/provider-data/dataset/xubh-q36u,2026-07-02,"Fields copied from the official CMS Hospital General Information CSV: facility name, address, city, state, ZIP code, county, phone, hospital type, ownership and emergency services flag. Hospital type: Acute Care Hospitals. Ownership: Proprietary. Emergency services listed by CMS: Yes. Coordinates from the U.S. Census Bureau batch geocoder (Exact address match). CMS quality ratings and measures were intentionally not copied. Daily hours, prices and insurance details were not supplied by this intake.",490097,Hospital General Information,2026-07-02,2026-07-02,needs_review,"{""services"":{""field"":""services"",""status"":""source_backed"",""sourceUrl"":""https://data.cms.gov/provider-data/dataset/xubh-q36u"",""sourceTitle"":""CMS Hospital General Information"",""checkedDate"":""2026-07-02"",""sourceType"":""federal_open_data"",""locationSpecific"":true,""reviewerNote"":""Emergency services flag copied from the official CMS Hospital General Information row for this facility.""}}"
cms-490098,COMMUNITY MEMORIAL HOSPITAL,hospital,1755 NORTH MECKLENBURG AVENUE,SOUTH HILL,VA,MECKLENBURG,23970,36.747995626472,-78.103241605173,(434) 447-3151,Emergency services,CMS Hospital General Information,https://data.cms.gov/provider-data/dataset/xubh-q36u,2026-07-02,"Fields copied from the official CMS Hospital General Information CSV: facility name, address, city, state, ZIP code, county, phone, hospital type, ownership and emergency services flag. Hospital type: Acute Care Hospitals. Ownership: Government - Hospital District or Authority. Emergency services listed by CMS: Yes. Coordinates from the U.S. Census Bureau batch geocoder (Non_Exact address match). CMS quality ratings and measures were intentionally not copied. Daily hours, prices and insurance details were not supplied by this intake.",490098,Hospital General Information,2026-07-02,2026-07-02,needs_review,"{""services"":{""field"":""services"",""status"":""source_backed"",""sourceUrl"":""https://data.cms.gov/provider-data/dataset/xubh-q36u"",""sourceTitle"":""CMS Hospital General Information"",""checkedDate"":""2026-07-02"",""sourceType"":""federal_open_data"",""locationSpecific"":true,""reviewerNote"":""Emergency services flag copied from the official CMS Hospital General Information row for this facility.""}}"
cms-490101,INOVA FAIR OAKS HOSPITAL,hospital,3600 JOSEPH SIEWICK DRIVE,FAIRFAX,VA,FAIRFAX,22033,38.884994406524,-77.378814995966,(703) 391-4170,,CMS Hospital General Information,https://data.cms.gov/provider-data/dataset/xubh-q36u,2026-07-02,"Fields copied from the official CMS Hospital General Information CSV: facility name, address, city, state, ZIP code, county, phone, hospital type, ownership and emergency services flag. Hospital type: Acute Care Hospitals. Ownership: Voluntary non-profit - Other. Emergency services listed by CMS: No. Coordinates from the U.S. Census Bureau batch geocoder (Exact address match). CMS quality ratings and measures were intentionally not copied. Daily hours, prices and insurance details were not supplied by this intake.",490101,Hospital General Information,2026-07-02,2026-07-02,needs_review,
cms-490107,RESTON HOSPITAL CENTER,hospital,1850 TOWN CENTER PARKWAY,RESTON,VA,FAIRFAX,20190,38.961460955323,-77.362875475317,(703) 689-9000,Emergency services,CMS Hospital General Information,https://data.cms.gov/provider-data/dataset/xubh-q36u,2026-07-02,"Fields copied from the official CMS Hospital General Information CSV: facility name, address, city, state, ZIP code, county, phone, hospital type, ownership and emergency services flag. Hospital type: Acute Care Hospitals. Ownership: Voluntary non-profit - Private. Emergency services listed by CMS: Yes. Coordinates from the U.S. Census Bureau batch geocoder (Exact address match). CMS quality ratings and measures were intentionally not copied. Daily hours, prices and insurance details were not supplied by this intake.",490107,Hospital General Information,2026-07-02,2026-07-02,needs_review,"{""services"":{""field"":""services"",""status"":""source_backed"",""sourceUrl"":""https://data.cms.gov/provider-data/dataset/xubh-q36u"",""sourceTitle"":""CMS Hospital General Information"",""checkedDate"":""2026-07-02"",""sourceType"":""federal_open_data"",""locationSpecific"":true,""reviewerNote"":""Emergency services flag copied from the official CMS Hospital General Information row for this facility.""}}"
cms-490110,LEWISGALE HOSPITAL MONTGOMERY,hospital,3700 SOUTH MAIN STREET,BLACKSBURG,VA,MONTGOMERY,24060,37.185692357797,-80.40864201266,(540) 951-1111,Emergency services,CMS Hospital General Information,https://data.cms.gov/provider-data/dataset/xubh-q36u,2026-07-02,"Fields copied from the official CMS Hospital General Information CSV: facility name, address, city, state, ZIP code, county, phone, hospital type, ownership and emergency services flag. Hospital type: Acute Care Hospitals. Ownership: Proprietary. Emergency services listed by CMS: Yes. Coordinates from the U.S. Census Bureau batch geocoder (Exact address match). CMS quality ratings and measures were intentionally not copied. Daily hours, prices and insurance details were not supplied by this intake.",490110,Hospital General Information,2026-07-02,2026-07-02,needs_review,"{""services"":{""field"":""services"",""status"":""source_backed"",""sourceUrl"":""https://data.cms.gov/provider-data/dataset/xubh-q36u"",""sourceTitle"":""CMS Hospital General Information"",""checkedDate"":""2026-07-02"",""sourceType"":""federal_open_data"",""locationSpecific"":true,""reviewerNote"":""Emergency services flag copied from the official CMS Hospital General Information row for this facility.""}}"
cms-490111,WYTHE COUNTY COMMUNITY HOSPITAL,hospital,600 WEST RIDGE ROAD,WYTHEVILLE,VA,WYTHE,24382,36.953329359485,-81.095687523102,(276) 228-0200,Emergency services,CMS Hospital General Information,https://data.cms.gov/provider-data/dataset/xubh-q36u,2026-07-02,"Fields copied from the official CMS Hospital General Information CSV: facility name, address, city, state, ZIP code, county, phone, hospital type, ownership and emergency services flag. Hospital type: Acute Care Hospitals. Ownership: Proprietary. Emergency services listed by CMS: Yes. Coordinates from the U.S. Census Bureau batch geocoder (Exact address match). CMS quality ratings and measures were intentionally not copied. Daily hours, prices and insurance details were not supplied by this intake.",490111,Hospital General Information,2026-07-02,2026-07-02,needs_review,"{""services"":{""field"":""services"",""status"":""source_backed"",""sourceUrl"":""https://data.cms.gov/provider-data/dataset/xubh-q36u"",""sourceTitle"":""CMS Hospital General Information"",""checkedDate"":""2026-07-02"",""sourceType"":""federal_open_data"",""locationSpecific"":true,""reviewerNote"":""Emergency services flag copied from the official CMS Hospital General Information row for this facility.""}}"
cms-490112,CJW MEDICAL CENTER,hospital,7101 JAHNKE ROAD,RICHMOND,VA,RICHMOND CITY,23225,37.515744350207,-77.524960960389,(804) 483-0000,Emergency services,CMS Hospital General Information,https://data.cms.gov/provider-data/dataset/xubh-q36u,2026-07-02,"Fields copied from the official CMS Hospital General Information CSV: facility name, address, city, state, ZIP code, county, phone, hospital type, ownership and emergency services flag. Hospital type: Acute Care Hospitals. Ownership: Proprietary. Emergency services listed by CMS: Yes. Coordinates from the U.S. Census Bureau batch geocoder (Exact address match). CMS quality ratings and measures were intentionally not copied. Daily hours, prices and insurance details were not supplied by this intake.",490112,Hospital General Information,2026-07-02,2026-07-02,needs_review,"{""services"":{""field"":""services"",""status"":""source_backed"",""sourceUrl"":""https://data.cms.gov/provider-data/dataset/xubh-q36u"",""sourceTitle"":""CMS Hospital General Information"",""checkedDate"":""2026-07-02"",""sourceType"":""federal_open_data"",""locationSpecific"":true,""reviewerNote"":""Emergency services flag copied from the official CMS Hospital General Information row for this facility.""}}"
cms-490113,SENTARA NORTHERN VIRGINIA MEDICAL CENTER,hospital,2300 OPITZ BOULEVARD,WOODBRIDGE,VA,PRINCE WILLIAM,22191,38.635193532014,-77.285637182022,(703) 523-1000,Emergency services,CMS Hospital General Information,https://data.cms.gov/provider-data/dataset/xubh-q36u,2026-07-02,"Fields copied from the official CMS Hospital General Information CSV: facility name, address, city, state, ZIP code, county, phone, hospital type, ownership and emergency services flag. Hospital type: Acute Care Hospitals. Ownership: Voluntary non-profit - Private. Emergency services listed by CMS: Yes. Coordinates from the U.S. Census Bureau batch geocoder (Exact address match). CMS quality ratings and measures were intentionally not copied. Daily hours, prices and insurance details were not supplied by this intake.",490113,Hospital General Information,2026-07-02,2026-07-02,needs_review,"{""services"":{""field"":""services"",""status"":""source_backed"",""sourceUrl"":""https://data.cms.gov/provider-data/dataset/xubh-q36u"",""sourceTitle"":""CMS Hospital General Information"",""checkedDate"":""2026-07-02"",""sourceType"":""federal_open_data"",""locationSpecific"":true,""reviewerNote"":""Emergency services flag copied from the official CMS Hospital General Information row for this facility.""}}"
cms-490114,LONESOME PINE HOSPITAL,hospital,1990 HOLTON AVENUE EAST,BIG STONE GAP,VA,WISE,24219,36.876517595776,-82.756786351902,(276) 523-3111,Emergency services,CMS Hospital General Information,https://data.cms.gov/provider-data/dataset/xubh-q36u,2026-07-02,"Fields copied from the official CMS Hospital General Information CSV: facility name, address, city, state, ZIP code, county, phone, hospital type, ownership and emergency services flag. Hospital type: Acute Care Hospitals. Ownership: Voluntary non-profit - Private. Emergency services listed by CMS: Yes. Coordinates from the U.S. Census Bureau batch geocoder (Exact address match). CMS quality ratings and measures were intentionally not copied. Daily hours, prices and insurance details were not supplied by this intake.",490114,Hospital General Information,2026-07-02,2026-07-02,needs_review,"{""services"":{""field"":""services"",""status"":""source_backed"",""sourceUrl"":""https://data.cms.gov/provider-data/dataset/xubh-q36u"",""sourceTitle"":""CMS Hospital General Information"",""checkedDate"":""2026-07-02"",""sourceType"":""federal_open_data"",""locationSpecific"":true,""reviewerNote"":""Emergency services flag copied from the official CMS Hospital General Information row for this facility.""}}"
cms-490115,TWIN COUNTY REGIONAL HOSPITAL,hospital,200 HOSPITAL DRIVE,GALAX,VA,GALAX CITY,24333,36.671761804537,-80.923827082551,(276) 236-1650,Emergency services,CMS Hospital General Information,https://data.cms.gov/provider-data/dataset/xubh-q36u,2026-07-02,"Fields copied from the official CMS Hospital General Information CSV: facility name, address, city, state, ZIP code, county, phone, hospital type, ownership and emergency services flag. Hospital type: Acute Care Hospitals. Ownership: Proprietary. Emergency services listed by CMS: Yes. Coordinates from the U.S. Census Bureau batch geocoder (Exact address match). CMS quality ratings and measures were intentionally not copied. Daily hours, prices and insurance details were not supplied by this intake.",490115,Hospital General Information,2026-07-02,2026-07-02,needs_review,"{""services"":{""field"":""services"",""status"":""source_backed"",""sourceUrl"":""https://data.cms.gov/provider-data/dataset/xubh-q36u"",""sourceTitle"":""CMS Hospital General Information"",""checkedDate"":""2026-07-02"",""sourceType"":""federal_open_data"",""locationSpecific"":true,""reviewerNote"":""Emergency services flag copied from the official CMS Hospital General Information row for this facility.""}}"
cms-490116,LEWISGALE HOSPITAL PULASKI,hospital,2400 LEE HIGHWAY,PULASKI,VA,PULASKI,24301,37.069953981233,-80.756958234376,(540) 994-8100,Emergency services,CMS Hospital General Information,https://data.cms.gov/provider-data/dataset/xubh-q36u,2026-07-02,"Fields copied from the official CMS Hospital General Information CSV: facility name, address, city, state, ZIP code, county, phone, hospital type, ownership and emergency services flag. Hospital type: Acute Care Hospitals. Ownership: Proprietary. Emergency services listed by CMS: Yes. Coordinates from the U.S. Census Bureau batch geocoder (Exact address match). CMS quality ratings and measures were intentionally not copied. Daily hours, prices and insurance details were not supplied by this intake.",490116,Hospital General Information,2026-07-02,2026-07-02,needs_review,"{""services"":{""field"":""services"",""status"":""source_backed"",""sourceUrl"":""https://data.cms.gov/provider-data/dataset/xubh-q36u"",""sourceTitle"":""CMS Hospital General Information"",""checkedDate"":""2026-07-02"",""sourceType"":""federal_open_data"",""locationSpecific"":true,""reviewerNote"":""Emergency services flag copied from the official CMS Hospital General Information row for this facility.""}}"
cms-490117,CARILION TAZEWELL COMMUNITY HOSPITAL,hospital,388 BEN BOLT AVENUE,TAZEWELL,VA,TAZEWELL,24651,37.125589959301,-81.49079706683,(276) 988-8700,Emergency services,CMS Hospital General Information,https://data.cms.gov/provider-data/dataset/xubh-q36u,2026-07-02,"Fields copied from the official CMS Hospital General Information CSV: facility name, address, city, state, ZIP code, county, phone, hospital type, ownership and emergency services flag. Hospital type: Acute Care Hospitals. Ownership: Voluntary non-profit - Other. Emergency services listed by CMS: Yes. Coordinates from the U.S. Census Bureau batch geocoder (Exact address match). CMS quality ratings and measures were intentionally not copied. Daily hours, prices and insurance details were not supplied by this intake.",490117,Hospital General Information,2026-07-02,2026-07-02,needs_review,"{""services"":{""field"":""services"",""status"":""source_backed"",""sourceUrl"":""https://data.cms.gov/provider-data/dataset/xubh-q36u"",""sourceTitle"":""CMS Hospital General Information"",""checkedDate"":""2026-07-02"",""sourceType"":""federal_open_data"",""locationSpecific"":true,""reviewerNote"":""Emergency services flag copied from the official CMS Hospital General Information row for this facility.""}}"
cms-490118,HENRICO DOCTORS' HOSPITAL,hospital,1602 SKIPWITH ROAD,RICHMOND,VA,HENRICO,23229,37.603740702458,-77.537811797967,(804) 289-4500,Emergency services,CMS Hospital General Information,https://data.cms.gov/provider-data/dataset/xubh-q36u,2026-07-02,"Fields copied from the official CMS Hospital General Information CSV: facility name, address, city, state, ZIP code, county, phone, hospital type, ownership and emergency services flag. Hospital type: Acute Care Hospitals. Ownership: Voluntary non-profit - Other. Emergency services listed by CMS: Yes. Coordinates from the U.S. Census Bureau batch geocoder (Exact address match). CMS quality ratings and measures were intentionally not copied. Daily hours, prices and insurance details were not supplied by this intake.",490118,Hospital General Information,2026-07-02,2026-07-02,needs_review,"{""services"":{""field"":""services"",""status"":""source_backed"",""sourceUrl"":""https://data.cms.gov/provider-data/dataset/xubh-q36u"",""sourceTitle"":""CMS Hospital General Information"",""checkedDate"":""2026-07-02"",""sourceType"":""federal_open_data"",""locationSpecific"":true,""reviewerNote"":""Emergency services flag copied from the official CMS Hospital General Information row for this facility.""}}"
cms-49011f,SALEM VA MEDICAL CENTER,hospital,1970 ROANOKE BOULEVARD,SALEM,VA,SALEM CITY,24153,37.276746242799,-80.021760177462,(540) 982-2463,Emergency services,CMS Hospital General Information,https://data.cms.gov/provider-data/dataset/xubh-q36u,2026-07-02,"Fields copied from the official CMS Hospital General Information CSV: facility name, address, city, state, ZIP code, county, phone, hospital type, ownership and emergency services flag. Hospital type: Acute Care - Veterans Administration. Ownership: Veterans Health Administration. Emergency services listed by CMS: Yes. Coordinates from the U.S. Census Bureau batch geocoder (Exact address match). CMS quality ratings and measures were intentionally not copied. Daily hours, prices and insurance details were not supplied by this intake.",49011F,Hospital General Information,2026-07-02,2026-07-02,needs_review,"{""services"":{""field"":""services"",""status"":""source_backed"",""sourceUrl"":""https://data.cms.gov/provider-data/dataset/xubh-q36u"",""sourceTitle"":""CMS Hospital General Information"",""checkedDate"":""2026-07-02"",""sourceType"":""federal_open_data"",""locationSpecific"":true,""reviewerNote"":""Emergency services flag copied from the official CMS Hospital General Information row for this facility.""}}"
cms-490120,CHESAPEAKE GENERAL HOSPITAL,hospital,"736 BATTLEFIELD BLVD, NORTH",CHESAPEAKE,VA,CHESAPEAKE CITY,23320,36.746792048851,-76.245051630096,(757) 312-8121,Emergency services,CMS Hospital General Information,https://data.cms.gov/provider-data/dataset/xubh-q36u,2026-07-02,"Fields copied from the official CMS Hospital General Information CSV: facility name, address, city, state, ZIP code, county, phone, hospital type, ownership and emergency services flag. Hospital type: Acute Care Hospitals. Ownership: Government - Hospital District or Authority. Emergency services listed by CMS: Yes. Coordinates from the U.S. Census Bureau batch geocoder (Exact address match). CMS quality ratings and measures were intentionally not copied. Daily hours, prices and insurance details were not supplied by this intake.",490120,Hospital General Information,2026-07-02,2026-07-02,needs_review,"{""services"":{""field"":""services"",""status"":""source_backed"",""sourceUrl"":""https://data.cms.gov/provider-data/dataset/xubh-q36u"",""sourceTitle"":""CMS Hospital General Information"",""checkedDate"":""2026-07-02"",""sourceType"":""federal_open_data"",""locationSpecific"":true,""reviewerNote"":""Emergency services flag copied from the official CMS Hospital General Information row for this facility.""}}"
cms-490127,BUCHANAN GENERAL HOSPITAL,hospital,1535 SLATE CREEK ROAD,GRUNDY,VA,BUCHANAN,24614,37.285456818302,-82.06824124758,(276) 935-1000,Emergency services,CMS Hospital General Information,https://data.cms.gov/provider-data/dataset/xubh-q36u,2026-07-02,"Fields copied from the official CMS Hospital General Information CSV: facility name, address, city, state, ZIP code, county, phone, hospital type, ownership and emergency services flag. Hospital type: Acute Care Hospitals. Ownership: Voluntary non-profit - Private. Emergency services listed by CMS: Yes. Coordinates from the U.S. Census Bureau batch geocoder (Exact address match). CMS quality ratings and measures were intentionally not copied. Daily hours, prices and insurance details were not supplied by this intake.",490127,Hospital General Information,2026-07-02,2026-07-02,needs_review,"{""services"":{""field"":""services"",""status"":""source_backed"",""sourceUrl"":""https://data.cms.gov/provider-data/dataset/xubh-q36u"",""sourceTitle"":""CMS Hospital General Information"",""checkedDate"":""2026-07-02"",""sourceType"":""federal_open_data"",""locationSpecific"":true,""reviewerNote"":""Emergency services flag copied from the official CMS Hospital General Information row for this facility.""}}"
cms-490130,RIVERSIDE WALTER REED HOSPITAL,hospital,7519 HOSPITAL ROAD,GLOUCESTER,VA,GLOUCESTER,23061,37.41976450731,-76.543091961447,(804) 693-8800,Emergency services,CMS Hospital General Information,https://data.cms.gov/provider-data/dataset/xubh-q36u,2026-07-02,"Fields copied from the official CMS Hospital General Information CSV: facility name, address, city, state, ZIP code, county, phone, hospital type, ownership and emergency services flag. Hospital type: Acute Care Hospitals. Ownership: Voluntary non-profit - Private. Emergency services listed by CMS: Yes. Coordinates from the U.S. Census Bureau batch geocoder (Non_Exact address match). CMS quality ratings and measures were intentionally not copied. Daily hours, prices and insurance details were not supplied by this intake.",490130,Hospital General Information,2026-07-02,2026-07-02,needs_review,"{""services"":{""field"":""services"",""status"":""source_backed"",""sourceUrl"":""https://data.cms.gov/provider-data/dataset/xubh-q36u"",""sourceTitle"":""CMS Hospital General Information"",""checkedDate"":""2026-07-02"",""sourceType"":""federal_open_data"",""locationSpecific"":true,""reviewerNote"":""Emergency services flag copied from the official CMS Hospital General Information row for this facility.""}}"
cms-490136,BON SECOURS ST FRANCIS MEDICAL CENTER,hospital,13710 ST FRANCIS BOULEVARD,MIDLOTHIAN,VA,CHESTERFIELD,23114,37.465897584047,-77.661422699526,(804) 594-7400,Emergency services,CMS Hospital General Information,https://data.cms.gov/provider-data/dataset/xubh-q36u,2026-07-02,"Fields copied from the official CMS Hospital General Information CSV: facility name, address, city, state, ZIP code, county, phone, hospital type, ownership and emergency services flag. Hospital type: Acute Care Hospitals. Ownership: Voluntary non-profit - Church. Emergency services listed by CMS: Yes. Coordinates from the U.S. Census Bureau batch geocoder (Exact address match). CMS quality ratings and measures were intentionally not copied. Daily hours, prices and insurance details were not supplied by this intake.",490136,Hospital General Information,2026-07-02,2026-07-02,needs_review,"{""services"":{""field"":""services"",""status"":""source_backed"",""sourceUrl"":""https://data.cms.gov/provider-data/dataset/xubh-q36u"",""sourceTitle"":""CMS Hospital General Information"",""checkedDate"":""2026-07-02"",""sourceType"":""federal_open_data"",""locationSpecific"":true,""reviewerNote"":""Emergency services flag copied from the official CMS Hospital General Information row for this facility.""}}"
cms-490140,"STAFFORD HOSPITAL, LLC",hospital,101 HOSPITAL CENTER BOULEVARD,STAFFORD,VA,STAFFORD,22554,38.414014249524,-77.408698509392,(540) 741-9000,Emergency services,CMS Hospital General Information,https://data.cms.gov/provider-data/dataset/xubh-q36u,2026-07-02,"Fields copied from the official CMS Hospital General Information CSV: facility name, address, city, state, ZIP code, county, phone, hospital type, ownership and emergency services flag. Hospital type: Acute Care Hospitals. Ownership: Voluntary non-profit - Private. Emergency services listed by CMS: Yes. Coordinates from the U.S. Census Bureau batch geocoder (Exact address match). CMS quality ratings and measures were intentionally not copied. Daily hours, prices and insurance details were not supplied by this intake.",490140,Hospital General Information,2026-07-02,2026-07-02,needs_review,"{""services"":{""field"":""services"",""status"":""source_backed"",""sourceUrl"":""https://data.cms.gov/provider-data/dataset/xubh-q36u"",""sourceTitle"":""CMS Hospital General Information"",""checkedDate"":""2026-07-02"",""sourceType"":""federal_open_data"",""locationSpecific"":true,""reviewerNote"":""Emergency services flag copied from the official CMS Hospital General Information row for this facility.""}}"
cms-490141,SPOTSYLVANIA REGIONAL MEDICAL CENTER,hospital,4600 SPOTSYLVANIA PARKWAY,FREDERICKSBURG,VA,SPOTSYLVANIA,22408,38.219422145905,-77.496317104086,(540) 498-4000,Emergency services,CMS Hospital General Information,https://data.cms.gov/provider-data/dataset/xubh-q36u,2026-07-02,"Fields copied from the official CMS Hospital General Information CSV: facility name, address, city, state, ZIP code, county, phone, hospital type, ownership and emergency services flag. Hospital type: Acute Care Hospitals. Ownership: Proprietary. Emergency services listed by CMS: Yes. Coordinates from the U.S. Census Bureau batch geocoder (Exact address match). CMS quality ratings and measures were intentionally not copied. Daily hours, prices and insurance details were not supplied by this intake.",490141,Hospital General Information,2026-07-02,2026-07-02,needs_review,"{""services"":{""field"":""services"",""status"":""source_backed"",""sourceUrl"":""https://data.cms.gov/provider-data/dataset/xubh-q36u"",""sourceTitle"":""CMS Hospital General Information"",""checkedDate"":""2026-07-02"",""sourceType"":""federal_open_data"",""locationSpecific"":true,""reviewerNote"":""Emergency services flag copied from the official CMS Hospital General Information row for this facility.""}}"
cms-490144,UVA HEALTH HAYMARKET MEDICAL CENTER,hospital,15225 HEALTHCOTE BOULEVARD,HAYMARKET,VA,PRINCE WILLIAM,20169,38.822051945088,-77.641539291869,(571) 284-1000,Emergency services,CMS Hospital General Information,https://data.cms.gov/provider-data/dataset/xubh-q36u,2026-07-02,"Fields copied from the official CMS Hospital General Information CSV: facility name, address, city, state, ZIP code, county, phone, hospital type, ownership and emergency services flag. Hospital type: Acute Care Hospitals. Ownership: Voluntary non-profit - Private. Emergency services listed by CMS: Yes. Coordinates from the U.S. Census Bureau batch geocoder (Non_Exact address match). CMS quality ratings and measures were intentionally not copied. Daily hours, prices and insurance details were not supplied by this intake.",490144,Hospital General Information,2026-07-02,2026-07-02,needs_review,"{""services"":{""field"":""services"",""status"":""source_backed"",""sourceUrl"":""https://data.cms.gov/provider-data/dataset/xubh-q36u"",""sourceTitle"":""CMS Hospital General Information"",""checkedDate"":""2026-07-02"",""sourceType"":""federal_open_data"",""locationSpecific"":true,""reviewerNote"":""Emergency services flag copied from the official CMS Hospital General Information row for this facility.""}}"
cms-490145,STONESPRINGS HOSPITAL CENTER,hospital,24440 STONE SPRINGS BOULEVARD,DULLES,VA,LOUDOUN,20166,38.942317334046,-77.54243437939,(571) 349-4000,Emergency services,CMS Hospital General Information,https://data.cms.gov/provider-data/dataset/xubh-q36u,2026-07-02,"Fields copied from the official CMS Hospital General Information CSV: facility name, address, city, state, ZIP code, county, phone, hospital type, ownership and emergency services flag. Hospital type: Acute Care Hospitals. Ownership: Proprietary. Emergency services listed by CMS: Yes. Coordinates from the U.S. Census Bureau batch geocoder (Exact address match). CMS quality ratings and measures were intentionally not copied. Daily hours, prices and insurance details were not supplied by this intake.",490145,Hospital General Information,2026-07-02,2026-07-02,needs_review,"{""services"":{""field"":""services"",""status"":""source_backed"",""sourceUrl"":""https://data.cms.gov/provider-data/dataset/xubh-q36u"",""sourceTitle"":""CMS Hospital General Information"",""checkedDate"":""2026-07-02"",""sourceType"":""federal_open_data"",""locationSpecific"":true,""reviewerNote"":""Emergency services flag copied from the official CMS Hospital General Information row for this facility.""}}"
cms-490148,BON SECOURS HARBOUR VIEW MEDICAL CENTER,hospital,1020 BON SECOURS DRIVE,SUFFOLK,VA,SUFFOLK CITY,23435,36.869497885859,-76.440969019142,(757) 673-5917,Emergency services,CMS Hospital General Information,https://data.cms.gov/provider-data/dataset/xubh-q36u,2026-07-02,"Fields copied from the official CMS Hospital General Information CSV: facility name, address, city, state, ZIP code, county, phone, hospital type, ownership and emergency services flag. Hospital type: Acute Care Hospitals. Ownership: Voluntary non-profit - Private. Emergency services listed by CMS: Yes. Coordinates from the U.S. Census Bureau batch geocoder (Exact address match). CMS quality ratings and measures were intentionally not copied. Daily hours, prices and insurance details were not supplied by this intake.",490148,Hospital General Information,2026-07-02,2026-07-02,needs_review,"{""services"":{""field"":""services"",""status"":""source_backed"",""sourceUrl"":""https://data.cms.gov/provider-data/dataset/xubh-q36u"",""sourceTitle"":""CMS Hospital General Information"",""checkedDate"":""2026-07-02"",""sourceType"":""federal_open_data"",""locationSpecific"":true,""reviewerNote"":""Emergency services flag copied from the official CMS Hospital General Information row for this facility.""}}"
cms-491300,BATH COMMUNITY HOSPITAL,hospital,106 PARK DRIVE- PO DRAWER Z,HOT SPRINGS,VA,BATH,24445,37.993147279768,-79.8315944313,(540) 839-7000,Emergency services,CMS Hospital General Information,https://data.cms.gov/provider-data/dataset/xubh-q36u,2026-07-02,"Fields copied from the official CMS Hospital General Information CSV: facility name, address, city, state, ZIP code, county, phone, hospital type, ownership and emergency services flag. Hospital type: Critical Access Hospitals. Ownership: Voluntary non-profit - Private. Emergency services listed by CMS: Yes. Coordinates from the U.S. Census Bureau batch geocoder (Non_Exact address match). CMS quality ratings and measures were intentionally not copied. Daily hours, prices and insurance details were not supplied by this intake.",491300,Hospital General Information,2026-07-02,2026-07-02,needs_review,"{""services"":{""field"":""services"",""status"":""source_backed"",""sourceUrl"":""https://data.cms.gov/provider-data/dataset/xubh-q36u"",""sourceTitle"":""CMS Hospital General Information"",""checkedDate"":""2026-07-02"",""sourceType"":""federal_open_data"",""locationSpecific"":true,""reviewerNote"":""Emergency services flag copied from the official CMS Hospital General Information row for this facility.""}}"
cms-491303,DICKENSON COMMUNITY HOSPITAL,hospital,312 HOSPITAL DRIVE,CLINTWOOD,VA,DICKENSON,24228,37.16018212526,-82.449724675597,(276) 926-0300,Emergency services,CMS Hospital General Information,https://data.cms.gov/provider-data/dataset/xubh-q36u,2026-07-02,"Fields copied from the official CMS Hospital General Information CSV: facility name, address, city, state, ZIP code, county, phone, hospital type, ownership and emergency services flag. Hospital type: Critical Access Hospitals. Ownership: Voluntary non-profit - Private. Emergency services listed by CMS: Yes. Coordinates from the U.S. Census Bureau batch geocoder (Exact address match). CMS quality ratings and measures were intentionally not copied. Daily hours, prices and insurance details were not supplied by this intake.",491303,Hospital General Information,2026-07-02,2026-07-02,needs_review,"{""services"":{""field"":""services"",""status"":""source_backed"",""sourceUrl"":""https://data.cms.gov/provider-data/dataset/xubh-q36u"",""sourceTitle"":""CMS Hospital General Information"",""checkedDate"":""2026-07-02"",""sourceType"":""federal_open_data"",""locationSpecific"":true,""reviewerNote"":""Emergency services flag copied from the official CMS Hospital General Information row for this facility.""}}"
cms-491304,CARILION STONEWALL JACKSON HOSPITAL,hospital,1 HEALTH CIRCLE,LEXINGTON,VA,LEXINGTON CITY,24450,37.778420282881,-79.441938365421,(540) 458-3300,Emergency services,CMS Hospital General Information,https://data.cms.gov/provider-data/dataset/xubh-q36u,2026-07-02,"Fields copied from the official CMS Hospital General Information CSV: facility name, address, city, state, ZIP code, county, phone, hospital type, ownership and emergency services flag. Hospital type: Critical Access Hospitals. Ownership: Voluntary non-profit - Private. Emergency services listed by CMS: Yes. Coordinates from the U.S. Census Bureau batch geocoder (Exact address match). CMS quality ratings and measures were intentionally not copied. Daily hours, prices and insurance details were not supplied by this intake.",491304,Hospital General Information,2026-07-02,2026-07-02,needs_review,"{""services"":{""field"":""services"",""status"":""source_backed"",""sourceUrl"":""https://data.cms.gov/provider-data/dataset/xubh-q36u"",""sourceTitle"":""CMS Hospital General Information"",""checkedDate"":""2026-07-02"",""sourceType"":""federal_open_data"",""locationSpecific"":true,""reviewerNote"":""Emergency services flag copied from the official CMS Hospital General Information row for this facility.""}}"
cms-491305,SHENANDOAH MEMORIAL HOSPITAL,hospital,759 SOUTH MAIN STREET,WOODSTOCK,VA,SHENANDOAH,22664,38.872559503746,-78.512899160087,(540) 459-1100,Emergency services,CMS Hospital General Information,https://data.cms.gov/provider-data/dataset/xubh-q36u,2026-07-02,"Fields copied from the official CMS Hospital General Information CSV: facility name, address, city, state, ZIP code, county, phone, hospital type, ownership and emergency services flag. Hospital type: Critical Access Hospitals. Ownership: Voluntary non-profit - Private. Emergency services listed by CMS: Yes. Coordinates from the U.S. Census Bureau batch geocoder (Exact address match). CMS quality ratings and measures were intentionally not copied. Daily hours, prices and insurance details were not supplied by this intake.",491305,Hospital General Information,2026-07-02,2026-07-02,needs_review,"{""services"":{""field"":""services"",""status"":""source_backed"",""sourceUrl"":""https://data.cms.gov/provider-data/dataset/xubh-q36u"",""sourceTitle"":""CMS Hospital General Information"",""checkedDate"":""2026-07-02"",""sourceType"":""federal_open_data"",""locationSpecific"":true,""reviewerNote"":""Emergency services flag copied from the official CMS Hospital General Information row for this facility.""}}"
cms-491307,"PAGE MEMORIAL HOSPITAL, INC",hospital,200 MEMORIAL DRIVE,LURAY,VA,PAGE,22835,38.665489724851,-78.468589713453,(540) 743-4561,Emergency services,CMS Hospital General Information,https://data.cms.gov/provider-data/dataset/xubh-q36u,2026-07-02,"Fields copied from the official CMS Hospital General Information CSV: facility name, address, city, state, ZIP code, county, phone, hospital type, ownership and emergency services flag. Hospital type: Critical Access Hospitals. Ownership: Voluntary non-profit - Private. Emergency services listed by CMS: Yes. Coordinates from the U.S. Census Bureau batch geocoder (Exact address match). CMS quality ratings and measures were intentionally not copied. Daily hours, prices and insurance details were not supplied by this intake.",491307,Hospital General Information,2026-07-02,2026-07-02,needs_review,"{""services"":{""field"":""services"",""status"":""source_backed"",""sourceUrl"":""https://data.cms.gov/provider-data/dataset/xubh-q36u"",""sourceTitle"":""CMS Hospital General Information"",""checkedDate"":""2026-07-02"",""sourceType"":""federal_open_data"",""locationSpecific"":true,""reviewerNote"":""Emergency services flag copied from the official CMS Hospital General Information row for this facility.""}}"
cms-491309,LEE COUNTY COMMUNITY HOSPITAL,hospital,127 HEALTH CARE DRIVE,PENNINGTON GAP,VA,LEE,24277,36.749369450134,-83.049780955196,(276) 299-5000,Emergency services,CMS Hospital General Information,https://data.cms.gov/provider-data/dataset/xubh-q36u,2026-07-02,"Fields copied from the official CMS Hospital General Information CSV: facility name, address, city, state, ZIP code, county, phone, hospital type, ownership and emergency services flag. Hospital type: Critical Access Hospitals. Ownership: Voluntary non-profit - Private. Emergency services listed by CMS: Yes. Coordinates from the U.S. Census Bureau batch geocoder (Exact address match). CMS quality ratings and measures were intentionally not copied. Daily hours, prices and insurance details were not supplied by this intake.",491309,Hospital General Information,2026-07-02,2026-07-02,needs_review,"{""services"":{""field"":""services"",""status"":""source_backed"",""sourceUrl"":""https://data.cms.gov/provider-data/dataset/xubh-q36u"",""sourceTitle"":""CMS Hospital General Information"",""checkedDate"":""2026-07-02"",""sourceType"":""federal_open_data"",""locationSpecific"":true,""reviewerNote"":""Emergency services flag copied from the official CMS Hospital General Information row for this facility.""}}"
cms-493301,CHILDRENS HOSPITAL OF THE KINGS DAUGHTERS INC,hospital,601 CHILDREN'S LANE,NORFOLK,VA,NORFOLK CITY,23507,36.861301200407,-76.301710882595,(757) 668-9647,Emergency services,CMS Hospital General Information,https://data.cms.gov/provider-data/dataset/xubh-q36u,2026-07-02,"Fields copied from the official CMS Hospital General Information CSV: facility name, address, city, state, ZIP code, county, phone, hospital type, ownership and emergency services flag. Hospital type: Childrens. Ownership: Voluntary non-profit - Private. Emergency services listed by CMS: Yes. Coordinates from the U.S. Census Bureau batch geocoder (Exact address match). CMS quality ratings and measures were intentionally not copied. Daily hours, prices and insurance details were not supplied by this intake.",493301,Hospital General Information,2026-07-02,2026-07-02,needs_review,"{""services"":{""field"":""services"",""status"":""source_backed"",""sourceUrl"":""https://data.cms.gov/provider-data/dataset/xubh-q36u"",""sourceTitle"":""CMS Hospital General Information"",""checkedDate"":""2026-07-02"",""sourceType"":""federal_open_data"",""locationSpecific"":true,""reviewerNote"":""Emergency services flag copied from the official CMS Hospital General Information row for this facility.""}}"
cms-494010,NORTHERN VIRGINIA MENTAL HEALTH INSTI,hospital,3302 GALLOWS RD,FALLS CHURCH,VA,FAIRFAX,22042,38.856869932023,-77.225532004226,(703) 207-7100,,CMS Hospital General Information,https://data.cms.gov/provider-data/dataset/xubh-q36u,2026-07-02,"Fields copied from the official CMS Hospital General Information CSV: facility name, address, city, state, ZIP code, county, phone, hospital type, ownership and emergency services flag. Hospital type: Psychiatric. Ownership: Government - State. Emergency services listed by CMS: No. Coordinates from the U.S. Census Bureau batch geocoder (Exact address match). CMS quality ratings and measures were intentionally not copied. Daily hours, prices and insurance details were not supplied by this intake.",494010,Hospital General Information,2026-07-02,2026-07-02,needs_review,
cms-494017,SOUTHERN VIRGINIA MENTAL HEALTH INSTITUTE,hospital,382 TAYLOR DRIVE,DANVILLE,VA,DANVILLE CITY,24541,36.555780896791,-79.409638458199,(434) 773-4339,Emergency services,CMS Hospital General Information,https://data.cms.gov/provider-data/dataset/xubh-q36u,2026-07-02,"Fields copied from the official CMS Hospital General Information CSV: facility name, address, city, state, ZIP code, county, phone, hospital type, ownership and emergency services flag. Hospital type: Psychiatric. Ownership: Government - State. Emergency services listed by CMS: Yes. Coordinates from the U.S. Census Bureau batch geocoder (Exact address match). CMS quality ratings and measures were intentionally not copied. Daily hours, prices and insurance details were not supplied by this intake.",494017,Hospital General Information,2026-07-02,2026-07-02,needs_review,"{""services"":{""field"":""services"",""status"":""source_backed"",""sourceUrl"":""https://data.cms.gov/provider-data/dataset/xubh-q36u"",""sourceTitle"":""CMS Hospital General Information"",""checkedDate"":""2026-07-02"",""sourceType"":""federal_open_data"",""locationSpecific"":true,""reviewerNote"":""Emergency services flag copied from the official CMS Hospital General Information row for this facility.""}}"
cms-494021,WESTERN STATE HOSPITAL,hospital,1301 RICHMOND ROAD,STAUNTON,VA,STAUNTON CITY,24402,38.131636607476,-79.039725889916,(540) 332-8000,Emergency services,CMS Hospital General Information,https://data.cms.gov/provider-data/dataset/xubh-q36u,2026-07-02,"Fields copied from the official CMS Hospital General Information CSV: facility name, address, city, state, ZIP code, county, phone, hospital type, ownership and emergency services flag. Hospital type: Psychiatric. Ownership: Government - State. Emergency services listed by CMS: Yes. Coordinates from the U.S. Census Bureau batch geocoder (Non_Exact address match). CMS quality ratings and measures were intentionally not copied. Daily hours, prices and insurance details were not supplied by this intake.",494021,Hospital General Information,2026-07-02,2026-07-02,needs_review,"{""services"":{""field"":""services"",""status"":""source_backed"",""sourceUrl"":""https://data.cms.gov/provider-data/dataset/xubh-q36u"",""sourceTitle"":""CMS Hospital General Information"",""checkedDate"":""2026-07-02"",""sourceType"":""federal_open_data"",""locationSpecific"":true,""reviewerNote"":""Emergency services flag copied from the official CMS Hospital General Information row for this facility.""}}"
cms-494022,POPLAR SPRINGS HOSPITAL,hospital,350 POPLAR DRIVE  PO BOX 3060,PETERSBURG,VA,PETERSBURG CITY,23805,37.18845953016,-77.359670133594,(804) 733-6874,,CMS Hospital General Information,https://data.cms.gov/provider-data/dataset/xubh-q36u,2026-07-02,"Fields copied from the official CMS Hospital General Information CSV: facility name, address, city, state, ZIP code, county, phone, hospital type, ownership and emergency services flag. Hospital type: Psychiatric. Ownership: Proprietary. Emergency services listed by CMS: No. Coordinates from the U.S. Census Bureau batch geocoder (Non_Exact address match). CMS quality ratings and measures were intentionally not copied. Daily hours, prices and insurance details were not supplied by this intake.",494022,Hospital General Information,2026-07-02,2026-07-02,needs_review,
cms-494023,DOMINION HOSPITAL,hospital,2960 SLEEPY HOLLOW ROAD,FALLS CHURCH,VA,FAIRFAX,22044,38.869517912946,-77.158012236469,(703) 536-2000,,CMS Hospital General Information,https://data.cms.gov/provider-data/dataset/xubh-q36u,2026-07-02,"Fields copied from the official CMS Hospital General Information CSV: facility name, address, city, state, ZIP code, county, phone, hospital type, ownership and emergency services flag. Hospital type: Psychiatric. Ownership: Proprietary. Emergency services listed by CMS: No. Coordinates from the U.S. Census Bureau batch geocoder (Exact address match). CMS quality ratings and measures were intentionally not copied. Daily hours, prices and insurance details were not supplied by this intake.",494023,Hospital General Information,2026-07-02,2026-07-02,needs_review,
cms-494029,SOUTHWESTERN VIRGINIA MENTAL HEALTH INSTITUTE,hospital,340 BAGLEY CIRCLE,MARION,VA,SMYTH,24354,36.833773949281,-81.511456930575,(276) 706-3300,,CMS Hospital General Information,https://data.cms.gov/provider-data/dataset/xubh-q36u,2026-07-02,"Fields copied from the official CMS Hospital General Information CSV: facility name, address, city, state, ZIP code, county, phone, hospital type, ownership and emergency services flag. Hospital type: Psychiatric. Ownership: Government - State. Emergency services listed by CMS: No. Coordinates from the U.S. Census Bureau batch geocoder (Exact address match). CMS quality ratings and measures were intentionally not copied. Daily hours, prices and insurance details were not supplied by this intake.",494029,Hospital General Information,2026-07-02,2026-07-02,needs_review,
cms-494032,THE PAVILION AT WILLIAMSBURG PLACE,hospital,5483 MOORETOWN ROAD,WILLIAMSBURG,VA,JAMES CITY,23188,37.31578388542,-76.731007671606,(757) 941-6400,,CMS Hospital General Information,https://data.cms.gov/provider-data/dataset/xubh-q36u,2026-07-02,"Fields copied from the official CMS Hospital General Information CSV: facility name, address, city, state, ZIP code, county, phone, hospital type, ownership and emergency services flag. Hospital type: Psychiatric. Ownership: Proprietary. Emergency services listed by CMS: No. Coordinates from the U.S. Census Bureau batch geocoder (Exact address match). CMS quality ratings and measures were intentionally not copied. Daily hours, prices and insurance details were not supplied by this intake.",494032,Hospital General Information,2026-07-02,2026-07-02,needs_review,
cms-494033,CATAWBA HOSPITAL,hospital,5525 CATAWBA HOSPITAL DRIVE,CATAWBA,VA,ROANOKE,24070,37.391335918883,-80.109021924815,(540) 375-4200,,CMS Hospital General Information,https://data.cms.gov/provider-data/dataset/xubh-q36u,2026-07-02,"Fields copied from the official CMS Hospital General Information CSV: facility name, address, city, state, ZIP code, county, phone, hospital type, ownership and emergency services flag. Hospital type: Psychiatric. Ownership: Government - State. Emergency services listed by CMS: No. Coordinates from the U.S. Census Bureau batch geocoder (Exact address match). CMS quality ratings and measures were intentionally not copied. Daily hours, prices and insurance details were not supplied by this intake.",494033,Hospital General Information,2026-07-02,2026-07-02,needs_review,
