{"type":"FeatureCollection", "features": [
{"type":"Feature","geometry":{"type":"Polygon","coordinates":[[[-91.45737,33.38897],[-91.46003,33.27185],[-91.46052,33.14102],[-91.46021,33.08343],[-91.46038,33.00591],[-91.43578,33.0061],[-91.26502,33.00508],[-91.16609,33.00429],[-91.16628,33.01133],[-91.16184,33.01985],[-91.14976,33.02631],[-91.13744,33.02874],[-91.12833,33.03428],[-91.12531,33.03885],[-91.12281,33.05107],[-91.12038,33.05453],[-91.12464,33.06413],[-91.15022,33.08213],[-91.17314,33.08869],[-91.18084,33.09836],[-91.19595,33.10456],[-91.20146,33.10964],[-91.20199,33.12313],[-91.19966,33.12853],[-91.19256,33.13708],[-91.18366,33.14169],[-91.16941,33.14264],[-91.1603,33.14122],[-91.15036,33.1307],[-91.12808,33.12891],[-91.11321,33.12921],[-91.09987,33.13112],[-91.08571,33.13719],[-91.08166,33.15381],[-91.08005,33.17031],[-91.08079,33.18221],[-91.08394,33.19039],[-91.09602,33.21047],[-91.10026,33.21943],[-91.08598,33.22164],[-91.07784,33.22747],[-91.0707,33.2273],[-91.06871,33.23294],[-91.05413,33.24611],[-91.05041,33.2512],[-91.04519,33.2654],[-91.04362,33.27464],[-91.04815,33.2828],[-91.05873,33.2869],[-91.06703,33.28718],[-91.07853,33.28331],[-91.08614,33.27365],[-91.09034,33.25733],[-91.09475,33.2505],[-91.09693,33.24163],[-91.10082,33.23827],[-91.11056,33.24593],[-91.11883,33.26242],[-91.12808,33.2685],[-91.12554,33.28025],[-91.14161,33.29954],[-91.14147,33.31432],[-91.14367,33.3284],[-91.14097,33.33649],[-91.14222,33.34899],[-91.14019,33.35145],[-91.12041,33.36381],[-91.10146,33.38719],[-91.09107,33.39621],[-91.0798,33.40266],[-91.06444,33.41846],[-91.05815,33.42871],[-91.05808,33.44654],[-91.05983,33.45026],[-91.07074,33.45585],[-91.08183,33.45419],[-91.08703,33.45129],[-91.09428,33.44267],[-91.09747,33.43173],[-91.09505,33.42415],[-91.09631,33.41283],[-91.09953,33.40721],[-91.11376,33.39312],[-91.12124,33.38842],[-91.14194,33.38006],[-91.14882,33.37877],[-91.1663,33.37971],[-91.17694,33.38284],[-91.19113,33.38963],[-91.20476,33.39882],[-91.20903,33.40363],[-91.20527,33.41423],[-91.19935,33.41832],[-91.19197,33.41773],[-91.18443,33.41958],[-91.17628,33.41698],[-91.14766,33.42717],[-91.13915,33.42696],[-91.13188,33.43006],[-91.1301,33.43408],[-91.11895,33.44621],[-91.11694,33.45203],[-91.1212,33.46749],[-91.12592,33.47513],[-91.13215,33.48156],[-91.14613,33.49045],[-91.16161,33.49748],[-91.17167,33.497],[-91.17697,33.48725],[-91.17601,33.47292],[-91.16981,33.45201],[-91.18179,33.44078],[-91.19466,33.43636],[-91.20681,33.43385],[-91.21737,33.4347],[-91.23518,33.43897],[-91.23166,33.4571],[-91.22334,33.46276],[-91.20853,33.46861],[-91.19563,33.48847],[-91.1826,33.49918],[-91.18542,33.50753],[-91.2051,33.51828],[-91.21949,33.53019],[-91.23341,33.55346],[-91.23383,33.56134],[-91.24238,33.56146],[-91.24482,33.5536],[-91.24576,33.51719],[-91.32464,33.51868],[-91.32413,33.52591],[-91.33338,33.52617],[-91.33309,33.53353],[-91.34602,33.53356],[-91.34633,33.51927],[-91.35075,33.51934],[-91.34959,33.56357],[-91.38416,33.56342],[-91.45346,33.56368],[-91.45436,33.52045],[-91.4512,33.50781],[-91.4548,33.50532],[-91.45681,33.42547],[-91.45737,33.38897]]]},"properties":{"STATEFP":"05","COUNTYFP":"017","COUNTYNS":"00069160","GEOIDFQ":"0500000US05017","GEOID":"05017","NAME":"Chicot","NAMELSAD":"Chicot County","STUSPS":"AR","STATE_NAME":"Arkansas","LSAD":"06","ALAND":1649764401,"AWATER":140413175}},
{"type":"Feature","geometry":{"type":"Polygon","coordinates":[[[-91.40687,36.49712],[-91.40724,36.48719],[-91.39819,36.48706],[-91.39845,36.47993],[-91.38048,36.47964],[-91.3806,36.47238],[-91.36185,36.47217],[-91.3619,36.46492],[-91.35739,36.46508],[-91.35761,36.45037],[-91.35325,36.4504],[-91.35338,36.43561],[-91.3489,36.43559],[-91.34907,36.42091],[-91.30873,36.42043],[-91.31009,36.3898],[-91.29155,36.38918],[-91.29243,36.37474],[-91.27486,36.37458],[-91.27597,36.33087],[-91.25848,36.33089],[-91.25892,36.25788],[-91.24087,36.25767],[-91.23957,36.22843],[-91.23666,36.24084],[-91.23146,36.2398],[-91.22749,36.23398],[-91.22867,36.22899],[-91.2258,36.22424],[-91.21418,36.22261],[-91.20386,36.21858],[-91.198,36.22107],[-91.1954,36.21269],[-91.18301,36.206],[-91.17453,36.20791],[-91.16788,36.2035],[-91.16331,36.2058],[-91.15595,36.1975],[-91.15732,36.18999],[-91.14567,36.18194],[-91.14859,36.1763],[-91.14245,36.16688],[-91.13753,36.16803],[-91.12601,36.16059],[-91.12311,36.15571],[-91.10504,36.15156],[-91.09083,36.14944],[-91.08288,36.15085],[-91.08583,36.13189],[-91.07821,36.12524],[-91.08116,36.12106],[-91.07348,36.11487],[-91.06378,36.11838],[-91.06243,36.12656],[-91.0657,36.14153],[-91.05485,36.15152],[-90.97438,36.15055],[-90.88237,36.15048],[-90.80981,36.14966],[-90.80819,36.22372],[-90.80668,36.26703],[-90.80622,36.28812],[-90.79791,36.28588],[-90.79122,36.28782],[-90.78592,36.29334],[-90.78209,36.28606],[-90.7691,36.28477],[-90.76532,36.28708],[-90.75925,36.28241],[-90.75183,36.28384],[-90.74963,36.36809],[-90.7487,36.41287],[-90.7709,36.41432],[-90.76844,36.42068],[-90.75612,36.4227],[-90.76488,36.42778],[-90.76964,36.42424],[-90.77688,36.42522],[-90.76951,36.43421],[-90.77626,36.43465],[-90.77897,36.43913],[-90.77471,36.44581],[-90.7755,36.45282],[-90.77205,36.46596],[-90.77297,36.47483],[-90.77032,36.48775],[-90.7789,36.49078],[-90.78424,36.49852],[-90.87922,36.49838],[-90.96065,36.49843],[-91.01797,36.49806],[-91.12653,36.49771],[-91.2274,36.49762],[-91.40687,36.49712]]]},"properties":{"STATEFP":"05","COUNTYFP":"121","COUNTYNS":"00069178","GEOIDFQ":"0500000US05121","GEOID":"05121","NAME":"Randolph","NAMELSAD":"Randolph County","STUSPS":"AR","STATE_NAME":"Arkansas","LSAD":"06","ALAND":1688445994,"AWATER":10370823}},
{"type":"Feature","geometry":{"type":"Polygon","coordinates":[[[-93.71995,33.48203],[-93.721,33.47845],[-93.73067,33.47189],[-93.73506,33.46429],[-93.73636,33.45497],[-93.72704,33.44889],[-93.72704,33.44388],[-93.73856,33.44516],[-93.74638,33.4419],[-93.73626,33.42706],[-93.73101,33.42862],[-93.72286,33.43933],[-93.71466,33.43909],[-93.71428,33.43251],[-93.72123,33.4277],[-93.7314,33.42411],[-93.72976,33.41699],[-93.72184,33.41256],[-93.71238,33.39556],[-93.70248,33.39138],[-93.6991,33.38775],[-93.70527,33.3844],[-93.71678,33.38675],[-93.72345,33.38217],[-93.71842,33.37508],[-93.71373,33.37279],[-93.70429,33.37279],[-93.70001,33.37513],[-93.69591,33.38502],[-93.68668,33.38865],[-93.67458,33.38104],[-93.67363,33.37516],[-93.68139,33.37224],[-93.68836,33.37405],[-93.6985,33.36972],[-93.70086,33.35855],[-93.70816,33.35333],[-93.70946,33.34411],[-93.70525,33.3392],[-93.69027,33.34056],[-93.68152,33.33924],[-93.66913,33.33431],[-93.66492,33.32949],[-93.67174,33.3218],[-93.68682,33.32083],[-93.69262,33.31521],[-93.68666,33.30438],[-93.6865,33.2965],[-93.68892,33.28806],[-93.68943,33.27804],[-93.69261,33.27673],[-93.70631,33.27827],[-93.72079,33.28826],[-93.72694,33.28336],[-93.72956,33.27555],[-93.72558,33.26918],[-93.70963,33.25926],[-93.70838,33.25273],[-93.71384,33.24378],[-93.72633,33.23504],[-93.72901,33.22756],[-93.72459,33.22244],[-93.71528,33.22393],[-93.70602,33.22863],[-93.7003,33.22589],[-93.71119,33.22012],[-93.72388,33.2166],[-93.73513,33.20821],[-93.73977,33.20109],[-93.73691,33.19561],[-93.72599,33.18853],[-93.7316,33.18273],[-93.75502,33.18078],[-93.75824,33.17796],[-93.75826,33.17041],[-93.75295,33.16637],[-93.74092,33.16731],[-93.73364,33.16086],[-93.73487,33.15661],[-93.74259,33.15484],[-93.75021,33.15843],[-93.76032,33.16614],[-93.76931,33.16707],[-93.77424,33.16473],[-93.77653,33.15252],[-93.77321,33.14135],[-93.78147,33.14197],[-93.78629,33.14726],[-93.78706,33.15801],[-93.79153,33.16181],[-93.79977,33.1625],[-93.80836,33.15744],[-93.81139,33.15314],[-93.81252,33.13662],[-93.82216,33.13752],[-93.83285,33.14848],[-93.83951,33.14826],[-93.84857,33.14018],[-93.84782,33.12536],[-93.85499,33.11684],[-93.8562,33.11293],[-93.85395,33.1049],[-93.86332,33.09885],[-93.86292,33.09435],[-93.85242,33.08535],[-93.83733,33.07773],[-93.83601,33.07129],[-93.84063,33.05754],[-93.83772,33.05483],[-93.81821,33.04855],[-93.81858,33.04198],[-93.82495,33.0373],[-93.82736,33.03267],[-93.82202,33.02954],[-93.80753,33.02658],[-93.80714,33.01938],[-93.72327,33.01946],[-93.61086,33.01898],[-93.49056,33.01844],[-93.48635,33.12976],[-93.48175,33.26006],[-93.44203,33.25827],[-93.4372,33.26507],[-93.43272,33.27777],[-93.43617,33.28916],[-93.42898,33.29491],[-93.42281,33.30306],[-93.42895,33.31519],[-93.42147,33.32574],[-93.4169,33.34206],[-93.41307,33.34709],[-93.4111,33.35623],[-93.41291,33.36248],[-93.40494,33.36935],[-93.3961,33.39196],[-93.39622,33.39925],[-93.38874,33.40381],[-93.3871,33.41253],[-93.37975,33.42294],[-93.3766,33.4329],[-93.36834,33.43912],[-93.36564,33.44449],[-93.48393,33.44737],[-93.48322,33.47617],[-93.57107,33.47818],[-93.71995,33.48203]]]},"properties":{"STATEFP":"05","COUNTYFP":"073","COUNTYNS":"00066864","GEOIDFQ":"0500000US05073","GEOID":"05073","NAME":"Lafayette","NAMELSAD":"Lafayette County","STUSPS":"AR","STATE_NAME":"Arkansas","LSAD":"06","ALAND":1371327391,"AWATER":43028604}},
{"type":"Feature","geometry":{"type":"Polygon","coordinates":[[[-93.48322,33.47617],[-93.47859,33.60666],[-93.47668,33.6654],[-93.47513,33.72439],[-93.47357,33.75679],[-93.47125,33.82533],[-93.46089,33.82505],[-93.45943,33.87237],[-93.45776,33.91268],[-93.45666,33.95682],[-93.47115,33.9616],[-93.47765,33.96132],[-93.477,33.95651],[-93.49769,33.95403],[-93.49384,33.94875],[-93.50077,33.94558],[-93.51069,33.94654],[-93.51775,33.94403],[-93.52825,33.94294],[-93.52837,33.94876],[-93.53253,33.9549],[-93.54334,33.9506],[-93.55425,33.95606],[-93.56305,33.95826],[-93.57687,33.9578],[-93.58723,33.95999],[-93.58753,33.96322],[-93.60231,33.96192],[-93.60946,33.95944],[-93.61738,33.95963],[-93.61881,33.96469],[-93.62786,33.96869],[-93.62787,33.97377],[-93.63524,33.97296],[-93.64473,33.97683],[-93.64991,33.9813],[-93.68154,33.9833],[-93.68627,33.98746],[-93.69503,33.99105],[-93.69999,33.9952],[-93.71449,33.99505],[-93.72505,33.99793],[-93.72921,34.00154],[-93.74475,34.00215],[-93.74984,34.00687],[-93.82308,34.00889],[-93.82735,33.86359],[-93.82865,33.83442],[-93.83158,33.74824],[-93.89315,33.74907],[-93.95695,33.75093],[-93.95262,33.73901],[-93.96199,33.73853],[-93.96773,33.73629],[-93.96937,33.72785],[-93.96482,33.71839],[-93.95874,33.71385],[-93.95777,33.7229],[-93.95122,33.72164],[-93.95609,33.71425],[-93.95133,33.7069],[-93.95566,33.70489],[-93.96154,33.70694],[-93.96674,33.70412],[-93.96548,33.69905],[-93.96089,33.69516],[-93.96297,33.68334],[-93.96772,33.67584],[-93.96449,33.6684],[-93.94553,33.6586],[-93.94377,33.6498],[-93.93778,33.64799],[-93.92982,33.65682],[-93.93219,33.66215],[-93.91806,33.66529],[-93.91508,33.65892],[-93.9035,33.65172],[-93.90185,33.64732],[-93.905,33.64233],[-93.9114,33.64052],[-93.91642,33.63058],[-93.9108,33.62845],[-93.90427,33.63713],[-93.89518,33.63974],[-93.891,33.63763],[-93.88597,33.62819],[-93.88123,33.62759],[-93.87523,33.63419],[-93.86534,33.63137],[-93.86036,33.62568],[-93.86124,33.61852],[-93.8509,33.61429],[-93.84701,33.61826],[-93.83984,33.61647],[-93.8359,33.60924],[-93.83089,33.60704],[-93.82588,33.60989],[-93.82014,33.61398],[-93.8136,33.60704],[-93.81246,33.59814],[-93.81606,33.58792],[-93.82743,33.57609],[-93.82644,33.57087],[-93.81881,33.56819],[-93.80628,33.56814],[-93.80093,33.56478],[-93.80047,33.55853],[-93.8093,33.54869],[-93.80586,33.54187],[-93.80034,33.54114],[-93.79453,33.54589],[-93.78881,33.55607],[-93.78179,33.55252],[-93.78626,33.54544],[-93.7953,33.54112],[-93.79613,33.53238],[-93.78941,33.52888],[-93.78166,33.5279],[-93.77113,33.53318],[-93.76905,33.52758],[-93.77656,33.52525],[-93.78019,33.5216],[-93.77362,33.50989],[-93.77267,33.4989],[-93.76056,33.49898],[-93.75492,33.50429],[-93.76257,33.51073],[-93.76464,33.51531],[-93.76147,33.52209],[-93.74754,33.53444],[-93.74172,33.52845],[-93.74924,33.51538],[-93.74791,33.51124],[-93.7413,33.50595],[-93.73445,33.49357],[-93.71995,33.48203],[-93.57107,33.47818],[-93.48322,33.47617]]]},"properties":{"STATEFP":"05","COUNTYFP":"057","COUNTYNS":"00066858","GEOIDFQ":"0500000US05057","GEOID":"05057","NAME":"Hempstead","NAMELSAD":"Hempstead County","STUSPS":"AR","STATE_NAME":"Arkansas","LSAD":"06","ALAND":1883439299,"AWATER":35737908}},
{"type":"Feature","geometry":{"type":"Polygon","coordinates":[[[-92.55444,35.11342],[-92.54782,35.10577],[-92.54071,35.08773],[-92.54117,35.07172],[-92.54329,35.06021],[-92.55155,35.04464],[-92.56344,35.0327],[-92.58425,35.02079],[-92.59253,35.01422],[-92.59781,35.00648],[-92.59924,35.00033],[-92.59788,34.99308],[-92.59087,34.97933],[-92.5844,34.97153],[-92.57386,34.96345],[-92.56108,34.95702],[-92.5442,34.9529],[-92.52788,34.95081],[-92.50455,34.95325],[-92.49183,34.95358],[-92.48034,34.95153],[-92.47355,34.947],[-92.46876,34.9409],[-92.46664,34.92741],[-92.46348,34.92107],[-92.45471,34.91227],[-92.45109,34.90522],[-92.45128,34.89661],[-92.45619,34.88428],[-92.46492,34.87082],[-92.46457,34.86275],[-92.45873,34.85378],[-92.45223,34.84967],[-92.43829,34.84696],[-92.44723,34.85698],[-92.44229,34.86846],[-92.44326,34.87694],[-92.44774,34.88539],[-92.44681,34.89085],[-92.44961,34.90331],[-92.43943,34.90309],[-92.43647,34.90688],[-92.42805,34.91118],[-92.42416,34.91012],[-92.41761,34.91367],[-92.41307,34.92491],[-92.41907,34.93155],[-92.3706,34.93013],[-92.31811,34.92905],[-92.22989,34.92752],[-92.22717,35.0146],[-92.12154,35.0122],[-92.11975,35.06656],[-92.118,35.12123],[-92.11344,35.28222],[-92.11153,35.36263],[-92.12958,35.36199],[-92.22773,35.3631],[-92.25284,35.36365],[-92.30564,35.36477],[-92.42822,35.36776],[-92.48147,35.36842],[-92.48256,35.35449],[-92.48441,35.2807],[-92.48488,35.27549],[-92.49402,35.27367],[-92.49408,35.2671],[-92.50708,35.25789],[-92.51444,35.25633],[-92.51019,35.24911],[-92.50479,35.24794],[-92.50619,35.23945],[-92.51243,35.23936],[-92.51515,35.23313],[-92.52942,35.22859],[-92.53142,35.22322],[-92.52512,35.2189],[-92.52729,35.20882],[-92.52466,35.2053],[-92.52927,35.19562],[-92.52818,35.18946],[-92.51106,35.18078],[-92.50442,35.17539],[-92.5067,35.16508],[-92.5041,35.15989],[-92.50409,35.14754],[-92.50922,35.14414],[-92.5058,35.1397],[-92.51588,35.12905],[-92.52169,35.1146],[-92.53394,35.11476],[-92.54302,35.12607],[-92.55388,35.11776],[-92.55444,35.11342]]]},"properties":{"STATEFP":"05","COUNTYFP":"045","COUNTYNS":"00066852","GEOIDFQ":"0500000US05045","GEOID":"05045","NAME":"Faulkner","NAMELSAD":"Faulkner County","STUSPS":"AR","STATE_NAME":"Arkansas","LSAD":"06","ALAND":1676362419,"AWATER":43607253}},
{"type":"Feature","geometry":{"type":"Polygon","coordinates":[[[-92.33092,33.70775],[-92.32902,33.69486],[-92.32252,33.6889],[-92.3201,33.68233],[-92.32153,33.67373],[-92.32661,33.6646],[-92.32404,33.65019],[-92.32053,33.64672],[-92.3234,33.64],[-92.32074,33.6341],[-92.32765,33.61864],[-92.32922,33.61235],[-92.32849,33.60391],[-92.32536,33.59336],[-92.32095,33.58557],[-92.32419,33.57244],[-92.31904,33.56406],[-92.31593,33.55323],[-92.31731,33.54106],[-92.32042,33.53777],[-92.32301,33.52443],[-92.3177,33.51986],[-92.31667,33.51145],[-92.31105,33.49987],[-92.31349,33.49295],[-92.32246,33.4811],[-92.31935,33.47524],[-92.32025,33.46884],[-92.32864,33.45877],[-92.32678,33.45271],[-92.32996,33.44214],[-92.33408,33.44086],[-92.34064,33.43017],[-92.33872,33.42366],[-92.34143,33.41455],[-92.34596,33.4132],[-92.356,33.40093],[-92.35579,33.39454],[-92.35995,33.38502],[-92.35987,33.37975],[-92.36783,33.38067],[-92.37619,33.37698],[-92.37241,33.36843],[-92.37583,33.36544],[-92.3817,33.34638],[-92.38128,33.33772],[-92.37691,33.33765],[-92.38015,33.3255],[-92.37868,33.31484],[-92.36974,33.31116],[-92.36531,33.30571],[-92.35745,33.30718],[-92.35028,33.29884],[-92.35226,33.29316],[-92.35836,33.28814],[-92.35931,33.28254],[-92.34284,33.28029],[-92.33796,33.2758],[-92.32701,33.2771],[-92.32502,33.26752],[-92.32647,33.26272],[-92.31721,33.26162],[-92.30945,33.26464],[-92.31256,33.27103],[-92.30365,33.27249],[-92.3013,33.27826],[-92.29442,33.27994],[-92.29115,33.27443],[-92.29366,33.2664],[-92.28595,33.26379],[-92.27847,33.26838],[-92.27088,33.26656],[-92.26795,33.26285],[-92.26863,33.2563],[-92.26418,33.25476],[-92.25455,33.25637],[-92.24895,33.2513],[-92.23915,33.25285],[-92.23631,33.25849],[-92.22414,33.2524],[-92.22477,33.24506],[-92.22782,33.23935],[-92.23253,33.2365],[-92.23169,33.23108],[-92.22103,33.22715],[-92.21313,33.22702],[-92.21243,33.22326],[-92.2222,33.22188],[-92.22479,33.21575],[-92.22074,33.2091],[-92.21459,33.20888],[-92.21033,33.20216],[-92.2004,33.20463],[-92.19568,33.20172],[-92.18709,33.20484],[-92.18225,33.21304],[-92.17812,33.2066],[-92.17946,33.19897],[-92.17516,33.19388],[-92.18201,33.1893],[-92.17457,33.18272],[-92.16478,33.17683],[-92.16395,33.16989],[-92.17227,33.16456],[-92.16257,33.16116],[-92.16152,33.16702],[-92.15023,33.17038],[-92.14511,33.16748],[-92.14667,33.1613],[-92.13755,33.1629],[-92.13072,33.17344],[-92.13349,33.17658],[-92.12837,33.18358],[-92.13487,33.18646],[-92.13596,33.1966],[-92.12851,33.20431],[-92.12805,33.20925],[-92.11662,33.20564],[-92.11318,33.21239],[-92.11624,33.21496],[-92.11495,33.22109],[-92.1062,33.22312],[-92.10238,33.21853],[-92.09374,33.22137],[-92.08811,33.2267],[-92.09034,33.23521],[-92.08442,33.24079],[-92.0698,33.24101],[-92.07037,33.2466],[-92.06389,33.25106],[-92.05986,33.25733],[-92.05492,33.25356],[-92.0447,33.25664],[-92.04803,33.26353],[-92.04418,33.26748],[-92.03729,33.26605],[-92.03656,33.2711],[-92.04215,33.27637],[-92.03123,33.2828],[-92.02235,33.27913],[-92.01293,33.28269],[-92.00576,33.28254],[-92.00114,33.28702],[-92.0092,33.29726],[-92.00083,33.30407],[-91.99486,33.30483],[-91.98743,33.29886],[-91.98237,33.29862],[-91.97727,33.30245],[-91.97819,33.31073],[-91.97347,33.32071],[-91.97608,33.32749],[-91.98743,33.34093],[-91.9835,33.34575],[-91.97129,33.35041],[-91.96773,33.35511],[-91.97027,33.36639],[-91.95987,33.37904],[-91.97532,33.38546],[-91.98687,33.38725],[-91.99018,33.39829],[-92.002,33.4155],[-91.99903,33.42188],[-92.00047,33.42706],[-91.99579,33.43331],[-91.99564,33.44154],[-92.01005,33.44531],[-92.01458,33.4515],[-92.01522,33.45663],[-92.00741,33.46882],[-92.00007,33.47295],[-92.00893,33.48684],[-92.00818,33.49408],[-91.99904,33.49999],[-92.00042,33.50841],[-92.00593,33.51193],[-92.00293,33.51908],[-92.00844,33.52262],[-92.00822,33.5297],[-91.97616,33.52969],[-91.97642,33.54388],[-91.97588,33.70442],[-92.0227,33.70429],[-92.18426,33.70541],[-92.28539,33.70562],[-92.33092,33.70775]]]},"properties":{"STATEFP":"05","COUNTYFP":"011","COUNTYNS":"00063757","GEOIDFQ":"0500000US05011","GEOID":"05011","NAME":"Bradley","NAMELSAD":"Bradley County","STUSPS":"AR","STATE_NAME":"Arkansas","LSAD":"06","ALAND":1681335016,"AWATER":9505606}},
{"type":"Feature","geometry":{"type":"Polygon","coordinates":[[[-92.12154,35.0122],[-92.07081,35.01156],[-92.07073,35.00519],[-92.07371,34.92537],[-92.07226,34.92463],[-92.07437,34.8666],[-92.07536,34.85194],[-92.07484,34.83734],[-92.0783,34.74394],[-92.07879,34.72177],[-92.09709,34.72198],[-92.09742,34.7157],[-92.09286,34.71392],[-92.09344,34.70587],[-92.09655,34.69679],[-92.09629,34.68713],[-92.09844,34.67719],[-92.09877,34.66245],[-92.10854,34.64513],[-92.10989,34.6337],[-92.10907,34.62295],[-92.02966,34.62166],[-92.02967,34.53664],[-92.03025,34.48954],[-91.92189,34.48801],[-91.81515,34.48424],[-91.70525,34.48273],[-91.67822,34.48191],[-91.68342,34.4925],[-91.67578,34.50456],[-91.67711,34.50984],[-91.67051,34.51504],[-91.6698,34.51866],[-91.65866,34.52843],[-91.64827,34.53415],[-91.64326,34.5401],[-91.63464,34.54648],[-91.63345,34.56221],[-91.63643,34.56642],[-91.64888,34.56966],[-91.65216,34.56671],[-91.65845,34.5729],[-91.65833,34.57696],[-91.66499,34.5798],[-91.66221,34.58586],[-91.65963,34.60003],[-91.65313,34.6023],[-91.64796,34.60916],[-91.64837,34.61276],[-91.64244,34.61586],[-91.63847,34.62572],[-91.64019,34.63225],[-91.64495,34.63869],[-91.65122,34.64327],[-91.6561,34.64277],[-91.66463,34.64933],[-91.66912,34.6575],[-91.67388,34.65807],[-91.68056,34.66348],[-91.68711,34.66568],[-91.68917,34.67028],[-91.6973,34.66942],[-91.70077,34.67207],[-91.69874,34.7593],[-91.69717,34.80188],[-91.6962,34.83935],[-91.69452,34.88306],[-91.6937,34.9196],[-91.8037,34.92152],[-91.80251,35.0307],[-91.82428,35.03218],[-91.83215,35.02837],[-91.83595,35.03052],[-91.84317,35.02707],[-91.84976,35.02773],[-91.869,35.02406],[-91.88013,35.02535],[-91.89235,35.03226],[-91.90399,35.0307],[-91.91743,35.03804],[-91.9181,35.04135],[-91.92534,35.04592],[-91.93585,35.04621],[-91.9494,35.04453],[-91.95744,35.05014],[-91.9652,35.05163],[-91.97035,35.04966],[-91.98063,35.05809],[-91.99134,35.06145],[-91.99663,35.05965],[-91.99972,35.06394],[-92.00836,35.06807],[-92.01292,35.07632],[-92.02163,35.07227],[-92.03006,35.07136],[-92.0349,35.07321],[-92.04285,35.06873],[-92.05383,35.06749],[-92.0631,35.07448],[-92.07512,35.07505],[-92.08018,35.06846],[-92.08905,35.06478],[-92.11975,35.06656],[-92.12154,35.0122]]]},"properties":{"STATEFP":"05","COUNTYFP":"085","COUNTYNS":"00069164","GEOIDFQ":"0500000US05085","GEOID":"05085","NAME":"Lonoke","NAMELSAD":"Lonoke County","STUSPS":"AR","STATE_NAME":"Arkansas","LSAD":"06","ALAND":1998752694,"AWATER":82011970}},
{"type":"Feature","geometry":{"type":"Polygon","coordinates":[[[-93.36564,33.44449],[-93.23907,33.44194],[-93.22135,33.44049],[-93.22115,33.45508],[-93.11633,33.45292],[-93.11263,33.55483],[-93.10999,33.61341],[-93.10813,33.67275],[-93.1044,33.77709],[-93.1203,33.78898],[-93.12859,33.79276],[-93.12742,33.79791],[-93.13393,33.80961],[-93.14026,33.81563],[-93.15603,33.81038],[-93.16608,33.8059],[-93.17472,33.80635],[-93.17897,33.80027],[-93.19123,33.81616],[-93.19856,33.81732],[-93.20774,33.8226],[-93.21063,33.82102],[-93.21849,33.82847],[-93.2353,33.82708],[-93.24878,33.83023],[-93.25672,33.82865],[-93.26564,33.83483],[-93.26669,33.83923],[-93.27444,33.83948],[-93.28444,33.84419],[-93.28961,33.84408],[-93.29828,33.85664],[-93.29669,33.8597],[-93.30376,33.86895],[-93.30502,33.87354],[-93.3033,33.88499],[-93.29824,33.88666],[-93.3014,33.89697],[-93.31455,33.90693],[-93.32352,33.90953],[-93.32088,33.91447],[-93.32518,33.91788],[-93.33137,33.91634],[-93.33635,33.91933],[-93.34537,33.93679],[-93.35053,33.93376],[-93.3563,33.94027],[-93.3563,33.946],[-93.36244,33.94498],[-93.36682,33.95152],[-93.37336,33.95709],[-93.38032,33.95903],[-93.38826,33.95538],[-93.39513,33.95468],[-93.39961,33.95132],[-93.41402,33.95373],[-93.41589,33.95177],[-93.42666,33.95572],[-93.43449,33.95477],[-93.44405,33.95591],[-93.45349,33.96064],[-93.45666,33.95682],[-93.45776,33.91268],[-93.45943,33.87237],[-93.46089,33.82505],[-93.47125,33.82533],[-93.47357,33.75679],[-93.47513,33.72439],[-93.47668,33.6654],[-93.47859,33.60666],[-93.48322,33.47617],[-93.48393,33.44737],[-93.36564,33.44449]]]},"properties":{"STATEFP":"05","COUNTYFP":"099","COUNTYNS":"00069169","GEOIDFQ":"0500000US05099","GEOID":"05099","NAME":"Nevada","NAMELSAD":"Nevada County","STUSPS":"AR","STATE_NAME":"Arkansas","LSAD":"06","ALAND":1600067809,"AWATER":7489490}},
{"type":"Feature","geometry":{"type":"Polygon","coordinates":[[[-91.03963,35.35426],[-91.03991,35.29519],[-91.04096,35.22936],[-91.04257,35.14819],[-90.97178,35.14748],[-90.9447,35.1476],[-90.93568,35.14876],[-90.87419,35.14814],[-90.83814,35.14912],[-90.82891,35.14818],[-90.75753,35.1476],[-90.72162,35.14796],[-90.72161,35.14693],[-90.63738,35.14515],[-90.63729,35.14704],[-90.61152,35.14642],[-90.61154,35.14522],[-90.50302,35.14329],[-90.50303,35.14422],[-90.50221,35.17882],[-90.50653,35.17875],[-90.5049,35.25844],[-90.50313,35.35396],[-90.50239,35.44165],[-90.61094,35.44174],[-90.6108,35.44877],[-90.71612,35.44977],[-90.71619,35.44585],[-90.82382,35.44575],[-90.87722,35.44364],[-90.93125,35.44183],[-91.02824,35.44268],[-91.03925,35.44295],[-91.03963,35.35426]]]},"properties":{"STATEFP":"05","COUNTYFP":"037","COUNTYNS":"00066848","GEOIDFQ":"0500000US05037","GEOID":"05037","NAME":"Cross","NAMELSAD":"Cross County","STUSPS":"AR","STATE_NAME":"Arkansas","LSAD":"06","ALAND":1596255187,"AWATER":15389371}},
{"type":"Feature","geometry":{"type":"Polygon","coordinates":[[[-93.86669,36.49879],[-93.95919,36.49872],[-94.11067,36.49859],[-94.26943,36.49923],[-94.3612,36.4996],[-94.51948,36.49921],[-94.55929,36.4995],[-94.61792,36.49941],[-94.61383,36.47625],[-94.60541,36.42195],[-94.60198,36.40212],[-94.5862,36.29997],[-94.57125,36.2109],[-94.56116,36.15211],[-94.55216,36.10213],[-94.48074,36.10105],[-94.46111,36.10046],[-94.39112,36.0994],[-94.38982,36.14272],[-94.33618,36.14201],[-94.33364,36.21469],[-94.24422,36.21274],[-94.21313,36.21228],[-94.13786,36.21035],[-94.01751,36.20815],[-94.01367,36.21263],[-94.01795,36.2166],[-94.02656,36.21802],[-94.02434,36.22382],[-94.01308,36.22869],[-94.00196,36.23046],[-93.9982,36.22355],[-94.0099,36.22096],[-94.00697,36.21501],[-94.00192,36.21656],[-93.99527,36.2097],[-93.98094,36.21074],[-93.97339,36.2086],[-93.97547,36.21584],[-93.97535,36.22487],[-93.97209,36.22854],[-93.96423,36.22364],[-93.95761,36.22202],[-93.95693,36.2302],[-93.95416,36.23315],[-93.94293,36.23213],[-93.94434,36.2361],[-93.88789,36.23513],[-93.86986,36.23483],[-93.86899,36.30736],[-93.81508,36.30655],[-93.83256,36.31297],[-93.83293,36.32289],[-93.84581,36.32666],[-93.85566,36.33675],[-93.86369,36.33924],[-93.86572,36.35606],[-93.86725,36.3574],[-93.86894,36.37206],[-93.87773,36.36834],[-93.88273,36.37612],[-93.88905,36.37511],[-93.88633,36.383],[-93.88235,36.38549],[-93.88194,36.3942],[-93.86707,36.39421],[-93.86669,36.49879]]]},"properties":{"STATEFP":"05","COUNTYFP":"007","COUNTYNS":"00069896","GEOIDFQ":"0500000US05007","GEOID":"05007","NAME":"Benton","NAMELSAD":"Benton County","STUSPS":"AR","STATE_NAME":"Arkansas","LSAD":"06","ALAND":2195617499,"AWATER":94872468}},
{"type":"Feature","geometry":{"type":"Polygon","coordinates":[[[-92.35028,33.29884],[-92.35948,33.30048],[-92.36026,33.29307],[-92.37141,33.28801],[-92.3756,33.28122],[-92.38008,33.27875],[-92.39719,33.27703],[-92.40415,33.27459],[-92.42053,33.27353],[-92.43031,33.26974],[-92.43145,33.27454],[-92.44529,33.27445],[-92.44633,33.28191],[-92.45289,33.28742],[-92.46218,33.28713],[-92.47304,33.29366],[-92.45957,33.30261],[-92.47069,33.30574],[-92.45885,33.31485],[-92.46206,33.32025],[-92.46684,33.31523],[-92.47233,33.31536],[-92.47315,33.32038],[-92.4784,33.32736],[-92.49196,33.32016],[-92.49989,33.32762],[-92.52424,33.31694],[-92.52675,33.32066],[-92.52042,33.3333],[-92.52684,33.33252],[-92.52907,33.34394],[-92.53544,33.34822],[-92.5326,33.35311],[-92.54644,33.35946],[-92.54654,33.36568],[-92.55919,33.36165],[-92.56716,33.3672],[-92.57313,33.36996],[-92.5867,33.3691],[-92.59177,33.37332],[-92.59722,33.37134],[-92.60199,33.36434],[-92.61319,33.36013],[-92.62398,33.35918],[-92.63274,33.36569],[-92.64591,33.36853],[-92.65401,33.36427],[-92.65692,33.35786],[-92.66274,33.35622],[-92.67301,33.35709],[-92.68217,33.36007],[-92.68151,33.36583],[-92.69672,33.36922],[-92.70181,33.36645],[-92.71493,33.37051],[-92.72014,33.38217],[-92.73923,33.3852],[-92.7479,33.38367],[-92.7602,33.38766],[-92.76747,33.38082],[-92.77268,33.38101],[-92.7774,33.37494],[-92.78332,33.37541],[-92.79425,33.37258],[-92.83894,33.37352],[-92.94029,33.37638],[-92.97848,33.37714],[-92.98108,33.2905],[-92.98327,33.20357],[-92.98633,33.0977],[-92.98878,33.0173],[-92.86751,33.01606],[-92.84407,33.01603],[-92.79653,33.01484],[-92.66392,33.01382],[-92.50378,33.01216],[-92.46976,33.01201],[-92.33589,33.01035],[-92.29266,33.0101],[-92.22282,33.00908],[-92.06896,33.00816],[-92.07872,33.01786],[-92.0827,33.03115],[-92.09438,33.03382],[-92.10494,33.03004],[-92.10946,33.03417],[-92.11018,33.0431],[-92.11527,33.04719],[-92.10896,33.05322],[-92.11187,33.05682],[-92.11742,33.07197],[-92.12945,33.07049],[-92.12944,33.07529],[-92.13494,33.09161],[-92.13382,33.09782],[-92.13676,33.10676],[-92.12883,33.11555],[-92.12872,33.11904],[-92.11992,33.11947],[-92.11318,33.13314],[-92.11868,33.14204],[-92.10828,33.14575],[-92.11165,33.15873],[-92.12212,33.16178],[-92.13442,33.16005],[-92.13755,33.1629],[-92.14667,33.1613],[-92.14511,33.16748],[-92.15023,33.17038],[-92.16152,33.16702],[-92.16257,33.16116],[-92.17227,33.16456],[-92.16395,33.16989],[-92.16478,33.17683],[-92.17457,33.18272],[-92.18201,33.1893],[-92.17516,33.19388],[-92.17946,33.19897],[-92.17812,33.2066],[-92.18225,33.21304],[-92.18709,33.20484],[-92.19568,33.20172],[-92.2004,33.20463],[-92.21033,33.20216],[-92.21459,33.20888],[-92.22074,33.2091],[-92.22479,33.21575],[-92.2222,33.22188],[-92.21243,33.22326],[-92.21313,33.22702],[-92.22103,33.22715],[-92.23169,33.23108],[-92.23253,33.2365],[-92.22782,33.23935],[-92.22477,33.24506],[-92.22414,33.2524],[-92.23631,33.25849],[-92.23915,33.25285],[-92.24895,33.2513],[-92.25455,33.25637],[-92.26418,33.25476],[-92.26863,33.2563],[-92.26795,33.26285],[-92.27088,33.26656],[-92.27847,33.26838],[-92.28595,33.26379],[-92.29366,33.2664],[-92.29115,33.27443],[-92.29442,33.27994],[-92.3013,33.27826],[-92.30365,33.27249],[-92.31256,33.27103],[-92.30945,33.26464],[-92.31721,33.26162],[-92.32647,33.26272],[-92.32502,33.26752],[-92.32701,33.2771],[-92.33796,33.2758],[-92.34284,33.28029],[-92.35931,33.28254],[-92.35836,33.28814],[-92.35226,33.29316],[-92.35028,33.29884]]]},"properties":{"STATEFP":"05","COUNTYFP":"139","COUNTYNS":"00069903","GEOIDFQ":"0500000US05139","GEOID":"05139","NAME":"Union","NAMELSAD":"Union County","STUSPS":"AR","STATE_NAME":"Arkansas","LSAD":"06","ALAND":2691170081,"AWATER":42102269}},
{"type":"Feature","geometry":{"type":"Polygon","coordinates":[[[-91.45737,33.38897],[-91.56176,33.39143],[-91.6061,33.39142],[-91.66497,33.39267],[-91.76833,33.39366],[-91.87253,33.39633],[-91.93994,33.39716],[-91.99018,33.39829],[-91.98687,33.38725],[-91.97532,33.38546],[-91.95987,33.37904],[-91.97027,33.36639],[-91.96773,33.35511],[-91.97129,33.35041],[-91.9835,33.34575],[-91.98743,33.34093],[-91.97608,33.32749],[-91.97347,33.32071],[-91.97819,33.31073],[-91.97727,33.30245],[-91.98237,33.29862],[-91.98743,33.29886],[-91.99486,33.30483],[-92.00083,33.30407],[-92.0092,33.29726],[-92.00114,33.28702],[-92.00576,33.28254],[-92.01293,33.28269],[-92.02235,33.27913],[-92.03123,33.2828],[-92.04215,33.27637],[-92.03656,33.2711],[-92.03729,33.26605],[-92.04418,33.26748],[-92.04803,33.26353],[-92.0447,33.25664],[-92.05492,33.25356],[-92.05986,33.25733],[-92.06389,33.25106],[-92.07037,33.2466],[-92.0698,33.24101],[-92.08442,33.24079],[-92.09034,33.23521],[-92.08811,33.2267],[-92.09374,33.22137],[-92.10238,33.21853],[-92.1062,33.22312],[-92.11495,33.22109],[-92.11624,33.21496],[-92.11318,33.21239],[-92.11662,33.20564],[-92.12805,33.20925],[-92.12851,33.20431],[-92.13596,33.1966],[-92.13487,33.18646],[-92.12837,33.18358],[-92.13349,33.17658],[-92.13072,33.17344],[-92.13755,33.1629],[-92.13442,33.16005],[-92.12212,33.16178],[-92.11165,33.15873],[-92.10828,33.14575],[-92.11868,33.14204],[-92.11318,33.13314],[-92.11992,33.11947],[-92.12872,33.11904],[-92.12883,33.11555],[-92.13676,33.10676],[-92.13382,33.09782],[-92.13494,33.09161],[-92.12944,33.07529],[-92.12945,33.07049],[-92.11742,33.07197],[-92.11187,33.05682],[-92.10896,33.05322],[-92.11527,33.04719],[-92.11018,33.0431],[-92.10946,33.03417],[-92.10494,33.03004],[-92.09438,33.03382],[-92.0827,33.03115],[-92.07872,33.01786],[-92.06896,33.00816],[-91.95196,33.00743],[-91.87513,33.00773],[-91.75507,33.00701],[-91.73553,33.00757],[-91.62667,33.00664],[-91.5798,33.00652],[-91.57233,33.00691],[-91.50012,33.00678],[-91.46038,33.00591],[-91.46021,33.08343],[-91.46052,33.14102],[-91.46003,33.27185],[-91.45737,33.38897]]]},"properties":{"STATEFP":"05","COUNTYFP":"003","COUNTYNS":"00063756","GEOIDFQ":"0500000US05003","GEOID":"05003","NAME":"Ashley","NAMELSAD":"Ashley County","STUSPS":"AR","STATE_NAME":"Arkansas","LSAD":"06","ALAND":2397012344,"AWATER":38656004}},
{"type":"Feature","geometry":{"type":"Polygon","coordinates":[[[-94.47028,34.19018],[-94.4749,34.02188],[-94.47732,33.94086],[-94.47301,33.93975],[-94.46633,33.94457],[-94.46085,33.93687],[-94.45335,33.93298],[-94.44576,33.93682],[-94.44249,33.93072],[-94.42967,33.93157],[-94.42738,33.92861],[-94.41396,33.92614],[-94.41463,33.93673],[-94.42199,33.9395],[-94.41872,33.94428],[-94.40844,33.94525],[-94.40042,33.94075],[-94.38554,33.94095],[-94.37968,33.93336],[-94.38614,33.92543],[-94.38719,33.91925],[-94.38507,33.91046],[-94.38771,33.90624],[-94.38943,33.89545],[-94.38059,33.89416],[-94.36279,33.88807],[-94.36178,33.88606],[-94.37126,33.87729],[-94.35778,33.87765],[-94.34122,33.88231],[-94.33431,33.87784],[-94.33953,33.87066],[-94.33441,33.861],[-94.32234,33.86314],[-94.31603,33.85586],[-94.3065,33.85407],[-94.30167,33.85076],[-94.30571,33.84388],[-94.30546,33.83472],[-94.29994,33.8214],[-94.29347,33.82346],[-94.28835,33.82865],[-94.27971,33.82902],[-94.27616,33.82256],[-94.26811,33.81722],[-94.26296,33.81962],[-94.25261,33.81851],[-94.25125,33.81276],[-94.23868,33.80717],[-94.23926,33.80333],[-94.22834,33.80361],[-94.22931,33.80785],[-94.21854,33.81477],[-94.218,33.80435],[-94.21028,33.80754],[-94.19803,33.80955],[-94.19147,33.81234],[-94.18586,33.81176],[-94.18344,33.80649],[-94.18704,33.80264],[-94.18491,33.79537],[-94.19026,33.78857],[-94.18615,33.78585],[-94.17664,33.78984],[-94.17187,33.79561],[-94.16544,33.79154],[-94.16331,33.78532],[-94.15369,33.78498],[-94.15466,33.78999],[-94.14649,33.78918],[-94.14353,33.78182],[-94.1373,33.78133],[-94.13427,33.78728],[-94.12397,33.78482],[-94.12184,33.78974],[-94.10487,33.79008],[-94.09991,33.78775],[-94.08916,33.78671],[-94.08641,33.78317],[-94.04086,33.78198],[-94.04178,33.75334],[-94.00622,33.75261],[-93.95891,33.75106],[-93.95932,33.75513],[-93.96906,33.76617],[-93.96906,33.77392],[-93.96479,33.77672],[-93.96029,33.78547],[-93.96661,33.78744],[-93.96433,33.79491],[-93.97079,33.80086],[-93.97849,33.81483],[-93.98717,33.82075],[-93.99423,33.83088],[-94.00323,33.83461],[-94.00148,33.83825],[-94.00655,33.84459],[-94.02179,33.85731],[-94.01705,33.86775],[-94.02282,33.87422],[-94.03113,33.87555],[-94.04887,33.88219],[-94.05053,33.89014],[-94.05468,33.89517],[-94.05332,33.90387],[-94.06024,33.90777],[-94.07028,33.92723],[-94.06688,33.93235],[-94.06996,33.94167],[-94.06656,33.9436],[-94.06528,33.95053],[-94.0671,33.95526],[-94.06031,33.96097],[-94.0599,33.96907],[-94.06495,33.97342],[-94.06669,33.99747],[-94.07297,34.00188],[-94.07086,34.01068],[-94.07831,34.0146],[-94.08566,34.02841],[-94.08676,34.03478],[-94.08535,34.04447],[-94.08258,34.04897],[-94.08694,34.0536],[-94.083,34.06195],[-94.07418,34.06392],[-94.07627,34.07239],[-94.08305,34.06947],[-94.0859,34.07295],[-94.09526,34.07809],[-94.09004,34.08085],[-94.0862,34.0896],[-94.08262,34.10323],[-94.08722,34.1042],[-94.09347,34.11215],[-94.08047,34.12562],[-94.09176,34.13277],[-94.10094,34.13446],[-94.09817,34.14447],[-94.09214,34.14937],[-94.09133,34.15648],[-94.10112,34.15812],[-94.09636,34.16331],[-94.09577,34.17939],[-94.09091,34.18004],[-94.08967,34.1866],[-94.09834,34.19112],[-94.15657,34.19226],[-94.24379,34.1925],[-94.31812,34.1911],[-94.40084,34.19049],[-94.47028,34.19018]]]},"properties":{"STATEFP":"05","COUNTYFP":"133","COUNTYNS":"00069182","GEOIDFQ":"0500000US05133","GEOID":"05133","NAME":"Sevier","NAMELSAD":"Sevier County","STUSPS":"AR","STATE_NAME":"Arkansas","LSAD":"06","ALAND":1459636820,"AWATER":45919661}},
{"type":"Feature","geometry":{"type":"Polygon","coordinates":[[[-94.43084,35.39346],[-94.43559,35.38612],[-94.4316,35.36954],[-94.43224,35.36357],[-94.43411,35.30649],[-94.43517,35.29149],[-94.43659,35.25009],[-94.43908,35.1973],[-94.43886,35.18718],[-94.44449,35.02866],[-94.44788,34.93408],[-94.43024,34.93075],[-94.42215,34.93591],[-94.41483,34.94579],[-94.4094,34.9499],[-94.40092,34.94796],[-94.39217,34.94354],[-94.38169,34.94769],[-94.37458,34.94794],[-94.3734,34.96039],[-94.36762,34.96227],[-94.36067,34.96084],[-94.35142,34.95231],[-94.348,34.94697],[-94.33505,34.94889],[-94.33031,34.9543],[-94.32417,34.95591],[-94.31325,34.95364],[-94.29325,34.95305],[-94.27834,34.95703],[-94.26616,34.95741],[-94.25582,34.95988],[-94.24986,34.96405],[-94.23052,34.96853],[-94.22823,35.05746],[-94.25085,35.05817],[-94.25068,35.06561],[-94.22319,35.07216],[-94.22292,35.07936],[-94.19509,35.0789],[-94.19514,35.08612],[-94.1816,35.08573],[-94.17686,35.09294],[-94.15892,35.09248],[-94.15864,35.09985],[-94.14046,35.09967],[-94.13934,35.14336],[-94.03124,35.14091],[-94.02887,35.21418],[-94.04656,35.21408],[-94.04702,35.19947],[-94.06478,35.19988],[-94.06431,35.21454],[-94.08222,35.21478],[-94.07884,35.32113],[-94.07936,35.33109],[-94.07693,35.41251],[-94.07554,35.4126],[-94.07444,35.445],[-94.08855,35.44338],[-94.10589,35.4489],[-94.11601,35.45103],[-94.14245,35.44996],[-94.15603,35.44253],[-94.16133,35.43527],[-94.15841,35.42724],[-94.1516,35.42102],[-94.1406,35.414],[-94.13433,35.40475],[-94.13143,35.39193],[-94.13506,35.38345],[-94.1433,35.37841],[-94.16905,35.37893],[-94.18079,35.37549],[-94.20221,35.36111],[-94.20973,35.35776],[-94.22945,35.35327],[-94.24248,35.35634],[-94.25329,35.35603],[-94.26041,35.35299],[-94.26939,35.34531],[-94.27619,35.34354],[-94.2895,35.34529],[-94.31757,35.36279],[-94.33418,35.3672],[-94.34454,35.37288],[-94.34831,35.38257],[-94.33874,35.39767],[-94.33725,35.40741],[-94.34019,35.41465],[-94.35046,35.42503],[-94.3712,35.43713],[-94.38055,35.44552],[-94.39089,35.44978],[-94.4024,35.44991],[-94.41465,35.44722],[-94.42059,35.44335],[-94.42586,35.43622],[-94.42647,35.43073],[-94.42321,35.41551],[-94.42362,35.41052],[-94.43084,35.39346]]]},"properties":{"STATEFP":"05","COUNTYFP":"131","COUNTYNS":"00069181","GEOIDFQ":"0500000US05131","GEOID":"05131","NAME":"Sebastian","NAMELSAD":"Sebastian County","STUSPS":"AR","STATE_NAME":"Arkansas","LSAD":"06","ALAND":1375759906,"AWATER":34508912}},
{"type":"Feature","geometry":{"type":"Polygon","coordinates":[[[-93.81508,36.30655],[-93.76205,36.30464],[-93.6911,36.30406],[-93.6576,36.30302],[-93.6548,36.29919],[-93.66022,36.29448],[-93.65669,36.28767],[-93.66405,36.28364],[-93.66366,36.27689],[-93.65516,36.276],[-93.65097,36.28082],[-93.64113,36.28294],[-93.63096,36.27791],[-93.63658,36.27195],[-93.63665,36.26772],[-93.63,36.26096],[-93.6183,36.25888],[-93.62006,36.20125],[-93.61124,36.20108],[-93.61168,36.18657],[-93.58488,36.18567],[-93.58552,36.15567],[-93.55075,36.15499],[-93.55113,36.12627],[-93.47952,36.12505],[-93.35461,36.12247],[-93.30082,36.12155],[-93.3011,36.13591],[-93.30016,36.16355],[-93.29917,36.23241],[-93.29722,36.31121],[-93.29623,36.37269],[-93.29573,36.42786],[-93.29605,36.48163],[-93.29566,36.48752],[-93.29866,36.49702],[-93.29312,36.49834],[-93.42699,36.49859],[-93.50741,36.49891],[-93.58428,36.4989],[-93.71889,36.49918],[-93.72802,36.49904],[-93.86669,36.49879],[-93.86707,36.39421],[-93.88194,36.3942],[-93.88235,36.38549],[-93.88633,36.383],[-93.88905,36.37511],[-93.88273,36.37612],[-93.87773,36.36834],[-93.86894,36.37206],[-93.86725,36.3574],[-93.86572,36.35606],[-93.86369,36.33924],[-93.85566,36.33675],[-93.84581,36.32666],[-93.83293,36.32289],[-93.83256,36.31297],[-93.81508,36.30655]]]},"properties":{"STATEFP":"05","COUNTYFP":"015","COUNTYNS":"00066975","GEOIDFQ":"0500000US05015","GEOID":"05015","NAME":"Carroll","NAMELSAD":"Carroll County","STUSPS":"AR","STATE_NAME":"Arkansas","LSAD":"06","ALAND":1631504874,"AWATER":22715757}},
{"type":"Feature","geometry":{"type":"Polygon","coordinates":[[[-90.80668,36.26703],[-90.78867,36.26662],[-90.73439,36.26805],[-90.62471,36.26552],[-90.58879,36.26508],[-90.58882,36.26407],[-90.55273,36.26339],[-90.53479,36.26155],[-90.4827,36.26114],[-90.48087,36.26042],[-90.42689,36.25934],[-90.3724,36.25957],[-90.31958,36.25914],[-90.31975,36.23015],[-90.32079,36.23014],[-90.32096,36.20058],[-90.19036,36.20138],[-90.18819,36.20536],[-90.16117,36.21577],[-90.15614,36.21371],[-90.14224,36.22752],[-90.13236,36.22644],[-90.12637,36.22937],[-90.12466,36.23555],[-90.13011,36.24031],[-90.12448,36.2442],[-90.11822,36.25349],[-90.11492,36.26559],[-90.08373,36.27233],[-90.07593,36.28149],[-90.0778,36.28835],[-90.07008,36.29471],[-90.06398,36.30304],[-90.06927,36.31315],[-90.08196,36.3221],[-90.07557,36.33404],[-90.07823,36.33651],[-90.07407,36.3429],[-90.07769,36.34848],[-90.0663,36.3593],[-90.06389,36.37298],[-90.06451,36.38208],[-90.06891,36.38866],[-90.08043,36.40076],[-90.09435,36.40396],[-90.10949,36.40407],[-90.12144,36.41093],[-90.135,36.41372],[-90.13423,36.42283],[-90.14374,36.42443],[-90.14272,36.43116],[-90.13756,36.43191],[-90.13414,36.4366],[-90.13732,36.45541],[-90.14153,36.46299],[-90.1558,36.46356],[-90.15289,36.47093],[-90.14222,36.47055],[-90.14368,36.47603],[-90.15884,36.47956],[-90.15441,36.49683],[-90.15248,36.49795],[-90.22894,36.49777],[-90.33989,36.49821],[-90.51418,36.49841],[-90.71123,36.49832],[-90.78424,36.49852],[-90.7789,36.49078],[-90.77032,36.48775],[-90.77297,36.47483],[-90.77205,36.46596],[-90.7755,36.45282],[-90.77471,36.44581],[-90.77897,36.43913],[-90.77626,36.43465],[-90.76951,36.43421],[-90.77688,36.42522],[-90.76964,36.42424],[-90.76488,36.42778],[-90.75612,36.4227],[-90.76844,36.42068],[-90.7709,36.41432],[-90.7487,36.41287],[-90.74963,36.36809],[-90.75183,36.28384],[-90.75925,36.28241],[-90.76532,36.28708],[-90.7691,36.28477],[-90.78209,36.28606],[-90.78592,36.29334],[-90.79122,36.28782],[-90.79791,36.28588],[-90.80622,36.28812],[-90.80668,36.26703]]]},"properties":{"STATEFP":"05","COUNTYFP":"021","COUNTYNS":"00063759","GEOIDFQ":"0500000US05021","GEOID":"05021","NAME":"Clay","NAMELSAD":"Clay County","STUSPS":"AR","STATE_NAME":"Arkansas","LSAD":"06","ALAND":1655581941,"AWATER":5497697}},
{"type":"Feature","geometry":{"type":"Polygon","coordinates":[[[-91.23383,33.56134],[-91.22513,33.56797],[-91.20716,33.56941],[-91.18668,33.5674],[-91.17146,33.56829],[-91.15824,33.57337],[-91.15034,33.57861],[-91.13686,33.59019],[-91.12951,33.6016],[-91.12868,33.60848],[-91.13148,33.61708],[-91.13744,33.62687],[-91.15999,33.6429],[-91.17198,33.64969],[-91.18248,33.65351],[-91.21223,33.65696],[-91.21885,33.66012],[-91.22896,33.67126],[-91.22991,33.68435],[-91.22391,33.69374],[-91.21066,33.7004],[-91.17092,33.70243],[-91.16037,33.7066],[-91.14419,33.6896],[-91.13342,33.67679],[-91.1282,33.67319],[-91.09872,33.66015],[-91.09135,33.65776],[-91.07607,33.65916],[-91.05876,33.66655],[-91.03684,33.67132],[-91.03099,33.67941],[-91.0304,33.68777],[-91.03606,33.68941],[-91.04126,33.69993],[-91.04749,33.70695],[-91.06053,33.71513],[-91.06805,33.7162],[-91.07552,33.7142],[-91.08987,33.70736],[-91.10187,33.70491],[-91.11735,33.70526],[-91.12623,33.70918],[-91.13986,33.72148],[-91.14881,33.73136],[-91.14503,33.75039],[-91.14081,33.76013],[-91.14475,33.76394],[-91.14201,33.77382],[-91.13406,33.78289],[-91.12944,33.78373],[-91.12042,33.78041],[-91.10843,33.77171],[-91.07103,33.77508],[-91.05339,33.77828],[-91.03462,33.76834],[-91.02588,33.76476],[-91.01837,33.76413],[-91.00132,33.76857],[-90.99122,33.77679],[-90.98847,33.78453],[-90.99175,33.7926],[-91.00581,33.80205],[-91.03193,33.80779],[-91.04908,33.81603],[-91.06122,33.83092],[-91.07019,33.84534],[-91.07314,33.86016],[-91.07277,33.86729],[-91.06978,33.87272],[-91.06275,33.87859],[-91.04661,33.88846],[-91.03461,33.89826],[-91.02691,33.90635],[-91.01306,33.92327],[-91.01019,33.93159],[-91.01622,33.94072],[-91.02312,33.94322],[-91.04672,33.94741],[-91.0785,33.95406],[-91.08775,33.95931],[-91.08969,33.9645],[-91.09048,33.99142],[-91.08909,33.99933],[-91.08329,34.00891],[-91.07469,34.00902],[-91.06758,34.00579],[-91.05513,33.99591],[-91.04871,33.99268],[-91.0358,33.99427],[-91.01895,34.00323],[-91.01329,33.99344],[-91.00011,33.96643],[-90.98666,33.96053],[-90.97086,33.96187],[-90.96372,33.96769],[-90.96155,33.97995],[-90.97095,33.99189],[-90.97868,33.99717],[-90.98818,34.01921],[-90.97108,34.02557],[-90.9582,34.02674],[-90.93005,34.02191],[-90.91951,34.02135],[-90.90603,34.02276],[-90.89625,34.02522],[-90.88838,34.03183],[-90.88625,34.03921],[-90.88869,34.05175],[-90.88635,34.05856],[-90.87454,34.07204],[-90.87108,34.08118],[-90.87192,34.08665],[-90.87661,34.09291],[-90.88263,34.09662],[-90.89353,34.0978],[-90.90113,34.09467],[-90.91407,34.09276],[-90.92129,34.09351],[-90.94769,34.10957],[-90.95558,34.11888],[-90.95828,34.11852],[-91.11792,34.11904],[-91.1225,34.10792],[-91.133,34.10733],[-91.14025,34.11152],[-91.14397,34.10597],[-91.14126,34.10166],[-91.14876,34.10017],[-91.14816,34.08773],[-91.1522,34.08469],[-91.15791,34.0859],[-91.16213,34.09151],[-91.16769,34.09433],[-91.17437,34.08849],[-91.18327,34.08397],[-91.19163,34.07348],[-91.19286,34.06816],[-91.18781,34.06205],[-91.19536,34.05417],[-91.19697,34.04885],[-91.19525,34.03532],[-91.18602,34.03164],[-91.18357,34.02761],[-91.18437,34.01753],[-91.16986,34.01459],[-91.16225,34.00584],[-91.15691,33.99356],[-91.15881,33.97899],[-91.14744,33.97441],[-91.14298,33.96762],[-91.13565,33.96202],[-91.13918,33.95548],[-91.14907,33.95513],[-91.15095,33.95096],[-91.14216,33.94841],[-91.14206,33.94473],[-91.14962,33.94276],[-91.1515,33.93735],[-91.14103,33.93191],[-91.14077,33.92788],[-91.15196,33.93009],[-91.16106,33.92657],[-91.16422,33.92129],[-91.17346,33.92527],[-91.17325,33.93172],[-91.16179,33.9435],[-91.16455,33.95387],[-91.17018,33.9587],[-91.17901,33.95871],[-91.19106,33.95429],[-91.20207,33.95315],[-91.21553,33.95462],[-91.22342,33.94988],[-91.22769,33.94162],[-91.23294,33.94055],[-91.23945,33.94917],[-91.23701,33.95785],[-91.2317,33.96205],[-91.23024,33.97779],[-91.23756,33.97537],[-91.25186,33.95678],[-91.26247,33.95728],[-91.26823,33.94274],[-91.27573,33.94233],[-91.28663,33.9502],[-91.29191,33.95852],[-91.29125,33.96861],[-91.30715,33.96063],[-91.31868,33.9584],[-91.33012,33.9582],[-91.34775,33.95487],[-91.35529,33.95823],[-91.35594,33.96537],[-91.34765,33.97125],[-91.33769,33.97354],[-91.32573,33.96695],[-91.31919,33.96789],[-91.31205,33.97464],[-91.31093,33.98204],[-91.31838,34.00056],[-91.31943,34.00614],[-91.32775,34.0153],[-91.33525,34.01702],[-91.34014,34.01072],[-91.33152,34.00184],[-91.32804,33.99556],[-91.32647,33.98636],[-91.33635,33.98351],[-91.34408,33.9969],[-91.34964,34.00306],[-91.35872,34.00378],[-91.36237,34.00017],[-91.3692,33.9861],[-91.37334,33.98216],[-91.38455,33.97911],[-91.39186,33.98162],[-91.39618,33.98609],[-91.40695,34.00203],[-91.42198,34.01172],[-91.42227,33.99854],[-91.44525,33.99911],[-91.44513,34.00454],[-91.46523,34.00473],[-91.46571,33.97576],[-91.54866,33.97682],[-91.55385,33.87093],[-91.55562,33.87092],[-91.55766,33.78332],[-91.53713,33.78157],[-91.50241,33.78064],[-91.45028,33.78054],[-91.45126,33.73499],[-91.45342,33.60663],[-91.45262,33.60642],[-91.45346,33.56368],[-91.38416,33.56342],[-91.34959,33.56357],[-91.35075,33.51934],[-91.34633,33.51927],[-91.34602,33.53356],[-91.33309,33.53353],[-91.33338,33.52617],[-91.32413,33.52591],[-91.32464,33.51868],[-91.24576,33.51719],[-91.24482,33.5536],[-91.24238,33.56146],[-91.23383,33.56134]]]},"properties":{"STATEFP":"05","COUNTYFP":"041","COUNTYNS":"00066850","GEOIDFQ":"0500000US05041","GEOID":"05041","NAME":"Desha","NAMELSAD":"Desha County","STUSPS":"AR","STATE_NAME":"Arkansas","LSAD":"06","ALAND":1919768424,"AWATER":185180909}},
{"type":"Feature","geometry":{"type":"Polygon","coordinates":[[[-91.84946,35.8673],[-91.85083,35.85641],[-91.84992,35.84425],[-91.85434,35.834],[-91.86464,35.82355],[-91.87098,35.81052],[-91.86861,35.78992],[-91.865,35.78209],[-91.86447,35.76972],[-91.85644,35.76417],[-91.84935,35.76188],[-91.83612,35.74886],[-91.83718,35.70502],[-91.80683,35.70456],[-91.79426,35.71177],[-91.78964,35.71178],[-91.79008,35.68162],[-91.7921,35.60168],[-91.79358,35.53408],[-91.7353,35.53403],[-91.70865,35.53327],[-91.64796,35.53229],[-91.58209,35.53033],[-91.47507,35.5272],[-91.36965,35.52637],[-91.36894,35.63995],[-91.35974,35.64225],[-91.35093,35.63744],[-91.34356,35.63702],[-91.33705,35.63961],[-91.32316,35.63758],[-91.32228,35.64543],[-91.34062,35.65276],[-91.33758,35.66243],[-91.34737,35.66646],[-91.34268,35.67093],[-91.35311,35.67814],[-91.34718,35.68017],[-91.34698,35.68842],[-91.35479,35.6943],[-91.35623,35.7016],[-91.35399,35.7092],[-91.34769,35.71332],[-91.34836,35.71922],[-91.3423,35.71917],[-91.33816,35.71295],[-91.33209,35.71902],[-91.33348,35.72445],[-91.32759,35.73018],[-91.32863,35.73596],[-91.33334,35.7403],[-91.32582,35.74759],[-91.31843,35.74898],[-91.31928,35.75521],[-91.31103,35.75667],[-91.31312,35.76408],[-91.31017,35.76622],[-91.29189,35.76549],[-91.292,35.77169],[-91.28462,35.77564],[-91.28822,35.78227],[-91.28149,35.78587],[-91.27738,35.79278],[-91.27196,35.78816],[-91.25597,35.79738],[-91.24748,35.79937],[-91.25147,35.80359],[-91.26106,35.80389],[-91.25962,35.81099],[-91.25248,35.80856],[-91.24449,35.81297],[-91.2325,35.81266],[-91.2394,35.8213],[-91.24061,35.82843],[-91.24808,35.83015],[-91.24719,35.8346],[-91.23751,35.83307],[-91.23143,35.83669],[-91.22899,35.84306],[-91.21738,35.84933],[-91.22164,35.8517],[-91.21896,35.85721],[-91.21337,35.85802],[-91.2099,35.86394],[-91.21445,35.86809],[-91.2184,35.87847],[-91.20498,35.88477],[-91.19883,35.88366],[-91.19856,35.89002],[-91.24754,35.89081],[-91.35742,35.89066],[-91.42991,35.89177],[-91.46468,35.89255],[-91.46313,35.93685],[-91.48123,35.93637],[-91.55886,35.93825],[-91.68314,35.94009],[-91.71048,35.94178],[-91.75345,35.94285],[-91.84946,35.8673]]]},"properties":{"STATEFP":"05","COUNTYFP":"063","COUNTYNS":"00069163","GEOIDFQ":"0500000US05063","GEOID":"05063","NAME":"Independence","NAMELSAD":"Independence County","STUSPS":"AR","STATE_NAME":"Arkansas","LSAD":"06","ALAND":1978003733,"AWATER":20251226}},
{"type":"Feature","geometry":{"type":"Polygon","coordinates":[[[-93.1044,33.77709],[-93.08681,33.77624],[-93.07896,33.7818],[-93.08273,33.78466],[-93.0709,33.78845],[-93.05766,33.78187],[-93.05107,33.77652],[-93.04333,33.77543],[-93.0408,33.77219],[-93.03045,33.76985],[-93.00903,33.77855],[-92.99282,33.77739],[-92.9812,33.78842],[-92.96636,33.79065],[-92.95985,33.79456],[-92.94012,33.80018],[-92.93844,33.81173],[-92.93226,33.81262],[-92.93162,33.8192],[-92.92224,33.81911],[-92.91865,33.82155],[-92.91308,33.81863],[-92.90694,33.81194],[-92.89747,33.8084],[-92.89322,33.81007],[-92.89968,33.81633],[-92.89504,33.82286],[-92.88827,33.82361],[-92.89316,33.83191],[-92.87889,33.83702],[-92.87635,33.84493],[-92.88015,33.8467],[-92.88221,33.85414],[-92.88907,33.85868],[-92.89333,33.8565],[-92.90165,33.85799],[-92.90596,33.87815],[-92.90339,33.88357],[-92.91094,33.89053],[-92.90946,33.89812],[-92.89474,33.90568],[-92.90763,33.90805],[-92.90899,33.91852],[-92.92551,33.92901],[-92.93313,33.93164],[-92.93491,33.93845],[-92.92893,33.94481],[-92.93036,33.94873],[-92.93853,33.94958],[-92.93735,33.95567],[-92.9407,33.96098],[-92.93803,33.96718],[-92.94279,33.96866],[-92.94964,33.96274],[-92.95266,33.96987],[-92.96122,33.97398],[-92.95351,33.97724],[-92.94912,33.98634],[-92.89306,33.98329],[-92.88857,34.09823],[-92.88614,34.1557],[-93.02462,34.16003],[-93.02896,34.16154],[-93.03259,34.15591],[-93.03885,34.15532],[-93.04181,34.15881],[-93.04311,34.16672],[-93.04299,34.18064],[-93.03778,34.18919],[-93.03656,34.19495],[-93.02583,34.20221],[-93.02727,34.21118],[-93.03368,34.21535],[-93.03847,34.2258],[-93.03442,34.2284],[-93.03497,34.2366],[-93.05217,34.23546],[-93.05586,34.23772],[-93.06355,34.23564],[-93.0845,34.23562],[-93.09085,34.23749],[-93.09,34.24566],[-93.1995,34.24806],[-93.19828,34.2773],[-93.35688,34.28031],[-93.35579,34.3387],[-93.40818,34.33947],[-93.47848,34.34084],[-93.48042,34.25327],[-93.50151,34.2537],[-93.50221,34.21411],[-93.49147,34.20973],[-93.47784,34.20947],[-93.46169,34.20581],[-93.45872,34.21211],[-93.44719,34.20335],[-93.44977,34.19769],[-93.46036,34.19052],[-93.44912,34.17924],[-93.45534,34.17115],[-93.45641,34.16319],[-93.45373,34.15354],[-93.44419,34.14826],[-93.44931,34.14614],[-93.45518,34.1397],[-93.45616,34.13033],[-93.4512,34.12262],[-93.44146,34.12027],[-93.44482,34.11438],[-93.44203,34.1017],[-93.44244,34.0921],[-93.44046,34.08638],[-93.44409,34.07969],[-93.43507,34.07049],[-93.4357,34.06333],[-93.43238,34.05609],[-93.43458,34.05047],[-93.41615,34.03803],[-93.40872,34.026],[-93.40841,34.01236],[-93.40032,34.01147],[-93.40505,34.00552],[-93.39207,34.0011],[-93.38741,33.99457],[-93.38318,33.99284],[-93.37915,33.98616],[-93.38166,33.98253],[-93.37784,33.97613],[-93.37705,33.96226],[-93.37336,33.95709],[-93.36682,33.95152],[-93.36244,33.94498],[-93.3563,33.946],[-93.3563,33.94027],[-93.35053,33.93376],[-93.34537,33.93679],[-93.33635,33.91933],[-93.33137,33.91634],[-93.32518,33.91788],[-93.32088,33.91447],[-93.32352,33.90953],[-93.31455,33.90693],[-93.3014,33.89697],[-93.29824,33.88666],[-93.3033,33.88499],[-93.30502,33.87354],[-93.30376,33.86895],[-93.29669,33.8597],[-93.29828,33.85664],[-93.28961,33.84408],[-93.28444,33.84419],[-93.27444,33.83948],[-93.26669,33.83923],[-93.26564,33.83483],[-93.25672,33.82865],[-93.24878,33.83023],[-93.2353,33.82708],[-93.21849,33.82847],[-93.21063,33.82102],[-93.20774,33.8226],[-93.19856,33.81732],[-93.19123,33.81616],[-93.17897,33.80027],[-93.17472,33.80635],[-93.16608,33.8059],[-93.15603,33.81038],[-93.14026,33.81563],[-93.13393,33.80961],[-93.12742,33.79791],[-93.12859,33.79276],[-93.1203,33.78898],[-93.1044,33.77709]]]},"properties":{"STATEFP":"05","COUNTYFP":"019","COUNTYNS":"00066845","GEOIDFQ":"0500000US05019","GEOID":"05019","NAME":"Clark","NAMELSAD":"Clark County","STUSPS":"AR","STATE_NAME":"Arkansas","LSAD":"06","ALAND":2242855174,"AWATER":43965580}},
{"type":"Feature","geometry":{"type":"Polygon","coordinates":[[[-93.40818,34.33947],[-93.4072,34.39745],[-93.40534,34.514],[-93.4049,34.52412],[-93.40356,34.59785],[-93.40309,34.6466],[-93.40224,34.68523],[-93.39395,34.68522],[-93.3944,34.74339],[-93.4991,34.74388],[-93.60519,34.74477],[-93.70998,34.74598],[-93.74526,34.74661],[-93.74579,34.73213],[-93.78088,34.73241],[-93.78112,34.71808],[-93.81677,34.71851],[-93.81692,34.71123],[-93.86993,34.71252],[-93.87025,34.69076],[-93.87908,34.69081],[-93.87929,34.66564],[-93.93021,34.66605],[-93.93223,34.58038],[-93.93303,34.52148],[-93.93479,34.43856],[-93.93489,34.39321],[-93.93543,34.35023],[-93.83151,34.34754],[-93.81339,34.34812],[-93.72458,34.3473],[-93.65231,34.34505],[-93.61898,34.3448],[-93.5527,34.34276],[-93.47848,34.34084],[-93.40818,34.33947]]]},"properties":{"STATEFP":"05","COUNTYFP":"097","COUNTYNS":"00069168","GEOIDFQ":"0500000US05097","GEOID":"05097","NAME":"Montgomery","NAMELSAD":"Montgomery County","STUSPS":"AR","STATE_NAME":"Arkansas","LSAD":"06","ALAND":2021363886,"AWATER":52979164}},
{"type":"Feature","geometry":{"type":"Polygon","coordinates":[[[-91.97588,33.70442],[-91.97587,33.79173],[-91.97612,33.87936],[-91.97644,33.97727],[-91.95302,33.97719],[-91.95368,34.06416],[-92.05925,34.06345],[-92.13197,34.06373],[-92.2333,34.06237],[-92.33669,34.05948],[-92.47161,34.0571],[-92.4756,33.9727],[-92.45599,33.97241],[-92.45202,33.96117],[-92.44409,33.95907],[-92.44315,33.95291],[-92.43402,33.94936],[-92.43354,33.94577],[-92.42132,33.94041],[-92.42027,33.93535],[-92.41414,33.93101],[-92.40778,33.91535],[-92.40055,33.91341],[-92.39801,33.89854],[-92.39466,33.89181],[-92.39591,33.88664],[-92.38369,33.87656],[-92.38009,33.86751],[-92.36611,33.86121],[-92.36205,33.85653],[-92.35335,33.85311],[-92.35011,33.84183],[-92.34179,33.84025],[-92.33829,33.83261],[-92.33773,33.81317],[-92.33559,33.81097],[-92.34123,33.80466],[-92.33425,33.79507],[-92.33167,33.78825],[-92.33177,33.78132],[-92.32712,33.77778],[-92.32864,33.77266],[-92.33428,33.76569],[-92.33381,33.75897],[-92.34161,33.74586],[-92.33946,33.73685],[-92.33285,33.73187],[-92.33624,33.72789],[-92.33031,33.7212],[-92.33302,33.71114],[-92.33092,33.70775],[-92.28539,33.70562],[-92.18426,33.70541],[-92.0227,33.70429],[-91.97588,33.70442]]]},"properties":{"STATEFP":"05","COUNTYFP":"025","COUNTYNS":"00063760","GEOIDFQ":"0500000US05025","GEOID":"05025","NAME":"Cleveland","NAMELSAD":"Cleveland County","STUSPS":"AR","STATE_NAME":"Arkansas","LSAD":"06","ALAND":1548580962,"AWATER":2561701}},
{"type":"Feature","geometry":{"type":"Polygon","coordinates":[[[-92.89322,33.81007],[-92.70745,33.80517],[-92.63906,33.80375],[-92.58303,33.8023],[-92.48104,33.79953],[-92.37871,33.79688],[-92.33425,33.79507],[-92.34123,33.80466],[-92.33559,33.81097],[-92.33773,33.81317],[-92.33829,33.83261],[-92.34179,33.84025],[-92.35011,33.84183],[-92.35335,33.85311],[-92.36205,33.85653],[-92.36611,33.86121],[-92.38009,33.86751],[-92.38369,33.87656],[-92.39591,33.88664],[-92.39466,33.89181],[-92.39801,33.89854],[-92.40055,33.91341],[-92.40778,33.91535],[-92.41414,33.93101],[-92.42027,33.93535],[-92.42132,33.94041],[-92.43354,33.94577],[-92.43402,33.94936],[-92.44315,33.95291],[-92.44409,33.95907],[-92.45202,33.96117],[-92.45599,33.97241],[-92.4756,33.9727],[-92.47161,34.0571],[-92.33669,34.05948],[-92.33679,34.06339],[-92.34733,34.07053],[-92.35495,34.06715],[-92.37222,34.07385],[-92.37522,34.08675],[-92.38379,34.09651],[-92.4021,34.10888],[-92.40548,34.1154],[-92.41774,34.1172],[-92.43084,34.12602],[-92.45118,34.12552],[-92.45897,34.12846],[-92.4606,34.13303],[-92.46957,34.13643],[-92.48345,34.13298],[-92.49269,34.1359],[-92.49362,34.14425],[-92.52148,34.14584],[-92.5731,34.14735],[-92.67838,34.14965],[-92.81794,34.15189],[-92.83481,34.15367],[-92.88614,34.1557],[-92.88857,34.09823],[-92.89306,33.98329],[-92.94912,33.98634],[-92.95351,33.97724],[-92.96122,33.97398],[-92.95266,33.96987],[-92.94964,33.96274],[-92.94279,33.96866],[-92.93803,33.96718],[-92.9407,33.96098],[-92.93735,33.95567],[-92.93853,33.94958],[-92.93036,33.94873],[-92.92893,33.94481],[-92.93491,33.93845],[-92.93313,33.93164],[-92.92551,33.92901],[-92.90899,33.91852],[-92.90763,33.90805],[-92.89474,33.90568],[-92.90946,33.89812],[-92.91094,33.89053],[-92.90339,33.88357],[-92.90596,33.87815],[-92.90165,33.85799],[-92.89333,33.8565],[-92.88907,33.85868],[-92.88221,33.85414],[-92.88015,33.8467],[-92.87635,33.84493],[-92.87889,33.83702],[-92.89316,33.83191],[-92.88827,33.82361],[-92.89504,33.82286],[-92.89968,33.81633],[-92.89322,33.81007]]]},"properties":{"STATEFP":"05","COUNTYFP":"039","COUNTYNS":"00066849","GEOIDFQ":"0500000US05039","GEOID":"05039","NAME":"Dallas","NAMELSAD":"Dallas County","STUSPS":"AR","STATE_NAME":"Arkansas","LSAD":"06","ALAND":1728358302,"AWATER":1731378}},
{"type":"Feature","geometry":{"type":"Polygon","coordinates":[[[-91.67822,34.48191],[-91.64902,34.48026],[-91.61602,34.47954],[-91.59593,34.48051],[-91.59443,34.56805],[-91.48581,34.56561],[-91.37782,34.56348],[-91.37698,34.59287],[-91.41262,34.59383],[-91.41226,34.60858],[-91.44789,34.60914],[-91.44698,34.66753],[-91.37476,34.66596],[-91.3738,34.69512],[-91.37327,34.7376],[-91.37162,34.7827],[-91.37061,34.82484],[-91.37603,34.82883],[-91.37714,34.8343],[-91.37315,34.84222],[-91.36222,34.84315],[-91.35988,34.84629],[-91.36339,34.85706],[-91.3607,34.86192],[-91.36478,34.86711],[-91.35902,34.86972],[-91.35286,34.86728],[-91.34448,34.87153],[-91.36033,34.88037],[-91.3675,34.88761],[-91.37238,34.89641],[-91.38342,34.89568],[-91.38643,34.90204],[-91.38058,34.90451],[-91.37638,34.89972],[-91.36837,34.90088],[-91.36866,34.91266],[-91.36661,35.00714],[-91.3647,35.00723],[-91.36379,35.05195],[-91.44169,35.05223],[-91.43864,35.05995],[-91.4612,35.05204],[-91.47585,35.05637],[-91.47895,35.06105],[-91.47322,35.06771],[-91.46401,35.06405],[-91.45778,35.06363],[-91.44812,35.06663],[-91.45832,35.08033],[-91.46796,35.08386],[-91.46527,35.08946],[-91.584,35.09158],[-91.58516,35.02533],[-91.58722,35.02693],[-91.60295,35.0263],[-91.61343,35.02114],[-91.62335,35.02438],[-91.64023,35.02705],[-91.64587,35.04044],[-91.64415,35.04271],[-91.65612,35.05158],[-91.66317,35.05433],[-91.67189,35.05449],[-91.67548,35.05067],[-91.68575,35.05294],[-91.68684,35.05986],[-91.70149,35.06303],[-91.7082,35.06253],[-91.71821,35.05774],[-91.74445,35.04709],[-91.76103,35.04798],[-91.76599,35.05001],[-91.77111,35.04713],[-91.77794,35.0471],[-91.78119,35.0433],[-91.79268,35.04023],[-91.80236,35.04053],[-91.80251,35.0307],[-91.8037,34.92152],[-91.6937,34.9196],[-91.69452,34.88306],[-91.6962,34.83935],[-91.69717,34.80188],[-91.69874,34.7593],[-91.70077,34.67207],[-91.6973,34.66942],[-91.68917,34.67028],[-91.68711,34.66568],[-91.68056,34.66348],[-91.67388,34.65807],[-91.66912,34.6575],[-91.66463,34.64933],[-91.6561,34.64277],[-91.65122,34.64327],[-91.64495,34.63869],[-91.64019,34.63225],[-91.63847,34.62572],[-91.64244,34.61586],[-91.64837,34.61276],[-91.64796,34.60916],[-91.65313,34.6023],[-91.65963,34.60003],[-91.66221,34.58586],[-91.66499,34.5798],[-91.65833,34.57696],[-91.65845,34.5729],[-91.65216,34.56671],[-91.64888,34.56966],[-91.63643,34.56642],[-91.63345,34.56221],[-91.63464,34.54648],[-91.64326,34.5401],[-91.64827,34.53415],[-91.65866,34.52843],[-91.6698,34.51866],[-91.67051,34.51504],[-91.67711,34.50984],[-91.67578,34.50456],[-91.68342,34.4925],[-91.67822,34.48191]]]},"properties":{"STATEFP":"05","COUNTYFP":"117","COUNTYNS":"00069176","GEOIDFQ":"0500000US05117","GEOID":"05117","NAME":"Prairie","NAMELSAD":"Prairie County","STUSPS":"AR","STATE_NAME":"Arkansas","LSAD":"06","ALAND":1677059907,"AWATER":72638195}},
{"type":"Feature","geometry":{"type":"Polygon","coordinates":[[[-91.03925,35.44295],[-91.03909,35.56075],[-91.03791,35.66963],[-91.03701,35.70842],[-91.03554,35.76209],[-91.03503,35.79657],[-91.03256,35.88503],[-91.07862,35.88701],[-91.1387,35.89003],[-91.19856,35.89002],[-91.19883,35.88366],[-91.20498,35.88477],[-91.2184,35.87847],[-91.21445,35.86809],[-91.2099,35.86394],[-91.21337,35.85802],[-91.21896,35.85721],[-91.22164,35.8517],[-91.21738,35.84933],[-91.22899,35.84306],[-91.23143,35.83669],[-91.23751,35.83307],[-91.24719,35.8346],[-91.24808,35.83015],[-91.24061,35.82843],[-91.2394,35.8213],[-91.2325,35.81266],[-91.24449,35.81297],[-91.25248,35.80856],[-91.25962,35.81099],[-91.26106,35.80389],[-91.25147,35.80359],[-91.24748,35.79937],[-91.25597,35.79738],[-91.27196,35.78816],[-91.27738,35.79278],[-91.28149,35.78587],[-91.28822,35.78227],[-91.28462,35.77564],[-91.292,35.77169],[-91.29189,35.76549],[-91.31017,35.76622],[-91.31312,35.76408],[-91.31103,35.75667],[-91.31928,35.75521],[-91.31843,35.74898],[-91.32582,35.74759],[-91.33334,35.7403],[-91.32863,35.73596],[-91.32759,35.73018],[-91.33348,35.72445],[-91.33209,35.71902],[-91.33816,35.71295],[-91.3423,35.71917],[-91.34836,35.71922],[-91.34769,35.71332],[-91.35399,35.7092],[-91.35623,35.7016],[-91.35479,35.6943],[-91.34698,35.68842],[-91.34718,35.68017],[-91.35311,35.67814],[-91.34268,35.67093],[-91.34737,35.66646],[-91.33758,35.66243],[-91.34062,35.65276],[-91.32228,35.64543],[-91.32316,35.63758],[-91.33705,35.63961],[-91.34356,35.63702],[-91.35093,35.63744],[-91.35974,35.64225],[-91.36894,35.63995],[-91.36965,35.52637],[-91.47507,35.5272],[-91.58209,35.53033],[-91.58317,35.48039],[-91.58445,35.44231],[-91.47799,35.44013],[-91.34726,35.43911],[-91.35033,35.44504],[-91.25301,35.44578],[-91.25302,35.42956],[-91.25155,35.35756],[-91.19902,35.35673],[-91.17766,35.35697],[-91.03963,35.35426],[-91.03925,35.44295]]]},"properties":{"STATEFP":"05","COUNTYFP":"067","COUNTYNS":"00066861","GEOIDFQ":"0500000US05067","GEOID":"05067","NAME":"Jackson","NAMELSAD":"Jackson County","STUSPS":"AR","STATE_NAME":"Arkansas","LSAD":"06","ALAND":1641044497,"AWATER":20284491}},
{"type":"Feature","geometry":{"type":"Polygon","coordinates":[[[-91.25892,36.25788],[-91.25933,36.24347],[-91.33111,36.24462],[-91.33216,36.23082],[-91.34983,36.23097],[-91.35204,36.15797],[-91.34846,36.15763],[-91.34862,36.12549],[-91.35038,36.06898],[-91.35173,36.05358],[-91.35528,35.95618],[-91.35742,35.89066],[-91.24754,35.89081],[-91.19856,35.89002],[-91.1387,35.89003],[-91.07862,35.88701],[-91.03256,35.88503],[-90.87285,35.88087],[-90.8722,35.92439],[-90.86153,35.92409],[-90.86273,35.93879],[-90.86022,35.94262],[-90.8634,35.94957],[-90.85741,35.94963],[-90.85716,35.96022],[-90.85214,35.96303],[-90.85199,35.96788],[-90.8474,35.97884],[-90.84231,35.98323],[-90.8451,35.98695],[-90.85368,35.99022],[-90.85487,36.00256],[-90.8458,36.01107],[-90.83775,36.02285],[-90.84056,36.03481],[-90.83887,36.03998],[-90.82548,36.05517],[-90.82452,36.0685],[-90.82074,36.07976],[-90.80242,36.08597],[-90.78986,36.09649],[-90.78974,36.10023],[-90.77132,36.10863],[-90.77166,36.12244],[-90.76348,36.13451],[-90.74833,36.14632],[-90.74752,36.14911],[-90.80981,36.14966],[-90.88237,36.15048],[-90.97438,36.15055],[-91.05485,36.15152],[-91.0657,36.14153],[-91.06243,36.12656],[-91.06378,36.11838],[-91.07348,36.11487],[-91.08116,36.12106],[-91.07821,36.12524],[-91.08583,36.13189],[-91.08288,36.15085],[-91.09083,36.14944],[-91.10504,36.15156],[-91.12311,36.15571],[-91.12601,36.16059],[-91.13753,36.16803],[-91.14245,36.16688],[-91.14859,36.1763],[-91.14567,36.18194],[-91.15732,36.18999],[-91.15595,36.1975],[-91.16331,36.2058],[-91.16788,36.2035],[-91.17453,36.20791],[-91.18301,36.206],[-91.1954,36.21269],[-91.198,36.22107],[-91.20386,36.21858],[-91.21418,36.22261],[-91.2258,36.22424],[-91.22867,36.22899],[-91.22749,36.23398],[-91.23146,36.2398],[-91.23666,36.24084],[-91.23957,36.22843],[-91.24087,36.25767],[-91.25892,36.25788]]]},"properties":{"STATEFP":"05","COUNTYFP":"075","COUNTYNS":"00066865","GEOIDFQ":"0500000US05075","GEOID":"05075","NAME":"Lawrence","NAMELSAD":"Lawrence County","STUSPS":"AR","STATE_NAME":"Arkansas","LSAD":"06","ALAND":1521690359,"AWATER":12395693}},
{"type":"Feature","geometry":{"type":"Polygon","coordinates":[[[-93.71995,33.48203],[-93.73445,33.49357],[-93.7413,33.50595],[-93.74791,33.51124],[-93.74924,33.51538],[-93.74172,33.52845],[-93.74754,33.53444],[-93.76147,33.52209],[-93.76464,33.51531],[-93.76257,33.51073],[-93.75492,33.50429],[-93.76056,33.49898],[-93.77267,33.4989],[-93.77362,33.50989],[-93.78019,33.5216],[-93.77656,33.52525],[-93.76905,33.52758],[-93.77113,33.53318],[-93.78166,33.5279],[-93.78941,33.52888],[-93.79613,33.53238],[-93.7953,33.54112],[-93.78626,33.54544],[-93.78179,33.55252],[-93.78881,33.55607],[-93.79453,33.54589],[-93.80034,33.54114],[-93.80586,33.54187],[-93.8093,33.54869],[-93.80047,33.55853],[-93.80093,33.56478],[-93.80628,33.56814],[-93.81881,33.56819],[-93.82644,33.57087],[-93.82743,33.57609],[-93.81606,33.58792],[-93.81246,33.59814],[-93.8136,33.60704],[-93.82014,33.61398],[-93.82588,33.60989],[-93.82651,33.60575],[-93.83628,33.60297],[-93.84531,33.60706],[-93.86008,33.61068],[-93.86943,33.60667],[-93.87973,33.59068],[-93.89175,33.58431],[-93.89732,33.58644],[-93.89969,33.59264],[-93.90575,33.59527],[-93.91613,33.58914],[-93.91164,33.58281],[-93.90627,33.58125],[-93.90217,33.57597],[-93.90318,33.5709],[-93.91121,33.5698],[-93.91822,33.57917],[-93.9266,33.58127],[-93.93573,33.57564],[-93.94188,33.56237],[-93.94327,33.55344],[-93.95326,33.55015],[-93.95811,33.55297],[-93.95964,33.568],[-93.96396,33.57253],[-93.97363,33.57277],[-93.98061,33.5697],[-93.98287,33.56208],[-93.97637,33.56006],[-93.97343,33.55382],[-93.97816,33.54096],[-93.98442,33.53501],[-93.99192,33.53702],[-93.99828,33.54743],[-93.99431,33.55481],[-93.99582,33.56109],[-94.00472,33.56544],[-94.01085,33.56459],[-94.02273,33.55685],[-94.04343,33.55158],[-94.04289,33.42023],[-94.04313,33.35876],[-94.043,33.25013],[-94.04272,33.16029],[-94.04318,33.14348],[-94.04287,33.09273],[-94.04296,33.01922],[-93.91823,33.01929],[-93.80714,33.01938],[-93.80753,33.02658],[-93.82202,33.02954],[-93.82736,33.03267],[-93.82495,33.0373],[-93.81858,33.04198],[-93.81821,33.04855],[-93.83772,33.05483],[-93.84063,33.05754],[-93.83601,33.07129],[-93.83733,33.07773],[-93.85242,33.08535],[-93.86292,33.09435],[-93.86332,33.09885],[-93.85395,33.1049],[-93.8562,33.11293],[-93.85499,33.11684],[-93.84782,33.12536],[-93.84857,33.14018],[-93.83951,33.14826],[-93.83285,33.14848],[-93.82216,33.13752],[-93.81252,33.13662],[-93.81139,33.15314],[-93.80836,33.15744],[-93.79977,33.1625],[-93.79153,33.16181],[-93.78706,33.15801],[-93.78629,33.14726],[-93.78147,33.14197],[-93.77321,33.14135],[-93.77653,33.15252],[-93.77424,33.16473],[-93.76931,33.16707],[-93.76032,33.16614],[-93.75021,33.15843],[-93.74259,33.15484],[-93.73487,33.15661],[-93.73364,33.16086],[-93.74092,33.16731],[-93.75295,33.16637],[-93.75826,33.17041],[-93.75824,33.17796],[-93.75502,33.18078],[-93.7316,33.18273],[-93.72599,33.18853],[-93.73691,33.19561],[-93.73977,33.20109],[-93.73513,33.20821],[-93.72388,33.2166],[-93.71119,33.22012],[-93.7003,33.22589],[-93.70602,33.22863],[-93.71528,33.22393],[-93.72459,33.22244],[-93.72901,33.22756],[-93.72633,33.23504],[-93.71384,33.24378],[-93.70838,33.25273],[-93.70963,33.25926],[-93.72558,33.26918],[-93.72956,33.27555],[-93.72694,33.28336],[-93.72079,33.28826],[-93.70631,33.27827],[-93.69261,33.27673],[-93.68943,33.27804],[-93.68892,33.28806],[-93.6865,33.2965],[-93.68666,33.30438],[-93.69262,33.31521],[-93.68682,33.32083],[-93.67174,33.3218],[-93.66492,33.32949],[-93.66913,33.33431],[-93.68152,33.33924],[-93.69027,33.34056],[-93.70525,33.3392],[-93.70946,33.34411],[-93.70816,33.35333],[-93.70086,33.35855],[-93.6985,33.36972],[-93.68836,33.37405],[-93.68139,33.37224],[-93.67363,33.37516],[-93.67458,33.38104],[-93.68668,33.38865],[-93.69591,33.38502],[-93.70001,33.37513],[-93.70429,33.37279],[-93.71373,33.37279],[-93.71842,33.37508],[-93.72345,33.38217],[-93.71678,33.38675],[-93.70527,33.3844],[-93.6991,33.38775],[-93.70248,33.39138],[-93.71238,33.39556],[-93.72184,33.41256],[-93.72976,33.41699],[-93.7314,33.42411],[-93.72123,33.4277],[-93.71428,33.43251],[-93.71466,33.43909],[-93.72286,33.43933],[-93.73101,33.42862],[-93.73626,33.42706],[-93.74638,33.4419],[-93.73856,33.44516],[-93.72704,33.44388],[-93.72704,33.44889],[-93.73636,33.45497],[-93.73506,33.46429],[-93.73067,33.47189],[-93.721,33.47845],[-93.71995,33.48203]]]},"properties":{"STATEFP":"05","COUNTYFP":"091","COUNTYNS":"00069166","GEOIDFQ":"0500000US05091","GEOID":"05091","NAME":"Miller","NAMELSAD":"Miller County","STUSPS":"AR","STATE_NAME":"Arkansas","LSAD":"06","ALAND":1616257232,"AWATER":36848741}},
{"type":"Feature","geometry":{"type":"Polygon","coordinates":[[[-93.95695,33.75093],[-93.95891,33.75106],[-94.00622,33.75261],[-94.04178,33.75334],[-94.04086,33.78198],[-94.08641,33.78317],[-94.08916,33.78671],[-94.09991,33.78775],[-94.10487,33.79008],[-94.12184,33.78974],[-94.12397,33.78482],[-94.13427,33.78728],[-94.1373,33.78133],[-94.14353,33.78182],[-94.14649,33.78918],[-94.15466,33.78999],[-94.15369,33.78498],[-94.16331,33.78532],[-94.16544,33.79154],[-94.17187,33.79561],[-94.17664,33.78984],[-94.18615,33.78585],[-94.19026,33.78857],[-94.18491,33.79537],[-94.18704,33.80264],[-94.18344,33.80649],[-94.18586,33.81176],[-94.19147,33.81234],[-94.19803,33.80955],[-94.21028,33.80754],[-94.218,33.80435],[-94.21854,33.81477],[-94.22931,33.80785],[-94.22834,33.80361],[-94.23926,33.80333],[-94.23868,33.80717],[-94.25125,33.81276],[-94.25261,33.81851],[-94.26296,33.81962],[-94.26811,33.81722],[-94.27616,33.82256],[-94.27971,33.82902],[-94.28835,33.82865],[-94.29347,33.82346],[-94.29994,33.8214],[-94.30546,33.83472],[-94.30571,33.84388],[-94.30167,33.85076],[-94.3065,33.85407],[-94.31603,33.85586],[-94.32234,33.86314],[-94.33441,33.861],[-94.33953,33.87066],[-94.33431,33.87784],[-94.34122,33.88231],[-94.35778,33.87765],[-94.37126,33.87729],[-94.36178,33.88606],[-94.36279,33.88807],[-94.38059,33.89416],[-94.38943,33.89545],[-94.38771,33.90624],[-94.38507,33.91046],[-94.38719,33.91925],[-94.38614,33.92543],[-94.37968,33.93336],[-94.38554,33.94095],[-94.40042,33.94075],[-94.40844,33.94525],[-94.41872,33.94428],[-94.42199,33.9395],[-94.41463,33.93673],[-94.41396,33.92614],[-94.42738,33.92861],[-94.42967,33.93157],[-94.44249,33.93072],[-94.44576,33.93682],[-94.45335,33.93298],[-94.46085,33.93687],[-94.46633,33.94457],[-94.47301,33.93975],[-94.47732,33.94086],[-94.47884,33.88149],[-94.47995,33.85133],[-94.48387,33.71673],[-94.48553,33.66339],[-94.48587,33.63787],[-94.47641,33.63895],[-94.46607,33.63626],[-94.46145,33.64362],[-94.45482,33.6449],[-94.44687,33.64018],[-94.44845,33.6345],[-94.46274,33.63091],[-94.46029,33.62442],[-94.45271,33.62262],[-94.45477,33.61516],[-94.46945,33.60732],[-94.47217,33.6042],[-94.46809,33.59944],[-94.45823,33.59827],[-94.454,33.59222],[-94.44154,33.5915],[-94.43952,33.59415],[-94.43004,33.59112],[-94.41315,33.56937],[-94.40334,33.56842],[-94.39734,33.57161],[-94.38593,33.58189],[-94.37965,33.58061],[-94.37776,33.57461],[-94.38253,33.56706],[-94.39769,33.5649],[-94.40162,33.55938],[-94.38951,33.54678],[-94.38167,33.54404],[-94.3633,33.54496],[-94.35594,33.54318],[-94.34894,33.54836],[-94.34729,33.5522],[-94.35265,33.56061],[-94.34551,33.56731],[-94.33842,33.56708],[-94.33438,33.56254],[-94.33183,33.55335],[-94.31949,33.54886],[-94.30958,33.55167],[-94.30358,33.56828],[-94.29839,33.57622],[-94.28913,33.58214],[-94.28358,33.58189],[-94.28217,33.57299],[-94.29037,33.56791],[-94.2909,33.55887],[-94.27909,33.55703],[-94.27447,33.55865],[-94.26567,33.57359],[-94.2578,33.58251],[-94.24593,33.58911],[-94.24018,33.58954],[-94.23636,33.58599],[-94.23887,33.57672],[-94.24437,33.57355],[-94.25111,33.56528],[-94.2502,33.55677],[-94.2379,33.55268],[-94.22639,33.55291],[-94.21922,33.5561],[-94.2136,33.56313],[-94.20359,33.56655],[-94.20124,33.55783],[-94.19639,33.55512],[-94.19133,33.55767],[-94.18988,33.56245],[-94.1944,33.57368],[-94.20111,33.57585],[-94.21133,33.57377],[-94.2172,33.58074],[-94.21097,33.58314],[-94.20359,33.58082],[-94.19654,33.58172],[-94.18391,33.59468],[-94.17633,33.59108],[-94.16227,33.58891],[-94.16201,33.58088],[-94.15678,33.57575],[-94.15263,33.57592],[-94.14605,33.58198],[-94.14185,33.57959],[-94.15126,33.57179],[-94.14852,33.56568],[-94.1434,33.56551],[-94.13431,33.56921],[-94.13138,33.55293],[-94.12288,33.55311],[-94.1199,33.567],[-94.11284,33.56699],[-94.09744,33.57372],[-94.08264,33.57549],[-94.06685,33.56891],[-94.0561,33.56725],[-94.05566,33.56189],[-94.05985,33.55925],[-94.06668,33.56095],[-94.07374,33.55829],[-94.07216,33.55386],[-94.0619,33.54976],[-94.04343,33.55158],[-94.02273,33.55685],[-94.01085,33.56459],[-94.00472,33.56544],[-93.99582,33.56109],[-93.99431,33.55481],[-93.99828,33.54743],[-93.99192,33.53702],[-93.98442,33.53501],[-93.97816,33.54096],[-93.97343,33.55382],[-93.97637,33.56006],[-93.98287,33.56208],[-93.98061,33.5697],[-93.97363,33.57277],[-93.96396,33.57253],[-93.95964,33.568],[-93.95811,33.55297],[-93.95326,33.55015],[-93.94327,33.55344],[-93.94188,33.56237],[-93.93573,33.57564],[-93.9266,33.58127],[-93.91822,33.57917],[-93.91121,33.5698],[-93.90318,33.5709],[-93.90217,33.57597],[-93.90627,33.58125],[-93.91164,33.58281],[-93.91613,33.58914],[-93.90575,33.59527],[-93.89969,33.59264],[-93.89732,33.58644],[-93.89175,33.58431],[-93.87973,33.59068],[-93.86943,33.60667],[-93.86008,33.61068],[-93.84531,33.60706],[-93.83628,33.60297],[-93.82651,33.60575],[-93.82588,33.60989],[-93.83089,33.60704],[-93.8359,33.60924],[-93.83984,33.61647],[-93.84701,33.61826],[-93.8509,33.61429],[-93.86124,33.61852],[-93.86036,33.62568],[-93.86534,33.63137],[-93.87523,33.63419],[-93.88123,33.62759],[-93.88597,33.62819],[-93.891,33.63763],[-93.89518,33.63974],[-93.90427,33.63713],[-93.9108,33.62845],[-93.91642,33.63058],[-93.9114,33.64052],[-93.905,33.64233],[-93.90185,33.64732],[-93.9035,33.65172],[-93.91508,33.65892],[-93.91806,33.66529],[-93.93219,33.66215],[-93.92982,33.65682],[-93.93778,33.64799],[-93.94377,33.6498],[-93.94553,33.6586],[-93.96449,33.6684],[-93.96772,33.67584],[-93.96297,33.68334],[-93.96089,33.69516],[-93.96548,33.69905],[-93.96674,33.70412],[-93.96154,33.70694],[-93.95566,33.70489],[-93.95133,33.7069],[-93.95609,33.71425],[-93.95122,33.72164],[-93.95777,33.7229],[-93.95874,33.71385],[-93.96482,33.71839],[-93.96937,33.72785],[-93.96773,33.73629],[-93.96199,33.73853],[-93.95262,33.73901],[-93.95695,33.75093]]]},"properties":{"STATEFP":"05","COUNTYFP":"081","COUNTYNS":"00066874","GEOIDFQ":"0500000US05081","GEOID":"05081","NAME":"Little River","NAMELSAD":"Little River County","STUSPS":"AR","STATE_NAME":"Arkansas","LSAD":"06","ALAND":1375943076,"AWATER":83115228}},
{"type":"Feature","geometry":{"type":"Polygon","coordinates":[[[-93.30082,36.12155],[-93.28329,36.12067],[-93.21185,36.11927],[-93.14028,36.11758],[-93.12359,36.11955],[-93.08695,36.11929],[-93.06927,36.11684],[-93.05178,36.11635],[-92.99807,36.1162],[-92.94463,36.11525],[-92.89072,36.11424],[-92.88954,36.17681],[-92.88892,36.25163],[-92.88952,36.31846],[-92.88802,36.33554],[-92.88671,36.41973],[-92.8849,36.49085],[-92.87932,36.48525],[-92.87251,36.47508],[-92.86289,36.47362],[-92.8546,36.46464],[-92.85401,36.49798],[-92.894,36.49785],[-93.06845,36.49825],[-93.12597,36.49785],[-93.29312,36.49834],[-93.29866,36.49702],[-93.29566,36.48752],[-93.29605,36.48163],[-93.29573,36.42786],[-93.29623,36.37269],[-93.29722,36.31121],[-93.29917,36.23241],[-93.30016,36.16355],[-93.3011,36.13591],[-93.30082,36.12155]]]},"properties":{"STATEFP":"05","COUNTYFP":"009","COUNTYNS":"00069897","GEOIDFQ":"0500000US05009","GEOID":"05009","NAME":"Boone","NAMELSAD":"Boone County","STUSPS":"AR","STATE_NAME":"Arkansas","LSAD":"06","ALAND":1527375316,"AWATER":31797985}},
{"type":"Feature","geometry":{"type":"Polygon","coordinates":[[[-93.11633,33.45292],[-93.11895,33.3803],[-92.97848,33.37714],[-92.94029,33.37638],[-92.83894,33.37352],[-92.79425,33.37258],[-92.78332,33.37541],[-92.7774,33.37494],[-92.77268,33.38101],[-92.76747,33.38082],[-92.7602,33.38766],[-92.7479,33.38367],[-92.73923,33.3852],[-92.72014,33.38217],[-92.71493,33.37051],[-92.70181,33.36645],[-92.69672,33.36922],[-92.68151,33.36583],[-92.68217,33.36007],[-92.67301,33.35709],[-92.66274,33.35622],[-92.65692,33.35786],[-92.65401,33.36427],[-92.64591,33.36853],[-92.63274,33.36569],[-92.62398,33.35918],[-92.61319,33.36013],[-92.60199,33.36434],[-92.59722,33.37134],[-92.59177,33.37332],[-92.5867,33.3691],[-92.57313,33.36996],[-92.56716,33.3672],[-92.56703,33.37775],[-92.57364,33.37314],[-92.58145,33.37488],[-92.58616,33.38496],[-92.58313,33.39088],[-92.58569,33.39833],[-92.59172,33.40326],[-92.60048,33.40167],[-92.6121,33.40441],[-92.61396,33.40825],[-92.62154,33.40791],[-92.62511,33.40344],[-92.63578,33.39755],[-92.64539,33.39796],[-92.64674,33.40374],[-92.6432,33.40704],[-92.63455,33.40585],[-92.63602,33.41519],[-92.64661,33.41718],[-92.64272,33.42427],[-92.65377,33.42287],[-92.65107,33.43108],[-92.65546,33.43544],[-92.66506,33.43453],[-92.67151,33.43113],[-92.68692,33.43173],[-92.70464,33.43084],[-92.70722,33.44566],[-92.70257,33.45386],[-92.7148,33.45145],[-92.71659,33.45694],[-92.72365,33.4596],[-92.72064,33.46738],[-92.7215,33.47442],[-92.71646,33.48287],[-92.72127,33.48861],[-92.73575,33.48858],[-92.74096,33.48398],[-92.75218,33.48401],[-92.75693,33.48851],[-92.76519,33.49219],[-92.76464,33.49908],[-92.76152,33.50353],[-92.77297,33.51144],[-92.76227,33.5183],[-92.76384,33.52574],[-92.76166,33.53281],[-92.76929,33.53309],[-92.7763,33.53717],[-92.77505,33.54564],[-92.7651,33.55318],[-92.75933,33.5523],[-92.75168,33.5441],[-92.74677,33.54497],[-92.74108,33.55632],[-92.72693,33.56372],[-92.72664,33.55805],[-92.71877,33.55182],[-92.7149,33.55659],[-92.71371,33.56695],[-92.71133,33.57144],[-92.71011,33.58156],[-92.71025,33.59457],[-92.71428,33.60522],[-92.72422,33.6084],[-92.73161,33.61383],[-92.73497,33.61966],[-92.73125,33.63534],[-92.72608,33.64038],[-92.72717,33.64799],[-92.72359,33.6519],[-92.71396,33.65495],[-92.70395,33.64932],[-92.69805,33.65113],[-92.6826,33.65997],[-92.67381,33.65784],[-92.65967,33.66105],[-92.65257,33.66075],[-92.64798,33.66371],[-92.64687,33.66928],[-92.63645,33.68504],[-92.63339,33.69285],[-92.62026,33.69787],[-92.61717,33.70309],[-92.60649,33.70567],[-92.60004,33.71502],[-92.59713,33.72543],[-92.59112,33.7261],[-92.58532,33.73646],[-92.58303,33.8023],[-92.63906,33.80375],[-92.70745,33.80517],[-92.89322,33.81007],[-92.89747,33.8084],[-92.90694,33.81194],[-92.91308,33.81863],[-92.91865,33.82155],[-92.92224,33.81911],[-92.93162,33.8192],[-92.93226,33.81262],[-92.93844,33.81173],[-92.94012,33.80018],[-92.95985,33.79456],[-92.96636,33.79065],[-92.9812,33.78842],[-92.99282,33.77739],[-93.00903,33.77855],[-93.03045,33.76985],[-93.0408,33.77219],[-93.04333,33.77543],[-93.05107,33.77652],[-93.05766,33.78187],[-93.0709,33.78845],[-93.08273,33.78466],[-93.07896,33.7818],[-93.08681,33.77624],[-93.1044,33.77709],[-93.10813,33.67275],[-93.10999,33.61341],[-93.11263,33.55483],[-93.11633,33.45292]]]},"properties":{"STATEFP":"05","COUNTYFP":"103","COUNTYNS":"00069170","GEOIDFQ":"0500000US05103","GEOID":"05103","NAME":"Ouachita","NAMELSAD":"Ouachita County","STUSPS":"AR","STATE_NAME":"Arkansas","LSAD":"06","ALAND":1897739679,"AWATER":18183261}},
{"type":"Feature","geometry":{"type":"Polygon","coordinates":[[[-93.82308,34.00889],[-93.82298,34.07473],[-93.82072,34.1838],[-93.92585,34.18653],[-93.92438,34.26296],[-93.93701,34.26302],[-93.93543,34.35023],[-94.04283,34.35215],[-94.25466,34.35579],[-94.25626,34.26922],[-94.24389,34.26905],[-94.24379,34.1925],[-94.15657,34.19226],[-94.09834,34.19112],[-94.08967,34.1866],[-94.09091,34.18004],[-94.09577,34.17939],[-94.09636,34.16331],[-94.10112,34.15812],[-94.09133,34.15648],[-94.09214,34.14937],[-94.09817,34.14447],[-94.10094,34.13446],[-94.09176,34.13277],[-94.08047,34.12562],[-94.09347,34.11215],[-94.08722,34.1042],[-94.08262,34.10323],[-94.0862,34.0896],[-94.09004,34.08085],[-94.09526,34.07809],[-94.0859,34.07295],[-94.08305,34.06947],[-94.07627,34.07239],[-94.07418,34.06392],[-94.083,34.06195],[-94.08694,34.0536],[-94.08258,34.04897],[-94.08535,34.04447],[-94.08676,34.03478],[-94.08566,34.02841],[-94.07831,34.0146],[-94.07086,34.01068],[-94.07297,34.00188],[-94.06669,33.99747],[-94.06495,33.97342],[-94.0599,33.96907],[-94.06031,33.96097],[-94.0671,33.95526],[-94.06528,33.95053],[-94.06656,33.9436],[-94.06996,33.94167],[-94.06688,33.93235],[-94.07028,33.92723],[-94.06024,33.90777],[-94.05332,33.90387],[-94.05468,33.89517],[-94.05053,33.89014],[-94.04887,33.88219],[-94.03113,33.87555],[-94.02282,33.87422],[-94.01705,33.86775],[-94.02179,33.85731],[-94.00655,33.84459],[-94.00148,33.83825],[-94.00323,33.83461],[-93.99423,33.83088],[-93.98717,33.82075],[-93.97849,33.81483],[-93.97079,33.80086],[-93.96433,33.79491],[-93.96661,33.78744],[-93.96029,33.78547],[-93.96479,33.77672],[-93.96906,33.77392],[-93.96906,33.76617],[-93.95932,33.75513],[-93.95891,33.75106],[-93.95695,33.75093],[-93.89315,33.74907],[-93.83158,33.74824],[-93.82865,33.83442],[-93.82735,33.86359],[-93.82308,34.00889]]]},"properties":{"STATEFP":"05","COUNTYFP":"061","COUNTYNS":"00066872","GEOIDFQ":"0500000US05061","GEOID":"05061","NAME":"Howard","NAMELSAD":"Howard County","STUSPS":"AR","STATE_NAME":"Arkansas","LSAD":"06","ALAND":1521182023,"AWATER":21361761}},
{"type":"Feature","geometry":{"type":"Polygon","coordinates":[[[-92.33092,33.70775],[-92.33302,33.71114],[-92.33031,33.7212],[-92.33624,33.72789],[-92.33285,33.73187],[-92.33946,33.73685],[-92.34161,33.74586],[-92.33381,33.75897],[-92.33428,33.76569],[-92.32864,33.77266],[-92.32712,33.77778],[-92.33177,33.78132],[-92.33167,33.78825],[-92.33425,33.79507],[-92.37871,33.79688],[-92.48104,33.79953],[-92.58303,33.8023],[-92.58532,33.73646],[-92.59112,33.7261],[-92.59713,33.72543],[-92.60004,33.71502],[-92.60649,33.70567],[-92.61717,33.70309],[-92.62026,33.69787],[-92.63339,33.69285],[-92.63645,33.68504],[-92.64687,33.66928],[-92.64798,33.66371],[-92.65257,33.66075],[-92.65967,33.66105],[-92.67381,33.65784],[-92.6826,33.65997],[-92.69805,33.65113],[-92.70395,33.64932],[-92.71396,33.65495],[-92.72359,33.6519],[-92.72717,33.64799],[-92.72608,33.64038],[-92.73125,33.63534],[-92.73497,33.61966],[-92.73161,33.61383],[-92.72422,33.6084],[-92.71428,33.60522],[-92.71025,33.59457],[-92.71011,33.58156],[-92.71133,33.57144],[-92.71371,33.56695],[-92.7149,33.55659],[-92.71877,33.55182],[-92.72664,33.55805],[-92.72693,33.56372],[-92.74108,33.55632],[-92.74677,33.54497],[-92.75168,33.5441],[-92.75933,33.5523],[-92.7651,33.55318],[-92.77505,33.54564],[-92.7763,33.53717],[-92.76929,33.53309],[-92.76166,33.53281],[-92.76384,33.52574],[-92.76227,33.5183],[-92.77297,33.51144],[-92.76152,33.50353],[-92.76464,33.49908],[-92.76519,33.49219],[-92.75693,33.48851],[-92.75218,33.48401],[-92.74096,33.48398],[-92.73575,33.48858],[-92.72127,33.48861],[-92.71646,33.48287],[-92.7215,33.47442],[-92.72064,33.46738],[-92.72365,33.4596],[-92.71659,33.45694],[-92.7148,33.45145],[-92.70257,33.45386],[-92.70722,33.44566],[-92.70464,33.43084],[-92.68692,33.43173],[-92.67151,33.43113],[-92.66506,33.43453],[-92.65546,33.43544],[-92.65107,33.43108],[-92.65377,33.42287],[-92.64272,33.42427],[-92.64661,33.41718],[-92.63602,33.41519],[-92.63455,33.40585],[-92.6432,33.40704],[-92.64674,33.40374],[-92.64539,33.39796],[-92.63578,33.39755],[-92.62511,33.40344],[-92.62154,33.40791],[-92.61396,33.40825],[-92.6121,33.40441],[-92.60048,33.40167],[-92.59172,33.40326],[-92.58569,33.39833],[-92.58313,33.39088],[-92.58616,33.38496],[-92.58145,33.37488],[-92.57364,33.37314],[-92.56703,33.37775],[-92.56716,33.3672],[-92.55919,33.36165],[-92.54654,33.36568],[-92.54644,33.35946],[-92.5326,33.35311],[-92.53544,33.34822],[-92.52907,33.34394],[-92.52684,33.33252],[-92.52042,33.3333],[-92.52675,33.32066],[-92.52424,33.31694],[-92.49989,33.32762],[-92.49196,33.32016],[-92.4784,33.32736],[-92.47315,33.32038],[-92.47233,33.31536],[-92.46684,33.31523],[-92.46206,33.32025],[-92.45885,33.31485],[-92.47069,33.30574],[-92.45957,33.30261],[-92.47304,33.29366],[-92.46218,33.28713],[-92.45289,33.28742],[-92.44633,33.28191],[-92.44529,33.27445],[-92.43145,33.27454],[-92.43031,33.26974],[-92.42053,33.27353],[-92.40415,33.27459],[-92.39719,33.27703],[-92.38008,33.27875],[-92.3756,33.28122],[-92.37141,33.28801],[-92.36026,33.29307],[-92.35948,33.30048],[-92.35028,33.29884],[-92.35745,33.30718],[-92.36531,33.30571],[-92.36974,33.31116],[-92.37868,33.31484],[-92.38015,33.3255],[-92.37691,33.33765],[-92.38128,33.33772],[-92.3817,33.34638],[-92.37583,33.36544],[-92.37241,33.36843],[-92.37619,33.37698],[-92.36783,33.38067],[-92.35987,33.37975],[-92.35995,33.38502],[-92.35579,33.39454],[-92.356,33.40093],[-92.34596,33.4132],[-92.34143,33.41455],[-92.33872,33.42366],[-92.34064,33.43017],[-92.33408,33.44086],[-92.32996,33.44214],[-92.32678,33.45271],[-92.32864,33.45877],[-92.32025,33.46884],[-92.31935,33.47524],[-92.32246,33.4811],[-92.31349,33.49295],[-92.31105,33.49987],[-92.31667,33.51145],[-92.3177,33.51986],[-92.32301,33.52443],[-92.32042,33.53777],[-92.31731,33.54106],[-92.31593,33.55323],[-92.31904,33.56406],[-92.32419,33.57244],[-92.32095,33.58557],[-92.32536,33.59336],[-92.32849,33.60391],[-92.32922,33.61235],[-92.32765,33.61864],[-92.32074,33.6341],[-92.3234,33.64],[-92.32053,33.64672],[-92.32404,33.65019],[-92.32661,33.6646],[-92.32153,33.67373],[-92.3201,33.68233],[-92.32252,33.6889],[-92.32902,33.69486],[-92.33092,33.70775]]]},"properties":{"STATEFP":"05","COUNTYFP":"013","COUNTYNS":"00063758","GEOIDFQ":"0500000US05013","GEOID":"05013","NAME":"Calhoun","NAMELSAD":"Calhoun County","STUSPS":"AR","STATE_NAME":"Arkansas","LSAD":"06","ALAND":1628067844,"AWATER":9887802}},
{"type":"Feature","geometry":{"type":"Polygon","coordinates":[[[-91.37782,34.56348],[-91.29161,34.56176],[-91.29414,34.55113],[-91.29307,34.54583],[-91.30147,34.53526],[-91.29685,34.53083],[-91.29079,34.52955],[-91.27878,34.5308],[-91.27153,34.52755],[-91.26322,34.52773],[-91.26135,34.51325],[-91.26683,34.50518],[-91.26455,34.50229],[-91.25674,34.50346],[-91.25118,34.49902],[-91.25509,34.49296],[-91.25012,34.48698],[-91.2421,34.48799],[-91.23156,34.48019],[-91.22275,34.48078],[-91.21557,34.48714],[-91.20907,34.48089],[-91.21427,34.47573],[-91.21632,34.46943],[-91.22267,34.46385],[-91.22088,34.46046],[-91.2138,34.46067],[-91.20696,34.45675],[-91.20888,34.45087],[-91.22025,34.45358],[-91.21873,34.44382],[-91.21362,34.44167],[-91.20145,34.44526],[-91.19219,34.43985],[-91.18852,34.44109],[-91.18191,34.45034],[-91.17485,34.45064],[-91.16961,34.43999],[-91.17029,34.43457],[-91.1616,34.43542],[-91.15917,34.4271],[-91.15392,34.42201],[-91.15655,34.41741],[-91.16542,34.41832],[-91.16638,34.41304],[-91.15641,34.40827],[-91.14775,34.40159],[-91.13926,34.40282],[-91.12963,34.38564],[-91.13069,34.38108],[-91.12512,34.37783],[-91.1166,34.36956],[-91.10595,34.36603],[-91.10776,34.3534],[-91.09534,34.35012],[-91.09395,34.34465],[-91.08242,34.34487],[-91.07962,34.34792],[-91.06801,34.33793],[-91.05634,34.33665],[-91.00272,34.33636],[-91.00197,34.38506],[-91.00032,34.46939],[-91.05477,34.47083],[-91.05237,34.60151],[-91.05201,34.64572],[-91.05012,34.70404],[-91.04947,34.73418],[-91.10254,34.73486],[-91.10089,34.80834],[-91.10003,34.86713],[-91.11741,34.86714],[-91.1166,34.91064],[-91.11722,34.91181],[-91.15246,34.91185],[-91.1523,34.92548],[-91.14975,35.00247],[-91.21545,35.00338],[-91.23736,35.00429],[-91.23814,34.98481],[-91.29314,34.98523],[-91.29471,34.91246],[-91.36866,34.91266],[-91.36837,34.90088],[-91.37638,34.89972],[-91.38058,34.90451],[-91.38643,34.90204],[-91.38342,34.89568],[-91.37238,34.89641],[-91.3675,34.88761],[-91.36033,34.88037],[-91.34448,34.87153],[-91.35286,34.86728],[-91.35902,34.86972],[-91.36478,34.86711],[-91.3607,34.86192],[-91.36339,34.85706],[-91.35988,34.84629],[-91.36222,34.84315],[-91.37315,34.84222],[-91.37714,34.8343],[-91.37603,34.82883],[-91.37061,34.82484],[-91.37162,34.7827],[-91.37327,34.7376],[-91.3738,34.69512],[-91.37476,34.66596],[-91.44698,34.66753],[-91.44789,34.60914],[-91.41226,34.60858],[-91.41262,34.59383],[-91.37698,34.59287],[-91.37782,34.56348]]]},"properties":{"STATEFP":"05","COUNTYFP":"095","COUNTYNS":"00069167","GEOIDFQ":"0500000US05095","GEOID":"05095","NAME":"Monroe","NAMELSAD":"Monroe County","STUSPS":"AR","STATE_NAME":"Arkansas","LSAD":"06","ALAND":1573316559,"AWATER":35707672}},
{"type":"Feature","geometry":{"type":"Polygon","coordinates":[[[-90.95558,34.11888],[-90.96104,34.13051],[-90.95864,34.13548],[-90.93661,34.14937],[-90.92288,34.15584],[-90.91001,34.16551],[-90.89438,34.16095],[-90.88198,34.15091],[-90.86862,34.14252],[-90.86045,34.13919],[-90.84717,34.13688],[-90.8361,34.13788],[-90.82259,34.14405],[-90.81588,34.14988],[-90.80756,34.16182],[-90.80868,34.17588],[-90.81657,34.18302],[-90.82839,34.18478],[-90.8382,34.1838],[-90.85441,34.18683],[-90.86975,34.18284],[-90.87747,34.18563],[-90.88756,34.18241],[-90.91442,34.19573],[-90.92554,34.20699],[-90.93454,34.21785],[-90.93715,34.23261],[-90.93555,34.23785],[-90.92901,34.24454],[-90.92315,34.24653],[-90.90633,34.24438],[-90.90008,34.22962],[-90.89658,34.2258],[-90.88134,34.21638],[-90.86472,34.21175],[-90.85641,34.21132],[-90.84715,34.20613],[-90.83949,34.21616],[-90.84054,34.23803],[-90.83501,34.25864],[-90.83363,34.27407],[-90.82962,34.27857],[-90.81674,34.28065],[-90.79755,34.27608],[-90.78454,34.2716],[-90.76562,34.26951],[-90.75293,34.27461],[-90.73802,34.28928],[-90.73515,34.30256],[-90.7364,34.31207],[-90.74277,34.3213],[-90.75529,34.33442],[-90.76513,34.34251],[-90.76869,34.34778],[-90.76923,34.35843],[-90.76439,34.36368],[-90.7573,34.36739],[-90.74964,34.36815],[-90.72053,34.36081],[-90.70106,34.36252],[-90.6786,34.37112],[-90.67616,34.36956],[-90.6815,34.3526],[-90.69155,34.33862],[-90.69369,34.32968],[-90.69313,34.32257],[-90.686,34.31577],[-90.6781,34.31303],[-90.66934,34.31302],[-90.66139,34.3154],[-90.65749,34.32223],[-90.6604,34.33576],[-90.66686,34.34857],[-90.66679,34.35582],[-90.65535,34.37185],[-90.65854,34.37571],[-90.65146,34.38275],[-90.64091,34.38886],[-90.63081,34.39008],[-90.61351,34.39028],[-90.59801,34.39819],[-90.58623,34.40917],[-90.58092,34.41986],[-90.57769,34.43097],[-90.58258,34.44073],[-90.58738,34.45483],[-90.5931,34.47732],[-90.59266,34.49058],[-90.58129,34.51561],[-90.5747,34.52176],[-90.56653,34.52441],[-90.55295,34.5313],[-90.54253,34.54015],[-90.53962,34.55393],[-90.54049,34.55787],[-90.54936,34.56926],[-90.57376,34.59213],[-90.5872,34.6109],[-90.59114,34.6192],[-90.59093,34.62875],[-90.58732,34.64136],[-90.75025,34.64232],[-90.76806,34.64258],[-90.92714,34.64384],[-91.05201,34.64572],[-91.05237,34.60151],[-91.05477,34.47083],[-91.00032,34.46939],[-91.00197,34.38506],[-91.00272,34.33636],[-91.05634,34.33665],[-91.05319,34.33215],[-91.05651,34.32629],[-91.05622,34.31851],[-91.05212,34.31326],[-91.05486,34.30949],[-91.06473,34.3104],[-91.06046,34.30317],[-91.06123,34.29662],[-91.06886,34.29832],[-91.07291,34.29626],[-91.07342,34.28814],[-91.07766,34.28332],[-91.07343,34.27682],[-91.07517,34.26765],[-91.07132,34.26525],[-91.06284,34.25471],[-91.06883,34.25006],[-91.07878,34.24835],[-91.0746,34.24332],[-91.06652,34.24024],[-91.06654,34.22413],[-91.06063,34.21677],[-91.06947,34.21169],[-91.07021,34.20248],[-91.07508,34.19711],[-91.08801,34.20132],[-91.09416,34.18658],[-91.08788,34.18249],[-91.09375,34.17771],[-91.08318,34.16124],[-91.09026,34.15616],[-91.08367,34.14581],[-91.08467,34.14101],[-91.09568,34.1408],[-91.09835,34.13239],[-91.10199,34.12901],[-91.11081,34.13119],[-91.11792,34.11904],[-90.95828,34.11852],[-90.95558,34.11888]]]},"properties":{"STATEFP":"05","COUNTYFP":"107","COUNTYNS":"00069172","GEOIDFQ":"0500000US05107","GEOID":"05107","NAME":"Phillips","NAMELSAD":"Phillips County","STUSPS":"AR","STATE_NAME":"Arkansas","LSAD":"06","ALAND":1788024156,"AWATER":95966883}},
{"type":"Feature","geometry":{"type":"Polygon","coordinates":[[[-91.70525,34.48273],[-91.70723,34.39495],[-91.71025,34.29445],[-91.71167,34.23386],[-91.68671,34.2334],[-91.60747,34.23042],[-91.59911,34.23148],[-91.5928,34.22869],[-91.59718,34.21681],[-91.59013,34.21218],[-91.57742,34.22045],[-91.57675,34.22314],[-91.55604,34.22548],[-91.55042,34.22244],[-91.54018,34.2246],[-91.52841,34.21537],[-91.52773,34.20957],[-91.53069,34.20219],[-91.52612,34.19779],[-91.52357,34.19119],[-91.5274,34.18332],[-91.52322,34.18144],[-91.51903,34.17457],[-91.51503,34.17249],[-91.52075,34.16411],[-91.51511,34.15706],[-91.51302,34.14204],[-91.50684,34.14323],[-91.50209,34.14924],[-91.49481,34.14898],[-91.49679,34.13062],[-91.49326,34.12732],[-91.48062,34.13121],[-91.47838,34.13447],[-91.46352,34.13569],[-91.45193,34.13387],[-91.45089,34.12828],[-91.44611,34.12796],[-91.44822,34.1211],[-91.44061,34.10601],[-91.44213,34.10371],[-91.43941,34.09264],[-91.43539,34.08939],[-91.43655,34.08392],[-91.44507,34.08058],[-91.43578,34.07039],[-91.43349,34.06119],[-91.43361,34.0474],[-91.43867,34.03018],[-91.43277,34.01897],[-91.42198,34.01172],[-91.40695,34.00203],[-91.39618,33.98609],[-91.39186,33.98162],[-91.38455,33.97911],[-91.37334,33.98216],[-91.3692,33.9861],[-91.36237,34.00017],[-91.35872,34.00378],[-91.34964,34.00306],[-91.34408,33.9969],[-91.33635,33.98351],[-91.32647,33.98636],[-91.32804,33.99556],[-91.33152,34.00184],[-91.34014,34.01072],[-91.33525,34.01702],[-91.32775,34.0153],[-91.31943,34.00614],[-91.31838,34.00056],[-91.31093,33.98204],[-91.31205,33.97464],[-91.31919,33.96789],[-91.32573,33.96695],[-91.33769,33.97354],[-91.34765,33.97125],[-91.35594,33.96537],[-91.35529,33.95823],[-91.34775,33.95487],[-91.33012,33.9582],[-91.31868,33.9584],[-91.30715,33.96063],[-91.29125,33.96861],[-91.29191,33.95852],[-91.28663,33.9502],[-91.27573,33.94233],[-91.26823,33.94274],[-91.26247,33.95728],[-91.25186,33.95678],[-91.23756,33.97537],[-91.23024,33.97779],[-91.2317,33.96205],[-91.23701,33.95785],[-91.23945,33.94917],[-91.23294,33.94055],[-91.22769,33.94162],[-91.22342,33.94988],[-91.21553,33.95462],[-91.20207,33.95315],[-91.19106,33.95429],[-91.17901,33.95871],[-91.17018,33.9587],[-91.16455,33.95387],[-91.16179,33.9435],[-91.17325,33.93172],[-91.17346,33.92527],[-91.16422,33.92129],[-91.16106,33.92657],[-91.15196,33.93009],[-91.14077,33.92788],[-91.14103,33.93191],[-91.1515,33.93735],[-91.14962,33.94276],[-91.14206,33.94473],[-91.14216,33.94841],[-91.15095,33.95096],[-91.14907,33.95513],[-91.13918,33.95548],[-91.13565,33.96202],[-91.14298,33.96762],[-91.14744,33.97441],[-91.15881,33.97899],[-91.15691,33.99356],[-91.16225,34.00584],[-91.16986,34.01459],[-91.18437,34.01753],[-91.18357,34.02761],[-91.18602,34.03164],[-91.19525,34.03532],[-91.19697,34.04885],[-91.19536,34.05417],[-91.18781,34.06205],[-91.19286,34.06816],[-91.19163,34.07348],[-91.18327,34.08397],[-91.17437,34.08849],[-91.16769,34.09433],[-91.16213,34.09151],[-91.15791,34.0859],[-91.1522,34.08469],[-91.14816,34.08773],[-91.14876,34.10017],[-91.14126,34.10166],[-91.14397,34.10597],[-91.14025,34.11152],[-91.133,34.10733],[-91.1225,34.10792],[-91.11792,34.11904],[-91.11081,34.13119],[-91.10199,34.12901],[-91.09835,34.13239],[-91.09568,34.1408],[-91.08467,34.14101],[-91.08367,34.14581],[-91.09026,34.15616],[-91.08318,34.16124],[-91.09375,34.17771],[-91.08788,34.18249],[-91.09416,34.18658],[-91.08801,34.20132],[-91.07508,34.19711],[-91.07021,34.20248],[-91.06947,34.21169],[-91.06063,34.21677],[-91.06654,34.22413],[-91.06652,34.24024],[-91.0746,34.24332],[-91.07878,34.24835],[-91.06883,34.25006],[-91.06284,34.25471],[-91.07132,34.26525],[-91.07517,34.26765],[-91.07343,34.27682],[-91.07766,34.28332],[-91.07342,34.28814],[-91.07291,34.29626],[-91.06886,34.29832],[-91.06123,34.29662],[-91.06046,34.30317],[-91.06473,34.3104],[-91.05486,34.30949],[-91.05212,34.31326],[-91.05622,34.31851],[-91.05651,34.32629],[-91.05319,34.33215],[-91.05634,34.33665],[-91.06801,34.33793],[-91.07962,34.34792],[-91.08242,34.34487],[-91.09395,34.34465],[-91.09534,34.35012],[-91.10776,34.3534],[-91.10595,34.36603],[-91.1166,34.36956],[-91.12512,34.37783],[-91.13069,34.38108],[-91.12963,34.38564],[-91.13926,34.40282],[-91.14775,34.40159],[-91.15641,34.40827],[-91.16638,34.41304],[-91.16542,34.41832],[-91.15655,34.41741],[-91.15392,34.42201],[-91.15917,34.4271],[-91.1616,34.43542],[-91.17029,34.43457],[-91.16961,34.43999],[-91.17485,34.45064],[-91.18191,34.45034],[-91.18852,34.44109],[-91.19219,34.43985],[-91.20145,34.44526],[-91.21362,34.44167],[-91.21873,34.44382],[-91.22025,34.45358],[-91.20888,34.45087],[-91.20696,34.45675],[-91.2138,34.46067],[-91.22088,34.46046],[-91.22267,34.46385],[-91.21632,34.46943],[-91.21427,34.47573],[-91.20907,34.48089],[-91.21557,34.48714],[-91.22275,34.48078],[-91.23156,34.48019],[-91.2421,34.48799],[-91.25012,34.48698],[-91.25509,34.49296],[-91.25118,34.49902],[-91.25674,34.50346],[-91.26455,34.50229],[-91.26683,34.50518],[-91.26135,34.51325],[-91.26322,34.52773],[-91.27153,34.52755],[-91.27878,34.5308],[-91.29079,34.52955],[-91.29685,34.53083],[-91.30147,34.53526],[-91.29307,34.54583],[-91.29414,34.55113],[-91.29161,34.56176],[-91.37782,34.56348],[-91.48581,34.56561],[-91.59443,34.56805],[-91.59593,34.48051],[-91.61602,34.47954],[-91.64902,34.48026],[-91.67822,34.48191],[-91.70525,34.48273]]]},"properties":{"STATEFP":"05","COUNTYFP":"001","COUNTYNS":"00063755","GEOIDFQ":"0500000US05001","GEOID":"05001","NAME":"Arkansas","NAMELSAD":"Arkansas County","STUSPS":"AR","STATE_NAME":"Arkansas","LSAD":"06","ALAND":2569631426,"AWATER":120698186}},
{"type":"Feature","geometry":{"type":"Polygon","coordinates":[[[-91.03963,35.35426],[-91.17766,35.35697],[-91.19902,35.35673],[-91.25155,35.35756],[-91.25302,35.42956],[-91.25301,35.44578],[-91.35033,35.44504],[-91.34726,35.43911],[-91.35716,35.43028],[-91.34532,35.42327],[-91.34851,35.41248],[-91.35739,35.40855],[-91.36377,35.41606],[-91.36277,35.42886],[-91.36888,35.42874],[-91.37221,35.4202],[-91.36781,35.41269],[-91.36844,35.4083],[-91.38967,35.39611],[-91.39902,35.39435],[-91.40029,35.39086],[-91.39207,35.38613],[-91.38415,35.37895],[-91.38739,35.37411],[-91.39219,35.37508],[-91.39857,35.38175],[-91.4064,35.38639],[-91.42568,35.37508],[-91.42208,35.36915],[-91.41391,35.36899],[-91.40941,35.36496],[-91.41102,35.36091],[-91.41788,35.36191],[-91.42836,35.37008],[-91.43383,35.37191],[-91.43845,35.3689],[-91.43318,35.36178],[-91.42462,35.36071],[-91.42349,35.35604],[-91.42887,35.35079],[-91.44226,35.3486],[-91.4447,35.34466],[-91.43951,35.33868],[-91.43303,35.33866],[-91.42642,35.33529],[-91.42474,35.33069],[-91.42972,35.3183],[-91.43903,35.30183],[-91.43464,35.29369],[-91.42869,35.29314],[-91.41266,35.30282],[-91.41117,35.29341],[-91.41184,35.26484],[-91.40055,35.26465],[-91.3996,35.25968],[-91.39195,35.25229],[-91.3858,35.25148],[-91.37973,35.25563],[-91.37924,35.26651],[-91.37131,35.26408],[-91.37257,35.25567],[-91.38299,35.24837],[-91.38613,35.24417],[-91.38912,35.23379],[-91.38725,35.22988],[-91.37898,35.2253],[-91.38273,35.22012],[-91.38919,35.22313],[-91.39321,35.21863],[-91.38366,35.2175],[-91.37973,35.21444],[-91.38931,35.20508],[-91.38981,35.19999],[-91.37949,35.19814],[-91.37809,35.19097],[-91.38416,35.18765],[-91.39286,35.19243],[-91.39599,35.19766],[-91.39571,35.2089],[-91.40235,35.21489],[-91.40777,35.21274],[-91.41166,35.19657],[-91.41621,35.1927],[-91.42763,35.19369],[-91.43147,35.19092],[-91.42417,35.17989],[-91.43292,35.16911],[-91.44163,35.1654],[-91.45402,35.16993],[-91.4595,35.16713],[-91.46315,35.16111],[-91.45875,35.15502],[-91.43371,35.15223],[-91.43515,35.14565],[-91.42909,35.13651],[-91.43918,35.13546],[-91.44649,35.14114],[-91.45085,35.14054],[-91.45115,35.13437],[-91.44683,35.12625],[-91.43889,35.11844],[-91.44429,35.10968],[-91.44352,35.10443],[-91.43443,35.10605],[-91.43048,35.11104],[-91.4243,35.10703],[-91.4269,35.10263],[-91.45262,35.10161],[-91.45367,35.09814],[-91.45,35.08892],[-91.46527,35.08946],[-91.46796,35.08386],[-91.45832,35.08033],[-91.44812,35.06663],[-91.45778,35.06363],[-91.46401,35.06405],[-91.47322,35.06771],[-91.47895,35.06105],[-91.47585,35.05637],[-91.4612,35.05204],[-91.43864,35.05995],[-91.44169,35.05223],[-91.36379,35.05195],[-91.3647,35.00723],[-91.36661,35.00714],[-91.36866,34.91266],[-91.29471,34.91246],[-91.29314,34.98523],[-91.23814,34.98481],[-91.23736,35.00429],[-91.21545,35.00338],[-91.14975,35.00247],[-91.04544,35.00105],[-91.04375,35.10399],[-91.04257,35.14819],[-91.04096,35.22936],[-91.03991,35.29519],[-91.03963,35.35426]]]},"properties":{"STATEFP":"05","COUNTYFP":"147","COUNTYNS":"00069907","GEOIDFQ":"0500000US05147","GEOID":"05147","NAME":"Woodruff","NAMELSAD":"Woodruff County","STUSPS":"AR","STATE_NAME":"Arkansas","LSAD":"06","ALAND":1517662707,"AWATER":21064563}},
{"type":"Feature","geometry":{"type":"Polygon","coordinates":[[[-92.03025,34.48954],[-92.14373,34.49156],[-92.20804,34.49281],[-92.20928,34.4101],[-92.20961,34.40557],[-92.21004,34.34729],[-92.21109,34.3181],[-92.21283,34.2304],[-92.23246,34.23094],[-92.23237,34.14917],[-92.2333,34.06237],[-92.13197,34.06373],[-92.05925,34.06345],[-91.95368,34.06416],[-91.95366,34.09344],[-91.84968,34.0932],[-91.79786,34.09475],[-91.74509,34.09402],[-91.74473,34.06498],[-91.72671,34.06511],[-91.72653,34.15207],[-91.72738,34.17528],[-91.71668,34.17619],[-91.70132,34.17444],[-91.6952,34.17128],[-91.65849,34.14845],[-91.64927,34.13846],[-91.63536,34.13436],[-91.62511,34.12924],[-91.61438,34.12805],[-91.59801,34.1329],[-91.58996,34.13337],[-91.58239,34.12513],[-91.58982,34.12025],[-91.60105,34.11865],[-91.60571,34.1144],[-91.61061,34.09648],[-91.60643,34.08899],[-91.59801,34.08563],[-91.58969,34.08628],[-91.57787,34.09332],[-91.56977,34.10127],[-91.56362,34.10468],[-91.55414,34.10577],[-91.54582,34.10462],[-91.53318,34.09996],[-91.52867,34.09628],[-91.51352,34.07814],[-91.50069,34.07286],[-91.49035,34.0745],[-91.49046,34.06318],[-91.48184,34.0586],[-91.46691,34.0616],[-91.46222,34.06497],[-91.46013,34.07224],[-91.46524,34.08012],[-91.46226,34.08547],[-91.4534,34.08558],[-91.44507,34.08058],[-91.43655,34.08392],[-91.43539,34.08939],[-91.43941,34.09264],[-91.44213,34.10371],[-91.44061,34.10601],[-91.44822,34.1211],[-91.44611,34.12796],[-91.45089,34.12828],[-91.45193,34.13387],[-91.46352,34.13569],[-91.47838,34.13447],[-91.48062,34.13121],[-91.49326,34.12732],[-91.49679,34.13062],[-91.49481,34.14898],[-91.50209,34.14924],[-91.50684,34.14323],[-91.51302,34.14204],[-91.51511,34.15706],[-91.52075,34.16411],[-91.51503,34.17249],[-91.51903,34.17457],[-91.52322,34.18144],[-91.5274,34.18332],[-91.52357,34.19119],[-91.52612,34.19779],[-91.53069,34.20219],[-91.52773,34.20957],[-91.52841,34.21537],[-91.54018,34.2246],[-91.55042,34.22244],[-91.55604,34.22548],[-91.57675,34.22314],[-91.57742,34.22045],[-91.59013,34.21218],[-91.59718,34.21681],[-91.5928,34.22869],[-91.59911,34.23148],[-91.60747,34.23042],[-91.68671,34.2334],[-91.71167,34.23386],[-91.71025,34.29445],[-91.70723,34.39495],[-91.70525,34.48273],[-91.81515,34.48424],[-91.92189,34.48801],[-92.03025,34.48954]]]},"properties":{"STATEFP":"05","COUNTYFP":"069","COUNTYNS":"00066862","GEOIDFQ":"0500000US05069","GEOID":"05069","NAME":"Jefferson","NAMELSAD":"Jefferson County","STUSPS":"AR","STATE_NAME":"Arkansas","LSAD":"06","ALAND":2259364694,"AWATER":113071690}},
{"type":"Feature","geometry":{"type":"Polygon","coordinates":[[[-90.14006,35.43667],[-90.12943,35.44212],[-90.12002,35.4666],[-90.10772,35.47693],[-90.08803,35.47858],[-90.07901,35.47687],[-90.0678,35.46622],[-90.06721,35.46096],[-90.07133,35.45034],[-90.07408,35.43398],[-90.07055,35.42329],[-90.06202,35.41518],[-90.06953,35.40813],[-90.05432,35.38928],[-90.04486,35.39296],[-90.04404,35.39672],[-90.05678,35.40386],[-90.04809,35.41174],[-90.02119,35.42023],[-90.00267,35.43053],[-90.00403,35.44325],[-90.0068,35.45325],[-90.01192,35.4626],[-90.01965,35.47312],[-90.03511,35.48271],[-90.04398,35.49438],[-90.04768,35.50261],[-90.05015,35.51564],[-90.04909,35.52226],[-90.04215,35.53656],[-90.03985,35.54706],[-90.0345,35.55263],[-90.0239,35.55634],[-90.0179,35.55603],[-90.00829,35.56007],[-89.99893,35.56114],[-89.98936,35.56004],[-89.97631,35.55387],[-89.9585,35.5417],[-89.95564,35.53452],[-89.95875,35.52384],[-89.9351,35.51547],[-89.92889,35.51237],[-89.9185,35.51138],[-89.90893,35.51424],[-89.90237,35.52504],[-89.9044,35.53589],[-89.9097,35.53795],[-89.91288,35.54909],[-89.9291,35.55154],[-89.94199,35.5569],[-89.95419,35.57583],[-89.95787,35.58489],[-89.95659,35.59062],[-89.95115,35.59749],[-89.93249,35.60801],[-89.91962,35.61224],[-89.91127,35.61759],[-89.89979,35.61506],[-89.89026,35.61642],[-89.87285,35.62776],[-89.85662,35.63444],[-89.85389,35.63826],[-89.85086,35.65021],[-89.85118,35.65743],[-89.85857,35.66893],[-89.86689,35.6702],[-89.87645,35.66673],[-89.88698,35.65364],[-89.89892,35.6509],[-89.90615,35.65115],[-89.91928,35.6553],[-89.93447,35.66494],[-89.94033,35.67341],[-89.95038,35.68275],[-89.95672,35.69428],[-89.95834,35.72656],[-89.95376,35.731],[-89.9447,35.73543],[-89.93827,35.74393],[-89.9062,35.75894],[-89.89411,35.75084],[-89.88907,35.75106],[-89.87101,35.75622],[-89.86306,35.75713],[-89.85236,35.75543],[-89.85047,35.74685],[-89.83896,35.74214],[-89.82545,35.74519],[-89.80073,35.75715],[-89.79895,35.75936],[-89.79953,35.77378],[-89.79692,35.78137],[-89.79956,35.78833],[-89.79632,35.79281],[-89.78166,35.80523],[-89.75843,35.81044],[-89.73427,35.80336],[-89.72817,35.8027],[-89.71615,35.80793],[-89.6965,35.82058],[-89.6935,35.83173],[-89.69741,35.83668],[-89.72369,35.8461],[-89.74942,35.85296],[-89.76852,35.86053],[-89.77427,35.87082],[-89.77167,35.88368],[-89.76724,35.89085],[-89.74313,35.91118],[-89.72779,35.91124],[-89.71493,35.90625],[-89.69323,35.89072],[-89.67638,35.8767],[-89.66908,35.87451],[-89.65792,35.87674],[-89.64562,35.88583],[-89.64205,35.89557],[-89.641,35.90699],[-89.64431,35.92094],[-89.65027,35.92766],[-89.66478,35.93474],[-89.67548,35.94159],[-89.69591,35.95073],[-89.71401,35.95981],[-89.72168,35.96767],[-89.72403,35.9808],[-89.72292,35.98906],[-89.7311,35.99662],[-89.73306,36.00081],[-89.87559,35.99956],[-90.10384,35.99814],[-90.12733,35.99764],[-90.28908,35.99642],[-90.28723,35.88526],[-90.28671,35.81618],[-90.2872,35.8089],[-90.28726,35.72864],[-90.28679,35.69991],[-90.2863,35.65607],[-90.2871,35.6274],[-90.28691,35.52555],[-90.28693,35.43844],[-90.14006,35.43667]]]},"properties":{"STATEFP":"05","COUNTYFP":"093","COUNTYNS":"00069899","GEOIDFQ":"0500000US05093","GEOID":"05093","NAME":"Mississippi","NAMELSAD":"Mississippi County","STUSPS":"AR","STATE_NAME":"Arkansas","LSAD":"06","ALAND":2336409875,"AWATER":72224609}},
{"type":"Feature","geometry":{"type":"Polygon","coordinates":[[[-92.11975,35.06656],[-92.08905,35.06478],[-92.08018,35.06846],[-92.07512,35.07505],[-92.0631,35.07448],[-92.05383,35.06749],[-92.04285,35.06873],[-92.0349,35.07321],[-92.03006,35.07136],[-92.02163,35.07227],[-92.01292,35.07632],[-92.00836,35.06807],[-91.99972,35.06394],[-91.99663,35.05965],[-91.99134,35.06145],[-91.98063,35.05809],[-91.97035,35.04966],[-91.9652,35.05163],[-91.95744,35.05014],[-91.9494,35.04453],[-91.93585,35.04621],[-91.92534,35.04592],[-91.9181,35.04135],[-91.91743,35.03804],[-91.90399,35.0307],[-91.89235,35.03226],[-91.88013,35.02535],[-91.869,35.02406],[-91.84976,35.02773],[-91.84317,35.02707],[-91.83595,35.03052],[-91.83215,35.02837],[-91.82428,35.03218],[-91.80251,35.0307],[-91.80236,35.04053],[-91.79268,35.04023],[-91.78119,35.0433],[-91.77794,35.0471],[-91.77111,35.04713],[-91.76599,35.05001],[-91.76103,35.04798],[-91.74445,35.04709],[-91.71821,35.05774],[-91.7082,35.06253],[-91.70149,35.06303],[-91.68684,35.05986],[-91.68575,35.05294],[-91.67548,35.05067],[-91.67189,35.05449],[-91.66317,35.05433],[-91.65612,35.05158],[-91.64415,35.04271],[-91.64587,35.04044],[-91.64023,35.02705],[-91.62335,35.02438],[-91.61343,35.02114],[-91.60295,35.0263],[-91.58722,35.02693],[-91.58516,35.02533],[-91.584,35.09158],[-91.46527,35.08946],[-91.45,35.08892],[-91.45367,35.09814],[-91.45262,35.10161],[-91.4269,35.10263],[-91.4243,35.10703],[-91.43048,35.11104],[-91.43443,35.10605],[-91.44352,35.10443],[-91.44429,35.10968],[-91.43889,35.11844],[-91.44683,35.12625],[-91.45115,35.13437],[-91.45085,35.14054],[-91.44649,35.14114],[-91.43918,35.13546],[-91.42909,35.13651],[-91.43515,35.14565],[-91.43371,35.15223],[-91.45875,35.15502],[-91.46315,35.16111],[-91.4595,35.16713],[-91.45402,35.16993],[-91.44163,35.1654],[-91.43292,35.16911],[-91.42417,35.17989],[-91.43147,35.19092],[-91.42763,35.19369],[-91.41621,35.1927],[-91.41166,35.19657],[-91.40777,35.21274],[-91.40235,35.21489],[-91.39571,35.2089],[-91.39599,35.19766],[-91.39286,35.19243],[-91.38416,35.18765],[-91.37809,35.19097],[-91.37949,35.19814],[-91.38981,35.19999],[-91.38931,35.20508],[-91.37973,35.21444],[-91.38366,35.2175],[-91.39321,35.21863],[-91.38919,35.22313],[-91.38273,35.22012],[-91.37898,35.2253],[-91.38725,35.22988],[-91.38912,35.23379],[-91.38613,35.24417],[-91.38299,35.24837],[-91.37257,35.25567],[-91.37131,35.26408],[-91.37924,35.26651],[-91.37973,35.25563],[-91.3858,35.25148],[-91.39195,35.25229],[-91.3996,35.25968],[-91.40055,35.26465],[-91.41184,35.26484],[-91.41117,35.29341],[-91.41266,35.30282],[-91.42869,35.29314],[-91.43464,35.29369],[-91.43903,35.30183],[-91.42972,35.3183],[-91.42474,35.33069],[-91.42642,35.33529],[-91.43303,35.33866],[-91.43951,35.33868],[-91.4447,35.34466],[-91.44226,35.3486],[-91.42887,35.35079],[-91.42349,35.35604],[-91.42462,35.36071],[-91.43318,35.36178],[-91.43845,35.3689],[-91.43383,35.37191],[-91.42836,35.37008],[-91.41788,35.36191],[-91.41102,35.36091],[-91.40941,35.36496],[-91.41391,35.36899],[-91.42208,35.36915],[-91.42568,35.37508],[-91.4064,35.38639],[-91.39857,35.38175],[-91.39219,35.37508],[-91.38739,35.37411],[-91.38415,35.37895],[-91.39207,35.38613],[-91.40029,35.39086],[-91.39902,35.39435],[-91.38967,35.39611],[-91.36844,35.4083],[-91.36781,35.41269],[-91.37221,35.4202],[-91.36888,35.42874],[-91.36277,35.42886],[-91.36377,35.41606],[-91.35739,35.40855],[-91.34851,35.41248],[-91.34532,35.42327],[-91.35716,35.43028],[-91.34726,35.43911],[-91.47799,35.44013],[-91.58445,35.44231],[-91.58317,35.48039],[-91.58209,35.53033],[-91.64796,35.53229],[-91.70865,35.53327],[-91.7353,35.53403],[-91.79358,35.53408],[-91.7948,35.50661],[-91.796,35.45561],[-91.80698,35.45297],[-91.81373,35.45391],[-91.82118,35.45032],[-91.82868,35.45471],[-91.83551,35.4418],[-91.85003,35.43648],[-91.85222,35.35838],[-91.97504,35.35964],[-92.009,35.35973],[-92.02696,35.36068],[-92.11153,35.36263],[-92.11344,35.28222],[-92.118,35.12123],[-92.11975,35.06656]]]},"properties":{"STATEFP":"05","COUNTYFP":"145","COUNTYNS":"00069906","GEOIDFQ":"0500000US05145","GEOID":"05145","NAME":"White","NAMELSAD":"White County","STUSPS":"AR","STATE_NAME":"Arkansas","LSAD":"06","ALAND":2677959079,"AWATER":20840622}},
{"type":"Feature","geometry":{"type":"Polygon","coordinates":[[[-92.11153,35.36263],[-92.02696,35.36068],[-92.009,35.35973],[-91.97504,35.35964],[-91.85222,35.35838],[-91.85003,35.43648],[-91.83551,35.4418],[-91.82868,35.45471],[-91.82118,35.45032],[-91.81373,35.45391],[-91.80698,35.45297],[-91.796,35.45561],[-91.7948,35.50661],[-91.79358,35.53408],[-91.7921,35.60168],[-91.79008,35.68162],[-91.78964,35.71178],[-91.79426,35.71177],[-91.80683,35.70456],[-91.83718,35.70502],[-91.9971,35.70706],[-92.03204,35.70791],[-92.10359,35.70885],[-92.20528,35.71143],[-92.2408,35.71212],[-92.24288,35.63227],[-92.2433,35.5959],[-92.24476,35.53788],[-92.24849,35.53792],[-92.25075,35.4363],[-92.25284,35.36365],[-92.22773,35.3631],[-92.12958,35.36199],[-92.11153,35.36263]]]},"properties":{"STATEFP":"05","COUNTYFP":"023","COUNTYNS":"00066983","GEOIDFQ":"0500000US05023","GEOID":"05023","NAME":"Cleburne","NAMELSAD":"Cleburne County","STUSPS":"AR","STATE_NAME":"Arkansas","LSAD":"06","ALAND":1434747668,"AWATER":98885396}},
{"type":"Feature","geometry":{"type":"Polygon","coordinates":[[[-94.44788,34.93408],[-94.44906,34.89056],[-94.45458,34.72895],[-94.31679,34.72655],[-94.31764,34.69752],[-94.17566,34.69503],[-94.03524,34.69292],[-94.03529,34.68361],[-94.00773,34.6832],[-93.9476,34.68116],[-93.92994,34.68013],[-93.93021,34.66605],[-93.87929,34.66564],[-93.87908,34.69081],[-93.87025,34.69076],[-93.86993,34.71252],[-93.81692,34.71123],[-93.81677,34.71851],[-93.78112,34.71808],[-93.78088,34.73241],[-93.74579,34.73213],[-93.74526,34.74661],[-93.70998,34.74598],[-93.70875,34.83305],[-93.70744,34.90508],[-93.70496,35.01972],[-93.81079,35.02076],[-93.86365,35.0227],[-93.93343,35.02346],[-94.02071,35.02519],[-94.07445,35.02643],[-94.07353,35.05418],[-94.14176,35.05568],[-94.14046,35.09967],[-94.15864,35.09985],[-94.15892,35.09248],[-94.17686,35.09294],[-94.1816,35.08573],[-94.19514,35.08612],[-94.19509,35.0789],[-94.22292,35.07936],[-94.22319,35.07216],[-94.25068,35.06561],[-94.25085,35.05817],[-94.22823,35.05746],[-94.23052,34.96853],[-94.24986,34.96405],[-94.25582,34.95988],[-94.26616,34.95741],[-94.27834,34.95703],[-94.29325,34.95305],[-94.31325,34.95364],[-94.32417,34.95591],[-94.33031,34.9543],[-94.33505,34.94889],[-94.348,34.94697],[-94.35142,34.95231],[-94.36067,34.96084],[-94.36762,34.96227],[-94.3734,34.96039],[-94.37458,34.94794],[-94.38169,34.94769],[-94.39217,34.94354],[-94.40092,34.94796],[-94.4094,34.9499],[-94.41483,34.94579],[-94.42215,34.93591],[-94.43024,34.93075],[-94.44788,34.93408]]]},"properties":{"STATEFP":"05","COUNTYFP":"127","COUNTYNS":"00069179","GEOIDFQ":"0500000US05127","GEOID":"05127","NAME":"Scott","NAMELSAD":"Scott County","STUSPS":"AR","STATE_NAME":"Arkansas","LSAD":"06","ALAND":2312470682,"AWATER":14373451}},
{"type":"Feature","geometry":{"type":"Polygon","coordinates":[[[-91.05201,34.64572],[-90.92714,34.64384],[-90.76806,34.64258],[-90.75025,34.64232],[-90.58732,34.64136],[-90.58317,34.65196],[-90.56971,34.66635],[-90.5677,34.67909],[-90.5701,34.69343],[-90.55623,34.69358],[-90.54569,34.6884],[-90.54151,34.68309],[-90.53997,34.67684],[-90.55264,34.65971],[-90.5551,34.64624],[-90.55413,34.64087],[-90.54761,34.63166],[-90.54161,34.62861],[-90.53211,34.62733],[-90.51717,34.63093],[-90.5081,34.63668],[-90.49989,34.64498],[-90.4815,34.65802],[-90.46882,34.67003],[-90.46282,34.68407],[-90.46368,34.69264],[-90.46667,34.7],[-90.47417,34.70528],[-90.48333,34.70417],[-90.51667,34.69556],[-90.53244,34.69624],[-90.5425,34.7],[-90.55944,34.71083],[-90.57194,34.71278],[-90.56861,34.72139],[-90.56778,34.73333],[-90.56361,34.73778],[-90.55,34.73972],[-90.54556,34.73889],[-90.53944,34.75528],[-90.54522,34.77063],[-90.54778,34.78333],[-90.54083,34.79583],[-90.53349,34.79991],[-90.52111,34.80194],[-90.51111,34.79829],[-90.51139,34.79],[-90.50305,34.78333],[-90.49278,34.7725],[-90.49245,34.76454],[-90.49439,34.75743],[-90.50672,34.74978],[-90.52417,34.73139],[-90.50833,34.72361],[-90.49167,34.72139],[-90.475,34.72389],[-90.465,34.72731],[-90.45538,34.73264],[-90.44842,34.73912],[-90.44905,34.74746],[-90.45267,34.75567],[-90.47041,34.78088],[-90.47645,34.79359],[-90.47617,34.80048],[-90.46937,34.8126],[-90.45538,34.82079],[-90.4616,34.83172],[-90.47488,34.85036],[-90.48195,34.85781],[-90.48437,34.86358],[-90.48435,34.87492],[-90.47604,34.88584],[-90.46227,34.89174],[-90.45395,34.89093],[-90.44006,34.88545],[-90.43656,34.88273],[-90.4301,34.87121],[-90.42937,34.86661],[-90.43558,34.85625],[-90.44969,34.83992],[-90.43873,34.82525],[-90.40795,34.82683],[-90.40854,34.90402],[-90.49895,34.90469],[-90.61962,34.90632],[-90.65978,34.90585],[-90.79146,34.90573],[-90.84114,34.90632],[-90.94297,34.90678],[-91.04639,34.91198],[-91.09921,34.91163],[-91.10003,34.86713],[-91.10089,34.80834],[-91.10254,34.73486],[-91.04947,34.73418],[-91.05012,34.70404],[-91.05201,34.64572]]]},"properties":{"STATEFP":"05","COUNTYFP":"077","COUNTYNS":"00066866","GEOIDFQ":"0500000US05077","GEOID":"05077","NAME":"Lee","NAMELSAD":"Lee County","STUSPS":"AR","STATE_NAME":"Arkansas","LSAD":"06","ALAND":1553493435,"AWATER":57858191}},
{"type":"Feature","geometry":{"type":"Polygon","coordinates":[[[-92.52913,36.49861],[-92.52946,36.45882],[-92.53234,36.41556],[-92.5331,36.38656],[-92.54955,36.38692],[-92.55389,36.37845],[-92.57514,36.3663],[-92.59015,36.36017],[-92.59515,36.35589],[-92.59302,36.35041],[-92.58066,36.34264],[-92.56211,36.3458],[-92.55176,36.3488],[-92.53565,36.35091],[-92.52797,36.34488],[-92.53221,36.33166],[-92.53713,36.32899],[-92.54938,36.33546],[-92.56121,36.33493],[-92.57032,36.32438],[-92.57539,36.30956],[-92.56828,36.30631],[-92.55131,36.31368],[-92.54094,36.31158],[-92.52581,36.30215],[-92.52346,36.29622],[-92.5242,36.28994],[-92.5286,36.2824],[-92.54319,36.26917],[-92.54322,36.26326],[-92.53305,36.26405],[-92.52697,36.26806],[-92.52065,36.26881],[-92.50635,36.26397],[-92.49415,36.25631],[-92.47699,36.25734],[-92.4713,36.25594],[-92.46926,36.2509],[-92.47578,36.24217],[-92.47652,36.2282],[-92.47041,36.22249],[-92.45992,36.22007],[-92.45955,36.2149],[-92.47424,36.20696],[-92.48032,36.19988],[-92.47916,36.19367],[-92.4688,36.18141],[-92.45938,36.17726],[-92.44879,36.17048],[-92.44236,36.16439],[-92.4328,36.16831],[-92.4266,36.16248],[-92.41186,36.16218],[-92.40762,36.15777],[-92.40869,36.14937],[-92.4264,36.14947],[-92.42679,36.13487],[-92.40914,36.13468],[-92.41156,36.06276],[-92.4144,35.9758],[-92.30721,35.97401],[-92.30511,36.06109],[-92.28679,36.06126],[-92.19745,36.05924],[-92.19564,36.13301],[-92.19841,36.13413],[-92.21523,36.13347],[-92.21389,36.17506],[-92.15993,36.17379],[-92.15953,36.19535],[-92.15693,36.26122],[-92.15919,36.26131],[-92.15837,36.29045],[-92.15448,36.34888],[-92.15064,36.43575],[-92.15169,36.4433],[-92.15029,36.49863],[-92.30942,36.49789],[-92.35028,36.49779],[-92.37516,36.4972],[-92.38493,36.49785],[-92.42038,36.49791],[-92.44413,36.49853],[-92.52913,36.49861]]]},"properties":{"STATEFP":"05","COUNTYFP":"005","COUNTYNS":"00069895","GEOIDFQ":"0500000US05005","GEOID":"05005","NAME":"Baxter","NAMELSAD":"Baxter County","STUSPS":"AR","STATE_NAME":"Arkansas","LSAD":"06","ALAND":1434675033,"AWATER":84916246}},
{"type":"Feature","geometry":{"type":"Polygon","coordinates":[[[-92.55444,35.11342],[-92.56595,35.11494],[-92.57339,35.11216],[-92.58374,35.10236],[-92.59089,35.09193],[-92.6025,35.08279],[-92.6269,35.07659],[-92.63955,35.0753],[-92.64827,35.07731],[-92.64761,35.08235],[-92.64297,35.0858],[-92.63017,35.09037],[-92.62234,35.09587],[-92.62061,35.09969],[-92.62144,35.10883],[-92.62961,35.11485],[-92.63391,35.1149],[-92.64485,35.1104],[-92.65639,35.10057],[-92.66127,35.09281],[-92.67837,35.07732],[-92.69689,35.07336],[-92.71894,35.07186],[-92.75064,35.07238],[-92.82148,35.07296],[-92.86542,35.07398],[-92.9623,35.0757],[-92.96251,35.0752],[-93.01741,35.076],[-93.04056,35.07688],[-93.05125,35.07683],[-93.05149,35.06235],[-93.06922,35.06263],[-93.06942,35.04809],[-93.0872,35.04827],[-93.08726,35.03394],[-93.10556,35.03428],[-93.10595,35.01813],[-93.12374,35.01861],[-93.12406,35.0041],[-93.14177,35.00464],[-93.14216,34.99016],[-93.16016,34.99046],[-93.16018,34.97599],[-93.18135,34.9763],[-93.18173,34.9619],[-93.20002,34.96233],[-93.20049,34.94759],[-93.21734,34.94778],[-93.21745,34.9327],[-93.23506,34.93259],[-93.23502,34.91809],[-93.2523,34.91821],[-93.25257,34.90379],[-93.27037,34.90368],[-93.27067,34.88912],[-93.28818,34.88887],[-93.28835,34.87527],[-93.30568,34.87546],[-93.30586,34.86105],[-93.28828,34.86087],[-93.28778,34.77324],[-93.27003,34.77196],[-93.07518,34.77189],[-93.07507,34.80127],[-93.07401,34.8582],[-92.96944,34.85906],[-92.82981,34.85535],[-92.82303,34.84935],[-92.80931,34.84709],[-92.80247,34.85166],[-92.79799,34.84709],[-92.78353,34.83982],[-92.77139,34.84252],[-92.76726,34.83928],[-92.75628,34.84264],[-92.7506,34.83613],[-92.7455,34.83447],[-92.74033,34.82783],[-92.73973,34.8536],[-92.7554,34.85375],[-92.75389,34.91158],[-92.68474,34.91043],[-92.64965,34.91017],[-92.64873,34.93861],[-92.64775,34.93922],[-92.54456,34.93637],[-92.5442,34.9529],[-92.56108,34.95702],[-92.57386,34.96345],[-92.5844,34.97153],[-92.59087,34.97933],[-92.59788,34.99308],[-92.59924,35.00033],[-92.59781,35.00648],[-92.59253,35.01422],[-92.58425,35.02079],[-92.56344,35.0327],[-92.55155,35.04464],[-92.54329,35.06021],[-92.54117,35.07172],[-92.54071,35.08773],[-92.54782,35.10577],[-92.55444,35.11342]]]},"properties":{"STATEFP":"05","COUNTYFP":"105","COUNTYNS":"00069171","GEOIDFQ":"0500000US05105","GEOID":"05105","NAME":"Perry","NAMELSAD":"Perry County","STUSPS":"AR","STATE_NAME":"Arkansas","LSAD":"06","ALAND":1427953392,"AWATER":24428560}},
{"type":"Feature","geometry":{"type":"Polygon","coordinates":[[[-92.48147,35.36842],[-92.47967,35.45556],[-92.53281,35.45642],[-92.60248,35.45825],[-92.66181,35.4592],[-92.74484,35.46099],[-92.85095,35.46296],[-92.85235,35.37636],[-92.85327,35.333],[-92.85459,35.23152],[-92.8551,35.17384],[-92.86476,35.17439],[-92.88546,35.17046],[-92.90091,35.16999],[-92.92495,35.16798],[-92.93124,35.16402],[-92.93764,35.15668],[-92.94855,35.15007],[-92.95597,35.14026],[-92.97164,35.13526],[-92.9791,35.13106],[-92.97526,35.12535],[-92.98072,35.1172],[-92.99068,35.11456],[-92.99586,35.11662],[-93.01203,35.11443],[-93.01824,35.11845],[-93.02484,35.11198],[-93.0349,35.11176],[-93.04081,35.10818],[-93.03895,35.10345],[-93.02759,35.09912],[-93.02531,35.09093],[-93.04056,35.07688],[-93.01741,35.076],[-92.96251,35.0752],[-92.9623,35.0757],[-92.86542,35.07398],[-92.82148,35.07296],[-92.75064,35.07238],[-92.71894,35.07186],[-92.69689,35.07336],[-92.67837,35.07732],[-92.66127,35.09281],[-92.65639,35.10057],[-92.64485,35.1104],[-92.63391,35.1149],[-92.62961,35.11485],[-92.62144,35.10883],[-92.62061,35.09969],[-92.62234,35.09587],[-92.63017,35.09037],[-92.64297,35.0858],[-92.64761,35.08235],[-92.64827,35.07731],[-92.63955,35.0753],[-92.6269,35.07659],[-92.6025,35.08279],[-92.59089,35.09193],[-92.58374,35.10236],[-92.57339,35.11216],[-92.56595,35.11494],[-92.55444,35.11342],[-92.55388,35.11776],[-92.54302,35.12607],[-92.53394,35.11476],[-92.52169,35.1146],[-92.51588,35.12905],[-92.5058,35.1397],[-92.50922,35.14414],[-92.50409,35.14754],[-92.5041,35.15989],[-92.5067,35.16508],[-92.50442,35.17539],[-92.51106,35.18078],[-92.52818,35.18946],[-92.52927,35.19562],[-92.52466,35.2053],[-92.52729,35.20882],[-92.52512,35.2189],[-92.53142,35.22322],[-92.52942,35.22859],[-92.51515,35.23313],[-92.51243,35.23936],[-92.50619,35.23945],[-92.50479,35.24794],[-92.51019,35.24911],[-92.51444,35.25633],[-92.50708,35.25789],[-92.49408,35.2671],[-92.49402,35.27367],[-92.48488,35.27549],[-92.48441,35.2807],[-92.48256,35.35449],[-92.48147,35.36842]]]},"properties":{"STATEFP":"05","COUNTYFP":"029","COUNTYNS":"00066846","GEOIDFQ":"0500000US05029","GEOID":"05029","NAME":"Conway","NAMELSAD":"Conway County","STUSPS":"AR","STATE_NAME":"Arkansas","LSAD":"06","ALAND":1429476459,"AWATER":37739626}},
{"type":"Feature","geometry":{"type":"Polygon","coordinates":[[[-94.24379,34.1925],[-94.24389,34.26905],[-94.25626,34.26922],[-94.25466,34.35579],[-94.04283,34.35215],[-93.93543,34.35023],[-93.93489,34.39321],[-93.93479,34.43856],[-93.93303,34.52148],[-93.93223,34.58038],[-93.93021,34.66605],[-93.92994,34.68013],[-93.9476,34.68116],[-94.00773,34.6832],[-94.03529,34.68361],[-94.03524,34.69292],[-94.17566,34.69503],[-94.31764,34.69752],[-94.31679,34.72655],[-94.45458,34.72895],[-94.45753,34.64296],[-94.4575,34.63495],[-94.46243,34.46293],[-94.46542,34.35955],[-94.46585,34.35207],[-94.47028,34.19018],[-94.40084,34.19049],[-94.31812,34.1911],[-94.24379,34.1925]]]},"properties":{"STATEFP":"05","COUNTYFP":"113","COUNTYNS":"00069175","GEOIDFQ":"0500000US05113","GEOID":"05113","NAME":"Polk","NAMELSAD":"Polk County","STUSPS":"AR","STATE_NAME":"Arkansas","LSAD":"06","ALAND":2219200784,"AWATER":12520930}},
{"type":"Feature","geometry":{"type":"Polygon","coordinates":[[[-91.03701,35.70842],[-91.01322,35.70773],[-90.8632,35.70565],[-90.74748,35.70527],[-90.71349,35.70533],[-90.60796,35.70441],[-90.50058,35.70727],[-90.44855,35.70407],[-90.37569,35.70093],[-90.33969,35.70075],[-90.28679,35.69991],[-90.28726,35.72864],[-90.2872,35.8089],[-90.28671,35.81618],[-90.28723,35.88526],[-90.28908,35.99642],[-90.37786,35.99572],[-90.38603,35.98846],[-90.38732,35.96469],[-90.60303,35.96573],[-90.74883,35.96697],[-90.81897,35.96689],[-90.85199,35.96788],[-90.85214,35.96303],[-90.85716,35.96022],[-90.85741,35.94963],[-90.8634,35.94957],[-90.86022,35.94262],[-90.86273,35.93879],[-90.86153,35.92409],[-90.8722,35.92439],[-90.87285,35.88087],[-91.03256,35.88503],[-91.03503,35.79657],[-91.03554,35.76209],[-91.03701,35.70842]]]},"properties":{"STATEFP":"05","COUNTYFP":"031","COUNTYNS":"00066847","GEOIDFQ":"0500000US05031","GEOID":"05031","NAME":"Craighead","NAMELSAD":"Craighead County","STUSPS":"AR","STATE_NAME":"Arkansas","LSAD":"06","ALAND":1831551609,"AWATER":14310137}},
{"type":"Feature","geometry":{"type":"Polygon","coordinates":[[[-93.49056,33.01844],[-93.46704,33.01861],[-93.37713,33.01823],[-93.34035,33.01834],[-93.23861,33.01799],[-93.21565,33.01839],[-93.1974,33.01795],[-93.07069,33.01779],[-92.98878,33.0173],[-92.98633,33.0977],[-92.98327,33.20357],[-92.98108,33.2905],[-92.97848,33.37714],[-93.11895,33.3803],[-93.11633,33.45292],[-93.22115,33.45508],[-93.22135,33.44049],[-93.23907,33.44194],[-93.36564,33.44449],[-93.36834,33.43912],[-93.3766,33.4329],[-93.37975,33.42294],[-93.3871,33.41253],[-93.38874,33.40381],[-93.39622,33.39925],[-93.3961,33.39196],[-93.40494,33.36935],[-93.41291,33.36248],[-93.4111,33.35623],[-93.41307,33.34709],[-93.4169,33.34206],[-93.42147,33.32574],[-93.42895,33.31519],[-93.42281,33.30306],[-93.42898,33.29491],[-93.43617,33.28916],[-93.43272,33.27777],[-93.4372,33.26507],[-93.44203,33.25827],[-93.48175,33.26006],[-93.48635,33.12976],[-93.49056,33.01844]]]},"properties":{"STATEFP":"05","COUNTYFP":"027","COUNTYNS":"00063761","GEOIDFQ":"0500000US05027","GEOID":"05027","NAME":"Columbia","NAMELSAD":"Columbia County","STUSPS":"AR","STATE_NAME":"Arkansas","LSAD":"06","ALAND":1984098878,"AWATER":1985830}},
{"type":"Feature","geometry":{"type":"Polygon","coordinates":[[[-93.07518,34.77189],[-92.96932,34.77226],[-92.9698,34.72836],[-92.96975,34.68477],[-92.97905,34.68489],[-92.97998,34.63725],[-92.90699,34.63562],[-92.87539,34.6352],[-92.87692,34.59117],[-92.80803,34.59041],[-92.80895,34.56225],[-92.7915,34.56199],[-92.79319,34.50357],[-92.77556,34.50379],[-92.73826,34.50324],[-92.73882,34.47393],[-92.68507,34.4731],[-92.68619,34.4147],[-92.66865,34.4145],[-92.62462,34.41317],[-92.61709,34.41694],[-92.62429,34.42001],[-92.62338,34.42539],[-92.61743,34.43123],[-92.61067,34.43198],[-92.60149,34.43899],[-92.59753,34.44454],[-92.59718,34.45262],[-92.58947,34.45558],[-92.5418,34.45423],[-92.47741,34.45334],[-92.40467,34.45189],[-92.40337,34.49571],[-92.24584,34.49358],[-92.24421,34.58089],[-92.34869,34.58229],[-92.34646,34.62564],[-92.38194,34.62634],[-92.44522,34.62704],[-92.44329,34.67204],[-92.5003,34.67361],[-92.49909,34.68799],[-92.55201,34.68933],[-92.54966,34.76169],[-92.65432,34.76454],[-92.65125,34.85168],[-92.73973,34.8536],[-92.74033,34.82783],[-92.7455,34.83447],[-92.7506,34.83613],[-92.75628,34.84264],[-92.76726,34.83928],[-92.77139,34.84252],[-92.78353,34.83982],[-92.79799,34.84709],[-92.80247,34.85166],[-92.80931,34.84709],[-92.82303,34.84935],[-92.82981,34.85535],[-92.96944,34.85906],[-93.07401,34.8582],[-93.07507,34.80127],[-93.07518,34.77189]]]},"properties":{"STATEFP":"05","COUNTYFP":"125","COUNTYNS":"00067102","GEOIDFQ":"0500000US05125","GEOID":"05125","NAME":"Saline","NAMELSAD":"Saline County","STUSPS":"AR","STATE_NAME":"Arkansas","LSAD":"06","ALAND":1873898605,"AWATER":17955554}},
{"type":"Feature","geometry":{"type":"Polygon","coordinates":[[[-91.84946,35.8673],[-91.85243,35.87461],[-91.85903,35.88054],[-91.8662,35.8822],[-91.87867,35.88013],[-91.89507,35.8821],[-91.90371,35.89],[-91.91135,35.89406],[-91.92105,35.90228],[-91.93643,35.91205],[-91.95059,35.92715],[-91.95305,35.93155],[-91.9638,35.9386],[-91.97691,35.9407],[-91.98562,35.93808],[-91.99351,35.92828],[-92.00537,35.91906],[-92.01662,35.91618],[-92.02638,35.92107],[-92.03053,35.9399],[-92.03892,35.94487],[-92.04756,35.94355],[-92.05632,35.9362],[-92.07275,35.92857],[-92.09339,35.92616],[-92.10608,35.92983],[-92.1134,35.93936],[-92.1096,35.95161],[-92.09647,35.95738],[-92.08558,35.96554],[-92.08294,35.97451],[-92.08416,35.98356],[-92.09367,35.99724],[-92.09684,35.99956],[-92.09939,36.01085],[-92.09385,36.01875],[-92.08078,36.02318],[-92.07487,36.02217],[-92.06554,36.02378],[-92.05905,36.02711],[-92.05777,36.03607],[-92.07201,36.04873],[-92.07566,36.05391],[-92.0873,36.05894],[-92.10113,36.05877],[-92.11093,36.06284],[-92.11863,36.07086],[-92.12461,36.08018],[-92.13323,36.09825],[-92.13499,36.10579],[-92.14093,36.11434],[-92.1535,36.11567],[-92.16672,36.10651],[-92.17669,36.10216],[-92.18096,36.1022],[-92.19056,36.10686],[-92.1924,36.11536],[-92.1907,36.12619],[-92.19564,36.13301],[-92.19745,36.05924],[-92.28679,36.06126],[-92.30511,36.06109],[-92.30721,35.97401],[-92.4144,35.9758],[-92.41711,35.88897],[-92.41473,35.88891],[-92.41685,35.78863],[-92.41841,35.71603],[-92.3828,35.71543],[-92.3185,35.71364],[-92.2408,35.71212],[-92.20528,35.71143],[-92.10359,35.70885],[-92.03204,35.70791],[-91.9971,35.70706],[-91.83718,35.70502],[-91.83612,35.74886],[-91.84935,35.76188],[-91.85644,35.76417],[-91.86447,35.76972],[-91.865,35.78209],[-91.86861,35.78992],[-91.87098,35.81052],[-91.86464,35.82355],[-91.85434,35.834],[-91.84992,35.84425],[-91.85083,35.85641],[-91.84946,35.8673]]]},"properties":{"STATEFP":"05","COUNTYFP":"137","COUNTYNS":"00069902","GEOIDFQ":"0500000US05137","GEOID":"05137","NAME":"Stone","NAMELSAD":"Stone County","STUSPS":"AR","STATE_NAME":"Arkansas","LSAD":"06","ALAND":1570673289,"AWATER":8145444}},
{"type":"Feature","geometry":{"type":"Polygon","coordinates":[[[-93.4072,34.39745],[-93.31936,34.39626],[-93.25615,34.39511],[-93.22965,34.3943],[-93.12254,34.39171],[-92.98316,34.38997],[-92.94808,34.38926],[-92.94679,34.41861],[-92.94783,34.449],[-92.91346,34.44836],[-92.91547,34.49169],[-92.91506,34.50613],[-92.87996,34.50556],[-92.79319,34.50357],[-92.7915,34.56199],[-92.80895,34.56225],[-92.80803,34.59041],[-92.87692,34.59117],[-92.87539,34.6352],[-92.90699,34.63562],[-92.97998,34.63725],[-92.97905,34.68489],[-92.96975,34.68477],[-92.9698,34.72836],[-92.96932,34.77226],[-93.07518,34.77189],[-93.27003,34.77196],[-93.28778,34.77324],[-93.35841,34.77336],[-93.39449,34.77242],[-93.3944,34.74339],[-93.39395,34.68522],[-93.40224,34.68523],[-93.40309,34.6466],[-93.40356,34.59785],[-93.4049,34.52412],[-93.40534,34.514],[-93.4072,34.39745]]]},"properties":{"STATEFP":"05","COUNTYFP":"051","COUNTYNS":"00066855","GEOIDFQ":"0500000US05051","GEOID":"05051","NAME":"Garland","NAMELSAD":"Garland County","STUSPS":"AR","STATE_NAME":"Arkansas","LSAD":"06","ALAND":1755013632,"AWATER":147452175}},
{"type":"Feature","geometry":{"type":"Polygon","coordinates":[[[-93.47952,36.12505],[-93.48027,36.08155],[-93.44574,36.08079],[-93.44824,36.05351],[-93.44948,35.99618],[-93.45079,35.9675],[-93.46808,35.96758],[-93.46839,35.95316],[-93.48623,35.95336],[-93.48692,35.92433],[-93.50487,35.92514],[-93.506,35.88103],[-93.52365,35.88151],[-93.52606,35.82364],[-93.51706,35.82333],[-93.51918,35.76349],[-93.51964,35.73446],[-93.43245,35.73187],[-93.37908,35.73066],[-93.34423,35.7304],[-93.19999,35.72992],[-93.16445,35.72887],[-93.1464,35.72778],[-93.07603,35.72693],[-93.02295,35.7259],[-92.99255,35.72564],[-92.95137,35.72464],[-92.94949,35.813],[-92.94647,35.81294],[-92.94473,35.87124],[-92.94199,35.94196],[-92.94083,35.99005],[-92.93847,36.07167],[-92.9455,36.07167],[-92.94463,36.11525],[-92.99807,36.1162],[-93.05178,36.11635],[-93.06927,36.11684],[-93.08695,36.11929],[-93.12359,36.11955],[-93.14028,36.11758],[-93.21185,36.11927],[-93.28329,36.12067],[-93.30082,36.12155],[-93.35461,36.12247],[-93.47952,36.12505]]]},"properties":{"STATEFP":"05","COUNTYFP":"101","COUNTYNS":"00069900","GEOIDFQ":"0500000US05101","GEOID":"05101","NAME":"Newton","NAMELSAD":"Newton County","STUSPS":"AR","STATE_NAME":"Arkansas","LSAD":"06","ALAND":2126576324,"AWATER":5935910}},
{"type":"Feature","geometry":{"type":"Polygon","coordinates":[[[-93.45666,33.95682],[-93.45349,33.96064],[-93.44405,33.95591],[-93.43449,33.95477],[-93.42666,33.95572],[-93.41589,33.95177],[-93.41402,33.95373],[-93.39961,33.95132],[-93.39513,33.95468],[-93.38826,33.95538],[-93.38032,33.95903],[-93.37336,33.95709],[-93.37705,33.96226],[-93.37784,33.97613],[-93.38166,33.98253],[-93.37915,33.98616],[-93.38318,33.99284],[-93.38741,33.99457],[-93.39207,34.0011],[-93.40505,34.00552],[-93.40032,34.01147],[-93.40841,34.01236],[-93.40872,34.026],[-93.41615,34.03803],[-93.43458,34.05047],[-93.43238,34.05609],[-93.4357,34.06333],[-93.43507,34.07049],[-93.44409,34.07969],[-93.44046,34.08638],[-93.44244,34.0921],[-93.44203,34.1017],[-93.44482,34.11438],[-93.44146,34.12027],[-93.4512,34.12262],[-93.45616,34.13033],[-93.45518,34.1397],[-93.44931,34.14614],[-93.44419,34.14826],[-93.45373,34.15354],[-93.45641,34.16319],[-93.45534,34.17115],[-93.44912,34.17924],[-93.46036,34.19052],[-93.44977,34.19769],[-93.44719,34.20335],[-93.45872,34.21211],[-93.46169,34.20581],[-93.47784,34.20947],[-93.49147,34.20973],[-93.50221,34.21411],[-93.50151,34.2537],[-93.48042,34.25327],[-93.47848,34.34084],[-93.5527,34.34276],[-93.61898,34.3448],[-93.65231,34.34505],[-93.72458,34.3473],[-93.81339,34.34812],[-93.83151,34.34754],[-93.93543,34.35023],[-93.93701,34.26302],[-93.92438,34.26296],[-93.92585,34.18653],[-93.82072,34.1838],[-93.82298,34.07473],[-93.82308,34.00889],[-93.74984,34.00687],[-93.74475,34.00215],[-93.72921,34.00154],[-93.72505,33.99793],[-93.71449,33.99505],[-93.69999,33.9952],[-93.69503,33.99105],[-93.68627,33.98746],[-93.68154,33.9833],[-93.64991,33.9813],[-93.64473,33.97683],[-93.63524,33.97296],[-93.62787,33.97377],[-93.62786,33.96869],[-93.61881,33.96469],[-93.61738,33.95963],[-93.60946,33.95944],[-93.60231,33.96192],[-93.58753,33.96322],[-93.58723,33.95999],[-93.57687,33.9578],[-93.56305,33.95826],[-93.55425,33.95606],[-93.54334,33.9506],[-93.53253,33.9549],[-93.52837,33.94876],[-93.52825,33.94294],[-93.51775,33.94403],[-93.51069,33.94654],[-93.50077,33.94558],[-93.49384,33.94875],[-93.49769,33.95403],[-93.477,33.95651],[-93.47765,33.96132],[-93.47115,33.9616],[-93.45666,33.95682]]]},"properties":{"STATEFP":"05","COUNTYFP":"109","COUNTYNS":"00069173","GEOIDFQ":"0500000US05109","GEOID":"05109","NAME":"Pike","NAMELSAD":"Pike County","STUSPS":"AR","STATE_NAME":"Arkansas","LSAD":"06","ALAND":1554861226,"AWATER":35284868}},
{"type":"Feature","geometry":{"type":"Polygon","coordinates":[[[-92.85095,35.46296],[-92.85017,35.49208],[-92.84928,35.54947],[-92.81346,35.54892],[-92.81241,35.59166],[-92.81163,35.65933],[-92.80974,35.72242],[-92.95137,35.72464],[-92.99255,35.72564],[-93.02295,35.7259],[-93.07603,35.72693],[-93.1464,35.72778],[-93.16445,35.72887],[-93.1676,35.61276],[-93.16782,35.59782],[-93.22129,35.59906],[-93.2227,35.55567],[-93.22253,35.51927],[-93.22382,35.46869],[-93.29587,35.47005],[-93.2977,35.39026],[-93.2989,35.32713],[-93.28467,35.31871],[-93.27821,35.31244],[-93.25621,35.28895],[-93.24617,35.27996],[-93.23861,35.27532],[-93.23077,35.27297],[-93.19854,35.27133],[-93.18293,35.26169],[-93.17081,35.24889],[-93.154,35.23314],[-93.14101,35.21171],[-93.13784,35.20075],[-93.13794,35.193],[-93.12967,35.17889],[-93.12249,35.17338],[-93.10917,35.17134],[-93.10182,35.17475],[-93.09332,35.18252],[-93.08381,35.18338],[-93.07795,35.17875],[-93.07631,35.17216],[-93.08345,35.16449],[-93.08456,35.1604],[-93.0799,35.1506],[-93.08325,35.14381],[-93.09303,35.13909],[-93.08765,35.12969],[-93.07658,35.12291],[-93.06622,35.11864],[-93.05469,35.11757],[-93.04118,35.12011],[-93.03288,35.12469],[-93.02801,35.12962],[-93.03008,35.15115],[-93.02904,35.15816],[-93.02559,35.16147],[-93.00658,35.16759],[-92.9794,35.17192],[-92.96423,35.16966],[-92.95867,35.17028],[-92.94304,35.17646],[-92.92736,35.17685],[-92.9164,35.17557],[-92.90091,35.16999],[-92.88546,35.17046],[-92.86476,35.17439],[-92.8551,35.17384],[-92.85459,35.23152],[-92.85327,35.333],[-92.85235,35.37636],[-92.85095,35.46296]]]},"properties":{"STATEFP":"05","COUNTYFP":"115","COUNTYNS":"00069901","GEOIDFQ":"0500000US05115","GEOID":"05115","NAME":"Pope","NAMELSAD":"Pope County","STUSPS":"AR","STATE_NAME":"Arkansas","LSAD":"06","ALAND":2100355865,"AWATER":50772506}},
{"type":"Feature","geometry":{"type":"Polygon","coordinates":[[[-93.3944,34.74339],[-93.39449,34.77242],[-93.35841,34.77336],[-93.28778,34.77324],[-93.28828,34.86087],[-93.30586,34.86105],[-93.30568,34.87546],[-93.28835,34.87527],[-93.28818,34.88887],[-93.27067,34.88912],[-93.27037,34.90368],[-93.25257,34.90379],[-93.2523,34.91821],[-93.23502,34.91809],[-93.23506,34.93259],[-93.21745,34.9327],[-93.21734,34.94778],[-93.20049,34.94759],[-93.20002,34.96233],[-93.18173,34.9619],[-93.18135,34.9763],[-93.16018,34.97599],[-93.16016,34.99046],[-93.14216,34.99016],[-93.14177,35.00464],[-93.12406,35.0041],[-93.12374,35.01861],[-93.10595,35.01813],[-93.10556,35.03428],[-93.08726,35.03394],[-93.0872,35.04827],[-93.06942,35.04809],[-93.06922,35.06263],[-93.05149,35.06235],[-93.05125,35.07683],[-93.04056,35.07688],[-93.02531,35.09093],[-93.02759,35.09912],[-93.03895,35.10345],[-93.04081,35.10818],[-93.0349,35.11176],[-93.02484,35.11198],[-93.01824,35.11845],[-93.01203,35.11443],[-92.99586,35.11662],[-92.99068,35.11456],[-92.98072,35.1172],[-92.97526,35.12535],[-92.9791,35.13106],[-92.97164,35.13526],[-92.95597,35.14026],[-92.94855,35.15007],[-92.93764,35.15668],[-92.93124,35.16402],[-92.92495,35.16798],[-92.90091,35.16999],[-92.9164,35.17557],[-92.92736,35.17685],[-92.94304,35.17646],[-92.95867,35.17028],[-92.96423,35.16966],[-92.9794,35.17192],[-93.00658,35.16759],[-93.02559,35.16147],[-93.02904,35.15816],[-93.03008,35.15115],[-93.02801,35.12962],[-93.03288,35.12469],[-93.04118,35.12011],[-93.05469,35.11757],[-93.06622,35.11864],[-93.07658,35.12291],[-93.08765,35.12969],[-93.09303,35.13909],[-93.08325,35.14381],[-93.0799,35.1506],[-93.08456,35.1604],[-93.08345,35.16449],[-93.07631,35.17216],[-93.07795,35.17875],[-93.08381,35.18338],[-93.09332,35.18252],[-93.10182,35.17475],[-93.10917,35.17134],[-93.12249,35.17338],[-93.12967,35.17889],[-93.13794,35.193],[-93.13784,35.20075],[-93.14101,35.21171],[-93.154,35.23314],[-93.17081,35.24889],[-93.18293,35.26169],[-93.19854,35.27133],[-93.23077,35.27297],[-93.23861,35.27532],[-93.24617,35.27996],[-93.25621,35.28895],[-93.27821,35.31244],[-93.27993,35.21256],[-93.38575,35.2139],[-93.45622,35.21588],[-93.45707,35.20863],[-93.47454,35.20979],[-93.47477,35.20165],[-93.48391,35.20189],[-93.48411,35.1806],[-93.49386,35.18084],[-93.49393,35.17394],[-93.511,35.17421],[-93.51132,35.15972],[-93.52914,35.15999],[-93.52974,35.1455],[-93.60034,35.14714],[-93.66288,35.14822],[-93.66326,35.13384],[-93.70684,35.13489],[-93.70906,35.04679],[-93.70441,35.0465],[-93.70496,35.01972],[-93.70744,34.90508],[-93.70875,34.83305],[-93.70998,34.74598],[-93.60519,34.74477],[-93.4991,34.74388],[-93.3944,34.74339]]]},"properties":{"STATEFP":"05","COUNTYFP":"149","COUNTYNS":"00069908","GEOIDFQ":"0500000US05149","GEOID":"05149","NAME":"Yell","NAMELSAD":"Yell County","STUSPS":"AR","STATE_NAME":"Arkansas","LSAD":"06","ALAND":2409688595,"AWATER":46994485}},
{"type":"Feature","geometry":{"type":"Polygon","coordinates":[[[-92.88614,34.1557],[-92.83481,34.15367],[-92.81794,34.15189],[-92.67838,34.14965],[-92.67599,34.23944],[-92.6733,34.23941],[-92.67165,34.3124],[-92.66865,34.4145],[-92.68619,34.4147],[-92.68507,34.4731],[-92.73882,34.47393],[-92.73826,34.50324],[-92.77556,34.50379],[-92.79319,34.50357],[-92.87996,34.50556],[-92.91506,34.50613],[-92.91547,34.49169],[-92.91346,34.44836],[-92.94783,34.449],[-92.94679,34.41861],[-92.94808,34.38926],[-92.98316,34.38997],[-93.12254,34.39171],[-93.22965,34.3943],[-93.25615,34.39511],[-93.31936,34.39626],[-93.4072,34.39745],[-93.40818,34.33947],[-93.35579,34.3387],[-93.35688,34.28031],[-93.19828,34.2773],[-93.1995,34.24806],[-93.09,34.24566],[-93.09085,34.23749],[-93.0845,34.23562],[-93.06355,34.23564],[-93.05586,34.23772],[-93.05217,34.23546],[-93.03497,34.2366],[-93.03442,34.2284],[-93.03847,34.2258],[-93.03368,34.21535],[-93.02727,34.21118],[-93.02583,34.20221],[-93.03656,34.19495],[-93.03778,34.18919],[-93.04299,34.18064],[-93.04311,34.16672],[-93.04181,34.15881],[-93.03885,34.15532],[-93.03259,34.15591],[-93.02896,34.16154],[-93.02462,34.16003],[-92.88614,34.1557]]]},"properties":{"STATEFP":"05","COUNTYFP":"059","COUNTYNS":"00066859","GEOIDFQ":"0500000US05059","GEOID":"05059","NAME":"Hot Spring","NAMELSAD":"Hot Spring County","STUSPS":"AR","STATE_NAME":"Arkansas","LSAD":"06","ALAND":1592697307,"AWATER":18725590}},
{"type":"Feature","geometry":{"type":"Polygon","coordinates":[[[-92.2333,34.06237],[-92.23237,34.14917],[-92.23246,34.23094],[-92.21283,34.2304],[-92.21109,34.3181],[-92.21004,34.34729],[-92.20961,34.40557],[-92.20928,34.4101],[-92.20804,34.49281],[-92.24584,34.49358],[-92.40337,34.49571],[-92.40467,34.45189],[-92.47741,34.45334],[-92.5418,34.45423],[-92.58947,34.45558],[-92.59718,34.45262],[-92.59753,34.44454],[-92.60149,34.43899],[-92.61067,34.43198],[-92.61743,34.43123],[-92.62338,34.42539],[-92.62429,34.42001],[-92.61709,34.41694],[-92.62462,34.41317],[-92.66865,34.4145],[-92.67165,34.3124],[-92.6733,34.23941],[-92.67599,34.23944],[-92.67838,34.14965],[-92.5731,34.14735],[-92.52148,34.14584],[-92.49362,34.14425],[-92.49269,34.1359],[-92.48345,34.13298],[-92.46957,34.13643],[-92.4606,34.13303],[-92.45897,34.12846],[-92.45118,34.12552],[-92.43084,34.12602],[-92.41774,34.1172],[-92.40548,34.1154],[-92.4021,34.10888],[-92.38379,34.09651],[-92.37522,34.08675],[-92.37222,34.07385],[-92.35495,34.06715],[-92.34733,34.07053],[-92.33679,34.06339],[-92.33669,34.05948],[-92.2333,34.06237]]]},"properties":{"STATEFP":"05","COUNTYFP":"053","COUNTYNS":"00066856","GEOIDFQ":"0500000US05053","GEOID":"05053","NAME":"Grant","NAMELSAD":"Grant County","STUSPS":"AR","STATE_NAME":"Arkansas","LSAD":"06","ALAND":1636581704,"AWATER":2896901}},
{"type":"Feature","geometry":{"type":"Polygon","coordinates":[[[-94.14046,35.09967],[-94.14176,35.05568],[-94.07353,35.05418],[-94.07445,35.02643],[-94.02071,35.02519],[-93.93343,35.02346],[-93.86365,35.0227],[-93.81079,35.02076],[-93.70496,35.01972],[-93.70441,35.0465],[-93.70906,35.04679],[-93.70684,35.13489],[-93.66326,35.13384],[-93.66288,35.14822],[-93.60034,35.14714],[-93.52974,35.1455],[-93.52914,35.15999],[-93.51132,35.15972],[-93.511,35.17421],[-93.49393,35.17394],[-93.49386,35.18084],[-93.48411,35.1806],[-93.48391,35.20189],[-93.47477,35.20165],[-93.47454,35.20979],[-93.45707,35.20863],[-93.45622,35.21588],[-93.38575,35.2139],[-93.27993,35.21256],[-93.27821,35.31244],[-93.28467,35.31871],[-93.2989,35.32713],[-93.32593,35.33884],[-93.34251,35.33798],[-93.3655,35.33175],[-93.37837,35.32996],[-93.38599,35.33138],[-93.41797,35.32658],[-93.42176,35.32936],[-93.42271,35.3367],[-93.41419,35.34142],[-93.4096,35.34075],[-93.39688,35.34658],[-93.41447,35.36108],[-93.41807,35.36886],[-93.42265,35.38438],[-93.42698,35.39306],[-93.4231,35.41836],[-93.42734,35.42515],[-93.43473,35.42887],[-93.44902,35.42921],[-93.45763,35.42384],[-93.47021,35.41268],[-93.4889,35.39897],[-93.49816,35.39551],[-93.50389,35.39705],[-93.51797,35.4094],[-93.52612,35.41172],[-93.53927,35.40987],[-93.56028,35.39261],[-93.57555,35.38704],[-93.60867,35.38039],[-93.62577,35.38087],[-93.63749,35.38715],[-93.64791,35.39038],[-93.66248,35.40323],[-93.66937,35.40422],[-93.67629,35.39698],[-93.68147,35.38333],[-93.68907,35.377],[-93.70053,35.37403],[-93.71004,35.37524],[-93.71847,35.36936],[-93.73482,35.36908],[-93.74627,35.36484],[-93.75498,35.36716],[-93.76144,35.3784],[-93.7785,35.38787],[-93.7865,35.39371],[-93.79905,35.40759],[-93.80695,35.42417],[-93.81009,35.31303],[-93.82818,35.31367],[-93.87796,35.31646],[-93.91713,35.31905],[-93.92016,35.22959],[-93.97358,35.23024],[-94.02814,35.23127],[-94.02887,35.21418],[-94.03124,35.14091],[-94.13934,35.14336],[-94.14046,35.09967]]]},"properties":{"STATEFP":"05","COUNTYFP":"083","COUNTYNS":"00082850","GEOIDFQ":"0500000US05083","GEOID":"05083","NAME":"Logan","NAMELSAD":"Logan County","STUSPS":"AR","STATE_NAME":"Arkansas","LSAD":"06","ALAND":1836599800,"AWATER":53969487}},
{"type":"Feature","geometry":{"type":"Polygon","coordinates":[[[-92.94463,36.11525],[-92.9455,36.07167],[-92.93847,36.07167],[-92.94083,35.99005],[-92.94199,35.94196],[-92.94473,35.87124],[-92.94647,35.81294],[-92.94949,35.813],[-92.95137,35.72464],[-92.80974,35.72242],[-92.73678,35.72115],[-92.63143,35.71838],[-92.62984,35.79082],[-92.59824,35.79021],[-92.53794,35.79001],[-92.52264,35.78946],[-92.41685,35.78863],[-92.41473,35.88891],[-92.41711,35.88897],[-92.4144,35.9758],[-92.41156,36.06276],[-92.51887,36.06447],[-92.67639,36.06672],[-92.83782,36.07012],[-92.83691,36.1138],[-92.89072,36.11424],[-92.94463,36.11525]]]},"properties":{"STATEFP":"05","COUNTYFP":"129","COUNTYNS":"00069180","GEOIDFQ":"0500000US05129","GEOID":"05129","NAME":"Searcy","NAMELSAD":"Searcy County","STUSPS":"AR","STATE_NAME":"Arkansas","LSAD":"06","ALAND":1724618501,"AWATER":6461828}},
{"type":"Feature","geometry":{"type":"Polygon","coordinates":[[[-94.02887,35.21418],[-94.02814,35.23127],[-93.97358,35.23024],[-93.92016,35.22959],[-93.91713,35.31905],[-93.87796,35.31646],[-93.82818,35.31367],[-93.81009,35.31303],[-93.80695,35.42417],[-93.79905,35.40759],[-93.7865,35.39371],[-93.7785,35.38787],[-93.76144,35.3784],[-93.75498,35.36716],[-93.74627,35.36484],[-93.73482,35.36908],[-93.71847,35.36936],[-93.71004,35.37524],[-93.70647,35.47862],[-93.70289,35.56602],[-93.70101,35.61801],[-93.69799,35.71058],[-93.69597,35.75408],[-93.69586,35.76862],[-93.80023,35.77196],[-93.91058,35.7743],[-93.91084,35.75975],[-93.89225,35.75942],[-93.89286,35.74506],[-93.91119,35.74532],[-93.91167,35.7308],[-93.96423,35.73203],[-93.96503,35.70331],[-93.98284,35.70402],[-93.98423,35.66066],[-94.07396,35.66246],[-94.07626,35.57774],[-94.07606,35.5756],[-94.02288,35.5742],[-94.02341,35.55669],[-94.03562,35.55217],[-94.03478,35.54666],[-94.03974,35.54453],[-94.04111,35.53121],[-94.03237,35.51988],[-94.02895,35.50784],[-94.03332,35.50138],[-94.03986,35.49936],[-94.04878,35.49323],[-94.04547,35.48798],[-94.03942,35.48575],[-94.0445,35.48128],[-94.05452,35.47729],[-94.05081,35.47208],[-94.03952,35.46455],[-94.05292,35.45462],[-94.06801,35.44696],[-94.07444,35.445],[-94.07554,35.4126],[-94.07693,35.41251],[-94.07936,35.33109],[-94.07884,35.32113],[-94.08222,35.21478],[-94.06431,35.21454],[-94.06478,35.19988],[-94.04702,35.19947],[-94.04656,35.21408],[-94.02887,35.21418]]]},"properties":{"STATEFP":"05","COUNTYFP":"047","COUNTYNS":"00066853","GEOIDFQ":"0500000US05047","GEOID":"05047","NAME":"Franklin","NAMELSAD":"Franklin County","STUSPS":"AR","STATE_NAME":"Arkansas","LSAD":"06","ALAND":1577218107,"AWATER":28853849}},
{"type":"Feature","geometry":{"type":"Polygon","coordinates":[[[-91.04257,35.14819],[-91.04375,35.10399],[-91.04544,35.00105],[-91.14975,35.00247],[-91.1523,34.92548],[-91.15246,34.91185],[-91.11722,34.91181],[-91.1166,34.91064],[-91.11741,34.86714],[-91.10003,34.86713],[-91.09921,34.91163],[-91.04639,34.91198],[-90.94297,34.90678],[-90.84114,34.90632],[-90.79146,34.90573],[-90.65978,34.90585],[-90.61962,34.90632],[-90.49895,34.90469],[-90.40854,34.90402],[-90.40772,35.00249],[-90.40268,35.0025],[-90.40201,35.05385],[-90.40044,35.14823],[-90.48917,35.14401],[-90.50303,35.14422],[-90.50302,35.14329],[-90.61154,35.14522],[-90.61152,35.14642],[-90.63729,35.14704],[-90.63738,35.14515],[-90.72161,35.14693],[-90.72162,35.14796],[-90.75753,35.1476],[-90.82891,35.14818],[-90.83814,35.14912],[-90.87419,35.14814],[-90.93568,35.14876],[-90.9447,35.1476],[-90.97178,35.14748],[-91.04257,35.14819]]]},"properties":{"STATEFP":"05","COUNTYFP":"123","COUNTYNS":"00083331","GEOIDFQ":"0500000US05123","GEOID":"05123","NAME":"St. Francis","NAMELSAD":"St. Francis County","STUSPS":"AR","STATE_NAME":"Arkansas","LSAD":"06","ALAND":1644082975,"AWATER":20017606}},
{"type":"Feature","geometry":{"type":"Polygon","coordinates":[[[-91.40687,36.49712],[-91.45002,36.49756],[-91.45272,36.42242],[-91.45392,36.37905],[-91.45436,36.33554],[-91.49138,36.33653],[-91.5659,36.33741],[-91.56608,36.24996],[-91.62912,36.25241],[-91.69144,36.25316],[-91.69211,36.20909],[-91.67418,36.20857],[-91.67497,36.16477],[-91.67994,36.16474],[-91.68178,36.02274],[-91.69114,36.01908],[-91.6912,36.0118],[-91.68201,36.01162],[-91.68221,36.00057],[-91.70953,36.00097],[-91.70955,35.97604],[-91.71048,35.94178],[-91.68314,35.94009],[-91.55886,35.93825],[-91.48123,35.93637],[-91.46313,35.93685],[-91.46468,35.89255],[-91.42991,35.89177],[-91.35742,35.89066],[-91.35528,35.95618],[-91.35173,36.05358],[-91.35038,36.06898],[-91.34862,36.12549],[-91.34846,36.15763],[-91.35204,36.15797],[-91.34983,36.23097],[-91.33216,36.23082],[-91.33111,36.24462],[-91.25933,36.24347],[-91.25892,36.25788],[-91.25848,36.33089],[-91.27597,36.33087],[-91.27486,36.37458],[-91.29243,36.37474],[-91.29155,36.38918],[-91.31009,36.3898],[-91.30873,36.42043],[-91.34907,36.42091],[-91.3489,36.43559],[-91.35338,36.43561],[-91.35325,36.4504],[-91.35761,36.45037],[-91.35739,36.46508],[-91.3619,36.46492],[-91.36185,36.47217],[-91.3806,36.47238],[-91.38048,36.47964],[-91.39845,36.47993],[-91.39819,36.48706],[-91.40724,36.48719],[-91.40687,36.49712]]]},"properties":{"STATEFP":"05","COUNTYFP":"135","COUNTYNS":"00069183","GEOIDFQ":"0500000US05135","GEOID":"05135","NAME":"Sharp","NAMELSAD":"Sharp County","STUSPS":"AR","STATE_NAME":"Arkansas","LSAD":"06","ALAND":1566002724,"AWATER":5220542}},
{"type":"Feature","geometry":{"type":"Polygon","coordinates":[[[-90.50303,35.14422],[-90.48917,35.14401],[-90.40044,35.14823],[-90.40201,35.05385],[-90.40268,35.0025],[-90.40772,35.00249],[-90.40854,34.90402],[-90.40795,34.82683],[-90.38939,34.83067],[-90.36226,34.84277],[-90.33845,34.85852],[-90.32856,34.84973],[-90.3192,34.84485],[-90.31131,34.84422],[-90.30394,34.85052],[-90.30329,34.85857],[-90.30578,34.86167],[-90.31489,34.86395],[-90.31774,34.87106],[-90.30448,34.87779],[-90.28971,34.88332],[-90.27687,34.88523],[-90.25786,34.89339],[-90.24907,34.90014],[-90.24321,34.9091],[-90.24133,34.91903],[-90.24376,34.94527],[-90.24593,34.94872],[-90.27071,34.95876],[-90.29606,34.97647],[-90.30132,34.98196],[-90.30734,34.99193],[-90.31045,35.0027],[-90.30926,35.00959],[-90.30528,35.0136],[-90.30574,35.01908],[-90.29947,35.03029],[-90.29697,35.03818],[-90.29235,35.04136],[-90.26482,35.04045],[-90.2617,35.03623],[-90.2518,35.03161],[-90.24298,35.03268],[-90.23235,35.03124],[-90.21323,35.0255],[-90.20731,35.02577],[-90.19122,35.04021],[-90.18116,35.05394],[-90.175,35.07606],[-90.18099,35.08499],[-90.18137,35.09401],[-90.17684,35.11209],[-90.16736,35.12359],[-90.15068,35.13248],[-90.1418,35.13304],[-90.10684,35.11945],[-90.09501,35.11753],[-90.08262,35.12133],[-90.07302,35.12923],[-90.06655,35.13684],[-90.06401,35.14463],[-90.06867,35.156],[-90.07887,35.15941],[-90.10143,35.17109],[-90.10666,35.17603],[-90.10814,35.18157],[-90.11365,35.18329],[-90.11738,35.19006],[-90.11606,35.19859],[-90.10871,35.19926],[-90.09647,35.19485],[-90.08856,35.21232],[-90.08068,35.20854],[-90.07547,35.21405],[-90.07616,35.22148],[-90.08454,35.23104],[-90.08635,35.23818],[-90.09434,35.24879],[-90.10514,35.25442],[-90.11735,35.2558],[-90.13972,35.2523],[-90.15209,35.25599],[-90.15882,35.26289],[-90.16659,35.27459],[-90.16887,35.282],[-90.16519,35.29319],[-90.15732,35.30149],[-90.1485,35.30289],[-90.1395,35.29883],[-90.12985,35.30117],[-90.12371,35.30453],[-90.11717,35.30336],[-90.10997,35.30499],[-90.09618,35.34885],[-90.09338,35.35409],[-90.08386,35.3656],[-90.07826,35.37493],[-90.08067,35.38566],[-90.10234,35.39969],[-90.11162,35.40959],[-90.12934,35.41383],[-90.13429,35.41325],[-90.14324,35.407],[-90.14619,35.39947],[-90.14347,35.3876],[-90.13551,35.37667],[-90.14654,35.37399],[-90.16528,35.37398],[-90.17834,35.38209],[-90.17926,35.38519],[-90.1707,35.41007],[-90.16888,35.42188],[-90.14006,35.43667],[-90.28693,35.43844],[-90.34088,35.43906],[-90.50239,35.44165],[-90.50313,35.35396],[-90.5049,35.25844],[-90.50653,35.17875],[-90.50221,35.17882],[-90.50303,35.14422]]]},"properties":{"STATEFP":"05","COUNTYFP":"035","COUNTYNS":"00069162","GEOIDFQ":"0500000US05035","GEOID":"05035","NAME":"Crittenden","NAMELSAD":"Crittenden County","STUSPS":"AR","STATE_NAME":"Arkansas","LSAD":"06","ALAND":1584585353,"AWATER":82932241}},
{"type":"Feature","geometry":{"type":"Polygon","coordinates":[[[-90.80981,36.14966],[-90.74752,36.14911],[-90.74833,36.14632],[-90.76348,36.13451],[-90.77166,36.12244],[-90.77132,36.10863],[-90.78974,36.10023],[-90.78986,36.09649],[-90.80242,36.08597],[-90.82074,36.07976],[-90.82452,36.0685],[-90.82548,36.05517],[-90.83887,36.03998],[-90.84056,36.03481],[-90.83775,36.02285],[-90.8458,36.01107],[-90.85487,36.00256],[-90.85368,35.99022],[-90.8451,35.98695],[-90.84231,35.98323],[-90.8474,35.97884],[-90.85199,35.96788],[-90.81897,35.96689],[-90.74883,35.96697],[-90.60303,35.96573],[-90.38732,35.96469],[-90.38603,35.98846],[-90.37786,35.99572],[-90.36443,36.01362],[-90.35739,36.01825],[-90.35173,36.02535],[-90.3483,36.03507],[-90.34791,36.04194],[-90.33715,36.04775],[-90.33547,36.06171],[-90.33326,36.0675],[-90.32075,36.07133],[-90.31849,36.07551],[-90.32066,36.08714],[-90.31237,36.09451],[-90.30625,36.09476],[-90.29991,36.09824],[-90.29841,36.10675],[-90.29311,36.11437],[-90.27238,36.11809],[-90.26626,36.12056],[-90.26064,36.12741],[-90.24881,36.12984],[-90.24432,36.1365],[-90.23558,36.13947],[-90.23139,36.14735],[-90.23144,36.15387],[-90.23537,36.15915],[-90.23032,36.16707],[-90.22934,36.17364],[-90.22042,36.18476],[-90.21128,36.18339],[-90.20445,36.18694],[-90.19525,36.20026],[-90.19036,36.20138],[-90.32096,36.20058],[-90.32079,36.23014],[-90.31975,36.23015],[-90.31958,36.25914],[-90.3724,36.25957],[-90.42689,36.25934],[-90.48087,36.26042],[-90.4827,36.26114],[-90.53479,36.26155],[-90.55273,36.26339],[-90.58882,36.26407],[-90.58879,36.26508],[-90.62471,36.26552],[-90.73439,36.26805],[-90.78867,36.26662],[-90.80668,36.26703],[-90.80819,36.22372],[-90.80981,36.14966]]]},"properties":{"STATEFP":"05","COUNTYFP":"055","COUNTYNS":"00066857","GEOIDFQ":"0500000US05055","GEOID":"05055","NAME":"Greene","NAMELSAD":"Greene County","STUSPS":"AR","STATE_NAME":"Arkansas","LSAD":"06","ALAND":1495304325,"AWATER":5273183}},
{"type":"Feature","geometry":{"type":"Polygon","coordinates":[[[-92.89072,36.11424],[-92.83691,36.1138],[-92.83782,36.07012],[-92.67639,36.06672],[-92.51887,36.06447],[-92.41156,36.06276],[-92.40914,36.13468],[-92.42679,36.13487],[-92.4264,36.14947],[-92.40869,36.14937],[-92.40762,36.15777],[-92.41186,36.16218],[-92.4266,36.16248],[-92.4328,36.16831],[-92.44236,36.16439],[-92.44879,36.17048],[-92.45938,36.17726],[-92.4688,36.18141],[-92.47916,36.19367],[-92.48032,36.19988],[-92.47424,36.20696],[-92.45955,36.2149],[-92.45992,36.22007],[-92.47041,36.22249],[-92.47652,36.2282],[-92.47578,36.24217],[-92.46926,36.2509],[-92.4713,36.25594],[-92.47699,36.25734],[-92.49415,36.25631],[-92.50635,36.26397],[-92.52065,36.26881],[-92.52697,36.26806],[-92.53305,36.26405],[-92.54322,36.26326],[-92.54319,36.26917],[-92.5286,36.2824],[-92.5242,36.28994],[-92.52346,36.29622],[-92.52581,36.30215],[-92.54094,36.31158],[-92.55131,36.31368],[-92.56828,36.30631],[-92.57539,36.30956],[-92.57032,36.32438],[-92.56121,36.33493],[-92.54938,36.33546],[-92.53713,36.32899],[-92.53221,36.33166],[-92.52797,36.34488],[-92.53565,36.35091],[-92.55176,36.3488],[-92.56211,36.3458],[-92.58066,36.34264],[-92.59302,36.35041],[-92.59515,36.35589],[-92.59015,36.36017],[-92.57514,36.3663],[-92.55389,36.37845],[-92.54955,36.38692],[-92.5331,36.38656],[-92.53234,36.41556],[-92.52946,36.45882],[-92.52913,36.49861],[-92.56424,36.49824],[-92.77233,36.49777],[-92.85401,36.49798],[-92.8546,36.46464],[-92.86289,36.47362],[-92.87251,36.47508],[-92.87932,36.48525],[-92.8849,36.49085],[-92.88671,36.41973],[-92.88802,36.33554],[-92.88952,36.31846],[-92.88892,36.25163],[-92.88954,36.17681],[-92.89072,36.11424]]]},"properties":{"STATEFP":"05","COUNTYFP":"089","COUNTYNS":"00069898","GEOIDFQ":"0500000US05089","GEOID":"05089","NAME":"Marion","NAMELSAD":"Marion County","STUSPS":"AR","STATE_NAME":"Arkansas","LSAD":"06","ALAND":1545182806,"AWATER":112951239}},
{"type":"Feature","geometry":{"type":"Polygon","coordinates":[[[-92.5442,34.9529],[-92.54456,34.93637],[-92.64775,34.93922],[-92.64873,34.93861],[-92.64965,34.91017],[-92.68474,34.91043],[-92.75389,34.91158],[-92.7554,34.85375],[-92.73973,34.8536],[-92.65125,34.85168],[-92.65432,34.76454],[-92.54966,34.76169],[-92.55201,34.68933],[-92.49909,34.68799],[-92.5003,34.67361],[-92.44329,34.67204],[-92.44522,34.62704],[-92.38194,34.62634],[-92.34646,34.62564],[-92.34869,34.58229],[-92.24421,34.58089],[-92.24584,34.49358],[-92.20804,34.49281],[-92.14373,34.49156],[-92.03025,34.48954],[-92.02967,34.53664],[-92.02966,34.62166],[-92.10907,34.62295],[-92.10989,34.6337],[-92.10854,34.64513],[-92.09877,34.66245],[-92.09844,34.67719],[-92.09629,34.68713],[-92.09655,34.69679],[-92.09344,34.70587],[-92.09286,34.71392],[-92.09742,34.7157],[-92.09709,34.72198],[-92.07879,34.72177],[-92.0783,34.74394],[-92.07484,34.83734],[-92.07536,34.85194],[-92.07437,34.8666],[-92.07226,34.92463],[-92.07371,34.92537],[-92.07073,35.00519],[-92.07081,35.01156],[-92.12154,35.0122],[-92.22717,35.0146],[-92.22989,34.92752],[-92.31811,34.92905],[-92.3706,34.93013],[-92.41907,34.93155],[-92.41307,34.92491],[-92.41761,34.91367],[-92.42416,34.91012],[-92.42805,34.91118],[-92.43647,34.90688],[-92.43943,34.90309],[-92.44961,34.90331],[-92.44681,34.89085],[-92.44774,34.88539],[-92.44326,34.87694],[-92.44229,34.86846],[-92.44723,34.85698],[-92.43829,34.84696],[-92.45223,34.84967],[-92.45873,34.85378],[-92.46457,34.86275],[-92.46492,34.87082],[-92.45619,34.88428],[-92.45128,34.89661],[-92.45109,34.90522],[-92.45471,34.91227],[-92.46348,34.92107],[-92.46664,34.92741],[-92.46876,34.9409],[-92.47355,34.947],[-92.48034,34.95153],[-92.49183,34.95358],[-92.50455,34.95325],[-92.52788,34.95081],[-92.5442,34.9529]]]},"properties":{"STATEFP":"05","COUNTYFP":"119","COUNTYNS":"00069177","GEOIDFQ":"0500000US05119","GEOID":"05119","NAME":"Pulaski","NAMELSAD":"Pulaski County","STUSPS":"AR","STATE_NAME":"Arkansas","LSAD":"06","ALAND":1964166348,"AWATER":126982682}},
{"type":"Feature","geometry":{"type":"Polygon","coordinates":[[[-90.50239,35.44165],[-90.34088,35.43906],[-90.28693,35.43844],[-90.28691,35.52555],[-90.2871,35.6274],[-90.2863,35.65607],[-90.28679,35.69991],[-90.33969,35.70075],[-90.37569,35.70093],[-90.44855,35.70407],[-90.50058,35.70727],[-90.60796,35.70441],[-90.71349,35.70533],[-90.74748,35.70527],[-90.8632,35.70565],[-91.01322,35.70773],[-91.03701,35.70842],[-91.03791,35.66963],[-91.03909,35.56075],[-91.03925,35.44295],[-91.02824,35.44268],[-90.93125,35.44183],[-90.87722,35.44364],[-90.82382,35.44575],[-90.71619,35.44585],[-90.71612,35.44977],[-90.6108,35.44877],[-90.61094,35.44174],[-90.50239,35.44165]]]},"properties":{"STATEFP":"05","COUNTYFP":"111","COUNTYNS":"00069174","GEOIDFQ":"0500000US05111","GEOID":"05111","NAME":"Poinsett","NAMELSAD":"Poinsett County","STUSPS":"AR","STATE_NAME":"Arkansas","LSAD":"06","ALAND":1963975401,"AWATER":13892744}},
{"type":"Feature","geometry":{"type":"Polygon","coordinates":[[[-92.25284,35.36365],[-92.25075,35.4363],[-92.24849,35.53792],[-92.24476,35.53788],[-92.2433,35.5959],[-92.24288,35.63227],[-92.2408,35.71212],[-92.3185,35.71364],[-92.3828,35.71543],[-92.41841,35.71603],[-92.41685,35.78863],[-92.52264,35.78946],[-92.53794,35.79001],[-92.59824,35.79021],[-92.62984,35.79082],[-92.63143,35.71838],[-92.73678,35.72115],[-92.80974,35.72242],[-92.81163,35.65933],[-92.81241,35.59166],[-92.81346,35.54892],[-92.84928,35.54947],[-92.85017,35.49208],[-92.85095,35.46296],[-92.74484,35.46099],[-92.66181,35.4592],[-92.60248,35.45825],[-92.53281,35.45642],[-92.47967,35.45556],[-92.48147,35.36842],[-92.42822,35.36776],[-92.30564,35.36477],[-92.25284,35.36365]]]},"properties":{"STATEFP":"05","COUNTYFP":"141","COUNTYNS":"00069904","GEOIDFQ":"0500000US05141","GEOID":"05141","NAME":"Van Buren","NAMELSAD":"Van Buren County","STUSPS":"AR","STATE_NAME":"Arkansas","LSAD":"06","ALAND":1837779987,"AWATER":37206288}},
{"type":"Feature","geometry":{"type":"Polygon","coordinates":[[[-91.42198,34.01172],[-91.43277,34.01897],[-91.43867,34.03018],[-91.43361,34.0474],[-91.43349,34.06119],[-91.43578,34.07039],[-91.44507,34.08058],[-91.4534,34.08558],[-91.46226,34.08547],[-91.46524,34.08012],[-91.46013,34.07224],[-91.46222,34.06497],[-91.46691,34.0616],[-91.48184,34.0586],[-91.49046,34.06318],[-91.49035,34.0745],[-91.50069,34.07286],[-91.51352,34.07814],[-91.52867,34.09628],[-91.53318,34.09996],[-91.54582,34.10462],[-91.55414,34.10577],[-91.56362,34.10468],[-91.56977,34.10127],[-91.57787,34.09332],[-91.58969,34.08628],[-91.59801,34.08563],[-91.60643,34.08899],[-91.61061,34.09648],[-91.60571,34.1144],[-91.60105,34.11865],[-91.58982,34.12025],[-91.58239,34.12513],[-91.58996,34.13337],[-91.59801,34.1329],[-91.61438,34.12805],[-91.62511,34.12924],[-91.63536,34.13436],[-91.64927,34.13846],[-91.65849,34.14845],[-91.6952,34.17128],[-91.70132,34.17444],[-91.71668,34.17619],[-91.72738,34.17528],[-91.72653,34.15207],[-91.72671,34.06511],[-91.74473,34.06498],[-91.74509,34.09402],[-91.79786,34.09475],[-91.84968,34.0932],[-91.95366,34.09344],[-91.95368,34.06416],[-91.95302,33.97719],[-91.97644,33.97727],[-91.97612,33.87936],[-91.97587,33.79173],[-91.87299,33.79164],[-91.76905,33.79209],[-91.66407,33.79225],[-91.55766,33.78332],[-91.55562,33.87092],[-91.55385,33.87093],[-91.54866,33.97682],[-91.46571,33.97576],[-91.46523,34.00473],[-91.44513,34.00454],[-91.44525,33.99911],[-91.42227,33.99854],[-91.42198,34.01172]]]},"properties":{"STATEFP":"05","COUNTYFP":"079","COUNTYNS":"00066873","GEOIDFQ":"0500000US05079","GEOID":"05079","NAME":"Lincoln","NAMELSAD":"Lincoln County","STUSPS":"AR","STATE_NAME":"Arkansas","LSAD":"06","ALAND":1449008946,"AWATER":26693606}},
{"type":"Feature","geometry":{"type":"Polygon","coordinates":[[[-91.71048,35.94178],[-91.70955,35.97604],[-91.70953,36.00097],[-91.68221,36.00057],[-91.68201,36.01162],[-91.6912,36.0118],[-91.69114,36.01908],[-91.68178,36.02274],[-91.67994,36.16474],[-91.67497,36.16477],[-91.67418,36.20857],[-91.69211,36.20909],[-91.69144,36.25316],[-91.78358,36.25424],[-91.87222,36.25603],[-91.96126,36.25677],[-92.05908,36.25896],[-92.15693,36.26122],[-92.15953,36.19535],[-92.15993,36.17379],[-92.21389,36.17506],[-92.21523,36.13347],[-92.19841,36.13413],[-92.19564,36.13301],[-92.1907,36.12619],[-92.1924,36.11536],[-92.19056,36.10686],[-92.18096,36.1022],[-92.17669,36.10216],[-92.16672,36.10651],[-92.1535,36.11567],[-92.14093,36.11434],[-92.13499,36.10579],[-92.13323,36.09825],[-92.12461,36.08018],[-92.11863,36.07086],[-92.11093,36.06284],[-92.10113,36.05877],[-92.0873,36.05894],[-92.07566,36.05391],[-92.07201,36.04873],[-92.05777,36.03607],[-92.05905,36.02711],[-92.06554,36.02378],[-92.07487,36.02217],[-92.08078,36.02318],[-92.09385,36.01875],[-92.09939,36.01085],[-92.09684,35.99956],[-92.09367,35.99724],[-92.08416,35.98356],[-92.08294,35.97451],[-92.08558,35.96554],[-92.09647,35.95738],[-92.1096,35.95161],[-92.1134,35.93936],[-92.10608,35.92983],[-92.09339,35.92616],[-92.07275,35.92857],[-92.05632,35.9362],[-92.04756,35.94355],[-92.03892,35.94487],[-92.03053,35.9399],[-92.02638,35.92107],[-92.01662,35.91618],[-92.00537,35.91906],[-91.99351,35.92828],[-91.98562,35.93808],[-91.97691,35.9407],[-91.9638,35.9386],[-91.95305,35.93155],[-91.95059,35.92715],[-91.93643,35.91205],[-91.92105,35.90228],[-91.91135,35.89406],[-91.90371,35.89],[-91.89507,35.8821],[-91.87867,35.88013],[-91.8662,35.8822],[-91.85903,35.88054],[-91.85243,35.87461],[-91.84946,35.8673],[-91.75345,35.94285],[-91.71048,35.94178]]]},"properties":{"STATEFP":"05","COUNTYFP":"065","COUNTYNS":"00066860","GEOIDFQ":"0500000US05065","GEOID":"05065","NAME":"Izard","NAMELSAD":"Izard County","STUSPS":"AR","STATE_NAME":"Arkansas","LSAD":"06","ALAND":1502713748,"AWATER":9576574}},
{"type":"Feature","geometry":{"type":"Polygon","coordinates":[[[-93.88789,36.23513],[-93.90325,36.1955],[-93.94411,36.09112],[-93.94584,36.03386],[-93.94677,35.99267],[-93.94908,35.92365],[-93.95187,35.83312],[-93.96063,35.83326],[-93.96305,35.761],[-93.91084,35.75975],[-93.91058,35.7743],[-93.80023,35.77196],[-93.69586,35.76862],[-93.51918,35.76349],[-93.51706,35.82333],[-93.52606,35.82364],[-93.52365,35.88151],[-93.506,35.88103],[-93.50487,35.92514],[-93.48692,35.92433],[-93.48623,35.95336],[-93.46839,35.95316],[-93.46808,35.96758],[-93.45079,35.9675],[-93.44948,35.99618],[-93.44824,36.05351],[-93.44574,36.08079],[-93.48027,36.08155],[-93.47952,36.12505],[-93.55113,36.12627],[-93.55075,36.15499],[-93.58552,36.15567],[-93.58488,36.18567],[-93.61168,36.18657],[-93.61124,36.20108],[-93.62006,36.20125],[-93.6183,36.25888],[-93.63,36.26096],[-93.63665,36.26772],[-93.63658,36.27195],[-93.63096,36.27791],[-93.64113,36.28294],[-93.65097,36.28082],[-93.65516,36.276],[-93.66366,36.27689],[-93.66405,36.28364],[-93.65669,36.28767],[-93.66022,36.29448],[-93.6548,36.29919],[-93.6576,36.30302],[-93.6911,36.30406],[-93.76205,36.30464],[-93.81508,36.30655],[-93.86899,36.30736],[-93.86986,36.23483],[-93.88789,36.23513]]]},"properties":{"STATEFP":"05","COUNTYFP":"087","COUNTYNS":"00069165","GEOIDFQ":"0500000US05087","GEOID":"05087","NAME":"Madison","NAMELSAD":"Madison County","STUSPS":"AR","STATE_NAME":"Arkansas","LSAD":"06","ALAND":2160665373,"AWATER":7455733}},
{"type":"Feature","geometry":{"type":"Polygon","coordinates":[[[-94.07444,35.445],[-94.06801,35.44696],[-94.05292,35.45462],[-94.03952,35.46455],[-94.05081,35.47208],[-94.05452,35.47729],[-94.0445,35.48128],[-94.03942,35.48575],[-94.04547,35.48798],[-94.04878,35.49323],[-94.03986,35.49936],[-94.03332,35.50138],[-94.02895,35.50784],[-94.03237,35.51988],[-94.04111,35.53121],[-94.03974,35.54453],[-94.03478,35.54666],[-94.03562,35.55217],[-94.02341,35.55669],[-94.02288,35.5742],[-94.07606,35.5756],[-94.07626,35.57774],[-94.07396,35.66246],[-93.98423,35.66066],[-93.98284,35.70402],[-93.96503,35.70331],[-93.96423,35.73203],[-93.91167,35.7308],[-93.91119,35.74532],[-93.89286,35.74506],[-93.89225,35.75942],[-93.91084,35.75975],[-93.96305,35.761],[-94.01774,35.76199],[-94.05316,35.76317],[-94.12427,35.76476],[-94.12493,35.75033],[-94.22067,35.75324],[-94.28358,35.75485],[-94.33885,35.75567],[-94.33883,35.75645],[-94.49294,35.75925],[-94.48758,35.72615],[-94.47265,35.63856],[-94.46332,35.58266],[-94.4497,35.49672],[-94.43084,35.39346],[-94.42362,35.41052],[-94.42321,35.41551],[-94.42647,35.43073],[-94.42586,35.43622],[-94.42059,35.44335],[-94.41465,35.44722],[-94.4024,35.44991],[-94.39089,35.44978],[-94.38055,35.44552],[-94.3712,35.43713],[-94.35046,35.42503],[-94.34019,35.41465],[-94.33725,35.40741],[-94.33874,35.39767],[-94.34831,35.38257],[-94.34454,35.37288],[-94.33418,35.3672],[-94.31757,35.36279],[-94.2895,35.34529],[-94.27619,35.34354],[-94.26939,35.34531],[-94.26041,35.35299],[-94.25329,35.35603],[-94.24248,35.35634],[-94.22945,35.35327],[-94.20973,35.35776],[-94.20221,35.36111],[-94.18079,35.37549],[-94.16905,35.37893],[-94.1433,35.37841],[-94.13506,35.38345],[-94.13143,35.39193],[-94.13433,35.40475],[-94.1406,35.414],[-94.1516,35.42102],[-94.15841,35.42724],[-94.16133,35.43527],[-94.15603,35.44253],[-94.14245,35.44996],[-94.11601,35.45103],[-94.10589,35.4489],[-94.08855,35.44338],[-94.07444,35.445]]]},"properties":{"STATEFP":"05","COUNTYFP":"033","COUNTYNS":"00069161","GEOIDFQ":"0500000US05033","GEOID":"05033","NAME":"Crawford","NAMELSAD":"Crawford County","STUSPS":"AR","STATE_NAME":"Arkansas","LSAD":"06","ALAND":1541738664,"AWATER":26917846}},
{"type":"Feature","geometry":{"type":"Polygon","coordinates":[[[-93.51918,35.76349],[-93.69586,35.76862],[-93.69597,35.75408],[-93.69799,35.71058],[-93.70101,35.61801],[-93.70289,35.56602],[-93.70647,35.47862],[-93.71004,35.37524],[-93.70053,35.37403],[-93.68907,35.377],[-93.68147,35.38333],[-93.67629,35.39698],[-93.66937,35.40422],[-93.66248,35.40323],[-93.64791,35.39038],[-93.63749,35.38715],[-93.62577,35.38087],[-93.60867,35.38039],[-93.57555,35.38704],[-93.56028,35.39261],[-93.53927,35.40987],[-93.52612,35.41172],[-93.51797,35.4094],[-93.50389,35.39705],[-93.49816,35.39551],[-93.4889,35.39897],[-93.47021,35.41268],[-93.45763,35.42384],[-93.44902,35.42921],[-93.43473,35.42887],[-93.42734,35.42515],[-93.4231,35.41836],[-93.42698,35.39306],[-93.42265,35.38438],[-93.41807,35.36886],[-93.41447,35.36108],[-93.39688,35.34658],[-93.4096,35.34075],[-93.41419,35.34142],[-93.42271,35.3367],[-93.42176,35.32936],[-93.41797,35.32658],[-93.38599,35.33138],[-93.37837,35.32996],[-93.3655,35.33175],[-93.34251,35.33798],[-93.32593,35.33884],[-93.2989,35.32713],[-93.2977,35.39026],[-93.29587,35.47005],[-93.22382,35.46869],[-93.22253,35.51927],[-93.2227,35.55567],[-93.22129,35.59906],[-93.16782,35.59782],[-93.1676,35.61276],[-93.16445,35.72887],[-93.19999,35.72992],[-93.34423,35.7304],[-93.37908,35.73066],[-93.43245,35.73187],[-93.51964,35.73446],[-93.51918,35.76349]]]},"properties":{"STATEFP":"05","COUNTYFP":"071","COUNTYNS":"00066863","GEOIDFQ":"0500000US05071","GEOID":"05071","NAME":"Johnson","NAMELSAD":"Johnson County","STUSPS":"AR","STATE_NAME":"Arkansas","LSAD":"06","ALAND":1711955744,"AWATER":59529091}},
{"type":"Feature","geometry":{"type":"Polygon","coordinates":[[[-94.55216,36.10213],[-94.53485,36.00268],[-94.52266,35.93425],[-94.51757,35.90187],[-94.50763,35.8459],[-94.49965,35.79691],[-94.49294,35.75925],[-94.33883,35.75645],[-94.33885,35.75567],[-94.28358,35.75485],[-94.22067,35.75324],[-94.12493,35.75033],[-94.12427,35.76476],[-94.05316,35.76317],[-94.01774,35.76199],[-93.96305,35.761],[-93.96063,35.83326],[-93.95187,35.83312],[-93.94908,35.92365],[-93.94677,35.99267],[-93.94584,36.03386],[-93.94411,36.09112],[-93.90325,36.1955],[-93.88789,36.23513],[-93.94434,36.2361],[-93.94293,36.23213],[-93.95416,36.23315],[-93.95693,36.2302],[-93.95761,36.22202],[-93.96423,36.22364],[-93.97209,36.22854],[-93.97535,36.22487],[-93.97547,36.21584],[-93.97339,36.2086],[-93.98094,36.21074],[-93.99527,36.2097],[-94.00192,36.21656],[-94.00697,36.21501],[-94.0099,36.22096],[-93.9982,36.22355],[-94.00196,36.23046],[-94.01308,36.22869],[-94.02434,36.22382],[-94.02656,36.21802],[-94.01795,36.2166],[-94.01367,36.21263],[-94.01751,36.20815],[-94.13786,36.21035],[-94.21313,36.21228],[-94.24422,36.21274],[-94.33364,36.21469],[-94.33618,36.14201],[-94.38982,36.14272],[-94.39112,36.0994],[-94.46111,36.10046],[-94.48074,36.10105],[-94.55216,36.10213]]]},"properties":{"STATEFP":"05","COUNTYFP":"143","COUNTYNS":"00069905","GEOIDFQ":"0500000US05143","GEOID":"05143","NAME":"Washington","NAMELSAD":"Washington County","STUSPS":"AR","STATE_NAME":"Arkansas","LSAD":"06","ALAND":2438377043,"AWATER":27867454}},
{"type":"Feature","geometry":{"type":"Polygon","coordinates":[[[-91.45346,33.56368],[-91.45262,33.60642],[-91.45342,33.60663],[-91.45126,33.73499],[-91.45028,33.78054],[-91.50241,33.78064],[-91.53713,33.78157],[-91.55766,33.78332],[-91.66407,33.79225],[-91.76905,33.79209],[-91.87299,33.79164],[-91.97587,33.79173],[-91.97588,33.70442],[-91.97642,33.54388],[-91.97616,33.52969],[-92.00822,33.5297],[-92.00844,33.52262],[-92.00293,33.51908],[-92.00593,33.51193],[-92.00042,33.50841],[-91.99904,33.49999],[-92.00818,33.49408],[-92.00893,33.48684],[-92.00007,33.47295],[-92.00741,33.46882],[-92.01522,33.45663],[-92.01458,33.4515],[-92.01005,33.44531],[-91.99564,33.44154],[-91.99579,33.43331],[-92.00047,33.42706],[-91.99903,33.42188],[-92.002,33.4155],[-91.99018,33.39829],[-91.93994,33.39716],[-91.87253,33.39633],[-91.76833,33.39366],[-91.66497,33.39267],[-91.6061,33.39142],[-91.56176,33.39143],[-91.45737,33.38897],[-91.45681,33.42547],[-91.4548,33.50532],[-91.4512,33.50781],[-91.45436,33.52045],[-91.45346,33.56368]]]},"properties":{"STATEFP":"05","COUNTYFP":"043","COUNTYNS":"00066851","GEOIDFQ":"0500000US05043","GEOID":"05043","NAME":"Drew","NAMELSAD":"Drew County","STUSPS":"AR","STATE_NAME":"Arkansas","LSAD":"06","ALAND":2146237578,"AWATER":18789748}},
{"type":"Feature","geometry":{"type":"Polygon","coordinates":[[[-92.15693,36.26122],[-92.05908,36.25896],[-91.96126,36.25677],[-91.87222,36.25603],[-91.78358,36.25424],[-91.69144,36.25316],[-91.62912,36.25241],[-91.56608,36.24996],[-91.5659,36.33741],[-91.49138,36.33653],[-91.45436,36.33554],[-91.45392,36.37905],[-91.45272,36.42242],[-91.45002,36.49756],[-91.50014,36.49881],[-91.53687,36.49916],[-91.63144,36.4992],[-91.67234,36.49946],[-91.72666,36.49921],[-91.86599,36.49878],[-91.9858,36.49843],[-92.12031,36.49886],[-92.15029,36.49863],[-92.15169,36.4433],[-92.15064,36.43575],[-92.15448,36.34888],[-92.15837,36.29045],[-92.15919,36.26131],[-92.15693,36.26122]]]},"properties":{"STATEFP":"05","COUNTYFP":"049","COUNTYNS":"00066854","GEOIDFQ":"0500000US05049","GEOID":"05049","NAME":"Fulton","NAMELSAD":"Fulton County","STUSPS":"AR","STATE_NAME":"Arkansas","LSAD":"06","ALAND":1600597359,"AWATER":6357861}}
]}