{"type":"FeatureCollection", "features": [
{"type":"Feature","geometry":{"type":"Polygon","coordinates":[[[-91.31786,31.74979],[-91.33866,31.75001],[-91.36503,31.74818],[-91.3718,31.74295],[-91.38091,31.73246],[-91.39711,31.71136],[-91.40001,31.69786],[-91.40011,31.68816],[-91.39801,31.66267],[-91.39571,31.64417],[-91.39831,31.62627],[-91.40101,31.62037],[-91.42112,31.61157],[-91.43672,31.61267],[-91.46382,31.62037],[-91.47982,31.62897],[-91.49275,31.64428],[-91.49766,31.64537],[-91.51234,31.63472],[-91.51666,31.62733],[-91.51792,31.61864],[-91.51657,31.61182],[-91.50278,31.59573],[-91.48522,31.58617],[-91.46632,31.58607],[-91.45752,31.58757],[-91.43632,31.59497],[-91.42272,31.59707],[-91.41301,31.59537],[-91.40391,31.58977],[-91.40541,31.57647],[-91.40791,31.56937],[-91.41491,31.56217],[-91.43762,31.54617],[-91.45002,31.53967],[-91.47972,31.53037],[-91.48962,31.53427],[-91.50672,31.53297],[-91.51581,31.53089],[-91.52254,31.52208],[-91.52058,31.51321],[-91.51492,31.51011],[-91.51714,31.49839],[-91.51815,31.48348],[-91.517,31.46057],[-91.51337,31.4444],[-91.50005,31.42052],[-91.48023,31.40439],[-91.47693,31.3978],[-91.47206,31.39593],[-91.47246,31.37133],[-91.47887,31.36496],[-91.50416,31.36495],[-91.51598,31.37029],[-91.52695,31.38086],[-91.53234,31.39028],[-91.53946,31.41402],[-91.537,31.42318],[-91.54065,31.43076],[-91.54846,31.43267],[-91.56518,31.42345],[-91.57009,31.41949],[-91.57626,31.4105],[-91.57833,31.39907],[-91.57393,31.39089],[-91.56895,31.37763],[-91.56255,31.38322],[-91.55568,31.38641],[-91.54621,31.38248],[-91.54991,31.37632],[-91.55087,31.36057],[-91.54897,31.34726],[-91.53606,31.33836],[-91.53166,31.3318],[-91.51005,31.31682],[-91.50798,31.31294],[-91.50886,31.29164],[-91.51561,31.27821],[-91.51858,31.27528],[-91.53773,31.26737],[-91.5539,31.26305],[-91.57449,31.26129],[-91.58775,31.26256],[-91.62136,31.26781],[-91.63767,31.26768],[-91.64867,31.26224],[-91.65403,31.25575],[-91.65491,31.25018],[-91.65202,31.24269],[-91.64436,31.23441],[-91.62512,31.22607],[-91.60162,31.20857],[-91.59503,31.20197],[-91.58945,31.19114],[-91.58615,31.19278],[-91.58358,31.20054],[-91.58695,31.20468],[-91.58283,31.21418],[-91.57838,31.21805],[-91.57567,31.22448],[-91.56054,31.2356],[-91.55256,31.23862],[-91.54091,31.23835],[-91.53037,31.23035],[-91.53013,31.21484],[-91.51994,31.21531],[-91.50916,31.22098],[-91.50729,31.22598],[-91.49739,31.22467],[-91.49156,31.22722],[-91.4886,31.23375],[-91.4788,31.239],[-91.47762,31.2458],[-91.47997,31.25038],[-91.47719,31.25955],[-91.48297,31.26531],[-91.48901,31.26518],[-91.49163,31.2712],[-91.49729,31.27581],[-91.49487,31.28433],[-91.48016,31.28159],[-91.47533,31.286],[-91.46872,31.29834],[-91.46843,31.31957],[-91.44332,31.31933],[-91.43427,31.31418],[-91.42379,31.31535],[-91.41305,31.32387],[-91.38761,31.32707],[-91.38479,31.33359],[-91.37755,31.33701],[-91.37036,31.33475],[-91.36552,31.34079],[-91.35607,31.34392],[-91.34992,31.34015],[-91.34169,31.34003],[-91.32883,31.35107],[-91.32071,31.35218],[-91.31612,31.35616],[-91.30949,31.35465],[-91.30358,31.36098],[-91.29377,31.36026],[-91.28975,31.35632],[-91.283,31.35778],[-91.27287,31.36824],[-91.26278,31.36939],[-91.26149,31.3607],[-91.25713,31.36013],[-91.24534,31.36766],[-91.23708,31.37119],[-91.22539,31.37194],[-91.21545,31.36675],[-91.20992,31.36184],[-91.20877,31.35481],[-91.19821,31.35345],[-91.18964,31.3569],[-91.18686,31.34928],[-91.17876,31.35109],[-91.17223,31.34569],[-91.16268,31.35074],[-91.15815,31.3467],[-91.15679,31.36867],[-91.15512,31.54826],[-91.15386,31.61007],[-91.15384,31.63049],[-91.21808,31.62934],[-91.23329,31.62941],[-91.24112,31.63695],[-91.25127,31.64349],[-91.26941,31.64738],[-91.27085,31.65087],[-91.26597,31.6554],[-91.26702,31.6639],[-91.28339,31.66682],[-91.28787,31.67072],[-91.29557,31.66987],[-91.3004,31.68109],[-91.29183,31.69161],[-91.294,31.69789],[-91.29909,31.70009],[-91.29768,31.70871],[-91.30694,31.71103],[-91.31786,31.74979]]]},"properties":{"STATEFP":"28","COUNTYFP":"001","COUNTYNS":"00695726","GEOIDFQ":"0500000US28001","GEOID":"28001","NAME":"Adams","NAMELSAD":"Adams County","STUSPS":"MS","STATE_NAME":"Mississippi","LSAD":"06","ALAND":1197464268,"AWATER":65273639}},
{"type":"Feature","geometry":{"type":"Polygon","coordinates":[[[-88.67125,33.50617],[-88.67017,33.37512],[-88.66908,33.28692],[-88.55669,33.28701],[-88.44336,33.28839],[-88.30442,33.28832],[-88.28595,33.44164],[-88.27742,33.51244],[-88.26953,33.57289],[-88.25634,33.68205],[-88.25226,33.71957],[-88.24894,33.74497],[-88.31791,33.74498],[-88.32827,33.74003],[-88.32627,33.72567],[-88.33048,33.7186],[-88.33806,33.71714],[-88.34429,33.70966],[-88.34364,33.70605],[-88.34941,33.70132],[-88.36153,33.69457],[-88.36458,33.68955],[-88.37065,33.68581],[-88.37959,33.68615],[-88.38493,33.68969],[-88.38403,33.6934],[-88.39872,33.69043],[-88.39765,33.68509],[-88.40297,33.68265],[-88.40656,33.67334],[-88.41372,33.67731],[-88.41755,33.66958],[-88.42549,33.67542],[-88.4335,33.66791],[-88.44256,33.66951],[-88.4535,33.66859],[-88.45602,33.6637],[-88.46808,33.66744],[-88.47016,33.66326],[-88.47736,33.66649],[-88.48315,33.66574],[-88.49048,33.66102],[-88.49706,33.66168],[-88.50409,33.65855],[-88.51392,33.65021],[-88.51247,33.64426],[-88.49964,33.64378],[-88.5017,33.63602],[-88.49935,33.62608],[-88.50552,33.6202],[-88.50454,33.61335],[-88.49534,33.61494],[-88.48362,33.61044],[-88.47563,33.6049],[-88.47468,33.59809],[-88.48024,33.59432],[-88.48836,33.58286],[-88.49486,33.57952],[-88.48606,33.5683],[-88.49138,33.56279],[-88.49758,33.56352],[-88.49203,33.54242],[-88.48473,33.53442],[-88.47189,33.52711],[-88.4803,33.52274],[-88.48609,33.52823],[-88.49439,33.52956],[-88.49719,33.53481],[-88.50522,33.53702],[-88.50588,33.54179],[-88.5147,33.54506],[-88.52418,33.55095],[-88.52705,33.54291],[-88.53144,33.53738],[-88.54211,33.53323],[-88.54386,33.52681],[-88.5511,33.52827],[-88.55396,33.52155],[-88.56375,33.52701],[-88.57263,33.51902],[-88.57795,33.52211],[-88.58498,33.51553],[-88.59546,33.51217],[-88.60069,33.50799],[-88.60939,33.50675],[-88.67125,33.50617]]]},"properties":{"STATEFP":"28","COUNTYFP":"087","COUNTYNS":"00695767","GEOIDFQ":"0500000US28087","GEOID":"28087","NAME":"Lowndes","NAMELSAD":"Lowndes County","STUSPS":"MS","STATE_NAME":"Mississippi","LSAD":"06","ALAND":1309165407,"AWATER":28472314}},
{"type":"Feature","geometry":{"type":"Polygon","coordinates":[[[-90.30478,34.86041],[-90.30267,34.85437],[-90.30738,34.8462],[-90.3192,34.84485],[-90.32856,34.84973],[-90.33845,34.85852],[-90.36226,34.84277],[-90.38939,34.83067],[-90.39976,34.8277],[-90.41753,34.82581],[-90.43873,34.82525],[-90.44969,34.83992],[-90.43558,34.85625],[-90.42937,34.86661],[-90.4301,34.87121],[-90.43656,34.88273],[-90.44006,34.88545],[-90.45395,34.89093],[-90.46227,34.89174],[-90.47604,34.88584],[-90.48435,34.87492],[-90.48437,34.86358],[-90.48195,34.85781],[-90.47488,34.85036],[-90.4616,34.83172],[-90.45538,34.82079],[-90.46937,34.8126],[-90.47617,34.80048],[-90.47645,34.79359],[-90.47041,34.78088],[-90.45267,34.75567],[-90.44905,34.74746],[-90.44842,34.73912],[-90.45538,34.73264],[-90.465,34.72731],[-90.475,34.72389],[-90.49167,34.72139],[-90.50833,34.72361],[-90.52417,34.73139],[-90.50672,34.74978],[-90.49439,34.75743],[-90.49278,34.7725],[-90.50305,34.78333],[-90.51139,34.79],[-90.51111,34.79829],[-90.52111,34.80194],[-90.53349,34.79991],[-90.54083,34.79583],[-90.54778,34.78333],[-90.54522,34.77063],[-90.53944,34.75528],[-90.54556,34.73889],[-90.55,34.73972],[-90.56361,34.73778],[-90.56778,34.73333],[-90.56861,34.72139],[-90.57194,34.71278],[-90.55944,34.71083],[-90.5425,34.7],[-90.53244,34.69624],[-90.51667,34.69556],[-90.48333,34.70417],[-90.47417,34.70528],[-90.46667,34.7],[-90.46368,34.69264],[-90.46282,34.68407],[-90.46882,34.67003],[-90.4815,34.65802],[-90.49989,34.64498],[-90.5081,34.63668],[-90.51717,34.63093],[-90.53211,34.62733],[-90.54161,34.62861],[-90.54761,34.63166],[-90.55413,34.64087],[-90.5551,34.64624],[-90.55264,34.65971],[-90.53997,34.67684],[-90.54569,34.6884],[-90.55623,34.69358],[-90.5701,34.69343],[-90.5677,34.67909],[-90.56971,34.66635],[-90.58086,34.65517],[-90.58664,34.64371],[-90.59093,34.62875],[-90.59114,34.6192],[-90.5872,34.6109],[-90.57376,34.59213],[-90.54936,34.56926],[-90.54049,34.55787],[-90.53962,34.55393],[-90.54253,34.54015],[-90.55295,34.5313],[-90.56785,34.52398],[-90.5001,34.48439],[-90.49329,34.47995],[-90.3995,34.42381],[-90.30185,34.42455],[-90.30215,34.46742],[-90.30419,34.48083],[-90.30432,34.50962],[-90.25072,34.51011],[-90.19854,34.51109],[-90.19863,34.55443],[-90.20489,34.55444],[-90.21133,34.56075],[-90.21108,34.5731],[-90.22443,34.57638],[-90.22149,34.58246],[-90.23174,34.58821],[-90.2313,34.59186],[-90.23991,34.5932],[-90.23808,34.59761],[-90.24392,34.60215],[-90.23659,34.60764],[-90.24107,34.61492],[-90.23839,34.62115],[-90.23997,34.62624],[-90.23027,34.63071],[-90.22442,34.64144],[-90.21632,34.64687],[-90.21456,34.65775],[-90.22013,34.66176],[-90.21858,34.6657],[-90.22493,34.67295],[-90.22524,34.67651],[-90.22019,34.6843],[-90.22045,34.68993],[-90.23141,34.70199],[-90.22536,34.70405],[-90.22514,34.71151],[-90.2223,34.71576],[-90.21329,34.72264],[-90.2002,34.72442],[-90.20097,34.72921],[-90.20246,34.77297],[-90.20201,34.8011],[-90.20213,34.86037],[-90.27048,34.86068],[-90.30478,34.86041]]]},"properties":{"STATEFP":"28","COUNTYFP":"143","COUNTYNS":"00695792","GEOIDFQ":"0500000US28143","GEOID":"28143","NAME":"Tunica","NAMELSAD":"Tunica County","STUSPS":"MS","STATE_NAME":"Mississippi","LSAD":"06","ALAND":1176191638,"AWATER":57012297}},
{"type":"Feature","geometry":{"type":"Polygon","coordinates":[[[-89.01713,34.99495],[-89.01666,34.96871],[-89.01738,34.91016],[-89.01755,34.85872],[-89.03501,34.85876],[-89.03534,34.81526],[-89.08806,34.81531],[-89.08861,34.75714],[-89.08849,34.59825],[-89.03461,34.5987],[-88.89353,34.59716],[-88.73544,34.59648],[-88.71779,34.59647],[-88.71798,34.65326],[-88.71879,34.67529],[-88.71845,34.71319],[-88.71889,34.72963],[-88.71851,34.75678],[-88.75306,34.75696],[-88.75296,34.85878],[-88.82347,34.85863],[-88.82354,34.91352],[-88.82305,34.99516],[-88.85104,34.99509],[-88.88698,34.99587],[-88.92524,34.99484],[-89.01713,34.99495]]]},"properties":{"STATEFP":"28","COUNTYFP":"139","COUNTYNS":"00695790","GEOIDFQ":"0500000US28139","GEOID":"28139","NAME":"Tippah","NAMELSAD":"Tippah County","STUSPS":"MS","STATE_NAME":"Mississippi","LSAD":"06","ALAND":1185754664,"AWATER":5522230}},
{"type":"Feature","geometry":{"type":"Polygon","coordinates":[[[-90.65663,32.92251],[-90.70679,32.87859],[-90.75975,32.83567],[-90.75963,32.81401],[-90.75399,32.81799],[-90.74709,32.81737],[-90.74102,32.80913],[-90.73296,32.80998],[-90.72339,32.81888],[-90.71543,32.81428],[-90.70866,32.81797],[-90.70019,32.81323],[-90.7095,32.80688],[-90.71445,32.79979],[-90.71541,32.78986],[-90.70767,32.77779],[-90.69679,32.77304],[-90.68976,32.76588],[-90.68945,32.76086],[-90.69306,32.7543],[-90.69951,32.75013],[-90.70942,32.74744],[-90.71763,32.74799],[-90.72958,32.75722],[-90.73612,32.756],[-90.73523,32.74381],[-90.74263,32.72923],[-90.73387,32.7187],[-90.72334,32.71365],[-90.71373,32.70731],[-90.69327,32.70652],[-90.68323,32.70291],[-90.67139,32.69646],[-90.66441,32.68913],[-90.66532,32.6745],[-90.67584,32.66513],[-90.68417,32.66375],[-90.69488,32.67109],[-90.6956,32.68512],[-90.69931,32.68926],[-90.70803,32.69032],[-90.71221,32.68744],[-90.71213,32.67838],[-90.72316,32.66213],[-90.7246,32.65734],[-90.7189,32.64655],[-90.71282,32.64235],[-90.69831,32.64197],[-90.69301,32.64011],[-90.69229,32.6327],[-90.69756,32.62514],[-90.70262,32.62385],[-90.7207,32.62404],[-90.7201,32.61886],[-90.68995,32.61866],[-90.69025,32.58939],[-90.65553,32.58977],[-90.65459,32.57474],[-90.65423,32.54604],[-90.58802,32.54607],[-90.58792,32.53176],[-90.5539,32.53191],[-90.55382,32.50757],[-90.54795,32.51054],[-90.54316,32.5055],[-90.53202,32.51086],[-90.52489,32.50537],[-90.52055,32.50914],[-90.52354,32.51933],[-90.51584,32.52281],[-90.50269,32.52305],[-90.49125,32.53188],[-90.48171,32.5442],[-90.47149,32.54331],[-90.46514,32.54766],[-90.46251,32.55904],[-90.45396,32.55833],[-90.45498,32.56605],[-90.45004,32.57378],[-90.44406,32.58481],[-90.42778,32.58571],[-90.40441,32.57474],[-90.39839,32.58269],[-90.38863,32.58288],[-90.38304,32.5886],[-90.38139,32.59593],[-90.37358,32.59731],[-90.36869,32.59552],[-90.36482,32.60255],[-90.35292,32.60471],[-90.35018,32.6131],[-90.3456,32.61279],[-90.34468,32.6061],[-90.33563,32.60663],[-90.33235,32.61325],[-90.32215,32.61618],[-90.32216,32.61977],[-90.31527,32.62675],[-90.31566,32.6314],[-90.31083,32.63626],[-90.31121,32.64069],[-90.30216,32.64647],[-90.29389,32.64389],[-90.28475,32.64511],[-90.27781,32.66043],[-90.26431,32.6568],[-90.25712,32.66286],[-90.24673,32.6601],[-90.24156,32.66451],[-90.22814,32.66686],[-90.22165,32.65981],[-90.2069,32.66628],[-90.19773,32.66385],[-90.17838,32.67879],[-90.16177,32.6861],[-90.15643,32.68723],[-90.15399,32.69162],[-90.13872,32.6873],[-90.13597,32.69872],[-90.12288,32.70015],[-90.10526,32.70405],[-90.09962,32.70027],[-90.0905,32.70877],[-90.08979,32.71489],[-90.08045,32.7216],[-90.07605,32.72953],[-90.05755,32.73122],[-90.04913,32.73567],[-90.04662,32.74333],[-90.03948,32.74764],[-90.03837,32.75777],[-90.03309,32.76321],[-90.02979,32.77053],[-90.03051,32.77581],[-90.02649,32.78088],[-90.02075,32.79343],[-90.02067,32.80524],[-90.01792,32.8127],[-90.0191,32.81802],[-90.01753,32.82698],[-90.00124,32.83045],[-89.99543,32.834],[-89.98844,32.84961],[-89.98298,32.85634],[-89.98123,32.86621],[-89.97348,32.86694],[-89.97276,32.87229],[-89.96588,32.87957],[-90.11063,32.93031],[-90.27374,32.98792],[-90.29319,32.99535],[-90.31621,33.00244],[-90.33834,33.01013],[-90.33704,33.01409],[-90.3424,33.02117],[-90.34946,33.02062],[-90.35386,33.01207],[-90.36403,33.0106],[-90.36404,33.00987],[-90.44932,33.00901],[-90.44989,32.92329],[-90.51847,32.92294],[-90.54547,32.9231],[-90.59365,32.92258],[-90.65663,32.92251]]]},"properties":{"STATEFP":"28","COUNTYFP":"163","COUNTYNS":"00695802","GEOIDFQ":"0500000US28163","GEOID":"28163","NAME":"Yazoo","NAMELSAD":"Yazoo County","STUSPS":"MS","STATE_NAME":"Mississippi","LSAD":"06","ALAND":2388847326,"AWATER":30612555}},
{"type":"Feature","geometry":{"type":"Polygon","coordinates":[[[-90.45004,32.57378],[-90.44986,32.48839],[-90.39882,32.48773],[-90.34246,32.48781],[-90.33829,32.4875],[-90.24364,32.48753],[-90.24376,32.4001],[-90.15621,32.40025],[-90.14072,32.39948],[-90.0657,32.39953],[-90.06373,32.40419],[-90.07501,32.4175],[-90.06578,32.41627],[-90.06528,32.42233],[-90.07012,32.43382],[-90.06807,32.43861],[-90.05751,32.43512],[-90.04066,32.44168],[-90.03682,32.44574],[-90.04085,32.44949],[-90.02635,32.46281],[-90.02488,32.47165],[-90.01382,32.48012],[-90.00703,32.48038],[-90.00632,32.48475],[-89.99677,32.48633],[-89.99276,32.48283],[-89.98473,32.49123],[-89.98156,32.49819],[-89.97367,32.4934],[-89.9701,32.49634],[-89.96208,32.49129],[-89.95406,32.50304],[-89.94549,32.50601],[-89.94189,32.51323],[-89.9314,32.51234],[-89.92791,32.51551],[-89.92326,32.52892],[-89.91124,32.5287],[-89.91005,32.53779],[-89.90501,32.53716],[-89.89514,32.54453],[-89.8929,32.54973],[-89.89589,32.55436],[-89.88631,32.56323],[-89.87721,32.55957],[-89.87135,32.561],[-89.86382,32.56934],[-89.86116,32.58316],[-89.84535,32.58354],[-89.83934,32.59319],[-89.8326,32.58637],[-89.82688,32.58459],[-89.81793,32.58669],[-89.81587,32.58251],[-89.80725,32.58484],[-89.80658,32.5879],[-89.79846,32.58995],[-89.78412,32.58689],[-89.78125,32.58979],[-89.7818,32.59736],[-89.77078,32.59918],[-89.77091,32.60615],[-89.7613,32.6067],[-89.75915,32.61354],[-89.7516,32.62013],[-89.74107,32.62587],[-89.73614,32.63311],[-89.7303,32.63423],[-89.7299,32.74396],[-89.73002,32.88507],[-89.84042,32.88541],[-89.83954,32.8797],[-89.87058,32.87952],[-89.96588,32.87957],[-89.97276,32.87229],[-89.97348,32.86694],[-89.98123,32.86621],[-89.98298,32.85634],[-89.98844,32.84961],[-89.99543,32.834],[-90.00124,32.83045],[-90.01753,32.82698],[-90.0191,32.81802],[-90.01792,32.8127],[-90.02067,32.80524],[-90.02075,32.79343],[-90.02649,32.78088],[-90.03051,32.77581],[-90.02979,32.77053],[-90.03309,32.76321],[-90.03837,32.75777],[-90.03948,32.74764],[-90.04662,32.74333],[-90.04913,32.73567],[-90.05755,32.73122],[-90.07605,32.72953],[-90.08045,32.7216],[-90.08979,32.71489],[-90.0905,32.70877],[-90.09962,32.70027],[-90.10526,32.70405],[-90.12288,32.70015],[-90.13597,32.69872],[-90.13872,32.6873],[-90.15399,32.69162],[-90.15643,32.68723],[-90.16177,32.6861],[-90.17838,32.67879],[-90.19773,32.66385],[-90.2069,32.66628],[-90.22165,32.65981],[-90.22814,32.66686],[-90.24156,32.66451],[-90.24673,32.6601],[-90.25712,32.66286],[-90.26431,32.6568],[-90.27781,32.66043],[-90.28475,32.64511],[-90.29389,32.64389],[-90.30216,32.64647],[-90.31121,32.64069],[-90.31083,32.63626],[-90.31566,32.6314],[-90.31527,32.62675],[-90.32216,32.61977],[-90.32215,32.61618],[-90.33235,32.61325],[-90.33563,32.60663],[-90.34468,32.6061],[-90.3456,32.61279],[-90.35018,32.6131],[-90.35292,32.60471],[-90.36482,32.60255],[-90.36869,32.59552],[-90.37358,32.59731],[-90.38139,32.59593],[-90.38304,32.5886],[-90.38863,32.58288],[-90.39839,32.58269],[-90.40441,32.57474],[-90.42778,32.58571],[-90.44406,32.58481],[-90.45004,32.57378]]]},"properties":{"STATEFP":"28","COUNTYFP":"089","COUNTYNS":"00695768","GEOIDFQ":"0500000US28089","GEOID":"28089","NAME":"Madison","NAMELSAD":"Madison County","STUSPS":"MS","STATE_NAME":"Mississippi","LSAD":"06","ALAND":1849796735,"AWATER":72079469}},
{"type":"Feature","geometry":{"type":"Polygon","coordinates":[[[-89.3226,32.57643],[-89.32232,32.53842],[-89.32264,32.3893],[-89.32269,32.22347],[-89.11767,32.22397],[-88.98192,32.22405],[-88.91385,32.22419],[-88.9145,32.28284],[-88.91505,32.39386],[-88.91559,32.55843],[-88.91452,32.57696],[-88.96605,32.57668],[-89.00909,32.57689],[-89.12782,32.57698],[-89.24957,32.57691],[-89.25006,32.57646],[-89.31759,32.57646],[-89.3226,32.57643]]]},"properties":{"STATEFP":"28","COUNTYFP":"101","COUNTYNS":"00695773","GEOIDFQ":"0500000US28101","GEOID":"28101","NAME":"Newton","NAMELSAD":"Newton County","STUSPS":"MS","STATE_NAME":"Mississippi","LSAD":"06","ALAND":1496417773,"AWATER":4525334}},
{"type":"Feature","geometry":{"type":"Polygon","coordinates":[[[-90.5482,31.34957],[-90.54814,31.27602],[-90.54839,31.22338],[-90.54791,31.14567],[-90.548,31.09505],[-90.54762,30.99972],[-90.44248,30.99972],[-90.38054,30.99987],[-90.36937,31.00034],[-90.25955,31.00066],[-90.26,31.11355],[-90.26056,31.17575],[-90.26043,31.2518],[-90.2607,31.31714],[-90.26039,31.35027],[-90.35333,31.35006],[-90.45472,31.34948],[-90.5482,31.34957]]]},"properties":{"STATEFP":"28","COUNTYFP":"113","COUNTYNS":"00711758","GEOIDFQ":"0500000US28113","GEOID":"28113","NAME":"Pike","NAMELSAD":"Pike County","STUSPS":"MS","STATE_NAME":"Mississippi","LSAD":"06","ALAND":1059783761,"AWATER":3907959}},
{"type":"Feature","geometry":{"type":"Polygon","coordinates":[[[-91.21871,33.52938],[-91.2051,33.51828],[-91.18542,33.50753],[-91.1826,33.49918],[-91.19563,33.48847],[-91.20853,33.46861],[-91.22334,33.46276],[-91.23166,33.4571],[-91.23518,33.43897],[-91.21737,33.4347],[-91.20681,33.43385],[-91.19466,33.43636],[-91.18179,33.44078],[-91.16981,33.45201],[-91.17601,33.47292],[-91.17697,33.48725],[-91.17167,33.497],[-91.16161,33.49748],[-91.14613,33.49045],[-91.13215,33.48156],[-91.1212,33.46749],[-91.11694,33.45203],[-91.11895,33.44621],[-91.1301,33.43408],[-91.13188,33.43006],[-91.13915,33.42696],[-91.14766,33.42717],[-91.17628,33.41698],[-91.18443,33.41958],[-91.19935,33.41832],[-91.20527,33.41423],[-91.20903,33.40363],[-91.20476,33.39882],[-91.19113,33.38963],[-91.17694,33.38284],[-91.1663,33.37971],[-91.14882,33.37877],[-91.14194,33.38006],[-91.12124,33.38842],[-91.11376,33.39312],[-91.09953,33.40721],[-91.09631,33.41283],[-91.09505,33.42415],[-91.09747,33.43173],[-91.09428,33.44267],[-91.08703,33.45129],[-91.08183,33.45419],[-91.07074,33.45585],[-91.05983,33.45026],[-91.05808,33.44654],[-91.05815,33.42871],[-91.06444,33.41846],[-91.0798,33.40266],[-91.09107,33.39621],[-91.10146,33.38719],[-91.12041,33.36381],[-91.14019,33.35145],[-91.14222,33.34899],[-91.14097,33.33649],[-91.14367,33.3284],[-91.14147,33.31432],[-91.14161,33.29954],[-91.12554,33.28025],[-91.12808,33.2685],[-91.11883,33.26242],[-91.11056,33.24593],[-91.10082,33.23827],[-91.09693,33.24163],[-91.09475,33.2505],[-91.09034,33.25733],[-91.08614,33.27365],[-91.07853,33.28331],[-91.06703,33.28718],[-91.05873,33.2869],[-91.04815,33.2828],[-91.04362,33.27464],[-91.04519,33.2654],[-91.05041,33.2512],[-91.05413,33.24611],[-91.06871,33.23294],[-91.0707,33.2273],[-91.07784,33.22747],[-91.08598,33.22164],[-91.10026,33.21943],[-91.09602,33.21047],[-91.08394,33.19039],[-91.08079,33.18221],[-91.08005,33.17031],[-91.08166,33.15381],[-91.08571,33.13719],[-91.09987,33.13112],[-91.11321,33.12921],[-91.12808,33.12891],[-91.15036,33.1307],[-91.1603,33.14122],[-91.16941,33.14264],[-91.18366,33.14169],[-91.19256,33.13708],[-91.19966,33.12853],[-91.20199,33.12313],[-91.20146,33.10964],[-91.19595,33.10456],[-91.18084,33.09836],[-91.17314,33.08869],[-91.15022,33.08213],[-91.12464,33.06413],[-91.12038,33.05453],[-91.12281,33.05107],[-91.12531,33.03885],[-91.12833,33.03428],[-91.13744,33.02874],[-91.14976,33.02631],[-91.16184,33.01985],[-91.16625,33.01138],[-91.0685,33.01123],[-91.04671,33.01071],[-90.96543,33.01055],[-90.96542,33.00792],[-90.91434,33.0077],[-90.91446,33.09742],[-90.86267,33.09752],[-90.86073,33.09529],[-90.70184,33.09629],[-90.6957,33.10032],[-90.68575,33.09705],[-90.67892,33.10381],[-90.67955,33.11459],[-90.68891,33.11697],[-90.68895,33.123],[-90.69857,33.1214],[-90.70057,33.12512],[-90.69762,33.13189],[-90.6985,33.13803],[-90.69176,33.14206],[-90.68814,33.14847],[-90.68969,33.15812],[-90.68475,33.16736],[-90.68393,33.17876],[-90.68661,33.18459],[-90.68569,33.18961],[-90.6804,33.19336],[-90.68032,33.20197],[-90.68955,33.20896],[-90.70417,33.2126],[-90.71456,33.21924],[-90.72055,33.22754],[-90.7297,33.2283],[-90.73322,33.23298],[-90.7291,33.25012],[-90.73242,33.25916],[-90.73143,33.26456],[-90.72407,33.26488],[-90.71628,33.27003],[-90.76377,33.27036],[-90.7642,33.29947],[-90.76402,33.38645],[-90.76448,33.44569],[-90.76045,33.44575],[-90.76063,33.50012],[-90.76128,33.52935],[-90.76351,33.52939],[-90.82212,33.52988],[-90.8751,33.52934],[-90.88442,33.53044],[-90.94549,33.5302],[-90.98914,33.5304],[-91.04165,33.53007],[-91.21871,33.52938]]]},"properties":{"STATEFP":"28","COUNTYFP":"151","COUNTYNS":"00695796","GEOIDFQ":"0500000US28151","GEOID":"28151","NAME":"Washington","NAMELSAD":"Washington County","STUSPS":"MS","STATE_NAME":"Mississippi","LSAD":"06","ALAND":1875530531,"AWATER":93804060}},
{"type":"Feature","geometry":{"type":"Polygon","coordinates":[[[-90.72316,32.66213],[-90.88738,32.66226],[-90.96486,32.6628],[-90.96528,32.69348],[-90.96376,32.77697],[-90.96335,32.83825],[-90.95594,32.84441],[-90.95857,32.84839],[-90.95602,32.85291],[-90.95011,32.85373],[-90.94018,32.86207],[-90.94197,32.86972],[-90.936,32.87629],[-90.94032,32.88529],[-90.93147,32.90045],[-90.92544,32.91756],[-90.92096,32.92727],[-90.91976,32.93785],[-90.91404,32.9442],[-90.91488,32.97838],[-90.91434,33.0077],[-90.96542,33.00792],[-90.96543,33.01055],[-91.04671,33.01071],[-91.0685,33.01123],[-91.16625,33.01138],[-91.16619,33.00224],[-91.16897,32.99213],[-91.17331,32.98609],[-91.18698,32.97619],[-91.20184,32.96121],[-91.19941,32.95231],[-91.20744,32.94439],[-91.21282,32.93608],[-91.21284,32.9221],[-91.20826,32.91535],[-91.19678,32.90678],[-91.18163,32.90145],[-91.17023,32.89939],[-91.15997,32.89988],[-91.14508,32.90549],[-91.13404,32.91768],[-91.13129,32.93005],[-91.13786,32.95276],[-91.13095,32.96381],[-91.13858,32.97135],[-91.13552,32.97966],[-91.12511,32.98467],[-91.10658,32.98894],[-91.09693,32.98641],[-91.0868,32.97627],[-91.08035,32.96279],[-91.0789,32.95182],[-91.08308,32.94791],[-91.08043,32.94321],[-91.07207,32.93783],[-91.0648,32.92646],[-91.06368,32.90636],[-91.06445,32.90106],[-91.0706,32.88866],[-91.08668,32.87339],[-91.10563,32.8584],[-91.11609,32.85564],[-91.12789,32.85506],[-91.13789,32.84898],[-91.145,32.84287],[-91.15217,32.82667],[-91.15834,32.8223],[-91.16167,32.81247],[-91.16141,32.8],[-91.1644,32.78582],[-91.15692,32.78034],[-91.15761,32.77603],[-91.16497,32.76198],[-91.16533,32.7513],[-91.15861,32.74345],[-91.15024,32.74179],[-91.12315,32.7428],[-91.11365,32.73997],[-91.09057,32.7361],[-91.06077,32.72749],[-91.05448,32.72226],[-91.05704,32.71258],[-91.06395,32.70293],[-91.08114,32.69113],[-91.09876,32.68529],[-91.11826,32.67408],[-91.12772,32.66534],[-91.13764,32.65062],[-91.14435,32.64803],[-91.1527,32.64076],[-91.15356,32.62618],[-91.15132,32.61592],[-91.1462,32.60414],[-91.13528,32.59165],[-91.12511,32.58519],[-91.11864,32.58514],[-91.11276,32.59019],[-91.1057,32.59088],[-91.07951,32.60068],[-91.06135,32.60537],[-91.0498,32.60719],[-91.0489,32.61356],[-91.04326,32.62078],[-91.03841,32.63644],[-91.02577,32.64657],[-91.01429,32.64048],[-91.00682,32.63126],[-91.00296,32.62256],[-91.0046,32.60978],[-91.01372,32.59842],[-91.02294,32.59185],[-91.03099,32.58335],[-91.04345,32.57627],[-90.96404,32.57561],[-90.9648,32.50366],[-90.9644,32.50014],[-90.96338,32.41119],[-90.95895,32.42094],[-90.95793,32.42803],[-90.95124,32.44439],[-90.94466,32.45011],[-90.93539,32.45241],[-90.92648,32.45058],[-90.91879,32.44415],[-90.90231,32.44868],[-90.89474,32.4486],[-90.88147,32.44077],[-90.8751,32.44425],[-90.87288,32.45056],[-90.86138,32.44277],[-90.86057,32.57517],[-90.76808,32.57475],[-90.76278,32.57742],[-90.75365,32.57141],[-90.73952,32.57177],[-90.73346,32.5664],[-90.72626,32.56989],[-90.72586,32.57767],[-90.7308,32.58253],[-90.7317,32.58728],[-90.72273,32.59212],[-90.72204,32.59812],[-90.7164,32.61158],[-90.7201,32.61886],[-90.7207,32.62404],[-90.70262,32.62385],[-90.69756,32.62514],[-90.69229,32.6327],[-90.69301,32.64011],[-90.69831,32.64197],[-90.71282,32.64235],[-90.7189,32.64655],[-90.7246,32.65734],[-90.72316,32.66213]]]},"properties":{"STATEFP":"28","COUNTYFP":"055","COUNTYNS":"00695751","GEOIDFQ":"0500000US28055","GEOID":"28055","NAME":"Issaquena","NAMELSAD":"Issaquena County","STUSPS":"MS","STATE_NAME":"Mississippi","LSAD":"06","ALAND":1069614257,"AWATER":73664788}},
{"type":"Feature","geometry":{"type":"Polygon","coordinates":[[[-90.2002,34.72442],[-90.18863,34.72836],[-90.18711,34.73478],[-90.18127,34.74368],[-90.17267,34.74724],[-90.17498,34.75349],[-90.16553,34.75912],[-90.15861,34.75704],[-90.15417,34.75928],[-90.14026,34.75813],[-90.12891,34.76054],[-90.11483,34.74656],[-90.10711,34.7406],[-90.10698,34.73327],[-90.09828,34.73178],[-90.08402,34.73142],[-90.07541,34.72308],[-90.06505,34.72837],[-90.05705,34.72436],[-90.0599,34.72087],[-90.05159,34.7125],[-90.04818,34.7151],[-90.03005,34.70795],[-90.02387,34.71299],[-90.0114,34.71395],[-90.00739,34.7171],[-89.99997,34.71658],[-89.98885,34.72118],[-89.98268,34.72031],[-89.98185,34.72624],[-89.96255,34.72399],[-89.95412,34.72692],[-89.95483,34.73824],[-89.94858,34.73895],[-89.94413,34.74503],[-89.93482,34.74622],[-89.92989,34.75176],[-89.92552,34.75158],[-89.91891,34.7601],[-89.91301,34.76414],[-89.91402,34.76797],[-89.90859,34.77264],[-89.87386,34.77298],[-89.72344,34.77231],[-89.72394,34.83105],[-89.72373,34.87494],[-89.72445,34.94988],[-89.72432,34.99521],[-89.79519,34.99429],[-89.84849,34.99419],[-89.9559,34.99456],[-90.13766,34.99514],[-90.30836,34.99569],[-90.30132,34.98196],[-90.29606,34.97647],[-90.27071,34.95876],[-90.24593,34.94872],[-90.24376,34.94527],[-90.24133,34.91903],[-90.24321,34.9091],[-90.24907,34.90014],[-90.25786,34.89339],[-90.27687,34.88523],[-90.28971,34.88332],[-90.30448,34.87779],[-90.31774,34.87106],[-90.31489,34.86395],[-90.30478,34.86041],[-90.27048,34.86068],[-90.20213,34.86037],[-90.20201,34.8011],[-90.20246,34.77297],[-90.20097,34.72921],[-90.2002,34.72442]]]},"properties":{"STATEFP":"28","COUNTYFP":"033","COUNTYNS":"00695741","GEOIDFQ":"0500000US28033","GEOID":"28033","NAME":"DeSoto","NAMELSAD":"DeSoto County","STUSPS":"MS","STATE_NAME":"Mississippi","LSAD":"06","ALAND":1233855810,"AWATER":50232356}},
{"type":"Feature","geometry":{"type":"Polygon","coordinates":[[[-91.03071,32.11434],[-91.03051,32.10815],[-91.03861,32.09825],[-91.08001,32.07915],[-91.08171,32.07575],[-91.07911,32.05026],[-91.08231,32.04756],[-91.09871,32.04836],[-91.10371,32.05026],[-91.11431,32.05826],[-91.12861,32.07655],[-91.13931,32.08175],[-91.14881,32.08015],[-91.15581,32.07555],[-91.16161,32.06775],[-91.16131,32.05976],[-91.15631,32.05266],[-91.14511,32.04656],[-91.09551,32.03746],[-91.08441,32.03146],[-91.07993,32.01832],[-91.07591,32.01683],[-91.0901,32.00016],[-91.10411,31.99036],[-91.11741,31.98706],[-91.16441,31.98256],[-91.17741,31.97326],[-91.18831,31.96096],[-91.18951,31.94636],[-91.19321,31.93566],[-91.18371,31.93316],[-91.18491,31.92376],[-91.18321,31.91616],[-91.19261,31.91016],[-91.20101,31.90916],[-91.20881,31.90046],[-91.22695,31.88511],[-91.2349,31.87686],[-91.24814,31.86985],[-91.19853,31.86893],[-91.09681,31.86553],[-91.01368,31.86185],[-90.99312,31.85739],[-90.8751,31.83325],[-90.84189,31.82626],[-90.84324,31.80892],[-90.84039,31.8041],[-90.85225,31.7901],[-90.85266,31.78542],[-90.73628,31.78613],[-90.73565,31.81549],[-90.733,31.82998],[-90.71678,31.84458],[-90.71641,31.9042],[-90.71649,31.93962],[-90.71584,31.96222],[-90.7144,31.97763],[-90.7183,32.04835],[-90.72564,32.15466],[-90.72862,32.22512],[-90.73947,32.21548],[-90.73693,32.21216],[-90.74702,32.20335],[-90.75435,32.2062],[-90.75323,32.19606],[-90.76413,32.19163],[-90.77273,32.19241],[-90.78669,32.18304],[-90.79005,32.17472],[-90.78069,32.17188],[-90.77555,32.16667],[-90.76679,32.16303],[-90.77482,32.15399],[-90.7872,32.15325],[-90.79858,32.14721],[-90.80332,32.15258],[-90.80691,32.1509],[-90.81538,32.13856],[-90.82491,32.13883],[-90.82965,32.14486],[-90.82765,32.15684],[-90.84384,32.15904],[-90.84996,32.15674],[-90.84525,32.15109],[-90.85801,32.14357],[-90.85236,32.13931],[-90.84379,32.13862],[-90.84611,32.12817],[-90.87046,32.11998],[-90.88256,32.11453],[-90.8963,32.1256],[-90.90774,32.13189],[-90.91441,32.11728],[-90.92154,32.11651],[-90.91761,32.10736],[-90.92535,32.09969],[-90.91628,32.09866],[-90.91383,32.09606],[-90.92073,32.08739],[-90.91314,32.08744],[-90.91623,32.08136],[-90.93404,32.08157],[-90.94509,32.07992],[-90.94217,32.08697],[-90.94533,32.08926],[-90.95096,32.08157],[-90.95679,32.0836],[-90.9577,32.09034],[-90.9616,32.09898],[-90.97442,32.09538],[-90.97881,32.09888],[-90.9903,32.09699],[-91.00499,32.1023],[-91.01973,32.11088],[-91.03071,32.11434]]]},"properties":{"STATEFP":"28","COUNTYFP":"021","COUNTYNS":"00695735","GEOIDFQ":"0500000US28021","GEOID":"28021","NAME":"Claiborne","NAMELSAD":"Claiborne County","STUSPS":"MS","STATE_NAME":"Mississippi","LSAD":"06","ALAND":1262400025,"AWATER":35711134}},
{"type":"Feature","geometry":{"type":"Polygon","coordinates":[[[-90.45323,33.32948],[-90.4538,33.2673],[-90.41324,33.23532],[-90.41083,33.24511],[-90.39351,33.2455],[-90.38196,33.2444],[-90.37383,33.23846],[-90.3674,33.24413],[-90.37509,33.2464],[-90.37172,33.25093],[-90.37092,33.25793],[-90.36737,33.26219],[-90.37092,33.26579],[-90.37416,33.28193],[-90.36799,33.28105],[-90.36316,33.2764],[-90.35967,33.28144],[-90.36195,33.28759],[-90.35699,33.29708],[-90.34632,33.30392],[-90.34379,33.30906],[-90.33476,33.3068],[-90.33159,33.30283],[-90.32696,33.31128],[-90.31708,33.30934],[-90.3177,33.31735],[-90.31044,33.3204],[-90.30637,33.31909],[-90.30203,33.31001],[-90.29169,33.31901],[-90.28951,33.32808],[-90.2809,33.33542],[-90.27963,33.33951],[-90.28207,33.34796],[-90.28673,33.35598],[-90.29503,33.36178],[-90.31052,33.36387],[-90.31806,33.36303],[-90.3226,33.37025],[-90.31744,33.3738],[-90.17461,33.33338],[-90.17476,33.417],[-90.13782,33.41646],[-90.13761,33.45911],[-90.1014,33.45894],[-90.10186,33.50172],[-90.1014,33.53593],[-90.10235,33.55879],[-90.10199,33.60379],[-90.13025,33.60388],[-90.12468,33.60775],[-90.11693,33.60411],[-90.11614,33.60964],[-90.10793,33.60631],[-90.10457,33.6174],[-90.10886,33.6295],[-90.10486,33.63919],[-90.10215,33.65242],[-90.10516,33.66224],[-90.11779,33.66187],[-90.12232,33.67371],[-90.12777,33.67696],[-90.13701,33.67694],[-90.13679,33.72165],[-90.16161,33.72158],[-90.22044,33.72212],[-90.22905,33.73224],[-90.2396,33.73725],[-90.25168,33.73169],[-90.25624,33.71441],[-90.26201,33.70327],[-90.2691,33.69721],[-90.27851,33.69439],[-90.28801,33.69489],[-90.30114,33.69919],[-90.30405,33.70615],[-90.31174,33.71631],[-90.31386,33.72575],[-90.31046,33.73488],[-90.30348,33.74506],[-90.2945,33.75098],[-90.28647,33.75185],[-90.27712,33.75556],[-90.25009,33.76315],[-90.237,33.76225],[-90.23379,33.76549],[-90.22771,33.75928],[-90.2042,33.75945],[-90.1856,33.76551],[-90.17517,33.77761],[-90.17122,33.78731],[-90.17404,33.79276],[-90.18175,33.79942],[-90.17966,33.80526],[-90.18258,33.80932],[-90.24688,33.81022],[-90.29486,33.80968],[-90.36655,33.81084],[-90.45164,33.81139],[-90.45223,33.75964],[-90.45229,33.72295],[-90.45139,33.70863],[-90.45255,33.59757],[-90.45202,33.58281],[-90.45278,33.54932],[-90.45252,33.50012],[-90.45277,33.41866],[-90.45323,33.32948]]]},"properties":{"STATEFP":"28","COUNTYFP":"083","COUNTYNS":"00695765","GEOIDFQ":"0500000US28083","GEOID":"28083","NAME":"Leflore","NAMELSAD":"Leflore County","STUSPS":"MS","STATE_NAME":"Mississippi","LSAD":"06","ALAND":1538645699,"AWATER":31868197}},
{"type":"Feature","geometry":{"type":"Polygon","coordinates":[[[-89.34081,30.90991],[-89.34126,30.78597],[-89.34145,30.64772],[-89.24966,30.64731],[-89.24014,30.64765],[-89.24007,30.67716],[-89.13438,30.67696],[-89.07065,30.67701],[-88.88453,30.67729],[-88.88453,30.73559],[-88.88467,30.84046],[-88.88504,30.91079],[-89.11182,30.90992],[-89.13797,30.90988],[-89.34081,30.90991]]]},"properties":{"STATEFP":"28","COUNTYFP":"131","COUNTYNS":"00695786","GEOIDFQ":"0500000US28131","GEOID":"28131","NAME":"Stone","NAMELSAD":"Stone County","STUSPS":"MS","STATE_NAME":"Mississippi","LSAD":"06","ALAND":1153800120,"AWATER":6712351}},
{"type":"Feature","geometry":{"type":"Polygon","coordinates":[[[-89.96588,32.87957],[-89.95747,32.8917],[-89.95176,32.88981],[-89.94074,32.89346],[-89.93415,32.90033],[-89.93796,32.90427],[-89.92243,32.91169],[-89.91655,32.91619],[-89.91611,32.92486],[-89.9025,32.92794],[-89.89852,32.93032],[-89.89906,32.94387],[-89.88821,32.96004],[-89.89309,32.96204],[-89.89167,32.9679],[-89.88368,32.97396],[-89.88827,32.98059],[-89.8777,32.99299],[-89.88049,32.99892],[-89.87356,33.00101],[-89.8557,33.01813],[-89.85672,33.02124],[-89.84893,33.02953],[-89.84072,33.0352],[-89.83616,33.04181],[-89.84006,33.04795],[-89.83832,33.06033],[-89.82418,33.06414],[-89.82152,33.07173],[-89.82459,33.08106],[-89.82781,33.0837],[-89.8244,33.0948],[-89.81933,33.10011],[-89.82389,33.10403],[-89.82177,33.11395],[-89.80637,33.11715],[-89.79604,33.12438],[-89.79383,33.13072],[-89.7959,33.13814],[-89.79232,33.14528],[-89.79506,33.15279],[-89.79393,33.15947],[-89.78931,33.15866],[-89.78362,33.16206],[-89.77951,33.17145],[-89.77575,33.17398],[-89.77893,33.18174],[-89.77496,33.18433],[-89.77873,33.19149],[-89.77669,33.1938],[-89.76029,33.19611],[-89.75043,33.20546],[-89.74944,33.21448],[-89.88957,33.25298],[-90.00008,33.28395],[-90.00318,33.28503],[-90.17461,33.33338],[-90.31744,33.3738],[-90.3226,33.37025],[-90.31806,33.36303],[-90.31052,33.36387],[-90.29503,33.36178],[-90.28673,33.35598],[-90.28207,33.34796],[-90.27963,33.33951],[-90.2809,33.33542],[-90.28951,33.32808],[-90.29169,33.31901],[-90.30203,33.31001],[-90.30637,33.31909],[-90.31044,33.3204],[-90.3177,33.31735],[-90.31708,33.30934],[-90.32696,33.31128],[-90.33159,33.30283],[-90.33049,33.18668],[-90.33031,33.13782],[-90.34692,33.13202],[-90.35521,33.11961],[-90.35546,33.11315],[-90.347,33.10119],[-90.35407,33.09418],[-90.35928,33.09408],[-90.36617,33.10366],[-90.36713,33.11147],[-90.3656,33.12059],[-90.36885,33.12547],[-90.37629,33.12553],[-90.3831,33.12142],[-90.38629,33.11281],[-90.38162,33.10604],[-90.36546,33.09553],[-90.36659,33.08701],[-90.37296,33.08407],[-90.38493,33.08733],[-90.38936,33.09164],[-90.39341,33.10174],[-90.40401,33.10547],[-90.41038,33.10117],[-90.41629,33.10406],[-90.41963,33.11599],[-90.42711,33.11324],[-90.42875,33.10903],[-90.42224,33.09904],[-90.43168,33.09687],[-90.43042,33.08937],[-90.43153,33.08147],[-90.42978,33.06099],[-90.42536,33.0546],[-90.41544,33.04898],[-90.40385,33.04768],[-90.39146,33.04999],[-90.38379,33.04756],[-90.37987,33.04246],[-90.37963,33.03689],[-90.38284,33.0259],[-90.38194,33.02151],[-90.37308,33.01328],[-90.36403,33.0106],[-90.35386,33.01207],[-90.34946,33.02062],[-90.3424,33.02117],[-90.33704,33.01409],[-90.33834,33.01013],[-90.31621,33.00244],[-90.29319,32.99535],[-90.27374,32.98792],[-90.11063,32.93031],[-89.96588,32.87957]]]},"properties":{"STATEFP":"28","COUNTYFP":"051","COUNTYNS":"00695749","GEOIDFQ":"0500000US28051","GEOID":"28051","NAME":"Holmes","NAMELSAD":"Holmes County","STUSPS":"MS","STATE_NAME":"Mississippi","LSAD":"06","ALAND":1959776830,"AWATER":20568825}},
{"type":"Feature","geometry":{"type":"Polygon","coordinates":[[[-91.58945,31.19114],[-91.58905,31.17859],[-91.59706,31.16349],[-91.6042,31.15455],[-91.62167,31.13687],[-91.62571,31.12876],[-91.62599,31.1169],[-91.62153,31.11026],[-91.61476,31.10436],[-91.59469,31.09144],[-91.56765,31.07019],[-91.56128,31.06091],[-91.55991,31.05412],[-91.5644,31.03897],[-91.57169,31.02978],[-91.57841,31.02403],[-91.59046,31.01727],[-91.60649,31.01122],[-91.62512,31.00537],[-91.63694,30.99942],[-91.62512,30.99917],[-91.53873,30.99939],[-91.49739,30.99901],[-91.42362,30.99898],[-91.24649,30.99947],[-91.22484,30.99918],[-91.10829,30.99888],[-91.06021,30.99895],[-91.05993,31.00018],[-91.05892,31.09601],[-91.05967,31.12518],[-91.05945,31.21029],[-91.05947,31.28192],[-91.06316,31.28156],[-91.07995,31.28883],[-91.07954,31.29608],[-91.0833,31.29962],[-91.08354,31.30641],[-91.08794,31.31752],[-91.0954,31.32098],[-91.10269,31.32715],[-91.1115,31.31995],[-91.11969,31.32105],[-91.11967,31.32496],[-91.13486,31.33143],[-91.14385,31.34004],[-91.14652,31.34777],[-91.15456,31.34306],[-91.15815,31.3467],[-91.16268,31.35074],[-91.17223,31.34569],[-91.17876,31.35109],[-91.18686,31.34928],[-91.18964,31.3569],[-91.19821,31.35345],[-91.20877,31.35481],[-91.20992,31.36184],[-91.21545,31.36675],[-91.22539,31.37194],[-91.23708,31.37119],[-91.24534,31.36766],[-91.25713,31.36013],[-91.26149,31.3607],[-91.26278,31.36939],[-91.27287,31.36824],[-91.283,31.35778],[-91.28975,31.35632],[-91.29377,31.36026],[-91.30358,31.36098],[-91.30949,31.35465],[-91.31612,31.35616],[-91.32071,31.35218],[-91.32883,31.35107],[-91.34169,31.34003],[-91.34992,31.34015],[-91.35607,31.34392],[-91.36552,31.34079],[-91.37036,31.33475],[-91.37755,31.33701],[-91.38479,31.33359],[-91.38761,31.32707],[-91.41305,31.32387],[-91.42379,31.31535],[-91.43427,31.31418],[-91.44332,31.31933],[-91.46843,31.31957],[-91.46872,31.29834],[-91.47533,31.286],[-91.48016,31.28159],[-91.49487,31.28433],[-91.49729,31.27581],[-91.49163,31.2712],[-91.48901,31.26518],[-91.48297,31.26531],[-91.47719,31.25955],[-91.47997,31.25038],[-91.47762,31.2458],[-91.4788,31.239],[-91.4886,31.23375],[-91.49156,31.22722],[-91.49739,31.22467],[-91.50729,31.22598],[-91.50916,31.22098],[-91.51994,31.21531],[-91.53013,31.21484],[-91.53037,31.23035],[-91.54091,31.23835],[-91.55256,31.23862],[-91.56054,31.2356],[-91.57567,31.22448],[-91.57838,31.21805],[-91.58283,31.21418],[-91.58695,31.20468],[-91.58358,31.20054],[-91.58615,31.19278],[-91.58945,31.19114]]]},"properties":{"STATEFP":"28","COUNTYFP":"157","COUNTYNS":"00695799","GEOIDFQ":"0500000US28157","GEOID":"28157","NAME":"Wilkinson","NAMELSAD":"Wilkinson County","STUSPS":"MS","STATE_NAME":"Mississippi","LSAD":"06","ALAND":1756043891,"AWATER":25262385}},
{"type":"Feature","geometry":{"type":"Polygon","coordinates":[[[-89.50975,34.16208],[-89.51015,34.12511],[-89.5093,34.07091],[-89.50783,34.0709],[-89.50744,33.9731],[-89.50735,33.86747],[-89.50713,33.72182],[-89.39365,33.72172],[-89.23195,33.72187],[-89.19192,33.72216],[-89.19178,33.7386],[-89.19004,33.81171],[-89.13788,33.81214],[-89.1376,33.83981],[-89.13815,33.87366],[-89.13784,33.91868],[-89.13916,34.07412],[-89.24444,34.07394],[-89.24548,34.16119],[-89.42082,34.16186],[-89.50975,34.16208]]]},"properties":{"STATEFP":"28","COUNTYFP":"013","COUNTYNS":"00695731","GEOIDFQ":"0500000US28013","GEOID":"28013","NAME":"Calhoun","NAMELSAD":"Calhoun County","STUSPS":"MS","STATE_NAME":"Mississippi","LSAD":"06","ALAND":1519218292,"AWATER":3590388}},
{"type":"Feature","geometry":{"type":"Polygon","coordinates":[[[-88.66908,33.28692],[-88.77826,33.28641],[-88.81305,33.28642],[-88.81317,33.17351],[-88.81372,33.08921],[-88.81355,33.03487],[-88.81278,32.92597],[-88.68816,32.92684],[-88.64822,32.92688],[-88.52773,32.92786],[-88.38134,32.92909],[-88.34785,32.92908],[-88.34043,32.9912],[-88.33093,33.07312],[-88.31713,33.18412],[-88.31523,33.20332],[-88.31253,33.22092],[-88.30442,33.28832],[-88.44336,33.28839],[-88.55669,33.28701],[-88.66908,33.28692]]]},"properties":{"STATEFP":"28","COUNTYFP":"103","COUNTYNS":"00695774","GEOIDFQ":"0500000US28103","GEOID":"28103","NAME":"Noxubee","NAMELSAD":"Noxubee County","STUSPS":"MS","STATE_NAME":"Mississippi","LSAD":"06","ALAND":1800451917,"AWATER":12487951}},
{"type":"Feature","geometry":{"type":"Polygon","coordinates":[[[-89.34081,30.90991],[-89.3407,31.00103],[-89.34897,31.00104],[-89.34895,31.01037],[-89.42481,31.01011],[-89.42534,30.98245],[-89.47602,30.9829],[-89.47594,31.00136],[-89.5014,31.00146],[-89.50134,31.01603],[-89.55203,31.01596],[-89.55185,31.00192],[-89.65404,31.0025],[-89.72815,31.0023],[-89.73423,30.9956],[-89.7277,30.99333],[-89.7305,30.97971],[-89.73609,30.97445],[-89.72838,30.97114],[-89.72804,30.96652],[-89.73569,30.96657],[-89.7512,30.95144],[-89.75633,30.9435],[-89.75583,30.93954],[-89.74885,30.93282],[-89.75255,30.92816],[-89.75074,30.92325],[-89.74479,30.91893],[-89.75007,30.91293],[-89.75742,30.91499],[-89.7642,30.91191],[-89.75667,30.90107],[-89.7607,30.89631],[-89.77027,30.89939],[-89.77355,30.89686],[-89.77003,30.88225],[-89.77711,30.88109],[-89.77919,30.87519],[-89.76824,30.86639],[-89.77172,30.85468],[-89.77875,30.8558],[-89.78442,30.85374],[-89.78023,30.84624],[-89.7875,30.84411],[-89.7908,30.83213],[-89.78398,30.82739],[-89.78749,30.82419],[-89.7824,30.81798],[-89.78589,30.81596],[-89.79174,30.82039],[-89.79865,30.82086],[-89.79716,30.81175],[-89.80425,30.80693],[-89.80463,30.80251],[-89.81148,30.798],[-89.8049,30.79255],[-89.8121,30.78844],[-89.81395,30.79378],[-89.82149,30.79118],[-89.81902,30.78437],[-89.82766,30.77482],[-89.83241,30.76451],[-89.82612,30.75901],[-89.82935,30.75132],[-89.8251,30.74208],[-89.81748,30.73731],[-89.83382,30.73697],[-89.83694,30.7282],[-89.82806,30.72502],[-89.83006,30.71631],[-89.83626,30.71619],[-89.8458,30.70731],[-89.8436,30.70251],[-89.83806,30.70404],[-89.83585,30.69956],[-89.8368,30.69057],[-89.8472,30.67004],[-89.8388,30.66909],[-89.84335,30.6637],[-89.84888,30.6652],[-89.85189,30.6612],[-89.83326,30.65752],[-89.82499,30.64942],[-89.82345,30.63987],[-89.81579,30.63922],[-89.82007,30.63281],[-89.82326,30.6228],[-89.82995,30.62222],[-89.83082,30.61765],[-89.82087,30.61825],[-89.82321,30.60868],[-89.82233,30.60464],[-89.81404,30.59859],[-89.81853,30.59269],[-89.81211,30.59147],[-89.81512,30.58474],[-89.80968,30.58029],[-89.80618,30.56754],[-89.7896,30.57038],[-89.79125,30.56137],[-89.80028,30.5637],[-89.80279,30.5579],[-89.79453,30.55655],[-89.79399,30.54828],[-89.78854,30.54446],[-89.77956,30.54435],[-89.77535,30.53885],[-89.77074,30.52782],[-89.76813,30.51502],[-89.76057,30.51576],[-89.75857,30.50594],[-89.75293,30.50249],[-89.74643,30.50262],[-89.7424,30.49732],[-89.72461,30.4919],[-89.72118,30.48861],[-89.71589,30.4778],[-89.70955,30.47785],[-89.7018,30.46512],[-89.68978,30.45928],[-89.64696,30.45889],[-89.64707,30.50274],[-89.59573,30.50249],[-89.59587,30.51707],[-89.54451,30.51686],[-89.54419,30.52364],[-89.54376,30.5857],[-89.54423,30.64837],[-89.40222,30.64771],[-89.34145,30.64772],[-89.34126,30.78597],[-89.34081,30.90991]]]},"properties":{"STATEFP":"28","COUNTYFP":"109","COUNTYNS":"00695777","GEOIDFQ":"0500000US28109","GEOID":"28109","NAME":"Pearl River","NAMELSAD":"Pearl River County","STUSPS":"MS","STATE_NAME":"Mississippi","LSAD":"06","ALAND":2101322057,"AWATER":20768206}},
{"type":"Feature","geometry":{"type":"Polygon","coordinates":[[[-90.55382,32.50757],[-90.55548,32.50502],[-90.56962,32.50135],[-90.5806,32.50179],[-90.58692,32.49698],[-90.58994,32.48865],[-90.59783,32.48287],[-90.60407,32.4813],[-90.59971,32.47041],[-90.60145,32.45818],[-90.59778,32.45725],[-90.59783,32.45028],[-90.58576,32.4451],[-90.59429,32.44117],[-90.59991,32.43521],[-90.59998,32.42463],[-90.60676,32.41562],[-90.61214,32.41443],[-90.61549,32.40944],[-90.61418,32.40446],[-90.62268,32.39068],[-90.6224,32.38484],[-90.62736,32.37797],[-90.63616,32.3745],[-90.63551,32.36806],[-90.63191,32.3615],[-90.62798,32.33948],[-90.63251,32.33897],[-90.64166,32.3434],[-90.65176,32.3444],[-90.68357,32.35278],[-90.70474,32.34731],[-90.7076,32.34],[-90.69932,32.33106],[-90.70535,32.32473],[-90.7035,32.31086],[-90.6982,32.30371],[-90.69884,32.29737],[-90.7067,32.29052],[-90.70738,32.28242],[-90.7129,32.27974],[-90.7209,32.25682],[-90.71649,32.24749],[-90.7269,32.24154],[-90.72862,32.22512],[-90.72564,32.15466],[-90.7183,32.04835],[-90.65516,32.04848],[-90.65515,32.04996],[-90.58684,32.04982],[-90.51501,32.05003],[-90.46372,32.04967],[-90.28843,32.04962],[-90.23033,32.04973],[-90.22976,32.05686],[-90.23626,32.06469],[-90.23501,32.06876],[-90.22885,32.06898],[-90.22794,32.07752],[-90.23173,32.08586],[-90.22883,32.0954],[-90.24696,32.09412],[-90.23731,32.10105],[-90.24606,32.10341],[-90.25121,32.1124],[-90.24457,32.11638],[-90.241,32.12171],[-90.24168,32.12727],[-90.24728,32.1375],[-90.24278,32.14892],[-90.24948,32.14868],[-90.25346,32.15245],[-90.24194,32.15508],[-90.24538,32.1714],[-90.24204,32.17798],[-90.23631,32.17804],[-90.23264,32.1736],[-90.22448,32.17765],[-90.21264,32.17997],[-90.20824,32.18875],[-90.19782,32.18792],[-90.1938,32.19866],[-90.19052,32.19519],[-90.18169,32.2016],[-90.18975,32.2029],[-90.19099,32.20966],[-90.18562,32.218],[-90.19221,32.22567],[-90.19642,32.2253],[-90.20442,32.23077],[-90.20269,32.23674],[-90.20529,32.25195],[-90.19729,32.25685],[-90.19398,32.26209],[-90.18609,32.26065],[-90.18648,32.27351],[-90.1797,32.27616],[-90.17942,32.28706],[-90.17079,32.28746],[-90.16079,32.28584],[-90.15709,32.29384],[-90.16268,32.30624],[-90.15629,32.31054],[-90.15219,32.32374],[-90.13808,32.32615],[-90.13029,32.32975],[-90.11835,32.34001],[-90.11603,32.3461],[-90.10968,32.34865],[-90.11309,32.35453],[-90.11078,32.36284],[-90.10581,32.35964],[-90.09982,32.36677],[-90.10325,32.37129],[-90.09698,32.37594],[-90.09518,32.38915],[-90.08565,32.38578],[-90.08148,32.39534],[-90.07609,32.39385],[-90.07788,32.38766],[-90.06789,32.39184],[-90.0657,32.39953],[-90.14072,32.39948],[-90.15621,32.40025],[-90.24376,32.4001],[-90.24364,32.48753],[-90.33829,32.4875],[-90.34246,32.48781],[-90.39882,32.48773],[-90.44986,32.48839],[-90.45004,32.57378],[-90.45498,32.56605],[-90.45396,32.55833],[-90.46251,32.55904],[-90.46514,32.54766],[-90.47149,32.54331],[-90.48171,32.5442],[-90.49125,32.53188],[-90.50269,32.52305],[-90.51584,32.52281],[-90.52354,32.51933],[-90.52055,32.50914],[-90.52489,32.50537],[-90.53202,32.51086],[-90.54316,32.5055],[-90.54795,32.51054],[-90.55382,32.50757]]]},"properties":{"STATEFP":"28","COUNTYFP":"049","COUNTYNS":"00695748","GEOIDFQ":"0500000US28049","GEOID":"28049","NAME":"Hinds","NAMELSAD":"Hinds County","STUSPS":"MS","STATE_NAME":"Mississippi","LSAD":"06","ALAND":2252888305,"AWATER":19259532}},
{"type":"Feature","geometry":{"type":"Polygon","coordinates":[[[-90.36403,33.0106],[-90.37308,33.01328],[-90.38194,33.02151],[-90.38284,33.0259],[-90.37963,33.03689],[-90.37987,33.04246],[-90.38379,33.04756],[-90.39146,33.04999],[-90.40385,33.04768],[-90.41544,33.04898],[-90.42536,33.0546],[-90.42978,33.06099],[-90.43153,33.08147],[-90.43042,33.08937],[-90.43168,33.09687],[-90.42224,33.09904],[-90.42875,33.10903],[-90.42711,33.11324],[-90.41963,33.11599],[-90.41629,33.10406],[-90.41038,33.10117],[-90.40401,33.10547],[-90.39341,33.10174],[-90.38936,33.09164],[-90.38493,33.08733],[-90.37296,33.08407],[-90.36659,33.08701],[-90.36546,33.09553],[-90.38162,33.10604],[-90.38629,33.11281],[-90.3831,33.12142],[-90.37629,33.12553],[-90.36885,33.12547],[-90.3656,33.12059],[-90.36713,33.11147],[-90.36617,33.10366],[-90.35928,33.09408],[-90.35407,33.09418],[-90.347,33.10119],[-90.35546,33.11315],[-90.35521,33.11961],[-90.34692,33.13202],[-90.33031,33.13782],[-90.33049,33.18668],[-90.33159,33.30283],[-90.33476,33.3068],[-90.34379,33.30906],[-90.34632,33.30392],[-90.35699,33.29708],[-90.36195,33.28759],[-90.35967,33.28144],[-90.36316,33.2764],[-90.36799,33.28105],[-90.37416,33.28193],[-90.37092,33.26579],[-90.36737,33.26219],[-90.37092,33.25793],[-90.37172,33.25093],[-90.37509,33.2464],[-90.3674,33.24413],[-90.37383,33.23846],[-90.38196,33.2444],[-90.39351,33.2455],[-90.41083,33.24511],[-90.41324,33.23532],[-90.4538,33.2673],[-90.45323,33.32948],[-90.55555,33.32918],[-90.55521,33.27053],[-90.60665,33.2704],[-90.71436,33.27046],[-90.71628,33.27003],[-90.72407,33.26488],[-90.73143,33.26456],[-90.73242,33.25916],[-90.7291,33.25012],[-90.73322,33.23298],[-90.7297,33.2283],[-90.72055,33.22754],[-90.71456,33.21924],[-90.70417,33.2126],[-90.68955,33.20896],[-90.68032,33.20197],[-90.6804,33.19336],[-90.68569,33.18961],[-90.68661,33.18459],[-90.68393,33.17876],[-90.68475,33.16736],[-90.68969,33.15812],[-90.68814,33.14847],[-90.69176,33.14206],[-90.6985,33.13803],[-90.69762,33.13189],[-90.70057,33.12512],[-90.69857,33.1214],[-90.68895,33.123],[-90.68891,33.11697],[-90.67955,33.11459],[-90.67892,33.10381],[-90.68575,33.09705],[-90.6957,33.10032],[-90.70184,33.09629],[-90.65805,33.09651],[-90.65678,33.00896],[-90.65638,32.95139],[-90.65663,32.92251],[-90.59365,32.92258],[-90.54547,32.9231],[-90.51847,32.92294],[-90.44989,32.92329],[-90.44932,33.00901],[-90.36404,33.00987],[-90.36403,33.0106]]]},"properties":{"STATEFP":"28","COUNTYFP":"053","COUNTYNS":"00695750","GEOIDFQ":"0500000US28053","GEOID":"28053","NAME":"Humphreys","NAMELSAD":"Humphreys County","STUSPS":"MS","STATE_NAME":"Mississippi","LSAD":"06","ALAND":1084375633,"AWATER":32514314}},
{"type":"Feature","geometry":{"type":"Polygon","coordinates":[[[-89.73002,32.88507],[-89.73015,32.92992],[-89.66247,32.93012],[-89.61408,32.93054],[-89.46465,32.93109],[-89.3963,32.93166],[-89.37487,32.93086],[-89.31916,32.93165],[-89.3187,33.01385],[-89.31785,33.10887],[-89.31726,33.22066],[-89.31641,33.28556],[-89.45381,33.28594],[-89.62099,33.2857],[-89.64528,33.28551],[-89.70147,33.28551],[-89.70288,33.27645],[-89.70961,33.26937],[-89.70941,33.26348],[-89.71269,33.25925],[-89.72253,33.25923],[-89.72742,33.25259],[-89.73009,33.24465],[-89.73909,33.23794],[-89.74527,33.22819],[-89.74355,33.22021],[-89.74944,33.21448],[-89.75043,33.20546],[-89.76029,33.19611],[-89.77669,33.1938],[-89.77873,33.19149],[-89.77496,33.18433],[-89.77893,33.18174],[-89.77575,33.17398],[-89.77951,33.17145],[-89.78362,33.16206],[-89.78931,33.15866],[-89.79393,33.15947],[-89.79506,33.15279],[-89.79232,33.14528],[-89.7959,33.13814],[-89.79383,33.13072],[-89.79604,33.12438],[-89.80637,33.11715],[-89.82177,33.11395],[-89.82389,33.10403],[-89.81933,33.10011],[-89.8244,33.0948],[-89.82781,33.0837],[-89.82459,33.08106],[-89.82152,33.07173],[-89.82418,33.06414],[-89.83832,33.06033],[-89.84006,33.04795],[-89.83616,33.04181],[-89.84072,33.0352],[-89.84893,33.02953],[-89.85672,33.02124],[-89.8557,33.01813],[-89.87356,33.00101],[-89.88049,32.99892],[-89.8777,32.99299],[-89.88827,32.98059],[-89.88368,32.97396],[-89.89167,32.9679],[-89.89309,32.96204],[-89.88821,32.96004],[-89.89906,32.94387],[-89.89852,32.93032],[-89.9025,32.92794],[-89.91611,32.92486],[-89.91655,32.91619],[-89.92243,32.91169],[-89.93796,32.90427],[-89.93415,32.90033],[-89.94074,32.89346],[-89.95176,32.88981],[-89.95747,32.8917],[-89.96588,32.87957],[-89.87058,32.87952],[-89.83954,32.8797],[-89.84042,32.88541],[-89.73002,32.88507]]]},"properties":{"STATEFP":"28","COUNTYFP":"007","COUNTYNS":"00695728","GEOIDFQ":"0500000US28007","GEOID":"28007","NAME":"Attala","NAMELSAD":"Attala County","STUSPS":"MS","STATE_NAME":"Mississippi","LSAD":"06","ALAND":1903529295,"AWATER":4425860}},
{"type":"Feature","geometry":{"type":"Polygon","coordinates":[[[-90.73628,31.78613],[-90.73682,31.69849],[-90.56224,31.69832],[-90.54855,31.69882],[-90.44727,31.69926],[-90.44719,31.70069],[-90.4142,31.70046],[-90.41364,31.68528],[-90.37941,31.68519],[-90.38008,31.70021],[-90.27995,31.69987],[-90.2724,31.70422],[-90.259,31.70392],[-90.25494,31.71009],[-90.24519,31.71752],[-90.22992,31.72373],[-90.22407,31.72314],[-90.21411,31.72574],[-90.20655,31.72542],[-90.18414,31.73146],[-90.1726,31.73976],[-90.15447,31.74714],[-90.1436,31.74716],[-90.13127,31.75605],[-90.12256,31.75268],[-90.12179,31.75585],[-90.12898,31.76821],[-90.12416,31.77431],[-90.11975,31.76805],[-90.1125,31.76971],[-90.10749,31.77769],[-90.11098,31.78927],[-90.11543,31.79124],[-90.1235,31.78914],[-90.14076,31.78935],[-90.1507,31.79987],[-90.14871,31.80784],[-90.13602,31.81897],[-90.13694,31.82602],[-90.12826,31.82747],[-90.13791,31.83284],[-90.14465,31.82993],[-90.15625,31.84094],[-90.15211,31.84472],[-90.13891,31.8481],[-90.13255,31.85692],[-90.13713,31.86431],[-90.13689,31.87077],[-90.14175,31.88739],[-90.14572,31.89287],[-90.15916,31.90054],[-90.17028,31.90447],[-90.16979,31.91764],[-90.16664,31.9236],[-90.16832,31.93055],[-90.1787,31.94266],[-90.18421,31.93773],[-90.19187,31.94411],[-90.19281,31.95312],[-90.19811,31.95787],[-90.19699,31.96509],[-90.20702,31.97767],[-90.2061,31.98799],[-90.22295,31.98916],[-90.22279,31.99482],[-90.23193,32.00747],[-90.22515,32.00978],[-90.22093,32.0189],[-90.22925,32.02088],[-90.23351,32.01711],[-90.24359,32.02261],[-90.24792,32.03152],[-90.24275,32.03736],[-90.23674,32.03748],[-90.23004,32.04666],[-90.23033,32.04973],[-90.28843,32.04962],[-90.46372,32.04967],[-90.51501,32.05003],[-90.58684,32.04982],[-90.65515,32.04996],[-90.65516,32.04848],[-90.7183,32.04835],[-90.7144,31.97763],[-90.71584,31.96222],[-90.71649,31.93962],[-90.71641,31.9042],[-90.71678,31.84458],[-90.733,31.82998],[-90.73565,31.81549],[-90.73628,31.78613]]]},"properties":{"STATEFP":"28","COUNTYFP":"029","COUNTYNS":"00695739","GEOIDFQ":"0500000US28029","GEOID":"28029","NAME":"Copiah","NAMELSAD":"Copiah County","STUSPS":"MS","STATE_NAME":"Mississippi","LSAD":"06","ALAND":2013158772,"AWATER":5644780}},
{"type":"Feature","geometry":{"type":"Polygon","coordinates":[[[-90.19863,34.55443],[-90.12233,34.55411],[-90.00386,34.55396],[-89.95095,34.55407],[-89.93723,34.55366],[-89.80972,34.55376],[-89.72134,34.55427],[-89.66845,34.55437],[-89.66923,34.6402],[-89.66918,34.6856],[-89.72233,34.6855],[-89.72341,34.73119],[-89.72344,34.77231],[-89.87386,34.77298],[-89.90859,34.77264],[-89.91402,34.76797],[-89.91301,34.76414],[-89.91891,34.7601],[-89.92552,34.75158],[-89.92989,34.75176],[-89.93482,34.74622],[-89.94413,34.74503],[-89.94858,34.73895],[-89.95483,34.73824],[-89.95412,34.72692],[-89.96255,34.72399],[-89.98185,34.72624],[-89.98268,34.72031],[-89.98885,34.72118],[-89.99997,34.71658],[-90.00739,34.7171],[-90.0114,34.71395],[-90.02387,34.71299],[-90.03005,34.70795],[-90.04818,34.7151],[-90.05159,34.7125],[-90.0599,34.72087],[-90.05705,34.72436],[-90.06505,34.72837],[-90.07541,34.72308],[-90.08402,34.73142],[-90.09828,34.73178],[-90.10698,34.73327],[-90.10711,34.7406],[-90.11483,34.74656],[-90.12891,34.76054],[-90.14026,34.75813],[-90.15417,34.75928],[-90.15861,34.75704],[-90.16553,34.75912],[-90.17498,34.75349],[-90.17267,34.74724],[-90.18127,34.74368],[-90.18711,34.73478],[-90.18863,34.72836],[-90.2002,34.72442],[-90.21329,34.72264],[-90.2223,34.71576],[-90.22514,34.71151],[-90.22536,34.70405],[-90.23141,34.70199],[-90.22045,34.68993],[-90.22019,34.6843],[-90.22524,34.67651],[-90.22493,34.67295],[-90.21858,34.6657],[-90.22013,34.66176],[-90.21456,34.65775],[-90.21632,34.64687],[-90.22442,34.64144],[-90.23027,34.63071],[-90.23997,34.62624],[-90.23839,34.62115],[-90.24107,34.61492],[-90.23659,34.60764],[-90.24392,34.60215],[-90.23808,34.59761],[-90.23991,34.5932],[-90.2313,34.59186],[-90.23174,34.58821],[-90.22149,34.58246],[-90.22443,34.57638],[-90.21108,34.5731],[-90.21133,34.56075],[-90.20489,34.55444],[-90.19863,34.55443]]]},"properties":{"STATEFP":"28","COUNTYFP":"137","COUNTYNS":"00695789","GEOIDFQ":"0500000US28137","GEOID":"28137","NAME":"Tate","NAMELSAD":"Tate County","STUSPS":"MS","STATE_NAME":"Mississippi","LSAD":"06","ALAND":1048332525,"AWATER":16090911}},
{"type":"Feature","geometry":{"type":"Polygon","coordinates":[[[-89.50975,34.16208],[-89.50944,34.19096],[-89.621,34.19132],[-89.72105,34.19255],[-89.72143,34.16351],[-89.85647,34.16393],[-89.93148,34.1643],[-89.93175,34.14431],[-89.9255,34.14055],[-89.92626,34.06572],[-89.92668,33.98508],[-89.92528,33.97076],[-89.9261,33.89796],[-89.8546,33.89797],[-89.7693,33.89714],[-89.76905,33.86733],[-89.71733,33.86714],[-89.50735,33.86747],[-89.50744,33.9731],[-89.50783,34.0709],[-89.5093,34.07091],[-89.51015,34.12511],[-89.50975,34.16208]]]},"properties":{"STATEFP":"28","COUNTYFP":"161","COUNTYNS":"00695801","GEOIDFQ":"0500000US28161","GEOID":"28161","NAME":"Yalobusha","NAMELSAD":"Yalobusha County","STUSPS":"MS","STATE_NAME":"Mississippi","LSAD":"06","ALAND":1209914676,"AWATER":72140595}},
{"type":"Feature","geometry":{"type":"Polygon","coordinates":[[[-90.3995,34.42381],[-90.39753,34.42261],[-90.3994,34.40733],[-90.39982,34.33488],[-90.39907,34.32009],[-90.39901,34.26152],[-90.43386,34.26156],[-90.45057,34.2624],[-90.45043,34.21815],[-90.45098,34.07293],[-90.28947,34.07283],[-90.241,34.07315],[-90.22271,34.07222],[-90.18689,34.07299],[-90.13569,34.0729],[-90.13546,34.16007],[-90.13448,34.26561],[-90.19409,34.30141],[-90.19341,34.34027],[-90.19763,34.34025],[-90.19739,34.39444],[-90.19671,34.42581],[-90.19854,34.51109],[-90.25072,34.51011],[-90.30432,34.50962],[-90.30419,34.48083],[-90.30215,34.46742],[-90.30185,34.42455],[-90.3995,34.42381]]]},"properties":{"STATEFP":"28","COUNTYFP":"119","COUNTYNS":"00695780","GEOIDFQ":"0500000US28119","GEOID":"28119","NAME":"Quitman","NAMELSAD":"Quitman County","STUSPS":"MS","STATE_NAME":"Mississippi","LSAD":"06","ALAND":1048975539,"AWATER":3676001}},
{"type":"Feature","geometry":{"type":"Polygon","coordinates":[[[-90.7201,32.61886],[-90.7164,32.61158],[-90.72204,32.59812],[-90.72273,32.59212],[-90.7317,32.58728],[-90.7308,32.58253],[-90.72586,32.57767],[-90.72626,32.56989],[-90.73346,32.5664],[-90.73952,32.57177],[-90.75365,32.57141],[-90.76278,32.57742],[-90.76808,32.57475],[-90.86057,32.57517],[-90.86138,32.44277],[-90.87288,32.45056],[-90.8751,32.44425],[-90.88147,32.44077],[-90.89474,32.4486],[-90.90231,32.44868],[-90.91879,32.44415],[-90.92648,32.45058],[-90.93539,32.45241],[-90.94466,32.45011],[-90.95124,32.44439],[-90.95793,32.42803],[-90.95895,32.42094],[-90.96338,32.41119],[-90.9644,32.50014],[-90.9648,32.50366],[-90.96404,32.57561],[-91.04345,32.57627],[-91.06935,32.56305],[-91.0804,32.55644],[-91.07537,32.54672],[-91.06168,32.53645],[-91.05117,32.53089],[-91.01847,32.52102],[-91.00707,32.51637],[-90.99487,32.50861],[-90.98878,32.50084],[-90.98758,32.49239],[-90.9907,32.48775],[-90.99922,32.48262],[-91.00421,32.48214],[-91.02411,32.48524],[-91.03811,32.49044],[-91.05091,32.50014],[-91.06052,32.51236],[-91.07482,32.53347],[-91.09374,32.54913],[-91.09788,32.54475],[-91.09795,32.53721],[-91.1013,32.5256],[-91.10698,32.51493],[-91.11671,32.50014],[-91.11601,32.48314],[-91.10881,32.47204],[-91.09531,32.45874],[-91.08181,32.45044],[-91.05291,32.43844],[-91.02961,32.43354],[-90.99386,32.45085],[-90.97855,32.44703],[-90.96959,32.43949],[-90.96646,32.43387],[-90.96625,32.42103],[-90.97446,32.412],[-90.98072,32.40824],[-90.99408,32.40386],[-90.99378,32.39678],[-90.99624,32.38806],[-91.00061,32.38164],[-91.00451,32.36814],[-91.00011,32.3577],[-90.98667,32.35176],[-90.95458,32.34586],[-90.94298,32.34596],[-90.92117,32.34207],[-90.91236,32.33945],[-90.89776,32.35436],[-90.89206,32.37058],[-90.88895,32.37325],[-90.87829,32.37455],[-90.87563,32.37243],[-90.88216,32.35755],[-90.90072,32.33038],[-90.90124,32.32339],[-90.90517,32.3155],[-90.91616,32.30358],[-90.93399,32.29034],[-90.94783,32.28349],[-90.9554,32.28624],[-90.96415,32.29687],[-90.9762,32.29645],[-90.98075,32.29141],[-90.98408,32.27995],[-90.98298,32.27029],[-90.97134,32.25774],[-90.9694,32.25252],[-90.98029,32.2436],[-90.98313,32.23137],[-90.98377,32.21065],[-90.99516,32.19212],[-91.00247,32.19586],[-91.00451,32.21252],[-91.00291,32.22305],[-91.00961,32.22615],[-91.02151,32.23615],[-91.03431,32.24155],[-91.04651,32.24115],[-91.05031,32.23795],[-91.05311,32.22795],[-91.06141,32.21865],[-91.07111,32.22605],[-91.08371,32.22645],[-91.09211,32.22385],[-91.10041,32.21785],[-91.10851,32.20815],[-91.11727,32.20667],[-91.12404,32.2111],[-91.13359,32.21343],[-91.15803,32.20196],[-91.16417,32.19689],[-91.17105,32.17653],[-91.17455,32.15498],[-91.1717,32.14425],[-91.16282,32.13269],[-91.1444,32.13039],[-91.1314,32.12621],[-91.11129,32.12504],[-91.10118,32.13114],[-91.09166,32.1336],[-91.08163,32.13399],[-91.06908,32.13148],[-91.06155,32.12691],[-91.05317,32.12424],[-91.05121,32.14415],[-91.04851,32.15015],[-91.04971,32.15735],[-91.05571,32.16375],[-91.05891,32.17125],[-91.05831,32.18095],[-91.04181,32.17455],[-91.02501,32.16255],[-91.01661,32.16085],[-91.00291,32.16205],[-91.00411,32.14615],[-91.01181,32.13115],[-91.02001,32.12355],[-91.03091,32.12055],[-91.03071,32.11434],[-91.01973,32.11088],[-91.00499,32.1023],[-90.9903,32.09699],[-90.97881,32.09888],[-90.97442,32.09538],[-90.9616,32.09898],[-90.9577,32.09034],[-90.95679,32.0836],[-90.95096,32.08157],[-90.94533,32.08926],[-90.94217,32.08697],[-90.94509,32.07992],[-90.93404,32.08157],[-90.91623,32.08136],[-90.91314,32.08744],[-90.92073,32.08739],[-90.91383,32.09606],[-90.91628,32.09866],[-90.92535,32.09969],[-90.91761,32.10736],[-90.92154,32.11651],[-90.91441,32.11728],[-90.90774,32.13189],[-90.8963,32.1256],[-90.88256,32.11453],[-90.87046,32.11998],[-90.84611,32.12817],[-90.84379,32.13862],[-90.85236,32.13931],[-90.85801,32.14357],[-90.84525,32.15109],[-90.84996,32.15674],[-90.84384,32.15904],[-90.82765,32.15684],[-90.82965,32.14486],[-90.82491,32.13883],[-90.81538,32.13856],[-90.80691,32.1509],[-90.80332,32.15258],[-90.79858,32.14721],[-90.7872,32.15325],[-90.77482,32.15399],[-90.76679,32.16303],[-90.77555,32.16667],[-90.78069,32.17188],[-90.79005,32.17472],[-90.78669,32.18304],[-90.77273,32.19241],[-90.76413,32.19163],[-90.75323,32.19606],[-90.75435,32.2062],[-90.74702,32.20335],[-90.73693,32.21216],[-90.73947,32.21548],[-90.72862,32.22512],[-90.7269,32.24154],[-90.71649,32.24749],[-90.7209,32.25682],[-90.7129,32.27974],[-90.70738,32.28242],[-90.7067,32.29052],[-90.69884,32.29737],[-90.6982,32.30371],[-90.7035,32.31086],[-90.70535,32.32473],[-90.69932,32.33106],[-90.7076,32.34],[-90.70474,32.34731],[-90.68357,32.35278],[-90.65176,32.3444],[-90.64166,32.3434],[-90.63251,32.33897],[-90.62798,32.33948],[-90.63191,32.3615],[-90.63551,32.36806],[-90.63616,32.3745],[-90.62736,32.37797],[-90.6224,32.38484],[-90.62268,32.39068],[-90.61418,32.40446],[-90.61549,32.40944],[-90.61214,32.41443],[-90.60676,32.41562],[-90.59998,32.42463],[-90.59991,32.43521],[-90.59429,32.44117],[-90.58576,32.4451],[-90.59783,32.45028],[-90.59778,32.45725],[-90.60145,32.45818],[-90.59971,32.47041],[-90.60407,32.4813],[-90.59783,32.48287],[-90.58994,32.48865],[-90.58692,32.49698],[-90.5806,32.50179],[-90.56962,32.50135],[-90.55548,32.50502],[-90.55382,32.50757],[-90.5539,32.53191],[-90.58792,32.53176],[-90.58802,32.54607],[-90.65423,32.54604],[-90.65459,32.57474],[-90.65553,32.58977],[-90.69025,32.58939],[-90.68995,32.61866],[-90.7201,32.61886]]]},"properties":{"STATEFP":"28","COUNTYFP":"149","COUNTYNS":"00695795","GEOIDFQ":"0500000US28149","GEOID":"28149","NAME":"Warren","NAMELSAD":"Warren County","STUSPS":"MS","STATE_NAME":"Mississippi","LSAD":"06","ALAND":1524302185,"AWATER":77744204}},
{"type":"Feature","geometry":{"type":"Polygon","coordinates":[[[-90.0657,32.39953],[-90.06789,32.39184],[-90.07788,32.38766],[-90.07609,32.39385],[-90.08148,32.39534],[-90.08565,32.38578],[-90.09518,32.38915],[-90.09698,32.37594],[-90.10325,32.37129],[-90.09982,32.36677],[-90.10581,32.35964],[-90.11078,32.36284],[-90.11309,32.35453],[-90.10968,32.34865],[-90.11603,32.3461],[-90.11835,32.34001],[-90.13029,32.32975],[-90.13808,32.32615],[-90.15219,32.32374],[-90.15629,32.31054],[-90.16268,32.30624],[-90.15709,32.29384],[-90.16079,32.28584],[-90.17079,32.28746],[-90.17942,32.28706],[-90.1797,32.27616],[-90.18648,32.27351],[-90.18609,32.26065],[-90.19398,32.26209],[-90.19729,32.25685],[-90.20529,32.25195],[-90.20269,32.23674],[-90.20442,32.23077],[-90.19642,32.2253],[-90.19221,32.22567],[-90.18562,32.218],[-90.19099,32.20966],[-90.18975,32.2029],[-90.18169,32.2016],[-90.19052,32.19519],[-90.1938,32.19866],[-90.19782,32.18792],[-90.20824,32.18875],[-90.21264,32.17997],[-90.22448,32.17765],[-90.23264,32.1736],[-90.23631,32.17804],[-90.24204,32.17798],[-90.24538,32.1714],[-90.24194,32.15508],[-90.25346,32.15245],[-90.24948,32.14868],[-90.24278,32.14892],[-90.24728,32.1375],[-90.24168,32.12727],[-90.241,32.12171],[-90.24457,32.11638],[-90.25121,32.1124],[-90.24606,32.10341],[-90.23731,32.10105],[-90.24696,32.09412],[-90.22883,32.0954],[-90.23173,32.08586],[-90.22794,32.07752],[-90.22885,32.06898],[-90.23501,32.06876],[-90.23626,32.06469],[-90.22976,32.05686],[-90.23033,32.04973],[-90.07807,32.04941],[-89.93719,32.04916],[-89.93707,32.04793],[-89.88198,32.0475],[-89.73007,32.04707],[-89.72975,32.13428],[-89.73115,32.13429],[-89.73106,32.22195],[-89.73042,32.22204],[-89.72982,32.33528],[-89.73006,32.35273],[-89.75644,32.46939],[-89.77354,32.54392],[-89.78412,32.58689],[-89.79846,32.58995],[-89.80658,32.5879],[-89.80725,32.58484],[-89.81587,32.58251],[-89.81793,32.58669],[-89.82688,32.58459],[-89.8326,32.58637],[-89.83934,32.59319],[-89.84535,32.58354],[-89.86116,32.58316],[-89.86382,32.56934],[-89.87135,32.561],[-89.87721,32.55957],[-89.88631,32.56323],[-89.89589,32.55436],[-89.8929,32.54973],[-89.89514,32.54453],[-89.90501,32.53716],[-89.91005,32.53779],[-89.91124,32.5287],[-89.92326,32.52892],[-89.92791,32.51551],[-89.9314,32.51234],[-89.94189,32.51323],[-89.94549,32.50601],[-89.95406,32.50304],[-89.96208,32.49129],[-89.9701,32.49634],[-89.97367,32.4934],[-89.98156,32.49819],[-89.98473,32.49123],[-89.99276,32.48283],[-89.99677,32.48633],[-90.00632,32.48475],[-90.00703,32.48038],[-90.01382,32.48012],[-90.02488,32.47165],[-90.02635,32.46281],[-90.04085,32.44949],[-90.03682,32.44574],[-90.04066,32.44168],[-90.05751,32.43512],[-90.06807,32.43861],[-90.07012,32.43382],[-90.06528,32.42233],[-90.06578,32.41627],[-90.07501,32.4175],[-90.06373,32.40419],[-90.0657,32.39953]]]},"properties":{"STATEFP":"28","COUNTYFP":"121","COUNTYNS":"00695781","GEOIDFQ":"0500000US28121","GEOID":"28121","NAME":"Rankin","NAMELSAD":"Rankin County","STUSPS":"MS","STATE_NAME":"Mississippi","LSAD":"06","ALAND":2008531642,"AWATER":79220514}},
{"type":"Feature","geometry":{"type":"MultiPolygon","coordinates":[[[[-88.88453,30.67729],[-88.88394,30.56098],[-88.88341,30.49372],[-88.88313,30.4188],[-88.87086,30.41947],[-88.87015,30.42424],[-88.85779,30.43019],[-88.85327,30.42301],[-88.84566,30.42056],[-88.84133,30.4096],[-88.82372,30.40238],[-88.81023,30.3947],[-88.80169,30.39165],[-88.79409,30.39186],[-88.78981,30.38632],[-88.79599,30.38345],[-88.81169,30.38525],[-88.77174,30.3654],[-88.74694,30.34762],[-88.72889,30.34267],[-88.71408,30.34219],[-88.70059,30.34369],[-88.69216,30.3473],[-88.67957,30.35571],[-88.66382,30.3621],[-88.6377,30.35985],[-88.6182,30.37258],[-88.61095,30.37168],[-88.61285,30.3652],[-88.61151,30.35602],[-88.59281,30.36124],[-88.58917,30.36803],[-88.58358,30.3658],[-88.58519,30.35904],[-88.58136,30.35649],[-88.57981,30.34585],[-88.52694,30.34243],[-88.52194,30.3369],[-88.50633,30.3274],[-88.50412,30.32007],[-88.48012,30.31835],[-88.47187,30.32002],[-88.45381,30.32963],[-88.44737,30.33899],[-88.44987,30.35476],[-88.44767,30.35805],[-88.4372,30.35819],[-88.43091,30.35556],[-88.41959,30.35538],[-88.41237,30.35802],[-88.40915,30.35066],[-88.40248,30.34551],[-88.39455,30.35009],[-88.39906,30.36074],[-88.39502,30.36943],[-88.40393,30.54336],[-88.40807,30.63697],[-88.41134,30.70633],[-88.41245,30.7356],[-88.47001,30.73495],[-88.61303,30.73491],[-88.66105,30.73472],[-88.83408,30.73424],[-88.83404,30.73605],[-88.88453,30.73559],[-88.88453,30.67729]]],[[[-88.50502,30.21574],[-88.50275,30.21051],[-88.49352,30.20595],[-88.45365,30.19658],[-88.41441,30.20364],[-88.41638,30.20861],[-88.43033,30.20855],[-88.44265,30.20231],[-88.45344,30.20124],[-88.49164,30.20957],[-88.50502,30.21574]]],[[[-88.58434,30.33721],[-88.58257,30.33134],[-88.57248,30.32899],[-88.56823,30.3322],[-88.56977,30.34056],[-88.57533,30.33776],[-88.58434,30.33721]]],[[[-88.76452,30.24375],[-88.76444,30.24142],[-88.75278,30.2388],[-88.73546,30.23935],[-88.71494,30.24372],[-88.68702,30.234],[-88.66564,30.22964],[-88.63374,30.22634],[-88.59733,30.22162],[-88.59743,30.22594],[-88.6568,30.23396],[-88.67895,30.24232],[-88.68831,30.2438],[-88.7153,30.25226],[-88.72126,30.25132],[-88.73022,30.24608],[-88.7471,30.24637],[-88.76452,30.24375]]]]},"properties":{"STATEFP":"28","COUNTYFP":"059","COUNTYNS":"00695753","GEOIDFQ":"0500000US28059","GEOID":"28059","NAME":"Jackson","NAMELSAD":"Jackson County","STUSPS":"MS","STATE_NAME":"Mississippi","LSAD":"06","ALAND":1872109196,"AWATER":830292614}},
{"type":"Feature","geometry":{"type":"Polygon","coordinates":[[[-88.54208,34.46528],[-88.54228,34.39015],[-88.54218,34.33799],[-88.54464,34.33516],[-88.54466,34.27678],[-88.54432,34.19879],[-88.5436,34.18037],[-88.54381,34.13043],[-88.54335,34.08904],[-88.4937,34.08911],[-88.40171,34.08749],[-88.37337,34.08775],[-88.20378,34.08655],[-88.2002,34.11595],[-88.19213,34.17535],[-88.19068,34.19012],[-88.18762,34.20478],[-88.18667,34.22095],[-88.17689,34.29386],[-88.16563,34.3831],[-88.15629,34.46321],[-88.18683,34.46343],[-88.32919,34.46357],[-88.44551,34.4653],[-88.54208,34.46528]]]},"properties":{"STATEFP":"28","COUNTYFP":"057","COUNTYNS":"00695752","GEOIDFQ":"0500000US28057","GEOID":"28057","NAME":"Itawamba","NAMELSAD":"Itawamba County","STUSPS":"MS","STATE_NAME":"Mississippi","LSAD":"06","ALAND":1379932999,"AWATER":19825536}},
{"type":"Feature","geometry":{"type":"Polygon","coordinates":[[[-89.72344,34.77231],[-89.72341,34.73119],[-89.72233,34.6855],[-89.66918,34.6856],[-89.66923,34.6402],[-89.66845,34.55437],[-89.62661,34.55505],[-89.52763,34.55477],[-89.47665,34.55402],[-89.47666,34.54899],[-89.46836,34.54627],[-89.46502,34.54073],[-89.45566,34.53251],[-89.4431,34.5312],[-89.44019,34.52345],[-89.43429,34.52006],[-89.42446,34.51913],[-89.41488,34.52219],[-89.40744,34.52229],[-89.40646,34.52601],[-89.38903,34.52424],[-89.3866,34.52109],[-89.36983,34.51862],[-89.36424,34.52174],[-89.36693,34.52579],[-89.34617,34.52546],[-89.33718,34.52292],[-89.3327,34.52455],[-89.31048,34.51757],[-89.29276,34.51579],[-89.28657,34.5084],[-89.2761,34.50517],[-89.26431,34.50543],[-89.25852,34.49807],[-89.24613,34.49563],[-89.24564,34.58323],[-89.29833,34.58293],[-89.29825,34.64056],[-89.2989,34.73103],[-89.29923,34.84442],[-89.3527,34.84443],[-89.3529,34.86096],[-89.35268,34.99412],[-89.43495,34.99375],[-89.4869,34.99398],[-89.51115,34.99476],[-89.64428,34.99529],[-89.72432,34.99521],[-89.72445,34.94988],[-89.72373,34.87494],[-89.72394,34.83105],[-89.72344,34.77231]]]},"properties":{"STATEFP":"28","COUNTYFP":"093","COUNTYNS":"00695770","GEOIDFQ":"0500000US28093","GEOID":"28093","NAME":"Marshall","NAMELSAD":"Marshall County","STUSPS":"MS","STATE_NAME":"Mississippi","LSAD":"06","ALAND":1829027816,"AWATER":9173803}},
{"type":"Feature","geometry":{"type":"Polygon","coordinates":[[[-88.54208,34.46528],[-88.54231,34.49565],[-88.54175,34.50919],[-88.58321,34.50887],[-88.62201,34.50926],[-88.73646,34.50891],[-88.73667,34.49466],[-88.78944,34.49493],[-88.78977,34.39369],[-88.82513,34.39389],[-88.82497,34.36476],[-88.82476,34.33732],[-88.8255,34.33639],[-88.82542,34.27177],[-88.82442,34.14787],[-88.82452,34.07495],[-88.73358,34.07484],[-88.71896,34.07452],[-88.71869,34.08934],[-88.63237,34.08927],[-88.62223,34.089],[-88.54335,34.08904],[-88.54381,34.13043],[-88.5436,34.18037],[-88.54432,34.19879],[-88.54466,34.27678],[-88.54464,34.33516],[-88.54218,34.33799],[-88.54228,34.39015],[-88.54208,34.46528]]]},"properties":{"STATEFP":"28","COUNTYFP":"081","COUNTYNS":"00695764","GEOIDFQ":"0500000US28081","GEOID":"28081","NAME":"Lee","NAMELSAD":"Lee County","STUSPS":"MS","STATE_NAME":"Mississippi","LSAD":"06","ALAND":1165404266,"AWATER":8314457}},
{"type":"Feature","geometry":{"type":"Polygon","coordinates":[[[-90.71628,33.27003],[-90.71436,33.27046],[-90.60665,33.2704],[-90.55521,33.27053],[-90.55555,33.32918],[-90.45323,33.32948],[-90.45277,33.41866],[-90.45252,33.50012],[-90.45278,33.54932],[-90.45202,33.58281],[-90.45255,33.59757],[-90.45139,33.70863],[-90.45229,33.72295],[-90.45223,33.75964],[-90.45164,33.81139],[-90.4512,33.83957],[-90.45029,33.97094],[-90.45101,33.98569],[-90.62436,33.98712],[-90.657,33.98759],[-90.65698,33.93803],[-90.65825,33.85074],[-90.65911,33.72366],[-90.65879,33.70405],[-90.65872,33.61626],[-90.76347,33.61616],[-90.76351,33.52939],[-90.76128,33.52935],[-90.76063,33.50012],[-90.76045,33.44575],[-90.76448,33.44569],[-90.76402,33.38645],[-90.7642,33.29947],[-90.76377,33.27036],[-90.71628,33.27003]]]},"properties":{"STATEFP":"28","COUNTYFP":"133","COUNTYNS":"00695787","GEOIDFQ":"0500000US28133","GEOID":"28133","NAME":"Sunflower","NAMELSAD":"Sunflower County","STUSPS":"MS","STATE_NAME":"Mississippi","LSAD":"06","ALAND":1807187010,"AWATER":23747316}},
{"type":"Feature","geometry":{"type":"Polygon","coordinates":[[[-90.17461,33.33338],[-90.00318,33.28503],[-90.00008,33.28395],[-89.88957,33.25298],[-89.74944,33.21448],[-89.74355,33.22021],[-89.74527,33.22819],[-89.73909,33.23794],[-89.73009,33.24465],[-89.72742,33.25259],[-89.72253,33.25923],[-89.71269,33.25925],[-89.70941,33.26348],[-89.70961,33.26937],[-89.70288,33.27645],[-89.70147,33.28551],[-89.64528,33.28551],[-89.64631,33.40254],[-89.71563,33.40207],[-89.71585,33.41677],[-89.78523,33.41628],[-89.78585,33.45911],[-89.78521,33.47411],[-89.78573,33.54312],[-89.7857,33.61681],[-89.78689,33.67673],[-89.97914,33.67625],[-90.12777,33.67696],[-90.12232,33.67371],[-90.11779,33.66187],[-90.10516,33.66224],[-90.10215,33.65242],[-90.10486,33.63919],[-90.10886,33.6295],[-90.10457,33.6174],[-90.10793,33.60631],[-90.11614,33.60964],[-90.11693,33.60411],[-90.12468,33.60775],[-90.13025,33.60388],[-90.10199,33.60379],[-90.10235,33.55879],[-90.1014,33.53593],[-90.10186,33.50172],[-90.1014,33.45894],[-90.13761,33.45911],[-90.13782,33.41646],[-90.17476,33.417],[-90.17461,33.33338]]]},"properties":{"STATEFP":"28","COUNTYFP":"015","COUNTYNS":"00695732","GEOIDFQ":"0500000US28015","GEOID":"28015","NAME":"Carroll","NAMELSAD":"Carroll County","STUSPS":"MS","STATE_NAME":"Mississippi","LSAD":"06","ALAND":1627517130,"AWATER":16050556}},
{"type":"Feature","geometry":{"type":"Polygon","coordinates":[[[-90.65663,32.92251],[-90.65638,32.95139],[-90.65678,33.00896],[-90.65805,33.09651],[-90.70184,33.09629],[-90.86073,33.09529],[-90.86267,33.09752],[-90.91446,33.09742],[-90.91434,33.0077],[-90.91488,32.97838],[-90.91404,32.9442],[-90.91976,32.93785],[-90.92096,32.92727],[-90.92544,32.91756],[-90.93147,32.90045],[-90.94032,32.88529],[-90.936,32.87629],[-90.94197,32.86972],[-90.94018,32.86207],[-90.95011,32.85373],[-90.95602,32.85291],[-90.95857,32.84839],[-90.95594,32.84441],[-90.96335,32.83825],[-90.96376,32.77697],[-90.96528,32.69348],[-90.96486,32.6628],[-90.88738,32.66226],[-90.72316,32.66213],[-90.71213,32.67838],[-90.71221,32.68744],[-90.70803,32.69032],[-90.69931,32.68926],[-90.6956,32.68512],[-90.69488,32.67109],[-90.68417,32.66375],[-90.67584,32.66513],[-90.66532,32.6745],[-90.66441,32.68913],[-90.67139,32.69646],[-90.68323,32.70291],[-90.69327,32.70652],[-90.71373,32.70731],[-90.72334,32.71365],[-90.73387,32.7187],[-90.74263,32.72923],[-90.73523,32.74381],[-90.73612,32.756],[-90.72958,32.75722],[-90.71763,32.74799],[-90.70942,32.74744],[-90.69951,32.75013],[-90.69306,32.7543],[-90.68945,32.76086],[-90.68976,32.76588],[-90.69679,32.77304],[-90.70767,32.77779],[-90.71541,32.78986],[-90.71445,32.79979],[-90.7095,32.80688],[-90.70019,32.81323],[-90.70866,32.81797],[-90.71543,32.81428],[-90.72339,32.81888],[-90.73296,32.80998],[-90.74102,32.80913],[-90.74709,32.81737],[-90.75399,32.81799],[-90.75963,32.81401],[-90.75975,32.83567],[-90.70679,32.87859],[-90.65663,32.92251]]]},"properties":{"STATEFP":"28","COUNTYFP":"125","COUNTYNS":"00695783","GEOIDFQ":"0500000US28125","GEOID":"28125","NAME":"Sharkey","NAMELSAD":"Sharkey County","STUSPS":"MS","STATE_NAME":"Mississippi","LSAD":"06","ALAND":1118149684,"AWATER":8806463}},
{"type":"Feature","geometry":{"type":"Polygon","coordinates":[[[-88.81278,32.92597],[-88.86207,32.92591],[-88.91441,32.9266],[-88.91424,32.85302],[-88.91487,32.82886],[-88.91525,32.75688],[-88.91452,32.57696],[-88.75343,32.57683],[-88.74202,32.57765],[-88.62505,32.57736],[-88.55418,32.57793],[-88.48462,32.57785],[-88.38886,32.57812],[-88.38298,32.62695],[-88.37334,32.71182],[-88.36835,32.74766],[-88.35429,32.87513],[-88.34785,32.92908],[-88.38134,32.92909],[-88.52773,32.92786],[-88.64822,32.92688],[-88.68816,32.92684],[-88.81278,32.92597]]]},"properties":{"STATEFP":"28","COUNTYFP":"069","COUNTYNS":"00695758","GEOIDFQ":"0500000US28069","GEOID":"28069","NAME":"Kemper","NAMELSAD":"Kemper County","STUSPS":"MS","STATE_NAME":"Mississippi","LSAD":"06","ALAND":1984403151,"AWATER":2182350}},
{"type":"Feature","geometry":{"type":"Polygon","coordinates":[[[-90.24519,31.71752],[-90.24476,31.62692],[-90.24452,31.48793],[-90.24262,31.47338],[-90.24449,31.46817],[-90.24389,31.35027],[-90.10865,31.35087],[-90.10864,31.34347],[-90.09136,31.34329],[-90.09103,31.33596],[-90.08249,31.33599],[-90.08243,31.32878],[-90.05298,31.32887],[-90.04869,31.33582],[-90.04047,31.33601],[-90.04048,31.39467],[-89.9759,31.39459],[-89.9663,31.39049],[-89.95894,31.39049],[-89.9591,31.52242],[-89.97605,31.52248],[-89.97602,31.55119],[-89.97499,31.62523],[-89.97494,31.72805],[-89.97459,31.76166],[-90.12256,31.75268],[-90.13127,31.75605],[-90.1436,31.74716],[-90.15447,31.74714],[-90.1726,31.73976],[-90.18414,31.73146],[-90.20655,31.72542],[-90.21411,31.72574],[-90.22407,31.72314],[-90.22992,31.72373],[-90.24519,31.71752]]]},"properties":{"STATEFP":"28","COUNTYFP":"077","COUNTYNS":"00695762","GEOIDFQ":"0500000US28077","GEOID":"28077","NAME":"Lawrence","NAMELSAD":"Lawrence County","STUSPS":"MS","STATE_NAME":"Mississippi","LSAD":"06","ALAND":1115254005,"AWATER":13188412}},
{"type":"Feature","geometry":{"type":"Polygon","coordinates":[[[-89.73007,32.04707],[-89.66209,32.04724],[-89.65443,32.01368],[-89.65465,31.99844],[-89.65479,31.84338],[-89.6545,31.78376],[-89.65302,31.78065],[-89.50354,31.79023],[-89.48444,31.79178],[-89.44083,31.79413],[-89.40123,31.79686],[-89.31656,31.80209],[-89.31709,31.87431],[-89.32075,31.87434],[-89.32113,31.88515],[-89.32212,32.00015],[-89.3226,32.10575],[-89.32269,32.22347],[-89.36706,32.22357],[-89.37506,32.22316],[-89.51129,32.22344],[-89.70162,32.22376],[-89.70127,32.22198],[-89.73042,32.22204],[-89.73106,32.22195],[-89.73115,32.13429],[-89.72975,32.13428],[-89.73007,32.04707]]]},"properties":{"STATEFP":"28","COUNTYFP":"129","COUNTYNS":"00695785","GEOIDFQ":"0500000US28129","GEOID":"28129","NAME":"Smith","NAMELSAD":"Smith County","STUSPS":"MS","STATE_NAME":"Mississippi","LSAD":"06","ALAND":1647926077,"AWATER":2599432}},
{"type":"Feature","geometry":{"type":"MultiPolygon","coordinates":[[[[-89.34145,30.64772],[-89.34134,30.62467],[-89.34171,30.50134],[-89.34095,30.3729],[-89.31486,30.37612],[-89.30799,30.37338],[-89.30605,30.36582],[-89.29726,30.36705],[-89.28498,30.35385],[-89.26873,30.34059],[-89.27277,30.33402],[-89.28156,30.33198],[-89.28784,30.3332],[-89.29184,30.3281],[-89.29013,30.31207],[-89.29444,30.3076],[-89.29144,30.3033],[-89.27183,30.30549],[-89.22044,30.3225],[-89.18684,30.3312],[-89.15388,30.34294],[-89.14485,30.34524],[-89.13751,30.34906],[-89.0988,30.36255],[-89.09919,30.35462],[-89.09415,30.34789],[-89.08883,30.35007],[-89.09457,30.35803],[-89.08984,30.36473],[-89.07808,30.36998],[-89.01638,30.38462],[-88.99947,30.3877],[-88.97121,30.39136],[-88.92203,30.3938],[-88.88178,30.3932],[-88.86178,30.39184],[-88.85815,30.39484],[-88.85915,30.40627],[-88.86991,30.40908],[-88.87086,30.41947],[-88.88313,30.4188],[-88.88341,30.49372],[-88.88394,30.56098],[-88.88453,30.67729],[-89.07065,30.67701],[-89.13438,30.67696],[-89.24007,30.67716],[-89.24014,30.64765],[-89.24966,30.64731],[-89.34145,30.64772]]],[[[-88.86677,30.38297],[-88.86639,30.38149],[-88.83467,30.36784],[-88.82002,30.36075],[-88.82437,30.36791],[-88.82991,30.37164],[-88.8655,30.38349],[-88.86677,30.38297]]],[[[-88.98041,30.21052],[-88.97564,30.20834],[-88.95951,30.20845],[-88.95392,30.21359],[-88.97153,30.21297],[-88.98041,30.21052]]],[[[-89.13112,30.23104],[-89.13258,30.22759],[-89.11457,30.2244],[-89.11054,30.22262],[-89.11043,30.21501],[-89.09201,30.216],[-89.08507,30.21322],[-89.07461,30.22584],[-89.06861,30.23585],[-89.06571,30.24569],[-89.06826,30.24716],[-89.07799,30.22945],[-89.13112,30.23104]]]]},"properties":{"STATEFP":"28","COUNTYFP":"047","COUNTYNS":"00695747","GEOIDFQ":"0500000US28047","GEOID":"28047","NAME":"Harrison","NAMELSAD":"Harrison County","STUSPS":"MS","STATE_NAME":"Mississippi","LSAD":"06","ALAND":1485711451,"AWATER":1064620596}},
{"type":"Feature","geometry":{"type":"Polygon","coordinates":[[[-89.68978,30.45928],[-89.68341,30.45179],[-89.68482,30.43951],[-89.68051,30.42892],[-89.67851,30.41401],[-89.68412,30.41265],[-89.68369,30.40587],[-89.67276,30.38928],[-89.67013,30.38243],[-89.6622,30.37127],[-89.65719,30.35652],[-89.6467,30.3525],[-89.6452,30.34813],[-89.62973,30.33929],[-89.62988,30.32102],[-89.62622,30.31426],[-89.63164,30.30933],[-89.63987,30.30728],[-89.6417,30.3038],[-89.64043,30.2955],[-89.6474,30.29129],[-89.63141,30.27966],[-89.63179,30.25692],[-89.62692,30.25175],[-89.61616,30.2474],[-89.61406,30.2415],[-89.61706,30.2275],[-89.61256,30.2195],[-89.60125,30.2161],[-89.59665,30.2118],[-89.58885,30.2003],[-89.58575,30.1921],[-89.58075,30.1862],[-89.57015,30.1803],[-89.55465,30.1858],[-89.54695,30.1931],[-89.53865,30.1958],[-89.53335,30.1948],[-89.52271,30.18322],[-89.51517,30.18449],[-89.49771,30.18226],[-89.49073,30.18796],[-89.48021,30.19375],[-89.47582,30.19156],[-89.46815,30.19381],[-89.46078,30.18991],[-89.45983,30.18292],[-89.45585,30.18167],[-89.44799,30.18651],[-89.44684,30.19049],[-89.44942,30.20396],[-89.43654,30.21649],[-89.4298,30.22454],[-89.42075,30.22943],[-89.42014,30.23448],[-89.42449,30.23909],[-89.42462,30.24539],[-89.41935,30.25432],[-89.41421,30.25777],[-89.38702,30.26672],[-89.37709,30.27298],[-89.36769,30.28379],[-89.35893,30.28925],[-89.34358,30.29449],[-89.32995,30.3029],[-89.32254,30.3149],[-89.32234,30.3193],[-89.32962,30.32636],[-89.33255,30.3379],[-89.33885,30.343],[-89.34593,30.34357],[-89.36057,30.33668],[-89.36636,30.33671],[-89.37235,30.3334],[-89.3763,30.33642],[-89.37826,30.34333],[-89.37598,30.34943],[-89.36549,30.35392],[-89.36423,30.35804],[-89.35325,30.3688],[-89.34095,30.3729],[-89.34171,30.50134],[-89.34134,30.62467],[-89.34145,30.64772],[-89.40222,30.64771],[-89.54423,30.64837],[-89.54376,30.5857],[-89.54419,30.52364],[-89.54451,30.51686],[-89.59587,30.51707],[-89.59573,30.50249],[-89.64707,30.50274],[-89.64696,30.45889],[-89.68978,30.45928]]]},"properties":{"STATEFP":"28","COUNTYFP":"045","COUNTYNS":"00711756","GEOIDFQ":"0500000US28045","GEOID":"28045","NAME":"Hancock","NAMELSAD":"Hancock County","STUSPS":"MS","STATE_NAME":"Mississippi","LSAD":"06","ALAND":1227562871,"AWATER":204093898}},
{"type":"Feature","geometry":{"type":"Polygon","coordinates":[[[-88.94335,31.82457],[-88.94319,31.70703],[-88.94295,31.62817],[-88.94261,31.61529],[-88.94296,31.56566],[-88.94294,31.50648],[-88.94347,31.43346],[-88.84171,31.4337],[-88.82424,31.43404],[-88.75004,31.43354],[-88.69131,31.43417],[-88.68184,31.43393],[-88.54095,31.43457],[-88.54185,31.43581],[-88.44957,31.43583],[-88.45104,31.45945],[-88.45157,31.48153],[-88.45301,31.50016],[-88.45948,31.62165],[-88.46442,31.69788],[-88.46511,31.72231],[-88.46867,31.79072],[-88.47111,31.85095],[-88.47323,31.89386],[-88.62239,31.85719],[-88.64072,31.85391],[-88.76341,31.83593],[-88.91046,31.82665],[-88.94335,31.82457]]]},"properties":{"STATEFP":"28","COUNTYFP":"153","COUNTYNS":"00695797","GEOIDFQ":"0500000US28153","GEOID":"28153","NAME":"Wayne","NAMELSAD":"Wayne County","STUSPS":"MS","STATE_NAME":"Mississippi","LSAD":"06","ALAND":2099745602,"AWATER":7255476}},
{"type":"Feature","geometry":{"type":"Polygon","coordinates":[[[-88.88453,30.73559],[-88.83404,30.73605],[-88.83408,30.73424],[-88.66105,30.73472],[-88.61303,30.73491],[-88.47001,30.73495],[-88.41245,30.7356],[-88.41863,30.86653],[-88.41956,30.87519],[-88.42564,30.9983],[-88.53855,30.99813],[-88.62482,30.99879],[-88.75332,30.99746],[-88.83434,30.99798],[-88.83447,30.91032],[-88.87415,30.90992],[-88.88504,30.91079],[-88.88467,30.84046],[-88.88453,30.73559]]]},"properties":{"STATEFP":"28","COUNTYFP":"039","COUNTYNS":"00695744","GEOIDFQ":"0500000US28039","GEOID":"28039","NAME":"George","NAMELSAD":"George County","STUSPS":"MS","STATE_NAME":"Mississippi","LSAD":"06","ALAND":1239824223,"AWATER":12830813}},
{"type":"Feature","geometry":{"type":"Polygon","coordinates":[[[-88.91385,32.22419],[-88.80678,32.22486],[-88.76942,32.22554],[-88.7194,32.22517],[-88.62337,32.22637],[-88.43129,32.22765],[-88.42828,32.25014],[-88.41382,32.37392],[-88.4125,32.38003],[-88.40392,32.44875],[-88.39997,32.48542],[-88.38886,32.57812],[-88.48462,32.57785],[-88.55418,32.57793],[-88.62505,32.57736],[-88.74202,32.57765],[-88.75343,32.57683],[-88.91452,32.57696],[-88.91559,32.55843],[-88.91505,32.39386],[-88.9145,32.28284],[-88.91385,32.22419]]]},"properties":{"STATEFP":"28","COUNTYFP":"075","COUNTYNS":"00695761","GEOIDFQ":"0500000US28075","GEOID":"28075","NAME":"Lauderdale","NAMELSAD":"Lauderdale County","STUSPS":"MS","STATE_NAME":"Mississippi","LSAD":"06","ALAND":1822511103,"AWATER":29727669}},
{"type":"Feature","geometry":{"type":"Polygon","coordinates":[[[-88.71851,34.75678],[-88.6844,34.7568],[-88.58695,34.75607],[-88.43486,34.75574],[-88.36547,34.7556],[-88.36554,34.85435],[-88.36466,34.92963],[-88.36353,34.99559],[-88.46282,34.99602],[-88.60587,34.9957],[-88.82305,34.99516],[-88.82354,34.91352],[-88.82347,34.85863],[-88.75296,34.85878],[-88.75306,34.75696],[-88.71851,34.75678]]]},"properties":{"STATEFP":"28","COUNTYFP":"003","COUNTYNS":"00711755","GEOIDFQ":"0500000US28003","GEOID":"28003","NAME":"Alcorn","NAMELSAD":"Alcorn County","STUSPS":"MS","STATE_NAME":"Mississippi","LSAD":"06","ALAND":1036110409,"AWATER":3408033}},
{"type":"Feature","geometry":{"type":"Polygon","coordinates":[[[-90.76351,33.52939],[-90.76347,33.61616],[-90.65872,33.61626],[-90.65879,33.70405],[-90.65911,33.72366],[-90.65825,33.85074],[-90.65698,33.93803],[-90.657,33.98759],[-90.66036,33.98759],[-90.65946,34.11887],[-90.6942,34.11941],[-90.76477,34.11951],[-90.78156,34.12071],[-90.95661,34.12009],[-90.94769,34.10957],[-90.92129,34.09351],[-90.91407,34.09276],[-90.90113,34.09467],[-90.89353,34.0978],[-90.88263,34.09662],[-90.87661,34.09291],[-90.87192,34.08665],[-90.87108,34.08118],[-90.87454,34.07204],[-90.88635,34.05856],[-90.88869,34.05175],[-90.88625,34.03921],[-90.88838,34.03183],[-90.89625,34.02522],[-90.90603,34.02276],[-90.91951,34.02135],[-90.93005,34.02191],[-90.9582,34.02674],[-90.97108,34.02557],[-90.98818,34.01921],[-90.97868,33.99717],[-90.97095,33.99189],[-90.96155,33.97995],[-90.96372,33.96769],[-90.97086,33.96187],[-90.98666,33.96053],[-91.00011,33.96643],[-91.01329,33.99344],[-91.01895,34.00323],[-91.0358,33.99427],[-91.04871,33.99268],[-91.05513,33.99591],[-91.06758,34.00579],[-91.07469,34.00902],[-91.08329,34.00891],[-91.08909,33.99933],[-91.09048,33.99142],[-91.08969,33.9645],[-91.08775,33.95931],[-91.0785,33.95406],[-91.04672,33.94741],[-91.02312,33.94322],[-91.01622,33.94072],[-91.01019,33.93159],[-91.01306,33.92327],[-91.02691,33.90635],[-91.03461,33.89826],[-91.04661,33.88846],[-91.06275,33.87859],[-91.06978,33.87272],[-91.07277,33.86729],[-91.07314,33.86016],[-91.07019,33.84534],[-91.06122,33.83092],[-91.04908,33.81603],[-91.03193,33.80779],[-91.00581,33.80205],[-90.99175,33.7926],[-90.98847,33.78453],[-90.99122,33.77679],[-91.00132,33.76857],[-91.01837,33.76413],[-91.02588,33.76476],[-91.03462,33.76834],[-91.05339,33.77828],[-91.07103,33.77508],[-91.10843,33.77171],[-91.12042,33.78041],[-91.12944,33.78373],[-91.13406,33.78289],[-91.14201,33.77382],[-91.14475,33.76394],[-91.14081,33.76013],[-91.14503,33.75039],[-91.14881,33.73136],[-91.13986,33.72148],[-91.12623,33.70918],[-91.11735,33.70526],[-91.10187,33.70491],[-91.08987,33.70736],[-91.07552,33.7142],[-91.06805,33.7162],[-91.06053,33.71513],[-91.04749,33.70695],[-91.04126,33.69993],[-91.03606,33.68941],[-91.0304,33.68777],[-91.03099,33.67941],[-91.03684,33.67132],[-91.05876,33.66655],[-91.07607,33.65916],[-91.09135,33.65776],[-91.09872,33.66015],[-91.1282,33.67319],[-91.13342,33.67679],[-91.14419,33.6896],[-91.16037,33.7066],[-91.17092,33.70243],[-91.21066,33.7004],[-91.22391,33.69374],[-91.22991,33.68435],[-91.22896,33.67126],[-91.21885,33.66012],[-91.21223,33.65696],[-91.18248,33.65351],[-91.17198,33.64969],[-91.15999,33.6429],[-91.13744,33.62687],[-91.13148,33.61708],[-91.12868,33.60848],[-91.12951,33.6016],[-91.13686,33.59019],[-91.15034,33.57861],[-91.15824,33.57337],[-91.17146,33.56829],[-91.18668,33.5674],[-91.20716,33.56941],[-91.22513,33.56797],[-91.2299,33.56616],[-91.23461,33.55882],[-91.22924,33.5455],[-91.21871,33.52938],[-91.04165,33.53007],[-90.98914,33.5304],[-90.94549,33.5302],[-90.88442,33.53044],[-90.8751,33.52934],[-90.82212,33.52988],[-90.76351,33.52939]]]},"properties":{"STATEFP":"28","COUNTYFP":"011","COUNTYNS":"00695730","GEOIDFQ":"0500000US28011","GEOID":"28011","NAME":"Bolivar","NAMELSAD":"Bolivar County","STUSPS":"MS","STATE_NAME":"Mississippi","LSAD":"06","ALAND":2270141682,"AWATER":81446732}},
{"type":"Feature","geometry":{"type":"Polygon","coordinates":[[[-88.24894,33.74497],[-88.24414,33.78167],[-88.24302,33.79568],[-88.24005,33.81088],[-88.23549,33.8472],[-88.22652,33.91155],[-88.21074,34.0292],[-88.20378,34.08655],[-88.37337,34.08775],[-88.40171,34.08749],[-88.4937,34.08911],[-88.54335,34.08904],[-88.62223,34.089],[-88.63237,34.08927],[-88.71869,34.08934],[-88.71896,34.07452],[-88.72004,34.03587],[-88.7198,33.98613],[-88.72026,33.89031],[-88.71998,33.81133],[-88.71967,33.79316],[-88.71963,33.68025],[-88.62442,33.68034],[-88.50004,33.67994],[-88.49166,33.67729],[-88.49098,33.67373],[-88.50119,33.67406],[-88.50193,33.66619],[-88.5131,33.6607],[-88.51392,33.65021],[-88.50409,33.65855],[-88.49706,33.66168],[-88.49048,33.66102],[-88.48315,33.66574],[-88.47736,33.66649],[-88.47016,33.66326],[-88.46808,33.66744],[-88.45602,33.6637],[-88.4535,33.66859],[-88.44256,33.66951],[-88.4335,33.66791],[-88.42549,33.67542],[-88.41755,33.66958],[-88.41372,33.67731],[-88.40656,33.67334],[-88.40297,33.68265],[-88.39765,33.68509],[-88.39872,33.69043],[-88.38403,33.6934],[-88.38493,33.68969],[-88.37959,33.68615],[-88.37065,33.68581],[-88.36458,33.68955],[-88.36153,33.69457],[-88.34941,33.70132],[-88.34364,33.70605],[-88.34429,33.70966],[-88.33806,33.71714],[-88.33048,33.7186],[-88.32627,33.72567],[-88.32827,33.74003],[-88.31791,33.74498],[-88.24894,33.74497]]]},"properties":{"STATEFP":"28","COUNTYFP":"095","COUNTYNS":"00695771","GEOIDFQ":"0500000US28095","GEOID":"28095","NAME":"Monroe","NAMELSAD":"Monroe County","STUSPS":"MS","STATE_NAME":"Mississippi","LSAD":"06","ALAND":1981761824,"AWATER":17957023}},
{"type":"Feature","geometry":{"type":"Polygon","coordinates":[[[-90.5482,31.34957],[-90.6333,31.34931],[-90.71879,31.34968],[-90.88808,31.34908],[-90.983,31.34867],[-90.98738,31.34381],[-90.98756,31.33693],[-91.00344,31.33792],[-91.00763,31.3467],[-91.01801,31.3475],[-91.02325,31.33975],[-91.02833,31.33568],[-91.04536,31.33538],[-91.04834,31.33111],[-91.05719,31.3307],[-91.06822,31.33688],[-91.06923,31.32833],[-91.08224,31.3252],[-91.0866,31.32667],[-91.0954,31.32098],[-91.08794,31.31752],[-91.08354,31.30641],[-91.0833,31.29962],[-91.07954,31.29608],[-91.07995,31.28883],[-91.06316,31.28156],[-91.05947,31.28192],[-91.05945,31.21029],[-91.05967,31.12518],[-91.05892,31.09601],[-91.05993,31.00018],[-91.06021,30.99895],[-90.89473,30.99963],[-90.82603,30.99936],[-90.75877,30.99958],[-90.73447,30.99921],[-90.54762,30.99972],[-90.548,31.09505],[-90.54791,31.14567],[-90.54839,31.22338],[-90.54814,31.27602],[-90.5482,31.34957]]]},"properties":{"STATEFP":"28","COUNTYFP":"005","COUNTYNS":"00695727","GEOIDFQ":"0500000US28005","GEOID":"28005","NAME":"Amite","NAMELSAD":"Amite County","STUSPS":"MS","STATE_NAME":"Mississippi","LSAD":"06","ALAND":1890950868,"AWATER":3877823}},
{"type":"Feature","geometry":{"type":"Polygon","coordinates":[[[-90.56785,34.52398],[-90.5747,34.52176],[-90.58129,34.51561],[-90.59266,34.49058],[-90.5931,34.47732],[-90.58738,34.45483],[-90.58258,34.44073],[-90.57769,34.43097],[-90.58092,34.41986],[-90.58623,34.40917],[-90.59801,34.39819],[-90.61351,34.39028],[-90.63081,34.39008],[-90.64091,34.38886],[-90.65146,34.38275],[-90.65854,34.37571],[-90.65535,34.37185],[-90.66679,34.35582],[-90.66686,34.34857],[-90.6604,34.33576],[-90.65749,34.32223],[-90.66139,34.3154],[-90.66934,34.31302],[-90.6781,34.31303],[-90.686,34.31577],[-90.69313,34.32257],[-90.69369,34.32968],[-90.69155,34.33862],[-90.6815,34.3526],[-90.67616,34.36956],[-90.6786,34.37112],[-90.70106,34.36252],[-90.72053,34.36081],[-90.74964,34.36815],[-90.7573,34.36739],[-90.76439,34.36368],[-90.76923,34.35843],[-90.76869,34.34778],[-90.76513,34.34251],[-90.75529,34.33442],[-90.74277,34.3213],[-90.7364,34.31207],[-90.73515,34.30256],[-90.73802,34.28928],[-90.75293,34.27461],[-90.76562,34.26951],[-90.78454,34.2716],[-90.79755,34.27608],[-90.81674,34.28065],[-90.82962,34.27857],[-90.83363,34.27407],[-90.83501,34.25864],[-90.84054,34.23803],[-90.83949,34.21616],[-90.84715,34.20613],[-90.85641,34.21132],[-90.86472,34.21175],[-90.88134,34.21638],[-90.89658,34.2258],[-90.90008,34.22962],[-90.90633,34.24438],[-90.92315,34.24653],[-90.92901,34.24454],[-90.93555,34.23785],[-90.93715,34.23261],[-90.93454,34.21785],[-90.92554,34.20699],[-90.91442,34.19573],[-90.88756,34.18241],[-90.87747,34.18563],[-90.86975,34.18284],[-90.85441,34.18683],[-90.8382,34.1838],[-90.82839,34.18478],[-90.81657,34.18302],[-90.80868,34.17588],[-90.80756,34.16182],[-90.81588,34.14988],[-90.82259,34.14405],[-90.8361,34.13788],[-90.84717,34.13688],[-90.86045,34.13919],[-90.86862,34.14252],[-90.88198,34.15091],[-90.89438,34.16095],[-90.91001,34.16551],[-90.92288,34.15584],[-90.93661,34.14937],[-90.95864,34.13548],[-90.96104,34.13051],[-90.95661,34.12009],[-90.78156,34.12071],[-90.76477,34.11951],[-90.6942,34.11941],[-90.65946,34.11887],[-90.66036,33.98759],[-90.657,33.98759],[-90.62436,33.98712],[-90.45101,33.98569],[-90.45098,34.07293],[-90.45043,34.21815],[-90.45057,34.2624],[-90.43386,34.26156],[-90.39901,34.26152],[-90.39907,34.32009],[-90.39982,34.33488],[-90.3994,34.40733],[-90.39753,34.42261],[-90.3995,34.42381],[-90.49329,34.47995],[-90.5001,34.48439],[-90.56785,34.52398]]]},"properties":{"STATEFP":"28","COUNTYFP":"027","COUNTYNS":"00695738","GEOIDFQ":"0500000US28027","GEOID":"28027","NAME":"Coahoma","NAMELSAD":"Coahoma County","STUSPS":"MS","STATE_NAME":"Mississippi","LSAD":"06","ALAND":1432526490,"AWATER":77525442}},
{"type":"Feature","geometry":{"type":"Polygon","coordinates":[[[-90.25955,31.00066],[-90.16428,31.00103],[-90.02957,31.00119],[-89.97543,31.00169],[-89.92312,31.00145],[-89.83591,31.00206],[-89.83587,31.07493],[-89.92094,31.07468],[-89.92097,31.08931],[-89.9295,31.08923],[-89.92952,31.11117],[-89.93824,31.11116],[-89.93818,31.13295],[-90.00594,31.1323],[-90.00614,31.17561],[-90.0319,31.17573],[-90.03187,31.23394],[-90.04037,31.23391],[-90.04047,31.33601],[-90.04869,31.33582],[-90.05298,31.32887],[-90.08243,31.32878],[-90.08249,31.33599],[-90.09103,31.33596],[-90.09136,31.34329],[-90.10864,31.34347],[-90.10865,31.35087],[-90.24389,31.35027],[-90.26039,31.35027],[-90.2607,31.31714],[-90.26043,31.2518],[-90.26056,31.17575],[-90.26,31.11355],[-90.25955,31.00066]]]},"properties":{"STATEFP":"28","COUNTYFP":"147","COUNTYNS":"00695794","GEOIDFQ":"0500000US28147","GEOID":"28147","NAME":"Walthall","NAMELSAD":"Walthall County","STUSPS":"MS","STATE_NAME":"Mississippi","LSAD":"06","ALAND":1046169275,"AWATER":1236552}},
{"type":"Feature","geometry":{"type":"Polygon","coordinates":[[[-88.91452,32.57696],[-88.91525,32.75688],[-88.91487,32.82886],[-88.91424,32.85302],[-88.91441,32.9266],[-88.93055,32.92668],[-88.9305,32.91924],[-88.96522,32.91911],[-88.96531,32.92657],[-89.01769,32.92639],[-89.01772,32.93133],[-89.16847,32.93199],[-89.25007,32.93189],[-89.2925,32.93209],[-89.31916,32.93165],[-89.31931,32.87513],[-89.31847,32.86796],[-89.31869,32.77349],[-89.31843,32.77058],[-89.31827,32.68788],[-89.31759,32.57646],[-89.25006,32.57646],[-89.24957,32.57691],[-89.12782,32.57698],[-89.00909,32.57689],[-88.96605,32.57668],[-88.91452,32.57696]]]},"properties":{"STATEFP":"28","COUNTYFP":"099","COUNTYNS":"00695772","GEOIDFQ":"0500000US28099","GEOID":"28099","NAME":"Neshoba","NAMELSAD":"Neshoba County","STUSPS":"MS","STATE_NAME":"Mississippi","LSAD":"06","ALAND":1476641121,"AWATER":3830971}},
{"type":"Feature","geometry":{"type":"Polygon","coordinates":[[[-89.01713,34.99495],[-89.139,34.99433],[-89.15683,34.99393],[-89.21743,34.99473],[-89.35268,34.99412],[-89.3529,34.86096],[-89.3527,34.84443],[-89.29923,34.84442],[-89.2989,34.73103],[-89.29825,34.64056],[-89.29833,34.58293],[-89.24564,34.58323],[-89.24561,34.5976],[-89.14105,34.59789],[-89.08849,34.59825],[-89.08861,34.75714],[-89.08806,34.81531],[-89.03534,34.81526],[-89.03501,34.85876],[-89.01755,34.85872],[-89.01738,34.91016],[-89.01666,34.96871],[-89.01713,34.99495]]]},"properties":{"STATEFP":"28","COUNTYFP":"009","COUNTYNS":"00695729","GEOIDFQ":"0500000US28009","GEOID":"28009","NAME":"Benton","NAMELSAD":"Benton County","STUSPS":"MS","STATE_NAME":"Mississippi","LSAD":"06","ALAND":1053131424,"AWATER":5279184}},
{"type":"Feature","geometry":{"type":"Polygon","coordinates":[[[-90.26039,31.35027],[-90.24389,31.35027],[-90.24449,31.46817],[-90.24262,31.47338],[-90.24452,31.48793],[-90.24476,31.62692],[-90.24519,31.71752],[-90.25494,31.71009],[-90.259,31.70392],[-90.2724,31.70422],[-90.27995,31.69987],[-90.38008,31.70021],[-90.37941,31.68519],[-90.41364,31.68528],[-90.4142,31.70046],[-90.44719,31.70069],[-90.44727,31.69926],[-90.54855,31.69882],[-90.56224,31.69832],[-90.73682,31.69849],[-90.73733,31.61112],[-90.63323,31.61141],[-90.63329,31.52443],[-90.63289,31.38633],[-90.6333,31.34931],[-90.5482,31.34957],[-90.45472,31.34948],[-90.35333,31.35006],[-90.26039,31.35027]]]},"properties":{"STATEFP":"28","COUNTYFP":"085","COUNTYNS":"00695766","GEOIDFQ":"0500000US28085","GEOID":"28085","NAME":"Lincoln","NAMELSAD":"Lincoln County","STUSPS":"MS","STATE_NAME":"Mississippi","LSAD":"06","ALAND":1518269754,"AWATER":5291052}},
{"type":"Feature","geometry":{"type":"Polygon","coordinates":[[[-89.7303,32.63423],[-89.73015,32.57725],[-89.63209,32.57636],[-89.53002,32.57652],[-89.37506,32.57617],[-89.3226,32.57643],[-89.31759,32.57646],[-89.31827,32.68788],[-89.31843,32.77058],[-89.31869,32.77349],[-89.31847,32.86796],[-89.31931,32.87513],[-89.31916,32.93165],[-89.37487,32.93086],[-89.3963,32.93166],[-89.46465,32.93109],[-89.61408,32.93054],[-89.66247,32.93012],[-89.73015,32.92992],[-89.73002,32.88507],[-89.7299,32.74396],[-89.7303,32.63423]]]},"properties":{"STATEFP":"28","COUNTYFP":"079","COUNTYNS":"00695763","GEOIDFQ":"0500000US28079","GEOID":"28079","NAME":"Leake","NAMELSAD":"Leake County","STUSPS":"MS","STATE_NAME":"Mississippi","LSAD":"06","ALAND":1509697192,"AWATER":6376466}},
{"type":"Feature","geometry":{"type":"Polygon","coordinates":[[[-88.67125,33.50617],[-88.67153,33.56514],[-88.69473,33.56516],[-88.69966,33.56116],[-88.71533,33.55924],[-88.73276,33.56519],[-88.80393,33.56484],[-88.98418,33.56425],[-89.0014,33.56207],[-89.01861,33.56211],[-89.08826,33.56204],[-89.08845,33.5332],[-89.08866,33.44094],[-89.08837,33.4038],[-89.08825,33.286],[-88.96596,33.28611],[-88.81305,33.28642],[-88.77826,33.28641],[-88.66908,33.28692],[-88.67017,33.37512],[-88.67125,33.50617]]]},"properties":{"STATEFP":"28","COUNTYFP":"105","COUNTYNS":"00695775","GEOIDFQ":"0500000US28105","GEOID":"28105","NAME":"Oktibbeha","NAMELSAD":"Oktibbeha County","STUSPS":"MS","STATE_NAME":"Mississippi","LSAD":"06","ALAND":1186834308,"AWATER":9566078}},
{"type":"Feature","geometry":{"type":"Polygon","coordinates":[[[-89.40123,31.79686],[-89.40089,31.75306],[-89.40024,31.62373],[-89.39994,31.54133],[-89.3993,31.48166],[-89.39918,31.43403],[-89.34806,31.43444],[-89.32416,31.4339],[-89.28382,31.43376],[-89.19397,31.43409],[-89.14609,31.43405],[-89.07007,31.43373],[-88.94347,31.43346],[-88.94294,31.50648],[-88.94296,31.56566],[-88.94261,31.61529],[-88.94295,31.62817],[-88.94319,31.70703],[-88.94335,31.82457],[-88.99286,31.82144],[-89.07939,31.81659],[-89.11328,31.81412],[-89.21255,31.80841],[-89.31656,31.80209],[-89.40123,31.79686]]]},"properties":{"STATEFP":"28","COUNTYFP":"067","COUNTYNS":"00695757","GEOIDFQ":"0500000US28067","GEOID":"28067","NAME":"Jones","NAMELSAD":"Jones County","STUSPS":"MS","STATE_NAME":"Mississippi","LSAD":"06","ALAND":1799639019,"AWATER":12681687}},
{"type":"Feature","geometry":{"type":"Polygon","coordinates":[[[-90.13679,33.72165],[-90.13649,33.80932],[-90.11832,33.81039],[-90.08529,33.81038],[-89.97928,33.80966],[-89.97827,33.82396],[-89.92629,33.82385],[-89.9261,33.89796],[-89.92528,33.97076],[-89.92668,33.98508],[-89.92626,34.06572],[-89.9255,34.14055],[-89.93175,34.14431],[-89.93148,34.1643],[-89.96615,34.16436],[-89.95858,34.15955],[-90.13546,34.16007],[-90.13569,34.0729],[-90.18689,34.07299],[-90.22271,34.07222],[-90.241,34.07315],[-90.28947,34.07283],[-90.45098,34.07293],[-90.45101,33.98569],[-90.45029,33.97094],[-90.4512,33.83957],[-90.45164,33.81139],[-90.36655,33.81084],[-90.29486,33.80968],[-90.24688,33.81022],[-90.18258,33.80932],[-90.17966,33.80526],[-90.18175,33.79942],[-90.17404,33.79276],[-90.17122,33.78731],[-90.17517,33.77761],[-90.1856,33.76551],[-90.2042,33.75945],[-90.22771,33.75928],[-90.23379,33.76549],[-90.237,33.76225],[-90.25009,33.76315],[-90.27712,33.75556],[-90.28647,33.75185],[-90.2945,33.75098],[-90.30348,33.74506],[-90.31046,33.73488],[-90.31386,33.72575],[-90.31174,33.71631],[-90.30405,33.70615],[-90.30114,33.69919],[-90.28801,33.69489],[-90.27851,33.69439],[-90.2691,33.69721],[-90.26201,33.70327],[-90.25624,33.71441],[-90.25168,33.73169],[-90.2396,33.73725],[-90.22905,33.73224],[-90.22044,33.72212],[-90.16161,33.72158],[-90.13679,33.72165]]]},"properties":{"STATEFP":"28","COUNTYFP":"135","COUNTYNS":"00695788","GEOIDFQ":"0500000US28135","GEOID":"28135","NAME":"Tallahatchie","NAMELSAD":"Tallahatchie County","STUSPS":"MS","STATE_NAME":"Mississippi","LSAD":"06","ALAND":1672069540,"AWATER":16969517}},
{"type":"Feature","geometry":{"type":"Polygon","coordinates":[[[-89.13916,34.07412],[-89.00006,34.07455],[-88.99918,34.07476],[-88.82452,34.07495],[-88.82442,34.14787],[-88.82542,34.27177],[-88.8255,34.33639],[-88.82476,34.33732],[-88.82497,34.36476],[-88.84322,34.36509],[-88.92855,34.365],[-88.9289,34.37936],[-89.04527,34.38014],[-89.11568,34.3801],[-89.24634,34.37934],[-89.24641,34.33383],[-89.24591,34.2273],[-89.24548,34.16119],[-89.24444,34.07394],[-89.13916,34.07412]]]},"properties":{"STATEFP":"28","COUNTYFP":"115","COUNTYNS":"00695803","GEOIDFQ":"0500000US28115","GEOID":"28115","NAME":"Pontotoc","NAMELSAD":"Pontotoc County","STUSPS":"MS","STATE_NAME":"Mississippi","LSAD":"06","ALAND":1289330915,"AWATER":8308394}},
{"type":"Feature","geometry":{"type":"Polygon","coordinates":[[[-89.78412,32.58689],[-89.77354,32.54392],[-89.75644,32.46939],[-89.73006,32.35273],[-89.72982,32.33528],[-89.73042,32.22204],[-89.70127,32.22198],[-89.70162,32.22376],[-89.51129,32.22344],[-89.37506,32.22316],[-89.36706,32.22357],[-89.32269,32.22347],[-89.32264,32.3893],[-89.32232,32.53842],[-89.3226,32.57643],[-89.37506,32.57617],[-89.53002,32.57652],[-89.63209,32.57636],[-89.73015,32.57725],[-89.7303,32.63423],[-89.73614,32.63311],[-89.74107,32.62587],[-89.7516,32.62013],[-89.75915,32.61354],[-89.7613,32.6067],[-89.77091,32.60615],[-89.77078,32.59918],[-89.7818,32.59736],[-89.78125,32.58979],[-89.78412,32.58689]]]},"properties":{"STATEFP":"28","COUNTYFP":"123","COUNTYNS":"00695782","GEOIDFQ":"0500000US28123","GEOID":"28123","NAME":"Scott","NAMELSAD":"Scott County","STUSPS":"MS","STATE_NAME":"Mississippi","LSAD":"06","ALAND":1577902084,"AWATER":3001523}},
{"type":"Feature","geometry":{"type":"Polygon","coordinates":[[[-88.81305,33.28642],[-88.96596,33.28611],[-89.08825,33.286],[-89.10889,33.28594],[-89.10932,33.25103],[-89.1087,33.24527],[-89.1089,33.19806],[-89.1289,33.19772],[-89.21342,33.19754],[-89.21392,33.1094],[-89.31785,33.10887],[-89.3187,33.01385],[-89.31916,32.93165],[-89.2925,32.93209],[-89.25007,32.93189],[-89.16847,32.93199],[-89.01772,32.93133],[-89.01769,32.92639],[-88.96531,32.92657],[-88.96522,32.91911],[-88.9305,32.91924],[-88.93055,32.92668],[-88.91441,32.9266],[-88.86207,32.92591],[-88.81278,32.92597],[-88.81355,33.03487],[-88.81372,33.08921],[-88.81317,33.17351],[-88.81305,33.28642]]]},"properties":{"STATEFP":"28","COUNTYFP":"159","COUNTYNS":"00695800","GEOIDFQ":"0500000US28159","GEOID":"28159","NAME":"Winston","NAMELSAD":"Winston County","STUSPS":"MS","STATE_NAME":"Mississippi","LSAD":"06","ALAND":1572773192,"AWATER":7341897}},
{"type":"Feature","geometry":{"type":"Polygon","coordinates":[[[-90.12777,33.67696],[-89.97914,33.67625],[-89.78689,33.67673],[-89.68099,33.67727],[-89.66357,33.67705],[-89.61932,33.67795],[-89.50687,33.67761],[-89.50713,33.72182],[-89.50735,33.86747],[-89.71733,33.86714],[-89.76905,33.86733],[-89.7693,33.89714],[-89.8546,33.89797],[-89.9261,33.89796],[-89.92629,33.82385],[-89.97827,33.82396],[-89.97928,33.80966],[-90.08529,33.81038],[-90.11832,33.81039],[-90.13649,33.80932],[-90.13679,33.72165],[-90.13701,33.67694],[-90.12777,33.67696]]]},"properties":{"STATEFP":"28","COUNTYFP":"043","COUNTYNS":"00695746","GEOIDFQ":"0500000US28043","GEOID":"28043","NAME":"Grenada","NAMELSAD":"Grenada County","STUSPS":"MS","STATE_NAME":"Mississippi","LSAD":"06","ALAND":1093291104,"AWATER":70659566}},
{"type":"Feature","geometry":{"type":"Polygon","coordinates":[[[-89.31785,33.10887],[-89.21392,33.1094],[-89.21342,33.19754],[-89.1289,33.19772],[-89.1089,33.19806],[-89.1087,33.24527],[-89.10932,33.25103],[-89.10889,33.28594],[-89.08825,33.286],[-89.08837,33.4038],[-89.08866,33.44094],[-89.08845,33.5332],[-89.12506,33.53281],[-89.18096,33.53285],[-89.18346,33.53079],[-89.19538,33.53043],[-89.20838,33.5252],[-89.22053,33.52728],[-89.22885,33.51975],[-89.23918,33.51956],[-89.24603,33.51623],[-89.26148,33.51863],[-89.27171,33.51117],[-89.29301,33.50781],[-89.29841,33.5027],[-89.30264,33.5043],[-89.30978,33.49933],[-89.31982,33.49648],[-89.33249,33.48288],[-89.34154,33.46973],[-89.35463,33.46914],[-89.36016,33.47164],[-89.36797,33.46861],[-89.37535,33.46149],[-89.38109,33.46031],[-89.38314,33.45554],[-89.39779,33.4544],[-89.40993,33.44659],[-89.41134,33.43631],[-89.41772,33.4325],[-89.42435,33.43156],[-89.42778,33.43538],[-89.44633,33.43984],[-89.45405,33.4332],[-89.45381,33.28594],[-89.31641,33.28556],[-89.31726,33.22066],[-89.31785,33.10887]]]},"properties":{"STATEFP":"28","COUNTYFP":"019","COUNTYNS":"00695734","GEOIDFQ":"0500000US28019","GEOID":"28019","NAME":"Choctaw","NAMELSAD":"Choctaw County","STUSPS":"MS","STATE_NAME":"Mississippi","LSAD":"06","ALAND":1083125336,"AWATER":4295085}},
{"type":"Feature","geometry":{"type":"Polygon","coordinates":[[[-89.34895,31.01037],[-89.34904,31.13568],[-89.34799,31.23964],[-89.34786,31.3467],[-89.45107,31.34638],[-89.45124,31.41059],[-89.45162,31.43403],[-89.55725,31.43394],[-89.58682,31.43369],[-89.65421,31.43381],[-89.6544,31.40466],[-89.6538,31.28313],[-89.65394,31.18226],[-89.65377,31.12245],[-89.65404,31.0025],[-89.55185,31.00192],[-89.55203,31.01596],[-89.50134,31.01603],[-89.5014,31.00146],[-89.47594,31.00136],[-89.47602,30.9829],[-89.42534,30.98245],[-89.42481,31.01011],[-89.34895,31.01037]]]},"properties":{"STATEFP":"28","COUNTYFP":"073","COUNTYNS":"00695760","GEOIDFQ":"0500000US28073","GEOID":"28073","NAME":"Lamar","NAMELSAD":"Lamar County","STUSPS":"MS","STATE_NAME":"Mississippi","LSAD":"06","ALAND":1286109795,"AWATER":8871408}},
{"type":"Feature","geometry":{"type":"Polygon","coordinates":[[[-89.19178,33.7386],[-89.0345,33.73943],[-89.03477,33.75416],[-88.9316,33.75431],[-88.93118,33.81237],[-88.75711,33.81083],[-88.71998,33.81133],[-88.72026,33.89031],[-88.7198,33.98613],[-88.72004,34.03587],[-88.71896,34.07452],[-88.73358,34.07484],[-88.82452,34.07495],[-88.99918,34.07476],[-89.00006,34.07455],[-89.13916,34.07412],[-89.13784,33.91868],[-89.13815,33.87366],[-89.1376,33.83981],[-89.13788,33.81214],[-89.19004,33.81171],[-89.19178,33.7386]]]},"properties":{"STATEFP":"28","COUNTYFP":"017","COUNTYNS":"00695733","GEOIDFQ":"0500000US28017","GEOID":"28017","NAME":"Chickasaw","NAMELSAD":"Chickasaw County","STUSPS":"MS","STATE_NAME":"Mississippi","LSAD":"06","ALAND":1299608408,"AWATER":6380767}},
{"type":"Feature","geometry":{"type":"Polygon","coordinates":[[[-88.47323,31.89386],[-88.46866,31.93317],[-88.45504,32.03972],[-88.43865,32.17281],[-88.43129,32.22765],[-88.62337,32.22637],[-88.7194,32.22517],[-88.76942,32.22554],[-88.80678,32.22486],[-88.91385,32.22419],[-88.91428,32.19593],[-88.91355,32.1747],[-88.9134,32.08784],[-88.91173,31.96277],[-88.91046,31.82665],[-88.76341,31.83593],[-88.64072,31.85391],[-88.62239,31.85719],[-88.47323,31.89386]]]},"properties":{"STATEFP":"28","COUNTYFP":"023","COUNTYNS":"00695736","GEOIDFQ":"0500000US28023","GEOID":"28023","NAME":"Clarke","NAMELSAD":"Clarke County","STUSPS":"MS","STATE_NAME":"Mississippi","LSAD":"06","ALAND":1791173034,"AWATER":5073931}},
{"type":"Feature","geometry":{"type":"Polygon","coordinates":[[[-89.45381,33.28594],[-89.45405,33.4332],[-89.44633,33.43984],[-89.42778,33.43538],[-89.42435,33.43156],[-89.41772,33.4325],[-89.41134,33.43631],[-89.40993,33.44659],[-89.39779,33.4544],[-89.38314,33.45554],[-89.38109,33.46031],[-89.43232,33.46004],[-89.49784,33.4601],[-89.5065,33.45981],[-89.50644,33.59762],[-89.50687,33.67761],[-89.61932,33.67795],[-89.66357,33.67705],[-89.68099,33.67727],[-89.78689,33.67673],[-89.7857,33.61681],[-89.78573,33.54312],[-89.78521,33.47411],[-89.78585,33.45911],[-89.78523,33.41628],[-89.71585,33.41677],[-89.71563,33.40207],[-89.64631,33.40254],[-89.64528,33.28551],[-89.62099,33.2857],[-89.45381,33.28594]]]},"properties":{"STATEFP":"28","COUNTYFP":"097","COUNTYNS":"00711757","GEOIDFQ":"0500000US28097","GEOID":"28097","NAME":"Montgomery","NAMELSAD":"Montgomery County","STUSPS":"MS","STATE_NAME":"Mississippi","LSAD":"06","ALAND":1054074831,"AWATER":2352156}},
{"type":"Feature","geometry":{"type":"Polygon","coordinates":[[[-90.12256,31.75268],[-89.97459,31.76166],[-89.87975,31.76691],[-89.7551,31.77465],[-89.71463,31.77678],[-89.68324,31.77919],[-89.65302,31.78065],[-89.6545,31.78376],[-89.65479,31.84338],[-89.65465,31.99844],[-89.65443,32.01368],[-89.66209,32.04724],[-89.73007,32.04707],[-89.88198,32.0475],[-89.93707,32.04793],[-89.93719,32.04916],[-90.07807,32.04941],[-90.23033,32.04973],[-90.23004,32.04666],[-90.23674,32.03748],[-90.24275,32.03736],[-90.24792,32.03152],[-90.24359,32.02261],[-90.23351,32.01711],[-90.22925,32.02088],[-90.22093,32.0189],[-90.22515,32.00978],[-90.23193,32.00747],[-90.22279,31.99482],[-90.22295,31.98916],[-90.2061,31.98799],[-90.20702,31.97767],[-90.19699,31.96509],[-90.19811,31.95787],[-90.19281,31.95312],[-90.19187,31.94411],[-90.18421,31.93773],[-90.1787,31.94266],[-90.16832,31.93055],[-90.16664,31.9236],[-90.16979,31.91764],[-90.17028,31.90447],[-90.15916,31.90054],[-90.14572,31.89287],[-90.14175,31.88739],[-90.13689,31.87077],[-90.13713,31.86431],[-90.13255,31.85692],[-90.13891,31.8481],[-90.15211,31.84472],[-90.15625,31.84094],[-90.14465,31.82993],[-90.13791,31.83284],[-90.12826,31.82747],[-90.13694,31.82602],[-90.13602,31.81897],[-90.14871,31.80784],[-90.1507,31.79987],[-90.14076,31.78935],[-90.1235,31.78914],[-90.11543,31.79124],[-90.11098,31.78927],[-90.10749,31.77769],[-90.1125,31.76971],[-90.11975,31.76805],[-90.12416,31.77431],[-90.12898,31.76821],[-90.12179,31.75585],[-90.12256,31.75268]]]},"properties":{"STATEFP":"28","COUNTYFP":"127","COUNTYNS":"00695784","GEOIDFQ":"0500000US28127","GEOID":"28127","NAME":"Simpson","NAMELSAD":"Simpson County","STUSPS":"MS","STATE_NAME":"Mississippi","LSAD":"06","ALAND":1525930873,"AWATER":3378528}},
{"type":"Feature","geometry":{"type":"Polygon","coordinates":[[[-88.73544,34.59648],[-88.73646,34.50891],[-88.62201,34.50926],[-88.58321,34.50887],[-88.54175,34.50919],[-88.54231,34.49565],[-88.54208,34.46528],[-88.44551,34.4653],[-88.32919,34.46357],[-88.33081,34.58041],[-88.33027,34.62509],[-88.3307,34.74072],[-88.34831,34.74087],[-88.34837,34.75536],[-88.36547,34.7556],[-88.43486,34.75574],[-88.58695,34.75607],[-88.6844,34.7568],[-88.71851,34.75678],[-88.71889,34.72963],[-88.71845,34.71319],[-88.71879,34.67529],[-88.71798,34.65326],[-88.71779,34.59647],[-88.73544,34.59648]]]},"properties":{"STATEFP":"28","COUNTYFP":"117","COUNTYNS":"00695779","GEOIDFQ":"0500000US28117","GEOID":"28117","NAME":"Prentiss","NAMELSAD":"Prentiss County","STUSPS":"MS","STATE_NAME":"Mississippi","LSAD":"06","ALAND":1074806610,"AWATER":8324262}},
{"type":"Feature","geometry":{"type":"Polygon","coordinates":[[[-90.19854,34.51109],[-90.19671,34.42581],[-90.19739,34.39444],[-90.19763,34.34025],[-90.19341,34.34027],[-90.19409,34.30141],[-90.13448,34.26561],[-90.13546,34.16007],[-89.95858,34.15955],[-89.96615,34.16436],[-89.93148,34.1643],[-89.85647,34.16393],[-89.72143,34.16351],[-89.72105,34.19255],[-89.71938,34.33804],[-89.72081,34.34232],[-89.72126,34.39397],[-89.72221,34.42227],[-89.72094,34.45093],[-89.72134,34.55427],[-89.80972,34.55376],[-89.93723,34.55366],[-89.95095,34.55407],[-90.00386,34.55396],[-90.12233,34.55411],[-90.19863,34.55443],[-90.19854,34.51109]]]},"properties":{"STATEFP":"28","COUNTYFP":"107","COUNTYNS":"00695776","GEOIDFQ":"0500000US28107","GEOID":"28107","NAME":"Panola","NAMELSAD":"Panola County","STUSPS":"MS","STATE_NAME":"Mississippi","LSAD":"06","ALAND":1774607343,"AWATER":51674888}},
{"type":"Feature","geometry":{"type":"Polygon","coordinates":[[[-91.15815,31.3467],[-91.15456,31.34306],[-91.14652,31.34777],[-91.14385,31.34004],[-91.13486,31.33143],[-91.11967,31.32496],[-91.11969,31.32105],[-91.1115,31.31995],[-91.10269,31.32715],[-91.0954,31.32098],[-91.0866,31.32667],[-91.08224,31.3252],[-91.06923,31.32833],[-91.06822,31.33688],[-91.05719,31.3307],[-91.04834,31.33111],[-91.04536,31.33538],[-91.02833,31.33568],[-91.02325,31.33975],[-91.01801,31.3475],[-91.00763,31.3467],[-91.00344,31.33792],[-90.98756,31.33693],[-90.98738,31.34381],[-90.983,31.34867],[-90.88808,31.34908],[-90.71879,31.34968],[-90.6333,31.34931],[-90.63289,31.38633],[-90.63329,31.52443],[-90.63323,31.61141],[-90.73733,31.61112],[-90.7501,31.61159],[-90.80337,31.61079],[-90.86363,31.61096],[-90.8751,31.61038],[-90.93228,31.61067],[-91.0001,31.61049],[-91.04899,31.61059],[-91.15386,31.61007],[-91.15512,31.54826],[-91.15679,31.36867],[-91.15815,31.3467]]]},"properties":{"STATEFP":"28","COUNTYFP":"037","COUNTYNS":"00695743","GEOIDFQ":"0500000US28037","GEOID":"28037","NAME":"Franklin","NAMELSAD":"Franklin County","STUSPS":"MS","STATE_NAME":"Mississippi","LSAD":"06","ALAND":1460658822,"AWATER":7250805}},
{"type":"Feature","geometry":{"type":"Polygon","coordinates":[[[-91.15386,31.61007],[-91.04899,31.61059],[-91.0001,31.61049],[-90.93228,31.61067],[-90.8751,31.61038],[-90.86363,31.61096],[-90.80337,31.61079],[-90.7501,31.61159],[-90.73733,31.61112],[-90.73682,31.69849],[-90.73628,31.78613],[-90.85266,31.78542],[-90.85225,31.7901],[-90.84039,31.8041],[-90.84324,31.80892],[-90.84189,31.82626],[-90.8751,31.83325],[-90.99312,31.85739],[-91.01368,31.86185],[-91.09681,31.86553],[-91.19853,31.86893],[-91.24814,31.86985],[-91.26441,31.86546],[-91.26771,31.86266],[-91.26881,31.85516],[-91.26661,31.85116],[-91.24562,31.83317],[-91.24737,31.82232],[-91.25561,31.81266],[-91.26201,31.80936],[-91.27671,31.81136],[-91.28491,31.81836],[-91.28941,31.82866],[-91.28931,31.84686],[-91.29341,31.86016],[-91.30751,31.85646],[-91.32791,31.85476],[-91.33841,31.85126],[-91.34571,31.84286],[-91.35951,31.79936],[-91.36371,31.78036],[-91.36553,31.76163],[-91.35521,31.75806],[-91.32597,31.76151],[-91.30131,31.76675],[-91.28604,31.77206],[-91.27387,31.77118],[-91.26304,31.767],[-91.25961,31.76129],[-91.26341,31.75447],[-91.27554,31.74552],[-91.29172,31.74526],[-91.31786,31.74979],[-91.30694,31.71103],[-91.29768,31.70871],[-91.29909,31.70009],[-91.294,31.69789],[-91.29183,31.69161],[-91.3004,31.68109],[-91.29557,31.66987],[-91.28787,31.67072],[-91.28339,31.66682],[-91.26702,31.6639],[-91.26597,31.6554],[-91.27085,31.65087],[-91.26941,31.64738],[-91.25127,31.64349],[-91.24112,31.63695],[-91.23329,31.62941],[-91.21808,31.62934],[-91.15384,31.63049],[-91.15386,31.61007]]]},"properties":{"STATEFP":"28","COUNTYFP":"063","COUNTYNS":"00695755","GEOIDFQ":"0500000US28063","GEOID":"28063","NAME":"Jefferson","NAMELSAD":"Jefferson County","STUSPS":"MS","STATE_NAME":"Mississippi","LSAD":"06","ALAND":1346620554,"AWATER":18988092}},
{"type":"Feature","geometry":{"type":"Polygon","coordinates":[[[-89.08849,34.59825],[-89.14105,34.59789],[-89.24561,34.5976],[-89.24564,34.58323],[-89.24613,34.49563],[-89.24634,34.37934],[-89.11568,34.3801],[-89.04527,34.38014],[-88.9289,34.37936],[-88.92855,34.365],[-88.84322,34.36509],[-88.82497,34.36476],[-88.82513,34.39389],[-88.78977,34.39369],[-88.78944,34.49493],[-88.73667,34.49466],[-88.73646,34.50891],[-88.73544,34.59648],[-88.89353,34.59716],[-89.03461,34.5987],[-89.08849,34.59825]]]},"properties":{"STATEFP":"28","COUNTYFP":"145","COUNTYNS":"00695793","GEOIDFQ":"0500000US28145","GEOID":"28145","NAME":"Union","NAMELSAD":"Union County","STUSPS":"MS","STATE_NAME":"Mississippi","LSAD":"06","ALAND":1076417817,"AWATER":3369003}},
{"type":"Feature","geometry":{"type":"Polygon","coordinates":[[[-89.13797,30.90988],[-89.1384,31.00044],[-89.14618,31.00045],[-89.14586,31.06579],[-89.14552,31.24605],[-89.14616,31.36659],[-89.14583,31.37568],[-89.14609,31.43405],[-89.19397,31.43409],[-89.28382,31.43376],[-89.32416,31.4339],[-89.34806,31.43444],[-89.39918,31.43403],[-89.45162,31.43403],[-89.45124,31.41059],[-89.45107,31.34638],[-89.34786,31.3467],[-89.34799,31.23964],[-89.34904,31.13568],[-89.34895,31.01037],[-89.34897,31.00104],[-89.3407,31.00103],[-89.34081,30.90991],[-89.13797,30.90988]]]},"properties":{"STATEFP":"28","COUNTYFP":"035","COUNTYNS":"00695742","GEOIDFQ":"0500000US28035","GEOID":"28035","NAME":"Forrest","NAMELSAD":"Forrest County","STUSPS":"MS","STATE_NAME":"Mississippi","LSAD":"06","ALAND":1207042886,"AWATER":10872917}},
{"type":"Feature","geometry":{"type":"Polygon","coordinates":[[[-89.65302,31.78065],[-89.68324,31.77919],[-89.71463,31.77678],[-89.7551,31.77465],[-89.75561,31.60975],[-89.73511,31.61034],[-89.7308,31.60708],[-89.72487,31.59723],[-89.71855,31.593],[-89.71703,31.58892],[-89.70659,31.58482],[-89.69891,31.57718],[-89.68985,31.57619],[-89.673,31.56468],[-89.66743,31.56538],[-89.66099,31.56248],[-89.63695,31.5589],[-89.62893,31.55246],[-89.62386,31.55124],[-89.61623,31.54259],[-89.60995,31.53883],[-89.60289,31.53884],[-89.60227,31.53135],[-89.59657,31.52583],[-89.59745,31.51676],[-89.58692,31.51344],[-89.58682,31.43369],[-89.55725,31.43394],[-89.45162,31.43403],[-89.39918,31.43403],[-89.3993,31.48166],[-89.39994,31.54133],[-89.40024,31.62373],[-89.40089,31.75306],[-89.40123,31.79686],[-89.44083,31.79413],[-89.48444,31.79178],[-89.50354,31.79023],[-89.65302,31.78065]]]},"properties":{"STATEFP":"28","COUNTYFP":"031","COUNTYNS":"00695740","GEOIDFQ":"0500000US28031","GEOID":"28031","NAME":"Covington","NAMELSAD":"Covington County","STUSPS":"MS","STATE_NAME":"Mississippi","LSAD":"06","ALAND":1071784951,"AWATER":2880713}},
{"type":"Feature","geometry":{"type":"Polygon","coordinates":[[[-89.32269,32.22347],[-89.3226,32.10575],[-89.32212,32.00015],[-89.32113,31.88515],[-89.32075,31.87434],[-89.31709,31.87431],[-89.31656,31.80209],[-89.21255,31.80841],[-89.11328,31.81412],[-89.07939,31.81659],[-88.99286,31.82144],[-88.94335,31.82457],[-88.91046,31.82665],[-88.91173,31.96277],[-88.9134,32.08784],[-88.91355,32.1747],[-88.91428,32.19593],[-88.91385,32.22419],[-88.98192,32.22405],[-89.11767,32.22397],[-89.32269,32.22347]]]},"properties":{"STATEFP":"28","COUNTYFP":"061","COUNTYNS":"00695754","GEOIDFQ":"0500000US28061","GEOID":"28061","NAME":"Jasper","NAMELSAD":"Jasper County","STUSPS":"MS","STATE_NAME":"Mississippi","LSAD":"06","ALAND":1751636189,"AWATER":3130850}},
{"type":"Feature","geometry":{"type":"Polygon","coordinates":[[[-88.88504,30.91079],[-88.87415,30.90992],[-88.83447,30.91032],[-88.83434,30.99798],[-88.84084,31.00019],[-88.84107,31.12151],[-88.84117,31.25829],[-88.84171,31.4337],[-88.94347,31.43346],[-89.07007,31.43373],[-89.14609,31.43405],[-89.14583,31.37568],[-89.14616,31.36659],[-89.14552,31.24605],[-89.14586,31.06579],[-89.14618,31.00045],[-89.1384,31.00044],[-89.13797,30.90988],[-89.11182,30.90992],[-88.88504,30.91079]]]},"properties":{"STATEFP":"28","COUNTYFP":"111","COUNTYNS":"00695778","GEOIDFQ":"0500000US28111","GEOID":"28111","NAME":"Perry","NAMELSAD":"Perry County","STUSPS":"MS","STATE_NAME":"Mississippi","LSAD":"06","ALAND":1676452290,"AWATER":7561701}},
{"type":"Feature","geometry":{"type":"Polygon","coordinates":[[[-89.65404,31.0025],[-89.65377,31.12245],[-89.65394,31.18226],[-89.6538,31.28313],[-89.6544,31.40466],[-89.65421,31.43381],[-89.73902,31.43377],[-89.82424,31.43409],[-89.82333,31.39002],[-89.89096,31.39053],[-89.95894,31.39049],[-89.9663,31.39049],[-89.9759,31.39459],[-90.04048,31.39467],[-90.04047,31.33601],[-90.04037,31.23391],[-90.03187,31.23394],[-90.0319,31.17573],[-90.00614,31.17561],[-90.00594,31.1323],[-89.93818,31.13295],[-89.93824,31.11116],[-89.92952,31.11117],[-89.9295,31.08923],[-89.92097,31.08931],[-89.92094,31.07468],[-89.83587,31.07493],[-89.83591,31.00206],[-89.75264,31.00185],[-89.74723,31.00018],[-89.74182,31.00344],[-89.7325,31.00483],[-89.72815,31.0023],[-89.65404,31.0025]]]},"properties":{"STATEFP":"28","COUNTYFP":"091","COUNTYNS":"00695769","GEOIDFQ":"0500000US28091","GEOID":"28091","NAME":"Marion","NAMELSAD":"Marion County","STUSPS":"MS","STATE_NAME":"Mississippi","LSAD":"06","ALAND":1404709660,"AWATER":16209882}},
{"type":"Feature","geometry":{"type":"Polygon","coordinates":[[[-88.51392,33.65021],[-88.5131,33.6607],[-88.50193,33.66619],[-88.50119,33.67406],[-88.49098,33.67373],[-88.49166,33.67729],[-88.50004,33.67994],[-88.62442,33.68034],[-88.71963,33.68025],[-88.71967,33.79316],[-88.71998,33.81133],[-88.75711,33.81083],[-88.93118,33.81237],[-88.9316,33.75431],[-89.03477,33.75416],[-89.0345,33.73943],[-89.035,33.65202],[-89.03427,33.63541],[-89.01854,33.63537],[-89.01861,33.56211],[-89.0014,33.56207],[-88.98418,33.56425],[-88.80393,33.56484],[-88.73276,33.56519],[-88.71533,33.55924],[-88.69966,33.56116],[-88.69473,33.56516],[-88.67153,33.56514],[-88.67125,33.50617],[-88.60939,33.50675],[-88.60069,33.50799],[-88.59546,33.51217],[-88.58498,33.51553],[-88.57795,33.52211],[-88.57263,33.51902],[-88.56375,33.52701],[-88.55396,33.52155],[-88.5511,33.52827],[-88.54386,33.52681],[-88.54211,33.53323],[-88.53144,33.53738],[-88.52705,33.54291],[-88.52418,33.55095],[-88.5147,33.54506],[-88.50588,33.54179],[-88.50522,33.53702],[-88.49719,33.53481],[-88.49439,33.52956],[-88.48609,33.52823],[-88.4803,33.52274],[-88.47189,33.52711],[-88.48473,33.53442],[-88.49203,33.54242],[-88.49758,33.56352],[-88.49138,33.56279],[-88.48606,33.5683],[-88.49486,33.57952],[-88.48836,33.58286],[-88.48024,33.59432],[-88.47468,33.59809],[-88.47563,33.6049],[-88.48362,33.61044],[-88.49534,33.61494],[-88.50454,33.61335],[-88.50552,33.6202],[-88.49935,33.62608],[-88.5017,33.63602],[-88.49964,33.64378],[-88.51247,33.64426],[-88.51392,33.65021]]]},"properties":{"STATEFP":"28","COUNTYFP":"025","COUNTYNS":"00695737","GEOIDFQ":"0500000US28025","GEOID":"28025","NAME":"Clay","NAMELSAD":"Clay County","STUSPS":"MS","STATE_NAME":"Mississippi","LSAD":"06","ALAND":1062098110,"AWATER":15361008}},
{"type":"Feature","geometry":{"type":"Polygon","coordinates":[[[-89.24548,34.16119],[-89.24591,34.2273],[-89.24641,34.33383],[-89.24634,34.37934],[-89.24613,34.49563],[-89.25852,34.49807],[-89.26431,34.50543],[-89.2761,34.50517],[-89.28657,34.5084],[-89.29276,34.51579],[-89.31048,34.51757],[-89.3327,34.52455],[-89.33718,34.52292],[-89.34617,34.52546],[-89.36693,34.52579],[-89.36424,34.52174],[-89.36983,34.51862],[-89.3866,34.52109],[-89.38903,34.52424],[-89.40646,34.52601],[-89.40744,34.52229],[-89.41488,34.52219],[-89.42446,34.51913],[-89.43429,34.52006],[-89.44019,34.52345],[-89.4431,34.5312],[-89.45566,34.53251],[-89.46502,34.54073],[-89.46836,34.54627],[-89.47666,34.54899],[-89.47665,34.55402],[-89.52763,34.55477],[-89.62661,34.55505],[-89.66845,34.55437],[-89.72134,34.55427],[-89.72094,34.45093],[-89.72221,34.42227],[-89.72126,34.39397],[-89.72081,34.34232],[-89.71938,34.33804],[-89.72105,34.19255],[-89.621,34.19132],[-89.50944,34.19096],[-89.50975,34.16208],[-89.42082,34.16186],[-89.24548,34.16119]]]},"properties":{"STATEFP":"28","COUNTYFP":"071","COUNTYNS":"00695759","GEOIDFQ":"0500000US28071","GEOID":"28071","NAME":"Lafayette","NAMELSAD":"Lafayette County","STUSPS":"MS","STATE_NAME":"Mississippi","LSAD":"06","ALAND":1636088510,"AWATER":123105438}},
{"type":"Feature","geometry":{"type":"Polygon","coordinates":[[[-88.15629,34.46321],[-88.13426,34.62266],[-88.11841,34.72429],[-88.11642,34.7463],[-88.10756,34.81163],[-88.09789,34.8922],[-88.1,34.8941],[-88.12504,34.90223],[-88.13669,34.90759],[-88.14633,34.91437],[-88.15462,34.92239],[-88.16159,34.93346],[-88.17611,34.96252],[-88.18743,34.97491],[-88.19881,34.99119],[-88.20006,34.99563],[-88.25811,34.99546],[-88.36353,34.99559],[-88.36466,34.92963],[-88.36554,34.85435],[-88.36547,34.7556],[-88.34837,34.75536],[-88.34831,34.74087],[-88.3307,34.74072],[-88.33027,34.62509],[-88.33081,34.58041],[-88.32919,34.46357],[-88.18683,34.46343],[-88.15629,34.46321]]]},"properties":{"STATEFP":"28","COUNTYFP":"141","COUNTYNS":"00695791","GEOIDFQ":"0500000US28141","GEOID":"28141","NAME":"Tishomingo","NAMELSAD":"Tishomingo County","STUSPS":"MS","STATE_NAME":"Mississippi","LSAD":"06","ALAND":1098925142,"AWATER":52373918}},
{"type":"Feature","geometry":{"type":"Polygon","coordinates":[[[-89.95894,31.39049],[-89.89096,31.39053],[-89.82333,31.39002],[-89.82424,31.43409],[-89.73902,31.43377],[-89.65421,31.43381],[-89.58682,31.43369],[-89.58692,31.51344],[-89.59745,31.51676],[-89.59657,31.52583],[-89.60227,31.53135],[-89.60289,31.53884],[-89.60995,31.53883],[-89.61623,31.54259],[-89.62386,31.55124],[-89.62893,31.55246],[-89.63695,31.5589],[-89.66099,31.56248],[-89.66743,31.56538],[-89.673,31.56468],[-89.68985,31.57619],[-89.69891,31.57718],[-89.70659,31.58482],[-89.71703,31.58892],[-89.71855,31.593],[-89.72487,31.59723],[-89.7308,31.60708],[-89.73511,31.61034],[-89.75561,31.60975],[-89.7551,31.77465],[-89.87975,31.76691],[-89.97459,31.76166],[-89.97494,31.72805],[-89.97499,31.62523],[-89.97602,31.55119],[-89.97605,31.52248],[-89.9591,31.52242],[-89.95894,31.39049]]]},"properties":{"STATEFP":"28","COUNTYFP":"065","COUNTYNS":"00695756","GEOIDFQ":"0500000US28065","GEOID":"28065","NAME":"Jefferson Davis","NAMELSAD":"Jefferson Davis County","STUSPS":"MS","STATE_NAME":"Mississippi","LSAD":"06","ALAND":1057871277,"AWATER":1791496}},
{"type":"Feature","geometry":{"type":"Polygon","coordinates":[[[-88.84171,31.4337],[-88.84117,31.25829],[-88.84107,31.12151],[-88.84084,31.00019],[-88.83434,30.99798],[-88.75332,30.99746],[-88.62482,30.99879],[-88.53855,30.99813],[-88.42564,30.9983],[-88.43351,31.14279],[-88.43898,31.2469],[-88.43878,31.25265],[-88.44521,31.35597],[-88.44957,31.43583],[-88.54185,31.43581],[-88.54095,31.43457],[-88.68184,31.43393],[-88.69131,31.43417],[-88.75004,31.43354],[-88.82424,31.43404],[-88.84171,31.4337]]]},"properties":{"STATEFP":"28","COUNTYFP":"041","COUNTYNS":"00695745","GEOIDFQ":"0500000US28041","GEOID":"28041","NAME":"Greene","NAMELSAD":"Greene County","STUSPS":"MS","STATE_NAME":"Mississippi","LSAD":"06","ALAND":1845983901,"AWATER":15430619}},
{"type":"Feature","geometry":{"type":"Polygon","coordinates":[[[-89.50713,33.72182],[-89.50687,33.67761],[-89.50644,33.59762],[-89.5065,33.45981],[-89.49784,33.4601],[-89.43232,33.46004],[-89.38109,33.46031],[-89.37535,33.46149],[-89.36797,33.46861],[-89.36016,33.47164],[-89.35463,33.46914],[-89.34154,33.46973],[-89.33249,33.48288],[-89.31982,33.49648],[-89.30978,33.49933],[-89.30264,33.5043],[-89.29841,33.5027],[-89.29301,33.50781],[-89.27171,33.51117],[-89.26148,33.51863],[-89.24603,33.51623],[-89.23918,33.51956],[-89.22885,33.51975],[-89.22053,33.52728],[-89.20838,33.5252],[-89.19538,33.53043],[-89.18346,33.53079],[-89.18096,33.53285],[-89.12506,33.53281],[-89.08845,33.5332],[-89.08826,33.56204],[-89.01861,33.56211],[-89.01854,33.63537],[-89.03427,33.63541],[-89.035,33.65202],[-89.0345,33.73943],[-89.19178,33.7386],[-89.19192,33.72216],[-89.23195,33.72187],[-89.39365,33.72172],[-89.50713,33.72182]]]},"properties":{"STATEFP":"28","COUNTYFP":"155","COUNTYNS":"00695798","GEOIDFQ":"0500000US28155","GEOID":"28155","NAME":"Webster","NAMELSAD":"Webster County","STUSPS":"MS","STATE_NAME":"Mississippi","LSAD":"06","ALAND":1090793737,"AWATER":5364867}}
]}