{"type":"FeatureCollection", "features": [
{"type":"Feature","geometry":{"type":"Polygon","coordinates":[[[-76.72162,40.12007],[-76.71093,40.11384],[-76.69719,40.10249],[-76.68043,40.08319],[-76.6755,40.0736],[-76.66382,40.06323],[-76.65277,40.05957],[-76.64362,40.05962],[-76.6206,40.05473],[-76.59582,40.05151],[-76.57122,40.04567],[-76.55389,40.04673],[-76.54145,40.05104],[-76.53452,40.05135],[-76.53155,40.04616],[-76.53217,40.03823],[-76.52692,40.02618],[-76.51346,40.0154],[-76.4984,39.99647],[-76.49535,39.97613],[-76.48739,39.96214],[-76.47921,39.95481],[-76.47358,39.94735],[-76.46758,39.94305],[-76.45975,39.94125],[-76.44897,39.93434],[-76.42216,39.92583],[-76.40507,39.91539],[-76.39045,39.91175],[-76.38552,39.9057],[-76.38378,39.89362],[-76.37952,39.88644],[-76.38171,39.87906],[-76.37666,39.86564],[-76.36964,39.8604],[-76.36167,39.85705],[-76.35076,39.84709],[-76.35054,39.83776],[-76.3424,39.82887],[-76.33825,39.82206],[-76.32835,39.81479],[-76.3157,39.81004],[-76.3105,39.80306],[-76.29018,39.78501],[-76.27984,39.77964],[-76.27611,39.77562],[-76.26747,39.75936],[-76.25656,39.75004],[-76.24958,39.73998],[-76.24058,39.73031],[-76.2398,39.7213],[-76.13558,39.72156],[-76.13436,39.72706],[-76.12762,39.72756],[-76.12225,39.72341],[-76.11823,39.72541],[-76.11992,39.73636],[-76.10856,39.73484],[-76.11118,39.72852],[-76.10179,39.72427],[-76.09262,39.73353],[-76.10205,39.73988],[-76.09299,39.74283],[-76.08433,39.74834],[-76.08579,39.75589],[-76.08185,39.76135],[-76.06669,39.75997],[-76.0626,39.7645],[-76.06492,39.77028],[-76.0584,39.77986],[-76.04968,39.78378],[-76.04852,39.78924],[-76.04126,39.79695],[-76.03512,39.80814],[-76.03076,39.81224],[-76.03107,39.81753],[-76.03631,39.82332],[-76.02703,39.82415],[-76.02283,39.8308],[-76.01647,39.83148],[-76.02075,39.84503],[-76.01991,39.85352],[-76.00857,39.85197],[-76.00673,39.85396],[-76.00414,39.87288],[-75.99128,39.86874],[-75.98747,39.87248],[-75.99235,39.88216],[-75.99126,39.88759],[-75.98682,39.89219],[-75.99333,39.899],[-75.99752,39.90989],[-75.9949,39.91659],[-75.99713,39.92206],[-75.99525,39.92813],[-75.98097,39.93348],[-75.98823,39.93988],[-75.99464,39.95225],[-75.98598,39.96454],[-75.9867,39.96724],[-75.97241,39.98751],[-75.93587,40.03747],[-75.93433,40.04757],[-75.93622,40.06536],[-75.93613,40.07854],[-75.943,40.10927],[-75.89046,40.12953],[-75.87337,40.13711],[-75.95686,40.1914],[-76.13174,40.30316],[-76.15121,40.31597],[-76.30774,40.25504],[-76.3682,40.24742],[-76.43543,40.23822],[-76.502,40.21745],[-76.56634,40.19664],[-76.57119,40.1944],[-76.57905,40.19486],[-76.58268,40.19095],[-76.59986,40.18826],[-76.60652,40.18999],[-76.61595,40.18061],[-76.62768,40.17674],[-76.6321,40.17062],[-76.6441,40.16491],[-76.6531,40.16605],[-76.66204,40.16347],[-76.6728,40.1575],[-76.67721,40.14889],[-76.68315,40.1518],[-76.69559,40.1541],[-76.69987,40.14511],[-76.7057,40.14301],[-76.7112,40.13327],[-76.71591,40.13148],[-76.72162,40.12007]]]},"properties":{"STATEFP":"42","COUNTYFP":"071","COUNTYNS":"01209181","GEOIDFQ":"0500000US42071","GEOID":"42071","NAME":"Lancaster","NAMELSAD":"Lancaster County","STUSPS":"PA","STATE_NAME":"Pennsylvania","LSAD":"06","ALAND":2444751653,"AWATER":103368816}},
{"type":"Feature","geometry":{"type":"Polygon","coordinates":[[[-75.47419,40.81475],[-75.50802,40.8091],[-75.51905,40.80881],[-75.52844,40.80673],[-75.54155,40.80682],[-75.55136,40.80455],[-75.55753,40.80119],[-75.57749,40.79941],[-75.59545,40.7933],[-75.60261,40.78804],[-75.60898,40.78739],[-75.60468,40.77673],[-75.60666,40.77132],[-75.60287,40.76596],[-75.60357,40.75681],[-75.60169,40.74955],[-75.59256,40.73613],[-75.5879,40.73389],[-75.57616,40.73518],[-75.57063,40.73247],[-75.56886,40.72735],[-75.55816,40.72089],[-75.55099,40.72206],[-75.54181,40.72792],[-75.54031,40.73606],[-75.53015,40.73634],[-75.52624,40.7327],[-75.52553,40.7201],[-75.51563,40.7022],[-75.50849,40.69305],[-75.50305,40.68972],[-75.49798,40.67916],[-75.49113,40.677],[-75.48503,40.6715],[-75.48393,40.65962],[-75.48147,40.65574],[-75.4304,40.67415],[-75.43012,40.66843],[-75.4109,40.65014],[-75.39248,40.63412],[-75.38334,40.62425],[-75.38304,40.61735],[-75.38856,40.61442],[-75.39127,40.59655],[-75.40441,40.58115],[-75.33351,40.53706],[-75.29353,40.56198],[-75.25815,40.58201],[-75.23685,40.59075],[-75.1968,40.60858],[-75.20181,40.61719],[-75.19069,40.61996],[-75.18858,40.62463],[-75.19069,40.63589],[-75.20047,40.6469],[-75.19668,40.65512],[-75.19085,40.66194],[-75.18276,40.66597],[-75.17749,40.6726],[-75.17759,40.67773],[-75.18452,40.67997],[-75.19692,40.6813],[-75.20392,40.6915],[-75.19442,40.71402],[-75.18637,40.72027],[-75.1825,40.72992],[-75.18578,40.73727],[-75.19535,40.74547],[-75.19653,40.75163],[-75.1918,40.75583],[-75.18304,40.75934],[-75.17748,40.76423],[-75.17562,40.77292],[-75.17159,40.77775],[-75.16365,40.77839],[-75.14938,40.77479],[-75.1344,40.77376],[-75.12309,40.78675],[-75.1085,40.79109],[-75.1008,40.7998],[-75.10028,40.80758],[-75.09052,40.81591],[-75.08393,40.82447],[-75.08552,40.83008],[-75.09757,40.84097],[-75.09578,40.84708],[-75.09096,40.84919],[-75.07668,40.84987],[-75.07083,40.84739],[-75.0635,40.84946],[-75.06392,40.85542],[-75.05157,40.86404],[-75.05366,40.87366],[-75.07596,40.89569],[-75.07609,40.90704],[-75.07928,40.91389],[-75.09553,40.92415],[-75.10552,40.93629],[-75.11168,40.94811],[-75.11776,40.95302],[-75.12069,40.96253],[-75.12023,40.9687],[-75.12923,40.95893],[-75.14513,40.95158],[-75.15293,40.94931],[-75.16946,40.94802],[-75.17684,40.94552],[-75.17807,40.94032],[-75.19554,40.93634],[-75.21819,40.92788],[-75.22182,40.91958],[-75.24113,40.90944],[-75.2325,40.89976],[-75.26722,40.88247],[-75.27353,40.87315],[-75.28404,40.86604],[-75.30059,40.85956],[-75.32093,40.85566],[-75.33979,40.84594],[-75.38327,40.83104],[-75.41676,40.8261],[-75.42049,40.82345],[-75.44327,40.81828],[-75.47419,40.81475]]]},"properties":{"STATEFP":"42","COUNTYFP":"095","COUNTYNS":"01209185","GEOIDFQ":"0500000US42095","GEOID":"42095","NAME":"Northampton","NAMELSAD":"Northampton County","STUSPS":"PA","STATE_NAME":"Pennsylvania","LSAD":"06","ALAND":957743866,"AWATER":19060208}},
{"type":"Feature","geometry":{"type":"Polygon","coordinates":[[[-79.99801,39.98332],[-80.00585,39.9802],[-80.01046,39.97396],[-80.00934,39.95879],[-79.99507,39.94951],[-79.97029,39.95547],[-79.95365,39.95153],[-79.94376,39.94401],[-79.93331,39.9317],[-79.92486,39.92395],[-79.92333,39.91774],[-79.9296,39.90774],[-79.92793,39.90132],[-79.91528,39.8803],[-79.91685,39.8766],[-79.92767,39.87198],[-79.93028,39.86618],[-79.92478,39.85878],[-79.92465,39.85506],[-79.93798,39.84668],[-79.93648,39.84168],[-79.92438,39.83818],[-79.92172,39.83065],[-79.92064,39.81342],[-79.91018,39.79958],[-79.90866,39.79378],[-79.91662,39.7872],[-79.92929,39.78628],[-79.93441,39.78128],[-79.93298,39.77148],[-79.93468,39.76477],[-79.93008,39.75708],[-79.92248,39.75348],[-79.91438,39.75218],[-79.90344,39.74308],[-79.90392,39.73781],[-79.91617,39.72089],[-79.8529,39.72071],[-79.76377,39.72078],[-79.61062,39.72125],[-79.54846,39.72078],[-79.39246,39.72143],[-79.38946,39.72708],[-79.39266,39.73268],[-79.40996,39.73498],[-79.40886,39.74108],[-79.39406,39.74328],[-79.39416,39.74728],[-79.39973,39.7549],[-79.39856,39.75828],[-79.38626,39.76188],[-79.37866,39.76888],[-79.38026,39.77318],[-79.39166,39.77798],[-79.39296,39.78428],[-79.38456,39.78228],[-79.38006,39.79008],[-79.35676,39.78148],[-79.35436,39.78848],[-79.36256,39.78848],[-79.36826,39.79588],[-79.36885,39.80146],[-79.36396,39.80678],[-79.36569,39.82055],[-79.3716,39.82708],[-79.38304,39.82822],[-79.38147,39.83631],[-79.39366,39.84348],[-79.40978,39.8493],[-79.41756,39.85378],[-79.39875,39.90054],[-79.38762,39.9157],[-79.39156,39.9195],[-79.38396,39.92449],[-79.37826,39.93314],[-79.37288,39.93652],[-79.356,39.95816],[-79.32279,40.0035],[-79.29985,40.03203],[-79.29388,40.04045],[-79.31609,40.04384],[-79.32368,40.04078],[-79.33922,40.04224],[-79.34268,40.04417],[-79.35124,40.06787],[-79.35553,40.07429],[-79.39352,40.09076],[-79.40163,40.10265],[-79.41539,40.1046],[-79.42307,40.11098],[-79.43775,40.11594],[-79.44772,40.12677],[-79.44748,40.13323],[-79.46122,40.14135],[-79.46152,40.1441],[-79.48314,40.14404],[-79.48852,40.14122],[-79.50519,40.14057],[-79.51786,40.13138],[-79.52698,40.12324],[-79.53399,40.12862],[-79.54107,40.12081],[-79.54035,40.11404],[-79.54852,40.11032],[-79.55607,40.11291],[-79.5606,40.10522],[-79.56623,40.10606],[-79.58538,40.10213],[-79.58458,40.09783],[-79.59203,40.09346],[-79.59302,40.08205],[-79.60044,40.08431],[-79.60367,40.09084],[-79.6131,40.09344],[-79.62073,40.09271],[-79.6357,40.0859],[-79.63851,40.08287],[-79.65408,40.08929],[-79.65725,40.0966],[-79.6686,40.09885],[-79.66619,40.10266],[-79.67175,40.10625],[-79.68379,40.10862],[-79.68463,40.11311],[-79.69165,40.11309],[-79.7054,40.10764],[-79.71127,40.10866],[-79.7218,40.11529],[-79.71877,40.11764],[-79.72438,40.12312],[-79.73485,40.12105],[-79.74606,40.12846],[-79.80382,40.12876],[-79.81004,40.13248],[-79.81611,40.12838],[-79.83941,40.12825],[-79.84377,40.12743],[-79.86937,40.12814],[-79.87786,40.12696],[-79.85254,40.1161],[-79.84913,40.11262],[-79.83927,40.09247],[-79.84243,40.08401],[-79.84781,40.08019],[-79.86367,40.07542],[-79.87156,40.07545],[-79.87895,40.07842],[-79.89303,40.08035],[-79.90143,40.07673],[-79.89849,40.07127],[-79.88511,40.06855],[-79.87894,40.06303],[-79.8811,40.0578],[-79.89092,40.05067],[-79.89046,40.04535],[-79.87868,40.03822],[-79.87622,40.03375],[-79.87999,40.02828],[-79.88995,40.02246],[-79.90432,40.02253],[-79.91432,40.02104],[-79.92484,40.01612],[-79.92979,40.01175],[-79.93452,39.99963],[-79.94673,39.99425],[-79.95462,39.99527],[-79.9632,40.00797],[-79.97141,40.01381],[-79.98517,40.0131],[-79.99264,40.00945],[-79.99573,40.0051],[-79.99089,39.98655],[-79.99801,39.98332]]]},"properties":{"STATEFP":"42","COUNTYFP":"051","COUNTYNS":"01209179","GEOIDFQ":"0500000US42051","GEOID":"42051","NAME":"Fayette","NAMELSAD":"Fayette County","STUSPS":"PA","STATE_NAME":"Pennsylvania","LSAD":"06","ALAND":2048054614,"AWATER":20636361}},
{"type":"Feature","geometry":{"type":"Polygon","coordinates":[[[-79.29388,40.04045],[-79.28858,40.04178],[-79.28431,40.04825],[-79.27844,40.05016],[-79.27877,40.05554],[-79.27135,40.06424],[-79.26736,40.06572],[-79.26774,40.07427],[-79.25867,40.08027],[-79.256,40.08846],[-79.2464,40.09371],[-79.22667,40.09825],[-79.22262,40.10417],[-79.22086,40.11274],[-79.21077,40.1189],[-79.20519,40.11656],[-79.19656,40.11845],[-79.1916,40.11],[-79.18522,40.10985],[-79.18099,40.11571],[-79.17425,40.1206],[-79.16799,40.12816],[-79.16566,40.13906],[-79.16212,40.14331],[-79.16275,40.15406],[-79.16093,40.16114],[-79.14977,40.16037],[-79.1407,40.16331],[-79.14106,40.17306],[-79.14336,40.17862],[-79.13439,40.17872],[-79.12965,40.18092],[-79.12381,40.19395],[-79.12616,40.20039],[-79.11624,40.20375],[-79.11429,40.21026],[-79.10793,40.21303],[-79.09844,40.22661],[-79.10015,40.23115],[-79.09503,40.23363],[-79.09142,40.2405],[-79.08634,40.24239],[-79.07957,40.25793],[-79.06796,40.27247],[-79.05938,40.27577],[-79.05605,40.28486],[-79.03756,40.30696],[-79.03729,40.3134],[-79.03166,40.31765],[-79.02002,40.33561],[-79.00993,40.34048],[-79.00608,40.3512],[-78.99817,40.35617],[-78.97523,40.39193],[-78.97381,40.39542],[-78.98708,40.41099],[-78.99664,40.41326],[-79.01662,40.42028],[-79.03261,40.4175],[-79.03304,40.40859],[-79.02783,40.40655],[-79.03633,40.396],[-79.04244,40.39138],[-79.05188,40.38929],[-79.05848,40.38087],[-79.06988,40.38041],[-79.07448,40.38582],[-79.08296,40.38958],[-79.08831,40.38655],[-79.09053,40.38024],[-79.09677,40.37073],[-79.10418,40.36944],[-79.10931,40.37332],[-79.12163,40.37058],[-79.12712,40.37507],[-79.12868,40.38506],[-79.117,40.39424],[-79.13679,40.39857],[-79.14878,40.39766],[-79.154,40.4017],[-79.15205,40.40877],[-79.15579,40.41177],[-79.17371,40.41062],[-79.1912,40.41522],[-79.19757,40.41148],[-79.20265,40.4118],[-79.21478,40.42446],[-79.2332,40.43074],[-79.24017,40.42999],[-79.24757,40.43208],[-79.25411,40.42229],[-79.26328,40.41676],[-79.27286,40.41841],[-79.27354,40.42293],[-79.26935,40.42852],[-79.2726,40.43908],[-79.28285,40.44277],[-79.28941,40.43667],[-79.30128,40.43521],[-79.2999,40.44491],[-79.30178,40.45078],[-79.29763,40.4558],[-79.30312,40.46164],[-79.3161,40.45925],[-79.33027,40.45385],[-79.33173,40.46189],[-79.33901,40.47029],[-79.34541,40.46721],[-79.34593,40.45483],[-79.35385,40.4517],[-79.36053,40.4541],[-79.36227,40.46006],[-79.35803,40.47088],[-79.35859,40.47792],[-79.36592,40.47747],[-79.36633,40.46597],[-79.36959,40.4566],[-79.38175,40.4527],[-79.3945,40.45598],[-79.39793,40.46282],[-79.40663,40.4743],[-79.41569,40.47057],[-79.42357,40.47333],[-79.43063,40.48905],[-79.43846,40.48674],[-79.44669,40.48087],[-79.45376,40.48425],[-79.45246,40.48943],[-79.45529,40.49725],[-79.45393,40.50553],[-79.45974,40.51674],[-79.45655,40.52324],[-79.45018,40.53015],[-79.45503,40.53411],[-79.46429,40.53408],[-79.47574,40.52954],[-79.47692,40.53578],[-79.48333,40.53621],[-79.4887,40.52607],[-79.49795,40.52653],[-79.49892,40.53215],[-79.50538,40.53594],[-79.51191,40.54268],[-79.52625,40.54236],[-79.53621,40.55033],[-79.56073,40.56349],[-79.57068,40.58407],[-79.56449,40.59472],[-79.55165,40.60189],[-79.56508,40.60784],[-79.57033,40.60672],[-79.5761,40.60175],[-79.58209,40.60327],[-79.58378,40.61041],[-79.58957,40.61686],[-79.58866,40.62552],[-79.58292,40.633],[-79.59148,40.63434],[-79.6021,40.6245],[-79.60874,40.62583],[-79.60918,40.63901],[-79.61313,40.64362],[-79.62862,40.64867],[-79.63606,40.65448],[-79.63814,40.6656],[-79.65295,40.67191],[-79.66406,40.67904],[-79.66843,40.68001],[-79.68015,40.67194],[-79.69293,40.66974],[-79.69288,40.66961],[-79.69582,40.66151],[-79.68897,40.64544],[-79.69435,40.63513],[-79.70333,40.6257],[-79.71458,40.61701],[-79.72315,40.60699],[-79.73609,40.60204],[-79.74944,40.59887],[-79.762,40.59434],[-79.76807,40.58954],[-79.77336,40.58209],[-79.77413,40.56838],[-79.76509,40.54924],[-79.76007,40.55106],[-79.74849,40.55126],[-79.74266,40.54852],[-79.73571,40.54901],[-79.73193,40.54507],[-79.72113,40.54116],[-79.71437,40.53288],[-79.71023,40.5323],[-79.70198,40.52379],[-79.70214,40.48952],[-79.70324,40.45607],[-79.70478,40.42632],[-79.70694,40.42232],[-79.71603,40.41741],[-79.71723,40.41379],[-79.72683,40.41447],[-79.7224,40.40857],[-79.73043,40.40847],[-79.73252,40.3996],[-79.74463,40.39616],[-79.74802,40.39076],[-79.75378,40.38854],[-79.76207,40.39277],[-79.7639,40.38645],[-79.77108,40.37542],[-79.78421,40.31389],[-79.78865,40.29774],[-79.77596,40.28921],[-79.77959,40.2823],[-79.79471,40.28168],[-79.79506,40.27219],[-79.78774,40.26185],[-79.79665,40.25283],[-79.79911,40.24697],[-79.80743,40.23689],[-79.80439,40.23195],[-79.78259,40.22763],[-79.81442,40.21668],[-79.83925,40.20875],[-79.87142,40.19739],[-79.86582,40.19703],[-79.85535,40.19199],[-79.85044,40.17779],[-79.85287,40.16944],[-79.85946,40.16314],[-79.86802,40.16188],[-79.88734,40.16498],[-79.90035,40.1625],[-79.90478,40.15726],[-79.90207,40.14865],[-79.89324,40.14078],[-79.8877,40.13113],[-79.87786,40.12696],[-79.86937,40.12814],[-79.84377,40.12743],[-79.83941,40.12825],[-79.81611,40.12838],[-79.81004,40.13248],[-79.80382,40.12876],[-79.74606,40.12846],[-79.73485,40.12105],[-79.72438,40.12312],[-79.71877,40.11764],[-79.7218,40.11529],[-79.71127,40.10866],[-79.7054,40.10764],[-79.69165,40.11309],[-79.68463,40.11311],[-79.68379,40.10862],[-79.67175,40.10625],[-79.66619,40.10266],[-79.6686,40.09885],[-79.65725,40.0966],[-79.65408,40.08929],[-79.63851,40.08287],[-79.6357,40.0859],[-79.62073,40.09271],[-79.6131,40.09344],[-79.60367,40.09084],[-79.60044,40.08431],[-79.59302,40.08205],[-79.59203,40.09346],[-79.58458,40.09783],[-79.58538,40.10213],[-79.56623,40.10606],[-79.5606,40.10522],[-79.55607,40.11291],[-79.54852,40.11032],[-79.54035,40.11404],[-79.54107,40.12081],[-79.53399,40.12862],[-79.52698,40.12324],[-79.51786,40.13138],[-79.50519,40.14057],[-79.48852,40.14122],[-79.48314,40.14404],[-79.46152,40.1441],[-79.46122,40.14135],[-79.44748,40.13323],[-79.44772,40.12677],[-79.43775,40.11594],[-79.42307,40.11098],[-79.41539,40.1046],[-79.40163,40.10265],[-79.39352,40.09076],[-79.35553,40.07429],[-79.35124,40.06787],[-79.34268,40.04417],[-79.33922,40.04224],[-79.32368,40.04078],[-79.31609,40.04384],[-79.29388,40.04045]]]},"properties":{"STATEFP":"42","COUNTYFP":"129","COUNTYNS":"01209191","GEOIDFQ":"0500000US42129","GEOID":"42129","NAME":"Westmoreland","NAMELSAD":"Westmoreland County","STUSPS":"PA","STATE_NAME":"Pennsylvania","LSAD":"06","ALAND":2661757844,"AWATER":21294222}},
{"type":"Feature","geometry":{"type":"Polygon","coordinates":[[[-78.4205,41.60187],[-78.41841,41.55716],[-78.42016,41.54405],[-78.42017,41.51529],[-78.42115,41.47384],[-78.41957,41.47372],[-78.42003,41.40505],[-78.25396,41.40472],[-78.25438,41.32358],[-78.23467,41.32341],[-78.23682,41.23048],[-78.09338,41.21693],[-78.05358,41.27373],[-77.98879,41.36745],[-77.98891,41.44814],[-77.98919,41.47482],[-78.05044,41.47546],[-78.13178,41.55124],[-78.20364,41.6176],[-78.42085,41.61728],[-78.4205,41.60187]]]},"properties":{"STATEFP":"42","COUNTYFP":"023","COUNTYNS":"01213663","GEOIDFQ":"0500000US42023","GEOID":"42023","NAME":"Cameron","NAMELSAD":"Cameron County","STUSPS":"PA","STATE_NAME":"Pennsylvania","LSAD":"06","ALAND":1026241974,"AWATER":5651188}},
{"type":"Feature","geometry":{"type":"Polygon","coordinates":[[[-76.72162,40.12007],[-76.73265,40.12273],[-76.74056,40.12788],[-76.74462,40.13321],[-76.74588,40.14612],[-76.74826,40.15576],[-76.74969,40.17019],[-76.75208,40.17524],[-76.76256,40.17877],[-76.78767,40.19155],[-76.80058,40.20011],[-76.82164,40.20134],[-76.82886,40.20502],[-76.83478,40.21796],[-76.83947,40.22162],[-76.85902,40.22633],[-76.8609,40.21928],[-76.87274,40.21563],[-76.87978,40.21783],[-76.88562,40.21399],[-76.8918,40.2159],[-76.89696,40.22467],[-76.90332,40.2211],[-76.89868,40.21463],[-76.91492,40.20594],[-76.92127,40.20921],[-76.92948,40.19685],[-76.91861,40.19831],[-76.9133,40.19319],[-76.9119,40.18488],[-76.91672,40.18324],[-76.92655,40.18848],[-76.9283,40.1838],[-76.92329,40.17709],[-76.90765,40.16937],[-76.90568,40.16591],[-76.92911,40.16127],[-76.93928,40.16426],[-76.95133,40.16583],[-76.96688,40.1627],[-76.97802,40.16478],[-76.98068,40.16056],[-76.97222,40.15873],[-76.97901,40.15203],[-76.98681,40.15513],[-77.00313,40.15331],[-77.00994,40.14901],[-77.02886,40.14773],[-77.13742,40.06994],[-77.12344,40.06619],[-77.09198,40.05364],[-77.08081,40.04322],[-77.07856,40.03787],[-77.0703,40.03018],[-77.05702,40.02383],[-77.02642,40.01829],[-77.01865,40.01395],[-77.01062,40.0006],[-76.99267,39.9732],[-76.9662,39.93519],[-76.97258,39.93402],[-76.97235,39.92614],[-76.96716,39.92211],[-76.96698,39.91618],[-76.97301,39.91362],[-76.9753,39.90872],[-76.98385,39.90206],[-76.98374,39.89356],[-76.97744,39.8853],[-76.97824,39.88177],[-76.97254,39.87291],[-76.96362,39.87399],[-76.96224,39.86484],[-76.95505,39.85698],[-76.96484,39.85077],[-76.97857,39.84771],[-76.99066,39.83435],[-76.99968,39.83128],[-76.99932,39.71983],[-76.9366,39.7207],[-76.8901,39.7204],[-76.71559,39.7211],[-76.56939,39.7212],[-76.41878,39.7212],[-76.2398,39.7213],[-76.24058,39.73031],[-76.24958,39.73998],[-76.25656,39.75004],[-76.26747,39.75936],[-76.27611,39.77562],[-76.27984,39.77964],[-76.29018,39.78501],[-76.3105,39.80306],[-76.3157,39.81004],[-76.32835,39.81479],[-76.33825,39.82206],[-76.3424,39.82887],[-76.35054,39.83776],[-76.35076,39.84709],[-76.36167,39.85705],[-76.36964,39.8604],[-76.37666,39.86564],[-76.38171,39.87906],[-76.37952,39.88644],[-76.38378,39.89362],[-76.38552,39.9057],[-76.39045,39.91175],[-76.40507,39.91539],[-76.42216,39.92583],[-76.44897,39.93434],[-76.45975,39.94125],[-76.46758,39.94305],[-76.47358,39.94735],[-76.47921,39.95481],[-76.48739,39.96214],[-76.49535,39.97613],[-76.4984,39.99647],[-76.51346,40.0154],[-76.52692,40.02618],[-76.53217,40.03823],[-76.53155,40.04616],[-76.53452,40.05135],[-76.54145,40.05104],[-76.55389,40.04673],[-76.57122,40.04567],[-76.59582,40.05151],[-76.6206,40.05473],[-76.64362,40.05962],[-76.65277,40.05957],[-76.66382,40.06323],[-76.6755,40.0736],[-76.68043,40.08319],[-76.69719,40.10249],[-76.71093,40.11384],[-76.72162,40.12007]]]},"properties":{"STATEFP":"42","COUNTYFP":"133","COUNTYNS":"01209193","GEOIDFQ":"0500000US42133","GEOID":"42133","NAME":"York","NAMELSAD":"York County","STUSPS":"PA","STATE_NAME":"Pennsylvania","LSAD":"06","ALAND":2342261954,"AWATER":16503410}},
{"type":"Feature","geometry":{"type":"Polygon","coordinates":[[[-75.33351,40.53706],[-75.40973,40.48798],[-75.48386,40.41863],[-75.45202,40.39931],[-75.42567,40.38443],[-75.42223,40.38169],[-75.28408,40.2984],[-75.21413,40.25742],[-75.12982,40.20596],[-75.01507,40.13799],[-74.99417,40.12609],[-74.98343,40.12362],[-74.98237,40.11994],[-74.97296,40.1198],[-74.96317,40.11668],[-74.96543,40.10789],[-74.96116,40.10345],[-74.96177,40.09775],[-74.95578,40.0951],[-74.95908,40.08235],[-74.9636,40.07711],[-74.97106,40.07397],[-74.98088,40.06603],[-74.98044,40.0603],[-74.98516,40.05693],[-74.97394,40.04804],[-74.96689,40.05272],[-74.93258,40.06881],[-74.92087,40.0714],[-74.90901,40.07021],[-74.85981,40.08491],[-74.85461,40.09327],[-74.83801,40.10091],[-74.82623,40.12407],[-74.81612,40.12774],[-74.80061,40.12281],[-74.78871,40.12041],[-74.78211,40.12081],[-74.76949,40.12915],[-74.75888,40.13404],[-74.74055,40.13549],[-74.72436,40.14644],[-74.72219,40.14994],[-74.7223,40.16061],[-74.7338,40.17451],[-74.7556,40.18671],[-74.7595,40.19691],[-74.77172,40.21529],[-74.79531,40.22941],[-74.81951,40.23851],[-74.83631,40.24621],[-74.84231,40.25051],[-74.85311,40.26971],[-74.86049,40.28458],[-74.86821,40.29521],[-74.88711,40.31031],[-74.89641,40.31511],[-74.90831,40.31691],[-74.91741,40.32241],[-74.93971,40.33801],[-74.94378,40.34256],[-74.94872,40.36477],[-74.964,40.39525],[-74.96813,40.39913],[-74.97687,40.40185],[-74.9889,40.40877],[-74.99638,40.41053],[-75.02478,40.40346],[-75.03443,40.40607],[-75.04616,40.41397],[-75.05885,40.41807],[-75.06149,40.42285],[-75.06651,40.44718],[-75.07057,40.45517],[-75.06702,40.46531],[-75.06772,40.47367],[-75.06287,40.48164],[-75.06327,40.49936],[-75.06484,40.5035],[-75.06585,40.5195],[-75.06509,40.52615],[-75.06861,40.54222],[-75.0785,40.5483],[-75.10032,40.56781],[-75.11729,40.57321],[-75.13675,40.57573],[-75.14737,40.57315],[-75.15845,40.56529],[-75.17531,40.565],[-75.18674,40.56941],[-75.19405,40.57626],[-75.19466,40.58194],[-75.19015,40.59036],[-75.19229,40.60268],[-75.1968,40.60858],[-75.23685,40.59075],[-75.25815,40.58201],[-75.29353,40.56198],[-75.33351,40.53706]]]},"properties":{"STATEFP":"42","COUNTYFP":"017","COUNTYNS":"01209173","GEOIDFQ":"0500000US42017","GEOID":"42017","NAME":"Bucks","NAMELSAD":"Bucks County","STUSPS":"PA","STATE_NAME":"Pennsylvania","LSAD":"06","ALAND":1565511250,"AWATER":45291664}},
{"type":"Feature","geometry":{"type":"Polygon","coordinates":[[[-79.61084,41.99899],[-79.67013,41.99934],[-79.76137,41.99907],[-79.7618,42.01904],[-79.76176,42.16268],[-79.76215,42.24305],[-79.76195,42.26986],[-79.77382,42.26394],[-79.77768,42.26536],[-79.81276,42.24933],[-79.81898,42.24459],[-79.83158,42.24266],[-79.84466,42.23549],[-79.87024,42.23025],[-79.87322,42.23198],[-79.90105,42.2167],[-79.91822,42.21087],[-79.92392,42.20755],[-79.93132,42.20674],[-79.97352,42.18539],[-79.98527,42.18103],[-79.98585,42.17877],[-80.01233,42.16627],[-80.06108,42.14486],[-80.07432,42.1467],[-80.07844,42.15291],[-80.0732,42.15579],[-80.08003,42.16363],[-80.07288,42.16748],[-80.08674,42.17248],[-80.10428,42.17008],[-80.11753,42.16487],[-80.12931,42.15617],[-80.1356,42.14935],[-80.14324,42.13676],[-80.14802,42.1247],[-80.15408,42.11476],[-80.16588,42.10586],[-80.1981,42.08976],[-80.20624,42.08793],[-80.2152,42.08286],[-80.2332,42.0774],[-80.24042,42.07625],[-80.24738,42.07052],[-80.26757,42.06041],[-80.29131,42.05218],[-80.29399,42.04997],[-80.33056,42.0356],[-80.35148,42.02938],[-80.36342,42.02773],[-80.40243,42.01311],[-80.43692,42.00561],[-80.45763,41.99693],[-80.48904,41.98737],[-80.49418,41.98689],[-80.51941,41.97716],[-80.51929,41.84956],[-80.40817,41.84946],[-80.26698,41.84947],[-80.20655,41.84904],[-80.1465,41.84904],[-80.09568,41.84974],[-79.90998,41.85069],[-79.76203,41.85091],[-79.68035,41.85152],[-79.61207,41.85033],[-79.61117,41.90758],[-79.61084,41.99899]]]},"properties":{"STATEFP":"42","COUNTYFP":"049","COUNTYNS":"01209178","GEOIDFQ":"0500000US42049","GEOID":"42049","NAME":"Erie","NAMELSAD":"Erie County","STUSPS":"PA","STATE_NAME":"Pennsylvania","LSAD":"06","ALAND":2069145080,"AWATER":1966271748}},
{"type":"Feature","geometry":{"type":"Polygon","coordinates":[[[-75.46241,41.64159],[-75.4573,41.54647],[-75.45227,41.47602],[-75.447,41.36317],[-75.44117,41.25889],[-75.44523,41.25453],[-75.45351,41.2524],[-75.46918,41.24403],[-75.48181,41.24674],[-75.48506,41.24265],[-75.49606,41.24295],[-75.50561,41.23254],[-75.49216,41.23293],[-75.37463,41.23778],[-75.35918,41.23921],[-75.34592,41.24778],[-75.34136,41.25445],[-75.35001,41.25936],[-75.34772,41.26531],[-75.3346,41.26972],[-75.33172,41.27519],[-75.33364,41.27945],[-75.32465,41.28881],[-75.32779,41.29874],[-75.32228,41.29988],[-75.31397,41.31061],[-75.31627,41.31598],[-75.31205,41.32112],[-75.31114,41.33144],[-75.32245,41.34004],[-75.32938,41.33554],[-75.34246,41.33599],[-75.34447,41.3408],[-75.33776,41.34856],[-75.34208,41.35193],[-75.35131,41.36372],[-75.34852,41.37056],[-75.33549,41.3757],[-75.33067,41.36959],[-75.32366,41.36605],[-75.31429,41.36861],[-75.30606,41.37422],[-75.29834,41.3674],[-75.27829,41.37248],[-75.26571,41.37238],[-75.26209,41.37504],[-75.2619,41.38195],[-75.25308,41.39129],[-75.25671,41.39406],[-75.2549,41.39913],[-75.24681,41.40243],[-75.25152,41.41237],[-75.24235,41.42131],[-75.23396,41.42041],[-75.23367,41.42453],[-75.21831,41.42412],[-75.19963,41.43364],[-75.19942,41.43753],[-75.19194,41.43827],[-75.18624,41.44284],[-75.18928,41.44726],[-75.18652,41.45888],[-75.17876,41.46175],[-75.16876,41.47533],[-75.06971,41.60169],[-75.07463,41.60791],[-75.05972,41.6108],[-75.06167,41.61547],[-75.05385,41.61865],[-75.04422,41.61798],[-75.04356,41.62364],[-75.0482,41.63201],[-75.04928,41.64186],[-75.04868,41.65632],[-75.04992,41.66256],[-75.05876,41.67441],[-75.05265,41.67844],[-75.05274,41.68839],[-75.05983,41.69972],[-75.06883,41.70816],[-75.06663,41.71259],[-75.05223,41.7114],[-75.0497,41.71509],[-75.05482,41.73517],[-75.05281,41.74473],[-75.05343,41.75254],[-75.06076,41.76464],[-75.07594,41.77152],[-75.09281,41.76836],[-75.10099,41.76912],[-75.10464,41.7742],[-75.10146,41.78794],[-75.09288,41.79639],[-75.08142,41.79648],[-75.07689,41.79851],[-75.07217,41.80833],[-75.07217,41.81373],[-75.07982,41.81482],[-75.08579,41.81163],[-75.09354,41.81338],[-75.10002,41.81835],[-75.11333,41.82278],[-75.115,41.8303],[-75.1144,41.84358],[-75.11879,41.84582],[-75.13098,41.84515],[-75.14024,41.85208],[-75.1529,41.84856],[-75.16154,41.84984],[-75.16873,41.85926],[-75.16805,41.86704],[-75.17056,41.87161],[-75.17663,41.87237],[-75.18394,41.86052],[-75.19784,41.86881],[-75.204,41.86987],[-75.21497,41.86745],[-75.22373,41.85746],[-75.23161,41.85946],[-75.23874,41.8657],[-75.24335,41.86688],[-75.2512,41.86204],[-75.25782,41.86215],[-75.26381,41.87076],[-75.25756,41.87711],[-75.26062,41.88378],[-75.27129,41.88736],[-75.27278,41.89711],[-75.26777,41.90197],[-75.26756,41.90705],[-75.27655,41.92221],[-75.27909,41.93892],[-75.28938,41.94289],[-75.29371,41.95459],[-75.30159,41.95281],[-75.30123,41.9489],[-75.31036,41.94901],[-75.31817,41.95424],[-75.32004,41.96087],[-75.32932,41.96823],[-75.33949,41.97079],[-75.34246,41.9743],[-75.3376,41.9867],[-75.34113,41.99277],[-75.35958,41.99945],[-75.48314,41.99926],[-75.47638,41.87333],[-75.4737,41.83853],[-75.47078,41.78319],[-75.46241,41.64159]]]},"properties":{"STATEFP":"42","COUNTYFP":"127","COUNTYNS":"01213692","GEOIDFQ":"0500000US42127","GEOID":"42127","NAME":"Wayne","NAMELSAD":"Wayne County","STUSPS":"PA","STATE_NAME":"Pennsylvania","LSAD":"06","ALAND":1879734049,"AWATER":64785689}},
{"type":"Feature","geometry":{"type":"MultiPolygon","coordinates":[[[[-76.13558,39.72156],[-76.02762,39.72183],[-75.99865,39.72158],[-75.79956,39.72188],[-75.77379,39.7222],[-75.76606,39.73781],[-75.75307,39.75763],[-75.74439,39.76785],[-75.72705,39.78413],[-75.70121,39.80261],[-75.68599,39.81105],[-75.66282,39.82115],[-75.64152,39.82836],[-75.61725,39.834],[-75.59485,39.83729],[-75.59774,39.84115],[-75.592,39.85254],[-75.60153,39.85643],[-75.59322,39.86948],[-75.59791,39.87446],[-75.57116,39.88814],[-75.57338,39.8964],[-75.54642,39.90973],[-75.55045,39.91493],[-75.54249,39.91842],[-75.54273,39.92718],[-75.53611,39.92993],[-75.53024,39.92212],[-75.5235,39.92314],[-75.53047,39.93205],[-75.51905,39.93417],[-75.52382,39.94412],[-75.43605,39.98495],[-75.43563,39.98883],[-75.44881,39.99689],[-75.40434,40.02736],[-75.41499,40.04179],[-75.36107,40.06554],[-75.36669,40.07236],[-75.39263,40.06097],[-75.42012,40.0972],[-75.43786,40.08957],[-75.44072,40.09432],[-75.45619,40.08778],[-75.45662,40.09385],[-75.46293,40.09725],[-75.46173,40.10304],[-75.46924,40.10738],[-75.4716,40.11185],[-75.46941,40.11666],[-75.46263,40.11958],[-75.46209,40.12527],[-75.47245,40.1293],[-75.48108,40.1268],[-75.49369,40.12649],[-75.50562,40.13263],[-75.51084,40.14053],[-75.50932,40.14559],[-75.5033,40.1511],[-75.50108,40.15744],[-75.50897,40.16009],[-75.51321,40.1583],[-75.52107,40.14708],[-75.52684,40.14955],[-75.52662,40.15856],[-75.52916,40.16868],[-75.54099,40.17595],[-75.54917,40.18954],[-75.55775,40.20798],[-75.56491,40.20619],[-75.56288,40.19736],[-75.56701,40.19428],[-75.57334,40.1953],[-75.57922,40.20104],[-75.58176,40.20751],[-75.58776,40.21445],[-75.59703,40.23684],[-75.60692,40.23613],[-75.6037,40.22955],[-75.60552,40.22481],[-75.61237,40.223],[-75.61958,40.23008],[-75.64025,40.23705],[-75.65089,40.24202],[-75.65604,40.24117],[-75.66404,40.2449],[-75.67075,40.24469],[-75.68558,40.23658],[-75.69017,40.23645],[-75.69678,40.24186],[-75.72986,40.22449],[-75.74318,40.21672],[-75.85455,40.1493],[-75.87337,40.13711],[-75.89046,40.12953],[-75.943,40.10927],[-75.93613,40.07854],[-75.93622,40.06536],[-75.93433,40.04757],[-75.93587,40.03747],[-75.97241,39.98751],[-75.9867,39.96724],[-75.98598,39.96454],[-75.99464,39.95225],[-75.98823,39.93988],[-75.98097,39.93348],[-75.99525,39.92813],[-75.99713,39.92206],[-75.9949,39.91659],[-75.99752,39.90989],[-75.99333,39.899],[-75.98682,39.89219],[-75.99126,39.88759],[-75.99235,39.88216],[-75.98747,39.87248],[-75.99128,39.86874],[-76.00414,39.87288],[-76.00673,39.85396],[-76.00857,39.85197],[-76.01991,39.85352],[-76.02075,39.84503],[-76.01647,39.83148],[-76.02283,39.8308],[-76.02703,39.82415],[-76.03631,39.82332],[-76.03107,39.81753],[-76.03076,39.81224],[-76.03512,39.80814],[-76.04126,39.79695],[-76.04852,39.78924],[-76.04968,39.78378],[-76.0584,39.77986],[-76.06492,39.77028],[-76.0626,39.7645],[-76.06669,39.75997],[-76.08185,39.76135],[-76.08579,39.75589],[-76.08433,39.74834],[-76.09299,39.74283],[-76.10205,39.73988],[-76.09262,39.73353],[-76.10179,39.72427],[-76.11118,39.72852],[-76.10856,39.73484],[-76.11992,39.73636],[-76.11823,39.72541],[-76.12225,39.72341],[-76.12762,39.72756],[-76.13436,39.72706],[-76.13558,39.72156]]],[[[-75.5799,39.83852],[-75.58645,39.84434],[-75.59308,39.8375],[-75.5799,39.83852]]]]},"properties":{"STATEFP":"42","COUNTYFP":"029","COUNTYNS":"01209174","GEOIDFQ":"0500000US42029","GEOID":"42029","NAME":"Chester","NAMELSAD":"Chester County","STUSPS":"PA","STATE_NAME":"Pennsylvania","LSAD":"06","ALAND":1943917207,"AWATER":22400866}},
{"type":"Feature","geometry":{"type":"Polygon","coordinates":[[[-75.12023,40.9687],[-75.13378,40.97097],[-75.13552,40.97686],[-75.13057,40.99109],[-75.10911,41.0041],[-75.09263,41.00992],[-75.0811,41.01684],[-75.075,41.01713],[-75.04179,41.0317],[-75.036,41.03622],[-75.0271,41.03953],[-75.0264,41.04644],[-75.01707,41.05677],[-75.0131,41.06649],[-75.00638,41.06755],[-74.99962,41.07394],[-74.98933,41.07832],[-74.98259,41.07917],[-74.97099,41.08529],[-74.96676,41.09343],[-74.96943,41.09607],[-74.98131,41.08986],[-74.98826,41.08822],[-74.99172,41.09228],[-75.00296,41.09176],[-75.01855,41.08489],[-75.0291,41.08285],[-75.03922,41.0888],[-75.07715,41.14115],[-75.15651,41.15034],[-75.12972,41.2521],[-75.23401,41.2461],[-75.24209,41.24589],[-75.35918,41.23921],[-75.37463,41.23778],[-75.49216,41.23293],[-75.50561,41.23254],[-75.51649,41.21938],[-75.52936,41.22659],[-75.53985,41.22546],[-75.54914,41.2174],[-75.55472,41.20765],[-75.56264,41.20535],[-75.56974,41.19874],[-75.57021,41.19113],[-75.57637,41.18655],[-75.57665,41.17786],[-75.58781,41.17267],[-75.59854,41.17194],[-75.59633,41.16582],[-75.60074,41.1615],[-75.6045,41.15611],[-75.6033,41.15187],[-75.61558,41.15071],[-75.61417,41.14517],[-75.62838,41.13685],[-75.62807,41.12829],[-75.64904,41.12509],[-75.64941,41.1223],[-75.64397,41.11277],[-75.63759,41.1134],[-75.62824,41.1069],[-75.62482,41.1114],[-75.61595,41.10476],[-75.61269,41.09424],[-75.60411,41.09338],[-75.60607,41.08562],[-75.60082,41.08448],[-75.58296,41.07264],[-75.58051,41.06776],[-75.56889,41.05661],[-75.56977,41.05],[-75.5614,41.04899],[-75.5123,41.00211],[-75.49599,40.98718],[-75.54624,40.9646],[-75.57459,40.95132],[-75.55644,40.92869],[-75.52682,40.89039],[-75.48761,40.83797],[-75.47419,40.81475],[-75.44327,40.81828],[-75.42049,40.82345],[-75.41676,40.8261],[-75.38327,40.83104],[-75.33979,40.84594],[-75.32093,40.85566],[-75.30059,40.85956],[-75.28404,40.86604],[-75.27353,40.87315],[-75.26722,40.88247],[-75.2325,40.89976],[-75.24113,40.90944],[-75.22182,40.91958],[-75.21819,40.92788],[-75.19554,40.93634],[-75.17807,40.94032],[-75.17684,40.94552],[-75.16946,40.94802],[-75.15293,40.94931],[-75.14513,40.95158],[-75.12923,40.95893],[-75.12023,40.9687]]]},"properties":{"STATEFP":"42","COUNTYFP":"089","COUNTYNS":"01209184","GEOIDFQ":"0500000US42089","GEOID":"42089","NAME":"Monroe","NAMELSAD":"Monroe County","STUSPS":"PA","STATE_NAME":"Pennsylvania","LSAD":"06","ALAND":1575647531,"AWATER":22664084}},
{"type":"Feature","geometry":{"type":"Polygon","coordinates":[[[-75.48386,40.41863],[-75.52981,40.44709],[-75.54271,40.43061],[-75.58555,40.37792],[-75.61509,40.34209],[-75.66453,40.2811],[-75.69678,40.24186],[-75.69017,40.23645],[-75.68558,40.23658],[-75.67075,40.24469],[-75.66404,40.2449],[-75.65604,40.24117],[-75.65089,40.24202],[-75.64025,40.23705],[-75.61958,40.23008],[-75.61237,40.223],[-75.60552,40.22481],[-75.6037,40.22955],[-75.60692,40.23613],[-75.59703,40.23684],[-75.58776,40.21445],[-75.58176,40.20751],[-75.57922,40.20104],[-75.57334,40.1953],[-75.56701,40.19428],[-75.56288,40.19736],[-75.56491,40.20619],[-75.55775,40.20798],[-75.54917,40.18954],[-75.54099,40.17595],[-75.52916,40.16868],[-75.52662,40.15856],[-75.52684,40.14955],[-75.52107,40.14708],[-75.51321,40.1583],[-75.50897,40.16009],[-75.50108,40.15744],[-75.5033,40.1511],[-75.50932,40.14559],[-75.51084,40.14053],[-75.50562,40.13263],[-75.49369,40.12649],[-75.48108,40.1268],[-75.47245,40.1293],[-75.46209,40.12527],[-75.46263,40.11958],[-75.46941,40.11666],[-75.4716,40.11185],[-75.46924,40.10738],[-75.46173,40.10304],[-75.46293,40.09725],[-75.45662,40.09385],[-75.45619,40.08778],[-75.44072,40.09432],[-75.43786,40.08957],[-75.42012,40.0972],[-75.39263,40.06097],[-75.36669,40.07236],[-75.36107,40.06554],[-75.35681,40.06311],[-75.34946,40.05291],[-75.3207,40.01622],[-75.31143,40.01981],[-75.29282,39.99688],[-75.28417,39.98745],[-75.27648,39.97696],[-75.254,39.9883],[-75.21374,40.00716],[-75.20598,40.01172],[-75.21962,40.02191],[-75.23204,40.02804],[-75.2456,40.03766],[-75.26443,40.05409],[-75.24329,40.07349],[-75.22361,40.09291],[-75.18846,40.07275],[-75.17644,40.08465],[-75.10943,40.04587],[-75.09508,40.05609],[-75.08742,40.0636],[-75.09673,40.06899],[-75.08246,40.08288],[-75.0778,40.08577],[-75.05834,40.10589],[-75.02057,40.13227],[-75.01507,40.13799],[-75.12982,40.20596],[-75.21413,40.25742],[-75.28408,40.2984],[-75.42223,40.38169],[-75.42567,40.38443],[-75.45202,40.39931],[-75.48386,40.41863]]]},"properties":{"STATEFP":"42","COUNTYFP":"091","COUNTYNS":"01213680","GEOIDFQ":"0500000US42091","GEOID":"42091","NAME":"Montgomery","NAMELSAD":"Montgomery County","STUSPS":"PA","STATE_NAME":"Pennsylvania","LSAD":"06","ALAND":1250798248,"AWATER":11001813}},
{"type":"Feature","geometry":{"type":"Polygon","coordinates":[[[-76.56634,40.19664],[-76.56942,40.19555],[-76.59217,40.25428],[-76.61265,40.30818],[-76.62554,40.33927],[-76.65688,40.41957],[-76.67804,40.47472],[-76.53541,40.55516],[-76.57707,40.58068],[-76.68988,40.651],[-76.70162,40.65808],[-76.70392,40.65537],[-76.71357,40.6596],[-76.72479,40.65306],[-76.73276,40.65473],[-76.74589,40.65446],[-76.75623,40.64809],[-76.77828,40.64599],[-76.78585,40.64173],[-76.79385,40.64051],[-76.80338,40.64722],[-76.80906,40.64342],[-76.81015,40.63491],[-76.8132,40.63331],[-76.8274,40.63395],[-76.83316,40.6276],[-76.8401,40.62544],[-76.85573,40.62587],[-76.86425,40.62759],[-76.86948,40.62348],[-76.87272,40.61631],[-76.88641,40.61776],[-76.89004,40.61033],[-76.90334,40.61189],[-76.9255,40.60889],[-76.93696,40.61284],[-76.94915,40.62817],[-76.95355,40.61477],[-76.9531,40.6045],[-76.95875,40.59286],[-76.96533,40.58702],[-76.98367,40.57826],[-76.9924,40.56788],[-76.99194,40.56148],[-76.98199,40.54342],[-76.98153,40.53192],[-76.98566,40.525],[-76.9851,40.51635],[-76.97835,40.50715],[-76.96909,40.49756],[-76.95305,40.49057],[-76.94947,40.48453],[-76.94876,40.47339],[-76.95281,40.46247],[-76.96114,40.45579],[-76.98045,40.44714],[-76.98943,40.43816],[-76.99792,40.43367],[-77.00323,40.4268],[-77.01627,40.42517],[-77.01585,40.41565],[-77.01173,40.40741],[-77.01312,40.40235],[-77.0217,40.39778],[-77.02822,40.39199],[-77.0292,40.38688],[-77.02307,40.3764],[-77.01918,40.36479],[-77.00819,40.35845],[-76.99802,40.35668],[-76.982,40.35732],[-76.97062,40.35631],[-76.96115,40.35803],[-76.93755,40.35748],[-76.93215,40.3546],[-76.9267,40.34196],[-76.9173,40.33274],[-76.91497,40.32848],[-76.91213,40.32549],[-76.91348,40.31755],[-76.9232,40.3002],[-76.92429,40.28964],[-76.91631,40.28021],[-76.91375,40.27113],[-76.90458,40.26057],[-76.89005,40.24949],[-76.87871,40.24389],[-76.86647,40.23116],[-76.85902,40.22633],[-76.83947,40.22162],[-76.83478,40.21796],[-76.82886,40.20502],[-76.82164,40.20134],[-76.80058,40.20011],[-76.78767,40.19155],[-76.76256,40.17877],[-76.75208,40.17524],[-76.74969,40.17019],[-76.74826,40.15576],[-76.74588,40.14612],[-76.74462,40.13321],[-76.74056,40.12788],[-76.73265,40.12273],[-76.72162,40.12007],[-76.71591,40.13148],[-76.7112,40.13327],[-76.7057,40.14301],[-76.69987,40.14511],[-76.69559,40.1541],[-76.68315,40.1518],[-76.67721,40.14889],[-76.6728,40.1575],[-76.66204,40.16347],[-76.6531,40.16605],[-76.6441,40.16491],[-76.6321,40.17062],[-76.62768,40.17674],[-76.61595,40.18061],[-76.60652,40.18999],[-76.59986,40.18826],[-76.58268,40.19095],[-76.57905,40.19486],[-76.57119,40.1944],[-76.56634,40.19664]]]},"properties":{"STATEFP":"42","COUNTYFP":"043","COUNTYNS":"01213667","GEOIDFQ":"0500000US42043","GEOID":"42043","NAME":"Dauphin","NAMELSAD":"Dauphin County","STUSPS":"PA","STATE_NAME":"Pennsylvania","LSAD":"06","ALAND":1359407364,"AWATER":86047350}},
{"type":"Feature","geometry":{"type":"Polygon","coordinates":[[[-78.03817,41.1536],[-78.04344,41.14651],[-78.05273,41.14532],[-78.05484,41.13418],[-78.05884,41.13091],[-78.06559,41.13234],[-78.07043,41.12898],[-78.06866,41.12431],[-78.07373,41.12206],[-78.08414,41.12595],[-78.0892,41.11604],[-78.10034,41.12178],[-78.11225,41.11364],[-78.09811,41.08604],[-78.09267,41.07956],[-78.09575,41.0709],[-78.08564,41.06865],[-78.09065,41.05941],[-78.0881,41.05714],[-78.07556,41.05966],[-78.07285,41.05192],[-78.0682,41.04996],[-78.05726,41.03935],[-78.06927,41.03272],[-78.07616,41.03448],[-78.08031,41.03066],[-78.0756,41.02219],[-78.06789,41.01948],[-78.06983,41.01469],[-78.062,41.01327],[-78.0557,41.00486],[-78.06514,41.00334],[-78.06812,40.99765],[-78.07361,40.99394],[-78.0861,40.99447],[-78.08183,40.98541],[-78.08443,40.98083],[-78.09052,40.98088],[-78.08815,40.97032],[-78.08405,40.96773],[-78.07774,40.95882],[-78.08151,40.95506],[-78.08957,40.95446],[-78.10983,40.94993],[-78.11133,40.94512],[-78.12072,40.94205],[-78.13397,40.94777],[-78.13062,40.95134],[-78.13965,40.9571],[-78.14106,40.94984],[-78.14763,40.94933],[-78.14649,40.95601],[-78.15979,40.96122],[-78.16871,40.96023],[-78.16821,40.95203],[-78.16233,40.95476],[-78.15564,40.94278],[-78.16245,40.94207],[-78.17148,40.93242],[-78.1772,40.93021],[-78.17987,40.92356],[-78.19097,40.91873],[-78.19598,40.91999],[-78.20164,40.91581],[-78.21035,40.9174],[-78.22594,40.9074],[-78.22914,40.89974],[-78.22091,40.89157],[-78.22794,40.88673],[-78.23004,40.8803],[-78.24045,40.88164],[-78.23571,40.8736],[-78.24897,40.86952],[-78.24922,40.85538],[-78.26057,40.85468],[-78.27067,40.84698],[-78.27556,40.85009],[-78.28424,40.85105],[-78.29132,40.84675],[-78.29444,40.83792],[-78.30225,40.83412],[-78.29938,40.82456],[-78.30563,40.82064],[-78.31389,40.8085],[-78.32693,40.8059],[-78.33166,40.80112],[-78.33949,40.79786],[-78.34281,40.78183],[-78.3459,40.78105],[-78.35224,40.77208],[-78.36526,40.76455],[-78.37603,40.7545],[-78.36643,40.7361],[-78.36062,40.73318],[-78.34001,40.73354],[-78.20319,40.7402],[-78.13183,40.74302],[-78.11652,40.73913],[-78.11586,40.73928],[-78.01096,40.71042],[-77.94425,40.69156],[-77.89428,40.7162],[-77.85922,40.73082],[-77.8249,40.74353],[-77.76855,40.71947],[-77.71868,40.72737],[-77.71055,40.71456],[-77.68133,40.72976],[-77.66199,40.73774],[-77.65257,40.74492],[-77.62472,40.75226],[-77.59335,40.76125],[-77.57194,40.76933],[-77.55254,40.77759],[-77.5111,40.79395],[-77.43882,40.8239],[-77.41386,40.83308],[-77.37471,40.8453],[-77.36418,40.84694],[-77.27924,40.90971],[-77.20403,40.99271],[-77.1438,41.04286],[-77.14416,41.04434],[-77.33992,40.98717],[-77.39391,40.97829],[-77.44027,40.97445],[-77.5086,40.96294],[-77.55909,41.02182],[-77.58019,41.04727],[-77.56184,41.05779],[-77.56741,41.06511],[-77.57356,41.06868],[-77.58143,41.06712],[-77.59532,41.07775],[-77.62176,41.09119],[-77.65921,41.10107],[-77.66407,41.109],[-77.67205,41.10524],[-77.68375,41.10931],[-77.69039,41.10625],[-77.70662,41.11389],[-77.71168,41.11114],[-77.7146,41.10557],[-77.72478,41.10739],[-77.73024,41.11137],[-77.73699,41.10791],[-77.74667,41.10626],[-77.778,41.14661],[-77.78956,41.14213],[-77.79001,41.17714],[-77.89767,41.17692],[-77.89826,41.25267],[-77.91379,41.24056],[-77.92017,41.22924],[-77.92363,41.22643],[-77.93626,41.226],[-77.93901,41.22271],[-77.93566,41.21174],[-77.94083,41.20944],[-77.95944,41.2175],[-77.96565,41.20958],[-77.97308,41.20419],[-77.97359,41.18909],[-77.97083,41.17831],[-77.97301,41.17302],[-77.98419,41.17024],[-77.99027,41.1617],[-77.9992,41.16302],[-78.0018,41.15813],[-78.00033,41.15095],[-78.00357,41.14486],[-78.01202,41.14507],[-78.01735,41.15319],[-78.02859,41.15033],[-78.03817,41.1536]]]},"properties":{"STATEFP":"42","COUNTYFP":"027","COUNTYNS":"01214720","GEOIDFQ":"0500000US42027","GEOID":"42027","NAME":"Centre","NAMELSAD":"Centre County","STUSPS":"PA","STATE_NAME":"Pennsylvania","LSAD":"06","ALAND":2867787635,"AWATER":11295681}},
{"type":"Feature","geometry":{"type":"Polygon","coordinates":[[[-78.23682,41.23048],[-78.34216,41.23617],[-78.52781,41.24624],[-78.64667,41.25378],[-78.64795,41.21746],[-78.71025,41.20186],[-78.76638,41.20276],[-78.8045,41.13225],[-78.80454,41.08934],[-78.80404,40.97282],[-78.80517,40.90598],[-78.80636,40.84504],[-78.80627,40.72974],[-78.80173,40.72462],[-78.69115,40.72432],[-78.6355,40.72308],[-78.56902,40.72564],[-78.53192,40.72591],[-78.4029,40.72524],[-78.34867,40.72344],[-78.36062,40.73318],[-78.36643,40.7361],[-78.37603,40.7545],[-78.36526,40.76455],[-78.35224,40.77208],[-78.3459,40.78105],[-78.34281,40.78183],[-78.33949,40.79786],[-78.33166,40.80112],[-78.32693,40.8059],[-78.31389,40.8085],[-78.30563,40.82064],[-78.29938,40.82456],[-78.30225,40.83412],[-78.29444,40.83792],[-78.29132,40.84675],[-78.28424,40.85105],[-78.27556,40.85009],[-78.27067,40.84698],[-78.26057,40.85468],[-78.24922,40.85538],[-78.24897,40.86952],[-78.23571,40.8736],[-78.24045,40.88164],[-78.23004,40.8803],[-78.22794,40.88673],[-78.22091,40.89157],[-78.22914,40.89974],[-78.22594,40.9074],[-78.21035,40.9174],[-78.20164,40.91581],[-78.19598,40.91999],[-78.19097,40.91873],[-78.17987,40.92356],[-78.1772,40.93021],[-78.17148,40.93242],[-78.16245,40.94207],[-78.15564,40.94278],[-78.16233,40.95476],[-78.16821,40.95203],[-78.16871,40.96023],[-78.15979,40.96122],[-78.14649,40.95601],[-78.14763,40.94933],[-78.14106,40.94984],[-78.13965,40.9571],[-78.13062,40.95134],[-78.13397,40.94777],[-78.12072,40.94205],[-78.11133,40.94512],[-78.10983,40.94993],[-78.08957,40.95446],[-78.08151,40.95506],[-78.07774,40.95882],[-78.08405,40.96773],[-78.08815,40.97032],[-78.09052,40.98088],[-78.08443,40.98083],[-78.08183,40.98541],[-78.0861,40.99447],[-78.07361,40.99394],[-78.06812,40.99765],[-78.06514,41.00334],[-78.0557,41.00486],[-78.062,41.01327],[-78.06983,41.01469],[-78.06789,41.01948],[-78.0756,41.02219],[-78.08031,41.03066],[-78.07616,41.03448],[-78.06927,41.03272],[-78.05726,41.03935],[-78.0682,41.04996],[-78.07285,41.05192],[-78.07556,41.05966],[-78.0881,41.05714],[-78.09065,41.05941],[-78.08564,41.06865],[-78.09575,41.0709],[-78.09267,41.07956],[-78.09811,41.08604],[-78.11225,41.11364],[-78.10034,41.12178],[-78.0892,41.11604],[-78.08414,41.12595],[-78.07373,41.12206],[-78.06866,41.12431],[-78.07043,41.12898],[-78.06559,41.13234],[-78.05884,41.13091],[-78.05484,41.13418],[-78.05273,41.14532],[-78.04344,41.14651],[-78.03817,41.1536],[-78.06101,41.17454],[-78.09338,41.21693],[-78.23682,41.23048]]]},"properties":{"STATEFP":"42","COUNTYFP":"033","COUNTYNS":"01209175","GEOIDFQ":"0500000US42033","GEOID":"42033","NAME":"Clearfield","NAMELSAD":"Clearfield County","STUSPS":"PA","STATE_NAME":"Pennsylvania","LSAD":"06","ALAND":2965691642,"AWATER":24125719}},
{"type":"Feature","geometry":{"type":"Polygon","coordinates":[[[-78.97381,40.39542],[-78.92158,40.48418],[-78.89666,40.53296],[-78.86665,40.59279],[-78.85062,40.62646],[-78.83532,40.66166],[-78.80892,40.72095],[-78.79923,40.7171],[-78.80173,40.72462],[-78.80627,40.72974],[-78.80636,40.84504],[-78.80517,40.90598],[-78.86649,40.90624],[-78.95554,40.90861],[-79.01646,40.90922],[-79.12572,40.91056],[-79.21531,40.91135],[-79.215,40.78467],[-79.21524,40.77602],[-79.28973,40.69738],[-79.35847,40.62453],[-79.41286,40.56826],[-79.45018,40.53015],[-79.45655,40.52324],[-79.45974,40.51674],[-79.45393,40.50553],[-79.45529,40.49725],[-79.45246,40.48943],[-79.45376,40.48425],[-79.44669,40.48087],[-79.43846,40.48674],[-79.43063,40.48905],[-79.42357,40.47333],[-79.41569,40.47057],[-79.40663,40.4743],[-79.39793,40.46282],[-79.3945,40.45598],[-79.38175,40.4527],[-79.36959,40.4566],[-79.36633,40.46597],[-79.36592,40.47747],[-79.35859,40.47792],[-79.35803,40.47088],[-79.36227,40.46006],[-79.36053,40.4541],[-79.35385,40.4517],[-79.34593,40.45483],[-79.34541,40.46721],[-79.33901,40.47029],[-79.33173,40.46189],[-79.33027,40.45385],[-79.3161,40.45925],[-79.30312,40.46164],[-79.29763,40.4558],[-79.30178,40.45078],[-79.2999,40.44491],[-79.30128,40.43521],[-79.28941,40.43667],[-79.28285,40.44277],[-79.2726,40.43908],[-79.26935,40.42852],[-79.27354,40.42293],[-79.27286,40.41841],[-79.26328,40.41676],[-79.25411,40.42229],[-79.24757,40.43208],[-79.24017,40.42999],[-79.2332,40.43074],[-79.21478,40.42446],[-79.20265,40.4118],[-79.19757,40.41148],[-79.1912,40.41522],[-79.17371,40.41062],[-79.15579,40.41177],[-79.15205,40.40877],[-79.154,40.4017],[-79.14878,40.39766],[-79.13679,40.39857],[-79.117,40.39424],[-79.12868,40.38506],[-79.12712,40.37507],[-79.12163,40.37058],[-79.10931,40.37332],[-79.10418,40.36944],[-79.09677,40.37073],[-79.09053,40.38024],[-79.08831,40.38655],[-79.08296,40.38958],[-79.07448,40.38582],[-79.06988,40.38041],[-79.05848,40.38087],[-79.05188,40.38929],[-79.04244,40.39138],[-79.03633,40.396],[-79.02783,40.40655],[-79.03304,40.40859],[-79.03261,40.4175],[-79.01662,40.42028],[-78.99664,40.41326],[-78.98708,40.41099],[-78.97381,40.39542]]]},"properties":{"STATEFP":"42","COUNTYFP":"063","COUNTYNS":"01213673","GEOIDFQ":"0500000US42063","GEOID":"42063","NAME":"Indiana","NAMELSAD":"Indiana County","STUSPS":"PA","STATE_NAME":"Pennsylvania","LSAD":"06","ALAND":2142939381,"AWATER":18085569}},
{"type":"Feature","geometry":{"type":"Polygon","coordinates":[[[-79.47782,41.38648],[-79.47814,41.33571],[-79.54143,41.33595],[-79.54147,41.32101],[-79.60416,41.32148],[-79.60461,41.27707],[-79.62756,41.27718],[-79.62773,41.26691],[-79.63271,41.26692],[-79.63287,41.2536],[-79.65039,41.25371],[-79.64963,41.21791],[-79.66889,41.19908],[-79.67061,41.19317],[-79.66537,41.18902],[-79.67021,41.18454],[-79.68388,41.18438],[-79.6901,41.18141],[-79.69724,41.18461],[-79.70058,41.17506],[-79.69498,41.17287],[-79.68933,41.16947],[-79.6815,41.16292],[-79.68024,41.15574],[-79.68625,41.14855],[-79.68669,41.14466],[-79.67959,41.13702],[-79.67929,41.11624],[-79.68131,41.10633],[-79.68006,41.09371],[-79.67617,41.08461],[-79.65905,41.07348],[-79.65647,41.06485],[-79.66713,41.05595],[-79.66595,41.04935],[-79.65126,41.04506],[-79.63681,41.03793],[-79.61957,41.0334],[-79.60682,41.03638],[-79.59943,41.03531],[-79.60261,41.02082],[-79.60825,41.01396],[-79.60978,41.00865],[-79.6064,41.00516],[-79.59539,41.00509],[-79.58562,41.00168],[-79.58177,40.99798],[-79.58687,40.9913],[-79.59701,40.99439],[-79.60587,40.9944],[-79.61907,40.98896],[-79.62349,40.98456],[-79.62429,40.97875],[-79.61835,40.97414],[-79.60122,40.96928],[-79.58898,40.97086],[-79.5811,40.98042],[-79.57279,40.9853],[-79.56138,40.98523],[-79.55262,40.97978],[-79.54287,40.98409],[-79.52243,40.97496],[-79.51468,40.97903],[-79.51776,40.98304],[-79.51401,40.98681],[-79.50667,40.98307],[-79.50334,40.97642],[-79.49366,40.9779],[-79.49478,40.98618],[-79.48852,40.99537],[-79.4756,40.9949],[-79.46466,40.9903],[-79.45934,40.9821],[-79.45172,40.98167],[-79.43962,40.98741],[-79.43065,40.98535],[-79.42465,40.98897],[-79.42027,41.00398],[-79.41232,41.00847],[-79.41007,41.0053],[-79.41503,41.00071],[-79.40659,40.99857],[-79.40602,40.99103],[-79.40079,40.98809],[-79.39471,40.99475],[-79.39037,40.9934],[-79.37966,40.9951],[-79.37798,40.99077],[-79.38554,40.98977],[-79.38097,40.97988],[-79.38219,40.97119],[-79.37255,40.96986],[-79.36931,40.97581],[-79.37157,40.98256],[-79.37101,40.99016],[-79.36597,41.0008],[-79.36103,41.00376],[-79.35634,40.9998],[-79.34588,40.99773],[-79.34068,41.00199],[-79.33433,40.99909],[-79.31916,41.0018],[-79.30257,41.01353],[-79.28517,41.0093],[-79.27398,41.01762],[-79.26757,41.02023],[-79.26114,41.02898],[-79.24106,41.03607],[-79.23042,41.04585],[-79.21521,41.05051],[-79.21449,41.07878],[-79.21132,41.07874],[-79.21117,41.11258],[-79.21014,41.18025],[-79.20888,41.33186],[-79.2072,41.43092],[-79.21483,41.43113],[-79.35759,41.43243],[-79.35759,41.43624],[-79.39992,41.43615],[-79.40051,41.41744],[-79.40044,41.38658],[-79.47782,41.38648]]]},"properties":{"STATEFP":"42","COUNTYFP":"031","COUNTYNS":"01210234","GEOIDFQ":"0500000US42031","GEOID":"42031","NAME":"Clarion","NAMELSAD":"Clarion County","STUSPS":"PA","STATE_NAME":"Pennsylvania","LSAD":"06","ALAND":1556156937,"AWATER":23330902}},
{"type":"Feature","geometry":{"type":"Polygon","coordinates":[[[-78.09338,41.21693],[-78.06101,41.17454],[-78.03817,41.1536],[-78.02859,41.15033],[-78.01735,41.15319],[-78.01202,41.14507],[-78.00357,41.14486],[-78.00033,41.15095],[-78.0018,41.15813],[-77.9992,41.16302],[-77.99027,41.1617],[-77.98419,41.17024],[-77.97301,41.17302],[-77.97083,41.17831],[-77.97359,41.18909],[-77.97308,41.20419],[-77.96565,41.20958],[-77.95944,41.2175],[-77.94083,41.20944],[-77.93566,41.21174],[-77.93901,41.22271],[-77.93626,41.226],[-77.92363,41.22643],[-77.92017,41.22924],[-77.91379,41.24056],[-77.89826,41.25267],[-77.89767,41.17692],[-77.79001,41.17714],[-77.78956,41.14213],[-77.778,41.14661],[-77.74667,41.10626],[-77.73699,41.10791],[-77.73024,41.11137],[-77.72478,41.10739],[-77.7146,41.10557],[-77.71168,41.11114],[-77.70662,41.11389],[-77.69039,41.10625],[-77.68375,41.10931],[-77.67205,41.10524],[-77.66407,41.109],[-77.65921,41.10107],[-77.62176,41.09119],[-77.59532,41.07775],[-77.58143,41.06712],[-77.57356,41.06868],[-77.56741,41.06511],[-77.56184,41.05779],[-77.58019,41.04727],[-77.55909,41.02182],[-77.5086,40.96294],[-77.44027,40.97445],[-77.39391,40.97829],[-77.33992,40.98717],[-77.14416,41.04434],[-77.14411,41.06884],[-77.16428,41.06871],[-77.25157,41.15264],[-77.27202,41.17253],[-77.27741,41.18054],[-77.28831,41.18299],[-77.29306,41.18647],[-77.29058,41.1951],[-77.32089,41.21893],[-77.3343,41.22048],[-77.34977,41.21992],[-77.35002,41.22898],[-77.36273,41.23358],[-77.37009,41.23268],[-77.39904,41.25305],[-77.41067,41.26622],[-77.42494,41.2731],[-77.4294,41.28214],[-77.44209,41.28609],[-77.45124,41.29516],[-77.45642,41.30464],[-77.47145,41.31349],[-77.47503,41.32669],[-77.4754,41.33765],[-77.48557,41.34528],[-77.49993,41.35395],[-77.51614,41.35587],[-77.52654,41.35853],[-77.53611,41.36388],[-77.54001,41.3681],[-77.5419,41.3813],[-77.55045,41.39583],[-77.56443,41.41268],[-77.57163,41.41594],[-77.57574,41.4216],[-77.58054,41.43558],[-77.58467,41.4413],[-77.59728,41.44106],[-77.59813,41.47858],[-77.62471,41.47821],[-77.74971,41.4776],[-77.82616,41.47699],[-77.84372,41.4766],[-77.98919,41.47482],[-77.98891,41.44814],[-77.98879,41.36745],[-78.05358,41.27373],[-78.09338,41.21693]]]},"properties":{"STATEFP":"42","COUNTYFP":"035","COUNTYNS":"01214721","GEOIDFQ":"0500000US42035","GEOID":"42035","NAME":"Clinton","NAMELSAD":"Clinton County","STUSPS":"PA","STATE_NAME":"Pennsylvania","LSAD":"06","ALAND":2304129980,"AWATER":23182058}},
{"type":"Feature","geometry":{"type":"Polygon","coordinates":[[[-78.11652,40.73913],[-78.13908,40.72428],[-78.15587,40.71775],[-78.15659,40.71297],[-78.17004,40.7126],[-78.18258,40.7059],[-78.19524,40.69729],[-78.20487,40.69587],[-78.21714,40.68288],[-78.22197,40.67454],[-78.20615,40.65513],[-78.19824,40.64773],[-78.19681,40.63867],[-78.1903,40.63717],[-78.18917,40.63279],[-78.17872,40.62691],[-78.17305,40.62803],[-78.16641,40.61814],[-78.18421,40.5953],[-78.17929,40.59273],[-78.17828,40.58379],[-78.19708,40.55844],[-78.18914,40.55124],[-78.1856,40.5437],[-78.17831,40.53765],[-78.16668,40.53153],[-78.16355,40.53611],[-78.15148,40.54071],[-78.14988,40.54605],[-78.14514,40.54908],[-78.13616,40.56917],[-78.12864,40.56795],[-78.13936,40.5506],[-78.13995,40.54619],[-78.14733,40.53325],[-78.14924,40.52531],[-78.15048,40.5103],[-78.15363,40.49695],[-78.15337,40.48856],[-78.1489,40.48763],[-78.13563,40.49821],[-78.13001,40.49295],[-78.13008,40.48199],[-78.13423,40.47324],[-78.15688,40.43638],[-78.17795,40.40864],[-78.18628,40.39988],[-78.19145,40.39108],[-78.20904,40.36708],[-78.21641,40.35362],[-78.22458,40.34665],[-78.23569,40.33385],[-78.25009,40.31229],[-78.2573,40.29788],[-78.2374,40.22675],[-78.23619,40.22451],[-78.15101,40.17507],[-78.13486,40.16513],[-78.07835,40.13324],[-78.02163,40.12129],[-77.9259,40.10191],[-77.92556,40.10398],[-77.86449,40.06157],[-77.85936,40.06521],[-77.82799,40.11676],[-77.81587,40.13244],[-77.8052,40.15286],[-77.79639,40.16681],[-77.76832,40.20413],[-77.73763,40.23741],[-77.7242,40.25012],[-77.70303,40.26358],[-77.73934,40.34922],[-77.75212,40.37855],[-77.76172,40.36873],[-77.81039,40.36859],[-77.81864,40.36054],[-77.82984,40.3639],[-77.83834,40.36903],[-77.84464,40.36895],[-77.85138,40.36525],[-77.85859,40.36603],[-77.86592,40.37229],[-77.87276,40.38193],[-77.87029,40.39226],[-77.8777,40.39355],[-77.88772,40.39136],[-77.88907,40.39856],[-77.91384,40.39868],[-77.91218,40.40875],[-77.90805,40.41402],[-77.89683,40.41739],[-77.89012,40.42727],[-77.87018,40.44524],[-77.84414,40.47345],[-77.83587,40.48423],[-77.81676,40.50056],[-77.84183,40.55004],[-77.821,40.57964],[-77.80133,40.59957],[-77.77248,40.62593],[-77.75162,40.6323],[-77.73514,40.64474],[-77.72043,40.65458],[-77.72074,40.65797],[-77.71085,40.662],[-77.68708,40.67675],[-77.68535,40.6849],[-77.70379,40.67994],[-77.70836,40.69049],[-77.70307,40.69268],[-77.69924,40.69807],[-77.70117,40.70498],[-77.67661,40.71645],[-77.68133,40.72976],[-77.71055,40.71456],[-77.71868,40.72737],[-77.76855,40.71947],[-77.8249,40.74353],[-77.85922,40.73082],[-77.89428,40.7162],[-77.94425,40.69156],[-78.01096,40.71042],[-78.11586,40.73928],[-78.11652,40.73913]]]},"properties":{"STATEFP":"42","COUNTYFP":"061","COUNTYNS":"01213672","GEOIDFQ":"0500000US42061","GEOID":"42061","NAME":"Huntingdon","NAMELSAD":"Huntingdon County","STUSPS":"PA","STATE_NAME":"Pennsylvania","LSAD":"06","ALAND":2265182334,"AWATER":37851956}},
{"type":"Feature","geometry":{"type":"Polygon","coordinates":[[[-76.81373,41.59003],[-76.7724,41.47167],[-76.7495,41.40557],[-76.74561,41.40268],[-76.69358,41.37013],[-76.59253,41.30433],[-76.54782,41.29572],[-76.54849,41.29314],[-76.52028,41.28822],[-76.49969,41.28548],[-76.4476,41.27563],[-76.40793,41.30842],[-76.31026,41.3102],[-76.2828,41.37724],[-76.22813,41.51114],[-76.22387,41.52454],[-76.22007,41.54128],[-76.31724,41.54946],[-76.46954,41.5615],[-76.67786,41.57854],[-76.79269,41.58782],[-76.81373,41.59003]]]},"properties":{"STATEFP":"42","COUNTYFP":"113","COUNTYNS":"01213687","GEOIDFQ":"0500000US42113","GEOID":"42113","NAME":"Sullivan","NAMELSAD":"Sullivan County","STUSPS":"PA","STATE_NAME":"Pennsylvania","LSAD":"06","ALAND":1165337814,"AWATER":6617028}},
{"type":"Feature","geometry":{"type":"Polygon","coordinates":[[[-79.87786,40.12696],[-79.8877,40.13113],[-79.89324,40.14078],[-79.90207,40.14865],[-79.90478,40.15726],[-79.90035,40.1625],[-79.88734,40.16498],[-79.86802,40.16188],[-79.85946,40.16314],[-79.85287,40.16944],[-79.85044,40.17779],[-79.85535,40.19199],[-79.86582,40.19703],[-79.87142,40.19739],[-79.88874,40.19473],[-79.90033,40.19484],[-79.91871,40.20028],[-79.92929,40.20708],[-79.95038,40.21156],[-79.95794,40.21426],[-79.97092,40.22689],[-79.97004,40.2333],[-79.96259,40.23877],[-79.95683,40.2402],[-79.93759,40.24152],[-79.92526,40.24506],[-79.91446,40.25244],[-80.02663,40.28545],[-80.11628,40.31266],[-80.1846,40.33314],[-80.2002,40.34715],[-80.29619,40.42548],[-80.3608,40.47759],[-80.39351,40.47729],[-80.43712,40.47777],[-80.519,40.47736],[-80.51769,40.46247],[-80.51799,40.36797],[-80.51904,40.3421],[-80.5191,40.15967],[-80.51896,40.07809],[-80.51922,39.9622],[-80.49977,39.9576],[-80.493,39.95875],[-80.48679,39.95476],[-80.47528,39.95206],[-80.46611,39.9568],[-80.4587,39.96408],[-80.45638,39.9694],[-80.45118,39.9685],[-80.44412,39.9726],[-80.443,39.97607],[-80.43479,39.97751],[-80.42591,39.972],[-80.41995,39.97542],[-80.40671,39.97676],[-80.39576,39.97924],[-80.3912,39.98796],[-80.3795,39.99412],[-80.36907,39.99719],[-80.35432,39.99729],[-80.35177,40.00015],[-80.32105,40.00562],[-80.31257,40.00329],[-80.30911,40.00585],[-80.31021,40.01765],[-80.3014,40.02056],[-80.28742,40.01921],[-80.28465,40.01241],[-80.27326,40.01328],[-80.27197,40.00773],[-80.27503,40.00355],[-80.26659,40.00169],[-80.2443,40.00705],[-80.24014,40.00948],[-80.22847,40.00736],[-80.21479,40.0028],[-80.20821,40.00511],[-80.19026,40.00184],[-80.18241,40.00323],[-80.17532,40.00798],[-80.16046,40.00334],[-80.15098,39.99441],[-80.13641,39.99259],[-80.12951,39.98841],[-80.11831,39.99129],[-80.11128,39.98817],[-80.10573,39.99096],[-80.09211,39.99201],[-80.0864,39.99036],[-80.06799,40.00291],[-80.06031,40.00945],[-80.0548,40.00429],[-80.04717,40.00512],[-80.04386,39.99453],[-80.05067,39.98965],[-80.04786,39.98475],[-80.04829,39.97853],[-80.03978,39.9741],[-80.03194,39.97769],[-80.03032,39.98387],[-80.01802,39.97749],[-80.00693,39.9847],[-79.99801,39.98332],[-79.99089,39.98655],[-79.99573,40.0051],[-79.99264,40.00945],[-79.98517,40.0131],[-79.97141,40.01381],[-79.9632,40.00797],[-79.95462,39.99527],[-79.94673,39.99425],[-79.93452,39.99963],[-79.92979,40.01175],[-79.92484,40.01612],[-79.91432,40.02104],[-79.90432,40.02253],[-79.88995,40.02246],[-79.87999,40.02828],[-79.87622,40.03375],[-79.87868,40.03822],[-79.89046,40.04535],[-79.89092,40.05067],[-79.8811,40.0578],[-79.87894,40.06303],[-79.88511,40.06855],[-79.89849,40.07127],[-79.90143,40.07673],[-79.89303,40.08035],[-79.87895,40.07842],[-79.87156,40.07545],[-79.86367,40.07542],[-79.84781,40.08019],[-79.84243,40.08401],[-79.83927,40.09247],[-79.84913,40.11262],[-79.85254,40.1161],[-79.87786,40.12696]]]},"properties":{"STATEFP":"42","COUNTYFP":"125","COUNTYNS":"01209190","GEOIDFQ":"0500000US42125","GEOID":"42125","NAME":"Washington","NAMELSAD":"Washington County","STUSPS":"PA","STATE_NAME":"Pennsylvania","LSAD":"06","ALAND":2219644665,"AWATER":9945723}},
{"type":"Feature","geometry":{"type":"Polygon","coordinates":[[[-79.69288,40.66961],[-79.7291,40.66926],[-79.78065,40.67123],[-79.84225,40.67199],[-79.91463,40.67329],[-79.95994,40.67228],[-79.98784,40.67359],[-80.07139,40.67417],[-80.07143,40.67494],[-80.12779,40.6736],[-80.1485,40.67377],[-80.14511,40.61345],[-80.15501,40.60801],[-80.16082,40.60949],[-80.16578,40.60603],[-80.17787,40.60948],[-80.18475,40.60359],[-80.18652,40.59613],[-80.19328,40.59693],[-80.20416,40.58857],[-80.208,40.58806],[-80.21443,40.58099],[-80.21898,40.582],[-80.22858,40.57307],[-80.27803,40.53674],[-80.3608,40.47759],[-80.29619,40.42548],[-80.2002,40.34715],[-80.1846,40.33314],[-80.11628,40.31266],[-80.02663,40.28545],[-79.91446,40.25244],[-79.92526,40.24506],[-79.93759,40.24152],[-79.95683,40.2402],[-79.96259,40.23877],[-79.97004,40.2333],[-79.97092,40.22689],[-79.95794,40.21426],[-79.95038,40.21156],[-79.92929,40.20708],[-79.91871,40.20028],[-79.90033,40.19484],[-79.88874,40.19473],[-79.87142,40.19739],[-79.83925,40.20875],[-79.81442,40.21668],[-79.78259,40.22763],[-79.80439,40.23195],[-79.80743,40.23689],[-79.79911,40.24697],[-79.79665,40.25283],[-79.78774,40.26185],[-79.79506,40.27219],[-79.79471,40.28168],[-79.77959,40.2823],[-79.77596,40.28921],[-79.78865,40.29774],[-79.78421,40.31389],[-79.77108,40.37542],[-79.7639,40.38645],[-79.76207,40.39277],[-79.75378,40.38854],[-79.74802,40.39076],[-79.74463,40.39616],[-79.73252,40.3996],[-79.73043,40.40847],[-79.7224,40.40857],[-79.72683,40.41447],[-79.71723,40.41379],[-79.71603,40.41741],[-79.70694,40.42232],[-79.70478,40.42632],[-79.70324,40.45607],[-79.70214,40.48952],[-79.70198,40.52379],[-79.71023,40.5323],[-79.71437,40.53288],[-79.72113,40.54116],[-79.73193,40.54507],[-79.73571,40.54901],[-79.74266,40.54852],[-79.74849,40.55126],[-79.76007,40.55106],[-79.76509,40.54924],[-79.77413,40.56838],[-79.77336,40.58209],[-79.76807,40.58954],[-79.762,40.59434],[-79.74944,40.59887],[-79.73609,40.60204],[-79.72315,40.60699],[-79.71458,40.61701],[-79.70333,40.6257],[-79.69435,40.63513],[-79.68897,40.64544],[-79.69582,40.66151],[-79.69288,40.66961]]]},"properties":{"STATEFP":"42","COUNTYFP":"003","COUNTYNS":"01213657","GEOIDFQ":"0500000US42003","GEOID":"42003","NAME":"Allegheny","NAMELSAD":"Allegheny County","STUSPS":"PA","STATE_NAME":"Pennsylvania","LSAD":"06","ALAND":1890567432,"AWATER":37048381}},
{"type":"Feature","geometry":{"type":"Polygon","coordinates":[[[-76.85902,40.22633],[-76.86647,40.23116],[-76.87871,40.24389],[-76.89005,40.24949],[-76.90458,40.26057],[-76.91375,40.27113],[-76.91631,40.28021],[-76.92429,40.28964],[-76.9232,40.3002],[-76.91348,40.31755],[-76.91213,40.32549],[-76.91497,40.32848],[-76.94928,40.31686],[-76.97686,40.30986],[-77.00513,40.30562],[-77.02213,40.30402],[-77.04177,40.3044],[-77.09637,40.3004],[-77.10174,40.29864],[-77.12481,40.29666],[-77.1504,40.29125],[-77.17463,40.2885],[-77.2045,40.28708],[-77.22917,40.28374],[-77.24169,40.28285],[-77.26996,40.27867],[-77.3055,40.26919],[-77.31647,40.26749],[-77.33049,40.2756],[-77.3307,40.28059],[-77.32392,40.2886],[-77.32856,40.29231],[-77.34065,40.28692],[-77.36072,40.2747],[-77.38511,40.26271],[-77.40246,40.25695],[-77.42084,40.25537],[-77.42329,40.25846],[-77.41979,40.26407],[-77.41104,40.26932],[-77.4093,40.27455],[-77.40289,40.28013],[-77.38697,40.29035],[-77.36476,40.30254],[-77.35987,40.30668],[-77.35763,40.31248],[-77.36602,40.31357],[-77.39444,40.30351],[-77.4266,40.28661],[-77.46095,40.26394],[-77.4736,40.25422],[-77.49731,40.24023],[-77.52675,40.22559],[-77.53687,40.21907],[-77.55675,40.21908],[-77.57834,40.20663],[-77.59355,40.19201],[-77.60545,40.18536],[-77.61466,40.19855],[-77.62751,40.1886],[-77.61638,40.17248],[-77.61364,40.17016],[-77.61292,40.16123],[-77.60826,40.15274],[-77.60422,40.15145],[-77.59322,40.14225],[-77.59295,40.13539],[-77.58174,40.13411],[-77.57467,40.12773],[-77.56845,40.1259],[-77.56287,40.11929],[-77.56102,40.10836],[-77.55791,40.1031],[-77.56168,40.09732],[-77.55388,40.09588],[-77.5481,40.09013],[-77.54296,40.0896],[-77.541,40.07969],[-77.5419,40.06982],[-77.53489,40.07027],[-77.53049,40.05923],[-77.53248,40.04875],[-77.52199,40.04658],[-77.5187,40.0382],[-77.50782,40.02897],[-77.50914,40.02488],[-77.50011,40.01345],[-77.4954,40.00515],[-77.48923,40.00133],[-77.48163,39.99339],[-77.47439,39.99194],[-77.46578,39.98444],[-77.45966,39.97548],[-77.45411,39.97243],[-77.47108,39.94408],[-77.40349,39.9945],[-77.27662,40.01722],[-77.22887,40.02508],[-77.18563,40.0295],[-77.16207,40.0517],[-77.13742,40.06994],[-77.02886,40.14773],[-77.00994,40.14901],[-77.00313,40.15331],[-76.98681,40.15513],[-76.97901,40.15203],[-76.97222,40.15873],[-76.98068,40.16056],[-76.97802,40.16478],[-76.96688,40.1627],[-76.95133,40.16583],[-76.93928,40.16426],[-76.92911,40.16127],[-76.90568,40.16591],[-76.90765,40.16937],[-76.92329,40.17709],[-76.9283,40.1838],[-76.92655,40.18848],[-76.91672,40.18324],[-76.9119,40.18488],[-76.9133,40.19319],[-76.91861,40.19831],[-76.92948,40.19685],[-76.92127,40.20921],[-76.91492,40.20594],[-76.89868,40.21463],[-76.90332,40.2211],[-76.89696,40.22467],[-76.8918,40.2159],[-76.88562,40.21399],[-76.87978,40.21783],[-76.87274,40.21563],[-76.8609,40.21928],[-76.85902,40.22633]]]},"properties":{"STATEFP":"42","COUNTYFP":"041","COUNTYNS":"01209176","GEOIDFQ":"0500000US42041","GEOID":"42041","NAME":"Cumberland","NAMELSAD":"Cumberland County","STUSPS":"PA","STATE_NAME":"Pennsylvania","LSAD":"06","ALAND":1412792253,"AWATER":12666284}},
{"type":"Feature","geometry":{"type":"Polygon","coordinates":[[[-77.70303,40.26358],[-77.68461,40.27674],[-77.67176,40.28983],[-77.6543,40.30745],[-77.63256,40.32502],[-77.59943,40.34815],[-77.58279,40.35704],[-77.56566,40.36736],[-77.54061,40.37556],[-77.53226,40.37601],[-77.54014,40.39922],[-77.47838,40.43201],[-77.44589,40.44716],[-77.41343,40.46059],[-77.33811,40.49534],[-77.28959,40.51846],[-77.2806,40.52011],[-77.26881,40.52577],[-77.2317,40.53848],[-77.19846,40.55229],[-77.18295,40.5567],[-77.16756,40.55951],[-77.18293,40.58214],[-77.16586,40.58639],[-77.12806,40.59083],[-77.11892,40.59265],[-77.10679,40.59279],[-77.10331,40.59591],[-77.08729,40.59805],[-77.06999,40.59846],[-77.04195,40.60422],[-77.0233,40.60426],[-77.00011,40.61092],[-76.98765,40.61619],[-76.95608,40.62794],[-76.94915,40.62817],[-76.93988,40.63814],[-76.94066,40.64618],[-76.94632,40.65012],[-76.97482,40.64281],[-76.97658,40.64537],[-76.98804,40.64359],[-76.99699,40.63578],[-77.00313,40.63872],[-77.00405,40.64557],[-77.00812,40.65128],[-77.00842,40.65991],[-77.01379,40.66216],[-77.02575,40.65606],[-77.03441,40.65993],[-77.03242,40.66467],[-77.03544,40.66852],[-77.03555,40.67692],[-77.03844,40.67972],[-77.05328,40.67519],[-77.06808,40.67984],[-77.09389,40.67619],[-77.09733,40.67837],[-77.10019,40.68792],[-77.1096,40.69158],[-77.12554,40.68569],[-77.13984,40.68358],[-77.14909,40.68054],[-77.15052,40.67707],[-77.17132,40.67906],[-77.28794,40.6936],[-77.32305,40.68308],[-77.38406,40.66163],[-77.40744,40.6522],[-77.42006,40.64593],[-77.4425,40.6371],[-77.48916,40.61522],[-77.49776,40.60948],[-77.49751,40.58174],[-77.51274,40.57306],[-77.51563,40.56957],[-77.53246,40.55948],[-77.56665,40.5418],[-77.59623,40.52469],[-77.61251,40.51419],[-77.61246,40.49092],[-77.62596,40.48296],[-77.646,40.46838],[-77.66734,40.45084],[-77.69617,40.42802],[-77.72064,40.40962],[-77.7382,40.39331],[-77.75212,40.37855],[-77.73934,40.34922],[-77.70303,40.26358]]]},"properties":{"STATEFP":"42","COUNTYFP":"067","COUNTYNS":"01209180","GEOIDFQ":"0500000US42067","GEOID":"42067","NAME":"Juniata","NAMELSAD":"Juniata County","STUSPS":"PA","STATE_NAME":"Pennsylvania","LSAD":"06","ALAND":1013697487,"AWATER":5502986}},
{"type":"Feature","geometry":{"type":"Polygon","coordinates":[[[-79.39246,39.72143],[-79.20835,39.7222],[-79.04555,39.72288],[-78.93118,39.72278],[-78.80837,39.72293],[-78.79685,39.74115],[-78.77154,39.78918],[-78.76704,39.79538],[-78.75724,39.82348],[-78.76117,40.00094],[-78.76304,40.01472],[-78.7632,40.05675],[-78.75202,40.07492],[-78.73985,40.06957],[-78.69867,40.16145],[-78.67696,40.21121],[-78.66141,40.2311],[-78.6583,40.24324],[-78.82565,40.2445],[-78.84796,40.24493],[-78.85632,40.24318],[-78.86459,40.24451],[-78.86877,40.24897],[-78.87984,40.24723],[-78.88473,40.24464],[-78.89087,40.24974],[-78.89452,40.26796],[-78.90205,40.27479],[-78.92563,40.27897],[-78.92711,40.28473],[-78.98177,40.28544],[-79.05605,40.28486],[-79.05938,40.27577],[-79.06796,40.27247],[-79.07957,40.25793],[-79.08634,40.24239],[-79.09142,40.2405],[-79.09503,40.23363],[-79.10015,40.23115],[-79.09844,40.22661],[-79.10793,40.21303],[-79.11429,40.21026],[-79.11624,40.20375],[-79.12616,40.20039],[-79.12381,40.19395],[-79.12965,40.18092],[-79.13439,40.17872],[-79.14336,40.17862],[-79.14106,40.17306],[-79.1407,40.16331],[-79.14977,40.16037],[-79.16093,40.16114],[-79.16275,40.15406],[-79.16212,40.14331],[-79.16566,40.13906],[-79.16799,40.12816],[-79.17425,40.1206],[-79.18099,40.11571],[-79.18522,40.10985],[-79.1916,40.11],[-79.19656,40.11845],[-79.20519,40.11656],[-79.21077,40.1189],[-79.22086,40.11274],[-79.22262,40.10417],[-79.22667,40.09825],[-79.2464,40.09371],[-79.256,40.08846],[-79.25867,40.08027],[-79.26774,40.07427],[-79.26736,40.06572],[-79.27135,40.06424],[-79.27877,40.05554],[-79.27844,40.05016],[-79.28431,40.04825],[-79.28858,40.04178],[-79.29388,40.04045],[-79.29985,40.03203],[-79.32279,40.0035],[-79.356,39.95816],[-79.37288,39.93652],[-79.37826,39.93314],[-79.38396,39.92449],[-79.39156,39.9195],[-79.38762,39.9157],[-79.39875,39.90054],[-79.41756,39.85378],[-79.40978,39.8493],[-79.39366,39.84348],[-79.38147,39.83631],[-79.38304,39.82822],[-79.3716,39.82708],[-79.36569,39.82055],[-79.36396,39.80678],[-79.36885,39.80146],[-79.36826,39.79588],[-79.36256,39.78848],[-79.35436,39.78848],[-79.35676,39.78148],[-79.38006,39.79008],[-79.38456,39.78228],[-79.39296,39.78428],[-79.39166,39.77798],[-79.38026,39.77318],[-79.37866,39.76888],[-79.38626,39.76188],[-79.39856,39.75828],[-79.39973,39.7549],[-79.39416,39.74728],[-79.39406,39.74328],[-79.40886,39.74108],[-79.40996,39.73498],[-79.39266,39.73268],[-79.38946,39.72708],[-79.39246,39.72143]]]},"properties":{"STATEFP":"42","COUNTYFP":"111","COUNTYNS":"01209188","GEOIDFQ":"0500000US42111","GEOID":"42111","NAME":"Somerset","NAMELSAD":"Somerset County","STUSPS":"PA","STATE_NAME":"Pennsylvania","LSAD":"06","ALAND":2784359433,"AWATER":17101197}},
{"type":"Feature","geometry":{"type":"Polygon","coordinates":[[[-75.5799,39.83852],[-75.57046,39.83901],[-75.53935,39.83821],[-75.51844,39.83631],[-75.49884,39.83331],[-75.48124,39.82911],[-75.45374,39.82031],[-75.42804,39.80921],[-75.41506,39.80192],[-75.39054,39.81531],[-75.3544,39.83992],[-75.34176,39.84608],[-75.33043,39.84901],[-75.30967,39.85018],[-75.29338,39.84878],[-75.27214,39.84909],[-75.23503,39.85661],[-75.22137,39.86154],[-75.21169,39.86695],[-75.21977,39.87548],[-75.23412,39.87718],[-75.24047,39.87238],[-75.24843,39.87649],[-75.26253,39.87656],[-75.26174,39.89177],[-75.25911,39.89244],[-75.25129,39.9044],[-75.2515,39.91005],[-75.2472,39.91358],[-75.24751,39.92171],[-75.24337,39.93191],[-75.23744,39.93256],[-75.24037,39.94217],[-75.24703,39.94341],[-75.25158,39.95213],[-75.24806,39.96407],[-75.26049,39.96631],[-75.26545,39.96526],[-75.27539,39.96958],[-75.27648,39.97696],[-75.28417,39.98745],[-75.29282,39.99688],[-75.31143,40.01981],[-75.3207,40.01622],[-75.34946,40.05291],[-75.35681,40.06311],[-75.36107,40.06554],[-75.41499,40.04179],[-75.40434,40.02736],[-75.44881,39.99689],[-75.43563,39.98883],[-75.43605,39.98495],[-75.52382,39.94412],[-75.51905,39.93417],[-75.53047,39.93205],[-75.5235,39.92314],[-75.53024,39.92212],[-75.53611,39.92993],[-75.54273,39.92718],[-75.54249,39.91842],[-75.55045,39.91493],[-75.54642,39.90973],[-75.57338,39.8964],[-75.57116,39.88814],[-75.59791,39.87446],[-75.59322,39.86948],[-75.60153,39.85643],[-75.592,39.85254],[-75.59774,39.84115],[-75.59485,39.83729],[-75.59308,39.8375],[-75.58645,39.84434],[-75.5799,39.83852]]]},"properties":{"STATEFP":"42","COUNTYFP":"045","COUNTYNS":"01209177","GEOIDFQ":"0500000US42045","GEOID":"42045","NAME":"Delaware","NAMELSAD":"Delaware County","STUSPS":"PA","STATE_NAME":"Pennsylvania","LSAD":"06","ALAND":476060047,"AWATER":17591834}},
{"type":"Feature","geometry":{"type":"Polygon","coordinates":[[[-75.35918,41.23921],[-75.24209,41.24589],[-75.23401,41.2461],[-75.12972,41.2521],[-75.15651,41.15034],[-75.07715,41.14115],[-75.03922,41.0888],[-75.0291,41.08285],[-75.01855,41.08489],[-75.00296,41.09176],[-74.99172,41.09228],[-74.98221,41.10824],[-74.97292,41.11333],[-74.96429,41.11424],[-74.94791,41.12356],[-74.94507,41.12905],[-74.93114,41.13339],[-74.92317,41.13815],[-74.90526,41.15567],[-74.8997,41.16618],[-74.88942,41.1736],[-74.88214,41.18084],[-74.87403,41.19854],[-74.85932,41.22051],[-74.86741,41.22777],[-74.85715,41.24898],[-74.84899,41.25119],[-74.84503,41.25806],[-74.84632,41.26308],[-74.83837,41.27729],[-74.83006,41.2872],[-74.82188,41.29384],[-74.81203,41.29816],[-74.80686,41.30315],[-74.79256,41.31063],[-74.79582,41.31852],[-74.79212,41.32247],[-74.77159,41.32508],[-74.7635,41.33157],[-74.76032,41.34033],[-74.75324,41.34612],[-74.73037,41.34598],[-74.72092,41.34738],[-74.70851,41.35273],[-74.7006,41.35455],[-74.69108,41.36034],[-74.68952,41.36384],[-74.69497,41.37043],[-74.70846,41.3789],[-74.71341,41.38981],[-74.72089,41.39469],[-74.73038,41.39566],[-74.7361,41.3984],[-74.74096,41.40512],[-74.74109,41.41141],[-74.73473,41.4227],[-74.73669,41.42923],[-74.74093,41.43116],[-74.75068,41.42798],[-74.75859,41.42329],[-74.77065,41.42623],[-74.79042,41.42166],[-74.7954,41.42398],[-74.80122,41.4381],[-74.80565,41.4421],[-74.81212,41.44298],[-74.81799,41.44051],[-74.82859,41.4307],[-74.83692,41.43162],[-74.8486,41.44018],[-74.85858,41.44443],[-74.88869,41.43826],[-74.89391,41.43893],[-74.89493,41.4461],[-74.88908,41.45125],[-74.89507,41.45819],[-74.90689,41.46113],[-74.90918,41.47244],[-74.91252,41.47561],[-74.92409,41.47714],[-74.93258,41.48232],[-74.94563,41.48321],[-74.95826,41.4764],[-74.98165,41.47995],[-74.98559,41.48586],[-74.98246,41.49647],[-74.98437,41.50661],[-74.98764,41.50874],[-74.99961,41.5074],[-75.00371,41.51112],[-75.00093,41.51764],[-75.00385,41.52405],[-75.01662,41.53211],[-75.02302,41.53315],[-75.0248,41.5398],[-75.01763,41.54273],[-75.01852,41.5518],[-75.02734,41.56354],[-75.04049,41.56969],[-75.04676,41.58326],[-75.06001,41.59081],[-75.06971,41.60169],[-75.16876,41.47533],[-75.17876,41.46175],[-75.18652,41.45888],[-75.18928,41.44726],[-75.18624,41.44284],[-75.19194,41.43827],[-75.19942,41.43753],[-75.19963,41.43364],[-75.21831,41.42412],[-75.23367,41.42453],[-75.23396,41.42041],[-75.24235,41.42131],[-75.25152,41.41237],[-75.24681,41.40243],[-75.2549,41.39913],[-75.25671,41.39406],[-75.25308,41.39129],[-75.2619,41.38195],[-75.26209,41.37504],[-75.26571,41.37238],[-75.27829,41.37248],[-75.29834,41.3674],[-75.30606,41.37422],[-75.31429,41.36861],[-75.32366,41.36605],[-75.33067,41.36959],[-75.33549,41.3757],[-75.34852,41.37056],[-75.35131,41.36372],[-75.34208,41.35193],[-75.33776,41.34856],[-75.34447,41.3408],[-75.34246,41.33599],[-75.32938,41.33554],[-75.32245,41.34004],[-75.31114,41.33144],[-75.31205,41.32112],[-75.31627,41.31598],[-75.31397,41.31061],[-75.32228,41.29988],[-75.32779,41.29874],[-75.32465,41.28881],[-75.33364,41.27945],[-75.33172,41.27519],[-75.3346,41.26972],[-75.34772,41.26531],[-75.35001,41.25936],[-75.34136,41.25445],[-75.34592,41.24778],[-75.35918,41.23921]]]},"properties":{"STATEFP":"42","COUNTYFP":"103","COUNTYNS":"01213683","GEOIDFQ":"0500000US42103","GEOID":"42103","NAME":"Pike","NAMELSAD":"Pike County","STUSPS":"PA","STATE_NAME":"Pennsylvania","LSAD":"06","ALAND":1411273944,"AWATER":56779544}},
{"type":"Feature","geometry":{"type":"Polygon","coordinates":[[[-76.94915,40.62817],[-76.95608,40.62794],[-76.98765,40.61619],[-77.00011,40.61092],[-77.0233,40.60426],[-77.04195,40.60422],[-77.06999,40.59846],[-77.08729,40.59805],[-77.10331,40.59591],[-77.10679,40.59279],[-77.11892,40.59265],[-77.12806,40.59083],[-77.16586,40.58639],[-77.18293,40.58214],[-77.16756,40.55951],[-77.18295,40.5567],[-77.19846,40.55229],[-77.2317,40.53848],[-77.26881,40.52577],[-77.2806,40.52011],[-77.28959,40.51846],[-77.33811,40.49534],[-77.41343,40.46059],[-77.44589,40.44716],[-77.47838,40.43201],[-77.54014,40.39922],[-77.53226,40.37601],[-77.54061,40.37556],[-77.56566,40.36736],[-77.58279,40.35704],[-77.59943,40.34815],[-77.63256,40.32502],[-77.6543,40.30745],[-77.67176,40.28983],[-77.66427,40.27823],[-77.65642,40.27039],[-77.67115,40.25757],[-77.66549,40.25205],[-77.65345,40.25741],[-77.64502,40.25393],[-77.64999,40.24796],[-77.6454,40.23893],[-77.64995,40.22628],[-77.64339,40.22317],[-77.63989,40.21768],[-77.61617,40.23262],[-77.60917,40.23275],[-77.60272,40.2282],[-77.60489,40.22492],[-77.60477,40.20603],[-77.61466,40.19855],[-77.60545,40.18536],[-77.59355,40.19201],[-77.57834,40.20663],[-77.55675,40.21908],[-77.53687,40.21907],[-77.52675,40.22559],[-77.49731,40.24023],[-77.4736,40.25422],[-77.46095,40.26394],[-77.4266,40.28661],[-77.39444,40.30351],[-77.36602,40.31357],[-77.35763,40.31248],[-77.35987,40.30668],[-77.36476,40.30254],[-77.38697,40.29035],[-77.40289,40.28013],[-77.4093,40.27455],[-77.41104,40.26932],[-77.41979,40.26407],[-77.42329,40.25846],[-77.42084,40.25537],[-77.40246,40.25695],[-77.38511,40.26271],[-77.36072,40.2747],[-77.34065,40.28692],[-77.32856,40.29231],[-77.32392,40.2886],[-77.3307,40.28059],[-77.33049,40.2756],[-77.31647,40.26749],[-77.3055,40.26919],[-77.26996,40.27867],[-77.24169,40.28285],[-77.22917,40.28374],[-77.2045,40.28708],[-77.17463,40.2885],[-77.1504,40.29125],[-77.12481,40.29666],[-77.10174,40.29864],[-77.09637,40.3004],[-77.04177,40.3044],[-77.02213,40.30402],[-77.00513,40.30562],[-76.97686,40.30986],[-76.94928,40.31686],[-76.91497,40.32848],[-76.9173,40.33274],[-76.9267,40.34196],[-76.93215,40.3546],[-76.93755,40.35748],[-76.96115,40.35803],[-76.97062,40.35631],[-76.982,40.35732],[-76.99802,40.35668],[-77.00819,40.35845],[-77.01918,40.36479],[-77.02307,40.3764],[-77.0292,40.38688],[-77.02822,40.39199],[-77.0217,40.39778],[-77.01312,40.40235],[-77.01173,40.40741],[-77.01585,40.41565],[-77.01627,40.42517],[-77.00323,40.4268],[-76.99792,40.43367],[-76.98943,40.43816],[-76.98045,40.44714],[-76.96114,40.45579],[-76.95281,40.46247],[-76.94876,40.47339],[-76.94947,40.48453],[-76.95305,40.49057],[-76.96909,40.49756],[-76.97835,40.50715],[-76.9851,40.51635],[-76.98566,40.525],[-76.98153,40.53192],[-76.98199,40.54342],[-76.99194,40.56148],[-76.9924,40.56788],[-76.98367,40.57826],[-76.96533,40.58702],[-76.95875,40.59286],[-76.9531,40.6045],[-76.95355,40.61477],[-76.94915,40.62817]]]},"properties":{"STATEFP":"42","COUNTYFP":"099","COUNTYNS":"01213682","GEOIDFQ":"0500000US42099","GEOID":"42099","NAME":"Perry","NAMELSAD":"Perry County","STUSPS":"PA","STATE_NAME":"Pennsylvania","LSAD":"06","ALAND":1428247559,"AWATER":10591172}},
{"type":"Feature","geometry":{"type":"Polygon","coordinates":[[[-79.45018,40.53015],[-79.41286,40.56826],[-79.35847,40.62453],[-79.28973,40.69738],[-79.21524,40.77602],[-79.215,40.78467],[-79.21531,40.91135],[-79.21571,40.94005],[-79.21255,40.96089],[-79.2102,41.04909],[-79.21521,41.05051],[-79.23042,41.04585],[-79.24106,41.03607],[-79.26114,41.02898],[-79.26757,41.02023],[-79.27398,41.01762],[-79.28517,41.0093],[-79.30257,41.01353],[-79.31916,41.0018],[-79.33433,40.99909],[-79.34068,41.00199],[-79.34588,40.99773],[-79.35634,40.9998],[-79.36103,41.00376],[-79.36597,41.0008],[-79.37101,40.99016],[-79.37157,40.98256],[-79.36931,40.97581],[-79.37255,40.96986],[-79.38219,40.97119],[-79.38097,40.97988],[-79.38554,40.98977],[-79.37798,40.99077],[-79.37966,40.9951],[-79.39037,40.9934],[-79.39471,40.99475],[-79.40079,40.98809],[-79.40602,40.99103],[-79.40659,40.99857],[-79.41503,41.00071],[-79.41007,41.0053],[-79.41232,41.00847],[-79.42027,41.00398],[-79.42465,40.98897],[-79.43065,40.98535],[-79.43962,40.98741],[-79.45172,40.98167],[-79.45934,40.9821],[-79.46466,40.9903],[-79.4756,40.9949],[-79.48852,40.99537],[-79.49478,40.98618],[-79.49366,40.9779],[-79.50334,40.97642],[-79.50667,40.98307],[-79.51401,40.98681],[-79.51776,40.98304],[-79.51468,40.97903],[-79.52243,40.97496],[-79.54287,40.98409],[-79.55262,40.97978],[-79.56138,40.98523],[-79.57279,40.9853],[-79.5811,40.98042],[-79.58898,40.97086],[-79.60122,40.96928],[-79.61835,40.97414],[-79.62429,40.97875],[-79.62349,40.98456],[-79.61907,40.98896],[-79.60587,40.9944],[-79.59701,40.99439],[-79.58687,40.9913],[-79.58177,40.99798],[-79.58562,41.00168],[-79.59539,41.00509],[-79.6064,41.00516],[-79.60978,41.00865],[-79.60825,41.01396],[-79.60261,41.02082],[-79.59943,41.03531],[-79.60682,41.03638],[-79.61957,41.0334],[-79.63681,41.03793],[-79.65126,41.04506],[-79.66595,41.04935],[-79.66713,41.05595],[-79.65647,41.06485],[-79.65905,41.07348],[-79.67617,41.08461],[-79.68006,41.09371],[-79.68131,41.10633],[-79.67929,41.11624],[-79.67959,41.13702],[-79.68669,41.14466],[-79.68625,41.14855],[-79.68024,41.15574],[-79.6815,41.16292],[-79.68933,41.16947],[-79.68878,41.13343],[-79.69027,41.10325],[-79.68992,40.95707],[-79.69149,40.88489],[-79.69212,40.81342],[-79.69281,40.78924],[-79.69328,40.74143],[-79.69236,40.70492],[-79.69293,40.66974],[-79.68015,40.67194],[-79.66843,40.68001],[-79.66406,40.67904],[-79.65295,40.67191],[-79.63814,40.6656],[-79.63606,40.65448],[-79.62862,40.64867],[-79.61313,40.64362],[-79.60918,40.63901],[-79.60874,40.62583],[-79.6021,40.6245],[-79.59148,40.63434],[-79.58292,40.633],[-79.58866,40.62552],[-79.58957,40.61686],[-79.58378,40.61041],[-79.58209,40.60327],[-79.5761,40.60175],[-79.57033,40.60672],[-79.56508,40.60784],[-79.55165,40.60189],[-79.56449,40.59472],[-79.57068,40.58407],[-79.56073,40.56349],[-79.53621,40.55033],[-79.52625,40.54236],[-79.51191,40.54268],[-79.50538,40.53594],[-79.49892,40.53215],[-79.49795,40.52653],[-79.4887,40.52607],[-79.48333,40.53621],[-79.47692,40.53578],[-79.47574,40.52954],[-79.46429,40.53408],[-79.45503,40.53411],[-79.45018,40.53015]]]},"properties":{"STATEFP":"42","COUNTYFP":"005","COUNTYNS":"01213658","GEOIDFQ":"0500000US42005","GEOID":"42005","NAME":"Armstrong","NAMELSAD":"Armstrong County","STUSPS":"PA","STATE_NAME":"Pennsylvania","LSAD":"06","ALAND":1692093660,"AWATER":27586719}},
{"type":"Feature","geometry":{"type":"Polygon","coordinates":[[[-75.01507,40.13799],[-75.02057,40.13227],[-75.05834,40.10589],[-75.0778,40.08577],[-75.08246,40.08288],[-75.09673,40.06899],[-75.08742,40.0636],[-75.09508,40.05609],[-75.10943,40.04587],[-75.17644,40.08465],[-75.18846,40.07275],[-75.22361,40.09291],[-75.24329,40.07349],[-75.26443,40.05409],[-75.2456,40.03766],[-75.23204,40.02804],[-75.21962,40.02191],[-75.20598,40.01172],[-75.21374,40.00716],[-75.254,39.9883],[-75.27648,39.97696],[-75.27539,39.96958],[-75.26545,39.96526],[-75.26049,39.96631],[-75.24806,39.96407],[-75.25158,39.95213],[-75.24703,39.94341],[-75.24037,39.94217],[-75.23744,39.93256],[-75.24337,39.93191],[-75.24751,39.92171],[-75.2472,39.91358],[-75.2515,39.91005],[-75.25129,39.9044],[-75.25911,39.89244],[-75.26174,39.89177],[-75.26253,39.87656],[-75.24843,39.87649],[-75.24047,39.87238],[-75.23412,39.87718],[-75.21977,39.87548],[-75.21169,39.86695],[-75.19986,39.87322],[-75.18932,39.88071],[-75.18302,39.88201],[-75.14889,39.88373],[-75.1373,39.88997],[-75.13082,39.90021],[-75.12792,39.91181],[-75.13502,39.92731],[-75.13572,39.94711],[-75.13012,39.95871],[-75.11922,39.96541],[-75.10229,39.97238],[-75.08583,39.9751],[-75.0756,39.97804],[-75.06418,39.98603],[-75.0534,40.00457],[-75.04709,40.00994],[-75.03422,40.01522],[-75.01221,40.0207],[-75.00857,40.02388],[-74.97394,40.04804],[-74.98516,40.05693],[-74.98044,40.0603],[-74.98088,40.06603],[-74.97106,40.07397],[-74.9636,40.07711],[-74.95908,40.08235],[-74.95578,40.0951],[-74.96177,40.09775],[-74.96116,40.10345],[-74.96543,40.10789],[-74.96317,40.11668],[-74.97296,40.1198],[-74.98237,40.11994],[-74.98343,40.12362],[-74.99417,40.12609],[-75.01507,40.13799]]]},"properties":{"STATEFP":"42","COUNTYFP":"101","COUNTYNS":"01209187","GEOIDFQ":"0500000US42101","GEOID":"42101","NAME":"Philadelphia","NAMELSAD":"Philadelphia County","STUSPS":"PA","STATE_NAME":"Pennsylvania","LSAD":"06","ALAND":347900747,"AWATER":20969567}},
{"type":"Feature","geometry":{"type":"Polygon","coordinates":[[[-77.86449,40.06157],[-77.87665,40.05466],[-77.8859,40.04496],[-77.89359,40.03309],[-77.90478,40.02278],[-77.90563,40.01873],[-77.91433,40.0103],[-77.92095,40.00045],[-77.91979,39.99265],[-77.92659,39.97919],[-77.93227,39.97262],[-77.93655,39.96112],[-77.93779,39.94894],[-77.94727,39.93494],[-77.95619,39.92702],[-77.95462,39.92048],[-77.96269,39.90173],[-77.96474,39.89963],[-77.97513,39.87179],[-77.98062,39.8618],[-78.0027,39.8266],[-78.0191,39.8071],[-78.0285,39.7999],[-78.0464,39.7793],[-78.0531,39.7703],[-78.0629,39.7599],[-78.0693,39.7483],[-78.09914,39.72232],[-77.9956,39.72228],[-77.87472,39.72222],[-77.72411,39.72089],[-77.53337,39.72017],[-77.45913,39.72002],[-77.45942,39.73542],[-77.46154,39.76571],[-77.46318,39.82047],[-77.46961,39.91617],[-77.47108,39.94408],[-77.45411,39.97243],[-77.45966,39.97548],[-77.46578,39.98444],[-77.47439,39.99194],[-77.48163,39.99339],[-77.48923,40.00133],[-77.4954,40.00515],[-77.50011,40.01345],[-77.50914,40.02488],[-77.50782,40.02897],[-77.5187,40.0382],[-77.52199,40.04658],[-77.53248,40.04875],[-77.53049,40.05923],[-77.53489,40.07027],[-77.5419,40.06982],[-77.541,40.07969],[-77.54296,40.0896],[-77.5481,40.09013],[-77.55388,40.09588],[-77.56168,40.09732],[-77.55791,40.1031],[-77.56102,40.10836],[-77.56287,40.11929],[-77.56845,40.1259],[-77.57467,40.12773],[-77.58174,40.13411],[-77.59295,40.13539],[-77.59322,40.14225],[-77.60422,40.15145],[-77.60826,40.15274],[-77.61292,40.16123],[-77.61364,40.17016],[-77.61638,40.17248],[-77.62751,40.1886],[-77.61466,40.19855],[-77.60477,40.20603],[-77.60489,40.22492],[-77.60272,40.2282],[-77.60917,40.23275],[-77.61617,40.23262],[-77.63989,40.21768],[-77.64339,40.22317],[-77.64995,40.22628],[-77.6454,40.23893],[-77.64999,40.24796],[-77.64502,40.25393],[-77.65345,40.25741],[-77.66549,40.25205],[-77.67115,40.25757],[-77.65642,40.27039],[-77.66427,40.27823],[-77.67176,40.28983],[-77.68461,40.27674],[-77.70303,40.26358],[-77.7242,40.25012],[-77.73763,40.23741],[-77.76832,40.20413],[-77.79639,40.16681],[-77.8052,40.15286],[-77.81587,40.13244],[-77.82799,40.11676],[-77.85936,40.06521],[-77.86449,40.06157]]]},"properties":{"STATEFP":"42","COUNTYFP":"055","COUNTYNS":"01213670","GEOIDFQ":"0500000US42055","GEOID":"42055","NAME":"Franklin","NAMELSAD":"Franklin County","STUSPS":"PA","STATE_NAME":"Pennsylvania","LSAD":"06","ALAND":2000193445,"AWATER":1553435}},
{"type":"Feature","geometry":{"type":"Polygon","coordinates":[[[-76.70162,40.65808],[-76.70055,40.66311],[-76.69474,40.66286],[-76.60007,40.69706],[-76.57239,40.70539],[-76.43232,40.75685],[-76.38033,40.77545],[-76.39269,40.79748],[-76.41149,40.83349],[-76.45788,40.83016],[-76.46763,40.82789],[-76.5016,40.82477],[-76.50257,40.8317],[-76.50805,40.84213],[-76.50809,40.84664],[-76.49928,40.85029],[-76.49801,40.85408],[-76.50248,40.86177],[-76.50775,40.86405],[-76.50933,40.87398],[-76.50391,40.87832],[-76.50662,40.88286],[-76.52802,40.88261],[-76.55051,40.88258],[-76.55732,40.88882],[-76.56029,40.89886],[-76.56479,40.90423],[-76.56811,40.91545],[-76.55857,40.9305],[-76.55698,40.93861],[-76.59269,40.94045],[-76.60144,40.94219],[-76.62641,40.96112],[-76.63204,40.96368],[-76.64533,40.96442],[-76.65245,40.96164],[-76.66135,40.968],[-76.68212,40.96496],[-76.68714,40.96275],[-76.73483,40.95445],[-76.74302,40.95448],[-76.76738,40.94978],[-76.7757,40.94947],[-76.79288,40.94658],[-76.79151,40.95555],[-76.78545,40.95891],[-76.78491,40.96693],[-76.77426,41.0001],[-76.77579,41.00812],[-76.7706,41.01873],[-76.76196,41.02593],[-76.7645,41.02961],[-76.75968,41.03871],[-76.7565,41.0505],[-76.74658,41.06539],[-76.73506,41.09106],[-76.7342,41.1038],[-76.73534,41.1101],[-76.73351,41.12769],[-76.7358,41.13783],[-76.73088,41.15361],[-76.73267,41.17204],[-76.79081,41.17573],[-76.82817,41.16578],[-76.85692,41.16364],[-76.88425,41.1571],[-76.88934,41.15199],[-76.89611,41.13907],[-76.89785,41.13421],[-76.89588,41.11998],[-76.8912,41.10469],[-76.88438,41.09375],[-76.87227,41.08229],[-76.8645,41.07987],[-76.85788,41.07206],[-76.85642,41.04741],[-76.86129,41.03806],[-76.86125,41.02849],[-76.86739,41.00794],[-76.86758,40.99847],[-76.88236,40.97138],[-76.87714,40.95949],[-76.87622,40.95109],[-76.8685,40.94017],[-76.85992,40.92398],[-76.85411,40.91543],[-76.82268,40.8897],[-76.8065,40.886],[-76.80024,40.88199],[-76.80044,40.87318],[-76.81025,40.85457],[-76.81302,40.84706],[-76.84063,40.82132],[-76.84933,40.80967],[-76.84891,40.80599],[-76.85609,40.79121],[-76.85925,40.77704],[-76.85628,40.75479],[-76.8574,40.75003],[-76.85541,40.73504],[-76.85649,40.72263],[-76.86526,40.70461],[-76.87985,40.68719],[-76.90385,40.6741],[-76.91201,40.66764],[-76.92763,40.64571],[-76.93988,40.63814],[-76.94915,40.62817],[-76.93696,40.61284],[-76.9255,40.60889],[-76.90334,40.61189],[-76.89004,40.61033],[-76.88641,40.61776],[-76.87272,40.61631],[-76.86948,40.62348],[-76.86425,40.62759],[-76.85573,40.62587],[-76.8401,40.62544],[-76.83316,40.6276],[-76.8274,40.63395],[-76.8132,40.63331],[-76.81015,40.63491],[-76.80906,40.64342],[-76.80338,40.64722],[-76.79385,40.64051],[-76.78585,40.64173],[-76.77828,40.64599],[-76.75623,40.64809],[-76.74589,40.65446],[-76.73276,40.65473],[-76.72479,40.65306],[-76.71357,40.6596],[-76.70392,40.65537],[-76.70162,40.65808]]]},"properties":{"STATEFP":"42","COUNTYFP":"097","COUNTYNS":"01209186","GEOIDFQ":"0500000US42097","GEOID":"42097","NAME":"Northumberland","NAMELSAD":"Northumberland County","STUSPS":"PA","STATE_NAME":"Pennsylvania","LSAD":"06","ALAND":1185380639,"AWATER":50638539}},
{"type":"Feature","geometry":{"type":"Polygon","coordinates":[[[-79.99801,39.98332],[-80.00693,39.9847],[-80.01802,39.97749],[-80.03032,39.98387],[-80.03194,39.97769],[-80.03978,39.9741],[-80.04829,39.97853],[-80.04786,39.98475],[-80.05067,39.98965],[-80.04386,39.99453],[-80.04717,40.00512],[-80.0548,40.00429],[-80.06031,40.00945],[-80.06799,40.00291],[-80.0864,39.99036],[-80.09211,39.99201],[-80.10573,39.99096],[-80.11128,39.98817],[-80.11831,39.99129],[-80.12951,39.98841],[-80.13641,39.99259],[-80.15098,39.99441],[-80.16046,40.00334],[-80.17532,40.00798],[-80.18241,40.00323],[-80.19026,40.00184],[-80.20821,40.00511],[-80.21479,40.0028],[-80.22847,40.00736],[-80.24014,40.00948],[-80.2443,40.00705],[-80.26659,40.00169],[-80.27503,40.00355],[-80.27197,40.00773],[-80.27326,40.01328],[-80.28465,40.01241],[-80.28742,40.01921],[-80.3014,40.02056],[-80.31021,40.01765],[-80.30911,40.00585],[-80.31257,40.00329],[-80.32105,40.00562],[-80.35177,40.00015],[-80.35432,39.99729],[-80.36907,39.99719],[-80.3795,39.99412],[-80.3912,39.98796],[-80.39576,39.97924],[-80.40671,39.97676],[-80.41995,39.97542],[-80.42591,39.972],[-80.43479,39.97751],[-80.443,39.97607],[-80.44412,39.9726],[-80.45118,39.9685],[-80.45638,39.9694],[-80.4587,39.96408],[-80.46611,39.9568],[-80.47528,39.95206],[-80.48679,39.95476],[-80.493,39.95875],[-80.49977,39.9576],[-80.51922,39.9622],[-80.51889,39.89096],[-80.51942,39.80618],[-80.51934,39.7214],[-80.42139,39.72119],[-80.30946,39.72126],[-80.17437,39.72132],[-80.07595,39.72135],[-79.91617,39.72089],[-79.90392,39.73781],[-79.90344,39.74308],[-79.91438,39.75218],[-79.92248,39.75348],[-79.93008,39.75708],[-79.93468,39.76477],[-79.93298,39.77148],[-79.93441,39.78128],[-79.92929,39.78628],[-79.91662,39.7872],[-79.90866,39.79378],[-79.91018,39.79958],[-79.92064,39.81342],[-79.92172,39.83065],[-79.92438,39.83818],[-79.93648,39.84168],[-79.93798,39.84668],[-79.92465,39.85506],[-79.92478,39.85878],[-79.93028,39.86618],[-79.92767,39.87198],[-79.91685,39.8766],[-79.91528,39.8803],[-79.92793,39.90132],[-79.9296,39.90774],[-79.92333,39.91774],[-79.92486,39.92395],[-79.93331,39.9317],[-79.94376,39.94401],[-79.95365,39.95153],[-79.97029,39.95547],[-79.99507,39.94951],[-80.00934,39.95879],[-80.01046,39.97396],[-80.00585,39.9802],[-79.99801,39.98332]]]},"properties":{"STATEFP":"42","COUNTYFP":"059","COUNTYNS":"01214033","GEOIDFQ":"0500000US42059","GEOID":"42059","NAME":"Greene","NAMELSAD":"Greene County","STUSPS":"PA","STATE_NAME":"Pennsylvania","LSAD":"06","ALAND":1491658046,"AWATER":5296803}},
{"type":"Feature","geometry":{"type":"Polygon","coordinates":[[[-79.69293,40.66974],[-79.69236,40.70492],[-79.69328,40.74143],[-79.69281,40.78924],[-79.69212,40.81342],[-79.69149,40.88489],[-79.68992,40.95707],[-79.69027,41.10325],[-79.68878,41.13343],[-79.68933,41.16947],[-79.69498,41.17287],[-79.82448,41.17312],[-79.95969,41.17165],[-79.99978,41.17186],[-80.04706,41.12064],[-80.09686,41.0698],[-80.09829,41.07105],[-80.16647,41.00093],[-80.15853,40.8551],[-80.156,40.80037],[-80.15256,40.74404],[-80.15106,40.71314],[-80.1485,40.67377],[-80.12779,40.6736],[-80.07143,40.67494],[-80.07139,40.67417],[-79.98784,40.67359],[-79.95994,40.67228],[-79.91463,40.67329],[-79.84225,40.67199],[-79.78065,40.67123],[-79.7291,40.66926],[-79.69288,40.66961],[-79.69293,40.66974]]]},"properties":{"STATEFP":"42","COUNTYFP":"019","COUNTYNS":"01213661","GEOIDFQ":"0500000US42019","GEOID":"42019","NAME":"Butler","NAMELSAD":"Butler County","STUSPS":"PA","STATE_NAME":"Pennsylvania","LSAD":"06","ALAND":2044750109,"AWATER":16004632}},
{"type":"Feature","geometry":{"type":"Polygon","coordinates":[[[-75.47419,40.81475],[-75.48761,40.83797],[-75.52682,40.89039],[-75.55644,40.92869],[-75.57459,40.95132],[-75.54624,40.9646],[-75.49599,40.98718],[-75.5123,41.00211],[-75.5614,41.04899],[-75.56977,41.05],[-75.56889,41.05661],[-75.58051,41.06776],[-75.58296,41.07264],[-75.60082,41.08448],[-75.60607,41.08562],[-75.60411,41.09338],[-75.61269,41.09424],[-75.61595,41.10476],[-75.62482,41.1114],[-75.62824,41.1069],[-75.63759,41.1134],[-75.64397,41.11277],[-75.64941,41.1223],[-75.65642,41.12293],[-75.66749,41.13398],[-75.67861,41.13302],[-75.68488,41.12997],[-75.69191,41.13121],[-75.70059,41.12732],[-75.70281,41.12262],[-75.70967,41.12199],[-75.7089,41.11563],[-75.71675,41.11813],[-75.72365,41.10943],[-75.72933,41.10784],[-75.7326,41.10327],[-75.73922,41.10227],[-75.74941,41.10415],[-75.75469,41.10164],[-75.75344,41.09645],[-75.76005,41.09179],[-75.76755,41.09166],[-75.76567,41.08439],[-75.77199,41.07681],[-75.77006,41.06876],[-75.77153,41.06116],[-75.77027,41.05009],[-75.7612,41.04096],[-75.75773,41.03163],[-75.74274,41.0314],[-75.73915,41.02803],[-75.73847,41.01682],[-75.73218,41.00812],[-75.8012,40.98342],[-75.81924,40.98258],[-75.84854,40.97219],[-75.84802,40.96636],[-75.99764,40.91326],[-75.99494,40.91063],[-75.92643,40.85173],[-75.88604,40.81627],[-75.81303,40.7703],[-75.78705,40.75356],[-75.75781,40.73541],[-75.74486,40.74031],[-75.7286,40.75392],[-75.70242,40.76224],[-75.69462,40.77019],[-75.67683,40.77491],[-75.60898,40.78739],[-75.60261,40.78804],[-75.59545,40.7933],[-75.57749,40.79941],[-75.55753,40.80119],[-75.55136,40.80455],[-75.54155,40.80682],[-75.52844,40.80673],[-75.51905,40.80881],[-75.50802,40.8091],[-75.47419,40.81475]]]},"properties":{"STATEFP":"42","COUNTYFP":"025","COUNTYNS":"01213664","GEOIDFQ":"0500000US42025","GEOID":"42025","NAME":"Carbon","NAMELSAD":"Carbon County","STUSPS":"PA","STATE_NAME":"Pennsylvania","LSAD":"06","ALAND":987706484,"AWATER":15918751}},
{"type":"Feature","geometry":{"type":"Polygon","coordinates":[[[-75.60074,41.1615],[-75.61172,41.16419],[-75.61656,41.17268],[-75.62405,41.16975],[-75.63184,41.16967],[-75.64306,41.17601],[-75.64375,41.18223],[-75.64923,41.18717],[-75.65227,41.25738],[-75.6793,41.2643],[-75.67934,41.28796],[-75.68966,41.28779],[-75.69082,41.30434],[-75.69412,41.30411],[-75.69496,41.31758],[-75.68784,41.31784],[-75.68861,41.33945],[-75.74192,41.34831],[-75.76783,41.36535],[-75.79512,41.37712],[-75.79951,41.38264],[-75.82025,41.38782],[-75.83013,41.39441],[-75.83263,41.39993],[-75.83108,41.41546],[-75.83451,41.42697],[-75.83929,41.42463],[-75.87875,41.41507],[-75.96884,41.39403],[-75.98325,41.39107],[-76.00507,41.38455],[-76.05247,41.38271],[-76.15888,41.37991],[-76.2828,41.37724],[-76.31026,41.3102],[-76.31085,41.30895],[-76.32022,41.21506],[-76.31924,41.20809],[-76.30018,41.17174],[-76.27739,41.13179],[-76.24977,41.13506],[-76.22898,41.13847],[-76.22848,41.05363],[-76.23122,41.05026],[-76.22077,41.00009],[-76.20783,40.94974],[-76.10797,40.9232],[-76.02801,40.90231],[-75.99764,40.91326],[-75.84802,40.96636],[-75.84854,40.97219],[-75.81924,40.98258],[-75.8012,40.98342],[-75.73218,41.00812],[-75.73847,41.01682],[-75.73915,41.02803],[-75.74274,41.0314],[-75.75773,41.03163],[-75.7612,41.04096],[-75.77027,41.05009],[-75.77153,41.06116],[-75.77006,41.06876],[-75.77199,41.07681],[-75.76567,41.08439],[-75.76755,41.09166],[-75.76005,41.09179],[-75.75344,41.09645],[-75.75469,41.10164],[-75.74941,41.10415],[-75.73922,41.10227],[-75.7326,41.10327],[-75.72933,41.10784],[-75.72365,41.10943],[-75.71675,41.11813],[-75.7089,41.11563],[-75.70967,41.12199],[-75.70281,41.12262],[-75.70059,41.12732],[-75.69191,41.13121],[-75.68488,41.12997],[-75.67861,41.13302],[-75.66749,41.13398],[-75.65642,41.12293],[-75.64941,41.1223],[-75.64904,41.12509],[-75.62807,41.12829],[-75.62838,41.13685],[-75.61417,41.14517],[-75.61558,41.15071],[-75.6033,41.15187],[-75.6045,41.15611],[-75.60074,41.1615]]]},"properties":{"STATEFP":"42","COUNTYFP":"079","COUNTYNS":"01209183","GEOIDFQ":"0500000US42079","GEOID":"42079","NAME":"Luzerne","NAMELSAD":"Luzerne County","STUSPS":"PA","STATE_NAME":"Pennsylvania","LSAD":"06","ALAND":2304589532,"AWATER":42011601}},
{"type":"Feature","geometry":{"type":"Polygon","coordinates":[[[-77.68133,40.72976],[-77.67661,40.71645],[-77.70117,40.70498],[-77.69924,40.69807],[-77.70307,40.69268],[-77.70836,40.69049],[-77.70379,40.67994],[-77.68535,40.6849],[-77.68708,40.67675],[-77.71085,40.662],[-77.72074,40.65797],[-77.72043,40.65458],[-77.73514,40.64474],[-77.75162,40.6323],[-77.77248,40.62593],[-77.80133,40.59957],[-77.821,40.57964],[-77.84183,40.55004],[-77.81676,40.50056],[-77.83587,40.48423],[-77.84414,40.47345],[-77.87018,40.44524],[-77.89012,40.42727],[-77.89683,40.41739],[-77.90805,40.41402],[-77.91218,40.40875],[-77.91384,40.39868],[-77.88907,40.39856],[-77.88772,40.39136],[-77.8777,40.39355],[-77.87029,40.39226],[-77.87276,40.38193],[-77.86592,40.37229],[-77.85859,40.36603],[-77.85138,40.36525],[-77.84464,40.36895],[-77.83834,40.36903],[-77.82984,40.3639],[-77.81864,40.36054],[-77.81039,40.36859],[-77.76172,40.36873],[-77.75212,40.37855],[-77.7382,40.39331],[-77.72064,40.40962],[-77.69617,40.42802],[-77.66734,40.45084],[-77.646,40.46838],[-77.62596,40.48296],[-77.61246,40.49092],[-77.61251,40.51419],[-77.59623,40.52469],[-77.56665,40.5418],[-77.53246,40.55948],[-77.51563,40.56957],[-77.51274,40.57306],[-77.49751,40.58174],[-77.49776,40.60948],[-77.48916,40.61522],[-77.4425,40.6371],[-77.42006,40.64593],[-77.40744,40.6522],[-77.38406,40.66163],[-77.32305,40.68308],[-77.28794,40.6936],[-77.3541,40.70167],[-77.35663,40.80733],[-77.35711,40.84448],[-77.36418,40.84694],[-77.37471,40.8453],[-77.41386,40.83308],[-77.43882,40.8239],[-77.5111,40.79395],[-77.55254,40.77759],[-77.57194,40.76933],[-77.59335,40.76125],[-77.62472,40.75226],[-77.65257,40.74492],[-77.66199,40.73774],[-77.68133,40.72976]]]},"properties":{"STATEFP":"42","COUNTYFP":"087","COUNTYNS":"01213679","GEOIDFQ":"0500000US42087","GEOID":"42087","NAME":"Mifflin","NAMELSAD":"Mifflin County","STUSPS":"PA","STATE_NAME":"Pennsylvania","LSAD":"06","ALAND":1064581429,"AWATER":9507558}},
{"type":"Feature","geometry":{"type":"Polygon","coordinates":[[[-79.20888,41.33186],[-79.20251,41.32679],[-79.1925,41.32419],[-79.18618,41.32852],[-79.187,41.33731],[-79.17964,41.33917],[-79.17514,41.33597],[-79.17557,41.32696],[-79.16691,41.33048],[-79.16917,41.33965],[-79.16641,41.34387],[-79.15993,41.33995],[-79.16244,41.33183],[-79.15473,41.32865],[-79.14823,41.33166],[-79.13979,41.34143],[-79.13219,41.33896],[-79.1239,41.33096],[-79.1119,41.32502],[-79.10588,41.3267],[-79.10723,41.33641],[-79.10498,41.34153],[-79.0951,41.34066],[-79.09502,41.36777],[-79.09359,41.42329],[-79.06515,41.42319],[-79.06352,41.45321],[-78.97666,41.45176],[-78.97666,41.43696],[-78.95896,41.43706],[-78.9586,41.52549],[-78.95614,41.62333],[-79.09162,41.62634],[-79.20499,41.62641],[-79.29221,41.62585],[-79.40197,41.62598],[-79.51207,41.62456],[-79.51126,41.50643],[-79.51228,41.46524],[-79.52202,41.46522],[-79.5216,41.44055],[-79.47816,41.44013],[-79.47782,41.38648],[-79.40044,41.38658],[-79.40051,41.41744],[-79.39992,41.43615],[-79.35759,41.43624],[-79.35759,41.43243],[-79.21483,41.43113],[-79.2072,41.43092],[-79.20888,41.33186]]]},"properties":{"STATEFP":"42","COUNTYFP":"053","COUNTYNS":"01213669","GEOIDFQ":"0500000US42053","GEOID":"42053","NAME":"Forest","NAMELSAD":"Forest County","STUSPS":"PA","STATE_NAME":"Pennsylvania","LSAD":"06","ALAND":1106595595,"AWATER":8369676}},
{"type":"Feature","geometry":{"type":"Polygon","coordinates":[[[-77.61003,41.99952],[-77.60689,41.88254],[-77.60545,41.80826],[-77.60187,41.65705],[-77.59928,41.54227],[-77.45483,41.54357],[-77.29851,41.54439],[-77.29478,41.5441],[-77.19313,41.54578],[-77.01063,41.54984],[-76.96048,41.55152],[-76.95929,41.55796],[-76.95239,41.56505],[-76.94308,41.56932],[-76.93296,41.56899],[-76.92657,41.57109],[-76.92217,41.58104],[-76.91743,41.5827],[-76.90843,41.58146],[-76.88705,41.58686],[-76.87833,41.59055],[-76.87471,41.59692],[-76.8787,41.62034],[-76.88016,41.64095],[-76.88385,41.66904],[-76.89861,41.79447],[-76.89912,41.80806],[-76.90402,41.83812],[-76.91422,41.91494],[-76.92706,42.00167],[-77.06368,42.00046],[-77.12469,41.9994],[-77.33005,41.99976],[-77.50531,42.00007],[-77.61003,41.99952]]]},"properties":{"STATEFP":"42","COUNTYFP":"117","COUNTYNS":"01209189","GEOIDFQ":"0500000US42117","GEOID":"42117","NAME":"Tioga","NAMELSAD":"Tioga County","STUSPS":"PA","STATE_NAME":"Pennsylvania","LSAD":"06","ALAND":2936765818,"AWATER":8279717}},
{"type":"Feature","geometry":{"type":"Polygon","coordinates":[[[-79.61207,41.85033],[-79.61297,41.70525],[-79.61257,41.69473],[-79.61255,41.63043],[-79.61315,41.62386],[-79.51207,41.62456],[-79.40197,41.62598],[-79.29221,41.62585],[-79.20499,41.62641],[-79.09162,41.62634],[-78.95614,41.62333],[-78.95467,41.64024],[-78.95396,41.68742],[-78.94861,41.83048],[-78.92141,41.83092],[-78.92154,41.84088],[-78.91564,41.8409],[-78.91706,41.86182],[-78.9155,41.95295],[-78.91848,41.95294],[-78.9189,41.99813],[-78.98306,41.99895],[-79.17857,41.99946],[-79.24977,41.99881],[-79.47247,41.99826],[-79.61084,41.99899],[-79.61117,41.90758],[-79.61207,41.85033]]]},"properties":{"STATEFP":"42","COUNTYFP":"123","COUNTYNS":"01213691","GEOIDFQ":"0500000US42123","GEOID":"42123","NAME":"Warren","NAMELSAD":"Warren County","STUSPS":"PA","STATE_NAME":"Pennsylvania","LSAD":"06","ALAND":2290280115,"AWATER":37368144}},
{"type":"Feature","geometry":{"type":"Polygon","coordinates":[[[-80.51929,41.84956],[-80.51924,41.76514],[-80.51936,41.66977],[-80.51934,41.5393],[-80.51921,41.48911],[-80.445,41.48712],[-80.4449,41.49227],[-80.43209,41.49209],[-80.43115,41.48696],[-80.38007,41.48586],[-80.32598,41.48426],[-80.26514,41.48345],[-80.12537,41.4804],[-80.1256,41.48628],[-79.99978,41.49005],[-79.99849,41.50095],[-79.98228,41.50014],[-79.98154,41.51289],[-79.95816,41.51362],[-79.95919,41.52544],[-79.94223,41.52535],[-79.9433,41.53784],[-79.92334,41.5376],[-79.92537,41.55021],[-79.90947,41.55015],[-79.90861,41.56217],[-79.89276,41.56217],[-79.89273,41.57414],[-79.87003,41.57426],[-79.873,41.58115],[-79.85005,41.58706],[-79.84961,41.59776],[-79.82972,41.60195],[-79.82911,41.62207],[-79.76834,41.62096],[-79.76836,41.61771],[-79.74804,41.61791],[-79.68806,41.61722],[-79.61317,41.61687],[-79.61315,41.62386],[-79.61255,41.63043],[-79.61257,41.69473],[-79.61297,41.70525],[-79.61207,41.85033],[-79.68035,41.85152],[-79.76203,41.85091],[-79.90998,41.85069],[-80.09568,41.84974],[-80.1465,41.84904],[-80.20655,41.84904],[-80.26698,41.84947],[-80.40817,41.84946],[-80.51929,41.84956]]]},"properties":{"STATEFP":"42","COUNTYFP":"039","COUNTYNS":"01213666","GEOIDFQ":"0500000US42039","GEOID":"42039","NAME":"Crawford","NAMELSAD":"Crawford County","STUSPS":"PA","STATE_NAME":"Pennsylvania","LSAD":"06","ALAND":2621988045,"AWATER":65390015}},
{"type":"Feature","geometry":{"type":"Polygon","coordinates":[[[-76.22007,41.54128],[-76.2135,41.57058],[-76.198,41.64782],[-76.16539,41.64917],[-76.11517,41.65183],[-76.11955,41.71025],[-76.12561,41.7803],[-76.1376,41.91429],[-76.14552,41.99891],[-76.34372,41.99835],[-76.46215,41.99893],[-76.55812,42.00016],[-76.74967,42.00169],[-76.92706,42.00167],[-76.91422,41.91494],[-76.90402,41.83812],[-76.89912,41.80806],[-76.89861,41.79447],[-76.88385,41.66904],[-76.88016,41.64095],[-76.8787,41.62034],[-76.87471,41.59692],[-76.81373,41.59003],[-76.79269,41.58782],[-76.67786,41.57854],[-76.46954,41.5615],[-76.31724,41.54946],[-76.22007,41.54128]]]},"properties":{"STATEFP":"42","COUNTYFP":"015","COUNTYNS":"01213660","GEOIDFQ":"0500000US42015","GEOID":"42015","NAME":"Bradford","NAMELSAD":"Bradford County","STUSPS":"PA","STATE_NAME":"Pennsylvania","LSAD":"06","ALAND":2971688853,"AWATER":35331261}},
{"type":"Feature","geometry":{"type":"Polygon","coordinates":[[[-77.98919,41.47482],[-77.84372,41.4766],[-77.82616,41.47699],[-77.74971,41.4776],[-77.62471,41.47821],[-77.59813,41.47858],[-77.59928,41.54227],[-77.60187,41.65705],[-77.60545,41.80826],[-77.60689,41.88254],[-77.61003,41.99952],[-77.74993,41.99878],[-77.83203,41.99852],[-77.99751,41.99876],[-78.03118,41.99942],[-78.12473,42.00045],[-78.20638,41.99962],[-78.20617,41.91302],[-78.20651,41.88498],[-78.20435,41.73637],[-78.20364,41.6176],[-78.13178,41.55124],[-78.05044,41.47546],[-77.98919,41.47482]]]},"properties":{"STATEFP":"42","COUNTYFP":"105","COUNTYNS":"01213684","GEOIDFQ":"0500000US42105","GEOID":"42105","NAME":"Potter","NAMELSAD":"Potter County","STUSPS":"PA","STATE_NAME":"Pennsylvania","LSAD":"06","ALAND":2800422692,"AWATER":558970}},
{"type":"Feature","geometry":{"type":"Polygon","coordinates":[[[-79.99978,41.17186],[-79.99927,41.19949],[-79.99978,41.21309],[-79.99978,41.36963],[-79.99978,41.49005],[-80.1256,41.48628],[-80.12537,41.4804],[-80.26514,41.48345],[-80.32598,41.48426],[-80.38007,41.48586],[-80.43115,41.48696],[-80.43209,41.49209],[-80.4449,41.49227],[-80.445,41.48712],[-80.51921,41.48911],[-80.51899,41.43545],[-80.51934,41.34074],[-80.51879,41.30551],[-80.51869,41.24886],[-80.51914,41.1712],[-80.51901,41.12509],[-80.48736,41.1253],[-80.34123,41.12691],[-80.25793,41.12811],[-80.25795,41.11734],[-80.1473,41.11392],[-80.09829,41.07105],[-80.09686,41.0698],[-80.04706,41.12064],[-79.99978,41.17186]]]},"properties":{"STATEFP":"42","COUNTYFP":"085","COUNTYNS":"01213678","GEOIDFQ":"0500000US42085","GEOID":"42085","NAME":"Mercer","NAMELSAD":"Mercer County","STUSPS":"PA","STATE_NAME":"Pennsylvania","LSAD":"06","ALAND":1741866411,"AWATER":25964036}},
{"type":"Feature","geometry":{"type":"Polygon","coordinates":[[[-75.60898,40.78739],[-75.67683,40.77491],[-75.69462,40.77019],[-75.70242,40.76224],[-75.7286,40.75392],[-75.74486,40.74031],[-75.75781,40.73541],[-75.76595,40.73093],[-75.77769,40.72953],[-75.77968,40.72502],[-75.79652,40.71703],[-75.80828,40.7073],[-75.84466,40.693],[-75.85481,40.69319],[-75.89147,40.67727],[-75.84082,40.64401],[-75.7793,40.6047],[-75.73944,40.57994],[-75.58984,40.48466],[-75.52981,40.44709],[-75.48386,40.41863],[-75.40973,40.48798],[-75.33351,40.53706],[-75.40441,40.58115],[-75.39127,40.59655],[-75.38856,40.61442],[-75.38304,40.61735],[-75.38334,40.62425],[-75.39248,40.63412],[-75.4109,40.65014],[-75.43012,40.66843],[-75.4304,40.67415],[-75.48147,40.65574],[-75.48393,40.65962],[-75.48503,40.6715],[-75.49113,40.677],[-75.49798,40.67916],[-75.50305,40.68972],[-75.50849,40.69305],[-75.51563,40.7022],[-75.52553,40.7201],[-75.52624,40.7327],[-75.53015,40.73634],[-75.54031,40.73606],[-75.54181,40.72792],[-75.55099,40.72206],[-75.55816,40.72089],[-75.56886,40.72735],[-75.57063,40.73247],[-75.57616,40.73518],[-75.5879,40.73389],[-75.59256,40.73613],[-75.60169,40.74955],[-75.60357,40.75681],[-75.60287,40.76596],[-75.60666,40.77132],[-75.60468,40.77673],[-75.60898,40.78739]]]},"properties":{"STATEFP":"42","COUNTYFP":"077","COUNTYNS":"01209182","GEOIDFQ":"0500000US42077","GEOID":"42077","NAME":"Lehigh","NAMELSAD":"Lehigh County","STUSPS":"PA","STATE_NAME":"Pennsylvania","LSAD":"06","ALAND":894414857,"AWATER":7450564}},
{"type":"Feature","geometry":{"type":"Polygon","coordinates":[[[-75.46241,41.64159],[-75.53128,41.64166],[-75.71989,41.64226],[-75.71851,41.63666],[-75.72858,41.63563],[-75.77429,41.57405],[-75.76942,41.5683],[-75.78933,41.54128],[-75.80323,41.52423],[-75.77163,41.50579],[-75.83451,41.42697],[-75.83108,41.41546],[-75.83263,41.39993],[-75.83013,41.39441],[-75.82025,41.38782],[-75.79951,41.38264],[-75.79512,41.37712],[-75.76783,41.36535],[-75.74192,41.34831],[-75.68861,41.33945],[-75.68784,41.31784],[-75.69496,41.31758],[-75.69412,41.30411],[-75.69082,41.30434],[-75.68966,41.28779],[-75.67934,41.28796],[-75.6793,41.2643],[-75.65227,41.25738],[-75.64923,41.18717],[-75.64375,41.18223],[-75.64306,41.17601],[-75.63184,41.16967],[-75.62405,41.16975],[-75.61656,41.17268],[-75.61172,41.16419],[-75.60074,41.1615],[-75.59633,41.16582],[-75.59854,41.17194],[-75.58781,41.17267],[-75.57665,41.17786],[-75.57637,41.18655],[-75.57021,41.19113],[-75.56974,41.19874],[-75.56264,41.20535],[-75.55472,41.20765],[-75.54914,41.2174],[-75.53985,41.22546],[-75.52936,41.22659],[-75.51649,41.21938],[-75.50561,41.23254],[-75.49606,41.24295],[-75.48506,41.24265],[-75.48181,41.24674],[-75.46918,41.24403],[-75.45351,41.2524],[-75.44523,41.25453],[-75.44117,41.25889],[-75.447,41.36317],[-75.45227,41.47602],[-75.4573,41.54647],[-75.46241,41.64159]]]},"properties":{"STATEFP":"42","COUNTYFP":"069","COUNTYNS":"01213675","GEOIDFQ":"0500000US42069","GEOID":"42069","NAME":"Lackawanna","NAMELSAD":"Lackawanna County","STUSPS":"PA","STATE_NAME":"Pennsylvania","LSAD":"06","ALAND":1188509486,"AWATER":15908159}},
{"type":"Feature","geometry":{"type":"Polygon","coordinates":[[[-76.52802,40.88261],[-76.52486,40.91594],[-76.52821,40.91912],[-76.52014,40.92663],[-76.52178,40.93165],[-76.52939,40.94014],[-76.51242,40.9461],[-76.51579,40.95],[-76.51456,40.95675],[-76.529,40.97307],[-76.56525,40.99987],[-76.56621,41.00859],[-76.56285,41.02345],[-76.56226,41.03421],[-76.56991,41.05376],[-76.61897,41.06376],[-76.61604,41.06875],[-76.61535,41.07936],[-76.62046,41.08484],[-76.62068,41.08961],[-76.64077,41.15572],[-76.67878,41.15417],[-76.73,41.17188],[-76.73267,41.17204],[-76.73088,41.15361],[-76.7358,41.13783],[-76.73351,41.12769],[-76.73534,41.1101],[-76.7342,41.1038],[-76.73506,41.09106],[-76.74658,41.06539],[-76.7565,41.0505],[-76.75968,41.03871],[-76.7645,41.02961],[-76.76196,41.02593],[-76.7706,41.01873],[-76.77579,41.00812],[-76.77426,41.0001],[-76.78491,40.96693],[-76.78545,40.95891],[-76.79151,40.95555],[-76.79288,40.94658],[-76.7757,40.94947],[-76.76738,40.94978],[-76.74302,40.95448],[-76.73483,40.95445],[-76.68714,40.96275],[-76.68212,40.96496],[-76.66135,40.968],[-76.65245,40.96164],[-76.64533,40.96442],[-76.63204,40.96368],[-76.62641,40.96112],[-76.60144,40.94219],[-76.59269,40.94045],[-76.55698,40.93861],[-76.55857,40.9305],[-76.56811,40.91545],[-76.56479,40.90423],[-76.56029,40.89886],[-76.55732,40.88882],[-76.55051,40.88258],[-76.52802,40.88261]]]},"properties":{"STATEFP":"42","COUNTYFP":"093","COUNTYNS":"01213681","GEOIDFQ":"0500000US42093","GEOID":"42093","NAME":"Montour","NAMELSAD":"Montour County","STUSPS":"PA","STATE_NAME":"Pennsylvania","LSAD":"06","ALAND":337556585,"AWATER":5174320}},
{"type":"Feature","geometry":{"type":"Polygon","coordinates":[[[-78.20364,41.6176],[-78.20435,41.73637],[-78.20651,41.88498],[-78.20617,41.91302],[-78.20638,41.99962],[-78.2712,41.99897],[-78.30813,41.99942],[-78.3859,41.99954],[-78.59665,41.99988],[-78.74975,41.99811],[-78.87476,41.99756],[-78.9189,41.99813],[-78.91848,41.95294],[-78.9155,41.95295],[-78.91706,41.86182],[-78.91564,41.8409],[-78.92154,41.84088],[-78.92141,41.83092],[-78.94861,41.83048],[-78.95396,41.68742],[-78.95467,41.64024],[-78.95614,41.62333],[-78.81497,41.62267],[-78.81524,41.62425],[-78.74816,41.62513],[-78.67602,41.62497],[-78.48382,41.63148],[-78.48291,41.60233],[-78.4205,41.60187],[-78.42085,41.61728],[-78.20364,41.6176]]]},"properties":{"STATEFP":"42","COUNTYFP":"083","COUNTYNS":"01210235","GEOIDFQ":"0500000US42083","GEOID":"42083","NAME":"McKean","NAMELSAD":"McKean County","STUSPS":"PA","STATE_NAME":"Pennsylvania","LSAD":"06","ALAND":2537396734,"AWATER":13033864}},
{"type":"Feature","geometry":{"type":"Polygon","coordinates":[[[-75.48314,41.99926],[-75.61032,41.99896],[-75.74222,41.99786],[-75.87068,41.99883],[-75.98025,41.99904],[-76.14552,41.99891],[-76.1376,41.91429],[-76.12561,41.7803],[-76.11955,41.71025],[-76.11517,41.65183],[-76.11422,41.64339],[-76.08724,41.64473],[-76.04973,41.64448],[-75.98595,41.64479],[-75.96909,41.64433],[-75.87901,41.64346],[-75.86872,41.64436],[-75.79734,41.64262],[-75.79222,41.64205],[-75.76792,41.64341],[-75.71989,41.64226],[-75.53128,41.64166],[-75.46241,41.64159],[-75.47078,41.78319],[-75.4737,41.83853],[-75.47638,41.87333],[-75.48314,41.99926]]]},"properties":{"STATEFP":"42","COUNTYFP":"115","COUNTYNS":"01213688","GEOIDFQ":"0500000US42115","GEOID":"42115","NAME":"Susquehanna","NAMELSAD":"Susquehanna County","STUSPS":"PA","STATE_NAME":"Pennsylvania","LSAD":"06","ALAND":2132840100,"AWATER":22389171}},
{"type":"Feature","geometry":{"type":"Polygon","coordinates":[[[-76.15121,40.31597],[-76.15788,40.32095],[-76.20553,40.36066],[-76.23192,40.36629],[-76.29914,40.40832],[-76.44018,40.49595],[-76.50023,40.53294],[-76.53541,40.55516],[-76.67804,40.47472],[-76.65688,40.41957],[-76.62554,40.33927],[-76.61265,40.30818],[-76.59217,40.25428],[-76.56942,40.19555],[-76.56634,40.19664],[-76.502,40.21745],[-76.43543,40.23822],[-76.3682,40.24742],[-76.30774,40.25504],[-76.15121,40.31597]]]},"properties":{"STATEFP":"42","COUNTYFP":"075","COUNTYNS":"01214034","GEOIDFQ":"0500000US42075","GEOID":"42075","NAME":"Lebanon","NAMELSAD":"Lebanon County","STUSPS":"PA","STATE_NAME":"Pennsylvania","LSAD":"06","ALAND":937148928,"AWATER":1722125}},
{"type":"Feature","geometry":{"type":"Polygon","coordinates":[[[-79.05605,40.28486],[-78.98177,40.28544],[-78.92711,40.28473],[-78.92563,40.27897],[-78.90205,40.27479],[-78.89452,40.26796],[-78.89087,40.24974],[-78.88473,40.24464],[-78.87984,40.24723],[-78.86877,40.24897],[-78.86459,40.24451],[-78.85632,40.24318],[-78.84796,40.24493],[-78.82565,40.2445],[-78.6583,40.24324],[-78.64382,40.25914],[-78.65174,40.28152],[-78.64271,40.28307],[-78.6364,40.30551],[-78.62522,40.3143],[-78.61889,40.32647],[-78.60224,40.35363],[-78.56147,40.36967],[-78.55289,40.43478],[-78.55772,40.44156],[-78.54846,40.46185],[-78.54403,40.46595],[-78.54039,40.47556],[-78.54457,40.48777],[-78.53982,40.50629],[-78.53038,40.51914],[-78.52266,40.52326],[-78.51821,40.5288],[-78.49756,40.53916],[-78.48612,40.54084],[-78.47905,40.54731],[-78.45385,40.58125],[-78.44934,40.5903],[-78.44121,40.59724],[-78.44632,40.62416],[-78.44098,40.63178],[-78.43966,40.64481],[-78.43246,40.64776],[-78.42351,40.64749],[-78.4088,40.64437],[-78.34867,40.72344],[-78.4029,40.72524],[-78.53192,40.72591],[-78.56902,40.72564],[-78.6355,40.72308],[-78.69115,40.72432],[-78.80173,40.72462],[-78.79923,40.7171],[-78.80892,40.72095],[-78.83532,40.66166],[-78.85062,40.62646],[-78.86665,40.59279],[-78.89666,40.53296],[-78.92158,40.48418],[-78.97381,40.39542],[-78.97523,40.39193],[-78.99817,40.35617],[-79.00608,40.3512],[-79.00993,40.34048],[-79.02002,40.33561],[-79.03166,40.31765],[-79.03729,40.3134],[-79.03756,40.30696],[-79.05605,40.28486]]]},"properties":{"STATEFP":"42","COUNTYFP":"021","COUNTYNS":"01213662","GEOIDFQ":"0500000US42021","GEOID":"42021","NAME":"Cambria","NAMELSAD":"Cambria County","STUSPS":"PA","STATE_NAME":"Pennsylvania","LSAD":"06","ALAND":1781816295,"AWATER":13645124}},
{"type":"Feature","geometry":{"type":"Polygon","coordinates":[[[-77.14411,41.06884],[-77.11384,41.06903],[-77.06824,41.08523],[-76.97794,41.08788],[-76.96023,41.1488],[-76.89611,41.13907],[-76.88934,41.15199],[-76.88425,41.1571],[-76.85692,41.16364],[-76.82817,41.16578],[-76.79081,41.17573],[-76.73267,41.17204],[-76.73,41.17188],[-76.67878,41.15417],[-76.64077,41.15572],[-76.59252,41.15783],[-76.52165,41.21426],[-76.49965,41.23386],[-76.4476,41.27563],[-76.49969,41.28548],[-76.52028,41.28822],[-76.54849,41.29314],[-76.54782,41.29572],[-76.59253,41.30433],[-76.69358,41.37013],[-76.74561,41.40268],[-76.7495,41.40557],[-76.7724,41.47167],[-76.81373,41.59003],[-76.87471,41.59692],[-76.87833,41.59055],[-76.88705,41.58686],[-76.90843,41.58146],[-76.91743,41.5827],[-76.92217,41.58104],[-76.92657,41.57109],[-76.93296,41.56899],[-76.94308,41.56932],[-76.95239,41.56505],[-76.95929,41.55796],[-76.96048,41.55152],[-77.01063,41.54984],[-77.19313,41.54578],[-77.29478,41.5441],[-77.29851,41.54439],[-77.45483,41.54357],[-77.59928,41.54227],[-77.59813,41.47858],[-77.59728,41.44106],[-77.58467,41.4413],[-77.58054,41.43558],[-77.57574,41.4216],[-77.57163,41.41594],[-77.56443,41.41268],[-77.55045,41.39583],[-77.5419,41.3813],[-77.54001,41.3681],[-77.53611,41.36388],[-77.52654,41.35853],[-77.51614,41.35587],[-77.49993,41.35395],[-77.48557,41.34528],[-77.4754,41.33765],[-77.47503,41.32669],[-77.47145,41.31349],[-77.45642,41.30464],[-77.45124,41.29516],[-77.44209,41.28609],[-77.4294,41.28214],[-77.42494,41.2731],[-77.41067,41.26622],[-77.39904,41.25305],[-77.37009,41.23268],[-77.36273,41.23358],[-77.35002,41.22898],[-77.34977,41.21992],[-77.3343,41.22048],[-77.32089,41.21893],[-77.29058,41.1951],[-77.29306,41.18647],[-77.28831,41.18299],[-77.27741,41.18054],[-77.27202,41.17253],[-77.25157,41.15264],[-77.16428,41.06871],[-77.14411,41.06884]]]},"properties":{"STATEFP":"42","COUNTYFP":"081","COUNTYNS":"01213677","GEOIDFQ":"0500000US42081","GEOID":"42081","NAME":"Lycoming","NAMELSAD":"Lycoming County","STUSPS":"PA","STATE_NAME":"Pennsylvania","LSAD":"06","ALAND":3182887151,"AWATER":38917209}},
{"type":"Feature","geometry":{"type":"Polygon","coordinates":[[[-78.71025,41.20186],[-78.71006,41.23024],[-78.73821,41.23067],[-78.73904,41.25392],[-78.73528,41.26292],[-78.81454,41.29802],[-78.86424,41.32026],[-78.95926,41.36216],[-78.95946,41.37149],[-78.96422,41.36982],[-78.96981,41.3759],[-78.97448,41.37548],[-78.98155,41.36775],[-78.99269,41.36862],[-79.00382,41.35902],[-79.01452,41.35722],[-79.01781,41.35004],[-79.02814,41.35743],[-79.03695,41.3576],[-79.05221,41.35112],[-79.06514,41.35016],[-79.07543,41.35434],[-79.08113,41.35269],[-79.09161,41.34095],[-79.0951,41.34066],[-79.10498,41.34153],[-79.10723,41.33641],[-79.10588,41.3267],[-79.1119,41.32502],[-79.1239,41.33096],[-79.13219,41.33896],[-79.13979,41.34143],[-79.14823,41.33166],[-79.15473,41.32865],[-79.16244,41.33183],[-79.15993,41.33995],[-79.16641,41.34387],[-79.16917,41.33965],[-79.16691,41.33048],[-79.17557,41.32696],[-79.17514,41.33597],[-79.17964,41.33917],[-79.187,41.33731],[-79.18618,41.32852],[-79.1925,41.32419],[-79.20251,41.32679],[-79.20888,41.33186],[-79.21014,41.18025],[-79.21117,41.11258],[-79.21132,41.07874],[-79.21449,41.07878],[-79.21521,41.05051],[-79.2102,41.04909],[-79.21255,40.96089],[-79.21571,40.94005],[-79.21531,40.91135],[-79.12572,40.91056],[-79.01646,40.90922],[-78.95554,40.90861],[-78.86649,40.90624],[-78.80517,40.90598],[-78.80404,40.97282],[-78.80454,41.08934],[-78.8045,41.13225],[-78.76638,41.20276],[-78.71025,41.20186]]]},"properties":{"STATEFP":"42","COUNTYFP":"065","COUNTYNS":"01213674","GEOIDFQ":"0500000US42065","GEOID":"42065","NAME":"Jefferson","NAMELSAD":"Jefferson County","STUSPS":"PA","STATE_NAME":"Pennsylvania","LSAD":"06","ALAND":1689811408,"AWATER":11294609}},
{"type":"Feature","geometry":{"type":"Polygon","coordinates":[[[-78.2573,40.29788],[-78.27406,40.2667],[-78.28537,40.25211],[-78.28876,40.24211],[-78.30671,40.24814],[-78.32392,40.25731],[-78.37351,40.27647],[-78.40479,40.28935],[-78.43429,40.3023],[-78.4422,40.27739],[-78.44361,40.25548],[-78.44789,40.24439],[-78.45894,40.25194],[-78.5057,40.28731],[-78.5297,40.29287],[-78.61889,40.32647],[-78.62522,40.3143],[-78.6364,40.30551],[-78.64271,40.28307],[-78.65174,40.28152],[-78.64382,40.25914],[-78.6583,40.24324],[-78.66141,40.2311],[-78.67696,40.21121],[-78.69867,40.16145],[-78.73985,40.06957],[-78.75202,40.07492],[-78.7632,40.05675],[-78.76304,40.01472],[-78.76117,40.00094],[-78.75724,39.82348],[-78.76704,39.79538],[-78.77154,39.78918],[-78.79685,39.74115],[-78.80837,39.72293],[-78.72353,39.72304],[-78.5377,39.72249],[-78.46142,39.72287],[-78.43884,39.72248],[-78.3806,39.72252],[-78.3747,39.72769],[-78.3501,39.75588],[-78.34682,39.75799],[-78.33558,39.77413],[-78.32885,39.78128],[-78.32288,39.79268],[-78.299,39.8255],[-78.2906,39.8435],[-78.2813,39.8672],[-78.2769,39.8807],[-78.2705,39.8933],[-78.2675,39.9035],[-78.25,39.936],[-78.23989,39.94951],[-78.2379,39.9572],[-78.2255,39.98381],[-78.21981,39.99329],[-78.20464,40.01073],[-78.20277,40.02974],[-78.20552,40.03381],[-78.2042,40.04203],[-78.19931,40.04593],[-78.1879,40.04705],[-78.18395,40.0509],[-78.18153,40.05893],[-78.19074,40.06654],[-78.20273,40.0689],[-78.20508,40.07284],[-78.20389,40.08308],[-78.20671,40.08643],[-78.18856,40.10172],[-78.15829,40.12221],[-78.13486,40.16513],[-78.15101,40.17507],[-78.23619,40.22451],[-78.2374,40.22675],[-78.2573,40.29788]]]},"properties":{"STATEFP":"42","COUNTYFP":"009","COUNTYNS":"01209171","GEOIDFQ":"0500000US42009","GEOID":"42009","NAME":"Bedford","NAMELSAD":"Bedford County","STUSPS":"PA","STATE_NAME":"Pennsylvania","LSAD":"06","ALAND":2621037920,"AWATER":11998904}},
{"type":"Feature","geometry":{"type":"Polygon","coordinates":[[[-76.93988,40.63814],[-76.92763,40.64571],[-76.91201,40.66764],[-76.90385,40.6741],[-76.87985,40.68719],[-76.86526,40.70461],[-76.85649,40.72263],[-76.85541,40.73504],[-76.8574,40.75003],[-76.85628,40.75479],[-76.85925,40.77704],[-76.85609,40.79121],[-76.84891,40.80599],[-76.84933,40.80967],[-76.84063,40.82132],[-76.81302,40.84706],[-76.81025,40.85457],[-76.80044,40.87318],[-76.80024,40.88199],[-76.80797,40.87859],[-76.82555,40.88799],[-76.83427,40.88957],[-76.84079,40.88695],[-76.84987,40.88643],[-76.85816,40.88929],[-76.87815,40.8845],[-76.89124,40.88866],[-76.90528,40.88497],[-76.91923,40.88519],[-76.9278,40.88739],[-76.94179,40.88806],[-76.94715,40.88576],[-76.97001,40.88093],[-76.97316,40.87713],[-76.99366,40.87514],[-76.99658,40.87204],[-77.00483,40.87213],[-77.01025,40.86966],[-77.01882,40.85834],[-77.0249,40.85749],[-77.03186,40.86411],[-77.04018,40.86273],[-77.05203,40.86939],[-77.07406,40.86833],[-77.12957,40.85379],[-77.32119,40.81719],[-77.35663,40.80733],[-77.3541,40.70167],[-77.28794,40.6936],[-77.17132,40.67906],[-77.15052,40.67707],[-77.14909,40.68054],[-77.13984,40.68358],[-77.12554,40.68569],[-77.1096,40.69158],[-77.10019,40.68792],[-77.09733,40.67837],[-77.09389,40.67619],[-77.06808,40.67984],[-77.05328,40.67519],[-77.03844,40.67972],[-77.03555,40.67692],[-77.03544,40.66852],[-77.03242,40.66467],[-77.03441,40.65993],[-77.02575,40.65606],[-77.01379,40.66216],[-77.00842,40.65991],[-77.00812,40.65128],[-77.00405,40.64557],[-77.00313,40.63872],[-76.99699,40.63578],[-76.98804,40.64359],[-76.97658,40.64537],[-76.97482,40.64281],[-76.94632,40.65012],[-76.94066,40.64618],[-76.93988,40.63814]]]},"properties":{"STATEFP":"42","COUNTYFP":"109","COUNTYNS":"01213686","GEOIDFQ":"0500000US42109","GEOID":"42109","NAME":"Snyder","NAMELSAD":"Snyder County","STUSPS":"PA","STATE_NAME":"Pennsylvania","LSAD":"06","ALAND":851547198,"AWATER":7158854}},
{"type":"Feature","geometry":{"type":"Polygon","coordinates":[[[-76.2828,41.37724],[-76.15888,41.37991],[-76.05247,41.38271],[-76.00507,41.38455],[-75.98325,41.39107],[-75.96884,41.39403],[-75.87875,41.41507],[-75.83929,41.42463],[-75.83451,41.42697],[-75.77163,41.50579],[-75.80323,41.52423],[-75.78933,41.54128],[-75.76942,41.5683],[-75.77429,41.57405],[-75.72858,41.63563],[-75.71851,41.63666],[-75.71989,41.64226],[-75.76792,41.64341],[-75.79222,41.64205],[-75.79734,41.64262],[-75.86872,41.64436],[-75.87901,41.64346],[-75.96909,41.64433],[-75.98595,41.64479],[-76.04973,41.64448],[-76.08724,41.64473],[-76.11422,41.64339],[-76.11517,41.65183],[-76.16539,41.64917],[-76.198,41.64782],[-76.2135,41.57058],[-76.22007,41.54128],[-76.22387,41.52454],[-76.22813,41.51114],[-76.2828,41.37724]]]},"properties":{"STATEFP":"42","COUNTYFP":"131","COUNTYNS":"01209192","GEOIDFQ":"0500000US42131","GEOID":"42131","NAME":"Wyoming","NAMELSAD":"Wyoming County","STUSPS":"PA","STATE_NAME":"Pennsylvania","LSAD":"06","ALAND":1028894328,"AWATER":20019505}},
{"type":"Feature","geometry":{"type":"Polygon","coordinates":[[[-77.36418,40.84694],[-77.35711,40.84448],[-77.35663,40.80733],[-77.32119,40.81719],[-77.12957,40.85379],[-77.07406,40.86833],[-77.05203,40.86939],[-77.04018,40.86273],[-77.03186,40.86411],[-77.0249,40.85749],[-77.01882,40.85834],[-77.01025,40.86966],[-77.00483,40.87213],[-76.99658,40.87204],[-76.99366,40.87514],[-76.97316,40.87713],[-76.97001,40.88093],[-76.94715,40.88576],[-76.94179,40.88806],[-76.9278,40.88739],[-76.91923,40.88519],[-76.90528,40.88497],[-76.89124,40.88866],[-76.87815,40.8845],[-76.85816,40.88929],[-76.84987,40.88643],[-76.84079,40.88695],[-76.83427,40.88957],[-76.82555,40.88799],[-76.80797,40.87859],[-76.80024,40.88199],[-76.8065,40.886],[-76.82268,40.8897],[-76.85411,40.91543],[-76.85992,40.92398],[-76.8685,40.94017],[-76.87622,40.95109],[-76.87714,40.95949],[-76.88236,40.97138],[-76.86758,40.99847],[-76.86739,41.00794],[-76.86125,41.02849],[-76.86129,41.03806],[-76.85642,41.04741],[-76.85788,41.07206],[-76.8645,41.07987],[-76.87227,41.08229],[-76.88438,41.09375],[-76.8912,41.10469],[-76.89588,41.11998],[-76.89785,41.13421],[-76.89611,41.13907],[-76.96023,41.1488],[-76.97794,41.08788],[-77.06824,41.08523],[-77.11384,41.06903],[-77.14411,41.06884],[-77.14416,41.04434],[-77.1438,41.04286],[-77.20403,40.99271],[-77.27924,40.90971],[-77.36418,40.84694]]]},"properties":{"STATEFP":"42","COUNTYFP":"119","COUNTYNS":"01213689","GEOIDFQ":"0500000US42119","GEOID":"42119","NAME":"Union","NAMELSAD":"Union County","STUSPS":"PA","STATE_NAME":"Pennsylvania","LSAD":"06","ALAND":818323669,"AWATER":4611409}},
{"type":"Feature","geometry":{"type":"Polygon","coordinates":[[[-78.4205,41.60187],[-78.48291,41.60233],[-78.48382,41.63148],[-78.67602,41.62497],[-78.74816,41.62513],[-78.81524,41.62425],[-78.81497,41.62267],[-78.95614,41.62333],[-78.9586,41.52549],[-78.95896,41.43706],[-78.97666,41.43696],[-78.97666,41.45176],[-79.06352,41.45321],[-79.06515,41.42319],[-79.09359,41.42329],[-79.09502,41.36777],[-79.0951,41.34066],[-79.09161,41.34095],[-79.08113,41.35269],[-79.07543,41.35434],[-79.06514,41.35016],[-79.05221,41.35112],[-79.03695,41.3576],[-79.02814,41.35743],[-79.01781,41.35004],[-79.01452,41.35722],[-79.00382,41.35902],[-78.99269,41.36862],[-78.98155,41.36775],[-78.97448,41.37548],[-78.96981,41.3759],[-78.96422,41.36982],[-78.95946,41.37149],[-78.95926,41.36216],[-78.86424,41.32026],[-78.81454,41.29802],[-78.73528,41.26292],[-78.73904,41.25392],[-78.73821,41.23067],[-78.71006,41.23024],[-78.71025,41.20186],[-78.64795,41.21746],[-78.64667,41.25378],[-78.52781,41.24624],[-78.34216,41.23617],[-78.23682,41.23048],[-78.23467,41.32341],[-78.25438,41.32358],[-78.25396,41.40472],[-78.42003,41.40505],[-78.41957,41.47372],[-78.42115,41.47384],[-78.42017,41.51529],[-78.42016,41.54405],[-78.41841,41.55716],[-78.4205,41.60187]]]},"properties":{"STATEFP":"42","COUNTYFP":"047","COUNTYNS":"01213668","GEOIDFQ":"0500000US42047","GEOID":"42047","NAME":"Elk","NAMELSAD":"Elk County","STUSPS":"PA","STATE_NAME":"Pennsylvania","LSAD":"06","ALAND":2141664026,"AWATER":12792134}},
{"type":"Feature","geometry":{"type":"Polygon","coordinates":[[[-76.53541,40.55516],[-76.50023,40.53294],[-76.44018,40.49595],[-76.4186,40.49562],[-76.40587,40.49873],[-76.38435,40.50574],[-76.37816,40.50601],[-76.36922,40.5096],[-76.35511,40.51075],[-76.33823,40.51554],[-76.32254,40.51416],[-76.31458,40.51591],[-76.30233,40.51466],[-76.27215,40.51759],[-76.25601,40.51707],[-76.23432,40.52207],[-76.21941,40.5287],[-76.19663,40.53126],[-76.18564,40.53556],[-76.17162,40.53495],[-76.1551,40.54523],[-76.1376,40.55113],[-76.13474,40.55348],[-76.10586,40.5622],[-76.07957,40.56608],[-76.06534,40.57968],[-76.05802,40.57963],[-76.05094,40.57517],[-76.04252,40.58395],[-76.03154,40.577],[-76.02651,40.5786],[-76.0212,40.57376],[-76.01223,40.57771],[-75.99321,40.63971],[-75.89147,40.67727],[-75.85481,40.69319],[-75.84466,40.693],[-75.80828,40.7073],[-75.79652,40.71703],[-75.77968,40.72502],[-75.77769,40.72953],[-75.76595,40.73093],[-75.75781,40.73541],[-75.78705,40.75356],[-75.81303,40.7703],[-75.88604,40.81627],[-75.92643,40.85173],[-75.99494,40.91063],[-75.99764,40.91326],[-76.02801,40.90231],[-76.10797,40.9232],[-76.20783,40.94974],[-76.24966,40.91579],[-76.28461,40.88359],[-76.30717,40.80181],[-76.38033,40.77545],[-76.43232,40.75685],[-76.57239,40.70539],[-76.60007,40.69706],[-76.69474,40.66286],[-76.70055,40.66311],[-76.70162,40.65808],[-76.68988,40.651],[-76.57707,40.58068],[-76.53541,40.55516]]]},"properties":{"STATEFP":"42","COUNTYFP":"107","COUNTYNS":"01213685","GEOIDFQ":"0500000US42107","GEOID":"42107","NAME":"Schuylkill","NAMELSAD":"Schuylkill County","STUSPS":"PA","STATE_NAME":"Pennsylvania","LSAD":"06","ALAND":2016509901,"AWATER":10820294}},
{"type":"Feature","geometry":{"type":"Polygon","coordinates":[[[-80.3608,40.47759],[-80.27803,40.53674],[-80.22858,40.57307],[-80.21898,40.582],[-80.21443,40.58099],[-80.208,40.58806],[-80.20416,40.58857],[-80.19328,40.59693],[-80.18652,40.59613],[-80.18475,40.60359],[-80.17787,40.60948],[-80.16578,40.60603],[-80.16082,40.60949],[-80.15501,40.60801],[-80.14511,40.61345],[-80.1485,40.67377],[-80.15106,40.71314],[-80.15256,40.74404],[-80.156,40.80037],[-80.15853,40.8551],[-80.21184,40.85438],[-80.28227,40.85379],[-80.3655,40.85266],[-80.51902,40.85134],[-80.51903,40.73374],[-80.51909,40.61639],[-80.519,40.47736],[-80.43712,40.47777],[-80.39351,40.47729],[-80.3608,40.47759]]]},"properties":{"STATEFP":"42","COUNTYFP":"007","COUNTYNS":"01214112","GEOIDFQ":"0500000US42007","GEOID":"42007","NAME":"Beaver","NAMELSAD":"Beaver County","STUSPS":"PA","STATE_NAME":"Pennsylvania","LSAD":"06","ALAND":1125854807,"AWATER":24162293}},
{"type":"Feature","geometry":{"type":"Polygon","coordinates":[[[-80.09829,41.07105],[-80.1473,41.11392],[-80.25795,41.11734],[-80.25793,41.12811],[-80.34123,41.12691],[-80.48736,41.1253],[-80.51901,41.12509],[-80.51893,41.01539],[-80.51909,40.92106],[-80.51989,40.90666],[-80.519,40.87754],[-80.51902,40.85134],[-80.3655,40.85266],[-80.28227,40.85379],[-80.21184,40.85438],[-80.15853,40.8551],[-80.16647,41.00093],[-80.09829,41.07105]]]},"properties":{"STATEFP":"42","COUNTYFP":"073","COUNTYNS":"01213676","GEOIDFQ":"0500000US42073","GEOID":"42073","NAME":"Lawrence","NAMELSAD":"Lawrence County","STUSPS":"PA","STATE_NAME":"Pennsylvania","LSAD":"06","ALAND":925634970,"AWATER":11380404}},
{"type":"Feature","geometry":{"type":"Polygon","coordinates":[[[-76.4476,41.27563],[-76.49965,41.23386],[-76.52165,41.21426],[-76.59252,41.15783],[-76.64077,41.15572],[-76.62068,41.08961],[-76.62046,41.08484],[-76.61535,41.07936],[-76.61604,41.06875],[-76.61897,41.06376],[-76.56991,41.05376],[-76.56226,41.03421],[-76.56285,41.02345],[-76.56621,41.00859],[-76.56525,40.99987],[-76.529,40.97307],[-76.51456,40.95675],[-76.51579,40.95],[-76.51242,40.9461],[-76.52939,40.94014],[-76.52178,40.93165],[-76.52014,40.92663],[-76.52821,40.91912],[-76.52486,40.91594],[-76.52802,40.88261],[-76.50662,40.88286],[-76.50391,40.87832],[-76.50933,40.87398],[-76.50775,40.86405],[-76.50248,40.86177],[-76.49801,40.85408],[-76.49928,40.85029],[-76.50809,40.84664],[-76.50805,40.84213],[-76.50257,40.8317],[-76.5016,40.82477],[-76.46763,40.82789],[-76.45788,40.83016],[-76.41149,40.83349],[-76.39269,40.79748],[-76.38033,40.77545],[-76.30717,40.80181],[-76.28461,40.88359],[-76.24966,40.91579],[-76.20783,40.94974],[-76.22077,41.00009],[-76.23122,41.05026],[-76.22848,41.05363],[-76.22898,41.13847],[-76.24977,41.13506],[-76.27739,41.13179],[-76.30018,41.17174],[-76.31924,41.20809],[-76.32022,41.21506],[-76.31085,41.30895],[-76.31026,41.3102],[-76.40793,41.30842],[-76.4476,41.27563]]]},"properties":{"STATEFP":"42","COUNTYFP":"037","COUNTYNS":"01213665","GEOIDFQ":"0500000US42037","GEOID":"42037","NAME":"Columbia","NAMELSAD":"Columbia County","STUSPS":"PA","STATE_NAME":"Pennsylvania","LSAD":"06","ALAND":1251636166,"AWATER":18574480}},
{"type":"Feature","geometry":{"type":"Polygon","coordinates":[[[-78.36062,40.73318],[-78.34867,40.72344],[-78.4088,40.64437],[-78.42351,40.64749],[-78.43246,40.64776],[-78.43966,40.64481],[-78.44098,40.63178],[-78.44632,40.62416],[-78.44121,40.59724],[-78.44934,40.5903],[-78.45385,40.58125],[-78.47905,40.54731],[-78.48612,40.54084],[-78.49756,40.53916],[-78.51821,40.5288],[-78.52266,40.52326],[-78.53038,40.51914],[-78.53982,40.50629],[-78.54457,40.48777],[-78.54039,40.47556],[-78.54403,40.46595],[-78.54846,40.46185],[-78.55772,40.44156],[-78.55289,40.43478],[-78.56147,40.36967],[-78.60224,40.35363],[-78.61889,40.32647],[-78.5297,40.29287],[-78.5057,40.28731],[-78.45894,40.25194],[-78.44789,40.24439],[-78.44361,40.25548],[-78.4422,40.27739],[-78.43429,40.3023],[-78.40479,40.28935],[-78.37351,40.27647],[-78.32392,40.25731],[-78.30671,40.24814],[-78.28876,40.24211],[-78.28537,40.25211],[-78.27406,40.2667],[-78.2573,40.29788],[-78.25009,40.31229],[-78.23569,40.33385],[-78.22458,40.34665],[-78.21641,40.35362],[-78.20904,40.36708],[-78.19145,40.39108],[-78.18628,40.39988],[-78.17795,40.40864],[-78.15688,40.43638],[-78.13423,40.47324],[-78.13008,40.48199],[-78.13001,40.49295],[-78.13563,40.49821],[-78.1489,40.48763],[-78.15337,40.48856],[-78.15363,40.49695],[-78.15048,40.5103],[-78.14924,40.52531],[-78.14733,40.53325],[-78.13995,40.54619],[-78.13936,40.5506],[-78.12864,40.56795],[-78.13616,40.56917],[-78.14514,40.54908],[-78.14988,40.54605],[-78.15148,40.54071],[-78.16355,40.53611],[-78.16668,40.53153],[-78.17831,40.53765],[-78.1856,40.5437],[-78.18914,40.55124],[-78.19708,40.55844],[-78.17828,40.58379],[-78.17929,40.59273],[-78.18421,40.5953],[-78.16641,40.61814],[-78.17305,40.62803],[-78.17872,40.62691],[-78.18917,40.63279],[-78.1903,40.63717],[-78.19681,40.63867],[-78.19824,40.64773],[-78.20615,40.65513],[-78.22197,40.67454],[-78.21714,40.68288],[-78.20487,40.69587],[-78.19524,40.69729],[-78.18258,40.7059],[-78.17004,40.7126],[-78.15659,40.71297],[-78.15587,40.71775],[-78.13908,40.72428],[-78.11652,40.73913],[-78.13183,40.74302],[-78.20319,40.7402],[-78.34001,40.73354],[-78.36062,40.73318]]]},"properties":{"STATEFP":"42","COUNTYFP":"013","COUNTYNS":"01213659","GEOIDFQ":"0500000US42013","GEOID":"42013","NAME":"Blair","NAMELSAD":"Blair County","STUSPS":"PA","STATE_NAME":"Pennsylvania","LSAD":"06","ALAND":1359916301,"AWATER":3294803}},
{"type":"Feature","geometry":{"type":"Polygon","coordinates":[[[-79.47782,41.38648],[-79.47816,41.44013],[-79.5216,41.44055],[-79.52202,41.46522],[-79.51228,41.46524],[-79.51126,41.50643],[-79.51207,41.62456],[-79.61315,41.62386],[-79.61317,41.61687],[-79.68806,41.61722],[-79.74804,41.61791],[-79.76836,41.61771],[-79.76834,41.62096],[-79.82911,41.62207],[-79.82972,41.60195],[-79.84961,41.59776],[-79.85005,41.58706],[-79.873,41.58115],[-79.87003,41.57426],[-79.89273,41.57414],[-79.89276,41.56217],[-79.90861,41.56217],[-79.90947,41.55015],[-79.92537,41.55021],[-79.92334,41.5376],[-79.9433,41.53784],[-79.94223,41.52535],[-79.95919,41.52544],[-79.95816,41.51362],[-79.98154,41.51289],[-79.98228,41.50014],[-79.99849,41.50095],[-79.99978,41.49005],[-79.99978,41.36963],[-79.99978,41.21309],[-79.99927,41.19949],[-79.99978,41.17186],[-79.95969,41.17165],[-79.82448,41.17312],[-79.69498,41.17287],[-79.70058,41.17506],[-79.69724,41.18461],[-79.6901,41.18141],[-79.68388,41.18438],[-79.67021,41.18454],[-79.66537,41.18902],[-79.67061,41.19317],[-79.66889,41.19908],[-79.64963,41.21791],[-79.65039,41.25371],[-79.63287,41.2536],[-79.63271,41.26692],[-79.62773,41.26691],[-79.62756,41.27718],[-79.60461,41.27707],[-79.60416,41.32148],[-79.54147,41.32101],[-79.54143,41.33595],[-79.47814,41.33571],[-79.47782,41.38648]]]},"properties":{"STATEFP":"42","COUNTYFP":"121","COUNTYNS":"01213690","GEOIDFQ":"0500000US42121","GEOID":"42121","NAME":"Venango","NAMELSAD":"Venango County","STUSPS":"PA","STATE_NAME":"Pennsylvania","LSAD":"06","ALAND":1746337769,"AWATER":22149577}},
{"type":"Feature","geometry":{"type":"Polygon","coordinates":[[[-77.13742,40.06994],[-77.16207,40.0517],[-77.18563,40.0295],[-77.22887,40.02508],[-77.27662,40.01722],[-77.40349,39.9945],[-77.47108,39.94408],[-77.46961,39.91617],[-77.46318,39.82047],[-77.46154,39.76571],[-77.45942,39.73542],[-77.45913,39.72002],[-77.35058,39.72001],[-77.21681,39.72],[-77.0589,39.7201],[-76.99932,39.71983],[-76.99968,39.83128],[-76.99066,39.83435],[-76.97857,39.84771],[-76.96484,39.85077],[-76.95505,39.85698],[-76.96224,39.86484],[-76.96362,39.87399],[-76.97254,39.87291],[-76.97824,39.88177],[-76.97744,39.8853],[-76.98374,39.89356],[-76.98385,39.90206],[-76.9753,39.90872],[-76.97301,39.91362],[-76.96698,39.91618],[-76.96716,39.92211],[-76.97235,39.92614],[-76.97258,39.93402],[-76.9662,39.93519],[-76.99267,39.9732],[-77.01062,40.0006],[-77.01865,40.01395],[-77.02642,40.01829],[-77.05702,40.02383],[-77.0703,40.03018],[-77.07856,40.03787],[-77.08081,40.04322],[-77.09198,40.05364],[-77.12344,40.06619],[-77.13742,40.06994]]]},"properties":{"STATEFP":"42","COUNTYFP":"001","COUNTYNS":"01213656","GEOIDFQ":"0500000US42001","GEOID":"42001","NAME":"Adams","NAMELSAD":"Adams County","STUSPS":"PA","STATE_NAME":"Pennsylvania","LSAD":"06","ALAND":1343104820,"AWATER":8147590}},
{"type":"Feature","geometry":{"type":"Polygon","coordinates":[[[-78.13486,40.16513],[-78.15829,40.12221],[-78.18856,40.10172],[-78.20671,40.08643],[-78.20389,40.08308],[-78.20508,40.07284],[-78.20273,40.0689],[-78.19074,40.06654],[-78.18153,40.05893],[-78.18395,40.0509],[-78.1879,40.04705],[-78.19931,40.04593],[-78.2042,40.04203],[-78.20552,40.03381],[-78.20277,40.02974],[-78.20464,40.01073],[-78.21981,39.99329],[-78.2255,39.98381],[-78.2379,39.9572],[-78.23989,39.94951],[-78.25,39.936],[-78.2675,39.9035],[-78.2705,39.8933],[-78.2769,39.8807],[-78.2813,39.8672],[-78.2906,39.8435],[-78.299,39.8255],[-78.32288,39.79268],[-78.32885,39.78128],[-78.33558,39.77413],[-78.34682,39.75799],[-78.3501,39.75588],[-78.3747,39.72769],[-78.3806,39.72252],[-78.33071,39.72269],[-78.20289,39.72242],[-78.09914,39.72232],[-78.0693,39.7483],[-78.0629,39.7599],[-78.0531,39.7703],[-78.0464,39.7793],[-78.0285,39.7999],[-78.0191,39.8071],[-78.0027,39.8266],[-77.98062,39.8618],[-77.97513,39.87179],[-77.96474,39.89963],[-77.96269,39.90173],[-77.95462,39.92048],[-77.95619,39.92702],[-77.94727,39.93494],[-77.93779,39.94894],[-77.93655,39.96112],[-77.93227,39.97262],[-77.92659,39.97919],[-77.91979,39.99265],[-77.92095,40.00045],[-77.91433,40.0103],[-77.90563,40.01873],[-77.90478,40.02278],[-77.89359,40.03309],[-77.8859,40.04496],[-77.87665,40.05466],[-77.86449,40.06157],[-77.92556,40.10398],[-77.9259,40.10191],[-78.02163,40.12129],[-78.07835,40.13324],[-78.13486,40.16513]]]},"properties":{"STATEFP":"42","COUNTYFP":"057","COUNTYNS":"01213671","GEOIDFQ":"0500000US42057","GEOID":"42057","NAME":"Fulton","NAMELSAD":"Fulton County","STUSPS":"PA","STATE_NAME":"Pennsylvania","LSAD":"06","ALAND":1133252799,"AWATER":1305486}},
{"type":"Feature","geometry":{"type":"Polygon","coordinates":[[[-75.87337,40.13711],[-75.85455,40.1493],[-75.74318,40.21672],[-75.72986,40.22449],[-75.69678,40.24186],[-75.66453,40.2811],[-75.61509,40.34209],[-75.58555,40.37792],[-75.54271,40.43061],[-75.52981,40.44709],[-75.58984,40.48466],[-75.73944,40.57994],[-75.7793,40.6047],[-75.84082,40.64401],[-75.89147,40.67727],[-75.99321,40.63971],[-76.01223,40.57771],[-76.0212,40.57376],[-76.02651,40.5786],[-76.03154,40.577],[-76.04252,40.58395],[-76.05094,40.57517],[-76.05802,40.57963],[-76.06534,40.57968],[-76.07957,40.56608],[-76.10586,40.5622],[-76.13474,40.55348],[-76.1376,40.55113],[-76.1551,40.54523],[-76.17162,40.53495],[-76.18564,40.53556],[-76.19663,40.53126],[-76.21941,40.5287],[-76.23432,40.52207],[-76.25601,40.51707],[-76.27215,40.51759],[-76.30233,40.51466],[-76.31458,40.51591],[-76.32254,40.51416],[-76.33823,40.51554],[-76.35511,40.51075],[-76.36922,40.5096],[-76.37816,40.50601],[-76.38435,40.50574],[-76.40587,40.49873],[-76.4186,40.49562],[-76.44018,40.49595],[-76.29914,40.40832],[-76.23192,40.36629],[-76.20553,40.36066],[-76.15788,40.32095],[-76.15121,40.31597],[-76.13174,40.30316],[-75.95686,40.1914],[-75.87337,40.13711]]]},"properties":{"STATEFP":"42","COUNTYFP":"011","COUNTYNS":"01209172","GEOIDFQ":"0500000US42011","GEOID":"42011","NAME":"Berks","NAMELSAD":"Berks County","STUSPS":"PA","STATE_NAME":"Pennsylvania","LSAD":"06","ALAND":2218077223,"AWATER":24220126}}
]}