id,name,facility type,address,city,state,county,zip code,latitude,longitude,phone,services,source name,source url,source last checked,source notes,source id,source dataset,source last updated,last verified,verification status,fieldsources
cms-390001,GEISINGER-COMMUNITY MEDICAL CENTER,hospital,1822 MULBERRY STREET,SCRANTON,PA,LACKAWANNA,18510,41.400926978987,-75.64632252066,(570) 703-8000,Emergency services,CMS Hospital General Information,https://data.cms.gov/provider-data/dataset/xubh-q36u,2026-07-02,"Fields copied from the official CMS Hospital General Information CSV: facility name, address, city, state, ZIP code, county, phone, hospital type, ownership and emergency services flag. Hospital type: Acute Care Hospitals. Ownership: Voluntary non-profit - Private. Emergency services listed by CMS: Yes. Coordinates from the U.S. Census Bureau batch geocoder (Exact address match). CMS quality ratings and measures were intentionally not copied. Daily hours, prices and insurance details were not supplied by this intake.",390001,Hospital General Information,2026-07-02,2026-07-02,needs_review,"{""services"":{""field"":""services"",""status"":""source_backed"",""sourceUrl"":""https://data.cms.gov/provider-data/dataset/xubh-q36u"",""sourceTitle"":""CMS Hospital General Information"",""checkedDate"":""2026-07-02"",""sourceType"":""federal_open_data"",""locationSpecific"":true,""reviewerNote"":""Emergency services flag copied from the official CMS Hospital General Information row for this facility.""}}"
cms-390002,UPMC MCKEESPORT HOSPITAL,hospital,1500 FIFTH AVENUE,MC KEESPORT,PA,ALLEGHENY,15132,40.352105506026,-79.850313343127,(412) 664-2000,Emergency services,CMS Hospital General Information,https://data.cms.gov/provider-data/dataset/xubh-q36u,2026-07-02,"Fields copied from the official CMS Hospital General Information CSV: facility name, address, city, state, ZIP code, county, phone, hospital type, ownership and emergency services flag. Hospital type: Acute Care Hospitals. Ownership: Voluntary non-profit - Private. Emergency services listed by CMS: Yes. Coordinates from the U.S. Census Bureau batch geocoder (Non_Exact address match). CMS quality ratings and measures were intentionally not copied. Daily hours, prices and insurance details were not supplied by this intake.",390002,Hospital General Information,2026-07-02,2026-07-02,needs_review,"{""services"":{""field"":""services"",""status"":""source_backed"",""sourceUrl"":""https://data.cms.gov/provider-data/dataset/xubh-q36u"",""sourceTitle"":""CMS Hospital General Information"",""checkedDate"":""2026-07-02"",""sourceType"":""federal_open_data"",""locationSpecific"":true,""reviewerNote"":""Emergency services flag copied from the official CMS Hospital General Information row for this facility.""}}"
cms-390003,GEISINGER-BLOOMSBURG HOSPITAL,hospital,549 EAST FAIR STREET,BLOOMSBURG,PA,COLUMBIA,17815,41.00856366067,-76.453098470439,(570) 387-2118,Emergency services,CMS Hospital General Information,https://data.cms.gov/provider-data/dataset/xubh-q36u,2026-07-02,"Fields copied from the official CMS Hospital General Information CSV: facility name, address, city, state, ZIP code, county, phone, hospital type, ownership and emergency services flag. Hospital type: Acute Care Hospitals. Ownership: Voluntary non-profit - Private. Emergency services listed by CMS: Yes. Coordinates from the U.S. Census Bureau batch geocoder (Non_Exact address match). CMS quality ratings and measures were intentionally not copied. Daily hours, prices and insurance details were not supplied by this intake.",390003,Hospital General Information,2026-07-02,2026-07-02,needs_review,"{""services"":{""field"":""services"",""status"":""source_backed"",""sourceUrl"":""https://data.cms.gov/provider-data/dataset/xubh-q36u"",""sourceTitle"":""CMS Hospital General Information"",""checkedDate"":""2026-07-02"",""sourceType"":""federal_open_data"",""locationSpecific"":true,""reviewerNote"":""Emergency services flag copied from the official CMS Hospital General Information row for this facility.""}}"
cms-390004,PENN STATE HEALTH HOLY SPIRIT MEDICAL CENTER,hospital,503 NORTH 21ST STREET,CAMP HILL,PA,CUMBERLAND,17011,40.252519331514,-76.923730320813,(717) 763-2100,Emergency services,CMS Hospital General Information,https://data.cms.gov/provider-data/dataset/xubh-q36u,2026-07-02,"Fields copied from the official CMS Hospital General Information CSV: facility name, address, city, state, ZIP code, county, phone, hospital type, ownership and emergency services flag. Hospital type: Acute Care Hospitals. Ownership: Voluntary non-profit - Private. Emergency services listed by CMS: Yes. Coordinates from the U.S. Census Bureau batch geocoder (Exact address match). CMS quality ratings and measures were intentionally not copied. Daily hours, prices and insurance details were not supplied by this intake.",390004,Hospital General Information,2026-07-02,2026-07-02,needs_review,"{""services"":{""field"":""services"",""status"":""source_backed"",""sourceUrl"":""https://data.cms.gov/provider-data/dataset/xubh-q36u"",""sourceTitle"":""CMS Hospital General Information"",""checkedDate"":""2026-07-02"",""sourceType"":""federal_open_data"",""locationSpecific"":true,""reviewerNote"":""Emergency services flag copied from the official CMS Hospital General Information row for this facility.""}}"
cms-390006,GEISINGER MEDICAL CENTER,hospital,100 NORTH ACADEMY AVENUE,DANVILLE,PA,MONTOUR,17822,40.968387146288,-76.6014114709,(570) 271-6211,Emergency services,CMS Hospital General Information,https://data.cms.gov/provider-data/dataset/xubh-q36u,2026-07-02,"Fields copied from the official CMS Hospital General Information CSV: facility name, address, city, state, ZIP code, county, phone, hospital type, ownership and emergency services flag. Hospital type: Acute Care Hospitals. Ownership: Voluntary non-profit - Private. Emergency services listed by CMS: Yes. Coordinates from the U.S. Census Bureau batch geocoder (Exact address match). CMS quality ratings and measures were intentionally not copied. Daily hours, prices and insurance details were not supplied by this intake.",390006,Hospital General Information,2026-07-02,2026-07-02,needs_review,"{""services"":{""field"":""services"",""status"":""source_backed"",""sourceUrl"":""https://data.cms.gov/provider-data/dataset/xubh-q36u"",""sourceTitle"":""CMS Hospital General Information"",""checkedDate"":""2026-07-02"",""sourceType"":""federal_open_data"",""locationSpecific"":true,""reviewerNote"":""Emergency services flag copied from the official CMS Hospital General Information row for this facility.""}}"
cms-390009,SAINT VINCENT HOSPITAL,hospital,232 WEST 25TH STREET,ERIE,PA,ERIE,16544,42.111178164272,-80.078735667269,(814) 452-5111,Emergency services,CMS Hospital General Information,https://data.cms.gov/provider-data/dataset/xubh-q36u,2026-07-02,"Fields copied from the official CMS Hospital General Information CSV: facility name, address, city, state, ZIP code, county, phone, hospital type, ownership and emergency services flag. Hospital type: Acute Care Hospitals. Ownership: Voluntary non-profit - Private. Emergency services listed by CMS: Yes. Coordinates from the U.S. Census Bureau batch geocoder (Exact address match). CMS quality ratings and measures were intentionally not copied. Daily hours, prices and insurance details were not supplied by this intake.",390009,Hospital General Information,2026-07-02,2026-07-02,needs_review,"{""services"":{""field"":""services"",""status"":""source_backed"",""sourceUrl"":""https://data.cms.gov/provider-data/dataset/xubh-q36u"",""sourceTitle"":""CMS Hospital General Information"",""checkedDate"":""2026-07-02"",""sourceType"":""federal_open_data"",""locationSpecific"":true,""reviewerNote"":""Emergency services flag copied from the official CMS Hospital General Information row for this facility.""}}"
cms-390012,JEFFERSON LANSDALE HOSPITAL,hospital,100 MEDICAL CAMPUS DRIVE,LANSDALE,PA,MONTGOMERY,19446,40.251392093839,-75.272033875915,(215) 368-2100,Emergency services,CMS Hospital General Information,https://data.cms.gov/provider-data/dataset/xubh-q36u,2026-07-02,"Fields copied from the official CMS Hospital General Information CSV: facility name, address, city, state, ZIP code, county, phone, hospital type, ownership and emergency services flag. Hospital type: Acute Care Hospitals. Ownership: Voluntary non-profit - Private. Emergency services listed by CMS: Yes. Coordinates from the U.S. Census Bureau batch geocoder (Exact address match). CMS quality ratings and measures were intentionally not copied. Daily hours, prices and insurance details were not supplied by this intake.",390012,Hospital General Information,2026-07-02,2026-07-02,needs_review,"{""services"":{""field"":""services"",""status"":""source_backed"",""sourceUrl"":""https://data.cms.gov/provider-data/dataset/xubh-q36u"",""sourceTitle"":""CMS Hospital General Information"",""checkedDate"":""2026-07-02"",""sourceType"":""federal_open_data"",""locationSpecific"":true,""reviewerNote"":""Emergency services flag copied from the official CMS Hospital General Information row for this facility.""}}"
cms-390013,WELLSPAN EVANGELICAL COMMUNITY HOSPITAL,hospital,ONE HOSPITAL DRIVE,LEWISBURG,PA,UNION,17837,40.979958709073,-76.88541824958,(570) 522-2000,Emergency services,CMS Hospital General Information,https://data.cms.gov/provider-data/dataset/xubh-q36u,2026-07-02,"Fields copied from the official CMS Hospital General Information CSV: facility name, address, city, state, ZIP code, county, phone, hospital type, ownership and emergency services flag. Hospital type: Acute Care Hospitals. Ownership: Voluntary non-profit - Private. Emergency services listed by CMS: Yes. Coordinates from the U.S. Census Bureau batch geocoder (Exact address match). CMS quality ratings and measures were intentionally not copied. Daily hours, prices and insurance details were not supplied by this intake.",390013,Hospital General Information,2026-07-02,2026-07-02,needs_review,"{""services"":{""field"":""services"",""status"":""source_backed"",""sourceUrl"":""https://data.cms.gov/provider-data/dataset/xubh-q36u"",""sourceTitle"":""CMS Hospital General Information"",""checkedDate"":""2026-07-02"",""sourceType"":""federal_open_data"",""locationSpecific"":true,""reviewerNote"":""Emergency services flag copied from the official CMS Hospital General Information row for this facility.""}}"
cms-390016,UPMC JAMESON,hospital,1211 WILMINGTON AVENUE,NEW CASTLE,PA,LAWRENCE,16105,41.013048141979,-80.350968615582,(724) 656-4100,Emergency services,CMS Hospital General Information,https://data.cms.gov/provider-data/dataset/xubh-q36u,2026-07-02,"Fields copied from the official CMS Hospital General Information CSV: facility name, address, city, state, ZIP code, county, phone, hospital type, ownership and emergency services flag. Hospital type: Acute Care Hospitals. Ownership: Voluntary non-profit - Other. Emergency services listed by CMS: Yes. Coordinates from the U.S. Census Bureau batch geocoder (Exact address match). CMS quality ratings and measures were intentionally not copied. Daily hours, prices and insurance details were not supplied by this intake.",390016,Hospital General Information,2026-07-02,2026-07-02,needs_review,"{""services"":{""field"":""services"",""status"":""source_backed"",""sourceUrl"":""https://data.cms.gov/provider-data/dataset/xubh-q36u"",""sourceTitle"":""CMS Hospital General Information"",""checkedDate"":""2026-07-02"",""sourceType"":""federal_open_data"",""locationSpecific"":true,""reviewerNote"":""Emergency services flag copied from the official CMS Hospital General Information row for this facility.""}}"
cms-39001f,JAMES E. VAN ZANDT VA MEDICAL CENTER (ALTOONA),hospital,2907 PLEASANT VALLEY BOULEVARD,ALTOONA,PA,BLAIR,16602,40.490214422974,-78.397676340934,(814) 943-8164,,CMS Hospital General Information,https://data.cms.gov/provider-data/dataset/xubh-q36u,2026-07-02,"Fields copied from the official CMS Hospital General Information CSV: facility name, address, city, state, ZIP code, county, phone, hospital type, ownership and emergency services flag. Hospital type: Acute Care - Veterans Administration. Ownership: Veterans Health Administration. Emergency services listed by CMS: No. Coordinates from the U.S. Census Bureau batch geocoder (Exact address match). CMS quality ratings and measures were intentionally not copied. Daily hours, prices and insurance details were not supplied by this intake.",39001F,Hospital General Information,2026-07-02,2026-07-02,needs_review,
cms-390025,KENSINGTON HOSPITAL,hospital,136 W DIAMOND STREET,PHILADELPHIA,PA,PHILADELPHIA,19122,39.981823226501,-75.134807346682,(215) 426-8100,,CMS Hospital General Information,https://data.cms.gov/provider-data/dataset/xubh-q36u,2026-07-02,"Fields copied from the official CMS Hospital General Information CSV: facility name, address, city, state, ZIP code, county, phone, hospital type, ownership and emergency services flag. Hospital type: Acute Care Hospitals. Ownership: Voluntary non-profit - Other. Emergency services listed by CMS: No. Coordinates from the U.S. Census Bureau batch geocoder (Non_Exact address match). CMS quality ratings and measures were intentionally not copied. Daily hours, prices and insurance details were not supplied by this intake.",390025,Hospital General Information,2026-07-02,2026-07-02,needs_review,
cms-390026,TEMPLE HEALTH - CHESTNUT HILL HOSPITAL,hospital,8835 GERMANTOWN AVENUE,PHILADELPHIA,PA,PHILADELPHIA,19118,40.078604289141,-75.212073348457,(215) 248-8200,Emergency services,CMS Hospital General Information,https://data.cms.gov/provider-data/dataset/xubh-q36u,2026-07-02,"Fields copied from the official CMS Hospital General Information CSV: facility name, address, city, state, ZIP code, county, phone, hospital type, ownership and emergency services flag. Hospital type: Acute Care Hospitals. Ownership: Voluntary non-profit - Private. Emergency services listed by CMS: Yes. Coordinates from the U.S. Census Bureau batch geocoder (Exact address match). CMS quality ratings and measures were intentionally not copied. Daily hours, prices and insurance details were not supplied by this intake.",390026,Hospital General Information,2026-07-02,2026-07-02,needs_review,"{""services"":{""field"":""services"",""status"":""source_backed"",""sourceUrl"":""https://data.cms.gov/provider-data/dataset/xubh-q36u"",""sourceTitle"":""CMS Hospital General Information"",""checkedDate"":""2026-07-02"",""sourceType"":""federal_open_data"",""locationSpecific"":true,""reviewerNote"":""Emergency services flag copied from the official CMS Hospital General Information row for this facility.""}}"
cms-390027,TEMPLE UNIVERSITY HOSPITAL,hospital,3401 NORTH BROAD STREET,PHILADELPHIA,PA,PHILADELPHIA,19140,40.004733288938,-75.152148902046,(215) 707-2000,Emergency services,CMS Hospital General Information,https://data.cms.gov/provider-data/dataset/xubh-q36u,2026-07-02,"Fields copied from the official CMS Hospital General Information CSV: facility name, address, city, state, ZIP code, county, phone, hospital type, ownership and emergency services flag. Hospital type: Acute Care Hospitals. Ownership: Voluntary non-profit - Private. Emergency services listed by CMS: Yes. Coordinates from the U.S. Census Bureau batch geocoder (Exact address match). CMS quality ratings and measures were intentionally not copied. Daily hours, prices and insurance details were not supplied by this intake.",390027,Hospital General Information,2026-07-02,2026-07-02,needs_review,"{""services"":{""field"":""services"",""status"":""source_backed"",""sourceUrl"":""https://data.cms.gov/provider-data/dataset/xubh-q36u"",""sourceTitle"":""CMS Hospital General Information"",""checkedDate"":""2026-07-02"",""sourceType"":""federal_open_data"",""locationSpecific"":true,""reviewerNote"":""Emergency services flag copied from the official CMS Hospital General Information row for this facility.""}}"
cms-390030,SCHUYLKILL MEDICAL CENTER - SOUTH JACKSON STREET,hospital,420 SOUTH JACKSON STREET,POTTSVILLE,PA,SCHUYLKILL,17901,40.683710194053,-76.188706240113,(570) 621-5102,Emergency services,CMS Hospital General Information,https://data.cms.gov/provider-data/dataset/xubh-q36u,2026-07-02,"Fields copied from the official CMS Hospital General Information CSV: facility name, address, city, state, ZIP code, county, phone, hospital type, ownership and emergency services flag. Hospital type: Acute Care Hospitals. Ownership: Voluntary non-profit - Private. Emergency services listed by CMS: Yes. Coordinates from the U.S. Census Bureau batch geocoder (Exact address match). CMS quality ratings and measures were intentionally not copied. Daily hours, prices and insurance details were not supplied by this intake.",390030,Hospital General Information,2026-07-02,2026-07-02,needs_review,"{""services"":{""field"":""services"",""status"":""source_backed"",""sourceUrl"":""https://data.cms.gov/provider-data/dataset/xubh-q36u"",""sourceTitle"":""CMS Hospital General Information"",""checkedDate"":""2026-07-02"",""sourceType"":""federal_open_data"",""locationSpecific"":true,""reviewerNote"":""Emergency services flag copied from the official CMS Hospital General Information row for this facility.""}}"
cms-390032,ALLEGHENY VALLEY HOSPITAL,hospital,1301 CARLISLE ST,NATRONA,PA,ALLEGHENY,15065,40.617465299309,-79.737102798805,(412) 224-5100,Emergency services,CMS Hospital General Information,https://data.cms.gov/provider-data/dataset/xubh-q36u,2026-07-02,"Fields copied from the official CMS Hospital General Information CSV: facility name, address, city, state, ZIP code, county, phone, hospital type, ownership and emergency services flag. Hospital type: Acute Care Hospitals. Ownership: Voluntary non-profit - Private. Emergency services listed by CMS: Yes. Coordinates from the U.S. Census Bureau batch geocoder (Non_Exact address match). CMS quality ratings and measures were intentionally not copied. Daily hours, prices and insurance details were not supplied by this intake.",390032,Hospital General Information,2026-07-02,2026-07-02,needs_review,"{""services"":{""field"":""services"",""status"":""source_backed"",""sourceUrl"":""https://data.cms.gov/provider-data/dataset/xubh-q36u"",""sourceTitle"":""CMS Hospital General Information"",""checkedDate"":""2026-07-02"",""sourceType"":""federal_open_data"",""locationSpecific"":true,""reviewerNote"":""Emergency services flag copied from the official CMS Hospital General Information row for this facility.""}}"
cms-390036,HERITAGE VALLEY BEAVER,hospital,1000 DUTCH RIDGE ROAD,BEAVER,PA,BEAVER,15009,40.710400822182,-80.324391300835,(412) 728-7000,Emergency services,CMS Hospital General Information,https://data.cms.gov/provider-data/dataset/xubh-q36u,2026-07-02,"Fields copied from the official CMS Hospital General Information CSV: facility name, address, city, state, ZIP code, county, phone, hospital type, ownership and emergency services flag. Hospital type: Acute Care Hospitals. Ownership: Voluntary non-profit - Private. Emergency services listed by CMS: Yes. Coordinates from the U.S. Census Bureau batch geocoder (Exact address match). CMS quality ratings and measures were intentionally not copied. Daily hours, prices and insurance details were not supplied by this intake.",390036,Hospital General Information,2026-07-02,2026-07-02,needs_review,"{""services"":{""field"":""services"",""status"":""source_backed"",""sourceUrl"":""https://data.cms.gov/provider-data/dataset/xubh-q36u"",""sourceTitle"":""CMS Hospital General Information"",""checkedDate"":""2026-07-02"",""sourceType"":""federal_open_data"",""locationSpecific"":true,""reviewerNote"":""Emergency services flag copied from the official CMS Hospital General Information row for this facility.""}}"
cms-390037,HERITAGE VALLEY SEWICKLEY,hospital,720 BLACKBURN ROAD,SEWICKLEY,PA,ALLEGHENY,15143,40.543368455219,-80.17889655344,(412) 741-6600,Emergency services,CMS Hospital General Information,https://data.cms.gov/provider-data/dataset/xubh-q36u,2026-07-02,"Fields copied from the official CMS Hospital General Information CSV: facility name, address, city, state, ZIP code, county, phone, hospital type, ownership and emergency services flag. Hospital type: Acute Care Hospitals. Ownership: Voluntary non-profit - Private. Emergency services listed by CMS: Yes. Coordinates from the U.S. Census Bureau batch geocoder (Exact address match). CMS quality ratings and measures were intentionally not copied. Daily hours, prices and insurance details were not supplied by this intake.",390037,Hospital General Information,2026-07-02,2026-07-02,needs_review,"{""services"":{""field"":""services"",""status"":""source_backed"",""sourceUrl"":""https://data.cms.gov/provider-data/dataset/xubh-q36u"",""sourceTitle"":""CMS Hospital General Information"",""checkedDate"":""2026-07-02"",""sourceType"":""federal_open_data"",""locationSpecific"":true,""reviewerNote"":""Emergency services flag copied from the official CMS Hospital General Information row for this facility.""}}"
cms-390039,UPMC SOMERSET,hospital,225 SOUTH CENTER AVENUE,SOMERSET,PA,SOMERSET,15501,40.00726005883,-79.078548196192,(814) 443-5000,Emergency services,CMS Hospital General Information,https://data.cms.gov/provider-data/dataset/xubh-q36u,2026-07-02,"Fields copied from the official CMS Hospital General Information CSV: facility name, address, city, state, ZIP code, county, phone, hospital type, ownership and emergency services flag. Hospital type: Acute Care Hospitals. Ownership: Voluntary non-profit - Private. Emergency services listed by CMS: Yes. Coordinates from the U.S. Census Bureau batch geocoder (Exact address match). CMS quality ratings and measures were intentionally not copied. Daily hours, prices and insurance details were not supplied by this intake.",390039,Hospital General Information,2026-07-02,2026-07-02,needs_review,"{""services"":{""field"":""services"",""status"":""source_backed"",""sourceUrl"":""https://data.cms.gov/provider-data/dataset/xubh-q36u"",""sourceTitle"":""CMS Hospital General Information"",""checkedDate"":""2026-07-02"",""sourceType"":""federal_open_data"",""locationSpecific"":true,""reviewerNote"":""Emergency services flag copied from the official CMS Hospital General Information row for this facility.""}}"
cms-390042,"WASHINGTON HOSPITAL, THE",hospital,155 WILSON AVENUE,WASHINGTON,PA,WASHINGTON,15301,40.182767787271,-80.246193511445,(724) 225-7000,Emergency services,CMS Hospital General Information,https://data.cms.gov/provider-data/dataset/xubh-q36u,2026-07-02,"Fields copied from the official CMS Hospital General Information CSV: facility name, address, city, state, ZIP code, county, phone, hospital type, ownership and emergency services flag. Hospital type: Acute Care Hospitals. Ownership: Voluntary non-profit - Private. Emergency services listed by CMS: Yes. Coordinates from the U.S. Census Bureau batch geocoder (Exact address match). CMS quality ratings and measures were intentionally not copied. Daily hours, prices and insurance details were not supplied by this intake.",390042,Hospital General Information,2026-07-02,2026-07-02,needs_review,"{""services"":{""field"":""services"",""status"":""source_backed"",""sourceUrl"":""https://data.cms.gov/provider-data/dataset/xubh-q36u"",""sourceTitle"":""CMS Hospital General Information"",""checkedDate"":""2026-07-02"",""sourceType"":""federal_open_data"",""locationSpecific"":true,""reviewerNote"":""Emergency services flag copied from the official CMS Hospital General Information row for this facility.""}}"
cms-390044,READING HOSPITAL,hospital,420 S 5TH AVENUE,WEST READING,PA,BERKS,19611,40.330455953383,-75.948256628402,(610) 988-8000,Emergency services,CMS Hospital General Information,https://data.cms.gov/provider-data/dataset/xubh-q36u,2026-07-02,"Fields copied from the official CMS Hospital General Information CSV: facility name, address, city, state, ZIP code, county, phone, hospital type, ownership and emergency services flag. Hospital type: Acute Care Hospitals. Ownership: Voluntary non-profit - Private. Emergency services listed by CMS: Yes. Coordinates from the U.S. Census Bureau batch geocoder (Exact address match). CMS quality ratings and measures were intentionally not copied. Daily hours, prices and insurance details were not supplied by this intake.",390044,Hospital General Information,2026-07-02,2026-07-02,needs_review,"{""services"":{""field"":""services"",""status"":""source_backed"",""sourceUrl"":""https://data.cms.gov/provider-data/dataset/xubh-q36u"",""sourceTitle"":""CMS Hospital General Information"",""checkedDate"":""2026-07-02"",""sourceType"":""federal_open_data"",""locationSpecific"":true,""reviewerNote"":""Emergency services flag copied from the official CMS Hospital General Information row for this facility.""}}"
cms-390046,WELLSPAN YORK HOSPITAL,hospital,1001 SOUTH GEORGE STREET,YORK,PA,YORK,17403,39.946642407363,-76.720372343425,(717) 851-2345,Emergency services,CMS Hospital General Information,https://data.cms.gov/provider-data/dataset/xubh-q36u,2026-07-02,"Fields copied from the official CMS Hospital General Information CSV: facility name, address, city, state, ZIP code, county, phone, hospital type, ownership and emergency services flag. Hospital type: Acute Care Hospitals. Ownership: Voluntary non-profit - Private. Emergency services listed by CMS: Yes. Coordinates from the U.S. Census Bureau batch geocoder (Exact address match). CMS quality ratings and measures were intentionally not copied. Daily hours, prices and insurance details were not supplied by this intake.",390046,Hospital General Information,2026-07-02,2026-07-02,needs_review,"{""services"":{""field"":""services"",""status"":""source_backed"",""sourceUrl"":""https://data.cms.gov/provider-data/dataset/xubh-q36u"",""sourceTitle"":""CMS Hospital General Information"",""checkedDate"":""2026-07-02"",""sourceType"":""federal_open_data"",""locationSpecific"":true,""reviewerNote"":""Emergency services flag copied from the official CMS Hospital General Information row for this facility.""}}"
cms-390049,ST LUKES HOSPITAL,hospital,801 OSTRUM STREET,BETHLEHEM,PA,NORTHAMPTON,18015,40.609212407067,-75.392132952146,(484) 526-4000,Emergency services,CMS Hospital General Information,https://data.cms.gov/provider-data/dataset/xubh-q36u,2026-07-02,"Fields copied from the official CMS Hospital General Information CSV: facility name, address, city, state, ZIP code, county, phone, hospital type, ownership and emergency services flag. Hospital type: Acute Care Hospitals. Ownership: Voluntary non-profit - Private. Emergency services listed by CMS: Yes. Coordinates from the U.S. Census Bureau batch geocoder (Exact address match). CMS quality ratings and measures were intentionally not copied. Daily hours, prices and insurance details were not supplied by this intake.",390049,Hospital General Information,2026-07-02,2026-07-02,needs_review,"{""services"":{""field"":""services"",""status"":""source_backed"",""sourceUrl"":""https://data.cms.gov/provider-data/dataset/xubh-q36u"",""sourceTitle"":""CMS Hospital General Information"",""checkedDate"":""2026-07-02"",""sourceType"":""federal_open_data"",""locationSpecific"":true,""reviewerNote"":""Emergency services flag copied from the official CMS Hospital General Information row for this facility.""}}"
cms-39004f,COATESVILLE VA MEDICAL CENTER,hospital,1400 BLACK HORSE HILL ROAD,COATESVILLE,PA,CHESTER,19320,39.998614836899,-75.800499339669,(610) 384-7711,,CMS Hospital General Information,https://data.cms.gov/provider-data/dataset/xubh-q36u,2026-07-02,"Fields copied from the official CMS Hospital General Information CSV: facility name, address, city, state, ZIP code, county, phone, hospital type, ownership and emergency services flag. Hospital type: Acute Care - Veterans Administration. Ownership: Veterans Health Administration. Emergency services listed by CMS: No. Coordinates from the U.S. Census Bureau batch geocoder (Non_Exact address match). CMS quality ratings and measures were intentionally not copied. Daily hours, prices and insurance details were not supplied by this intake.",39004F,Hospital General Information,2026-07-02,2026-07-02,needs_review,
cms-390050,ALLEGHENY GENERAL HOSPITAL,hospital,320 EAST NORTH AVENUE,PITTSBURGH,PA,ALLEGHENY,15212,40.456122370127,-80.003422684241,(412) 359-3131,Emergency services,CMS Hospital General Information,https://data.cms.gov/provider-data/dataset/xubh-q36u,2026-07-02,"Fields copied from the official CMS Hospital General Information CSV: facility name, address, city, state, ZIP code, county, phone, hospital type, ownership and emergency services flag. Hospital type: Acute Care Hospitals. Ownership: Voluntary non-profit - Private. Emergency services listed by CMS: Yes. Coordinates from the U.S. Census Bureau batch geocoder (Exact address match). CMS quality ratings and measures were intentionally not copied. Daily hours, prices and insurance details were not supplied by this intake.",390050,Hospital General Information,2026-07-02,2026-07-02,needs_review,"{""services"":{""field"":""services"",""status"":""source_backed"",""sourceUrl"":""https://data.cms.gov/provider-data/dataset/xubh-q36u"",""sourceTitle"":""CMS Hospital General Information"",""checkedDate"":""2026-07-02"",""sourceType"":""federal_open_data"",""locationSpecific"":true,""reviewerNote"":""Emergency services flag copied from the official CMS Hospital General Information row for this facility.""}}"
cms-390056,PENN HIGHLANDS HUNTINGDON,hospital,1225 WARM SPRINGS AVE,HUNTINGDON,PA,HUNTINGDON,16652,40.494672707681,-78.013312508445,(814) 643-2290,Emergency services,CMS Hospital General Information,https://data.cms.gov/provider-data/dataset/xubh-q36u,2026-07-02,"Fields copied from the official CMS Hospital General Information CSV: facility name, address, city, state, ZIP code, county, phone, hospital type, ownership and emergency services flag. Hospital type: Acute Care Hospitals. Ownership: Voluntary non-profit - Private. Emergency services listed by CMS: Yes. Coordinates from the U.S. Census Bureau batch geocoder (Exact address match). CMS quality ratings and measures were intentionally not copied. Daily hours, prices and insurance details were not supplied by this intake.",390056,Hospital General Information,2026-07-02,2026-07-02,needs_review,"{""services"":{""field"":""services"",""status"":""source_backed"",""sourceUrl"":""https://data.cms.gov/provider-data/dataset/xubh-q36u"",""sourceTitle"":""CMS Hospital General Information"",""checkedDate"":""2026-07-02"",""sourceType"":""federal_open_data"",""locationSpecific"":true,""reviewerNote"":""Emergency services flag copied from the official CMS Hospital General Information row for this facility.""}}"
cms-390057,ST LUKE'S HOSPITAL - GRAND VIEW CAMPUS,hospital,700 LAWN AVENUE,SELLERSVILLE,PA,BUCKS,18960,40.362563311548,-75.324290032524,(215) 453-4000,Emergency services,CMS Hospital General Information,https://data.cms.gov/provider-data/dataset/xubh-q36u,2026-07-02,"Fields copied from the official CMS Hospital General Information CSV: facility name, address, city, state, ZIP code, county, phone, hospital type, ownership and emergency services flag. Hospital type: Acute Care Hospitals. Ownership: Voluntary non-profit - Other. Emergency services listed by CMS: Yes. Coordinates from the U.S. Census Bureau batch geocoder (Exact address match). CMS quality ratings and measures were intentionally not copied. Daily hours, prices and insurance details were not supplied by this intake.",390057,Hospital General Information,2026-07-02,2026-07-02,needs_review,"{""services"":{""field"":""services"",""status"":""source_backed"",""sourceUrl"":""https://data.cms.gov/provider-data/dataset/xubh-q36u"",""sourceTitle"":""CMS Hospital General Information"",""checkedDate"":""2026-07-02"",""sourceType"":""federal_open_data"",""locationSpecific"":true,""reviewerNote"":""Emergency services flag copied from the official CMS Hospital General Information row for this facility.""}}"
cms-390058,UPMC CARLISLE,hospital,361 ALEXANDER SPRING ROAD,CARLISLE,PA,CUMBERLAND,17015,40.184620607486,-77.22508759987,(717) 249-1212,Emergency services,CMS Hospital General Information,https://data.cms.gov/provider-data/dataset/xubh-q36u,2026-07-02,"Fields copied from the official CMS Hospital General Information CSV: facility name, address, city, state, ZIP code, county, phone, hospital type, ownership and emergency services flag. Hospital type: Acute Care Hospitals. Ownership: Voluntary non-profit - Private. Emergency services listed by CMS: Yes. Coordinates from the U.S. Census Bureau batch geocoder (Exact address match). CMS quality ratings and measures were intentionally not copied. Daily hours, prices and insurance details were not supplied by this intake.",390058,Hospital General Information,2026-07-02,2026-07-02,needs_review,"{""services"":{""field"":""services"",""status"":""source_backed"",""sourceUrl"":""https://data.cms.gov/provider-data/dataset/xubh-q36u"",""sourceTitle"":""CMS Hospital General Information"",""checkedDate"":""2026-07-02"",""sourceType"":""federal_open_data"",""locationSpecific"":true,""reviewerNote"":""Emergency services flag copied from the official CMS Hospital General Information row for this facility.""}}"
cms-39005f,ERIE VA MEDICAL CENTER,hospital,135 EAST 38TH STREET,ERIE,PA,ERIE,16504,42.10291283873,-80.064826902181,(814) 860-2576,,CMS Hospital General Information,https://data.cms.gov/provider-data/dataset/xubh-q36u,2026-07-02,"Fields copied from the official CMS Hospital General Information CSV: facility name, address, city, state, ZIP code, county, phone, hospital type, ownership and emergency services flag. Hospital type: Acute Care - Veterans Administration. Ownership: Veterans Health Administration. Emergency services listed by CMS: No. Coordinates from the U.S. Census Bureau batch geocoder (Exact address match). CMS quality ratings and measures were intentionally not copied. Daily hours, prices and insurance details were not supplied by this intake.",39005F,Hospital General Information,2026-07-02,2026-07-02,needs_review,
cms-390062,CONEMAUGH NASON MEDICAL CENTER,hospital,105 NASON DRIVE,ROARING SPRING,PA,BLAIR,16673,40.337873692047,-78.388041712814,(814) 224-2141,Emergency services,CMS Hospital General Information,https://data.cms.gov/provider-data/dataset/xubh-q36u,2026-07-02,"Fields copied from the official CMS Hospital General Information CSV: facility name, address, city, state, ZIP code, county, phone, hospital type, ownership and emergency services flag. Hospital type: Acute Care Hospitals. Ownership: Voluntary non-profit - Other. Emergency services listed by CMS: Yes. Coordinates from the U.S. Census Bureau batch geocoder (Exact address match). CMS quality ratings and measures were intentionally not copied. Daily hours, prices and insurance details were not supplied by this intake.",390062,Hospital General Information,2026-07-02,2026-07-02,needs_review,"{""services"":{""field"":""services"",""status"":""source_backed"",""sourceUrl"":""https://data.cms.gov/provider-data/dataset/xubh-q36u"",""sourceTitle"":""CMS Hospital General Information"",""checkedDate"":""2026-07-02"",""sourceType"":""federal_open_data"",""locationSpecific"":true,""reviewerNote"":""Emergency services flag copied from the official CMS Hospital General Information row for this facility.""}}"
cms-390063,UPMC HAMOT,hospital,201 STATE STREET,ERIE,PA,ERIE,16550,42.133312403362,-80.087720681937,(814) 877-6000,Emergency services,CMS Hospital General Information,https://data.cms.gov/provider-data/dataset/xubh-q36u,2026-07-02,"Fields copied from the official CMS Hospital General Information CSV: facility name, address, city, state, ZIP code, county, phone, hospital type, ownership and emergency services flag. Hospital type: Acute Care Hospitals. Ownership: Voluntary non-profit - Private. Emergency services listed by CMS: Yes. Coordinates from the U.S. Census Bureau batch geocoder (Non_Exact address match). CMS quality ratings and measures were intentionally not copied. Daily hours, prices and insurance details were not supplied by this intake.",390063,Hospital General Information,2026-07-02,2026-07-02,needs_review,"{""services"":{""field"":""services"",""status"":""source_backed"",""sourceUrl"":""https://data.cms.gov/provider-data/dataset/xubh-q36u"",""sourceTitle"":""CMS Hospital General Information"",""checkedDate"":""2026-07-02"",""sourceType"":""federal_open_data"",""locationSpecific"":true,""reviewerNote"":""Emergency services flag copied from the official CMS Hospital General Information row for this facility.""}}"
cms-390065,GETTYSBURG HOSPITAL,hospital,147 GETTYS STREET,GETTYSBURG,PA,ADAMS,17325,39.823337350267,-77.2337766232,(717) 334-2121,Emergency services,CMS Hospital General Information,https://data.cms.gov/provider-data/dataset/xubh-q36u,2026-07-02,"Fields copied from the official CMS Hospital General Information CSV: facility name, address, city, state, ZIP code, county, phone, hospital type, ownership and emergency services flag. Hospital type: Acute Care Hospitals. Ownership: Voluntary non-profit - Private. Emergency services listed by CMS: Yes. Coordinates from the U.S. Census Bureau batch geocoder (Exact address match). CMS quality ratings and measures were intentionally not copied. Daily hours, prices and insurance details were not supplied by this intake.",390065,Hospital General Information,2026-07-02,2026-07-02,needs_review,"{""services"":{""field"":""services"",""status"":""source_backed"",""sourceUrl"":""https://data.cms.gov/provider-data/dataset/xubh-q36u"",""sourceTitle"":""CMS Hospital General Information"",""checkedDate"":""2026-07-02"",""sourceType"":""federal_open_data"",""locationSpecific"":true,""reviewerNote"":""Emergency services flag copied from the official CMS Hospital General Information row for this facility.""}}"
cms-390066,WELLSPAN GOOD SAMARITAN HOSPITAL,hospital,252 SOUTH 4TH STREET,LEBANON,PA,LEBANON,17042,40.335905683386,-76.417265400307,(717) 270-7500,Emergency services,CMS Hospital General Information,https://data.cms.gov/provider-data/dataset/xubh-q36u,2026-07-02,"Fields copied from the official CMS Hospital General Information CSV: facility name, address, city, state, ZIP code, county, phone, hospital type, ownership and emergency services flag. Hospital type: Acute Care Hospitals. Ownership: Voluntary non-profit - Private. Emergency services listed by CMS: Yes. Coordinates from the U.S. Census Bureau batch geocoder (Exact address match). CMS quality ratings and measures were intentionally not copied. Daily hours, prices and insurance details were not supplied by this intake.",390066,Hospital General Information,2026-07-02,2026-07-02,needs_review,"{""services"":{""field"":""services"",""status"":""source_backed"",""sourceUrl"":""https://data.cms.gov/provider-data/dataset/xubh-q36u"",""sourceTitle"":""CMS Hospital General Information"",""checkedDate"":""2026-07-02"",""sourceType"":""federal_open_data"",""locationSpecific"":true,""reviewerNote"":""Emergency services flag copied from the official CMS Hospital General Information row for this facility.""}}"
cms-390068,UPMC LITITZ,hospital,1500 HIGHLANDS DRIVE,LITITZ,PA,LANCASTER,17543,40.132849731112,-76.309645537244,(717) 625-2000,Emergency services,CMS Hospital General Information,https://data.cms.gov/provider-data/dataset/xubh-q36u,2026-07-02,"Fields copied from the official CMS Hospital General Information CSV: facility name, address, city, state, ZIP code, county, phone, hospital type, ownership and emergency services flag. Hospital type: Acute Care Hospitals. Ownership: Voluntary non-profit - Other. Emergency services listed by CMS: Yes. Coordinates from the U.S. Census Bureau batch geocoder (Exact address match). CMS quality ratings and measures were intentionally not copied. Daily hours, prices and insurance details were not supplied by this intake.",390068,Hospital General Information,2026-07-02,2026-07-02,needs_review,"{""services"":{""field"":""services"",""status"":""source_backed"",""sourceUrl"":""https://data.cms.gov/provider-data/dataset/xubh-q36u"",""sourceTitle"":""CMS Hospital General Information"",""checkedDate"":""2026-07-02"",""sourceType"":""federal_open_data"",""locationSpecific"":true,""reviewerNote"":""Emergency services flag copied from the official CMS Hospital General Information row for this facility.""}}"
cms-39006f,LEBANON VA MEDICAL CENTER,hospital,1700 SOUTH LINCOLN AVENUE,LEBANON,PA,LEBANON,17042,40.313112950875,-76.407361855914,(717) 228-5901,Emergency services,CMS Hospital General Information,https://data.cms.gov/provider-data/dataset/xubh-q36u,2026-07-02,"Fields copied from the official CMS Hospital General Information CSV: facility name, address, city, state, ZIP code, county, phone, hospital type, ownership and emergency services flag. Hospital type: Acute Care - Veterans Administration. Ownership: Veterans Health Administration. Emergency services listed by CMS: Yes. Coordinates from the U.S. Census Bureau batch geocoder (Exact address match). CMS quality ratings and measures were intentionally not copied. Daily hours, prices and insurance details were not supplied by this intake.",39006F,Hospital General Information,2026-07-02,2026-07-02,needs_review,"{""services"":{""field"":""services"",""status"":""source_backed"",""sourceUrl"":""https://data.cms.gov/provider-data/dataset/xubh-q36u"",""sourceTitle"":""CMS Hospital General Information"",""checkedDate"":""2026-07-02"",""sourceType"":""federal_open_data"",""locationSpecific"":true,""reviewerNote"":""Emergency services flag copied from the official CMS Hospital General Information row for this facility.""}}"
cms-390070,LOWER BUCKS HOSPITAL,hospital,501 BATH ROAD,BRISTOL,PA,BUCKS,19007,40.104491010563,-74.864827570433,(215) 785-9200,Emergency services,CMS Hospital General Information,https://data.cms.gov/provider-data/dataset/xubh-q36u,2026-07-02,"Fields copied from the official CMS Hospital General Information CSV: facility name, address, city, state, ZIP code, county, phone, hospital type, ownership and emergency services flag. Hospital type: Acute Care Hospitals. Ownership: Voluntary non-profit - Private. Emergency services listed by CMS: Yes. Coordinates from the U.S. Census Bureau batch geocoder (Exact address match). CMS quality ratings and measures were intentionally not copied. Daily hours, prices and insurance details were not supplied by this intake.",390070,Hospital General Information,2026-07-02,2026-07-02,needs_review,"{""services"":{""field"":""services"",""status"":""source_backed"",""sourceUrl"":""https://data.cms.gov/provider-data/dataset/xubh-q36u"",""sourceTitle"":""CMS Hospital General Information"",""checkedDate"":""2026-07-02"",""sourceType"":""federal_open_data"",""locationSpecific"":true,""reviewerNote"":""Emergency services flag copied from the official CMS Hospital General Information row for this facility.""}}"
cms-390073,UPMC ALTOONA,hospital,620 HOWARD AVENUE,ALTOONA,PA,BLAIR,16601,40.521436956959,-78.397987516844,(814) 889-2011,Emergency services,CMS Hospital General Information,https://data.cms.gov/provider-data/dataset/xubh-q36u,2026-07-02,"Fields copied from the official CMS Hospital General Information CSV: facility name, address, city, state, ZIP code, county, phone, hospital type, ownership and emergency services flag. Hospital type: Acute Care Hospitals. Ownership: Voluntary non-profit - Private. Emergency services listed by CMS: Yes. Coordinates from the U.S. Census Bureau batch geocoder (Exact address match). CMS quality ratings and measures were intentionally not copied. Daily hours, prices and insurance details were not supplied by this intake.",390073,Hospital General Information,2026-07-02,2026-07-02,needs_review,"{""services"":{""field"":""services"",""status"":""source_backed"",""sourceUrl"":""https://data.cms.gov/provider-data/dataset/xubh-q36u"",""sourceTitle"":""CMS Hospital General Information"",""checkedDate"":""2026-07-02"",""sourceType"":""federal_open_data"",""locationSpecific"":true,""reviewerNote"":""Emergency services flag copied from the official CMS Hospital General Information row for this facility.""}}"
cms-390086,PENN HIGHLANDS DUBOIS,hospital,100 HOSPITAL AVENUE,DUBOIS,PA,CLEARFIELD,15801,41.113908579055,-78.774886763278,(814) 371-2200,Emergency services,CMS Hospital General Information,https://data.cms.gov/provider-data/dataset/xubh-q36u,2026-07-02,"Fields copied from the official CMS Hospital General Information CSV: facility name, address, city, state, ZIP code, county, phone, hospital type, ownership and emergency services flag. Hospital type: Acute Care Hospitals. Ownership: Voluntary non-profit - Private. Emergency services listed by CMS: Yes. Coordinates from the U.S. Census Bureau batch geocoder (Exact address match). CMS quality ratings and measures were intentionally not copied. Daily hours, prices and insurance details were not supplied by this intake.",390086,Hospital General Information,2026-07-02,2026-07-02,needs_review,"{""services"":{""field"":""services"",""status"":""source_backed"",""sourceUrl"":""https://data.cms.gov/provider-data/dataset/xubh-q36u"",""sourceTitle"":""CMS Hospital General Information"",""checkedDate"":""2026-07-02"",""sourceType"":""federal_open_data"",""locationSpecific"":true,""reviewerNote"":""Emergency services flag copied from the official CMS Hospital General Information row for this facility.""}}"
cms-390090,WEST PENN HOSPITAL,hospital,4800 FRIENDSHIP AVENUE,PITTSBURGH,PA,ALLEGHENY,15224,40.462389973249,-79.946781304796,(412) 578-5000,Emergency services,CMS Hospital General Information,https://data.cms.gov/provider-data/dataset/xubh-q36u,2026-07-02,"Fields copied from the official CMS Hospital General Information CSV: facility name, address, city, state, ZIP code, county, phone, hospital type, ownership and emergency services flag. Hospital type: Acute Care Hospitals. Ownership: Voluntary non-profit - Private. Emergency services listed by CMS: Yes. Coordinates from the U.S. Census Bureau batch geocoder (Exact address match). CMS quality ratings and measures were intentionally not copied. Daily hours, prices and insurance details were not supplied by this intake.",390090,Hospital General Information,2026-07-02,2026-07-02,needs_review,"{""services"":{""field"":""services"",""status"":""source_backed"",""sourceUrl"":""https://data.cms.gov/provider-data/dataset/xubh-q36u"",""sourceTitle"":""CMS Hospital General Information"",""checkedDate"":""2026-07-02"",""sourceType"":""federal_open_data"",""locationSpecific"":true,""reviewerNote"":""Emergency services flag copied from the official CMS Hospital General Information row for this facility.""}}"
cms-390091,UPMC NORTHWEST,hospital,100 FAIRFIELD DRIVE,SENECA,PA,VENANGO,16346,41.359822275474,-79.702448589636,(814) 676-7600,Emergency services,CMS Hospital General Information,https://data.cms.gov/provider-data/dataset/xubh-q36u,2026-07-02,"Fields copied from the official CMS Hospital General Information CSV: facility name, address, city, state, ZIP code, county, phone, hospital type, ownership and emergency services flag. Hospital type: Acute Care Hospitals. Ownership: Voluntary non-profit - Other. Emergency services listed by CMS: Yes. Coordinates from the U.S. Census Bureau batch geocoder (Exact address match). CMS quality ratings and measures were intentionally not copied. Daily hours, prices and insurance details were not supplied by this intake.",390091,Hospital General Information,2026-07-02,2026-07-02,needs_review,"{""services"":{""field"":""services"",""status"":""source_backed"",""sourceUrl"":""https://data.cms.gov/provider-data/dataset/xubh-q36u"",""sourceTitle"":""CMS Hospital General Information"",""checkedDate"":""2026-07-02"",""sourceType"":""federal_open_data"",""locationSpecific"":true,""reviewerNote"":""Emergency services flag copied from the official CMS Hospital General Information row for this facility.""}}"
cms-390096,PENN STATE HEALTH ST. JOSEPH,hospital,2500 BERNVILLE ROAD,READING,PA,BERKS,19605,40.377628328576,-75.980223318407,(610) 378-2000,Emergency services,CMS Hospital General Information,https://data.cms.gov/provider-data/dataset/xubh-q36u,2026-07-02,"Fields copied from the official CMS Hospital General Information CSV: facility name, address, city, state, ZIP code, county, phone, hospital type, ownership and emergency services flag. Hospital type: Acute Care Hospitals. Ownership: Voluntary non-profit - Private. Emergency services listed by CMS: Yes. Coordinates from the U.S. Census Bureau batch geocoder (Exact address match). CMS quality ratings and measures were intentionally not copied. Daily hours, prices and insurance details were not supplied by this intake.",390096,Hospital General Information,2026-07-02,2026-07-02,needs_review,"{""services"":{""field"":""services"",""status"":""source_backed"",""sourceUrl"":""https://data.cms.gov/provider-data/dataset/xubh-q36u"",""sourceTitle"":""CMS Hospital General Information"",""checkedDate"":""2026-07-02"",""sourceType"":""federal_open_data"",""locationSpecific"":true,""reviewerNote"":""Emergency services flag copied from the official CMS Hospital General Information row for this facility.""}}"
cms-390097,HOLY REDEEMER HOSPITAL AND MEDICAL CENTER,hospital,1648 HUNTINGDON PIKE,MEADOWBROOK,PA,MONTGOMERY,19046,40.108933524343,-75.081204039156,(215) 947-3000,Emergency services,CMS Hospital General Information,https://data.cms.gov/provider-data/dataset/xubh-q36u,2026-07-02,"Fields copied from the official CMS Hospital General Information CSV: facility name, address, city, state, ZIP code, county, phone, hospital type, ownership and emergency services flag. Hospital type: Acute Care Hospitals. Ownership: Voluntary non-profit - Church. Emergency services listed by CMS: Yes. Coordinates from the U.S. Census Bureau batch geocoder (Exact address match). CMS quality ratings and measures were intentionally not copied. Daily hours, prices and insurance details were not supplied by this intake.",390097,Hospital General Information,2026-07-02,2026-07-02,needs_review,"{""services"":{""field"":""services"",""status"":""source_backed"",""sourceUrl"":""https://data.cms.gov/provider-data/dataset/xubh-q36u"",""sourceTitle"":""CMS Hospital General Information"",""checkedDate"":""2026-07-02"",""sourceType"":""federal_open_data"",""locationSpecific"":true,""reviewerNote"":""Emergency services flag copied from the official CMS Hospital General Information row for this facility.""}}"
cms-39009f,PHILADELPHIA VA MEDICAL CENTER,hospital,3900 WOODLAND AVENUE,PHILADELPHIA,PA,PHILADELPHIA,19104,39.949684784205,-75.201453326307,(215) 823-5857,Emergency services,CMS Hospital General Information,https://data.cms.gov/provider-data/dataset/xubh-q36u,2026-07-02,"Fields copied from the official CMS Hospital General Information CSV: facility name, address, city, state, ZIP code, county, phone, hospital type, ownership and emergency services flag. Hospital type: Acute Care - Veterans Administration. Ownership: Veterans Health Administration. Emergency services listed by CMS: Yes. Coordinates from the U.S. Census Bureau batch geocoder (Exact address match). CMS quality ratings and measures were intentionally not copied. Daily hours, prices and insurance details were not supplied by this intake.",39009F,Hospital General Information,2026-07-02,2026-07-02,needs_review,"{""services"":{""field"":""services"",""status"":""source_backed"",""sourceUrl"":""https://data.cms.gov/provider-data/dataset/xubh-q36u"",""sourceTitle"":""CMS Hospital General Information"",""checkedDate"":""2026-07-02"",""sourceType"":""federal_open_data"",""locationSpecific"":true,""reviewerNote"":""Emergency services flag copied from the official CMS Hospital General Information row for this facility.""}}"
cms-390100,LANCASTER GENERAL HOSPITAL,hospital,555 NORTH DUKE STREET,LANCASTER,PA,LANCASTER,17602,40.04712170929,-76.305298062033,(717) 544-5511,Emergency services,CMS Hospital General Information,https://data.cms.gov/provider-data/dataset/xubh-q36u,2026-07-02,"Fields copied from the official CMS Hospital General Information CSV: facility name, address, city, state, ZIP code, county, phone, hospital type, ownership and emergency services flag. Hospital type: Acute Care Hospitals. Ownership: Voluntary non-profit - Private. Emergency services listed by CMS: Yes. Coordinates from the U.S. Census Bureau batch geocoder (Exact address match). CMS quality ratings and measures were intentionally not copied. Daily hours, prices and insurance details were not supplied by this intake.",390100,Hospital General Information,2026-07-02,2026-07-02,needs_review,"{""services"":{""field"":""services"",""status"":""source_backed"",""sourceUrl"":""https://data.cms.gov/provider-data/dataset/xubh-q36u"",""sourceTitle"":""CMS Hospital General Information"",""checkedDate"":""2026-07-02"",""sourceType"":""federal_open_data"",""locationSpecific"":true,""reviewerNote"":""Emergency services flag copied from the official CMS Hospital General Information row for this facility.""}}"
cms-390102,UPMC ST MARGARET,hospital,815 FREEPORT ROAD,PITTSBURGH,PA,ALLEGHENY,15215,40.487544154099,-79.896259620113,(412) 784-4000,Emergency services,CMS Hospital General Information,https://data.cms.gov/provider-data/dataset/xubh-q36u,2026-07-02,"Fields copied from the official CMS Hospital General Information CSV: facility name, address, city, state, ZIP code, county, phone, hospital type, ownership and emergency services flag. Hospital type: Acute Care Hospitals. Ownership: Voluntary non-profit - Private. Emergency services listed by CMS: Yes. Coordinates from the U.S. Census Bureau batch geocoder (Exact address match). CMS quality ratings and measures were intentionally not copied. Daily hours, prices and insurance details were not supplied by this intake.",390102,Hospital General Information,2026-07-02,2026-07-02,needs_review,"{""services"":{""field"":""services"",""status"":""source_backed"",""sourceUrl"":""https://data.cms.gov/provider-data/dataset/xubh-q36u"",""sourceTitle"":""CMS Hospital General Information"",""checkedDate"":""2026-07-02"",""sourceType"":""federal_open_data"",""locationSpecific"":true,""reviewerNote"":""Emergency services flag copied from the official CMS Hospital General Information row for this facility.""}}"
cms-390107,UPMC PASSAVANT,hospital,9100 BABCOCK BOULEVARD,PITTSBURGH,PA,ALLEGHENY,15237,40.57447987552,-80.016357076523,(412) 367-6700,Emergency services,CMS Hospital General Information,https://data.cms.gov/provider-data/dataset/xubh-q36u,2026-07-02,"Fields copied from the official CMS Hospital General Information CSV: facility name, address, city, state, ZIP code, county, phone, hospital type, ownership and emergency services flag. Hospital type: Acute Care Hospitals. Ownership: Voluntary non-profit - Private. Emergency services listed by CMS: Yes. Coordinates from the U.S. Census Bureau batch geocoder (Exact address match). CMS quality ratings and measures were intentionally not copied. Daily hours, prices and insurance details were not supplied by this intake.",390107,Hospital General Information,2026-07-02,2026-07-02,needs_review,"{""services"":{""field"":""services"",""status"":""source_backed"",""sourceUrl"":""https://data.cms.gov/provider-data/dataset/xubh-q36u"",""sourceTitle"":""CMS Hospital General Information"",""checkedDate"":""2026-07-02"",""sourceType"":""federal_open_data"",""locationSpecific"":true,""reviewerNote"":""Emergency services flag copied from the official CMS Hospital General Information row for this facility.""}}"
cms-390110,CONEMAUGH MEMORIAL MEDICAL CENTER,hospital,1086 FRANKLIN STREET,JOHNSTOWN,PA,CAMBRIA,15905,40.305886647864,-78.917391138438,(814) 534-9000,Emergency services,CMS Hospital General Information,https://data.cms.gov/provider-data/dataset/xubh-q36u,2026-07-02,"Fields copied from the official CMS Hospital General Information CSV: facility name, address, city, state, ZIP code, county, phone, hospital type, ownership and emergency services flag. Hospital type: Acute Care Hospitals. Ownership: Proprietary. Emergency services listed by CMS: Yes. Coordinates from the U.S. Census Bureau batch geocoder (Exact address match). CMS quality ratings and measures were intentionally not copied. Daily hours, prices and insurance details were not supplied by this intake.",390110,Hospital General Information,2026-07-02,2026-07-02,needs_review,"{""services"":{""field"":""services"",""status"":""source_backed"",""sourceUrl"":""https://data.cms.gov/provider-data/dataset/xubh-q36u"",""sourceTitle"":""CMS Hospital General Information"",""checkedDate"":""2026-07-02"",""sourceType"":""federal_open_data"",""locationSpecific"":true,""reviewerNote"":""Emergency services flag copied from the official CMS Hospital General Information row for this facility.""}}"
cms-390111,HOSPITAL OF UNIV OF PENNSYLVANIA,hospital,3400 SPRUCE ST,PHILADELPHIA,PA,PHILADELPHIA,19104,39.950395607951,-75.19267201407,(215) 662-6289,Emergency services,CMS Hospital General Information,https://data.cms.gov/provider-data/dataset/xubh-q36u,2026-07-02,"Fields copied from the official CMS Hospital General Information CSV: facility name, address, city, state, ZIP code, county, phone, hospital type, ownership and emergency services flag. Hospital type: Acute Care Hospitals. Ownership: Voluntary non-profit - Private. Emergency services listed by CMS: Yes. Coordinates from the U.S. Census Bureau batch geocoder (Exact address match). CMS quality ratings and measures were intentionally not copied. Daily hours, prices and insurance details were not supplied by this intake.",390111,Hospital General Information,2026-07-02,2026-07-02,needs_review,"{""services"":{""field"":""services"",""status"":""source_backed"",""sourceUrl"":""https://data.cms.gov/provider-data/dataset/xubh-q36u"",""sourceTitle"":""CMS Hospital General Information"",""checkedDate"":""2026-07-02"",""sourceType"":""federal_open_data"",""locationSpecific"":true,""reviewerNote"":""Emergency services flag copied from the official CMS Hospital General Information row for this facility.""}}"
cms-390113,MEADVILLE MEDICAL CENTER,hospital,751 LIBERTY STREET,MEADVILLE,PA,CRAWFORD,16335,41.641690859946,-80.146293182975,(814) 333-5000,Emergency services,CMS Hospital General Information,https://data.cms.gov/provider-data/dataset/xubh-q36u,2026-07-02,"Fields copied from the official CMS Hospital General Information CSV: facility name, address, city, state, ZIP code, county, phone, hospital type, ownership and emergency services flag. Hospital type: Acute Care Hospitals. Ownership: Voluntary non-profit - Private. Emergency services listed by CMS: Yes. Coordinates from the U.S. Census Bureau batch geocoder (Exact address match). CMS quality ratings and measures were intentionally not copied. Daily hours, prices and insurance details were not supplied by this intake.",390113,Hospital General Information,2026-07-02,2026-07-02,needs_review,"{""services"":{""field"":""services"",""status"":""source_backed"",""sourceUrl"":""https://data.cms.gov/provider-data/dataset/xubh-q36u"",""sourceTitle"":""CMS Hospital General Information"",""checkedDate"":""2026-07-02"",""sourceType"":""federal_open_data"",""locationSpecific"":true,""reviewerNote"":""Emergency services flag copied from the official CMS Hospital General Information row for this facility.""}}"
cms-390114,MAGEE WOMENS HOSPITAL OF UPMC HEALTH SYSTEM,hospital,300 HALKET STREET,PITTSBURGH,PA,ALLEGHENY,15213,40.437640816847,-79.960326268979,(412) 641-4010,Emergency services,CMS Hospital General Information,https://data.cms.gov/provider-data/dataset/xubh-q36u,2026-07-02,"Fields copied from the official CMS Hospital General Information CSV: facility name, address, city, state, ZIP code, county, phone, hospital type, ownership and emergency services flag. Hospital type: Acute Care Hospitals. Ownership: Voluntary non-profit - Other. Emergency services listed by CMS: Yes. Coordinates from the U.S. Census Bureau batch geocoder (Exact address match). CMS quality ratings and measures were intentionally not copied. Daily hours, prices and insurance details were not supplied by this intake.",390114,Hospital General Information,2026-07-02,2026-07-02,needs_review,"{""services"":{""field"":""services"",""status"":""source_backed"",""sourceUrl"":""https://data.cms.gov/provider-data/dataset/xubh-q36u"",""sourceTitle"":""CMS Hospital General Information"",""checkedDate"":""2026-07-02"",""sourceType"":""federal_open_data"",""locationSpecific"":true,""reviewerNote"":""Emergency services flag copied from the official CMS Hospital General Information row for this facility.""}}"
cms-390116,SUBURBAN COMMUNITY HOSPITAL,hospital,2701 DEKALB PIKE,NORRISTOWN,PA,MONTGOMERY,19401,40.13951852038,-75.314845542703,(610) 278-2000,Emergency services,CMS Hospital General Information,https://data.cms.gov/provider-data/dataset/xubh-q36u,2026-07-02,"Fields copied from the official CMS Hospital General Information CSV: facility name, address, city, state, ZIP code, county, phone, hospital type, ownership and emergency services flag. Hospital type: Acute Care Hospitals. Ownership: Voluntary non-profit - Private. Emergency services listed by CMS: Yes. Coordinates from the U.S. Census Bureau batch geocoder (Exact address match). CMS quality ratings and measures were intentionally not copied. Daily hours, prices and insurance details were not supplied by this intake.",390116,Hospital General Information,2026-07-02,2026-07-02,needs_review,"{""services"":{""field"":""services"",""status"":""source_backed"",""sourceUrl"":""https://data.cms.gov/provider-data/dataset/xubh-q36u"",""sourceTitle"":""CMS Hospital General Information"",""checkedDate"":""2026-07-02"",""sourceType"":""federal_open_data"",""locationSpecific"":true,""reviewerNote"":""Emergency services flag copied from the official CMS Hospital General Information row for this facility.""}}"
cms-390123,POTTSTOWN HOSPITAL,hospital,1600 EAST HIGH STREET,POTTSTOWN,PA,MONTGOMERY,19464,40.243956597839,-75.613517505413,(610) 327-7000,Emergency services,CMS Hospital General Information,https://data.cms.gov/provider-data/dataset/xubh-q36u,2026-07-02,"Fields copied from the official CMS Hospital General Information CSV: facility name, address, city, state, ZIP code, county, phone, hospital type, ownership and emergency services flag. Hospital type: Acute Care Hospitals. Ownership: Voluntary non-profit - Private. Emergency services listed by CMS: Yes. Coordinates from the U.S. Census Bureau batch geocoder (Exact address match). CMS quality ratings and measures were intentionally not copied. Daily hours, prices and insurance details were not supplied by this intake.",390123,Hospital General Information,2026-07-02,2026-07-02,needs_review,"{""services"":{""field"":""services"",""status"":""source_backed"",""sourceUrl"":""https://data.cms.gov/provider-data/dataset/xubh-q36u"",""sourceTitle"":""CMS Hospital General Information"",""checkedDate"":""2026-07-02"",""sourceType"":""federal_open_data"",""locationSpecific"":true,""reviewerNote"":""Emergency services flag copied from the official CMS Hospital General Information row for this facility.""}}"
cms-390125,WAYNE MEMORIAL HOSPITAL,hospital,601 PARK STREET,HONESDALE,PA,WAYNE,18431,41.576595230806,-75.259433650766,(570) 253-8100,Emergency services,CMS Hospital General Information,https://data.cms.gov/provider-data/dataset/xubh-q36u,2026-07-02,"Fields copied from the official CMS Hospital General Information CSV: facility name, address, city, state, ZIP code, county, phone, hospital type, ownership and emergency services flag. Hospital type: Acute Care Hospitals. Ownership: Voluntary non-profit - Private. Emergency services listed by CMS: Yes. Coordinates from the U.S. Census Bureau batch geocoder (Non_Exact address match). CMS quality ratings and measures were intentionally not copied. Daily hours, prices and insurance details were not supplied by this intake.",390125,Hospital General Information,2026-07-02,2026-07-02,needs_review,"{""services"":{""field"":""services"",""status"":""source_backed"",""sourceUrl"":""https://data.cms.gov/provider-data/dataset/xubh-q36u"",""sourceTitle"":""CMS Hospital General Information"",""checkedDate"":""2026-07-02"",""sourceType"":""federal_open_data"",""locationSpecific"":true,""reviewerNote"":""Emergency services flag copied from the official CMS Hospital General Information row for this facility.""}}"
cms-390127,PHOENIXVILLE HOSPITAL,hospital,140 NUTT ROAD,PHOENIXVILLE,PA,CHESTER,19460,40.123964601779,-75.513937272481,(610) 983-1000,Emergency services,CMS Hospital General Information,https://data.cms.gov/provider-data/dataset/xubh-q36u,2026-07-02,"Fields copied from the official CMS Hospital General Information CSV: facility name, address, city, state, ZIP code, county, phone, hospital type, ownership and emergency services flag. Hospital type: Acute Care Hospitals. Ownership: Voluntary non-profit - Private. Emergency services listed by CMS: Yes. Coordinates from the U.S. Census Bureau batch geocoder (Exact address match). CMS quality ratings and measures were intentionally not copied. Daily hours, prices and insurance details were not supplied by this intake.",390127,Hospital General Information,2026-07-02,2026-07-02,needs_review,"{""services"":{""field"":""services"",""status"":""source_backed"",""sourceUrl"":""https://data.cms.gov/provider-data/dataset/xubh-q36u"",""sourceTitle"":""CMS Hospital General Information"",""checkedDate"":""2026-07-02"",""sourceType"":""federal_open_data"",""locationSpecific"":true,""reviewerNote"":""Emergency services flag copied from the official CMS Hospital General Information row for this facility.""}}"
cms-390133,LEHIGH VALLEY HOSPITAL,hospital,1200 SOUTH CEDAR CREST BOULEVARD,ALLENTOWN,PA,LEHIGH,18103,40.567147550681,-75.518737274381,(610) 402-8000,Emergency services,CMS Hospital General Information,https://data.cms.gov/provider-data/dataset/xubh-q36u,2026-07-02,"Fields copied from the official CMS Hospital General Information CSV: facility name, address, city, state, ZIP code, county, phone, hospital type, ownership and emergency services flag. Hospital type: Acute Care Hospitals. Ownership: Voluntary non-profit - Private. Emergency services listed by CMS: Yes. Coordinates from the U.S. Census Bureau batch geocoder (Exact address match). CMS quality ratings and measures were intentionally not copied. Daily hours, prices and insurance details were not supplied by this intake.",390133,Hospital General Information,2026-07-02,2026-07-02,needs_review,"{""services"":{""field"":""services"",""status"":""source_backed"",""sourceUrl"":""https://data.cms.gov/provider-data/dataset/xubh-q36u"",""sourceTitle"":""CMS Hospital General Information"",""checkedDate"":""2026-07-02"",""sourceType"":""federal_open_data"",""locationSpecific"":true,""reviewerNote"":""Emergency services flag copied from the official CMS Hospital General Information row for this facility.""}}"
cms-390137,WILKES-BARRE GENERAL HOSPITAL,hospital,575 NORTH RIVER STREET,WILKES-BARRE,PA,LUZERNE,18764,41.257847256368,-75.868268907992,(570) 829-8111,Emergency services,CMS Hospital General Information,https://data.cms.gov/provider-data/dataset/xubh-q36u,2026-07-02,"Fields copied from the official CMS Hospital General Information CSV: facility name, address, city, state, ZIP code, county, phone, hospital type, ownership and emergency services flag. Hospital type: Acute Care Hospitals. Ownership: Proprietary. Emergency services listed by CMS: Yes. Coordinates from the U.S. Census Bureau batch geocoder (Non_Exact address match). CMS quality ratings and measures were intentionally not copied. Daily hours, prices and insurance details were not supplied by this intake.",390137,Hospital General Information,2026-07-02,2026-07-02,needs_review,"{""services"":{""field"":""services"",""status"":""source_backed"",""sourceUrl"":""https://data.cms.gov/provider-data/dataset/xubh-q36u"",""sourceTitle"":""CMS Hospital General Information"",""checkedDate"":""2026-07-02"",""sourceType"":""federal_open_data"",""locationSpecific"":true,""reviewerNote"":""Emergency services flag copied from the official CMS Hospital General Information row for this facility.""}}"
cms-390138,WELLSPAN WAYNESBORO HOSPITAL,hospital,501 EAST MAIN ST,WAYNESBORO,PA,FRANKLIN,17268,39.75160567785,-77.569763939426,(717) 765-4000,Emergency services,CMS Hospital General Information,https://data.cms.gov/provider-data/dataset/xubh-q36u,2026-07-02,"Fields copied from the official CMS Hospital General Information CSV: facility name, address, city, state, ZIP code, county, phone, hospital type, ownership and emergency services flag. Hospital type: Acute Care Hospitals. Ownership: Voluntary non-profit - Private. Emergency services listed by CMS: Yes. Coordinates from the U.S. Census Bureau batch geocoder (Exact address match). CMS quality ratings and measures were intentionally not copied. Daily hours, prices and insurance details were not supplied by this intake.",390138,Hospital General Information,2026-07-02,2026-07-02,needs_review,"{""services"":{""field"":""services"",""status"":""source_backed"",""sourceUrl"":""https://data.cms.gov/provider-data/dataset/xubh-q36u"",""sourceTitle"":""CMS Hospital General Information"",""checkedDate"":""2026-07-02"",""sourceType"":""federal_open_data"",""locationSpecific"":true,""reviewerNote"":""Emergency services flag copied from the official CMS Hospital General Information row for this facility.""}}"
cms-390139,BRYN MAWR HOSPITAL,hospital,130 SOUTH BRYN MAWR AVE,BRYN MAWR,PA,MONTGOMERY,19010,40.019065166951,-75.319957494902,(610) 526-3000,Emergency services,CMS Hospital General Information,https://data.cms.gov/provider-data/dataset/xubh-q36u,2026-07-02,"Fields copied from the official CMS Hospital General Information CSV: facility name, address, city, state, ZIP code, county, phone, hospital type, ownership and emergency services flag. Hospital type: Acute Care Hospitals. Ownership: Voluntary non-profit - Private. Emergency services listed by CMS: Yes. Coordinates from the U.S. Census Bureau batch geocoder (Exact address match). CMS quality ratings and measures were intentionally not copied. Daily hours, prices and insurance details were not supplied by this intake.",390139,Hospital General Information,2026-07-02,2026-07-02,needs_review,"{""services"":{""field"":""services"",""status"":""source_backed"",""sourceUrl"":""https://data.cms.gov/provider-data/dataset/xubh-q36u"",""sourceTitle"":""CMS Hospital General Information"",""checkedDate"":""2026-07-02"",""sourceType"":""federal_open_data"",""locationSpecific"":true,""reviewerNote"":""Emergency services flag copied from the official CMS Hospital General Information row for this facility.""}}"
cms-39013f,WILKES BARRE VA MEDICAL CENTER,hospital,1111 EAST END BOULEVARD,WILKES-BARRE,PA,LUZERNE,18711,41.249259316589,-75.836183736026,(570) 824-3521,Emergency services,CMS Hospital General Information,https://data.cms.gov/provider-data/dataset/xubh-q36u,2026-07-02,"Fields copied from the official CMS Hospital General Information CSV: facility name, address, city, state, ZIP code, county, phone, hospital type, ownership and emergency services flag. Hospital type: Acute Care - Veterans Administration. Ownership: Veterans Health Administration. Emergency services listed by CMS: Yes. Coordinates from the U.S. Census Bureau batch geocoder (Non_Exact address match). CMS quality ratings and measures were intentionally not copied. Daily hours, prices and insurance details were not supplied by this intake.",39013F,Hospital General Information,2026-07-02,2026-07-02,needs_review,"{""services"":{""field"":""services"",""status"":""source_backed"",""sourceUrl"":""https://data.cms.gov/provider-data/dataset/xubh-q36u"",""sourceTitle"":""CMS Hospital General Information"",""checkedDate"":""2026-07-02"",""sourceType"":""federal_open_data"",""locationSpecific"":true,""reviewerNote"":""Emergency services flag copied from the official CMS Hospital General Information row for this facility.""}}"
cms-390145,EXCELA HEALTH WESTMORELAND REGIONAL HOSPITAL,hospital,532 WEST PITTSBURGH STREET,GREENSBURG,PA,WESTMORELAND,15601,40.301120878657,-79.55510891771,(724) 832-4000,Emergency services,CMS Hospital General Information,https://data.cms.gov/provider-data/dataset/xubh-q36u,2026-07-02,"Fields copied from the official CMS Hospital General Information CSV: facility name, address, city, state, ZIP code, county, phone, hospital type, ownership and emergency services flag. Hospital type: Acute Care Hospitals. Ownership: Voluntary non-profit - Other. Emergency services listed by CMS: Yes. Coordinates from the U.S. Census Bureau batch geocoder (Exact address match). CMS quality ratings and measures were intentionally not copied. Daily hours, prices and insurance details were not supplied by this intake.",390145,Hospital General Information,2026-07-02,2026-07-02,needs_review,"{""services"":{""field"":""services"",""status"":""source_backed"",""sourceUrl"":""https://data.cms.gov/provider-data/dataset/xubh-q36u"",""sourceTitle"":""CMS Hospital General Information"",""checkedDate"":""2026-07-02"",""sourceType"":""federal_open_data"",""locationSpecific"":true,""reviewerNote"":""Emergency services flag copied from the official CMS Hospital General Information row for this facility.""}}"
cms-390146,WARREN GENERAL HOSPITAL,hospital,2 CRESCENT PARK WEST,WARREN,PA,WARREN,16365,41.842845926682,-79.156708234494,(814) 723-4973,Emergency services,CMS Hospital General Information,https://data.cms.gov/provider-data/dataset/xubh-q36u,2026-07-02,"Fields copied from the official CMS Hospital General Information CSV: facility name, address, city, state, ZIP code, county, phone, hospital type, ownership and emergency services flag. Hospital type: Acute Care Hospitals. Ownership: Voluntary non-profit - Private. Emergency services listed by CMS: Yes. Coordinates from the U.S. Census Bureau batch geocoder (Non_Exact address match). CMS quality ratings and measures were intentionally not copied. Daily hours, prices and insurance details were not supplied by this intake.",390146,Hospital General Information,2026-07-02,2026-07-02,needs_review,"{""services"":{""field"":""services"",""status"":""source_backed"",""sourceUrl"":""https://data.cms.gov/provider-data/dataset/xubh-q36u"",""sourceTitle"":""CMS Hospital General Information"",""checkedDate"":""2026-07-02"",""sourceType"":""federal_open_data"",""locationSpecific"":true,""reviewerNote"":""Emergency services flag copied from the official CMS Hospital General Information row for this facility.""}}"
cms-390147,PENN HIGHLANDS MON VALLEY,hospital,1163 COUNTRY CLUB ROAD,MONONGAHELA,PA,WASHINGTON,15063,40.181469946674,-79.916178286465,(724) 258-1000,Emergency services,CMS Hospital General Information,https://data.cms.gov/provider-data/dataset/xubh-q36u,2026-07-02,"Fields copied from the official CMS Hospital General Information CSV: facility name, address, city, state, ZIP code, county, phone, hospital type, ownership and emergency services flag. Hospital type: Acute Care Hospitals. Ownership: Voluntary non-profit - Private. Emergency services listed by CMS: Yes. Coordinates from the U.S. Census Bureau batch geocoder (Exact address match). CMS quality ratings and measures were intentionally not copied. Daily hours, prices and insurance details were not supplied by this intake.",390147,Hospital General Information,2026-07-02,2026-07-02,needs_review,"{""services"":{""field"":""services"",""status"":""source_backed"",""sourceUrl"":""https://data.cms.gov/provider-data/dataset/xubh-q36u"",""sourceTitle"":""CMS Hospital General Information"",""checkedDate"":""2026-07-02"",""sourceType"":""federal_open_data"",""locationSpecific"":true,""reviewerNote"":""Emergency services flag copied from the official CMS Hospital General Information row for this facility.""}}"
cms-390150,UPMC GREENE,hospital,350 BONAR AVENUE,WAYNESBURG,PA,GREENE,15370,39.90062783117,-80.17386234561,(724) 627-2602,Emergency services,CMS Hospital General Information,https://data.cms.gov/provider-data/dataset/xubh-q36u,2026-07-02,"Fields copied from the official CMS Hospital General Information CSV: facility name, address, city, state, ZIP code, county, phone, hospital type, ownership and emergency services flag. Hospital type: Acute Care Hospitals. Ownership: Voluntary non-profit - Private. Emergency services listed by CMS: Yes. Coordinates from the U.S. Census Bureau batch geocoder (Exact address match). CMS quality ratings and measures were intentionally not copied. Daily hours, prices and insurance details were not supplied by this intake.",390150,Hospital General Information,2026-07-02,2026-07-02,needs_review,"{""services"":{""field"":""services"",""status"":""source_backed"",""sourceUrl"":""https://data.cms.gov/provider-data/dataset/xubh-q36u"",""sourceTitle"":""CMS Hospital General Information"",""checkedDate"":""2026-07-02"",""sourceType"":""federal_open_data"",""locationSpecific"":true,""reviewerNote"":""Emergency services flag copied from the official CMS Hospital General Information row for this facility.""}}"
cms-390151,WELLSPAN CHAMBERSBURG HOSPITAL,hospital,112 NORTH SEVENTH STREET,CHAMBERSBURG,PA,FRANKLIN,17201,39.934695286428,-77.647471569046,(717) 267-3000,Emergency services,CMS Hospital General Information,https://data.cms.gov/provider-data/dataset/xubh-q36u,2026-07-02,"Fields copied from the official CMS Hospital General Information CSV: facility name, address, city, state, ZIP code, county, phone, hospital type, ownership and emergency services flag. Hospital type: Acute Care Hospitals. Ownership: Voluntary non-profit - Private. Emergency services listed by CMS: Yes. Coordinates from the U.S. Census Bureau batch geocoder (Exact address match). CMS quality ratings and measures were intentionally not copied. Daily hours, prices and insurance details were not supplied by this intake.",390151,Hospital General Information,2026-07-02,2026-07-02,needs_review,"{""services"":{""field"":""services"",""status"":""source_backed"",""sourceUrl"":""https://data.cms.gov/provider-data/dataset/xubh-q36u"",""sourceTitle"":""CMS Hospital General Information"",""checkedDate"":""2026-07-02"",""sourceType"":""federal_open_data"",""locationSpecific"":true,""reviewerNote"":""Emergency services flag copied from the official CMS Hospital General Information row for this facility.""}}"
cms-390153,PAOLI HOSPITAL,hospital,255 WEST LANCASTER AVENUE,PAOLI,PA,CHESTER,19301,40.0421093493,-75.499784316483,(610) 648-1000,Emergency services,CMS Hospital General Information,https://data.cms.gov/provider-data/dataset/xubh-q36u,2026-07-02,"Fields copied from the official CMS Hospital General Information CSV: facility name, address, city, state, ZIP code, county, phone, hospital type, ownership and emergency services flag. Hospital type: Acute Care Hospitals. Ownership: Voluntary non-profit - Private. Emergency services listed by CMS: Yes. Coordinates from the U.S. Census Bureau batch geocoder (Exact address match). CMS quality ratings and measures were intentionally not copied. Daily hours, prices and insurance details were not supplied by this intake.",390153,Hospital General Information,2026-07-02,2026-07-02,needs_review,"{""services"":{""field"":""services"",""status"":""source_backed"",""sourceUrl"":""https://data.cms.gov/provider-data/dataset/xubh-q36u"",""sourceTitle"":""CMS Hospital General Information"",""checkedDate"":""2026-07-02"",""sourceType"":""federal_open_data"",""locationSpecific"":true,""reviewerNote"":""Emergency services flag copied from the official CMS Hospital General Information row for this facility.""}}"
cms-390156,MERCY CATHOLIC MEDICAL CENTER- MERCY FITZGERALD,hospital,1500 LANSDOWNE  AVE,DARBY,PA,DELAWARE,19023,39.926535264629,-75.268070087463,(215) 237-4000,Emergency services,CMS Hospital General Information,https://data.cms.gov/provider-data/dataset/xubh-q36u,2026-07-02,"Fields copied from the official CMS Hospital General Information CSV: facility name, address, city, state, ZIP code, county, phone, hospital type, ownership and emergency services flag. Hospital type: Acute Care Hospitals. Ownership: Voluntary non-profit - Private. Emergency services listed by CMS: Yes. Coordinates from the U.S. Census Bureau batch geocoder (Exact address match). CMS quality ratings and measures were intentionally not copied. Daily hours, prices and insurance details were not supplied by this intake.",390156,Hospital General Information,2026-07-02,2026-07-02,needs_review,"{""services"":{""field"":""services"",""status"":""source_backed"",""sourceUrl"":""https://data.cms.gov/provider-data/dataset/xubh-q36u"",""sourceTitle"":""CMS Hospital General Information"",""checkedDate"":""2026-07-02"",""sourceType"":""federal_open_data"",""locationSpecific"":true,""reviewerNote"":""Emergency services flag copied from the official CMS Hospital General Information row for this facility.""}}"
cms-390160,CANONSBURG GENERAL HOSPITAL,hospital,100 MEDICAL BOULEVARD,CANONSBURG,PA,WASHINGTON,15317,40.248793047754,-80.190046459663,(724) 745-6100,Emergency services,CMS Hospital General Information,https://data.cms.gov/provider-data/dataset/xubh-q36u,2026-07-02,"Fields copied from the official CMS Hospital General Information CSV: facility name, address, city, state, ZIP code, county, phone, hospital type, ownership and emergency services flag. Hospital type: Acute Care Hospitals. Ownership: Voluntary non-profit - Private. Emergency services listed by CMS: Yes. Coordinates from the U.S. Census Bureau batch geocoder (Exact address match). CMS quality ratings and measures were intentionally not copied. Daily hours, prices and insurance details were not supplied by this intake.",390160,Hospital General Information,2026-07-02,2026-07-02,needs_review,"{""services"":{""field"":""services"",""status"":""source_backed"",""sourceUrl"":""https://data.cms.gov/provider-data/dataset/xubh-q36u"",""sourceTitle"":""CMS Hospital General Information"",""checkedDate"":""2026-07-02"",""sourceType"":""federal_open_data"",""locationSpecific"":true,""reviewerNote"":""Emergency services flag copied from the official CMS Hospital General Information row for this facility.""}}"
cms-390162,ST LUKE'S HOSPITAL - EASTON CAMPUS,hospital,250 SOUTH 21ST STREET,EASTON,PA,NORTHAMPTON,18042,40.685931302401,-75.242737169817,(610) 250-4076,Emergency services,CMS Hospital General Information,https://data.cms.gov/provider-data/dataset/xubh-q36u,2026-07-02,"Fields copied from the official CMS Hospital General Information CSV: facility name, address, city, state, ZIP code, county, phone, hospital type, ownership and emergency services flag. Hospital type: Acute Care Hospitals. Ownership: Voluntary non-profit - Private. Emergency services listed by CMS: Yes. Coordinates from the U.S. Census Bureau batch geocoder (Exact address match). CMS quality ratings and measures were intentionally not copied. Daily hours, prices and insurance details were not supplied by this intake.",390162,Hospital General Information,2026-07-02,2026-07-02,needs_review,"{""services"":{""field"":""services"",""status"":""source_backed"",""sourceUrl"":""https://data.cms.gov/provider-data/dataset/xubh-q36u"",""sourceTitle"":""CMS Hospital General Information"",""checkedDate"":""2026-07-02"",""sourceType"":""federal_open_data"",""locationSpecific"":true,""reviewerNote"":""Emergency services flag copied from the official CMS Hospital General Information row for this facility.""}}"
cms-390163,ACMH HOSPITAL,hospital,ONE NOLTE DRIVE,KITTANNING,PA,ARMSTRONG,16201,40.811032193294,-79.562521041367,(724) 543-8500,Emergency services,CMS Hospital General Information,https://data.cms.gov/provider-data/dataset/xubh-q36u,2026-07-02,"Fields copied from the official CMS Hospital General Information CSV: facility name, address, city, state, ZIP code, county, phone, hospital type, ownership and emergency services flag. Hospital type: Acute Care Hospitals. Ownership: Voluntary non-profit - Private. Emergency services listed by CMS: Yes. Coordinates from the U.S. Census Bureau batch geocoder (Exact address match). CMS quality ratings and measures were intentionally not copied. Daily hours, prices and insurance details were not supplied by this intake.",390163,Hospital General Information,2026-07-02,2026-07-02,needs_review,"{""services"":{""field"":""services"",""status"":""source_backed"",""sourceUrl"":""https://data.cms.gov/provider-data/dataset/xubh-q36u"",""sourceTitle"":""CMS Hospital General Information"",""checkedDate"":""2026-07-02"",""sourceType"":""federal_open_data"",""locationSpecific"":true,""reviewerNote"":""Emergency services flag copied from the official CMS Hospital General Information row for this facility.""}}"
cms-390164,UPMC PRESBYTERIAN SHADYSIDE,hospital,200 LOTHROP STREET,PITTSBURGH,PA,ALLEGHENY,15213,40.441895700706,-79.960750094731,(412) 647-2345,Emergency services,CMS Hospital General Information,https://data.cms.gov/provider-data/dataset/xubh-q36u,2026-07-02,"Fields copied from the official CMS Hospital General Information CSV: facility name, address, city, state, ZIP code, county, phone, hospital type, ownership and emergency services flag. Hospital type: Acute Care Hospitals. Ownership: Voluntary non-profit - Private. Emergency services listed by CMS: Yes. Coordinates from the U.S. Census Bureau batch geocoder (Exact address match). CMS quality ratings and measures were intentionally not copied. Daily hours, prices and insurance details were not supplied by this intake.",390164,Hospital General Information,2026-07-02,2026-07-02,needs_review,"{""services"":{""field"":""services"",""status"":""source_backed"",""sourceUrl"":""https://data.cms.gov/provider-data/dataset/xubh-q36u"",""sourceTitle"":""CMS Hospital General Information"",""checkedDate"":""2026-07-02"",""sourceType"":""federal_open_data"",""locationSpecific"":true,""reviewerNote"":""Emergency services flag copied from the official CMS Hospital General Information row for this facility.""}}"
cms-390173,INDIANA REGIONAL MEDICAL CENTER,hospital,835 HOSPITAL ROAD,INDIANA,PA,INDIANA,15701,40.608084757191,-79.158899209906,(724) 357-7000,Emergency services,CMS Hospital General Information,https://data.cms.gov/provider-data/dataset/xubh-q36u,2026-07-02,"Fields copied from the official CMS Hospital General Information CSV: facility name, address, city, state, ZIP code, county, phone, hospital type, ownership and emergency services flag. Hospital type: Acute Care Hospitals. Ownership: Voluntary non-profit - Private. Emergency services listed by CMS: Yes. Coordinates from the U.S. Census Bureau batch geocoder (Exact address match). CMS quality ratings and measures were intentionally not copied. Daily hours, prices and insurance details were not supplied by this intake.",390173,Hospital General Information,2026-07-02,2026-07-02,needs_review,"{""services"":{""field"":""services"",""status"":""source_backed"",""sourceUrl"":""https://data.cms.gov/provider-data/dataset/xubh-q36u"",""sourceTitle"":""CMS Hospital General Information"",""checkedDate"":""2026-07-02"",""sourceType"":""federal_open_data"",""locationSpecific"":true,""reviewerNote"":""Emergency services flag copied from the official CMS Hospital General Information row for this facility.""}}"
cms-390174,THOMAS JEFFERSON UNIVERSITY HOSPITAL,hospital,111 SOUTH 11TH STREET,PHILADELPHIA,PA,PHILADELPHIA,19107,39.949674609229,-75.158673630059,(215) 955-6000,Emergency services,CMS Hospital General Information,https://data.cms.gov/provider-data/dataset/xubh-q36u,2026-07-02,"Fields copied from the official CMS Hospital General Information CSV: facility name, address, city, state, ZIP code, county, phone, hospital type, ownership and emergency services flag. Hospital type: Acute Care Hospitals. Ownership: Voluntary non-profit - Private. Emergency services listed by CMS: Yes. Coordinates from the U.S. Census Bureau batch geocoder (Exact address match). CMS quality ratings and measures were intentionally not copied. Daily hours, prices and insurance details were not supplied by this intake.",390174,Hospital General Information,2026-07-02,2026-07-02,needs_review,"{""services"":{""field"":""services"",""status"":""source_backed"",""sourceUrl"":""https://data.cms.gov/provider-data/dataset/xubh-q36u"",""sourceTitle"":""CMS Hospital General Information"",""checkedDate"":""2026-07-02"",""sourceType"":""federal_open_data"",""locationSpecific"":true,""reviewerNote"":""Emergency services flag copied from the official CMS Hospital General Information row for this facility.""}}"
cms-390178,UPMC HORIZON,hospital,110 NORTH MAIN STREET,GREENVILLE,PA,MERCER,16125,41.411157087502,-80.372424462306,(724) 588-2100,Emergency services,CMS Hospital General Information,https://data.cms.gov/provider-data/dataset/xubh-q36u,2026-07-02,"Fields copied from the official CMS Hospital General Information CSV: facility name, address, city, state, ZIP code, county, phone, hospital type, ownership and emergency services flag. Hospital type: Acute Care Hospitals. Ownership: Voluntary non-profit - Private. Emergency services listed by CMS: Yes. Coordinates from the U.S. Census Bureau batch geocoder (Exact address match). CMS quality ratings and measures were intentionally not copied. Daily hours, prices and insurance details were not supplied by this intake.",390178,Hospital General Information,2026-07-02,2026-07-02,needs_review,"{""services"":{""field"":""services"",""status"":""source_backed"",""sourceUrl"":""https://data.cms.gov/provider-data/dataset/xubh-q36u"",""sourceTitle"":""CMS Hospital General Information"",""checkedDate"":""2026-07-02"",""sourceType"":""federal_open_data"",""locationSpecific"":true,""reviewerNote"":""Emergency services flag copied from the official CMS Hospital General Information row for this facility.""}}"
cms-390179,CHESTER COUNTY HOSPITAL,hospital,701 EAST MARSHALL STREET,WEST CHESTER,PA,CHESTER,19380,39.970484520793,-75.601359537005,(610) 431-5000,Emergency services,CMS Hospital General Information,https://data.cms.gov/provider-data/dataset/xubh-q36u,2026-07-02,"Fields copied from the official CMS Hospital General Information CSV: facility name, address, city, state, ZIP code, county, phone, hospital type, ownership and emergency services flag. Hospital type: Acute Care Hospitals. Ownership: Voluntary non-profit - Private. Emergency services listed by CMS: Yes. Coordinates from the U.S. Census Bureau batch geocoder (Exact address match). CMS quality ratings and measures were intentionally not copied. Daily hours, prices and insurance details were not supplied by this intake.",390179,Hospital General Information,2026-07-02,2026-07-02,needs_review,"{""services"":{""field"":""services"",""status"":""source_backed"",""sourceUrl"":""https://data.cms.gov/provider-data/dataset/xubh-q36u"",""sourceTitle"":""CMS Hospital General Information"",""checkedDate"":""2026-07-02"",""sourceType"":""federal_open_data"",""locationSpecific"":true,""reviewerNote"":""Emergency services flag copied from the official CMS Hospital General Information row for this facility.""}}"
cms-390180,CROZER CHESTER MEDICAL CENTER,hospital,ONE MEDICAL CENTER BOULEVARD,UPLAND,PA,DELAWARE,19013,39.857179785973,-75.366533563489,(610) 447-2000,Emergency services,CMS Hospital General Information,https://data.cms.gov/provider-data/dataset/xubh-q36u,2026-07-02,"Fields copied from the official CMS Hospital General Information CSV: facility name, address, city, state, ZIP code, county, phone, hospital type, ownership and emergency services flag. Hospital type: Acute Care Hospitals. Ownership: Voluntary non-profit - Other. Emergency services listed by CMS: Yes. Coordinates from the U.S. Census Bureau batch geocoder (Non_Exact address match). CMS quality ratings and measures were intentionally not copied. Daily hours, prices and insurance details were not supplied by this intake.",390180,Hospital General Information,2026-07-02,2026-07-02,needs_review,"{""services"":{""field"":""services"",""status"":""source_backed"",""sourceUrl"":""https://data.cms.gov/provider-data/dataset/xubh-q36u"",""sourceTitle"":""CMS Hospital General Information"",""checkedDate"":""2026-07-02"",""sourceType"":""federal_open_data"",""locationSpecific"":true,""reviewerNote"":""Emergency services flag copied from the official CMS Hospital General Information row for this facility.""}}"
cms-390184,PENN HIGHLANDS CONNELLSVILLE,hospital,401 EAST MURPHY AVENUE,CONNELLSVILLE,PA,FAYETTE,15425,40.023126495821,-79.587291872308,(724) 628-1500,Emergency services,CMS Hospital General Information,https://data.cms.gov/provider-data/dataset/xubh-q36u,2026-07-02,"Fields copied from the official CMS Hospital General Information CSV: facility name, address, city, state, ZIP code, county, phone, hospital type, ownership and emergency services flag. Hospital type: Acute Care Hospitals. Ownership: Voluntary non-profit - Private. Emergency services listed by CMS: Yes. Coordinates from the U.S. Census Bureau batch geocoder (Exact address match). CMS quality ratings and measures were intentionally not copied. Daily hours, prices and insurance details were not supplied by this intake.",390184,Hospital General Information,2026-07-02,2026-07-02,needs_review,"{""services"":{""field"":""services"",""status"":""source_backed"",""sourceUrl"":""https://data.cms.gov/provider-data/dataset/xubh-q36u"",""sourceTitle"":""CMS Hospital General Information"",""checkedDate"":""2026-07-02"",""sourceType"":""federal_open_data"",""locationSpecific"":true,""reviewerNote"":""Emergency services flag copied from the official CMS Hospital General Information row for this facility.""}}"
cms-390185,LEHIGH VALLEY HOSPITAL - HAZLETON,hospital,700 EAST BROAD STREET,HAZLETON,PA,LUZERNE,18201,40.950109741328,-75.963001364686,(570) 501-4000,Emergency services,CMS Hospital General Information,https://data.cms.gov/provider-data/dataset/xubh-q36u,2026-07-02,"Fields copied from the official CMS Hospital General Information CSV: facility name, address, city, state, ZIP code, county, phone, hospital type, ownership and emergency services flag. Hospital type: Acute Care Hospitals. Ownership: Voluntary non-profit - Other. Emergency services listed by CMS: Yes. Coordinates from the U.S. Census Bureau batch geocoder (Exact address match). CMS quality ratings and measures were intentionally not copied. Daily hours, prices and insurance details were not supplied by this intake.",390185,Hospital General Information,2026-07-02,2026-07-02,needs_review,"{""services"":{""field"":""services"",""status"":""source_backed"",""sourceUrl"":""https://data.cms.gov/provider-data/dataset/xubh-q36u"",""sourceTitle"":""CMS Hospital General Information"",""checkedDate"":""2026-07-02"",""sourceType"":""federal_open_data"",""locationSpecific"":true,""reviewerNote"":""Emergency services flag copied from the official CMS Hospital General Information row for this facility.""}}"
cms-390195,MAIN LINE HOSPITAL LANKENAU,hospital,100 LANCASTER AVE,WYNNEWOOD,PA,MONTGOMERY,19096,39.990264210987,-75.258041545246,(610) 645-2000,Emergency services,CMS Hospital General Information,https://data.cms.gov/provider-data/dataset/xubh-q36u,2026-07-02,"Fields copied from the official CMS Hospital General Information CSV: facility name, address, city, state, ZIP code, county, phone, hospital type, ownership and emergency services flag. Hospital type: Acute Care Hospitals. Ownership: Voluntary non-profit - Private. Emergency services listed by CMS: Yes. Coordinates from the U.S. Census Bureau batch geocoder (Non_Exact address match). CMS quality ratings and measures were intentionally not copied. Daily hours, prices and insurance details were not supplied by this intake.",390195,Hospital General Information,2026-07-02,2026-07-02,needs_review,"{""services"":{""field"":""services"",""status"":""source_backed"",""sourceUrl"":""https://data.cms.gov/provider-data/dataset/xubh-q36u"",""sourceTitle"":""CMS Hospital General Information"",""checkedDate"":""2026-07-02"",""sourceType"":""federal_open_data"",""locationSpecific"":true,""reviewerNote"":""Emergency services flag copied from the official CMS Hospital General Information row for this facility.""}}"
cms-390198,LECOM MEDICAL CENTER AND BEHAVIORAL HEALTH PAV,hospital,5515 PEACH STREET,ERIE,PA,ERIE,16509,42.073509257912,-80.093532646893,(814) 864-4031,Emergency services,CMS Hospital General Information,https://data.cms.gov/provider-data/dataset/xubh-q36u,2026-07-02,"Fields copied from the official CMS Hospital General Information CSV: facility name, address, city, state, ZIP code, county, phone, hospital type, ownership and emergency services flag. Hospital type: Acute Care Hospitals. Ownership: Voluntary non-profit - Private. Emergency services listed by CMS: Yes. Coordinates from the U.S. Census Bureau batch geocoder (Exact address match). CMS quality ratings and measures were intentionally not copied. Daily hours, prices and insurance details were not supplied by this intake.",390198,Hospital General Information,2026-07-02,2026-07-02,needs_review,"{""services"":{""field"":""services"",""status"":""source_backed"",""sourceUrl"":""https://data.cms.gov/provider-data/dataset/xubh-q36u"",""sourceTitle"":""CMS Hospital General Information"",""checkedDate"":""2026-07-02"",""sourceType"":""federal_open_data"",""locationSpecific"":true,""reviewerNote"":""Emergency services flag copied from the official CMS Hospital General Information row for this facility.""}}"
cms-390199,PUNXSUTAWNEY AREA HOSPITAL,hospital,81 HILLCREST DRIVE,PUNXSUTAWNEY,PA,JEFFERSON,15767,40.960236067533,-78.999978895771,(814) 938-1800,Emergency services,CMS Hospital General Information,https://data.cms.gov/provider-data/dataset/xubh-q36u,2026-07-02,"Fields copied from the official CMS Hospital General Information CSV: facility name, address, city, state, ZIP code, county, phone, hospital type, ownership and emergency services flag. Hospital type: Acute Care Hospitals. Ownership: Voluntary non-profit - Private. Emergency services listed by CMS: Yes. Coordinates from the U.S. Census Bureau batch geocoder (Exact address match). CMS quality ratings and measures were intentionally not copied. Daily hours, prices and insurance details were not supplied by this intake.",390199,Hospital General Information,2026-07-02,2026-07-02,needs_review,"{""services"":{""field"":""services"",""status"":""source_backed"",""sourceUrl"":""https://data.cms.gov/provider-data/dataset/xubh-q36u"",""sourceTitle"":""CMS Hospital General Information"",""checkedDate"":""2026-07-02"",""sourceType"":""federal_open_data"",""locationSpecific"":true,""reviewerNote"":""Emergency services flag copied from the official CMS Hospital General Information row for this facility.""}}"
cms-390201,LEHIGH VALLEY HOSPITAL - POCONO,hospital,206 EAST BROWN STREET,EAST STROUDSBURG,PA,MONROE,18301,40.992265174614,-75.174743171329,(570) 421-4000,Emergency services,CMS Hospital General Information,https://data.cms.gov/provider-data/dataset/xubh-q36u,2026-07-02,"Fields copied from the official CMS Hospital General Information CSV: facility name, address, city, state, ZIP code, county, phone, hospital type, ownership and emergency services flag. Hospital type: Acute Care Hospitals. Ownership: Voluntary non-profit - Private. Emergency services listed by CMS: Yes. Coordinates from the U.S. Census Bureau batch geocoder (Exact address match). CMS quality ratings and measures were intentionally not copied. Daily hours, prices and insurance details were not supplied by this intake.",390201,Hospital General Information,2026-07-02,2026-07-02,needs_review,"{""services"":{""field"":""services"",""status"":""source_backed"",""sourceUrl"":""https://data.cms.gov/provider-data/dataset/xubh-q36u"",""sourceTitle"":""CMS Hospital General Information"",""checkedDate"":""2026-07-02"",""sourceType"":""federal_open_data"",""locationSpecific"":true,""reviewerNote"":""Emergency services flag copied from the official CMS Hospital General Information row for this facility.""}}"
cms-390203,DOYLESTOWN HOSPITAL,hospital,595 WEST STATE ST,DOYLESTOWN,PA,BUCKS,18901,40.304618256476,-75.143822021017,(215) 345-2200,Emergency services,CMS Hospital General Information,https://data.cms.gov/provider-data/dataset/xubh-q36u,2026-07-02,"Fields copied from the official CMS Hospital General Information CSV: facility name, address, city, state, ZIP code, county, phone, hospital type, ownership and emergency services flag. Hospital type: Acute Care Hospitals. Ownership: Voluntary non-profit - Private. Emergency services listed by CMS: Yes. Coordinates from the U.S. Census Bureau batch geocoder (Exact address match). CMS quality ratings and measures were intentionally not copied. Daily hours, prices and insurance details were not supplied by this intake.",390203,Hospital General Information,2026-07-02,2026-07-02,needs_review,"{""services"":{""field"":""services"",""status"":""source_backed"",""sourceUrl"":""https://data.cms.gov/provider-data/dataset/xubh-q36u"",""sourceTitle"":""CMS Hospital General Information"",""checkedDate"":""2026-07-02"",""sourceType"":""federal_open_data"",""locationSpecific"":true,""reviewerNote"":""Emergency services flag copied from the official CMS Hospital General Information row for this facility.""}}"
cms-390204,NAZARETH HOSPITAL,hospital,2601 HOLME AVE,PHILADELPHIA,PA,PHILADELPHIA,19152,40.058339003082,-75.042753286805,(215) 335-6000,Emergency services,CMS Hospital General Information,https://data.cms.gov/provider-data/dataset/xubh-q36u,2026-07-02,"Fields copied from the official CMS Hospital General Information CSV: facility name, address, city, state, ZIP code, county, phone, hospital type, ownership and emergency services flag. Hospital type: Acute Care Hospitals. Ownership: Voluntary non-profit - Private. Emergency services listed by CMS: Yes. Coordinates from the U.S. Census Bureau batch geocoder (Exact address match). CMS quality ratings and measures were intentionally not copied. Daily hours, prices and insurance details were not supplied by this intake.",390204,Hospital General Information,2026-07-02,2026-07-02,needs_review,"{""services"":{""field"":""services"",""status"":""source_backed"",""sourceUrl"":""https://data.cms.gov/provider-data/dataset/xubh-q36u"",""sourceTitle"":""CMS Hospital General Information"",""checkedDate"":""2026-07-02"",""sourceType"":""federal_open_data"",""locationSpecific"":true,""reviewerNote"":""Emergency services flag copied from the official CMS Hospital General Information row for this facility.""}}"
cms-390211,SHARON REGIONAL MEDICAL CENTER,hospital,740 EAST STATE STREET,SHARON,PA,MERCER,16146,41.232951910994,-80.496027692781,(724) 983-3911,Emergency services,CMS Hospital General Information,https://data.cms.gov/provider-data/dataset/xubh-q36u,2026-07-02,"Fields copied from the official CMS Hospital General Information CSV: facility name, address, city, state, ZIP code, county, phone, hospital type, ownership and emergency services flag. Hospital type: Acute Care Hospitals. Ownership: Proprietary. Emergency services listed by CMS: Yes. Coordinates from the U.S. Census Bureau batch geocoder (Exact address match). CMS quality ratings and measures were intentionally not copied. Daily hours, prices and insurance details were not supplied by this intake.",390211,Hospital General Information,2026-07-02,2026-07-02,needs_review,"{""services"":{""field"":""services"",""status"":""source_backed"",""sourceUrl"":""https://data.cms.gov/provider-data/dataset/xubh-q36u"",""sourceTitle"":""CMS Hospital General Information"",""checkedDate"":""2026-07-02"",""sourceType"":""federal_open_data"",""locationSpecific"":true,""reviewerNote"":""Emergency services flag copied from the official CMS Hospital General Information row for this facility.""}}"
cms-390217,EXCELA HEALTH - FRICK HOSPITAL,hospital,508 SOUTH CHURCH STREET,MOUNT PLEASANT,PA,WESTMORELAND,15666,40.14581869042,-79.548027909222,(724) 547-1500,Emergency services,CMS Hospital General Information,https://data.cms.gov/provider-data/dataset/xubh-q36u,2026-07-02,"Fields copied from the official CMS Hospital General Information CSV: facility name, address, city, state, ZIP code, county, phone, hospital type, ownership and emergency services flag. Hospital type: Acute Care Hospitals. Ownership: Voluntary non-profit - Other. Emergency services listed by CMS: Yes. Coordinates from the U.S. Census Bureau batch geocoder (Exact address match). CMS quality ratings and measures were intentionally not copied. Daily hours, prices and insurance details were not supplied by this intake.",390217,Hospital General Information,2026-07-02,2026-07-02,needs_review,"{""services"":{""field"":""services"",""status"":""source_backed"",""sourceUrl"":""https://data.cms.gov/provider-data/dataset/xubh-q36u"",""sourceTitle"":""CMS Hospital General Information"",""checkedDate"":""2026-07-02"",""sourceType"":""federal_open_data"",""locationSpecific"":true,""reviewerNote"":""Emergency services flag copied from the official CMS Hospital General Information row for this facility.""}}"
cms-390222,RIDDLE MEMORIAL HOSPITAL,hospital,1068 WEST BALTIMORE PIKE,MEDIA,PA,DELAWARE,19063,39.914232042412,-75.43019173232,(610) 566-9400,Emergency services,CMS Hospital General Information,https://data.cms.gov/provider-data/dataset/xubh-q36u,2026-07-02,"Fields copied from the official CMS Hospital General Information CSV: facility name, address, city, state, ZIP code, county, phone, hospital type, ownership and emergency services flag. Hospital type: Acute Care Hospitals. Ownership: Voluntary non-profit - Private. Emergency services listed by CMS: Yes. Coordinates from the U.S. Census Bureau batch geocoder (Non_Exact address match). CMS quality ratings and measures were intentionally not copied. Daily hours, prices and insurance details were not supplied by this intake.",390222,Hospital General Information,2026-07-02,2026-07-02,needs_review,"{""services"":{""field"":""services"",""status"":""source_backed"",""sourceUrl"":""https://data.cms.gov/provider-data/dataset/xubh-q36u"",""sourceTitle"":""CMS Hospital General Information"",""checkedDate"":""2026-07-02"",""sourceType"":""federal_open_data"",""locationSpecific"":true,""reviewerNote"":""Emergency services flag copied from the official CMS Hospital General Information row for this facility.""}}"
cms-390223,PENN PRESBYTERIAN MEDICAL CENTER,hospital,51 NORTH 39TH STREET,PHILADELPHIA,PA,PHILADELPHIA,19104,39.957216653887,-75.19947039462,(215) 662-8000,Emergency services,CMS Hospital General Information,https://data.cms.gov/provider-data/dataset/xubh-q36u,2026-07-02,"Fields copied from the official CMS Hospital General Information CSV: facility name, address, city, state, ZIP code, county, phone, hospital type, ownership and emergency services flag. Hospital type: Acute Care Hospitals. Ownership: Voluntary non-profit - Other. Emergency services listed by CMS: Yes. Coordinates from the U.S. Census Bureau batch geocoder (Exact address match). CMS quality ratings and measures were intentionally not copied. Daily hours, prices and insurance details were not supplied by this intake.",390223,Hospital General Information,2026-07-02,2026-07-02,needs_review,"{""services"":{""field"":""services"",""status"":""source_backed"",""sourceUrl"":""https://data.cms.gov/provider-data/dataset/xubh-q36u"",""sourceTitle"":""CMS Hospital General Information"",""checkedDate"":""2026-07-02"",""sourceType"":""federal_open_data"",""locationSpecific"":true,""reviewerNote"":""Emergency services flag copied from the official CMS Hospital General Information row for this facility.""}}"
cms-390225,WELLSPAN EPHRATA COMMUNITY HOSPITAL,hospital,169 MARTIN AVENUE,EPHRATA,PA,LANCASTER,17522,40.186493627242,-76.184040440149,(717) 733-0311,Emergency services,CMS Hospital General Information,https://data.cms.gov/provider-data/dataset/xubh-q36u,2026-07-02,"Fields copied from the official CMS Hospital General Information CSV: facility name, address, city, state, ZIP code, county, phone, hospital type, ownership and emergency services flag. Hospital type: Acute Care Hospitals. Ownership: Voluntary non-profit - Other. Emergency services listed by CMS: Yes. Coordinates from the U.S. Census Bureau batch geocoder (Exact address match). CMS quality ratings and measures were intentionally not copied. Daily hours, prices and insurance details were not supplied by this intake.",390225,Hospital General Information,2026-07-02,2026-07-02,needs_review,"{""services"":{""field"":""services"",""status"":""source_backed"",""sourceUrl"":""https://data.cms.gov/provider-data/dataset/xubh-q36u"",""sourceTitle"":""CMS Hospital General Information"",""checkedDate"":""2026-07-02"",""sourceType"":""federal_open_data"",""locationSpecific"":true,""reviewerNote"":""Emergency services flag copied from the official CMS Hospital General Information row for this facility.""}}"
cms-390226,PENNSYLVANIA HOSPITAL,hospital,800 SPRUCE STREET,PHILADELPHIA,PA,PHILADELPHIA,19107,39.945680181785,-75.154845554289,(215) 829-3000,Emergency services,CMS Hospital General Information,https://data.cms.gov/provider-data/dataset/xubh-q36u,2026-07-02,"Fields copied from the official CMS Hospital General Information CSV: facility name, address, city, state, ZIP code, county, phone, hospital type, ownership and emergency services flag. Hospital type: Acute Care Hospitals. Ownership: Voluntary non-profit - Private. Emergency services listed by CMS: Yes. Coordinates from the U.S. Census Bureau batch geocoder (Exact address match). CMS quality ratings and measures were intentionally not copied. Daily hours, prices and insurance details were not supplied by this intake.",390226,Hospital General Information,2026-07-02,2026-07-02,needs_review,"{""services"":{""field"":""services"",""status"":""source_backed"",""sourceUrl"":""https://data.cms.gov/provider-data/dataset/xubh-q36u"",""sourceTitle"":""CMS Hospital General Information"",""checkedDate"":""2026-07-02"",""sourceType"":""federal_open_data"",""locationSpecific"":true,""reviewerNote"":""Emergency services flag copied from the official CMS Hospital General Information row for this facility.""}}"
cms-390228,ST CLAIR HOSPITAL,hospital,1000 BOWER HILL ROAD,PITTSBURGH,PA,ALLEGHENY,15243,40.378035129728,-80.065128032385,(412) 942-4000,Emergency services,CMS Hospital General Information,https://data.cms.gov/provider-data/dataset/xubh-q36u,2026-07-02,"Fields copied from the official CMS Hospital General Information CSV: facility name, address, city, state, ZIP code, county, phone, hospital type, ownership and emergency services flag. Hospital type: Acute Care Hospitals. Ownership: Voluntary non-profit - Private. Emergency services listed by CMS: Yes. Coordinates from the U.S. Census Bureau batch geocoder (Exact address match). CMS quality ratings and measures were intentionally not copied. Daily hours, prices and insurance details were not supplied by this intake.",390228,Hospital General Information,2026-07-02,2026-07-02,needs_review,"{""services"":{""field"":""services"",""status"":""source_backed"",""sourceUrl"":""https://data.cms.gov/provider-data/dataset/xubh-q36u"",""sourceTitle"":""CMS Hospital General Information"",""checkedDate"":""2026-07-02"",""sourceType"":""federal_open_data"",""locationSpecific"":true,""reviewerNote"":""Emergency services flag copied from the official CMS Hospital General Information row for this facility.""}}"
cms-390231,JEFFERSON ABINGTON HOSPITAL,hospital,1200 OLD YORK ROAD,ABINGTON,PA,MONTGOMERY,19001,40.117450870254,-75.120312584426,(215) 481-2000,Emergency services,CMS Hospital General Information,https://data.cms.gov/provider-data/dataset/xubh-q36u,2026-07-02,"Fields copied from the official CMS Hospital General Information CSV: facility name, address, city, state, ZIP code, county, phone, hospital type, ownership and emergency services flag. Hospital type: Acute Care Hospitals. Ownership: Voluntary non-profit - Private. Emergency services listed by CMS: Yes. Coordinates from the U.S. Census Bureau batch geocoder (Exact address match). CMS quality ratings and measures were intentionally not copied. Daily hours, prices and insurance details were not supplied by this intake.",390231,Hospital General Information,2026-07-02,2026-07-02,needs_review,"{""services"":{""field"":""services"",""status"":""source_backed"",""sourceUrl"":""https://data.cms.gov/provider-data/dataset/xubh-q36u"",""sourceTitle"":""CMS Hospital General Information"",""checkedDate"":""2026-07-02"",""sourceType"":""federal_open_data"",""locationSpecific"":true,""reviewerNote"":""Emergency services flag copied from the official CMS Hospital General Information row for this facility.""}}"
cms-390233,UPMC HANOVER,hospital,300 HIGHLAND AVE,HANOVER,PA,YORK,17331,39.808056556616,-76.983658615979,(717) 637-3711,Emergency services,CMS Hospital General Information,https://data.cms.gov/provider-data/dataset/xubh-q36u,2026-07-02,"Fields copied from the official CMS Hospital General Information CSV: facility name, address, city, state, ZIP code, county, phone, hospital type, ownership and emergency services flag. Hospital type: Acute Care Hospitals. Ownership: Voluntary non-profit - Private. Emergency services listed by CMS: Yes. Coordinates from the U.S. Census Bureau batch geocoder (Exact address match). CMS quality ratings and measures were intentionally not copied. Daily hours, prices and insurance details were not supplied by this intake.",390233,Hospital General Information,2026-07-02,2026-07-02,needs_review,"{""services"":{""field"":""services"",""status"":""source_backed"",""sourceUrl"":""https://data.cms.gov/provider-data/dataset/xubh-q36u"",""sourceTitle"":""CMS Hospital General Information"",""checkedDate"":""2026-07-02"",""sourceType"":""federal_open_data"",""locationSpecific"":true,""reviewerNote"":""Emergency services flag copied from the official CMS Hospital General Information row for this facility.""}}"
cms-390237,REGIONAL HOSPITAL OF SCRANTON,hospital,746 JEFFERSON AVENUE,SCRANTON,PA,LACKAWANNA,18501,41.412823784324,-75.653990791408,(570) 348-7100,Emergency services,CMS Hospital General Information,https://data.cms.gov/provider-data/dataset/xubh-q36u,2026-07-02,"Fields copied from the official CMS Hospital General Information CSV: facility name, address, city, state, ZIP code, county, phone, hospital type, ownership and emergency services flag. Hospital type: Acute Care Hospitals. Ownership: Proprietary. Emergency services listed by CMS: Yes. Coordinates from the U.S. Census Bureau batch geocoder (Non_Exact address match). CMS quality ratings and measures were intentionally not copied. Daily hours, prices and insurance details were not supplied by this intake.",390237,Hospital General Information,2026-07-02,2026-07-02,needs_review,"{""services"":{""field"":""services"",""status"":""source_backed"",""sourceUrl"":""https://data.cms.gov/provider-data/dataset/xubh-q36u"",""sourceTitle"":""CMS Hospital General Information"",""checkedDate"":""2026-07-02"",""sourceType"":""federal_open_data"",""locationSpecific"":true,""reviewerNote"":""Emergency services flag copied from the official CMS Hospital General Information row for this facility.""}}"
cms-390265,JEFFERSON HOSPITAL,hospital,565 COAL VALLEY ROAD,JEFFERSON HILLS,PA,ALLEGHENY,15025,40.31965630446,-79.933747275276,(412) 469-5000,Emergency services,CMS Hospital General Information,https://data.cms.gov/provider-data/dataset/xubh-q36u,2026-07-02,"Fields copied from the official CMS Hospital General Information CSV: facility name, address, city, state, ZIP code, county, phone, hospital type, ownership and emergency services flag. Hospital type: Acute Care Hospitals. Ownership: Voluntary non-profit - Private. Emergency services listed by CMS: Yes. Coordinates from the U.S. Census Bureau batch geocoder (Exact address match). CMS quality ratings and measures were intentionally not copied. Daily hours, prices and insurance details were not supplied by this intake.",390265,Hospital General Information,2026-07-02,2026-07-02,needs_review,"{""services"":{""field"":""services"",""status"":""source_backed"",""sourceUrl"":""https://data.cms.gov/provider-data/dataset/xubh-q36u"",""sourceTitle"":""CMS Hospital General Information"",""checkedDate"":""2026-07-02"",""sourceType"":""federal_open_data"",""locationSpecific"":true,""reviewerNote"":""Emergency services flag copied from the official CMS Hospital General Information row for this facility.""}}"
cms-390267,FORBES HOSPITAL,hospital,2570 HAYMAKER ROAD,MONROEVILLE,PA,ALLEGHENY,15146,40.42661876585,-79.750816493093,(412) 858-2000,Emergency services,CMS Hospital General Information,https://data.cms.gov/provider-data/dataset/xubh-q36u,2026-07-02,"Fields copied from the official CMS Hospital General Information CSV: facility name, address, city, state, ZIP code, county, phone, hospital type, ownership and emergency services flag. Hospital type: Acute Care Hospitals. Ownership: Voluntary non-profit - Private. Emergency services listed by CMS: Yes. Coordinates from the U.S. Census Bureau batch geocoder (Exact address match). CMS quality ratings and measures were intentionally not copied. Daily hours, prices and insurance details were not supplied by this intake.",390267,Hospital General Information,2026-07-02,2026-07-02,needs_review,"{""services"":{""field"":""services"",""status"":""source_backed"",""sourceUrl"":""https://data.cms.gov/provider-data/dataset/xubh-q36u"",""sourceTitle"":""CMS Hospital General Information"",""checkedDate"":""2026-07-02"",""sourceType"":""federal_open_data"",""locationSpecific"":true,""reviewerNote"":""Emergency services flag copied from the official CMS Hospital General Information row for this facility.""}}"
cms-390270,GEISINGER WYOMING VALLEY MEDICAL CENTER,hospital,1000 EAST MOUNTAIN BOULEVARD,WILKES BARRE,PA,LUZERNE,18711,41.256885381421,-75.811713320281,(570) 826-7300,Emergency services,CMS Hospital General Information,https://data.cms.gov/provider-data/dataset/xubh-q36u,2026-07-02,"Fields copied from the official CMS Hospital General Information CSV: facility name, address, city, state, ZIP code, county, phone, hospital type, ownership and emergency services flag. Hospital type: Acute Care Hospitals. Ownership: Voluntary non-profit - Private. Emergency services listed by CMS: Yes. Coordinates from the U.S. Census Bureau batch geocoder (Non_Exact address match). CMS quality ratings and measures were intentionally not copied. Daily hours, prices and insurance details were not supplied by this intake.",390270,Hospital General Information,2026-07-02,2026-07-02,needs_review,"{""services"":{""field"":""services"",""status"":""source_backed"",""sourceUrl"":""https://data.cms.gov/provider-data/dataset/xubh-q36u"",""sourceTitle"":""CMS Hospital General Information"",""checkedDate"":""2026-07-02"",""sourceType"":""federal_open_data"",""locationSpecific"":true,""reviewerNote"":""Emergency services flag copied from the official CMS Hospital General Information row for this facility.""}}"
cms-390272,VALLEY FORGE MEDICAL CENTER,hospital,1033 WEST GERMANTOWN PIKE,NORRISTOWN,PA,MONTGOMERY,19403,40.15654603526,-75.368813676857,(610) 539-8500,,CMS Hospital General Information,https://data.cms.gov/provider-data/dataset/xubh-q36u,2026-07-02,"Fields copied from the official CMS Hospital General Information CSV: facility name, address, city, state, ZIP code, county, phone, hospital type, ownership and emergency services flag. Hospital type: Acute Care Hospitals. Ownership: Proprietary. Emergency services listed by CMS: No. Coordinates from the U.S. Census Bureau batch geocoder (Exact address match). CMS quality ratings and measures were intentionally not copied. Daily hours, prices and insurance details were not supplied by this intake.",390272,Hospital General Information,2026-07-02,2026-07-02,needs_review,
cms-390304,ROXBOROUGH MEMORIAL HOSPITAL,hospital,5800 RIDGE AVE,PHILADELPHIA,PA,PHILADELPHIA,19128,40.028518266891,-75.210352820702,(215) 483-9900,Emergency services,CMS Hospital General Information,https://data.cms.gov/provider-data/dataset/xubh-q36u,2026-07-02,"Fields copied from the official CMS Hospital General Information CSV: facility name, address, city, state, ZIP code, county, phone, hospital type, ownership and emergency services flag. Hospital type: Acute Care Hospitals. Ownership: Proprietary. Emergency services listed by CMS: Yes. Coordinates from the U.S. Census Bureau batch geocoder (Exact address match). CMS quality ratings and measures were intentionally not copied. Daily hours, prices and insurance details were not supplied by this intake.",390304,Hospital General Information,2026-07-02,2026-07-02,needs_review,"{""services"":{""field"":""services"",""status"":""source_backed"",""sourceUrl"":""https://data.cms.gov/provider-data/dataset/xubh-q36u"",""sourceTitle"":""CMS Hospital General Information"",""checkedDate"":""2026-07-02"",""sourceType"":""federal_open_data"",""locationSpecific"":true,""reviewerNote"":""Emergency services flag copied from the official CMS Hospital General Information row for this facility.""}}"
cms-390307,EDGEWOOD SURGICAL HOSPITAL,hospital,239 EDGEWOOD DRIVE EXTENSION,TRANSFER,PA,MERCER,16154,41.330103036284,-80.419674247362,(724) 646-0400,,CMS Hospital General Information,https://data.cms.gov/provider-data/dataset/xubh-q36u,2026-07-02,"Fields copied from the official CMS Hospital General Information CSV: facility name, address, city, state, ZIP code, county, phone, hospital type, ownership and emergency services flag. Hospital type: Acute Care Hospitals. Ownership: Physician. Emergency services listed by CMS: No. Coordinates from the U.S. Census Bureau batch geocoder (Exact address match). CMS quality ratings and measures were intentionally not copied. Daily hours, prices and insurance details were not supplied by this intake.",390307,Hospital General Information,2026-07-02,2026-07-02,needs_review,
cms-390316,SURGICAL INSTITUTE OF READING,hospital,2752 CENTURY BOULEVARD,WYOMISSING,PA,BERKS,19610,40.358169550082,-75.987048615662,(717) 999-9999,,CMS Hospital General Information,https://data.cms.gov/provider-data/dataset/xubh-q36u,2026-07-02,"Fields copied from the official CMS Hospital General Information CSV: facility name, address, city, state, ZIP code, county, phone, hospital type, ownership and emergency services flag. Hospital type: Acute Care Hospitals. Ownership: Physician. Emergency services listed by CMS: No. Coordinates from the U.S. Census Bureau batch geocoder (Exact address match). CMS quality ratings and measures were intentionally not copied. Daily hours, prices and insurance details were not supplied by this intake.",390316,Hospital General Information,2026-07-02,2026-07-02,needs_review,
cms-390322,ROTHMAN ORTHOPAEDIC SPECIALTY HOSPITAL,hospital,3300 TILLMAN DRIVE,BENSALEM,PA,BUCKS,19020,40.116806895376,-74.961279733171,(215) 244-7400,,CMS Hospital General Information,https://data.cms.gov/provider-data/dataset/xubh-q36u,2026-07-02,"Fields copied from the official CMS Hospital General Information CSV: facility name, address, city, state, ZIP code, county, phone, hospital type, ownership and emergency services flag. Hospital type: Acute Care Hospitals. Ownership: Proprietary. Emergency services listed by CMS: No. Coordinates from the U.S. Census Bureau batch geocoder (Exact address match). CMS quality ratings and measures were intentionally not copied. Daily hours, prices and insurance details were not supplied by this intake.",390322,Hospital General Information,2026-07-02,2026-07-02,needs_review,
cms-390323,ADVANCED SURGICAL HOSPITAL,hospital,100 TRICH DRIVE,WASHINGTON,PA,WASHINGTON,15301,40.157002712066,-80.280772600065,(724) 884-0710,,CMS Hospital General Information,https://data.cms.gov/provider-data/dataset/xubh-q36u,2026-07-02,"Fields copied from the official CMS Hospital General Information CSV: facility name, address, city, state, ZIP code, county, phone, hospital type, ownership and emergency services flag. Hospital type: Acute Care Hospitals. Ownership: Physician. Emergency services listed by CMS: No. Coordinates from the U.S. Census Bureau batch geocoder (Exact address match). CMS quality ratings and measures were intentionally not copied. Daily hours, prices and insurance details were not supplied by this intake.",390323,Hospital General Information,2026-07-02,2026-07-02,needs_review,
cms-390324,PHYSICIANS CARE SURGICAL HOSPITAL,hospital,454 ENTERPRISE DRIVE,ROYERSFORD,PA,MONTGOMERY,19468,40.216775388572,-75.554121190926,(610) 495-3330,,CMS Hospital General Information,https://data.cms.gov/provider-data/dataset/xubh-q36u,2026-07-02,"Fields copied from the official CMS Hospital General Information CSV: facility name, address, city, state, ZIP code, county, phone, hospital type, ownership and emergency services flag. Hospital type: Acute Care Hospitals. Ownership: Physician. Emergency services listed by CMS: No. Coordinates from the U.S. Census Bureau batch geocoder (Exact address match). CMS quality ratings and measures were intentionally not copied. Daily hours, prices and insurance details were not supplied by this intake.",390324,Hospital General Information,2026-07-02,2026-07-02,needs_review,
cms-390325,OSS ORTHOPAEDIC HOSPITAL,hospital,1861 POWDER MILL RD,YORK,PA,YORK,17402,39.916667432695,-76.696720670979,(717) 718-2000,,CMS Hospital General Information,https://data.cms.gov/provider-data/dataset/xubh-q36u,2026-07-02,"Fields copied from the official CMS Hospital General Information CSV: facility name, address, city, state, ZIP code, county, phone, hospital type, ownership and emergency services flag. Hospital type: Acute Care Hospitals. Ownership: Proprietary. Emergency services listed by CMS: No. Coordinates from the U.S. Census Bureau batch geocoder (Exact address match). CMS quality ratings and measures were intentionally not copied. Daily hours, prices and insurance details were not supplied by this intake.",390325,Hospital General Information,2026-07-02,2026-07-02,needs_review,
cms-390327,WELLSPAN SURGERY AND REHABILITATION HOSPITAL,hospital,55 MONUMENT ROAD,YORK,PA,YORK,17403,39.922945904352,-76.717842500345,(717) 812-6100,,CMS Hospital General Information,https://data.cms.gov/provider-data/dataset/xubh-q36u,2026-07-02,"Fields copied from the official CMS Hospital General Information CSV: facility name, address, city, state, ZIP code, county, phone, hospital type, ownership and emergency services flag. Hospital type: Acute Care Hospitals. Ownership: Voluntary non-profit - Private. Emergency services listed by CMS: No. Coordinates from the U.S. Census Bureau batch geocoder (Exact address match). CMS quality ratings and measures were intentionally not copied. Daily hours, prices and insurance details were not supplied by this intake.",390327,Hospital General Information,2026-07-02,2026-07-02,needs_review,
cms-390328,UPMC EAST,hospital,2775 MOSSIDE BOULEVARD,MONROEVILLE,PA,ALLEGHENY,15146,40.437553143417,-79.759506525064,(412) 357-3000,Emergency services,CMS Hospital General Information,https://data.cms.gov/provider-data/dataset/xubh-q36u,2026-07-02,"Fields copied from the official CMS Hospital General Information CSV: facility name, address, city, state, ZIP code, county, phone, hospital type, ownership and emergency services flag. Hospital type: Acute Care Hospitals. Ownership: Voluntary non-profit - Private. Emergency services listed by CMS: Yes. Coordinates from the U.S. Census Bureau batch geocoder (Exact address match). CMS quality ratings and measures were intentionally not copied. Daily hours, prices and insurance details were not supplied by this intake.",390328,Hospital General Information,2026-07-02,2026-07-02,needs_review,"{""services"":{""field"":""services"",""status"":""source_backed"",""sourceUrl"":""https://data.cms.gov/provider-data/dataset/xubh-q36u"",""sourceTitle"":""CMS Hospital General Information"",""checkedDate"":""2026-07-02"",""sourceType"":""federal_open_data"",""locationSpecific"":true,""reviewerNote"":""Emergency services flag copied from the official CMS Hospital General Information row for this facility.""}}"
cms-390329,JEFFERSON EINSTEIN MONTGOMERY HOSPITAL,hospital,559 WEST GERMANTOWN PIKE,EAST NORRITON,PA,MONTGOMERY,19403,40.150576451254,-75.34182392207,(484) 662-1000,Emergency services,CMS Hospital General Information,https://data.cms.gov/provider-data/dataset/xubh-q36u,2026-07-02,"Fields copied from the official CMS Hospital General Information CSV: facility name, address, city, state, ZIP code, county, phone, hospital type, ownership and emergency services flag. Hospital type: Acute Care Hospitals. Ownership: Voluntary non-profit - Private. Emergency services listed by CMS: Yes. Coordinates from the U.S. Census Bureau batch geocoder (Exact address match). CMS quality ratings and measures were intentionally not copied. Daily hours, prices and insurance details were not supplied by this intake.",390329,Hospital General Information,2026-07-02,2026-07-02,needs_review,"{""services"":{""field"":""services"",""status"":""source_backed"",""sourceUrl"":""https://data.cms.gov/provider-data/dataset/xubh-q36u"",""sourceTitle"":""CMS Hospital General Information"",""checkedDate"":""2026-07-02"",""sourceType"":""federal_open_data"",""locationSpecific"":true,""reviewerNote"":""Emergency services flag copied from the official CMS Hospital General Information row for this facility.""}}"
cms-390330,ST LUKE'S HOSPITAL - MONROE CAMPUS,hospital,100 ST LUKE'S LANE,STROUDSBURG,PA,MONROE,18360,40.997316357002,-75.26133380411,(272) 212-1000,Emergency services,CMS Hospital General Information,https://data.cms.gov/provider-data/dataset/xubh-q36u,2026-07-02,"Fields copied from the official CMS Hospital General Information CSV: facility name, address, city, state, ZIP code, county, phone, hospital type, ownership and emergency services flag. Hospital type: Acute Care Hospitals. Ownership: Voluntary non-profit - Private. Emergency services listed by CMS: Yes. Coordinates from the U.S. Census Bureau batch geocoder (Exact address match). CMS quality ratings and measures were intentionally not copied. Daily hours, prices and insurance details were not supplied by this intake.",390330,Hospital General Information,2026-07-02,2026-07-02,needs_review,"{""services"":{""field"":""services"",""status"":""source_backed"",""sourceUrl"":""https://data.cms.gov/provider-data/dataset/xubh-q36u"",""sourceTitle"":""CMS Hospital General Information"",""checkedDate"":""2026-07-02"",""sourceType"":""federal_open_data"",""locationSpecific"":true,""reviewerNote"":""Emergency services flag copied from the official CMS Hospital General Information row for this facility.""}}"
cms-390331,WILLS EYE HOSPITAL,hospital,840 WALNUT STREET,PHILADELPHIA,PA,PHILADELPHIA,19107,39.948237459574,-75.155904211118,(215) 440-3150,,CMS Hospital General Information,https://data.cms.gov/provider-data/dataset/xubh-q36u,2026-07-02,"Fields copied from the official CMS Hospital General Information CSV: facility name, address, city, state, ZIP code, county, phone, hospital type, ownership and emergency services flag. Hospital type: Acute Care Hospitals. Ownership: Voluntary non-profit - Private. Emergency services listed by CMS: No. Coordinates from the U.S. Census Bureau batch geocoder (Exact address match). CMS quality ratings and measures were intentionally not copied. Daily hours, prices and insurance details were not supplied by this intake.",390331,Hospital General Information,2026-07-02,2026-07-02,needs_review,
cms-390333,"AHN EMERUS WESTMORELAND, LLC",hospital,6321 ROUTE 30,GREENSBURG,PA,WESTMORELAND,15601,40.310165177754,-79.600191687599,(787) 295-4735,Emergency services,CMS Hospital General Information,https://data.cms.gov/provider-data/dataset/xubh-q36u,2026-07-02,"Fields copied from the official CMS Hospital General Information CSV: facility name, address, city, state, ZIP code, county, phone, hospital type, ownership and emergency services flag. Hospital type: Acute Care Hospitals. Ownership: Proprietary. Emergency services listed by CMS: Yes. Coordinates from the U.S. Census Bureau batch geocoder (Exact address match). CMS quality ratings and measures were intentionally not copied. Daily hours, prices and insurance details were not supplied by this intake.",390333,Hospital General Information,2026-07-02,2026-07-02,needs_review,"{""services"":{""field"":""services"",""status"":""source_backed"",""sourceUrl"":""https://data.cms.gov/provider-data/dataset/xubh-q36u"",""sourceTitle"":""CMS Hospital General Information"",""checkedDate"":""2026-07-02"",""sourceType"":""federal_open_data"",""locationSpecific"":true,""reviewerNote"":""Emergency services flag copied from the official CMS Hospital General Information row for this facility.""}}"
cms-390334,AHN WEXFORD HOSPITAL,hospital,12351 PERRY HIGHWAY,WEXFORD,PA,ALLEGHENY,15090,40.634110203261,-80.060371866343,(412) 295-3319,Emergency services,CMS Hospital General Information,https://data.cms.gov/provider-data/dataset/xubh-q36u,2026-07-02,"Fields copied from the official CMS Hospital General Information CSV: facility name, address, city, state, ZIP code, county, phone, hospital type, ownership and emergency services flag. Hospital type: Acute Care Hospitals. Ownership: Voluntary non-profit - Private. Emergency services listed by CMS: Yes. Coordinates from the U.S. Census Bureau batch geocoder (Exact address match). CMS quality ratings and measures were intentionally not copied. Daily hours, prices and insurance details were not supplied by this intake.",390334,Hospital General Information,2026-07-02,2026-07-02,needs_review,"{""services"":{""field"":""services"",""status"":""source_backed"",""sourceUrl"":""https://data.cms.gov/provider-data/dataset/xubh-q36u"",""sourceTitle"":""CMS Hospital General Information"",""checkedDate"":""2026-07-02"",""sourceType"":""federal_open_data"",""locationSpecific"":true,""reviewerNote"":""Emergency services flag copied from the official CMS Hospital General Information row for this facility.""}}"
cms-390336,PENN STATE HEALTH HAMPDEN MEDICAL CENTER,hospital,2200 GOOD HOPE ROAD,ENOLA,PA,CUMBERLAND,17025,40.291826051762,-76.986581658099,(717) 981-9000,Emergency services,CMS Hospital General Information,https://data.cms.gov/provider-data/dataset/xubh-q36u,2026-07-02,"Fields copied from the official CMS Hospital General Information CSV: facility name, address, city, state, ZIP code, county, phone, hospital type, ownership and emergency services flag. Hospital type: Acute Care Hospitals. Ownership: Voluntary non-profit - Private. Emergency services listed by CMS: Yes. Coordinates from the U.S. Census Bureau batch geocoder (Non_Exact address match). CMS quality ratings and measures were intentionally not copied. Daily hours, prices and insurance details were not supplied by this intake.",390336,Hospital General Information,2026-07-02,2026-07-02,needs_review,"{""services"":{""field"":""services"",""status"":""source_backed"",""sourceUrl"":""https://data.cms.gov/provider-data/dataset/xubh-q36u"",""sourceTitle"":""CMS Hospital General Information"",""checkedDate"":""2026-07-02"",""sourceType"":""federal_open_data"",""locationSpecific"":true,""reviewerNote"":""Emergency services flag copied from the official CMS Hospital General Information row for this facility.""}}"
cms-390337,GEISINGER MEDICAL CENTER MUNCY,hospital,255 ROUTE 220 HIGHWAY,MUNCY,PA,LYCOMING,17756,41.238915001405,-76.805898393868,(570) 308-2475,Emergency services,CMS Hospital General Information,https://data.cms.gov/provider-data/dataset/xubh-q36u,2026-07-02,"Fields copied from the official CMS Hospital General Information CSV: facility name, address, city, state, ZIP code, county, phone, hospital type, ownership and emergency services flag. Hospital type: Acute Care Hospitals. Ownership: Voluntary non-profit - Private. Emergency services listed by CMS: Yes. Coordinates from the U.S. Census Bureau batch geocoder (Non_Exact address match). CMS quality ratings and measures were intentionally not copied. Daily hours, prices and insurance details were not supplied by this intake.",390337,Hospital General Information,2026-07-02,2026-07-02,needs_review,"{""services"":{""field"":""services"",""status"":""source_backed"",""sourceUrl"":""https://data.cms.gov/provider-data/dataset/xubh-q36u"",""sourceTitle"":""CMS Hospital General Information"",""checkedDate"":""2026-07-02"",""sourceType"":""federal_open_data"",""locationSpecific"":true,""reviewerNote"":""Emergency services flag copied from the official CMS Hospital General Information row for this facility.""}}"
cms-390338,LEHIGH VALLEY HOSPITAL - DICKSON CITY,hospital,330 MAIN STREET,DICKSON CITY,PA,LACKAWANNA,18519,41.453614806916,-75.632879230374,(570) 330-5000,Emergency services,CMS Hospital General Information,https://data.cms.gov/provider-data/dataset/xubh-q36u,2026-07-02,"Fields copied from the official CMS Hospital General Information CSV: facility name, address, city, state, ZIP code, county, phone, hospital type, ownership and emergency services flag. Hospital type: Acute Care Hospitals. Ownership: Voluntary non-profit - Private. Emergency services listed by CMS: Yes. Coordinates from the U.S. Census Bureau batch geocoder (Exact address match). CMS quality ratings and measures were intentionally not copied. Daily hours, prices and insurance details were not supplied by this intake.",390338,Hospital General Information,2026-07-02,2026-07-02,needs_review,"{""services"":{""field"":""services"",""status"":""source_backed"",""sourceUrl"":""https://data.cms.gov/provider-data/dataset/xubh-q36u"",""sourceTitle"":""CMS Hospital General Information"",""checkedDate"":""2026-07-02"",""sourceType"":""federal_open_data"",""locationSpecific"":true,""reviewerNote"":""Emergency services flag copied from the official CMS Hospital General Information row for this facility.""}}"
cms-390339,PENN STATE HEALTH LANCASTER MEDICAL CENTER,hospital,2160 STATE ROAD,LANCASTER,PA,LANCASTER,17601,40.081369992996,-76.38202298116,(223) 287-9000,Emergency services,CMS Hospital General Information,https://data.cms.gov/provider-data/dataset/xubh-q36u,2026-07-02,"Fields copied from the official CMS Hospital General Information CSV: facility name, address, city, state, ZIP code, county, phone, hospital type, ownership and emergency services flag. Hospital type: Acute Care Hospitals. Ownership: Voluntary non-profit - Private. Emergency services listed by CMS: Yes. Coordinates from the U.S. Census Bureau batch geocoder (Exact address match). CMS quality ratings and measures were intentionally not copied. Daily hours, prices and insurance details were not supplied by this intake.",390339,Hospital General Information,2026-07-02,2026-07-02,needs_review,"{""services"":{""field"":""services"",""status"":""source_backed"",""sourceUrl"":""https://data.cms.gov/provider-data/dataset/xubh-q36u"",""sourceTitle"":""CMS Hospital General Information"",""checkedDate"":""2026-07-02"",""sourceType"":""federal_open_data"",""locationSpecific"":true,""reviewerNote"":""Emergency services flag copied from the official CMS Hospital General Information row for this facility.""}}"
cms-390430,LEHIGH VALLEY HOSPITAL - MACUNGIE,hospital,3369 STATE ROUTE 100,MACUNGIE,PA,LEHIGH,18062,40.518725852161,-75.563338180594,(835) 215-5500,Emergency services,CMS Hospital General Information,https://data.cms.gov/provider-data/dataset/xubh-q36u,2026-07-02,"Fields copied from the official CMS Hospital General Information CSV: facility name, address, city, state, ZIP code, county, phone, hospital type, ownership and emergency services flag. Hospital type: Acute Care Hospitals. Ownership: Proprietary. Emergency services listed by CMS: Yes. Coordinates from the U.S. Census Bureau batch geocoder (Exact address match). CMS quality ratings and measures were intentionally not copied. Daily hours, prices and insurance details were not supplied by this intake.",390430,Hospital General Information,2026-07-02,2026-07-02,needs_review,"{""services"":{""field"":""services"",""status"":""source_backed"",""sourceUrl"":""https://data.cms.gov/provider-data/dataset/xubh-q36u"",""sourceTitle"":""CMS Hospital General Information"",""checkedDate"":""2026-07-02"",""sourceType"":""federal_open_data"",""locationSpecific"":true,""reviewerNote"":""Emergency services flag copied from the official CMS Hospital General Information row for this facility.""}}"
cms-391300,GEISINGER JERSEY SHORE HOSPITAL,hospital,1020 THOMPSON STREET,JERSEY SHORE,PA,LYCOMING,17740,41.201697154068,-77.267990594251,(570) 398-3101,Emergency services,CMS Hospital General Information,https://data.cms.gov/provider-data/dataset/xubh-q36u,2026-07-02,"Fields copied from the official CMS Hospital General Information CSV: facility name, address, city, state, ZIP code, county, phone, hospital type, ownership and emergency services flag. Hospital type: Critical Access Hospitals. Ownership: Voluntary non-profit - Private. Emergency services listed by CMS: Yes. Coordinates from the U.S. Census Bureau batch geocoder (Exact address match). CMS quality ratings and measures were intentionally not copied. Daily hours, prices and insurance details were not supplied by this intake.",391300,Hospital General Information,2026-07-02,2026-07-02,needs_review,"{""services"":{""field"":""services"",""status"":""source_backed"",""sourceUrl"":""https://data.cms.gov/provider-data/dataset/xubh-q36u"",""sourceTitle"":""CMS Hospital General Information"",""checkedDate"":""2026-07-02"",""sourceType"":""federal_open_data"",""locationSpecific"":true,""reviewerNote"":""Emergency services flag copied from the official CMS Hospital General Information row for this facility.""}}"
cms-391301,UPMC MUNCY,hospital,215 EAST WATER STREET,MUNCY,PA,LYCOMING,17756,41.208677717108,-76.776563242547,(570) 546-8282,Emergency services,CMS Hospital General Information,https://data.cms.gov/provider-data/dataset/xubh-q36u,2026-07-02,"Fields copied from the official CMS Hospital General Information CSV: facility name, address, city, state, ZIP code, county, phone, hospital type, ownership and emergency services flag. Hospital type: Critical Access Hospitals. Ownership: Voluntary non-profit - Private. Emergency services listed by CMS: Yes. Coordinates from the U.S. Census Bureau batch geocoder (Exact address match). CMS quality ratings and measures were intentionally not copied. Daily hours, prices and insurance details were not supplied by this intake.",391301,Hospital General Information,2026-07-02,2026-07-02,needs_review,"{""services"":{""field"":""services"",""status"":""source_backed"",""sourceUrl"":""https://data.cms.gov/provider-data/dataset/xubh-q36u"",""sourceTitle"":""CMS Hospital General Information"",""checkedDate"":""2026-07-02"",""sourceType"":""federal_open_data"",""locationSpecific"":true,""reviewerNote"":""Emergency services flag copied from the official CMS Hospital General Information row for this facility.""}}"
cms-391302,CONEMAUGH MEYERSDALE MEDICAL CENTER,hospital,200 HOSPITAL DRIVE,MEYERSDALE,PA,SOMERSET,15552,39.809531926649,-79.025064156803,(814) 634-5911,Emergency services,CMS Hospital General Information,https://data.cms.gov/provider-data/dataset/xubh-q36u,2026-07-02,"Fields copied from the official CMS Hospital General Information CSV: facility name, address, city, state, ZIP code, county, phone, hospital type, ownership and emergency services flag. Hospital type: Critical Access Hospitals. Ownership: Proprietary. Emergency services listed by CMS: Yes. Coordinates from the U.S. Census Bureau batch geocoder (Exact address match). CMS quality ratings and measures were intentionally not copied. Daily hours, prices and insurance details were not supplied by this intake.",391302,Hospital General Information,2026-07-02,2026-07-02,needs_review,"{""services"":{""field"":""services"",""status"":""source_backed"",""sourceUrl"":""https://data.cms.gov/provider-data/dataset/xubh-q36u"",""sourceTitle"":""CMS Hospital General Information"",""checkedDate"":""2026-07-02"",""sourceType"":""federal_open_data"",""locationSpecific"":true,""reviewerNote"":""Emergency services flag copied from the official CMS Hospital General Information row for this facility.""}}"
cms-391303,FULTON COUNTY MEDICAL CENTER,hospital,214 PEACH ORCHARD ROAD,MCCONNELLSBURG,PA,FULTON,17233,39.938483603924,-78.009132570228,(717) 485-3155,Emergency services,CMS Hospital General Information,https://data.cms.gov/provider-data/dataset/xubh-q36u,2026-07-02,"Fields copied from the official CMS Hospital General Information CSV: facility name, address, city, state, ZIP code, county, phone, hospital type, ownership and emergency services flag. Hospital type: Critical Access Hospitals. Ownership: Voluntary non-profit - Private. Emergency services listed by CMS: Yes. Coordinates from the U.S. Census Bureau batch geocoder (Non_Exact address match). CMS quality ratings and measures were intentionally not copied. Daily hours, prices and insurance details were not supplied by this intake.",391303,Hospital General Information,2026-07-02,2026-07-02,needs_review,"{""services"":{""field"":""services"",""status"":""source_backed"",""sourceUrl"":""https://data.cms.gov/provider-data/dataset/xubh-q36u"",""sourceTitle"":""CMS Hospital General Information"",""checkedDate"":""2026-07-02"",""sourceType"":""federal_open_data"",""locationSpecific"":true,""reviewerNote"":""Emergency services flag copied from the official CMS Hospital General Information row for this facility.""}}"
cms-391304,BUCKTAIL MEDICAL CENTER,hospital,1001 PINE STREET,RENOVO,PA,CLINTON,17764,41.326839548901,-77.738016665424,(570) 923-1000,Emergency services,CMS Hospital General Information,https://data.cms.gov/provider-data/dataset/xubh-q36u,2026-07-02,"Fields copied from the official CMS Hospital General Information CSV: facility name, address, city, state, ZIP code, county, phone, hospital type, ownership and emergency services flag. Hospital type: Critical Access Hospitals. Ownership: Voluntary non-profit - Private. Emergency services listed by CMS: Yes. Coordinates from the U.S. Census Bureau batch geocoder (Exact address match). CMS quality ratings and measures were intentionally not copied. Daily hours, prices and insurance details were not supplied by this intake.",391304,Hospital General Information,2026-07-02,2026-07-02,needs_review,"{""services"":{""field"":""services"",""status"":""source_backed"",""sourceUrl"":""https://data.cms.gov/provider-data/dataset/xubh-q36u"",""sourceTitle"":""CMS Hospital General Information"",""checkedDate"":""2026-07-02"",""sourceType"":""federal_open_data"",""locationSpecific"":true,""reviewerNote"":""Emergency services flag copied from the official CMS Hospital General Information row for this facility.""}}"
cms-391305,TROY COMMUNITY HOSPITAL,hospital,275 GUTHRIE DRIVE,TROY,PA,BRADFORD,16947,41.792489281799,-76.795196396704,(570) 297-2121,Emergency services,CMS Hospital General Information,https://data.cms.gov/provider-data/dataset/xubh-q36u,2026-07-02,"Fields copied from the official CMS Hospital General Information CSV: facility name, address, city, state, ZIP code, county, phone, hospital type, ownership and emergency services flag. Hospital type: Critical Access Hospitals. Ownership: Voluntary non-profit - Private. Emergency services listed by CMS: Yes. Coordinates from the U.S. Census Bureau batch geocoder (Exact address match). CMS quality ratings and measures were intentionally not copied. Daily hours, prices and insurance details were not supplied by this intake.",391305,Hospital General Information,2026-07-02,2026-07-02,needs_review,"{""services"":{""field"":""services"",""status"":""source_backed"",""sourceUrl"":""https://data.cms.gov/provider-data/dataset/xubh-q36u"",""sourceTitle"":""CMS Hospital General Information"",""checkedDate"":""2026-07-02"",""sourceType"":""federal_open_data"",""locationSpecific"":true,""reviewerNote"":""Emergency services flag copied from the official CMS Hospital General Information row for this facility.""}}"
cms-391307,PENN HIGHLANDS TYRONE,hospital,187 HOSPITAL DRIVE,TYRONE,PA,BLAIR,16686,40.674871526178,-78.251959538677,(814) 684-1255,Emergency services,CMS Hospital General Information,https://data.cms.gov/provider-data/dataset/xubh-q36u,2026-07-02,"Fields copied from the official CMS Hospital General Information CSV: facility name, address, city, state, ZIP code, county, phone, hospital type, ownership and emergency services flag. Hospital type: Critical Access Hospitals. Ownership: Voluntary non-profit - Private. Emergency services listed by CMS: Yes. Coordinates from the U.S. Census Bureau batch geocoder (Exact address match). CMS quality ratings and measures were intentionally not copied. Daily hours, prices and insurance details were not supplied by this intake.",391307,Hospital General Information,2026-07-02,2026-07-02,needs_review,"{""services"":{""field"":""services"",""status"":""source_backed"",""sourceUrl"":""https://data.cms.gov/provider-data/dataset/xubh-q36u"",""sourceTitle"":""CMS Hospital General Information"",""checkedDate"":""2026-07-02"",""sourceType"":""federal_open_data"",""locationSpecific"":true,""reviewerNote"":""Emergency services flag copied from the official CMS Hospital General Information row for this facility.""}}"
cms-391308,LECOM HEALTH CORRY MEMORIAL HOSPITAL,hospital,965 SHAMROCK LANE,CORRY,PA,ERIE,16407,41.935237374992,-79.612552278215,(814) 664-4641,Emergency services,CMS Hospital General Information,https://data.cms.gov/provider-data/dataset/xubh-q36u,2026-07-02,"Fields copied from the official CMS Hospital General Information CSV: facility name, address, city, state, ZIP code, county, phone, hospital type, ownership and emergency services flag. Hospital type: Critical Access Hospitals. Ownership: Government - Hospital District or Authority. Emergency services listed by CMS: Yes. Coordinates from the U.S. Census Bureau batch geocoder (Exact address match). CMS quality ratings and measures were intentionally not copied. Daily hours, prices and insurance details were not supplied by this intake.",391308,Hospital General Information,2026-07-02,2026-07-02,needs_review,"{""services"":{""field"":""services"",""status"":""source_backed"",""sourceUrl"":""https://data.cms.gov/provider-data/dataset/xubh-q36u"",""sourceTitle"":""CMS Hospital General Information"",""checkedDate"":""2026-07-02"",""sourceType"":""federal_open_data"",""locationSpecific"":true,""reviewerNote"":""Emergency services flag copied from the official CMS Hospital General Information row for this facility.""}}"
cms-391309,BARNES-KASSON COUNTY HOSPITAL,hospital,2872 TURNPIKE STREET,SUSQUEHANNA,PA,SUSQUEHANNA,18847,41.946233000163,-75.593738894852,(570) 853-3135,Emergency services,CMS Hospital General Information,https://data.cms.gov/provider-data/dataset/xubh-q36u,2026-07-02,"Fields copied from the official CMS Hospital General Information CSV: facility name, address, city, state, ZIP code, county, phone, hospital type, ownership and emergency services flag. Hospital type: Critical Access Hospitals. Ownership: Voluntary non-profit - Private. Emergency services listed by CMS: Yes. Coordinates from the U.S. Census Bureau batch geocoder (Exact address match). CMS quality ratings and measures were intentionally not copied. Daily hours, prices and insurance details were not supplied by this intake.",391309,Hospital General Information,2026-07-02,2026-07-02,needs_review,"{""services"":{""field"":""services"",""status"":""source_backed"",""sourceUrl"":""https://data.cms.gov/provider-data/dataset/xubh-q36u"",""sourceTitle"":""CMS Hospital General Information"",""checkedDate"":""2026-07-02"",""sourceType"":""federal_open_data"",""locationSpecific"":true,""reviewerNote"":""Emergency services flag copied from the official CMS Hospital General Information row for this facility.""}}"
cms-391312,PENN HIGHLANDS BROOKVILLE,hospital,100 HOSPITAL ROAD,BROOKVILLE,PA,JEFFERSON,15825,41.156640021468,-79.092890092595,(814) 849-2312,Emergency services,CMS Hospital General Information,https://data.cms.gov/provider-data/dataset/xubh-q36u,2026-07-02,"Fields copied from the official CMS Hospital General Information CSV: facility name, address, city, state, ZIP code, county, phone, hospital type, ownership and emergency services flag. Hospital type: Critical Access Hospitals. Ownership: Voluntary non-profit - Private. Emergency services listed by CMS: Yes. Coordinates from the U.S. Census Bureau batch geocoder (Exact address match). CMS quality ratings and measures were intentionally not copied. Daily hours, prices and insurance details were not supplied by this intake.",391312,Hospital General Information,2026-07-02,2026-07-02,needs_review,"{""services"":{""field"":""services"",""status"":""source_backed"",""sourceUrl"":""https://data.cms.gov/provider-data/dataset/xubh-q36u"",""sourceTitle"":""CMS Hospital General Information"",""checkedDate"":""2026-07-02"",""sourceType"":""federal_open_data"",""locationSpecific"":true,""reviewerNote"":""Emergency services flag copied from the official CMS Hospital General Information row for this facility.""}}"
cms-391313,UPMC COLE,hospital,1001 EAST SECOND STREET,COUDERSPORT,PA,POTTER,16915,41.769287301317,-77.977706590371,(814) 274-9301,Emergency services,CMS Hospital General Information,https://data.cms.gov/provider-data/dataset/xubh-q36u,2026-07-02,"Fields copied from the official CMS Hospital General Information CSV: facility name, address, city, state, ZIP code, county, phone, hospital type, ownership and emergency services flag. Hospital type: Critical Access Hospitals. Ownership: Voluntary non-profit - Private. Emergency services listed by CMS: Yes. Coordinates from the U.S. Census Bureau batch geocoder (Exact address match). CMS quality ratings and measures were intentionally not copied. Daily hours, prices and insurance details were not supplied by this intake.",391313,Hospital General Information,2026-07-02,2026-07-02,needs_review,"{""services"":{""field"":""services"",""status"":""source_backed"",""sourceUrl"":""https://data.cms.gov/provider-data/dataset/xubh-q36u"",""sourceTitle"":""CMS Hospital General Information"",""checkedDate"":""2026-07-02"",""sourceType"":""federal_open_data"",""locationSpecific"":true,""reviewerNote"":""Emergency services flag copied from the official CMS Hospital General Information row for this facility.""}}"
cms-391314,TITUSVILLE AREA HOSPITAL,hospital,406 WEST OAK STREET,TITUSVILLE,PA,CRAWFORD,16354,41.633212088526,-79.679299824864,(814) 827-1851,Emergency services,CMS Hospital General Information,https://data.cms.gov/provider-data/dataset/xubh-q36u,2026-07-02,"Fields copied from the official CMS Hospital General Information CSV: facility name, address, city, state, ZIP code, county, phone, hospital type, ownership and emergency services flag. Hospital type: Critical Access Hospitals. Ownership: Voluntary non-profit - Private. Emergency services listed by CMS: Yes. Coordinates from the U.S. Census Bureau batch geocoder (Exact address match). CMS quality ratings and measures were intentionally not copied. Daily hours, prices and insurance details were not supplied by this intake.",391314,Hospital General Information,2026-07-02,2026-07-02,needs_review,"{""services"":{""field"":""services"",""status"":""source_backed"",""sourceUrl"":""https://data.cms.gov/provider-data/dataset/xubh-q36u"",""sourceTitle"":""CMS Hospital General Information"",""checkedDate"":""2026-07-02"",""sourceType"":""federal_open_data"",""locationSpecific"":true,""reviewerNote"":""Emergency services flag copied from the official CMS Hospital General Information row for this facility.""}}"
cms-391315,PENN HIGHLANDS ELK,hospital,763 JOHNSONBURG ROAD,SAINT MARYS,PA,ELK,15857,41.427149634444,-78.577026419914,(814) 788-8000,Emergency services,CMS Hospital General Information,https://data.cms.gov/provider-data/dataset/xubh-q36u,2026-07-02,"Fields copied from the official CMS Hospital General Information CSV: facility name, address, city, state, ZIP code, county, phone, hospital type, ownership and emergency services flag. Hospital type: Critical Access Hospitals. Ownership: Voluntary non-profit - Private. Emergency services listed by CMS: Yes. Coordinates from the U.S. Census Bureau batch geocoder (Exact address match). CMS quality ratings and measures were intentionally not copied. Daily hours, prices and insurance details were not supplied by this intake.",391315,Hospital General Information,2026-07-02,2026-07-02,needs_review,"{""services"":{""field"":""services"",""status"":""source_backed"",""sourceUrl"":""https://data.cms.gov/provider-data/dataset/xubh-q36u"",""sourceTitle"":""CMS Hospital General Information"",""checkedDate"":""2026-07-02"",""sourceType"":""federal_open_data"",""locationSpecific"":true,""reviewerNote"":""Emergency services flag copied from the official CMS Hospital General Information row for this facility.""}}"
cms-391316,UPMC WELLSBORO,hospital,32-36 CENTRAL AVENUE,WELLSBORO,PA,TIOGA,16901,41.746248881878,-77.300507534356,(570) 723-7764,Emergency services,CMS Hospital General Information,https://data.cms.gov/provider-data/dataset/xubh-q36u,2026-07-02,"Fields copied from the official CMS Hospital General Information CSV: facility name, address, city, state, ZIP code, county, phone, hospital type, ownership and emergency services flag. Hospital type: Critical Access Hospitals. Ownership: Voluntary non-profit - Private. Emergency services listed by CMS: Yes. Coordinates from the U.S. Census Bureau batch geocoder (Non_Exact address match). CMS quality ratings and measures were intentionally not copied. Daily hours, prices and insurance details were not supplied by this intake.",391316,Hospital General Information,2026-07-02,2026-07-02,needs_review,"{""services"":{""field"":""services"",""status"":""source_backed"",""sourceUrl"":""https://data.cms.gov/provider-data/dataset/xubh-q36u"",""sourceTitle"":""CMS Hospital General Information"",""checkedDate"":""2026-07-02"",""sourceType"":""federal_open_data"",""locationSpecific"":true,""reviewerNote"":""Emergency services flag copied from the official CMS Hospital General Information row for this facility.""}}"
cms-393303,CHILDREN'S HOSPITAL OF PHILADELPHIA,hospital,3401 CIVIC CENTER BLVD,PHILADELPHIA,PA,PHILADELPHIA,19104,39.94785990077,-75.193774876682,(215) 590-1000,Emergency services,CMS Hospital General Information,https://data.cms.gov/provider-data/dataset/xubh-q36u,2026-07-02,"Fields copied from the official CMS Hospital General Information CSV: facility name, address, city, state, ZIP code, county, phone, hospital type, ownership and emergency services flag. Hospital type: Childrens. Ownership: Voluntary non-profit - Private. Emergency services listed by CMS: Yes. Coordinates from the U.S. Census Bureau batch geocoder (Exact address match). CMS quality ratings and measures were intentionally not copied. Daily hours, prices and insurance details were not supplied by this intake.",393303,Hospital General Information,2026-07-02,2026-07-02,needs_review,"{""services"":{""field"":""services"",""status"":""source_backed"",""sourceUrl"":""https://data.cms.gov/provider-data/dataset/xubh-q36u"",""sourceTitle"":""CMS Hospital General Information"",""checkedDate"":""2026-07-02"",""sourceType"":""federal_open_data"",""locationSpecific"":true,""reviewerNote"":""Emergency services flag copied from the official CMS Hospital General Information row for this facility.""}}"
cms-393304,CHILDREN'S HOME OF PITTSBURGH,hospital,5324 PENN AVENUE,PITTSBURGH,PA,ALLEGHENY,15224,40.464535447426,-79.938033784234,(412) 441-4884,,CMS Hospital General Information,https://data.cms.gov/provider-data/dataset/xubh-q36u,2026-07-02,"Fields copied from the official CMS Hospital General Information CSV: facility name, address, city, state, ZIP code, county, phone, hospital type, ownership and emergency services flag. Hospital type: Childrens. Ownership: Voluntary non-profit - Private. Emergency services listed by CMS: No. Coordinates from the U.S. Census Bureau batch geocoder (Exact address match). CMS quality ratings and measures were intentionally not copied. Daily hours, prices and insurance details were not supplied by this intake.",393304,Hospital General Information,2026-07-02,2026-07-02,needs_review,
cms-393307,ST CHRISTOPHER'S HOSPITAL FOR CHILDREN,hospital,160 EAST ERIE AVE,PHILADELPHIA,PA,PHILADELPHIA,19134,40.007167033613,-75.12941706984,(215) 427-5000,Emergency services,CMS Hospital General Information,https://data.cms.gov/provider-data/dataset/xubh-q36u,2026-07-02,"Fields copied from the official CMS Hospital General Information CSV: facility name, address, city, state, ZIP code, county, phone, hospital type, ownership and emergency services flag. Hospital type: Childrens. Ownership: Proprietary. Emergency services listed by CMS: Yes. Coordinates from the U.S. Census Bureau batch geocoder (Non_Exact address match). CMS quality ratings and measures were intentionally not copied. Daily hours, prices and insurance details were not supplied by this intake.",393307,Hospital General Information,2026-07-02,2026-07-02,needs_review,"{""services"":{""field"":""services"",""status"":""source_backed"",""sourceUrl"":""https://data.cms.gov/provider-data/dataset/xubh-q36u"",""sourceTitle"":""CMS Hospital General Information"",""checkedDate"":""2026-07-02"",""sourceType"":""federal_open_data"",""locationSpecific"":true,""reviewerNote"":""Emergency services flag copied from the official CMS Hospital General Information row for this facility.""}}"
cms-393309,SHRINERS HOSPITALS FOR CHILDREN - PHILADELPHIA,hospital,3551 N BROAD STREET,PHILADELPHIA,PA,PHILADELPHIA,19104,40.006922879137,-75.151685414416,(215) 430-4000,,CMS Hospital General Information,https://data.cms.gov/provider-data/dataset/xubh-q36u,2026-07-02,"Fields copied from the official CMS Hospital General Information CSV: facility name, address, city, state, ZIP code, county, phone, hospital type, ownership and emergency services flag. Hospital type: Childrens. Ownership: Voluntary non-profit - Other. Emergency services listed by CMS: No. Coordinates from the U.S. Census Bureau batch geocoder (Non_Exact address match). CMS quality ratings and measures were intentionally not copied. Daily hours, prices and insurance details were not supplied by this intake.",393309,Hospital General Information,2026-07-02,2026-07-02,needs_review,
cms-394001,NORRISTOWN STATE HOSPITAL,hospital,1001 STERIGERE STREET,NORRISTOWN,PA,MONTGOMERY,19401,40.129214189999,-75.348156557029,(610) 313-1000,,CMS Hospital General Information,https://data.cms.gov/provider-data/dataset/xubh-q36u,2026-07-02,"Fields copied from the official CMS Hospital General Information CSV: facility name, address, city, state, ZIP code, county, phone, hospital type, ownership and emergency services flag. Hospital type: Psychiatric. Ownership: Government - State. Emergency services listed by CMS: No. Coordinates from the U.S. Census Bureau batch geocoder (Exact address match). CMS quality ratings and measures were intentionally not copied. Daily hours, prices and insurance details were not supplied by this intake.",394001,Hospital General Information,2026-07-02,2026-07-02,needs_review,
cms-394004,DANVILLE STATE HOSPITAL,hospital,50 KIRKBRIDE DRIVE,DANVILLE,PA,MONTOUR,17821,40.948341230521,-76.596487747739,(570) 271-4500,,CMS Hospital General Information,https://data.cms.gov/provider-data/dataset/xubh-q36u,2026-07-02,"Fields copied from the official CMS Hospital General Information CSV: facility name, address, city, state, ZIP code, county, phone, hospital type, ownership and emergency services flag. Hospital type: Psychiatric. Ownership: Government - State. Emergency services listed by CMS: No. Coordinates from the U.S. Census Bureau batch geocoder (Exact address match). CMS quality ratings and measures were intentionally not copied. Daily hours, prices and insurance details were not supplied by this intake.",394004,Hospital General Information,2026-07-02,2026-07-02,needs_review,
cms-394008,FRIENDS HOSPITAL,hospital,4641 ROOSEVELT BOULEVARD,PHILADELPHIA,PA,PHILADELPHIA,19124,40.026927395102,-75.098564337903,(215) 831-4600,,CMS Hospital General Information,https://data.cms.gov/provider-data/dataset/xubh-q36u,2026-07-02,"Fields copied from the official CMS Hospital General Information CSV: facility name, address, city, state, ZIP code, county, phone, hospital type, ownership and emergency services flag. Hospital type: Psychiatric. Ownership: Proprietary. Emergency services listed by CMS: No. Coordinates from the U.S. Census Bureau batch geocoder (Non_Exact address match). CMS quality ratings and measures were intentionally not copied. Daily hours, prices and insurance details were not supplied by this intake.",394008,Hospital General Information,2026-07-02,2026-07-02,needs_review,
cms-394012,CLARKS SUMMIT STATE HOSPITAL,hospital,1451 HILLSIDE DRIVE,CLARKS SUMMIT,PA,LACKAWANNA,18411,41.478103994126,-75.742283966211,(570) 586-2011,,CMS Hospital General Information,https://data.cms.gov/provider-data/dataset/xubh-q36u,2026-07-02,"Fields copied from the official CMS Hospital General Information CSV: facility name, address, city, state, ZIP code, county, phone, hospital type, ownership and emergency services flag. Hospital type: Psychiatric. Ownership: Government - State. Emergency services listed by CMS: No. Coordinates from the U.S. Census Bureau batch geocoder (Exact address match). CMS quality ratings and measures were intentionally not copied. Daily hours, prices and insurance details were not supplied by this intake.",394012,Hospital General Information,2026-07-02,2026-07-02,needs_review,
cms-394016,WARREN STATE HOSPITAL,hospital,33 MAIN DRIVE,NORTH WARREN,PA,WARREN,16365,41.878915407689,-79.145293127706,(814) 723-5500,,CMS Hospital General Information,https://data.cms.gov/provider-data/dataset/xubh-q36u,2026-07-02,"Fields copied from the official CMS Hospital General Information CSV: facility name, address, city, state, ZIP code, county, phone, hospital type, ownership and emergency services flag. Hospital type: Psychiatric. Ownership: Government - State. Emergency services listed by CMS: No. Coordinates from the U.S. Census Bureau batch geocoder (Exact address match). CMS quality ratings and measures were intentionally not copied. Daily hours, prices and insurance details were not supplied by this intake.",394016,Hospital General Information,2026-07-02,2026-07-02,needs_review,
cms-394023,BELMONT BEHAVIORAL HOSPITAL,hospital,4200 MONUMENT ROAD,PHILADELPHIA,PA,PHILADELPHIA,19131,40.001033944303,-75.215352396463,(215) 877-2000,,CMS Hospital General Information,https://data.cms.gov/provider-data/dataset/xubh-q36u,2026-07-02,"Fields copied from the official CMS Hospital General Information CSV: facility name, address, city, state, ZIP code, county, phone, hospital type, ownership and emergency services flag. Hospital type: Psychiatric. Ownership: Voluntary non-profit - Private. Emergency services listed by CMS: No. Coordinates from the U.S. Census Bureau batch geocoder (Exact address match). CMS quality ratings and measures were intentionally not copied. Daily hours, prices and insurance details were not supplied by this intake.",394023,Hospital General Information,2026-07-02,2026-07-02,needs_review,
cms-394026,TORRANCE STATE HOSPITAL,hospital,121 LONGVIEW DRIVE,TORRANCE,PA,WESTMORELAND,15779,40.415262707616,-79.2380079063,(724) 459-8000,,CMS Hospital General Information,https://data.cms.gov/provider-data/dataset/xubh-q36u,2026-07-02,"Fields copied from the official CMS Hospital General Information CSV: facility name, address, city, state, ZIP code, county, phone, hospital type, ownership and emergency services flag. Hospital type: Psychiatric. Ownership: Government - State. Emergency services listed by CMS: No. Coordinates from the U.S. Census Bureau batch geocoder (Exact address match). CMS quality ratings and measures were intentionally not copied. Daily hours, prices and insurance details were not supplied by this intake.",394026,Hospital General Information,2026-07-02,2026-07-02,needs_review,
cms-394027,FAIRMOUNT BEHAVIORAL HEALTH SYSTEM,hospital,561 FAIRTHORNE AVENUE,PHILADELPHIA,PA,PHILADELPHIA,19128,40.042862924466,-75.222993312271,(215) 487-4000,,CMS Hospital General Information,https://data.cms.gov/provider-data/dataset/xubh-q36u,2026-07-02,"Fields copied from the official CMS Hospital General Information CSV: facility name, address, city, state, ZIP code, county, phone, hospital type, ownership and emergency services flag. Hospital type: Psychiatric. Ownership: Proprietary. Emergency services listed by CMS: No. Coordinates from the U.S. Census Bureau batch geocoder (Exact address match). CMS quality ratings and measures were intentionally not copied. Daily hours, prices and insurance details were not supplied by this intake.",394027,Hospital General Information,2026-07-02,2026-07-02,needs_review,
cms-394033,MONTGOMERY COUNTY EMERGENCY SERVICE,hospital,50 BEECH DRIVE,NORRISTOWN,PA,MONTGOMERY,19403,40.136908366215,-75.35205780585,(610) 279-6100,,CMS Hospital General Information,https://data.cms.gov/provider-data/dataset/xubh-q36u,2026-07-02,"Fields copied from the official CMS Hospital General Information CSV: facility name, address, city, state, ZIP code, county, phone, hospital type, ownership and emergency services flag. Hospital type: Psychiatric. Ownership: Voluntary non-profit - Private. Emergency services listed by CMS: No. Coordinates from the U.S. Census Bureau batch geocoder (Exact address match). CMS quality ratings and measures were intentionally not copied. Daily hours, prices and insurance details were not supplied by this intake.",394033,Hospital General Information,2026-07-02,2026-07-02,needs_review,
cms-394034,HORSHAM CLINIC,hospital,722 EAST BUTLER PIKE,AMBLER,PA,MONTGOMERY,19002,40.188145318766,-75.183648061878,(215) 643-7800,Emergency services,CMS Hospital General Information,https://data.cms.gov/provider-data/dataset/xubh-q36u,2026-07-02,"Fields copied from the official CMS Hospital General Information CSV: facility name, address, city, state, ZIP code, county, phone, hospital type, ownership and emergency services flag. Hospital type: Psychiatric. Ownership: Proprietary. Emergency services listed by CMS: Yes. Coordinates from the U.S. Census Bureau batch geocoder (Exact address match). CMS quality ratings and measures were intentionally not copied. Daily hours, prices and insurance details were not supplied by this intake.",394034,Hospital General Information,2026-07-02,2026-07-02,needs_review,"{""services"":{""field"":""services"",""status"":""source_backed"",""sourceUrl"":""https://data.cms.gov/provider-data/dataset/xubh-q36u"",""sourceTitle"":""CMS Hospital General Information"",""checkedDate"":""2026-07-02"",""sourceType"":""federal_open_data"",""locationSpecific"":true,""reviewerNote"":""Emergency services flag copied from the official CMS Hospital General Information row for this facility.""}}"
cms-394038,FOUNDATIONS BEHAVIORAL HEALTH,hospital,833 EAST BUTLER AVE,DOYLESTOWN,PA,BUCKS,18901,40.299694351437,-75.156486007662,(215) 345-0444,,CMS Hospital General Information,https://data.cms.gov/provider-data/dataset/xubh-q36u,2026-07-02,"Fields copied from the official CMS Hospital General Information CSV: facility name, address, city, state, ZIP code, county, phone, hospital type, ownership and emergency services flag. Hospital type: Psychiatric. Ownership: Voluntary non-profit - Private. Emergency services listed by CMS: No. Coordinates from the U.S. Census Bureau batch geocoder (Exact address match). CMS quality ratings and measures were intentionally not copied. Daily hours, prices and insurance details were not supplied by this intake.",394038,Hospital General Information,2026-07-02,2026-07-02,needs_review,
cms-394043,CLARION PSYCHIATRIC CENTER,hospital,TWO HOSPITAL DR RD#3 BOX 188,CLARION,PA,CLARION,16214,41.190166323313,-79.396886585367,(814) 226-9545,Emergency services,CMS Hospital General Information,https://data.cms.gov/provider-data/dataset/xubh-q36u,2026-07-02,"Fields copied from the official CMS Hospital General Information CSV: facility name, address, city, state, ZIP code, county, phone, hospital type, ownership and emergency services flag. Hospital type: Psychiatric. Ownership: Proprietary. Emergency services listed by CMS: Yes. Coordinates from the U.S. Census Bureau batch geocoder (Non_Exact address match). CMS quality ratings and measures were intentionally not copied. Daily hours, prices and insurance details were not supplied by this intake.",394043,Hospital General Information,2026-07-02,2026-07-02,needs_review,"{""services"":{""field"":""services"",""status"":""source_backed"",""sourceUrl"":""https://data.cms.gov/provider-data/dataset/xubh-q36u"",""sourceTitle"":""CMS Hospital General Information"",""checkedDate"":""2026-07-02"",""sourceType"":""federal_open_data"",""locationSpecific"":true,""reviewerNote"":""Emergency services flag copied from the official CMS Hospital General Information row for this facility.""}}"
cms-394049,BROOKE GLEN BEHAVIORAL HOSPITAL,hospital,7170 LAFAYETTE AVENUE,FORT WASHINGTON,PA,MONTGOMERY,19034,40.134988229794,-75.216178765305,(215) 641-5300,,CMS Hospital General Information,https://data.cms.gov/provider-data/dataset/xubh-q36u,2026-07-02,"Fields copied from the official CMS Hospital General Information CSV: facility name, address, city, state, ZIP code, county, phone, hospital type, ownership and emergency services flag. Hospital type: Psychiatric. Ownership: Voluntary non-profit - Private. Emergency services listed by CMS: No. Coordinates from the U.S. Census Bureau batch geocoder (Exact address match). CMS quality ratings and measures were intentionally not copied. Daily hours, prices and insurance details were not supplied by this intake.",394049,Hospital General Information,2026-07-02,2026-07-02,needs_review,
cms-394050,ROXBURY TREATMENT CENTER,hospital,601 ROXBURY ROAD,SHIPPENSBURG,PA,CUMBERLAND,17257,40.05448161816,-77.53884216671,(717) 532-4217,,CMS Hospital General Information,https://data.cms.gov/provider-data/dataset/xubh-q36u,2026-07-02,"Fields copied from the official CMS Hospital General Information CSV: facility name, address, city, state, ZIP code, county, phone, hospital type, ownership and emergency services flag. Hospital type: Psychiatric. Ownership: Proprietary. Emergency services listed by CMS: No. Coordinates from the U.S. Census Bureau batch geocoder (Exact address match). CMS quality ratings and measures were intentionally not copied. Daily hours, prices and insurance details were not supplied by this intake.",394050,Hospital General Information,2026-07-02,2026-07-02,needs_review,
cms-394051,PENNSYLVANIA PSYCHIATRIC INSTITUTE,hospital,2501 NORTH THIRD STREET,HARRISBURG,PA,DAUPHIN,17110,40.285577152077,-76.898692660207,(717) 782-4742,Emergency services,CMS Hospital General Information,https://data.cms.gov/provider-data/dataset/xubh-q36u,2026-07-02,"Fields copied from the official CMS Hospital General Information CSV: facility name, address, city, state, ZIP code, county, phone, hospital type, ownership and emergency services flag. Hospital type: Psychiatric. Ownership: Proprietary. Emergency services listed by CMS: Yes. Coordinates from the U.S. Census Bureau batch geocoder (Exact address match). CMS quality ratings and measures were intentionally not copied. Daily hours, prices and insurance details were not supplied by this intake.",394051,Hospital General Information,2026-07-02,2026-07-02,needs_review,"{""services"":{""field"":""services"",""status"":""source_backed"",""sourceUrl"":""https://data.cms.gov/provider-data/dataset/xubh-q36u"",""sourceTitle"":""CMS Hospital General Information"",""checkedDate"":""2026-07-02"",""sourceType"":""federal_open_data"",""locationSpecific"":true,""reviewerNote"":""Emergency services flag copied from the official CMS Hospital General Information row for this facility.""}}"
cms-394052,HAVEN BEHAVIORAL HOSPITAL OF EASTERN PENNSYLVANIA,hospital,145 NORTH 6TH STREET,READING,PA,BERKS,19601,40.337610275841,-75.925762970519,(610) 406-4340,,CMS Hospital General Information,https://data.cms.gov/provider-data/dataset/xubh-q36u,2026-07-02,"Fields copied from the official CMS Hospital General Information CSV: facility name, address, city, state, ZIP code, county, phone, hospital type, ownership and emergency services flag. Hospital type: Psychiatric. Ownership: Proprietary. Emergency services listed by CMS: No. Coordinates from the U.S. Census Bureau batch geocoder (Exact address match). CMS quality ratings and measures were intentionally not copied. Daily hours, prices and insurance details were not supplied by this intake.",394052,Hospital General Information,2026-07-02,2026-07-02,needs_review,
cms-394053,HAVEN BEHAVIORAL HOSPITAL OF PHILADELPHIA,hospital,3300 HENRY AVENUE UNIT 4,PHILADELPHIA,PA,PHILADELPHIA,19129,40.010571173053,-75.181302731954,(215) 475-3400,,CMS Hospital General Information,https://data.cms.gov/provider-data/dataset/xubh-q36u,2026-07-02,"Fields copied from the official CMS Hospital General Information CSV: facility name, address, city, state, ZIP code, county, phone, hospital type, ownership and emergency services flag. Hospital type: Psychiatric. Ownership: Proprietary. Emergency services listed by CMS: No. Coordinates from the U.S. Census Bureau batch geocoder (Exact address match). CMS quality ratings and measures were intentionally not copied. Daily hours, prices and insurance details were not supplied by this intake.",394053,Hospital General Information,2026-07-02,2026-07-02,needs_review,
cms-394055,LANCASTER BEHAVIORAL HEALTH HOSPITAL,hospital,333 HARRISBURG AVENUE,LANCASTER,PA,LANCASTER,17603,40.048422516278,-76.314690469118,(717) 740-4100,,CMS Hospital General Information,https://data.cms.gov/provider-data/dataset/xubh-q36u,2026-07-02,"Fields copied from the official CMS Hospital General Information CSV: facility name, address, city, state, ZIP code, county, phone, hospital type, ownership and emergency services flag. Hospital type: Psychiatric. Ownership: Voluntary non-profit - Other. Emergency services listed by CMS: No. Coordinates from the U.S. Census Bureau batch geocoder (Exact address match). CMS quality ratings and measures were intentionally not copied. Daily hours, prices and insurance details were not supplied by this intake.",394055,Hospital General Information,2026-07-02,2026-07-02,needs_review,
cms-394057,MALVERN BEHAVIORAL HEALTH,hospital,1930 SOUTH BROAD STREET,PHILADELPHIA,PA,PHILADELPHIA,19145,39.926424559427,-75.169386479053,(610) 647-0330,,CMS Hospital General Information,https://data.cms.gov/provider-data/dataset/xubh-q36u,2026-07-02,"Fields copied from the official CMS Hospital General Information CSV: facility name, address, city, state, ZIP code, county, phone, hospital type, ownership and emergency services flag. Hospital type: Psychiatric. Ownership: Voluntary non-profit - Other. Emergency services listed by CMS: No. Coordinates from the U.S. Census Bureau batch geocoder (Exact address match). CMS quality ratings and measures were intentionally not copied. Daily hours, prices and insurance details were not supplied by this intake.",394057,Hospital General Information,2026-07-02,2026-07-02,needs_review,
cms-394058,BERWICK HOSPITAL CENTER,hospital,701 EAST 16TH STREET,BERWICK,PA,COLUMBIA,18603,41.0701701693,-76.230987329409,(570) 759-5000,,CMS Hospital General Information,https://data.cms.gov/provider-data/dataset/xubh-q36u,2026-07-02,"Fields copied from the official CMS Hospital General Information CSV: facility name, address, city, state, ZIP code, county, phone, hospital type, ownership and emergency services flag. Hospital type: Psychiatric. Ownership: Proprietary. Emergency services listed by CMS: No. Coordinates from the U.S. Census Bureau batch geocoder (Exact address match). CMS quality ratings and measures were intentionally not copied. Daily hours, prices and insurance details were not supplied by this intake.",394058,Hospital General Information,2026-07-02,2026-07-02,needs_review,
cms-394059,GEISINGER BEHAVIORAL HEALTH CENTER NORTHEAST,hospital,60 GLENMAURA NATIONAL BOULEVARD,MOOSIC,PA,LACKAWANNA,18507,41.35819063757,-75.676752260895,(570) 301-5000,,CMS Hospital General Information,https://data.cms.gov/provider-data/dataset/xubh-q36u,2026-07-02,"Fields copied from the official CMS Hospital General Information CSV: facility name, address, city, state, ZIP code, county, phone, hospital type, ownership and emergency services flag. Hospital type: Psychiatric. Ownership: Proprietary. Emergency services listed by CMS: No. Coordinates from the U.S. Census Bureau batch geocoder (Exact address match). CMS quality ratings and measures were intentionally not copied. Daily hours, prices and insurance details were not supplied by this intake.",394059,Hospital General Information,2026-07-02,2026-07-02,needs_review,
cms-394062,HAVEN BEHAVIORAL HOSPITAL OF WEST CHESTER,hospital,400 EAST MARSHALL STREET,WEST CHESTER,PA,CHESTER,19380,39.969111409065,-75.602190788659,(484) 835-2050,,CMS Hospital General Information,https://data.cms.gov/provider-data/dataset/xubh-q36u,2026-07-02,"Fields copied from the official CMS Hospital General Information CSV: facility name, address, city, state, ZIP code, county, phone, hospital type, ownership and emergency services flag. Hospital type: Psychiatric. Ownership: Proprietary. Emergency services listed by CMS: No. Coordinates from the U.S. Census Bureau batch geocoder (Exact address match). CMS quality ratings and measures were intentionally not copied. Daily hours, prices and insurance details were not supplied by this intake.",394062,Hospital General Information,2026-07-02,2026-07-02,needs_review,
