id,name,facilityType,address,city,state,stateFips,county,countyFips,postalCode,latitude,longitude,phone,website,services,monday,tuesday,wednesday,thursday,friday,saturday,sunday,hoursNotes,priceLevel,acceptsSlidingScale,estimatedVisitCost,priceNotes,acceptsMedicaid,acceptsMedicare,acceptsUninsured,insuranceNotes,accessibilityInfo,sourceName,sourceUrl,sourceLastChecked,sourceNotes,sourceId,sourceDataset,sourceLastUpdated,lastVerified,verificationStatus,isDemoData
hrsa-bps-h80-030946,CS-HHC at Sargent Drive,community_health_center,150 Sargent Dr STE 2-200,New Haven,CT,09,South Central Connecticut Planning Region,09170,06511-6100,41.29223447,-72.92148734,203-503-3000,www.cornellscott.org,,,,,,,,,HRSA operating hours per week: 45.50,unknown,,,,,,,,,HRSA Health Center Service Delivery and Look-Alike Sites,https://data.hrsa.gov/DataDownload/DD_Files/Health_Center_Service_Delivery_and_LookAlike_Sites.csv,2026-06-19,"Fields copied from the official HRSA CSV: site name, address, city, state, postal code, phone, website, HRSA geocoding coordinates, county/FIPS, operating hours per week, site status, and location setting. Site status: Active. Location setting: All Other Clinic Types. Operational schedule: Unknown. Daily hours, services, price, insurance, and accessibility fields were not supplied by this intake.",BPS-H80-030946,Health Center Service Delivery and Look-Alike Sites,2026-06-19,2026-06-19,needs_review,
hrsa-bps-h80-005756,A.I. PRINCE TECHNICAL SCHOOL,community_health_center,500 Brookfield St,Hartford,CT,09,Capitol Planning Region,09110,06106-3709,41.74136987,-72.70723097,860-951-7112,www.thecharteroak.org,,,,,,,,,HRSA operating hours per week: 24.50,unknown,,,,,,,,,HRSA Health Center Service Delivery and Look-Alike Sites,https://data.hrsa.gov/DataDownload/DD_Files/Health_Center_Service_Delivery_and_LookAlike_Sites.csv,2026-06-19,"Fields copied from the official HRSA CSV: site name, address, city, state, postal code, phone, website, HRSA geocoding coordinates, county/FIPS, operating hours per week, site status, and location setting. Site status: Active. Location setting: School. Operational schedule: Part-Time. Daily hours, services, price, insurance, and accessibility fields were not supplied by this intake.",BPS-H80-005756,Health Center Service Delivery and Look-Alike Sites,2026-06-19,2026-06-19,needs_review,
hrsa-bps-lal-020931,777 Burnside Ave,community_health_center,777 Burnside Ave,East Hartford,CT,09,Capitol Planning Region,09110,06108-2773,41.77852001,-72.60343996,860-569-5900 x158,,,,,,,,,,HRSA operating hours per week: 40.00,unknown,,,,,,,,,HRSA Health Center Service Delivery and Look-Alike Sites,https://data.hrsa.gov/DataDownload/DD_Files/Health_Center_Service_Delivery_and_LookAlike_Sites.csv,2026-06-19,"Fields copied from the official HRSA CSV: site name, address, city, state, postal code, phone, website, HRSA geocoding coordinates, county/FIPS, operating hours per week, site status, and location setting. Site status: Active. Location setting: School. Operational schedule: Unknown. Daily hours, services, price, insurance, and accessibility fields were not supplied by this intake.",BPS-LAL-020931,Health Center Service Delivery and Look-Alike Sites,2026-06-19,2026-06-19,needs_review,
hrsa-bps-h80-030588,Bristol Eastern High School,community_health_center,632 King St,Bristol,CT,09,Naugatuck Valley Planning Region,09140,06010-4400,41.68553000,-72.92242996,860-793-3500,www.wheelerclinic.org,,,,,,,,,HRSA operating hours per week: 40.00,unknown,,,,,,,,,HRSA Health Center Service Delivery and Look-Alike Sites,https://data.hrsa.gov/DataDownload/DD_Files/Health_Center_Service_Delivery_and_LookAlike_Sites.csv,2026-06-19,"Fields copied from the official HRSA CSV: site name, address, city, state, postal code, phone, website, HRSA geocoding coordinates, county/FIPS, operating hours per week, site status, and location setting. Site status: Active. Location setting: School. Operational schedule: Unknown. Daily hours, services, price, insurance, and accessibility fields were not supplied by this intake.",BPS-H80-030588,Health Center Service Delivery and Look-Alike Sites,2026-06-19,2026-06-19,needs_review,
hrsa-bps-h80-039838,CREC South,community_health_center,269 Locust St,Hartford,CT,09,Capitol Planning Region,09110,06114-2008,41.74112510,-72.66621755,860-524-4063,,,,,,,,,,HRSA operating hours per week: 24.00,unknown,,,,,,,,,HRSA Health Center Service Delivery and Look-Alike Sites,https://data.hrsa.gov/DataDownload/DD_Files/Health_Center_Service_Delivery_and_LookAlike_Sites.csv,2026-06-19,"Fields copied from the official HRSA CSV: site name, address, city, state, postal code, phone, website, HRSA geocoding coordinates, county/FIPS, operating hours per week, site status, and location setting. Site status: Active. Location setting: School. Operational schedule: Unknown. Daily hours, services, price, insurance, and accessibility fields were not supplied by this intake.",BPS-H80-039838,Health Center Service Delivery and Look-Alike Sites,2026-06-19,2026-06-19,needs_review,
hrsa-bps-h80-000649,OPTIMUS on the Boulevard,community_health_center,1351 Washington Blvd,Stamford,CT,09,Western Connecticut Planning Region,09190,06902-2419,41.05821827,-73.54255191,203-621-3700,www.optimushealthcare.org,,,,,,,,,HRSA operating hours per week: 45.00,unknown,,,,,,,,,HRSA Health Center Service Delivery and Look-Alike Sites,https://data.hrsa.gov/DataDownload/DD_Files/Health_Center_Service_Delivery_and_LookAlike_Sites.csv,2026-06-19,"Fields copied from the official HRSA CSV: site name, address, city, state, postal code, phone, website, HRSA geocoding coordinates, county/FIPS, operating hours per week, site status, and location setting. Site status: Active. Location setting: All Other Clinic Types. Operational schedule: Full-Time. Daily hours, services, price, insurance, and accessibility fields were not supplied by this intake.",BPS-H80-000649,Health Center Service Delivery and Look-Alike Sites,2026-06-19,2026-06-19,needs_review,
hrsa-bps-h80-030593,Mountain View School,community_health_center,71 Vera Rd,Bristol,CT,09,Naugatuck Valley Planning Region,09140,06010-4800,41.69660778,-72.89892837,860-793-3500,www.wheelerclinic.org,,,,,,,,,HRSA operating hours per week: 40.00,unknown,,,,,,,,,HRSA Health Center Service Delivery and Look-Alike Sites,https://data.hrsa.gov/DataDownload/DD_Files/Health_Center_Service_Delivery_and_LookAlike_Sites.csv,2026-06-19,"Fields copied from the official HRSA CSV: site name, address, city, state, postal code, phone, website, HRSA geocoding coordinates, county/FIPS, operating hours per week, site status, and location setting. Site status: Active. Location setting: School. Operational schedule: Unknown. Daily hours, services, price, insurance, and accessibility fields were not supplied by this intake.",BPS-H80-030593,Health Center Service Delivery and Look-Alike Sites,2026-06-19,2026-06-19,needs_review,
hrsa-bps-h80-037431,Westside Middle School Academy,community_health_center,1 School Ridge Rd,Danbury,CT,09,Western Connecticut Planning Region,09190,06811-5254,41.38774975,-73.48052380,203-743-0100,www.cifc.org,,,,,,,,,HRSA operating hours per week: 35.00,unknown,,,,,,,,,HRSA Health Center Service Delivery and Look-Alike Sites,https://data.hrsa.gov/DataDownload/DD_Files/Health_Center_Service_Delivery_and_LookAlike_Sites.csv,2026-06-19,"Fields copied from the official HRSA CSV: site name, address, city, state, postal code, phone, website, HRSA geocoding coordinates, county/FIPS, operating hours per week, site status, and location setting. Site status: Active. Location setting: School. Operational schedule: Unknown. Daily hours, services, price, insurance, and accessibility fields were not supplied by this intake.",BPS-H80-037431,Health Center Service Delivery and Look-Alike Sites,2026-06-19,2026-06-19,needs_review,
hrsa-bps-h80-031862,Liberation Programs,community_health_center,399 Mill Hill Ave,Bridgeport,CT,09,Greater Bridgeport Planning Region,09120,06610-2865,41.19195627,-73.16569828,203-384-9301,,,,,,,,,,HRSA operating hours per week: 20.00,unknown,,,,,,,,,HRSA Health Center Service Delivery and Look-Alike Sites,https://data.hrsa.gov/DataDownload/DD_Files/Health_Center_Service_Delivery_and_LookAlike_Sites.csv,2026-06-19,"Fields copied from the official HRSA CSV: site name, address, city, state, postal code, phone, website, HRSA geocoding coordinates, county/FIPS, operating hours per week, site status, and location setting. Site status: Active. Location setting: All Other Clinic Types. Operational schedule: Unknown. Daily hours, services, price, insurance, and accessibility fields were not supplied by this intake.",BPS-H80-031862,Health Center Service Delivery and Look-Alike Sites,2026-06-19,2026-06-19,needs_review,
hrsa-bps-h80-019640,South Side School,community_health_center,21 Tuttle Rd,Bristol,CT,09,Naugatuck Valley Planning Region,09140,06010-9475,41.66136322,-72.95251094,860-793-3046,www.wheelerclinic.org,,,,,,,,,HRSA operating hours per week: 40.00,unknown,,,,,,,,,HRSA Health Center Service Delivery and Look-Alike Sites,https://data.hrsa.gov/DataDownload/DD_Files/Health_Center_Service_Delivery_and_LookAlike_Sites.csv,2026-06-19,"Fields copied from the official HRSA CSV: site name, address, city, state, postal code, phone, website, HRSA geocoding coordinates, county/FIPS, operating hours per week, site status, and location setting. Site status: Active. Location setting: School. Operational schedule: Unknown. Daily hours, services, price, insurance, and accessibility fields were not supplied by this intake.",BPS-H80-019640,Health Center Service Delivery and Look-Alike Sites,2026-06-19,2026-06-19,needs_review,
hrsa-bps-h80-034361,Plainfield Memorial School SBHC,community_health_center,95 Canterbury Rd,Plainfield,CT,09,Northeastern Connecticut Planning Region,09150,06374-1563,41.68379189,-71.93024498,860-564-6400,,,,,,,,,,HRSA operating hours per week: 20.00,unknown,,,,,,,,,HRSA Health Center Service Delivery and Look-Alike Sites,https://data.hrsa.gov/DataDownload/DD_Files/Health_Center_Service_Delivery_and_LookAlike_Sites.csv,2026-06-19,"Fields copied from the official HRSA CSV: site name, address, city, state, postal code, phone, website, HRSA geocoding coordinates, county/FIPS, operating hours per week, site status, and location setting. Site status: Active. Location setting: School. Operational schedule: Unknown. Daily hours, services, price, insurance, and accessibility fields were not supplied by this intake.",BPS-H80-034361,Health Center Service Delivery and Look-Alike Sites,2026-06-19,2026-06-19,needs_review,
hrsa-bps-h80-019690,Holmes Elementary School SBHC,community_health_center,2150 Stanley St,New Britain,CT,09,Capitol Planning Region,09110,06053-1566,41.70415023,-72.77569788,860-223-8984,,,,,,,,,,HRSA operating hours per week: 40.00,unknown,,,,,,,,,HRSA Health Center Service Delivery and Look-Alike Sites,https://data.hrsa.gov/DataDownload/DD_Files/Health_Center_Service_Delivery_and_LookAlike_Sites.csv,2026-06-19,"Fields copied from the official HRSA CSV: site name, address, city, state, postal code, phone, website, HRSA geocoding coordinates, county/FIPS, operating hours per week, site status, and location setting. Site status: Active. Location setting: School. Operational schedule: Unknown. Daily hours, services, price, insurance, and accessibility fields were not supplied by this intake.",BPS-H80-019690,Health Center Service Delivery and Look-Alike Sites,2026-06-19,2026-06-19,needs_review,
hrsa-bps-h80-015380,James J. Curiale School,community_health_center,300 Laurel Ave,Bridgeport,CT,09,Greater Bridgeport Planning Region,09120,06605-1106,41.17603074,-73.20481226,203-576-8437,,,,,,,,,,HRSA operating hours per week: 7.00,unknown,,,,,,,,,HRSA Health Center Service Delivery and Look-Alike Sites,https://data.hrsa.gov/DataDownload/DD_Files/Health_Center_Service_Delivery_and_LookAlike_Sites.csv,2026-06-19,"Fields copied from the official HRSA CSV: site name, address, city, state, postal code, phone, website, HRSA geocoding coordinates, county/FIPS, operating hours per week, site status, and location setting. Site status: Active. Location setting: School. Operational schedule: Unknown. Daily hours, services, price, insurance, and accessibility fields were not supplied by this intake.",BPS-H80-015380,Health Center Service Delivery and Look-Alike Sites,2026-06-19,2026-06-19,needs_review,
hrsa-bps-h80-010015,Enfield High School SBHC,community_health_center,1264 Enfield St,Enfield,CT,09,Capitol Planning Region,09110,06082-4999,41.97910000,-72.59716996,860-253-5540,,,,,,,,,,HRSA operating hours per week: 40.00,unknown,,,,,,,,,HRSA Health Center Service Delivery and Look-Alike Sites,https://data.hrsa.gov/DataDownload/DD_Files/Health_Center_Service_Delivery_and_LookAlike_Sites.csv,2026-06-19,"Fields copied from the official HRSA CSV: site name, address, city, state, postal code, phone, website, HRSA geocoding coordinates, county/FIPS, operating hours per week, site status, and location setting. Site status: Active. Location setting: School. Operational schedule: Full-Time. Daily hours, services, price, insurance, and accessibility fields were not supplied by this intake.",BPS-H80-010015,Health Center Service Delivery and Look-Alike Sites,2026-06-19,2026-06-19,needs_review,
hrsa-bps-h80-005986,HOUSE OF BREAD,community_health_center,27 Chestnut St,Hartford,CT,09,Capitol Planning Region,09110,06120-2810,41.77336183,-72.68081834,860-724-1061,www.thecharteroak.org,,,,,,,,,HRSA operating hours per week: 2.00,unknown,,,,,,,,,HRSA Health Center Service Delivery and Look-Alike Sites,https://data.hrsa.gov/DataDownload/DD_Files/Health_Center_Service_Delivery_and_LookAlike_Sites.csv,2026-06-19,"Fields copied from the official HRSA CSV: site name, address, city, state, postal code, phone, website, HRSA geocoding coordinates, county/FIPS, operating hours per week, site status, and location setting. Site status: Active. Location setting: All Other Clinic Types. Operational schedule: Part-Time. Daily hours, services, price, insurance, and accessibility fields were not supplied by this intake.",BPS-H80-005986,Health Center Service Delivery and Look-Alike Sites,2026-06-19,2026-06-19,needs_review,
hrsa-bps-h80-019688,Diloreto Magnet Elementary School SBHC,community_health_center,732 Slater Rd,New Britain,CT,09,Capitol Planning Region,09110,06053-2239,41.68653193,-72.80798396,860-223-2885,,,,,,,,,,HRSA operating hours per week: 40.00,unknown,,,,,,,,,HRSA Health Center Service Delivery and Look-Alike Sites,https://data.hrsa.gov/DataDownload/DD_Files/Health_Center_Service_Delivery_and_LookAlike_Sites.csv,2026-06-19,"Fields copied from the official HRSA CSV: site name, address, city, state, postal code, phone, website, HRSA geocoding coordinates, county/FIPS, operating hours per week, site status, and location setting. Site status: Active. Location setting: School. Operational schedule: Unknown. Daily hours, services, price, insurance, and accessibility fields were not supplied by this intake.",BPS-H80-019688,Health Center Service Delivery and Look-Alike Sites,2026-06-19,2026-06-19,needs_review,
hrsa-bps-h80-037520,Slade Middle School,community_health_center,183 Steele St,New Britain,CT,09,Capitol Planning Region,09110,06052-1598,41.66016154,-72.80674537,860-793-3500,www.wheelerclinic.org,,,,,,,,,HRSA operating hours per week: 40.00,unknown,,,,,,,,,HRSA Health Center Service Delivery and Look-Alike Sites,https://data.hrsa.gov/DataDownload/DD_Files/Health_Center_Service_Delivery_and_LookAlike_Sites.csv,2026-06-19,"Fields copied from the official HRSA CSV: site name, address, city, state, postal code, phone, website, HRSA geocoding coordinates, county/FIPS, operating hours per week, site status, and location setting. Site status: Active. Location setting: School. Operational schedule: Unknown. Daily hours, services, price, insurance, and accessibility fields were not supplied by this intake.",BPS-H80-037520,Health Center Service Delivery and Look-Alike Sites,2026-06-19,2026-06-19,needs_review,
hrsa-bps-h80-001277,Fair Haven Community Health Care at 374 Grand Avenue Building A,community_health_center,374 Grand Ave,New Haven,CT,09,South Central Connecticut Planning Region,09170,06513-3787,41.30829751,-72.90223519,203-777-7411,www.fhchc.org,,,,,,,,,HRSA operating hours per week: 47.50,unknown,,,,,,,,,HRSA Health Center Service Delivery and Look-Alike Sites,https://data.hrsa.gov/DataDownload/DD_Files/Health_Center_Service_Delivery_and_LookAlike_Sites.csv,2026-06-19,"Fields copied from the official HRSA CSV: site name, address, city, state, postal code, phone, website, HRSA geocoding coordinates, county/FIPS, operating hours per week, site status, and location setting. Site status: Active. Location setting: All Other Clinic Types. Operational schedule: Full-Time. Daily hours, services, price, insurance, and accessibility fields were not supplied by this intake.",BPS-H80-001277,Health Center Service Delivery and Look-Alike Sites,2026-06-19,2026-06-19,needs_review,
hrsa-bps-h80-037366,CS-HHC SBHC at Bailey Middle School,community_health_center,106 Morgan Ln,West Haven,CT,09,South Central Connecticut Planning Region,09170,06516-6217,41.25438276,-72.97784507,203-503-3000,www.cornellscott.org,,,,,,,,,HRSA operating hours per week: 12.00,unknown,,,,,,,,,HRSA Health Center Service Delivery and Look-Alike Sites,https://data.hrsa.gov/DataDownload/DD_Files/Health_Center_Service_Delivery_and_LookAlike_Sites.csv,2026-06-19,"Fields copied from the official HRSA CSV: site name, address, city, state, postal code, phone, website, HRSA geocoding coordinates, county/FIPS, operating hours per week, site status, and location setting. Site status: Active. Location setting: School. Operational schedule: Unknown. Daily hours, services, price, insurance, and accessibility fields were not supplied by this intake.",BPS-H80-037366,Health Center Service Delivery and Look-Alike Sites,2026-06-19,2026-06-19,needs_review,
hrsa-bps-h80-001613,"SOUTHWEST COMMUNITY HLTH CTR,INC",community_health_center,1046 Fairfield Ave,Bridgeport,CT,09,Greater Bridgeport Planning Region,09120,06605-1116,41.17441349,-73.20450540,203-330-6054,www.swchc.org,,,,,,,,,HRSA operating hours per week: 48.00,unknown,,,,,,,,,HRSA Health Center Service Delivery and Look-Alike Sites,https://data.hrsa.gov/DataDownload/DD_Files/Health_Center_Service_Delivery_and_LookAlike_Sites.csv,2026-06-19,"Fields copied from the official HRSA CSV: site name, address, city, state, postal code, phone, website, HRSA geocoding coordinates, county/FIPS, operating hours per week, site status, and location setting. Site status: Active. Location setting: All Other Clinic Types. Operational schedule: Full-Time. Daily hours, services, price, insurance, and accessibility fields were not supplied by this intake.",BPS-H80-001613,Health Center Service Delivery and Look-Alike Sites,2026-06-19,2026-06-19,needs_review,
hrsa-bps-h80-030454,Bristol Central High School,community_health_center,480 Wolcott St,Bristol,CT,09,Naugatuck Valley Planning Region,09140,06010-6498,41.66135521,-72.95981434,860-793-3500 x86078,www.wheelerclinic.org,,,,,,,,,HRSA operating hours per week: 40.00,unknown,,,,,,,,,HRSA Health Center Service Delivery and Look-Alike Sites,https://data.hrsa.gov/DataDownload/DD_Files/Health_Center_Service_Delivery_and_LookAlike_Sites.csv,2026-06-19,"Fields copied from the official HRSA CSV: site name, address, city, state, postal code, phone, website, HRSA geocoding coordinates, county/FIPS, operating hours per week, site status, and location setting. Site status: Active. Location setting: School. Operational schedule: Unknown. Daily hours, services, price, insurance, and accessibility fields were not supplied by this intake.",BPS-H80-030454,Health Center Service Delivery and Look-Alike Sites,2026-06-19,2026-06-19,needs_review,
hrsa-bps-h80-010014,Bullard-Havens Technical High School - SBHC,community_health_center,500 Palisade Ave,Bridgeport,CT,09,Greater Bridgeport Planning Region,09120,06610-3499,41.20034253,-73.16350188,203-579-6333,,,,,,,,,,HRSA operating hours per week: 40.00,unknown,,,,,,,,,HRSA Health Center Service Delivery and Look-Alike Sites,https://data.hrsa.gov/DataDownload/DD_Files/Health_Center_Service_Delivery_and_LookAlike_Sites.csv,2026-06-19,"Fields copied from the official HRSA CSV: site name, address, city, state, postal code, phone, website, HRSA geocoding coordinates, county/FIPS, operating hours per week, site status, and location setting. Site status: Active. Location setting: School. Operational schedule: Part-Time. Daily hours, services, price, insurance, and accessibility fields were not supplied by this intake.",BPS-H80-010014,Health Center Service Delivery and Look-Alike Sites,2026-06-19,2026-06-19,needs_review,
hrsa-bps-h80-001793,OPTIMUS Park City Primary Care,community_health_center,64 Black Rock Ave,Bridgeport,CT,09,Greater Bridgeport Planning Region,09120,06605-1200,41.17130758,-73.19736603,203-579-5000,www.optimushealthcare.org,,,,,,,,,HRSA operating hours per week: 48.50,unknown,,,,,,,,,HRSA Health Center Service Delivery and Look-Alike Sites,https://data.hrsa.gov/DataDownload/DD_Files/Health_Center_Service_Delivery_and_LookAlike_Sites.csv,2026-06-19,"Fields copied from the official HRSA CSV: site name, address, city, state, postal code, phone, website, HRSA geocoding coordinates, county/FIPS, operating hours per week, site status, and location setting. Site status: Active. Location setting: All Other Clinic Types. Operational schedule: Full-Time. Daily hours, services, price, insurance, and accessibility fields were not supplied by this intake.",BPS-H80-001793,Health Center Service Delivery and Look-Alike Sites,2026-06-19,2026-06-19,needs_review,
hrsa-bps-h80-037039,CS-HHC at the Savin Rock Community School,community_health_center,50 Park St,West Haven,CT,09,South Central Connecticut Planning Region,09170,06516-6098,41.26124150,-72.94030504,203-503-3000,,,,,,,,,,HRSA operating hours per week: 40.00,unknown,,,,,,,,,HRSA Health Center Service Delivery and Look-Alike Sites,https://data.hrsa.gov/DataDownload/DD_Files/Health_Center_Service_Delivery_and_LookAlike_Sites.csv,2026-06-19,"Fields copied from the official HRSA CSV: site name, address, city, state, postal code, phone, website, HRSA geocoding coordinates, county/FIPS, operating hours per week, site status, and location setting. Site status: Active. Location setting: School. Operational schedule: Unknown. Daily hours, services, price, insurance, and accessibility fields were not supplied by this intake.",BPS-H80-037039,Health Center Service Delivery and Look-Alike Sites,2026-06-19,2026-06-19,needs_review,
hrsa-bps-h80-009212,Middletown High School SBHC,community_health_center,200 La Rosa Ln,Middletown,CT,09,Lower Connecticut River Valley Planning Region,09130,06457-2148,41.57680100,-72.67958796,860-704-4500,www.chc1.com,,,,,,,,,HRSA operating hours per week: 40.00,unknown,,,,,,,,,HRSA Health Center Service Delivery and Look-Alike Sites,https://data.hrsa.gov/DataDownload/DD_Files/Health_Center_Service_Delivery_and_LookAlike_Sites.csv,2026-06-19,"Fields copied from the official HRSA CSV: site name, address, city, state, postal code, phone, website, HRSA geocoding coordinates, county/FIPS, operating hours per week, site status, and location setting. Site status: Active. Location setting: School. Operational schedule: Full-Time. Daily hours, services, price, insurance, and accessibility fields were not supplied by this intake.",BPS-H80-009212,Health Center Service Delivery and Look-Alike Sites,2026-06-19,2026-06-19,needs_review,
hrsa-bps-h80-038683,Generations Family Health Center - School Based Health Center at Putnam High School,community_health_center,152 Woodstock Ave,Putnam,CT,09,Northeastern Connecticut Planning Region,09150,06260-1432,41.92369671,-71.91643135,860-928-2714,www.genhealth.org,,,,,,,,,HRSA operating hours per week: 20.00,unknown,,,,,,,,,HRSA Health Center Service Delivery and Look-Alike Sites,https://data.hrsa.gov/DataDownload/DD_Files/Health_Center_Service_Delivery_and_LookAlike_Sites.csv,2026-06-19,"Fields copied from the official HRSA CSV: site name, address, city, state, postal code, phone, website, HRSA geocoding coordinates, county/FIPS, operating hours per week, site status, and location setting. Site status: Active. Location setting: School. Operational schedule: Unknown. Daily hours, services, price, insurance, and accessibility fields were not supplied by this intake.",BPS-H80-038683,Health Center Service Delivery and Look-Alike Sites,2026-06-19,2026-06-19,needs_review,
hrsa-bps-h80-006281,Israel Putnam Elementary School - SBHC,community_health_center,133 Parker Ave,Meriden,CT,09,South Central Connecticut Planning Region,09170,06450-5925,41.52982559,-72.79290064,203-634-1531,www.chc1.com,,,,,,,,,HRSA operating hours per week: 40.00,unknown,,,,,,,,,HRSA Health Center Service Delivery and Look-Alike Sites,https://data.hrsa.gov/DataDownload/DD_Files/Health_Center_Service_Delivery_and_LookAlike_Sites.csv,2026-06-19,"Fields copied from the official HRSA CSV: site name, address, city, state, postal code, phone, website, HRSA geocoding coordinates, county/FIPS, operating hours per week, site status, and location setting. Site status: Active. Location setting: School. Operational schedule: Part-Time. Daily hours, services, price, insurance, and accessibility fields were not supplied by this intake.",BPS-H80-006281,Health Center Service Delivery and Look-Alike Sites,2026-06-19,2026-06-19,needs_review,
hrsa-bps-h80-010830,COMMUNITY HEALTH CENTER OF WATERBURY,community_health_center,51 N Elm St,Waterbury,CT,09,Naugatuck Valley Planning Region,09140,06702-1545,41.55590098,-73.03696725,203-574-4000,www.chc1.com,,,,,,,,,HRSA operating hours per week: 45.00,unknown,,,,,,,,,HRSA Health Center Service Delivery and Look-Alike Sites,https://data.hrsa.gov/DataDownload/DD_Files/Health_Center_Service_Delivery_and_LookAlike_Sites.csv,2026-06-19,"Fields copied from the official HRSA CSV: site name, address, city, state, postal code, phone, website, HRSA geocoding coordinates, county/FIPS, operating hours per week, site status, and location setting. Site status: Active. Location setting: All Other Clinic Types. Operational schedule: Full-Time. Daily hours, services, price, insurance, and accessibility fields were not supplied by this intake.",BPS-H80-010830,Health Center Service Delivery and Look-Alike Sites,2026-06-19,2026-06-19,needs_review,
hrsa-bps-h80-030005,High Roads School of Hartford: Primary and Middle School,community_health_center,757 New Britain Ave,Hartford,CT,09,Capitol Planning Region,09110,06106-3913,41.73300414,-72.70779524,860-695-7950,,,,,,,,,,HRSA operating hours per week: 6.00,unknown,,,,,,,,,HRSA Health Center Service Delivery and Look-Alike Sites,https://data.hrsa.gov/DataDownload/DD_Files/Health_Center_Service_Delivery_and_LookAlike_Sites.csv,2026-06-19,"Fields copied from the official HRSA CSV: site name, address, city, state, postal code, phone, website, HRSA geocoding coordinates, county/FIPS, operating hours per week, site status, and location setting. Site status: Active. Location setting: School. Operational schedule: Unknown. Daily hours, services, price, insurance, and accessibility fields were not supplied by this intake.",BPS-H80-030005,Health Center Service Delivery and Look-Alike Sites,2026-06-19,2026-06-19,needs_review,
hrsa-bps-h80-030027,CHILD GUIDANCE CENTER OF SOUTHERN CONNECTICUT,community_health_center,103 W Broad St BLDG 103,Stamford,CT,09,Western Connecticut Planning Region,09190,06902-3713,41.05586865,-73.54926867,203-324-6127,,,,,,,,,,HRSA operating hours per week: 52.50,unknown,,,,,,,,,HRSA Health Center Service Delivery and Look-Alike Sites,https://data.hrsa.gov/DataDownload/DD_Files/Health_Center_Service_Delivery_and_LookAlike_Sites.csv,2026-06-19,"Fields copied from the official HRSA CSV: site name, address, city, state, postal code, phone, website, HRSA geocoding coordinates, county/FIPS, operating hours per week, site status, and location setting. Site status: Active. Location setting: All Other Clinic Types. Operational schedule: Unknown. Daily hours, services, price, insurance, and accessibility fields were not supplied by this intake.",BPS-H80-030027,Health Center Service Delivery and Look-Alike Sites,2026-06-19,2026-06-19,needs_review,
hrsa-bps-h80-002007,Generations Family Health Center,community_health_center,1315 Main St,Willimantic,CT,09,Southeastern Connecticut Planning Region,09180,06226-1931,41.71612219,-72.22801150,860-450-7471,http://www.genhealth.org,,,,,,,,,HRSA operating hours per week: 60.50,unknown,,,,,,,,,HRSA Health Center Service Delivery and Look-Alike Sites,https://data.hrsa.gov/DataDownload/DD_Files/Health_Center_Service_Delivery_and_LookAlike_Sites.csv,2026-06-19,"Fields copied from the official HRSA CSV: site name, address, city, state, postal code, phone, website, HRSA geocoding coordinates, county/FIPS, operating hours per week, site status, and location setting. Site status: Active. Location setting: All Other Clinic Types. Operational schedule: Full-Time. Daily hours, services, price, insurance, and accessibility fields were not supplied by this intake.",BPS-H80-002007,Health Center Service Delivery and Look-Alike Sites,2026-06-19,2026-06-19,needs_review,
hrsa-bps-h80-006390,IMMACULATE CONCEPTION SHELTER,community_health_center,574 Park St,Hartford,CT,09,Capitol Planning Region,09110,06106-4617,41.75816376,-72.68636632,860-724-4823,www.thecharteroak.org,,,,,,,,,HRSA operating hours per week: 2.50,unknown,,,,,,,,,HRSA Health Center Service Delivery and Look-Alike Sites,https://data.hrsa.gov/DataDownload/DD_Files/Health_Center_Service_Delivery_and_LookAlike_Sites.csv,2026-06-19,"Fields copied from the official HRSA CSV: site name, address, city, state, postal code, phone, website, HRSA geocoding coordinates, county/FIPS, operating hours per week, site status, and location setting. Site status: Active. Location setting: All Other Clinic Types. Operational schedule: Part-Time. Daily hours, services, price, insurance, and accessibility fields were not supplied by this intake.",BPS-H80-006390,Health Center Service Delivery and Look-Alike Sites,2026-06-19,2026-06-19,needs_review,
hrsa-bps-h80-037557,East Lyme High School SBHC,community_health_center,30 Chesterfield Rd RM A249A,East Lyme,CT,09,Southeastern Connecticut Planning Region,09180,06333-1201,41.36835177,-72.21053238,860-739-6946,,,,,,,,,,HRSA operating hours per week: 20.00,unknown,,,,,,,,,HRSA Health Center Service Delivery and Look-Alike Sites,https://data.hrsa.gov/DataDownload/DD_Files/Health_Center_Service_Delivery_and_LookAlike_Sites.csv,2026-06-19,"Fields copied from the official HRSA CSV: site name, address, city, state, postal code, phone, website, HRSA geocoding coordinates, county/FIPS, operating hours per week, site status, and location setting. Site status: Active. Location setting: School. Operational schedule: Unknown. Daily hours, services, price, insurance, and accessibility fields were not supplied by this intake.",BPS-H80-037557,Health Center Service Delivery and Look-Alike Sites,2026-06-19,2026-06-19,needs_review,
hrsa-bps-h80-037152,CS-HHC at Helen Street Elementary School,community_health_center,285 Helen St,Hamden,CT,09,South Central Connecticut Planning Region,09170,06514-4326,41.34966002,-72.94368178,203-503-3000,,,,,,,,,,HRSA operating hours per week: 27.50,unknown,,,,,,,,,HRSA Health Center Service Delivery and Look-Alike Sites,https://data.hrsa.gov/DataDownload/DD_Files/Health_Center_Service_Delivery_and_LookAlike_Sites.csv,2026-06-19,"Fields copied from the official HRSA CSV: site name, address, city, state, postal code, phone, website, HRSA geocoding coordinates, county/FIPS, operating hours per week, site status, and location setting. Site status: Active. Location setting: School. Operational schedule: Unknown. Daily hours, services, price, insurance, and accessibility fields were not supplied by this intake.",BPS-H80-037152,Health Center Service Delivery and Look-Alike Sites,2026-06-19,2026-06-19,needs_review,
hrsa-bps-h80-029649,Hamden Middle School SBHC,community_health_center,2623 Dixwell Ave,Hamden,CT,09,South Central Connecticut Planning Region,09170,06518-3304,41.37978785,-72.91190129,203-407-3140,,,,,,,,,,HRSA operating hours per week: 40.00,unknown,,,,,,,,,HRSA Health Center Service Delivery and Look-Alike Sites,https://data.hrsa.gov/DataDownload/DD_Files/Health_Center_Service_Delivery_and_LookAlike_Sites.csv,2026-06-19,"Fields copied from the official HRSA CSV: site name, address, city, state, postal code, phone, website, HRSA geocoding coordinates, county/FIPS, operating hours per week, site status, and location setting. Site status: Active. Location setting: School. Operational schedule: Unknown. Daily hours, services, price, insurance, and accessibility fields were not supplied by this intake.",BPS-H80-029649,Health Center Service Delivery and Look-Alike Sites,2026-06-19,2026-06-19,needs_review,
hrsa-bps-h80-031992,Odyssey Community School SBHC,community_health_center,579 Middlesex Tnpk  RM 149,Manchester,CT,09,Capitol Planning Region,09110,06040-2728,41.78108701,-72.55053003,860-645-1234,,,,,,,,,,HRSA operating hours per week: 40.00,unknown,,,,,,,,,HRSA Health Center Service Delivery and Look-Alike Sites,https://data.hrsa.gov/DataDownload/DD_Files/Health_Center_Service_Delivery_and_LookAlike_Sites.csv,2026-06-19,"Fields copied from the official HRSA CSV: site name, address, city, state, postal code, phone, website, HRSA geocoding coordinates, county/FIPS, operating hours per week, site status, and location setting. Site status: Active. Location setting: School. Operational schedule: Unknown. Daily hours, services, price, insurance, and accessibility fields were not supplied by this intake.",BPS-H80-031992,Health Center Service Delivery and Look-Alike Sites,2026-06-19,2026-06-19,needs_review,
hrsa-bps-h80-002214,First Choice Health Centers,community_health_center,110 Connecticut Blvd,East Hartford,CT,09,Capitol Planning Region,09110,06108,41.76948629,-72.64915675,860-610-6157,WWW.FIRSTCHC.ORG,,,,,,,,,HRSA operating hours per week: 42.50,unknown,,,,,,,,,HRSA Health Center Service Delivery and Look-Alike Sites,https://data.hrsa.gov/DataDownload/DD_Files/Health_Center_Service_Delivery_and_LookAlike_Sites.csv,2026-06-19,"Fields copied from the official HRSA CSV: site name, address, city, state, postal code, phone, website, HRSA geocoding coordinates, county/FIPS, operating hours per week, site status, and location setting. Site status: Active. Location setting: All Other Clinic Types. Operational schedule: Full-Time. Daily hours, services, price, insurance, and accessibility fields were not supplied by this intake.",BPS-H80-002214,Health Center Service Delivery and Look-Alike Sites,2026-06-19,2026-06-19,needs_review,
hrsa-bps-h80-002297,New Britain High School - SBHC,community_health_center,110 Mill St,New Britain,CT,09,Capitol Planning Region,09110,06051-3499,41.64993881,-72.77808731,860-826-8845,www.chc1.com,,,,,,,,,HRSA operating hours per week: 40.00,unknown,,,,,,,,,HRSA Health Center Service Delivery and Look-Alike Sites,https://data.hrsa.gov/DataDownload/DD_Files/Health_Center_Service_Delivery_and_LookAlike_Sites.csv,2026-06-19,"Fields copied from the official HRSA CSV: site name, address, city, state, postal code, phone, website, HRSA geocoding coordinates, county/FIPS, operating hours per week, site status, and location setting. Site status: Active. Location setting: School. Operational schedule: Full-Time. Daily hours, services, price, insurance, and accessibility fields were not supplied by this intake.",BPS-H80-002297,Health Center Service Delivery and Look-Alike Sites,2026-06-19,2026-06-19,needs_review,
hrsa-bps-h80-034282,Ridge Hill Elementary School SBHC,community_health_center,1341 Ridge Rd,North Haven,CT,09,South Central Connecticut Planning Region,09170,06473-3099,41.37064001,-72.89441002,203-248-4050,,,,,,,,,,HRSA operating hours per week: 20.00,unknown,,,,,,,,,HRSA Health Center Service Delivery and Look-Alike Sites,https://data.hrsa.gov/DataDownload/DD_Files/Health_Center_Service_Delivery_and_LookAlike_Sites.csv,2026-06-19,"Fields copied from the official HRSA CSV: site name, address, city, state, postal code, phone, website, HRSA geocoding coordinates, county/FIPS, operating hours per week, site status, and location setting. Site status: Active. Location setting: School. Operational schedule: Unknown. Daily hours, services, price, insurance, and accessibility fields were not supplied by this intake.",BPS-H80-034282,Health Center Service Delivery and Look-Alike Sites,2026-06-19,2026-06-19,needs_review,
hrsa-bps-h80-040929,"Bassick High School, School Based Health Clinic",community_health_center,205 Broad St,Bridgeport,CT,09,Greater Bridgeport Planning Region,09120,06604-5702,41.16636029,-73.18677675,203-275-3083,,,,,,,,,,HRSA operating hours per week: 35.00,unknown,,,,,,,,,HRSA Health Center Service Delivery and Look-Alike Sites,https://data.hrsa.gov/DataDownload/DD_Files/Health_Center_Service_Delivery_and_LookAlike_Sites.csv,2026-06-19,"Fields copied from the official HRSA CSV: site name, address, city, state, postal code, phone, website, HRSA geocoding coordinates, county/FIPS, operating hours per week, site status, and location setting. Site status: Active. Location setting: School. Operational schedule: Unknown. Daily hours, services, price, insurance, and accessibility fields were not supplied by this intake.",BPS-H80-040929,Health Center Service Delivery and Look-Alike Sites,2026-06-19,2026-06-19,needs_review,
hrsa-bps-h80-029960,Thomas J. McDonough Middle School,community_health_center,111 Hillside Ave,Hartford,CT,09,Capitol Planning Region,09110,06106-3018,41.74974720,-72.69839158,860-695-4260,,,,,,,,,,HRSA operating hours per week: 5.50,unknown,,,,,,,,,HRSA Health Center Service Delivery and Look-Alike Sites,https://data.hrsa.gov/DataDownload/DD_Files/Health_Center_Service_Delivery_and_LookAlike_Sites.csv,2026-06-19,"Fields copied from the official HRSA CSV: site name, address, city, state, postal code, phone, website, HRSA geocoding coordinates, county/FIPS, operating hours per week, site status, and location setting. Site status: Active. Location setting: School. Operational schedule: Unknown. Daily hours, services, price, insurance, and accessibility fields were not supplied by this intake.",BPS-H80-029960,Health Center Service Delivery and Look-Alike Sites,2026-06-19,2026-06-19,needs_review,
hrsa-bps-h80-027475,Hazardville Memorial School SBHC,community_health_center,68 N Maple St,Enfield,CT,09,Capitol Planning Region,09110,06082-3942,41.99305998,-72.53915001,860-763-7505,,,,,,,,,,HRSA operating hours per week: 20.00,unknown,,,,,,,,,HRSA Health Center Service Delivery and Look-Alike Sites,https://data.hrsa.gov/DataDownload/DD_Files/Health_Center_Service_Delivery_and_LookAlike_Sites.csv,2026-06-19,"Fields copied from the official HRSA CSV: site name, address, city, state, postal code, phone, website, HRSA geocoding coordinates, county/FIPS, operating hours per week, site status, and location setting. Site status: Active. Location setting: School. Operational schedule: Unknown. Daily hours, services, price, insurance, and accessibility fields were not supplied by this intake.",BPS-H80-027475,Health Center Service Delivery and Look-Alike Sites,2026-06-19,2026-06-19,needs_review,
hrsa-bps-h80-008151,Luis Munoz Marin Elementary School - SBHC,community_health_center,479 Helen St,Bridgeport,CT,09,Greater Bridgeport Planning Region,09120,06608-1321,41.19311637,-73.17505986,203-576-8310,,,,,,,,,,HRSA operating hours per week: 37.50,unknown,,,,,,,,,HRSA Health Center Service Delivery and Look-Alike Sites,https://data.hrsa.gov/DataDownload/DD_Files/Health_Center_Service_Delivery_and_LookAlike_Sites.csv,2026-06-19,"Fields copied from the official HRSA CSV: site name, address, city, state, postal code, phone, website, HRSA geocoding coordinates, county/FIPS, operating hours per week, site status, and location setting. Site status: Active. Location setting: School. Operational schedule: Part-Time. Daily hours, services, price, insurance, and accessibility fields were not supplied by this intake.",BPS-H80-008151,Health Center Service Delivery and Look-Alike Sites,2026-06-19,2026-06-19,needs_review,
hrsa-bps-h80-039760,Lordship Elementary SBHC,community_health_center,254 Crown St,Stratford,CT,09,Greater Bridgeport Planning Region,09120,06615-7599,41.15442190,-73.12642336,203-385-4170,,,,,,,,,,HRSA operating hours per week: 16.00,unknown,,,,,,,,,HRSA Health Center Service Delivery and Look-Alike Sites,https://data.hrsa.gov/DataDownload/DD_Files/Health_Center_Service_Delivery_and_LookAlike_Sites.csv,2026-06-19,"Fields copied from the official HRSA CSV: site name, address, city, state, postal code, phone, website, HRSA geocoding coordinates, county/FIPS, operating hours per week, site status, and location setting. Site status: Active. Location setting: School. Operational schedule: Unknown. Daily hours, services, price, insurance, and accessibility fields were not supplied by this intake.",BPS-H80-039760,Health Center Service Delivery and Look-Alike Sites,2026-06-19,2026-06-19,needs_review,
hrsa-bps-h80-002845,"GENERATIONS FAMILY HEALTH CENTER, INC. - Danielson",community_health_center,42 Reynolds St,Danielson,CT,09,Northeastern Connecticut Planning Region,09150,06239-2917,41.80737287,-71.87939985,860-774-7501,WWW.GENHEALTH.ORG,,,,,,,,,HRSA operating hours per week: 51.00,unknown,,,,,,,,,HRSA Health Center Service Delivery and Look-Alike Sites,https://data.hrsa.gov/DataDownload/DD_Files/Health_Center_Service_Delivery_and_LookAlike_Sites.csv,2026-06-19,"Fields copied from the official HRSA CSV: site name, address, city, state, postal code, phone, website, HRSA geocoding coordinates, county/FIPS, operating hours per week, site status, and location setting. Site status: Active. Location setting: All Other Clinic Types. Operational schedule: Full-Time. Daily hours, services, price, insurance, and accessibility fields were not supplied by this intake.",BPS-H80-002845,Health Center Service Delivery and Look-Alike Sites,2026-06-19,2026-06-19,needs_review,
hrsa-bps-h80-006646,Maloney High School - SBHC,community_health_center,121 Gravel St,Meriden,CT,09,South Central Connecticut Planning Region,09170,06450-4698,41.53170297,-72.77366426,203-238-2334,www.chc1.com,,,,,,,,,HRSA operating hours per week: 40.00,unknown,,,,,,,,,HRSA Health Center Service Delivery and Look-Alike Sites,https://data.hrsa.gov/DataDownload/DD_Files/Health_Center_Service_Delivery_and_LookAlike_Sites.csv,2026-06-19,"Fields copied from the official HRSA CSV: site name, address, city, state, postal code, phone, website, HRSA geocoding coordinates, county/FIPS, operating hours per week, site status, and location setting. Site status: Active. Location setting: School. Operational schedule: Part-Time. Daily hours, services, price, insurance, and accessibility fields were not supplied by this intake.",BPS-H80-006646,Health Center Service Delivery and Look-Alike Sites,2026-06-19,2026-06-19,needs_review,
hrsa-bps-h80-035980,DiLoreto Elementary & Middle School,community_health_center,732 Slater Rd,New Britain,CT,09,Capitol Planning Region,09110,06053-2239,41.68653193,-72.80798396,860-793-3500,www.wheelerclinic.org,,,,,,,,,HRSA operating hours per week: 40.00,unknown,,,,,,,,,HRSA Health Center Service Delivery and Look-Alike Sites,https://data.hrsa.gov/DataDownload/DD_Files/Health_Center_Service_Delivery_and_LookAlike_Sites.csv,2026-06-19,"Fields copied from the official HRSA CSV: site name, address, city, state, postal code, phone, website, HRSA geocoding coordinates, county/FIPS, operating hours per week, site status, and location setting. Site status: Active. Location setting: School. Operational schedule: Unknown. Daily hours, services, price, insurance, and accessibility fields were not supplied by this intake.",BPS-H80-035980,Health Center Service Delivery and Look-Alike Sites,2026-06-19,2026-06-19,needs_review,
hrsa-bps-h80-003056,OPTIMUS on Barnum Avenue,community_health_center,471 Barnum Ave,Bridgeport,CT,09,Greater Bridgeport Planning Region,09120,06608-2409,41.18724820,-73.18018908,203-333-3030,www.optimushealthcare.org,,,,,,,,,HRSA operating hours per week: 47.50,unknown,,,,,,,,,HRSA Health Center Service Delivery and Look-Alike Sites,https://data.hrsa.gov/DataDownload/DD_Files/Health_Center_Service_Delivery_and_LookAlike_Sites.csv,2026-06-19,"Fields copied from the official HRSA CSV: site name, address, city, state, postal code, phone, website, HRSA geocoding coordinates, county/FIPS, operating hours per week, site status, and location setting. Site status: Active. Location setting: All Other Clinic Types. Operational schedule: Full-Time. Daily hours, services, price, insurance, and accessibility fields were not supplied by this intake.",BPS-H80-003056,Health Center Service Delivery and Look-Alike Sites,2026-06-19,2026-06-19,needs_review,
hrsa-bps-h80-027403,Wesley Elementary School SBHC,community_health_center,10 Wesleyan Hills Rd,Middletown,CT,09,Lower Connecticut River Valley Planning Region,09130,06457,41.52429448,-72.66611614,860-344-0381,,,,,,,,,,HRSA operating hours per week: 20.00,unknown,,,,,,,,,HRSA Health Center Service Delivery and Look-Alike Sites,https://data.hrsa.gov/DataDownload/DD_Files/Health_Center_Service_Delivery_and_LookAlike_Sites.csv,2026-06-19,"Fields copied from the official HRSA CSV: site name, address, city, state, postal code, phone, website, HRSA geocoding coordinates, county/FIPS, operating hours per week, site status, and location setting. Site status: Active. Location setting: School. Operational schedule: Unknown. Daily hours, services, price, insurance, and accessibility fields were not supplied by this intake.",BPS-H80-027403,Health Center Service Delivery and Look-Alike Sites,2026-06-19,2026-06-19,needs_review,
hrsa-bps-h80-003153,ROBERTO CLEMENTE SCHOOL CLINIC,community_health_center,360 Columbus Ave,New Haven,CT,09,South Central Connecticut Planning Region,09170,06519-1598,41.29739001,-72.93580002,203-497-7617,www.cornellscott.org,,,,,,,,,HRSA operating hours per week: 37.50,unknown,,,,,,,,,HRSA Health Center Service Delivery and Look-Alike Sites,https://data.hrsa.gov/DataDownload/DD_Files/Health_Center_Service_Delivery_and_LookAlike_Sites.csv,2026-06-19,"Fields copied from the official HRSA CSV: site name, address, city, state, postal code, phone, website, HRSA geocoding coordinates, county/FIPS, operating hours per week, site status, and location setting. Site status: Active. Location setting: School. Operational schedule: Full-Time. Daily hours, services, price, insurance, and accessibility fields were not supplied by this intake.",BPS-H80-003153,Health Center Service Delivery and Look-Alike Sites,2026-06-19,2026-06-19,needs_review,
hrsa-bps-h80-040356,Bristol Eastern High School,community_health_center,632 King St,Bristol,CT,09,Naugatuck Valley Planning Region,09140,06010-4400,41.68553000,-72.92242996,860-584-7876,,,,,,,,,,HRSA operating hours per week: 40.00,unknown,,,,,,,,,HRSA Health Center Service Delivery and Look-Alike Sites,https://data.hrsa.gov/DataDownload/DD_Files/Health_Center_Service_Delivery_and_LookAlike_Sites.csv,2026-06-19,"Fields copied from the official HRSA CSV: site name, address, city, state, postal code, phone, website, HRSA geocoding coordinates, county/FIPS, operating hours per week, site status, and location setting. Site status: Active. Location setting: School. Operational schedule: Unknown. Daily hours, services, price, insurance, and accessibility fields were not supplied by this intake.",BPS-H80-040356,Health Center Service Delivery and Look-Alike Sites,2026-06-19,2026-06-19,needs_review,
hrsa-bps-h80-035979,Wilby High School SBHC,community_health_center,568 Bucks Hill Rd,Waterbury,CT,09,Naugatuck Valley Planning Region,09140,06704-1270,41.60432998,-73.02696001,203-574-8100,,,,,,,,,,HRSA operating hours per week: 40.00,unknown,,,,,,,,,HRSA Health Center Service Delivery and Look-Alike Sites,https://data.hrsa.gov/DataDownload/DD_Files/Health_Center_Service_Delivery_and_LookAlike_Sites.csv,2026-06-19,"Fields copied from the official HRSA CSV: site name, address, city, state, postal code, phone, website, HRSA geocoding coordinates, county/FIPS, operating hours per week, site status, and location setting. Site status: Active. Location setting: School. Operational schedule: Unknown. Daily hours, services, price, insurance, and accessibility fields were not supplied by this intake.",BPS-H80-035979,Health Center Service Delivery and Look-Alike Sites,2026-06-19,2026-06-19,needs_review,
hrsa-bps-h80-031392,OPTMUS at Recovery Counseling Services,community_health_center,1438 Park Ave,Bridgeport,CT,09,Greater Bridgeport Planning Region,09120,06604-2512,41.18013531,-73.20293781,203-696-3260,,,,,,,,,,HRSA operating hours per week: 40.00,unknown,,,,,,,,,HRSA Health Center Service Delivery and Look-Alike Sites,https://data.hrsa.gov/DataDownload/DD_Files/Health_Center_Service_Delivery_and_LookAlike_Sites.csv,2026-06-19,"Fields copied from the official HRSA CSV: site name, address, city, state, postal code, phone, website, HRSA geocoding coordinates, county/FIPS, operating hours per week, site status, and location setting. Site status: Active. Location setting: All Other Clinic Types. Operational schedule: Unknown. Daily hours, services, price, insurance, and accessibility fields were not supplied by this intake.",BPS-H80-031392,Health Center Service Delivery and Look-Alike Sites,2026-06-19,2026-06-19,needs_review,
hrsa-bps-lal-035470,Sunset Ridge Middle School Based Health Center,community_health_center,450 Forbes St,East Hartford,CT,09,Capitol Planning Region,09110,06118-1716,41.76470596,-72.60004504,860-569-5900 x158,,,,,,,,,,HRSA operating hours per week: 40.00,unknown,,,,,,,,,HRSA Health Center Service Delivery and Look-Alike Sites,https://data.hrsa.gov/DataDownload/DD_Files/Health_Center_Service_Delivery_and_LookAlike_Sites.csv,2026-06-19,"Fields copied from the official HRSA CSV: site name, address, city, state, postal code, phone, website, HRSA geocoding coordinates, county/FIPS, operating hours per week, site status, and location setting. Site status: Active. Location setting: School. Operational schedule: Unknown. Daily hours, services, price, insurance, and accessibility fields were not supplied by this intake.",BPS-LAL-035470,Health Center Service Delivery and Look-Alike Sites,2026-06-19,2026-06-19,needs_review,
hrsa-bps-h80-038748,Cornell Scott-Hill Health Center at the Recovery and Wellness Center,community_health_center,149 Minor St,New Haven,CT,09,South Central Connecticut Planning Region,09170,06519-1623,41.29922435,-72.93306794,203-503-3000,,,,,,,,,,HRSA operating hours per week: 42.50,unknown,,,,,,,,,HRSA Health Center Service Delivery and Look-Alike Sites,https://data.hrsa.gov/DataDownload/DD_Files/Health_Center_Service_Delivery_and_LookAlike_Sites.csv,2026-06-19,"Fields copied from the official HRSA CSV: site name, address, city, state, postal code, phone, website, HRSA geocoding coordinates, county/FIPS, operating hours per week, site status, and location setting. Site status: Active. Location setting: All Other Clinic Types. Operational schedule: Unknown. Daily hours, services, price, insurance, and accessibility fields were not supplied by this intake.",BPS-H80-038748,Health Center Service Delivery and Look-Alike Sites,2026-06-19,2026-06-19,needs_review,
hrsa-bps-h80-014097,Stafford High School-SBHC,community_health_center,145 Orcuttville Rd,Stafford Springs,CT,09,Capitol Planning Region,09110,06076-3730,41.97255001,-72.30734998,860-684-2033 x3720,,,,,,,,,,HRSA operating hours per week: 35.00,unknown,,,,,,,,,HRSA Health Center Service Delivery and Look-Alike Sites,https://data.hrsa.gov/DataDownload/DD_Files/Health_Center_Service_Delivery_and_LookAlike_Sites.csv,2026-06-19,"Fields copied from the official HRSA CSV: site name, address, city, state, postal code, phone, website, HRSA geocoding coordinates, county/FIPS, operating hours per week, site status, and location setting. Site status: Active. Location setting: School. Operational schedule: Part-Time. Daily hours, services, price, insurance, and accessibility fields were not supplied by this intake.",BPS-H80-014097,Health Center Service Delivery and Look-Alike Sites,2026-06-19,2026-06-19,needs_review,
hrsa-bps-h80-007536,Roosevelt Middle School SBHC,community_health_center,40 Goodwin St,New Britain,CT,09,Capitol Planning Region,09110,06051-2814,41.66542190,-72.76162718,,www.chc1.com,,,,,,,,,HRSA operating hours per week: 40.00,unknown,,,,,,,,,HRSA Health Center Service Delivery and Look-Alike Sites,https://data.hrsa.gov/DataDownload/DD_Files/Health_Center_Service_Delivery_and_LookAlike_Sites.csv,2026-06-19,"Fields copied from the official HRSA CSV: site name, address, city, state, postal code, phone, website, HRSA geocoding coordinates, county/FIPS, operating hours per week, site status, and location setting. Site status: Active. Location setting: School. Operational schedule: Unknown. Daily hours, services, price, insurance, and accessibility fields were not supplied by this intake.",BPS-H80-007536,Health Center Service Delivery and Look-Alike Sites,2026-06-19,2026-06-19,needs_review,
hrsa-bps-h80-014479,Slade Middle School The Catalyst Academy SBHC,community_health_center,183 Steele St,New Britain,CT,09,Capitol Planning Region,09110,06052-1598,41.66016154,-72.80674537,860-225-6325,,,,,,,,,,HRSA operating hours per week: 20.00,unknown,,,,,,,,,HRSA Health Center Service Delivery and Look-Alike Sites,https://data.hrsa.gov/DataDownload/DD_Files/Health_Center_Service_Delivery_and_LookAlike_Sites.csv,2026-06-19,"Fields copied from the official HRSA CSV: site name, address, city, state, postal code, phone, website, HRSA geocoding coordinates, county/FIPS, operating hours per week, site status, and location setting. Site status: Active. Location setting: School. Operational schedule: Unknown. Daily hours, services, price, insurance, and accessibility fields were not supplied by this intake.",BPS-H80-014479,Health Center Service Delivery and Look-Alike Sites,2026-06-19,2026-06-19,needs_review,
hrsa-bps-h80-003567,Fair Haven Medical Group at Bella Vista,community_health_center,339 Eastern St,New Haven,CT,09,South Central Connecticut Planning Region,09170,06513-2463,41.31508157,-72.87241230,203-469-5331,www.fhchc.org,,,,,,,,,HRSA operating hours per week: 43.50,unknown,,,,,,,,,HRSA Health Center Service Delivery and Look-Alike Sites,https://data.hrsa.gov/DataDownload/DD_Files/Health_Center_Service_Delivery_and_LookAlike_Sites.csv,2026-06-19,"Fields copied from the official HRSA CSV: site name, address, city, state, postal code, phone, website, HRSA geocoding coordinates, county/FIPS, operating hours per week, site status, and location setting. Site status: Active. Location setting: All Other Clinic Types. Operational schedule: Full-Time. Daily hours, services, price, insurance, and accessibility fields were not supplied by this intake.",BPS-H80-003567,Health Center Service Delivery and Look-Alike Sites,2026-06-19,2026-06-19,needs_review,
hrsa-bps-h80-037341,CS-HHC West Haven SBHC Van,community_health_center,428 Columbus AVE,New Haven,CT,09,South Central Connecticut Planning Region,09170,06519-1233,41.29732501,-72.93982501,203-503-3000,www.cornellscott.org,,,,,,,,,HRSA operating hours per week: 30.00,unknown,,,,,,,,,HRSA Health Center Service Delivery and Look-Alike Sites,https://data.hrsa.gov/DataDownload/DD_Files/Health_Center_Service_Delivery_and_LookAlike_Sites.csv,2026-06-19,"Fields copied from the official HRSA CSV: site name, address, city, state, postal code, phone, website, HRSA geocoding coordinates, county/FIPS, operating hours per week, site status, and location setting. Site status: Active. Location setting: School. Operational schedule: Unknown. Daily hours, services, price, insurance, and accessibility fields were not supplied by this intake.",BPS-H80-037341,Health Center Service Delivery and Look-Alike Sites,2026-06-19,2026-06-19,needs_review,
hrsa-bps-h80-003667,COMMUNITY HEALTH CENTER OF NEW BRITAIN,community_health_center,85 Lafayette St,New Britain,CT,09,Capitol Planning Region,09110,06051-1803,41.67135700,-72.78347402,860-224-3642,www.chc1.com,,,,,,,,,HRSA operating hours per week: 61.00,unknown,,,,,,,,,HRSA Health Center Service Delivery and Look-Alike Sites,https://data.hrsa.gov/DataDownload/DD_Files/Health_Center_Service_Delivery_and_LookAlike_Sites.csv,2026-06-19,"Fields copied from the official HRSA CSV: site name, address, city, state, postal code, phone, website, HRSA geocoding coordinates, county/FIPS, operating hours per week, site status, and location setting. Site status: Active. Location setting: All Other Clinic Types. Operational schedule: Full-Time. Daily hours, services, price, insurance, and accessibility fields were not supplied by this intake.",BPS-H80-003667,Health Center Service Delivery and Look-Alike Sites,2026-06-19,2026-06-19,needs_review,
hrsa-bps-h80-038586,Franklin Elementary School SBHC,community_health_center,1895 Barnum Ave,Stratford,CT,09,Greater Bridgeport Planning Region,09120,06614-5307,41.19295162,-73.14589519,203-385-4190,,,,,,,,,,HRSA operating hours per week: 20.00,unknown,,,,,,,,,HRSA Health Center Service Delivery and Look-Alike Sites,https://data.hrsa.gov/DataDownload/DD_Files/Health_Center_Service_Delivery_and_LookAlike_Sites.csv,2026-06-19,"Fields copied from the official HRSA CSV: site name, address, city, state, postal code, phone, website, HRSA geocoding coordinates, county/FIPS, operating hours per week, site status, and location setting. Site status: Active. Location setting: School. Operational schedule: Unknown. Daily hours, services, price, insurance, and accessibility fields were not supplied by this intake.",BPS-H80-038586,Health Center Service Delivery and Look-Alike Sites,2026-06-19,2026-06-19,needs_review,
hrsa-bps-h80-030943,Bethel Middle School SBHC,community_health_center,600 Whittlesey Dr,Bethel,CT,09,Western Connecticut Planning Region,09190,06801-1533,41.38137999,-73.39243001,860-794-8670,,,,,,,,,,HRSA operating hours per week: 40.00,unknown,,,,,,,,,HRSA Health Center Service Delivery and Look-Alike Sites,https://data.hrsa.gov/DataDownload/DD_Files/Health_Center_Service_Delivery_and_LookAlike_Sites.csv,2026-06-19,"Fields copied from the official HRSA CSV: site name, address, city, state, postal code, phone, website, HRSA geocoding coordinates, county/FIPS, operating hours per week, site status, and location setting. Site status: Active. Location setting: School. Operational schedule: Unknown. Daily hours, services, price, insurance, and accessibility fields were not supplied by this intake.",BPS-H80-030943,Health Center Service Delivery and Look-Alike Sites,2026-06-19,2026-06-19,needs_review,
hrsa-bps-h80-007004,PIVOT MINISTRIES,community_health_center,495 Jane St,Bridgeport,CT,09,Greater Bridgeport Planning Region,09120,06608-1707,41.19007944,-73.17674101,203-336-9263,www.swchc.org,,,,,,,,,HRSA operating hours per week: 4.00,unknown,,,,,,,,,HRSA Health Center Service Delivery and Look-Alike Sites,https://data.hrsa.gov/DataDownload/DD_Files/Health_Center_Service_Delivery_and_LookAlike_Sites.csv,2026-06-19,"Fields copied from the official HRSA CSV: site name, address, city, state, postal code, phone, website, HRSA geocoding coordinates, county/FIPS, operating hours per week, site status, and location setting. Site status: Active. Location setting: All Other Clinic Types. Operational schedule: Part-Time. Daily hours, services, price, insurance, and accessibility fields were not supplied by this intake.",BPS-H80-007004,Health Center Service Delivery and Look-Alike Sites,2026-06-19,2026-06-19,needs_review,
hrsa-bps-h80-034414,Mary R. Tisko Elementary School,community_health_center,118 Damascus Rd,Branford,CT,09,South Central Connecticut Planning Region,09170,06405-3979,41.28441864,-72.78876878,203-483-1826,,,,,,,,,,HRSA operating hours per week: 35.00,unknown,,,,,,,,,HRSA Health Center Service Delivery and Look-Alike Sites,https://data.hrsa.gov/DataDownload/DD_Files/Health_Center_Service_Delivery_and_LookAlike_Sites.csv,2026-06-19,"Fields copied from the official HRSA CSV: site name, address, city, state, postal code, phone, website, HRSA geocoding coordinates, county/FIPS, operating hours per week, site status, and location setting. Site status: Active. Location setting: School. Operational schedule: Unknown. Daily hours, services, price, insurance, and accessibility fields were not supplied by this intake.",BPS-H80-034414,Health Center Service Delivery and Look-Alike Sites,2026-06-19,2026-06-19,needs_review,
hrsa-bps-h80-018371,CIFC Health - 120 Main,community_health_center,120 Main St,Danbury,CT,09,Western Connecticut Planning Region,09190,06810-7834,41.39196952,-73.44982208,203-743-0100,www.ct-institute.org,,,,,,,,,HRSA operating hours per week: 52.50,unknown,,,,,,,,,HRSA Health Center Service Delivery and Look-Alike Sites,https://data.hrsa.gov/DataDownload/DD_Files/Health_Center_Service_Delivery_and_LookAlike_Sites.csv,2026-06-19,"Fields copied from the official HRSA CSV: site name, address, city, state, postal code, phone, website, HRSA geocoding coordinates, county/FIPS, operating hours per week, site status, and location setting. Site status: Active. Location setting: All Other Clinic Types. Operational schedule: Unknown. Daily hours, services, price, insurance, and accessibility fields were not supplied by this intake.",BPS-H80-018371,Health Center Service Delivery and Look-Alike Sites,2026-06-19,2026-06-19,needs_review,
hrsa-bps-h80-007042,Platt High School - SBHC,community_health_center,220 Coe Ave,Meriden,CT,09,South Central Connecticut Planning Region,09170,06451-3897,41.53394894,-72.82622860,203-235-7963,www.chc1.com,,,,,,,,,HRSA operating hours per week: 40.00,unknown,,,,,,,,,HRSA Health Center Service Delivery and Look-Alike Sites,https://data.hrsa.gov/DataDownload/DD_Files/Health_Center_Service_Delivery_and_LookAlike_Sites.csv,2026-06-19,"Fields copied from the official HRSA CSV: site name, address, city, state, postal code, phone, website, HRSA geocoding coordinates, county/FIPS, operating hours per week, site status, and location setting. Site status: Active. Location setting: School. Operational schedule: Part-Time. Daily hours, services, price, insurance, and accessibility fields were not supplied by this intake.",BPS-H80-007042,Health Center Service Delivery and Look-Alike Sites,2026-06-19,2026-06-19,needs_review,
hrsa-bps-h80-014687,CS-HHC at Augusta Lewis Troup School,community_health_center,259 Edgewood Ave,New Haven,CT,09,South Central Connecticut Planning Region,09170,06511-4198,41.31317397,-72.94230178,203-691-3000,,,,,,,,,,HRSA operating hours per week: 30.00,unknown,,,,,,,,,HRSA Health Center Service Delivery and Look-Alike Sites,https://data.hrsa.gov/DataDownload/DD_Files/Health_Center_Service_Delivery_and_LookAlike_Sites.csv,2026-06-19,"Fields copied from the official HRSA CSV: site name, address, city, state, postal code, phone, website, HRSA geocoding coordinates, county/FIPS, operating hours per week, site status, and location setting. Site status: Active. Location setting: School. Operational schedule: Unknown. Daily hours, services, price, insurance, and accessibility fields were not supplied by this intake.",BPS-H80-014687,Health Center Service Delivery and Look-Alike Sites,2026-06-19,2026-06-19,needs_review,
hrsa-bps-h80-030026,CHILD GUIDANCE CENTER OF SOUTHEREN CONNECTICUT,community_health_center,401 Shippan Ave,Stamford,CT,09,Western Connecticut Planning Region,09190,06902-6075,41.04553762,-73.52515787,203-324-6127,,,,,,,,,,HRSA operating hours per week: 40.00,unknown,,,,,,,,,HRSA Health Center Service Delivery and Look-Alike Sites,https://data.hrsa.gov/DataDownload/DD_Files/Health_Center_Service_Delivery_and_LookAlike_Sites.csv,2026-06-19,"Fields copied from the official HRSA CSV: site name, address, city, state, postal code, phone, website, HRSA geocoding coordinates, county/FIPS, operating hours per week, site status, and location setting. Site status: Active. Location setting: All Other Clinic Types. Operational schedule: Unknown. Daily hours, services, price, insurance, and accessibility fields were not supplied by this intake.",BPS-H80-030026,Health Center Service Delivery and Look-Alike Sites,2026-06-19,2026-06-19,needs_review,
hrsa-bps-lal-017598,InterCommunity Inc.,community_health_center,16 Coventry St,Hartford,CT,09,Capitol Planning Region,09110,06112-1524,41.79658264,-72.68964658,860-714-3704,,,,,,,,,,HRSA operating hours per week: 47.00,unknown,,,,,,,,,HRSA Health Center Service Delivery and Look-Alike Sites,https://data.hrsa.gov/DataDownload/DD_Files/Health_Center_Service_Delivery_and_LookAlike_Sites.csv,2026-06-19,"Fields copied from the official HRSA CSV: site name, address, city, state, postal code, phone, website, HRSA geocoding coordinates, county/FIPS, operating hours per week, site status, and location setting. Site status: Active. Location setting: All Other Clinic Types. Operational schedule: Unknown. Daily hours, services, price, insurance, and accessibility fields were not supplied by this intake.",BPS-LAL-017598,Health Center Service Delivery and Look-Alike Sites,2026-06-19,2026-06-19,needs_review,
hrsa-bps-h80-021774,Pathways Academy SBHC,community_health_center,35 Bishop St,East Haven,CT,09,South Central Connecticut Planning Region,09170,06512-2939,41.27723459,-72.87549290,475-238-7932,,,,,,,,,,HRSA operating hours per week: 20.00,unknown,,,,,,,,,HRSA Health Center Service Delivery and Look-Alike Sites,https://data.hrsa.gov/DataDownload/DD_Files/Health_Center_Service_Delivery_and_LookAlike_Sites.csv,2026-06-19,"Fields copied from the official HRSA CSV: site name, address, city, state, postal code, phone, website, HRSA geocoding coordinates, county/FIPS, operating hours per week, site status, and location setting. Site status: Active. Location setting: School. Operational schedule: Unknown. Daily hours, services, price, insurance, and accessibility fields were not supplied by this intake.",BPS-H80-021774,Health Center Service Delivery and Look-Alike Sites,2026-06-19,2026-06-19,needs_review,
hrsa-bps-h80-007100,Martha's Place,community_health_center,559 Howard Ave,New Haven,CT,09,South Central Connecticut Planning Region,09170,06519-2139,41.29644034,-72.93363162,203-624-5798,www.cornellscott.org,,,,,,,,,HRSA operating hours per week: 2.00,unknown,,,,,,,,,HRSA Health Center Service Delivery and Look-Alike Sites,https://data.hrsa.gov/DataDownload/DD_Files/Health_Center_Service_Delivery_and_LookAlike_Sites.csv,2026-06-19,"Fields copied from the official HRSA CSV: site name, address, city, state, postal code, phone, website, HRSA geocoding coordinates, county/FIPS, operating hours per week, site status, and location setting. Site status: Active. Location setting: All Other Clinic Types. Operational schedule: Part-Time. Daily hours, services, price, insurance, and accessibility fields were not supplied by this intake.",BPS-H80-007100,Health Center Service Delivery and Look-Alike Sites,2026-06-19,2026-06-19,needs_review,
hrsa-bps-h80-008748,"SOUTHWEST COMMUNITY HLTH CTR, INC",community_health_center,46 Albion St,Bridgeport,CT,09,Greater Bridgeport Planning Region,09120,06605-2602,41.16476953,-73.21668958,203-332-3500,www.swchc.org,,,,,,,,,HRSA operating hours per week: 47.00,unknown,,,,,,,,,HRSA Health Center Service Delivery and Look-Alike Sites,https://data.hrsa.gov/DataDownload/DD_Files/Health_Center_Service_Delivery_and_LookAlike_Sites.csv,2026-06-19,"Fields copied from the official HRSA CSV: site name, address, city, state, postal code, phone, website, HRSA geocoding coordinates, county/FIPS, operating hours per week, site status, and location setting. Site status: Active. Location setting: All Other Clinic Types. Operational schedule: Full-Time. Daily hours, services, price, insurance, and accessibility fields were not supplied by this intake.",BPS-H80-008748,Health Center Service Delivery and Look-Alike Sites,2026-06-19,2026-06-19,needs_review,
hrsa-bps-h80-035753,Mary P. Hinsdale - SBHC,community_health_center,15 Hinsdale Ave,Winsted,CT,09,Northwest Hills Planning Region,09160,06098-1107,41.92739636,-73.07462722,860-379-5956,,,,,,,,,,HRSA operating hours per week: 40.00,unknown,,,,,,,,,HRSA Health Center Service Delivery and Look-Alike Sites,https://data.hrsa.gov/DataDownload/DD_Files/Health_Center_Service_Delivery_and_LookAlike_Sites.csv,2026-06-19,"Fields copied from the official HRSA CSV: site name, address, city, state, postal code, phone, website, HRSA geocoding coordinates, county/FIPS, operating hours per week, site status, and location setting. Site status: Active. Location setting: School. Operational schedule: Unknown. Daily hours, services, price, insurance, and accessibility fields were not supplied by this intake.",BPS-H80-035753,Health Center Service Delivery and Look-Alike Sites,2026-06-19,2026-06-19,needs_review,
hrsa-bps-h80-033690,New Milford High School,community_health_center,388 Danbury Rd,New Milford,CT,09,Western Connecticut Planning Region,09190,06776-4317,41.52709854,-73.42477393,860-350-6647,,,,,,,,,,HRSA operating hours per week: 37.50,unknown,,,,,,,,,HRSA Health Center Service Delivery and Look-Alike Sites,https://data.hrsa.gov/DataDownload/DD_Files/Health_Center_Service_Delivery_and_LookAlike_Sites.csv,2026-06-19,"Fields copied from the official HRSA CSV: site name, address, city, state, postal code, phone, website, HRSA geocoding coordinates, county/FIPS, operating hours per week, site status, and location setting. Site status: Active. Location setting: School. Operational schedule: Unknown. Daily hours, services, price, insurance, and accessibility fields were not supplied by this intake.",BPS-H80-033690,Health Center Service Delivery and Look-Alike Sites,2026-06-19,2026-06-19,needs_review,
hrsa-bps-h80-007166,COLUMBUS HOUSE SHELTER CLINIC,community_health_center,586 Ella T Grasso Blvd,New Haven,CT,09,South Central Connecticut Planning Region,09170,06519-1806,41.29497296,-72.94644252,203-401-4400 x106,www.cornellscott.org,,,,,,,,,HRSA operating hours per week: 8.00,unknown,,,,,,,,,HRSA Health Center Service Delivery and Look-Alike Sites,https://data.hrsa.gov/DataDownload/DD_Files/Health_Center_Service_Delivery_and_LookAlike_Sites.csv,2026-06-19,"Fields copied from the official HRSA CSV: site name, address, city, state, postal code, phone, website, HRSA geocoding coordinates, county/FIPS, operating hours per week, site status, and location setting. Site status: Active. Location setting: All Other Clinic Types. Operational schedule: Part-Time. Daily hours, services, price, insurance, and accessibility fields were not supplied by this intake.",BPS-H80-007166,Health Center Service Delivery and Look-Alike Sites,2026-06-19,2026-06-19,needs_review,
hrsa-bps-h80-022080,Columbus Elementary School - SBHC,community_health_center,275 George St,Bridgeport,CT,09,Greater Bridgeport Planning Region,09120,06604-3320,41.18537576,-73.19736133,203-579-8461,,,,,,,,,,HRSA operating hours per week: 35.00,unknown,,,,,,,,,HRSA Health Center Service Delivery and Look-Alike Sites,https://data.hrsa.gov/DataDownload/DD_Files/Health_Center_Service_Delivery_and_LookAlike_Sites.csv,2026-06-19,"Fields copied from the official HRSA CSV: site name, address, city, state, postal code, phone, website, HRSA geocoding coordinates, county/FIPS, operating hours per week, site status, and location setting. Site status: Active. Location setting: School. Operational schedule: Unknown. Daily hours, services, price, insurance, and accessibility fields were not supplied by this intake.",BPS-H80-022080,Health Center Service Delivery and Look-Alike Sites,2026-06-19,2026-06-19,needs_review,
hrsa-bps-h80-032117,New Britain Family Health and Wellness Center,community_health_center,40 Hart St,New Britain,CT,09,Capitol Planning Region,09110,06052-1759,41.65952330,-72.78533455,860-793-3500,www.wheelerclinic.org,,,,,,,,,HRSA operating hours per week: 54.00,unknown,,,,,,,,,HRSA Health Center Service Delivery and Look-Alike Sites,https://data.hrsa.gov/DataDownload/DD_Files/Health_Center_Service_Delivery_and_LookAlike_Sites.csv,2026-06-19,"Fields copied from the official HRSA CSV: site name, address, city, state, postal code, phone, website, HRSA geocoding coordinates, county/FIPS, operating hours per week, site status, and location setting. Site status: Active. Location setting: All Other Clinic Types. Operational schedule: Unknown. Daily hours, services, price, insurance, and accessibility fields were not supplied by this intake.",BPS-H80-032117,Health Center Service Delivery and Look-Alike Sites,2026-06-19,2026-06-19,needs_review,
hrsa-bps-h80-007205,SOUTH PARK INN,community_health_center,75 Main St,Hartford,CT,09,Capitol Planning Region,09110,06106-5316,41.75651777,-72.67617141,860-724-0071,www.thecharteroak.org,,,,,,,,,HRSA operating hours per week: 2.50,unknown,,,,,,,,,HRSA Health Center Service Delivery and Look-Alike Sites,https://data.hrsa.gov/DataDownload/DD_Files/Health_Center_Service_Delivery_and_LookAlike_Sites.csv,2026-06-19,"Fields copied from the official HRSA CSV: site name, address, city, state, postal code, phone, website, HRSA geocoding coordinates, county/FIPS, operating hours per week, site status, and location setting. Site status: Active. Location setting: All Other Clinic Types. Operational schedule: Part-Time. Daily hours, services, price, insurance, and accessibility fields were not supplied by this intake.",BPS-H80-007205,Health Center Service Delivery and Look-Alike Sites,2026-06-19,2026-06-19,needs_review,
hrsa-bps-lal-030726,InterCommunity Administrative Office,community_health_center,800 Connecticut Blvd BLDG,East Hartford,CT,09,Capitol Planning Region,09110,06108-7303,41.76982404,-72.66057068,860-569-5900 x158,,,,,,,,,,,unknown,,,,,,,,,HRSA Health Center Service Delivery and Look-Alike Sites,https://data.hrsa.gov/DataDownload/DD_Files/Health_Center_Service_Delivery_and_LookAlike_Sites.csv,2026-06-19,"Fields copied from the official HRSA CSV: site name, address, city, state, postal code, phone, website, HRSA geocoding coordinates, county/FIPS, operating hours per week, site status, and location setting. Site status: Active. Location setting: Unknown. Operational schedule: Unknown. Daily hours, services, price, insurance, and accessibility fields were not supplied by this intake.",BPS-LAL-030726,Health Center Service Delivery and Look-Alike Sites,2026-06-19,2026-06-19,needs_review,
hrsa-bps-h80-013732,WYA NEW LONDON HOMELESS HOSPITALAILTY CENTER,community_health_center,327 Huntington St,New London,CT,09,Southeastern Connecticut Planning Region,09180,06320-6214,41.36344716,-72.10172773,860-347-6971,,,,,,,,,,HRSA operating hours per week: 12.00,unknown,,,,,,,,,HRSA Health Center Service Delivery and Look-Alike Sites,https://data.hrsa.gov/DataDownload/DD_Files/Health_Center_Service_Delivery_and_LookAlike_Sites.csv,2026-06-19,"Fields copied from the official HRSA CSV: site name, address, city, state, postal code, phone, website, HRSA geocoding coordinates, county/FIPS, operating hours per week, site status, and location setting. Site status: Active. Location setting: All Other Clinic Types. Operational schedule: Full-Time. Daily hours, services, price, insurance, and accessibility fields were not supplied by this intake.",BPS-H80-013732,Health Center Service Delivery and Look-Alike Sites,2026-06-19,2026-06-19,needs_review,
hrsa-bps-h80-004868,SOUTH CENTRAL REHAB CENTER,community_health_center,232 Cedar St,New Haven,CT,09,South Central Connecticut Planning Region,09170,06519-1610,41.29901187,-72.93271666,203-503-3300,www.cornellscott.org,,,,,,,,,HRSA operating hours per week: 168.00,unknown,,,,,,,,,HRSA Health Center Service Delivery and Look-Alike Sites,https://data.hrsa.gov/DataDownload/DD_Files/Health_Center_Service_Delivery_and_LookAlike_Sites.csv,2026-06-19,"Fields copied from the official HRSA CSV: site name, address, city, state, postal code, phone, website, HRSA geocoding coordinates, county/FIPS, operating hours per week, site status, and location setting. Site status: Active. Location setting: All Other Clinic Types. Operational schedule: Full-Time. Daily hours, services, price, insurance, and accessibility fields were not supplied by this intake.",BPS-H80-004868,Health Center Service Delivery and Look-Alike Sites,2026-06-19,2026-06-19,needs_review,
hrsa-bps-h80-033654,Torringford Elementary School,community_health_center,800 Charles St,Torrington,CT,09,Northwest Hills Planning Region,09160,06790-3495,41.81888294,-73.09286549,860-489-2300,www.chwctorr.org,,,,,,,,,HRSA operating hours per week: 8.00,unknown,,,,,,,,,HRSA Health Center Service Delivery and Look-Alike Sites,https://data.hrsa.gov/DataDownload/DD_Files/Health_Center_Service_Delivery_and_LookAlike_Sites.csv,2026-06-19,"Fields copied from the official HRSA CSV: site name, address, city, state, postal code, phone, website, HRSA geocoding coordinates, county/FIPS, operating hours per week, site status, and location setting. Site status: Active. Location setting: School. Operational schedule: Unknown. Daily hours, services, price, insurance, and accessibility fields were not supplied by this intake.",BPS-H80-033654,Health Center Service Delivery and Look-Alike Sites,2026-06-19,2026-06-19,needs_review,
hrsa-bps-h80-004980,"SOUTHWEST COMMUNITY HLTH CTR,INC",community_health_center,510 Clinton Ave,Bridgeport,CT,09,Greater Bridgeport Planning Region,09120,06605-1701,41.17488426,-73.20972766,203-366-4000,www.swchc.org,,,,,,,,,HRSA operating hours per week: 40.00,unknown,,,,,,,,,HRSA Health Center Service Delivery and Look-Alike Sites,https://data.hrsa.gov/DataDownload/DD_Files/Health_Center_Service_Delivery_and_LookAlike_Sites.csv,2026-06-19,"Fields copied from the official HRSA CSV: site name, address, city, state, postal code, phone, website, HRSA geocoding coordinates, county/FIPS, operating hours per week, site status, and location setting. Site status: Active. Location setting: All Other Clinic Types. Operational schedule: Full-Time. Daily hours, services, price, insurance, and accessibility fields were not supplied by this intake.",BPS-H80-004980,Health Center Service Delivery and Look-Alike Sites,2026-06-19,2026-06-19,needs_review,
hrsa-bps-h80-033801,Charter Oak Health Center 35 Grand Street,community_health_center,33 Grand St,Hartford,CT,09,Capitol Planning Region,09110,06106-4607,41.75944867,-72.68619969,860-550-7500 x86055,www.thecharteroak.org,,,,,,,,,HRSA operating hours per week: 40.00,unknown,,,,,,,,,HRSA Health Center Service Delivery and Look-Alike Sites,https://data.hrsa.gov/DataDownload/DD_Files/Health_Center_Service_Delivery_and_LookAlike_Sites.csv,2026-06-19,"Fields copied from the official HRSA CSV: site name, address, city, state, postal code, phone, website, HRSA geocoding coordinates, county/FIPS, operating hours per week, site status, and location setting. Site status: Active. Location setting: All Other Clinic Types. Operational schedule: Unknown. Daily hours, services, price, insurance, and accessibility fields were not supplied by this intake.",BPS-H80-033801,Health Center Service Delivery and Look-Alike Sites,2026-06-19,2026-06-19,needs_review,
hrsa-bps-h80-008150,"Central High School, School Based Health Center",community_health_center,1 Lincoln Blvd,Bridgeport,CT,09,Greater Bridgeport Planning Region,09120,06606-5599,41.18877538,-73.20660649,203-576-7371,www.swchc.org,,,,,,,,,HRSA operating hours per week: 35.00,unknown,,,,,,,,,HRSA Health Center Service Delivery and Look-Alike Sites,https://data.hrsa.gov/DataDownload/DD_Files/Health_Center_Service_Delivery_and_LookAlike_Sites.csv,2026-06-19,"Fields copied from the official HRSA CSV: site name, address, city, state, postal code, phone, website, HRSA geocoding coordinates, county/FIPS, operating hours per week, site status, and location setting. Site status: Active. Location setting: School. Operational schedule: Full-Time. Daily hours, services, price, insurance, and accessibility fields were not supplied by this intake.",BPS-H80-008150,Health Center Service Delivery and Look-Alike Sites,2026-06-19,2026-06-19,needs_review,
hrsa-bps-h80-007366,OPERATION HOPE,community_health_center,50 Nichols St,Fairfield,CT,09,Greater Bridgeport Planning Region,09120,06824-5816,41.13910095,-73.25738557,203-254-2935,www.swchc.org,,,,,,,,,HRSA operating hours per week: 4.00,unknown,,,,,,,,,HRSA Health Center Service Delivery and Look-Alike Sites,https://data.hrsa.gov/DataDownload/DD_Files/Health_Center_Service_Delivery_and_LookAlike_Sites.csv,2026-06-19,"Fields copied from the official HRSA CSV: site name, address, city, state, postal code, phone, website, HRSA geocoding coordinates, county/FIPS, operating hours per week, site status, and location setting. Site status: Active. Location setting: All Other Clinic Types. Operational schedule: Part-Time. Daily hours, services, price, insurance, and accessibility fields were not supplied by this intake.",BPS-H80-007366,Health Center Service Delivery and Look-Alike Sites,2026-06-19,2026-06-19,needs_review,
hrsa-bps-h80-005189,Dixwell Child & Family Guidance,community_health_center,226 Dixwell Ave STE ESP,New Haven,CT,09,South Central Connecticut Planning Region,09170,06511-3456,41.31927277,-72.93398266,203-503-3440,www.cornellscott.org,,,,,,,,,HRSA operating hours per week: 40.00,unknown,,,,,,,,,HRSA Health Center Service Delivery and Look-Alike Sites,https://data.hrsa.gov/DataDownload/DD_Files/Health_Center_Service_Delivery_and_LookAlike_Sites.csv,2026-06-19,"Fields copied from the official HRSA CSV: site name, address, city, state, postal code, phone, website, HRSA geocoding coordinates, county/FIPS, operating hours per week, site status, and location setting. Site status: Active. Location setting: All Other Clinic Types. Operational schedule: Full-Time. Daily hours, services, price, insurance, and accessibility fields were not supplied by this intake.",BPS-H80-005189,Health Center Service Delivery and Look-Alike Sites,2026-06-19,2026-06-19,needs_review,
hrsa-bps-h80-008161,"Read School, School Based Health Center",community_health_center,130 Ezra St,Bridgeport,CT,09,Greater Bridgeport Planning Region,09120,06606-5013,41.20263230,-73.19868978,203-576-8087,www.swchc.org,,,,,,,,,HRSA operating hours per week: 35.00,unknown,,,,,,,,,HRSA Health Center Service Delivery and Look-Alike Sites,https://data.hrsa.gov/DataDownload/DD_Files/Health_Center_Service_Delivery_and_LookAlike_Sites.csv,2026-06-19,"Fields copied from the official HRSA CSV: site name, address, city, state, postal code, phone, website, HRSA geocoding coordinates, county/FIPS, operating hours per week, site status, and location setting. Site status: Active. Location setting: School. Operational schedule: Full-Time. Daily hours, services, price, insurance, and accessibility fields were not supplied by this intake.",BPS-H80-008161,Health Center Service Delivery and Look-Alike Sites,2026-06-19,2026-06-19,needs_review,
hrsa-bps-h80-030945,CS-HHC at Sargent Drive,community_health_center,"150 Sargent Dr, Suite 1",New Haven,CT,09,South Central Connecticut Planning Region,09170,06511-6100,41.29290351,-72.92192822,203-503-3000,www.cornellscott.org,,,,,,,,,HRSA operating hours per week: 45.50,unknown,,,,,,,,,HRSA Health Center Service Delivery and Look-Alike Sites,https://data.hrsa.gov/DataDownload/DD_Files/Health_Center_Service_Delivery_and_LookAlike_Sites.csv,2026-06-19,"Fields copied from the official HRSA CSV: site name, address, city, state, postal code, phone, website, HRSA geocoding coordinates, county/FIPS, operating hours per week, site status, and location setting. Site status: Active. Location setting: All Other Clinic Types. Operational schedule: Unknown. Daily hours, services, price, insurance, and accessibility fields were not supplied by this intake.",BPS-H80-030945,Health Center Service Delivery and Look-Alike Sites,2026-06-19,2026-06-19,needs_review,
hrsa-bps-h80-035393,Bristol Arts and Innovation Magnet School,community_health_center,70 Memorial Blvd,Bristol,CT,09,Naugatuck Valley Planning Region,09140,06010-6568,41.66891816,-72.93879622,860-793-3500,www.wheelerclinic.org,,,,,,,,,HRSA operating hours per week: 40.00,unknown,,,,,,,,,HRSA Health Center Service Delivery and Look-Alike Sites,https://data.hrsa.gov/DataDownload/DD_Files/Health_Center_Service_Delivery_and_LookAlike_Sites.csv,2026-06-19,"Fields copied from the official HRSA CSV: site name, address, city, state, postal code, phone, website, HRSA geocoding coordinates, county/FIPS, operating hours per week, site status, and location setting. Site status: Active. Location setting: School. Operational schedule: Unknown. Daily hours, services, price, insurance, and accessibility fields were not supplied by this intake.",BPS-H80-035393,Health Center Service Delivery and Look-Alike Sites,2026-06-19,2026-06-19,needs_review,
hrsa-bps-h80-030007,Parkville Community School,community_health_center,47 New Park Ave,Hartford,CT,09,Capitol Planning Region,09110,06106-2168,41.75637427,-72.70666142,860-695-4720,,,,,,,,,,HRSA operating hours per week: 8.00,unknown,,,,,,,,,HRSA Health Center Service Delivery and Look-Alike Sites,https://data.hrsa.gov/DataDownload/DD_Files/Health_Center_Service_Delivery_and_LookAlike_Sites.csv,2026-06-19,"Fields copied from the official HRSA CSV: site name, address, city, state, postal code, phone, website, HRSA geocoding coordinates, county/FIPS, operating hours per week, site status, and location setting. Site status: Active. Location setting: School. Operational schedule: Unknown. Daily hours, services, price, insurance, and accessibility fields were not supplied by this intake.",BPS-H80-030007,Health Center Service Delivery and Look-Alike Sites,2026-06-19,2026-06-19,needs_review,
hrsa-bps-lal-014711,"InterCommunity, Inc.",community_health_center,281 Main St,East Hartford,CT,09,Capitol Planning Region,09110,06118-1883,41.74246312,-72.63315381,860-569-5900 x158,,,,,,,,,,HRSA operating hours per week: 48.50,unknown,,,,,,,,,HRSA Health Center Service Delivery and Look-Alike Sites,https://data.hrsa.gov/DataDownload/DD_Files/Health_Center_Service_Delivery_and_LookAlike_Sites.csv,2026-06-19,"Fields copied from the official HRSA CSV: site name, address, city, state, postal code, phone, website, HRSA geocoding coordinates, county/FIPS, operating hours per week, site status, and location setting. Site status: Active. Location setting: All Other Clinic Types. Operational schedule: Unknown. Daily hours, services, price, insurance, and accessibility fields were not supplied by this intake.",BPS-LAL-014711,Health Center Service Delivery and Look-Alike Sites,2026-06-19,2026-06-19,needs_review,
hrsa-bps-h80-019693,Smith Elementary School SBHC,community_health_center,142 Rutherford St,New Britain,CT,09,Capitol Planning Region,09110,06051-3234,41.66126176,-72.75811344,860-223-1574,,,,,,,,,,HRSA operating hours per week: 40.00,unknown,,,,,,,,,HRSA Health Center Service Delivery and Look-Alike Sites,https://data.hrsa.gov/DataDownload/DD_Files/Health_Center_Service_Delivery_and_LookAlike_Sites.csv,2026-06-19,"Fields copied from the official HRSA CSV: site name, address, city, state, postal code, phone, website, HRSA geocoding coordinates, county/FIPS, operating hours per week, site status, and location setting. Site status: Active. Location setting: School. Operational schedule: Unknown. Daily hours, services, price, insurance, and accessibility fields were not supplied by this intake.",BPS-H80-019693,Health Center Service Delivery and Look-Alike Sites,2026-06-19,2026-06-19,needs_review,
hrsa-bps-h80-039836,City of Norwalk CT. Public Schools Family Center,community_health_center,"1 Park St, Ste 1",Norwalk,CT,09,Western Connecticut Planning Region,09190,06851-4841,41.11823165,-73.40837357,203-803-3241,www.norwalkps.org,,,,,,,,,HRSA operating hours per week: 35.00,unknown,,,,,,,,,HRSA Health Center Service Delivery and Look-Alike Sites,https://data.hrsa.gov/DataDownload/DD_Files/Health_Center_Service_Delivery_and_LookAlike_Sites.csv,2026-06-19,"Fields copied from the official HRSA CSV: site name, address, city, state, postal code, phone, website, HRSA geocoding coordinates, county/FIPS, operating hours per week, site status, and location setting. Site status: Active. Location setting: School. Operational schedule: Unknown. Daily hours, services, price, insurance, and accessibility fields were not supplied by this intake.",BPS-H80-039836,Health Center Service Delivery and Look-Alike Sites,2026-06-19,2026-06-19,needs_review,
hrsa-bps-h80-007463,CASA,community_health_center,690 Arctic St,Bridgeport,CT,09,Greater Bridgeport Planning Region,09120,06608-2008,41.18887424,-73.17647036,203-339-4112,www.swchc.org,,,,,,,,,HRSA operating hours per week: 4.00,unknown,,,,,,,,,HRSA Health Center Service Delivery and Look-Alike Sites,https://data.hrsa.gov/DataDownload/DD_Files/Health_Center_Service_Delivery_and_LookAlike_Sites.csv,2026-06-19,"Fields copied from the official HRSA CSV: site name, address, city, state, postal code, phone, website, HRSA geocoding coordinates, county/FIPS, operating hours per week, site status, and location setting. Site status: Active. Location setting: All Other Clinic Types. Operational schedule: Part-Time. Daily hours, services, price, insurance, and accessibility fields were not supplied by this intake.",BPS-H80-007463,Health Center Service Delivery and Look-Alike Sites,2026-06-19,2026-06-19,needs_review,
hrsa-bps-h80-018617,Lewin G Joel School SBHC,community_health_center,137A Glenwood Rd,Clinton,CT,09,Lower Connecticut River Valley Planning Region,09130,06413-1425,41.30439267,-72.52475543,860-664-6501,,,,,,,,,,HRSA operating hours per week: 24.00,unknown,,,,,,,,,HRSA Health Center Service Delivery and Look-Alike Sites,https://data.hrsa.gov/DataDownload/DD_Files/Health_Center_Service_Delivery_and_LookAlike_Sites.csv,2026-06-19,"Fields copied from the official HRSA CSV: site name, address, city, state, postal code, phone, website, HRSA geocoding coordinates, county/FIPS, operating hours per week, site status, and location setting. Site status: Active. Location setting: School. Operational schedule: Unknown. Daily hours, services, price, insurance, and accessibility fields were not supplied by this intake.",BPS-H80-018617,Health Center Service Delivery and Look-Alike Sites,2026-06-19,2026-06-19,needs_review,
hrsa-bps-h80-032921,West Haven Health Center,community_health_center,410 Campbell Ave,West Haven,CT,09,South Central Connecticut Planning Region,09170,06516-5014,41.26986778,-72.94984147,203-503-3000,,,,,,,,,,HRSA operating hours per week: 50.00,unknown,,,,,,,,,HRSA Health Center Service Delivery and Look-Alike Sites,https://data.hrsa.gov/DataDownload/DD_Files/Health_Center_Service_Delivery_and_LookAlike_Sites.csv,2026-06-19,"Fields copied from the official HRSA CSV: site name, address, city, state, postal code, phone, website, HRSA geocoding coordinates, county/FIPS, operating hours per week, site status, and location setting. Site status: Active. Location setting: All Other Clinic Types. Operational schedule: Unknown. Daily hours, services, price, insurance, and accessibility fields were not supplied by this intake.",BPS-H80-032921,Health Center Service Delivery and Look-Alike Sites,2026-06-19,2026-06-19,needs_review,
hrsa-bps-h80-018750,Valley View Elementary School SBHC,community_health_center,81 High St,Portland,CT,09,Lower Connecticut River Valley Planning Region,09130,06480-1656,41.57790000,-72.62544002,860-342-3131,,,,,,,,,,HRSA operating hours per week: 8.00,unknown,,,,,,,,,HRSA Health Center Service Delivery and Look-Alike Sites,https://data.hrsa.gov/DataDownload/DD_Files/Health_Center_Service_Delivery_and_LookAlike_Sites.csv,2026-06-19,"Fields copied from the official HRSA CSV: site name, address, city, state, postal code, phone, website, HRSA geocoding coordinates, county/FIPS, operating hours per week, site status, and location setting. Site status: Active. Location setting: School. Operational schedule: Unknown. Daily hours, services, price, insurance, and accessibility fields were not supplied by this intake.",BPS-H80-018750,Health Center Service Delivery and Look-Alike Sites,2026-06-19,2026-06-19,needs_review,
hrsa-bps-h80-000090,Casimir Pulaski Elementary School - SBHC,community_health_center,100 Clearview Ave,Meriden,CT,09,South Central Connecticut Planning Region,09170,06450-6499,41.52411165,-72.80473908,203-634-1397,www.chc1.com,,,,,,,,,HRSA operating hours per week: 40.00,unknown,,,,,,,,,HRSA Health Center Service Delivery and Look-Alike Sites,https://data.hrsa.gov/DataDownload/DD_Files/Health_Center_Service_Delivery_and_LookAlike_Sites.csv,2026-06-19,"Fields copied from the official HRSA CSV: site name, address, city, state, postal code, phone, website, HRSA geocoding coordinates, county/FIPS, operating hours per week, site status, and location setting. Site status: Active. Location setting: School. Operational schedule: Full-Time. Daily hours, services, price, insurance, and accessibility fields were not supplied by this intake.",BPS-H80-000090,Health Center Service Delivery and Look-Alike Sites,2026-06-19,2026-06-19,needs_review,
hrsa-bps-h80-040978,Macdonough Elementary School & Legacy Academy - SBHC,community_health_center,99 Spruce St,Middletown,CT,09,Lower Connecticut River Valley Planning Region,09130,06457-1838,41.57927999,-72.67895001,860-347-8553,,,,,,,,,,HRSA operating hours per week: 40.00,unknown,,,,,,,,,HRSA Health Center Service Delivery and Look-Alike Sites,https://data.hrsa.gov/DataDownload/DD_Files/Health_Center_Service_Delivery_and_LookAlike_Sites.csv,2026-06-19,"Fields copied from the official HRSA CSV: site name, address, city, state, postal code, phone, website, HRSA geocoding coordinates, county/FIPS, operating hours per week, site status, and location setting. Site status: Active. Location setting: School. Operational schedule: Unknown. Daily hours, services, price, insurance, and accessibility fields were not supplied by this intake.",BPS-H80-040978,Health Center Service Delivery and Look-Alike Sites,2026-06-19,2026-06-19,needs_review,
hrsa-bps-h80-012502,Community Health Services at Windsor,community_health_center,503 Windsor Ave,Windsor,CT,09,Capitol Planning Region,09110,06095-4015,41.81924252,-72.65732126,860-249-9625,,,,,,,,,,HRSA operating hours per week: 38.00,unknown,,,,,,,,,HRSA Health Center Service Delivery and Look-Alike Sites,https://data.hrsa.gov/DataDownload/DD_Files/Health_Center_Service_Delivery_and_LookAlike_Sites.csv,2026-06-19,"Fields copied from the official HRSA CSV: site name, address, city, state, postal code, phone, website, HRSA geocoding coordinates, county/FIPS, operating hours per week, site status, and location setting. Site status: Active. Location setting: All Other Clinic Types. Operational schedule: Full-Time. Daily hours, services, price, insurance, and accessibility fields were not supplied by this intake.",BPS-H80-012502,Health Center Service Delivery and Look-Alike Sites,2026-06-19,2026-06-19,needs_review,
hrsa-bps-h80-000185,CORNELL SCOTT-HILL HEALTH CORPORATION,community_health_center,428 Columbus AVE,New Haven,CT,09,South Central Connecticut Planning Region,09170,06519-1233,41.29732501,-72.93982501,203-503-3000,www.cornellscott.org,,,,,,,,,HRSA operating hours per week: 56.50,unknown,,,,,,,,,HRSA Health Center Service Delivery and Look-Alike Sites,https://data.hrsa.gov/DataDownload/DD_Files/Health_Center_Service_Delivery_and_LookAlike_Sites.csv,2026-06-19,"Fields copied from the official HRSA CSV: site name, address, city, state, postal code, phone, website, HRSA geocoding coordinates, county/FIPS, operating hours per week, site status, and location setting. Site status: Active. Location setting: All Other Clinic Types. Operational schedule: Full-Time. Daily hours, services, price, insurance, and accessibility fields were not supplied by this intake.",BPS-H80-000185,Health Center Service Delivery and Look-Alike Sites,2026-06-19,2026-06-19,needs_review,
hrsa-bps-h80-033997,Fair Haven Community Health Care at Bishop Woods School,community_health_center,1481 Quinnipiac Ave,New Haven,CT,09,South Central Connecticut Planning Region,09170,06513-1596,41.32720712,-72.86920019,203-777-7714,,,,,,,,,,HRSA operating hours per week: 35.00,unknown,,,,,,,,,HRSA Health Center Service Delivery and Look-Alike Sites,https://data.hrsa.gov/DataDownload/DD_Files/Health_Center_Service_Delivery_and_LookAlike_Sites.csv,2026-06-19,"Fields copied from the official HRSA CSV: site name, address, city, state, postal code, phone, website, HRSA geocoding coordinates, county/FIPS, operating hours per week, site status, and location setting. Site status: Active. Location setting: School. Operational schedule: Unknown. Daily hours, services, price, insurance, and accessibility fields were not supplied by this intake.",BPS-H80-033997,Health Center Service Delivery and Look-Alike Sites,2026-06-19,2026-06-19,needs_review,
hrsa-bps-h80-014176,West Stafford Elementary School-SBHC,community_health_center,153 W Stafford Rd,Stafford Springs,CT,09,Capitol Planning Region,09110,06076-1017,41.96971420,-72.34667075,860-685-3181 x3720,,,,,,,,,,HRSA operating hours per week: 6.50,unknown,,,,,,,,,HRSA Health Center Service Delivery and Look-Alike Sites,https://data.hrsa.gov/DataDownload/DD_Files/Health_Center_Service_Delivery_and_LookAlike_Sites.csv,2026-06-19,"Fields copied from the official HRSA CSV: site name, address, city, state, postal code, phone, website, HRSA geocoding coordinates, county/FIPS, operating hours per week, site status, and location setting. Site status: Active. Location setting: School. Operational schedule: Part-Time. Daily hours, services, price, insurance, and accessibility fields were not supplied by this intake.",BPS-H80-014176,Health Center Service Delivery and Look-Alike Sites,2026-06-19,2026-06-19,needs_review,
hrsa-bps-h80-036200,"Cornell Scott-Hill Health Center at  "" Q ""  House 2nd Floor",community_health_center,197 Dixwell Ave,New Haven,CT,09,South Central Connecticut Planning Region,09170,06511-3470,41.31880699,-72.93277801,203-503-3000,,,,,,,,,,HRSA operating hours per week: 42.50,unknown,,,,,,,,,HRSA Health Center Service Delivery and Look-Alike Sites,https://data.hrsa.gov/DataDownload/DD_Files/Health_Center_Service_Delivery_and_LookAlike_Sites.csv,2026-06-19,"Fields copied from the official HRSA CSV: site name, address, city, state, postal code, phone, website, HRSA geocoding coordinates, county/FIPS, operating hours per week, site status, and location setting. Site status: Active. Location setting: All Other Clinic Types. Operational schedule: Unknown. Daily hours, services, price, insurance, and accessibility fields were not supplied by this intake.",BPS-H80-036200,Health Center Service Delivery and Look-Alike Sites,2026-06-19,2026-06-19,needs_review,
hrsa-bps-h80-035576,Memorial School SBHC,community_health_center,20 Smith St,East Hampton,CT,09,Lower Connecticut River Valley Planning Region,09130,06424-1677,41.57053595,-72.48565134,860-365-4020,,,,,,,,,,HRSA operating hours per week: 20.00,unknown,,,,,,,,,HRSA Health Center Service Delivery and Look-Alike Sites,https://data.hrsa.gov/DataDownload/DD_Files/Health_Center_Service_Delivery_and_LookAlike_Sites.csv,2026-06-19,"Fields copied from the official HRSA CSV: site name, address, city, state, postal code, phone, website, HRSA geocoding coordinates, county/FIPS, operating hours per week, site status, and location setting. Site status: Active. Location setting: School. Operational schedule: Unknown. Daily hours, services, price, insurance, and accessibility fields were not supplied by this intake.",BPS-H80-035576,Health Center Service Delivery and Look-Alike Sites,2026-06-19,2026-06-19,needs_review,
hrsa-bps-h80-034098,CIFC Health - 132 Main,community_health_center,132 Main St,Danbury,CT,09,Western Connecticut Planning Region,09190,06810-7863,41.39232613,-73.45027319,203-743-9760,,,,,,,,,,HRSA operating hours per week: 42.50,unknown,,,,,,,,,HRSA Health Center Service Delivery and Look-Alike Sites,https://data.hrsa.gov/DataDownload/DD_Files/Health_Center_Service_Delivery_and_LookAlike_Sites.csv,2026-06-19,"Fields copied from the official HRSA CSV: site name, address, city, state, postal code, phone, website, HRSA geocoding coordinates, county/FIPS, operating hours per week, site status, and location setting. Site status: Active. Location setting: All Other Clinic Types. Operational schedule: Unknown. Daily hours, services, price, insurance, and accessibility fields were not supplied by this intake.",BPS-H80-034098,Health Center Service Delivery and Look-Alike Sites,2026-06-19,2026-06-19,needs_review,
hrsa-bps-h80-011423,Barnum/Waltersville Elementary School - SBHC,community_health_center,495 Waterview Ave,Bridgeport,CT,09,Greater Bridgeport Planning Region,09120,06608-2554,41.18288563,-73.17439442,203-275-2400,,,,,,,,,,HRSA operating hours per week: 37.50,unknown,,,,,,,,,HRSA Health Center Service Delivery and Look-Alike Sites,https://data.hrsa.gov/DataDownload/DD_Files/Health_Center_Service_Delivery_and_LookAlike_Sites.csv,2026-06-19,"Fields copied from the official HRSA CSV: site name, address, city, state, postal code, phone, website, HRSA geocoding coordinates, county/FIPS, operating hours per week, site status, and location setting. Site status: Active. Location setting: School. Operational schedule: Part-Time. Daily hours, services, price, insurance, and accessibility fields were not supplied by this intake.",BPS-H80-011423,Health Center Service Delivery and Look-Alike Sites,2026-06-19,2026-06-19,needs_review,
hrsa-bps-h80-034186,CGC William Pitt,community_health_center,195 Hillandale Ave,Stamford,CT,09,Western Connecticut Planning Region,09190,06902-2823,41.06328857,-73.52765995,203-324-6127,,,,,,,,,,HRSA operating hours per week: 40.00,unknown,,,,,,,,,HRSA Health Center Service Delivery and Look-Alike Sites,https://data.hrsa.gov/DataDownload/DD_Files/Health_Center_Service_Delivery_and_LookAlike_Sites.csv,2026-06-19,"Fields copied from the official HRSA CSV: site name, address, city, state, postal code, phone, website, HRSA geocoding coordinates, county/FIPS, operating hours per week, site status, and location setting. Site status: Active. Location setting: School. Operational schedule: Unknown. Daily hours, services, price, insurance, and accessibility fields were not supplied by this intake.",BPS-H80-034186,Health Center Service Delivery and Look-Alike Sites,2026-06-19,2026-06-19,needs_review,
hrsa-bps-lal-035473,InterCommunity Woodland K-12 SBHC,community_health_center,110 Long Hill Dr,East Hartford,CT,09,Capitol Planning Region,09110,06108-3809,41.78546002,-72.59463837,860-569-5900,,,,,,,,,,HRSA operating hours per week: 40.00,unknown,,,,,,,,,HRSA Health Center Service Delivery and Look-Alike Sites,https://data.hrsa.gov/DataDownload/DD_Files/Health_Center_Service_Delivery_and_LookAlike_Sites.csv,2026-06-19,"Fields copied from the official HRSA CSV: site name, address, city, state, postal code, phone, website, HRSA geocoding coordinates, county/FIPS, operating hours per week, site status, and location setting. Site status: Active. Location setting: School. Operational schedule: Unknown. Daily hours, services, price, insurance, and accessibility fields were not supplied by this intake.",BPS-LAL-035473,Health Center Service Delivery and Look-Alike Sites,2026-06-19,2026-06-19,needs_review,
hrsa-bps-h80-038505,Thomas Merton Family Center,community_health_center,1406 State St,Bridgeport,CT,09,Greater Bridgeport Planning Region,09120,06605-2005,41.17017858,-73.21002731,203-367-9036,,,,,,,,,,HRSA operating hours per week: 21.00,unknown,,,,,,,,,HRSA Health Center Service Delivery and Look-Alike Sites,https://data.hrsa.gov/DataDownload/DD_Files/Health_Center_Service_Delivery_and_LookAlike_Sites.csv,2026-06-19,"Fields copied from the official HRSA CSV: site name, address, city, state, postal code, phone, website, HRSA geocoding coordinates, county/FIPS, operating hours per week, site status, and location setting. Site status: Active. Location setting: All Other Clinic Types. Operational schedule: Unknown. Daily hours, services, price, insurance, and accessibility fields were not supplied by this intake.",BPS-H80-038505,Health Center Service Delivery and Look-Alike Sites,2026-06-19,2026-06-19,needs_review,
hrsa-bps-h80-015543,Wheeler Health and Wellness Center,community_health_center,10 N Main St,Bristol,CT,09,Naugatuck Valley Planning Region,09140,06010-8122,41.67095023,-72.94557030,860-584-6555,www.wheelerclinic.org,,,,,,,,,HRSA operating hours per week: 50.00,unknown,,,,,,,,,HRSA Health Center Service Delivery and Look-Alike Sites,https://data.hrsa.gov/DataDownload/DD_Files/Health_Center_Service_Delivery_and_LookAlike_Sites.csv,2026-06-19,"Fields copied from the official HRSA CSV: site name, address, city, state, postal code, phone, website, HRSA geocoding coordinates, county/FIPS, operating hours per week, site status, and location setting. Site status: Active. Location setting: All Other Clinic Types. Operational schedule: Unknown. Daily hours, services, price, insurance, and accessibility fields were not supplied by this intake.",BPS-H80-015543,Health Center Service Delivery and Look-Alike Sites,2026-06-19,2026-06-19,needs_review,
hrsa-bps-h80-000688,David Wooster Middle School - SBHC,community_health_center,150 Lincoln St,Stratford,CT,09,Greater Bridgeport Planning Region,09120,06614-4000,41.21095084,-73.14053279,203-696-3260,www.optimushealthcare.org,,,,,,,,,HRSA operating hours per week: 2.00,unknown,,,,,,,,,HRSA Health Center Service Delivery and Look-Alike Sites,https://data.hrsa.gov/DataDownload/DD_Files/Health_Center_Service_Delivery_and_LookAlike_Sites.csv,2026-06-19,"Fields copied from the official HRSA CSV: site name, address, city, state, postal code, phone, website, HRSA geocoding coordinates, county/FIPS, operating hours per week, site status, and location setting. Site status: Active. Location setting: School. Operational schedule: Full-Time. Daily hours, services, price, insurance, and accessibility fields were not supplied by this intake.",BPS-H80-000688,Health Center Service Delivery and Look-Alike Sites,2026-06-19,2026-06-19,needs_review,
hrsa-bps-h80-037991,CS-HHC at West Haven High School,community_health_center,1 Mcdonough Plz RM Sbhc,West Haven,CT,09,South Central Connecticut Planning Region,09170,06516-5257,41.26089268,-72.95783890,203-503-3000,,,,,,,,,,HRSA operating hours per week: 16.00,unknown,,,,,,,,,HRSA Health Center Service Delivery and Look-Alike Sites,https://data.hrsa.gov/DataDownload/DD_Files/Health_Center_Service_Delivery_and_LookAlike_Sites.csv,2026-06-19,"Fields copied from the official HRSA CSV: site name, address, city, state, postal code, phone, website, HRSA geocoding coordinates, county/FIPS, operating hours per week, site status, and location setting. Site status: Active. Location setting: School. Operational schedule: Unknown. Daily hours, services, price, insurance, and accessibility fields were not supplied by this intake.",BPS-H80-037991,Health Center Service Delivery and Look-Alike Sites,2026-06-19,2026-06-19,needs_review,
hrsa-bps-h80-009195,The Open Door Soup Kitchen,community_health_center,160 Main St,Winsted,CT,09,Northwest Hills Planning Region,09160,06098-1735,41.92124220,-73.06384407,860-738-2449,,,,,,,,,,HRSA operating hours per week: 2.00,unknown,,,,,,,,,HRSA Health Center Service Delivery and Look-Alike Sites,https://data.hrsa.gov/DataDownload/DD_Files/Health_Center_Service_Delivery_and_LookAlike_Sites.csv,2026-06-19,"Fields copied from the official HRSA CSV: site name, address, city, state, postal code, phone, website, HRSA geocoding coordinates, county/FIPS, operating hours per week, site status, and location setting. Site status: Active. Location setting: All Other Clinic Types. Operational schedule: Full-Time. Daily hours, services, price, insurance, and accessibility fields were not supplied by this intake.",BPS-H80-009195,Health Center Service Delivery and Look-Alike Sites,2026-06-19,2026-06-19,needs_review,
hrsa-bps-h80-000716,Wilbur Cross High School Body Shop,community_health_center,181 Mitchell Dr,New Haven,CT,09,South Central Connecticut Planning Region,09170,06511-2593,41.32405230,-72.90812901,203-946-8742,www.fhchc.org,,,,,,,,,HRSA operating hours per week: 35.00,unknown,,,,,,,,,HRSA Health Center Service Delivery and Look-Alike Sites,https://data.hrsa.gov/DataDownload/DD_Files/Health_Center_Service_Delivery_and_LookAlike_Sites.csv,2026-06-19,"Fields copied from the official HRSA CSV: site name, address, city, state, postal code, phone, website, HRSA geocoding coordinates, county/FIPS, operating hours per week, site status, and location setting. Site status: Active. Location setting: School. Operational schedule: Full-Time. Daily hours, services, price, insurance, and accessibility fields were not supplied by this intake.",BPS-H80-000716,Health Center Service Delivery and Look-Alike Sites,2026-06-19,2026-06-19,needs_review,
hrsa-bps-h80-032527,Frank A. Berry School SBHC,community_health_center,200 Whittlesey Dr,Bethel,CT,09,Western Connecticut Planning Region,09190,06801-1550,41.37949000,-73.39624998,203-794-8686,,,,,,,,,,HRSA operating hours per week: 40.00,unknown,,,,,,,,,HRSA Health Center Service Delivery and Look-Alike Sites,https://data.hrsa.gov/DataDownload/DD_Files/Health_Center_Service_Delivery_and_LookAlike_Sites.csv,2026-06-19,"Fields copied from the official HRSA CSV: site name, address, city, state, postal code, phone, website, HRSA geocoding coordinates, county/FIPS, operating hours per week, site status, and location setting. Site status: Active. Location setting: School. Operational schedule: Unknown. Daily hours, services, price, insurance, and accessibility fields were not supplied by this intake.",BPS-H80-032527,Health Center Service Delivery and Look-Alike Sites,2026-06-19,2026-06-19,needs_review,
hrsa-bps-h80-032776,Aces Chase Academy SBHC,community_health_center,565 Chase Pkwy,Waterbury,CT,09,Naugatuck Valley Planning Region,09140,06708-3303,41.54746325,-73.06572581,203-580-6569,,,,,,,,,,HRSA operating hours per week: 40.00,unknown,,,,,,,,,HRSA Health Center Service Delivery and Look-Alike Sites,https://data.hrsa.gov/DataDownload/DD_Files/Health_Center_Service_Delivery_and_LookAlike_Sites.csv,2026-06-19,"Fields copied from the official HRSA CSV: site name, address, city, state, postal code, phone, website, HRSA geocoding coordinates, county/FIPS, operating hours per week, site status, and location setting. Site status: Active. Location setting: School. Operational schedule: Unknown. Daily hours, services, price, insurance, and accessibility fields were not supplied by this intake.",BPS-H80-032776,Health Center Service Delivery and Look-Alike Sites,2026-06-19,2026-06-19,needs_review,
hrsa-bps-h80-027404,Farm Hill Elementary SBHC,community_health_center,398 Ridge Rd,Middletown,CT,09,Lower Connecticut River Valley Planning Region,09130,06457-4437,41.53811158,-72.64230261,860-347-1225,,,,,,,,,,HRSA operating hours per week: 20.00,unknown,,,,,,,,,HRSA Health Center Service Delivery and Look-Alike Sites,https://data.hrsa.gov/DataDownload/DD_Files/Health_Center_Service_Delivery_and_LookAlike_Sites.csv,2026-06-19,"Fields copied from the official HRSA CSV: site name, address, city, state, postal code, phone, website, HRSA geocoding coordinates, county/FIPS, operating hours per week, site status, and location setting. Site status: Active. Location setting: School. Operational schedule: Unknown. Daily hours, services, price, insurance, and accessibility fields were not supplied by this intake.",BPS-H80-027404,Health Center Service Delivery and Look-Alike Sites,2026-06-19,2026-06-19,needs_review,
hrsa-bps-h80-019387,Stratford High School SBHC,community_health_center,245 King St,Stratford,CT,09,Greater Bridgeport Planning Region,09120,06615-5832,41.19703696,-73.13478154,203-385-4230,,,,,,,,,,HRSA operating hours per week: 40.00,unknown,,,,,,,,,HRSA Health Center Service Delivery and Look-Alike Sites,https://data.hrsa.gov/DataDownload/DD_Files/Health_Center_Service_Delivery_and_LookAlike_Sites.csv,2026-06-19,"Fields copied from the official HRSA CSV: site name, address, city, state, postal code, phone, website, HRSA geocoding coordinates, county/FIPS, operating hours per week, site status, and location setting. Site status: Active. Location setting: School. Operational schedule: Unknown. Daily hours, services, price, insurance, and accessibility fields were not supplied by this intake.",BPS-H80-019387,Health Center Service Delivery and Look-Alike Sites,2026-06-19,2026-06-19,needs_review,
hrsa-bps-h80-029831,Eli Whitney Technical High School SBHC,community_health_center,100 Fairview Ave,Hamden,CT,09,South Central Connecticut Planning Region,09170,06514-4822,41.34251000,-72.94169996,203-397-4031,,,,,,,,,,HRSA operating hours per week: 40.00,unknown,,,,,,,,,HRSA Health Center Service Delivery and Look-Alike Sites,https://data.hrsa.gov/DataDownload/DD_Files/Health_Center_Service_Delivery_and_LookAlike_Sites.csv,2026-06-19,"Fields copied from the official HRSA CSV: site name, address, city, state, postal code, phone, website, HRSA geocoding coordinates, county/FIPS, operating hours per week, site status, and location setting. Site status: Active. Location setting: School. Operational schedule: Unknown. Daily hours, services, price, insurance, and accessibility fields were not supplied by this intake.",BPS-H80-029831,Health Center Service Delivery and Look-Alike Sites,2026-06-19,2026-06-19,needs_review,
hrsa-bps-h80-038378,Jumoke Academy Hartford Conservatory SBHC,community_health_center,875 Asylum Ave RM 305,Hartford,CT,09,Capitol Planning Region,09110,06105-1906,41.77022486,-72.69385454,860-527-0575,,,,,,,,,,HRSA operating hours per week: 10.00,unknown,,,,,,,,,HRSA Health Center Service Delivery and Look-Alike Sites,https://data.hrsa.gov/DataDownload/DD_Files/Health_Center_Service_Delivery_and_LookAlike_Sites.csv,2026-06-19,"Fields copied from the official HRSA CSV: site name, address, city, state, postal code, phone, website, HRSA geocoding coordinates, county/FIPS, operating hours per week, site status, and location setting. Site status: Active. Location setting: School. Operational schedule: Unknown. Daily hours, services, price, insurance, and accessibility fields were not supplied by this intake.",BPS-H80-038378,Health Center Service Delivery and Look-Alike Sites,2026-06-19,2026-06-19,needs_review,
hrsa-bps-h80-005992,TAKING INITIATIVE CENTER/MARRAKECH,community_health_center,514 Whalley Ave,New Haven,CT,09,South Central Connecticut Planning Region,09170,06511-2907,41.31969233,-72.95037959,203-389-2970 x1317,www.cornellscott.org,,,,,,,,,HRSA operating hours per week: 1.50,unknown,,,,,,,,,HRSA Health Center Service Delivery and Look-Alike Sites,https://data.hrsa.gov/DataDownload/DD_Files/Health_Center_Service_Delivery_and_LookAlike_Sites.csv,2026-06-19,"Fields copied from the official HRSA CSV: site name, address, city, state, postal code, phone, website, HRSA geocoding coordinates, county/FIPS, operating hours per week, site status, and location setting. Site status: Active. Location setting: All Other Clinic Types. Operational schedule: Part-Time. Daily hours, services, price, insurance, and accessibility fields were not supplied by this intake.",BPS-H80-005992,Health Center Service Delivery and Look-Alike Sites,2026-06-19,2026-06-19,needs_review,
hrsa-bps-h80-032237,Dr. Helen Baldwin Middle School SBHC,community_health_center,45 Westminster Rd,Canterbury,CT,09,Northeastern Connecticut Planning Region,09150,06331-1538,41.69770686,-71.97716461,860-546-9461,,,,,,,,,,HRSA operating hours per week: 20.00,unknown,,,,,,,,,HRSA Health Center Service Delivery and Look-Alike Sites,https://data.hrsa.gov/DataDownload/DD_Files/Health_Center_Service_Delivery_and_LookAlike_Sites.csv,2026-06-19,"Fields copied from the official HRSA CSV: site name, address, city, state, postal code, phone, website, HRSA geocoding coordinates, county/FIPS, operating hours per week, site status, and location setting. Site status: Active. Location setting: School. Operational schedule: Unknown. Daily hours, services, price, insurance, and accessibility fields were not supplied by this intake.",BPS-H80-032237,Health Center Service Delivery and Look-Alike Sites,2026-06-19,2026-06-19,needs_review,
hrsa-bps-h80-032519,Ralph M.T. Johnson School SBHC,community_health_center,500 Whittlesey Dr,Bethel,CT,09,Western Connecticut Planning Region,09190,06801-1532,41.38341998,-73.39237000,203-794-8700,,,,,,,,,,HRSA operating hours per week: 20.00,unknown,,,,,,,,,HRSA Health Center Service Delivery and Look-Alike Sites,https://data.hrsa.gov/DataDownload/DD_Files/Health_Center_Service_Delivery_and_LookAlike_Sites.csv,2026-06-19,"Fields copied from the official HRSA CSV: site name, address, city, state, postal code, phone, website, HRSA geocoding coordinates, county/FIPS, operating hours per week, site status, and location setting. Site status: Active. Location setting: School. Operational schedule: Unknown. Daily hours, services, price, insurance, and accessibility fields were not supplied by this intake.",BPS-H80-032519,Health Center Service Delivery and Look-Alike Sites,2026-06-19,2026-06-19,needs_review,
hrsa-bps-h80-001217,First Choice Health Centers (Suite 230),community_health_center,150 N Main St,Manchester,CT,09,Capitol Planning Region,09110,06042-2086,41.79459428,-72.52455661,860-646-4678,www.firstchc.org,,,,,,,,,HRSA operating hours per week: 42.50,unknown,,,,,,,,,HRSA Health Center Service Delivery and Look-Alike Sites,https://data.hrsa.gov/DataDownload/DD_Files/Health_Center_Service_Delivery_and_LookAlike_Sites.csv,2026-06-19,"Fields copied from the official HRSA CSV: site name, address, city, state, postal code, phone, website, HRSA geocoding coordinates, county/FIPS, operating hours per week, site status, and location setting. Site status: Active. Location setting: All Other Clinic Types. Operational schedule: Full-Time. Daily hours, services, price, insurance, and accessibility fields were not supplied by this intake.",BPS-H80-001217,Health Center Service Delivery and Look-Alike Sites,2026-06-19,2026-06-19,needs_review,
hrsa-bps-h80-018817,First Choice@809 Main Street,community_health_center,809 Main St,East Hartford,CT,09,Capitol Planning Region,09110,06108-3117,41.76840016,-72.64486944,860-528-1359,www.firstchc.org,,,,,,,,,HRSA operating hours per week: 42.50,unknown,,,,,,,,,HRSA Health Center Service Delivery and Look-Alike Sites,https://data.hrsa.gov/DataDownload/DD_Files/Health_Center_Service_Delivery_and_LookAlike_Sites.csv,2026-06-19,"Fields copied from the official HRSA CSV: site name, address, city, state, postal code, phone, website, HRSA geocoding coordinates, county/FIPS, operating hours per week, site status, and location setting. Site status: Active. Location setting: All Other Clinic Types. Operational schedule: Unknown. Daily hours, services, price, insurance, and accessibility fields were not supplied by this intake.",BPS-H80-018817,Health Center Service Delivery and Look-Alike Sites,2026-06-19,2026-06-19,needs_review,
hrsa-bps-h80-001307,John Barry Elementary School - SBHC,community_health_center,124 Columbia St,Meriden,CT,09,South Central Connecticut Planning Region,09170,06451-3198,41.54558998,-72.80526001,203-235-3462,www.chc1.com,,,,,,,,,HRSA operating hours per week: 40.00,unknown,,,,,,,,,HRSA Health Center Service Delivery and Look-Alike Sites,https://data.hrsa.gov/DataDownload/DD_Files/Health_Center_Service_Delivery_and_LookAlike_Sites.csv,2026-06-19,"Fields copied from the official HRSA CSV: site name, address, city, state, postal code, phone, website, HRSA geocoding coordinates, county/FIPS, operating hours per week, site status, and location setting. Site status: Active. Location setting: School. Operational schedule: Full-Time. Daily hours, services, price, insurance, and accessibility fields were not supplied by this intake.",BPS-H80-001307,Health Center Service Delivery and Look-Alike Sites,2026-06-19,2026-06-19,needs_review,
hrsa-bps-h80-018751,Gildersleeve Elementary School SBHC,community_health_center,575 Main St,Portland,CT,09,Lower Connecticut River Valley Planning Region,09130,06480-1103,41.59118456,-72.62237921,860-342-0411,,,,,,,,,,HRSA operating hours per week: 8.00,unknown,,,,,,,,,HRSA Health Center Service Delivery and Look-Alike Sites,https://data.hrsa.gov/DataDownload/DD_Files/Health_Center_Service_Delivery_and_LookAlike_Sites.csv,2026-06-19,"Fields copied from the official HRSA CSV: site name, address, city, state, postal code, phone, website, HRSA geocoding coordinates, county/FIPS, operating hours per week, site status, and location setting. Site status: Active. Location setting: School. Operational schedule: Unknown. Daily hours, services, price, insurance, and accessibility fields were not supplied by this intake.",BPS-H80-018751,Health Center Service Delivery and Look-Alike Sites,2026-06-19,2026-06-19,needs_review,
hrsa-bps-h80-006107,The Interdistrict School for Arts and Communication (ISAAC) - SBHC,community_health_center,190 Governor Winthrop Blvd,New London,CT,09,Southeastern Connecticut Planning Region,09180,06320-6612,41.35575044,-72.09819376,860-447-1003,www.chc1.com,,,,,,,,,HRSA operating hours per week: 24.00,unknown,,,,,,,,,HRSA Health Center Service Delivery and Look-Alike Sites,https://data.hrsa.gov/DataDownload/DD_Files/Health_Center_Service_Delivery_and_LookAlike_Sites.csv,2026-06-19,"Fields copied from the official HRSA CSV: site name, address, city, state, postal code, phone, website, HRSA geocoding coordinates, county/FIPS, operating hours per week, site status, and location setting. Site status: Active. Location setting: School. Operational schedule: Part-Time. Daily hours, services, price, insurance, and accessibility fields were not supplied by this intake.",BPS-H80-006107,Health Center Service Delivery and Look-Alike Sites,2026-06-19,2026-06-19,needs_review,
hrsa-bps-h80-008147,"Florance Blackham School, School Based Health Centr",community_health_center,425 Thorme St,Bridgeport,CT,09,Greater Bridgeport Planning Region,09120,06606-3418,41.20558315,-73.21352835,203-396-8532,www.swchc.org,,,,,,,,,HRSA operating hours per week: 35.00,unknown,,,,,,,,,HRSA Health Center Service Delivery and Look-Alike Sites,https://data.hrsa.gov/DataDownload/DD_Files/Health_Center_Service_Delivery_and_LookAlike_Sites.csv,2026-06-19,"Fields copied from the official HRSA CSV: site name, address, city, state, postal code, phone, website, HRSA geocoding coordinates, county/FIPS, operating hours per week, site status, and location setting. Site status: Active. Location setting: School. Operational schedule: Full-Time. Daily hours, services, price, insurance, and accessibility fields were not supplied by this intake.",BPS-H80-008147,Health Center Service Delivery and Look-Alike Sites,2026-06-19,2026-06-19,needs_review,
hrsa-bps-h80-001409,CHARTER OAK HEALTH CENTER,community_health_center,401 New Britain Ave,Hartford,CT,09,Capitol Planning Region,09110,06106-3833,41.73998098,-72.69601070,860-241-0712,www.thecharteroak.org,,,,,,,,,HRSA operating hours per week: 40.00,unknown,,,,,,,,,HRSA Health Center Service Delivery and Look-Alike Sites,https://data.hrsa.gov/DataDownload/DD_Files/Health_Center_Service_Delivery_and_LookAlike_Sites.csv,2026-06-19,"Fields copied from the official HRSA CSV: site name, address, city, state, postal code, phone, website, HRSA geocoding coordinates, county/FIPS, operating hours per week, site status, and location setting. Site status: Active. Location setting: All Other Clinic Types. Operational schedule: Full-Time. Daily hours, services, price, insurance, and accessibility fields were not supplied by this intake.",BPS-H80-001409,Health Center Service Delivery and Look-Alike Sites,2026-06-19,2026-06-19,needs_review,
hrsa-bps-h80-014096,Momauguin Elementary School,community_health_center,99 Cosey Beach Rd,East Haven,CT,09,South Central Connecticut Planning Region,09170,06512-4621,41.24820001,-72.87272997,860-347-6971 x3720,,,,,,,,,,HRSA operating hours per week: 40.00,unknown,,,,,,,,,HRSA Health Center Service Delivery and Look-Alike Sites,https://data.hrsa.gov/DataDownload/DD_Files/Health_Center_Service_Delivery_and_LookAlike_Sites.csv,2026-06-19,"Fields copied from the official HRSA CSV: site name, address, city, state, postal code, phone, website, HRSA geocoding coordinates, county/FIPS, operating hours per week, site status, and location setting. Site status: Active. Location setting: School. Operational schedule: Full-Time. Daily hours, services, price, insurance, and accessibility fields were not supplied by this intake.",BPS-H80-014096,Health Center Service Delivery and Look-Alike Sites,2026-06-19,2026-06-19,needs_review,
hrsa-bps-h80-024392,Frank Scott Bunnell High School SBHC,community_health_center,1 Bulldog Blvd,Stratford,CT,09,Greater Bridgeport Planning Region,09120,06614-2399,41.22536000,-73.13931003,203-385-4250,,,,,,,,,,HRSA operating hours per week: 40.00,unknown,,,,,,,,,HRSA Health Center Service Delivery and Look-Alike Sites,https://data.hrsa.gov/DataDownload/DD_Files/Health_Center_Service_Delivery_and_LookAlike_Sites.csv,2026-06-19,"Fields copied from the official HRSA CSV: site name, address, city, state, postal code, phone, website, HRSA geocoding coordinates, county/FIPS, operating hours per week, site status, and location setting. Site status: Active. Location setting: School. Operational schedule: Unknown. Daily hours, services, price, insurance, and accessibility fields were not supplied by this intake.",BPS-H80-024392,Health Center Service Delivery and Look-Alike Sites,2026-06-19,2026-06-19,needs_review,
hrsa-bps-h80-008262,Community Health and Wellness Center of Greater Torrington,community_health_center,469 Migeon Ave,Torrington,CT,09,Northwest Hills Planning Region,09160,06790-4643,41.81151688,-73.13326132,860-489-0931,,,,,,,,,,HRSA operating hours per week: 43.00,unknown,,,,,,,,,HRSA Health Center Service Delivery and Look-Alike Sites,https://data.hrsa.gov/DataDownload/DD_Files/Health_Center_Service_Delivery_and_LookAlike_Sites.csv,2026-06-19,"Fields copied from the official HRSA CSV: site name, address, city, state, postal code, phone, website, HRSA geocoding coordinates, county/FIPS, operating hours per week, site status, and location setting. Site status: Active. Location setting: All Other Clinic Types. Operational schedule: Full-Time. Daily hours, services, price, insurance, and accessibility fields were not supplied by this intake.",BPS-H80-008262,Health Center Service Delivery and Look-Alike Sites,2026-06-19,2026-06-19,needs_review,
hrsa-bps-h80-035570,Stratford Academy Victoria Soto School,community_health_center,699 Birdseye St,Stratford,CT,09,Greater Bridgeport Planning Region,09120,06615-6862,41.17934000,-73.13954003,203-375-2206,,,,,,,,,,HRSA operating hours per week: 20.00,unknown,,,,,,,,,HRSA Health Center Service Delivery and Look-Alike Sites,https://data.hrsa.gov/DataDownload/DD_Files/Health_Center_Service_Delivery_and_LookAlike_Sites.csv,2026-06-19,"Fields copied from the official HRSA CSV: site name, address, city, state, postal code, phone, website, HRSA geocoding coordinates, county/FIPS, operating hours per week, site status, and location setting. Site status: Active. Location setting: School. Operational schedule: Unknown. Daily hours, services, price, insurance, and accessibility fields were not supplied by this intake.",BPS-H80-035570,Health Center Service Delivery and Look-Alike Sites,2026-06-19,2026-06-19,needs_review,
hrsa-bps-h80-034299,Chapel Street Elementary School - SBHC,community_health_center,380 Chapel St,Stratford,CT,09,Greater Bridgeport Planning Region,09120,06614-1690,41.23815287,-73.11823746,203-696-3260,,,,,,,,,,HRSA operating hours per week: 35.00,unknown,,,,,,,,,HRSA Health Center Service Delivery and Look-Alike Sites,https://data.hrsa.gov/DataDownload/DD_Files/Health_Center_Service_Delivery_and_LookAlike_Sites.csv,2026-06-19,"Fields copied from the official HRSA CSV: site name, address, city, state, postal code, phone, website, HRSA geocoding coordinates, county/FIPS, operating hours per week, site status, and location setting. Site status: Active. Location setting: School. Operational schedule: Unknown. Daily hours, services, price, insurance, and accessibility fields were not supplied by this intake.",BPS-H80-034299,Health Center Service Delivery and Look-Alike Sites,2026-06-19,2026-06-19,needs_review,
hrsa-bps-h80-033709,Windward Apartments,community_health_center,509 Park Ave,Bridgeport,CT,09,Greater Bridgeport Planning Region,09120,06604-5859,41.16882000,-73.19592099,203-330-6000,,,,,,,,,,HRSA operating hours per week: 35.00,unknown,,,,,,,,,HRSA Health Center Service Delivery and Look-Alike Sites,https://data.hrsa.gov/DataDownload/DD_Files/Health_Center_Service_Delivery_and_LookAlike_Sites.csv,2026-06-19,"Fields copied from the official HRSA CSV: site name, address, city, state, postal code, phone, website, HRSA geocoding coordinates, county/FIPS, operating hours per week, site status, and location setting. Site status: Active. Location setting: All Other Clinic Types. Operational schedule: Unknown. Daily hours, services, price, insurance, and accessibility fields were not supplied by this intake.",BPS-H80-033709,Health Center Service Delivery and Look-Alike Sites,2026-06-19,2026-06-19,needs_review,
hrsa-bps-h80-018648,Brownstone Intermediate School SBHC,community_health_center,314 Main St,Portland,CT,09,Lower Connecticut River Valley Planning Region,09130,06480-1896,41.57735702,-72.63796108,860-342-6765,,,,,,,,,,HRSA operating hours per week: 8.00,unknown,,,,,,,,,HRSA Health Center Service Delivery and Look-Alike Sites,https://data.hrsa.gov/DataDownload/DD_Files/Health_Center_Service_Delivery_and_LookAlike_Sites.csv,2026-06-19,"Fields copied from the official HRSA CSV: site name, address, city, state, postal code, phone, website, HRSA geocoding coordinates, county/FIPS, operating hours per week, site status, and location setting. Site status: Active. Location setting: School. Operational schedule: Unknown. Daily hours, services, price, insurance, and accessibility fields were not supplied by this intake.",BPS-H80-018648,Health Center Service Delivery and Look-Alike Sites,2026-06-19,2026-06-19,needs_review,
hrsa-bps-h80-009194,FISH Torrington Emergency Shelter,community_health_center,332 S Main St,Torrington,CT,09,Northwest Hills Planning Region,09160,06790-6767,41.79362433,-73.12067505,860-496-1648,,,,,,,,,,HRSA operating hours per week: 2.00,unknown,,,,,,,,,HRSA Health Center Service Delivery and Look-Alike Sites,https://data.hrsa.gov/DataDownload/DD_Files/Health_Center_Service_Delivery_and_LookAlike_Sites.csv,2026-06-19,"Fields copied from the official HRSA CSV: site name, address, city, state, postal code, phone, website, HRSA geocoding coordinates, county/FIPS, operating hours per week, site status, and location setting. Site status: Active. Location setting: All Other Clinic Types. Operational schedule: Full-Time. Daily hours, services, price, insurance, and accessibility fields were not supplied by this intake.",BPS-H80-009194,Health Center Service Delivery and Look-Alike Sites,2026-06-19,2026-06-19,needs_review,
hrsa-bps-h80-035191,175 Main Street,community_health_center,175 Main St,Hartford,CT,09,Capitol Planning Region,09110,06106-1814,41.75782367,-72.67591383,860-550-7500,www.thecharteroak.org,,,,,,,,,HRSA operating hours per week: 40.00,unknown,,,,,,,,,HRSA Health Center Service Delivery and Look-Alike Sites,https://data.hrsa.gov/DataDownload/DD_Files/Health_Center_Service_Delivery_and_LookAlike_Sites.csv,2026-06-19,"Fields copied from the official HRSA CSV: site name, address, city, state, postal code, phone, website, HRSA geocoding coordinates, county/FIPS, operating hours per week, site status, and location setting. Site status: Active. Location setting: All Other Clinic Types. Operational schedule: Unknown. Daily hours, services, price, insurance, and accessibility fields were not supplied by this intake.",BPS-H80-035191,Health Center Service Delivery and Look-Alike Sites,2026-06-19,2026-06-19,needs_review,
hrsa-bps-h80-038157,Ponus Ridge Middle School SBHC,community_health_center,21 Hunters Ln,Norwalk,CT,09,Western Connecticut Planning Region,09190,06850-2499,41.12335999,-73.44061053,203-851-1010,,,,,,,,,,HRSA operating hours per week: 40.00,unknown,,,,,,,,,HRSA Health Center Service Delivery and Look-Alike Sites,https://data.hrsa.gov/DataDownload/DD_Files/Health_Center_Service_Delivery_and_LookAlike_Sites.csv,2026-06-19,"Fields copied from the official HRSA CSV: site name, address, city, state, postal code, phone, website, HRSA geocoding coordinates, county/FIPS, operating hours per week, site status, and location setting. Site status: Active. Location setting: School. Operational schedule: Unknown. Daily hours, services, price, insurance, and accessibility fields were not supplied by this intake.",BPS-H80-038157,Health Center Service Delivery and Look-Alike Sites,2026-06-19,2026-06-19,needs_review,
hrsa-bps-h80-013445,Rogers Park Middle School,community_health_center,21 Memorial Dr,Danbury,CT,09,Western Connecticut Planning Region,09190,06810-8005,41.38283540,-73.44063882,203-778-7479,,,,,,,,,,HRSA operating hours per week: 35.00,unknown,,,,,,,,,HRSA Health Center Service Delivery and Look-Alike Sites,https://data.hrsa.gov/DataDownload/DD_Files/Health_Center_Service_Delivery_and_LookAlike_Sites.csv,2026-06-19,"Fields copied from the official HRSA CSV: site name, address, city, state, postal code, phone, website, HRSA geocoding coordinates, county/FIPS, operating hours per week, site status, and location setting. Site status: Active. Location setting: School. Operational schedule: Part-Time. Daily hours, services, price, insurance, and accessibility fields were not supplied by this intake.",BPS-H80-013445,Health Center Service Delivery and Look-Alike Sites,2026-06-19,2026-06-19,needs_review,
hrsa-bps-h80-037992,CS-HHC Mobile Van,community_health_center,428 Columbus AVE,New Haven,CT,09,South Central Connecticut Planning Region,09170,06519-1233,41.29732501,-72.93982501,203-503-3000,http://www.cornellscott.org,,,,,,,,,HRSA operating hours per week: 40.00,unknown,,,,,,,,,HRSA Health Center Service Delivery and Look-Alike Sites,https://data.hrsa.gov/DataDownload/DD_Files/Health_Center_Service_Delivery_and_LookAlike_Sites.csv,2026-06-19,"Fields copied from the official HRSA CSV: site name, address, city, state, postal code, phone, website, HRSA geocoding coordinates, county/FIPS, operating hours per week, site status, and location setting. Site status: Active. Location setting: All Other Clinic Types. Operational schedule: Unknown. Daily hours, services, price, insurance, and accessibility fields were not supplied by this intake.",BPS-H80-037992,Health Center Service Delivery and Look-Alike Sites,2026-06-19,2026-06-19,needs_review,
hrsa-bps-h80-011929,Bielefield Elementary School SBHC,community_health_center,70 Maynard St,Middletown,CT,09,Lower Connecticut River Valley Planning Region,09130,06457-4519,41.54269035,-72.63295013,860-347-4124,,,,,,,,,,HRSA operating hours per week: 16.00,unknown,,,,,,,,,HRSA Health Center Service Delivery and Look-Alike Sites,https://data.hrsa.gov/DataDownload/DD_Files/Health_Center_Service_Delivery_and_LookAlike_Sites.csv,2026-06-19,"Fields copied from the official HRSA CSV: site name, address, city, state, postal code, phone, website, HRSA geocoding coordinates, county/FIPS, operating hours per week, site status, and location setting. Site status: Active. Location setting: School. Operational schedule: Part-Time. Daily hours, services, price, insurance, and accessibility fields were not supplied by this intake.",BPS-H80-011929,Health Center Service Delivery and Look-Alike Sites,2026-06-19,2026-06-19,needs_review,
hrsa-bps-h80-027479,OPTIMUS at Kinsella,community_health_center,1862 Commerce Dr,Bridgeport,CT,09,Greater Bridgeport Planning Region,09120,06605-2229,41.16827178,-73.21813823,203-696-3260,,,,,,,,,,HRSA operating hours per week: 56.50,unknown,,,,,,,,,HRSA Health Center Service Delivery and Look-Alike Sites,https://data.hrsa.gov/DataDownload/DD_Files/Health_Center_Service_Delivery_and_LookAlike_Sites.csv,2026-06-19,"Fields copied from the official HRSA CSV: site name, address, city, state, postal code, phone, website, HRSA geocoding coordinates, county/FIPS, operating hours per week, site status, and location setting. Site status: Active. Location setting: All Other Clinic Types. Operational schedule: Unknown. Daily hours, services, price, insurance, and accessibility fields were not supplied by this intake.",BPS-H80-027479,Health Center Service Delivery and Look-Alike Sites,2026-06-19,2026-06-19,needs_review,
hrsa-bps-h80-001832,Roger Sherman Elementary School - SBHC,community_health_center,64 N Pearl St,Meriden,CT,09,South Central Connecticut Planning Region,09170,06450-4465,41.53584040,-72.78347922,203-634-1635,www.chc1.com,,,,,,,,,HRSA operating hours per week: 40.00,unknown,,,,,,,,,HRSA Health Center Service Delivery and Look-Alike Sites,https://data.hrsa.gov/DataDownload/DD_Files/Health_Center_Service_Delivery_and_LookAlike_Sites.csv,2026-06-19,"Fields copied from the official HRSA CSV: site name, address, city, state, postal code, phone, website, HRSA geocoding coordinates, county/FIPS, operating hours per week, site status, and location setting. Site status: Active. Location setting: School. Operational schedule: Full-Time. Daily hours, services, price, insurance, and accessibility fields were not supplied by this intake.",BPS-H80-001832,Health Center Service Delivery and Look-Alike Sites,2026-06-19,2026-06-19,needs_review,
hrsa-bps-h80-027476,Enfield Street School SBHC,community_health_center,1318 Enfield St,Enfield,CT,09,Capitol Planning Region,09110,06082-4942,41.97611998,-72.59354998,860-253-6567,,,,,,,,,,HRSA operating hours per week: 20.00,unknown,,,,,,,,,HRSA Health Center Service Delivery and Look-Alike Sites,https://data.hrsa.gov/DataDownload/DD_Files/Health_Center_Service_Delivery_and_LookAlike_Sites.csv,2026-06-19,"Fields copied from the official HRSA CSV: site name, address, city, state, postal code, phone, website, HRSA geocoding coordinates, county/FIPS, operating hours per week, site status, and location setting. Site status: Active. Location setting: School. Operational schedule: Unknown. Daily hours, services, price, insurance, and accessibility fields were not supplied by this intake.",BPS-H80-027476,Health Center Service Delivery and Look-Alike Sites,2026-06-19,2026-06-19,needs_review,
hrsa-bps-h80-009191,Torrington Soup Kitchen c/o Trinity Church,community_health_center,220 Prospect St,Torrington,CT,09,Northwest Hills Planning Region,09160,06790-5314,41.80167799,-73.12266299,860-482-0130,,,,,,,,,,HRSA operating hours per week: 2.00,unknown,,,,,,,,,HRSA Health Center Service Delivery and Look-Alike Sites,https://data.hrsa.gov/DataDownload/DD_Files/Health_Center_Service_Delivery_and_LookAlike_Sites.csv,2026-06-19,"Fields copied from the official HRSA CSV: site name, address, city, state, postal code, phone, website, HRSA geocoding coordinates, county/FIPS, operating hours per week, site status, and location setting. Site status: Active. Location setting: All Other Clinic Types. Operational schedule: Full-Time. Daily hours, services, price, insurance, and accessibility fields were not supplied by this intake.",BPS-H80-009191,Health Center Service Delivery and Look-Alike Sites,2026-06-19,2026-06-19,needs_review,
hrsa-bps-h80-001842,CS-HHC Ansonia,community_health_center,121 Wakelee Ave,Ansonia,CT,09,Naugatuck Valley Planning Region,09140,06401-1151,41.34012690,-73.09109640,203-503-3570,www.cornellscott.org,,,,,,,,,HRSA operating hours per week: 45.50,unknown,,,,,,,,,HRSA Health Center Service Delivery and Look-Alike Sites,https://data.hrsa.gov/DataDownload/DD_Files/Health_Center_Service_Delivery_and_LookAlike_Sites.csv,2026-06-19,"Fields copied from the official HRSA CSV: site name, address, city, state, postal code, phone, website, HRSA geocoding coordinates, county/FIPS, operating hours per week, site status, and location setting. Site status: Active. Location setting: All Other Clinic Types. Operational schedule: Full-Time. Daily hours, services, price, insurance, and accessibility fields were not supplied by this intake.",BPS-H80-001842,Health Center Service Delivery and Look-Alike Sites,2026-06-19,2026-06-19,needs_review,
hrsa-bps-h80-001847,StayWell South End Health Center,community_health_center,1302 S Main St,Waterbury,CT,09,Naugatuck Valley Planning Region,09140,06706-1748,41.53838787,-73.03618371,203-597-9044,www.staywellhealth.org,,,,,,,,,HRSA operating hours per week: 65.00,unknown,,,,,,,,,HRSA Health Center Service Delivery and Look-Alike Sites,https://data.hrsa.gov/DataDownload/DD_Files/Health_Center_Service_Delivery_and_LookAlike_Sites.csv,2026-06-19,"Fields copied from the official HRSA CSV: site name, address, city, state, postal code, phone, website, HRSA geocoding coordinates, county/FIPS, operating hours per week, site status, and location setting. Site status: Active. Location setting: All Other Clinic Types. Operational schedule: Full-Time. Daily hours, services, price, insurance, and accessibility fields were not supplied by this intake.",BPS-H80-001847,Health Center Service Delivery and Look-Alike Sites,2026-06-19,2026-06-19,needs_review,
hrsa-bps-h80-036179,Westhill High School,community_health_center,125 Roxbury Rd,Stamford,CT,09,Western Connecticut Planning Region,09190,06902-1295,41.09203447,-73.56519789,203-977-5581,,,,,,,,,,HRSA operating hours per week: 35.00,unknown,,,,,,,,,HRSA Health Center Service Delivery and Look-Alike Sites,https://data.hrsa.gov/DataDownload/DD_Files/Health_Center_Service_Delivery_and_LookAlike_Sites.csv,2026-06-19,"Fields copied from the official HRSA CSV: site name, address, city, state, postal code, phone, website, HRSA geocoding coordinates, county/FIPS, operating hours per week, site status, and location setting. Site status: Active. Location setting: School. Operational schedule: Unknown. Daily hours, services, price, insurance, and accessibility fields were not supplied by this intake.",BPS-H80-036179,Health Center Service Delivery and Look-Alike Sites,2026-06-19,2026-06-19,needs_review,
hrsa-bps-h80-032593,Hart Magnet School SBHC,community_health_center,61 Adams Ave,Stamford,CT,09,Western Connecticut Planning Region,09190,06902-3702,41.05776016,-73.54740746,203-977-5082,,,,,,,,,,HRSA operating hours per week: 40.00,unknown,,,,,,,,,HRSA Health Center Service Delivery and Look-Alike Sites,https://data.hrsa.gov/DataDownload/DD_Files/Health_Center_Service_Delivery_and_LookAlike_Sites.csv,2026-06-19,"Fields copied from the official HRSA CSV: site name, address, city, state, postal code, phone, website, HRSA geocoding coordinates, county/FIPS, operating hours per week, site status, and location setting. Site status: Active. Location setting: School. Operational schedule: Unknown. Daily hours, services, price, insurance, and accessibility fields were not supplied by this intake.",BPS-H80-032593,Health Center Service Delivery and Look-Alike Sites,2026-06-19,2026-06-19,needs_review,
hrsa-bps-h80-017515,Multicultural Ambulatory Addictions Services,community_health_center,426 East St,New Haven,CT,09,South Central Connecticut Planning Region,09170,06511-5018,41.31055249,-72.90990614,203-495-7710,,,,,,,,,,HRSA operating hours per week: 4.00,unknown,,,,,,,,,HRSA Health Center Service Delivery and Look-Alike Sites,https://data.hrsa.gov/DataDownload/DD_Files/Health_Center_Service_Delivery_and_LookAlike_Sites.csv,2026-06-19,"Fields copied from the official HRSA CSV: site name, address, city, state, postal code, phone, website, HRSA geocoding coordinates, county/FIPS, operating hours per week, site status, and location setting. Site status: Active. Location setting: All Other Clinic Types. Operational schedule: Unknown. Daily hours, services, price, insurance, and accessibility fields were not supplied by this intake.",BPS-H80-017515,Health Center Service Delivery and Look-Alike Sites,2026-06-19,2026-06-19,needs_review,
hrsa-bps-lal-020935,InterCommunity's School Based Health Center at Synergy Alternative High School,community_health_center,40 Butternut Dr,East Hartford,CT,09,Capitol Planning Region,09110,06118-1906,41.75497545,-72.59639531,860-569-5900 x158,https://www.intercommunityct.org/,,,,,,,,,HRSA operating hours per week: 40.00,unknown,,,,,,,,,HRSA Health Center Service Delivery and Look-Alike Sites,https://data.hrsa.gov/DataDownload/DD_Files/Health_Center_Service_Delivery_and_LookAlike_Sites.csv,2026-06-19,"Fields copied from the official HRSA CSV: site name, address, city, state, postal code, phone, website, HRSA geocoding coordinates, county/FIPS, operating hours per week, site status, and location setting. Site status: Active. Location setting: School. Operational schedule: Unknown. Daily hours, services, price, insurance, and accessibility fields were not supplied by this intake.",BPS-LAL-020935,Health Center Service Delivery and Look-Alike Sites,2026-06-19,2026-06-19,needs_review,
hrsa-bps-h80-024620,Shoreline Family Health Care,community_health_center,221 W Main St,Branford,CT,09,South Central Connecticut Planning Region,09170,06405-4088,41.27737302,-72.85499060,203-777-7411,,,,,,,,,,HRSA operating hours per week: 55.00,unknown,,,,,,,,,HRSA Health Center Service Delivery and Look-Alike Sites,https://data.hrsa.gov/DataDownload/DD_Files/Health_Center_Service_Delivery_and_LookAlike_Sites.csv,2026-06-19,"Fields copied from the official HRSA CSV: site name, address, city, state, postal code, phone, website, HRSA geocoding coordinates, county/FIPS, operating hours per week, site status, and location setting. Site status: Active. Location setting: All Other Clinic Types. Operational schedule: Unknown. Daily hours, services, price, insurance, and accessibility fields were not supplied by this intake.",BPS-H80-024620,Health Center Service Delivery and Look-Alike Sites,2026-06-19,2026-06-19,needs_review,
hrsa-bps-h80-015737,UCFS Health Center - Norwich,community_health_center,47 Town St,Norwich,CT,09,Southeastern Connecticut Planning Region,09180,06360-2323,41.54698047,-72.09209470,860-892-7042,www.ucfs.org,,,,,,,,,HRSA operating hours per week: 67.00,unknown,,,,,,,,,HRSA Health Center Service Delivery and Look-Alike Sites,https://data.hrsa.gov/DataDownload/DD_Files/Health_Center_Service_Delivery_and_LookAlike_Sites.csv,2026-06-19,"Fields copied from the official HRSA CSV: site name, address, city, state, postal code, phone, website, HRSA geocoding coordinates, county/FIPS, operating hours per week, site status, and location setting. Site status: Active. Location setting: All Other Clinic Types. Operational schedule: Unknown. Daily hours, services, price, insurance, and accessibility fields were not supplied by this intake.",BPS-H80-015737,Health Center Service Delivery and Look-Alike Sites,2026-06-19,2026-06-19,needs_review,
hrsa-bps-h80-038379,Jumoke Academy SMaRT SBHC,community_health_center,339 Blue Hills Ave RM 138,Hartford,CT,09,Capitol Planning Region,09110,06112-1505,41.79434622,-72.69706800,860-527-0575,,,,,,,,,,HRSA operating hours per week: 10.00,unknown,,,,,,,,,HRSA Health Center Service Delivery and Look-Alike Sites,https://data.hrsa.gov/DataDownload/DD_Files/Health_Center_Service_Delivery_and_LookAlike_Sites.csv,2026-06-19,"Fields copied from the official HRSA CSV: site name, address, city, state, postal code, phone, website, HRSA geocoding coordinates, county/FIPS, operating hours per week, site status, and location setting. Site status: Active. Location setting: School. Operational schedule: Unknown. Daily hours, services, price, insurance, and accessibility fields were not supplied by this intake.",BPS-H80-038379,Health Center Service Delivery and Look-Alike Sites,2026-06-19,2026-06-19,needs_review,
hrsa-bps-h80-030929,Fair Haven Community Health Care at 150 Sargent Drive,community_health_center,"150 Sargent Dr, Suite 1",New Haven,CT,09,South Central Connecticut Planning Region,09170,06511-6100,41.29290351,-72.92192822,203-777-7411,,,,,,,,,,HRSA operating hours per week: 48.00,unknown,,,,,,,,,HRSA Health Center Service Delivery and Look-Alike Sites,https://data.hrsa.gov/DataDownload/DD_Files/Health_Center_Service_Delivery_and_LookAlike_Sites.csv,2026-06-19,"Fields copied from the official HRSA CSV: site name, address, city, state, postal code, phone, website, HRSA geocoding coordinates, county/FIPS, operating hours per week, site status, and location setting. Site status: Active. Location setting: All Other Clinic Types. Operational schedule: Unknown. Daily hours, services, price, insurance, and accessibility fields were not supplied by this intake.",BPS-H80-030929,Health Center Service Delivery and Look-Alike Sites,2026-06-19,2026-06-19,needs_review,
hrsa-bps-h80-021169,Lincoln Elementary School SBHC,community_health_center,145 Steele St,New Britain,CT,09,Capitol Planning Region,09110,06052-1555,41.65876470,-72.80520578,860-229-2564,,,,,,,,,,HRSA operating hours per week: 40.00,unknown,,,,,,,,,HRSA Health Center Service Delivery and Look-Alike Sites,https://data.hrsa.gov/DataDownload/DD_Files/Health_Center_Service_Delivery_and_LookAlike_Sites.csv,2026-06-19,"Fields copied from the official HRSA CSV: site name, address, city, state, postal code, phone, website, HRSA geocoding coordinates, county/FIPS, operating hours per week, site status, and location setting. Site status: Active. Location setting: School. Operational schedule: Unknown. Daily hours, services, price, insurance, and accessibility fields were not supplied by this intake.",BPS-H80-021169,Health Center Service Delivery and Look-Alike Sites,2026-06-19,2026-06-19,needs_review,
hrsa-bps-h80-019692,Chamberlain Elementary School SBHC,community_health_center,120 Newington Ave,New Britain,CT,09,Capitol Planning Region,09110,06051-2119,41.67163461,-72.75991903,860-832-5691,,,,,,,,,,HRSA operating hours per week: 40.00,unknown,,,,,,,,,HRSA Health Center Service Delivery and Look-Alike Sites,https://data.hrsa.gov/DataDownload/DD_Files/Health_Center_Service_Delivery_and_LookAlike_Sites.csv,2026-06-19,"Fields copied from the official HRSA CSV: site name, address, city, state, postal code, phone, website, HRSA geocoding coordinates, county/FIPS, operating hours per week, site status, and location setting. Site status: Active. Location setting: School. Operational schedule: Unknown. Daily hours, services, price, insurance, and accessibility fields were not supplied by this intake.",BPS-H80-019692,Health Center Service Delivery and Look-Alike Sites,2026-06-19,2026-06-19,needs_review,
hrsa-bps-h80-031031,Bethel High School SBHC,community_health_center,300 Whittlesey Dr,Bethel,CT,09,Western Connecticut Planning Region,09190,06801-1549,41.37834000,-73.39397002,203-794-8600,,,,,,,,,,HRSA operating hours per week: 40.00,unknown,,,,,,,,,HRSA Health Center Service Delivery and Look-Alike Sites,https://data.hrsa.gov/DataDownload/DD_Files/Health_Center_Service_Delivery_and_LookAlike_Sites.csv,2026-06-19,"Fields copied from the official HRSA CSV: site name, address, city, state, postal code, phone, website, HRSA geocoding coordinates, county/FIPS, operating hours per week, site status, and location setting. Site status: Active. Location setting: School. Operational schedule: Unknown. Daily hours, services, price, insurance, and accessibility fields were not supplied by this intake.",BPS-H80-031031,Health Center Service Delivery and Look-Alike Sites,2026-06-19,2026-06-19,needs_review,
hrsa-bps-h80-030590,Hubbell School,community_health_center,90 W Washington St,Bristol,CT,09,Naugatuck Valley Planning Region,09140,06010-5400,41.67883265,-72.90818417,960-793-3500,www.wheelerclinic.org,,,,,,,,,HRSA operating hours per week: 40.00,unknown,,,,,,,,,HRSA Health Center Service Delivery and Look-Alike Sites,https://data.hrsa.gov/DataDownload/DD_Files/Health_Center_Service_Delivery_and_LookAlike_Sites.csv,2026-06-19,"Fields copied from the official HRSA CSV: site name, address, city, state, postal code, phone, website, HRSA geocoding coordinates, county/FIPS, operating hours per week, site status, and location setting. Site status: Active. Location setting: School. Operational schedule: Unknown. Daily hours, services, price, insurance, and accessibility fields were not supplied by this intake.",BPS-H80-030590,Health Center Service Delivery and Look-Alike Sites,2026-06-19,2026-06-19,needs_review,
hrsa-bps-lal-040376,InterCommunity School Based Health Center at Anna E. Norris Elementary School,community_health_center,30 Remington Rd,East Hartford,CT,09,Capitol Planning Region,09110,06108,41.78525485,-72.63148652,860-622-5740,,,,,,,,,,HRSA operating hours per week: 40.00,unknown,,,,,,,,,HRSA Health Center Service Delivery and Look-Alike Sites,https://data.hrsa.gov/DataDownload/DD_Files/Health_Center_Service_Delivery_and_LookAlike_Sites.csv,2026-06-19,"Fields copied from the official HRSA CSV: site name, address, city, state, postal code, phone, website, HRSA geocoding coordinates, county/FIPS, operating hours per week, site status, and location setting. Site status: Active. Location setting: All Other Clinic Types. Operational schedule: Unknown. Daily hours, services, price, insurance, and accessibility fields were not supplied by this intake.",BPS-LAL-040376,Health Center Service Delivery and Look-Alike Sites,2026-06-19,2026-06-19,needs_review,
hrsa-bps-h80-035637,Frank Ward Strong SBHC,community_health_center,191 Main St,Durham,CT,09,Lower Connecticut River Valley Planning Region,09130,06422-2108,41.47632818,-72.67900139,860-349-7222,,,,,,,,,,HRSA operating hours per week: 20.00,unknown,,,,,,,,,HRSA Health Center Service Delivery and Look-Alike Sites,https://data.hrsa.gov/DataDownload/DD_Files/Health_Center_Service_Delivery_and_LookAlike_Sites.csv,2026-06-19,"Fields copied from the official HRSA CSV: site name, address, city, state, postal code, phone, website, HRSA geocoding coordinates, county/FIPS, operating hours per week, site status, and location setting. Site status: Active. Location setting: School. Operational schedule: Unknown. Daily hours, services, price, insurance, and accessibility fields were not supplied by this intake.",BPS-H80-035637,Health Center Service Delivery and Look-Alike Sites,2026-06-19,2026-06-19,needs_review,
hrsa-bps-h80-018471,Emmett O'Brien Technical High School SBHC,community_health_center,141 Prindle Ave,Ansonia,CT,09,Naugatuck Valley Planning Region,09140,06401-2500,41.33501000,-73.06432997,203-732-1800,,,,,,,,,,HRSA operating hours per week: 40.00,unknown,,,,,,,,,HRSA Health Center Service Delivery and Look-Alike Sites,https://data.hrsa.gov/DataDownload/DD_Files/Health_Center_Service_Delivery_and_LookAlike_Sites.csv,2026-06-19,"Fields copied from the official HRSA CSV: site name, address, city, state, postal code, phone, website, HRSA geocoding coordinates, county/FIPS, operating hours per week, site status, and location setting. Site status: Active. Location setting: School. Operational schedule: Unknown. Daily hours, services, price, insurance, and accessibility fields were not supplied by this intake.",BPS-H80-018471,Health Center Service Delivery and Look-Alike Sites,2026-06-19,2026-06-19,needs_review,
hrsa-bps-h80-038202,CIFC Health Mobile Health Unit,community_health_center,120 Main St,Danbury,CT,09,Western Connecticut Planning Region,09190,06810-7834,41.39196952,-73.44982208,203-743-0100,,,,,,,,,,HRSA operating hours per week: 1.00,unknown,,,,,,,,,HRSA Health Center Service Delivery and Look-Alike Sites,https://data.hrsa.gov/DataDownload/DD_Files/Health_Center_Service_Delivery_and_LookAlike_Sites.csv,2026-06-19,"Fields copied from the official HRSA CSV: site name, address, city, state, postal code, phone, website, HRSA geocoding coordinates, county/FIPS, operating hours per week, site status, and location setting. Site status: Active. Location setting: All Other Clinic Types. Operational schedule: Unknown. Daily hours, services, price, insurance, and accessibility fields were not supplied by this intake.",BPS-H80-038202,Health Center Service Delivery and Look-Alike Sites,2026-06-19,2026-06-19,needs_review,
hrsa-bps-h80-027625,Lincoln-Bassett Community School SBHC,community_health_center,130 Bassett Street,New Haven,CT,09,South Central Connecticut Planning Region,09170,06511,41.33135436,-72.93096735,475-220-8500,http://www.lbcsnewhaven.com/,,,,,,,,,HRSA operating hours per week: 40.00,unknown,,,,,,,,,HRSA Health Center Service Delivery and Look-Alike Sites,https://data.hrsa.gov/DataDownload/DD_Files/Health_Center_Service_Delivery_and_LookAlike_Sites.csv,2026-06-19,"Fields copied from the official HRSA CSV: site name, address, city, state, postal code, phone, website, HRSA geocoding coordinates, county/FIPS, operating hours per week, site status, and location setting. Site status: Active. Location setting: School. Operational schedule: Unknown. Daily hours, services, price, insurance, and accessibility fields were not supplied by this intake.",BPS-H80-027625,Health Center Service Delivery and Look-Alike Sites,2026-06-19,2026-06-19,needs_review,
hrsa-bps-h80-013443,Broadview Middle School,community_health_center,72 Hospital Ave,Danbury,CT,09,Western Connecticut Planning Region,09190,06810-6083,41.40663999,-73.44117003,203-731-8272,,,,,,,,,,HRSA operating hours per week: 35.00,unknown,,,,,,,,,HRSA Health Center Service Delivery and Look-Alike Sites,https://data.hrsa.gov/DataDownload/DD_Files/Health_Center_Service_Delivery_and_LookAlike_Sites.csv,2026-06-19,"Fields copied from the official HRSA CSV: site name, address, city, state, postal code, phone, website, HRSA geocoding coordinates, county/FIPS, operating hours per week, site status, and location setting. Site status: Active. Location setting: School. Operational schedule: Part-Time. Daily hours, services, price, insurance, and accessibility fields were not supplied by this intake.",BPS-H80-013443,Health Center Service Delivery and Look-Alike Sites,2026-06-19,2026-06-19,needs_review,
hrsa-bps-h80-006676,John Martinez K-8 School Based Health Center,community_health_center,100 James St,New Haven,CT,09,South Central Connecticut Planning Region,09170,06513-4222,41.30488829,-72.90385349,203-777-7411,www.fhchc.org,,,,,,,,,HRSA operating hours per week: 40.00,unknown,,,,,,,,,HRSA Health Center Service Delivery and Look-Alike Sites,https://data.hrsa.gov/DataDownload/DD_Files/Health_Center_Service_Delivery_and_LookAlike_Sites.csv,2026-06-19,"Fields copied from the official HRSA CSV: site name, address, city, state, postal code, phone, website, HRSA geocoding coordinates, county/FIPS, operating hours per week, site status, and location setting. Site status: Active. Location setting: School. Operational schedule: Part-Time. Daily hours, services, price, insurance, and accessibility fields were not supplied by this intake.",BPS-H80-006676,Health Center Service Delivery and Look-Alike Sites,2026-06-19,2026-06-19,needs_review,
hrsa-bps-h80-041393,CS-HHC at Washington Elementary School,community_health_center,369 Washington Ave,West Haven,CT,09,South Central Connecticut Planning Region,09170,06516-5346,41.26873048,-72.94569260,203-503-3000,,,,,,,,,,HRSA operating hours per week: 40.00,unknown,,,,,,,,,HRSA Health Center Service Delivery and Look-Alike Sites,https://data.hrsa.gov/DataDownload/DD_Files/Health_Center_Service_Delivery_and_LookAlike_Sites.csv,2026-06-19,"Fields copied from the official HRSA CSV: site name, address, city, state, postal code, phone, website, HRSA geocoding coordinates, county/FIPS, operating hours per week, site status, and location setting. Site status: Active. Location setting: School. Operational schedule: Unknown. Daily hours, services, price, insurance, and accessibility fields were not supplied by this intake.",BPS-H80-041393,Health Center Service Delivery and Look-Alike Sites,2026-06-19,2026-06-19,needs_review,
hrsa-bps-h80-036181,Turn of River MS SBHC,community_health_center,117 Vine Rd,Stamford,CT,09,Western Connecticut Planning Region,09190,06905-2098,41.09870999,-73.54142999,203-977-5669,,,,,,,,,,HRSA operating hours per week: 35.00,unknown,,,,,,,,,HRSA Health Center Service Delivery and Look-Alike Sites,https://data.hrsa.gov/DataDownload/DD_Files/Health_Center_Service_Delivery_and_LookAlike_Sites.csv,2026-06-19,"Fields copied from the official HRSA CSV: site name, address, city, state, postal code, phone, website, HRSA geocoding coordinates, county/FIPS, operating hours per week, site status, and location setting. Site status: Active. Location setting: School. Operational schedule: Unknown. Daily hours, services, price, insurance, and accessibility fields were not supplied by this intake.",BPS-H80-036181,Health Center Service Delivery and Look-Alike Sites,2026-06-19,2026-06-19,needs_review,
hrsa-bps-h80-030771,Charter Oak Health Center; 32 Grand Street,community_health_center,32 Grand St,Hartford,CT,09,Capitol Planning Region,09110,06106-4608,41.75955352,-72.68592962,860-550-7500,,,,,,,,,,HRSA operating hours per week: 44.00,unknown,,,,,,,,,HRSA Health Center Service Delivery and Look-Alike Sites,https://data.hrsa.gov/DataDownload/DD_Files/Health_Center_Service_Delivery_and_LookAlike_Sites.csv,2026-06-19,"Fields copied from the official HRSA CSV: site name, address, city, state, postal code, phone, website, HRSA geocoding coordinates, county/FIPS, operating hours per week, site status, and location setting. Site status: Active. Location setting: All Other Clinic Types. Operational schedule: Unknown. Daily hours, services, price, insurance, and accessibility fields were not supplied by this intake.",BPS-H80-030771,Health Center Service Delivery and Look-Alike Sites,2026-06-19,2026-06-19,needs_review,
hrsa-bps-h80-017478,Jettie S. Tisdale Elementary School - SBHC,community_health_center,250 Hollister Ave,Bridgeport,CT,09,Greater Bridgeport Planning Region,09120,06607-1924,41.17815207,-73.16036001,203-275-2089,,,,,,,,,,HRSA operating hours per week: 37.50,unknown,,,,,,,,,HRSA Health Center Service Delivery and Look-Alike Sites,https://data.hrsa.gov/DataDownload/DD_Files/Health_Center_Service_Delivery_and_LookAlike_Sites.csv,2026-06-19,"Fields copied from the official HRSA CSV: site name, address, city, state, postal code, phone, website, HRSA geocoding coordinates, county/FIPS, operating hours per week, site status, and location setting. Site status: Active. Location setting: School. Operational schedule: Unknown. Daily hours, services, price, insurance, and accessibility fields were not supplied by this intake.",BPS-H80-017478,Health Center Service Delivery and Look-Alike Sites,2026-06-19,2026-06-19,needs_review,
hrsa-bps-h80-015734,UCFS Health Center - Plainfield,community_health_center,122 Plainfield Rd,Moosup,CT,09,Northeastern Connecticut Planning Region,09150,06354-1632,41.71036600,-71.89472800,860-564-2198,www.ucfs.org,,,,,,,,,HRSA operating hours per week: 52.00,unknown,,,,,,,,,HRSA Health Center Service Delivery and Look-Alike Sites,https://data.hrsa.gov/DataDownload/DD_Files/Health_Center_Service_Delivery_and_LookAlike_Sites.csv,2026-06-19,"Fields copied from the official HRSA CSV: site name, address, city, state, postal code, phone, website, HRSA geocoding coordinates, county/FIPS, operating hours per week, site status, and location setting. Site status: Active. Location setting: All Other Clinic Types. Operational schedule: Unknown. Daily hours, services, price, insurance, and accessibility fields were not supplied by this intake.",BPS-H80-015734,Health Center Service Delivery and Look-Alike Sites,2026-06-19,2026-06-19,needs_review,
hrsa-bps-h80-037153,CS-HHC at Dunbar Hill Elementary School,community_health_center,315 Lane St,Hamden,CT,09,South Central Connecticut Planning Region,09170,06514-2718,41.36565709,-72.94114558,203-503-3000,,,,,,,,,,HRSA operating hours per week: 20.00,unknown,,,,,,,,,HRSA Health Center Service Delivery and Look-Alike Sites,https://data.hrsa.gov/DataDownload/DD_Files/Health_Center_Service_Delivery_and_LookAlike_Sites.csv,2026-06-19,"Fields copied from the official HRSA CSV: site name, address, city, state, postal code, phone, website, HRSA geocoding coordinates, county/FIPS, operating hours per week, site status, and location setting. Site status: Active. Location setting: School. Operational schedule: Unknown. Daily hours, services, price, insurance, and accessibility fields were not supplied by this intake.",BPS-H80-037153,Health Center Service Delivery and Look-Alike Sites,2026-06-19,2026-06-19,needs_review,
hrsa-bps-h80-038235,Grand Pharmacy at 111 Grand Avenue,community_health_center,111 Grand Ave,New Haven,CT,09,South Central Connecticut Planning Region,09170,06513-3907,41.30941888,-72.89175455,203-777-7411,,,,,,,,,,HRSA operating hours per week: 50.50,unknown,,,,,,,,,HRSA Health Center Service Delivery and Look-Alike Sites,https://data.hrsa.gov/DataDownload/DD_Files/Health_Center_Service_Delivery_and_LookAlike_Sites.csv,2026-06-19,"Fields copied from the official HRSA CSV: site name, address, city, state, postal code, phone, website, HRSA geocoding coordinates, county/FIPS, operating hours per week, site status, and location setting. Site status: Active. Location setting: All Other Clinic Types. Operational schedule: Unknown. Daily hours, services, price, insurance, and accessibility fields were not supplied by this intake.",BPS-H80-038235,Health Center Service Delivery and Look-Alike Sites,2026-06-19,2026-06-19,needs_review,
hrsa-bps-h80-003198,OPTIMUS on East Main,community_health_center,988 E Main St,Bridgeport,CT,09,Greater Bridgeport Planning Region,09120,06608-1913,41.18805877,-73.18022143,203-696-3260,www.optimushealthcare.org,,,,,,,,,HRSA operating hours per week: 54.00,unknown,,,,,,,,,HRSA Health Center Service Delivery and Look-Alike Sites,https://data.hrsa.gov/DataDownload/DD_Files/Health_Center_Service_Delivery_and_LookAlike_Sites.csv,2026-06-19,"Fields copied from the official HRSA CSV: site name, address, city, state, postal code, phone, website, HRSA geocoding coordinates, county/FIPS, operating hours per week, site status, and location setting. Site status: Active. Location setting: All Other Clinic Types. Operational schedule: Full-Time. Daily hours, services, price, insurance, and accessibility fields were not supplied by this intake.",BPS-H80-003198,Health Center Service Delivery and Look-Alike Sites,2026-06-19,2026-06-19,needs_review,
hrsa-bps-h80-015736,UCFS Behavioral Health Center - Colchester,community_health_center,212 Upton Rd,Colchester,CT,09,Southeastern Connecticut Planning Region,09180,06415-2756,41.57870420,-72.34847965,860-537-7676,www.ucfs.org,,,,,,,,,HRSA operating hours per week: 51.50,unknown,,,,,,,,,HRSA Health Center Service Delivery and Look-Alike Sites,https://data.hrsa.gov/DataDownload/DD_Files/Health_Center_Service_Delivery_and_LookAlike_Sites.csv,2026-06-19,"Fields copied from the official HRSA CSV: site name, address, city, state, postal code, phone, website, HRSA geocoding coordinates, county/FIPS, operating hours per week, site status, and location setting. Site status: Active. Location setting: All Other Clinic Types. Operational schedule: Unknown. Daily hours, services, price, insurance, and accessibility fields were not supplied by this intake.",BPS-H80-015736,Health Center Service Delivery and Look-Alike Sites,2026-06-19,2026-06-19,needs_review,
hrsa-bps-h80-008149,JFK Elementary School - SBHC,community_health_center,700 Palisade Ave,Bridgeport,CT,09,Greater Bridgeport Planning Region,09120,06610-3457,41.20367291,-73.16243679,203-576-7534,,,,,,,,,,HRSA operating hours per week: 37.50,unknown,,,,,,,,,HRSA Health Center Service Delivery and Look-Alike Sites,https://data.hrsa.gov/DataDownload/DD_Files/Health_Center_Service_Delivery_and_LookAlike_Sites.csv,2026-06-19,"Fields copied from the official HRSA CSV: site name, address, city, state, postal code, phone, website, HRSA geocoding coordinates, county/FIPS, operating hours per week, site status, and location setting. Site status: Active. Location setting: School. Operational schedule: Part-Time. Daily hours, services, price, insurance, and accessibility fields were not supplied by this intake.",BPS-H80-008149,Health Center Service Delivery and Look-Alike Sites,2026-06-19,2026-06-19,needs_review,
hrsa-bps-lal-020936,InterCommunity's Trantolo Health Center at East Hartford High School,community_health_center,869 Forbes St,East Hartford,CT,09,Capitol Planning Region,09110,06118-1998,41.75428001,-72.60473999,860-569-5900,,,,,,,,,,HRSA operating hours per week: 40.00,unknown,,,,,,,,,HRSA Health Center Service Delivery and Look-Alike Sites,https://data.hrsa.gov/DataDownload/DD_Files/Health_Center_Service_Delivery_and_LookAlike_Sites.csv,2026-06-19,"Fields copied from the official HRSA CSV: site name, address, city, state, postal code, phone, website, HRSA geocoding coordinates, county/FIPS, operating hours per week, site status, and location setting. Site status: Active. Location setting: School. Operational schedule: Unknown. Daily hours, services, price, insurance, and accessibility fields were not supplied by this intake.",BPS-LAL-020936,Health Center Service Delivery and Look-Alike Sites,2026-06-19,2026-06-19,needs_review,
hrsa-bps-h80-012513,Edison Middle School SBHC,community_health_center,1355 N Broad St,Meriden,CT,09,South Central Connecticut Planning Region,09170,06450-2438,41.55504489,-72.77715691,203-639-8403,,,,,,,,,,HRSA operating hours per week: 40.00,unknown,,,,,,,,,HRSA Health Center Service Delivery and Look-Alike Sites,https://data.hrsa.gov/DataDownload/DD_Files/Health_Center_Service_Delivery_and_LookAlike_Sites.csv,2026-06-19,"Fields copied from the official HRSA CSV: site name, address, city, state, postal code, phone, website, HRSA geocoding coordinates, county/FIPS, operating hours per week, site status, and location setting. Site status: Active. Location setting: School. Operational schedule: Full-Time. Daily hours, services, price, insurance, and accessibility fields were not supplied by this intake.",BPS-H80-012513,Health Center Service Delivery and Look-Alike Sites,2026-06-19,2026-06-19,needs_review,
hrsa-bps-h80-039739,Family Centers Health Care at 986 Bedford,community_health_center,986 Bedford St,Stamford,CT,09,Western Connecticut Planning Region,09190,06905-5610,41.06144270,-73.53849038,203-324-3167,,,,,,,,,,HRSA operating hours per week: 55.00,unknown,,,,,,,,,HRSA Health Center Service Delivery and Look-Alike Sites,https://data.hrsa.gov/DataDownload/DD_Files/Health_Center_Service_Delivery_and_LookAlike_Sites.csv,2026-06-19,"Fields copied from the official HRSA CSV: site name, address, city, state, postal code, phone, website, HRSA geocoding coordinates, county/FIPS, operating hours per week, site status, and location setting. Site status: Active. Location setting: All Other Clinic Types. Operational schedule: Unknown. Daily hours, services, price, insurance, and accessibility fields were not supplied by this intake.",BPS-H80-039739,Health Center Service Delivery and Look-Alike Sites,2026-06-19,2026-06-19,needs_review,
hrsa-bps-h80-006795,Casa Recovery,community_health_center,1124 Iranistan Ave,Bridgeport,CT,09,Greater Bridgeport Planning Region,09120,06605-1121,41.17598342,-73.20118818,203-336-4745,www.swchc.org,,,,,,,,,HRSA operating hours per week: 4.00,unknown,,,,,,,,,HRSA Health Center Service Delivery and Look-Alike Sites,https://data.hrsa.gov/DataDownload/DD_Files/Health_Center_Service_Delivery_and_LookAlike_Sites.csv,2026-06-19,"Fields copied from the official HRSA CSV: site name, address, city, state, postal code, phone, website, HRSA geocoding coordinates, county/FIPS, operating hours per week, site status, and location setting. Site status: Active. Location setting: All Other Clinic Types. Operational schedule: Part-Time. Daily hours, services, price, insurance, and accessibility fields were not supplied by this intake.",BPS-H80-006795,Health Center Service Delivery and Look-Alike Sites,2026-06-19,2026-06-19,needs_review,
hrsa-bps-h80-006831,Washington Middle School - SBHC,community_health_center,1225 N Broad St,Meriden,CT,09,South Central Connecticut Planning Region,09170,06450-2495,41.55136021,-72.77988422,203-235-6606,www.chc1.com,,,,,,,,,HRSA operating hours per week: 40.00,unknown,,,,,,,,,HRSA Health Center Service Delivery and Look-Alike Sites,https://data.hrsa.gov/DataDownload/DD_Files/Health_Center_Service_Delivery_and_LookAlike_Sites.csv,2026-06-19,"Fields copied from the official HRSA CSV: site name, address, city, state, postal code, phone, website, HRSA geocoding coordinates, county/FIPS, operating hours per week, site status, and location setting. Site status: Active. Location setting: School. Operational schedule: Part-Time. Daily hours, services, price, insurance, and accessibility fields were not supplied by this intake.",BPS-H80-006831,Health Center Service Delivery and Look-Alike Sites,2026-06-19,2026-06-19,needs_review,
hrsa-bps-h80-021544,Middletown Expulsion Program SBHC,community_health_center,398 Main St,Middletown,CT,09,Lower Connecticut River Valley Planning Region,09130,06457-3310,41.56171007,-72.65047641,860-638-1401,,,,,,,,,,HRSA operating hours per week: 8.00,unknown,,,,,,,,,HRSA Health Center Service Delivery and Look-Alike Sites,https://data.hrsa.gov/DataDownload/DD_Files/Health_Center_Service_Delivery_and_LookAlike_Sites.csv,2026-06-19,"Fields copied from the official HRSA CSV: site name, address, city, state, postal code, phone, website, HRSA geocoding coordinates, county/FIPS, operating hours per week, site status, and location setting. Site status: Active. Location setting: School. Operational schedule: Unknown. Daily hours, services, price, insurance, and accessibility fields were not supplied by this intake.",BPS-H80-021544,Health Center Service Delivery and Look-Alike Sites,2026-06-19,2026-06-19,needs_review,
hrsa-bps-h80-018827,UCFS at Stanton Network Elementary School,community_health_center,386 New London Tpke,Norwich,CT,09,Southeastern Connecticut Planning Region,09180,06360-5387,41.52213700,-72.10108518,860-823-4207,,,,,,,,,,HRSA operating hours per week: 35.00,unknown,,,,,,,,,HRSA Health Center Service Delivery and Look-Alike Sites,https://data.hrsa.gov/DataDownload/DD_Files/Health_Center_Service_Delivery_and_LookAlike_Sites.csv,2026-06-19,"Fields copied from the official HRSA CSV: site name, address, city, state, postal code, phone, website, HRSA geocoding coordinates, county/FIPS, operating hours per week, site status, and location setting. Site status: Active. Location setting: School. Operational schedule: Unknown. Daily hours, services, price, insurance, and accessibility fields were not supplied by this intake.",BPS-H80-018827,Health Center Service Delivery and Look-Alike Sites,2026-06-19,2026-06-19,needs_review,
hrsa-bps-h80-038426,Shelton High School - SBHC,community_health_center,120 Meadow St RM 407A,Shelton,CT,09,Naugatuck Valley Planning Region,09140,06484-2276,41.32128598,-73.11713328,203-521-5978,,,,,,,,,,HRSA operating hours per week: 24.00,unknown,,,,,,,,,HRSA Health Center Service Delivery and Look-Alike Sites,https://data.hrsa.gov/DataDownload/DD_Files/Health_Center_Service_Delivery_and_LookAlike_Sites.csv,2026-06-19,"Fields copied from the official HRSA CSV: site name, address, city, state, postal code, phone, website, HRSA geocoding coordinates, county/FIPS, operating hours per week, site status, and location setting. Site status: Active. Location setting: School. Operational schedule: Unknown. Daily hours, services, price, insurance, and accessibility fields were not supplied by this intake.",BPS-H80-038426,Health Center Service Delivery and Look-Alike Sites,2026-06-19,2026-06-19,needs_review,
hrsa-bps-h80-003686,TRUMAN SCHOOL BASED HEALTH CTR,community_health_center,114 Truman St,New Haven,CT,09,South Central Connecticut Planning Region,09170,06519-2000,41.29268655,-72.94104818,203-691-2122,www.cornellscott.org,,,,,,,,,HRSA operating hours per week: 37.50,unknown,,,,,,,,,HRSA Health Center Service Delivery and Look-Alike Sites,https://data.hrsa.gov/DataDownload/DD_Files/Health_Center_Service_Delivery_and_LookAlike_Sites.csv,2026-06-19,"Fields copied from the official HRSA CSV: site name, address, city, state, postal code, phone, website, HRSA geocoding coordinates, county/FIPS, operating hours per week, site status, and location setting. Site status: Active. Location setting: School. Operational schedule: Full-Time. Daily hours, services, price, insurance, and accessibility fields were not supplied by this intake.",BPS-H80-003686,Health Center Service Delivery and Look-Alike Sites,2026-06-19,2026-06-19,needs_review,
hrsa-bps-h80-035902,East Hampton Middle School SBHC,community_health_center,19 Childs Rd,East Hampton,CT,09,Lower Connecticut River Valley Planning Region,09130,06424-1710,41.56817908,-72.52276540,860-365-4060,,,,,,,,,,HRSA operating hours per week: 40.00,unknown,,,,,,,,,HRSA Health Center Service Delivery and Look-Alike Sites,https://data.hrsa.gov/DataDownload/DD_Files/Health_Center_Service_Delivery_and_LookAlike_Sites.csv,2026-06-19,"Fields copied from the official HRSA CSV: site name, address, city, state, postal code, phone, website, HRSA geocoding coordinates, county/FIPS, operating hours per week, site status, and location setting. Site status: Active. Location setting: School. Operational schedule: Unknown. Daily hours, services, price, insurance, and accessibility fields were not supplied by this intake.",BPS-H80-035902,Health Center Service Delivery and Look-Alike Sites,2026-06-19,2026-06-19,needs_review,
hrsa-bps-h80-038654,Community Health & Wellness Center North Canaan,community_health_center,6 E Main St,Canaan,CT,09,Northwest Hills Planning Region,09160,06018-2508,42.02373100,-73.32301302,860-362-5101,,,,,,,,,,HRSA operating hours per week: 40.00,unknown,,,,,,,,,HRSA Health Center Service Delivery and Look-Alike Sites,https://data.hrsa.gov/DataDownload/DD_Files/Health_Center_Service_Delivery_and_LookAlike_Sites.csv,2026-06-19,"Fields copied from the official HRSA CSV: site name, address, city, state, postal code, phone, website, HRSA geocoding coordinates, county/FIPS, operating hours per week, site status, and location setting. Site status: Active. Location setting: All Other Clinic Types. Operational schedule: Unknown. Daily hours, services, price, insurance, and accessibility fields were not supplied by this intake.",BPS-H80-038654,Health Center Service Delivery and Look-Alike Sites,2026-06-19,2026-06-19,needs_review,
hrsa-bps-h80-036696,Hartford Youth Scholars,community_health_center,129 Allen Pl,Hartford,CT,09,Capitol Planning Region,09110,06106-3102,41.75223093,-72.68899488,860-297-5116,www.thecharteroak.org,,,,,,,,,HRSA operating hours per week: 8.00,unknown,,,,,,,,,HRSA Health Center Service Delivery and Look-Alike Sites,https://data.hrsa.gov/DataDownload/DD_Files/Health_Center_Service_Delivery_and_LookAlike_Sites.csv,2026-06-19,"Fields copied from the official HRSA CSV: site name, address, city, state, postal code, phone, website, HRSA geocoding coordinates, county/FIPS, operating hours per week, site status, and location setting. Site status: Active. Location setting: School. Operational schedule: Unknown. Daily hours, services, price, insurance, and accessibility fields were not supplied by this intake.",BPS-H80-036696,Health Center Service Delivery and Look-Alike Sites,2026-06-19,2026-06-19,needs_review,
hrsa-bps-h80-014741,Spencer Elementary School SBHC,community_health_center,207 Westfield St,Middletown,CT,09,Lower Connecticut River Valley Planning Region,09130,06457-2042,41.56298000,-72.67714002,860-344-0711,,,,,,,,,,HRSA operating hours per week: 20.00,unknown,,,,,,,,,HRSA Health Center Service Delivery and Look-Alike Sites,https://data.hrsa.gov/DataDownload/DD_Files/Health_Center_Service_Delivery_and_LookAlike_Sites.csv,2026-06-19,"Fields copied from the official HRSA CSV: site name, address, city, state, postal code, phone, website, HRSA geocoding coordinates, county/FIPS, operating hours per week, site status, and location setting. Site status: Active. Location setting: School. Operational schedule: Unknown. Daily hours, services, price, insurance, and accessibility fields were not supplied by this intake.",BPS-H80-014741,Health Center Service Delivery and Look-Alike Sites,2026-06-19,2026-06-19,needs_review,
hrsa-bps-h80-032604,Mobile Medical Unit #1,community_health_center,46 Albion St,Bridgeport,CT,09,Greater Bridgeport Planning Region,09120,06605-2602,41.16476953,-73.21668958,203-332-3501,,,,,,,,,,HRSA operating hours per week: 30.00,unknown,,,,,,,,,HRSA Health Center Service Delivery and Look-Alike Sites,https://data.hrsa.gov/DataDownload/DD_Files/Health_Center_Service_Delivery_and_LookAlike_Sites.csv,2026-06-19,"Fields copied from the official HRSA CSV: site name, address, city, state, postal code, phone, website, HRSA geocoding coordinates, county/FIPS, operating hours per week, site status, and location setting. Site status: Active. Location setting: All Other Clinic Types. Operational schedule: Unknown. Daily hours, services, price, insurance, and accessibility fields were not supplied by this intake.",BPS-H80-032604,Health Center Service Delivery and Look-Alike Sites,2026-06-19,2026-06-19,needs_review,
hrsa-bps-h80-004048,HILL CENTRAL SCHOOL CLINIC,community_health_center,140 Dewitt St,New Haven,CT,09,South Central Connecticut Planning Region,09170,06519-2133,41.29503583,-72.93566088,203-499-6119,www.cornellscott.org,,,,,,,,,HRSA operating hours per week: 37.50,unknown,,,,,,,,,HRSA Health Center Service Delivery and Look-Alike Sites,https://data.hrsa.gov/DataDownload/DD_Files/Health_Center_Service_Delivery_and_LookAlike_Sites.csv,2026-06-19,"Fields copied from the official HRSA CSV: site name, address, city, state, postal code, phone, website, HRSA geocoding coordinates, county/FIPS, operating hours per week, site status, and location setting. Site status: Active. Location setting: School. Operational schedule: Full-Time. Daily hours, services, price, insurance, and accessibility fields were not supplied by this intake.",BPS-H80-004048,Health Center Service Delivery and Look-Alike Sites,2026-06-19,2026-06-19,needs_review,
hrsa-bps-h80-035571,East Hampton High School SBHC,community_health_center,15 N Maple St,East Hampton,CT,09,Lower Connecticut River Valley Planning Region,09130,06424-1098,41.58220054,-72.51338043,860-365-4030,,,,,,,,,,HRSA operating hours per week: 40.00,unknown,,,,,,,,,HRSA Health Center Service Delivery and Look-Alike Sites,https://data.hrsa.gov/DataDownload/DD_Files/Health_Center_Service_Delivery_and_LookAlike_Sites.csv,2026-06-19,"Fields copied from the official HRSA CSV: site name, address, city, state, postal code, phone, website, HRSA geocoding coordinates, county/FIPS, operating hours per week, site status, and location setting. Site status: Active. Location setting: School. Operational schedule: Unknown. Daily hours, services, price, insurance, and accessibility fields were not supplied by this intake.",BPS-H80-035571,Health Center Service Delivery and Look-Alike Sites,2026-06-19,2026-06-19,needs_review,
hrsa-bps-h80-011504,Marine Science Magnet High School of Southeastern CT SBHC,community_health_center,130 Shennecossett Rd,Groton,CT,09,Southeastern Connecticut Planning Region,09180,06340-5117,41.33744997,-72.07169998,860-446-9380,,,,,,,,,,HRSA operating hours per week: 40.00,unknown,,,,,,,,,HRSA Health Center Service Delivery and Look-Alike Sites,https://data.hrsa.gov/DataDownload/DD_Files/Health_Center_Service_Delivery_and_LookAlike_Sites.csv,2026-06-19,"Fields copied from the official HRSA CSV: site name, address, city, state, postal code, phone, website, HRSA geocoding coordinates, county/FIPS, operating hours per week, site status, and location setting. Site status: Active. Location setting: School. Operational schedule: Part-Time. Daily hours, services, price, insurance, and accessibility fields were not supplied by this intake.",BPS-H80-011504,Health Center Service Delivery and Look-Alike Sites,2026-06-19,2026-06-19,needs_review,
hrsa-bps-h80-035578,Toquam Magnet School,community_health_center,123 Ridgewood Ave,Stamford,CT,09,Western Connecticut Planning Region,09190,06907-2600,41.08012002,-73.52399999,203-977-4556,,,,,,,,,,HRSA operating hours per week: 40.00,unknown,,,,,,,,,HRSA Health Center Service Delivery and Look-Alike Sites,https://data.hrsa.gov/DataDownload/DD_Files/Health_Center_Service_Delivery_and_LookAlike_Sites.csv,2026-06-19,"Fields copied from the official HRSA CSV: site name, address, city, state, postal code, phone, website, HRSA geocoding coordinates, county/FIPS, operating hours per week, site status, and location setting. Site status: Active. Location setting: School. Operational schedule: Unknown. Daily hours, services, price, insurance, and accessibility fields were not supplied by this intake.",BPS-H80-035578,Health Center Service Delivery and Look-Alike Sites,2026-06-19,2026-06-19,needs_review,
hrsa-bps-h80-021935,Roxbury Elementary School SBHC,community_health_center,751 W Hill Rd,Stamford,CT,09,Western Connecticut Planning Region,09190,06902-1413,41.08955284,-73.56472959,203-977-4287,,,,,,,,,,HRSA operating hours per week: 40.00,unknown,,,,,,,,,HRSA Health Center Service Delivery and Look-Alike Sites,https://data.hrsa.gov/DataDownload/DD_Files/Health_Center_Service_Delivery_and_LookAlike_Sites.csv,2026-06-19,"Fields copied from the official HRSA CSV: site name, address, city, state, postal code, phone, website, HRSA geocoding coordinates, county/FIPS, operating hours per week, site status, and location setting. Site status: Active. Location setting: School. Operational schedule: Unknown. Daily hours, services, price, insurance, and accessibility fields were not supplied by this intake.",BPS-H80-021935,Health Center Service Delivery and Look-Alike Sites,2026-06-19,2026-06-19,needs_review,
hrsa-bps-h80-030458,Ashford School SBHC,community_health_center,440 Westford Rd,Ashford,CT,09,Northeastern Connecticut Planning Region,09150,06278-2538,41.89248682,-72.17013429,860-429-6419,,,,,,,,,,HRSA operating hours per week: 30.00,unknown,,,,,,,,,HRSA Health Center Service Delivery and Look-Alike Sites,https://data.hrsa.gov/DataDownload/DD_Files/Health_Center_Service_Delivery_and_LookAlike_Sites.csv,2026-06-19,"Fields copied from the official HRSA CSV: site name, address, city, state, postal code, phone, website, HRSA geocoding coordinates, county/FIPS, operating hours per week, site status, and location setting. Site status: Active. Location setting: School. Operational schedule: Unknown. Daily hours, services, price, insurance, and accessibility fields were not supplied by this intake.",BPS-H80-030458,Health Center Service Delivery and Look-Alike Sites,2026-06-19,2026-06-19,needs_review,
hrsa-bps-h80-004279,OPTIMUS Pacific House Shelter,community_health_center,597 Pacific St,Stamford,CT,09,Western Connecticut Planning Region,09190,06902-5814,41.04485760,-73.53797757,203-348-2792,www.optimushealthcare.org,,,,,,,,,HRSA operating hours per week: 12.00,unknown,,,,,,,,,HRSA Health Center Service Delivery and Look-Alike Sites,https://data.hrsa.gov/DataDownload/DD_Files/Health_Center_Service_Delivery_and_LookAlike_Sites.csv,2026-06-19,"Fields copied from the official HRSA CSV: site name, address, city, state, postal code, phone, website, HRSA geocoding coordinates, county/FIPS, operating hours per week, site status, and location setting. Site status: Active. Location setting: All Other Clinic Types. Operational schedule: Full-Time. Daily hours, services, price, insurance, and accessibility fields were not supplied by this intake.",BPS-H80-004279,Health Center Service Delivery and Look-Alike Sites,2026-06-19,2026-06-19,needs_review,
hrsa-bps-h80-018258,First Choice@94 Union Street,community_health_center,94 Union St,Vernon Rockville,CT,09,Capitol Planning Region,09110,06066-3131,41.86777517,-72.45455045,860-528-1359 x446,www.firstchc.org,,,,,,,,,HRSA operating hours per week: 42.00,unknown,,,,,,,,,HRSA Health Center Service Delivery and Look-Alike Sites,https://data.hrsa.gov/DataDownload/DD_Files/Health_Center_Service_Delivery_and_LookAlike_Sites.csv,2026-06-19,"Fields copied from the official HRSA CSV: site name, address, city, state, postal code, phone, website, HRSA geocoding coordinates, county/FIPS, operating hours per week, site status, and location setting. Site status: Active. Location setting: All Other Clinic Types. Operational schedule: Unknown. Daily hours, services, price, insurance, and accessibility fields were not supplied by this intake.",BPS-H80-018258,Health Center Service Delivery and Look-Alike Sites,2026-06-19,2026-06-19,needs_review,
hrsa-bps-h80-024832,Thomas Hooker Elementary School SBHC,community_health_center,70 Overlook Dr,Meriden,CT,09,South Central Connecticut Planning Region,09170,06450-6933,41.51817109,-72.78327240,203-237-8839,,,,,,,,,,HRSA operating hours per week: 20.00,unknown,,,,,,,,,HRSA Health Center Service Delivery and Look-Alike Sites,https://data.hrsa.gov/DataDownload/DD_Files/Health_Center_Service_Delivery_and_LookAlike_Sites.csv,2026-06-19,"Fields copied from the official HRSA CSV: site name, address, city, state, postal code, phone, website, HRSA geocoding coordinates, county/FIPS, operating hours per week, site status, and location setting. Site status: Active. Location setting: School. Operational schedule: Unknown. Daily hours, services, price, insurance, and accessibility fields were not supplied by this intake.",BPS-H80-024832,Health Center Service Delivery and Look-Alike Sites,2026-06-19,2026-06-19,needs_review,
hrsa-bps-h80-007138,MERIDEN HEAD START SBHC,community_health_center,398 Liberty St,Meriden,CT,09,South Central Connecticut Planning Region,09170,06450-4529,41.53574699,-72.78395900,203-238-9311,www.chc1.com,,,,,,,,,HRSA operating hours per week: 20.00,unknown,,,,,,,,,HRSA Health Center Service Delivery and Look-Alike Sites,https://data.hrsa.gov/DataDownload/DD_Files/Health_Center_Service_Delivery_and_LookAlike_Sites.csv,2026-06-19,"Fields copied from the official HRSA CSV: site name, address, city, state, postal code, phone, website, HRSA geocoding coordinates, county/FIPS, operating hours per week, site status, and location setting. Site status: Active. Location setting: School. Operational schedule: Part-Time. Daily hours, services, price, insurance, and accessibility fields were not supplied by this intake.",BPS-H80-007138,Health Center Service Delivery and Look-Alike Sites,2026-06-19,2026-06-19,needs_review,
hrsa-bps-h80-037128,Hall Neighborhood House,community_health_center,52 George E Pipkins Way,Bridgeport,CT,09,Greater Bridgeport Planning Region,09120,06608-2425,41.18375936,-73.17942968,203-330-6000,,,,,,,,,,HRSA operating hours per week: 21.00,unknown,,,,,,,,,HRSA Health Center Service Delivery and Look-Alike Sites,https://data.hrsa.gov/DataDownload/DD_Files/Health_Center_Service_Delivery_and_LookAlike_Sites.csv,2026-06-19,"Fields copied from the official HRSA CSV: site name, address, city, state, postal code, phone, website, HRSA geocoding coordinates, county/FIPS, operating hours per week, site status, and location setting. Site status: Active. Location setting: All Other Clinic Types. Operational schedule: Unknown. Daily hours, services, price, insurance, and accessibility fields were not supplied by this intake.",BPS-H80-037128,Health Center Service Delivery and Look-Alike Sites,2026-06-19,2026-06-19,needs_review,
hrsa-bps-h80-021005,Brookside SBHC,community_health_center,505 S Main St,New Britain,CT,09,Capitol Planning Region,09110,06051-4007,41.65179372,-72.77383802,860-224-6450,,,,,,,,,,HRSA operating hours per week: 20.00,unknown,,,,,,,,,HRSA Health Center Service Delivery and Look-Alike Sites,https://data.hrsa.gov/DataDownload/DD_Files/Health_Center_Service_Delivery_and_LookAlike_Sites.csv,2026-06-19,"Fields copied from the official HRSA CSV: site name, address, city, state, postal code, phone, website, HRSA geocoding coordinates, county/FIPS, operating hours per week, site status, and location setting. Site status: Active. Location setting: School. Operational schedule: Unknown. Daily hours, services, price, insurance, and accessibility fields were not supplied by this intake.",BPS-H80-021005,Health Center Service Delivery and Look-Alike Sites,2026-06-19,2026-06-19,needs_review,
hrsa-bps-h80-012517,EC Goodwin Technical High School SBHC,community_health_center,735 Slater Rd,New Britain,CT,09,Capitol Planning Region,09110,06053-2299,41.68668499,-72.80560576,860-347-6971,,,,,,,,,,HRSA operating hours per week: 40.00,unknown,,,,,,,,,HRSA Health Center Service Delivery and Look-Alike Sites,https://data.hrsa.gov/DataDownload/DD_Files/Health_Center_Service_Delivery_and_LookAlike_Sites.csv,2026-06-19,"Fields copied from the official HRSA CSV: site name, address, city, state, postal code, phone, website, HRSA geocoding coordinates, county/FIPS, operating hours per week, site status, and location setting. Site status: Active. Location setting: School. Operational schedule: Full-Time. Daily hours, services, price, insurance, and accessibility fields were not supplied by this intake.",BPS-H80-012517,Health Center Service Delivery and Look-Alike Sites,2026-06-19,2026-06-19,needs_review,
hrsa-bps-h80-037347,CS-HHC SBHC at Carrigan Intermediate School,community_health_center,2 Tetlow St,West Haven,CT,09,South Central Connecticut Planning Region,09170,06516-1819,41.29112919,-72.97124223,203-503-3000,www.cornellscott.org,,,,,,,,,HRSA operating hours per week: 12.00,unknown,,,,,,,,,HRSA Health Center Service Delivery and Look-Alike Sites,https://data.hrsa.gov/DataDownload/DD_Files/Health_Center_Service_Delivery_and_LookAlike_Sites.csv,2026-06-19,"Fields copied from the official HRSA CSV: site name, address, city, state, postal code, phone, website, HRSA geocoding coordinates, county/FIPS, operating hours per week, site status, and location setting. Site status: Active. Location setting: School. Operational schedule: Unknown. Daily hours, services, price, insurance, and accessibility fields were not supplied by this intake.",BPS-H80-037347,Health Center Service Delivery and Look-Alike Sites,2026-06-19,2026-06-19,needs_review,
hrsa-bps-h80-027474,Eli Whitney School SBHC,community_health_center,94 Middle Rd,Enfield,CT,09,Capitol Planning Region,09110,06082-4594,41.98562917,-72.55580485,860-763-7544,,,,,,,,,,HRSA operating hours per week: 20.00,unknown,,,,,,,,,HRSA Health Center Service Delivery and Look-Alike Sites,https://data.hrsa.gov/DataDownload/DD_Files/Health_Center_Service_Delivery_and_LookAlike_Sites.csv,2026-06-19,"Fields copied from the official HRSA CSV: site name, address, city, state, postal code, phone, website, HRSA geocoding coordinates, county/FIPS, operating hours per week, site status, and location setting. Site status: Active. Location setting: School. Operational schedule: Unknown. Daily hours, services, price, insurance, and accessibility fields were not supplied by this intake.",BPS-H80-027474,Health Center Service Delivery and Look-Alike Sites,2026-06-19,2026-06-19,needs_review,
hrsa-bps-h80-032524,Hall Memorial School SBHC,community_health_center,111 River Rd,Willington,CT,09,Capitol Planning Region,09110,06279-1842,41.85122761,-72.30190753,860-429-9391,,,,,,,,,,HRSA operating hours per week: 20.00,unknown,,,,,,,,,HRSA Health Center Service Delivery and Look-Alike Sites,https://data.hrsa.gov/DataDownload/DD_Files/Health_Center_Service_Delivery_and_LookAlike_Sites.csv,2026-06-19,"Fields copied from the official HRSA CSV: site name, address, city, state, postal code, phone, website, HRSA geocoding coordinates, county/FIPS, operating hours per week, site status, and location setting. Site status: Active. Location setting: School. Operational schedule: Unknown. Daily hours, services, price, insurance, and accessibility fields were not supplied by this intake.",BPS-H80-032524,Health Center Service Delivery and Look-Alike Sites,2026-06-19,2026-06-19,needs_review,
hrsa-bps-h80-018459,Joseph Melillo Middle School SBHC,community_health_center,67 Hudson St,East Haven,CT,09,South Central Connecticut Planning Region,09170,06512-1597,41.28630000,-72.86674001,203-468-3226,,,,,,,,,,HRSA operating hours per week: 20.00,unknown,,,,,,,,,HRSA Health Center Service Delivery and Look-Alike Sites,https://data.hrsa.gov/DataDownload/DD_Files/Health_Center_Service_Delivery_and_LookAlike_Sites.csv,2026-06-19,"Fields copied from the official HRSA CSV: site name, address, city, state, postal code, phone, website, HRSA geocoding coordinates, county/FIPS, operating hours per week, site status, and location setting. Site status: Active. Location setting: School. Operational schedule: Unknown. Daily hours, services, price, insurance, and accessibility fields were not supplied by this intake.",BPS-H80-018459,Health Center Service Delivery and Look-Alike Sites,2026-06-19,2026-06-19,needs_review,
hrsa-bps-h80-014644,Newtown Middle School,community_health_center,11 Queen St,Newtown,CT,09,Western Connecticut Planning Region,09190,06470-2121,41.41135539,-73.30174553,203-426-7642,,,,,,,,,,HRSA operating hours per week: 35.00,unknown,,,,,,,,,HRSA Health Center Service Delivery and Look-Alike Sites,https://data.hrsa.gov/DataDownload/DD_Files/Health_Center_Service_Delivery_and_LookAlike_Sites.csv,2026-06-19,"Fields copied from the official HRSA CSV: site name, address, city, state, postal code, phone, website, HRSA geocoding coordinates, county/FIPS, operating hours per week, site status, and location setting. Site status: Active. Location setting: School. Operational schedule: Unknown. Daily hours, services, price, insurance, and accessibility fields were not supplied by this intake.",BPS-H80-014644,Health Center Service Delivery and Look-Alike Sites,2026-06-19,2026-06-19,needs_review,
hrsa-bps-lal-020932,InterCommunity's School Based Health Center at Langford Elementary School,community_health_center,61 Alps Dr,East Hartford,CT,09,Capitol Planning Region,09110,06108-1499,41.79298998,-72.59946996,860-569-5900 x158,,,,,,,,,,HRSA operating hours per week: 40.00,unknown,,,,,,,,,HRSA Health Center Service Delivery and Look-Alike Sites,https://data.hrsa.gov/DataDownload/DD_Files/Health_Center_Service_Delivery_and_LookAlike_Sites.csv,2026-06-19,"Fields copied from the official HRSA CSV: site name, address, city, state, postal code, phone, website, HRSA geocoding coordinates, county/FIPS, operating hours per week, site status, and location setting. Site status: Active. Location setting: School. Operational schedule: Unknown. Daily hours, services, price, insurance, and accessibility fields were not supplied by this intake.",BPS-LAL-020932,Health Center Service Delivery and Look-Alike Sites,2026-06-19,2026-06-19,needs_review,
hrsa-bps-h80-010487,StayWell South End Health Center II,community_health_center,1309 S Main St,Waterbury,CT,09,Naugatuck Valley Planning Region,09140,06706-1758,41.53862156,-73.03579965,203-597-9044,,,,,,,,,,HRSA operating hours per week: 45.00,unknown,,,,,,,,,HRSA Health Center Service Delivery and Look-Alike Sites,https://data.hrsa.gov/DataDownload/DD_Files/Health_Center_Service_Delivery_and_LookAlike_Sites.csv,2026-06-19,"Fields copied from the official HRSA CSV: site name, address, city, state, postal code, phone, website, HRSA geocoding coordinates, county/FIPS, operating hours per week, site status, and location setting. Site status: Active. Location setting: All Other Clinic Types. Operational schedule: Full-Time. Daily hours, services, price, insurance, and accessibility fields were not supplied by this intake.",BPS-H80-010487,Health Center Service Delivery and Look-Alike Sites,2026-06-19,2026-06-19,needs_review,
hrsa-bps-h80-010881,Smalley Academy SBHC,community_health_center,175 West St,New Britain,CT,09,Capitol Planning Region,09110,06051-1415,41.67681555,-72.77125463,860-225-8647,,,,,,,,,,HRSA operating hours per week: 40.00,unknown,,,,,,,,,HRSA Health Center Service Delivery and Look-Alike Sites,https://data.hrsa.gov/DataDownload/DD_Files/Health_Center_Service_Delivery_and_LookAlike_Sites.csv,2026-06-19,"Fields copied from the official HRSA CSV: site name, address, city, state, postal code, phone, website, HRSA geocoding coordinates, county/FIPS, operating hours per week, site status, and location setting. Site status: Active. Location setting: School. Operational schedule: Full-Time. Daily hours, services, price, insurance, and accessibility fields were not supplied by this intake.",BPS-H80-010881,Health Center Service Delivery and Look-Alike Sites,2026-06-19,2026-06-19,needs_review,
hrsa-bps-h80-007312,Hanover Elementary School - SBHC,community_health_center,208 Main St,Meriden,CT,09,South Central Connecticut Planning Region,09170,06451-5195,41.51896914,-72.83220716,203-235-3496,www.chc1.com,,,,,,,,,HRSA operating hours per week: 40.00,unknown,,,,,,,,,HRSA Health Center Service Delivery and Look-Alike Sites,https://data.hrsa.gov/DataDownload/DD_Files/Health_Center_Service_Delivery_and_LookAlike_Sites.csv,2026-06-19,"Fields copied from the official HRSA CSV: site name, address, city, state, postal code, phone, website, HRSA geocoding coordinates, county/FIPS, operating hours per week, site status, and location setting. Site status: Active. Location setting: School. Operational schedule: Part-Time. Daily hours, services, price, insurance, and accessibility fields were not supplied by this intake.",BPS-H80-007312,Health Center Service Delivery and Look-Alike Sites,2026-06-19,2026-06-19,needs_review,
hrsa-bps-h80-032829,UCFS School Based Health Center at Waterford High School,community_health_center,20 Rope Ferry Rd,Waterford,CT,09,Southeastern Connecticut Planning Region,09180,06385-2894,41.34088999,-72.13025001,860-822-2803,,,,,,,,,,HRSA operating hours per week: 35.00,unknown,,,,,,,,,HRSA Health Center Service Delivery and Look-Alike Sites,https://data.hrsa.gov/DataDownload/DD_Files/Health_Center_Service_Delivery_and_LookAlike_Sites.csv,2026-06-19,"Fields copied from the official HRSA CSV: site name, address, city, state, postal code, phone, website, HRSA geocoding coordinates, county/FIPS, operating hours per week, site status, and location setting. Site status: Active. Location setting: School. Operational schedule: Unknown. Daily hours, services, price, insurance, and accessibility fields were not supplied by this intake.",BPS-H80-032829,Health Center Service Delivery and Look-Alike Sites,2026-06-19,2026-06-19,needs_review,
hrsa-bps-h80-011494,"Generations Family Health Center, Inc.",community_health_center,40 Mansfield Ave,Willimantic,CT,09,Southeastern Connecticut Planning Region,09180,06226-2018,41.71538911,-72.22564445,860-450-7471,www.genhealth.org,,,,,,,,,HRSA operating hours per week: 52.50,unknown,,,,,,,,,HRSA Health Center Service Delivery and Look-Alike Sites,https://data.hrsa.gov/DataDownload/DD_Files/Health_Center_Service_Delivery_and_LookAlike_Sites.csv,2026-06-19,"Fields copied from the official HRSA CSV: site name, address, city, state, postal code, phone, website, HRSA geocoding coordinates, county/FIPS, operating hours per week, site status, and location setting. Site status: Active. Location setting: All Other Clinic Types. Operational schedule: Full-Time. Daily hours, services, price, insurance, and accessibility fields were not supplied by this intake.",BPS-H80-011494,Health Center Service Delivery and Look-Alike Sites,2026-06-19,2026-06-19,needs_review,
hrsa-bps-h80-014098,Stafford Elementary School,community_health_center,11 Levinthal Run,Stafford Springs,CT,09,Capitol Planning Region,09110,06076-3744,41.97197999,-72.30420996,860-347-6971 x3720,,,,,,,,,,HRSA operating hours per week: 20.00,unknown,,,,,,,,,HRSA Health Center Service Delivery and Look-Alike Sites,https://data.hrsa.gov/DataDownload/DD_Files/Health_Center_Service_Delivery_and_LookAlike_Sites.csv,2026-06-19,"Fields copied from the official HRSA CSV: site name, address, city, state, postal code, phone, website, HRSA geocoding coordinates, county/FIPS, operating hours per week, site status, and location setting. Site status: Active. Location setting: School. Operational schedule: Part-Time. Daily hours, services, price, insurance, and accessibility fields were not supplied by this intake.",BPS-H80-014098,Health Center Service Delivery and Look-Alike Sites,2026-06-19,2026-06-19,needs_review,
hrsa-bps-h80-005005,"CHARTER OAK HEALTH CENTER, INC.",community_health_center,21 Grand St,Hartford,CT,09,Capitol Planning Region,09110,06106-1541,41.75925727,-72.68553391,860-550-7500,www.thecharteroak.org,,,,,,,,,HRSA operating hours per week: 94.50,unknown,,,,,,,,,HRSA Health Center Service Delivery and Look-Alike Sites,https://data.hrsa.gov/DataDownload/DD_Files/Health_Center_Service_Delivery_and_LookAlike_Sites.csv,2026-06-19,"Fields copied from the official HRSA CSV: site name, address, city, state, postal code, phone, website, HRSA geocoding coordinates, county/FIPS, operating hours per week, site status, and location setting. Site status: Active. Location setting: All Other Clinic Types. Operational schedule: Full-Time. Daily hours, services, price, insurance, and accessibility fields were not supplied by this intake.",BPS-H80-005005,Health Center Service Delivery and Look-Alike Sites,2026-06-19,2026-06-19,needs_review,
hrsa-bps-h80-035412,W.Y.A. Liberations,community_health_center,119 Main St,Stamford,CT,09,Western Connecticut Planning Region,09190,06901-2818,41.05254301,-73.54346001,860-347-6971,,,,,,,,,,HRSA operating hours per week: 8.00,unknown,,,,,,,,,HRSA Health Center Service Delivery and Look-Alike Sites,https://data.hrsa.gov/DataDownload/DD_Files/Health_Center_Service_Delivery_and_LookAlike_Sites.csv,2026-06-19,"Fields copied from the official HRSA CSV: site name, address, city, state, postal code, phone, website, HRSA geocoding coordinates, county/FIPS, operating hours per week, site status, and location setting. Site status: Active. Location setting: All Other Clinic Types. Operational schedule: Unknown. Daily hours, services, price, insurance, and accessibility fields were not supplied by this intake.",BPS-H80-035412,Health Center Service Delivery and Look-Alike Sites,2026-06-19,2026-06-19,needs_review,
hrsa-bps-h80-040161,CS-HHC at 266 State Street,community_health_center,266 State St,New Haven,CT,09,South Central Connecticut Planning Region,09170,06510-3117,41.30387371,-72.92376520,203-503-3000,,,,,,,,,,HRSA operating hours per week: 9.00,unknown,,,,,,,,,HRSA Health Center Service Delivery and Look-Alike Sites,https://data.hrsa.gov/DataDownload/DD_Files/Health_Center_Service_Delivery_and_LookAlike_Sites.csv,2026-06-19,"Fields copied from the official HRSA CSV: site name, address, city, state, postal code, phone, website, HRSA geocoding coordinates, county/FIPS, operating hours per week, site status, and location setting. Site status: Active. Location setting: All Other Clinic Types. Operational schedule: Unknown. Daily hours, services, price, insurance, and accessibility fields were not supplied by this intake.",BPS-H80-040161,Health Center Service Delivery and Look-Alike Sites,2026-06-19,2026-06-19,needs_review,
hrsa-bps-h80-037154,CS-HHC at the Ridge Hill Elementary School,community_health_center,120 Carew Rd,Hamden,CT,09,South Central Connecticut Planning Region,09170,06517-2906,41.34645369,-72.89759489,203-503-3000,,,,,,,,,,HRSA operating hours per week: 20.00,unknown,,,,,,,,,HRSA Health Center Service Delivery and Look-Alike Sites,https://data.hrsa.gov/DataDownload/DD_Files/Health_Center_Service_Delivery_and_LookAlike_Sites.csv,2026-06-19,"Fields copied from the official HRSA CSV: site name, address, city, state, postal code, phone, website, HRSA geocoding coordinates, county/FIPS, operating hours per week, site status, and location setting. Site status: Active. Location setting: School. Operational schedule: Unknown. Daily hours, services, price, insurance, and accessibility fields were not supplied by this intake.",BPS-H80-037154,Health Center Service Delivery and Look-Alike Sites,2026-06-19,2026-06-19,needs_review,
hrsa-bps-h80-011163,COMMUNITY HEALTH CENTER OF BRISTOL,community_health_center,395 N Main St,Bristol,CT,09,Naugatuck Valley Planning Region,09140,06010-4924,41.67934336,-72.94779721,860-585-5000,,,,,,,,,,HRSA operating hours per week: 46.50,unknown,,,,,,,,,HRSA Health Center Service Delivery and Look-Alike Sites,https://data.hrsa.gov/DataDownload/DD_Files/Health_Center_Service_Delivery_and_LookAlike_Sites.csv,2026-06-19,"Fields copied from the official HRSA CSV: site name, address, city, state, postal code, phone, website, HRSA geocoding coordinates, county/FIPS, operating hours per week, site status, and location setting. Site status: Active. Location setting: All Other Clinic Types. Operational schedule: Full-Time. Daily hours, services, price, insurance, and accessibility fields were not supplied by this intake.",BPS-H80-011163,Health Center Service Delivery and Look-Alike Sites,2026-06-19,2026-06-19,needs_review,
hrsa-bps-h80-029971,Northeast Elementary School SBHC,community_health_center,82 Scofieldtown Rd,Stamford,CT,09,Western Connecticut Planning Region,09190,06903-4097,41.12231070,-73.54671998,203-977-4469,,,,,,,,,,HRSA operating hours per week: 20.00,unknown,,,,,,,,,HRSA Health Center Service Delivery and Look-Alike Sites,https://data.hrsa.gov/DataDownload/DD_Files/Health_Center_Service_Delivery_and_LookAlike_Sites.csv,2026-06-19,"Fields copied from the official HRSA CSV: site name, address, city, state, postal code, phone, website, HRSA geocoding coordinates, county/FIPS, operating hours per week, site status, and location setting. Site status: Active. Location setting: School. Operational schedule: Unknown. Daily hours, services, price, insurance, and accessibility fields were not supplied by this intake.",BPS-H80-029971,Health Center Service Delivery and Look-Alike Sites,2026-06-19,2026-06-19,needs_review,
hrsa-bps-h80-036135,Stillmeadow Elementary SBHC,community_health_center,800 Stillwater Rd,Stamford,CT,09,Western Connecticut Planning Region,09190,06902-1899,41.06957005,-73.55903559,203-977-4866,,,,,,,,,,HRSA operating hours per week: 35.00,unknown,,,,,,,,,HRSA Health Center Service Delivery and Look-Alike Sites,https://data.hrsa.gov/DataDownload/DD_Files/Health_Center_Service_Delivery_and_LookAlike_Sites.csv,2026-06-19,"Fields copied from the official HRSA CSV: site name, address, city, state, postal code, phone, website, HRSA geocoding coordinates, county/FIPS, operating hours per week, site status, and location setting. Site status: Active. Location setting: School. Operational schedule: Unknown. Daily hours, services, price, insurance, and accessibility fields were not supplied by this intake.",BPS-H80-036135,Health Center Service Delivery and Look-Alike Sites,2026-06-19,2026-06-19,needs_review,
hrsa-bps-h80-035102,Northville Elementary School,community_health_center,22 Hipp Rd,New Milford,CT,09,Western Connecticut Planning Region,09190,06776-2298,41.61847163,-73.39413766,860-354-3713,,,,,,,,,,HRSA operating hours per week: 21.00,unknown,,,,,,,,,HRSA Health Center Service Delivery and Look-Alike Sites,https://data.hrsa.gov/DataDownload/DD_Files/Health_Center_Service_Delivery_and_LookAlike_Sites.csv,2026-06-19,"Fields copied from the official HRSA CSV: site name, address, city, state, postal code, phone, website, HRSA geocoding coordinates, county/FIPS, operating hours per week, site status, and location setting. Site status: Active. Location setting: School. Operational schedule: Unknown. Daily hours, services, price, insurance, and accessibility fields were not supplied by this intake.",BPS-H80-035102,Health Center Service Delivery and Look-Alike Sites,2026-06-19,2026-06-19,needs_review,
hrsa-bps-h80-037860,GFHC Mobile Health Unit,community_health_center,40 Mansfield Ave,Willimantic,CT,09,Southeastern Connecticut Planning Region,09180,06226-2018,41.71538911,-72.22564445,860-450-7471,www.genhealth.org,,,,,,,,,HRSA operating hours per week: 20.00,unknown,,,,,,,,,HRSA Health Center Service Delivery and Look-Alike Sites,https://data.hrsa.gov/DataDownload/DD_Files/Health_Center_Service_Delivery_and_LookAlike_Sites.csv,2026-06-19,"Fields copied from the official HRSA CSV: site name, address, city, state, postal code, phone, website, HRSA geocoding coordinates, county/FIPS, operating hours per week, site status, and location setting. Site status: Active. Location setting: All Other Clinic Types. Operational schedule: Unknown. Daily hours, services, price, insurance, and accessibility fields were not supplied by this intake.",BPS-H80-037860,Health Center Service Delivery and Look-Alike Sites,2026-06-19,2026-06-19,needs_review,
hrsa-bps-h80-021426,Hartford Family Health & Wellness Center,community_health_center,43 Woodland St,Hartford,CT,09,Capitol Planning Region,09110,06105-2363,41.77060045,-72.70278814,860-793-3500,www.wheelerclinic.org,,,,,,,,,HRSA operating hours per week: 54.00,unknown,,,,,,,,,HRSA Health Center Service Delivery and Look-Alike Sites,https://data.hrsa.gov/DataDownload/DD_Files/Health_Center_Service_Delivery_and_LookAlike_Sites.csv,2026-06-19,"Fields copied from the official HRSA CSV: site name, address, city, state, postal code, phone, website, HRSA geocoding coordinates, county/FIPS, operating hours per week, site status, and location setting. Site status: Active. Location setting: All Other Clinic Types. Operational schedule: Unknown. Daily hours, services, price, insurance, and accessibility fields were not supplied by this intake.",BPS-H80-021426,Health Center Service Delivery and Look-Alike Sites,2026-06-19,2026-06-19,needs_review,
hrsa-bps-h80-032528,Center Elementary School SBHC,community_health_center,12 Old Farms Rd,Willington,CT,09,Capitol Planning Region,09110,06279-1732,41.87309340,-72.26284216,860-429-9367,,,,,,,,,,HRSA operating hours per week: 20.00,unknown,,,,,,,,,HRSA Health Center Service Delivery and Look-Alike Sites,https://data.hrsa.gov/DataDownload/DD_Files/Health_Center_Service_Delivery_and_LookAlike_Sites.csv,2026-06-19,"Fields copied from the official HRSA CSV: site name, address, city, state, postal code, phone, website, HRSA geocoding coordinates, county/FIPS, operating hours per week, site status, and location setting. Site status: Active. Location setting: School. Operational schedule: Unknown. Daily hours, services, price, insurance, and accessibility fields were not supplied by this intake.",BPS-H80-032528,Health Center Service Delivery and Look-Alike Sites,2026-06-19,2026-06-19,needs_review,
hrsa-bps-h80-029832,Waterbury Health & Wellness Center,community_health_center,855 Lakewood Rd,Waterbury,CT,09,Naugatuck Valley Planning Region,09140,06704-5408,41.57119527,-73.00626199,860-793-3500,www.wheelerclinic.org,,,,,,,,,HRSA operating hours per week: 54.00,unknown,,,,,,,,,HRSA Health Center Service Delivery and Look-Alike Sites,https://data.hrsa.gov/DataDownload/DD_Files/Health_Center_Service_Delivery_and_LookAlike_Sites.csv,2026-06-19,"Fields copied from the official HRSA CSV: site name, address, city, state, postal code, phone, website, HRSA geocoding coordinates, county/FIPS, operating hours per week, site status, and location setting. Site status: Active. Location setting: All Other Clinic Types. Operational schedule: Unknown. Daily hours, services, price, insurance, and accessibility fields were not supplied by this intake.",BPS-H80-029832,Health Center Service Delivery and Look-Alike Sites,2026-06-19,2026-06-19,needs_review,
hrsa-bps-h80-011963,East Windsor Middle School SBHC,community_health_center,38 Main St,Broad Brook,CT,09,Capitol Planning Region,09110,06016-9724,41.92203999,-72.54667997,860-623-4488,,,,,,,,,,HRSA operating hours per week: 20.00,unknown,,,,,,,,,HRSA Health Center Service Delivery and Look-Alike Sites,https://data.hrsa.gov/DataDownload/DD_Files/Health_Center_Service_Delivery_and_LookAlike_Sites.csv,2026-06-19,"Fields copied from the official HRSA CSV: site name, address, city, state, postal code, phone, website, HRSA geocoding coordinates, county/FIPS, operating hours per week, site status, and location setting. Site status: Active. Location setting: School. Operational schedule: Part-Time. Daily hours, services, price, insurance, and accessibility fields were not supplied by this intake.",BPS-H80-011963,Health Center Service Delivery and Look-Alike Sites,2026-06-19,2026-06-19,needs_review,
hrsa-bps-h80-019639,Greene-Hills School,community_health_center,718 Pine St,Bristol,CT,09,Naugatuck Valley Planning Region,09140,06010-6900,41.66751247,-72.89578599,860-793-3884,www.wheelerclinic.org,,,,,,,,,HRSA operating hours per week: 40.00,unknown,,,,,,,,,HRSA Health Center Service Delivery and Look-Alike Sites,https://data.hrsa.gov/DataDownload/DD_Files/Health_Center_Service_Delivery_and_LookAlike_Sites.csv,2026-06-19,"Fields copied from the official HRSA CSV: site name, address, city, state, postal code, phone, website, HRSA geocoding coordinates, county/FIPS, operating hours per week, site status, and location setting. Site status: Active. Location setting: School. Operational schedule: Unknown. Daily hours, services, price, insurance, and accessibility fields were not supplied by this intake.",BPS-H80-019639,Health Center Service Delivery and Look-Alike Sites,2026-06-19,2026-06-19,needs_review,
hrsa-bps-h80-034750,Hill and Plain Elementary School,community_health_center,60 Old Town Park Rd,New Milford,CT,09,Western Connecticut Planning Region,09190,06776-4299,41.53430630,-73.43053339,860-354-5430,,,,,,,,,,HRSA operating hours per week: 15.00,unknown,,,,,,,,,HRSA Health Center Service Delivery and Look-Alike Sites,https://data.hrsa.gov/DataDownload/DD_Files/Health_Center_Service_Delivery_and_LookAlike_Sites.csv,2026-06-19,"Fields copied from the official HRSA CSV: site name, address, city, state, postal code, phone, website, HRSA geocoding coordinates, county/FIPS, operating hours per week, site status, and location setting. Site status: Active. Location setting: School. Operational schedule: Unknown. Daily hours, services, price, insurance, and accessibility fields were not supplied by this intake.",BPS-H80-034750,Health Center Service Delivery and Look-Alike Sites,2026-06-19,2026-06-19,needs_review,
hrsa-bps-h80-005818,FELLOWSHIP PLACE HOMELESS OUTREA,community_health_center,441 Elm St,New Haven,CT,09,South Central Connecticut Planning Region,09170,06511-4511,41.31263502,-72.93545301,203-865-3719,www.cornellscott.org,,,,,,,,,HRSA operating hours per week: 2.00,unknown,,,,,,,,,HRSA Health Center Service Delivery and Look-Alike Sites,https://data.hrsa.gov/DataDownload/DD_Files/Health_Center_Service_Delivery_and_LookAlike_Sites.csv,2026-06-19,"Fields copied from the official HRSA CSV: site name, address, city, state, postal code, phone, website, HRSA geocoding coordinates, county/FIPS, operating hours per week, site status, and location setting. Site status: Active. Location setting: All Other Clinic Types. Operational schedule: Part-Time. Daily hours, services, price, insurance, and accessibility fields were not supplied by this intake.",BPS-H80-005818,Health Center Service Delivery and Look-Alike Sites,2026-06-19,2026-06-19,needs_review,
hrsa-bps-h80-000729,COMMUNITY HEALTH CENTER OF NEW LONDON,community_health_center,1 Shaws Cv,New London,CT,09,Southeastern Connecticut Planning Region,09180,06320-4902,41.34582798,-72.10087890,860-447-8304,www.chc1.com,,,,,,,,,HRSA operating hours per week: 61.00,unknown,,,,,,,,,HRSA Health Center Service Delivery and Look-Alike Sites,https://data.hrsa.gov/DataDownload/DD_Files/Health_Center_Service_Delivery_and_LookAlike_Sites.csv,2026-06-19,"Fields copied from the official HRSA CSV: site name, address, city, state, postal code, phone, website, HRSA geocoding coordinates, county/FIPS, operating hours per week, site status, and location setting. Site status: Active. Location setting: All Other Clinic Types. Operational schedule: Full-Time. Daily hours, services, price, insurance, and accessibility fields were not supplied by this intake.",BPS-H80-000729,Health Center Service Delivery and Look-Alike Sites,2026-06-19,2026-06-19,needs_review,
hrsa-bps-h80-039763,Wilcoxson Elementary School SBHC,community_health_center,600 Wilcoxson Ave,Stratford,CT,09,Greater Bridgeport Planning Region,09120,06614-4298,41.20783998,-73.12236996,203-385-4196,,,,,,,,,,HRSA operating hours per week: 24.00,unknown,,,,,,,,,HRSA Health Center Service Delivery and Look-Alike Sites,https://data.hrsa.gov/DataDownload/DD_Files/Health_Center_Service_Delivery_and_LookAlike_Sites.csv,2026-06-19,"Fields copied from the official HRSA CSV: site name, address, city, state, postal code, phone, website, HRSA geocoding coordinates, county/FIPS, operating hours per week, site status, and location setting. Site status: Active. Location setting: School. Operational schedule: Unknown. Daily hours, services, price, insurance, and accessibility fields were not supplied by this intake.",BPS-H80-039763,Health Center Service Delivery and Look-Alike Sites,2026-06-19,2026-06-19,needs_review,
hrsa-bps-h80-033393,CS-HHC at Beth-El Center Homeless Clinic,community_health_center,90 New Haven Ave,Milford,CT,09,South Central Connecticut Planning Region,09170,06460-4827,41.22316105,-73.05341145,203-503-3000,www.cornellscott.org,,,,,,,,,HRSA operating hours per week: 2.00,unknown,,,,,,,,,HRSA Health Center Service Delivery and Look-Alike Sites,https://data.hrsa.gov/DataDownload/DD_Files/Health_Center_Service_Delivery_and_LookAlike_Sites.csv,2026-06-19,"Fields copied from the official HRSA CSV: site name, address, city, state, postal code, phone, website, HRSA geocoding coordinates, county/FIPS, operating hours per week, site status, and location setting. Site status: Active. Location setting: All Other Clinic Types. Operational schedule: Unknown. Daily hours, services, price, insurance, and accessibility fields were not supplied by this intake.",BPS-H80-033393,Health Center Service Delivery and Look-Alike Sites,2026-06-19,2026-06-19,needs_review,
hrsa-bps-h80-035636,Middlefield Memorial School SBHC,community_health_center,124 Hubbard St,Middlefield,CT,09,Lower Connecticut River Valley Planning Region,09130,06455-1218,41.52337572,-72.69241789,860-349-7235,,,,,,,,,,HRSA operating hours per week: 20.00,unknown,,,,,,,,,HRSA Health Center Service Delivery and Look-Alike Sites,https://data.hrsa.gov/DataDownload/DD_Files/Health_Center_Service_Delivery_and_LookAlike_Sites.csv,2026-06-19,"Fields copied from the official HRSA CSV: site name, address, city, state, postal code, phone, website, HRSA geocoding coordinates, county/FIPS, operating hours per week, site status, and location setting. Site status: Active. Location setting: School. Operational schedule: Unknown. Daily hours, services, price, insurance, and accessibility fields were not supplied by this intake.",BPS-H80-035636,Health Center Service Delivery and Look-Alike Sites,2026-06-19,2026-06-19,needs_review,
hrsa-bps-h80-006005,"YWCA OF THE HARTFORD REGION, INC",community_health_center,135 Broad St,Hartford,CT,09,Capitol Planning Region,09110,06105-3718,41.76750774,-72.68658307,860-525-1163,www.thecharteroak.org,,,,,,,,,HRSA operating hours per week: 2.00,unknown,,,,,,,,,HRSA Health Center Service Delivery and Look-Alike Sites,https://data.hrsa.gov/DataDownload/DD_Files/Health_Center_Service_Delivery_and_LookAlike_Sites.csv,2026-06-19,"Fields copied from the official HRSA CSV: site name, address, city, state, postal code, phone, website, HRSA geocoding coordinates, county/FIPS, operating hours per week, site status, and location setting. Site status: Active. Location setting: All Other Clinic Types. Operational schedule: Part-Time. Daily hours, services, price, insurance, and accessibility fields were not supplied by this intake.",BPS-H80-006005,Health Center Service Delivery and Look-Alike Sites,2026-06-19,2026-06-19,needs_review,
hrsa-bps-h80-040414,Wheeler Mobile Health & Wellness #2,community_health_center,43 Woodland St,Hartford,CT,09,Capitol Planning Region,09110,06105-2363,41.77060045,-72.70278814,860-793-3500,www.wheelerclinic.org,,,,,,,,,HRSA operating hours per week: 16.00,unknown,,,,,,,,,HRSA Health Center Service Delivery and Look-Alike Sites,https://data.hrsa.gov/DataDownload/DD_Files/Health_Center_Service_Delivery_and_LookAlike_Sites.csv,2026-06-19,"Fields copied from the official HRSA CSV: site name, address, city, state, postal code, phone, website, HRSA geocoding coordinates, county/FIPS, operating hours per week, site status, and location setting. Site status: Active. Location setting: All Other Clinic Types. Operational schedule: Unknown. Daily hours, services, price, insurance, and accessibility fields were not supplied by this intake.",BPS-H80-040414,Health Center Service Delivery and Look-Alike Sites,2026-06-19,2026-06-19,needs_review,
hrsa-bps-h80-038646,Geraldine W. Johnson School,community_health_center,475 Lexington Ave,Bridgeport,CT,09,Greater Bridgeport Planning Region,09120,06604-2604,41.18477663,-73.20385354,203-275-2500,,,,,,,,,,HRSA operating hours per week: 35.00,unknown,,,,,,,,,HRSA Health Center Service Delivery and Look-Alike Sites,https://data.hrsa.gov/DataDownload/DD_Files/Health_Center_Service_Delivery_and_LookAlike_Sites.csv,2026-06-19,"Fields copied from the official HRSA CSV: site name, address, city, state, postal code, phone, website, HRSA geocoding coordinates, county/FIPS, operating hours per week, site status, and location setting. Site status: Active. Location setting: School. Operational schedule: Unknown. Daily hours, services, price, insurance, and accessibility fields were not supplied by this intake.",BPS-H80-038646,Health Center Service Delivery and Look-Alike Sites,2026-06-19,2026-06-19,needs_review,
hrsa-bps-h80-006037,Nathan Hale Elementary School - SBHC,community_health_center,277 Atkins Street Ext,Meriden,CT,09,South Central Connecticut Planning Region,09170,06450-3405,41.54276000,-72.77341004,203-235-3495,www.chc1.com,,,,,,,,,HRSA operating hours per week: 40.00,unknown,,,,,,,,,HRSA Health Center Service Delivery and Look-Alike Sites,https://data.hrsa.gov/DataDownload/DD_Files/Health_Center_Service_Delivery_and_LookAlike_Sites.csv,2026-06-19,"Fields copied from the official HRSA CSV: site name, address, city, state, postal code, phone, website, HRSA geocoding coordinates, county/FIPS, operating hours per week, site status, and location setting. Site status: Active. Location setting: School. Operational schedule: Part-Time. Daily hours, services, price, insurance, and accessibility fields were not supplied by this intake.",BPS-H80-006037,Health Center Service Delivery and Look-Alike Sites,2026-06-19,2026-06-19,needs_review,
hrsa-bps-h80-010147,COMMUNITY HEALTH CENTER OF MIDDLETOWN,community_health_center,675 Main St,Middletown,CT,09,Lower Connecticut River Valley Planning Region,09130,06457-2732,41.56505301,-72.65289378,860-347-6971,www.chc1.com,,,,,,,,,HRSA operating hours per week: 61.00,unknown,,,,,,,,,HRSA Health Center Service Delivery and Look-Alike Sites,https://data.hrsa.gov/DataDownload/DD_Files/Health_Center_Service_Delivery_and_LookAlike_Sites.csv,2026-06-19,"Fields copied from the official HRSA CSV: site name, address, city, state, postal code, phone, website, HRSA geocoding coordinates, county/FIPS, operating hours per week, site status, and location setting. Site status: Active. Location setting: All Other Clinic Types. Operational schedule: Full-Time. Daily hours, services, price, insurance, and accessibility fields were not supplied by this intake.",BPS-H80-010147,Health Center Service Delivery and Look-Alike Sites,2026-06-19,2026-06-19,needs_review,
hrsa-bps-h80-031389,Bristol Preparatory Academy/Adult Education Center SBHC,community_health_center,210 Redstone Hill Rd STE 5,Bristol,CT,09,Naugatuck Valley Planning Region,09140,06010-7796,41.65765950,-72.90707465,860-584-7865,,,,,,,,,,HRSA operating hours per week: 40.00,unknown,,,,,,,,,HRSA Health Center Service Delivery and Look-Alike Sites,https://data.hrsa.gov/DataDownload/DD_Files/Health_Center_Service_Delivery_and_LookAlike_Sites.csv,2026-06-19,"Fields copied from the official HRSA CSV: site name, address, city, state, postal code, phone, website, HRSA geocoding coordinates, county/FIPS, operating hours per week, site status, and location setting. Site status: Active. Location setting: School. Operational schedule: Unknown. Daily hours, services, price, insurance, and accessibility fields were not supplied by this intake.",BPS-H80-031389,Health Center Service Delivery and Look-Alike Sites,2026-06-19,2026-06-19,needs_review,
hrsa-bps-h80-018818,"444 Center Street, 3rd fl, Manchester CHR",community_health_center,444 Center St,Manchester,CT,09,Capitol Planning Region,09110,06040-3926,41.77286399,-72.53898002,860-528-1359 x351,www.firstchc.org,,,,,,,,,HRSA operating hours per week: 42.50,unknown,,,,,,,,,HRSA Health Center Service Delivery and Look-Alike Sites,https://data.hrsa.gov/DataDownload/DD_Files/Health_Center_Service_Delivery_and_LookAlike_Sites.csv,2026-06-19,"Fields copied from the official HRSA CSV: site name, address, city, state, postal code, phone, website, HRSA geocoding coordinates, county/FIPS, operating hours per week, site status, and location setting. Site status: Active. Location setting: All Other Clinic Types. Operational schedule: Unknown. Daily hours, services, price, insurance, and accessibility fields were not supplied by this intake.",BPS-H80-018818,Health Center Service Delivery and Look-Alike Sites,2026-06-19,2026-06-19,needs_review,
hrsa-bps-h80-037457,Sharon Center School,community_health_center,80 Hilltop Rd,Sharon,CT,09,Northwest Hills Planning Region,09160,06069-2150,41.88187772,-73.47296971,860-364-5153,www.chwctorr.org,,,,,,,,,HRSA operating hours per week: 7.00,unknown,,,,,,,,,HRSA Health Center Service Delivery and Look-Alike Sites,https://data.hrsa.gov/DataDownload/DD_Files/Health_Center_Service_Delivery_and_LookAlike_Sites.csv,2026-06-19,"Fields copied from the official HRSA CSV: site name, address, city, state, postal code, phone, website, HRSA geocoding coordinates, county/FIPS, operating hours per week, site status, and location setting. Site status: Active. Location setting: School. Operational schedule: Unknown. Daily hours, services, price, insurance, and accessibility fields were not supplied by this intake.",BPS-H80-037457,Health Center Service Delivery and Look-Alike Sites,2026-06-19,2026-06-19,needs_review,
hrsa-bps-h80-035580,Stratford Academy Johnson House SBHC,community_health_center,719 Birdseye St,Stratford,CT,09,Greater Bridgeport Planning Region,09120,06615-6827,41.17984974,-73.13929075,203-385-4180,,,,,,,,,,HRSA operating hours per week: 40.00,unknown,,,,,,,,,HRSA Health Center Service Delivery and Look-Alike Sites,https://data.hrsa.gov/DataDownload/DD_Files/Health_Center_Service_Delivery_and_LookAlike_Sites.csv,2026-06-19,"Fields copied from the official HRSA CSV: site name, address, city, state, postal code, phone, website, HRSA geocoding coordinates, county/FIPS, operating hours per week, site status, and location setting. Site status: Active. Location setting: School. Operational schedule: Unknown. Daily hours, services, price, insurance, and accessibility fields were not supplied by this intake.",BPS-H80-035580,Health Center Service Delivery and Look-Alike Sites,2026-06-19,2026-06-19,needs_review,
hrsa-bps-h80-035190,45 Wadsworth Street,community_health_center,45 Wadsworth St,Hartford,CT,09,Capitol Planning Region,09110,06106-7108,41.75897035,-72.67964160,860-550-7500,www.thecharteroak.org,,,,,,,,,HRSA operating hours per week: 4.00,unknown,,,,,,,,,HRSA Health Center Service Delivery and Look-Alike Sites,https://data.hrsa.gov/DataDownload/DD_Files/Health_Center_Service_Delivery_and_LookAlike_Sites.csv,2026-06-19,"Fields copied from the official HRSA CSV: site name, address, city, state, postal code, phone, website, HRSA geocoding coordinates, county/FIPS, operating hours per week, site status, and location setting. Site status: Active. Location setting: All Other Clinic Types. Operational schedule: Unknown. Daily hours, services, price, insurance, and accessibility fields were not supplied by this intake.",BPS-H80-035190,Health Center Service Delivery and Look-Alike Sites,2026-06-19,2026-06-19,needs_review,
hrsa-bps-h80-041221,Driggs Elementary School SBHC,community_health_center,77 Woodlawn Ter,Waterbury,CT,09,Naugatuck Valley Planning Region,09140,06710-1799,41.56366262,-73.04282947,203-574-8160,,,,,,,,,,HRSA operating hours per week: 24.00,unknown,,,,,,,,,HRSA Health Center Service Delivery and Look-Alike Sites,https://data.hrsa.gov/DataDownload/DD_Files/Health_Center_Service_Delivery_and_LookAlike_Sites.csv,2026-06-19,"Fields copied from the official HRSA CSV: site name, address, city, state, postal code, phone, website, HRSA geocoding coordinates, county/FIPS, operating hours per week, site status, and location setting. Site status: Active. Location setting: School. Operational schedule: Unknown. Daily hours, services, price, insurance, and accessibility fields were not supplied by this intake.",BPS-H80-041221,Health Center Service Delivery and Look-Alike Sites,2026-06-19,2026-06-19,needs_review,
hrsa-bps-h80-035581,Anchor Alternative High School SBHC,community_health_center,299 North St,Stamford,CT,09,Western Connecticut Planning Region,09190,06901-1112,41.05914556,-73.53543474,203-977-6156,,,,,,,,,,HRSA operating hours per week: 40.00,unknown,,,,,,,,,HRSA Health Center Service Delivery and Look-Alike Sites,https://data.hrsa.gov/DataDownload/DD_Files/Health_Center_Service_Delivery_and_LookAlike_Sites.csv,2026-06-19,"Fields copied from the official HRSA CSV: site name, address, city, state, postal code, phone, website, HRSA geocoding coordinates, county/FIPS, operating hours per week, site status, and location setting. Site status: Active. Location setting: School. Operational schedule: Unknown. Daily hours, services, price, insurance, and accessibility fields were not supplied by this intake.",BPS-H80-035581,Health Center Service Delivery and Look-Alike Sites,2026-06-19,2026-06-19,needs_review,
hrsa-bps-h80-021613,Nathan Hale Ray Middle School SBHC,community_health_center,73 Clark Gates Rd,Moodus,CT,09,Lower Connecticut River Valley Planning Region,09130,06469-1222,41.52003138,-72.44493641,860-873-5065,,,,,,,,,,HRSA operating hours per week: 20.00,unknown,,,,,,,,,HRSA Health Center Service Delivery and Look-Alike Sites,https://data.hrsa.gov/DataDownload/DD_Files/Health_Center_Service_Delivery_and_LookAlike_Sites.csv,2026-06-19,"Fields copied from the official HRSA CSV: site name, address, city, state, postal code, phone, website, HRSA geocoding coordinates, county/FIPS, operating hours per week, site status, and location setting. Site status: Active. Location setting: School. Operational schedule: Unknown. Daily hours, services, price, insurance, and accessibility fields were not supplied by this intake.",BPS-H80-021613,Health Center Service Delivery and Look-Alike Sites,2026-06-19,2026-06-19,needs_review,
hrsa-bps-h80-015717,Norwich Technical High School - School Based Health Center,community_health_center,7 Mahan Dr,Norwich,CT,09,Southeastern Connecticut Planning Region,09180,06360-2425,41.54973534,-72.07786035,860-822-4909,www.ucfs.org,,,,,,,,,HRSA operating hours per week: 1.75,unknown,,,,,,,,,HRSA Health Center Service Delivery and Look-Alike Sites,https://data.hrsa.gov/DataDownload/DD_Files/Health_Center_Service_Delivery_and_LookAlike_Sites.csv,2026-06-19,"Fields copied from the official HRSA CSV: site name, address, city, state, postal code, phone, website, HRSA geocoding coordinates, county/FIPS, operating hours per week, site status, and location setting. Site status: Active. Location setting: School. Operational schedule: Unknown. Daily hours, services, price, insurance, and accessibility fields were not supplied by this intake.",BPS-H80-015717,Health Center Service Delivery and Look-Alike Sites,2026-06-19,2026-06-19,needs_review,
hrsa-bps-h80-017536,Fair Haven Community Health Center @ East Haven,community_health_center,370 Hemingway Ave,East Haven,CT,09,South Central Connecticut Planning Region,09170,06512-3240,41.27816000,-72.86884563,203-777-7411,,,,,,,,,,HRSA operating hours per week: 43.50,unknown,,,,,,,,,HRSA Health Center Service Delivery and Look-Alike Sites,https://data.hrsa.gov/DataDownload/DD_Files/Health_Center_Service_Delivery_and_LookAlike_Sites.csv,2026-06-19,"Fields copied from the official HRSA CSV: site name, address, city, state, postal code, phone, website, HRSA geocoding coordinates, county/FIPS, operating hours per week, site status, and location setting. Site status: Active. Location setting: All Other Clinic Types. Operational schedule: Unknown. Daily hours, services, price, insurance, and accessibility fields were not supplied by this intake.",BPS-H80-017536,Health Center Service Delivery and Look-Alike Sites,2026-06-19,2026-06-19,needs_review,
hrsa-bps-h80-011164,FRIENDSHIP SERVICE CENTER OF NEW BRITAIN,community_health_center,241 Arch St,New Britain,CT,09,Capitol Planning Region,09110,06051-2518,41.66246439,-72.78276583,860-225-0211,,,,,,,,,,HRSA operating hours per week: 8.00,unknown,,,,,,,,,HRSA Health Center Service Delivery and Look-Alike Sites,https://data.hrsa.gov/DataDownload/DD_Files/Health_Center_Service_Delivery_and_LookAlike_Sites.csv,2026-06-19,"Fields copied from the official HRSA CSV: site name, address, city, state, postal code, phone, website, HRSA geocoding coordinates, county/FIPS, operating hours per week, site status, and location setting. Site status: Active. Location setting: All Other Clinic Types. Operational schedule: Part-Time. Daily hours, services, price, insurance, and accessibility fields were not supplied by this intake.",BPS-H80-011164,Health Center Service Delivery and Look-Alike Sites,2026-06-19,2026-06-19,needs_review,
hrsa-bps-h80-039762,Second Hill Lane Elementary SBHC,community_health_center,65 2nd Hill Ln,Stratford,CT,09,Greater Bridgeport Planning Region,09120,06614-2547,41.21799000,-73.14962003,203-385-4292,,,,,,,,,,HRSA operating hours per week: 32.00,unknown,,,,,,,,,HRSA Health Center Service Delivery and Look-Alike Sites,https://data.hrsa.gov/DataDownload/DD_Files/Health_Center_Service_Delivery_and_LookAlike_Sites.csv,2026-06-19,"Fields copied from the official HRSA CSV: site name, address, city, state, postal code, phone, website, HRSA geocoding coordinates, county/FIPS, operating hours per week, site status, and location setting. Site status: Active. Location setting: School. Operational schedule: Unknown. Daily hours, services, price, insurance, and accessibility fields were not supplied by this intake.",BPS-H80-039762,Health Center Service Delivery and Look-Alike Sites,2026-06-19,2026-06-19,needs_review,
hrsa-bps-h80-017686,CONNECTICUT PEDIATRICS  @ CHC,community_health_center,76 New Britain Ave,Hartford,CT,09,Capitol Planning Region,09110,06106-3305,41.74657683,-72.68600439,860-547-0970,www.chc1.com,,,,,,,,,HRSA operating hours per week: 64.50,unknown,,,,,,,,,HRSA Health Center Service Delivery and Look-Alike Sites,https://data.hrsa.gov/DataDownload/DD_Files/Health_Center_Service_Delivery_and_LookAlike_Sites.csv,2026-06-19,"Fields copied from the official HRSA CSV: site name, address, city, state, postal code, phone, website, HRSA geocoding coordinates, county/FIPS, operating hours per week, site status, and location setting. Site status: Active. Location setting: All Other Clinic Types. Operational schedule: Unknown. Daily hours, services, price, insurance, and accessibility fields were not supplied by this intake.",BPS-H80-017686,Health Center Service Delivery and Look-Alike Sites,2026-06-19,2026-06-19,needs_review,
hrsa-bps-h80-039837,CREC Head Start at the Roger Wolcott Early Learning Center,community_health_center,451 Windsor Ave,Windsor,CT,09,Capitol Planning Region,09110,06095-4461,41.81627583,-72.65850403,860-524-4063,,,,,,,,,,HRSA operating hours per week: 24.00,unknown,,,,,,,,,HRSA Health Center Service Delivery and Look-Alike Sites,https://data.hrsa.gov/DataDownload/DD_Files/Health_Center_Service_Delivery_and_LookAlike_Sites.csv,2026-06-19,"Fields copied from the official HRSA CSV: site name, address, city, state, postal code, phone, website, HRSA geocoding coordinates, county/FIPS, operating hours per week, site status, and location setting. Site status: Active. Location setting: School. Operational schedule: Unknown. Daily hours, services, price, insurance, and accessibility fields were not supplied by this intake.",BPS-H80-039837,Health Center Service Delivery and Look-Alike Sites,2026-06-19,2026-06-19,needs_review,
hrsa-bps-h80-039711,Family Centers Health Care at 75 Holly Hill,community_health_center,"75 Holly Hill Ln, Suite 102",Greenwich,CT,09,Western Connecticut Planning Region,09190,06830-2911,41.01596971,-73.64744824,203-717-1760,,,,,,,,,,HRSA operating hours per week: 40.00,unknown,,,,,,,,,HRSA Health Center Service Delivery and Look-Alike Sites,https://data.hrsa.gov/DataDownload/DD_Files/Health_Center_Service_Delivery_and_LookAlike_Sites.csv,2026-06-19,"Fields copied from the official HRSA CSV: site name, address, city, state, postal code, phone, website, HRSA geocoding coordinates, county/FIPS, operating hours per week, site status, and location setting. Site status: Active. Location setting: All Other Clinic Types. Operational schedule: Unknown. Daily hours, services, price, insurance, and accessibility fields were not supplied by this intake.",BPS-H80-039711,Health Center Service Delivery and Look-Alike Sites,2026-06-19,2026-06-19,needs_review,
hrsa-bps-h80-015211,Julia A. Stark Elementary School SBHC,community_health_center,398 Glenbrook Rd,Stamford,CT,09,Western Connecticut Planning Region,09190,06906-2197,41.06736758,-73.52207283,203-977-4583,,,,,,,,,,HRSA operating hours per week: 20.00,unknown,,,,,,,,,HRSA Health Center Service Delivery and Look-Alike Sites,https://data.hrsa.gov/DataDownload/DD_Files/Health_Center_Service_Delivery_and_LookAlike_Sites.csv,2026-06-19,"Fields copied from the official HRSA CSV: site name, address, city, state, postal code, phone, website, HRSA geocoding coordinates, county/FIPS, operating hours per week, site status, and location setting. Site status: Active. Location setting: School. Operational schedule: Unknown. Daily hours, services, price, insurance, and accessibility fields were not supplied by this intake.",BPS-H80-015211,Health Center Service Delivery and Look-Alike Sites,2026-06-19,2026-06-19,needs_review,
hrsa-bps-h80-015739,Montville High School - School Based Health Center,community_health_center,800 Old Colchester Rd,Oakdale,CT,09,Southeastern Connecticut Planning Region,09180,06370,41.46131946,-72.16493534,860-848-9208,www.ucfs.org,,,,,,,,,HRSA operating hours per week: 35.00,unknown,,,,,,,,,HRSA Health Center Service Delivery and Look-Alike Sites,https://data.hrsa.gov/DataDownload/DD_Files/Health_Center_Service_Delivery_and_LookAlike_Sites.csv,2026-06-19,"Fields copied from the official HRSA CSV: site name, address, city, state, postal code, phone, website, HRSA geocoding coordinates, county/FIPS, operating hours per week, site status, and location setting. Site status: Active. Location setting: School. Operational schedule: Unknown. Daily hours, services, price, insurance, and accessibility fields were not supplied by this intake.",BPS-H80-015739,Health Center Service Delivery and Look-Alike Sites,2026-06-19,2026-06-19,needs_review,
hrsa-bps-h80-013444,Fairchild Wheeler Interdistrict Magnet Campus - SBHC,community_health_center,840 Old Town Rd,Bridgeport,CT,09,Greater Bridgeport Planning Region,09120,06606-1448,41.22511634,-73.18449427,203-275-2926,,,,,,,,,,HRSA operating hours per week: 37.50,unknown,,,,,,,,,HRSA Health Center Service Delivery and Look-Alike Sites,https://data.hrsa.gov/DataDownload/DD_Files/Health_Center_Service_Delivery_and_LookAlike_Sites.csv,2026-06-19,"Fields copied from the official HRSA CSV: site name, address, city, state, postal code, phone, website, HRSA geocoding coordinates, county/FIPS, operating hours per week, site status, and location setting. Site status: Active. Location setting: School. Operational schedule: Full-Time. Daily hours, services, price, insurance, and accessibility fields were not supplied by this intake.",BPS-H80-013444,Health Center Service Delivery and Look-Alike Sites,2026-06-19,2026-06-19,needs_review,
hrsa-bps-h80-006376,COMMUNITY SOUP KITCHEN-BROADWAY,community_health_center,84 Broadway,New Haven,CT,09,South Central Connecticut Planning Region,09170,06511-3499,41.31198961,-72.93227057,203-624-4594,www.cornellscott.org,,,,,,,,,HRSA operating hours per week: 3.00,unknown,,,,,,,,,HRSA Health Center Service Delivery and Look-Alike Sites,https://data.hrsa.gov/DataDownload/DD_Files/Health_Center_Service_Delivery_and_LookAlike_Sites.csv,2026-06-19,"Fields copied from the official HRSA CSV: site name, address, city, state, postal code, phone, website, HRSA geocoding coordinates, county/FIPS, operating hours per week, site status, and location setting. Site status: Active. Location setting: All Other Clinic Types. Operational schedule: Part-Time. Daily hours, services, price, insurance, and accessibility fields were not supplied by this intake.",BPS-H80-006376,Health Center Service Delivery and Look-Alike Sites,2026-06-19,2026-06-19,needs_review,
hrsa-bps-h80-027473,Prudence Crandall School SBHC,community_health_center,150 Brainard Rd,Enfield,CT,09,Capitol Planning Region,09110,06082-2649,42.01613775,-72.56904809,860-253-6466,,,,,,,,,,HRSA operating hours per week: 20.00,unknown,,,,,,,,,HRSA Health Center Service Delivery and Look-Alike Sites,https://data.hrsa.gov/DataDownload/DD_Files/Health_Center_Service_Delivery_and_LookAlike_Sites.csv,2026-06-19,"Fields copied from the official HRSA CSV: site name, address, city, state, postal code, phone, website, HRSA geocoding coordinates, county/FIPS, operating hours per week, site status, and location setting. Site status: Active. Location setting: School. Operational schedule: Unknown. Daily hours, services, price, insurance, and accessibility fields were not supplied by this intake.",BPS-H80-027473,Health Center Service Delivery and Look-Alike Sites,2026-06-19,2026-06-19,needs_review,
hrsa-bps-h80-010277,First Choice @ Howell Cheney Technical High School,community_health_center,791 Middle Tpke W,Manchester,CT,09,Capitol Planning Region,09110,06040-1899,41.78163996,-72.56170571,860-528-1359 x183,www.firstchc.org,,,,,,,,,HRSA operating hours per week: 10.00,unknown,,,,,,,,,HRSA Health Center Service Delivery and Look-Alike Sites,https://data.hrsa.gov/DataDownload/DD_Files/Health_Center_Service_Delivery_and_LookAlike_Sites.csv,2026-06-19,"Fields copied from the official HRSA CSV: site name, address, city, state, postal code, phone, website, HRSA geocoding coordinates, county/FIPS, operating hours per week, site status, and location setting. Site status: Active. Location setting: School. Operational schedule: Part-Time. Daily hours, services, price, insurance, and accessibility fields were not supplied by this intake.",BPS-H80-010277,Health Center Service Delivery and Look-Alike Sites,2026-06-19,2026-06-19,needs_review,
hrsa-bps-h80-014721,Moody Elementary School SBHC,community_health_center,300 Country Club Rd,Middletown,CT,09,Lower Connecticut River Valley Planning Region,09130,06457-2399,41.56370998,-72.71193003,860-347-2561,,,,,,,,,,HRSA operating hours per week: 20.00,unknown,,,,,,,,,HRSA Health Center Service Delivery and Look-Alike Sites,https://data.hrsa.gov/DataDownload/DD_Files/Health_Center_Service_Delivery_and_LookAlike_Sites.csv,2026-06-19,"Fields copied from the official HRSA CSV: site name, address, city, state, postal code, phone, website, HRSA geocoding coordinates, county/FIPS, operating hours per week, site status, and location setting. Site status: Active. Location setting: School. Operational schedule: Unknown. Daily hours, services, price, insurance, and accessibility fields were not supplied by this intake.",BPS-H80-014721,Health Center Service Delivery and Look-Alike Sites,2026-06-19,2026-06-19,needs_review,
hrsa-bps-h80-014095,Wilcox Technical High School SBHC,community_health_center,298 Oregon Rd,Meriden,CT,09,South Central Connecticut Planning Region,09170,06451-3797,41.52877002,-72.83096999,860-347-6971,,,,,,,,,,HRSA operating hours per week: 40.00,unknown,,,,,,,,,HRSA Health Center Service Delivery and Look-Alike Sites,https://data.hrsa.gov/DataDownload/DD_Files/Health_Center_Service_Delivery_and_LookAlike_Sites.csv,2026-06-19,"Fields copied from the official HRSA CSV: site name, address, city, state, postal code, phone, website, HRSA geocoding coordinates, county/FIPS, operating hours per week, site status, and location setting. Site status: Active. Location setting: School. Operational schedule: Part-Time. Daily hours, services, price, insurance, and accessibility fields were not supplied by this intake.",BPS-H80-014095,Health Center Service Delivery and Look-Alike Sites,2026-06-19,2026-06-19,needs_review,
hrsa-bps-h80-021539,Nathan Hale Ray High School SBHC,community_health_center,15 School Rd,Moodus,CT,09,Lower Connecticut River Valley Planning Region,09130,06469-1167,41.49307283,-72.44362439,860-873-5081,,,,,,,,,,HRSA operating hours per week: 20.00,unknown,,,,,,,,,HRSA Health Center Service Delivery and Look-Alike Sites,https://data.hrsa.gov/DataDownload/DD_Files/Health_Center_Service_Delivery_and_LookAlike_Sites.csv,2026-06-19,"Fields copied from the official HRSA CSV: site name, address, city, state, postal code, phone, website, HRSA geocoding coordinates, county/FIPS, operating hours per week, site status, and location setting. Site status: Active. Location setting: School. Operational schedule: Unknown. Daily hours, services, price, insurance, and accessibility fields were not supplied by this intake.",BPS-H80-021539,Health Center Service Delivery and Look-Alike Sites,2026-06-19,2026-06-19,needs_review,
hrsa-bps-h80-036201,"Cornell Scott-Hill Health Center at  "" Q ""  House 1st Floor",community_health_center,197 Dixwell Ave,New Haven,CT,09,South Central Connecticut Planning Region,09170,06511-3470,41.31880699,-72.93277801,203-503-3000,http://www.cornellscott.org,,,,,,,,,HRSA operating hours per week: 42.50,unknown,,,,,,,,,HRSA Health Center Service Delivery and Look-Alike Sites,https://data.hrsa.gov/DataDownload/DD_Files/Health_Center_Service_Delivery_and_LookAlike_Sites.csv,2026-06-19,"Fields copied from the official HRSA CSV: site name, address, city, state, postal code, phone, website, HRSA geocoding coordinates, county/FIPS, operating hours per week, site status, and location setting. Site status: Active. Location setting: All Other Clinic Types. Operational schedule: Unknown. Daily hours, services, price, insurance, and accessibility fields were not supplied by this intake.",BPS-H80-036201,Health Center Service Delivery and Look-Alike Sites,2026-06-19,2026-06-19,needs_review,
hrsa-bps-h80-010415,Vinal Technical High School SBHC,community_health_center,60 Daniels St,Middletown,CT,09,Lower Connecticut River Valley Planning Region,09130,06457-4918,41.52856001,-72.67469997,860-344-7100,www.chc1.com,,,,,,,,,HRSA operating hours per week: 40.00,unknown,,,,,,,,,HRSA Health Center Service Delivery and Look-Alike Sites,https://data.hrsa.gov/DataDownload/DD_Files/Health_Center_Service_Delivery_and_LookAlike_Sites.csv,2026-06-19,"Fields copied from the official HRSA CSV: site name, address, city, state, postal code, phone, website, HRSA geocoding coordinates, county/FIPS, operating hours per week, site status, and location setting. Site status: Active. Location setting: School. Operational schedule: Full-Time. Daily hours, services, price, insurance, and accessibility fields were not supplied by this intake.",BPS-H80-010415,Health Center Service Delivery and Look-Alike Sites,2026-06-19,2026-06-19,needs_review,
hrsa-bps-h80-002374,COMMUNITY HEALTH CENTER OF DANBURY,community_health_center,8 Delay St,Danbury,CT,09,Western Connecticut Planning Region,09190,06810-6654,41.39482528,-73.45162897,203-797-8330,www.chc1.com,,,,,,,,,HRSA operating hours per week: 47.00,unknown,,,,,,,,,HRSA Health Center Service Delivery and Look-Alike Sites,https://data.hrsa.gov/DataDownload/DD_Files/Health_Center_Service_Delivery_and_LookAlike_Sites.csv,2026-06-19,"Fields copied from the official HRSA CSV: site name, address, city, state, postal code, phone, website, HRSA geocoding coordinates, county/FIPS, operating hours per week, site status, and location setting. Site status: Active. Location setting: All Other Clinic Types. Operational schedule: Full-Time. Daily hours, services, price, insurance, and accessibility fields were not supplied by this intake.",BPS-H80-002374,Health Center Service Delivery and Look-Alike Sites,2026-06-19,2026-06-19,needs_review,
hrsa-bps-h80-013686,Kaynor Technical High School SBHC,community_health_center,43 Tompkins St,Waterbury,CT,09,Naugatuck Valley Planning Region,09140,06708-1494,41.57576999,-73.06603996,860-347-6971,,,,,,,,,,HRSA operating hours per week: 40.00,unknown,,,,,,,,,HRSA Health Center Service Delivery and Look-Alike Sites,https://data.hrsa.gov/DataDownload/DD_Files/Health_Center_Service_Delivery_and_LookAlike_Sites.csv,2026-06-19,"Fields copied from the official HRSA CSV: site name, address, city, state, postal code, phone, website, HRSA geocoding coordinates, county/FIPS, operating hours per week, site status, and location setting. Site status: Active. Location setting: School. Operational schedule: Full-Time. Daily hours, services, price, insurance, and accessibility fields were not supplied by this intake.",BPS-H80-013686,Health Center Service Delivery and Look-Alike Sites,2026-06-19,2026-06-19,needs_review,
hrsa-bps-h80-039935,CS-HHC at Hill Regional Career Magnet High School,community_health_center,140 Legion Ave,New Haven,CT,09,South Central Connecticut Planning Region,09170,06519-5507,41.30587413,-72.94053295,203-503-3000,,,,,,,,,,HRSA operating hours per week: 40.00,unknown,,,,,,,,,HRSA Health Center Service Delivery and Look-Alike Sites,https://data.hrsa.gov/DataDownload/DD_Files/Health_Center_Service_Delivery_and_LookAlike_Sites.csv,2026-06-19,"Fields copied from the official HRSA CSV: site name, address, city, state, postal code, phone, website, HRSA geocoding coordinates, county/FIPS, operating hours per week, site status, and location setting. Site status: Active. Location setting: School. Operational schedule: Unknown. Daily hours, services, price, insurance, and accessibility fields were not supplied by this intake.",BPS-H80-039935,Health Center Service Delivery and Look-Alike Sites,2026-06-19,2026-06-19,needs_review,
hrsa-bps-h80-035583,Center School SBHC,community_health_center,7 Summit St,East Hampton,CT,09,Lower Connecticut River Valley Planning Region,09130,06424-1219,41.57671697,-72.50160336,860-365-4050,,,,,,,,,,HRSA operating hours per week: 20.00,unknown,,,,,,,,,HRSA Health Center Service Delivery and Look-Alike Sites,https://data.hrsa.gov/DataDownload/DD_Files/Health_Center_Service_Delivery_and_LookAlike_Sites.csv,2026-06-19,"Fields copied from the official HRSA CSV: site name, address, city, state, postal code, phone, website, HRSA geocoding coordinates, county/FIPS, operating hours per week, site status, and location setting. Site status: Active. Location setting: School. Operational schedule: Unknown. Daily hours, services, price, insurance, and accessibility fields were not supplied by this intake.",BPS-H80-035583,Health Center Service Delivery and Look-Alike Sites,2026-06-19,2026-06-19,needs_review,
hrsa-bps-h80-034344,FCHC SBHC at Greenwich High School,community_health_center,10 Hillside Rd,Greenwich,CT,09,Western Connecticut Planning Region,09190,06830-4879,41.04006001,-73.61295998,203-625-8021,,,,,,,,,,HRSA operating hours per week: 35.00,unknown,,,,,,,,,HRSA Health Center Service Delivery and Look-Alike Sites,https://data.hrsa.gov/DataDownload/DD_Files/Health_Center_Service_Delivery_and_LookAlike_Sites.csv,2026-06-19,"Fields copied from the official HRSA CSV: site name, address, city, state, postal code, phone, website, HRSA geocoding coordinates, county/FIPS, operating hours per week, site status, and location setting. Site status: Active. Location setting: School. Operational schedule: Unknown. Daily hours, services, price, insurance, and accessibility fields were not supplied by this intake.",BPS-H80-034344,Health Center Service Delivery and Look-Alike Sites,2026-06-19,2026-06-19,needs_review,
hrsa-bps-h80-027279,Harry B. Flood Middle School - SBHC,community_health_center,490 Chapel St,Stratford,CT,09,Greater Bridgeport Planning Region,09120,06614-1692,41.23882297,-73.11940477,203-696-3260,,,,,,,,,,HRSA operating hours per week: 37.50,unknown,,,,,,,,,HRSA Health Center Service Delivery and Look-Alike Sites,https://data.hrsa.gov/DataDownload/DD_Files/Health_Center_Service_Delivery_and_LookAlike_Sites.csv,2026-06-19,"Fields copied from the official HRSA CSV: site name, address, city, state, postal code, phone, website, HRSA geocoding coordinates, county/FIPS, operating hours per week, site status, and location setting. Site status: Active. Location setting: School. Operational schedule: Unknown. Daily hours, services, price, insurance, and accessibility fields were not supplied by this intake.",BPS-H80-027279,Health Center Service Delivery and Look-Alike Sites,2026-06-19,2026-06-19,needs_review,
hrsa-bps-h80-038826,CGC Palmers Hill CGC,community_health_center,64 Palmers Hill Rd,Stamford,CT,09,Western Connecticut Planning Region,09190,06902-2113,41.05912796,-73.56308439,860-347-6971,,,,,,,,,,HRSA operating hours per week: 16.00,unknown,,,,,,,,,HRSA Health Center Service Delivery and Look-Alike Sites,https://data.hrsa.gov/DataDownload/DD_Files/Health_Center_Service_Delivery_and_LookAlike_Sites.csv,2026-06-19,"Fields copied from the official HRSA CSV: site name, address, city, state, postal code, phone, website, HRSA geocoding coordinates, county/FIPS, operating hours per week, site status, and location setting. Site status: Active. Location setting: All Other Clinic Types. Operational schedule: Unknown. Daily hours, services, price, insurance, and accessibility fields were not supplied by this intake.",BPS-H80-038826,Health Center Service Delivery and Look-Alike Sites,2026-06-19,2026-06-19,needs_review,
hrsa-bps-h80-030589,Bristol Preparatory Academy,community_health_center,210 Redstone Hill Rd,Bristol,CT,09,Naugatuck Valley Planning Region,09140,06010-7796,41.65648193,-72.90761093,860-793-3500,www.wheelerclinic.org,,,,,,,,,HRSA operating hours per week: 8.00,unknown,,,,,,,,,HRSA Health Center Service Delivery and Look-Alike Sites,https://data.hrsa.gov/DataDownload/DD_Files/Health_Center_Service_Delivery_and_LookAlike_Sites.csv,2026-06-19,"Fields copied from the official HRSA CSV: site name, address, city, state, postal code, phone, website, HRSA geocoding coordinates, county/FIPS, operating hours per week, site status, and location setting. Site status: Active. Location setting: School. Operational schedule: Unknown. Daily hours, services, price, insurance, and accessibility fields were not supplied by this intake.",BPS-H80-030589,Health Center Service Delivery and Look-Alike Sites,2026-06-19,2026-06-19,needs_review,
hrsa-bps-h80-033665,Vogel Whetmore Elementary School,community_health_center,68 Church St,Torrington,CT,09,Northwest Hills Planning Region,09160,06790-5290,41.80356975,-73.12327830,860-489-2570,www.chwctorr.org,,,,,,,,,HRSA operating hours per week: 16.00,unknown,,,,,,,,,HRSA Health Center Service Delivery and Look-Alike Sites,https://data.hrsa.gov/DataDownload/DD_Files/Health_Center_Service_Delivery_and_LookAlike_Sites.csv,2026-06-19,"Fields copied from the official HRSA CSV: site name, address, city, state, postal code, phone, website, HRSA geocoding coordinates, county/FIPS, operating hours per week, site status, and location setting. Site status: Active. Location setting: School. Operational schedule: Unknown. Daily hours, services, price, insurance, and accessibility fields were not supplied by this intake.",BPS-H80-033665,Health Center Service Delivery and Look-Alike Sites,2026-06-19,2026-06-19,needs_review,
hrsa-bps-h80-037369,Metropolitan Business Academy,community_health_center,115 Water St,New Haven,CT,09,South Central Connecticut Planning Region,09170,06511-5758,41.30096623,-72.91891040,475-220-7700,https://www.metropolitanbusinessacademy.org,,,,,,,,,HRSA operating hours per week: 35.00,unknown,,,,,,,,,HRSA Health Center Service Delivery and Look-Alike Sites,https://data.hrsa.gov/DataDownload/DD_Files/Health_Center_Service_Delivery_and_LookAlike_Sites.csv,2026-06-19,"Fields copied from the official HRSA CSV: site name, address, city, state, postal code, phone, website, HRSA geocoding coordinates, county/FIPS, operating hours per week, site status, and location setting. Site status: Active. Location setting: School. Operational schedule: Unknown. Daily hours, services, price, insurance, and accessibility fields were not supplied by this intake.",BPS-H80-037369,Health Center Service Delivery and Look-Alike Sites,2026-06-19,2026-06-19,needs_review,
hrsa-bps-h80-015769,Springdale Elementary School SBHC,community_health_center,1127 Hope St,Stamford,CT,09,Western Connecticut Planning Region,09190,06907-1891,41.09747403,-73.51865435,203-977-4575,,,,,,,,,,HRSA operating hours per week: 13.00,unknown,,,,,,,,,HRSA Health Center Service Delivery and Look-Alike Sites,https://data.hrsa.gov/DataDownload/DD_Files/Health_Center_Service_Delivery_and_LookAlike_Sites.csv,2026-06-19,"Fields copied from the official HRSA CSV: site name, address, city, state, postal code, phone, website, HRSA geocoding coordinates, county/FIPS, operating hours per week, site status, and location setting. Site status: Active. Location setting: School. Operational schedule: Unknown. Daily hours, services, price, insurance, and accessibility fields were not supplied by this intake.",BPS-H80-015769,Health Center Service Delivery and Look-Alike Sites,2026-06-19,2026-06-19,needs_review,
hrsa-bps-h80-039761,Eli Whitney Elementary SBHC,community_health_center,1130 Huntington Rd,Stratford,CT,09,Greater Bridgeport Planning Region,09120,06614-2796,41.22237998,-73.13420001,203-385-4198,,,,,,,,,,HRSA operating hours per week: 24.00,unknown,,,,,,,,,HRSA Health Center Service Delivery and Look-Alike Sites,https://data.hrsa.gov/DataDownload/DD_Files/Health_Center_Service_Delivery_and_LookAlike_Sites.csv,2026-06-19,"Fields copied from the official HRSA CSV: site name, address, city, state, postal code, phone, website, HRSA geocoding coordinates, county/FIPS, operating hours per week, site status, and location setting. Site status: Active. Location setting: School. Operational schedule: Unknown. Daily hours, services, price, insurance, and accessibility fields were not supplied by this intake.",BPS-H80-039761,Health Center Service Delivery and Look-Alike Sites,2026-06-19,2026-06-19,needs_review,
hrsa-bps-h80-027123,CHC OF STAMFORD @ FIFTH STREET,community_health_center,22 5th St,Stamford,CT,09,Western Connecticut Planning Region,09190,06905-5012,41.06627843,-73.54343344,203-323-8160,,,,,,,,,,HRSA operating hours per week: 49.00,unknown,,,,,,,,,HRSA Health Center Service Delivery and Look-Alike Sites,https://data.hrsa.gov/DataDownload/DD_Files/Health_Center_Service_Delivery_and_LookAlike_Sites.csv,2026-06-19,"Fields copied from the official HRSA CSV: site name, address, city, state, postal code, phone, website, HRSA geocoding coordinates, county/FIPS, operating hours per week, site status, and location setting. Site status: Active. Location setting: All Other Clinic Types. Operational schedule: Unknown. Daily hours, services, price, insurance, and accessibility fields were not supplied by this intake.",BPS-H80-027123,Health Center Service Delivery and Look-Alike Sites,2026-06-19,2026-06-19,needs_review,
hrsa-bps-h80-017674,Portland Middle and High School SBHC,community_health_center,93 High St,Portland,CT,09,Lower Connecticut River Valley Planning Region,09130,06480-1656,41.58029999,-72.62207997,860-342-1720,,,,,,,,,,HRSA operating hours per week: 40.00,unknown,,,,,,,,,HRSA Health Center Service Delivery and Look-Alike Sites,https://data.hrsa.gov/DataDownload/DD_Files/Health_Center_Service_Delivery_and_LookAlike_Sites.csv,2026-06-19,"Fields copied from the official HRSA CSV: site name, address, city, state, postal code, phone, website, HRSA geocoding coordinates, county/FIPS, operating hours per week, site status, and location setting. Site status: Active. Location setting: School. Operational schedule: Unknown. Daily hours, services, price, insurance, and accessibility fields were not supplied by this intake.",BPS-H80-017674,Health Center Service Delivery and Look-Alike Sites,2026-06-19,2026-06-19,needs_review,
hrsa-bps-h80-014724,J.M. Wright Technical High School SBHC,community_health_center,120 Bridge St,Stamford,CT,09,Western Connecticut Planning Region,09190,06905-4401,41.06197998,-73.54811004,203-324-6323,,,,,,,,,,HRSA operating hours per week: 40.00,unknown,,,,,,,,,HRSA Health Center Service Delivery and Look-Alike Sites,https://data.hrsa.gov/DataDownload/DD_Files/Health_Center_Service_Delivery_and_LookAlike_Sites.csv,2026-06-19,"Fields copied from the official HRSA CSV: site name, address, city, state, postal code, phone, website, HRSA geocoding coordinates, county/FIPS, operating hours per week, site status, and location setting. Site status: Active. Location setting: School. Operational schedule: Unknown. Daily hours, services, price, insurance, and accessibility fields were not supplied by this intake.",BPS-H80-014724,Health Center Service Delivery and Look-Alike Sites,2026-06-19,2026-06-19,needs_review,
hrsa-bps-h80-028203,Ferrara Elementary School SBHC,community_health_center,22 Maynard Rd,East Haven,CT,09,South Central Connecticut Planning Region,09170,06513-1299,41.33439666,-72.85392459,203-468-3318,,,,,,,,,,HRSA operating hours per week: 32.00,unknown,,,,,,,,,HRSA Health Center Service Delivery and Look-Alike Sites,https://data.hrsa.gov/DataDownload/DD_Files/Health_Center_Service_Delivery_and_LookAlike_Sites.csv,2026-06-19,"Fields copied from the official HRSA CSV: site name, address, city, state, postal code, phone, website, HRSA geocoding coordinates, county/FIPS, operating hours per week, site status, and location setting. Site status: Active. Location setting: School. Operational schedule: Unknown. Daily hours, services, price, insurance, and accessibility fields were not supplied by this intake.",BPS-H80-028203,Health Center Service Delivery and Look-Alike Sites,2026-06-19,2026-06-19,needs_review,
hrsa-bps-h80-018493,"Community Health Center, Inc.",community_health_center,5 N Main St,Enfield,CT,09,Capitol Planning Region,09110,06082-3372,41.99872698,-72.60046296,860-405-2140,www.chc1.com,,,,,,,,,HRSA operating hours per week: 67.00,unknown,,,,,,,,,HRSA Health Center Service Delivery and Look-Alike Sites,https://data.hrsa.gov/DataDownload/DD_Files/Health_Center_Service_Delivery_and_LookAlike_Sites.csv,2026-06-19,"Fields copied from the official HRSA CSV: site name, address, city, state, postal code, phone, website, HRSA geocoding coordinates, county/FIPS, operating hours per week, site status, and location setting. Site status: Active. Location setting: All Other Clinic Types. Operational schedule: Unknown. Daily hours, services, price, insurance, and accessibility fields were not supplied by this intake.",BPS-H80-018493,Health Center Service Delivery and Look-Alike Sites,2026-06-19,2026-06-19,needs_review,
hrsa-bps-h80-012898,Bristol Technical High School,community_health_center,431 Minor St,Bristol,CT,09,Naugatuck Valley Planning Region,09140,06010-2292,41.68973495,-72.98989926,860-584-4833,,,,,,,,,,HRSA operating hours per week: 20.00,unknown,,,,,,,,,HRSA Health Center Service Delivery and Look-Alike Sites,https://data.hrsa.gov/DataDownload/DD_Files/Health_Center_Service_Delivery_and_LookAlike_Sites.csv,2026-06-19,"Fields copied from the official HRSA CSV: site name, address, city, state, postal code, phone, website, HRSA geocoding coordinates, county/FIPS, operating hours per week, site status, and location setting. Site status: Active. Location setting: School. Operational schedule: Full-Time. Daily hours, services, price, insurance, and accessibility fields were not supplied by this intake.",BPS-H80-012898,Health Center Service Delivery and Look-Alike Sites,2026-06-19,2026-06-19,needs_review,
hrsa-bps-h80-013898,FCHC Mobile Health Services,community_health_center,94 Connecticut Blvd,East Hartford,CT,09,Capitol Planning Region,09110,06108-3013,41.77045247,-72.64831516,860-610-6183,www.firstchc.org,,,,,,,,,HRSA operating hours per week: 37.50,unknown,,,,,,,,,HRSA Health Center Service Delivery and Look-Alike Sites,https://data.hrsa.gov/DataDownload/DD_Files/Health_Center_Service_Delivery_and_LookAlike_Sites.csv,2026-06-19,"Fields copied from the official HRSA CSV: site name, address, city, state, postal code, phone, website, HRSA geocoding coordinates, county/FIPS, operating hours per week, site status, and location setting. Site status: Active. Location setting: All Other Clinic Types. Operational schedule: Full-Time. Daily hours, services, price, insurance, and accessibility fields were not supplied by this intake.",BPS-H80-013898,Health Center Service Delivery and Look-Alike Sites,2026-06-19,2026-06-19,needs_review,
hrsa-bps-h80-006774,WYA AT NEW BEGINNINGS,community_health_center,43 Saint Casimir Dr,Meriden,CT,09,South Central Connecticut Planning Region,09170,06450-5729,41.53613578,-72.80101692,203-634-1734,www.chc1.com,,,,,,,,,HRSA operating hours per week: 12.00,unknown,,,,,,,,,HRSA Health Center Service Delivery and Look-Alike Sites,https://data.hrsa.gov/DataDownload/DD_Files/Health_Center_Service_Delivery_and_LookAlike_Sites.csv,2026-06-19,"Fields copied from the official HRSA CSV: site name, address, city, state, postal code, phone, website, HRSA geocoding coordinates, county/FIPS, operating hours per week, site status, and location setting. Site status: Active. Location setting: All Other Clinic Types. Operational schedule: Part-Time. Daily hours, services, price, insurance, and accessibility fields were not supplied by this intake.",BPS-H80-006774,Health Center Service Delivery and Look-Alike Sites,2026-06-19,2026-06-19,needs_review,
hrsa-bps-h80-039694,Fair Haven Community Health Care at 645 Grand Avenue,community_health_center,645 Grand Ave,New Haven,CT,09,South Central Connecticut Planning Region,09170,06511-5011,41.30882624,-72.91186340,203-777-7411,,,,,,,,,,HRSA operating hours per week: 8.00,unknown,,,,,,,,,HRSA Health Center Service Delivery and Look-Alike Sites,https://data.hrsa.gov/DataDownload/DD_Files/Health_Center_Service_Delivery_and_LookAlike_Sites.csv,2026-06-19,"Fields copied from the official HRSA CSV: site name, address, city, state, postal code, phone, website, HRSA geocoding coordinates, county/FIPS, operating hours per week, site status, and location setting. Site status: Active. Location setting: All Other Clinic Types. Operational schedule: Unknown. Daily hours, services, price, insurance, and accessibility fields were not supplied by this intake.",BPS-H80-039694,Health Center Service Delivery and Look-Alike Sites,2026-06-19,2026-06-19,needs_review,
hrsa-bps-h80-039851,CHCI MOBILE DENTAL UNIT A (MDU A),community_health_center,675 Main St,Middletown,CT,09,Lower Connecticut River Valley Planning Region,09130,06457-2732,41.56505301,-72.65289378,860-347-6971,,,,,,,,,,HRSA operating hours per week: 40.00,unknown,,,,,,,,,HRSA Health Center Service Delivery and Look-Alike Sites,https://data.hrsa.gov/DataDownload/DD_Files/Health_Center_Service_Delivery_and_LookAlike_Sites.csv,2026-06-19,"Fields copied from the official HRSA CSV: site name, address, city, state, postal code, phone, website, HRSA geocoding coordinates, county/FIPS, operating hours per week, site status, and location setting. Site status: Active. Location setting: All Other Clinic Types. Operational schedule: Unknown. Daily hours, services, price, insurance, and accessibility fields were not supplied by this intake.",BPS-H80-039851,Health Center Service Delivery and Look-Alike Sites,2026-06-19,2026-06-19,needs_review,
hrsa-bps-h80-036771,Brookfield High School,community_health_center,45 Long Meadow Hill Rd,Brookfield,CT,09,Western Connecticut Planning Region,09190,06804-1351,41.47981731,-73.38996356,203-775-7725,,,,,,,,,,HRSA operating hours per week: 15.00,unknown,,,,,,,,,HRSA Health Center Service Delivery and Look-Alike Sites,https://data.hrsa.gov/DataDownload/DD_Files/Health_Center_Service_Delivery_and_LookAlike_Sites.csv,2026-06-19,"Fields copied from the official HRSA CSV: site name, address, city, state, postal code, phone, website, HRSA geocoding coordinates, county/FIPS, operating hours per week, site status, and location setting. Site status: Active. Location setting: School. Operational schedule: Unknown. Daily hours, services, price, insurance, and accessibility fields were not supplied by this intake.",BPS-H80-036771,Health Center Service Delivery and Look-Alike Sites,2026-06-19,2026-06-19,needs_review,
hrsa-bps-h80-006881,PROSPECT HOUSE,community_health_center,392 Prospect St,Bridgeport,CT,09,Greater Bridgeport Planning Region,09120,06604-4625,41.17199770,-73.19604127,203-576-9041,www.swchc.org,,,,,,,,,HRSA operating hours per week: 4.00,unknown,,,,,,,,,HRSA Health Center Service Delivery and Look-Alike Sites,https://data.hrsa.gov/DataDownload/DD_Files/Health_Center_Service_Delivery_and_LookAlike_Sites.csv,2026-06-19,"Fields copied from the official HRSA CSV: site name, address, city, state, postal code, phone, website, HRSA geocoding coordinates, county/FIPS, operating hours per week, site status, and location setting. Site status: Active. Location setting: All Other Clinic Types. Operational schedule: Part-Time. Daily hours, services, price, insurance, and accessibility fields were not supplied by this intake.",BPS-H80-006881,Health Center Service Delivery and Look-Alike Sites,2026-06-19,2026-06-19,needs_review,
hrsa-bps-h80-040114,Fair Haven Community Health Care at 374 Grand Avenue Building B,community_health_center,374 Grand Ave,New Haven,CT,09,South Central Connecticut Planning Region,09170,06513-3787,41.30829751,-72.90223519,203-777-7411,,,,,,,,,,HRSA operating hours per week: 56.50,unknown,,,,,,,,,HRSA Health Center Service Delivery and Look-Alike Sites,https://data.hrsa.gov/DataDownload/DD_Files/Health_Center_Service_Delivery_and_LookAlike_Sites.csv,2026-06-19,"Fields copied from the official HRSA CSV: site name, address, city, state, postal code, phone, website, HRSA geocoding coordinates, county/FIPS, operating hours per week, site status, and location setting. Site status: Active. Location setting: All Other Clinic Types. Operational schedule: Unknown. Daily hours, services, price, insurance, and accessibility fields were not supplied by this intake.",BPS-H80-040114,Health Center Service Delivery and Look-Alike Sites,2026-06-19,2026-06-19,needs_review,
hrsa-bps-h80-030457,Bristol Central High School SBHC,community_health_center,480 Wolcott St,Bristol,CT,09,Naugatuck Valley Planning Region,09140,06010-6498,41.66135521,-72.95981434,860-584-7735,,,,,,,,,,HRSA operating hours per week: 40.00,unknown,,,,,,,,,HRSA Health Center Service Delivery and Look-Alike Sites,https://data.hrsa.gov/DataDownload/DD_Files/Health_Center_Service_Delivery_and_LookAlike_Sites.csv,2026-06-19,"Fields copied from the official HRSA CSV: site name, address, city, state, postal code, phone, website, HRSA geocoding coordinates, county/FIPS, operating hours per week, site status, and location setting. Site status: Active. Location setting: School. Operational schedule: Unknown. Daily hours, services, price, insurance, and accessibility fields were not supplied by this intake.",BPS-H80-030457,Health Center Service Delivery and Look-Alike Sites,2026-06-19,2026-06-19,needs_review,
hrsa-bps-h80-019577,East Haven High School,community_health_center,35 Wheelbarrow Ln,East Haven,CT,09,South Central Connecticut Planning Region,09170,06513-2003,41.32791740,-72.83232987,203-468-3267,,,,,,,,,,HRSA operating hours per week: 40.00,unknown,,,,,,,,,HRSA Health Center Service Delivery and Look-Alike Sites,https://data.hrsa.gov/DataDownload/DD_Files/Health_Center_Service_Delivery_and_LookAlike_Sites.csv,2026-06-19,"Fields copied from the official HRSA CSV: site name, address, city, state, postal code, phone, website, HRSA geocoding coordinates, county/FIPS, operating hours per week, site status, and location setting. Site status: Active. Location setting: School. Operational schedule: Unknown. Daily hours, services, price, insurance, and accessibility fields were not supplied by this intake.",BPS-H80-019577,Health Center Service Delivery and Look-Alike Sites,2026-06-19,2026-06-19,needs_review,
hrsa-bps-h80-018469,East Haven High School SBHC,community_health_center,35 Wheelbarrow Ln,East Haven,CT,09,South Central Connecticut Planning Region,09170,06513-2003,41.32791740,-72.83232987,203-468-2367,,,,,,,,,,HRSA operating hours per week: 40.00,unknown,,,,,,,,,HRSA Health Center Service Delivery and Look-Alike Sites,https://data.hrsa.gov/DataDownload/DD_Files/Health_Center_Service_Delivery_and_LookAlike_Sites.csv,2026-06-19,"Fields copied from the official HRSA CSV: site name, address, city, state, postal code, phone, website, HRSA geocoding coordinates, county/FIPS, operating hours per week, site status, and location setting. Site status: Active. Location setting: School. Operational schedule: Unknown. Daily hours, services, price, insurance, and accessibility fields were not supplied by this intake.",BPS-H80-018469,Health Center Service Delivery and Look-Alike Sites,2026-06-19,2026-06-19,needs_review,
hrsa-bps-h80-022208,Wheeler Family Health and Wellness Center - 49,community_health_center,49 Woodland St,Hartford,CT,09,Capitol Planning Region,09110,06105-2337,41.77101054,-72.70234767,860-793-3500,www.wheelerclinic.org,,,,,,,,,HRSA operating hours per week: 50.00,unknown,,,,,,,,,HRSA Health Center Service Delivery and Look-Alike Sites,https://data.hrsa.gov/DataDownload/DD_Files/Health_Center_Service_Delivery_and_LookAlike_Sites.csv,2026-06-19,"Fields copied from the official HRSA CSV: site name, address, city, state, postal code, phone, website, HRSA geocoding coordinates, county/FIPS, operating hours per week, site status, and location setting. Site status: Active. Location setting: All Other Clinic Types. Operational schedule: Unknown. Daily hours, services, price, insurance, and accessibility fields were not supplied by this intake.",BPS-H80-022208,Health Center Service Delivery and Look-Alike Sites,2026-06-19,2026-06-19,needs_review,
hrsa-bps-h80-021359,CIFC Health - 152 West,community_health_center,152 West St,Danbury,CT,09,Western Connecticut Planning Region,09190,06810-6361,41.39197033,-73.45808838,203-743-0100,,,,,,,,,,HRSA operating hours per week: 47.00,unknown,,,,,,,,,HRSA Health Center Service Delivery and Look-Alike Sites,https://data.hrsa.gov/DataDownload/DD_Files/Health_Center_Service_Delivery_and_LookAlike_Sites.csv,2026-06-19,"Fields copied from the official HRSA CSV: site name, address, city, state, postal code, phone, website, HRSA geocoding coordinates, county/FIPS, operating hours per week, site status, and location setting. Site status: Active. Location setting: All Other Clinic Types. Operational schedule: Unknown. Daily hours, services, price, insurance, and accessibility fields were not supplied by this intake.",BPS-H80-021359,Health Center Service Delivery and Look-Alike Sites,2026-06-19,2026-06-19,needs_review,
hrsa-bps-h80-035574,Newfield School SBHC,community_health_center,345 Pepper Ridge Rd,Stamford,CT,09,Western Connecticut Planning Region,09190,06905-2801,41.09077840,-73.54042811,203-977-4282,,,,,,,,,,HRSA operating hours per week: 40.00,unknown,,,,,,,,,HRSA Health Center Service Delivery and Look-Alike Sites,https://data.hrsa.gov/DataDownload/DD_Files/Health_Center_Service_Delivery_and_LookAlike_Sites.csv,2026-06-19,"Fields copied from the official HRSA CSV: site name, address, city, state, postal code, phone, website, HRSA geocoding coordinates, county/FIPS, operating hours per week, site status, and location setting. Site status: Active. Location setting: School. Operational schedule: Unknown. Daily hours, services, price, insurance, and accessibility fields were not supplied by this intake.",BPS-H80-035574,Health Center Service Delivery and Look-Alike Sites,2026-06-19,2026-06-19,needs_review,
hrsa-bps-h80-032830,UCFS School Based Health Center at Clark Lane Middle School,community_health_center,105 Clark Ln,Waterford,CT,09,Southeastern Connecticut Planning Region,09180,06385-2199,41.35157998,-72.12618001,860-822-2803,,,,,,,,,,HRSA operating hours per week: 35.00,unknown,,,,,,,,,HRSA Health Center Service Delivery and Look-Alike Sites,https://data.hrsa.gov/DataDownload/DD_Files/Health_Center_Service_Delivery_and_LookAlike_Sites.csv,2026-06-19,"Fields copied from the official HRSA CSV: site name, address, city, state, postal code, phone, website, HRSA geocoding coordinates, county/FIPS, operating hours per week, site status, and location setting. Site status: Active. Location setting: School. Operational schedule: Unknown. Daily hours, services, price, insurance, and accessibility fields were not supplied by this intake.",BPS-H80-032830,Health Center Service Delivery and Look-Alike Sites,2026-06-19,2026-06-19,needs_review,
hrsa-bps-h80-006955,HARRISON APARTMENTS,community_health_center,651 State St,Bridgeport,CT,09,Greater Bridgeport Planning Region,09120,06604-4507,41.17395689,-73.19719588,203-579-7612,www.swchc.org,,,,,,,,,HRSA operating hours per week: 4.00,unknown,,,,,,,,,HRSA Health Center Service Delivery and Look-Alike Sites,https://data.hrsa.gov/DataDownload/DD_Files/Health_Center_Service_Delivery_and_LookAlike_Sites.csv,2026-06-19,"Fields copied from the official HRSA CSV: site name, address, city, state, postal code, phone, website, HRSA geocoding coordinates, county/FIPS, operating hours per week, site status, and location setting. Site status: Active. Location setting: All Other Clinic Types. Operational schedule: Part-Time. Daily hours, services, price, insurance, and accessibility fields were not supplied by this intake.",BPS-H80-006955,Health Center Service Delivery and Look-Alike Sites,2026-06-19,2026-06-19,needs_review,
hrsa-bps-h80-021408,Ellsworth Avenue Elementary School,community_health_center,53 Ellsworth Ave,Danbury,CT,09,Western Connecticut Planning Region,09190,06810-5948,41.40382125,-73.44980093,203-797-4740,,,,,,,,,,HRSA operating hours per week: 8.00,unknown,,,,,,,,,HRSA Health Center Service Delivery and Look-Alike Sites,https://data.hrsa.gov/DataDownload/DD_Files/Health_Center_Service_Delivery_and_LookAlike_Sites.csv,2026-06-19,"Fields copied from the official HRSA CSV: site name, address, city, state, postal code, phone, website, HRSA geocoding coordinates, county/FIPS, operating hours per week, site status, and location setting. Site status: Active. Location setting: School. Operational schedule: Unknown. Daily hours, services, price, insurance, and accessibility fields were not supplied by this intake.",BPS-H80-021408,Health Center Service Delivery and Look-Alike Sites,2026-06-19,2026-06-19,needs_review,
hrsa-bps-h80-041690,CS-HHC at L.W. Beecher Museum Magnet School of Arts and Sciences,community_health_center,100 Jewell St,New Haven,CT,09,South Central Connecticut Planning Region,09170,06515-1323,41.32606999,-72.95373000,203-503-3000,,,,,,,,,,HRSA operating hours per week: 42.50,unknown,,,,,,,,,HRSA Health Center Service Delivery and Look-Alike Sites,https://data.hrsa.gov/DataDownload/DD_Files/Health_Center_Service_Delivery_and_LookAlike_Sites.csv,2026-06-19,"Fields copied from the official HRSA CSV: site name, address, city, state, postal code, phone, website, HRSA geocoding coordinates, county/FIPS, operating hours per week, site status, and location setting. Site status: Active. Location setting: School. Operational schedule: Unknown. Daily hours, services, price, insurance, and accessibility fields were not supplied by this intake.",BPS-H80-041690,Health Center Service Delivery and Look-Alike Sites,2026-06-19,2026-06-19,needs_review,
hrsa-bps-h80-004077,Fair Haven K-8 School Based Health Center,community_health_center,164 Grand Ave,New Haven,CT,09,South Central Connecticut Planning Region,09170,06513-3996,41.30847998,-72.89334996,203-777-7411,www.fhchc.org,,,,,,,,,HRSA operating hours per week: 35.00,unknown,,,,,,,,,HRSA Health Center Service Delivery and Look-Alike Sites,https://data.hrsa.gov/DataDownload/DD_Files/Health_Center_Service_Delivery_and_LookAlike_Sites.csv,2026-06-19,"Fields copied from the official HRSA CSV: site name, address, city, state, postal code, phone, website, HRSA geocoding coordinates, county/FIPS, operating hours per week, site status, and location setting. Site status: Active. Location setting: School. Operational schedule: Full-Time. Daily hours, services, price, insurance, and accessibility fields were not supplied by this intake.",BPS-H80-004077,Health Center Service Delivery and Look-Alike Sites,2026-06-19,2026-06-19,needs_review,
hrsa-bps-h80-037459,Housatonic Valley Regional High School,community_health_center,246 Warren Tpke,Falls Village,CT,09,Northwest Hills Planning Region,09160,06031-1600,41.93710398,-73.36118329,860-824-5123,www.chwctorr.org,,,,,,,,,HRSA operating hours per week: 31.25,unknown,,,,,,,,,HRSA Health Center Service Delivery and Look-Alike Sites,https://data.hrsa.gov/DataDownload/DD_Files/Health_Center_Service_Delivery_and_LookAlike_Sites.csv,2026-06-19,"Fields copied from the official HRSA CSV: site name, address, city, state, postal code, phone, website, HRSA geocoding coordinates, county/FIPS, operating hours per week, site status, and location setting. Site status: Active. Location setting: School. Operational schedule: Unknown. Daily hours, services, price, insurance, and accessibility fields were not supplied by this intake.",BPS-H80-037459,Health Center Service Delivery and Look-Alike Sites,2026-06-19,2026-06-19,needs_review,
hrsa-bps-h80-007050,Benjamin Franklin Elementary School - SBHC,community_health_center,426 W Main St,Meriden,CT,09,South Central Connecticut Planning Region,09170,06451-3802,41.53891300,-72.81807921,203-235-3463,www.chc1.com,,,,,,,,,HRSA operating hours per week: 40.00,unknown,,,,,,,,,HRSA Health Center Service Delivery and Look-Alike Sites,https://data.hrsa.gov/DataDownload/DD_Files/Health_Center_Service_Delivery_and_LookAlike_Sites.csv,2026-06-19,"Fields copied from the official HRSA CSV: site name, address, city, state, postal code, phone, website, HRSA geocoding coordinates, county/FIPS, operating hours per week, site status, and location setting. Site status: Active. Location setting: School. Operational schedule: Part-Time. Daily hours, services, price, insurance, and accessibility fields were not supplied by this intake.",BPS-H80-007050,Health Center Service Delivery and Look-Alike Sites,2026-06-19,2026-06-19,needs_review,
hrsa-bps-h80-024854,Hamden High School SBHC,community_health_center,2040 Dixwell Ave,Hamden,CT,09,South Central Connecticut Planning Region,09170,06514-2479,41.36787000,-72.92241999,203-407-2040,www.cornellscott.org,,,,,,,,,HRSA operating hours per week: 40.00,unknown,,,,,,,,,HRSA Health Center Service Delivery and Look-Alike Sites,https://data.hrsa.gov/DataDownload/DD_Files/Health_Center_Service_Delivery_and_LookAlike_Sites.csv,2026-06-19,"Fields copied from the official HRSA CSV: site name, address, city, state, postal code, phone, website, HRSA geocoding coordinates, county/FIPS, operating hours per week, site status, and location setting. Site status: Active. Location setting: School. Operational schedule: Unknown. Daily hours, services, price, insurance, and accessibility fields were not supplied by this intake.",BPS-H80-024854,Health Center Service Delivery and Look-Alike Sites,2026-06-19,2026-06-19,needs_review,
hrsa-bps-h80-036180,Dolan Middle School,community_health_center,51 Toms Rd,Stamford,CT,09,Western Connecticut Planning Region,09190,06906-1098,41.07879999,-73.52405003,203-977-5278,,,,,,,,,,HRSA operating hours per week: 35.00,unknown,,,,,,,,,HRSA Health Center Service Delivery and Look-Alike Sites,https://data.hrsa.gov/DataDownload/DD_Files/Health_Center_Service_Delivery_and_LookAlike_Sites.csv,2026-06-19,"Fields copied from the official HRSA CSV: site name, address, city, state, postal code, phone, website, HRSA geocoding coordinates, county/FIPS, operating hours per week, site status, and location setting. Site status: Active. Location setting: School. Operational schedule: Unknown. Daily hours, services, price, insurance, and accessibility fields were not supplied by this intake.",BPS-H80-036180,Health Center Service Delivery and Look-Alike Sites,2026-06-19,2026-06-19,needs_review,
hrsa-bps-h80-041114,Kendall Elementary School,community_health_center,57 Fillow St,Norwalk,CT,09,Western Connecticut Planning Region,09190,06850-2848,41.11864848,-73.43295291,203-851-1010,www.norwalkps.org,,,,,,,,,HRSA operating hours per week: 35.00,unknown,,,,,,,,,HRSA Health Center Service Delivery and Look-Alike Sites,https://data.hrsa.gov/DataDownload/DD_Files/Health_Center_Service_Delivery_and_LookAlike_Sites.csv,2026-06-19,"Fields copied from the official HRSA CSV: site name, address, city, state, postal code, phone, website, HRSA geocoding coordinates, county/FIPS, operating hours per week, site status, and location setting. Site status: Active. Location setting: School. Operational schedule: Unknown. Daily hours, services, price, insurance, and accessibility fields were not supplied by this intake.",BPS-H80-041114,Health Center Service Delivery and Look-Alike Sites,2026-06-19,2026-06-19,needs_review,
hrsa-bps-lal-020937,InterCommunity's School Based Health Center at  Franklin Mayberry Elementary School,community_health_center,101 Great Hill Rd,East Hartford,CT,09,Capitol Planning Region,09110,06108-2898,41.77549972,-72.59539451,860-569-5900 x158,,,,,,,,,,HRSA operating hours per week: 40.00,unknown,,,,,,,,,HRSA Health Center Service Delivery and Look-Alike Sites,https://data.hrsa.gov/DataDownload/DD_Files/Health_Center_Service_Delivery_and_LookAlike_Sites.csv,2026-06-19,"Fields copied from the official HRSA CSV: site name, address, city, state, postal code, phone, website, HRSA geocoding coordinates, county/FIPS, operating hours per week, site status, and location setting. Site status: Active. Location setting: School. Operational schedule: Unknown. Daily hours, services, price, insurance, and accessibility fields were not supplied by this intake.",BPS-LAL-020937,Health Center Service Delivery and Look-Alike Sites,2026-06-19,2026-06-19,needs_review,
hrsa-bps-h80-013899,First Choice Health Centers,community_health_center,265 Ellington Rd,East Hartford,CT,09,Capitol Planning Region,09110,06108-1176,41.79469180,-72.62088630,860-528-1359 x162,www.firstchc.org,,,,,,,,,HRSA operating hours per week: 42.00,unknown,,,,,,,,,HRSA Health Center Service Delivery and Look-Alike Sites,https://data.hrsa.gov/DataDownload/DD_Files/Health_Center_Service_Delivery_and_LookAlike_Sites.csv,2026-06-19,"Fields copied from the official HRSA CSV: site name, address, city, state, postal code, phone, website, HRSA geocoding coordinates, county/FIPS, operating hours per week, site status, and location setting. Site status: Active. Location setting: All Other Clinic Types. Operational schedule: Full-Time. Daily hours, services, price, insurance, and accessibility fields were not supplied by this intake.",BPS-H80-013899,Health Center Service Delivery and Look-Alike Sites,2026-06-19,2026-06-19,needs_review,
hrsa-bps-h80-030591,Ivy Drive School,community_health_center,160 Ivy Dr,Bristol,CT,09,Naugatuck Valley Planning Region,09140,06010-3399,41.70450102,-72.90117212,860-793-3500,www.wheelerclinic.org,,,,,,,,,HRSA operating hours per week: 40.00,unknown,,,,,,,,,HRSA Health Center Service Delivery and Look-Alike Sites,https://data.hrsa.gov/DataDownload/DD_Files/Health_Center_Service_Delivery_and_LookAlike_Sites.csv,2026-06-19,"Fields copied from the official HRSA CSV: site name, address, city, state, postal code, phone, website, HRSA geocoding coordinates, county/FIPS, operating hours per week, site status, and location setting. Site status: Active. Location setting: School. Operational schedule: Unknown. Daily hours, services, price, insurance, and accessibility fields were not supplied by this intake.",BPS-H80-030591,Health Center Service Delivery and Look-Alike Sites,2026-06-19,2026-06-19,needs_review,
hrsa-bps-h80-035890,"SOUTHWEST COMMUNITY HEALTH CENTER, INC - UC",community_health_center,1020 Fairfield Ave,Bridgeport,CT,09,Greater Bridgeport Planning Region,09120,06605-1187,41.17471893,-73.20392998,203-330-6000,,,,,,,,,,HRSA operating hours per week: 40.00,unknown,,,,,,,,,HRSA Health Center Service Delivery and Look-Alike Sites,https://data.hrsa.gov/DataDownload/DD_Files/Health_Center_Service_Delivery_and_LookAlike_Sites.csv,2026-06-19,"Fields copied from the official HRSA CSV: site name, address, city, state, postal code, phone, website, HRSA geocoding coordinates, county/FIPS, operating hours per week, site status, and location setting. Site status: Active. Location setting: All Other Clinic Types. Operational schedule: Unknown. Daily hours, services, price, insurance, and accessibility fields were not supplied by this intake.",BPS-H80-035890,Health Center Service Delivery and Look-Alike Sites,2026-06-19,2026-06-19,needs_review,
hrsa-bps-h80-033674,FAST Academy,community_health_center,500 Migeon Ave,Torrington,CT,09,Northwest Hills Planning Region,09160,06790-4644,41.81301305,-73.13273032,860-610-8705,www.chwctorr.org,,,,,,,,,HRSA operating hours per week: 2.00,unknown,,,,,,,,,HRSA Health Center Service Delivery and Look-Alike Sites,https://data.hrsa.gov/DataDownload/DD_Files/Health_Center_Service_Delivery_and_LookAlike_Sites.csv,2026-06-19,"Fields copied from the official HRSA CSV: site name, address, city, state, postal code, phone, website, HRSA geocoding coordinates, county/FIPS, operating hours per week, site status, and location setting. Site status: Active. Location setting: School. Operational schedule: Unknown. Daily hours, services, price, insurance, and accessibility fields were not supplied by this intake.",BPS-H80-033674,Health Center Service Delivery and Look-Alike Sites,2026-06-19,2026-06-19,needs_review,
hrsa-bps-h80-032917,New Britain Consolidated School,community_health_center,221 Farmington Ave,New Britain,CT,09,Capitol Planning Region,09110,06053-2979,41.68356520,-72.78757998,860-832-5691,,,,,,,,,,HRSA operating hours per week: 40.00,unknown,,,,,,,,,HRSA Health Center Service Delivery and Look-Alike Sites,https://data.hrsa.gov/DataDownload/DD_Files/Health_Center_Service_Delivery_and_LookAlike_Sites.csv,2026-06-19,"Fields copied from the official HRSA CSV: site name, address, city, state, postal code, phone, website, HRSA geocoding coordinates, county/FIPS, operating hours per week, site status, and location setting. Site status: Active. Location setting: School. Operational schedule: Unknown. Daily hours, services, price, insurance, and accessibility fields were not supplied by this intake.",BPS-H80-032917,Health Center Service Delivery and Look-Alike Sites,2026-06-19,2026-06-19,needs_review,
hrsa-bps-h80-004509,COMMUNITY HEALTH CENTER OF MIDDLETOWN,community_health_center,635 Main St,Middletown,CT,09,Lower Connecticut River Valley Planning Region,09130,06457-2718,41.56452684,-72.65258507,860-347-6971,www.chc1.com,,,,,,,,,HRSA operating hours per week: 46.00,unknown,,,,,,,,,HRSA Health Center Service Delivery and Look-Alike Sites,https://data.hrsa.gov/DataDownload/DD_Files/Health_Center_Service_Delivery_and_LookAlike_Sites.csv,2026-06-19,"Fields copied from the official HRSA CSV: site name, address, city, state, postal code, phone, website, HRSA geocoding coordinates, county/FIPS, operating hours per week, site status, and location setting. Site status: Active. Location setting: All Other Clinic Types. Operational schedule: Full-Time. Daily hours, services, price, insurance, and accessibility fields were not supplied by this intake.",BPS-H80-004509,Health Center Service Delivery and Look-Alike Sites,2026-06-19,2026-06-19,needs_review,
hrsa-bps-h80-010926,First Choice@92 Connecticut Blvd,community_health_center,92 Connecticut Blvd,East Hartford,CT,09,Capitol Planning Region,09110,06108-3013,41.77010500,-72.64827300,860-528-1359 x129,www.firstchc.org,,,,,,,,,HRSA operating hours per week: 42.50,unknown,,,,,,,,,HRSA Health Center Service Delivery and Look-Alike Sites,https://data.hrsa.gov/DataDownload/DD_Files/Health_Center_Service_Delivery_and_LookAlike_Sites.csv,2026-06-19,"Fields copied from the official HRSA CSV: site name, address, city, state, postal code, phone, website, HRSA geocoding coordinates, county/FIPS, operating hours per week, site status, and location setting. Site status: Active. Location setting: All Other Clinic Types. Operational schedule: Full-Time. Daily hours, services, price, insurance, and accessibility fields were not supplied by this intake.",BPS-H80-010926,Health Center Service Delivery and Look-Alike Sites,2026-06-19,2026-06-19,needs_review,
hrsa-bps-h80-004521,"SOUTHWEST COMMUNITY HLTH CTR, INC",community_health_center,968 Fairfield Ave,Bridgeport,CT,09,Greater Bridgeport Planning Region,09120,06605-1116,41.17451554,-73.20317259,203-332-3500,www.swchc.org,,,,,,,,,HRSA operating hours per week: 45.00,unknown,,,,,,,,,HRSA Health Center Service Delivery and Look-Alike Sites,https://data.hrsa.gov/DataDownload/DD_Files/Health_Center_Service_Delivery_and_LookAlike_Sites.csv,2026-06-19,"Fields copied from the official HRSA CSV: site name, address, city, state, postal code, phone, website, HRSA geocoding coordinates, county/FIPS, operating hours per week, site status, and location setting. Site status: Active. Location setting: All Other Clinic Types. Operational schedule: Full-Time. Daily hours, services, price, insurance, and accessibility fields were not supplied by this intake.",BPS-H80-004521,Health Center Service Delivery and Look-Alike Sites,2026-06-19,2026-06-19,needs_review,
hrsa-bps-h80-034185,CGC Maple Avenue CGC-SBHC,community_health_center,90 Maple Ave,Stamford,CT,09,Western Connecticut Planning Region,09190,06902-4040,41.05321008,-73.52323188,203-324-6127,,,,,,,,,,HRSA operating hours per week: 20.00,unknown,,,,,,,,,HRSA Health Center Service Delivery and Look-Alike Sites,https://data.hrsa.gov/DataDownload/DD_Files/Health_Center_Service_Delivery_and_LookAlike_Sites.csv,2026-06-19,"Fields copied from the official HRSA CSV: site name, address, city, state, postal code, phone, website, HRSA geocoding coordinates, county/FIPS, operating hours per week, site status, and location setting. Site status: Active. Location setting: School. Operational schedule: Unknown. Daily hours, services, price, insurance, and accessibility fields were not supplied by this intake.",BPS-H80-034185,Health Center Service Delivery and Look-Alike Sites,2026-06-19,2026-06-19,needs_review,
hrsa-bps-h80-022104,Grove J. Tuttle Elementary School SBHC,community_health_center,108 Prospect Rd,East Haven,CT,09,South Central Connecticut Planning Region,09170,06512-3307,41.27323550,-72.87343665,860-468-3315,,,,,,,,,,HRSA operating hours per week: 20.00,unknown,,,,,,,,,HRSA Health Center Service Delivery and Look-Alike Sites,https://data.hrsa.gov/DataDownload/DD_Files/Health_Center_Service_Delivery_and_LookAlike_Sites.csv,2026-06-19,"Fields copied from the official HRSA CSV: site name, address, city, state, postal code, phone, website, HRSA geocoding coordinates, county/FIPS, operating hours per week, site status, and location setting. Site status: Active. Location setting: School. Operational schedule: Unknown. Daily hours, services, price, insurance, and accessibility fields were not supplied by this intake.",BPS-H80-022104,Health Center Service Delivery and Look-Alike Sites,2026-06-19,2026-06-19,needs_review,
hrsa-bps-h80-030006,High Roads School of Hartford: High School,community_health_center,245 Locust St,Hartford,CT,09,Capitol Planning Region,09110,06114-2017,41.74237745,-72.66597650,860-856-6511,,,,,,,,,,HRSA operating hours per week: 6.00,unknown,,,,,,,,,HRSA Health Center Service Delivery and Look-Alike Sites,https://data.hrsa.gov/DataDownload/DD_Files/Health_Center_Service_Delivery_and_LookAlike_Sites.csv,2026-06-19,"Fields copied from the official HRSA CSV: site name, address, city, state, postal code, phone, website, HRSA geocoding coordinates, county/FIPS, operating hours per week, site status, and location setting. Site status: Active. Location setting: School. Operational schedule: Unknown. Daily hours, services, price, insurance, and accessibility fields were not supplied by this intake.",BPS-H80-030006,Health Center Service Delivery and Look-Alike Sites,2026-06-19,2026-06-19,needs_review,
hrsa-bps-h80-011503,East Windsor High School SBHC,community_health_center,76 S Main St,East Windsor,CT,09,Capitol Planning Region,09110,06088-9705,41.90106000,-72.61153998,860-623-3361,,,,,,,,,,HRSA operating hours per week: 40.00,unknown,,,,,,,,,HRSA Health Center Service Delivery and Look-Alike Sites,https://data.hrsa.gov/DataDownload/DD_Files/Health_Center_Service_Delivery_and_LookAlike_Sites.csv,2026-06-19,"Fields copied from the official HRSA CSV: site name, address, city, state, postal code, phone, website, HRSA geocoding coordinates, county/FIPS, operating hours per week, site status, and location setting. Site status: Active. Location setting: School. Operational schedule: Full-Time. Daily hours, services, price, insurance, and accessibility fields were not supplied by this intake.",BPS-H80-011503,Health Center Service Delivery and Look-Alike Sites,2026-06-19,2026-06-19,needs_review,
hrsa-bps-h80-038156,Brien McMahon High School SBHC,community_health_center,300 Highland Ave,Norwalk,CT,09,Western Connecticut Planning Region,09190,06854-4099,41.08560635,-73.43346488,203-851-1010,www.norwalkchc.org,,,,,,,,,HRSA operating hours per week: 40.00,unknown,,,,,,,,,HRSA Health Center Service Delivery and Look-Alike Sites,https://data.hrsa.gov/DataDownload/DD_Files/Health_Center_Service_Delivery_and_LookAlike_Sites.csv,2026-06-19,"Fields copied from the official HRSA CSV: site name, address, city, state, postal code, phone, website, HRSA geocoding coordinates, county/FIPS, operating hours per week, site status, and location setting. Site status: Active. Location setting: School. Operational schedule: Unknown. Daily hours, services, price, insurance, and accessibility fields were not supplied by this intake.",BPS-H80-038156,Health Center Service Delivery and Look-Alike Sites,2026-06-19,2026-06-19,needs_review,
hrsa-bps-h80-023371,UCFS Health Center Griswold,community_health_center,226 E Main St,Jewett City,CT,09,Southeastern Connecticut Planning Region,09180,06351-2110,41.61185509,-71.97341538,860-376-7040,,,,,,,,,,HRSA operating hours per week: 55.00,unknown,,,,,,,,,HRSA Health Center Service Delivery and Look-Alike Sites,https://data.hrsa.gov/DataDownload/DD_Files/Health_Center_Service_Delivery_and_LookAlike_Sites.csv,2026-06-19,"Fields copied from the official HRSA CSV: site name, address, city, state, postal code, phone, website, HRSA geocoding coordinates, county/FIPS, operating hours per week, site status, and location setting. Site status: Active. Location setting: All Other Clinic Types. Operational schedule: Unknown. Daily hours, services, price, insurance, and accessibility fields were not supplied by this intake.",BPS-H80-023371,Health Center Service Delivery and Look-Alike Sites,2026-06-19,2026-06-19,needs_review,
hrsa-bps-h80-011962,Broad Brook Elementary SBHC,community_health_center,14 Rye St,Broad Brook,CT,09,Capitol Planning Region,09110,06016-9552,41.91084109,-72.54639071,860-623-2433,,,,,,,,,,HRSA operating hours per week: 20.00,unknown,,,,,,,,,HRSA Health Center Service Delivery and Look-Alike Sites,https://data.hrsa.gov/DataDownload/DD_Files/Health_Center_Service_Delivery_and_LookAlike_Sites.csv,2026-06-19,"Fields copied from the official HRSA CSV: site name, address, city, state, postal code, phone, website, HRSA geocoding coordinates, county/FIPS, operating hours per week, site status, and location setting. Site status: Active. Location setting: School. Operational schedule: Part-Time. Daily hours, services, price, insurance, and accessibility fields were not supplied by this intake.",BPS-H80-011962,Health Center Service Delivery and Look-Alike Sites,2026-06-19,2026-06-19,needs_review,
hrsa-bps-h80-029824,UCFS Eldercare Health Center,community_health_center,165 McKinley Ave,Norwich,CT,09,Southeastern Connecticut Planning Region,09180,06360-3509,41.53537998,-72.07776999,860-887-5005,,,,,,,,,,HRSA operating hours per week: 8.00,unknown,,,,,,,,,HRSA Health Center Service Delivery and Look-Alike Sites,https://data.hrsa.gov/DataDownload/DD_Files/Health_Center_Service_Delivery_and_LookAlike_Sites.csv,2026-06-19,"Fields copied from the official HRSA CSV: site name, address, city, state, postal code, phone, website, HRSA geocoding coordinates, county/FIPS, operating hours per week, site status, and location setting. Site status: Active. Location setting: All Other Clinic Types. Operational schedule: Unknown. Daily hours, services, price, insurance, and accessibility fields were not supplied by this intake.",BPS-H80-029824,Health Center Service Delivery and Look-Alike Sites,2026-06-19,2026-06-19,needs_review,
hrsa-bps-h80-004812,Franklin Street Community Health Center,community_health_center,141 Franklin St,Stamford,CT,09,Western Connecticut Planning Region,09190,06901-1014,41.05985521,-73.54187038,203-969-0802,www.chc1.com,,,,,,,,,HRSA operating hours per week: 44.00,unknown,,,,,,,,,HRSA Health Center Service Delivery and Look-Alike Sites,https://data.hrsa.gov/DataDownload/DD_Files/Health_Center_Service_Delivery_and_LookAlike_Sites.csv,2026-06-19,"Fields copied from the official HRSA CSV: site name, address, city, state, postal code, phone, website, HRSA geocoding coordinates, county/FIPS, operating hours per week, site status, and location setting. Site status: Active. Location setting: All Other Clinic Types. Operational schedule: Full-Time. Daily hours, services, price, insurance, and accessibility fields were not supplied by this intake.",BPS-H80-004812,Health Center Service Delivery and Look-Alike Sites,2026-06-19,2026-06-19,needs_review,
hrsa-bps-h80-030595,Overbrook Early Learning Center SBHC,community_health_center,54 Gerrish Ave,East Haven,CT,09,South Central Connecticut Planning Region,09170,06512-2736,41.28046175,-72.88096377,203-468-3305,,,,,,,,,,HRSA operating hours per week: 12.00,unknown,,,,,,,,,HRSA Health Center Service Delivery and Look-Alike Sites,https://data.hrsa.gov/DataDownload/DD_Files/Health_Center_Service_Delivery_and_LookAlike_Sites.csv,2026-06-19,"Fields copied from the official HRSA CSV: site name, address, city, state, postal code, phone, website, HRSA geocoding coordinates, county/FIPS, operating hours per week, site status, and location setting. Site status: Active. Location setting: School. Operational schedule: Unknown. Daily hours, services, price, insurance, and accessibility fields were not supplied by this intake.",BPS-H80-030595,Health Center Service Delivery and Look-Alike Sites,2026-06-19,2026-06-19,needs_review,
hrsa-bps-lal-020934,Intercommunity's school based health center at Hockanum Elementary School,community_health_center,191 Main St,East Hartford,CT,09,Capitol Planning Region,09110,06118-3699,41.73598856,-72.63166392,860-569-5900 x158,,,,,,,,,,HRSA operating hours per week: 40.00,unknown,,,,,,,,,HRSA Health Center Service Delivery and Look-Alike Sites,https://data.hrsa.gov/DataDownload/DD_Files/Health_Center_Service_Delivery_and_LookAlike_Sites.csv,2026-06-19,"Fields copied from the official HRSA CSV: site name, address, city, state, postal code, phone, website, HRSA geocoding coordinates, county/FIPS, operating hours per week, site status, and location setting. Site status: Active. Location setting: School. Operational schedule: Unknown. Daily hours, services, price, insurance, and accessibility fields were not supplied by this intake.",BPS-LAL-020934,Health Center Service Delivery and Look-Alike Sites,2026-06-19,2026-06-19,needs_review,
hrsa-bps-h80-038427,Optimus at Shelton Intermediate School,community_health_center,675 Constitution Blvd N RM 250,Shelton,CT,09,Naugatuck Valley Planning Region,09140,06484-6304,41.31453205,-73.12048939,203-696-3260,,,,,,,,,,HRSA operating hours per week: 16.00,unknown,,,,,,,,,HRSA Health Center Service Delivery and Look-Alike Sites,https://data.hrsa.gov/DataDownload/DD_Files/Health_Center_Service_Delivery_and_LookAlike_Sites.csv,2026-06-19,"Fields copied from the official HRSA CSV: site name, address, city, state, postal code, phone, website, HRSA geocoding coordinates, county/FIPS, operating hours per week, site status, and location setting. Site status: Active. Location setting: School. Operational schedule: Unknown. Daily hours, services, price, insurance, and accessibility fields were not supplied by this intake.",BPS-H80-038427,Health Center Service Delivery and Look-Alike Sites,2026-06-19,2026-06-19,needs_review,
hrsa-bps-h80-011978,Henry Abbott Technical High School,community_health_center,21 Hayestown Ave,Danbury,CT,09,Western Connecticut Planning Region,09190,06811-4819,41.41278634,-73.45402276,203-797-4460,,,,,,,,,,HRSA operating hours per week: 37.50,unknown,,,,,,,,,HRSA Health Center Service Delivery and Look-Alike Sites,https://data.hrsa.gov/DataDownload/DD_Files/Health_Center_Service_Delivery_and_LookAlike_Sites.csv,2026-06-19,"Fields copied from the official HRSA CSV: site name, address, city, state, postal code, phone, website, HRSA geocoding coordinates, county/FIPS, operating hours per week, site status, and location setting. Site status: Active. Location setting: School. Operational schedule: Part-Time. Daily hours, services, price, insurance, and accessibility fields were not supplied by this intake.",BPS-H80-011978,Health Center Service Delivery and Look-Alike Sites,2026-06-19,2026-06-19,needs_review,
hrsa-bps-h80-018458,OPTIMUS Main Street Pediatrics,community_health_center,3715 Main St,Bridgeport,CT,09,Greater Bridgeport Planning Region,09120,06606-3618,41.21177289,-73.21022797,203-371-7111,,,,,,,,,,HRSA operating hours per week: 49.00,unknown,,,,,,,,,HRSA Health Center Service Delivery and Look-Alike Sites,https://data.hrsa.gov/DataDownload/DD_Files/Health_Center_Service_Delivery_and_LookAlike_Sites.csv,2026-06-19,"Fields copied from the official HRSA CSV: site name, address, city, state, postal code, phone, website, HRSA geocoding coordinates, county/FIPS, operating hours per week, site status, and location setting. Site status: Active. Location setting: All Other Clinic Types. Operational schedule: Unknown. Daily hours, services, price, insurance, and accessibility fields were not supplied by this intake.",BPS-H80-018458,Health Center Service Delivery and Look-Alike Sites,2026-06-19,2026-06-19,needs_review,
hrsa-bps-h80-009428,COMMUNITY HEALTH CENTER OF GROTON,community_health_center,481 Gold Star Hwy STE 100,Groton,CT,09,Southeastern Connecticut Planning Region,09180,06340-6702,41.37204104,-72.05194392,860-446-8858,www.chc1.com,,,,,,,,,HRSA operating hours per week: 47.00,unknown,,,,,,,,,HRSA Health Center Service Delivery and Look-Alike Sites,https://data.hrsa.gov/DataDownload/DD_Files/Health_Center_Service_Delivery_and_LookAlike_Sites.csv,2026-06-19,"Fields copied from the official HRSA CSV: site name, address, city, state, postal code, phone, website, HRSA geocoding coordinates, county/FIPS, operating hours per week, site status, and location setting. Site status: Active. Location setting: All Other Clinic Types. Operational schedule: Full-Time. Daily hours, services, price, insurance, and accessibility fields were not supplied by this intake.",BPS-H80-009428,Health Center Service Delivery and Look-Alike Sites,2026-06-19,2026-06-19,needs_review,
hrsa-bps-h80-028204,North Haven Middle School SBHC,community_health_center,55 Bailey Rd,North Haven,CT,09,South Central Connecticut Planning Region,09170,06473-2670,41.37478125,-72.85964021,203-239-1683,,,,,,,,,,HRSA operating hours per week: 20.00,unknown,,,,,,,,,HRSA Health Center Service Delivery and Look-Alike Sites,https://data.hrsa.gov/DataDownload/DD_Files/Health_Center_Service_Delivery_and_LookAlike_Sites.csv,2026-06-19,"Fields copied from the official HRSA CSV: site name, address, city, state, postal code, phone, website, HRSA geocoding coordinates, county/FIPS, operating hours per week, site status, and location setting. Site status: Active. Location setting: School. Operational schedule: Unknown. Daily hours, services, price, insurance, and accessibility fields were not supplied by this intake.",BPS-H80-028204,Health Center Service Delivery and Look-Alike Sites,2026-06-19,2026-06-19,needs_review,
hrsa-bps-h80-036393,CHC MOBILE HEALTH UNIT #1,community_health_center,675 Main St,Middletown,CT,09,Lower Connecticut River Valley Planning Region,09130,06457-2732,41.56505301,-72.65289378,860-347-6971,,,,,,,,,,HRSA operating hours per week: 25.00,unknown,,,,,,,,,HRSA Health Center Service Delivery and Look-Alike Sites,https://data.hrsa.gov/DataDownload/DD_Files/Health_Center_Service_Delivery_and_LookAlike_Sites.csv,2026-06-19,"Fields copied from the official HRSA CSV: site name, address, city, state, postal code, phone, website, HRSA geocoding coordinates, county/FIPS, operating hours per week, site status, and location setting. Site status: Active. Location setting: All Other Clinic Types. Operational schedule: Unknown. Daily hours, services, price, insurance, and accessibility fields were not supplied by this intake.",BPS-H80-036393,Health Center Service Delivery and Look-Alike Sites,2026-06-19,2026-06-19,needs_review,
hrsa-bps-h80-030475,Norwalk Community Health Center @ Smilow Life Center,community_health_center,55 Chestnut St,Norwalk,CT,09,Western Connecticut Planning Region,09190,06854-3622,41.09219457,-73.42049514,203-899-1770,,,,,,,,,,HRSA operating hours per week: 20.00,unknown,,,,,,,,,HRSA Health Center Service Delivery and Look-Alike Sites,https://data.hrsa.gov/DataDownload/DD_Files/Health_Center_Service_Delivery_and_LookAlike_Sites.csv,2026-06-19,"Fields copied from the official HRSA CSV: site name, address, city, state, postal code, phone, website, HRSA geocoding coordinates, county/FIPS, operating hours per week, site status, and location setting. Site status: Active. Location setting: All Other Clinic Types. Operational schedule: Unknown. Daily hours, services, price, insurance, and accessibility fields were not supplied by this intake.",BPS-H80-030475,Health Center Service Delivery and Look-Alike Sites,2026-06-19,2026-06-19,needs_review,
hrsa-bps-h80-010016,John F Kennedy Middle School SBHC,community_health_center,155 Raffia Rd,Enfield,CT,09,Capitol Planning Region,09110,06082-5691,41.95686998,-72.56361997,860-763-8855,www.chc1.com,,,,,,,,,HRSA operating hours per week: 40.00,unknown,,,,,,,,,HRSA Health Center Service Delivery and Look-Alike Sites,https://data.hrsa.gov/DataDownload/DD_Files/Health_Center_Service_Delivery_and_LookAlike_Sites.csv,2026-06-19,"Fields copied from the official HRSA CSV: site name, address, city, state, postal code, phone, website, HRSA geocoding coordinates, county/FIPS, operating hours per week, site status, and location setting. Site status: Active. Location setting: School. Operational schedule: Full-Time. Daily hours, services, price, insurance, and accessibility fields were not supplied by this intake.",BPS-H80-010016,Health Center Service Delivery and Look-Alike Sites,2026-06-19,2026-06-19,needs_review,
hrsa-bps-h80-034360,Plainfield Central School SBHC,community_health_center,75 Canterbury Rd,Plainfield,CT,09,Northeastern Connecticut Planning Region,09150,06374-1556,41.68373485,-71.93016057,860-564-6437,,,,,,,,,,HRSA operating hours per week: 20.00,unknown,,,,,,,,,HRSA Health Center Service Delivery and Look-Alike Sites,https://data.hrsa.gov/DataDownload/DD_Files/Health_Center_Service_Delivery_and_LookAlike_Sites.csv,2026-06-19,"Fields copied from the official HRSA CSV: site name, address, city, state, postal code, phone, website, HRSA geocoding coordinates, county/FIPS, operating hours per week, site status, and location setting. Site status: Active. Location setting: School. Operational schedule: Unknown. Daily hours, services, price, insurance, and accessibility fields were not supplied by this intake.",BPS-H80-034360,Health Center Service Delivery and Look-Alike Sites,2026-06-19,2026-06-19,needs_review,
hrsa-bps-h80-000145,"COMMUNITY HEALTH SERVICES, INC.",community_health_center,500 Albany Avenue,Hartford,CT,09,Capitol Planning Region,09110,06120-2599,41.77789577,-72.68497802,860-249-9625,www.chshartford.org,,,,,,,,,HRSA operating hours per week: 46.00,unknown,,,,,,,,,HRSA Health Center Service Delivery and Look-Alike Sites,https://data.hrsa.gov/DataDownload/DD_Files/Health_Center_Service_Delivery_and_LookAlike_Sites.csv,2026-06-19,"Fields copied from the official HRSA CSV: site name, address, city, state, postal code, phone, website, HRSA geocoding coordinates, county/FIPS, operating hours per week, site status, and location setting. Site status: Active. Location setting: All Other Clinic Types. Operational schedule: Full-Time. Daily hours, services, price, insurance, and accessibility fields were not supplied by this intake.",BPS-H80-000145,Health Center Service Delivery and Look-Alike Sites,2026-06-19,2026-06-19,needs_review,
hrsa-bps-h80-000155,State Street Health & Counseling Services,community_health_center,911 State St,New Haven,CT,09,South Central Connecticut Planning Region,09170,06511-3926,41.31436600,-72.91128002,203-503-3530,www.cornellscott.org,,,,,,,,,HRSA operating hours per week: 40.00,unknown,,,,,,,,,HRSA Health Center Service Delivery and Look-Alike Sites,https://data.hrsa.gov/DataDownload/DD_Files/Health_Center_Service_Delivery_and_LookAlike_Sites.csv,2026-06-19,"Fields copied from the official HRSA CSV: site name, address, city, state, postal code, phone, website, HRSA geocoding coordinates, county/FIPS, operating hours per week, site status, and location setting. Site status: Active. Location setting: All Other Clinic Types. Operational schedule: Full-Time. Daily hours, services, price, insurance, and accessibility fields were not supplied by this intake.",BPS-H80-000155,Health Center Service Delivery and Look-Alike Sites,2026-06-19,2026-06-19,needs_review,
hrsa-bps-h80-039295,CHC MOBILE HEALTH UNIT #2,community_health_center,675 Main St,Middletown,CT,09,Lower Connecticut River Valley Planning Region,09130,06457-2732,41.56505301,-72.65289378,860-347-6971,,,,,,,,,,HRSA operating hours per week: 25.00,unknown,,,,,,,,,HRSA Health Center Service Delivery and Look-Alike Sites,https://data.hrsa.gov/DataDownload/DD_Files/Health_Center_Service_Delivery_and_LookAlike_Sites.csv,2026-06-19,"Fields copied from the official HRSA CSV: site name, address, city, state, postal code, phone, website, HRSA geocoding coordinates, county/FIPS, operating hours per week, site status, and location setting. Site status: Active. Location setting: All Other Clinic Types. Operational schedule: Unknown. Daily hours, services, price, insurance, and accessibility fields were not supplied by this intake.",BPS-H80-039295,Health Center Service Delivery and Look-Alike Sites,2026-06-19,2026-06-19,needs_review,
hrsa-bps-h80-005790,StayWell Health Center at St. V's,community_health_center,114 Benedict St,Waterbury,CT,09,Naugatuck Valley Planning Region,09140,06706-1096,41.54868144,-73.04080255,203-754-0000,N/A,,,,,,,,,HRSA operating hours per week: 5.00,unknown,,,,,,,,,HRSA Health Center Service Delivery and Look-Alike Sites,https://data.hrsa.gov/DataDownload/DD_Files/Health_Center_Service_Delivery_and_LookAlike_Sites.csv,2026-06-19,"Fields copied from the official HRSA CSV: site name, address, city, state, postal code, phone, website, HRSA geocoding coordinates, county/FIPS, operating hours per week, site status, and location setting. Site status: Active. Location setting: All Other Clinic Types. Operational schedule: Part-Time. Daily hours, services, price, insurance, and accessibility fields were not supplied by this intake.",BPS-H80-005790,Health Center Service Delivery and Look-Alike Sites,2026-06-19,2026-06-19,needs_review,
hrsa-bps-h80-036854,Leonard J. Tyl Middle School - School Based Health Center,community_health_center,166 Chesterfield Rd,Oakdale,CT,09,Southeastern Connecticut Planning Region,09180,06370-1698,41.45747937,-72.16924505,860-848-2822,,,,,,,,,,HRSA operating hours per week: 37.50,unknown,,,,,,,,,HRSA Health Center Service Delivery and Look-Alike Sites,https://data.hrsa.gov/DataDownload/DD_Files/Health_Center_Service_Delivery_and_LookAlike_Sites.csv,2026-06-19,"Fields copied from the official HRSA CSV: site name, address, city, state, postal code, phone, website, HRSA geocoding coordinates, county/FIPS, operating hours per week, site status, and location setting. Site status: Active. Location setting: School. Operational schedule: Unknown. Daily hours, services, price, insurance, and accessibility fields were not supplied by this intake.",BPS-H80-036854,Health Center Service Delivery and Look-Alike Sites,2026-06-19,2026-06-19,needs_review,
hrsa-bps-h80-030993,Eagle Academy SBHC,community_health_center,1270 Enfield St,Enfield,CT,09,Capitol Planning Region,09110,06082,41.97880812,-72.59223963,203-253-6323,,,,,,,,,,HRSA operating hours per week: 20.00,unknown,,,,,,,,,HRSA Health Center Service Delivery and Look-Alike Sites,https://data.hrsa.gov/DataDownload/DD_Files/Health_Center_Service_Delivery_and_LookAlike_Sites.csv,2026-06-19,"Fields copied from the official HRSA CSV: site name, address, city, state, postal code, phone, website, HRSA geocoding coordinates, county/FIPS, operating hours per week, site status, and location setting. Site status: Active. Location setting: School. Operational schedule: Unknown. Daily hours, services, price, insurance, and accessibility fields were not supplied by this intake.",BPS-H80-030993,Health Center Service Delivery and Look-Alike Sites,2026-06-19,2026-06-19,needs_review,
hrsa-bps-h80-000447,KING ROBINSON SBHC,community_health_center,150 Fournier St,New Haven,CT,09,South Central Connecticut Planning Region,09170,06511-1770,41.33421808,-72.93945051,203-691-2791,www.cornellscott.org,,,,,,,,,HRSA operating hours per week: 37.50,unknown,,,,,,,,,HRSA Health Center Service Delivery and Look-Alike Sites,https://data.hrsa.gov/DataDownload/DD_Files/Health_Center_Service_Delivery_and_LookAlike_Sites.csv,2026-06-19,"Fields copied from the official HRSA CSV: site name, address, city, state, postal code, phone, website, HRSA geocoding coordinates, county/FIPS, operating hours per week, site status, and location setting. Site status: Active. Location setting: School. Operational schedule: Full-Time. Daily hours, services, price, insurance, and accessibility fields were not supplied by this intake.",BPS-H80-000447,Health Center Service Delivery and Look-Alike Sites,2026-06-19,2026-06-19,needs_review,
hrsa-bps-h80-033668,Southwest Elementary School,community_health_center,340 Litchfield St,Torrington,CT,09,Northwest Hills Planning Region,09160,06790-6495,41.79552383,-73.12714596,860-489-2311,www.chwctorr.org,,,,,,,,,HRSA operating hours per week: 8.00,unknown,,,,,,,,,HRSA Health Center Service Delivery and Look-Alike Sites,https://data.hrsa.gov/DataDownload/DD_Files/Health_Center_Service_Delivery_and_LookAlike_Sites.csv,2026-06-19,"Fields copied from the official HRSA CSV: site name, address, city, state, postal code, phone, website, HRSA geocoding coordinates, county/FIPS, operating hours per week, site status, and location setting. Site status: Active. Location setting: School. Operational schedule: Unknown. Daily hours, services, price, insurance, and accessibility fields were not supplied by this intake.",BPS-H80-033668,Health Center Service Delivery and Look-Alike Sites,2026-06-19,2026-06-19,needs_review,
hrsa-bps-h80-014024,Stafford Middle School,community_health_center,21 Levinthal Run,Stafford Springs,CT,09,Capitol Planning Region,09110,06076-3744,41.97152000,-72.30186998,860-347-6971,,,,,,,,,,HRSA operating hours per week: 20.00,unknown,,,,,,,,,HRSA Health Center Service Delivery and Look-Alike Sites,https://data.hrsa.gov/DataDownload/DD_Files/Health_Center_Service_Delivery_and_LookAlike_Sites.csv,2026-06-19,"Fields copied from the official HRSA CSV: site name, address, city, state, postal code, phone, website, HRSA geocoding coordinates, county/FIPS, operating hours per week, site status, and location setting. Site status: Active. Location setting: School. Operational schedule: Part-Time. Daily hours, services, price, insurance, and accessibility fields were not supplied by this intake.",BPS-H80-014024,Health Center Service Delivery and Look-Alike Sites,2026-06-19,2026-06-19,needs_review,
hrsa-bps-h80-030592,Stafford School,community_health_center,212 Louisiana Ave,Bristol,CT,09,Naugatuck Valley Planning Region,09140,06010-4499,41.68848999,-72.91753996,860-793-3500,www.wheelerclinic.org,,,,,,,,,HRSA operating hours per week: 40.00,unknown,,,,,,,,,HRSA Health Center Service Delivery and Look-Alike Sites,https://data.hrsa.gov/DataDownload/DD_Files/Health_Center_Service_Delivery_and_LookAlike_Sites.csv,2026-06-19,"Fields copied from the official HRSA CSV: site name, address, city, state, postal code, phone, website, HRSA geocoding coordinates, county/FIPS, operating hours per week, site status, and location setting. Site status: Active. Location setting: School. Operational schedule: Unknown. Daily hours, services, price, insurance, and accessibility fields were not supplied by this intake.",BPS-H80-030592,Health Center Service Delivery and Look-Alike Sites,2026-06-19,2026-06-19,needs_review,
hrsa-bps-h80-019687,Jefferson Elementary School SBHC,community_health_center,140 Horseplain Rd,New Britain,CT,09,Capitol Planning Region,09110,06053-1678,41.69592042,-72.79970055,860-223-8007,,,,,,,,,,HRSA operating hours per week: 20.00,unknown,,,,,,,,,HRSA Health Center Service Delivery and Look-Alike Sites,https://data.hrsa.gov/DataDownload/DD_Files/Health_Center_Service_Delivery_and_LookAlike_Sites.csv,2026-06-19,"Fields copied from the official HRSA CSV: site name, address, city, state, postal code, phone, website, HRSA geocoding coordinates, county/FIPS, operating hours per week, site status, and location setting. Site status: Active. Location setting: School. Operational schedule: Unknown. Daily hours, services, price, insurance, and accessibility fields were not supplied by this intake.",BPS-H80-019687,Health Center Service Delivery and Look-Alike Sites,2026-06-19,2026-06-19,needs_review,
hrsa-bps-h80-028206,Deer Run School SBHC,community_health_center,311 Foxon Rd,East Haven,CT,09,South Central Connecticut Planning Region,09170,06513-2000,41.32666993,-72.83548691,203-468-3324,,,,,,,,,,HRSA operating hours per week: 8.00,unknown,,,,,,,,,HRSA Health Center Service Delivery and Look-Alike Sites,https://data.hrsa.gov/DataDownload/DD_Files/Health_Center_Service_Delivery_and_LookAlike_Sites.csv,2026-06-19,"Fields copied from the official HRSA CSV: site name, address, city, state, postal code, phone, website, HRSA geocoding coordinates, county/FIPS, operating hours per week, site status, and location setting. Site status: Active. Location setting: School. Operational schedule: Unknown. Daily hours, services, price, insurance, and accessibility fields were not supplied by this intake.",BPS-H80-028206,Health Center Service Delivery and Look-Alike Sites,2026-06-19,2026-06-19,needs_review,
hrsa-bps-h80-018214,StayWell Naugatuck Health Center,community_health_center,30 Church St,Naugatuck,CT,09,Naugatuck Valley Planning Region,09140,06770-4112,41.48805853,-73.05641670,203-756-8021,,,,,,,,,,HRSA operating hours per week: 40.00,unknown,,,,,,,,,HRSA Health Center Service Delivery and Look-Alike Sites,https://data.hrsa.gov/DataDownload/DD_Files/Health_Center_Service_Delivery_and_LookAlike_Sites.csv,2026-06-19,"Fields copied from the official HRSA CSV: site name, address, city, state, postal code, phone, website, HRSA geocoding coordinates, county/FIPS, operating hours per week, site status, and location setting. Site status: Active. Location setting: All Other Clinic Types. Operational schedule: Unknown. Daily hours, services, price, insurance, and accessibility fields were not supplied by this intake.",BPS-H80-018214,Health Center Service Delivery and Look-Alike Sites,2026-06-19,2026-06-19,needs_review,
hrsa-bps-h80-039850,CHC MOBILE DENTAL UNIT B (MDU B),community_health_center,675 Main St,Middletown,CT,09,Lower Connecticut River Valley Planning Region,09130,06457-2732,41.56505301,-72.65289378,860-347-6971,,,,,,,,,,HRSA operating hours per week: 40.00,unknown,,,,,,,,,HRSA Health Center Service Delivery and Look-Alike Sites,https://data.hrsa.gov/DataDownload/DD_Files/Health_Center_Service_Delivery_and_LookAlike_Sites.csv,2026-06-19,"Fields copied from the official HRSA CSV: site name, address, city, state, postal code, phone, website, HRSA geocoding coordinates, county/FIPS, operating hours per week, site status, and location setting. Site status: Active. Location setting: All Other Clinic Types. Operational schedule: Unknown. Daily hours, services, price, insurance, and accessibility fields were not supplied by this intake.",BPS-H80-039850,Health Center Service Delivery and Look-Alike Sites,2026-06-19,2026-06-19,needs_review,
hrsa-bps-h80-000872,First Choice Health Centers (Suite 240),community_health_center,150 N Main St,Manchester,CT,09,Capitol Planning Region,09110,06042-2086,41.79459428,-72.52455661,860-646-4678,WWW.FIRSTCHC.ORG,,,,,,,,,HRSA operating hours per week: 42.50,unknown,,,,,,,,,HRSA Health Center Service Delivery and Look-Alike Sites,https://data.hrsa.gov/DataDownload/DD_Files/Health_Center_Service_Delivery_and_LookAlike_Sites.csv,2026-06-19,"Fields copied from the official HRSA CSV: site name, address, city, state, postal code, phone, website, HRSA geocoding coordinates, county/FIPS, operating hours per week, site status, and location setting. Site status: Active. Location setting: All Other Clinic Types. Operational schedule: Full-Time. Daily hours, services, price, insurance, and accessibility fields were not supplied by this intake.",BPS-H80-000872,Health Center Service Delivery and Look-Alike Sites,2026-06-19,2026-06-19,needs_review,
hrsa-bps-h80-029765,OPTIMUS on Boston Avenue,community_health_center,305 Boston Ave,Stratford,CT,09,Greater Bridgeport Planning Region,09120,06614-5256,41.19224972,-73.15367251,203-375-7242,https://optimushealthcare.org/opthc/,,,,,,,,,HRSA operating hours per week: 46.00,unknown,,,,,,,,,HRSA Health Center Service Delivery and Look-Alike Sites,https://data.hrsa.gov/DataDownload/DD_Files/Health_Center_Service_Delivery_and_LookAlike_Sites.csv,2026-06-19,"Fields copied from the official HRSA CSV: site name, address, city, state, postal code, phone, website, HRSA geocoding coordinates, county/FIPS, operating hours per week, site status, and location setting. Site status: Active. Location setting: All Other Clinic Types. Operational schedule: Unknown. Daily hours, services, price, insurance, and accessibility fields were not supplied by this intake.",BPS-H80-029765,Health Center Service Delivery and Look-Alike Sites,2026-06-19,2026-06-19,needs_review,
hrsa-bps-h80-015770,Gaffney Elementary School - SBHC,community_health_center,322 Slater Rd,New Britain,CT,09,Capitol Planning Region,09110,06053-3458,41.67582016,-72.81333421,860-225-6247,,,,,,,,,,HRSA operating hours per week: 40.00,unknown,,,,,,,,,HRSA Health Center Service Delivery and Look-Alike Sites,https://data.hrsa.gov/DataDownload/DD_Files/Health_Center_Service_Delivery_and_LookAlike_Sites.csv,2026-06-19,"Fields copied from the official HRSA CSV: site name, address, city, state, postal code, phone, website, HRSA geocoding coordinates, county/FIPS, operating hours per week, site status, and location setting. Site status: Active. Location setting: School. Operational schedule: Unknown. Daily hours, services, price, insurance, and accessibility fields were not supplied by this intake.",BPS-H80-015770,Health Center Service Delivery and Look-Alike Sites,2026-06-19,2026-06-19,needs_review,
hrsa-bps-h80-027478,Edgar H Parkman School SBHC,community_health_center,165 Weymouth Rd,Enfield,CT,09,Capitol Planning Region,09110,06082-6200,41.94899937,-72.57020295,860-253-6574,,,,,,,,,,HRSA operating hours per week: 20.00,unknown,,,,,,,,,HRSA Health Center Service Delivery and Look-Alike Sites,https://data.hrsa.gov/DataDownload/DD_Files/Health_Center_Service_Delivery_and_LookAlike_Sites.csv,2026-06-19,"Fields copied from the official HRSA CSV: site name, address, city, state, postal code, phone, website, HRSA geocoding coordinates, county/FIPS, operating hours per week, site status, and location setting. Site status: Active. Location setting: School. Operational schedule: Unknown. Daily hours, services, price, insurance, and accessibility fields were not supplied by this intake.",BPS-H80-027478,Health Center Service Delivery and Look-Alike Sites,2026-06-19,2026-06-19,needs_review,
hrsa-bps-h80-010525,Charter Oak Health Center Annex at 39 Grand Street,community_health_center,39 Grand St,Hartford,CT,09,Capitol Planning Region,09110,06106-4607,41.75940898,-72.68652599,860-550-7500,www.thecharteroak.org,,,,,,,,,HRSA operating hours per week: 1.00,unknown,,,,,,,,,HRSA Health Center Service Delivery and Look-Alike Sites,https://data.hrsa.gov/DataDownload/DD_Files/Health_Center_Service_Delivery_and_LookAlike_Sites.csv,2026-06-19,"Fields copied from the official HRSA CSV: site name, address, city, state, postal code, phone, website, HRSA geocoding coordinates, county/FIPS, operating hours per week, site status, and location setting. Site status: Active. Location setting: All Other Clinic Types. Operational schedule: Full-Time. Daily hours, services, price, insurance, and accessibility fields were not supplied by this intake.",BPS-H80-010525,Health Center Service Delivery and Look-Alike Sites,2026-06-19,2026-06-19,needs_review,
hrsa-bps-h80-029452,Torrington Middle School and High School,community_health_center,50 Major Besse Dr,Torrington,CT,09,Northwest Hills Planning Region,09160,06790-3793,41.81591000,-73.11051996,860-489-2294,,,,,,,,,,HRSA operating hours per week: 56.00,unknown,,,,,,,,,HRSA Health Center Service Delivery and Look-Alike Sites,https://data.hrsa.gov/DataDownload/DD_Files/Health_Center_Service_Delivery_and_LookAlike_Sites.csv,2026-06-19,"Fields copied from the official HRSA CSV: site name, address, city, state, postal code, phone, website, HRSA geocoding coordinates, county/FIPS, operating hours per week, site status, and location setting. Site status: Active. Location setting: School. Operational schedule: Unknown. Daily hours, services, price, insurance, and accessibility fields were not supplied by this intake.",BPS-H80-029452,Health Center Service Delivery and Look-Alike Sites,2026-06-19,2026-06-19,needs_review,
hrsa-bps-h80-021629,FAMILY HEALTH CENTER,community_health_center,762 Lindley St,Bridgeport,CT,09,Greater Bridgeport Planning Region,09120,06606-5046,41.20018818,-73.19841930,203-330-6000,,,,,,,,,,HRSA operating hours per week: 40.00,unknown,,,,,,,,,HRSA Health Center Service Delivery and Look-Alike Sites,https://data.hrsa.gov/DataDownload/DD_Files/Health_Center_Service_Delivery_and_LookAlike_Sites.csv,2026-06-19,"Fields copied from the official HRSA CSV: site name, address, city, state, postal code, phone, website, HRSA geocoding coordinates, county/FIPS, operating hours per week, site status, and location setting. Site status: Active. Location setting: All Other Clinic Types. Operational schedule: Unknown. Daily hours, services, price, insurance, and accessibility fields were not supplied by this intake.",BPS-H80-021629,Health Center Service Delivery and Look-Alike Sites,2026-06-19,2026-06-19,needs_review,
hrsa-bps-h80-001275,COMMUNITY HEALTH CENTER OF OLD SAYBROOK,community_health_center,263 Main St,Old Saybrook,CT,09,Lower Connecticut River Valley Planning Region,09130,06475-2326,41.28943068,-72.37622500,860-388-4433,www.chc1.com,,,,,,,,,HRSA operating hours per week: 42.50,unknown,,,,,,,,,HRSA Health Center Service Delivery and Look-Alike Sites,https://data.hrsa.gov/DataDownload/DD_Files/Health_Center_Service_Delivery_and_LookAlike_Sites.csv,2026-06-19,"Fields copied from the official HRSA CSV: site name, address, city, state, postal code, phone, website, HRSA geocoding coordinates, county/FIPS, operating hours per week, site status, and location setting. Site status: Active. Location setting: All Other Clinic Types. Operational schedule: Full-Time. Daily hours, services, price, insurance, and accessibility fields were not supplied by this intake.",BPS-H80-001275,Health Center Service Delivery and Look-Alike Sites,2026-06-19,2026-06-19,needs_review,
hrsa-bps-h80-034403,Arts at the Capitol Theater SBHC,community_health_center,896 Main St,Willimantic,CT,09,Southeastern Connecticut Planning Region,09180,06226-2310,41.71233223,-72.21612101,860-465-5636,,,,,,,,,,HRSA operating hours per week: 20.00,unknown,,,,,,,,,HRSA Health Center Service Delivery and Look-Alike Sites,https://data.hrsa.gov/DataDownload/DD_Files/Health_Center_Service_Delivery_and_LookAlike_Sites.csv,2026-06-19,"Fields copied from the official HRSA CSV: site name, address, city, state, postal code, phone, website, HRSA geocoding coordinates, county/FIPS, operating hours per week, site status, and location setting. Site status: Active. Location setting: School. Operational schedule: Unknown. Daily hours, services, price, insurance, and accessibility fields were not supplied by this intake.",BPS-H80-034403,Health Center Service Delivery and Look-Alike Sites,2026-06-19,2026-06-19,needs_review,
hrsa-bps-h80-039160,UCFS School Based Health Center at Integrated Day Charter School,community_health_center,68 Thermos Ave,Norwich,CT,09,Southeastern Connecticut Planning Region,09180,06360-6943,41.51027371,-72.07713163,860-892-1900,,,,,,,,,,HRSA operating hours per week: 14.00,unknown,,,,,,,,,HRSA Health Center Service Delivery and Look-Alike Sites,https://data.hrsa.gov/DataDownload/DD_Files/Health_Center_Service_Delivery_and_LookAlike_Sites.csv,2026-06-19,"Fields copied from the official HRSA CSV: site name, address, city, state, postal code, phone, website, HRSA geocoding coordinates, county/FIPS, operating hours per week, site status, and location setting. Site status: Active. Location setting: School. Operational schedule: Unknown. Daily hours, services, price, insurance, and accessibility fields were not supplied by this intake.",BPS-H80-039160,Health Center Service Delivery and Look-Alike Sites,2026-06-19,2026-06-19,needs_review,
hrsa-bps-h80-017685,Family Centers Health Care at Wilbur Peck Court,community_health_center,111 Wilbur Peck Ct,Greenwich,CT,09,Western Connecticut Planning Region,09190,06830,41.02460359,-73.61885809,203-717-1760,,,,,,,,,,HRSA operating hours per week: 40.00,unknown,,,,,,,,,HRSA Health Center Service Delivery and Look-Alike Sites,https://data.hrsa.gov/DataDownload/DD_Files/Health_Center_Service_Delivery_and_LookAlike_Sites.csv,2026-06-19,"Fields copied from the official HRSA CSV: site name, address, city, state, postal code, phone, website, HRSA geocoding coordinates, county/FIPS, operating hours per week, site status, and location setting. Site status: Active. Location setting: All Other Clinic Types. Operational schedule: Unknown. Daily hours, services, price, insurance, and accessibility fields were not supplied by this intake.",BPS-H80-017685,Health Center Service Delivery and Look-Alike Sites,2026-06-19,2026-06-19,needs_review,
hrsa-bps-h80-036947,Ross Woodward School Based Health Center,community_health_center,185 Barnes Ave,New Haven,CT,09,South Central Connecticut Planning Region,09170,06513-1707,41.32380688,-72.87770497,203-777-7411,,,,,,,,,,HRSA operating hours per week: 35.00,unknown,,,,,,,,,HRSA Health Center Service Delivery and Look-Alike Sites,https://data.hrsa.gov/DataDownload/DD_Files/Health_Center_Service_Delivery_and_LookAlike_Sites.csv,2026-06-19,"Fields copied from the official HRSA CSV: site name, address, city, state, postal code, phone, website, HRSA geocoding coordinates, county/FIPS, operating hours per week, site status, and location setting. Site status: Active. Location setting: School. Operational schedule: Unknown. Daily hours, services, price, insurance, and accessibility fields were not supplied by this intake.",BPS-H80-036947,Health Center Service Delivery and Look-Alike Sites,2026-06-19,2026-06-19,needs_review,
hrsa-bps-h80-035903,Crosby High School SBHC,community_health_center,300 Pierpont Rd,Waterbury,CT,09,Naugatuck Valley Planning Region,09140,06705-3999,41.54529251,-72.97311768,203-574-8060,,,,,,,,,,HRSA operating hours per week: 40.00,unknown,,,,,,,,,HRSA Health Center Service Delivery and Look-Alike Sites,https://data.hrsa.gov/DataDownload/DD_Files/Health_Center_Service_Delivery_and_LookAlike_Sites.csv,2026-06-19,"Fields copied from the official HRSA CSV: site name, address, city, state, postal code, phone, website, HRSA geocoding coordinates, county/FIPS, operating hours per week, site status, and location setting. Site status: Active. Location setting: School. Operational schedule: Unknown. Daily hours, services, price, insurance, and accessibility fields were not supplied by this intake.",BPS-H80-035903,Health Center Service Delivery and Look-Alike Sites,2026-06-19,2026-06-19,needs_review,
hrsa-bps-h80-012987,Generations Family Health Center - School Based Health Center at Putnam Public Schools,community_health_center,35 Wicker St,Putnam,CT,09,Northeastern Connecticut Planning Region,09150,06260-1443,41.92582001,-71.92293998,860-963-6920,www.genhealth.org,,,,,,,,,HRSA operating hours per week: 40.00,unknown,,,,,,,,,HRSA Health Center Service Delivery and Look-Alike Sites,https://data.hrsa.gov/DataDownload/DD_Files/Health_Center_Service_Delivery_and_LookAlike_Sites.csv,2026-06-19,"Fields copied from the official HRSA CSV: site name, address, city, state, postal code, phone, website, HRSA geocoding coordinates, county/FIPS, operating hours per week, site status, and location setting. Site status: Active. Location setting: School. Operational schedule: Part-Time. Daily hours, services, price, insurance, and accessibility fields were not supplied by this intake.",BPS-H80-012987,Health Center Service Delivery and Look-Alike Sites,2026-06-19,2026-06-19,needs_review,
hrsa-bps-h80-001593,GENERATIONS FHC - NORWICH,community_health_center,"330 Washington St, Suite 510",Norwich,CT,09,Southeastern Connecticut Planning Region,09180,06360-2733,41.54312625,-72.08841761,860-885-1308,www.genhealth.org,,,,,,,,,HRSA operating hours per week: 52.00,unknown,,,,,,,,,HRSA Health Center Service Delivery and Look-Alike Sites,https://data.hrsa.gov/DataDownload/DD_Files/Health_Center_Service_Delivery_and_LookAlike_Sites.csv,2026-06-19,"Fields copied from the official HRSA CSV: site name, address, city, state, postal code, phone, website, HRSA geocoding coordinates, county/FIPS, operating hours per week, site status, and location setting. Site status: Active. Location setting: All Other Clinic Types. Operational schedule: Full-Time. Daily hours, services, price, insurance, and accessibility fields were not supplied by this intake.",BPS-H80-001593,Health Center Service Delivery and Look-Alike Sites,2026-06-19,2026-06-19,needs_review,
hrsa-bps-h80-033007,"478 Burnside Ave East Hartford, CT 06108",community_health_center,478 Burnside Ave,East Hartford,CT,09,Capitol Planning Region,09110,06108-2425,41.77853288,-72.61907070,860-610-6191,,,,,,,,,,HRSA operating hours per week: 42.50,unknown,,,,,,,,,HRSA Health Center Service Delivery and Look-Alike Sites,https://data.hrsa.gov/DataDownload/DD_Files/Health_Center_Service_Delivery_and_LookAlike_Sites.csv,2026-06-19,"Fields copied from the official HRSA CSV: site name, address, city, state, postal code, phone, website, HRSA geocoding coordinates, county/FIPS, operating hours per week, site status, and location setting. Site status: Active. Location setting: All Other Clinic Types. Operational schedule: Unknown. Daily hours, services, price, insurance, and accessibility fields were not supplied by this intake.",BPS-H80-033007,Health Center Service Delivery and Look-Alike Sites,2026-06-19,2026-06-19,needs_review,
hrsa-bps-lal-035118,InterCommunity SBHC Illing Middle School,community_health_center,227 Middle Tpke W,Manchester,CT,09,Capitol Planning Region,09110,06040-4047,41.78205524,-72.53374606,860-569-5900 x158,https://www.intercommunityct.org/,,,,,,,,,HRSA operating hours per week: 40.00,unknown,,,,,,,,,HRSA Health Center Service Delivery and Look-Alike Sites,https://data.hrsa.gov/DataDownload/DD_Files/Health_Center_Service_Delivery_and_LookAlike_Sites.csv,2026-06-19,"Fields copied from the official HRSA CSV: site name, address, city, state, postal code, phone, website, HRSA geocoding coordinates, county/FIPS, operating hours per week, site status, and location setting. Site status: Active. Location setting: School. Operational schedule: Unknown. Daily hours, services, price, insurance, and accessibility fields were not supplied by this intake.",BPS-LAL-035118,Health Center Service Delivery and Look-Alike Sites,2026-06-19,2026-06-19,needs_review,
hrsa-bps-h80-033691,Schaghticoke Middle School,community_health_center,23 Hipp Rd,New Milford,CT,09,Western Connecticut Planning Region,09190,06776-2299,41.62069364,-73.39193020,860-354-2204,,,,,,,,,,HRSA operating hours per week: 35.00,unknown,,,,,,,,,HRSA Health Center Service Delivery and Look-Alike Sites,https://data.hrsa.gov/DataDownload/DD_Files/Health_Center_Service_Delivery_and_LookAlike_Sites.csv,2026-06-19,"Fields copied from the official HRSA CSV: site name, address, city, state, postal code, phone, website, HRSA geocoding coordinates, county/FIPS, operating hours per week, site status, and location setting. Site status: Active. Location setting: School. Operational schedule: Unknown. Daily hours, services, price, insurance, and accessibility fields were not supplied by this intake.",BPS-H80-033691,Health Center Service Delivery and Look-Alike Sites,2026-06-19,2026-06-19,needs_review,
hrsa-bps-h80-013965,StayWell Health Center,community_health_center,402 E Main St,Waterbury,CT,09,Naugatuck Valley Planning Region,09140,06702-1701,41.55416278,-73.03400533,203-755-1143,staywellhealth.org,,,,,,,,,HRSA operating hours per week: 15.00,unknown,,,,,,,,,HRSA Health Center Service Delivery and Look-Alike Sites,https://data.hrsa.gov/DataDownload/DD_Files/Health_Center_Service_Delivery_and_LookAlike_Sites.csv,2026-06-19,"Fields copied from the official HRSA CSV: site name, address, city, state, postal code, phone, website, HRSA geocoding coordinates, county/FIPS, operating hours per week, site status, and location setting. Site status: Active. Location setting: All Other Clinic Types. Operational schedule: Part-Time. Daily hours, services, price, insurance, and accessibility fields were not supplied by this intake.",BPS-H80-013965,Health Center Service Delivery and Look-Alike Sites,2026-06-19,2026-06-19,needs_review,
hrsa-bps-h80-034493,W.Y.A. Community Mental Health Associates (CMHA),community_health_center,233 Main St,New Britain,CT,09,Capitol Planning Region,09110,06051-4218,41.66749236,-72.78138852,860-347-6971,,,,,,,,,,HRSA operating hours per week: 8.00,unknown,,,,,,,,,HRSA Health Center Service Delivery and Look-Alike Sites,https://data.hrsa.gov/DataDownload/DD_Files/Health_Center_Service_Delivery_and_LookAlike_Sites.csv,2026-06-19,"Fields copied from the official HRSA CSV: site name, address, city, state, postal code, phone, website, HRSA geocoding coordinates, county/FIPS, operating hours per week, site status, and location setting. Site status: Active. Location setting: All Other Clinic Types. Operational schedule: Unknown. Daily hours, services, price, insurance, and accessibility fields were not supplied by this intake.",BPS-H80-034493,Health Center Service Delivery and Look-Alike Sites,2026-06-19,2026-06-19,needs_review,
hrsa-bps-h80-017908,Wilmont Crossing Health Center,community_health_center,122 Wilmot Rd,New Haven,CT,09,South Central Connecticut Planning Region,09170,06515-1007,41.34266431,-72.95848447,203-503-3000,www.cornellscott.org,,,,,,,,,HRSA operating hours per week: 40.00,unknown,,,,,,,,,HRSA Health Center Service Delivery and Look-Alike Sites,https://data.hrsa.gov/DataDownload/DD_Files/Health_Center_Service_Delivery_and_LookAlike_Sites.csv,2026-06-19,"Fields copied from the official HRSA CSV: site name, address, city, state, postal code, phone, website, HRSA geocoding coordinates, county/FIPS, operating hours per week, site status, and location setting. Site status: Active. Location setting: All Other Clinic Types. Operational schedule: Unknown. Daily hours, services, price, insurance, and accessibility fields were not supplied by this intake.",BPS-H80-017908,Health Center Service Delivery and Look-Alike Sites,2026-06-19,2026-06-19,needs_review,
hrsa-bps-h80-018757,UCFS at Kelly STEAM Magnet Middle School,community_health_center,25 Mahan Dr,Norwich,CT,09,Southeastern Connecticut Planning Region,09180,06360-2499,41.54712001,-72.07881999,860-823-4211,,,,,,,,,,HRSA operating hours per week: 35.00,unknown,,,,,,,,,HRSA Health Center Service Delivery and Look-Alike Sites,https://data.hrsa.gov/DataDownload/DD_Files/Health_Center_Service_Delivery_and_LookAlike_Sites.csv,2026-06-19,"Fields copied from the official HRSA CSV: site name, address, city, state, postal code, phone, website, HRSA geocoding coordinates, county/FIPS, operating hours per week, site status, and location setting. Site status: Active. Location setting: School. Operational schedule: Unknown. Daily hours, services, price, insurance, and accessibility fields were not supplied by this intake.",BPS-H80-018757,Health Center Service Delivery and Look-Alike Sites,2026-06-19,2026-06-19,needs_review,
hrsa-bps-h80-033901,CS-HHC at Dr. Reginald Mayo Early Learning Center,community_health_center,185 Goffe St,New Haven,CT,09,South Central Connecticut Planning Region,09170,06511-3307,41.31686658,-72.93646504,203-503-3000,,,,,,,,,,HRSA operating hours per week: 28.00,unknown,,,,,,,,,HRSA Health Center Service Delivery and Look-Alike Sites,https://data.hrsa.gov/DataDownload/DD_Files/Health_Center_Service_Delivery_and_LookAlike_Sites.csv,2026-06-19,"Fields copied from the official HRSA CSV: site name, address, city, state, postal code, phone, website, HRSA geocoding coordinates, county/FIPS, operating hours per week, site status, and location setting. Site status: Active. Location setting: School. Operational schedule: Unknown. Daily hours, services, price, insurance, and accessibility fields were not supplied by this intake.",BPS-H80-033901,Health Center Service Delivery and Look-Alike Sites,2026-06-19,2026-06-19,needs_review,
hrsa-bps-h80-037509,Pulaski Middle School,community_health_center,757 Farmington Ave,New Britain,CT,09,Capitol Planning Region,09110,06053-1364,41.69956370,-72.78777486,860-793-3500,www.wheelerclinic.org,,,,,,,,,HRSA operating hours per week: 40.00,unknown,,,,,,,,,HRSA Health Center Service Delivery and Look-Alike Sites,https://data.hrsa.gov/DataDownload/DD_Files/Health_Center_Service_Delivery_and_LookAlike_Sites.csv,2026-06-19,"Fields copied from the official HRSA CSV: site name, address, city, state, postal code, phone, website, HRSA geocoding coordinates, county/FIPS, operating hours per week, site status, and location setting. Site status: Active. Location setting: School. Operational schedule: Unknown. Daily hours, services, price, insurance, and accessibility fields were not supplied by this intake.",BPS-H80-037509,Health Center Service Delivery and Look-Alike Sites,2026-06-19,2026-06-19,needs_review,
hrsa-bps-h80-038001,Nichols Elementary School SBHC,community_health_center,396 Nichols Ave,Stratford,CT,09,Greater Bridgeport Planning Region,09120,06614-3997,41.20268850,-73.13969426,203-385-4294,,,,,,,,,,HRSA operating hours per week: 20.00,unknown,,,,,,,,,HRSA Health Center Service Delivery and Look-Alike Sites,https://data.hrsa.gov/DataDownload/DD_Files/Health_Center_Service_Delivery_and_LookAlike_Sites.csv,2026-06-19,"Fields copied from the official HRSA CSV: site name, address, city, state, postal code, phone, website, HRSA geocoding coordinates, county/FIPS, operating hours per week, site status, and location setting. Site status: Active. Location setting: School. Operational schedule: Unknown. Daily hours, services, price, insurance, and accessibility fields were not supplied by this intake.",BPS-H80-038001,Health Center Service Delivery and Look-Alike Sites,2026-06-19,2026-06-19,needs_review,
hrsa-bps-h80-041222,Platt Technical High School,community_health_center,600 Orange Ave,Milford,CT,09,South Central Connecticut Planning Region,09170,06461-2105,41.24994999,-73.04629999,203-783-5300,,,,,,,,,,HRSA operating hours per week: 24.00,unknown,,,,,,,,,HRSA Health Center Service Delivery and Look-Alike Sites,https://data.hrsa.gov/DataDownload/DD_Files/Health_Center_Service_Delivery_and_LookAlike_Sites.csv,2026-06-19,"Fields copied from the official HRSA CSV: site name, address, city, state, postal code, phone, website, HRSA geocoding coordinates, county/FIPS, operating hours per week, site status, and location setting. Site status: Active. Location setting: School. Operational schedule: Unknown. Daily hours, services, price, insurance, and accessibility fields were not supplied by this intake.",BPS-H80-041222,Health Center Service Delivery and Look-Alike Sites,2026-06-19,2026-06-19,needs_review,
hrsa-bps-h80-010267,"Cesar Batalla, School Based Health Center",community_health_center,606 Howard Ave,Bridgeport,CT,09,Greater Bridgeport Planning Region,09120,06605-2016,41.17010180,-73.20778121,203-579-8500,,,,,,,,,,HRSA operating hours per week: 35.00,unknown,,,,,,,,,HRSA Health Center Service Delivery and Look-Alike Sites,https://data.hrsa.gov/DataDownload/DD_Files/Health_Center_Service_Delivery_and_LookAlike_Sites.csv,2026-06-19,"Fields copied from the official HRSA CSV: site name, address, city, state, postal code, phone, website, HRSA geocoding coordinates, county/FIPS, operating hours per week, site status, and location setting. Site status: Active. Location setting: School. Operational schedule: Full-Time. Daily hours, services, price, insurance, and accessibility fields were not supplied by this intake.",BPS-H80-010267,Health Center Service Delivery and Look-Alike Sites,2026-06-19,2026-06-19,needs_review,
hrsa-bps-lal-028194,InterCommunity South Windsor,community_health_center,828 Sullivan Ave BLDG 1,South Windsor,CT,09,Capitol Planning Region,09110,06074-2093,41.84799430,-72.56859371,860-569-5900,,,,,,,,,,HRSA operating hours per week: 40.00,unknown,,,,,,,,,HRSA Health Center Service Delivery and Look-Alike Sites,https://data.hrsa.gov/DataDownload/DD_Files/Health_Center_Service_Delivery_and_LookAlike_Sites.csv,2026-06-19,"Fields copied from the official HRSA CSV: site name, address, city, state, postal code, phone, website, HRSA geocoding coordinates, county/FIPS, operating hours per week, site status, and location setting. Site status: Active. Location setting: All Other Clinic Types. Operational schedule: Unknown. Daily hours, services, price, insurance, and accessibility fields were not supplied by this intake.",BPS-LAL-028194,Health Center Service Delivery and Look-Alike Sites,2026-06-19,2026-06-19,needs_review,
hrsa-bps-h80-017503,Parkville Community Elementary School,community_health_center,1755 Park St,Hartford,CT,09,Capitol Planning Region,09110,06106-2160,41.75697242,-72.70718355,860-695-4720,,,,,,,,,,HRSA operating hours per week: 40.00,unknown,,,,,,,,,HRSA Health Center Service Delivery and Look-Alike Sites,https://data.hrsa.gov/DataDownload/DD_Files/Health_Center_Service_Delivery_and_LookAlike_Sites.csv,2026-06-19,"Fields copied from the official HRSA CSV: site name, address, city, state, postal code, phone, website, HRSA geocoding coordinates, county/FIPS, operating hours per week, site status, and location setting. Site status: Active. Location setting: School. Operational schedule: Unknown. Daily hours, services, price, insurance, and accessibility fields were not supplied by this intake.",BPS-H80-017503,Health Center Service Delivery and Look-Alike Sites,2026-06-19,2026-06-19,needs_review,
hrsa-bps-h80-036165,Stamford High School,community_health_center,55 Strawberry Hill Ave,Stamford,CT,09,Western Connecticut Planning Region,09190,06902-2690,41.06204000,-73.53237997,203-977-5512,,,,,,,,,,HRSA operating hours per week: 35.00,unknown,,,,,,,,,HRSA Health Center Service Delivery and Look-Alike Sites,https://data.hrsa.gov/DataDownload/DD_Files/Health_Center_Service_Delivery_and_LookAlike_Sites.csv,2026-06-19,"Fields copied from the official HRSA CSV: site name, address, city, state, postal code, phone, website, HRSA geocoding coordinates, county/FIPS, operating hours per week, site status, and location setting. Site status: Active. Location setting: School. Operational schedule: Unknown. Daily hours, services, price, insurance, and accessibility fields were not supplied by this intake.",BPS-H80-036165,Health Center Service Delivery and Look-Alike Sites,2026-06-19,2026-06-19,needs_review,
hrsa-bps-h80-013867,Pulaski Middle School,community_health_center,757 Farmington Ave,New Britain,CT,09,Capitol Planning Region,09110,06053-1364,41.69956370,-72.78777486,860-347-6971,,,,,,,,,,HRSA operating hours per week: 40.00,unknown,,,,,,,,,HRSA Health Center Service Delivery and Look-Alike Sites,https://data.hrsa.gov/DataDownload/DD_Files/Health_Center_Service_Delivery_and_LookAlike_Sites.csv,2026-06-19,"Fields copied from the official HRSA CSV: site name, address, city, state, postal code, phone, website, HRSA geocoding coordinates, county/FIPS, operating hours per week, site status, and location setting. Site status: Active. Location setting: School. Operational schedule: Full-Time. Daily hours, services, price, insurance, and accessibility fields were not supplied by this intake.",BPS-H80-013867,Health Center Service Delivery and Look-Alike Sites,2026-06-19,2026-06-19,needs_review,
hrsa-bps-h80-013873,Venture Academy,community_health_center,883 Paddock Ave,Meriden,CT,09,South Central Connecticut Planning Region,09170,06450-7044,41.50508745,-72.77659985,860-347-6971,,,,,,,,,,HRSA operating hours per week: 20.00,unknown,,,,,,,,,HRSA Health Center Service Delivery and Look-Alike Sites,https://data.hrsa.gov/DataDownload/DD_Files/Health_Center_Service_Delivery_and_LookAlike_Sites.csv,2026-06-19,"Fields copied from the official HRSA CSV: site name, address, city, state, postal code, phone, website, HRSA geocoding coordinates, county/FIPS, operating hours per week, site status, and location setting. Site status: Active. Location setting: School. Operational schedule: Part-Time. Daily hours, services, price, insurance, and accessibility fields were not supplied by this intake.",BPS-H80-013873,Health Center Service Delivery and Look-Alike Sites,2026-06-19,2026-06-19,needs_review,
hrsa-bps-h80-024632,Norwich Free Academy - School Based Health Center,community_health_center,305 Broadway,Norwich,CT,09,Southeastern Connecticut Planning Region,09180,06360-3563,41.53729999,-72.08273996,860-887-2505,,,,,,,,,,HRSA operating hours per week: 37.50,unknown,,,,,,,,,HRSA Health Center Service Delivery and Look-Alike Sites,https://data.hrsa.gov/DataDownload/DD_Files/Health_Center_Service_Delivery_and_LookAlike_Sites.csv,2026-06-19,"Fields copied from the official HRSA CSV: site name, address, city, state, postal code, phone, website, HRSA geocoding coordinates, county/FIPS, operating hours per week, site status, and location setting. Site status: Active. Location setting: School. Operational schedule: Unknown. Daily hours, services, price, insurance, and accessibility fields were not supplied by this intake.",BPS-H80-024632,Health Center Service Delivery and Look-Alike Sites,2026-06-19,2026-06-19,needs_review,
hrsa-bps-h80-033014,UCFS General Administration,community_health_center,34 E Town St,Norwich,CT,09,Southeastern Connecticut Planning Region,09180,06360-2326,41.55026997,-72.09160902,860-889-2375,,,,,,,,,,,unknown,,,,,,,,,HRSA Health Center Service Delivery and Look-Alike Sites,https://data.hrsa.gov/DataDownload/DD_Files/Health_Center_Service_Delivery_and_LookAlike_Sites.csv,2026-06-19,"Fields copied from the official HRSA CSV: site name, address, city, state, postal code, phone, website, HRSA geocoding coordinates, county/FIPS, operating hours per week, site status, and location setting. Site status: Active. Location setting: Unknown. Operational schedule: Unknown. Daily hours, services, price, insurance, and accessibility fields were not supplied by this intake.",BPS-H80-033014,Health Center Service Delivery and Look-Alike Sites,2026-06-19,2026-06-19,needs_review,
hrsa-bps-h80-019641,Chippens Hill Middle School,community_health_center,551 Peacedale St,Bristol,CT,09,Naugatuck Valley Planning Region,09140,06010-8939,41.69913061,-72.96522997,860-793-4778,www.wheelerclinic.org,,,,,,,,,HRSA operating hours per week: 40.00,unknown,,,,,,,,,HRSA Health Center Service Delivery and Look-Alike Sites,https://data.hrsa.gov/DataDownload/DD_Files/Health_Center_Service_Delivery_and_LookAlike_Sites.csv,2026-06-19,"Fields copied from the official HRSA CSV: site name, address, city, state, postal code, phone, website, HRSA geocoding coordinates, county/FIPS, operating hours per week, site status, and location setting. Site status: Active. Location setting: School. Operational schedule: Unknown. Daily hours, services, price, insurance, and accessibility fields were not supplied by this intake.",BPS-H80-019641,Health Center Service Delivery and Look-Alike Sites,2026-06-19,2026-06-19,needs_review,
hrsa-bps-h80-027551,Church Street School SBHC,community_health_center,95 Church St,Hamden,CT,09,South Central Connecticut Planning Region,09170,06514-3400,41.35470324,-72.93355082,203-407-2020,https://www.hamden.org/page.cfm?p=3274,,,,,,,,,HRSA operating hours per week: 24.00,unknown,,,,,,,,,HRSA Health Center Service Delivery and Look-Alike Sites,https://data.hrsa.gov/DataDownload/DD_Files/Health_Center_Service_Delivery_and_LookAlike_Sites.csv,2026-06-19,"Fields copied from the official HRSA CSV: site name, address, city, state, postal code, phone, website, HRSA geocoding coordinates, county/FIPS, operating hours per week, site status, and location setting. Site status: Active. Location setting: School. Operational schedule: Unknown. Daily hours, services, price, insurance, and accessibility fields were not supplied by this intake.",BPS-H80-027551,Health Center Service Delivery and Look-Alike Sites,2026-06-19,2026-06-19,needs_review,
hrsa-bps-h80-034281,Green Acres Elementary School SBHC,community_health_center,146 Upper State St,North Haven,CT,09,South Central Connecticut Planning Region,09170,06473-1298,41.40593318,-72.86412922,203-239-5387,,,,,,,,,,HRSA operating hours per week: 20.00,unknown,,,,,,,,,HRSA Health Center Service Delivery and Look-Alike Sites,https://data.hrsa.gov/DataDownload/DD_Files/Health_Center_Service_Delivery_and_LookAlike_Sites.csv,2026-06-19,"Fields copied from the official HRSA CSV: site name, address, city, state, postal code, phone, website, HRSA geocoding coordinates, county/FIPS, operating hours per week, site status, and location setting. Site status: Active. Location setting: School. Operational schedule: Unknown. Daily hours, services, price, insurance, and accessibility fields were not supplied by this intake.",BPS-H80-034281,Health Center Service Delivery and Look-Alike Sites,2026-06-19,2026-06-19,needs_review,
hrsa-bps-lal-033153,InterCommunity Mobile Van  #1,community_health_center,16 Coventry St,Hartford,CT,09,Capitol Planning Region,09110,06112-1524,41.79658264,-72.68964658,860-569-5900 x159,,,,,,,,,,HRSA operating hours per week: 40.00,unknown,,,,,,,,,HRSA Health Center Service Delivery and Look-Alike Sites,https://data.hrsa.gov/DataDownload/DD_Files/Health_Center_Service_Delivery_and_LookAlike_Sites.csv,2026-06-19,"Fields copied from the official HRSA CSV: site name, address, city, state, postal code, phone, website, HRSA geocoding coordinates, county/FIPS, operating hours per week, site status, and location setting. Site status: Active. Location setting: All Other Clinic Types. Operational schedule: Unknown. Daily hours, services, price, insurance, and accessibility fields were not supplied by this intake.",BPS-LAL-033153,Health Center Service Delivery and Look-Alike Sites,2026-06-19,2026-06-19,needs_review,
hrsa-bps-h80-019638,West Bristol School,community_health_center,500 Clark Ave,Bristol,CT,09,Naugatuck Valley Planning Region,09140,06010-9601,41.68375669,-72.98114201,860-793-4765,,,,,,,,,,HRSA operating hours per week: 40.00,unknown,,,,,,,,,HRSA Health Center Service Delivery and Look-Alike Sites,https://data.hrsa.gov/DataDownload/DD_Files/Health_Center_Service_Delivery_and_LookAlike_Sites.csv,2026-06-19,"Fields copied from the official HRSA CSV: site name, address, city, state, postal code, phone, website, HRSA geocoding coordinates, county/FIPS, operating hours per week, site status, and location setting. Site status: Active. Location setting: School. Operational schedule: Unknown. Daily hours, services, price, insurance, and accessibility fields were not supplied by this intake.",BPS-H80-019638,Health Center Service Delivery and Look-Alike Sites,2026-06-19,2026-06-19,needs_review,
hrsa-bps-h80-011660,Mobile Van #1,community_health_center,120 Connecticut Ave,Norwalk,CT,09,Western Connecticut Planning Region,09190,06854-1525,41.10607579,-73.42823030,203-899-1770,www.norwalkchc.org,,,,,,,,,HRSA operating hours per week: 20.00,unknown,,,,,,,,,HRSA Health Center Service Delivery and Look-Alike Sites,https://data.hrsa.gov/DataDownload/DD_Files/Health_Center_Service_Delivery_and_LookAlike_Sites.csv,2026-06-19,"Fields copied from the official HRSA CSV: site name, address, city, state, postal code, phone, website, HRSA geocoding coordinates, county/FIPS, operating hours per week, site status, and location setting. Site status: Active. Location setting: All Other Clinic Types. Operational schedule: Part-Time. Daily hours, services, price, insurance, and accessibility fields were not supplied by this intake.",BPS-H80-011660,Health Center Service Delivery and Look-Alike Sites,2026-06-19,2026-06-19,needs_review,
hrsa-bps-h80-002704,Community Health Services,community_health_center,500 Albany Avenue,Hartford,CT,09,Capitol Planning Region,09110,06120-2599,41.77789577,-72.68497802,860-808-8703,http://www.chshartford.org,,,,,,,,,HRSA operating hours per week: 45.50,unknown,,,,,,,,,HRSA Health Center Service Delivery and Look-Alike Sites,https://data.hrsa.gov/DataDownload/DD_Files/Health_Center_Service_Delivery_and_LookAlike_Sites.csv,2026-06-19,"Fields copied from the official HRSA CSV: site name, address, city, state, postal code, phone, website, HRSA geocoding coordinates, county/FIPS, operating hours per week, site status, and location setting. Site status: Active. Location setting: All Other Clinic Types. Operational schedule: Full-Time. Daily hours, services, price, insurance, and accessibility fields were not supplied by this intake.",BPS-H80-002704,Health Center Service Delivery and Look-Alike Sites,2026-06-19,2026-06-19,needs_review,
hrsa-bps-h80-035780,Wheeler Mobile Health & Wellness #1,community_health_center,91 Northwest Dr,Plainville,CT,09,Capitol Planning Region,09110,06062-1552,41.69250144,-72.87987672,860-793-3500,www.wheelerclinic.org,,,,,,,,,HRSA operating hours per week: 12.00,unknown,,,,,,,,,HRSA Health Center Service Delivery and Look-Alike Sites,https://data.hrsa.gov/DataDownload/DD_Files/Health_Center_Service_Delivery_and_LookAlike_Sites.csv,2026-06-19,"Fields copied from the official HRSA CSV: site name, address, city, state, postal code, phone, website, HRSA geocoding coordinates, county/FIPS, operating hours per week, site status, and location setting. Site status: Active. Location setting: All Other Clinic Types. Operational schedule: Unknown. Daily hours, services, price, insurance, and accessibility fields were not supplied by this intake.",BPS-H80-035780,Health Center Service Delivery and Look-Alike Sites,2026-06-19,2026-06-19,needs_review,
hrsa-bps-h80-002710,First Choice Health Centers,community_health_center,94 Connecticut Blvd,East Hartford,CT,09,Capitol Planning Region,09110,06108-3013,41.77045247,-72.64831516,860-528-1359,WWW.FIRSTCHC.ORG,,,,,,,,,HRSA operating hours per week: 48.50,unknown,,,,,,,,,HRSA Health Center Service Delivery and Look-Alike Sites,https://data.hrsa.gov/DataDownload/DD_Files/Health_Center_Service_Delivery_and_LookAlike_Sites.csv,2026-06-19,"Fields copied from the official HRSA CSV: site name, address, city, state, postal code, phone, website, HRSA geocoding coordinates, county/FIPS, operating hours per week, site status, and location setting. Site status: Active. Location setting: All Other Clinic Types. Operational schedule: Full-Time. Daily hours, services, price, insurance, and accessibility fields were not supplied by this intake.",BPS-H80-002710,Health Center Service Delivery and Look-Alike Sites,2026-06-19,2026-06-19,needs_review,
hrsa-bps-h80-010289,Torrington Intermediate School,community_health_center,200 Middle School Dr,Torrington,CT,09,Northwest Hills Planning Region,09160,06790-3168,41.83378999,-73.07006001,860-496-4050,,,,,,,,,,HRSA operating hours per week: 40.00,unknown,,,,,,,,,HRSA Health Center Service Delivery and Look-Alike Sites,https://data.hrsa.gov/DataDownload/DD_Files/Health_Center_Service_Delivery_and_LookAlike_Sites.csv,2026-06-19,"Fields copied from the official HRSA CSV: site name, address, city, state, postal code, phone, website, HRSA geocoding coordinates, county/FIPS, operating hours per week, site status, and location setting. Site status: Active. Location setting: School. Operational schedule: Part-Time. Daily hours, services, price, insurance, and accessibility fields were not supplied by this intake.",BPS-H80-010289,Health Center Service Delivery and Look-Alike Sites,2026-06-19,2026-06-19,needs_review,
hrsa-bps-h80-036134,Cloonan Middle School,community_health_center,11 W North St,Stamford,CT,09,Western Connecticut Planning Region,09190,06902-2299,41.05974776,-73.54719959,203-977-6626,,,,,,,,,,HRSA operating hours per week: 35.00,unknown,,,,,,,,,HRSA Health Center Service Delivery and Look-Alike Sites,https://data.hrsa.gov/DataDownload/DD_Files/Health_Center_Service_Delivery_and_LookAlike_Sites.csv,2026-06-19,"Fields copied from the official HRSA CSV: site name, address, city, state, postal code, phone, website, HRSA geocoding coordinates, county/FIPS, operating hours per week, site status, and location setting. Site status: Active. Location setting: School. Operational schedule: Unknown. Daily hours, services, price, insurance, and accessibility fields were not supplied by this intake.",BPS-H80-036134,Health Center Service Delivery and Look-Alike Sites,2026-06-19,2026-06-19,needs_review,
hrsa-bps-h80-032521,Anna H. Rockwell SBHC,community_health_center,400 Whittlesey Dr,Bethel,CT,09,Western Connecticut Planning Region,09190,06801-1534,41.38297000,-73.39503000,203-794-8688,,,,,,,,,,HRSA operating hours per week: 20.00,unknown,,,,,,,,,HRSA Health Center Service Delivery and Look-Alike Sites,https://data.hrsa.gov/DataDownload/DD_Files/Health_Center_Service_Delivery_and_LookAlike_Sites.csv,2026-06-19,"Fields copied from the official HRSA CSV: site name, address, city, state, postal code, phone, website, HRSA geocoding coordinates, county/FIPS, operating hours per week, site status, and location setting. Site status: Active. Location setting: School. Operational schedule: Unknown. Daily hours, services, price, insurance, and accessibility fields were not supplied by this intake.",BPS-H80-032521,Health Center Service Delivery and Look-Alike Sites,2026-06-19,2026-06-19,needs_review,
hrsa-bps-h80-002819,Health Care for the Homeless Team,community_health_center,226 Dixwell Ave,New Haven,CT,09,South Central Connecticut Planning Region,09170,06511-3456,41.31907336,-72.93461968,203-503-3420,www.cornellscott.org,,,,,,,,,HRSA operating hours per week: 59.00,unknown,,,,,,,,,HRSA Health Center Service Delivery and Look-Alike Sites,https://data.hrsa.gov/DataDownload/DD_Files/Health_Center_Service_Delivery_and_LookAlike_Sites.csv,2026-06-19,"Fields copied from the official HRSA CSV: site name, address, city, state, postal code, phone, website, HRSA geocoding coordinates, county/FIPS, operating hours per week, site status, and location setting. Site status: Active. Location setting: All Other Clinic Types. Operational schedule: Full-Time. Daily hours, services, price, insurance, and accessibility fields were not supplied by this intake.",BPS-H80-002819,Health Center Service Delivery and Look-Alike Sites,2026-06-19,2026-06-19,needs_review,
hrsa-bps-h80-027477,Henry Barnard School SBHC,community_health_center,27 Shaker Rd,Enfield,CT,09,Capitol Planning Region,09110,06082-3100,42.00290511,-72.56228909,860-253-6544,,,,,,,,,,HRSA operating hours per week: 20.00,unknown,,,,,,,,,HRSA Health Center Service Delivery and Look-Alike Sites,https://data.hrsa.gov/DataDownload/DD_Files/Health_Center_Service_Delivery_and_LookAlike_Sites.csv,2026-06-19,"Fields copied from the official HRSA CSV: site name, address, city, state, postal code, phone, website, HRSA geocoding coordinates, county/FIPS, operating hours per week, site status, and location setting. Site status: Active. Location setting: School. Operational schedule: Unknown. Daily hours, services, price, insurance, and accessibility fields were not supplied by this intake.",BPS-H80-027477,Health Center Service Delivery and Look-Alike Sites,2026-06-19,2026-06-19,needs_review,
hrsa-bps-h80-007626,Beman Middle School SBHC,community_health_center,370 Hunting Hill Ave,Middletown,CT,09,Lower Connecticut River Valley Planning Region,09130,06457-4334,41.54011999,-72.64541997,860-343-0333,www.chc1.com,,,,,,,,,HRSA operating hours per week: 40.00,unknown,,,,,,,,,HRSA Health Center Service Delivery and Look-Alike Sites,https://data.hrsa.gov/DataDownload/DD_Files/Health_Center_Service_Delivery_and_LookAlike_Sites.csv,2026-06-19,"Fields copied from the official HRSA CSV: site name, address, city, state, postal code, phone, website, HRSA geocoding coordinates, county/FIPS, operating hours per week, site status, and location setting. Site status: Active. Location setting: School. Operational schedule: Full-Time. Daily hours, services, price, insurance, and accessibility fields were not supplied by this intake.",BPS-H80-007626,Health Center Service Delivery and Look-Alike Sites,2026-06-19,2026-06-19,needs_review,
hrsa-bps-h80-002836,OPTIMUS Ralphola Taylor Community Health Center,community_health_center,790 Central Ave,Bridgeport,CT,09,Greater Bridgeport Planning Region,09120,06607-1796,41.17796612,-73.16495790,203-332-4564,www.optimushealthcare.org,,,,,,,,,HRSA operating hours per week: 37.50,unknown,,,,,,,,,HRSA Health Center Service Delivery and Look-Alike Sites,https://data.hrsa.gov/DataDownload/DD_Files/Health_Center_Service_Delivery_and_LookAlike_Sites.csv,2026-06-19,"Fields copied from the official HRSA CSV: site name, address, city, state, postal code, phone, website, HRSA geocoding coordinates, county/FIPS, operating hours per week, site status, and location setting. Site status: Active. Location setting: All Other Clinic Types. Operational schedule: Full-Time. Daily hours, services, price, insurance, and accessibility fields were not supplied by this intake.",BPS-H80-002836,Health Center Service Delivery and Look-Alike Sites,2026-06-19,2026-06-19,needs_review,
hrsa-bps-h80-019576,Joseph Melillo Middle School,community_health_center,67 Hudson St,East Haven,CT,09,South Central Connecticut Planning Region,09170,06512-1597,41.28630000,-72.86674001,203-468-3226,,,,,,,,,,HRSA operating hours per week: 35.00,unknown,,,,,,,,,HRSA Health Center Service Delivery and Look-Alike Sites,https://data.hrsa.gov/DataDownload/DD_Files/Health_Center_Service_Delivery_and_LookAlike_Sites.csv,2026-06-19,"Fields copied from the official HRSA CSV: site name, address, city, state, postal code, phone, website, HRSA geocoding coordinates, county/FIPS, operating hours per week, site status, and location setting. Site status: Active. Location setting: School. Operational schedule: Unknown. Daily hours, services, price, insurance, and accessibility fields were not supplied by this intake.",BPS-H80-019576,Health Center Service Delivery and Look-Alike Sites,2026-06-19,2026-06-19,needs_review,
hrsa-bps-h80-036164,Rippowam MS/AITE HS,community_health_center,381 High Ridge Rd,Stamford,CT,09,Western Connecticut Planning Region,09190,06905-3018,41.08418884,-73.54623492,203-977-5130,,,,,,,,,,HRSA operating hours per week: 35.00,unknown,,,,,,,,,HRSA Health Center Service Delivery and Look-Alike Sites,https://data.hrsa.gov/DataDownload/DD_Files/Health_Center_Service_Delivery_and_LookAlike_Sites.csv,2026-06-19,"Fields copied from the official HRSA CSV: site name, address, city, state, postal code, phone, website, HRSA geocoding coordinates, county/FIPS, operating hours per week, site status, and location setting. Site status: Active. Location setting: School. Operational schedule: Unknown. Daily hours, services, price, insurance, and accessibility fields were not supplied by this intake.",BPS-H80-036164,Health Center Service Delivery and Look-Alike Sites,2026-06-19,2026-06-19,needs_review,
hrsa-bps-h80-039317,W.Y.A. ALLIANCE FOR LIVING,community_health_center,154 Broad St,New London,CT,09,Southeastern Connecticut Planning Region,09180,06320-5741,41.35856416,-72.10499609,860-347-6971,,,,,,,,,,HRSA operating hours per week: 16.00,unknown,,,,,,,,,HRSA Health Center Service Delivery and Look-Alike Sites,https://data.hrsa.gov/DataDownload/DD_Files/Health_Center_Service_Delivery_and_LookAlike_Sites.csv,2026-06-19,"Fields copied from the official HRSA CSV: site name, address, city, state, postal code, phone, website, HRSA geocoding coordinates, county/FIPS, operating hours per week, site status, and location setting. Site status: Active. Location setting: All Other Clinic Types. Operational schedule: Unknown. Daily hours, services, price, insurance, and accessibility fields were not supplied by this intake.",BPS-H80-039317,Health Center Service Delivery and Look-Alike Sites,2026-06-19,2026-06-19,needs_review,
hrsa-bps-h80-032070,Mobile Medical Unit,community_health_center,469 Migeon Ave,Torrington,CT,09,Northwest Hills Planning Region,09160,06790-4643,41.81151688,-73.13326132,860-489-0931,,,,,,,,,,HRSA operating hours per week: 4.00,unknown,,,,,,,,,HRSA Health Center Service Delivery and Look-Alike Sites,https://data.hrsa.gov/DataDownload/DD_Files/Health_Center_Service_Delivery_and_LookAlike_Sites.csv,2026-06-19,"Fields copied from the official HRSA CSV: site name, address, city, state, postal code, phone, website, HRSA geocoding coordinates, county/FIPS, operating hours per week, site status, and location setting. Site status: Active. Location setting: All Other Clinic Types. Operational schedule: Unknown. Daily hours, services, price, insurance, and accessibility fields were not supplied by this intake.",BPS-H80-032070,Health Center Service Delivery and Look-Alike Sites,2026-06-19,2026-06-19,needs_review,
hrsa-bps-h80-027122,Charter Oak Health Center Bloomfield,community_health_center,693 Bloomfield Ave,Bloomfield,CT,09,Capitol Planning Region,09110,06002-2489,41.82724037,-72.73791871,860-243-6584,www.thecharteroak.org,,,,,,,,,HRSA operating hours per week: 40.00,unknown,,,,,,,,,HRSA Health Center Service Delivery and Look-Alike Sites,https://data.hrsa.gov/DataDownload/DD_Files/Health_Center_Service_Delivery_and_LookAlike_Sites.csv,2026-06-19,"Fields copied from the official HRSA CSV: site name, address, city, state, postal code, phone, website, HRSA geocoding coordinates, county/FIPS, operating hours per week, site status, and location setting. Site status: Active. Location setting: All Other Clinic Types. Operational schedule: Unknown. Daily hours, services, price, insurance, and accessibility fields were not supplied by this intake.",BPS-H80-027122,Health Center Service Delivery and Look-Alike Sites,2026-06-19,2026-06-19,needs_review,
hrsa-bps-h80-028284,Family Academy of Multi-Lingual Exploration (FAME),community_health_center,255 Blatchley Ave,New Haven,CT,09,South Central Connecticut Planning Region,09170,06513-3509,41.30962201,-72.89886500,203-777-7411,www.fhchc.org,,,,,,,,,HRSA operating hours per week: 35.00,unknown,,,,,,,,,HRSA Health Center Service Delivery and Look-Alike Sites,https://data.hrsa.gov/DataDownload/DD_Files/Health_Center_Service_Delivery_and_LookAlike_Sites.csv,2026-06-19,"Fields copied from the official HRSA CSV: site name, address, city, state, postal code, phone, website, HRSA geocoding coordinates, county/FIPS, operating hours per week, site status, and location setting. Site status: Active. Location setting: School. Operational schedule: Unknown. Daily hours, services, price, insurance, and accessibility fields were not supplied by this intake.",BPS-H80-028284,Health Center Service Delivery and Look-Alike Sites,2026-06-19,2026-06-19,needs_review,
hrsa-bps-h80-035889,FCHC Mobile Medical Services (2),community_health_center,94 Connecticut Blvd,East Hartford,CT,09,Capitol Planning Region,09110,06108-3013,41.77045247,-72.64831516,860-528-1359,,,,,,,,,,HRSA operating hours per week: 40.00,unknown,,,,,,,,,HRSA Health Center Service Delivery and Look-Alike Sites,https://data.hrsa.gov/DataDownload/DD_Files/Health_Center_Service_Delivery_and_LookAlike_Sites.csv,2026-06-19,"Fields copied from the official HRSA CSV: site name, address, city, state, postal code, phone, website, HRSA geocoding coordinates, county/FIPS, operating hours per week, site status, and location setting. Site status: Active. Location setting: All Other Clinic Types. Operational schedule: Unknown. Daily hours, services, price, insurance, and accessibility fields were not supplied by this intake.",BPS-H80-035889,Health Center Service Delivery and Look-Alike Sites,2026-06-19,2026-06-19,needs_review,
hrsa-bps-h80-031237,Plainville Family Health and Wellness Center,community_health_center,91 Northwest Dr,Plainville,CT,09,Capitol Planning Region,09110,06062-1552,41.69250144,-72.87987672,860-793-3500,www.wheelerclinic.org,,,,,,,,,HRSA operating hours per week: 54.00,unknown,,,,,,,,,HRSA Health Center Service Delivery and Look-Alike Sites,https://data.hrsa.gov/DataDownload/DD_Files/Health_Center_Service_Delivery_and_LookAlike_Sites.csv,2026-06-19,"Fields copied from the official HRSA CSV: site name, address, city, state, postal code, phone, website, HRSA geocoding coordinates, county/FIPS, operating hours per week, site status, and location setting. Site status: Active. Location setting: All Other Clinic Types. Operational schedule: Unknown. Daily hours, services, price, insurance, and accessibility fields were not supplied by this intake.",BPS-H80-031237,Health Center Service Delivery and Look-Alike Sites,2026-06-19,2026-06-19,needs_review,
hrsa-bps-h80-039451,Fair Haven Community Health Care at BHcare,community_health_center,28 Branford Rd,North Branford,CT,09,South Central Connecticut Planning Region,09170,06471-1301,41.30662921,-72.77142151,203-777-7411,,,,,,,,,,HRSA operating hours per week: 4.00,unknown,,,,,,,,,HRSA Health Center Service Delivery and Look-Alike Sites,https://data.hrsa.gov/DataDownload/DD_Files/Health_Center_Service_Delivery_and_LookAlike_Sites.csv,2026-06-19,"Fields copied from the official HRSA CSV: site name, address, city, state, postal code, phone, website, HRSA geocoding coordinates, county/FIPS, operating hours per week, site status, and location setting. Site status: Active. Location setting: All Other Clinic Types. Operational schedule: Unknown. Daily hours, services, price, insurance, and accessibility fields were not supplied by this intake.",BPS-H80-039451,Health Center Service Delivery and Look-Alike Sites,2026-06-19,2026-06-19,needs_review,
hrsa-bps-h80-006690,Lincoln Middle School - SBHC,community_health_center,164 Centennial Ave,Meriden,CT,09,South Central Connecticut Planning Region,09170,06451-3798,41.53701999,-72.82430001,203-238-2381,www.chc1.com,,,,,,,,,HRSA operating hours per week: 40.00,unknown,,,,,,,,,HRSA Health Center Service Delivery and Look-Alike Sites,https://data.hrsa.gov/DataDownload/DD_Files/Health_Center_Service_Delivery_and_LookAlike_Sites.csv,2026-06-19,"Fields copied from the official HRSA CSV: site name, address, city, state, postal code, phone, website, HRSA geocoding coordinates, county/FIPS, operating hours per week, site status, and location setting. Site status: Active. Location setting: School. Operational schedule: Part-Time. Daily hours, services, price, insurance, and accessibility fields were not supplied by this intake.",BPS-H80-006690,Health Center Service Delivery and Look-Alike Sites,2026-06-19,2026-06-19,needs_review,
hrsa-bps-h80-028205,North Haven High School SBHC,community_health_center,221 Elm St,North Haven,CT,09,South Central Connecticut Planning Region,09170,06473-3251,41.37236282,-72.86263808,203-239-1641,,,,,,,,,,HRSA operating hours per week: 20.00,unknown,,,,,,,,,HRSA Health Center Service Delivery and Look-Alike Sites,https://data.hrsa.gov/DataDownload/DD_Files/Health_Center_Service_Delivery_and_LookAlike_Sites.csv,2026-06-19,"Fields copied from the official HRSA CSV: site name, address, city, state, postal code, phone, website, HRSA geocoding coordinates, county/FIPS, operating hours per week, site status, and location setting. Site status: Active. Location setting: School. Operational schedule: Unknown. Daily hours, services, price, insurance, and accessibility fields were not supplied by this intake.",BPS-H80-028205,Health Center Service Delivery and Look-Alike Sites,2026-06-19,2026-06-19,needs_review,
hrsa-bps-h80-034749,Sarah Noble Intermediate School,community_health_center,25 Sunny Valley Rd,New Milford,CT,09,Western Connecticut Planning Region,09190,06776-3333,41.56837476,-73.42034578,860-210-4030,,,,,,,,,,HRSA operating hours per week: 35.00,unknown,,,,,,,,,HRSA Health Center Service Delivery and Look-Alike Sites,https://data.hrsa.gov/DataDownload/DD_Files/Health_Center_Service_Delivery_and_LookAlike_Sites.csv,2026-06-19,"Fields copied from the official HRSA CSV: site name, address, city, state, postal code, phone, website, HRSA geocoding coordinates, county/FIPS, operating hours per week, site status, and location setting. Site status: Active. Location setting: School. Operational schedule: Unknown. Daily hours, services, price, insurance, and accessibility fields were not supplied by this intake.",BPS-H80-034749,Health Center Service Delivery and Look-Alike Sites,2026-06-19,2026-06-19,needs_review,
hrsa-bps-h80-003234,COMMUNITY HEALTH CENTER OF MERIDEN,community_health_center,134 State St,Meriden,CT,09,South Central Connecticut Planning Region,09170,06450-3293,41.54096267,-72.79902907,203-237-2229,www.chc1.com,,,,,,,,,HRSA operating hours per week: 67.50,unknown,,,,,,,,,HRSA Health Center Service Delivery and Look-Alike Sites,https://data.hrsa.gov/DataDownload/DD_Files/Health_Center_Service_Delivery_and_LookAlike_Sites.csv,2026-06-19,"Fields copied from the official HRSA CSV: site name, address, city, state, postal code, phone, website, HRSA geocoding coordinates, county/FIPS, operating hours per week, site status, and location setting. Site status: Active. Location setting: All Other Clinic Types. Operational schedule: Full-Time. Daily hours, services, price, insurance, and accessibility fields were not supplied by this intake.",BPS-H80-003234,Health Center Service Delivery and Look-Alike Sites,2026-06-19,2026-06-19,needs_review,
hrsa-bps-h80-024843,Warren Harding High School - SBHC,community_health_center,379 Bond St,Bridgeport,CT,09,Greater Bridgeport Planning Region,09120,06610-2201,41.19794812,-73.16887812,203-576-7330,bridgeport.ct.schoolwebpages.com/education/school/school.php,,,,,,,,,HRSA operating hours per week: 42.50,unknown,,,,,,,,,HRSA Health Center Service Delivery and Look-Alike Sites,https://data.hrsa.gov/DataDownload/DD_Files/Health_Center_Service_Delivery_and_LookAlike_Sites.csv,2026-06-19,"Fields copied from the official HRSA CSV: site name, address, city, state, postal code, phone, website, HRSA geocoding coordinates, county/FIPS, operating hours per week, site status, and location setting. Site status: Active. Location setting: School. Operational schedule: Unknown. Daily hours, services, price, insurance, and accessibility fields were not supplied by this intake.",BPS-H80-024843,Health Center Service Delivery and Look-Alike Sites,2026-06-19,2026-06-19,needs_review,
hrsa-bps-h80-018824,UCFS at Global Studies Magnet Middle School,community_health_center,15 Teachers Dr,Norwich,CT,09,Southeastern Connecticut Planning Region,09180,06360-4099,41.52897001,-72.09670999,860-823-4212,,,,,,,,,,HRSA operating hours per week: 35.00,unknown,,,,,,,,,HRSA Health Center Service Delivery and Look-Alike Sites,https://data.hrsa.gov/DataDownload/DD_Files/Health_Center_Service_Delivery_and_LookAlike_Sites.csv,2026-06-19,"Fields copied from the official HRSA CSV: site name, address, city, state, postal code, phone, website, HRSA geocoding coordinates, county/FIPS, operating hours per week, site status, and location setting. Site status: Active. Location setting: School. Operational schedule: Unknown. Daily hours, services, price, insurance, and accessibility fields were not supplied by this intake.",BPS-H80-018824,Health Center Service Delivery and Look-Alike Sites,2026-06-19,2026-06-19,needs_review,
hrsa-bps-h80-014099,Eliot Middle School-SBHC,community_health_center,69 Fairy Dell Rd,Clinton,CT,09,Lower Connecticut River Valley Planning Region,09130,06413-2499,41.29762001,-72.51972000,860-664-6503 x3720,,,,,,,,,,HRSA operating hours per week: 7.50,unknown,,,,,,,,,HRSA Health Center Service Delivery and Look-Alike Sites,https://data.hrsa.gov/DataDownload/DD_Files/Health_Center_Service_Delivery_and_LookAlike_Sites.csv,2026-06-19,"Fields copied from the official HRSA CSV: site name, address, city, state, postal code, phone, website, HRSA geocoding coordinates, county/FIPS, operating hours per week, site status, and location setting. Site status: Active. Location setting: School. Operational schedule: Part-Time. Daily hours, services, price, insurance, and accessibility fields were not supplied by this intake.",BPS-H80-014099,Health Center Service Delivery and Look-Alike Sites,2026-06-19,2026-06-19,needs_review,
hrsa-bps-h80-003244,COMMUNITY HEALTH CENTER OF CLINTON,community_health_center,114 E Main St,Clinton,CT,09,Lower Connecticut River Valley Planning Region,09130,06413-2131,41.27574467,-72.51774740,860-664-0787,www.chc1.com,,,,,,,,,HRSA operating hours per week: 49.00,unknown,,,,,,,,,HRSA Health Center Service Delivery and Look-Alike Sites,https://data.hrsa.gov/DataDownload/DD_Files/Health_Center_Service_Delivery_and_LookAlike_Sites.csv,2026-06-19,"Fields copied from the official HRSA CSV: site name, address, city, state, postal code, phone, website, HRSA geocoding coordinates, county/FIPS, operating hours per week, site status, and location setting. Site status: Active. Location setting: All Other Clinic Types. Operational schedule: Full-Time. Daily hours, services, price, insurance, and accessibility fields were not supplied by this intake.",BPS-H80-003244,Health Center Service Delivery and Look-Alike Sites,2026-06-19,2026-06-19,needs_review,
hrsa-bps-lal-020933,InterCommunity's School Based Health Center at Silver Lane School,community_health_center,15 Mercer Ave,East Hartford,CT,09,Capitol Planning Region,09110,06118-1598,41.76058203,-72.63505491,860-569-5900 x158,,,,,,,,,,HRSA operating hours per week: 40.00,unknown,,,,,,,,,HRSA Health Center Service Delivery and Look-Alike Sites,https://data.hrsa.gov/DataDownload/DD_Files/Health_Center_Service_Delivery_and_LookAlike_Sites.csv,2026-06-19,"Fields copied from the official HRSA CSV: site name, address, city, state, postal code, phone, website, HRSA geocoding coordinates, county/FIPS, operating hours per week, site status, and location setting. Site status: Active. Location setting: School. Operational schedule: Unknown. Daily hours, services, price, insurance, and accessibility fields were not supplied by this intake.",BPS-LAL-020933,Health Center Service Delivery and Look-Alike Sites,2026-06-19,2026-06-19,needs_review,
hrsa-bps-h80-010657,OPTIMUS at Inspirica,community_health_center,8 Woodland Pl,Stamford,CT,09,Western Connecticut Planning Region,09190,06902-6939,41.04256201,-73.53760902,203-388-0170,,,,,,,,,,HRSA operating hours per week: 8.00,unknown,,,,,,,,,HRSA Health Center Service Delivery and Look-Alike Sites,https://data.hrsa.gov/DataDownload/DD_Files/Health_Center_Service_Delivery_and_LookAlike_Sites.csv,2026-06-19,"Fields copied from the official HRSA CSV: site name, address, city, state, postal code, phone, website, HRSA geocoding coordinates, county/FIPS, operating hours per week, site status, and location setting. Site status: Active. Location setting: All Other Clinic Types. Operational schedule: Part-Time. Daily hours, services, price, insurance, and accessibility fields were not supplied by this intake.",BPS-H80-010657,Health Center Service Delivery and Look-Alike Sites,2026-06-19,2026-06-19,needs_review,
hrsa-bps-h80-007559,OPTIMUS Harbor Point,community_health_center,805 Atlantic St,Stamford,CT,09,Western Connecticut Planning Region,09190,06902-6805,41.04347228,-73.54183819,203-327-5111,,,,,,,,,,HRSA operating hours per week: 51.50,unknown,,,,,,,,,HRSA Health Center Service Delivery and Look-Alike Sites,https://data.hrsa.gov/DataDownload/DD_Files/Health_Center_Service_Delivery_and_LookAlike_Sites.csv,2026-06-19,"Fields copied from the official HRSA CSV: site name, address, city, state, postal code, phone, website, HRSA geocoding coordinates, county/FIPS, operating hours per week, site status, and location setting. Site status: Active. Location setting: All Other Clinic Types. Operational schedule: Full-Time. Daily hours, services, price, insurance, and accessibility fields were not supplied by this intake.",BPS-H80-007559,Health Center Service Delivery and Look-Alike Sites,2026-06-19,2026-06-19,needs_review,
hrsa-bps-h80-021168,The Morgan School SBHC,community_health_center,71 Killingworth Tpke,Clinton,CT,09,Lower Connecticut River Valley Planning Region,09130,06413-1359,41.30031425,-72.53317455,860-664-6544,,,,,,,,,,HRSA operating hours per week: 40.00,unknown,,,,,,,,,HRSA Health Center Service Delivery and Look-Alike Sites,https://data.hrsa.gov/DataDownload/DD_Files/Health_Center_Service_Delivery_and_LookAlike_Sites.csv,2026-06-19,"Fields copied from the official HRSA CSV: site name, address, city, state, postal code, phone, website, HRSA geocoding coordinates, county/FIPS, operating hours per week, site status, and location setting. Site status: Active. Location setting: School. Operational schedule: Unknown. Daily hours, services, price, insurance, and accessibility fields were not supplied by this intake.",BPS-H80-021168,Health Center Service Delivery and Look-Alike Sites,2026-06-19,2026-06-19,needs_review,
hrsa-bps-h80-013441,Danbury High School,community_health_center,43 Clapboard Ridge Rd,Danbury,CT,09,Western Connecticut Planning Region,09190,06811-4599,41.41599997,-73.47102997,203-790-2886,,,,,,,,,,HRSA operating hours per week: 37.50,unknown,,,,,,,,,HRSA Health Center Service Delivery and Look-Alike Sites,https://data.hrsa.gov/DataDownload/DD_Files/Health_Center_Service_Delivery_and_LookAlike_Sites.csv,2026-06-19,"Fields copied from the official HRSA CSV: site name, address, city, state, postal code, phone, website, HRSA geocoding coordinates, county/FIPS, operating hours per week, site status, and location setting. Site status: Active. Location setting: School. Operational schedule: Part-Time. Daily hours, services, price, insurance, and accessibility fields were not supplied by this intake.",BPS-H80-013441,Health Center Service Delivery and Look-Alike Sites,2026-06-19,2026-06-19,needs_review,
hrsa-bps-h80-010636,Clinton Avenue School Based Health Center,community_health_center,293 Clinton Ave,New Haven,CT,09,South Central Connecticut Planning Region,09170,06513-4899,41.31875259,-72.89190726,203-777-7411,,,,,,,,,,HRSA operating hours per week: 19.50,unknown,,,,,,,,,HRSA Health Center Service Delivery and Look-Alike Sites,https://data.hrsa.gov/DataDownload/DD_Files/Health_Center_Service_Delivery_and_LookAlike_Sites.csv,2026-06-19,"Fields copied from the official HRSA CSV: site name, address, city, state, postal code, phone, website, HRSA geocoding coordinates, county/FIPS, operating hours per week, site status, and location setting. Site status: Active. Location setting: School. Operational schedule: Part-Time. Daily hours, services, price, insurance, and accessibility fields were not supplied by this intake.",BPS-H80-010636,Health Center Service Delivery and Look-Alike Sites,2026-06-19,2026-06-19,needs_review,
hrsa-bps-h80-014260,Fair Haven Community Health Center @ 50 Grand,community_health_center,50 Grand Ave,New Haven,CT,09,South Central Connecticut Planning Region,09170,06513-3949,41.30891584,-72.88970266,203-777-7411,,,,,,,,,,HRSA operating hours per week: 51.50,unknown,,,,,,,,,HRSA Health Center Service Delivery and Look-Alike Sites,https://data.hrsa.gov/DataDownload/DD_Files/Health_Center_Service_Delivery_and_LookAlike_Sites.csv,2026-06-19,"Fields copied from the official HRSA CSV: site name, address, city, state, postal code, phone, website, HRSA geocoding coordinates, county/FIPS, operating hours per week, site status, and location setting. Site status: Active. Location setting: All Other Clinic Types. Operational schedule: Unknown. Daily hours, services, price, insurance, and accessibility fields were not supplied by this intake.",BPS-H80-014260,Health Center Service Delivery and Look-Alike Sites,2026-06-19,2026-06-19,needs_review,
hrsa-bps-h80-006921,StayWell Health Center at Western CT Mental Health Network,community_health_center,95 Thomaston Ave,Waterbury,CT,09,Naugatuck Valley Planning Region,09140,06702-1007,41.55957498,-73.05337415,203-805-5300,N/A,,,,,,,,,HRSA operating hours per week: 16.00,unknown,,,,,,,,,HRSA Health Center Service Delivery and Look-Alike Sites,https://data.hrsa.gov/DataDownload/DD_Files/Health_Center_Service_Delivery_and_LookAlike_Sites.csv,2026-06-19,"Fields copied from the official HRSA CSV: site name, address, city, state, postal code, phone, website, HRSA geocoding coordinates, county/FIPS, operating hours per week, site status, and location setting. Site status: Active. Location setting: All Other Clinic Types. Operational schedule: Part-Time. Daily hours, services, price, insurance, and accessibility fields were not supplied by this intake.",BPS-H80-006921,Health Center Service Delivery and Look-Alike Sites,2026-06-19,2026-06-19,needs_review,
hrsa-bps-h80-034284,Montowese Elementary School SBHC,community_health_center,145 Fitch St,North Haven,CT,09,South Central Connecticut Planning Region,09170,06473-3799,41.35562999,-72.85075002,203-239-2564,,,,,,,,,,HRSA operating hours per week: 20.00,unknown,,,,,,,,,HRSA Health Center Service Delivery and Look-Alike Sites,https://data.hrsa.gov/DataDownload/DD_Files/Health_Center_Service_Delivery_and_LookAlike_Sites.csv,2026-06-19,"Fields copied from the official HRSA CSV: site name, address, city, state, postal code, phone, website, HRSA geocoding coordinates, county/FIPS, operating hours per week, site status, and location setting. Site status: Active. Location setting: School. Operational schedule: Unknown. Daily hours, services, price, insurance, and accessibility fields were not supplied by this intake.",BPS-H80-034284,Health Center Service Delivery and Look-Alike Sites,2026-06-19,2026-06-19,needs_review,
hrsa-bps-h80-034415,John B. Sliney Elementary School,community_health_center,23 Eades St,Branford,CT,09,South Central Connecticut Planning Region,09170,06405-3637,41.27931645,-72.81205631,203-481-5386,,,,,,,,,,HRSA operating hours per week: 35.00,unknown,,,,,,,,,HRSA Health Center Service Delivery and Look-Alike Sites,https://data.hrsa.gov/DataDownload/DD_Files/Health_Center_Service_Delivery_and_LookAlike_Sites.csv,2026-06-19,"Fields copied from the official HRSA CSV: site name, address, city, state, postal code, phone, website, HRSA geocoding coordinates, county/FIPS, operating hours per week, site status, and location setting. Site status: Active. Location setting: School. Operational schedule: Unknown. Daily hours, services, price, insurance, and accessibility fields were not supplied by this intake.",BPS-H80-034415,Health Center Service Delivery and Look-Alike Sites,2026-06-19,2026-06-19,needs_review,
hrsa-bps-h80-021946,Community Health and Wellness Center,community_health_center,10 Center St,Winsted,CT,09,Northwest Hills Planning Region,09160,06098-1623,41.92135296,-73.07017987,860-238-4211,,,,,,,,,,HRSA operating hours per week: 43.00,unknown,,,,,,,,,HRSA Health Center Service Delivery and Look-Alike Sites,https://data.hrsa.gov/DataDownload/DD_Files/Health_Center_Service_Delivery_and_LookAlike_Sites.csv,2026-06-19,"Fields copied from the official HRSA CSV: site name, address, city, state, postal code, phone, website, HRSA geocoding coordinates, county/FIPS, operating hours per week, site status, and location setting. Site status: Active. Location setting: All Other Clinic Types. Operational schedule: Unknown. Daily hours, services, price, insurance, and accessibility fields were not supplied by this intake.",BPS-H80-021946,Health Center Service Delivery and Look-Alike Sites,2026-06-19,2026-06-19,needs_review,
hrsa-bps-h80-019694,Northend Elementary School SBHC,community_health_center,160 Bassett St,New Britain,CT,09,Capitol Planning Region,09110,06051-3419,41.65648176,-72.77981507,860-223-3819,,,,,,,,,,HRSA operating hours per week: 20.00,unknown,,,,,,,,,HRSA Health Center Service Delivery and Look-Alike Sites,https://data.hrsa.gov/DataDownload/DD_Files/Health_Center_Service_Delivery_and_LookAlike_Sites.csv,2026-06-19,"Fields copied from the official HRSA CSV: site name, address, city, state, postal code, phone, website, HRSA geocoding coordinates, county/FIPS, operating hours per week, site status, and location setting. Site status: Active. Location setting: School. Operational schedule: Unknown. Daily hours, services, price, insurance, and accessibility fields were not supplied by this intake.",BPS-H80-019694,Health Center Service Delivery and Look-Alike Sites,2026-06-19,2026-06-19,needs_review,
hrsa-bps-h80-032819,Cornell Scott-Hill Health Center Mitchell Drive,community_health_center,50 Mitchell Dr,New Haven,CT,09,South Central Connecticut Planning Region,09170,06511-2516,41.32114002,-72.90588083,203-503-3000,,,,,,,,,,,unknown,,,,,,,,,HRSA Health Center Service Delivery and Look-Alike Sites,https://data.hrsa.gov/DataDownload/DD_Files/Health_Center_Service_Delivery_and_LookAlike_Sites.csv,2026-06-19,"Fields copied from the official HRSA CSV: site name, address, city, state, postal code, phone, website, HRSA geocoding coordinates, county/FIPS, operating hours per week, site status, and location setting. Site status: Active. Location setting: All Other Clinic Types. Operational schedule: Unknown. Daily hours, services, price, insurance, and accessibility fields were not supplied by this intake.",BPS-H80-032819,Health Center Service Delivery and Look-Alike Sites,2026-06-19,2026-06-19,needs_review,
hrsa-bps-h80-017582,CIFC Health - 70 Main,community_health_center,70 Main St,Danbury,CT,09,Western Connecticut Planning Region,09190,06810-7832,41.38974857,-73.44855029,203-743-0100,www.ct-institute.org,,,,,,,,,HRSA operating hours per week: 41.50,unknown,,,,,,,,,HRSA Health Center Service Delivery and Look-Alike Sites,https://data.hrsa.gov/DataDownload/DD_Files/Health_Center_Service_Delivery_and_LookAlike_Sites.csv,2026-06-19,"Fields copied from the official HRSA CSV: site name, address, city, state, postal code, phone, website, HRSA geocoding coordinates, county/FIPS, operating hours per week, site status, and location setting. Site status: Active. Location setting: All Other Clinic Types. Operational schedule: Unknown. Daily hours, services, price, insurance, and accessibility fields were not supplied by this intake.",BPS-H80-017582,Health Center Service Delivery and Look-Alike Sites,2026-06-19,2026-06-19,needs_review,
hrsa-bps-h80-009416,"120 Connecticut Avenue, Norwalk, CT 06854",community_health_center,120 Connecticut Ave,Norwalk,CT,09,Western Connecticut Planning Region,09190,06854-1525,41.10607579,-73.42823030,203-899-1770,,,,,,,,,,HRSA operating hours per week: 52.00,unknown,,,,,,,,,HRSA Health Center Service Delivery and Look-Alike Sites,https://data.hrsa.gov/DataDownload/DD_Files/Health_Center_Service_Delivery_and_LookAlike_Sites.csv,2026-06-19,"Fields copied from the official HRSA CSV: site name, address, city, state, postal code, phone, website, HRSA geocoding coordinates, county/FIPS, operating hours per week, site status, and location setting. Site status: Active. Location setting: All Other Clinic Types. Operational schedule: Full-Time. Daily hours, services, price, insurance, and accessibility fields were not supplied by this intake.",BPS-H80-009416,Health Center Service Delivery and Look-Alike Sites,2026-06-19,2026-06-19,needs_review,
hrsa-bps-h80-004214,DAY STREET COMMUNITY HEALTH CENTER,community_health_center,49 Day St,Norwalk,CT,09,Western Connecticut Planning Region,09190,06854-4901,41.09415103,-73.41751043,203-854-9292,www.chc1.com,,,,,,,,,HRSA operating hours per week: 49.00,unknown,,,,,,,,,HRSA Health Center Service Delivery and Look-Alike Sites,https://data.hrsa.gov/DataDownload/DD_Files/Health_Center_Service_Delivery_and_LookAlike_Sites.csv,2026-06-19,"Fields copied from the official HRSA CSV: site name, address, city, state, postal code, phone, website, HRSA geocoding coordinates, county/FIPS, operating hours per week, site status, and location setting. Site status: Active. Location setting: All Other Clinic Types. Operational schedule: Full-Time. Daily hours, services, price, insurance, and accessibility fields were not supplied by this intake.",BPS-H80-004214,Health Center Service Delivery and Look-Alike Sites,2026-06-19,2026-06-19,needs_review,
hrsa-bps-h80-012245,"Generations Family Health Center, Inc. - Putnam",community_health_center,202 Pomfret St,Putnam,CT,09,Northeastern Connecticut Planning Region,09150,06260-1833,41.91149149,-71.91524799,860-963-7917,,,,,,,,,,HRSA operating hours per week: 49.00,unknown,,,,,,,,,HRSA Health Center Service Delivery and Look-Alike Sites,https://data.hrsa.gov/DataDownload/DD_Files/Health_Center_Service_Delivery_and_LookAlike_Sites.csv,2026-06-19,"Fields copied from the official HRSA CSV: site name, address, city, state, postal code, phone, website, HRSA geocoding coordinates, county/FIPS, operating hours per week, site status, and location setting. Site status: Active. Location setting: All Other Clinic Types. Operational schedule: Full-Time. Daily hours, services, price, insurance, and accessibility fields were not supplied by this intake.",BPS-H80-012245,Health Center Service Delivery and Look-Alike Sites,2026-06-19,2026-06-19,needs_review,
hrsa-bps-h80-038357,Optimus Wellness Clinic,community_health_center,975 E Main St,Bridgeport,CT,09,Greater Bridgeport Planning Region,09120,06608-1914,41.18797449,-73.18099517,203-696-3260,,,,,,,,,,HRSA operating hours per week: 40.00,unknown,,,,,,,,,HRSA Health Center Service Delivery and Look-Alike Sites,https://data.hrsa.gov/DataDownload/DD_Files/Health_Center_Service_Delivery_and_LookAlike_Sites.csv,2026-06-19,"Fields copied from the official HRSA CSV: site name, address, city, state, postal code, phone, website, HRSA geocoding coordinates, county/FIPS, operating hours per week, site status, and location setting. Site status: Active. Location setting: All Other Clinic Types. Operational schedule: Unknown. Daily hours, services, price, insurance, and accessibility fields were not supplied by this intake.",BPS-H80-038357,Health Center Service Delivery and Look-Alike Sites,2026-06-19,2026-06-19,needs_review,
hrsa-bps-h80-034184,CGC Lathon Wider,community_health_center,137 Henry St,Stamford,CT,09,Western Connecticut Planning Region,09190,06902-5835,41.04449114,-73.53866581,203-324-6127,,,,,,,,,,HRSA operating hours per week: 8.00,unknown,,,,,,,,,HRSA Health Center Service Delivery and Look-Alike Sites,https://data.hrsa.gov/DataDownload/DD_Files/Health_Center_Service_Delivery_and_LookAlike_Sites.csv,2026-06-19,"Fields copied from the official HRSA CSV: site name, address, city, state, postal code, phone, website, HRSA geocoding coordinates, county/FIPS, operating hours per week, site status, and location setting. Site status: Active. Location setting: School. Operational schedule: Unknown. Daily hours, services, price, insurance, and accessibility fields were not supplied by this intake.",BPS-H80-034184,Health Center Service Delivery and Look-Alike Sites,2026-06-19,2026-06-19,needs_review,
hrsa-bps-h80-030328,East Haddam Elementary School SBHC,community_health_center,45 Joe Williams Rd,Moodus,CT,09,Lower Connecticut River Valley Planning Region,09130,06469-1128,41.49994331,-72.43933562,860-873-5076,,,,,,,,,,HRSA operating hours per week: 30.00,unknown,,,,,,,,,HRSA Health Center Service Delivery and Look-Alike Sites,https://data.hrsa.gov/DataDownload/DD_Files/Health_Center_Service_Delivery_and_LookAlike_Sites.csv,2026-06-19,"Fields copied from the official HRSA CSV: site name, address, city, state, postal code, phone, website, HRSA geocoding coordinates, county/FIPS, operating hours per week, site status, and location setting. Site status: Active. Location setting: School. Operational schedule: Unknown. Daily hours, services, price, insurance, and accessibility fields were not supplied by this intake.",BPS-H80-030328,Health Center Service Delivery and Look-Alike Sites,2026-06-19,2026-06-19,needs_review,
hrsa-bps-h80-035577,Strawberry Hill SBHC,community_health_center,200 Strawberry Hill Ave,Stamford,CT,09,Western Connecticut Planning Region,09190,06902-2519,41.06704999,-73.53443002,203-977-6600,,,,,,,,,,HRSA operating hours per week: 40.00,unknown,,,,,,,,,HRSA Health Center Service Delivery and Look-Alike Sites,https://data.hrsa.gov/DataDownload/DD_Files/Health_Center_Service_Delivery_and_LookAlike_Sites.csv,2026-06-19,"Fields copied from the official HRSA CSV: site name, address, city, state, postal code, phone, website, HRSA geocoding coordinates, county/FIPS, operating hours per week, site status, and location setting. Site status: Active. Location setting: School. Operational schedule: Unknown. Daily hours, services, price, insurance, and accessibility fields were not supplied by this intake.",BPS-H80-035577,Health Center Service Delivery and Look-Alike Sites,2026-06-19,2026-06-19,needs_review,
hrsa-bps-h80-014722,Snow Elementary School SBHC,community_health_center,299 Wadsworth St,Middletown,CT,09,Lower Connecticut River Valley Planning Region,09130,06457-4019,41.54067999,-72.67239000,860-347-2579,,,,,,,,,,HRSA operating hours per week: 20.00,unknown,,,,,,,,,HRSA Health Center Service Delivery and Look-Alike Sites,https://data.hrsa.gov/DataDownload/DD_Files/Health_Center_Service_Delivery_and_LookAlike_Sites.csv,2026-06-19,"Fields copied from the official HRSA CSV: site name, address, city, state, postal code, phone, website, HRSA geocoding coordinates, county/FIPS, operating hours per week, site status, and location setting. Site status: Active. Location setting: School. Operational schedule: Unknown. Daily hours, services, price, insurance, and accessibility fields were not supplied by this intake.",BPS-H80-014722,Health Center Service Delivery and Look-Alike Sites,2026-06-19,2026-06-19,needs_review,
hrsa-bps-h80-041331,UCFS Beyond Healthcare,community_health_center,55 Town St,Norwich,CT,09,Southeastern Connecticut Planning Region,09180,06360-2332,41.54725228,-72.09259238,860-892-7042,,,,,,,,,,HRSA operating hours per week: 70.00,unknown,,,,,,,,,HRSA Health Center Service Delivery and Look-Alike Sites,https://data.hrsa.gov/DataDownload/DD_Files/Health_Center_Service_Delivery_and_LookAlike_Sites.csv,2026-06-19,"Fields copied from the official HRSA CSV: site name, address, city, state, postal code, phone, website, HRSA geocoding coordinates, county/FIPS, operating hours per week, site status, and location setting. Site status: Active. Location setting: All Other Clinic Types. Operational schedule: Unknown. Daily hours, services, price, insurance, and accessibility fields were not supplied by this intake.",BPS-H80-041331,Health Center Service Delivery and Look-Alike Sites,2026-06-19,2026-06-19,needs_review,
hrsa-bps-h80-004736,"STAYWELL HEALTH CARE, INC.",community_health_center,80 Phoenix Ave,Waterbury,CT,09,Naugatuck Valley Planning Region,09140,06702-1418,41.55742812,-73.03888620,203-756-8021 x3012,www.staywellhealth.org,,,,,,,,,HRSA operating hours per week: 53.00,unknown,,,,,,,,,HRSA Health Center Service Delivery and Look-Alike Sites,https://data.hrsa.gov/DataDownload/DD_Files/Health_Center_Service_Delivery_and_LookAlike_Sites.csv,2026-06-19,"Fields copied from the official HRSA CSV: site name, address, city, state, postal code, phone, website, HRSA geocoding coordinates, county/FIPS, operating hours per week, site status, and location setting. Site status: Active. Location setting: All Other Clinic Types. Operational schedule: Full-Time. Daily hours, services, price, insurance, and accessibility fields were not supplied by this intake.",BPS-H80-004736,Health Center Service Delivery and Look-Alike Sites,2026-06-19,2026-06-19,needs_review,
hrsa-bps-h80-014698,Lawrence Elementary School SBHC,community_health_center,1 Kaplan Dr,Middletown,CT,09,Lower Connecticut River Valley Planning Region,09130,06457-1865,41.58778030,-72.68356481,860-632-2158,,,,,,,,,,HRSA operating hours per week: 20.00,unknown,,,,,,,,,HRSA Health Center Service Delivery and Look-Alike Sites,https://data.hrsa.gov/DataDownload/DD_Files/Health_Center_Service_Delivery_and_LookAlike_Sites.csv,2026-06-19,"Fields copied from the official HRSA CSV: site name, address, city, state, postal code, phone, website, HRSA geocoding coordinates, county/FIPS, operating hours per week, site status, and location setting. Site status: Active. Location setting: School. Operational schedule: Unknown. Daily hours, services, price, insurance, and accessibility fields were not supplied by this intake.",BPS-H80-014698,Health Center Service Delivery and Look-Alike Sites,2026-06-19,2026-06-19,needs_review,
hrsa-bps-h80-027982,Brass City School SBHC,community_health_center,289 Willow St,Waterbury,CT,09,Naugatuck Valley Planning Region,09140,06710-1515,41.56565001,-73.04950004,203-527-5942,,,,,,,,,,HRSA operating hours per week: 40.00,unknown,,,,,,,,,HRSA Health Center Service Delivery and Look-Alike Sites,https://data.hrsa.gov/DataDownload/DD_Files/Health_Center_Service_Delivery_and_LookAlike_Sites.csv,2026-06-19,"Fields copied from the official HRSA CSV: site name, address, city, state, postal code, phone, website, HRSA geocoding coordinates, county/FIPS, operating hours per week, site status, and location setting. Site status: Active. Location setting: School. Operational schedule: Unknown. Daily hours, services, price, insurance, and accessibility fields were not supplied by this intake.",BPS-H80-027982,Health Center Service Delivery and Look-Alike Sites,2026-06-19,2026-06-19,needs_review,
hrsa-bps-h80-036650,Leeway House,community_health_center,40 Albert St,New Haven,CT,09,South Central Connecticut Planning Region,09170,06511-1542,41.32631206,-72.89617122,203-777-7411,,,,,,,,,,HRSA operating hours per week: 4.00,unknown,,,,,,,,,HRSA Health Center Service Delivery and Look-Alike Sites,https://data.hrsa.gov/DataDownload/DD_Files/Health_Center_Service_Delivery_and_LookAlike_Sites.csv,2026-06-19,"Fields copied from the official HRSA CSV: site name, address, city, state, postal code, phone, website, HRSA geocoding coordinates, county/FIPS, operating hours per week, site status, and location setting. Site status: Active. Location setting: All Other Clinic Types. Operational schedule: Unknown. Daily hours, services, price, insurance, and accessibility fields were not supplied by this intake.",BPS-H80-036650,Health Center Service Delivery and Look-Alike Sites,2026-06-19,2026-06-19,needs_review,
hrsa-bps-h80-017277,UCFS Behavioral Health Center - New London,community_health_center,351 N Frontage Rd STE 24,New London,CT,09,Southeastern Connecticut Planning Region,09180,06320-2628,41.37036885,-72.11952277,860-442-4319,,,,,,,,,,HRSA operating hours per week: 53.00,unknown,,,,,,,,,HRSA Health Center Service Delivery and Look-Alike Sites,https://data.hrsa.gov/DataDownload/DD_Files/Health_Center_Service_Delivery_and_LookAlike_Sites.csv,2026-06-19,"Fields copied from the official HRSA CSV: site name, address, city, state, postal code, phone, website, HRSA geocoding coordinates, county/FIPS, operating hours per week, site status, and location setting. Site status: Active. Location setting: All Other Clinic Types. Operational schedule: Unknown. Daily hours, services, price, insurance, and accessibility fields were not supplied by this intake.",BPS-H80-017277,Health Center Service Delivery and Look-Alike Sites,2026-06-19,2026-06-19,needs_review,
hrsa-bps-h80-034283,Clintonville Elementary School SBHC,community_health_center,456 Clintonville Rd,North Haven,CT,09,South Central Connecticut Planning Region,09170,06473-2898,41.39047268,-72.83130946,203-239-5865,,,,,,,,,,HRSA operating hours per week: 20.00,unknown,,,,,,,,,HRSA Health Center Service Delivery and Look-Alike Sites,https://data.hrsa.gov/DataDownload/DD_Files/Health_Center_Service_Delivery_and_LookAlike_Sites.csv,2026-06-19,"Fields copied from the official HRSA CSV: site name, address, city, state, postal code, phone, website, HRSA geocoding coordinates, county/FIPS, operating hours per week, site status, and location setting. Site status: Active. Location setting: School. Operational schedule: Unknown. Daily hours, services, price, insurance, and accessibility fields were not supplied by this intake.",BPS-H80-034283,Health Center Service Delivery and Look-Alike Sites,2026-06-19,2026-06-19,needs_review,
hrsa-bps-h80-013595,Oliver Wolcott Vocational Technical School,community_health_center,75 Oliver St,Torrington,CT,09,Northwest Hills Planning Region,09160,06790-3897,41.81145980,-73.11175528,860-496-5300,,,,,,,,,,HRSA operating hours per week: 32.50,unknown,,,,,,,,,HRSA Health Center Service Delivery and Look-Alike Sites,https://data.hrsa.gov/DataDownload/DD_Files/Health_Center_Service_Delivery_and_LookAlike_Sites.csv,2026-06-19,"Fields copied from the official HRSA CSV: site name, address, city, state, postal code, phone, website, HRSA geocoding coordinates, county/FIPS, operating hours per week, site status, and location setting. Site status: Active. Location setting: School. Operational schedule: Part-Time. Daily hours, services, price, insurance, and accessibility fields were not supplied by this intake.",BPS-H80-013595,Health Center Service Delivery and Look-Alike Sites,2026-06-19,2026-06-19,needs_review,
hrsa-bps-h80-005156,MERI CARE DENTAL CENTER,community_health_center,165 Miller St,Meriden,CT,09,South Central Connecticut Planning Region,09170,06450-4482,41.53731931,-72.79444803,203-639-3500,www.chc1.com,,,,,,,,,HRSA operating hours per week: 45.00,unknown,,,,,,,,,HRSA Health Center Service Delivery and Look-Alike Sites,https://data.hrsa.gov/DataDownload/DD_Files/Health_Center_Service_Delivery_and_LookAlike_Sites.csv,2026-06-19,"Fields copied from the official HRSA CSV: site name, address, city, state, postal code, phone, website, HRSA geocoding coordinates, county/FIPS, operating hours per week, site status, and location setting. Site status: Active. Location setting: All Other Clinic Types. Operational schedule: Full-Time. Daily hours, services, price, insurance, and accessibility fields were not supplied by this intake.",BPS-H80-005156,Health Center Service Delivery and Look-Alike Sites,2026-06-19,2026-06-19,needs_review,
hrsa-bps-h80-037460,North Canaan Elementary School,community_health_center,90 Pease St,Canaan,CT,09,Northwest Hills Planning Region,09160,06018-2026,42.03249463,-73.33063728,860-824-5149,www.chwctorr.org,,,,,,,,,HRSA operating hours per week: 35.00,unknown,,,,,,,,,HRSA Health Center Service Delivery and Look-Alike Sites,https://data.hrsa.gov/DataDownload/DD_Files/Health_Center_Service_Delivery_and_LookAlike_Sites.csv,2026-06-19,"Fields copied from the official HRSA CSV: site name, address, city, state, postal code, phone, website, HRSA geocoding coordinates, county/FIPS, operating hours per week, site status, and location setting. Site status: Active. Location setting: School. Operational schedule: Unknown. Daily hours, services, price, insurance, and accessibility fields were not supplied by this intake.",BPS-H80-037460,Health Center Service Delivery and Look-Alike Sites,2026-06-19,2026-06-19,needs_review,
hrsa-bps-h80-005271,COMMUNITY HEALTH CENTER OF ENFIELD,community_health_center,5 N Main St,Enfield,CT,09,Capitol Planning Region,09110,06082-3372,41.99872698,-72.60046296,860-253-9024,www.chc1.com,,,,,,,,,HRSA operating hours per week: 45.00,unknown,,,,,,,,,HRSA Health Center Service Delivery and Look-Alike Sites,https://data.hrsa.gov/DataDownload/DD_Files/Health_Center_Service_Delivery_and_LookAlike_Sites.csv,2026-06-19,"Fields copied from the official HRSA CSV: site name, address, city, state, postal code, phone, website, HRSA geocoding coordinates, county/FIPS, operating hours per week, site status, and location setting. Site status: Active. Location setting: All Other Clinic Types. Operational schedule: Full-Time. Daily hours, services, price, insurance, and accessibility fields were not supplied by this intake.",BPS-H80-005271,Health Center Service Delivery and Look-Alike Sites,2026-06-19,2026-06-19,needs_review,
hrsa-bps-h80-007398,OPEN HEARTH,community_health_center,437 Sheldon St,Hartford,CT,09,Capitol Planning Region,09110,06106-1939,41.75831921,-72.66616082,860-525-3447,www.thecharteroak.org,,,,,,,,,HRSA operating hours per week: 5.00,unknown,,,,,,,,,HRSA Health Center Service Delivery and Look-Alike Sites,https://data.hrsa.gov/DataDownload/DD_Files/Health_Center_Service_Delivery_and_LookAlike_Sites.csv,2026-06-19,"Fields copied from the official HRSA CSV: site name, address, city, state, postal code, phone, website, HRSA geocoding coordinates, county/FIPS, operating hours per week, site status, and location setting. Site status: Active. Location setting: All Other Clinic Types. Operational schedule: Part-Time. Daily hours, services, price, insurance, and accessibility fields were not supplied by this intake.",BPS-H80-007398,Health Center Service Delivery and Look-Alike Sites,2026-06-19,2026-06-19,needs_review,
hrsa-bps-h80-012447,CS-HHC at CMHC,community_health_center,34 Park St,New Haven,CT,09,South Central Connecticut Planning Region,09170,06519-1187,41.30557096,-72.93685237,203-503-3000,www.cornellscott.org,,,,,,,,,HRSA operating hours per week: 20.00,unknown,,,,,,,,,HRSA Health Center Service Delivery and Look-Alike Sites,https://data.hrsa.gov/DataDownload/DD_Files/Health_Center_Service_Delivery_and_LookAlike_Sites.csv,2026-06-19,"Fields copied from the official HRSA CSV: site name, address, city, state, postal code, phone, website, HRSA geocoding coordinates, county/FIPS, operating hours per week, site status, and location setting. Site status: Active. Location setting: All Other Clinic Types. Operational schedule: Part-Time. Daily hours, services, price, insurance, and accessibility fields were not supplied by this intake.",BPS-H80-012447,Health Center Service Delivery and Look-Alike Sites,2026-06-19,2026-06-19,needs_review,
hrsa-bps-h80-017002,Roosevelt School School Based Health Center,community_health_center,680 Park Ave,Bridgeport,CT,09,Greater Bridgeport Planning Region,09120,06604-4698,41.17093764,-73.19514197,203-330-6000,,,,,,,,,,HRSA operating hours per week: 35.00,unknown,,,,,,,,,HRSA Health Center Service Delivery and Look-Alike Sites,https://data.hrsa.gov/DataDownload/DD_Files/Health_Center_Service_Delivery_and_LookAlike_Sites.csv,2026-06-19,"Fields copied from the official HRSA CSV: site name, address, city, state, postal code, phone, website, HRSA geocoding coordinates, county/FIPS, operating hours per week, site status, and location setting. Site status: Active. Location setting: School. Operational schedule: Unknown. Daily hours, services, price, insurance, and accessibility fields were not supplied by this intake.",BPS-H80-017002,Health Center Service Delivery and Look-Alike Sites,2026-06-19,2026-06-19,needs_review,
hrsa-bps-h80-019691,Vance Elementary School SBHC,community_health_center,183 Vance St,New Britain,CT,09,Capitol Planning Region,09110,06052-1634,41.65441055,-72.79228751,860-225-8731,,,,,,,,,,HRSA operating hours per week: 40.00,unknown,,,,,,,,,HRSA Health Center Service Delivery and Look-Alike Sites,https://data.hrsa.gov/DataDownload/DD_Files/Health_Center_Service_Delivery_and_LookAlike_Sites.csv,2026-06-19,"Fields copied from the official HRSA CSV: site name, address, city, state, postal code, phone, website, HRSA geocoding coordinates, county/FIPS, operating hours per week, site status, and location setting. Site status: Active. Location setting: School. Operational schedule: Unknown. Daily hours, services, price, insurance, and accessibility fields were not supplied by this intake.",BPS-H80-019691,Health Center Service Delivery and Look-Alike Sites,2026-06-19,2026-06-19,needs_review,
hrsa-bps-h80-005393,DAVIS STREET SCHOOL CLINIC,community_health_center,35 Davis St,New Haven,CT,09,South Central Connecticut Planning Region,09170,06515-1601,41.32848289,-72.97372772,203-497-7815,www.cornellscott.org,,,,,,,,,HRSA operating hours per week: 37.50,unknown,,,,,,,,,HRSA Health Center Service Delivery and Look-Alike Sites,https://data.hrsa.gov/DataDownload/DD_Files/Health_Center_Service_Delivery_and_LookAlike_Sites.csv,2026-06-19,"Fields copied from the official HRSA CSV: site name, address, city, state, postal code, phone, website, HRSA geocoding coordinates, county/FIPS, operating hours per week, site status, and location setting. Site status: Active. Location setting: School. Operational schedule: Full-Time. Daily hours, services, price, insurance, and accessibility fields were not supplied by this intake.",BPS-H80-005393,Health Center Service Delivery and Look-Alike Sites,2026-06-19,2026-06-19,needs_review,
hrsa-bps-h80-019409,The Isabelle Pearson School SBHC,community_health_center,2 Wetmore Ave,Winsted,CT,09,Northwest Hills Planning Region,09160,06098-1242,41.92658847,-73.06746723,860-379-7588,,,,,,,,,,HRSA operating hours per week: 40.00,unknown,,,,,,,,,HRSA Health Center Service Delivery and Look-Alike Sites,https://data.hrsa.gov/DataDownload/DD_Files/Health_Center_Service_Delivery_and_LookAlike_Sites.csv,2026-06-19,"Fields copied from the official HRSA CSV: site name, address, city, state, postal code, phone, website, HRSA geocoding coordinates, county/FIPS, operating hours per week, site status, and location setting. Site status: Active. Location setting: School. Operational schedule: Unknown. Daily hours, services, price, insurance, and accessibility fields were not supplied by this intake.",BPS-H80-019409,Health Center Service Delivery and Look-Alike Sites,2026-06-19,2026-06-19,needs_review,
hrsa-bps-h80-009210,Sullivan Senior Center,community_health_center,88 E Albert St,Torrington,CT,09,Northwest Hills Planning Region,09160,06790-6522,41.79490408,-73.11789494,860-489-2211,,,,,,,,,,HRSA operating hours per week: 1.00,unknown,,,,,,,,,HRSA Health Center Service Delivery and Look-Alike Sites,https://data.hrsa.gov/DataDownload/DD_Files/Health_Center_Service_Delivery_and_LookAlike_Sites.csv,2026-06-19,"Fields copied from the official HRSA CSV: site name, address, city, state, postal code, phone, website, HRSA geocoding coordinates, county/FIPS, operating hours per week, site status, and location setting. Site status: Active. Location setting: All Other Clinic Types. Operational schedule: Full-Time. Daily hours, services, price, insurance, and accessibility fields were not supplied by this intake.",BPS-H80-009210,Health Center Service Delivery and Look-Alike Sites,2026-06-19,2026-06-19,needs_review,
hrsa-bps-h80-019140,FCHC at 20 Bridge Street,community_health_center,20 Bridge St,Greenwich,CT,09,Western Connecticut Planning Region,09190,06830-5238,41.02181726,-73.63289240,203-629-2822,,,,,,,,,,HRSA operating hours per week: 56.00,unknown,,,,,,,,,HRSA Health Center Service Delivery and Look-Alike Sites,https://data.hrsa.gov/DataDownload/DD_Files/Health_Center_Service_Delivery_and_LookAlike_Sites.csv,2026-06-19,"Fields copied from the official HRSA CSV: site name, address, city, state, postal code, phone, website, HRSA geocoding coordinates, county/FIPS, operating hours per week, site status, and location setting. Site status: Active. Location setting: All Other Clinic Types. Operational schedule: Unknown. Daily hours, services, price, insurance, and accessibility fields were not supplied by this intake.",BPS-H80-019140,Health Center Service Delivery and Look-Alike Sites,2026-06-19,2026-06-19,needs_review,
hrsa-bps-h80-037836,Thelma Ellis Dickerson's Jumoke Academy Elementary SBHC,community_health_center,250 Blue Hills Ave RM Conf,Hartford,CT,09,Capitol Planning Region,09110,06112-1836,41.79115900,-72.69806972,860-527-0575,,,,,,,,,,HRSA operating hours per week: 20.00,unknown,,,,,,,,,HRSA Health Center Service Delivery and Look-Alike Sites,https://data.hrsa.gov/DataDownload/DD_Files/Health_Center_Service_Delivery_and_LookAlike_Sites.csv,2026-06-19,"Fields copied from the official HRSA CSV: site name, address, city, state, postal code, phone, website, HRSA geocoding coordinates, county/FIPS, operating hours per week, site status, and location setting. Site status: Active. Location setting: School. Operational schedule: Unknown. Daily hours, services, price, insurance, and accessibility fields were not supplied by this intake.",BPS-H80-037836,Health Center Service Delivery and Look-Alike Sites,2026-06-19,2026-06-19,needs_review,
hrsa-bps-h80-030587,Northeast Middle School,community_health_center,530 Stevens St,Bristol,CT,09,Naugatuck Valley Planning Region,09140,06010-2599,41.71264592,-72.90826581,860-793-3500,www.wheelerclinic.org,,,,,,,,,HRSA operating hours per week: 40.00,unknown,,,,,,,,,HRSA Health Center Service Delivery and Look-Alike Sites,https://data.hrsa.gov/DataDownload/DD_Files/Health_Center_Service_Delivery_and_LookAlike_Sites.csv,2026-06-19,"Fields copied from the official HRSA CSV: site name, address, city, state, postal code, phone, website, HRSA geocoding coordinates, county/FIPS, operating hours per week, site status, and location setting. Site status: Active. Location setting: School. Operational schedule: Unknown. Daily hours, services, price, insurance, and accessibility fields were not supplied by this intake.",BPS-H80-030587,Health Center Service Delivery and Look-Alike Sites,2026-06-19,2026-06-19,needs_review,
hrsa-bps-h80-035529,Bristol Family Health and Wellness Center,community_health_center,1 Hope St,Bristol,CT,09,Naugatuck Valley Planning Region,09140,06010-6374,41.67266667,-72.94535279,860-793-3500,www.wheelerclinic.org,,,,,,,,,HRSA operating hours per week: 54.00,unknown,,,,,,,,,HRSA Health Center Service Delivery and Look-Alike Sites,https://data.hrsa.gov/DataDownload/DD_Files/Health_Center_Service_Delivery_and_LookAlike_Sites.csv,2026-06-19,"Fields copied from the official HRSA CSV: site name, address, city, state, postal code, phone, website, HRSA geocoding coordinates, county/FIPS, operating hours per week, site status, and location setting. Site status: Active. Location setting: All Other Clinic Types. Operational schedule: Unknown. Daily hours, services, price, insurance, and accessibility fields were not supplied by this intake.",BPS-H80-035529,Health Center Service Delivery and Look-Alike Sites,2026-06-19,2026-06-19,needs_review,
