id,name,facilityType,address,city,state,stateFips,county,countyFips,postalCode,latitude,longitude,phone,website,services,monday,tuesday,wednesday,thursday,friday,saturday,sunday,hoursNotes,priceLevel,acceptsSlidingScale,estimatedVisitCost,priceNotes,acceptsMedicaid,acceptsMedicare,acceptsUninsured,insuranceNotes,accessibilityInfo,sourceName,sourceUrl,sourceLastChecked,sourceNotes,sourceId,sourceDataset,sourceLastUpdated,lastVerified,verificationStatus,isDemoData
hrsa-bps-h80-000156,SOUTH BOSTON COMMUNITY HEALTH CENTER,community_health_center,409 W Broadway,South Boston,MA,25,Suffolk County,25025,02127-2249,42.33685417,-71.04821630,617-269-7500,www.sbchc.org,,,,,,,,,HRSA operating hours per week: 55.00,unknown,,,,,,,,,HRSA Health Center Service Delivery and Look-Alike Sites,https://data.hrsa.gov/DataDownload/DD_Files/Health_Center_Service_Delivery_and_LookAlike_Sites.csv,2026-06-24,"Fields copied from the official HRSA CSV: site name, address, city, state, postal code, phone, website, HRSA geocoding coordinates, county/FIPS, operating hours per week, site status, and location setting. Site status: Active. Location setting: All Other Clinic Types. Operational schedule: Full-Time. Daily hours, services, price, insurance, and accessibility fields were not supplied by this intake.",BPS-H80-000156,Health Center Service Delivery and Look-Alike Sites,2026-06-24,2026-06-24,needs_review,
hrsa-bps-h80-016927,Drop In Center Franklin County,community_health_center,60 Wells St,Greenfield,MA,25,Franklin County,25011,01301-2354,42.58938704,-72.60532857,413-337-9100,,,,,,,,,,HRSA operating hours per week: 1.00,unknown,,,,,,,,,HRSA Health Center Service Delivery and Look-Alike Sites,https://data.hrsa.gov/DataDownload/DD_Files/Health_Center_Service_Delivery_and_LookAlike_Sites.csv,2026-06-24,"Fields copied from the official HRSA CSV: site name, address, city, state, postal code, phone, website, HRSA geocoding coordinates, county/FIPS, operating hours per week, site status, and location setting. Site status: Active. Location setting: All Other Clinic Types. Operational schedule: Unknown. Daily hours, services, price, insurance, and accessibility fields were not supplied by this intake.",BPS-H80-016927,Health Center Service Delivery and Look-Alike Sites,2026-06-24,2026-06-24,needs_review,
hrsa-bps-h80-021694,Commercial Street Clinic,community_health_center,277 Commercial St,Malden,MA,25,Middlesex County,25017,02148-6708,42.41796065,-71.07629467,781-912-2500,www.scchc.org,,,,,,,,,HRSA operating hours per week: 42.50,unknown,,,,,,,,,HRSA Health Center Service Delivery and Look-Alike Sites,https://data.hrsa.gov/DataDownload/DD_Files/Health_Center_Service_Delivery_and_LookAlike_Sites.csv,2026-06-24,"Fields copied from the official HRSA CSV: site name, address, city, state, postal code, phone, website, HRSA geocoding coordinates, county/FIPS, operating hours per week, site status, and location setting. Site status: Active. Location setting: All Other Clinic Types. Operational schedule: Unknown. Daily hours, services, price, insurance, and accessibility fields were not supplied by this intake.",BPS-H80-021694,Health Center Service Delivery and Look-Alike Sites,2026-06-24,2026-06-24,needs_review,
hrsa-bps-h80-041699,NeighborHealth South End Pharmacy,community_health_center,1603 Washington St,Boston,MA,25,Suffolk County,25025,02118-1951,42.33831241,-71.07479942,617-569-5800,,,,,,,,,,,unknown,,,,,,,,,HRSA Health Center Service Delivery and Look-Alike Sites,https://data.hrsa.gov/DataDownload/DD_Files/Health_Center_Service_Delivery_and_LookAlike_Sites.csv,2026-06-24,"Fields copied from the official HRSA CSV: site name, address, city, state, postal code, phone, website, HRSA geocoding coordinates, county/FIPS, operating hours per week, site status, and location setting. Site status: Active. Location setting: All Other Clinic Types. Operational schedule: Unknown. Daily hours, services, price, insurance, and accessibility fields were not supplied by this intake.",BPS-H80-041699,Health Center Service Delivery and Look-Alike Sites,2026-06-24,2026-06-24,needs_review,
hrsa-bps-h80-013653,Manet at Taunton--(Suite 140),community_health_center,1 Washington St,Taunton,MA,25,Bristol County,25005,02780-5293,41.90107622,-71.09880745,508-822-5500,www.manetchc.org,,,,,,,,,HRSA operating hours per week: 56.00,unknown,,,,,,,,,HRSA Health Center Service Delivery and Look-Alike Sites,https://data.hrsa.gov/DataDownload/DD_Files/Health_Center_Service_Delivery_and_LookAlike_Sites.csv,2026-06-24,"Fields copied from the official HRSA CSV: site name, address, city, state, postal code, phone, website, HRSA geocoding coordinates, county/FIPS, operating hours per week, site status, and location setting. Site status: Active. Location setting: All Other Clinic Types. Operational schedule: Full-Time. Daily hours, services, price, insurance, and accessibility fields were not supplied by this intake.",BPS-H80-013653,Health Center Service Delivery and Look-Alike Sites,2026-06-24,2026-06-24,needs_review,
hrsa-bps-h80-000460,PROVINCETOWN HEALTH CENTER,community_health_center,49 Harry Kemp Way,Provincetown,MA,25,Barnstable County,25001,02657-1618,42.05817865,-70.18372030,508-487-9395,outercape.org,,,,,,,,,HRSA operating hours per week: 71.00,unknown,,,,,,,,,HRSA Health Center Service Delivery and Look-Alike Sites,https://data.hrsa.gov/DataDownload/DD_Files/Health_Center_Service_Delivery_and_LookAlike_Sites.csv,2026-06-24,"Fields copied from the official HRSA CSV: site name, address, city, state, postal code, phone, website, HRSA geocoding coordinates, county/FIPS, operating hours per week, site status, and location setting. Site status: Active. Location setting: All Other Clinic Types. Operational schedule: Full-Time. Daily hours, services, price, insurance, and accessibility fields were not supplied by this intake.",BPS-H80-000460,Health Center Service Delivery and Look-Alike Sites,2026-06-24,2026-06-24,needs_review,
hrsa-bps-h80-010866,Harrington Elementary School  -  School Based Health Center,community_health_center,21 Dexter St,Lynn,MA,25,Essex County,25009,01902-3058,42.46467870,-70.93903053,781-477-1902,,,,,,,,,,HRSA operating hours per week: 35.00,unknown,,,,,,,,,HRSA Health Center Service Delivery and Look-Alike Sites,https://data.hrsa.gov/DataDownload/DD_Files/Health_Center_Service_Delivery_and_LookAlike_Sites.csv,2026-06-24,"Fields copied from the official HRSA CSV: site name, address, city, state, postal code, phone, website, HRSA geocoding coordinates, county/FIPS, operating hours per week, site status, and location setting. Site status: Active. Location setting: School. Operational schedule: Full-Time. Daily hours, services, price, insurance, and accessibility fields were not supplied by this intake.",BPS-H80-010866,Health Center Service Delivery and Look-Alike Sites,2026-06-24,2026-06-24,needs_review,
hrsa-bps-h80-000559,New England Center and Home for Veterans,community_health_center,17 Court St,Boston,MA,25,Suffolk County,25025,02108-2614,42.35928067,-71.05835287,617-371-1772,,,,,,,,,,HRSA operating hours per week: 20.00,unknown,,,,,,,,,HRSA Health Center Service Delivery and Look-Alike Sites,https://data.hrsa.gov/DataDownload/DD_Files/Health_Center_Service_Delivery_and_LookAlike_Sites.csv,2026-06-24,"Fields copied from the official HRSA CSV: site name, address, city, state, postal code, phone, website, HRSA geocoding coordinates, county/FIPS, operating hours per week, site status, and location setting. Site status: Active. Location setting: All Other Clinic Types. Operational schedule: Full-Time. Daily hours, services, price, insurance, and accessibility fields were not supplied by this intake.",BPS-H80-000559,Health Center Service Delivery and Look-Alike Sites,2026-06-24,2026-06-24,needs_review,
hrsa-bps-h80-032268,Nubian Square,community_health_center,36 Dearborn Street,Roxbury,MA,25,Suffolk County,25025,02119-2552,42.32905749,-71.07905986,617-287-8000,,,,,,,,,,HRSA operating hours per week: 40.00,unknown,,,,,,,,,HRSA Health Center Service Delivery and Look-Alike Sites,https://data.hrsa.gov/DataDownload/DD_Files/Health_Center_Service_Delivery_and_LookAlike_Sites.csv,2026-06-24,"Fields copied from the official HRSA CSV: site name, address, city, state, postal code, phone, website, HRSA geocoding coordinates, county/FIPS, operating hours per week, site status, and location setting. Site status: Active. Location setting: All Other Clinic Types. Operational schedule: Unknown. Daily hours, services, price, insurance, and accessibility fields were not supplied by this intake.",BPS-H80-032268,Health Center Service Delivery and Look-Alike Sites,2026-06-24,2026-06-24,needs_review,
hrsa-bps-h80-000651,GEIGER-GIBSON COMMUNITY HLTH CTR,community_health_center,250 Mount Vernon St,Dorchester,MA,25,Suffolk County,25025,02125-3120,42.31944332,-71.04611068,617-288-1140,www.hhsi.us,,,,,,,,,HRSA operating hours per week: 55.00,unknown,,,,,,,,,HRSA Health Center Service Delivery and Look-Alike Sites,https://data.hrsa.gov/DataDownload/DD_Files/Health_Center_Service_Delivery_and_LookAlike_Sites.csv,2026-06-24,"Fields copied from the official HRSA CSV: site name, address, city, state, postal code, phone, website, HRSA geocoding coordinates, county/FIPS, operating hours per week, site status, and location setting. Site status: Active. Location setting: All Other Clinic Types. Operational schedule: Full-Time. Daily hours, services, price, insurance, and accessibility fields were not supplied by this intake.",BPS-H80-000651,Health Center Service Delivery and Look-Alike Sites,2026-06-24,2026-06-24,needs_review,
hrsa-bps-h80-010095,Duffy Health Center,community_health_center,94 Main St,Hyannis,MA,25,Barnstable County,25001,02601-3146,41.65629858,-70.27445029,508-771-9599,www.duffyhealthcenter.org,,,,,,,,,HRSA operating hours per week: 51.00,unknown,,,,,,,,,HRSA Health Center Service Delivery and Look-Alike Sites,https://data.hrsa.gov/DataDownload/DD_Files/Health_Center_Service_Delivery_and_LookAlike_Sites.csv,2026-06-24,"Fields copied from the official HRSA CSV: site name, address, city, state, postal code, phone, website, HRSA geocoding coordinates, county/FIPS, operating hours per week, site status, and location setting. Site status: Active. Location setting: All Other Clinic Types. Operational schedule: Full-Time. Daily hours, services, price, insurance, and accessibility fields were not supplied by this intake.",BPS-H80-010095,Health Center Service Delivery and Look-Alike Sites,2026-06-24,2026-06-24,needs_review,
hrsa-bps-h80-005886,St. Patrick's Women's Shelter,community_health_center,270 Washington St,Somerville,MA,25,Middlesex County,25017,02143-3314,42.37927989,-71.09798703,617-628-3015,,,,,,,,,,HRSA operating hours per week: 5.00,unknown,,,,,,,,,HRSA Health Center Service Delivery and Look-Alike Sites,https://data.hrsa.gov/DataDownload/DD_Files/Health_Center_Service_Delivery_and_LookAlike_Sites.csv,2026-06-24,"Fields copied from the official HRSA CSV: site name, address, city, state, postal code, phone, website, HRSA geocoding coordinates, county/FIPS, operating hours per week, site status, and location setting. Site status: Active. Location setting: All Other Clinic Types. Operational schedule: Part-Time. Daily hours, services, price, insurance, and accessibility fields were not supplied by this intake.",BPS-H80-005886,Health Center Service Delivery and Look-Alike Sites,2026-06-24,2026-06-24,needs_review,
hrsa-bps-h80-000898,WELLFLEET HEALTH CENTER,community_health_center,3130 State Hwy Rte 6,Wellfleet,MA,25,Barnstable County,25001,02667-7402,41.94609860,-70.03089021,508-349-3131,OUTERCAPE.ORG,,,,,,,,,HRSA operating hours per week: 71.00,unknown,,,,,,,,,HRSA Health Center Service Delivery and Look-Alike Sites,https://data.hrsa.gov/DataDownload/DD_Files/Health_Center_Service_Delivery_and_LookAlike_Sites.csv,2026-06-24,"Fields copied from the official HRSA CSV: site name, address, city, state, postal code, phone, website, HRSA geocoding coordinates, county/FIPS, operating hours per week, site status, and location setting. Site status: Active. Location setting: All Other Clinic Types. Operational schedule: Full-Time. Daily hours, services, price, insurance, and accessibility fields were not supplied by this intake.",BPS-H80-000898,Health Center Service Delivery and Look-Alike Sites,2026-06-24,2026-06-24,needs_review,
hrsa-bps-h80-009266,20 Maverick Square,community_health_center,20 Maverick Sq,East Boston,MA,25,Suffolk County,25025,02128-2335,42.36959774,-71.03963985,617-569-5800,www.ebnhc.org,,,,,,,,,HRSA operating hours per week: 70.00,unknown,,,,,,,,,HRSA Health Center Service Delivery and Look-Alike Sites,https://data.hrsa.gov/DataDownload/DD_Files/Health_Center_Service_Delivery_and_LookAlike_Sites.csv,2026-06-24,"Fields copied from the official HRSA CSV: site name, address, city, state, postal code, phone, website, HRSA geocoding coordinates, county/FIPS, operating hours per week, site status, and location setting. Site status: Active. Location setting: All Other Clinic Types. Operational schedule: Full-Time. Daily hours, services, price, insurance, and accessibility fields were not supplied by this intake.",BPS-H80-009266,Health Center Service Delivery and Look-Alike Sites,2026-06-24,2026-06-24,needs_review,
hrsa-bps-h80-000996,GLFHC-SOUTH,community_health_center,73D Winthrop Ave,Lawrence,MA,25,Essex County,25009,01843-3716,42.68948872,-71.15054064,978-686-3017,www.glfhc.org,,,,,,,,,HRSA operating hours per week: 48.00,unknown,,,,,,,,,HRSA Health Center Service Delivery and Look-Alike Sites,https://data.hrsa.gov/DataDownload/DD_Files/Health_Center_Service_Delivery_and_LookAlike_Sites.csv,2026-06-24,"Fields copied from the official HRSA CSV: site name, address, city, state, postal code, phone, website, HRSA geocoding coordinates, county/FIPS, operating hours per week, site status, and location setting. Site status: Active. Location setting: All Other Clinic Types. Operational schedule: Full-Time. Daily hours, services, price, insurance, and accessibility fields were not supplied by this intake.",BPS-H80-000996,Health Center Service Delivery and Look-Alike Sites,2026-06-24,2026-06-24,needs_review,
hrsa-bps-h80-001100,MARKET SQUARE FAMILY HLTH SVCS,community_health_center,29 Market Square,Lynn,MA,25,Essex County,25009,01905-2420,42.46282001,-70.96411161,781-596-3500,http://lchcnet.org/aboutus/,,,,,,,,,HRSA operating hours per week: 40.00,unknown,,,,,,,,,HRSA Health Center Service Delivery and Look-Alike Sites,https://data.hrsa.gov/DataDownload/DD_Files/Health_Center_Service_Delivery_and_LookAlike_Sites.csv,2026-06-24,"Fields copied from the official HRSA CSV: site name, address, city, state, postal code, phone, website, HRSA geocoding coordinates, county/FIPS, operating hours per week, site status, and location setting. Site status: Active. Location setting: All Other Clinic Types. Operational schedule: Full-Time. Daily hours, services, price, insurance, and accessibility fields were not supplied by this intake.",BPS-H80-001100,Health Center Service Delivery and Look-Alike Sites,2026-06-24,2026-06-24,needs_review,
hrsa-bps-h80-001104,GLFHC-NORTH,community_health_center,150 Park St,Lawrence,MA,25,Essex County,25009,01841-2517,42.71588874,-71.16616066,978-685-1770,www.glfhc.org,,,,,,,,,HRSA operating hours per week: 48.00,unknown,,,,,,,,,HRSA Health Center Service Delivery and Look-Alike Sites,https://data.hrsa.gov/DataDownload/DD_Files/Health_Center_Service_Delivery_and_LookAlike_Sites.csv,2026-06-24,"Fields copied from the official HRSA CSV: site name, address, city, state, postal code, phone, website, HRSA geocoding coordinates, county/FIPS, operating hours per week, site status, and location setting. Site status: Active. Location setting: All Other Clinic Types. Operational schedule: Full-Time. Daily hours, services, price, insurance, and accessibility fields were not supplied by this intake.",BPS-H80-001104,Health Center Service Delivery and Look-Alike Sites,2026-06-24,2026-06-24,needs_review,
hrsa-bps-h80-035458,Greater New Bedford Community Health Center ADMIN,community_health_center,384 Acushnet Ave,New Bedford,MA,25,Bristol County,25005,02740-6238,41.63582217,-70.92495991,508-992-6553,,,,,,,,,,,unknown,,,,,,,,,HRSA Health Center Service Delivery and Look-Alike Sites,https://data.hrsa.gov/DataDownload/DD_Files/Health_Center_Service_Delivery_and_LookAlike_Sites.csv,2026-06-24,"Fields copied from the official HRSA CSV: site name, address, city, state, postal code, phone, website, HRSA geocoding coordinates, county/FIPS, operating hours per week, site status, and location setting. Site status: Active. Location setting: Unknown. Operational schedule: Unknown. Daily hours, services, price, insurance, and accessibility fields were not supplied by this intake.",BPS-H80-035458,Health Center Service Delivery and Look-Alike Sites,2026-06-24,2026-06-24,needs_review,
hrsa-bps-h80-011062,Harbor Health Services Administrative Offices,community_health_center,1135 Morton St,Mattapan,MA,25,Suffolk County,25025,02126-2834,42.27577000,-71.07489003,617-533-2350,www.hhsi.us,,,,,,,,,,unknown,,,,,,,,,HRSA Health Center Service Delivery and Look-Alike Sites,https://data.hrsa.gov/DataDownload/DD_Files/Health_Center_Service_Delivery_and_LookAlike_Sites.csv,2026-06-24,"Fields copied from the official HRSA CSV: site name, address, city, state, postal code, phone, website, HRSA geocoding coordinates, county/FIPS, operating hours per week, site status, and location setting. Site status: Active. Location setting: All Other Clinic Types. Operational schedule: Full-Time. Daily hours, services, price, insurance, and accessibility fields were not supplied by this intake.",BPS-H80-011062,Health Center Service Delivery and Look-Alike Sites,2026-06-24,2026-06-24,needs_review,
hrsa-bps-h80-006065,Pine Street Inn at the Shattuck,community_health_center,170 Morton St,Jamaica Plain,MA,25,Suffolk County,25025,02130-3735,42.29959544,-71.10193860,617-971-3787,,,,,,,,,,HRSA operating hours per week: 36.00,unknown,,,,,,,,,HRSA Health Center Service Delivery and Look-Alike Sites,https://data.hrsa.gov/DataDownload/DD_Files/Health_Center_Service_Delivery_and_LookAlike_Sites.csv,2026-06-24,"Fields copied from the official HRSA CSV: site name, address, city, state, postal code, phone, website, HRSA geocoding coordinates, county/FIPS, operating hours per week, site status, and location setting. Site status: Active. Location setting: All Other Clinic Types. Operational schedule: Part-Time. Daily hours, services, price, insurance, and accessibility fields were not supplied by this intake.",BPS-H80-006065,Health Center Service Delivery and Look-Alike Sites,2026-06-24,2026-06-24,needs_review,
hrsa-bps-h80-001210,"Community Health Center of Cape Cod, Mashpee",community_health_center,107 Commercial St,Mashpee,MA,25,Barnstable County,25001,02649-6507,41.60731855,-70.49065034,508-477-7090,chcofcapecod.org,,,,,,,,,HRSA operating hours per week: 50.00,unknown,,,,,,,,,HRSA Health Center Service Delivery and Look-Alike Sites,https://data.hrsa.gov/DataDownload/DD_Files/Health_Center_Service_Delivery_and_LookAlike_Sites.csv,2026-06-24,"Fields copied from the official HRSA CSV: site name, address, city, state, postal code, phone, website, HRSA geocoding coordinates, county/FIPS, operating hours per week, site status, and location setting. Site status: Active. Location setting: All Other Clinic Types. Operational schedule: Full-Time. Daily hours, services, price, insurance, and accessibility fields were not supplied by this intake.",BPS-H80-001210,Health Center Service Delivery and Look-Alike Sites,2026-06-24,2026-06-24,needs_review,
hrsa-bps-h80-029715,282 Meridian Street,community_health_center,282 Meridian St,Boston,MA,25,Suffolk County,25025,02128-1654,42.37655548,-71.03942033,617-569-5800,,,,,,,,,,,unknown,,,,,,,,,HRSA Health Center Service Delivery and Look-Alike Sites,https://data.hrsa.gov/DataDownload/DD_Files/Health_Center_Service_Delivery_and_LookAlike_Sites.csv,2026-06-24,"Fields copied from the official HRSA CSV: site name, address, city, state, postal code, phone, website, HRSA geocoding coordinates, county/FIPS, operating hours per week, site status, and location setting. Site status: Active. Location setting: All Other Clinic Types. Operational schedule: Unknown. Daily hours, services, price, insurance, and accessibility fields were not supplied by this intake.",BPS-H80-029715,Health Center Service Delivery and Look-Alike Sites,2026-06-24,2026-06-24,needs_review,
hrsa-bps-h80-006136,Women's Lunch Place,community_health_center,67 Newbury St,Boston,MA,25,Suffolk County,25025,02116-3090,42.35212328,-71.07418142,617-267-0200,,,,,,,,,,HRSA operating hours per week: 14.00,unknown,,,,,,,,,HRSA Health Center Service Delivery and Look-Alike Sites,https://data.hrsa.gov/DataDownload/DD_Files/Health_Center_Service_Delivery_and_LookAlike_Sites.csv,2026-06-24,"Fields copied from the official HRSA CSV: site name, address, city, state, postal code, phone, website, HRSA geocoding coordinates, county/FIPS, operating hours per week, site status, and location setting. Site status: Active. Location setting: All Other Clinic Types. Operational schedule: Part-Time. Daily hours, services, price, insurance, and accessibility fields were not supplied by this intake.",BPS-H80-006136,Health Center Service Delivery and Look-Alike Sites,2026-06-24,2026-06-24,needs_review,
hrsa-bps-h80-001386,30 Gove Street,community_health_center,30 Gove St,East Boston,MA,25,Suffolk County,25025,02128-1921,42.37198000,-71.03768997,617-569-5800,www.ebnhc.org,,,,,,,,,HRSA operating hours per week: 168.00,unknown,,,,,,,,,HRSA Health Center Service Delivery and Look-Alike Sites,https://data.hrsa.gov/DataDownload/DD_Files/Health_Center_Service_Delivery_and_LookAlike_Sites.csv,2026-06-24,"Fields copied from the official HRSA CSV: site name, address, city, state, postal code, phone, website, HRSA geocoding coordinates, county/FIPS, operating hours per week, site status, and location setting. Site status: Active. Location setting: All Other Clinic Types. Operational schedule: Full-Time. Daily hours, services, price, insurance, and accessibility fields were not supplied by this intake.",BPS-H80-001386,Health Center Service Delivery and Look-Alike Sites,2026-06-24,2026-06-24,needs_review,
hrsa-bps-h80-001389,79 Paris Street,community_health_center,79 Paris St,East Boston,MA,25,Suffolk County,25025,02128-3053,42.37139298,-71.03845297,617-569-5800,www.ebnhc.org,,,,,,,,,HRSA operating hours per week: 68.00,unknown,,,,,,,,,HRSA Health Center Service Delivery and Look-Alike Sites,https://data.hrsa.gov/DataDownload/DD_Files/Health_Center_Service_Delivery_and_LookAlike_Sites.csv,2026-06-24,"Fields copied from the official HRSA CSV: site name, address, city, state, postal code, phone, website, HRSA geocoding coordinates, county/FIPS, operating hours per week, site status, and location setting. Site status: Active. Location setting: All Other Clinic Types. Operational schedule: Full-Time. Daily hours, services, price, insurance, and accessibility fields were not supplied by this intake.",BPS-H80-001389,Health Center Service Delivery and Look-Alike Sites,2026-06-24,2026-06-24,needs_review,
hrsa-bps-h80-001492,WASHINGTON STREET CLINIC,community_health_center,885 Washington St,Boston,MA,25,Suffolk County,25025,02111-1416,42.34797000,-71.06492001,617-482-7555,www.scchc.org,,,,,,,,,HRSA operating hours per week: 47.00,unknown,,,,,,,,,HRSA Health Center Service Delivery and Look-Alike Sites,https://data.hrsa.gov/DataDownload/DD_Files/Health_Center_Service_Delivery_and_LookAlike_Sites.csv,2026-06-24,"Fields copied from the official HRSA CSV: site name, address, city, state, postal code, phone, website, HRSA geocoding coordinates, county/FIPS, operating hours per week, site status, and location setting. Site status: Active. Location setting: All Other Clinic Types. Operational schedule: Full-Time. Daily hours, services, price, insurance, and accessibility fields were not supplied by this intake.",BPS-H80-001492,Health Center Service Delivery and Look-Alike Sites,2026-06-24,2026-06-24,needs_review,
hrsa-bps-h80-024622,"Washington Elementary School, School Based Health Center",community_health_center,58 Blossom Street,Lynn,MA,25,Essex County,25009,01902-4596,42.46135234,-70.95450796,339-883-1414,,,,,,,,,,HRSA operating hours per week: 35.00,unknown,,,,,,,,,HRSA Health Center Service Delivery and Look-Alike Sites,https://data.hrsa.gov/DataDownload/DD_Files/Health_Center_Service_Delivery_and_LookAlike_Sites.csv,2026-06-24,"Fields copied from the official HRSA CSV: site name, address, city, state, postal code, phone, website, HRSA geocoding coordinates, county/FIPS, operating hours per week, site status, and location setting. Site status: Active. Location setting: School. Operational schedule: Unknown. Daily hours, services, price, insurance, and accessibility fields were not supplied by this intake.",BPS-H80-024622,Health Center Service Delivery and Look-Alike Sites,2026-06-24,2026-06-24,needs_review,
hrsa-bps-h80-009242,LCHC Consolidated Site,community_health_center,161 Jackson St,Lowell,MA,25,Middlesex County,25017,01852-2103,42.64223871,-71.31038069,978-937-9700,www.lchealth.org,,,,,,,,,HRSA operating hours per week: 66.00,unknown,,,,,,,,,HRSA Health Center Service Delivery and Look-Alike Sites,https://data.hrsa.gov/DataDownload/DD_Files/Health_Center_Service_Delivery_and_LookAlike_Sites.csv,2026-06-24,"Fields copied from the official HRSA CSV: site name, address, city, state, postal code, phone, website, HRSA geocoding coordinates, county/FIPS, operating hours per week, site status, and location setting. Site status: Active. Location setting: All Other Clinic Types. Operational schedule: Full-Time. Daily hours, services, price, insurance, and accessibility fields were not supplied by this intake.",BPS-H80-009242,Health Center Service Delivery and Look-Alike Sites,2026-06-24,2026-06-24,needs_review,
hrsa-bps-h80-034957,Codman Square Health Center at Randolph High School,community_health_center,42 Highland Ave,Randolph,MA,25,Norfolk County,25021,02368,42.16364544,-71.04672744,781-807-1771,ww.codman.org,,,,,,,,,HRSA operating hours per week: 32.00,unknown,,,,,,,,,HRSA Health Center Service Delivery and Look-Alike Sites,https://data.hrsa.gov/DataDownload/DD_Files/Health_Center_Service_Delivery_and_LookAlike_Sites.csv,2026-06-24,"Fields copied from the official HRSA CSV: site name, address, city, state, postal code, phone, website, HRSA geocoding coordinates, county/FIPS, operating hours per week, site status, and location setting. Site status: Active. Location setting: School. Operational schedule: Unknown. Daily hours, services, price, insurance, and accessibility fields were not supplied by this intake.",BPS-H80-034957,Health Center Service Delivery and Look-Alike Sites,2026-06-24,2026-06-24,needs_review,
hrsa-bps-h80-001911,Connecticut River Valley Farmworker Health Program,community_health_center,40 Court St,Boston,MA,25,Suffolk County,25025,02108-2202,42.35906475,-71.05932592,617-426-2225,http://www.massleague.org/Programs/CRVFarmWorkerHealthProgram/AboutCRVFHP-InEnglish.php,,,,,,,,,,unknown,,,,,,,,,HRSA Health Center Service Delivery and Look-Alike Sites,https://data.hrsa.gov/DataDownload/DD_Files/Health_Center_Service_Delivery_and_LookAlike_Sites.csv,2026-06-24,"Fields copied from the official HRSA CSV: site name, address, city, state, postal code, phone, website, HRSA geocoding coordinates, county/FIPS, operating hours per week, site status, and location setting. Site status: Active. Location setting: Unknown. Operational schedule: Full-Time. Daily hours, services, price, insurance, and accessibility fields were not supplied by this intake.",BPS-H80-001911,Health Center Service Delivery and Look-Alike Sites,2026-06-24,2026-06-24,needs_review,
hrsa-bps-h80-006338,Rosie's Place,community_health_center,889 Harrison Ave,Boston,MA,25,Suffolk County,25025,02118-4004,42.33407637,-71.07668837,617-442-9322,,,,,,,,,,HRSA operating hours per week: 14.00,unknown,,,,,,,,,HRSA Health Center Service Delivery and Look-Alike Sites,https://data.hrsa.gov/DataDownload/DD_Files/Health_Center_Service_Delivery_and_LookAlike_Sites.csv,2026-06-24,"Fields copied from the official HRSA CSV: site name, address, city, state, postal code, phone, website, HRSA geocoding coordinates, county/FIPS, operating hours per week, site status, and location setting. Site status: Active. Location setting: All Other Clinic Types. Operational schedule: Part-Time. Daily hours, services, price, insurance, and accessibility fields were not supplied by this intake.",BPS-H80-006338,Health Center Service Delivery and Look-Alike Sites,2026-06-24,2026-06-24,needs_review,
hrsa-bps-h80-041696,MASSACHUSETTS GENERAL HOSPITAL,community_health_center,55 Fruit St,Boston,MA,25,Suffolk County,25025,02114-2696,42.36319770,-71.06877149,857-238-0535,,,,,,,,,,HRSA operating hours per week: 40.00,unknown,,,,,,,,,HRSA Health Center Service Delivery and Look-Alike Sites,https://data.hrsa.gov/DataDownload/DD_Files/Health_Center_Service_Delivery_and_LookAlike_Sites.csv,2026-06-24,"Fields copied from the official HRSA CSV: site name, address, city, state, postal code, phone, website, HRSA geocoding coordinates, county/FIPS, operating hours per week, site status, and location setting. Site status: Active. Location setting: Hospital. Operational schedule: Unknown. Daily hours, services, price, insurance, and accessibility fields were not supplied by this intake.",BPS-H80-041696,Health Center Service Delivery and Look-Alike Sites,2026-06-24,2026-06-24,needs_review,
hrsa-bps-h80-001989,WORCESTER TECHNICAL HIGH SCHOOL-B124-125,community_health_center,1 Officer Manny Familia Way,Worcester,MA,25,Worcester County,25027,01605-1660,42.27664327,-71.77741782,508-791-4326,www.kennedychc.org,,,,,,,,,HRSA operating hours per week: 40.00,unknown,,,,,,,,,HRSA Health Center Service Delivery and Look-Alike Sites,https://data.hrsa.gov/DataDownload/DD_Files/Health_Center_Service_Delivery_and_LookAlike_Sites.csv,2026-06-24,"Fields copied from the official HRSA CSV: site name, address, city, state, postal code, phone, website, HRSA geocoding coordinates, county/FIPS, operating hours per week, site status, and location setting. Site status: Active. Location setting: School. Operational schedule: Full-Time. Daily hours, services, price, insurance, and accessibility fields were not supplied by this intake.",BPS-H80-001989,Health Center Service Delivery and Look-Alike Sites,2026-06-24,2026-06-24,needs_review,
hrsa-bps-h80-017428,Community Action Drop-In Center,community_health_center,16 Ashland St,Haverhill,MA,25,Essex County,25009,01830-4129,42.78138355,-71.07611639,978-725-7400,,,,,,,,,,HRSA operating hours per week: 4.00,unknown,,,,,,,,,HRSA Health Center Service Delivery and Look-Alike Sites,https://data.hrsa.gov/DataDownload/DD_Files/Health_Center_Service_Delivery_and_LookAlike_Sites.csv,2026-06-24,"Fields copied from the official HRSA CSV: site name, address, city, state, postal code, phone, website, HRSA geocoding coordinates, county/FIPS, operating hours per week, site status, and location setting. Site status: Active. Location setting: All Other Clinic Types. Operational schedule: Unknown. Daily hours, services, price, insurance, and accessibility fields were not supplied by this intake.",BPS-H80-017428,Health Center Service Delivery and Look-Alike Sites,2026-06-24,2026-06-24,needs_review,
hrsa-bps-h80-037107,Springfield Rescue Mission SIte,community_health_center,10 Mill St,Springfield,MA,25,Hampden County,25013,01108-1021,42.09024576,-72.57885894,413-732-0808,,,,,,,,,,HRSA operating hours per week: 2.00,unknown,,,,,,,,,HRSA Health Center Service Delivery and Look-Alike Sites,https://data.hrsa.gov/DataDownload/DD_Files/Health_Center_Service_Delivery_and_LookAlike_Sites.csv,2026-06-24,"Fields copied from the official HRSA CSV: site name, address, city, state, postal code, phone, website, HRSA geocoding coordinates, county/FIPS, operating hours per week, site status, and location setting. Site status: Active. Location setting: All Other Clinic Types. Operational schedule: Unknown. Daily hours, services, price, insurance, and accessibility fields were not supplied by this intake.",BPS-H80-037107,Health Center Service Delivery and Look-Alike Sites,2026-06-24,2026-06-24,needs_review,
hrsa-bps-h80-019258,GLFHC Mobile Unit,community_health_center,401 Griffin Brook Dr,Methuen,MA,25,Essex County,25009,01844-1883,42.69127184,-71.23624485,978-725-7400,www.glfhc.org,,,,,,,,,HRSA operating hours per week: 34.00,unknown,,,,,,,,,HRSA Health Center Service Delivery and Look-Alike Sites,https://data.hrsa.gov/DataDownload/DD_Files/Health_Center_Service_Delivery_and_LookAlike_Sites.csv,2026-06-24,"Fields copied from the official HRSA CSV: site name, address, city, state, postal code, phone, website, HRSA geocoding coordinates, county/FIPS, operating hours per week, site status, and location setting. Site status: Active. Location setting: All Other Clinic Types. Operational schedule: Unknown. Daily hours, services, price, insurance, and accessibility fields were not supplied by this intake.",BPS-H80-019258,Health Center Service Delivery and Look-Alike Sites,2026-06-24,2026-06-24,needs_review,
hrsa-bps-h80-006456,MARY IMMACULATE/RESTORATIVE CTR,community_health_center,172 Lawrence St,Lawrence,MA,25,Essex County,25009,01841-3849,42.71335661,-71.16471545,978-725-7400,www.glfhc.org,,,,,,,,,HRSA operating hours per week: 8.00,unknown,,,,,,,,,HRSA Health Center Service Delivery and Look-Alike Sites,https://data.hrsa.gov/DataDownload/DD_Files/Health_Center_Service_Delivery_and_LookAlike_Sites.csv,2026-06-24,"Fields copied from the official HRSA CSV: site name, address, city, state, postal code, phone, website, HRSA geocoding coordinates, county/FIPS, operating hours per week, site status, and location setting. Site status: Active. Location setting: All Other Clinic Types. Operational schedule: Part-Time. Daily hours, services, price, insurance, and accessibility fields were not supplied by this intake.",BPS-H80-006456,Health Center Service Delivery and Look-Alike Sites,2026-06-24,2026-06-24,needs_review,
hrsa-bps-h80-002424,"North Shore Community Health, Inc.",community_health_center,"27 Congress St, Suite 504",Salem,MA,25,Essex County,25009,01970-5575,42.51676058,-70.88672636,978-744-8388,www.nschi.org,,,,,,,,,,unknown,,,,,,,,,HRSA Health Center Service Delivery and Look-Alike Sites,https://data.hrsa.gov/DataDownload/DD_Files/Health_Center_Service_Delivery_and_LookAlike_Sites.csv,2026-06-24,"Fields copied from the official HRSA CSV: site name, address, city, state, postal code, phone, website, HRSA geocoding coordinates, county/FIPS, operating hours per week, site status, and location setting. Site status: Active. Location setting: All Other Clinic Types. Operational schedule: Full-Time. Daily hours, services, price, insurance, and accessibility fields were not supplied by this intake.",BPS-H80-002424,Health Center Service Delivery and Look-Alike Sites,2026-06-24,2026-06-24,needs_review,
hrsa-bps-h80-032335,BNHC Community Care In Reach,community_health_center,63 Main St,Brockton,MA,25,Plymouth County,25023,02301-4042,42.08454317,-71.02015008,508-559-6699,www.bnhc.org,,,,,,,,,HRSA operating hours per week: 32.00,unknown,,,,,,,,,HRSA Health Center Service Delivery and Look-Alike Sites,https://data.hrsa.gov/DataDownload/DD_Files/Health_Center_Service_Delivery_and_LookAlike_Sites.csv,2026-06-24,"Fields copied from the official HRSA CSV: site name, address, city, state, postal code, phone, website, HRSA geocoding coordinates, county/FIPS, operating hours per week, site status, and location setting. Site status: Active. Location setting: All Other Clinic Types. Operational schedule: Unknown. Daily hours, services, price, insurance, and accessibility fields were not supplied by this intake.",BPS-H80-032335,Health Center Service Delivery and Look-Alike Sites,2026-06-24,2026-06-24,needs_review,
hrsa-bps-h80-002530,OPEN DOOR SOCIAL SERVICES,community_health_center,287 State St,Springfield,MA,25,Hampden County,25013,01105-1812,42.10462592,-72.58223006,413-737-7062,,,,,,,,,,HRSA operating hours per week: 9.00,unknown,,,,,,,,,HRSA Health Center Service Delivery and Look-Alike Sites,https://data.hrsa.gov/DataDownload/DD_Files/Health_Center_Service_Delivery_and_LookAlike_Sites.csv,2026-06-24,"Fields copied from the official HRSA CSV: site name, address, city, state, postal code, phone, website, HRSA geocoding coordinates, county/FIPS, operating hours per week, site status, and location setting. Site status: Active. Location setting: All Other Clinic Types. Operational schedule: Full-Time. Daily hours, services, price, insurance, and accessibility fields were not supplied by this intake.",BPS-H80-002530,Health Center Service Delivery and Look-Alike Sites,2026-06-24,2026-06-24,needs_review,
hrsa-bps-h80-019608,Collins Middle School,community_health_center,29 Highland Avenue,Salem,MA,25,Essex County,25009,01970-2196,42.51478119,-70.90611454,978-740-8388,www.nschi.org,,,,,,,,,HRSA operating hours per week: 35.00,unknown,,,,,,,,,HRSA Health Center Service Delivery and Look-Alike Sites,https://data.hrsa.gov/DataDownload/DD_Files/Health_Center_Service_Delivery_and_LookAlike_Sites.csv,2026-06-24,"Fields copied from the official HRSA CSV: site name, address, city, state, postal code, phone, website, HRSA geocoding coordinates, county/FIPS, operating hours per week, site status, and location setting. Site status: Active. Location setting: School. Operational schedule: Unknown. Daily hours, services, price, insurance, and accessibility fields were not supplied by this intake.",BPS-H80-019608,Health Center Service Delivery and Look-Alike Sites,2026-06-24,2026-06-24,needs_review,
hrsa-bps-h80-021900,Worcester East Middle School Health Center,community_health_center,420 Grafton St,Worcester,MA,25,Worcester County,25027,01604-3899,42.25256860,-71.78364079,508-796-7037,www.fhcw.org,,,,,,,,,HRSA operating hours per week: 40.00,unknown,,,,,,,,,HRSA Health Center Service Delivery and Look-Alike Sites,https://data.hrsa.gov/DataDownload/DD_Files/Health_Center_Service_Delivery_and_LookAlike_Sites.csv,2026-06-24,"Fields copied from the official HRSA CSV: site name, address, city, state, postal code, phone, website, HRSA geocoding coordinates, county/FIPS, operating hours per week, site status, and location setting. Site status: Active. Location setting: School. Operational schedule: Unknown. Daily hours, services, price, insurance, and accessibility fields were not supplied by this intake.",BPS-H80-021900,Health Center Service Delivery and Look-Alike Sites,2026-06-24,2026-06-24,needs_review,
hrsa-bps-h80-035734,BNHC Pharmacy,community_health_center,63 Main St,Brockton,MA,25,Plymouth County,25023,02301-4042,42.08454317,-71.02015008,508-559-6699,,,,,,,,,,HRSA operating hours per week: 65.50,unknown,,,,,,,,,HRSA Health Center Service Delivery and Look-Alike Sites,https://data.hrsa.gov/DataDownload/DD_Files/Health_Center_Service_Delivery_and_LookAlike_Sites.csv,2026-06-24,"Fields copied from the official HRSA CSV: site name, address, city, state, postal code, phone, website, HRSA geocoding coordinates, county/FIPS, operating hours per week, site status, and location setting. Site status: Active. Location setting: All Other Clinic Types. Operational schedule: Unknown. Daily hours, services, price, insurance, and accessibility fields were not supplied by this intake.",BPS-H80-035734,Health Center Service Delivery and Look-Alike Sites,2026-06-24,2026-06-24,needs_review,
hrsa-bps-h80-027777,Springfield Dept. Health & Human Services/HSH Health Center & Dental Clinics,community_health_center,311 State St,Springfield,MA,25,Hampden County,25013,01105-1320,42.10502058,-72.58125298,413-787-6741,,,,,,,,,,HRSA operating hours per week: 40.00,unknown,,,,,,,,,HRSA Health Center Service Delivery and Look-Alike Sites,https://data.hrsa.gov/DataDownload/DD_Files/Health_Center_Service_Delivery_and_LookAlike_Sites.csv,2026-06-24,"Fields copied from the official HRSA CSV: site name, address, city, state, postal code, phone, website, HRSA geocoding coordinates, county/FIPS, operating hours per week, site status, and location setting. Site status: Active. Location setting: All Other Clinic Types. Operational schedule: Unknown. Daily hours, services, price, insurance, and accessibility fields were not supplied by this intake.",BPS-H80-027777,Health Center Service Delivery and Look-Alike Sites,2026-06-24,2026-06-24,needs_review,
hrsa-bps-h80-037177,Unit 1-10 Town Plaza Condominium South Dennis,community_health_center,"900 Route 134, #1-3 Bldg 1",South Dennis,MA,25,Barnstable County,25001,02660,41.71564794,-70.15397024,781-780-7413 x165,,,,,,,,,,HRSA operating hours per week: 6.00,unknown,,,,,,,,,HRSA Health Center Service Delivery and Look-Alike Sites,https://data.hrsa.gov/DataDownload/DD_Files/Health_Center_Service_Delivery_and_LookAlike_Sites.csv,2026-06-24,"Fields copied from the official HRSA CSV: site name, address, city, state, postal code, phone, website, HRSA geocoding coordinates, county/FIPS, operating hours per week, site status, and location setting. Site status: Active. Location setting: All Other Clinic Types. Operational schedule: Unknown. Daily hours, services, price, insurance, and accessibility fields were not supplied by this intake.",BPS-H80-037177,Health Center Service Delivery and Look-Alike Sites,2026-06-24,2026-06-24,needs_review,
hrsa-bps-h80-002856,South Boston Community Health Center,community_health_center,386 W Broadway,South Boston,MA,25,Suffolk County,25025,02127-2244,42.33760699,-71.04851997,617-464-7509,www.shchc.org,,,,,,,,,HRSA operating hours per week: 56.00,unknown,,,,,,,,,HRSA Health Center Service Delivery and Look-Alike Sites,https://data.hrsa.gov/DataDownload/DD_Files/Health_Center_Service_Delivery_and_LookAlike_Sites.csv,2026-06-24,"Fields copied from the official HRSA CSV: site name, address, city, state, postal code, phone, website, HRSA geocoding coordinates, county/FIPS, operating hours per week, site status, and location setting. Site status: Active. Location setting: All Other Clinic Types. Operational schedule: Full-Time. Daily hours, services, price, insurance, and accessibility fields were not supplied by this intake.",BPS-H80-002856,Health Center Service Delivery and Look-Alike Sites,2026-06-24,2026-06-24,needs_review,
hrsa-bps-h80-010481,Holyoke Soldier Home,community_health_center,110 Cherry St,Holyoke,MA,25,Hampden County,25013,01040-7002,42.19882740,-72.64046978,413-420-2111,www.hhcinc.org,,,,,,,,,HRSA operating hours per week: 7.50,unknown,,,,,,,,,HRSA Health Center Service Delivery and Look-Alike Sites,https://data.hrsa.gov/DataDownload/DD_Files/Health_Center_Service_Delivery_and_LookAlike_Sites.csv,2026-06-24,"Fields copied from the official HRSA CSV: site name, address, city, state, postal code, phone, website, HRSA geocoding coordinates, county/FIPS, operating hours per week, site status, and location setting. Site status: Active. Location setting: All Other Clinic Types. Operational schedule: Full-Time. Daily hours, services, price, insurance, and accessibility fields were not supplied by this intake.",BPS-H80-010481,Health Center Service Delivery and Look-Alike Sites,2026-06-24,2026-06-24,needs_review,
hrsa-bps-h80-013877,Community Health Connections Fitchburg Health Center,community_health_center,326 Nichols Rd,Fitchburg,MA,25,Worcester County,25027,01420-1914,42.59734038,-71.80791638,978-878-8100,chcfhc.org,,,,,,,,,HRSA operating hours per week: 55.00,unknown,,,,,,,,,HRSA Health Center Service Delivery and Look-Alike Sites,https://data.hrsa.gov/DataDownload/DD_Files/Health_Center_Service_Delivery_and_LookAlike_Sites.csv,2026-06-24,"Fields copied from the official HRSA CSV: site name, address, city, state, postal code, phone, website, HRSA geocoding coordinates, county/FIPS, operating hours per week, site status, and location setting. Site status: Active. Location setting: All Other Clinic Types. Operational schedule: Full-Time. Daily hours, services, price, insurance, and accessibility fields were not supplied by this intake.",BPS-H80-013877,Health Center Service Delivery and Look-Alike Sites,2026-06-24,2026-06-24,needs_review,
hrsa-bps-h80-019610,Bentley Academy Charter,community_health_center,25 Memorial Dr,Salem,MA,25,Essex County,25009,01970-5651,42.52840811,-70.88075828,978-740-8388,www.nschi.org,,,,,,,,,HRSA operating hours per week: 16.00,unknown,,,,,,,,,HRSA Health Center Service Delivery and Look-Alike Sites,https://data.hrsa.gov/DataDownload/DD_Files/Health_Center_Service_Delivery_and_LookAlike_Sites.csv,2026-06-24,"Fields copied from the official HRSA CSV: site name, address, city, state, postal code, phone, website, HRSA geocoding coordinates, county/FIPS, operating hours per week, site status, and location setting. Site status: Active. Location setting: School. Operational schedule: Unknown. Daily hours, services, price, insurance, and accessibility fields were not supplied by this intake.",BPS-H80-019610,Health Center Service Delivery and Look-Alike Sites,2026-06-24,2026-06-24,needs_review,
hrsa-bps-h80-010653,CHP Great Barrington Family Health and Dental Center,community_health_center,444 Stockbridge Rd,Great Barrington,MA,25,Berkshire County,25003,01230-1295,42.21943854,-73.34236130,413-528-8580,https://www.chpberkshires.org/,,,,,,,,,HRSA operating hours per week: 45.00,unknown,,,,,,,,,HRSA Health Center Service Delivery and Look-Alike Sites,https://data.hrsa.gov/DataDownload/DD_Files/Health_Center_Service_Delivery_and_LookAlike_Sites.csv,2026-06-24,"Fields copied from the official HRSA CSV: site name, address, city, state, postal code, phone, website, HRSA geocoding coordinates, county/FIPS, operating hours per week, site status, and location setting. Site status: Active. Location setting: All Other Clinic Types. Operational schedule: Full-Time. Daily hours, services, price, insurance, and accessibility fields were not supplied by this intake.",BPS-H80-010653,Health Center Service Delivery and Look-Alike Sites,2026-06-24,2026-06-24,needs_review,
hrsa-bps-h80-032774,City of Springfield Mobile Medical Van,community_health_center,311 State St,Springfield,MA,25,Hampden County,25013,01105-1320,42.10502058,-72.58125298,413-787-6741,,,,,,,,,,HRSA operating hours per week: 32.00,unknown,,,,,,,,,HRSA Health Center Service Delivery and Look-Alike Sites,https://data.hrsa.gov/DataDownload/DD_Files/Health_Center_Service_Delivery_and_LookAlike_Sites.csv,2026-06-24,"Fields copied from the official HRSA CSV: site name, address, city, state, postal code, phone, website, HRSA geocoding coordinates, county/FIPS, operating hours per week, site status, and location setting. Site status: Active. Location setting: All Other Clinic Types. Operational schedule: Unknown. Daily hours, services, price, insurance, and accessibility fields were not supplied by this intake.",BPS-H80-032774,Health Center Service Delivery and Look-Alike Sites,2026-06-24,2026-06-24,needs_review,
hrsa-bps-h80-003263,CHP Neighborhood Health Center,community_health_center,510 North St,Pittsfield,MA,25,Berkshire County,25003,01201-5493,42.45551862,-73.25108129,413-447-2351,https://www.chpberkshires.org/,,,,,,,,,HRSA operating hours per week: 54.00,unknown,,,,,,,,,HRSA Health Center Service Delivery and Look-Alike Sites,https://data.hrsa.gov/DataDownload/DD_Files/Health_Center_Service_Delivery_and_LookAlike_Sites.csv,2026-06-24,"Fields copied from the official HRSA CSV: site name, address, city, state, postal code, phone, website, HRSA geocoding coordinates, county/FIPS, operating hours per week, site status, and location setting. Site status: Active. Location setting: All Other Clinic Types. Operational schedule: Full-Time. Daily hours, services, price, insurance, and accessibility fields were not supplied by this intake.",BPS-H80-003263,Health Center Service Delivery and Look-Alike Sites,2026-06-24,2026-06-24,needs_review,
hrsa-bps-h80-003362,"Family Health Center of Worcester, Inc.",community_health_center,26 Queen St,Worcester,MA,25,Worcester County,25027,01610-2473,42.25924864,-71.81497084,508-860-7700,http://www.fhcw.org,,,,,,,,,HRSA operating hours per week: 71.00,unknown,,,,,,,,,HRSA Health Center Service Delivery and Look-Alike Sites,https://data.hrsa.gov/DataDownload/DD_Files/Health_Center_Service_Delivery_and_LookAlike_Sites.csv,2026-06-24,"Fields copied from the official HRSA CSV: site name, address, city, state, postal code, phone, website, HRSA geocoding coordinates, county/FIPS, operating hours per week, site status, and location setting. Site status: Active. Location setting: All Other Clinic Types. Operational schedule: Full-Time. Daily hours, services, price, insurance, and accessibility fields were not supplied by this intake.",BPS-H80-003362,Health Center Service Delivery and Look-Alike Sites,2026-06-24,2026-06-24,needs_review,
hrsa-bps-h80-015594,Upham's Corner Helath Center,community_health_center,415 Columbia Rd,Dorchester,MA,25,Suffolk County,25025,02125-2424,42.31196792,-71.06858223,617-287-8000,www.uphams.org,,,,,,,,,HRSA operating hours per week: 65.00,unknown,,,,,,,,,HRSA Health Center Service Delivery and Look-Alike Sites,https://data.hrsa.gov/DataDownload/DD_Files/Health_Center_Service_Delivery_and_LookAlike_Sites.csv,2026-06-24,"Fields copied from the official HRSA CSV: site name, address, city, state, postal code, phone, website, HRSA geocoding coordinates, county/FIPS, operating hours per week, site status, and location setting. Site status: Active. Location setting: All Other Clinic Types. Operational schedule: Unknown. Daily hours, services, price, insurance, and accessibility fields were not supplied by this intake.",BPS-H80-015594,Health Center Service Delivery and Look-Alike Sites,2026-06-24,2026-06-24,needs_review,
hrsa-bps-h80-003560,26 Sturgis Street,community_health_center,26 Sturgis St,Winthrop,MA,25,Suffolk County,25025,02152-1219,42.37309320,-70.97031749,617-569-5800,www.ebnhc.org,,,,,,,,,HRSA operating hours per week: 45.00,unknown,,,,,,,,,HRSA Health Center Service Delivery and Look-Alike Sites,https://data.hrsa.gov/DataDownload/DD_Files/Health_Center_Service_Delivery_and_LookAlike_Sites.csv,2026-06-24,"Fields copied from the official HRSA CSV: site name, address, city, state, postal code, phone, website, HRSA geocoding coordinates, county/FIPS, operating hours per week, site status, and location setting. Site status: Active. Location setting: All Other Clinic Types. Operational schedule: Full-Time. Daily hours, services, price, insurance, and accessibility fields were not supplied by this intake.",BPS-H80-003560,Health Center Service Delivery and Look-Alike Sites,2026-06-24,2026-06-24,needs_review,
hrsa-bps-h80-022305,Community Health Center of Cape Cod - Centerville,community_health_center,1185 Falmouth Rd,Centerville,MA,25,Barnstable County,25001,02632-3066,41.65787626,-70.33022532,508-477-7090,,,,,,,,,,HRSA operating hours per week: 40.00,unknown,,,,,,,,,HRSA Health Center Service Delivery and Look-Alike Sites,https://data.hrsa.gov/DataDownload/DD_Files/Health_Center_Service_Delivery_and_LookAlike_Sites.csv,2026-06-24,"Fields copied from the official HRSA CSV: site name, address, city, state, postal code, phone, website, HRSA geocoding coordinates, county/FIPS, operating hours per week, site status, and location setting. Site status: Active. Location setting: All Other Clinic Types. Operational schedule: Unknown. Daily hours, services, price, insurance, and accessibility fields were not supplied by this intake.",BPS-H80-022305,Health Center Service Delivery and Look-Alike Sites,2026-06-24,2026-06-24,needs_review,
hrsa-bps-h80-011517,HOLMES STREET CLINIC,community_health_center,88 Holmes St,Quincy,MA,25,Norfolk County,25021,02171-2431,42.27241230,-71.02550830,617-318-3200,,,,,,,,,,HRSA operating hours per week: 46.50,unknown,,,,,,,,,HRSA Health Center Service Delivery and Look-Alike Sites,https://data.hrsa.gov/DataDownload/DD_Files/Health_Center_Service_Delivery_and_LookAlike_Sites.csv,2026-06-24,"Fields copied from the official HRSA CSV: site name, address, city, state, postal code, phone, website, HRSA geocoding coordinates, county/FIPS, operating hours per week, site status, and location setting. Site status: Active. Location setting: All Other Clinic Types. Operational schedule: Full-Time. Daily hours, services, price, insurance, and accessibility fields were not supplied by this intake.",BPS-H80-011517,Health Center Service Delivery and Look-Alike Sites,2026-06-24,2026-06-24,needs_review,
hrsa-bps-h80-003896,LOWELL HIGH SCHOOL HEALTH CTR,community_health_center,50 Father Morissette Blvd,Lowell,MA,25,Middlesex County,25017,01852-1037,42.64761872,-71.31151065,978-458-6642,www.lchealth.org,,,,,,,,,HRSA operating hours per week: 35.00,unknown,,,,,,,,,HRSA Health Center Service Delivery and Look-Alike Sites,https://data.hrsa.gov/DataDownload/DD_Files/Health_Center_Service_Delivery_and_LookAlike_Sites.csv,2026-06-24,"Fields copied from the official HRSA CSV: site name, address, city, state, postal code, phone, website, HRSA geocoding coordinates, county/FIPS, operating hours per week, site status, and location setting. Site status: Active. Location setting: School. Operational schedule: Full-Time. Daily hours, services, price, insurance, and accessibility fields were not supplied by this intake.",BPS-H80-003896,Health Center Service Delivery and Look-Alike Sites,2026-06-24,2026-06-24,needs_review,
hrsa-bps-h80-008560,DIMOCK COMMUNITY HEALTH CENTER,community_health_center,55 Dimock St,Roxbury,MA,25,Suffolk County,25025,02119-1029,42.31978493,-71.09765469,617-442-8800,www.dimock.org,,,,,,,,,,unknown,,,,,,,,,HRSA Health Center Service Delivery and Look-Alike Sites,https://data.hrsa.gov/DataDownload/DD_Files/Health_Center_Service_Delivery_and_LookAlike_Sites.csv,2026-06-24,"Fields copied from the official HRSA CSV: site name, address, city, state, postal code, phone, website, HRSA geocoding coordinates, county/FIPS, operating hours per week, site status, and location setting. Site status: Active. Location setting: All Other Clinic Types. Operational schedule: Full-Time. Daily hours, services, price, insurance, and accessibility fields were not supplied by this intake.",BPS-H80-008560,Health Center Service Delivery and Look-Alike Sites,2026-06-24,2026-06-24,needs_review,
hrsa-bps-h80-015157,Lowell Transitional Living Center,community_health_center,205 Middlesex St,Lowell,MA,25,Middlesex County,25017,01852-2155,42.64095607,-71.31238095,978-458-9888,http://www.ltlc.org/,,,,,,,,,HRSA operating hours per week: 4.00,unknown,,,,,,,,,HRSA Health Center Service Delivery and Look-Alike Sites,https://data.hrsa.gov/DataDownload/DD_Files/Health_Center_Service_Delivery_and_LookAlike_Sites.csv,2026-06-24,"Fields copied from the official HRSA CSV: site name, address, city, state, postal code, phone, website, HRSA geocoding coordinates, county/FIPS, operating hours per week, site status, and location setting. Site status: Active. Location setting: All Other Clinic Types. Operational schedule: Unknown. Daily hours, services, price, insurance, and accessibility fields were not supplied by this intake.",BPS-H80-015157,Health Center Service Delivery and Look-Alike Sites,2026-06-24,2026-06-24,needs_review,
hrsa-bps-h80-004000,BURNCOAT SCHOOL BASED  HEALTH CENTER-507,community_health_center,135 Burncoat St,Worcester,MA,25,Worcester County,25027,01606-2405,42.29652154,-71.78795965,508-854-3266,www.kennedychc.org,,,,,,,,,HRSA operating hours per week: 40.00,unknown,,,,,,,,,HRSA Health Center Service Delivery and Look-Alike Sites,https://data.hrsa.gov/DataDownload/DD_Files/Health_Center_Service_Delivery_and_LookAlike_Sites.csv,2026-06-24,"Fields copied from the official HRSA CSV: site name, address, city, state, postal code, phone, website, HRSA geocoding coordinates, county/FIPS, operating hours per week, site status, and location setting. Site status: Active. Location setting: School. Operational schedule: Full-Time. Daily hours, services, price, insurance, and accessibility fields were not supplied by this intake.",BPS-H80-004000,Health Center Service Delivery and Look-Alike Sites,2026-06-24,2026-06-24,needs_review,
hrsa-bps-h80-036464,Edward M. Kennedy Community Health Center Milford,community_health_center,41 Cape Rd,Milford,MA,25,Worcester County,25027,01757-3276,42.12806964,-71.51886075,800-853-2258,www.kennedychc.org,,,,,,,,,HRSA operating hours per week: 54.50,unknown,,,,,,,,,HRSA Health Center Service Delivery and Look-Alike Sites,https://data.hrsa.gov/DataDownload/DD_Files/Health_Center_Service_Delivery_and_LookAlike_Sites.csv,2026-06-24,"Fields copied from the official HRSA CSV: site name, address, city, state, postal code, phone, website, HRSA geocoding coordinates, county/FIPS, operating hours per week, site status, and location setting. Site status: Active. Location setting: All Other Clinic Types. Operational schedule: Unknown. Daily hours, services, price, insurance, and accessibility fields were not supplied by this intake.",BPS-H80-036464,Health Center Service Delivery and Look-Alike Sites,2026-06-24,2026-06-24,needs_review,
hrsa-bps-h80-017297,Mobile Van #1,community_health_center,780 Albany St,Boston,MA,25,Suffolk County,25025,02118-2755,42.33364705,-71.07280176,857-654-1300,,,,,,,,,,HRSA operating hours per week: 40.00,unknown,,,,,,,,,HRSA Health Center Service Delivery and Look-Alike Sites,https://data.hrsa.gov/DataDownload/DD_Files/Health_Center_Service_Delivery_and_LookAlike_Sites.csv,2026-06-24,"Fields copied from the official HRSA CSV: site name, address, city, state, postal code, phone, website, HRSA geocoding coordinates, county/FIPS, operating hours per week, site status, and location setting. Site status: Active. Location setting: All Other Clinic Types. Operational schedule: Unknown. Daily hours, services, price, insurance, and accessibility fields were not supplied by this intake.",BPS-H80-017297,Health Center Service Delivery and Look-Alike Sites,2026-06-24,2026-06-24,needs_review,
hrsa-bps-h80-034535,"Community Health Center of Cape Cod, Billing, IT and Office Admin",community_health_center,123 Waterhouse Road,Buzzards Bay,MA,25,Barnstable County,25001,02532-3890,41.72814414,-70.58556450,508-477-7090,www.chcofcapecod.org,,,,,,,,,,unknown,,,,,,,,,HRSA Health Center Service Delivery and Look-Alike Sites,https://data.hrsa.gov/DataDownload/DD_Files/Health_Center_Service_Delivery_and_LookAlike_Sites.csv,2026-06-24,"Fields copied from the official HRSA CSV: site name, address, city, state, postal code, phone, website, HRSA geocoding coordinates, county/FIPS, operating hours per week, site status, and location setting. Site status: Active. Location setting: All Other Clinic Types. Operational schedule: Unknown. Daily hours, services, price, insurance, and accessibility fields were not supplied by this intake.",BPS-H80-034535,Health Center Service Delivery and Look-Alike Sites,2026-06-24,2026-06-24,needs_review,
hrsa-bps-h80-034910,801 Broadway,community_health_center,801 Broadway,Everett,MA,25,Middlesex County,25017,02149-3035,42.41702406,-71.04596986,617-569-5800,,,,,,,,,,HRSA operating hours per week: 40.00,unknown,,,,,,,,,HRSA Health Center Service Delivery and Look-Alike Sites,https://data.hrsa.gov/DataDownload/DD_Files/Health_Center_Service_Delivery_and_LookAlike_Sites.csv,2026-06-24,"Fields copied from the official HRSA CSV: site name, address, city, state, postal code, phone, website, HRSA geocoding coordinates, county/FIPS, operating hours per week, site status, and location setting. Site status: Active. Location setting: All Other Clinic Types. Operational schedule: Unknown. Daily hours, services, price, insurance, and accessibility fields were not supplied by this intake.",BPS-H80-034910,Health Center Service Delivery and Look-Alike Sites,2026-06-24,2026-06-24,needs_review,
hrsa-bps-h80-017236,300 Ocean Avenue,community_health_center,300 Ocean Ave,Revere,MA,25,Suffolk County,25025,02151-3675,42.40817868,-70.99223055,617-569-5800,,,,,,,,,,,unknown,,,,,,,,,HRSA Health Center Service Delivery and Look-Alike Sites,https://data.hrsa.gov/DataDownload/DD_Files/Health_Center_Service_Delivery_and_LookAlike_Sites.csv,2026-06-24,"Fields copied from the official HRSA CSV: site name, address, city, state, postal code, phone, website, HRSA geocoding coordinates, county/FIPS, operating hours per week, site status, and location setting. Site status: Active. Location setting: Unknown. Operational schedule: Unknown. Daily hours, services, price, insurance, and accessibility fields were not supplied by this intake.",BPS-H80-017236,Health Center Service Delivery and Look-Alike Sites,2026-06-24,2026-06-24,needs_review,
hrsa-bps-h80-024602,Acushnet Ave,community_health_center,401 Acushnet Ave,New Bedford,MA,25,Bristol County,25005,02740-6237,41.63643804,-70.92537731,508-992-6553,,,,,,,,,,HRSA operating hours per week: 60.00,unknown,,,,,,,,,HRSA Health Center Service Delivery and Look-Alike Sites,https://data.hrsa.gov/DataDownload/DD_Files/Health_Center_Service_Delivery_and_LookAlike_Sites.csv,2026-06-24,"Fields copied from the official HRSA CSV: site name, address, city, state, postal code, phone, website, HRSA geocoding coordinates, county/FIPS, operating hours per week, site status, and location setting. Site status: Active. Location setting: All Other Clinic Types. Operational schedule: Unknown. Daily hours, services, price, insurance, and accessibility fields were not supplied by this intake.",BPS-H80-024602,Health Center Service Delivery and Look-Alike Sites,2026-06-24,2026-06-24,needs_review,
hrsa-bps-h80-039656,Mobile Van #1,community_health_center,415 Columbia Rd,Dorchester,MA,25,Suffolk County,25025,02125-2424,42.31196792,-71.06858223,617-287-8000,www.uphams.org,,,,,,,,,HRSA operating hours per week: 8.00,unknown,,,,,,,,,HRSA Health Center Service Delivery and Look-Alike Sites,https://data.hrsa.gov/DataDownload/DD_Files/Health_Center_Service_Delivery_and_LookAlike_Sites.csv,2026-06-24,"Fields copied from the official HRSA CSV: site name, address, city, state, postal code, phone, website, HRSA geocoding coordinates, county/FIPS, operating hours per week, site status, and location setting. Site status: Active. Location setting: All Other Clinic Types. Operational schedule: Unknown. Daily hours, services, price, insurance, and accessibility fields were not supplied by this intake.",BPS-H80-039656,Health Center Service Delivery and Look-Alike Sites,2026-06-24,2026-06-24,needs_review,
hrsa-bps-h80-004744,GREATER LAWRENCE TECH SCHOOL,community_health_center,57 River Rd,Andover,MA,25,Essex County,25009,01810-1199,42.69089000,-71.19481998,978-686-8521,www.glfhc.org,,,,,,,,,HRSA operating hours per week: 40.00,unknown,,,,,,,,,HRSA Health Center Service Delivery and Look-Alike Sites,https://data.hrsa.gov/DataDownload/DD_Files/Health_Center_Service_Delivery_and_LookAlike_Sites.csv,2026-06-24,"Fields copied from the official HRSA CSV: site name, address, city, state, postal code, phone, website, HRSA geocoding coordinates, county/FIPS, operating hours per week, site status, and location setting. Site status: Active. Location setting: School. Operational schedule: Full-Time. Daily hours, services, price, insurance, and accessibility fields were not supplied by this intake.",BPS-H80-004744,Health Center Service Delivery and Look-Alike Sites,2026-06-24,2026-06-24,needs_review,
hrsa-bps-h80-037076,Mobile Medical Van,community_health_center,326 Nichols Rd,Fitchburg,MA,25,Worcester County,25027,01420-1914,42.59734038,-71.80791638,978-878-8100,chcfhc.org,,,,,,,,,HRSA operating hours per week: 8.00,unknown,,,,,,,,,HRSA Health Center Service Delivery and Look-Alike Sites,https://data.hrsa.gov/DataDownload/DD_Files/Health_Center_Service_Delivery_and_LookAlike_Sites.csv,2026-06-24,"Fields copied from the official HRSA CSV: site name, address, city, state, postal code, phone, website, HRSA geocoding coordinates, county/FIPS, operating hours per week, site status, and location setting. Site status: Active. Location setting: All Other Clinic Types. Operational schedule: Unknown. Daily hours, services, price, insurance, and accessibility fields were not supplied by this intake.",BPS-H80-037076,Health Center Service Delivery and Look-Alike Sites,2026-06-24,2026-06-24,needs_review,
hrsa-bps-h80-032116,Caring Health Center Main Street Clinic,community_health_center,1049 Main St,Springfield,MA,25,Hampden County,25013,01103-2114,42.09970239,-72.58478277,413-739-1100,www.caringhealth.org,,,,,,,,,HRSA operating hours per week: 63.50,unknown,,,,,,,,,HRSA Health Center Service Delivery and Look-Alike Sites,https://data.hrsa.gov/DataDownload/DD_Files/Health_Center_Service_Delivery_and_LookAlike_Sites.csv,2026-06-24,"Fields copied from the official HRSA CSV: site name, address, city, state, postal code, phone, website, HRSA geocoding coordinates, county/FIPS, operating hours per week, site status, and location setting. Site status: Active. Location setting: All Other Clinic Types. Operational schedule: Unknown. Daily hours, services, price, insurance, and accessibility fields were not supplied by this intake.",BPS-H80-032116,Health Center Service Delivery and Look-Alike Sites,2026-06-24,2026-06-24,needs_review,
hrsa-bps-h80-022347,10 Garofalo Street,community_health_center,10 Garofola St,Revere,MA,25,Suffolk County,25025,02151-1441,42.42097868,-70.99895057,617-569-5800,,,,,,,,,,HRSA operating hours per week: 45.00,unknown,,,,,,,,,HRSA Health Center Service Delivery and Look-Alike Sites,https://data.hrsa.gov/DataDownload/DD_Files/Health_Center_Service_Delivery_and_LookAlike_Sites.csv,2026-06-24,"Fields copied from the official HRSA CSV: site name, address, city, state, postal code, phone, website, HRSA geocoding coordinates, county/FIPS, operating hours per week, site status, and location setting. Site status: Active. Location setting: All Other Clinic Types. Operational schedule: Unknown. Daily hours, services, price, insurance, and accessibility fields were not supplied by this intake.",BPS-H80-022347,Health Center Service Delivery and Look-Alike Sites,2026-06-24,2026-06-24,needs_review,
hrsa-bps-h80-004970,Daniel Driscoll  -  Neponset Health Center,community_health_center,398 Neponset Ave,Dorchester,MA,25,Suffolk County,25025,02122-3150,42.28670998,-71.04408997,617-282-3200,www.hhsi.us,,,,,,,,,HRSA operating hours per week: 55.00,unknown,,,,,,,,,HRSA Health Center Service Delivery and Look-Alike Sites,https://data.hrsa.gov/DataDownload/DD_Files/Health_Center_Service_Delivery_and_LookAlike_Sites.csv,2026-06-24,"Fields copied from the official HRSA CSV: site name, address, city, state, postal code, phone, website, HRSA geocoding coordinates, county/FIPS, operating hours per week, site status, and location setting. Site status: Active. Location setting: All Other Clinic Types. Operational schedule: Full-Time. Daily hours, services, price, insurance, and accessibility fields were not supplied by this intake.",BPS-H80-004970,Health Center Service Delivery and Look-Alike Sites,2026-06-24,2026-06-24,needs_review,
hrsa-bps-h80-039214,Steiger Building,community_health_center,267 High Street,Holyoke,MA,25,Hampden County,25013,01040-6585,42.20648368,-72.60823407,413-420-2200,,,,,,,,,,HRSA operating hours per week: 40.00,unknown,,,,,,,,,HRSA Health Center Service Delivery and Look-Alike Sites,https://data.hrsa.gov/DataDownload/DD_Files/Health_Center_Service_Delivery_and_LookAlike_Sites.csv,2026-06-24,"Fields copied from the official HRSA CSV: site name, address, city, state, postal code, phone, website, HRSA geocoding coordinates, county/FIPS, operating hours per week, site status, and location setting. Site status: Active. Location setting: All Other Clinic Types. Operational schedule: Unknown. Daily hours, services, price, insurance, and accessibility fields were not supplied by this intake.",BPS-H80-039214,Health Center Service Delivery and Look-Alike Sites,2026-06-24,2026-06-24,needs_review,
hrsa-bps-h80-038832,Mobile Health Unit 3,community_health_center,34 Haverhill St,Lawrence,MA,25,Essex County,25009,01841-2884,42.71185872,-71.15198066,978-686-0090,,,,,,,,,,HRSA operating hours per week: 31.00,unknown,,,,,,,,,HRSA Health Center Service Delivery and Look-Alike Sites,https://data.hrsa.gov/DataDownload/DD_Files/Health_Center_Service_Delivery_and_LookAlike_Sites.csv,2026-06-24,"Fields copied from the official HRSA CSV: site name, address, city, state, postal code, phone, website, HRSA geocoding coordinates, county/FIPS, operating hours per week, site status, and location setting. Site status: Active. Location setting: All Other Clinic Types. Operational schedule: Unknown. Daily hours, services, price, insurance, and accessibility fields were not supplied by this intake.",BPS-H80-038832,Health Center Service Delivery and Look-Alike Sites,2026-06-24,2026-06-24,needs_review,
hrsa-bps-h80-014029,"Robert L. Ford School, School Based Health Center",community_health_center,49 Hollingsworth St,Lynn,MA,25,Essex County,25009,01902-3509,42.47134868,-70.94703055,781-477-7375,,,,,,,,,,HRSA operating hours per week: 35.00,unknown,,,,,,,,,HRSA Health Center Service Delivery and Look-Alike Sites,https://data.hrsa.gov/DataDownload/DD_Files/Health_Center_Service_Delivery_and_LookAlike_Sites.csv,2026-06-24,"Fields copied from the official HRSA CSV: site name, address, city, state, postal code, phone, website, HRSA geocoding coordinates, county/FIPS, operating hours per week, site status, and location setting. Site status: Active. Location setting: School. Operational schedule: Full-Time. Daily hours, services, price, insurance, and accessibility fields were not supplied by this intake.",BPS-H80-014029,Health Center Service Delivery and Look-Alike Sites,2026-06-24,2026-06-24,needs_review,
hrsa-bps-h80-035395,Worcester Health Care for the Homeless,community_health_center,199 Chandler St,Worcester,MA,25,Worcester County,25027,01609-3088,42.26086551,-71.81681603,508-860-7888,www.FHCW.org,,,,,,,,,HRSA operating hours per week: 40.00,unknown,,,,,,,,,HRSA Health Center Service Delivery and Look-Alike Sites,https://data.hrsa.gov/DataDownload/DD_Files/Health_Center_Service_Delivery_and_LookAlike_Sites.csv,2026-06-24,"Fields copied from the official HRSA CSV: site name, address, city, state, postal code, phone, website, HRSA geocoding coordinates, county/FIPS, operating hours per week, site status, and location setting. Site status: Active. Location setting: All Other Clinic Types. Operational schedule: Unknown. Daily hours, services, price, insurance, and accessibility fields were not supplied by this intake.",BPS-H80-035395,Health Center Service Delivery and Look-Alike Sites,2026-06-24,2026-06-24,needs_review,
hrsa-bps-h80-020949,Charles River Community Health at 43 Foundry Ave,community_health_center,43 Foundry Ave,Waltham,MA,25,Middlesex County,25017,02453-8313,42.37045781,-71.21896531,781-693-3800,http://www.charlesriverhealth.org,,,,,,,,,HRSA operating hours per week: 59.00,unknown,,,,,,,,,HRSA Health Center Service Delivery and Look-Alike Sites,https://data.hrsa.gov/DataDownload/DD_Files/Health_Center_Service_Delivery_and_LookAlike_Sites.csv,2026-06-24,"Fields copied from the official HRSA CSV: site name, address, city, state, postal code, phone, website, HRSA geocoding coordinates, county/FIPS, operating hours per week, site status, and location setting. Site status: Active. Location setting: All Other Clinic Types. Operational schedule: Unknown. Daily hours, services, price, insurance, and accessibility fields were not supplied by this intake.",BPS-H80-020949,Health Center Service Delivery and Look-Alike Sites,2026-06-24,2026-06-24,needs_review,
hrsa-bps-h80-007410,Charles River Community Health at Gardner School,community_health_center,30 Athol St,Allston,MA,25,Suffolk County,25025,02134-1199,42.36075999,-71.13411002,617-783-0500,www.charlesriverhealth.org,,,,,,,,,HRSA operating hours per week: 24.00,unknown,,,,,,,,,HRSA Health Center Service Delivery and Look-Alike Sites,https://data.hrsa.gov/DataDownload/DD_Files/Health_Center_Service_Delivery_and_LookAlike_Sites.csv,2026-06-24,"Fields copied from the official HRSA CSV: site name, address, city, state, postal code, phone, website, HRSA geocoding coordinates, county/FIPS, operating hours per week, site status, and location setting. Site status: Active. Location setting: School. Operational schedule: Part-Time. Daily hours, services, price, insurance, and accessibility fields were not supplied by this intake.",BPS-H80-007410,Health Center Service Delivery and Look-Alike Sites,2026-06-24,2026-06-24,needs_review,
hrsa-bps-h80-032267,Savin Hill,community_health_center,1140 Dorchester Avenue,Dorchester,MA,25,Suffolk County,25025,02125-3305,42.31204609,-71.05738887,617-287-8000,,,,,,,,,,HRSA operating hours per week: 40.00,unknown,,,,,,,,,HRSA Health Center Service Delivery and Look-Alike Sites,https://data.hrsa.gov/DataDownload/DD_Files/Health_Center_Service_Delivery_and_LookAlike_Sites.csv,2026-06-24,"Fields copied from the official HRSA CSV: site name, address, city, state, postal code, phone, website, HRSA geocoding coordinates, county/FIPS, operating hours per week, site status, and location setting. Site status: Active. Location setting: All Other Clinic Types. Operational schedule: Unknown. Daily hours, services, price, insurance, and accessibility fields were not supplied by this intake.",BPS-H80-032267,Health Center Service Delivery and Look-Alike Sites,2026-06-24,2026-06-24,needs_review,
hrsa-bps-h80-033575,143 Addison Street,community_health_center,143 Addison Street,East Boston,MA,25,Suffolk County,25025,02128-1200,42.38522316,-71.01571765,617-569-5800,,,,,,,,,,,unknown,,,,,,,,,HRSA Health Center Service Delivery and Look-Alike Sites,https://data.hrsa.gov/DataDownload/DD_Files/Health_Center_Service_Delivery_and_LookAlike_Sites.csv,2026-06-24,"Fields copied from the official HRSA CSV: site name, address, city, state, postal code, phone, website, HRSA geocoding coordinates, county/FIPS, operating hours per week, site status, and location setting. Site status: Active. Location setting: Unknown. Operational schedule: Unknown. Daily hours, services, price, insurance, and accessibility fields were not supplied by this intake.",BPS-H80-033575,Health Center Service Delivery and Look-Alike Sites,2026-06-24,2026-06-24,needs_review,
hrsa-bps-h80-033956,Demakes Family YMCA,community_health_center,40 Neptune Boulevard,Lynn,MA,25,Essex County,25009,01902-4421,42.46104912,-70.95321639,781-842-8811,,,,,,,,,,HRSA operating hours per week: 40.00,unknown,,,,,,,,,HRSA Health Center Service Delivery and Look-Alike Sites,https://data.hrsa.gov/DataDownload/DD_Files/Health_Center_Service_Delivery_and_LookAlike_Sites.csv,2026-06-24,"Fields copied from the official HRSA CSV: site name, address, city, state, postal code, phone, website, HRSA geocoding coordinates, county/FIPS, operating hours per week, site status, and location setting. Site status: Active. Location setting: All Other Clinic Types. Operational schedule: Unknown. Daily hours, services, price, insurance, and accessibility fields were not supplied by this intake.",BPS-H80-033956,Health Center Service Delivery and Look-Alike Sites,2026-06-24,2026-06-24,needs_review,
hrsa-bps-h80-028179,Casa Esperanza,community_health_center,245 Eustis St,Boston,MA,25,Suffolk County,25025,02119-2826,42.32678931,-71.07502917,617-445-1123,,,,,,,,,,HRSA operating hours per week: 32.00,unknown,,,,,,,,,HRSA Health Center Service Delivery and Look-Alike Sites,https://data.hrsa.gov/DataDownload/DD_Files/Health_Center_Service_Delivery_and_LookAlike_Sites.csv,2026-06-24,"Fields copied from the official HRSA CSV: site name, address, city, state, postal code, phone, website, HRSA geocoding coordinates, county/FIPS, operating hours per week, site status, and location setting. Site status: Active. Location setting: All Other Clinic Types. Operational schedule: Unknown. Daily hours, services, price, insurance, and accessibility fields were not supplied by this intake.",BPS-H80-028179,Health Center Service Delivery and Look-Alike Sites,2026-06-24,2026-06-24,needs_review,
hrsa-bps-h80-007491,BREED MIDDLE SCHOOL,community_health_center,90 Ocallaghan Way,Lynn,MA,25,Essex County,25009,01905-1596,42.47054871,-70.98471056,781-598-0287,https://lchcnet.org/aboutus/,,,,,,,,,HRSA operating hours per week: 35.00,unknown,,,,,,,,,HRSA Health Center Service Delivery and Look-Alike Sites,https://data.hrsa.gov/DataDownload/DD_Files/Health_Center_Service_Delivery_and_LookAlike_Sites.csv,2026-06-24,"Fields copied from the official HRSA CSV: site name, address, city, state, postal code, phone, website, HRSA geocoding coordinates, county/FIPS, operating hours per week, site status, and location setting. Site status: Active. Location setting: School. Operational schedule: Part-Time. Daily hours, services, price, insurance, and accessibility fields were not supplied by this intake.",BPS-H80-007491,Health Center Service Delivery and Look-Alike Sites,2026-06-24,2026-06-24,needs_review,
hrsa-bps-h80-007492,MITCH'S PLACE,community_health_center,127 How St,Haverhill,MA,25,Essex County,25009,01830-5615,42.77703292,-71.08092533,978-725-7400,www.glfhc.org,,,,,,,,,HRSA operating hours per week: 6.00,unknown,,,,,,,,,HRSA Health Center Service Delivery and Look-Alike Sites,https://data.hrsa.gov/DataDownload/DD_Files/Health_Center_Service_Delivery_and_LookAlike_Sites.csv,2026-06-24,"Fields copied from the official HRSA CSV: site name, address, city, state, postal code, phone, website, HRSA geocoding coordinates, county/FIPS, operating hours per week, site status, and location setting. Site status: Active. Location setting: All Other Clinic Types. Operational schedule: Part-Time. Daily hours, services, price, insurance, and accessibility fields were not supplied by this intake.",BPS-H80-007492,Health Center Service Delivery and Look-Alike Sites,2026-06-24,2026-06-24,needs_review,
hrsa-bps-h80-005721,CAB TRANSITIONS,community_health_center,365 East St,Tewksbury,MA,25,Middlesex County,25017,01876-1998,42.60698443,-71.21808303,978-725-7400,www.glfhc.org,,,,,,,,,HRSA operating hours per week: 4.00,unknown,,,,,,,,,HRSA Health Center Service Delivery and Look-Alike Sites,https://data.hrsa.gov/DataDownload/DD_Files/Health_Center_Service_Delivery_and_LookAlike_Sites.csv,2026-06-24,"Fields copied from the official HRSA CSV: site name, address, city, state, postal code, phone, website, HRSA geocoding coordinates, county/FIPS, operating hours per week, site status, and location setting. Site status: Active. Location setting: All Other Clinic Types. Operational schedule: Part-Time. Daily hours, services, price, insurance, and accessibility fields were not supplied by this intake.",BPS-H80-005721,Health Center Service Delivery and Look-Alike Sites,2026-06-24,2026-06-24,needs_review,
hrsa-bps-h80-015605,Upham's Corner Health Center - Business & Human Resources Office,community_health_center,500 Columbia Rd,Dorchester,MA,25,Suffolk County,25025,02125-2389,42.31476999,-71.06758000,617-825-9205,www.uphams.org,,,,,,,,,HRSA operating hours per week: 40.00,unknown,,,,,,,,,HRSA Health Center Service Delivery and Look-Alike Sites,https://data.hrsa.gov/DataDownload/DD_Files/Health_Center_Service_Delivery_and_LookAlike_Sites.csv,2026-06-24,"Fields copied from the official HRSA CSV: site name, address, city, state, postal code, phone, website, HRSA geocoding coordinates, county/FIPS, operating hours per week, site status, and location setting. Site status: Active. Location setting: All Other Clinic Types. Operational schedule: Unknown. Daily hours, services, price, insurance, and accessibility fields were not supplied by this intake.",BPS-H80-015605,Health Center Service Delivery and Look-Alike Sites,2026-06-24,2026-06-24,needs_review,
hrsa-bps-h80-005725,YWCA,community_health_center,38 Lawrence St,Lawrence,MA,25,Essex County,25009,01840-1409,42.70874585,-71.16254236,978-725-7400,www.glfhc.org,,,,,,,,,HRSA operating hours per week: 1.00,unknown,,,,,,,,,HRSA Health Center Service Delivery and Look-Alike Sites,https://data.hrsa.gov/DataDownload/DD_Files/Health_Center_Service_Delivery_and_LookAlike_Sites.csv,2026-06-24,"Fields copied from the official HRSA CSV: site name, address, city, state, postal code, phone, website, HRSA geocoding coordinates, county/FIPS, operating hours per week, site status, and location setting. Site status: Active. Location setting: All Other Clinic Types. Operational schedule: Part-Time. Daily hours, services, price, insurance, and accessibility fields were not supplied by this intake.",BPS-H80-005725,Health Center Service Delivery and Look-Alike Sites,2026-06-24,2026-06-24,needs_review,
hrsa-bps-h80-039297,Monomoy Regional High School,community_health_center,75 Oak St,Harwich,MA,25,Barnstable County,25001,02645-2701,41.69045856,-70.06707019,508-430-7200,,,,,,,,,,HRSA operating hours per week: 40.00,unknown,,,,,,,,,HRSA Health Center Service Delivery and Look-Alike Sites,https://data.hrsa.gov/DataDownload/DD_Files/Health_Center_Service_Delivery_and_LookAlike_Sites.csv,2026-06-24,"Fields copied from the official HRSA CSV: site name, address, city, state, postal code, phone, website, HRSA geocoding coordinates, county/FIPS, operating hours per week, site status, and location setting. Site status: Active. Location setting: School. Operational schedule: Unknown. Daily hours, services, price, insurance, and accessibility fields were not supplied by this intake.",BPS-H80-039297,Health Center Service Delivery and Look-Alike Sites,2026-06-24,2026-06-24,needs_review,
hrsa-bps-h80-005774,Transitions,community_health_center,211 River St BLDG M,Mattapan,MA,25,Suffolk County,25025,02126-2727,42.27346046,-71.08178616,617-354-2646,,,,,,,,,,HRSA operating hours per week: 47.00,unknown,,,,,,,,,HRSA Health Center Service Delivery and Look-Alike Sites,https://data.hrsa.gov/DataDownload/DD_Files/Health_Center_Service_Delivery_and_LookAlike_Sites.csv,2026-06-24,"Fields copied from the official HRSA CSV: site name, address, city, state, postal code, phone, website, HRSA geocoding coordinates, county/FIPS, operating hours per week, site status, and location setting. Site status: Active. Location setting: All Other Clinic Types. Operational schedule: Part-Time. Daily hours, services, price, insurance, and accessibility fields were not supplied by this intake.",BPS-H80-005774,Health Center Service Delivery and Look-Alike Sites,2026-06-24,2026-06-24,needs_review,
hrsa-bps-h80-009940,Western Massachusetts Hospital 91 East Mountain Road HHC Suite 1790,community_health_center,91 E Mountain Rd,Westfield,MA,25,Hampden County,25013,01085-1889,42.11036999,-72.70091001,413-420-2111,www.hhcinc.org,,,,,,,,,HRSA operating hours per week: 40.00,unknown,,,,,,,,,HRSA Health Center Service Delivery and Look-Alike Sites,https://data.hrsa.gov/DataDownload/DD_Files/Health_Center_Service_Delivery_and_LookAlike_Sites.csv,2026-06-24,"Fields copied from the official HRSA CSV: site name, address, city, state, postal code, phone, website, HRSA geocoding coordinates, county/FIPS, operating hours per week, site status, and location setting. Site status: Active. Location setting: Hospital. Operational schedule: Full-Time. Daily hours, services, price, insurance, and accessibility fields were not supplied by this intake.",BPS-H80-009940,Health Center Service Delivery and Look-Alike Sites,2026-06-24,2026-06-24,needs_review,
hrsa-bps-h80-031301,"Community Health Center of Cape Cod, Sandwich",community_health_center,"90 Route 6a, Suite 4 C",Sandwich,MA,25,Barnstable County,25001,02563-5301,41.76450015,-70.50116477,508-477-7090,www.chcofcapecod.org,,,,,,,,,HRSA operating hours per week: 40.00,unknown,,,,,,,,,HRSA Health Center Service Delivery and Look-Alike Sites,https://data.hrsa.gov/DataDownload/DD_Files/Health_Center_Service_Delivery_and_LookAlike_Sites.csv,2026-06-24,"Fields copied from the official HRSA CSV: site name, address, city, state, postal code, phone, website, HRSA geocoding coordinates, county/FIPS, operating hours per week, site status, and location setting. Site status: Active. Location setting: All Other Clinic Types. Operational schedule: Unknown. Daily hours, services, price, insurance, and accessibility fields were not supplied by this intake.",BPS-H80-031301,Health Center Service Delivery and Look-Alike Sites,2026-06-24,2026-06-24,needs_review,
hrsa-bps-h80-039485,Pickering Middle School SBHC,community_health_center,70 Conomo Avenue,Lynn,MA,25,Essex County,25009,01904-1999,42.48689803,-70.95803054,781-477-7440,,,,,,,,,,HRSA operating hours per week: 35.00,unknown,,,,,,,,,HRSA Health Center Service Delivery and Look-Alike Sites,https://data.hrsa.gov/DataDownload/DD_Files/Health_Center_Service_Delivery_and_LookAlike_Sites.csv,2026-06-24,"Fields copied from the official HRSA CSV: site name, address, city, state, postal code, phone, website, HRSA geocoding coordinates, county/FIPS, operating hours per week, site status, and location setting. Site status: Active. Location setting: School. Operational schedule: Unknown. Daily hours, services, price, insurance, and accessibility fields were not supplied by this intake.",BPS-H80-039485,Health Center Service Delivery and Look-Alike Sites,2026-06-24,2026-06-24,needs_review,
hrsa-bps-h80-011468,Lynn Community Health Center Satellite,community_health_center,20 Central Ave,Lynn,MA,25,Essex County,25009,01901-1201,42.46396959,-70.94601785,781-581-3900,,,,,,,,,,HRSA operating hours per week: 60.00,unknown,,,,,,,,,HRSA Health Center Service Delivery and Look-Alike Sites,https://data.hrsa.gov/DataDownload/DD_Files/Health_Center_Service_Delivery_and_LookAlike_Sites.csv,2026-06-24,"Fields copied from the official HRSA CSV: site name, address, city, state, postal code, phone, website, HRSA geocoding coordinates, county/FIPS, operating hours per week, site status, and location setting. Site status: Active. Location setting: All Other Clinic Types. Operational schedule: Full-Time. Daily hours, services, price, insurance, and accessibility fields were not supplied by this intake.",BPS-H80-011468,Health Center Service Delivery and Look-Alike Sites,2026-06-24,2026-06-24,needs_review,
hrsa-bps-h80-005959,Kathyrn P. Stoklosa Middle School,community_health_center,560 Broadway St,Lowell,MA,25,Middlesex County,25017,01854-3305,42.64308353,-71.32471726,978-970-3346,www.lchealth.org,,,,,,,,,HRSA operating hours per week: 32.00,unknown,,,,,,,,,HRSA Health Center Service Delivery and Look-Alike Sites,https://data.hrsa.gov/DataDownload/DD_Files/Health_Center_Service_Delivery_and_LookAlike_Sites.csv,2026-06-24,"Fields copied from the official HRSA CSV: site name, address, city, state, postal code, phone, website, HRSA geocoding coordinates, county/FIPS, operating hours per week, site status, and location setting. Site status: Active. Location setting: School. Operational schedule: Part-Time. Daily hours, services, price, insurance, and accessibility fields were not supplied by this intake.",BPS-H80-005959,Health Center Service Delivery and Look-Alike Sites,2026-06-24,2026-06-24,needs_review,
hrsa-bps-h80-001213,LYNN COMMUNITY HLTH CTR - WIC,community_health_center,47 Congress St,Salem,MA,25,Essex County,25009,01970-7308,42.51676871,-70.88673055,978-744-2646,https://lchcnet.org/aboutus/,,,,,,,,,HRSA operating hours per week: 40.00,unknown,,,,,,,,,HRSA Health Center Service Delivery and Look-Alike Sites,https://data.hrsa.gov/DataDownload/DD_Files/Health_Center_Service_Delivery_and_LookAlike_Sites.csv,2026-06-24,"Fields copied from the official HRSA CSV: site name, address, city, state, postal code, phone, website, HRSA geocoding coordinates, county/FIPS, operating hours per week, site status, and location setting. Site status: Active. Location setting: All Other Clinic Types. Operational schedule: Full-Time. Daily hours, services, price, insurance, and accessibility fields were not supplied by this intake.",BPS-H80-001213,Health Center Service Delivery and Look-Alike Sites,2026-06-24,2026-06-24,needs_review,
hrsa-bps-h80-030223,Y2Y Harvard Square,community_health_center,1 Church St,Cambridge,MA,25,Middlesex County,25017,02138-3715,42.37448717,-71.11895718,857-654-1600,,,,,,,,,,HRSA operating hours per week: 4.00,unknown,,,,,,,,,HRSA Health Center Service Delivery and Look-Alike Sites,https://data.hrsa.gov/DataDownload/DD_Files/Health_Center_Service_Delivery_and_LookAlike_Sites.csv,2026-06-24,"Fields copied from the official HRSA CSV: site name, address, city, state, postal code, phone, website, HRSA geocoding coordinates, county/FIPS, operating hours per week, site status, and location setting. Site status: Active. Location setting: All Other Clinic Types. Operational schedule: Unknown. Daily hours, services, price, insurance, and accessibility fields were not supplied by this intake.",BPS-H80-030223,Health Center Service Delivery and Look-Alike Sites,2026-06-24,2026-06-24,needs_review,
hrsa-bps-h80-034046,RAW Art Works,community_health_center,37 Central Square,Lynn,MA,25,Essex County,25009,01901-1379,42.46396464,-70.94460298,781-593-5515,,,,,,,,,,HRSA operating hours per week: 12.00,unknown,,,,,,,,,HRSA Health Center Service Delivery and Look-Alike Sites,https://data.hrsa.gov/DataDownload/DD_Files/Health_Center_Service_Delivery_and_LookAlike_Sites.csv,2026-06-24,"Fields copied from the official HRSA CSV: site name, address, city, state, postal code, phone, website, HRSA geocoding coordinates, county/FIPS, operating hours per week, site status, and location setting. Site status: Active. Location setting: All Other Clinic Types. Operational schedule: Unknown. Daily hours, services, price, insurance, and accessibility fields were not supplied by this intake.",BPS-H80-034046,Health Center Service Delivery and Look-Alike Sites,2026-06-24,2026-06-24,needs_review,
hrsa-bps-h80-021421,Medical Outreach Clinic,community_health_center,73 Buffum St,Lynn,MA,25,Essex County,25009,01902-3965,42.46567698,-70.94514999,781-581-3900,,,,,,,,,,HRSA operating hours per week: 40.00,unknown,,,,,,,,,HRSA Health Center Service Delivery and Look-Alike Sites,https://data.hrsa.gov/DataDownload/DD_Files/Health_Center_Service_Delivery_and_LookAlike_Sites.csv,2026-06-24,"Fields copied from the official HRSA CSV: site name, address, city, state, postal code, phone, website, HRSA geocoding coordinates, county/FIPS, operating hours per week, site status, and location setting. Site status: Active. Location setting: All Other Clinic Types. Operational schedule: Unknown. Daily hours, services, price, insurance, and accessibility fields were not supplied by this intake.",BPS-H80-021421,Health Center Service Delivery and Look-Alike Sites,2026-06-24,2026-06-24,needs_review,
hrsa-bps-h80-032014,North Quabbin Health Center- Dental,community_health_center,"119 New Athol Rd, Suite 120",Orange,MA,25,Franklin County,25011,01364-9603,42.58439403,-72.26419333,978-544-7800,www.chcfc.org,,,,,,,,,HRSA operating hours per week: 52.50,unknown,,,,,,,,,HRSA Health Center Service Delivery and Look-Alike Sites,https://data.hrsa.gov/DataDownload/DD_Files/Health_Center_Service_Delivery_and_LookAlike_Sites.csv,2026-06-24,"Fields copied from the official HRSA CSV: site name, address, city, state, postal code, phone, website, HRSA geocoding coordinates, county/FIPS, operating hours per week, site status, and location setting. Site status: Active. Location setting: All Other Clinic Types. Operational schedule: Unknown. Daily hours, services, price, insurance, and accessibility fields were not supplied by this intake.",BPS-H80-032014,Health Center Service Delivery and Look-Alike Sites,2026-06-24,2026-06-24,needs_review,
hrsa-bps-h80-031606,BNHC Administrative Site 2,community_health_center,60 School Street,Brockton,MA,25,Plymouth County,25023,02301-4048,42.08249631,-71.01765177,508-559-6699,,,,,,,,,,,unknown,,,,,,,,,HRSA Health Center Service Delivery and Look-Alike Sites,https://data.hrsa.gov/DataDownload/DD_Files/Health_Center_Service_Delivery_and_LookAlike_Sites.csv,2026-06-24,"Fields copied from the official HRSA CSV: site name, address, city, state, postal code, phone, website, HRSA geocoding coordinates, county/FIPS, operating hours per week, site status, and location setting. Site status: Active. Location setting: All Other Clinic Types. Operational schedule: Unknown. Daily hours, services, price, insurance, and accessibility fields were not supplied by this intake.",BPS-H80-031606,Health Center Service Delivery and Look-Alike Sites,2026-06-24,2026-06-24,needs_review,
hrsa-bps-h80-001516,LYNN COMMUNITY HEALTH CENTER,community_health_center,269 Union St,Lynn,MA,25,Essex County,25009,01901-1314,42.46525868,-70.94363051,781-581-3900,http://lchcnet.org/aboutus/,,,,,,,,,HRSA operating hours per week: 76.00,unknown,,,,,,,,,HRSA Health Center Service Delivery and Look-Alike Sites,https://data.hrsa.gov/DataDownload/DD_Files/Health_Center_Service_Delivery_and_LookAlike_Sites.csv,2026-06-24,"Fields copied from the official HRSA CSV: site name, address, city, state, postal code, phone, website, HRSA geocoding coordinates, county/FIPS, operating hours per week, site status, and location setting. Site status: Active. Location setting: All Other Clinic Types. Operational schedule: Full-Time. Daily hours, services, price, insurance, and accessibility fields were not supplied by this intake.",BPS-H80-001516,Health Center Service Delivery and Look-Alike Sites,2026-06-24,2026-06-24,needs_review,
hrsa-bps-h80-017967,"Julia F. Callahan Elementary School, School Based Health Center",community_health_center,200 Ocallaghan Way,Lynn,MA,25,Essex County,25009,01905-1595,42.46747867,-70.98473059,781-477-7340,,,,,,,,,,HRSA operating hours per week: 35.00,unknown,,,,,,,,,HRSA Health Center Service Delivery and Look-Alike Sites,https://data.hrsa.gov/DataDownload/DD_Files/Health_Center_Service_Delivery_and_LookAlike_Sites.csv,2026-06-24,"Fields copied from the official HRSA CSV: site name, address, city, state, postal code, phone, website, HRSA geocoding coordinates, county/FIPS, operating hours per week, site status, and location setting. Site status: Active. Location setting: School. Operational schedule: Unknown. Daily hours, services, price, insurance, and accessibility fields were not supplied by this intake.",BPS-H80-017967,Health Center Service Delivery and Look-Alike Sites,2026-06-24,2026-06-24,needs_review,
hrsa-bps-h80-013750,250 Sumner Street,community_health_center,250 Sumner St,East Boston,MA,25,Suffolk County,25025,02128-2147,42.36828441,-71.03819009,617-568-6484,,,,,,,,,,HRSA operating hours per week: 44.00,unknown,,,,,,,,,HRSA Health Center Service Delivery and Look-Alike Sites,https://data.hrsa.gov/DataDownload/DD_Files/Health_Center_Service_Delivery_and_LookAlike_Sites.csv,2026-06-24,"Fields copied from the official HRSA CSV: site name, address, city, state, postal code, phone, website, HRSA geocoding coordinates, county/FIPS, operating hours per week, site status, and location setting. Site status: Active. Location setting: All Other Clinic Types. Operational schedule: Full-Time. Daily hours, services, price, insurance, and accessibility fields were not supplied by this intake.",BPS-H80-013750,Health Center Service Delivery and Look-Alike Sites,2026-06-24,2026-06-24,needs_review,
hrsa-bps-h80-012157,Program for All-Inclusive Care for the Elderly (PACE) Site,community_health_center,100 Cummings Ctr,Beverly,MA,25,Essex County,25009,01915-6115,42.55969914,-70.88607207,978-712-3360,,,,,,,,,,HRSA operating hours per week: 40.00,unknown,,,,,,,,,HRSA Health Center Service Delivery and Look-Alike Sites,https://data.hrsa.gov/DataDownload/DD_Files/Health_Center_Service_Delivery_and_LookAlike_Sites.csv,2026-06-24,"Fields copied from the official HRSA CSV: site name, address, city, state, postal code, phone, website, HRSA geocoding coordinates, county/FIPS, operating hours per week, site status, and location setting. Site status: Active. Location setting: All Other Clinic Types. Operational schedule: Full-Time. Daily hours, services, price, insurance, and accessibility fields were not supplied by this intake.",BPS-H80-012157,Health Center Service Delivery and Look-Alike Sites,2026-06-24,2026-06-24,needs_review,
hrsa-bps-h80-001746,HANCOCK STREET CLINIC,community_health_center,435 Hancock St,North Quincy,MA,25,Norfolk County,25021,02171-2428,42.27227722,-71.02451420,617-318-3300,www.scchc.org,,,,,,,,,HRSA operating hours per week: 48.50,unknown,,,,,,,,,HRSA Health Center Service Delivery and Look-Alike Sites,https://data.hrsa.gov/DataDownload/DD_Files/Health_Center_Service_Delivery_and_LookAlike_Sites.csv,2026-06-24,"Fields copied from the official HRSA CSV: site name, address, city, state, postal code, phone, website, HRSA geocoding coordinates, county/FIPS, operating hours per week, site status, and location setting. Site status: Active. Location setting: All Other Clinic Types. Operational schedule: Full-Time. Daily hours, services, price, insurance, and accessibility fields were not supplied by this intake.",BPS-H80-001746,Health Center Service Delivery and Look-Alike Sites,2026-06-24,2026-06-24,needs_review,
hrsa-bps-h80-039296,Outer Cape Health Services Wellfleet AIM Wellness Center,community_health_center,"2700 State Highway, #2",Wellfleet,MA,25,Barnstable County,25001,02667,41.93723420,-70.02126410,508-905-2892,outercape.org,,,,,,,,,HRSA operating hours per week: 40.00,unknown,,,,,,,,,HRSA Health Center Service Delivery and Look-Alike Sites,https://data.hrsa.gov/DataDownload/DD_Files/Health_Center_Service_Delivery_and_LookAlike_Sites.csv,2026-06-24,"Fields copied from the official HRSA CSV: site name, address, city, state, postal code, phone, website, HRSA geocoding coordinates, county/FIPS, operating hours per week, site status, and location setting. Site status: Active. Location setting: All Other Clinic Types. Operational schedule: Unknown. Daily hours, services, price, insurance, and accessibility fields were not supplied by this intake.",BPS-H80-039296,Health Center Service Delivery and Look-Alike Sites,2026-06-24,2026-06-24,needs_review,
hrsa-bps-h80-001930,BROCKTON NEIGHBORHOOD HEALTH CENTER,community_health_center,63 Main St,Brockton,MA,25,Plymouth County,25023,02301-4042,42.08454317,-71.02015008,508-559-6699,www.bnhc.org,,,,,,,,,HRSA operating hours per week: 63.00,unknown,,,,,,,,,HRSA Health Center Service Delivery and Look-Alike Sites,https://data.hrsa.gov/DataDownload/DD_Files/Health_Center_Service_Delivery_and_LookAlike_Sites.csv,2026-06-24,"Fields copied from the official HRSA CSV: site name, address, city, state, postal code, phone, website, HRSA geocoding coordinates, county/FIPS, operating hours per week, site status, and location setting. Site status: Active. Location setting: All Other Clinic Types. Operational schedule: Full-Time. Daily hours, services, price, insurance, and accessibility fields were not supplied by this intake.",BPS-H80-001930,Health Center Service Delivery and Look-Alike Sites,2026-06-24,2026-06-24,needs_review,
hrsa-bps-h80-019445,Methuen Family Health Center,community_health_center,147 Pelham St,Methuen,MA,25,Essex County,25009,01844-2060,42.72881455,-71.20223318,978-686-0090,,,,,,,,,,HRSA operating hours per week: 44.00,unknown,,,,,,,,,HRSA Health Center Service Delivery and Look-Alike Sites,https://data.hrsa.gov/DataDownload/DD_Files/Health_Center_Service_Delivery_and_LookAlike_Sites.csv,2026-06-24,"Fields copied from the official HRSA CSV: site name, address, city, state, postal code, phone, website, HRSA geocoding coordinates, county/FIPS, operating hours per week, site status, and location setting. Site status: Active. Location setting: All Other Clinic Types. Operational schedule: Unknown. Daily hours, services, price, insurance, and accessibility fields were not supplied by this intake.",BPS-H80-019445,Health Center Service Delivery and Look-Alike Sites,2026-06-24,2026-06-24,needs_review,
hrsa-bps-h80-006350,"St. Mary's Center for Women & Children (Bridge Home, Margaret's House, Mary's Home)",community_health_center,90 Cushing Ave,Dorchester,MA,25,Suffolk County,25025,02125-2028,42.31390029,-71.06340028,617-436-8600,,,,,,,,,,HRSA operating hours per week: 20.00,unknown,,,,,,,,,HRSA Health Center Service Delivery and Look-Alike Sites,https://data.hrsa.gov/DataDownload/DD_Files/Health_Center_Service_Delivery_and_LookAlike_Sites.csv,2026-06-24,"Fields copied from the official HRSA CSV: site name, address, city, state, postal code, phone, website, HRSA geocoding coordinates, county/FIPS, operating hours per week, site status, and location setting. Site status: Active. Location setting: All Other Clinic Types. Operational schedule: Part-Time. Daily hours, services, price, insurance, and accessibility fields were not supplied by this intake.",BPS-H80-006350,Health Center Service Delivery and Look-Alike Sites,2026-06-24,2026-06-24,needs_review,
hrsa-bps-h80-015481,New Health Charlestown,community_health_center,15 Tufts St,Charlestown,MA,25,Suffolk County,25025,02129-2711,42.37786821,-71.05680951,617-643-8000,www.northendwaterfront.org,,,,,,,,,HRSA operating hours per week: 49.00,unknown,,,,,,,,,HRSA Health Center Service Delivery and Look-Alike Sites,https://data.hrsa.gov/DataDownload/DD_Files/Health_Center_Service_Delivery_and_LookAlike_Sites.csv,2026-06-24,"Fields copied from the official HRSA CSV: site name, address, city, state, postal code, phone, website, HRSA geocoding coordinates, county/FIPS, operating hours per week, site status, and location setting. Site status: Active. Location setting: All Other Clinic Types. Operational schedule: Unknown. Daily hours, services, price, insurance, and accessibility fields were not supplied by this intake.",BPS-H80-015481,Health Center Service Delivery and Look-Alike Sites,2026-06-24,2026-06-24,needs_review,
hrsa-bps-h80-002026,Neponset WIC/Administrative Office,community_health_center,10 Minot Street,Dorchester,MA,25,Suffolk County,25025,02122-2016,42.28629730,-71.04434118,617-282-3200,www.hhsi.us,,,,,,,,,HRSA operating hours per week: 24.00,unknown,,,,,,,,,HRSA Health Center Service Delivery and Look-Alike Sites,https://data.hrsa.gov/DataDownload/DD_Files/Health_Center_Service_Delivery_and_LookAlike_Sites.csv,2026-06-24,"Fields copied from the official HRSA CSV: site name, address, city, state, postal code, phone, website, HRSA geocoding coordinates, county/FIPS, operating hours per week, site status, and location setting. Site status: Active. Location setting: All Other Clinic Types. Operational schedule: Full-Time. Daily hours, services, price, insurance, and accessibility fields were not supplied by this intake.",BPS-H80-002026,Health Center Service Delivery and Look-Alike Sites,2026-06-24,2026-06-24,needs_review,
hrsa-bps-h80-006363,GOOD SHEPHERD CENTER,community_health_center,260 Park St,Lawrence,MA,25,Essex County,25009,01841-2412,42.71595026,-71.17181576,978-725-7400,www.glfhc.org,,,,,,,,,HRSA operating hours per week: 4.00,unknown,,,,,,,,,HRSA Health Center Service Delivery and Look-Alike Sites,https://data.hrsa.gov/DataDownload/DD_Files/Health_Center_Service_Delivery_and_LookAlike_Sites.csv,2026-06-24,"Fields copied from the official HRSA CSV: site name, address, city, state, postal code, phone, website, HRSA geocoding coordinates, county/FIPS, operating hours per week, site status, and location setting. Site status: Active. Location setting: All Other Clinic Types. Operational schedule: Part-Time. Daily hours, services, price, insurance, and accessibility fields were not supplied by this intake.",BPS-H80-006363,Health Center Service Delivery and Look-Alike Sites,2026-06-24,2026-06-24,needs_review,
hrsa-bps-h80-009564,Lindemann Mental Health Center,community_health_center,25 Staniford St,Boston,MA,25,Suffolk County,25025,02114-2575,42.36211232,-71.06349969,617-626-8500,,,,,,,,,,HRSA operating hours per week: 5.00,unknown,,,,,,,,,HRSA Health Center Service Delivery and Look-Alike Sites,https://data.hrsa.gov/DataDownload/DD_Files/Health_Center_Service_Delivery_and_LookAlike_Sites.csv,2026-06-24,"Fields copied from the official HRSA CSV: site name, address, city, state, postal code, phone, website, HRSA geocoding coordinates, county/FIPS, operating hours per week, site status, and location setting. Site status: Active. Location setting: All Other Clinic Types. Operational schedule: Part-Time. Daily hours, services, price, insurance, and accessibility fields were not supplied by this intake.",BPS-H80-009564,Health Center Service Delivery and Look-Alike Sites,2026-06-24,2026-06-24,needs_review,
hrsa-bps-h80-031030,Ellen Jones Community Dental Clinic,community_health_center,516 Route 134,South Dennis,MA,25,Barnstable County,25001,02660-3451,41.69434068,-70.15008188,508-778-5400,www.hhsi.us,,,,,,,,,HRSA operating hours per week: 55.00,unknown,,,,,,,,,HRSA Health Center Service Delivery and Look-Alike Sites,https://data.hrsa.gov/DataDownload/DD_Files/Health_Center_Service_Delivery_and_LookAlike_Sites.csv,2026-06-24,"Fields copied from the official HRSA CSV: site name, address, city, state, postal code, phone, website, HRSA geocoding coordinates, county/FIPS, operating hours per week, site status, and location setting. Site status: Active. Location setting: All Other Clinic Types. Operational schedule: Unknown. Daily hours, services, price, insurance, and accessibility fields were not supplied by this intake.",BPS-H80-031030,Health Center Service Delivery and Look-Alike Sites,2026-06-24,2026-06-24,needs_review,
hrsa-bps-h80-002432,GATEWAY SCHOOL BASED HLTH CENTER,community_health_center,12 Littleville Rd,Huntington,MA,25,Hampshire County,25015,01050-9761,42.25073858,-72.87022119,413-667-0142,www.hchcweb.org,,,,,,,,,HRSA operating hours per week: 30.00,unknown,,,,,,,,,HRSA Health Center Service Delivery and Look-Alike Sites,https://data.hrsa.gov/DataDownload/DD_Files/Health_Center_Service_Delivery_and_LookAlike_Sites.csv,2026-06-24,"Fields copied from the official HRSA CSV: site name, address, city, state, postal code, phone, website, HRSA geocoding coordinates, county/FIPS, operating hours per week, site status, and location setting. Site status: Active. Location setting: School. Operational schedule: Full-Time. Daily hours, services, price, insurance, and accessibility fields were not supplied by this intake.",BPS-H80-002432,Health Center Service Delivery and Look-Alike Sites,2026-06-24,2026-06-24,needs_review,
hrsa-bps-h80-034343,Centerville Recreation Building,community_health_center,524 Main St,Centerville,MA,25,Barnstable County,25001,02632-2918,41.64688256,-70.34704747,508-905-2800,outercape.org,,,,,,,,,HRSA operating hours per week: 25.00,unknown,,,,,,,,,HRSA Health Center Service Delivery and Look-Alike Sites,https://data.hrsa.gov/DataDownload/DD_Files/Health_Center_Service_Delivery_and_LookAlike_Sites.csv,2026-06-24,"Fields copied from the official HRSA CSV: site name, address, city, state, postal code, phone, website, HRSA geocoding coordinates, county/FIPS, operating hours per week, site status, and location setting. Site status: Active. Location setting: School. Operational schedule: Unknown. Daily hours, services, price, insurance, and accessibility fields were not supplied by this intake.",BPS-H80-034343,Health Center Service Delivery and Look-Alike Sites,2026-06-24,2026-06-24,needs_review,
hrsa-bps-h80-002535,GLFHC-WEST,community_health_center,700 Essex St,Lawrence,MA,25,Essex County,25009,01841-4396,42.70194871,-71.17213067,978-689-2400,www.glfhc.org,,,,,,,,,HRSA operating hours per week: 47.00,unknown,,,,,,,,,HRSA Health Center Service Delivery and Look-Alike Sites,https://data.hrsa.gov/DataDownload/DD_Files/Health_Center_Service_Delivery_and_LookAlike_Sites.csv,2026-06-24,"Fields copied from the official HRSA CSV: site name, address, city, state, postal code, phone, website, HRSA geocoding coordinates, county/FIPS, operating hours per week, site status, and location setting. Site status: Active. Location setting: All Other Clinic Types. Operational schedule: Full-Time. Daily hours, services, price, insurance, and accessibility fields were not supplied by this intake.",BPS-H80-002535,Health Center Service Delivery and Look-Alike Sites,2026-06-24,2026-06-24,needs_review,
hrsa-bps-h80-006546,Lynn Multiservice Center,community_health_center,100 Willow St,Lynn,MA,25,Essex County,25009,01901-1139,42.46493653,-70.94752659,781-581-0739,http://lchcnet.org/aboutus/,,,,,,,,,HRSA operating hours per week: 4.00,unknown,,,,,,,,,HRSA Health Center Service Delivery and Look-Alike Sites,https://data.hrsa.gov/DataDownload/DD_Files/Health_Center_Service_Delivery_and_LookAlike_Sites.csv,2026-06-24,"Fields copied from the official HRSA CSV: site name, address, city, state, postal code, phone, website, HRSA geocoding coordinates, county/FIPS, operating hours per week, site status, and location setting. Site status: Active. Location setting: All Other Clinic Types. Operational schedule: Full-Time. Daily hours, services, price, insurance, and accessibility fields were not supplied by this intake.",BPS-H80-006546,Health Center Service Delivery and Look-Alike Sites,2026-06-24,2026-06-24,needs_review,
hrsa-bps-h80-009258,Mattapan Community Health Center,community_health_center,1575 Blue Hill Ave,Mattapan,MA,25,Suffolk County,25025,02126-2122,42.26999198,-71.09400798,617-296-0061,www.mattapanchc.org,,,,,,,,,HRSA operating hours per week: 44.00,unknown,,,,,,,,,HRSA Health Center Service Delivery and Look-Alike Sites,https://data.hrsa.gov/DataDownload/DD_Files/Health_Center_Service_Delivery_and_LookAlike_Sites.csv,2026-06-24,"Fields copied from the official HRSA CSV: site name, address, city, state, postal code, phone, website, HRSA geocoding coordinates, county/FIPS, operating hours per week, site status, and location setting. Site status: Active. Location setting: All Other Clinic Types. Operational schedule: Full-Time. Daily hours, services, price, insurance, and accessibility fields were not supplied by this intake.",BPS-H80-009258,Health Center Service Delivery and Look-Alike Sites,2026-06-24,2026-06-24,needs_review,
hrsa-bps-h80-015245,Southampton Street Shelter,community_health_center,112 Southampton St,Boston,MA,25,Suffolk County,25025,02118-2792,42.33236998,-71.06926996,617-534-2881,,,,,,,,,,HRSA operating hours per week: 20.00,unknown,,,,,,,,,HRSA Health Center Service Delivery and Look-Alike Sites,https://data.hrsa.gov/DataDownload/DD_Files/Health_Center_Service_Delivery_and_LookAlike_Sites.csv,2026-06-24,"Fields copied from the official HRSA CSV: site name, address, city, state, postal code, phone, website, HRSA geocoding coordinates, county/FIPS, operating hours per week, site status, and location setting. Site status: Active. Location setting: All Other Clinic Types. Operational schedule: Unknown. Daily hours, services, price, insurance, and accessibility fields were not supplied by this intake.",BPS-H80-015245,Health Center Service Delivery and Look-Alike Sites,2026-06-24,2026-06-24,needs_review,
hrsa-bps-h80-003083,Helen A. Bowditch Health Center,community_health_center,23 N Ashland St,Worcester,MA,25,Worcester County,25027,01609-3044,42.26902861,-71.80732084,508-754-2860,http://www.fhcw.org,,,,,,,,,HRSA operating hours per week: 40.00,unknown,,,,,,,,,HRSA Health Center Service Delivery and Look-Alike Sites,https://data.hrsa.gov/DataDownload/DD_Files/Health_Center_Service_Delivery_and_LookAlike_Sites.csv,2026-06-24,"Fields copied from the official HRSA CSV: site name, address, city, state, postal code, phone, website, HRSA geocoding coordinates, county/FIPS, operating hours per week, site status, and location setting. Site status: Active. Location setting: School. Operational schedule: Full-Time. Daily hours, services, price, insurance, and accessibility fields were not supplied by this intake.",BPS-H80-003083,Health Center Service Delivery and Look-Alike Sites,2026-06-24,2026-06-24,needs_review,
hrsa-bps-h80-000042,Doherty Memorial High School Health Center,community_health_center,299 Highland St,Worcester,MA,25,Worcester County,25027,01602-2193,42.26956999,-71.82075997,508-755-7527,www.wpsweb.com/doherty/,,,,,,,,,HRSA operating hours per week: 40.00,unknown,,,,,,,,,HRSA Health Center Service Delivery and Look-Alike Sites,https://data.hrsa.gov/DataDownload/DD_Files/Health_Center_Service_Delivery_and_LookAlike_Sites.csv,2026-06-24,"Fields copied from the official HRSA CSV: site name, address, city, state, postal code, phone, website, HRSA geocoding coordinates, county/FIPS, operating hours per week, site status, and location setting. Site status: Active. Location setting: School. Operational schedule: Unknown. Daily hours, services, price, insurance, and accessibility fields were not supplied by this intake.",BPS-H80-000042,Health Center Service Delivery and Look-Alike Sites,2026-06-24,2026-06-24,needs_review,
hrsa-bps-h80-003196,MANET North Quincy,community_health_center,110 W Squantum St,Quincy,MA,25,Norfolk County,25021,02171-2122,42.27254867,-71.03081061,617-376-3000,www.manetchc.org,,,,,,,,,HRSA operating hours per week: 62.00,unknown,,,,,,,,,HRSA Health Center Service Delivery and Look-Alike Sites,https://data.hrsa.gov/DataDownload/DD_Files/Health_Center_Service_Delivery_and_LookAlike_Sites.csv,2026-06-24,"Fields copied from the official HRSA CSV: site name, address, city, state, postal code, phone, website, HRSA geocoding coordinates, county/FIPS, operating hours per week, site status, and location setting. Site status: Active. Location setting: All Other Clinic Types. Operational schedule: Full-Time. Daily hours, services, price, insurance, and accessibility fields were not supplied by this intake.",BPS-H80-003196,Health Center Service Delivery and Look-Alike Sites,2026-06-24,2026-06-24,needs_review,
hrsa-bps-h80-015716,BNHC at Vicente's,community_health_center,158 Pleasant St,Brockton,MA,25,Plymouth County,25023,02301-3842,42.08493863,-71.02455058,508-559-6699,www.bnhc.org,,,,,,,,,HRSA operating hours per week: 49.00,unknown,,,,,,,,,HRSA Health Center Service Delivery and Look-Alike Sites,https://data.hrsa.gov/DataDownload/DD_Files/Health_Center_Service_Delivery_and_LookAlike_Sites.csv,2026-06-24,"Fields copied from the official HRSA CSV: site name, address, city, state, postal code, phone, website, HRSA geocoding coordinates, county/FIPS, operating hours per week, site status, and location setting. Site status: Active. Location setting: All Other Clinic Types. Operational schedule: Unknown. Daily hours, services, price, insurance, and accessibility fields were not supplied by this intake.",BPS-H80-015716,Health Center Service Delivery and Look-Alike Sites,2026-06-24,2026-06-24,needs_review,
hrsa-bps-h80-032253,Island Health Care,community_health_center,245 Vineyard Haven Rd,Edgartown,MA,25,Dukes County,25007,02539-6948,41.39538421,-70.53035810,508-627-5797 x110,,,,,,,,,,HRSA operating hours per week: 64.00,unknown,,,,,,,,,HRSA Health Center Service Delivery and Look-Alike Sites,https://data.hrsa.gov/DataDownload/DD_Files/Health_Center_Service_Delivery_and_LookAlike_Sites.csv,2026-06-24,"Fields copied from the official HRSA CSV: site name, address, city, state, postal code, phone, website, HRSA geocoding coordinates, county/FIPS, operating hours per week, site status, and location setting. Site status: Active. Location setting: All Other Clinic Types. Operational schedule: Unknown. Daily hours, services, price, insurance, and accessibility fields were not supplied by this intake.",BPS-H80-032253,Health Center Service Delivery and Look-Alike Sites,2026-06-24,2026-06-24,needs_review,
hrsa-bps-h80-028181,86 White Street,community_health_center,86 White St,East Boston,MA,25,Suffolk County,25025,02128-1341,42.38094877,-71.03492084,617-569-5800,,,,,,,,,,HRSA operating hours per week: 32.50,unknown,,,,,,,,,HRSA Health Center Service Delivery and Look-Alike Sites,https://data.hrsa.gov/DataDownload/DD_Files/Health_Center_Service_Delivery_and_LookAlike_Sites.csv,2026-06-24,"Fields copied from the official HRSA CSV: site name, address, city, state, postal code, phone, website, HRSA geocoding coordinates, county/FIPS, operating hours per week, site status, and location setting. Site status: Active. Location setting: School. Operational schedule: Unknown. Daily hours, services, price, insurance, and accessibility fields were not supplied by this intake.",BPS-H80-028181,Health Center Service Delivery and Look-Alike Sites,2026-06-24,2026-06-24,needs_review,
hrsa-bps-h80-003481,"UMass Memorial Health, Belmont Campus",community_health_center,119 Belmont St,Worcester,MA,25,Worcester County,25027,01605-2982,42.27294162,-71.79225027,508-860-7700,www.umassmemorial.org,,,,,,,,,HRSA operating hours per week: 168.00,unknown,,,,,,,,,HRSA Health Center Service Delivery and Look-Alike Sites,https://data.hrsa.gov/DataDownload/DD_Files/Health_Center_Service_Delivery_and_LookAlike_Sites.csv,2026-06-24,"Fields copied from the official HRSA CSV: site name, address, city, state, postal code, phone, website, HRSA geocoding coordinates, county/FIPS, operating hours per week, site status, and location setting. Site status: Active. Location setting: Hospital. Operational schedule: Full-Time. Daily hours, services, price, insurance, and accessibility fields were not supplied by this intake.",BPS-H80-003481,Health Center Service Delivery and Look-Alike Sites,2026-06-24,2026-06-24,needs_review,
hrsa-bps-h80-006834,Goddard Health Center,community_health_center,14 Richards St,Worcester,MA,25,Worcester County,25027,01603-2609,42.24764864,-71.82438087,508-757-3401,http://www.fhcw.org,,,,,,,,,HRSA operating hours per week: 40.00,unknown,,,,,,,,,HRSA Health Center Service Delivery and Look-Alike Sites,https://data.hrsa.gov/DataDownload/DD_Files/Health_Center_Service_Delivery_and_LookAlike_Sites.csv,2026-06-24,"Fields copied from the official HRSA CSV: site name, address, city, state, postal code, phone, website, HRSA geocoding coordinates, county/FIPS, operating hours per week, site status, and location setting. Site status: Active. Location setting: School. Operational schedule: Part-Time. Daily hours, services, price, insurance, and accessibility fields were not supplied by this intake.",BPS-H80-006834,Health Center Service Delivery and Look-Alike Sites,2026-06-24,2026-06-24,needs_review,
hrsa-bps-h80-012570,Cobbet Elementary School School Based Health Center,community_health_center,40 Franklin St,Lynn,MA,25,Essex County,25009,01902-4106,42.46471868,-70.95503057,781-477-7341,,,,,,,,,,HRSA operating hours per week: 35.00,unknown,,,,,,,,,HRSA Health Center Service Delivery and Look-Alike Sites,https://data.hrsa.gov/DataDownload/DD_Files/Health_Center_Service_Delivery_and_LookAlike_Sites.csv,2026-06-24,"Fields copied from the official HRSA CSV: site name, address, city, state, postal code, phone, website, HRSA geocoding coordinates, county/FIPS, operating hours per week, site status, and location setting. Site status: Active. Location setting: School. Operational schedule: Full-Time. Daily hours, services, price, insurance, and accessibility fields were not supplied by this intake.",BPS-H80-012570,Health Center Service Delivery and Look-Alike Sites,2026-06-24,2026-06-24,needs_review,
hrsa-bps-h80-013085,Harbor Community Health Center-Plymouth,community_health_center,"10 Cordage Park Cir, Suite 115",Plymouth,MA,25,Plymouth County,25023,02360-7318,41.97937950,-70.68819554,508-778-5470,www.hhsi.us,,,,,,,,,HRSA operating hours per week: 55.00,unknown,,,,,,,,,HRSA Health Center Service Delivery and Look-Alike Sites,https://data.hrsa.gov/DataDownload/DD_Files/Health_Center_Service_Delivery_and_LookAlike_Sites.csv,2026-06-24,"Fields copied from the official HRSA CSV: site name, address, city, state, postal code, phone, website, HRSA geocoding coordinates, county/FIPS, operating hours per week, site status, and location setting. Site status: Active. Location setting: All Other Clinic Types. Operational schedule: Full-Time. Daily hours, services, price, insurance, and accessibility fields were not supplied by this intake.",BPS-H80-013085,Health Center Service Delivery and Look-Alike Sites,2026-06-24,2026-06-24,needs_review,
hrsa-bps-h80-034730,Community Health Center of Cape Cod - North Falmouth,community_health_center,26 Edgerton Dr,North Falmouth,MA,25,Barnstable County,25001,02556-2820,41.64126882,-70.61263855,508-477-7090,,,,,,,,,,HRSA operating hours per week: 40.00,unknown,,,,,,,,,HRSA Health Center Service Delivery and Look-Alike Sites,https://data.hrsa.gov/DataDownload/DD_Files/Health_Center_Service_Delivery_and_LookAlike_Sites.csv,2026-06-24,"Fields copied from the official HRSA CSV: site name, address, city, state, postal code, phone, website, HRSA geocoding coordinates, county/FIPS, operating hours per week, site status, and location setting. Site status: Active. Location setting: All Other Clinic Types. Operational schedule: Unknown. Daily hours, services, price, insurance, and accessibility fields were not supplied by this intake.",BPS-H80-034730,Health Center Service Delivery and Look-Alike Sites,2026-06-24,2026-06-24,needs_review,
hrsa-bps-h80-003922,WORTHINGTON HEALTH CENTER,community_health_center,58 Old North Rd,Worthington,MA,25,Hampshire County,25015,01098-9708,42.41435861,-72.93825123,413-238-5511,www.hchcweb.org,,,,,,,,,HRSA operating hours per week: 51.00,unknown,,,,,,,,,HRSA Health Center Service Delivery and Look-Alike Sites,https://data.hrsa.gov/DataDownload/DD_Files/Health_Center_Service_Delivery_and_LookAlike_Sites.csv,2026-06-24,"Fields copied from the official HRSA CSV: site name, address, city, state, postal code, phone, website, HRSA geocoding coordinates, county/FIPS, operating hours per week, site status, and location setting. Site status: Active. Location setting: All Other Clinic Types. Operational schedule: Full-Time. Daily hours, services, price, insurance, and accessibility fields were not supplied by this intake.",BPS-H80-003922,Health Center Service Delivery and Look-Alike Sites,2026-06-24,2026-06-24,needs_review,
hrsa-bps-h80-015687,HARVARD STREET NEIGHBORHOOD HEALTH CENTER INC,community_health_center,895 Blue Hill Ave,Dorchester Center,MA,25,Suffolk County,25025,02124-2902,42.29411237,-71.08856980,617-825-3400,www.harvardstreet.org,,,,,,,,,HRSA operating hours per week: 54.00,unknown,,,,,,,,,HRSA Health Center Service Delivery and Look-Alike Sites,https://data.hrsa.gov/DataDownload/DD_Files/Health_Center_Service_Delivery_and_LookAlike_Sites.csv,2026-06-24,"Fields copied from the official HRSA CSV: site name, address, city, state, postal code, phone, website, HRSA geocoding coordinates, county/FIPS, operating hours per week, site status, and location setting. Site status: Active. Location setting: All Other Clinic Types. Operational schedule: Unknown. Daily hours, services, price, insurance, and accessibility fields were not supplied by this intake.",BPS-H80-015687,Health Center Service Delivery and Look-Alike Sites,2026-06-24,2026-06-24,needs_review,
hrsa-bps-h80-014023,"Brickett Elementary School, School Based Health Center",community_health_center,123 Lewis St,Lynn,MA,25,Essex County,25009,01902-4897,42.46610869,-70.93097057,781-477-7333,,,,,,,,,,HRSA operating hours per week: 35.00,unknown,,,,,,,,,HRSA Health Center Service Delivery and Look-Alike Sites,https://data.hrsa.gov/DataDownload/DD_Files/Health_Center_Service_Delivery_and_LookAlike_Sites.csv,2026-06-24,"Fields copied from the official HRSA CSV: site name, address, city, state, postal code, phone, website, HRSA geocoding coordinates, county/FIPS, operating hours per week, site status, and location setting. Site status: Active. Location setting: School. Operational schedule: Full-Time. Daily hours, services, price, insurance, and accessibility fields were not supplied by this intake.",BPS-H80-014023,Health Center Service Delivery and Look-Alike Sites,2026-06-24,2026-06-24,needs_review,
hrsa-bps-h80-004371,Community Health Center of Cape Cod - Falmouth,community_health_center,210 Jones Rd,Falmouth,MA,25,Barnstable County,25001,02540-2974,41.56143350,-70.61147824,508-540-2949,chcofcapecod.org,,,,,,,,,HRSA operating hours per week: 44.00,unknown,,,,,,,,,HRSA Health Center Service Delivery and Look-Alike Sites,https://data.hrsa.gov/DataDownload/DD_Files/Health_Center_Service_Delivery_and_LookAlike_Sites.csv,2026-06-24,"Fields copied from the official HRSA CSV: site name, address, city, state, postal code, phone, website, HRSA geocoding coordinates, county/FIPS, operating hours per week, site status, and location setting. Site status: Active. Location setting: All Other Clinic Types. Operational schedule: Full-Time. Daily hours, services, price, insurance, and accessibility fields were not supplied by this intake.",BPS-H80-004371,Health Center Service Delivery and Look-Alike Sites,2026-06-24,2026-06-24,needs_review,
hrsa-bps-h80-019739,Peabody Learning Academy,community_health_center,210 Andover St,Peabody,MA,25,Essex County,25009,01960-1647,42.54044268,-70.94235973,978-740-8388,www.nschi.org,,,,,,,,,HRSA operating hours per week: 16.00,unknown,,,,,,,,,HRSA Health Center Service Delivery and Look-Alike Sites,https://data.hrsa.gov/DataDownload/DD_Files/Health_Center_Service_Delivery_and_LookAlike_Sites.csv,2026-06-24,"Fields copied from the official HRSA CSV: site name, address, city, state, postal code, phone, website, HRSA geocoding coordinates, county/FIPS, operating hours per week, site status, and location setting. Site status: Active. Location setting: School. Operational schedule: Unknown. Daily hours, services, price, insurance, and accessibility fields were not supplied by this intake.",BPS-H80-019739,Health Center Service Delivery and Look-Alike Sites,2026-06-24,2026-06-24,needs_review,
hrsa-bps-h80-035310,Engagement Center,community_health_center,26 Atkinson St,Boston,MA,25,Suffolk County,25025,02118-2702,42.33321027,-71.06850444,617-534-3036 x85765,,,,,,,,,,HRSA operating hours per week: 60.00,unknown,,,,,,,,,HRSA Health Center Service Delivery and Look-Alike Sites,https://data.hrsa.gov/DataDownload/DD_Files/Health_Center_Service_Delivery_and_LookAlike_Sites.csv,2026-06-24,"Fields copied from the official HRSA CSV: site name, address, city, state, postal code, phone, website, HRSA geocoding coordinates, county/FIPS, operating hours per week, site status, and location setting. Site status: Active. Location setting: All Other Clinic Types. Operational schedule: Unknown. Daily hours, services, price, insurance, and accessibility fields were not supplied by this intake.",BPS-H80-035310,Health Center Service Delivery and Look-Alike Sites,2026-06-24,2026-06-24,needs_review,
hrsa-bps-h80-007549,Jean Yawkey Place,community_health_center,780 Albany St,Boston,MA,25,Suffolk County,25025,02118-2755,42.33364705,-71.07280176,857-654-1000,www.bhchp.org,,,,,,,,,HRSA operating hours per week: 168.00,unknown,,,,,,,,,HRSA Health Center Service Delivery and Look-Alike Sites,https://data.hrsa.gov/DataDownload/DD_Files/Health_Center_Service_Delivery_and_LookAlike_Sites.csv,2026-06-24,"Fields copied from the official HRSA CSV: site name, address, city, state, postal code, phone, website, HRSA geocoding coordinates, county/FIPS, operating hours per week, site status, and location setting. Site status: Active. Location setting: All Other Clinic Types. Operational schedule: Unknown. Daily hours, services, price, insurance, and accessibility fields were not supplied by this intake.",BPS-H80-007549,Health Center Service Delivery and Look-Alike Sites,2026-06-24,2026-06-24,needs_review,
hrsa-bps-h80-033708,Mobile Health Unit Two,community_health_center,34 Haverhill St,Lawrence,MA,25,Essex County,25009,01841-2884,42.71185872,-71.15198066,978-688-1567,www.glfhc.org,,,,,,,,,HRSA operating hours per week: 31.00,unknown,,,,,,,,,HRSA Health Center Service Delivery and Look-Alike Sites,https://data.hrsa.gov/DataDownload/DD_Files/Health_Center_Service_Delivery_and_LookAlike_Sites.csv,2026-06-24,"Fields copied from the official HRSA CSV: site name, address, city, state, postal code, phone, website, HRSA geocoding coordinates, county/FIPS, operating hours per week, site status, and location setting. Site status: Active. Location setting: All Other Clinic Types. Operational schedule: Unknown. Daily hours, services, price, insurance, and accessibility fields were not supplied by this intake.",BPS-H80-033708,Health Center Service Delivery and Look-Alike Sites,2026-06-24,2026-06-24,needs_review,
hrsa-bps-h80-018121,Baystate Franklin Hospital,community_health_center,164 High St,Greenfield,MA,25,Franklin County,25011,01301-2613,42.59589132,-72.59228717,413-325-8700,www.chcfc.org,,,,,,,,,HRSA operating hours per week: 10.00,unknown,,,,,,,,,HRSA Health Center Service Delivery and Look-Alike Sites,https://data.hrsa.gov/DataDownload/DD_Files/Health_Center_Service_Delivery_and_LookAlike_Sites.csv,2026-06-24,"Fields copied from the official HRSA CSV: site name, address, city, state, postal code, phone, website, HRSA geocoding coordinates, county/FIPS, operating hours per week, site status, and location setting. Site status: Active. Location setting: Hospital. Operational schedule: Unknown. Daily hours, services, price, insurance, and accessibility fields were not supplied by this intake.",BPS-H80-018121,Health Center Service Delivery and Look-Alike Sites,2026-06-24,2026-06-24,needs_review,
hrsa-bps-h80-018729,102 Main Street,community_health_center,102 Main St,Greenfield,MA,25,Franklin County,25011,01301-3275,42.58793077,-72.60553552,413-325-8500,,,,,,,,,,HRSA operating hours per week: 53.50,unknown,,,,,,,,,HRSA Health Center Service Delivery and Look-Alike Sites,https://data.hrsa.gov/DataDownload/DD_Files/Health_Center_Service_Delivery_and_LookAlike_Sites.csv,2026-06-24,"Fields copied from the official HRSA CSV: site name, address, city, state, postal code, phone, website, HRSA geocoding coordinates, county/FIPS, operating hours per week, site status, and location setting. Site status: Active. Location setting: All Other Clinic Types. Operational schedule: Unknown. Daily hours, services, price, insurance, and accessibility fields were not supplied by this intake.",BPS-H80-018729,Health Center Service Delivery and Look-Alike Sites,2026-06-24,2026-06-24,needs_review,
hrsa-bps-h80-004987,ROOSEVELT SCHOOL HEALTH CENTER,community_health_center,1006 Grafton St,Worcester,MA,25,Worcester County,25027,01604-2034,42.24317861,-71.75713085,508-798-3229,www.kennedychc.org,,,,,,,,,HRSA operating hours per week: 4.00,unknown,,,,,,,,,HRSA Health Center Service Delivery and Look-Alike Sites,https://data.hrsa.gov/DataDownload/DD_Files/Health_Center_Service_Delivery_and_LookAlike_Sites.csv,2026-06-24,"Fields copied from the official HRSA CSV: site name, address, city, state, postal code, phone, website, HRSA geocoding coordinates, county/FIPS, operating hours per week, site status, and location setting. Site status: Active. Location setting: School. Operational schedule: Full-Time. Daily hours, services, price, insurance, and accessibility fields were not supplied by this intake.",BPS-H80-004987,Health Center Service Delivery and Look-Alike Sites,2026-06-24,2026-06-24,needs_review,
hrsa-bps-h80-017910,Lowell CHC - 101 Jackson Street,community_health_center,101 Jackson St,Lowell,MA,25,Middlesex County,25017,01852-2103,42.64229785,-71.31130479,978-937-9700,www.lchealth.org,,,,,,,,,HRSA operating hours per week: 51.00,unknown,,,,,,,,,HRSA Health Center Service Delivery and Look-Alike Sites,https://data.hrsa.gov/DataDownload/DD_Files/Health_Center_Service_Delivery_and_LookAlike_Sites.csv,2026-06-24,"Fields copied from the official HRSA CSV: site name, address, city, state, postal code, phone, website, HRSA geocoding coordinates, county/FIPS, operating hours per week, site status, and location setting. Site status: Active. Location setting: All Other Clinic Types. Operational schedule: Unknown. Daily hours, services, price, insurance, and accessibility fields were not supplied by this intake.",BPS-H80-017910,Health Center Service Delivery and Look-Alike Sites,2026-06-24,2026-06-24,needs_review,
hrsa-bps-h80-007908,Community Health Center of Cape Cod - Bourne,community_health_center,"123 Waterhouse Rd, #1",Buzzards Bay,MA,25,Barnstable County,25001,02532-3890,41.72840155,-70.58506829,508-759-7920,www.chcofcapecod.org,,,,,,,,,HRSA operating hours per week: 46.00,unknown,,,,,,,,,HRSA Health Center Service Delivery and Look-Alike Sites,https://data.hrsa.gov/DataDownload/DD_Files/Health_Center_Service_Delivery_and_LookAlike_Sites.csv,2026-06-24,"Fields copied from the official HRSA CSV: site name, address, city, state, postal code, phone, website, HRSA geocoding coordinates, county/FIPS, operating hours per week, site status, and location setting. Site status: Active. Location setting: All Other Clinic Types. Operational schedule: Full-Time. Daily hours, services, price, insurance, and accessibility fields were not supplied by this intake.",BPS-H80-007908,Health Center Service Delivery and Look-Alike Sites,2026-06-24,2026-06-24,needs_review,
hrsa-bps-h80-018760,ACTION Community Health Center,community_health_center,130 Water St,Fitchburg,MA,25,Worcester County,25027,01420,42.58005800,-71.79410099,978-878-8100,chcfhc.org,,,,,,,,,HRSA operating hours per week: 76.00,unknown,,,,,,,,,HRSA Health Center Service Delivery and Look-Alike Sites,https://data.hrsa.gov/DataDownload/DD_Files/Health_Center_Service_Delivery_and_LookAlike_Sites.csv,2026-06-24,"Fields copied from the official HRSA CSV: site name, address, city, state, postal code, phone, website, HRSA geocoding coordinates, county/FIPS, operating hours per week, site status, and location setting. Site status: Active. Location setting: All Other Clinic Types. Operational schedule: Unknown. Daily hours, services, price, insurance, and accessibility fields were not supplied by this intake.",BPS-H80-018760,Health Center Service Delivery and Look-Alike Sites,2026-06-24,2026-06-24,needs_review,
hrsa-bps-h80-030740,Whittier mobile health van#1,community_health_center,1290 Tremont St,Roxbury Crossing,MA,25,Suffolk County,25025,02120-3432,42.33274398,-71.09196849,617-427-1000,,,,,,,,,,HRSA operating hours per week: 40.00,unknown,,,,,,,,,HRSA Health Center Service Delivery and Look-Alike Sites,https://data.hrsa.gov/DataDownload/DD_Files/Health_Center_Service_Delivery_and_LookAlike_Sites.csv,2026-06-24,"Fields copied from the official HRSA CSV: site name, address, city, state, postal code, phone, website, HRSA geocoding coordinates, county/FIPS, operating hours per week, site status, and location setting. Site status: Active. Location setting: All Other Clinic Types. Operational schedule: Unknown. Daily hours, services, price, insurance, and accessibility fields were not supplied by this intake.",BPS-H80-030740,Health Center Service Delivery and Look-Alike Sites,2026-06-24,2026-06-24,needs_review,
hrsa-bps-h80-008165,TechBoston Academy Clinic,community_health_center,9 Peacevale Rd,Dorchester Center,MA,25,Suffolk County,25025,02124-4417,42.28525304,-71.07589711,617-822-8272,www.codman.org,,,,,,,,,HRSA operating hours per week: 27.50,unknown,,,,,,,,,HRSA Health Center Service Delivery and Look-Alike Sites,https://data.hrsa.gov/DataDownload/DD_Files/Health_Center_Service_Delivery_and_LookAlike_Sites.csv,2026-06-24,"Fields copied from the official HRSA CSV: site name, address, city, state, postal code, phone, website, HRSA geocoding coordinates, county/FIPS, operating hours per week, site status, and location setting. Site status: Active. Location setting: School. Operational schedule: Part-Time. Daily hours, services, price, insurance, and accessibility fields were not supplied by this intake.",BPS-H80-008165,Health Center Service Delivery and Look-Alike Sites,2026-06-24,2026-06-24,needs_review,
hrsa-bps-h80-031004,The Dr. Gerald Hass Center,community_health_center,400 Shawmut Ave,Boston,MA,25,Suffolk County,25025,02118-2006,42.34038790,-71.07301726,617-425-2000,,,,,,,,,,HRSA operating hours per week: 30.00,unknown,,,,,,,,,HRSA Health Center Service Delivery and Look-Alike Sites,https://data.hrsa.gov/DataDownload/DD_Files/Health_Center_Service_Delivery_and_LookAlike_Sites.csv,2026-06-24,"Fields copied from the official HRSA CSV: site name, address, city, state, postal code, phone, website, HRSA geocoding coordinates, county/FIPS, operating hours per week, site status, and location setting. Site status: Active. Location setting: School. Operational schedule: Unknown. Daily hours, services, price, insurance, and accessibility fields were not supplied by this intake.",BPS-H80-031004,Health Center Service Delivery and Look-Alike Sites,2026-06-24,2026-06-24,needs_review,
hrsa-bps-h80-007440,Kingston House,community_health_center,39 Kingston St,Boston,MA,25,Suffolk County,25025,02111-2293,42.35355000,-71.05944998,617-482-8819,,,,,,,,,,HRSA operating hours per week: 4.00,unknown,,,,,,,,,HRSA Health Center Service Delivery and Look-Alike Sites,https://data.hrsa.gov/DataDownload/DD_Files/Health_Center_Service_Delivery_and_LookAlike_Sites.csv,2026-06-24,"Fields copied from the official HRSA CSV: site name, address, city, state, postal code, phone, website, HRSA geocoding coordinates, county/FIPS, operating hours per week, site status, and location setting. Site status: Active. Location setting: All Other Clinic Types. Operational schedule: Part-Time. Daily hours, services, price, insurance, and accessibility fields were not supplied by this intake.",BPS-H80-007440,Health Center Service Delivery and Look-Alike Sites,2026-06-24,2026-06-24,needs_review,
hrsa-bps-h80-033811,Caring Health Center,community_health_center,477 Sumner Avenue,Springfield,MA,25,Hampden County,25013,01108-2321,42.08597610,-72.55883440,413-739-1100,www.caringhealth.org,,,,,,,,,HRSA operating hours per week: 40.00,unknown,,,,,,,,,HRSA Health Center Service Delivery and Look-Alike Sites,https://data.hrsa.gov/DataDownload/DD_Files/Health_Center_Service_Delivery_and_LookAlike_Sites.csv,2026-06-24,"Fields copied from the official HRSA CSV: site name, address, city, state, postal code, phone, website, HRSA geocoding coordinates, county/FIPS, operating hours per week, site status, and location setting. Site status: Active. Location setting: All Other Clinic Types. Operational schedule: Unknown. Daily hours, services, price, insurance, and accessibility fields were not supplied by this intake.",BPS-H80-033811,Health Center Service Delivery and Look-Alike Sites,2026-06-24,2026-06-24,needs_review,
hrsa-bps-h80-032013,North Quabbin Health Center - Medical,community_health_center,"119 New Athol Rd, Suite 200",Orange,MA,25,Franklin County,25011,01364-9603,42.58439403,-72.26419333,978-544-7800,www.chcfc.org,,,,,,,,,HRSA operating hours per week: 48.25,unknown,,,,,,,,,HRSA Health Center Service Delivery and Look-Alike Sites,https://data.hrsa.gov/DataDownload/DD_Files/Health_Center_Service_Delivery_and_LookAlike_Sites.csv,2026-06-24,"Fields copied from the official HRSA CSV: site name, address, city, state, postal code, phone, website, HRSA geocoding coordinates, county/FIPS, operating hours per week, site status, and location setting. Site status: Active. Location setting: All Other Clinic Types. Operational schedule: Unknown. Daily hours, services, price, insurance, and accessibility fields were not supplied by this intake.",BPS-H80-032013,Health Center Service Delivery and Look-Alike Sites,2026-06-24,2026-06-24,needs_review,
hrsa-bps-h80-041316,Greater New Bedford Community Health Center BH Site,community_health_center,836 Purchase St,New Bedford,MA,25,Bristol County,25005,02740-6232,41.63569242,-70.92578310,508-992-6553,,,,,,,,,,HRSA operating hours per week: 49.00,unknown,,,,,,,,,HRSA Health Center Service Delivery and Look-Alike Sites,https://data.hrsa.gov/DataDownload/DD_Files/Health_Center_Service_Delivery_and_LookAlike_Sites.csv,2026-06-24,"Fields copied from the official HRSA CSV: site name, address, city, state, postal code, phone, website, HRSA geocoding coordinates, county/FIPS, operating hours per week, site status, and location setting. Site status: Active. Location setting: All Other Clinic Types. Operational schedule: Unknown. Daily hours, services, price, insurance, and accessibility fields were not supplied by this intake.",BPS-H80-041316,Health Center Service Delivery and Look-Alike Sites,2026-06-24,2026-06-24,needs_review,
hrsa-bps-h80-034802,Community Health Center of Cape Cod - Falmouth Housing Outreach,community_health_center,115 Scranton Avenue,Falmouth,MA,25,Barnstable County,25001,02540-3560,41.55129734,-70.60463727,508-477-7090,www.chcofcapecod.org,,,,,,,,,HRSA operating hours per week: 40.00,unknown,,,,,,,,,HRSA Health Center Service Delivery and Look-Alike Sites,https://data.hrsa.gov/DataDownload/DD_Files/Health_Center_Service_Delivery_and_LookAlike_Sites.csv,2026-06-24,"Fields copied from the official HRSA CSV: site name, address, city, state, postal code, phone, website, HRSA geocoding coordinates, county/FIPS, operating hours per week, site status, and location setting. Site status: Active. Location setting: All Other Clinic Types. Operational schedule: Unknown. Daily hours, services, price, insurance, and accessibility fields were not supplied by this intake.",BPS-H80-034802,Health Center Service Delivery and Look-Alike Sites,2026-06-24,2026-06-24,needs_review,
hrsa-bps-h80-035910,Whittier Engagement Center,community_health_center,1290 Tremont St,Roxbury Crossing,MA,25,Suffolk County,25025,02120-3432,42.33274398,-71.09196849,617-427-1000,,,,,,,,,,HRSA operating hours per week: 40.00,unknown,,,,,,,,,HRSA Health Center Service Delivery and Look-Alike Sites,https://data.hrsa.gov/DataDownload/DD_Files/Health_Center_Service_Delivery_and_LookAlike_Sites.csv,2026-06-24,"Fields copied from the official HRSA CSV: site name, address, city, state, postal code, phone, website, HRSA geocoding coordinates, county/FIPS, operating hours per week, site status, and location setting. Site status: Active. Location setting: All Other Clinic Types. Operational schedule: Unknown. Daily hours, services, price, insurance, and accessibility fields were not supplied by this intake.",BPS-H80-035910,Health Center Service Delivery and Look-Alike Sites,2026-06-24,2026-06-24,needs_review,
hrsa-bps-h80-017197,CHP Adams Family Dental,community_health_center,19 Depot St,Adams,MA,25,Berkshire County,25003,01220-1856,42.62368864,-73.11847128,413-307-6044,https://www.chpberkshires.org/,,,,,,,,,HRSA operating hours per week: 40.00,unknown,,,,,,,,,HRSA Health Center Service Delivery and Look-Alike Sites,https://data.hrsa.gov/DataDownload/DD_Files/Health_Center_Service_Delivery_and_LookAlike_Sites.csv,2026-06-24,"Fields copied from the official HRSA CSV: site name, address, city, state, postal code, phone, website, HRSA geocoding coordinates, county/FIPS, operating hours per week, site status, and location setting. Site status: Active. Location setting: All Other Clinic Types. Operational schedule: Unknown. Daily hours, services, price, insurance, and accessibility fields were not supplied by this intake.",BPS-H80-017197,Health Center Service Delivery and Look-Alike Sites,2026-06-24,2026-06-24,needs_review,
hrsa-bps-h80-039215,Solutions Building,community_health_center,245 High Street,Holyoke,MA,25,Hampden County,25013,01040-6580,42.20675237,-72.60796543,413-420-2200,,,,,,,,,,HRSA operating hours per week: 40.00,unknown,,,,,,,,,HRSA Health Center Service Delivery and Look-Alike Sites,https://data.hrsa.gov/DataDownload/DD_Files/Health_Center_Service_Delivery_and_LookAlike_Sites.csv,2026-06-24,"Fields copied from the official HRSA CSV: site name, address, city, state, postal code, phone, website, HRSA geocoding coordinates, county/FIPS, operating hours per week, site status, and location setting. Site status: Active. Location setting: All Other Clinic Types. Operational schedule: Unknown. Daily hours, services, price, insurance, and accessibility fields were not supplied by this intake.",BPS-H80-039215,Health Center Service Delivery and Look-Alike Sites,2026-06-24,2026-06-24,needs_review,
hrsa-bps-h80-005779,Academy Health Center,community_health_center,15 Claremont St,Worcester,MA,25,Worcester County,25027,01610-1436,42.25430864,-71.81802085,508-757-7641,http://www.fhcw.org,,,,,,,,,HRSA operating hours per week: 40.00,unknown,,,,,,,,,HRSA Health Center Service Delivery and Look-Alike Sites,https://data.hrsa.gov/DataDownload/DD_Files/Health_Center_Service_Delivery_and_LookAlike_Sites.csv,2026-06-24,"Fields copied from the official HRSA CSV: site name, address, city, state, postal code, phone, website, HRSA geocoding coordinates, county/FIPS, operating hours per week, site status, and location setting. Site status: Active. Location setting: School. Operational schedule: Part-Time. Daily hours, services, price, insurance, and accessibility fields were not supplied by this intake.",BPS-H80-005779,Health Center Service Delivery and Look-Alike Sites,2026-06-24,2026-06-24,needs_review,
hrsa-bps-h80-000419,PINE STREET INN-MEN'S CLINIC,community_health_center,444 Harrison Ave,Boston,MA,25,Suffolk County,25025,02118-2404,42.34291257,-71.06433604,857-654-1850,,,,,,,,,,HRSA operating hours per week: 82.00,unknown,,,,,,,,,HRSA Health Center Service Delivery and Look-Alike Sites,https://data.hrsa.gov/DataDownload/DD_Files/Health_Center_Service_Delivery_and_LookAlike_Sites.csv,2026-06-24,"Fields copied from the official HRSA CSV: site name, address, city, state, postal code, phone, website, HRSA geocoding coordinates, county/FIPS, operating hours per week, site status, and location setting. Site status: Active. Location setting: All Other Clinic Types. Operational schedule: Full-Time. Daily hours, services, price, insurance, and accessibility fields were not supplied by this intake.",BPS-H80-000419,Health Center Service Delivery and Look-Alike Sites,2026-06-24,2026-06-24,needs_review,
hrsa-bps-h80-036919,Manet at the Taunton Public Schools,community_health_center,60 Williams St,Taunton,MA,25,Bristol County,25005,02780-5411,41.90119859,-71.06982057,857-358-7260,www.manetchc.org,,,,,,,,,HRSA operating hours per week: 35.00,unknown,,,,,,,,,HRSA Health Center Service Delivery and Look-Alike Sites,https://data.hrsa.gov/DataDownload/DD_Files/Health_Center_Service_Delivery_and_LookAlike_Sites.csv,2026-06-24,"Fields copied from the official HRSA CSV: site name, address, city, state, postal code, phone, website, HRSA geocoding coordinates, county/FIPS, operating hours per week, site status, and location setting. Site status: Active. Location setting: School. Operational schedule: Unknown. Daily hours, services, price, insurance, and accessibility fields were not supplied by this intake.",BPS-H80-036919,Health Center Service Delivery and Look-Alike Sites,2026-06-24,2026-06-24,needs_review,
hrsa-bps-h80-041796,Breaktime,community_health_center,63 Franklin St,Boston,MA,25,Suffolk County,25025,02110-1301,42.35535630,-71.05863358,857-654-1000,,,,,,,,,,HRSA operating hours per week: 8.00,unknown,,,,,,,,,HRSA Health Center Service Delivery and Look-Alike Sites,https://data.hrsa.gov/DataDownload/DD_Files/Health_Center_Service_Delivery_and_LookAlike_Sites.csv,2026-06-24,"Fields copied from the official HRSA CSV: site name, address, city, state, postal code, phone, website, HRSA geocoding coordinates, county/FIPS, operating hours per week, site status, and location setting. Site status: Active. Location setting: All Other Clinic Types. Operational schedule: Unknown. Daily hours, services, price, insurance, and accessibility fields were not supplied by this intake.",BPS-H80-041796,Health Center Service Delivery and Look-Alike Sites,2026-06-24,2026-06-24,needs_review,
hrsa-bps-h80-000504,Salem Teen School Health Center,community_health_center,77 Willson St,Salem,MA,25,Essex County,25009,01970-2898,42.50626413,-70.91163092,978-740-1220,www.nschi.org,,,,,,,,,HRSA operating hours per week: 40.00,unknown,,,,,,,,,HRSA Health Center Service Delivery and Look-Alike Sites,https://data.hrsa.gov/DataDownload/DD_Files/Health_Center_Service_Delivery_and_LookAlike_Sites.csv,2026-06-24,"Fields copied from the official HRSA CSV: site name, address, city, state, postal code, phone, website, HRSA geocoding coordinates, county/FIPS, operating hours per week, site status, and location setting. Site status: Active. Location setting: School. Operational schedule: Full-Time. Daily hours, services, price, insurance, and accessibility fields were not supplied by this intake.",BPS-H80-000504,Health Center Service Delivery and Look-Alike Sites,2026-06-24,2026-06-24,needs_review,
hrsa-bps-h80-010997,Connery Elementary School - School Based Health Center,community_health_center,50 Elm St,Lynn,MA,25,Essex County,25009,01905-2475,42.46108869,-70.96266054,781-691-7159,,,,,,,,,,HRSA operating hours per week: 35.00,unknown,,,,,,,,,HRSA Health Center Service Delivery and Look-Alike Sites,https://data.hrsa.gov/DataDownload/DD_Files/Health_Center_Service_Delivery_and_LookAlike_Sites.csv,2026-06-24,"Fields copied from the official HRSA CSV: site name, address, city, state, postal code, phone, website, HRSA geocoding coordinates, county/FIPS, operating hours per week, site status, and location setting. Site status: Active. Location setting: School. Operational schedule: Full-Time. Daily hours, services, price, insurance, and accessibility fields were not supplied by this intake.",BPS-H80-010997,Health Center Service Delivery and Look-Alike Sites,2026-06-24,2026-06-24,needs_review,
hrsa-bps-h80-039678,North Quabbin Pharmacy,community_health_center,"119 New Athol Rd, Suite 140",Orange,MA,25,Franklin County,25011,01364-9603,42.58439403,-72.26419333,413-325-8500,www.chcfc.org,,,,,,,,,HRSA operating hours per week: 55.00,unknown,,,,,,,,,HRSA Health Center Service Delivery and Look-Alike Sites,https://data.hrsa.gov/DataDownload/DD_Files/Health_Center_Service_Delivery_and_LookAlike_Sites.csv,2026-06-24,"Fields copied from the official HRSA CSV: site name, address, city, state, postal code, phone, website, HRSA geocoding coordinates, county/FIPS, operating hours per week, site status, and location setting. Site status: Active. Location setting: All Other Clinic Types. Operational schedule: Unknown. Daily hours, services, price, insurance, and accessibility fields were not supplied by this intake.",BPS-H80-039678,Health Center Service Delivery and Look-Alike Sites,2026-06-24,2026-06-24,needs_review,
hrsa-bps-h80-012674,All Inclusive Support Services,community_health_center,736 State St,Springfield,MA,25,Hampden County,25013,01109-4110,42.11092923,-72.56756868,413-781-2050 x8300,,,,,,,,,,HRSA operating hours per week: 2.50,unknown,,,,,,,,,HRSA Health Center Service Delivery and Look-Alike Sites,https://data.hrsa.gov/DataDownload/DD_Files/Health_Center_Service_Delivery_and_LookAlike_Sites.csv,2026-06-24,"Fields copied from the official HRSA CSV: site name, address, city, state, postal code, phone, website, HRSA geocoding coordinates, county/FIPS, operating hours per week, site status, and location setting. Site status: Active. Location setting: All Other Clinic Types. Operational schedule: Part-Time. Daily hours, services, price, insurance, and accessibility fields were not supplied by this intake.",BPS-H80-012674,Health Center Service Delivery and Look-Alike Sites,2026-06-24,2026-06-24,needs_review,
hrsa-bps-h80-000724,Program for All-Inclusive Care for the Elderly (PACE) Site,community_health_center,9 Buffum St,Lynn,MA,25,Essex County,25009,01902-3965,42.46572740,-70.94398750,781-722-0040,http://www.lchcnet.org/AboutUs/,,,,,,,,,HRSA operating hours per week: 40.00,unknown,,,,,,,,,HRSA Health Center Service Delivery and Look-Alike Sites,https://data.hrsa.gov/DataDownload/DD_Files/Health_Center_Service_Delivery_and_LookAlike_Sites.csv,2026-06-24,"Fields copied from the official HRSA CSV: site name, address, city, state, postal code, phone, website, HRSA geocoding coordinates, county/FIPS, operating hours per week, site status, and location setting. Site status: Active. Location setting: All Other Clinic Types. Operational schedule: Full-Time. Daily hours, services, price, insurance, and accessibility fields were not supplied by this intake.",BPS-H80-000724,Health Center Service Delivery and Look-Alike Sites,2026-06-24,2026-06-24,needs_review,
hrsa-bps-h80-021542,Harwich Port Health Center,community_health_center,710 Route 28,Harwich Port,MA,25,Barnstable County,25001,02646-1931,41.67065824,-70.06030222,508-905-2800,www.outercape.org,,,,,,,,,HRSA operating hours per week: 60.00,unknown,,,,,,,,,HRSA Health Center Service Delivery and Look-Alike Sites,https://data.hrsa.gov/DataDownload/DD_Files/Health_Center_Service_Delivery_and_LookAlike_Sites.csv,2026-06-24,"Fields copied from the official HRSA CSV: site name, address, city, state, postal code, phone, website, HRSA geocoding coordinates, county/FIPS, operating hours per week, site status, and location setting. Site status: Active. Location setting: All Other Clinic Types. Operational schedule: Unknown. Daily hours, services, price, insurance, and accessibility fields were not supplied by this intake.",BPS-H80-021542,Health Center Service Delivery and Look-Alike Sites,2026-06-24,2026-06-24,needs_review,
hrsa-bps-h80-000734,The Family HealthCare Center at SSTAR,community_health_center,400 Stanley St,Fall River,MA,25,Bristol County,25005,02720-6009,41.71461856,-71.13546059,508-675-1054,www.sstar.org,,,,,,,,,HRSA operating hours per week: 54.50,unknown,,,,,,,,,HRSA Health Center Service Delivery and Look-Alike Sites,https://data.hrsa.gov/DataDownload/DD_Files/Health_Center_Service_Delivery_and_LookAlike_Sites.csv,2026-06-24,"Fields copied from the official HRSA CSV: site name, address, city, state, postal code, phone, website, HRSA geocoding coordinates, county/FIPS, operating hours per week, site status, and location setting. Site status: Active. Location setting: All Other Clinic Types. Operational schedule: Full-Time. Daily hours, services, price, insurance, and accessibility fields were not supplied by this intake.",BPS-H80-000734,Health Center Service Delivery and Look-Alike Sites,2026-06-24,2026-06-24,needs_review,
hrsa-bps-h80-022056,450 Washington Street,community_health_center,450 Washington St,Dorchester,MA,25,Suffolk County,25025,02124-1127,42.29588733,-71.07186114,617-825-9660,www.codman.org,,,,,,,,,,unknown,,,,,,,,,HRSA Health Center Service Delivery and Look-Alike Sites,https://data.hrsa.gov/DataDownload/DD_Files/Health_Center_Service_Delivery_and_LookAlike_Sites.csv,2026-06-24,"Fields copied from the official HRSA CSV: site name, address, city, state, postal code, phone, website, HRSA geocoding coordinates, county/FIPS, operating hours per week, site status, and location setting. Site status: Active. Location setting: Unknown. Operational schedule: Unknown. Daily hours, services, price, insurance, and accessibility fields were not supplied by this intake.",BPS-H80-022056,Health Center Service Delivery and Look-Alike Sites,2026-06-24,2026-06-24,needs_review,
hrsa-bps-h80-005961,LYNN ENGLISH HIGH SCHOOL,community_health_center,50 Goodridge St,Lynn,MA,25,Essex County,25009,01902-2627,42.47758008,-70.94445286,781-598-8128,https://lchcnet.org/aboutus,,,,,,,,,HRSA operating hours per week: 40.00,unknown,,,,,,,,,HRSA Health Center Service Delivery and Look-Alike Sites,https://data.hrsa.gov/DataDownload/DD_Files/Health_Center_Service_Delivery_and_LookAlike_Sites.csv,2026-06-24,"Fields copied from the official HRSA CSV: site name, address, city, state, postal code, phone, website, HRSA geocoding coordinates, county/FIPS, operating hours per week, site status, and location setting. Site status: Active. Location setting: School. Operational schedule: Part-Time. Daily hours, services, price, insurance, and accessibility fields were not supplied by this intake.",BPS-H80-005961,Health Center Service Delivery and Look-Alike Sites,2026-06-24,2026-06-24,needs_review,
hrsa-bps-h80-000963,GREATER NEW BEDFORD COMMUNITY HEALTH CENTER,community_health_center,874 Purchase St,New Bedford,MA,25,Bristol County,25005,02740-6232,41.63619563,-70.92564161,508-992-6553,www.gnbchc.org,,,,,,,,,HRSA operating hours per week: 60.00,unknown,,,,,,,,,HRSA Health Center Service Delivery and Look-Alike Sites,https://data.hrsa.gov/DataDownload/DD_Files/Health_Center_Service_Delivery_and_LookAlike_Sites.csv,2026-06-24,"Fields copied from the official HRSA CSV: site name, address, city, state, postal code, phone, website, HRSA geocoding coordinates, county/FIPS, operating hours per week, site status, and location setting. Site status: Active. Location setting: All Other Clinic Types. Operational schedule: Full-Time. Daily hours, services, price, insurance, and accessibility fields were not supplied by this intake.",BPS-H80-000963,Health Center Service Delivery and Look-Alike Sites,2026-06-24,2026-06-24,needs_review,
hrsa-bps-h80-019412,St. Anthony Shrine,community_health_center,100 Arch St,Boston,MA,25,Suffolk County,25025,02110-1111,42.35468868,-71.05858974,857-654-1800,,,,,,,,,,HRSA operating hours per week: 12.00,unknown,,,,,,,,,HRSA Health Center Service Delivery and Look-Alike Sites,https://data.hrsa.gov/DataDownload/DD_Files/Health_Center_Service_Delivery_and_LookAlike_Sites.csv,2026-06-24,"Fields copied from the official HRSA CSV: site name, address, city, state, postal code, phone, website, HRSA geocoding coordinates, county/FIPS, operating hours per week, site status, and location setting. Site status: Active. Location setting: All Other Clinic Types. Operational schedule: Unknown. Daily hours, services, price, insurance, and accessibility fields were not supplied by this intake.",BPS-H80-019412,Health Center Service Delivery and Look-Alike Sites,2026-06-24,2026-06-24,needs_review,
hrsa-bps-h80-014838,Greater Lawrence Family Health Center Administration,community_health_center,1 Griffin Brook Drive,Methuen,MA,25,Essex County,25009,01844-1865,42.69080065,-71.22991324,978-725-7400,www.glfhc.org,,,,,,,,,,unknown,,,,,,,,,HRSA Health Center Service Delivery and Look-Alike Sites,https://data.hrsa.gov/DataDownload/DD_Files/Health_Center_Service_Delivery_and_LookAlike_Sites.csv,2026-06-24,"Fields copied from the official HRSA CSV: site name, address, city, state, postal code, phone, website, HRSA geocoding coordinates, county/FIPS, operating hours per week, site status, and location setting. Site status: Active. Location setting: All Other Clinic Types. Operational schedule: Unknown. Daily hours, services, price, insurance, and accessibility fields were not supplied by this intake.",BPS-H80-014838,Health Center Service Delivery and Look-Alike Sites,2026-06-24,2026-06-24,needs_review,
hrsa-bps-h80-012122,Harbor Community Health Center - Hyannis,community_health_center,735 Attucks Ln,Hyannis,MA,25,Barnstable County,25001,02601-1867,41.67473855,-70.29770027,508-778-0300,http://www.hhsi.us,,,,,,,,,HRSA operating hours per week: 55.00,unknown,,,,,,,,,HRSA Health Center Service Delivery and Look-Alike Sites,https://data.hrsa.gov/DataDownload/DD_Files/Health_Center_Service_Delivery_and_LookAlike_Sites.csv,2026-06-24,"Fields copied from the official HRSA CSV: site name, address, city, state, postal code, phone, website, HRSA geocoding coordinates, county/FIPS, operating hours per week, site status, and location setting. Site status: Active. Location setting: All Other Clinic Types. Operational schedule: Full-Time. Daily hours, services, price, insurance, and accessibility fields were not supplied by this intake.",BPS-H80-012122,Health Center Service Delivery and Look-Alike Sites,2026-06-24,2026-06-24,needs_review,
hrsa-bps-h80-028182,"Lynn Vocational Technical High School, School Based Health Center, Annex",community_health_center,90 Commercial St,Lynn,MA,25,Essex County,25009,01905-2906,42.45971871,-70.95918054,781-477-7431,www.lchcnet.org/aboutus/,,,,,,,,,HRSA operating hours per week: 35.00,unknown,,,,,,,,,HRSA Health Center Service Delivery and Look-Alike Sites,https://data.hrsa.gov/DataDownload/DD_Files/Health_Center_Service_Delivery_and_LookAlike_Sites.csv,2026-06-24,"Fields copied from the official HRSA CSV: site name, address, city, state, postal code, phone, website, HRSA geocoding coordinates, county/FIPS, operating hours per week, site status, and location setting. Site status: Active. Location setting: School. Operational schedule: Unknown. Daily hours, services, price, insurance, and accessibility fields were not supplied by this intake.",BPS-H80-028182,Health Center Service Delivery and Look-Alike Sites,2026-06-24,2026-06-24,needs_review,
hrsa-bps-h80-021096,CHP Berkshire Pediatrics,community_health_center,777 North St,Pittsfield,MA,25,Berkshire County,25003,01201-4147,42.46062278,-73.24893996,413-499-8531,,,,,,,,,,HRSA operating hours per week: 47.50,unknown,,,,,,,,,HRSA Health Center Service Delivery and Look-Alike Sites,https://data.hrsa.gov/DataDownload/DD_Files/Health_Center_Service_Delivery_and_LookAlike_Sites.csv,2026-06-24,"Fields copied from the official HRSA CSV: site name, address, city, state, postal code, phone, website, HRSA geocoding coordinates, county/FIPS, operating hours per week, site status, and location setting. Site status: Active. Location setting: All Other Clinic Types. Operational schedule: Unknown. Daily hours, services, price, insurance, and accessibility fields were not supplied by this intake.",BPS-H80-021096,Health Center Service Delivery and Look-Alike Sites,2026-06-24,2026-06-24,needs_review,
hrsa-bps-h80-032852,Dimock Gatehouse Admin,community_health_center,30 Dimock Street,Roxbury,MA,25,Suffolk County,25025,02119-1210,42.31938318,-71.09628660,617-442-8800,,,,,,,,,,,unknown,,,,,,,,,HRSA Health Center Service Delivery and Look-Alike Sites,https://data.hrsa.gov/DataDownload/DD_Files/Health_Center_Service_Delivery_and_LookAlike_Sites.csv,2026-06-24,"Fields copied from the official HRSA CSV: site name, address, city, state, postal code, phone, website, HRSA geocoding coordinates, county/FIPS, operating hours per week, site status, and location setting. Site status: Active. Location setting: Unknown. Operational schedule: Unknown. Daily hours, services, price, insurance, and accessibility fields were not supplied by this intake.",BPS-H80-032852,Health Center Service Delivery and Look-Alike Sites,2026-06-24,2026-06-24,needs_review,
hrsa-bps-h80-006156,CLASSICAL HIGH SCHOOL,community_health_center,235 Ocallaghan Way,Lynn,MA,25,Essex County,25009,01905-1500,42.46524871,-70.98528053,781-592-8634,https://lchcnet.org/aboutus,,,,,,,,,HRSA operating hours per week: 40.00,unknown,,,,,,,,,HRSA Health Center Service Delivery and Look-Alike Sites,https://data.hrsa.gov/DataDownload/DD_Files/Health_Center_Service_Delivery_and_LookAlike_Sites.csv,2026-06-24,"Fields copied from the official HRSA CSV: site name, address, city, state, postal code, phone, website, HRSA geocoding coordinates, county/FIPS, operating hours per week, site status, and location setting. Site status: Active. Location setting: School. Operational schedule: Part-Time. Daily hours, services, price, insurance, and accessibility fields were not supplied by this intake.",BPS-H80-006156,Health Center Service Delivery and Look-Alike Sites,2026-06-24,2026-06-24,needs_review,
hrsa-bps-h80-001566,GREATER GARDNER COMMUNITY HEALTH CENTER,community_health_center,175 Connors St,Gardner,MA,25,Worcester County,25027,01440-2637,42.57306869,-71.99713089,978-410-6100,www.chcfhc.org,,,,,,,,,HRSA operating hours per week: 54.00,unknown,,,,,,,,,HRSA Health Center Service Delivery and Look-Alike Sites,https://data.hrsa.gov/DataDownload/DD_Files/Health_Center_Service_Delivery_and_LookAlike_Sites.csv,2026-06-24,"Fields copied from the official HRSA CSV: site name, address, city, state, postal code, phone, website, HRSA geocoding coordinates, county/FIPS, operating hours per week, site status, and location setting. Site status: Active. Location setting: All Other Clinic Types. Operational schedule: Full-Time. Daily hours, services, price, insurance, and accessibility fields were not supplied by this intake.",BPS-H80-001566,Health Center Service Delivery and Look-Alike Sites,2026-06-24,2026-06-24,needs_review,
hrsa-bps-h80-001656,NORTH END WATERFRONT HEALTH,community_health_center,332 Hanover St,Boston,MA,25,Suffolk County,25025,02113-1901,42.36471528,-71.05371147,617-643-8085,www.northendwaterfronthealth.org,,,,,,,,,HRSA operating hours per week: 56.50,unknown,,,,,,,,,HRSA Health Center Service Delivery and Look-Alike Sites,https://data.hrsa.gov/DataDownload/DD_Files/Health_Center_Service_Delivery_and_LookAlike_Sites.csv,2026-06-24,"Fields copied from the official HRSA CSV: site name, address, city, state, postal code, phone, website, HRSA geocoding coordinates, county/FIPS, operating hours per week, site status, and location setting. Site status: Active. Location setting: All Other Clinic Types. Operational schedule: Full-Time. Daily hours, services, price, insurance, and accessibility fields were not supplied by this intake.",BPS-H80-001656,Health Center Service Delivery and Look-Alike Sites,2026-06-24,2026-06-24,needs_review,
hrsa-bps-h80-001657,155 Addison Street,community_health_center,155 Addison St,East Boston,MA,25,Suffolk County,25025,02128-1121,42.38497501,-71.01523804,617-569-5800,www.ebnhc.org,,,,,,,,,HRSA operating hours per week: 45.00,unknown,,,,,,,,,HRSA Health Center Service Delivery and Look-Alike Sites,https://data.hrsa.gov/DataDownload/DD_Files/Health_Center_Service_Delivery_and_LookAlike_Sites.csv,2026-06-24,"Fields copied from the official HRSA CSV: site name, address, city, state, postal code, phone, website, HRSA geocoding coordinates, county/FIPS, operating hours per week, site status, and location setting. Site status: Active. Location setting: All Other Clinic Types. Operational schedule: Full-Time. Daily hours, services, price, insurance, and accessibility fields were not supplied by this intake.",BPS-H80-001657,Health Center Service Delivery and Look-Alike Sites,2026-06-24,2026-06-24,needs_review,
hrsa-bps-h80-035548,Community Health Center of Franklin County,community_health_center,102 Main St,Greenfield,MA,25,Franklin County,25011,01301-3275,42.58793077,-72.60553552,413-325-8500,www.chcfc.org,,,,,,,,,HRSA operating hours per week: 66.00,unknown,,,,,,,,,HRSA Health Center Service Delivery and Look-Alike Sites,https://data.hrsa.gov/DataDownload/DD_Files/Health_Center_Service_Delivery_and_LookAlike_Sites.csv,2026-06-24,"Fields copied from the official HRSA CSV: site name, address, city, state, postal code, phone, website, HRSA geocoding coordinates, county/FIPS, operating hours per week, site status, and location setting. Site status: Active. Location setting: All Other Clinic Types. Operational schedule: Unknown. Daily hours, services, price, insurance, and accessibility fields were not supplied by this intake.",BPS-H80-035548,Health Center Service Delivery and Look-Alike Sites,2026-06-24,2026-06-24,needs_review,
hrsa-bps-h80-010208,Lawrence High School,community_health_center,70-71 N Parish Rd,Lawrence,MA,25,Essex County,25009,01843-2914,42.69125001,-71.14498998,978-725-7400,,,,,,,,,,HRSA operating hours per week: 40.00,unknown,,,,,,,,,HRSA Health Center Service Delivery and Look-Alike Sites,https://data.hrsa.gov/DataDownload/DD_Files/Health_Center_Service_Delivery_and_LookAlike_Sites.csv,2026-06-24,"Fields copied from the official HRSA CSV: site name, address, city, state, postal code, phone, website, HRSA geocoding coordinates, county/FIPS, operating hours per week, site status, and location setting. Site status: Active. Location setting: School. Operational schedule: Full-Time. Daily hours, services, price, insurance, and accessibility fields were not supplied by this intake.",BPS-H80-010208,Health Center Service Delivery and Look-Alike Sites,2026-06-24,2026-06-24,needs_review,
hrsa-bps-h80-033564,BNHC Commercial Street site,community_health_center,103 Commercial St,Brockton,MA,25,Plymouth County,25023,02302-3133,42.08281784,-71.01578797,508-559-6699,www.bnhc.org,,,,,,,,,,unknown,,,,,,,,,HRSA Health Center Service Delivery and Look-Alike Sites,https://data.hrsa.gov/DataDownload/DD_Files/Health_Center_Service_Delivery_and_LookAlike_Sites.csv,2026-06-24,"Fields copied from the official HRSA CSV: site name, address, city, state, postal code, phone, website, HRSA geocoding coordinates, county/FIPS, operating hours per week, site status, and location setting. Site status: Active. Location setting: Unknown. Operational schedule: Unknown. Daily hours, services, price, insurance, and accessibility fields were not supplied by this intake.",BPS-H80-033564,Health Center Service Delivery and Look-Alike Sites,2026-06-24,2026-06-24,needs_review,
hrsa-bps-h80-001950,NORRBACK AVENUE SCHOOL HLTH CTR,community_health_center,44 Malden St,Worcester,MA,25,Worcester County,25027,01606-1006,42.32720865,-71.79432085,508-852-7535,www.kennedychc.org,,,,,,,,,HRSA operating hours per week: 4.00,unknown,,,,,,,,,HRSA Health Center Service Delivery and Look-Alike Sites,https://data.hrsa.gov/DataDownload/DD_Files/Health_Center_Service_Delivery_and_LookAlike_Sites.csv,2026-06-24,"Fields copied from the official HRSA CSV: site name, address, city, state, postal code, phone, website, HRSA geocoding coordinates, county/FIPS, operating hours per week, site status, and location setting. Site status: Active. Location setting: School. Operational schedule: Full-Time. Daily hours, services, price, insurance, and accessibility fields were not supplied by this intake.",BPS-H80-001950,Health Center Service Delivery and Look-Alike Sites,2026-06-24,2026-06-24,needs_review,
hrsa-bps-h80-011086,CHP Lee Family Practice,community_health_center,11 Quarry Hill Road,Lee,MA,25,Berkshire County,25003,01238-9645,42.28199101,-73.25271852,413-243-0536,https://www.chpberkshires.org/,,,,,,,,,HRSA operating hours per week: 45.00,unknown,,,,,,,,,HRSA Health Center Service Delivery and Look-Alike Sites,https://data.hrsa.gov/DataDownload/DD_Files/Health_Center_Service_Delivery_and_LookAlike_Sites.csv,2026-06-24,"Fields copied from the official HRSA CSV: site name, address, city, state, postal code, phone, website, HRSA geocoding coordinates, county/FIPS, operating hours per week, site status, and location setting. Site status: Active. Location setting: All Other Clinic Types. Operational schedule: Full-Time. Daily hours, services, price, insurance, and accessibility fields were not supplied by this intake.",BPS-H80-011086,Health Center Service Delivery and Look-Alike Sites,2026-06-24,2026-06-24,needs_review,
hrsa-bps-h80-034300,Leominster Community Health and Urgent Care Center,community_health_center,165 Mill St,Leominster,MA,25,Worcester County,25027,01453-3592,42.53200110,-71.74754136,978-878-8510,,,,,,,,,,HRSA operating hours per week: 68.00,unknown,,,,,,,,,HRSA Health Center Service Delivery and Look-Alike Sites,https://data.hrsa.gov/DataDownload/DD_Files/Health_Center_Service_Delivery_and_LookAlike_Sites.csv,2026-06-24,"Fields copied from the official HRSA CSV: site name, address, city, state, postal code, phone, website, HRSA geocoding coordinates, county/FIPS, operating hours per week, site status, and location setting. Site status: Active. Location setting: All Other Clinic Types. Operational schedule: Unknown. Daily hours, services, price, insurance, and accessibility fields were not supplied by this intake.",BPS-H80-034300,Health Center Service Delivery and Look-Alike Sites,2026-06-24,2026-06-24,needs_review,
hrsa-bps-h80-033689,BHCHP Family Care Clinic,community_health_center,1785 Columbus Avenue,Roxbury,MA,25,Suffolk County,25025,02119-1041,42.31994414,-71.09843270,857-654-6610,,,,,,,,,,HRSA operating hours per week: 48.00,unknown,,,,,,,,,HRSA Health Center Service Delivery and Look-Alike Sites,https://data.hrsa.gov/DataDownload/DD_Files/Health_Center_Service_Delivery_and_LookAlike_Sites.csv,2026-06-24,"Fields copied from the official HRSA CSV: site name, address, city, state, postal code, phone, website, HRSA geocoding coordinates, county/FIPS, operating hours per week, site status, and location setting. Site status: Active. Location setting: All Other Clinic Types. Operational schedule: Unknown. Daily hours, services, price, insurance, and accessibility fields were not supplied by this intake.",BPS-H80-033689,Health Center Service Delivery and Look-Alike Sites,2026-06-24,2026-06-24,needs_review,
hrsa-bps-h80-028040,"William R Fallon Elementary School, School Based Health Center",community_health_center,100 Robinson St,Lynn,MA,25,Essex County,25009,01905-1816,42.46877871,-70.97059057,781-477-7470,,,,,,,,,,HRSA operating hours per week: 35.00,unknown,,,,,,,,,HRSA Health Center Service Delivery and Look-Alike Sites,https://data.hrsa.gov/DataDownload/DD_Files/Health_Center_Service_Delivery_and_LookAlike_Sites.csv,2026-06-24,"Fields copied from the official HRSA CSV: site name, address, city, state, postal code, phone, website, HRSA geocoding coordinates, county/FIPS, operating hours per week, site status, and location setting. Site status: Active. Location setting: School. Operational schedule: Unknown. Daily hours, services, price, insurance, and accessibility fields were not supplied by this intake.",BPS-H80-028040,Health Center Service Delivery and Look-Alike Sites,2026-06-24,2026-06-24,needs_review,
hrsa-bps-h80-040107,Kraft Care in Reach Mobile Van,community_health_center,161 Jackson St,Lowell,MA,25,Middlesex County,25017,01852-2103,42.64223871,-71.31038069,978-937-9700,,,,,,,,,,HRSA operating hours per week: 24.00,unknown,,,,,,,,,HRSA Health Center Service Delivery and Look-Alike Sites,https://data.hrsa.gov/DataDownload/DD_Files/Health_Center_Service_Delivery_and_LookAlike_Sites.csv,2026-06-24,"Fields copied from the official HRSA CSV: site name, address, city, state, postal code, phone, website, HRSA geocoding coordinates, county/FIPS, operating hours per week, site status, and location setting. Site status: Active. Location setting: All Other Clinic Types. Operational schedule: Unknown. Daily hours, services, price, insurance, and accessibility fields were not supplied by this intake.",BPS-H80-040107,Health Center Service Delivery and Look-Alike Sites,2026-06-24,2026-06-24,needs_review,
hrsa-bps-h80-002572,SALEM FAMILY HEALTH CENTER,community_health_center,47 Congress St,Salem,MA,25,Essex County,25009,01970-7308,42.51676871,-70.88673055,978-744-8388,www.nschi.org,,,,,,,,,HRSA operating hours per week: 49.50,unknown,,,,,,,,,HRSA Health Center Service Delivery and Look-Alike Sites,https://data.hrsa.gov/DataDownload/DD_Files/Health_Center_Service_Delivery_and_LookAlike_Sites.csv,2026-06-24,"Fields copied from the official HRSA CSV: site name, address, city, state, postal code, phone, website, HRSA geocoding coordinates, county/FIPS, operating hours per week, site status, and location setting. Site status: Active. Location setting: All Other Clinic Types. Operational schedule: Full-Time. Daily hours, services, price, insurance, and accessibility fields were not supplied by this intake.",BPS-H80-002572,Health Center Service Delivery and Look-Alike Sites,2026-06-24,2026-06-24,needs_review,
hrsa-bps-h80-039171,LCHC Medical Outreach Program,community_health_center,269 Union St,Lynn,MA,25,Essex County,25009,01901-1314,42.46525868,-70.94363051,781-581-3900,,,,,,,,,,HRSA operating hours per week: 20.00,unknown,,,,,,,,,HRSA Health Center Service Delivery and Look-Alike Sites,https://data.hrsa.gov/DataDownload/DD_Files/Health_Center_Service_Delivery_and_LookAlike_Sites.csv,2026-06-24,"Fields copied from the official HRSA CSV: site name, address, city, state, postal code, phone, website, HRSA geocoding coordinates, county/FIPS, operating hours per week, site status, and location setting. Site status: Active. Location setting: All Other Clinic Types. Operational schedule: Unknown. Daily hours, services, price, insurance, and accessibility fields were not supplied by this intake.",BPS-H80-039171,Health Center Service Delivery and Look-Alike Sites,2026-06-24,2026-06-24,needs_review,
hrsa-bps-h80-032066,Manet Attleboro,community_health_center,8 N Main St,Attleboro,MA,25,Bristol County,25005,02703-2282,41.94454460,-71.28448170,508-205-4600,www.manetchc.org,,,,,,,,,HRSA operating hours per week: 51.00,unknown,,,,,,,,,HRSA Health Center Service Delivery and Look-Alike Sites,https://data.hrsa.gov/DataDownload/DD_Files/Health_Center_Service_Delivery_and_LookAlike_Sites.csv,2026-06-24,"Fields copied from the official HRSA CSV: site name, address, city, state, postal code, phone, website, HRSA geocoding coordinates, county/FIPS, operating hours per week, site status, and location setting. Site status: Active. Location setting: All Other Clinic Types. Operational schedule: Unknown. Daily hours, services, price, insurance, and accessibility fields were not supplied by this intake.",BPS-H80-032066,Health Center Service Delivery and Look-Alike Sites,2026-06-24,2026-06-24,needs_review,
hrsa-bps-h80-006631,EMPath,community_health_center,10 Perthshire Rd,Brighton,MA,25,Suffolk County,25025,02135-1798,42.35322269,-71.16610902,617-782-7600,,,,,,,,,,HRSA operating hours per week: 21.00,unknown,,,,,,,,,HRSA Health Center Service Delivery and Look-Alike Sites,https://data.hrsa.gov/DataDownload/DD_Files/Health_Center_Service_Delivery_and_LookAlike_Sites.csv,2026-06-24,"Fields copied from the official HRSA CSV: site name, address, city, state, postal code, phone, website, HRSA geocoding coordinates, county/FIPS, operating hours per week, site status, and location setting. Site status: Active. Location setting: All Other Clinic Types. Operational schedule: Part-Time. Daily hours, services, price, insurance, and accessibility fields were not supplied by this intake.",BPS-H80-006631,Health Center Service Delivery and Look-Alike Sites,2026-06-24,2026-06-24,needs_review,
hrsa-bps-h80-014396,Peabody Veteran Memorial High School SBHC,community_health_center,485 Lowell St,Peabody,MA,25,Essex County,25009,01960-1392,42.54417870,-70.97495059,978-744-8388,,,,,,,,,,HRSA operating hours per week: 40.00,unknown,,,,,,,,,HRSA Health Center Service Delivery and Look-Alike Sites,https://data.hrsa.gov/DataDownload/DD_Files/Health_Center_Service_Delivery_and_LookAlike_Sites.csv,2026-06-24,"Fields copied from the official HRSA CSV: site name, address, city, state, postal code, phone, website, HRSA geocoding coordinates, county/FIPS, operating hours per week, site status, and location setting. Site status: Active. Location setting: School. Operational schedule: Unknown. Daily hours, services, price, insurance, and accessibility fields were not supplied by this intake.",BPS-H80-014396,Health Center Service Delivery and Look-Alike Sites,2026-06-24,2026-06-24,needs_review,
hrsa-bps-h80-011113,GLFHC at Lawrence General Hospital,community_health_center,1 General St,Lawrence,MA,25,Essex County,25009,01841-2997,42.70963362,-71.14926106,978-725-7400,www.glfhc.org,,,,,,,,,HRSA operating hours per week: 44.00,unknown,,,,,,,,,HRSA Health Center Service Delivery and Look-Alike Sites,https://data.hrsa.gov/DataDownload/DD_Files/Health_Center_Service_Delivery_and_LookAlike_Sites.csv,2026-06-24,"Fields copied from the official HRSA CSV: site name, address, city, state, postal code, phone, website, HRSA geocoding coordinates, county/FIPS, operating hours per week, site status, and location setting. Site status: Active. Location setting: Hospital. Operational schedule: Full-Time. Daily hours, services, price, insurance, and accessibility fields were not supplied by this intake.",BPS-H80-011113,Health Center Service Delivery and Look-Alike Sites,2026-06-24,2026-06-24,needs_review,
hrsa-bps-h80-006796,Sullivan Health Center,community_health_center,140 Apricot St,Worcester,MA,25,Worcester County,25027,01603-1264,42.24365001,-71.86070996,508-757-5350,http://www.fhcw.org,,,,,,,,,HRSA operating hours per week: 40.00,unknown,,,,,,,,,HRSA Health Center Service Delivery and Look-Alike Sites,https://data.hrsa.gov/DataDownload/DD_Files/Health_Center_Service_Delivery_and_LookAlike_Sites.csv,2026-06-24,"Fields copied from the official HRSA CSV: site name, address, city, state, postal code, phone, website, HRSA geocoding coordinates, county/FIPS, operating hours per week, site status, and location setting. Site status: Active. Location setting: School. Operational schedule: Part-Time. Daily hours, services, price, insurance, and accessibility fields were not supplied by this intake.",BPS-H80-006796,Health Center Service Delivery and Look-Alike Sites,2026-06-24,2026-06-24,needs_review,
hrsa-bps-h80-029660,Fecteau - Leary Junior / Senior High School,community_health_center,33 N Common St,Lynn,MA,25,Essex County,25009,01902-4311,42.46471868,-70.95503057,781-268-3007,,,,,,,,,,HRSA operating hours per week: 4.00,unknown,,,,,,,,,HRSA Health Center Service Delivery and Look-Alike Sites,https://data.hrsa.gov/DataDownload/DD_Files/Health_Center_Service_Delivery_and_LookAlike_Sites.csv,2026-06-24,"Fields copied from the official HRSA CSV: site name, address, city, state, postal code, phone, website, HRSA geocoding coordinates, county/FIPS, operating hours per week, site status, and location setting. Site status: Active. Location setting: School. Operational schedule: Unknown. Daily hours, services, price, insurance, and accessibility fields were not supplied by this intake.",BPS-H80-029660,Health Center Service Delivery and Look-Alike Sites,2026-06-24,2026-06-24,needs_review,
hrsa-bps-h80-040711,Mobile Health Unit 2025,community_health_center,8 Burnham St,Turners Falls,MA,25,Franklin County,25011,01376-1832,42.58930955,-72.57416952,413-325-8500,www.chcfc.org,,,,,,,,,HRSA operating hours per week: 21.00,unknown,,,,,,,,,HRSA Health Center Service Delivery and Look-Alike Sites,https://data.hrsa.gov/DataDownload/DD_Files/Health_Center_Service_Delivery_and_LookAlike_Sites.csv,2026-06-24,"Fields copied from the official HRSA CSV: site name, address, city, state, postal code, phone, website, HRSA geocoding coordinates, county/FIPS, operating hours per week, site status, and location setting. Site status: Active. Location setting: All Other Clinic Types. Operational schedule: Unknown. Daily hours, services, price, insurance, and accessibility fields were not supplied by this intake.",BPS-H80-040711,Health Center Service Delivery and Look-Alike Sites,2026-06-24,2026-06-24,needs_review,
hrsa-bps-h80-008168,Codman Square Health Center,community_health_center,637 Washington St,Dorchester Center,MA,25,Suffolk County,25025,02124-3510,42.28938716,-71.07141848,617-825-9660,www.codman.org,,,,,,,,,HRSA operating hours per week: 68.50,unknown,,,,,,,,,HRSA Health Center Service Delivery and Look-Alike Sites,https://data.hrsa.gov/DataDownload/DD_Files/Health_Center_Service_Delivery_and_LookAlike_Sites.csv,2026-06-24,"Fields copied from the official HRSA CSV: site name, address, city, state, postal code, phone, website, HRSA geocoding coordinates, county/FIPS, operating hours per week, site status, and location setting. Site status: Active. Location setting: All Other Clinic Types. Operational schedule: Full-Time. Daily hours, services, price, insurance, and accessibility fields were not supplied by this intake.",BPS-H80-008168,Health Center Service Delivery and Look-Alike Sites,2026-06-24,2026-06-24,needs_review,
hrsa-bps-h80-003498,CHICOPEE HEALTH CENTER,community_health_center,505 Front St,Chicopee,MA,25,Hampden County,25013,01013-3140,42.14870857,-72.59757103,413-420-2222,www.hhcinc.org,,,,,,,,,HRSA operating hours per week: 47.00,unknown,,,,,,,,,HRSA Health Center Service Delivery and Look-Alike Sites,https://data.hrsa.gov/DataDownload/DD_Files/Health_Center_Service_Delivery_and_LookAlike_Sites.csv,2026-06-24,"Fields copied from the official HRSA CSV: site name, address, city, state, postal code, phone, website, HRSA geocoding coordinates, county/FIPS, operating hours per week, site status, and location setting. Site status: Active. Location setting: All Other Clinic Types. Operational schedule: Full-Time. Daily hours, services, price, insurance, and accessibility fields were not supplied by this intake.",BPS-H80-003498,Health Center Service Delivery and Look-Alike Sites,2026-06-24,2026-06-24,needs_review,
hrsa-bps-h80-027577,SSTAR's South End Services,community_health_center,1010 S Main St,Fall River,MA,25,Bristol County,25005,02724-2855,41.69078852,-71.16515055,508-675-1054,www.sstar.org,,,,,,,,,HRSA operating hours per week: 66.00,unknown,,,,,,,,,HRSA Health Center Service Delivery and Look-Alike Sites,https://data.hrsa.gov/DataDownload/DD_Files/Health_Center_Service_Delivery_and_LookAlike_Sites.csv,2026-06-24,"Fields copied from the official HRSA CSV: site name, address, city, state, postal code, phone, website, HRSA geocoding coordinates, county/FIPS, operating hours per week, site status, and location setting. Site status: Active. Location setting: All Other Clinic Types. Operational schedule: Unknown. Daily hours, services, price, insurance, and accessibility fields were not supplied by this intake.",BPS-H80-027577,Health Center Service Delivery and Look-Alike Sites,2026-06-24,2026-06-24,needs_review,
hrsa-bps-h80-003709,WORCESTER CNTY HOUSE CORRECTION-Infirmary,community_health_center,5 Paul X Tivnan Dr,West Boylston,MA,25,Worcester County,25027,01583-2191,42.32219862,-71.76859084,508-854-1800,www.kennedychc.org,,,,,,,,,HRSA operating hours per week: 10.00,unknown,,,,,,,,,HRSA Health Center Service Delivery and Look-Alike Sites,https://data.hrsa.gov/DataDownload/DD_Files/Health_Center_Service_Delivery_and_LookAlike_Sites.csv,2026-06-24,"Fields copied from the official HRSA CSV: site name, address, city, state, postal code, phone, website, HRSA geocoding coordinates, county/FIPS, operating hours per week, site status, and location setting. Site status: Active. Location setting: Correctional Facility. Operational schedule: Full-Time. Daily hours, services, price, insurance, and accessibility fields were not supplied by this intake.",BPS-H80-003709,Health Center Service Delivery and Look-Alike Sites,2026-06-24,2026-06-24,needs_review,
hrsa-bps-h80-040352,Element Care PACE  -  Chestnut Hill Ave/Brighton,community_health_center,130 Chestnut Hill Avenue,Brighton,MA,25,Suffolk County,25025,02135-4731,42.34348455,-71.15339167,857-299-0371,,,,,,,,,,HRSA operating hours per week: 40.00,unknown,,,,,,,,,HRSA Health Center Service Delivery and Look-Alike Sites,https://data.hrsa.gov/DataDownload/DD_Files/Health_Center_Service_Delivery_and_LookAlike_Sites.csv,2026-06-24,"Fields copied from the official HRSA CSV: site name, address, city, state, postal code, phone, website, HRSA geocoding coordinates, county/FIPS, operating hours per week, site status, and location setting. Site status: Active. Location setting: All Other Clinic Types. Operational schedule: Unknown. Daily hours, services, price, insurance, and accessibility fields were not supplied by this intake.",BPS-H80-040352,Health Center Service Delivery and Look-Alike Sites,2026-06-24,2026-06-24,needs_review,
hrsa-bps-h80-027183,LifeBridge,community_health_center,56 Margin St,Salem,MA,25,Essex County,25009,01970-3341,42.51826936,-70.89664701,978-744-8388 x97882,,,,,,,,,,HRSA operating hours per week: 4.00,unknown,,,,,,,,,HRSA Health Center Service Delivery and Look-Alike Sites,https://data.hrsa.gov/DataDownload/DD_Files/Health_Center_Service_Delivery_and_LookAlike_Sites.csv,2026-06-24,"Fields copied from the official HRSA CSV: site name, address, city, state, postal code, phone, website, HRSA geocoding coordinates, county/FIPS, operating hours per week, site status, and location setting. Site status: Active. Location setting: All Other Clinic Types. Operational schedule: Unknown. Daily hours, services, price, insurance, and accessibility fields were not supplied by this intake.",BPS-H80-027183,Health Center Service Delivery and Look-Alike Sites,2026-06-24,2026-06-24,needs_review,
hrsa-bps-h80-014699,New Health at Charlestown High,community_health_center,240 Medford St,Charlestown,MA,25,Suffolk County,25025,02129-1996,42.38010999,-71.06107003,617-241-0236,www.northendwaterfronthealth.org,,,,,,,,,HRSA operating hours per week: 40.00,unknown,,,,,,,,,HRSA Health Center Service Delivery and Look-Alike Sites,https://data.hrsa.gov/DataDownload/DD_Files/Health_Center_Service_Delivery_and_LookAlike_Sites.csv,2026-06-24,"Fields copied from the official HRSA CSV: site name, address, city, state, postal code, phone, website, HRSA geocoding coordinates, county/FIPS, operating hours per week, site status, and location setting. Site status: Active. Location setting: School. Operational schedule: Unknown. Daily hours, services, price, insurance, and accessibility fields were not supplied by this intake.",BPS-H80-014699,Health Center Service Delivery and Look-Alike Sites,2026-06-24,2026-06-24,needs_review,
hrsa-bps-h80-020897,Bates Elementary School,community_health_center,53 Liberty Hill Ave,Salem,MA,25,Essex County,25009,01970-1621,42.53455087,-70.90577709,978-740-8388,www.nschi.org,,,,,,,,,HRSA operating hours per week: 17.00,unknown,,,,,,,,,HRSA Health Center Service Delivery and Look-Alike Sites,https://data.hrsa.gov/DataDownload/DD_Files/Health_Center_Service_Delivery_and_LookAlike_Sites.csv,2026-06-24,"Fields copied from the official HRSA CSV: site name, address, city, state, postal code, phone, website, HRSA geocoding coordinates, county/FIPS, operating hours per week, site status, and location setting. Site status: Active. Location setting: School. Operational schedule: Unknown. Daily hours, services, price, insurance, and accessibility fields were not supplied by this intake.",BPS-H80-020897,Health Center Service Delivery and Look-Alike Sites,2026-06-24,2026-06-24,needs_review,
hrsa-bps-h80-004068,LYNN COMMUNITY HLTH CTR - WIC,community_health_center,85 Main St,Peabody,MA,25,Essex County,25009,01960-5562,42.52393414,-70.92409062,978-531-0871,https://lchcnet.org/aboutus/,,,,,,,,,HRSA operating hours per week: 40.00,unknown,,,,,,,,,HRSA Health Center Service Delivery and Look-Alike Sites,https://data.hrsa.gov/DataDownload/DD_Files/Health_Center_Service_Delivery_and_LookAlike_Sites.csv,2026-06-24,"Fields copied from the official HRSA CSV: site name, address, city, state, postal code, phone, website, HRSA geocoding coordinates, county/FIPS, operating hours per week, site status, and location setting. Site status: Active. Location setting: All Other Clinic Types. Operational schedule: Full-Time. Daily hours, services, price, insurance, and accessibility fields were not supplied by this intake.",BPS-H80-004068,Health Center Service Delivery and Look-Alike Sites,2026-06-24,2026-06-24,needs_review,
hrsa-bps-h80-038119,SCCHC Pharmacy,community_health_center,256 Harrison Ave,Boston,MA,25,Suffolk County,25025,02111-1835,42.34771364,-71.06266988,617-482-7419,,,,,,,,,,HRSA operating hours per week: 59.00,unknown,,,,,,,,,HRSA Health Center Service Delivery and Look-Alike Sites,https://data.hrsa.gov/DataDownload/DD_Files/Health_Center_Service_Delivery_and_LookAlike_Sites.csv,2026-06-24,"Fields copied from the official HRSA CSV: site name, address, city, state, postal code, phone, website, HRSA geocoding coordinates, county/FIPS, operating hours per week, site status, and location setting. Site status: Active. Location setting: All Other Clinic Types. Operational schedule: Unknown. Daily hours, services, price, insurance, and accessibility fields were not supplied by this intake.",BPS-H80-038119,Health Center Service Delivery and Look-Alike Sites,2026-06-24,2026-06-24,needs_review,
hrsa-bps-h80-040047,BNHC Manley Street site,community_health_center,124 Manley Street,Brockton,MA,25,Plymouth County,25023,02301-5509,42.06035484,-71.05804978,508-559-6699,,,,,,,,,,HRSA operating hours per week: 40.00,unknown,,,,,,,,,HRSA Health Center Service Delivery and Look-Alike Sites,https://data.hrsa.gov/DataDownload/DD_Files/Health_Center_Service_Delivery_and_LookAlike_Sites.csv,2026-06-24,"Fields copied from the official HRSA CSV: site name, address, city, state, postal code, phone, website, HRSA geocoding coordinates, county/FIPS, operating hours per week, site status, and location setting. Site status: Active. Location setting: All Other Clinic Types. Operational schedule: Unknown. Daily hours, services, price, insurance, and accessibility fields were not supplied by this intake.",BPS-H80-040047,Health Center Service Delivery and Look-Alike Sites,2026-06-24,2026-06-24,needs_review,
hrsa-bps-h80-004506,151 Orleans Street,community_health_center,151 Orleans St,Boston,MA,25,Suffolk County,25025,02128-2126,42.37078634,-71.03491816,617-569-5800,www.ebnhc.org,,,,,,,,,HRSA operating hours per week: 40.00,unknown,,,,,,,,,HRSA Health Center Service Delivery and Look-Alike Sites,https://data.hrsa.gov/DataDownload/DD_Files/Health_Center_Service_Delivery_and_LookAlike_Sites.csv,2026-06-24,"Fields copied from the official HRSA CSV: site name, address, city, state, postal code, phone, website, HRSA geocoding coordinates, county/FIPS, operating hours per week, site status, and location setting. Site status: Active. Location setting: All Other Clinic Types. Operational schedule: Full-Time. Daily hours, services, price, insurance, and accessibility fields were not supplied by this intake.",BPS-H80-004506,Health Center Service Delivery and Look-Alike Sites,2026-06-24,2026-06-24,needs_review,
hrsa-bps-h80-016935,Young Achievers Science and Math Pilot School,community_health_center,20 Outlook Rd,Mattapan,MA,25,Suffolk County,25025,02126-1510,42.28232331,-71.09500291,857-267-4168,,,,,,,,,,HRSA operating hours per week: 16.00,unknown,,,,,,,,,HRSA Health Center Service Delivery and Look-Alike Sites,https://data.hrsa.gov/DataDownload/DD_Files/Health_Center_Service_Delivery_and_LookAlike_Sites.csv,2026-06-24,"Fields copied from the official HRSA CSV: site name, address, city, state, postal code, phone, website, HRSA geocoding coordinates, county/FIPS, operating hours per week, site status, and location setting. Site status: Active. Location setting: School. Operational schedule: Unknown. Daily hours, services, price, insurance, and accessibility fields were not supplied by this intake.",BPS-H80-016935,Health Center Service Delivery and Look-Alike Sites,2026-06-24,2026-06-24,needs_review,
hrsa-bps-h80-007186,Entre Familia,community_health_center,209 River St,Mattapan,MA,25,Suffolk County,25025,02126-2727,42.27382440,-71.08133295,617-536-7969,,,,,,,,,,HRSA operating hours per week: 17.50,unknown,,,,,,,,,HRSA Health Center Service Delivery and Look-Alike Sites,https://data.hrsa.gov/DataDownload/DD_Files/Health_Center_Service_Delivery_and_LookAlike_Sites.csv,2026-06-24,"Fields copied from the official HRSA CSV: site name, address, city, state, postal code, phone, website, HRSA geocoding coordinates, county/FIPS, operating hours per week, site status, and location setting. Site status: Active. Location setting: All Other Clinic Types. Operational schedule: Part-Time. Daily hours, services, price, insurance, and accessibility fields were not supplied by this intake.",BPS-H80-007186,Health Center Service Delivery and Look-Alike Sites,2026-06-24,2026-06-24,needs_review,
hrsa-bps-h80-004606,Codman Square WIC,community_health_center,637 Washington St,Dorchester Center,MA,25,Suffolk County,25025,02124-3510,42.28938716,-71.07141848,617-825-9660,www.hhsi.us,,,,,,,,,HRSA operating hours per week: 40.00,unknown,,,,,,,,,HRSA Health Center Service Delivery and Look-Alike Sites,https://data.hrsa.gov/DataDownload/DD_Files/Health_Center_Service_Delivery_and_LookAlike_Sites.csv,2026-06-24,"Fields copied from the official HRSA CSV: site name, address, city, state, postal code, phone, website, HRSA geocoding coordinates, county/FIPS, operating hours per week, site status, and location setting. Site status: Active. Location setting: All Other Clinic Types. Operational schedule: Full-Time. Daily hours, services, price, insurance, and accessibility fields were not supplied by this intake.",BPS-H80-004606,Health Center Service Delivery and Look-Alike Sites,2026-06-24,2026-06-24,needs_review,
hrsa-bps-h80-036318,South Gardner Community Health and Urgent Care Center,community_health_center,529 Timpany Blvd,Gardner,MA,25,Worcester County,25027,01440-3451,42.55330580,-71.99387309,978-878-8100,chcfhc.org,,,,,,,,,HRSA operating hours per week: 77.00,unknown,,,,,,,,,HRSA Health Center Service Delivery and Look-Alike Sites,https://data.hrsa.gov/DataDownload/DD_Files/Health_Center_Service_Delivery_and_LookAlike_Sites.csv,2026-06-24,"Fields copied from the official HRSA CSV: site name, address, city, state, postal code, phone, website, HRSA geocoding coordinates, county/FIPS, operating hours per week, site status, and location setting. Site status: Active. Location setting: All Other Clinic Types. Operational schedule: Unknown. Daily hours, services, price, insurance, and accessibility fields were not supplied by this intake.",BPS-H80-036318,Health Center Service Delivery and Look-Alike Sites,2026-06-24,2026-06-24,needs_review,
hrsa-bps-h80-037852,Heading Home,community_health_center,555 South Union Street,Lawrence,MA,25,Essex County,25009,01843-2815,42.68788689,-71.15326267,978-725-7400,,,,,,,,,,HRSA operating hours per week: 2.00,unknown,,,,,,,,,HRSA Health Center Service Delivery and Look-Alike Sites,https://data.hrsa.gov/DataDownload/DD_Files/Health_Center_Service_Delivery_and_LookAlike_Sites.csv,2026-06-24,"Fields copied from the official HRSA CSV: site name, address, city, state, postal code, phone, website, HRSA geocoding coordinates, county/FIPS, operating hours per week, site status, and location setting. Site status: Active. Location setting: All Other Clinic Types. Operational schedule: Unknown. Daily hours, services, price, insurance, and accessibility fields were not supplied by this intake.",BPS-H80-037852,Health Center Service Delivery and Look-Alike Sites,2026-06-24,2026-06-24,needs_review,
hrsa-bps-h80-018771,Seaport,community_health_center,505 Congress St,Boston,MA,25,Suffolk County,25025,02210-2902,42.34805931,-71.04126493,617-464-7620,,,,,,,,,,HRSA operating hours per week: 34.00,unknown,,,,,,,,,HRSA Health Center Service Delivery and Look-Alike Sites,https://data.hrsa.gov/DataDownload/DD_Files/Health_Center_Service_Delivery_and_LookAlike_Sites.csv,2026-06-24,"Fields copied from the official HRSA CSV: site name, address, city, state, postal code, phone, website, HRSA geocoding coordinates, county/FIPS, operating hours per week, site status, and location setting. Site status: Active. Location setting: All Other Clinic Types. Operational schedule: Unknown. Daily hours, services, price, insurance, and accessibility fields were not supplied by this intake.",BPS-H80-018771,Health Center Service Delivery and Look-Alike Sites,2026-06-24,2026-06-24,needs_review,
hrsa-bps-h80-032274,Jackson Square,community_health_center,125 Amory Street,Roxbury,MA,25,Suffolk County,25025,02119-1006,42.31916002,-71.10067494,617-287-8000,,,,,,,,,,HRSA operating hours per week: 40.00,unknown,,,,,,,,,HRSA Health Center Service Delivery and Look-Alike Sites,https://data.hrsa.gov/DataDownload/DD_Files/Health_Center_Service_Delivery_and_LookAlike_Sites.csv,2026-06-24,"Fields copied from the official HRSA CSV: site name, address, city, state, postal code, phone, website, HRSA geocoding coordinates, county/FIPS, operating hours per week, site status, and location setting. Site status: Active. Location setting: All Other Clinic Types. Operational schedule: Unknown. Daily hours, services, price, insurance, and accessibility fields were not supplied by this intake.",BPS-H80-032274,Health Center Service Delivery and Look-Alike Sites,2026-06-24,2026-06-24,needs_review,
hrsa-bps-h80-017624,Harvard Street Neighborhood Health Center,community_health_center,646 Blue Hill Ave UNIT 2,Dorchester,MA,25,Suffolk County,25025,02121-3271,42.30214115,-71.08529398,617-825-3400 x5562,harvardstreet.org,,,,,,,,,,unknown,,,,,,,,,HRSA Health Center Service Delivery and Look-Alike Sites,https://data.hrsa.gov/DataDownload/DD_Files/Health_Center_Service_Delivery_and_LookAlike_Sites.csv,2026-06-24,"Fields copied from the official HRSA CSV: site name, address, city, state, postal code, phone, website, HRSA geocoding coordinates, county/FIPS, operating hours per week, site status, and location setting. Site status: Active. Location setting: Unknown. Operational schedule: Unknown. Daily hours, services, price, insurance, and accessibility fields were not supplied by this intake.",BPS-H80-017624,Health Center Service Delivery and Look-Alike Sites,2026-06-24,2026-06-24,needs_review,
hrsa-bps-h80-019444,"Elder Service Plan, Brockton",community_health_center,479 Torrey St,Brockton,MA,25,Plymouth County,25023,02301-4617,42.07135492,-71.06407796,617-533-2400,www.hhsi.us,,,,,,,,,HRSA operating hours per week: 62.50,unknown,,,,,,,,,HRSA Health Center Service Delivery and Look-Alike Sites,https://data.hrsa.gov/DataDownload/DD_Files/Health_Center_Service_Delivery_and_LookAlike_Sites.csv,2026-06-24,"Fields copied from the official HRSA CSV: site name, address, city, state, postal code, phone, website, HRSA geocoding coordinates, county/FIPS, operating hours per week, site status, and location setting. Site status: Active. Location setting: All Other Clinic Types. Operational schedule: Unknown. Daily hours, services, price, insurance, and accessibility fields were not supplied by this intake.",BPS-H80-019444,Health Center Service Delivery and Look-Alike Sites,2026-06-24,2026-06-24,needs_review,
hrsa-bps-h80-020804,Drewicz Elementary School - School Based Health Center,community_health_center,34 Hood St,Lynn,MA,25,Essex County,25009,01905-2392,42.46062869,-70.96932055,781-596-2502 x2701,,,,,,,,,,HRSA operating hours per week: 30.00,unknown,,,,,,,,,HRSA Health Center Service Delivery and Look-Alike Sites,https://data.hrsa.gov/DataDownload/DD_Files/Health_Center_Service_Delivery_and_LookAlike_Sites.csv,2026-06-24,"Fields copied from the official HRSA CSV: site name, address, city, state, postal code, phone, website, HRSA geocoding coordinates, county/FIPS, operating hours per week, site status, and location setting. Site status: Active. Location setting: School. Operational schedule: Unknown. Daily hours, services, price, insurance, and accessibility fields were not supplied by this intake.",BPS-H80-020804,Health Center Service Delivery and Look-Alike Sites,2026-06-24,2026-06-24,needs_review,
hrsa-bps-h80-040064,CHP Adams Family Medicine,community_health_center,19 Depot St,Adams,MA,25,Berkshire County,25003,01220-1856,42.62368864,-73.11847128,413-307-6044,https://www.chpberkshires.org,,,,,,,,,HRSA operating hours per week: 45.00,unknown,,,,,,,,,HRSA Health Center Service Delivery and Look-Alike Sites,https://data.hrsa.gov/DataDownload/DD_Files/Health_Center_Service_Delivery_and_LookAlike_Sites.csv,2026-06-24,"Fields copied from the official HRSA CSV: site name, address, city, state, postal code, phone, website, HRSA geocoding coordinates, county/FIPS, operating hours per week, site status, and location setting. Site status: Active. Location setting: All Other Clinic Types. Operational schedule: Unknown. Daily hours, services, price, insurance, and accessibility fields were not supplied by this intake.",BPS-H80-040064,Health Center Service Delivery and Look-Alike Sites,2026-06-24,2026-06-24,needs_review,
hrsa-bps-h80-014049,"Tracy Elementary School, School Based Health Center",community_health_center,35 Walnut St,Lynn,MA,25,Essex County,25009,01905-1694,42.46919868,-70.96658058,781-477-7466,,,,,,,,,,HRSA operating hours per week: 35.00,unknown,,,,,,,,,HRSA Health Center Service Delivery and Look-Alike Sites,https://data.hrsa.gov/DataDownload/DD_Files/Health_Center_Service_Delivery_and_LookAlike_Sites.csv,2026-06-24,"Fields copied from the official HRSA CSV: site name, address, city, state, postal code, phone, website, HRSA geocoding coordinates, county/FIPS, operating hours per week, site status, and location setting. Site status: Active. Location setting: School. Operational schedule: Full-Time. Daily hours, services, price, insurance, and accessibility fields were not supplied by this intake.",BPS-H80-014049,Health Center Service Delivery and Look-Alike Sites,2026-06-24,2026-06-24,needs_review,
hrsa-bps-h80-037180,HealthFirst Family Care Center-School-Based Health Center,community_health_center,251 Stonehaven Rd,Fall River,MA,25,Bristol County,25005,02723-3519,41.69995853,-71.12480057,508-678-2891,,,,,,,,,,HRSA operating hours per week: 40.00,unknown,,,,,,,,,HRSA Health Center Service Delivery and Look-Alike Sites,https://data.hrsa.gov/DataDownload/DD_Files/Health_Center_Service_Delivery_and_LookAlike_Sites.csv,2026-06-24,"Fields copied from the official HRSA CSV: site name, address, city, state, postal code, phone, website, HRSA geocoding coordinates, county/FIPS, operating hours per week, site status, and location setting. Site status: Active. Location setting: School. Operational schedule: Unknown. Daily hours, services, price, insurance, and accessibility fields were not supplied by this intake.",BPS-H80-037180,Health Center Service Delivery and Look-Alike Sites,2026-06-24,2026-06-24,needs_review,
hrsa-bps-h80-005662,EMMAUS HOUSE,community_health_center,150 How St,Haverhill,MA,25,Essex County,25009,01830-5616,42.77727272,-71.08165850,978-725-7400,www.glfhc.org,,,,,,,,,HRSA operating hours per week: 4.00,unknown,,,,,,,,,HRSA Health Center Service Delivery and Look-Alike Sites,https://data.hrsa.gov/DataDownload/DD_Files/Health_Center_Service_Delivery_and_LookAlike_Sites.csv,2026-06-24,"Fields copied from the official HRSA CSV: site name, address, city, state, postal code, phone, website, HRSA geocoding coordinates, county/FIPS, operating hours per week, site status, and location setting. Site status: Active. Location setting: All Other Clinic Types. Operational schedule: Part-Time. Daily hours, services, price, insurance, and accessibility fields were not supplied by this intake.",BPS-H80-005662,Health Center Service Delivery and Look-Alike Sites,2026-06-24,2026-06-24,needs_review,
hrsa-bps-h80-000219,"HOLYOKE HEALTH CENTER, INC.",community_health_center,230 Maple St,Holyoke,MA,25,Hampden County,25013,01040-5166,42.20717859,-72.60835108,413-420-2111,https://www.hhcinc.org/,,,,,,,,,HRSA operating hours per week: 54.51,unknown,,,,,,,,,HRSA Health Center Service Delivery and Look-Alike Sites,https://data.hrsa.gov/DataDownload/DD_Files/Health_Center_Service_Delivery_and_LookAlike_Sites.csv,2026-06-24,"Fields copied from the official HRSA CSV: site name, address, city, state, postal code, phone, website, HRSA geocoding coordinates, county/FIPS, operating hours per week, site status, and location setting. Site status: Active. Location setting: All Other Clinic Types. Operational schedule: Full-Time. Daily hours, services, price, insurance, and accessibility fields were not supplied by this intake.",BPS-H80-000219,Health Center Service Delivery and Look-Alike Sites,2026-06-24,2026-06-24,needs_review,
hrsa-bps-h80-008120,"Fenway Health, Ansin Building",community_health_center,1340 Boylston St,Boston,MA,25,Suffolk County,25025,02215-4302,42.34411998,-71.09841149,617-267-0900,www.fenwayhealth.org,,,,,,,,,HRSA operating hours per week: 59.50,unknown,,,,,,,,,HRSA Health Center Service Delivery and Look-Alike Sites,https://data.hrsa.gov/DataDownload/DD_Files/Health_Center_Service_Delivery_and_LookAlike_Sites.csv,2026-06-24,"Fields copied from the official HRSA CSV: site name, address, city, state, postal code, phone, website, HRSA geocoding coordinates, county/FIPS, operating hours per week, site status, and location setting. Site status: Active. Location setting: All Other Clinic Types. Operational schedule: Full-Time. Daily hours, services, price, insurance, and accessibility fields were not supplied by this intake.",BPS-H80-008120,Health Center Service Delivery and Look-Alike Sites,2026-06-24,2026-06-24,needs_review,
hrsa-bps-h80-005707,LYNN VOCATIONAL TECH HIGH SCHOOL,community_health_center,80 Neptune Blvd,Lynn,MA,25,Essex County,25009,01902-4570,42.46037115,-70.95514297,781-581-7740,http://lchcnet.org/aboutus/,,,,,,,,,HRSA operating hours per week: 35.00,unknown,,,,,,,,,HRSA Health Center Service Delivery and Look-Alike Sites,https://data.hrsa.gov/DataDownload/DD_Files/Health_Center_Service_Delivery_and_LookAlike_Sites.csv,2026-06-24,"Fields copied from the official HRSA CSV: site name, address, city, state, postal code, phone, website, HRSA geocoding coordinates, county/FIPS, operating hours per week, site status, and location setting. Site status: Active. Location setting: School. Operational schedule: Part-Time. Daily hours, services, price, insurance, and accessibility fields were not supplied by this intake.",BPS-H80-005707,Health Center Service Delivery and Look-Alike Sites,2026-06-24,2026-06-24,needs_review,
hrsa-bps-h80-012153,Program for All-Inclusive Care for the Elderly (PACE) Site,community_health_center,29 Emerson Ave,Gloucester,MA,25,Essex County,25009,01930-2556,42.61610226,-70.67646934,978-283-7375,,,,,,,,,,HRSA operating hours per week: 40.00,unknown,,,,,,,,,HRSA Health Center Service Delivery and Look-Alike Sites,https://data.hrsa.gov/DataDownload/DD_Files/Health_Center_Service_Delivery_and_LookAlike_Sites.csv,2026-06-24,"Fields copied from the official HRSA CSV: site name, address, city, state, postal code, phone, website, HRSA geocoding coordinates, county/FIPS, operating hours per week, site status, and location setting. Site status: Active. Location setting: All Other Clinic Types. Operational schedule: Full-Time. Daily hours, services, price, insurance, and accessibility fields were not supplied by this intake.",BPS-H80-012153,Health Center Service Delivery and Look-Alike Sites,2026-06-24,2026-06-24,needs_review,
hrsa-bps-h80-015600,Upham's Eye and Dental Clinic,community_health_center,636 Columbia Rd,Dorchester,MA,25,Suffolk County,25025,02125-3416,42.31845900,-71.06408802,617-825-9839,www.uphams.org,,,,,,,,,HRSA operating hours per week: 49.00,unknown,,,,,,,,,HRSA Health Center Service Delivery and Look-Alike Sites,https://data.hrsa.gov/DataDownload/DD_Files/Health_Center_Service_Delivery_and_LookAlike_Sites.csv,2026-06-24,"Fields copied from the official HRSA CSV: site name, address, city, state, postal code, phone, website, HRSA geocoding coordinates, county/FIPS, operating hours per week, site status, and location setting. Site status: Active. Location setting: All Other Clinic Types. Operational schedule: Unknown. Daily hours, services, price, insurance, and accessibility fields were not supplied by this intake.",BPS-H80-015600,Health Center Service Delivery and Look-Alike Sites,2026-06-24,2026-06-24,needs_review,
hrsa-bps-h80-033887,605 Lincoln Street,community_health_center,605 Lincoln St,Worcester,MA,25,Worcester County,25027,01605-1901,42.29707823,-71.76733531,508-735-2118,kennedychc.org,,,,,,,,,HRSA operating hours per week: 61.50,unknown,,,,,,,,,HRSA Health Center Service Delivery and Look-Alike Sites,https://data.hrsa.gov/DataDownload/DD_Files/Health_Center_Service_Delivery_and_LookAlike_Sites.csv,2026-06-24,"Fields copied from the official HRSA CSV: site name, address, city, state, postal code, phone, website, HRSA geocoding coordinates, county/FIPS, operating hours per week, site status, and location setting. Site status: Active. Location setting: All Other Clinic Types. Operational schedule: Unknown. Daily hours, services, price, insurance, and accessibility fields were not supplied by this intake.",BPS-H80-033887,Health Center Service Delivery and Look-Alike Sites,2026-06-24,2026-06-24,needs_review,
hrsa-bps-h80-041798,277 Main,community_health_center,277 Main St,Greenfield,MA,25,Franklin County,25011,01301-3262,42.58777654,-72.60140542,413-325-8500 x108,www.chcfc.org,,,,,,,,,HRSA operating hours per week: 40.00,unknown,,,,,,,,,HRSA Health Center Service Delivery and Look-Alike Sites,https://data.hrsa.gov/DataDownload/DD_Files/Health_Center_Service_Delivery_and_LookAlike_Sites.csv,2026-06-24,"Fields copied from the official HRSA CSV: site name, address, city, state, postal code, phone, website, HRSA geocoding coordinates, county/FIPS, operating hours per week, site status, and location setting. Site status: Active. Location setting: Unknown. Operational schedule: Unknown. Daily hours, services, price, insurance, and accessibility fields were not supplied by this intake.",BPS-H80-041798,Health Center Service Delivery and Look-Alike Sites,2026-06-24,2026-06-24,needs_review,
hrsa-bps-h80-032949,Whittier North Dorchester Clinic,community_health_center,292 Blue Hill Ave,Roxbury,MA,25,Suffolk County,25025,02119-2158,42.31473852,-71.07839425,617-858-2550,,,,,,,,,,HRSA operating hours per week: 40.00,unknown,,,,,,,,,HRSA Health Center Service Delivery and Look-Alike Sites,https://data.hrsa.gov/DataDownload/DD_Files/Health_Center_Service_Delivery_and_LookAlike_Sites.csv,2026-06-24,"Fields copied from the official HRSA CSV: site name, address, city, state, postal code, phone, website, HRSA geocoding coordinates, county/FIPS, operating hours per week, site status, and location setting. Site status: Active. Location setting: All Other Clinic Types. Operational schedule: Unknown. Daily hours, services, price, insurance, and accessibility fields were not supplied by this intake.",BPS-H80-032949,Health Center Service Delivery and Look-Alike Sites,2026-06-24,2026-06-24,needs_review,
hrsa-bps-h80-015686,Harvard Street Neighborhood Health Center,community_health_center,632 Blue Hill Ave,Dorchester,MA,25,Suffolk County,25025,02121-3293,42.30259997,-71.08507002,617-825-3400,www.harvardstreet.org,,,,,,,,,HRSA operating hours per week: 63.30,unknown,,,,,,,,,HRSA Health Center Service Delivery and Look-Alike Sites,https://data.hrsa.gov/DataDownload/DD_Files/Health_Center_Service_Delivery_and_LookAlike_Sites.csv,2026-06-24,"Fields copied from the official HRSA CSV: site name, address, city, state, postal code, phone, website, HRSA geocoding coordinates, county/FIPS, operating hours per week, site status, and location setting. Site status: Active. Location setting: All Other Clinic Types. Operational schedule: Unknown. Daily hours, services, price, insurance, and accessibility fields were not supplied by this intake.",BPS-H80-015686,Health Center Service Delivery and Look-Alike Sites,2026-06-24,2026-06-24,needs_review,
hrsa-bps-h80-010102,EDWARD M. KENNEDY COMMUNITY HEALTH CENTER FRAMINGHAM,community_health_center,354 Waverley St,Framingham,MA,25,Middlesex County,25017,01702-7079,42.27694863,-71.41386073,508-854-2122,www.kennedychc.org,,,,,,,,,HRSA operating hours per week: 58.50,unknown,,,,,,,,,HRSA Health Center Service Delivery and Look-Alike Sites,https://data.hrsa.gov/DataDownload/DD_Files/Health_Center_Service_Delivery_and_LookAlike_Sites.csv,2026-06-24,"Fields copied from the official HRSA CSV: site name, address, city, state, postal code, phone, website, HRSA geocoding coordinates, county/FIPS, operating hours per week, site status, and location setting. Site status: Active. Location setting: All Other Clinic Types. Operational schedule: Full-Time. Daily hours, services, price, insurance, and accessibility fields were not supplied by this intake.",BPS-H80-010102,Health Center Service Delivery and Look-Alike Sites,2026-06-24,2026-06-24,needs_review,
hrsa-bps-h80-001070,10 Gove Street,community_health_center,10 Gove St,East Boston,MA,25,Suffolk County,25025,02128-1931,42.37226998,-71.03817998,617-569-5800,www.ebnhc.org,,,,,,,,,HRSA operating hours per week: 168.00,unknown,,,,,,,,,HRSA Health Center Service Delivery and Look-Alike Sites,https://data.hrsa.gov/DataDownload/DD_Files/Health_Center_Service_Delivery_and_LookAlike_Sites.csv,2026-06-24,"Fields copied from the official HRSA CSV: site name, address, city, state, postal code, phone, website, HRSA geocoding coordinates, county/FIPS, operating hours per week, site status, and location setting. Site status: Active. Location setting: All Other Clinic Types. Operational schedule: Full-Time. Daily hours, services, price, insurance, and accessibility fields were not supplied by this intake.",BPS-H80-001070,Health Center Service Delivery and Look-Alike Sites,2026-06-24,2026-06-24,needs_review,
hrsa-bps-h80-017580,CHP Family Services,community_health_center,442 Stockbridge Rd,Great Barrington,MA,25,Berkshire County,25003,01230-1295,42.21943360,-73.34235988,413-528-0457,https://www.chpberkshires.org/  mkl,,,,,,,,,,unknown,,,,,,,,,HRSA Health Center Service Delivery and Look-Alike Sites,https://data.hrsa.gov/DataDownload/DD_Files/Health_Center_Service_Delivery_and_LookAlike_Sites.csv,2026-06-24,"Fields copied from the official HRSA CSV: site name, address, city, state, postal code, phone, website, HRSA geocoding coordinates, county/FIPS, operating hours per week, site status, and location setting. Site status: Active. Location setting: All Other Clinic Types. Operational schedule: Unknown. Daily hours, services, price, insurance, and accessibility fields were not supplied by this intake.",BPS-H80-017580,Health Center Service Delivery and Look-Alike Sites,2026-06-24,2026-06-24,needs_review,
hrsa-bps-h80-014330,Bridge Over Troubled Waters,community_health_center,47 West St,Boston,MA,25,Suffolk County,25025,02111-1219,42.35512819,-71.06300432,857-654-1000,,,,,,,,,,HRSA operating hours per week: 18.00,unknown,,,,,,,,,HRSA Health Center Service Delivery and Look-Alike Sites,https://data.hrsa.gov/DataDownload/DD_Files/Health_Center_Service_Delivery_and_LookAlike_Sites.csv,2026-06-24,"Fields copied from the official HRSA CSV: site name, address, city, state, postal code, phone, website, HRSA geocoding coordinates, county/FIPS, operating hours per week, site status, and location setting. Site status: Active. Location setting: All Other Clinic Types. Operational schedule: Unknown. Daily hours, services, price, insurance, and accessibility fields were not supplied by this intake.",BPS-H80-014330,Health Center Service Delivery and Look-Alike Sites,2026-06-24,2026-06-24,needs_review,
hrsa-bps-h80-010544,Outer Cape Health Services,community_health_center,2700 State Hwy Rte 6 UNIT 3,Wellfleet,MA,25,Barnstable County,25001,02667-7405,41.93734149,-70.02084693,508-214-0187,outercape.org,,,,,,,,,HRSA operating hours per week: 50.00,unknown,,,,,,,,,HRSA Health Center Service Delivery and Look-Alike Sites,https://data.hrsa.gov/DataDownload/DD_Files/Health_Center_Service_Delivery_and_LookAlike_Sites.csv,2026-06-24,"Fields copied from the official HRSA CSV: site name, address, city, state, postal code, phone, website, HRSA geocoding coordinates, county/FIPS, operating hours per week, site status, and location setting. Site status: Active. Location setting: All Other Clinic Types. Operational schedule: Full-Time. Daily hours, services, price, insurance, and accessibility fields were not supplied by this intake.",BPS-H80-010544,Health Center Service Delivery and Look-Alike Sites,2026-06-24,2026-06-24,needs_review,
hrsa-bps-h80-034347,"Community Health Center of Cape Cod, Falmouth Pharmacy",community_health_center,200 Jones Road,Falmouth,MA,25,Barnstable County,25001,02540-4900,41.56137206,-70.61208056,508-477-7090 x7090,www.chcofcapecod.org,,,,,,,,,HRSA operating hours per week: 40.00,unknown,,,,,,,,,HRSA Health Center Service Delivery and Look-Alike Sites,https://data.hrsa.gov/DataDownload/DD_Files/Health_Center_Service_Delivery_and_LookAlike_Sites.csv,2026-06-24,"Fields copied from the official HRSA CSV: site name, address, city, state, postal code, phone, website, HRSA geocoding coordinates, county/FIPS, operating hours per week, site status, and location setting. Site status: Active. Location setting: All Other Clinic Types. Operational schedule: Unknown. Daily hours, services, price, insurance, and accessibility fields were not supplied by this intake.",BPS-H80-034347,Health Center Service Delivery and Look-Alike Sites,2026-06-24,2026-06-24,needs_review,
hrsa-bps-h80-006157,Woods Mullen Shelter,community_health_center,794 Massachusetts Ave,Boston,MA,25,Suffolk County,25025,02118-2625,42.33346352,-71.07237060,617-534-7101,,,,,,,,,,HRSA operating hours per week: 42.50,unknown,,,,,,,,,HRSA Health Center Service Delivery and Look-Alike Sites,https://data.hrsa.gov/DataDownload/DD_Files/Health_Center_Service_Delivery_and_LookAlike_Sites.csv,2026-06-24,"Fields copied from the official HRSA CSV: site name, address, city, state, postal code, phone, website, HRSA geocoding coordinates, county/FIPS, operating hours per week, site status, and location setting. Site status: Active. Location setting: All Other Clinic Types. Operational schedule: Part-Time. Daily hours, services, price, insurance, and accessibility fields were not supplied by this intake.",BPS-H80-006157,Health Center Service Delivery and Look-Alike Sites,2026-06-24,2026-06-24,needs_review,
hrsa-bps-h80-001461,ST. FRANCIS HOUSE,community_health_center,39 Boylston St,Boston,MA,25,Suffolk County,25025,02116-4702,42.35248734,-71.06351503,617-524-4704,,,,,,,,,,HRSA operating hours per week: 31.00,unknown,,,,,,,,,HRSA Health Center Service Delivery and Look-Alike Sites,https://data.hrsa.gov/DataDownload/DD_Files/Health_Center_Service_Delivery_and_LookAlike_Sites.csv,2026-06-24,"Fields copied from the official HRSA CSV: site name, address, city, state, postal code, phone, website, HRSA geocoding coordinates, county/FIPS, operating hours per week, site status, and location setting. Site status: Active. Location setting: All Other Clinic Types. Operational schedule: Full-Time. Daily hours, services, price, insurance, and accessibility fields were not supplied by this intake.",BPS-H80-001461,Health Center Service Delivery and Look-Alike Sites,2026-06-24,2026-06-24,needs_review,
hrsa-bps-h80-007576,Gloucester Family Health Center,community_health_center,302 Washington St,Gloucester,MA,25,Essex County,25009,01930-4836,42.62643874,-70.68060044,978-744-8388,www.nschi.org,,,,,,,,,HRSA operating hours per week: 42.50,unknown,,,,,,,,,HRSA Health Center Service Delivery and Look-Alike Sites,https://data.hrsa.gov/DataDownload/DD_Files/Health_Center_Service_Delivery_and_LookAlike_Sites.csv,2026-06-24,"Fields copied from the official HRSA CSV: site name, address, city, state, postal code, phone, website, HRSA geocoding coordinates, county/FIPS, operating hours per week, site status, and location setting. Site status: Active. Location setting: All Other Clinic Types. Operational schedule: Full-Time. Daily hours, services, price, insurance, and accessibility fields were not supplied by this intake.",BPS-H80-007576,Health Center Service Delivery and Look-Alike Sites,2026-06-24,2026-06-24,needs_review,
hrsa-bps-h80-038100,Boston Health Care for the Homeless Program Administrative Offices,community_health_center,33 Bradston Street,Boston,MA,25,Suffolk County,25025,02118-2703,42.33354768,-71.07045500,857-654-1000,,,,,,,,,,,unknown,,,,,,,,,HRSA Health Center Service Delivery and Look-Alike Sites,https://data.hrsa.gov/DataDownload/DD_Files/Health_Center_Service_Delivery_and_LookAlike_Sites.csv,2026-06-24,"Fields copied from the official HRSA CSV: site name, address, city, state, postal code, phone, website, HRSA geocoding coordinates, county/FIPS, operating hours per week, site status, and location setting. Site status: Active. Location setting: Unknown. Operational schedule: Unknown. Daily hours, services, price, insurance, and accessibility fields were not supplied by this intake.",BPS-H80-038100,Health Center Service Delivery and Look-Alike Sites,2026-06-24,2026-06-24,needs_review,
hrsa-bps-h80-001583,MANET CHC AT HOUGH'S NECK,community_health_center,1193 Sea St,Quincy,MA,25,Norfolk County,25021,02169-3544,42.26881864,-70.95263058,617-471-8683,www.manetchc.org,,,,,,,,,HRSA operating hours per week: 48.00,unknown,,,,,,,,,HRSA Health Center Service Delivery and Look-Alike Sites,https://data.hrsa.gov/DataDownload/DD_Files/Health_Center_Service_Delivery_and_LookAlike_Sites.csv,2026-06-24,"Fields copied from the official HRSA CSV: site name, address, city, state, postal code, phone, website, HRSA geocoding coordinates, county/FIPS, operating hours per week, site status, and location setting. Site status: Active. Location setting: All Other Clinic Types. Operational schedule: Full-Time. Daily hours, services, price, insurance, and accessibility fields were not supplied by this intake.",BPS-H80-001583,Health Center Service Delivery and Look-Alike Sites,2026-06-24,2026-06-24,needs_review,
hrsa-bps-h80-001588,GREATER LAWRENCE FAMILY HEALTH,community_health_center,34 Haverhill St,Lawrence,MA,25,Essex County,25009,01841-2884,42.71185872,-71.15198066,978-686-0090,www.glfhc.org,,,,,,,,,HRSA operating hours per week: 77.00,unknown,,,,,,,,,HRSA Health Center Service Delivery and Look-Alike Sites,https://data.hrsa.gov/DataDownload/DD_Files/Health_Center_Service_Delivery_and_LookAlike_Sites.csv,2026-06-24,"Fields copied from the official HRSA CSV: site name, address, city, state, postal code, phone, website, HRSA geocoding coordinates, county/FIPS, operating hours per week, site status, and location setting. Site status: Active. Location setting: All Other Clinic Types. Operational schedule: Full-Time. Daily hours, services, price, insurance, and accessibility fields were not supplied by this intake.",BPS-H80-001588,Health Center Service Delivery and Look-Alike Sites,2026-06-24,2026-06-24,needs_review,
hrsa-bps-h80-006193,St. Joseph's House,community_health_center,77 Winter St,Hyannis,MA,25,Barnstable County,25001,02601-5563,41.65397998,-70.28703606,508-771-1218,www.duffyhealthcenter.org,,,,,,,,,HRSA operating hours per week: 8.00,unknown,,,,,,,,,HRSA Health Center Service Delivery and Look-Alike Sites,https://data.hrsa.gov/DataDownload/DD_Files/Health_Center_Service_Delivery_and_LookAlike_Sites.csv,2026-06-24,"Fields copied from the official HRSA CSV: site name, address, city, state, postal code, phone, website, HRSA geocoding coordinates, county/FIPS, operating hours per week, site status, and location setting. Site status: Active. Location setting: All Other Clinic Types. Operational schedule: Part-Time. Daily hours, services, price, insurance, and accessibility fields were not supplied by this intake.",BPS-H80-006193,Health Center Service Delivery and Look-Alike Sites,2026-06-24,2026-06-24,needs_review,
hrsa-bps-h80-001600,MANET CHC AT HULL,community_health_center,180 George Washington Blvd,Hull,MA,25,Plymouth County,25023,02045-3059,42.26304866,-70.86061053,781-925-4550,www.manetchc.org,,,,,,,,,HRSA operating hours per week: 53.00,unknown,,,,,,,,,HRSA Health Center Service Delivery and Look-Alike Sites,https://data.hrsa.gov/DataDownload/DD_Files/Health_Center_Service_Delivery_and_LookAlike_Sites.csv,2026-06-24,"Fields copied from the official HRSA CSV: site name, address, city, state, postal code, phone, website, HRSA geocoding coordinates, county/FIPS, operating hours per week, site status, and location setting. Site status: Active. Location setting: All Other Clinic Types. Operational schedule: Full-Time. Daily hours, services, price, insurance, and accessibility fields were not supplied by this intake.",BPS-H80-001600,Health Center Service Delivery and Look-Alike Sites,2026-06-24,2026-06-24,needs_review,
hrsa-bps-h80-009992,"GLFHC, CSS Prevention and Education",community_health_center,98 Water St,Lawrence,MA,25,Essex County,25009,01841-4727,42.70041495,-71.16993637,978-725-7400,www.glfhc.org,,,,,,,,,HRSA operating hours per week: 40.00,unknown,,,,,,,,,HRSA Health Center Service Delivery and Look-Alike Sites,https://data.hrsa.gov/DataDownload/DD_Files/Health_Center_Service_Delivery_and_LookAlike_Sites.csv,2026-06-24,"Fields copied from the official HRSA CSV: site name, address, city, state, postal code, phone, website, HRSA geocoding coordinates, county/FIPS, operating hours per week, site status, and location setting. Site status: Active. Location setting: All Other Clinic Types. Operational schedule: Full-Time. Daily hours, services, price, insurance, and accessibility fields were not supplied by this intake.",BPS-H80-009992,Health Center Service Delivery and Look-Alike Sites,2026-06-24,2026-06-24,needs_review,
hrsa-bps-h80-010621,HSH Health Center & Dental Clinic,community_health_center,755 Worthington St,Springfield,MA,25,Hampden County,25013,01105-1140,42.10990392,-72.58489056,413-337-9100,,,,,,,,,,HRSA operating hours per week: 37.00,unknown,,,,,,,,,HRSA Health Center Service Delivery and Look-Alike Sites,https://data.hrsa.gov/DataDownload/DD_Files/Health_Center_Service_Delivery_and_LookAlike_Sites.csv,2026-06-24,"Fields copied from the official HRSA CSV: site name, address, city, state, postal code, phone, website, HRSA geocoding coordinates, county/FIPS, operating hours per week, site status, and location setting. Site status: Active. Location setting: All Other Clinic Types. Operational schedule: Full-Time. Daily hours, services, price, insurance, and accessibility fields were not supplied by this intake.",BPS-H80-010621,Health Center Service Delivery and Look-Alike Sites,2026-06-24,2026-06-24,needs_review,
hrsa-bps-h80-030884,Haverhill Family Health Center,community_health_center,755 Main St,Haverhill,MA,25,Essex County,25009,01830-2166,42.79781958,-71.08753069,978-686-0900,,,,,,,,,,HRSA operating hours per week: 45.00,unknown,,,,,,,,,HRSA Health Center Service Delivery and Look-Alike Sites,https://data.hrsa.gov/DataDownload/DD_Files/Health_Center_Service_Delivery_and_LookAlike_Sites.csv,2026-06-24,"Fields copied from the official HRSA CSV: site name, address, city, state, postal code, phone, website, HRSA geocoding coordinates, county/FIPS, operating hours per week, site status, and location setting. Site status: Active. Location setting: All Other Clinic Types. Operational schedule: Unknown. Daily hours, services, price, insurance, and accessibility fields were not supplied by this intake.",BPS-H80-030884,Health Center Service Delivery and Look-Alike Sites,2026-06-24,2026-06-24,needs_review,
hrsa-bps-h80-030141,Mayor Jean A. Levesque Community Life Center,community_health_center,401 Bridge St,Salem,MA,25,Essex County,25009,01970-2276,42.52029904,-70.90707460,978-744-0388,,,,,,,,,,HRSA operating hours per week: 2.00,unknown,,,,,,,,,HRSA Health Center Service Delivery and Look-Alike Sites,https://data.hrsa.gov/DataDownload/DD_Files/Health_Center_Service_Delivery_and_LookAlike_Sites.csv,2026-06-24,"Fields copied from the official HRSA CSV: site name, address, city, state, postal code, phone, website, HRSA geocoding coordinates, county/FIPS, operating hours per week, site status, and location setting. Site status: Active. Location setting: All Other Clinic Types. Operational schedule: Unknown. Daily hours, services, price, insurance, and accessibility fields were not supplied by this intake.",BPS-H80-030141,Health Center Service Delivery and Look-Alike Sites,2026-06-24,2026-06-24,needs_review,
hrsa-bps-h80-002292,"NORTH HIGH SCHOOL HLTH CENTER-112-A,I,K,M",community_health_center,140 Harrington Way,Worcester,MA,25,Worcester County,25027,01604-2100,42.26104862,-71.76699081,508-791-5789,www.kennedychc.org,,,,,,,,,HRSA operating hours per week: 40.00,unknown,,,,,,,,,HRSA Health Center Service Delivery and Look-Alike Sites,https://data.hrsa.gov/DataDownload/DD_Files/Health_Center_Service_Delivery_and_LookAlike_Sites.csv,2026-06-24,"Fields copied from the official HRSA CSV: site name, address, city, state, postal code, phone, website, HRSA geocoding coordinates, county/FIPS, operating hours per week, site status, and location setting. Site status: Active. Location setting: School. Operational schedule: Full-Time. Daily hours, services, price, insurance, and accessibility fields were not supplied by this intake.",BPS-H80-002292,Health Center Service Delivery and Look-Alike Sites,2026-06-24,2026-06-24,needs_review,
hrsa-bps-h80-012607,The Salvation Army,community_health_center,327 Liberty St,Springfield,MA,25,Hampden County,25013,01104-3733,42.11225802,-72.58741787,413-785-1921,,,,,,,,,,HRSA operating hours per week: 8.50,unknown,,,,,,,,,HRSA Health Center Service Delivery and Look-Alike Sites,https://data.hrsa.gov/DataDownload/DD_Files/Health_Center_Service_Delivery_and_LookAlike_Sites.csv,2026-06-24,"Fields copied from the official HRSA CSV: site name, address, city, state, postal code, phone, website, HRSA geocoding coordinates, county/FIPS, operating hours per week, site status, and location setting. Site status: Active. Location setting: All Other Clinic Types. Operational schedule: Part-Time. Daily hours, services, price, insurance, and accessibility fields were not supplied by this intake.",BPS-H80-012607,Health Center Service Delivery and Look-Alike Sites,2026-06-24,2026-06-24,needs_review,
hrsa-bps-h80-002483,Baystate Brightwood Health Center,community_health_center,380 Plainfield St,Springfield,MA,25,Hampden County,25013,01107-1524,42.11724856,-72.61442109,413-794-4458,http://www.baystatehealth.com/Baystate/Main+Nav/About+Us/Locations,,,,,,,,,HRSA operating hours per week: 57.50,unknown,,,,,,,,,HRSA Health Center Service Delivery and Look-Alike Sites,https://data.hrsa.gov/DataDownload/DD_Files/Health_Center_Service_Delivery_and_LookAlike_Sites.csv,2026-06-24,"Fields copied from the official HRSA CSV: site name, address, city, state, postal code, phone, website, HRSA geocoding coordinates, county/FIPS, operating hours per week, site status, and location setting. Site status: Active. Location setting: All Other Clinic Types. Operational schedule: Full-Time. Daily hours, services, price, insurance, and accessibility fields were not supplied by this intake.",BPS-H80-002483,Health Center Service Delivery and Look-Alike Sites,2026-06-24,2026-06-24,needs_review,
hrsa-bps-h80-041015,GLFHC at Element Care,community_health_center,14 Ingalls Ct,Methuen,MA,25,Essex County,25009,01844-3717,42.72009746,-71.18417990,978-686-0090,,,,,,,,,,HRSA operating hours per week: 30.00,unknown,,,,,,,,,HRSA Health Center Service Delivery and Look-Alike Sites,https://data.hrsa.gov/DataDownload/DD_Files/Health_Center_Service_Delivery_and_LookAlike_Sites.csv,2026-06-24,"Fields copied from the official HRSA CSV: site name, address, city, state, postal code, phone, website, HRSA geocoding coordinates, county/FIPS, operating hours per week, site status, and location setting. Site status: Active. Location setting: All Other Clinic Types. Operational schedule: Unknown. Daily hours, services, price, insurance, and accessibility fields were not supplied by this intake.",BPS-H80-041015,Health Center Service Delivery and Look-Alike Sites,2026-06-24,2026-06-24,needs_review,
hrsa-bps-h80-002601,MSFHS AT WESTERN AVENUE,community_health_center,694 Western Ave,Lynn,MA,25,Essex County,25009,01905-2229,42.46347870,-70.96409057,781-595-7348,http://lchcnet.org/aboutus/,,,,,,,,,HRSA operating hours per week: 48.00,unknown,,,,,,,,,HRSA Health Center Service Delivery and Look-Alike Sites,https://data.hrsa.gov/DataDownload/DD_Files/Health_Center_Service_Delivery_and_LookAlike_Sites.csv,2026-06-24,"Fields copied from the official HRSA CSV: site name, address, city, state, postal code, phone, website, HRSA geocoding coordinates, county/FIPS, operating hours per week, site status, and location setting. Site status: Active. Location setting: All Other Clinic Types. Operational schedule: Full-Time. Daily hours, services, price, insurance, and accessibility fields were not supplied by this intake.",BPS-H80-002601,Health Center Service Delivery and Look-Alike Sites,2026-06-24,2026-06-24,needs_review,
hrsa-bps-h80-036262,Boston Day and Evening Academy,community_health_center,20 Kearsarge Ave,Roxbury,MA,25,Suffolk County,25025,02119-2318,42.32693059,-71.08181910,617-427-1000,,,,,,,,,,HRSA operating hours per week: 40.00,unknown,,,,,,,,,HRSA Health Center Service Delivery and Look-Alike Sites,https://data.hrsa.gov/DataDownload/DD_Files/Health_Center_Service_Delivery_and_LookAlike_Sites.csv,2026-06-24,"Fields copied from the official HRSA CSV: site name, address, city, state, postal code, phone, website, HRSA geocoding coordinates, county/FIPS, operating hours per week, site status, and location setting. Site status: Active. Location setting: School. Operational schedule: Unknown. Daily hours, services, price, insurance, and accessibility fields were not supplied by this intake.",BPS-H80-036262,Health Center Service Delivery and Look-Alike Sites,2026-06-24,2026-06-24,needs_review,
hrsa-bps-h80-006636,South High Health Center,community_health_center,170 Apricot St,Worcester,MA,25,Worcester County,25027,01603-1297,42.24445999,-71.86395996,508-799-3346,http://www.fhcw.org,,,,,,,,,HRSA operating hours per week: 40.00,unknown,,,,,,,,,HRSA Health Center Service Delivery and Look-Alike Sites,https://data.hrsa.gov/DataDownload/DD_Files/Health_Center_Service_Delivery_and_LookAlike_Sites.csv,2026-06-24,"Fields copied from the official HRSA CSV: site name, address, city, state, postal code, phone, website, HRSA geocoding coordinates, county/FIPS, operating hours per week, site status, and location setting. Site status: Active. Location setting: School. Operational schedule: Part-Time. Daily hours, services, price, insurance, and accessibility fields were not supplied by this intake.",BPS-H80-006636,Health Center Service Delivery and Look-Alike Sites,2026-06-24,2026-06-24,needs_review,
hrsa-bps-h80-027268,Pegasus House,community_health_center,482 Lowell St,Lawrence,MA,25,Essex County,25009,01841-4598,42.70192700,-71.17951009,978-687-4257,http://psychologicalcenter.com/our-programs/pegasus-house/,,,,,,,,,HRSA operating hours per week: 2.00,unknown,,,,,,,,,HRSA Health Center Service Delivery and Look-Alike Sites,https://data.hrsa.gov/DataDownload/DD_Files/Health_Center_Service_Delivery_and_LookAlike_Sites.csv,2026-06-24,"Fields copied from the official HRSA CSV: site name, address, city, state, postal code, phone, website, HRSA geocoding coordinates, county/FIPS, operating hours per week, site status, and location setting. Site status: Active. Location setting: All Other Clinic Types. Operational schedule: Unknown. Daily hours, services, price, insurance, and accessibility fields were not supplied by this intake.",BPS-H80-027268,Health Center Service Delivery and Look-Alike Sites,2026-06-24,2026-06-24,needs_review,
hrsa-bps-h80-003013,PINE STREET INN Women's Clinic,community_health_center,363 Albany St,Boston,MA,25,Suffolk County,25025,02118-2503,42.34258999,-71.06315997,857-654-1865,,,,,,,,,,HRSA operating hours per week: 39.00,unknown,,,,,,,,,HRSA Health Center Service Delivery and Look-Alike Sites,https://data.hrsa.gov/DataDownload/DD_Files/Health_Center_Service_Delivery_and_LookAlike_Sites.csv,2026-06-24,"Fields copied from the official HRSA CSV: site name, address, city, state, postal code, phone, website, HRSA geocoding coordinates, county/FIPS, operating hours per week, site status, and location setting. Site status: Active. Location setting: All Other Clinic Types. Operational schedule: Full-Time. Daily hours, services, price, insurance, and accessibility fields were not supplied by this intake.",BPS-H80-003013,Health Center Service Delivery and Look-Alike Sites,2026-06-24,2026-06-24,needs_review,
hrsa-bps-h80-017966,THURGOOD MARSHALL MIDDLE SCHOOL,community_health_center,114 Brookline Street,Lynn,MA,25,Essex County,25009,01902-1800,42.47092523,-70.92958722,781-599-3925,,,,,,,,,,HRSA operating hours per week: 35.00,unknown,,,,,,,,,HRSA Health Center Service Delivery and Look-Alike Sites,https://data.hrsa.gov/DataDownload/DD_Files/Health_Center_Service_Delivery_and_LookAlike_Sites.csv,2026-06-24,"Fields copied from the official HRSA CSV: site name, address, city, state, postal code, phone, website, HRSA geocoding coordinates, county/FIPS, operating hours per week, site status, and location setting. Site status: Active. Location setting: School. Operational schedule: Unknown. Daily hours, services, price, insurance, and accessibility fields were not supplied by this intake.",BPS-H80-017966,Health Center Service Delivery and Look-Alike Sites,2026-06-24,2026-06-24,needs_review,
hrsa-bps-h80-040106,Health on Wheels,community_health_center,161 Jackson St,Lowell,MA,25,Middlesex County,25017,01852-2103,42.64223871,-71.31038069,978-937-9700,,,,,,,,,,HRSA operating hours per week: 37.50,unknown,,,,,,,,,HRSA Health Center Service Delivery and Look-Alike Sites,https://data.hrsa.gov/DataDownload/DD_Files/Health_Center_Service_Delivery_and_LookAlike_Sites.csv,2026-06-24,"Fields copied from the official HRSA CSV: site name, address, city, state, postal code, phone, website, HRSA geocoding coordinates, county/FIPS, operating hours per week, site status, and location setting. Site status: Active. Location setting: School. Operational schedule: Unknown. Daily hours, services, price, insurance, and accessibility fields were not supplied by this intake.",BPS-H80-040106,Health Center Service Delivery and Look-Alike Sites,2026-06-24,2026-06-24,needs_review,
hrsa-bps-h80-031487,CHP  Barrington OB-GYN,community_health_center,27 Lewis Ave,Great Barrington,MA,25,Berkshire County,25003,01230-1886,42.19109074,-73.37191673,413-528-1470,https://www.chpberkshires.org/,,,,,,,,,HRSA operating hours per week: 45.00,unknown,,,,,,,,,HRSA Health Center Service Delivery and Look-Alike Sites,https://data.hrsa.gov/DataDownload/DD_Files/Health_Center_Service_Delivery_and_LookAlike_Sites.csv,2026-06-24,"Fields copied from the official HRSA CSV: site name, address, city, state, postal code, phone, website, HRSA geocoding coordinates, county/FIPS, operating hours per week, site status, and location setting. Site status: Active. Location setting: All Other Clinic Types. Operational schedule: Unknown. Daily hours, services, price, insurance, and accessibility fields were not supplied by this intake.",BPS-H80-031487,Health Center Service Delivery and Look-Alike Sites,2026-06-24,2026-06-24,needs_review,
hrsa-bps-h80-003134,HUNTINGTON HEALTH CENTER,community_health_center,73 Russell Rd,Huntington,MA,25,Hampshire County,25015,01050-9777,42.22441857,-72.87096114,413-667-3009,www.hchcweb.org,,,,,,,,,HRSA operating hours per week: 60.00,unknown,,,,,,,,,HRSA Health Center Service Delivery and Look-Alike Sites,https://data.hrsa.gov/DataDownload/DD_Files/Health_Center_Service_Delivery_and_LookAlike_Sites.csv,2026-06-24,"Fields copied from the official HRSA CSV: site name, address, city, state, postal code, phone, website, HRSA geocoding coordinates, county/FIPS, operating hours per week, site status, and location setting. Site status: Active. Location setting: All Other Clinic Types. Operational schedule: Full-Time. Daily hours, services, price, insurance, and accessibility fields were not supplied by this intake.",BPS-H80-003134,Health Center Service Delivery and Look-Alike Sites,2026-06-24,2026-06-24,needs_review,
hrsa-bps-h80-003247,Peabody FAMILY HEALTH CENTER,community_health_center,89 Foster St,Peabody,MA,25,Essex County,25009,01960-8925,42.52295870,-70.93047059,978-532-4903,www.nschi.org,,,,,,,,,HRSA operating hours per week: 45.00,unknown,,,,,,,,,HRSA Health Center Service Delivery and Look-Alike Sites,https://data.hrsa.gov/DataDownload/DD_Files/Health_Center_Service_Delivery_and_LookAlike_Sites.csv,2026-06-24,"Fields copied from the official HRSA CSV: site name, address, city, state, postal code, phone, website, HRSA geocoding coordinates, county/FIPS, operating hours per week, site status, and location setting. Site status: Active. Location setting: All Other Clinic Types. Operational schedule: Full-Time. Daily hours, services, price, insurance, and accessibility fields were not supplied by this intake.",BPS-H80-003247,Health Center Service Delivery and Look-Alike Sites,2026-06-24,2026-06-24,needs_review,
hrsa-bps-h80-038764,Burnham Street,community_health_center,8 Burnham St,Turners Falls,MA,25,Franklin County,25011,01376-1832,42.58930955,-72.57416952,413-325-8500,www.chcfc.org,,,,,,,,,HRSA operating hours per week: 45.00,unknown,,,,,,,,,HRSA Health Center Service Delivery and Look-Alike Sites,https://data.hrsa.gov/DataDownload/DD_Files/Health_Center_Service_Delivery_and_LookAlike_Sites.csv,2026-06-24,"Fields copied from the official HRSA CSV: site name, address, city, state, postal code, phone, website, HRSA geocoding coordinates, county/FIPS, operating hours per week, site status, and location setting. Site status: Active. Location setting: All Other Clinic Types. Operational schedule: Unknown. Daily hours, services, price, insurance, and accessibility fields were not supplied by this intake.",BPS-H80-038764,Health Center Service Delivery and Look-Alike Sites,2026-06-24,2026-06-24,needs_review,
hrsa-bps-h80-031003,South End Community Health Center,community_health_center,1601 Washington St,Boston,MA,25,Suffolk County,25025,02118-1951,42.33828999,-71.07492004,617-425-2000,,,,,,,,,,HRSA operating hours per week: 49.50,unknown,,,,,,,,,HRSA Health Center Service Delivery and Look-Alike Sites,https://data.hrsa.gov/DataDownload/DD_Files/Health_Center_Service_Delivery_and_LookAlike_Sites.csv,2026-06-24,"Fields copied from the official HRSA CSV: site name, address, city, state, postal code, phone, website, HRSA geocoding coordinates, county/FIPS, operating hours per week, site status, and location setting. Site status: Active. Location setting: All Other Clinic Types. Operational schedule: Unknown. Daily hours, services, price, insurance, and accessibility fields were not supplied by this intake.",BPS-H80-031003,Health Center Service Delivery and Look-Alike Sites,2026-06-24,2026-06-24,needs_review,
hrsa-bps-h80-032186,Edward M. Kennedy Community Health Center-Administration,community_health_center,115 NE Cutoff,Worcester,MA,25,Worcester County,25027,01606-1224,42.30949882,-71.76961443,508-854-2122,,,,,,,,,,HRSA operating hours per week: 42.50,unknown,,,,,,,,,HRSA Health Center Service Delivery and Look-Alike Sites,https://data.hrsa.gov/DataDownload/DD_Files/Health_Center_Service_Delivery_and_LookAlike_Sites.csv,2026-06-24,"Fields copied from the official HRSA CSV: site name, address, city, state, postal code, phone, website, HRSA geocoding coordinates, county/FIPS, operating hours per week, site status, and location setting. Site status: Active. Location setting: Unknown. Operational schedule: Unknown. Daily hours, services, price, insurance, and accessibility fields were not supplied by this intake.",BPS-H80-032186,Health Center Service Delivery and Look-Alike Sites,2026-06-24,2026-06-24,needs_review,
hrsa-bps-h80-006805,INGALLS ELEMENTARY SCHOOL,community_health_center,1 Collins Street Ter,Lynn,MA,25,Essex County,25009,01902-2205,42.47159871,-70.93662056,781-593-0734,http://lchcnet.org/aboutus/,,,,,,,,,HRSA operating hours per week: 35.00,unknown,,,,,,,,,HRSA Health Center Service Delivery and Look-Alike Sites,https://data.hrsa.gov/DataDownload/DD_Files/Health_Center_Service_Delivery_and_LookAlike_Sites.csv,2026-06-24,"Fields copied from the official HRSA CSV: site name, address, city, state, postal code, phone, website, HRSA geocoding coordinates, county/FIPS, operating hours per week, site status, and location setting. Site status: Active. Location setting: School. Operational schedule: Part-Time. Daily hours, services, price, insurance, and accessibility fields were not supplied by this intake.",BPS-H80-006805,Health Center Service Delivery and Look-Alike Sites,2026-06-24,2026-06-24,needs_review,
hrsa-bps-h80-003639,Program for All-Inclusive Care for the Elderly (PACE) Site,community_health_center,62 Market St,Lynn,MA,25,Essex County,25009,01901-1005,42.46368066,-70.94965157,781-595-4713,http://www.lchcnet.org/AboutUs/,,,,,,,,,HRSA operating hours per week: 40.00,unknown,,,,,,,,,HRSA Health Center Service Delivery and Look-Alike Sites,https://data.hrsa.gov/DataDownload/DD_Files/Health_Center_Service_Delivery_and_LookAlike_Sites.csv,2026-06-24,"Fields copied from the official HRSA CSV: site name, address, city, state, postal code, phone, website, HRSA geocoding coordinates, county/FIPS, operating hours per week, site status, and location setting. Site status: Active. Location setting: All Other Clinic Types. Operational schedule: Full-Time. Daily hours, services, price, insurance, and accessibility fields were not supplied by this intake.",BPS-H80-003639,Health Center Service Delivery and Look-Alike Sites,2026-06-24,2026-06-24,needs_review,
hrsa-bps-h80-017081,John P. Musante Health Center,community_health_center,70 Boltwood Walk,Amherst,MA,25,Hampshire County,25015,01002-2341,42.37691016,-72.51839248,413-835-4980,www.hchcweb.org,,,,,,,,,HRSA operating hours per week: 53.00,unknown,,,,,,,,,HRSA Health Center Service Delivery and Look-Alike Sites,https://data.hrsa.gov/DataDownload/DD_Files/Health_Center_Service_Delivery_and_LookAlike_Sites.csv,2026-06-24,"Fields copied from the official HRSA CSV: site name, address, city, state, postal code, phone, website, HRSA geocoding coordinates, county/FIPS, operating hours per week, site status, and location setting. Site status: Active. Location setting: All Other Clinic Types. Operational schedule: Unknown. Daily hours, services, price, insurance, and accessibility fields were not supplied by this intake.",BPS-H80-017081,Health Center Service Delivery and Look-Alike Sites,2026-06-24,2026-06-24,needs_review,
hrsa-bps-h80-003738,SOUTH STREET CLINIC,community_health_center,145 South St,Boston,MA,25,Suffolk County,25025,02111-2826,42.35095999,-71.05763999,617-521-6760,www.scchc.org,,,,,,,,,HRSA operating hours per week: 42.50,unknown,,,,,,,,,HRSA Health Center Service Delivery and Look-Alike Sites,https://data.hrsa.gov/DataDownload/DD_Files/Health_Center_Service_Delivery_and_LookAlike_Sites.csv,2026-06-24,"Fields copied from the official HRSA CSV: site name, address, city, state, postal code, phone, website, HRSA geocoding coordinates, county/FIPS, operating hours per week, site status, and location setting. Site status: Active. Location setting: All Other Clinic Types. Operational schedule: Full-Time. Daily hours, services, price, insurance, and accessibility fields were not supplied by this intake.",BPS-H80-003738,Health Center Service Delivery and Look-Alike Sites,2026-06-24,2026-06-24,needs_review,
hrsa-bps-h80-006918,DAYBREAK SHELTER,community_health_center,75 N Parish Rd,Lawrence,MA,25,Essex County,25009,01843,42.69108252,-71.14402022,978-975-4547,www.glfhc.org,,,,,,,,,HRSA operating hours per week: 4.00,unknown,,,,,,,,,HRSA Health Center Service Delivery and Look-Alike Sites,https://data.hrsa.gov/DataDownload/DD_Files/Health_Center_Service_Delivery_and_LookAlike_Sites.csv,2026-06-24,"Fields copied from the official HRSA CSV: site name, address, city, state, postal code, phone, website, HRSA geocoding coordinates, county/FIPS, operating hours per week, site status, and location setting. Site status: Active. Location setting: All Other Clinic Types. Operational schedule: Part-Time. Daily hours, services, price, insurance, and accessibility fields were not supplied by this intake.",BPS-H80-006918,Health Center Service Delivery and Look-Alike Sites,2026-06-24,2026-06-24,needs_review,
hrsa-bps-h80-018492,17 Main Street,community_health_center,17 Main St,Winthrop,MA,25,Suffolk County,25025,02152-2715,42.38222156,-70.99325616,617-569-5800,,,,,,,,,,HRSA operating hours per week: 45.00,unknown,,,,,,,,,HRSA Health Center Service Delivery and Look-Alike Sites,https://data.hrsa.gov/DataDownload/DD_Files/Health_Center_Service_Delivery_and_LookAlike_Sites.csv,2026-06-24,"Fields copied from the official HRSA CSV: site name, address, city, state, postal code, phone, website, HRSA geocoding coordinates, county/FIPS, operating hours per week, site status, and location setting. Site status: Active. Location setting: All Other Clinic Types. Operational schedule: Unknown. Daily hours, services, price, insurance, and accessibility fields were not supplied by this intake.",BPS-H80-018492,Health Center Service Delivery and Look-Alike Sites,2026-06-24,2026-06-24,needs_review,
hrsa-bps-h80-035394,SSTAR Integrated Health Services Center,community_health_center,75 Weaver St,Fall River,MA,25,Bristol County,25005,02720-1309,41.72760422,-71.14439763,508-675-1054,www.sstar.org,,,,,,,,,HRSA operating hours per week: 52.50,unknown,,,,,,,,,HRSA Health Center Service Delivery and Look-Alike Sites,https://data.hrsa.gov/DataDownload/DD_Files/Health_Center_Service_Delivery_and_LookAlike_Sites.csv,2026-06-24,"Fields copied from the official HRSA CSV: site name, address, city, state, postal code, phone, website, HRSA geocoding coordinates, county/FIPS, operating hours per week, site status, and location setting. Site status: Active. Location setting: All Other Clinic Types. Operational schedule: Unknown. Daily hours, services, price, insurance, and accessibility fields were not supplied by this intake.",BPS-H80-035394,Health Center Service Delivery and Look-Alike Sites,2026-06-24,2026-06-24,needs_review,
hrsa-bps-h80-003985,MANET CHC AT SNUG HARBOR,community_health_center,9 Bicknell St,Quincy,MA,25,Norfolk County,25021,02169-6562,42.25221866,-70.96587055,617-471-4715,www.manetchc.org,,,,,,,,,HRSA operating hours per week: 48.00,unknown,,,,,,,,,HRSA Health Center Service Delivery and Look-Alike Sites,https://data.hrsa.gov/DataDownload/DD_Files/Health_Center_Service_Delivery_and_LookAlike_Sites.csv,2026-06-24,"Fields copied from the official HRSA CSV: site name, address, city, state, postal code, phone, website, HRSA geocoding coordinates, county/FIPS, operating hours per week, site status, and location setting. Site status: Active. Location setting: All Other Clinic Types. Operational schedule: Full-Time. Daily hours, services, price, insurance, and accessibility fields were not supplied by this intake.",BPS-H80-003985,Health Center Service Delivery and Look-Alike Sites,2026-06-24,2026-06-24,needs_review,
hrsa-bps-h80-037530,Manet at Father Bill's Housing Resource Center,community_health_center,39 Broad St,Quincy,MA,25,Norfolk County,25021,02169-4689,42.25519025,-70.99444195,617-376-3000,www.manetchc.org,,,,,,,,,HRSA operating hours per week: 32.50,unknown,,,,,,,,,HRSA Health Center Service Delivery and Look-Alike Sites,https://data.hrsa.gov/DataDownload/DD_Files/Health_Center_Service_Delivery_and_LookAlike_Sites.csv,2026-06-24,"Fields copied from the official HRSA CSV: site name, address, city, state, postal code, phone, website, HRSA geocoding coordinates, county/FIPS, operating hours per week, site status, and location setting. Site status: Active. Location setting: All Other Clinic Types. Operational schedule: Unknown. Daily hours, services, price, insurance, and accessibility fields were not supplied by this intake.",BPS-H80-037530,Health Center Service Delivery and Look-Alike Sites,2026-06-24,2026-06-24,needs_review,
hrsa-bps-h80-004221,EDWARD M. KENNEDY COMMUNITY HEALTH CENTER,community_health_center,19 Tacoma St,Worcester,MA,25,Worcester County,25027,01605-3516,42.30231864,-71.76613083,508-852-1805,www.kennedychc.org,,,,,,,,,HRSA operating hours per week: 61.50,unknown,,,,,,,,,HRSA Health Center Service Delivery and Look-Alike Sites,https://data.hrsa.gov/DataDownload/DD_Files/Health_Center_Service_Delivery_and_LookAlike_Sites.csv,2026-06-24,"Fields copied from the official HRSA CSV: site name, address, city, state, postal code, phone, website, HRSA geocoding coordinates, county/FIPS, operating hours per week, site status, and location setting. Site status: Active. Location setting: All Other Clinic Types. Operational schedule: Full-Time. Daily hours, services, price, insurance, and accessibility fields were not supplied by this intake.",BPS-H80-004221,Health Center Service Delivery and Look-Alike Sites,2026-06-24,2026-06-24,needs_review,
hrsa-bps-h80-009470,Lynn Community Health Center - Primary Care and Behavioral Health Services,community_health_center,280 Union St,Lynn,MA,25,Essex County,25009,01901-1353,42.46493644,-70.94311687,781-581-3900,www.lchcnet.org,,,,,,,,,HRSA operating hours per week: 52.00,unknown,,,,,,,,,HRSA Health Center Service Delivery and Look-Alike Sites,https://data.hrsa.gov/DataDownload/DD_Files/Health_Center_Service_Delivery_and_LookAlike_Sites.csv,2026-06-24,"Fields copied from the official HRSA CSV: site name, address, city, state, postal code, phone, website, HRSA geocoding coordinates, county/FIPS, operating hours per week, site status, and location setting. Site status: Active. Location setting: All Other Clinic Types. Operational schedule: Full-Time. Daily hours, services, price, insurance, and accessibility fields were not supplied by this intake.",BPS-H80-009470,Health Center Service Delivery and Look-Alike Sites,2026-06-24,2026-06-24,needs_review,
hrsa-bps-h80-004331,Program for All-Inclusive Care for the Elderly (PACE) Site,community_health_center,20 School St,Lynn,MA,25,Essex County,25009,01902-2952,42.46612441,-70.94128392,781-581-7565,http://www.lchcnet.org/AboutUs/,,,,,,,,,HRSA operating hours per week: 40.00,unknown,,,,,,,,,HRSA Health Center Service Delivery and Look-Alike Sites,https://data.hrsa.gov/DataDownload/DD_Files/Health_Center_Service_Delivery_and_LookAlike_Sites.csv,2026-06-24,"Fields copied from the official HRSA CSV: site name, address, city, state, postal code, phone, website, HRSA geocoding coordinates, county/FIPS, operating hours per week, site status, and location setting. Site status: Active. Location setting: All Other Clinic Types. Operational schedule: Full-Time. Daily hours, services, price, insurance, and accessibility fields were not supplied by this intake.",BPS-H80-004331,Health Center Service Delivery and Look-Alike Sites,2026-06-24,2026-06-24,needs_review,
hrsa-bps-h80-009263,HealthFirst Family Care Center Inc.,community_health_center,"387 Quarry St, Suite 100",Fall River,MA,25,Bristol County,25005,02723-1026,41.69331855,-71.14021054,508-679-8111,www.healthfirstfr.org,,,,,,,,,HRSA operating hours per week: 62.00,unknown,,,,,,,,,HRSA Health Center Service Delivery and Look-Alike Sites,https://data.hrsa.gov/DataDownload/DD_Files/Health_Center_Service_Delivery_and_LookAlike_Sites.csv,2026-06-24,"Fields copied from the official HRSA CSV: site name, address, city, state, postal code, phone, website, HRSA geocoding coordinates, county/FIPS, operating hours per week, site status, and location setting. Site status: Active. Location setting: All Other Clinic Types. Operational schedule: Full-Time. Daily hours, services, price, insurance, and accessibility fields were not supplied by this intake.",BPS-H80-009263,Health Center Service Delivery and Look-Alike Sites,2026-06-24,2026-06-24,needs_review,
hrsa-bps-h80-036885,The Manet CHC Mobile Van,community_health_center,1 Washington St STE 140,Taunton,MA,25,Bristol County,25005,02780-3960,41.90108481,-71.09880804,508-822-5500,www.manetchc.org,,,,,,,,,HRSA operating hours per week: 16.00,unknown,,,,,,,,,HRSA Health Center Service Delivery and Look-Alike Sites,https://data.hrsa.gov/DataDownload/DD_Files/Health_Center_Service_Delivery_and_LookAlike_Sites.csv,2026-06-24,"Fields copied from the official HRSA CSV: site name, address, city, state, postal code, phone, website, HRSA geocoding coordinates, county/FIPS, operating hours per week, site status, and location setting. Site status: Active. Location setting: All Other Clinic Types. Operational schedule: Unknown. Daily hours, services, price, insurance, and accessibility fields were not supplied by this intake.",BPS-H80-036885,Health Center Service Delivery and Look-Alike Sites,2026-06-24,2026-06-24,needs_review,
hrsa-bps-h80-011421,Whittier Street Health Center,community_health_center,1290 Tremont St,Roxbury Crossing,MA,25,Suffolk County,25025,02120-3432,42.33274398,-71.09196849,617-427-1000,http://www.wshc.org,,,,,,,,,HRSA operating hours per week: 66.00,unknown,,,,,,,,,HRSA Health Center Service Delivery and Look-Alike Sites,https://data.hrsa.gov/DataDownload/DD_Files/Health_Center_Service_Delivery_and_LookAlike_Sites.csv,2026-06-24,"Fields copied from the official HRSA CSV: site name, address, city, state, postal code, phone, website, HRSA geocoding coordinates, county/FIPS, operating hours per week, site status, and location setting. Site status: Active. Location setting: All Other Clinic Types. Operational schedule: Full-Time. Daily hours, services, price, insurance, and accessibility fields were not supplied by this intake.",BPS-H80-011421,Health Center Service Delivery and Look-Alike Sites,2026-06-24,2026-06-24,needs_review,
hrsa-bps-h80-018175,CHP Neighborhood Dental Center,community_health_center,510 North St STE 2,Pittsfield,MA,25,Berkshire County,25003,01201-4111,42.45551807,-73.25108682,413-447-2781,https://www.chpberkshires.org/,,,,,,,,,HRSA operating hours per week: 45.00,unknown,,,,,,,,,HRSA Health Center Service Delivery and Look-Alike Sites,https://data.hrsa.gov/DataDownload/DD_Files/Health_Center_Service_Delivery_and_LookAlike_Sites.csv,2026-06-24,"Fields copied from the official HRSA CSV: site name, address, city, state, postal code, phone, website, HRSA geocoding coordinates, county/FIPS, operating hours per week, site status, and location setting. Site status: Active. Location setting: All Other Clinic Types. Operational schedule: Unknown. Daily hours, services, price, insurance, and accessibility fields were not supplied by this intake.",BPS-H80-018175,Health Center Service Delivery and Look-Alike Sites,2026-06-24,2026-06-24,needs_review,
hrsa-bps-h80-032918,Whittier mobile health van #2,community_health_center,1290 Tremont St,Roxbury Crossing,MA,25,Suffolk County,25025,02120-3432,42.33274398,-71.09196849,617-427-1000,,,,,,,,,,HRSA operating hours per week: 40.00,unknown,,,,,,,,,HRSA Health Center Service Delivery and Look-Alike Sites,https://data.hrsa.gov/DataDownload/DD_Files/Health_Center_Service_Delivery_and_LookAlike_Sites.csv,2026-06-24,"Fields copied from the official HRSA CSV: site name, address, city, state, postal code, phone, website, HRSA geocoding coordinates, county/FIPS, operating hours per week, site status, and location setting. Site status: Active. Location setting: All Other Clinic Types. Operational schedule: Unknown. Daily hours, services, price, insurance, and accessibility fields were not supplied by this intake.",BPS-H80-032918,Health Center Service Delivery and Look-Alike Sites,2026-06-24,2026-06-24,needs_review,
hrsa-bps-h80-019609,Horace Mann Laboratory School,community_health_center,79 Willson Street,Salem,MA,25,Essex County,25009,01970-2828,42.50759224,-70.90888283,978-740-8388,www.nschi.org,,,,,,,,,HRSA operating hours per week: 35.00,unknown,,,,,,,,,HRSA Health Center Service Delivery and Look-Alike Sites,https://data.hrsa.gov/DataDownload/DD_Files/Health_Center_Service_Delivery_and_LookAlike_Sites.csv,2026-06-24,"Fields copied from the official HRSA CSV: site name, address, city, state, postal code, phone, website, HRSA geocoding coordinates, county/FIPS, operating hours per week, site status, and location setting. Site status: Active. Location setting: School. Operational schedule: Unknown. Daily hours, services, price, insurance, and accessibility fields were not supplied by this intake.",BPS-H80-019609,Health Center Service Delivery and Look-Alike Sites,2026-06-24,2026-06-24,needs_review,
hrsa-bps-h80-012148,Program for All-Inclusive Care for the Elderly (PACE) Site,community_health_center,37 Friend St,Lynn,MA,25,Essex County,25009,01902-3068,42.46525755,-70.94001733,781-715-6608,,,,,,,,,,HRSA operating hours per week: 10.00,unknown,,,,,,,,,HRSA Health Center Service Delivery and Look-Alike Sites,https://data.hrsa.gov/DataDownload/DD_Files/Health_Center_Service_Delivery_and_LookAlike_Sites.csv,2026-06-24,"Fields copied from the official HRSA CSV: site name, address, city, state, postal code, phone, website, HRSA geocoding coordinates, county/FIPS, operating hours per week, site status, and location setting. Site status: Active. Location setting: All Other Clinic Types. Operational schedule: Full-Time. Daily hours, services, price, insurance, and accessibility fields were not supplied by this intake.",BPS-H80-012148,Health Center Service Delivery and Look-Alike Sites,2026-06-24,2026-06-24,needs_review,
hrsa-bps-h80-033879,ISLAND HEALTH CARE DENTAL CENTER,community_health_center,1 Mariners Lndg,Edgartown,MA,25,Dukes County,25007,02539-7056,41.39495478,-70.53177070,508-627-5799 x110,www.ihimv.org,,,,,,,,,HRSA operating hours per week: 54.00,unknown,,,,,,,,,HRSA Health Center Service Delivery and Look-Alike Sites,https://data.hrsa.gov/DataDownload/DD_Files/Health_Center_Service_Delivery_and_LookAlike_Sites.csv,2026-06-24,"Fields copied from the official HRSA CSV: site name, address, city, state, postal code, phone, website, HRSA geocoding coordinates, county/FIPS, operating hours per week, site status, and location setting. Site status: Active. Location setting: All Other Clinic Types. Operational schedule: Unknown. Daily hours, services, price, insurance, and accessibility fields were not supplied by this intake.",BPS-H80-033879,Health Center Service Delivery and Look-Alike Sites,2026-06-24,2026-06-24,needs_review,
hrsa-bps-h80-022057,1100 Washington Street,community_health_center,1100 Washington St STE 306,Dorchester,MA,25,Suffolk County,25025,02124-5538,42.27390030,-71.06975117,617-825-9660,www.codman.org,,,,,,,,,,unknown,,,,,,,,,HRSA Health Center Service Delivery and Look-Alike Sites,https://data.hrsa.gov/DataDownload/DD_Files/Health_Center_Service_Delivery_and_LookAlike_Sites.csv,2026-06-24,"Fields copied from the official HRSA CSV: site name, address, city, state, postal code, phone, website, HRSA geocoding coordinates, county/FIPS, operating hours per week, site status, and location setting. Site status: Active. Location setting: Unknown. Operational schedule: Unknown. Daily hours, services, price, insurance, and accessibility fields were not supplied by this intake.",BPS-H80-022057,Health Center Service Delivery and Look-Alike Sites,2026-06-24,2026-06-24,needs_review,
hrsa-bps-h80-004936,DORCHESTER HOUSE MULTI SVS/WIC,community_health_center,1353 Dorchester Ave,Dorchester,MA,25,Suffolk County,25025,02122-2987,42.30443004,-71.05944897,617-288-3230,www.hhsi.us,,,,,,,,,HRSA operating hours per week: 40.00,unknown,,,,,,,,,HRSA Health Center Service Delivery and Look-Alike Sites,https://data.hrsa.gov/DataDownload/DD_Files/Health_Center_Service_Delivery_and_LookAlike_Sites.csv,2026-06-24,"Fields copied from the official HRSA CSV: site name, address, city, state, postal code, phone, website, HRSA geocoding coordinates, county/FIPS, operating hours per week, site status, and location setting. Site status: Active. Location setting: All Other Clinic Types. Operational schedule: Full-Time. Daily hours, services, price, insurance, and accessibility fields were not supplied by this intake.",BPS-H80-004936,Health Center Service Delivery and Look-Alike Sites,2026-06-24,2026-06-24,needs_review,
hrsa-bps-h80-011369,Charles River Community Health at 495 Western Ave,community_health_center,495 Western Ave,Brighton,MA,25,Suffolk County,25025,02135-1007,42.36204938,-71.14377620,617-783-0500,http://www.charlesriverhealth.org,,,,,,,,,HRSA operating hours per week: 59.00,unknown,,,,,,,,,HRSA Health Center Service Delivery and Look-Alike Sites,https://data.hrsa.gov/DataDownload/DD_Files/Health_Center_Service_Delivery_and_LookAlike_Sites.csv,2026-06-24,"Fields copied from the official HRSA CSV: site name, address, city, state, postal code, phone, website, HRSA geocoding coordinates, county/FIPS, operating hours per week, site status, and location setting. Site status: Active. Location setting: All Other Clinic Types. Operational schedule: Full-Time. Daily hours, services, price, insurance, and accessibility fields were not supplied by this intake.",BPS-H80-011369,Health Center Service Delivery and Look-Alike Sites,2026-06-24,2026-06-24,needs_review,
hrsa-bps-h80-008167,DotHouse Health,community_health_center,1353 Dorchester Ave,Dorchester,MA,25,Suffolk County,25025,02122-2987,42.30443004,-71.05944897,617-288-3230,www.dorchesterhouse.org,,,,,,,,,HRSA operating hours per week: 62.50,unknown,,,,,,,,,HRSA Health Center Service Delivery and Look-Alike Sites,https://data.hrsa.gov/DataDownload/DD_Files/Health_Center_Service_Delivery_and_LookAlike_Sites.csv,2026-06-24,"Fields copied from the official HRSA CSV: site name, address, city, state, postal code, phone, website, HRSA geocoding coordinates, county/FIPS, operating hours per week, site status, and location setting. Site status: Active. Location setting: All Other Clinic Types. Operational schedule: Full-Time. Daily hours, services, price, insurance, and accessibility fields were not supplied by this intake.",BPS-H80-008167,Health Center Service Delivery and Look-Alike Sites,2026-06-24,2026-06-24,needs_review,
hrsa-bps-h80-039598,1235 Boston Road Facility,community_health_center,1235 Boston Rd,Springfield,MA,25,Hampden County,25013,01119-1394,42.13990049,-72.50278537,413-739-1100,,,,,,,,,,HRSA operating hours per week: 38.75,unknown,,,,,,,,,HRSA Health Center Service Delivery and Look-Alike Sites,https://data.hrsa.gov/DataDownload/DD_Files/Health_Center_Service_Delivery_and_LookAlike_Sites.csv,2026-06-24,"Fields copied from the official HRSA CSV: site name, address, city, state, postal code, phone, website, HRSA geocoding coordinates, county/FIPS, operating hours per week, site status, and location setting. Site status: Active. Location setting: All Other Clinic Types. Operational schedule: Unknown. Daily hours, services, price, insurance, and accessibility fields were not supplied by this intake.",BPS-H80-039598,Health Center Service Delivery and Look-Alike Sites,2026-06-24,2026-06-24,needs_review,
hrsa-bps-h80-005376,225 Sumner Street,community_health_center,225 Sumner St,Boston,MA,25,Suffolk County,25025,02128-2379,42.36860369,-71.03944162,617-569-5800,www.ebnhc.org,,,,,,,,,HRSA operating hours per week: 45.00,unknown,,,,,,,,,HRSA Health Center Service Delivery and Look-Alike Sites,https://data.hrsa.gov/DataDownload/DD_Files/Health_Center_Service_Delivery_and_LookAlike_Sites.csv,2026-06-24,"Fields copied from the official HRSA CSV: site name, address, city, state, postal code, phone, website, HRSA geocoding coordinates, county/FIPS, operating hours per week, site status, and location setting. Site status: Active. Location setting: All Other Clinic Types. Operational schedule: Full-Time. Daily hours, services, price, insurance, and accessibility fields were not supplied by this intake.",BPS-H80-005376,Health Center Service Delivery and Look-Alike Sites,2026-06-24,2026-06-24,needs_review,
hrsa-bps-h80-010227,Elder Service Plan,community_health_center,1135 Morton St FL 2,Mattapan,MA,25,Suffolk County,25025,02126-2834,42.27578731,-71.07489120,617-533-2400,,,,,,,,,,HRSA operating hours per week: 62.50,unknown,,,,,,,,,HRSA Health Center Service Delivery and Look-Alike Sites,https://data.hrsa.gov/DataDownload/DD_Files/Health_Center_Service_Delivery_and_LookAlike_Sites.csv,2026-06-24,"Fields copied from the official HRSA CSV: site name, address, city, state, postal code, phone, website, HRSA geocoding coordinates, county/FIPS, operating hours per week, site status, and location setting. Site status: Active. Location setting: All Other Clinic Types. Operational schedule: Full-Time. Daily hours, services, price, insurance, and accessibility fields were not supplied by this intake.",BPS-H80-010227,Health Center Service Delivery and Look-Alike Sites,2026-06-24,2026-06-24,needs_review,
hrsa-bps-h80-038518,95 Spring Bars Rd,community_health_center,95 Spring Bars Road,Falmouth,MA,25,Barnstable County,25001,02540-3929,41.55965808,-70.59327342,508-771-7417 x377,https://duffyhealthcenter.org/,,,,,,,,,HRSA operating hours per week: 20.00,unknown,,,,,,,,,HRSA Health Center Service Delivery and Look-Alike Sites,https://data.hrsa.gov/DataDownload/DD_Files/Health_Center_Service_Delivery_and_LookAlike_Sites.csv,2026-06-24,"Fields copied from the official HRSA CSV: site name, address, city, state, postal code, phone, website, HRSA geocoding coordinates, county/FIPS, operating hours per week, site status, and location setting. Site status: Active. Location setting: All Other Clinic Types. Operational schedule: Unknown. Daily hours, services, price, insurance, and accessibility fields were not supplied by this intake.",BPS-H80-038518,Health Center Service Delivery and Look-Alike Sites,2026-06-24,2026-06-24,needs_review,
hrsa-bps-h80-022052,6 Norfolk Street,community_health_center,6 Norfolk St,Dorchester,MA,25,Suffolk County,25025,02124-3520,42.28998730,-71.07191118,617-825-9660,www.codman.org,,,,,,,,,,unknown,,,,,,,,,HRSA Health Center Service Delivery and Look-Alike Sites,https://data.hrsa.gov/DataDownload/DD_Files/Health_Center_Service_Delivery_and_LookAlike_Sites.csv,2026-06-24,"Fields copied from the official HRSA CSV: site name, address, city, state, postal code, phone, website, HRSA geocoding coordinates, county/FIPS, operating hours per week, site status, and location setting. Site status: Active. Location setting: Unknown. Operational schedule: Unknown. Daily hours, services, price, insurance, and accessibility fields were not supplied by this intake.",BPS-H80-022052,Health Center Service Delivery and Look-Alike Sites,2026-06-24,2026-06-24,needs_review,
hrsa-bps-h80-005591,DIMOCK COMMUNITY HEALTH CENTER,community_health_center,45 Dimock St,Roxbury,MA,25,Suffolk County,25025,02119-1208,42.32031010,-71.09722679,617-442-8800,www.dimock.org,,,,,,,,,HRSA operating hours per week: 58.00,unknown,,,,,,,,,HRSA Health Center Service Delivery and Look-Alike Sites,https://data.hrsa.gov/DataDownload/DD_Files/Health_Center_Service_Delivery_and_LookAlike_Sites.csv,2026-06-24,"Fields copied from the official HRSA CSV: site name, address, city, state, postal code, phone, website, HRSA geocoding coordinates, county/FIPS, operating hours per week, site status, and location setting. Site status: Active. Location setting: All Other Clinic Types. Operational schedule: Full-Time. Daily hours, services, price, insurance, and accessibility fields were not supplied by this intake.",BPS-H80-005591,Health Center Service Delivery and Look-Alike Sites,2026-06-24,2026-06-24,needs_review,
