id,name,facilityType,address,city,state,stateFips,county,countyFips,postalCode,latitude,longitude,phone,website,services,monday,tuesday,wednesday,thursday,friday,saturday,sunday,hoursNotes,priceLevel,acceptsSlidingScale,estimatedVisitCost,priceNotes,acceptsMedicaid,acceptsMedicare,acceptsUninsured,insuranceNotes,accessibilityInfo,sourceName,sourceUrl,sourceLastChecked,sourceNotes,sourceId,sourceDataset,sourceLastUpdated,lastVerified,verificationStatus,isDemoData
hrsa-bps-h80-040284,Neighborhood Health Arlington Pediatric Center,community_health_center,"2301 Columbia Pike, Apartment G",Arlington,VA,51,Arlington County,51013,22204-4478,38.86387684,-77.08276347,703-535-5568,,,,,,,,,,HRSA operating hours per week: 46.50,unknown,,,,,,,,,HRSA Health Center Service Delivery and Look-Alike Sites,https://data.hrsa.gov/DataDownload/DD_Files/Health_Center_Service_Delivery_and_LookAlike_Sites.csv,2026-06-24,"Fields copied from the official HRSA CSV: site name, address, city, state, postal code, phone, website, HRSA geocoding coordinates, county/FIPS, operating hours per week, site status, and location setting. Site status: Active. Location setting: All Other Clinic Types. Operational schedule: Unknown. Daily hours, services, price, insurance, and accessibility fields were not supplied by this intake.",BPS-H80-040284,Health Center Service Delivery and Look-Alike Sites,2026-06-24,2026-06-24,needs_review,
hrsa-bps-h80-013829,Neighborhood Health at the Gartlan Mental Health Center,community_health_center,8119 Holland Rd,Alexandria,VA,51,Fairfax County,51059,22306-3199,38.73728663,-77.07911642,703-535-5568,www.neighborhoodhealthva.org,,,,,,,,,HRSA operating hours per week: 12.50,unknown,,,,,,,,,HRSA Health Center Service Delivery and Look-Alike Sites,https://data.hrsa.gov/DataDownload/DD_Files/Health_Center_Service_Delivery_and_LookAlike_Sites.csv,2026-06-24,"Fields copied from the official HRSA CSV: site name, address, city, state, postal code, phone, website, HRSA geocoding coordinates, county/FIPS, operating hours per week, site status, and location setting. Site status: Active. Location setting: All Other Clinic Types. Operational schedule: Part-Time. Daily hours, services, price, insurance, and accessibility fields were not supplied by this intake.",BPS-H80-013829,Health Center Service Delivery and Look-Alike Sites,2026-06-24,2026-06-24,needs_review,
hrsa-bps-h80-037155,Stone Mountain Health Services Billing Office,community_health_center,108 Fisher Rd,Jonesville,VA,51,Lee County,51105,24263,36.72595471,-83.09412436,276-546-0064,,,,,,,,,,HRSA operating hours per week: 40.00,unknown,,,,,,,,,HRSA Health Center Service Delivery and Look-Alike Sites,https://data.hrsa.gov/DataDownload/DD_Files/Health_Center_Service_Delivery_and_LookAlike_Sites.csv,2026-06-24,"Fields copied from the official HRSA CSV: site name, address, city, state, postal code, phone, website, HRSA geocoding coordinates, county/FIPS, operating hours per week, site status, and location setting. Site status: Active. Location setting: All Other Clinic Types. Operational schedule: Unknown. Daily hours, services, price, insurance, and accessibility fields were not supplied by this intake.",BPS-H80-037155,Health Center Service Delivery and Look-Alike Sites,2026-06-24,2026-06-24,needs_review,
hrsa-bps-h80-000557,JOHNSON HEALTH CENTER,community_health_center,320 Federal St,Lynchburg,VA,51,Lynchburg City,51680,24504-2306,37.41634986,-79.15137979,434-947-5967,,,,,,,,,,HRSA operating hours per week: 51.50,unknown,,,,,,,,,HRSA Health Center Service Delivery and Look-Alike Sites,https://data.hrsa.gov/DataDownload/DD_Files/Health_Center_Service_Delivery_and_LookAlike_Sites.csv,2026-06-24,"Fields copied from the official HRSA CSV: site name, address, city, state, postal code, phone, website, HRSA geocoding coordinates, county/FIPS, operating hours per week, site status, and location setting. Site status: Active. Location setting: All Other Clinic Types. Operational schedule: Full-Time. Daily hours, services, price, insurance, and accessibility fields were not supplied by this intake.",BPS-H80-000557,Health Center Service Delivery and Look-Alike Sites,2026-06-24,2026-06-24,needs_review,
hrsa-bps-h80-005834,THE HEALING PLACE,community_health_center,700 Dinwiddie Ave,Richmond,VA,51,Richmond City,51760,23224-5522,37.51711547,-77.43431088,804-783-2505 x230,,,,,,,,,,HRSA operating hours per week: 8.00,unknown,,,,,,,,,HRSA Health Center Service Delivery and Look-Alike Sites,https://data.hrsa.gov/DataDownload/DD_Files/Health_Center_Service_Delivery_and_LookAlike_Sites.csv,2026-06-24,"Fields copied from the official HRSA CSV: site name, address, city, state, postal code, phone, website, HRSA geocoding coordinates, county/FIPS, operating hours per week, site status, and location setting. Site status: Active. Location setting: All Other Clinic Types. Operational schedule: Part-Time. Daily hours, services, price, insurance, and accessibility fields were not supplied by this intake.",BPS-H80-005834,Health Center Service Delivery and Look-Alike Sites,2026-06-24,2026-06-24,needs_review,
hrsa-bps-h80-005879,Nelson County High School,community_health_center,6919 Thomas Nelson Hwy,Lovingston,VA,51,Nelson County,51125,22949-2101,37.73251559,-78.89678543,434-263-6892,www.brmedical.org,,,,,,,,,HRSA operating hours per week: 40.00,unknown,,,,,,,,,HRSA Health Center Service Delivery and Look-Alike Sites,https://data.hrsa.gov/DataDownload/DD_Files/Health_Center_Service_Delivery_and_LookAlike_Sites.csv,2026-06-24,"Fields copied from the official HRSA CSV: site name, address, city, state, postal code, phone, website, HRSA geocoding coordinates, county/FIPS, operating hours per week, site status, and location setting. Site status: Active. Location setting: School. Operational schedule: Part-Time. Daily hours, services, price, insurance, and accessibility fields were not supplied by this intake.",BPS-H80-005879,Health Center Service Delivery and Look-Alike Sites,2026-06-24,2026-06-24,needs_review,
hrsa-bps-h80-031607,Tri-Area Community Health - Grayson Highlands,community_health_center,6436 Troutdale Hwy,Troutdale,VA,51,Grayson County,51077,24378-2023,36.65283635,-81.40511069,866-942-0401,,,,,,,,,,HRSA operating hours per week: 39.00,unknown,,,,,,,,,HRSA Health Center Service Delivery and Look-Alike Sites,https://data.hrsa.gov/DataDownload/DD_Files/Health_Center_Service_Delivery_and_LookAlike_Sites.csv,2026-06-24,"Fields copied from the official HRSA CSV: site name, address, city, state, postal code, phone, website, HRSA geocoding coordinates, county/FIPS, operating hours per week, site status, and location setting. Site status: Active. Location setting: All Other Clinic Types. Operational schedule: Unknown. Daily hours, services, price, insurance, and accessibility fields were not supplied by this intake.",BPS-H80-031607,Health Center Service Delivery and Look-Alike Sites,2026-06-24,2026-06-24,needs_review,
hrsa-bps-h80-000800,Surry Medical Center,community_health_center,440 Colonial Trl W,Dendron,VA,51,Surry County,51181,23839-2205,37.12513514,-76.85011695,804-834-8871,NONE,,,,,,,,,HRSA operating hours per week: 44.50,unknown,,,,,,,,,HRSA Health Center Service Delivery and Look-Alike Sites,https://data.hrsa.gov/DataDownload/DD_Files/Health_Center_Service_Delivery_and_LookAlike_Sites.csv,2026-06-24,"Fields copied from the official HRSA CSV: site name, address, city, state, postal code, phone, website, HRSA geocoding coordinates, county/FIPS, operating hours per week, site status, and location setting. Site status: Active. Location setting: All Other Clinic Types. Operational schedule: Full-Time. Daily hours, services, price, insurance, and accessibility fields were not supplied by this intake.",BPS-H80-000800,Health Center Service Delivery and Look-Alike Sites,2026-06-24,2026-06-24,needs_review,
hrsa-bps-h80-034339,Bluestone Health Clinic,community_health_center,562 Virginia Ave,Bluefield,VA,51,Tazewell County,51185,24605-1729,37.25301477,-81.27112429,304-431-5499,,,,,,,,,,HRSA operating hours per week: 42.50,unknown,,,,,,,,,HRSA Health Center Service Delivery and Look-Alike Sites,https://data.hrsa.gov/DataDownload/DD_Files/Health_Center_Service_Delivery_and_LookAlike_Sites.csv,2026-06-24,"Fields copied from the official HRSA CSV: site name, address, city, state, postal code, phone, website, HRSA geocoding coordinates, county/FIPS, operating hours per week, site status, and location setting. Site status: Active. Location setting: All Other Clinic Types. Operational schedule: Unknown. Daily hours, services, price, insurance, and accessibility fields were not supplied by this intake.",BPS-H80-034339,Health Center Service Delivery and Look-Alike Sites,2026-06-24,2026-06-24,needs_review,
hrsa-bps-h80-036644,Mobile Medical Van,community_health_center,1541 High St,Portsmouth,VA,51,Portsmouth City,51740,23704-3209,36.83445178,-76.31713143,757-398-2749,,,,,,,,,,HRSA operating hours per week: 28.00,unknown,,,,,,,,,HRSA Health Center Service Delivery and Look-Alike Sites,https://data.hrsa.gov/DataDownload/DD_Files/Health_Center_Service_Delivery_and_LookAlike_Sites.csv,2026-06-24,"Fields copied from the official HRSA CSV: site name, address, city, state, postal code, phone, website, HRSA geocoding coordinates, county/FIPS, operating hours per week, site status, and location setting. Site status: Active. Location setting: All Other Clinic Types. Operational schedule: Unknown. Daily hours, services, price, insurance, and accessibility fields were not supplied by this intake.",BPS-H80-036644,Health Center Service Delivery and Look-Alike Sites,2026-06-24,2026-06-24,needs_review,
hrsa-bps-h80-034774,Kiptopeke Dental,community_health_center,24023 Fairview Rd,Cape Charles,VA,51,Northampton County,51131,23310-2153,37.25228718,-75.97039045,757-331-1048 x1210,www.esrh.org,,,,,,,,,HRSA operating hours per week: 16.00,unknown,,,,,,,,,HRSA Health Center Service Delivery and Look-Alike Sites,https://data.hrsa.gov/DataDownload/DD_Files/Health_Center_Service_Delivery_and_LookAlike_Sites.csv,2026-06-24,"Fields copied from the official HRSA CSV: site name, address, city, state, postal code, phone, website, HRSA geocoding coordinates, county/FIPS, operating hours per week, site status, and location setting. Site status: Active. Location setting: School. Operational schedule: Unknown. Daily hours, services, price, insurance, and accessibility fields were not supplied by this intake.",BPS-H80-034774,Health Center Service Delivery and Look-Alike Sites,2026-06-24,2026-06-24,needs_review,
hrsa-bps-h80-018075,Nelson County Middle School,community_health_center,6925 Thomas Nelson Hwy,Lovingston,VA,51,Nelson County,51125,22949-2101,37.73223085,-78.89413046,434-263-4801,,,,,,,,,,HRSA operating hours per week: 40.00,unknown,,,,,,,,,HRSA Health Center Service Delivery and Look-Alike Sites,https://data.hrsa.gov/DataDownload/DD_Files/Health_Center_Service_Delivery_and_LookAlike_Sites.csv,2026-06-24,"Fields copied from the official HRSA CSV: site name, address, city, state, postal code, phone, website, HRSA geocoding coordinates, county/FIPS, operating hours per week, site status, and location setting. Site status: Active. Location setting: School. Operational schedule: Unknown. Daily hours, services, price, insurance, and accessibility fields were not supplied by this intake.",BPS-H80-018075,Health Center Service Delivery and Look-Alike Sites,2026-06-24,2026-06-24,needs_review,
hrsa-bps-h80-031519,CVHS Charlottesville,community_health_center,"1101 E Jefferson St, Ste 1",Charlottesville,VA,51,Charlottesville City,51540,22902-5353,38.02944145,-78.47127510,434-227-5624,www.cvhsinc.org,,,,,,,,,HRSA operating hours per week: 51.00,unknown,,,,,,,,,HRSA Health Center Service Delivery and Look-Alike Sites,https://data.hrsa.gov/DataDownload/DD_Files/Health_Center_Service_Delivery_and_LookAlike_Sites.csv,2026-06-24,"Fields copied from the official HRSA CSV: site name, address, city, state, postal code, phone, website, HRSA geocoding coordinates, county/FIPS, operating hours per week, site status, and location setting. Site status: Active. Location setting: Hospital. Operational schedule: Unknown. Daily hours, services, price, insurance, and accessibility fields were not supplied by this intake.",BPS-H80-031519,Health Center Service Delivery and Look-Alike Sites,2026-06-24,2026-06-24,needs_review,
hrsa-bps-h80-001604,DAILY PLANET HEALTHCARE FOR THE HOMELESS PROGRAM,community_health_center,517 W Grace St,Richmond,VA,51,Richmond City,51760,23220-4911,37.54762614,-77.44774539,804-783-2505 x230,www.dailyplanetva.org,,,,,,,,,HRSA operating hours per week: 44.00,unknown,,,,,,,,,HRSA Health Center Service Delivery and Look-Alike Sites,https://data.hrsa.gov/DataDownload/DD_Files/Health_Center_Service_Delivery_and_LookAlike_Sites.csv,2026-06-24,"Fields copied from the official HRSA CSV: site name, address, city, state, postal code, phone, website, HRSA geocoding coordinates, county/FIPS, operating hours per week, site status, and location setting. Site status: Active. Location setting: All Other Clinic Types. Operational schedule: Full-Time. Daily hours, services, price, insurance, and accessibility fields were not supplied by this intake.",BPS-H80-001604,Health Center Service Delivery and Look-Alike Sites,2026-06-24,2026-06-24,needs_review,
hrsa-bps-h80-007800,Virginia Beach Family Medical Center,community_health_center,940 General Booth Blvd,Virginia Beach,VA,51,Virginia Beach City,51810,23451-4861,36.80801300,-75.99014601,757-425-3610,,,,,,,,,,HRSA operating hours per week: 51.00,unknown,,,,,,,,,HRSA Health Center Service Delivery and Look-Alike Sites,https://data.hrsa.gov/DataDownload/DD_Files/Health_Center_Service_Delivery_and_LookAlike_Sites.csv,2026-06-24,"Fields copied from the official HRSA CSV: site name, address, city, state, postal code, phone, website, HRSA geocoding coordinates, county/FIPS, operating hours per week, site status, and location setting. Site status: Active. Location setting: All Other Clinic Types. Operational schedule: Unknown. Daily hours, services, price, insurance, and accessibility fields were not supplied by this intake.",BPS-H80-007800,Health Center Service Delivery and Look-Alike Sites,2026-06-24,2026-06-24,needs_review,
hrsa-bps-h80-036124,Neighborhood Health Joseph Willard Dental,community_health_center,3750 Old Lee Hwy,Fairfax,VA,51,Fairfax City,51600,22030-1806,38.85073721,-77.29897373,703-535-5568,,,,,,,,,,HRSA operating hours per week: 42.50,unknown,,,,,,,,,HRSA Health Center Service Delivery and Look-Alike Sites,https://data.hrsa.gov/DataDownload/DD_Files/Health_Center_Service_Delivery_and_LookAlike_Sites.csv,2026-06-24,"Fields copied from the official HRSA CSV: site name, address, city, state, postal code, phone, website, HRSA geocoding coordinates, county/FIPS, operating hours per week, site status, and location setting. Site status: Active. Location setting: All Other Clinic Types. Operational schedule: Unknown. Daily hours, services, price, insurance, and accessibility fields were not supplied by this intake.",BPS-H80-036124,Health Center Service Delivery and Look-Alike Sites,2026-06-24,2026-06-24,needs_review,
hrsa-bps-h80-008368,CVHS Caroline,community_health_center,"102 W Broaddus Ave, Suite 200",Bowling Green,VA,51,Caroline County,51033,22427-9404,38.05440669,-77.35064037,804-632-1030,http://www.cvhsinc.org,,,,,,,,,HRSA operating hours per week: 42.05,unknown,,,,,,,,,HRSA Health Center Service Delivery and Look-Alike Sites,https://data.hrsa.gov/DataDownload/DD_Files/Health_Center_Service_Delivery_and_LookAlike_Sites.csv,2026-06-24,"Fields copied from the official HRSA CSV: site name, address, city, state, postal code, phone, website, HRSA geocoding coordinates, county/FIPS, operating hours per week, site status, and location setting. Site status: Active. Location setting: All Other Clinic Types. Operational schedule: Full-Time. Daily hours, services, price, insurance, and accessibility fields were not supplied by this intake.",BPS-H80-008368,Health Center Service Delivery and Look-Alike Sites,2026-06-24,2026-06-24,needs_review,
hrsa-bps-h80-027764,Neighborhood Health at South County Center,community_health_center,"8350 Richmond Hwy, Suite 301",Alexandria,VA,51,Fairfax County,51059,22309-2344,38.73150492,-77.10412030,703-535-5568,,,,,,,,,,HRSA operating hours per week: 45.00,unknown,,,,,,,,,HRSA Health Center Service Delivery and Look-Alike Sites,https://data.hrsa.gov/DataDownload/DD_Files/Health_Center_Service_Delivery_and_LookAlike_Sites.csv,2026-06-24,"Fields copied from the official HRSA CSV: site name, address, city, state, postal code, phone, website, HRSA geocoding coordinates, county/FIPS, operating hours per week, site status, and location setting. Site status: Active. Location setting: All Other Clinic Types. Operational schedule: Unknown. Daily hours, services, price, insurance, and accessibility fields were not supplied by this intake.",BPS-H80-027764,Health Center Service Delivery and Look-Alike Sites,2026-06-24,2026-06-24,needs_review,
hrsa-bps-h80-037826,PATHS Community Medical Center - Martinsville,community_health_center,315 Hospital Dr,Martinsville,VA,51,Martinsville City,51690,24112-1945,36.69734480,-79.86588305,276-632-2966,,,,,,,,,,HRSA operating hours per week: 49.00,unknown,,,,,,,,,HRSA Health Center Service Delivery and Look-Alike Sites,https://data.hrsa.gov/DataDownload/DD_Files/Health_Center_Service_Delivery_and_LookAlike_Sites.csv,2026-06-24,"Fields copied from the official HRSA CSV: site name, address, city, state, postal code, phone, website, HRSA geocoding coordinates, county/FIPS, operating hours per week, site status, and location setting. Site status: Active. Location setting: All Other Clinic Types. Operational schedule: Unknown. Daily hours, services, price, insurance, and accessibility fields were not supplied by this intake.",BPS-H80-037826,Health Center Service Delivery and Look-Alike Sites,2026-06-24,2026-06-24,needs_review,
hrsa-bps-h80-029753,Johnson Health Center Community Dental Program,community_health_center,134 Elon Rd,Madison Heights,VA,51,Amherst County,51009,24572-2536,37.46748756,-79.12063036,434-929-1400,www.jhcvirginia.org,,,,,,,,,HRSA operating hours per week: 45.00,unknown,,,,,,,,,HRSA Health Center Service Delivery and Look-Alike Sites,https://data.hrsa.gov/DataDownload/DD_Files/Health_Center_Service_Delivery_and_LookAlike_Sites.csv,2026-06-24,"Fields copied from the official HRSA CSV: site name, address, city, state, postal code, phone, website, HRSA geocoding coordinates, county/FIPS, operating hours per week, site status, and location setting. Site status: Active. Location setting: All Other Clinic Types. Operational schedule: Unknown. Daily hours, services, price, insurance, and accessibility fields were not supplied by this intake.",BPS-H80-029753,Health Center Service Delivery and Look-Alike Sites,2026-06-24,2026-06-24,needs_review,
hrsa-bps-h80-011542,Johnson Health Center Administration,community_health_center,134 Elon Rd,Madison Heights,VA,51,Amherst County,51009,24572-2536,37.46748756,-79.12063036,434-455-2480,www.jhcvirginia.org,,,,,,,,,HRSA operating hours per week: 40.00,unknown,,,,,,,,,HRSA Health Center Service Delivery and Look-Alike Sites,https://data.hrsa.gov/DataDownload/DD_Files/Health_Center_Service_Delivery_and_LookAlike_Sites.csv,2026-06-24,"Fields copied from the official HRSA CSV: site name, address, city, state, postal code, phone, website, HRSA geocoding coordinates, county/FIPS, operating hours per week, site status, and location setting. Site status: Active. Location setting: All Other Clinic Types. Operational schedule: Full-Time. Daily hours, services, price, insurance, and accessibility fields were not supplied by this intake.",BPS-H80-011542,Health Center Service Delivery and Look-Alike Sites,2026-06-24,2026-06-24,needs_review,
hrsa-bps-h80-006537,PUNGOTEAGUE DENTAL PROGRAM,community_health_center,28480 Bobtown Rd,Melfa,VA,51,Accomack County,51001,23410-3508,37.65254360,-75.79239504,757-789-7777,www.esrh.org,,,,,,,,,HRSA operating hours per week: 40.00,unknown,,,,,,,,,HRSA Health Center Service Delivery and Look-Alike Sites,https://data.hrsa.gov/DataDownload/DD_Files/Health_Center_Service_Delivery_and_LookAlike_Sites.csv,2026-06-24,"Fields copied from the official HRSA CSV: site name, address, city, state, postal code, phone, website, HRSA geocoding coordinates, county/FIPS, operating hours per week, site status, and location setting. Site status: Active. Location setting: School. Operational schedule: Part-Time. Daily hours, services, price, insurance, and accessibility fields were not supplied by this intake.",BPS-H80-006537,Health Center Service Delivery and Look-Alike Sites,2026-06-24,2026-06-24,needs_review,
hrsa-bps-h80-027697,"Piedmont Access To Health Services, Inc. Administrative  Office",community_health_center,116 S Ridge St,Danville,VA,51,Danville City,51590,24541-1314,36.58580615,-79.39469831,434-791-3630,www.pathsinc.org,,,,,,,,,,unknown,,,,,,,,,HRSA Health Center Service Delivery and Look-Alike Sites,https://data.hrsa.gov/DataDownload/DD_Files/Health_Center_Service_Delivery_and_LookAlike_Sites.csv,2026-06-24,"Fields copied from the official HRSA CSV: site name, address, city, state, postal code, phone, website, HRSA geocoding coordinates, county/FIPS, operating hours per week, site status, and location setting. Site status: Active. Location setting: Unknown. Operational schedule: Unknown. Daily hours, services, price, insurance, and accessibility fields were not supplied by this intake.",BPS-H80-027697,Health Center Service Delivery and Look-Alike Sites,2026-06-24,2026-06-24,needs_review,
hrsa-bps-h80-012566,PATHS Community Medical Center - Boydton,community_health_center,380 Washington St,Boydton,VA,51,Mecklenburg County,51117,23917-3415,36.66670857,-78.38775421,434-738-6420,www.pathsinc.org,,,,,,,,,HRSA operating hours per week: 51.00,unknown,,,,,,,,,HRSA Health Center Service Delivery and Look-Alike Sites,https://data.hrsa.gov/DataDownload/DD_Files/Health_Center_Service_Delivery_and_LookAlike_Sites.csv,2026-06-24,"Fields copied from the official HRSA CSV: site name, address, city, state, postal code, phone, website, HRSA geocoding coordinates, county/FIPS, operating hours per week, site status, and location setting. Site status: Active. Location setting: All Other Clinic Types. Operational schedule: Full-Time. Daily hours, services, price, insurance, and accessibility fields were not supplied by this intake.",BPS-H80-012566,Health Center Service Delivery and Look-Alike Sites,2026-06-24,2026-06-24,needs_review,
hrsa-bps-h80-010195,CRAIG COUNTY DENTAL CENTER,community_health_center,230 Market St,New Castle,VA,51,Craig County,51045,24127-6080,37.50467337,-80.10975637,304-772-3064,,,,,,,,,,HRSA operating hours per week: 36.00,unknown,,,,,,,,,HRSA Health Center Service Delivery and Look-Alike Sites,https://data.hrsa.gov/DataDownload/DD_Files/Health_Center_Service_Delivery_and_LookAlike_Sites.csv,2026-06-24,"Fields copied from the official HRSA CSV: site name, address, city, state, postal code, phone, website, HRSA geocoding coordinates, county/FIPS, operating hours per week, site status, and location setting. Site status: Active. Location setting: All Other Clinic Types. Operational schedule: Full-Time. Daily hours, services, price, insurance, and accessibility fields were not supplied by this intake.",BPS-H80-010195,Health Center Service Delivery and Look-Alike Sites,2026-06-24,2026-06-24,needs_review,
hrsa-bps-h80-031280,PATHS Community Pharmacy - Danville,community_health_center,133 S Ridge St,Danville,VA,51,Danville City,51590,24541-1313,36.58567832,-79.39394092,434-791-4880,,,,,,,,,,HRSA operating hours per week: 50.00,unknown,,,,,,,,,HRSA Health Center Service Delivery and Look-Alike Sites,https://data.hrsa.gov/DataDownload/DD_Files/Health_Center_Service_Delivery_and_LookAlike_Sites.csv,2026-06-24,"Fields copied from the official HRSA CSV: site name, address, city, state, postal code, phone, website, HRSA geocoding coordinates, county/FIPS, operating hours per week, site status, and location setting. Site status: Active. Location setting: All Other Clinic Types. Operational schedule: Unknown. Daily hours, services, price, insurance, and accessibility fields were not supplied by this intake.",BPS-H80-031280,Health Center Service Delivery and Look-Alike Sites,2026-06-24,2026-06-24,needs_review,
hrsa-bps-lal-037987,Old Forest Road Dental,community_health_center,3718 Old Forest Rd,Lynchburg,VA,51,Lynchburg City,51680,24501-6900,37.40366934,-79.22137429,434-818-7880,,,,,,,,,,HRSA operating hours per week: 37.00,unknown,,,,,,,,,HRSA Health Center Service Delivery and Look-Alike Sites,https://data.hrsa.gov/DataDownload/DD_Files/Health_Center_Service_Delivery_and_LookAlike_Sites.csv,2026-06-24,"Fields copied from the official HRSA CSV: site name, address, city, state, postal code, phone, website, HRSA geocoding coordinates, county/FIPS, operating hours per week, site status, and location setting. Site status: Active. Location setting: All Other Clinic Types. Operational schedule: Unknown. Daily hours, services, price, insurance, and accessibility fields were not supplied by this intake.",BPS-LAL-037987,Health Center Service Delivery and Look-Alike Sites,2026-06-24,2026-06-24,needs_review,
hrsa-bps-h80-031548,Health Centers of the Piedmont - Chatham,community_health_center,30 S Main St,Chatham,VA,51,Pittsylvania County,51143,24531-5436,36.82525248,-79.39835419,434-432-4443,,,,,,,,,,HRSA operating hours per week: 49.00,unknown,,,,,,,,,HRSA Health Center Service Delivery and Look-Alike Sites,https://data.hrsa.gov/DataDownload/DD_Files/Health_Center_Service_Delivery_and_LookAlike_Sites.csv,2026-06-24,"Fields copied from the official HRSA CSV: site name, address, city, state, postal code, phone, website, HRSA geocoding coordinates, county/FIPS, operating hours per week, site status, and location setting. Site status: Active. Location setting: All Other Clinic Types. Operational schedule: Unknown. Daily hours, services, price, insurance, and accessibility fields were not supplied by this intake.",BPS-H80-031548,Health Center Service Delivery and Look-Alike Sites,2026-06-24,2026-06-24,needs_review,
hrsa-bps-h80-010106,"Kuumba Community Health and Wellness Center, Inc. d/b/a New Horizons Healthcare",community_health_center,3716 Melrose Ave NW,Roanoke,VA,51,Roanoke City,51770,24017-2716,37.29390358,-79.99800456,540-362-1788,www.newhorizonshealthcare.org,,,,,,,,,HRSA operating hours per week: 60.00,unknown,,,,,,,,,HRSA Health Center Service Delivery and Look-Alike Sites,https://data.hrsa.gov/DataDownload/DD_Files/Health_Center_Service_Delivery_and_LookAlike_Sites.csv,2026-06-24,"Fields copied from the official HRSA CSV: site name, address, city, state, postal code, phone, website, HRSA geocoding coordinates, county/FIPS, operating hours per week, site status, and location setting. Site status: Active. Location setting: All Other Clinic Types. Operational schedule: Full-Time. Daily hours, services, price, insurance, and accessibility fields were not supplied by this intake.",BPS-H80-010106,Health Center Service Delivery and Look-Alike Sites,2026-06-24,2026-06-24,needs_review,
hrsa-bps-h80-036237,Park Place Family Health Center,community_health_center,"155 Kingsley Ln, Suite 320",Norfolk,VA,51,Norfolk City,51710,23505-4629,36.89862933,-76.28231485,757-393-6363,www.hrchc.org,,,,,,,,,HRSA operating hours per week: 32.00,unknown,,,,,,,,,HRSA Health Center Service Delivery and Look-Alike Sites,https://data.hrsa.gov/DataDownload/DD_Files/Health_Center_Service_Delivery_and_LookAlike_Sites.csv,2026-06-24,"Fields copied from the official HRSA CSV: site name, address, city, state, postal code, phone, website, HRSA geocoding coordinates, county/FIPS, operating hours per week, site status, and location setting. Site status: Active. Location setting: All Other Clinic Types. Operational schedule: Unknown. Daily hours, services, price, insurance, and accessibility fields were not supplied by this intake.",BPS-H80-036237,Health Center Service Delivery and Look-Alike Sites,2026-06-24,2026-06-24,needs_review,
hrsa-bps-h80-003265,HIGHLAND MEDICAL CENTER,community_health_center,120 Jackson River Rd,Monterey,VA,51,Highland County,51091,24465-2416,38.41054906,-79.58105609,540-468-6400,www.ourhmc.org,,,,,,,,,HRSA operating hours per week: 49.00,unknown,,,,,,,,,HRSA Health Center Service Delivery and Look-Alike Sites,https://data.hrsa.gov/DataDownload/DD_Files/Health_Center_Service_Delivery_and_LookAlike_Sites.csv,2026-06-24,"Fields copied from the official HRSA CSV: site name, address, city, state, postal code, phone, website, HRSA geocoding coordinates, county/FIPS, operating hours per week, site status, and location setting. Site status: Active. Location setting: All Other Clinic Types. Operational schedule: Full-Time. Daily hours, services, price, insurance, and accessibility fields were not supplied by this intake.",BPS-H80-003265,Health Center Service Delivery and Look-Alike Sites,2026-06-24,2026-06-24,needs_review,
hrsa-bps-h80-028160,CVHS Downtown Petersburg,community_health_center,25 S Union St,Petersburg,VA,51,Petersburg City,51730,23803-4221,37.22678070,-77.40445148,434-581-4073,www.cvhsinc.org,,,,,,,,,HRSA operating hours per week: 44.00,unknown,,,,,,,,,HRSA Health Center Service Delivery and Look-Alike Sites,https://data.hrsa.gov/DataDownload/DD_Files/Health_Center_Service_Delivery_and_LookAlike_Sites.csv,2026-06-24,"Fields copied from the official HRSA CSV: site name, address, city, state, postal code, phone, website, HRSA geocoding coordinates, county/FIPS, operating hours per week, site status, and location setting. Site status: Active. Location setting: All Other Clinic Types. Operational schedule: Unknown. Daily hours, services, price, insurance, and accessibility fields were not supplied by this intake.",BPS-H80-028160,Health Center Service Delivery and Look-Alike Sites,2026-06-24,2026-06-24,needs_review,
hrsa-bps-h80-028292,Van Pelt Elementary School,community_health_center,350 Spring Hill Ter,Bristol,VA,51,Bristol City,51520,24201-1893,36.62175160,-82.13988090,276-496-4492,,,,,,,,,,HRSA operating hours per week: 40.00,unknown,,,,,,,,,HRSA Health Center Service Delivery and Look-Alike Sites,https://data.hrsa.gov/DataDownload/DD_Files/Health_Center_Service_Delivery_and_LookAlike_Sites.csv,2026-06-24,"Fields copied from the official HRSA CSV: site name, address, city, state, postal code, phone, website, HRSA geocoding coordinates, county/FIPS, operating hours per week, site status, and location setting. Site status: Active. Location setting: School. Operational schedule: Unknown. Daily hours, services, price, insurance, and accessibility fields were not supplied by this intake.",BPS-H80-028292,Health Center Service Delivery and Look-Alike Sites,2026-06-24,2026-06-24,needs_review,
hrsa-bps-h80-032671,Daily Planet Health Services Mobile Unit,community_health_center,517 W Grace St,Richmond,VA,51,Richmond City,51760,23220-4911,37.54762614,-77.44774539,804-783-2505,,,,,,,,,,HRSA operating hours per week: 24.00,unknown,,,,,,,,,HRSA Health Center Service Delivery and Look-Alike Sites,https://data.hrsa.gov/DataDownload/DD_Files/Health_Center_Service_Delivery_and_LookAlike_Sites.csv,2026-06-24,"Fields copied from the official HRSA CSV: site name, address, city, state, postal code, phone, website, HRSA geocoding coordinates, county/FIPS, operating hours per week, site status, and location setting. Site status: Active. Location setting: All Other Clinic Types. Operational schedule: Unknown. Daily hours, services, price, insurance, and accessibility fields were not supplied by this intake.",BPS-H80-032671,Health Center Service Delivery and Look-Alike Sites,2026-06-24,2026-06-24,needs_review,
hrsa-bps-h80-031152,Northwood Middle School,community_health_center,156 Long Hollow Rd,Saltville,VA,51,Smyth County,51173,24370-4140,36.92983520,-81.62636192,276-496-4492,,,,,,,,,,HRSA operating hours per week: 40.00,unknown,,,,,,,,,HRSA Health Center Service Delivery and Look-Alike Sites,https://data.hrsa.gov/DataDownload/DD_Files/Health_Center_Service_Delivery_and_LookAlike_Sites.csv,2026-06-24,"Fields copied from the official HRSA CSV: site name, address, city, state, postal code, phone, website, HRSA geocoding coordinates, county/FIPS, operating hours per week, site status, and location setting. Site status: Active. Location setting: School. Operational schedule: Unknown. Daily hours, services, price, insurance, and accessibility fields were not supplied by this intake.",BPS-H80-031152,Health Center Service Delivery and Look-Alike Sites,2026-06-24,2026-06-24,needs_review,
hrsa-bps-h80-038712,Tri-Area Community Health at Carroll County Schools,community_health_center,100 Cavs Ln,Hillsville,VA,51,Carroll County,51035,24343-1669,36.76208256,-80.72344831,866-942-0401,,,,,,,,,,HRSA operating hours per week: 39.00,unknown,,,,,,,,,HRSA Health Center Service Delivery and Look-Alike Sites,https://data.hrsa.gov/DataDownload/DD_Files/Health_Center_Service_Delivery_and_LookAlike_Sites.csv,2026-06-24,"Fields copied from the official HRSA CSV: site name, address, city, state, postal code, phone, website, HRSA geocoding coordinates, county/FIPS, operating hours per week, site status, and location setting. Site status: Active. Location setting: School. Operational schedule: Unknown. Daily hours, services, price, insurance, and accessibility fields were not supplied by this intake.",BPS-H80-038712,Health Center Service Delivery and Look-Alike Sites,2026-06-24,2026-06-24,needs_review,
hrsa-bps-h80-036420,Atlantic Community Pharmacy,community_health_center,7001 Lankford Hwy,Oak Hall,VA,51,Accomack County,51001,23416-2223,37.94462836,-75.54029798,757-824-4477,www.esrh.org,,,,,,,,,HRSA operating hours per week: 49.00,unknown,,,,,,,,,HRSA Health Center Service Delivery and Look-Alike Sites,https://data.hrsa.gov/DataDownload/DD_Files/Health_Center_Service_Delivery_and_LookAlike_Sites.csv,2026-06-24,"Fields copied from the official HRSA CSV: site name, address, city, state, postal code, phone, website, HRSA geocoding coordinates, county/FIPS, operating hours per week, site status, and location setting. Site status: Active. Location setting: All Other Clinic Types. Operational schedule: Unknown. Daily hours, services, price, insurance, and accessibility fields were not supplied by this intake.",BPS-H80-036420,Health Center Service Delivery and Look-Alike Sites,2026-06-24,2026-06-24,needs_review,
hrsa-bps-h80-007929,PATHS Community Medical Center - Danville,community_health_center,705 Main St,Danville,VA,51,Danville City,51590,24541-1803,36.58579554,-79.39515830,434-791-4122,www.pathsinc.org,,,,,,,,,HRSA operating hours per week: 49.00,unknown,,,,,,,,,HRSA Health Center Service Delivery and Look-Alike Sites,https://data.hrsa.gov/DataDownload/DD_Files/Health_Center_Service_Delivery_and_LookAlike_Sites.csv,2026-06-24,"Fields copied from the official HRSA CSV: site name, address, city, state, postal code, phone, website, HRSA geocoding coordinates, county/FIPS, operating hours per week, site status, and location setting. Site status: Active. Location setting: All Other Clinic Types. Operational schedule: Full-Time. Daily hours, services, price, insurance, and accessibility fields were not supplied by this intake.",BPS-H80-007929,Health Center Service Delivery and Look-Alike Sites,2026-06-24,2026-06-24,needs_review,
hrsa-bps-h80-035414,MOBILE CLINIC 2,community_health_center,4038 Thomas Nelson Hwy,Arrington,VA,51,Nelson County,51125,22922-2302,37.70714159,-78.93360981,434-263-4000,,,,,,,,,,HRSA operating hours per week: 2.00,unknown,,,,,,,,,HRSA Health Center Service Delivery and Look-Alike Sites,https://data.hrsa.gov/DataDownload/DD_Files/Health_Center_Service_Delivery_and_LookAlike_Sites.csv,2026-06-24,"Fields copied from the official HRSA CSV: site name, address, city, state, postal code, phone, website, HRSA geocoding coordinates, county/FIPS, operating hours per week, site status, and location setting. Site status: Active. Location setting: All Other Clinic Types. Operational schedule: Unknown. Daily hours, services, price, insurance, and accessibility fields were not supplied by this intake.",BPS-H80-035414,Health Center Service Delivery and Look-Alike Sites,2026-06-24,2026-06-24,needs_review,
hrsa-bps-h80-009445,Highland Medical Center School Based Healthcare,community_health_center,240 Myers Moon Rd,Monterey,VA,51,Highland County,51091,24465-2102,38.40711697,-79.57851210,540-468-6400,,,,,,,,,,HRSA operating hours per week: 3.00,unknown,,,,,,,,,HRSA Health Center Service Delivery and Look-Alike Sites,https://data.hrsa.gov/DataDownload/DD_Files/Health_Center_Service_Delivery_and_LookAlike_Sites.csv,2026-06-24,"Fields copied from the official HRSA CSV: site name, address, city, state, postal code, phone, website, HRSA geocoding coordinates, county/FIPS, operating hours per week, site status, and location setting. Site status: Active. Location setting: School. Operational schedule: Part-Time. Daily hours, services, price, insurance, and accessibility fields were not supplied by this intake.",BPS-H80-009445,Health Center Service Delivery and Look-Alike Sites,2026-06-24,2026-06-24,needs_review,
hrsa-bps-h80-021616,Rustburg Community Health Center,community_health_center,925 Village Hwy,Rustburg,VA,51,Campbell County,51031,24588-4591,37.27743901,-79.09848051,434-528-0005,,,,,,,,,,HRSA operating hours per week: 49.00,unknown,,,,,,,,,HRSA Health Center Service Delivery and Look-Alike Sites,https://data.hrsa.gov/DataDownload/DD_Files/Health_Center_Service_Delivery_and_LookAlike_Sites.csv,2026-06-24,"Fields copied from the official HRSA CSV: site name, address, city, state, postal code, phone, website, HRSA geocoding coordinates, county/FIPS, operating hours per week, site status, and location setting. Site status: Active. Location setting: All Other Clinic Types. Operational schedule: Unknown. Daily hours, services, price, insurance, and accessibility fields were not supplied by this intake.",BPS-H80-021616,Health Center Service Delivery and Look-Alike Sites,2026-06-24,2026-06-24,needs_review,
hrsa-bps-h80-012919,Montgomery Clinic,community_health_center,215 Roanoke St,Christiansburg,VA,51,Montgomery County,51121,24073-3025,37.12989262,-80.40226434,540-381-0820,www.chcnrv.org,,,,,,,,,HRSA operating hours per week: 56.50,unknown,,,,,,,,,HRSA Health Center Service Delivery and Look-Alike Sites,https://data.hrsa.gov/DataDownload/DD_Files/Health_Center_Service_Delivery_and_LookAlike_Sites.csv,2026-06-24,"Fields copied from the official HRSA CSV: site name, address, city, state, postal code, phone, website, HRSA geocoding coordinates, county/FIPS, operating hours per week, site status, and location setting. Site status: Active. Location setting: All Other Clinic Types. Operational schedule: Full-Time. Daily hours, services, price, insurance, and accessibility fields were not supplied by this intake.",BPS-H80-012919,Health Center Service Delivery and Look-Alike Sites,2026-06-24,2026-06-24,needs_review,
hrsa-bps-h80-004757,CVHS Brunswick,community_health_center,8380 Boydton Plank Rd,Alberta,VA,51,Brunswick County,51025,23821-2851,36.84158478,-77.90641043,804-949-7211,www.cvhsinc.org,,,,,,,,,HRSA operating hours per week: 49.00,unknown,,,,,,,,,HRSA Health Center Service Delivery and Look-Alike Sites,https://data.hrsa.gov/DataDownload/DD_Files/Health_Center_Service_Delivery_and_LookAlike_Sites.csv,2026-06-24,"Fields copied from the official HRSA CSV: site name, address, city, state, postal code, phone, website, HRSA geocoding coordinates, county/FIPS, operating hours per week, site status, and location setting. Site status: Active. Location setting: All Other Clinic Types. Operational schedule: Full-Time. Daily hours, services, price, insurance, and accessibility fields were not supplied by this intake.",BPS-H80-004757,Health Center Service Delivery and Look-Alike Sites,2026-06-24,2026-06-24,needs_review,
hrsa-bps-h80-036498,Express Care,community_health_center,25228 Lankford Hwy,Onley,VA,51,Accomack County,51001,23418-2812,37.69834185,-75.71893922,757-710-0400,www.esrh.org,,,,,,,,,HRSA operating hours per week: 56.00,unknown,,,,,,,,,HRSA Health Center Service Delivery and Look-Alike Sites,https://data.hrsa.gov/DataDownload/DD_Files/Health_Center_Service_Delivery_and_LookAlike_Sites.csv,2026-06-24,"Fields copied from the official HRSA CSV: site name, address, city, state, postal code, phone, website, HRSA geocoding coordinates, county/FIPS, operating hours per week, site status, and location setting. Site status: Active. Location setting: All Other Clinic Types. Operational schedule: Unknown. Daily hours, services, price, insurance, and accessibility fields were not supplied by this intake.",BPS-H80-036498,Health Center Service Delivery and Look-Alike Sites,2026-06-24,2026-06-24,needs_review,
hrsa-bps-h80-021402,CVHS Peterson,community_health_center,800 Preston Ave,Charlottesville,VA,51,Charlottesville City,51540,22903-4420,38.03646339,-78.48874206,434-979-0366,www.cvhsinc.org,,,,,,,,,HRSA operating hours per week: 45.00,unknown,,,,,,,,,HRSA Health Center Service Delivery and Look-Alike Sites,https://data.hrsa.gov/DataDownload/DD_Files/Health_Center_Service_Delivery_and_LookAlike_Sites.csv,2026-06-24,"Fields copied from the official HRSA CSV: site name, address, city, state, postal code, phone, website, HRSA geocoding coordinates, county/FIPS, operating hours per week, site status, and location setting. Site status: Active. Location setting: All Other Clinic Types. Operational schedule: Unknown. Daily hours, services, price, insurance, and accessibility fields were not supplied by this intake.",BPS-H80-021402,Health Center Service Delivery and Look-Alike Sites,2026-06-24,2026-06-24,needs_review,
hrsa-bps-h80-036921,John Battle High School,community_health_center,21264 Battle Hill Dr,Bristol,VA,51,Washington County,51191,24202-4340,36.64384190,-82.10364719,276-496-4492,,,,,,,,,,HRSA operating hours per week: 40.00,unknown,,,,,,,,,HRSA Health Center Service Delivery and Look-Alike Sites,https://data.hrsa.gov/DataDownload/DD_Files/Health_Center_Service_Delivery_and_LookAlike_Sites.csv,2026-06-24,"Fields copied from the official HRSA CSV: site name, address, city, state, postal code, phone, website, HRSA geocoding coordinates, county/FIPS, operating hours per week, site status, and location setting. Site status: Active. Location setting: School. Operational schedule: Unknown. Daily hours, services, price, insurance, and accessibility fields were not supplied by this intake.",BPS-H80-036921,Health Center Service Delivery and Look-Alike Sites,2026-06-24,2026-06-24,needs_review,
hrsa-bps-h80-005084,CRAIG COUNTY HEALTH CENTER,community_health_center,226 Market St,New Castle,VA,51,Craig County,51045,24127-6080,37.50500270,-80.10990993,304-772-3064,www.monroehealthcenter.com,,,,,,,,,HRSA operating hours per week: 50.00,unknown,,,,,,,,,HRSA Health Center Service Delivery and Look-Alike Sites,https://data.hrsa.gov/DataDownload/DD_Files/Health_Center_Service_Delivery_and_LookAlike_Sites.csv,2026-06-24,"Fields copied from the official HRSA CSV: site name, address, city, state, postal code, phone, website, HRSA geocoding coordinates, county/FIPS, operating hours per week, site status, and location setting. Site status: Active. Location setting: All Other Clinic Types. Operational schedule: Full-Time. Daily hours, services, price, insurance, and accessibility fields were not supplied by this intake.",BPS-H80-005084,Health Center Service Delivery and Look-Alike Sites,2026-06-24,2026-06-24,needs_review,
hrsa-bps-h80-025003,Blue Ridge Medical Center--Amherst,community_health_center,210 S Main St,Amherst,VA,51,Amherst County,51009,24521-2606,37.58484372,-79.05272629,434-263-4000,,,,,,,,,,HRSA operating hours per week: 41.00,unknown,,,,,,,,,HRSA Health Center Service Delivery and Look-Alike Sites,https://data.hrsa.gov/DataDownload/DD_Files/Health_Center_Service_Delivery_and_LookAlike_Sites.csv,2026-06-24,"Fields copied from the official HRSA CSV: site name, address, city, state, postal code, phone, website, HRSA geocoding coordinates, county/FIPS, operating hours per week, site status, and location setting. Site status: Active. Location setting: All Other Clinic Types. Operational schedule: Unknown. Daily hours, services, price, insurance, and accessibility fields were not supplied by this intake.",BPS-H80-025003,Health Center Service Delivery and Look-Alike Sites,2026-06-24,2026-06-24,needs_review,
hrsa-bps-h80-018015,Rockfish River Elementary School,community_health_center,200 Chapel Hollow Rd,Afton,VA,51,Nelson County,51125,22920-3145,37.94383573,-78.84107318,434-361-1791,,,,,,,,,,HRSA operating hours per week: 40.00,unknown,,,,,,,,,HRSA Health Center Service Delivery and Look-Alike Sites,https://data.hrsa.gov/DataDownload/DD_Files/Health_Center_Service_Delivery_and_LookAlike_Sites.csv,2026-06-24,"Fields copied from the official HRSA CSV: site name, address, city, state, postal code, phone, website, HRSA geocoding coordinates, county/FIPS, operating hours per week, site status, and location setting. Site status: Active. Location setting: School. Operational schedule: Unknown. Daily hours, services, price, insurance, and accessibility fields were not supplied by this intake.",BPS-H80-018015,Health Center Service Delivery and Look-Alike Sites,2026-06-24,2026-06-24,needs_review,
hrsa-bps-h80-007361,KENBRIDGE ELEMENTARY SCHOOL,community_health_center,215 Nottoway Falls Rd,Kenbridge,VA,51,Lunenburg County,51111,23944-3424,36.96727754,-78.12299227,434-676-2053,www.sdhsinc.com,,,,,,,,,HRSA operating hours per week: 0.25,unknown,,,,,,,,,HRSA Health Center Service Delivery and Look-Alike Sites,https://data.hrsa.gov/DataDownload/DD_Files/Health_Center_Service_Delivery_and_LookAlike_Sites.csv,2026-06-24,"Fields copied from the official HRSA CSV: site name, address, city, state, postal code, phone, website, HRSA geocoding coordinates, county/FIPS, operating hours per week, site status, and location setting. Site status: Active. Location setting: School. Operational schedule: Part-Time. Daily hours, services, price, insurance, and accessibility fields were not supplied by this intake.",BPS-H80-007361,Health Center Service Delivery and Look-Alike Sites,2026-06-24,2026-06-24,needs_review,
hrsa-bps-h80-018952,Pulaski/Radford Clinic,community_health_center,5826 Ruebush Rd,Dublin,VA,51,Pulaski County,51155,24084-2201,37.11568576,-80.66985014,540-585-1310,www.chcnrv.org,,,,,,,,,HRSA operating hours per week: 51.00,unknown,,,,,,,,,HRSA Health Center Service Delivery and Look-Alike Sites,https://data.hrsa.gov/DataDownload/DD_Files/Health_Center_Service_Delivery_and_LookAlike_Sites.csv,2026-06-24,"Fields copied from the official HRSA CSV: site name, address, city, state, postal code, phone, website, HRSA geocoding coordinates, county/FIPS, operating hours per week, site status, and location setting. Site status: Active. Location setting: All Other Clinic Types. Operational schedule: Unknown. Daily hours, services, price, insurance, and accessibility fields were not supplied by this intake.",BPS-H80-018952,Health Center Service Delivery and Look-Alike Sites,2026-06-24,2026-06-24,needs_review,
hrsa-bps-h80-005414,WESTERN LEE COUNTY HEALTH CLINIC,community_health_center,1446 Dr Thomas Walker Rd,Ewing,VA,51,Lee County,51105,24248-8307,36.63474116,-83.43480489,276-445-4826,N/A,,,,,,,,,HRSA operating hours per week: 45.00,unknown,,,,,,,,,HRSA Health Center Service Delivery and Look-Alike Sites,https://data.hrsa.gov/DataDownload/DD_Files/Health_Center_Service_Delivery_and_LookAlike_Sites.csv,2026-06-24,"Fields copied from the official HRSA CSV: site name, address, city, state, postal code, phone, website, HRSA geocoding coordinates, county/FIPS, operating hours per week, site status, and location setting. Site status: Active. Location setting: All Other Clinic Types. Operational schedule: Full-Time. Daily hours, services, price, insurance, and accessibility fields were not supplied by this intake.",BPS-H80-005414,Health Center Service Delivery and Look-Alike Sites,2026-06-24,2026-06-24,needs_review,
hrsa-bps-h80-035646,HCHC Park View,community_health_center,1479 Virginia Ave,Harrisonburg,VA,51,Harrisonburg City,51660,22802-2433,38.47488373,-78.87326212,540-433-4913,,,,,,,,,,HRSA operating hours per week: 50.00,unknown,,,,,,,,,HRSA Health Center Service Delivery and Look-Alike Sites,https://data.hrsa.gov/DataDownload/DD_Files/Health_Center_Service_Delivery_and_LookAlike_Sites.csv,2026-06-24,"Fields copied from the official HRSA CSV: site name, address, city, state, postal code, phone, website, HRSA geocoding coordinates, county/FIPS, operating hours per week, site status, and location setting. Site status: Active. Location setting: All Other Clinic Types. Operational schedule: Unknown. Daily hours, services, price, insurance, and accessibility fields were not supplied by this intake.",BPS-H80-035646,Health Center Service Delivery and Look-Alike Sites,2026-06-24,2026-06-24,needs_review,
hrsa-bps-h80-035635,Loudoun Community Health Center dba HealthWorks for Northern Virginia - Sully,community_health_center,13800 Wall Rd,Herndon,VA,51,Fairfax County,51059,20171-3703,38.91827573,-77.42297863,703-443-2000,www.hwnova.org,,,,,,,,,HRSA operating hours per week: 48.00,unknown,,,,,,,,,HRSA Health Center Service Delivery and Look-Alike Sites,https://data.hrsa.gov/DataDownload/DD_Files/Health_Center_Service_Delivery_and_LookAlike_Sites.csv,2026-06-24,"Fields copied from the official HRSA CSV: site name, address, city, state, postal code, phone, website, HRSA geocoding coordinates, county/FIPS, operating hours per week, site status, and location setting. Site status: Active. Location setting: All Other Clinic Types. Operational schedule: Unknown. Daily hours, services, price, insurance, and accessibility fields were not supplied by this intake.",BPS-H80-035635,Health Center Service Delivery and Look-Alike Sites,2026-06-24,2026-06-24,needs_review,
hrsa-bps-h80-027685,"Horizon Health Services, Inc. Administrative Office",community_health_center,8314 Main St,Ivor,VA,51,Southampton County,51175,23866-3433,36.90582214,-76.89738485,757-859-5015,,,,,,,,,,,unknown,,,,,,,,,HRSA Health Center Service Delivery and Look-Alike Sites,https://data.hrsa.gov/DataDownload/DD_Files/Health_Center_Service_Delivery_and_LookAlike_Sites.csv,2026-06-24,"Fields copied from the official HRSA CSV: site name, address, city, state, postal code, phone, website, HRSA geocoding coordinates, county/FIPS, operating hours per week, site status, and location setting. Site status: Active. Location setting: Unknown. Operational schedule: Unknown. Daily hours, services, price, insurance, and accessibility fields were not supplied by this intake.",BPS-H80-027685,Health Center Service Delivery and Look-Alike Sites,2026-06-24,2026-06-24,needs_review,
hrsa-bps-h80-012583,The Southside Community Health Center of Greater Richmond,community_health_center,180 E Belt Blvd,Richmond,VA,51,Richmond City,51760,23224-1204,37.50580841,-77.48168405,804-292-3011,,,,,,,,,,HRSA operating hours per week: 40.00,unknown,,,,,,,,,HRSA Health Center Service Delivery and Look-Alike Sites,https://data.hrsa.gov/DataDownload/DD_Files/Health_Center_Service_Delivery_and_LookAlike_Sites.csv,2026-06-24,"Fields copied from the official HRSA CSV: site name, address, city, state, postal code, phone, website, HRSA geocoding coordinates, county/FIPS, operating hours per week, site status, and location setting. Site status: Active. Location setting: All Other Clinic Types. Operational schedule: Full-Time. Daily hours, services, price, insurance, and accessibility fields were not supplied by this intake.",BPS-H80-012583,Health Center Service Delivery and Look-Alike Sites,2026-06-24,2026-06-24,needs_review,
hrsa-bps-h80-011006,Virginia Beach Family Medical Center,community_health_center,936 General Booth Blvd,Virginia Beach,VA,51,Virginia Beach City,51810,23451-4862,36.80865002,-75.99038917,757-425-3610,,,,,,,,,,HRSA operating hours per week: 48.00,unknown,,,,,,,,,HRSA Health Center Service Delivery and Look-Alike Sites,https://data.hrsa.gov/DataDownload/DD_Files/Health_Center_Service_Delivery_and_LookAlike_Sites.csv,2026-06-24,"Fields copied from the official HRSA CSV: site name, address, city, state, postal code, phone, website, HRSA geocoding coordinates, county/FIPS, operating hours per week, site status, and location setting. Site status: Active. Location setting: All Other Clinic Types. Operational schedule: Full-Time. Daily hours, services, price, insurance, and accessibility fields were not supplied by this intake.",BPS-H80-011006,Health Center Service Delivery and Look-Alike Sites,2026-06-24,2026-06-24,needs_review,
hrsa-bps-h80-037636,CVHS-Louisa,community_health_center,410 Industrial Dr,Louisa,VA,51,Louisa County,51109,23093-4187,38.01296682,-77.96992187,540-967-9401,www.cvhsinc.org,,,,,,,,,HRSA operating hours per week: 40.00,unknown,,,,,,,,,HRSA Health Center Service Delivery and Look-Alike Sites,https://data.hrsa.gov/DataDownload/DD_Files/Health_Center_Service_Delivery_and_LookAlike_Sites.csv,2026-06-24,"Fields copied from the official HRSA CSV: site name, address, city, state, postal code, phone, website, HRSA geocoding coordinates, county/FIPS, operating hours per week, site status, and location setting. Site status: Active. Location setting: All Other Clinic Types. Operational schedule: Unknown. Daily hours, services, price, insurance, and accessibility fields were not supplied by this intake.",BPS-H80-037636,Health Center Service Delivery and Look-Alike Sites,2026-06-24,2026-06-24,needs_review,
hrsa-bps-h80-015332,SCH Winchester,community_health_center,1330 Amherst St,Winchester,VA,51,Winchester City,51840,22601-3054,39.19073259,-78.18386542,540-722-2369 x1062,http://www.shencommhealth.com/www.winchesterfamilyhealth.com,,,,,,,,,HRSA operating hours per week: 41.50,unknown,,,,,,,,,HRSA Health Center Service Delivery and Look-Alike Sites,https://data.hrsa.gov/DataDownload/DD_Files/Health_Center_Service_Delivery_and_LookAlike_Sites.csv,2026-06-24,"Fields copied from the official HRSA CSV: site name, address, city, state, postal code, phone, website, HRSA geocoding coordinates, county/FIPS, operating hours per week, site status, and location setting. Site status: Active. Location setting: All Other Clinic Types. Operational schedule: Unknown. Daily hours, services, price, insurance, and accessibility fields were not supplied by this intake.",BPS-H80-015332,Health Center Service Delivery and Look-Alike Sites,2026-06-24,2026-06-24,needs_review,
hrsa-bps-h80-012700,CommuniCare Family Health Center,community_health_center,804 Whitaker Ln,Norfolk,VA,51,Norfolk City,51710,23510-3027,36.85588896,-76.28333342,757-393-6363,www.hrchc.org,,,,,,,,,HRSA operating hours per week: 16.00,unknown,,,,,,,,,HRSA Health Center Service Delivery and Look-Alike Sites,https://data.hrsa.gov/DataDownload/DD_Files/Health_Center_Service_Delivery_and_LookAlike_Sites.csv,2026-06-24,"Fields copied from the official HRSA CSV: site name, address, city, state, postal code, phone, website, HRSA geocoding coordinates, county/FIPS, operating hours per week, site status, and location setting. Site status: Active. Location setting: All Other Clinic Types. Operational schedule: Full-Time. Daily hours, services, price, insurance, and accessibility fields were not supplied by this intake.",BPS-H80-012700,Health Center Service Delivery and Look-Alike Sites,2026-06-24,2026-06-24,needs_review,
hrsa-bps-h80-007798,East End Physicians,community_health_center,"1033 28th St, Ste 1",Newport News,VA,51,Newport News City,51700,23607-4295,36.98766099,-76.41146740,757-952-2160,,,,,,,,,,HRSA operating hours per week: 42.00,unknown,,,,,,,,,HRSA Health Center Service Delivery and Look-Alike Sites,https://data.hrsa.gov/DataDownload/DD_Files/Health_Center_Service_Delivery_and_LookAlike_Sites.csv,2026-06-24,"Fields copied from the official HRSA CSV: site name, address, city, state, postal code, phone, website, HRSA geocoding coordinates, county/FIPS, operating hours per week, site status, and location setting. Site status: Active. Location setting: All Other Clinic Types. Operational schedule: Unknown. Daily hours, services, price, insurance, and accessibility fields were not supplied by this intake.",BPS-H80-007798,Health Center Service Delivery and Look-Alike Sites,2026-06-24,2026-06-24,needs_review,
hrsa-bps-h80-036123,Neighborhood Health South County Dental,community_health_center,"8350 Richmond Hwy, Suite 233",Alexandria,VA,51,Fairfax County,51059,22309-2344,38.73150492,-77.10412030,703-535-5568,,,,,,,,,,HRSA operating hours per week: 42.50,unknown,,,,,,,,,HRSA Health Center Service Delivery and Look-Alike Sites,https://data.hrsa.gov/DataDownload/DD_Files/Health_Center_Service_Delivery_and_LookAlike_Sites.csv,2026-06-24,"Fields copied from the official HRSA CSV: site name, address, city, state, postal code, phone, website, HRSA geocoding coordinates, county/FIPS, operating hours per week, site status, and location setting. Site status: Active. Location setting: All Other Clinic Types. Operational schedule: Unknown. Daily hours, services, price, insurance, and accessibility fields were not supplied by this intake.",BPS-H80-036123,Health Center Service Delivery and Look-Alike Sites,2026-06-24,2026-06-24,needs_review,
hrsa-bps-h80-017682,Franklin Community Health Center,community_health_center,1357 Armory Dr,Franklin,VA,51,Franklin City,51620,23851-2419,36.66778665,-76.94895326,999-999-9999,,,,,,,,,,HRSA operating hours per week: 45.00,unknown,,,,,,,,,HRSA Health Center Service Delivery and Look-Alike Sites,https://data.hrsa.gov/DataDownload/DD_Files/Health_Center_Service_Delivery_and_LookAlike_Sites.csv,2026-06-24,"Fields copied from the official HRSA CSV: site name, address, city, state, postal code, phone, website, HRSA geocoding coordinates, county/FIPS, operating hours per week, site status, and location setting. Site status: Active. Location setting: All Other Clinic Types. Operational schedule: Unknown. Daily hours, services, price, insurance, and accessibility fields were not supplied by this intake.",BPS-H80-017682,Health Center Service Delivery and Look-Alike Sites,2026-06-24,2026-06-24,needs_review,
hrsa-bps-h80-040342,Burnetts Way Family Medicine,community_health_center,156 Burnetts Way,Suffolk,VA,51,Suffolk City,51800,23434-8166,36.77007164,-76.58248547,757-223-7001,www.sevhs.org,,,,,,,,,HRSA operating hours per week: 40.00,unknown,,,,,,,,,HRSA Health Center Service Delivery and Look-Alike Sites,https://data.hrsa.gov/DataDownload/DD_Files/Health_Center_Service_Delivery_and_LookAlike_Sites.csv,2026-06-24,"Fields copied from the official HRSA CSV: site name, address, city, state, postal code, phone, website, HRSA geocoding coordinates, county/FIPS, operating hours per week, site status, and location setting. Site status: Active. Location setting: All Other Clinic Types. Operational schedule: Unknown. Daily hours, services, price, insurance, and accessibility fields were not supplied by this intake.",BPS-H80-040342,Health Center Service Delivery and Look-Alike Sites,2026-06-24,2026-06-24,needs_review,
hrsa-bps-h80-019194,Neighborhood Health at Merrifield Center Lower Level,community_health_center,8221 Willow Oaks Corporate Dr,Fairfax,VA,51,Fairfax County,51059,22031-4512,38.86376284,-77.23378273,703-535-5568,www.neighborhoodhealthva.org,,,,,,,,,HRSA operating hours per week: 40.00,unknown,,,,,,,,,HRSA Health Center Service Delivery and Look-Alike Sites,https://data.hrsa.gov/DataDownload/DD_Files/Health_Center_Service_Delivery_and_LookAlike_Sites.csv,2026-06-24,"Fields copied from the official HRSA CSV: site name, address, city, state, postal code, phone, website, HRSA geocoding coordinates, county/FIPS, operating hours per week, site status, and location setting. Site status: Active. Location setting: All Other Clinic Types. Operational schedule: Unknown. Daily hours, services, price, insurance, and accessibility fields were not supplied by this intake.",BPS-H80-019194,Health Center Service Delivery and Look-Alike Sites,2026-06-24,2026-06-24,needs_review,
hrsa-bps-h80-041441,SDHS Community Pharmacy,community_health_center,59 Gold Hill Elementary School Rd,New Canton,VA,51,Buckingham County,51029,23123-2162,37.63435612,-78.36356110,434-584-4904,,,,,,,,,,,unknown,,,,,,,,,HRSA Health Center Service Delivery and Look-Alike Sites,https://data.hrsa.gov/DataDownload/DD_Files/Health_Center_Service_Delivery_and_LookAlike_Sites.csv,2026-06-24,"Fields copied from the official HRSA CSV: site name, address, city, state, postal code, phone, website, HRSA geocoding coordinates, county/FIPS, operating hours per week, site status, and location setting. Site status: Active. Location setting: All Other Clinic Types. Operational schedule: Unknown. Daily hours, services, price, insurance, and accessibility fields were not supplied by this intake.",BPS-H80-041441,Health Center Service Delivery and Look-Alike Sites,2026-06-24,2026-06-24,needs_review,
hrsa-bps-h80-011328,Chesapeake Community Health Center,community_health_center,490 Liberty St,Chesapeake,VA,51,Chesapeake City,51550,23324-2618,36.82241415,-76.27517095,757-228-1288,,,,,,,,,,HRSA operating hours per week: 45.00,unknown,,,,,,,,,HRSA Health Center Service Delivery and Look-Alike Sites,https://data.hrsa.gov/DataDownload/DD_Files/Health_Center_Service_Delivery_and_LookAlike_Sites.csv,2026-06-24,"Fields copied from the official HRSA CSV: site name, address, city, state, postal code, phone, website, HRSA geocoding coordinates, county/FIPS, operating hours per week, site status, and location setting. Site status: Active. Location setting: All Other Clinic Types. Operational schedule: Full-Time. Daily hours, services, price, insurance, and accessibility fields were not supplied by this intake.",BPS-H80-011328,Health Center Service Delivery and Look-Alike Sites,2026-06-24,2026-06-24,needs_review,
hrsa-bps-h80-038619,East Cary Health Center,community_health_center,24 E Cary St,Richmond,VA,51,Richmond City,51760,23219-3796,37.54184812,-77.44436673,804-783-2505 x1801,,,,,,,,,,HRSA operating hours per week: 40.00,unknown,,,,,,,,,HRSA Health Center Service Delivery and Look-Alike Sites,https://data.hrsa.gov/DataDownload/DD_Files/Health_Center_Service_Delivery_and_LookAlike_Sites.csv,2026-06-24,"Fields copied from the official HRSA CSV: site name, address, city, state, postal code, phone, website, HRSA geocoding coordinates, county/FIPS, operating hours per week, site status, and location setting. Site status: Active. Location setting: All Other Clinic Types. Operational schedule: Unknown. Daily hours, services, price, insurance, and accessibility fields were not supplied by this intake.",BPS-H80-038619,Health Center Service Delivery and Look-Alike Sites,2026-06-24,2026-06-24,needs_review,
hrsa-bps-h80-033525,Blue Ridge Medical Center-Appomattox,community_health_center,624 Jones St,Appomattox,VA,51,Appomattox County,51011,24522-4031,37.36731225,-78.82674910,434-263-4000,,,,,,,,,,HRSA operating hours per week: 44.00,unknown,,,,,,,,,HRSA Health Center Service Delivery and Look-Alike Sites,https://data.hrsa.gov/DataDownload/DD_Files/Health_Center_Service_Delivery_and_LookAlike_Sites.csv,2026-06-24,"Fields copied from the official HRSA CSV: site name, address, city, state, postal code, phone, website, HRSA geocoding coordinates, county/FIPS, operating hours per week, site status, and location setting. Site status: Active. Location setting: All Other Clinic Types. Operational schedule: Unknown. Daily hours, services, price, insurance, and accessibility fields were not supplied by this intake.",BPS-H80-033525,Health Center Service Delivery and Look-Alike Sites,2026-06-24,2026-06-24,needs_review,
hrsa-bps-h80-013519,Stone Mountain Health Services Data Center,community_health_center,512 Dryden Loop,Dryden,VA,51,Lee County,51105,24243-8366,36.77496466,-82.94897939,276-546-5310,,,,,,,,,,,unknown,,,,,,,,,HRSA Health Center Service Delivery and Look-Alike Sites,https://data.hrsa.gov/DataDownload/DD_Files/Health_Center_Service_Delivery_and_LookAlike_Sites.csv,2026-06-24,"Fields copied from the official HRSA CSV: site name, address, city, state, postal code, phone, website, HRSA geocoding coordinates, county/FIPS, operating hours per week, site status, and location setting. Site status: Active. Location setting: Unknown. Operational schedule: Full-Time. Daily hours, services, price, insurance, and accessibility fields were not supplied by this intake.",BPS-H80-013519,Health Center Service Delivery and Look-Alike Sites,2026-06-24,2026-06-24,needs_review,
hrsa-bps-h80-033118,Horizon Pharmacy,community_health_center,328 W Main St,Waverly,VA,51,Sussex County,51183,23890-3235,37.03584641,-77.09571250,804-429-8602,,,,,,,,,,HRSA operating hours per week: 45.00,unknown,,,,,,,,,HRSA Health Center Service Delivery and Look-Alike Sites,https://data.hrsa.gov/DataDownload/DD_Files/Health_Center_Service_Delivery_and_LookAlike_Sites.csv,2026-06-24,"Fields copied from the official HRSA CSV: site name, address, city, state, postal code, phone, website, HRSA geocoding coordinates, county/FIPS, operating hours per week, site status, and location setting. Site status: Active. Location setting: All Other Clinic Types. Operational schedule: Unknown. Daily hours, services, price, insurance, and accessibility fields were not supplied by this intake.",BPS-H80-033118,Health Center Service Delivery and Look-Alike Sites,2026-06-24,2026-06-24,needs_review,
hrsa-bps-h80-036012,Tri-Area Community Health at Fries,community_health_center,109 Carroll Dr,Fries,VA,51,Grayson County,51077,24330-4532,36.71165115,-80.96902867,866-942-0401,,,,,,,,,,HRSA operating hours per week: 39.00,unknown,,,,,,,,,HRSA Health Center Service Delivery and Look-Alike Sites,https://data.hrsa.gov/DataDownload/DD_Files/Health_Center_Service_Delivery_and_LookAlike_Sites.csv,2026-06-24,"Fields copied from the official HRSA CSV: site name, address, city, state, postal code, phone, website, HRSA geocoding coordinates, county/FIPS, operating hours per week, site status, and location setting. Site status: Active. Location setting: All Other Clinic Types. Operational schedule: Unknown. Daily hours, services, price, insurance, and accessibility fields were not supplied by this intake.",BPS-H80-036012,Health Center Service Delivery and Look-Alike Sites,2026-06-24,2026-06-24,needs_review,
hrsa-bps-h80-001848,"BLAND COUNTY MEDICAL CLINIC, INC.",community_health_center,12301 Grapefield Rd,Bastian,VA,51,Bland County,51021,24314-4547,37.17751088,-81.14415480,276-688-4331,blandclinic.com,,,,,,,,,HRSA operating hours per week: 55.00,unknown,,,,,,,,,HRSA Health Center Service Delivery and Look-Alike Sites,https://data.hrsa.gov/DataDownload/DD_Files/Health_Center_Service_Delivery_and_LookAlike_Sites.csv,2026-06-24,"Fields copied from the official HRSA CSV: site name, address, city, state, postal code, phone, website, HRSA geocoding coordinates, county/FIPS, operating hours per week, site status, and location setting. Site status: Active. Location setting: All Other Clinic Types. Operational schedule: Full-Time. Daily hours, services, price, insurance, and accessibility fields were not supplied by this intake.",BPS-H80-001848,Health Center Service Delivery and Look-Alike Sites,2026-06-24,2026-06-24,needs_review,
hrsa-bps-h80-006347,LUNENBURG MIDDLE SCHOOL,community_health_center,583 Tomlinson Rd,Victoria,VA,51,Lunenburg County,51111,23974-2628,36.98866979,-78.20668524,434-696-1644,www.sdhsinc.com,,,,,,,,,HRSA operating hours per week: 0.25,unknown,,,,,,,,,HRSA Health Center Service Delivery and Look-Alike Sites,https://data.hrsa.gov/DataDownload/DD_Files/Health_Center_Service_Delivery_and_LookAlike_Sites.csv,2026-06-24,"Fields copied from the official HRSA CSV: site name, address, city, state, postal code, phone, website, HRSA geocoding coordinates, county/FIPS, operating hours per week, site status, and location setting. Site status: Active. Location setting: School. Operational schedule: Part-Time. Daily hours, services, price, insurance, and accessibility fields were not supplied by this intake.",BPS-H80-006347,Health Center Service Delivery and Look-Alike Sites,2026-06-24,2026-06-24,needs_review,
hrsa-bps-h80-002126,CVHS Farmville,community_health_center,833 Buffalo St STE 200,Farmville,VA,51,Prince Edward County,51147,23901-1111,37.30455313,-78.40414343,434-392-8177,www.cvhsinc.org,,,,,,,,,HRSA operating hours per week: 50.50,unknown,,,,,,,,,HRSA Health Center Service Delivery and Look-Alike Sites,https://data.hrsa.gov/DataDownload/DD_Files/Health_Center_Service_Delivery_and_LookAlike_Sites.csv,2026-06-24,"Fields copied from the official HRSA CSV: site name, address, city, state, postal code, phone, website, HRSA geocoding coordinates, county/FIPS, operating hours per week, site status, and location setting. Site status: Active. Location setting: All Other Clinic Types. Operational schedule: Full-Time. Daily hours, services, price, insurance, and accessibility fields were not supplied by this intake.",BPS-H80-002126,Health Center Service Delivery and Look-Alike Sites,2026-06-24,2026-06-24,needs_review,
hrsa-bps-h80-002140,ST. CHARLES CLINIC,community_health_center,241 Monarch Rd,Saint Charles,VA,51,Lee County,51105,24282-8122,36.80632991,-83.05602903,276-383-4428,N/A,,,,,,,,,HRSA operating hours per week: 47.00,unknown,,,,,,,,,HRSA Health Center Service Delivery and Look-Alike Sites,https://data.hrsa.gov/DataDownload/DD_Files/Health_Center_Service_Delivery_and_LookAlike_Sites.csv,2026-06-24,"Fields copied from the official HRSA CSV: site name, address, city, state, postal code, phone, website, HRSA geocoding coordinates, county/FIPS, operating hours per week, site status, and location setting. Site status: Active. Location setting: All Other Clinic Types. Operational schedule: Full-Time. Daily hours, services, price, insurance, and accessibility fields were not supplied by this intake.",BPS-H80-002140,Health Center Service Delivery and Look-Alike Sites,2026-06-24,2026-06-24,needs_review,
hrsa-bps-h80-006426,CRAIG COUNTY WELLNESS CENTER,community_health_center,25239 Craigs Creek Rd,New Castle,VA,51,Craig County,51045,24127-6223,37.51583999,-80.08490998,304-772-3064,www.monroehealthcenter.com,,,,,,,,,HRSA operating hours per week: 15.00,unknown,,,,,,,,,HRSA Health Center Service Delivery and Look-Alike Sites,https://data.hrsa.gov/DataDownload/DD_Files/Health_Center_Service_Delivery_and_LookAlike_Sites.csv,2026-06-24,"Fields copied from the official HRSA CSV: site name, address, city, state, postal code, phone, website, HRSA geocoding coordinates, county/FIPS, operating hours per week, site status, and location setting. Site status: Active. Location setting: School. Operational schedule: Part-Time. Daily hours, services, price, insurance, and accessibility fields were not supplied by this intake.",BPS-H80-006426,Health Center Service Delivery and Look-Alike Sites,2026-06-24,2026-06-24,needs_review,
hrsa-bps-h80-030830,CVHS-Crimson Clinic,community_health_center,3101 Johnson Rd,Petersburg,VA,51,Petersburg City,51730,23805-2399,37.18579199,-77.39951802,804-972-0068,,,,,,,,,,HRSA operating hours per week: 42.50,unknown,,,,,,,,,HRSA Health Center Service Delivery and Look-Alike Sites,https://data.hrsa.gov/DataDownload/DD_Files/Health_Center_Service_Delivery_and_LookAlike_Sites.csv,2026-06-24,"Fields copied from the official HRSA CSV: site name, address, city, state, postal code, phone, website, HRSA geocoding coordinates, county/FIPS, operating hours per week, site status, and location setting. Site status: Active. Location setting: School. Operational schedule: Unknown. Daily hours, services, price, insurance, and accessibility fields were not supplied by this intake.",BPS-H80-030830,Health Center Service Delivery and Look-Alike Sites,2026-06-24,2026-06-24,needs_review,
hrsa-bps-h80-036643,Healthy Smiles Dental Van #2,community_health_center,1541 High St,Portsmouth,VA,51,Portsmouth City,51740,23704-3209,36.83445178,-76.31713143,757-393-6363,,,,,,,,,,HRSA operating hours per week: 24.00,unknown,,,,,,,,,HRSA Health Center Service Delivery and Look-Alike Sites,https://data.hrsa.gov/DataDownload/DD_Files/Health_Center_Service_Delivery_and_LookAlike_Sites.csv,2026-06-24,"Fields copied from the official HRSA CSV: site name, address, city, state, postal code, phone, website, HRSA geocoding coordinates, county/FIPS, operating hours per week, site status, and location setting. Site status: Active. Location setting: All Other Clinic Types. Operational schedule: Unknown. Daily hours, services, price, insurance, and accessibility fields were not supplied by this intake.",BPS-H80-036643,Health Center Service Delivery and Look-Alike Sites,2026-06-24,2026-06-24,needs_review,
hrsa-bps-h80-018073,Bland County Medical Clinic Dental Clinic,community_health_center,8487 S Scenic Hwy,Bland,VA,51,Bland County,51021,24315-4691,37.10110380,-81.12308329,276-688-4711,BlandClinic.com,,,,,,,,,HRSA operating hours per week: 36.00,unknown,,,,,,,,,HRSA Health Center Service Delivery and Look-Alike Sites,https://data.hrsa.gov/DataDownload/DD_Files/Health_Center_Service_Delivery_and_LookAlike_Sites.csv,2026-06-24,"Fields copied from the official HRSA CSV: site name, address, city, state, postal code, phone, website, HRSA geocoding coordinates, county/FIPS, operating hours per week, site status, and location setting. Site status: Active. Location setting: All Other Clinic Types. Operational schedule: Unknown. Daily hours, services, price, insurance, and accessibility fields were not supplied by this intake.",BPS-H80-018073,Health Center Service Delivery and Look-Alike Sites,2026-06-24,2026-06-24,needs_review,
hrsa-bps-h80-006614,VICTORIA ELEMENTARY SCHOOL,community_health_center,1521 8th St,Victoria,VA,51,Lunenburg County,51111,23974-9591,36.99566000,-78.22468998,434-696-2163,www.sdhsinc.com,,,,,,,,,HRSA operating hours per week: 0.25,unknown,,,,,,,,,HRSA Health Center Service Delivery and Look-Alike Sites,https://data.hrsa.gov/DataDownload/DD_Files/Health_Center_Service_Delivery_and_LookAlike_Sites.csv,2026-06-24,"Fields copied from the official HRSA CSV: site name, address, city, state, postal code, phone, website, HRSA geocoding coordinates, county/FIPS, operating hours per week, site status, and location setting. Site status: Active. Location setting: School. Operational schedule: Part-Time. Daily hours, services, price, insurance, and accessibility fields were not supplied by this intake.",BPS-H80-006614,Health Center Service Delivery and Look-Alike Sites,2026-06-24,2026-06-24,needs_review,
hrsa-bps-h80-002976,COMMUNITY DENTAL SERVICES,community_health_center,1033 28th St,Newport News,VA,51,Newport News City,51700,23607-4295,36.98801542,-76.41162507,757-928-3810,pich.org,,,,,,,,,HRSA operating hours per week: 42.00,unknown,,,,,,,,,HRSA Health Center Service Delivery and Look-Alike Sites,https://data.hrsa.gov/DataDownload/DD_Files/Health_Center_Service_Delivery_and_LookAlike_Sites.csv,2026-06-24,"Fields copied from the official HRSA CSV: site name, address, city, state, postal code, phone, website, HRSA geocoding coordinates, county/FIPS, operating hours per week, site status, and location setting. Site status: Active. Location setting: All Other Clinic Types. Operational schedule: Full-Time. Daily hours, services, price, insurance, and accessibility fields were not supplied by this intake.",BPS-H80-002976,Health Center Service Delivery and Look-Alike Sites,2026-06-24,2026-06-24,needs_review,
hrsa-bps-h80-003071,CVHS Westmoreland,community_health_center,18849 Kings Hwy,Montross,VA,51,Westmoreland County,51193,22520-2965,38.07757251,-76.78170612,804-493-9999,www.cvhsinc.org,,,,,,,,,HRSA operating hours per week: 44.00,unknown,,,,,,,,,HRSA Health Center Service Delivery and Look-Alike Sites,https://data.hrsa.gov/DataDownload/DD_Files/Health_Center_Service_Delivery_and_LookAlike_Sites.csv,2026-06-24,"Fields copied from the official HRSA CSV: site name, address, city, state, postal code, phone, website, HRSA geocoding coordinates, county/FIPS, operating hours per week, site status, and location setting. Site status: Active. Location setting: All Other Clinic Types. Operational schedule: Full-Time. Daily hours, services, price, insurance, and accessibility fields were not supplied by this intake.",BPS-H80-003071,Health Center Service Delivery and Look-Alike Sites,2026-06-24,2026-06-24,needs_review,
hrsa-bps-h80-036876,"Clinch River Health Services, Inc.",community_health_center,17285 Veterans Memorial Hwy,Dungannon,VA,51,Scott County,51169,24245-3937,36.81758756,-82.49462366,276-467-2201,,,,,,,,,,HRSA operating hours per week: 48.00,unknown,,,,,,,,,HRSA Health Center Service Delivery and Look-Alike Sites,https://data.hrsa.gov/DataDownload/DD_Files/Health_Center_Service_Delivery_and_LookAlike_Sites.csv,2026-06-24,"Fields copied from the official HRSA CSV: site name, address, city, state, postal code, phone, website, HRSA geocoding coordinates, county/FIPS, operating hours per week, site status, and location setting. Site status: Active. Location setting: All Other Clinic Types. Operational schedule: Unknown. Daily hours, services, price, insurance, and accessibility fields were not supplied by this intake.",BPS-H80-036876,Health Center Service Delivery and Look-Alike Sites,2026-06-24,2026-06-24,needs_review,
hrsa-bps-h80-013799,Neighborhood Health at the WOW Bus,community_health_center,2 E Glebe Rd,Alexandria,VA,51,Alexandria City,51510,22305-2938,38.83553540,-77.05744450,703-535-5568,www.neighborhoodhealthva.org,,,,,,,,,HRSA operating hours per week: 20.00,unknown,,,,,,,,,HRSA Health Center Service Delivery and Look-Alike Sites,https://data.hrsa.gov/DataDownload/DD_Files/Health_Center_Service_Delivery_and_LookAlike_Sites.csv,2026-06-24,"Fields copied from the official HRSA CSV: site name, address, city, state, postal code, phone, website, HRSA geocoding coordinates, county/FIPS, operating hours per week, site status, and location setting. Site status: Active. Location setting: All Other Clinic Types. Operational schedule: Full-Time. Daily hours, services, price, insurance, and accessibility fields were not supplied by this intake.",BPS-H80-013799,Health Center Service Delivery and Look-Alike Sites,2026-06-24,2026-06-24,needs_review,
hrsa-bps-h80-003283,CVHS Charlotte,community_health_center,165 Legrande Ave,Charlotte Court House,VA,51,Charlotte County,51037,23923-3747,37.05456664,-78.63637931,434-542-5560,www.cvhsinc.org,,,,,,,,,HRSA operating hours per week: 50.50,unknown,,,,,,,,,HRSA Health Center Service Delivery and Look-Alike Sites,https://data.hrsa.gov/DataDownload/DD_Files/Health_Center_Service_Delivery_and_LookAlike_Sites.csv,2026-06-24,"Fields copied from the official HRSA CSV: site name, address, city, state, postal code, phone, website, HRSA geocoding coordinates, county/FIPS, operating hours per week, site status, and location setting. Site status: Active. Location setting: All Other Clinic Types. Operational schedule: Full-Time. Daily hours, services, price, insurance, and accessibility fields were not supplied by this intake.",BPS-H80-003283,Health Center Service Delivery and Look-Alike Sites,2026-06-24,2026-06-24,needs_review,
hrsa-bps-h80-006826,CENTRAL HIGH SCHOOL,community_health_center,131 K V Rd,Victoria,VA,51,Lunenburg County,51111,23974-2613,36.98526213,-78.21611043,434-696-2137,www.sdhsinc.com,,,,,,,,,HRSA operating hours per week: 0.25,unknown,,,,,,,,,HRSA Health Center Service Delivery and Look-Alike Sites,https://data.hrsa.gov/DataDownload/DD_Files/Health_Center_Service_Delivery_and_LookAlike_Sites.csv,2026-06-24,"Fields copied from the official HRSA CSV: site name, address, city, state, postal code, phone, website, HRSA geocoding coordinates, county/FIPS, operating hours per week, site status, and location setting. Site status: Active. Location setting: School. Operational schedule: Part-Time. Daily hours, services, price, insurance, and accessibility fields were not supplied by this intake.",BPS-H80-006826,Health Center Service Delivery and Look-Alike Sites,2026-06-24,2026-06-24,needs_review,
hrsa-bps-h80-018929,HCHC Elkton,community_health_center,800 Shenandoah Ave,Elkton,VA,51,Rockingham County,51165,22827,38.41792147,-78.62253589,540-298-9900,,,,,,,,,,HRSA operating hours per week: 50.00,unknown,,,,,,,,,HRSA Health Center Service Delivery and Look-Alike Sites,https://data.hrsa.gov/DataDownload/DD_Files/Health_Center_Service_Delivery_and_LookAlike_Sites.csv,2026-06-24,"Fields copied from the official HRSA CSV: site name, address, city, state, postal code, phone, website, HRSA geocoding coordinates, county/FIPS, operating hours per week, site status, and location setting. Site status: Active. Location setting: All Other Clinic Types. Operational schedule: Unknown. Daily hours, services, price, insurance, and accessibility fields were not supplied by this intake.",BPS-H80-018929,Health Center Service Delivery and Look-Alike Sites,2026-06-24,2026-06-24,needs_review,
hrsa-bps-h80-003478,HAYSI CLINIC,community_health_center,162 Medical Center Blvd,Haysi,VA,51,Dickenson County,51051,24256,37.20053274,-82.29546679,276-865-5121,N/A,,,,,,,,,HRSA operating hours per week: 46.00,unknown,,,,,,,,,HRSA Health Center Service Delivery and Look-Alike Sites,https://data.hrsa.gov/DataDownload/DD_Files/Health_Center_Service_Delivery_and_LookAlike_Sites.csv,2026-06-24,"Fields copied from the official HRSA CSV: site name, address, city, state, postal code, phone, website, HRSA geocoding coordinates, county/FIPS, operating hours per week, site status, and location setting. Site status: Active. Location setting: All Other Clinic Types. Operational schedule: Full-Time. Daily hours, services, price, insurance, and accessibility fields were not supplied by this intake.",BPS-H80-003478,Health Center Service Delivery and Look-Alike Sites,2026-06-24,2026-06-24,needs_review,
hrsa-bps-h80-032338,Clinical Annex Montgomery,community_health_center,"209 Roanoke St, Ste 4",Christiansburg,VA,51,Montgomery County,51121,24073-3035,37.13018230,-80.40305081,540-381-0820,,,,,,,,,,HRSA operating hours per week: 44.50,unknown,,,,,,,,,HRSA Health Center Service Delivery and Look-Alike Sites,https://data.hrsa.gov/DataDownload/DD_Files/Health_Center_Service_Delivery_and_LookAlike_Sites.csv,2026-06-24,"Fields copied from the official HRSA CSV: site name, address, city, state, postal code, phone, website, HRSA geocoding coordinates, county/FIPS, operating hours per week, site status, and location setting. Site status: Active. Location setting: All Other Clinic Types. Operational schedule: Unknown. Daily hours, services, price, insurance, and accessibility fields were not supplied by this intake.",BPS-H80-032338,Health Center Service Delivery and Look-Alike Sites,2026-06-24,2026-06-24,needs_review,
hrsa-bps-h80-010557,Dinwiddie Medical Center and Counseling Center,community_health_center,13855 Courthouse Rd,Dinwiddie,VA,51,Dinwiddie County,51053,23841-2254,37.08205907,-77.58348252,804-469-3731,,,,,,,,,,HRSA operating hours per week: 40.00,unknown,,,,,,,,,HRSA Health Center Service Delivery and Look-Alike Sites,https://data.hrsa.gov/DataDownload/DD_Files/Health_Center_Service_Delivery_and_LookAlike_Sites.csv,2026-06-24,"Fields copied from the official HRSA CSV: site name, address, city, state, postal code, phone, website, HRSA geocoding coordinates, county/FIPS, operating hours per week, site status, and location setting. Site status: Active. Location setting: All Other Clinic Types. Operational schedule: Full-Time. Daily hours, services, price, insurance, and accessibility fields were not supplied by this intake.",BPS-H80-010557,Health Center Service Delivery and Look-Alike Sites,2026-06-24,2026-06-24,needs_review,
hrsa-bps-h80-035073,PATHS George Washington High School Based Health Center,community_health_center,701 Broad St,Danville,VA,51,Danville City,51590,24541-2627,36.58739087,-79.41188816,434-791-3630,www.pathsinc.org,,,,,,,,,HRSA operating hours per week: 30.00,unknown,,,,,,,,,HRSA Health Center Service Delivery and Look-Alike Sites,https://data.hrsa.gov/DataDownload/DD_Files/Health_Center_Service_Delivery_and_LookAlike_Sites.csv,2026-06-24,"Fields copied from the official HRSA CSV: site name, address, city, state, postal code, phone, website, HRSA geocoding coordinates, county/FIPS, operating hours per week, site status, and location setting. Site status: Active. Location setting: School. Operational schedule: Unknown. Daily hours, services, price, insurance, and accessibility fields were not supplied by this intake.",BPS-H80-035073,Health Center Service Delivery and Look-Alike Sites,2026-06-24,2026-06-24,needs_review,
hrsa-bps-h80-036267,RAHC - Magnolia Square,community_health_center,"35 Magnolia Sq, Suite 9",Lexington,VA,51,Rockbridge County,51163,24450-3779,37.79402295,-79.42354152,540-464-8700,,,,,,,,,,,unknown,,,,,,,,,HRSA Health Center Service Delivery and Look-Alike Sites,https://data.hrsa.gov/DataDownload/DD_Files/Health_Center_Service_Delivery_and_LookAlike_Sites.csv,2026-06-24,"Fields copied from the official HRSA CSV: site name, address, city, state, postal code, phone, website, HRSA geocoding coordinates, county/FIPS, operating hours per week, site status, and location setting. Site status: Active. Location setting: Unknown. Operational schedule: Unknown. Daily hours, services, price, insurance, and accessibility fields were not supplied by this intake.",BPS-H80-036267,Health Center Service Delivery and Look-Alike Sites,2026-06-24,2026-06-24,needs_review,
hrsa-bps-h80-020981,Ivor Dental Center,community_health_center,8579 Ivor Rd,Ivor,VA,51,Southampton County,51175,23866-3108,36.90040852,-76.90418308,757-859-9070,,,,,,,,,,HRSA operating hours per week: 38.00,unknown,,,,,,,,,HRSA Health Center Service Delivery and Look-Alike Sites,https://data.hrsa.gov/DataDownload/DD_Files/Health_Center_Service_Delivery_and_LookAlike_Sites.csv,2026-06-24,"Fields copied from the official HRSA CSV: site name, address, city, state, postal code, phone, website, HRSA geocoding coordinates, county/FIPS, operating hours per week, site status, and location setting. Site status: Active. Location setting: All Other Clinic Types. Operational schedule: Unknown. Daily hours, services, price, insurance, and accessibility fields were not supplied by this intake.",BPS-H80-020981,Health Center Service Delivery and Look-Alike Sites,2026-06-24,2026-06-24,needs_review,
hrsa-bps-h80-018074,Tye River Elementary School,community_health_center,5198 Thomas Nelson Hwy,Arrington,VA,51,Nelson County,51125,22922-2637,37.71367986,-78.91456998,434-263-8960,,,,,,,,,,HRSA operating hours per week: 40.00,unknown,,,,,,,,,HRSA Health Center Service Delivery and Look-Alike Sites,https://data.hrsa.gov/DataDownload/DD_Files/Health_Center_Service_Delivery_and_LookAlike_Sites.csv,2026-06-24,"Fields copied from the official HRSA CSV: site name, address, city, state, postal code, phone, website, HRSA geocoding coordinates, county/FIPS, operating hours per week, site status, and location setting. Site status: Active. Location setting: School. Operational schedule: Unknown. Daily hours, services, price, insurance, and accessibility fields were not supplied by this intake.",BPS-H80-018074,Health Center Service Delivery and Look-Alike Sites,2026-06-24,2026-06-24,needs_review,
hrsa-bps-h80-029879,Little Creek Family Health Center,community_health_center,7447 Central Business Park Dr,Norfolk,VA,51,Norfolk City,51710,23513-2867,36.91157891,-76.24957052,757-393-6363,,,,,,,,,,HRSA operating hours per week: 8.00,unknown,,,,,,,,,HRSA Health Center Service Delivery and Look-Alike Sites,https://data.hrsa.gov/DataDownload/DD_Files/Health_Center_Service_Delivery_and_LookAlike_Sites.csv,2026-06-24,"Fields copied from the official HRSA CSV: site name, address, city, state, postal code, phone, website, HRSA geocoding coordinates, county/FIPS, operating hours per week, site status, and location setting. Site status: Active. Location setting: All Other Clinic Types. Operational schedule: Unknown. Daily hours, services, price, insurance, and accessibility fields were not supplied by this intake.",BPS-H80-029879,Health Center Service Delivery and Look-Alike Sites,2026-06-24,2026-06-24,needs_review,
hrsa-bps-h80-035694,SDHS Family Dentistry,community_health_center,1418 6th St,Victoria,VA,51,Lunenburg County,51111,23974,36.99372701,-78.22553052,434-696-4180,,,,,,,,,,HRSA operating hours per week: 40.00,unknown,,,,,,,,,HRSA Health Center Service Delivery and Look-Alike Sites,https://data.hrsa.gov/DataDownload/DD_Files/Health_Center_Service_Delivery_and_LookAlike_Sites.csv,2026-06-24,"Fields copied from the official HRSA CSV: site name, address, city, state, postal code, phone, website, HRSA geocoding coordinates, county/FIPS, operating hours per week, site status, and location setting. Site status: Active. Location setting: All Other Clinic Types. Operational schedule: Unknown. Daily hours, services, price, insurance, and accessibility fields were not supplied by this intake.",BPS-H80-035694,Health Center Service Delivery and Look-Alike Sites,2026-06-24,2026-06-24,needs_review,
hrsa-bps-h80-027911,Henrico Area Mental Health and Developmental Services East End Center,community_health_center,3908 Nine Mile Rd,Richmond,VA,51,Henrico County,51087,23223-4913,37.54154528,-77.38007913,804-649-2119,,,,,,,,,,HRSA operating hours per week: 40.00,unknown,,,,,,,,,HRSA Health Center Service Delivery and Look-Alike Sites,https://data.hrsa.gov/DataDownload/DD_Files/Health_Center_Service_Delivery_and_LookAlike_Sites.csv,2026-06-24,"Fields copied from the official HRSA CSV: site name, address, city, state, postal code, phone, website, HRSA geocoding coordinates, county/FIPS, operating hours per week, site status, and location setting. Site status: Active. Location setting: All Other Clinic Types. Operational schedule: Unknown. Daily hours, services, price, insurance, and accessibility fields were not supplied by this intake.",BPS-H80-027911,Health Center Service Delivery and Look-Alike Sites,2026-06-24,2026-06-24,needs_review,
hrsa-bps-h80-004396,HOLSTON FAMILY HEALTH CENTER,community_health_center,306 S Shady Ave,Damascus,VA,51,Washington County,51191,24236,36.63351502,-81.78852660,276-475-5116,N/A,,,,,,,,,HRSA operating hours per week: 40.00,unknown,,,,,,,,,HRSA Health Center Service Delivery and Look-Alike Sites,https://data.hrsa.gov/DataDownload/DD_Files/Health_Center_Service_Delivery_and_LookAlike_Sites.csv,2026-06-24,"Fields copied from the official HRSA CSV: site name, address, city, state, postal code, phone, website, HRSA geocoding coordinates, county/FIPS, operating hours per week, site status, and location setting. Site status: Active. Location setting: All Other Clinic Types. Operational schedule: Full-Time. Daily hours, services, price, insurance, and accessibility fields were not supplied by this intake.",BPS-H80-004396,Health Center Service Delivery and Look-Alike Sites,2026-06-24,2026-06-24,needs_review,
hrsa-bps-h80-014829,Southeastern Virginia Health System @ Hampton Newport News Community Services Board,community_health_center,300 Medical Dr,Hampton,VA,51,Hampton City,51650,23666-1765,37.05565645,-76.38740916,757-788-0300,,,,,,,,,,HRSA operating hours per week: 31.00,unknown,,,,,,,,,HRSA Health Center Service Delivery and Look-Alike Sites,https://data.hrsa.gov/DataDownload/DD_Files/Health_Center_Service_Delivery_and_LookAlike_Sites.csv,2026-06-24,"Fields copied from the official HRSA CSV: site name, address, city, state, postal code, phone, website, HRSA geocoding coordinates, county/FIPS, operating hours per week, site status, and location setting. Site status: Active. Location setting: All Other Clinic Types. Operational schedule: Unknown. Daily hours, services, price, insurance, and accessibility fields were not supplied by this intake.",BPS-H80-014829,Health Center Service Delivery and Look-Alike Sites,2026-06-24,2026-06-24,needs_review,
hrsa-bps-h80-035861,Pulaski County High School Service Site,community_health_center,5414 Cougar Trail Rd,Dublin,VA,51,Pulaski County,51155,24084-3841,37.09413408,-80.71674086,540-381-0820,www.chcnrv.org,,,,,,,,,HRSA operating hours per week: 42.50,unknown,,,,,,,,,HRSA Health Center Service Delivery and Look-Alike Sites,https://data.hrsa.gov/DataDownload/DD_Files/Health_Center_Service_Delivery_and_LookAlike_Sites.csv,2026-06-24,"Fields copied from the official HRSA CSV: site name, address, city, state, postal code, phone, website, HRSA geocoding coordinates, county/FIPS, operating hours per week, site status, and location setting. Site status: Active. Location setting: School. Operational schedule: Unknown. Daily hours, services, price, insurance, and accessibility fields were not supplied by this intake.",BPS-H80-035861,Health Center Service Delivery and Look-Alike Sites,2026-06-24,2026-06-24,needs_review,
hrsa-bps-h80-033776,"New Horizons Dental Care, Williamson",community_health_center,"1502 Williamson Rd NE, Ste 1000",Roanoke,VA,51,Roanoke City,51770,24012-5130,37.28535455,-79.93297759,540-362-0360,newhorizonshealthcare.org,,,,,,,,,HRSA operating hours per week: 40.00,unknown,,,,,,,,,HRSA Health Center Service Delivery and Look-Alike Sites,https://data.hrsa.gov/DataDownload/DD_Files/Health_Center_Service_Delivery_and_LookAlike_Sites.csv,2026-06-24,"Fields copied from the official HRSA CSV: site name, address, city, state, postal code, phone, website, HRSA geocoding coordinates, county/FIPS, operating hours per week, site status, and location setting. Site status: Active. Location setting: All Other Clinic Types. Operational schedule: Unknown. Daily hours, services, price, insurance, and accessibility fields were not supplied by this intake.",BPS-H80-033776,Health Center Service Delivery and Look-Alike Sites,2026-06-24,2026-06-24,needs_review,
hrsa-bps-h80-013713,"Eastern Shore Rural Health System, Inc.",community_health_center,20280 Market St,Onancock,VA,51,Accomack County,51001,23417-1331,37.70378313,-75.72639719,757-414-0400,www.esrh.org,,,,,,,,,,unknown,,,,,,,,,HRSA Health Center Service Delivery and Look-Alike Sites,https://data.hrsa.gov/DataDownload/DD_Files/Health_Center_Service_Delivery_and_LookAlike_Sites.csv,2026-06-24,"Fields copied from the official HRSA CSV: site name, address, city, state, postal code, phone, website, HRSA geocoding coordinates, county/FIPS, operating hours per week, site status, and location setting. Site status: Active. Location setting: Unknown. Operational schedule: Full-Time. Daily hours, services, price, insurance, and accessibility fields were not supplied by this intake.",BPS-H80-013713,Health Center Service Delivery and Look-Alike Sites,2026-06-24,2026-06-24,needs_review,
hrsa-bps-h80-034341,Neighborhood Health at Martha Custis Drive,community_health_center,"1225 Martha Custis Dr, Apartment C-1",Alexandria,VA,51,Alexandria City,51510,22302-2000,38.84223225,-77.08010397,703-535-5568,,,,,,,,,,HRSA operating hours per week: 45.00,unknown,,,,,,,,,HRSA Health Center Service Delivery and Look-Alike Sites,https://data.hrsa.gov/DataDownload/DD_Files/Health_Center_Service_Delivery_and_LookAlike_Sites.csv,2026-06-24,"Fields copied from the official HRSA CSV: site name, address, city, state, postal code, phone, website, HRSA geocoding coordinates, county/FIPS, operating hours per week, site status, and location setting. Site status: Active. Location setting: All Other Clinic Types. Operational schedule: Unknown. Daily hours, services, price, insurance, and accessibility fields were not supplied by this intake.",BPS-H80-034341,Health Center Service Delivery and Look-Alike Sites,2026-06-24,2026-06-24,needs_review,
hrsa-bps-h80-010462,"Clinch River Health Services, Inc.",community_health_center,17285 Veterans Memorial Hwy,Dungannon,VA,51,Scott County,51169,24245-3937,36.81758756,-82.49462366,276-467-2201,www.crhealth.org,,,,,,,,,HRSA operating hours per week: 49.75,unknown,,,,,,,,,HRSA Health Center Service Delivery and Look-Alike Sites,https://data.hrsa.gov/DataDownload/DD_Files/Health_Center_Service_Delivery_and_LookAlike_Sites.csv,2026-06-24,"Fields copied from the official HRSA CSV: site name, address, city, state, postal code, phone, website, HRSA geocoding coordinates, county/FIPS, operating hours per week, site status, and location setting. Site status: Active. Location setting: All Other Clinic Types. Operational schedule: Full-Time. Daily hours, services, price, insurance, and accessibility fields were not supplied by this intake.",BPS-H80-010462,Health Center Service Delivery and Look-Alike Sites,2026-06-24,2026-06-24,needs_review,
hrsa-bps-h80-034797,Mobile Medical Unit #1,community_health_center,25 Northridge Ln,Lexington,VA,51,Rockbridge County,51163,24450-3399,37.80371399,-79.40501601,540-464-8700 x7111,www.rockahc.org,,,,,,,,,HRSA operating hours per week: 6.00,unknown,,,,,,,,,HRSA Health Center Service Delivery and Look-Alike Sites,https://data.hrsa.gov/DataDownload/DD_Files/Health_Center_Service_Delivery_and_LookAlike_Sites.csv,2026-06-24,"Fields copied from the official HRSA CSV: site name, address, city, state, postal code, phone, website, HRSA geocoding coordinates, county/FIPS, operating hours per week, site status, and location setting. Site status: Active. Location setting: All Other Clinic Types. Operational schedule: Unknown. Daily hours, services, price, insurance, and accessibility fields were not supplied by this intake.",BPS-H80-034797,Health Center Service Delivery and Look-Alike Sites,2026-06-24,2026-06-24,needs_review,
hrsa-bps-h80-034809,Herndon Dental,community_health_center,1141 Elden St STE 205-206,Herndon,VA,51,Fairfax County,51059,20170-5549,38.96432485,-77.39683690,703-443-2000,www.hwnova.org,,,,,,,,,HRSA operating hours per week: 40.00,unknown,,,,,,,,,HRSA Health Center Service Delivery and Look-Alike Sites,https://data.hrsa.gov/DataDownload/DD_Files/Health_Center_Service_Delivery_and_LookAlike_Sites.csv,2026-06-24,"Fields copied from the official HRSA CSV: site name, address, city, state, postal code, phone, website, HRSA geocoding coordinates, county/FIPS, operating hours per week, site status, and location setting. Site status: Active. Location setting: All Other Clinic Types. Operational schedule: Unknown. Daily hours, services, price, insurance, and accessibility fields were not supplied by this intake.",BPS-H80-034809,Health Center Service Delivery and Look-Alike Sites,2026-06-24,2026-06-24,needs_review,
hrsa-bps-h80-005341,CVHS King William,community_health_center,11814 King William Rd,Aylett,VA,51,King William County,51101,23009-4103,37.74687265,-77.13784757,804-769-3022,www.cvhsinc.org,,,,,,,,,HRSA operating hours per week: 45.00,unknown,,,,,,,,,HRSA Health Center Service Delivery and Look-Alike Sites,https://data.hrsa.gov/DataDownload/DD_Files/Health_Center_Service_Delivery_and_LookAlike_Sites.csv,2026-06-24,"Fields copied from the official HRSA CSV: site name, address, city, state, postal code, phone, website, HRSA geocoding coordinates, county/FIPS, operating hours per week, site status, and location setting. Site status: Active. Location setting: All Other Clinic Types. Operational schedule: Full-Time. Daily hours, services, price, insurance, and accessibility fields were not supplied by this intake.",BPS-H80-005341,Health Center Service Delivery and Look-Alike Sites,2026-06-24,2026-06-24,needs_review,
hrsa-bps-h80-005442,Ivor Medical Center,community_health_center,8575 Ivor Rd,Ivor,VA,51,Southampton County,51175,23866-3108,36.90076659,-76.90389633,757-859-6161,NONE,,,,,,,,,HRSA operating hours per week: 38.00,unknown,,,,,,,,,HRSA Health Center Service Delivery and Look-Alike Sites,https://data.hrsa.gov/DataDownload/DD_Files/Health_Center_Service_Delivery_and_LookAlike_Sites.csv,2026-06-24,"Fields copied from the official HRSA CSV: site name, address, city, state, postal code, phone, website, HRSA geocoding coordinates, county/FIPS, operating hours per week, site status, and location setting. Site status: Active. Location setting: All Other Clinic Types. Operational schedule: Full-Time. Daily hours, services, price, insurance, and accessibility fields were not supplied by this intake.",BPS-H80-005442,Health Center Service Delivery and Look-Alike Sites,2026-06-24,2026-06-24,needs_review,
hrsa-bps-h80-000305,CVHS Buckingham,community_health_center,25892 N James Madison Hwy,New Canton,VA,51,Buckingham County,51029,23123-2234,37.63659669,-78.35994834,434-581-3271,www.cvhsinc.org,,,,,,,,,HRSA operating hours per week: 50.50,unknown,,,,,,,,,HRSA Health Center Service Delivery and Look-Alike Sites,https://data.hrsa.gov/DataDownload/DD_Files/Health_Center_Service_Delivery_and_LookAlike_Sites.csv,2026-06-24,"Fields copied from the official HRSA CSV: site name, address, city, state, postal code, phone, website, HRSA geocoding coordinates, county/FIPS, operating hours per week, site status, and location setting. Site status: Active. Location setting: All Other Clinic Types. Operational schedule: Full-Time. Daily hours, services, price, insurance, and accessibility fields were not supplied by this intake.",BPS-H80-000305,Health Center Service Delivery and Look-Alike Sites,2026-06-24,2026-06-24,needs_review,
hrsa-bps-h80-031300,Daily Planet Health Services,community_health_center,511 W Grace St,Richmond,VA,51,Richmond City,51760,23220-4911,37.54746856,-77.44747902,804-783-2505,www.dailyplanetva.org,,,,,,,,,HRSA operating hours per week: 40.00,unknown,,,,,,,,,HRSA Health Center Service Delivery and Look-Alike Sites,https://data.hrsa.gov/DataDownload/DD_Files/Health_Center_Service_Delivery_and_LookAlike_Sites.csv,2026-06-24,"Fields copied from the official HRSA CSV: site name, address, city, state, postal code, phone, website, HRSA geocoding coordinates, county/FIPS, operating hours per week, site status, and location setting. Site status: Active. Location setting: All Other Clinic Types. Operational schedule: Unknown. Daily hours, services, price, insurance, and accessibility fields were not supplied by this intake.",BPS-H80-031300,Health Center Service Delivery and Look-Alike Sites,2026-06-24,2026-06-24,needs_review,
hrsa-bps-h80-038651,Stony Creek Community Health Center DBA Stony Creek Pharmacy,community_health_center,12451 Main St,Stony Creek,VA,51,Sussex County,51183,23882,36.94763861,-77.40119809,434-246-5191,,,,,,,,,,,unknown,,,,,,,,,HRSA Health Center Service Delivery and Look-Alike Sites,https://data.hrsa.gov/DataDownload/DD_Files/Health_Center_Service_Delivery_and_LookAlike_Sites.csv,2026-06-24,"Fields copied from the official HRSA CSV: site name, address, city, state, postal code, phone, website, HRSA geocoding coordinates, county/FIPS, operating hours per week, site status, and location setting. Site status: Active. Location setting: All Other Clinic Types. Operational schedule: Unknown. Daily hours, services, price, insurance, and accessibility fields were not supplied by this intake.",BPS-H80-038651,Health Center Service Delivery and Look-Alike Sites,2026-06-24,2026-06-24,needs_review,
hrsa-bps-h80-038666,Amherst County Community Health Center,community_health_center,109 Clearview Rd,Madison Heights,VA,51,Amherst County,51009,24572-2600,37.46859741,-79.12033288,434-929-1400,https://www.jhcvirginia.org/,,,,,,,,,HRSA operating hours per week: 57.00,unknown,,,,,,,,,HRSA Health Center Service Delivery and Look-Alike Sites,https://data.hrsa.gov/DataDownload/DD_Files/Health_Center_Service_Delivery_and_LookAlike_Sites.csv,2026-06-24,"Fields copied from the official HRSA CSV: site name, address, city, state, postal code, phone, website, HRSA geocoding coordinates, county/FIPS, operating hours per week, site status, and location setting. Site status: Active. Location setting: All Other Clinic Types. Operational schedule: Unknown. Daily hours, services, price, insurance, and accessibility fields were not supplied by this intake.",BPS-H80-038666,Health Center Service Delivery and Look-Alike Sites,2026-06-24,2026-06-24,needs_review,
hrsa-bps-h80-007792,48th Street Physicians,community_health_center,4714 Marshall Ave,Newport News,VA,51,Newport News City,51700,23607-2299,36.99808020,-76.42407253,757-380-8709,,,,,,,,,,HRSA operating hours per week: 49.00,unknown,,,,,,,,,HRSA Health Center Service Delivery and Look-Alike Sites,https://data.hrsa.gov/DataDownload/DD_Files/Health_Center_Service_Delivery_and_LookAlike_Sites.csv,2026-06-24,"Fields copied from the official HRSA CSV: site name, address, city, state, postal code, phone, website, HRSA geocoding coordinates, county/FIPS, operating hours per week, site status, and location setting. Site status: Active. Location setting: All Other Clinic Types. Operational schedule: Unknown. Daily hours, services, price, insurance, and accessibility fields were not supplied by this intake.",BPS-H80-007792,Health Center Service Delivery and Look-Alike Sites,2026-06-24,2026-06-24,needs_review,
hrsa-bps-h80-038348,Chilhowie High School,community_health_center,1160 E Lee Hwy,Chilhowie,VA,51,Smyth County,51173,24319-4691,36.80437852,-81.67351792,276-646-8966,,,,,,,,,,HRSA operating hours per week: 40.00,unknown,,,,,,,,,HRSA Health Center Service Delivery and Look-Alike Sites,https://data.hrsa.gov/DataDownload/DD_Files/Health_Center_Service_Delivery_and_LookAlike_Sites.csv,2026-06-24,"Fields copied from the official HRSA CSV: site name, address, city, state, postal code, phone, website, HRSA geocoding coordinates, county/FIPS, operating hours per week, site status, and location setting. Site status: Active. Location setting: School. Operational schedule: Unknown. Daily hours, services, price, insurance, and accessibility fields were not supplied by this intake.",BPS-H80-038348,Health Center Service Delivery and Look-Alike Sites,2026-06-24,2026-06-24,needs_review,
hrsa-bps-h80-013594,Neighborhood Health at Richmond Highway,community_health_center,6677 Richmond Hwy,Alexandria,VA,51,Fairfax County,51059,22306-6647,38.77348807,-77.08045995,703-535-5568,,,,,,,,,,HRSA operating hours per week: 51.50,unknown,,,,,,,,,HRSA Health Center Service Delivery and Look-Alike Sites,https://data.hrsa.gov/DataDownload/DD_Files/Health_Center_Service_Delivery_and_LookAlike_Sites.csv,2026-06-24,"Fields copied from the official HRSA CSV: site name, address, city, state, postal code, phone, website, HRSA geocoding coordinates, county/FIPS, operating hours per week, site status, and location setting. Site status: Active. Location setting: All Other Clinic Types. Operational schedule: Full-Time. Daily hours, services, price, insurance, and accessibility fields were not supplied by this intake.",BPS-H80-013594,Health Center Service Delivery and Look-Alike Sites,2026-06-24,2026-06-24,needs_review,
hrsa-bps-h80-012688,Ocean View Medical and Dental Center,community_health_center,9581 Shore Dr,Norfolk,VA,51,Norfolk City,51710,23518-1711,36.92838526,-76.19233076,757-393-6363,www.hrchc.org,,,,,,,,,HRSA operating hours per week: 40.00,unknown,,,,,,,,,HRSA Health Center Service Delivery and Look-Alike Sites,https://data.hrsa.gov/DataDownload/DD_Files/Health_Center_Service_Delivery_and_LookAlike_Sites.csv,2026-06-24,"Fields copied from the official HRSA CSV: site name, address, city, state, postal code, phone, website, HRSA geocoding coordinates, county/FIPS, operating hours per week, site status, and location setting. Site status: Active. Location setting: All Other Clinic Types. Operational schedule: Full-Time. Daily hours, services, price, insurance, and accessibility fields were not supplied by this intake.",BPS-H80-012688,Health Center Service Delivery and Look-Alike Sites,2026-06-24,2026-06-24,needs_review,
hrsa-bps-h80-034925,PATHS SBSS Mobile Unit,community_health_center,705 Main St,Danville,VA,51,Danville City,51590,24541-1803,36.58579554,-79.39515830,434-791-4122,www.pathsinc.org,,,,,,,,,HRSA operating hours per week: 30.00,unknown,,,,,,,,,HRSA Health Center Service Delivery and Look-Alike Sites,https://data.hrsa.gov/DataDownload/DD_Files/Health_Center_Service_Delivery_and_LookAlike_Sites.csv,2026-06-24,"Fields copied from the official HRSA CSV: site name, address, city, state, postal code, phone, website, HRSA geocoding coordinates, county/FIPS, operating hours per week, site status, and location setting. Site status: Active. Location setting: School. Operational schedule: Unknown. Daily hours, services, price, insurance, and accessibility fields were not supplied by this intake.",BPS-H80-034925,Health Center Service Delivery and Look-Alike Sites,2026-06-24,2026-06-24,needs_review,
hrsa-bps-h80-020965,Appalachia Family Health Center,community_health_center,536 E Main St,Appalachia,VA,51,Wise County,51195,24216-1500,36.90803115,-82.77075624,276-565-2761,www.stonemountainhealthservices.com,,,,,,,,,HRSA operating hours per week: 40.00,unknown,,,,,,,,,HRSA Health Center Service Delivery and Look-Alike Sites,https://data.hrsa.gov/DataDownload/DD_Files/Health_Center_Service_Delivery_and_LookAlike_Sites.csv,2026-06-24,"Fields copied from the official HRSA CSV: site name, address, city, state, postal code, phone, website, HRSA geocoding coordinates, county/FIPS, operating hours per week, site status, and location setting. Site status: Active. Location setting: All Other Clinic Types. Operational schedule: Unknown. Daily hours, services, price, insurance, and accessibility fields were not supplied by this intake.",BPS-H80-020965,Health Center Service Delivery and Look-Alike Sites,2026-06-24,2026-06-24,needs_review,
hrsa-bps-h80-001235,"CLINCH RIVER HEALTH SERVICES, INC.",community_health_center,17633 Veterans Memorial Hwy STE 101,Dungannon,VA,51,Scott County,51169,24245-3929,36.81940539,-82.48891810,276-467-2201,www.crhealth.org,,,,,,,,,HRSA operating hours per week: 42.50,unknown,,,,,,,,,HRSA Health Center Service Delivery and Look-Alike Sites,https://data.hrsa.gov/DataDownload/DD_Files/Health_Center_Service_Delivery_and_LookAlike_Sites.csv,2026-06-24,"Fields copied from the official HRSA CSV: site name, address, city, state, postal code, phone, website, HRSA geocoding coordinates, county/FIPS, operating hours per week, site status, and location setting. Site status: Active. Location setting: All Other Clinic Types. Operational schedule: Full-Time. Daily hours, services, price, insurance, and accessibility fields were not supplied by this intake.",BPS-H80-001235,Health Center Service Delivery and Look-Alike Sites,2026-06-24,2026-06-24,needs_review,
hrsa-bps-h80-009553,Tri-Area Community Health Administrative Office,community_health_center,14168 Danville Pike,Laurel Fork,VA,51,Carroll County,51035,24352-4022,36.71813506,-80.51467019,276-398-2292,,,,,,,,,,,unknown,,,,,,,,,HRSA Health Center Service Delivery and Look-Alike Sites,https://data.hrsa.gov/DataDownload/DD_Files/Health_Center_Service_Delivery_and_LookAlike_Sites.csv,2026-06-24,"Fields copied from the official HRSA CSV: site name, address, city, state, postal code, phone, website, HRSA geocoding coordinates, county/FIPS, operating hours per week, site status, and location setting. Site status: Active. Location setting: Unknown. Operational schedule: Full-Time. Daily hours, services, price, insurance, and accessibility fields were not supplied by this intake.",BPS-H80-009553,Health Center Service Delivery and Look-Alike Sites,2026-06-24,2026-06-24,needs_review,
hrsa-bps-h80-001344,Saltville Community Health Center,community_health_center,308 W Main St,Saltville,VA,51,Smyth County,51173,24370-3112,36.87637576,-81.76913624,276-496-4433,svchs.com,,,,,,,,,HRSA operating hours per week: 60.00,unknown,,,,,,,,,HRSA Health Center Service Delivery and Look-Alike Sites,https://data.hrsa.gov/DataDownload/DD_Files/Health_Center_Service_Delivery_and_LookAlike_Sites.csv,2026-06-24,"Fields copied from the official HRSA CSV: site name, address, city, state, postal code, phone, website, HRSA geocoding coordinates, county/FIPS, operating hours per week, site status, and location setting. Site status: Active. Location setting: All Other Clinic Types. Operational schedule: Full-Time. Daily hours, services, price, insurance, and accessibility fields were not supplied by this intake.",BPS-H80-001344,Health Center Service Delivery and Look-Alike Sites,2026-06-24,2026-06-24,needs_review,
hrsa-bps-h80-034515,RAHC - Buena Vista,community_health_center,2127 Magnolia Ave,Buena Vista,VA,51,Buena Vista City,51530,24416-3111,37.73487991,-79.35438445,540-464-8700,,,,,,,,,,HRSA operating hours per week: 43.50,unknown,,,,,,,,,HRSA Health Center Service Delivery and Look-Alike Sites,https://data.hrsa.gov/DataDownload/DD_Files/Health_Center_Service_Delivery_and_LookAlike_Sites.csv,2026-06-24,"Fields copied from the official HRSA CSV: site name, address, city, state, postal code, phone, website, HRSA geocoding coordinates, county/FIPS, operating hours per week, site status, and location setting. Site status: Active. Location setting: All Other Clinic Types. Operational schedule: Unknown. Daily hours, services, price, insurance, and accessibility fields were not supplied by this intake.",BPS-H80-034515,Health Center Service Delivery and Look-Alike Sites,2026-06-24,2026-06-24,needs_review,
hrsa-bps-h80-018597,Council Family Health Center,community_health_center,4124 Council Mountain Rd,Honaker,VA,51,Buchanan County,51027,24260-4994,37.08049476,-82.06963334,276-859-0859,,,,,,,,,,HRSA operating hours per week: 40.00,unknown,,,,,,,,,HRSA Health Center Service Delivery and Look-Alike Sites,https://data.hrsa.gov/DataDownload/DD_Files/Health_Center_Service_Delivery_and_LookAlike_Sites.csv,2026-06-24,"Fields copied from the official HRSA CSV: site name, address, city, state, postal code, phone, website, HRSA geocoding coordinates, county/FIPS, operating hours per week, site status, and location setting. Site status: Active. Location setting: All Other Clinic Types. Operational schedule: Unknown. Daily hours, services, price, insurance, and accessibility fields were not supplied by this intake.",BPS-H80-018597,Health Center Service Delivery and Look-Alike Sites,2026-06-24,2026-06-24,needs_review,
hrsa-bps-h80-038121,Neighborhood Health Arlington Pediatric Center,community_health_center,"3401 Columbia Pike, Suite 200",Arlington,VA,51,Arlington County,51013,22204-4268,38.86154055,-77.09240995,703-535-5568,,,,,,,,,,HRSA operating hours per week: 46.50,unknown,,,,,,,,,HRSA Health Center Service Delivery and Look-Alike Sites,https://data.hrsa.gov/DataDownload/DD_Files/Health_Center_Service_Delivery_and_LookAlike_Sites.csv,2026-06-24,"Fields copied from the official HRSA CSV: site name, address, city, state, postal code, phone, website, HRSA geocoding coordinates, county/FIPS, operating hours per week, site status, and location setting. Site status: Active. Location setting: All Other Clinic Types. Operational schedule: Unknown. Daily hours, services, price, insurance, and accessibility fields were not supplied by this intake.",BPS-H80-038121,Health Center Service Delivery and Look-Alike Sites,2026-06-24,2026-06-24,needs_review,
hrsa-bps-h80-001552,VERNON J. HARRIS EAST END CHC,community_health_center,719 N 25th St,Richmond,VA,51,Richmond City,51760,23223-6539,37.53567149,-77.41465750,804-780-0840,www.cahealthnet.org,,,,,,,,,HRSA operating hours per week: 54.00,unknown,,,,,,,,,HRSA Health Center Service Delivery and Look-Alike Sites,https://data.hrsa.gov/DataDownload/DD_Files/Health_Center_Service_Delivery_and_LookAlike_Sites.csv,2026-06-24,"Fields copied from the official HRSA CSV: site name, address, city, state, postal code, phone, website, HRSA geocoding coordinates, county/FIPS, operating hours per week, site status, and location setting. Site status: Active. Location setting: All Other Clinic Types. Operational schedule: Full-Time. Daily hours, services, price, insurance, and accessibility fields were not supplied by this intake.",BPS-H80-001552,Health Center Service Delivery and Look-Alike Sites,2026-06-24,2026-06-24,needs_review,
hrsa-bps-h80-001554,Waverly Medical Center,community_health_center,344 W Main St,Waverly,VA,51,Sussex County,51183,23890-3235,37.03606698,-77.09623394,804-834-8871,NONE,,,,,,,,,HRSA operating hours per week: 47.50,unknown,,,,,,,,,HRSA Health Center Service Delivery and Look-Alike Sites,https://data.hrsa.gov/DataDownload/DD_Files/Health_Center_Service_Delivery_and_LookAlike_Sites.csv,2026-06-24,"Fields copied from the official HRSA CSV: site name, address, city, state, postal code, phone, website, HRSA geocoding coordinates, county/FIPS, operating hours per week, site status, and location setting. Site status: Active. Location setting: All Other Clinic Types. Operational schedule: Full-Time. Daily hours, services, price, insurance, and accessibility fields were not supplied by this intake.",BPS-H80-001554,Health Center Service Delivery and Look-Alike Sites,2026-06-24,2026-06-24,needs_review,
hrsa-bps-h80-017974,Greater Fulton Medical Center,community_health_center,1718 Williamsburg Rd,Richmond,VA,51,Richmond City,51760,23231-3428,37.51516663,-77.39356175,804-780-0840,,,,,,,,,,HRSA operating hours per week: 40.00,unknown,,,,,,,,,HRSA Health Center Service Delivery and Look-Alike Sites,https://data.hrsa.gov/DataDownload/DD_Files/Health_Center_Service_Delivery_and_LookAlike_Sites.csv,2026-06-24,"Fields copied from the official HRSA CSV: site name, address, city, state, postal code, phone, website, HRSA geocoding coordinates, county/FIPS, operating hours per week, site status, and location setting. Site status: Active. Location setting: All Other Clinic Types. Operational schedule: Unknown. Daily hours, services, price, insurance, and accessibility fields were not supplied by this intake.",BPS-H80-017974,Health Center Service Delivery and Look-Alike Sites,2026-06-24,2026-06-24,needs_review,
hrsa-bps-h80-009396,Tri-Area Community Health Center at Floyd,community_health_center,140 Christiansburg Pike NE,Floyd,VA,51,Floyd County,51063,24091-3742,36.91815238,-80.31033313,540-745-9290,,,,,,,,,,HRSA operating hours per week: 45.00,unknown,,,,,,,,,HRSA Health Center Service Delivery and Look-Alike Sites,https://data.hrsa.gov/DataDownload/DD_Files/Health_Center_Service_Delivery_and_LookAlike_Sites.csv,2026-06-24,"Fields copied from the official HRSA CSV: site name, address, city, state, postal code, phone, website, HRSA geocoding coordinates, county/FIPS, operating hours per week, site status, and location setting. Site status: Active. Location setting: All Other Clinic Types. Operational schedule: Full-Time. Daily hours, services, price, insurance, and accessibility fields were not supplied by this intake.",BPS-H80-009396,Health Center Service Delivery and Look-Alike Sites,2026-06-24,2026-06-24,needs_review,
hrsa-bps-h80-001751,THOMPSON FAMILY HEALTH CENTER,community_health_center,1721 Lovers Gap Rd,Vansant,VA,51,Buchanan County,51027,24656-9781,37.22208534,-82.09940276,276-597-7081,N/A,,,,,,,,,HRSA operating hours per week: 45.00,unknown,,,,,,,,,HRSA Health Center Service Delivery and Look-Alike Sites,https://data.hrsa.gov/DataDownload/DD_Files/Health_Center_Service_Delivery_and_LookAlike_Sites.csv,2026-06-24,"Fields copied from the official HRSA CSV: site name, address, city, state, postal code, phone, website, HRSA geocoding coordinates, county/FIPS, operating hours per week, site status, and location setting. Site status: Active. Location setting: All Other Clinic Types. Operational schedule: Full-Time. Daily hours, services, price, insurance, and accessibility fields were not supplied by this intake.",BPS-H80-001751,Health Center Service Delivery and Look-Alike Sites,2026-06-24,2026-06-24,needs_review,
hrsa-bps-h80-001759,CVHS Southern Albemarle,community_health_center,2256 Irish Rd,Esmont,VA,51,Albemarle County,51003,22937-1945,37.82072875,-78.58219567,434-286-3602,www.cvhsinc.org,,,,,,,,,HRSA operating hours per week: 44.00,unknown,,,,,,,,,HRSA Health Center Service Delivery and Look-Alike Sites,https://data.hrsa.gov/DataDownload/DD_Files/Health_Center_Service_Delivery_and_LookAlike_Sites.csv,2026-06-24,"Fields copied from the official HRSA CSV: site name, address, city, state, postal code, phone, website, HRSA geocoding coordinates, county/FIPS, operating hours per week, site status, and location setting. Site status: Active. Location setting: All Other Clinic Types. Operational schedule: Full-Time. Daily hours, services, price, insurance, and accessibility fields were not supplied by this intake.",BPS-H80-001759,Health Center Service Delivery and Look-Alike Sites,2026-06-24,2026-06-24,needs_review,
hrsa-bps-h80-040585,Tri-Area Community Health at Grayson County Schools,community_health_center,110 Blue Devil Dr,Independence,VA,51,Grayson County,51077,24348,36.62131470,-81.14680700,866-942-0401,https://www.triareahealth.org/,,,,,,,,,HRSA operating hours per week: 39.00,unknown,,,,,,,,,HRSA Health Center Service Delivery and Look-Alike Sites,https://data.hrsa.gov/DataDownload/DD_Files/Health_Center_Service_Delivery_and_LookAlike_Sites.csv,2026-06-24,"Fields copied from the official HRSA CSV: site name, address, city, state, postal code, phone, website, HRSA geocoding coordinates, county/FIPS, operating hours per week, site status, and location setting. Site status: Active. Location setting: School. Operational schedule: Unknown. Daily hours, services, price, insurance, and accessibility fields were not supplied by this intake.",BPS-H80-040585,Health Center Service Delivery and Look-Alike Sites,2026-06-24,2026-06-24,needs_review,
hrsa-bps-h80-001854,AMELIA HEALTHCARE CENTER,community_health_center,8920 Otterburn Rd,Amelia Court House,VA,51,Amelia County,51007,23002-4854,37.33804487,-77.99029165,804-561-5150,www.sdhsinc.com,,,,,,,,,HRSA operating hours per week: 44.00,unknown,,,,,,,,,HRSA Health Center Service Delivery and Look-Alike Sites,https://data.hrsa.gov/DataDownload/DD_Files/Health_Center_Service_Delivery_and_LookAlike_Sites.csv,2026-06-24,"Fields copied from the official HRSA CSV: site name, address, city, state, postal code, phone, website, HRSA geocoding coordinates, county/FIPS, operating hours per week, site status, and location setting. Site status: Active. Location setting: All Other Clinic Types. Operational schedule: Full-Time. Daily hours, services, price, insurance, and accessibility fields were not supplied by this intake.",BPS-H80-001854,Health Center Service Delivery and Look-Alike Sites,2026-06-24,2026-06-24,needs_review,
hrsa-bps-h80-034409,MHC Mobile Unit,community_health_center,4944 Greensboro Rd,Ridgeway,VA,51,Henry County,51089,24148-3390,36.62618102,-79.86122095,276-403-5099,,,,,,,,,,HRSA operating hours per week: 24.00,unknown,,,,,,,,,HRSA Health Center Service Delivery and Look-Alike Sites,https://data.hrsa.gov/DataDownload/DD_Files/Health_Center_Service_Delivery_and_LookAlike_Sites.csv,2026-06-24,"Fields copied from the official HRSA CSV: site name, address, city, state, postal code, phone, website, HRSA geocoding coordinates, county/FIPS, operating hours per week, site status, and location setting. Site status: Active. Location setting: All Other Clinic Types. Operational schedule: Unknown. Daily hours, services, price, insurance, and accessibility fields were not supplied by this intake.",BPS-H80-034409,Health Center Service Delivery and Look-Alike Sites,2026-06-24,2026-06-24,needs_review,
hrsa-bps-h80-027780,Reston,community_health_center,11484 Washington Plz W,Reston,VA,51,Fairfax County,51059,20190-4344,38.96853546,-77.34253248,703-443-2000,www.hwnova.org,,,,,,,,,HRSA operating hours per week: 48.00,unknown,,,,,,,,,HRSA Health Center Service Delivery and Look-Alike Sites,https://data.hrsa.gov/DataDownload/DD_Files/Health_Center_Service_Delivery_and_LookAlike_Sites.csv,2026-06-24,"Fields copied from the official HRSA CSV: site name, address, city, state, postal code, phone, website, HRSA geocoding coordinates, county/FIPS, operating hours per week, site status, and location setting. Site status: Active. Location setting: All Other Clinic Types. Operational schedule: Unknown. Daily hours, services, price, insurance, and accessibility fields were not supplied by this intake.",BPS-H80-027780,Health Center Service Delivery and Look-Alike Sites,2026-06-24,2026-06-24,needs_review,
hrsa-bps-h80-013112,GPW Health Center - Manassas,community_health_center,"9705 Liberia Ave, Ste 201",Manassas,VA,51,Manassas City,51683,20110-1744,38.74626193,-77.44994824,703-680-7950,www.GPWHealthCenter.com,,,,,,,,,HRSA operating hours per week: 48.00,unknown,,,,,,,,,HRSA Health Center Service Delivery and Look-Alike Sites,https://data.hrsa.gov/DataDownload/DD_Files/Health_Center_Service_Delivery_and_LookAlike_Sites.csv,2026-06-24,"Fields copied from the official HRSA CSV: site name, address, city, state, postal code, phone, website, HRSA geocoding coordinates, county/FIPS, operating hours per week, site status, and location setting. Site status: Active. Location setting: All Other Clinic Types. Operational schedule: Full-Time. Daily hours, services, price, insurance, and accessibility fields were not supplied by this intake.",BPS-H80-013112,Health Center Service Delivery and Look-Alike Sites,2026-06-24,2026-06-24,needs_review,
hrsa-bps-h80-002035,Hurley Family Health Center,community_health_center,10279 Hurley Rd,Hurley,VA,51,Buchanan County,51027,24620-7704,37.42204034,-82.02117865,276-566-4675,N/A,,,,,,,,,HRSA operating hours per week: 40.00,unknown,,,,,,,,,HRSA Health Center Service Delivery and Look-Alike Sites,https://data.hrsa.gov/DataDownload/DD_Files/Health_Center_Service_Delivery_and_LookAlike_Sites.csv,2026-06-24,"Fields copied from the official HRSA CSV: site name, address, city, state, postal code, phone, website, HRSA geocoding coordinates, county/FIPS, operating hours per week, site status, and location setting. Site status: Active. Location setting: All Other Clinic Types. Operational schedule: Full-Time. Daily hours, services, price, insurance, and accessibility fields were not supplied by this intake.",BPS-H80-002035,Health Center Service Delivery and Look-Alike Sites,2026-06-24,2026-06-24,needs_review,
hrsa-bps-h80-032765,MHC Dental Clinic,community_health_center,23 Fayette St,Martinsville,VA,51,Martinsville City,51690,24112-2703,36.69228255,-79.87361335,276-403-5099,,,,,,,,,,HRSA operating hours per week: 40.00,unknown,,,,,,,,,HRSA Health Center Service Delivery and Look-Alike Sites,https://data.hrsa.gov/DataDownload/DD_Files/Health_Center_Service_Delivery_and_LookAlike_Sites.csv,2026-06-24,"Fields copied from the official HRSA CSV: site name, address, city, state, postal code, phone, website, HRSA geocoding coordinates, county/FIPS, operating hours per week, site status, and location setting. Site status: Active. Location setting: All Other Clinic Types. Operational schedule: Unknown. Daily hours, services, price, insurance, and accessibility fields were not supplied by this intake.",BPS-H80-032765,Health Center Service Delivery and Look-Alike Sites,2026-06-24,2026-06-24,needs_review,
hrsa-bps-h80-039326,High Point Elementary School,community_health_center,14091 Sinking Creek Rd,Bristol,VA,51,Washington County,51191,24202-4803,36.61471009,-82.11124756,276-642-5600,,,,,,,,,,HRSA operating hours per week: 40.00,unknown,,,,,,,,,HRSA Health Center Service Delivery and Look-Alike Sites,https://data.hrsa.gov/DataDownload/DD_Files/Health_Center_Service_Delivery_and_LookAlike_Sites.csv,2026-06-24,"Fields copied from the official HRSA CSV: site name, address, city, state, postal code, phone, website, HRSA geocoding coordinates, county/FIPS, operating hours per week, site status, and location setting. Site status: Active. Location setting: School. Operational schedule: Unknown. Daily hours, services, price, insurance, and accessibility fields were not supplied by this intake.",BPS-H80-039326,Health Center Service Delivery and Look-Alike Sites,2026-06-24,2026-06-24,needs_review,
hrsa-bps-h80-011704,Bermuda Medical Center,community_health_center,2740 Bensley Commons Blvd,North Chesterfield,VA,51,Chesterfield County,51041,23237-1723,37.42426242,-77.44048717,804-780-0840,www.cahealthnet.org,,,,,,,,,HRSA operating hours per week: 40.00,unknown,,,,,,,,,HRSA Health Center Service Delivery and Look-Alike Sites,https://data.hrsa.gov/DataDownload/DD_Files/Health_Center_Service_Delivery_and_LookAlike_Sites.csv,2026-06-24,"Fields copied from the official HRSA CSV: site name, address, city, state, postal code, phone, website, HRSA geocoding coordinates, county/FIPS, operating hours per week, site status, and location setting. Site status: Active. Location setting: All Other Clinic Types. Operational schedule: Full-Time. Daily hours, services, price, insurance, and accessibility fields were not supplied by this intake.",BPS-H80-011704,Health Center Service Delivery and Look-Alike Sites,2026-06-24,2026-06-24,needs_review,
hrsa-bps-h80-021615,Sterling,community_health_center,21641 Ridgetop Cir,Sterling,VA,51,Loudoun County,51107,20166-4246,39.02553446,-77.40801475,703-840-4704,,,,,,,,,,HRSA operating hours per week: 40.00,unknown,,,,,,,,,HRSA Health Center Service Delivery and Look-Alike Sites,https://data.hrsa.gov/DataDownload/DD_Files/Health_Center_Service_Delivery_and_LookAlike_Sites.csv,2026-06-24,"Fields copied from the official HRSA CSV: site name, address, city, state, postal code, phone, website, HRSA geocoding coordinates, county/FIPS, operating hours per week, site status, and location setting. Site status: Active. Location setting: All Other Clinic Types. Operational schedule: Unknown. Daily hours, services, price, insurance, and accessibility fields were not supplied by this intake.",BPS-H80-021615,Health Center Service Delivery and Look-Alike Sites,2026-06-24,2026-06-24,needs_review,
hrsa-bps-h80-036570,Neighborhood Health Mark Center Drive,community_health_center,4850 Mark Center Dr,Alexandria,VA,51,Alexandria City,51510,22311-1882,38.83009253,-77.11904655,703-535-5568,,,,,,,,,,HRSA operating hours per week: 42.50,unknown,,,,,,,,,HRSA Health Center Service Delivery and Look-Alike Sites,https://data.hrsa.gov/DataDownload/DD_Files/Health_Center_Service_Delivery_and_LookAlike_Sites.csv,2026-06-24,"Fields copied from the official HRSA CSV: site name, address, city, state, postal code, phone, website, HRSA geocoding coordinates, county/FIPS, operating hours per week, site status, and location setting. Site status: Active. Location setting: All Other Clinic Types. Operational schedule: Unknown. Daily hours, services, price, insurance, and accessibility fields were not supplied by this intake.",BPS-H80-036570,Health Center Service Delivery and Look-Alike Sites,2026-06-24,2026-06-24,needs_review,
hrsa-bps-h80-002787,ST. CHARLES RESPIRATORY CARE CTR,community_health_center,213 Monarch Rd,Saint Charles,VA,51,Lee County,51105,24282-8122,36.80602141,-83.05631770,276-383-4428,N/A,,,,,,,,,HRSA operating hours per week: 40.00,unknown,,,,,,,,,HRSA Health Center Service Delivery and Look-Alike Sites,https://data.hrsa.gov/DataDownload/DD_Files/Health_Center_Service_Delivery_and_LookAlike_Sites.csv,2026-06-24,"Fields copied from the official HRSA CSV: site name, address, city, state, postal code, phone, website, HRSA geocoding coordinates, county/FIPS, operating hours per week, site status, and location setting. Site status: Active. Location setting: All Other Clinic Types. Operational schedule: Full-Time. Daily hours, services, price, insurance, and accessibility fields were not supplied by this intake.",BPS-H80-002787,Health Center Service Delivery and Look-Alike Sites,2026-06-24,2026-06-24,needs_review,
hrsa-bps-h80-012914,Bedford  Community Dental Center,community_health_center,600 Bedford Ave,Bedford,VA,51,Bedford County,51019,24523-1966,37.33830755,-79.52956070,434-455-2480,www.jhcvirginia.org,,,,,,,,,HRSA operating hours per week: 49.50,unknown,,,,,,,,,HRSA Health Center Service Delivery and Look-Alike Sites,https://data.hrsa.gov/DataDownload/DD_Files/Health_Center_Service_Delivery_and_LookAlike_Sites.csv,2026-06-24,"Fields copied from the official HRSA CSV: site name, address, city, state, postal code, phone, website, HRSA geocoding coordinates, county/FIPS, operating hours per week, site status, and location setting. Site status: Active. Location setting: All Other Clinic Types. Operational schedule: Full-Time. Daily hours, services, price, insurance, and accessibility fields were not supplied by this intake.",BPS-H80-012914,Health Center Service Delivery and Look-Alike Sites,2026-06-24,2026-06-24,needs_review,
hrsa-bps-h80-027724,Northside Medical Center & Administration,community_health_center,2809 North Ave,Richmond,VA,51,Richmond City,51760,23222-3647,37.56908230,-77.43271136,804-780-0840,,,,,,,,,,HRSA operating hours per week: 54.00,unknown,,,,,,,,,HRSA Health Center Service Delivery and Look-Alike Sites,https://data.hrsa.gov/DataDownload/DD_Files/Health_Center_Service_Delivery_and_LookAlike_Sites.csv,2026-06-24,"Fields copied from the official HRSA CSV: site name, address, city, state, postal code, phone, website, HRSA geocoding coordinates, county/FIPS, operating hours per week, site status, and location setting. Site status: Active. Location setting: All Other Clinic Types. Operational schedule: Unknown. Daily hours, services, price, insurance, and accessibility fields were not supplied by this intake.",BPS-H80-027724,Health Center Service Delivery and Look-Alike Sites,2026-06-24,2026-06-24,needs_review,
hrsa-bps-h80-033017,Neighborhood Health at Annandale Medical,community_health_center,"6715 Little River Tpke, Suite 201",Annandale,VA,51,Fairfax County,51059,22003-3546,38.82523740,-77.17537294,703-535-5568,,,,,,,,,,HRSA operating hours per week: 46.50,unknown,,,,,,,,,HRSA Health Center Service Delivery and Look-Alike Sites,https://data.hrsa.gov/DataDownload/DD_Files/Health_Center_Service_Delivery_and_LookAlike_Sites.csv,2026-06-24,"Fields copied from the official HRSA CSV: site name, address, city, state, postal code, phone, website, HRSA geocoding coordinates, county/FIPS, operating hours per week, site status, and location setting. Site status: Active. Location setting: All Other Clinic Types. Operational schedule: Unknown. Daily hours, services, price, insurance, and accessibility fields were not supplied by this intake.",BPS-H80-033017,Health Center Service Delivery and Look-Alike Sites,2026-06-24,2026-06-24,needs_review,
hrsa-bps-h80-034142,Orchard Creek Clinic,community_health_center,8494 S Scenic Hwy,Bland,VA,51,Bland County,51021,24315-5255,37.10054909,-81.12291070,276-688-0500,www.BlandClinic.com,,,,,,,,,HRSA operating hours per week: 40.00,unknown,,,,,,,,,HRSA Health Center Service Delivery and Look-Alike Sites,https://data.hrsa.gov/DataDownload/DD_Files/Health_Center_Service_Delivery_and_LookAlike_Sites.csv,2026-06-24,"Fields copied from the official HRSA CSV: site name, address, city, state, postal code, phone, website, HRSA geocoding coordinates, county/FIPS, operating hours per week, site status, and location setting. Site status: Active. Location setting: All Other Clinic Types. Operational schedule: Unknown. Daily hours, services, price, insurance, and accessibility fields were not supplied by this intake.",BPS-H80-034142,Health Center Service Delivery and Look-Alike Sites,2026-06-24,2026-06-24,needs_review,
hrsa-bps-h80-003304,WILLIAM A. DAVIS CLINIC,community_health_center,1389 Dante Rd,Saint Paul,VA,51,Russell County,51167,24283-3658,36.92516870,-82.28646848,276-762-0770,N/A,,,,,,,,,HRSA operating hours per week: 40.00,unknown,,,,,,,,,HRSA Health Center Service Delivery and Look-Alike Sites,https://data.hrsa.gov/DataDownload/DD_Files/Health_Center_Service_Delivery_and_LookAlike_Sites.csv,2026-06-24,"Fields copied from the official HRSA CSV: site name, address, city, state, postal code, phone, website, HRSA geocoding coordinates, county/FIPS, operating hours per week, site status, and location setting. Site status: Active. Location setting: All Other Clinic Types. Operational schedule: Full-Time. Daily hours, services, price, insurance, and accessibility fields were not supplied by this intake.",BPS-H80-003304,Health Center Service Delivery and Look-Alike Sites,2026-06-24,2026-06-24,needs_review,
hrsa-bps-h80-014660,Atlantic Community Health Center,community_health_center,5219 Lankford Hwy,New Church,VA,51,Accomack County,51001,23415-3332,37.96533652,-75.53056366,757-824-5676,www.esrh.org,,,,,,,,,HRSA operating hours per week: 44.00,unknown,,,,,,,,,HRSA Health Center Service Delivery and Look-Alike Sites,https://data.hrsa.gov/DataDownload/DD_Files/Health_Center_Service_Delivery_and_LookAlike_Sites.csv,2026-06-24,"Fields copied from the official HRSA CSV: site name, address, city, state, postal code, phone, website, HRSA geocoding coordinates, county/FIPS, operating hours per week, site status, and location setting. Site status: Active. Location setting: All Other Clinic Types. Operational schedule: Unknown. Daily hours, services, price, insurance, and accessibility fields were not supplied by this intake.",BPS-H80-014660,Health Center Service Delivery and Look-Alike Sites,2026-06-24,2026-06-24,needs_review,
hrsa-bps-h80-003328,Lunenburg Medical Center,community_health_center,1508 K V Rd,Victoria,VA,51,Lunenburg County,51111,23974-2624,36.97016678,-78.19868018,434-696-2165,www.sdhsinc.com,,,,,,,,,HRSA operating hours per week: 44.00,unknown,,,,,,,,,HRSA Health Center Service Delivery and Look-Alike Sites,https://data.hrsa.gov/DataDownload/DD_Files/Health_Center_Service_Delivery_and_LookAlike_Sites.csv,2026-06-24,"Fields copied from the official HRSA CSV: site name, address, city, state, postal code, phone, website, HRSA geocoding coordinates, county/FIPS, operating hours per week, site status, and location setting. Site status: Active. Location setting: All Other Clinic Types. Operational schedule: Full-Time. Daily hours, services, price, insurance, and accessibility fields were not supplied by this intake.",BPS-H80-003328,Health Center Service Delivery and Look-Alike Sites,2026-06-24,2026-06-24,needs_review,
hrsa-bps-h80-003497,Tri-Area Community Health Center at Laurel Fork,community_health_center,14558 Danville Pike,Laurel Fork,VA,51,Carroll County,51035,24352-3982,36.71759259,-80.50817731,276-398-2292,www.triareahealth.com,,,,,,,,,HRSA operating hours per week: 46.00,unknown,,,,,,,,,HRSA Health Center Service Delivery and Look-Alike Sites,https://data.hrsa.gov/DataDownload/DD_Files/Health_Center_Service_Delivery_and_LookAlike_Sites.csv,2026-06-24,"Fields copied from the official HRSA CSV: site name, address, city, state, postal code, phone, website, HRSA geocoding coordinates, county/FIPS, operating hours per week, site status, and location setting. Site status: Active. Location setting: All Other Clinic Types. Operational schedule: Full-Time. Daily hours, services, price, insurance, and accessibility fields were not supplied by this intake.",BPS-H80-003497,Health Center Service Delivery and Look-Alike Sites,2026-06-24,2026-06-24,needs_review,
hrsa-bps-h80-032430,Montgomery Admin Annex,community_health_center,211 Roanoke St,Christiansburg,VA,51,Montgomery County,51121,24073-3051,37.13016583,-80.40280799,540-381-0820,,,,,,,,,,,unknown,,,,,,,,,HRSA Health Center Service Delivery and Look-Alike Sites,https://data.hrsa.gov/DataDownload/DD_Files/Health_Center_Service_Delivery_and_LookAlike_Sites.csv,2026-06-24,"Fields copied from the official HRSA CSV: site name, address, city, state, postal code, phone, website, HRSA geocoding coordinates, county/FIPS, operating hours per week, site status, and location setting. Site status: Active. Location setting: Unknown. Operational schedule: Unknown. Daily hours, services, price, insurance, and accessibility fields were not supplied by this intake.",BPS-H80-032430,Health Center Service Delivery and Look-Alike Sites,2026-06-24,2026-06-24,needs_review,
hrsa-bps-h80-012911,Bedford  Community Health Center,community_health_center,582 Blue Ridge Ave,Bedford,VA,51,Bedford County,51019,24523-2604,37.33750465,-79.53260811,540-425-7910,www.jhcvirginia.org,,,,,,,,,HRSA operating hours per week: 51.50,unknown,,,,,,,,,HRSA Health Center Service Delivery and Look-Alike Sites,https://data.hrsa.gov/DataDownload/DD_Files/Health_Center_Service_Delivery_and_LookAlike_Sites.csv,2026-06-24,"Fields copied from the official HRSA CSV: site name, address, city, state, postal code, phone, website, HRSA geocoding coordinates, county/FIPS, operating hours per week, site status, and location setting. Site status: Active. Location setting: All Other Clinic Types. Operational schedule: Full-Time. Daily hours, services, price, insurance, and accessibility fields were not supplied by this intake.",BPS-H80-012911,Health Center Service Delivery and Look-Alike Sites,2026-06-24,2026-06-24,needs_review,
hrsa-bps-h80-008867,Neighborhood Health at the Casey Clinic,community_health_center,1200 N Howard St,Alexandria,VA,51,Alexandria City,51510,22304-1699,38.82149672,-77.10504332,703-778-0340,www.neighborhoodhealthva.org,,,,,,,,,HRSA operating hours per week: 55.50,unknown,,,,,,,,,HRSA Health Center Service Delivery and Look-Alike Sites,https://data.hrsa.gov/DataDownload/DD_Files/Health_Center_Service_Delivery_and_LookAlike_Sites.csv,2026-06-24,"Fields copied from the official HRSA CSV: site name, address, city, state, postal code, phone, website, HRSA geocoding coordinates, county/FIPS, operating hours per week, site status, and location setting. Site status: Active. Location setting: All Other Clinic Types. Operational schedule: Full-Time. Daily hours, services, price, insurance, and accessibility fields were not supplied by this intake.",BPS-H80-008867,Health Center Service Delivery and Look-Alike Sites,2026-06-24,2026-06-24,needs_review,
hrsa-bps-h80-027604,"Southwest Virginia Community Health Systems, Inc.",community_health_center,13191 Glenbrook Ave,Meadowview,VA,51,Washington County,51191,24361-3335,36.76107912,-81.85843595,276-944-3682,svchs.com,,,,,,,,,,unknown,,,,,,,,,HRSA Health Center Service Delivery and Look-Alike Sites,https://data.hrsa.gov/DataDownload/DD_Files/Health_Center_Service_Delivery_and_LookAlike_Sites.csv,2026-06-24,"Fields copied from the official HRSA CSV: site name, address, city, state, postal code, phone, website, HRSA geocoding coordinates, county/FIPS, operating hours per week, site status, and location setting. Site status: Active. Location setting: Unknown. Operational schedule: Unknown. Daily hours, services, price, insurance, and accessibility fields were not supplied by this intake.",BPS-H80-027604,Health Center Service Delivery and Look-Alike Sites,2026-06-24,2026-06-24,needs_review,
hrsa-bps-h80-012913,Giles Clinic,community_health_center,219 Buchanan St,Pearisburg,VA,51,Giles County,51071,24134-1901,37.32326694,-80.72267851,540-921-3502,www.chcnrv.org,,,,,,,,,HRSA operating hours per week: 42.00,unknown,,,,,,,,,HRSA Health Center Service Delivery and Look-Alike Sites,https://data.hrsa.gov/DataDownload/DD_Files/Health_Center_Service_Delivery_and_LookAlike_Sites.csv,2026-06-24,"Fields copied from the official HRSA CSV: site name, address, city, state, postal code, phone, website, HRSA geocoding coordinates, county/FIPS, operating hours per week, site status, and location setting. Site status: Active. Location setting: All Other Clinic Types. Operational schedule: Full-Time. Daily hours, services, price, insurance, and accessibility fields were not supplied by this intake.",BPS-H80-012913,Health Center Service Delivery and Look-Alike Sites,2026-06-24,2026-06-24,needs_review,
hrsa-bps-h80-010066,Neighborhood Health Arlington Sequoia,community_health_center,2100 Washington Blvd,Arlington,VA,51,Arlington County,51013,22204-5703,38.87344750,-77.08314803,703-535-5568,www.neighborhoodhealth.org,,,,,,,,,HRSA operating hours per week: 42.50,unknown,,,,,,,,,HRSA Health Center Service Delivery and Look-Alike Sites,https://data.hrsa.gov/DataDownload/DD_Files/Health_Center_Service_Delivery_and_LookAlike_Sites.csv,2026-06-24,"Fields copied from the official HRSA CSV: site name, address, city, state, postal code, phone, website, HRSA geocoding coordinates, county/FIPS, operating hours per week, site status, and location setting. Site status: Active. Location setting: All Other Clinic Types. Operational schedule: Part-Time. Daily hours, services, price, insurance, and accessibility fields were not supplied by this intake.",BPS-H80-010066,Health Center Service Delivery and Look-Alike Sites,2026-06-24,2026-06-24,needs_review,
hrsa-bps-h80-009324,South Side Medical Center,community_health_center,"101 Cowardin Ave, Suite 102",Richmond,VA,51,Richmond City,51760,23224-2078,37.51945423,-77.44893177,804-780-0840,www.cahealthnet.org,,,,,,,,,HRSA operating hours per week: 45.00,unknown,,,,,,,,,HRSA Health Center Service Delivery and Look-Alike Sites,https://data.hrsa.gov/DataDownload/DD_Files/Health_Center_Service_Delivery_and_LookAlike_Sites.csv,2026-06-24,"Fields copied from the official HRSA CSV: site name, address, city, state, postal code, phone, website, HRSA geocoding coordinates, county/FIPS, operating hours per week, site status, and location setting. Site status: Active. Location setting: All Other Clinic Types. Operational schedule: Full-Time. Daily hours, services, price, insurance, and accessibility fields were not supplied by this intake.",BPS-H80-009324,Health Center Service Delivery and Look-Alike Sites,2026-06-24,2026-06-24,needs_review,
hrsa-bps-h80-036851,Healthy Smiles Dental Van #1,community_health_center,1541 High St,Portsmouth,VA,51,Portsmouth City,51740,23704-3209,36.83445178,-76.31713143,757-393-6363,www.hrchc.org,,,,,,,,,HRSA operating hours per week: 18.00,unknown,,,,,,,,,HRSA Health Center Service Delivery and Look-Alike Sites,https://data.hrsa.gov/DataDownload/DD_Files/Health_Center_Service_Delivery_and_LookAlike_Sites.csv,2026-06-24,"Fields copied from the official HRSA CSV: site name, address, city, state, postal code, phone, website, HRSA geocoding coordinates, county/FIPS, operating hours per week, site status, and location setting. Site status: Active. Location setting: All Other Clinic Types. Operational schedule: Unknown. Daily hours, services, price, insurance, and accessibility fields were not supplied by this intake.",BPS-H80-036851,Health Center Service Delivery and Look-Alike Sites,2026-06-24,2026-06-24,needs_review,
hrsa-bps-h80-040910,SERVE Shelter,community_health_center,10056 Dean Dr,Manassas,VA,51,Manassas City,51683,20110-4115,38.74461987,-77.50018141,703-792-3366,https://www.nvfs.org/our-services/homelessness-housing/serve-campus/,,,,,,,,,HRSA operating hours per week: 5.00,unknown,,,,,,,,,HRSA Health Center Service Delivery and Look-Alike Sites,https://data.hrsa.gov/DataDownload/DD_Files/Health_Center_Service_Delivery_and_LookAlike_Sites.csv,2026-06-24,"Fields copied from the official HRSA CSV: site name, address, city, state, postal code, phone, website, HRSA geocoding coordinates, county/FIPS, operating hours per week, site status, and location setting. Site status: Active. Location setting: All Other Clinic Types. Operational schedule: Unknown. Daily hours, services, price, insurance, and accessibility fields were not supplied by this intake.",BPS-H80-040910,Health Center Service Delivery and Look-Alike Sites,2026-06-24,2026-06-24,needs_review,
hrsa-bps-h80-037633,Rockbridge County High School Health Center,community_health_center,143 Greenhouse Rd,Lexington,VA,51,Rockbridge County,51163,24450-3718,37.80174751,-79.42238113,540-464-8700,,,,,,,,,,HRSA operating hours per week: 20.00,unknown,,,,,,,,,HRSA Health Center Service Delivery and Look-Alike Sites,https://data.hrsa.gov/DataDownload/DD_Files/Health_Center_Service_Delivery_and_LookAlike_Sites.csv,2026-06-24,"Fields copied from the official HRSA CSV: site name, address, city, state, postal code, phone, website, HRSA geocoding coordinates, county/FIPS, operating hours per week, site status, and location setting. Site status: Active. Location setting: School. Operational schedule: Unknown. Daily hours, services, price, insurance, and accessibility fields were not supplied by this intake.",BPS-H80-037633,Health Center Service Delivery and Look-Alike Sites,2026-06-24,2026-06-24,needs_review,
hrsa-bps-h80-037632,Maury River Middle School Health Center,community_health_center,600 Waddell St,Lexington,VA,51,Lexington City,51678,24450-2299,37.77325335,-79.44400401,540-464-8700,rockahc.org,,,,,,,,,HRSA operating hours per week: 20.00,unknown,,,,,,,,,HRSA Health Center Service Delivery and Look-Alike Sites,https://data.hrsa.gov/DataDownload/DD_Files/Health_Center_Service_Delivery_and_LookAlike_Sites.csv,2026-06-24,"Fields copied from the official HRSA CSV: site name, address, city, state, postal code, phone, website, HRSA geocoding coordinates, county/FIPS, operating hours per week, site status, and location setting. Site status: Active. Location setting: School. Operational schedule: Unknown. Daily hours, services, price, insurance, and accessibility fields were not supplied by this intake.",BPS-H80-037632,Health Center Service Delivery and Look-Alike Sites,2026-06-24,2026-06-24,needs_review,
hrsa-bps-h80-014831,Meadowview Community Health Center,community_health_center,13168 Meadowview Sq,Meadowview,VA,51,Washington County,51191,24361-3328,36.76123569,-81.86133684,276-944-3999,,,,,,,,,,HRSA operating hours per week: 50.00,unknown,,,,,,,,,HRSA Health Center Service Delivery and Look-Alike Sites,https://data.hrsa.gov/DataDownload/DD_Files/Health_Center_Service_Delivery_and_LookAlike_Sites.csv,2026-06-24,"Fields copied from the official HRSA CSV: site name, address, city, state, postal code, phone, website, HRSA geocoding coordinates, county/FIPS, operating hours per week, site status, and location setting. Site status: Active. Location setting: All Other Clinic Types. Operational schedule: Unknown. Daily hours, services, price, insurance, and accessibility fields were not supplied by this intake.",BPS-H80-014831,Health Center Service Delivery and Look-Alike Sites,2026-06-24,2026-06-24,needs_review,
hrsa-bps-h80-031958,CARITAS,community_health_center,2220 Stockton St,Richmond,VA,51,Richmond City,51760,23224-3707,37.51323628,-77.45076355,804-783-2505 x236,,,,,,,,,,HRSA operating hours per week: 40.00,unknown,,,,,,,,,HRSA Health Center Service Delivery and Look-Alike Sites,https://data.hrsa.gov/DataDownload/DD_Files/Health_Center_Service_Delivery_and_LookAlike_Sites.csv,2026-06-24,"Fields copied from the official HRSA CSV: site name, address, city, state, postal code, phone, website, HRSA geocoding coordinates, county/FIPS, operating hours per week, site status, and location setting. Site status: Active. Location setting: All Other Clinic Types. Operational schedule: Unknown. Daily hours, services, price, insurance, and accessibility fields were not supplied by this intake.",BPS-H80-031958,Health Center Service Delivery and Look-Alike Sites,2026-06-24,2026-06-24,needs_review,
hrsa-bps-h80-014879,GPW Health Center - Dumfries,community_health_center,17739 Main St,Dumfries,VA,51,Prince William County,51153,22026-3251,38.56760166,-77.32627762,703-680-7950,http://www.gpwhealthcenter.org,,,,,,,,,HRSA operating hours per week: 48.00,unknown,,,,,,,,,HRSA Health Center Service Delivery and Look-Alike Sites,https://data.hrsa.gov/DataDownload/DD_Files/Health_Center_Service_Delivery_and_LookAlike_Sites.csv,2026-06-24,"Fields copied from the official HRSA CSV: site name, address, city, state, postal code, phone, website, HRSA geocoding coordinates, county/FIPS, operating hours per week, site status, and location setting. Site status: Active. Location setting: All Other Clinic Types. Operational schedule: Unknown. Daily hours, services, price, insurance, and accessibility fields were not supplied by this intake.",BPS-H80-014879,Health Center Service Delivery and Look-Alike Sites,2026-06-24,2026-06-24,needs_review,
hrsa-bps-h80-034431,CVHS - South Sycamore,community_health_center,541 S Sycamore St,Petersburg,VA,51,Petersburg City,51730,23803-5039,37.21930947,-77.39968784,804-835-6100,www.cvhsinc.org,,,,,,,,,HRSA operating hours per week: 37.50,unknown,,,,,,,,,HRSA Health Center Service Delivery and Look-Alike Sites,https://data.hrsa.gov/DataDownload/DD_Files/Health_Center_Service_Delivery_and_LookAlike_Sites.csv,2026-06-24,"Fields copied from the official HRSA CSV: site name, address, city, state, postal code, phone, website, HRSA geocoding coordinates, county/FIPS, operating hours per week, site status, and location setting. Site status: Active. Location setting: All Other Clinic Types. Operational schedule: Unknown. Daily hours, services, price, insurance, and accessibility fields were not supplied by this intake.",BPS-H80-034431,Health Center Service Delivery and Look-Alike Sites,2026-06-24,2026-06-24,needs_review,
hrsa-bps-h80-007349,SCH Migrant Outreach,community_health_center,867 Fairmont Ave,Winchester,VA,51,Winchester City,51840,22601-4929,39.19743920,-78.16537075,304-263-4999,http://www.shencommhealth.com/,,,,,,,,,HRSA operating hours per week: 24.00,unknown,,,,,,,,,HRSA Health Center Service Delivery and Look-Alike Sites,https://data.hrsa.gov/DataDownload/DD_Files/Health_Center_Service_Delivery_and_LookAlike_Sites.csv,2026-06-24,"Fields copied from the official HRSA CSV: site name, address, city, state, postal code, phone, website, HRSA geocoding coordinates, county/FIPS, operating hours per week, site status, and location setting. Site status: Active. Location setting: All Other Clinic Types. Operational schedule: Part-Time. Daily hours, services, price, insurance, and accessibility fields were not supplied by this intake.",BPS-H80-007349,Health Center Service Delivery and Look-Alike Sites,2026-06-24,2026-06-24,needs_review,
hrsa-bps-h80-036085,PATHS Community Medical Center  -  Danville Riverside,community_health_center,336 Old Riverside Dr,Danville,VA,51,Danville City,51590,24541-3454,36.58861999,-79.42279000,434-791-3630,pathsinc.org,,,,,,,,,HRSA operating hours per week: 50.00,unknown,,,,,,,,,HRSA Health Center Service Delivery and Look-Alike Sites,https://data.hrsa.gov/DataDownload/DD_Files/Health_Center_Service_Delivery_and_LookAlike_Sites.csv,2026-06-24,"Fields copied from the official HRSA CSV: site name, address, city, state, postal code, phone, website, HRSA geocoding coordinates, county/FIPS, operating hours per week, site status, and location setting. Site status: Active. Location setting: All Other Clinic Types. Operational schedule: Unknown. Daily hours, services, price, insurance, and accessibility fields were not supplied by this intake.",BPS-H80-036085,Health Center Service Delivery and Look-Alike Sites,2026-06-24,2026-06-24,needs_review,
hrsa-bps-h80-017972,Vansant  Respiratory Care Center,community_health_center,1060 Anchorage Cir,Vansant,VA,51,Buchanan County,51027,24656-7021,37.23887002,-82.07441429,276-498-1625,,,,,,,,,,HRSA operating hours per week: 40.00,unknown,,,,,,,,,HRSA Health Center Service Delivery and Look-Alike Sites,https://data.hrsa.gov/DataDownload/DD_Files/Health_Center_Service_Delivery_and_LookAlike_Sites.csv,2026-06-24,"Fields copied from the official HRSA CSV: site name, address, city, state, postal code, phone, website, HRSA geocoding coordinates, county/FIPS, operating hours per week, site status, and location setting. Site status: Active. Location setting: All Other Clinic Types. Operational schedule: Unknown. Daily hours, services, price, insurance, and accessibility fields were not supplied by this intake.",BPS-H80-017972,Health Center Service Delivery and Look-Alike Sites,2026-06-24,2026-06-24,needs_review,
hrsa-bps-h80-035300,RAHC Mobile Dental Unit,community_health_center,25 Northridge Ln,Lexington,VA,51,Rockbridge County,51163,24450-3399,37.80371399,-79.40501601,540-464-8700,,,,,,,,,,HRSA operating hours per week: 15.00,unknown,,,,,,,,,HRSA Health Center Service Delivery and Look-Alike Sites,https://data.hrsa.gov/DataDownload/DD_Files/Health_Center_Service_Delivery_and_LookAlike_Sites.csv,2026-06-24,"Fields copied from the official HRSA CSV: site name, address, city, state, postal code, phone, website, HRSA geocoding coordinates, county/FIPS, operating hours per week, site status, and location setting. Site status: Active. Location setting: All Other Clinic Types. Operational schedule: Unknown. Daily hours, services, price, insurance, and accessibility fields were not supplied by this intake.",BPS-H80-035300,Health Center Service Delivery and Look-Alike Sites,2026-06-24,2026-06-24,needs_review,
hrsa-bps-lal-021283,5th Street Community Health Center,community_health_center,800 5th St,Lynchburg,VA,51,Lynchburg City,51680,24504-2848,37.41430593,-79.15048351,434-200-3366,www.communityaccessnetwork.org,,,,,,,,,HRSA operating hours per week: 76.00,unknown,,,,,,,,,HRSA Health Center Service Delivery and Look-Alike Sites,https://data.hrsa.gov/DataDownload/DD_Files/Health_Center_Service_Delivery_and_LookAlike_Sites.csv,2026-06-24,"Fields copied from the official HRSA CSV: site name, address, city, state, postal code, phone, website, HRSA geocoding coordinates, county/FIPS, operating hours per week, site status, and location setting. Site status: Active. Location setting: All Other Clinic Types. Operational schedule: Unknown. Daily hours, services, price, insurance, and accessibility fields were not supplied by this intake.",BPS-LAL-021283,Health Center Service Delivery and Look-Alike Sites,2026-06-24,2026-06-24,needs_review,
hrsa-bps-h80-035456,MHC Coalition Admin,community_health_center,29 Jones St,Martinsville,VA,51,Martinsville City,51690,24112-2716,36.69199493,-79.87345501,276-403-5099,,,,,,,,,,,unknown,,,,,,,,,HRSA Health Center Service Delivery and Look-Alike Sites,https://data.hrsa.gov/DataDownload/DD_Files/Health_Center_Service_Delivery_and_LookAlike_Sites.csv,2026-06-24,"Fields copied from the official HRSA CSV: site name, address, city, state, postal code, phone, website, HRSA geocoding coordinates, county/FIPS, operating hours per week, site status, and location setting. Site status: Active. Location setting: Unknown. Operational schedule: Unknown. Daily hours, services, price, insurance, and accessibility fields were not supplied by this intake.",BPS-H80-035456,Health Center Service Delivery and Look-Alike Sites,2026-06-24,2026-06-24,needs_review,
hrsa-bps-h80-035378,Chilhowie Elementary School,community_health_center,130 Lee Hwy,Chilhowie,VA,51,Smyth County,51173,24319-4652,36.79889363,-81.68175385,276-646-8220,,,,,,,,,,HRSA operating hours per week: 40.00,unknown,,,,,,,,,HRSA Health Center Service Delivery and Look-Alike Sites,https://data.hrsa.gov/DataDownload/DD_Files/Health_Center_Service_Delivery_and_LookAlike_Sites.csv,2026-06-24,"Fields copied from the official HRSA CSV: site name, address, city, state, postal code, phone, website, HRSA geocoding coordinates, county/FIPS, operating hours per week, site status, and location setting. Site status: Active. Location setting: School. Operational schedule: Unknown. Daily hours, services, price, insurance, and accessibility fields were not supplied by this intake.",BPS-H80-035378,Health Center Service Delivery and Look-Alike Sites,2026-06-24,2026-06-24,needs_review,
hrsa-bps-h80-011881,HCHC Stone Port,community_health_center,1380 Little Sorrell Dr STE 100,Harrisonburg,VA,51,Harrisonburg City,51660,22801-7372,38.41397735,-78.86599543,540-433-4913,,,,,,,,,,HRSA operating hours per week: 56.00,unknown,,,,,,,,,HRSA Health Center Service Delivery and Look-Alike Sites,https://data.hrsa.gov/DataDownload/DD_Files/Health_Center_Service_Delivery_and_LookAlike_Sites.csv,2026-06-24,"Fields copied from the official HRSA CSV: site name, address, city, state, postal code, phone, website, HRSA geocoding coordinates, county/FIPS, operating hours per week, site status, and location setting. Site status: Active. Location setting: All Other Clinic Types. Operational schedule: Full-Time. Daily hours, services, price, insurance, and accessibility fields were not supplied by this intake.",BPS-H80-011881,Health Center Service Delivery and Look-Alike Sites,2026-06-24,2026-06-24,needs_review,
hrsa-bps-h80-035837,Westerre Conference Center,community_health_center,3831 Westerre Pkwy,Henrico,VA,51,Henrico County,51087,23233-1330,37.64323926,-77.58108312,434-581-4701,,,,,,,,,,,unknown,,,,,,,,,HRSA Health Center Service Delivery and Look-Alike Sites,https://data.hrsa.gov/DataDownload/DD_Files/Health_Center_Service_Delivery_and_LookAlike_Sites.csv,2026-06-24,"Fields copied from the official HRSA CSV: site name, address, city, state, postal code, phone, website, HRSA geocoding coordinates, county/FIPS, operating hours per week, site status, and location setting. Site status: Active. Location setting: Unknown. Operational schedule: Unknown. Daily hours, services, price, insurance, and accessibility fields were not supplied by this intake.",BPS-H80-035837,Health Center Service Delivery and Look-Alike Sites,2026-06-24,2026-06-24,needs_review,
hrsa-bps-h80-038731,CVHS - Charlotte Pharmacy,community_health_center,120 David Bruce Ave,Charlotte Court House,VA,51,Charlotte County,51037,23923-3741,37.05680523,-78.63728674,434-542-5171,,,,,,,,,,HRSA operating hours per week: 40.00,unknown,,,,,,,,,HRSA Health Center Service Delivery and Look-Alike Sites,https://data.hrsa.gov/DataDownload/DD_Files/Health_Center_Service_Delivery_and_LookAlike_Sites.csv,2026-06-24,"Fields copied from the official HRSA CSV: site name, address, city, state, postal code, phone, website, HRSA geocoding coordinates, county/FIPS, operating hours per week, site status, and location setting. Site status: Active. Location setting: All Other Clinic Types. Operational schedule: Unknown. Daily hours, services, price, insurance, and accessibility fields were not supplied by this intake.",BPS-H80-038731,Health Center Service Delivery and Look-Alike Sites,2026-06-24,2026-06-24,needs_review,
hrsa-bps-h80-036427,GPW Health Center - Woodbridge,community_health_center,3350 Commission Ct,Woodbridge,VA,51,Prince William County,51153,22192-1784,38.68711335,-77.31367526,703-680-7950,,,,,,,,,,HRSA operating hours per week: 48.00,unknown,,,,,,,,,HRSA Health Center Service Delivery and Look-Alike Sites,https://data.hrsa.gov/DataDownload/DD_Files/Health_Center_Service_Delivery_and_LookAlike_Sites.csv,2026-06-24,"Fields copied from the official HRSA CSV: site name, address, city, state, postal code, phone, website, HRSA geocoding coordinates, county/FIPS, operating hours per week, site status, and location setting. Site status: Active. Location setting: All Other Clinic Types. Operational schedule: Unknown. Daily hours, services, price, insurance, and accessibility fields were not supplied by this intake.",BPS-H80-036427,Health Center Service Delivery and Look-Alike Sites,2026-06-24,2026-06-24,needs_review,
hrsa-bps-h80-021467,Neighborhood Health at Sherwood Hall Lane,community_health_center,"2616 Sherwood Hall Ln, Ste 106",Alexandria,VA,51,Fairfax County,51059,22306-3154,38.74318271,-77.07715178,703-535-5568,,,,,,,,,,HRSA operating hours per week: 47.50,unknown,,,,,,,,,HRSA Health Center Service Delivery and Look-Alike Sites,https://data.hrsa.gov/DataDownload/DD_Files/Health_Center_Service_Delivery_and_LookAlike_Sites.csv,2026-06-24,"Fields copied from the official HRSA CSV: site name, address, city, state, postal code, phone, website, HRSA geocoding coordinates, county/FIPS, operating hours per week, site status, and location setting. Site status: Active. Location setting: All Other Clinic Types. Operational schedule: Unknown. Daily hours, services, price, insurance, and accessibility fields were not supplied by this intake.",BPS-H80-021467,Health Center Service Delivery and Look-Alike Sites,2026-06-24,2026-06-24,needs_review,
hrsa-bps-h80-013054,Rockbridge Area Health Center,community_health_center,25 Northridge Ln,Lexington,VA,51,Rockbridge County,51163,24450-3399,37.80371399,-79.40501601,540-464-8700,http://rockahc.org,,,,,,,,,HRSA operating hours per week: 48.00,unknown,,,,,,,,,HRSA Health Center Service Delivery and Look-Alike Sites,https://data.hrsa.gov/DataDownload/DD_Files/Health_Center_Service_Delivery_and_LookAlike_Sites.csv,2026-06-24,"Fields copied from the official HRSA CSV: site name, address, city, state, postal code, phone, website, HRSA geocoding coordinates, county/FIPS, operating hours per week, site status, and location setting. Site status: Active. Location setting: All Other Clinic Types. Operational schedule: Full-Time. Daily hours, services, price, insurance, and accessibility fields were not supplied by this intake.",BPS-H80-013054,Health Center Service Delivery and Look-Alike Sites,2026-06-24,2026-06-24,needs_review,
hrsa-bps-h80-032606,Johnson Health Center Mobile Medical Van 1,community_health_center,134 Elon Rd,Madison Heights,VA,51,Amherst County,51009,24572-2536,37.46748756,-79.12063036,434-929-1400,,,,,,,,,,HRSA operating hours per week: 51.50,unknown,,,,,,,,,HRSA Health Center Service Delivery and Look-Alike Sites,https://data.hrsa.gov/DataDownload/DD_Files/Health_Center_Service_Delivery_and_LookAlike_Sites.csv,2026-06-24,"Fields copied from the official HRSA CSV: site name, address, city, state, postal code, phone, website, HRSA geocoding coordinates, county/FIPS, operating hours per week, site status, and location setting. Site status: Active. Location setting: All Other Clinic Types. Operational schedule: Unknown. Daily hours, services, price, insurance, and accessibility fields were not supplied by this intake.",BPS-H80-032606,Health Center Service Delivery and Look-Alike Sites,2026-06-24,2026-06-24,needs_review,
hrsa-bps-h80-020969,Mountain View Family Dentistry,community_health_center,2131 Magnolia Ave,Buena Vista,VA,51,Buena Vista City,51530,24416-3111,37.73493653,-79.35435880,540-464-8700,www.rockahc.org,,,,,,,,,HRSA operating hours per week: 40.00,unknown,,,,,,,,,HRSA Health Center Service Delivery and Look-Alike Sites,https://data.hrsa.gov/DataDownload/DD_Files/Health_Center_Service_Delivery_and_LookAlike_Sites.csv,2026-06-24,"Fields copied from the official HRSA CSV: site name, address, city, state, postal code, phone, website, HRSA geocoding coordinates, county/FIPS, operating hours per week, site status, and location setting. Site status: Active. Location setting: All Other Clinic Types. Operational schedule: Unknown. Daily hours, services, price, insurance, and accessibility fields were not supplied by this intake.",BPS-H80-020969,Health Center Service Delivery and Look-Alike Sites,2026-06-24,2026-06-24,needs_review,
hrsa-bps-lal-036718,Clay Street,community_health_center,500 Clay St,Lynchburg,VA,51,Lynchburg City,51680,24504-2446,37.41638272,-79.14774439,434-200-3366,,,,,,,,,,,unknown,,,,,,,,,HRSA Health Center Service Delivery and Look-Alike Sites,https://data.hrsa.gov/DataDownload/DD_Files/Health_Center_Service_Delivery_and_LookAlike_Sites.csv,2026-06-24,"Fields copied from the official HRSA CSV: site name, address, city, state, postal code, phone, website, HRSA geocoding coordinates, county/FIPS, operating hours per week, site status, and location setting. Site status: Active. Location setting: Unknown. Operational schedule: Unknown. Daily hours, services, price, insurance, and accessibility fields were not supplied by this intake.",BPS-LAL-036718,Health Center Service Delivery and Look-Alike Sites,2026-06-24,2026-06-24,needs_review,
hrsa-bps-h80-017326,Neighborhood Health at Arlington CSB,community_health_center,2120 Washington Blvd,Arlington,VA,51,Arlington County,51013,22204-5718,38.87383932,-77.08446591,703-535-5568,,,,,,,,,,HRSA operating hours per week: 42.50,unknown,,,,,,,,,HRSA Health Center Service Delivery and Look-Alike Sites,https://data.hrsa.gov/DataDownload/DD_Files/Health_Center_Service_Delivery_and_LookAlike_Sites.csv,2026-06-24,"Fields copied from the official HRSA CSV: site name, address, city, state, postal code, phone, website, HRSA geocoding coordinates, county/FIPS, operating hours per week, site status, and location setting. Site status: Active. Location setting: All Other Clinic Types. Operational schedule: Unknown. Daily hours, services, price, insurance, and accessibility fields were not supplied by this intake.",BPS-H80-017326,Health Center Service Delivery and Look-Alike Sites,2026-06-24,2026-06-24,needs_review,
hrsa-bps-h80-038540,Connect Health- Patrick,community_health_center,22121 Jeb Stuart Hwy,Stuart,VA,51,Patrick County,51141,24171-5287,36.63289735,-80.19783626,276-638-0787,www.connecthealthva.org,,,,,,,,,HRSA operating hours per week: 60.00,unknown,,,,,,,,,HRSA Health Center Service Delivery and Look-Alike Sites,https://data.hrsa.gov/DataDownload/DD_Files/Health_Center_Service_Delivery_and_LookAlike_Sites.csv,2026-06-24,"Fields copied from the official HRSA CSV: site name, address, city, state, postal code, phone, website, HRSA geocoding coordinates, county/FIPS, operating hours per week, site status, and location setting. Site status: Active. Location setting: All Other Clinic Types. Operational schedule: Unknown. Daily hours, services, price, insurance, and accessibility fields were not supplied by this intake.",BPS-H80-038540,Health Center Service Delivery and Look-Alike Sites,2026-06-24,2026-06-24,needs_review,
hrsa-bps-h80-039712,HCHC Downtown,community_health_center,25 W Water St,Harrisonburg,VA,51,Harrisonburg City,51660,22801-3624,38.44835141,-78.86944869,540-433-4913,https://hburgchc.org/,,,,,,,,,HRSA operating hours per week: 40.00,unknown,,,,,,,,,HRSA Health Center Service Delivery and Look-Alike Sites,https://data.hrsa.gov/DataDownload/DD_Files/Health_Center_Service_Delivery_and_LookAlike_Sites.csv,2026-06-24,"Fields copied from the official HRSA CSV: site name, address, city, state, postal code, phone, website, HRSA geocoding coordinates, county/FIPS, operating hours per week, site status, and location setting. Site status: Active. Location setting: All Other Clinic Types. Operational schedule: Unknown. Daily hours, services, price, insurance, and accessibility fields were not supplied by this intake.",BPS-H80-039712,Health Center Service Delivery and Look-Alike Sites,2026-06-24,2026-06-24,needs_review,
hrsa-bps-h80-021462,Safe Haven,community_health_center,2864 Hull St,Richmond,VA,51,Richmond City,51760,23224-3680,37.51073885,-77.46009169,804-231-7137,,,,,,,,,,HRSA operating hours per week: 20.00,unknown,,,,,,,,,HRSA Health Center Service Delivery and Look-Alike Sites,https://data.hrsa.gov/DataDownload/DD_Files/Health_Center_Service_Delivery_and_LookAlike_Sites.csv,2026-06-24,"Fields copied from the official HRSA CSV: site name, address, city, state, postal code, phone, website, HRSA geocoding coordinates, county/FIPS, operating hours per week, site status, and location setting. Site status: Active. Location setting: All Other Clinic Types. Operational schedule: Unknown. Daily hours, services, price, insurance, and accessibility fields were not supplied by this intake.",BPS-H80-021462,Health Center Service Delivery and Look-Alike Sites,2026-06-24,2026-06-24,needs_review,
hrsa-bps-h80-000882,CVHS Petersburg,community_health_center,321 Poplar Dr,Petersburg,VA,51,Petersburg City,51730,23805-9391,37.18980403,-77.36274191,804-733-5591,www.cvhsinc.org,,,,,,,,,HRSA operating hours per week: 49.00,unknown,,,,,,,,,HRSA Health Center Service Delivery and Look-Alike Sites,https://data.hrsa.gov/DataDownload/DD_Files/Health_Center_Service_Delivery_and_LookAlike_Sites.csv,2026-06-24,"Fields copied from the official HRSA CSV: site name, address, city, state, postal code, phone, website, HRSA geocoding coordinates, county/FIPS, operating hours per week, site status, and location setting. Site status: Active. Location setting: All Other Clinic Types. Operational schedule: Full-Time. Daily hours, services, price, insurance, and accessibility fields were not supplied by this intake.",BPS-H80-000882,Health Center Service Delivery and Look-Alike Sites,2026-06-24,2026-06-24,needs_review,
hrsa-bps-h80-014842,CVHS Fredericksburg,community_health_center,"1965 Emancipation Hwy, Suite 100",Fredericksburg,VA,51,Fredericksburg City,51630,22401-6213,38.28480916,-77.48796084,540-735-0560,cvhsinc.org,,,,,,,,,HRSA operating hours per week: 52.00,unknown,,,,,,,,,HRSA Health Center Service Delivery and Look-Alike Sites,https://data.hrsa.gov/DataDownload/DD_Files/Health_Center_Service_Delivery_and_LookAlike_Sites.csv,2026-06-24,"Fields copied from the official HRSA CSV: site name, address, city, state, postal code, phone, website, HRSA geocoding coordinates, county/FIPS, operating hours per week, site status, and location setting. Site status: Active. Location setting: All Other Clinic Types. Operational schedule: Unknown. Daily hours, services, price, insurance, and accessibility fields were not supplied by this intake.",BPS-H80-014842,Health Center Service Delivery and Look-Alike Sites,2026-06-24,2026-06-24,needs_review,
hrsa-bps-h80-012501,Loudoun Community Health Center dba HealthWorks for Northern Virginia (Herndon),community_health_center,1141 Elden St STE 300,Herndon,VA,51,Fairfax County,51059,20170-5572,38.96432485,-77.39683690,703-443-2000,http://hwnova.org,,,,,,,,,HRSA operating hours per week: 48.00,unknown,,,,,,,,,HRSA Health Center Service Delivery and Look-Alike Sites,https://data.hrsa.gov/DataDownload/DD_Files/Health_Center_Service_Delivery_and_LookAlike_Sites.csv,2026-06-24,"Fields copied from the official HRSA CSV: site name, address, city, state, postal code, phone, website, HRSA geocoding coordinates, county/FIPS, operating hours per week, site status, and location setting. Site status: Active. Location setting: All Other Clinic Types. Operational schedule: Full-Time. Daily hours, services, price, insurance, and accessibility fields were not supplied by this intake.",BPS-H80-012501,Health Center Service Delivery and Look-Alike Sites,2026-06-24,2026-06-24,needs_review,
hrsa-bps-h80-001066,STONEYBROOK PHYSICIANS,community_health_center,"15425 Warwick Blvd, Suite H",Newport News,VA,51,Newport News City,51700,23608-1579,37.15029212,-76.55438623,757-874-8400,pich.org,,,,,,,,,HRSA operating hours per week: 45.00,unknown,,,,,,,,,HRSA Health Center Service Delivery and Look-Alike Sites,https://data.hrsa.gov/DataDownload/DD_Files/Health_Center_Service_Delivery_and_LookAlike_Sites.csv,2026-06-24,"Fields copied from the official HRSA CSV: site name, address, city, state, postal code, phone, website, HRSA geocoding coordinates, county/FIPS, operating hours per week, site status, and location setting. Site status: Active. Location setting: All Other Clinic Types. Operational schedule: Full-Time. Daily hours, services, price, insurance, and accessibility fields were not supplied by this intake.",BPS-H80-001066,Health Center Service Delivery and Look-Alike Sites,2026-06-24,2026-06-24,needs_review,
hrsa-bps-h80-001076,Bassett Family Practice,community_health_center,324 T B Stanley Hwy,Bassett,VA,51,Henry County,51089,24055-6108,36.73637794,-79.95959323,276-629-1076,www.healthycommunitymhc.org,,,,,,,,,HRSA operating hours per week: 60.00,unknown,,,,,,,,,HRSA Health Center Service Delivery and Look-Alike Sites,https://data.hrsa.gov/DataDownload/DD_Files/Health_Center_Service_Delivery_and_LookAlike_Sites.csv,2026-06-24,"Fields copied from the official HRSA CSV: site name, address, city, state, postal code, phone, website, HRSA geocoding coordinates, county/FIPS, operating hours per week, site status, and location setting. Site status: Active. Location setting: All Other Clinic Types. Operational schedule: Full-Time. Daily hours, services, price, insurance, and accessibility fields were not supplied by this intake.",BPS-H80-001076,Health Center Service Delivery and Look-Alike Sites,2026-06-24,2026-06-24,needs_review,
hrsa-bps-h80-033670,Nandua Dental,community_health_center,20330 Warrior Dr,Onley,VA,51,Accomack County,51001,23418-3060,37.68152813,-75.72571968,757-787-7037,www.esrh.org,,,,,,,,,HRSA operating hours per week: 40.00,unknown,,,,,,,,,HRSA Health Center Service Delivery and Look-Alike Sites,https://data.hrsa.gov/DataDownload/DD_Files/Health_Center_Service_Delivery_and_LookAlike_Sites.csv,2026-06-24,"Fields copied from the official HRSA CSV: site name, address, city, state, postal code, phone, website, HRSA geocoding coordinates, county/FIPS, operating hours per week, site status, and location setting. Site status: Active. Location setting: School. Operational schedule: Unknown. Daily hours, services, price, insurance, and accessibility fields were not supplied by this intake.",BPS-H80-033670,Health Center Service Delivery and Look-Alike Sites,2026-06-24,2026-06-24,needs_review,
hrsa-bps-h80-031151,Saltville Elementary School,community_health_center,1013 E Main St,Saltville,VA,51,Smyth County,51173,24370-3650,36.88912262,-81.75522781,276-496-4492,,,,,,,,,,HRSA operating hours per week: 40.00,unknown,,,,,,,,,HRSA Health Center Service Delivery and Look-Alike Sites,https://data.hrsa.gov/DataDownload/DD_Files/Health_Center_Service_Delivery_and_LookAlike_Sites.csv,2026-06-24,"Fields copied from the official HRSA CSV: site name, address, city, state, postal code, phone, website, HRSA geocoding coordinates, county/FIPS, operating hours per week, site status, and location setting. Site status: Active. Location setting: School. Operational schedule: Unknown. Daily hours, services, price, insurance, and accessibility fields were not supplied by this intake.",BPS-H80-031151,Health Center Service Delivery and Look-Alike Sites,2026-06-24,2026-06-24,needs_review,
hrsa-bps-h80-019744,Johnson Health Center - Lynchburg Women's and Pediatric Health Services,community_health_center,2402 Atherholt Rd,Lynchburg,VA,51,Lynchburg City,51680,24501-2148,37.40878058,-79.17489094,434-455-3275,www.jhcvirginia.org,,,,,,,,,HRSA operating hours per week: 51.50,unknown,,,,,,,,,HRSA Health Center Service Delivery and Look-Alike Sites,https://data.hrsa.gov/DataDownload/DD_Files/Health_Center_Service_Delivery_and_LookAlike_Sites.csv,2026-06-24,"Fields copied from the official HRSA CSV: site name, address, city, state, postal code, phone, website, HRSA geocoding coordinates, county/FIPS, operating hours per week, site status, and location setting. Site status: Active. Location setting: All Other Clinic Types. Operational schedule: Unknown. Daily hours, services, price, insurance, and accessibility fields were not supplied by this intake.",BPS-H80-019744,Health Center Service Delivery and Look-Alike Sites,2026-06-24,2026-06-24,needs_review,
hrsa-bps-h80-037190,Tri-Area Community Health at Galax Schools,community_health_center,200 Maroon Tide Dr,Galax,VA,51,Galax City,51640,24333-4299,36.65431706,-80.92509234,276-398-2292,https://www.triareahealth.org/,,,,,,,,,HRSA operating hours per week: 39.00,unknown,,,,,,,,,HRSA Health Center Service Delivery and Look-Alike Sites,https://data.hrsa.gov/DataDownload/DD_Files/Health_Center_Service_Delivery_and_LookAlike_Sites.csv,2026-06-24,"Fields copied from the official HRSA CSV: site name, address, city, state, postal code, phone, website, HRSA geocoding coordinates, county/FIPS, operating hours per week, site status, and location setting. Site status: Active. Location setting: School. Operational schedule: Unknown. Daily hours, services, price, insurance, and accessibility fields were not supplied by this intake.",BPS-H80-037190,Health Center Service Delivery and Look-Alike Sites,2026-06-24,2026-06-24,needs_review,
hrsa-bps-h80-036675,Pediatric Medical Center,community_health_center,5855 Bremo Rd STE 302,Richmond,VA,51,Henrico County,51087,23226-1923,37.58451284,-77.51301921,804-282-4207,,,,,,,,,,HRSA operating hours per week: 40.00,unknown,,,,,,,,,HRSA Health Center Service Delivery and Look-Alike Sites,https://data.hrsa.gov/DataDownload/DD_Files/Health_Center_Service_Delivery_and_LookAlike_Sites.csv,2026-06-24,"Fields copied from the official HRSA CSV: site name, address, city, state, postal code, phone, website, HRSA geocoding coordinates, county/FIPS, operating hours per week, site status, and location setting. Site status: Active. Location setting: Hospital. Operational schedule: Unknown. Daily hours, services, price, insurance, and accessibility fields were not supplied by this intake.",BPS-H80-036675,Health Center Service Delivery and Look-Alike Sites,2026-06-24,2026-06-24,needs_review,
hrsa-bps-h80-018300,Tri-Area Community Health Center at Ferrum,community_health_center,180 Ferrum Mountain Rd,Ferrum,VA,51,Franklin County,51067,24088-2939,36.92707873,-80.01818425,540-365-4469,www.triareahealth.org,,,,,,,,,HRSA operating hours per week: 45.00,unknown,,,,,,,,,HRSA Health Center Service Delivery and Look-Alike Sites,https://data.hrsa.gov/DataDownload/DD_Files/Health_Center_Service_Delivery_and_LookAlike_Sites.csv,2026-06-24,"Fields copied from the official HRSA CSV: site name, address, city, state, postal code, phone, website, HRSA geocoding coordinates, county/FIPS, operating hours per week, site status, and location setting. Site status: Active. Location setting: All Other Clinic Types. Operational schedule: Unknown. Daily hours, services, price, insurance, and accessibility fields were not supplied by this intake.",BPS-H80-018300,Health Center Service Delivery and Look-Alike Sites,2026-06-24,2026-06-24,needs_review,
hrsa-bps-h80-001589,Neighborhood Health at 2 East,community_health_center,2 E Glebe Rd,Alexandria,VA,51,Alexandria City,51510,22305-2938,38.83553540,-77.05744450,703-535-5568,www.neighborhoodhealth.org,,,,,,,,,HRSA operating hours per week: 48.50,unknown,,,,,,,,,HRSA Health Center Service Delivery and Look-Alike Sites,https://data.hrsa.gov/DataDownload/DD_Files/Health_Center_Service_Delivery_and_LookAlike_Sites.csv,2026-06-24,"Fields copied from the official HRSA CSV: site name, address, city, state, postal code, phone, website, HRSA geocoding coordinates, county/FIPS, operating hours per week, site status, and location setting. Site status: Active. Location setting: All Other Clinic Types. Operational schedule: Full-Time. Daily hours, services, price, insurance, and accessibility fields were not supplied by this intake.",BPS-H80-001589,Health Center Service Delivery and Look-Alike Sites,2026-06-24,2026-06-24,needs_review,
hrsa-bps-h80-032363,Johnson Health Center Administration and Facilities,community_health_center,148 Elon Rd,Madison Heights,VA,51,Amherst County,51009,24572-2538,37.46721238,-79.12116202,434-929-1400,,,,,,,,,,,unknown,,,,,,,,,HRSA Health Center Service Delivery and Look-Alike Sites,https://data.hrsa.gov/DataDownload/DD_Files/Health_Center_Service_Delivery_and_LookAlike_Sites.csv,2026-06-24,"Fields copied from the official HRSA CSV: site name, address, city, state, postal code, phone, website, HRSA geocoding coordinates, county/FIPS, operating hours per week, site status, and location setting. Site status: Active. Location setting: All Other Clinic Types. Operational schedule: Unknown. Daily hours, services, price, insurance, and accessibility fields were not supplied by this intake.",BPS-H80-032363,Health Center Service Delivery and Look-Alike Sites,2026-06-24,2026-06-24,needs_review,
hrsa-bps-h80-035991,Barbara L. Willis Wellness Center,community_health_center,1541 High St,Portsmouth,VA,51,Portsmouth City,51740,23704-3209,36.83445178,-76.31713143,757-393-6363,,,,,,,,,,HRSA operating hours per week: 42.00,unknown,,,,,,,,,HRSA Health Center Service Delivery and Look-Alike Sites,https://data.hrsa.gov/DataDownload/DD_Files/Health_Center_Service_Delivery_and_LookAlike_Sites.csv,2026-06-24,"Fields copied from the official HRSA CSV: site name, address, city, state, postal code, phone, website, HRSA geocoding coordinates, county/FIPS, operating hours per week, site status, and location setting. Site status: Active. Location setting: All Other Clinic Types. Operational schedule: Unknown. Daily hours, services, price, insurance, and accessibility fields were not supplied by this intake.",BPS-H80-035991,Health Center Service Delivery and Look-Alike Sites,2026-06-24,2026-06-24,needs_review,
hrsa-bps-h80-001903,T.K. MCKEE HOSPITAL BUILDING,community_health_center,319 5th Ave,Saltville,VA,51,Smyth County,51173,24370-3418,36.88096288,-81.75705205,276-496-4492,svchs.com,,,,,,,,,HRSA operating hours per week: 52.00,unknown,,,,,,,,,HRSA Health Center Service Delivery and Look-Alike Sites,https://data.hrsa.gov/DataDownload/DD_Files/Health_Center_Service_Delivery_and_LookAlike_Sites.csv,2026-06-24,"Fields copied from the official HRSA CSV: site name, address, city, state, postal code, phone, website, HRSA geocoding coordinates, county/FIPS, operating hours per week, site status, and location setting. Site status: Active. Location setting: All Other Clinic Types. Operational schedule: Full-Time. Daily hours, services, price, insurance, and accessibility fields were not supplied by this intake.",BPS-H80-001903,Health Center Service Delivery and Look-Alike Sites,2026-06-24,2026-06-24,needs_review,
hrsa-bps-h80-034048,CVHS- Blue Devils Health Center,community_health_center,400 S Mesa Dr,Hopewell,VA,51,Hopewell City,51670,23860-4100,37.28982948,-77.31399629,804-972-0068,www.cvhsinc.org,,,,,,,,,HRSA operating hours per week: 42.50,unknown,,,,,,,,,HRSA Health Center Service Delivery and Look-Alike Sites,https://data.hrsa.gov/DataDownload/DD_Files/Health_Center_Service_Delivery_and_LookAlike_Sites.csv,2026-06-24,"Fields copied from the official HRSA CSV: site name, address, city, state, postal code, phone, website, HRSA geocoding coordinates, county/FIPS, operating hours per week, site status, and location setting. Site status: Active. Location setting: School. Operational schedule: Unknown. Daily hours, services, price, insurance, and accessibility fields were not supplied by this intake.",BPS-H80-034048,Health Center Service Delivery and Look-Alike Sites,2026-06-24,2026-06-24,needs_review,
hrsa-bps-h80-027077,HCHC Administrative Office,community_health_center,124 Newman Ave,Harrisonburg,VA,51,Harrisonburg City,51660,22801-4004,38.44770843,-78.86734793,540-433-4913,,,,,,,,,,HRSA operating hours per week: 40.00,unknown,,,,,,,,,HRSA Health Center Service Delivery and Look-Alike Sites,https://data.hrsa.gov/DataDownload/DD_Files/Health_Center_Service_Delivery_and_LookAlike_Sites.csv,2026-06-24,"Fields copied from the official HRSA CSV: site name, address, city, state, postal code, phone, website, HRSA geocoding coordinates, county/FIPS, operating hours per week, site status, and location setting. Site status: Active. Location setting: All Other Clinic Types. Operational schedule: Unknown. Daily hours, services, price, insurance, and accessibility fields were not supplied by this intake.",BPS-H80-027077,Health Center Service Delivery and Look-Alike Sites,2026-06-24,2026-06-24,needs_review,
hrsa-bps-h80-033587,VIrginia High School,community_health_center,650 Long Crescent Dr,Bristol,VA,51,Bristol City,51520,24201,36.61002988,-82.17922265,276-496-4492,SVCHS.com,,,,,,,,,HRSA operating hours per week: 40.00,unknown,,,,,,,,,HRSA Health Center Service Delivery and Look-Alike Sites,https://data.hrsa.gov/DataDownload/DD_Files/Health_Center_Service_Delivery_and_LookAlike_Sites.csv,2026-06-24,"Fields copied from the official HRSA CSV: site name, address, city, state, postal code, phone, website, HRSA geocoding coordinates, county/FIPS, operating hours per week, site status, and location setting. Site status: Active. Location setting: School. Operational schedule: Unknown. Daily hours, services, price, insurance, and accessibility fields were not supplied by this intake.",BPS-H80-033587,Health Center Service Delivery and Look-Alike Sites,2026-06-24,2026-06-24,needs_review,
hrsa-bps-h80-002294,Bristol Community Health Center,community_health_center,2195 Euclid Ave,Bristol,VA,51,Bristol City,51520,24201-3655,36.59695839,-82.20959888,276-669-5179,svchs.com,,,,,,,,,HRSA operating hours per week: 50.00,unknown,,,,,,,,,HRSA Health Center Service Delivery and Look-Alike Sites,https://data.hrsa.gov/DataDownload/DD_Files/Health_Center_Service_Delivery_and_LookAlike_Sites.csv,2026-06-24,"Fields copied from the official HRSA CSV: site name, address, city, state, postal code, phone, website, HRSA geocoding coordinates, county/FIPS, operating hours per week, site status, and location setting. Site status: Active. Location setting: All Other Clinic Types. Operational schedule: Full-Time. Daily hours, services, price, insurance, and accessibility fields were not supplied by this intake.",BPS-H80-002294,Health Center Service Delivery and Look-Alike Sites,2026-06-24,2026-06-24,needs_review,
hrsa-bps-h80-037071,PATHS Community Medical Center - South Boston,community_health_center,2524 Houghton Ave,South Boston,VA,51,Halifax County,51083,24592-2600,36.71899981,-78.89141763,434-791-3630 x1023,,,,,,,,,,HRSA operating hours per week: 47.00,unknown,,,,,,,,,HRSA Health Center Service Delivery and Look-Alike Sites,https://data.hrsa.gov/DataDownload/DD_Files/Health_Center_Service_Delivery_and_LookAlike_Sites.csv,2026-06-24,"Fields copied from the official HRSA CSV: site name, address, city, state, postal code, phone, website, HRSA geocoding coordinates, county/FIPS, operating hours per week, site status, and location setting. Site status: Active. Location setting: All Other Clinic Types. Operational schedule: Unknown. Daily hours, services, price, insurance, and accessibility fields were not supplied by this intake.",BPS-H80-037071,Health Center Service Delivery and Look-Alike Sites,2026-06-24,2026-06-24,needs_review,
hrsa-bps-h80-027619,Blue Ridge Dental Center,community_health_center,4038 Thomas Nelson Hwy STE B,Arrington,VA,51,Nelson County,51125,22922-2302,37.70757506,-78.93401382,434-263-6310,,,,,,,,,,HRSA operating hours per week: 33.00,unknown,,,,,,,,,HRSA Health Center Service Delivery and Look-Alike Sites,https://data.hrsa.gov/DataDownload/DD_Files/Health_Center_Service_Delivery_and_LookAlike_Sites.csv,2026-06-24,"Fields copied from the official HRSA CSV: site name, address, city, state, postal code, phone, website, HRSA geocoding coordinates, county/FIPS, operating hours per week, site status, and location setting. Site status: Active. Location setting: All Other Clinic Types. Operational schedule: Unknown. Daily hours, services, price, insurance, and accessibility fields were not supplied by this intake.",BPS-H80-027619,Health Center Service Delivery and Look-Alike Sites,2026-06-24,2026-06-24,needs_review,
hrsa-bps-lal-020819,Park View,community_health_center,2420 Memorial Ave,Lynchburg,VA,51,Lynchburg City,51680,24501-2620,37.40292201,-79.16723466,434-200-3366,www.communityaccessnetwork.org,,,,,,,,,HRSA operating hours per week: 26.00,unknown,,,,,,,,,HRSA Health Center Service Delivery and Look-Alike Sites,https://data.hrsa.gov/DataDownload/DD_Files/Health_Center_Service_Delivery_and_LookAlike_Sites.csv,2026-06-24,"Fields copied from the official HRSA CSV: site name, address, city, state, postal code, phone, website, HRSA geocoding coordinates, county/FIPS, operating hours per week, site status, and location setting. Site status: Active. Location setting: All Other Clinic Types. Operational schedule: Unknown. Daily hours, services, price, insurance, and accessibility fields were not supplied by this intake.",BPS-LAL-020819,Health Center Service Delivery and Look-Alike Sites,2026-06-24,2026-06-24,needs_review,
hrsa-bps-h80-027666,PATHS Community Pharmacy,community_health_center,1049 Brookdale St STE A,Martinsville,VA,51,Martinsville City,51690,24112-3972,36.67953313,-79.85088054,276-670-2207,www.pathsinc.org,,,,,,,,,HRSA operating hours per week: 55.00,unknown,,,,,,,,,HRSA Health Center Service Delivery and Look-Alike Sites,https://data.hrsa.gov/DataDownload/DD_Files/Health_Center_Service_Delivery_and_LookAlike_Sites.csv,2026-06-24,"Fields copied from the official HRSA CSV: site name, address, city, state, postal code, phone, website, HRSA geocoding coordinates, county/FIPS, operating hours per week, site status, and location setting. Site status: Active. Location setting: All Other Clinic Types. Operational schedule: Unknown. Daily hours, services, price, insurance, and accessibility fields were not supplied by this intake.",BPS-H80-027666,Health Center Service Delivery and Look-Alike Sites,2026-06-24,2026-06-24,needs_review,
hrsa-bps-h80-029410,"New Horizons Healthcare, Administration Annex",community_health_center,3620 Melrose Ave NW,Roanoke,VA,51,Roanoke City,51770,24017-2714,37.29384101,-79.99706084,540-362-0360,,,,,,,,,,,unknown,,,,,,,,,HRSA Health Center Service Delivery and Look-Alike Sites,https://data.hrsa.gov/DataDownload/DD_Files/Health_Center_Service_Delivery_and_LookAlike_Sites.csv,2026-06-24,"Fields copied from the official HRSA CSV: site name, address, city, state, postal code, phone, website, HRSA geocoding coordinates, county/FIPS, operating hours per week, site status, and location setting. Site status: Active. Location setting: Unknown. Operational schedule: Unknown. Daily hours, services, price, insurance, and accessibility fields were not supplied by this intake.",BPS-H80-029410,Health Center Service Delivery and Look-Alike Sites,2026-06-24,2026-06-24,needs_review,
hrsa-bps-h80-017461,Jonesville Family Health Center,community_health_center,276 Fieldstone Dr,Jonesville,VA,51,Lee County,51105,24263-1215,36.72215402,-83.11285238,276-546-5310,,,,,,,,,,HRSA operating hours per week: 50.00,unknown,,,,,,,,,HRSA Health Center Service Delivery and Look-Alike Sites,https://data.hrsa.gov/DataDownload/DD_Files/Health_Center_Service_Delivery_and_LookAlike_Sites.csv,2026-06-24,"Fields copied from the official HRSA CSV: site name, address, city, state, postal code, phone, website, HRSA geocoding coordinates, county/FIPS, operating hours per week, site status, and location setting. Site status: Active. Location setting: All Other Clinic Types. Operational schedule: Unknown. Daily hours, services, price, insurance, and accessibility fields were not supplied by this intake.",BPS-H80-017461,Health Center Service Delivery and Look-Alike Sites,2026-06-24,2026-06-24,needs_review,
hrsa-bps-h80-019253,EMPORIA MEDICAL CENTER,community_health_center,510 N Main St,Emporia,VA,51,Emporia City,51595,23847-1236,36.69556801,-77.53687889,434-634-7723,,,,,,,,,,HRSA operating hours per week: 40.00,unknown,,,,,,,,,HRSA Health Center Service Delivery and Look-Alike Sites,https://data.hrsa.gov/DataDownload/DD_Files/Health_Center_Service_Delivery_and_LookAlike_Sites.csv,2026-06-24,"Fields copied from the official HRSA CSV: site name, address, city, state, postal code, phone, website, HRSA geocoding coordinates, county/FIPS, operating hours per week, site status, and location setting. Site status: Active. Location setting: All Other Clinic Types. Operational schedule: Unknown. Daily hours, services, price, insurance, and accessibility fields were not supplied by this intake.",BPS-H80-019253,Health Center Service Delivery and Look-Alike Sites,2026-06-24,2026-06-24,needs_review,
hrsa-bps-h80-038585,Tri-Area Community Health at Cana,community_health_center,11945 Fancy Gap Hwy,Cana,VA,51,Carroll County,51035,24317-3401,36.61143369,-80.68751417,866-942-0401,,,,,,,,,,HRSA operating hours per week: 39.00,unknown,,,,,,,,,HRSA Health Center Service Delivery and Look-Alike Sites,https://data.hrsa.gov/DataDownload/DD_Files/Health_Center_Service_Delivery_and_LookAlike_Sites.csv,2026-06-24,"Fields copied from the official HRSA CSV: site name, address, city, state, postal code, phone, website, HRSA geocoding coordinates, county/FIPS, operating hours per week, site status, and location setting. Site status: Active. Location setting: All Other Clinic Types. Operational schedule: Unknown. Daily hours, services, price, insurance, and accessibility fields were not supplied by this intake.",BPS-H80-038585,Health Center Service Delivery and Look-Alike Sites,2026-06-24,2026-06-24,needs_review,
hrsa-bps-h80-032532,Tazewell - New Day Recovery,community_health_center,388 Ben Bolt Ave,Tazewell,VA,51,Tazewell County,51185,24651-5386,37.12374735,-81.48904036,276-979-9899,,,,,,,,,,HRSA operating hours per week: 40.00,unknown,,,,,,,,,HRSA Health Center Service Delivery and Look-Alike Sites,https://data.hrsa.gov/DataDownload/DD_Files/Health_Center_Service_Delivery_and_LookAlike_Sites.csv,2026-06-24,"Fields copied from the official HRSA CSV: site name, address, city, state, postal code, phone, website, HRSA geocoding coordinates, county/FIPS, operating hours per week, site status, and location setting. Site status: Active. Location setting: Hospital. Operational schedule: Unknown. Daily hours, services, price, insurance, and accessibility fields were not supplied by this intake.",BPS-H80-032532,Health Center Service Delivery and Look-Alike Sites,2026-06-24,2026-06-24,needs_review,
hrsa-bps-h80-003231,"BLUE RIDGE MEDICAL CENTER, INC.",community_health_center,4038 Thomas Nelson Hwy,Arrington,VA,51,Nelson County,51125,22922-2302,37.70714159,-78.93360981,434-263-4000,www.brmedical.org,,,,,,,,,HRSA operating hours per week: 49.00,unknown,,,,,,,,,HRSA Health Center Service Delivery and Look-Alike Sites,https://data.hrsa.gov/DataDownload/DD_Files/Health_Center_Service_Delivery_and_LookAlike_Sites.csv,2026-06-24,"Fields copied from the official HRSA CSV: site name, address, city, state, postal code, phone, website, HRSA geocoding coordinates, county/FIPS, operating hours per week, site status, and location setting. Site status: Active. Location setting: All Other Clinic Types. Operational schedule: Full-Time. Daily hours, services, price, insurance, and accessibility fields were not supplied by this intake.",BPS-H80-003231,Health Center Service Delivery and Look-Alike Sites,2026-06-24,2026-06-24,needs_review,
hrsa-bps-h80-031425,PATHS Community Dental Center - Danville,community_health_center,"501 Rison St, Ste 110",Danville,VA,51,Danville City,51590,24541-2426,36.57860496,-79.40142378,434-791-0214,,,,,,,,,,HRSA operating hours per week: 40.00,unknown,,,,,,,,,HRSA Health Center Service Delivery and Look-Alike Sites,https://data.hrsa.gov/DataDownload/DD_Files/Health_Center_Service_Delivery_and_LookAlike_Sites.csv,2026-06-24,"Fields copied from the official HRSA CSV: site name, address, city, state, postal code, phone, website, HRSA geocoding coordinates, county/FIPS, operating hours per week, site status, and location setting. Site status: Active. Location setting: All Other Clinic Types. Operational schedule: Unknown. Daily hours, services, price, insurance, and accessibility fields were not supplied by this intake.",BPS-H80-031425,Health Center Service Delivery and Look-Alike Sites,2026-06-24,2026-06-24,needs_review,
hrsa-bps-h80-008761,Onley Community Health Center,community_health_center,20306 Badger Ln,Onancock,VA,51,Accomack County,51001,23417-1224,37.68952792,-75.72674852,757-787-7374,www.esrh.org,,,,,,,,,HRSA operating hours per week: 40.00,unknown,,,,,,,,,HRSA Health Center Service Delivery and Look-Alike Sites,https://data.hrsa.gov/DataDownload/DD_Files/Health_Center_Service_Delivery_and_LookAlike_Sites.csv,2026-06-24,"Fields copied from the official HRSA CSV: site name, address, city, state, postal code, phone, website, HRSA geocoding coordinates, county/FIPS, operating hours per week, site status, and location setting. Site status: Active. Location setting: All Other Clinic Types. Operational schedule: Full-Time. Daily hours, services, price, insurance, and accessibility fields were not supplied by this intake.",BPS-H80-008761,Health Center Service Delivery and Look-Alike Sites,2026-06-24,2026-06-24,needs_review,
hrsa-bps-h80-024630,Henderson Health Services (VUU),community_health_center,1500 N Lombardy St,Richmond,VA,51,Richmond City,51760,23220,37.56089000,-77.45166997,804-780-0840,,,,,,,,,,HRSA operating hours per week: 40.00,unknown,,,,,,,,,HRSA Health Center Service Delivery and Look-Alike Sites,https://data.hrsa.gov/DataDownload/DD_Files/Health_Center_Service_Delivery_and_LookAlike_Sites.csv,2026-06-24,"Fields copied from the official HRSA CSV: site name, address, city, state, postal code, phone, website, HRSA geocoding coordinates, county/FIPS, operating hours per week, site status, and location setting. Site status: Active. Location setting: All Other Clinic Types. Operational schedule: Unknown. Daily hours, services, price, insurance, and accessibility fields were not supplied by this intake.",BPS-H80-024630,Health Center Service Delivery and Look-Alike Sites,2026-06-24,2026-06-24,needs_review,
hrsa-bps-h80-003353,FRANKTOWN COMMUNITY HEALTH CTR,community_health_center,9159 Franktown Rd,Franktown,VA,51,Northampton County,51131,23354,37.47615910,-75.87689887,757-442-4819,www.esrh.org,,,,,,,,,HRSA operating hours per week: 40.00,unknown,,,,,,,,,HRSA Health Center Service Delivery and Look-Alike Sites,https://data.hrsa.gov/DataDownload/DD_Files/Health_Center_Service_Delivery_and_LookAlike_Sites.csv,2026-06-24,"Fields copied from the official HRSA CSV: site name, address, city, state, postal code, phone, website, HRSA geocoding coordinates, county/FIPS, operating hours per week, site status, and location setting. Site status: Active. Location setting: All Other Clinic Types. Operational schedule: Full-Time. Daily hours, services, price, insurance, and accessibility fields were not supplied by this intake.",BPS-H80-003353,Health Center Service Delivery and Look-Alike Sites,2026-06-24,2026-06-24,needs_review,
hrsa-bps-h80-027728,Neighborhood Health at Merrifield Center,community_health_center,8221 Willow Oaks Corporate Dr,Fairfax,VA,51,Fairfax County,51059,22031-4512,38.86376284,-77.23378273,703-535-5568,,,,,,,,,,HRSA operating hours per week: 50.00,unknown,,,,,,,,,HRSA Health Center Service Delivery and Look-Alike Sites,https://data.hrsa.gov/DataDownload/DD_Files/Health_Center_Service_Delivery_and_LookAlike_Sites.csv,2026-06-24,"Fields copied from the official HRSA CSV: site name, address, city, state, postal code, phone, website, HRSA geocoding coordinates, county/FIPS, operating hours per week, site status, and location setting. Site status: Active. Location setting: All Other Clinic Types. Operational schedule: Unknown. Daily hours, services, price, insurance, and accessibility fields were not supplied by this intake.",BPS-H80-027728,Health Center Service Delivery and Look-Alike Sites,2026-06-24,2026-06-24,needs_review,
hrsa-bps-h80-003436,EAST END PHYSICIANS,community_health_center,1033 28th St,Newport News,VA,51,Newport News City,51700,23607-4295,36.98801542,-76.41162507,757-952-2160,pich.org,,,,,,,,,HRSA operating hours per week: 42.00,unknown,,,,,,,,,HRSA Health Center Service Delivery and Look-Alike Sites,https://data.hrsa.gov/DataDownload/DD_Files/Health_Center_Service_Delivery_and_LookAlike_Sites.csv,2026-06-24,"Fields copied from the official HRSA CSV: site name, address, city, state, postal code, phone, website, HRSA geocoding coordinates, county/FIPS, operating hours per week, site status, and location setting. Site status: Active. Location setting: All Other Clinic Types. Operational schedule: Full-Time. Daily hours, services, price, insurance, and accessibility fields were not supplied by this intake.",BPS-H80-003436,Health Center Service Delivery and Look-Alike Sites,2026-06-24,2026-06-24,needs_review,
hrsa-bps-h80-017941,Ridgeway Family Health,community_health_center,4944 Greensboro Rd,Ridgeway,VA,51,Henry County,51089,24148-3390,36.62618102,-79.86122095,276-403-5007,http://www.healthycommunitymhc.org/,,,,,,,,,HRSA operating hours per week: 60.00,unknown,,,,,,,,,HRSA Health Center Service Delivery and Look-Alike Sites,https://data.hrsa.gov/DataDownload/DD_Files/Health_Center_Service_Delivery_and_LookAlike_Sites.csv,2026-06-24,"Fields copied from the official HRSA CSV: site name, address, city, state, postal code, phone, website, HRSA geocoding coordinates, county/FIPS, operating hours per week, site status, and location setting. Site status: Active. Location setting: All Other Clinic Types. Operational schedule: Unknown. Daily hours, services, price, insurance, and accessibility fields were not supplied by this intake.",BPS-H80-017941,Health Center Service Delivery and Look-Alike Sites,2026-06-24,2026-06-24,needs_review,
hrsa-bps-h80-010143,Loudoun Community Health Center dba HealthWorks for Northern Virginia,community_health_center,163 Fort Evans Rd NE,Leesburg,VA,51,Loudoun County,51107,20176-4420,39.10884081,-77.54072082,703-443-2000,http://hwnova.org/,,,,,,,,,HRSA operating hours per week: 48.00,unknown,,,,,,,,,HRSA Health Center Service Delivery and Look-Alike Sites,https://data.hrsa.gov/DataDownload/DD_Files/Health_Center_Service_Delivery_and_LookAlike_Sites.csv,2026-06-24,"Fields copied from the official HRSA CSV: site name, address, city, state, postal code, phone, website, HRSA geocoding coordinates, county/FIPS, operating hours per week, site status, and location setting. Site status: Active. Location setting: All Other Clinic Types. Operational schedule: Full-Time. Daily hours, services, price, insurance, and accessibility fields were not supplied by this intake.",BPS-H80-010143,Health Center Service Delivery and Look-Alike Sites,2026-06-24,2026-06-24,needs_review,
hrsa-bps-h80-003730,CVHS Charles City,community_health_center,9950 Courthouse Rd,Charles City,VA,51,Charles City County,51036,23030-3434,37.35270938,-77.07444677,804-829-6600,www.cvhsinc.org,,,,,,,,,HRSA operating hours per week: 49.00,unknown,,,,,,,,,HRSA Health Center Service Delivery and Look-Alike Sites,https://data.hrsa.gov/DataDownload/DD_Files/Health_Center_Service_Delivery_and_LookAlike_Sites.csv,2026-06-24,"Fields copied from the official HRSA CSV: site name, address, city, state, postal code, phone, website, HRSA geocoding coordinates, county/FIPS, operating hours per week, site status, and location setting. Site status: Active. Location setting: All Other Clinic Types. Operational schedule: Full-Time. Daily hours, services, price, insurance, and accessibility fields were not supplied by this intake.",BPS-H80-003730,Health Center Service Delivery and Look-Alike Sites,2026-06-24,2026-06-24,needs_review,
hrsa-bps-h80-018323,Tazewell Community Health Center,community_health_center,386 Ben Bolt Ave,Tazewell,VA,51,Tazewell County,51185,24651-5386,37.12500354,-81.48928822,276-979-9899,svchs.com,,,,,,,,,HRSA operating hours per week: 53.50,unknown,,,,,,,,,HRSA Health Center Service Delivery and Look-Alike Sites,https://data.hrsa.gov/DataDownload/DD_Files/Health_Center_Service_Delivery_and_LookAlike_Sites.csv,2026-06-24,"Fields copied from the official HRSA CSV: site name, address, city, state, postal code, phone, website, HRSA geocoding coordinates, county/FIPS, operating hours per week, site status, and location setting. Site status: Active. Location setting: All Other Clinic Types. Operational schedule: Unknown. Daily hours, services, price, insurance, and accessibility fields were not supplied by this intake.",BPS-H80-018323,Health Center Service Delivery and Look-Alike Sites,2026-06-24,2026-06-24,needs_review,
hrsa-bps-h80-017928,Warwick Boulevard Physicians,community_health_center,9294 Warwick Blvd,Newport News,VA,51,Newport News City,51700,23607-1535,37.02122695,-76.45186533,757-591-0643,www.pich.org,,,,,,,,,HRSA operating hours per week: 45.00,unknown,,,,,,,,,HRSA Health Center Service Delivery and Look-Alike Sites,https://data.hrsa.gov/DataDownload/DD_Files/Health_Center_Service_Delivery_and_LookAlike_Sites.csv,2026-06-24,"Fields copied from the official HRSA CSV: site name, address, city, state, postal code, phone, website, HRSA geocoding coordinates, county/FIPS, operating hours per week, site status, and location setting. Site status: Active. Location setting: All Other Clinic Types. Operational schedule: Unknown. Daily hours, services, price, insurance, and accessibility fields were not supplied by this intake.",BPS-H80-017928,Health Center Service Delivery and Look-Alike Sites,2026-06-24,2026-06-24,needs_review,
hrsa-bps-h80-007087,Metompkin Elementary School Health,community_health_center,24501 Parksley Rd,Parksley,VA,51,Accomack County,51001,23421-2519,37.77992610,-75.64548316,757-665-1159,www.esrh.org,,,,,,,,,HRSA operating hours per week: 40.00,unknown,,,,,,,,,HRSA Health Center Service Delivery and Look-Alike Sites,https://data.hrsa.gov/DataDownload/DD_Files/Health_Center_Service_Delivery_and_LookAlike_Sites.csv,2026-06-24,"Fields copied from the official HRSA CSV: site name, address, city, state, postal code, phone, website, HRSA geocoding coordinates, county/FIPS, operating hours per week, site status, and location setting. Site status: Active. Location setting: School. Operational schedule: Part-Time. Daily hours, services, price, insurance, and accessibility fields were not supplied by this intake.",BPS-H80-007087,Health Center Service Delivery and Look-Alike Sites,2026-06-24,2026-06-24,needs_review,
hrsa-bps-lal-041011,New Canton,community_health_center,59 Gold Hill Elementary School Rd,New Canton,VA,51,Buckingham County,51029,23123-2162,37.63435612,-78.36356110,434-818-7880,,,,,,,,,,,unknown,,,,,,,,,HRSA Health Center Service Delivery and Look-Alike Sites,https://data.hrsa.gov/DataDownload/DD_Files/Health_Center_Service_Delivery_and_LookAlike_Sites.csv,2026-06-24,"Fields copied from the official HRSA CSV: site name, address, city, state, postal code, phone, website, HRSA geocoding coordinates, county/FIPS, operating hours per week, site status, and location setting. Site status: Active. Location setting: Unknown. Operational schedule: Unknown. Daily hours, services, price, insurance, and accessibility fields were not supplied by this intake.",BPS-LAL-041011,Health Center Service Delivery and Look-Alike Sites,2026-06-24,2026-06-24,needs_review,
hrsa-bps-h80-004326,CHINCOTEAGUE ISLAND COMM HLTH CTR,community_health_center,4049 Main St,Chincoteague Island,VA,51,Accomack County,51001,23336-2406,37.93392287,-75.37805133,757-336-3682,www.esrh.org,,,,,,,,,HRSA operating hours per week: 44.00,unknown,,,,,,,,,HRSA Health Center Service Delivery and Look-Alike Sites,https://data.hrsa.gov/DataDownload/DD_Files/Health_Center_Service_Delivery_and_LookAlike_Sites.csv,2026-06-24,"Fields copied from the official HRSA CSV: site name, address, city, state, postal code, phone, website, HRSA geocoding coordinates, county/FIPS, operating hours per week, site status, and location setting. Site status: Active. Location setting: All Other Clinic Types. Operational schedule: Full-Time. Daily hours, services, price, insurance, and accessibility fields were not supplied by this intake.",BPS-H80-004326,Health Center Service Delivery and Look-Alike Sites,2026-06-24,2026-06-24,needs_review,
hrsa-bps-h80-004333,CVHS Hopewell-Prince George,community_health_center,4260 Crossings Blvd STE 2,Prince George,VA,51,Prince George County,51149,23875-1400,37.25717832,-77.32624275,804-452-5800,www.cvhsinc.org,,,,,,,,,HRSA operating hours per week: 44.00,unknown,,,,,,,,,HRSA Health Center Service Delivery and Look-Alike Sites,https://data.hrsa.gov/DataDownload/DD_Files/Health_Center_Service_Delivery_and_LookAlike_Sites.csv,2026-06-24,"Fields copied from the official HRSA CSV: site name, address, city, state, postal code, phone, website, HRSA geocoding coordinates, county/FIPS, operating hours per week, site status, and location setting. Site status: Active. Location setting: All Other Clinic Types. Operational schedule: Full-Time. Daily hours, services, price, insurance, and accessibility fields were not supplied by this intake.",BPS-H80-004333,Health Center Service Delivery and Look-Alike Sites,2026-06-24,2026-06-24,needs_review,
hrsa-bps-h80-018165,Neighborhood Health at Annandale Dental,community_health_center,"7501 Little River Tpke, Suite G 4",Annandale,VA,51,Fairfax County,51059,22003-2923,38.83106529,-77.20467984,703-535-5568,www.neighborhoodhealthva.org,,,,,,,,,HRSA operating hours per week: 42.50,unknown,,,,,,,,,HRSA Health Center Service Delivery and Look-Alike Sites,https://data.hrsa.gov/DataDownload/DD_Files/Health_Center_Service_Delivery_and_LookAlike_Sites.csv,2026-06-24,"Fields copied from the official HRSA CSV: site name, address, city, state, postal code, phone, website, HRSA geocoding coordinates, county/FIPS, operating hours per week, site status, and location setting. Site status: Active. Location setting: All Other Clinic Types. Operational schedule: Unknown. Daily hours, services, price, insurance, and accessibility fields were not supplied by this intake.",BPS-H80-018165,Health Center Service Delivery and Look-Alike Sites,2026-06-24,2026-06-24,needs_review,
hrsa-bps-h80-019141,HAMHDS Woodman Center,community_health_center,10299 Woodman Rd,Glen Allen,VA,51,Henrico County,51087,23060-4419,37.65393839,-77.49320272,804-649-2119 x264,,,,,,,,,,HRSA operating hours per week: 40.00,unknown,,,,,,,,,HRSA Health Center Service Delivery and Look-Alike Sites,https://data.hrsa.gov/DataDownload/DD_Files/Health_Center_Service_Delivery_and_LookAlike_Sites.csv,2026-06-24,"Fields copied from the official HRSA CSV: site name, address, city, state, postal code, phone, website, HRSA geocoding coordinates, county/FIPS, operating hours per week, site status, and location setting. Site status: Active. Location setting: All Other Clinic Types. Operational schedule: Unknown. Daily hours, services, price, insurance, and accessibility fields were not supplied by this intake.",BPS-H80-019141,Health Center Service Delivery and Look-Alike Sites,2026-06-24,2026-06-24,needs_review,
hrsa-bps-h80-012851,CVHS Children's Dental,community_health_center,17202 Richmond Tpke,Milford,VA,51,Caroline County,51033,22514-2211,38.02429299,-77.34090203,804-633-5465,,,,,,,,,,HRSA operating hours per week: 34.00,unknown,,,,,,,,,HRSA Health Center Service Delivery and Look-Alike Sites,https://data.hrsa.gov/DataDownload/DD_Files/Health_Center_Service_Delivery_and_LookAlike_Sites.csv,2026-06-24,"Fields copied from the official HRSA CSV: site name, address, city, state, postal code, phone, website, HRSA geocoding coordinates, county/FIPS, operating hours per week, site status, and location setting. Site status: Active. Location setting: All Other Clinic Types. Operational schedule: Full-Time. Daily hours, services, price, insurance, and accessibility fields were not supplied by this intake.",BPS-H80-012851,Health Center Service Delivery and Look-Alike Sites,2026-06-24,2026-06-24,needs_review,
hrsa-bps-h80-004532,KONNAROCK FAMILY HEALTH CENTER,community_health_center,20471 Azen Rd,Damascus,VA,51,Washington County,51191,24236-4141,36.66518918,-81.63573850,276-388-3431,N/A,,,,,,,,,HRSA operating hours per week: 40.00,unknown,,,,,,,,,HRSA Health Center Service Delivery and Look-Alike Sites,https://data.hrsa.gov/DataDownload/DD_Files/Health_Center_Service_Delivery_and_LookAlike_Sites.csv,2026-06-24,"Fields copied from the official HRSA CSV: site name, address, city, state, postal code, phone, website, HRSA geocoding coordinates, county/FIPS, operating hours per week, site status, and location setting. Site status: Active. Location setting: All Other Clinic Types. Operational schedule: Full-Time. Daily hours, services, price, insurance, and accessibility fields were not supplied by this intake.",BPS-H80-004532,Health Center Service Delivery and Look-Alike Sites,2026-06-24,2026-06-24,needs_review,
hrsa-bps-h80-037913,Pound Medical Clinic,community_health_center,11313 Highland Ave,Pound,VA,51,Wise County,51195,24279-4145,37.12183556,-82.59682236,276-796-8100,www.mchcky.com,,,,,,,,,HRSA operating hours per week: 42.50,unknown,,,,,,,,,HRSA Health Center Service Delivery and Look-Alike Sites,https://data.hrsa.gov/DataDownload/DD_Files/Health_Center_Service_Delivery_and_LookAlike_Sites.csv,2026-06-24,"Fields copied from the official HRSA CSV: site name, address, city, state, postal code, phone, website, HRSA geocoding coordinates, county/FIPS, operating hours per week, site status, and location setting. Site status: Active. Location setting: All Other Clinic Types. Operational schedule: Unknown. Daily hours, services, price, insurance, and accessibility fields were not supplied by this intake.",BPS-H80-037913,Health Center Service Delivery and Look-Alike Sites,2026-06-24,2026-06-24,needs_review,
hrsa-bps-h80-004817,STONY CREEK COMMUNITY HEALTH CENTER,community_health_center,12454 Hartley St,Stony Creek,VA,51,Sussex County,51183,23882-3302,36.94743644,-77.40052946,434-246-6100,lelder@stonycreek.org,,,,,,,,,HRSA operating hours per week: 45.00,unknown,,,,,,,,,HRSA Health Center Service Delivery and Look-Alike Sites,https://data.hrsa.gov/DataDownload/DD_Files/Health_Center_Service_Delivery_and_LookAlike_Sites.csv,2026-06-24,"Fields copied from the official HRSA CSV: site name, address, city, state, postal code, phone, website, HRSA geocoding coordinates, county/FIPS, operating hours per week, site status, and location setting. Site status: Active. Location setting: All Other Clinic Types. Operational schedule: Full-Time. Daily hours, services, price, insurance, and accessibility fields were not supplied by this intake.",BPS-H80-004817,Health Center Service Delivery and Look-Alike Sites,2026-06-24,2026-06-24,needs_review,
hrsa-bps-h80-035149,Occohannock Dental,community_health_center,4208 Seaside Rd,Exmore,VA,51,Northampton County,51131,23350-2575,37.52122076,-75.81554258,757-789-9734,www.esrh.org,,,,,,,,,HRSA operating hours per week: 16.00,unknown,,,,,,,,,HRSA Health Center Service Delivery and Look-Alike Sites,https://data.hrsa.gov/DataDownload/DD_Files/Health_Center_Service_Delivery_and_LookAlike_Sites.csv,2026-06-24,"Fields copied from the official HRSA CSV: site name, address, city, state, postal code, phone, website, HRSA geocoding coordinates, county/FIPS, operating hours per week, site status, and location setting. Site status: Active. Location setting: School. Operational schedule: Unknown. Daily hours, services, price, insurance, and accessibility fields were not supplied by this intake.",BPS-H80-035149,Health Center Service Delivery and Look-Alike Sites,2026-06-24,2026-06-24,needs_review,
hrsa-bps-h80-027934,Southeastern Virginia Health System @ Four Oaks Day Service Center,community_health_center,7401 Warwick Blvd,Newport News,VA,51,Newport News City,51700,23607-1515,37.01403008,-76.44819916,757-975-5200,,,,,,,,,,HRSA operating hours per week: 8.00,unknown,,,,,,,,,HRSA Health Center Service Delivery and Look-Alike Sites,https://data.hrsa.gov/DataDownload/DD_Files/Health_Center_Service_Delivery_and_LookAlike_Sites.csv,2026-06-24,"Fields copied from the official HRSA CSV: site name, address, city, state, postal code, phone, website, HRSA geocoding coordinates, county/FIPS, operating hours per week, site status, and location setting. Site status: Active. Location setting: All Other Clinic Types. Operational schedule: Unknown. Daily hours, services, price, insurance, and accessibility fields were not supplied by this intake.",BPS-H80-027934,Health Center Service Delivery and Look-Alike Sites,2026-06-24,2026-06-24,needs_review,
hrsa-bps-h80-029754,Eastville Community Health Center,community_health_center,17068 Lankford Hwy,Eastville,VA,51,Northampton County,51131,23347,37.34873259,-75.94337985,757-414-0400,www.esrh.org,,,,,,,,,HRSA operating hours per week: 43.00,unknown,,,,,,,,,HRSA Health Center Service Delivery and Look-Alike Sites,https://data.hrsa.gov/DataDownload/DD_Files/Health_Center_Service_Delivery_and_LookAlike_Sites.csv,2026-06-24,"Fields copied from the official HRSA CSV: site name, address, city, state, postal code, phone, website, HRSA geocoding coordinates, county/FIPS, operating hours per week, site status, and location setting. Site status: Active. Location setting: All Other Clinic Types. Operational schedule: Unknown. Daily hours, services, price, insurance, and accessibility fields were not supplied by this intake.",BPS-H80-029754,Health Center Service Delivery and Look-Alike Sites,2026-06-24,2026-06-24,needs_review,
