id,name,facilityType,address,city,state,stateFips,county,countyFips,postalCode,latitude,longitude,phone,website,services,monday,tuesday,wednesday,thursday,friday,saturday,sunday,hoursNotes,priceLevel,acceptsSlidingScale,estimatedVisitCost,priceNotes,acceptsMedicaid,acceptsMedicare,acceptsUninsured,insuranceNotes,accessibilityInfo,sourceName,sourceUrl,sourceLastChecked,sourceNotes,sourceId,sourceDataset,sourceLastUpdated,lastVerified,verificationStatus,isDemoData
hrsa-bps-h80-021927,"Community Health & Dental Care, Inc.",community_health_center,351 W Schuylkill Rd,Pottstown,PA,42,Chester County,42029,19465-7438,40.23460890,-75.66660111,610-326-9460 x222,,,,,,,,,,HRSA operating hours per week: 62.00,unknown,,,,,,,,,HRSA Health Center Service Delivery and Look-Alike Sites,https://data.hrsa.gov/DataDownload/DD_Files/Health_Center_Service_Delivery_and_LookAlike_Sites.csv,2026-06-19,"Fields copied from the official HRSA CSV: site name, address, city, state, postal code, phone, website, HRSA geocoding coordinates, county/FIPS, operating hours per week, site status, and location setting. Site status: Active. Location setting: All Other Clinic Types. Operational schedule: Unknown. Daily hours, services, price, insurance, and accessibility fields were not supplied by this intake.",BPS-H80-021927,Health Center Service Delivery and Look-Alike Sites,2026-06-19,2026-06-19,needs_review,
hrsa-bps-lal-041396,Tunkhannock - Floor 1,community_health_center,133 W Tioga St,Tunkhannock,PA,42,Wyoming County,42131,18657-1496,41.54092202,-75.95673600,570-836-2722,https://www.cscwv.org/,,,,,,,,,HRSA operating hours per week: 40.00,unknown,,,,,,,,,HRSA Health Center Service Delivery and Look-Alike Sites,https://data.hrsa.gov/DataDownload/DD_Files/Health_Center_Service_Delivery_and_LookAlike_Sites.csv,2026-06-19,"Fields copied from the official HRSA CSV: site name, address, city, state, postal code, phone, website, HRSA geocoding coordinates, county/FIPS, operating hours per week, site status, and location setting. Site status: Active. Location setting: All Other Clinic Types. Operational schedule: Unknown. Daily hours, services, price, insurance, and accessibility fields were not supplied by this intake.",BPS-LAL-041396,Health Center Service Delivery and Look-Alike Sites,2026-06-19,2026-06-19,needs_review,
hrsa-bps-h80-018769,Fox Township Dental Clinic,community_health_center,176 Skyline Dr,Kersey,PA,42,Elk County,42047,15846-9146,41.35575098,-78.60507198,814-245-2004,,,,,,,,,,HRSA operating hours per week: 0.10,unknown,,,,,,,,,HRSA Health Center Service Delivery and Look-Alike Sites,https://data.hrsa.gov/DataDownload/DD_Files/Health_Center_Service_Delivery_and_LookAlike_Sites.csv,2026-06-19,"Fields copied from the official HRSA CSV: site name, address, city, state, postal code, phone, website, HRSA geocoding coordinates, county/FIPS, operating hours per week, site status, and location setting. Site status: Active. Location setting: All Other Clinic Types. Operational schedule: Unknown. Daily hours, services, price, insurance, and accessibility fields were not supplied by this intake.",BPS-H80-018769,Health Center Service Delivery and Look-Alike Sites,2026-06-19,2026-06-19,needs_review,
hrsa-bps-h80-010052,Harborcreek Health Center,community_health_center,4401 Iroquois Ave,Erie,PA,42,Erie County,42049,16511-2219,42.15085689,-80.00591247,814-454-4530,www.community-healthnet.com,,,,,,,,,HRSA operating hours per week: 40.00,unknown,,,,,,,,,HRSA Health Center Service Delivery and Look-Alike Sites,https://data.hrsa.gov/DataDownload/DD_Files/Health_Center_Service_Delivery_and_LookAlike_Sites.csv,2026-06-19,"Fields copied from the official HRSA CSV: site name, address, city, state, postal code, phone, website, HRSA geocoding coordinates, county/FIPS, operating hours per week, site status, and location setting. Site status: Active. Location setting: All Other Clinic Types. Operational schedule: Full-Time. Daily hours, services, price, insurance, and accessibility fields were not supplied by this intake.",BPS-H80-010052,Health Center Service Delivery and Look-Alike Sites,2026-06-19,2026-06-19,needs_review,
hrsa-bps-lal-037664,Bainbridge,community_health_center,1348 Bainbridge St,Philadelphia,PA,42,Philadelphia County,42101,19147-1810,39.94248885,-75.16501570,215-563-0652,mazzonicenter.org,,,,,,,,,HRSA operating hours per week: 57.00,unknown,,,,,,,,,HRSA Health Center Service Delivery and Look-Alike Sites,https://data.hrsa.gov/DataDownload/DD_Files/Health_Center_Service_Delivery_and_LookAlike_Sites.csv,2026-06-19,"Fields copied from the official HRSA CSV: site name, address, city, state, postal code, phone, website, HRSA geocoding coordinates, county/FIPS, operating hours per week, site status, and location setting. Site status: Active. Location setting: All Other Clinic Types. Operational schedule: Unknown. Daily hours, services, price, insurance, and accessibility fields were not supplied by this intake.",BPS-LAL-037664,Health Center Service Delivery and Look-Alike Sites,2026-06-19,2026-06-19,needs_review,
hrsa-bps-h80-024665,Berks Community Health Center at Rockland,community_health_center,1110 Rockland St,Reading,PA,42,Berks County,42011,19604-1501,40.36430196,-75.91468030,610-988-4838,www.berkschc.net,,,,,,,,,HRSA operating hours per week: 50.00,unknown,,,,,,,,,HRSA Health Center Service Delivery and Look-Alike Sites,https://data.hrsa.gov/DataDownload/DD_Files/Health_Center_Service_Delivery_and_LookAlike_Sites.csv,2026-06-19,"Fields copied from the official HRSA CSV: site name, address, city, state, postal code, phone, website, HRSA geocoding coordinates, county/FIPS, operating hours per week, site status, and location setting. Site status: Active. Location setting: All Other Clinic Types. Operational schedule: Unknown. Daily hours, services, price, insurance, and accessibility fields were not supplied by this intake.",BPS-H80-024665,Health Center Service Delivery and Look-Alike Sites,2026-06-19,2026-06-19,needs_review,
hrsa-bps-h80-032373,Lancaster Grandview Plaza,community_health_center,"802 New Holland Ave, Suite 200",Lancaster,PA,42,Lancaster County,42071,17602-2288,40.05125946,-76.28766367,717-945-1551,,,,,,,,,,HRSA operating hours per week: 53.00,unknown,,,,,,,,,HRSA Health Center Service Delivery and Look-Alike Sites,https://data.hrsa.gov/DataDownload/DD_Files/Health_Center_Service_Delivery_and_LookAlike_Sites.csv,2026-06-19,"Fields copied from the official HRSA CSV: site name, address, city, state, postal code, phone, website, HRSA geocoding coordinates, county/FIPS, operating hours per week, site status, and location setting. Site status: Active. Location setting: All Other Clinic Types. Operational schedule: Unknown. Daily hours, services, price, insurance, and accessibility fields were not supplied by this intake.",BPS-H80-032373,Health Center Service Delivery and Look-Alike Sites,2026-06-19,2026-06-19,needs_review,
hrsa-bps-h80-036360,River Valley Health - Mobile Dental Unit,community_health_center,2950 Lycoming Creek Rd,Williamsport,PA,42,Lycoming County,42081,17701-1081,41.28422698,-77.05382101,570-567-5400,www.rivervalleyhealthpa.org,,,,,,,,,HRSA operating hours per week: 36.00,unknown,,,,,,,,,HRSA Health Center Service Delivery and Look-Alike Sites,https://data.hrsa.gov/DataDownload/DD_Files/Health_Center_Service_Delivery_and_LookAlike_Sites.csv,2026-06-19,"Fields copied from the official HRSA CSV: site name, address, city, state, postal code, phone, website, HRSA geocoding coordinates, county/FIPS, operating hours per week, site status, and location setting. Site status: Active. Location setting: All Other Clinic Types. Operational schedule: Unknown. Daily hours, services, price, insurance, and accessibility fields were not supplied by this intake.",BPS-H80-036360,Health Center Service Delivery and Look-Alike Sites,2026-06-19,2026-06-19,needs_review,
hrsa-bps-lal-039974,Sharon Community Health Center - Behavioral Health,community_health_center,90 W Connelly Blvd,Sharon,PA,42,Mercer County,42085,16146-1754,41.22997658,-80.51013926,724-347-2429,,,,,,,,,,HRSA operating hours per week: 40.00,unknown,,,,,,,,,HRSA Health Center Service Delivery and Look-Alike Sites,https://data.hrsa.gov/DataDownload/DD_Files/Health_Center_Service_Delivery_and_LookAlike_Sites.csv,2026-06-19,"Fields copied from the official HRSA CSV: site name, address, city, state, postal code, phone, website, HRSA geocoding coordinates, county/FIPS, operating hours per week, site status, and location setting. Site status: Active. Location setting: All Other Clinic Types. Operational schedule: Unknown. Daily hours, services, price, insurance, and accessibility fields were not supplied by this intake.",BPS-LAL-039974,Health Center Service Delivery and Look-Alike Sites,2026-06-19,2026-06-19,needs_review,
hrsa-bps-lal-028294,The Wright Center for Community Health Wayne Practice,community_health_center,1855 Fair Ave,Honesdale,PA,42,Wayne County,42127,18431-2121,41.59055935,-75.26250721,570-491-0127,,,,,,,,,,HRSA operating hours per week: 8.00,unknown,,,,,,,,,HRSA Health Center Service Delivery and Look-Alike Sites,https://data.hrsa.gov/DataDownload/DD_Files/Health_Center_Service_Delivery_and_LookAlike_Sites.csv,2026-06-19,"Fields copied from the official HRSA CSV: site name, address, city, state, postal code, phone, website, HRSA geocoding coordinates, county/FIPS, operating hours per week, site status, and location setting. Site status: Active. Location setting: All Other Clinic Types. Operational schedule: Unknown. Daily hours, services, price, insurance, and accessibility fields were not supplied by this intake.",BPS-LAL-028294,Health Center Service Delivery and Look-Alike Sites,2026-06-19,2026-06-19,needs_review,
hrsa-bps-h80-020921,Alder Street,community_health_center,425 Alder St,Scranton,PA,42,Lackawanna County,42069,18505-4116,41.39998576,-75.66578698,570-955-5524,www.scrantonprimary.org,,,,,,,,,HRSA operating hours per week: 37.00,unknown,,,,,,,,,HRSA Health Center Service Delivery and Look-Alike Sites,https://data.hrsa.gov/DataDownload/DD_Files/Health_Center_Service_Delivery_and_LookAlike_Sites.csv,2026-06-19,"Fields copied from the official HRSA CSV: site name, address, city, state, postal code, phone, website, HRSA geocoding coordinates, county/FIPS, operating hours per week, site status, and location setting. Site status: Active. Location setting: All Other Clinic Types. Operational schedule: Unknown. Daily hours, services, price, insurance, and accessibility fields were not supplied by this intake.",BPS-H80-020921,Health Center Service Delivery and Look-Alike Sites,2026-06-19,2026-06-19,needs_review,
hrsa-bps-h80-000650,Keystone Family Medicine Fifth Avenue,community_health_center,820 5th Ave,Chambersburg,PA,42,Franklin County,42055,17201-4219,39.94503401,-77.63955946,717-709-7999,http://www.keystonefamilymed.org,,,,,,,,,HRSA operating hours per week: 54.50,unknown,,,,,,,,,HRSA Health Center Service Delivery and Look-Alike Sites,https://data.hrsa.gov/DataDownload/DD_Files/Health_Center_Service_Delivery_and_LookAlike_Sites.csv,2026-06-19,"Fields copied from the official HRSA CSV: site name, address, city, state, postal code, phone, website, HRSA geocoding coordinates, county/FIPS, operating hours per week, site status, and location setting. Site status: Active. Location setting: All Other Clinic Types. Operational schedule: Full-Time. Daily hours, services, price, insurance, and accessibility fields were not supplied by this intake.",BPS-H80-000650,Health Center Service Delivery and Look-Alike Sites,2026-06-19,2026-06-19,needs_review,
hrsa-bps-h80-034066,Keystone Agricultural Worker Program - Berks Co.,community_health_center,1981 State Hill Rd,Reading,PA,42,Berks County,42011,19610-1605,40.33879474,-75.97536888,610-372-5001,,,,,,,,,,HRSA operating hours per week: 47.50,unknown,,,,,,,,,HRSA Health Center Service Delivery and Look-Alike Sites,https://data.hrsa.gov/DataDownload/DD_Files/Health_Center_Service_Delivery_and_LookAlike_Sites.csv,2026-06-19,"Fields copied from the official HRSA CSV: site name, address, city, state, postal code, phone, website, HRSA geocoding coordinates, county/FIPS, operating hours per week, site status, and location setting. Site status: Active. Location setting: All Other Clinic Types. Operational schedule: Unknown. Daily hours, services, price, insurance, and accessibility fields were not supplied by this intake.",BPS-H80-034066,Health Center Service Delivery and Look-Alike Sites,2026-06-19,2026-06-19,needs_review,
hrsa-bps-h80-000678,Tri-State Community Health Center - Fulton Site,community_health_center,525 Fulton Dr,Mc Connellsburg,PA,42,Fulton County,42057,17233-8061,39.92343737,-77.99511225,717-485-3850,www.tschc.com,,,,,,,,,HRSA operating hours per week: 68.50,unknown,,,,,,,,,HRSA Health Center Service Delivery and Look-Alike Sites,https://data.hrsa.gov/DataDownload/DD_Files/Health_Center_Service_Delivery_and_LookAlike_Sites.csv,2026-06-19,"Fields copied from the official HRSA CSV: site name, address, city, state, postal code, phone, website, HRSA geocoding coordinates, county/FIPS, operating hours per week, site status, and location setting. Site status: Active. Location setting: All Other Clinic Types. Operational schedule: Full-Time. Daily hours, services, price, insurance, and accessibility fields were not supplied by this intake.",BPS-H80-000678,Health Center Service Delivery and Look-Alike Sites,2026-06-19,2026-06-19,needs_review,
hrsa-bps-lal-030248,Star Community Health Dental Van - Lehighton,community_health_center,211 N 12th St,Lehighton,PA,42,Carbon County,42025,18235-1138,40.83308002,-75.72589997,610-377-7635,starcommunityhealth.org,,,,,,,,,HRSA operating hours per week: 35.00,unknown,,,,,,,,,HRSA Health Center Service Delivery and Look-Alike Sites,https://data.hrsa.gov/DataDownload/DD_Files/Health_Center_Service_Delivery_and_LookAlike_Sites.csv,2026-06-19,"Fields copied from the official HRSA CSV: site name, address, city, state, postal code, phone, website, HRSA geocoding coordinates, county/FIPS, operating hours per week, site status, and location setting. Site status: Active. Location setting: All Other Clinic Types. Operational schedule: Unknown. Daily hours, services, price, insurance, and accessibility fields were not supplied by this intake.",BPS-LAL-030248,Health Center Service Delivery and Look-Alike Sites,2026-06-19,2026-06-19,needs_review,
hrsa-bps-lal-040123,Star Community Health-Hometown,community_health_center,34 S Railroad St,Tamaqua,PA,42,Schuylkill County,42107,18252-1927,40.79638300,-75.97032197,570-645-1950,,,,,,,,,,HRSA operating hours per week: 42.50,unknown,,,,,,,,,HRSA Health Center Service Delivery and Look-Alike Sites,https://data.hrsa.gov/DataDownload/DD_Files/Health_Center_Service_Delivery_and_LookAlike_Sites.csv,2026-06-19,"Fields copied from the official HRSA CSV: site name, address, city, state, postal code, phone, website, HRSA geocoding coordinates, county/FIPS, operating hours per week, site status, and location setting. Site status: Active. Location setting: All Other Clinic Types. Operational schedule: Unknown. Daily hours, services, price, insurance, and accessibility fields were not supplied by this intake.",BPS-LAL-040123,Health Center Service Delivery and Look-Alike Sites,2026-06-19,2026-06-19,needs_review,
hrsa-bps-h80-037267,Philadelphia District Health Center #9,community_health_center,131 E Chelten Ave,Philadelphia,PA,42,Philadelphia County,42101,19144,40.03774921,-75.17284198,215-685-5747,,,,,,,,,,HRSA operating hours per week: 46.00,unknown,,,,,,,,,HRSA Health Center Service Delivery and Look-Alike Sites,https://data.hrsa.gov/DataDownload/DD_Files/Health_Center_Service_Delivery_and_LookAlike_Sites.csv,2026-06-19,"Fields copied from the official HRSA CSV: site name, address, city, state, postal code, phone, website, HRSA geocoding coordinates, county/FIPS, operating hours per week, site status, and location setting. Site status: Active. Location setting: All Other Clinic Types. Operational schedule: Unknown. Daily hours, services, price, insurance, and accessibility fields were not supplied by this intake.",BPS-H80-037267,Health Center Service Delivery and Look-Alike Sites,2026-06-19,2026-06-19,needs_review,
hrsa-bps-h80-009255,Squirrel Hill Health Center,community_health_center,4516 Browns Hill Rd,Pittsburgh,PA,42,Allegheny County,42003,15217-2917,40.41694337,-79.92546875,412-422-7442,www.squirrelhillhealthcenter.org,,,,,,,,,HRSA operating hours per week: 40.00,unknown,,,,,,,,,HRSA Health Center Service Delivery and Look-Alike Sites,https://data.hrsa.gov/DataDownload/DD_Files/Health_Center_Service_Delivery_and_LookAlike_Sites.csv,2026-06-19,"Fields copied from the official HRSA CSV: site name, address, city, state, postal code, phone, website, HRSA geocoding coordinates, county/FIPS, operating hours per week, site status, and location setting. Site status: Active. Location setting: All Other Clinic Types. Operational schedule: Full-Time. Daily hours, services, price, insurance, and accessibility fields were not supplied by this intake.",BPS-H80-009255,Health Center Service Delivery and Look-Alike Sites,2026-06-19,2026-06-19,needs_review,
hrsa-bps-h80-036452,Carbondale Family Health Center,community_health_center,150 Brooklyn St,Carbondale,PA,42,Lackawanna County,42069,18407-2274,41.56647312,-75.51363356,570-282-2031,,,,,,,,,,HRSA operating hours per week: 61.00,unknown,,,,,,,,,HRSA Health Center Service Delivery and Look-Alike Sites,https://data.hrsa.gov/DataDownload/DD_Files/Health_Center_Service_Delivery_and_LookAlike_Sites.csv,2026-06-19,"Fields copied from the official HRSA CSV: site name, address, city, state, postal code, phone, website, HRSA geocoding coordinates, county/FIPS, operating hours per week, site status, and location setting. Site status: Active. Location setting: All Other Clinic Types. Operational schedule: Unknown. Daily hours, services, price, insurance, and accessibility fields were not supplied by this intake.",BPS-H80-036452,Health Center Service Delivery and Look-Alike Sites,2026-06-19,2026-06-19,needs_review,
hrsa-bps-h80-005985,Pleasant Valley,community_health_center,1601 Brighton Rd,Pittsburgh,PA,42,Allegheny County,42003,15212-3838,40.45806176,-80.01633947,412-321-1606,,,,,,,,,,HRSA operating hours per week: 16.00,unknown,,,,,,,,,HRSA Health Center Service Delivery and Look-Alike Sites,https://data.hrsa.gov/DataDownload/DD_Files/Health_Center_Service_Delivery_and_LookAlike_Sites.csv,2026-06-19,"Fields copied from the official HRSA CSV: site name, address, city, state, postal code, phone, website, HRSA geocoding coordinates, county/FIPS, operating hours per week, site status, and location setting. Site status: Active. Location setting: All Other Clinic Types. Operational schedule: Part-Time. Daily hours, services, price, insurance, and accessibility fields were not supplied by this intake.",BPS-H80-005985,Health Center Service Delivery and Look-Alike Sites,2026-06-19,2026-06-19,needs_review,
hrsa-bps-h80-024514,Beth Center Middle School,community_health_center,136 Crawford Rd,Fredericktown,PA,42,Washington County,42125,15333-2012,40.02015342,-80.02620455,724-632-6801 x2258,,,,,,,,,,HRSA operating hours per week: 8.00,unknown,,,,,,,,,HRSA Health Center Service Delivery and Look-Alike Sites,https://data.hrsa.gov/DataDownload/DD_Files/Health_Center_Service_Delivery_and_LookAlike_Sites.csv,2026-06-19,"Fields copied from the official HRSA CSV: site name, address, city, state, postal code, phone, website, HRSA geocoding coordinates, county/FIPS, operating hours per week, site status, and location setting. Site status: Active. Location setting: School. Operational schedule: Unknown. Daily hours, services, price, insurance, and accessibility fields were not supplied by this intake.",BPS-H80-024514,Health Center Service Delivery and Look-Alike Sites,2026-06-19,2026-06-19,needs_review,
hrsa-bps-h80-041142,Shenandoah Health Center,community_health_center,115 N Main St,Shenandoah,PA,42,Schuylkill County,42107,17976-1756,40.82166121,-76.20145551,724-342-3002,https://primary-health.net,,,,,,,,,HRSA operating hours per week: 40.00,unknown,,,,,,,,,HRSA Health Center Service Delivery and Look-Alike Sites,https://data.hrsa.gov/DataDownload/DD_Files/Health_Center_Service_Delivery_and_LookAlike_Sites.csv,2026-06-19,"Fields copied from the official HRSA CSV: site name, address, city, state, postal code, phone, website, HRSA geocoding coordinates, county/FIPS, operating hours per week, site status, and location setting. Site status: Active. Location setting: All Other Clinic Types. Operational schedule: Unknown. Daily hours, services, price, insurance, and accessibility fields were not supplied by this intake.",BPS-H80-041142,Health Center Service Delivery and Look-Alike Sites,2026-06-19,2026-06-19,needs_review,
hrsa-bps-h80-031034,Congreso Health Center,community_health_center,216 W Somerset St,Philadelphia,PA,42,Philadelphia County,42101,19133-3534,39.99294878,-75.13542960,267-765-2272,,,,,,,,,,HRSA operating hours per week: 50.00,unknown,,,,,,,,,HRSA Health Center Service Delivery and Look-Alike Sites,https://data.hrsa.gov/DataDownload/DD_Files/Health_Center_Service_Delivery_and_LookAlike_Sites.csv,2026-06-19,"Fields copied from the official HRSA CSV: site name, address, city, state, postal code, phone, website, HRSA geocoding coordinates, county/FIPS, operating hours per week, site status, and location setting. Site status: Active. Location setting: All Other Clinic Types. Operational schedule: Unknown. Daily hours, services, price, insurance, and accessibility fields were not supplied by this intake.",BPS-H80-031034,Health Center Service Delivery and Look-Alike Sites,2026-06-19,2026-06-19,needs_review,
hrsa-bps-h80-040173,Keystone Family Medicine Catherine Street,community_health_center,133 W Catherine St,Chambersburg,PA,42,Franklin County,42055,17201-3592,39.93277854,-77.66491187,717-263-7866,,,,,,,,,,HRSA operating hours per week: 45.00,unknown,,,,,,,,,HRSA Health Center Service Delivery and Look-Alike Sites,https://data.hrsa.gov/DataDownload/DD_Files/Health_Center_Service_Delivery_and_LookAlike_Sites.csv,2026-06-19,"Fields copied from the official HRSA CSV: site name, address, city, state, postal code, phone, website, HRSA geocoding coordinates, county/FIPS, operating hours per week, site status, and location setting. Site status: Active. Location setting: All Other Clinic Types. Operational schedule: Unknown. Daily hours, services, price, insurance, and accessibility fields were not supplied by this intake.",BPS-H80-040173,Health Center Service Delivery and Look-Alike Sites,2026-06-19,2026-06-19,needs_review,
hrsa-bps-h80-012619,Wellsboro Laurel Health Center,community_health_center,7 Water St,Wellsboro,PA,42,Tioga County,42117,16901-1136,41.74982930,-77.30163038,570-724-1010,,,,,,,,,,HRSA operating hours per week: 45.00,unknown,,,,,,,,,HRSA Health Center Service Delivery and Look-Alike Sites,https://data.hrsa.gov/DataDownload/DD_Files/Health_Center_Service_Delivery_and_LookAlike_Sites.csv,2026-06-19,"Fields copied from the official HRSA CSV: site name, address, city, state, postal code, phone, website, HRSA geocoding coordinates, county/FIPS, operating hours per week, site status, and location setting. Site status: Active. Location setting: All Other Clinic Types. Operational schedule: Full-Time. Daily hours, services, price, insurance, and accessibility fields were not supplied by this intake.",BPS-H80-012619,Health Center Service Delivery and Look-Alike Sites,2026-06-19,2026-06-19,needs_review,
hrsa-bps-h80-041664,Philadelphia District Health Center #4,community_health_center,4400 Haverford Ave,Philadelphia,PA,42,Philadelphia County,42101,19104-1399,39.96237546,-75.21101911,215-685-7630,,,,,,,,,,HRSA operating hours per week: 46.00,unknown,,,,,,,,,HRSA Health Center Service Delivery and Look-Alike Sites,https://data.hrsa.gov/DataDownload/DD_Files/Health_Center_Service_Delivery_and_LookAlike_Sites.csv,2026-06-19,"Fields copied from the official HRSA CSV: site name, address, city, state, postal code, phone, website, HRSA geocoding coordinates, county/FIPS, operating hours per week, site status, and location setting. Site status: Active. Location setting: All Other Clinic Types. Operational schedule: Unknown. Daily hours, services, price, insurance, and accessibility fields were not supplied by this intake.",BPS-H80-041664,Health Center Service Delivery and Look-Alike Sites,2026-06-19,2026-06-19,needs_review,
hrsa-bps-lal-030252,Star Community Health Family Medicine - Bethlehem,community_health_center,2830 Easton Ave,Bethlehem,PA,42,Northampton County,42095,18017-4204,40.64636415,-75.34212448,484-526-3555,starcommunityhealth.org,,,,,,,,,HRSA operating hours per week: 47.00,unknown,,,,,,,,,HRSA Health Center Service Delivery and Look-Alike Sites,https://data.hrsa.gov/DataDownload/DD_Files/Health_Center_Service_Delivery_and_LookAlike_Sites.csv,2026-06-19,"Fields copied from the official HRSA CSV: site name, address, city, state, postal code, phone, website, HRSA geocoding coordinates, county/FIPS, operating hours per week, site status, and location setting. Site status: Active. Location setting: All Other Clinic Types. Operational schedule: Unknown. Daily hours, services, price, insurance, and accessibility fields were not supplied by this intake.",BPS-LAL-030252,Health Center Service Delivery and Look-Alike Sites,2026-06-19,2026-06-19,needs_review,
hrsa-bps-h80-039210,Maria de los Santos at COMHAR,community_health_center,2600 N American St,Philadelphia,PA,42,Philadelphia County,42101,19133-3413,39.99020602,-75.13687195,215-291-2500,,,,,,,,,,HRSA operating hours per week: 16.00,unknown,,,,,,,,,HRSA Health Center Service Delivery and Look-Alike Sites,https://data.hrsa.gov/DataDownload/DD_Files/Health_Center_Service_Delivery_and_LookAlike_Sites.csv,2026-06-19,"Fields copied from the official HRSA CSV: site name, address, city, state, postal code, phone, website, HRSA geocoding coordinates, county/FIPS, operating hours per week, site status, and location setting. Site status: Active. Location setting: All Other Clinic Types. Operational schedule: Unknown. Daily hours, services, price, insurance, and accessibility fields were not supplied by this intake.",BPS-H80-039210,Health Center Service Delivery and Look-Alike Sites,2026-06-19,2026-06-19,needs_review,
hrsa-bps-h80-027888,Keystone Infectious Diseases Chambers Hill Drive,community_health_center,"111 Chambers Hill Dr, Suite 102",Chambersburg,PA,42,Franklin County,42055,17201-7304,39.94448399,-77.64081197,717-709-7909,,,,,,,,,,HRSA operating hours per week: 45.00,unknown,,,,,,,,,HRSA Health Center Service Delivery and Look-Alike Sites,https://data.hrsa.gov/DataDownload/DD_Files/Health_Center_Service_Delivery_and_LookAlike_Sites.csv,2026-06-19,"Fields copied from the official HRSA CSV: site name, address, city, state, postal code, phone, website, HRSA geocoding coordinates, county/FIPS, operating hours per week, site status, and location setting. Site status: Active. Location setting: All Other Clinic Types. Operational schedule: Unknown. Daily hours, services, price, insurance, and accessibility fields were not supplied by this intake.",BPS-H80-027888,Health Center Service Delivery and Look-Alike Sites,2026-06-19,2026-06-19,needs_review,
hrsa-bps-h80-012641,Rising Sun Health Center,community_health_center,5675 N Front St,Philadelphia,PA,42,Philadelphia County,42101,19120-2719,40.03797239,-75.11859119,215-279-9666,,,,,,,,,,HRSA operating hours per week: 42.00,unknown,,,,,,,,,HRSA Health Center Service Delivery and Look-Alike Sites,https://data.hrsa.gov/DataDownload/DD_Files/Health_Center_Service_Delivery_and_LookAlike_Sites.csv,2026-06-19,"Fields copied from the official HRSA CSV: site name, address, city, state, postal code, phone, website, HRSA geocoding coordinates, county/FIPS, operating hours per week, site status, and location setting. Site status: Active. Location setting: All Other Clinic Types. Operational schedule: Full-Time. Daily hours, services, price, insurance, and accessibility fields were not supplied by this intake.",BPS-H80-012641,Health Center Service Delivery and Look-Alike Sites,2026-06-19,2026-06-19,needs_review,
hrsa-bps-h80-008597,Altoona Behavioral Health,community_health_center,620 Howard Ave,Altoona,PA,42,Blair County,42013,16601-4899,40.52215474,-78.39857592,814-942-5000,www.primary-health.net,,,,,,,,,HRSA operating hours per week: 48.25,unknown,,,,,,,,,HRSA Health Center Service Delivery and Look-Alike Sites,https://data.hrsa.gov/DataDownload/DD_Files/Health_Center_Service_Delivery_and_LookAlike_Sites.csv,2026-06-19,"Fields copied from the official HRSA CSV: site name, address, city, state, postal code, phone, website, HRSA geocoding coordinates, county/FIPS, operating hours per week, site status, and location setting. Site status: Active. Location setting: Hospital. Operational schedule: Full-Time. Daily hours, services, price, insurance, and accessibility fields were not supplied by this intake.",BPS-H80-008597,Health Center Service Delivery and Look-Alike Sites,2026-06-19,2026-06-19,needs_review,
hrsa-bps-h80-001622,"PRIMARY CARE HEALTH SERVICES, INC. Alma Illery Medical Center",community_health_center,7227 Hamilton Ave,Pittsburgh,PA,42,Allegheny County,42003,15208-1814,40.45459962,-79.89621691,412-244-4970,N/A,,,,,,,,,HRSA operating hours per week: 40.00,unknown,,,,,,,,,HRSA Health Center Service Delivery and Look-Alike Sites,https://data.hrsa.gov/DataDownload/DD_Files/Health_Center_Service_Delivery_and_LookAlike_Sites.csv,2026-06-19,"Fields copied from the official HRSA CSV: site name, address, city, state, postal code, phone, website, HRSA geocoding coordinates, county/FIPS, operating hours per week, site status, and location setting. Site status: Active. Location setting: All Other Clinic Types. Operational schedule: Full-Time. Daily hours, services, price, insurance, and accessibility fields were not supplied by this intake.",BPS-H80-001622,Health Center Service Delivery and Look-Alike Sites,2026-06-19,2026-06-19,needs_review,
hrsa-bps-h80-001626,Cornerstone Care Community Health Center of Rogersville,community_health_center,140 Church St,Rogersville,PA,42,Greene County,42059,15359,39.87945290,-80.27211252,724-499-5188,www.cornerstonecare.com,,,,,,,,,HRSA operating hours per week: 45.50,unknown,,,,,,,,,HRSA Health Center Service Delivery and Look-Alike Sites,https://data.hrsa.gov/DataDownload/DD_Files/Health_Center_Service_Delivery_and_LookAlike_Sites.csv,2026-06-19,"Fields copied from the official HRSA CSV: site name, address, city, state, postal code, phone, website, HRSA geocoding coordinates, county/FIPS, operating hours per week, site status, and location setting. Site status: Active. Location setting: All Other Clinic Types. Operational schedule: Full-Time. Daily hours, services, price, insurance, and accessibility fields were not supplied by this intake.",BPS-H80-001626,Health Center Service Delivery and Look-Alike Sites,2026-06-19,2026-06-19,needs_review,
hrsa-bps-h80-001702,BENTLEYVILLE FAMILY PRACTICE CENTER,community_health_center,100 Wilson Rd,Bentleyville,PA,42,Washington County,42125,15314-1028,40.12750804,-80.00277495,724-239-2390,www.centervilleclinics.com,,,,,,,,,HRSA operating hours per week: 40.00,unknown,,,,,,,,,HRSA Health Center Service Delivery and Look-Alike Sites,https://data.hrsa.gov/DataDownload/DD_Files/Health_Center_Service_Delivery_and_LookAlike_Sites.csv,2026-06-19,"Fields copied from the official HRSA CSV: site name, address, city, state, postal code, phone, website, HRSA geocoding coordinates, county/FIPS, operating hours per week, site status, and location setting. Site status: Active. Location setting: All Other Clinic Types. Operational schedule: Full-Time. Daily hours, services, price, insurance, and accessibility fields were not supplied by this intake.",BPS-H80-001702,Health Center Service Delivery and Look-Alike Sites,2026-06-19,2026-06-19,needs_review,
hrsa-bps-lal-036594,VHP Community Vision Center at 6th Street,community_health_center,101 N 6th St STE 300,Allentown,PA,42,Lehigh County,42077,18101-1403,40.60486041,-75.47072978,484-224-0775,,,,,,,,,,HRSA operating hours per week: 47.00,unknown,,,,,,,,,HRSA Health Center Service Delivery and Look-Alike Sites,https://data.hrsa.gov/DataDownload/DD_Files/Health_Center_Service_Delivery_and_LookAlike_Sites.csv,2026-06-19,"Fields copied from the official HRSA CSV: site name, address, city, state, postal code, phone, website, HRSA geocoding coordinates, county/FIPS, operating hours per week, site status, and location setting. Site status: Active. Location setting: All Other Clinic Types. Operational schedule: Unknown. Daily hours, services, price, insurance, and accessibility fields were not supplied by this intake.",BPS-LAL-036594,Health Center Service Delivery and Look-Alike Sites,2026-06-19,2026-06-19,needs_review,
hrsa-bps-h80-001707,EAST LIBERTY MEDICAL OFFICE,community_health_center,6023 Harvard St,Pittsburgh,PA,42,Allegheny County,42003,15206-3053,40.46305885,-79.92301218,412-661-2802,WWW.ELFHCC.com,,,,,,,,,HRSA operating hours per week: 43.25,unknown,,,,,,,,,HRSA Health Center Service Delivery and Look-Alike Sites,https://data.hrsa.gov/DataDownload/DD_Files/Health_Center_Service_Delivery_and_LookAlike_Sites.csv,2026-06-19,"Fields copied from the official HRSA CSV: site name, address, city, state, postal code, phone, website, HRSA geocoding coordinates, county/FIPS, operating hours per week, site status, and location setting. Site status: Active. Location setting: All Other Clinic Types. Operational schedule: Full-Time. Daily hours, services, price, insurance, and accessibility fields were not supplied by this intake.",BPS-H80-001707,Health Center Service Delivery and Look-Alike Sites,2026-06-19,2026-06-19,needs_review,
hrsa-bps-h80-041326,FPCSN at Belmont Charter High School,community_health_center,311 N 19th St,Philadelphia,PA,42,Philadelphia County,42101,19103-1102,39.95996139,-75.17005457,267-597-3600,www.fpcn.com,,,,,,,,,HRSA operating hours per week: 47.50,unknown,,,,,,,,,HRSA Health Center Service Delivery and Look-Alike Sites,https://data.hrsa.gov/DataDownload/DD_Files/Health_Center_Service_Delivery_and_LookAlike_Sites.csv,2026-06-19,"Fields copied from the official HRSA CSV: site name, address, city, state, postal code, phone, website, HRSA geocoding coordinates, county/FIPS, operating hours per week, site status, and location setting. Site status: Active. Location setting: School. Operational schedule: Unknown. Daily hours, services, price, insurance, and accessibility fields were not supplied by this intake.",BPS-H80-041326,Health Center Service Delivery and Look-Alike Sites,2026-06-19,2026-06-19,needs_review,
hrsa-bps-h80-035086,Berks Community Health Center - Mobile Unit,community_health_center,1110 Rockland St,Reading,PA,42,Berks County,42011,19604-1501,40.36430196,-75.91468030,610-988-4838,www.berkschc.net,,,,,,,,,HRSA operating hours per week: 10.00,unknown,,,,,,,,,HRSA Health Center Service Delivery and Look-Alike Sites,https://data.hrsa.gov/DataDownload/DD_Files/Health_Center_Service_Delivery_and_LookAlike_Sites.csv,2026-06-19,"Fields copied from the official HRSA CSV: site name, address, city, state, postal code, phone, website, HRSA geocoding coordinates, county/FIPS, operating hours per week, site status, and location setting. Site status: Active. Location setting: All Other Clinic Types. Operational schedule: Unknown. Daily hours, services, price, insurance, and accessibility fields were not supplied by this intake.",BPS-H80-035086,Health Center Service Delivery and Look-Alike Sites,2026-06-19,2026-06-19,needs_review,
hrsa-bps-h80-008296,Covenant House Medical Center,community_health_center,8125 Stenton Ave,Philadelphia,PA,42,Philadelphia County,42101,19150-3530,40.06749299,-75.17887275,215-248-7560,,,,,,,,,,HRSA operating hours per week: 40.00,unknown,,,,,,,,,HRSA Health Center Service Delivery and Look-Alike Sites,https://data.hrsa.gov/DataDownload/DD_Files/Health_Center_Service_Delivery_and_LookAlike_Sites.csv,2026-06-19,"Fields copied from the official HRSA CSV: site name, address, city, state, postal code, phone, website, HRSA geocoding coordinates, county/FIPS, operating hours per week, site status, and location setting. Site status: Active. Location setting: All Other Clinic Types. Operational schedule: Unknown. Daily hours, services, price, insurance, and accessibility fields were not supplied by this intake.",BPS-H80-008296,Health Center Service Delivery and Look-Alike Sites,2026-06-19,2026-06-19,needs_review,
hrsa-bps-h80-031815,Waymart Family Health Center,community_health_center,29 Woodlands Dr,Waymart,PA,42,Wayne County,42127,18472-9366,41.58243117,-75.40081138,570-488-9971,wmchc.net,,,,,,,,,HRSA operating hours per week: 40.00,unknown,,,,,,,,,HRSA Health Center Service Delivery and Look-Alike Sites,https://data.hrsa.gov/DataDownload/DD_Files/Health_Center_Service_Delivery_and_LookAlike_Sites.csv,2026-06-19,"Fields copied from the official HRSA CSV: site name, address, city, state, postal code, phone, website, HRSA geocoding coordinates, county/FIPS, operating hours per week, site status, and location setting. Site status: Active. Location setting: All Other Clinic Types. Operational schedule: Unknown. Daily hours, services, price, insurance, and accessibility fields were not supplied by this intake.",BPS-H80-031815,Health Center Service Delivery and Look-Alike Sites,2026-06-19,2026-06-19,needs_review,
hrsa-bps-h80-010894,Keystone Internal Medicine Fifth Avenue,community_health_center,"830 5th Ave, Suite 201",Chambersburg,PA,42,Franklin County,42055,17201-4224,39.94498586,-77.63830352,717-709-7970,www.keystoneinternalmedicine.org,,,,,,,,,HRSA operating hours per week: 55.00,unknown,,,,,,,,,HRSA Health Center Service Delivery and Look-Alike Sites,https://data.hrsa.gov/DataDownload/DD_Files/Health_Center_Service_Delivery_and_LookAlike_Sites.csv,2026-06-19,"Fields copied from the official HRSA CSV: site name, address, city, state, postal code, phone, website, HRSA geocoding coordinates, county/FIPS, operating hours per week, site status, and location setting. Site status: Active. Location setting: All Other Clinic Types. Operational schedule: Full-Time. Daily hours, services, price, insurance, and accessibility fields were not supplied by this intake.",BPS-H80-010894,Health Center Service Delivery and Look-Alike Sites,2026-06-19,2026-06-19,needs_review,
hrsa-bps-h80-027665,Keystone Foot and Ankle Center Waynesboro,community_health_center,1905 Market Square Blvd,Waynesboro,PA,42,Franklin County,42055,17268-3811,39.74340498,-77.54757990,717-762-6300,,,,,,,,,,HRSA operating hours per week: 36.00,unknown,,,,,,,,,HRSA Health Center Service Delivery and Look-Alike Sites,https://data.hrsa.gov/DataDownload/DD_Files/Health_Center_Service_Delivery_and_LookAlike_Sites.csv,2026-06-19,"Fields copied from the official HRSA CSV: site name, address, city, state, postal code, phone, website, HRSA geocoding coordinates, county/FIPS, operating hours per week, site status, and location setting. Site status: Active. Location setting: All Other Clinic Types. Operational schedule: Unknown. Daily hours, services, price, insurance, and accessibility fields were not supplied by this intake.",BPS-H80-027665,Health Center Service Delivery and Look-Alike Sites,2026-06-19,2026-06-19,needs_review,
hrsa-bps-h80-019764,GPHA - Spectrum Behavioral Healthcare Center,community_health_center,"1489 Baltimore Pike, #300",Springfield,PA,42,Delaware County,42045,19064-3905,39.91282097,-75.35757199,484-472-7430,,,,,,,,,,HRSA operating hours per week: 39.50,unknown,,,,,,,,,HRSA Health Center Service Delivery and Look-Alike Sites,https://data.hrsa.gov/DataDownload/DD_Files/Health_Center_Service_Delivery_and_LookAlike_Sites.csv,2026-06-19,"Fields copied from the official HRSA CSV: site name, address, city, state, postal code, phone, website, HRSA geocoding coordinates, county/FIPS, operating hours per week, site status, and location setting. Site status: Active. Location setting: School. Operational schedule: Unknown. Daily hours, services, price, insurance, and accessibility fields were not supplied by this intake.",BPS-H80-019764,Health Center Service Delivery and Look-Alike Sites,2026-06-19,2026-06-19,needs_review,
hrsa-bps-h80-012534,HHC- South Allison Hill,community_health_center,110 S 17th St,Harrisburg,PA,42,Dauphin County,42043,17104-1123,40.26548364,-76.86473784,717-232-9971,www.hamiltonhealthcenter.com,,,,,,,,,HRSA operating hours per week: 56.00,unknown,,,,,,,,,HRSA Health Center Service Delivery and Look-Alike Sites,https://data.hrsa.gov/DataDownload/DD_Files/Health_Center_Service_Delivery_and_LookAlike_Sites.csv,2026-06-19,"Fields copied from the official HRSA CSV: site name, address, city, state, postal code, phone, website, HRSA geocoding coordinates, county/FIPS, operating hours per week, site status, and location setting. Site status: Active. Location setting: All Other Clinic Types. Operational schedule: Full-Time. Daily hours, services, price, insurance, and accessibility fields were not supplied by this intake.",BPS-H80-012534,Health Center Service Delivery and Look-Alike Sites,2026-06-19,2026-06-19,needs_review,
hrsa-bps-h80-024540,Trinity Middle School,community_health_center,50 Scenic Dr,Washington,PA,42,Washington County,42125,15301-9208,40.14813725,-80.26294319,724-632-6801 x2258,,,,,,,,,,HRSA operating hours per week: 8.00,unknown,,,,,,,,,HRSA Health Center Service Delivery and Look-Alike Sites,https://data.hrsa.gov/DataDownload/DD_Files/Health_Center_Service_Delivery_and_LookAlike_Sites.csv,2026-06-19,"Fields copied from the official HRSA CSV: site name, address, city, state, postal code, phone, website, HRSA geocoding coordinates, county/FIPS, operating hours per week, site status, and location setting. Site status: Active. Location setting: School. Operational schedule: Unknown. Daily hours, services, price, insurance, and accessibility fields were not supplied by this intake.",BPS-H80-024540,Health Center Service Delivery and Look-Alike Sites,2026-06-19,2026-06-19,needs_review,
hrsa-bps-lal-031962,The Wright Center for Community Health Scranton Counseling Practice,community_health_center,329 Cherry St,Scranton,PA,42,Lackawanna County,42069,18505-1505,41.39424298,-75.67455403,570-230-0019,,,,,,,,,,HRSA operating hours per week: 40.00,unknown,,,,,,,,,HRSA Health Center Service Delivery and Look-Alike Sites,https://data.hrsa.gov/DataDownload/DD_Files/Health_Center_Service_Delivery_and_LookAlike_Sites.csv,2026-06-19,"Fields copied from the official HRSA CSV: site name, address, city, state, postal code, phone, website, HRSA geocoding coordinates, county/FIPS, operating hours per week, site status, and location setting. Site status: Active. Location setting: All Other Clinic Types. Operational schedule: Unknown. Daily hours, services, price, insurance, and accessibility fields were not supplied by this intake.",BPS-LAL-031962,Health Center Service Delivery and Look-Alike Sites,2026-06-19,2026-06-19,needs_review,
hrsa-bps-h80-017147,CHN Girard SBHC,community_health_center,"1135 Lake St, #2",Girard,PA,42,Erie County,42049,16417-1049,42.00829057,-80.33384353,814-774-3155,www.community-healthnet.com,,,,,,,,,HRSA operating hours per week: 40.00,unknown,,,,,,,,,HRSA Health Center Service Delivery and Look-Alike Sites,https://data.hrsa.gov/DataDownload/DD_Files/Health_Center_Service_Delivery_and_LookAlike_Sites.csv,2026-06-19,"Fields copied from the official HRSA CSV: site name, address, city, state, postal code, phone, website, HRSA geocoding coordinates, county/FIPS, operating hours per week, site status, and location setting. Site status: Active. Location setting: School. Operational schedule: Unknown. Daily hours, services, price, insurance, and accessibility fields were not supplied by this intake.",BPS-H80-017147,Health Center Service Delivery and Look-Alike Sites,2026-06-19,2026-06-19,needs_review,
hrsa-bps-h80-002091,Esperanza Health Center - Fifth Street,community_health_center,2940 N 5th St,Philadelphia,PA,42,Philadelphia County,42101,19133-2801,39.99618453,-75.13954008,215-221-6633,www.esperanzahealth.com,,,,,,,,,HRSA operating hours per week: 40.00,unknown,,,,,,,,,HRSA Health Center Service Delivery and Look-Alike Sites,https://data.hrsa.gov/DataDownload/DD_Files/Health_Center_Service_Delivery_and_LookAlike_Sites.csv,2026-06-19,"Fields copied from the official HRSA CSV: site name, address, city, state, postal code, phone, website, HRSA geocoding coordinates, county/FIPS, operating hours per week, site status, and location setting. Site status: Active. Location setting: All Other Clinic Types. Operational schedule: Full-Time. Daily hours, services, price, insurance, and accessibility fields were not supplied by this intake.",BPS-H80-002091,Health Center Service Delivery and Look-Alike Sites,2026-06-19,2026-06-19,needs_review,
hrsa-bps-h80-021469,Serenity Court,community_health_center,1221 N 19th St,Philadelphia,PA,42,Philadelphia County,42101,19121-4901,39.97359987,-75.16696248,215-684-3432,,,,,,,,,,HRSA operating hours per week: 168.00,unknown,,,,,,,,,HRSA Health Center Service Delivery and Look-Alike Sites,https://data.hrsa.gov/DataDownload/DD_Files/Health_Center_Service_Delivery_and_LookAlike_Sites.csv,2026-06-19,"Fields copied from the official HRSA CSV: site name, address, city, state, postal code, phone, website, HRSA geocoding coordinates, county/FIPS, operating hours per week, site status, and location setting. Site status: Active. Location setting: All Other Clinic Types. Operational schedule: Unknown. Daily hours, services, price, insurance, and accessibility fields were not supplied by this intake.",BPS-H80-021469,Health Center Service Delivery and Look-Alike Sites,2026-06-19,2026-06-19,needs_review,
hrsa-bps-h80-039895,Keystone Medical Associates Waynesboro,community_health_center,12104 Buchanan Trl E,Waynesboro,PA,42,Franklin County,42055,17268-9429,39.73783035,-77.51986865,717-749-0150,,,,,,,,,,HRSA operating hours per week: 43.00,unknown,,,,,,,,,HRSA Health Center Service Delivery and Look-Alike Sites,https://data.hrsa.gov/DataDownload/DD_Files/Health_Center_Service_Delivery_and_LookAlike_Sites.csv,2026-06-19,"Fields copied from the official HRSA CSV: site name, address, city, state, postal code, phone, website, HRSA geocoding coordinates, county/FIPS, operating hours per week, site status, and location setting. Site status: Active. Location setting: All Other Clinic Types. Operational schedule: Unknown. Daily hours, services, price, insurance, and accessibility fields were not supplied by this intake.",BPS-H80-039895,Health Center Service Delivery and Look-Alike Sites,2026-06-19,2026-06-19,needs_review,
hrsa-bps-lal-038216,Caring Community Health Center - Mount Pleasant,community_health_center,531 Mount Pleasant Dr,Scranton,PA,42,Lackawanna County,42069,18503-1987,41.41694435,-75.67160049,570-342-8500,,,,,,,,,,HRSA operating hours per week: 85.00,unknown,,,,,,,,,HRSA Health Center Service Delivery and Look-Alike Sites,https://data.hrsa.gov/DataDownload/DD_Files/Health_Center_Service_Delivery_and_LookAlike_Sites.csv,2026-06-19,"Fields copied from the official HRSA CSV: site name, address, city, state, postal code, phone, website, HRSA geocoding coordinates, county/FIPS, operating hours per week, site status, and location setting. Site status: Active. Location setting: All Other Clinic Types. Operational schedule: Unknown. Daily hours, services, price, insurance, and accessibility fields were not supplied by this intake.",BPS-LAL-038216,Health Center Service Delivery and Look-Alike Sites,2026-06-19,2026-06-19,needs_review,
hrsa-bps-h80-041663,Philadelphia District Health Center #3,community_health_center,555 S 43rd St,Philadelphia,PA,42,Philadelphia County,42101,19104-4489,39.94876010,-75.20899563,215-685-4408,,,,,,,,,,HRSA operating hours per week: 46.00,unknown,,,,,,,,,HRSA Health Center Service Delivery and Look-Alike Sites,https://data.hrsa.gov/DataDownload/DD_Files/Health_Center_Service_Delivery_and_LookAlike_Sites.csv,2026-06-19,"Fields copied from the official HRSA CSV: site name, address, city, state, postal code, phone, website, HRSA geocoding coordinates, county/FIPS, operating hours per week, site status, and location setting. Site status: Active. Location setting: All Other Clinic Types. Operational schedule: Unknown. Daily hours, services, price, insurance, and accessibility fields were not supplied by this intake.",BPS-H80-041663,Health Center Service Delivery and Look-Alike Sites,2026-06-19,2026-06-19,needs_review,
hrsa-bps-h80-019757,Dental Clinic,community_health_center,"1207 Chestnut St, #5",Philadelphia,PA,42,Philadelphia County,42101,19107-4131,39.95074037,-75.16050515,215-985-4448 x54448,www.fight.org/dental,,,,,,,,,HRSA operating hours per week: 40.00,unknown,,,,,,,,,HRSA Health Center Service Delivery and Look-Alike Sites,https://data.hrsa.gov/DataDownload/DD_Files/Health_Center_Service_Delivery_and_LookAlike_Sites.csv,2026-06-19,"Fields copied from the official HRSA CSV: site name, address, city, state, postal code, phone, website, HRSA geocoding coordinates, county/FIPS, operating hours per week, site status, and location setting. Site status: Active. Location setting: All Other Clinic Types. Operational schedule: Unknown. Daily hours, services, price, insurance, and accessibility fields were not supplied by this intake.",BPS-H80-019757,Health Center Service Delivery and Look-Alike Sites,2026-06-19,2026-06-19,needs_review,
hrsa-bps-lal-037092,Metro Community Health Center Mobile Clinic,community_health_center,"1789 S Braddock Ave, Suite 410",Pittsburgh,PA,42,Allegheny County,42003,15218-1881,40.42437418,-79.88731994,412-247-2310,metrocommunityhealthcenter.org,,,,,,,,,HRSA operating hours per week: 25.00,unknown,,,,,,,,,HRSA Health Center Service Delivery and Look-Alike Sites,https://data.hrsa.gov/DataDownload/DD_Files/Health_Center_Service_Delivery_and_LookAlike_Sites.csv,2026-06-19,"Fields copied from the official HRSA CSV: site name, address, city, state, postal code, phone, website, HRSA geocoding coordinates, county/FIPS, operating hours per week, site status, and location setting. Site status: Active. Location setting: All Other Clinic Types. Operational schedule: Unknown. Daily hours, services, price, insurance, and accessibility fields were not supplied by this intake.",BPS-LAL-037092,Health Center Service Delivery and Look-Alike Sites,2026-06-19,2026-06-19,needs_review,
hrsa-bps-h80-040638,"Primary Care Health Services, Inc. Dr. Robert G. Edwards Medical Associates",community_health_center,1539 Lincoln Ave,Pittsburgh,PA,42,Allegheny County,42003,15206-1220,40.46967975,-79.89500346,412-441-4686,,,,,,,,,,HRSA operating hours per week: 40.00,unknown,,,,,,,,,HRSA Health Center Service Delivery and Look-Alike Sites,https://data.hrsa.gov/DataDownload/DD_Files/Health_Center_Service_Delivery_and_LookAlike_Sites.csv,2026-06-19,"Fields copied from the official HRSA CSV: site name, address, city, state, postal code, phone, website, HRSA geocoding coordinates, county/FIPS, operating hours per week, site status, and location setting. Site status: Active. Location setting: All Other Clinic Types. Operational schedule: Unknown. Daily hours, services, price, insurance, and accessibility fields were not supplied by this intake.",BPS-H80-040638,Health Center Service Delivery and Look-Alike Sites,2026-06-19,2026-06-19,needs_review,
hrsa-bps-lal-040320,Highlands Health Johnstown,community_health_center,315 Locust St,Johnstown,PA,42,Cambria County,42021,15901-1651,40.32730864,-78.92048409,814-534-6242,www.highlandshealthclinic.com,,,,,,,,,HRSA operating hours per week: 40.00,unknown,,,,,,,,,HRSA Health Center Service Delivery and Look-Alike Sites,https://data.hrsa.gov/DataDownload/DD_Files/Health_Center_Service_Delivery_and_LookAlike_Sites.csv,2026-06-19,"Fields copied from the official HRSA CSV: site name, address, city, state, postal code, phone, website, HRSA geocoding coordinates, county/FIPS, operating hours per week, site status, and location setting. Site status: Active. Location setting: All Other Clinic Types. Operational schedule: Unknown. Daily hours, services, price, insurance, and accessibility fields were not supplied by this intake.",BPS-LAL-040320,Health Center Service Delivery and Look-Alike Sites,2026-06-19,2026-06-19,needs_review,
hrsa-bps-h80-041322,Health Annex,community_health_center,6120B Woodland Ave,Philadelphia,PA,42,Philadelphia County,42101,19142,39.92815902,-75.22913818,215-727-4721,www.fpcn.com,,,,,,,,,HRSA operating hours per week: 52.00,unknown,,,,,,,,,HRSA Health Center Service Delivery and Look-Alike Sites,https://data.hrsa.gov/DataDownload/DD_Files/Health_Center_Service_Delivery_and_LookAlike_Sites.csv,2026-06-19,"Fields copied from the official HRSA CSV: site name, address, city, state, postal code, phone, website, HRSA geocoding coordinates, county/FIPS, operating hours per week, site status, and location setting. Site status: Active. Location setting: All Other Clinic Types. Operational schedule: Unknown. Daily hours, services, price, insurance, and accessibility fields were not supplied by this intake.",BPS-H80-041322,Health Center Service Delivery and Look-Alike Sites,2026-06-19,2026-06-19,needs_review,
hrsa-bps-h80-021550,Maria de los Santos Women's Health Center,community_health_center,400 W Allegheny Ave,Philadelphia,PA,42,Philadelphia County,42101,19133-3614,39.99885010,-75.13630316,215-291-2500,,,,,,,,,,HRSA operating hours per week: 44.00,unknown,,,,,,,,,HRSA Health Center Service Delivery and Look-Alike Sites,https://data.hrsa.gov/DataDownload/DD_Files/Health_Center_Service_Delivery_and_LookAlike_Sites.csv,2026-06-19,"Fields copied from the official HRSA CSV: site name, address, city, state, postal code, phone, website, HRSA geocoding coordinates, county/FIPS, operating hours per week, site status, and location setting. Site status: Active. Location setting: All Other Clinic Types. Operational schedule: Unknown. Daily hours, services, price, insurance, and accessibility fields were not supplied by this intake.",BPS-H80-021550,Health Center Service Delivery and Look-Alike Sites,2026-06-19,2026-06-19,needs_review,
hrsa-bps-h80-002417,WAYNESBURG COMM MENTAL HLTH CTR,community_health_center,190 Bonar Ave,Waynesburg,PA,42,Greene County,42059,15370-1604,39.89879801,-80.17328097,724-627-8156,www.centervilleclinics.com,,,,,,,,,HRSA operating hours per week: 40.00,unknown,,,,,,,,,HRSA Health Center Service Delivery and Look-Alike Sites,https://data.hrsa.gov/DataDownload/DD_Files/Health_Center_Service_Delivery_and_LookAlike_Sites.csv,2026-06-19,"Fields copied from the official HRSA CSV: site name, address, city, state, postal code, phone, website, HRSA geocoding coordinates, county/FIPS, operating hours per week, site status, and location setting. Site status: Active. Location setting: All Other Clinic Types. Operational schedule: Full-Time. Daily hours, services, price, insurance, and accessibility fields were not supplied by this intake.",BPS-H80-002417,Health Center Service Delivery and Look-Alike Sites,2026-06-19,2026-06-19,needs_review,
hrsa-bps-h80-024744,GPHA - Delaware Avenue Health Center,community_health_center,1080 N Delaware Ave,Philadelphia,PA,42,Philadelphia County,42101,19125-4330,39.96572223,-75.13303522,215-925-2400,,,,,,,,,,HRSA operating hours per week: 37.50,unknown,,,,,,,,,HRSA Health Center Service Delivery and Look-Alike Sites,https://data.hrsa.gov/DataDownload/DD_Files/Health_Center_Service_Delivery_and_LookAlike_Sites.csv,2026-06-19,"Fields copied from the official HRSA CSV: site name, address, city, state, postal code, phone, website, HRSA geocoding coordinates, county/FIPS, operating hours per week, site status, and location setting. Site status: Active. Location setting: All Other Clinic Types. Operational schedule: Unknown. Daily hours, services, price, insurance, and accessibility fields were not supplied by this intake.",BPS-H80-024744,Health Center Service Delivery and Look-Alike Sites,2026-06-19,2026-06-19,needs_review,
hrsa-bps-lal-036595,VHP Community Smiles at 6th Street,community_health_center,101 N 6th St,Allentown,PA,42,Lehigh County,42077,18101-1403,40.60433364,-75.47030482,484-224-0777,,,,,,,,,,HRSA operating hours per week: 47.00,unknown,,,,,,,,,HRSA Health Center Service Delivery and Look-Alike Sites,https://data.hrsa.gov/DataDownload/DD_Files/Health_Center_Service_Delivery_and_LookAlike_Sites.csv,2026-06-19,"Fields copied from the official HRSA CSV: site name, address, city, state, postal code, phone, website, HRSA geocoding coordinates, county/FIPS, operating hours per week, site status, and location setting. Site status: Active. Location setting: All Other Clinic Types. Operational schedule: Unknown. Daily hours, services, price, insurance, and accessibility fields were not supplied by this intake.",BPS-LAL-036595,Health Center Service Delivery and Look-Alike Sites,2026-06-19,2026-06-19,needs_review,
hrsa-bps-h80-039890,Cornerstone Care Vision Center of Uniontown,community_health_center,"140 N Beeson Ave, Suite 403",Uniontown,PA,42,Fayette County,42051,15401-2937,39.90579510,-79.72527327,724-437-0909,,,,,,,,,,HRSA operating hours per week: 40.00,unknown,,,,,,,,,HRSA Health Center Service Delivery and Look-Alike Sites,https://data.hrsa.gov/DataDownload/DD_Files/Health_Center_Service_Delivery_and_LookAlike_Sites.csv,2026-06-19,"Fields copied from the official HRSA CSV: site name, address, city, state, postal code, phone, website, HRSA geocoding coordinates, county/FIPS, operating hours per week, site status, and location setting. Site status: Active. Location setting: All Other Clinic Types. Operational schedule: Unknown. Daily hours, services, price, insurance, and accessibility fields were not supplied by this intake.",BPS-H80-039890,Health Center Service Delivery and Look-Alike Sites,2026-06-19,2026-06-19,needs_review,
hrsa-bps-h80-002537,MARIA DE LOS SANTOS HEALTH CTR,community_health_center,401 W Allegheny Ave,Philadelphia,PA,42,Philadelphia County,42101,19133-3647,39.99992961,-75.13688637,215-291-2500,http:\\dvch.org,,,,,,,,,HRSA operating hours per week: 56.00,unknown,,,,,,,,,HRSA Health Center Service Delivery and Look-Alike Sites,https://data.hrsa.gov/DataDownload/DD_Files/Health_Center_Service_Delivery_and_LookAlike_Sites.csv,2026-06-19,"Fields copied from the official HRSA CSV: site name, address, city, state, postal code, phone, website, HRSA geocoding coordinates, county/FIPS, operating hours per week, site status, and location setting. Site status: Active. Location setting: All Other Clinic Types. Operational schedule: Full-Time. Daily hours, services, price, insurance, and accessibility fields were not supplied by this intake.",BPS-H80-002537,Health Center Service Delivery and Look-Alike Sites,2026-06-19,2026-06-19,needs_review,
hrsa-bps-h80-038390,Park Elementary School,community_health_center,50 S 6th St,Columbia,PA,42,Lancaster County,42071,17512-1569,40.03385318,-76.49719910,717-299-6371,,,,,,,,,,HRSA operating hours per week: 17.00,unknown,,,,,,,,,HRSA Health Center Service Delivery and Look-Alike Sites,https://data.hrsa.gov/DataDownload/DD_Files/Health_Center_Service_Delivery_and_LookAlike_Sites.csv,2026-06-19,"Fields copied from the official HRSA CSV: site name, address, city, state, postal code, phone, website, HRSA geocoding coordinates, county/FIPS, operating hours per week, site status, and location setting. Site status: Active. Location setting: School. Operational schedule: Unknown. Daily hours, services, price, insurance, and accessibility fields were not supplied by this intake.",BPS-H80-038390,Health Center Service Delivery and Look-Alike Sites,2026-06-19,2026-06-19,needs_review,
hrsa-bps-h80-024493,Trinity School,community_health_center,231 Park Ave,Washington,PA,42,Washington County,42125,15301-5799,40.16475663,-80.24956618,724-632-6801 x2258,,,,,,,,,,HRSA operating hours per week: 16.00,unknown,,,,,,,,,HRSA Health Center Service Delivery and Look-Alike Sites,https://data.hrsa.gov/DataDownload/DD_Files/Health_Center_Service_Delivery_and_LookAlike_Sites.csv,2026-06-19,"Fields copied from the official HRSA CSV: site name, address, city, state, postal code, phone, website, HRSA geocoding coordinates, county/FIPS, operating hours per week, site status, and location setting. Site status: Active. Location setting: School. Operational schedule: Unknown. Daily hours, services, price, insurance, and accessibility fields were not supplied by this intake.",BPS-H80-024493,Health Center Service Delivery and Look-Alike Sites,2026-06-19,2026-06-19,needs_review,
hrsa-bps-h80-002861,"DANIEL S. SNOW, M.D. HEALTH CENTER",community_health_center,1202 State St,Erie,PA,42,Erie County,42049,16501-1914,42.12305898,-80.08151598,814-455-7222,www.community-healthnet.com,,,,,,,,,HRSA operating hours per week: 46.00,unknown,,,,,,,,,HRSA Health Center Service Delivery and Look-Alike Sites,https://data.hrsa.gov/DataDownload/DD_Files/Health_Center_Service_Delivery_and_LookAlike_Sites.csv,2026-06-19,"Fields copied from the official HRSA CSV: site name, address, city, state, postal code, phone, website, HRSA geocoding coordinates, county/FIPS, operating hours per week, site status, and location setting. Site status: Active. Location setting: All Other Clinic Types. Operational schedule: Full-Time. Daily hours, services, price, insurance, and accessibility fields were not supplied by this intake.",BPS-H80-002861,Health Center Service Delivery and Look-Alike Sites,2026-06-19,2026-06-19,needs_review,
hrsa-bps-h80-034522,Lebanon Urgent Care (Behavioral and Physical Health),community_health_center,960 Church St,Lebanon,PA,42,Lebanon County,42075,17046-4656,40.34440417,-76.42806373,717-299-6371,,,,,,,,,,HRSA operating hours per week: 56.00,unknown,,,,,,,,,HRSA Health Center Service Delivery and Look-Alike Sites,https://data.hrsa.gov/DataDownload/DD_Files/Health_Center_Service_Delivery_and_LookAlike_Sites.csv,2026-06-19,"Fields copied from the official HRSA CSV: site name, address, city, state, postal code, phone, website, HRSA geocoding coordinates, county/FIPS, operating hours per week, site status, and location setting. Site status: Active. Location setting: All Other Clinic Types. Operational schedule: Unknown. Daily hours, services, price, insurance, and accessibility fields were not supplied by this intake.",BPS-H80-034522,Health Center Service Delivery and Look-Alike Sites,2026-06-19,2026-06-19,needs_review,
hrsa-bps-lal-027814,The Wright Center for Community Health Mid Valley Practice,community_health_center,5 S Washington Ave,Jermyn,PA,42,Lackawanna County,42069,18433-1121,41.51605396,-75.54787313,570-230-0019,https://thewrightcenter.org/home/patientcare/locations/mid-valley/,,,,,,,,,HRSA operating hours per week: 83.00,unknown,,,,,,,,,HRSA Health Center Service Delivery and Look-Alike Sites,https://data.hrsa.gov/DataDownload/DD_Files/Health_Center_Service_Delivery_and_LookAlike_Sites.csv,2026-06-19,"Fields copied from the official HRSA CSV: site name, address, city, state, postal code, phone, website, HRSA geocoding coordinates, county/FIPS, operating hours per week, site status, and location setting. Site status: Active. Location setting: All Other Clinic Types. Operational schedule: Unknown. Daily hours, services, price, insurance, and accessibility fields were not supplied by this intake.",BPS-LAL-027814,Health Center Service Delivery and Look-Alike Sites,2026-06-19,2026-06-19,needs_review,
hrsa-bps-h80-029658,Donora Family Medicine,community_health_center,718 McKean Ave,Donora,PA,42,Washington County,42125,15033-1094,40.17958049,-79.85577682,724-632-6801 x1100,,,,,,,,,,HRSA operating hours per week: 40.00,unknown,,,,,,,,,HRSA Health Center Service Delivery and Look-Alike Sites,https://data.hrsa.gov/DataDownload/DD_Files/Health_Center_Service_Delivery_and_LookAlike_Sites.csv,2026-06-19,"Fields copied from the official HRSA CSV: site name, address, city, state, postal code, phone, website, HRSA geocoding coordinates, county/FIPS, operating hours per week, site status, and location setting. Site status: Active. Location setting: All Other Clinic Types. Operational schedule: Unknown. Daily hours, services, price, insurance, and accessibility fields were not supplied by this intake.",BPS-H80-029658,Health Center Service Delivery and Look-Alike Sites,2026-06-19,2026-06-19,needs_review,
hrsa-bps-h80-002957,CARMICHAELS CLINIC,community_health_center,601 W George St,Carmichaels,PA,42,Greene County,42059,15320-1325,39.89037998,-79.98279602,724-966-5081,www.centervilleclinics.com,,,,,,,,,HRSA operating hours per week: 40.00,unknown,,,,,,,,,HRSA Health Center Service Delivery and Look-Alike Sites,https://data.hrsa.gov/DataDownload/DD_Files/Health_Center_Service_Delivery_and_LookAlike_Sites.csv,2026-06-19,"Fields copied from the official HRSA CSV: site name, address, city, state, postal code, phone, website, HRSA geocoding coordinates, county/FIPS, operating hours per week, site status, and location setting. Site status: Active. Location setting: All Other Clinic Types. Operational schedule: Full-Time. Daily hours, services, price, insurance, and accessibility fields were not supplied by this intake.",BPS-H80-002957,Health Center Service Delivery and Look-Alike Sites,2026-06-19,2026-06-19,needs_review,
hrsa-bps-h80-003151,Green Street Primary Care B,community_health_center,2000 Green St,Farrell,PA,42,Mercer County,42085,16121-1364,41.21056598,-80.47165895,724-342-6900,www.primary-health.net,,,,,,,,,HRSA operating hours per week: 43.50,unknown,,,,,,,,,HRSA Health Center Service Delivery and Look-Alike Sites,https://data.hrsa.gov/DataDownload/DD_Files/Health_Center_Service_Delivery_and_LookAlike_Sites.csv,2026-06-19,"Fields copied from the official HRSA CSV: site name, address, city, state, postal code, phone, website, HRSA geocoding coordinates, county/FIPS, operating hours per week, site status, and location setting. Site status: Active. Location setting: All Other Clinic Types. Operational schedule: Full-Time. Daily hours, services, price, insurance, and accessibility fields were not supplied by this intake.",BPS-H80-003151,Health Center Service Delivery and Look-Alike Sites,2026-06-19,2026-06-19,needs_review,
hrsa-bps-lal-031191,MHEDS-John F. Kennedy Center,community_health_center,2021 E 20th St,Erie,PA,42,Erie County,42049,16510-1147,42.13359600,-80.03174801,814-616-7730,,,,,,,,,,HRSA operating hours per week: 39.50,unknown,,,,,,,,,HRSA Health Center Service Delivery and Look-Alike Sites,https://data.hrsa.gov/DataDownload/DD_Files/Health_Center_Service_Delivery_and_LookAlike_Sites.csv,2026-06-19,"Fields copied from the official HRSA CSV: site name, address, city, state, postal code, phone, website, HRSA geocoding coordinates, county/FIPS, operating hours per week, site status, and location setting. Site status: Active. Location setting: All Other Clinic Types. Operational schedule: Unknown. Daily hours, services, price, insurance, and accessibility fields were not supplied by this intake.",BPS-LAL-031191,Health Center Service Delivery and Look-Alike Sites,2026-06-19,2026-06-19,needs_review,
hrsa-bps-h80-027690,Wellsboro Laurel Pediatric Center,community_health_center,1B Main St,Wellsboro,PA,42,Tioga County,42117,16901,41.75051075,-77.29767169,570-724-7100,,,,,,,,,,HRSA operating hours per week: 40.00,unknown,,,,,,,,,HRSA Health Center Service Delivery and Look-Alike Sites,https://data.hrsa.gov/DataDownload/DD_Files/Health_Center_Service_Delivery_and_LookAlike_Sites.csv,2026-06-19,"Fields copied from the official HRSA CSV: site name, address, city, state, postal code, phone, website, HRSA geocoding coordinates, county/FIPS, operating hours per week, site status, and location setting. Site status: Active. Location setting: All Other Clinic Types. Operational schedule: Unknown. Daily hours, services, price, insurance, and accessibility fields were not supplied by this intake.",BPS-H80-027690,Health Center Service Delivery and Look-Alike Sites,2026-06-19,2026-06-19,needs_review,
hrsa-bps-h80-038708,LCHA Farnum Street East,community_health_center,33 E Farnum St,Lancaster,PA,42,Lancaster County,42071,17602-3540,40.03538100,-76.30366389,717-299-6371,,,,,,,,,,HRSA operating hours per week: 3.00,unknown,,,,,,,,,HRSA Health Center Service Delivery and Look-Alike Sites,https://data.hrsa.gov/DataDownload/DD_Files/Health_Center_Service_Delivery_and_LookAlike_Sites.csv,2026-06-19,"Fields copied from the official HRSA CSV: site name, address, city, state, postal code, phone, website, HRSA geocoding coordinates, county/FIPS, operating hours per week, site status, and location setting. Site status: Active. Location setting: All Other Clinic Types. Operational schedule: Unknown. Daily hours, services, price, insurance, and accessibility fields were not supplied by this intake.",BPS-H80-038708,Health Center Service Delivery and Look-Alike Sites,2026-06-19,2026-06-19,needs_review,
hrsa-bps-h80-019108,Sharon Medical Group,community_health_center,63 Pitt St,Sharon,PA,42,Mercer County,42085,16146-2102,41.23382002,-80.50746083,724-342-6604,http://www.primary-health.net,,,,,,,,,HRSA operating hours per week: 44.00,unknown,,,,,,,,,HRSA Health Center Service Delivery and Look-Alike Sites,https://data.hrsa.gov/DataDownload/DD_Files/Health_Center_Service_Delivery_and_LookAlike_Sites.csv,2026-06-19,"Fields copied from the official HRSA CSV: site name, address, city, state, postal code, phone, website, HRSA geocoding coordinates, county/FIPS, operating hours per week, site status, and location setting. Site status: Active. Location setting: All Other Clinic Types. Operational schedule: Unknown. Daily hours, services, price, insurance, and accessibility fields were not supplied by this intake.",BPS-H80-019108,Health Center Service Delivery and Look-Alike Sites,2026-06-19,2026-06-19,needs_review,
hrsa-bps-h80-003466,Cornerstone Care Pediatric and Family Medicine Center of Waynesburg,community_health_center,236 Elm Dr,Waynesburg,PA,42,Greene County,42059,15370-8265,39.89678442,-80.14873432,724-627-0926,www.cornerstonecare.com,,,,,,,,,HRSA operating hours per week: 44.00,unknown,,,,,,,,,HRSA Health Center Service Delivery and Look-Alike Sites,https://data.hrsa.gov/DataDownload/DD_Files/Health_Center_Service_Delivery_and_LookAlike_Sites.csv,2026-06-19,"Fields copied from the official HRSA CSV: site name, address, city, state, postal code, phone, website, HRSA geocoding coordinates, county/FIPS, operating hours per week, site status, and location setting. Site status: Active. Location setting: All Other Clinic Types. Operational schedule: Full-Time. Daily hours, services, price, insurance, and accessibility fields were not supplied by this intake.",BPS-H80-003466,Health Center Service Delivery and Look-Alike Sites,2026-06-19,2026-06-19,needs_review,
hrsa-bps-h80-016994,Community Health & Dental Care Heritage Dr. Ste 802,community_health_center,800 Heritage Dr STE 802,Pottstown,PA,42,Montgomery County,42091,19464-9220,40.24656309,-75.60077518,610-326-9460,,,,,,,,,,HRSA operating hours per week: 44.00,unknown,,,,,,,,,HRSA Health Center Service Delivery and Look-Alike Sites,https://data.hrsa.gov/DataDownload/DD_Files/Health_Center_Service_Delivery_and_LookAlike_Sites.csv,2026-06-19,"Fields copied from the official HRSA CSV: site name, address, city, state, postal code, phone, website, HRSA geocoding coordinates, county/FIPS, operating hours per week, site status, and location setting. Site status: Active. Location setting: All Other Clinic Types. Operational schedule: Unknown. Daily hours, services, price, insurance, and accessibility fields were not supplied by this intake.",BPS-H80-016994,Health Center Service Delivery and Look-Alike Sites,2026-06-19,2026-06-19,needs_review,
hrsa-bps-h80-033769,Keystone Behavioral Health Chambers Hill Drive,community_health_center,100 Chambers Hill Dr,Chambersburg,PA,42,Franklin County,42055,17201-7301,39.94345951,-77.64284601,717-709-7930,www.keystonehealth.org,,,,,,,,,HRSA operating hours per week: 55.00,unknown,,,,,,,,,HRSA Health Center Service Delivery and Look-Alike Sites,https://data.hrsa.gov/DataDownload/DD_Files/Health_Center_Service_Delivery_and_LookAlike_Sites.csv,2026-06-19,"Fields copied from the official HRSA CSV: site name, address, city, state, postal code, phone, website, HRSA geocoding coordinates, county/FIPS, operating hours per week, site status, and location setting. Site status: Active. Location setting: All Other Clinic Types. Operational schedule: Unknown. Daily hours, services, price, insurance, and accessibility fields were not supplied by this intake.",BPS-H80-033769,Health Center Service Delivery and Look-Alike Sites,2026-06-19,2026-06-19,needs_review,
hrsa-bps-h80-003573,HAZELWOOD HEALTH CENTER,community_health_center,4918 2nd Ave,Pittsburgh,PA,42,Allegheny County,42003,15207-1623,40.40941932,-79.94412351,412-422-9520,N/A,,,,,,,,,HRSA operating hours per week: 40.00,unknown,,,,,,,,,HRSA Health Center Service Delivery and Look-Alike Sites,https://data.hrsa.gov/DataDownload/DD_Files/Health_Center_Service_Delivery_and_LookAlike_Sites.csv,2026-06-19,"Fields copied from the official HRSA CSV: site name, address, city, state, postal code, phone, website, HRSA geocoding coordinates, county/FIPS, operating hours per week, site status, and location setting. Site status: Active. Location setting: All Other Clinic Types. Operational schedule: Full-Time. Daily hours, services, price, insurance, and accessibility fields were not supplied by this intake.",BPS-H80-003573,Health Center Service Delivery and Look-Alike Sites,2026-06-19,2026-06-19,needs_review,
hrsa-bps-h80-039131,Cornerstone Care Mobile Dental Unit,community_health_center,7 Glassworks Rd,Greensboro,PA,42,Greene County,42059,15338-9507,39.80088401,-79.91545598,267-799-1916,www.cornerstonecare.com,,,,,,,,,HRSA operating hours per week: 40.00,unknown,,,,,,,,,HRSA Health Center Service Delivery and Look-Alike Sites,https://data.hrsa.gov/DataDownload/DD_Files/Health_Center_Service_Delivery_and_LookAlike_Sites.csv,2026-06-19,"Fields copied from the official HRSA CSV: site name, address, city, state, postal code, phone, website, HRSA geocoding coordinates, county/FIPS, operating hours per week, site status, and location setting. Site status: Active. Location setting: All Other Clinic Types. Operational schedule: Unknown. Daily hours, services, price, insurance, and accessibility fields were not supplied by this intake.",BPS-H80-039131,Health Center Service Delivery and Look-Alike Sites,2026-06-19,2026-06-19,needs_review,
hrsa-bps-lal-038715,The Wright Center for Community Health Tunkhannock Practice,community_health_center,5950 SR 6,Tunkhannock,PA,42,Wyoming County,42131,18657-7905,41.57760001,-75.96941002,570-591-5299,,,,,,,,,,HRSA operating hours per week: 40.00,unknown,,,,,,,,,HRSA Health Center Service Delivery and Look-Alike Sites,https://data.hrsa.gov/DataDownload/DD_Files/Health_Center_Service_Delivery_and_LookAlike_Sites.csv,2026-06-19,"Fields copied from the official HRSA CSV: site name, address, city, state, postal code, phone, website, HRSA geocoding coordinates, county/FIPS, operating hours per week, site status, and location setting. Site status: Active. Location setting: All Other Clinic Types. Operational schedule: Unknown. Daily hours, services, price, insurance, and accessibility fields were not supplied by this intake.",BPS-LAL-038715,Health Center Service Delivery and Look-Alike Sites,2026-06-19,2026-06-19,needs_review,
hrsa-bps-h80-037505,Keystone Chiropractic Chambers Hill Drive,community_health_center,100 Chambers Hill Dr STE 100,Chambersburg,PA,42,Franklin County,42055,17201-7301,39.94391893,-77.64257460,717-709-7939,www.KeystoneChiro.org,,,,,,,,,HRSA operating hours per week: 52.00,unknown,,,,,,,,,HRSA Health Center Service Delivery and Look-Alike Sites,https://data.hrsa.gov/DataDownload/DD_Files/Health_Center_Service_Delivery_and_LookAlike_Sites.csv,2026-06-19,"Fields copied from the official HRSA CSV: site name, address, city, state, postal code, phone, website, HRSA geocoding coordinates, county/FIPS, operating hours per week, site status, and location setting. Site status: Active. Location setting: All Other Clinic Types. Operational schedule: Unknown. Daily hours, services, price, insurance, and accessibility fields were not supplied by this intake.",BPS-H80-037505,Health Center Service Delivery and Look-Alike Sites,2026-06-19,2026-06-19,needs_review,
hrsa-bps-h80-003664,Cornerstone Care Community Health Center of Greensboro,community_health_center,7 Glassworks Rd,Greensboro,PA,42,Greene County,42059,15338-9507,39.80088401,-79.91545598,724-943-3308 x127,www.cornerstonecare.com,,,,,,,,,HRSA operating hours per week: 51.00,unknown,,,,,,,,,HRSA Health Center Service Delivery and Look-Alike Sites,https://data.hrsa.gov/DataDownload/DD_Files/Health_Center_Service_Delivery_and_LookAlike_Sites.csv,2026-06-19,"Fields copied from the official HRSA CSV: site name, address, city, state, postal code, phone, website, HRSA geocoding coordinates, county/FIPS, operating hours per week, site status, and location setting. Site status: Active. Location setting: All Other Clinic Types. Operational schedule: Full-Time. Daily hours, services, price, insurance, and accessibility fields were not supplied by this intake.",BPS-H80-003664,Health Center Service Delivery and Look-Alike Sites,2026-06-19,2026-06-19,needs_review,
hrsa-bps-h80-030914,GPHA - Cristo Rey Health Suite,community_health_center,1717 W Allegheny Ave,Philadelphia,PA,42,Philadelphia County,42101,19132-1606,40.00268671,-75.15858343,215-925-2400,,,,,,,,,,HRSA operating hours per week: 14.00,unknown,,,,,,,,,HRSA Health Center Service Delivery and Look-Alike Sites,https://data.hrsa.gov/DataDownload/DD_Files/Health_Center_Service_Delivery_and_LookAlike_Sites.csv,2026-06-19,"Fields copied from the official HRSA CSV: site name, address, city, state, postal code, phone, website, HRSA geocoding coordinates, county/FIPS, operating hours per week, site status, and location setting. Site status: Active. Location setting: School. Operational schedule: Unknown. Daily hours, services, price, insurance, and accessibility fields were not supplied by this intake.",BPS-H80-030914,Health Center Service Delivery and Look-Alike Sites,2026-06-19,2026-06-19,needs_review,
hrsa-bps-h80-038867,BTAMC FAMILY WELLNESS CENTER,community_health_center,419 14th St,Huntingdon,PA,42,Huntingdon County,42061,16652-1937,40.49518199,-78.01695667,814-643-3205,,,,,,,,,,HRSA operating hours per week: 36.00,unknown,,,,,,,,,HRSA Health Center Service Delivery and Look-Alike Sites,https://data.hrsa.gov/DataDownload/DD_Files/Health_Center_Service_Delivery_and_LookAlike_Sites.csv,2026-06-19,"Fields copied from the official HRSA CSV: site name, address, city, state, postal code, phone, website, HRSA geocoding coordinates, county/FIPS, operating hours per week, site status, and location setting. Site status: Active. Location setting: All Other Clinic Types. Operational schedule: Unknown. Daily hours, services, price, insurance, and accessibility fields were not supplied by this intake.",BPS-H80-038867,Health Center Service Delivery and Look-Alike Sites,2026-06-19,2026-06-19,needs_review,
hrsa-bps-lal-032974,Children's Clinic,community_health_center,1627 Chew St,Allentown,PA,42,Lehigh County,42077,18102-3698,40.60146800,-75.49404840,610-969-4300,https://www.valleyhealthpartners.org/,,,,,,,,,HRSA operating hours per week: 65.00,unknown,,,,,,,,,HRSA Health Center Service Delivery and Look-Alike Sites,https://data.hrsa.gov/DataDownload/DD_Files/Health_Center_Service_Delivery_and_LookAlike_Sites.csv,2026-06-19,"Fields copied from the official HRSA CSV: site name, address, city, state, postal code, phone, website, HRSA geocoding coordinates, county/FIPS, operating hours per week, site status, and location setting. Site status: Active. Location setting: All Other Clinic Types. Operational schedule: Unknown. Daily hours, services, price, insurance, and accessibility fields were not supplied by this intake.",BPS-LAL-032974,Health Center Service Delivery and Look-Alike Sites,2026-06-19,2026-06-19,needs_review,
hrsa-bps-h80-003778,GLENDALE AREA MEDICAL CENTER,community_health_center,850 Main St,Coalport,PA,42,Clearfield County,42033,16627,40.74781691,-78.53469065,814-672-5141,www.glendale-medical.com,,,,,,,,,HRSA operating hours per week: 50.00,unknown,,,,,,,,,HRSA Health Center Service Delivery and Look-Alike Sites,https://data.hrsa.gov/DataDownload/DD_Files/Health_Center_Service_Delivery_and_LookAlike_Sites.csv,2026-06-19,"Fields copied from the official HRSA CSV: site name, address, city, state, postal code, phone, website, HRSA geocoding coordinates, county/FIPS, operating hours per week, site status, and location setting. Site status: Active. Location setting: All Other Clinic Types. Operational schedule: Full-Time. Daily hours, services, price, insurance, and accessibility fields were not supplied by this intake.",BPS-H80-003778,Health Center Service Delivery and Look-Alike Sites,2026-06-19,2026-06-19,needs_review,
hrsa-bps-h80-032391,Keystone Agricultural Worker Program - Adams Co.,community_health_center,3375 Carlisle Rd,Gardners,PA,42,Adams County,42001,17324-9631,40.00972043,-77.20280581,717-334-0001,,,,,,,,,,HRSA operating hours per week: 46.00,unknown,,,,,,,,,HRSA Health Center Service Delivery and Look-Alike Sites,https://data.hrsa.gov/DataDownload/DD_Files/Health_Center_Service_Delivery_and_LookAlike_Sites.csv,2026-06-19,"Fields copied from the official HRSA CSV: site name, address, city, state, postal code, phone, website, HRSA geocoding coordinates, county/FIPS, operating hours per week, site status, and location setting. Site status: Active. Location setting: All Other Clinic Types. Operational schedule: Unknown. Daily hours, services, price, insurance, and accessibility fields were not supplied by this intake.",BPS-H80-032391,Health Center Service Delivery and Look-Alike Sites,2026-06-19,2026-06-19,needs_review,
hrsa-bps-h80-032695,East End Community Health Center,community_health_center,745 N Negley Ave,Pittsburgh,PA,42,Allegheny County,42003,15206-2059,40.47099244,-79.92658111,412-404-4000,,,,,,,,,,HRSA operating hours per week: 40.00,unknown,,,,,,,,,HRSA Health Center Service Delivery and Look-Alike Sites,https://data.hrsa.gov/DataDownload/DD_Files/Health_Center_Service_Delivery_and_LookAlike_Sites.csv,2026-06-19,"Fields copied from the official HRSA CSV: site name, address, city, state, postal code, phone, website, HRSA geocoding coordinates, county/FIPS, operating hours per week, site status, and location setting. Site status: Active. Location setting: All Other Clinic Types. Operational schedule: Unknown. Daily hours, services, price, insurance, and accessibility fields were not supplied by this intake.",BPS-H80-032695,Health Center Service Delivery and Look-Alike Sites,2026-06-19,2026-06-19,needs_review,
hrsa-bps-lal-030247,Star Community Health KidsCare Sigal-Allentown,community_health_center,450 Chew St,Allentown,PA,42,Lehigh County,42077,18102-3434,40.60695823,-75.46916211,484-822-7850,starcommunityhealth.org,,,,,,,,,HRSA operating hours per week: 49.00,unknown,,,,,,,,,HRSA Health Center Service Delivery and Look-Alike Sites,https://data.hrsa.gov/DataDownload/DD_Files/Health_Center_Service_Delivery_and_LookAlike_Sites.csv,2026-06-19,"Fields copied from the official HRSA CSV: site name, address, city, state, postal code, phone, website, HRSA geocoding coordinates, county/FIPS, operating hours per week, site status, and location setting. Site status: Active. Location setting: All Other Clinic Types. Operational schedule: Unknown. Daily hours, services, price, insurance, and accessibility fields were not supplied by this intake.",BPS-LAL-030247,Health Center Service Delivery and Look-Alike Sites,2026-06-19,2026-06-19,needs_review,
hrsa-bps-h80-041150,Vaux Community Health Center,community_health_center,2300 W Master St,Philadelphia,PA,42,Philadelphia County,42101,19121-4996,39.97608884,-75.17429908,215-471-2761,,,,,,,,,,HRSA operating hours per week: 42.50,unknown,,,,,,,,,HRSA Health Center Service Delivery and Look-Alike Sites,https://data.hrsa.gov/DataDownload/DD_Files/Health_Center_Service_Delivery_and_LookAlike_Sites.csv,2026-06-19,"Fields copied from the official HRSA CSV: site name, address, city, state, postal code, phone, website, HRSA geocoding coordinates, county/FIPS, operating hours per week, site status, and location setting. Site status: Active. Location setting: All Other Clinic Types. Operational schedule: Unknown. Daily hours, services, price, insurance, and accessibility fields were not supplied by this intake.",BPS-H80-041150,Health Center Service Delivery and Look-Alike Sites,2026-06-19,2026-06-19,needs_review,
hrsa-bps-h80-012066,Michael R. Fraley Health Center,community_health_center,2120 E 10th St,Erie,PA,42,Erie County,42049,16511-3111,42.14304412,-80.03572338,814-464-0307,www.community-healthnet.com,,,,,,,,,HRSA operating hours per week: 40.00,unknown,,,,,,,,,HRSA Health Center Service Delivery and Look-Alike Sites,https://data.hrsa.gov/DataDownload/DD_Files/Health_Center_Service_Delivery_and_LookAlike_Sites.csv,2026-06-19,"Fields copied from the official HRSA CSV: site name, address, city, state, postal code, phone, website, HRSA geocoding coordinates, county/FIPS, operating hours per week, site status, and location setting. Site status: Active. Location setting: All Other Clinic Types. Operational schedule: Full-Time. Daily hours, services, price, insurance, and accessibility fields were not supplied by this intake.",BPS-H80-012066,Health Center Service Delivery and Look-Alike Sites,2026-06-19,2026-06-19,needs_review,
hrsa-bps-h80-018032,Carl Moore Health Center,community_health_center,1401 S 31st St,Philadelphia,PA,42,Philadelphia County,42101,19146-3506,39.93598239,-75.19506877,215-925-2400,WWW.GPHAINC.ORG,,,,,,,,,HRSA operating hours per week: 37.50,unknown,,,,,,,,,HRSA Health Center Service Delivery and Look-Alike Sites,https://data.hrsa.gov/DataDownload/DD_Files/Health_Center_Service_Delivery_and_LookAlike_Sites.csv,2026-06-19,"Fields copied from the official HRSA CSV: site name, address, city, state, postal code, phone, website, HRSA geocoding coordinates, county/FIPS, operating hours per week, site status, and location setting. Site status: Active. Location setting: All Other Clinic Types. Operational schedule: Unknown. Daily hours, services, price, insurance, and accessibility fields were not supplied by this intake.",BPS-H80-018032,Health Center Service Delivery and Look-Alike Sites,2026-06-19,2026-06-19,needs_review,
hrsa-bps-h80-040174,Keystone Community Health Sevices Catherine Street,community_health_center,133 W Catherine St,Chambersburg,PA,42,Franklin County,42055,17201-3592,39.93277854,-77.66491187,717-261-4966,,,,,,,,,,HRSA operating hours per week: 45.00,unknown,,,,,,,,,HRSA Health Center Service Delivery and Look-Alike Sites,https://data.hrsa.gov/DataDownload/DD_Files/Health_Center_Service_Delivery_and_LookAlike_Sites.csv,2026-06-19,"Fields copied from the official HRSA CSV: site name, address, city, state, postal code, phone, website, HRSA geocoding coordinates, county/FIPS, operating hours per week, site status, and location setting. Site status: Active. Location setting: All Other Clinic Types. Operational schedule: Unknown. Daily hours, services, price, insurance, and accessibility fields were not supplied by this intake.",BPS-H80-040174,Health Center Service Delivery and Look-Alike Sites,2026-06-19,2026-06-19,needs_review,
hrsa-bps-lal-038884,The Wright Center for Community Health Dickson City Practice,community_health_center,312 Boulevard Ave,Scranton,PA,42,Lackawanna County,42069,18519-1731,41.45094233,-75.62711950,570-489-4567,,,,,,,,,,HRSA operating hours per week: 40.00,unknown,,,,,,,,,HRSA Health Center Service Delivery and Look-Alike Sites,https://data.hrsa.gov/DataDownload/DD_Files/Health_Center_Service_Delivery_and_LookAlike_Sites.csv,2026-06-19,"Fields copied from the official HRSA CSV: site name, address, city, state, postal code, phone, website, HRSA geocoding coordinates, county/FIPS, operating hours per week, site status, and location setting. Site status: Active. Location setting: All Other Clinic Types. Operational schedule: Unknown. Daily hours, services, price, insurance, and accessibility fields were not supplied by this intake.",BPS-LAL-038884,Health Center Service Delivery and Look-Alike Sites,2026-06-19,2026-06-19,needs_review,
hrsa-bps-h80-038663,Johnstown Family Health Center,community_health_center,227 Franklin St,Johnstown,PA,42,Cambria County,42021,15901-1901,40.32438089,-78.91851539,814-961-3500,www.hyndmanhealth.org,,,,,,,,,HRSA operating hours per week: 40.00,unknown,,,,,,,,,HRSA Health Center Service Delivery and Look-Alike Sites,https://data.hrsa.gov/DataDownload/DD_Files/Health_Center_Service_Delivery_and_LookAlike_Sites.csv,2026-06-19,"Fields copied from the official HRSA CSV: site name, address, city, state, postal code, phone, website, HRSA geocoding coordinates, county/FIPS, operating hours per week, site status, and location setting. Site status: Active. Location setting: All Other Clinic Types. Operational schedule: Unknown. Daily hours, services, price, insurance, and accessibility fields were not supplied by this intake.",BPS-H80-038663,Health Center Service Delivery and Look-Alike Sites,2026-06-19,2026-06-19,needs_review,
hrsa-bps-lal-034043,The Wright Center for Community Health North Pocono Practice,community_health_center,"260 Daleville Hwy, Apartment 103",Covington Township,PA,42,Lackawanna County,42069,18444-7951,41.30267249,-75.53312802,570-230-0019,,,,,,,,,,HRSA operating hours per week: 32.00,unknown,,,,,,,,,HRSA Health Center Service Delivery and Look-Alike Sites,https://data.hrsa.gov/DataDownload/DD_Files/Health_Center_Service_Delivery_and_LookAlike_Sites.csv,2026-06-19,"Fields copied from the official HRSA CSV: site name, address, city, state, postal code, phone, website, HRSA geocoding coordinates, county/FIPS, operating hours per week, site status, and location setting. Site status: Active. Location setting: All Other Clinic Types. Operational schedule: Unknown. Daily hours, services, price, insurance, and accessibility fields were not supplied by this intake.",BPS-LAL-034043,Health Center Service Delivery and Look-Alike Sites,2026-06-19,2026-06-19,needs_review,
hrsa-bps-h80-030872,PEC Nursing Center/HopePHL,community_health_center,3939 Warren St,Philadelphia,PA,42,Philadelphia County,42101,19104-4642,39.96190004,-75.20159466,215-382-7523,,,,,,,,,,HRSA operating hours per week: 37.50,unknown,,,,,,,,,HRSA Health Center Service Delivery and Look-Alike Sites,https://data.hrsa.gov/DataDownload/DD_Files/Health_Center_Service_Delivery_and_LookAlike_Sites.csv,2026-06-19,"Fields copied from the official HRSA CSV: site name, address, city, state, postal code, phone, website, HRSA geocoding coordinates, county/FIPS, operating hours per week, site status, and location setting. Site status: Active. Location setting: All Other Clinic Types. Operational schedule: Unknown. Daily hours, services, price, insurance, and accessibility fields were not supplied by this intake.",BPS-H80-030872,Health Center Service Delivery and Look-Alike Sites,2026-06-19,2026-06-19,needs_review,
hrsa-bps-h80-018030,Mansfield Laurel Health Center - S Main,community_health_center,416 S Main St,Mansfield,PA,42,Tioga County,42117,16933-1510,41.79495642,-77.07627856,570-622-2002,,,,,,,,,,HRSA operating hours per week: 55.00,unknown,,,,,,,,,HRSA Health Center Service Delivery and Look-Alike Sites,https://data.hrsa.gov/DataDownload/DD_Files/Health_Center_Service_Delivery_and_LookAlike_Sites.csv,2026-06-19,"Fields copied from the official HRSA CSV: site name, address, city, state, postal code, phone, website, HRSA geocoding coordinates, county/FIPS, operating hours per week, site status, and location setting. Site status: Active. Location setting: All Other Clinic Types. Operational schedule: Unknown. Daily hours, services, price, insurance, and accessibility fields were not supplied by this intake.",BPS-H80-018030,Health Center Service Delivery and Look-Alike Sites,2026-06-19,2026-06-19,needs_review,
hrsa-bps-h80-041324,FPCSN at Philadelphia High School for Girls,community_health_center,1400 W Olney Ave,Philadelphia,PA,42,Philadelphia County,42101,19141-2398,40.03857257,-75.14602600,267-597-3600,www.fpcn.com,,,,,,,,,HRSA operating hours per week: 47.50,unknown,,,,,,,,,HRSA Health Center Service Delivery and Look-Alike Sites,https://data.hrsa.gov/DataDownload/DD_Files/Health_Center_Service_Delivery_and_LookAlike_Sites.csv,2026-06-19,"Fields copied from the official HRSA CSV: site name, address, city, state, postal code, phone, website, HRSA geocoding coordinates, county/FIPS, operating hours per week, site status, and location setting. Site status: Active. Location setting: School. Operational schedule: Unknown. Daily hours, services, price, insurance, and accessibility fields were not supplied by this intake.",BPS-H80-041324,Health Center Service Delivery and Look-Alike Sites,2026-06-19,2026-06-19,needs_review,
hrsa-bps-h80-027860,Keystone Rural Health Center,community_health_center,"111 Chambers Hill Dr, Suite 200",Chambersburg,PA,42,Franklin County,42055,17201-7304,39.94448399,-77.64081197,717-709-7900,,,,,,,,,,,unknown,,,,,,,,,HRSA Health Center Service Delivery and Look-Alike Sites,https://data.hrsa.gov/DataDownload/DD_Files/Health_Center_Service_Delivery_and_LookAlike_Sites.csv,2026-06-19,"Fields copied from the official HRSA CSV: site name, address, city, state, postal code, phone, website, HRSA geocoding coordinates, county/FIPS, operating hours per week, site status, and location setting. Site status: Active. Location setting: All Other Clinic Types. Operational schedule: Unknown. Daily hours, services, price, insurance, and accessibility fields were not supplied by this intake.",BPS-H80-027860,Health Center Service Delivery and Look-Alike Sites,2026-06-19,2026-06-19,needs_review,
hrsa-bps-h80-004351,WEST END DENTAL OFFICE,community_health_center,441 S Main St,Pittsburgh,PA,42,Allegheny County,42003,15220-5540,40.44089387,-80.03439694,412-244-4970,Not Applicable,,,,,,,,,HRSA operating hours per week: 16.00,unknown,,,,,,,,,HRSA Health Center Service Delivery and Look-Alike Sites,https://data.hrsa.gov/DataDownload/DD_Files/Health_Center_Service_Delivery_and_LookAlike_Sites.csv,2026-06-19,"Fields copied from the official HRSA CSV: site name, address, city, state, postal code, phone, website, HRSA geocoding coordinates, county/FIPS, operating hours per week, site status, and location setting. Site status: Active. Location setting: All Other Clinic Types. Operational schedule: Full-Time. Daily hours, services, price, insurance, and accessibility fields were not supplied by this intake.",BPS-H80-004351,Health Center Service Delivery and Look-Alike Sites,2026-06-19,2026-06-19,needs_review,
hrsa-bps-lal-039405,VHP - Center of Hope,community_health_center,1627 Chew St,Allentown,PA,42,Lehigh County,42077,18102-3698,40.60146800,-75.49404840,610-402-1155,,,,,,,,,,HRSA operating hours per week: 40.00,unknown,,,,,,,,,HRSA Health Center Service Delivery and Look-Alike Sites,https://data.hrsa.gov/DataDownload/DD_Files/Health_Center_Service_Delivery_and_LookAlike_Sites.csv,2026-06-19,"Fields copied from the official HRSA CSV: site name, address, city, state, postal code, phone, website, HRSA geocoding coordinates, county/FIPS, operating hours per week, site status, and location setting. Site status: Active. Location setting: All Other Clinic Types. Operational schedule: Unknown. Daily hours, services, price, insurance, and accessibility fields were not supplied by this intake.",BPS-LAL-039405,Health Center Service Delivery and Look-Alike Sites,2026-06-19,2026-06-19,needs_review,
hrsa-bps-h80-038551,Laurel Dental- Towanda at Progress Plaza,community_health_center,"1 Elizabeth St, Suite 6",Towanda,PA,42,Bradford County,42015,18848-1629,41.76267474,-76.44248287,570-265-2069,,,,,,,,,,HRSA operating hours per week: 36.00,unknown,,,,,,,,,HRSA Health Center Service Delivery and Look-Alike Sites,https://data.hrsa.gov/DataDownload/DD_Files/Health_Center_Service_Delivery_and_LookAlike_Sites.csv,2026-06-19,"Fields copied from the official HRSA CSV: site name, address, city, state, postal code, phone, website, HRSA geocoding coordinates, county/FIPS, operating hours per week, site status, and location setting. Site status: Active. Location setting: All Other Clinic Types. Operational schedule: Unknown. Daily hours, services, price, insurance, and accessibility fields were not supplied by this intake.",BPS-H80-038551,Health Center Service Delivery and Look-Alike Sites,2026-06-19,2026-06-19,needs_review,
hrsa-bps-lal-039394,Multi-Cultural Health Evaluation Delivery System,community_health_center,826 Parade St,Erie,PA,42,Erie County,42049,16503-1142,42.12991114,-80.07529635,814-377-0377,mheds.org,,,,,,,,,HRSA operating hours per week: 46.50,unknown,,,,,,,,,HRSA Health Center Service Delivery and Look-Alike Sites,https://data.hrsa.gov/DataDownload/DD_Files/Health_Center_Service_Delivery_and_LookAlike_Sites.csv,2026-06-19,"Fields copied from the official HRSA CSV: site name, address, city, state, postal code, phone, website, HRSA geocoding coordinates, county/FIPS, operating hours per week, site status, and location setting. Site status: Active. Location setting: All Other Clinic Types. Operational schedule: Unknown. Daily hours, services, price, insurance, and accessibility fields were not supplied by this intake.",BPS-LAL-039394,Health Center Service Delivery and Look-Alike Sites,2026-06-19,2026-06-19,needs_review,
hrsa-bps-h80-039632,Lake Ariel Family Health Center,community_health_center,358 Hamlin Hwy,Lake Ariel,PA,42,Wayne County,42127,18436-9382,41.40471144,-75.42608357,570-689-2242,,,,,,,,,,HRSA operating hours per week: 45.00,unknown,,,,,,,,,HRSA Health Center Service Delivery and Look-Alike Sites,https://data.hrsa.gov/DataDownload/DD_Files/Health_Center_Service_Delivery_and_LookAlike_Sites.csv,2026-06-19,"Fields copied from the official HRSA CSV: site name, address, city, state, postal code, phone, website, HRSA geocoding coordinates, county/FIPS, operating hours per week, site status, and location setting. Site status: Active. Location setting: All Other Clinic Types. Operational schedule: Unknown. Daily hours, services, price, insurance, and accessibility fields were not supplied by this intake.",BPS-H80-039632,Health Center Service Delivery and Look-Alike Sites,2026-06-19,2026-06-19,needs_review,
hrsa-bps-h80-036501,McCaskey High School,community_health_center,445 N Reservoir St,Lancaster,PA,42,Lancaster County,42071,17602-2499,40.04820656,-76.29037388,717-299-6371,,,,,,,,,,HRSA operating hours per week: 27.00,unknown,,,,,,,,,HRSA Health Center Service Delivery and Look-Alike Sites,https://data.hrsa.gov/DataDownload/DD_Files/Health_Center_Service_Delivery_and_LookAlike_Sites.csv,2026-06-19,"Fields copied from the official HRSA CSV: site name, address, city, state, postal code, phone, website, HRSA geocoding coordinates, county/FIPS, operating hours per week, site status, and location setting. Site status: Active. Location setting: School. Operational schedule: Unknown. Daily hours, services, price, insurance, and accessibility fields were not supplied by this intake.",BPS-H80-036501,Health Center Service Delivery and Look-Alike Sites,2026-06-19,2026-06-19,needs_review,
hrsa-bps-h80-004743,HONESDALE FAMILY HEALTH CENTER,community_health_center,600 Maple Ave STE 2,Honesdale,PA,42,Wayne County,42127,18431-1436,41.57544548,-75.26845585,570-251-6672,WMH.org/WMCHC,,,,,,,,,HRSA operating hours per week: 45.50,unknown,,,,,,,,,HRSA Health Center Service Delivery and Look-Alike Sites,https://data.hrsa.gov/DataDownload/DD_Files/Health_Center_Service_Delivery_and_LookAlike_Sites.csv,2026-06-19,"Fields copied from the official HRSA CSV: site name, address, city, state, postal code, phone, website, HRSA geocoding coordinates, county/FIPS, operating hours per week, site status, and location setting. Site status: Active. Location setting: All Other Clinic Types. Operational schedule: Full-Time. Daily hours, services, price, insurance, and accessibility fields were not supplied by this intake.",BPS-H80-004743,Health Center Service Delivery and Look-Alike Sites,2026-06-19,2026-06-19,needs_review,
hrsa-bps-h80-037614,Strawberry Mansion Health Center,community_health_center,2840 W Dauphin St,Philadelphia,PA,42,Philadelphia County,42101,19132-4697,39.99081148,-75.17908657,215-685-2411,,,,,,,,,,HRSA operating hours per week: 44.00,unknown,,,,,,,,,HRSA Health Center Service Delivery and Look-Alike Sites,https://data.hrsa.gov/DataDownload/DD_Files/Health_Center_Service_Delivery_and_LookAlike_Sites.csv,2026-06-19,"Fields copied from the official HRSA CSV: site name, address, city, state, postal code, phone, website, HRSA geocoding coordinates, county/FIPS, operating hours per week, site status, and location setting. Site status: Active. Location setting: All Other Clinic Types. Operational schedule: Unknown. Daily hours, services, price, insurance, and accessibility fields were not supplied by this intake.",BPS-H80-037614,Health Center Service Delivery and Look-Alike Sites,2026-06-19,2026-06-19,needs_review,
hrsa-bps-h80-041325,Stephen and Sandra Sheller 11th St Family Health Services,community_health_center,850 N 11th St,Philadelphia,PA,42,Philadelphia County,42101,19123-1957,39.96801723,-75.15525053,215-769-1100,www.fpcn.com,,,,,,,,,HRSA operating hours per week: 48.50,unknown,,,,,,,,,HRSA Health Center Service Delivery and Look-Alike Sites,https://data.hrsa.gov/DataDownload/DD_Files/Health_Center_Service_Delivery_and_LookAlike_Sites.csv,2026-06-19,"Fields copied from the official HRSA CSV: site name, address, city, state, postal code, phone, website, HRSA geocoding coordinates, county/FIPS, operating hours per week, site status, and location setting. Site status: Active. Location setting: All Other Clinic Types. Operational schedule: Unknown. Daily hours, services, price, insurance, and accessibility fields were not supplied by this intake.",BPS-H80-041325,Health Center Service Delivery and Look-Alike Sites,2026-06-19,2026-06-19,needs_review,
hrsa-bps-h80-007265,HARBORCREEK YOUTH SERVICES,community_health_center,5712 Iroquois Ave,Harborcreek,PA,42,Erie County,42049,16421-1099,42.16116068,-79.97188345,814-899-7664,www.community-healthnet.com,,,,,,,,,HRSA operating hours per week: 4.00,unknown,,,,,,,,,HRSA Health Center Service Delivery and Look-Alike Sites,https://data.hrsa.gov/DataDownload/DD_Files/Health_Center_Service_Delivery_and_LookAlike_Sites.csv,2026-06-19,"Fields copied from the official HRSA CSV: site name, address, city, state, postal code, phone, website, HRSA geocoding coordinates, county/FIPS, operating hours per week, site status, and location setting. Site status: Active. Location setting: All Other Clinic Types. Operational schedule: Part-Time. Daily hours, services, price, insurance, and accessibility fields were not supplied by this intake.",BPS-H80-007265,Health Center Service Delivery and Look-Alike Sites,2026-06-19,2026-06-19,needs_review,
hrsa-bps-h80-021254,BTAMC Mount Union Area Medical Center,community_health_center,95 S Park St,Mount Union,PA,42,Huntingdon County,42061,17066-1334,40.38154123,-77.87999427,814-542-8627,,,,,,,,,,HRSA operating hours per week: 49.50,unknown,,,,,,,,,HRSA Health Center Service Delivery and Look-Alike Sites,https://data.hrsa.gov/DataDownload/DD_Files/Health_Center_Service_Delivery_and_LookAlike_Sites.csv,2026-06-19,"Fields copied from the official HRSA CSV: site name, address, city, state, postal code, phone, website, HRSA geocoding coordinates, county/FIPS, operating hours per week, site status, and location setting. Site status: Active. Location setting: All Other Clinic Types. Operational schedule: Unknown. Daily hours, services, price, insurance, and accessibility fields were not supplied by this intake.",BPS-H80-021254,Health Center Service Delivery and Look-Alike Sites,2026-06-19,2026-06-19,needs_review,
hrsa-bps-h80-032648,Maria de Los Santos Express Care,community_health_center,400 W Allegheny Ave,Philadelphia,PA,42,Philadelphia County,42101,19133-3614,39.99885010,-75.13630316,215-291-2500,www.dvch.org,,,,,,,,,HRSA operating hours per week: 40.00,unknown,,,,,,,,,HRSA Health Center Service Delivery and Look-Alike Sites,https://data.hrsa.gov/DataDownload/DD_Files/Health_Center_Service_Delivery_and_LookAlike_Sites.csv,2026-06-19,"Fields copied from the official HRSA CSV: site name, address, city, state, postal code, phone, website, HRSA geocoding coordinates, county/FIPS, operating hours per week, site status, and location setting. Site status: Active. Location setting: All Other Clinic Types. Operational schedule: Unknown. Daily hours, services, price, insurance, and accessibility fields were not supplied by this intake.",BPS-H80-032648,Health Center Service Delivery and Look-Alike Sites,2026-06-19,2026-06-19,needs_review,
hrsa-bps-h80-032543,BTAMC Trough Creek Area Medical Center,community_health_center,358 Seminary St,Cassville,PA,42,Huntingdon County,42061,16623-6203,40.29474562,-78.03004819,814-448-9226,,,,,,,,,,HRSA operating hours per week: 42.50,unknown,,,,,,,,,HRSA Health Center Service Delivery and Look-Alike Sites,https://data.hrsa.gov/DataDownload/DD_Files/Health_Center_Service_Delivery_and_LookAlike_Sites.csv,2026-06-19,"Fields copied from the official HRSA CSV: site name, address, city, state, postal code, phone, website, HRSA geocoding coordinates, county/FIPS, operating hours per week, site status, and location setting. Site status: Active. Location setting: All Other Clinic Types. Operational schedule: Unknown. Daily hours, services, price, insurance, and accessibility fields were not supplied by this intake.",BPS-H80-032543,Health Center Service Delivery and Look-Alike Sites,2026-06-19,2026-06-19,needs_review,
hrsa-bps-h80-024508,Trinity East Elementary,community_health_center,252 Cameron Rd,Washington,PA,42,Washington County,42125,15301-9548,40.18828434,-80.21041825,724-632-6801 x2258,,,,,,,,,,HRSA operating hours per week: 8.00,unknown,,,,,,,,,HRSA Health Center Service Delivery and Look-Alike Sites,https://data.hrsa.gov/DataDownload/DD_Files/Health_Center_Service_Delivery_and_LookAlike_Sites.csv,2026-06-19,"Fields copied from the official HRSA CSV: site name, address, city, state, postal code, phone, website, HRSA geocoding coordinates, county/FIPS, operating hours per week, site status, and location setting. Site status: Active. Location setting: School. Operational schedule: Unknown. Daily hours, services, price, insurance, and accessibility fields were not supplied by this intake.",BPS-H80-024508,Health Center Service Delivery and Look-Alike Sites,2026-06-19,2026-06-19,needs_review,
hrsa-bps-h80-008317,ChesPenn Center for Family Health at Upper Darby,community_health_center,5 S State Rd,Upper Darby,PA,42,Delaware County,42045,19082-2037,39.96328100,-75.27060396,610-352-6585,www.chespenn.org,,,,,,,,,HRSA operating hours per week: 40.00,unknown,,,,,,,,,HRSA Health Center Service Delivery and Look-Alike Sites,https://data.hrsa.gov/DataDownload/DD_Files/Health_Center_Service_Delivery_and_LookAlike_Sites.csv,2026-06-19,"Fields copied from the official HRSA CSV: site name, address, city, state, postal code, phone, website, HRSA geocoding coordinates, county/FIPS, operating hours per week, site status, and location setting. Site status: Active. Location setting: All Other Clinic Types. Operational schedule: Unknown. Daily hours, services, price, insurance, and accessibility fields were not supplied by this intake.",BPS-H80-008317,Health Center Service Delivery and Look-Alike Sites,2026-06-19,2026-06-19,needs_review,
hrsa-bps-lal-040316,SUD Building-suite 107,community_health_center,21 Academy St,Wilkes Barre,PA,42,Luzerne County,42079,18702-3801,41.24038301,-75.89318902,570-301-0935,http://www.cscwv.org/csc/home/main.aspx,,,,,,,,,HRSA operating hours per week: 57.00,unknown,,,,,,,,,HRSA Health Center Service Delivery and Look-Alike Sites,https://data.hrsa.gov/DataDownload/DD_Files/Health_Center_Service_Delivery_and_LookAlike_Sites.csv,2026-06-19,"Fields copied from the official HRSA CSV: site name, address, city, state, postal code, phone, website, HRSA geocoding coordinates, county/FIPS, operating hours per week, site status, and location setting. Site status: Active. Location setting: All Other Clinic Types. Operational schedule: Unknown. Daily hours, services, price, insurance, and accessibility fields were not supplied by this intake.",BPS-LAL-040316,Health Center Service Delivery and Look-Alike Sites,2026-06-19,2026-06-19,needs_review,
hrsa-bps-lal-030246,Star Community Health Southside - Bethlehem,community_health_center,"511 E 3rd St, #200",Bethlehem,PA,42,Northampton County,42095,18015-2072,40.61217756,-75.37169022,484-526-4700,Starcommunityhealth.org,,,,,,,,,HRSA operating hours per week: 45.00,unknown,,,,,,,,,HRSA Health Center Service Delivery and Look-Alike Sites,https://data.hrsa.gov/DataDownload/DD_Files/Health_Center_Service_Delivery_and_LookAlike_Sites.csv,2026-06-19,"Fields copied from the official HRSA CSV: site name, address, city, state, postal code, phone, website, HRSA geocoding coordinates, county/FIPS, operating hours per week, site status, and location setting. Site status: Active. Location setting: All Other Clinic Types. Operational schedule: Unknown. Daily hours, services, price, insurance, and accessibility fields were not supplied by this intake.",BPS-LAL-030246,Health Center Service Delivery and Look-Alike Sites,2026-06-19,2026-06-19,needs_review,
hrsa-bps-lal-027820,The Wright Center for Community Health Clarks Summit Practice,community_health_center,1145 Northern Blvd,South Abington Township,PA,42,Lackawanna County,42069,18411-2221,41.48839041,-75.69631090,570-585-1300,https://thewrightcenter.org/home/patientcare/locations/clarks-summit/,,,,,,,,,HRSA operating hours per week: 50.00,unknown,,,,,,,,,HRSA Health Center Service Delivery and Look-Alike Sites,https://data.hrsa.gov/DataDownload/DD_Files/Health_Center_Service_Delivery_and_LookAlike_Sites.csv,2026-06-19,"Fields copied from the official HRSA CSV: site name, address, city, state, postal code, phone, website, HRSA geocoding coordinates, county/FIPS, operating hours per week, site status, and location setting. Site status: Active. Location setting: All Other Clinic Types. Operational schedule: Unknown. Daily hours, services, price, insurance, and accessibility fields were not supplied by this intake.",BPS-LAL-027820,Health Center Service Delivery and Look-Alike Sites,2026-06-19,2026-06-19,needs_review,
hrsa-bps-lal-039975,Sharon Community Health Center- Primary Care,community_health_center,92 W Connelly Blvd,Sharon,PA,42,Mercer County,42085,16146-1754,41.22997658,-80.51013926,724-347-5529,,,,,,,,,,HRSA operating hours per week: 40.00,unknown,,,,,,,,,HRSA Health Center Service Delivery and Look-Alike Sites,https://data.hrsa.gov/DataDownload/DD_Files/Health_Center_Service_Delivery_and_LookAlike_Sites.csv,2026-06-19,"Fields copied from the official HRSA CSV: site name, address, city, state, postal code, phone, website, HRSA geocoding coordinates, county/FIPS, operating hours per week, site status, and location setting. Site status: Active. Location setting: All Other Clinic Types. Operational schedule: Unknown. Daily hours, services, price, insurance, and accessibility fields were not supplied by this intake.",BPS-LAL-039975,Health Center Service Delivery and Look-Alike Sites,2026-06-19,2026-06-19,needs_review,
hrsa-bps-h80-024605,Lebanon Medical and Pharmacy,community_health_center,920 Church St,Lebanon,PA,42,Lebanon County,42075,17046-4656,40.34441636,-76.42739436,717-272-2700,www.welshmountain.org,,,,,,,,,HRSA operating hours per week: 57.00,unknown,,,,,,,,,HRSA Health Center Service Delivery and Look-Alike Sites,https://data.hrsa.gov/DataDownload/DD_Files/Health_Center_Service_Delivery_and_LookAlike_Sites.csv,2026-06-19,"Fields copied from the official HRSA CSV: site name, address, city, state, postal code, phone, website, HRSA geocoding coordinates, county/FIPS, operating hours per week, site status, and location setting. Site status: Active. Location setting: All Other Clinic Types. Operational schedule: Unknown. Daily hours, services, price, insurance, and accessibility fields were not supplied by this intake.",BPS-H80-024605,Health Center Service Delivery and Look-Alike Sites,2026-06-19,2026-06-19,needs_review,
hrsa-bps-lal-027816,The Wright Center for Community Health Scranton Practice,community_health_center,501 S Washington Ave,Scranton,PA,42,Lackawanna County,42069,18505-3814,41.40187018,-75.66918433,570-343-2383,https://thewrightcenter.org/,,,,,,,,,HRSA operating hours per week: 50.00,unknown,,,,,,,,,HRSA Health Center Service Delivery and Look-Alike Sites,https://data.hrsa.gov/DataDownload/DD_Files/Health_Center_Service_Delivery_and_LookAlike_Sites.csv,2026-06-19,"Fields copied from the official HRSA CSV: site name, address, city, state, postal code, phone, website, HRSA geocoding coordinates, county/FIPS, operating hours per week, site status, and location setting. Site status: Active. Location setting: All Other Clinic Types. Operational schedule: Unknown. Daily hours, services, price, insurance, and accessibility fields were not supplied by this intake.",BPS-LAL-027816,Health Center Service Delivery and Look-Alike Sites,2026-06-19,2026-06-19,needs_review,
hrsa-bps-lal-032969,Children's Clinic at Sheridan,community_health_center,521 N 2nd St,Allentown,PA,42,Lehigh County,42077,18102-2597,40.61320082,-75.46303754,610-969-4300,https://www.valleyhealthpartners.org/,,,,,,,,,HRSA operating hours per week: 16.00,unknown,,,,,,,,,HRSA Health Center Service Delivery and Look-Alike Sites,https://data.hrsa.gov/DataDownload/DD_Files/Health_Center_Service_Delivery_and_LookAlike_Sites.csv,2026-06-19,"Fields copied from the official HRSA CSV: site name, address, city, state, postal code, phone, website, HRSA geocoding coordinates, county/FIPS, operating hours per week, site status, and location setting. Site status: Active. Location setting: School. Operational schedule: Unknown. Daily hours, services, price, insurance, and accessibility fields were not supplied by this intake.",BPS-LAL-032969,Health Center Service Delivery and Look-Alike Sites,2026-06-19,2026-06-19,needs_review,
hrsa-bps-lal-032968,Centro de Salud,community_health_center,1627 Chew St,Allentown,PA,42,Lehigh County,42077,18102-3698,40.60146800,-75.49404840,610-969-3600,https://www.valleyhealthpartners.org/,,,,,,,,,HRSA operating hours per week: 47.50,unknown,,,,,,,,,HRSA Health Center Service Delivery and Look-Alike Sites,https://data.hrsa.gov/DataDownload/DD_Files/Health_Center_Service_Delivery_and_LookAlike_Sites.csv,2026-06-19,"Fields copied from the official HRSA CSV: site name, address, city, state, postal code, phone, website, HRSA geocoding coordinates, county/FIPS, operating hours per week, site status, and location setting. Site status: Active. Location setting: All Other Clinic Types. Operational schedule: Unknown. Daily hours, services, price, insurance, and accessibility fields were not supplied by this intake.",BPS-LAL-032968,Health Center Service Delivery and Look-Alike Sites,2026-06-19,2026-06-19,needs_review,
hrsa-bps-h80-011727,River Valley Health - Williamsport Medical and Dental,community_health_center,471 Hepburn St,Williamsport,PA,42,Lycoming County,42081,17701-6122,41.24237120,-77.00789740,570-567-5400,www.rivervalleyhealthpa.org,,,,,,,,,HRSA operating hours per week: 49.00,unknown,,,,,,,,,HRSA Health Center Service Delivery and Look-Alike Sites,https://data.hrsa.gov/DataDownload/DD_Files/Health_Center_Service_Delivery_and_LookAlike_Sites.csv,2026-06-19,"Fields copied from the official HRSA CSV: site name, address, city, state, postal code, phone, website, HRSA geocoding coordinates, county/FIPS, operating hours per week, site status, and location setting. Site status: Active. Location setting: All Other Clinic Types. Operational schedule: Full-Time. Daily hours, services, price, insurance, and accessibility fields were not supplied by this intake.",BPS-H80-011727,Health Center Service Delivery and Look-Alike Sites,2026-06-19,2026-06-19,needs_review,
hrsa-bps-h80-038073,Laurel Health Specialty Center,community_health_center,52 Railroad Ave,Mansfield,PA,42,Tioga County,42117,16933-1409,41.80843808,-77.08062524,570-662-1945,,,,,,,,,,,unknown,,,,,,,,,HRSA Health Center Service Delivery and Look-Alike Sites,https://data.hrsa.gov/DataDownload/DD_Files/Health_Center_Service_Delivery_and_LookAlike_Sites.csv,2026-06-19,"Fields copied from the official HRSA CSV: site name, address, city, state, postal code, phone, website, HRSA geocoding coordinates, county/FIPS, operating hours per week, site status, and location setting. Site status: Active. Location setting: Unknown. Operational schedule: Unknown. Daily hours, services, price, insurance, and accessibility fields were not supplied by this intake.",BPS-H80-038073,Health Center Service Delivery and Look-Alike Sites,2026-06-19,2026-06-19,needs_review,
hrsa-bps-h80-032152,LCH Health and Community Services,community_health_center,14 S Third St,Oxford,PA,42,Chester County,42029,19363-1601,39.78470535,-75.97908986,610-444-7550,https://lchcommunityhealth.org/,,,,,,,,,HRSA operating hours per week: 46.00,unknown,,,,,,,,,HRSA Health Center Service Delivery and Look-Alike Sites,https://data.hrsa.gov/DataDownload/DD_Files/Health_Center_Service_Delivery_and_LookAlike_Sites.csv,2026-06-19,"Fields copied from the official HRSA CSV: site name, address, city, state, postal code, phone, website, HRSA geocoding coordinates, county/FIPS, operating hours per week, site status, and location setting. Site status: Active. Location setting: All Other Clinic Types. Operational schedule: Unknown. Daily hours, services, price, insurance, and accessibility fields were not supplied by this intake.",BPS-H80-032152,Health Center Service Delivery and Look-Alike Sites,2026-06-19,2026-06-19,needs_review,
hrsa-bps-lal-009771,Sharon Community Health Center,community_health_center,94 W Connelly Blvd,Sharon,PA,42,Mercer County,42085,16146-1754,41.23025197,-80.51039148,724-347-5519,,,,,,,,,,HRSA operating hours per week: 40.00,unknown,,,,,,,,,HRSA Health Center Service Delivery and Look-Alike Sites,https://data.hrsa.gov/DataDownload/DD_Files/Health_Center_Service_Delivery_and_LookAlike_Sites.csv,2026-06-19,"Fields copied from the official HRSA CSV: site name, address, city, state, postal code, phone, website, HRSA geocoding coordinates, county/FIPS, operating hours per week, site status, and location setting. Site status: Active. Location setting: All Other Clinic Types. Operational schedule: Full-Time. Daily hours, services, price, insurance, and accessibility fields were not supplied by this intake.",BPS-LAL-009771,Health Center Service Delivery and Look-Alike Sites,2026-06-19,2026-06-19,needs_review,
hrsa-bps-h80-000396,FAIRCHANCE CLINIC,community_health_center,93 N Morgantown St,Fairchance,PA,42,Fayette County,42051,15436-1039,39.82639693,-79.75364183,724-564-0900,www.centervilleclinics.com,,,,,,,,,HRSA operating hours per week: 40.00,unknown,,,,,,,,,HRSA Health Center Service Delivery and Look-Alike Sites,https://data.hrsa.gov/DataDownload/DD_Files/Health_Center_Service_Delivery_and_LookAlike_Sites.csv,2026-06-19,"Fields copied from the official HRSA CSV: site name, address, city, state, postal code, phone, website, HRSA geocoding coordinates, county/FIPS, operating hours per week, site status, and location setting. Site status: Active. Location setting: All Other Clinic Types. Operational schedule: Full-Time. Daily hours, services, price, insurance, and accessibility fields were not supplied by this intake.",BPS-H80-000396,Health Center Service Delivery and Look-Alike Sites,2026-06-19,2026-06-19,needs_review,
hrsa-bps-lal-039521,VHP Pediatrics - Tobyhanna,community_health_center,"100 Community Dr, Suite 202",Tobyhanna,PA,42,Monroe County,42089,18466-8987,41.14759861,-75.37342041,570-476-3585,,,,,,,,,,HRSA operating hours per week: 24.00,unknown,,,,,,,,,HRSA Health Center Service Delivery and Look-Alike Sites,https://data.hrsa.gov/DataDownload/DD_Files/Health_Center_Service_Delivery_and_LookAlike_Sites.csv,2026-06-19,"Fields copied from the official HRSA CSV: site name, address, city, state, postal code, phone, website, HRSA geocoding coordinates, county/FIPS, operating hours per week, site status, and location setting. Site status: Active. Location setting: All Other Clinic Types. Operational schedule: Unknown. Daily hours, services, price, insurance, and accessibility fields were not supplied by this intake.",BPS-LAL-039521,Health Center Service Delivery and Look-Alike Sites,2026-06-19,2026-06-19,needs_review,
hrsa-bps-h80-000587,WEST END HEALTH CENTER,community_health_center,415 Neptune St,Pittsburgh,PA,42,Allegheny County,42003,15220-5516,40.44049602,-80.03297981,412-921-7200,N/A,,,,,,,,,HRSA operating hours per week: 40.00,unknown,,,,,,,,,HRSA Health Center Service Delivery and Look-Alike Sites,https://data.hrsa.gov/DataDownload/DD_Files/Health_Center_Service_Delivery_and_LookAlike_Sites.csv,2026-06-19,"Fields copied from the official HRSA CSV: site name, address, city, state, postal code, phone, website, HRSA geocoding coordinates, county/FIPS, operating hours per week, site status, and location setting. Site status: Active. Location setting: All Other Clinic Types. Operational schedule: Full-Time. Daily hours, services, price, insurance, and accessibility fields were not supplied by this intake.",BPS-H80-000587,Health Center Service Delivery and Look-Alike Sites,2026-06-19,2026-06-19,needs_review,
hrsa-bps-h80-008815,Washington Family Doctors,community_health_center,37 Highland Ave,Washington,PA,42,Washington County,42125,15301-4062,40.17488549,-80.24505822,724-223-1067,www.centervilleclinics.com,,,,,,,,,HRSA operating hours per week: 53.00,unknown,,,,,,,,,HRSA Health Center Service Delivery and Look-Alike Sites,https://data.hrsa.gov/DataDownload/DD_Files/Health_Center_Service_Delivery_and_LookAlike_Sites.csv,2026-06-19,"Fields copied from the official HRSA CSV: site name, address, city, state, postal code, phone, website, HRSA geocoding coordinates, county/FIPS, operating hours per week, site status, and location setting. Site status: Active. Location setting: All Other Clinic Types. Operational schedule: Full-Time. Daily hours, services, price, insurance, and accessibility fields were not supplied by this intake.",BPS-H80-008815,Health Center Service Delivery and Look-Alike Sites,2026-06-19,2026-06-19,needs_review,
hrsa-bps-h80-000686,SHEAKLEYVILLE HEALTH CENTER,community_health_center,3339 Perry Hwy,Sheakleyville,PA,42,Mercer County,42085,16151-1103,41.44276997,-80.20809038,724-253-3428,www.primary-health.net,,,,,,,,,HRSA operating hours per week: 45.50,unknown,,,,,,,,,HRSA Health Center Service Delivery and Look-Alike Sites,https://data.hrsa.gov/DataDownload/DD_Files/Health_Center_Service_Delivery_and_LookAlike_Sites.csv,2026-06-19,"Fields copied from the official HRSA CSV: site name, address, city, state, postal code, phone, website, HRSA geocoding coordinates, county/FIPS, operating hours per week, site status, and location setting. Site status: Active. Location setting: All Other Clinic Types. Operational schedule: Full-Time. Daily hours, services, price, insurance, and accessibility fields were not supplied by this intake.",BPS-H80-000686,Health Center Service Delivery and Look-Alike Sites,2026-06-19,2026-06-19,needs_review,
hrsa-bps-h80-033645,Hyndman Area Health Center (DBA Everett Family Health Center),community_health_center,14 E 3rd Ave,Everett,PA,42,Bedford County,42009,15537-1305,40.00723821,-78.36867691,814-565-3239,www.hyndmanhealth.org,,,,,,,,,HRSA operating hours per week: 24.00,unknown,,,,,,,,,HRSA Health Center Service Delivery and Look-Alike Sites,https://data.hrsa.gov/DataDownload/DD_Files/Health_Center_Service_Delivery_and_LookAlike_Sites.csv,2026-06-19,"Fields copied from the official HRSA CSV: site name, address, city, state, postal code, phone, website, HRSA geocoding coordinates, county/FIPS, operating hours per week, site status, and location setting. Site status: Active. Location setting: All Other Clinic Types. Operational schedule: Unknown. Daily hours, services, price, insurance, and accessibility fields were not supplied by this intake.",BPS-H80-033645,Health Center Service Delivery and Look-Alike Sites,2026-06-19,2026-06-19,needs_review,
hrsa-bps-h80-038771,"Scranton Primary Health Care Center, Inc. Administrative Offices",community_health_center,921 Wyoming Ave,Scranton,PA,42,Lackawanna County,42069,18509-3023,41.41691591,-75.65613228,570-344-3517,scrantonprimary.org,,,,,,,,,,unknown,,,,,,,,,HRSA Health Center Service Delivery and Look-Alike Sites,https://data.hrsa.gov/DataDownload/DD_Files/Health_Center_Service_Delivery_and_LookAlike_Sites.csv,2026-06-19,"Fields copied from the official HRSA CSV: site name, address, city, state, postal code, phone, website, HRSA geocoding coordinates, county/FIPS, operating hours per week, site status, and location setting. Site status: Active. Location setting: All Other Clinic Types. Operational schedule: Unknown. Daily hours, services, price, insurance, and accessibility fields were not supplied by this intake.",BPS-H80-038771,Health Center Service Delivery and Look-Alike Sites,2026-06-19,2026-06-19,needs_review,
hrsa-bps-h80-025000,Ridgway Area Medical Center,community_health_center,49 Ridgmont Dr,Ridgway,PA,42,Elk County,42047,15853-9799,41.43467942,-78.74408258,814-245-2119,,,,,,,,,,HRSA operating hours per week: 50.50,unknown,,,,,,,,,HRSA Health Center Service Delivery and Look-Alike Sites,https://data.hrsa.gov/DataDownload/DD_Files/Health_Center_Service_Delivery_and_LookAlike_Sites.csv,2026-06-19,"Fields copied from the official HRSA CSV: site name, address, city, state, postal code, phone, website, HRSA geocoding coordinates, county/FIPS, operating hours per week, site status, and location setting. Site status: Active. Location setting: All Other Clinic Types. Operational schedule: Unknown. Daily hours, services, price, insurance, and accessibility fields were not supplied by this intake.",BPS-H80-025000,Health Center Service Delivery and Look-Alike Sites,2026-06-19,2026-06-19,needs_review,
hrsa-bps-h80-000827,HILL HOUSE HEALTH CENTER,community_health_center,1835 Centre Ave,Pittsburgh,PA,42,Allegheny County,42003,15219-4396,40.44312894,-79.98187669,412-261-0937,N/A,,,,,,,,,HRSA operating hours per week: 40.00,unknown,,,,,,,,,HRSA Health Center Service Delivery and Look-Alike Sites,https://data.hrsa.gov/DataDownload/DD_Files/Health_Center_Service_Delivery_and_LookAlike_Sites.csv,2026-06-19,"Fields copied from the official HRSA CSV: site name, address, city, state, postal code, phone, website, HRSA geocoding coordinates, county/FIPS, operating hours per week, site status, and location setting. Site status: Active. Location setting: All Other Clinic Types. Operational schedule: Full-Time. Daily hours, services, price, insurance, and accessibility fields were not supplied by this intake.",BPS-H80-000827,Health Center Service Delivery and Look-Alike Sites,2026-06-19,2026-06-19,needs_review,
hrsa-bps-h80-010694,Keystone Women's Care Fifth Avenue,community_health_center,830 5th Ave STE 202,Chambersburg,PA,42,Franklin County,42055,17201-4224,39.94593410,-77.63763137,717-709-7990,www.keystonewomenscare.org,,,,,,,,,HRSA operating hours per week: 46.00,unknown,,,,,,,,,HRSA Health Center Service Delivery and Look-Alike Sites,https://data.hrsa.gov/DataDownload/DD_Files/Health_Center_Service_Delivery_and_LookAlike_Sites.csv,2026-06-19,"Fields copied from the official HRSA CSV: site name, address, city, state, postal code, phone, website, HRSA geocoding coordinates, county/FIPS, operating hours per week, site status, and location setting. Site status: Active. Location setting: All Other Clinic Types. Operational schedule: Full-Time. Daily hours, services, price, insurance, and accessibility fields were not supplied by this intake.",BPS-H80-010694,Health Center Service Delivery and Look-Alike Sites,2026-06-19,2026-06-19,needs_review,
hrsa-bps-h80-027329,BTAMC Walk In Clinic,community_health_center,6678 Towne Center Blvd,Huntingdon,PA,42,Huntingdon County,42061,16652-6934,40.49144756,-78.04525632,814-635-7351,,,,,,,,,,HRSA operating hours per week: 84.00,unknown,,,,,,,,,HRSA Health Center Service Delivery and Look-Alike Sites,https://data.hrsa.gov/DataDownload/DD_Files/Health_Center_Service_Delivery_and_LookAlike_Sites.csv,2026-06-19,"Fields copied from the official HRSA CSV: site name, address, city, state, postal code, phone, website, HRSA geocoding coordinates, county/FIPS, operating hours per week, site status, and location setting. Site status: Active. Location setting: All Other Clinic Types. Operational schedule: Unknown. Daily hours, services, price, insurance, and accessibility fields were not supplied by this intake.",BPS-H80-027329,Health Center Service Delivery and Look-Alike Sites,2026-06-19,2026-06-19,needs_review,
hrsa-bps-h80-020964,Lackawanna College,community_health_center,406 N Washington Ave,Scranton,PA,42,Lackawanna County,42069,18503-1306,41.41044759,-75.66035877,570-344-9684,www.scrantonprimary.org,,,,,,,,,HRSA operating hours per week: 8.00,unknown,,,,,,,,,HRSA Health Center Service Delivery and Look-Alike Sites,https://data.hrsa.gov/DataDownload/DD_Files/Health_Center_Service_Delivery_and_LookAlike_Sites.csv,2026-06-19,"Fields copied from the official HRSA CSV: site name, address, city, state, postal code, phone, website, HRSA geocoding coordinates, county/FIPS, operating hours per week, site status, and location setting. Site status: Active. Location setting: School. Operational schedule: Unknown. Daily hours, services, price, insurance, and accessibility fields were not supplied by this intake.",BPS-H80-020964,Health Center Service Delivery and Look-Alike Sites,2026-06-19,2026-06-19,needs_review,
hrsa-bps-h80-001039,BLOSSBURG LAUREL HEALTH CENTER,community_health_center,6 Riverside Plz,Blossburg,PA,42,Tioga County,42117,16912-1137,41.68023126,-77.06575709,570-638-2174,N/A,,,,,,,,,HRSA operating hours per week: 48.00,unknown,,,,,,,,,HRSA Health Center Service Delivery and Look-Alike Sites,https://data.hrsa.gov/DataDownload/DD_Files/Health_Center_Service_Delivery_and_LookAlike_Sites.csv,2026-06-19,"Fields copied from the official HRSA CSV: site name, address, city, state, postal code, phone, website, HRSA geocoding coordinates, county/FIPS, operating hours per week, site status, and location setting. Site status: Active. Location setting: All Other Clinic Types. Operational schedule: Full-Time. Daily hours, services, price, insurance, and accessibility fields were not supplied by this intake.",BPS-H80-001039,Health Center Service Delivery and Look-Alike Sites,2026-06-19,2026-06-19,needs_review,
hrsa-bps-h80-018586,Columbia Center,community_health_center,369 Locust St,Columbia,PA,42,Lancaster County,42071,17512-1383,40.03284652,-76.50142568,717-352-2577,,,,,,,,,,HRSA operating hours per week: 54.00,unknown,,,,,,,,,HRSA Health Center Service Delivery and Look-Alike Sites,https://data.hrsa.gov/DataDownload/DD_Files/Health_Center_Service_Delivery_and_LookAlike_Sites.csv,2026-06-19,"Fields copied from the official HRSA CSV: site name, address, city, state, postal code, phone, website, HRSA geocoding coordinates, county/FIPS, operating hours per week, site status, and location setting. Site status: Active. Location setting: All Other Clinic Types. Operational schedule: Unknown. Daily hours, services, price, insurance, and accessibility fields were not supplied by this intake.",BPS-H80-018586,Health Center Service Delivery and Look-Alike Sites,2026-06-19,2026-06-19,needs_review,
hrsa-bps-h80-041662,Philadelphia District Health Center #2,community_health_center,"1700 S Broad St, Apartment 201",Philadelphia,PA,42,Philadelphia County,42101,19145-2340,39.92908011,-75.16959868,215-686-1810,,,,,,,,,,HRSA operating hours per week: 50.00,unknown,,,,,,,,,HRSA Health Center Service Delivery and Look-Alike Sites,https://data.hrsa.gov/DataDownload/DD_Files/Health_Center_Service_Delivery_and_LookAlike_Sites.csv,2026-06-19,"Fields copied from the official HRSA CSV: site name, address, city, state, postal code, phone, website, HRSA geocoding coordinates, county/FIPS, operating hours per week, site status, and location setting. Site status: Active. Location setting: All Other Clinic Types. Operational schedule: Unknown. Daily hours, services, price, insurance, and accessibility fields were not supplied by this intake.",BPS-H80-041662,Health Center Service Delivery and Look-Alike Sites,2026-06-19,2026-06-19,needs_review,
hrsa-bps-lal-040961,Fair Hill Community Physicians- Hunting Park,community_health_center,133 W Hunting Park Ave,Philadelphia,PA,42,Philadelphia County,42101,19140-2717,40.01499637,-75.12815830,215-324-0600,www.fairhillphysicians.org,,,,,,,,,HRSA operating hours per week: 43.50,unknown,,,,,,,,,HRSA Health Center Service Delivery and Look-Alike Sites,https://data.hrsa.gov/DataDownload/DD_Files/Health_Center_Service_Delivery_and_LookAlike_Sites.csv,2026-06-19,"Fields copied from the official HRSA CSV: site name, address, city, state, postal code, phone, website, HRSA geocoding coordinates, county/FIPS, operating hours per week, site status, and location setting. Site status: Active. Location setting: All Other Clinic Types. Operational schedule: Unknown. Daily hours, services, price, insurance, and accessibility fields were not supplied by this intake.",BPS-LAL-040961,Health Center Service Delivery and Look-Alike Sites,2026-06-19,2026-06-19,needs_review,
hrsa-bps-h80-036871,AbsoluteCare Pittsburgh,community_health_center,7301 Penn Ave,Pittsburgh,PA,42,Allegheny County,42003,15208-2528,40.44877181,-79.89876375,412-517-3000,,,,,,,,,,HRSA operating hours per week: 40.00,unknown,,,,,,,,,HRSA Health Center Service Delivery and Look-Alike Sites,https://data.hrsa.gov/DataDownload/DD_Files/Health_Center_Service_Delivery_and_LookAlike_Sites.csv,2026-06-19,"Fields copied from the official HRSA CSV: site name, address, city, state, postal code, phone, website, HRSA geocoding coordinates, county/FIPS, operating hours per week, site status, and location setting. Site status: Active. Location setting: All Other Clinic Types. Operational schedule: Unknown. Daily hours, services, price, insurance, and accessibility fields were not supplied by this intake.",BPS-H80-036871,Health Center Service Delivery and Look-Alike Sites,2026-06-19,2026-06-19,needs_review,
hrsa-bps-h80-038707,MEADE FAMILY HEALTH CENTER,community_health_center,1600 N 18th St,Philadelphia,PA,42,Philadelphia County,42101,19121-3232,39.97811723,-75.16465179,215-457-6902,www.qchc.org,,,,,,,,,HRSA operating hours per week: 40.00,unknown,,,,,,,,,HRSA Health Center Service Delivery and Look-Alike Sites,https://data.hrsa.gov/DataDownload/DD_Files/Health_Center_Service_Delivery_and_LookAlike_Sites.csv,2026-06-19,"Fields copied from the official HRSA CSV: site name, address, city, state, postal code, phone, website, HRSA geocoding coordinates, county/FIPS, operating hours per week, site status, and location setting. Site status: Active. Location setting: School. Operational schedule: Unknown. Daily hours, services, price, insurance, and accessibility fields were not supplied by this intake.",BPS-H80-038707,Health Center Service Delivery and Look-Alike Sites,2026-06-19,2026-06-19,needs_review,
hrsa-bps-h80-039226,MCKINNEY CLINIC,community_health_center,90 Union St,Wilkes Barre,PA,42,Luzerne County,42079,18705,41.27561313,-75.82539011,570-825-0881,www.rhcnepa.com/locations,,,,,,,,,HRSA operating hours per week: 32.00,unknown,,,,,,,,,HRSA Health Center Service Delivery and Look-Alike Sites,https://data.hrsa.gov/DataDownload/DD_Files/Health_Center_Service_Delivery_and_LookAlike_Sites.csv,2026-06-19,"Fields copied from the official HRSA CSV: site name, address, city, state, postal code, phone, website, HRSA geocoding coordinates, county/FIPS, operating hours per week, site status, and location setting. Site status: Active. Location setting: All Other Clinic Types. Operational schedule: Unknown. Daily hours, services, price, insurance, and accessibility fields were not supplied by this intake.",BPS-H80-039226,Health Center Service Delivery and Look-Alike Sites,2026-06-19,2026-06-19,needs_review,
hrsa-bps-h80-028288,"Southern Tier Community Health Center Network, Bradford site",community_health_center,159 Interstate Pkwy,Bradford,PA,42,McKean County,42083,16701-1013,41.96177901,-78.66126099,716-701-7555,,,,,,,,,,HRSA operating hours per week: 45.00,unknown,,,,,,,,,HRSA Health Center Service Delivery and Look-Alike Sites,https://data.hrsa.gov/DataDownload/DD_Files/Health_Center_Service_Delivery_and_LookAlike_Sites.csv,2026-06-19,"Fields copied from the official HRSA CSV: site name, address, city, state, postal code, phone, website, HRSA geocoding coordinates, county/FIPS, operating hours per week, site status, and location setting. Site status: Active. Location setting: All Other Clinic Types. Operational schedule: Unknown. Daily hours, services, price, insurance, and accessibility fields were not supplied by this intake.",BPS-H80-028288,Health Center Service Delivery and Look-Alike Sites,2026-06-19,2026-06-19,needs_review,
hrsa-bps-h80-027526,River Valley Health - Express and Specialty Care,community_health_center,431 Hepburn St,Williamsport,PA,42,Lycoming County,42081,17701-6122,41.24141306,-77.00695804,570-567-5400,www.rivervalleyhealthpa.org,,,,,,,,,HRSA operating hours per week: 59.50,unknown,,,,,,,,,HRSA Health Center Service Delivery and Look-Alike Sites,https://data.hrsa.gov/DataDownload/DD_Files/Health_Center_Service_Delivery_and_LookAlike_Sites.csv,2026-06-19,"Fields copied from the official HRSA CSV: site name, address, city, state, postal code, phone, website, HRSA geocoding coordinates, county/FIPS, operating hours per week, site status, and location setting. Site status: Active. Location setting: All Other Clinic Types. Operational schedule: Unknown. Daily hours, services, price, insurance, and accessibility fields were not supplied by this intake.",BPS-H80-027526,Health Center Service Delivery and Look-Alike Sites,2026-06-19,2026-06-19,needs_review,
hrsa-bps-h80-001317,"North Penn Comprehensive Health Services, Laurel Health and Wellness Center and Administration",community_health_center,40 W Wellsboro St,Mansfield,PA,42,Tioga County,42117,16933-1497,41.80723339,-77.07933778,570-662-1945,N/A,,,,,,,,,HRSA operating hours per week: 50.50,unknown,,,,,,,,,HRSA Health Center Service Delivery and Look-Alike Sites,https://data.hrsa.gov/DataDownload/DD_Files/Health_Center_Service_Delivery_and_LookAlike_Sites.csv,2026-06-19,"Fields copied from the official HRSA CSV: site name, address, city, state, postal code, phone, website, HRSA geocoding coordinates, county/FIPS, operating hours per week, site status, and location setting. Site status: Active. Location setting: All Other Clinic Types. Operational schedule: Full-Time. Daily hours, services, price, insurance, and accessibility fields were not supplied by this intake.",BPS-H80-001317,Health Center Service Delivery and Look-Alike Sites,2026-06-19,2026-06-19,needs_review,
hrsa-bps-lal-039963,Star Community Health Administration & Enabling Southside- Bethlehem,community_health_center,"511 E 3rd St, Suite 202",Bethlehem,PA,42,Northampton County,42095,18015-2180,40.61244196,-75.37153406,484-503-7827,,,,,,,,,,HRSA operating hours per week: 40.00,unknown,,,,,,,,,HRSA Health Center Service Delivery and Look-Alike Sites,https://data.hrsa.gov/DataDownload/DD_Files/Health_Center_Service_Delivery_and_LookAlike_Sites.csv,2026-06-19,"Fields copied from the official HRSA CSV: site name, address, city, state, postal code, phone, website, HRSA geocoding coordinates, county/FIPS, operating hours per week, site status, and location setting. Site status: Active. Location setting: Unknown. Operational schedule: Unknown. Daily hours, services, price, insurance, and accessibility fields were not supplied by this intake.",BPS-LAL-039963,Health Center Service Delivery and Look-Alike Sites,2026-06-19,2026-06-19,needs_review,
hrsa-bps-lal-036557,Metro Community Health Center,community_health_center,1789 S Braddock Ave STE 395,Pittsburgh,PA,42,Allegheny County,42003,15218-1868,40.42423362,-79.88756779,412-247-2310,metrocommunityhealthcenter.org,,,,,,,,,HRSA operating hours per week: 46.00,unknown,,,,,,,,,HRSA Health Center Service Delivery and Look-Alike Sites,https://data.hrsa.gov/DataDownload/DD_Files/Health_Center_Service_Delivery_and_LookAlike_Sites.csv,2026-06-19,"Fields copied from the official HRSA CSV: site name, address, city, state, postal code, phone, website, HRSA geocoding coordinates, county/FIPS, operating hours per week, site status, and location setting. Site status: Active. Location setting: All Other Clinic Types. Operational schedule: Unknown. Daily hours, services, price, insurance, and accessibility fields were not supplied by this intake.",BPS-LAL-036557,Health Center Service Delivery and Look-Alike Sites,2026-06-19,2026-06-19,needs_review,
hrsa-bps-h80-011224,"Community Health Clinic,Inc - Dental Services",community_health_center,947 4th Ave,New Kensington,PA,42,Westmoreland County,42129,15068-6409,40.56591605,-79.76652295,724-335-2862,,,,,,,,,,HRSA operating hours per week: 40.00,unknown,,,,,,,,,HRSA Health Center Service Delivery and Look-Alike Sites,https://data.hrsa.gov/DataDownload/DD_Files/Health_Center_Service_Delivery_and_LookAlike_Sites.csv,2026-06-19,"Fields copied from the official HRSA CSV: site name, address, city, state, postal code, phone, website, HRSA geocoding coordinates, county/FIPS, operating hours per week, site status, and location setting. Site status: Active. Location setting: All Other Clinic Types. Operational schedule: Full-Time. Daily hours, services, price, insurance, and accessibility fields were not supplied by this intake.",BPS-H80-011224,Health Center Service Delivery and Look-Alike Sites,2026-06-19,2026-06-19,needs_review,
hrsa-bps-h80-001529,UNIONTOWN FAMILY DOCTORS,community_health_center,86 McClellandtown Rd,Uniontown,PA,42,Fayette County,42051,15401-5527,39.90257619,-79.73588552,724-430-7990,www.centervilleclinics.com,,,,,,,,,HRSA operating hours per week: 46.00,unknown,,,,,,,,,HRSA Health Center Service Delivery and Look-Alike Sites,https://data.hrsa.gov/DataDownload/DD_Files/Health_Center_Service_Delivery_and_LookAlike_Sites.csv,2026-06-19,"Fields copied from the official HRSA CSV: site name, address, city, state, postal code, phone, website, HRSA geocoding coordinates, county/FIPS, operating hours per week, site status, and location setting. Site status: Active. Location setting: All Other Clinic Types. Operational schedule: Full-Time. Daily hours, services, price, insurance, and accessibility fields were not supplied by this intake.",BPS-H80-001529,Health Center Service Delivery and Look-Alike Sites,2026-06-19,2026-06-19,needs_review,
hrsa-bps-h80-011320,Charleroi Medical & Dental Center,community_health_center,200 Chamber Plz,Charleroi,PA,42,Washington County,42125,15022-1605,40.14058021,-79.89710447,724-483-5482,,,,,,,,,,HRSA operating hours per week: 40.00,unknown,,,,,,,,,HRSA Health Center Service Delivery and Look-Alike Sites,https://data.hrsa.gov/DataDownload/DD_Files/Health_Center_Service_Delivery_and_LookAlike_Sites.csv,2026-06-19,"Fields copied from the official HRSA CSV: site name, address, city, state, postal code, phone, website, HRSA geocoding coordinates, county/FIPS, operating hours per week, site status, and location setting. Site status: Active. Location setting: All Other Clinic Types. Operational schedule: Full-Time. Daily hours, services, price, insurance, and accessibility fields were not supplied by this intake.",BPS-H80-011320,Health Center Service Delivery and Look-Alike Sites,2026-06-19,2026-06-19,needs_review,
hrsa-bps-lal-027817,The Wright Center for Community Health Northeast Scranton Intermediate School,community_health_center,721 Adams Ave,Scranton,PA,42,Lackawanna County,42069,18510-1603,41.41419644,-75.65526735,570-591-5280,www.thewrightcenter.org,,,,,,,,,HRSA operating hours per week: 1.00,unknown,,,,,,,,,HRSA Health Center Service Delivery and Look-Alike Sites,https://data.hrsa.gov/DataDownload/DD_Files/Health_Center_Service_Delivery_and_LookAlike_Sites.csv,2026-06-19,"Fields copied from the official HRSA CSV: site name, address, city, state, postal code, phone, website, HRSA geocoding coordinates, county/FIPS, operating hours per week, site status, and location setting. Site status: Active. Location setting: School. Operational schedule: Unknown. Daily hours, services, price, insurance, and accessibility fields were not supplied by this intake.",BPS-LAL-027817,Health Center Service Delivery and Look-Alike Sites,2026-06-19,2026-06-19,needs_review,
hrsa-bps-h80-017178,Pinnacle Family Health Center,community_health_center,132 Manly Rd,Tafton,PA,42,Pike County,42103,18464-7829,41.42310770,-75.19532986,570-226-2151,,,,,,,,,,HRSA operating hours per week: 43.00,unknown,,,,,,,,,HRSA Health Center Service Delivery and Look-Alike Sites,https://data.hrsa.gov/DataDownload/DD_Files/Health_Center_Service_Delivery_and_LookAlike_Sites.csv,2026-06-19,"Fields copied from the official HRSA CSV: site name, address, city, state, postal code, phone, website, HRSA geocoding coordinates, county/FIPS, operating hours per week, site status, and location setting. Site status: Active. Location setting: All Other Clinic Types. Operational schedule: Unknown. Daily hours, services, price, insurance, and accessibility fields were not supplied by this intake.",BPS-H80-017178,Health Center Service Delivery and Look-Alike Sites,2026-06-19,2026-06-19,needs_review,
hrsa-bps-h80-041288,Hilltop Community Health Center of Cornerstone Care,community_health_center,151 Ruth St,Pittsburgh,PA,42,Allegheny County,42003,15211-2384,40.42289880,-80.00473976,412-431-3520,,,,,,,,,,HRSA operating hours per week: 40.00,unknown,,,,,,,,,HRSA Health Center Service Delivery and Look-Alike Sites,https://data.hrsa.gov/DataDownload/DD_Files/Health_Center_Service_Delivery_and_LookAlike_Sites.csv,2026-06-19,"Fields copied from the official HRSA CSV: site name, address, city, state, postal code, phone, website, HRSA geocoding coordinates, county/FIPS, operating hours per week, site status, and location setting. Site status: Active. Location setting: All Other Clinic Types. Operational schedule: Unknown. Daily hours, services, price, insurance, and accessibility fields were not supplied by this intake.",BPS-H80-041288,Health Center Service Delivery and Look-Alike Sites,2026-06-19,2026-06-19,needs_review,
hrsa-bps-lal-037665,Washington West,community_health_center,1201 Locust St,Philadelphia,PA,42,Philadelphia County,42101,19107-5409,39.94780737,-75.16102592,215-985-9206,mazzonicenter.org,,,,,,,,,HRSA operating hours per week: 56.00,unknown,,,,,,,,,HRSA Health Center Service Delivery and Look-Alike Sites,https://data.hrsa.gov/DataDownload/DD_Files/Health_Center_Service_Delivery_and_LookAlike_Sites.csv,2026-06-19,"Fields copied from the official HRSA CSV: site name, address, city, state, postal code, phone, website, HRSA geocoding coordinates, county/FIPS, operating hours per week, site status, and location setting. Site status: Active. Location setting: All Other Clinic Types. Operational schedule: Unknown. Daily hours, services, price, insurance, and accessibility fields were not supplied by this intake.",BPS-LAL-037665,Health Center Service Delivery and Look-Alike Sites,2026-06-19,2026-06-19,needs_review,
hrsa-bps-h80-009237,Parkview Women and Children's Health Center,community_health_center,841 E Hunting Park Ave,Philadelphia,PA,42,Philadelphia County,42101,19124-4800,40.01205001,-75.11035203,215-537-7695,,,,,,,,,,HRSA operating hours per week: 40.00,unknown,,,,,,,,,HRSA Health Center Service Delivery and Look-Alike Sites,https://data.hrsa.gov/DataDownload/DD_Files/Health_Center_Service_Delivery_and_LookAlike_Sites.csv,2026-06-19,"Fields copied from the official HRSA CSV: site name, address, city, state, postal code, phone, website, HRSA geocoding coordinates, county/FIPS, operating hours per week, site status, and location setting. Site status: Active. Location setting: All Other Clinic Types. Operational schedule: Full-Time. Daily hours, services, price, insurance, and accessibility fields were not supplied by this intake.",BPS-H80-009237,Health Center Service Delivery and Look-Alike Sites,2026-06-19,2026-06-19,needs_review,
hrsa-bps-h80-018508,Hyndman Area Health Center-Bedford Clinic,community_health_center,104 Railroad St,Bedford,PA,42,Bedford County,42009,15522-1013,40.02171434,-78.50321216,814-263-5804,www.hyndmanhealth.org,,,,,,,,,HRSA operating hours per week: 44.00,unknown,,,,,,,,,HRSA Health Center Service Delivery and Look-Alike Sites,https://data.hrsa.gov/DataDownload/DD_Files/Health_Center_Service_Delivery_and_LookAlike_Sites.csv,2026-06-19,"Fields copied from the official HRSA CSV: site name, address, city, state, postal code, phone, website, HRSA geocoding coordinates, county/FIPS, operating hours per week, site status, and location setting. Site status: Active. Location setting: All Other Clinic Types. Operational schedule: Unknown. Daily hours, services, price, insurance, and accessibility fields were not supplied by this intake.",BPS-H80-018508,Health Center Service Delivery and Look-Alike Sites,2026-06-19,2026-06-19,needs_review,
hrsa-bps-h80-032544,PHMC Health Center on Cedar Avenue,community_health_center,501 S 54th St,Philadelphia,PA,42,Philadelphia County,42101,19143-1996,39.95170001,-75.22954999,215-240-4820,,,,,,,,,,HRSA operating hours per week: 37.50,unknown,,,,,,,,,HRSA Health Center Service Delivery and Look-Alike Sites,https://data.hrsa.gov/DataDownload/DD_Files/Health_Center_Service_Delivery_and_LookAlike_Sites.csv,2026-06-19,"Fields copied from the official HRSA CSV: site name, address, city, state, postal code, phone, website, HRSA geocoding coordinates, county/FIPS, operating hours per week, site status, and location setting. Site status: Active. Location setting: All Other Clinic Types. Operational schedule: Unknown. Daily hours, services, price, insurance, and accessibility fields were not supplied by this intake.",BPS-H80-032544,Health Center Service Delivery and Look-Alike Sites,2026-06-19,2026-06-19,needs_review,
hrsa-bps-lal-039560,The Wright Center for Community Health Friendship House Practice,community_health_center,200 Wyoming Ave,Scranton,PA,42,Lackawanna County,42069,18503-1412,41.40880939,-75.66477453,570-230-0019,,,,,,,,,,HRSA operating hours per week: 40.00,unknown,,,,,,,,,HRSA Health Center Service Delivery and Look-Alike Sites,https://data.hrsa.gov/DataDownload/DD_Files/Health_Center_Service_Delivery_and_LookAlike_Sites.csv,2026-06-19,"Fields copied from the official HRSA CSV: site name, address, city, state, postal code, phone, website, HRSA geocoding coordinates, county/FIPS, operating hours per week, site status, and location setting. Site status: Active. Location setting: All Other Clinic Types. Operational schedule: Unknown. Daily hours, services, price, insurance, and accessibility fields were not supplied by this intake.",BPS-LAL-039560,Health Center Service Delivery and Look-Alike Sites,2026-06-19,2026-06-19,needs_review,
hrsa-bps-h80-038775,Hyndman Area Health Center,community_health_center,"1 Corporate Dr, Ste 107",Bedford,PA,42,Bedford County,42009,15522-7941,40.08165090,-78.51842372,814-709-9803,,,,,,,,,,HRSA operating hours per week: 40.00,unknown,,,,,,,,,HRSA Health Center Service Delivery and Look-Alike Sites,https://data.hrsa.gov/DataDownload/DD_Files/Health_Center_Service_Delivery_and_LookAlike_Sites.csv,2026-06-19,"Fields copied from the official HRSA CSV: site name, address, city, state, postal code, phone, website, HRSA geocoding coordinates, county/FIPS, operating hours per week, site status, and location setting. Site status: Active. Location setting: All Other Clinic Types. Operational schedule: Unknown. Daily hours, services, price, insurance, and accessibility fields were not supplied by this intake.",BPS-H80-038775,Health Center Service Delivery and Look-Alike Sites,2026-06-19,2026-06-19,needs_review,
hrsa-bps-h80-033831,Women's Health Center,community_health_center,626 Park St,Honesdale,PA,42,Wayne County,42127,18431-1446,41.57552767,-75.26093183,570-251-8504,wmchc.net,,,,,,,,,HRSA operating hours per week: 46.50,unknown,,,,,,,,,HRSA Health Center Service Delivery and Look-Alike Sites,https://data.hrsa.gov/DataDownload/DD_Files/Health_Center_Service_Delivery_and_LookAlike_Sites.csv,2026-06-19,"Fields copied from the official HRSA CSV: site name, address, city, state, postal code, phone, website, HRSA geocoding coordinates, county/FIPS, operating hours per week, site status, and location setting. Site status: Active. Location setting: All Other Clinic Types. Operational schedule: Unknown. Daily hours, services, price, insurance, and accessibility fields were not supplied by this intake.",BPS-H80-033831,Health Center Service Delivery and Look-Alike Sites,2026-06-19,2026-06-19,needs_review,
hrsa-bps-h80-014159,Rochester Health Center,community_health_center,176 Virginia Ave,Rochester,PA,42,Beaver County,42007,15074-1784,40.70247576,-80.27714717,724-770-9095,https://primary-health.net,,,,,,,,,HRSA operating hours per week: 49.00,unknown,,,,,,,,,HRSA Health Center Service Delivery and Look-Alike Sites,https://data.hrsa.gov/DataDownload/DD_Files/Health_Center_Service_Delivery_and_LookAlike_Sites.csv,2026-06-19,"Fields copied from the official HRSA CSV: site name, address, city, state, postal code, phone, website, HRSA geocoding coordinates, county/FIPS, operating hours per week, site status, and location setting. Site status: Active. Location setting: All Other Clinic Types. Operational schedule: Unknown. Daily hours, services, price, insurance, and accessibility fields were not supplied by this intake.",BPS-H80-014159,Health Center Service Delivery and Look-Alike Sites,2026-06-19,2026-06-19,needs_review,
hrsa-bps-h80-015463,Philadelphia District Health Center #10,community_health_center,2230 Cottman Ave,Philadelphia,PA,42,Philadelphia County,42101,19149-1298,40.04810162,-75.06154941,215-685-0639,http://www.phila.gov/health/index.html,,,,,,,,,HRSA operating hours per week: 44.50,unknown,,,,,,,,,HRSA Health Center Service Delivery and Look-Alike Sites,https://data.hrsa.gov/DataDownload/DD_Files/Health_Center_Service_Delivery_and_LookAlike_Sites.csv,2026-06-19,"Fields copied from the official HRSA CSV: site name, address, city, state, postal code, phone, website, HRSA geocoding coordinates, county/FIPS, operating hours per week, site status, and location setting. Site status: Active. Location setting: All Other Clinic Types. Operational schedule: Unknown. Daily hours, services, price, insurance, and accessibility fields were not supplied by this intake.",BPS-H80-015463,Health Center Service Delivery and Look-Alike Sites,2026-06-19,2026-06-19,needs_review,
hrsa-bps-h80-013550,Lebanon Dental,community_health_center,101 S 9th St,Lebanon,PA,42,Lebanon County,42075,17042-5108,40.33762182,-76.42672548,717-450-7015,www.welshmountain.org,,,,,,,,,HRSA operating hours per week: 53.00,unknown,,,,,,,,,HRSA Health Center Service Delivery and Look-Alike Sites,https://data.hrsa.gov/DataDownload/DD_Files/Health_Center_Service_Delivery_and_LookAlike_Sites.csv,2026-06-19,"Fields copied from the official HRSA CSV: site name, address, city, state, postal code, phone, website, HRSA geocoding coordinates, county/FIPS, operating hours per week, site status, and location setting. Site status: Active. Location setting: All Other Clinic Types. Operational schedule: Full-Time. Daily hours, services, price, insurance, and accessibility fields were not supplied by this intake.",BPS-H80-013550,Health Center Service Delivery and Look-Alike Sites,2026-06-19,2026-06-19,needs_review,
hrsa-bps-h80-021808,Hub of Hope,community_health_center,1401 Arch St,Philadelphia,PA,42,Philadelphia County,42101,19102-1525,39.95472387,-75.16362380,215-320-6187 x3211,,,,,,,,,,HRSA operating hours per week: 36.00,unknown,,,,,,,,,HRSA Health Center Service Delivery and Look-Alike Sites,https://data.hrsa.gov/DataDownload/DD_Files/Health_Center_Service_Delivery_and_LookAlike_Sites.csv,2026-06-19,"Fields copied from the official HRSA CSV: site name, address, city, state, postal code, phone, website, HRSA geocoding coordinates, county/FIPS, operating hours per week, site status, and location setting. Site status: Active. Location setting: All Other Clinic Types. Operational schedule: Unknown. Daily hours, services, price, insurance, and accessibility fields were not supplied by this intake.",BPS-H80-021808,Health Center Service Delivery and Look-Alike Sites,2026-06-19,2026-06-19,needs_review,
hrsa-bps-h80-031263,Lake Region Walk-in,community_health_center,273 Grandview Ave,Honesdale,PA,42,Wayne County,42127,18431-1163,41.55354080,-75.23570323,570-390-4545,,,,,,,,,,HRSA operating hours per week: 77.00,unknown,,,,,,,,,HRSA Health Center Service Delivery and Look-Alike Sites,https://data.hrsa.gov/DataDownload/DD_Files/Health_Center_Service_Delivery_and_LookAlike_Sites.csv,2026-06-19,"Fields copied from the official HRSA CSV: site name, address, city, state, postal code, phone, website, HRSA geocoding coordinates, county/FIPS, operating hours per week, site status, and location setting. Site status: Active. Location setting: All Other Clinic Types. Operational schedule: Unknown. Daily hours, services, price, insurance, and accessibility fields were not supplied by this intake.",BPS-H80-031263,Health Center Service Delivery and Look-Alike Sites,2026-06-19,2026-06-19,needs_review,
hrsa-bps-h80-036662,Mobile Van 2,community_health_center,1070 Old National Pike,Fredericktown,PA,42,Washington County,42125,15333-2114,40.04732341,-79.98363086,724-632-6801 x1100,,,,,,,,,,HRSA operating hours per week: 30.00,unknown,,,,,,,,,HRSA Health Center Service Delivery and Look-Alike Sites,https://data.hrsa.gov/DataDownload/DD_Files/Health_Center_Service_Delivery_and_LookAlike_Sites.csv,2026-06-19,"Fields copied from the official HRSA CSV: site name, address, city, state, postal code, phone, website, HRSA geocoding coordinates, county/FIPS, operating hours per week, site status, and location setting. Site status: Active. Location setting: All Other Clinic Types. Operational schedule: Unknown. Daily hours, services, price, insurance, and accessibility fields were not supplied by this intake.",BPS-H80-036662,Health Center Service Delivery and Look-Alike Sites,2026-06-19,2026-06-19,needs_review,
hrsa-bps-h80-002129,"SCRANTON PRIMARY HEALTH CARE CENTER, INC.",community_health_center,959 Wyoming Ave,Scranton,PA,42,Lackawanna County,42069,18509-3095,41.41828530,-75.65498941,570-344-9684,www.scrantonprimary.org,,,,,,,,,HRSA operating hours per week: 48.00,unknown,,,,,,,,,HRSA Health Center Service Delivery and Look-Alike Sites,https://data.hrsa.gov/DataDownload/DD_Files/Health_Center_Service_Delivery_and_LookAlike_Sites.csv,2026-06-19,"Fields copied from the official HRSA CSV: site name, address, city, state, postal code, phone, website, HRSA geocoding coordinates, county/FIPS, operating hours per week, site status, and location setting. Site status: Active. Location setting: All Other Clinic Types. Operational schedule: Full-Time. Daily hours, services, price, insurance, and accessibility fields were not supplied by this intake.",BPS-H80-002129,Health Center Service Delivery and Look-Alike Sites,2026-06-19,2026-06-19,needs_review,
hrsa-bps-h80-011762,Vida Nueva at Casa Guadalupe,community_health_center,218 N 2nd St,Allentown,PA,42,Lehigh County,42077,18102-3508,40.60880770,-75.46181856,610-841-8400,www.nhclv.org,,,,,,,,,HRSA operating hours per week: 66.00,unknown,,,,,,,,,HRSA Health Center Service Delivery and Look-Alike Sites,https://data.hrsa.gov/DataDownload/DD_Files/Health_Center_Service_Delivery_and_LookAlike_Sites.csv,2026-06-19,"Fields copied from the official HRSA CSV: site name, address, city, state, postal code, phone, website, HRSA geocoding coordinates, county/FIPS, operating hours per week, site status, and location setting. Site status: Active. Location setting: All Other Clinic Types. Operational schedule: Full-Time. Daily hours, services, price, insurance, and accessibility fields were not supplied by this intake.",BPS-H80-011762,Health Center Service Delivery and Look-Alike Sites,2026-06-19,2026-06-19,needs_review,
hrsa-bps-h80-002231,MCKEESPORT FAMILY HEALTH CENTER,community_health_center,627 Lysle Blvd,Mckeesport,PA,42,Allegheny County,42003,15132-2524,40.35220344,-79.85846716,412-644-4112,N/A,,,,,,,,,HRSA operating hours per week: 40.00,unknown,,,,,,,,,HRSA Health Center Service Delivery and Look-Alike Sites,https://data.hrsa.gov/DataDownload/DD_Files/Health_Center_Service_Delivery_and_LookAlike_Sites.csv,2026-06-19,"Fields copied from the official HRSA CSV: site name, address, city, state, postal code, phone, website, HRSA geocoding coordinates, county/FIPS, operating hours per week, site status, and location setting. Site status: Active. Location setting: All Other Clinic Types. Operational schedule: Full-Time. Daily hours, services, price, insurance, and accessibility fields were not supplied by this intake.",BPS-H80-002231,Health Center Service Delivery and Look-Alike Sites,2026-06-19,2026-06-19,needs_review,
hrsa-bps-lal-030243,Star Community Health Dental - Easton,community_health_center,100 N 3rd St FL 2,Easton,PA,42,Northampton County,42095,18042-1869,40.69339774,-75.20934072,484-503-8001,starcommunityhealth.org,,,,,,,,,HRSA operating hours per week: 42.50,unknown,,,,,,,,,HRSA Health Center Service Delivery and Look-Alike Sites,https://data.hrsa.gov/DataDownload/DD_Files/Health_Center_Service_Delivery_and_LookAlike_Sites.csv,2026-06-19,"Fields copied from the official HRSA CSV: site name, address, city, state, postal code, phone, website, HRSA geocoding coordinates, county/FIPS, operating hours per week, site status, and location setting. Site status: Active. Location setting: All Other Clinic Types. Operational schedule: Unknown. Daily hours, services, price, insurance, and accessibility fields were not supplied by this intake.",BPS-LAL-030243,Health Center Service Delivery and Look-Alike Sites,2026-06-19,2026-06-19,needs_review,
hrsa-bps-h80-002325,TOGETHER FOR HEALTH DENTAL CENTER,community_health_center,"600 Maple Ave, #7",Honesdale,PA,42,Wayne County,42127,18431-1459,41.57505501,-75.26864997,570-251-6534,WMH.org/WMCHC,,,,,,,,,HRSA operating hours per week: 49.00,unknown,,,,,,,,,HRSA Health Center Service Delivery and Look-Alike Sites,https://data.hrsa.gov/DataDownload/DD_Files/Health_Center_Service_Delivery_and_LookAlike_Sites.csv,2026-06-19,"Fields copied from the official HRSA CSV: site name, address, city, state, postal code, phone, website, HRSA geocoding coordinates, county/FIPS, operating hours per week, site status, and location setting. Site status: Active. Location setting: All Other Clinic Types. Operational schedule: Full-Time. Daily hours, services, price, insurance, and accessibility fields were not supplied by this intake.",BPS-H80-002325,Health Center Service Delivery and Look-Alike Sites,2026-06-19,2026-06-19,needs_review,
hrsa-bps-h80-033716,Cottman Community Health Center,community_health_center,3525 Cottman Ave,Philadelphia,PA,42,Philadelphia County,42101,19149-1607,40.03742174,-75.04171489,215-471-2761,www.spectrumhs.org,,,,,,,,,HRSA operating hours per week: 40.00,unknown,,,,,,,,,HRSA Health Center Service Delivery and Look-Alike Sites,https://data.hrsa.gov/DataDownload/DD_Files/Health_Center_Service_Delivery_and_LookAlike_Sites.csv,2026-06-19,"Fields copied from the official HRSA CSV: site name, address, city, state, postal code, phone, website, HRSA geocoding coordinates, county/FIPS, operating hours per week, site status, and location setting. Site status: Active. Location setting: All Other Clinic Types. Operational schedule: Unknown. Daily hours, services, price, insurance, and accessibility fields were not supplied by this intake.",BPS-H80-033716,Health Center Service Delivery and Look-Alike Sites,2026-06-19,2026-06-19,needs_review,
hrsa-bps-h80-024486,Washington Park Elementary,community_health_center,801 E Wheeling St,Washington,PA,42,Washington County,42125,15301-3746,40.16608835,-80.22545740,724-632-6801 x2258,,,,,,,,,,HRSA operating hours per week: 8.00,unknown,,,,,,,,,HRSA Health Center Service Delivery and Look-Alike Sites,https://data.hrsa.gov/DataDownload/DD_Files/Health_Center_Service_Delivery_and_LookAlike_Sites.csv,2026-06-19,"Fields copied from the official HRSA CSV: site name, address, city, state, postal code, phone, website, HRSA geocoding coordinates, county/FIPS, operating hours per week, site status, and location setting. Site status: Active. Location setting: School. Operational schedule: Unknown. Daily hours, services, price, insurance, and accessibility fields were not supplied by this intake.",BPS-H80-024486,Health Center Service Delivery and Look-Alike Sites,2026-06-19,2026-06-19,needs_review,
hrsa-bps-h80-040149,Keystone Pharmacy Fifth Avenue,community_health_center,"830 5th Ave, Ste 101",Chambersburg,PA,42,Franklin County,42055,17201-4224,39.94593410,-77.63763137,717-709-7977,,,,,,,,,,,unknown,,,,,,,,,HRSA Health Center Service Delivery and Look-Alike Sites,https://data.hrsa.gov/DataDownload/DD_Files/Health_Center_Service_Delivery_and_LookAlike_Sites.csv,2026-06-19,"Fields copied from the official HRSA CSV: site name, address, city, state, postal code, phone, website, HRSA geocoding coordinates, county/FIPS, operating hours per week, site status, and location setting. Site status: Active. Location setting: All Other Clinic Types. Operational schedule: Unknown. Daily hours, services, price, insurance, and accessibility fields were not supplied by this intake.",BPS-H80-040149,Health Center Service Delivery and Look-Alike Sites,2026-06-19,2026-06-19,needs_review,
hrsa-bps-h80-040329,"Southern Tier Community Health Center Network, Inc. - Bradford Dental",community_health_center,"23 Kennedy St, Suite 101",Bradford,PA,42,McKean County,42083,16701-2065,41.95686453,-78.64768063,716-375-7500,,,,,,,,,,HRSA operating hours per week: 40.00,unknown,,,,,,,,,HRSA Health Center Service Delivery and Look-Alike Sites,https://data.hrsa.gov/DataDownload/DD_Files/Health_Center_Service_Delivery_and_LookAlike_Sites.csv,2026-06-19,"Fields copied from the official HRSA CSV: site name, address, city, state, postal code, phone, website, HRSA geocoding coordinates, county/FIPS, operating hours per week, site status, and location setting. Site status: Active. Location setting: All Other Clinic Types. Operational schedule: Unknown. Daily hours, services, price, insurance, and accessibility fields were not supplied by this intake.",BPS-H80-040329,Health Center Service Delivery and Look-Alike Sites,2026-06-19,2026-06-19,needs_review,
hrsa-bps-h80-024523,California High School,community_health_center,11 Trojan Way,Coal Center,PA,42,Washington County,42125,15423-1059,40.04455553,-79.92620007,724-632-6801 x2258,,,,,,,,,,HRSA operating hours per week: 8.00,unknown,,,,,,,,,HRSA Health Center Service Delivery and Look-Alike Sites,https://data.hrsa.gov/DataDownload/DD_Files/Health_Center_Service_Delivery_and_LookAlike_Sites.csv,2026-06-19,"Fields copied from the official HRSA CSV: site name, address, city, state, postal code, phone, website, HRSA geocoding coordinates, county/FIPS, operating hours per week, site status, and location setting. Site status: Active. Location setting: School. Operational schedule: Unknown. Daily hours, services, price, insurance, and accessibility fields were not supplied by this intake.",BPS-H80-024523,Health Center Service Delivery and Look-Alike Sites,2026-06-19,2026-06-19,needs_review,
hrsa-bps-h80-041328,FPCSN at CB School,community_health_center,4101 Freeland Ave,Philadelphia,PA,42,Philadelphia County,42101,19128-3509,40.02643185,-75.21212275,267-597-3600,www.fpcn.com,,,,,,,,,HRSA operating hours per week: 47.50,unknown,,,,,,,,,HRSA Health Center Service Delivery and Look-Alike Sites,https://data.hrsa.gov/DataDownload/DD_Files/Health_Center_Service_Delivery_and_LookAlike_Sites.csv,2026-06-19,"Fields copied from the official HRSA CSV: site name, address, city, state, postal code, phone, website, HRSA geocoding coordinates, county/FIPS, operating hours per week, site status, and location setting. Site status: Active. Location setting: School. Operational schedule: Unknown. Daily hours, services, price, insurance, and accessibility fields were not supplied by this intake.",BPS-H80-041328,Health Center Service Delivery and Look-Alike Sites,2026-06-19,2026-06-19,needs_review,
hrsa-bps-h80-002448,REPUBLIC MEDICAL AND DENTAL CENTER,community_health_center,1006 Main St,Republic,PA,42,Fayette County,42051,15475-1012,39.96311202,-79.87793640,724-246-9434,www.centervilleclinics.com,,,,,,,,,HRSA operating hours per week: 40.00,unknown,,,,,,,,,HRSA Health Center Service Delivery and Look-Alike Sites,https://data.hrsa.gov/DataDownload/DD_Files/Health_Center_Service_Delivery_and_LookAlike_Sites.csv,2026-06-19,"Fields copied from the official HRSA CSV: site name, address, city, state, postal code, phone, website, HRSA geocoding coordinates, county/FIPS, operating hours per week, site status, and location setting. Site status: Active. Location setting: All Other Clinic Types. Operational schedule: Full-Time. Daily hours, services, price, insurance, and accessibility fields were not supplied by this intake.",BPS-H80-002448,Health Center Service Delivery and Look-Alike Sites,2026-06-19,2026-06-19,needs_review,
hrsa-bps-h80-002545,NEPA Community Health Care-Hallstead,community_health_center,25066 State Route 11,Hallstead,PA,42,Susquehanna County,42115,18822-8816,41.96577940,-75.73985911,570-879-5249,www.nepachc.org,,,,,,,,,HRSA operating hours per week: 50.00,unknown,,,,,,,,,HRSA Health Center Service Delivery and Look-Alike Sites,https://data.hrsa.gov/DataDownload/DD_Files/Health_Center_Service_Delivery_and_LookAlike_Sites.csv,2026-06-19,"Fields copied from the official HRSA CSV: site name, address, city, state, postal code, phone, website, HRSA geocoding coordinates, county/FIPS, operating hours per week, site status, and location setting. Site status: Active. Location setting: All Other Clinic Types. Operational schedule: Full-Time. Daily hours, services, price, insurance, and accessibility fields were not supplied by this intake.",BPS-H80-002545,Health Center Service Delivery and Look-Alike Sites,2026-06-19,2026-06-19,needs_review,
hrsa-bps-lal-040120,Star Community Health-Lansford,community_health_center,100 W Patterson St,Lansford,PA,42,Carbon County,42025,18232-1304,40.83083203,-75.88637939,272-639-5020,Starcommunityhealth.org,,,,,,,,,HRSA operating hours per week: 41.50,unknown,,,,,,,,,HRSA Health Center Service Delivery and Look-Alike Sites,https://data.hrsa.gov/DataDownload/DD_Files/Health_Center_Service_Delivery_and_LookAlike_Sites.csv,2026-06-19,"Fields copied from the official HRSA CSV: site name, address, city, state, postal code, phone, website, HRSA geocoding coordinates, county/FIPS, operating hours per week, site status, and location setting. Site status: Active. Location setting: All Other Clinic Types. Operational schedule: Unknown. Daily hours, services, price, insurance, and accessibility fields were not supplied by this intake.",BPS-LAL-040120,Health Center Service Delivery and Look-Alike Sites,2026-06-19,2026-06-19,needs_review,
hrsa-bps-h80-017596,"GPHA, INC. Medical Suite at Temple's Dental School",community_health_center,3223 N Broad St,Philadelphia,PA,42,Philadelphia County,42101,19140-5099,40.00236581,-75.15202183,215-925-2400,,,,,,,,,,HRSA operating hours per week: 40.00,unknown,,,,,,,,,HRSA Health Center Service Delivery and Look-Alike Sites,https://data.hrsa.gov/DataDownload/DD_Files/Health_Center_Service_Delivery_and_LookAlike_Sites.csv,2026-06-19,"Fields copied from the official HRSA CSV: site name, address, city, state, postal code, phone, website, HRSA geocoding coordinates, county/FIPS, operating hours per week, site status, and location setting. Site status: Active. Location setting: School. Operational schedule: Unknown. Daily hours, services, price, insurance, and accessibility fields were not supplied by this intake.",BPS-H80-017596,Health Center Service Delivery and Look-Alike Sites,2026-06-19,2026-06-19,needs_review,
hrsa-bps-h80-018439,Keystone School Health Center Sixth Street,community_health_center,511 S 6th St,Chambersburg,PA,42,Franklin County,42055,17201-3405,39.92860862,-77.65095475,717-709-7956,,,,,,,,,,HRSA operating hours per week: 20.00,unknown,,,,,,,,,HRSA Health Center Service Delivery and Look-Alike Sites,https://data.hrsa.gov/DataDownload/DD_Files/Health_Center_Service_Delivery_and_LookAlike_Sites.csv,2026-06-19,"Fields copied from the official HRSA CSV: site name, address, city, state, postal code, phone, website, HRSA geocoding coordinates, county/FIPS, operating hours per week, site status, and location setting. Site status: Active. Location setting: School. Operational schedule: Unknown. Daily hours, services, price, insurance, and accessibility fields were not supplied by this intake.",BPS-H80-018439,Health Center Service Delivery and Look-Alike Sites,2026-06-19,2026-06-19,needs_review,
hrsa-bps-h80-008101,Gettysburg Center,community_health_center,"1275 York Rd, Suite 17",Gettysburg,PA,42,Adams County,42001,17325-7565,39.84254048,-77.20091360,717-337-9400,www.familyfirsthealth.org,,,,,,,,,HRSA operating hours per week: 56.00,unknown,,,,,,,,,HRSA Health Center Service Delivery and Look-Alike Sites,https://data.hrsa.gov/DataDownload/DD_Files/Health_Center_Service_Delivery_and_LookAlike_Sites.csv,2026-06-19,"Fields copied from the official HRSA CSV: site name, address, city, state, postal code, phone, website, HRSA geocoding coordinates, county/FIPS, operating hours per week, site status, and location setting. Site status: Active. Location setting: All Other Clinic Types. Operational schedule: Full-Time. Daily hours, services, price, insurance, and accessibility fields were not supplied by this intake.",BPS-H80-008101,Health Center Service Delivery and Look-Alike Sites,2026-06-19,2026-06-19,needs_review,
hrsa-bps-h80-008795,Community Health Net Dental,community_health_center,1611 Peach St,Erie,PA,42,Erie County,42049,16501-2109,42.11960228,-80.07963583,814-456-8548,www.community-healthnet.com,,,,,,,,,HRSA operating hours per week: 40.00,unknown,,,,,,,,,HRSA Health Center Service Delivery and Look-Alike Sites,https://data.hrsa.gov/DataDownload/DD_Files/Health_Center_Service_Delivery_and_LookAlike_Sites.csv,2026-06-19,"Fields copied from the official HRSA CSV: site name, address, city, state, postal code, phone, website, HRSA geocoding coordinates, county/FIPS, operating hours per week, site status, and location setting. Site status: Active. Location setting: All Other Clinic Types. Operational schedule: Full-Time. Daily hours, services, price, insurance, and accessibility fields were not supplied by this intake.",BPS-H80-008795,Health Center Service Delivery and Look-Alike Sites,2026-06-19,2026-06-19,needs_review,
hrsa-bps-h80-034065,Honesdale Podiatry,community_health_center,600 Maple Ave,Honesdale,PA,42,Wayne County,42127,18431-1459,41.57505468,-75.26865014,570-253-8450,,,,,,,,,,HRSA operating hours per week: 36.00,unknown,,,,,,,,,HRSA Health Center Service Delivery and Look-Alike Sites,https://data.hrsa.gov/DataDownload/DD_Files/Health_Center_Service_Delivery_and_LookAlike_Sites.csv,2026-06-19,"Fields copied from the official HRSA CSV: site name, address, city, state, postal code, phone, website, HRSA geocoding coordinates, county/FIPS, operating hours per week, site status, and location setting. Site status: Active. Location setting: All Other Clinic Types. Operational schedule: Unknown. Daily hours, services, price, insurance, and accessibility fields were not supplied by this intake.",BPS-H80-034065,Health Center Service Delivery and Look-Alike Sites,2026-06-19,2026-06-19,needs_review,
hrsa-bps-h80-027542,FOREST CITY FAMILY HEALTH CENTER,community_health_center,100 Dundaff St,Forest City,PA,42,Susquehanna County,42115,18421-1317,41.65152810,-75.46894972,570-785-3194,WMCHC.NET,,,,,,,,,HRSA operating hours per week: 42.50,unknown,,,,,,,,,HRSA Health Center Service Delivery and Look-Alike Sites,https://data.hrsa.gov/DataDownload/DD_Files/Health_Center_Service_Delivery_and_LookAlike_Sites.csv,2026-06-19,"Fields copied from the official HRSA CSV: site name, address, city, state, postal code, phone, website, HRSA geocoding coordinates, county/FIPS, operating hours per week, site status, and location setting. Site status: Active. Location setting: All Other Clinic Types. Operational schedule: Unknown. Daily hours, services, price, insurance, and accessibility fields were not supplied by this intake.",BPS-H80-027542,Health Center Service Delivery and Look-Alike Sites,2026-06-19,2026-06-19,needs_review,
hrsa-bps-h80-008356,North Side Christian Health Center,community_health_center,816 Middle St,Pittsburgh,PA,42,Allegheny County,42003,15212-4915,40.45524515,-79.99942186,412-321-4001,www.nschc.org,,,,,,,,,HRSA operating hours per week: 53.00,unknown,,,,,,,,,HRSA Health Center Service Delivery and Look-Alike Sites,https://data.hrsa.gov/DataDownload/DD_Files/Health_Center_Service_Delivery_and_LookAlike_Sites.csv,2026-06-19,"Fields copied from the official HRSA CSV: site name, address, city, state, postal code, phone, website, HRSA geocoding coordinates, county/FIPS, operating hours per week, site status, and location setting. Site status: Active. Location setting: All Other Clinic Types. Operational schedule: Unknown. Daily hours, services, price, insurance, and accessibility fields were not supplied by this intake.",BPS-H80-008356,Health Center Service Delivery and Look-Alike Sites,2026-06-19,2026-06-19,needs_review,
hrsa-bps-h80-028392,Cornerstone Care Dental Center of West Mifflin,community_health_center,"500 N Lewis Run Rd, Ste 128",West Mifflin,PA,42,Allegheny County,42003,15122-3075,40.32853634,-79.93829222,724-943-3308,,,,,,,,,,HRSA operating hours per week: 40.00,unknown,,,,,,,,,HRSA Health Center Service Delivery and Look-Alike Sites,https://data.hrsa.gov/DataDownload/DD_Files/Health_Center_Service_Delivery_and_LookAlike_Sites.csv,2026-06-19,"Fields copied from the official HRSA CSV: site name, address, city, state, postal code, phone, website, HRSA geocoding coordinates, county/FIPS, operating hours per week, site status, and location setting. Site status: Active. Location setting: All Other Clinic Types. Operational schedule: Unknown. Daily hours, services, price, insurance, and accessibility fields were not supplied by this intake.",BPS-H80-028392,Health Center Service Delivery and Look-Alike Sites,2026-06-19,2026-06-19,needs_review,
hrsa-bps-lal-040960,Fair Hill Community Physicians- Liberty Square,community_health_center,"1300 W Lehigh Ave, Suite 110",Philadelphia,PA,42,Philadelphia County,42101,19132-2760,39.99267708,-75.15315766,215-226-8800,www.fairhillphysicians.org,,,,,,,,,HRSA operating hours per week: 45.00,unknown,,,,,,,,,HRSA Health Center Service Delivery and Look-Alike Sites,https://data.hrsa.gov/DataDownload/DD_Files/Health_Center_Service_Delivery_and_LookAlike_Sites.csv,2026-06-19,"Fields copied from the official HRSA CSV: site name, address, city, state, postal code, phone, website, HRSA geocoding coordinates, county/FIPS, operating hours per week, site status, and location setting. Site status: Active. Location setting: All Other Clinic Types. Operational schedule: Unknown. Daily hours, services, price, insurance, and accessibility fields were not supplied by this intake.",BPS-LAL-040960,Health Center Service Delivery and Look-Alike Sites,2026-06-19,2026-06-19,needs_review,
hrsa-bps-h80-024549,Beth Center High School,community_health_center,179 Crawford Rd,Fredericktown,PA,42,Washington County,42125,15333-2011,40.01973881,-80.02811169,724-632-6801 x2258,,,,,,,,,,HRSA operating hours per week: 8.00,unknown,,,,,,,,,HRSA Health Center Service Delivery and Look-Alike Sites,https://data.hrsa.gov/DataDownload/DD_Files/Health_Center_Service_Delivery_and_LookAlike_Sites.csv,2026-06-19,"Fields copied from the official HRSA CSV: site name, address, city, state, postal code, phone, website, HRSA geocoding coordinates, county/FIPS, operating hours per week, site status, and location setting. Site status: Active. Location setting: School. Operational schedule: Unknown. Daily hours, services, price, insurance, and accessibility fields were not supplied by this intake.",BPS-H80-024549,Health Center Service Delivery and Look-Alike Sites,2026-06-19,2026-06-19,needs_review,
hrsa-bps-h80-003098,EXETER TOWNSHIP MEDICAL CENTER,community_health_center,2795 Sullivans Trl,Falls,PA,42,Wyoming County,42131,18615-7949,41.44541698,-75.85779299,570-704-4117,www.rhcnepa.com,,,,,,,,,HRSA operating hours per week: 41.00,unknown,,,,,,,,,HRSA Health Center Service Delivery and Look-Alike Sites,https://data.hrsa.gov/DataDownload/DD_Files/Health_Center_Service_Delivery_and_LookAlike_Sites.csv,2026-06-19,"Fields copied from the official HRSA CSV: site name, address, city, state, postal code, phone, website, HRSA geocoding coordinates, county/FIPS, operating hours per week, site status, and location setting. Site status: Active. Location setting: All Other Clinic Types. Operational schedule: Full-Time. Daily hours, services, price, insurance, and accessibility fields were not supplied by this intake.",BPS-H80-003098,Health Center Service Delivery and Look-Alike Sites,2026-06-19,2026-06-19,needs_review,
hrsa-bps-h80-003182,ELKLAND LAUREL HEALTH CENTER,community_health_center,103 Forestview Ave,Elkland,PA,42,Tioga County,42117,16920-1497,41.98455696,-77.31497571,814-258-5117,N/A,,,,,,,,,HRSA operating hours per week: 45.00,unknown,,,,,,,,,HRSA Health Center Service Delivery and Look-Alike Sites,https://data.hrsa.gov/DataDownload/DD_Files/Health_Center_Service_Delivery_and_LookAlike_Sites.csv,2026-06-19,"Fields copied from the official HRSA CSV: site name, address, city, state, postal code, phone, website, HRSA geocoding coordinates, county/FIPS, operating hours per week, site status, and location setting. Site status: Active. Location setting: All Other Clinic Types. Operational schedule: Full-Time. Daily hours, services, price, insurance, and accessibility fields were not supplied by this intake.",BPS-H80-003182,Health Center Service Delivery and Look-Alike Sites,2026-06-19,2026-06-19,needs_review,
hrsa-bps-h80-037599,Lancaster West End,community_health_center,234 W Orange St,Lancaster,PA,42,Lancaster County,42071,17603-3794,40.03892688,-76.31006238,717-299-6371,,,,,,,,,,HRSA operating hours per week: 45.00,unknown,,,,,,,,,HRSA Health Center Service Delivery and Look-Alike Sites,https://data.hrsa.gov/DataDownload/DD_Files/Health_Center_Service_Delivery_and_LookAlike_Sites.csv,2026-06-19,"Fields copied from the official HRSA CSV: site name, address, city, state, postal code, phone, website, HRSA geocoding coordinates, county/FIPS, operating hours per week, site status, and location setting. Site status: Active. Location setting: All Other Clinic Types. Operational schedule: Unknown. Daily hours, services, price, insurance, and accessibility fields were not supplied by this intake.",BPS-H80-037599,Health Center Service Delivery and Look-Alike Sites,2026-06-19,2026-06-19,needs_review,
hrsa-bps-h80-032697,Primary Health Network Mobile Health Center  #2,community_health_center,63 Pitt St,Sharon,PA,42,Mercer County,42085,16146-2102,41.23382002,-80.50746083,724-699-9211,https://primary-health.net,,,,,,,,,HRSA operating hours per week: 16.00,unknown,,,,,,,,,HRSA Health Center Service Delivery and Look-Alike Sites,https://data.hrsa.gov/DataDownload/DD_Files/Health_Center_Service_Delivery_and_LookAlike_Sites.csv,2026-06-19,"Fields copied from the official HRSA CSV: site name, address, city, state, postal code, phone, website, HRSA geocoding coordinates, county/FIPS, operating hours per week, site status, and location setting. Site status: Active. Location setting: All Other Clinic Types. Operational schedule: Unknown. Daily hours, services, price, insurance, and accessibility fields were not supplied by this intake.",BPS-H80-032697,Health Center Service Delivery and Look-Alike Sites,2026-06-19,2026-06-19,needs_review,
hrsa-bps-h80-039595,Community Health and Wellness Building,community_health_center,3222 H St,Philadelphia,PA,42,Philadelphia County,42101,19134-1914,39.99756273,-75.11305939,215-302-3600,https://esperanzahealth.com/,,,,,,,,,,unknown,,,,,,,,,HRSA Health Center Service Delivery and Look-Alike Sites,https://data.hrsa.gov/DataDownload/DD_Files/Health_Center_Service_Delivery_and_LookAlike_Sites.csv,2026-06-19,"Fields copied from the official HRSA CSV: site name, address, city, state, postal code, phone, website, HRSA geocoding coordinates, county/FIPS, operating hours per week, site status, and location setting. Site status: Active. Location setting: All Other Clinic Types. Operational schedule: Unknown. Daily hours, services, price, insurance, and accessibility fields were not supplied by this intake.",BPS-H80-039595,Health Center Service Delivery and Look-Alike Sites,2026-06-19,2026-06-19,needs_review,
hrsa-bps-h80-031781,Connellsville Medical and Dental Center,community_health_center,601 S Arch St,Connellsville,PA,42,Fayette County,42051,15425-4000,40.01264043,-79.59105872,724-626-2630,,,,,,,,,,HRSA operating hours per week: 40.00,unknown,,,,,,,,,HRSA Health Center Service Delivery and Look-Alike Sites,https://data.hrsa.gov/DataDownload/DD_Files/Health_Center_Service_Delivery_and_LookAlike_Sites.csv,2026-06-19,"Fields copied from the official HRSA CSV: site name, address, city, state, postal code, phone, website, HRSA geocoding coordinates, county/FIPS, operating hours per week, site status, and location setting. Site status: Active. Location setting: All Other Clinic Types. Operational schedule: Unknown. Daily hours, services, price, insurance, and accessibility fields were not supplied by this intake.",BPS-H80-031781,Health Center Service Delivery and Look-Alike Sites,2026-06-19,2026-06-19,needs_review,
hrsa-bps-h80-021373,Kane Dental and Primary Care Center,community_health_center,118 N Fraley St,Kane,PA,42,McKean County,42083,16735-1327,41.66171836,-78.81077956,814-486-1115,,,,,,,,,,HRSA operating hours per week: 48.00,unknown,,,,,,,,,HRSA Health Center Service Delivery and Look-Alike Sites,https://data.hrsa.gov/DataDownload/DD_Files/Health_Center_Service_Delivery_and_LookAlike_Sites.csv,2026-06-19,"Fields copied from the official HRSA CSV: site name, address, city, state, postal code, phone, website, HRSA geocoding coordinates, county/FIPS, operating hours per week, site status, and location setting. Site status: Active. Location setting: All Other Clinic Types. Operational schedule: Unknown. Daily hours, services, price, insurance, and accessibility fields were not supplied by this intake.",BPS-H80-021373,Health Center Service Delivery and Look-Alike Sites,2026-06-19,2026-06-19,needs_review,
hrsa-bps-h80-039366,Union Community Care Administration,community_health_center,"454 New Holland Ave, Ste 300",Lancaster,PA,42,Lancaster County,42071,17602-2290,40.04655349,-76.29657305,717-299-6371,,,,,,,,,,HRSA operating hours per week: 40.00,unknown,,,,,,,,,HRSA Health Center Service Delivery and Look-Alike Sites,https://data.hrsa.gov/DataDownload/DD_Files/Health_Center_Service_Delivery_and_LookAlike_Sites.csv,2026-06-19,"Fields copied from the official HRSA CSV: site name, address, city, state, postal code, phone, website, HRSA geocoding coordinates, county/FIPS, operating hours per week, site status, and location setting. Site status: Active. Location setting: All Other Clinic Types. Operational schedule: Unknown. Daily hours, services, price, insurance, and accessibility fields were not supplied by this intake.",BPS-H80-039366,Health Center Service Delivery and Look-Alike Sites,2026-06-19,2026-06-19,needs_review,
hrsa-bps-h80-011954,Tri County Community Health Center,community_health_center,1555 Shawna Rd,Cherry Tree,PA,42,Cambria County,42021,15724-9003,40.71708210,-78.79825591,814-743-5449,http://www.primary-health.net,,,,,,,,,HRSA operating hours per week: 42.50,unknown,,,,,,,,,HRSA Health Center Service Delivery and Look-Alike Sites,https://data.hrsa.gov/DataDownload/DD_Files/Health_Center_Service_Delivery_and_LookAlike_Sites.csv,2026-06-19,"Fields copied from the official HRSA CSV: site name, address, city, state, postal code, phone, website, HRSA geocoding coordinates, county/FIPS, operating hours per week, site status, and location setting. Site status: Active. Location setting: All Other Clinic Types. Operational schedule: Full-Time. Daily hours, services, price, insurance, and accessibility fields were not supplied by this intake.",BPS-H80-011954,Health Center Service Delivery and Look-Alike Sites,2026-06-19,2026-06-19,needs_review,
hrsa-bps-lal-032971,Community Health & Wellness Center,community_health_center,1627 Chew St,Allentown,PA,42,Lehigh County,42077,18102-3698,40.60146800,-75.49404840,610-969-2800,https://www.valleyhealthpartners.org/,,,,,,,,,HRSA operating hours per week: 45.00,unknown,,,,,,,,,HRSA Health Center Service Delivery and Look-Alike Sites,https://data.hrsa.gov/DataDownload/DD_Files/Health_Center_Service_Delivery_and_LookAlike_Sites.csv,2026-06-19,"Fields copied from the official HRSA CSV: site name, address, city, state, postal code, phone, website, HRSA geocoding coordinates, county/FIPS, operating hours per week, site status, and location setting. Site status: Active. Location setting: All Other Clinic Types. Operational schedule: Unknown. Daily hours, services, price, insurance, and accessibility fields were not supplied by this intake.",BPS-LAL-032971,Health Center Service Delivery and Look-Alike Sites,2026-06-19,2026-06-19,needs_review,
hrsa-bps-h80-003708,BRADDOCK HEALTH CENTER,community_health_center,404 Braddock Ave,Braddock,PA,42,Allegheny County,42003,15104-1850,40.40470580,-79.87143724,412-351-6300,N/A,,,,,,,,,HRSA operating hours per week: 40.00,unknown,,,,,,,,,HRSA Health Center Service Delivery and Look-Alike Sites,https://data.hrsa.gov/DataDownload/DD_Files/Health_Center_Service_Delivery_and_LookAlike_Sites.csv,2026-06-19,"Fields copied from the official HRSA CSV: site name, address, city, state, postal code, phone, website, HRSA geocoding coordinates, county/FIPS, operating hours per week, site status, and location setting. Site status: Active. Location setting: All Other Clinic Types. Operational schedule: Full-Time. Daily hours, services, price, insurance, and accessibility fields were not supplied by this intake.",BPS-H80-003708,Health Center Service Delivery and Look-Alike Sites,2026-06-19,2026-06-19,needs_review,
hrsa-bps-lal-040321,Highlands Health Somerset,community_health_center,225 S Center Ave,Somerset,PA,42,Somerset County,42111,15501-2033,40.00685248,-79.07733640,814-443-5867,www.highlandshealthclinic.com,,,,,,,,,HRSA operating hours per week: 40.00,unknown,,,,,,,,,HRSA Health Center Service Delivery and Look-Alike Sites,https://data.hrsa.gov/DataDownload/DD_Files/Health_Center_Service_Delivery_and_LookAlike_Sites.csv,2026-06-19,"Fields copied from the official HRSA CSV: site name, address, city, state, postal code, phone, website, HRSA geocoding coordinates, county/FIPS, operating hours per week, site status, and location setting. Site status: Active. Location setting: All Other Clinic Types. Operational schedule: Unknown. Daily hours, services, price, insurance, and accessibility fields were not supplied by this intake.",BPS-LAL-040321,Health Center Service Delivery and Look-Alike Sites,2026-06-19,2026-06-19,needs_review,
hrsa-bps-lal-039522,VHP Pediatrics - Stroud West,community_health_center,205 Applegate Rd,Stroudsburg,PA,42,Monroe County,42089,18360-6502,40.99406000,-75.24973931,570-476-3585,,,,,,,,,,HRSA operating hours per week: 40.00,unknown,,,,,,,,,HRSA Health Center Service Delivery and Look-Alike Sites,https://data.hrsa.gov/DataDownload/DD_Files/Health_Center_Service_Delivery_and_LookAlike_Sites.csv,2026-06-19,"Fields copied from the official HRSA CSV: site name, address, city, state, postal code, phone, website, HRSA geocoding coordinates, county/FIPS, operating hours per week, site status, and location setting. Site status: Active. Location setting: All Other Clinic Types. Operational schedule: Unknown. Daily hours, services, price, insurance, and accessibility fields were not supplied by this intake.",BPS-LAL-039522,Health Center Service Delivery and Look-Alike Sites,2026-06-19,2026-06-19,needs_review,
hrsa-bps-h80-024491,Beth Center Elementary,community_health_center,194 Crawford Rd,Fredericktown,PA,42,Washington County,42125,15333-2012,40.02210829,-80.02929974,724-632-6801 x2258,,,,,,,,,,HRSA operating hours per week: 8.00,unknown,,,,,,,,,HRSA Health Center Service Delivery and Look-Alike Sites,https://data.hrsa.gov/DataDownload/DD_Files/Health_Center_Service_Delivery_and_LookAlike_Sites.csv,2026-06-19,"Fields copied from the official HRSA CSV: site name, address, city, state, postal code, phone, website, HRSA geocoding coordinates, county/FIPS, operating hours per week, site status, and location setting. Site status: Active. Location setting: School. Operational schedule: Unknown. Daily hours, services, price, insurance, and accessibility fields were not supplied by this intake.",BPS-H80-024491,Health Center Service Delivery and Look-Alike Sites,2026-06-19,2026-06-19,needs_review,
hrsa-bps-h80-014516,Stephen Klein Wellness Center,community_health_center,2144 Cecil B Moore Ave,Philadelphia,PA,42,Philadelphia County,42101,19121-4014,39.98001643,-75.17027937,215-320-6187,,,,,,,,,,HRSA operating hours per week: 44.00,unknown,,,,,,,,,HRSA Health Center Service Delivery and Look-Alike Sites,https://data.hrsa.gov/DataDownload/DD_Files/Health_Center_Service_Delivery_and_LookAlike_Sites.csv,2026-06-19,"Fields copied from the official HRSA CSV: site name, address, city, state, postal code, phone, website, HRSA geocoding coordinates, county/FIPS, operating hours per week, site status, and location setting. Site status: Active. Location setting: All Other Clinic Types. Operational schedule: Unknown. Daily hours, services, price, insurance, and accessibility fields were not supplied by this intake.",BPS-H80-014516,Health Center Service Delivery and Look-Alike Sites,2026-06-19,2026-06-19,needs_review,
hrsa-bps-h80-034747,Keystone Agricultural Worker Program - NorthWest,community_health_center,4401 Iroquois Ave,Erie,PA,42,Erie County,42049,16511-2219,42.15085689,-80.00591247,814-392-8554,,,,,,,,,,,unknown,,,,,,,,,HRSA Health Center Service Delivery and Look-Alike Sites,https://data.hrsa.gov/DataDownload/DD_Files/Health_Center_Service_Delivery_and_LookAlike_Sites.csv,2026-06-19,"Fields copied from the official HRSA CSV: site name, address, city, state, postal code, phone, website, HRSA geocoding coordinates, county/FIPS, operating hours per week, site status, and location setting. Site status: Active. Location setting: All Other Clinic Types. Operational schedule: Unknown. Daily hours, services, price, insurance, and accessibility fields were not supplied by this intake.",BPS-H80-034747,Health Center Service Delivery and Look-Alike Sites,2026-06-19,2026-06-19,needs_review,
hrsa-bps-h80-038786,Project HOME Mobile,community_health_center,2144 Cecil B Moore Ave,Philadelphia,PA,42,Philadelphia County,42101,19121-4014,39.98001643,-75.17027937,814-617-9070,,,,,,,,,,HRSA operating hours per week: 20.00,unknown,,,,,,,,,HRSA Health Center Service Delivery and Look-Alike Sites,https://data.hrsa.gov/DataDownload/DD_Files/Health_Center_Service_Delivery_and_LookAlike_Sites.csv,2026-06-19,"Fields copied from the official HRSA CSV: site name, address, city, state, postal code, phone, website, HRSA geocoding coordinates, county/FIPS, operating hours per week, site status, and location setting. Site status: Active. Location setting: All Other Clinic Types. Operational schedule: Unknown. Daily hours, services, price, insurance, and accessibility fields were not supplied by this intake.",BPS-H80-038786,Health Center Service Delivery and Look-Alike Sites,2026-06-19,2026-06-19,needs_review,
hrsa-bps-lal-027811,The Wright Center for Community Health School Based Practice,community_health_center,1401 Fellows St,Scranton,PA,42,Lackawanna County,42069,18504-2222,41.40879024,-75.69142152,570-591-5280,https://thewrightcenter.org/home/patientcare/locations/togetherinhealth/,,,,,,,,,HRSA operating hours per week: 46.00,unknown,,,,,,,,,HRSA Health Center Service Delivery and Look-Alike Sites,https://data.hrsa.gov/DataDownload/DD_Files/Health_Center_Service_Delivery_and_LookAlike_Sites.csv,2026-06-19,"Fields copied from the official HRSA CSV: site name, address, city, state, postal code, phone, website, HRSA geocoding coordinates, county/FIPS, operating hours per week, site status, and location setting. Site status: Active. Location setting: All Other Clinic Types. Operational schedule: Unknown. Daily hours, services, price, insurance, and accessibility fields were not supplied by this intake.",BPS-LAL-027811,Health Center Service Delivery and Look-Alike Sites,2026-06-19,2026-06-19,needs_review,
hrsa-bps-h80-027963,Waymart Pediatric Center,community_health_center,27B Woodlands Dr,Waymart,PA,42,Wayne County,42127,18472,41.58312737,-75.40089403,570-488-9550,,,,,,,,,,HRSA operating hours per week: 46.50,unknown,,,,,,,,,HRSA Health Center Service Delivery and Look-Alike Sites,https://data.hrsa.gov/DataDownload/DD_Files/Health_Center_Service_Delivery_and_LookAlike_Sites.csv,2026-06-19,"Fields copied from the official HRSA CSV: site name, address, city, state, postal code, phone, website, HRSA geocoding coordinates, county/FIPS, operating hours per week, site status, and location setting. Site status: Active. Location setting: All Other Clinic Types. Operational schedule: Unknown. Daily hours, services, price, insurance, and accessibility fields were not supplied by this intake.",BPS-H80-027963,Health Center Service Delivery and Look-Alike Sites,2026-06-19,2026-06-19,needs_review,
hrsa-bps-lal-027818,The Wright Center for Community Health South Scranton Intermediate School,community_health_center,355 Maple St,Scranton,PA,42,Lackawanna County,42069,18505-1299,41.39779591,-75.67118584,570-591-5280,thewrightcenter.org,,,,,,,,,HRSA operating hours per week: 1.00,unknown,,,,,,,,,HRSA Health Center Service Delivery and Look-Alike Sites,https://data.hrsa.gov/DataDownload/DD_Files/Health_Center_Service_Delivery_and_LookAlike_Sites.csv,2026-06-19,"Fields copied from the official HRSA CSV: site name, address, city, state, postal code, phone, website, HRSA geocoding coordinates, county/FIPS, operating hours per week, site status, and location setting. Site status: Active. Location setting: School. Operational schedule: Unknown. Daily hours, services, price, insurance, and accessibility fields were not supplied by this intake.",BPS-LAL-027818,Health Center Service Delivery and Look-Alike Sites,2026-06-19,2026-06-19,needs_review,
hrsa-bps-h80-030405,LCH Health and Community Services,community_health_center,"105 Vineyard Way, Suite 103",West Grove,PA,42,Chester County,42029,19390-8849,39.81844917,-75.87187786,610-444-7550,,,,,,,,,,HRSA operating hours per week: 41.00,unknown,,,,,,,,,HRSA Health Center Service Delivery and Look-Alike Sites,https://data.hrsa.gov/DataDownload/DD_Files/Health_Center_Service_Delivery_and_LookAlike_Sites.csv,2026-06-19,"Fields copied from the official HRSA CSV: site name, address, city, state, postal code, phone, website, HRSA geocoding coordinates, county/FIPS, operating hours per week, site status, and location setting. Site status: Active. Location setting: All Other Clinic Types. Operational schedule: Unknown. Daily hours, services, price, insurance, and accessibility fields were not supplied by this intake.",BPS-H80-030405,Health Center Service Delivery and Look-Alike Sites,2026-06-19,2026-06-19,needs_review,
hrsa-bps-lal-040319,Barnes Building,community_health_center,324 S Franklin St,Wilkes Barre,PA,42,Luzerne County,42079,18702-3809,41.24169633,-75.89238201,570-825-6425,http://www.cscwv.org/csc/home/main.aspx,,,,,,,,,HRSA operating hours per week: 45.00,unknown,,,,,,,,,HRSA Health Center Service Delivery and Look-Alike Sites,https://data.hrsa.gov/DataDownload/DD_Files/Health_Center_Service_Delivery_and_LookAlike_Sites.csv,2026-06-19,"Fields copied from the official HRSA CSV: site name, address, city, state, postal code, phone, website, HRSA geocoding coordinates, county/FIPS, operating hours per week, site status, and location setting. Site status: Active. Location setting: All Other Clinic Types. Operational schedule: Unknown. Daily hours, services, price, insurance, and accessibility fields were not supplied by this intake.",BPS-LAL-040319,Health Center Service Delivery and Look-Alike Sites,2026-06-19,2026-06-19,needs_review,
hrsa-bps-h80-034068,Sadler Health Center Administrative Offices,community_health_center,1 Tyler Ct,Carlisle,PA,42,Cumberland County,42041,17015-7913,40.18524787,-77.22072607,717-218-6670,,,,,,,,,,,unknown,,,,,,,,,HRSA Health Center Service Delivery and Look-Alike Sites,https://data.hrsa.gov/DataDownload/DD_Files/Health_Center_Service_Delivery_and_LookAlike_Sites.csv,2026-06-19,"Fields copied from the official HRSA CSV: site name, address, city, state, postal code, phone, website, HRSA geocoding coordinates, county/FIPS, operating hours per week, site status, and location setting. Site status: Active. Location setting: Unknown. Operational schedule: Unknown. Daily hours, services, price, insurance, and accessibility fields were not supplied by this intake.",BPS-H80-034068,Health Center Service Delivery and Look-Alike Sites,2026-06-19,2026-06-19,needs_review,
hrsa-bps-lal-035120,Children's Clinic at Hays,community_health_center,1227 W Gordon St,Allentown,PA,42,Lehigh County,42077,18102,40.60502440,-75.48544304,610-969-4301,,,,,,,,,,HRSA operating hours per week: 46.00,unknown,,,,,,,,,HRSA Health Center Service Delivery and Look-Alike Sites,https://data.hrsa.gov/DataDownload/DD_Files/Health_Center_Service_Delivery_and_LookAlike_Sites.csv,2026-06-19,"Fields copied from the official HRSA CSV: site name, address, city, state, postal code, phone, website, HRSA geocoding coordinates, county/FIPS, operating hours per week, site status, and location setting. Site status: Active. Location setting: School. Operational schedule: Unknown. Daily hours, services, price, insurance, and accessibility fields were not supplied by this intake.",BPS-LAL-035120,Health Center Service Delivery and Look-Alike Sites,2026-06-19,2026-06-19,needs_review,
hrsa-bps-h80-027499,Cornerstone Care Community Health Center of Clairton,community_health_center,559 Miller Ave,Clairton,PA,42,Allegheny County,42003,15025-1746,40.29315616,-79.88354272,724-943-3308 x127,,,,,,,,,,HRSA operating hours per week: 42.50,unknown,,,,,,,,,HRSA Health Center Service Delivery and Look-Alike Sites,https://data.hrsa.gov/DataDownload/DD_Files/Health_Center_Service_Delivery_and_LookAlike_Sites.csv,2026-06-19,"Fields copied from the official HRSA CSV: site name, address, city, state, postal code, phone, website, HRSA geocoding coordinates, county/FIPS, operating hours per week, site status, and location setting. Site status: Active. Location setting: All Other Clinic Types. Operational schedule: Unknown. Daily hours, services, price, insurance, and accessibility fields were not supplied by this intake.",BPS-H80-027499,Health Center Service Delivery and Look-Alike Sites,2026-06-19,2026-06-19,needs_review,
hrsa-bps-h80-035775,Neighborhood Health Centers of the Lehigh Valley- Hamilton Street,community_health_center,160 Hamilton St,Allentown,PA,42,Lehigh County,42077,18101-1948,40.60534538,-75.45921078,610-841-8400,www.nhclv.org,,,,,,,,,HRSA operating hours per week: 44.00,unknown,,,,,,,,,HRSA Health Center Service Delivery and Look-Alike Sites,https://data.hrsa.gov/DataDownload/DD_Files/Health_Center_Service_Delivery_and_LookAlike_Sites.csv,2026-06-19,"Fields copied from the official HRSA CSV: site name, address, city, state, postal code, phone, website, HRSA geocoding coordinates, county/FIPS, operating hours per week, site status, and location setting. Site status: Active. Location setting: All Other Clinic Types. Operational schedule: Unknown. Daily hours, services, price, insurance, and accessibility fields were not supplied by this intake.",BPS-H80-035775,Health Center Service Delivery and Look-Alike Sites,2026-06-19,2026-06-19,needs_review,
hrsa-bps-h80-004379,Keystone Dental Care Fifth Avenue,community_health_center,"767 5th Ave, #B3A",Chambersburg,PA,42,Franklin County,42055,17201-4207,39.94436979,-77.64312680,717-709-7940,http://www.keystonehealthdentalcare.org,,,,,,,,,HRSA operating hours per week: 44.50,unknown,,,,,,,,,HRSA Health Center Service Delivery and Look-Alike Sites,https://data.hrsa.gov/DataDownload/DD_Files/Health_Center_Service_Delivery_and_LookAlike_Sites.csv,2026-06-19,"Fields copied from the official HRSA CSV: site name, address, city, state, postal code, phone, website, HRSA geocoding coordinates, county/FIPS, operating hours per week, site status, and location setting. Site status: Active. Location setting: All Other Clinic Types. Operational schedule: Full-Time. Daily hours, services, price, insurance, and accessibility fields were not supplied by this intake.",BPS-H80-004379,Health Center Service Delivery and Look-Alike Sites,2026-06-19,2026-06-19,needs_review,
hrsa-bps-lal-030244,Star Community Health OB/GYN Sigal-Allentown,community_health_center,450 Chew St,Allentown,PA,42,Lehigh County,42077,18102-3434,40.60695823,-75.46916211,484-822-7800,starcommunityhealth.org,,,,,,,,,HRSA operating hours per week: 48.00,unknown,,,,,,,,,HRSA Health Center Service Delivery and Look-Alike Sites,https://data.hrsa.gov/DataDownload/DD_Files/Health_Center_Service_Delivery_and_LookAlike_Sites.csv,2026-06-19,"Fields copied from the official HRSA CSV: site name, address, city, state, postal code, phone, website, HRSA geocoding coordinates, county/FIPS, operating hours per week, site status, and location setting. Site status: Active. Location setting: All Other Clinic Types. Operational schedule: Unknown. Daily hours, services, price, insurance, and accessibility fields were not supplied by this intake.",BPS-LAL-030244,Health Center Service Delivery and Look-Alike Sites,2026-06-19,2026-06-19,needs_review,
hrsa-bps-h80-004398,Keystone Crisis Intervention Seventh Street,community_health_center,112 N 7th St,Chambersburg,PA,42,Franklin County,42055,17201-1700,39.93398000,-77.64614001,717-267-7481,http://www.keystonehealth.org,,,,,,,,,HRSA operating hours per week: 55.00,unknown,,,,,,,,,HRSA Health Center Service Delivery and Look-Alike Sites,https://data.hrsa.gov/DataDownload/DD_Files/Health_Center_Service_Delivery_and_LookAlike_Sites.csv,2026-06-19,"Fields copied from the official HRSA CSV: site name, address, city, state, postal code, phone, website, HRSA geocoding coordinates, county/FIPS, operating hours per week, site status, and location setting. Site status: Active. Location setting: Hospital. Operational schedule: Full-Time. Daily hours, services, price, insurance, and accessibility fields were not supplied by this intake.",BPS-H80-004398,Health Center Service Delivery and Look-Alike Sites,2026-06-19,2026-06-19,needs_review,
hrsa-bps-h80-039308,Primary Health Network Administration,community_health_center,63 Pitt St,Sharon,PA,42,Mercer County,42085,16146-2102,41.23382002,-80.50746083,724-342-3002,https://primary-health.net,,,,,,,,,,unknown,,,,,,,,,HRSA Health Center Service Delivery and Look-Alike Sites,https://data.hrsa.gov/DataDownload/DD_Files/Health_Center_Service_Delivery_and_LookAlike_Sites.csv,2026-06-19,"Fields copied from the official HRSA CSV: site name, address, city, state, postal code, phone, website, HRSA geocoding coordinates, county/FIPS, operating hours per week, site status, and location setting. Site status: Active. Location setting: All Other Clinic Types. Operational schedule: Unknown. Daily hours, services, price, insurance, and accessibility fields were not supplied by this intake.",BPS-H80-039308,Health Center Service Delivery and Look-Alike Sites,2026-06-19,2026-06-19,needs_review,
hrsa-bps-h80-009261,Cornerstone Care Community Health Center and Pharmacy of Mount Morris,community_health_center,120 Locust Avenue Ext,Mount Morris,PA,42,Greene County,42059,15349,39.73460099,-80.06049344,724-324-9001,www.cornerstonecare.com,,,,,,,,,HRSA operating hours per week: 49.00,unknown,,,,,,,,,HRSA Health Center Service Delivery and Look-Alike Sites,https://data.hrsa.gov/DataDownload/DD_Files/Health_Center_Service_Delivery_and_LookAlike_Sites.csv,2026-06-19,"Fields copied from the official HRSA CSV: site name, address, city, state, postal code, phone, website, HRSA geocoding coordinates, county/FIPS, operating hours per week, site status, and location setting. Site status: Active. Location setting: All Other Clinic Types. Operational schedule: Full-Time. Daily hours, services, price, insurance, and accessibility fields were not supplied by this intake.",BPS-H80-009261,Health Center Service Delivery and Look-Alike Sites,2026-06-19,2026-06-19,needs_review,
hrsa-bps-lal-031794,Caring Community Health Center - Kistler Clinic,community_health_center,175 S Wilkes Barre Blvd,Wilkes Barre,PA,42,Luzerne County,42079,18702-5099,41.24019379,-75.88351261,570-829-2621,https://www.pacommunitycare.org/locations,,,,,,,,,HRSA operating hours per week: 80.00,unknown,,,,,,,,,HRSA Health Center Service Delivery and Look-Alike Sites,https://data.hrsa.gov/DataDownload/DD_Files/Health_Center_Service_Delivery_and_LookAlike_Sites.csv,2026-06-19,"Fields copied from the official HRSA CSV: site name, address, city, state, postal code, phone, website, HRSA geocoding coordinates, county/FIPS, operating hours per week, site status, and location setting. Site status: Active. Location setting: All Other Clinic Types. Operational schedule: Unknown. Daily hours, services, price, insurance, and accessibility fields were not supplied by this intake.",BPS-LAL-031794,Health Center Service Delivery and Look-Alike Sites,2026-06-19,2026-06-19,needs_review,
hrsa-bps-h80-032217,Troy Laurel Health Center,community_health_center,45 Mud Creek Rd,Troy,PA,42,Bradford County,42015,16947-9529,41.75129479,-76.79188033,570-297-3746,,,,,,,,,,HRSA operating hours per week: 49.00,unknown,,,,,,,,,HRSA Health Center Service Delivery and Look-Alike Sites,https://data.hrsa.gov/DataDownload/DD_Files/Health_Center_Service_Delivery_and_LookAlike_Sites.csv,2026-06-19,"Fields copied from the official HRSA CSV: site name, address, city, state, postal code, phone, website, HRSA geocoding coordinates, county/FIPS, operating hours per week, site status, and location setting. Site status: Active. Location setting: All Other Clinic Types. Operational schedule: Unknown. Daily hours, services, price, insurance, and accessibility fields were not supplied by this intake.",BPS-H80-032217,Health Center Service Delivery and Look-Alike Sites,2026-06-19,2026-06-19,needs_review,
hrsa-bps-h80-021967,FIGHT Pediatric and Adolescent Medicine YHEP Clinic,community_health_center,1207 Chestnut St,Philadelphia,PA,42,Philadelphia County,42101,19107-4131,39.95074037,-75.16050515,215-344-1632,,,,,,,,,,HRSA operating hours per week: 40.00,unknown,,,,,,,,,HRSA Health Center Service Delivery and Look-Alike Sites,https://data.hrsa.gov/DataDownload/DD_Files/Health_Center_Service_Delivery_and_LookAlike_Sites.csv,2026-06-19,"Fields copied from the official HRSA CSV: site name, address, city, state, postal code, phone, website, HRSA geocoding coordinates, county/FIPS, operating hours per week, site status, and location setting. Site status: Active. Location setting: All Other Clinic Types. Operational schedule: Unknown. Daily hours, services, price, insurance, and accessibility fields were not supplied by this intake.",BPS-H80-021967,Health Center Service Delivery and Look-Alike Sites,2026-06-19,2026-06-19,needs_review,
hrsa-bps-h80-027448,Esperanza Health Center - Kensington,community_health_center,861 E Allegheny Ave,Philadelphia,PA,42,Philadelphia County,42101,19134-2493,39.99678937,-75.11354168,215-302-3600,,,,,,,,,,HRSA operating hours per week: 44.00,unknown,,,,,,,,,HRSA Health Center Service Delivery and Look-Alike Sites,https://data.hrsa.gov/DataDownload/DD_Files/Health_Center_Service_Delivery_and_LookAlike_Sites.csv,2026-06-19,"Fields copied from the official HRSA CSV: site name, address, city, state, postal code, phone, website, HRSA geocoding coordinates, county/FIPS, operating hours per week, site status, and location setting. Site status: Active. Location setting: All Other Clinic Types. Operational schedule: Unknown. Daily hours, services, price, insurance, and accessibility fields were not supplied by this intake.",BPS-H80-027448,Health Center Service Delivery and Look-Alike Sites,2026-06-19,2026-06-19,needs_review,
hrsa-bps-h80-011867,Clarion Community Health Center,community_health_center,30 Pinnacle Dr,Clarion,PA,42,Clarion County,42031,16214-3800,41.18292783,-79.39209187,814-223-9900,http://www.primary-health.net,,,,,,,,,HRSA operating hours per week: 44.00,unknown,,,,,,,,,HRSA Health Center Service Delivery and Look-Alike Sites,https://data.hrsa.gov/DataDownload/DD_Files/Health_Center_Service_Delivery_and_LookAlike_Sites.csv,2026-06-19,"Fields copied from the official HRSA CSV: site name, address, city, state, postal code, phone, website, HRSA geocoding coordinates, county/FIPS, operating hours per week, site status, and location setting. Site status: Active. Location setting: All Other Clinic Types. Operational schedule: Full-Time. Daily hours, services, price, insurance, and accessibility fields were not supplied by this intake.",BPS-H80-011867,Health Center Service Delivery and Look-Alike Sites,2026-06-19,2026-06-19,needs_review,
hrsa-bps-h80-027891,Keystone Pediatric Dental Chambers Hill Drive,community_health_center,111 Chambers Hill Dr STE 202,Chambersburg,PA,42,Franklin County,42055,17201-7304,39.94344581,-77.64149065,717-709-7941,,,,,,,,,,HRSA operating hours per week: 52.00,unknown,,,,,,,,,HRSA Health Center Service Delivery and Look-Alike Sites,https://data.hrsa.gov/DataDownload/DD_Files/Health_Center_Service_Delivery_and_LookAlike_Sites.csv,2026-06-19,"Fields copied from the official HRSA CSV: site name, address, city, state, postal code, phone, website, HRSA geocoding coordinates, county/FIPS, operating hours per week, site status, and location setting. Site status: Active. Location setting: All Other Clinic Types. Operational schedule: Unknown. Daily hours, services, price, insurance, and accessibility fields were not supplied by this intake.",BPS-H80-027891,Health Center Service Delivery and Look-Alike Sites,2026-06-19,2026-06-19,needs_review,
hrsa-bps-h80-018437,BTAMC Primary Care Center,community_health_center,"790 Bryan St, #1",Huntingdon,PA,42,Huntingdon County,42061,16652-2410,40.49310814,-78.01136921,814-643-8300,,,,,,,,,,HRSA operating hours per week: 48.50,unknown,,,,,,,,,HRSA Health Center Service Delivery and Look-Alike Sites,https://data.hrsa.gov/DataDownload/DD_Files/Health_Center_Service_Delivery_and_LookAlike_Sites.csv,2026-06-19,"Fields copied from the official HRSA CSV: site name, address, city, state, postal code, phone, website, HRSA geocoding coordinates, county/FIPS, operating hours per week, site status, and location setting. Site status: Active. Location setting: All Other Clinic Types. Operational schedule: Unknown. Daily hours, services, price, insurance, and accessibility fields were not supplied by this intake.",BPS-H80-018437,Health Center Service Delivery and Look-Alike Sites,2026-06-19,2026-06-19,needs_review,
hrsa-bps-lal-031795,Caring Community Health Center - Hazleton,community_health_center,426 Airport Rd,Hazle Township,PA,42,Luzerne County,42079,18202-3361,40.99126631,-76.00539537,570-459-9730,https://www.pacommunitycare.org/locations,,,,,,,,,HRSA operating hours per week: 82.00,unknown,,,,,,,,,HRSA Health Center Service Delivery and Look-Alike Sites,https://data.hrsa.gov/DataDownload/DD_Files/Health_Center_Service_Delivery_and_LookAlike_Sites.csv,2026-06-19,"Fields copied from the official HRSA CSV: site name, address, city, state, postal code, phone, website, HRSA geocoding coordinates, county/FIPS, operating hours per week, site status, and location setting. Site status: Active. Location setting: All Other Clinic Types. Operational schedule: Unknown. Daily hours, services, price, insurance, and accessibility fields were not supplied by this intake.",BPS-LAL-031795,Health Center Service Delivery and Look-Alike Sites,2026-06-19,2026-06-19,needs_review,
hrsa-bps-h80-035459,Hyndman Area Health Center- Mobile Unit #1,community_health_center,144 5th Ave,Hyndman,PA,42,Bedford County,42009,15545-7379,39.81715794,-78.71638659,814-842-3206,,,,,,,,,,HRSA operating hours per week: 8.00,unknown,,,,,,,,,HRSA Health Center Service Delivery and Look-Alike Sites,https://data.hrsa.gov/DataDownload/DD_Files/Health_Center_Service_Delivery_and_LookAlike_Sites.csv,2026-06-19,"Fields copied from the official HRSA CSV: site name, address, city, state, postal code, phone, website, HRSA geocoding coordinates, county/FIPS, operating hours per week, site status, and location setting. Site status: Active. Location setting: All Other Clinic Types. Operational schedule: Unknown. Daily hours, services, price, insurance, and accessibility fields were not supplied by this intake.",BPS-H80-035459,Health Center Service Delivery and Look-Alike Sites,2026-06-19,2026-06-19,needs_review,
hrsa-bps-h80-037057,BTAMC Pediatric & Family Healthcare,community_health_center,6311 Margy Dr,Huntingdon,PA,42,Huntingdon County,42061,16652-7565,40.47574402,-78.05651699,814-506-8490,,,,,,,,,,HRSA operating hours per week: 49.50,unknown,,,,,,,,,HRSA Health Center Service Delivery and Look-Alike Sites,https://data.hrsa.gov/DataDownload/DD_Files/Health_Center_Service_Delivery_and_LookAlike_Sites.csv,2026-06-19,"Fields copied from the official HRSA CSV: site name, address, city, state, postal code, phone, website, HRSA geocoding coordinates, county/FIPS, operating hours per week, site status, and location setting. Site status: Active. Location setting: All Other Clinic Types. Operational schedule: Unknown. Daily hours, services, price, insurance, and accessibility fields were not supplied by this intake.",BPS-H80-037057,Health Center Service Delivery and Look-Alike Sites,2026-06-19,2026-06-19,needs_review,
hrsa-bps-h80-015700,Sadler Health Center Corporation Perry County Dental,community_health_center,1104 Montour Rd,Loysville,PA,42,Perry County,42099,17047,40.36401331,-77.33911389,717-960-4380,www.sadlerhealth.org,,,,,,,,,HRSA operating hours per week: 24.00,unknown,,,,,,,,,HRSA Health Center Service Delivery and Look-Alike Sites,https://data.hrsa.gov/DataDownload/DD_Files/Health_Center_Service_Delivery_and_LookAlike_Sites.csv,2026-06-19,"Fields copied from the official HRSA CSV: site name, address, city, state, postal code, phone, website, HRSA geocoding coordinates, county/FIPS, operating hours per week, site status, and location setting. Site status: Active. Location setting: All Other Clinic Types. Operational schedule: Unknown. Daily hours, services, price, insurance, and accessibility fields were not supplied by this intake.",BPS-H80-015700,Health Center Service Delivery and Look-Alike Sites,2026-06-19,2026-06-19,needs_review,
hrsa-bps-h80-005235,"QUALITY COMMUNITY HEALTH CARE, INC.",community_health_center,2501 W Lehigh Ave,Philadelphia,PA,42,Philadelphia County,42101,19132-3207,39.99647564,-75.17253360,215-227-0300,qchc@qchc.org,,,,,,,,,HRSA operating hours per week: 60.00,unknown,,,,,,,,,HRSA Health Center Service Delivery and Look-Alike Sites,https://data.hrsa.gov/DataDownload/DD_Files/Health_Center_Service_Delivery_and_LookAlike_Sites.csv,2026-06-19,"Fields copied from the official HRSA CSV: site name, address, city, state, postal code, phone, website, HRSA geocoding coordinates, county/FIPS, operating hours per week, site status, and location setting. Site status: Active. Location setting: All Other Clinic Types. Operational schedule: Full-Time. Daily hours, services, price, insurance, and accessibility fields were not supplied by this intake.",BPS-H80-005235,Health Center Service Delivery and Look-Alike Sites,2026-06-19,2026-06-19,needs_review,
hrsa-bps-h80-005322,STEEL VALLEY FAMILY HLTH CENTER,community_health_center,1800 West St,Homestead,PA,42,Allegheny County,42003,15120-2563,40.39932361,-79.90668440,412-461-3863,N/A,,,,,,,,,HRSA operating hours per week: 40.00,unknown,,,,,,,,,HRSA Health Center Service Delivery and Look-Alike Sites,https://data.hrsa.gov/DataDownload/DD_Files/Health_Center_Service_Delivery_and_LookAlike_Sites.csv,2026-06-19,"Fields copied from the official HRSA CSV: site name, address, city, state, postal code, phone, website, HRSA geocoding coordinates, county/FIPS, operating hours per week, site status, and location setting. Site status: Active. Location setting: All Other Clinic Types. Operational schedule: Full-Time. Daily hours, services, price, insurance, and accessibility fields were not supplied by this intake.",BPS-H80-005322,Health Center Service Delivery and Look-Alike Sites,2026-06-19,2026-06-19,needs_review,
hrsa-bps-h80-019617,COMMUNITY HUMAN SERVICES/WOOD STREET COMMONS,community_health_center,301 3rd Ave,Pittsburgh,PA,42,Allegheny County,42003,15222-1924,40.43877396,-80.00134089,412-621-4706,,,,,,,,,,HRSA operating hours per week: 12.00,unknown,,,,,,,,,HRSA Health Center Service Delivery and Look-Alike Sites,https://data.hrsa.gov/DataDownload/DD_Files/Health_Center_Service_Delivery_and_LookAlike_Sites.csv,2026-06-19,"Fields copied from the official HRSA CSV: site name, address, city, state, postal code, phone, website, HRSA geocoding coordinates, county/FIPS, operating hours per week, site status, and location setting. Site status: Active. Location setting: All Other Clinic Types. Operational schedule: Unknown. Daily hours, services, price, insurance, and accessibility fields were not supplied by this intake.",BPS-H80-019617,Health Center Service Delivery and Look-Alike Sites,2026-06-19,2026-06-19,needs_review,
hrsa-bps-h80-038912,William Penn Senior High,community_health_center,101 W College Ave,York,PA,42,York County,42133,17401-5497,39.95783557,-76.72872696,717-801-4800,,,,,,,,,,HRSA operating hours per week: 32.00,unknown,,,,,,,,,HRSA Health Center Service Delivery and Look-Alike Sites,https://data.hrsa.gov/DataDownload/DD_Files/Health_Center_Service_Delivery_and_LookAlike_Sites.csv,2026-06-19,"Fields copied from the official HRSA CSV: site name, address, city, state, postal code, phone, website, HRSA geocoding coordinates, county/FIPS, operating hours per week, site status, and location setting. Site status: Active. Location setting: School. Operational schedule: Unknown. Daily hours, services, price, insurance, and accessibility fields were not supplied by this intake.",BPS-H80-038912,Health Center Service Delivery and Look-Alike Sites,2026-06-19,2026-06-19,needs_review,
hrsa-bps-h80-005451,Chinatown Medical Services - 2,community_health_center,432 N 6th St,Philadelphia,PA,42,Philadelphia County,42101,19123-4004,39.95919846,-75.14907492,215-925-2400,WWW.GPHAINC.ORG,,,,,,,,,HRSA operating hours per week: 53.50,unknown,,,,,,,,,HRSA Health Center Service Delivery and Look-Alike Sites,https://data.hrsa.gov/DataDownload/DD_Files/Health_Center_Service_Delivery_and_LookAlike_Sites.csv,2026-06-19,"Fields copied from the official HRSA CSV: site name, address, city, state, postal code, phone, website, HRSA geocoding coordinates, county/FIPS, operating hours per week, site status, and location setting. Site status: Active. Location setting: All Other Clinic Types. Operational schedule: Full-Time. Daily hours, services, price, insurance, and accessibility fields were not supplied by this intake.",BPS-H80-005451,Health Center Service Delivery and Look-Alike Sites,2026-06-19,2026-06-19,needs_review,
hrsa-bps-lal-032618,Star Community Health OB/GYN - Bethlehem,community_health_center,"800 Eaton Ave, Suite 202",Bethlehem,PA,42,Lehigh County,42077,18018-1895,40.63407633,-75.39312920,484-526-4761,starcommunityhealth.org,,,,,,,,,HRSA operating hours per week: 49.25,unknown,,,,,,,,,HRSA Health Center Service Delivery and Look-Alike Sites,https://data.hrsa.gov/DataDownload/DD_Files/Health_Center_Service_Delivery_and_LookAlike_Sites.csv,2026-06-19,"Fields copied from the official HRSA CSV: site name, address, city, state, postal code, phone, website, HRSA geocoding coordinates, county/FIPS, operating hours per week, site status, and location setting. Site status: Active. Location setting: All Other Clinic Types. Operational schedule: Unknown. Daily hours, services, price, insurance, and accessibility fields were not supplied by this intake.",BPS-LAL-032618,Health Center Service Delivery and Look-Alike Sites,2026-06-19,2026-06-19,needs_review,
hrsa-bps-h80-029954,"Community Health Clinic, Inc.",community_health_center,"218 S Maple Ave, Suite 102",Greensburg,PA,42,Westmoreland County,42129,15601-3200,40.30088754,-79.54298532,724-335-3334,,,,,,,,,,HRSA operating hours per week: 40.00,unknown,,,,,,,,,HRSA Health Center Service Delivery and Look-Alike Sites,https://data.hrsa.gov/DataDownload/DD_Files/Health_Center_Service_Delivery_and_LookAlike_Sites.csv,2026-06-19,"Fields copied from the official HRSA CSV: site name, address, city, state, postal code, phone, website, HRSA geocoding coordinates, county/FIPS, operating hours per week, site status, and location setting. Site status: Active. Location setting: All Other Clinic Types. Operational schedule: Unknown. Daily hours, services, price, insurance, and accessibility fields were not supplied by this intake.",BPS-H80-029954,Health Center Service Delivery and Look-Alike Sites,2026-06-19,2026-06-19,needs_review,
hrsa-bps-h80-011223,Mobile Medical Unit,community_health_center,4516 Browns Hill Rd,Pittsburgh,PA,42,Allegheny County,42003,15217-2917,40.41694337,-79.92546875,412-422-7442,,,,,,,,,,HRSA operating hours per week: 22.00,unknown,,,,,,,,,HRSA Health Center Service Delivery and Look-Alike Sites,https://data.hrsa.gov/DataDownload/DD_Files/Health_Center_Service_Delivery_and_LookAlike_Sites.csv,2026-06-19,"Fields copied from the official HRSA CSV: site name, address, city, state, postal code, phone, website, HRSA geocoding coordinates, county/FIPS, operating hours per week, site status, and location setting. Site status: Active. Location setting: All Other Clinic Types. Operational schedule: Part-Time. Daily hours, services, price, insurance, and accessibility fields were not supplied by this intake.",BPS-H80-011223,Health Center Service Delivery and Look-Alike Sites,2026-06-19,2026-06-19,needs_review,
hrsa-bps-h80-007473,Health Shoppe,community_health_center,1600 Roemer Blvd,Farrell,PA,42,Mercer County,42085,16121-1798,41.21270949,-80.48556596,724-509-1369,www.primary-health.net,,,,,,,,,HRSA operating hours per week: 9.50,unknown,,,,,,,,,HRSA Health Center Service Delivery and Look-Alike Sites,https://data.hrsa.gov/DataDownload/DD_Files/Health_Center_Service_Delivery_and_LookAlike_Sites.csv,2026-06-19,"Fields copied from the official HRSA CSV: site name, address, city, state, postal code, phone, website, HRSA geocoding coordinates, county/FIPS, operating hours per week, site status, and location setting. Site status: Active. Location setting: School. Operational schedule: Part-Time. Daily hours, services, price, insurance, and accessibility fields were not supplied by this intake.",BPS-H80-007473,Health Center Service Delivery and Look-Alike Sites,2026-06-19,2026-06-19,needs_review,
hrsa-bps-h80-028109,Dr. BLJ Sayre Health Center Mobile Van,community_health_center,5800 Walnut St,Philadelphia,PA,42,Philadelphia County,42101,19139-3898,39.95746458,-75.23868978,215-474-4444,Sayrehealth.org,,,,,,,,,HRSA operating hours per week: 16.00,unknown,,,,,,,,,HRSA Health Center Service Delivery and Look-Alike Sites,https://data.hrsa.gov/DataDownload/DD_Files/Health_Center_Service_Delivery_and_LookAlike_Sites.csv,2026-06-19,"Fields copied from the official HRSA CSV: site name, address, city, state, postal code, phone, website, HRSA geocoding coordinates, county/FIPS, operating hours per week, site status, and location setting. Site status: Active. Location setting: All Other Clinic Types. Operational schedule: Unknown. Daily hours, services, price, insurance, and accessibility fields were not supplied by this intake.",BPS-H80-028109,Health Center Service Delivery and Look-Alike Sites,2026-06-19,2026-06-19,needs_review,
hrsa-bps-h80-030096,Lebanon Center,community_health_center,300 Willow St,Lebanon,PA,42,Lebanon County,42075,17046-4871,40.34094357,-76.41735192,718-801-4804,,,,,,,,,,HRSA operating hours per week: 60.00,unknown,,,,,,,,,HRSA Health Center Service Delivery and Look-Alike Sites,https://data.hrsa.gov/DataDownload/DD_Files/Health_Center_Service_Delivery_and_LookAlike_Sites.csv,2026-06-19,"Fields copied from the official HRSA CSV: site name, address, city, state, postal code, phone, website, HRSA geocoding coordinates, county/FIPS, operating hours per week, site status, and location setting. Site status: Active. Location setting: All Other Clinic Types. Operational schedule: Unknown. Daily hours, services, price, insurance, and accessibility fields were not supplied by this intake.",BPS-H80-030096,Health Center Service Delivery and Look-Alike Sites,2026-06-19,2026-06-19,needs_review,
hrsa-bps-h80-039886,Emlenton Health Center,community_health_center,516 Main St,Emlenton,PA,42,Venango County,42121,16373-9300,41.17731187,-79.70952393,724-704-4358,,,,,,,,,,HRSA operating hours per week: 40.00,unknown,,,,,,,,,HRSA Health Center Service Delivery and Look-Alike Sites,https://data.hrsa.gov/DataDownload/DD_Files/Health_Center_Service_Delivery_and_LookAlike_Sites.csv,2026-06-19,"Fields copied from the official HRSA CSV: site name, address, city, state, postal code, phone, website, HRSA geocoding coordinates, county/FIPS, operating hours per week, site status, and location setting. Site status: Active. Location setting: All Other Clinic Types. Operational schedule: Unknown. Daily hours, services, price, insurance, and accessibility fields were not supplied by this intake.",BPS-H80-039886,Health Center Service Delivery and Look-Alike Sites,2026-06-19,2026-06-19,needs_review,
hrsa-bps-h80-038079,Hamilton Health Center Family Practice at Steelton,community_health_center,120 N Front St,Steelton,PA,42,Dauphin County,42043,17113-2236,40.23540003,-76.84177788,717-232-9971,,,,,,,,,,HRSA operating hours per week: 40.00,unknown,,,,,,,,,HRSA Health Center Service Delivery and Look-Alike Sites,https://data.hrsa.gov/DataDownload/DD_Files/Health_Center_Service_Delivery_and_LookAlike_Sites.csv,2026-06-19,"Fields copied from the official HRSA CSV: site name, address, city, state, postal code, phone, website, HRSA geocoding coordinates, county/FIPS, operating hours per week, site status, and location setting. Site status: Active. Location setting: All Other Clinic Types. Operational schedule: Unknown. Daily hours, services, price, insurance, and accessibility fields were not supplied by this intake.",BPS-H80-038079,Health Center Service Delivery and Look-Alike Sites,2026-06-19,2026-06-19,needs_review,
hrsa-bps-h80-014910,Schuylkill Community Health Center,community_health_center,210 Sunbury St,Minersville,PA,42,Schuylkill County,42107,17954-1346,40.69127502,-76.26098802,570-544-9123,http://www.primary-health.net,,,,,,,,,HRSA operating hours per week: 42.50,unknown,,,,,,,,,HRSA Health Center Service Delivery and Look-Alike Sites,https://data.hrsa.gov/DataDownload/DD_Files/Health_Center_Service_Delivery_and_LookAlike_Sites.csv,2026-06-19,"Fields copied from the official HRSA CSV: site name, address, city, state, postal code, phone, website, HRSA geocoding coordinates, county/FIPS, operating hours per week, site status, and location setting. Site status: Active. Location setting: All Other Clinic Types. Operational schedule: Unknown. Daily hours, services, price, insurance, and accessibility fields were not supplied by this intake.",BPS-H80-014910,Health Center Service Delivery and Look-Alike Sites,2026-06-19,2026-06-19,needs_review,
hrsa-bps-h80-038937,East Liberty Family Healthcare Center- Uptown/Hill District,community_health_center,1425 Forbes Ave,Pittsburgh,PA,42,Allegheny County,42003,15219-5140,40.43793338,-79.98537505,412-661-2802,,,,,,,,,,HRSA operating hours per week: 40.00,unknown,,,,,,,,,HRSA Health Center Service Delivery and Look-Alike Sites,https://data.hrsa.gov/DataDownload/DD_Files/Health_Center_Service_Delivery_and_LookAlike_Sites.csv,2026-06-19,"Fields copied from the official HRSA CSV: site name, address, city, state, postal code, phone, website, HRSA geocoding coordinates, county/FIPS, operating hours per week, site status, and location setting. Site status: Active. Location setting: All Other Clinic Types. Operational schedule: Unknown. Daily hours, services, price, insurance, and accessibility fields were not supplied by this intake.",BPS-H80-038937,Health Center Service Delivery and Look-Alike Sites,2026-06-19,2026-06-19,needs_review,
hrsa-bps-h80-021844,Ebensburg Health Center,community_health_center,"152 Zeman Dr, Suite 301",Ebensburg,PA,42,Cambria County,42021,15931-4130,40.46551843,-78.75831739,814-846-5060,https://primary-health.net/,,,,,,,,,HRSA operating hours per week: 47.00,unknown,,,,,,,,,HRSA Health Center Service Delivery and Look-Alike Sites,https://data.hrsa.gov/DataDownload/DD_Files/Health_Center_Service_Delivery_and_LookAlike_Sites.csv,2026-06-19,"Fields copied from the official HRSA CSV: site name, address, city, state, postal code, phone, website, HRSA geocoding coordinates, county/FIPS, operating hours per week, site status, and location setting. Site status: Active. Location setting: All Other Clinic Types. Operational schedule: Unknown. Daily hours, services, price, insurance, and accessibility fields were not supplied by this intake.",BPS-H80-021844,Health Center Service Delivery and Look-Alike Sites,2026-06-19,2026-06-19,needs_review,
hrsa-bps-h80-017169,Reed Street Health Center,community_health_center,1325 S 33rd St STE 300,Philadelphia,PA,42,Philadelphia County,42101,19146-3303,39.93709103,-75.19799095,215-471-2761,www.spectrumhs.org,,,,,,,,,HRSA operating hours per week: 42.50,unknown,,,,,,,,,HRSA Health Center Service Delivery and Look-Alike Sites,https://data.hrsa.gov/DataDownload/DD_Files/Health_Center_Service_Delivery_and_LookAlike_Sites.csv,2026-06-19,"Fields copied from the official HRSA CSV: site name, address, city, state, postal code, phone, website, HRSA geocoding coordinates, county/FIPS, operating hours per week, site status, and location setting. Site status: Active. Location setting: All Other Clinic Types. Operational schedule: Unknown. Daily hours, services, price, insurance, and accessibility fields were not supplied by this intake.",BPS-H80-017169,Health Center Service Delivery and Look-Alike Sites,2026-06-19,2026-06-19,needs_review,
hrsa-bps-h80-034215,River Valley Health - Lock Haven Medical and Dental,community_health_center,124 E Walnut St STE 2,Lock Haven,PA,42,Clinton County,42035,17745-3522,41.13268230,-77.44514105,570-567-5400,www.rivervalleyhealthpa.org,,,,,,,,,HRSA operating hours per week: 44.00,unknown,,,,,,,,,HRSA Health Center Service Delivery and Look-Alike Sites,https://data.hrsa.gov/DataDownload/DD_Files/Health_Center_Service_Delivery_and_LookAlike_Sites.csv,2026-06-19,"Fields copied from the official HRSA CSV: site name, address, city, state, postal code, phone, website, HRSA geocoding coordinates, county/FIPS, operating hours per week, site status, and location setting. Site status: Active. Location setting: All Other Clinic Types. Operational schedule: Unknown. Daily hours, services, price, insurance, and accessibility fields were not supplied by this intake.",BPS-H80-034215,Health Center Service Delivery and Look-Alike Sites,2026-06-19,2026-06-19,needs_review,
hrsa-bps-h80-014332,Wayne Primary Care,community_health_center,650 East Ave,Erie,PA,42,Erie County,42049,16503-1524,42.13704016,-80.06316397,814-455-5505,,,,,,,,,,HRSA operating hours per week: 45.00,unknown,,,,,,,,,HRSA Health Center Service Delivery and Look-Alike Sites,https://data.hrsa.gov/DataDownload/DD_Files/Health_Center_Service_Delivery_and_LookAlike_Sites.csv,2026-06-19,"Fields copied from the official HRSA CSV: site name, address, city, state, postal code, phone, website, HRSA geocoding coordinates, county/FIPS, operating hours per week, site status, and location setting. Site status: Active. Location setting: All Other Clinic Types. Operational schedule: Unknown. Daily hours, services, price, insurance, and accessibility fields were not supplied by this intake.",BPS-H80-014332,Health Center Service Delivery and Look-Alike Sites,2026-06-19,2026-06-19,needs_review,
hrsa-bps-h80-021870,Keystone Life Skills Center Chambers Hill Drive,community_health_center,110 Chambers Hill Dr,Chambersburg,PA,42,Franklin County,42055,17201-7301,39.94262413,-77.64234066,717-709-7997,,,,,,,,,,HRSA operating hours per week: 55.50,unknown,,,,,,,,,HRSA Health Center Service Delivery and Look-Alike Sites,https://data.hrsa.gov/DataDownload/DD_Files/Health_Center_Service_Delivery_and_LookAlike_Sites.csv,2026-06-19,"Fields copied from the official HRSA CSV: site name, address, city, state, postal code, phone, website, HRSA geocoding coordinates, county/FIPS, operating hours per week, site status, and location setting. Site status: Active. Location setting: All Other Clinic Types. Operational schedule: Unknown. Daily hours, services, price, insurance, and accessibility fields were not supplied by this intake.",BPS-H80-021870,Health Center Service Delivery and Look-Alike Sites,2026-06-19,2026-06-19,needs_review,
hrsa-bps-h80-022135,Covenant House Health and Dental Services,community_health_center,8127 Stenton Ave,Philadelphia,PA,42,Philadelphia County,42101,19150-3530,40.06753398,-75.17894592,261-331-9832,,,,,,,,,,HRSA operating hours per week: 40.00,unknown,,,,,,,,,HRSA Health Center Service Delivery and Look-Alike Sites,https://data.hrsa.gov/DataDownload/DD_Files/Health_Center_Service_Delivery_and_LookAlike_Sites.csv,2026-06-19,"Fields copied from the official HRSA CSV: site name, address, city, state, postal code, phone, website, HRSA geocoding coordinates, county/FIPS, operating hours per week, site status, and location setting. Site status: Active. Location setting: All Other Clinic Types. Operational schedule: Unknown. Daily hours, services, price, insurance, and accessibility fields were not supplied by this intake.",BPS-H80-022135,Health Center Service Delivery and Look-Alike Sites,2026-06-19,2026-06-19,needs_review,
hrsa-bps-h80-018770,Fairmount Primary Care Center at Sharon Hill-Delaware County,community_health_center,800 Chester Pike,Sharon Hill,PA,42,Delaware County,42045,19079-1400,39.91186598,-75.26986401,215-235-9600,,,,,,,,,,HRSA operating hours per week: 40.00,unknown,,,,,,,,,HRSA Health Center Service Delivery and Look-Alike Sites,https://data.hrsa.gov/DataDownload/DD_Files/Health_Center_Service_Delivery_and_LookAlike_Sites.csv,2026-06-19,"Fields copied from the official HRSA CSV: site name, address, city, state, postal code, phone, website, HRSA geocoding coordinates, county/FIPS, operating hours per week, site status, and location setting. Site status: Active. Location setting: All Other Clinic Types. Operational schedule: Unknown. Daily hours, services, price, insurance, and accessibility fields were not supplied by this intake.",BPS-H80-018770,Health Center Service Delivery and Look-Alike Sites,2026-06-19,2026-06-19,needs_review,
hrsa-bps-h80-022097,Perry County,community_health_center,46 Red Hill Ct,Newport,PA,42,Perry County,42099,17074-8706,40.48668098,-77.11818899,717-232-9971,,,,,,,,,,HRSA operating hours per week: 40.00,unknown,,,,,,,,,HRSA Health Center Service Delivery and Look-Alike Sites,https://data.hrsa.gov/DataDownload/DD_Files/Health_Center_Service_Delivery_and_LookAlike_Sites.csv,2026-06-19,"Fields copied from the official HRSA CSV: site name, address, city, state, postal code, phone, website, HRSA geocoding coordinates, county/FIPS, operating hours per week, site status, and location setting. Site status: Active. Location setting: All Other Clinic Types. Operational schedule: Unknown. Daily hours, services, price, insurance, and accessibility fields were not supplied by this intake.",BPS-H80-022097,Health Center Service Delivery and Look-Alike Sites,2026-06-19,2026-06-19,needs_review,
hrsa-bps-h80-017359,Matthew W. Stahl Memorial Health Center,community_health_center,"498 S Main St, Suite D",Montrose,PA,42,Susquehanna County,42115,18801-1317,41.83242001,-75.87891598,570-278-5161,www.nepachc.org,,,,,,,,,HRSA operating hours per week: 50.00,unknown,,,,,,,,,HRSA Health Center Service Delivery and Look-Alike Sites,https://data.hrsa.gov/DataDownload/DD_Files/Health_Center_Service_Delivery_and_LookAlike_Sites.csv,2026-06-19,"Fields copied from the official HRSA CSV: site name, address, city, state, postal code, phone, website, HRSA geocoding coordinates, county/FIPS, operating hours per week, site status, and location setting. Site status: Active. Location setting: All Other Clinic Types. Operational schedule: Unknown. Daily hours, services, price, insurance, and accessibility fields were not supplied by this intake.",BPS-H80-017359,Health Center Service Delivery and Look-Alike Sites,2026-06-19,2026-06-19,needs_review,
hrsa-bps-h80-035492,Neighborhood Health Centers of the Lehigh Valley- Broad St Dental & Pharmacy,community_health_center,637 E Broad St,Bethlehem,PA,42,Northampton County,42095,18018-6332,40.62209313,-75.36335773,610-841-8400 x3,www.nhclv.org,,,,,,,,,HRSA operating hours per week: 44.00,unknown,,,,,,,,,HRSA Health Center Service Delivery and Look-Alike Sites,https://data.hrsa.gov/DataDownload/DD_Files/Health_Center_Service_Delivery_and_LookAlike_Sites.csv,2026-06-19,"Fields copied from the official HRSA CSV: site name, address, city, state, postal code, phone, website, HRSA geocoding coordinates, county/FIPS, operating hours per week, site status, and location setting. Site status: Active. Location setting: All Other Clinic Types. Operational schedule: Unknown. Daily hours, services, price, insurance, and accessibility fields were not supplied by this intake.",BPS-H80-035492,Health Center Service Delivery and Look-Alike Sites,2026-06-19,2026-06-19,needs_review,
hrsa-bps-lal-032873,Star Community Health Dental - Bethlehem,community_health_center,"511 E 3rd St, Ste 260",Bethlehem,PA,42,Northampton County,42095,18015-2072,40.61217756,-75.37169022,484-526-2460,starcommunityhealth.org,,,,,,,,,HRSA operating hours per week: 42.50,unknown,,,,,,,,,HRSA Health Center Service Delivery and Look-Alike Sites,https://data.hrsa.gov/DataDownload/DD_Files/Health_Center_Service_Delivery_and_LookAlike_Sites.csv,2026-06-19,"Fields copied from the official HRSA CSV: site name, address, city, state, postal code, phone, website, HRSA geocoding coordinates, county/FIPS, operating hours per week, site status, and location setting. Site status: Active. Location setting: All Other Clinic Types. Operational schedule: Unknown. Daily hours, services, price, insurance, and accessibility fields were not supplied by this intake.",BPS-LAL-032873,Health Center Service Delivery and Look-Alike Sites,2026-06-19,2026-06-19,needs_review,
hrsa-bps-h80-027887,Hamilton Family Care at Millersburg,community_health_center,1000 Evelyn Dr,Millersburg,PA,42,Dauphin County,42043,17061-1275,40.55456283,-76.95411827,717-232-9971,,,,,,,,,,HRSA operating hours per week: 40.00,unknown,,,,,,,,,HRSA Health Center Service Delivery and Look-Alike Sites,https://data.hrsa.gov/DataDownload/DD_Files/Health_Center_Service_Delivery_and_LookAlike_Sites.csv,2026-06-19,"Fields copied from the official HRSA CSV: site name, address, city, state, postal code, phone, website, HRSA geocoding coordinates, county/FIPS, operating hours per week, site status, and location setting. Site status: Active. Location setting: All Other Clinic Types. Operational schedule: Unknown. Daily hours, services, price, insurance, and accessibility fields were not supplied by this intake.",BPS-H80-027887,Health Center Service Delivery and Look-Alike Sites,2026-06-19,2026-06-19,needs_review,
hrsa-bps-h80-024515,California Middle/Elementary School,community_health_center,40 Trojan Way,Coal Center,PA,42,Washington County,42125,15423-1059,40.04767201,-79.92709098,724-632-6801 x2258,,,,,,,,,,HRSA operating hours per week: 16.00,unknown,,,,,,,,,HRSA Health Center Service Delivery and Look-Alike Sites,https://data.hrsa.gov/DataDownload/DD_Files/Health_Center_Service_Delivery_and_LookAlike_Sites.csv,2026-06-19,"Fields copied from the official HRSA CSV: site name, address, city, state, postal code, phone, website, HRSA geocoding coordinates, county/FIPS, operating hours per week, site status, and location setting. Site status: Active. Location setting: School. Operational schedule: Unknown. Daily hours, services, price, insurance, and accessibility fields were not supplied by this intake.",BPS-H80-024515,Health Center Service Delivery and Look-Alike Sites,2026-06-19,2026-06-19,needs_review,
hrsa-bps-lal-039520,VHP Pediatrics - West End,community_health_center,120 Burrus Blvd,Brodheadsville,PA,42,Monroe County,42089,18322-7812,40.92585771,-75.38404917,570-476-3585,,,,,,,,,,HRSA operating hours per week: 24.00,unknown,,,,,,,,,HRSA Health Center Service Delivery and Look-Alike Sites,https://data.hrsa.gov/DataDownload/DD_Files/Health_Center_Service_Delivery_and_LookAlike_Sites.csv,2026-06-19,"Fields copied from the official HRSA CSV: site name, address, city, state, postal code, phone, website, HRSA geocoding coordinates, county/FIPS, operating hours per week, site status, and location setting. Site status: Active. Location setting: All Other Clinic Types. Operational schedule: Unknown. Daily hours, services, price, insurance, and accessibility fields were not supplied by this intake.",BPS-LAL-039520,Health Center Service Delivery and Look-Alike Sites,2026-06-19,2026-06-19,needs_review,
hrsa-bps-h80-011846,LCH Health and Community Services,community_health_center,731 W Cypress St,Kennett Square,PA,42,Chester County,42029,19348-2419,39.84452657,-75.72296262,610-444-7550,www.lacomunidadhispana.org,,,,,,,,,HRSA operating hours per week: 52.50,unknown,,,,,,,,,HRSA Health Center Service Delivery and Look-Alike Sites,https://data.hrsa.gov/DataDownload/DD_Files/Health_Center_Service_Delivery_and_LookAlike_Sites.csv,2026-06-19,"Fields copied from the official HRSA CSV: site name, address, city, state, postal code, phone, website, HRSA geocoding coordinates, county/FIPS, operating hours per week, site status, and location setting. Site status: Active. Location setting: All Other Clinic Types. Operational schedule: Full-Time. Daily hours, services, price, insurance, and accessibility fields were not supplied by this intake.",BPS-H80-011846,Health Center Service Delivery and Look-Alike Sites,2026-06-19,2026-06-19,needs_review,
hrsa-bps-h80-019278,CHESPENN HEALTH SERVICES,community_health_center,1510 Chester Pike,Crum Lynne,PA,42,Delaware County,42045,19022-1471,39.86572201,-75.33878396,610-485-3800,chespenn.org,,,,,,,,,,unknown,,,,,,,,,HRSA Health Center Service Delivery and Look-Alike Sites,https://data.hrsa.gov/DataDownload/DD_Files/Health_Center_Service_Delivery_and_LookAlike_Sites.csv,2026-06-19,"Fields copied from the official HRSA CSV: site name, address, city, state, postal code, phone, website, HRSA geocoding coordinates, county/FIPS, operating hours per week, site status, and location setting. Site status: Active. Location setting: Unknown. Operational schedule: Unknown. Daily hours, services, price, insurance, and accessibility fields were not supplied by this intake.",BPS-H80-019278,Health Center Service Delivery and Look-Alike Sites,2026-06-19,2026-06-19,needs_review,
hrsa-bps-lal-030249,Star Community Health Dental Sigal-Allentown,community_health_center,450 Chew St,Allentown,PA,42,Lehigh County,42077,18102-3434,40.60695823,-75.46916211,610-776-4802,starcommunityhealth.org,,,,,,,,,HRSA operating hours per week: 42.50,unknown,,,,,,,,,HRSA Health Center Service Delivery and Look-Alike Sites,https://data.hrsa.gov/DataDownload/DD_Files/Health_Center_Service_Delivery_and_LookAlike_Sites.csv,2026-06-19,"Fields copied from the official HRSA CSV: site name, address, city, state, postal code, phone, website, HRSA geocoding coordinates, county/FIPS, operating hours per week, site status, and location setting. Site status: Active. Location setting: All Other Clinic Types. Operational schedule: Unknown. Daily hours, services, price, insurance, and accessibility fields were not supplied by this intake.",BPS-LAL-030249,Health Center Service Delivery and Look-Alike Sites,2026-06-19,2026-06-19,needs_review,
hrsa-bps-h80-013224,Pathways to Housing - PA,community_health_center,5201 Old York Rd,Philadelphia,PA,42,Philadelphia County,42101,19141-2985,40.03288394,-75.14466310,215-390-1500,http://www.pathwaystohousing.org/site/pa/,,,,,,,,,HRSA operating hours per week: 20.00,unknown,,,,,,,,,HRSA Health Center Service Delivery and Look-Alike Sites,https://data.hrsa.gov/DataDownload/DD_Files/Health_Center_Service_Delivery_and_LookAlike_Sites.csv,2026-06-19,"Fields copied from the official HRSA CSV: site name, address, city, state, postal code, phone, website, HRSA geocoding coordinates, county/FIPS, operating hours per week, site status, and location setting. Site status: Active. Location setting: All Other Clinic Types. Operational schedule: Part-Time. Daily hours, services, price, insurance, and accessibility fields were not supplied by this intake.",BPS-H80-013224,Health Center Service Delivery and Look-Alike Sites,2026-06-19,2026-06-19,needs_review,
hrsa-bps-h80-000860,East Liberty Family Health Care Center-LL,community_health_center,7171 Churchland St,Pittsburgh,PA,42,Allegheny County,42003,15206-1217,40.46997010,-79.89455687,412-661-2802,www.elfhcc.com,,,,,,,,,HRSA operating hours per week: 41.25,unknown,,,,,,,,,HRSA Health Center Service Delivery and Look-Alike Sites,https://data.hrsa.gov/DataDownload/DD_Files/Health_Center_Service_Delivery_and_LookAlike_Sites.csv,2026-06-19,"Fields copied from the official HRSA CSV: site name, address, city, state, postal code, phone, website, HRSA geocoding coordinates, county/FIPS, operating hours per week, site status, and location setting. Site status: Active. Location setting: All Other Clinic Types. Operational schedule: Full-Time. Daily hours, services, price, insurance, and accessibility fields were not supplied by this intake.",BPS-H80-000860,Health Center Service Delivery and Look-Alike Sites,2026-06-19,2026-06-19,needs_review,
hrsa-bps-h80-000954,Buhl Farm Community Health Center,community_health_center,220 N Buhl Farm Dr,Hermitage,PA,42,Mercer County,42085,16148-1786,41.23663471,-80.46984679,724-342-2789,www.primary-health.net,,,,,,,,,HRSA operating hours per week: 41.50,unknown,,,,,,,,,HRSA Health Center Service Delivery and Look-Alike Sites,https://data.hrsa.gov/DataDownload/DD_Files/Health_Center_Service_Delivery_and_LookAlike_Sites.csv,2026-06-19,"Fields copied from the official HRSA CSV: site name, address, city, state, postal code, phone, website, HRSA geocoding coordinates, county/FIPS, operating hours per week, site status, and location setting. Site status: Active. Location setting: All Other Clinic Types. Operational schedule: Full-Time. Daily hours, services, price, insurance, and accessibility fields were not supplied by this intake.",BPS-H80-000954,Health Center Service Delivery and Look-Alike Sites,2026-06-19,2026-06-19,needs_review,
hrsa-bps-h80-022201,LCH Health and Community Services,community_health_center,"105 Vineyard Way, Suite 200",West Grove,PA,42,Chester County,42029,19390-8849,39.81844917,-75.87187786,610-444-7550,,,,,,,,,,HRSA operating hours per week: 51.00,unknown,,,,,,,,,HRSA Health Center Service Delivery and Look-Alike Sites,https://data.hrsa.gov/DataDownload/DD_Files/Health_Center_Service_Delivery_and_LookAlike_Sites.csv,2026-06-19,"Fields copied from the official HRSA CSV: site name, address, city, state, postal code, phone, website, HRSA geocoding coordinates, county/FIPS, operating hours per week, site status, and location setting. Site status: Active. Location setting: All Other Clinic Types. Operational schedule: Unknown. Daily hours, services, price, insurance, and accessibility fields were not supplied by this intake.",BPS-H80-022201,Health Center Service Delivery and Look-Alike Sites,2026-06-19,2026-06-19,needs_review,
hrsa-bps-h80-019151,Transfer Health Center,community_health_center,225 Edgewood Drive Ext,Transfer,PA,42,Mercer County,42085,16154-1817,41.33049903,-80.41976282,724-962-3553,http://www.primary-health.net,,,,,,,,,HRSA operating hours per week: 44.00,unknown,,,,,,,,,HRSA Health Center Service Delivery and Look-Alike Sites,https://data.hrsa.gov/DataDownload/DD_Files/Health_Center_Service_Delivery_and_LookAlike_Sites.csv,2026-06-19,"Fields copied from the official HRSA CSV: site name, address, city, state, postal code, phone, website, HRSA geocoding coordinates, county/FIPS, operating hours per week, site status, and location setting. Site status: Active. Location setting: All Other Clinic Types. Operational schedule: Unknown. Daily hours, services, price, insurance, and accessibility fields were not supplied by this intake.",BPS-H80-019151,Health Center Service Delivery and Look-Alike Sites,2026-06-19,2026-06-19,needs_review,
hrsa-bps-h80-036497,Washington Elementary,community_health_center,545 S Ann St,Lancaster,PA,42,Lancaster County,42071,17602-4543,40.03071940,-76.29250607,717-299-6371,,,,,,,,,,HRSA operating hours per week: 36.00,unknown,,,,,,,,,HRSA Health Center Service Delivery and Look-Alike Sites,https://data.hrsa.gov/DataDownload/DD_Files/Health_Center_Service_Delivery_and_LookAlike_Sites.csv,2026-06-19,"Fields copied from the official HRSA CSV: site name, address, city, state, postal code, phone, website, HRSA geocoding coordinates, county/FIPS, operating hours per week, site status, and location setting. Site status: Active. Location setting: School. Operational schedule: Unknown. Daily hours, services, price, insurance, and accessibility fields were not supplied by this intake.",BPS-H80-036497,Health Center Service Delivery and Look-Alike Sites,2026-06-19,2026-06-19,needs_review,
hrsa-bps-h80-001045,MONROE-NOXEN HEALTH CENTER,community_health_center,2888 State Route 29,Noxen,PA,42,Wyoming County,42131,18636,41.42658498,-76.02471398,570-298-2121,N/A,,,,,,,,,HRSA operating hours per week: 40.00,unknown,,,,,,,,,HRSA Health Center Service Delivery and Look-Alike Sites,https://data.hrsa.gov/DataDownload/DD_Files/Health_Center_Service_Delivery_and_LookAlike_Sites.csv,2026-06-19,"Fields copied from the official HRSA CSV: site name, address, city, state, postal code, phone, website, HRSA geocoding coordinates, county/FIPS, operating hours per week, site status, and location setting. Site status: Active. Location setting: All Other Clinic Types. Operational schedule: Full-Time. Daily hours, services, price, insurance, and accessibility fields were not supplied by this intake.",BPS-H80-001045,Health Center Service Delivery and Look-Alike Sites,2026-06-19,2026-06-19,needs_review,
hrsa-bps-h80-017005,Highland Physicians Family Health Center,community_health_center,1839 Fair Ave,Honesdale,PA,42,Wayne County,42127,18431-2121,41.58904214,-75.26173230,570-251-6500,,,,,,,,,,HRSA operating hours per week: 55.25,unknown,,,,,,,,,HRSA Health Center Service Delivery and Look-Alike Sites,https://data.hrsa.gov/DataDownload/DD_Files/Health_Center_Service_Delivery_and_LookAlike_Sites.csv,2026-06-19,"Fields copied from the official HRSA CSV: site name, address, city, state, postal code, phone, website, HRSA geocoding coordinates, county/FIPS, operating hours per week, site status, and location setting. Site status: Active. Location setting: All Other Clinic Types. Operational schedule: Unknown. Daily hours, services, price, insurance, and accessibility fields were not supplied by this intake.",BPS-H80-017005,Health Center Service Delivery and Look-Alike Sites,2026-06-19,2026-06-19,needs_review,
hrsa-bps-h80-038549,"Delaware Valley Community Health, Inc. - Administrative",community_health_center,1411 Fairmount Ave,Philadelphia,PA,42,Philadelphia County,42101,19130-2907,39.96713991,-75.16143702,215-235-9600,,,,,,,,,,,unknown,,,,,,,,,HRSA Health Center Service Delivery and Look-Alike Sites,https://data.hrsa.gov/DataDownload/DD_Files/Health_Center_Service_Delivery_and_LookAlike_Sites.csv,2026-06-19,"Fields copied from the official HRSA CSV: site name, address, city, state, postal code, phone, website, HRSA geocoding coordinates, county/FIPS, operating hours per week, site status, and location setting. Site status: Active. Location setting: All Other Clinic Types. Operational schedule: Unknown. Daily hours, services, price, insurance, and accessibility fields were not supplied by this intake.",BPS-H80-038549,Health Center Service Delivery and Look-Alike Sites,2026-06-19,2026-06-19,needs_review,
hrsa-bps-lal-039756,VHP Community Health Center at South Side,community_health_center,440 W Lincoln St,Easton,PA,42,Northampton County,42095,18042-6519,40.67730700,-75.21612754,484-224-0890,,,,,,,,,,HRSA operating hours per week: 40.00,unknown,,,,,,,,,HRSA Health Center Service Delivery and Look-Alike Sites,https://data.hrsa.gov/DataDownload/DD_Files/Health_Center_Service_Delivery_and_LookAlike_Sites.csv,2026-06-19,"Fields copied from the official HRSA CSV: site name, address, city, state, postal code, phone, website, HRSA geocoding coordinates, county/FIPS, operating hours per week, site status, and location setting. Site status: Active. Location setting: All Other Clinic Types. Operational schedule: Unknown. Daily hours, services, price, insurance, and accessibility fields were not supplied by this intake.",BPS-LAL-039756,Health Center Service Delivery and Look-Alike Sites,2026-06-19,2026-06-19,needs_review,
hrsa-bps-h80-030192,"Interim House, Inc.",community_health_center,333 W Upsal St,Philadelphia,PA,42,Philadelphia County,42101,19119-4010,40.04297035,-75.18879801,215-849-4606,,,,,,,,,,HRSA operating hours per week: 40.00,unknown,,,,,,,,,HRSA Health Center Service Delivery and Look-Alike Sites,https://data.hrsa.gov/DataDownload/DD_Files/Health_Center_Service_Delivery_and_LookAlike_Sites.csv,2026-06-19,"Fields copied from the official HRSA CSV: site name, address, city, state, postal code, phone, website, HRSA geocoding coordinates, county/FIPS, operating hours per week, site status, and location setting. Site status: Active. Location setting: All Other Clinic Types. Operational schedule: Unknown. Daily hours, services, price, insurance, and accessibility fields were not supplied by this intake.",BPS-H80-030192,Health Center Service Delivery and Look-Alike Sites,2026-06-19,2026-06-19,needs_review,
hrsa-bps-h80-022344,Diana Baldwin Clinic,community_health_center,1211 Chestnut St STE 605,Philadelphia,PA,42,Philadelphia County,42101,19107-4117,39.95049080,-75.16075015,215-525-8654,www.fight.org,,,,,,,,,HRSA operating hours per week: 35.00,unknown,,,,,,,,,HRSA Health Center Service Delivery and Look-Alike Sites,https://data.hrsa.gov/DataDownload/DD_Files/Health_Center_Service_Delivery_and_LookAlike_Sites.csv,2026-06-19,"Fields copied from the official HRSA CSV: site name, address, city, state, postal code, phone, website, HRSA geocoding coordinates, county/FIPS, operating hours per week, site status, and location setting. Site status: Active. Location setting: All Other Clinic Types. Operational schedule: Unknown. Daily hours, services, price, insurance, and accessibility fields were not supplied by this intake.",BPS-H80-022344,Health Center Service Delivery and Look-Alike Sites,2026-06-19,2026-06-19,needs_review,
hrsa-bps-h80-008293,Community Health Clinic,community_health_center,943 4th Ave,New Kensington,PA,42,Westmoreland County,42129,15068-6409,40.56585044,-79.76675339,724-335-3334,,,,,,,,,,HRSA operating hours per week: 44.00,unknown,,,,,,,,,HRSA Health Center Service Delivery and Look-Alike Sites,https://data.hrsa.gov/DataDownload/DD_Files/Health_Center_Service_Delivery_and_LookAlike_Sites.csv,2026-06-19,"Fields copied from the official HRSA CSV: site name, address, city, state, postal code, phone, website, HRSA geocoding coordinates, county/FIPS, operating hours per week, site status, and location setting. Site status: Active. Location setting: All Other Clinic Types. Operational schedule: Unknown. Daily hours, services, price, insurance, and accessibility fields were not supplied by this intake.",BPS-H80-008293,Health Center Service Delivery and Look-Alike Sites,2026-06-19,2026-06-19,needs_review,
hrsa-bps-h80-013140,Philadelphia FIGHT Jonathan Lax Treatment Center,community_health_center,"1233 Locust St, Suite 400",Philadelphia,PA,42,Philadelphia County,42101,19107-5459,39.94809223,-75.16175967,215-790-1788,www.fight.org,,,,,,,,,HRSA operating hours per week: 42.00,unknown,,,,,,,,,HRSA Health Center Service Delivery and Look-Alike Sites,https://data.hrsa.gov/DataDownload/DD_Files/Health_Center_Service_Delivery_and_LookAlike_Sites.csv,2026-06-19,"Fields copied from the official HRSA CSV: site name, address, city, state, postal code, phone, website, HRSA geocoding coordinates, county/FIPS, operating hours per week, site status, and location setting. Site status: Active. Location setting: All Other Clinic Types. Operational schedule: Full-Time. Daily hours, services, price, insurance, and accessibility fields were not supplied by this intake.",BPS-H80-013140,Health Center Service Delivery and Look-Alike Sites,2026-06-19,2026-06-19,needs_review,
hrsa-bps-h80-010877,Autumn Street Health Center,community_health_center,99 Autumn St,Aliquippa,PA,42,Beaver County,42007,15001-1301,40.63608325,-80.31784315,724-375-5754,http://www.primary-health.net,,,,,,,,,HRSA operating hours per week: 53.00,unknown,,,,,,,,,HRSA Health Center Service Delivery and Look-Alike Sites,https://data.hrsa.gov/DataDownload/DD_Files/Health_Center_Service_Delivery_and_LookAlike_Sites.csv,2026-06-19,"Fields copied from the official HRSA CSV: site name, address, city, state, postal code, phone, website, HRSA geocoding coordinates, county/FIPS, operating hours per week, site status, and location setting. Site status: Active. Location setting: All Other Clinic Types. Operational schedule: Full-Time. Daily hours, services, price, insurance, and accessibility fields were not supplied by this intake.",BPS-H80-010877,Health Center Service Delivery and Look-Alike Sites,2026-06-19,2026-06-19,needs_review,
hrsa-bps-h80-040171,Keystone Urgent Care Catherine Street,community_health_center,133 W Catherine St,Chambersburg,PA,42,Franklin County,42055,17201-3592,39.93277854,-77.66491187,717-261-4933,,,,,,,,,,HRSA operating hours per week: 60.00,unknown,,,,,,,,,HRSA Health Center Service Delivery and Look-Alike Sites,https://data.hrsa.gov/DataDownload/DD_Files/Health_Center_Service_Delivery_and_LookAlike_Sites.csv,2026-06-19,"Fields copied from the official HRSA CSV: site name, address, city, state, postal code, phone, website, HRSA geocoding coordinates, county/FIPS, operating hours per week, site status, and location setting. Site status: Active. Location setting: All Other Clinic Types. Operational schedule: Unknown. Daily hours, services, price, insurance, and accessibility fields were not supplied by this intake.",BPS-H80-040171,Health Center Service Delivery and Look-Alike Sites,2026-06-19,2026-06-19,needs_review,
hrsa-bps-h80-001448,LAWRENCEVILLE LAUREL HEALTH CENTER,community_health_center,32 E Lawrence Rd,Lawrenceville,PA,42,Tioga County,42117,16929-8801,41.96710261,-77.10943996,570-827-0125,N/A,,,,,,,,,HRSA operating hours per week: 48.00,unknown,,,,,,,,,HRSA Health Center Service Delivery and Look-Alike Sites,https://data.hrsa.gov/DataDownload/DD_Files/Health_Center_Service_Delivery_and_LookAlike_Sites.csv,2026-06-19,"Fields copied from the official HRSA CSV: site name, address, city, state, postal code, phone, website, HRSA geocoding coordinates, county/FIPS, operating hours per week, site status, and location setting. Site status: Active. Location setting: All Other Clinic Types. Operational schedule: Full-Time. Daily hours, services, price, insurance, and accessibility fields were not supplied by this intake.",BPS-H80-001448,Health Center Service Delivery and Look-Alike Sites,2026-06-19,2026-06-19,needs_review,
hrsa-bps-h80-001547,WESTFIELD LAUREL HEALTH CENTER,community_health_center,236 E Main St,Westfield,PA,42,Tioga County,42117,16950-1698,41.91990319,-77.53664185,814-367-5911,N/A,,,,,,,,,HRSA operating hours per week: 34.00,unknown,,,,,,,,,HRSA Health Center Service Delivery and Look-Alike Sites,https://data.hrsa.gov/DataDownload/DD_Files/Health_Center_Service_Delivery_and_LookAlike_Sites.csv,2026-06-19,"Fields copied from the official HRSA CSV: site name, address, city, state, postal code, phone, website, HRSA geocoding coordinates, county/FIPS, operating hours per week, site status, and location setting. Site status: Active. Location setting: All Other Clinic Types. Operational schedule: Full-Time. Daily hours, services, price, insurance, and accessibility fields were not supplied by this intake.",BPS-H80-001547,Health Center Service Delivery and Look-Alike Sites,2026-06-19,2026-06-19,needs_review,
hrsa-bps-h80-001550,PETROLEUM VALLEY MEDICAL CENTER,community_health_center,296 Church St,Petrolia,PA,42,Butler County,42019,16050-3006,41.02074735,-79.71927812,724-756-2940,www.primary-health.net,,,,,,,,,HRSA operating hours per week: 41.50,unknown,,,,,,,,,HRSA Health Center Service Delivery and Look-Alike Sites,https://data.hrsa.gov/DataDownload/DD_Files/Health_Center_Service_Delivery_and_LookAlike_Sites.csv,2026-06-19,"Fields copied from the official HRSA CSV: site name, address, city, state, postal code, phone, website, HRSA geocoding coordinates, county/FIPS, operating hours per week, site status, and location setting. Site status: Active. Location setting: All Other Clinic Types. Operational schedule: Full-Time. Daily hours, services, price, insurance, and accessibility fields were not supplied by this intake.",BPS-H80-001550,Health Center Service Delivery and Look-Alike Sites,2026-06-19,2026-06-19,needs_review,
hrsa-bps-h80-024560,Mapletown Middle/Senior High School,community_health_center,1000 Mapletown Rd,Greensboro,PA,42,Greene County,42059,15338-1000,39.80431363,-79.93766173,724-632-6801 x2258,,,,,,,,,,HRSA operating hours per week: 8.00,unknown,,,,,,,,,HRSA Health Center Service Delivery and Look-Alike Sites,https://data.hrsa.gov/DataDownload/DD_Files/Health_Center_Service_Delivery_and_LookAlike_Sites.csv,2026-06-19,"Fields copied from the official HRSA CSV: site name, address, city, state, postal code, phone, website, HRSA geocoding coordinates, county/FIPS, operating hours per week, site status, and location setting. Site status: Active. Location setting: School. Operational schedule: Unknown. Daily hours, services, price, insurance, and accessibility fields were not supplied by this intake.",BPS-H80-024560,Health Center Service Delivery and Look-Alike Sites,2026-06-19,2026-06-19,needs_review,
hrsa-bps-h80-031201,Columbia Dental Center,community_health_center,430 Walnut St,Columbia,PA,42,Lancaster County,42071,17512-1295,40.03393155,-76.50114605,717-801-4800,,,,,,,,,,HRSA operating hours per week: 45.00,unknown,,,,,,,,,HRSA Health Center Service Delivery and Look-Alike Sites,https://data.hrsa.gov/DataDownload/DD_Files/Health_Center_Service_Delivery_and_LookAlike_Sites.csv,2026-06-19,"Fields copied from the official HRSA CSV: site name, address, city, state, postal code, phone, website, HRSA geocoding coordinates, county/FIPS, operating hours per week, site status, and location setting. Site status: Active. Location setting: All Other Clinic Types. Operational schedule: Unknown. Daily hours, services, price, insurance, and accessibility fields were not supplied by this intake.",BPS-H80-031201,Health Center Service Delivery and Look-Alike Sites,2026-06-19,2026-06-19,needs_review,
hrsa-bps-h80-027894,Denver Declaration House- Dental Care,community_health_center,"240 Main St, Apartment A",Denver,PA,42,Lancaster County,42071,17517-1623,40.23134595,-76.13554973,717-947-3410,www.welshmountain.org,,,,,,,,,HRSA operating hours per week: 38.00,unknown,,,,,,,,,HRSA Health Center Service Delivery and Look-Alike Sites,https://data.hrsa.gov/DataDownload/DD_Files/Health_Center_Service_Delivery_and_LookAlike_Sites.csv,2026-06-19,"Fields copied from the official HRSA CSV: site name, address, city, state, postal code, phone, website, HRSA geocoding coordinates, county/FIPS, operating hours per week, site status, and location setting. Site status: Active. Location setting: All Other Clinic Types. Operational schedule: Unknown. Daily hours, services, price, insurance, and accessibility fields were not supplied by this intake.",BPS-H80-027894,Health Center Service Delivery and Look-Alike Sites,2026-06-19,2026-06-19,needs_review,
hrsa-bps-h80-024505,Trinity South Elementary,community_health_center,2500 S Main Street Ext,Washington,PA,42,Washington County,42125,15301-3269,40.11055900,-80.20771986,724-632-6801 x2258,,,,,,,,,,HRSA operating hours per week: 8.00,unknown,,,,,,,,,HRSA Health Center Service Delivery and Look-Alike Sites,https://data.hrsa.gov/DataDownload/DD_Files/Health_Center_Service_Delivery_and_LookAlike_Sites.csv,2026-06-19,"Fields copied from the official HRSA CSV: site name, address, city, state, postal code, phone, website, HRSA geocoding coordinates, county/FIPS, operating hours per week, site status, and location setting. Site status: Active. Location setting: School. Operational schedule: Unknown. Daily hours, services, price, insurance, and accessibility fields were not supplied by this intake.",BPS-H80-024505,Health Center Service Delivery and Look-Alike Sites,2026-06-19,2026-06-19,needs_review,
hrsa-bps-lal-040962,Fair Hill Community Physicians- Comprehensive Health Center IM,community_health_center,100 E Lehigh Ave,Philadelphia,PA,42,Philadelphia County,42101,19125-1098,39.99001399,-75.12907000,215-707-1866,www.fairhillphysicians.org,,,,,,,,,HRSA operating hours per week: 40.50,unknown,,,,,,,,,HRSA Health Center Service Delivery and Look-Alike Sites,https://data.hrsa.gov/DataDownload/DD_Files/Health_Center_Service_Delivery_and_LookAlike_Sites.csv,2026-06-19,"Fields copied from the official HRSA CSV: site name, address, city, state, postal code, phone, website, HRSA geocoding coordinates, county/FIPS, operating hours per week, site status, and location setting. Site status: Active. Location setting: All Other Clinic Types. Operational schedule: Unknown. Daily hours, services, price, insurance, and accessibility fields were not supplied by this intake.",BPS-LAL-040962,Health Center Service Delivery and Look-Alike Sites,2026-06-19,2026-06-19,needs_review,
hrsa-bps-h80-035182,Laurel Dental - Towanda,community_health_center,346 York Ave,Towanda,PA,42,Bradford County,42015,18848-2021,41.78010067,-76.44758720,570-265-3996,,,,,,,,,,HRSA operating hours per week: 42.50,unknown,,,,,,,,,HRSA Health Center Service Delivery and Look-Alike Sites,https://data.hrsa.gov/DataDownload/DD_Files/Health_Center_Service_Delivery_and_LookAlike_Sites.csv,2026-06-19,"Fields copied from the official HRSA CSV: site name, address, city, state, postal code, phone, website, HRSA geocoding coordinates, county/FIPS, operating hours per week, site status, and location setting. Site status: Active. Location setting: All Other Clinic Types. Operational schedule: Unknown. Daily hours, services, price, insurance, and accessibility fields were not supplied by this intake.",BPS-H80-035182,Health Center Service Delivery and Look-Alike Sites,2026-06-19,2026-06-19,needs_review,
hrsa-bps-h80-035491,Juniata Valley BTAMC Clinic,community_health_center,846 Medical Center Dr,Alexandria,PA,42,Huntingdon County,42061,16611-2936,40.56111006,-78.10600726,814-669-4444,,,,,,,,,,HRSA operating hours per week: 45.00,unknown,,,,,,,,,HRSA Health Center Service Delivery and Look-Alike Sites,https://data.hrsa.gov/DataDownload/DD_Files/Health_Center_Service_Delivery_and_LookAlike_Sites.csv,2026-06-19,"Fields copied from the official HRSA CSV: site name, address, city, state, postal code, phone, website, HRSA geocoding coordinates, county/FIPS, operating hours per week, site status, and location setting. Site status: Active. Location setting: All Other Clinic Types. Operational schedule: Unknown. Daily hours, services, price, insurance, and accessibility fields were not supplied by this intake.",BPS-H80-035491,Health Center Service Delivery and Look-Alike Sites,2026-06-19,2026-06-19,needs_review,
hrsa-bps-h80-030064,Hyndman Area Health Center (Richland Township),community_health_center,203 College Park Plz,Johnstown,PA,42,Cambria County,42021,15904-2833,40.27872256,-78.84819914,814-961-3500,www.hyndmanhealth.org,,,,,,,,,HRSA operating hours per week: 40.00,unknown,,,,,,,,,HRSA Health Center Service Delivery and Look-Alike Sites,https://data.hrsa.gov/DataDownload/DD_Files/Health_Center_Service_Delivery_and_LookAlike_Sites.csv,2026-06-19,"Fields copied from the official HRSA CSV: site name, address, city, state, postal code, phone, website, HRSA geocoding coordinates, county/FIPS, operating hours per week, site status, and location setting. Site status: Active. Location setting: All Other Clinic Types. Operational schedule: Unknown. Daily hours, services, price, insurance, and accessibility fields were not supplied by this intake.",BPS-H80-030064,Health Center Service Delivery and Look-Alike Sites,2026-06-19,2026-06-19,needs_review,
hrsa-bps-h80-037525,Keystone Vaccine/Education Center,community_health_center,100 Chambers Hill Dr STE 102,Chambersburg,PA,42,Franklin County,42055,17201-7301,39.94388246,-77.64248215,717-709-7900 x7950,,,,,,,,,,HRSA operating hours per week: 45.00,unknown,,,,,,,,,HRSA Health Center Service Delivery and Look-Alike Sites,https://data.hrsa.gov/DataDownload/DD_Files/Health_Center_Service_Delivery_and_LookAlike_Sites.csv,2026-06-19,"Fields copied from the official HRSA CSV: site name, address, city, state, postal code, phone, website, HRSA geocoding coordinates, county/FIPS, operating hours per week, site status, and location setting. Site status: Active. Location setting: All Other Clinic Types. Operational schedule: Unknown. Daily hours, services, price, insurance, and accessibility fields were not supplied by this intake.",BPS-H80-037525,Health Center Service Delivery and Look-Alike Sites,2026-06-19,2026-06-19,needs_review,
hrsa-bps-h80-039917,Birmingham Clinic / Program for Health Care to Underserved Populations,community_health_center,1515 Locust St,Pittsburgh,PA,42,Allegheny County,42003,15219-5131,40.43694909,-79.98463090,412-246-3053,,,,,,,,,,HRSA operating hours per week: 40.00,unknown,,,,,,,,,HRSA Health Center Service Delivery and Look-Alike Sites,https://data.hrsa.gov/DataDownload/DD_Files/Health_Center_Service_Delivery_and_LookAlike_Sites.csv,2026-06-19,"Fields copied from the official HRSA CSV: site name, address, city, state, postal code, phone, website, HRSA geocoding coordinates, county/FIPS, operating hours per week, site status, and location setting. Site status: Active. Location setting: All Other Clinic Types. Operational schedule: Unknown. Daily hours, services, price, insurance, and accessibility fields were not supplied by this intake.",BPS-H80-039917,Health Center Service Delivery and Look-Alike Sites,2026-06-19,2026-06-19,needs_review,
hrsa-bps-h80-002359,PIKE FAMILY HEALTH CENTER,community_health_center,750 Route 739,Hawley,PA,42,Pike County,42103,18428-6058,41.34339283,-75.03469723,570-775-7100,WMH.org/WMCHC,,,,,,,,,HRSA operating hours per week: 50.00,unknown,,,,,,,,,HRSA Health Center Service Delivery and Look-Alike Sites,https://data.hrsa.gov/DataDownload/DD_Files/Health_Center_Service_Delivery_and_LookAlike_Sites.csv,2026-06-19,"Fields copied from the official HRSA CSV: site name, address, city, state, postal code, phone, website, HRSA geocoding coordinates, county/FIPS, operating hours per week, site status, and location setting. Site status: Active. Location setting: All Other Clinic Types. Operational schedule: Full-Time. Daily hours, services, price, insurance, and accessibility fields were not supplied by this intake.",BPS-H80-002359,Health Center Service Delivery and Look-Alike Sites,2026-06-19,2026-06-19,needs_review,
hrsa-bps-h80-008357,North Side Christian Health Center at Northview,community_health_center,525 Mount Pleasant Rd,Pittsburgh,PA,42,Allegheny County,42003,15214-2497,40.47807192,-80.00006039,412-322-7500,www.nschc.org,,,,,,,,,HRSA operating hours per week: 32.00,unknown,,,,,,,,,HRSA Health Center Service Delivery and Look-Alike Sites,https://data.hrsa.gov/DataDownload/DD_Files/Health_Center_Service_Delivery_and_LookAlike_Sites.csv,2026-06-19,"Fields copied from the official HRSA CSV: site name, address, city, state, postal code, phone, website, HRSA geocoding coordinates, county/FIPS, operating hours per week, site status, and location setting. Site status: Active. Location setting: All Other Clinic Types. Operational schedule: Unknown. Daily hours, services, price, insurance, and accessibility fields were not supplied by this intake.",BPS-H80-008357,Health Center Service Delivery and Look-Alike Sites,2026-06-19,2026-06-19,needs_review,
hrsa-bps-lal-039519,VHP Pediatrics - Plaza Ct.,community_health_center,500 Plaza Ct,East Stroudsburg,PA,42,Monroe County,42089,18301-8262,41.00528156,-75.16233224,570-476-3585,,,,,,,,,,HRSA operating hours per week: 40.00,unknown,,,,,,,,,HRSA Health Center Service Delivery and Look-Alike Sites,https://data.hrsa.gov/DataDownload/DD_Files/Health_Center_Service_Delivery_and_LookAlike_Sites.csv,2026-06-19,"Fields copied from the official HRSA CSV: site name, address, city, state, postal code, phone, website, HRSA geocoding coordinates, county/FIPS, operating hours per week, site status, and location setting. Site status: Active. Location setting: All Other Clinic Types. Operational schedule: Unknown. Daily hours, services, price, insurance, and accessibility fields were not supplied by this intake.",BPS-LAL-039519,Health Center Service Delivery and Look-Alike Sites,2026-06-19,2026-06-19,needs_review,
hrsa-bps-h80-039630,Family First Health Dental Center at Springwood Road,community_health_center,2003 Springwood Rd,York,PA,42,York County,42133,17403-4836,39.93941080,-76.69156211,717-851-2655,,,,,,,,,,HRSA operating hours per week: 50.00,unknown,,,,,,,,,HRSA Health Center Service Delivery and Look-Alike Sites,https://data.hrsa.gov/DataDownload/DD_Files/Health_Center_Service_Delivery_and_LookAlike_Sites.csv,2026-06-19,"Fields copied from the official HRSA CSV: site name, address, city, state, postal code, phone, website, HRSA geocoding coordinates, county/FIPS, operating hours per week, site status, and location setting. Site status: Active. Location setting: All Other Clinic Types. Operational schedule: Unknown. Daily hours, services, price, insurance, and accessibility fields were not supplied by this intake.",BPS-H80-039630,Health Center Service Delivery and Look-Alike Sites,2026-06-19,2026-06-19,needs_review,
hrsa-bps-h80-006507,Keystone Agricultural Worker Program - Columbia,community_health_center,301 W 3rd St,Berwick,PA,42,Columbia County,42037,18603-3603,41.05422660,-76.23841119,570-752-7760,,,,,,,,,,,unknown,,,,,,,,,HRSA Health Center Service Delivery and Look-Alike Sites,https://data.hrsa.gov/DataDownload/DD_Files/Health_Center_Service_Delivery_and_LookAlike_Sites.csv,2026-06-19,"Fields copied from the official HRSA CSV: site name, address, city, state, postal code, phone, website, HRSA geocoding coordinates, county/FIPS, operating hours per week, site status, and location setting. Site status: Active. Location setting: Unknown. Operational schedule: Part-Time. Daily hours, services, price, insurance, and accessibility fields were not supplied by this intake.",BPS-H80-006507,Health Center Service Delivery and Look-Alike Sites,2026-06-19,2026-06-19,needs_review,
hrsa-bps-h80-008698,Northern Wayne Family Health Center,community_health_center,412 Como Rd,Lake Como,PA,42,Wayne County,42127,18437-1020,41.84965991,-75.33779439,570-798-2828,WMH.org/WMCHC,,,,,,,,,HRSA operating hours per week: 24.00,unknown,,,,,,,,,HRSA Health Center Service Delivery and Look-Alike Sites,https://data.hrsa.gov/DataDownload/DD_Files/Health_Center_Service_Delivery_and_LookAlike_Sites.csv,2026-06-19,"Fields copied from the official HRSA CSV: site name, address, city, state, postal code, phone, website, HRSA geocoding coordinates, county/FIPS, operating hours per week, site status, and location setting. Site status: Active. Location setting: All Other Clinic Types. Operational schedule: Full-Time. Daily hours, services, price, insurance, and accessibility fields were not supplied by this intake.",BPS-H80-008698,Health Center Service Delivery and Look-Alike Sites,2026-06-19,2026-06-19,needs_review,
hrsa-bps-lal-032970,Family Health Center,community_health_center,"400 N 17th St, Suite 300",Allentown,PA,42,Lehigh County,42077,18104-5052,40.60188973,-75.49514400,610-969-3500,https://www.valleyhealthpartners.org/,,,,,,,,,HRSA operating hours per week: 55.25,unknown,,,,,,,,,HRSA Health Center Service Delivery and Look-Alike Sites,https://data.hrsa.gov/DataDownload/DD_Files/Health_Center_Service_Delivery_and_LookAlike_Sites.csv,2026-06-19,"Fields copied from the official HRSA CSV: site name, address, city, state, postal code, phone, website, HRSA geocoding coordinates, county/FIPS, operating hours per week, site status, and location setting. Site status: Active. Location setting: All Other Clinic Types. Operational schedule: Unknown. Daily hours, services, price, insurance, and accessibility fields were not supplied by this intake.",BPS-LAL-032970,Health Center Service Delivery and Look-Alike Sites,2026-06-19,2026-06-19,needs_review,
hrsa-bps-h80-024762,PHMC Pathways to Recovery,community_health_center,2301 E Allegheny Ave,Philadelphia,PA,42,Philadelphia County,42101,19134-4427,39.98978671,-75.10606092,215-731-2402,,,,,,,,,,HRSA operating hours per week: 51.00,unknown,,,,,,,,,HRSA Health Center Service Delivery and Look-Alike Sites,https://data.hrsa.gov/DataDownload/DD_Files/Health_Center_Service_Delivery_and_LookAlike_Sites.csv,2026-06-19,"Fields copied from the official HRSA CSV: site name, address, city, state, postal code, phone, website, HRSA geocoding coordinates, county/FIPS, operating hours per week, site status, and location setting. Site status: Active. Location setting: All Other Clinic Types. Operational schedule: Unknown. Daily hours, services, price, insurance, and accessibility fields were not supplied by this intake.",BPS-H80-024762,Health Center Service Delivery and Look-Alike Sites,2026-06-19,2026-06-19,needs_review,
hrsa-bps-h80-038391,Columbia High/Middle School Hill Campus,community_health_center,901 Ironville Pike,Columbia,PA,42,Lancaster County,42071,17512-9601,40.04579048,-76.49774392,717-299-6371,,,,,,,,,,HRSA operating hours per week: 17.00,unknown,,,,,,,,,HRSA Health Center Service Delivery and Look-Alike Sites,https://data.hrsa.gov/DataDownload/DD_Files/Health_Center_Service_Delivery_and_LookAlike_Sites.csv,2026-06-19,"Fields copied from the official HRSA CSV: site name, address, city, state, postal code, phone, website, HRSA geocoding coordinates, county/FIPS, operating hours per week, site status, and location setting. Site status: Active. Location setting: School. Operational schedule: Unknown. Daily hours, services, price, insurance, and accessibility fields were not supplied by this intake.",BPS-H80-038391,Health Center Service Delivery and Look-Alike Sites,2026-06-19,2026-06-19,needs_review,
hrsa-bps-h80-015542,SHHC Brentwood,community_health_center,103 Towne Square Way,Pittsburgh,PA,42,Allegheny County,42003,15227-3254,40.36727347,-79.98244985,412-422-7422,www.squirrelhillhealthcenter.org,,,,,,,,,HRSA operating hours per week: 40.00,unknown,,,,,,,,,HRSA Health Center Service Delivery and Look-Alike Sites,https://data.hrsa.gov/DataDownload/DD_Files/Health_Center_Service_Delivery_and_LookAlike_Sites.csv,2026-06-19,"Fields copied from the official HRSA CSV: site name, address, city, state, postal code, phone, website, HRSA geocoding coordinates, county/FIPS, operating hours per week, site status, and location setting. Site status: Active. Location setting: All Other Clinic Types. Operational schedule: Unknown. Daily hours, services, price, insurance, and accessibility fields were not supplied by this intake.",BPS-H80-015542,Health Center Service Delivery and Look-Alike Sites,2026-06-19,2026-06-19,needs_review,
hrsa-bps-h80-008684,Norristown Regional Health Center,community_health_center,1401 Dekalb Pike,Norristown,PA,42,Montgomery County,42091,19401-3405,40.12324496,-75.33371384,610-278-7787,https://dvch.org,,,,,,,,,HRSA operating hours per week: 43.00,unknown,,,,,,,,,HRSA Health Center Service Delivery and Look-Alike Sites,https://data.hrsa.gov/DataDownload/DD_Files/Health_Center_Service_Delivery_and_LookAlike_Sites.csv,2026-06-19,"Fields copied from the official HRSA CSV: site name, address, city, state, postal code, phone, website, HRSA geocoding coordinates, county/FIPS, operating hours per week, site status, and location setting. Site status: Active. Location setting: All Other Clinic Types. Operational schedule: Full-Time. Daily hours, services, price, insurance, and accessibility fields were not supplied by this intake.",BPS-H80-008684,Health Center Service Delivery and Look-Alike Sites,2026-06-19,2026-06-19,needs_review,
hrsa-bps-h80-006627,Plain Healthy Program,community_health_center,584 Springville Rd,New Holland,PA,42,Lancaster County,42071,17557-9565,40.07100027,-76.01796840,717-354-4711,www.welshmountain.org,,,,,,,,,HRSA operating hours per week: 8.00,unknown,,,,,,,,,HRSA Health Center Service Delivery and Look-Alike Sites,https://data.hrsa.gov/DataDownload/DD_Files/Health_Center_Service_Delivery_and_LookAlike_Sites.csv,2026-06-19,"Fields copied from the official HRSA CSV: site name, address, city, state, postal code, phone, website, HRSA geocoding coordinates, county/FIPS, operating hours per week, site status, and location setting. Site status: Active. Location setting: All Other Clinic Types. Operational schedule: Part-Time. Daily hours, services, price, insurance, and accessibility fields were not supplied by this intake.",BPS-H80-006627,Health Center Service Delivery and Look-Alike Sites,2026-06-19,2026-06-19,needs_review,
hrsa-bps-h80-000033,Primary Health Network Mobile Health Center #1,community_health_center,63 Pitt St,Sharon,PA,42,Mercer County,42085,16146-2102,41.23382002,-80.50746083,724-699-9211,www.primary-health.net,,,,,,,,,HRSA operating hours per week: 16.00,unknown,,,,,,,,,HRSA Health Center Service Delivery and Look-Alike Sites,https://data.hrsa.gov/DataDownload/DD_Files/Health_Center_Service_Delivery_and_LookAlike_Sites.csv,2026-06-19,"Fields copied from the official HRSA CSV: site name, address, city, state, postal code, phone, website, HRSA geocoding coordinates, county/FIPS, operating hours per week, site status, and location setting. Site status: Active. Location setting: All Other Clinic Types. Operational schedule: Unknown. Daily hours, services, price, insurance, and accessibility fields were not supplied by this intake.",BPS-H80-000033,Health Center Service Delivery and Look-Alike Sites,2026-06-19,2026-06-19,needs_review,
hrsa-bps-h80-029740,Community Health & Dental Care Mobile Dental Unit #1,community_health_center,351 W Schuylkill Rd,Pottstown,PA,42,Chester County,42029,19465-7438,40.23460890,-75.66660111,610-326-9460,www.ch-dc.org,,,,,,,,,HRSA operating hours per week: 10.00,unknown,,,,,,,,,HRSA Health Center Service Delivery and Look-Alike Sites,https://data.hrsa.gov/DataDownload/DD_Files/Health_Center_Service_Delivery_and_LookAlike_Sites.csv,2026-06-19,"Fields copied from the official HRSA CSV: site name, address, city, state, postal code, phone, website, HRSA geocoding coordinates, county/FIPS, operating hours per week, site status, and location setting. Site status: Active. Location setting: All Other Clinic Types. Operational schedule: Unknown. Daily hours, services, price, insurance, and accessibility fields were not supplied by this intake.",BPS-H80-029740,Health Center Service Delivery and Look-Alike Sites,2026-06-19,2026-06-19,needs_review,
hrsa-bps-h80-037605,Keystone Foot and Ankle Center Chambers Hill Drive,community_health_center,100 Chambers Hill Dr STE 101,Chambersburg,PA,42,Franklin County,42055,17201-7301,39.94391893,-77.64257460,717-709-7986,www.KeystoneFootAndAnkle.org,,,,,,,,,HRSA operating hours per week: 45.00,unknown,,,,,,,,,HRSA Health Center Service Delivery and Look-Alike Sites,https://data.hrsa.gov/DataDownload/DD_Files/Health_Center_Service_Delivery_and_LookAlike_Sites.csv,2026-06-19,"Fields copied from the official HRSA CSV: site name, address, city, state, postal code, phone, website, HRSA geocoding coordinates, county/FIPS, operating hours per week, site status, and location setting. Site status: Active. Location setting: All Other Clinic Types. Operational schedule: Unknown. Daily hours, services, price, insurance, and accessibility fields were not supplied by this intake.",BPS-H80-037605,Health Center Service Delivery and Look-Alike Sites,2026-06-19,2026-06-19,needs_review,
hrsa-bps-h80-024513,Washington Junior/High School,community_health_center,201 Allison Ave,Washington,PA,42,Washington County,42125,15301-4210,40.17457021,-80.25314374,724-632-6801 x2258,,,,,,,,,,HRSA operating hours per week: 8.00,unknown,,,,,,,,,HRSA Health Center Service Delivery and Look-Alike Sites,https://data.hrsa.gov/DataDownload/DD_Files/Health_Center_Service_Delivery_and_LookAlike_Sites.csv,2026-06-19,"Fields copied from the official HRSA CSV: site name, address, city, state, postal code, phone, website, HRSA geocoding coordinates, county/FIPS, operating hours per week, site status, and location setting. Site status: Active. Location setting: School. Operational schedule: Unknown. Daily hours, services, price, insurance, and accessibility fields were not supplied by this intake.",BPS-H80-024513,Health Center Service Delivery and Look-Alike Sites,2026-06-19,2026-06-19,needs_review,
hrsa-bps-h80-041575,FPCSN at Belmont Charter School,community_health_center,4030 Brown St,Philadelphia,PA,42,Philadelphia County,42101,19104-4899,39.96702000,-75.20462003,215-823-8208,,,,,,,,,,HRSA operating hours per week: 24.00,unknown,,,,,,,,,HRSA Health Center Service Delivery and Look-Alike Sites,https://data.hrsa.gov/DataDownload/DD_Files/Health_Center_Service_Delivery_and_LookAlike_Sites.csv,2026-06-19,"Fields copied from the official HRSA CSV: site name, address, city, state, postal code, phone, website, HRSA geocoding coordinates, county/FIPS, operating hours per week, site status, and location setting. Site status: Active. Location setting: School. Operational schedule: Unknown. Daily hours, services, price, insurance, and accessibility fields were not supplied by this intake.",BPS-H80-041575,Health Center Service Delivery and Look-Alike Sites,2026-06-19,2026-06-19,needs_review,
hrsa-bps-lal-040317,HR Building,community_health_center,334 S Franklin St,Wilkes Barre,PA,42,Luzerne County,42079,18702-3809,41.24154726,-75.89264687,570-825-6425,http://www.cscwv.org/csc/home/main.aspx,,,,,,,,,HRSA operating hours per week: 45.00,unknown,,,,,,,,,HRSA Health Center Service Delivery and Look-Alike Sites,https://data.hrsa.gov/DataDownload/DD_Files/Health_Center_Service_Delivery_and_LookAlike_Sites.csv,2026-06-19,"Fields copied from the official HRSA CSV: site name, address, city, state, postal code, phone, website, HRSA geocoding coordinates, county/FIPS, operating hours per week, site status, and location setting. Site status: Active. Location setting: All Other Clinic Types. Operational schedule: Unknown. Daily hours, services, price, insurance, and accessibility fields were not supplied by this intake.",BPS-LAL-040317,Health Center Service Delivery and Look-Alike Sites,2026-06-19,2026-06-19,needs_review,
hrsa-bps-lal-027207,MEHDS Peach Street Site,community_health_center,2928 Peach St,Erie,PA,42,Erie County,42049,16508-1843,42.10718453,-80.07672186,814-453-6229,www.mheds.org,,,,,,,,,HRSA operating hours per week: 44.00,unknown,,,,,,,,,HRSA Health Center Service Delivery and Look-Alike Sites,https://data.hrsa.gov/DataDownload/DD_Files/Health_Center_Service_Delivery_and_LookAlike_Sites.csv,2026-06-19,"Fields copied from the official HRSA CSV: site name, address, city, state, postal code, phone, website, HRSA geocoding coordinates, county/FIPS, operating hours per week, site status, and location setting. Site status: Active. Location setting: All Other Clinic Types. Operational schedule: Unknown. Daily hours, services, price, insurance, and accessibility fields were not supplied by this intake.",BPS-LAL-027207,Health Center Service Delivery and Look-Alike Sites,2026-06-19,2026-06-19,needs_review,
hrsa-bps-h80-003397,BLACK CREEK HEALTH CENTER,community_health_center,Pineapple St,Sugarloaf,PA,42,Luzerne County,42079,18249,40.94006433,-76.16917263,570-704-3454,N/A,,,,,,,,,HRSA operating hours per week: 40.00,unknown,,,,,,,,,HRSA Health Center Service Delivery and Look-Alike Sites,https://data.hrsa.gov/DataDownload/DD_Files/Health_Center_Service_Delivery_and_LookAlike_Sites.csv,2026-06-19,"Fields copied from the official HRSA CSV: site name, address, city, state, postal code, phone, website, HRSA geocoding coordinates, county/FIPS, operating hours per week, site status, and location setting. Site status: Active. Location setting: All Other Clinic Types. Operational schedule: Full-Time. Daily hours, services, price, insurance, and accessibility fields were not supplied by this intake.",BPS-H80-003397,Health Center Service Delivery and Look-Alike Sites,2026-06-19,2026-06-19,needs_review,
hrsa-bps-h80-024522,Bentworth Middle School,community_health_center,563 Lincoln Ave,Bentleyville,PA,42,Washington County,42125,15314-2060,40.12740851,-80.02881032,724-632-6801 x2258,,,,,,,,,,HRSA operating hours per week: 8.00,unknown,,,,,,,,,HRSA Health Center Service Delivery and Look-Alike Sites,https://data.hrsa.gov/DataDownload/DD_Files/Health_Center_Service_Delivery_and_LookAlike_Sites.csv,2026-06-19,"Fields copied from the official HRSA CSV: site name, address, city, state, postal code, phone, website, HRSA geocoding coordinates, county/FIPS, operating hours per week, site status, and location setting. Site status: Active. Location setting: School. Operational schedule: Unknown. Daily hours, services, price, insurance, and accessibility fields were not supplied by this intake.",BPS-H80-024522,Health Center Service Delivery and Look-Alike Sites,2026-06-19,2026-06-19,needs_review,
hrsa-bps-h80-033109,Mobile Van1,community_health_center,5210 E Trindle Rd,Mechanicsburg,PA,42,Cumberland County,42041,17050-3522,40.22018004,-76.98261070,717-218-6670,www.sadlerhealth.org,,,,,,,,,HRSA operating hours per week: 5.00,unknown,,,,,,,,,HRSA Health Center Service Delivery and Look-Alike Sites,https://data.hrsa.gov/DataDownload/DD_Files/Health_Center_Service_Delivery_and_LookAlike_Sites.csv,2026-06-19,"Fields copied from the official HRSA CSV: site name, address, city, state, postal code, phone, website, HRSA geocoding coordinates, county/FIPS, operating hours per week, site status, and location setting. Site status: Active. Location setting: All Other Clinic Types. Operational schedule: Unknown. Daily hours, services, price, insurance, and accessibility fields were not supplied by this intake.",BPS-H80-033109,Health Center Service Delivery and Look-Alike Sites,2026-06-19,2026-06-19,needs_review,
hrsa-bps-h80-003405,HANOVER CENTER,community_health_center,1230 High St,Hanover,PA,42,Adams County,42001,17331-1127,39.82363216,-77.00328584,717-632-9052,www.familyfirsthealth.org,,,,,,,,,HRSA operating hours per week: 54.00,unknown,,,,,,,,,HRSA Health Center Service Delivery and Look-Alike Sites,https://data.hrsa.gov/DataDownload/DD_Files/Health_Center_Service_Delivery_and_LookAlike_Sites.csv,2026-06-19,"Fields copied from the official HRSA CSV: site name, address, city, state, postal code, phone, website, HRSA geocoding coordinates, county/FIPS, operating hours per week, site status, and location setting. Site status: Active. Location setting: All Other Clinic Types. Operational schedule: Full-Time. Daily hours, services, price, insurance, and accessibility fields were not supplied by this intake.",BPS-H80-003405,Health Center Service Delivery and Look-Alike Sites,2026-06-19,2026-06-19,needs_review,
hrsa-bps-h80-032505,Women's Health of Pike County,community_health_center,"1592 Route 739, Ste 2",Dingmans Ferry,PA,42,Pike County,42103,18328-3513,41.27264667,-74.92049011,570-775-8838,wmchc.net,,,,,,,,,HRSA operating hours per week: 37.00,unknown,,,,,,,,,HRSA Health Center Service Delivery and Look-Alike Sites,https://data.hrsa.gov/DataDownload/DD_Files/Health_Center_Service_Delivery_and_LookAlike_Sites.csv,2026-06-19,"Fields copied from the official HRSA CSV: site name, address, city, state, postal code, phone, website, HRSA geocoding coordinates, county/FIPS, operating hours per week, site status, and location setting. Site status: Active. Location setting: All Other Clinic Types. Operational schedule: Unknown. Daily hours, services, price, insurance, and accessibility fields were not supplied by this intake.",BPS-H80-032505,Health Center Service Delivery and Look-Alike Sites,2026-06-19,2026-06-19,needs_review,
hrsa-bps-h80-038049,Union Community Care at Lebanon VIM,community_health_center,711 S 8th St,Lebanon,PA,42,Lebanon County,42075,17042-6750,40.32924826,-76.42367816,717-299-6371,,,,,,,,,,HRSA operating hours per week: 9.00,unknown,,,,,,,,,HRSA Health Center Service Delivery and Look-Alike Sites,https://data.hrsa.gov/DataDownload/DD_Files/Health_Center_Service_Delivery_and_LookAlike_Sites.csv,2026-06-19,"Fields copied from the official HRSA CSV: site name, address, city, state, postal code, phone, website, HRSA geocoding coordinates, county/FIPS, operating hours per week, site status, and location setting. Site status: Active. Location setting: All Other Clinic Types. Operational schedule: Unknown. Daily hours, services, price, insurance, and accessibility fields were not supplied by this intake.",BPS-H80-038049,Health Center Service Delivery and Look-Alike Sites,2026-06-19,2026-06-19,needs_review,
hrsa-bps-h80-009378,Outley House,community_health_center,6901 Woodland Ave,Philadelphia,PA,42,Philadelphia County,42101,19142-1159,39.92175399,-75.24123000,215-724-8414,,,,,,,,,,HRSA operating hours per week: 15.00,unknown,,,,,,,,,HRSA Health Center Service Delivery and Look-Alike Sites,https://data.hrsa.gov/DataDownload/DD_Files/Health_Center_Service_Delivery_and_LookAlike_Sites.csv,2026-06-19,"Fields copied from the official HRSA CSV: site name, address, city, state, postal code, phone, website, HRSA geocoding coordinates, county/FIPS, operating hours per week, site status, and location setting. Site status: Active. Location setting: All Other Clinic Types. Operational schedule: Part-Time. Daily hours, services, price, insurance, and accessibility fields were not supplied by this intake.",BPS-H80-009378,Health Center Service Delivery and Look-Alike Sites,2026-06-19,2026-06-19,needs_review,
hrsa-bps-h80-003617,Covenant House Health Services,community_health_center,251 E Bringhurst St,Philadelphia,PA,42,Philadelphia County,42101,19144-1799,40.03467222,-75.16493658,215-844-1020,n/a,,,,,,,,,HRSA operating hours per week: 53.00,unknown,,,,,,,,,HRSA Health Center Service Delivery and Look-Alike Sites,https://data.hrsa.gov/DataDownload/DD_Files/Health_Center_Service_Delivery_and_LookAlike_Sites.csv,2026-06-19,"Fields copied from the official HRSA CSV: site name, address, city, state, postal code, phone, website, HRSA geocoding coordinates, county/FIPS, operating hours per week, site status, and location setting. Site status: Active. Location setting: All Other Clinic Types. Operational schedule: Full-Time. Daily hours, services, price, insurance, and accessibility fields were not supplied by this intake.",BPS-H80-003617,Health Center Service Delivery and Look-Alike Sites,2026-06-19,2026-06-19,needs_review,
hrsa-bps-lal-040121,Star Community Health-Ringtown,community_health_center,411 S Shenandoah Rd,Ringtown,PA,42,Schuylkill County,42107,17967-9432,40.85444976,-76.23781063,570-645-1951,,,,,,,,,,HRSA operating hours per week: 41.50,unknown,,,,,,,,,HRSA Health Center Service Delivery and Look-Alike Sites,https://data.hrsa.gov/DataDownload/DD_Files/Health_Center_Service_Delivery_and_LookAlike_Sites.csv,2026-06-19,"Fields copied from the official HRSA CSV: site name, address, city, state, postal code, phone, website, HRSA geocoding coordinates, county/FIPS, operating hours per week, site status, and location setting. Site status: Active. Location setting: All Other Clinic Types. Operational schedule: Unknown. Daily hours, services, price, insurance, and accessibility fields were not supplied by this intake.",BPS-LAL-040121,Health Center Service Delivery and Look-Alike Sites,2026-06-19,2026-06-19,needs_review,
hrsa-bps-h80-021186,Broad Street Ministry,community_health_center,315 S Broad St,Philadelphia,PA,42,Philadelphia County,42101,19107-5213,39.94616335,-75.16474690,215-985-4448 x54448,,,,,,,,,,HRSA operating hours per week: 20.00,unknown,,,,,,,,,HRSA Health Center Service Delivery and Look-Alike Sites,https://data.hrsa.gov/DataDownload/DD_Files/Health_Center_Service_Delivery_and_LookAlike_Sites.csv,2026-06-19,"Fields copied from the official HRSA CSV: site name, address, city, state, postal code, phone, website, HRSA geocoding coordinates, county/FIPS, operating hours per week, site status, and location setting. Site status: Active. Location setting: All Other Clinic Types. Operational schedule: Unknown. Daily hours, services, price, insurance, and accessibility fields were not supplied by this intake.",BPS-H80-021186,Health Center Service Delivery and Look-Alike Sites,2026-06-19,2026-06-19,needs_review,
hrsa-bps-h80-003837,Farrell Dental Center,community_health_center,350 Sharon New Castle Rd,Farrell,PA,42,Mercer County,42085,16121-1576,41.20763496,-80.46965199,724-981-1721,www.primary-health.net,,,,,,,,,HRSA operating hours per week: 40.00,unknown,,,,,,,,,HRSA Health Center Service Delivery and Look-Alike Sites,https://data.hrsa.gov/DataDownload/DD_Files/Health_Center_Service_Delivery_and_LookAlike_Sites.csv,2026-06-19,"Fields copied from the official HRSA CSV: site name, address, city, state, postal code, phone, website, HRSA geocoding coordinates, county/FIPS, operating hours per week, site status, and location setting. Site status: Active. Location setting: All Other Clinic Types. Operational schedule: Full-Time. Daily hours, services, price, insurance, and accessibility fields were not supplied by this intake.",BPS-H80-003837,Health Center Service Delivery and Look-Alike Sites,2026-06-19,2026-06-19,needs_review,
hrsa-bps-h80-041017,The Living Room,community_health_center,409 N State St,Ephrata,PA,42,Lancaster County,42071,17522-2100,40.18225943,-76.17052960,717-299-6371,,,,,,,,,,HRSA operating hours per week: 4.00,unknown,,,,,,,,,HRSA Health Center Service Delivery and Look-Alike Sites,https://data.hrsa.gov/DataDownload/DD_Files/Health_Center_Service_Delivery_and_LookAlike_Sites.csv,2026-06-19,"Fields copied from the official HRSA CSV: site name, address, city, state, postal code, phone, website, HRSA geocoding coordinates, county/FIPS, operating hours per week, site status, and location setting. Site status: Active. Location setting: All Other Clinic Types. Operational schedule: Unknown. Daily hours, services, price, insurance, and accessibility fields were not supplied by this intake.",BPS-H80-041017,Health Center Service Delivery and Look-Alike Sites,2026-06-19,2026-06-19,needs_review,
hrsa-bps-h80-024521,Trinity North Elementary,community_health_center,225 Midland Dr,Washington,PA,42,Washington County,42125,15301-1461,40.20037444,-80.29746775,724-632-6801 x2258,,,,,,,,,,HRSA operating hours per week: 8.00,unknown,,,,,,,,,HRSA Health Center Service Delivery and Look-Alike Sites,https://data.hrsa.gov/DataDownload/DD_Files/Health_Center_Service_Delivery_and_LookAlike_Sites.csv,2026-06-19,"Fields copied from the official HRSA CSV: site name, address, city, state, postal code, phone, website, HRSA geocoding coordinates, county/FIPS, operating hours per week, site status, and location setting. Site status: Active. Location setting: School. Operational schedule: Unknown. Daily hours, services, price, insurance, and accessibility fields were not supplied by this intake.",BPS-H80-024521,Health Center Service Delivery and Look-Alike Sites,2026-06-19,2026-06-19,needs_review,
hrsa-bps-h80-003857,INTERIM HOUSE WEST,community_health_center,4108 Parkside Ave,Philadelphia,PA,42,Philadelphia County,42101,19104-1020,39.97516389,-75.20757498,215-871-0300,www.phmc.org,,,,,,,,,HRSA operating hours per week: 37.50,unknown,,,,,,,,,HRSA Health Center Service Delivery and Look-Alike Sites,https://data.hrsa.gov/DataDownload/DD_Files/Health_Center_Service_Delivery_and_LookAlike_Sites.csv,2026-06-19,"Fields copied from the official HRSA CSV: site name, address, city, state, postal code, phone, website, HRSA geocoding coordinates, county/FIPS, operating hours per week, site status, and location setting. Site status: Active. Location setting: All Other Clinic Types. Operational schedule: Full-Time. Daily hours, services, price, insurance, and accessibility fields were not supplied by this intake.",BPS-H80-003857,Health Center Service Delivery and Look-Alike Sites,2026-06-19,2026-06-19,needs_review,
hrsa-bps-h80-006956,Salvation Army Harbor Light,community_health_center,865 W North Ave,Pittsburgh,PA,42,Allegheny County,42003,15233-1691,40.45340101,-80.01668011,412-321-3439,,,,,,,,,,HRSA operating hours per week: 40.00,unknown,,,,,,,,,HRSA Health Center Service Delivery and Look-Alike Sites,https://data.hrsa.gov/DataDownload/DD_Files/Health_Center_Service_Delivery_and_LookAlike_Sites.csv,2026-06-19,"Fields copied from the official HRSA CSV: site name, address, city, state, postal code, phone, website, HRSA geocoding coordinates, county/FIPS, operating hours per week, site status, and location setting. Site status: Active. Location setting: All Other Clinic Types. Operational schedule: Part-Time. Daily hours, services, price, insurance, and accessibility fields were not supplied by this intake.",BPS-H80-006956,Health Center Service Delivery and Look-Alike Sites,2026-06-19,2026-06-19,needs_review,
hrsa-bps-h80-038621,Ellwood City Health Center,community_health_center,"304 Evans Dr, Ste 401",Ellwood City,PA,42,Lawrence County,42073,16117-1478,40.86822877,-80.27581704,724-824-8185,https://primary-health.net,,,,,,,,,HRSA operating hours per week: 47.00,unknown,,,,,,,,,HRSA Health Center Service Delivery and Look-Alike Sites,https://data.hrsa.gov/DataDownload/DD_Files/Health_Center_Service_Delivery_and_LookAlike_Sites.csv,2026-06-19,"Fields copied from the official HRSA CSV: site name, address, city, state, postal code, phone, website, HRSA geocoding coordinates, county/FIPS, operating hours per week, site status, and location setting. Site status: Active. Location setting: All Other Clinic Types. Operational schedule: Unknown. Daily hours, services, price, insurance, and accessibility fields were not supplied by this intake.",BPS-H80-038621,Health Center Service Delivery and Look-Alike Sites,2026-06-19,2026-06-19,needs_review,
hrsa-bps-h80-003955,CAMERON COUNTY DENTAL CTR,community_health_center,90 E 2nd St,Emporium,PA,42,Cameron County,42023,15834-1399,41.51048825,-78.23568025,814-486-0909,www.keystoneruralhealth.com,,,,,,,,,HRSA operating hours per week: 40.00,unknown,,,,,,,,,HRSA Health Center Service Delivery and Look-Alike Sites,https://data.hrsa.gov/DataDownload/DD_Files/Health_Center_Service_Delivery_and_LookAlike_Sites.csv,2026-06-19,"Fields copied from the official HRSA CSV: site name, address, city, state, postal code, phone, website, HRSA geocoding coordinates, county/FIPS, operating hours per week, site status, and location setting. Site status: Active. Location setting: All Other Clinic Types. Operational schedule: Full-Time. Daily hours, services, price, insurance, and accessibility fields were not supplied by this intake.",BPS-H80-003955,Health Center Service Delivery and Look-Alike Sites,2026-06-19,2026-06-19,needs_review,
hrsa-bps-h80-027964,Sterling Pediatric Center,community_health_center,62 Industrial Park Rd,Lake Ariel,PA,42,Wayne County,42127,18436-5606,41.35998807,-75.37860009,570-689-7565,,,,,,,,,,HRSA operating hours per week: 59.00,unknown,,,,,,,,,HRSA Health Center Service Delivery and Look-Alike Sites,https://data.hrsa.gov/DataDownload/DD_Files/Health_Center_Service_Delivery_and_LookAlike_Sites.csv,2026-06-19,"Fields copied from the official HRSA CSV: site name, address, city, state, postal code, phone, website, HRSA geocoding coordinates, county/FIPS, operating hours per week, site status, and location setting. Site status: Active. Location setting: All Other Clinic Types. Operational schedule: Unknown. Daily hours, services, price, insurance, and accessibility fields were not supplied by this intake.",BPS-H80-027964,Health Center Service Delivery and Look-Alike Sites,2026-06-19,2026-06-19,needs_review,
hrsa-bps-h80-024539,Trinity West Elementary,community_health_center,1041 Gabby Ave,Washington,PA,42,Washington County,42125,15301-5913,40.15554786,-80.26227516,724-632-6801 x2258,,,,,,,,,,HRSA operating hours per week: 8.00,unknown,,,,,,,,,HRSA Health Center Service Delivery and Look-Alike Sites,https://data.hrsa.gov/DataDownload/DD_Files/Health_Center_Service_Delivery_and_LookAlike_Sites.csv,2026-06-19,"Fields copied from the official HRSA CSV: site name, address, city, state, postal code, phone, website, HRSA geocoding coordinates, county/FIPS, operating hours per week, site status, and location setting. Site status: Active. Location setting: School. Operational schedule: Unknown. Daily hours, services, price, insurance, and accessibility fields were not supplied by this intake.",BPS-H80-024539,Health Center Service Delivery and Look-Alike Sites,2026-06-19,2026-06-19,needs_review,
hrsa-bps-h80-019616,McKeesport Downtown Housing,community_health_center,523 Sinclair St,Mckeesport,PA,42,Allegheny County,42003,15132-3029,40.35037225,-79.86190358,412-678-6948,,,,,,,,,,HRSA operating hours per week: 8.00,unknown,,,,,,,,,HRSA Health Center Service Delivery and Look-Alike Sites,https://data.hrsa.gov/DataDownload/DD_Files/Health_Center_Service_Delivery_and_LookAlike_Sites.csv,2026-06-19,"Fields copied from the official HRSA CSV: site name, address, city, state, postal code, phone, website, HRSA geocoding coordinates, county/FIPS, operating hours per week, site status, and location setting. Site status: Active. Location setting: All Other Clinic Types. Operational schedule: Unknown. Daily hours, services, price, insurance, and accessibility fields were not supplied by this intake.",BPS-H80-019616,Health Center Service Delivery and Look-Alike Sites,2026-06-19,2026-06-19,needs_review,
hrsa-bps-h80-007053,LEWISBERRY  CENTER,community_health_center,308 Market St,Lewisberry,PA,42,York County,42133,17339-9257,40.13677315,-76.85954986,717-938-6695,www.familyfirsthealth.org,,,,,,,,,HRSA operating hours per week: 32.00,unknown,,,,,,,,,HRSA Health Center Service Delivery and Look-Alike Sites,https://data.hrsa.gov/DataDownload/DD_Files/Health_Center_Service_Delivery_and_LookAlike_Sites.csv,2026-06-19,"Fields copied from the official HRSA CSV: site name, address, city, state, postal code, phone, website, HRSA geocoding coordinates, county/FIPS, operating hours per week, site status, and location setting. Site status: Active. Location setting: All Other Clinic Types. Operational schedule: Part-Time. Daily hours, services, price, insurance, and accessibility fields were not supplied by this intake.",BPS-H80-007053,Health Center Service Delivery and Look-Alike Sites,2026-06-19,2026-06-19,needs_review,
hrsa-bps-h80-019627,Family Links,community_health_center,1601 5th Ave,Pittsburgh,PA,42,Allegheny County,42003,15219-5537,40.43851336,-79.98382674,412-661-1800,,,,,,,,,,HRSA operating hours per week: 8.00,unknown,,,,,,,,,HRSA Health Center Service Delivery and Look-Alike Sites,https://data.hrsa.gov/DataDownload/DD_Files/Health_Center_Service_Delivery_and_LookAlike_Sites.csv,2026-06-19,"Fields copied from the official HRSA CSV: site name, address, city, state, postal code, phone, website, HRSA geocoding coordinates, county/FIPS, operating hours per week, site status, and location setting. Site status: Active. Location setting: All Other Clinic Types. Operational schedule: Unknown. Daily hours, services, price, insurance, and accessibility fields were not supplied by this intake.",BPS-H80-019627,Health Center Service Delivery and Look-Alike Sites,2026-06-19,2026-06-19,needs_review,
hrsa-bps-h80-004198,SOUTHEAST HEALTH CENTER,community_health_center,800 Washington Ave,Philadelphia,PA,42,Philadelphia County,42101,19147-4717,39.93576845,-75.15724459,215-339-5100,WWW.GPHAINC.ORG,,,,,,,,,HRSA operating hours per week: 46.00,unknown,,,,,,,,,HRSA Health Center Service Delivery and Look-Alike Sites,https://data.hrsa.gov/DataDownload/DD_Files/Health_Center_Service_Delivery_and_LookAlike_Sites.csv,2026-06-19,"Fields copied from the official HRSA CSV: site name, address, city, state, postal code, phone, website, HRSA geocoding coordinates, county/FIPS, operating hours per week, site status, and location setting. Site status: Active. Location setting: All Other Clinic Types. Operational schedule: Full-Time. Daily hours, services, price, insurance, and accessibility fields were not supplied by this intake.",BPS-H80-004198,Health Center Service Delivery and Look-Alike Sites,2026-06-19,2026-06-19,needs_review,
hrsa-bps-h80-020994,Union Deposit Family Practice,community_health_center,891 S Arlington Ave,Harrisburg,PA,42,Dauphin County,42043,17109-5025,40.28357095,-76.81805617,717-232-0500,,,,,,,,,,HRSA operating hours per week: 40.00,unknown,,,,,,,,,HRSA Health Center Service Delivery and Look-Alike Sites,https://data.hrsa.gov/DataDownload/DD_Files/Health_Center_Service_Delivery_and_LookAlike_Sites.csv,2026-06-19,"Fields copied from the official HRSA CSV: site name, address, city, state, postal code, phone, website, HRSA geocoding coordinates, county/FIPS, operating hours per week, site status, and location setting. Site status: Active. Location setting: All Other Clinic Types. Operational schedule: Unknown. Daily hours, services, price, insurance, and accessibility fields were not supplied by this intake.",BPS-H80-020994,Health Center Service Delivery and Look-Alike Sites,2026-06-19,2026-06-19,needs_review,
hrsa-bps-h80-031317,Fairmount Primary Care Center at Horizon House,community_health_center,5901 Market St,Philadelphia,PA,42,Philadelphia County,42101,19139-3117,39.96205598,-75.23902900,215-222-2466,,,,,,,,,,HRSA operating hours per week: 40.00,unknown,,,,,,,,,HRSA Health Center Service Delivery and Look-Alike Sites,https://data.hrsa.gov/DataDownload/DD_Files/Health_Center_Service_Delivery_and_LookAlike_Sites.csv,2026-06-19,"Fields copied from the official HRSA CSV: site name, address, city, state, postal code, phone, website, HRSA geocoding coordinates, county/FIPS, operating hours per week, site status, and location setting. Site status: Active. Location setting: All Other Clinic Types. Operational schedule: Unknown. Daily hours, services, price, insurance, and accessibility fields were not supplied by this intake.",BPS-H80-031317,Health Center Service Delivery and Look-Alike Sites,2026-06-19,2026-06-19,needs_review,
hrsa-bps-h80-009377,PHMC Care Clinic,community_health_center,1200 Callowhill St,Philadelphia,PA,42,Philadelphia County,42101,19123-3658,39.95892077,-75.15880035,215-787-9617,,,,,,,,,,HRSA operating hours per week: 40.00,unknown,,,,,,,,,HRSA Health Center Service Delivery and Look-Alike Sites,https://data.hrsa.gov/DataDownload/DD_Files/Health_Center_Service_Delivery_and_LookAlike_Sites.csv,2026-06-19,"Fields copied from the official HRSA CSV: site name, address, city, state, postal code, phone, website, HRSA geocoding coordinates, county/FIPS, operating hours per week, site status, and location setting. Site status: Active. Location setting: All Other Clinic Types. Operational schedule: Full-Time. Daily hours, services, price, insurance, and accessibility fields were not supplied by this intake.",BPS-H80-009377,Health Center Service Delivery and Look-Alike Sites,2026-06-19,2026-06-19,needs_review,
hrsa-bps-h80-040610,Vaux School-Based Health Center,community_health_center,2300 W Master St,Philadelphia,PA,42,Philadelphia County,42101,19121-4996,39.97608884,-75.17429908,215-471-2761,,,,,,,,,,HRSA operating hours per week: 12.00,unknown,,,,,,,,,HRSA Health Center Service Delivery and Look-Alike Sites,https://data.hrsa.gov/DataDownload/DD_Files/Health_Center_Service_Delivery_and_LookAlike_Sites.csv,2026-06-19,"Fields copied from the official HRSA CSV: site name, address, city, state, postal code, phone, website, HRSA geocoding coordinates, county/FIPS, operating hours per week, site status, and location setting. Site status: Active. Location setting: School. Operational schedule: Unknown. Daily hours, services, price, insurance, and accessibility fields were not supplied by this intake.",BPS-H80-040610,Health Center Service Delivery and Look-Alike Sites,2026-06-19,2026-06-19,needs_review,
hrsa-bps-h80-007190,Union Community Care at Welsh Mountain,community_health_center,584 Springville Rd,New Holland,PA,42,Lancaster County,42071,17557-9565,40.07100027,-76.01796840,717-354-4711,www.welshmountain.org,,,,,,,,,HRSA operating hours per week: 51.00,unknown,,,,,,,,,HRSA Health Center Service Delivery and Look-Alike Sites,https://data.hrsa.gov/DataDownload/DD_Files/Health_Center_Service_Delivery_and_LookAlike_Sites.csv,2026-06-19,"Fields copied from the official HRSA CSV: site name, address, city, state, postal code, phone, website, HRSA geocoding coordinates, county/FIPS, operating hours per week, site status, and location setting. Site status: Active. Location setting: All Other Clinic Types. Operational schedule: Part-Time. Daily hours, services, price, insurance, and accessibility fields were not supplied by this intake.",BPS-H80-007190,Health Center Service Delivery and Look-Alike Sites,2026-06-19,2026-06-19,needs_review,
hrsa-bps-h80-032941,BTAMC Southern Huntingdon County Medical Center,community_health_center,"626 Water St, Ste 1",Orbisonia,PA,42,Huntingdon County,42061,17243-9432,40.24043755,-77.89184771,814-635-7351 x1403,,,,,,,,,,HRSA operating hours per week: 47.50,unknown,,,,,,,,,HRSA Health Center Service Delivery and Look-Alike Sites,https://data.hrsa.gov/DataDownload/DD_Files/Health_Center_Service_Delivery_and_LookAlike_Sites.csv,2026-06-19,"Fields copied from the official HRSA CSV: site name, address, city, state, postal code, phone, website, HRSA geocoding coordinates, county/FIPS, operating hours per week, site status, and location setting. Site status: Active. Location setting: All Other Clinic Types. Operational schedule: Unknown. Daily hours, services, price, insurance, and accessibility fields were not supplied by this intake.",BPS-H80-032941,Health Center Service Delivery and Look-Alike Sites,2026-06-19,2026-06-19,needs_review,
hrsa-bps-h80-016957,Sandy Lake Community Health Center,community_health_center,3205 S Main St,Sandy Lake,PA,42,Mercer County,42085,16145,41.34605454,-80.08088977,724-376-7111,http://www.primary-health.net,,,,,,,,,HRSA operating hours per week: 43.50,unknown,,,,,,,,,HRSA Health Center Service Delivery and Look-Alike Sites,https://data.hrsa.gov/DataDownload/DD_Files/Health_Center_Service_Delivery_and_LookAlike_Sites.csv,2026-06-19,"Fields copied from the official HRSA CSV: site name, address, city, state, postal code, phone, website, HRSA geocoding coordinates, county/FIPS, operating hours per week, site status, and location setting. Site status: Active. Location setting: All Other Clinic Types. Operational schedule: Unknown. Daily hours, services, price, insurance, and accessibility fields were not supplied by this intake.",BPS-H80-016957,Health Center Service Delivery and Look-Alike Sites,2026-06-19,2026-06-19,needs_review,
hrsa-bps-h80-032423,Lancaster Reynolds Middle School,community_health_center,605 W Walnut St,Lancaster,PA,42,Lancaster County,42071,17603-3383,40.04203698,-76.31868451,717-945-1551,,,,,,,,,,HRSA operating hours per week: 36.00,unknown,,,,,,,,,HRSA Health Center Service Delivery and Look-Alike Sites,https://data.hrsa.gov/DataDownload/DD_Files/Health_Center_Service_Delivery_and_LookAlike_Sites.csv,2026-06-19,"Fields copied from the official HRSA CSV: site name, address, city, state, postal code, phone, website, HRSA geocoding coordinates, county/FIPS, operating hours per week, site status, and location setting. Site status: Active. Location setting: School. Operational schedule: Unknown. Daily hours, services, price, insurance, and accessibility fields were not supplied by this intake.",BPS-H80-032423,Health Center Service Delivery and Look-Alike Sites,2026-06-19,2026-06-19,needs_review,
hrsa-bps-h80-015028,Berks Community Health Center at Oakbrook,community_health_center,1040 Liggett Ave,Reading,PA,42,Berks County,42011,19611-1801,40.31831448,-75.94559418,610-988-4838,www.berkschc.org,,,,,,,,,HRSA operating hours per week: 50.00,unknown,,,,,,,,,HRSA Health Center Service Delivery and Look-Alike Sites,https://data.hrsa.gov/DataDownload/DD_Files/Health_Center_Service_Delivery_and_LookAlike_Sites.csv,2026-06-19,"Fields copied from the official HRSA CSV: site name, address, city, state, postal code, phone, website, HRSA geocoding coordinates, county/FIPS, operating hours per week, site status, and location setting. Site status: Active. Location setting: All Other Clinic Types. Operational schedule: Unknown. Daily hours, services, price, insurance, and accessibility fields were not supplied by this intake.",BPS-H80-015028,Health Center Service Delivery and Look-Alike Sites,2026-06-19,2026-06-19,needs_review,
hrsa-bps-lal-030258,Star Community Health OB/GYN & KidsCare - Easton,community_health_center,220 Ferry St,Easton,PA,42,Northampton County,42095,18042-3674,40.68964449,-75.20768177,484-503-8175,starcommunityhealth.org,,,,,,,,,HRSA operating hours per week: 53.42,unknown,,,,,,,,,HRSA Health Center Service Delivery and Look-Alike Sites,https://data.hrsa.gov/DataDownload/DD_Files/Health_Center_Service_Delivery_and_LookAlike_Sites.csv,2026-06-19,"Fields copied from the official HRSA CSV: site name, address, city, state, postal code, phone, website, HRSA geocoding coordinates, county/FIPS, operating hours per week, site status, and location setting. Site status: Active. Location setting: All Other Clinic Types. Operational schedule: Unknown. Daily hours, services, price, insurance, and accessibility fields were not supplied by this intake.",BPS-LAL-030258,Health Center Service Delivery and Look-Alike Sites,2026-06-19,2026-06-19,needs_review,
hrsa-bps-lal-036802,The Wright Center for Community Health North Scranton Practice,community_health_center,1721 N Main Ave,Scranton,PA,42,Lackawanna County,42069,18508-1995,41.43671820,-75.65984639,570-230-0019,,,,,,,,,,HRSA operating hours per week: 40.00,unknown,,,,,,,,,HRSA Health Center Service Delivery and Look-Alike Sites,https://data.hrsa.gov/DataDownload/DD_Files/Health_Center_Service_Delivery_and_LookAlike_Sites.csv,2026-06-19,"Fields copied from the official HRSA CSV: site name, address, city, state, postal code, phone, website, HRSA geocoding coordinates, county/FIPS, operating hours per week, site status, and location setting. Site status: Active. Location setting: All Other Clinic Types. Operational schedule: Unknown. Daily hours, services, price, insurance, and accessibility fields were not supplied by this intake.",BPS-LAL-036802,Health Center Service Delivery and Look-Alike Sites,2026-06-19,2026-06-19,needs_review,
hrsa-bps-h80-033774,Cornerstone Care Medical and Behavioral Health Center of Washington,community_health_center,"351 W Beau St, Suite 200",Washington,PA,42,Washington County,42125,15301-4663,40.17031493,-80.25160583,724-228-7400,www.cornerstonecare.com,,,,,,,,,HRSA operating hours per week: 48.00,unknown,,,,,,,,,HRSA Health Center Service Delivery and Look-Alike Sites,https://data.hrsa.gov/DataDownload/DD_Files/Health_Center_Service_Delivery_and_LookAlike_Sites.csv,2026-06-19,"Fields copied from the official HRSA CSV: site name, address, city, state, postal code, phone, website, HRSA geocoding coordinates, county/FIPS, operating hours per week, site status, and location setting. Site status: Active. Location setting: All Other Clinic Types. Operational schedule: Unknown. Daily hours, services, price, insurance, and accessibility fields were not supplied by this intake.",BPS-H80-033774,Health Center Service Delivery and Look-Alike Sites,2026-06-19,2026-06-19,needs_review,
hrsa-bps-h80-038122,CHDC Boyertown,community_health_center,6 E Philadelphia Ave,Boyertown,PA,42,Berks County,42011,19512-1125,40.33344692,-75.63726026,610-326-9460,,,,,,,,,,HRSA operating hours per week: 27.00,unknown,,,,,,,,,HRSA Health Center Service Delivery and Look-Alike Sites,https://data.hrsa.gov/DataDownload/DD_Files/Health_Center_Service_Delivery_and_LookAlike_Sites.csv,2026-06-19,"Fields copied from the official HRSA CSV: site name, address, city, state, postal code, phone, website, HRSA geocoding coordinates, county/FIPS, operating hours per week, site status, and location setting. Site status: Active. Location setting: All Other Clinic Types. Operational schedule: Unknown. Daily hours, services, price, insurance, and accessibility fields were not supplied by this intake.",BPS-H80-038122,Health Center Service Delivery and Look-Alike Sites,2026-06-19,2026-06-19,needs_review,
hrsa-bps-h80-005021,New Holland Dental,community_health_center,"435 S Kinzer Ave, Suite 6",New Holland,PA,42,Lancaster County,42071,17557-8706,40.09921267,-76.07416529,717-351-2400,www.welshmountain.org,,,,,,,,,HRSA operating hours per week: 54.00,unknown,,,,,,,,,HRSA Health Center Service Delivery and Look-Alike Sites,https://data.hrsa.gov/DataDownload/DD_Files/Health_Center_Service_Delivery_and_LookAlike_Sites.csv,2026-06-19,"Fields copied from the official HRSA CSV: site name, address, city, state, postal code, phone, website, HRSA geocoding coordinates, county/FIPS, operating hours per week, site status, and location setting. Site status: Active. Location setting: All Other Clinic Types. Operational schedule: Full-Time. Daily hours, services, price, insurance, and accessibility fields were not supplied by this intake.",BPS-H80-005021,Health Center Service Delivery and Look-Alike Sites,2026-06-19,2026-06-19,needs_review,
hrsa-bps-lal-040250,VHP Specialties,community_health_center,"400 N 17th St, Suite 207",Allentown,PA,42,Lehigh County,42077,18104-5052,40.60188973,-75.49514400,610-969-4470,,,,,,,,,,HRSA operating hours per week: 32.00,unknown,,,,,,,,,HRSA Health Center Service Delivery and Look-Alike Sites,https://data.hrsa.gov/DataDownload/DD_Files/Health_Center_Service_Delivery_and_LookAlike_Sites.csv,2026-06-19,"Fields copied from the official HRSA CSV: site name, address, city, state, postal code, phone, website, HRSA geocoding coordinates, county/FIPS, operating hours per week, site status, and location setting. Site status: Active. Location setting: All Other Clinic Types. Operational schedule: Unknown. Daily hours, services, price, insurance, and accessibility fields were not supplied by this intake.",BPS-LAL-040250,Health Center Service Delivery and Look-Alike Sites,2026-06-19,2026-06-19,needs_review,
hrsa-bps-h80-005028,NEW CASTLE PRIMARY CARE,community_health_center,1112 S Mill St,New Castle,PA,42,Lawrence County,42073,16101-4629,40.98792193,-80.34417733,724-658-4564,www.primary-health.net,,,,,,,,,HRSA operating hours per week: 49.50,unknown,,,,,,,,,HRSA Health Center Service Delivery and Look-Alike Sites,https://data.hrsa.gov/DataDownload/DD_Files/Health_Center_Service_Delivery_and_LookAlike_Sites.csv,2026-06-19,"Fields copied from the official HRSA CSV: site name, address, city, state, postal code, phone, website, HRSA geocoding coordinates, county/FIPS, operating hours per week, site status, and location setting. Site status: Active. Location setting: All Other Clinic Types. Operational schedule: Full-Time. Daily hours, services, price, insurance, and accessibility fields were not supplied by this intake.",BPS-H80-005028,Health Center Service Delivery and Look-Alike Sites,2026-06-19,2026-06-19,needs_review,
hrsa-bps-h80-027587,Shamokin Health Center,community_health_center,531 N Franklin St,Shamokin,PA,42,Northumberland County,42097,17872-6801,40.79147698,-76.55019603,570-486-4588,,,,,,,,,,HRSA operating hours per week: 42.50,unknown,,,,,,,,,HRSA Health Center Service Delivery and Look-Alike Sites,https://data.hrsa.gov/DataDownload/DD_Files/Health_Center_Service_Delivery_and_LookAlike_Sites.csv,2026-06-19,"Fields copied from the official HRSA CSV: site name, address, city, state, postal code, phone, website, HRSA geocoding coordinates, county/FIPS, operating hours per week, site status, and location setting. Site status: Active. Location setting: All Other Clinic Types. Operational schedule: Unknown. Daily hours, services, price, insurance, and accessibility fields were not supplied by this intake.",BPS-H80-027587,Health Center Service Delivery and Look-Alike Sites,2026-06-19,2026-06-19,needs_review,
hrsa-bps-h80-011316,Cornerstone Care Community Dental Center of Uniontown,community_health_center,"140 N Beeson Ave, Suite 400",Uniontown,PA,42,Fayette County,42051,15401-2937,39.90579510,-79.72527327,724-439-1628,www.cornerstonecare.com,,,,,,,,,HRSA operating hours per week: 40.00,unknown,,,,,,,,,HRSA Health Center Service Delivery and Look-Alike Sites,https://data.hrsa.gov/DataDownload/DD_Files/Health_Center_Service_Delivery_and_LookAlike_Sites.csv,2026-06-19,"Fields copied from the official HRSA CSV: site name, address, city, state, postal code, phone, website, HRSA geocoding coordinates, county/FIPS, operating hours per week, site status, and location setting. Site status: Active. Location setting: All Other Clinic Types. Operational schedule: Full-Time. Daily hours, services, price, insurance, and accessibility fields were not supplied by this intake.",BPS-H80-011316,Health Center Service Delivery and Look-Alike Sites,2026-06-19,2026-06-19,needs_review,
hrsa-bps-h80-033452,Dental and Optometry Center of Washington,community_health_center,351 W Beau St,Washington,PA,42,Washington County,42125,15301-4663,40.17031493,-80.25160583,724-228-1089,www.cornerstonecare.com,,,,,,,,,HRSA operating hours per week: 44.00,unknown,,,,,,,,,HRSA Health Center Service Delivery and Look-Alike Sites,https://data.hrsa.gov/DataDownload/DD_Files/Health_Center_Service_Delivery_and_LookAlike_Sites.csv,2026-06-19,"Fields copied from the official HRSA CSV: site name, address, city, state, postal code, phone, website, HRSA geocoding coordinates, county/FIPS, operating hours per week, site status, and location setting. Site status: Active. Location setting: All Other Clinic Types. Operational schedule: Unknown. Daily hours, services, price, insurance, and accessibility fields were not supplied by this intake.",BPS-H80-033452,Health Center Service Delivery and Look-Alike Sites,2026-06-19,2026-06-19,needs_review,
hrsa-bps-h80-005255,MERCER PRIMARY CARE,community_health_center,737 Greenville Rd,Mercer,PA,42,Mercer County,42085,16137-5070,41.24813472,-80.24882472,724-662-2650,www.primary-health.net,,,,,,,,,HRSA operating hours per week: 48.00,unknown,,,,,,,,,HRSA Health Center Service Delivery and Look-Alike Sites,https://data.hrsa.gov/DataDownload/DD_Files/Health_Center_Service_Delivery_and_LookAlike_Sites.csv,2026-06-19,"Fields copied from the official HRSA CSV: site name, address, city, state, postal code, phone, website, HRSA geocoding coordinates, county/FIPS, operating hours per week, site status, and location setting. Site status: Active. Location setting: All Other Clinic Types. Operational schedule: Full-Time. Daily hours, services, price, insurance, and accessibility fields were not supplied by this intake.",BPS-H80-005255,Health Center Service Delivery and Look-Alike Sites,2026-06-19,2026-06-19,needs_review,
hrsa-bps-h80-039819,Sullivan County Laurel Health Center,community_health_center,217 King St,Hughesville,PA,42,Sullivan County,42113,17737-8014,41.42358807,-76.49514688,570-946-4363,,,,,,,,,,HRSA operating hours per week: 34.00,unknown,,,,,,,,,HRSA Health Center Service Delivery and Look-Alike Sites,https://data.hrsa.gov/DataDownload/DD_Files/Health_Center_Service_Delivery_and_LookAlike_Sites.csv,2026-06-19,"Fields copied from the official HRSA CSV: site name, address, city, state, postal code, phone, website, HRSA geocoding coordinates, county/FIPS, operating hours per week, site status, and location setting. Site status: Active. Location setting: All Other Clinic Types. Operational schedule: Unknown. Daily hours, services, price, insurance, and accessibility fields were not supplied by this intake.",BPS-H80-039819,Health Center Service Delivery and Look-Alike Sites,2026-06-19,2026-06-19,needs_review,
hrsa-bps-h80-035258,"BTAMC, Inc. SHCMC Dental Clinic",community_health_center,"626 Water St, Suite 2",Orbisonia,PA,42,Huntingdon County,42061,17243-9432,40.24019745,-77.89220997,814-447-3159,,,,,,,,,,HRSA operating hours per week: 52.50,unknown,,,,,,,,,HRSA Health Center Service Delivery and Look-Alike Sites,https://data.hrsa.gov/DataDownload/DD_Files/Health_Center_Service_Delivery_and_LookAlike_Sites.csv,2026-06-19,"Fields copied from the official HRSA CSV: site name, address, city, state, postal code, phone, website, HRSA geocoding coordinates, county/FIPS, operating hours per week, site status, and location setting. Site status: Active. Location setting: All Other Clinic Types. Operational schedule: Unknown. Daily hours, services, price, insurance, and accessibility fields were not supplied by this intake.",BPS-H80-035258,Health Center Service Delivery and Look-Alike Sites,2026-06-19,2026-06-19,needs_review,
hrsa-bps-lal-030250,Star Community Health KidsCare - Bethlehem,community_health_center,"511 E 3rd St, Ste 201",Bethlehem,PA,42,Northampton County,42095,18015-2180,40.61217756,-75.37169022,484-526-8100,starcommunityhealth.org,,,,,,,,,HRSA operating hours per week: 49.50,unknown,,,,,,,,,HRSA Health Center Service Delivery and Look-Alike Sites,https://data.hrsa.gov/DataDownload/DD_Files/Health_Center_Service_Delivery_and_LookAlike_Sites.csv,2026-06-19,"Fields copied from the official HRSA CSV: site name, address, city, state, postal code, phone, website, HRSA geocoding coordinates, county/FIPS, operating hours per week, site status, and location setting. Site status: Active. Location setting: All Other Clinic Types. Operational schedule: Unknown. Daily hours, services, price, insurance, and accessibility fields were not supplied by this intake.",BPS-LAL-030250,Health Center Service Delivery and Look-Alike Sites,2026-06-19,2026-06-19,needs_review,
hrsa-bps-h80-041321,FPCSN at Building 21 High School,community_health_center,6501 Limekiln Pike,Philadelphia,PA,42,Philadelphia County,42101,19138-3102,40.05364328,-75.15214378,267-597-3600,www.fpcn.com,,,,,,,,,HRSA operating hours per week: 47.50,unknown,,,,,,,,,HRSA Health Center Service Delivery and Look-Alike Sites,https://data.hrsa.gov/DataDownload/DD_Files/Health_Center_Service_Delivery_and_LookAlike_Sites.csv,2026-06-19,"Fields copied from the official HRSA CSV: site name, address, city, state, postal code, phone, website, HRSA geocoding coordinates, county/FIPS, operating hours per week, site status, and location setting. Site status: Active. Location setting: School. Operational schedule: Unknown. Daily hours, services, price, insurance, and accessibility fields were not supplied by this intake.",BPS-H80-041321,Health Center Service Delivery and Look-Alike Sites,2026-06-19,2026-06-19,needs_review,
hrsa-bps-lal-040318,Conyngham Primary Health Care Center- Building A,community_health_center,335 S Franklin St,Wilkes Barre,PA,42,Luzerne County,42079,18702-3808,41.24228335,-75.89262097,570-301-0924,http://www.cscwv.org/csc/home/main.aspx,,,,,,,,,HRSA operating hours per week: 57.00,unknown,,,,,,,,,HRSA Health Center Service Delivery and Look-Alike Sites,https://data.hrsa.gov/DataDownload/DD_Files/Health_Center_Service_Delivery_and_LookAlike_Sites.csv,2026-06-19,"Fields copied from the official HRSA CSV: site name, address, city, state, postal code, phone, website, HRSA geocoding coordinates, county/FIPS, operating hours per week, site status, and location setting. Site status: Active. Location setting: All Other Clinic Types. Operational schedule: Unknown. Daily hours, services, price, insurance, and accessibility fields were not supplied by this intake.",BPS-LAL-040318,Health Center Service Delivery and Look-Alike Sites,2026-06-19,2026-06-19,needs_review,
hrsa-bps-h80-018987,Neighborhood Health Centers of Lehigh Valley - Easton,community_health_center,"1101 Northampton St, Suite 102",Easton,PA,42,Northampton County,42095,18042-4152,40.69068908,-75.22471723,610-841-8400,http://www.nhclv.org/,,,,,,,,,HRSA operating hours per week: 40.00,unknown,,,,,,,,,HRSA Health Center Service Delivery and Look-Alike Sites,https://data.hrsa.gov/DataDownload/DD_Files/Health_Center_Service_Delivery_and_LookAlike_Sites.csv,2026-06-19,"Fields copied from the official HRSA CSV: site name, address, city, state, postal code, phone, website, HRSA geocoding coordinates, county/FIPS, operating hours per week, site status, and location setting. Site status: Active. Location setting: All Other Clinic Types. Operational schedule: Unknown. Daily hours, services, price, insurance, and accessibility fields were not supplied by this intake.",BPS-H80-018987,Health Center Service Delivery and Look-Alike Sites,2026-06-19,2026-06-19,needs_review,
hrsa-bps-lal-030305,Star Community Health Administration,community_health_center,"520 E Broad St, Ste 108",Bethlehem,PA,42,Northampton County,42095,18018-6330,40.62206007,-75.36612765,484-822-7827,starcommunityhealth.org,,,,,,,,,HRSA operating hours per week: 42.50,unknown,,,,,,,,,HRSA Health Center Service Delivery and Look-Alike Sites,https://data.hrsa.gov/DataDownload/DD_Files/Health_Center_Service_Delivery_and_LookAlike_Sites.csv,2026-06-19,"Fields copied from the official HRSA CSV: site name, address, city, state, postal code, phone, website, HRSA geocoding coordinates, county/FIPS, operating hours per week, site status, and location setting. Site status: Active. Location setting: All Other Clinic Types. Operational schedule: Unknown. Daily hours, services, price, insurance, and accessibility fields were not supplied by this intake.",BPS-LAL-030305,Health Center Service Delivery and Look-Alike Sites,2026-06-19,2026-06-19,needs_review,
hrsa-bps-h80-000150,FREELAND HEALTH CENTER,community_health_center,404 Ridge St,Freeland,PA,42,Luzerne County,42079,18224-1802,41.01553154,-75.89896247,570-704-4232,www.rhcnepa.com,,,,,,,,,HRSA operating hours per week: 40.00,unknown,,,,,,,,,HRSA Health Center Service Delivery and Look-Alike Sites,https://data.hrsa.gov/DataDownload/DD_Files/Health_Center_Service_Delivery_and_LookAlike_Sites.csv,2026-06-19,"Fields copied from the official HRSA CSV: site name, address, city, state, postal code, phone, website, HRSA geocoding coordinates, county/FIPS, operating hours per week, site status, and location setting. Site status: Active. Location setting: All Other Clinic Types. Operational schedule: Full-Time. Daily hours, services, price, insurance, and accessibility fields were not supplied by this intake.",BPS-H80-000150,Health Center Service Delivery and Look-Alike Sites,2026-06-19,2026-06-19,needs_review,
hrsa-bps-h80-017222,Dayton Way Health Center,community_health_center,1 Dayton Way,Sharon,PA,42,Mercer County,42085,16146-2185,41.23506511,-80.50538614,724-342-6620,http://www.primary-health.net,,,,,,,,,HRSA operating hours per week: 43.00,unknown,,,,,,,,,HRSA Health Center Service Delivery and Look-Alike Sites,https://data.hrsa.gov/DataDownload/DD_Files/Health_Center_Service_Delivery_and_LookAlike_Sites.csv,2026-06-19,"Fields copied from the official HRSA CSV: site name, address, city, state, postal code, phone, website, HRSA geocoding coordinates, county/FIPS, operating hours per week, site status, and location setting. Site status: Active. Location setting: All Other Clinic Types. Operational schedule: Unknown. Daily hours, services, price, insurance, and accessibility fields were not supplied by this intake.",BPS-H80-017222,Health Center Service Delivery and Look-Alike Sites,2026-06-19,2026-06-19,needs_review,
hrsa-bps-h80-012685,Spectrum Community Health Center,community_health_center,5201 Haverford Ave,Philadelphia,PA,42,Philadelphia County,42101,19139-1401,39.96544462,-75.22505301,215-471-2761,www.spectrumhs.org,,,,,,,,,HRSA operating hours per week: 54.50,unknown,,,,,,,,,HRSA Health Center Service Delivery and Look-Alike Sites,https://data.hrsa.gov/DataDownload/DD_Files/Health_Center_Service_Delivery_and_LookAlike_Sites.csv,2026-06-19,"Fields copied from the official HRSA CSV: site name, address, city, state, postal code, phone, website, HRSA geocoding coordinates, county/FIPS, operating hours per week, site status, and location setting. Site status: Active. Location setting: All Other Clinic Types. Operational schedule: Full-Time. Daily hours, services, price, insurance, and accessibility fields were not supplied by this intake.",BPS-H80-012685,Health Center Service Delivery and Look-Alike Sites,2026-06-19,2026-06-19,needs_review,
hrsa-bps-h80-022035,VALLEY MEDICAL,community_health_center,75 S Wyoming Ave,Kingston,PA,42,Luzerne County,42079,18704-3103,41.25619400,-75.90128904,570-704-4233,www.rhcnepa.com,,,,,,,,,HRSA operating hours per week: 44.00,unknown,,,,,,,,,HRSA Health Center Service Delivery and Look-Alike Sites,https://data.hrsa.gov/DataDownload/DD_Files/Health_Center_Service_Delivery_and_LookAlike_Sites.csv,2026-06-19,"Fields copied from the official HRSA CSV: site name, address, city, state, postal code, phone, website, HRSA geocoding coordinates, county/FIPS, operating hours per week, site status, and location setting. Site status: Active. Location setting: All Other Clinic Types. Operational schedule: Unknown. Daily hours, services, price, insurance, and accessibility fields were not supplied by this intake.",BPS-H80-022035,Health Center Service Delivery and Look-Alike Sites,2026-06-19,2026-06-19,needs_review,
hrsa-bps-h80-028337,Neighborhood Health Centers of the Lehigh Valley- Broad Street,community_health_center,635 E Broad St,Bethlehem,PA,42,Northampton County,42095,18018-6332,40.62226434,-75.36284245,610-820-7605,www.nhclv.org,,,,,,,,,HRSA operating hours per week: 48.00,unknown,,,,,,,,,HRSA Health Center Service Delivery and Look-Alike Sites,https://data.hrsa.gov/DataDownload/DD_Files/Health_Center_Service_Delivery_and_LookAlike_Sites.csv,2026-06-19,"Fields copied from the official HRSA CSV: site name, address, city, state, postal code, phone, website, HRSA geocoding coordinates, county/FIPS, operating hours per week, site status, and location setting. Site status: Active. Location setting: All Other Clinic Types. Operational schedule: Unknown. Daily hours, services, price, insurance, and accessibility fields were not supplied by this intake.",BPS-H80-028337,Health Center Service Delivery and Look-Alike Sites,2026-06-19,2026-06-19,needs_review,
hrsa-bps-h80-033742,Sadler Health Center Corporation Mechanicsburg,community_health_center,5210 E Trindle Rd,Mechanicsburg,PA,42,Cumberland County,42041,17050-3522,40.22018004,-76.98261070,717-218-6670,sadlerhealth.org,,,,,,,,,HRSA operating hours per week: 40.00,unknown,,,,,,,,,HRSA Health Center Service Delivery and Look-Alike Sites,https://data.hrsa.gov/DataDownload/DD_Files/Health_Center_Service_Delivery_and_LookAlike_Sites.csv,2026-06-19,"Fields copied from the official HRSA CSV: site name, address, city, state, postal code, phone, website, HRSA geocoding coordinates, county/FIPS, operating hours per week, site status, and location setting. Site status: Active. Location setting: All Other Clinic Types. Operational schedule: Unknown. Daily hours, services, price, insurance, and accessibility fields were not supplied by this intake.",BPS-H80-033742,Health Center Service Delivery and Look-Alike Sites,2026-06-19,2026-06-19,needs_review,
hrsa-bps-h80-031679,Laurel Dental - Blossburg,community_health_center,116 Seymour St,Blossburg,PA,42,Tioga County,42117,16912-1418,41.68216894,-77.06087170,570-638-3468,,,,,,,,,,HRSA operating hours per week: 42.00,unknown,,,,,,,,,HRSA Health Center Service Delivery and Look-Alike Sites,https://data.hrsa.gov/DataDownload/DD_Files/Health_Center_Service_Delivery_and_LookAlike_Sites.csv,2026-06-19,"Fields copied from the official HRSA CSV: site name, address, city, state, postal code, phone, website, HRSA geocoding coordinates, county/FIPS, operating hours per week, site status, and location setting. Site status: Active. Location setting: All Other Clinic Types. Operational schedule: Unknown. Daily hours, services, price, insurance, and accessibility fields were not supplied by this intake.",BPS-H80-031679,Health Center Service Delivery and Look-Alike Sites,2026-06-19,2026-06-19,needs_review,
hrsa-bps-h80-008807,New Castle Dental Center,community_health_center,2807 Wilmington Rd,New Castle,PA,42,Lawrence County,42073,16105-1263,41.03873420,-80.35753046,724-656-3486,www.primary-health.net,,,,,,,,,HRSA operating hours per week: 43.00,unknown,,,,,,,,,HRSA Health Center Service Delivery and Look-Alike Sites,https://data.hrsa.gov/DataDownload/DD_Files/Health_Center_Service_Delivery_and_LookAlike_Sites.csv,2026-06-19,"Fields copied from the official HRSA CSV: site name, address, city, state, postal code, phone, website, HRSA geocoding coordinates, county/FIPS, operating hours per week, site status, and location setting. Site status: Active. Location setting: All Other Clinic Types. Operational schedule: Full-Time. Daily hours, services, price, insurance, and accessibility fields were not supplied by this intake.",BPS-H80-008807,Health Center Service Delivery and Look-Alike Sites,2026-06-19,2026-06-19,needs_review,
hrsa-bps-h80-033682,Philadelphia District Health Center #5,community_health_center,1900 N 20th St,Philadelphia,PA,42,Philadelphia County,42101,19121-2297,39.98343281,-75.16713565,215-685-2933,,,,,,,,,,HRSA operating hours per week: 45.00,unknown,,,,,,,,,HRSA Health Center Service Delivery and Look-Alike Sites,https://data.hrsa.gov/DataDownload/DD_Files/Health_Center_Service_Delivery_and_LookAlike_Sites.csv,2026-06-19,"Fields copied from the official HRSA CSV: site name, address, city, state, postal code, phone, website, HRSA geocoding coordinates, county/FIPS, operating hours per week, site status, and location setting. Site status: Active. Location setting: All Other Clinic Types. Operational schedule: Unknown. Daily hours, services, price, insurance, and accessibility fields were not supplied by this intake.",BPS-H80-033682,Health Center Service Delivery and Look-Alike Sites,2026-06-19,2026-06-19,needs_review,
hrsa-bps-lal-034400,Star Community Health Dental Van-Bethlehem,community_health_center,"511 E 3rd St, Ste 260",Bethlehem,PA,42,Northampton County,42095,18015-2072,40.61217756,-75.37169022,484-658-6539,starcommunityhealth.org,,,,,,,,,HRSA operating hours per week: 35.00,unknown,,,,,,,,,HRSA Health Center Service Delivery and Look-Alike Sites,https://data.hrsa.gov/DataDownload/DD_Files/Health_Center_Service_Delivery_and_LookAlike_Sites.csv,2026-06-19,"Fields copied from the official HRSA CSV: site name, address, city, state, postal code, phone, website, HRSA geocoding coordinates, county/FIPS, operating hours per week, site status, and location setting. Site status: Active. Location setting: All Other Clinic Types. Operational schedule: Unknown. Daily hours, services, price, insurance, and accessibility fields were not supplied by this intake.",BPS-LAL-034400,Health Center Service Delivery and Look-Alike Sites,2026-06-19,2026-06-19,needs_review,
hrsa-bps-h80-000514,"HYNDMAN AREA HEALTH CENTER, INC.",community_health_center,144 5th Ave,Hyndman,PA,42,Bedford County,42009,15545-7379,39.81715794,-78.71638659,814-842-3206,www.hyndmanhealth.org,,,,,,,,,HRSA operating hours per week: 48.00,unknown,,,,,,,,,HRSA Health Center Service Delivery and Look-Alike Sites,https://data.hrsa.gov/DataDownload/DD_Files/Health_Center_Service_Delivery_and_LookAlike_Sites.csv,2026-06-19,"Fields copied from the official HRSA CSV: site name, address, city, state, postal code, phone, website, HRSA geocoding coordinates, county/FIPS, operating hours per week, site status, and location setting. Site status: Active. Location setting: All Other Clinic Types. Operational schedule: Full-Time. Daily hours, services, price, insurance, and accessibility fields were not supplied by this intake.",BPS-H80-000514,Health Center Service Delivery and Look-Alike Sites,2026-06-19,2026-06-19,needs_review,
hrsa-bps-h80-032378,Lancaster Brightside,community_health_center,515 Hershey Ave,Lancaster,PA,42,Lancaster County,42071,17603-5752,40.02411052,-76.31503931,717-299-6371,,,,,,,,,,HRSA operating hours per week: 45.00,unknown,,,,,,,,,HRSA Health Center Service Delivery and Look-Alike Sites,https://data.hrsa.gov/DataDownload/DD_Files/Health_Center_Service_Delivery_and_LookAlike_Sites.csv,2026-06-19,"Fields copied from the official HRSA CSV: site name, address, city, state, postal code, phone, website, HRSA geocoding coordinates, county/FIPS, operating hours per week, site status, and location setting. Site status: Active. Location setting: All Other Clinic Types. Operational schedule: Unknown. Daily hours, services, price, insurance, and accessibility fields were not supplied by this intake.",BPS-H80-032378,Health Center Service Delivery and Look-Alike Sites,2026-06-19,2026-06-19,needs_review,
hrsa-bps-h80-029659,Oil City Health Center,community_health_center,811 Grandview Rd,Oil City,PA,42,Venango County,42121,16301-2077,41.44065501,-79.68813499,814-670-7950,https://primary-health.net,,,,,,,,,HRSA operating hours per week: 44.50,unknown,,,,,,,,,HRSA Health Center Service Delivery and Look-Alike Sites,https://data.hrsa.gov/DataDownload/DD_Files/Health_Center_Service_Delivery_and_LookAlike_Sites.csv,2026-06-19,"Fields copied from the official HRSA CSV: site name, address, city, state, postal code, phone, website, HRSA geocoding coordinates, county/FIPS, operating hours per week, site status, and location setting. Site status: Active. Location setting: All Other Clinic Types. Operational schedule: Unknown. Daily hours, services, price, insurance, and accessibility fields were not supplied by this intake.",BPS-H80-029659,Health Center Service Delivery and Look-Alike Sites,2026-06-19,2026-06-19,needs_review,
hrsa-bps-h80-000753,Cornerstone Care Dental and Behavioral Health Center of Waynesburg,community_health_center,501 W High St,Waynesburg,PA,42,Greene County,42059,15370-7209,39.89855900,-80.19493796,724-943-3308 x127,www.cornerstonecare.com,,,,,,,,,HRSA operating hours per week: 47.00,unknown,,,,,,,,,HRSA Health Center Service Delivery and Look-Alike Sites,https://data.hrsa.gov/DataDownload/DD_Files/Health_Center_Service_Delivery_and_LookAlike_Sites.csv,2026-06-19,"Fields copied from the official HRSA CSV: site name, address, city, state, postal code, phone, website, HRSA geocoding coordinates, county/FIPS, operating hours per week, site status, and location setting. Site status: Active. Location setting: All Other Clinic Types. Operational schedule: Full-Time. Daily hours, services, price, insurance, and accessibility fields were not supplied by this intake.",BPS-H80-000753,Health Center Service Delivery and Look-Alike Sites,2026-06-19,2026-06-19,needs_review,
hrsa-bps-lal-035650,The Wright Center for Community Health Wilkes-Barre Practice,community_health_center,169 N Pennsylvania Ave,Wilkes Barre,PA,42,Luzerne County,42079,18701-3603,41.24597998,-75.87465797,570-491-0126,,,,,,,,,,HRSA operating hours per week: 60.00,unknown,,,,,,,,,HRSA Health Center Service Delivery and Look-Alike Sites,https://data.hrsa.gov/DataDownload/DD_Files/Health_Center_Service_Delivery_and_LookAlike_Sites.csv,2026-06-19,"Fields copied from the official HRSA CSV: site name, address, city, state, postal code, phone, website, HRSA geocoding coordinates, county/FIPS, operating hours per week, site status, and location setting. Site status: Active. Location setting: All Other Clinic Types. Operational schedule: Unknown. Daily hours, services, price, insurance, and accessibility fields were not supplied by this intake.",BPS-LAL-035650,Health Center Service Delivery and Look-Alike Sites,2026-06-19,2026-06-19,needs_review,
hrsa-bps-lal-013608,Metro Community Health Center,community_health_center,"1789 S Braddock Ave, Suite 410",Pittsburgh,PA,42,Allegheny County,42003,15218-1881,40.42437418,-79.88731994,412-247-2310,www.metrofamilypractice.org,,,,,,,,,HRSA operating hours per week: 46.00,unknown,,,,,,,,,HRSA Health Center Service Delivery and Look-Alike Sites,https://data.hrsa.gov/DataDownload/DD_Files/Health_Center_Service_Delivery_and_LookAlike_Sites.csv,2026-06-19,"Fields copied from the official HRSA CSV: site name, address, city, state, postal code, phone, website, HRSA geocoding coordinates, county/FIPS, operating hours per week, site status, and location setting. Site status: Active. Location setting: All Other Clinic Types. Operational schedule: Full-Time. Daily hours, services, price, insurance, and accessibility fields were not supplied by this intake.",BPS-LAL-013608,Health Center Service Delivery and Look-Alike Sites,2026-06-19,2026-06-19,needs_review,
hrsa-bps-h80-000764,COOKE FAMILY HEALTH CENTER,community_health_center,1300 W Loudon St,Philadelphia,PA,42,Philadelphia County,42101,19141-2603,40.02580493,-75.14543706,215-456-3002,qchc@qchc.org,,,,,,,,,HRSA operating hours per week: 40.00,unknown,,,,,,,,,HRSA Health Center Service Delivery and Look-Alike Sites,https://data.hrsa.gov/DataDownload/DD_Files/Health_Center_Service_Delivery_and_LookAlike_Sites.csv,2026-06-19,"Fields copied from the official HRSA CSV: site name, address, city, state, postal code, phone, website, HRSA geocoding coordinates, county/FIPS, operating hours per week, site status, and location setting. Site status: Active. Location setting: School. Operational schedule: Full-Time. Daily hours, services, price, insurance, and accessibility fields were not supplied by this intake.",BPS-H80-000764,Health Center Service Delivery and Look-Alike Sites,2026-06-19,2026-06-19,needs_review,
hrsa-bps-h80-041320,FPCSN at Bartram High School,community_health_center,2401 S 67th St,Philadelphia,PA,42,Philadelphia County,42101,19142-2298,39.92189573,-75.23429473,267-597-3600,www.fpcn.com,,,,,,,,,HRSA operating hours per week: 47.50,unknown,,,,,,,,,HRSA Health Center Service Delivery and Look-Alike Sites,https://data.hrsa.gov/DataDownload/DD_Files/Health_Center_Service_Delivery_and_LookAlike_Sites.csv,2026-06-19,"Fields copied from the official HRSA CSV: site name, address, city, state, postal code, phone, website, HRSA geocoding coordinates, county/FIPS, operating hours per week, site status, and location setting. Site status: Active. Location setting: School. Operational schedule: Unknown. Daily hours, services, price, insurance, and accessibility fields were not supplied by this intake.",BPS-H80-041320,Health Center Service Delivery and Look-Alike Sites,2026-06-19,2026-06-19,needs_review,
hrsa-bps-h80-032424,"Lancaster Downtown (Medical, Dental & Pharmacy)",community_health_center,304 N Water St,Lancaster,PA,42,Lancaster County,42071,17603-3374,40.04331765,-76.31023002,717-299-6371,,,,,,,,,,HRSA operating hours per week: 56.00,unknown,,,,,,,,,HRSA Health Center Service Delivery and Look-Alike Sites,https://data.hrsa.gov/DataDownload/DD_Files/Health_Center_Service_Delivery_and_LookAlike_Sites.csv,2026-06-19,"Fields copied from the official HRSA CSV: site name, address, city, state, postal code, phone, website, HRSA geocoding coordinates, county/FIPS, operating hours per week, site status, and location setting. Site status: Active. Location setting: All Other Clinic Types. Operational schedule: Unknown. Daily hours, services, price, insurance, and accessibility fields were not supplied by this intake.",BPS-H80-032424,Health Center Service Delivery and Look-Alike Sites,2026-06-19,2026-06-19,needs_review,
hrsa-bps-h80-008709,WILKINSBURG DENTAL OFFICE,community_health_center,807 Wallace Ave,Pittsburgh,PA,42,Allegheny County,42003,15221-2312,40.44371622,-79.88056848,412-661-2802,www.elfhcc.com,,,,,,,,,HRSA operating hours per week: 41.25,unknown,,,,,,,,,HRSA Health Center Service Delivery and Look-Alike Sites,https://data.hrsa.gov/DataDownload/DD_Files/Health_Center_Service_Delivery_and_LookAlike_Sites.csv,2026-06-19,"Fields copied from the official HRSA CSV: site name, address, city, state, postal code, phone, website, HRSA geocoding coordinates, county/FIPS, operating hours per week, site status, and location setting. Site status: Active. Location setting: All Other Clinic Types. Operational schedule: Full-Time. Daily hours, services, price, insurance, and accessibility fields were not supplied by this intake.",BPS-H80-008709,Health Center Service Delivery and Look-Alike Sites,2026-06-19,2026-06-19,needs_review,
hrsa-bps-h80-039546,Keystone Internal Medicine Waynesboro,community_health_center,"1051 E Main St, Suite 2",Waynesboro,PA,42,Franklin County,42055,17268-2382,39.74520898,-77.55537004,717-762-3050,,,,,,,,,,HRSA operating hours per week: 46.00,unknown,,,,,,,,,HRSA Health Center Service Delivery and Look-Alike Sites,https://data.hrsa.gov/DataDownload/DD_Files/Health_Center_Service_Delivery_and_LookAlike_Sites.csv,2026-06-19,"Fields copied from the official HRSA CSV: site name, address, city, state, postal code, phone, website, HRSA geocoding coordinates, county/FIPS, operating hours per week, site status, and location setting. Site status: Active. Location setting: All Other Clinic Types. Operational schedule: Unknown. Daily hours, services, price, insurance, and accessibility fields were not supplied by this intake.",BPS-H80-039546,Health Center Service Delivery and Look-Alike Sites,2026-06-19,2026-06-19,needs_review,
hrsa-bps-h80-028364,HAZLETON PEDIATRICS,community_health_center,1730 E Broad St,Hazleton,PA,42,Luzerne County,42079,18201-5657,40.94066765,-75.95147325,570-455-9589,www.rhcnepa.com,,,,,,,,,HRSA operating hours per week: 42.00,unknown,,,,,,,,,HRSA Health Center Service Delivery and Look-Alike Sites,https://data.hrsa.gov/DataDownload/DD_Files/Health_Center_Service_Delivery_and_LookAlike_Sites.csv,2026-06-19,"Fields copied from the official HRSA CSV: site name, address, city, state, postal code, phone, website, HRSA geocoding coordinates, county/FIPS, operating hours per week, site status, and location setting. Site status: Active. Location setting: All Other Clinic Types. Operational schedule: Unknown. Daily hours, services, price, insurance, and accessibility fields were not supplied by this intake.",BPS-H80-028364,Health Center Service Delivery and Look-Alike Sites,2026-06-19,2026-06-19,needs_review,
hrsa-bps-h80-000988,"BROAD TOP AREA MEDICAL CENTER, INC.",community_health_center,,Broad Top,PA,42,Huntingdon County,42061,16621-9001,40.20104998,-78.13437799,814-635-2916,None,,,,,,,,,HRSA operating hours per week: 49.00,unknown,,,,,,,,,HRSA Health Center Service Delivery and Look-Alike Sites,https://data.hrsa.gov/DataDownload/DD_Files/Health_Center_Service_Delivery_and_LookAlike_Sites.csv,2026-06-19,"Fields copied from the official HRSA CSV: site name, address, city, state, postal code, phone, website, HRSA geocoding coordinates, county/FIPS, operating hours per week, site status, and location setting. Site status: Active. Location setting: All Other Clinic Types. Operational schedule: Full-Time. Daily hours, services, price, insurance, and accessibility fields were not supplied by this intake.",BPS-H80-000988,Health Center Service Delivery and Look-Alike Sites,2026-06-19,2026-06-19,needs_review,
hrsa-bps-lal-031002,The Wright Center for Community Health Driving Better Health,community_health_center,5 S Washington Ave,Jermyn,PA,42,Lackawanna County,42069,18433-1121,41.51605396,-75.54787313,570-230-0019,,,,,,,,,,HRSA operating hours per week: 8.00,unknown,,,,,,,,,HRSA Health Center Service Delivery and Look-Alike Sites,https://data.hrsa.gov/DataDownload/DD_Files/Health_Center_Service_Delivery_and_LookAlike_Sites.csv,2026-06-19,"Fields copied from the official HRSA CSV: site name, address, city, state, postal code, phone, website, HRSA geocoding coordinates, county/FIPS, operating hours per week, site status, and location setting. Site status: Active. Location setting: All Other Clinic Types. Operational schedule: Unknown. Daily hours, services, price, insurance, and accessibility fields were not supplied by this intake.",BPS-LAL-031002,Health Center Service Delivery and Look-Alike Sites,2026-06-19,2026-06-19,needs_review,
hrsa-bps-h80-012807,PHMC Health Connection,community_health_center,1900 N 9th St,Philadelphia,PA,42,Philadelphia County,42101,19122-2024,39.98144701,-75.14899177,215-765-6690,,,,,,,,,,HRSA operating hours per week: 45.00,unknown,,,,,,,,,HRSA Health Center Service Delivery and Look-Alike Sites,https://data.hrsa.gov/DataDownload/DD_Files/Health_Center_Service_Delivery_and_LookAlike_Sites.csv,2026-06-19,"Fields copied from the official HRSA CSV: site name, address, city, state, postal code, phone, website, HRSA geocoding coordinates, county/FIPS, operating hours per week, site status, and location setting. Site status: Active. Location setting: All Other Clinic Types. Operational schedule: Full-Time. Daily hours, services, price, insurance, and accessibility fields were not supplied by this intake.",BPS-H80-012807,Health Center Service Delivery and Look-Alike Sites,2026-06-19,2026-06-19,needs_review,
hrsa-bps-h80-030901,Familycare at Union Deposit,community_health_center,895 S Arlington Ave,Harrisburg,PA,42,Dauphin County,42043,17109-5026,40.28361542,-76.81792148,717-232-9971,,,,,,,,,,HRSA operating hours per week: 40.00,unknown,,,,,,,,,HRSA Health Center Service Delivery and Look-Alike Sites,https://data.hrsa.gov/DataDownload/DD_Files/Health_Center_Service_Delivery_and_LookAlike_Sites.csv,2026-06-19,"Fields copied from the official HRSA CSV: site name, address, city, state, postal code, phone, website, HRSA geocoding coordinates, county/FIPS, operating hours per week, site status, and location setting. Site status: Active. Location setting: All Other Clinic Types. Operational schedule: Unknown. Daily hours, services, price, insurance, and accessibility fields were not supplied by this intake.",BPS-H80-030901,Health Center Service Delivery and Look-Alike Sites,2026-06-19,2026-06-19,needs_review,
hrsa-bps-h80-009420,Station House,community_health_center,2601 N Broad St,Philadelphia,PA,42,Philadelphia County,42101,19132-4033,39.99219513,-75.15435484,215-985-2500,,,,,,,,,,HRSA operating hours per week: 8.00,unknown,,,,,,,,,HRSA Health Center Service Delivery and Look-Alike Sites,https://data.hrsa.gov/DataDownload/DD_Files/Health_Center_Service_Delivery_and_LookAlike_Sites.csv,2026-06-19,"Fields copied from the official HRSA CSV: site name, address, city, state, postal code, phone, website, HRSA geocoding coordinates, county/FIPS, operating hours per week, site status, and location setting. Site status: Active. Location setting: All Other Clinic Types. Operational schedule: Part-Time. Daily hours, services, price, insurance, and accessibility fields were not supplied by this intake.",BPS-H80-009420,Health Center Service Delivery and Look-Alike Sites,2026-06-19,2026-06-19,needs_review,
hrsa-bps-lal-034399,Star Community Health Dental Van-Allentown,community_health_center,450 Chew St,Allentown,PA,42,Lehigh County,42077,18102-3434,40.60695823,-75.46916211,610-628-8463,starcommunityhealth.org,,,,,,,,,HRSA operating hours per week: 35.00,unknown,,,,,,,,,HRSA Health Center Service Delivery and Look-Alike Sites,https://data.hrsa.gov/DataDownload/DD_Files/Health_Center_Service_Delivery_and_LookAlike_Sites.csv,2026-06-19,"Fields copied from the official HRSA CSV: site name, address, city, state, postal code, phone, website, HRSA geocoding coordinates, county/FIPS, operating hours per week, site status, and location setting. Site status: Active. Location setting: All Other Clinic Types. Operational schedule: Unknown. Daily hours, services, price, insurance, and accessibility fields were not supplied by this intake.",BPS-LAL-034399,Health Center Service Delivery and Look-Alike Sites,2026-06-19,2026-06-19,needs_review,
hrsa-bps-h80-027787,Philadelphia District Health Center #6,community_health_center,321 W Girard Ave,Philadelphia,PA,42,Philadelphia County,42101,19123-1531,39.97025440,-75.14187662,215-685-3803,,,,,,,,,,HRSA operating hours per week: 41.00,unknown,,,,,,,,,HRSA Health Center Service Delivery and Look-Alike Sites,https://data.hrsa.gov/DataDownload/DD_Files/Health_Center_Service_Delivery_and_LookAlike_Sites.csv,2026-06-19,"Fields copied from the official HRSA CSV: site name, address, city, state, postal code, phone, website, HRSA geocoding coordinates, county/FIPS, operating hours per week, site status, and location setting. Site status: Active. Location setting: All Other Clinic Types. Operational schedule: Unknown. Daily hours, services, price, insurance, and accessibility fields were not supplied by this intake.",BPS-H80-027787,Health Center Service Delivery and Look-Alike Sites,2026-06-19,2026-06-19,needs_review,
hrsa-bps-h80-001350,ALTOONA COMMUNITY HEALTH CENTER,community_health_center,1701 12th Ave,Altoona,PA,42,Blair County,42013,16601-3100,40.51243601,-78.40737901,814-942-9600,www.primary-health.net,,,,,,,,,HRSA operating hours per week: 50.50,unknown,,,,,,,,,HRSA Health Center Service Delivery and Look-Alike Sites,https://data.hrsa.gov/DataDownload/DD_Files/Health_Center_Service_Delivery_and_LookAlike_Sites.csv,2026-06-19,"Fields copied from the official HRSA CSV: site name, address, city, state, postal code, phone, website, HRSA geocoding coordinates, county/FIPS, operating hours per week, site status, and location setting. Site status: Active. Location setting: All Other Clinic Types. Operational schedule: Full-Time. Daily hours, services, price, insurance, and accessibility fields were not supplied by this intake.",BPS-H80-001350,Health Center Service Delivery and Look-Alike Sites,2026-06-19,2026-06-19,needs_review,
hrsa-bps-lal-032973,Lehigh Valley Physicians Practice PCP,community_health_center,1627 Chew St,Allentown,PA,42,Lehigh County,42077,18102-3698,40.60146800,-75.49404840,610-969-4370,https://www.valleyhealthpartners.org/,,,,,,,,,HRSA operating hours per week: 47.00,unknown,,,,,,,,,HRSA Health Center Service Delivery and Look-Alike Sites,https://data.hrsa.gov/DataDownload/DD_Files/Health_Center_Service_Delivery_and_LookAlike_Sites.csv,2026-06-19,"Fields copied from the official HRSA CSV: site name, address, city, state, postal code, phone, website, HRSA geocoding coordinates, county/FIPS, operating hours per week, site status, and location setting. Site status: Active. Location setting: All Other Clinic Types. Operational schedule: Unknown. Daily hours, services, price, insurance, and accessibility fields were not supplied by this intake.",BPS-LAL-032973,Health Center Service Delivery and Look-Alike Sites,2026-06-19,2026-06-19,needs_review,
hrsa-bps-h80-018280,BTAMC Huntingdon Family Care Center,community_health_center,835 Washington St,Huntingdon,PA,42,Huntingdon County,42061,16652-1725,40.48829956,-78.01687369,814-506-8114,,,,,,,,,,HRSA operating hours per week: 49.00,unknown,,,,,,,,,HRSA Health Center Service Delivery and Look-Alike Sites,https://data.hrsa.gov/DataDownload/DD_Files/Health_Center_Service_Delivery_and_LookAlike_Sites.csv,2026-06-19,"Fields copied from the official HRSA CSV: site name, address, city, state, postal code, phone, website, HRSA geocoding coordinates, county/FIPS, operating hours per week, site status, and location setting. Site status: Active. Location setting: All Other Clinic Types. Operational schedule: Unknown. Daily hours, services, price, insurance, and accessibility fields were not supplied by this intake.",BPS-H80-018280,Health Center Service Delivery and Look-Alike Sites,2026-06-19,2026-06-19,needs_review,
hrsa-bps-h80-001371,CALIFORNIA FAMILY PRACTICE,community_health_center,1152 Wood St,California,PA,42,Washington County,42125,15419-1260,40.05751572,-79.89554577,724-938-2122,www.centervilleclinics.com,,,,,,,,,HRSA operating hours per week: 40.00,unknown,,,,,,,,,HRSA Health Center Service Delivery and Look-Alike Sites,https://data.hrsa.gov/DataDownload/DD_Files/Health_Center_Service_Delivery_and_LookAlike_Sites.csv,2026-06-19,"Fields copied from the official HRSA CSV: site name, address, city, state, postal code, phone, website, HRSA geocoding coordinates, county/FIPS, operating hours per week, site status, and location setting. Site status: Active. Location setting: All Other Clinic Types. Operational schedule: Full-Time. Daily hours, services, price, insurance, and accessibility fields were not supplied by this intake.",BPS-H80-001371,Health Center Service Delivery and Look-Alike Sites,2026-06-19,2026-06-19,needs_review,
hrsa-bps-h80-001455,ChesPenn Center for Family Health at Eastside,community_health_center,125 E 9th St,Chester,PA,42,Delaware County,42045,19013-6098,39.85274699,-75.35951601,610-872-6131,www.chespenn.org,,,,,,,,,HRSA operating hours per week: 35.00,unknown,,,,,,,,,HRSA Health Center Service Delivery and Look-Alike Sites,https://data.hrsa.gov/DataDownload/DD_Files/Health_Center_Service_Delivery_and_LookAlike_Sites.csv,2026-06-19,"Fields copied from the official HRSA CSV: site name, address, city, state, postal code, phone, website, HRSA geocoding coordinates, county/FIPS, operating hours per week, site status, and location setting. Site status: Active. Location setting: All Other Clinic Types. Operational schedule: Full-Time. Daily hours, services, price, insurance, and accessibility fields were not supplied by this intake.",BPS-H80-001455,Health Center Service Delivery and Look-Alike Sites,2026-06-19,2026-06-19,needs_review,
hrsa-bps-h80-001574,WOODLAND AVENUE HEALTH CENTER,community_health_center,5000 Woodland Ave,Philadelphia,PA,42,Philadelphia County,42101,19143-5137,39.93965748,-75.21390047,215-726-9807,WWW.GPHAINC.ORG,,,,,,,,,HRSA operating hours per week: 50.00,unknown,,,,,,,,,HRSA Health Center Service Delivery and Look-Alike Sites,https://data.hrsa.gov/DataDownload/DD_Files/Health_Center_Service_Delivery_and_LookAlike_Sites.csv,2026-06-19,"Fields copied from the official HRSA CSV: site name, address, city, state, postal code, phone, website, HRSA geocoding coordinates, county/FIPS, operating hours per week, site status, and location setting. Site status: Active. Location setting: All Other Clinic Types. Operational schedule: Full-Time. Daily hours, services, price, insurance, and accessibility fields were not supplied by this intake.",BPS-H80-001574,Health Center Service Delivery and Look-Alike Sites,2026-06-19,2026-06-19,needs_review,
hrsa-bps-h80-041287,Sto-Rox Family Health Center of Cornerstone Care,community_health_center,710 Thompson Ave,Mc Kees Rocks,PA,42,Allegheny County,42003,15136-3808,40.46500919,-80.06289063,412-771-6462,,,,,,,,,,HRSA operating hours per week: 43.00,unknown,,,,,,,,,HRSA Health Center Service Delivery and Look-Alike Sites,https://data.hrsa.gov/DataDownload/DD_Files/Health_Center_Service_Delivery_and_LookAlike_Sites.csv,2026-06-19,"Fields copied from the official HRSA CSV: site name, address, city, state, postal code, phone, website, HRSA geocoding coordinates, county/FIPS, operating hours per week, site status, and location setting. Site status: Active. Location setting: All Other Clinic Types. Operational schedule: Unknown. Daily hours, services, price, insurance, and accessibility fields were not supplied by this intake.",BPS-H80-041287,Health Center Service Delivery and Look-Alike Sites,2026-06-19,2026-06-19,needs_review,
hrsa-bps-h80-006265,MCKINNEY CLINIC,community_health_center,39 E Jackson St,Wilkes Barre,PA,42,Luzerne County,42079,18701-2709,41.24742201,-75.87648195,570-825-0881,N/A,,,,,,,,,HRSA operating hours per week: 20.00,unknown,,,,,,,,,HRSA Health Center Service Delivery and Look-Alike Sites,https://data.hrsa.gov/DataDownload/DD_Files/Health_Center_Service_Delivery_and_LookAlike_Sites.csv,2026-06-19,"Fields copied from the official HRSA CSV: site name, address, city, state, postal code, phone, website, HRSA geocoding coordinates, county/FIPS, operating hours per week, site status, and location setting. Site status: Active. Location setting: All Other Clinic Types. Operational schedule: Part-Time. Daily hours, services, price, insurance, and accessibility fields were not supplied by this intake.",BPS-H80-006265,Health Center Service Delivery and Look-Alike Sites,2026-06-19,2026-06-19,needs_review,
hrsa-bps-h80-024517,Bentworth Elementary,community_health_center,150 Bearcat Dr,Bentleyville,PA,42,Washington County,42125,15314-1463,40.12340959,-80.01992542,724-632-6801 x2258,,,,,,,,,,HRSA operating hours per week: 8.00,unknown,,,,,,,,,HRSA Health Center Service Delivery and Look-Alike Sites,https://data.hrsa.gov/DataDownload/DD_Files/Health_Center_Service_Delivery_and_LookAlike_Sites.csv,2026-06-19,"Fields copied from the official HRSA CSV: site name, address, city, state, postal code, phone, website, HRSA geocoding coordinates, county/FIPS, operating hours per week, site status, and location setting. Site status: Active. Location setting: School. Operational schedule: Unknown. Daily hours, services, price, insurance, and accessibility fields were not supplied by this intake.",BPS-H80-024517,Health Center Service Delivery and Look-Alike Sites,2026-06-19,2026-06-19,needs_review,
hrsa-bps-h80-001893,WILKINSBURG FAMILY HEALTH CENTER,community_health_center,807 Wallace Ave,Pittsburgh,PA,42,Allegheny County,42003,15221-2312,40.44371622,-79.88056848,412-247-5216,N/A,,,,,,,,,HRSA operating hours per week: 26.00,unknown,,,,,,,,,HRSA Health Center Service Delivery and Look-Alike Sites,https://data.hrsa.gov/DataDownload/DD_Files/Health_Center_Service_Delivery_and_LookAlike_Sites.csv,2026-06-19,"Fields copied from the official HRSA CSV: site name, address, city, state, postal code, phone, website, HRSA geocoding coordinates, county/FIPS, operating hours per week, site status, and location setting. Site status: Active. Location setting: All Other Clinic Types. Operational schedule: Full-Time. Daily hours, services, price, insurance, and accessibility fields were not supplied by this intake.",BPS-H80-001893,Health Center Service Delivery and Look-Alike Sites,2026-06-19,2026-06-19,needs_review,
hrsa-bps-h80-027586,Titusville Community Health Center,community_health_center,120 S Martin St,Titusville,PA,42,Crawford County,42039,16354-1850,41.62736601,-79.67147696,814-827-8400,https://primary-health.net,,,,,,,,,HRSA operating hours per week: 47.00,unknown,,,,,,,,,HRSA Health Center Service Delivery and Look-Alike Sites,https://data.hrsa.gov/DataDownload/DD_Files/Health_Center_Service_Delivery_and_LookAlike_Sites.csv,2026-06-19,"Fields copied from the official HRSA CSV: site name, address, city, state, postal code, phone, website, HRSA geocoding coordinates, county/FIPS, operating hours per week, site status, and location setting. Site status: Active. Location setting: All Other Clinic Types. Operational schedule: Unknown. Daily hours, services, price, insurance, and accessibility fields were not supplied by this intake.",BPS-H80-027586,Health Center Service Delivery and Look-Alike Sites,2026-06-19,2026-06-19,needs_review,
hrsa-bps-h80-032379,"Lancaster Southeast - (Medical, Dental & Pharmacy)",community_health_center,625 S Duke St,Lancaster,PA,42,Lancaster County,42071,17602-4509,40.03181190,-76.29706255,717-299-6371,,,,,,,,,,HRSA operating hours per week: 55.50,unknown,,,,,,,,,HRSA Health Center Service Delivery and Look-Alike Sites,https://data.hrsa.gov/DataDownload/DD_Files/Health_Center_Service_Delivery_and_LookAlike_Sites.csv,2026-06-19,"Fields copied from the official HRSA CSV: site name, address, city, state, postal code, phone, website, HRSA geocoding coordinates, county/FIPS, operating hours per week, site status, and location setting. Site status: Active. Location setting: All Other Clinic Types. Operational schedule: Unknown. Daily hours, services, price, insurance, and accessibility fields were not supplied by this intake.",BPS-H80-032379,Health Center Service Delivery and Look-Alike Sites,2026-06-19,2026-06-19,needs_review,
hrsa-bps-h80-041289,Sto-Rox Mobile Health Unit of Cornerstone Care,community_health_center,710 Thompson Ave,Mc Kees Rocks,PA,42,Allegheny County,42003,15136-3808,40.46500919,-80.06289063,412-771-6462,,,,,,,,,,HRSA operating hours per week: 4.00,unknown,,,,,,,,,HRSA Health Center Service Delivery and Look-Alike Sites,https://data.hrsa.gov/DataDownload/DD_Files/Health_Center_Service_Delivery_and_LookAlike_Sites.csv,2026-06-19,"Fields copied from the official HRSA CSV: site name, address, city, state, postal code, phone, website, HRSA geocoding coordinates, county/FIPS, operating hours per week, site status, and location setting. Site status: Active. Location setting: All Other Clinic Types. Operational schedule: Unknown. Daily hours, services, price, insurance, and accessibility fields were not supplied by this intake.",BPS-H80-041289,Health Center Service Delivery and Look-Alike Sites,2026-06-19,2026-06-19,needs_review,
hrsa-bps-h80-002167,STENTON FAMILY MANOR,community_health_center,1300 E Tulpehocken St,Philadelphia,PA,42,Philadelphia County,42101,19138-1523,40.05672350,-75.16406025,215-548-7870,www.phmc.org,,,,,,,,,HRSA operating hours per week: 37.50,unknown,,,,,,,,,HRSA Health Center Service Delivery and Look-Alike Sites,https://data.hrsa.gov/DataDownload/DD_Files/Health_Center_Service_Delivery_and_LookAlike_Sites.csv,2026-06-19,"Fields copied from the official HRSA CSV: site name, address, city, state, postal code, phone, website, HRSA geocoding coordinates, county/FIPS, operating hours per week, site status, and location setting. Site status: Active. Location setting: All Other Clinic Types. Operational schedule: Full-Time. Daily hours, services, price, insurance, and accessibility fields were not supplied by this intake.",BPS-H80-002167,Health Center Service Delivery and Look-Alike Sites,2026-06-19,2026-06-19,needs_review,
hrsa-bps-h80-009418,Cornerstone Care Community Mobile Health Center,community_health_center,7 Glassworks Rd,Greensboro,PA,42,Greene County,42059,15338-9507,39.80088401,-79.91545598,724-943-3308,,,,,,,,,,HRSA operating hours per week: 40.00,unknown,,,,,,,,,HRSA Health Center Service Delivery and Look-Alike Sites,https://data.hrsa.gov/DataDownload/DD_Files/Health_Center_Service_Delivery_and_LookAlike_Sites.csv,2026-06-19,"Fields copied from the official HRSA CSV: site name, address, city, state, postal code, phone, website, HRSA geocoding coordinates, county/FIPS, operating hours per week, site status, and location setting. Site status: Active. Location setting: All Other Clinic Types. Operational schedule: Part-Time. Daily hours, services, price, insurance, and accessibility fields were not supplied by this intake.",BPS-H80-009418,Health Center Service Delivery and Look-Alike Sites,2026-06-19,2026-06-19,needs_review,
hrsa-bps-h80-011998,Berks Community Health Center,community_health_center,838 Penn St,Reading,PA,42,Berks County,42011,19602-1108,40.33486531,-75.92108349,610-988-4838,www.berkschc.org,,,,,,,,,HRSA operating hours per week: 50.00,unknown,,,,,,,,,HRSA Health Center Service Delivery and Look-Alike Sites,https://data.hrsa.gov/DataDownload/DD_Files/Health_Center_Service_Delivery_and_LookAlike_Sites.csv,2026-06-19,"Fields copied from the official HRSA CSV: site name, address, city, state, postal code, phone, website, HRSA geocoding coordinates, county/FIPS, operating hours per week, site status, and location setting. Site status: Active. Location setting: All Other Clinic Types. Operational schedule: Full-Time. Daily hours, services, price, insurance, and accessibility fields were not supplied by this intake.",BPS-H80-011998,Health Center Service Delivery and Look-Alike Sites,2026-06-19,2026-06-19,needs_review,
hrsa-bps-h80-038892,Towanda Laurel Health Center,community_health_center,"410 Main St, Apartment 102",Towanda,PA,42,Bradford County,42015,18848-1865,41.76586430,-76.44328427,570-662-1945,,,,,,,,,,HRSA operating hours per week: 45.00,unknown,,,,,,,,,HRSA Health Center Service Delivery and Look-Alike Sites,https://data.hrsa.gov/DataDownload/DD_Files/Health_Center_Service_Delivery_and_LookAlike_Sites.csv,2026-06-19,"Fields copied from the official HRSA CSV: site name, address, city, state, postal code, phone, website, HRSA geocoding coordinates, county/FIPS, operating hours per week, site status, and location setting. Site status: Active. Location setting: All Other Clinic Types. Operational schedule: Unknown. Daily hours, services, price, insurance, and accessibility fields were not supplied by this intake.",BPS-H80-038892,Health Center Service Delivery and Look-Alike Sites,2026-06-19,2026-06-19,needs_review,
hrsa-bps-h80-036312,Tabor Kids Pediatric Mini Clinic,community_health_center,57 E Armat St,Philadelphia,PA,42,Philadelphia County,42101,19144-2201,40.03618700,-75.17290500,215-884-1020,,,,,,,,,,HRSA operating hours per week: 14.00,unknown,,,,,,,,,HRSA Health Center Service Delivery and Look-Alike Sites,https://data.hrsa.gov/DataDownload/DD_Files/Health_Center_Service_Delivery_and_LookAlike_Sites.csv,2026-06-19,"Fields copied from the official HRSA CSV: site name, address, city, state, postal code, phone, website, HRSA geocoding coordinates, county/FIPS, operating hours per week, site status, and location setting. Site status: Active. Location setting: All Other Clinic Types. Operational schedule: Unknown. Daily hours, services, price, insurance, and accessibility fields were not supplied by this intake.",BPS-H80-036312,Health Center Service Delivery and Look-Alike Sites,2026-06-19,2026-06-19,needs_review,
hrsa-bps-lal-031328,The Wright Center for Community Health Hawley Practice,community_health_center,103 Spruce St,Hawley,PA,42,Wayne County,42127,18428-1149,41.48208030,-75.18237312,570-576-8081,,,,,,,,,,HRSA operating hours per week: 50.00,unknown,,,,,,,,,HRSA Health Center Service Delivery and Look-Alike Sites,https://data.hrsa.gov/DataDownload/DD_Files/Health_Center_Service_Delivery_and_LookAlike_Sites.csv,2026-06-19,"Fields copied from the official HRSA CSV: site name, address, city, state, postal code, phone, website, HRSA geocoding coordinates, county/FIPS, operating hours per week, site status, and location setting. Site status: Active. Location setting: All Other Clinic Types. Operational schedule: Unknown. Daily hours, services, price, insurance, and accessibility fields were not supplied by this intake.",BPS-LAL-031328,Health Center Service Delivery and Look-Alike Sites,2026-06-19,2026-06-19,needs_review,
hrsa-bps-h80-011348,Pike County Dental Center,community_health_center,750 Route 739,Hawley,PA,42,Pike County,42103,18428-6058,41.34339283,-75.03469723,570-775-7100,wmh.org,,,,,,,,,HRSA operating hours per week: 46.50,unknown,,,,,,,,,HRSA Health Center Service Delivery and Look-Alike Sites,https://data.hrsa.gov/DataDownload/DD_Files/Health_Center_Service_Delivery_and_LookAlike_Sites.csv,2026-06-19,"Fields copied from the official HRSA CSV: site name, address, city, state, postal code, phone, website, HRSA geocoding coordinates, county/FIPS, operating hours per week, site status, and location setting. Site status: Active. Location setting: All Other Clinic Types. Operational schedule: Full-Time. Daily hours, services, price, insurance, and accessibility fields were not supplied by this intake.",BPS-H80-011348,Health Center Service Delivery and Look-Alike Sites,2026-06-19,2026-06-19,needs_review,
hrsa-bps-h80-002506,CAMERON COUNTY HEALTH CENTER,community_health_center,90 E 2nd St,Emporium,PA,42,Cameron County,42023,15834-1399,41.51048825,-78.23568025,814-486-1115,www.keystoneruralhealth.com,,,,,,,,,HRSA operating hours per week: 46.50,unknown,,,,,,,,,HRSA Health Center Service Delivery and Look-Alike Sites,https://data.hrsa.gov/DataDownload/DD_Files/Health_Center_Service_Delivery_and_LookAlike_Sites.csv,2026-06-19,"Fields copied from the official HRSA CSV: site name, address, city, state, postal code, phone, website, HRSA geocoding coordinates, county/FIPS, operating hours per week, site status, and location setting. Site status: Active. Location setting: All Other Clinic Types. Operational schedule: Full-Time. Daily hours, services, price, insurance, and accessibility fields were not supplied by this intake.",BPS-H80-002506,Health Center Service Delivery and Look-Alike Sites,2026-06-19,2026-06-19,needs_review,
hrsa-bps-h80-019527,Latrobe Health Center,community_health_center,529 Lloyd Ave,Latrobe,PA,42,Westmoreland County,42129,15650-1721,40.30874910,-79.39267315,724-804-5195,https://primary-health.net,,,,,,,,,HRSA operating hours per week: 45.00,unknown,,,,,,,,,HRSA Health Center Service Delivery and Look-Alike Sites,https://data.hrsa.gov/DataDownload/DD_Files/Health_Center_Service_Delivery_and_LookAlike_Sites.csv,2026-06-19,"Fields copied from the official HRSA CSV: site name, address, city, state, postal code, phone, website, HRSA geocoding coordinates, county/FIPS, operating hours per week, site status, and location setting. Site status: Active. Location setting: All Other Clinic Types. Operational schedule: Unknown. Daily hours, services, price, insurance, and accessibility fields were not supplied by this intake.",BPS-H80-019527,Health Center Service Delivery and Look-Alike Sites,2026-06-19,2026-06-19,needs_review,
hrsa-bps-h80-002712,FAIRMOUNT PRIMARY CARE CENTER,community_health_center,1412 Fairmount Ave,Philadelphia,PA,42,Philadelphia County,42101,19130-2908,39.96682801,-75.16144543,215-235-9600,http:\\www.dvch.org,,,,,,,,,HRSA operating hours per week: 44.00,unknown,,,,,,,,,HRSA Health Center Service Delivery and Look-Alike Sites,https://data.hrsa.gov/DataDownload/DD_Files/Health_Center_Service_Delivery_and_LookAlike_Sites.csv,2026-06-19,"Fields copied from the official HRSA CSV: site name, address, city, state, postal code, phone, website, HRSA geocoding coordinates, county/FIPS, operating hours per week, site status, and location setting. Site status: Active. Location setting: All Other Clinic Types. Operational schedule: Full-Time. Daily hours, services, price, insurance, and accessibility fields were not supplied by this intake.",BPS-H80-002712,Health Center Service Delivery and Look-Alike Sites,2026-06-19,2026-06-19,needs_review,
hrsa-bps-lal-030254,Star Community Health Family Medicine Sigal- Allentown,community_health_center,450 Chew St,Allentown,PA,42,Lehigh County,42077,18102-3434,40.60695823,-75.46916211,610-776-4888,starcommunityhealth.org,,,,,,,,,HRSA operating hours per week: 53.00,unknown,,,,,,,,,HRSA Health Center Service Delivery and Look-Alike Sites,https://data.hrsa.gov/DataDownload/DD_Files/Health_Center_Service_Delivery_and_LookAlike_Sites.csv,2026-06-19,"Fields copied from the official HRSA CSV: site name, address, city, state, postal code, phone, website, HRSA geocoding coordinates, county/FIPS, operating hours per week, site status, and location setting. Site status: Active. Location setting: All Other Clinic Types. Operational schedule: Unknown. Daily hours, services, price, insurance, and accessibility fields were not supplied by this intake.",BPS-LAL-030254,Health Center Service Delivery and Look-Alike Sites,2026-06-19,2026-06-19,needs_review,
hrsa-bps-h80-009275,"Greater Philadelphia Health Action, Inc. Dental and Behavioral Healthcare",community_health_center,5501 Woodland Ave,Philadelphia,PA,42,Philadelphia County,42101,19143-5607,39.93549884,-75.22083289,215-925-2400,gphainc.org,,,,,,,,,HRSA operating hours per week: 42.00,unknown,,,,,,,,,HRSA Health Center Service Delivery and Look-Alike Sites,https://data.hrsa.gov/DataDownload/DD_Files/Health_Center_Service_Delivery_and_LookAlike_Sites.csv,2026-06-19,"Fields copied from the official HRSA CSV: site name, address, city, state, postal code, phone, website, HRSA geocoding coordinates, county/FIPS, operating hours per week, site status, and location setting. Site status: Active. Location setting: All Other Clinic Types. Operational schedule: Full-Time. Daily hours, services, price, insurance, and accessibility fields were not supplied by this intake.",BPS-H80-009275,Health Center Service Delivery and Look-Alike Sites,2026-06-19,2026-06-19,needs_review,
hrsa-bps-h80-002820,"CENTERVILLE CLINICS, INC.; Joseph Yablonski Memorial Clinic",community_health_center,1070 Old National Pike,Fredericktown,PA,42,Washington County,42125,15333-2114,40.04732341,-79.98363086,724-632-6801,www.centervilleclinics.com,,,,,,,,,HRSA operating hours per week: 50.00,unknown,,,,,,,,,HRSA Health Center Service Delivery and Look-Alike Sites,https://data.hrsa.gov/DataDownload/DD_Files/Health_Center_Service_Delivery_and_LookAlike_Sites.csv,2026-06-19,"Fields copied from the official HRSA CSV: site name, address, city, state, postal code, phone, website, HRSA geocoding coordinates, county/FIPS, operating hours per week, site status, and location setting. Site status: Active. Location setting: All Other Clinic Types. Operational schedule: Full-Time. Daily hours, services, price, insurance, and accessibility fields were not supplied by this intake.",BPS-H80-002820,Health Center Service Delivery and Look-Alike Sites,2026-06-19,2026-06-19,needs_review,
hrsa-bps-h80-002931,HANNAH PENN CENTER,community_health_center,415 E Boundary Ave,York,PA,42,York County,42133,17403-2895,39.95919658,-76.71634957,717-843-5174,www.familyfirsthealth.org,,,,,,,,,HRSA operating hours per week: 40.00,unknown,,,,,,,,,HRSA Health Center Service Delivery and Look-Alike Sites,https://data.hrsa.gov/DataDownload/DD_Files/Health_Center_Service_Delivery_and_LookAlike_Sites.csv,2026-06-19,"Fields copied from the official HRSA CSV: site name, address, city, state, postal code, phone, website, HRSA geocoding coordinates, county/FIPS, operating hours per week, site status, and location setting. Site status: Active. Location setting: School. Operational schedule: Full-Time. Daily hours, services, price, insurance, and accessibility fields were not supplied by this intake.",BPS-H80-002931,Health Center Service Delivery and Look-Alike Sites,2026-06-19,2026-06-19,needs_review,
hrsa-bps-h80-027962,Honesdale Pediatric Center,community_health_center,1837 Fair Ave,Honesdale,PA,42,Wayne County,42127,18431-2197,41.58875888,-75.26189240,570-253-5838 x124,,,,,,,,,,HRSA operating hours per week: 51.00,unknown,,,,,,,,,HRSA Health Center Service Delivery and Look-Alike Sites,https://data.hrsa.gov/DataDownload/DD_Files/Health_Center_Service_Delivery_and_LookAlike_Sites.csv,2026-06-19,"Fields copied from the official HRSA CSV: site name, address, city, state, postal code, phone, website, HRSA geocoding coordinates, county/FIPS, operating hours per week, site status, and location setting. Site status: Active. Location setting: All Other Clinic Types. Operational schedule: Unknown. Daily hours, services, price, insurance, and accessibility fields were not supplied by this intake.",BPS-H80-027962,Health Center Service Delivery and Look-Alike Sites,2026-06-19,2026-06-19,needs_review,
hrsa-bps-h80-008793,Indiana Dental Center,community_health_center,590 Indian Springs Rd,Indiana,PA,42,Indiana County,42063,15701-3609,40.59395798,-79.16106130,724-465-6100,www.primary-health.net,,,,,,,,,HRSA operating hours per week: 40.00,unknown,,,,,,,,,HRSA Health Center Service Delivery and Look-Alike Sites,https://data.hrsa.gov/DataDownload/DD_Files/Health_Center_Service_Delivery_and_LookAlike_Sites.csv,2026-06-19,"Fields copied from the official HRSA CSV: site name, address, city, state, postal code, phone, website, HRSA geocoding coordinates, county/FIPS, operating hours per week, site status, and location setting. Site status: Active. Location setting: All Other Clinic Types. Operational schedule: Full-Time. Daily hours, services, price, insurance, and accessibility fields were not supplied by this intake.",BPS-H80-008793,Health Center Service Delivery and Look-Alike Sites,2026-06-19,2026-06-19,needs_review,
hrsa-bps-lal-037749,VHP Family Health Center at 6th Street,community_health_center,101 N 6th St STE 320,Allentown,PA,42,Lehigh County,42077,18101-1403,40.60486041,-75.47072978,610-969-3500,,,,,,,,,,HRSA operating hours per week: 8.00,unknown,,,,,,,,,HRSA Health Center Service Delivery and Look-Alike Sites,https://data.hrsa.gov/DataDownload/DD_Files/Health_Center_Service_Delivery_and_LookAlike_Sites.csv,2026-06-19,"Fields copied from the official HRSA CSV: site name, address, city, state, postal code, phone, website, HRSA geocoding coordinates, county/FIPS, operating hours per week, site status, and location setting. Site status: Active. Location setting: All Other Clinic Types. Operational schedule: Unknown. Daily hours, services, price, insurance, and accessibility fields were not supplied by this intake.",BPS-LAL-037749,Health Center Service Delivery and Look-Alike Sites,2026-06-19,2026-06-19,needs_review,
hrsa-bps-h80-019150,Lewistown Community Health Center,community_health_center,106 Derry Heights Blvd,Lewistown,PA,42,Mifflin County,42087,17044-8648,40.64227098,-77.57632898,717-447-0340,,,,,,,,,,HRSA operating hours per week: 42.50,unknown,,,,,,,,,HRSA Health Center Service Delivery and Look-Alike Sites,https://data.hrsa.gov/DataDownload/DD_Files/Health_Center_Service_Delivery_and_LookAlike_Sites.csv,2026-06-19,"Fields copied from the official HRSA CSV: site name, address, city, state, postal code, phone, website, HRSA geocoding coordinates, county/FIPS, operating hours per week, site status, and location setting. Site status: Active. Location setting: All Other Clinic Types. Operational schedule: Unknown. Daily hours, services, price, insurance, and accessibility fields were not supplied by this intake.",BPS-H80-019150,Health Center Service Delivery and Look-Alike Sites,2026-06-19,2026-06-19,needs_review,
hrsa-bps-h80-013624,Punxsutawney Community Health Center,community_health_center,200 Prushnok Dr,Punxsutawney,PA,42,Jefferson County,42065,15767-2343,40.94723366,-78.96112609,814-938-3310,http://www.primary-health.net,,,,,,,,,HRSA operating hours per week: 45.50,unknown,,,,,,,,,HRSA Health Center Service Delivery and Look-Alike Sites,https://data.hrsa.gov/DataDownload/DD_Files/Health_Center_Service_Delivery_and_LookAlike_Sites.csv,2026-06-19,"Fields copied from the official HRSA CSV: site name, address, city, state, postal code, phone, website, HRSA geocoding coordinates, county/FIPS, operating hours per week, site status, and location setting. Site status: Active. Location setting: All Other Clinic Types. Operational schedule: Full-Time. Daily hours, services, price, insurance, and accessibility fields were not supplied by this intake.",BPS-H80-013624,Health Center Service Delivery and Look-Alike Sites,2026-06-19,2026-06-19,needs_review,
hrsa-bps-h80-021838,Andrew C. Mazza Memorial Health Center,community_health_center,127 Route 106,Greenfield Township,PA,42,Lackawanna County,42069,18407-3526,41.64169701,-75.58653902,570-282-5189,,,,,,,,,,HRSA operating hours per week: 50.00,unknown,,,,,,,,,HRSA Health Center Service Delivery and Look-Alike Sites,https://data.hrsa.gov/DataDownload/DD_Files/Health_Center_Service_Delivery_and_LookAlike_Sites.csv,2026-06-19,"Fields copied from the official HRSA CSV: site name, address, city, state, postal code, phone, website, HRSA geocoding coordinates, county/FIPS, operating hours per week, site status, and location setting. Site status: Active. Location setting: All Other Clinic Types. Operational schedule: Unknown. Daily hours, services, price, insurance, and accessibility fields were not supplied by this intake.",BPS-H80-021838,Health Center Service Delivery and Look-Alike Sites,2026-06-19,2026-06-19,needs_review,
hrsa-bps-h80-015688,Sadler Health Center Corporation,community_health_center,100 N Hanover St,Carlisle,PA,42,Cumberland County,42041,17013-2421,40.20324851,-77.18934632,717-218-6670,www.sadlerhealth.org,,,,,,,,,HRSA operating hours per week: 46.50,unknown,,,,,,,,,HRSA Health Center Service Delivery and Look-Alike Sites,https://data.hrsa.gov/DataDownload/DD_Files/Health_Center_Service_Delivery_and_LookAlike_Sites.csv,2026-06-19,"Fields copied from the official HRSA CSV: site name, address, city, state, postal code, phone, website, HRSA geocoding coordinates, county/FIPS, operating hours per week, site status, and location setting. Site status: Active. Location setting: All Other Clinic Types. Operational schedule: Unknown. Daily hours, services, price, insurance, and accessibility fields were not supplied by this intake.",BPS-H80-015688,Health Center Service Delivery and Look-Alike Sites,2026-06-19,2026-06-19,needs_review,
hrsa-bps-h80-013470,Community Health & Dental Care,community_health_center,700 Heritage Dr STE 701,Pottstown,PA,42,Montgomery County,42091,19464-3297,40.24601853,-75.60129439,610-326-9460,www.ch-dc.org,,,,,,,,,HRSA operating hours per week: 48.00,unknown,,,,,,,,,HRSA Health Center Service Delivery and Look-Alike Sites,https://data.hrsa.gov/DataDownload/DD_Files/Health_Center_Service_Delivery_and_LookAlike_Sites.csv,2026-06-19,"Fields copied from the official HRSA CSV: site name, address, city, state, postal code, phone, website, HRSA geocoding coordinates, county/FIPS, operating hours per week, site status, and location setting. Site status: Active. Location setting: All Other Clinic Types. Operational schedule: Full-Time. Daily hours, services, price, insurance, and accessibility fields were not supplied by this intake.",BPS-H80-013470,Health Center Service Delivery and Look-Alike Sites,2026-06-19,2026-06-19,needs_review,
hrsa-bps-h80-040172,Keystone Behavioral Health Catherine Street,community_health_center,133 W Catherine St,Chambersburg,PA,42,Franklin County,42055,17201-3592,39.93277854,-77.66491187,717-709-7934,,,,,,,,,,HRSA operating hours per week: 45.00,unknown,,,,,,,,,HRSA Health Center Service Delivery and Look-Alike Sites,https://data.hrsa.gov/DataDownload/DD_Files/Health_Center_Service_Delivery_and_LookAlike_Sites.csv,2026-06-19,"Fields copied from the official HRSA CSV: site name, address, city, state, postal code, phone, website, HRSA geocoding coordinates, county/FIPS, operating hours per week, site status, and location setting. Site status: Active. Location setting: All Other Clinic Types. Operational schedule: Unknown. Daily hours, services, price, insurance, and accessibility fields were not supplied by this intake.",BPS-H80-040172,Health Center Service Delivery and Look-Alike Sites,2026-06-19,2026-06-19,needs_review,
hrsa-bps-h80-009029,Greenville Community Health Center,community_health_center,348 Main St,Greenville,PA,42,Mercer County,42085,16125-2608,41.40888202,-80.37851413,724-588-5250,www.primary-health.net,,,,,,,,,HRSA operating hours per week: 50.50,unknown,,,,,,,,,HRSA Health Center Service Delivery and Look-Alike Sites,https://data.hrsa.gov/DataDownload/DD_Files/Health_Center_Service_Delivery_and_LookAlike_Sites.csv,2026-06-19,"Fields copied from the official HRSA CSV: site name, address, city, state, postal code, phone, website, HRSA geocoding coordinates, county/FIPS, operating hours per week, site status, and location setting. Site status: Active. Location setting: All Other Clinic Types. Operational schedule: Full-Time. Daily hours, services, price, insurance, and accessibility fields were not supplied by this intake.",BPS-H80-009029,Health Center Service Delivery and Look-Alike Sites,2026-06-19,2026-06-19,needs_review,
hrsa-bps-h80-003238,HOFFMAN MEMORIAL MEDICAL CENTER,community_health_center,419 Kellys Way,East Brady,PA,42,Clarion County,42031,16028-2003,40.98709573,-79.61575943,724-526-5600,www.primary-health.net,,,,,,,,,HRSA operating hours per week: 44.00,unknown,,,,,,,,,HRSA Health Center Service Delivery and Look-Alike Sites,https://data.hrsa.gov/DataDownload/DD_Files/Health_Center_Service_Delivery_and_LookAlike_Sites.csv,2026-06-19,"Fields copied from the official HRSA CSV: site name, address, city, state, postal code, phone, website, HRSA geocoding coordinates, county/FIPS, operating hours per week, site status, and location setting. Site status: Active. Location setting: All Other Clinic Types. Operational schedule: Full-Time. Daily hours, services, price, insurance, and accessibility fields were not supplied by this intake.",BPS-H80-003238,Health Center Service Delivery and Look-Alike Sites,2026-06-19,2026-06-19,needs_review,
hrsa-bps-h80-024536,Bentworth High School,community_health_center,75 Bearcat Dr,Bentleyville,PA,42,Washington County,42125,15314-1499,40.12516434,-80.02143508,724-632-6801 x2258,,,,,,,,,,HRSA operating hours per week: 8.00,unknown,,,,,,,,,HRSA Health Center Service Delivery and Look-Alike Sites,https://data.hrsa.gov/DataDownload/DD_Files/Health_Center_Service_Delivery_and_LookAlike_Sites.csv,2026-06-19,"Fields copied from the official HRSA CSV: site name, address, city, state, postal code, phone, website, HRSA geocoding coordinates, county/FIPS, operating hours per week, site status, and location setting. Site status: Active. Location setting: School. Operational schedule: Unknown. Daily hours, services, price, insurance, and accessibility fields were not supplied by this intake.",BPS-H80-024536,Health Center Service Delivery and Look-Alike Sites,2026-06-19,2026-06-19,needs_review,
hrsa-bps-h80-041054,Sprinter Medical Mobile Unit,community_health_center,351 W Schuylkill Rd,Pottstown,PA,42,Chester County,42029,19465-7438,40.23460890,-75.66660111,610-326-9460,,,,,,,,,,HRSA operating hours per week: 5.00,unknown,,,,,,,,,HRSA Health Center Service Delivery and Look-Alike Sites,https://data.hrsa.gov/DataDownload/DD_Files/Health_Center_Service_Delivery_and_LookAlike_Sites.csv,2026-06-19,"Fields copied from the official HRSA CSV: site name, address, city, state, postal code, phone, website, HRSA geocoding coordinates, county/FIPS, operating hours per week, site status, and location setting. Site status: Active. Location setting: All Other Clinic Types. Operational schedule: Unknown. Daily hours, services, price, insurance, and accessibility fields were not supplied by this intake.",BPS-H80-041054,Health Center Service Delivery and Look-Alike Sites,2026-06-19,2026-06-19,needs_review,
hrsa-bps-lal-032972,Center for Women's Medicine,community_health_center,1627 Chew St,Allentown,PA,42,Lehigh County,42077,18102-3698,40.60146800,-75.49404840,610-402-1600,https://www.valleyhealthpartners.org/,,,,,,,,,HRSA operating hours per week: 49.00,unknown,,,,,,,,,HRSA Health Center Service Delivery and Look-Alike Sites,https://data.hrsa.gov/DataDownload/DD_Files/Health_Center_Service_Delivery_and_LookAlike_Sites.csv,2026-06-19,"Fields copied from the official HRSA CSV: site name, address, city, state, postal code, phone, website, HRSA geocoding coordinates, county/FIPS, operating hours per week, site status, and location setting. Site status: Active. Location setting: All Other Clinic Types. Operational schedule: Unknown. Daily hours, services, price, insurance, and accessibility fields were not supplied by this intake.",BPS-LAL-032972,Health Center Service Delivery and Look-Alike Sites,2026-06-19,2026-06-19,needs_review,
hrsa-bps-h80-028285,Centerville Clinics - City Mission Site,community_health_center,84 W Wheeling St,Washington,PA,42,Washington County,42125,15301-6996,40.16866181,-80.24687349,724-632-6801 x2258,,,,,,,,,,HRSA operating hours per week: 20.00,unknown,,,,,,,,,HRSA Health Center Service Delivery and Look-Alike Sites,https://data.hrsa.gov/DataDownload/DD_Files/Health_Center_Service_Delivery_and_LookAlike_Sites.csv,2026-06-19,"Fields copied from the official HRSA CSV: site name, address, city, state, postal code, phone, website, HRSA geocoding coordinates, county/FIPS, operating hours per week, site status, and location setting. Site status: Active. Location setting: All Other Clinic Types. Operational schedule: Unknown. Daily hours, services, price, insurance, and accessibility fields were not supplied by this intake.",BPS-H80-028285,Health Center Service Delivery and Look-Alike Sites,2026-06-19,2026-06-19,needs_review,
hrsa-bps-h80-003352,AL-ASSIST BEHAVIORAL HEALTH CARE,community_health_center,1401 S 4th St,Philadelphia,PA,42,Philadelphia County,42101,19147-5948,39.93061529,-75.15146183,215-339-1070,WWW.GPHAINC.ORG,,,,,,,,,HRSA operating hours per week: 53.50,unknown,,,,,,,,,HRSA Health Center Service Delivery and Look-Alike Sites,https://data.hrsa.gov/DataDownload/DD_Files/Health_Center_Service_Delivery_and_LookAlike_Sites.csv,2026-06-19,"Fields copied from the official HRSA CSV: site name, address, city, state, postal code, phone, website, HRSA geocoding coordinates, county/FIPS, operating hours per week, site status, and location setting. Site status: Active. Location setting: All Other Clinic Types. Operational schedule: Full-Time. Daily hours, services, price, insurance, and accessibility fields were not supplied by this intake.",BPS-H80-003352,Health Center Service Delivery and Look-Alike Sites,2026-06-19,2026-06-19,needs_review,
hrsa-bps-h80-027889,Keystone Pediatric Developmental Center Chambers Hill Drive,community_health_center,111 Chambers Hill Dr STE 101,Chambersburg,PA,42,Franklin County,42055,17201-7304,39.94344581,-77.64149065,717-708-7997,,,,,,,,,,HRSA operating hours per week: 52.50,unknown,,,,,,,,,HRSA Health Center Service Delivery and Look-Alike Sites,https://data.hrsa.gov/DataDownload/DD_Files/Health_Center_Service_Delivery_and_LookAlike_Sites.csv,2026-06-19,"Fields copied from the official HRSA CSV: site name, address, city, state, postal code, phone, website, HRSA geocoding coordinates, county/FIPS, operating hours per week, site status, and location setting. Site status: Active. Location setting: All Other Clinic Types. Operational schedule: Unknown. Daily hours, services, price, insurance, and accessibility fields were not supplied by this intake.",BPS-H80-027889,Health Center Service Delivery and Look-Alike Sites,2026-06-19,2026-06-19,needs_review,
hrsa-bps-h80-006804,WAYNESBURG CLINIC,community_health_center,1150 7th St,Waynesburg,PA,42,Greene County,42059,15370-1660,39.89994599,-80.17343000,724-627-8243,centervilleclinics.com,,,,,,,,,HRSA operating hours per week: 40.00,unknown,,,,,,,,,HRSA Health Center Service Delivery and Look-Alike Sites,https://data.hrsa.gov/DataDownload/DD_Files/Health_Center_Service_Delivery_and_LookAlike_Sites.csv,2026-06-19,"Fields copied from the official HRSA CSV: site name, address, city, state, postal code, phone, website, HRSA geocoding coordinates, county/FIPS, operating hours per week, site status, and location setting. Site status: Active. Location setting: All Other Clinic Types. Operational schedule: Part-Time. Daily hours, services, price, insurance, and accessibility fields were not supplied by this intake.",BPS-H80-006804,Health Center Service Delivery and Look-Alike Sites,2026-06-19,2026-06-19,needs_review,
hrsa-bps-h80-009259,Esperanza Health Center,community_health_center,4417 N 6th St,Philadelphia,PA,42,Philadelphia County,42101,19140-2396,40.01904089,-75.13648857,215-302-3600,www.esperanzahealth.com,,,,,,,,,HRSA operating hours per week: 43.00,unknown,,,,,,,,,HRSA Health Center Service Delivery and Look-Alike Sites,https://data.hrsa.gov/DataDownload/DD_Files/Health_Center_Service_Delivery_and_LookAlike_Sites.csv,2026-06-19,"Fields copied from the official HRSA CSV: site name, address, city, state, postal code, phone, website, HRSA geocoding coordinates, county/FIPS, operating hours per week, site status, and location setting. Site status: Active. Location setting: All Other Clinic Types. Operational schedule: Full-Time. Daily hours, services, price, insurance, and accessibility fields were not supplied by this intake.",BPS-H80-009259,Health Center Service Delivery and Look-Alike Sites,2026-06-19,2026-06-19,needs_review,
hrsa-bps-h80-034412,Bradford Primary Care and  Dental Center,community_health_center,600 Chestnut Street Ext,Bradford,PA,42,McKean County,42083,16701,41.94616952,-78.64876754,814-366-5955,,,,,,,,,,HRSA operating hours per week: 40.00,unknown,,,,,,,,,HRSA Health Center Service Delivery and Look-Alike Sites,https://data.hrsa.gov/DataDownload/DD_Files/Health_Center_Service_Delivery_and_LookAlike_Sites.csv,2026-06-19,"Fields copied from the official HRSA CSV: site name, address, city, state, postal code, phone, website, HRSA geocoding coordinates, county/FIPS, operating hours per week, site status, and location setting. Site status: Active. Location setting: All Other Clinic Types. Operational schedule: Unknown. Daily hours, services, price, insurance, and accessibility fields were not supplied by this intake.",BPS-H80-034412,Health Center Service Delivery and Look-Alike Sites,2026-06-19,2026-06-19,needs_review,
hrsa-bps-h80-038269,RURAL HEALTH CORPORATION OF NORTHEASTERN PENNSYLVANIA,community_health_center,276 E End Ctr,Wilkes Barre,PA,42,Luzerne County,42079,18702-6970,41.24948133,-75.85093030,570-825-8741 x231,,,,,,,,,,,unknown,,,,,,,,,HRSA Health Center Service Delivery and Look-Alike Sites,https://data.hrsa.gov/DataDownload/DD_Files/Health_Center_Service_Delivery_and_LookAlike_Sites.csv,2026-06-19,"Fields copied from the official HRSA CSV: site name, address, city, state, postal code, phone, website, HRSA geocoding coordinates, county/FIPS, operating hours per week, site status, and location setting. Site status: Active. Location setting: Unknown. Operational schedule: Unknown. Daily hours, services, price, insurance, and accessibility fields were not supplied by this intake.",BPS-H80-038269,Health Center Service Delivery and Look-Alike Sites,2026-06-19,2026-06-19,needs_review,
hrsa-bps-h80-030933,Wayne Memorial Community Health Centers Administration,community_health_center,600 Maple Ave STE 6,Honesdale,PA,42,Wayne County,42127,18431-1436,41.57544548,-75.26845585,570-253-8450,wmchc.net,,,,,,,,,,unknown,,,,,,,,,HRSA Health Center Service Delivery and Look-Alike Sites,https://data.hrsa.gov/DataDownload/DD_Files/Health_Center_Service_Delivery_and_LookAlike_Sites.csv,2026-06-19,"Fields copied from the official HRSA CSV: site name, address, city, state, postal code, phone, website, HRSA geocoding coordinates, county/FIPS, operating hours per week, site status, and location setting. Site status: Active. Location setting: All Other Clinic Types. Operational schedule: Unknown. Daily hours, services, price, insurance, and accessibility fields were not supplied by this intake.",BPS-H80-030933,Health Center Service Delivery and Look-Alike Sites,2026-06-19,2026-06-19,needs_review,
hrsa-bps-lal-035122,Community Smiles Dental Unit,community_health_center,101 N 6th St,Allentown,PA,42,Lehigh County,42077,18101-1403,40.60433364,-75.47030482,484-224-0777,,,,,,,,,,HRSA operating hours per week: 38.50,unknown,,,,,,,,,HRSA Health Center Service Delivery and Look-Alike Sites,https://data.hrsa.gov/DataDownload/DD_Files/Health_Center_Service_Delivery_and_LookAlike_Sites.csv,2026-06-19,"Fields copied from the official HRSA CSV: site name, address, city, state, postal code, phone, website, HRSA geocoding coordinates, county/FIPS, operating hours per week, site status, and location setting. Site status: Active. Location setting: All Other Clinic Types. Operational schedule: Unknown. Daily hours, services, price, insurance, and accessibility fields were not supplied by this intake.",BPS-LAL-035122,Health Center Service Delivery and Look-Alike Sites,2026-06-19,2026-06-19,needs_review,
hrsa-bps-h80-036496,Carter & MacRae Elementary,community_health_center,251 S Prince St,Lancaster,PA,42,Lancaster County,42071,17603-5313,40.03344503,-76.30659228,717-299-6371,,,,,,,,,,HRSA operating hours per week: 27.00,unknown,,,,,,,,,HRSA Health Center Service Delivery and Look-Alike Sites,https://data.hrsa.gov/DataDownload/DD_Files/Health_Center_Service_Delivery_and_LookAlike_Sites.csv,2026-06-19,"Fields copied from the official HRSA CSV: site name, address, city, state, postal code, phone, website, HRSA geocoding coordinates, county/FIPS, operating hours per week, site status, and location setting. Site status: Active. Location setting: School. Operational schedule: Unknown. Daily hours, services, price, insurance, and accessibility fields were not supplied by this intake.",BPS-H80-036496,Health Center Service Delivery and Look-Alike Sites,2026-06-19,2026-06-19,needs_review,
hrsa-bps-h80-040163,Keystone Dental Care Catherine Street,community_health_center,133 W Catherine St,Chambersburg,PA,42,Franklin County,42055,17201-3592,39.93277854,-77.66491187,717-709-7945,,,,,,,,,,HRSA operating hours per week: 42.50,unknown,,,,,,,,,HRSA Health Center Service Delivery and Look-Alike Sites,https://data.hrsa.gov/DataDownload/DD_Files/Health_Center_Service_Delivery_and_LookAlike_Sites.csv,2026-06-19,"Fields copied from the official HRSA CSV: site name, address, city, state, postal code, phone, website, HRSA geocoding coordinates, county/FIPS, operating hours per week, site status, and location setting. Site status: Active. Location setting: All Other Clinic Types. Operational schedule: Unknown. Daily hours, services, price, insurance, and accessibility fields were not supplied by this intake.",BPS-H80-040163,Health Center Service Delivery and Look-Alike Sites,2026-06-19,2026-06-19,needs_review,
hrsa-bps-h80-041586,Avella Family Medicine,community_health_center,9 Campbell St,Avella,PA,42,Washington County,42125,15312-2151,40.27489296,-80.46022805,724-632-6801,www.centervilleclinics.com,,,,,,,,,HRSA operating hours per week: 24.00,unknown,,,,,,,,,HRSA Health Center Service Delivery and Look-Alike Sites,https://data.hrsa.gov/DataDownload/DD_Files/Health_Center_Service_Delivery_and_LookAlike_Sites.csv,2026-06-19,"Fields copied from the official HRSA CSV: site name, address, city, state, postal code, phone, website, HRSA geocoding coordinates, county/FIPS, operating hours per week, site status, and location setting. Site status: Active. Location setting: All Other Clinic Types. Operational schedule: Unknown. Daily hours, services, price, insurance, and accessibility fields were not supplied by this intake.",BPS-H80-041586,Health Center Service Delivery and Look-Alike Sites,2026-06-19,2026-06-19,needs_review,
hrsa-bps-h80-034820,"Community Health Clinic, Inc. - Vandergrift Location 1",community_health_center,100 Grant Ave,Vandergrift,PA,42,Westmoreland County,42129,15690-1208,40.60389070,-79.56445615,724-335-3334,www.communityhealthclinic.org,,,,,,,,,HRSA operating hours per week: 40.00,unknown,,,,,,,,,HRSA Health Center Service Delivery and Look-Alike Sites,https://data.hrsa.gov/DataDownload/DD_Files/Health_Center_Service_Delivery_and_LookAlike_Sites.csv,2026-06-19,"Fields copied from the official HRSA CSV: site name, address, city, state, postal code, phone, website, HRSA geocoding coordinates, county/FIPS, operating hours per week, site status, and location setting. Site status: Active. Location setting: All Other Clinic Types. Operational schedule: Unknown. Daily hours, services, price, insurance, and accessibility fields were not supplied by this intake.",BPS-H80-034820,Health Center Service Delivery and Look-Alike Sites,2026-06-19,2026-06-19,needs_review,
hrsa-bps-h80-027890,Keystone Urgent Care Chambers Hill Drive,community_health_center,111 Chambers Hill Dr STE 100,Chambersburg,PA,42,Franklin County,42055,17201-7304,39.94344581,-77.64149065,717-709-7979,,,,,,,,,,HRSA operating hours per week: 84.00,unknown,,,,,,,,,HRSA Health Center Service Delivery and Look-Alike Sites,https://data.hrsa.gov/DataDownload/DD_Files/Health_Center_Service_Delivery_and_LookAlike_Sites.csv,2026-06-19,"Fields copied from the official HRSA CSV: site name, address, city, state, postal code, phone, website, HRSA geocoding coordinates, county/FIPS, operating hours per week, site status, and location setting. Site status: Active. Location setting: All Other Clinic Types. Operational schedule: Unknown. Daily hours, services, price, insurance, and accessibility fields were not supplied by this intake.",BPS-H80-027890,Health Center Service Delivery and Look-Alike Sites,2026-06-19,2026-06-19,needs_review,
hrsa-bps-h80-018036,Keystone Pediatrics Waynesboro,community_health_center,45 Roadside Ave Lowr Level,Waynesboro,PA,42,Franklin County,42055,17268-2542,39.75235543,-77.56742212,717-387-8060,,,,,,,,,,HRSA operating hours per week: 45.00,unknown,,,,,,,,,HRSA Health Center Service Delivery and Look-Alike Sites,https://data.hrsa.gov/DataDownload/DD_Files/Health_Center_Service_Delivery_and_LookAlike_Sites.csv,2026-06-19,"Fields copied from the official HRSA CSV: site name, address, city, state, postal code, phone, website, HRSA geocoding coordinates, county/FIPS, operating hours per week, site status, and location setting. Site status: Active. Location setting: All Other Clinic Types. Operational schedule: Unknown. Daily hours, services, price, insurance, and accessibility fields were not supplied by this intake.",BPS-H80-018036,Health Center Service Delivery and Look-Alike Sites,2026-06-19,2026-06-19,needs_review,
hrsa-bps-lal-040959,Fair Hill Community Physicians- Nicetown,community_health_center,4350 Germantown Ave,Philadelphia,PA,42,Philadelphia County,42101,19140-1749,40.02005925,-75.15694326,215-324-0500,www.fairhillphysicians.org,,,,,,,,,HRSA operating hours per week: 41.00,unknown,,,,,,,,,HRSA Health Center Service Delivery and Look-Alike Sites,https://data.hrsa.gov/DataDownload/DD_Files/Health_Center_Service_Delivery_and_LookAlike_Sites.csv,2026-06-19,"Fields copied from the official HRSA CSV: site name, address, city, state, postal code, phone, website, HRSA geocoding coordinates, county/FIPS, operating hours per week, site status, and location setting. Site status: Active. Location setting: All Other Clinic Types. Operational schedule: Unknown. Daily hours, services, price, insurance, and accessibility fields were not supplied by this intake.",BPS-LAL-040959,Health Center Service Delivery and Look-Alike Sites,2026-06-19,2026-06-19,needs_review,
hrsa-bps-h80-039918,Coatesville - Medical and Dental,community_health_center,"744 E Lincoln Hwy, Apartment 110",Coatesville,PA,42,Chester County,42029,19320-3590,39.98530717,-75.80919313,717-299-6371,,,,,,,,,,HRSA operating hours per week: 40.00,unknown,,,,,,,,,HRSA Health Center Service Delivery and Look-Alike Sites,https://data.hrsa.gov/DataDownload/DD_Files/Health_Center_Service_Delivery_and_LookAlike_Sites.csv,2026-06-19,"Fields copied from the official HRSA CSV: site name, address, city, state, postal code, phone, website, HRSA geocoding coordinates, county/FIPS, operating hours per week, site status, and location setting. Site status: Active. Location setting: All Other Clinic Types. Operational schedule: Unknown. Daily hours, services, price, insurance, and accessibility fields were not supplied by this intake.",BPS-H80-039918,Health Center Service Delivery and Look-Alike Sites,2026-06-19,2026-06-19,needs_review,
hrsa-bps-h80-004232,SHICKSHINNY HEALTH CENTER,community_health_center,26 N Main St,Shickshinny,PA,42,Luzerne County,42079,18655-1399,41.15399501,-76.14982797,570-704-4230,www.rhcnepa.com,,,,,,,,,HRSA operating hours per week: 42.00,unknown,,,,,,,,,HRSA Health Center Service Delivery and Look-Alike Sites,https://data.hrsa.gov/DataDownload/DD_Files/Health_Center_Service_Delivery_and_LookAlike_Sites.csv,2026-06-19,"Fields copied from the official HRSA CSV: site name, address, city, state, postal code, phone, website, HRSA geocoding coordinates, county/FIPS, operating hours per week, site status, and location setting. Site status: Active. Location setting: All Other Clinic Types. Operational schedule: Full-Time. Daily hours, services, price, insurance, and accessibility fields were not supplied by this intake.",BPS-H80-004232,Health Center Service Delivery and Look-Alike Sites,2026-06-19,2026-06-19,needs_review,
hrsa-bps-h80-004334,THE SAYRE HEALTH CENTER,community_health_center,5800 Walnut St,Philadelphia,PA,42,Philadelphia County,42101,19139-3898,39.95746458,-75.23868978,215-474-4444,www.sayrehealth.org,,,,,,,,,HRSA operating hours per week: 46.00,unknown,,,,,,,,,HRSA Health Center Service Delivery and Look-Alike Sites,https://data.hrsa.gov/DataDownload/DD_Files/Health_Center_Service_Delivery_and_LookAlike_Sites.csv,2026-06-19,"Fields copied from the official HRSA CSV: site name, address, city, state, postal code, phone, website, HRSA geocoding coordinates, county/FIPS, operating hours per week, site status, and location setting. Site status: Active. Location setting: School. Operational schedule: Full-Time. Daily hours, services, price, insurance, and accessibility fields were not supplied by this intake.",BPS-H80-004334,Health Center Service Delivery and Look-Alike Sites,2026-06-19,2026-06-19,needs_review,
hrsa-bps-h80-015234,John Bell Clinic,community_health_center,1207 Chestnut St,Philadelphia,PA,42,Philadelphia County,42101,19107-4131,39.95074037,-75.16050515,215-985-4448,,,,,,,,,,HRSA operating hours per week: 40.00,unknown,,,,,,,,,HRSA Health Center Service Delivery and Look-Alike Sites,https://data.hrsa.gov/DataDownload/DD_Files/Health_Center_Service_Delivery_and_LookAlike_Sites.csv,2026-06-19,"Fields copied from the official HRSA CSV: site name, address, city, state, postal code, phone, website, HRSA geocoding coordinates, county/FIPS, operating hours per week, site status, and location setting. Site status: Active. Location setting: All Other Clinic Types. Operational schedule: Unknown. Daily hours, services, price, insurance, and accessibility fields were not supplied by this intake.",BPS-H80-015234,Health Center Service Delivery and Look-Alike Sites,2026-06-19,2026-06-19,needs_review,
hrsa-bps-h80-016941,Neighborhood Health Centers of the Lehigh Valley- Bethlehem,community_health_center,1210 E 4th St,Bethlehem,PA,42,Northampton County,42095,18015-2098,40.61084001,-75.35998003,484-408-0755,,,,,,,,,,HRSA operating hours per week: 45.00,unknown,,,,,,,,,HRSA Health Center Service Delivery and Look-Alike Sites,https://data.hrsa.gov/DataDownload/DD_Files/Health_Center_Service_Delivery_and_LookAlike_Sites.csv,2026-06-19,"Fields copied from the official HRSA CSV: site name, address, city, state, postal code, phone, website, HRSA geocoding coordinates, county/FIPS, operating hours per week, site status, and location setting. Site status: Active. Location setting: School. Operational schedule: Unknown. Daily hours, services, price, insurance, and accessibility fields were not supplied by this intake.",BPS-H80-016941,Health Center Service Delivery and Look-Alike Sites,2026-06-19,2026-06-19,needs_review,
hrsa-bps-h80-004538,Jacksonville Family Medicine Center,community_health_center,29 Saltsburg Rd,Clarksburg,PA,42,Indiana County,42063,15725-7400,40.53982287,-79.29877857,724-726-0300,www.primary-health.net,,,,,,,,,HRSA operating hours per week: 42.50,unknown,,,,,,,,,HRSA Health Center Service Delivery and Look-Alike Sites,https://data.hrsa.gov/DataDownload/DD_Files/Health_Center_Service_Delivery_and_LookAlike_Sites.csv,2026-06-19,"Fields copied from the official HRSA CSV: site name, address, city, state, postal code, phone, website, HRSA geocoding coordinates, county/FIPS, operating hours per week, site status, and location setting. Site status: Active. Location setting: All Other Clinic Types. Operational schedule: Full-Time. Daily hours, services, price, insurance, and accessibility fields were not supplied by this intake.",BPS-H80-004538,Health Center Service Delivery and Look-Alike Sites,2026-06-19,2026-06-19,needs_review,
hrsa-bps-h80-019657,Berks Community Health Center Administrative,community_health_center,645 Penn St,Reading,PA,42,Berks County,42011,19601-3543,40.33555665,-75.92455049,484-772-4091,www.berkschc.net,,,,,,,,,,unknown,,,,,,,,,HRSA Health Center Service Delivery and Look-Alike Sites,https://data.hrsa.gov/DataDownload/DD_Files/Health_Center_Service_Delivery_and_LookAlike_Sites.csv,2026-06-19,"Fields copied from the official HRSA CSV: site name, address, city, state, postal code, phone, website, HRSA geocoding coordinates, county/FIPS, operating hours per week, site status, and location setting. Site status: Active. Location setting: All Other Clinic Types. Operational schedule: Unknown. Daily hours, services, price, insurance, and accessibility fields were not supplied by this intake.",BPS-H80-019657,Health Center Service Delivery and Look-Alike Sites,2026-06-19,2026-06-19,needs_review,
hrsa-bps-h80-004549,HUNTING PARK HEALTH CENTER,community_health_center,1999 W Hunting Park Ave,Philadelphia,PA,42,Philadelphia County,42101,19140-2828,40.01317239,-75.16110915,215-228-9300,WWW.GPHAINC.ORG,,,,,,,,,HRSA operating hours per week: 47.00,unknown,,,,,,,,,HRSA Health Center Service Delivery and Look-Alike Sites,https://data.hrsa.gov/DataDownload/DD_Files/Health_Center_Service_Delivery_and_LookAlike_Sites.csv,2026-06-19,"Fields copied from the official HRSA CSV: site name, address, city, state, postal code, phone, website, HRSA geocoding coordinates, county/FIPS, operating hours per week, site status, and location setting. Site status: Active. Location setting: All Other Clinic Types. Operational schedule: Full-Time. Daily hours, services, price, insurance, and accessibility fields were not supplied by this intake.",BPS-H80-004549,Health Center Service Delivery and Look-Alike Sites,2026-06-19,2026-06-19,needs_review,
hrsa-bps-h80-018537,Fairmount Primary Care Center at Girard Medical Center,community_health_center,820 W Thompson St,Philadelphia,PA,42,Philadelphia County,42101,19122-4362,39.97203451,-75.15045045,215-235-9600,,,,,,,,,,HRSA operating hours per week: 40.00,unknown,,,,,,,,,HRSA Health Center Service Delivery and Look-Alike Sites,https://data.hrsa.gov/DataDownload/DD_Files/Health_Center_Service_Delivery_and_LookAlike_Sites.csv,2026-06-19,"Fields copied from the official HRSA CSV: site name, address, city, state, postal code, phone, website, HRSA geocoding coordinates, county/FIPS, operating hours per week, site status, and location setting. Site status: Active. Location setting: Hospital. Operational schedule: Unknown. Daily hours, services, price, insurance, and accessibility fields were not supplied by this intake.",BPS-H80-018537,Health Center Service Delivery and Look-Alike Sites,2026-06-19,2026-06-19,needs_review,
hrsa-bps-h80-004726,Beaver Falls Health Center Primary Care,community_health_center,1302 7th Ave,Beaver Falls,PA,42,Beaver County,42007,15010-4217,40.75423208,-80.31897320,724-843-4400,www.primary-health.net,,,,,,,,,HRSA operating hours per week: 45.00,unknown,,,,,,,,,HRSA Health Center Service Delivery and Look-Alike Sites,https://data.hrsa.gov/DataDownload/DD_Files/Health_Center_Service_Delivery_and_LookAlike_Sites.csv,2026-06-19,"Fields copied from the official HRSA CSV: site name, address, city, state, postal code, phone, website, HRSA geocoding coordinates, county/FIPS, operating hours per week, site status, and location setting. Site status: Active. Location setting: All Other Clinic Types. Operational schedule: Full-Time. Daily hours, services, price, insurance, and accessibility fields were not supplied by this intake.",BPS-H80-004726,Health Center Service Delivery and Look-Alike Sites,2026-06-19,2026-06-19,needs_review,
hrsa-bps-h80-032769,BTAMC Belleville Wellness Center,community_health_center,375 S Kishacoquillas St,Belleville,PA,42,Mifflin County,42087,17004-8620,40.60005271,-77.71147301,717-935-2065,,,,,,,,,,HRSA operating hours per week: 32.00,unknown,,,,,,,,,HRSA Health Center Service Delivery and Look-Alike Sites,https://data.hrsa.gov/DataDownload/DD_Files/Health_Center_Service_Delivery_and_LookAlike_Sites.csv,2026-06-19,"Fields copied from the official HRSA CSV: site name, address, city, state, postal code, phone, website, HRSA geocoding coordinates, county/FIPS, operating hours per week, site status, and location setting. Site status: Active. Location setting: All Other Clinic Types. Operational schedule: Unknown. Daily hours, services, price, insurance, and accessibility fields were not supplied by this intake.",BPS-H80-032769,Health Center Service Delivery and Look-Alike Sites,2026-06-19,2026-06-19,needs_review,
hrsa-bps-h80-010693,Keystone Pediatrics Fifth Avenue,community_health_center,"830 5th Ave, Suite 103",Chambersburg,PA,42,Franklin County,42055,17201-4224,39.94498586,-77.63830352,717-709-7950,www.keystonepediatrics.org,,,,,,,,,HRSA operating hours per week: 59.00,unknown,,,,,,,,,HRSA Health Center Service Delivery and Look-Alike Sites,https://data.hrsa.gov/DataDownload/DD_Files/Health_Center_Service_Delivery_and_LookAlike_Sites.csv,2026-06-19,"Fields copied from the official HRSA CSV: site name, address, city, state, postal code, phone, website, HRSA geocoding coordinates, county/FIPS, operating hours per week, site status, and location setting. Site status: Active. Location setting: All Other Clinic Types. Operational schedule: Full-Time. Daily hours, services, price, insurance, and accessibility fields were not supplied by this intake.",BPS-H80-010693,Health Center Service Delivery and Look-Alike Sites,2026-06-19,2026-06-19,needs_review,
hrsa-bps-h80-009198,Snyder Avenue Dental Center,community_health_center,640 Snyder Ave,Philadelphia,PA,42,Philadelphia County,42101,19148-2419,39.92268275,-75.15796510,215-334-4900,WWW.GPHAINC.ORG,,,,,,,,,HRSA operating hours per week: 42.00,unknown,,,,,,,,,HRSA Health Center Service Delivery and Look-Alike Sites,https://data.hrsa.gov/DataDownload/DD_Files/Health_Center_Service_Delivery_and_LookAlike_Sites.csv,2026-06-19,"Fields copied from the official HRSA CSV: site name, address, city, state, postal code, phone, website, HRSA geocoding coordinates, county/FIPS, operating hours per week, site status, and location setting. Site status: Active. Location setting: All Other Clinic Types. Operational schedule: Full-Time. Daily hours, services, price, insurance, and accessibility fields were not supplied by this intake.",BPS-H80-009198,Health Center Service Delivery and Look-Alike Sites,2026-06-19,2026-06-19,needs_review,
hrsa-bps-lal-032722,Star Community Health Administration,community_health_center,"520 E Broad St, #100",Bethlehem,PA,42,Northampton County,42095,18018-6330,40.62206007,-75.36612765,484-822-7827,starcommunityhealth.org,,,,,,,,,HRSA operating hours per week: 42.50,unknown,,,,,,,,,HRSA Health Center Service Delivery and Look-Alike Sites,https://data.hrsa.gov/DataDownload/DD_Files/Health_Center_Service_Delivery_and_LookAlike_Sites.csv,2026-06-19,"Fields copied from the official HRSA CSV: site name, address, city, state, postal code, phone, website, HRSA geocoding coordinates, county/FIPS, operating hours per week, site status, and location setting. Site status: Active. Location setting: All Other Clinic Types. Operational schedule: Unknown. Daily hours, services, price, insurance, and accessibility fields were not supplied by this intake.",BPS-LAL-032722,Health Center Service Delivery and Look-Alike Sites,2026-06-19,2026-06-19,needs_review,
hrsa-bps-h80-033967,LINCOLN-LEMINGTON MEDICAL AND DENTAL OFFICE,community_health_center,7157 Mary Peck Bond Pl,Pittsburgh,PA,42,Allegheny County,42003,15206-1236,40.47187564,-79.89286591,412-661-2802,www.elfhcc.com,,,,,,,,,HRSA operating hours per week: 41.25,unknown,,,,,,,,,HRSA Health Center Service Delivery and Look-Alike Sites,https://data.hrsa.gov/DataDownload/DD_Files/Health_Center_Service_Delivery_and_LookAlike_Sites.csv,2026-06-19,"Fields copied from the official HRSA CSV: site name, address, city, state, postal code, phone, website, HRSA geocoding coordinates, county/FIPS, operating hours per week, site status, and location setting. Site status: Active. Location setting: All Other Clinic Types. Operational schedule: Unknown. Daily hours, services, price, insurance, and accessibility fields were not supplied by this intake.",BPS-H80-033967,Health Center Service Delivery and Look-Alike Sites,2026-06-19,2026-06-19,needs_review,
hrsa-bps-h80-027281,McMurray Elementary School,community_health_center,626 E McMurray Rd,Canonsburg,PA,42,Washington County,42125,15317-3420,40.28100835,-80.07710559,724-632-6801,,,,,,,,,,HRSA operating hours per week: 40.00,unknown,,,,,,,,,HRSA Health Center Service Delivery and Look-Alike Sites,https://data.hrsa.gov/DataDownload/DD_Files/Health_Center_Service_Delivery_and_LookAlike_Sites.csv,2026-06-19,"Fields copied from the official HRSA CSV: site name, address, city, state, postal code, phone, website, HRSA geocoding coordinates, county/FIPS, operating hours per week, site status, and location setting. Site status: Active. Location setting: School. Operational schedule: Unknown. Daily hours, services, price, insurance, and accessibility fields were not supplied by this intake.",BPS-H80-027281,Health Center Service Delivery and Look-Alike Sites,2026-06-19,2026-06-19,needs_review,
hrsa-bps-lal-038223,Star Community Health Dental Van-Monroe,community_health_center,100 N 3rd St FL 2,Easton,PA,42,Northampton County,42095,18042-1869,40.69339774,-75.20934072,272-212-0793,starcommunityhealth.org,,,,,,,,,HRSA operating hours per week: 35.00,unknown,,,,,,,,,HRSA Health Center Service Delivery and Look-Alike Sites,https://data.hrsa.gov/DataDownload/DD_Files/Health_Center_Service_Delivery_and_LookAlike_Sites.csv,2026-06-19,"Fields copied from the official HRSA CSV: site name, address, city, state, postal code, phone, website, HRSA geocoding coordinates, county/FIPS, operating hours per week, site status, and location setting. Site status: Active. Location setting: All Other Clinic Types. Operational schedule: Unknown. Daily hours, services, price, insurance, and accessibility fields were not supplied by this intake.",BPS-LAL-038223,Health Center Service Delivery and Look-Alike Sites,2026-06-19,2026-06-19,needs_review,
hrsa-bps-h80-005170,FAMILY FIRST HEALTH CORPORATION,community_health_center,116 S George St,York,PA,42,York County,42133,17401-1474,39.96061962,-76.72706609,717-846-1995,www.familyfirsthealth.org,,,,,,,,,HRSA operating hours per week: 54.00,unknown,,,,,,,,,HRSA Health Center Service Delivery and Look-Alike Sites,https://data.hrsa.gov/DataDownload/DD_Files/Health_Center_Service_Delivery_and_LookAlike_Sites.csv,2026-06-19,"Fields copied from the official HRSA CSV: site name, address, city, state, postal code, phone, website, HRSA geocoding coordinates, county/FIPS, operating hours per week, site status, and location setting. Site status: Active. Location setting: All Other Clinic Types. Operational schedule: Full-Time. Daily hours, services, price, insurance, and accessibility fields were not supplied by this intake.",BPS-H80-005170,Health Center Service Delivery and Look-Alike Sites,2026-06-19,2026-06-19,needs_review,
hrsa-bps-h80-024573,Bobtown Elementary,community_health_center,304 Grant St,Bobtown,PA,42,Greene County,42059,15315-1014,39.75991100,-79.98491798,724-632-6801 x2258,,,,,,,,,,HRSA operating hours per week: 24.00,unknown,,,,,,,,,HRSA Health Center Service Delivery and Look-Alike Sites,https://data.hrsa.gov/DataDownload/DD_Files/Health_Center_Service_Delivery_and_LookAlike_Sites.csv,2026-06-19,"Fields copied from the official HRSA CSV: site name, address, city, state, postal code, phone, website, HRSA geocoding coordinates, county/FIPS, operating hours per week, site status, and location setting. Site status: Active. Location setting: School. Operational schedule: Unknown. Daily hours, services, price, insurance, and accessibility fields were not supplied by this intake.",BPS-H80-024573,Health Center Service Delivery and Look-Alike Sites,2026-06-19,2026-06-19,needs_review,
hrsa-bps-h80-041323,Abbottsford Falls Health Center,community_health_center,"4700 Wissahickon Ave, Suite 118",Philadelphia,PA,42,Philadelphia County,42101,19144-4248,40.01585875,-75.17256688,267-597-3600,www.fpcn.com,,,,,,,,,HRSA operating hours per week: 48.00,unknown,,,,,,,,,HRSA Health Center Service Delivery and Look-Alike Sites,https://data.hrsa.gov/DataDownload/DD_Files/Health_Center_Service_Delivery_and_LookAlike_Sites.csv,2026-06-19,"Fields copied from the official HRSA CSV: site name, address, city, state, postal code, phone, website, HRSA geocoding coordinates, county/FIPS, operating hours per week, site status, and location setting. Site status: Active. Location setting: All Other Clinic Types. Operational schedule: Unknown. Daily hours, services, price, insurance, and accessibility fields were not supplied by this intake.",BPS-H80-041323,Health Center Service Delivery and Look-Alike Sites,2026-06-19,2026-06-19,needs_review,
hrsa-bps-h80-005269,Cornerstone Care Community Health Center of Burgettstown,community_health_center,1227 Smith Township State Rd,Burgettstown,PA,42,Washington County,42125,15021-2828,40.32299339,-80.35784352,724-947-2255 x135,www.cornerstonecare.com,,,,,,,,,HRSA operating hours per week: 52.00,unknown,,,,,,,,,HRSA Health Center Service Delivery and Look-Alike Sites,https://data.hrsa.gov/DataDownload/DD_Files/Health_Center_Service_Delivery_and_LookAlike_Sites.csv,2026-06-19,"Fields copied from the official HRSA CSV: site name, address, city, state, postal code, phone, website, HRSA geocoding coordinates, county/FIPS, operating hours per week, site status, and location setting. Site status: Active. Location setting: All Other Clinic Types. Operational schedule: Full-Time. Daily hours, services, price, insurance, and accessibility fields were not supplied by this intake.",BPS-H80-005269,Health Center Service Delivery and Look-Alike Sites,2026-06-19,2026-06-19,needs_review,
hrsa-bps-h80-009512,Our Brother's Place,community_health_center,907 Hamilton St,Philadelphia,PA,42,Philadelphia County,42101,19123-3815,39.96021003,-75.15383885,215-236-7099,,,,,,,,,,HRSA operating hours per week: 30.00,unknown,,,,,,,,,HRSA Health Center Service Delivery and Look-Alike Sites,https://data.hrsa.gov/DataDownload/DD_Files/Health_Center_Service_Delivery_and_LookAlike_Sites.csv,2026-06-19,"Fields copied from the official HRSA CSV: site name, address, city, state, postal code, phone, website, HRSA geocoding coordinates, county/FIPS, operating hours per week, site status, and location setting. Site status: Active. Location setting: All Other Clinic Types. Operational schedule: Full-Time. Daily hours, services, price, insurance, and accessibility fields were not supplied by this intake.",BPS-H80-009512,Health Center Service Delivery and Look-Alike Sites,2026-06-19,2026-06-19,needs_review,
hrsa-bps-h80-041479,Donora Family Medicine,community_health_center,570 Galiffa Dr,Donora,PA,42,Washington County,42125,15033-1385,40.17612899,-79.85376332,724-632-6801,,,,,,,,,,HRSA operating hours per week: 40.00,unknown,,,,,,,,,HRSA Health Center Service Delivery and Look-Alike Sites,https://data.hrsa.gov/DataDownload/DD_Files/Health_Center_Service_Delivery_and_LookAlike_Sites.csv,2026-06-19,"Fields copied from the official HRSA CSV: site name, address, city, state, postal code, phone, website, HRSA geocoding coordinates, county/FIPS, operating hours per week, site status, and location setting. Site status: Active. Location setting: All Other Clinic Types. Operational schedule: Unknown. Daily hours, services, price, insurance, and accessibility fields were not supplied by this intake.",BPS-H80-041479,Health Center Service Delivery and Look-Alike Sites,2026-06-19,2026-06-19,needs_review,
hrsa-bps-h80-007428,Keystone Agricultural Worker Program - Franklin Co.,community_health_center,820 5th Ave,Chambersburg,PA,42,Franklin County,42055,17201-4219,39.94503401,-77.63955946,717-709-7999,,,,,,,,,,HRSA operating hours per week: 54.50,unknown,,,,,,,,,HRSA Health Center Service Delivery and Look-Alike Sites,https://data.hrsa.gov/DataDownload/DD_Files/Health_Center_Service_Delivery_and_LookAlike_Sites.csv,2026-06-19,"Fields copied from the official HRSA CSV: site name, address, city, state, postal code, phone, website, HRSA geocoding coordinates, county/FIPS, operating hours per week, site status, and location setting. Site status: Active. Location setting: All Other Clinic Types. Operational schedule: Part-Time. Daily hours, services, price, insurance, and accessibility fields were not supplied by this intake.",BPS-H80-007428,Health Center Service Delivery and Look-Alike Sites,2026-06-19,2026-06-19,needs_review,
hrsa-bps-lal-040251,VHP CWM Fairgrounds,community_health_center,400 N 17th St,Allentown,PA,42,Lehigh County,42077,18104-5052,40.60188973,-75.49514400,610-969-3630,,,,,,,,,,HRSA operating hours per week: 40.00,unknown,,,,,,,,,HRSA Health Center Service Delivery and Look-Alike Sites,https://data.hrsa.gov/DataDownload/DD_Files/Health_Center_Service_Delivery_and_LookAlike_Sites.csv,2026-06-19,"Fields copied from the official HRSA CSV: site name, address, city, state, postal code, phone, website, HRSA geocoding coordinates, county/FIPS, operating hours per week, site status, and location setting. Site status: Active. Location setting: All Other Clinic Types. Operational schedule: Unknown. Daily hours, services, price, insurance, and accessibility fields were not supplied by this intake.",BPS-LAL-040251,Health Center Service Delivery and Look-Alike Sites,2026-06-19,2026-06-19,needs_review,
hrsa-bps-h80-013892,Hamlin Family Health Center,community_health_center,543 Easton Tpke,Lake Ariel,PA,42,Wayne County,42127,18436-4718,41.40106699,-75.39840133,570-689-9965,,,,,,,,,,HRSA operating hours per week: 71.50,unknown,,,,,,,,,HRSA Health Center Service Delivery and Look-Alike Sites,https://data.hrsa.gov/DataDownload/DD_Files/Health_Center_Service_Delivery_and_LookAlike_Sites.csv,2026-06-19,"Fields copied from the official HRSA CSV: site name, address, city, state, postal code, phone, website, HRSA geocoding coordinates, county/FIPS, operating hours per week, site status, and location setting. Site status: Active. Location setting: All Other Clinic Types. Operational schedule: Full-Time. Daily hours, services, price, insurance, and accessibility fields were not supplied by this intake.",BPS-H80-013892,Health Center Service Delivery and Look-Alike Sites,2026-06-19,2026-06-19,needs_review,
hrsa-bps-h80-005503,FRANKFORD AVENUE HEALTH CENTER,community_health_center,4510 Frankford Ave,Philadelphia,PA,42,Philadelphia County,42101,19124-3602,40.01437599,-75.08630402,215-744-1302,WWW.GPHAINC.ORG,,,,,,,,,HRSA operating hours per week: 51.00,unknown,,,,,,,,,HRSA Health Center Service Delivery and Look-Alike Sites,https://data.hrsa.gov/DataDownload/DD_Files/Health_Center_Service_Delivery_and_LookAlike_Sites.csv,2026-06-19,"Fields copied from the official HRSA CSV: site name, address, city, state, postal code, phone, website, HRSA geocoding coordinates, county/FIPS, operating hours per week, site status, and location setting. Site status: Active. Location setting: All Other Clinic Types. Operational schedule: Full-Time. Daily hours, services, price, insurance, and accessibility fields were not supplied by this intake.",BPS-H80-005503,Health Center Service Delivery and Look-Alike Sites,2026-06-19,2026-06-19,needs_review,
hrsa-bps-h80-030871,Community Health and Dental Care-Barto,community_health_center,1315 Route 100,Barto,PA,42,Berks County,42011,19504-8724,40.38366965,-75.60434218,610-326-9460,,,,,,,,,,HRSA operating hours per week: 58.00,unknown,,,,,,,,,HRSA Health Center Service Delivery and Look-Alike Sites,https://data.hrsa.gov/DataDownload/DD_Files/Health_Center_Service_Delivery_and_LookAlike_Sites.csv,2026-06-19,"Fields copied from the official HRSA CSV: site name, address, city, state, postal code, phone, website, HRSA geocoding coordinates, county/FIPS, operating hours per week, site status, and location setting. Site status: Active. Location setting: All Other Clinic Types. Operational schedule: Unknown. Daily hours, services, price, insurance, and accessibility fields were not supplied by this intake.",BPS-H80-030871,Health Center Service Delivery and Look-Alike Sites,2026-06-19,2026-06-19,needs_review,
