id,name,facility type,address,city,state,county,zip code,latitude,longitude,phone,services,source name,source url,source last checked,source notes,source id,source dataset,source last updated,last verified,verification status,fieldsources
cms-330005,KALEIDA HEALTH,hospital,100 HIGH STREET,BUFFALO,NY,ERIE,14210,42.900396853485,-78.866755694431,(716) 859-8620,Emergency services,CMS Hospital General Information,https://data.cms.gov/provider-data/dataset/xubh-q36u,2026-07-02,"Fields copied from the official CMS Hospital General Information CSV: facility name, address, city, state, ZIP code, county, phone, hospital type, ownership and emergency services flag. Hospital type: Acute Care Hospitals. Ownership: Voluntary non-profit - Private. Emergency services listed by CMS: Yes. Coordinates from the U.S. Census Bureau batch geocoder (Non_Exact address match). CMS quality ratings and measures were intentionally not copied. Daily hours, prices and insurance details were not supplied by this intake.",330005,Hospital General Information,2026-07-02,2026-07-02,needs_review,"{""services"":{""field"":""services"",""status"":""source_backed"",""sourceUrl"":""https://data.cms.gov/provider-data/dataset/xubh-q36u"",""sourceTitle"":""CMS Hospital General Information"",""checkedDate"":""2026-07-02"",""sourceType"":""federal_open_data"",""locationSpecific"":true,""reviewerNote"":""Emergency services flag copied from the official CMS Hospital General Information row for this facility.""}}"
cms-330006,ST JOSEPH'S MEDICAL CENTER,hospital,127 SOUTH BROADWAY,YONKERS,NY,WESTCHESTER,10701,40.930069865254,-73.897606178204,(914) 378-7000,Emergency services,CMS Hospital General Information,https://data.cms.gov/provider-data/dataset/xubh-q36u,2026-07-02,"Fields copied from the official CMS Hospital General Information CSV: facility name, address, city, state, ZIP code, county, phone, hospital type, ownership and emergency services flag. Hospital type: Acute Care Hospitals. Ownership: Voluntary non-profit - Private. Emergency services listed by CMS: Yes. Coordinates from the U.S. Census Bureau batch geocoder (Exact address match). CMS quality ratings and measures were intentionally not copied. Daily hours, prices and insurance details were not supplied by this intake.",330006,Hospital General Information,2026-07-02,2026-07-02,needs_review,"{""services"":{""field"":""services"",""status"":""source_backed"",""sourceUrl"":""https://data.cms.gov/provider-data/dataset/xubh-q36u"",""sourceTitle"":""CMS Hospital General Information"",""checkedDate"":""2026-07-02"",""sourceType"":""federal_open_data"",""locationSpecific"":true,""reviewerNote"":""Emergency services flag copied from the official CMS Hospital General Information row for this facility.""}}"
cms-330009,BRONXCARE HOSPITAL CENTER,hospital,1276 FULTON AVENUE,BRONX,NY,BRONX,10456,40.831750948172,-73.903663249774,(212) 588-7000,Emergency services,CMS Hospital General Information,https://data.cms.gov/provider-data/dataset/xubh-q36u,2026-07-02,"Fields copied from the official CMS Hospital General Information CSV: facility name, address, city, state, ZIP code, county, phone, hospital type, ownership and emergency services flag. Hospital type: Acute Care Hospitals. Ownership: Voluntary non-profit - Private. Emergency services listed by CMS: Yes. Coordinates from the U.S. Census Bureau batch geocoder (Exact address match). CMS quality ratings and measures were intentionally not copied. Daily hours, prices and insurance details were not supplied by this intake.",330009,Hospital General Information,2026-07-02,2026-07-02,needs_review,"{""services"":{""field"":""services"",""status"":""source_backed"",""sourceUrl"":""https://data.cms.gov/provider-data/dataset/xubh-q36u"",""sourceTitle"":""CMS Hospital General Information"",""checkedDate"":""2026-07-02"",""sourceType"":""federal_open_data"",""locationSpecific"":true,""reviewerNote"":""Emergency services flag copied from the official CMS Hospital General Information row for this facility.""}}"
cms-330011,"OUR LADY OF LOURDES MEMORIAL HOSPITAL, INC",hospital,169 RIVERSIDE DRIVE,BINGHAMTON,NY,BROOME,13905,42.093006371704,-75.937133107173,(607) 798-5111,Emergency services,CMS Hospital General Information,https://data.cms.gov/provider-data/dataset/xubh-q36u,2026-07-02,"Fields copied from the official CMS Hospital General Information CSV: facility name, address, city, state, ZIP code, county, phone, hospital type, ownership and emergency services flag. Hospital type: Acute Care Hospitals. Ownership: Voluntary non-profit - Private. Emergency services listed by CMS: Yes. Coordinates from the U.S. Census Bureau batch geocoder (Exact address match). CMS quality ratings and measures were intentionally not copied. Daily hours, prices and insurance details were not supplied by this intake.",330011,Hospital General Information,2026-07-02,2026-07-02,needs_review,"{""services"":{""field"":""services"",""status"":""source_backed"",""sourceUrl"":""https://data.cms.gov/provider-data/dataset/xubh-q36u"",""sourceTitle"":""CMS Hospital General Information"",""checkedDate"":""2026-07-02"",""sourceType"":""federal_open_data"",""locationSpecific"":true,""reviewerNote"":""Emergency services flag copied from the official CMS Hospital General Information row for this facility.""}}"
cms-330013,ALBANY MEDICAL CENTER HOSPITAL,hospital,"43 NEW SCOTLAND AVENUE, MAIL CODE 34",ALBANY,NY,ALBANY,12208,42.652795789867,-73.780932037131,(518) 262-2400,Emergency services,CMS Hospital General Information,https://data.cms.gov/provider-data/dataset/xubh-q36u,2026-07-02,"Fields copied from the official CMS Hospital General Information CSV: facility name, address, city, state, ZIP code, county, phone, hospital type, ownership and emergency services flag. Hospital type: Acute Care Hospitals. Ownership: Voluntary non-profit - Private. Emergency services listed by CMS: Yes. Coordinates from the U.S. Census Bureau batch geocoder (Non_Exact address match). CMS quality ratings and measures were intentionally not copied. Daily hours, prices and insurance details were not supplied by this intake.",330013,Hospital General Information,2026-07-02,2026-07-02,needs_review,"{""services"":{""field"":""services"",""status"":""source_backed"",""sourceUrl"":""https://data.cms.gov/provider-data/dataset/xubh-q36u"",""sourceTitle"":""CMS Hospital General Information"",""checkedDate"":""2026-07-02"",""sourceType"":""federal_open_data"",""locationSpecific"":true,""reviewerNote"":""Emergency services flag copied from the official CMS Hospital General Information row for this facility.""}}"
cms-330014,JAMAICA HOSPITAL MEDICAL CENTER,hospital,89TH AVENUE AND VAN WYCK EXPRESSWAY,JAMAICA,NY,QUEENS,11418,40.701402739208,-73.816311112936,(718) 262-6000,Emergency services,CMS Hospital General Information,https://data.cms.gov/provider-data/dataset/xubh-q36u,2026-07-02,"Fields copied from the official CMS Hospital General Information CSV: facility name, address, city, state, ZIP code, county, phone, hospital type, ownership and emergency services flag. Hospital type: Acute Care Hospitals. Ownership: Voluntary non-profit - Private. Emergency services listed by CMS: Yes. Coordinates from the U.S. Census Bureau batch geocoder (Exact address match). CMS quality ratings and measures were intentionally not copied. Daily hours, prices and insurance details were not supplied by this intake.",330014,Hospital General Information,2026-07-02,2026-07-02,needs_review,"{""services"":{""field"":""services"",""status"":""source_backed"",""sourceUrl"":""https://data.cms.gov/provider-data/dataset/xubh-q36u"",""sourceTitle"":""CMS Hospital General Information"",""checkedDate"":""2026-07-02"",""sourceType"":""federal_open_data"",""locationSpecific"":true,""reviewerNote"":""Emergency services flag copied from the official CMS Hospital General Information row for this facility.""}}"
cms-330019,"NEW YORK COMMUNITY HOSPITAL OF BROOKLYN, INC.",hospital,2525 KINGS HIGHWAY,BROOKLYN,NY,KINGS,11229,40.613835408514,-73.948084054101,(718) 692-5302,Emergency services,CMS Hospital General Information,https://data.cms.gov/provider-data/dataset/xubh-q36u,2026-07-02,"Fields copied from the official CMS Hospital General Information CSV: facility name, address, city, state, ZIP code, county, phone, hospital type, ownership and emergency services flag. Hospital type: Acute Care Hospitals. Ownership: Voluntary non-profit - Private. Emergency services listed by CMS: Yes. Coordinates from the U.S. Census Bureau batch geocoder (Exact address match). CMS quality ratings and measures were intentionally not copied. Daily hours, prices and insurance details were not supplied by this intake.",330019,Hospital General Information,2026-07-02,2026-07-02,needs_review,"{""services"":{""field"":""services"",""status"":""source_backed"",""sourceUrl"":""https://data.cms.gov/provider-data/dataset/xubh-q36u"",""sourceTitle"":""CMS Hospital General Information"",""checkedDate"":""2026-07-02"",""sourceType"":""federal_open_data"",""locationSpecific"":true,""reviewerNote"":""Emergency services flag copied from the official CMS Hospital General Information row for this facility.""}}"
cms-330023,VASSAR BROTHERS MEDICAL CENTER,hospital,45 READE PLACE,POUGHKEEPSIE,NY,DUTCHESS,12601,41.694453108145,-73.935305515207,(845) 454-8500,Emergency services,CMS Hospital General Information,https://data.cms.gov/provider-data/dataset/xubh-q36u,2026-07-02,"Fields copied from the official CMS Hospital General Information CSV: facility name, address, city, state, ZIP code, county, phone, hospital type, ownership and emergency services flag. Hospital type: Acute Care Hospitals. Ownership: Voluntary non-profit - Private. Emergency services listed by CMS: Yes. Coordinates from the U.S. Census Bureau batch geocoder (Exact address match). CMS quality ratings and measures were intentionally not copied. Daily hours, prices and insurance details were not supplied by this intake.",330023,Hospital General Information,2026-07-02,2026-07-02,needs_review,"{""services"":{""field"":""services"",""status"":""source_backed"",""sourceUrl"":""https://data.cms.gov/provider-data/dataset/xubh-q36u"",""sourceTitle"":""CMS Hospital General Information"",""checkedDate"":""2026-07-02"",""sourceType"":""federal_open_data"",""locationSpecific"":true,""reviewerNote"":""Emergency services flag copied from the official CMS Hospital General Information row for this facility.""}}"
cms-330024,MOUNT SINAI HOSPITAL,hospital,ONE GUSTAVE L LEVY PLACE,NEW YORK,NY,NEW YORK,10029,40.790487973689,-73.953786284489,(212) 241-7981,Emergency services,CMS Hospital General Information,https://data.cms.gov/provider-data/dataset/xubh-q36u,2026-07-02,"Fields copied from the official CMS Hospital General Information CSV: facility name, address, city, state, ZIP code, county, phone, hospital type, ownership and emergency services flag. Hospital type: Acute Care Hospitals. Ownership: Voluntary non-profit - Private. Emergency services listed by CMS: Yes. Coordinates from the U.S. Census Bureau batch geocoder (Exact address match). CMS quality ratings and measures were intentionally not copied. Daily hours, prices and insurance details were not supplied by this intake.",330024,Hospital General Information,2026-07-02,2026-07-02,needs_review,"{""services"":{""field"":""services"",""status"":""source_backed"",""sourceUrl"":""https://data.cms.gov/provider-data/dataset/xubh-q36u"",""sourceTitle"":""CMS Hospital General Information"",""checkedDate"":""2026-07-02"",""sourceType"":""federal_open_data"",""locationSpecific"":true,""reviewerNote"":""Emergency services flag copied from the official CMS Hospital General Information row for this facility.""}}"
cms-330027,NASSAU UNIVERSITY MEDICAL CENTER,hospital,2201 HEMPSTEAD TURNPIKE,EAST MEADOW,NY,NASSAU,11554,40.725297323147,-73.555688804991,(516) 572-0123,Emergency services,CMS Hospital General Information,https://data.cms.gov/provider-data/dataset/xubh-q36u,2026-07-02,"Fields copied from the official CMS Hospital General Information CSV: facility name, address, city, state, ZIP code, county, phone, hospital type, ownership and emergency services flag. Hospital type: Acute Care Hospitals. Ownership: Government - State. Emergency services listed by CMS: Yes. Coordinates from the U.S. Census Bureau batch geocoder (Exact address match). CMS quality ratings and measures were intentionally not copied. Daily hours, prices and insurance details were not supplied by this intake.",330027,Hospital General Information,2026-07-02,2026-07-02,needs_review,"{""services"":{""field"":""services"",""status"":""source_backed"",""sourceUrl"":""https://data.cms.gov/provider-data/dataset/xubh-q36u"",""sourceTitle"":""CMS Hospital General Information"",""checkedDate"":""2026-07-02"",""sourceType"":""federal_open_data"",""locationSpecific"":true,""reviewerNote"":""Emergency services flag copied from the official CMS Hospital General Information row for this facility.""}}"
cms-330028,RICHMOND UNIVERSITY MEDICAL CENTER,hospital,355 BARD AVENUE,STATEN ISLAND,NY,RICHMOND,10310,40.635049908843,-74.106531979012,(718) 354-5047,Emergency services,CMS Hospital General Information,https://data.cms.gov/provider-data/dataset/xubh-q36u,2026-07-02,"Fields copied from the official CMS Hospital General Information CSV: facility name, address, city, state, ZIP code, county, phone, hospital type, ownership and emergency services flag. Hospital type: Acute Care Hospitals. Ownership: Voluntary non-profit - Private. Emergency services listed by CMS: Yes. Coordinates from the U.S. Census Bureau batch geocoder (Exact address match). CMS quality ratings and measures were intentionally not copied. Daily hours, prices and insurance details were not supplied by this intake.",330028,Hospital General Information,2026-07-02,2026-07-02,needs_review,"{""services"":{""field"":""services"",""status"":""source_backed"",""sourceUrl"":""https://data.cms.gov/provider-data/dataset/xubh-q36u"",""sourceTitle"":""CMS Hospital General Information"",""checkedDate"":""2026-07-02"",""sourceType"":""federal_open_data"",""locationSpecific"":true,""reviewerNote"":""Emergency services flag copied from the official CMS Hospital General Information row for this facility.""}}"
cms-330030,NEWARK-WAYNE COMMUNITY HOSPITAL,hospital,1200 DRIVING PARK AVENUE,NEWARK,NY,WAYNE,14513,43.059584124933,-77.100796432781,(315) 332-2022,Emergency services,CMS Hospital General Information,https://data.cms.gov/provider-data/dataset/xubh-q36u,2026-07-02,"Fields copied from the official CMS Hospital General Information CSV: facility name, address, city, state, ZIP code, county, phone, hospital type, ownership and emergency services flag. Hospital type: Acute Care Hospitals. Ownership: Voluntary non-profit - Private. Emergency services listed by CMS: Yes. Coordinates from the U.S. Census Bureau batch geocoder (Exact address match). CMS quality ratings and measures were intentionally not copied. Daily hours, prices and insurance details were not supplied by this intake.",330030,Hospital General Information,2026-07-02,2026-07-02,needs_review,"{""services"":{""field"":""services"",""status"":""source_backed"",""sourceUrl"":""https://data.cms.gov/provider-data/dataset/xubh-q36u"",""sourceTitle"":""CMS Hospital General Information"",""checkedDate"":""2026-07-02"",""sourceType"":""federal_open_data"",""locationSpecific"":true,""reviewerNote"":""Emergency services flag copied from the official CMS Hospital General Information row for this facility.""}}"
cms-330033,CHENANGO MEMORIAL HOSPITAL,hospital,179 NORTH BROAD STREET,NORWICH,NY,CHENANGO,13815,42.541028437359,-75.524701645311,(607) 337-4111,Emergency services,CMS Hospital General Information,https://data.cms.gov/provider-data/dataset/xubh-q36u,2026-07-02,"Fields copied from the official CMS Hospital General Information CSV: facility name, address, city, state, ZIP code, county, phone, hospital type, ownership and emergency services flag. Hospital type: Acute Care Hospitals. Ownership: Voluntary non-profit - Private. Emergency services listed by CMS: Yes. Coordinates from the U.S. Census Bureau batch geocoder (Exact address match). CMS quality ratings and measures were intentionally not copied. Daily hours, prices and insurance details were not supplied by this intake.",330033,Hospital General Information,2026-07-02,2026-07-02,needs_review,"{""services"":{""field"":""services"",""status"":""source_backed"",""sourceUrl"":""https://data.cms.gov/provider-data/dataset/xubh-q36u"",""sourceTitle"":""CMS Hospital General Information"",""checkedDate"":""2026-07-02"",""sourceType"":""federal_open_data"",""locationSpecific"":true,""reviewerNote"":""Emergency services flag copied from the official CMS Hospital General Information row for this facility.""}}"
cms-330043,NS/LIJ HS SOUTHSIDE HOSPITAL,hospital,301 EAST MAIN STREET,BAY SHORE,NY,SUFFOLK,11706,40.724889862631,-73.241013941334,(631) 968-3000,Emergency services,CMS Hospital General Information,https://data.cms.gov/provider-data/dataset/xubh-q36u,2026-07-02,"Fields copied from the official CMS Hospital General Information CSV: facility name, address, city, state, ZIP code, county, phone, hospital type, ownership and emergency services flag. Hospital type: Acute Care Hospitals. Ownership: Voluntary non-profit - Private. Emergency services listed by CMS: Yes. Coordinates from the U.S. Census Bureau batch geocoder (Exact address match). CMS quality ratings and measures were intentionally not copied. Daily hours, prices and insurance details were not supplied by this intake.",330043,Hospital General Information,2026-07-02,2026-07-02,needs_review,"{""services"":{""field"":""services"",""status"":""source_backed"",""sourceUrl"":""https://data.cms.gov/provider-data/dataset/xubh-q36u"",""sourceTitle"":""CMS Hospital General Information"",""checkedDate"":""2026-07-02"",""sourceType"":""federal_open_data"",""locationSpecific"":true,""reviewerNote"":""Emergency services flag copied from the official CMS Hospital General Information row for this facility.""}}"
cms-330044,WYNN HOSPITAL,hospital,1656 CHAMPLIN AVENUE,UTICA,NY,ONEIDA,13503,43.101654354805,-75.273867467079,(315) 624-6002,Emergency services,CMS Hospital General Information,https://data.cms.gov/provider-data/dataset/xubh-q36u,2026-07-02,"Fields copied from the official CMS Hospital General Information CSV: facility name, address, city, state, ZIP code, county, phone, hospital type, ownership and emergency services flag. Hospital type: Acute Care Hospitals. Ownership: Voluntary non-profit - Private. Emergency services listed by CMS: Yes. Coordinates from the U.S. Census Bureau batch geocoder (Non_Exact address match). CMS quality ratings and measures were intentionally not copied. Daily hours, prices and insurance details were not supplied by this intake.",330044,Hospital General Information,2026-07-02,2026-07-02,needs_review,"{""services"":{""field"":""services"",""status"":""source_backed"",""sourceUrl"":""https://data.cms.gov/provider-data/dataset/xubh-q36u"",""sourceTitle"":""CMS Hospital General Information"",""checkedDate"":""2026-07-02"",""sourceType"":""federal_open_data"",""locationSpecific"":true,""reviewerNote"":""Emergency services flag copied from the official CMS Hospital General Information row for this facility.""}}"
cms-330045,NS/LIJ HS HUNTINGTON HOSPITAL,hospital,270 PARK AVENUE,HUNTINGTON,NY,SUFFOLK,11743,40.880076824681,-73.417488758734,(631) 351-2000,Emergency services,CMS Hospital General Information,https://data.cms.gov/provider-data/dataset/xubh-q36u,2026-07-02,"Fields copied from the official CMS Hospital General Information CSV: facility name, address, city, state, ZIP code, county, phone, hospital type, ownership and emergency services flag. Hospital type: Acute Care Hospitals. Ownership: Voluntary non-profit - Private. Emergency services listed by CMS: Yes. Coordinates from the U.S. Census Bureau batch geocoder (Exact address match). CMS quality ratings and measures were intentionally not copied. Daily hours, prices and insurance details were not supplied by this intake.",330045,Hospital General Information,2026-07-02,2026-07-02,needs_review,"{""services"":{""field"":""services"",""status"":""source_backed"",""sourceUrl"":""https://data.cms.gov/provider-data/dataset/xubh-q36u"",""sourceTitle"":""CMS Hospital General Information"",""checkedDate"":""2026-07-02"",""sourceType"":""federal_open_data"",""locationSpecific"":true,""reviewerNote"":""Emergency services flag copied from the official CMS Hospital General Information row for this facility.""}}"
cms-330046,MOUNT SINAI WEST,hospital,1000 TENTH AVENUE,NEW YORK,NY,NEW YORK,10019,40.770079506677,-73.987771442474,(212) 523-4000,Emergency services,CMS Hospital General Information,https://data.cms.gov/provider-data/dataset/xubh-q36u,2026-07-02,"Fields copied from the official CMS Hospital General Information CSV: facility name, address, city, state, ZIP code, county, phone, hospital type, ownership and emergency services flag. Hospital type: Acute Care Hospitals. Ownership: Voluntary non-profit - Church. Emergency services listed by CMS: Yes. Coordinates from the U.S. Census Bureau batch geocoder (Exact address match). CMS quality ratings and measures were intentionally not copied. Daily hours, prices and insurance details were not supplied by this intake.",330046,Hospital General Information,2026-07-02,2026-07-02,needs_review,"{""services"":{""field"":""services"",""status"":""source_backed"",""sourceUrl"":""https://data.cms.gov/provider-data/dataset/xubh-q36u"",""sourceTitle"":""CMS Hospital General Information"",""checkedDate"":""2026-07-02"",""sourceType"":""federal_open_data"",""locationSpecific"":true,""reviewerNote"":""Emergency services flag copied from the official CMS Hospital General Information row for this facility.""}}"
cms-330047,ST MARY'S HEALTHCARE,hospital,427 GUY PARK AVENUE,AMSTERDAM,NY,MONTGOMERY,12010,42.954085720111,-74.217184149438,(518) 842-1900,Emergency services,CMS Hospital General Information,https://data.cms.gov/provider-data/dataset/xubh-q36u,2026-07-02,"Fields copied from the official CMS Hospital General Information CSV: facility name, address, city, state, ZIP code, county, phone, hospital type, ownership and emergency services flag. Hospital type: Acute Care Hospitals. Ownership: Voluntary non-profit - Private. Emergency services listed by CMS: Yes. Coordinates from the U.S. Census Bureau batch geocoder (Exact address match). CMS quality ratings and measures were intentionally not copied. Daily hours, prices and insurance details were not supplied by this intake.",330047,Hospital General Information,2026-07-02,2026-07-02,needs_review,"{""services"":{""field"":""services"",""status"":""source_backed"",""sourceUrl"":""https://data.cms.gov/provider-data/dataset/xubh-q36u"",""sourceTitle"":""CMS Hospital General Information"",""checkedDate"":""2026-07-02"",""sourceType"":""federal_open_data"",""locationSpecific"":true,""reviewerNote"":""Emergency services flag copied from the official CMS Hospital General Information row for this facility.""}}"
cms-330049,NORTHERN DUTCHESS HOSPITAL,hospital,6511 SPRINGBROOK AVENUE,RHINEBECK,NY,DUTCHESS,12572,41.937600763058,-73.909132036328,(845) 871-3391,Emergency services,CMS Hospital General Information,https://data.cms.gov/provider-data/dataset/xubh-q36u,2026-07-02,"Fields copied from the official CMS Hospital General Information CSV: facility name, address, city, state, ZIP code, county, phone, hospital type, ownership and emergency services flag. Hospital type: Acute Care Hospitals. Ownership: Voluntary non-profit - Private. Emergency services listed by CMS: Yes. Coordinates from the U.S. Census Bureau batch geocoder (Exact address match). CMS quality ratings and measures were intentionally not copied. Daily hours, prices and insurance details were not supplied by this intake.",330049,Hospital General Information,2026-07-02,2026-07-02,needs_review,"{""services"":{""field"":""services"",""status"":""source_backed"",""sourceUrl"":""https://data.cms.gov/provider-data/dataset/xubh-q36u"",""sourceTitle"":""CMS Hospital General Information"",""checkedDate"":""2026-07-02"",""sourceType"":""federal_open_data"",""locationSpecific"":true,""reviewerNote"":""Emergency services flag copied from the official CMS Hospital General Information row for this facility.""}}"
cms-330055,NEW YORK-PRESBYTERIAN/QUEENS,hospital,56-45 MAIN STREET,FLUSHING,NY,QUEENS,11355,40.74751163083,-73.826008500259,(718) 670-2000,Emergency services,CMS Hospital General Information,https://data.cms.gov/provider-data/dataset/xubh-q36u,2026-07-02,"Fields copied from the official CMS Hospital General Information CSV: facility name, address, city, state, ZIP code, county, phone, hospital type, ownership and emergency services flag. Hospital type: Acute Care Hospitals. Ownership: Voluntary non-profit - Private. Emergency services listed by CMS: Yes. Coordinates from the U.S. Census Bureau batch geocoder (Exact address match). CMS quality ratings and measures were intentionally not copied. Daily hours, prices and insurance details were not supplied by this intake.",330055,Hospital General Information,2026-07-02,2026-07-02,needs_review,"{""services"":{""field"":""services"",""status"":""source_backed"",""sourceUrl"":""https://data.cms.gov/provider-data/dataset/xubh-q36u"",""sourceTitle"":""CMS Hospital General Information"",""checkedDate"":""2026-07-02"",""sourceType"":""federal_open_data"",""locationSpecific"":true,""reviewerNote"":""Emergency services flag copied from the official CMS Hospital General Information row for this facility.""}}"
cms-330056,BROOKLYN HOSPITAL CENTER - DOWNTOWN CAMPUS,hospital,121 DEKALB AVENUE,BROOKLYN,NY,KINGS,11201,40.689645721451,-73.972208920166,(718) 250-8000,Emergency services,CMS Hospital General Information,https://data.cms.gov/provider-data/dataset/xubh-q36u,2026-07-02,"Fields copied from the official CMS Hospital General Information CSV: facility name, address, city, state, ZIP code, county, phone, hospital type, ownership and emergency services flag. Hospital type: Acute Care Hospitals. Ownership: Voluntary non-profit - Other. Emergency services listed by CMS: Yes. Coordinates from the U.S. Census Bureau batch geocoder (Non_Exact address match). CMS quality ratings and measures were intentionally not copied. Daily hours, prices and insurance details were not supplied by this intake.",330056,Hospital General Information,2026-07-02,2026-07-02,needs_review,"{""services"":{""field"":""services"",""status"":""source_backed"",""sourceUrl"":""https://data.cms.gov/provider-data/dataset/xubh-q36u"",""sourceTitle"":""CMS Hospital General Information"",""checkedDate"":""2026-07-02"",""sourceType"":""federal_open_data"",""locationSpecific"":true,""reviewerNote"":""Emergency services flag copied from the official CMS Hospital General Information row for this facility.""}}"
cms-330057,ST PETER'S HOSPITAL,hospital,315 SOUTH MANNING BOULEVARD,ALBANY,NY,ALBANY,12208,42.670997621075,-73.786483135365,(518) 525-1550,Emergency services,CMS Hospital General Information,https://data.cms.gov/provider-data/dataset/xubh-q36u,2026-07-02,"Fields copied from the official CMS Hospital General Information CSV: facility name, address, city, state, ZIP code, county, phone, hospital type, ownership and emergency services flag. Hospital type: Acute Care Hospitals. Ownership: Voluntary non-profit - Private. Emergency services listed by CMS: Yes. Coordinates from the U.S. Census Bureau batch geocoder (Non_Exact address match). CMS quality ratings and measures were intentionally not copied. Daily hours, prices and insurance details were not supplied by this intake.",330057,Hospital General Information,2026-07-02,2026-07-02,needs_review,"{""services"":{""field"":""services"",""status"":""source_backed"",""sourceUrl"":""https://data.cms.gov/provider-data/dataset/xubh-q36u"",""sourceTitle"":""CMS Hospital General Information"",""checkedDate"":""2026-07-02"",""sourceType"":""federal_open_data"",""locationSpecific"":true,""reviewerNote"":""Emergency services flag copied from the official CMS Hospital General Information row for this facility.""}}"
cms-330058,GENEVA GENERAL HOSPITAL,hospital,196 -198 NORTH STREET,GENEVA,NY,ONTARIO,14456,42.87575798805,-76.98817917446,(315) 787-4175,Emergency services,CMS Hospital General Information,https://data.cms.gov/provider-data/dataset/xubh-q36u,2026-07-02,"Fields copied from the official CMS Hospital General Information CSV: facility name, address, city, state, ZIP code, county, phone, hospital type, ownership and emergency services flag. Hospital type: Acute Care Hospitals. Ownership: Voluntary non-profit - Other. Emergency services listed by CMS: Yes. Coordinates from the U.S. Census Bureau batch geocoder (Non_Exact address match). CMS quality ratings and measures were intentionally not copied. Daily hours, prices and insurance details were not supplied by this intake.",330058,Hospital General Information,2026-07-02,2026-07-02,needs_review,"{""services"":{""field"":""services"",""status"":""source_backed"",""sourceUrl"":""https://data.cms.gov/provider-data/dataset/xubh-q36u"",""sourceTitle"":""CMS Hospital General Information"",""checkedDate"":""2026-07-02"",""sourceType"":""federal_open_data"",""locationSpecific"":true,""reviewerNote"":""Emergency services flag copied from the official CMS Hospital General Information row for this facility.""}}"
cms-330059,MONTEFIORE MEDICAL CENTER,hospital,111 EAST 210TH STREET,BRONX,NY,BRONX,10467,40.87998315045,-73.880738645183,(718) 920-4321,Emergency services,CMS Hospital General Information,https://data.cms.gov/provider-data/dataset/xubh-q36u,2026-07-02,"Fields copied from the official CMS Hospital General Information CSV: facility name, address, city, state, ZIP code, county, phone, hospital type, ownership and emergency services flag. Hospital type: Acute Care Hospitals. Ownership: Voluntary non-profit - Private. Emergency services listed by CMS: Yes. Coordinates from the U.S. Census Bureau batch geocoder (Exact address match). CMS quality ratings and measures were intentionally not copied. Daily hours, prices and insurance details were not supplied by this intake.",330059,Hospital General Information,2026-07-02,2026-07-02,needs_review,"{""services"":{""field"":""services"",""status"":""source_backed"",""sourceUrl"":""https://data.cms.gov/provider-data/dataset/xubh-q36u"",""sourceTitle"":""CMS Hospital General Information"",""checkedDate"":""2026-07-02"",""sourceType"":""federal_open_data"",""locationSpecific"":true,""reviewerNote"":""Emergency services flag copied from the official CMS Hospital General Information row for this facility.""}}"
cms-330060,"CARTHAGE AREA HOSPITAL, INC",hospital,1001 WEST ST,CARTHAGE,NY,JEFFERSON,13619,43.986233106494,-75.594812671823,(315) 493-1000,Emergency services,CMS Hospital General Information,https://data.cms.gov/provider-data/dataset/xubh-q36u,2026-07-02,"Fields copied from the official CMS Hospital General Information CSV: facility name, address, city, state, ZIP code, county, phone, hospital type, ownership and emergency services flag. Hospital type: Acute Care Hospitals. Ownership: Voluntary non-profit - Private. Emergency services listed by CMS: Yes. Coordinates from the U.S. Census Bureau batch geocoder (Exact address match). CMS quality ratings and measures were intentionally not copied. Daily hours, prices and insurance details were not supplied by this intake.",330060,Hospital General Information,2026-07-02,2026-07-02,needs_review,"{""services"":{""field"":""services"",""status"":""source_backed"",""sourceUrl"":""https://data.cms.gov/provider-data/dataset/xubh-q36u"",""sourceTitle"":""CMS Hospital General Information"",""checkedDate"":""2026-07-02"",""sourceType"":""federal_open_data"",""locationSpecific"":true,""reviewerNote"":""Emergency services flag copied from the official CMS Hospital General Information row for this facility.""}}"
cms-330065,NIAGARA FALLS MEMORIAL MEDICAL CENTER,hospital,621 TENTH STREET,NIAGARA FALLS,NY,NIAGARA,14302,43.093469486821,-79.05035073597,(716) 278-4000,Emergency services,CMS Hospital General Information,https://data.cms.gov/provider-data/dataset/xubh-q36u,2026-07-02,"Fields copied from the official CMS Hospital General Information CSV: facility name, address, city, state, ZIP code, county, phone, hospital type, ownership and emergency services flag. Hospital type: Acute Care Hospitals. Ownership: Voluntary non-profit - Private. Emergency services listed by CMS: Yes. Coordinates from the U.S. Census Bureau batch geocoder (Non_Exact address match). CMS quality ratings and measures were intentionally not copied. Daily hours, prices and insurance details were not supplied by this intake.",330065,Hospital General Information,2026-07-02,2026-07-02,needs_review,"{""services"":{""field"":""services"",""status"":""source_backed"",""sourceUrl"":""https://data.cms.gov/provider-data/dataset/xubh-q36u"",""sourceTitle"":""CMS Hospital General Information"",""checkedDate"":""2026-07-02"",""sourceType"":""federal_open_data"",""locationSpecific"":true,""reviewerNote"":""Emergency services flag copied from the official CMS Hospital General Information row for this facility.""}}"
cms-330073,UNITED MEMORIAL MEDICAL CENTER,hospital,127 NORTH STREET,BATAVIA,NY,GENESEE,14020,43.003978608118,-78.177071258485,(585) 343-6030,Emergency services,CMS Hospital General Information,https://data.cms.gov/provider-data/dataset/xubh-q36u,2026-07-02,"Fields copied from the official CMS Hospital General Information CSV: facility name, address, city, state, ZIP code, county, phone, hospital type, ownership and emergency services flag. Hospital type: Acute Care Hospitals. Ownership: Voluntary non-profit - Private. Emergency services listed by CMS: Yes. Coordinates from the U.S. Census Bureau batch geocoder (Exact address match). CMS quality ratings and measures were intentionally not copied. Daily hours, prices and insurance details were not supplied by this intake.",330073,Hospital General Information,2026-07-02,2026-07-02,needs_review,"{""services"":{""field"":""services"",""status"":""source_backed"",""sourceUrl"":""https://data.cms.gov/provider-data/dataset/xubh-q36u"",""sourceTitle"":""CMS Hospital General Information"",""checkedDate"":""2026-07-02"",""sourceType"":""federal_open_data"",""locationSpecific"":true,""reviewerNote"":""Emergency services flag copied from the official CMS Hospital General Information row for this facility.""}}"
cms-330074,F F THOMPSON HOSPITAL,hospital,350 PARRISH STREET,CANANDAIGUA,NY,ONTARIO,14424,42.87493223763,-77.290065937658,(585) 396-6000,Emergency services,CMS Hospital General Information,https://data.cms.gov/provider-data/dataset/xubh-q36u,2026-07-02,"Fields copied from the official CMS Hospital General Information CSV: facility name, address, city, state, ZIP code, county, phone, hospital type, ownership and emergency services flag. Hospital type: Acute Care Hospitals. Ownership: Voluntary non-profit - Private. Emergency services listed by CMS: Yes. Coordinates from the U.S. Census Bureau batch geocoder (Exact address match). CMS quality ratings and measures were intentionally not copied. Daily hours, prices and insurance details were not supplied by this intake.",330074,Hospital General Information,2026-07-02,2026-07-02,needs_review,"{""services"":{""field"":""services"",""status"":""source_backed"",""sourceUrl"":""https://data.cms.gov/provider-data/dataset/xubh-q36u"",""sourceTitle"":""CMS Hospital General Information"",""checkedDate"":""2026-07-02"",""sourceType"":""federal_open_data"",""locationSpecific"":true,""reviewerNote"":""Emergency services flag copied from the official CMS Hospital General Information row for this facility.""}}"
cms-330078,SISTERS OF CHARITY HOSPITAL,hospital,2157 MAIN STREET,BUFFALO,NY,ERIE,14214,42.929982871446,-78.848956203874,(716) 862-1000,Emergency services,CMS Hospital General Information,https://data.cms.gov/provider-data/dataset/xubh-q36u,2026-07-02,"Fields copied from the official CMS Hospital General Information CSV: facility name, address, city, state, ZIP code, county, phone, hospital type, ownership and emergency services flag. Hospital type: Acute Care Hospitals. Ownership: Voluntary non-profit - Private. Emergency services listed by CMS: Yes. Coordinates from the U.S. Census Bureau batch geocoder (Exact address match). CMS quality ratings and measures were intentionally not copied. Daily hours, prices and insurance details were not supplied by this intake.",330078,Hospital General Information,2026-07-02,2026-07-02,needs_review,"{""services"":{""field"":""services"",""status"":""source_backed"",""sourceUrl"":""https://data.cms.gov/provider-data/dataset/xubh-q36u"",""sourceTitle"":""CMS Hospital General Information"",""checkedDate"":""2026-07-02"",""sourceType"":""federal_open_data"",""locationSpecific"":true,""reviewerNote"":""Emergency services flag copied from the official CMS Hospital General Information row for this facility.""}}"
cms-330079,ADIRONDACK MEDICAL CENTER - SARANAC LAKE,hospital,"2233 STATE ROUTE 86, PO BOX 471",SARANAC LAKE,NY,FRANKLIN,12983,44.344294650797,-74.144471841341,(518) 891-4141,Emergency services,CMS Hospital General Information,https://data.cms.gov/provider-data/dataset/xubh-q36u,2026-07-02,"Fields copied from the official CMS Hospital General Information CSV: facility name, address, city, state, ZIP code, county, phone, hospital type, ownership and emergency services flag. Hospital type: Acute Care Hospitals. Ownership: Voluntary non-profit - Other. Emergency services listed by CMS: Yes. Coordinates from the U.S. Census Bureau batch geocoder (Non_Exact address match). CMS quality ratings and measures were intentionally not copied. Daily hours, prices and insurance details were not supplied by this intake.",330079,Hospital General Information,2026-07-02,2026-07-02,needs_review,"{""services"":{""field"":""services"",""status"":""source_backed"",""sourceUrl"":""https://data.cms.gov/provider-data/dataset/xubh-q36u"",""sourceTitle"":""CMS Hospital General Information"",""checkedDate"":""2026-07-02"",""sourceType"":""federal_open_data"",""locationSpecific"":true,""reviewerNote"":""Emergency services flag copied from the official CMS Hospital General Information row for this facility.""}}"
cms-330080,LINCOLN MEDICAL & MENTAL HEALTH CENTER,hospital,234 EAST 149TH STREET,BRONX,NY,BRONX,10451,40.817595424208,-73.923799149873,(718) 579-5000,Emergency services,CMS Hospital General Information,https://data.cms.gov/provider-data/dataset/xubh-q36u,2026-07-02,"Fields copied from the official CMS Hospital General Information CSV: facility name, address, city, state, ZIP code, county, phone, hospital type, ownership and emergency services flag. Hospital type: Acute Care Hospitals. Ownership: Government - Local. Emergency services listed by CMS: Yes. Coordinates from the U.S. Census Bureau batch geocoder (Exact address match). CMS quality ratings and measures were intentionally not copied. Daily hours, prices and insurance details were not supplied by this intake.",330080,Hospital General Information,2026-07-02,2026-07-02,needs_review,"{""services"":{""field"":""services"",""status"":""source_backed"",""sourceUrl"":""https://data.cms.gov/provider-data/dataset/xubh-q36u"",""sourceTitle"":""CMS Hospital General Information"",""checkedDate"":""2026-07-02"",""sourceType"":""federal_open_data"",""locationSpecific"":true,""reviewerNote"":""Emergency services flag copied from the official CMS Hospital General Information row for this facility.""}}"
cms-330085,AURELIA OSBORN FOX MEMORIAL HOSPITAL,hospital,ONE NORTON AVENUE,ONEONTA,NY,OTSEGO,13820,42.457406466038,-75.053273913257,(607) 432-2000,Emergency services,CMS Hospital General Information,https://data.cms.gov/provider-data/dataset/xubh-q36u,2026-07-02,"Fields copied from the official CMS Hospital General Information CSV: facility name, address, city, state, ZIP code, county, phone, hospital type, ownership and emergency services flag. Hospital type: Acute Care Hospitals. Ownership: Voluntary non-profit - Private. Emergency services listed by CMS: Yes. Coordinates from the U.S. Census Bureau batch geocoder (Exact address match). CMS quality ratings and measures were intentionally not copied. Daily hours, prices and insurance details were not supplied by this intake.",330085,Hospital General Information,2026-07-02,2026-07-02,needs_review,"{""services"":{""field"":""services"",""status"":""source_backed"",""sourceUrl"":""https://data.cms.gov/provider-data/dataset/xubh-q36u"",""sourceTitle"":""CMS Hospital General Information"",""checkedDate"":""2026-07-02"",""sourceType"":""federal_open_data"",""locationSpecific"":true,""reviewerNote"":""Emergency services flag copied from the official CMS Hospital General Information row for this facility.""}}"
cms-330086,MONTEFIORE MOUNT VERNON HOSPITAL,hospital,12 NORTH 7TH AVENUE,MOUNT VERNON,NY,WESTCHESTER,10550,40.912593980786,-73.840088814834,(914) 664-8000,Emergency services,CMS Hospital General Information,https://data.cms.gov/provider-data/dataset/xubh-q36u,2026-07-02,"Fields copied from the official CMS Hospital General Information CSV: facility name, address, city, state, ZIP code, county, phone, hospital type, ownership and emergency services flag. Hospital type: Acute Care Hospitals. Ownership: Voluntary non-profit - Private. Emergency services listed by CMS: Yes. Coordinates from the U.S. Census Bureau batch geocoder (Exact address match). CMS quality ratings and measures were intentionally not copied. Daily hours, prices and insurance details were not supplied by this intake.",330086,Hospital General Information,2026-07-02,2026-07-02,needs_review,"{""services"":{""field"":""services"",""status"":""source_backed"",""sourceUrl"":""https://data.cms.gov/provider-data/dataset/xubh-q36u"",""sourceTitle"":""CMS Hospital General Information"",""checkedDate"":""2026-07-02"",""sourceType"":""federal_open_data"",""locationSpecific"":true,""reviewerNote"":""Emergency services flag copied from the official CMS Hospital General Information row for this facility.""}}"
cms-330094,COLUMBIA MEMORIAL HOSPITAL,hospital,71 PROSPECT AVENUE,HUDSON,NY,COLUMBIA,12534,42.245786499849,-73.777999317659,(518) 828-7601,Emergency services,CMS Hospital General Information,https://data.cms.gov/provider-data/dataset/xubh-q36u,2026-07-02,"Fields copied from the official CMS Hospital General Information CSV: facility name, address, city, state, ZIP code, county, phone, hospital type, ownership and emergency services flag. Hospital type: Acute Care Hospitals. Ownership: Voluntary non-profit - Private. Emergency services listed by CMS: Yes. Coordinates from the U.S. Census Bureau batch geocoder (Exact address match). CMS quality ratings and measures were intentionally not copied. Daily hours, prices and insurance details were not supplied by this intake.",330094,Hospital General Information,2026-07-02,2026-07-02,needs_review,"{""services"":{""field"":""services"",""status"":""source_backed"",""sourceUrl"":""https://data.cms.gov/provider-data/dataset/xubh-q36u"",""sourceTitle"":""CMS Hospital General Information"",""checkedDate"":""2026-07-02"",""sourceType"":""federal_open_data"",""locationSpecific"":true,""reviewerNote"":""Emergency services flag copied from the official CMS Hospital General Information row for this facility.""}}"
cms-330096,JONES MEMORIAL HOSPITAL,hospital,191 NORTH MAIN STREET,WELLSVILLE,NY,ALLEGANY,14895,42.122985486077,-77.950085403057,(585) 593-1100,Emergency services,CMS Hospital General Information,https://data.cms.gov/provider-data/dataset/xubh-q36u,2026-07-02,"Fields copied from the official CMS Hospital General Information CSV: facility name, address, city, state, ZIP code, county, phone, hospital type, ownership and emergency services flag. Hospital type: Acute Care Hospitals. Ownership: Voluntary non-profit - Private. Emergency services listed by CMS: Yes. Coordinates from the U.S. Census Bureau batch geocoder (Exact address match). CMS quality ratings and measures were intentionally not copied. Daily hours, prices and insurance details were not supplied by this intake.",330096,Hospital General Information,2026-07-02,2026-07-02,needs_review,"{""services"":{""field"":""services"",""status"":""source_backed"",""sourceUrl"":""https://data.cms.gov/provider-data/dataset/xubh-q36u"",""sourceTitle"":""CMS Hospital General Information"",""checkedDate"":""2026-07-02"",""sourceType"":""federal_open_data"",""locationSpecific"":true,""reviewerNote"":""Emergency services flag copied from the official CMS Hospital General Information row for this facility.""}}"
cms-33009f,ALBANY VA MEDICAL CENTER,hospital,113 HOLLAND AVENUE,ALBANY,NY,ALBANY,12208,42.648637384865,-73.773697084697,(518) 626-5000,Emergency services,CMS Hospital General Information,https://data.cms.gov/provider-data/dataset/xubh-q36u,2026-07-02,"Fields copied from the official CMS Hospital General Information CSV: facility name, address, city, state, ZIP code, county, phone, hospital type, ownership and emergency services flag. Hospital type: Acute Care - Veterans Administration. Ownership: Veterans Health Administration. Emergency services listed by CMS: Yes. Coordinates from the U.S. Census Bureau batch geocoder (Exact address match). CMS quality ratings and measures were intentionally not copied. Daily hours, prices and insurance details were not supplied by this intake.",33009F,Hospital General Information,2026-07-02,2026-07-02,needs_review,"{""services"":{""field"":""services"",""status"":""source_backed"",""sourceUrl"":""https://data.cms.gov/provider-data/dataset/xubh-q36u"",""sourceTitle"":""CMS Hospital General Information"",""checkedDate"":""2026-07-02"",""sourceType"":""federal_open_data"",""locationSpecific"":true,""reviewerNote"":""Emergency services flag copied from the official CMS Hospital General Information row for this facility.""}}"
cms-330100,NY EYE AND EAR INFIRMARY OF MOUNT SINAI,hospital,230 SECOND AVE,NEW YORK,NY,NEW YORK,10003,40.732120793744,-73.985017970754,(212) 979-4000,,CMS Hospital General Information,https://data.cms.gov/provider-data/dataset/xubh-q36u,2026-07-02,"Fields copied from the official CMS Hospital General Information CSV: facility name, address, city, state, ZIP code, county, phone, hospital type, ownership and emergency services flag. Hospital type: Acute Care Hospitals. Ownership: Voluntary non-profit - Private. Emergency services listed by CMS: No. Coordinates from the U.S. Census Bureau batch geocoder (Exact address match). CMS quality ratings and measures were intentionally not copied. Daily hours, prices and insurance details were not supplied by this intake.",330100,Hospital General Information,2026-07-02,2026-07-02,needs_review,
cms-330101,NEW YORK-PRESBYTERIAN HOSPITAL,hospital,525 EAST 68TH STREET,NEW YORK,NY,NEW YORK,10065,40.764254134268,-73.955379234616,(212) 746-5454,Emergency services,CMS Hospital General Information,https://data.cms.gov/provider-data/dataset/xubh-q36u,2026-07-02,"Fields copied from the official CMS Hospital General Information CSV: facility name, address, city, state, ZIP code, county, phone, hospital type, ownership and emergency services flag. Hospital type: Acute Care Hospitals. Ownership: Voluntary non-profit - Private. Emergency services listed by CMS: Yes. Coordinates from the U.S. Census Bureau batch geocoder (Exact address match). CMS quality ratings and measures were intentionally not copied. Daily hours, prices and insurance details were not supplied by this intake.",330101,Hospital General Information,2026-07-02,2026-07-02,needs_review,"{""services"":{""field"":""services"",""status"":""source_backed"",""sourceUrl"":""https://data.cms.gov/provider-data/dataset/xubh-q36u"",""sourceTitle"":""CMS Hospital General Information"",""checkedDate"":""2026-07-02"",""sourceType"":""federal_open_data"",""locationSpecific"":true,""reviewerNote"":""Emergency services flag copied from the official CMS Hospital General Information row for this facility.""}}"
cms-330102,KENMORE MERCY HOSPITAL,hospital,2950 ELMWOOD AVENUE,KENMORE,NY,ERIE,14217,42.979187563006,-78.878740519849,(716) 447-6100,Emergency services,CMS Hospital General Information,https://data.cms.gov/provider-data/dataset/xubh-q36u,2026-07-02,"Fields copied from the official CMS Hospital General Information CSV: facility name, address, city, state, ZIP code, county, phone, hospital type, ownership and emergency services flag. Hospital type: Acute Care Hospitals. Ownership: Voluntary non-profit - Private. Emergency services listed by CMS: Yes. Coordinates from the U.S. Census Bureau batch geocoder (Exact address match). CMS quality ratings and measures were intentionally not copied. Daily hours, prices and insurance details were not supplied by this intake.",330102,Hospital General Information,2026-07-02,2026-07-02,needs_review,"{""services"":{""field"":""services"",""status"":""source_backed"",""sourceUrl"":""https://data.cms.gov/provider-data/dataset/xubh-q36u"",""sourceTitle"":""CMS Hospital General Information"",""checkedDate"":""2026-07-02"",""sourceType"":""federal_open_data"",""locationSpecific"":true,""reviewerNote"":""Emergency services flag copied from the official CMS Hospital General Information row for this facility.""}}"
cms-330103,OLEAN GENERAL HOSPITAL,hospital,515 MAIN STREET,OLEAN,NY,CATTARAUGUS,14760,42.089824048968,-78.426889170272,(716) 373-2600,Emergency services,CMS Hospital General Information,https://data.cms.gov/provider-data/dataset/xubh-q36u,2026-07-02,"Fields copied from the official CMS Hospital General Information CSV: facility name, address, city, state, ZIP code, county, phone, hospital type, ownership and emergency services flag. Hospital type: Acute Care Hospitals. Ownership: Proprietary. Emergency services listed by CMS: Yes. Coordinates from the U.S. Census Bureau batch geocoder (Exact address match). CMS quality ratings and measures were intentionally not copied. Daily hours, prices and insurance details were not supplied by this intake.",330103,Hospital General Information,2026-07-02,2026-07-02,needs_review,"{""services"":{""field"":""services"",""status"":""source_backed"",""sourceUrl"":""https://data.cms.gov/provider-data/dataset/xubh-q36u"",""sourceTitle"":""CMS Hospital General Information"",""checkedDate"":""2026-07-02"",""sourceType"":""federal_open_data"",""locationSpecific"":true,""reviewerNote"":""Emergency services flag copied from the official CMS Hospital General Information row for this facility.""}}"
cms-330104,NYACK HOSPITAL,hospital,160 NORTH MIDLAND AVENUE,NYACK,NY,ROCKLAND,10960,41.096697923076,-73.924787986734,(845) 348-2000,Emergency services,CMS Hospital General Information,https://data.cms.gov/provider-data/dataset/xubh-q36u,2026-07-02,"Fields copied from the official CMS Hospital General Information CSV: facility name, address, city, state, ZIP code, county, phone, hospital type, ownership and emergency services flag. Hospital type: Acute Care Hospitals. Ownership: Voluntary non-profit - Private. Emergency services listed by CMS: Yes. Coordinates from the U.S. Census Bureau batch geocoder (Exact address match). CMS quality ratings and measures were intentionally not copied. Daily hours, prices and insurance details were not supplied by this intake.",330104,Hospital General Information,2026-07-02,2026-07-02,needs_review,"{""services"":{""field"":""services"",""status"":""source_backed"",""sourceUrl"":""https://data.cms.gov/provider-data/dataset/xubh-q36u"",""sourceTitle"":""CMS Hospital General Information"",""checkedDate"":""2026-07-02"",""sourceType"":""federal_open_data"",""locationSpecific"":true,""reviewerNote"":""Emergency services flag copied from the official CMS Hospital General Information row for this facility.""}}"
cms-330106,NORTH SHORE UNIVERSITY HOSPITAL,hospital,300 COMMUNITY DRIVE,MANHASSET,NY,NASSAU,11030,40.776195413916,-73.702965680507,(516) 562-0100,Emergency services,CMS Hospital General Information,https://data.cms.gov/provider-data/dataset/xubh-q36u,2026-07-02,"Fields copied from the official CMS Hospital General Information CSV: facility name, address, city, state, ZIP code, county, phone, hospital type, ownership and emergency services flag. Hospital type: Acute Care Hospitals. Ownership: Voluntary non-profit - Private. Emergency services listed by CMS: Yes. Coordinates from the U.S. Census Bureau batch geocoder (Exact address match). CMS quality ratings and measures were intentionally not copied. Daily hours, prices and insurance details were not supplied by this intake.",330106,Hospital General Information,2026-07-02,2026-07-02,needs_review,"{""services"":{""field"":""services"",""status"":""source_backed"",""sourceUrl"":""https://data.cms.gov/provider-data/dataset/xubh-q36u"",""sourceTitle"":""CMS Hospital General Information"",""checkedDate"":""2026-07-02"",""sourceType"":""federal_open_data"",""locationSpecific"":true,""reviewerNote"":""Emergency services flag copied from the official CMS Hospital General Information row for this facility.""}}"
cms-330111,BERTRAND CHAFFEE HOSPITAL,hospital,224 EAST MAIN STREET,SPRINGVILLE,NY,ERIE,14141,42.508556023442,-78.658757082139,(716) 592-2871,Emergency services,CMS Hospital General Information,https://data.cms.gov/provider-data/dataset/xubh-q36u,2026-07-02,"Fields copied from the official CMS Hospital General Information CSV: facility name, address, city, state, ZIP code, county, phone, hospital type, ownership and emergency services flag. Hospital type: Acute Care Hospitals. Ownership: Voluntary non-profit - Private. Emergency services listed by CMS: Yes. Coordinates from the U.S. Census Bureau batch geocoder (Exact address match). CMS quality ratings and measures were intentionally not copied. Daily hours, prices and insurance details were not supplied by this intake.",330111,Hospital General Information,2026-07-02,2026-07-02,needs_review,"{""services"":{""field"":""services"",""status"":""source_backed"",""sourceUrl"":""https://data.cms.gov/provider-data/dataset/xubh-q36u"",""sourceTitle"":""CMS Hospital General Information"",""checkedDate"":""2026-07-02"",""sourceType"":""federal_open_data"",""locationSpecific"":true,""reviewerNote"":""Emergency services flag copied from the official CMS Hospital General Information row for this facility.""}}"
cms-330115,ONEIDA HEALTH HOSPITAL,hospital,321 GENESEE STREET,ONEIDA,NY,MADISON,13421,43.078767471995,-75.655172135372,(315) 363-6000,Emergency services,CMS Hospital General Information,https://data.cms.gov/provider-data/dataset/xubh-q36u,2026-07-02,"Fields copied from the official CMS Hospital General Information CSV: facility name, address, city, state, ZIP code, county, phone, hospital type, ownership and emergency services flag. Hospital type: Acute Care Hospitals. Ownership: Voluntary non-profit - Private. Emergency services listed by CMS: Yes. Coordinates from the U.S. Census Bureau batch geocoder (Exact address match). CMS quality ratings and measures were intentionally not copied. Daily hours, prices and insurance details were not supplied by this intake.",330115,Hospital General Information,2026-07-02,2026-07-02,needs_review,"{""services"":{""field"":""services"",""status"":""source_backed"",""sourceUrl"":""https://data.cms.gov/provider-data/dataset/xubh-q36u"",""sourceTitle"":""CMS Hospital General Information"",""checkedDate"":""2026-07-02"",""sourceType"":""federal_open_data"",""locationSpecific"":true,""reviewerNote"":""Emergency services flag copied from the official CMS Hospital General Information row for this facility.""}}"
cms-330119,LENOX HILL HOSPITAL,hospital,100 EAST 77TH STREET,NEW YORK,NY,NEW YORK,10075,40.774242911409,-73.96144674649,(212) 434-2000,Emergency services,CMS Hospital General Information,https://data.cms.gov/provider-data/dataset/xubh-q36u,2026-07-02,"Fields copied from the official CMS Hospital General Information CSV: facility name, address, city, state, ZIP code, county, phone, hospital type, ownership and emergency services flag. Hospital type: Acute Care Hospitals. Ownership: Voluntary non-profit - Private. Emergency services listed by CMS: Yes. Coordinates from the U.S. Census Bureau batch geocoder (Exact address match). CMS quality ratings and measures were intentionally not copied. Daily hours, prices and insurance details were not supplied by this intake.",330119,Hospital General Information,2026-07-02,2026-07-02,needs_review,"{""services"":{""field"":""services"",""status"":""source_backed"",""sourceUrl"":""https://data.cms.gov/provider-data/dataset/xubh-q36u"",""sourceTitle"":""CMS Hospital General Information"",""checkedDate"":""2026-07-02"",""sourceType"":""federal_open_data"",""locationSpecific"":true,""reviewerNote"":""Emergency services flag copied from the official CMS Hospital General Information row for this facility.""}}"
cms-330125,ROCHESTER GENERAL HOSPITAL,hospital,1425 PORTLAND AVENUE,ROCHESTER,NY,MONROE,14621,43.191055490179,-77.584403244091,(585) 922-4000,Emergency services,CMS Hospital General Information,https://data.cms.gov/provider-data/dataset/xubh-q36u,2026-07-02,"Fields copied from the official CMS Hospital General Information CSV: facility name, address, city, state, ZIP code, county, phone, hospital type, ownership and emergency services flag. Hospital type: Acute Care Hospitals. Ownership: Voluntary non-profit - Private. Emergency services listed by CMS: Yes. Coordinates from the U.S. Census Bureau batch geocoder (Exact address match). CMS quality ratings and measures were intentionally not copied. Daily hours, prices and insurance details were not supplied by this intake.",330125,Hospital General Information,2026-07-02,2026-07-02,needs_review,"{""services"":{""field"":""services"",""status"":""source_backed"",""sourceUrl"":""https://data.cms.gov/provider-data/dataset/xubh-q36u"",""sourceTitle"":""CMS Hospital General Information"",""checkedDate"":""2026-07-02"",""sourceType"":""federal_open_data"",""locationSpecific"":true,""reviewerNote"":""Emergency services flag copied from the official CMS Hospital General Information row for this facility.""}}"
cms-330126,GARNET HEALTH MEDICAL CENTER,hospital,707 EAST MAIN STREET,MIDDLETOWN,NY,ORANGE,10940,41.439924041835,-74.367512960961,(845) 343-2424,Emergency services,CMS Hospital General Information,https://data.cms.gov/provider-data/dataset/xubh-q36u,2026-07-02,"Fields copied from the official CMS Hospital General Information CSV: facility name, address, city, state, ZIP code, county, phone, hospital type, ownership and emergency services flag. Hospital type: Acute Care Hospitals. Ownership: Voluntary non-profit - Private. Emergency services listed by CMS: Yes. Coordinates from the U.S. Census Bureau batch geocoder (Exact address match). CMS quality ratings and measures were intentionally not copied. Daily hours, prices and insurance details were not supplied by this intake.",330126,Hospital General Information,2026-07-02,2026-07-02,needs_review,"{""services"":{""field"":""services"",""status"":""source_backed"",""sourceUrl"":""https://data.cms.gov/provider-data/dataset/xubh-q36u"",""sourceTitle"":""CMS Hospital General Information"",""checkedDate"":""2026-07-02"",""sourceType"":""federal_open_data"",""locationSpecific"":true,""reviewerNote"":""Emergency services flag copied from the official CMS Hospital General Information row for this facility.""}}"
cms-330127,JACOBI MEDICAL CENTER,hospital,1400 PELHAM PARKWAY SOUTH,BRONX,NY,BRONX,10461,40.857447720384,-73.84764511868,(718) 918-5000,Emergency services,CMS Hospital General Information,https://data.cms.gov/provider-data/dataset/xubh-q36u,2026-07-02,"Fields copied from the official CMS Hospital General Information CSV: facility name, address, city, state, ZIP code, county, phone, hospital type, ownership and emergency services flag. Hospital type: Acute Care Hospitals. Ownership: Government - Local. Emergency services listed by CMS: Yes. Coordinates from the U.S. Census Bureau batch geocoder (Exact address match). CMS quality ratings and measures were intentionally not copied. Daily hours, prices and insurance details were not supplied by this intake.",330127,Hospital General Information,2026-07-02,2026-07-02,needs_review,"{""services"":{""field"":""services"",""status"":""source_backed"",""sourceUrl"":""https://data.cms.gov/provider-data/dataset/xubh-q36u"",""sourceTitle"":""CMS Hospital General Information"",""checkedDate"":""2026-07-02"",""sourceType"":""federal_open_data"",""locationSpecific"":true,""reviewerNote"":""Emergency services flag copied from the official CMS Hospital General Information row for this facility.""}}"
cms-33012f,UPSTATE NEW YORK VA HEALTHCARE SYSTEM (WESTERN NY VA HEALTHCARE SYSTEM),hospital,3495 BAILEY AVENUE,BUFFALO,NY,ERIE,14215,42.953532061216,-78.813709942127,(716) 862-3611,Emergency services,CMS Hospital General Information,https://data.cms.gov/provider-data/dataset/xubh-q36u,2026-07-02,"Fields copied from the official CMS Hospital General Information CSV: facility name, address, city, state, ZIP code, county, phone, hospital type, ownership and emergency services flag. Hospital type: Acute Care - Veterans Administration. Ownership: Veterans Health Administration. Emergency services listed by CMS: Yes. Coordinates from the U.S. Census Bureau batch geocoder (Exact address match). CMS quality ratings and measures were intentionally not copied. Daily hours, prices and insurance details were not supplied by this intake.",33012F,Hospital General Information,2026-07-02,2026-07-02,needs_review,"{""services"":{""field"":""services"",""status"":""source_backed"",""sourceUrl"":""https://data.cms.gov/provider-data/dataset/xubh-q36u"",""sourceTitle"":""CMS Hospital General Information"",""checkedDate"":""2026-07-02"",""sourceType"":""federal_open_data"",""locationSpecific"":true,""reviewerNote"":""Emergency services flag copied from the official CMS Hospital General Information row for this facility.""}}"
cms-330135,BON SECOURS COMMUNITY HOSPITAL,hospital,160 EAST MAIN STREET,PORT JERVIS,NY,ORANGE,12771,41.367268520583,-74.682676157617,(845) 856-5351,Emergency services,CMS Hospital General Information,https://data.cms.gov/provider-data/dataset/xubh-q36u,2026-07-02,"Fields copied from the official CMS Hospital General Information CSV: facility name, address, city, state, ZIP code, county, phone, hospital type, ownership and emergency services flag. Hospital type: Acute Care Hospitals. Ownership: Voluntary non-profit - Private. Emergency services listed by CMS: Yes. Coordinates from the U.S. Census Bureau batch geocoder (Non_Exact address match). CMS quality ratings and measures were intentionally not copied. Daily hours, prices and insurance details were not supplied by this intake.",330135,Hospital General Information,2026-07-02,2026-07-02,needs_review,"{""services"":{""field"":""services"",""status"":""source_backed"",""sourceUrl"":""https://data.cms.gov/provider-data/dataset/xubh-q36u"",""sourceTitle"":""CMS Hospital General Information"",""checkedDate"":""2026-07-02"",""sourceType"":""federal_open_data"",""locationSpecific"":true,""reviewerNote"":""Emergency services flag copied from the official CMS Hospital General Information row for this facility.""}}"
cms-330136,BASSETT HEALTHCARE,hospital,ONE ATWELL ROAD,COOPERSTOWN,NY,OTSEGO,13326,42.69610879283,-74.924046528492,(607) 547-3456,Emergency services,CMS Hospital General Information,https://data.cms.gov/provider-data/dataset/xubh-q36u,2026-07-02,"Fields copied from the official CMS Hospital General Information CSV: facility name, address, city, state, ZIP code, county, phone, hospital type, ownership and emergency services flag. Hospital type: Acute Care Hospitals. Ownership: Voluntary non-profit - Private. Emergency services listed by CMS: Yes. Coordinates from the U.S. Census Bureau batch geocoder (Exact address match). CMS quality ratings and measures were intentionally not copied. Daily hours, prices and insurance details were not supplied by this intake.",330136,Hospital General Information,2026-07-02,2026-07-02,needs_review,"{""services"":{""field"":""services"",""status"":""source_backed"",""sourceUrl"":""https://data.cms.gov/provider-data/dataset/xubh-q36u"",""sourceTitle"":""CMS Hospital General Information"",""checkedDate"":""2026-07-02"",""sourceType"":""federal_open_data"",""locationSpecific"":true,""reviewerNote"":""Emergency services flag copied from the official CMS Hospital General Information row for this facility.""}}"
cms-330140,ST JOSEPH'S HOSPITAL HEALTH CENTER,hospital,301 PROSPECT AVENUE,SYRACUSE,NY,ONONDAGA,13203,43.055148533131,-76.148914180421,(315) 448-5111,Emergency services,CMS Hospital General Information,https://data.cms.gov/provider-data/dataset/xubh-q36u,2026-07-02,"Fields copied from the official CMS Hospital General Information CSV: facility name, address, city, state, ZIP code, county, phone, hospital type, ownership and emergency services flag. Hospital type: Acute Care Hospitals. Ownership: Voluntary non-profit - Church. Emergency services listed by CMS: Yes. Coordinates from the U.S. Census Bureau batch geocoder (Exact address match). CMS quality ratings and measures were intentionally not copied. Daily hours, prices and insurance details were not supplied by this intake.",330140,Hospital General Information,2026-07-02,2026-07-02,needs_review,"{""services"":{""field"":""services"",""status"":""source_backed"",""sourceUrl"":""https://data.cms.gov/provider-data/dataset/xubh-q36u"",""sourceTitle"":""CMS Hospital General Information"",""checkedDate"":""2026-07-02"",""sourceType"":""federal_open_data"",""locationSpecific"":true,""reviewerNote"":""Emergency services flag copied from the official CMS Hospital General Information row for this facility.""}}"
cms-330141,LONG ISLAND COMMUNITY HOSPITAL,hospital,101 HOSPITAL ROAD,PATCHOGUE,NY,SUFFOLK,11772,40.78033948522,-72.978165126072,(631) 654-7100,Emergency services,CMS Hospital General Information,https://data.cms.gov/provider-data/dataset/xubh-q36u,2026-07-02,"Fields copied from the official CMS Hospital General Information CSV: facility name, address, city, state, ZIP code, county, phone, hospital type, ownership and emergency services flag. Hospital type: Acute Care Hospitals. Ownership: Voluntary non-profit - Private. Emergency services listed by CMS: Yes. Coordinates from the U.S. Census Bureau batch geocoder (Exact address match). CMS quality ratings and measures were intentionally not copied. Daily hours, prices and insurance details were not supplied by this intake.",330141,Hospital General Information,2026-07-02,2026-07-02,needs_review,"{""services"":{""field"":""services"",""status"":""source_backed"",""sourceUrl"":""https://data.cms.gov/provider-data/dataset/xubh-q36u"",""sourceTitle"":""CMS Hospital General Information"",""checkedDate"":""2026-07-02"",""sourceType"":""federal_open_data"",""locationSpecific"":true,""reviewerNote"":""Emergency services flag copied from the official CMS Hospital General Information row for this facility.""}}"
cms-330151,ST JAMES HOSPITAL,hospital,411 CANISTEO STREET,HORNELL,NY,STEUBEN,14843,42.314423093728,-77.660166334127,(607) 324-8000,Emergency services,CMS Hospital General Information,https://data.cms.gov/provider-data/dataset/xubh-q36u,2026-07-02,"Fields copied from the official CMS Hospital General Information CSV: facility name, address, city, state, ZIP code, county, phone, hospital type, ownership and emergency services flag. Hospital type: Acute Care Hospitals. Ownership: Voluntary non-profit - Private. Emergency services listed by CMS: Yes. Coordinates from the U.S. Census Bureau batch geocoder (Exact address match). CMS quality ratings and measures were intentionally not copied. Daily hours, prices and insurance details were not supplied by this intake.",330151,Hospital General Information,2026-07-02,2026-07-02,needs_review,"{""services"":{""field"":""services"",""status"":""source_backed"",""sourceUrl"":""https://data.cms.gov/provider-data/dataset/xubh-q36u"",""sourceTitle"":""CMS Hospital General Information"",""checkedDate"":""2026-07-02"",""sourceType"":""federal_open_data"",""locationSpecific"":true,""reviewerNote"":""Emergency services flag copied from the official CMS Hospital General Information row for this facility.""}}"
cms-330153,ELLIS HOSPITAL,hospital,1101 NOTT STREET,SCHENECTADY,NY,SCHENECTADY,12308,42.819880755805,-73.919020617788,(518) 243-4196,Emergency services,CMS Hospital General Information,https://data.cms.gov/provider-data/dataset/xubh-q36u,2026-07-02,"Fields copied from the official CMS Hospital General Information CSV: facility name, address, city, state, ZIP code, county, phone, hospital type, ownership and emergency services flag. Hospital type: Acute Care Hospitals. Ownership: Voluntary non-profit - Private. Emergency services listed by CMS: Yes. Coordinates from the U.S. Census Bureau batch geocoder (Exact address match). CMS quality ratings and measures were intentionally not copied. Daily hours, prices and insurance details were not supplied by this intake.",330153,Hospital General Information,2026-07-02,2026-07-02,needs_review,"{""services"":{""field"":""services"",""status"":""source_backed"",""sourceUrl"":""https://data.cms.gov/provider-data/dataset/xubh-q36u"",""sourceTitle"":""CMS Hospital General Information"",""checkedDate"":""2026-07-02"",""sourceType"":""federal_open_data"",""locationSpecific"":true,""reviewerNote"":""Emergency services flag copied from the official CMS Hospital General Information row for this facility.""}}"
cms-330157,SAMARITAN MEDICAL CENTER,hospital,830 WASHINGTON STREET,WATERTOWN,NY,JEFFERSON,13601,43.964735854471,-75.912846284078,(315) 785-4000,Emergency services,CMS Hospital General Information,https://data.cms.gov/provider-data/dataset/xubh-q36u,2026-07-02,"Fields copied from the official CMS Hospital General Information CSV: facility name, address, city, state, ZIP code, county, phone, hospital type, ownership and emergency services flag. Hospital type: Acute Care Hospitals. Ownership: Voluntary non-profit - Private. Emergency services listed by CMS: Yes. Coordinates from the U.S. Census Bureau batch geocoder (Exact address match). CMS quality ratings and measures were intentionally not copied. Daily hours, prices and insurance details were not supplied by this intake.",330157,Hospital General Information,2026-07-02,2026-07-02,needs_review,"{""services"":{""field"":""services"",""status"":""source_backed"",""sourceUrl"":""https://data.cms.gov/provider-data/dataset/xubh-q36u"",""sourceTitle"":""CMS Hospital General Information"",""checkedDate"":""2026-07-02"",""sourceType"":""federal_open_data"",""locationSpecific"":true,""reviewerNote"":""Emergency services flag copied from the official CMS Hospital General Information row for this facility.""}}"
cms-330158,GOOD SAMARITAN HOSPITAL OF SUFFERN,hospital,255 LAFAYETTE AVENUE,SUFFERN,NY,ROCKLAND,10901,41.112159374584,-74.13392053312,(914) 368-5000,Emergency services,CMS Hospital General Information,https://data.cms.gov/provider-data/dataset/xubh-q36u,2026-07-02,"Fields copied from the official CMS Hospital General Information CSV: facility name, address, city, state, ZIP code, county, phone, hospital type, ownership and emergency services flag. Hospital type: Acute Care Hospitals. Ownership: Voluntary non-profit - Private. Emergency services listed by CMS: Yes. Coordinates from the U.S. Census Bureau batch geocoder (Exact address match). CMS quality ratings and measures were intentionally not copied. Daily hours, prices and insurance details were not supplied by this intake.",330158,Hospital General Information,2026-07-02,2026-07-02,needs_review,"{""services"":{""field"":""services"",""status"":""source_backed"",""sourceUrl"":""https://data.cms.gov/provider-data/dataset/xubh-q36u"",""sourceTitle"":""CMS Hospital General Information"",""checkedDate"":""2026-07-02"",""sourceType"":""federal_open_data"",""locationSpecific"":true,""reviewerNote"":""Emergency services flag copied from the official CMS Hospital General Information row for this facility.""}}"
cms-33015f,VA HUDSON VALLEY HEALTHCARE SYSTEM,hospital,2094 ALBANY POST ROAD,MONTROSE,NY,WESTCHESTER,10548,41.245115841414,-73.92643658473,(914) 737-4400,,CMS Hospital General Information,https://data.cms.gov/provider-data/dataset/xubh-q36u,2026-07-02,"Fields copied from the official CMS Hospital General Information CSV: facility name, address, city, state, ZIP code, county, phone, hospital type, ownership and emergency services flag. Hospital type: Acute Care - Veterans Administration. Ownership: Veterans Health Administration. Emergency services listed by CMS: No. Coordinates from the U.S. Census Bureau batch geocoder (Exact address match). CMS quality ratings and measures were intentionally not copied. Daily hours, prices and insurance details were not supplied by this intake.",33015F,Hospital General Information,2026-07-02,2026-07-02,needs_review,
cms-330160,STATEN ISLAND UNIVERSITY HOSPITAL,hospital,475 SEAVIEW AVENUE,STATEN ISLAND,NY,RICHMOND,10305,40.583752169868,-74.08643578576,(418) 226-9761,Emergency services,CMS Hospital General Information,https://data.cms.gov/provider-data/dataset/xubh-q36u,2026-07-02,"Fields copied from the official CMS Hospital General Information CSV: facility name, address, city, state, ZIP code, county, phone, hospital type, ownership and emergency services flag. Hospital type: Acute Care Hospitals. Ownership: Voluntary non-profit - Private. Emergency services listed by CMS: Yes. Coordinates from the U.S. Census Bureau batch geocoder (Exact address match). CMS quality ratings and measures were intentionally not copied. Daily hours, prices and insurance details were not supplied by this intake.",330160,Hospital General Information,2026-07-02,2026-07-02,needs_review,"{""services"":{""field"":""services"",""status"":""source_backed"",""sourceUrl"":""https://data.cms.gov/provider-data/dataset/xubh-q36u"",""sourceTitle"":""CMS Hospital General Information"",""checkedDate"":""2026-07-02"",""sourceType"":""federal_open_data"",""locationSpecific"":true,""reviewerNote"":""Emergency services flag copied from the official CMS Hospital General Information row for this facility.""}}"
cms-330162,NORTHERN WESTCHESTER HOSPITAL,hospital,400 EAST MAIN STREET,MOUNT KISCO,NY,WESTCHESTER,10549,41.196123617346,-73.724769570376,(914) 666-1200,Emergency services,CMS Hospital General Information,https://data.cms.gov/provider-data/dataset/xubh-q36u,2026-07-02,"Fields copied from the official CMS Hospital General Information CSV: facility name, address, city, state, ZIP code, county, phone, hospital type, ownership and emergency services flag. Hospital type: Acute Care Hospitals. Ownership: Voluntary non-profit - Private. Emergency services listed by CMS: Yes. Coordinates from the U.S. Census Bureau batch geocoder (Exact address match). CMS quality ratings and measures were intentionally not copied. Daily hours, prices and insurance details were not supplied by this intake.",330162,Hospital General Information,2026-07-02,2026-07-02,needs_review,"{""services"":{""field"":""services"",""status"":""source_backed"",""sourceUrl"":""https://data.cms.gov/provider-data/dataset/xubh-q36u"",""sourceTitle"":""CMS Hospital General Information"",""checkedDate"":""2026-07-02"",""sourceType"":""federal_open_data"",""locationSpecific"":true,""reviewerNote"":""Emergency services flag copied from the official CMS Hospital General Information row for this facility.""}}"
cms-330164,HIGHLAND HOSPITAL,hospital,1000 SOUTH AVENUE,ROCHESTER,NY,MONROE,14617,43.135220069877,-77.607644430179,(585) 341-6711,Emergency services,CMS Hospital General Information,https://data.cms.gov/provider-data/dataset/xubh-q36u,2026-07-02,"Fields copied from the official CMS Hospital General Information CSV: facility name, address, city, state, ZIP code, county, phone, hospital type, ownership and emergency services flag. Hospital type: Acute Care Hospitals. Ownership: Voluntary non-profit - Private. Emergency services listed by CMS: Yes. Coordinates from the U.S. Census Bureau batch geocoder (Non_Exact address match). CMS quality ratings and measures were intentionally not copied. Daily hours, prices and insurance details were not supplied by this intake.",330164,Hospital General Information,2026-07-02,2026-07-02,needs_review,"{""services"":{""field"":""services"",""status"":""source_backed"",""sourceUrl"":""https://data.cms.gov/provider-data/dataset/xubh-q36u"",""sourceTitle"":""CMS Hospital General Information"",""checkedDate"":""2026-07-02"",""sourceType"":""federal_open_data"",""locationSpecific"":true,""reviewerNote"":""Emergency services flag copied from the official CMS Hospital General Information row for this facility.""}}"
cms-330166,"WESTFIELD MEMORIAL HOSPITAL, INC",hospital,189 EAST MAIN STREET,WESTFIELD,NY,CHAUTAUQUA,14787,42.159381645362,-79.589208331653,(716) 326-4921,Emergency services,CMS Hospital General Information,https://data.cms.gov/provider-data/dataset/xubh-q36u,2026-07-02,"Fields copied from the official CMS Hospital General Information CSV: facility name, address, city, state, ZIP code, county, phone, hospital type, ownership and emergency services flag. Hospital type: Acute Care Hospitals. Ownership: Voluntary non-profit - Private. Emergency services listed by CMS: Yes. Coordinates from the U.S. Census Bureau batch geocoder (Exact address match). CMS quality ratings and measures were intentionally not copied. Daily hours, prices and insurance details were not supplied by this intake.",330166,Hospital General Information,2026-07-02,2026-07-02,needs_review,"{""services"":{""field"":""services"",""status"":""source_backed"",""sourceUrl"":""https://data.cms.gov/provider-data/dataset/xubh-q36u"",""sourceTitle"":""CMS Hospital General Information"",""checkedDate"":""2026-07-02"",""sourceType"":""federal_open_data"",""locationSpecific"":true,""reviewerNote"":""Emergency services flag copied from the official CMS Hospital General Information row for this facility.""}}"
cms-330169,MOUNT SINAI BETH ISRAEL,hospital,281 1ST AVE,NEW YORK,NY,NEW YORK,10003,40.732719429069,-73.981590434605,(212) 420-2000,Emergency services,CMS Hospital General Information,https://data.cms.gov/provider-data/dataset/xubh-q36u,2026-07-02,"Fields copied from the official CMS Hospital General Information CSV: facility name, address, city, state, ZIP code, county, phone, hospital type, ownership and emergency services flag. Hospital type: Acute Care Hospitals. Ownership: Voluntary non-profit - Private. Emergency services listed by CMS: Yes. Coordinates from the U.S. Census Bureau batch geocoder (Exact address match). CMS quality ratings and measures were intentionally not copied. Daily hours, prices and insurance details were not supplied by this intake.",330169,Hospital General Information,2026-07-02,2026-07-02,needs_review,"{""services"":{""field"":""services"",""status"":""source_backed"",""sourceUrl"":""https://data.cms.gov/provider-data/dataset/xubh-q36u"",""sourceTitle"":""CMS Hospital General Information"",""checkedDate"":""2026-07-02"",""sourceType"":""federal_open_data"",""locationSpecific"":true,""reviewerNote"":""Emergency services flag copied from the official CMS Hospital General Information row for this facility.""}}"
cms-33016f,BRONX VA MEDICAL CENTER,hospital,130 WEST KINGSBRIDGE ROAD,BRONX,NY,BRONX,10468,40.869132170531,-73.903161480917,(718) 584-9000,Emergency services,CMS Hospital General Information,https://data.cms.gov/provider-data/dataset/xubh-q36u,2026-07-02,"Fields copied from the official CMS Hospital General Information CSV: facility name, address, city, state, ZIP code, county, phone, hospital type, ownership and emergency services flag. Hospital type: Acute Care - Veterans Administration. Ownership: Veterans Health Administration. Emergency services listed by CMS: Yes. Coordinates from the U.S. Census Bureau batch geocoder (Exact address match). CMS quality ratings and measures were intentionally not copied. Daily hours, prices and insurance details were not supplied by this intake.",33016F,Hospital General Information,2026-07-02,2026-07-02,needs_review,"{""services"":{""field"":""services"",""status"":""source_backed"",""sourceUrl"":""https://data.cms.gov/provider-data/dataset/xubh-q36u"",""sourceTitle"":""CMS Hospital General Information"",""checkedDate"":""2026-07-02"",""sourceType"":""federal_open_data"",""locationSpecific"":true,""reviewerNote"":""Emergency services flag copied from the official CMS Hospital General Information row for this facility.""}}"
cms-330175,GUTHRIE CORTLAND REGIONAL MEDICAL CENTER,hospital,134 HOMER AVENUE,CORTLAND,NY,CORTLAND,13045,42.606677738125,-76.18599529683,(607) 756-3501,Emergency services,CMS Hospital General Information,https://data.cms.gov/provider-data/dataset/xubh-q36u,2026-07-02,"Fields copied from the official CMS Hospital General Information CSV: facility name, address, city, state, ZIP code, county, phone, hospital type, ownership and emergency services flag. Hospital type: Acute Care Hospitals. Ownership: Voluntary non-profit - Private. Emergency services listed by CMS: Yes. Coordinates from the U.S. Census Bureau batch geocoder (Exact address match). CMS quality ratings and measures were intentionally not copied. Daily hours, prices and insurance details were not supplied by this intake.",330175,Hospital General Information,2026-07-02,2026-07-02,needs_review,"{""services"":{""field"":""services"",""status"":""source_backed"",""sourceUrl"":""https://data.cms.gov/provider-data/dataset/xubh-q36u"",""sourceTitle"":""CMS Hospital General Information"",""checkedDate"":""2026-07-02"",""sourceType"":""federal_open_data"",""locationSpecific"":true,""reviewerNote"":""Emergency services flag copied from the official CMS Hospital General Information row for this facility.""}}"
cms-33017f,VA NEW YORK HARBOR HEALTHCARE SYSTEM - NY DIV.,hospital,423 EAST 23RD STREET,NEW YORK,NY,NEW YORK,10010,40.736623416383,-73.97796490838,(212) 686-7500,Emergency services,CMS Hospital General Information,https://data.cms.gov/provider-data/dataset/xubh-q36u,2026-07-02,"Fields copied from the official CMS Hospital General Information CSV: facility name, address, city, state, ZIP code, county, phone, hospital type, ownership and emergency services flag. Hospital type: Acute Care - Veterans Administration. Ownership: Veterans Health Administration. Emergency services listed by CMS: Yes. Coordinates from the U.S. Census Bureau batch geocoder (Exact address match). CMS quality ratings and measures were intentionally not copied. Daily hours, prices and insurance details were not supplied by this intake.",33017F,Hospital General Information,2026-07-02,2026-07-02,needs_review,"{""services"":{""field"":""services"",""status"":""source_backed"",""sourceUrl"":""https://data.cms.gov/provider-data/dataset/xubh-q36u"",""sourceTitle"":""CMS Hospital General Information"",""checkedDate"":""2026-07-02"",""sourceType"":""federal_open_data"",""locationSpecific"":true,""reviewerNote"":""Emergency services flag copied from the official CMS Hospital General Information row for this facility.""}}"
cms-330180,"SAMARITAN HOSPITAL OF TROY, NEW YORK",hospital,2215 BURDETT AVENUE,TROY,NY,RENSSELAER,12180,42.734097113137,-73.671327299122,(518) 427-3402,Emergency services,CMS Hospital General Information,https://data.cms.gov/provider-data/dataset/xubh-q36u,2026-07-02,"Fields copied from the official CMS Hospital General Information CSV: facility name, address, city, state, ZIP code, county, phone, hospital type, ownership and emergency services flag. Hospital type: Acute Care Hospitals. Ownership: Voluntary non-profit - Private. Emergency services listed by CMS: Yes. Coordinates from the U.S. Census Bureau batch geocoder (Exact address match). CMS quality ratings and measures were intentionally not copied. Daily hours, prices and insurance details were not supplied by this intake.",330180,Hospital General Information,2026-07-02,2026-07-02,needs_review,"{""services"":{""field"":""services"",""status"":""source_backed"",""sourceUrl"":""https://data.cms.gov/provider-data/dataset/xubh-q36u"",""sourceTitle"":""CMS Hospital General Information"",""checkedDate"":""2026-07-02"",""sourceType"":""federal_open_data"",""locationSpecific"":true,""reviewerNote"":""Emergency services flag copied from the official CMS Hospital General Information row for this facility.""}}"
cms-330181,NORTHWELL HOSPITAL GLEN COVE,hospital,101 ST ANDREWS LANE,GLEN COVE,NY,NASSAU,11542,40.871735751045,-73.621499972296,(516) 674-7300,Emergency services,CMS Hospital General Information,https://data.cms.gov/provider-data/dataset/xubh-q36u,2026-07-02,"Fields copied from the official CMS Hospital General Information CSV: facility name, address, city, state, ZIP code, county, phone, hospital type, ownership and emergency services flag. Hospital type: Acute Care Hospitals. Ownership: Voluntary non-profit - Private. Emergency services listed by CMS: Yes. Coordinates from the U.S. Census Bureau batch geocoder (Exact address match). CMS quality ratings and measures were intentionally not copied. Daily hours, prices and insurance details were not supplied by this intake.",330181,Hospital General Information,2026-07-02,2026-07-02,needs_review,"{""services"":{""field"":""services"",""status"":""source_backed"",""sourceUrl"":""https://data.cms.gov/provider-data/dataset/xubh-q36u"",""sourceTitle"":""CMS Hospital General Information"",""checkedDate"":""2026-07-02"",""sourceType"":""federal_open_data"",""locationSpecific"":true,""reviewerNote"":""Emergency services flag copied from the official CMS Hospital General Information row for this facility.""}}"
cms-330182,ST FRANCIS HOSPITAL - THE HEART CENTER,hospital,100 PORT WASHINGTON BOULEVARD,ROSLYN,NY,NASSAU,11576,40.805887319592,-73.669035272655,(516) 562-6000,Emergency services,CMS Hospital General Information,https://data.cms.gov/provider-data/dataset/xubh-q36u,2026-07-02,"Fields copied from the official CMS Hospital General Information CSV: facility name, address, city, state, ZIP code, county, phone, hospital type, ownership and emergency services flag. Hospital type: Acute Care Hospitals. Ownership: Voluntary non-profit - Church. Emergency services listed by CMS: Yes. Coordinates from the U.S. Census Bureau batch geocoder (Exact address match). CMS quality ratings and measures were intentionally not copied. Daily hours, prices and insurance details were not supplied by this intake.",330182,Hospital General Information,2026-07-02,2026-07-02,needs_review,"{""services"":{""field"":""services"",""status"":""source_backed"",""sourceUrl"":""https://data.cms.gov/provider-data/dataset/xubh-q36u"",""sourceTitle"":""CMS Hospital General Information"",""checkedDate"":""2026-07-02"",""sourceType"":""federal_open_data"",""locationSpecific"":true,""reviewerNote"":""Emergency services flag copied from the official CMS Hospital General Information row for this facility.""}}"
cms-330184,MONTEFIORE NEW ROCHELLE HOSPITAL,hospital,16 GUION PLACE,NEW ROCHELLE,NY,WESTCHESTER,10802,40.912975273438,-73.787111745886,(914) 632-5000,Emergency services,CMS Hospital General Information,https://data.cms.gov/provider-data/dataset/xubh-q36u,2026-07-02,"Fields copied from the official CMS Hospital General Information CSV: facility name, address, city, state, ZIP code, county, phone, hospital type, ownership and emergency services flag. Hospital type: Acute Care Hospitals. Ownership: Voluntary non-profit - Private. Emergency services listed by CMS: Yes. Coordinates from the U.S. Census Bureau batch geocoder (Non_Exact address match). CMS quality ratings and measures were intentionally not copied. Daily hours, prices and insurance details were not supplied by this intake.",330184,Hospital General Information,2026-07-02,2026-07-02,needs_review,"{""services"":{""field"":""services"",""status"":""source_backed"",""sourceUrl"":""https://data.cms.gov/provider-data/dataset/xubh-q36u"",""sourceTitle"":""CMS Hospital General Information"",""checkedDate"":""2026-07-02"",""sourceType"":""federal_open_data"",""locationSpecific"":true,""reviewerNote"":""Emergency services flag copied from the official CMS Hospital General Information row for this facility.""}}"
cms-330191,GLENS FALLS HOSPITAL,hospital,100 PARK STREET,GLENS FALLS,NY,WARREN,12801,43.307265317705,-73.646098827477,(518) 926-1000,Emergency services,CMS Hospital General Information,https://data.cms.gov/provider-data/dataset/xubh-q36u,2026-07-02,"Fields copied from the official CMS Hospital General Information CSV: facility name, address, city, state, ZIP code, county, phone, hospital type, ownership and emergency services flag. Hospital type: Acute Care Hospitals. Ownership: Voluntary non-profit - Private. Emergency services listed by CMS: Yes. Coordinates from the U.S. Census Bureau batch geocoder (Exact address match). CMS quality ratings and measures were intentionally not copied. Daily hours, prices and insurance details were not supplied by this intake.",330191,Hospital General Information,2026-07-02,2026-07-02,needs_review,"{""services"":{""field"":""services"",""status"":""source_backed"",""sourceUrl"":""https://data.cms.gov/provider-data/dataset/xubh-q36u"",""sourceTitle"":""CMS Hospital General Information"",""checkedDate"":""2026-07-02"",""sourceType"":""federal_open_data"",""locationSpecific"":true,""reviewerNote"":""Emergency services flag copied from the official CMS Hospital General Information row for this facility.""}}"
cms-330195,LONG ISLAND JEWISH MEDICAL CENTER,hospital,270 - 05 76TH AVENUE,NEW HYDE PARK,NY,NASSAU,11040,40.753333877156,-73.706882858069,(718) 470-7000,Emergency services,CMS Hospital General Information,https://data.cms.gov/provider-data/dataset/xubh-q36u,2026-07-02,"Fields copied from the official CMS Hospital General Information CSV: facility name, address, city, state, ZIP code, county, phone, hospital type, ownership and emergency services flag. Hospital type: Acute Care Hospitals. Ownership: Voluntary non-profit - Private. Emergency services listed by CMS: Yes. Coordinates from the U.S. Census Bureau batch geocoder (Exact address match). CMS quality ratings and measures were intentionally not copied. Daily hours, prices and insurance details were not supplied by this intake.",330195,Hospital General Information,2026-07-02,2026-07-02,needs_review,"{""services"":{""field"":""services"",""status"":""source_backed"",""sourceUrl"":""https://data.cms.gov/provider-data/dataset/xubh-q36u"",""sourceTitle"":""CMS Hospital General Information"",""checkedDate"":""2026-07-02"",""sourceType"":""federal_open_data"",""locationSpecific"":true,""reviewerNote"":""Emergency services flag copied from the official CMS Hospital General Information row for this facility.""}}"
cms-330196,SOUTH BROOKLYN HEALTH,hospital,2601 OCEAN PARKWAY,BROOKLYN,NY,KINGS,11235,40.586631111924,-73.965789903885,(718) 616-4834,Emergency services,CMS Hospital General Information,https://data.cms.gov/provider-data/dataset/xubh-q36u,2026-07-02,"Fields copied from the official CMS Hospital General Information CSV: facility name, address, city, state, ZIP code, county, phone, hospital type, ownership and emergency services flag. Hospital type: Acute Care Hospitals. Ownership: Voluntary non-profit - Other. Emergency services listed by CMS: Yes. Coordinates from the U.S. Census Bureau batch geocoder (Exact address match). CMS quality ratings and measures were intentionally not copied. Daily hours, prices and insurance details were not supplied by this intake.",330196,Hospital General Information,2026-07-02,2026-07-02,needs_review,"{""services"":{""field"":""services"",""status"":""source_backed"",""sourceUrl"":""https://data.cms.gov/provider-data/dataset/xubh-q36u"",""sourceTitle"":""CMS Hospital General Information"",""checkedDate"":""2026-07-02"",""sourceType"":""federal_open_data"",""locationSpecific"":true,""reviewerNote"":""Emergency services flag copied from the official CMS Hospital General Information row for this facility.""}}"
cms-330197,CANTON-POTSDAM HOSPITAL,hospital,50 LEROY STREET,POTSDAM,NY,ST. LAWRENCE,13676,44.675909560946,-74.981529530521,(315) 265-3300,Emergency services,CMS Hospital General Information,https://data.cms.gov/provider-data/dataset/xubh-q36u,2026-07-02,"Fields copied from the official CMS Hospital General Information CSV: facility name, address, city, state, ZIP code, county, phone, hospital type, ownership and emergency services flag. Hospital type: Acute Care Hospitals. Ownership: Voluntary non-profit - Private. Emergency services listed by CMS: Yes. Coordinates from the U.S. Census Bureau batch geocoder (Exact address match). CMS quality ratings and measures were intentionally not copied. Daily hours, prices and insurance details were not supplied by this intake.",330197,Hospital General Information,2026-07-02,2026-07-02,needs_review,"{""services"":{""field"":""services"",""status"":""source_backed"",""sourceUrl"":""https://data.cms.gov/provider-data/dataset/xubh-q36u"",""sourceTitle"":""CMS Hospital General Information"",""checkedDate"":""2026-07-02"",""sourceType"":""federal_open_data"",""locationSpecific"":true,""reviewerNote"":""Emergency services flag copied from the official CMS Hospital General Information row for this facility.""}}"
cms-330199,METROPOLITAN HOSPITAL CENTER,hospital,1901 FIRST AVENUE,NEW YORK,NY,NEW YORK,10029,40.784173660859,-73.944134516784,(212) 423-6262,Emergency services,CMS Hospital General Information,https://data.cms.gov/provider-data/dataset/xubh-q36u,2026-07-02,"Fields copied from the official CMS Hospital General Information CSV: facility name, address, city, state, ZIP code, county, phone, hospital type, ownership and emergency services flag. Hospital type: Acute Care Hospitals. Ownership: Government - Local. Emergency services listed by CMS: Yes. Coordinates from the U.S. Census Bureau batch geocoder (Exact address match). CMS quality ratings and measures were intentionally not copied. Daily hours, prices and insurance details were not supplied by this intake.",330199,Hospital General Information,2026-07-02,2026-07-02,needs_review,"{""services"":{""field"":""services"",""status"":""source_backed"",""sourceUrl"":""https://data.cms.gov/provider-data/dataset/xubh-q36u"",""sourceTitle"":""CMS Hospital General Information"",""checkedDate"":""2026-07-02"",""sourceType"":""federal_open_data"",""locationSpecific"":true,""reviewerNote"":""Emergency services flag copied from the official CMS Hospital General Information row for this facility.""}}"
cms-330202,KINGS COUNTY HOSPITAL CENTER,hospital,451 CLARKSON AVENUE,BROOKLYN,NY,KINGS,11203,40.655771944262,-73.945225608004,(718) 245-3901,Emergency services,CMS Hospital General Information,https://data.cms.gov/provider-data/dataset/xubh-q36u,2026-07-02,"Fields copied from the official CMS Hospital General Information CSV: facility name, address, city, state, ZIP code, county, phone, hospital type, ownership and emergency services flag. Hospital type: Acute Care Hospitals. Ownership: Government - Local. Emergency services listed by CMS: Yes. Coordinates from the U.S. Census Bureau batch geocoder (Exact address match). CMS quality ratings and measures were intentionally not copied. Daily hours, prices and insurance details were not supplied by this intake.",330202,Hospital General Information,2026-07-02,2026-07-02,needs_review,"{""services"":{""field"":""services"",""status"":""source_backed"",""sourceUrl"":""https://data.cms.gov/provider-data/dataset/xubh-q36u"",""sourceTitle"":""CMS Hospital General Information"",""checkedDate"":""2026-07-02"",""sourceType"":""federal_open_data"",""locationSpecific"":true,""reviewerNote"":""Emergency services flag copied from the official CMS Hospital General Information row for this facility.""}}"
cms-330203,CROUSE HOSPITAL,hospital,736 IRVING AVENUE,SYRACUSE,NY,ONONDAGA,13210,43.041878519486,-76.137929238503,(315) 470-7449,Emergency services,CMS Hospital General Information,https://data.cms.gov/provider-data/dataset/xubh-q36u,2026-07-02,"Fields copied from the official CMS Hospital General Information CSV: facility name, address, city, state, ZIP code, county, phone, hospital type, ownership and emergency services flag. Hospital type: Acute Care Hospitals. Ownership: Voluntary non-profit - Private. Emergency services listed by CMS: Yes. Coordinates from the U.S. Census Bureau batch geocoder (Exact address match). CMS quality ratings and measures were intentionally not copied. Daily hours, prices and insurance details were not supplied by this intake.",330203,Hospital General Information,2026-07-02,2026-07-02,needs_review,"{""services"":{""field"":""services"",""status"":""source_backed"",""sourceUrl"":""https://data.cms.gov/provider-data/dataset/xubh-q36u"",""sourceTitle"":""CMS Hospital General Information"",""checkedDate"":""2026-07-02"",""sourceType"":""federal_open_data"",""locationSpecific"":true,""reviewerNote"":""Emergency services flag copied from the official CMS Hospital General Information row for this facility.""}}"
cms-330204,BELLEVUE HOSPITAL CENTER,hospital,462 FIRST AVENUE,NEW YORK,NY,NEW YORK,10016,40.739696677918,-73.976402510469,(212) 561-4132,Emergency services,CMS Hospital General Information,https://data.cms.gov/provider-data/dataset/xubh-q36u,2026-07-02,"Fields copied from the official CMS Hospital General Information CSV: facility name, address, city, state, ZIP code, county, phone, hospital type, ownership and emergency services flag. Hospital type: Acute Care Hospitals. Ownership: Government - Local. Emergency services listed by CMS: Yes. Coordinates from the U.S. Census Bureau batch geocoder (Exact address match). CMS quality ratings and measures were intentionally not copied. Daily hours, prices and insurance details were not supplied by this intake.",330204,Hospital General Information,2026-07-02,2026-07-02,needs_review,"{""services"":{""field"":""services"",""status"":""source_backed"",""sourceUrl"":""https://data.cms.gov/provider-data/dataset/xubh-q36u"",""sourceTitle"":""CMS Hospital General Information"",""checkedDate"":""2026-07-02"",""sourceType"":""federal_open_data"",""locationSpecific"":true,""reviewerNote"":""Emergency services flag copied from the official CMS Hospital General Information row for this facility.""}}"
cms-330205,ST ANTHONY COMMUNITY HOSPITAL,hospital,15 MAPLE AVENUE -19,WARWICK,NY,ORANGE,10990,41.263305188451,-74.356307650103,(845) 986-2276,,CMS Hospital General Information,https://data.cms.gov/provider-data/dataset/xubh-q36u,2026-07-02,"Fields copied from the official CMS Hospital General Information CSV: facility name, address, city, state, ZIP code, county, phone, hospital type, ownership and emergency services flag. Hospital type: Acute Care Hospitals. Ownership: Voluntary non-profit - Church. Emergency services listed by CMS: No. Coordinates from the U.S. Census Bureau batch geocoder (Non_Exact address match). CMS quality ratings and measures were intentionally not copied. Daily hours, prices and insurance details were not supplied by this intake.",330205,Hospital General Information,2026-07-02,2026-07-02,needs_review,
cms-330208,ST JOHN'S RIVERSIDE HOSPITAL,hospital,976 NORTH BROADWAY,YONKERS,NY,WESTCHESTER,10701,40.967702295518,-73.885056905872,(914) 964-4444,Emergency services,CMS Hospital General Information,https://data.cms.gov/provider-data/dataset/xubh-q36u,2026-07-02,"Fields copied from the official CMS Hospital General Information CSV: facility name, address, city, state, ZIP code, county, phone, hospital type, ownership and emergency services flag. Hospital type: Acute Care Hospitals. Ownership: Voluntary non-profit - Private. Emergency services listed by CMS: Yes. Coordinates from the U.S. Census Bureau batch geocoder (Exact address match). CMS quality ratings and measures were intentionally not copied. Daily hours, prices and insurance details were not supplied by this intake.",330208,Hospital General Information,2026-07-02,2026-07-02,needs_review,"{""services"":{""field"":""services"",""status"":""source_backed"",""sourceUrl"":""https://data.cms.gov/provider-data/dataset/xubh-q36u"",""sourceTitle"":""CMS Hospital General Information"",""checkedDate"":""2026-07-02"",""sourceType"":""federal_open_data"",""locationSpecific"":true,""reviewerNote"":""Emergency services flag copied from the official CMS Hospital General Information row for this facility.""}}"
cms-33020f,VA NEW YORK HARBOR HEALTHCARE SYSTEM - BROOKLYN,hospital,800 POLY PLACE,BROOKLYN,NY,KINGS,11209,40.610278844781,-74.027009648368,(718) 836-6600,Emergency services,CMS Hospital General Information,https://data.cms.gov/provider-data/dataset/xubh-q36u,2026-07-02,"Fields copied from the official CMS Hospital General Information CSV: facility name, address, city, state, ZIP code, county, phone, hospital type, ownership and emergency services flag. Hospital type: Acute Care - Veterans Administration. Ownership: Veterans Health Administration. Emergency services listed by CMS: Yes. Coordinates from the U.S. Census Bureau batch geocoder (Exact address match). CMS quality ratings and measures were intentionally not copied. Daily hours, prices and insurance details were not supplied by this intake.",33020F,Hospital General Information,2026-07-02,2026-07-02,needs_review,"{""services"":{""field"":""services"",""status"":""source_backed"",""sourceUrl"":""https://data.cms.gov/provider-data/dataset/xubh-q36u"",""sourceTitle"":""CMS Hospital General Information"",""checkedDate"":""2026-07-02"",""sourceType"":""federal_open_data"",""locationSpecific"":true,""reviewerNote"":""Emergency services flag copied from the official CMS Hospital General Information row for this facility.""}}"
cms-330214,NYU LANGONE HOSPITALS,hospital,550 FIRST AVENUE,NEW YORK,NY,NEW YORK,10016,40.742346194975,-73.974474127012,(212) 263-7300,Emergency services,CMS Hospital General Information,https://data.cms.gov/provider-data/dataset/xubh-q36u,2026-07-02,"Fields copied from the official CMS Hospital General Information CSV: facility name, address, city, state, ZIP code, county, phone, hospital type, ownership and emergency services flag. Hospital type: Acute Care Hospitals. Ownership: Voluntary non-profit - Private. Emergency services listed by CMS: Yes. Coordinates from the U.S. Census Bureau batch geocoder (Exact address match). CMS quality ratings and measures were intentionally not copied. Daily hours, prices and insurance details were not supplied by this intake.",330214,Hospital General Information,2026-07-02,2026-07-02,needs_review,"{""services"":{""field"":""services"",""status"":""source_backed"",""sourceUrl"":""https://data.cms.gov/provider-data/dataset/xubh-q36u"",""sourceTitle"":""CMS Hospital General Information"",""checkedDate"":""2026-07-02"",""sourceType"":""federal_open_data"",""locationSpecific"":true,""reviewerNote"":""Emergency services flag copied from the official CMS Hospital General Information row for this facility.""}}"
cms-330215,"ROME MEMORIAL HOSPITAL, INC",hospital,1500 NORTH JAMES STREET,ROME,NY,ONEIDA,13440,43.228977828545,-75.444142419485,(315) 338-7000,Emergency services,CMS Hospital General Information,https://data.cms.gov/provider-data/dataset/xubh-q36u,2026-07-02,"Fields copied from the official CMS Hospital General Information CSV: facility name, address, city, state, ZIP code, county, phone, hospital type, ownership and emergency services flag. Hospital type: Acute Care Hospitals. Ownership: Voluntary non-profit - Private. Emergency services listed by CMS: Yes. Coordinates from the U.S. Census Bureau batch geocoder (Exact address match). CMS quality ratings and measures were intentionally not copied. Daily hours, prices and insurance details were not supplied by this intake.",330215,Hospital General Information,2026-07-02,2026-07-02,needs_review,"{""services"":{""field"":""services"",""status"":""source_backed"",""sourceUrl"":""https://data.cms.gov/provider-data/dataset/xubh-q36u"",""sourceTitle"":""CMS Hospital General Information"",""checkedDate"":""2026-07-02"",""sourceType"":""federal_open_data"",""locationSpecific"":true,""reviewerNote"":""Emergency services flag copied from the official CMS Hospital General Information row for this facility.""}}"
cms-330218,OSWEGO HOSPITAL,hospital,110 WEST SIXTH STREET,OSWEGO,NY,OSWEGO,13069,43.454904638179,-76.516515345126,(315) 349-5511,Emergency services,CMS Hospital General Information,https://data.cms.gov/provider-data/dataset/xubh-q36u,2026-07-02,"Fields copied from the official CMS Hospital General Information CSV: facility name, address, city, state, ZIP code, county, phone, hospital type, ownership and emergency services flag. Hospital type: Acute Care Hospitals. Ownership: Voluntary non-profit - Private. Emergency services listed by CMS: Yes. Coordinates from the U.S. Census Bureau batch geocoder (Non_Exact address match). CMS quality ratings and measures were intentionally not copied. Daily hours, prices and insurance details were not supplied by this intake.",330218,Hospital General Information,2026-07-02,2026-07-02,needs_review,"{""services"":{""field"":""services"",""status"":""source_backed"",""sourceUrl"":""https://data.cms.gov/provider-data/dataset/xubh-q36u"",""sourceTitle"":""CMS Hospital General Information"",""checkedDate"":""2026-07-02"",""sourceType"":""federal_open_data"",""locationSpecific"":true,""reviewerNote"":""Emergency services flag copied from the official CMS Hospital General Information row for this facility.""}}"
cms-330219,ERIE COUNTY MEDICAL CENTER,hospital,462 GRIDER STREET,BUFFALO,NY,ERIE,14215,42.926457555011,-78.829223514588,(716) 898-3936,Emergency services,CMS Hospital General Information,https://data.cms.gov/provider-data/dataset/xubh-q36u,2026-07-02,"Fields copied from the official CMS Hospital General Information CSV: facility name, address, city, state, ZIP code, county, phone, hospital type, ownership and emergency services flag. Hospital type: Acute Care Hospitals. Ownership: Voluntary non-profit - Other. Emergency services listed by CMS: Yes. Coordinates from the U.S. Census Bureau batch geocoder (Exact address match). CMS quality ratings and measures were intentionally not copied. Daily hours, prices and insurance details were not supplied by this intake.",330219,Hospital General Information,2026-07-02,2026-07-02,needs_review,"{""services"":{""field"":""services"",""status"":""source_backed"",""sourceUrl"":""https://data.cms.gov/provider-data/dataset/xubh-q36u"",""sourceTitle"":""CMS Hospital General Information"",""checkedDate"":""2026-07-02"",""sourceType"":""federal_open_data"",""locationSpecific"":true,""reviewerNote"":""Emergency services flag copied from the official CMS Hospital General Information row for this facility.""}}"
cms-330221,WYCKOFF HEIGHTS MEDICAL CENTER,hospital,374 STOCKHOLM STREET,BROOKLYN,NY,KINGS,11237,40.704913368642,-73.917336015229,(718) 963-7272,Emergency services,CMS Hospital General Information,https://data.cms.gov/provider-data/dataset/xubh-q36u,2026-07-02,"Fields copied from the official CMS Hospital General Information CSV: facility name, address, city, state, ZIP code, county, phone, hospital type, ownership and emergency services flag. Hospital type: Acute Care Hospitals. Ownership: Voluntary non-profit - Private. Emergency services listed by CMS: Yes. Coordinates from the U.S. Census Bureau batch geocoder (Exact address match). CMS quality ratings and measures were intentionally not copied. Daily hours, prices and insurance details were not supplied by this intake.",330221,Hospital General Information,2026-07-02,2026-07-02,needs_review,"{""services"":{""field"":""services"",""status"":""source_backed"",""sourceUrl"":""https://data.cms.gov/provider-data/dataset/xubh-q36u"",""sourceTitle"":""CMS Hospital General Information"",""checkedDate"":""2026-07-02"",""sourceType"":""federal_open_data"",""locationSpecific"":true,""reviewerNote"":""Emergency services flag copied from the official CMS Hospital General Information row for this facility.""}}"
cms-330222,SARATOGA HOSPITAL,hospital,211 CHURCH STREET,SARATOGA SPRINGS,NY,SARATOGA,12866,43.08484472551,-73.796214643615,(518) 587-3222,Emergency services,CMS Hospital General Information,https://data.cms.gov/provider-data/dataset/xubh-q36u,2026-07-02,"Fields copied from the official CMS Hospital General Information CSV: facility name, address, city, state, ZIP code, county, phone, hospital type, ownership and emergency services flag. Hospital type: Acute Care Hospitals. Ownership: Voluntary non-profit - Private. Emergency services listed by CMS: Yes. Coordinates from the U.S. Census Bureau batch geocoder (Exact address match). CMS quality ratings and measures were intentionally not copied. Daily hours, prices and insurance details were not supplied by this intake.",330222,Hospital General Information,2026-07-02,2026-07-02,needs_review,"{""services"":{""field"":""services"",""status"":""source_backed"",""sourceUrl"":""https://data.cms.gov/provider-data/dataset/xubh-q36u"",""sourceTitle"":""CMS Hospital General Information"",""checkedDate"":""2026-07-02"",""sourceType"":""federal_open_data"",""locationSpecific"":true,""reviewerNote"":""Emergency services flag copied from the official CMS Hospital General Information row for this facility.""}}"
cms-330224,HEALTHALLIANCE HOSPITAL MARYS AVENUE CAMPUS,hospital,105 MARY'S AVENUE,KINGSTON,NY,ULSTER,12401,41.92255323499,-73.999563339331,(845) 338-2500,Emergency services,CMS Hospital General Information,https://data.cms.gov/provider-data/dataset/xubh-q36u,2026-07-02,"Fields copied from the official CMS Hospital General Information CSV: facility name, address, city, state, ZIP code, county, phone, hospital type, ownership and emergency services flag. Hospital type: Acute Care Hospitals. Ownership: Voluntary non-profit - Private. Emergency services listed by CMS: Yes. Coordinates from the U.S. Census Bureau batch geocoder (Exact address match). CMS quality ratings and measures were intentionally not copied. Daily hours, prices and insurance details were not supplied by this intake.",330224,Hospital General Information,2026-07-02,2026-07-02,needs_review,"{""services"":{""field"":""services"",""status"":""source_backed"",""sourceUrl"":""https://data.cms.gov/provider-data/dataset/xubh-q36u"",""sourceTitle"":""CMS Hospital General Information"",""checkedDate"":""2026-07-02"",""sourceType"":""federal_open_data"",""locationSpecific"":true,""reviewerNote"":""Emergency services flag copied from the official CMS Hospital General Information row for this facility.""}}"
cms-330226,UNITY HOSPITAL,hospital,1555 LONG POND ROAD,ROCHESTER,NY,MONROE,14626,43.193164550373,-77.701528944652,(585) 723-7000,Emergency services,CMS Hospital General Information,https://data.cms.gov/provider-data/dataset/xubh-q36u,2026-07-02,"Fields copied from the official CMS Hospital General Information CSV: facility name, address, city, state, ZIP code, county, phone, hospital type, ownership and emergency services flag. Hospital type: Acute Care Hospitals. Ownership: Voluntary non-profit - Private. Emergency services listed by CMS: Yes. Coordinates from the U.S. Census Bureau batch geocoder (Exact address match). CMS quality ratings and measures were intentionally not copied. Daily hours, prices and insurance details were not supplied by this intake.",330226,Hospital General Information,2026-07-02,2026-07-02,needs_review,"{""services"":{""field"":""services"",""status"":""source_backed"",""sourceUrl"":""https://data.cms.gov/provider-data/dataset/xubh-q36u"",""sourceTitle"":""CMS Hospital General Information"",""checkedDate"":""2026-07-02"",""sourceType"":""federal_open_data"",""locationSpecific"":true,""reviewerNote"":""Emergency services flag copied from the official CMS Hospital General Information row for this facility.""}}"
cms-330229,"BROOKS-TLC HOSPITAL SYSTEM, INC",hospital,529 CENTRAL AVENUE,DUNKIRK,NY,CHAUTAUQUA,14048,42.480795838417,-79.333849414245,(716) 366-1111,Emergency services,CMS Hospital General Information,https://data.cms.gov/provider-data/dataset/xubh-q36u,2026-07-02,"Fields copied from the official CMS Hospital General Information CSV: facility name, address, city, state, ZIP code, county, phone, hospital type, ownership and emergency services flag. Hospital type: Acute Care Hospitals. Ownership: Voluntary non-profit - Private. Emergency services listed by CMS: Yes. Coordinates from the U.S. Census Bureau batch geocoder (Exact address match). CMS quality ratings and measures were intentionally not copied. Daily hours, prices and insurance details were not supplied by this intake.",330229,Hospital General Information,2026-07-02,2026-07-02,needs_review,"{""services"":{""field"":""services"",""status"":""source_backed"",""sourceUrl"":""https://data.cms.gov/provider-data/dataset/xubh-q36u"",""sourceTitle"":""CMS Hospital General Information"",""checkedDate"":""2026-07-02"",""sourceType"":""federal_open_data"",""locationSpecific"":true,""reviewerNote"":""Emergency services flag copied from the official CMS Hospital General Information row for this facility.""}}"
cms-330231,QUEENS HOSPITAL CENTER,hospital,82-68 164TH STREET,JAMAICA,NY,QUEENS,11432,40.717490120852,-73.802239359066,(718) 883-3000,Emergency services,CMS Hospital General Information,https://data.cms.gov/provider-data/dataset/xubh-q36u,2026-07-02,"Fields copied from the official CMS Hospital General Information CSV: facility name, address, city, state, ZIP code, county, phone, hospital type, ownership and emergency services flag. Hospital type: Acute Care Hospitals. Ownership: Voluntary non-profit - Other. Emergency services listed by CMS: Yes. Coordinates from the U.S. Census Bureau batch geocoder (Non_Exact address match). CMS quality ratings and measures were intentionally not copied. Daily hours, prices and insurance details were not supplied by this intake.",330231,Hospital General Information,2026-07-02,2026-07-02,needs_review,"{""services"":{""field"":""services"",""status"":""source_backed"",""sourceUrl"":""https://data.cms.gov/provider-data/dataset/xubh-q36u"",""sourceTitle"":""CMS Hospital General Information"",""checkedDate"":""2026-07-02"",""sourceType"":""federal_open_data"",""locationSpecific"":true,""reviewerNote"":""Emergency services flag copied from the official CMS Hospital General Information row for this facility.""}}"
cms-330233,BROOKDALE HOSPITAL MEDICAL CENTER,hospital,1 BROOKDALE PLAZA,BROOKLYN,NY,KINGS,11212,40.655241724883,-73.912205473149,(718) 240-5966,Emergency services,CMS Hospital General Information,https://data.cms.gov/provider-data/dataset/xubh-q36u,2026-07-02,"Fields copied from the official CMS Hospital General Information CSV: facility name, address, city, state, ZIP code, county, phone, hospital type, ownership and emergency services flag. Hospital type: Acute Care Hospitals. Ownership: Voluntary non-profit - Private. Emergency services listed by CMS: Yes. Coordinates from the U.S. Census Bureau batch geocoder (Exact address match). CMS quality ratings and measures were intentionally not copied. Daily hours, prices and insurance details were not supplied by this intake.",330233,Hospital General Information,2026-07-02,2026-07-02,needs_review,"{""services"":{""field"":""services"",""status"":""source_backed"",""sourceUrl"":""https://data.cms.gov/provider-data/dataset/xubh-q36u"",""sourceTitle"":""CMS Hospital General Information"",""checkedDate"":""2026-07-02"",""sourceType"":""federal_open_data"",""locationSpecific"":true,""reviewerNote"":""Emergency services flag copied from the official CMS Hospital General Information row for this facility.""}}"
cms-330234,WESTCHESTER MEDICAL CENTER,hospital,100 WOODS RD,VALHALLA,NY,WESTCHESTER,10595,41.085906518146,-73.80345058822,(914) 493-7000,Emergency services,CMS Hospital General Information,https://data.cms.gov/provider-data/dataset/xubh-q36u,2026-07-02,"Fields copied from the official CMS Hospital General Information CSV: facility name, address, city, state, ZIP code, county, phone, hospital type, ownership and emergency services flag. Hospital type: Acute Care Hospitals. Ownership: Voluntary non-profit - Other. Emergency services listed by CMS: Yes. Coordinates from the U.S. Census Bureau batch geocoder (Exact address match). CMS quality ratings and measures were intentionally not copied. Daily hours, prices and insurance details were not supplied by this intake.",330234,Hospital General Information,2026-07-02,2026-07-02,needs_review,"{""services"":{""field"":""services"",""status"":""source_backed"",""sourceUrl"":""https://data.cms.gov/provider-data/dataset/xubh-q36u"",""sourceTitle"":""CMS Hospital General Information"",""checkedDate"":""2026-07-02"",""sourceType"":""federal_open_data"",""locationSpecific"":true,""reviewerNote"":""Emergency services flag copied from the official CMS Hospital General Information row for this facility.""}}"
cms-330235,AUBURN  COMMUNITY  HOSPITAL,hospital,17 LANSING STREET,AUBURN,NY,CAYUGA,13021,42.940894126037,-76.562179898714,(315) 255-7011,Emergency services,CMS Hospital General Information,https://data.cms.gov/provider-data/dataset/xubh-q36u,2026-07-02,"Fields copied from the official CMS Hospital General Information CSV: facility name, address, city, state, ZIP code, county, phone, hospital type, ownership and emergency services flag. Hospital type: Acute Care Hospitals. Ownership: Voluntary non-profit - Private. Emergency services listed by CMS: Yes. Coordinates from the U.S. Census Bureau batch geocoder (Exact address match). CMS quality ratings and measures were intentionally not copied. Daily hours, prices and insurance details were not supplied by this intake.",330235,Hospital General Information,2026-07-02,2026-07-02,needs_review,"{""services"":{""field"":""services"",""status"":""source_backed"",""sourceUrl"":""https://data.cms.gov/provider-data/dataset/xubh-q36u"",""sourceTitle"":""CMS Hospital General Information"",""checkedDate"":""2026-07-02"",""sourceType"":""federal_open_data"",""locationSpecific"":true,""reviewerNote"":""Emergency services flag copied from the official CMS Hospital General Information row for this facility.""}}"
cms-330238,NICHOLAS H NOYES MEMORIAL HOSPITAL,hospital,111  CLARA BARTON STREET,DANSVILLE,NY,LIVINGSTON,14437,42.552430846209,-77.700412411492,(585) 335-6001,Emergency services,CMS Hospital General Information,https://data.cms.gov/provider-data/dataset/xubh-q36u,2026-07-02,"Fields copied from the official CMS Hospital General Information CSV: facility name, address, city, state, ZIP code, county, phone, hospital type, ownership and emergency services flag. Hospital type: Acute Care Hospitals. Ownership: Voluntary non-profit - Private. Emergency services listed by CMS: Yes. Coordinates from the U.S. Census Bureau batch geocoder (Exact address match). CMS quality ratings and measures were intentionally not copied. Daily hours, prices and insurance details were not supplied by this intake.",330238,Hospital General Information,2026-07-02,2026-07-02,needs_review,"{""services"":{""field"":""services"",""status"":""source_backed"",""sourceUrl"":""https://data.cms.gov/provider-data/dataset/xubh-q36u"",""sourceTitle"":""CMS Hospital General Information"",""checkedDate"":""2026-07-02"",""sourceType"":""federal_open_data"",""locationSpecific"":true,""reviewerNote"":""Emergency services flag copied from the official CMS Hospital General Information row for this facility.""}}"
cms-330239,UPMC CHAUTAUQUA AT WCA,hospital,207 FOOTE AVENUE,JAMESTOWN,NY,CHAUTAUQUA,14701,42.091580945087,-79.232969685098,(716) 487-0141,Emergency services,CMS Hospital General Information,https://data.cms.gov/provider-data/dataset/xubh-q36u,2026-07-02,"Fields copied from the official CMS Hospital General Information CSV: facility name, address, city, state, ZIP code, county, phone, hospital type, ownership and emergency services flag. Hospital type: Acute Care Hospitals. Ownership: Voluntary non-profit - Private. Emergency services listed by CMS: Yes. Coordinates from the U.S. Census Bureau batch geocoder (Exact address match). CMS quality ratings and measures were intentionally not copied. Daily hours, prices and insurance details were not supplied by this intake.",330239,Hospital General Information,2026-07-02,2026-07-02,needs_review,"{""services"":{""field"":""services"",""status"":""source_backed"",""sourceUrl"":""https://data.cms.gov/provider-data/dataset/xubh-q36u"",""sourceTitle"":""CMS Hospital General Information"",""checkedDate"":""2026-07-02"",""sourceType"":""federal_open_data"",""locationSpecific"":true,""reviewerNote"":""Emergency services flag copied from the official CMS Hospital General Information row for this facility.""}}"
cms-330240,HARLEM HOSPITAL CENTER,hospital,506 LENOX AVENUE,NEW YORK,NY,NEW YORK,10037,40.814891697234,-73.940196118162,(212) 939-1000,Emergency services,CMS Hospital General Information,https://data.cms.gov/provider-data/dataset/xubh-q36u,2026-07-02,"Fields copied from the official CMS Hospital General Information CSV: facility name, address, city, state, ZIP code, county, phone, hospital type, ownership and emergency services flag. Hospital type: Acute Care Hospitals. Ownership: Voluntary non-profit - Other. Emergency services listed by CMS: Yes. Coordinates from the U.S. Census Bureau batch geocoder (Exact address match). CMS quality ratings and measures were intentionally not copied. Daily hours, prices and insurance details were not supplied by this intake.",330240,Hospital General Information,2026-07-02,2026-07-02,needs_review,"{""services"":{""field"":""services"",""status"":""source_backed"",""sourceUrl"":""https://data.cms.gov/provider-data/dataset/xubh-q36u"",""sourceTitle"":""CMS Hospital General Information"",""checkedDate"":""2026-07-02"",""sourceType"":""federal_open_data"",""locationSpecific"":true,""reviewerNote"":""Emergency services flag copied from the official CMS Hospital General Information row for this facility.""}}"
cms-330241,UNIVERSITY HOSPITAL S U N Y HEALTH SCIENCE CENTER,hospital,750 EAST ADAMS STREET,SYRACUSE,NY,ONONDAGA,13210,43.042623087691,-76.139812052316,(315) 473-4240,Emergency services,CMS Hospital General Information,https://data.cms.gov/provider-data/dataset/xubh-q36u,2026-07-02,"Fields copied from the official CMS Hospital General Information CSV: facility name, address, city, state, ZIP code, county, phone, hospital type, ownership and emergency services flag. Hospital type: Acute Care Hospitals. Ownership: Government - State. Emergency services listed by CMS: Yes. Coordinates from the U.S. Census Bureau batch geocoder (Exact address match). CMS quality ratings and measures were intentionally not copied. Daily hours, prices and insurance details were not supplied by this intake.",330241,Hospital General Information,2026-07-02,2026-07-02,needs_review,"{""services"":{""field"":""services"",""status"":""source_backed"",""sourceUrl"":""https://data.cms.gov/provider-data/dataset/xubh-q36u"",""sourceTitle"":""CMS Hospital General Information"",""checkedDate"":""2026-07-02"",""sourceType"":""federal_open_data"",""locationSpecific"":true,""reviewerNote"":""Emergency services flag copied from the official CMS Hospital General Information row for this facility.""}}"
cms-330246,ST CHARLES HOSPITAL,hospital,200 BELLE TERRE ROAD,PORT JEFFERSON,NY,SUFFOLK,11777,40.947732886562,-73.060346758282,(631) 474-6000,Emergency services,CMS Hospital General Information,https://data.cms.gov/provider-data/dataset/xubh-q36u,2026-07-02,"Fields copied from the official CMS Hospital General Information CSV: facility name, address, city, state, ZIP code, county, phone, hospital type, ownership and emergency services flag. Hospital type: Acute Care Hospitals. Ownership: Voluntary non-profit - Church. Emergency services listed by CMS: Yes. Coordinates from the U.S. Census Bureau batch geocoder (Exact address match). CMS quality ratings and measures were intentionally not copied. Daily hours, prices and insurance details were not supplied by this intake.",330246,Hospital General Information,2026-07-02,2026-07-02,needs_review,"{""services"":{""field"":""services"",""status"":""source_backed"",""sourceUrl"":""https://data.cms.gov/provider-data/dataset/xubh-q36u"",""sourceTitle"":""CMS Hospital General Information"",""checkedDate"":""2026-07-02"",""sourceType"":""federal_open_data"",""locationSpecific"":true,""reviewerNote"":""Emergency services flag copied from the official CMS Hospital General Information row for this facility.""}}"
cms-33024f,SYRACUSE VA MEDICAL CENTER,hospital,800 IRVING AVE.,SYRACUSE,NY,ONONDAGA,13210,43.039382462236,-76.138106084888,(315) 425-4400,Emergency services,CMS Hospital General Information,https://data.cms.gov/provider-data/dataset/xubh-q36u,2026-07-02,"Fields copied from the official CMS Hospital General Information CSV: facility name, address, city, state, ZIP code, county, phone, hospital type, ownership and emergency services flag. Hospital type: Acute Care - Veterans Administration. Ownership: Veterans Health Administration. Emergency services listed by CMS: Yes. Coordinates from the U.S. Census Bureau batch geocoder (Exact address match). CMS quality ratings and measures were intentionally not copied. Daily hours, prices and insurance details were not supplied by this intake.",33024F,Hospital General Information,2026-07-02,2026-07-02,needs_review,"{""services"":{""field"":""services"",""status"":""source_backed"",""sourceUrl"":""https://data.cms.gov/provider-data/dataset/xubh-q36u"",""sourceTitle"":""CMS Hospital General Information"",""checkedDate"":""2026-07-02"",""sourceType"":""federal_open_data"",""locationSpecific"":true,""reviewerNote"":""Emergency services flag copied from the official CMS Hospital General Information row for this facility.""}}"
cms-330250,THE UNIVERSITY OF VERMONT HEALTH NETWORK  - CHAMPL,hospital,75 BEEKMAN STREET,PLATTSBURGH,NY,CLINTON,12901,44.700063137793,-73.466718402565,(518) 562-7767,Emergency services,CMS Hospital General Information,https://data.cms.gov/provider-data/dataset/xubh-q36u,2026-07-02,"Fields copied from the official CMS Hospital General Information CSV: facility name, address, city, state, ZIP code, county, phone, hospital type, ownership and emergency services flag. Hospital type: Acute Care Hospitals. Ownership: Voluntary non-profit - Private. Emergency services listed by CMS: Yes. Coordinates from the U.S. Census Bureau batch geocoder (Exact address match). CMS quality ratings and measures were intentionally not copied. Daily hours, prices and insurance details were not supplied by this intake.",330250,Hospital General Information,2026-07-02,2026-07-02,needs_review,"{""services"":{""field"":""services"",""status"":""source_backed"",""sourceUrl"":""https://data.cms.gov/provider-data/dataset/xubh-q36u"",""sourceTitle"":""CMS Hospital General Information"",""checkedDate"":""2026-07-02"",""sourceType"":""federal_open_data"",""locationSpecific"":true,""reviewerNote"":""Emergency services flag copied from the official CMS Hospital General Information row for this facility.""}}"
cms-33025f,Keller ACH (West Point),hospital,900 Washington Rd,West Point,NY,ORANGE,10996,41.398932059395,-73.982250882349,(845) 938-4034,Emergency services,CMS Hospital General Information,https://data.cms.gov/provider-data/dataset/xubh-q36u,2026-07-02,"Fields copied from the official CMS Hospital General Information CSV: facility name, address, city, state, ZIP code, county, phone, hospital type, ownership and emergency services flag. Hospital type: Acute Care - Department of Defense. Ownership: Department of Defense. Emergency services listed by CMS: Yes. Coordinates from the U.S. Census Bureau batch geocoder (Exact address match). CMS quality ratings and measures were intentionally not copied. Daily hours, prices and insurance details were not supplied by this intake.",33025F,Hospital General Information,2026-07-02,2026-07-02,needs_review,"{""services"":{""field"":""services"",""status"":""source_backed"",""sourceUrl"":""https://data.cms.gov/provider-data/dataset/xubh-q36u"",""sourceTitle"":""CMS Hospital General Information"",""checkedDate"":""2026-07-02"",""sourceType"":""federal_open_data"",""locationSpecific"":true,""reviewerNote"":""Emergency services flag copied from the official CMS Hospital General Information row for this facility.""}}"
cms-330261,PHELPS HOSPITAL,hospital,701 NORTH BROADWAY,SLEEPY HOLLOW,NY,WESTCHESTER,10591,41.103174445545,-73.860892357946,(914) 366-3000,Emergency services,CMS Hospital General Information,https://data.cms.gov/provider-data/dataset/xubh-q36u,2026-07-02,"Fields copied from the official CMS Hospital General Information CSV: facility name, address, city, state, ZIP code, county, phone, hospital type, ownership and emergency services flag. Hospital type: Acute Care Hospitals. Ownership: Voluntary non-profit - Private. Emergency services listed by CMS: Yes. Coordinates from the U.S. Census Bureau batch geocoder (Exact address match). CMS quality ratings and measures were intentionally not copied. Daily hours, prices and insurance details were not supplied by this intake.",330261,Hospital General Information,2026-07-02,2026-07-02,needs_review,"{""services"":{""field"":""services"",""status"":""source_backed"",""sourceUrl"":""https://data.cms.gov/provider-data/dataset/xubh-q36u"",""sourceTitle"":""CMS Hospital General Information"",""checkedDate"":""2026-07-02"",""sourceType"":""federal_open_data"",""locationSpecific"":true,""reviewerNote"":""Emergency services flag copied from the official CMS Hospital General Information row for this facility.""}}"
cms-330264,MONTEFIORE ST LUKE'S CORNWALL,hospital,70 DUBOIS STREET,NEWBURGH,NY,ORANGE,12550,41.503660310543,-74.01509741502,(845) 458-4900,Emergency services,CMS Hospital General Information,https://data.cms.gov/provider-data/dataset/xubh-q36u,2026-07-02,"Fields copied from the official CMS Hospital General Information CSV: facility name, address, city, state, ZIP code, county, phone, hospital type, ownership and emergency services flag. Hospital type: Acute Care Hospitals. Ownership: Voluntary non-profit - Private. Emergency services listed by CMS: Yes. Coordinates from the U.S. Census Bureau batch geocoder (Exact address match). CMS quality ratings and measures were intentionally not copied. Daily hours, prices and insurance details were not supplied by this intake.",330264,Hospital General Information,2026-07-02,2026-07-02,needs_review,"{""services"":{""field"":""services"",""status"":""source_backed"",""sourceUrl"":""https://data.cms.gov/provider-data/dataset/xubh-q36u"",""sourceTitle"":""CMS Hospital General Information"",""checkedDate"":""2026-07-02"",""sourceType"":""federal_open_data"",""locationSpecific"":true,""reviewerNote"":""Emergency services flag copied from the official CMS Hospital General Information row for this facility.""}}"
cms-330265,CLIFTON SPRINGS HOSPITAL AND CLINIC,hospital,2 COULTER ROAD,CLIFTON SPRINGS,NY,ONTARIO,14432,42.96053782119,-77.138593472615,(315) 462-9561,Emergency services,CMS Hospital General Information,https://data.cms.gov/provider-data/dataset/xubh-q36u,2026-07-02,"Fields copied from the official CMS Hospital General Information CSV: facility name, address, city, state, ZIP code, county, phone, hospital type, ownership and emergency services flag. Hospital type: Acute Care Hospitals. Ownership: Voluntary non-profit - Private. Emergency services listed by CMS: Yes. Coordinates from the U.S. Census Bureau batch geocoder (Exact address match). CMS quality ratings and measures were intentionally not copied. Daily hours, prices and insurance details were not supplied by this intake.",330265,Hospital General Information,2026-07-02,2026-07-02,needs_review,"{""services"":{""field"":""services"",""status"":""source_backed"",""sourceUrl"":""https://data.cms.gov/provider-data/dataset/xubh-q36u"",""sourceTitle"":""CMS Hospital General Information"",""checkedDate"":""2026-07-02"",""sourceType"":""federal_open_data"",""locationSpecific"":true,""reviewerNote"":""Emergency services flag copied from the official CMS Hospital General Information row for this facility.""}}"
cms-330267,HUDSON VALLEY HOSPITAL CENTER,hospital,1980 CROMPOND ROAD,CORTLANDT MANOR,NY,WESTCHESTER,10567,41.291447199115,-73.892001247379,(914) 734-3611,Emergency services,CMS Hospital General Information,https://data.cms.gov/provider-data/dataset/xubh-q36u,2026-07-02,"Fields copied from the official CMS Hospital General Information CSV: facility name, address, city, state, ZIP code, county, phone, hospital type, ownership and emergency services flag. Hospital type: Acute Care Hospitals. Ownership: Voluntary non-profit - Private. Emergency services listed by CMS: Yes. Coordinates from the U.S. Census Bureau batch geocoder (Exact address match). CMS quality ratings and measures were intentionally not copied. Daily hours, prices and insurance details were not supplied by this intake.",330267,Hospital General Information,2026-07-02,2026-07-02,needs_review,"{""services"":{""field"":""services"",""status"":""source_backed"",""sourceUrl"":""https://data.cms.gov/provider-data/dataset/xubh-q36u"",""sourceTitle"":""CMS Hospital General Information"",""checkedDate"":""2026-07-02"",""sourceType"":""federal_open_data"",""locationSpecific"":true,""reviewerNote"":""Emergency services flag copied from the official CMS Hospital General Information row for this facility.""}}"
cms-330270,HOSPITAL FOR SPECIAL SURGERY,hospital,535 EAST 70TH STREET,NEW YORK,NY,NEW YORK,10021,40.765284298935,-73.95392738726,(212) 606-1000,,CMS Hospital General Information,https://data.cms.gov/provider-data/dataset/xubh-q36u,2026-07-02,"Fields copied from the official CMS Hospital General Information CSV: facility name, address, city, state, ZIP code, county, phone, hospital type, ownership and emergency services flag. Hospital type: Acute Care Hospitals. Ownership: Voluntary non-profit - Private. Emergency services listed by CMS: No. Coordinates from the U.S. Census Bureau batch geocoder (Exact address match). CMS quality ratings and measures were intentionally not copied. Daily hours, prices and insurance details were not supplied by this intake.",330270,Hospital General Information,2026-07-02,2026-07-02,needs_review,
cms-330273,PUTNAM HOSPITAL CENTER,hospital,670 STONELEIGH AVENUE,CARMEL,NY,PUTNAM,10512,41.384742612191,-73.66441394875,(914) 279-5711,Emergency services,CMS Hospital General Information,https://data.cms.gov/provider-data/dataset/xubh-q36u,2026-07-02,"Fields copied from the official CMS Hospital General Information CSV: facility name, address, city, state, ZIP code, county, phone, hospital type, ownership and emergency services flag. Hospital type: Acute Care Hospitals. Ownership: Voluntary non-profit - Private. Emergency services listed by CMS: Yes. Coordinates from the U.S. Census Bureau batch geocoder (Exact address match). CMS quality ratings and measures were intentionally not copied. Daily hours, prices and insurance details were not supplied by this intake.",330273,Hospital General Information,2026-07-02,2026-07-02,needs_review,"{""services"":{""field"":""services"",""status"":""source_backed"",""sourceUrl"":""https://data.cms.gov/provider-data/dataset/xubh-q36u"",""sourceTitle"":""CMS Hospital General Information"",""checkedDate"":""2026-07-02"",""sourceType"":""federal_open_data"",""locationSpecific"":true,""reviewerNote"":""Emergency services flag copied from the official CMS Hospital General Information row for this facility.""}}"
cms-330276,NATHAN LITTAUER HOSPITAL,hospital,99 EAST STATE STREET,GLOVERSVILLE,NY,FULTON,12078,43.068087415638,-74.330753223377,(518) 725-8621,Emergency services,CMS Hospital General Information,https://data.cms.gov/provider-data/dataset/xubh-q36u,2026-07-02,"Fields copied from the official CMS Hospital General Information CSV: facility name, address, city, state, ZIP code, county, phone, hospital type, ownership and emergency services flag. Hospital type: Acute Care Hospitals. Ownership: Voluntary non-profit - Private. Emergency services listed by CMS: Yes. Coordinates from the U.S. Census Bureau batch geocoder (Exact address match). CMS quality ratings and measures were intentionally not copied. Daily hours, prices and insurance details were not supplied by this intake.",330276,Hospital General Information,2026-07-02,2026-07-02,needs_review,"{""services"":{""field"":""services"",""status"":""source_backed"",""sourceUrl"":""https://data.cms.gov/provider-data/dataset/xubh-q36u"",""sourceTitle"":""CMS Hospital General Information"",""checkedDate"":""2026-07-02"",""sourceType"":""federal_open_data"",""locationSpecific"":true,""reviewerNote"":""Emergency services flag copied from the official CMS Hospital General Information row for this facility.""}}"
cms-330279,MERCY HOSPITAL OF BUFFALO,hospital,565 ABBOTT ROAD,BUFFALO,NY,ERIE,14220,42.848244504275,-78.812501622217,(716) 826-7000,Emergency services,CMS Hospital General Information,https://data.cms.gov/provider-data/dataset/xubh-q36u,2026-07-02,"Fields copied from the official CMS Hospital General Information CSV: facility name, address, city, state, ZIP code, county, phone, hospital type, ownership and emergency services flag. Hospital type: Acute Care Hospitals. Ownership: Voluntary non-profit - Private. Emergency services listed by CMS: Yes. Coordinates from the U.S. Census Bureau batch geocoder (Exact address match). CMS quality ratings and measures were intentionally not copied. Daily hours, prices and insurance details were not supplied by this intake.",330279,Hospital General Information,2026-07-02,2026-07-02,needs_review,"{""services"":{""field"":""services"",""status"":""source_backed"",""sourceUrl"":""https://data.cms.gov/provider-data/dataset/xubh-q36u"",""sourceTitle"":""CMS Hospital General Information"",""checkedDate"":""2026-07-02"",""sourceType"":""federal_open_data"",""locationSpecific"":true,""reviewerNote"":""Emergency services flag copied from the official CMS Hospital General Information row for this facility.""}}"
cms-330285,STRONG MEMORIAL HOSPITAL,hospital,601 ELMWOOD AVE,ROCHESTER,NY,MONROE,14642,43.124314838433,-77.624774427005,(585) 275-2121,Emergency services,CMS Hospital General Information,https://data.cms.gov/provider-data/dataset/xubh-q36u,2026-07-02,"Fields copied from the official CMS Hospital General Information CSV: facility name, address, city, state, ZIP code, county, phone, hospital type, ownership and emergency services flag. Hospital type: Acute Care Hospitals. Ownership: Voluntary non-profit - Private. Emergency services listed by CMS: Yes. Coordinates from the U.S. Census Bureau batch geocoder (Non_Exact address match). CMS quality ratings and measures were intentionally not copied. Daily hours, prices and insurance details were not supplied by this intake.",330285,Hospital General Information,2026-07-02,2026-07-02,needs_review,"{""services"":{""field"":""services"",""status"":""source_backed"",""sourceUrl"":""https://data.cms.gov/provider-data/dataset/xubh-q36u"",""sourceTitle"":""CMS Hospital General Information"",""checkedDate"":""2026-07-02"",""sourceType"":""federal_open_data"",""locationSpecific"":true,""reviewerNote"":""Emergency services flag copied from the official CMS Hospital General Information row for this facility.""}}"
cms-330286,GOOD SAMARITAN HOSPITAL MEDICAL CENTER,hospital,1000 MONTAUK HIGHWAY,WEST ISLIP,NY,SUFFOLK,11795,40.695812665145,-73.294614852004,(631) 376-3000,Emergency services,CMS Hospital General Information,https://data.cms.gov/provider-data/dataset/xubh-q36u,2026-07-02,"Fields copied from the official CMS Hospital General Information CSV: facility name, address, city, state, ZIP code, county, phone, hospital type, ownership and emergency services flag. Hospital type: Acute Care Hospitals. Ownership: Voluntary non-profit - Private. Emergency services listed by CMS: Yes. Coordinates from the U.S. Census Bureau batch geocoder (Exact address match). CMS quality ratings and measures were intentionally not copied. Daily hours, prices and insurance details were not supplied by this intake.",330286,Hospital General Information,2026-07-02,2026-07-02,needs_review,"{""services"":{""field"":""services"",""status"":""source_backed"",""sourceUrl"":""https://data.cms.gov/provider-data/dataset/xubh-q36u"",""sourceTitle"":""CMS Hospital General Information"",""checkedDate"":""2026-07-02"",""sourceType"":""federal_open_data"",""locationSpecific"":true,""reviewerNote"":""Emergency services flag copied from the official CMS Hospital General Information row for this facility.""}}"
cms-330307,CAYUGA MEDICAL CENTER AT ITHACA,hospital,101 DATES DRIVE,ITHACA,NY,TOMPKINS,14850,42.470863299515,-76.537604923444,(607) 274-4401,Emergency services,CMS Hospital General Information,https://data.cms.gov/provider-data/dataset/xubh-q36u,2026-07-02,"Fields copied from the official CMS Hospital General Information CSV: facility name, address, city, state, ZIP code, county, phone, hospital type, ownership and emergency services flag. Hospital type: Acute Care Hospitals. Ownership: Voluntary non-profit - Private. Emergency services listed by CMS: Yes. Coordinates from the U.S. Census Bureau batch geocoder (Exact address match). CMS quality ratings and measures were intentionally not copied. Daily hours, prices and insurance details were not supplied by this intake.",330307,Hospital General Information,2026-07-02,2026-07-02,needs_review,"{""services"":{""field"":""services"",""status"":""source_backed"",""sourceUrl"":""https://data.cms.gov/provider-data/dataset/xubh-q36u"",""sourceTitle"":""CMS Hospital General Information"",""checkedDate"":""2026-07-02"",""sourceType"":""federal_open_data"",""locationSpecific"":true,""reviewerNote"":""Emergency services flag copied from the official CMS Hospital General Information row for this facility.""}}"
cms-330331,PLAINVIEW HOSPITAL,hospital,888 OLD COUNTRY ROAD,PLAINVIEW,NY,NASSAU,11803,40.774545107343,-73.477946686604,(516) 719-3000,Emergency services,CMS Hospital General Information,https://data.cms.gov/provider-data/dataset/xubh-q36u,2026-07-02,"Fields copied from the official CMS Hospital General Information CSV: facility name, address, city, state, ZIP code, county, phone, hospital type, ownership and emergency services flag. Hospital type: Acute Care Hospitals. Ownership: Voluntary non-profit - Private. Emergency services listed by CMS: Yes. Coordinates from the U.S. Census Bureau batch geocoder (Exact address match). CMS quality ratings and measures were intentionally not copied. Daily hours, prices and insurance details were not supplied by this intake.",330331,Hospital General Information,2026-07-02,2026-07-02,needs_review,"{""services"":{""field"":""services"",""status"":""source_backed"",""sourceUrl"":""https://data.cms.gov/provider-data/dataset/xubh-q36u"",""sourceTitle"":""CMS Hospital General Information"",""checkedDate"":""2026-07-02"",""sourceType"":""federal_open_data"",""locationSpecific"":true,""reviewerNote"":""Emergency services flag copied from the official CMS Hospital General Information row for this facility.""}}"
cms-330332,CHSLI ST JOSEPH HOSPITAL,hospital,4295 HEMPSTEAD TURNPIKE,BETHPAGE,NY,NASSAU,11714,40.725864228845,-73.478512265918,(516) 759-6000,Emergency services,CMS Hospital General Information,https://data.cms.gov/provider-data/dataset/xubh-q36u,2026-07-02,"Fields copied from the official CMS Hospital General Information CSV: facility name, address, city, state, ZIP code, county, phone, hospital type, ownership and emergency services flag. Hospital type: Acute Care Hospitals. Ownership: Voluntary non-profit - Private. Emergency services listed by CMS: Yes. Coordinates from the U.S. Census Bureau batch geocoder (Exact address match). CMS quality ratings and measures were intentionally not copied. Daily hours, prices and insurance details were not supplied by this intake.",330332,Hospital General Information,2026-07-02,2026-07-02,needs_review,"{""services"":{""field"":""services"",""status"":""source_backed"",""sourceUrl"":""https://data.cms.gov/provider-data/dataset/xubh-q36u"",""sourceTitle"":""CMS Hospital General Information"",""checkedDate"":""2026-07-02"",""sourceType"":""federal_open_data"",""locationSpecific"":true,""reviewerNote"":""Emergency services flag copied from the official CMS Hospital General Information row for this facility.""}}"
cms-330350,SUNY/DOWNSTATE UNIVERSITY HOSPITAL OF BROOKLYN,hospital,445 LENOX ROAD,BROOKLYN,NY,KINGS,11203,40.654457883967,-73.946244670269,(718) 270-1000,Emergency services,CMS Hospital General Information,https://data.cms.gov/provider-data/dataset/xubh-q36u,2026-07-02,"Fields copied from the official CMS Hospital General Information CSV: facility name, address, city, state, ZIP code, county, phone, hospital type, ownership and emergency services flag. Hospital type: Acute Care Hospitals. Ownership: Government - State. Emergency services listed by CMS: Yes. Coordinates from the U.S. Census Bureau batch geocoder (Exact address match). CMS quality ratings and measures were intentionally not copied. Daily hours, prices and insurance details were not supplied by this intake.",330350,Hospital General Information,2026-07-02,2026-07-02,needs_review,"{""services"":{""field"":""services"",""status"":""source_backed"",""sourceUrl"":""https://data.cms.gov/provider-data/dataset/xubh-q36u"",""sourceTitle"":""CMS Hospital General Information"",""checkedDate"":""2026-07-02"",""sourceType"":""federal_open_data"",""locationSpecific"":true,""reviewerNote"":""Emergency services flag copied from the official CMS Hospital General Information row for this facility.""}}"
cms-330394,"UNITED HEALTH SERVICES HOSPITALS, INC",hospital,10-42 MITCHELL AVENUE,BINGHAMTON,NY,BROOME,13903,42.084492079068,-75.914056811649,(607) 763-6000,Emergency services,CMS Hospital General Information,https://data.cms.gov/provider-data/dataset/xubh-q36u,2026-07-02,"Fields copied from the official CMS Hospital General Information CSV: facility name, address, city, state, ZIP code, county, phone, hospital type, ownership and emergency services flag. Hospital type: Acute Care Hospitals. Ownership: Voluntary non-profit - Private. Emergency services listed by CMS: Yes. Coordinates from the U.S. Census Bureau batch geocoder (Non_Exact address match). CMS quality ratings and measures were intentionally not copied. Daily hours, prices and insurance details were not supplied by this intake.",330394,Hospital General Information,2026-07-02,2026-07-02,needs_review,"{""services"":{""field"":""services"",""status"":""source_backed"",""sourceUrl"":""https://data.cms.gov/provider-data/dataset/xubh-q36u"",""sourceTitle"":""CMS Hospital General Information"",""checkedDate"":""2026-07-02"",""sourceType"":""federal_open_data"",""locationSpecific"":true,""reviewerNote"":""Emergency services flag copied from the official CMS Hospital General Information row for this facility.""}}"
cms-330395,ST JOHN'S EPISCOPAL HOSPITAL AT SOUTH SHORE,hospital,327 BEACH 19TH STREET,FAR ROCKAWAY,NY,QUEENS,11691,40.598033956515,-73.753027797436,(718) 869-7000,Emergency services,CMS Hospital General Information,https://data.cms.gov/provider-data/dataset/xubh-q36u,2026-07-02,"Fields copied from the official CMS Hospital General Information CSV: facility name, address, city, state, ZIP code, county, phone, hospital type, ownership and emergency services flag. Hospital type: Acute Care Hospitals. Ownership: Voluntary non-profit - Private. Emergency services listed by CMS: Yes. Coordinates from the U.S. Census Bureau batch geocoder (Exact address match). CMS quality ratings and measures were intentionally not copied. Daily hours, prices and insurance details were not supplied by this intake.",330395,Hospital General Information,2026-07-02,2026-07-02,needs_review,"{""services"":{""field"":""services"",""status"":""source_backed"",""sourceUrl"":""https://data.cms.gov/provider-data/dataset/xubh-q36u"",""sourceTitle"":""CMS Hospital General Information"",""checkedDate"":""2026-07-02"",""sourceType"":""federal_open_data"",""locationSpecific"":true,""reviewerNote"":""Emergency services flag copied from the official CMS Hospital General Information row for this facility.""}}"
cms-330396,WOODHULL MEDICAL & MENTAL HEALTH CENTER,hospital,760 BROADWAY,BROOKLYN,NY,KINGS,11206,40.700457084778,-73.941587228488,(718) 963-8100,Emergency services,CMS Hospital General Information,https://data.cms.gov/provider-data/dataset/xubh-q36u,2026-07-02,"Fields copied from the official CMS Hospital General Information CSV: facility name, address, city, state, ZIP code, county, phone, hospital type, ownership and emergency services flag. Hospital type: Acute Care Hospitals. Ownership: Government - Local. Emergency services listed by CMS: Yes. Coordinates from the U.S. Census Bureau batch geocoder (Exact address match). CMS quality ratings and measures were intentionally not copied. Daily hours, prices and insurance details were not supplied by this intake.",330396,Hospital General Information,2026-07-02,2026-07-02,needs_review,"{""services"":{""field"":""services"",""status"":""source_backed"",""sourceUrl"":""https://data.cms.gov/provider-data/dataset/xubh-q36u"",""sourceTitle"":""CMS Hospital General Information"",""checkedDate"":""2026-07-02"",""sourceType"":""federal_open_data"",""locationSpecific"":true,""reviewerNote"":""Emergency services flag copied from the official CMS Hospital General Information row for this facility.""}}"
cms-330399,ST BARNABAS HOSPITAL,hospital,4422 THIRD AVENUE,BRONX,NY,BRONX,10457,40.853567241769,-73.891327356672,(212) 960-9000,Emergency services,CMS Hospital General Information,https://data.cms.gov/provider-data/dataset/xubh-q36u,2026-07-02,"Fields copied from the official CMS Hospital General Information CSV: facility name, address, city, state, ZIP code, county, phone, hospital type, ownership and emergency services flag. Hospital type: Acute Care Hospitals. Ownership: Voluntary non-profit - Private. Emergency services listed by CMS: Yes. Coordinates from the U.S. Census Bureau batch geocoder (Exact address match). CMS quality ratings and measures were intentionally not copied. Daily hours, prices and insurance details were not supplied by this intake.",330399,Hospital General Information,2026-07-02,2026-07-02,needs_review,"{""services"":{""field"":""services"",""status"":""source_backed"",""sourceUrl"":""https://data.cms.gov/provider-data/dataset/xubh-q36u"",""sourceTitle"":""CMS Hospital General Information"",""checkedDate"":""2026-07-02"",""sourceType"":""federal_open_data"",""locationSpecific"":true,""reviewerNote"":""Emergency services flag copied from the official CMS Hospital General Information row for this facility.""}}"
cms-330401,ST CATHERINE OF SIENA HOSPITAL,hospital,50 ROUTE 25A,SMITHTOWN,NY,SUFFOLK,11787,40.865025913719,-73.220617257623,(631) 862-3000,Emergency services,CMS Hospital General Information,https://data.cms.gov/provider-data/dataset/xubh-q36u,2026-07-02,"Fields copied from the official CMS Hospital General Information CSV: facility name, address, city, state, ZIP code, county, phone, hospital type, ownership and emergency services flag. Hospital type: Acute Care Hospitals. Ownership: Voluntary non-profit - Church. Emergency services listed by CMS: Yes. Coordinates from the U.S. Census Bureau batch geocoder (Exact address match). CMS quality ratings and measures were intentionally not copied. Daily hours, prices and insurance details were not supplied by this intake.",330401,Hospital General Information,2026-07-02,2026-07-02,needs_review,"{""services"":{""field"":""services"",""status"":""source_backed"",""sourceUrl"":""https://data.cms.gov/provider-data/dataset/xubh-q36u"",""sourceTitle"":""CMS Hospital General Information"",""checkedDate"":""2026-07-02"",""sourceType"":""federal_open_data"",""locationSpecific"":true,""reviewerNote"":""Emergency services flag copied from the official CMS Hospital General Information row for this facility.""}}"
cms-330405,HELEN HAYES HOSPITAL,hospital,51 NORTH ROUTE 9W,WEST HAVERSTRAW,NY,ROCKLAND,10993,41.212121783839,-73.982218361094,(845) 786-4000,,CMS Hospital General Information,https://data.cms.gov/provider-data/dataset/xubh-q36u,2026-07-02,"Fields copied from the official CMS Hospital General Information CSV: facility name, address, city, state, ZIP code, county, phone, hospital type, ownership and emergency services flag. Hospital type: Acute Care Hospitals. Ownership: Government - State. Emergency services listed by CMS: No. Coordinates from the U.S. Census Bureau batch geocoder (Non_Exact address match). CMS quality ratings and measures were intentionally not copied. Daily hours, prices and insurance details were not supplied by this intake.",330405,Hospital General Information,2026-07-02,2026-07-02,needs_review,
cms-330406,SUNNYVIEW HOSPITAL AND REHABILITATION CENTER,hospital,1270 BELMONT AVENUE,SCHENECTADY,NY,SCHENECTADY,12308,42.821932372541,-73.913346411738,(518) 382-4500,,CMS Hospital General Information,https://data.cms.gov/provider-data/dataset/xubh-q36u,2026-07-02,"Fields copied from the official CMS Hospital General Information CSV: facility name, address, city, state, ZIP code, county, phone, hospital type, ownership and emergency services flag. Hospital type: Acute Care Hospitals. Ownership: Voluntary non-profit - Private. Emergency services listed by CMS: No. Coordinates from the U.S. Census Bureau batch geocoder (Exact address match). CMS quality ratings and measures were intentionally not copied. Daily hours, prices and insurance details were not supplied by this intake.",330406,Hospital General Information,2026-07-02,2026-07-02,needs_review,
cms-330411,UNITY SPECIALTY HOSPITAL,hospital,89 GENESEE STREET,ROCHESTER,NY,MONROE,14611,43.148425980769,-77.636142925779,(585) 723-7000,,CMS Hospital General Information,https://data.cms.gov/provider-data/dataset/xubh-q36u,2026-07-02,"Fields copied from the official CMS Hospital General Information CSV: facility name, address, city, state, ZIP code, county, phone, hospital type, ownership and emergency services flag. Hospital type: Acute Care Hospitals. Ownership: Voluntary non-profit - Private. Emergency services listed by CMS: No. Coordinates from the U.S. Census Bureau batch geocoder (Exact address match). CMS quality ratings and measures were intentionally not copied. Daily hours, prices and insurance details were not supplied by this intake.",330411,Hospital General Information,2026-07-02,2026-07-02,needs_review,
cms-330799,CLIFTON-FINE HOSPITAL,hospital,1014 OSWEGATCHIE TRAIL,STAR LAKE,NY,ST. LAWRENCE,13690,44.163139621246,-75.056236493566,(315) 848-4205,Emergency services,CMS Hospital General Information,https://data.cms.gov/provider-data/dataset/xubh-q36u,2026-07-02,"Fields copied from the official CMS Hospital General Information CSV: facility name, address, city, state, ZIP code, county, phone, hospital type, ownership and emergency services flag. Hospital type: Rural Emergency Hospital. Ownership: Voluntary non-profit - Other. Emergency services listed by CMS: Yes. Coordinates from the U.S. Census Bureau batch geocoder (Non_Exact address match). CMS quality ratings and measures were intentionally not copied. Daily hours, prices and insurance details were not supplied by this intake.",330799,Hospital General Information,2026-07-02,2026-07-02,needs_review,"{""services"":{""field"":""services"",""status"":""source_backed"",""sourceUrl"":""https://data.cms.gov/provider-data/dataset/xubh-q36u"",""sourceTitle"":""CMS Hospital General Information"",""checkedDate"":""2026-07-02"",""sourceType"":""federal_open_data"",""locationSpecific"":true,""reviewerNote"":""Emergency services flag copied from the official CMS Hospital General Information row for this facility.""}}"
cms-330800,IRA DAVENPORT MEMORIAL HOSPITAL,hospital,7571 STATE ROUTE 54,BATH,NY,STEUBEN,14810,42.373861760467,-77.276998383377,(607) 776-8500,Emergency services,CMS Hospital General Information,https://data.cms.gov/provider-data/dataset/xubh-q36u,2026-07-02,"Fields copied from the official CMS Hospital General Information CSV: facility name, address, city, state, ZIP code, county, phone, hospital type, ownership and emergency services flag. Hospital type: Rural Emergency Hospital. Ownership: Voluntary non-profit - Private. Emergency services listed by CMS: Yes. Coordinates from the U.S. Census Bureau batch geocoder (Exact address match). CMS quality ratings and measures were intentionally not copied. Daily hours, prices and insurance details were not supplied by this intake.",330800,Hospital General Information,2026-07-02,2026-07-02,needs_review,"{""services"":{""field"":""services"",""status"":""source_backed"",""sourceUrl"":""https://data.cms.gov/provider-data/dataset/xubh-q36u"",""sourceTitle"":""CMS Hospital General Information"",""checkedDate"":""2026-07-02"",""sourceType"":""federal_open_data"",""locationSpecific"":true,""reviewerNote"":""Emergency services flag copied from the official CMS Hospital General Information row for this facility.""}}"
cms-331301,"CUBA MEMORIAL HOSPITAL, INC",hospital,140 WEST MAIN STREET,CUBA,NY,ALLEGANY,14727,42.213489562619,-78.287442785199,(585) 961-2000,,CMS Hospital General Information,https://data.cms.gov/provider-data/dataset/xubh-q36u,2026-07-02,"Fields copied from the official CMS Hospital General Information CSV: facility name, address, city, state, ZIP code, county, phone, hospital type, ownership and emergency services flag. Hospital type: Critical Access Hospitals. Ownership: Voluntary non-profit - Private. Emergency services listed by CMS: No. Coordinates from the U.S. Census Bureau batch geocoder (Exact address match). CMS quality ratings and measures were intentionally not copied. Daily hours, prices and insurance details were not supplied by this intake.",331301,Hospital General Information,2026-07-02,2026-07-02,needs_review,
cms-331302,ELIZABETHTOWN COMMUNITY HOSPITAL,hospital,75 PARK STREET,ELIZABETHTOWN,NY,ESSEX,12932,44.215345233935,-73.59644502365,(518) 873-6377,Emergency services,CMS Hospital General Information,https://data.cms.gov/provider-data/dataset/xubh-q36u,2026-07-02,"Fields copied from the official CMS Hospital General Information CSV: facility name, address, city, state, ZIP code, county, phone, hospital type, ownership and emergency services flag. Hospital type: Critical Access Hospitals. Ownership: Voluntary non-profit - Private. Emergency services listed by CMS: Yes. Coordinates from the U.S. Census Bureau batch geocoder (Exact address match). CMS quality ratings and measures were intentionally not copied. Daily hours, prices and insurance details were not supplied by this intake.",331302,Hospital General Information,2026-07-02,2026-07-02,needs_review,"{""services"":{""field"":""services"",""status"":""source_backed"",""sourceUrl"":""https://data.cms.gov/provider-data/dataset/xubh-q36u"",""sourceTitle"":""CMS Hospital General Information"",""checkedDate"":""2026-07-02"",""sourceType"":""federal_open_data"",""locationSpecific"":true,""reviewerNote"":""Emergency services flag copied from the official CMS Hospital General Information row for this facility.""}}"
cms-331304,MARGARETVILLE MEMORIAL HOSPITAL,hospital,42084 STATE HIGHWAY 28,MARGARETVILLE,NY,DELAWARE,12455,42.147713545837,-74.64400460197,(845) 586-2631,Emergency services,CMS Hospital General Information,https://data.cms.gov/provider-data/dataset/xubh-q36u,2026-07-02,"Fields copied from the official CMS Hospital General Information CSV: facility name, address, city, state, ZIP code, county, phone, hospital type, ownership and emergency services flag. Hospital type: Critical Access Hospitals. Ownership: Voluntary non-profit - Private. Emergency services listed by CMS: Yes. Coordinates from the U.S. Census Bureau batch geocoder (Exact address match). CMS quality ratings and measures were intentionally not copied. Daily hours, prices and insurance details were not supplied by this intake.",331304,Hospital General Information,2026-07-02,2026-07-02,needs_review,"{""services"":{""field"":""services"",""status"":""source_backed"",""sourceUrl"":""https://data.cms.gov/provider-data/dataset/xubh-q36u"",""sourceTitle"":""CMS Hospital General Information"",""checkedDate"":""2026-07-02"",""sourceType"":""federal_open_data"",""locationSpecific"":true,""reviewerNote"":""Emergency services flag copied from the official CMS Hospital General Information row for this facility.""}}"
cms-331305,O'CONNOR HOSPITAL,hospital,460 ANDES ROAD,DELHI,NY,DELAWARE,13753,42.268082486237,-74.915781134417,(607) 746-0300,Emergency services,CMS Hospital General Information,https://data.cms.gov/provider-data/dataset/xubh-q36u,2026-07-02,"Fields copied from the official CMS Hospital General Information CSV: facility name, address, city, state, ZIP code, county, phone, hospital type, ownership and emergency services flag. Hospital type: Critical Access Hospitals. Ownership: Voluntary non-profit - Private. Emergency services listed by CMS: Yes. Coordinates from the U.S. Census Bureau batch geocoder (Exact address match). CMS quality ratings and measures were intentionally not copied. Daily hours, prices and insurance details were not supplied by this intake.",331305,Hospital General Information,2026-07-02,2026-07-02,needs_review,"{""services"":{""field"":""services"",""status"":""source_backed"",""sourceUrl"":""https://data.cms.gov/provider-data/dataset/xubh-q36u"",""sourceTitle"":""CMS Hospital General Information"",""checkedDate"":""2026-07-02"",""sourceType"":""federal_open_data"",""locationSpecific"":true,""reviewerNote"":""Emergency services flag copied from the official CMS Hospital General Information row for this facility.""}}"
cms-331309,RIVER HOSPITAL CLINICS,hospital,4 FULLER STREET,ALEXANDRIA BAY,NY,JEFFERSON,13607,44.337303207483,-75.919977115029,(315) 482-2511,Emergency services,CMS Hospital General Information,https://data.cms.gov/provider-data/dataset/xubh-q36u,2026-07-02,"Fields copied from the official CMS Hospital General Information CSV: facility name, address, city, state, ZIP code, county, phone, hospital type, ownership and emergency services flag. Hospital type: Critical Access Hospitals. Ownership: Voluntary non-profit - Private. Emergency services listed by CMS: Yes. Coordinates from the U.S. Census Bureau batch geocoder (Exact address match). CMS quality ratings and measures were intentionally not copied. Daily hours, prices and insurance details were not supplied by this intake.",331309,Hospital General Information,2026-07-02,2026-07-02,needs_review,"{""services"":{""field"":""services"",""status"":""source_backed"",""sourceUrl"":""https://data.cms.gov/provider-data/dataset/xubh-q36u"",""sourceTitle"":""CMS Hospital General Information"",""checkedDate"":""2026-07-02"",""sourceType"":""federal_open_data"",""locationSpecific"":true,""reviewerNote"":""Emergency services flag copied from the official CMS Hospital General Information row for this facility.""}}"
cms-331310,ELLENVILLE REGIONAL HOSPITAL,hospital,10 HEALTHY WAY,ELLENVILLE,NY,ULSTER,12428,41.733037291206,-74.380393361454,(845) 647-6400,Emergency services,CMS Hospital General Information,https://data.cms.gov/provider-data/dataset/xubh-q36u,2026-07-02,"Fields copied from the official CMS Hospital General Information CSV: facility name, address, city, state, ZIP code, county, phone, hospital type, ownership and emergency services flag. Hospital type: Critical Access Hospitals. Ownership: Voluntary non-profit - Private. Emergency services listed by CMS: Yes. Coordinates from the U.S. Census Bureau batch geocoder (Exact address match). CMS quality ratings and measures were intentionally not copied. Daily hours, prices and insurance details were not supplied by this intake.",331310,Hospital General Information,2026-07-02,2026-07-02,needs_review,"{""services"":{""field"":""services"",""status"":""source_backed"",""sourceUrl"":""https://data.cms.gov/provider-data/dataset/xubh-q36u"",""sourceTitle"":""CMS Hospital General Information"",""checkedDate"":""2026-07-02"",""sourceType"":""federal_open_data"",""locationSpecific"":true,""reviewerNote"":""Emergency services flag copied from the official CMS Hospital General Information row for this facility.""}}"
cms-331311,LITTLE FALLS HOSPITAL,hospital,140 BURWELL STREET,LITTLE FALLS,NY,HERKIMER,13365,43.043968684692,-74.847480432911,(315) 823-5261,Emergency services,CMS Hospital General Information,https://data.cms.gov/provider-data/dataset/xubh-q36u,2026-07-02,"Fields copied from the official CMS Hospital General Information CSV: facility name, address, city, state, ZIP code, county, phone, hospital type, ownership and emergency services flag. Hospital type: Critical Access Hospitals. Ownership: Voluntary non-profit - Private. Emergency services listed by CMS: Yes. Coordinates from the U.S. Census Bureau batch geocoder (Exact address match). CMS quality ratings and measures were intentionally not copied. Daily hours, prices and insurance details were not supplied by this intake.",331311,Hospital General Information,2026-07-02,2026-07-02,needs_review,"{""services"":{""field"":""services"",""status"":""source_backed"",""sourceUrl"":""https://data.cms.gov/provider-data/dataset/xubh-q36u"",""sourceTitle"":""CMS Hospital General Information"",""checkedDate"":""2026-07-02"",""sourceType"":""federal_open_data"",""locationSpecific"":true,""reviewerNote"":""Emergency services flag copied from the official CMS Hospital General Information row for this facility.""}}"
cms-331312,"DELAWARE VALLEY HOSPITAL, INC",hospital,1 TITUS PLACE,WALTON,NY,DELAWARE,13856,42.164432199679,-75.128607236091,(607) 865-2188,Emergency services,CMS Hospital General Information,https://data.cms.gov/provider-data/dataset/xubh-q36u,2026-07-02,"Fields copied from the official CMS Hospital General Information CSV: facility name, address, city, state, ZIP code, county, phone, hospital type, ownership and emergency services flag. Hospital type: Critical Access Hospitals. Ownership: Voluntary non-profit - Private. Emergency services listed by CMS: Yes. Coordinates from the U.S. Census Bureau batch geocoder (Exact address match). CMS quality ratings and measures were intentionally not copied. Daily hours, prices and insurance details were not supplied by this intake.",331312,Hospital General Information,2026-07-02,2026-07-02,needs_review,"{""services"":{""field"":""services"",""status"":""source_backed"",""sourceUrl"":""https://data.cms.gov/provider-data/dataset/xubh-q36u"",""sourceTitle"":""CMS Hospital General Information"",""checkedDate"":""2026-07-02"",""sourceType"":""federal_open_data"",""locationSpecific"":true,""reviewerNote"":""Emergency services flag copied from the official CMS Hospital General Information row for this facility.""}}"
cms-331313,SCHUYLER HOSPITAL,hospital,220 STEUBEN STREET,MONTOUR FALLS,NY,SCHUYLER,14865,42.351467466826,-76.859168985312,(607) 530-7121,Emergency services,CMS Hospital General Information,https://data.cms.gov/provider-data/dataset/xubh-q36u,2026-07-02,"Fields copied from the official CMS Hospital General Information CSV: facility name, address, city, state, ZIP code, county, phone, hospital type, ownership and emergency services flag. Hospital type: Critical Access Hospitals. Ownership: Voluntary non-profit - Private. Emergency services listed by CMS: Yes. Coordinates from the U.S. Census Bureau batch geocoder (Exact address match). CMS quality ratings and measures were intentionally not copied. Daily hours, prices and insurance details were not supplied by this intake.",331313,Hospital General Information,2026-07-02,2026-07-02,needs_review,"{""services"":{""field"":""services"",""status"":""source_backed"",""sourceUrl"":""https://data.cms.gov/provider-data/dataset/xubh-q36u"",""sourceTitle"":""CMS Hospital General Information"",""checkedDate"":""2026-07-02"",""sourceType"":""federal_open_data"",""locationSpecific"":true,""reviewerNote"":""Emergency services flag copied from the official CMS Hospital General Information row for this facility.""}}"
cms-331314,SOLDIERS AND SAILORS MEMORIAL HOSPITAL OF YATES,hospital,418 NORTH MAIN STREET,PENN YAN,NY,YATES,14527,42.670748349168,-77.059864416212,(315) 787-4175,Emergency services,CMS Hospital General Information,https://data.cms.gov/provider-data/dataset/xubh-q36u,2026-07-02,"Fields copied from the official CMS Hospital General Information CSV: facility name, address, city, state, ZIP code, county, phone, hospital type, ownership and emergency services flag. Hospital type: Critical Access Hospitals. Ownership: Voluntary non-profit - Private. Emergency services listed by CMS: Yes. Coordinates from the U.S. Census Bureau batch geocoder (Exact address match). CMS quality ratings and measures were intentionally not copied. Daily hours, prices and insurance details were not supplied by this intake.",331314,Hospital General Information,2026-07-02,2026-07-02,needs_review,"{""services"":{""field"":""services"",""status"":""source_backed"",""sourceUrl"":""https://data.cms.gov/provider-data/dataset/xubh-q36u"",""sourceTitle"":""CMS Hospital General Information"",""checkedDate"":""2026-07-02"",""sourceType"":""federal_open_data"",""locationSpecific"":true,""reviewerNote"":""Emergency services flag copied from the official CMS Hospital General Information row for this facility.""}}"
cms-331315,GOUVERNEUR HOSPITAL,hospital,77 WEST BARNEY STREET,GOUVERNEUR,NY,ST. LAWRENCE,13642,44.338331033988,-75.474050399187,(315) 287-1000,Emergency services,CMS Hospital General Information,https://data.cms.gov/provider-data/dataset/xubh-q36u,2026-07-02,"Fields copied from the official CMS Hospital General Information CSV: facility name, address, city, state, ZIP code, county, phone, hospital type, ownership and emergency services flag. Hospital type: Critical Access Hospitals. Ownership: Voluntary non-profit - Private. Emergency services listed by CMS: Yes. Coordinates from the U.S. Census Bureau batch geocoder (Exact address match). CMS quality ratings and measures were intentionally not copied. Daily hours, prices and insurance details were not supplied by this intake.",331315,Hospital General Information,2026-07-02,2026-07-02,needs_review,"{""services"":{""field"":""services"",""status"":""source_backed"",""sourceUrl"":""https://data.cms.gov/provider-data/dataset/xubh-q36u"",""sourceTitle"":""CMS Hospital General Information"",""checkedDate"":""2026-07-02"",""sourceType"":""federal_open_data"",""locationSpecific"":true,""reviewerNote"":""Emergency services flag copied from the official CMS Hospital General Information row for this facility.""}}"
cms-331316,"COMMUNITY MEMORIAL HOSPITAL, INC",hospital,150 BROAD STREET,HAMILTON,NY,MADISON,13346,42.812281923408,-75.542660348637,(315) 824-1100,Emergency services,CMS Hospital General Information,https://data.cms.gov/provider-data/dataset/xubh-q36u,2026-07-02,"Fields copied from the official CMS Hospital General Information CSV: facility name, address, city, state, ZIP code, county, phone, hospital type, ownership and emergency services flag. Hospital type: Critical Access Hospitals. Ownership: Voluntary non-profit - Private. Emergency services listed by CMS: Yes. Coordinates from the U.S. Census Bureau batch geocoder (Exact address match). CMS quality ratings and measures were intentionally not copied. Daily hours, prices and insurance details were not supplied by this intake.",331316,Hospital General Information,2026-07-02,2026-07-02,needs_review,"{""services"":{""field"":""services"",""status"":""source_backed"",""sourceUrl"":""https://data.cms.gov/provider-data/dataset/xubh-q36u"",""sourceTitle"":""CMS Hospital General Information"",""checkedDate"":""2026-07-02"",""sourceType"":""federal_open_data"",""locationSpecific"":true,""reviewerNote"":""Emergency services flag copied from the official CMS Hospital General Information row for this facility.""}}"
cms-331317,LEWIS COUNTY GENERAL HOSPITAL,hospital,7785 NORTH STATE STREET,LOWVILLE,NY,LEWIS,13367,43.795799167006,-75.498220965668,(315) 376-5200,Emergency services,CMS Hospital General Information,https://data.cms.gov/provider-data/dataset/xubh-q36u,2026-07-02,"Fields copied from the official CMS Hospital General Information CSV: facility name, address, city, state, ZIP code, county, phone, hospital type, ownership and emergency services flag. Hospital type: Critical Access Hospitals. Ownership: Government - Local. Emergency services listed by CMS: Yes. Coordinates from the U.S. Census Bureau batch geocoder (Exact address match). CMS quality ratings and measures were intentionally not copied. Daily hours, prices and insurance details were not supplied by this intake.",331317,Hospital General Information,2026-07-02,2026-07-02,needs_review,"{""services"":{""field"":""services"",""status"":""source_backed"",""sourceUrl"":""https://data.cms.gov/provider-data/dataset/xubh-q36u"",""sourceTitle"":""CMS Hospital General Information"",""checkedDate"":""2026-07-02"",""sourceType"":""federal_open_data"",""locationSpecific"":true,""reviewerNote"":""Emergency services flag copied from the official CMS Hospital General Information row for this facility.""}}"
cms-331318,"CARTHAGE AREA HOSPITAL, INC",hospital,1001 WEST STREET,CARTHAGE,NY,JEFFERSON,13619,43.986233106494,-75.594812671823,(315) 493-1000,Emergency services,CMS Hospital General Information,https://data.cms.gov/provider-data/dataset/xubh-q36u,2026-07-02,"Fields copied from the official CMS Hospital General Information CSV: facility name, address, city, state, ZIP code, county, phone, hospital type, ownership and emergency services flag. Hospital type: Critical Access Hospitals. Ownership: Voluntary non-profit - Private. Emergency services listed by CMS: Yes. Coordinates from the U.S. Census Bureau batch geocoder (Exact address match). CMS quality ratings and measures were intentionally not copied. Daily hours, prices and insurance details were not supplied by this intake.",331318,Hospital General Information,2026-07-02,2026-07-02,needs_review,"{""services"":{""field"":""services"",""status"":""source_backed"",""sourceUrl"":""https://data.cms.gov/provider-data/dataset/xubh-q36u"",""sourceTitle"":""CMS Hospital General Information"",""checkedDate"":""2026-07-02"",""sourceType"":""federal_open_data"",""locationSpecific"":true,""reviewerNote"":""Emergency services flag copied from the official CMS Hospital General Information row for this facility.""}}"
cms-331319,MEDINA MEMORIAL HOSPITAL,hospital,200 OHIO STREET,MEDINA,NY,ORLEANS,14103,43.223649150711,-78.397149596321,(585) 798-8111,Emergency services,CMS Hospital General Information,https://data.cms.gov/provider-data/dataset/xubh-q36u,2026-07-02,"Fields copied from the official CMS Hospital General Information CSV: facility name, address, city, state, ZIP code, county, phone, hospital type, ownership and emergency services flag. Hospital type: Critical Access Hospitals. Ownership: Voluntary non-profit - Private. Emergency services listed by CMS: Yes. Coordinates from the U.S. Census Bureau batch geocoder (Exact address match). CMS quality ratings and measures were intentionally not copied. Daily hours, prices and insurance details were not supplied by this intake.",331319,Hospital General Information,2026-07-02,2026-07-02,needs_review,"{""services"":{""field"":""services"",""status"":""source_backed"",""sourceUrl"":""https://data.cms.gov/provider-data/dataset/xubh-q36u"",""sourceTitle"":""CMS Hospital General Information"",""checkedDate"":""2026-07-02"",""sourceType"":""federal_open_data"",""locationSpecific"":true,""reviewerNote"":""Emergency services flag copied from the official CMS Hospital General Information row for this facility.""}}"
cms-331320,COBLESKILL REGIONAL HOSPITAL,hospital,178 GRANDVIEW DRIVE,COBLESKILL,NY,SCHOHARIE,12043,42.686275680335,-74.482926150273,(518) 254-3456,Emergency services,CMS Hospital General Information,https://data.cms.gov/provider-data/dataset/xubh-q36u,2026-07-02,"Fields copied from the official CMS Hospital General Information CSV: facility name, address, city, state, ZIP code, county, phone, hospital type, ownership and emergency services flag. Hospital type: Critical Access Hospitals. Ownership: Voluntary non-profit - Private. Emergency services listed by CMS: Yes. Coordinates from the U.S. Census Bureau batch geocoder (Exact address match). CMS quality ratings and measures were intentionally not copied. Daily hours, prices and insurance details were not supplied by this intake.",331320,Hospital General Information,2026-07-02,2026-07-02,needs_review,"{""services"":{""field"":""services"",""status"":""source_backed"",""sourceUrl"":""https://data.cms.gov/provider-data/dataset/xubh-q36u"",""sourceTitle"":""CMS Hospital General Information"",""checkedDate"":""2026-07-02"",""sourceType"":""federal_open_data"",""locationSpecific"":true,""reviewerNote"":""Emergency services flag copied from the official CMS Hospital General Information row for this facility.""}}"
cms-331321,THE UNIVERSITY OF VERMONT HEALTH NETWORK-ALICE HY,hospital,"133 PARK STREET, PO BOX 729",MALONE,NY,FRANKLIN,12953,44.856844966303,-74.291919766412,(518) 481-2458,Emergency services,CMS Hospital General Information,https://data.cms.gov/provider-data/dataset/xubh-q36u,2026-07-02,"Fields copied from the official CMS Hospital General Information CSV: facility name, address, city, state, ZIP code, county, phone, hospital type, ownership and emergency services flag. Hospital type: Critical Access Hospitals. Ownership: Voluntary non-profit - Private. Emergency services listed by CMS: Yes. Coordinates from the U.S. Census Bureau batch geocoder (Non_Exact address match). CMS quality ratings and measures were intentionally not copied. Daily hours, prices and insurance details were not supplied by this intake.",331321,Hospital General Information,2026-07-02,2026-07-02,needs_review,"{""services"":{""field"":""services"",""status"":""source_backed"",""sourceUrl"":""https://data.cms.gov/provider-data/dataset/xubh-q36u"",""sourceTitle"":""CMS Hospital General Information"",""checkedDate"":""2026-07-02"",""sourceType"":""federal_open_data"",""locationSpecific"":true,""reviewerNote"":""Emergency services flag copied from the official CMS Hospital General Information row for this facility.""}}"
cms-331322,"SLHS MASSENA, INC",hospital,1 HOSPITAL DRIVE,MASSENA,NY,ST. LAWRENCE,13662,44.936809871385,-74.908378918583,(315) 769-4234,Emergency services,CMS Hospital General Information,https://data.cms.gov/provider-data/dataset/xubh-q36u,2026-07-02,"Fields copied from the official CMS Hospital General Information CSV: facility name, address, city, state, ZIP code, county, phone, hospital type, ownership and emergency services flag. Hospital type: Critical Access Hospitals. Ownership: Voluntary non-profit - Private. Emergency services listed by CMS: Yes. Coordinates from the U.S. Census Bureau batch geocoder (Exact address match). CMS quality ratings and measures were intentionally not copied. Daily hours, prices and insurance details were not supplied by this intake.",331322,Hospital General Information,2026-07-02,2026-07-02,needs_review,"{""services"":{""field"":""services"",""status"":""source_backed"",""sourceUrl"":""https://data.cms.gov/provider-data/dataset/xubh-q36u"",""sourceTitle"":""CMS Hospital General Information"",""checkedDate"":""2026-07-02"",""sourceType"":""federal_open_data"",""locationSpecific"":true,""reviewerNote"":""Emergency services flag copied from the official CMS Hospital General Information row for this facility.""}}"
cms-331323,WYOMING COUNTY,hospital,400 NORTH MAIN STREET,WARSAW,NY,WYOMING,14569,42.728712228388,-78.132586593922,(585) 786-8940,Emergency services,CMS Hospital General Information,https://data.cms.gov/provider-data/dataset/xubh-q36u,2026-07-02,"Fields copied from the official CMS Hospital General Information CSV: facility name, address, city, state, ZIP code, county, phone, hospital type, ownership and emergency services flag. Hospital type: Critical Access Hospitals. Ownership: Government - Local. Emergency services listed by CMS: Yes. Coordinates from the U.S. Census Bureau batch geocoder (Non_Exact address match). CMS quality ratings and measures were intentionally not copied. Daily hours, prices and insurance details were not supplied by this intake.",331323,Hospital General Information,2026-07-02,2026-07-02,needs_review,"{""services"":{""field"":""services"",""status"":""source_backed"",""sourceUrl"":""https://data.cms.gov/provider-data/dataset/xubh-q36u"",""sourceTitle"":""CMS Hospital General Information"",""checkedDate"":""2026-07-02"",""sourceType"":""federal_open_data"",""locationSpecific"":true,""reviewerNote"":""Emergency services flag copied from the official CMS Hospital General Information row for this facility.""}}"
cms-334001,HUTCHINGS PSYCHIATRIC CTR,hospital,620 MADISON STREET,SYRACUSE,NY,ONONDAGA,13210,43.04533904895,-76.141740663734,(315) 473-4980,Emergency services,CMS Hospital General Information,https://data.cms.gov/provider-data/dataset/xubh-q36u,2026-07-02,"Fields copied from the official CMS Hospital General Information CSV: facility name, address, city, state, ZIP code, county, phone, hospital type, ownership and emergency services flag. Hospital type: Psychiatric. Ownership: Government - State. Emergency services listed by CMS: Yes. Coordinates from the U.S. Census Bureau batch geocoder (Exact address match). CMS quality ratings and measures were intentionally not copied. Daily hours, prices and insurance details were not supplied by this intake.",334001,Hospital General Information,2026-07-02,2026-07-02,needs_review,"{""services"":{""field"":""services"",""status"":""source_backed"",""sourceUrl"":""https://data.cms.gov/provider-data/dataset/xubh-q36u"",""sourceTitle"":""CMS Hospital General Information"",""checkedDate"":""2026-07-02"",""sourceType"":""federal_open_data"",""locationSpecific"":true,""reviewerNote"":""Emergency services flag copied from the official CMS Hospital General Information row for this facility.""}}"
cms-334003,ST LAWRENCE PSYCHIATRIC CENTER,hospital,ONE CHIMNEY POINT DRIVE,OGDENSBURG,NY,ST. LAWRENCE,13669,44.716066021149,-75.450733282657,(315) 541-2071,,CMS Hospital General Information,https://data.cms.gov/provider-data/dataset/xubh-q36u,2026-07-02,"Fields copied from the official CMS Hospital General Information CSV: facility name, address, city, state, ZIP code, county, phone, hospital type, ownership and emergency services flag. Hospital type: Psychiatric. Ownership: Government - State. Emergency services listed by CMS: No. Coordinates from the U.S. Census Bureau batch geocoder (Exact address match). CMS quality ratings and measures were intentionally not copied. Daily hours, prices and insurance details were not supplied by this intake.",334003,Hospital General Information,2026-07-02,2026-07-02,needs_review,
cms-334004,CREEDMOOR PSYCHIATRIC CENTER,hospital,80-45 WINCHESTER BLVD BLDG B,QUEENS VILLAGE,NY,QUEENS,11427,40.734240060156,-73.734872881763,(718) 264-4000,,CMS Hospital General Information,https://data.cms.gov/provider-data/dataset/xubh-q36u,2026-07-02,"Fields copied from the official CMS Hospital General Information CSV: facility name, address, city, state, ZIP code, county, phone, hospital type, ownership and emergency services flag. Hospital type: Psychiatric. Ownership: Government - State. Emergency services listed by CMS: No. Coordinates from the U.S. Census Bureau batch geocoder (Non_Exact address match). CMS quality ratings and measures were intentionally not copied. Daily hours, prices and insurance details were not supplied by this intake.",334004,Hospital General Information,2026-07-02,2026-07-02,needs_review,
cms-334009,NEW YORK STATE PSYCHIATRIC INSTITUTE,hospital,722 W 168TH ST,NEW YORK,NY,NEW YORK,10032,40.842710383346,-73.943116992146,(212) 543-5000,,CMS Hospital General Information,https://data.cms.gov/provider-data/dataset/xubh-q36u,2026-07-02,"Fields copied from the official CMS Hospital General Information CSV: facility name, address, city, state, ZIP code, county, phone, hospital type, ownership and emergency services flag. Hospital type: Psychiatric. Ownership: Government - State. Emergency services listed by CMS: No. Coordinates from the U.S. Census Bureau batch geocoder (Exact address match). CMS quality ratings and measures were intentionally not copied. Daily hours, prices and insurance details were not supplied by this intake.",334009,Hospital General Information,2026-07-02,2026-07-02,needs_review,
cms-334012,GREATER BINGHAMTON HEALTH CENTER,hospital,425 ROBINSON ST,BINGHAMTON,NY,BROOME,13901,42.107910488485,-75.866467632528,(607) 724-1391,Emergency services,CMS Hospital General Information,https://data.cms.gov/provider-data/dataset/xubh-q36u,2026-07-02,"Fields copied from the official CMS Hospital General Information CSV: facility name, address, city, state, ZIP code, county, phone, hospital type, ownership and emergency services flag. Hospital type: Psychiatric. Ownership: Government - State. Emergency services listed by CMS: Yes. Coordinates from the U.S. Census Bureau batch geocoder (Non_Exact address match). CMS quality ratings and measures were intentionally not copied. Daily hours, prices and insurance details were not supplied by this intake.",334012,Hospital General Information,2026-07-02,2026-07-02,needs_review,"{""services"":{""field"":""services"",""status"":""source_backed"",""sourceUrl"":""https://data.cms.gov/provider-data/dataset/xubh-q36u"",""sourceTitle"":""CMS Hospital General Information"",""checkedDate"":""2026-07-02"",""sourceType"":""federal_open_data"",""locationSpecific"":true,""reviewerNote"":""Emergency services flag copied from the official CMS Hospital General Information row for this facility.""}}"
cms-334013,PILGRIM PSYCHIATRIC CENTER,hospital,998 CROOKED HILL ROAD,WEST BRENTWOOD,NY,SUFFOLK,11717,40.799774802475,-73.281092808816,(631) 761-3500,,CMS Hospital General Information,https://data.cms.gov/provider-data/dataset/xubh-q36u,2026-07-02,"Fields copied from the official CMS Hospital General Information CSV: facility name, address, city, state, ZIP code, county, phone, hospital type, ownership and emergency services flag. Hospital type: Psychiatric. Ownership: Government - State. Emergency services listed by CMS: No. Coordinates from the U.S. Census Bureau batch geocoder (Exact address match). CMS quality ratings and measures were intentionally not copied. Daily hours, prices and insurance details were not supplied by this intake.",334013,Hospital General Information,2026-07-02,2026-07-02,needs_review,
cms-334015,ROCKLAND PSYCH CTR,hospital,140 OLD ORANGEBURG RD,ORANGEBURG,NY,ROCKLAND,10962,41.044285715973,-73.973951917924,(845) 359-1000,,CMS Hospital General Information,https://data.cms.gov/provider-data/dataset/xubh-q36u,2026-07-02,"Fields copied from the official CMS Hospital General Information CSV: facility name, address, city, state, ZIP code, county, phone, hospital type, ownership and emergency services flag. Hospital type: Psychiatric. Ownership: Government - State. Emergency services listed by CMS: No. Coordinates from the U.S. Census Bureau batch geocoder (Exact address match). CMS quality ratings and measures were intentionally not copied. Daily hours, prices and insurance details were not supplied by this intake.",334015,Hospital General Information,2026-07-02,2026-07-02,needs_review,
cms-334020,ROCHESTER PSYCHIATRIC CENTER,hospital,1600 SOUTH AVE,ROCHESTER,NY,MONROE,14620,43.124102273064,-77.614518806785,(585) 241-1200,Emergency services,CMS Hospital General Information,https://data.cms.gov/provider-data/dataset/xubh-q36u,2026-07-02,"Fields copied from the official CMS Hospital General Information CSV: facility name, address, city, state, ZIP code, county, phone, hospital type, ownership and emergency services flag. Hospital type: Psychiatric. Ownership: Government - State. Emergency services listed by CMS: Yes. Coordinates from the U.S. Census Bureau batch geocoder (Exact address match). CMS quality ratings and measures were intentionally not copied. Daily hours, prices and insurance details were not supplied by this intake.",334020,Hospital General Information,2026-07-02,2026-07-02,needs_review,"{""services"":{""field"":""services"",""status"":""source_backed"",""sourceUrl"":""https://data.cms.gov/provider-data/dataset/xubh-q36u"",""sourceTitle"":""CMS Hospital General Information"",""checkedDate"":""2026-07-02"",""sourceType"":""federal_open_data"",""locationSpecific"":true,""reviewerNote"":""Emergency services flag copied from the official CMS Hospital General Information row for this facility.""}}"
cms-334021,MOHAWK VALLEY PSYCHIATRIC CENTER,hospital,1400 NOYES ST,UTICA,NY,ONEIDA,13502,43.10080017377,-75.257272131,(315) 797-6800,Emergency services,CMS Hospital General Information,https://data.cms.gov/provider-data/dataset/xubh-q36u,2026-07-02,"Fields copied from the official CMS Hospital General Information CSV: facility name, address, city, state, ZIP code, county, phone, hospital type, ownership and emergency services flag. Hospital type: Psychiatric. Ownership: Government - State. Emergency services listed by CMS: Yes. Coordinates from the U.S. Census Bureau batch geocoder (Exact address match). CMS quality ratings and measures were intentionally not copied. Daily hours, prices and insurance details were not supplied by this intake.",334021,Hospital General Information,2026-07-02,2026-07-02,needs_review,"{""services"":{""field"":""services"",""status"":""source_backed"",""sourceUrl"":""https://data.cms.gov/provider-data/dataset/xubh-q36u"",""sourceTitle"":""CMS Hospital General Information"",""checkedDate"":""2026-07-02"",""sourceType"":""federal_open_data"",""locationSpecific"":true,""reviewerNote"":""Emergency services flag copied from the official CMS Hospital General Information row for this facility.""}}"
cms-334022,BRYLIN HOSP,hospital,1263 DELAWARE AVE,BUFFALO,NY,ERIE,14209,42.9183370944,-78.868318911224,(716) 886-8200,,CMS Hospital General Information,https://data.cms.gov/provider-data/dataset/xubh-q36u,2026-07-02,"Fields copied from the official CMS Hospital General Information CSV: facility name, address, city, state, ZIP code, county, phone, hospital type, ownership and emergency services flag. Hospital type: Psychiatric. Ownership: Proprietary. Emergency services listed by CMS: No. Coordinates from the U.S. Census Bureau batch geocoder (Exact address match). CMS quality ratings and measures were intentionally not copied. Daily hours, prices and insurance details were not supplied by this intake.",334022,Hospital General Information,2026-07-02,2026-07-02,needs_review,
cms-334026,"BRUNSWICK HOSPITAL CENTER, INC.",hospital,81 LOUDEN AVE,AMITYVILLE,NY,SUFFOLK,11701,40.683904444413,-73.420578871781,(516) 789-7000,,CMS Hospital General Information,https://data.cms.gov/provider-data/dataset/xubh-q36u,2026-07-02,"Fields copied from the official CMS Hospital General Information CSV: facility name, address, city, state, ZIP code, county, phone, hospital type, ownership and emergency services flag. Hospital type: Psychiatric. Ownership: Proprietary. Emergency services listed by CMS: No. Coordinates from the U.S. Census Bureau batch geocoder (Exact address match). CMS quality ratings and measures were intentionally not copied. Daily hours, prices and insurance details were not supplied by this intake.",334026,Hospital General Information,2026-07-02,2026-07-02,needs_review,
cms-334027,SOUTH OAKS HOSP,hospital,400 SUNRISE HIGHWAY,AMITYVILLE,NY,SUFFOLK,11701,40.688191646204,-73.413483143186,(516) 264-4000,,CMS Hospital General Information,https://data.cms.gov/provider-data/dataset/xubh-q36u,2026-07-02,"Fields copied from the official CMS Hospital General Information CSV: facility name, address, city, state, ZIP code, county, phone, hospital type, ownership and emergency services flag. Hospital type: Psychiatric. Ownership: Voluntary non-profit - Private. Emergency services listed by CMS: No. Coordinates from the U.S. Census Bureau batch geocoder (Exact address match). CMS quality ratings and measures were intentionally not copied. Daily hours, prices and insurance details were not supplied by this intake.",334027,Hospital General Information,2026-07-02,2026-07-02,needs_review,
cms-334043,SOUTH BEACH PSYCHIATRIC CENTER,hospital,777 SEAVIEW AVE,STATEN ISLAND,NY,RICHMOND,10305,40.580738196144,-74.080538904625,(718) 667-2300,,CMS Hospital General Information,https://data.cms.gov/provider-data/dataset/xubh-q36u,2026-07-02,"Fields copied from the official CMS Hospital General Information CSV: facility name, address, city, state, ZIP code, county, phone, hospital type, ownership and emergency services flag. Hospital type: Psychiatric. Ownership: Government - State. Emergency services listed by CMS: No. Coordinates from the U.S. Census Bureau batch geocoder (Exact address match). CMS quality ratings and measures were intentionally not copied. Daily hours, prices and insurance details were not supplied by this intake.",334043,Hospital General Information,2026-07-02,2026-07-02,needs_review,
cms-334046,CAPITAL DISTRICT PSYCH CENTER,hospital,75 NEW SCOTLAND AVE,ALBANY,NY,ALBANY,12208,42.652828715679,-73.781555569164,(845) 398-5566,,CMS Hospital General Information,https://data.cms.gov/provider-data/dataset/xubh-q36u,2026-07-02,"Fields copied from the official CMS Hospital General Information CSV: facility name, address, city, state, ZIP code, county, phone, hospital type, ownership and emergency services flag. Hospital type: Psychiatric. Ownership: Government - State. Emergency services listed by CMS: No. Coordinates from the U.S. Census Bureau batch geocoder (Exact address match). CMS quality ratings and measures were intentionally not copied. Daily hours, prices and insurance details were not supplied by this intake.",334046,Hospital General Information,2026-07-02,2026-07-02,needs_review,
cms-334048,GRACIE SQUARE HOSP,hospital,420 EAST 76 ST,NEW YORK,NY,NEW YORK,10021,40.770042414561,-73.953449940876,(212) 434-5322,,CMS Hospital General Information,https://data.cms.gov/provider-data/dataset/xubh-q36u,2026-07-02,"Fields copied from the official CMS Hospital General Information CSV: facility name, address, city, state, ZIP code, county, phone, hospital type, ownership and emergency services flag. Hospital type: Psychiatric. Ownership: Voluntary non-profit - Private. Emergency services listed by CMS: No. Coordinates from the U.S. Census Bureau batch geocoder (Exact address match). CMS quality ratings and measures were intentionally not copied. Daily hours, prices and insurance details were not supplied by this intake.",334048,Hospital General Information,2026-07-02,2026-07-02,needs_review,
cms-334049,FOUR WINDS OF SARATOGA,hospital,30 CRESCENT AVE,SARATOGA SPRINGS,NY,SARATOGA,12866,43.058604882941,-73.786456347171,(518) 584-3600,Emergency services,CMS Hospital General Information,https://data.cms.gov/provider-data/dataset/xubh-q36u,2026-07-02,"Fields copied from the official CMS Hospital General Information CSV: facility name, address, city, state, ZIP code, county, phone, hospital type, ownership and emergency services flag. Hospital type: Psychiatric. Ownership: Proprietary. Emergency services listed by CMS: Yes. Coordinates from the U.S. Census Bureau batch geocoder (Exact address match). CMS quality ratings and measures were intentionally not copied. Daily hours, prices and insurance details were not supplied by this intake.",334049,Hospital General Information,2026-07-02,2026-07-02,needs_review,"{""services"":{""field"":""services"",""status"":""source_backed"",""sourceUrl"":""https://data.cms.gov/provider-data/dataset/xubh-q36u"",""sourceTitle"":""CMS Hospital General Information"",""checkedDate"":""2026-07-02"",""sourceType"":""federal_open_data"",""locationSpecific"":true,""reviewerNote"":""Emergency services flag copied from the official CMS Hospital General Information row for this facility.""}}"
cms-334052,BUFFALO PSYCHIATRIC CENTER,hospital,400 FOREST AVE,BUFFALO,NY,ERIE,14213,42.927924816698,-78.881264587551,(716) 885-2261,,CMS Hospital General Information,https://data.cms.gov/provider-data/dataset/xubh-q36u,2026-07-02,"Fields copied from the official CMS Hospital General Information CSV: facility name, address, city, state, ZIP code, county, phone, hospital type, ownership and emergency services flag. Hospital type: Psychiatric. Ownership: Government - State. Emergency services listed by CMS: No. Coordinates from the U.S. Census Bureau batch geocoder (Exact address match). CMS quality ratings and measures were intentionally not copied. Daily hours, prices and insurance details were not supplied by this intake.",334052,Hospital General Information,2026-07-02,2026-07-02,needs_review,
cms-334053,BRONX PSYCHIATRIC CENTER,hospital,1500 WATERS PLACE,BRONX,NY,BRONX,10461,40.845217695038,-73.840662892114,(718) 931-0600,,CMS Hospital General Information,https://data.cms.gov/provider-data/dataset/xubh-q36u,2026-07-02,"Fields copied from the official CMS Hospital General Information CSV: facility name, address, city, state, ZIP code, county, phone, hospital type, ownership and emergency services flag. Hospital type: Psychiatric. Ownership: Government - State. Emergency services listed by CMS: No. Coordinates from the U.S. Census Bureau batch geocoder (Exact address match). CMS quality ratings and measures were intentionally not copied. Daily hours, prices and insurance details were not supplied by this intake.",334053,Hospital General Information,2026-07-02,2026-07-02,needs_review,
cms-334054,MANHATTAN PSYCHIATRIC CENTER,hospital,600 E 125TH STREET,NEW YORK,NY,NEW YORK,10035,40.801675647801,-73.93116754655,(646) 672-6767,,CMS Hospital General Information,https://data.cms.gov/provider-data/dataset/xubh-q36u,2026-07-02,"Fields copied from the official CMS Hospital General Information CSV: facility name, address, city, state, ZIP code, county, phone, hospital type, ownership and emergency services flag. Hospital type: Psychiatric. Ownership: Government - State. Emergency services listed by CMS: No. Coordinates from the U.S. Census Bureau batch geocoder (Exact address match). CMS quality ratings and measures were intentionally not copied. Daily hours, prices and insurance details were not supplied by this intake.",334054,Hospital General Information,2026-07-02,2026-07-02,needs_review,
cms-334063,KINGSBORO PSYCHIATRIC HOSPITAL,hospital,681 CLARKSON AVENUE,BROOKLYN,NY,KINGS,11203,40.656402215898,-73.935007866611,(718) 221-7395,,CMS Hospital General Information,https://data.cms.gov/provider-data/dataset/xubh-q36u,2026-07-02,"Fields copied from the official CMS Hospital General Information CSV: facility name, address, city, state, ZIP code, county, phone, hospital type, ownership and emergency services flag. Hospital type: Psychiatric. Ownership: Government - State. Emergency services listed by CMS: No. Coordinates from the U.S. Census Bureau batch geocoder (Exact address match). CMS quality ratings and measures were intentionally not copied. Daily hours, prices and insurance details were not supplied by this intake.",334063,Hospital General Information,2026-07-02,2026-07-02,needs_review,
cms-334064,SAGAMORE CHILDRENS PSYCHIATRIC CENTER,hospital,197 HALF HOLLOW ROAD,DIX HILLS,NY,SUFFOLK,11746,40.786872953473,-73.394444425428,(631) 370-1701,,CMS Hospital General Information,https://data.cms.gov/provider-data/dataset/xubh-q36u,2026-07-02,"Fields copied from the official CMS Hospital General Information CSV: facility name, address, city, state, ZIP code, county, phone, hospital type, ownership and emergency services flag. Hospital type: Psychiatric. Ownership: Government - State. Emergency services listed by CMS: No. Coordinates from the U.S. Census Bureau batch geocoder (Exact address match). CMS quality ratings and measures were intentionally not copied. Daily hours, prices and insurance details were not supplied by this intake.",334064,Hospital General Information,2026-07-02,2026-07-02,needs_review,
cms-334066,Rockland Childrens Psychiatric Center,hospital,2 FIRST AVE,ORANGEBURG,NY,ROCKLAND,10962,41.048031747247,-73.973986230012,(845) 680-8004,,CMS Hospital General Information,https://data.cms.gov/provider-data/dataset/xubh-q36u,2026-07-02,"Fields copied from the official CMS Hospital General Information CSV: facility name, address, city, state, ZIP code, county, phone, hospital type, ownership and emergency services flag. Hospital type: Psychiatric. Ownership: Government - State. Emergency services listed by CMS: No. Coordinates from the U.S. Census Bureau batch geocoder (Exact address match). CMS quality ratings and measures were intentionally not copied. Daily hours, prices and insurance details were not supplied by this intake.",334066,Hospital General Information,2026-07-02,2026-07-02,needs_review,
cms-334067,NEW YORK CITY CHILDRENS PSYCH CENTER,hospital,7403 COMMONWEALTH BLVD,BELLEROSE,NY,QUEENS,11426,40.746930036001,-73.727914781289,(718) 692-2543,,CMS Hospital General Information,https://data.cms.gov/provider-data/dataset/xubh-q36u,2026-07-02,"Fields copied from the official CMS Hospital General Information CSV: facility name, address, city, state, ZIP code, county, phone, hospital type, ownership and emergency services flag. Hospital type: Psychiatric. Ownership: Government - State. Emergency services listed by CMS: No. Coordinates from the U.S. Census Bureau batch geocoder (Exact address match). CMS quality ratings and measures were intentionally not copied. Daily hours, prices and insurance details were not supplied by this intake.",334067,Hospital General Information,2026-07-02,2026-07-02,needs_review,
cms-334068,CLAXTON-HEPBURN MEDICAL CENTER,hospital,214 KING STREET,OGDENSBURG,NY,ST. LAWRENCE,13669,44.692134353032,-75.49956396223,(315) 713-5210,,CMS Hospital General Information,https://data.cms.gov/provider-data/dataset/xubh-q36u,2026-07-02,"Fields copied from the official CMS Hospital General Information CSV: facility name, address, city, state, ZIP code, county, phone, hospital type, ownership and emergency services flag. Hospital type: Psychiatric. Ownership: Voluntary non-profit - Private. Emergency services listed by CMS: No. Coordinates from the U.S. Census Bureau batch geocoder (Exact address match). CMS quality ratings and measures were intentionally not copied. Daily hours, prices and insurance details were not supplied by this intake.",334068,Hospital General Information,2026-07-02,2026-07-02,needs_review,
